?s	?sLabel	?type	?typeLabel	?prop	?propLabel	?jwiki
<http://www.wikidata.org/entity/Q17>	"日本"@ja	<http://www.wikidata.org/entity/Q113489728>	"OECD加盟国"@ja	<http://www.wikidata.org/entity/P131>	"位置する行政区画"@ja	<https://ja.wikipedia.org/wiki/%E6%97%A5%E6%9C%AC>
<http://www.wikidata.org/entity/Q17>	"日本"@ja	<http://www.wikidata.org/entity/Q113489728>	"OECD加盟国"@ja	<http://www.wikidata.org/entity/P17>	"国"@ja	<https://ja.wikipedia.org/wiki/%E6%97%A5%E6%9C%AC>
<http://www.wikidata.org/entity/Q17>	"日本"@ja	<http://www.wikidata.org/entity/Q3624078>	"主権国家"@ja	<http://www.wikidata.org/entity/P131>	"位置する行政区画"@ja	<https://ja.wikipedia.org/wiki/%E6%97%A5%E6%9C%AC>
<http://www.wikidata.org/entity/Q17>	"日本"@ja	<http://www.wikidata.org/entity/Q3624078>	"主権国家"@ja	<http://www.wikidata.org/entity/P17>	"国"@ja	<https://ja.wikipedia.org/wiki/%E6%97%A5%E6%9C%AC>
<http://www.wikidata.org/entity/Q17>	"日本"@ja	<http://www.wikidata.org/entity/Q112099>	"島国"@ja	<http://www.wikidata.org/entity/P131>	"位置する行政区画"@ja	<https://ja.wikipedia.org/wiki/%E6%97%A5%E6%9C%AC>
<http://www.wikidata.org/entity/Q17>	"日本"@ja	<http://www.wikidata.org/entity/Q112099>	"島国"@ja	<http://www.wikidata.org/entity/P17>	"国"@ja	<https://ja.wikipedia.org/wiki/%E6%97%A5%E6%9C%AC>
<http://www.wikidata.org/entity/Q17>	"日本"@ja	<http://www.wikidata.org/entity/Q6256>	"国"@ja	<http://www.wikidata.org/entity/P131>	"位置する行政区画"@ja	<https://ja.wikipedia.org/wiki/%E6%97%A5%E6%9C%AC>
<http://www.wikidata.org/entity/Q17>	"日本"@ja	<http://www.wikidata.org/entity/Q6256>	"国"@ja	<http://www.wikidata.org/entity/P17>	"国"@ja	<https://ja.wikipedia.org/wiki/%E6%97%A5%E6%9C%AC>
<http://www.wikidata.org/entity/Q771>	"マサチューセッツ州"@ja	<http://www.wikidata.org/entity/Q35657>	"アメリカ合衆国の州"@ja	<http://www.wikidata.org/entity/P190>	"姉妹都市"@ja	<https://ja.wikipedia.org/wiki/%E3%83%9E%E3%82%B5%E3%83%81%E3%83%A5%E3%83%BC%E3%82%BB%E3%83%83%E3%83%84%E5%B7%9E>
<http://www.wikidata.org/entity/Q159>	"ロシア"@ja	<http://www.wikidata.org/entity/Q3624078>	"主権国家"@ja	<http://www.wikidata.org/entity/P47>	"隣の国又は行政区画"@ja	<https://ja.wikipedia.org/wiki/%E3%83%AD%E3%82%B7%E3%82%A2>
<http://www.wikidata.org/entity/Q159>	"ロシア"@ja	<http://www.wikidata.org/entity/Q1323642>	"複数の大陸に跨がる国"@ja	<http://www.wikidata.org/entity/P47>	"隣の国又は行政区画"@ja	<https://ja.wikipedia.org/wiki/%E3%83%AD%E3%82%B7%E3%82%A2>
<http://www.wikidata.org/entity/Q159>	"ロシア"@ja	<http://www.wikidata.org/entity/Q859563>	"世俗国家"@ja	<http://www.wikidata.org/entity/P47>	"隣の国又は行政区画"@ja	<https://ja.wikipedia.org/wiki/%E3%83%AD%E3%82%B7%E3%82%A2>
<http://www.wikidata.org/entity/Q159>	"ロシア"@ja	<http://www.wikidata.org/entity/Q43702>	"連邦"@ja	<http://www.wikidata.org/entity/P47>	"隣の国又は行政区画"@ja	<https://ja.wikipedia.org/wiki/%E3%83%AD%E3%82%B7%E3%82%A2>
<http://www.wikidata.org/entity/Q159>	"ロシア"@ja	<http://www.wikidata.org/entity/Q6256>	"国"@ja	<http://www.wikidata.org/entity/P47>	"隣の国又は行政区画"@ja	<https://ja.wikipedia.org/wiki/%E3%83%AD%E3%82%B7%E3%82%A2>
<http://www.wikidata.org/entity/Q35581>	"北海道"@ja	<http://www.wikidata.org/entity/Q17308006>	"日本の島"@ja	<http://www.wikidata.org/entity/P1889>	"以下と異なる"@ja	<https://ja.wikipedia.org/wiki/%E5%8C%97%E6%B5%B7%E9%81%93>
<http://www.wikidata.org/entity/Q35581>	"北海道"@ja	<http://www.wikidata.org/entity/Q17308006>	"日本の島"@ja	<http://www.wikidata.org/entity/P706>	"位置する地形"@ja	<https://ja.wikipedia.org/wiki/%E5%8C%97%E6%B5%B7%E9%81%93>
<http://www.wikidata.org/entity/Q16520>	"釜山広域市"@ja	<http://www.wikidata.org/entity/Q50330360>	"国内で人口2位の都市"@ja	<http://www.wikidata.org/entity/P190>	"姉妹都市"@ja	<https://ja.wikipedia.org/wiki/%E9%87%9C%E5%B1%B1%E5%BA%83%E5%9F%9F%E5%B8%82>
<http://www.wikidata.org/entity/Q16520>	"釜山広域市"@ja	<http://www.wikidata.org/entity/Q2264924>	"港湾都市"@ja	<http://www.wikidata.org/entity/P190>	"姉妹都市"@ja	<https://ja.wikipedia.org/wiki/%E9%87%9C%E5%B1%B1%E5%BA%83%E5%9F%9F%E5%B8%82>
<http://www.wikidata.org/entity/Q16520>	"釜山広域市"@ja	<http://www.wikidata.org/entity/Q1637706>	"100万都市"@ja	<http://www.wikidata.org/entity/P190>	"姉妹都市"@ja	<https://ja.wikipedia.org/wiki/%E9%87%9C%E5%B1%B1%E5%BA%83%E5%9F%9F%E5%B8%82>
<http://www.wikidata.org/entity/Q16520>	"釜山広域市"@ja	<http://www.wikidata.org/entity/Q570116>	"観光地"@ja	<http://www.wikidata.org/entity/P190>	"姉妹都市"@ja	<https://ja.wikipedia.org/wiki/%E9%87%9C%E5%B1%B1%E5%BA%83%E5%9F%9F%E5%B8%82>
<http://www.wikidata.org/entity/Q16520>	"釜山広域市"@ja	<http://www.wikidata.org/entity/Q482821>	"広域市"@ja	<http://www.wikidata.org/entity/P190>	"姉妹都市"@ja	<https://ja.wikipedia.org/wiki/%E9%87%9C%E5%B1%B1%E5%BA%83%E5%9F%9F%E5%B8%82>
<http://www.wikidata.org/entity/Q16520>	"釜山広域市"@ja	<http://www.wikidata.org/entity/Q200250>	"メトロポリス"@ja	<http://www.wikidata.org/entity/P190>	"姉妹都市"@ja	<https://ja.wikipedia.org/wiki/%E9%87%9C%E5%B1%B1%E5%BA%83%E5%9F%9F%E5%B8%82>
<http://www.wikidata.org/entity/Q16520>	"釜山広域市"@ja	<http://www.wikidata.org/entity/Q515>	"都市"@ja	<http://www.wikidata.org/entity/P190>	"姉妹都市"@ja	<https://ja.wikipedia.org/wiki/%E9%87%9C%E5%B1%B1%E5%BA%83%E5%9F%9F%E5%B8%82>
<http://www.wikidata.org/entity/Q19206>	"黒竜江省"@ja	<http://www.wikidata.org/entity/Q1615742>	"中華人民共和国の省"@ja	<http://www.wikidata.org/entity/P190>	"姉妹都市"@ja	<https://ja.wikipedia.org/wiki/%E9%BB%92%E7%AB%9C%E6%B1%9F%E7%9C%81>
<http://www.wikidata.org/entity/Q1054546>	"オホーツク総合振興局"@ja	<http://www.wikidata.org/entity/Q850450>	"支庁"@ja	<http://www.wikidata.org/entity/P150>	"直下の行政区画"@ja	<https://ja.wikipedia.org/wiki/%E3%82%AA%E3%83%9B%E3%83%BC%E3%83%84%E3%82%AF%E7%B7%8F%E5%90%88%E6%8C%AF%E8%88%88%E5%B1%80>
<http://www.wikidata.org/entity/Q1137454>	"十勝総合振興局"@ja	<http://www.wikidata.org/entity/Q850450>	"支庁"@ja	<http://www.wikidata.org/entity/P150>	"直下の行政区画"@ja	<https://ja.wikipedia.org/wiki/%E5%8D%81%E5%8B%9D%E7%B7%8F%E5%90%88%E6%8C%AF%E8%88%88%E5%B1%80>
<http://www.wikidata.org/entity/Q1137954>	"日高振興局"@ja	<http://www.wikidata.org/entity/Q850450>	"支庁"@ja	<http://www.wikidata.org/entity/P150>	"直下の行政区画"@ja	<https://ja.wikipedia.org/wiki/%E6%97%A5%E9%AB%98%E6%8C%AF%E8%88%88%E5%B1%80>
<http://www.wikidata.org/entity/Q1141552>	"胆振総合振興局"@ja	<http://www.wikidata.org/entity/Q850450>	"支庁"@ja	<http://www.wikidata.org/entity/P150>	"直下の行政区画"@ja	<https://ja.wikipedia.org/wiki/%E8%83%86%E6%8C%AF%E7%B7%8F%E5%90%88%E6%8C%AF%E8%88%88%E5%B1%80>
<http://www.wikidata.org/entity/Q1141563>	"釧路総合振興局"@ja	<http://www.wikidata.org/entity/Q850450>	"支庁"@ja	<http://www.wikidata.org/entity/P150>	"直下の行政区画"@ja	<https://ja.wikipedia.org/wiki/%E9%87%A7%E8%B7%AF%E7%B7%8F%E5%90%88%E6%8C%AF%E8%88%88%E5%B1%80>
<http://www.wikidata.org/entity/Q1142537>	"檜山振興局"@ja	<http://www.wikidata.org/entity/Q850450>	"支庁"@ja	<http://www.wikidata.org/entity/P150>	"直下の行政区画"@ja	<https://ja.wikipedia.org/wiki/%E6%AA%9C%E5%B1%B1%E6%8C%AF%E8%88%88%E5%B1%80>
<http://www.wikidata.org/entity/Q1151431>	"根室振興局"@ja	<http://www.wikidata.org/entity/Q850450>	"支庁"@ja	<http://www.wikidata.org/entity/P150>	"直下の行政区画"@ja	<https://ja.wikipedia.org/wiki/%E6%A0%B9%E5%AE%A4%E6%8C%AF%E8%88%88%E5%B1%80>
<http://www.wikidata.org/entity/Q1151453>	"留萌振興局"@ja	<http://www.wikidata.org/entity/Q850450>	"支庁"@ja	<http://www.wikidata.org/entity/P150>	"直下の行政区画"@ja	<https://ja.wikipedia.org/wiki/%E7%95%99%E8%90%8C%E6%8C%AF%E8%88%88%E5%B1%80>
<http://www.wikidata.org/entity/Q233588>	"チエンマイ県"@ja	<http://www.wikidata.org/entity/Q50198>	"チャンワット"@ja	<http://www.wikidata.org/entity/P190>	"姉妹都市"@ja	<https://ja.wikipedia.org/wiki/%E3%83%81%E3%82%A8%E3%83%B3%E3%83%9E%E3%82%A4%E7%9C%8C>
<http://www.wikidata.org/entity/Q634975>	"ハマナス"@ja	<http://www.wikidata.org/entity/Q16521>	"タクソン"@ja	<http://www.wikidata.org/entity/P2238>	"公式シンボル"@ja	<https://ja.wikipedia.org/wiki/%E3%83%8F%E3%83%9E%E3%83%8A%E3%82%B9>
<http://www.wikidata.org/entity/Q664551>	"後志総合振興局"@ja	<http://www.wikidata.org/entity/Q850450>	"支庁"@ja	<http://www.wikidata.org/entity/P150>	"直下の行政区画"@ja	<https://ja.wikipedia.org/wiki/%E5%BE%8C%E5%BF%97%E7%B7%8F%E5%90%88%E6%8C%AF%E8%88%88%E5%B1%80>
<http://www.wikidata.org/entity/Q934821>	"宗谷総合振興局"@ja	<http://www.wikidata.org/entity/Q850450>	"支庁"@ja	<http://www.wikidata.org/entity/P150>	"直下の行政区画"@ja	<https://ja.wikipedia.org/wiki/%E5%AE%97%E8%B0%B7%E7%B7%8F%E5%90%88%E6%8C%AF%E8%88%88%E5%B1%80>
<http://www.wikidata.org/entity/Q944511>	"空知総合振興局"@ja	<http://www.wikidata.org/entity/Q850450>	"支庁"@ja	<http://www.wikidata.org/entity/P150>	"直下の行政区画"@ja	<https://ja.wikipedia.org/wiki/%E7%A9%BA%E7%9F%A5%E7%B7%8F%E5%90%88%E6%8C%AF%E8%88%88%E5%B1%80>
<http://www.wikidata.org/entity/Q1951>	"アルバータ州"@ja	<http://www.wikidata.org/entity/Q11828004>	"カナダの州"@ja	<http://www.wikidata.org/entity/P190>	"姉妹都市"@ja	<https://ja.wikipedia.org/wiki/%E3%82%A2%E3%83%AB%E3%83%90%E3%83%BC%E3%82%BF%E5%B7%9E>
<http://www.wikidata.org/entity/Q7041>	"UTC+9"@ja	<http://www.wikidata.org/entity/Q17272482>	"UTCとの時差で定義された標準時"@ja	<http://www.wikidata.org/entity/P421>	"標準時間帯"@ja	<https://ja.wikipedia.org/wiki/UTC%2B9>
<http://www.wikidata.org/entity/Q7797>	"サハリン州"@ja	<http://www.wikidata.org/entity/Q835714>	"ロシアの州"@ja	<http://www.wikidata.org/entity/P190>	"姉妹都市"@ja	<https://ja.wikipedia.org/wiki/%E3%82%B5%E3%83%8F%E3%83%AA%E3%83%B3%E5%B7%9E>
<http://www.wikidata.org/entity/Q7797>	"サハリン州"@ja	<http://www.wikidata.org/entity/Q835714>	"ロシアの州"@ja	<http://www.wikidata.org/entity/P47>	"隣の国又は行政区画"@ja	<https://ja.wikipedia.org/wiki/%E3%82%B5%E3%83%8F%E3%83%AA%E3%83%B3%E5%B7%9E>
<http://www.wikidata.org/entity/Q8684>	"ソウル特別市"@ja	<http://www.wikidata.org/entity/Q51929311>	"国内で人口1位の都市"@ja	<http://www.wikidata.org/entity/P190>	"姉妹都市"@ja	<https://ja.wikipedia.org/wiki/%E3%82%BD%E3%82%A6%E3%83%AB%E7%89%B9%E5%88%A5%E5%B8%82>
<http://www.wikidata.org/entity/Q8684>	"ソウル特別市"@ja	<http://www.wikidata.org/entity/Q7574799>	"韓国の特別市"@ja	<http://www.wikidata.org/entity/P190>	"姉妹都市"@ja	<https://ja.wikipedia.org/wiki/%E3%82%BD%E3%82%A6%E3%83%AB%E7%89%B9%E5%88%A5%E5%B8%82>
<http://www.wikidata.org/entity/Q8684>	"ソウル特別市"@ja	<http://www.wikidata.org/entity/Q1637706>	"100万都市"@ja	<http://www.wikidata.org/entity/P190>	"姉妹都市"@ja	<https://ja.wikipedia.org/wiki/%E3%82%BD%E3%82%A6%E3%83%AB%E7%89%B9%E5%88%A5%E5%B8%82>
<http://www.wikidata.org/entity/Q8684>	"ソウル特別市"@ja	<http://www.wikidata.org/entity/Q1549591>	"10万都市"@ja	<http://www.wikidata.org/entity/P190>	"姉妹都市"@ja	<https://ja.wikipedia.org/wiki/%E3%82%BD%E3%82%A6%E3%83%AB%E7%89%B9%E5%88%A5%E5%B8%82>
<http://www.wikidata.org/entity/Q8684>	"ソウル特別市"@ja	<http://www.wikidata.org/entity/Q200250>	"メトロポリス"@ja	<http://www.wikidata.org/entity/P190>	"姉妹都市"@ja	<https://ja.wikipedia.org/wiki/%E3%82%BD%E3%82%A6%E3%83%AB%E7%89%B9%E5%88%A5%E5%B8%82>
<http://www.wikidata.org/entity/Q8684>	"ソウル特別市"@ja	<http://www.wikidata.org/entity/Q174844>	"メガシティ"@ja	<http://www.wikidata.org/entity/P190>	"姉妹都市"@ja	<https://ja.wikipedia.org/wiki/%E3%82%BD%E3%82%A6%E3%83%AB%E7%89%B9%E5%88%A5%E5%B8%82>
<http://www.wikidata.org/entity/Q8684>	"ソウル特別市"@ja	<http://www.wikidata.org/entity/Q5119>	"首都"@ja	<http://www.wikidata.org/entity/P190>	"姉妹都市"@ja	<https://ja.wikipedia.org/wiki/%E3%82%BD%E3%82%A6%E3%83%AB%E7%89%B9%E5%88%A5%E5%B8%82>
<http://www.wikidata.org/entity/Q8684>	"ソウル特別市"@ja	<http://www.wikidata.org/entity/Q515>	"都市"@ja	<http://www.wikidata.org/entity/P190>	"姉妹都市"@ja	<https://ja.wikipedia.org/wiki/%E3%82%BD%E3%82%A6%E3%83%AB%E7%89%B9%E5%88%A5%E5%B8%82>
<http://www.wikidata.org/entity/Q71699>	"青森県"@ja	<http://www.wikidata.org/entity/Q50337>	"都道府県"@ja	<http://www.wikidata.org/entity/P47>	"隣の国又は行政区画"@ja	<https://ja.wikipedia.org/wiki/%E9%9D%92%E6%A3%AE%E7%9C%8C>
<http://www.wikidata.org/entity/Q232906>	"タンチョウ"@ja	<http://www.wikidata.org/entity/Q16521>	"タクソン"@ja	<http://www.wikidata.org/entity/P2238>	"公式シンボル"@ja	<https://ja.wikipedia.org/wiki/%E3%82%BF%E3%83%B3%E3%83%81%E3%83%A7%E3%82%A6>
<http://www.wikidata.org/entity/Q37951>	"札幌市"@ja	<http://www.wikidata.org/entity/Q65589340>	"都道府県庁所在地"@ja	<http://www.wikidata.org/entity/P36>	"行政中心地"@ja	<https://ja.wikipedia.org/wiki/%E6%9C%AD%E5%B9%8C%E5%B8%82>
<http://www.wikidata.org/entity/Q37951>	"札幌市"@ja	<http://www.wikidata.org/entity/Q11422368>	"国際会議観光都市"@ja	<http://www.wikidata.org/entity/P36>	"行政中心地"@ja	<https://ja.wikipedia.org/wiki/%E6%9C%AD%E5%B9%8C%E5%B8%82>
<http://www.wikidata.org/entity/Q37951>	"札幌市"@ja	<http://www.wikidata.org/entity/Q1749269>	"政令指定都市"@ja	<http://www.wikidata.org/entity/P36>	"行政中心地"@ja	<https://ja.wikipedia.org/wiki/%E6%9C%AD%E5%B9%8C%E5%B8%82>
<http://www.wikidata.org/entity/Q37951>	"札幌市"@ja	<http://www.wikidata.org/entity/Q1637706>	"100万都市"@ja	<http://www.wikidata.org/entity/P36>	"行政中心地"@ja	<https://ja.wikipedia.org/wiki/%E6%9C%AD%E5%B9%8C%E5%B8%82>
<http://www.wikidata.org/entity/Q37951>	"札幌市"@ja	<http://www.wikidata.org/entity/Q1549591>	"10万都市"@ja	<http://www.wikidata.org/entity/P36>	"行政中心地"@ja	<https://ja.wikipedia.org/wiki/%E6%9C%AD%E5%B9%8C%E5%B8%82>
<http://www.wikidata.org/entity/Q37951>	"札幌市"@ja	<http://www.wikidata.org/entity/Q494721>	"日本の市"@ja	<http://www.wikidata.org/entity/P36>	"行政中心地"@ja	<https://ja.wikipedia.org/wiki/%E6%9C%AD%E5%B9%8C%E5%B8%82>
<http://www.wikidata.org/entity/Q41151>	"慶尚南道"@ja	<http://www.wikidata.org/entity/Q4925355>	"大韓民国の道"@ja	<http://www.wikidata.org/entity/P190>	"姉妹都市"@ja	<https://ja.wikipedia.org/wiki/%E6%85%B6%E5%B0%9A%E5%8D%97%E9%81%93>
<http://www.wikidata.org/entity/Q50337>	"都道府県"@ja	<http://www.wikidata.org/entity/Q15617994>	"行政区画の種類"@ja	<http://www.wikidata.org/entity/P31>	"分類"@ja	<https://ja.wikipedia.org/wiki/%E9%83%BD%E9%81%93%E5%BA%9C%E7%9C%8C>
<http://www.wikidata.org/entity/Q1152333>	"上川総合振興局"@ja	<http://www.wikidata.org/entity/Q850450>	"支庁"@ja	<http://www.wikidata.org/entity/P150>	"直下の行政区画"@ja	<https://ja.wikipedia.org/wiki/%E4%B8%8A%E5%B7%9D%E7%B7%8F%E5%90%88%E6%8C%AF%E8%88%88%E5%B1%80>
<http://www.wikidata.org/entity/Q1190084>	"エゾマツ"@ja	<http://www.wikidata.org/entity/Q16521>	"タクソン"@ja	<http://www.wikidata.org/entity/P2238>	"公式シンボル"@ja	<https://ja.wikipedia.org/wiki/%E3%82%A8%E3%82%BE%E3%83%9E%E3%83%84>
<http://www.wikidata.org/entity/Q1997315>	"石狩振興局"@ja	<http://www.wikidata.org/entity/Q850450>	"支庁"@ja	<http://www.wikidata.org/entity/P150>	"直下の行政区画"@ja	<https://ja.wikipedia.org/wiki/%E7%9F%B3%E7%8B%A9%E6%8C%AF%E8%88%88%E5%B1%80>
<http://www.wikidata.org/entity/Q2226825>	"渡島総合振興局"@ja	<http://www.wikidata.org/entity/Q850450>	"支庁"@ja	<http://www.wikidata.org/entity/P150>	"直下の行政区画"@ja	<https://ja.wikipedia.org/wiki/%E6%B8%A1%E5%B3%B6%E7%B7%8F%E5%90%88%E6%8C%AF%E8%88%88%E5%B1%80>
<http://www.wikidata.org/entity/Q2271725>	"旭岳"@ja	<http://www.wikidata.org/entity/Q1330974>	"活火山"@ja	<http://www.wikidata.org/entity/P610>	"最も高い地点"@ja	<https://ja.wikipedia.org/wiki/%E6%97%AD%E5%B2%B3>
<http://www.wikidata.org/entity/Q3139212>	"北海道方言"@ja	<http://www.wikidata.org/entity/Q33384>	"方言"@ja	<http://www.wikidata.org/entity/P2936>	"使用言語"@ja	<https://ja.wikipedia.org/wiki/%E5%8C%97%E6%B5%B7%E9%81%93%E6%96%B9%E8%A8%80>
<http://www.wikidata.org/entity/Q6422558>	"Category:北海道出身の人物"@ja	<http://www.wikidata.org/entity/Q4167836>	"ウィキメディアのカテゴリ"@ja	<http://www.wikidata.org/entity/P1792>	"当地の人々のカテゴリ"@ja	<https://ja.wikipedia.org/wiki/Category:%E5%8C%97%E6%B5%B7%E9%81%93%E5%87%BA%E8%BA%AB%E3%81%AE%E4%BA%BA%E7%89%A9>
<http://www.wikidata.org/entity/Q9581573>	"Category:北海道の地図"@ja	<http://www.wikidata.org/entity/Q4167836>	"ウィキメディアのカテゴリ"@ja	<http://www.wikidata.org/entity/P7867>	"当地の地図のカテゴリ"@ja	<https://ja.wikipedia.org/wiki/Category:%E5%8C%97%E6%B5%B7%E9%81%93%E3%81%AE%E5%9C%B0%E5%9B%B3>
<http://www.wikidata.org/entity/Q10903291>	"北海道旗"@ja	<http://www.wikidata.org/entity/Q22807280>	"行政区画の旗"@ja	<http://www.wikidata.org/entity/P163>	"旗"@ja	<https://ja.wikipedia.org/wiki/%E5%8C%97%E6%B5%B7%E9%81%93%E6%97%97>
<http://www.wikidata.org/entity/Q11287110>	"北海道"@ja	<http://www.wikidata.org/entity/Q19953632>	"廃止された行政区画"@ja	<http://www.wikidata.org/entity/P1365>	"先行"@ja	<https://ja.wikipedia.org/wiki/%E5%8C%97%E6%B5%B7%E9%81%93_(%E4%BB%A4%E5%88%B6)>
<http://www.wikidata.org/entity/Q11287110>	"北海道"@ja	<http://www.wikidata.org/entity/Q718570>	"道"@ja	<http://www.wikidata.org/entity/P1365>	"先行"@ja	<https://ja.wikipedia.org/wiki/%E5%8C%97%E6%B5%B7%E9%81%93_(%E4%BB%A4%E5%88%B6)>
<http://www.wikidata.org/entity/Q11402730>	"北海道庁"@ja	<http://www.wikidata.org/entity/Q87342028>	"都道府県庁"@ja	<http://www.wikidata.org/entity/P208>	"行政府"@ja	<https://ja.wikipedia.org/wiki/%E5%8C%97%E6%B5%B7%E9%81%93%E5%BA%81>
<http://www.wikidata.org/entity/Q11402966>	"北海道立文書館"@ja	<http://www.wikidata.org/entity/Q166118>	"公文書館"@ja	<http://www.wikidata.org/entity/P485>	"アーカイブ"@ja	<https://ja.wikipedia.org/wiki/%E5%8C%97%E6%B5%B7%E9%81%93%E7%AB%8B%E6%96%87%E6%9B%B8%E9%A4%A8>
<http://www.wikidata.org/entity/Q11403065>	"北海道議会"@ja	<http://www.wikidata.org/entity/Q28362371>	"都道府県議会"@ja	<http://www.wikidata.org/entity/P194>	"立法府"@ja	<https://ja.wikipedia.org/wiki/%E5%8C%97%E6%B5%B7%E9%81%93%E8%AD%B0%E4%BC%9A>
<http://www.wikidata.org/entity/Q11649100>	"鈴木直道"@ja	<http://www.wikidata.org/entity/Q5>	"ヒト"@ja	<http://www.wikidata.org/entity/P6>	"行政府の長"@ja	<https://ja.wikipedia.org/wiki/%E9%88%B4%E6%9C%A8%E7%9B%B4%E9%81%93>
<http://www.wikidata.org/entity/Q17223908>	"光あふれて"@ja	<http://www.wikidata.org/entity/Q105543609>	"楽曲"@ja	<http://www.wikidata.org/entity/P85>	"アンセム"@ja	<https://ja.wikipedia.org/wiki/%E5%85%89%E3%81%82%E3%81%B5%E3%82%8C%E3%81%A6>
<http://www.wikidata.org/entity/Q20968488>	"北海道アイヌ語"@ja	<http://www.wikidata.org/entity/Q34770>	"言語"@ja	<http://www.wikidata.org/entity/P2936>	"使用言語"@ja	<https://ja.wikipedia.org/wiki/%E5%8C%97%E6%B5%B7%E9%81%93%E3%82%A2%E3%82%A4%E3%83%8C%E8%AA%9E>
<http://www.wikidata.org/entity/Q20968488>	"北海道アイヌ語"@ja	<http://www.wikidata.org/entity/Q33384>	"方言"@ja	<http://www.wikidata.org/entity/P2936>	"使用言語"@ja	<https://ja.wikipedia.org/wiki/%E5%8C%97%E6%B5%B7%E9%81%93%E3%82%A2%E3%82%A4%E3%83%8C%E8%AA%9E>
<http://www.wikidata.org/entity/Q8082594>	"Q8082594"	<http://www.wikidata.org/entity/Q4167836>	"ウィキメディアのカテゴリ"@ja	<http://www.wikidata.org/entity/P1464>	"当地生まれの人のカテゴリ"@ja	
<http://www.wikidata.org/entity/Q9240685>	"カテゴリ:北海道"@ja	<http://www.wikidata.org/entity/Q4167836>	"ウィキメディアのカテゴリ"@ja	<http://www.wikidata.org/entity/P910>	"主題の中心カテゴリ"@ja	
<http://www.wikidata.org/entity/Q23774089>	"北海道地方"@ja	<http://www.wikidata.org/entity/Q207520>	"日本の地域"@ja	<http://www.wikidata.org/entity/P3403>	"同一境界"@ja	
<http://www.wikidata.org/entity/Q33134383>	"北海道知事"@ja	<http://www.wikidata.org/entity/Q4164871>	"職位"@ja	<http://www.wikidata.org/entity/P1313>	"行政府の長の地位"@ja	
<http://www.wikidata.org/entity/Q63981719>	"Q63981719"	<http://www.wikidata.org/entity/Q4167836>	"ウィキメディアのカテゴリ"@ja	<http://www.wikidata.org/entity/P1465>	"当地で死んだ人のカテゴリ"@ja	
<http://www.wikidata.org/entity/Q100860772>	"北海道の経済"@ja	<http://www.wikidata.org/entity/Q100773131>	"地域経済"@ja	<http://www.wikidata.org/entity/P8744>	"主題の経済"@ja	
<http://www.wikidata.org/entity/Q104601309>	"Q104601309"	<http://www.wikidata.org/entity/Q4167836>	"ウィキメディアのカテゴリ"@ja	<http://www.wikidata.org/entity/P8989>	"景観のカテゴリ"@ja	
