?s	?sLabel	?type	?typeLabel	?prop	?propLabel	?jwiki
<http://www.wikidata.org/entity/Q17>	"日本"@ja	<http://www.wikidata.org/entity/Q113489728>	"OECD加盟国"@ja	<http://www.wikidata.org/entity/P17>	"国"@ja	<https://ja.wikipedia.org/wiki/%E6%97%A5%E6%9C%AC>
<http://www.wikidata.org/entity/Q17>	"日本"@ja	<http://www.wikidata.org/entity/Q3624078>	"主権国家"@ja	<http://www.wikidata.org/entity/P17>	"国"@ja	<https://ja.wikipedia.org/wiki/%E6%97%A5%E6%9C%AC>
<http://www.wikidata.org/entity/Q17>	"日本"@ja	<http://www.wikidata.org/entity/Q112099>	"島国"@ja	<http://www.wikidata.org/entity/P17>	"国"@ja	<https://ja.wikipedia.org/wiki/%E6%97%A5%E6%9C%AC>
<http://www.wikidata.org/entity/Q17>	"日本"@ja	<http://www.wikidata.org/entity/Q6256>	"国"@ja	<http://www.wikidata.org/entity/P17>	"国"@ja	<https://ja.wikipedia.org/wiki/%E6%97%A5%E6%9C%AC>
<http://www.wikidata.org/entity/Q666317>	"沼田市"@ja	<http://www.wikidata.org/entity/Q494721>	"日本の市"@ja	<http://www.wikidata.org/entity/P47>	"隣の国又は行政区画"@ja	<https://ja.wikipedia.org/wiki/%E6%B2%BC%E7%94%B0%E5%B8%82>
<http://www.wikidata.org/entity/Q909085>	"日本標準時"@ja	<http://www.wikidata.org/entity/Q12143>	"標準時間帯"@ja	<http://www.wikidata.org/entity/P421>	"標準時間帯"@ja	<https://ja.wikipedia.org/wiki/%E6%97%A5%E6%9C%AC%E6%A8%99%E6%BA%96%E6%99%82>
<http://www.wikidata.org/entity/Q7041>	"UTC+9"@ja	<http://www.wikidata.org/entity/Q17272482>	"UTCとの時差で定義された標準時"@ja	<http://www.wikidata.org/entity/P421>	"標準時間帯"@ja	<https://ja.wikipedia.org/wiki/UTC%2B9>
<http://www.wikidata.org/entity/Q20436>	"フォリーニョ"@ja	<http://www.wikidata.org/entity/Q747074>	"イタリアの基礎自治体"@ja	<http://www.wikidata.org/entity/P190>	"姉妹都市"@ja	<https://ja.wikipedia.org/wiki/%E3%83%95%E3%82%A9%E3%83%AA%E3%83%BC%E3%83%8B%E3%83%A7>
<http://www.wikidata.org/entity/Q201613>	"前橋市"@ja	<http://www.wikidata.org/entity/Q65589340>	"都道府県庁所在地"@ja	<http://www.wikidata.org/entity/P47>	"隣の国又は行政区画"@ja	<https://ja.wikipedia.org/wiki/%E5%89%8D%E6%A9%8B%E5%B8%82>
<http://www.wikidata.org/entity/Q201613>	"前橋市"@ja	<http://www.wikidata.org/entity/Q11422368>	"国際会議観光都市"@ja	<http://www.wikidata.org/entity/P47>	"隣の国又は行政区画"@ja	<https://ja.wikipedia.org/wiki/%E5%89%8D%E6%A9%8B%E5%B8%82>
<http://www.wikidata.org/entity/Q201613>	"前橋市"@ja	<http://www.wikidata.org/entity/Q11394721>	"内陸都市"@ja	<http://www.wikidata.org/entity/P47>	"隣の国又は行政区画"@ja	<https://ja.wikipedia.org/wiki/%E5%89%8D%E6%A9%8B%E5%B8%82>
<http://www.wikidata.org/entity/Q201613>	"前橋市"@ja	<http://www.wikidata.org/entity/Q1549591>	"10万都市"@ja	<http://www.wikidata.org/entity/P47>	"隣の国又は行政区画"@ja	<https://ja.wikipedia.org/wiki/%E5%89%8D%E6%A9%8B%E5%B8%82>
<http://www.wikidata.org/entity/Q201613>	"前橋市"@ja	<http://www.wikidata.org/entity/Q1145012>	"特例市"@ja	<http://www.wikidata.org/entity/P47>	"隣の国又は行政区画"@ja	<https://ja.wikipedia.org/wiki/%E5%89%8D%E6%A9%8B%E5%B8%82>
<http://www.wikidata.org/entity/Q201613>	"前橋市"@ja	<http://www.wikidata.org/entity/Q1137833>	"中核市"@ja	<http://www.wikidata.org/entity/P47>	"隣の国又は行政区画"@ja	<https://ja.wikipedia.org/wiki/%E5%89%8D%E6%A9%8B%E5%B8%82>
<http://www.wikidata.org/entity/Q201613>	"前橋市"@ja	<http://www.wikidata.org/entity/Q494721>	"日本の市"@ja	<http://www.wikidata.org/entity/P47>	"隣の国又は行政区画"@ja	<https://ja.wikipedia.org/wiki/%E5%89%8D%E6%A9%8B%E5%B8%82>
<http://www.wikidata.org/entity/Q201613>	"前橋市"@ja	<http://www.wikidata.org/entity/Q515>	"都市"@ja	<http://www.wikidata.org/entity/P47>	"隣の国又は行政区画"@ja	<https://ja.wikipedia.org/wiki/%E5%89%8D%E6%A9%8B%E5%B8%82>
<http://www.wikidata.org/entity/Q336438>	"高崎市"@ja	<http://www.wikidata.org/entity/Q13220204>	"第二級行政区画"@ja	<http://www.wikidata.org/entity/P47>	"隣の国又は行政区画"@ja	<https://ja.wikipedia.org/wiki/%E9%AB%98%E5%B4%8E%E5%B8%82>
<http://www.wikidata.org/entity/Q336438>	"高崎市"@ja	<http://www.wikidata.org/entity/Q1549591>	"10万都市"@ja	<http://www.wikidata.org/entity/P47>	"隣の国又は行政区画"@ja	<https://ja.wikipedia.org/wiki/%E9%AB%98%E5%B4%8E%E5%B8%82>
<http://www.wikidata.org/entity/Q336438>	"高崎市"@ja	<http://www.wikidata.org/entity/Q1137833>	"中核市"@ja	<http://www.wikidata.org/entity/P47>	"隣の国又は行政区画"@ja	<https://ja.wikipedia.org/wiki/%E9%AB%98%E5%B4%8E%E5%B8%82>
<http://www.wikidata.org/entity/Q336438>	"高崎市"@ja	<http://www.wikidata.org/entity/Q494721>	"日本の市"@ja	<http://www.wikidata.org/entity/P47>	"隣の国又は行政区画"@ja	<https://ja.wikipedia.org/wiki/%E9%AB%98%E5%B4%8E%E5%B8%82>
<http://www.wikidata.org/entity/Q967920>	"中之条町"@ja	<http://www.wikidata.org/entity/Q1059478>	"日本の町"@ja	<http://www.wikidata.org/entity/P47>	"隣の国又は行政区画"@ja	<https://ja.wikipedia.org/wiki/%E4%B8%AD%E4%B9%8B%E6%9D%A1%E7%94%BA>
<http://www.wikidata.org/entity/Q1154580>	"吉岡町"@ja	<http://www.wikidata.org/entity/Q1059478>	"日本の町"@ja	<http://www.wikidata.org/entity/P47>	"隣の国又は行政区画"@ja	<https://ja.wikipedia.org/wiki/%E5%90%89%E5%B2%A1%E7%94%BA>
<http://www.wikidata.org/entity/Q1203419>	"東吾妻町"@ja	<http://www.wikidata.org/entity/Q1059478>	"日本の町"@ja	<http://www.wikidata.org/entity/P47>	"隣の国又は行政区画"@ja	<https://ja.wikipedia.org/wiki/%E6%9D%B1%E5%90%BE%E5%A6%BB%E7%94%BA>
<http://www.wikidata.org/entity/Q1203698>	"榛東村"@ja	<http://www.wikidata.org/entity/Q4174776>	"日本の村"@ja	<http://www.wikidata.org/entity/P47>	"隣の国又は行政区画"@ja	<https://ja.wikipedia.org/wiki/%E6%A6%9B%E6%9D%B1%E6%9D%91>
<http://www.wikidata.org/entity/Q1203851>	"昭和村"@ja	<http://www.wikidata.org/entity/Q4174776>	"日本の村"@ja	<http://www.wikidata.org/entity/P47>	"隣の国又は行政区画"@ja	<https://ja.wikipedia.org/wiki/%E6%98%AD%E5%92%8C%E6%9D%91_(%E7%BE%A4%E9%A6%AC%E7%9C%8C)>
<http://www.wikidata.org/entity/Q129499>	"群馬県"@ja	<http://www.wikidata.org/entity/Q50337>	"都道府県"@ja	<http://www.wikidata.org/entity/P131>	"位置する行政区画"@ja	<https://ja.wikipedia.org/wiki/%E7%BE%A4%E9%A6%AC%E7%9C%8C>
<http://www.wikidata.org/entity/Q34603>	"アーバノ・テルメ"@ja	<http://www.wikidata.org/entity/Q747074>	"イタリアの基礎自治体"@ja	<http://www.wikidata.org/entity/P190>	"姉妹都市"@ja	<https://ja.wikipedia.org/wiki/%E3%82%A2%E3%83%BC%E3%83%90%E3%83%8E%E3%83%BB%E3%83%86%E3%83%AB%E3%83%A1>
<http://www.wikidata.org/entity/Q1203891>	"高山村"@ja	<http://www.wikidata.org/entity/Q4174776>	"日本の村"@ja	<http://www.wikidata.org/entity/P47>	"隣の国又は行政区画"@ja	<https://ja.wikipedia.org/wiki/%E9%AB%98%E5%B1%B1%E6%9D%91_(%E7%BE%A4%E9%A6%AC%E7%9C%8C)>
<http://www.wikidata.org/entity/Q1658038>	"伊香保町"@ja	<http://www.wikidata.org/entity/Q18663566>	"日本の廃止市区町村"@ja	<http://www.wikidata.org/entity/P1365>	"先行"@ja	<https://ja.wikipedia.org/wiki/%E4%BC%8A%E9%A6%99%E4%BF%9D%E7%94%BA>
<http://www.wikidata.org/entity/Q4700137>	"赤城村"@ja	<http://www.wikidata.org/entity/Q18663566>	"日本の廃止市区町村"@ja	<http://www.wikidata.org/entity/P1365>	"先行"@ja	<https://ja.wikipedia.org/wiki/%E8%B5%A4%E5%9F%8E%E6%9D%91>
<http://www.wikidata.org/entity/Q5509810>	"古巻村"@ja	<http://www.wikidata.org/entity/Q18663566>	"日本の廃止市区町村"@ja	<http://www.wikidata.org/entity/P1365>	"先行"@ja	<https://ja.wikipedia.org/wiki/%E5%8F%A4%E5%B7%BB%E6%9D%91>
<http://www.wikidata.org/entity/Q6360684>	"金島村"@ja	<http://www.wikidata.org/entity/Q18663566>	"日本の廃止市区町村"@ja	<http://www.wikidata.org/entity/P1365>	"先行"@ja	<https://ja.wikipedia.org/wiki/%E9%87%91%E5%B3%B6%E6%9D%91_(%E7%BE%A4%E9%A6%AC%E7%9C%8C)>
<http://www.wikidata.org/entity/Q6417900>	"北橘村"@ja	<http://www.wikidata.org/entity/Q18663566>	"日本の廃止市区町村"@ja	<http://www.wikidata.org/entity/P1365>	"先行"@ja	<https://ja.wikipedia.org/wiki/%E5%8C%97%E6%A9%98%E6%9D%91>
<http://www.wikidata.org/entity/Q6428452>	"子持村"@ja	<http://www.wikidata.org/entity/Q18663566>	"日本の廃止市区町村"@ja	<http://www.wikidata.org/entity/P1365>	"先行"@ja	<https://ja.wikipedia.org/wiki/%E5%AD%90%E6%8C%81%E6%9D%91>
<http://www.wikidata.org/entity/Q7094459>	"小野上村"@ja	<http://www.wikidata.org/entity/Q18663566>	"日本の廃止市区町村"@ja	<http://www.wikidata.org/entity/P1365>	"先行"@ja	<https://ja.wikipedia.org/wiki/%E5%B0%8F%E9%87%8E%E4%B8%8A%E6%9D%91>
<http://www.wikidata.org/entity/Q7830641>	"豊秋村"@ja	<http://www.wikidata.org/entity/Q18663566>	"日本の廃止市区町村"@ja	<http://www.wikidata.org/entity/P1365>	"先行"@ja	<https://ja.wikipedia.org/wiki/%E8%B1%8A%E7%A7%8B%E6%9D%91_(%E7%BE%A4%E9%A6%AC%E7%9C%8C)>
<http://www.wikidata.org/entity/Q10141972>	"Category:渋川市"@ja	<http://www.wikidata.org/entity/Q4167836>	"ウィキメディアのカテゴリ"@ja	<http://www.wikidata.org/entity/P910>	"主題の中心カテゴリ"@ja	<https://ja.wikipedia.org/wiki/Category:%E6%B8%8B%E5%B7%9D%E5%B8%82>
<http://www.wikidata.org/entity/Q11561590>	"渋川町"@ja	<http://www.wikidata.org/entity/Q18663566>	"日本の廃止市区町村"@ja	<http://www.wikidata.org/entity/P1365>	"先行"@ja	<https://ja.wikipedia.org/wiki/%E6%B8%8B%E5%B7%9D%E7%94%BA>
<http://www.wikidata.org/entity/Q494721>	"日本の市"@ja	<http://www.wikidata.org/entity/Q15617994>	"行政区画の種類"@ja	<http://www.wikidata.org/entity/P31>	"分類"@ja	
<http://www.wikidata.org/entity/Q65619024>	"Q65619024"	<http://www.wikidata.org/entity/Q4167836>	"ウィキメディアのカテゴリ"@ja	<http://www.wikidata.org/entity/P1464>	"当地生まれの人のカテゴリ"@ja	
