?s	?sLabel	?type	?typeLabel	?prop	?propLabel	?jwiki
<http://www.wikidata.org/entity/Q17>	"日本"@ja	<http://www.wikidata.org/entity/Q113489728>	"OECD加盟国"@ja	<http://www.wikidata.org/entity/P17>	"国"@ja	<https://ja.wikipedia.org/wiki/%E6%97%A5%E6%9C%AC>
<http://www.wikidata.org/entity/Q17>	"日本"@ja	<http://www.wikidata.org/entity/Q3624078>	"主権国家"@ja	<http://www.wikidata.org/entity/P17>	"国"@ja	<https://ja.wikipedia.org/wiki/%E6%97%A5%E6%9C%AC>
<http://www.wikidata.org/entity/Q17>	"日本"@ja	<http://www.wikidata.org/entity/Q112099>	"島国"@ja	<http://www.wikidata.org/entity/P17>	"国"@ja	<https://ja.wikipedia.org/wiki/%E6%97%A5%E6%9C%AC>
<http://www.wikidata.org/entity/Q17>	"日本"@ja	<http://www.wikidata.org/entity/Q6256>	"国"@ja	<http://www.wikidata.org/entity/P17>	"国"@ja	<https://ja.wikipedia.org/wiki/%E6%97%A5%E6%9C%AC>
<http://www.wikidata.org/entity/Q336438>	"高崎市"@ja	<http://www.wikidata.org/entity/Q13220204>	"第二級行政区画"@ja	<http://www.wikidata.org/entity/P47>	"隣の国又は行政区画"@ja	<https://ja.wikipedia.org/wiki/%E9%AB%98%E5%B4%8E%E5%B8%82>
<http://www.wikidata.org/entity/Q336438>	"高崎市"@ja	<http://www.wikidata.org/entity/Q1549591>	"10万都市"@ja	<http://www.wikidata.org/entity/P47>	"隣の国又は行政区画"@ja	<https://ja.wikipedia.org/wiki/%E9%AB%98%E5%B4%8E%E5%B8%82>
<http://www.wikidata.org/entity/Q336438>	"高崎市"@ja	<http://www.wikidata.org/entity/Q1137833>	"中核市"@ja	<http://www.wikidata.org/entity/P47>	"隣の国又は行政区画"@ja	<https://ja.wikipedia.org/wiki/%E9%AB%98%E5%B4%8E%E5%B8%82>
<http://www.wikidata.org/entity/Q336438>	"高崎市"@ja	<http://www.wikidata.org/entity/Q494721>	"日本の市"@ja	<http://www.wikidata.org/entity/P47>	"隣の国又は行政区画"@ja	<https://ja.wikipedia.org/wiki/%E9%AB%98%E5%B4%8E%E5%B8%82>
<http://www.wikidata.org/entity/Q129499>	"群馬県"@ja	<http://www.wikidata.org/entity/Q50337>	"都道府県"@ja	<http://www.wikidata.org/entity/P131>	"位置する行政区画"@ja	<https://ja.wikipedia.org/wiki/%E7%BE%A4%E9%A6%AC%E7%9C%8C>
<http://www.wikidata.org/entity/Q7041>	"UTC+9"@ja	<http://www.wikidata.org/entity/Q17272482>	"UTCとの時差で定義された標準時"@ja	<http://www.wikidata.org/entity/P421>	"標準時間帯"@ja	<https://ja.wikipedia.org/wiki/UTC%2B9>
<http://www.wikidata.org/entity/Q2123>	"レジャイナ"@ja	<http://www.wikidata.org/entity/Q21507383>	"カナダの州または準州の州都"@ja	<http://www.wikidata.org/entity/P190>	"姉妹都市"@ja	<https://ja.wikipedia.org/wiki/%E3%83%AC%E3%82%B8%E3%83%A3%E3%82%A4%E3%83%8A>
<http://www.wikidata.org/entity/Q2123>	"レジャイナ"@ja	<http://www.wikidata.org/entity/Q1549591>	"10万都市"@ja	<http://www.wikidata.org/entity/P190>	"姉妹都市"@ja	<https://ja.wikipedia.org/wiki/%E3%83%AC%E3%82%B8%E3%83%A3%E3%82%A4%E3%83%8A>
<http://www.wikidata.org/entity/Q2123>	"レジャイナ"@ja	<http://www.wikidata.org/entity/Q515>	"都市"@ja	<http://www.wikidata.org/entity/P190>	"姉妹都市"@ja	<https://ja.wikipedia.org/wiki/%E3%83%AC%E3%82%B8%E3%83%A3%E3%82%A4%E3%83%8A>
<http://www.wikidata.org/entity/Q647079>	"秩父市"@ja	<http://www.wikidata.org/entity/Q494721>	"日本の市"@ja	<http://www.wikidata.org/entity/P47>	"隣の国又は行政区画"@ja	<https://ja.wikipedia.org/wiki/%E7%A7%A9%E7%88%B6%E5%B8%82>
<http://www.wikidata.org/entity/Q671288>	"ベンド"@ja	<http://www.wikidata.org/entity/Q63440326>	"オレゴン州の市"@ja	<http://www.wikidata.org/entity/P190>	"姉妹都市"@ja	<https://ja.wikipedia.org/wiki/%E3%83%99%E3%83%B3%E3%83%89_(%E3%82%AA%E3%83%AC%E3%82%B4%E3%83%B3%E5%B7%9E)>
<http://www.wikidata.org/entity/Q671288>	"ベンド"@ja	<http://www.wikidata.org/entity/Q62049>	"郡庁所在地"@ja	<http://www.wikidata.org/entity/P190>	"姉妹都市"@ja	<https://ja.wikipedia.org/wiki/%E3%83%99%E3%83%B3%E3%83%89_(%E3%82%AA%E3%83%AC%E3%82%B4%E3%83%B3%E5%B7%9E)>
<http://www.wikidata.org/entity/Q1345287>	"上里町"@ja	<http://www.wikidata.org/entity/Q1059478>	"日本の町"@ja	<http://www.wikidata.org/entity/P47>	"隣の国又は行政区画"@ja	<https://ja.wikipedia.org/wiki/%E4%B8%8A%E9%87%8C%E7%94%BA>
<http://www.wikidata.org/entity/Q1346757>	"神川町"@ja	<http://www.wikidata.org/entity/Q1059478>	"日本の町"@ja	<http://www.wikidata.org/entity/P47>	"隣の国又は行政区画"@ja	<https://ja.wikipedia.org/wiki/%E7%A5%9E%E5%B7%9D%E7%94%BA>
<http://www.wikidata.org/entity/Q1346871>	"下仁田町"@ja	<http://www.wikidata.org/entity/Q1059478>	"日本の町"@ja	<http://www.wikidata.org/entity/P47>	"隣の国又は行政区画"@ja	<https://ja.wikipedia.org/wiki/%E4%B8%8B%E4%BB%81%E7%94%B0%E7%94%BA>
<http://www.wikidata.org/entity/Q7093948>	"鬼石町"@ja	<http://www.wikidata.org/entity/Q18663566>	"日本の廃止市区町村"@ja	<http://www.wikidata.org/entity/P1365>	"先行"@ja	<https://ja.wikipedia.org/wiki/%E9%AC%BC%E7%9F%B3%E7%94%BA>
<http://www.wikidata.org/entity/Q9377959>	"Category:藤岡市"@ja	<http://www.wikidata.org/entity/Q4167836>	"ウィキメディアのカテゴリ"@ja	<http://www.wikidata.org/entity/P910>	"主題の中心カテゴリ"@ja	<https://ja.wikipedia.org/wiki/Category:%E8%97%A4%E5%B2%A1%E5%B8%82>
<http://www.wikidata.org/entity/Q11464123>	"小野村"@ja	<http://www.wikidata.org/entity/Q18663566>	"日本の廃止市区町村"@ja	<http://www.wikidata.org/entity/P1365>	"先行"@ja	<https://ja.wikipedia.org/wiki/%E5%B0%8F%E9%87%8E%E6%9D%91_(%E7%BE%A4%E9%A6%AC%E7%9C%8C%E5%A4%9A%E9%87%8E%E9%83%A1)>
<http://www.wikidata.org/entity/Q11482012>	"平井村"@ja	<http://www.wikidata.org/entity/Q18663566>	"日本の廃止市区町村"@ja	<http://www.wikidata.org/entity/P1365>	"先行"@ja	<https://ja.wikipedia.org/wiki/%E5%B9%B3%E4%BA%95%E6%9D%91_(%E7%BE%A4%E9%A6%AC%E7%9C%8C)>
<http://www.wikidata.org/entity/Q11510600>	"日野村"@ja	<http://www.wikidata.org/entity/Q18663566>	"日本の廃止市区町村"@ja	<http://www.wikidata.org/entity/P1365>	"先行"@ja	<https://ja.wikipedia.org/wiki/%E6%97%A5%E9%87%8E%E6%9D%91_(%E7%BE%A4%E9%A6%AC%E7%9C%8C)>
<http://www.wikidata.org/entity/Q11608729>	"美九里村"@ja	<http://www.wikidata.org/entity/Q18663566>	"日本の廃止市区町村"@ja	<http://www.wikidata.org/entity/P1365>	"先行"@ja	<https://ja.wikipedia.org/wiki/%E7%BE%8E%E4%B9%9D%E9%87%8C%E6%9D%91>
<http://www.wikidata.org/entity/Q11608901>	"美土里村"@ja	<http://www.wikidata.org/entity/Q18663566>	"日本の廃止市区町村"@ja	<http://www.wikidata.org/entity/P1365>	"先行"@ja	<https://ja.wikipedia.org/wiki/%E7%BE%8E%E5%9C%9F%E9%87%8C%E6%9D%91>
<http://www.wikidata.org/entity/Q11623899>	"藤岡町"@ja	<http://www.wikidata.org/entity/Q18663566>	"日本の廃止市区町村"@ja	<http://www.wikidata.org/entity/P1365>	"先行"@ja	<https://ja.wikipedia.org/wiki/%E8%97%A4%E5%B2%A1%E7%94%BA_(%E7%BE%A4%E9%A6%AC%E7%9C%8C)>
<http://www.wikidata.org/entity/Q17175209>	"神流村"@ja	<http://www.wikidata.org/entity/Q18663566>	"日本の廃止市区町村"@ja	<http://www.wikidata.org/entity/P1365>	"先行"@ja	<https://ja.wikipedia.org/wiki/%E7%A5%9E%E6%B5%81%E6%9D%91>
<http://www.wikidata.org/entity/Q909085>	"日本標準時"@ja	<http://www.wikidata.org/entity/Q12143>	"標準時間帯"@ja	<http://www.wikidata.org/entity/P421>	"標準時間帯"@ja	<https://ja.wikipedia.org/wiki/%E6%97%A5%E6%9C%AC%E6%A8%99%E6%BA%96%E6%99%82>
<http://www.wikidata.org/entity/Q1203059>	"神流町"@ja	<http://www.wikidata.org/entity/Q1059478>	"日本の町"@ja	<http://www.wikidata.org/entity/P47>	"隣の国又は行政区画"@ja	<https://ja.wikipedia.org/wiki/%E7%A5%9E%E6%B5%81%E7%94%BA>
<http://www.wikidata.org/entity/Q1203523>	"甘楽町"@ja	<http://www.wikidata.org/entity/Q1059478>	"日本の町"@ja	<http://www.wikidata.org/entity/P47>	"隣の国又は行政区画"@ja	<https://ja.wikipedia.org/wiki/%E7%94%98%E6%A5%BD%E7%94%BA>
<http://www.wikidata.org/entity/Q1203600>	"玉村町"@ja	<http://www.wikidata.org/entity/Q1059478>	"日本の町"@ja	<http://www.wikidata.org/entity/P47>	"隣の国又は行政区画"@ja	<https://ja.wikipedia.org/wiki/%E7%8E%89%E6%9D%91%E7%94%BA>
<http://www.wikidata.org/entity/Q816736>	"津島市"@ja	<http://www.wikidata.org/entity/Q494721>	"日本の市"@ja	<http://www.wikidata.org/entity/P190>	"姉妹都市"@ja	<https://ja.wikipedia.org/wiki/%E6%B4%A5%E5%B3%B6%E5%B8%82>
<http://www.wikidata.org/entity/Q820496>	"江南市"@ja	<http://www.wikidata.org/entity/Q494721>	"日本の市"@ja	<http://www.wikidata.org/entity/P190>	"姉妹都市"@ja	<https://ja.wikipedia.org/wiki/%E6%B1%9F%E5%8D%97%E5%B8%82>
<http://www.wikidata.org/entity/Q494721>	"日本の市"@ja	<http://www.wikidata.org/entity/Q15617994>	"行政区画の種類"@ja	<http://www.wikidata.org/entity/P31>	"分類"@ja	
<http://www.wikidata.org/entity/Q113493911>	"Q113493911"	<http://www.wikidata.org/entity/Q4167836>	"ウィキメディアのカテゴリ"@ja	<http://www.wikidata.org/entity/P1464>	"当地生まれの人のカテゴリ"@ja	
