?s	?sLabel	?type	?typeLabel	?prop	?propLabel	?jwiki
<http://www.wikidata.org/entity/Q17>	"日本"@ja	<http://www.wikidata.org/entity/Q113489728>	"OECD加盟国"@ja	<http://www.wikidata.org/entity/P17>	"国"@ja	<https://ja.wikipedia.org/wiki/%E6%97%A5%E6%9C%AC>
<http://www.wikidata.org/entity/Q17>	"日本"@ja	<http://www.wikidata.org/entity/Q3624078>	"主権国家"@ja	<http://www.wikidata.org/entity/P17>	"国"@ja	<https://ja.wikipedia.org/wiki/%E6%97%A5%E6%9C%AC>
<http://www.wikidata.org/entity/Q17>	"日本"@ja	<http://www.wikidata.org/entity/Q112099>	"島国"@ja	<http://www.wikidata.org/entity/P17>	"国"@ja	<https://ja.wikipedia.org/wiki/%E6%97%A5%E6%9C%AC>
<http://www.wikidata.org/entity/Q17>	"日本"@ja	<http://www.wikidata.org/entity/Q6256>	"国"@ja	<http://www.wikidata.org/entity/P17>	"国"@ja	<https://ja.wikipedia.org/wiki/%E6%97%A5%E6%9C%AC>
<http://www.wikidata.org/entity/Q199838>	"田沼町"@ja	<http://www.wikidata.org/entity/Q18663566>	"日本の廃止市区町村"@ja	<http://www.wikidata.org/entity/P1365>	"先行"@ja	<https://ja.wikipedia.org/wiki/%E7%94%B0%E6%B2%BC%E7%94%BA>
<http://www.wikidata.org/entity/Q199838>	"田沼町"@ja	<http://www.wikidata.org/entity/Q486972>	"集落"@ja	<http://www.wikidata.org/entity/P1365>	"先行"@ja	<https://ja.wikipedia.org/wiki/%E7%94%B0%E6%B2%BC%E7%94%BA>
<http://www.wikidata.org/entity/Q201613>	"前橋市"@ja	<http://www.wikidata.org/entity/Q65589340>	"都道府県庁所在地"@ja	<http://www.wikidata.org/entity/P47>	"隣の国又は行政区画"@ja	<https://ja.wikipedia.org/wiki/%E5%89%8D%E6%A9%8B%E5%B8%82>
<http://www.wikidata.org/entity/Q201613>	"前橋市"@ja	<http://www.wikidata.org/entity/Q11422368>	"国際会議観光都市"@ja	<http://www.wikidata.org/entity/P47>	"隣の国又は行政区画"@ja	<https://ja.wikipedia.org/wiki/%E5%89%8D%E6%A9%8B%E5%B8%82>
<http://www.wikidata.org/entity/Q201613>	"前橋市"@ja	<http://www.wikidata.org/entity/Q11394721>	"内陸都市"@ja	<http://www.wikidata.org/entity/P47>	"隣の国又は行政区画"@ja	<https://ja.wikipedia.org/wiki/%E5%89%8D%E6%A9%8B%E5%B8%82>
<http://www.wikidata.org/entity/Q201613>	"前橋市"@ja	<http://www.wikidata.org/entity/Q1549591>	"10万都市"@ja	<http://www.wikidata.org/entity/P47>	"隣の国又は行政区画"@ja	<https://ja.wikipedia.org/wiki/%E5%89%8D%E6%A9%8B%E5%B8%82>
<http://www.wikidata.org/entity/Q201613>	"前橋市"@ja	<http://www.wikidata.org/entity/Q1145012>	"特例市"@ja	<http://www.wikidata.org/entity/P47>	"隣の国又は行政区画"@ja	<https://ja.wikipedia.org/wiki/%E5%89%8D%E6%A9%8B%E5%B8%82>
<http://www.wikidata.org/entity/Q201613>	"前橋市"@ja	<http://www.wikidata.org/entity/Q1137833>	"中核市"@ja	<http://www.wikidata.org/entity/P47>	"隣の国又は行政区画"@ja	<https://ja.wikipedia.org/wiki/%E5%89%8D%E6%A9%8B%E5%B8%82>
<http://www.wikidata.org/entity/Q201613>	"前橋市"@ja	<http://www.wikidata.org/entity/Q494721>	"日本の市"@ja	<http://www.wikidata.org/entity/P47>	"隣の国又は行政区画"@ja	<https://ja.wikipedia.org/wiki/%E5%89%8D%E6%A9%8B%E5%B8%82>
<http://www.wikidata.org/entity/Q201613>	"前橋市"@ja	<http://www.wikidata.org/entity/Q515>	"都市"@ja	<http://www.wikidata.org/entity/P47>	"隣の国又は行政区画"@ja	<https://ja.wikipedia.org/wiki/%E5%89%8D%E6%A9%8B%E5%B8%82>
<http://www.wikidata.org/entity/Q7041>	"UTC+9"@ja	<http://www.wikidata.org/entity/Q17272482>	"UTCとの時差で定義された標準時"@ja	<http://www.wikidata.org/entity/P421>	"標準時間帯"@ja	<https://ja.wikipedia.org/wiki/UTC%2B9>
<http://www.wikidata.org/entity/Q18021>	"ビエッラ"@ja	<http://www.wikidata.org/entity/Q747074>	"イタリアの基礎自治体"@ja	<http://www.wikidata.org/entity/P190>	"姉妹都市"@ja	<https://ja.wikipedia.org/wiki/%E3%83%93%E3%82%A8%E3%83%83%E3%83%A9>
<http://www.wikidata.org/entity/Q18021>	"ビエッラ"@ja	<http://www.wikidata.org/entity/Q515>	"都市"@ja	<http://www.wikidata.org/entity/P190>	"姉妹都市"@ja	<https://ja.wikipedia.org/wiki/%E3%83%93%E3%82%A8%E3%83%83%E3%83%A9>
<http://www.wikidata.org/entity/Q129499>	"群馬県"@ja	<http://www.wikidata.org/entity/Q50337>	"都道府県"@ja	<http://www.wikidata.org/entity/P131>	"位置する行政区画"@ja	<https://ja.wikipedia.org/wiki/%E7%BE%A4%E9%A6%AC%E7%9C%8C>
<http://www.wikidata.org/entity/Q374477>	"足利市"@ja	<http://www.wikidata.org/entity/Q1549591>	"10万都市"@ja	<http://www.wikidata.org/entity/P47>	"隣の国又は行政区画"@ja	<https://ja.wikipedia.org/wiki/%E8%B6%B3%E5%88%A9%E5%B8%82>
<http://www.wikidata.org/entity/Q374477>	"足利市"@ja	<http://www.wikidata.org/entity/Q494721>	"日本の市"@ja	<http://www.wikidata.org/entity/P47>	"隣の国又は行政区画"@ja	<https://ja.wikipedia.org/wiki/%E8%B6%B3%E5%88%A9%E5%B8%82>
<http://www.wikidata.org/entity/Q386179>	"太田市"@ja	<http://www.wikidata.org/entity/Q1549591>	"10万都市"@ja	<http://www.wikidata.org/entity/P47>	"隣の国又は行政区画"@ja	<https://ja.wikipedia.org/wiki/%E5%A4%AA%E7%94%B0%E5%B8%82>
<http://www.wikidata.org/entity/Q386179>	"太田市"@ja	<http://www.wikidata.org/entity/Q1145012>	"特例市"@ja	<http://www.wikidata.org/entity/P47>	"隣の国又は行政区画"@ja	<https://ja.wikipedia.org/wiki/%E5%A4%AA%E7%94%B0%E5%B8%82>
<http://www.wikidata.org/entity/Q239870>	"コロンバス"@ja	<http://www.wikidata.org/entity/Q76514543>	"ジョージア州の自治体"@ja	<http://www.wikidata.org/entity/P190>	"姉妹都市"@ja	<https://ja.wikipedia.org/wiki/%E3%82%B3%E3%83%AD%E3%83%B3%E3%83%90%E3%82%B9_(%E3%82%B8%E3%83%A7%E3%83%BC%E3%82%B8%E3%82%A2%E5%B7%9E)>
<http://www.wikidata.org/entity/Q239870>	"コロンバス"@ja	<http://www.wikidata.org/entity/Q3301053>	"統合市郡"@ja	<http://www.wikidata.org/entity/P190>	"姉妹都市"@ja	<https://ja.wikipedia.org/wiki/%E3%82%B3%E3%83%AD%E3%83%B3%E3%83%90%E3%82%B9_(%E3%82%B8%E3%83%A7%E3%83%BC%E3%82%B8%E3%82%A2%E5%B7%9E)>
<http://www.wikidata.org/entity/Q239870>	"コロンバス"@ja	<http://www.wikidata.org/entity/Q1549591>	"10万都市"@ja	<http://www.wikidata.org/entity/P190>	"姉妹都市"@ja	<https://ja.wikipedia.org/wiki/%E3%82%B3%E3%83%AD%E3%83%B3%E3%83%90%E3%82%B9_(%E3%82%B8%E3%83%A7%E3%83%BC%E3%82%B8%E3%82%A2%E5%B7%9E)>
<http://www.wikidata.org/entity/Q239870>	"コロンバス"@ja	<http://www.wikidata.org/entity/Q1093829>	"アメリカ合衆国の市"@ja	<http://www.wikidata.org/entity/P190>	"姉妹都市"@ja	<https://ja.wikipedia.org/wiki/%E3%82%B3%E3%83%AD%E3%83%B3%E3%83%90%E3%82%B9_(%E3%82%B8%E3%83%A7%E3%83%BC%E3%82%B8%E3%82%A2%E5%B7%9E)>
<http://www.wikidata.org/entity/Q239870>	"コロンバス"@ja	<http://www.wikidata.org/entity/Q62049>	"郡庁所在地"@ja	<http://www.wikidata.org/entity/P190>	"姉妹都市"@ja	<https://ja.wikipedia.org/wiki/%E3%82%B3%E3%83%AD%E3%83%B3%E3%83%90%E3%82%B9_(%E3%82%B8%E3%83%A7%E3%83%BC%E3%82%B8%E3%82%A2%E5%B7%9E)>
<http://www.wikidata.org/entity/Q328596>	"伊勢崎市"@ja	<http://www.wikidata.org/entity/Q1549591>	"10万都市"@ja	<http://www.wikidata.org/entity/P47>	"隣の国又は行政区画"@ja	<https://ja.wikipedia.org/wiki/%E4%BC%8A%E5%8B%A2%E5%B4%8E%E5%B8%82>
<http://www.wikidata.org/entity/Q328596>	"伊勢崎市"@ja	<http://www.wikidata.org/entity/Q1145012>	"特例市"@ja	<http://www.wikidata.org/entity/P47>	"隣の国又は行政区画"@ja	<https://ja.wikipedia.org/wiki/%E4%BC%8A%E5%8B%A2%E5%B4%8E%E5%B8%82>
<http://www.wikidata.org/entity/Q9377928>	"Category:桐生市"@ja	<http://www.wikidata.org/entity/Q4167836>	"ウィキメディアのカテゴリ"@ja	<http://www.wikidata.org/entity/P910>	"主題の中心カテゴリ"@ja	<https://ja.wikipedia.org/wiki/Category:%E6%A1%90%E7%94%9F%E5%B8%82>
<http://www.wikidata.org/entity/Q11429103>	"境野村 (群馬県)"@ja	<http://www.wikidata.org/entity/Q18663566>	"日本の廃止市区町村"@ja	<http://www.wikidata.org/entity/P1365>	"先行"@ja	<https://ja.wikipedia.org/wiki/%E5%A2%83%E9%87%8E%E6%9D%91_(%E7%BE%A4%E9%A6%AC%E7%9C%8C)>
<http://www.wikidata.org/entity/Q11477739>	"川内村 (群馬県)"@ja	<http://www.wikidata.org/entity/Q18663566>	"日本の廃止市区町村"@ja	<http://www.wikidata.org/entity/P1365>	"先行"@ja	<https://ja.wikipedia.org/wiki/%E5%B7%9D%E5%86%85%E6%9D%91_(%E7%BE%A4%E9%A6%AC%E7%9C%8C)>
<http://www.wikidata.org/entity/Q11485496>	"広沢村"@ja	<http://www.wikidata.org/entity/Q18663566>	"日本の廃止市区町村"@ja	<http://www.wikidata.org/entity/P1365>	"先行"@ja	<https://ja.wikipedia.org/wiki/%E5%BA%83%E6%B2%A2%E6%9D%91>
<http://www.wikidata.org/entity/Q11538623>	"梅田村 (群馬県)"@ja	<http://www.wikidata.org/entity/Q18663566>	"日本の廃止市区町村"@ja	<http://www.wikidata.org/entity/P1365>	"先行"@ja	<https://ja.wikipedia.org/wiki/%E6%A2%85%E7%94%B0%E6%9D%91_(%E7%BE%A4%E9%A6%AC%E7%9C%8C)>
<http://www.wikidata.org/entity/Q11547764>	"毛里田村"@ja	<http://www.wikidata.org/entity/Q18663566>	"日本の廃止市区町村"@ja	<http://www.wikidata.org/entity/P1365>	"先行"@ja	<https://ja.wikipedia.org/wiki/%E6%AF%9B%E9%87%8C%E7%94%B0%E6%9D%91>
<http://www.wikidata.org/entity/Q11582280>	"相生村 (群馬県)"@ja	<http://www.wikidata.org/entity/Q18663566>	"日本の廃止市区町村"@ja	<http://www.wikidata.org/entity/P1365>	"先行"@ja	<https://ja.wikipedia.org/wiki/%E7%9B%B8%E7%94%9F%E6%9D%91_(%E7%BE%A4%E9%A6%AC%E7%9C%8C)>
<http://www.wikidata.org/entity/Q11620206>	"菱村"@ja	<http://www.wikidata.org/entity/Q18663566>	"日本の廃止市区町村"@ja	<http://www.wikidata.org/entity/P1365>	"先行"@ja	<https://ja.wikipedia.org/wiki/%E8%8F%B1%E6%9D%91>
<http://www.wikidata.org/entity/Q11678022>	"黒保根村"@ja	<http://www.wikidata.org/entity/Q18663566>	"日本の廃止市区町村"@ja	<http://www.wikidata.org/entity/P1365>	"先行"@ja	<https://ja.wikipedia.org/wiki/%E9%BB%92%E4%BF%9D%E6%A0%B9%E6%9D%91>
<http://www.wikidata.org/entity/Q97311111>	"桐生市議会"@ja	<http://www.wikidata.org/entity/Q107199651>	"市議会"@ja	<http://www.wikidata.org/entity/P194>	"立法府"@ja	<https://ja.wikipedia.org/wiki/%E6%A1%90%E7%94%9F%E5%B8%82%E8%AD%B0%E4%BC%9A>
<http://www.wikidata.org/entity/Q576556>	"みどり市"@ja	<http://www.wikidata.org/entity/Q494721>	"日本の市"@ja	<http://www.wikidata.org/entity/P47>	"隣の国又は行政区画"@ja	<https://ja.wikipedia.org/wiki/%E3%81%BF%E3%81%A9%E3%82%8A%E5%B8%82>
<http://www.wikidata.org/entity/Q646912>	"佐野市"@ja	<http://www.wikidata.org/entity/Q1549591>	"10万都市"@ja	<http://www.wikidata.org/entity/P47>	"隣の国又は行政区画"@ja	<https://ja.wikipedia.org/wiki/%E4%BD%90%E9%87%8E%E5%B8%82>
<http://www.wikidata.org/entity/Q646912>	"佐野市"@ja	<http://www.wikidata.org/entity/Q494721>	"日本の市"@ja	<http://www.wikidata.org/entity/P47>	"隣の国又は行政区画"@ja	<https://ja.wikipedia.org/wiki/%E4%BD%90%E9%87%8E%E5%B8%82>
<http://www.wikidata.org/entity/Q666317>	"沼田市"@ja	<http://www.wikidata.org/entity/Q494721>	"日本の市"@ja	<http://www.wikidata.org/entity/P47>	"隣の国又は行政区画"@ja	<https://ja.wikipedia.org/wiki/%E6%B2%BC%E7%94%B0%E5%B8%82>
<http://www.wikidata.org/entity/Q7034477>	"新里村 (群馬県)"@ja	<http://www.wikidata.org/entity/Q18663566>	"日本の廃止市区町村"@ja	<http://www.wikidata.org/entity/P1365>	"先行"@ja	<https://ja.wikipedia.org/wiki/%E6%96%B0%E9%87%8C%E6%9D%91_(%E7%BE%A4%E9%A6%AC%E7%9C%8C)>
<http://www.wikidata.org/entity/Q494721>	"日本の市"@ja	<http://www.wikidata.org/entity/Q15617994>	"行政区画の種類"@ja	<http://www.wikidata.org/entity/P31>	"分類"@ja	
<http://www.wikidata.org/entity/Q1549591>	"10万都市"@ja	<http://www.wikidata.org/entity/Q98966309>	"居留地の分類"@ja	<http://www.wikidata.org/entity/P31>	"分類"@ja	
<http://www.wikidata.org/entity/Q25185706>	"Q25185706"	<http://www.wikidata.org/entity/Q4167836>	"ウィキメディアのカテゴリ"@ja	<http://www.wikidata.org/entity/P1792>	"当地の人々のカテゴリ"@ja	
<http://www.wikidata.org/entity/Q61024618>	"Q61024618"	<http://www.wikidata.org/entity/Q4167836>	"ウィキメディアのカテゴリ"@ja	<http://www.wikidata.org/entity/P1464>	"当地生まれの人のカテゴリ"@ja	
