?s	?sLabel	?type	?typeLabel	?prop	?propLabel	?jwiki
<http://www.wikidata.org/entity/Q17>	"日本"@ja	<http://www.wikidata.org/entity/Q113489728>	"OECD加盟国"@ja	<http://www.wikidata.org/entity/P131>	"位置する行政区画"@ja	<https://ja.wikipedia.org/wiki/%E6%97%A5%E6%9C%AC>
<http://www.wikidata.org/entity/Q17>	"日本"@ja	<http://www.wikidata.org/entity/Q3624078>	"主権国家"@ja	<http://www.wikidata.org/entity/P131>	"位置する行政区画"@ja	<https://ja.wikipedia.org/wiki/%E6%97%A5%E6%9C%AC>
<http://www.wikidata.org/entity/Q17>	"日本"@ja	<http://www.wikidata.org/entity/Q112099>	"島国"@ja	<http://www.wikidata.org/entity/P131>	"位置する行政区画"@ja	<https://ja.wikipedia.org/wiki/%E6%97%A5%E6%9C%AC>
<http://www.wikidata.org/entity/Q17>	"日本"@ja	<http://www.wikidata.org/entity/Q6256>	"国"@ja	<http://www.wikidata.org/entity/P131>	"位置する行政区画"@ja	<https://ja.wikipedia.org/wiki/%E6%97%A5%E6%9C%AC>
<http://www.wikidata.org/entity/Q17>	"日本"@ja	<http://www.wikidata.org/entity/Q113489728>	"OECD加盟国"@ja	<http://www.wikidata.org/entity/P17>	"国"@ja	<https://ja.wikipedia.org/wiki/%E6%97%A5%E6%9C%AC>
<http://www.wikidata.org/entity/Q17>	"日本"@ja	<http://www.wikidata.org/entity/Q3624078>	"主権国家"@ja	<http://www.wikidata.org/entity/P17>	"国"@ja	<https://ja.wikipedia.org/wiki/%E6%97%A5%E6%9C%AC>
<http://www.wikidata.org/entity/Q17>	"日本"@ja	<http://www.wikidata.org/entity/Q112099>	"島国"@ja	<http://www.wikidata.org/entity/P17>	"国"@ja	<https://ja.wikipedia.org/wiki/%E6%97%A5%E6%9C%AC>
<http://www.wikidata.org/entity/Q17>	"日本"@ja	<http://www.wikidata.org/entity/Q6256>	"国"@ja	<http://www.wikidata.org/entity/P17>	"国"@ja	<https://ja.wikipedia.org/wiki/%E6%97%A5%E6%9C%AC>
<http://www.wikidata.org/entity/Q1208>	"ブランデンブルク州"@ja	<http://www.wikidata.org/entity/Q1221156>	"ドイツの地方行政区分"@ja	<http://www.wikidata.org/entity/P190>	"姉妹都市"@ja	<https://ja.wikipedia.org/wiki/%E3%83%96%E3%83%A9%E3%83%B3%E3%83%87%E3%83%B3%E3%83%96%E3%83%AB%E3%82%AF%E5%B7%9E>
<http://www.wikidata.org/entity/Q1397>	"オハイオ州"@ja	<http://www.wikidata.org/entity/Q35657>	"アメリカ合衆国の州"@ja	<http://www.wikidata.org/entity/P190>	"姉妹都市"@ja	<https://ja.wikipedia.org/wiki/%E3%82%AA%E3%83%8F%E3%82%A4%E3%82%AA%E5%B7%9E>
<http://www.wikidata.org/entity/Q7041>	"UTC+9"@ja	<http://www.wikidata.org/entity/Q17272482>	"UTCとの時差で定義された標準時"@ja	<http://www.wikidata.org/entity/P421>	"標準時間帯"@ja	<https://ja.wikipedia.org/wiki/UTC%2B9>
<http://www.wikidata.org/entity/Q1490>	"東京都"@ja	<http://www.wikidata.org/entity/Q51929311>	"国内で人口1位の都市"@ja	<http://www.wikidata.org/entity/P47>	"隣の国又は行政区画"@ja	<https://ja.wikipedia.org/wiki/%E6%9D%B1%E4%BA%AC%E9%83%BD>
<http://www.wikidata.org/entity/Q1490>	"東京都"@ja	<http://www.wikidata.org/entity/Q1637706>	"100万都市"@ja	<http://www.wikidata.org/entity/P47>	"隣の国又は行政区画"@ja	<https://ja.wikipedia.org/wiki/%E6%9D%B1%E4%BA%AC%E9%83%BD>
<http://www.wikidata.org/entity/Q1490>	"東京都"@ja	<http://www.wikidata.org/entity/Q1549591>	"10万都市"@ja	<http://www.wikidata.org/entity/P47>	"隣の国又は行政区画"@ja	<https://ja.wikipedia.org/wiki/%E6%9D%B1%E4%BA%AC%E9%83%BD>
<http://www.wikidata.org/entity/Q1490>	"東京都"@ja	<http://www.wikidata.org/entity/Q1200957>	"観光客の目的地"@ja	<http://www.wikidata.org/entity/P47>	"隣の国又は行政区画"@ja	<https://ja.wikipedia.org/wiki/%E6%9D%B1%E4%BA%AC%E9%83%BD>
<http://www.wikidata.org/entity/Q1490>	"東京都"@ja	<http://www.wikidata.org/entity/Q1025961>	"日本の首都"@ja	<http://www.wikidata.org/entity/P47>	"隣の国又は行政区画"@ja	<https://ja.wikipedia.org/wiki/%E6%9D%B1%E4%BA%AC%E9%83%BD>
<http://www.wikidata.org/entity/Q1490>	"東京都"@ja	<http://www.wikidata.org/entity/Q208511>	"世界都市"@ja	<http://www.wikidata.org/entity/P47>	"隣の国又は行政区画"@ja	<https://ja.wikipedia.org/wiki/%E6%9D%B1%E4%BA%AC%E9%83%BD>
<http://www.wikidata.org/entity/Q1490>	"東京都"@ja	<http://www.wikidata.org/entity/Q200250>	"メトロポリス"@ja	<http://www.wikidata.org/entity/P47>	"隣の国又は行政区画"@ja	<https://ja.wikipedia.org/wiki/%E6%9D%B1%E4%BA%AC%E9%83%BD>
<http://www.wikidata.org/entity/Q1490>	"東京都"@ja	<http://www.wikidata.org/entity/Q174844>	"メガシティ"@ja	<http://www.wikidata.org/entity/P47>	"隣の国又は行政区画"@ja	<https://ja.wikipedia.org/wiki/%E6%9D%B1%E4%BA%AC%E9%83%BD>
<http://www.wikidata.org/entity/Q1490>	"東京都"@ja	<http://www.wikidata.org/entity/Q50337>	"都道府県"@ja	<http://www.wikidata.org/entity/P47>	"隣の国又は行政区画"@ja	<https://ja.wikipedia.org/wiki/%E6%9D%B1%E4%BA%AC%E9%83%BD>
<http://www.wikidata.org/entity/Q1490>	"東京都"@ja	<http://www.wikidata.org/entity/Q5119>	"首都"@ja	<http://www.wikidata.org/entity/P47>	"隣の国又は行政区画"@ja	<https://ja.wikipedia.org/wiki/%E6%9D%B1%E4%BA%AC%E9%83%BD>
<http://www.wikidata.org/entity/Q46913>	"山西省"@ja	<http://www.wikidata.org/entity/Q1615742>	"中華人民共和国の省"@ja	<http://www.wikidata.org/entity/P190>	"姉妹都市"@ja	<https://ja.wikipedia.org/wiki/%E5%B1%B1%E8%A5%BF%E7%9C%81>
<http://www.wikidata.org/entity/Q80011>	"千葉県"@ja	<http://www.wikidata.org/entity/Q50337>	"都道府県"@ja	<http://www.wikidata.org/entity/P47>	"隣の国又は行政区画"@ja	<https://ja.wikipedia.org/wiki/%E5%8D%83%E8%91%89%E7%9C%8C>
<http://www.wikidata.org/entity/Q82112>	"メヒコ州"@ja	<http://www.wikidata.org/entity/Q15149663>	"メキシコの州"@ja	<http://www.wikidata.org/entity/P190>	"姉妹都市"@ja	<https://ja.wikipedia.org/wiki/%E3%83%A1%E3%83%92%E3%82%B3%E5%B7%9E>
<http://www.wikidata.org/entity/Q83273>	"茨城県"@ja	<http://www.wikidata.org/entity/Q50337>	"都道府県"@ja	<http://www.wikidata.org/entity/P47>	"隣の国又は行政区画"@ja	<https://ja.wikipedia.org/wiki/%E8%8C%A8%E5%9F%8E%E7%9C%8C>
<http://www.wikidata.org/entity/Q36074>	"クイーンズランド州"@ja	<http://www.wikidata.org/entity/Q5852411>	"オーストラリアの州"@ja	<http://www.wikidata.org/entity/P190>	"姉妹都市"@ja	<https://ja.wikipedia.org/wiki/%E3%82%AF%E3%82%A4%E3%83%BC%E3%83%B3%E3%82%BA%E3%83%A9%E3%83%B3%E3%83%89%E5%B7%9E>
<http://www.wikidata.org/entity/Q41106>	"熊谷市"@ja	<http://www.wikidata.org/entity/Q1549591>	"10万都市"@ja	<http://www.wikidata.org/entity/P150>	"直下の行政区画"@ja	<https://ja.wikipedia.org/wiki/%E7%86%8A%E8%B0%B7%E5%B8%82>
<http://www.wikidata.org/entity/Q41106>	"熊谷市"@ja	<http://www.wikidata.org/entity/Q1145012>	"特例市"@ja	<http://www.wikidata.org/entity/P150>	"直下の行政区画"@ja	<https://ja.wikipedia.org/wiki/%E7%86%8A%E8%B0%B7%E5%B8%82>
<http://www.wikidata.org/entity/Q44843>	"栃木県"@ja	<http://www.wikidata.org/entity/Q50337>	"都道府県"@ja	<http://www.wikidata.org/entity/P47>	"隣の国又は行政区画"@ja	<https://ja.wikipedia.org/wiki/%E6%A0%83%E6%9C%A8%E7%9C%8C>
<http://www.wikidata.org/entity/Q497952>	"越谷市"@ja	<http://www.wikidata.org/entity/Q1549591>	"10万都市"@ja	<http://www.wikidata.org/entity/P150>	"直下の行政区画"@ja	<https://ja.wikipedia.org/wiki/%E8%B6%8A%E8%B0%B7%E5%B8%82>
<http://www.wikidata.org/entity/Q497952>	"越谷市"@ja	<http://www.wikidata.org/entity/Q1137833>	"中核市"@ja	<http://www.wikidata.org/entity/P150>	"直下の行政区画"@ja	<https://ja.wikipedia.org/wiki/%E8%B6%8A%E8%B0%B7%E5%B8%82>
<http://www.wikidata.org/entity/Q497952>	"越谷市"@ja	<http://www.wikidata.org/entity/Q494721>	"日本の市"@ja	<http://www.wikidata.org/entity/P150>	"直下の行政区画"@ja	<https://ja.wikipedia.org/wiki/%E8%B6%8A%E8%B0%B7%E5%B8%82>
<http://www.wikidata.org/entity/Q570333>	"桶川市"@ja	<http://www.wikidata.org/entity/Q494721>	"日本の市"@ja	<http://www.wikidata.org/entity/P150>	"直下の行政区画"@ja	<https://ja.wikipedia.org/wiki/%E6%A1%B6%E5%B7%9D%E5%B8%82>
<http://www.wikidata.org/entity/Q646834>	"朝霞市"@ja	<http://www.wikidata.org/entity/Q1549591>	"10万都市"@ja	<http://www.wikidata.org/entity/P150>	"直下の行政区画"@ja	<https://ja.wikipedia.org/wiki/%E6%9C%9D%E9%9C%9E%E5%B8%82>
<http://www.wikidata.org/entity/Q646834>	"朝霞市"@ja	<http://www.wikidata.org/entity/Q494721>	"日本の市"@ja	<http://www.wikidata.org/entity/P150>	"直下の行政区画"@ja	<https://ja.wikipedia.org/wiki/%E6%9C%9D%E9%9C%9E%E5%B8%82>
<http://www.wikidata.org/entity/Q647079>	"秩父市"@ja	<http://www.wikidata.org/entity/Q494721>	"日本の市"@ja	<http://www.wikidata.org/entity/P150>	"直下の行政区画"@ja	<https://ja.wikipedia.org/wiki/%E7%A7%A9%E7%88%B6%E5%B8%82>
<http://www.wikidata.org/entity/Q1075196>	"大里郡"@ja	<http://www.wikidata.org/entity/Q1122846>	"郡"@ja	<http://www.wikidata.org/entity/P150>	"直下の行政区画"@ja	<https://ja.wikipedia.org/wiki/%E5%A4%A7%E9%87%8C%E9%83%A1>
<http://www.wikidata.org/entity/Q1075201>	"比企郡"@ja	<http://www.wikidata.org/entity/Q1122846>	"郡"@ja	<http://www.wikidata.org/entity/P150>	"直下の行政区画"@ja	<https://ja.wikipedia.org/wiki/%E6%AF%94%E4%BC%81%E9%83%A1>
<http://www.wikidata.org/entity/Q1145581>	"秩父郡"@ja	<http://www.wikidata.org/entity/Q1122846>	"郡"@ja	<http://www.wikidata.org/entity/P150>	"直下の行政区画"@ja	<https://ja.wikipedia.org/wiki/%E7%A7%A9%E7%88%B6%E9%83%A1>
<http://www.wikidata.org/entity/Q1151677>	"サクラソウ"@ja	<http://www.wikidata.org/entity/Q190903>	"草本植物"@ja	<http://www.wikidata.org/entity/P2238>	"公式シンボル"@ja	<https://ja.wikipedia.org/wiki/%E3%82%B5%E3%82%AF%E3%83%A9%E3%82%BD%E3%82%A6>
<http://www.wikidata.org/entity/Q1151677>	"サクラソウ"@ja	<http://www.wikidata.org/entity/Q16521>	"タクソン"@ja	<http://www.wikidata.org/entity/P2238>	"公式シンボル"@ja	<https://ja.wikipedia.org/wiki/%E3%82%B5%E3%82%AF%E3%83%A9%E3%82%BD%E3%82%A6>
<http://www.wikidata.org/entity/Q1153801>	"入間郡"@ja	<http://www.wikidata.org/entity/Q1122846>	"郡"@ja	<http://www.wikidata.org/entity/P150>	"直下の行政区画"@ja	<https://ja.wikipedia.org/wiki/%E5%85%A5%E9%96%93%E9%83%A1>
<http://www.wikidata.org/entity/Q1155020>	"北足立郡"@ja	<http://www.wikidata.org/entity/Q1122846>	"郡"@ja	<http://www.wikidata.org/entity/P150>	"直下の行政区画"@ja	<https://ja.wikipedia.org/wiki/%E5%8C%97%E8%B6%B3%E7%AB%8B%E9%83%A1>
<http://www.wikidata.org/entity/Q1345322>	"白岡市"@ja	<http://www.wikidata.org/entity/Q494721>	"日本の市"@ja	<http://www.wikidata.org/entity/P150>	"直下の行政区画"@ja	<https://ja.wikipedia.org/wiki/%E7%99%BD%E5%B2%A1%E5%B8%82>
<http://www.wikidata.org/entity/Q47535>	"久喜市"@ja	<http://www.wikidata.org/entity/Q1549591>	"10万都市"@ja	<http://www.wikidata.org/entity/P150>	"直下の行政区画"@ja	<https://ja.wikipedia.org/wiki/%E4%B9%85%E5%96%9C%E5%B8%82>
<http://www.wikidata.org/entity/Q47535>	"久喜市"@ja	<http://www.wikidata.org/entity/Q494721>	"日本の市"@ja	<http://www.wikidata.org/entity/P150>	"直下の行政区画"@ja	<https://ja.wikipedia.org/wiki/%E4%B9%85%E5%96%9C%E5%B8%82>
<http://www.wikidata.org/entity/Q50337>	"都道府県"@ja	<http://www.wikidata.org/entity/Q15617994>	"行政区画の種類"@ja	<http://www.wikidata.org/entity/P31>	"分類"@ja	<https://ja.wikipedia.org/wiki/%E9%83%BD%E9%81%93%E5%BA%9C%E7%9C%8C>
<http://www.wikidata.org/entity/Q52028>	"テーサバーンナコーン・チエンマイ"@ja	<http://www.wikidata.org/entity/Q15141632>	"Q15141632"	<http://www.wikidata.org/entity/P190>	"姉妹都市"@ja	<https://ja.wikipedia.org/wiki/%E3%83%86%E3%83%BC%E3%82%B5%E3%83%90%E3%83%BC%E3%83%B3%E3%83%8A%E3%82%B3%E3%83%BC%E3%83%B3%E3%83%BB%E3%83%81%E3%82%A8%E3%83%B3%E3%83%9E%E3%82%A4>
<http://www.wikidata.org/entity/Q52028>	"テーサバーンナコーン・チエンマイ"@ja	<http://www.wikidata.org/entity/Q1549591>	"10万都市"@ja	<http://www.wikidata.org/entity/P190>	"姉妹都市"@ja	<https://ja.wikipedia.org/wiki/%E3%83%86%E3%83%BC%E3%82%B5%E3%83%90%E3%83%BC%E3%83%B3%E3%83%8A%E3%82%B3%E3%83%BC%E3%83%B3%E3%83%BB%E3%83%81%E3%82%A8%E3%83%B3%E3%83%9E%E3%82%A4>
<http://www.wikidata.org/entity/Q54696>	"シラコバト"@ja	<http://www.wikidata.org/entity/Q16521>	"タクソン"@ja	<http://www.wikidata.org/entity/P2238>	"公式シンボル"@ja	<https://ja.wikipedia.org/wiki/%E3%82%B7%E3%83%A9%E3%82%B3%E3%83%90%E3%83%88>
<http://www.wikidata.org/entity/Q127877>	"長野県"@ja	<http://www.wikidata.org/entity/Q50337>	"都道府県"@ja	<http://www.wikidata.org/entity/P47>	"隣の国又は行政区画"@ja	<https://ja.wikipedia.org/wiki/%E9%95%B7%E9%87%8E%E7%9C%8C>
<http://www.wikidata.org/entity/Q129499>	"群馬県"@ja	<http://www.wikidata.org/entity/Q50337>	"都道府県"@ja	<http://www.wikidata.org/entity/P47>	"隣の国又は行政区画"@ja	<https://ja.wikipedia.org/wiki/%E7%BE%A4%E9%A6%AC%E7%9C%8C>
<http://www.wikidata.org/entity/Q132720>	"山梨県"@ja	<http://www.wikidata.org/entity/Q50337>	"都道府県"@ja	<http://www.wikidata.org/entity/P47>	"隣の国又は行政区画"@ja	<https://ja.wikipedia.org/wiki/%E5%B1%B1%E6%A2%A8%E7%9C%8C>
<http://www.wikidata.org/entity/Q134635>	"さいたま市"@ja	<http://www.wikidata.org/entity/Q65589340>	"都道府県庁所在地"@ja	<http://www.wikidata.org/entity/P150>	"直下の行政区画"@ja	<https://ja.wikipedia.org/wiki/%E3%81%95%E3%81%84%E3%81%9F%E3%81%BE%E5%B8%82>
<http://www.wikidata.org/entity/Q134635>	"さいたま市"@ja	<http://www.wikidata.org/entity/Q65589340>	"都道府県庁所在地"@ja	<http://www.wikidata.org/entity/P36>	"行政中心地"@ja	<https://ja.wikipedia.org/wiki/%E3%81%95%E3%81%84%E3%81%9F%E3%81%BE%E5%B8%82>
<http://www.wikidata.org/entity/Q134635>	"さいたま市"@ja	<http://www.wikidata.org/entity/Q11499984>	"文教都市"@ja	<http://www.wikidata.org/entity/P150>	"直下の行政区画"@ja	<https://ja.wikipedia.org/wiki/%E3%81%95%E3%81%84%E3%81%9F%E3%81%BE%E5%B8%82>
<http://www.wikidata.org/entity/Q134635>	"さいたま市"@ja	<http://www.wikidata.org/entity/Q11499984>	"文教都市"@ja	<http://www.wikidata.org/entity/P36>	"行政中心地"@ja	<https://ja.wikipedia.org/wiki/%E3%81%95%E3%81%84%E3%81%9F%E3%81%BE%E5%B8%82>
<http://www.wikidata.org/entity/Q134635>	"さいたま市"@ja	<http://www.wikidata.org/entity/Q11422368>	"国際会議観光都市"@ja	<http://www.wikidata.org/entity/P150>	"直下の行政区画"@ja	<https://ja.wikipedia.org/wiki/%E3%81%95%E3%81%84%E3%81%9F%E3%81%BE%E5%B8%82>
<http://www.wikidata.org/entity/Q134635>	"さいたま市"@ja	<http://www.wikidata.org/entity/Q11422368>	"国際会議観光都市"@ja	<http://www.wikidata.org/entity/P36>	"行政中心地"@ja	<https://ja.wikipedia.org/wiki/%E3%81%95%E3%81%84%E3%81%9F%E3%81%BE%E5%B8%82>
<http://www.wikidata.org/entity/Q134635>	"さいたま市"@ja	<http://www.wikidata.org/entity/Q1749269>	"政令指定都市"@ja	<http://www.wikidata.org/entity/P150>	"直下の行政区画"@ja	<https://ja.wikipedia.org/wiki/%E3%81%95%E3%81%84%E3%81%9F%E3%81%BE%E5%B8%82>
<http://www.wikidata.org/entity/Q134635>	"さいたま市"@ja	<http://www.wikidata.org/entity/Q1749269>	"政令指定都市"@ja	<http://www.wikidata.org/entity/P36>	"行政中心地"@ja	<https://ja.wikipedia.org/wiki/%E3%81%95%E3%81%84%E3%81%9F%E3%81%BE%E5%B8%82>
<http://www.wikidata.org/entity/Q134635>	"さいたま市"@ja	<http://www.wikidata.org/entity/Q1637706>	"100万都市"@ja	<http://www.wikidata.org/entity/P150>	"直下の行政区画"@ja	<https://ja.wikipedia.org/wiki/%E3%81%95%E3%81%84%E3%81%9F%E3%81%BE%E5%B8%82>
<http://www.wikidata.org/entity/Q134635>	"さいたま市"@ja	<http://www.wikidata.org/entity/Q1637706>	"100万都市"@ja	<http://www.wikidata.org/entity/P36>	"行政中心地"@ja	<https://ja.wikipedia.org/wiki/%E3%81%95%E3%81%84%E3%81%9F%E3%81%BE%E5%B8%82>
<http://www.wikidata.org/entity/Q134635>	"さいたま市"@ja	<http://www.wikidata.org/entity/Q1549591>	"10万都市"@ja	<http://www.wikidata.org/entity/P150>	"直下の行政区画"@ja	<https://ja.wikipedia.org/wiki/%E3%81%95%E3%81%84%E3%81%9F%E3%81%BE%E5%B8%82>
<http://www.wikidata.org/entity/Q134635>	"さいたま市"@ja	<http://www.wikidata.org/entity/Q1549591>	"10万都市"@ja	<http://www.wikidata.org/entity/P36>	"行政中心地"@ja	<https://ja.wikipedia.org/wiki/%E3%81%95%E3%81%84%E3%81%9F%E3%81%BE%E5%B8%82>
<http://www.wikidata.org/entity/Q134635>	"さいたま市"@ja	<http://www.wikidata.org/entity/Q691960>	"衛星都市"@ja	<http://www.wikidata.org/entity/P150>	"直下の行政区画"@ja	<https://ja.wikipedia.org/wiki/%E3%81%95%E3%81%84%E3%81%9F%E3%81%BE%E5%B8%82>
<http://www.wikidata.org/entity/Q134635>	"さいたま市"@ja	<http://www.wikidata.org/entity/Q691960>	"衛星都市"@ja	<http://www.wikidata.org/entity/P36>	"行政中心地"@ja	<https://ja.wikipedia.org/wiki/%E3%81%95%E3%81%84%E3%81%9F%E3%81%BE%E5%B8%82>
<http://www.wikidata.org/entity/Q134635>	"さいたま市"@ja	<http://www.wikidata.org/entity/Q494721>	"日本の市"@ja	<http://www.wikidata.org/entity/P150>	"直下の行政区画"@ja	<https://ja.wikipedia.org/wiki/%E3%81%95%E3%81%84%E3%81%9F%E3%81%BE%E5%B8%82>
<http://www.wikidata.org/entity/Q134635>	"さいたま市"@ja	<http://www.wikidata.org/entity/Q494721>	"日本の市"@ja	<http://www.wikidata.org/entity/P36>	"行政中心地"@ja	<https://ja.wikipedia.org/wiki/%E3%81%95%E3%81%84%E3%81%9F%E3%81%BE%E5%B8%82>
<http://www.wikidata.org/entity/Q139942>	"トミヨ"@ja	<http://www.wikidata.org/entity/Q16521>	"タクソン"@ja	<http://www.wikidata.org/entity/P2238>	"公式シンボル"@ja	<https://ja.wikipedia.org/wiki/%E3%83%88%E3%83%9F%E3%83%A8>
<http://www.wikidata.org/entity/Q163888>	"上尾市"@ja	<http://www.wikidata.org/entity/Q1549591>	"10万都市"@ja	<http://www.wikidata.org/entity/P150>	"直下の行政区画"@ja	<https://ja.wikipedia.org/wiki/%E4%B8%8A%E5%B0%BE%E5%B8%82>
<http://www.wikidata.org/entity/Q163888>	"上尾市"@ja	<http://www.wikidata.org/entity/Q494721>	"日本の市"@ja	<http://www.wikidata.org/entity/P150>	"直下の行政区画"@ja	<https://ja.wikipedia.org/wiki/%E4%B8%8A%E5%B0%BE%E5%B8%82>
<http://www.wikidata.org/entity/Q165857>	"所沢市"@ja	<http://www.wikidata.org/entity/Q1549591>	"10万都市"@ja	<http://www.wikidata.org/entity/P150>	"直下の行政区画"@ja	<https://ja.wikipedia.org/wiki/%E6%89%80%E6%B2%A2%E5%B8%82>
<http://www.wikidata.org/entity/Q165857>	"所沢市"@ja	<http://www.wikidata.org/entity/Q1145012>	"特例市"@ja	<http://www.wikidata.org/entity/P150>	"直下の行政区画"@ja	<https://ja.wikipedia.org/wiki/%E6%89%80%E6%B2%A2%E5%B8%82>
<http://www.wikidata.org/entity/Q319740>	"川越市"@ja	<http://www.wikidata.org/entity/Q1549591>	"10万都市"@ja	<http://www.wikidata.org/entity/P150>	"直下の行政区画"@ja	<https://ja.wikipedia.org/wiki/%E5%B7%9D%E8%B6%8A%E5%B8%82>
<http://www.wikidata.org/entity/Q319740>	"川越市"@ja	<http://www.wikidata.org/entity/Q1137833>	"中核市"@ja	<http://www.wikidata.org/entity/P150>	"直下の行政区画"@ja	<https://ja.wikipedia.org/wiki/%E5%B7%9D%E8%B6%8A%E5%B8%82>
<http://www.wikidata.org/entity/Q376023>	"春日部市"@ja	<http://www.wikidata.org/entity/Q1549591>	"10万都市"@ja	<http://www.wikidata.org/entity/P150>	"直下の行政区画"@ja	<https://ja.wikipedia.org/wiki/%E6%98%A5%E6%97%A5%E9%83%A8%E5%B8%82>
<http://www.wikidata.org/entity/Q376023>	"春日部市"@ja	<http://www.wikidata.org/entity/Q1145012>	"特例市"@ja	<http://www.wikidata.org/entity/P150>	"直下の行政区画"@ja	<https://ja.wikipedia.org/wiki/%E6%98%A5%E6%97%A5%E9%83%A8%E5%B8%82>
<http://www.wikidata.org/entity/Q386691>	"新座市"@ja	<http://www.wikidata.org/entity/Q1549591>	"10万都市"@ja	<http://www.wikidata.org/entity/P150>	"直下の行政区画"@ja	<https://ja.wikipedia.org/wiki/%E6%96%B0%E5%BA%A7%E5%B8%82>
<http://www.wikidata.org/entity/Q386691>	"新座市"@ja	<http://www.wikidata.org/entity/Q494721>	"日本の市"@ja	<http://www.wikidata.org/entity/P150>	"直下の行政区画"@ja	<https://ja.wikipedia.org/wiki/%E6%96%B0%E5%BA%A7%E5%B8%82>
<http://www.wikidata.org/entity/Q387136>	"川口市"@ja	<http://www.wikidata.org/entity/Q1549591>	"10万都市"@ja	<http://www.wikidata.org/entity/P150>	"直下の行政区画"@ja	<https://ja.wikipedia.org/wiki/%E5%B7%9D%E5%8F%A3%E5%B8%82>
<http://www.wikidata.org/entity/Q387136>	"川口市"@ja	<http://www.wikidata.org/entity/Q1137833>	"中核市"@ja	<http://www.wikidata.org/entity/P150>	"直下の行政区画"@ja	<https://ja.wikipedia.org/wiki/%E5%B7%9D%E5%8F%A3%E5%B8%82>
<http://www.wikidata.org/entity/Q495809>	"富士見市"@ja	<http://www.wikidata.org/entity/Q1549591>	"10万都市"@ja	<http://www.wikidata.org/entity/P150>	"直下の行政区画"@ja	<https://ja.wikipedia.org/wiki/%E5%AF%8C%E5%A3%AB%E8%A6%8B%E5%B8%82>
<http://www.wikidata.org/entity/Q495809>	"富士見市"@ja	<http://www.wikidata.org/entity/Q494721>	"日本の市"@ja	<http://www.wikidata.org/entity/P150>	"直下の行政区画"@ja	<https://ja.wikipedia.org/wiki/%E5%AF%8C%E5%A3%AB%E8%A6%8B%E5%B8%82>
<http://www.wikidata.org/entity/Q2213580>	"埼玉古墳群"@ja	<http://www.wikidata.org/entity/Q11411019>	"古墳群"@ja	<http://www.wikidata.org/entity/P138>	"名前の由来"@ja	<https://ja.wikipedia.org/wiki/%E5%9F%BC%E7%8E%89%E5%8F%A4%E5%A2%B3%E7%BE%A4>
<http://www.wikidata.org/entity/Q3034405>	"忍藩"@ja	<http://www.wikidata.org/entity/Q841985>	"藩"@ja	<http://www.wikidata.org/entity/P1365>	"先行"@ja	<https://ja.wikipedia.org/wiki/%E5%BF%8D%E8%97%A9>
<http://www.wikidata.org/entity/Q5973031>	"ミドリシジミ"@ja	<http://www.wikidata.org/entity/Q16521>	"タクソン"@ja	<http://www.wikidata.org/entity/P2238>	"公式シンボル"@ja	<https://ja.wikipedia.org/wiki/%E3%83%9F%E3%83%89%E3%83%AA%E3%82%B7%E3%82%B8%E3%83%9F>
<http://www.wikidata.org/entity/Q6140287>	"大野元裕"@ja	<http://www.wikidata.org/entity/Q5>	"ヒト"@ja	<http://www.wikidata.org/entity/P6>	"行政府の長"@ja	<https://ja.wikipedia.org/wiki/%E5%A4%A7%E9%87%8E%E5%85%83%E8%A3%95>
<http://www.wikidata.org/entity/Q6462794>	"Category:埼玉県"@ja	<http://www.wikidata.org/entity/Q4167836>	"ウィキメディアのカテゴリ"@ja	<http://www.wikidata.org/entity/P910>	"主題の中心カテゴリ"@ja	<https://ja.wikipedia.org/wiki/Category:%E5%9F%BC%E7%8E%89%E7%9C%8C>
<http://www.wikidata.org/entity/Q7234183>	"Category:埼玉県出身の人物"@ja	<http://www.wikidata.org/entity/Q4167836>	"ウィキメディアのカテゴリ"@ja	<http://www.wikidata.org/entity/P1792>	"当地の人々のカテゴリ"@ja	<https://ja.wikipedia.org/wiki/Category:%E5%9F%BC%E7%8E%89%E7%9C%8C%E5%87%BA%E8%BA%AB%E3%81%AE%E4%BA%BA%E7%89%A9>
<http://www.wikidata.org/entity/Q9605814>	"Category:埼玉県の地図"@ja	<http://www.wikidata.org/entity/Q4167836>	"ウィキメディアのカテゴリ"@ja	<http://www.wikidata.org/entity/P7867>	"当地の地図のカテゴリ"@ja	<https://ja.wikipedia.org/wiki/Category:%E5%9F%BC%E7%8E%89%E7%9C%8C%E3%81%AE%E5%9C%B0%E5%9B%B3>
<http://www.wikidata.org/entity/Q10362198>	"埼玉県旗"@ja	<http://www.wikidata.org/entity/Q22807280>	"行政区画の旗"@ja	<http://www.wikidata.org/entity/P163>	"旗"@ja	<https://ja.wikipedia.org/wiki/%E5%9F%BC%E7%8E%89%E7%9C%8C%E6%97%97>
<http://www.wikidata.org/entity/Q10862544>	"Template:埼玉県の自治体"@ja	<http://www.wikidata.org/entity/Q11753321>	"ウィキメディアのナビゲーションテンプレート"@ja	<http://www.wikidata.org/entity/P1424>	"記事の中心テンプレート"@ja	<https://ja.wikipedia.org/wiki/Template:%E5%9F%BC%E7%8E%89%E7%9C%8C%E3%81%AE%E8%87%AA%E6%B2%BB%E4%BD%93>
<http://www.wikidata.org/entity/Q11302344>	"コバトン"@ja	<http://www.wikidata.org/entity/Q94171870>	"擬人化したハト"@ja	<http://www.wikidata.org/entity/P822>	"マスコット"@ja	<https://ja.wikipedia.org/wiki/%E3%82%B3%E3%83%90%E3%83%88%E3%83%B3>
<http://www.wikidata.org/entity/Q11302344>	"コバトン"@ja	<http://www.wikidata.org/entity/Q11280995>	"ゆるキャラ"@ja	<http://www.wikidata.org/entity/P822>	"マスコット"@ja	<https://ja.wikipedia.org/wiki/%E3%82%B3%E3%83%90%E3%83%88%E3%83%B3>
<http://www.wikidata.org/entity/Q11355124>	"三宝山"@ja	<http://www.wikidata.org/entity/Q8502>	"山"@ja	<http://www.wikidata.org/entity/P610>	"最も高い地点"@ja	<https://ja.wikipedia.org/wiki/%E4%B8%89%E5%AE%9D%E5%B1%B1>
<http://www.wikidata.org/entity/Q11426515>	"埼玉弁"@ja	<http://www.wikidata.org/entity/Q1246128>	"日本語の方言"@ja	<http://www.wikidata.org/entity/P2936>	"使用言語"@ja	<https://ja.wikipedia.org/wiki/%E5%9F%BC%E7%8E%89%E5%BC%81>
<http://www.wikidata.org/entity/Q11426568>	"埼玉県庁"@ja	<http://www.wikidata.org/entity/Q87342028>	"都道府県庁"@ja	<http://www.wikidata.org/entity/P208>	"行政府"@ja	<https://ja.wikipedia.org/wiki/%E5%9F%BC%E7%8E%89%E7%9C%8C%E5%BA%81>
<http://www.wikidata.org/entity/Q11426574>	"埼玉県歌"@ja	<http://www.wikidata.org/entity/Q105543609>	"楽曲"@ja	<http://www.wikidata.org/entity/P85>	"アンセム"@ja	<https://ja.wikipedia.org/wiki/%E5%9F%BC%E7%8E%89%E7%9C%8C%E6%AD%8C>
<http://www.wikidata.org/entity/Q11426686>	"埼玉県立文書館"@ja	<http://www.wikidata.org/entity/Q27031009>	"パブリック・アーカイヴ"@ja	<http://www.wikidata.org/entity/P485>	"アーカイブ"@ja	<https://ja.wikipedia.org/wiki/%E5%9F%BC%E7%8E%89%E7%9C%8C%E7%AB%8B%E6%96%87%E6%9B%B8%E9%A4%A8>
<http://www.wikidata.org/entity/Q11426811>	"埼玉県議会"@ja	<http://www.wikidata.org/entity/Q28362371>	"都道府県議会"@ja	<http://www.wikidata.org/entity/P194>	"立法府"@ja	<https://ja.wikipedia.org/wiki/%E5%9F%BC%E7%8E%89%E7%9C%8C%E8%AD%B0%E4%BC%9A>
<http://www.wikidata.org/entity/Q11427160>	"埼玉郡"@ja	<http://www.wikidata.org/entity/Q46426234>	"廃止された郡"@ja	<http://www.wikidata.org/entity/P138>	"名前の由来"@ja	<https://ja.wikipedia.org/wiki/%E5%9F%BC%E7%8E%89%E9%83%A1>
<http://www.wikidata.org/entity/Q11487969>	"彩の国"@ja	<http://www.wikidata.org/entity/Q1094729>	"キャッチコピー"@ja	<http://www.wikidata.org/entity/P1546>	"標語"@ja	<https://ja.wikipedia.org/wiki/%E5%BD%A9%E3%81%AE%E5%9B%BD>
<http://www.wikidata.org/entity/Q11487969>	"彩の国"@ja	<http://www.wikidata.org/entity/Q49614>	"愛称"@ja	<http://www.wikidata.org/entity/P1546>	"標語"@ja	<https://ja.wikipedia.org/wiki/%E5%BD%A9%E3%81%AE%E5%9B%BD>
<http://www.wikidata.org/entity/Q11558170>	"浦和県"@ja	<http://www.wikidata.org/entity/Q19953632>	"廃止された行政区画"@ja	<http://www.wikidata.org/entity/P1365>	"先行"@ja	<https://ja.wikipedia.org/wiki/%E6%B5%A6%E5%92%8C%E7%9C%8C>
<http://www.wikidata.org/entity/Q11558170>	"浦和県"@ja	<http://www.wikidata.org/entity/Q50337>	"都道府県"@ja	<http://www.wikidata.org/entity/P1365>	"先行"@ja	<https://ja.wikipedia.org/wiki/%E6%B5%A6%E5%92%8C%E7%9C%8C>
<http://www.wikidata.org/entity/Q11568818>	"熊谷県"@ja	<http://www.wikidata.org/entity/Q19953632>	"廃止された行政区画"@ja	<http://www.wikidata.org/entity/P1365>	"先行"@ja	<https://ja.wikipedia.org/wiki/%E7%86%8A%E8%B0%B7%E7%9C%8C>
<http://www.wikidata.org/entity/Q11568818>	"熊谷県"@ja	<http://www.wikidata.org/entity/Q50337>	"都道府県"@ja	<http://www.wikidata.org/entity/P1365>	"先行"@ja	<https://ja.wikipedia.org/wiki/%E7%86%8A%E8%B0%B7%E7%9C%8C>
<http://www.wikidata.org/entity/Q16773815>	"Portal:日本の都道府県/埼玉県"@ja	<http://www.wikidata.org/entity/Q4663903>	"ウィキポータル"@ja	<http://www.wikidata.org/entity/P1151>	"ウィキメディアのポータル"@ja	<https://ja.wikipedia.org/wiki/Portal:%E6%97%A5%E6%9C%AC%E3%81%AE%E9%83%BD%E9%81%93%E5%BA%9C%E7%9C%8C/%E5%9F%BC%E7%8E%89%E7%9C%8C>
<http://www.wikidata.org/entity/Q19967339>	"埼玉県民歌"@ja	<http://www.wikidata.org/entity/Q105543609>	"楽曲"@ja	<http://www.wikidata.org/entity/P85>	"アンセム"@ja	<https://ja.wikipedia.org/wiki/%E5%9F%BC%E7%8E%89%E7%9C%8C%E6%B0%91%E6%AD%8C>
<http://www.wikidata.org/entity/Q20044441>	"埼玉県民の日"@ja	<http://www.wikidata.org/entity/Q11582668>	"都道府県民の日"@ja	<http://www.wikidata.org/entity/P832>	"祝日"@ja	<https://ja.wikipedia.org/wiki/%E5%9F%BC%E7%8E%89%E7%9C%8C%E6%B0%91%E3%81%AE%E6%97%A5>
<http://www.wikidata.org/entity/Q658058>	"和光市"@ja	<http://www.wikidata.org/entity/Q494721>	"日本の市"@ja	<http://www.wikidata.org/entity/P150>	"直下の行政区画"@ja	<https://ja.wikipedia.org/wiki/%E5%92%8C%E5%85%89%E5%B8%82>
<http://www.wikidata.org/entity/Q673010>	"蕨市"@ja	<http://www.wikidata.org/entity/Q494721>	"日本の市"@ja	<http://www.wikidata.org/entity/P150>	"直下の行政区画"@ja	<https://ja.wikipedia.org/wiki/%E8%95%A8%E5%B8%82>
<http://www.wikidata.org/entity/Q696925>	"入間市"@ja	<http://www.wikidata.org/entity/Q1549591>	"10万都市"@ja	<http://www.wikidata.org/entity/P150>	"直下の行政区画"@ja	<https://ja.wikipedia.org/wiki/%E5%85%A5%E9%96%93%E5%B8%82>
<http://www.wikidata.org/entity/Q696925>	"入間市"@ja	<http://www.wikidata.org/entity/Q494721>	"日本の市"@ja	<http://www.wikidata.org/entity/P150>	"直下の行政区画"@ja	<https://ja.wikipedia.org/wiki/%E5%85%A5%E9%96%93%E5%B8%82>
<http://www.wikidata.org/entity/Q734442>	"草加市"@ja	<http://www.wikidata.org/entity/Q1549591>	"10万都市"@ja	<http://www.wikidata.org/entity/P150>	"直下の行政区画"@ja	<https://ja.wikipedia.org/wiki/%E8%8D%89%E5%8A%A0%E5%B8%82>
<http://www.wikidata.org/entity/Q734442>	"草加市"@ja	<http://www.wikidata.org/entity/Q1145012>	"特例市"@ja	<http://www.wikidata.org/entity/P150>	"直下の行政区画"@ja	<https://ja.wikipedia.org/wiki/%E8%8D%89%E5%8A%A0%E5%B8%82>
<http://www.wikidata.org/entity/Q734532>	"深谷市"@ja	<http://www.wikidata.org/entity/Q1549591>	"10万都市"@ja	<http://www.wikidata.org/entity/P150>	"直下の行政区画"@ja	<https://ja.wikipedia.org/wiki/%E6%B7%B1%E8%B0%B7%E5%B8%82>
<http://www.wikidata.org/entity/Q734532>	"深谷市"@ja	<http://www.wikidata.org/entity/Q494721>	"日本の市"@ja	<http://www.wikidata.org/entity/P150>	"直下の行政区画"@ja	<https://ja.wikipedia.org/wiki/%E6%B7%B1%E8%B0%B7%E5%B8%82>
<http://www.wikidata.org/entity/Q734541>	"鴻巣市"@ja	<http://www.wikidata.org/entity/Q1549591>	"10万都市"@ja	<http://www.wikidata.org/entity/P150>	"直下の行政区画"@ja	<https://ja.wikipedia.org/wiki/%E9%B4%BB%E5%B7%A3%E5%B8%82>
<http://www.wikidata.org/entity/Q734541>	"鴻巣市"@ja	<http://www.wikidata.org/entity/Q494721>	"日本の市"@ja	<http://www.wikidata.org/entity/P150>	"直下の行政区画"@ja	<https://ja.wikipedia.org/wiki/%E9%B4%BB%E5%B7%A3%E5%B8%82>
<http://www.wikidata.org/entity/Q823874>	"戸田市"@ja	<http://www.wikidata.org/entity/Q1549591>	"10万都市"@ja	<http://www.wikidata.org/entity/P150>	"直下の行政区画"@ja	<https://ja.wikipedia.org/wiki/%E6%88%B8%E7%94%B0%E5%B8%82>
<http://www.wikidata.org/entity/Q823874>	"戸田市"@ja	<http://www.wikidata.org/entity/Q494721>	"日本の市"@ja	<http://www.wikidata.org/entity/P150>	"直下の行政区画"@ja	<https://ja.wikipedia.org/wiki/%E6%88%B8%E7%94%B0%E5%B8%82>
<http://www.wikidata.org/entity/Q823907>	"東松山市"@ja	<http://www.wikidata.org/entity/Q494721>	"日本の市"@ja	<http://www.wikidata.org/entity/P150>	"直下の行政区画"@ja	<https://ja.wikipedia.org/wiki/%E6%9D%B1%E6%9D%BE%E5%B1%B1%E5%B8%82>
<http://www.wikidata.org/entity/Q824009>	"狭山市"@ja	<http://www.wikidata.org/entity/Q1549591>	"10万都市"@ja	<http://www.wikidata.org/entity/P150>	"直下の行政区画"@ja	<https://ja.wikipedia.org/wiki/%E7%8B%AD%E5%B1%B1%E5%B8%82>
<http://www.wikidata.org/entity/Q824009>	"狭山市"@ja	<http://www.wikidata.org/entity/Q494721>	"日本の市"@ja	<http://www.wikidata.org/entity/P150>	"直下の行政区画"@ja	<https://ja.wikipedia.org/wiki/%E7%8B%AD%E5%B1%B1%E5%B8%82>
<http://www.wikidata.org/entity/Q847565>	"羽生市"@ja	<http://www.wikidata.org/entity/Q494721>	"日本の市"@ja	<http://www.wikidata.org/entity/P150>	"直下の行政区画"@ja	<https://ja.wikipedia.org/wiki/%E7%BE%BD%E7%94%9F%E5%B8%82>
<http://www.wikidata.org/entity/Q850344>	"坂戸市"@ja	<http://www.wikidata.org/entity/Q1549591>	"10万都市"@ja	<http://www.wikidata.org/entity/P150>	"直下の行政区画"@ja	<https://ja.wikipedia.org/wiki/%E5%9D%82%E6%88%B8%E5%B8%82>
<http://www.wikidata.org/entity/Q850344>	"坂戸市"@ja	<http://www.wikidata.org/entity/Q494721>	"日本の市"@ja	<http://www.wikidata.org/entity/P150>	"直下の行政区画"@ja	<https://ja.wikipedia.org/wiki/%E5%9D%82%E6%88%B8%E5%B8%82>
<http://www.wikidata.org/entity/Q850472>	"飯能市"@ja	<http://www.wikidata.org/entity/Q494721>	"日本の市"@ja	<http://www.wikidata.org/entity/P150>	"直下の行政区画"@ja	<https://ja.wikipedia.org/wiki/%E9%A3%AF%E8%83%BD%E5%B8%82>
<http://www.wikidata.org/entity/Q851680>	"加須市"@ja	<http://www.wikidata.org/entity/Q1549591>	"10万都市"@ja	<http://www.wikidata.org/entity/P150>	"直下の行政区画"@ja	<https://ja.wikipedia.org/wiki/%E5%8A%A0%E9%A0%88%E5%B8%82>
<http://www.wikidata.org/entity/Q851680>	"加須市"@ja	<http://www.wikidata.org/entity/Q494721>	"日本の市"@ja	<http://www.wikidata.org/entity/P150>	"直下の行政区画"@ja	<https://ja.wikipedia.org/wiki/%E5%8A%A0%E9%A0%88%E5%B8%82>
<http://www.wikidata.org/entity/Q853061>	"三郷市"@ja	<http://www.wikidata.org/entity/Q1549591>	"10万都市"@ja	<http://www.wikidata.org/entity/P150>	"直下の行政区画"@ja	<https://ja.wikipedia.org/wiki/%E4%B8%89%E9%83%B7%E5%B8%82>
<http://www.wikidata.org/entity/Q853061>	"三郷市"@ja	<http://www.wikidata.org/entity/Q494721>	"日本の市"@ja	<http://www.wikidata.org/entity/P150>	"直下の行政区画"@ja	<https://ja.wikipedia.org/wiki/%E4%B8%89%E9%83%B7%E5%B8%82>
<http://www.wikidata.org/entity/Q857256>	"蓮田市"@ja	<http://www.wikidata.org/entity/Q494721>	"日本の市"@ja	<http://www.wikidata.org/entity/P150>	"直下の行政区画"@ja	<https://ja.wikipedia.org/wiki/%E8%93%AE%E7%94%B0%E5%B8%82>
<http://www.wikidata.org/entity/Q857285>	"北本市"@ja	<http://www.wikidata.org/entity/Q494721>	"日本の市"@ja	<http://www.wikidata.org/entity/P150>	"直下の行政区画"@ja	<https://ja.wikipedia.org/wiki/%E5%8C%97%E6%9C%AC%E5%B8%82>
<http://www.wikidata.org/entity/Q860659>	"行田市"@ja	<http://www.wikidata.org/entity/Q494721>	"日本の市"@ja	<http://www.wikidata.org/entity/P150>	"直下の行政区画"@ja	<https://ja.wikipedia.org/wiki/%E8%A1%8C%E7%94%B0%E5%B8%82>
<http://www.wikidata.org/entity/Q868971>	"幸手市"@ja	<http://www.wikidata.org/entity/Q494721>	"日本の市"@ja	<http://www.wikidata.org/entity/P150>	"直下の行政区画"@ja	<https://ja.wikipedia.org/wiki/%E5%B9%B8%E6%89%8B%E5%B8%82>
<http://www.wikidata.org/entity/Q869027>	"鶴ヶ島市"@ja	<http://www.wikidata.org/entity/Q494721>	"日本の市"@ja	<http://www.wikidata.org/entity/P150>	"直下の行政区画"@ja	<https://ja.wikipedia.org/wiki/%E9%B6%B4%E3%83%B6%E5%B3%B6%E5%B8%82>
<http://www.wikidata.org/entity/Q869032>	"八潮市"@ja	<http://www.wikidata.org/entity/Q494721>	"日本の市"@ja	<http://www.wikidata.org/entity/P150>	"直下の行政区画"@ja	<https://ja.wikipedia.org/wiki/%E5%85%AB%E6%BD%AE%E5%B8%82>
<http://www.wikidata.org/entity/Q873546>	"吉川市"@ja	<http://www.wikidata.org/entity/Q494721>	"日本の市"@ja	<http://www.wikidata.org/entity/P150>	"直下の行政区画"@ja	<https://ja.wikipedia.org/wiki/%E5%90%89%E5%B7%9D%E5%B8%82>
<http://www.wikidata.org/entity/Q873565>	"本庄市"@ja	<http://www.wikidata.org/entity/Q494721>	"日本の市"@ja	<http://www.wikidata.org/entity/P150>	"直下の行政区画"@ja	<https://ja.wikipedia.org/wiki/%E6%9C%AC%E5%BA%84%E5%B8%82>
<http://www.wikidata.org/entity/Q873590>	"ふじみ野市"@ja	<http://www.wikidata.org/entity/Q1549591>	"10万都市"@ja	<http://www.wikidata.org/entity/P150>	"直下の行政区画"@ja	<https://ja.wikipedia.org/wiki/%E3%81%B5%E3%81%98%E3%81%BF%E9%87%8E%E5%B8%82>
<http://www.wikidata.org/entity/Q873590>	"ふじみ野市"@ja	<http://www.wikidata.org/entity/Q494721>	"日本の市"@ja	<http://www.wikidata.org/entity/P150>	"直下の行政区画"@ja	<https://ja.wikipedia.org/wiki/%E3%81%B5%E3%81%98%E3%81%BF%E9%87%8E%E5%B8%82>
<http://www.wikidata.org/entity/Q877202>	"志木市"@ja	<http://www.wikidata.org/entity/Q11499984>	"文教都市"@ja	<http://www.wikidata.org/entity/P150>	"直下の行政区画"@ja	<https://ja.wikipedia.org/wiki/%E5%BF%97%E6%9C%A8%E5%B8%82>
<http://www.wikidata.org/entity/Q877202>	"志木市"@ja	<http://www.wikidata.org/entity/Q494721>	"日本の市"@ja	<http://www.wikidata.org/entity/P150>	"直下の行政区画"@ja	<https://ja.wikipedia.org/wiki/%E5%BF%97%E6%9C%A8%E5%B8%82>
<http://www.wikidata.org/entity/Q905721>	"日高市"@ja	<http://www.wikidata.org/entity/Q494721>	"日本の市"@ja	<http://www.wikidata.org/entity/P150>	"直下の行政区画"@ja	<https://ja.wikipedia.org/wiki/%E6%97%A5%E9%AB%98%E5%B8%82>
<http://www.wikidata.org/entity/Q909085>	"日本標準時"@ja	<http://www.wikidata.org/entity/Q12143>	"標準時間帯"@ja	<http://www.wikidata.org/entity/P421>	"標準時間帯"@ja	<https://ja.wikipedia.org/wiki/%E6%97%A5%E6%9C%AC%E6%A8%99%E6%BA%96%E6%99%82>
<http://www.wikidata.org/entity/Q920344>	"ケヤキ"@ja	<http://www.wikidata.org/entity/Q16521>	"タクソン"@ja	<http://www.wikidata.org/entity/P2238>	"公式シンボル"@ja	<https://ja.wikipedia.org/wiki/%E3%82%B1%E3%83%A4%E3%82%AD>
<http://www.wikidata.org/entity/Q938038>	"児玉郡"@ja	<http://www.wikidata.org/entity/Q1122846>	"郡"@ja	<http://www.wikidata.org/entity/P150>	"直下の行政区画"@ja	<https://ja.wikipedia.org/wiki/%E5%85%90%E7%8E%89%E9%83%A1>
<http://www.wikidata.org/entity/Q939030>	"南埼玉郡"@ja	<http://www.wikidata.org/entity/Q1122846>	"郡"@ja	<http://www.wikidata.org/entity/P150>	"直下の行政区画"@ja	<https://ja.wikipedia.org/wiki/%E5%8D%97%E5%9F%BC%E7%8E%89%E9%83%A1>
<http://www.wikidata.org/entity/Q1001893>	"岩槻藩"@ja	<http://www.wikidata.org/entity/Q841985>	"藩"@ja	<http://www.wikidata.org/entity/P1365>	"先行"@ja	<https://ja.wikipedia.org/wiki/%E5%B2%A9%E6%A7%BB%E8%97%A9>
<http://www.wikidata.org/entity/Q1066336>	"北葛飾郡"@ja	<http://www.wikidata.org/entity/Q1122846>	"郡"@ja	<http://www.wikidata.org/entity/P150>	"直下の行政区画"@ja	<https://ja.wikipedia.org/wiki/%E5%8C%97%E8%91%9B%E9%A3%BE%E9%83%A1>
<http://www.wikidata.org/entity/Q8081534>	"Q8081534"	<http://www.wikidata.org/entity/Q4167836>	"ウィキメディアのカテゴリ"@ja	<http://www.wikidata.org/entity/P1464>	"当地生まれの人のカテゴリ"@ja	
<http://www.wikidata.org/entity/Q18857471>	"Q18857471"	<http://www.wikidata.org/entity/Q4167836>	"ウィキメディアのカテゴリ"@ja	<http://www.wikidata.org/entity/P1465>	"当地で死んだ人のカテゴリ"@ja	
<http://www.wikidata.org/entity/Q51199298>	"埼玉県知事"@ja	<http://www.wikidata.org/entity/Q4164871>	"職位"@ja	<http://www.wikidata.org/entity/P1313>	"行政府の長の地位"@ja	
<http://www.wikidata.org/entity/Q100860293>	"埼玉県の経済"@ja	<http://www.wikidata.org/entity/Q100773131>	"地域経済"@ja	<http://www.wikidata.org/entity/P8744>	"主題の経済"@ja	
<http://www.wikidata.org/entity/Q107085251>	"Q107085251"	<http://www.wikidata.org/entity/Q4167836>	"ウィキメディアのカテゴリ"@ja	<http://www.wikidata.org/entity/P8989>	"景観のカテゴリ"@ja	
