?s	?sLabel	?type	?typeLabel	?prop	?propLabel	?jwiki
<http://www.wikidata.org/entity/Q17>	"日本"@ja	<http://www.wikidata.org/entity/Q113489728>	"OECD加盟国"@ja	<http://www.wikidata.org/entity/P17>	"国"@ja	<https://ja.wikipedia.org/wiki/%E6%97%A5%E6%9C%AC>
<http://www.wikidata.org/entity/Q17>	"日本"@ja	<http://www.wikidata.org/entity/Q3624078>	"主権国家"@ja	<http://www.wikidata.org/entity/P17>	"国"@ja	<https://ja.wikipedia.org/wiki/%E6%97%A5%E6%9C%AC>
<http://www.wikidata.org/entity/Q17>	"日本"@ja	<http://www.wikidata.org/entity/Q112099>	"島国"@ja	<http://www.wikidata.org/entity/P17>	"国"@ja	<https://ja.wikipedia.org/wiki/%E6%97%A5%E6%9C%AC>
<http://www.wikidata.org/entity/Q17>	"日本"@ja	<http://www.wikidata.org/entity/Q6256>	"国"@ja	<http://www.wikidata.org/entity/P17>	"国"@ja	<https://ja.wikipedia.org/wiki/%E6%97%A5%E6%9C%AC>
<http://www.wikidata.org/entity/Q128186>	"埼玉県"@ja	<http://www.wikidata.org/entity/Q50337>	"都道府県"@ja	<http://www.wikidata.org/entity/P131>	"位置する行政区画"@ja	<https://ja.wikipedia.org/wiki/%E5%9F%BC%E7%8E%89%E7%9C%8C>
<http://www.wikidata.org/entity/Q1155020>	"北足立郡"@ja	<http://www.wikidata.org/entity/Q1122846>	"郡"@ja	<http://www.wikidata.org/entity/P1376>	"以下の首都"@ja	<https://ja.wikipedia.org/wiki/%E5%8C%97%E8%B6%B3%E7%AB%8B%E9%83%A1>
<http://www.wikidata.org/entity/Q3552142>	"浦和宿"@ja	<http://www.wikidata.org/entity/Q741218>	"中山道六十九次"@ja	<http://www.wikidata.org/entity/P155>	"前"@ja	<https://ja.wikipedia.org/wiki/%E6%B5%A6%E5%92%8C%E5%AE%BF>
<http://www.wikidata.org/entity/Q11355141>	"三室村"@ja	<http://www.wikidata.org/entity/Q18663566>	"日本の廃止市区町村"@ja	<http://www.wikidata.org/entity/P1365>	"先行"@ja	<https://ja.wikipedia.org/wiki/%E4%B8%89%E5%AE%A4%E6%9D%91>
<http://www.wikidata.org/entity/Q11392566>	"六辻町"@ja	<http://www.wikidata.org/entity/Q18663566>	"日本の廃止市区町村"@ja	<http://www.wikidata.org/entity/P1365>	"先行"@ja	<https://ja.wikipedia.org/wiki/%E5%85%AD%E8%BE%BB%E7%94%BA>
<http://www.wikidata.org/entity/Q11423106>	"土合村"@ja	<http://www.wikidata.org/entity/Q18663566>	"日本の廃止市区町村"@ja	<http://www.wikidata.org/entity/P1365>	"先行"@ja	<https://ja.wikipedia.org/wiki/%E5%9C%9F%E5%90%88%E6%9D%91>
<http://www.wikidata.org/entity/Q11432021>	"大久保村"@ja	<http://www.wikidata.org/entity/Q18663566>	"日本の廃止市区町村"@ja	<http://www.wikidata.org/entity/P1365>	"先行"@ja	<https://ja.wikipedia.org/wiki/%E5%A4%A7%E4%B9%85%E4%BF%9D%E6%9D%91_(%E5%9F%BC%E7%8E%89%E7%9C%8C)>
<http://www.wikidata.org/entity/Q11465516>	"尾間木村"@ja	<http://www.wikidata.org/entity/Q18663566>	"日本の廃止市区町村"@ja	<http://www.wikidata.org/entity/P1365>	"先行"@ja	<https://ja.wikipedia.org/wiki/%E5%B0%BE%E9%96%93%E6%9C%A8%E6%9D%91>
<http://www.wikidata.org/entity/Q11518358>	"木崎村"@ja	<http://www.wikidata.org/entity/Q18663566>	"日本の廃止市区町村"@ja	<http://www.wikidata.org/entity/P1365>	"先行"@ja	<https://ja.wikipedia.org/wiki/%E6%9C%A8%E5%B4%8E%E6%9D%91_(%E5%9F%BC%E7%8E%89%E7%9C%8C)>
<http://www.wikidata.org/entity/Q11608896>	"美園村"@ja	<http://www.wikidata.org/entity/Q18663566>	"日本の廃止市区町村"@ja	<http://www.wikidata.org/entity/P1365>	"先行"@ja	<https://ja.wikipedia.org/wiki/%E7%BE%8E%E5%9C%92%E6%9D%91>
<http://www.wikidata.org/entity/Q11633049>	"谷田村"@ja	<http://www.wikidata.org/entity/Q18663566>	"日本の廃止市区町村"@ja	<http://www.wikidata.org/entity/P1365>	"先行"@ja	<https://ja.wikipedia.org/wiki/%E8%B0%B7%E7%94%B0%E6%9D%91>
<http://www.wikidata.org/entity/Q134635>	"さいたま市"@ja	<http://www.wikidata.org/entity/Q65589340>	"都道府県庁所在地"@ja	<http://www.wikidata.org/entity/P3842>	"位置する現在の行政区画"@ja	<https://ja.wikipedia.org/wiki/%E3%81%95%E3%81%84%E3%81%9F%E3%81%BE%E5%B8%82>
<http://www.wikidata.org/entity/Q134635>	"さいたま市"@ja	<http://www.wikidata.org/entity/Q65589340>	"都道府県庁所在地"@ja	<http://www.wikidata.org/entity/P1366>	"後継"@ja	<https://ja.wikipedia.org/wiki/%E3%81%95%E3%81%84%E3%81%9F%E3%81%BE%E5%B8%82>
<http://www.wikidata.org/entity/Q134635>	"さいたま市"@ja	<http://www.wikidata.org/entity/Q11499984>	"文教都市"@ja	<http://www.wikidata.org/entity/P3842>	"位置する現在の行政区画"@ja	<https://ja.wikipedia.org/wiki/%E3%81%95%E3%81%84%E3%81%9F%E3%81%BE%E5%B8%82>
<http://www.wikidata.org/entity/Q134635>	"さいたま市"@ja	<http://www.wikidata.org/entity/Q11499984>	"文教都市"@ja	<http://www.wikidata.org/entity/P1366>	"後継"@ja	<https://ja.wikipedia.org/wiki/%E3%81%95%E3%81%84%E3%81%9F%E3%81%BE%E5%B8%82>
<http://www.wikidata.org/entity/Q134635>	"さいたま市"@ja	<http://www.wikidata.org/entity/Q11422368>	"国際会議観光都市"@ja	<http://www.wikidata.org/entity/P3842>	"位置する現在の行政区画"@ja	<https://ja.wikipedia.org/wiki/%E3%81%95%E3%81%84%E3%81%9F%E3%81%BE%E5%B8%82>
<http://www.wikidata.org/entity/Q134635>	"さいたま市"@ja	<http://www.wikidata.org/entity/Q11422368>	"国際会議観光都市"@ja	<http://www.wikidata.org/entity/P1366>	"後継"@ja	<https://ja.wikipedia.org/wiki/%E3%81%95%E3%81%84%E3%81%9F%E3%81%BE%E5%B8%82>
<http://www.wikidata.org/entity/Q134635>	"さいたま市"@ja	<http://www.wikidata.org/entity/Q1749269>	"政令指定都市"@ja	<http://www.wikidata.org/entity/P3842>	"位置する現在の行政区画"@ja	<https://ja.wikipedia.org/wiki/%E3%81%95%E3%81%84%E3%81%9F%E3%81%BE%E5%B8%82>
<http://www.wikidata.org/entity/Q134635>	"さいたま市"@ja	<http://www.wikidata.org/entity/Q1749269>	"政令指定都市"@ja	<http://www.wikidata.org/entity/P1366>	"後継"@ja	<https://ja.wikipedia.org/wiki/%E3%81%95%E3%81%84%E3%81%9F%E3%81%BE%E5%B8%82>
<http://www.wikidata.org/entity/Q134635>	"さいたま市"@ja	<http://www.wikidata.org/entity/Q1637706>	"100万都市"@ja	<http://www.wikidata.org/entity/P3842>	"位置する現在の行政区画"@ja	<https://ja.wikipedia.org/wiki/%E3%81%95%E3%81%84%E3%81%9F%E3%81%BE%E5%B8%82>
<http://www.wikidata.org/entity/Q134635>	"さいたま市"@ja	<http://www.wikidata.org/entity/Q1637706>	"100万都市"@ja	<http://www.wikidata.org/entity/P1366>	"後継"@ja	<https://ja.wikipedia.org/wiki/%E3%81%95%E3%81%84%E3%81%9F%E3%81%BE%E5%B8%82>
<http://www.wikidata.org/entity/Q134635>	"さいたま市"@ja	<http://www.wikidata.org/entity/Q1549591>	"10万都市"@ja	<http://www.wikidata.org/entity/P3842>	"位置する現在の行政区画"@ja	<https://ja.wikipedia.org/wiki/%E3%81%95%E3%81%84%E3%81%9F%E3%81%BE%E5%B8%82>
<http://www.wikidata.org/entity/Q134635>	"さいたま市"@ja	<http://www.wikidata.org/entity/Q1549591>	"10万都市"@ja	<http://www.wikidata.org/entity/P1366>	"後継"@ja	<https://ja.wikipedia.org/wiki/%E3%81%95%E3%81%84%E3%81%9F%E3%81%BE%E5%B8%82>
<http://www.wikidata.org/entity/Q134635>	"さいたま市"@ja	<http://www.wikidata.org/entity/Q691960>	"衛星都市"@ja	<http://www.wikidata.org/entity/P3842>	"位置する現在の行政区画"@ja	<https://ja.wikipedia.org/wiki/%E3%81%95%E3%81%84%E3%81%9F%E3%81%BE%E5%B8%82>
<http://www.wikidata.org/entity/Q134635>	"さいたま市"@ja	<http://www.wikidata.org/entity/Q691960>	"衛星都市"@ja	<http://www.wikidata.org/entity/P1366>	"後継"@ja	<https://ja.wikipedia.org/wiki/%E3%81%95%E3%81%84%E3%81%9F%E3%81%BE%E5%B8%82>
<http://www.wikidata.org/entity/Q134635>	"さいたま市"@ja	<http://www.wikidata.org/entity/Q494721>	"日本の市"@ja	<http://www.wikidata.org/entity/P3842>	"位置する現在の行政区画"@ja	<https://ja.wikipedia.org/wiki/%E3%81%95%E3%81%84%E3%81%9F%E3%81%BE%E5%B8%82>
<http://www.wikidata.org/entity/Q134635>	"さいたま市"@ja	<http://www.wikidata.org/entity/Q494721>	"日本の市"@ja	<http://www.wikidata.org/entity/P1366>	"後継"@ja	<https://ja.wikipedia.org/wiki/%E3%81%95%E3%81%84%E3%81%9F%E3%81%BE%E5%B8%82>
<http://www.wikidata.org/entity/Q209034>	"トルーカ"@ja	<http://www.wikidata.org/entity/Q20202352>	"Q20202352"	<http://www.wikidata.org/entity/P190>	"姉妹都市"@ja	<https://ja.wikipedia.org/wiki/%E3%83%88%E3%83%AB%E3%83%BC%E3%82%AB>
<http://www.wikidata.org/entity/Q209034>	"トルーカ"@ja	<http://www.wikidata.org/entity/Q1549591>	"10万都市"@ja	<http://www.wikidata.org/entity/P190>	"姉妹都市"@ja	<https://ja.wikipedia.org/wiki/%E3%83%88%E3%83%AB%E3%83%BC%E3%82%AB>
<http://www.wikidata.org/entity/Q209034>	"トルーカ"@ja	<http://www.wikidata.org/entity/Q515>	"都市"@ja	<http://www.wikidata.org/entity/P190>	"姉妹都市"@ja	<https://ja.wikipedia.org/wiki/%E3%83%88%E3%83%AB%E3%83%BC%E3%82%AB>
<http://www.wikidata.org/entity/Q823874>	"戸田市"@ja	<http://www.wikidata.org/entity/Q1549591>	"10万都市"@ja	<http://www.wikidata.org/entity/P1365>	"先行"@ja	<https://ja.wikipedia.org/wiki/%E6%88%B8%E7%94%B0%E5%B8%82>
<http://www.wikidata.org/entity/Q823874>	"戸田市"@ja	<http://www.wikidata.org/entity/Q494721>	"日本の市"@ja	<http://www.wikidata.org/entity/P1365>	"先行"@ja	<https://ja.wikipedia.org/wiki/%E6%88%B8%E7%94%B0%E5%B8%82>
<http://www.wikidata.org/entity/Q20731351>	"Q20731351"	<http://www.wikidata.org/entity/Q4167836>	"ウィキメディアのカテゴリ"@ja	<http://www.wikidata.org/entity/P1464>	"当地生まれの人のカテゴリ"@ja	
