?s	?sLabel	?type	?typeLabel	?prop	?propLabel	?jwiki
<http://www.wikidata.org/entity/Q17>	"日本"@ja	<http://www.wikidata.org/entity/Q113489728>	"OECD加盟国"@ja	<http://www.wikidata.org/entity/P17>	"国"@ja	<https://ja.wikipedia.org/wiki/%E6%97%A5%E6%9C%AC>
<http://www.wikidata.org/entity/Q17>	"日本"@ja	<http://www.wikidata.org/entity/Q3624078>	"主権国家"@ja	<http://www.wikidata.org/entity/P17>	"国"@ja	<https://ja.wikipedia.org/wiki/%E6%97%A5%E6%9C%AC>
<http://www.wikidata.org/entity/Q17>	"日本"@ja	<http://www.wikidata.org/entity/Q112099>	"島国"@ja	<http://www.wikidata.org/entity/P17>	"国"@ja	<https://ja.wikipedia.org/wiki/%E6%97%A5%E6%9C%AC>
<http://www.wikidata.org/entity/Q17>	"日本"@ja	<http://www.wikidata.org/entity/Q6256>	"国"@ja	<http://www.wikidata.org/entity/P17>	"国"@ja	<https://ja.wikipedia.org/wiki/%E6%97%A5%E6%9C%AC>
<http://www.wikidata.org/entity/Q783333>	"越生町"@ja	<http://www.wikidata.org/entity/Q1059478>	"日本の町"@ja	<http://www.wikidata.org/entity/P47>	"隣の国又は行政区画"@ja	<https://ja.wikipedia.org/wiki/%E8%B6%8A%E7%94%9F%E7%94%BA>
<http://www.wikidata.org/entity/Q850344>	"坂戸市"@ja	<http://www.wikidata.org/entity/Q1549591>	"10万都市"@ja	<http://www.wikidata.org/entity/P47>	"隣の国又は行政区画"@ja	<https://ja.wikipedia.org/wiki/%E5%9D%82%E6%88%B8%E5%B8%82>
<http://www.wikidata.org/entity/Q850344>	"坂戸市"@ja	<http://www.wikidata.org/entity/Q494721>	"日本の市"@ja	<http://www.wikidata.org/entity/P47>	"隣の国又は行政区画"@ja	<https://ja.wikipedia.org/wiki/%E5%9D%82%E6%88%B8%E5%B8%82>
<http://www.wikidata.org/entity/Q7041>	"UTC+9"@ja	<http://www.wikidata.org/entity/Q17272482>	"UTCとの時差で定義された標準時"@ja	<http://www.wikidata.org/entity/P421>	"標準時間帯"@ja	<https://ja.wikipedia.org/wiki/UTC%2B9>
<http://www.wikidata.org/entity/Q1059478>	"日本の町"@ja	<http://www.wikidata.org/entity/Q15617994>	"行政区画の種類"@ja	<http://www.wikidata.org/entity/P31>	"分類"@ja	<https://ja.wikipedia.org/wiki/%E7%94%BA>
<http://www.wikidata.org/entity/Q1059478>	"日本の町"@ja	<http://www.wikidata.org/entity/Q35798>	"行政機関"@ja	<http://www.wikidata.org/entity/P31>	"分類"@ja	<https://ja.wikipedia.org/wiki/%E7%94%BA>
<http://www.wikidata.org/entity/Q1153801>	"入間郡"@ja	<http://www.wikidata.org/entity/Q1122846>	"郡"@ja	<http://www.wikidata.org/entity/P131>	"位置する行政区画"@ja	<https://ja.wikipedia.org/wiki/%E5%85%A5%E9%96%93%E9%83%A1>
<http://www.wikidata.org/entity/Q10097009>	"Category:毛呂山町"@ja	<http://www.wikidata.org/entity/Q4167836>	"ウィキメディアのカテゴリ"@ja	<http://www.wikidata.org/entity/P910>	"主題の中心カテゴリ"@ja	<https://ja.wikipedia.org/wiki/Category:%E6%AF%9B%E5%91%82%E5%B1%B1%E7%94%BA>
<http://www.wikidata.org/entity/Q11469561>	"山根村"@ja	<http://www.wikidata.org/entity/Q18663566>	"日本の廃止市区町村"@ja	<http://www.wikidata.org/entity/P1365>	"先行"@ja	<https://ja.wikipedia.org/wiki/%E5%B1%B1%E6%A0%B9%E6%9D%91_(%E5%9F%BC%E7%8E%89%E7%9C%8C)>
<http://www.wikidata.org/entity/Q11479188>	"川角村"@ja	<http://www.wikidata.org/entity/Q18663566>	"日本の廃止市区町村"@ja	<http://www.wikidata.org/entity/P1365>	"先行"@ja	<https://ja.wikipedia.org/wiki/%E5%B7%9D%E8%A7%92%E6%9D%91>
<http://www.wikidata.org/entity/Q850472>	"飯能市"@ja	<http://www.wikidata.org/entity/Q494721>	"日本の市"@ja	<http://www.wikidata.org/entity/P47>	"隣の国又は行政区画"@ja	<https://ja.wikipedia.org/wiki/%E9%A3%AF%E8%83%BD%E5%B8%82>
<http://www.wikidata.org/entity/Q905721>	"日高市"@ja	<http://www.wikidata.org/entity/Q494721>	"日本の市"@ja	<http://www.wikidata.org/entity/P47>	"隣の国又は行政区画"@ja	<https://ja.wikipedia.org/wiki/%E6%97%A5%E9%AB%98%E5%B8%82>
<http://www.wikidata.org/entity/Q925875>	"鳩山町"@ja	<http://www.wikidata.org/entity/Q1059478>	"日本の町"@ja	<http://www.wikidata.org/entity/P47>	"隣の国又は行政区画"@ja	<https://ja.wikipedia.org/wiki/%E9%B3%A9%E5%B1%B1%E7%94%BA>
