?s	?sLabel	?type	?typeLabel	?prop	?propLabel	?jwiki
<http://www.wikidata.org/entity/Q17>	"日本"@ja	<http://www.wikidata.org/entity/Q113489728>	"OECD加盟国"@ja	<http://www.wikidata.org/entity/P17>	"国"@ja	<https://ja.wikipedia.org/wiki/%E6%97%A5%E6%9C%AC>
<http://www.wikidata.org/entity/Q17>	"日本"@ja	<http://www.wikidata.org/entity/Q3624078>	"主権国家"@ja	<http://www.wikidata.org/entity/P17>	"国"@ja	<https://ja.wikipedia.org/wiki/%E6%97%A5%E6%9C%AC>
<http://www.wikidata.org/entity/Q17>	"日本"@ja	<http://www.wikidata.org/entity/Q112099>	"島国"@ja	<http://www.wikidata.org/entity/P17>	"国"@ja	<https://ja.wikipedia.org/wiki/%E6%97%A5%E6%9C%AC>
<http://www.wikidata.org/entity/Q17>	"日本"@ja	<http://www.wikidata.org/entity/Q6256>	"国"@ja	<http://www.wikidata.org/entity/P17>	"国"@ja	<https://ja.wikipedia.org/wiki/%E6%97%A5%E6%9C%AC>
<http://www.wikidata.org/entity/Q251027>	"ときがわ町"@ja	<http://www.wikidata.org/entity/Q1059478>	"日本の町"@ja	<http://www.wikidata.org/entity/P47>	"隣の国又は行政区画"@ja	<https://ja.wikipedia.org/wiki/%E3%81%A8%E3%81%8D%E3%81%8C%E3%82%8F%E7%94%BA>
<http://www.wikidata.org/entity/Q783333>	"越生町"@ja	<http://www.wikidata.org/entity/Q1059478>	"日本の町"@ja	<http://www.wikidata.org/entity/P47>	"隣の国又は行政区画"@ja	<https://ja.wikipedia.org/wiki/%E8%B6%8A%E7%94%9F%E7%94%BA>
<http://www.wikidata.org/entity/Q7041>	"UTC+9"@ja	<http://www.wikidata.org/entity/Q17272482>	"UTCとの時差で定義された標準時"@ja	<http://www.wikidata.org/entity/P421>	"標準時間帯"@ja	<https://ja.wikipedia.org/wiki/UTC%2B9>
<http://www.wikidata.org/entity/Q823907>	"東松山市"@ja	<http://www.wikidata.org/entity/Q494721>	"日本の市"@ja	<http://www.wikidata.org/entity/P47>	"隣の国又は行政区画"@ja	<https://ja.wikipedia.org/wiki/%E6%9D%B1%E6%9D%BE%E5%B1%B1%E5%B8%82>
<http://www.wikidata.org/entity/Q850344>	"坂戸市"@ja	<http://www.wikidata.org/entity/Q1549591>	"10万都市"@ja	<http://www.wikidata.org/entity/P47>	"隣の国又は行政区画"@ja	<https://ja.wikipedia.org/wiki/%E5%9D%82%E6%88%B8%E5%B8%82>
<http://www.wikidata.org/entity/Q850344>	"坂戸市"@ja	<http://www.wikidata.org/entity/Q494721>	"日本の市"@ja	<http://www.wikidata.org/entity/P47>	"隣の国又は行政区画"@ja	<https://ja.wikipedia.org/wiki/%E5%9D%82%E6%88%B8%E5%B8%82>
<http://www.wikidata.org/entity/Q864320>	"温暖湿潤気候"@ja	<http://www.wikidata.org/entity/Q23702033>	"ケッペンの気候区分の気候型"@ja	<http://www.wikidata.org/entity/P2564>	"ケッペンの気候区分"@ja	<https://ja.wikipedia.org/wiki/%E6%B8%A9%E6%9A%96%E6%B9%BF%E6%BD%A4%E6%B0%97%E5%80%99>
<http://www.wikidata.org/entity/Q1059478>	"日本の町"@ja	<http://www.wikidata.org/entity/Q15617994>	"行政区画の種類"@ja	<http://www.wikidata.org/entity/P31>	"分類"@ja	<https://ja.wikipedia.org/wiki/%E7%94%BA>
<http://www.wikidata.org/entity/Q1059478>	"日本の町"@ja	<http://www.wikidata.org/entity/Q35798>	"行政機関"@ja	<http://www.wikidata.org/entity/P31>	"分類"@ja	<https://ja.wikipedia.org/wiki/%E7%94%BA>
<http://www.wikidata.org/entity/Q1075201>	"比企郡"@ja	<http://www.wikidata.org/entity/Q1122846>	"郡"@ja	<http://www.wikidata.org/entity/P131>	"位置する行政区画"@ja	<https://ja.wikipedia.org/wiki/%E6%AF%94%E4%BC%81%E9%83%A1>
<http://www.wikidata.org/entity/Q1354799>	"毛呂山町"@ja	<http://www.wikidata.org/entity/Q1059478>	"日本の町"@ja	<http://www.wikidata.org/entity/P47>	"隣の国又は行政区画"@ja	<https://ja.wikipedia.org/wiki/%E6%AF%9B%E5%91%82%E5%B1%B1%E7%94%BA>
<http://www.wikidata.org/entity/Q1358642>	"嵐山町"@ja	<http://www.wikidata.org/entity/Q1059478>	"日本の町"@ja	<http://www.wikidata.org/entity/P47>	"隣の国又は行政区画"@ja	<https://ja.wikipedia.org/wiki/%E5%B5%90%E5%B1%B1%E7%94%BA>
<http://www.wikidata.org/entity/Q11370749>	"亀井村"@ja	<http://www.wikidata.org/entity/Q18663566>	"日本の廃止市区町村"@ja	<http://www.wikidata.org/entity/P1365>	"先行"@ja	<https://ja.wikipedia.org/wiki/%E4%BA%80%E4%BA%95%E6%9D%91>
<http://www.wikidata.org/entity/Q11376880>	"今宿村"@ja	<http://www.wikidata.org/entity/Q18663566>	"日本の廃止市区町村"@ja	<http://www.wikidata.org/entity/P1365>	"先行"@ja	<https://ja.wikipedia.org/wiki/%E4%BB%8A%E5%AE%BF%E6%9D%91_(%E5%9F%BC%E7%8E%89%E7%9C%8C)>
<http://www.wikidata.org/entity/Q15615182>	"Category:鳩山町"@ja	<http://www.wikidata.org/entity/Q4167836>	"ウィキメディアのカテゴリ"@ja	<http://www.wikidata.org/entity/P910>	"主題の中心カテゴリ"@ja	<https://ja.wikipedia.org/wiki/Category:%E9%B3%A9%E5%B1%B1%E7%94%BA>
