?s	?sLabel	?type	?typeLabel	?prop	?propLabel	?jwiki
<http://www.wikidata.org/entity/Q17>	"日本"@ja	<http://www.wikidata.org/entity/Q113489728>	"OECD加盟国"@ja	<http://www.wikidata.org/entity/P17>	"国"@ja	<https://ja.wikipedia.org/wiki/%E6%97%A5%E6%9C%AC>
<http://www.wikidata.org/entity/Q17>	"日本"@ja	<http://www.wikidata.org/entity/Q3624078>	"主権国家"@ja	<http://www.wikidata.org/entity/P17>	"国"@ja	<https://ja.wikipedia.org/wiki/%E6%97%A5%E6%9C%AC>
<http://www.wikidata.org/entity/Q17>	"日本"@ja	<http://www.wikidata.org/entity/Q112099>	"島国"@ja	<http://www.wikidata.org/entity/P17>	"国"@ja	<https://ja.wikipedia.org/wiki/%E6%97%A5%E6%9C%AC>
<http://www.wikidata.org/entity/Q17>	"日本"@ja	<http://www.wikidata.org/entity/Q6256>	"国"@ja	<http://www.wikidata.org/entity/P17>	"国"@ja	<https://ja.wikipedia.org/wiki/%E6%97%A5%E6%9C%AC>
<http://www.wikidata.org/entity/Q98>	"太平洋"@ja	<http://www.wikidata.org/entity/Q9430>	"海洋"@ja	<http://www.wikidata.org/entity/P206>	"隣接・位置する水域"@ja	<https://ja.wikipedia.org/wiki/%E5%A4%AA%E5%B9%B3%E6%B4%8B>
<http://www.wikidata.org/entity/Q98>	"太平洋"@ja	<http://www.wikidata.org/entity/Q165>	"海"@ja	<http://www.wikidata.org/entity/P206>	"隣接・位置する水域"@ja	<https://ja.wikipedia.org/wiki/%E5%A4%AA%E5%B9%B3%E6%B4%8B>
<http://www.wikidata.org/entity/Q7041>	"UTC+9"@ja	<http://www.wikidata.org/entity/Q17272482>	"UTCとの時差で定義された標準時"@ja	<http://www.wikidata.org/entity/P421>	"標準時間帯"@ja	<https://ja.wikipedia.org/wiki/UTC%2B9>
<http://www.wikidata.org/entity/Q7859>	"ユジノサハリンスク"@ja	<http://www.wikidata.org/entity/Q7930989>	"都市・街"@ja	<http://www.wikidata.org/entity/P190>	"姉妹都市"@ja	<https://ja.wikipedia.org/wiki/%E3%83%A6%E3%82%B8%E3%83%8E%E3%82%B5%E3%83%8F%E3%83%AA%E3%83%B3%E3%82%B9%E3%82%AF>
<http://www.wikidata.org/entity/Q7859>	"ユジノサハリンスク"@ja	<http://www.wikidata.org/entity/Q1549591>	"10万都市"@ja	<http://www.wikidata.org/entity/P190>	"姉妹都市"@ja	<https://ja.wikipedia.org/wiki/%E3%83%A6%E3%82%B8%E3%83%8E%E3%82%B5%E3%83%8F%E3%83%AA%E3%83%B3%E3%82%B9%E3%82%AF>
<http://www.wikidata.org/entity/Q7859>	"ユジノサハリンスク"@ja	<http://www.wikidata.org/entity/Q192287>	"ロシア連邦の地方区分"@ja	<http://www.wikidata.org/entity/P190>	"姉妹都市"@ja	<https://ja.wikipedia.org/wiki/%E3%83%A6%E3%82%B8%E3%83%8E%E3%82%B5%E3%83%8F%E3%83%AA%E3%83%B3%E3%82%B9%E3%82%AF>
<http://www.wikidata.org/entity/Q2141>	"ハリファックス"@ja	<http://www.wikidata.org/entity/Q21507383>	"カナダの州または準州の州都"@ja	<http://www.wikidata.org/entity/P190>	"姉妹都市"@ja	<https://ja.wikipedia.org/wiki/%E3%83%8F%E3%83%AA%E3%83%95%E3%82%A1%E3%83%83%E3%82%AF%E3%82%B9>
<http://www.wikidata.org/entity/Q2141>	"ハリファックス"@ja	<http://www.wikidata.org/entity/Q1907114>	"都市圏"@ja	<http://www.wikidata.org/entity/P190>	"姉妹都市"@ja	<https://ja.wikipedia.org/wiki/%E3%83%8F%E3%83%AA%E3%83%95%E3%82%A1%E3%83%83%E3%82%AF%E3%82%B9>
<http://www.wikidata.org/entity/Q2141>	"ハリファックス"@ja	<http://www.wikidata.org/entity/Q1549591>	"10万都市"@ja	<http://www.wikidata.org/entity/P190>	"姉妹都市"@ja	<https://ja.wikipedia.org/wiki/%E3%83%8F%E3%83%AA%E3%83%95%E3%82%A1%E3%83%83%E3%82%AF%E3%82%B9>
<http://www.wikidata.org/entity/Q2141>	"ハリファックス"@ja	<http://www.wikidata.org/entity/Q1388464>	"Q1388464"	<http://www.wikidata.org/entity/P190>	"姉妹都市"@ja	<https://ja.wikipedia.org/wiki/%E3%83%8F%E3%83%AA%E3%83%95%E3%82%A1%E3%83%83%E3%82%AF%E3%82%B9>
<http://www.wikidata.org/entity/Q2141>	"ハリファックス"@ja	<http://www.wikidata.org/entity/Q515>	"都市"@ja	<http://www.wikidata.org/entity/P190>	"姉妹都市"@ja	<https://ja.wikipedia.org/wiki/%E3%83%8F%E3%83%AA%E3%83%95%E3%82%A1%E3%83%83%E3%82%AF%E3%82%B9>
<http://www.wikidata.org/entity/Q11736>	"天津市"@ja	<http://www.wikidata.org/entity/Q2264924>	"港湾都市"@ja	<http://www.wikidata.org/entity/P190>	"姉妹都市"@ja	<https://ja.wikipedia.org/wiki/%E5%A4%A9%E6%B4%A5%E5%B8%82>
<http://www.wikidata.org/entity/Q11736>	"天津市"@ja	<http://www.wikidata.org/entity/Q1637706>	"100万都市"@ja	<http://www.wikidata.org/entity/P190>	"姉妹都市"@ja	<https://ja.wikipedia.org/wiki/%E5%A4%A9%E6%B4%A5%E5%B8%82>
<http://www.wikidata.org/entity/Q11736>	"天津市"@ja	<http://www.wikidata.org/entity/Q1549591>	"10万都市"@ja	<http://www.wikidata.org/entity/P190>	"姉妹都市"@ja	<https://ja.wikipedia.org/wiki/%E5%A4%A9%E6%B4%A5%E5%B8%82>
<http://www.wikidata.org/entity/Q11736>	"天津市"@ja	<http://www.wikidata.org/entity/Q1208802>	"直轄市"@ja	<http://www.wikidata.org/entity/P190>	"姉妹都市"@ja	<https://ja.wikipedia.org/wiki/%E5%A4%A9%E6%B4%A5%E5%B8%82>
<http://www.wikidata.org/entity/Q11736>	"天津市"@ja	<http://www.wikidata.org/entity/Q1073535>	"経済技術開発区"@ja	<http://www.wikidata.org/entity/P190>	"姉妹都市"@ja	<https://ja.wikipedia.org/wiki/%E5%A4%A9%E6%B4%A5%E5%B8%82>
<http://www.wikidata.org/entity/Q11736>	"天津市"@ja	<http://www.wikidata.org/entity/Q1066538>	"国家中心都市"@ja	<http://www.wikidata.org/entity/P190>	"姉妹都市"@ja	<https://ja.wikipedia.org/wiki/%E5%A4%A9%E6%B4%A5%E5%B8%82>
<http://www.wikidata.org/entity/Q11736>	"天津市"@ja	<http://www.wikidata.org/entity/Q174844>	"メガシティ"@ja	<http://www.wikidata.org/entity/P190>	"姉妹都市"@ja	<https://ja.wikipedia.org/wiki/%E5%A4%A9%E6%B4%A5%E5%B8%82>
<http://www.wikidata.org/entity/Q11736>	"天津市"@ja	<http://www.wikidata.org/entity/Q515>	"都市"@ja	<http://www.wikidata.org/entity/P190>	"姉妹都市"@ja	<https://ja.wikipedia.org/wiki/%E5%A4%A9%E6%B4%A5%E5%B8%82>
<http://www.wikidata.org/entity/Q42061>	"高陽市"@ja	<http://www.wikidata.org/entity/Q29045252>	"大韓民国の市"@ja	<http://www.wikidata.org/entity/P190>	"姉妹都市"@ja	<https://ja.wikipedia.org/wiki/%E9%AB%98%E9%99%BD%E5%B8%82>
<http://www.wikidata.org/entity/Q42061>	"高陽市"@ja	<http://www.wikidata.org/entity/Q4249901>	"特例市"@ja	<http://www.wikidata.org/entity/P190>	"姉妹都市"@ja	<https://ja.wikipedia.org/wiki/%E9%AB%98%E9%99%BD%E5%B8%82>
<http://www.wikidata.org/entity/Q42061>	"高陽市"@ja	<http://www.wikidata.org/entity/Q1637706>	"100万都市"@ja	<http://www.wikidata.org/entity/P190>	"姉妹都市"@ja	<https://ja.wikipedia.org/wiki/%E9%AB%98%E9%99%BD%E5%B8%82>
<http://www.wikidata.org/entity/Q42061>	"高陽市"@ja	<http://www.wikidata.org/entity/Q1549591>	"10万都市"@ja	<http://www.wikidata.org/entity/P190>	"姉妹都市"@ja	<https://ja.wikipedia.org/wiki/%E9%AB%98%E9%99%BD%E5%B8%82>
<http://www.wikidata.org/entity/Q1036267>	"内浦湾"@ja	<http://www.wikidata.org/entity/Q39594>	"湾"@ja	<http://www.wikidata.org/entity/P206>	"隣接・位置する水域"@ja	<https://ja.wikipedia.org/wiki/%E5%86%85%E6%B5%A6%E6%B9%BE>
<http://www.wikidata.org/entity/Q1144815>	"イチイ"@ja	<http://www.wikidata.org/entity/Q16521>	"タクソン"@ja	<http://www.wikidata.org/entity/P2238>	"公式シンボル"@ja	<https://ja.wikipedia.org/wiki/%E3%82%A4%E3%83%81%E3%82%A4>
<http://www.wikidata.org/entity/Q1354276>	"七飯町"@ja	<http://www.wikidata.org/entity/Q1059478>	"日本の町"@ja	<http://www.wikidata.org/entity/P47>	"隣の国又は行政区画"@ja	<https://ja.wikipedia.org/wiki/%E4%B8%83%E9%A3%AF%E7%94%BA>
<http://www.wikidata.org/entity/Q959>	"ウラジオストク"@ja	<http://www.wikidata.org/entity/Q7930989>	"都市・街"@ja	<http://www.wikidata.org/entity/P190>	"姉妹都市"@ja	<https://ja.wikipedia.org/wiki/%E3%82%A6%E3%83%A9%E3%82%B8%E3%82%AA%E3%82%B9%E3%83%88%E3%82%AF>
<http://www.wikidata.org/entity/Q2226825>	"渡島総合振興局"@ja	<http://www.wikidata.org/entity/Q850450>	"支庁"@ja	<http://www.wikidata.org/entity/P1376>	"以下の首都"@ja	<https://ja.wikipedia.org/wiki/%E6%B8%A1%E5%B3%B6%E7%B7%8F%E5%90%88%E6%8C%AF%E8%88%88%E5%B1%80>
<http://www.wikidata.org/entity/Q2226825>	"渡島総合振興局"@ja	<http://www.wikidata.org/entity/Q850450>	"支庁"@ja	<http://www.wikidata.org/entity/P131>	"位置する行政区画"@ja	<https://ja.wikipedia.org/wiki/%E6%B8%A1%E5%B3%B6%E7%B7%8F%E5%90%88%E6%8C%AF%E8%88%88%E5%B1%80>
<http://www.wikidata.org/entity/Q5640572>	"千代台公園陸上競技場"@ja	<http://www.wikidata.org/entity/Q2310214>	"ピッチ"@ja	<http://www.wikidata.org/entity/P1830>	"所有物"@ja	<https://ja.wikipedia.org/wiki/%E5%8D%83%E4%BB%A3%E5%8F%B0%E5%85%AC%E5%9C%92%E9%99%B8%E4%B8%8A%E7%AB%B6%E6%8A%80%E5%A0%B4>
<http://www.wikidata.org/entity/Q6807487>	"Category:函館市"@ja	<http://www.wikidata.org/entity/Q4167836>	"ウィキメディアのカテゴリ"@ja	<http://www.wikidata.org/entity/P910>	"主題の中心カテゴリ"@ja	<https://ja.wikipedia.org/wiki/Category:%E5%87%BD%E9%A4%A8%E5%B8%82>
<http://www.wikidata.org/entity/Q8017303>	"道南"@ja	<http://www.wikidata.org/entity/Q82794>	"地域"@ja	<http://www.wikidata.org/entity/P276>	"場所"@ja	<https://ja.wikipedia.org/wiki/%E9%81%93%E5%8D%97>
<http://www.wikidata.org/entity/Q10896698>	"函館港"@ja	<http://www.wikidata.org/entity/Q11644820>	"重点港湾"@ja	<http://www.wikidata.org/entity/P206>	"隣接・位置する水域"@ja	<https://ja.wikipedia.org/wiki/%E5%87%BD%E9%A4%A8%E6%B8%AF>
<http://www.wikidata.org/entity/Q10896698>	"函館港"@ja	<http://www.wikidata.org/entity/Q11570893>	"特定港"@ja	<http://www.wikidata.org/entity/P206>	"隣接・位置する水域"@ja	<https://ja.wikipedia.org/wiki/%E5%87%BD%E9%A4%A8%E6%B8%AF>
<http://www.wikidata.org/entity/Q10896698>	"函館港"@ja	<http://www.wikidata.org/entity/Q44782>	"港湾"@ja	<http://www.wikidata.org/entity/P206>	"隣接・位置する水域"@ja	<https://ja.wikipedia.org/wiki/%E5%87%BD%E9%A4%A8%E6%B8%AF>
<http://www.wikidata.org/entity/Q10908907>	"南茅部町"@ja	<http://www.wikidata.org/entity/Q18663566>	"日本の廃止市区町村"@ja	<http://www.wikidata.org/entity/P1365>	"先行"@ja	<https://ja.wikipedia.org/wiki/%E5%8D%97%E8%8C%85%E9%83%A8%E7%94%BA>
<http://www.wikidata.org/entity/Q11073373>	"恵山町"@ja	<http://www.wikidata.org/entity/Q18663566>	"日本の廃止市区町村"@ja	<http://www.wikidata.org/entity/P1365>	"先行"@ja	<https://ja.wikipedia.org/wiki/%E6%81%B5%E5%B1%B1%E7%94%BA>
<http://www.wikidata.org/entity/Q11075406>	"戸井町"@ja	<http://www.wikidata.org/entity/Q18663566>	"日本の廃止市区町村"@ja	<http://www.wikidata.org/entity/P1365>	"先行"@ja	<https://ja.wikipedia.org/wiki/%E6%88%B8%E4%BA%95%E7%94%BA>
<http://www.wikidata.org/entity/Q11117604>	"椴法華村"@ja	<http://www.wikidata.org/entity/Q18663566>	"日本の廃止市区町村"@ja	<http://www.wikidata.org/entity/P1365>	"先行"@ja	<https://ja.wikipedia.org/wiki/%E6%A4%B4%E6%B3%95%E8%8F%AF%E6%9D%91>
<http://www.wikidata.org/entity/Q11182005>	"亀田市"@ja	<http://www.wikidata.org/entity/Q18663566>	"日本の廃止市区町村"@ja	<http://www.wikidata.org/entity/P1365>	"先行"@ja	<https://ja.wikipedia.org/wiki/%E4%BA%80%E7%94%B0%E5%B8%82>
<http://www.wikidata.org/entity/Q11345163>	"ヤマツツジ"@ja	<http://www.wikidata.org/entity/Q16521>	"タクソン"@ja	<http://www.wikidata.org/entity/P2238>	"公式シンボル"@ja	<https://ja.wikipedia.org/wiki/%E3%83%A4%E3%83%9E%E3%83%84%E3%83%84%E3%82%B8>
<http://www.wikidata.org/entity/Q11396005>	"函館平野"@ja	<http://www.wikidata.org/entity/Q656586>	"沖積平野"@ja	<http://www.wikidata.org/entity/P706>	"位置する地形"@ja	<https://ja.wikipedia.org/wiki/%E5%87%BD%E9%A4%A8%E5%B9%B3%E9%87%8E>
<http://www.wikidata.org/entity/Q11479565>	"工藤壽樹"@ja	<http://www.wikidata.org/entity/Q5>	"ヒト"@ja	<http://www.wikidata.org/entity/P6>	"行政府の長"@ja	<https://ja.wikipedia.org/wiki/%E5%B7%A5%E8%97%A4%E5%A3%BD%E6%A8%B9>
<http://www.wikidata.org/entity/Q11563551>	"湯川町"@ja	<http://www.wikidata.org/entity/Q18663566>	"日本の廃止市区町村"@ja	<http://www.wikidata.org/entity/P1365>	"先行"@ja	<https://ja.wikipedia.org/wiki/%E6%B9%AF%E5%B7%9D%E7%94%BA>
<http://www.wikidata.org/entity/Q11650247>	"銭亀沢村"@ja	<http://www.wikidata.org/entity/Q18663566>	"日本の廃止市区町村"@ja	<http://www.wikidata.org/entity/P1365>	"先行"@ja	<https://ja.wikipedia.org/wiki/%E9%8A%AD%E4%BA%80%E6%B2%A2%E6%9D%91>
<http://www.wikidata.org/entity/Q22128004>	"袴腰岳"@ja	<http://www.wikidata.org/entity/Q8502>	"山"@ja	<http://www.wikidata.org/entity/P610>	"最も高い地点"@ja	<https://ja.wikipedia.org/wiki/%E8%A2%B4%E8%85%B0%E5%B2%B3>
<http://www.wikidata.org/entity/Q27075354>	"ヤマガラ"@ja	<http://www.wikidata.org/entity/Q16521>	"タクソン"@ja	<http://www.wikidata.org/entity/P2238>	"公式シンボル"@ja	<https://ja.wikipedia.org/wiki/%E3%83%A4%E3%83%9E%E3%82%AC%E3%83%A9>
<http://www.wikidata.org/entity/Q50743849>	"函館市議会"@ja	<http://www.wikidata.org/entity/Q107199651>	"市議会"@ja	<http://www.wikidata.org/entity/P194>	"立法府"@ja	<https://ja.wikipedia.org/wiki/%E5%87%BD%E9%A4%A8%E5%B8%82%E8%AD%B0%E4%BC%9A>
<http://www.wikidata.org/entity/Q81900>	"ツツイカ目"@ja	<http://www.wikidata.org/entity/Q16521>	"タクソン"@ja	<http://www.wikidata.org/entity/P2238>	"公式シンボル"@ja	<https://ja.wikipedia.org/wiki/%E3%83%84%E3%83%84%E3%82%A4%E3%82%AB%E7%9B%AE>
<http://www.wikidata.org/entity/Q146790>	"青森市"@ja	<http://www.wikidata.org/entity/Q65589340>	"都道府県庁所在地"@ja	<http://www.wikidata.org/entity/P190>	"姉妹都市"@ja	<https://ja.wikipedia.org/wiki/%E9%9D%92%E6%A3%AE%E5%B8%82>
<http://www.wikidata.org/entity/Q146790>	"青森市"@ja	<http://www.wikidata.org/entity/Q2264924>	"港湾都市"@ja	<http://www.wikidata.org/entity/P190>	"姉妹都市"@ja	<https://ja.wikipedia.org/wiki/%E9%9D%92%E6%A3%AE%E5%B8%82>
<http://www.wikidata.org/entity/Q146790>	"青森市"@ja	<http://www.wikidata.org/entity/Q1549591>	"10万都市"@ja	<http://www.wikidata.org/entity/P190>	"姉妹都市"@ja	<https://ja.wikipedia.org/wiki/%E9%9D%92%E6%A3%AE%E5%B8%82>
<http://www.wikidata.org/entity/Q146790>	"青森市"@ja	<http://www.wikidata.org/entity/Q1137833>	"中核市"@ja	<http://www.wikidata.org/entity/P190>	"姉妹都市"@ja	<https://ja.wikipedia.org/wiki/%E9%9D%92%E6%A3%AE%E5%B8%82>
<http://www.wikidata.org/entity/Q146790>	"青森市"@ja	<http://www.wikidata.org/entity/Q494721>	"日本の市"@ja	<http://www.wikidata.org/entity/P190>	"姉妹都市"@ja	<https://ja.wikipedia.org/wiki/%E9%9D%92%E6%A3%AE%E5%B8%82>
<http://www.wikidata.org/entity/Q271521>	"津軽海峡"@ja	<http://www.wikidata.org/entity/Q37901>	"海峡"@ja	<http://www.wikidata.org/entity/P206>	"隣接・位置する水域"@ja	<https://ja.wikipedia.org/wiki/%E6%B4%A5%E8%BB%BD%E6%B5%B7%E5%B3%A1>
<http://www.wikidata.org/entity/Q602358>	"ブロックハウス・エフロン百科事典"@ja	<http://www.wikidata.org/entity/Q975413>	"百科辞書"@ja	<http://www.wikidata.org/entity/P1343>	"掲載している情報源"@ja	<https://ja.wikipedia.org/wiki/%E3%83%96%E3%83%AD%E3%83%83%E3%82%AF%E3%83%8F%E3%82%A6%E3%82%B9%E3%83%BB%E3%82%A8%E3%83%95%E3%83%AD%E3%83%B3%E7%99%BE%E7%A7%91%E4%BA%8B%E5%85%B8>
<http://www.wikidata.org/entity/Q714006>	"蝦夷共和国"@ja	<http://www.wikidata.org/entity/Q3024240>	"過去の国"@ja	<http://www.wikidata.org/entity/P1376>	"以下の首都"@ja	<https://ja.wikipedia.org/wiki/%E8%9D%A6%E5%A4%B7%E5%85%B1%E5%92%8C%E5%9B%BD>
<http://www.wikidata.org/entity/Q773727>	"鹿部町"@ja	<http://www.wikidata.org/entity/Q1059478>	"日本の町"@ja	<http://www.wikidata.org/entity/P47>	"隣の国又は行政区画"@ja	<https://ja.wikipedia.org/wiki/%E9%B9%BF%E9%83%A8%E7%94%BA>
<http://www.wikidata.org/entity/Q842301>	"北斗市"@ja	<http://www.wikidata.org/entity/Q494721>	"日本の市"@ja	<http://www.wikidata.org/entity/P47>	"隣の国又は行政区画"@ja	<https://ja.wikipedia.org/wiki/%E5%8C%97%E6%96%97%E5%B8%82>
<http://www.wikidata.org/entity/Q864320>	"温暖湿潤気候"@ja	<http://www.wikidata.org/entity/Q23702033>	"ケッペンの気候区分の気候型"@ja	<http://www.wikidata.org/entity/P2564>	"ケッペンの気候区分"@ja	<https://ja.wikipedia.org/wiki/%E6%B8%A9%E6%9A%96%E6%B9%BF%E6%BD%A4%E6%B0%97%E5%80%99>
<http://www.wikidata.org/entity/Q494721>	"日本の市"@ja	<http://www.wikidata.org/entity/Q15617994>	"行政区画の種類"@ja	<http://www.wikidata.org/entity/P31>	"分類"@ja	
<http://www.wikidata.org/entity/Q606193>	"レイク・マコーリー市"@ja	<http://www.wikidata.org/entity/Q55558200>	"Q55558200"	<http://www.wikidata.org/entity/P190>	"姉妹都市"@ja	
<http://www.wikidata.org/entity/Q1549591>	"10万都市"@ja	<http://www.wikidata.org/entity/Q98966309>	"居留地の分類"@ja	<http://www.wikidata.org/entity/P31>	"分類"@ja	
<http://www.wikidata.org/entity/Q3181656>	"ナットール百科事典"@ja	<http://www.wikidata.org/entity/Q7725634>	"文学作品"@ja	<http://www.wikidata.org/entity/P1343>	"掲載している情報源"@ja	
<http://www.wikidata.org/entity/Q7931352>	"Q7931352"	<http://www.wikidata.org/entity/Q4167836>	"ウィキメディアのカテゴリ"@ja	<http://www.wikidata.org/entity/P1792>	"当地の人々のカテゴリ"@ja	
<http://www.wikidata.org/entity/Q8077539>	"Q8077539"	<http://www.wikidata.org/entity/Q4167836>	"ウィキメディアのカテゴリ"@ja	<http://www.wikidata.org/entity/P1464>	"当地生まれの人のカテゴリ"@ja	
<http://www.wikidata.org/entity/Q24841612>	"函館県"@ja	<http://www.wikidata.org/entity/Q19953632>	"廃止された行政区画"@ja	<http://www.wikidata.org/entity/P1376>	"以下の首都"@ja	
<http://www.wikidata.org/entity/Q24841612>	"函館県"@ja	<http://www.wikidata.org/entity/Q50337>	"都道府県"@ja	<http://www.wikidata.org/entity/P1376>	"以下の首都"@ja	
<http://www.wikidata.org/entity/Q49333263>	"亀田半島"@ja	<http://www.wikidata.org/entity/Q34763>	"半島"@ja	<http://www.wikidata.org/entity/P706>	"位置する地形"@ja	
<http://www.wikidata.org/entity/Q56435645>	"函館市長"@ja	<http://www.wikidata.org/entity/Q4164871>	"職位"@ja	<http://www.wikidata.org/entity/P1313>	"行政府の長の地位"@ja	
<http://www.wikidata.org/entity/Q63981712>	"Q63981712"	<http://www.wikidata.org/entity/Q4167836>	"ウィキメディアのカテゴリ"@ja	<http://www.wikidata.org/entity/P1465>	"当地で死んだ人のカテゴリ"@ja	
<http://www.wikidata.org/entity/Q104630924>	"Q104630924"	<http://www.wikidata.org/entity/Q4167836>	"ウィキメディアのカテゴリ"@ja	<http://www.wikidata.org/entity/P8989>	"景観のカテゴリ"@ja	
