?s	?sLabel	?type	?typeLabel	?prop	?propLabel	?jwiki
<http://www.wikidata.org/entity/Q17>	"日本"@ja	<http://www.wikidata.org/entity/Q113489728>	"OECD加盟国"@ja	<http://www.wikidata.org/entity/P17>	"国"@ja	<https://ja.wikipedia.org/wiki/%E6%97%A5%E6%9C%AC>
<http://www.wikidata.org/entity/Q17>	"日本"@ja	<http://www.wikidata.org/entity/Q3624078>	"主権国家"@ja	<http://www.wikidata.org/entity/P17>	"国"@ja	<https://ja.wikipedia.org/wiki/%E6%97%A5%E6%9C%AC>
<http://www.wikidata.org/entity/Q17>	"日本"@ja	<http://www.wikidata.org/entity/Q112099>	"島国"@ja	<http://www.wikidata.org/entity/P17>	"国"@ja	<https://ja.wikipedia.org/wiki/%E6%97%A5%E6%9C%AC>
<http://www.wikidata.org/entity/Q17>	"日本"@ja	<http://www.wikidata.org/entity/Q6256>	"国"@ja	<http://www.wikidata.org/entity/P17>	"国"@ja	<https://ja.wikipedia.org/wiki/%E6%97%A5%E6%9C%AC>
<http://www.wikidata.org/entity/Q7859>	"ユジノサハリンスク"@ja	<http://www.wikidata.org/entity/Q7930989>	"都市・街"@ja	<http://www.wikidata.org/entity/P190>	"姉妹都市"@ja	<https://ja.wikipedia.org/wiki/%E3%83%A6%E3%82%B8%E3%83%8E%E3%82%B5%E3%83%8F%E3%83%AA%E3%83%B3%E3%82%B9%E3%82%AF>
<http://www.wikidata.org/entity/Q7859>	"ユジノサハリンスク"@ja	<http://www.wikidata.org/entity/Q1549591>	"10万都市"@ja	<http://www.wikidata.org/entity/P190>	"姉妹都市"@ja	<https://ja.wikipedia.org/wiki/%E3%83%A6%E3%82%B8%E3%83%8E%E3%82%B5%E3%83%8F%E3%83%AA%E3%83%B3%E3%82%B9%E3%82%AF>
<http://www.wikidata.org/entity/Q7859>	"ユジノサハリンスク"@ja	<http://www.wikidata.org/entity/Q192287>	"ロシア連邦の地方区分"@ja	<http://www.wikidata.org/entity/P190>	"姉妹都市"@ja	<https://ja.wikipedia.org/wiki/%E3%83%A6%E3%82%B8%E3%83%8E%E3%82%B5%E3%83%8F%E3%83%AA%E3%83%B3%E3%82%B9%E3%82%AF>
<http://www.wikidata.org/entity/Q20714>	"水原市"@ja	<http://www.wikidata.org/entity/Q29045252>	"大韓民国の市"@ja	<http://www.wikidata.org/entity/P190>	"姉妹都市"@ja	<https://ja.wikipedia.org/wiki/%E6%B0%B4%E5%8E%9F%E5%B8%82>
<http://www.wikidata.org/entity/Q20714>	"水原市"@ja	<http://www.wikidata.org/entity/Q4249901>	"特例市"@ja	<http://www.wikidata.org/entity/P190>	"姉妹都市"@ja	<https://ja.wikipedia.org/wiki/%E6%B0%B4%E5%8E%9F%E5%B8%82>
<http://www.wikidata.org/entity/Q20714>	"水原市"@ja	<http://www.wikidata.org/entity/Q1637706>	"100万都市"@ja	<http://www.wikidata.org/entity/P190>	"姉妹都市"@ja	<https://ja.wikipedia.org/wiki/%E6%B0%B4%E5%8E%9F%E5%B8%82>
<http://www.wikidata.org/entity/Q20714>	"水原市"@ja	<http://www.wikidata.org/entity/Q1549591>	"10万都市"@ja	<http://www.wikidata.org/entity/P190>	"姉妹都市"@ja	<https://ja.wikipedia.org/wiki/%E6%B0%B4%E5%8E%9F%E5%B8%82>
<http://www.wikidata.org/entity/Q20937>	"京畿道"@ja	<http://www.wikidata.org/entity/Q4925355>	"大韓民国の道"@ja	<http://www.wikidata.org/entity/P190>	"姉妹都市"@ja	<https://ja.wikipedia.org/wiki/%E4%BA%AC%E7%95%BF%E9%81%93>
<http://www.wikidata.org/entity/Q577802>	"ブルーミントン"@ja	<http://www.wikidata.org/entity/Q1093829>	"アメリカ合衆国の市"@ja	<http://www.wikidata.org/entity/P190>	"姉妹都市"@ja	<https://ja.wikipedia.org/wiki/%E3%83%96%E3%83%AB%E3%83%BC%E3%83%9F%E3%83%B3%E3%83%88%E3%83%B3_(%E3%82%A4%E3%83%AA%E3%83%8E%E3%82%A4%E5%B7%9E)>
<http://www.wikidata.org/entity/Q577802>	"ブルーミントン"@ja	<http://www.wikidata.org/entity/Q62049>	"郡庁所在地"@ja	<http://www.wikidata.org/entity/P190>	"姉妹都市"@ja	<https://ja.wikipedia.org/wiki/%E3%83%96%E3%83%AB%E3%83%BC%E3%83%9F%E3%83%B3%E3%83%88%E3%83%B3_(%E3%82%A4%E3%83%AA%E3%83%8E%E3%82%A4%E5%B7%9E)>
<http://www.wikidata.org/entity/Q725311>	"芦別市"@ja	<http://www.wikidata.org/entity/Q494721>	"日本の市"@ja	<http://www.wikidata.org/entity/P47>	"隣の国又は行政区画"@ja	<https://ja.wikipedia.org/wiki/%E8%8A%A6%E5%88%A5%E5%B8%82>
<http://www.wikidata.org/entity/Q817268>	"深川市"@ja	<http://www.wikidata.org/entity/Q494721>	"日本の市"@ja	<http://www.wikidata.org/entity/P47>	"隣の国又は行政区画"@ja	<https://ja.wikipedia.org/wiki/%E6%B7%B1%E5%B7%9D%E5%B8%82>
<http://www.wikidata.org/entity/Q1139352>	"創造都市ネットワーク"@ja	<http://www.wikidata.org/entity/Q1900326>	"ネットワーク"@ja	<http://www.wikidata.org/entity/P463>	"所属グループ"@ja	<https://ja.wikipedia.org/wiki/%E5%89%B5%E9%80%A0%E9%83%BD%E5%B8%82%E3%83%8D%E3%83%83%E3%83%88%E3%83%AF%E3%83%BC%E3%82%AF>
<http://www.wikidata.org/entity/Q1152333>	"上川総合振興局"@ja	<http://www.wikidata.org/entity/Q850450>	"支庁"@ja	<http://www.wikidata.org/entity/P1376>	"以下の首都"@ja	<https://ja.wikipedia.org/wiki/%E4%B8%8A%E5%B7%9D%E7%B7%8F%E5%90%88%E6%8C%AF%E8%88%88%E5%B1%80>
<http://www.wikidata.org/entity/Q1152333>	"上川総合振興局"@ja	<http://www.wikidata.org/entity/Q850450>	"支庁"@ja	<http://www.wikidata.org/entity/P131>	"位置する行政区画"@ja	<https://ja.wikipedia.org/wiki/%E4%B8%8A%E5%B7%9D%E7%B7%8F%E5%90%88%E6%8C%AF%E8%88%88%E5%B1%80>
<http://www.wikidata.org/entity/Q4410236>	"カンタン"@ja	<http://www.wikidata.org/entity/Q16521>	"タクソン"@ja	<http://www.wikidata.org/entity/P2238>	"公式シンボル"@ja	<https://ja.wikipedia.org/wiki/%E3%82%AB%E3%83%B3%E3%82%BF%E3%83%B3_(%E6%98%86%E8%99%AB)>
<http://www.wikidata.org/entity/Q6807374>	"Category:旭川市"@ja	<http://www.wikidata.org/entity/Q4167836>	"ウィキメディアのカテゴリ"@ja	<http://www.wikidata.org/entity/P910>	"主題の中心カテゴリ"@ja	<https://ja.wikipedia.org/wiki/Category:%E6%97%AD%E5%B7%9D%E5%B8%82>
<http://www.wikidata.org/entity/Q11103518>	"東旭川町"@ja	<http://www.wikidata.org/entity/Q18663566>	"日本の廃止市区町村"@ja	<http://www.wikidata.org/entity/P1365>	"先行"@ja	<https://ja.wikipedia.org/wiki/%E6%9D%B1%E6%97%AD%E5%B7%9D%E7%94%BA>
<http://www.wikidata.org/entity/Q11104180>	"東鷹栖町"@ja	<http://www.wikidata.org/entity/Q18663566>	"日本の廃止市区町村"@ja	<http://www.wikidata.org/entity/P1365>	"先行"@ja	<https://ja.wikipedia.org/wiki/%E6%9D%B1%E9%B7%B9%E6%A0%96%E7%94%BA>
<http://www.wikidata.org/entity/Q11358959>	"上川盆地"@ja	<http://www.wikidata.org/entity/Q813672>	"盆地"@ja	<http://www.wikidata.org/entity/P706>	"位置する地形"@ja	<https://ja.wikipedia.org/wiki/%E4%B8%8A%E5%B7%9D%E7%9B%86%E5%9C%B0>
<http://www.wikidata.org/entity/Q11425438>	"坂東徹"@ja	<http://www.wikidata.org/entity/Q5>	"ヒト"@ja	<http://www.wikidata.org/entity/P6>	"行政府の長"@ja	<https://ja.wikipedia.org/wiki/%E5%9D%82%E6%9D%B1%E5%BE%B9>
<http://www.wikidata.org/entity/Q11511859>	"旭豆"@ja	<http://www.wikidata.org/entity/Q16323605>	"食品ブランド"@ja	<http://www.wikidata.org/entity/P868>	"名産品"@ja	<https://ja.wikipedia.org/wiki/%E6%97%AD%E8%B1%86>
<http://www.wikidata.org/entity/Q11550621>	"江丹別村"@ja	<http://www.wikidata.org/entity/Q18663566>	"日本の廃止市区町村"@ja	<http://www.wikidata.org/entity/P1365>	"先行"@ja	<https://ja.wikipedia.org/wiki/%E6%B1%9F%E4%B8%B9%E5%88%A5%E6%9D%91>
<http://www.wikidata.org/entity/Q11589519>	"神居村"@ja	<http://www.wikidata.org/entity/Q18663566>	"日本の廃止市区町村"@ja	<http://www.wikidata.org/entity/P1365>	"先行"@ja	<https://ja.wikipedia.org/wiki/%E7%A5%9E%E5%B1%85%E6%9D%91>
<http://www.wikidata.org/entity/Q11590396>	"神楽町"@ja	<http://www.wikidata.org/entity/Q18663566>	"日本の廃止市区町村"@ja	<http://www.wikidata.org/entity/P1365>	"先行"@ja	<https://ja.wikipedia.org/wiki/%E7%A5%9E%E6%A5%BD%E7%94%BA>
<http://www.wikidata.org/entity/Q11619149>	"菅原功一"@ja	<http://www.wikidata.org/entity/Q5>	"ヒト"@ja	<http://www.wikidata.org/entity/P6>	"行政府の長"@ja	<https://ja.wikipedia.org/wiki/%E8%8F%85%E5%8E%9F%E5%8A%9F%E4%B8%80>
<http://www.wikidata.org/entity/Q11628085>	"西川将人"@ja	<http://www.wikidata.org/entity/Q5>	"ヒト"@ja	<http://www.wikidata.org/entity/P6>	"行政府の長"@ja	<https://ja.wikipedia.org/wiki/%E8%A5%BF%E5%B7%9D%E5%B0%86%E4%BA%BA>
<http://www.wikidata.org/entity/Q17191196>	"あさっぴー"@ja	<http://www.wikidata.org/entity/Q100134439>	"擬人化したホッキョクグマ"@ja	<http://www.wikidata.org/entity/P822>	"マスコット"@ja	<https://ja.wikipedia.org/wiki/%E3%81%82%E3%81%95%E3%81%A3%E3%81%B4%E3%83%BC>
<http://www.wikidata.org/entity/Q17191196>	"あさっぴー"@ja	<http://www.wikidata.org/entity/Q11280995>	"ゆるキャラ"@ja	<http://www.wikidata.org/entity/P822>	"マスコット"@ja	<https://ja.wikipedia.org/wiki/%E3%81%82%E3%81%95%E3%81%A3%E3%81%B4%E3%83%BC>
<http://www.wikidata.org/entity/Q28688707>	"旭川市議会"@ja	<http://www.wikidata.org/entity/Q107199651>	"市議会"@ja	<http://www.wikidata.org/entity/P194>	"立法府"@ja	<https://ja.wikipedia.org/wiki/%E6%97%AD%E5%B7%9D%E5%B8%82%E8%AD%B0%E4%BC%9A>
<http://www.wikidata.org/entity/Q108776536>	"今津寛介"@ja	<http://www.wikidata.org/entity/Q5>	"ヒト"@ja	<http://www.wikidata.org/entity/P6>	"行政府の長"@ja	<https://ja.wikipedia.org/wiki/%E4%BB%8A%E6%B4%A5%E5%AF%9B%E4%BB%8B>
<http://www.wikidata.org/entity/Q525>	"太陽"@ja	<http://www.wikidata.org/entity/Q3592493>	"種族Iの恒星"@ja	<http://www.wikidata.org/entity/P138>	"名前の由来"@ja	<https://ja.wikipedia.org/wiki/%E5%A4%AA%E9%99%BD>
<http://www.wikidata.org/entity/Q525>	"太陽"@ja	<http://www.wikidata.org/entity/Q5864>	"G型主系列星"@ja	<http://www.wikidata.org/entity/P138>	"名前の由来"@ja	<https://ja.wikipedia.org/wiki/%E5%A4%AA%E9%99%BD>
<http://www.wikidata.org/entity/Q7041>	"UTC+9"@ja	<http://www.wikidata.org/entity/Q17272482>	"UTCとの時差で定義された標準時"@ja	<http://www.wikidata.org/entity/P421>	"標準時間帯"@ja	<https://ja.wikipedia.org/wiki/UTC%2B9>
<http://www.wikidata.org/entity/Q1210209>	"ナナカマド"@ja	<http://www.wikidata.org/entity/Q16521>	"タクソン"@ja	<http://www.wikidata.org/entity/P2238>	"公式シンボル"@ja	<https://ja.wikipedia.org/wiki/%E3%83%8A%E3%83%8A%E3%82%AB%E3%83%9E%E3%83%89>
<http://www.wikidata.org/entity/Q1348693>	"鷹栖町"@ja	<http://www.wikidata.org/entity/Q1059478>	"日本の町"@ja	<http://www.wikidata.org/entity/P47>	"隣の国又は行政区画"@ja	<https://ja.wikipedia.org/wiki/%E9%B7%B9%E6%A0%96%E7%94%BA>
<http://www.wikidata.org/entity/Q1348798>	"上川町"@ja	<http://www.wikidata.org/entity/Q1059478>	"日本の町"@ja	<http://www.wikidata.org/entity/P47>	"隣の国又は行政区画"@ja	<https://ja.wikipedia.org/wiki/%E4%B8%8A%E5%B7%9D%E7%94%BA>
<http://www.wikidata.org/entity/Q1355491>	"美瑛町"@ja	<http://www.wikidata.org/entity/Q1059478>	"日本の町"@ja	<http://www.wikidata.org/entity/P47>	"隣の国又は行政区画"@ja	<https://ja.wikipedia.org/wiki/%E7%BE%8E%E7%91%9B%E7%94%BA>
<http://www.wikidata.org/entity/Q1355549>	"比布町"@ja	<http://www.wikidata.org/entity/Q1059478>	"日本の町"@ja	<http://www.wikidata.org/entity/P47>	"隣の国又は行政区画"@ja	<https://ja.wikipedia.org/wiki/%E6%AF%94%E5%B8%83%E7%94%BA>
<http://www.wikidata.org/entity/Q1355616>	"幌加内町"@ja	<http://www.wikidata.org/entity/Q1059478>	"日本の町"@ja	<http://www.wikidata.org/entity/P47>	"隣の国又は行政区画"@ja	<https://ja.wikipedia.org/wiki/%E5%B9%8C%E5%8A%A0%E5%86%85%E7%94%BA>
<http://www.wikidata.org/entity/Q1357054>	"東神楽町"@ja	<http://www.wikidata.org/entity/Q1059478>	"日本の町"@ja	<http://www.wikidata.org/entity/P47>	"隣の国又は行政区画"@ja	<https://ja.wikipedia.org/wiki/%E6%9D%B1%E7%A5%9E%E6%A5%BD%E7%94%BA>
<http://www.wikidata.org/entity/Q1357085>	"当麻町"@ja	<http://www.wikidata.org/entity/Q1059478>	"日本の町"@ja	<http://www.wikidata.org/entity/P47>	"隣の国又は行政区画"@ja	<https://ja.wikipedia.org/wiki/%E5%BD%93%E9%BA%BB%E7%94%BA>
<http://www.wikidata.org/entity/Q1357210>	"東川町"@ja	<http://www.wikidata.org/entity/Q1059478>	"日本の町"@ja	<http://www.wikidata.org/entity/P47>	"隣の国又は行政区画"@ja	<https://ja.wikipedia.org/wiki/%E6%9D%B1%E5%B7%9D%E7%94%BA>
<http://www.wikidata.org/entity/Q1357267>	"和寒町"@ja	<http://www.wikidata.org/entity/Q1059478>	"日本の町"@ja	<http://www.wikidata.org/entity/P47>	"隣の国又は行政区画"@ja	<https://ja.wikipedia.org/wiki/%E5%92%8C%E5%AF%92%E7%94%BA>
<http://www.wikidata.org/entity/Q189393>	"ツツジ"@ja	<http://www.wikidata.org/entity/Q16521>	"タクソン"@ja	<http://www.wikidata.org/entity/P2238>	"公式シンボル"@ja	<https://ja.wikipedia.org/wiki/%E3%83%84%E3%83%84%E3%82%B8>
<http://www.wikidata.org/entity/Q26135>	"キレンジャク"@ja	<http://www.wikidata.org/entity/Q16521>	"タクソン"@ja	<http://www.wikidata.org/entity/P2238>	"公式シンボル"@ja	<https://ja.wikipedia.org/wiki/%E3%82%AD%E3%83%AC%E3%83%B3%E3%82%B8%E3%83%A3%E3%82%AF>
<http://www.wikidata.org/entity/Q42956>	"ハルビン市"@ja	<http://www.wikidata.org/entity/Q250811>	"副省級市"@ja	<http://www.wikidata.org/entity/P190>	"姉妹都市"@ja	<https://ja.wikipedia.org/wiki/%E3%83%8F%E3%83%AB%E3%83%93%E3%83%B3%E5%B8%82>
<http://www.wikidata.org/entity/Q42956>	"ハルビン市"@ja	<http://www.wikidata.org/entity/Q515>	"都市"@ja	<http://www.wikidata.org/entity/P190>	"姉妹都市"@ja	<https://ja.wikipedia.org/wiki/%E3%83%8F%E3%83%AB%E3%83%93%E3%83%B3%E5%B8%82>
<http://www.wikidata.org/entity/Q575407>	"ノーマル (イリノイ州)"@ja	<http://www.wikidata.org/entity/Q15127012>	"アメリカ合衆国の町"@ja	<http://www.wikidata.org/entity/P190>	"姉妹都市"@ja	
<http://www.wikidata.org/entity/Q1549591>	"10万都市"@ja	<http://www.wikidata.org/entity/Q98966309>	"居留地の分類"@ja	<http://www.wikidata.org/entity/P31>	"分類"@ja	
<http://www.wikidata.org/entity/Q8044159>	"Category:旭川市生まれ"@ja	<http://www.wikidata.org/entity/Q4167836>	"ウィキメディアのカテゴリ"@ja	<http://www.wikidata.org/entity/P1464>	"当地生まれの人のカテゴリ"@ja	
<http://www.wikidata.org/entity/Q8142224>	"Q8142224"	<http://www.wikidata.org/entity/Q4167836>	"ウィキメディアのカテゴリ"@ja	<http://www.wikidata.org/entity/P1792>	"当地の人々のカテゴリ"@ja	
<http://www.wikidata.org/entity/Q18284214>	"旭川市長"@ja	<http://www.wikidata.org/entity/Q4164871>	"職位"@ja	<http://www.wikidata.org/entity/P1313>	"行政府の長の地位"@ja	
<http://www.wikidata.org/entity/Q58033922>	"亜寒帯湿潤夏冷涼気候"@ja	<http://www.wikidata.org/entity/Q23702033>	"ケッペンの気候区分の気候型"@ja	<http://www.wikidata.org/entity/P2564>	"ケッペンの気候区分"@ja	
<http://www.wikidata.org/entity/Q100323898>	"永山町"@ja	<http://www.wikidata.org/entity/Q18663566>	"日本の廃止市区町村"@ja	<http://www.wikidata.org/entity/P1365>	"先行"@ja	
