?s	?sLabel	?type	?typeLabel	?prop	?propLabel	?jwiki
<http://www.wikidata.org/entity/Q17>	"日本"@ja	<http://www.wikidata.org/entity/Q113489728>	"OECD加盟国"@ja	<http://www.wikidata.org/entity/P17>	"国"@ja	<https://ja.wikipedia.org/wiki/%E6%97%A5%E6%9C%AC>
<http://www.wikidata.org/entity/Q17>	"日本"@ja	<http://www.wikidata.org/entity/Q3624078>	"主権国家"@ja	<http://www.wikidata.org/entity/P17>	"国"@ja	<https://ja.wikipedia.org/wiki/%E6%97%A5%E6%9C%AC>
<http://www.wikidata.org/entity/Q17>	"日本"@ja	<http://www.wikidata.org/entity/Q112099>	"島国"@ja	<http://www.wikidata.org/entity/P17>	"国"@ja	<https://ja.wikipedia.org/wiki/%E6%97%A5%E6%9C%AC>
<http://www.wikidata.org/entity/Q17>	"日本"@ja	<http://www.wikidata.org/entity/Q6256>	"国"@ja	<http://www.wikidata.org/entity/P17>	"国"@ja	<https://ja.wikipedia.org/wiki/%E6%97%A5%E6%9C%AC>
<http://www.wikidata.org/entity/Q185582>	"ノックスヴィル"@ja	<http://www.wikidata.org/entity/Q1549591>	"10万都市"@ja	<http://www.wikidata.org/entity/P190>	"姉妹都市"@ja	<https://ja.wikipedia.org/wiki/%E3%83%8E%E3%83%83%E3%82%AF%E3%82%B9%E3%83%93%E3%83%AB_(%E3%83%86%E3%83%8D%E3%82%B7%E3%83%BC%E5%B7%9E)>
<http://www.wikidata.org/entity/Q185582>	"ノックスヴィル"@ja	<http://www.wikidata.org/entity/Q1093829>	"アメリカ合衆国の市"@ja	<http://www.wikidata.org/entity/P190>	"姉妹都市"@ja	<https://ja.wikipedia.org/wiki/%E3%83%8E%E3%83%83%E3%82%AF%E3%82%B9%E3%83%93%E3%83%AB_(%E3%83%86%E3%83%8D%E3%82%B7%E3%83%BC%E5%B7%9E)>
<http://www.wikidata.org/entity/Q185582>	"ノックスヴィル"@ja	<http://www.wikidata.org/entity/Q62049>	"郡庁所在地"@ja	<http://www.wikidata.org/entity/P190>	"姉妹都市"@ja	<https://ja.wikipedia.org/wiki/%E3%83%8E%E3%83%83%E3%82%AF%E3%82%B9%E3%83%93%E3%83%AB_(%E3%83%86%E3%83%8D%E3%82%B7%E3%83%BC%E5%B7%9E)>
<http://www.wikidata.org/entity/Q174691>	"静岡市"@ja	<http://www.wikidata.org/entity/Q65589340>	"都道府県庁所在地"@ja	<http://www.wikidata.org/entity/P190>	"姉妹都市"@ja	<https://ja.wikipedia.org/wiki/%E9%9D%99%E5%B2%A1%E5%B8%82>
<http://www.wikidata.org/entity/Q174691>	"静岡市"@ja	<http://www.wikidata.org/entity/Q11422368>	"国際会議観光都市"@ja	<http://www.wikidata.org/entity/P190>	"姉妹都市"@ja	<https://ja.wikipedia.org/wiki/%E9%9D%99%E5%B2%A1%E5%B8%82>
<http://www.wikidata.org/entity/Q174691>	"静岡市"@ja	<http://www.wikidata.org/entity/Q1749269>	"政令指定都市"@ja	<http://www.wikidata.org/entity/P190>	"姉妹都市"@ja	<https://ja.wikipedia.org/wiki/%E9%9D%99%E5%B2%A1%E5%B8%82>
<http://www.wikidata.org/entity/Q174691>	"静岡市"@ja	<http://www.wikidata.org/entity/Q1549591>	"10万都市"@ja	<http://www.wikidata.org/entity/P190>	"姉妹都市"@ja	<https://ja.wikipedia.org/wiki/%E9%9D%99%E5%B2%A1%E5%B8%82>
<http://www.wikidata.org/entity/Q174691>	"静岡市"@ja	<http://www.wikidata.org/entity/Q1137833>	"中核市"@ja	<http://www.wikidata.org/entity/P190>	"姉妹都市"@ja	<https://ja.wikipedia.org/wiki/%E9%9D%99%E5%B2%A1%E5%B8%82>
<http://www.wikidata.org/entity/Q174691>	"静岡市"@ja	<http://www.wikidata.org/entity/Q494721>	"日本の市"@ja	<http://www.wikidata.org/entity/P190>	"姉妹都市"@ja	<https://ja.wikipedia.org/wiki/%E9%9D%99%E5%B2%A1%E5%B8%82>
<http://www.wikidata.org/entity/Q7041>	"UTC+9"@ja	<http://www.wikidata.org/entity/Q17272482>	"UTCとの時差で定義された標準時"@ja	<http://www.wikidata.org/entity/P421>	"標準時間帯"@ja	<https://ja.wikipedia.org/wiki/UTC%2B9>
<http://www.wikidata.org/entity/Q373101>	"日照市"@ja	<http://www.wikidata.org/entity/Q1637706>	"100万都市"@ja	<http://www.wikidata.org/entity/P190>	"姉妹都市"@ja	<https://ja.wikipedia.org/wiki/%E6%97%A5%E7%85%A7%E5%B8%82>
<http://www.wikidata.org/entity/Q373101>	"日照市"@ja	<http://www.wikidata.org/entity/Q1549591>	"10万都市"@ja	<http://www.wikidata.org/entity/P190>	"姉妹都市"@ja	<https://ja.wikipedia.org/wiki/%E6%97%A5%E7%85%A7%E5%B8%82>
<http://www.wikidata.org/entity/Q373101>	"日照市"@ja	<http://www.wikidata.org/entity/Q748149>	"地級市"@ja	<http://www.wikidata.org/entity/P190>	"姉妹都市"@ja	<https://ja.wikipedia.org/wiki/%E6%97%A5%E7%85%A7%E5%B8%82>
<http://www.wikidata.org/entity/Q428989>	"登別市"@ja	<http://www.wikidata.org/entity/Q494721>	"日本の市"@ja	<http://www.wikidata.org/entity/P47>	"隣の国又は行政区画"@ja	<https://ja.wikipedia.org/wiki/%E7%99%BB%E5%88%A5%E5%B8%82>
<http://www.wikidata.org/entity/Q1141552>	"胆振総合振興局"@ja	<http://www.wikidata.org/entity/Q850450>	"支庁"@ja	<http://www.wikidata.org/entity/P1376>	"以下の首都"@ja	<https://ja.wikipedia.org/wiki/%E8%83%86%E6%8C%AF%E7%B7%8F%E5%90%88%E6%8C%AF%E8%88%88%E5%B1%80>
<http://www.wikidata.org/entity/Q1141552>	"胆振総合振興局"@ja	<http://www.wikidata.org/entity/Q850450>	"支庁"@ja	<http://www.wikidata.org/entity/P131>	"位置する行政区画"@ja	<https://ja.wikipedia.org/wiki/%E8%83%86%E6%8C%AF%E7%B7%8F%E5%90%88%E6%8C%AF%E8%88%88%E5%B1%80>
<http://www.wikidata.org/entity/Q6938853>	"入江運動公園陸上競技場"@ja	<http://www.wikidata.org/entity/Q2310214>	"ピッチ"@ja	<http://www.wikidata.org/entity/P1830>	"所有物"@ja	<https://ja.wikipedia.org/wiki/%E5%85%A5%E6%B1%9F%E9%81%8B%E5%8B%95%E5%85%AC%E5%9C%92%E9%99%B8%E4%B8%8A%E7%AB%B6%E6%8A%80%E5%A0%B4>
<http://www.wikidata.org/entity/Q9625614>	"Category:室蘭市"@ja	<http://www.wikidata.org/entity/Q4167836>	"ウィキメディアのカテゴリ"@ja	<http://www.wikidata.org/entity/P910>	"主題の中心カテゴリ"@ja	<https://ja.wikipedia.org/wiki/Category:%E5%AE%A4%E8%98%AD%E5%B8%82>
<http://www.wikidata.org/entity/Q10950321>	"室蘭郡"@ja	<http://www.wikidata.org/entity/Q46426234>	"廃止された郡"@ja	<http://www.wikidata.org/entity/P1376>	"以下の首都"@ja	<https://ja.wikipedia.org/wiki/%E5%AE%A4%E8%98%AD%E9%83%A1>
<http://www.wikidata.org/entity/Q10950321>	"室蘭郡"@ja	<http://www.wikidata.org/entity/Q46426234>	"廃止された郡"@ja	<http://www.wikidata.org/entity/P131>	"位置する行政区画"@ja	<https://ja.wikipedia.org/wiki/%E5%AE%A4%E8%98%AD%E9%83%A1>
<http://www.wikidata.org/entity/Q11453081>	"中島公園野球場"@ja	<http://www.wikidata.org/entity/Q595452>	"野球場施設"@ja	<http://www.wikidata.org/entity/P1830>	"所有物"@ja	<https://ja.wikipedia.org/wiki/%E4%B8%AD%E5%B3%B6%E5%85%AC%E5%9C%92%E9%87%8E%E7%90%83%E5%A0%B4_(%E5%AE%A4%E8%98%AD%E5%B8%82)>
<http://www.wikidata.org/entity/Q11453081>	"中島公園野球場"@ja	<http://www.wikidata.org/entity/Q483110>	"スタジアム"@ja	<http://www.wikidata.org/entity/P1830>	"所有物"@ja	<https://ja.wikipedia.org/wiki/%E4%B8%AD%E5%B3%B6%E5%85%AC%E5%9C%92%E9%87%8E%E7%90%83%E5%A0%B4_(%E5%AE%A4%E8%98%AD%E5%B8%82)>
<http://www.wikidata.org/entity/Q11661220>	"青山剛"@ja	<http://www.wikidata.org/entity/Q5>	"ヒト"@ja	<http://www.wikidata.org/entity/P6>	"行政府の長"@ja	<https://ja.wikipedia.org/wiki/%E9%9D%92%E5%B1%B1%E5%89%9B>
<http://www.wikidata.org/entity/Q17239631>	"西岸海洋性気候"@ja	<http://www.wikidata.org/entity/Q23702033>	"ケッペンの気候区分の気候型"@ja	<http://www.wikidata.org/entity/P2564>	"ケッペンの気候区分"@ja	<https://ja.wikipedia.org/wiki/%E8%A5%BF%E5%B2%B8%E6%B5%B7%E6%B4%8B%E6%80%A7%E6%B0%97%E5%80%99>
<http://www.wikidata.org/entity/Q65261424>	"室蘭市議会"@ja	<http://www.wikidata.org/entity/Q107199651>	"市議会"@ja	<http://www.wikidata.org/entity/P194>	"立法府"@ja	<https://ja.wikipedia.org/wiki/%E5%AE%A4%E8%98%AD%E5%B8%82%E8%AD%B0%E4%BC%9A>
<http://www.wikidata.org/entity/Q494721>	"日本の市"@ja	<http://www.wikidata.org/entity/Q15617994>	"行政区画の種類"@ja	<http://www.wikidata.org/entity/P31>	"分類"@ja	
<http://www.wikidata.org/entity/Q16815723>	"Q16815723"	<http://www.wikidata.org/entity/Q4167836>	"ウィキメディアのカテゴリ"@ja	<http://www.wikidata.org/entity/P1792>	"当地の人々のカテゴリ"@ja	
<http://www.wikidata.org/entity/Q19190511>	"新百科辞書 (1911 - 1916)"@ja	<http://www.wikidata.org/entity/Q975413>	"百科辞書"@ja	<http://www.wikidata.org/entity/P1343>	"掲載している情報源"@ja	
<http://www.wikidata.org/entity/Q20078554>	"ソヴィエト大百科事典 (1926 - 1947)"@ja	<http://www.wikidata.org/entity/Q3331189>	"版"@ja	<http://www.wikidata.org/entity/P1343>	"掲載している情報源"@ja	
<http://www.wikidata.org/entity/Q29156368>	"くじらん"@ja	<http://www.wikidata.org/entity/Q27689085>	"架空のクジラ"@ja	<http://www.wikidata.org/entity/P822>	"マスコット"@ja	
<http://www.wikidata.org/entity/Q29156368>	"くじらん"@ja	<http://www.wikidata.org/entity/Q386208>	"マスコット・キャラクター"@ja	<http://www.wikidata.org/entity/P822>	"マスコット"@ja	
<http://www.wikidata.org/entity/Q60993528>	"Q60993528"	<http://www.wikidata.org/entity/Q4167836>	"ウィキメディアのカテゴリ"@ja	<http://www.wikidata.org/entity/P1464>	"当地生まれの人のカテゴリ"@ja	
<http://www.wikidata.org/entity/Q582289>	"上越市"@ja	<http://www.wikidata.org/entity/Q1549591>	"10万都市"@ja	<http://www.wikidata.org/entity/P190>	"姉妹都市"@ja	<https://ja.wikipedia.org/wiki/%E4%B8%8A%E8%B6%8A%E5%B8%82>
<http://www.wikidata.org/entity/Q582289>	"上越市"@ja	<http://www.wikidata.org/entity/Q1145012>	"特例市"@ja	<http://www.wikidata.org/entity/P190>	"姉妹都市"@ja	<https://ja.wikipedia.org/wiki/%E4%B8%8A%E8%B6%8A%E5%B8%82>
<http://www.wikidata.org/entity/Q582289>	"上越市"@ja	<http://www.wikidata.org/entity/Q494721>	"日本の市"@ja	<http://www.wikidata.org/entity/P190>	"姉妹都市"@ja	<https://ja.wikipedia.org/wiki/%E4%B8%8A%E8%B6%8A%E5%B8%82>
<http://www.wikidata.org/entity/Q693178>	"伊達市"@ja	<http://www.wikidata.org/entity/Q494721>	"日本の市"@ja	<http://www.wikidata.org/entity/P47>	"隣の国又は行政区画"@ja	<https://ja.wikipedia.org/wiki/%E4%BC%8A%E9%81%94%E5%B8%82_(%E5%8C%97%E6%B5%B7%E9%81%93)>
<http://www.wikidata.org/entity/Q714636>	"宮古島市"@ja	<http://www.wikidata.org/entity/Q494721>	"日本の市"@ja	<http://www.wikidata.org/entity/P190>	"姉妹都市"@ja	<https://ja.wikipedia.org/wiki/%E5%AE%AE%E5%8F%A4%E5%B3%B6%E5%B8%82>
<http://www.wikidata.org/entity/Q839104>	"胆振支庁"@ja	<http://www.wikidata.org/entity/Q850450>	"支庁"@ja	<http://www.wikidata.org/entity/P1376>	"以下の首都"@ja	<https://ja.wikipedia.org/wiki/%E8%83%86%E6%8C%AF%E6%94%AF%E5%BA%81>
<http://www.wikidata.org/entity/Q839104>	"胆振支庁"@ja	<http://www.wikidata.org/entity/Q850450>	"支庁"@ja	<http://www.wikidata.org/entity/P131>	"位置する行政区画"@ja	<https://ja.wikipedia.org/wiki/%E8%83%86%E6%8C%AF%E6%94%AF%E5%BA%81>
<http://www.wikidata.org/entity/Q909085>	"日本標準時"@ja	<http://www.wikidata.org/entity/Q12143>	"標準時間帯"@ja	<http://www.wikidata.org/entity/P421>	"標準時間帯"@ja	<https://ja.wikipedia.org/wiki/%E6%97%A5%E6%9C%AC%E6%A8%99%E6%BA%96%E6%99%82>
