?s	?sLabel	?type	?typeLabel	?prop	?propLabel	?jwiki
<http://www.wikidata.org/entity/Q17>	"日本"@ja	<http://www.wikidata.org/entity/Q113489728>	"OECD加盟国"@ja	<http://www.wikidata.org/entity/P17>	"国"@ja	<https://ja.wikipedia.org/wiki/%E6%97%A5%E6%9C%AC>
<http://www.wikidata.org/entity/Q17>	"日本"@ja	<http://www.wikidata.org/entity/Q3624078>	"主権国家"@ja	<http://www.wikidata.org/entity/P17>	"国"@ja	<https://ja.wikipedia.org/wiki/%E6%97%A5%E6%9C%AC>
<http://www.wikidata.org/entity/Q17>	"日本"@ja	<http://www.wikidata.org/entity/Q112099>	"島国"@ja	<http://www.wikidata.org/entity/P17>	"国"@ja	<https://ja.wikipedia.org/wiki/%E6%97%A5%E6%9C%AC>
<http://www.wikidata.org/entity/Q17>	"日本"@ja	<http://www.wikidata.org/entity/Q6256>	"国"@ja	<http://www.wikidata.org/entity/P17>	"国"@ja	<https://ja.wikipedia.org/wiki/%E6%97%A5%E6%9C%AC>
<http://www.wikidata.org/entity/Q7041>	"UTC+9"@ja	<http://www.wikidata.org/entity/Q17272482>	"UTCとの時差で定義された標準時"@ja	<http://www.wikidata.org/entity/P421>	"標準時間帯"@ja	<https://ja.wikipedia.org/wiki/UTC%2B9>
<http://www.wikidata.org/entity/Q7951>	"ペトロパブロフスク・カムチャツキー"@ja	<http://www.wikidata.org/entity/Q7930989>	"都市・街"@ja	<http://www.wikidata.org/entity/P190>	"姉妹都市"@ja	<https://ja.wikipedia.org/wiki/%E3%83%9A%E3%83%88%E3%83%AD%E3%83%91%E3%83%96%E3%83%AD%E3%83%95%E3%82%B9%E3%82%AF%E3%83%BB%E3%82%AB%E3%83%A0%E3%83%81%E3%83%A3%E3%83%84%E3%82%AD%E3%83%BC>
<http://www.wikidata.org/entity/Q101711>	"スズラン"@ja	<http://www.wikidata.org/entity/Q190903>	"草本植物"@ja	<http://www.wikidata.org/entity/P2238>	"公式シンボル"@ja	<https://ja.wikipedia.org/wiki/%E3%82%B9%E3%82%BA%E3%83%A9%E3%83%B3>
<http://www.wikidata.org/entity/Q101711>	"スズラン"@ja	<http://www.wikidata.org/entity/Q16521>	"タクソン"@ja	<http://www.wikidata.org/entity/P2238>	"公式シンボル"@ja	<https://ja.wikipedia.org/wiki/%E3%82%B9%E3%82%BA%E3%83%A9%E3%83%B3>
<http://www.wikidata.org/entity/Q15734>	"出水市"@ja	<http://www.wikidata.org/entity/Q494721>	"日本の市"@ja	<http://www.wikidata.org/entity/P190>	"姉妹都市"@ja	<https://ja.wikipedia.org/wiki/%E5%87%BA%E6%B0%B4%E5%B8%82>
<http://www.wikidata.org/entity/Q156288>	"キンレンカ"@ja	<http://www.wikidata.org/entity/Q16521>	"タクソン"@ja	<http://www.wikidata.org/entity/P2238>	"公式シンボル"@ja	<https://ja.wikipedia.org/wiki/%E3%82%AD%E3%83%B3%E3%83%AC%E3%83%B3%E3%82%AB>
<http://www.wikidata.org/entity/Q163039>	"オオヤマザクラ"@ja	<http://www.wikidata.org/entity/Q16521>	"タクソン"@ja	<http://www.wikidata.org/entity/P2238>	"公式シンボル"@ja	<https://ja.wikipedia.org/wiki/%E3%82%AA%E3%82%AA%E3%83%A4%E3%83%9E%E3%82%B6%E3%82%AF%E3%83%A9>
<http://www.wikidata.org/entity/Q197609>	"ホルムスク"@ja	<http://www.wikidata.org/entity/Q7930989>	"都市・街"@ja	<http://www.wikidata.org/entity/P190>	"姉妹都市"@ja	<https://ja.wikipedia.org/wiki/%E3%83%9B%E3%83%AB%E3%83%A0%E3%82%B9%E3%82%AF>
<http://www.wikidata.org/entity/Q9379388>	"Category:釧路市"@ja	<http://www.wikidata.org/entity/Q4167836>	"ウィキメディアのカテゴリ"@ja	<http://www.wikidata.org/entity/P910>	"主題の中心カテゴリ"@ja	<https://ja.wikipedia.org/wiki/Category:%E9%87%A7%E8%B7%AF%E5%B8%82>
<http://www.wikidata.org/entity/Q10856115>	"亜寒帯湿潤気候"@ja	<http://www.wikidata.org/entity/Q23702033>	"ケッペンの気候区分の気候型"@ja	<http://www.wikidata.org/entity/P2564>	"ケッペンの気候区分"@ja	<https://ja.wikipedia.org/wiki/%E4%BA%9C%E5%AF%92%E5%B8%AF%E6%B9%BF%E6%BD%A4%E6%B0%97%E5%80%99>
<http://www.wikidata.org/entity/Q11674523>	"鳥取町"@ja	<http://www.wikidata.org/entity/Q18663566>	"日本の廃止市区町村"@ja	<http://www.wikidata.org/entity/P1365>	"先行"@ja	<https://ja.wikipedia.org/wiki/%E9%B3%A5%E5%8F%96%E7%94%BA_(%E5%8C%97%E6%B5%B7%E9%81%93)>
<http://www.wikidata.org/entity/Q61194547>	"釧路市議会"@ja	<http://www.wikidata.org/entity/Q107199651>	"市議会"@ja	<http://www.wikidata.org/entity/P194>	"立法府"@ja	<https://ja.wikipedia.org/wiki/%E9%87%A7%E8%B7%AF%E5%B8%82%E8%AD%B0%E4%BC%9A>
<http://www.wikidata.org/entity/Q200078>	"岡山市"@ja	<http://www.wikidata.org/entity/Q65589340>	"都道府県庁所在地"@ja	<http://www.wikidata.org/entity/P190>	"姉妹都市"@ja	<https://ja.wikipedia.org/wiki/%E5%B2%A1%E5%B1%B1%E5%B8%82>
<http://www.wikidata.org/entity/Q200078>	"岡山市"@ja	<http://www.wikidata.org/entity/Q1749269>	"政令指定都市"@ja	<http://www.wikidata.org/entity/P190>	"姉妹都市"@ja	<https://ja.wikipedia.org/wiki/%E5%B2%A1%E5%B1%B1%E5%B8%82>
<http://www.wikidata.org/entity/Q200078>	"岡山市"@ja	<http://www.wikidata.org/entity/Q1549591>	"10万都市"@ja	<http://www.wikidata.org/entity/P190>	"姉妹都市"@ja	<https://ja.wikipedia.org/wiki/%E5%B2%A1%E5%B1%B1%E5%B8%82>
<http://www.wikidata.org/entity/Q200078>	"岡山市"@ja	<http://www.wikidata.org/entity/Q494721>	"日本の市"@ja	<http://www.wikidata.org/entity/P190>	"姉妹都市"@ja	<https://ja.wikipedia.org/wiki/%E5%B2%A1%E5%B1%B1%E5%B8%82>
<http://www.wikidata.org/entity/Q200078>	"岡山市"@ja	<http://www.wikidata.org/entity/Q515>	"都市"@ja	<http://www.wikidata.org/entity/P190>	"姉妹都市"@ja	<https://ja.wikipedia.org/wiki/%E5%B2%A1%E5%B1%B1%E5%B8%82>
<http://www.wikidata.org/entity/Q200731>	"鳥取市"@ja	<http://www.wikidata.org/entity/Q65589340>	"都道府県庁所在地"@ja	<http://www.wikidata.org/entity/P190>	"姉妹都市"@ja	<https://ja.wikipedia.org/wiki/%E9%B3%A5%E5%8F%96%E5%B8%82>
<http://www.wikidata.org/entity/Q200731>	"鳥取市"@ja	<http://www.wikidata.org/entity/Q1549591>	"10万都市"@ja	<http://www.wikidata.org/entity/P190>	"姉妹都市"@ja	<https://ja.wikipedia.org/wiki/%E9%B3%A5%E5%8F%96%E5%B8%82>
<http://www.wikidata.org/entity/Q200731>	"鳥取市"@ja	<http://www.wikidata.org/entity/Q1137833>	"中核市"@ja	<http://www.wikidata.org/entity/P190>	"姉妹都市"@ja	<https://ja.wikipedia.org/wiki/%E9%B3%A5%E5%8F%96%E5%B8%82>
<http://www.wikidata.org/entity/Q200731>	"鳥取市"@ja	<http://www.wikidata.org/entity/Q494721>	"日本の市"@ja	<http://www.wikidata.org/entity/P190>	"姉妹都市"@ja	<https://ja.wikipedia.org/wiki/%E9%B3%A5%E5%8F%96%E5%B8%82>
<http://www.wikidata.org/entity/Q244025>	"バーナビー"@ja	<http://www.wikidata.org/entity/Q88397339>	"Q88397339"	<http://www.wikidata.org/entity/P190>	"姉妹都市"@ja	<https://ja.wikipedia.org/wiki/%E3%83%90%E3%83%BC%E3%83%8A%E3%83%93%E3%83%BC>
<http://www.wikidata.org/entity/Q244025>	"バーナビー"@ja	<http://www.wikidata.org/entity/Q60458065>	"Q60458065"	<http://www.wikidata.org/entity/P190>	"姉妹都市"@ja	<https://ja.wikipedia.org/wiki/%E3%83%90%E3%83%BC%E3%83%8A%E3%83%93%E3%83%BC>
<http://www.wikidata.org/entity/Q1357133>	"津別町"@ja	<http://www.wikidata.org/entity/Q1059478>	"日本の町"@ja	<http://www.wikidata.org/entity/P47>	"隣の国又は行政区画"@ja	<https://ja.wikipedia.org/wiki/%E6%B4%A5%E5%88%A5%E7%94%BA>
<http://www.wikidata.org/entity/Q3100858>	"エゾリンドウ"@ja	<http://www.wikidata.org/entity/Q16521>	"タクソン"@ja	<http://www.wikidata.org/entity/P2238>	"公式シンボル"@ja	<https://ja.wikipedia.org/wiki/%E3%82%A8%E3%82%BE%E3%83%AA%E3%83%B3%E3%83%89%E3%82%A6>
<http://www.wikidata.org/entity/Q3916258>	"阿寒町"@ja	<http://www.wikidata.org/entity/Q18663566>	"日本の廃止市区町村"@ja	<http://www.wikidata.org/entity/P1365>	"先行"@ja	<https://ja.wikipedia.org/wiki/%E9%98%BF%E5%AF%92%E7%94%BA>
<http://www.wikidata.org/entity/Q3916386>	"音別町"@ja	<http://www.wikidata.org/entity/Q18663566>	"日本の廃止市区町村"@ja	<http://www.wikidata.org/entity/P1365>	"先行"@ja	<https://ja.wikipedia.org/wiki/%E9%9F%B3%E5%88%A5%E7%94%BA>
<http://www.wikidata.org/entity/Q6565319>	"ライラック"@ja	<http://www.wikidata.org/entity/Q16521>	"タクソン"@ja	<http://www.wikidata.org/entity/P2238>	"公式シンボル"@ja	<https://ja.wikipedia.org/wiki/%E3%83%A9%E3%82%A4%E3%83%A9%E3%83%83%E3%82%AF>
<http://www.wikidata.org/entity/Q328651>	"八千代市"@ja	<http://www.wikidata.org/entity/Q1549591>	"10万都市"@ja	<http://www.wikidata.org/entity/P190>	"姉妹都市"@ja	<https://ja.wikipedia.org/wiki/%E5%85%AB%E5%8D%83%E4%BB%A3%E5%B8%82>
<http://www.wikidata.org/entity/Q328651>	"八千代市"@ja	<http://www.wikidata.org/entity/Q494721>	"日本の市"@ja	<http://www.wikidata.org/entity/P190>	"姉妹都市"@ja	<https://ja.wikipedia.org/wiki/%E5%85%AB%E5%8D%83%E4%BB%A3%E5%B8%82>
<http://www.wikidata.org/entity/Q429402>	"阿寒湖"@ja	<http://www.wikidata.org/entity/Q23397>	"湖"@ja	<http://www.wikidata.org/entity/P206>	"隣接・位置する水域"@ja	<https://ja.wikipedia.org/wiki/%E9%98%BF%E5%AF%92%E6%B9%96>
<http://www.wikidata.org/entity/Q523575>	"釧路川"@ja	<http://www.wikidata.org/entity/Q4022>	"川"@ja	<http://www.wikidata.org/entity/P206>	"隣接・位置する水域"@ja	<https://ja.wikipedia.org/wiki/%E9%87%A7%E8%B7%AF%E5%B7%9D>
<http://www.wikidata.org/entity/Q633272>	"湯沢市"@ja	<http://www.wikidata.org/entity/Q494721>	"日本の市"@ja	<http://www.wikidata.org/entity/P190>	"姉妹都市"@ja	<https://ja.wikipedia.org/wiki/%E6%B9%AF%E6%B2%A2%E5%B8%82>
<http://www.wikidata.org/entity/Q747362>	"都留市"@ja	<http://www.wikidata.org/entity/Q1187811>	"学術都市"@ja	<http://www.wikidata.org/entity/P190>	"姉妹都市"@ja	<https://ja.wikipedia.org/wiki/%E9%83%BD%E7%95%99%E5%B8%82>
<http://www.wikidata.org/entity/Q747362>	"都留市"@ja	<http://www.wikidata.org/entity/Q494721>	"日本の市"@ja	<http://www.wikidata.org/entity/P190>	"姉妹都市"@ja	<https://ja.wikipedia.org/wiki/%E9%83%BD%E7%95%99%E5%B8%82>
<http://www.wikidata.org/entity/Q747362>	"都留市"@ja	<http://www.wikidata.org/entity/Q515>	"都市"@ja	<http://www.wikidata.org/entity/P190>	"姉妹都市"@ja	<https://ja.wikipedia.org/wiki/%E9%83%BD%E7%95%99%E5%B8%82>
<http://www.wikidata.org/entity/Q909085>	"日本標準時"@ja	<http://www.wikidata.org/entity/Q12143>	"標準時間帯"@ja	<http://www.wikidata.org/entity/P421>	"標準時間帯"@ja	<https://ja.wikipedia.org/wiki/%E6%97%A5%E6%9C%AC%E6%A8%99%E6%BA%96%E6%99%82>
<http://www.wikidata.org/entity/Q1141563>	"釧路総合振興局"@ja	<http://www.wikidata.org/entity/Q850450>	"支庁"@ja	<http://www.wikidata.org/entity/P1376>	"以下の首都"@ja	<https://ja.wikipedia.org/wiki/%E9%87%A7%E8%B7%AF%E7%B7%8F%E5%90%88%E6%8C%AF%E8%88%88%E5%B1%80>
<http://www.wikidata.org/entity/Q1186097>	"鶴居村"@ja	<http://www.wikidata.org/entity/Q4174776>	"日本の村"@ja	<http://www.wikidata.org/entity/P47>	"隣の国又は行政区画"@ja	<https://ja.wikipedia.org/wiki/%E9%B6%B4%E5%B1%85%E6%9D%91>
<http://www.wikidata.org/entity/Q1186104>	"弟子屈町"@ja	<http://www.wikidata.org/entity/Q1059478>	"日本の町"@ja	<http://www.wikidata.org/entity/P47>	"隣の国又は行政区画"@ja	<https://ja.wikipedia.org/wiki/%E5%BC%9F%E5%AD%90%E5%B1%88%E7%94%BA>
<http://www.wikidata.org/entity/Q1186129>	"白糠町"@ja	<http://www.wikidata.org/entity/Q1059478>	"日本の町"@ja	<http://www.wikidata.org/entity/P1365>	"先行"@ja	<https://ja.wikipedia.org/wiki/%E7%99%BD%E7%B3%A0%E7%94%BA>
<http://www.wikidata.org/entity/Q1186129>	"白糠町"@ja	<http://www.wikidata.org/entity/Q1059478>	"日本の町"@ja	<http://www.wikidata.org/entity/P47>	"隣の国又は行政区画"@ja	<https://ja.wikipedia.org/wiki/%E7%99%BD%E7%B3%A0%E7%94%BA>
<http://www.wikidata.org/entity/Q1186155>	"釧路町"@ja	<http://www.wikidata.org/entity/Q1059478>	"日本の町"@ja	<http://www.wikidata.org/entity/P1889>	"以下と異なる"@ja	<https://ja.wikipedia.org/wiki/%E9%87%A7%E8%B7%AF%E7%94%BA>
<http://www.wikidata.org/entity/Q1186155>	"釧路町"@ja	<http://www.wikidata.org/entity/Q1059478>	"日本の町"@ja	<http://www.wikidata.org/entity/P1366>	"後継"@ja	<https://ja.wikipedia.org/wiki/%E9%87%A7%E8%B7%AF%E7%94%BA>
<http://www.wikidata.org/entity/Q1186155>	"釧路町"@ja	<http://www.wikidata.org/entity/Q1059478>	"日本の町"@ja	<http://www.wikidata.org/entity/P47>	"隣の国又は行政区画"@ja	<https://ja.wikipedia.org/wiki/%E9%87%A7%E8%B7%AF%E7%94%BA>
<http://www.wikidata.org/entity/Q1186198>	"浦幌町"@ja	<http://www.wikidata.org/entity/Q1059478>	"日本の町"@ja	<http://www.wikidata.org/entity/P47>	"隣の国又は行政区画"@ja	<https://ja.wikipedia.org/wiki/%E6%B5%A6%E5%B9%8C%E7%94%BA>
<http://www.wikidata.org/entity/Q1186253>	"足寄町"@ja	<http://www.wikidata.org/entity/Q1059478>	"日本の町"@ja	<http://www.wikidata.org/entity/P47>	"隣の国又は行政区画"@ja	<https://ja.wikipedia.org/wiki/%E8%B6%B3%E5%AF%84%E7%94%BA>
<http://www.wikidata.org/entity/Q1205685>	"那賀町"@ja	<http://www.wikidata.org/entity/Q1059478>	"日本の町"@ja	<http://www.wikidata.org/entity/P190>	"姉妹都市"@ja	<https://ja.wikipedia.org/wiki/%E9%82%A3%E8%B3%80%E7%94%BA>
<http://www.wikidata.org/entity/Q1210209>	"ナナカマド"@ja	<http://www.wikidata.org/entity/Q16521>	"タクソン"@ja	<http://www.wikidata.org/entity/P2238>	"公式シンボル"@ja	<https://ja.wikipedia.org/wiki/%E3%83%8A%E3%83%8A%E3%82%AB%E3%83%9E%E3%83%89>
<http://www.wikidata.org/entity/Q494721>	"日本の市"@ja	<http://www.wikidata.org/entity/Q15617994>	"行政区画の種類"@ja	<http://www.wikidata.org/entity/P31>	"分類"@ja	
<http://www.wikidata.org/entity/Q1037393>	"北海道"@ja	<http://www.wikidata.org/entity/Q50337>	"都道府県"@ja	<http://www.wikidata.org/entity/P131>	"位置する行政区画"@ja	
<http://www.wikidata.org/entity/Q1549591>	"10万都市"@ja	<http://www.wikidata.org/entity/Q98966309>	"居留地の分類"@ja	<http://www.wikidata.org/entity/P31>	"分類"@ja	
<http://www.wikidata.org/entity/Q7918288>	"Q7918288"	<http://www.wikidata.org/entity/Q4167836>	"ウィキメディアのカテゴリ"@ja	<http://www.wikidata.org/entity/P1792>	"当地の人々のカテゴリ"@ja	
<http://www.wikidata.org/entity/Q8060416>	"Q8060416"	<http://www.wikidata.org/entity/Q4167836>	"ウィキメディアのカテゴリ"@ja	<http://www.wikidata.org/entity/P1464>	"当地生まれの人のカテゴリ"@ja	
