?s	?sLabel	?type	?typeLabel	?prop	?propLabel	?jwiki
<http://www.wikidata.org/entity/Q17>	"日本"@ja	<http://www.wikidata.org/entity/Q113489728>	"OECD加盟国"@ja	<http://www.wikidata.org/entity/P17>	"国"@ja	<https://ja.wikipedia.org/wiki/%E6%97%A5%E6%9C%AC>
<http://www.wikidata.org/entity/Q17>	"日本"@ja	<http://www.wikidata.org/entity/Q3624078>	"主権国家"@ja	<http://www.wikidata.org/entity/P17>	"国"@ja	<https://ja.wikipedia.org/wiki/%E6%97%A5%E6%9C%AC>
<http://www.wikidata.org/entity/Q17>	"日本"@ja	<http://www.wikidata.org/entity/Q112099>	"島国"@ja	<http://www.wikidata.org/entity/P17>	"国"@ja	<https://ja.wikipedia.org/wiki/%E6%97%A5%E6%9C%AC>
<http://www.wikidata.org/entity/Q17>	"日本"@ja	<http://www.wikidata.org/entity/Q6256>	"国"@ja	<http://www.wikidata.org/entity/P17>	"国"@ja	<https://ja.wikipedia.org/wiki/%E6%97%A5%E6%9C%AC>
<http://www.wikidata.org/entity/Q7041>	"UTC+9"@ja	<http://www.wikidata.org/entity/Q17272482>	"UTCとの時差で定義された標準時"@ja	<http://www.wikidata.org/entity/P421>	"標準時間帯"@ja	<https://ja.wikipedia.org/wiki/UTC%2B9>
<http://www.wikidata.org/entity/Q42144>	"晋州市"@ja	<http://www.wikidata.org/entity/Q29045252>	"大韓民国の市"@ja	<http://www.wikidata.org/entity/P190>	"姉妹都市"@ja	<https://ja.wikipedia.org/wiki/%E6%99%8B%E5%B7%9E%E5%B8%82_(%E6%85%B6%E5%B0%9A%E5%8D%97%E9%81%93)>
<http://www.wikidata.org/entity/Q42144>	"晋州市"@ja	<http://www.wikidata.org/entity/Q1549591>	"10万都市"@ja	<http://www.wikidata.org/entity/P190>	"姉妹都市"@ja	<https://ja.wikipedia.org/wiki/%E6%99%8B%E5%B7%9E%E5%B8%82_(%E6%85%B6%E5%B0%9A%E5%8D%97%E9%81%93)>
<http://www.wikidata.org/entity/Q685775>	"丸森町"@ja	<http://www.wikidata.org/entity/Q1059478>	"日本の町"@ja	<http://www.wikidata.org/entity/P190>	"姉妹都市"@ja	<https://ja.wikipedia.org/wiki/%E4%B8%B8%E6%A3%AE%E7%94%BA>
<http://www.wikidata.org/entity/Q138311>	"エリザベス"@ja	<http://www.wikidata.org/entity/Q2974552>	"ニュージャージー州の市"@ja	<http://www.wikidata.org/entity/P190>	"姉妹都市"@ja	<https://ja.wikipedia.org/wiki/%E3%82%A8%E3%83%AA%E3%82%B6%E3%83%99%E3%82%B9_(%E3%83%8B%E3%83%A5%E3%83%BC%E3%82%B8%E3%83%A3%E3%83%BC%E3%82%B8%E3%83%BC%E5%B7%9E)>
<http://www.wikidata.org/entity/Q138311>	"エリザベス"@ja	<http://www.wikidata.org/entity/Q62049>	"郡庁所在地"@ja	<http://www.wikidata.org/entity/P190>	"姉妹都市"@ja	<https://ja.wikipedia.org/wiki/%E3%82%A8%E3%83%AA%E3%82%B6%E3%83%99%E3%82%B9_(%E3%83%8B%E3%83%A5%E3%83%BC%E3%82%B8%E3%83%A3%E3%83%BC%E3%82%B8%E3%83%BC%E5%B7%9E)>
<http://www.wikidata.org/entity/Q183093>	"ポロナイスク"@ja	<http://www.wikidata.org/entity/Q7930989>	"都市・街"@ja	<http://www.wikidata.org/entity/P190>	"姉妹都市"@ja	<https://ja.wikipedia.org/wiki/%E3%83%9D%E3%83%AD%E3%83%8A%E3%82%A4%E3%82%B9%E3%82%AF>
<http://www.wikidata.org/entity/Q183093>	"ポロナイスク"@ja	<http://www.wikidata.org/entity/Q192287>	"ロシア連邦の地方区分"@ja	<http://www.wikidata.org/entity/P190>	"姉妹都市"@ja	<https://ja.wikipedia.org/wiki/%E3%83%9D%E3%83%AD%E3%83%8A%E3%82%A4%E3%82%B9%E3%82%AF>
<http://www.wikidata.org/entity/Q183093>	"ポロナイスク"@ja	<http://www.wikidata.org/entity/Q44782>	"港湾"@ja	<http://www.wikidata.org/entity/P190>	"姉妹都市"@ja	<https://ja.wikipedia.org/wiki/%E3%83%9D%E3%83%AD%E3%83%8A%E3%82%A4%E3%82%B9%E3%82%AF>
<http://www.wikidata.org/entity/Q909085>	"日本標準時"@ja	<http://www.wikidata.org/entity/Q12143>	"標準時間帯"@ja	<http://www.wikidata.org/entity/P421>	"標準時間帯"@ja	<https://ja.wikipedia.org/wiki/%E6%97%A5%E6%9C%AC%E6%A8%99%E6%BA%96%E6%99%82>
<http://www.wikidata.org/entity/Q986673>	"端野町"@ja	<http://www.wikidata.org/entity/Q18663566>	"日本の廃止市区町村"@ja	<http://www.wikidata.org/entity/P1366>	"後継"@ja	<https://ja.wikipedia.org/wiki/%E7%AB%AF%E9%87%8E%E7%94%BA>
<http://www.wikidata.org/entity/Q986673>	"端野町"@ja	<http://www.wikidata.org/entity/Q18663566>	"日本の廃止市区町村"@ja	<http://www.wikidata.org/entity/P1365>	"先行"@ja	<https://ja.wikipedia.org/wiki/%E7%AB%AF%E9%87%8E%E7%94%BA>
<http://www.wikidata.org/entity/Q986687>	"留辺蘂町"@ja	<http://www.wikidata.org/entity/Q18663566>	"日本の廃止市区町村"@ja	<http://www.wikidata.org/entity/P1366>	"後継"@ja	<https://ja.wikipedia.org/wiki/%E7%95%99%E8%BE%BA%E8%98%82%E7%94%BA>
<http://www.wikidata.org/entity/Q986687>	"留辺蘂町"@ja	<http://www.wikidata.org/entity/Q18663566>	"日本の廃止市区町村"@ja	<http://www.wikidata.org/entity/P1365>	"先行"@ja	<https://ja.wikipedia.org/wiki/%E7%95%99%E8%BE%BA%E8%98%82%E7%94%BA>
<http://www.wikidata.org/entity/Q1203308>	"大野町"@ja	<http://www.wikidata.org/entity/Q1059478>	"日本の町"@ja	<http://www.wikidata.org/entity/P190>	"姉妹都市"@ja	<https://ja.wikipedia.org/wiki/%E5%A4%A7%E9%87%8E%E7%94%BA>
<http://www.wikidata.org/entity/Q1205751>	"佐川町"@ja	<http://www.wikidata.org/entity/Q1059478>	"日本の町"@ja	<http://www.wikidata.org/entity/P190>	"姉妹都市"@ja	<https://ja.wikipedia.org/wiki/%E4%BD%90%E5%B7%9D%E7%94%BA>
<http://www.wikidata.org/entity/Q1208839>	"大空町"@ja	<http://www.wikidata.org/entity/Q1059478>	"日本の町"@ja	<http://www.wikidata.org/entity/P47>	"隣の国又は行政区画"@ja	<https://ja.wikipedia.org/wiki/%E5%A4%A7%E7%A9%BA%E7%94%BA>
<http://www.wikidata.org/entity/Q200251>	"高知市"@ja	<http://www.wikidata.org/entity/Q65589340>	"都道府県庁所在地"@ja	<http://www.wikidata.org/entity/P190>	"姉妹都市"@ja	<https://ja.wikipedia.org/wiki/%E9%AB%98%E7%9F%A5%E5%B8%82>
<http://www.wikidata.org/entity/Q200251>	"高知市"@ja	<http://www.wikidata.org/entity/Q1549591>	"10万都市"@ja	<http://www.wikidata.org/entity/P190>	"姉妹都市"@ja	<https://ja.wikipedia.org/wiki/%E9%AB%98%E7%9F%A5%E5%B8%82>
<http://www.wikidata.org/entity/Q200251>	"高知市"@ja	<http://www.wikidata.org/entity/Q1137833>	"中核市"@ja	<http://www.wikidata.org/entity/P190>	"姉妹都市"@ja	<https://ja.wikipedia.org/wiki/%E9%AB%98%E7%9F%A5%E5%B8%82>
<http://www.wikidata.org/entity/Q200251>	"高知市"@ja	<http://www.wikidata.org/entity/Q494721>	"日本の市"@ja	<http://www.wikidata.org/entity/P190>	"姉妹都市"@ja	<https://ja.wikipedia.org/wiki/%E9%AB%98%E7%9F%A5%E5%B8%82>
<http://www.wikidata.org/entity/Q305640>	"網走市"@ja	<http://www.wikidata.org/entity/Q494721>	"日本の市"@ja	<http://www.wikidata.org/entity/P47>	"隣の国又は行政区画"@ja	<https://ja.wikipedia.org/wiki/%E7%B6%B2%E8%B5%B0%E5%B8%82>
<http://www.wikidata.org/entity/Q1210152>	"上士幌町"@ja	<http://www.wikidata.org/entity/Q1059478>	"日本の町"@ja	<http://www.wikidata.org/entity/P47>	"隣の国又は行政区画"@ja	<https://ja.wikipedia.org/wiki/%E4%B8%8A%E5%A3%AB%E5%B9%8C%E7%94%BA>
<http://www.wikidata.org/entity/Q1348788>	"遠軽町"@ja	<http://www.wikidata.org/entity/Q1059478>	"日本の町"@ja	<http://www.wikidata.org/entity/P47>	"隣の国又は行政区画"@ja	<https://ja.wikipedia.org/wiki/%E9%81%A0%E8%BB%BD%E7%94%BA>
<http://www.wikidata.org/entity/Q1348798>	"上川町"@ja	<http://www.wikidata.org/entity/Q1059478>	"日本の町"@ja	<http://www.wikidata.org/entity/P47>	"隣の国又は行政区画"@ja	<https://ja.wikipedia.org/wiki/%E4%B8%8A%E5%B7%9D%E7%94%BA>
<http://www.wikidata.org/entity/Q1348807>	"湧別町"@ja	<http://www.wikidata.org/entity/Q1059478>	"日本の町"@ja	<http://www.wikidata.org/entity/P47>	"隣の国又は行政区画"@ja	<https://ja.wikipedia.org/wiki/%E6%B9%A7%E5%88%A5%E7%94%BA>
<http://www.wikidata.org/entity/Q1355074>	"美幌町"@ja	<http://www.wikidata.org/entity/Q1059478>	"日本の町"@ja	<http://www.wikidata.org/entity/P47>	"隣の国又は行政区画"@ja	<https://ja.wikipedia.org/wiki/%E7%BE%8E%E5%B9%8C%E7%94%BA>
<http://www.wikidata.org/entity/Q1357133>	"津別町"@ja	<http://www.wikidata.org/entity/Q1059478>	"日本の町"@ja	<http://www.wikidata.org/entity/P47>	"隣の国又は行政区画"@ja	<https://ja.wikipedia.org/wiki/%E6%B4%A5%E5%88%A5%E7%94%BA>
<http://www.wikidata.org/entity/Q1365442>	"訓子府町"@ja	<http://www.wikidata.org/entity/Q1059478>	"日本の町"@ja	<http://www.wikidata.org/entity/P47>	"隣の国又は行政区画"@ja	<https://ja.wikipedia.org/wiki/%E8%A8%93%E5%AD%90%E5%BA%9C%E7%94%BA>
<http://www.wikidata.org/entity/Q1365495>	"置戸町"@ja	<http://www.wikidata.org/entity/Q1059478>	"日本の町"@ja	<http://www.wikidata.org/entity/P1366>	"後継"@ja	<https://ja.wikipedia.org/wiki/%E7%BD%AE%E6%88%B8%E7%94%BA>
<http://www.wikidata.org/entity/Q1365495>	"置戸町"@ja	<http://www.wikidata.org/entity/Q1059478>	"日本の町"@ja	<http://www.wikidata.org/entity/P47>	"隣の国又は行政区画"@ja	<https://ja.wikipedia.org/wiki/%E7%BD%AE%E6%88%B8%E7%94%BA>
<http://www.wikidata.org/entity/Q1365521>	"佐呂間町"@ja	<http://www.wikidata.org/entity/Q1059478>	"日本の町"@ja	<http://www.wikidata.org/entity/P47>	"隣の国又は行政区画"@ja	<https://ja.wikipedia.org/wiki/%E4%BD%90%E5%91%82%E9%96%93%E7%94%BA>
<http://www.wikidata.org/entity/Q1872482>	"常呂町"@ja	<http://www.wikidata.org/entity/Q18663566>	"日本の廃止市区町村"@ja	<http://www.wikidata.org/entity/P1365>	"先行"@ja	<https://ja.wikipedia.org/wiki/%E5%B8%B8%E5%91%82%E7%94%BA>
<http://www.wikidata.org/entity/Q9379405>	"Category:北見市"@ja	<http://www.wikidata.org/entity/Q4167836>	"ウィキメディアのカテゴリ"@ja	<http://www.wikidata.org/entity/P910>	"主題の中心カテゴリ"@ja	<https://ja.wikipedia.org/wiki/Category:%E5%8C%97%E8%A6%8B%E5%B8%82>
<http://www.wikidata.org/entity/Q11581882>	"相内村"@ja	<http://www.wikidata.org/entity/Q18663566>	"日本の廃止市区町村"@ja	<http://www.wikidata.org/entity/P1366>	"後継"@ja	<https://ja.wikipedia.org/wiki/%E7%9B%B8%E5%86%85%E6%9D%91_(%E5%8C%97%E6%B5%B7%E9%81%93)>
<http://www.wikidata.org/entity/Q11581882>	"相内村"@ja	<http://www.wikidata.org/entity/Q18663566>	"日本の廃止市区町村"@ja	<http://www.wikidata.org/entity/P1365>	"先行"@ja	<https://ja.wikipedia.org/wiki/%E7%9B%B8%E5%86%85%E6%9D%91_(%E5%8C%97%E6%B5%B7%E9%81%93)>
<http://www.wikidata.org/entity/Q494721>	"日本の市"@ja	<http://www.wikidata.org/entity/Q15617994>	"行政区画の種類"@ja	<http://www.wikidata.org/entity/P31>	"分類"@ja	
<http://www.wikidata.org/entity/Q808905>	"Q808905"	<http://www.wikidata.org/entity/Q55430416>	"アルバータ州の町"@ja	<http://www.wikidata.org/entity/P190>	"姉妹都市"@ja	
<http://www.wikidata.org/entity/Q808905>	"Q808905"	<http://www.wikidata.org/entity/Q3957>	"街"@ja	<http://www.wikidata.org/entity/P190>	"姉妹都市"@ja	
<http://www.wikidata.org/entity/Q1037393>	"北海道"@ja	<http://www.wikidata.org/entity/Q50337>	"都道府県"@ja	<http://www.wikidata.org/entity/P131>	"位置する行政区画"@ja	
<http://www.wikidata.org/entity/Q1549591>	"10万都市"@ja	<http://www.wikidata.org/entity/Q98966309>	"居留地の分類"@ja	<http://www.wikidata.org/entity/P31>	"分類"@ja	
<http://www.wikidata.org/entity/Q16815654>	"Q16815654"	<http://www.wikidata.org/entity/Q4167836>	"ウィキメディアのカテゴリ"@ja	<http://www.wikidata.org/entity/P1792>	"当地の人々のカテゴリ"@ja	
<http://www.wikidata.org/entity/Q32363039>	"Q32363039"	<http://www.wikidata.org/entity/Q4167836>	"ウィキメディアのカテゴリ"@ja	<http://www.wikidata.org/entity/P1464>	"当地生まれの人のカテゴリ"@ja	
<http://www.wikidata.org/entity/Q50745319>	"北見市議会"@ja	<http://www.wikidata.org/entity/Q107199651>	"市議会"@ja	<http://www.wikidata.org/entity/P194>	"立法府"@ja	
