?s	?sLabel	?type	?typeLabel	?prop	?propLabel	?jwiki
<http://www.wikidata.org/entity/Q17>	"日本"@ja	<http://www.wikidata.org/entity/Q113489728>	"OECD加盟国"@ja	<http://www.wikidata.org/entity/P17>	"国"@ja	<https://ja.wikipedia.org/wiki/%E6%97%A5%E6%9C%AC>
<http://www.wikidata.org/entity/Q17>	"日本"@ja	<http://www.wikidata.org/entity/Q3624078>	"主権国家"@ja	<http://www.wikidata.org/entity/P17>	"国"@ja	<https://ja.wikipedia.org/wiki/%E6%97%A5%E6%9C%AC>
<http://www.wikidata.org/entity/Q17>	"日本"@ja	<http://www.wikidata.org/entity/Q112099>	"島国"@ja	<http://www.wikidata.org/entity/P17>	"国"@ja	<https://ja.wikipedia.org/wiki/%E6%97%A5%E6%9C%AC>
<http://www.wikidata.org/entity/Q17>	"日本"@ja	<http://www.wikidata.org/entity/Q6256>	"国"@ja	<http://www.wikidata.org/entity/P17>	"国"@ja	<https://ja.wikipedia.org/wiki/%E6%97%A5%E6%9C%AC>
<http://www.wikidata.org/entity/Q48>	"アジア"@ja	<http://www.wikidata.org/entity/Q2418896>	"世界の一部"@ja	<http://www.wikidata.org/entity/P30>	"大陸"@ja	<https://ja.wikipedia.org/wiki/%E3%82%A2%E3%82%B8%E3%82%A2>
<http://www.wikidata.org/entity/Q48>	"アジア"@ja	<http://www.wikidata.org/entity/Q5107>	"大陸"@ja	<http://www.wikidata.org/entity/P30>	"大陸"@ja	<https://ja.wikipedia.org/wiki/%E3%82%A2%E3%82%B8%E3%82%A2>
<http://www.wikidata.org/entity/Q515>	"都市"@ja	<http://www.wikidata.org/entity/Q98966309>	"居留地の分類"@ja	<http://www.wikidata.org/entity/P31>	"分類"@ja	<https://ja.wikipedia.org/wiki/%E9%83%BD%E5%B8%82>
<http://www.wikidata.org/entity/Q141017>	"東京湾"@ja	<http://www.wikidata.org/entity/Q39594>	"湾"@ja	<http://www.wikidata.org/entity/P206>	"隣接・位置する水域"@ja	<https://ja.wikipedia.org/wiki/%E6%9D%B1%E4%BA%AC%E6%B9%BE>
<http://www.wikidata.org/entity/Q429373>	"四街道市"@ja	<http://www.wikidata.org/entity/Q494721>	"日本の市"@ja	<http://www.wikidata.org/entity/P1365>	"先行"@ja	<https://ja.wikipedia.org/wiki/%E5%9B%9B%E8%A1%97%E9%81%93%E5%B8%82>
<http://www.wikidata.org/entity/Q429373>	"四街道市"@ja	<http://www.wikidata.org/entity/Q494721>	"日本の市"@ja	<http://www.wikidata.org/entity/P47>	"隣の国又は行政区画"@ja	<https://ja.wikipedia.org/wiki/%E5%9B%9B%E8%A1%97%E9%81%93%E5%B8%82>
<http://www.wikidata.org/entity/Q486192>	"千葉マリンスタジアム"@ja	<http://www.wikidata.org/entity/Q483110>	"スタジアム"@ja	<http://www.wikidata.org/entity/P1830>	"所有物"@ja	<https://ja.wikipedia.org/wiki/%E5%8D%83%E8%91%89%E3%83%9E%E3%83%AA%E3%83%B3%E3%82%B9%E3%82%BF%E3%82%B8%E3%82%A2%E3%83%A0>
<http://www.wikidata.org/entity/Q1475>	"ケソン市"@ja	<http://www.wikidata.org/entity/Q51929311>	"国内で人口1位の都市"@ja	<http://www.wikidata.org/entity/P190>	"姉妹都市"@ja	<https://ja.wikipedia.org/wiki/%E3%82%B1%E3%82%BD%E3%83%B3%E5%B8%82>
<http://www.wikidata.org/entity/Q1475>	"ケソン市"@ja	<http://www.wikidata.org/entity/Q29946056>	"高度都市化市"@ja	<http://www.wikidata.org/entity/P190>	"姉妹都市"@ja	<https://ja.wikipedia.org/wiki/%E3%82%B1%E3%82%BD%E3%83%B3%E5%B8%82>
<http://www.wikidata.org/entity/Q1475>	"ケソン市"@ja	<http://www.wikidata.org/entity/Q1637706>	"100万都市"@ja	<http://www.wikidata.org/entity/P190>	"姉妹都市"@ja	<https://ja.wikipedia.org/wiki/%E3%82%B1%E3%82%BD%E3%83%B3%E5%B8%82>
<http://www.wikidata.org/entity/Q1475>	"ケソン市"@ja	<http://www.wikidata.org/entity/Q1074523>	"計画都市"@ja	<http://www.wikidata.org/entity/P190>	"姉妹都市"@ja	<https://ja.wikipedia.org/wiki/%E3%82%B1%E3%82%BD%E3%83%B3%E5%B8%82>
<http://www.wikidata.org/entity/Q2933>	"アスンシオン"@ja	<http://www.wikidata.org/entity/Q51929311>	"国内で人口1位の都市"@ja	<http://www.wikidata.org/entity/P190>	"姉妹都市"@ja	<https://ja.wikipedia.org/wiki/%E3%82%A2%E3%82%B9%E3%83%B3%E3%82%B7%E3%82%AA%E3%83%B3>
<http://www.wikidata.org/entity/Q2933>	"アスンシオン"@ja	<http://www.wikidata.org/entity/Q1549591>	"10万都市"@ja	<http://www.wikidata.org/entity/P190>	"姉妹都市"@ja	<https://ja.wikipedia.org/wiki/%E3%82%A2%E3%82%B9%E3%83%B3%E3%82%B7%E3%82%AA%E3%83%B3>
<http://www.wikidata.org/entity/Q2933>	"アスンシオン"@ja	<http://www.wikidata.org/entity/Q1062177>	"首都圏"@ja	<http://www.wikidata.org/entity/P190>	"姉妹都市"@ja	<https://ja.wikipedia.org/wiki/%E3%82%A2%E3%82%B9%E3%83%B3%E3%82%B7%E3%82%AA%E3%83%B3>
<http://www.wikidata.org/entity/Q2933>	"アスンシオン"@ja	<http://www.wikidata.org/entity/Q902814>	"国境の町"@ja	<http://www.wikidata.org/entity/P190>	"姉妹都市"@ja	<https://ja.wikipedia.org/wiki/%E3%82%A2%E3%82%B9%E3%83%B3%E3%82%B7%E3%82%AA%E3%83%B3>
<http://www.wikidata.org/entity/Q2933>	"アスンシオン"@ja	<http://www.wikidata.org/entity/Q5119>	"首都"@ja	<http://www.wikidata.org/entity/P190>	"姉妹都市"@ja	<https://ja.wikipedia.org/wiki/%E3%82%A2%E3%82%B9%E3%83%B3%E3%82%B7%E3%82%AA%E3%83%B3>
<http://www.wikidata.org/entity/Q2933>	"アスンシオン"@ja	<http://www.wikidata.org/entity/Q515>	"都市"@ja	<http://www.wikidata.org/entity/P190>	"姉妹都市"@ja	<https://ja.wikipedia.org/wiki/%E3%82%A2%E3%82%B9%E3%83%B3%E3%82%B7%E3%82%AA%E3%83%B3>
<http://www.wikidata.org/entity/Q7041>	"UTC+9"@ja	<http://www.wikidata.org/entity/Q17272482>	"UTCとの時差で定義された標準時"@ja	<http://www.wikidata.org/entity/P421>	"標準時間帯"@ja	<https://ja.wikipedia.org/wiki/UTC%2B9>
<http://www.wikidata.org/entity/Q11736>	"天津市"@ja	<http://www.wikidata.org/entity/Q2264924>	"港湾都市"@ja	<http://www.wikidata.org/entity/P190>	"姉妹都市"@ja	<https://ja.wikipedia.org/wiki/%E5%A4%A9%E6%B4%A5%E5%B8%82>
<http://www.wikidata.org/entity/Q11736>	"天津市"@ja	<http://www.wikidata.org/entity/Q1637706>	"100万都市"@ja	<http://www.wikidata.org/entity/P190>	"姉妹都市"@ja	<https://ja.wikipedia.org/wiki/%E5%A4%A9%E6%B4%A5%E5%B8%82>
<http://www.wikidata.org/entity/Q11736>	"天津市"@ja	<http://www.wikidata.org/entity/Q1549591>	"10万都市"@ja	<http://www.wikidata.org/entity/P190>	"姉妹都市"@ja	<https://ja.wikipedia.org/wiki/%E5%A4%A9%E6%B4%A5%E5%B8%82>
<http://www.wikidata.org/entity/Q11736>	"天津市"@ja	<http://www.wikidata.org/entity/Q1208802>	"直轄市"@ja	<http://www.wikidata.org/entity/P190>	"姉妹都市"@ja	<https://ja.wikipedia.org/wiki/%E5%A4%A9%E6%B4%A5%E5%B8%82>
<http://www.wikidata.org/entity/Q11736>	"天津市"@ja	<http://www.wikidata.org/entity/Q1073535>	"経済技術開発区"@ja	<http://www.wikidata.org/entity/P190>	"姉妹都市"@ja	<https://ja.wikipedia.org/wiki/%E5%A4%A9%E6%B4%A5%E5%B8%82>
<http://www.wikidata.org/entity/Q11736>	"天津市"@ja	<http://www.wikidata.org/entity/Q1066538>	"国家中心都市"@ja	<http://www.wikidata.org/entity/P190>	"姉妹都市"@ja	<https://ja.wikipedia.org/wiki/%E5%A4%A9%E6%B4%A5%E5%B8%82>
<http://www.wikidata.org/entity/Q11736>	"天津市"@ja	<http://www.wikidata.org/entity/Q174844>	"メガシティ"@ja	<http://www.wikidata.org/entity/P190>	"姉妹都市"@ja	<https://ja.wikipedia.org/wiki/%E5%A4%A9%E6%B4%A5%E5%B8%82>
<http://www.wikidata.org/entity/Q11736>	"天津市"@ja	<http://www.wikidata.org/entity/Q515>	"都市"@ja	<http://www.wikidata.org/entity/P190>	"姉妹都市"@ja	<https://ja.wikipedia.org/wiki/%E5%A4%A9%E6%B4%A5%E5%B8%82>
<http://www.wikidata.org/entity/Q155833>	"キョウチクトウ"@ja	<http://www.wikidata.org/entity/Q16521>	"タクソン"@ja	<http://www.wikidata.org/entity/P2238>	"公式シンボル"@ja	<https://ja.wikipedia.org/wiki/%E3%82%AD%E3%83%A7%E3%82%A6%E3%83%81%E3%82%AF%E3%83%88%E3%82%A6>
<http://www.wikidata.org/entity/Q207881>	"市原市"@ja	<http://www.wikidata.org/entity/Q1662024>	"工業地帯"@ja	<http://www.wikidata.org/entity/P47>	"隣の国又は行政区画"@ja	<https://ja.wikipedia.org/wiki/%E5%B8%82%E5%8E%9F%E5%B8%82>
<http://www.wikidata.org/entity/Q207881>	"市原市"@ja	<http://www.wikidata.org/entity/Q1549591>	"10万都市"@ja	<http://www.wikidata.org/entity/P47>	"隣の国又は行政区画"@ja	<https://ja.wikipedia.org/wiki/%E5%B8%82%E5%8E%9F%E5%B8%82>
<http://www.wikidata.org/entity/Q207881>	"市原市"@ja	<http://www.wikidata.org/entity/Q494721>	"日本の市"@ja	<http://www.wikidata.org/entity/P47>	"隣の国又は行政区画"@ja	<https://ja.wikipedia.org/wiki/%E5%B8%82%E5%8E%9F%E5%B8%82>
<http://www.wikidata.org/entity/Q318047>	"習志野市"@ja	<http://www.wikidata.org/entity/Q11499984>	"文教都市"@ja	<http://www.wikidata.org/entity/P1366>	"後継"@ja	<https://ja.wikipedia.org/wiki/%E7%BF%92%E5%BF%97%E9%87%8E%E5%B8%82>
<http://www.wikidata.org/entity/Q318047>	"習志野市"@ja	<http://www.wikidata.org/entity/Q1549591>	"10万都市"@ja	<http://www.wikidata.org/entity/P1366>	"後継"@ja	<https://ja.wikipedia.org/wiki/%E7%BF%92%E5%BF%97%E9%87%8E%E5%B8%82>
<http://www.wikidata.org/entity/Q318047>	"習志野市"@ja	<http://www.wikidata.org/entity/Q494721>	"日本の市"@ja	<http://www.wikidata.org/entity/P1366>	"後継"@ja	<https://ja.wikipedia.org/wiki/%E7%BF%92%E5%BF%97%E9%87%8E%E5%B8%82>
<http://www.wikidata.org/entity/Q318047>	"習志野市"@ja	<http://www.wikidata.org/entity/Q11499984>	"文教都市"@ja	<http://www.wikidata.org/entity/P47>	"隣の国又は行政区画"@ja	<https://ja.wikipedia.org/wiki/%E7%BF%92%E5%BF%97%E9%87%8E%E5%B8%82>
<http://www.wikidata.org/entity/Q318047>	"習志野市"@ja	<http://www.wikidata.org/entity/Q1549591>	"10万都市"@ja	<http://www.wikidata.org/entity/P47>	"隣の国又は行政区画"@ja	<https://ja.wikipedia.org/wiki/%E7%BF%92%E5%BF%97%E9%87%8E%E5%B8%82>
<http://www.wikidata.org/entity/Q318047>	"習志野市"@ja	<http://www.wikidata.org/entity/Q494721>	"日本の市"@ja	<http://www.wikidata.org/entity/P47>	"隣の国又は行政区画"@ja	<https://ja.wikipedia.org/wiki/%E7%BF%92%E5%BF%97%E9%87%8E%E5%B8%82>
<http://www.wikidata.org/entity/Q321939>	"印旛放水路"@ja	<http://www.wikidata.org/entity/Q4022>	"川"@ja	<http://www.wikidata.org/entity/P206>	"隣接・位置する水域"@ja	<https://ja.wikipedia.org/wiki/%E5%8D%B0%E6%97%9B%E6%94%BE%E6%B0%B4%E8%B7%AF>
<http://www.wikidata.org/entity/Q328651>	"八千代市"@ja	<http://www.wikidata.org/entity/Q1549591>	"10万都市"@ja	<http://www.wikidata.org/entity/P47>	"隣の国又は行政区画"@ja	<https://ja.wikipedia.org/wiki/%E5%85%AB%E5%8D%83%E4%BB%A3%E5%B8%82>
<http://www.wikidata.org/entity/Q328651>	"八千代市"@ja	<http://www.wikidata.org/entity/Q494721>	"日本の市"@ja	<http://www.wikidata.org/entity/P47>	"隣の国又は行政区画"@ja	<https://ja.wikipedia.org/wiki/%E5%85%AB%E5%8D%83%E4%BB%A3%E5%B8%82>
<http://www.wikidata.org/entity/Q2975237>	"千葉氏"@ja	<http://www.wikidata.org/entity/Q2575910>	"氏"@ja	<http://www.wikidata.org/entity/P138>	"名前の由来"@ja	<https://ja.wikipedia.org/wiki/%E5%8D%83%E8%91%89%E6%B0%8F>
<http://www.wikidata.org/entity/Q5095310>	"千葉ポートタワー"@ja	<http://www.wikidata.org/entity/Q1440300>	"展望塔"@ja	<http://www.wikidata.org/entity/P1830>	"所有物"@ja	<https://ja.wikipedia.org/wiki/%E5%8D%83%E8%91%89%E3%83%9D%E3%83%BC%E3%83%88%E3%82%BF%E3%83%AF%E3%83%BC>
<http://www.wikidata.org/entity/Q6527045>	"Category:千葉市"@ja	<http://www.wikidata.org/entity/Q4167836>	"ウィキメディアのカテゴリ"@ja	<http://www.wikidata.org/entity/P910>	"主題の中心カテゴリ"@ja	<https://ja.wikipedia.org/wiki/Category:%E5%8D%83%E8%91%89%E5%B8%82>
<http://www.wikidata.org/entity/Q7115016>	"Category:千葉市出身の人物"@ja	<http://www.wikidata.org/entity/Q4167836>	"ウィキメディアのカテゴリ"@ja	<http://www.wikidata.org/entity/P1792>	"当地の人々のカテゴリ"@ja	<https://ja.wikipedia.org/wiki/Category:%E5%8D%83%E8%91%89%E5%B8%82%E5%87%BA%E8%BA%AB%E3%81%AE%E4%BA%BA%E7%89%A9>
<http://www.wikidata.org/entity/Q7231111>	"千葉港"@ja	<http://www.wikidata.org/entity/Q44782>	"港湾"@ja	<http://www.wikidata.org/entity/P206>	"隣接・位置する水域"@ja	<https://ja.wikipedia.org/wiki/%E5%8D%83%E8%91%89%E6%B8%AF>
<http://www.wikidata.org/entity/Q11271787>	"ちはなちゃん"@ja	<http://www.wikidata.org/entity/Q30318131>	"架空の妖精"@ja	<http://www.wikidata.org/entity/P822>	"マスコット"@ja	<https://ja.wikipedia.org/wiki/%E3%81%A1%E3%81%AF%E3%81%AA%E3%81%A1%E3%82%83%E3%82%93>
<http://www.wikidata.org/entity/Q11271787>	"ちはなちゃん"@ja	<http://www.wikidata.org/entity/Q386208>	"マスコット・キャラクター"@ja	<http://www.wikidata.org/entity/P822>	"マスコット"@ja	<https://ja.wikipedia.org/wiki/%E3%81%A1%E3%81%AF%E3%81%AA%E3%81%A1%E3%82%83%E3%82%93>
<http://www.wikidata.org/entity/Q11400436>	"勝田川"@ja	<http://www.wikidata.org/entity/Q4022>	"川"@ja	<http://www.wikidata.org/entity/P206>	"隣接・位置する水域"@ja	<https://ja.wikipedia.org/wiki/%E5%8B%9D%E7%94%B0%E5%B7%9D>
<http://www.wikidata.org/entity/Q11405423>	"千城村"@ja	<http://www.wikidata.org/entity/Q18663566>	"日本の廃止市区町村"@ja	<http://www.wikidata.org/entity/P1365>	"先行"@ja	<https://ja.wikipedia.org/wiki/%E5%8D%83%E5%9F%8E%E6%9D%91>
<http://www.wikidata.org/entity/Q11406064>	"千葉弁"@ja	<http://www.wikidata.org/entity/Q1246128>	"日本語の方言"@ja	<http://www.wikidata.org/entity/P2936>	"使用言語"@ja	<https://ja.wikipedia.org/wiki/%E5%8D%83%E8%91%89%E5%BC%81>
<http://www.wikidata.org/entity/Q11406383>	"千葉県第3区"@ja	<http://www.wikidata.org/entity/Q23983335>	"衆議院選挙区"@ja	<http://www.wikidata.org/entity/P7938>	"関連する選挙区"@ja	<https://ja.wikipedia.org/wiki/%E5%8D%83%E8%91%89%E7%9C%8C%E7%AC%AC3%E5%8C%BA>
<http://www.wikidata.org/entity/Q11406380>	"千葉県第1区"@ja	<http://www.wikidata.org/entity/Q23983335>	"衆議院選挙区"@ja	<http://www.wikidata.org/entity/P7938>	"関連する選挙区"@ja	<https://ja.wikipedia.org/wiki/%E5%8D%83%E8%91%89%E7%9C%8C%E7%AC%AC1%E5%8C%BA>
<http://www.wikidata.org/entity/Q11406381>	"千葉県第2区"@ja	<http://www.wikidata.org/entity/Q23983335>	"衆議院選挙区"@ja	<http://www.wikidata.org/entity/P7938>	"関連する選挙区"@ja	<https://ja.wikipedia.org/wiki/%E5%8D%83%E8%91%89%E7%9C%8C%E7%AC%AC2%E5%8C%BA>
<http://www.wikidata.org/entity/Q11406390>	"千葉県第9区"@ja	<http://www.wikidata.org/entity/Q23983335>	"衆議院選挙区"@ja	<http://www.wikidata.org/entity/P7938>	"関連する選挙区"@ja	<https://ja.wikipedia.org/wiki/%E5%8D%83%E8%91%89%E7%9C%8C%E7%AC%AC9%E5%8C%BA>
<http://www.wikidata.org/entity/Q11423719>	"土気町"@ja	<http://www.wikidata.org/entity/Q18663566>	"日本の廃止市区町村"@ja	<http://www.wikidata.org/entity/P1365>	"先行"@ja	<https://ja.wikipedia.org/wiki/%E5%9C%9F%E6%B0%97%E7%94%BA>
<http://www.wikidata.org/entity/Q11481813>	"幕張町"@ja	<http://www.wikidata.org/entity/Q18663566>	"日本の廃止市区町村"@ja	<http://www.wikidata.org/entity/P1365>	"先行"@ja	<https://ja.wikipedia.org/wiki/%E5%B9%95%E5%BC%B5%E7%94%BA>
<http://www.wikidata.org/entity/Q11540803>	"椎名村"@ja	<http://www.wikidata.org/entity/Q18663566>	"日本の廃止市区町村"@ja	<http://www.wikidata.org/entity/P1365>	"先行"@ja	<https://ja.wikipedia.org/wiki/%E6%A4%8E%E5%90%8D%E6%9D%91>
<http://www.wikidata.org/entity/Q11540957>	"検見川町"@ja	<http://www.wikidata.org/entity/Q18663566>	"日本の廃止市区町村"@ja	<http://www.wikidata.org/entity/P1365>	"先行"@ja	<https://ja.wikipedia.org/wiki/%E6%A4%9C%E8%A6%8B%E5%B7%9D%E7%94%BA>
<http://www.wikidata.org/entity/Q11554884>	"泉町"@ja	<http://www.wikidata.org/entity/Q18663566>	"日本の廃止市区町村"@ja	<http://www.wikidata.org/entity/P1365>	"先行"@ja	<https://ja.wikipedia.org/wiki/%E6%B3%89%E7%94%BA_(%E5%8D%83%E8%91%89%E7%9C%8C)>
<http://www.wikidata.org/entity/Q11568706>	"熊谷俊人"@ja	<http://www.wikidata.org/entity/Q5>	"ヒト"@ja	<http://www.wikidata.org/entity/P6>	"行政府の長"@ja	<https://ja.wikipedia.org/wiki/%E7%86%8A%E8%B0%B7%E4%BF%8A%E4%BA%BA>
<http://www.wikidata.org/entity/Q11571120>	"犢橋村"@ja	<http://www.wikidata.org/entity/Q18663566>	"日本の廃止市区町村"@ja	<http://www.wikidata.org/entity/P1365>	"先行"@ja	<https://ja.wikipedia.org/wiki/%E7%8A%A2%E6%A9%8B%E6%9D%91>
<http://www.wikidata.org/entity/Q11574684>	"生浜町"@ja	<http://www.wikidata.org/entity/Q18663566>	"日本の廃止市区町村"@ja	<http://www.wikidata.org/entity/P1365>	"先行"@ja	<https://ja.wikipedia.org/wiki/%E7%94%9F%E6%B5%9C%E7%94%BA>
<http://www.wikidata.org/entity/Q11625204>	"蘇我町"@ja	<http://www.wikidata.org/entity/Q18663566>	"日本の廃止市区町村"@ja	<http://www.wikidata.org/entity/P1365>	"先行"@ja	<https://ja.wikipedia.org/wiki/%E8%98%87%E6%88%91%E7%94%BA>
<http://www.wikidata.org/entity/Q11631435>	"誉田村"@ja	<http://www.wikidata.org/entity/Q18663566>	"日本の廃止市区町村"@ja	<http://www.wikidata.org/entity/P1365>	"先行"@ja	<https://ja.wikipedia.org/wiki/%E8%AA%89%E7%94%B0%E6%9D%91_(%E5%8D%83%E8%91%89%E7%9C%8C)>
<http://www.wikidata.org/entity/Q11643721>	"都村"@ja	<http://www.wikidata.org/entity/Q18663566>	"日本の廃止市区町村"@ja	<http://www.wikidata.org/entity/P1365>	"先行"@ja	<https://ja.wikipedia.org/wiki/%E9%83%BD%E6%9D%91_(%E5%8D%83%E8%91%89%E7%9C%8C)>
<http://www.wikidata.org/entity/Q11643828>	"都賀村"@ja	<http://www.wikidata.org/entity/Q18663566>	"日本の廃止市区町村"@ja	<http://www.wikidata.org/entity/P1365>	"先行"@ja	<https://ja.wikipedia.org/wiki/%E9%83%BD%E8%B3%80%E6%9D%91_(%E5%8D%83%E8%91%89%E7%9C%8C)>
<http://www.wikidata.org/entity/Q11667077>	"首都圏方言"@ja	<http://www.wikidata.org/entity/Q11502339>	"新方言"@ja	<http://www.wikidata.org/entity/P2936>	"使用言語"@ja	<https://ja.wikipedia.org/wiki/%E9%A6%96%E9%83%BD%E5%9C%8F%E6%96%B9%E8%A8%80>
<http://www.wikidata.org/entity/Q11667077>	"首都圏方言"@ja	<http://www.wikidata.org/entity/Q1246128>	"日本語の方言"@ja	<http://www.wikidata.org/entity/P2936>	"使用言語"@ja	<https://ja.wikipedia.org/wiki/%E9%A6%96%E9%83%BD%E5%9C%8F%E6%96%B9%E8%A8%80>
<http://www.wikidata.org/entity/Q11677118>	"鹿島川"@ja	<http://www.wikidata.org/entity/Q4022>	"川"@ja	<http://www.wikidata.org/entity/P206>	"隣接・位置する水域"@ja	<https://ja.wikipedia.org/wiki/%E9%B9%BF%E5%B3%B6%E5%B7%9D_(%E5%8D%83%E8%91%89%E7%9C%8C)>
<http://www.wikidata.org/entity/Q12267692>	"コアジサシ"@ja	<http://www.wikidata.org/entity/Q16521>	"タクソン"@ja	<http://www.wikidata.org/entity/P2238>	"公式シンボル"@ja	<https://ja.wikipedia.org/wiki/%E3%82%B3%E3%82%A2%E3%82%B8%E3%82%B5%E3%82%B7>
<http://www.wikidata.org/entity/Q21653583>	"千葉市歌"@ja	<http://www.wikidata.org/entity/Q105543609>	"楽曲"@ja	<http://www.wikidata.org/entity/P85>	"アンセム"@ja	<https://ja.wikipedia.org/wiki/%E5%8D%83%E8%91%89%E5%B8%82%E6%AD%8C>
<http://www.wikidata.org/entity/Q22130412>	"千葉市議会"@ja	<http://www.wikidata.org/entity/Q107199651>	"市議会"@ja	<http://www.wikidata.org/entity/P194>	"立法府"@ja	<https://ja.wikipedia.org/wiki/%E5%8D%83%E8%91%89%E5%B8%82%E8%AD%B0%E4%BC%9A>
<http://www.wikidata.org/entity/Q28683157>	"千葉市出身の人物一覧"@ja	<http://www.wikidata.org/entity/Q13406463>	"ウィキメディアの一覧記事"@ja	<http://www.wikidata.org/entity/P2354>	"主題の一覧"@ja	<https://ja.wikipedia.org/wiki/%E5%8D%83%E8%91%89%E5%B8%82%E5%87%BA%E8%BA%AB%E3%81%AE%E4%BA%BA%E7%89%A9%E4%B8%80%E8%A6%A7>
<http://www.wikidata.org/entity/Q56436971>	"千葉市長"@ja	<http://www.wikidata.org/entity/Q4164871>	"職位"@ja	<http://www.wikidata.org/entity/P1313>	"行政府の長の地位"@ja	<https://ja.wikipedia.org/wiki/%E5%8D%83%E8%91%89%E5%B8%82%E9%95%B7>
<http://www.wikidata.org/entity/Q69354>	"モントルー"@ja	<http://www.wikidata.org/entity/Q54935504>	"スイスの都市"@ja	<http://www.wikidata.org/entity/P190>	"姉妹都市"@ja	<https://ja.wikipedia.org/wiki/%E3%83%A2%E3%83%B3%E3%83%88%E3%83%AB%E3%83%BC>
<http://www.wikidata.org/entity/Q69354>	"モントルー"@ja	<http://www.wikidata.org/entity/Q70208>	"スイスの基礎自治体"@ja	<http://www.wikidata.org/entity/P190>	"姉妹都市"@ja	<https://ja.wikipedia.org/wiki/%E3%83%A2%E3%83%B3%E3%83%88%E3%83%AB%E3%83%BC>
<http://www.wikidata.org/entity/Q80011>	"千葉県"@ja	<http://www.wikidata.org/entity/Q50337>	"都道府県"@ja	<http://www.wikidata.org/entity/P1376>	"以下の首都"@ja	<https://ja.wikipedia.org/wiki/%E5%8D%83%E8%91%89%E7%9C%8C>
<http://www.wikidata.org/entity/Q80011>	"千葉県"@ja	<http://www.wikidata.org/entity/Q50337>	"都道府県"@ja	<http://www.wikidata.org/entity/P131>	"位置する行政区画"@ja	<https://ja.wikipedia.org/wiki/%E5%8D%83%E8%91%89%E7%9C%8C>
<http://www.wikidata.org/entity/Q16555>	"ヒューストン"@ja	<http://www.wikidata.org/entity/Q1637706>	"100万都市"@ja	<http://www.wikidata.org/entity/P190>	"姉妹都市"@ja	<https://ja.wikipedia.org/wiki/%E3%83%92%E3%83%A5%E3%83%BC%E3%82%B9%E3%83%88%E3%83%B3>
<http://www.wikidata.org/entity/Q16555>	"ヒューストン"@ja	<http://www.wikidata.org/entity/Q1549591>	"10万都市"@ja	<http://www.wikidata.org/entity/P190>	"姉妹都市"@ja	<https://ja.wikipedia.org/wiki/%E3%83%92%E3%83%A5%E3%83%BC%E3%82%B9%E3%83%88%E3%83%B3>
<http://www.wikidata.org/entity/Q16555>	"ヒューストン"@ja	<http://www.wikidata.org/entity/Q1093829>	"アメリカ合衆国の市"@ja	<http://www.wikidata.org/entity/P190>	"姉妹都市"@ja	<https://ja.wikipedia.org/wiki/%E3%83%92%E3%83%A5%E3%83%BC%E3%82%B9%E3%83%88%E3%83%B3>
<http://www.wikidata.org/entity/Q16555>	"ヒューストン"@ja	<http://www.wikidata.org/entity/Q62049>	"郡庁所在地"@ja	<http://www.wikidata.org/entity/P190>	"姉妹都市"@ja	<https://ja.wikipedia.org/wiki/%E3%83%92%E3%83%A5%E3%83%BC%E3%82%B9%E3%83%88%E3%83%B3>
<http://www.wikidata.org/entity/Q42622>	"蘇州市"@ja	<http://www.wikidata.org/entity/Q1637706>	"100万都市"@ja	<http://www.wikidata.org/entity/P190>	"姉妹都市"@ja	<https://ja.wikipedia.org/wiki/%E8%98%87%E5%B7%9E%E5%B8%82>
<http://www.wikidata.org/entity/Q42622>	"蘇州市"@ja	<http://www.wikidata.org/entity/Q1549591>	"10万都市"@ja	<http://www.wikidata.org/entity/P190>	"姉妹都市"@ja	<https://ja.wikipedia.org/wiki/%E8%98%87%E5%B7%9E%E5%B8%82>
<http://www.wikidata.org/entity/Q42622>	"蘇州市"@ja	<http://www.wikidata.org/entity/Q748149>	"地級市"@ja	<http://www.wikidata.org/entity/P190>	"姉妹都市"@ja	<https://ja.wikipedia.org/wiki/%E8%98%87%E5%B7%9E%E5%B8%82>
<http://www.wikidata.org/entity/Q498011>	"佐倉市"@ja	<http://www.wikidata.org/entity/Q1549591>	"10万都市"@ja	<http://www.wikidata.org/entity/P1365>	"先行"@ja	<https://ja.wikipedia.org/wiki/%E4%BD%90%E5%80%89%E5%B8%82>
<http://www.wikidata.org/entity/Q498011>	"佐倉市"@ja	<http://www.wikidata.org/entity/Q494721>	"日本の市"@ja	<http://www.wikidata.org/entity/P1365>	"先行"@ja	<https://ja.wikipedia.org/wiki/%E4%BD%90%E5%80%89%E5%B8%82>
<http://www.wikidata.org/entity/Q498011>	"佐倉市"@ja	<http://www.wikidata.org/entity/Q1549591>	"10万都市"@ja	<http://www.wikidata.org/entity/P47>	"隣の国又は行政区画"@ja	<https://ja.wikipedia.org/wiki/%E4%BD%90%E5%80%89%E5%B8%82>
<http://www.wikidata.org/entity/Q498011>	"佐倉市"@ja	<http://www.wikidata.org/entity/Q494721>	"日本の市"@ja	<http://www.wikidata.org/entity/P47>	"隣の国又は行政区画"@ja	<https://ja.wikipedia.org/wiki/%E4%BD%90%E5%80%89%E5%B8%82>
<http://www.wikidata.org/entity/Q502486>	"茂原市"@ja	<http://www.wikidata.org/entity/Q494721>	"日本の市"@ja	<http://www.wikidata.org/entity/P47>	"隣の国又は行政区画"@ja	<https://ja.wikipedia.org/wiki/%E8%8C%82%E5%8E%9F%E5%B8%82>
<http://www.wikidata.org/entity/Q637913>	"東金市"@ja	<http://www.wikidata.org/entity/Q494721>	"日本の市"@ja	<http://www.wikidata.org/entity/P47>	"隣の国又は行政区画"@ja	<https://ja.wikipedia.org/wiki/%E6%9D%B1%E9%87%91%E5%B8%82>
<http://www.wikidata.org/entity/Q638296>	"八街市"@ja	<http://www.wikidata.org/entity/Q494721>	"日本の市"@ja	<http://www.wikidata.org/entity/P47>	"隣の国又は行政区画"@ja	<https://ja.wikipedia.org/wiki/%E5%85%AB%E8%A1%97%E5%B8%82>
<http://www.wikidata.org/entity/Q920344>	"ケヤキ"@ja	<http://www.wikidata.org/entity/Q16521>	"タクソン"@ja	<http://www.wikidata.org/entity/P2238>	"公式シンボル"@ja	<https://ja.wikipedia.org/wiki/%E3%82%B1%E3%83%A4%E3%82%AD>
<http://www.wikidata.org/entity/Q926492>	"緑区"@ja	<http://www.wikidata.org/entity/Q137773>	"日本の区"@ja	<http://www.wikidata.org/entity/P150>	"直下の行政区画"@ja	<https://ja.wikipedia.org/wiki/%E7%B7%91%E5%8C%BA_(%E5%8D%83%E8%91%89%E5%B8%82)>
<http://www.wikidata.org/entity/Q1001626>	"ノース・バンクーバー"@ja	<http://www.wikidata.org/entity/Q60458065>	"Q60458065"	<http://www.wikidata.org/entity/P190>	"姉妹都市"@ja	<https://ja.wikipedia.org/wiki/%E3%83%8E%E3%83%BC%E3%82%B9%E3%83%90%E3%83%B3%E3%82%AF%E3%83%BC%E3%83%90%E3%83%BC_(%E3%83%96%E3%83%AA%E3%83%86%E3%82%A3%E3%83%83%E3%82%B7%E3%83%A5%E3%82%B3%E3%83%AD%E3%83%B3%E3%83%93%E3%82%A2%E5%B7%9E)>
<http://www.wikidata.org/entity/Q1022115>	"房総半島"@ja	<http://www.wikidata.org/entity/Q34763>	"半島"@ja	<http://www.wikidata.org/entity/P706>	"位置する地形"@ja	<https://ja.wikipedia.org/wiki/%E6%88%BF%E7%B7%8F%E5%8D%8A%E5%B3%B6>
<http://www.wikidata.org/entity/Q1075859>	"美浜区"@ja	<http://www.wikidata.org/entity/Q11499971>	"文教地区"@ja	<http://www.wikidata.org/entity/P150>	"直下の行政区画"@ja	<https://ja.wikipedia.org/wiki/%E7%BE%8E%E6%B5%9C%E5%8C%BA>
<http://www.wikidata.org/entity/Q1075859>	"美浜区"@ja	<http://www.wikidata.org/entity/Q1187811>	"学術都市"@ja	<http://www.wikidata.org/entity/P150>	"直下の行政区画"@ja	<https://ja.wikipedia.org/wiki/%E7%BE%8E%E6%B5%9C%E5%8C%BA>
<http://www.wikidata.org/entity/Q1075859>	"美浜区"@ja	<http://www.wikidata.org/entity/Q137773>	"日本の区"@ja	<http://www.wikidata.org/entity/P150>	"直下の行政区画"@ja	<https://ja.wikipedia.org/wiki/%E7%BE%8E%E6%B5%9C%E5%8C%BA>
<http://www.wikidata.org/entity/Q1075869>	"中央区"@ja	<http://www.wikidata.org/entity/Q11499971>	"文教地区"@ja	<http://www.wikidata.org/entity/P150>	"直下の行政区画"@ja	<https://ja.wikipedia.org/wiki/%E4%B8%AD%E5%A4%AE%E5%8C%BA_(%E5%8D%83%E8%91%89%E5%B8%82)>
<http://www.wikidata.org/entity/Q1075869>	"中央区"@ja	<http://www.wikidata.org/entity/Q11499971>	"文教地区"@ja	<http://www.wikidata.org/entity/P36>	"行政中心地"@ja	<https://ja.wikipedia.org/wiki/%E4%B8%AD%E5%A4%AE%E5%8C%BA_(%E5%8D%83%E8%91%89%E5%B8%82)>
<http://www.wikidata.org/entity/Q1075869>	"中央区"@ja	<http://www.wikidata.org/entity/Q137773>	"日本の区"@ja	<http://www.wikidata.org/entity/P150>	"直下の行政区画"@ja	<https://ja.wikipedia.org/wiki/%E4%B8%AD%E5%A4%AE%E5%8C%BA_(%E5%8D%83%E8%91%89%E5%B8%82)>
<http://www.wikidata.org/entity/Q1075869>	"中央区"@ja	<http://www.wikidata.org/entity/Q137773>	"日本の区"@ja	<http://www.wikidata.org/entity/P36>	"行政中心地"@ja	<https://ja.wikipedia.org/wiki/%E4%B8%AD%E5%A4%AE%E5%8C%BA_(%E5%8D%83%E8%91%89%E5%B8%82)>
<http://www.wikidata.org/entity/Q1075882>	"花見川区"@ja	<http://www.wikidata.org/entity/Q137773>	"日本の区"@ja	<http://www.wikidata.org/entity/P150>	"直下の行政区画"@ja	<https://ja.wikipedia.org/wiki/%E8%8A%B1%E8%A6%8B%E5%B7%9D%E5%8C%BA>
<http://www.wikidata.org/entity/Q1075889>	"若葉区"@ja	<http://www.wikidata.org/entity/Q137773>	"日本の区"@ja	<http://www.wikidata.org/entity/P150>	"直下の行政区画"@ja	<https://ja.wikipedia.org/wiki/%E8%8B%A5%E8%91%89%E5%8C%BA>
<http://www.wikidata.org/entity/Q1075905>	"稲毛区"@ja	<http://www.wikidata.org/entity/Q11499971>	"文教地区"@ja	<http://www.wikidata.org/entity/P150>	"直下の行政区画"@ja	<https://ja.wikipedia.org/wiki/%E7%A8%B2%E6%AF%9B%E5%8C%BA>
<http://www.wikidata.org/entity/Q1075905>	"稲毛区"@ja	<http://www.wikidata.org/entity/Q1187811>	"学術都市"@ja	<http://www.wikidata.org/entity/P150>	"直下の行政区画"@ja	<https://ja.wikipedia.org/wiki/%E7%A8%B2%E6%AF%9B%E5%8C%BA>
<http://www.wikidata.org/entity/Q1075905>	"稲毛区"@ja	<http://www.wikidata.org/entity/Q137773>	"日本の区"@ja	<http://www.wikidata.org/entity/P150>	"直下の行政区画"@ja	<https://ja.wikipedia.org/wiki/%E7%A8%B2%E6%AF%9B%E5%8C%BA>
<http://www.wikidata.org/entity/Q1124865>	"関東平野"@ja	<http://www.wikidata.org/entity/Q160091>	"平野"@ja	<http://www.wikidata.org/entity/P706>	"位置する地形"@ja	<https://ja.wikipedia.org/wiki/%E9%96%A2%E6%9D%B1%E5%B9%B3%E9%87%8E>
<http://www.wikidata.org/entity/Q1137281>	"フクダ電子アリーナ"@ja	<http://www.wikidata.org/entity/Q1154710>	"サッカースタジアム"@ja	<http://www.wikidata.org/entity/P1830>	"所有物"@ja	<https://ja.wikipedia.org/wiki/%E3%83%95%E3%82%AF%E3%83%80%E9%9B%BB%E5%AD%90%E3%82%A2%E3%83%AA%E3%83%BC%E3%83%8A>
<http://www.wikidata.org/entity/Q1203251>	"大網白里市"@ja	<http://www.wikidata.org/entity/Q828359>	"ベッドタウン"@ja	<http://www.wikidata.org/entity/P47>	"隣の国又は行政区画"@ja	<https://ja.wikipedia.org/wiki/%E5%A4%A7%E7%B6%B2%E7%99%BD%E9%87%8C%E5%B8%82>
<http://www.wikidata.org/entity/Q1203251>	"大網白里市"@ja	<http://www.wikidata.org/entity/Q494721>	"日本の市"@ja	<http://www.wikidata.org/entity/P47>	"隣の国又は行政区画"@ja	<https://ja.wikipedia.org/wiki/%E5%A4%A7%E7%B6%B2%E7%99%BD%E9%87%8C%E5%B8%82>
<http://www.wikidata.org/entity/Q1371372>	"呉江区"@ja	<http://www.wikidata.org/entity/Q1065118>	"市轄区"@ja	<http://www.wikidata.org/entity/P190>	"姉妹都市"@ja	<https://ja.wikipedia.org/wiki/%E5%91%89%E6%B1%9F%E5%8C%BA>
<http://www.wikidata.org/entity/Q494721>	"日本の市"@ja	<http://www.wikidata.org/entity/Q15617994>	"行政区画の種類"@ja	<http://www.wikidata.org/entity/P31>	"分類"@ja	
<http://www.wikidata.org/entity/Q1549591>	"10万都市"@ja	<http://www.wikidata.org/entity/Q98966309>	"居留地の分類"@ja	<http://www.wikidata.org/entity/P31>	"分類"@ja	
<http://www.wikidata.org/entity/Q7981612>	"Q7981612"	<http://www.wikidata.org/entity/Q4167836>	"ウィキメディアのカテゴリ"@ja	<http://www.wikidata.org/entity/P10280>	"主題の名誉市民のカテゴリ"@ja	
<http://www.wikidata.org/entity/Q8075406>	"Q8075406"	<http://www.wikidata.org/entity/Q4167836>	"ウィキメディアのカテゴリ"@ja	<http://www.wikidata.org/entity/P1464>	"当地生まれの人のカテゴリ"@ja	
<http://www.wikidata.org/entity/Q25745617>	"Q25745617"	<http://www.wikidata.org/entity/Q11753321>	"ウィキメディアのナビゲーションテンプレート"@ja	<http://www.wikidata.org/entity/P1424>	"記事の中心テンプレート"@ja	
<http://www.wikidata.org/entity/Q44622978>	"Q44622978"	<http://www.wikidata.org/entity/Q4167836>	"ウィキメディアのカテゴリ"@ja	<http://www.wikidata.org/entity/P1465>	"当地で死んだ人のカテゴリ"@ja	
<http://www.wikidata.org/entity/Q107285806>	"千葉都市圏"@ja	<http://www.wikidata.org/entity/Q1907114>	"都市圏"@ja	<http://www.wikidata.org/entity/P361>	"以下の一部分"@ja	
<http://www.wikidata.org/entity/Q107285806>	"千葉都市圏"@ja	<http://www.wikidata.org/entity/Q486972>	"集落"@ja	<http://www.wikidata.org/entity/P361>	"以下の一部分"@ja	
<http://www.wikidata.org/entity/Q112044108>	"Category:千葉市の地図"@ja	<http://www.wikidata.org/entity/Q4167836>	"ウィキメディアのカテゴリ"@ja	<http://www.wikidata.org/entity/P7867>	"当地の地図のカテゴリ"@ja	
