?s	?sLabel	?type	?typeLabel	?prop	?propLabel	?jwiki
<http://www.wikidata.org/entity/Q17>	"日本"@ja	<http://www.wikidata.org/entity/Q113489728>	"OECD加盟国"@ja	<http://www.wikidata.org/entity/P17>	"国"@ja	<https://ja.wikipedia.org/wiki/%E6%97%A5%E6%9C%AC>
<http://www.wikidata.org/entity/Q17>	"日本"@ja	<http://www.wikidata.org/entity/Q3624078>	"主権国家"@ja	<http://www.wikidata.org/entity/P17>	"国"@ja	<https://ja.wikipedia.org/wiki/%E6%97%A5%E6%9C%AC>
<http://www.wikidata.org/entity/Q17>	"日本"@ja	<http://www.wikidata.org/entity/Q112099>	"島国"@ja	<http://www.wikidata.org/entity/P17>	"国"@ja	<https://ja.wikipedia.org/wiki/%E6%97%A5%E6%9C%AC>
<http://www.wikidata.org/entity/Q17>	"日本"@ja	<http://www.wikidata.org/entity/Q6256>	"国"@ja	<http://www.wikidata.org/entity/P17>	"国"@ja	<https://ja.wikipedia.org/wiki/%E6%97%A5%E6%9C%AC>
<http://www.wikidata.org/entity/Q7041>	"UTC+9"@ja	<http://www.wikidata.org/entity/Q17272482>	"UTCとの時差で定義された標準時"@ja	<http://www.wikidata.org/entity/P421>	"標準時間帯"@ja	<https://ja.wikipedia.org/wiki/UTC%2B9>
<http://www.wikidata.org/entity/Q41602>	"オホーツク海"@ja	<http://www.wikidata.org/entity/Q204894>	"縁海"@ja	<http://www.wikidata.org/entity/P206>	"隣接・位置する水域"@ja	<https://ja.wikipedia.org/wiki/%E3%82%AA%E3%83%9B%E3%83%BC%E3%83%84%E3%82%AF%E6%B5%B7>
<http://www.wikidata.org/entity/Q909085>	"日本標準時"@ja	<http://www.wikidata.org/entity/Q12143>	"標準時間帯"@ja	<http://www.wikidata.org/entity/P421>	"標準時間帯"@ja	<https://ja.wikipedia.org/wiki/%E6%97%A5%E6%9C%AC%E6%A8%99%E6%BA%96%E6%99%82>
<http://www.wikidata.org/entity/Q1054546>	"オホーツク総合振興局"@ja	<http://www.wikidata.org/entity/Q850450>	"支庁"@ja	<http://www.wikidata.org/entity/P131>	"位置する行政区画"@ja	<https://ja.wikipedia.org/wiki/%E3%82%AA%E3%83%9B%E3%83%BC%E3%83%84%E3%82%AF%E7%B7%8F%E5%90%88%E6%8C%AF%E8%88%88%E5%B1%80>
<http://www.wikidata.org/entity/Q1348703>	"滝上町"@ja	<http://www.wikidata.org/entity/Q1059478>	"日本の町"@ja	<http://www.wikidata.org/entity/P47>	"隣の国又は行政区画"@ja	<https://ja.wikipedia.org/wiki/%E6%BB%9D%E4%B8%8A%E7%94%BA>
<http://www.wikidata.org/entity/Q824111>	"ニューポート"@ja	<http://www.wikidata.org/entity/Q63440326>	"オレゴン州の市"@ja	<http://www.wikidata.org/entity/P190>	"姉妹都市"@ja	<https://ja.wikipedia.org/wiki/%E3%83%8B%E3%83%A5%E3%83%BC%E3%83%9D%E3%83%BC%E3%83%88_(%E3%82%AA%E3%83%AC%E3%82%B4%E3%83%B3%E5%B7%9E)>
<http://www.wikidata.org/entity/Q824111>	"ニューポート"@ja	<http://www.wikidata.org/entity/Q62049>	"郡庁所在地"@ja	<http://www.wikidata.org/entity/P190>	"姉妹都市"@ja	<https://ja.wikipedia.org/wiki/%E3%83%8B%E3%83%A5%E3%83%BC%E3%83%9D%E3%83%BC%E3%83%88_(%E3%82%AA%E3%83%AC%E3%82%B4%E3%83%B3%E5%B7%9E)>
<http://www.wikidata.org/entity/Q1348729>	"興部町"@ja	<http://www.wikidata.org/entity/Q1059478>	"日本の町"@ja	<http://www.wikidata.org/entity/P47>	"隣の国又は行政区画"@ja	<https://ja.wikipedia.org/wiki/%E8%88%88%E9%83%A8%E7%94%BA>
<http://www.wikidata.org/entity/Q1348788>	"遠軽町"@ja	<http://www.wikidata.org/entity/Q1059478>	"日本の町"@ja	<http://www.wikidata.org/entity/P47>	"隣の国又は行政区画"@ja	<https://ja.wikipedia.org/wiki/%E9%81%A0%E8%BB%BD%E7%94%BA>
<http://www.wikidata.org/entity/Q1348807>	"湧別町"@ja	<http://www.wikidata.org/entity/Q1059478>	"日本の町"@ja	<http://www.wikidata.org/entity/P47>	"隣の国又は行政区画"@ja	<https://ja.wikipedia.org/wiki/%E6%B9%A7%E5%88%A5%E7%94%BA>
<http://www.wikidata.org/entity/Q11359598>	"上渚滑村"@ja	<http://www.wikidata.org/entity/Q18663566>	"日本の廃止市区町村"@ja	<http://www.wikidata.org/entity/P1365>	"先行"@ja	<https://ja.wikipedia.org/wiki/%E4%B8%8A%E6%B8%9A%E6%BB%91%E6%9D%91>
<http://www.wikidata.org/entity/Q11561846>	"渚滑村"@ja	<http://www.wikidata.org/entity/Q18663566>	"日本の廃止市区町村"@ja	<http://www.wikidata.org/entity/P1365>	"先行"@ja	<https://ja.wikipedia.org/wiki/%E6%B8%9A%E6%BB%91%E6%9D%91>
<http://www.wikidata.org/entity/Q11605322>	"紋別町"@ja	<http://www.wikidata.org/entity/Q18663566>	"日本の廃止市区町村"@ja	<http://www.wikidata.org/entity/P1365>	"先行"@ja	<https://ja.wikipedia.org/wiki/%E7%B4%8B%E5%88%A5%E7%94%BA>
<http://www.wikidata.org/entity/Q15615361>	"Category:紋別市"@ja	<http://www.wikidata.org/entity/Q4167836>	"ウィキメディアのカテゴリ"@ja	<http://www.wikidata.org/entity/P910>	"主題の中心カテゴリ"@ja	<https://ja.wikipedia.org/wiki/Category:%E7%B4%8B%E5%88%A5%E5%B8%82>
<http://www.wikidata.org/entity/Q79638>	"フェアバンクス"@ja	<http://www.wikidata.org/entity/Q1093829>	"アメリカ合衆国の市"@ja	<http://www.wikidata.org/entity/P190>	"姉妹都市"@ja	<https://ja.wikipedia.org/wiki/%E3%83%95%E3%82%A7%E3%82%A2%E3%83%90%E3%83%B3%E3%82%AF%E3%82%B9>
<http://www.wikidata.org/entity/Q79638>	"フェアバンクス"@ja	<http://www.wikidata.org/entity/Q62049>	"郡庁所在地"@ja	<http://www.wikidata.org/entity/P190>	"姉妹都市"@ja	<https://ja.wikipedia.org/wiki/%E3%83%95%E3%82%A7%E3%82%A2%E3%83%90%E3%83%B3%E3%82%AF%E3%82%B9>
<http://www.wikidata.org/entity/Q155331>	"コルサコフ"@ja	<http://www.wikidata.org/entity/Q7930989>	"都市・街"@ja	<http://www.wikidata.org/entity/P190>	"姉妹都市"@ja	<https://ja.wikipedia.org/wiki/%E3%82%B3%E3%83%AB%E3%82%B5%E3%82%B3%E3%83%95_(%E3%82%B5%E3%83%8F%E3%83%AA%E3%83%B3%E5%B7%9E)>
<http://www.wikidata.org/entity/Q155331>	"コルサコフ"@ja	<http://www.wikidata.org/entity/Q192287>	"ロシア連邦の地方区分"@ja	<http://www.wikidata.org/entity/P190>	"姉妹都市"@ja	<https://ja.wikipedia.org/wiki/%E3%82%B3%E3%83%AB%E3%82%B5%E3%82%B3%E3%83%95_(%E3%82%B5%E3%83%8F%E3%83%AA%E3%83%B3%E5%B7%9E)>
<http://www.wikidata.org/entity/Q155331>	"コルサコフ"@ja	<http://www.wikidata.org/entity/Q44782>	"港湾"@ja	<http://www.wikidata.org/entity/P190>	"姉妹都市"@ja	<https://ja.wikipedia.org/wiki/%E3%82%B3%E3%83%AB%E3%82%B5%E3%82%B3%E3%83%95_(%E3%82%B5%E3%83%8F%E3%83%AA%E3%83%B3%E5%B7%9E)>
<http://www.wikidata.org/entity/Q494721>	"日本の市"@ja	<http://www.wikidata.org/entity/Q15617994>	"行政区画の種類"@ja	<http://www.wikidata.org/entity/P31>	"分類"@ja	
<http://www.wikidata.org/entity/Q1037393>	"北海道"@ja	<http://www.wikidata.org/entity/Q50337>	"都道府県"@ja	<http://www.wikidata.org/entity/P131>	"位置する行政区画"@ja	
