?s	?sLabel	?type	?typeLabel	?prop	?propLabel	?jwiki
<http://www.wikidata.org/entity/Q17>	"日本"@ja	<http://www.wikidata.org/entity/Q113489728>	"OECD加盟国"@ja	<http://www.wikidata.org/entity/P17>	"国"@ja	<https://ja.wikipedia.org/wiki/%E6%97%A5%E6%9C%AC>
<http://www.wikidata.org/entity/Q17>	"日本"@ja	<http://www.wikidata.org/entity/Q3624078>	"主権国家"@ja	<http://www.wikidata.org/entity/P17>	"国"@ja	<https://ja.wikipedia.org/wiki/%E6%97%A5%E6%9C%AC>
<http://www.wikidata.org/entity/Q17>	"日本"@ja	<http://www.wikidata.org/entity/Q112099>	"島国"@ja	<http://www.wikidata.org/entity/P17>	"国"@ja	<https://ja.wikipedia.org/wiki/%E6%97%A5%E6%9C%AC>
<http://www.wikidata.org/entity/Q17>	"日本"@ja	<http://www.wikidata.org/entity/Q6256>	"国"@ja	<http://www.wikidata.org/entity/P17>	"国"@ja	<https://ja.wikipedia.org/wiki/%E6%97%A5%E6%9C%AC>
<http://www.wikidata.org/entity/Q80011>	"千葉県"@ja	<http://www.wikidata.org/entity/Q50337>	"都道府県"@ja	<http://www.wikidata.org/entity/P131>	"位置する行政区画"@ja	<https://ja.wikipedia.org/wiki/%E5%8D%83%E8%91%89%E7%9C%8C>
<http://www.wikidata.org/entity/Q79580>	"タスカルーサ"@ja	<http://www.wikidata.org/entity/Q1093829>	"アメリカ合衆国の市"@ja	<http://www.wikidata.org/entity/P190>	"姉妹都市"@ja	<https://ja.wikipedia.org/wiki/%E3%82%BF%E3%82%B9%E3%82%AB%E3%83%AB%E3%83%BC%E3%82%B5_(%E3%82%A2%E3%83%A9%E3%83%90%E3%83%9E%E5%B7%9E)>
<http://www.wikidata.org/entity/Q7041>	"UTC+9"@ja	<http://www.wikidata.org/entity/Q17272482>	"UTCとの時差で定義された標準時"@ja	<http://www.wikidata.org/entity/P421>	"標準時間帯"@ja	<https://ja.wikipedia.org/wiki/UTC%2B9>
<http://www.wikidata.org/entity/Q328651>	"八千代市"@ja	<http://www.wikidata.org/entity/Q1549591>	"10万都市"@ja	<http://www.wikidata.org/entity/P47>	"隣の国又は行政区画"@ja	<https://ja.wikipedia.org/wiki/%E5%85%AB%E5%8D%83%E4%BB%A3%E5%B8%82>
<http://www.wikidata.org/entity/Q328651>	"八千代市"@ja	<http://www.wikidata.org/entity/Q494721>	"日本の市"@ja	<http://www.wikidata.org/entity/P47>	"隣の国又は行政区画"@ja	<https://ja.wikipedia.org/wiki/%E5%85%AB%E5%8D%83%E4%BB%A3%E5%B8%82>
<http://www.wikidata.org/entity/Q816728>	"京田辺市"@ja	<http://www.wikidata.org/entity/Q494721>	"日本の市"@ja	<http://www.wikidata.org/entity/P190>	"姉妹都市"@ja	<https://ja.wikipedia.org/wiki/%E4%BA%AC%E7%94%B0%E8%BE%BA%E5%B8%82>
<http://www.wikidata.org/entity/Q909085>	"日本標準時"@ja	<http://www.wikidata.org/entity/Q12143>	"標準時間帯"@ja	<http://www.wikidata.org/entity/P421>	"標準時間帯"@ja	<https://ja.wikipedia.org/wiki/%E6%97%A5%E6%9C%AC%E6%A8%99%E6%BA%96%E6%99%82>
<http://www.wikidata.org/entity/Q1124865>	"関東平野"@ja	<http://www.wikidata.org/entity/Q160091>	"平野"@ja	<http://www.wikidata.org/entity/P706>	"位置する地形"@ja	<https://ja.wikipedia.org/wiki/%E9%96%A2%E6%9D%B1%E5%B9%B3%E9%87%8E>
<http://www.wikidata.org/entity/Q3276275>	"京葉工業地域"@ja	<http://www.wikidata.org/entity/Q6027980>	"工業地域"@ja	<http://www.wikidata.org/entity/P276>	"場所"@ja	<https://ja.wikipedia.org/wiki/%E4%BA%AC%E8%91%89%E5%B7%A5%E6%A5%AD%E5%9C%B0%E5%9F%9F>
<http://www.wikidata.org/entity/Q3554940>	"谷津干潟"@ja	<http://www.wikidata.org/entity/Q31796>	"干潟"@ja	<http://www.wikidata.org/entity/P206>	"隣接・位置する水域"@ja	<https://ja.wikipedia.org/wiki/%E8%B0%B7%E6%B4%A5%E5%B9%B2%E6%BD%9F>
<http://www.wikidata.org/entity/Q5120650>	"下総台地"@ja	<http://www.wikidata.org/entity/Q75520>	"高原"@ja	<http://www.wikidata.org/entity/P706>	"位置する地形"@ja	<https://ja.wikipedia.org/wiki/%E4%B8%8B%E7%B7%8F%E5%8F%B0%E5%9C%B0>
<http://www.wikidata.org/entity/Q7231111>	"千葉港"@ja	<http://www.wikidata.org/entity/Q44782>	"港湾"@ja	<http://www.wikidata.org/entity/P206>	"隣接・位置する水域"@ja	<https://ja.wikipedia.org/wiki/%E5%8D%83%E8%91%89%E6%B8%AF>
<http://www.wikidata.org/entity/Q9379236>	"Category:習志野市"@ja	<http://www.wikidata.org/entity/Q4167836>	"ウィキメディアのカテゴリ"@ja	<http://www.wikidata.org/entity/P910>	"主題の中心カテゴリ"@ja	<https://ja.wikipedia.org/wiki/Category:%E7%BF%92%E5%BF%97%E9%87%8E%E5%B8%82>
<http://www.wikidata.org/entity/Q11481812>	"幕張新都心"@ja	<http://www.wikidata.org/entity/Q1074523>	"計画都市"@ja	<http://www.wikidata.org/entity/P527>	"以下を含む"@ja	<https://ja.wikipedia.org/wiki/%E5%B9%95%E5%BC%B5%E6%96%B0%E9%83%BD%E5%BF%83>
<http://www.wikidata.org/entity/Q11481812>	"幕張新都心"@ja	<http://www.wikidata.org/entity/Q738570>	"中心業務地区"@ja	<http://www.wikidata.org/entity/P527>	"以下を含む"@ja	<https://ja.wikipedia.org/wiki/%E5%B9%95%E5%BC%B5%E6%96%B0%E9%83%BD%E5%BF%83>
<http://www.wikidata.org/entity/Q11610467>	"習志野"@ja	<http://www.wikidata.org/entity/Q160091>	"平野"@ja	<http://www.wikidata.org/entity/P276>	"場所"@ja	<https://ja.wikipedia.org/wiki/%E7%BF%92%E5%BF%97%E9%87%8E>
<http://www.wikidata.org/entity/Q81666>	"アカシア"@ja	<http://www.wikidata.org/entity/Q16521>	"タクソン"@ja	<http://www.wikidata.org/entity/P2238>	"公式シンボル"@ja	<https://ja.wikipedia.org/wiki/%E3%82%A2%E3%82%AB%E3%82%B7%E3%82%A2>
<http://www.wikidata.org/entity/Q141017>	"東京湾"@ja	<http://www.wikidata.org/entity/Q39594>	"湾"@ja	<http://www.wikidata.org/entity/P206>	"隣接・位置する水域"@ja	<https://ja.wikipedia.org/wiki/%E6%9D%B1%E4%BA%AC%E6%B9%BE>
<http://www.wikidata.org/entity/Q159219>	"アジサイ"@ja	<http://www.wikidata.org/entity/Q16521>	"タクソン"@ja	<http://www.wikidata.org/entity/P2238>	"公式シンボル"@ja	<https://ja.wikipedia.org/wiki/%E3%82%A2%E3%82%B8%E3%82%B5%E3%82%A4>
<http://www.wikidata.org/entity/Q170616>	"千葉市"@ja	<http://www.wikidata.org/entity/Q65589340>	"都道府県庁所在地"@ja	<http://www.wikidata.org/entity/P1365>	"先行"@ja	<https://ja.wikipedia.org/wiki/%E5%8D%83%E8%91%89%E5%B8%82>
<http://www.wikidata.org/entity/Q170616>	"千葉市"@ja	<http://www.wikidata.org/entity/Q65589340>	"都道府県庁所在地"@ja	<http://www.wikidata.org/entity/P47>	"隣の国又は行政区画"@ja	<https://ja.wikipedia.org/wiki/%E5%8D%83%E8%91%89%E5%B8%82>
<http://www.wikidata.org/entity/Q170616>	"千葉市"@ja	<http://www.wikidata.org/entity/Q13220204>	"第二級行政区画"@ja	<http://www.wikidata.org/entity/P1365>	"先行"@ja	<https://ja.wikipedia.org/wiki/%E5%8D%83%E8%91%89%E5%B8%82>
<http://www.wikidata.org/entity/Q170616>	"千葉市"@ja	<http://www.wikidata.org/entity/Q13220204>	"第二級行政区画"@ja	<http://www.wikidata.org/entity/P47>	"隣の国又は行政区画"@ja	<https://ja.wikipedia.org/wiki/%E5%8D%83%E8%91%89%E5%B8%82>
<http://www.wikidata.org/entity/Q170616>	"千葉市"@ja	<http://www.wikidata.org/entity/Q11422368>	"国際会議観光都市"@ja	<http://www.wikidata.org/entity/P1365>	"先行"@ja	<https://ja.wikipedia.org/wiki/%E5%8D%83%E8%91%89%E5%B8%82>
<http://www.wikidata.org/entity/Q170616>	"千葉市"@ja	<http://www.wikidata.org/entity/Q11422368>	"国際会議観光都市"@ja	<http://www.wikidata.org/entity/P47>	"隣の国又は行政区画"@ja	<https://ja.wikipedia.org/wiki/%E5%8D%83%E8%91%89%E5%B8%82>
<http://www.wikidata.org/entity/Q170616>	"千葉市"@ja	<http://www.wikidata.org/entity/Q1749269>	"政令指定都市"@ja	<http://www.wikidata.org/entity/P1365>	"先行"@ja	<https://ja.wikipedia.org/wiki/%E5%8D%83%E8%91%89%E5%B8%82>
<http://www.wikidata.org/entity/Q170616>	"千葉市"@ja	<http://www.wikidata.org/entity/Q1749269>	"政令指定都市"@ja	<http://www.wikidata.org/entity/P47>	"隣の国又は行政区画"@ja	<https://ja.wikipedia.org/wiki/%E5%8D%83%E8%91%89%E5%B8%82>
<http://www.wikidata.org/entity/Q170616>	"千葉市"@ja	<http://www.wikidata.org/entity/Q1549591>	"10万都市"@ja	<http://www.wikidata.org/entity/P1365>	"先行"@ja	<https://ja.wikipedia.org/wiki/%E5%8D%83%E8%91%89%E5%B8%82>
<http://www.wikidata.org/entity/Q170616>	"千葉市"@ja	<http://www.wikidata.org/entity/Q1549591>	"10万都市"@ja	<http://www.wikidata.org/entity/P47>	"隣の国又は行政区画"@ja	<https://ja.wikipedia.org/wiki/%E5%8D%83%E8%91%89%E5%B8%82>
<http://www.wikidata.org/entity/Q170616>	"千葉市"@ja	<http://www.wikidata.org/entity/Q691960>	"衛星都市"@ja	<http://www.wikidata.org/entity/P1365>	"先行"@ja	<https://ja.wikipedia.org/wiki/%E5%8D%83%E8%91%89%E5%B8%82>
<http://www.wikidata.org/entity/Q170616>	"千葉市"@ja	<http://www.wikidata.org/entity/Q691960>	"衛星都市"@ja	<http://www.wikidata.org/entity/P47>	"隣の国又は行政区画"@ja	<https://ja.wikipedia.org/wiki/%E5%8D%83%E8%91%89%E5%B8%82>
<http://www.wikidata.org/entity/Q170616>	"千葉市"@ja	<http://www.wikidata.org/entity/Q494721>	"日本の市"@ja	<http://www.wikidata.org/entity/P1365>	"先行"@ja	<https://ja.wikipedia.org/wiki/%E5%8D%83%E8%91%89%E5%B8%82>
<http://www.wikidata.org/entity/Q170616>	"千葉市"@ja	<http://www.wikidata.org/entity/Q494721>	"日本の市"@ja	<http://www.wikidata.org/entity/P47>	"隣の国又は行政区画"@ja	<https://ja.wikipedia.org/wiki/%E5%8D%83%E8%91%89%E5%B8%82>
<http://www.wikidata.org/entity/Q170616>	"千葉市"@ja	<http://www.wikidata.org/entity/Q515>	"都市"@ja	<http://www.wikidata.org/entity/P1365>	"先行"@ja	<https://ja.wikipedia.org/wiki/%E5%8D%83%E8%91%89%E5%B8%82>
<http://www.wikidata.org/entity/Q170616>	"千葉市"@ja	<http://www.wikidata.org/entity/Q515>	"都市"@ja	<http://www.wikidata.org/entity/P47>	"隣の国又は行政区画"@ja	<https://ja.wikipedia.org/wiki/%E5%8D%83%E8%91%89%E5%B8%82>
<http://www.wikidata.org/entity/Q271417>	"船橋市"@ja	<http://www.wikidata.org/entity/Q1549591>	"10万都市"@ja	<http://www.wikidata.org/entity/P47>	"隣の国又は行政区画"@ja	<https://ja.wikipedia.org/wiki/%E8%88%B9%E6%A9%8B%E5%B8%82>
<http://www.wikidata.org/entity/Q271417>	"船橋市"@ja	<http://www.wikidata.org/entity/Q1137833>	"中核市"@ja	<http://www.wikidata.org/entity/P47>	"隣の国又は行政区画"@ja	<https://ja.wikipedia.org/wiki/%E8%88%B9%E6%A9%8B%E5%B8%82>
<http://www.wikidata.org/entity/Q271417>	"船橋市"@ja	<http://www.wikidata.org/entity/Q494721>	"日本の市"@ja	<http://www.wikidata.org/entity/P47>	"隣の国又は行政区画"@ja	<https://ja.wikipedia.org/wiki/%E8%88%B9%E6%A9%8B%E5%B8%82>
<http://www.wikidata.org/entity/Q328121>	"首都圏"@ja	<http://www.wikidata.org/entity/Q1907114>	"都市圏"@ja	<http://www.wikidata.org/entity/P276>	"場所"@ja	<https://ja.wikipedia.org/wiki/%E9%A6%96%E9%83%BD%E5%9C%8F_(%E6%97%A5%E6%9C%AC)>
<http://www.wikidata.org/entity/Q328121>	"首都圏"@ja	<http://www.wikidata.org/entity/Q1062177>	"首都圏"@ja	<http://www.wikidata.org/entity/P276>	"場所"@ja	<https://ja.wikipedia.org/wiki/%E9%A6%96%E9%83%BD%E5%9C%8F_(%E6%97%A5%E6%9C%AC)>
<http://www.wikidata.org/entity/Q494721>	"日本の市"@ja	<http://www.wikidata.org/entity/Q15617994>	"行政区画の種類"@ja	<http://www.wikidata.org/entity/P31>	"分類"@ja	
<http://www.wikidata.org/entity/Q1549591>	"10万都市"@ja	<http://www.wikidata.org/entity/Q98966309>	"居留地の分類"@ja	<http://www.wikidata.org/entity/P31>	"分類"@ja	
<http://www.wikidata.org/entity/Q32647846>	"Q32647846"	<http://www.wikidata.org/entity/Q4167836>	"ウィキメディアのカテゴリ"@ja	<http://www.wikidata.org/entity/P1464>	"当地生まれの人のカテゴリ"@ja	
<http://www.wikidata.org/entity/Q32647848>	"Q32647848"	<http://www.wikidata.org/entity/Q4167836>	"ウィキメディアのカテゴリ"@ja	<http://www.wikidata.org/entity/P1792>	"当地の人々のカテゴリ"@ja	
<http://www.wikidata.org/entity/Q107342764>	"船橋都市圏"@ja	<http://www.wikidata.org/entity/Q1907114>	"都市圏"@ja	<http://www.wikidata.org/entity/P276>	"場所"@ja	
<http://www.wikidata.org/entity/Q107342764>	"船橋都市圏"@ja	<http://www.wikidata.org/entity/Q486972>	"集落"@ja	<http://www.wikidata.org/entity/P276>	"場所"@ja	
<http://www.wikidata.org/entity/Q110795864>	"Q110795864"	<http://www.wikidata.org/entity/Q4167836>	"ウィキメディアのカテゴリ"@ja	<http://www.wikidata.org/entity/P8989>	"景観のカテゴリ"@ja	
