?s	?sLabel	?type	?typeLabel	?prop	?propLabel	?jwiki
<http://www.wikidata.org/entity/Q17>	"日本"@ja	<http://www.wikidata.org/entity/Q113489728>	"OECD加盟国"@ja	<http://www.wikidata.org/entity/P17>	"国"@ja	<https://ja.wikipedia.org/wiki/%E6%97%A5%E6%9C%AC>
<http://www.wikidata.org/entity/Q17>	"日本"@ja	<http://www.wikidata.org/entity/Q3624078>	"主権国家"@ja	<http://www.wikidata.org/entity/P17>	"国"@ja	<https://ja.wikipedia.org/wiki/%E6%97%A5%E6%9C%AC>
<http://www.wikidata.org/entity/Q17>	"日本"@ja	<http://www.wikidata.org/entity/Q112099>	"島国"@ja	<http://www.wikidata.org/entity/P17>	"国"@ja	<https://ja.wikipedia.org/wiki/%E6%97%A5%E6%9C%AC>
<http://www.wikidata.org/entity/Q17>	"日本"@ja	<http://www.wikidata.org/entity/Q6256>	"国"@ja	<http://www.wikidata.org/entity/P17>	"国"@ja	<https://ja.wikipedia.org/wiki/%E6%97%A5%E6%9C%AC>
<http://www.wikidata.org/entity/Q7041>	"UTC+9"@ja	<http://www.wikidata.org/entity/Q17272482>	"UTCとの時差で定義された標準時"@ja	<http://www.wikidata.org/entity/P421>	"標準時間帯"@ja	<https://ja.wikipedia.org/wiki/UTC%2B9>
<http://www.wikidata.org/entity/Q80011>	"千葉県"@ja	<http://www.wikidata.org/entity/Q50337>	"都道府県"@ja	<http://www.wikidata.org/entity/P131>	"位置する行政区画"@ja	<https://ja.wikipedia.org/wiki/%E5%8D%83%E8%91%89%E7%9C%8C>
<http://www.wikidata.org/entity/Q170616>	"千葉市"@ja	<http://www.wikidata.org/entity/Q65589340>	"都道府県庁所在地"@ja	<http://www.wikidata.org/entity/P47>	"隣の国又は行政区画"@ja	<https://ja.wikipedia.org/wiki/%E5%8D%83%E8%91%89%E5%B8%82>
<http://www.wikidata.org/entity/Q170616>	"千葉市"@ja	<http://www.wikidata.org/entity/Q13220204>	"第二級行政区画"@ja	<http://www.wikidata.org/entity/P47>	"隣の国又は行政区画"@ja	<https://ja.wikipedia.org/wiki/%E5%8D%83%E8%91%89%E5%B8%82>
<http://www.wikidata.org/entity/Q170616>	"千葉市"@ja	<http://www.wikidata.org/entity/Q11422368>	"国際会議観光都市"@ja	<http://www.wikidata.org/entity/P47>	"隣の国又は行政区画"@ja	<https://ja.wikipedia.org/wiki/%E5%8D%83%E8%91%89%E5%B8%82>
<http://www.wikidata.org/entity/Q170616>	"千葉市"@ja	<http://www.wikidata.org/entity/Q1749269>	"政令指定都市"@ja	<http://www.wikidata.org/entity/P47>	"隣の国又は行政区画"@ja	<https://ja.wikipedia.org/wiki/%E5%8D%83%E8%91%89%E5%B8%82>
<http://www.wikidata.org/entity/Q170616>	"千葉市"@ja	<http://www.wikidata.org/entity/Q1549591>	"10万都市"@ja	<http://www.wikidata.org/entity/P47>	"隣の国又は行政区画"@ja	<https://ja.wikipedia.org/wiki/%E5%8D%83%E8%91%89%E5%B8%82>
<http://www.wikidata.org/entity/Q170616>	"千葉市"@ja	<http://www.wikidata.org/entity/Q691960>	"衛星都市"@ja	<http://www.wikidata.org/entity/P47>	"隣の国又は行政区画"@ja	<https://ja.wikipedia.org/wiki/%E5%8D%83%E8%91%89%E5%B8%82>
<http://www.wikidata.org/entity/Q170616>	"千葉市"@ja	<http://www.wikidata.org/entity/Q494721>	"日本の市"@ja	<http://www.wikidata.org/entity/P47>	"隣の国又は行政区画"@ja	<https://ja.wikipedia.org/wiki/%E5%8D%83%E8%91%89%E5%B8%82>
<http://www.wikidata.org/entity/Q170616>	"千葉市"@ja	<http://www.wikidata.org/entity/Q515>	"都市"@ja	<http://www.wikidata.org/entity/P47>	"隣の国又は行政区画"@ja	<https://ja.wikipedia.org/wiki/%E5%8D%83%E8%91%89%E5%B8%82>
<http://www.wikidata.org/entity/Q193920>	"リュエイユ＝マルメゾン"@ja	<http://www.wikidata.org/entity/Q484170>	"フランスの基礎自治体"@ja	<http://www.wikidata.org/entity/P190>	"姉妹都市"@ja	<https://ja.wikipedia.org/wiki/%E3%83%AA%E3%83%A5%E3%82%A8%E3%82%A4%E3%83%A6%EF%BC%9D%E3%83%9E%E3%83%AB%E3%83%A1%E3%82%BE%E3%83%B3>
<http://www.wikidata.org/entity/Q193920>	"リュエイユ＝マルメゾン"@ja	<http://www.wikidata.org/entity/Q515>	"都市"@ja	<http://www.wikidata.org/entity/P190>	"姉妹都市"@ja	<https://ja.wikipedia.org/wiki/%E3%83%AA%E3%83%A5%E3%82%A8%E3%82%A4%E3%83%A6%EF%BC%9D%E3%83%9E%E3%83%AB%E3%83%A1%E3%82%BE%E3%83%B3>
<http://www.wikidata.org/entity/Q534667>	"安曇野市"@ja	<http://www.wikidata.org/entity/Q494721>	"日本の市"@ja	<http://www.wikidata.org/entity/P190>	"姉妹都市"@ja	<https://ja.wikipedia.org/wiki/%E5%AE%89%E6%9B%87%E9%87%8E%E5%B8%82>
<http://www.wikidata.org/entity/Q638296>	"八街市"@ja	<http://www.wikidata.org/entity/Q494721>	"日本の市"@ja	<http://www.wikidata.org/entity/P47>	"隣の国又は行政区画"@ja	<https://ja.wikipedia.org/wiki/%E5%85%AB%E8%A1%97%E5%B8%82>
<http://www.wikidata.org/entity/Q10044092>	"Category:東金市"@ja	<http://www.wikidata.org/entity/Q4167836>	"ウィキメディアのカテゴリ"@ja	<http://www.wikidata.org/entity/P910>	"主題の中心カテゴリ"@ja	<https://ja.wikipedia.org/wiki/Category:%E6%9D%B1%E9%87%91%E5%B8%82>
<http://www.wikidata.org/entity/Q11362572>	"丘山村"@ja	<http://www.wikidata.org/entity/Q18663566>	"日本の廃止市区町村"@ja	<http://www.wikidata.org/entity/P1365>	"先行"@ja	<https://ja.wikipedia.org/wiki/%E4%B8%98%E5%B1%B1%E6%9D%91>
<http://www.wikidata.org/entity/Q11392023>	"公平村"@ja	<http://www.wikidata.org/entity/Q18663566>	"日本の廃止市区町村"@ja	<http://www.wikidata.org/entity/P1365>	"先行"@ja	<https://ja.wikipedia.org/wiki/%E5%85%AC%E5%B9%B3%E6%9D%91>
<http://www.wikidata.org/entity/Q11433476>	"大和村"@ja	<http://www.wikidata.org/entity/Q18663566>	"日本の廃止市区町村"@ja	<http://www.wikidata.org/entity/P1365>	"先行"@ja	<https://ja.wikipedia.org/wiki/%E5%A4%A7%E5%92%8C%E6%9D%91_(%E5%8D%83%E8%91%89%E7%9C%8C)>
<http://www.wikidata.org/entity/Q11545547>	"正気村"@ja	<http://www.wikidata.org/entity/Q18663566>	"日本の廃止市区町村"@ja	<http://www.wikidata.org/entity/P1365>	"先行"@ja	<https://ja.wikipedia.org/wiki/%E6%AD%A3%E6%B0%97%E6%9D%91>
<http://www.wikidata.org/entity/Q11564127>	"源村"@ja	<http://www.wikidata.org/entity/Q18663566>	"日本の廃止市区町村"@ja	<http://www.wikidata.org/entity/P1365>	"先行"@ja	<https://ja.wikipedia.org/wiki/%E6%BA%90%E6%9D%91_(%E5%8D%83%E8%91%89%E7%9C%8C)>
<http://www.wikidata.org/entity/Q11592415>	"福岡村"@ja	<http://www.wikidata.org/entity/Q18663566>	"日本の廃止市区町村"@ja	<http://www.wikidata.org/entity/P1365>	"先行"@ja	<https://ja.wikipedia.org/wiki/%E7%A6%8F%E5%B2%A1%E6%9D%91_(%E5%8D%83%E8%91%89%E7%9C%8C)>
<http://www.wikidata.org/entity/Q11633723>	"豊成村"@ja	<http://www.wikidata.org/entity/Q18663566>	"日本の廃止市区町村"@ja	<http://www.wikidata.org/entity/P1365>	"先行"@ja	<https://ja.wikipedia.org/wiki/%E8%B1%8A%E6%88%90%E6%9D%91>
<http://www.wikidata.org/entity/Q264665>	"キッツビュール"@ja	<http://www.wikidata.org/entity/Q13539802>	"Q13539802"	<http://www.wikidata.org/entity/P190>	"姉妹都市"@ja	<https://ja.wikipedia.org/wiki/%E3%82%AD%E3%83%83%E3%83%84%E3%83%93%E3%83%A5%E3%83%BC%E3%83%AB>
<http://www.wikidata.org/entity/Q264665>	"キッツビュール"@ja	<http://www.wikidata.org/entity/Q667509>	"オーストリアの基礎自治体"@ja	<http://www.wikidata.org/entity/P190>	"姉妹都市"@ja	<https://ja.wikipedia.org/wiki/%E3%82%AD%E3%83%83%E3%83%84%E3%83%93%E3%83%A5%E3%83%BC%E3%83%AB>
<http://www.wikidata.org/entity/Q328121>	"首都圏"@ja	<http://www.wikidata.org/entity/Q1907114>	"都市圏"@ja	<http://www.wikidata.org/entity/P276>	"場所"@ja	<https://ja.wikipedia.org/wiki/%E9%A6%96%E9%83%BD%E5%9C%8F_(%E6%97%A5%E6%9C%AC)>
<http://www.wikidata.org/entity/Q328121>	"首都圏"@ja	<http://www.wikidata.org/entity/Q1062177>	"首都圏"@ja	<http://www.wikidata.org/entity/P276>	"場所"@ja	<https://ja.wikipedia.org/wiki/%E9%A6%96%E9%83%BD%E5%9C%8F_(%E6%97%A5%E6%9C%AC)>
<http://www.wikidata.org/entity/Q873528>	"山武市"@ja	<http://www.wikidata.org/entity/Q494721>	"日本の市"@ja	<http://www.wikidata.org/entity/P47>	"隣の国又は行政区画"@ja	<https://ja.wikipedia.org/wiki/%E5%B1%B1%E6%AD%A6%E5%B8%82>
<http://www.wikidata.org/entity/Q1202775>	"九十九里町"@ja	<http://www.wikidata.org/entity/Q1059478>	"日本の町"@ja	<http://www.wikidata.org/entity/P47>	"隣の国又は行政区画"@ja	<https://ja.wikipedia.org/wiki/%E4%B9%9D%E5%8D%81%E4%B9%9D%E9%87%8C%E7%94%BA>
<http://www.wikidata.org/entity/Q1203251>	"大網白里市"@ja	<http://www.wikidata.org/entity/Q828359>	"ベッドタウン"@ja	<http://www.wikidata.org/entity/P47>	"隣の国又は行政区画"@ja	<https://ja.wikipedia.org/wiki/%E5%A4%A7%E7%B6%B2%E7%99%BD%E9%87%8C%E5%B8%82>
<http://www.wikidata.org/entity/Q1203251>	"大網白里市"@ja	<http://www.wikidata.org/entity/Q494721>	"日本の市"@ja	<http://www.wikidata.org/entity/P47>	"隣の国又は行政区画"@ja	<https://ja.wikipedia.org/wiki/%E5%A4%A7%E7%B6%B2%E7%99%BD%E9%87%8C%E5%B8%82>
<http://www.wikidata.org/entity/Q494721>	"日本の市"@ja	<http://www.wikidata.org/entity/Q15617994>	"行政区画の種類"@ja	<http://www.wikidata.org/entity/P31>	"分類"@ja	
<http://www.wikidata.org/entity/Q55936700>	"Q55936700"	<http://www.wikidata.org/entity/Q4167836>	"ウィキメディアのカテゴリ"@ja	<http://www.wikidata.org/entity/P1464>	"当地生まれの人のカテゴリ"@ja	
<http://www.wikidata.org/entity/Q86333400>	"Q86333400"	<http://www.wikidata.org/entity/Q4167836>	"ウィキメディアのカテゴリ"@ja	<http://www.wikidata.org/entity/P1792>	"当地の人々のカテゴリ"@ja	
<http://www.wikidata.org/entity/Q107285806>	"千葉都市圏"@ja	<http://www.wikidata.org/entity/Q1907114>	"都市圏"@ja	<http://www.wikidata.org/entity/P276>	"場所"@ja	
<http://www.wikidata.org/entity/Q107285806>	"千葉都市圏"@ja	<http://www.wikidata.org/entity/Q486972>	"集落"@ja	<http://www.wikidata.org/entity/P276>	"場所"@ja	
