?s	?sLabel	?type	?typeLabel	?prop	?propLabel	?jwiki
<http://www.wikidata.org/entity/Q17>	"日本"@ja	<http://www.wikidata.org/entity/Q113489728>	"OECD加盟国"@ja	<http://www.wikidata.org/entity/P17>	"国"@ja	<https://ja.wikipedia.org/wiki/%E6%97%A5%E6%9C%AC>
<http://www.wikidata.org/entity/Q17>	"日本"@ja	<http://www.wikidata.org/entity/Q3624078>	"主権国家"@ja	<http://www.wikidata.org/entity/P17>	"国"@ja	<https://ja.wikipedia.org/wiki/%E6%97%A5%E6%9C%AC>
<http://www.wikidata.org/entity/Q17>	"日本"@ja	<http://www.wikidata.org/entity/Q112099>	"島国"@ja	<http://www.wikidata.org/entity/P17>	"国"@ja	<https://ja.wikipedia.org/wiki/%E6%97%A5%E6%9C%AC>
<http://www.wikidata.org/entity/Q17>	"日本"@ja	<http://www.wikidata.org/entity/Q6256>	"国"@ja	<http://www.wikidata.org/entity/P17>	"国"@ja	<https://ja.wikipedia.org/wiki/%E6%97%A5%E6%9C%AC>
<http://www.wikidata.org/entity/Q7041>	"UTC+9"@ja	<http://www.wikidata.org/entity/Q17272482>	"UTCとの時差で定義された標準時"@ja	<http://www.wikidata.org/entity/P421>	"標準時間帯"@ja	<https://ja.wikipedia.org/wiki/UTC%2B9>
<http://www.wikidata.org/entity/Q637145>	"夕張市"@ja	<http://www.wikidata.org/entity/Q494721>	"日本の市"@ja	<http://www.wikidata.org/entity/P47>	"隣の国又は行政区画"@ja	<https://ja.wikipedia.org/wiki/%E5%A4%95%E5%BC%B5%E5%B8%82>
<http://www.wikidata.org/entity/Q693264>	"岩見沢市"@ja	<http://www.wikidata.org/entity/Q494721>	"日本の市"@ja	<http://www.wikidata.org/entity/P47>	"隣の国又は行政区画"@ja	<https://ja.wikipedia.org/wiki/%E5%B2%A9%E8%A6%8B%E6%B2%A2%E5%B8%82>
<http://www.wikidata.org/entity/Q725311>	"芦別市"@ja	<http://www.wikidata.org/entity/Q494721>	"日本の市"@ja	<http://www.wikidata.org/entity/P47>	"隣の国又は行政区画"@ja	<https://ja.wikipedia.org/wiki/%E8%8A%A6%E5%88%A5%E5%B8%82>
<http://www.wikidata.org/entity/Q817271>	"美唄市"@ja	<http://www.wikidata.org/entity/Q494721>	"日本の市"@ja	<http://www.wikidata.org/entity/P47>	"隣の国又は行政区画"@ja	<https://ja.wikipedia.org/wiki/%E7%BE%8E%E5%94%84%E5%B8%82>
<http://www.wikidata.org/entity/Q909085>	"日本標準時"@ja	<http://www.wikidata.org/entity/Q12143>	"標準時間帯"@ja	<http://www.wikidata.org/entity/P421>	"標準時間帯"@ja	<https://ja.wikipedia.org/wiki/%E6%97%A5%E6%9C%AC%E6%A8%99%E6%BA%96%E6%99%82>
<http://www.wikidata.org/entity/Q9541114>	"Category:三笠市"@ja	<http://www.wikidata.org/entity/Q4167836>	"ウィキメディアのカテゴリ"@ja	<http://www.wikidata.org/entity/P910>	"主題の中心カテゴリ"@ja	<https://ja.wikipedia.org/wiki/Category:%E4%B8%89%E7%AC%A0%E5%B8%82>
<http://www.wikidata.org/entity/Q494721>	"日本の市"@ja	<http://www.wikidata.org/entity/Q15617994>	"行政区画の種類"@ja	<http://www.wikidata.org/entity/P31>	"分類"@ja	
<http://www.wikidata.org/entity/Q1037393>	"北海道"@ja	<http://www.wikidata.org/entity/Q50337>	"都道府県"@ja	<http://www.wikidata.org/entity/P131>	"位置する行政区画"@ja	
<http://www.wikidata.org/entity/Q30698253>	"Q30698253"	<http://www.wikidata.org/entity/Q4167836>	"ウィキメディアのカテゴリ"@ja	<http://www.wikidata.org/entity/P1792>	"当地の人々のカテゴリ"@ja	
