?s	?sLabel	?type	?typeLabel	?prop	?propLabel	?jwiki
<http://www.wikidata.org/entity/Q17>	"日本"@ja	<http://www.wikidata.org/entity/Q113489728>	"OECD加盟国"@ja	<http://www.wikidata.org/entity/P17>	"国"@ja	<https://ja.wikipedia.org/wiki/%E6%97%A5%E6%9C%AC>
<http://www.wikidata.org/entity/Q17>	"日本"@ja	<http://www.wikidata.org/entity/Q3624078>	"主権国家"@ja	<http://www.wikidata.org/entity/P17>	"国"@ja	<https://ja.wikipedia.org/wiki/%E6%97%A5%E6%9C%AC>
<http://www.wikidata.org/entity/Q17>	"日本"@ja	<http://www.wikidata.org/entity/Q112099>	"島国"@ja	<http://www.wikidata.org/entity/P17>	"国"@ja	<https://ja.wikipedia.org/wiki/%E6%97%A5%E6%9C%AC>
<http://www.wikidata.org/entity/Q17>	"日本"@ja	<http://www.wikidata.org/entity/Q6256>	"国"@ja	<http://www.wikidata.org/entity/P17>	"国"@ja	<https://ja.wikipedia.org/wiki/%E6%97%A5%E6%9C%AC>
<http://www.wikidata.org/entity/Q80011>	"千葉県"@ja	<http://www.wikidata.org/entity/Q50337>	"都道府県"@ja	<http://www.wikidata.org/entity/P131>	"位置する行政区画"@ja	<https://ja.wikipedia.org/wiki/%E5%8D%83%E8%91%89%E7%9C%8C>
<http://www.wikidata.org/entity/Q141017>	"東京湾"@ja	<http://www.wikidata.org/entity/Q39594>	"湾"@ja	<http://www.wikidata.org/entity/P206>	"隣接・位置する水域"@ja	<https://ja.wikipedia.org/wiki/%E6%9D%B1%E4%BA%AC%E6%B9%BE>
<http://www.wikidata.org/entity/Q7041>	"UTC+9"@ja	<http://www.wikidata.org/entity/Q17272482>	"UTCとの時差で定義された標準時"@ja	<http://www.wikidata.org/entity/P421>	"標準時間帯"@ja	<https://ja.wikipedia.org/wiki/UTC%2B9>
<http://www.wikidata.org/entity/Q189393>	"ツツジ"@ja	<http://www.wikidata.org/entity/Q16521>	"タクソン"@ja	<http://www.wikidata.org/entity/P2238>	"公式シンボル"@ja	<https://ja.wikipedia.org/wiki/%E3%83%84%E3%83%84%E3%82%B8>
<http://www.wikidata.org/entity/Q248723>	"甲州市"@ja	<http://www.wikidata.org/entity/Q494721>	"日本の市"@ja	<http://www.wikidata.org/entity/P190>	"姉妹都市"@ja	<https://ja.wikipedia.org/wiki/%E7%94%B2%E5%B7%9E%E5%B8%82>
<http://www.wikidata.org/entity/Q387211>	"鴨川市"@ja	<http://www.wikidata.org/entity/Q494721>	"日本の市"@ja	<http://www.wikidata.org/entity/P47>	"隣の国又は行政区画"@ja	<https://ja.wikipedia.org/wiki/%E9%B4%A8%E5%B7%9D%E5%B8%82>
<http://www.wikidata.org/entity/Q491099>	"カールスバッド"@ja	<http://www.wikidata.org/entity/Q13218391>	"憲章都市"@ja	<http://www.wikidata.org/entity/P190>	"姉妹都市"@ja	<https://ja.wikipedia.org/wiki/%E3%82%AB%E3%83%BC%E3%83%AB%E3%82%B9%E3%83%90%E3%83%83%E3%83%89_(%E3%82%AB%E3%83%AA%E3%83%95%E3%82%A9%E3%83%AB%E3%83%8B%E3%82%A2%E5%B7%9E)>
<http://www.wikidata.org/entity/Q491099>	"カールスバッド"@ja	<http://www.wikidata.org/entity/Q1549591>	"10万都市"@ja	<http://www.wikidata.org/entity/P190>	"姉妹都市"@ja	<https://ja.wikipedia.org/wiki/%E3%82%AB%E3%83%BC%E3%83%AB%E3%82%B9%E3%83%90%E3%83%83%E3%83%89_(%E3%82%AB%E3%83%AA%E3%83%95%E3%82%A9%E3%83%AB%E3%83%8B%E3%82%A2%E5%B7%9E)>
<http://www.wikidata.org/entity/Q491099>	"カールスバッド"@ja	<http://www.wikidata.org/entity/Q1093829>	"アメリカ合衆国の市"@ja	<http://www.wikidata.org/entity/P190>	"姉妹都市"@ja	<https://ja.wikipedia.org/wiki/%E3%82%AB%E3%83%BC%E3%83%AB%E3%82%B9%E3%83%90%E3%83%83%E3%83%89_(%E3%82%AB%E3%83%AA%E3%83%95%E3%82%A9%E3%83%AB%E3%83%8B%E3%82%A2%E5%B7%9E)>
<http://www.wikidata.org/entity/Q637928>	"君津市"@ja	<http://www.wikidata.org/entity/Q494721>	"日本の市"@ja	<http://www.wikidata.org/entity/P47>	"隣の国又は行政区画"@ja	<https://ja.wikipedia.org/wiki/%E5%90%9B%E6%B4%A5%E5%B8%82>
<http://www.wikidata.org/entity/Q723431>	"浦賀水道"@ja	<http://www.wikidata.org/entity/Q1210950>	"水道"@ja	<http://www.wikidata.org/entity/P206>	"隣接・位置する水域"@ja	<https://ja.wikipedia.org/wiki/%E6%B5%A6%E8%B3%80%E6%B0%B4%E9%81%93>
<http://www.wikidata.org/entity/Q1022115>	"房総半島"@ja	<http://www.wikidata.org/entity/Q34763>	"半島"@ja	<http://www.wikidata.org/entity/P706>	"位置する地形"@ja	<https://ja.wikipedia.org/wiki/%E6%88%BF%E7%B7%8F%E5%8D%8A%E5%B3%B6>
<http://www.wikidata.org/entity/Q1203580>	"鋸南町"@ja	<http://www.wikidata.org/entity/Q1059478>	"日本の町"@ja	<http://www.wikidata.org/entity/P47>	"隣の国又は行政区画"@ja	<https://ja.wikipedia.org/wiki/%E9%8B%B8%E5%8D%97%E7%94%BA>
<http://www.wikidata.org/entity/Q9379382>	"Category:富津市"@ja	<http://www.wikidata.org/entity/Q4167836>	"ウィキメディアのカテゴリ"@ja	<http://www.wikidata.org/entity/P910>	"主題の中心カテゴリ"@ja	<https://ja.wikipedia.org/wiki/Category:%E5%AF%8C%E6%B4%A5%E5%B8%82>
<http://www.wikidata.org/entity/Q11432369>	"大佐和町"@ja	<http://www.wikidata.org/entity/Q18663566>	"日本の廃止市区町村"@ja	<http://www.wikidata.org/entity/P1365>	"先行"@ja	<https://ja.wikipedia.org/wiki/%E5%A4%A7%E4%BD%90%E5%92%8C%E7%94%BA>
<http://www.wikidata.org/entity/Q11443417>	"天羽町"@ja	<http://www.wikidata.org/entity/Q18663566>	"日本の廃止市区町村"@ja	<http://www.wikidata.org/entity/P1365>	"先行"@ja	<https://ja.wikipedia.org/wiki/%E5%A4%A9%E7%BE%BD%E7%94%BA>
<http://www.wikidata.org/entity/Q11563142>	"湊川"@ja	<http://www.wikidata.org/entity/Q4022>	"川"@ja	<http://www.wikidata.org/entity/P206>	"隣接・位置する水域"@ja	<https://ja.wikipedia.org/wiki/%E6%B9%8A%E5%B7%9D_(%E5%8D%83%E8%91%89%E7%9C%8C)>
<http://www.wikidata.org/entity/Q11661128>	"青堀町"@ja	<http://www.wikidata.org/entity/Q18663566>	"日本の廃止市区町村"@ja	<http://www.wikidata.org/entity/P1365>	"先行"@ja	<https://ja.wikipedia.org/wiki/%E9%9D%92%E5%A0%80%E7%94%BA>
<http://www.wikidata.org/entity/Q11666721>	"飯野村"@ja	<http://www.wikidata.org/entity/Q18663566>	"日本の廃止市区町村"@ja	<http://www.wikidata.org/entity/P1365>	"先行"@ja	<https://ja.wikipedia.org/wiki/%E9%A3%AF%E9%87%8E%E6%9D%91_(%E5%8D%83%E8%91%89%E7%9C%8C)>
<http://www.wikidata.org/entity/Q494721>	"日本の市"@ja	<http://www.wikidata.org/entity/Q15617994>	"行政区画の種類"@ja	<http://www.wikidata.org/entity/P31>	"分類"@ja	
<http://www.wikidata.org/entity/Q32650979>	"Q32650979"	<http://www.wikidata.org/entity/Q17362920>	"ウィキメディアの重複ページ"@ja	<http://www.wikidata.org/entity/P1792>	"当地の人々のカテゴリ"@ja	
<http://www.wikidata.org/entity/Q32650979>	"Q32650979"	<http://www.wikidata.org/entity/Q4167836>	"ウィキメディアのカテゴリ"@ja	<http://www.wikidata.org/entity/P1792>	"当地の人々のカテゴリ"@ja	
<http://www.wikidata.org/entity/Q32650977>	"Q32650977"	<http://www.wikidata.org/entity/Q4167836>	"ウィキメディアのカテゴリ"@ja	<http://www.wikidata.org/entity/P1464>	"当地生まれの人のカテゴリ"@ja	
