?s	?sLabel	?type	?typeLabel	?prop	?propLabel	?jwiki
<http://www.wikidata.org/entity/Q17>	"日本"@ja	<http://www.wikidata.org/entity/Q113489728>	"OECD加盟国"@ja	<http://www.wikidata.org/entity/P17>	"国"@ja	<https://ja.wikipedia.org/wiki/%E6%97%A5%E6%9C%AC>
<http://www.wikidata.org/entity/Q17>	"日本"@ja	<http://www.wikidata.org/entity/Q3624078>	"主権国家"@ja	<http://www.wikidata.org/entity/P17>	"国"@ja	<https://ja.wikipedia.org/wiki/%E6%97%A5%E6%9C%AC>
<http://www.wikidata.org/entity/Q17>	"日本"@ja	<http://www.wikidata.org/entity/Q112099>	"島国"@ja	<http://www.wikidata.org/entity/P17>	"国"@ja	<https://ja.wikipedia.org/wiki/%E6%97%A5%E6%9C%AC>
<http://www.wikidata.org/entity/Q17>	"日本"@ja	<http://www.wikidata.org/entity/Q6256>	"国"@ja	<http://www.wikidata.org/entity/P17>	"国"@ja	<https://ja.wikipedia.org/wiki/%E6%97%A5%E6%9C%AC>
<http://www.wikidata.org/entity/Q7041>	"UTC+9"@ja	<http://www.wikidata.org/entity/Q17272482>	"UTCとの時差で定義された標準時"@ja	<http://www.wikidata.org/entity/P421>	"標準時間帯"@ja	<https://ja.wikipedia.org/wiki/UTC%2B9>
<http://www.wikidata.org/entity/Q80011>	"千葉県"@ja	<http://www.wikidata.org/entity/Q50337>	"都道府県"@ja	<http://www.wikidata.org/entity/P131>	"位置する行政区画"@ja	<https://ja.wikipedia.org/wiki/%E5%8D%83%E8%91%89%E7%9C%8C>
<http://www.wikidata.org/entity/Q177452>	"利根川"@ja	<http://www.wikidata.org/entity/Q4022>	"川"@ja	<http://www.wikidata.org/entity/P206>	"隣接・位置する水域"@ja	<https://ja.wikipedia.org/wiki/%E5%88%A9%E6%A0%B9%E5%B7%9D>
<http://www.wikidata.org/entity/Q319743>	"柏市"@ja	<http://www.wikidata.org/entity/Q1549591>	"10万都市"@ja	<http://www.wikidata.org/entity/P47>	"隣の国又は行政区画"@ja	<https://ja.wikipedia.org/wiki/%E6%9F%8F%E5%B8%82>
<http://www.wikidata.org/entity/Q319743>	"柏市"@ja	<http://www.wikidata.org/entity/Q1137833>	"中核市"@ja	<http://www.wikidata.org/entity/P47>	"隣の国又は行政区画"@ja	<https://ja.wikipedia.org/wiki/%E6%9F%8F%E5%B8%82>
<http://www.wikidata.org/entity/Q319743>	"柏市"@ja	<http://www.wikidata.org/entity/Q494721>	"日本の市"@ja	<http://www.wikidata.org/entity/P47>	"隣の国又は行政区画"@ja	<https://ja.wikipedia.org/wiki/%E6%9F%8F%E5%B8%82>
<http://www.wikidata.org/entity/Q328121>	"首都圏"@ja	<http://www.wikidata.org/entity/Q1907114>	"都市圏"@ja	<http://www.wikidata.org/entity/P276>	"場所"@ja	<https://ja.wikipedia.org/wiki/%E9%A6%96%E9%83%BD%E5%9C%8F_(%E6%97%A5%E6%9C%AC)>
<http://www.wikidata.org/entity/Q328121>	"首都圏"@ja	<http://www.wikidata.org/entity/Q1062177>	"首都圏"@ja	<http://www.wikidata.org/entity/P276>	"場所"@ja	<https://ja.wikipedia.org/wiki/%E9%A6%96%E9%83%BD%E5%9C%8F_(%E6%97%A5%E6%9C%AC)>
<http://www.wikidata.org/entity/Q243859>	"我孫子市"@ja	<http://www.wikidata.org/entity/Q1549591>	"10万都市"@ja	<http://www.wikidata.org/entity/P47>	"隣の国又は行政区画"@ja	<https://ja.wikipedia.org/wiki/%E6%88%91%E5%AD%AB%E5%AD%90%E5%B8%82>
<http://www.wikidata.org/entity/Q243859>	"我孫子市"@ja	<http://www.wikidata.org/entity/Q494721>	"日本の市"@ja	<http://www.wikidata.org/entity/P47>	"隣の国又は行政区画"@ja	<https://ja.wikipedia.org/wiki/%E6%88%91%E5%AD%AB%E5%AD%90%E5%B8%82>
<http://www.wikidata.org/entity/Q243859>	"我孫子市"@ja	<http://www.wikidata.org/entity/Q515>	"都市"@ja	<http://www.wikidata.org/entity/P47>	"隣の国又は行政区画"@ja	<https://ja.wikipedia.org/wiki/%E6%88%91%E5%AD%AB%E5%AD%90%E5%B8%82>
<http://www.wikidata.org/entity/Q273798>	"成田市"@ja	<http://www.wikidata.org/entity/Q1549591>	"10万都市"@ja	<http://www.wikidata.org/entity/P47>	"隣の国又は行政区画"@ja	<https://ja.wikipedia.org/wiki/%E6%88%90%E7%94%B0%E5%B8%82>
<http://www.wikidata.org/entity/Q273798>	"成田市"@ja	<http://www.wikidata.org/entity/Q494721>	"日本の市"@ja	<http://www.wikidata.org/entity/P47>	"隣の国又は行政区画"@ja	<https://ja.wikipedia.org/wiki/%E6%88%90%E7%94%B0%E5%B8%82>
<http://www.wikidata.org/entity/Q1203324>	"利根町"@ja	<http://www.wikidata.org/entity/Q1059478>	"日本の町"@ja	<http://www.wikidata.org/entity/P47>	"隣の国又は行政区画"@ja	<https://ja.wikipedia.org/wiki/%E5%88%A9%E6%A0%B9%E7%94%BA>
<http://www.wikidata.org/entity/Q3215223>	"手賀沼"@ja	<http://www.wikidata.org/entity/Q131681>	"貯水池"@ja	<http://www.wikidata.org/entity/P206>	"隣接・位置する水域"@ja	<https://ja.wikipedia.org/wiki/%E6%89%8B%E8%B3%80%E6%B2%BC>
<http://www.wikidata.org/entity/Q5120650>	"下総台地"@ja	<http://www.wikidata.org/entity/Q75520>	"高原"@ja	<http://www.wikidata.org/entity/P706>	"位置する地形"@ja	<https://ja.wikipedia.org/wiki/%E4%B8%8B%E7%B7%8F%E5%8F%B0%E5%9C%B0>
<http://www.wikidata.org/entity/Q5120731>	"印旛沼"@ja	<http://www.wikidata.org/entity/Q23397>	"湖"@ja	<http://www.wikidata.org/entity/P206>	"隣接・位置する水域"@ja	<https://ja.wikipedia.org/wiki/%E5%8D%B0%E6%97%9B%E6%B2%BC>
<http://www.wikidata.org/entity/Q9380383>	"Category:印西市"@ja	<http://www.wikidata.org/entity/Q4167836>	"ウィキメディアのカテゴリ"@ja	<http://www.wikidata.org/entity/P910>	"主題の中心カテゴリ"@ja	<https://ja.wikipedia.org/wiki/Category:%E5%8D%B0%E8%A5%BF%E5%B8%82>
<http://www.wikidata.org/entity/Q11436390>	"大森町"@ja	<http://www.wikidata.org/entity/Q18663566>	"日本の廃止市区町村"@ja	<http://www.wikidata.org/entity/P1365>	"先行"@ja	<https://ja.wikipedia.org/wiki/%E5%A4%A7%E6%A3%AE%E7%94%BA_(%E5%8D%83%E8%91%89%E7%9C%8C)>
<http://www.wikidata.org/entity/Q11550166>	"永治村"@ja	<http://www.wikidata.org/entity/Q18663566>	"日本の廃止市区町村"@ja	<http://www.wikidata.org/entity/P1365>	"先行"@ja	<https://ja.wikipedia.org/wiki/%E6%B0%B8%E6%B2%BB%E6%9D%91>
<http://www.wikidata.org/entity/Q11614300>	"船穂村"@ja	<http://www.wikidata.org/entity/Q18663566>	"日本の廃止市区町村"@ja	<http://www.wikidata.org/entity/P1365>	"先行"@ja	<https://ja.wikipedia.org/wiki/%E8%88%B9%E7%A9%82%E6%9D%91>
<http://www.wikidata.org/entity/Q17174508>	"木下町"@ja	<http://www.wikidata.org/entity/Q18663566>	"日本の廃止市区町村"@ja	<http://www.wikidata.org/entity/P1365>	"先行"@ja	<https://ja.wikipedia.org/wiki/%E6%9C%A8%E4%B8%8B%E7%94%BA>
<http://www.wikidata.org/entity/Q328651>	"八千代市"@ja	<http://www.wikidata.org/entity/Q1549591>	"10万都市"@ja	<http://www.wikidata.org/entity/P47>	"隣の国又は行政区画"@ja	<https://ja.wikipedia.org/wiki/%E5%85%AB%E5%8D%83%E4%BB%A3%E5%B8%82>
<http://www.wikidata.org/entity/Q328651>	"八千代市"@ja	<http://www.wikidata.org/entity/Q494721>	"日本の市"@ja	<http://www.wikidata.org/entity/P47>	"隣の国又は行政区画"@ja	<https://ja.wikipedia.org/wiki/%E5%85%AB%E5%8D%83%E4%BB%A3%E5%B8%82>
<http://www.wikidata.org/entity/Q476937>	"コスモス属"@ja	<http://www.wikidata.org/entity/Q16521>	"タクソン"@ja	<http://www.wikidata.org/entity/P2238>	"公式シンボル"@ja	<https://ja.wikipedia.org/wiki/%E3%82%B3%E3%82%B9%E3%83%A2%E3%82%B9>
<http://www.wikidata.org/entity/Q481718>	"ナマズ"@ja	<http://www.wikidata.org/entity/Q16521>	"タクソン"@ja	<http://www.wikidata.org/entity/P2238>	"公式シンボル"@ja	<https://ja.wikipedia.org/wiki/%E3%83%8A%E3%83%9E%E3%82%BA>
<http://www.wikidata.org/entity/Q498011>	"佐倉市"@ja	<http://www.wikidata.org/entity/Q1549591>	"10万都市"@ja	<http://www.wikidata.org/entity/P47>	"隣の国又は行政区画"@ja	<https://ja.wikipedia.org/wiki/%E4%BD%90%E5%80%89%E5%B8%82>
<http://www.wikidata.org/entity/Q498011>	"佐倉市"@ja	<http://www.wikidata.org/entity/Q494721>	"日本の市"@ja	<http://www.wikidata.org/entity/P47>	"隣の国又は行政区画"@ja	<https://ja.wikipedia.org/wiki/%E4%BD%90%E5%80%89%E5%B8%82>
<http://www.wikidata.org/entity/Q519187>	"白井市"@ja	<http://www.wikidata.org/entity/Q494721>	"日本の市"@ja	<http://www.wikidata.org/entity/P47>	"隣の国又は行政区画"@ja	<https://ja.wikipedia.org/wiki/%E7%99%BD%E4%BA%95%E5%B8%82>
<http://www.wikidata.org/entity/Q700028>	"メジロ"@ja	<http://www.wikidata.org/entity/Q16521>	"タクソン"@ja	<http://www.wikidata.org/entity/P2238>	"公式シンボル"@ja	<https://ja.wikipedia.org/wiki/%E3%83%A1%E3%82%B8%E3%83%AD>
<http://www.wikidata.org/entity/Q782157>	"酒々井町"@ja	<http://www.wikidata.org/entity/Q1059478>	"日本の町"@ja	<http://www.wikidata.org/entity/P47>	"隣の国又は行政区画"@ja	<https://ja.wikipedia.org/wiki/%E9%85%92%E3%80%85%E4%BA%95%E7%94%BA>
<http://www.wikidata.org/entity/Q851286>	"本埜村"@ja	<http://www.wikidata.org/entity/Q18663566>	"日本の廃止市区町村"@ja	<http://www.wikidata.org/entity/P1365>	"先行"@ja	<https://ja.wikipedia.org/wiki/%E6%9C%AC%E5%9F%9C%E6%9D%91>
<http://www.wikidata.org/entity/Q851771>	"印旛村"@ja	<http://www.wikidata.org/entity/Q18663566>	"日本の廃止市区町村"@ja	<http://www.wikidata.org/entity/P1365>	"先行"@ja	<https://ja.wikipedia.org/wiki/%E5%8D%B0%E6%97%9B%E6%9D%91>
<http://www.wikidata.org/entity/Q1202754>	"栄町"@ja	<http://www.wikidata.org/entity/Q1059478>	"日本の町"@ja	<http://www.wikidata.org/entity/P47>	"隣の国又は行政区画"@ja	<https://ja.wikipedia.org/wiki/%E6%A0%84%E7%94%BA>
<http://www.wikidata.org/entity/Q494721>	"日本の市"@ja	<http://www.wikidata.org/entity/Q15617994>	"行政区画の種類"@ja	<http://www.wikidata.org/entity/P31>	"分類"@ja	
<http://www.wikidata.org/entity/Q1549591>	"10万都市"@ja	<http://www.wikidata.org/entity/Q98966309>	"居留地の分類"@ja	<http://www.wikidata.org/entity/P31>	"分類"@ja	
<http://www.wikidata.org/entity/Q32643554>	"Q32643554"	<http://www.wikidata.org/entity/Q4167836>	"ウィキメディアのカテゴリ"@ja	<http://www.wikidata.org/entity/P1464>	"当地生まれの人のカテゴリ"@ja	
<http://www.wikidata.org/entity/Q32643556>	"Q32643556"	<http://www.wikidata.org/entity/Q17362920>	"ウィキメディアの重複ページ"@ja	<http://www.wikidata.org/entity/P1792>	"当地の人々のカテゴリ"@ja	
<http://www.wikidata.org/entity/Q32643556>	"Q32643556"	<http://www.wikidata.org/entity/Q4167836>	"ウィキメディアのカテゴリ"@ja	<http://www.wikidata.org/entity/P1792>	"当地の人々のカテゴリ"@ja	
