?s	?sLabel	?type	?typeLabel	?prop	?propLabel	?jwiki
<http://www.wikidata.org/entity/Q17>	"日本"@ja	<http://www.wikidata.org/entity/Q113489728>	"OECD加盟国"@ja	<http://www.wikidata.org/entity/P17>	"国"@ja	<https://ja.wikipedia.org/wiki/%E6%97%A5%E6%9C%AC>
<http://www.wikidata.org/entity/Q17>	"日本"@ja	<http://www.wikidata.org/entity/Q3624078>	"主権国家"@ja	<http://www.wikidata.org/entity/P17>	"国"@ja	<https://ja.wikipedia.org/wiki/%E6%97%A5%E6%9C%AC>
<http://www.wikidata.org/entity/Q17>	"日本"@ja	<http://www.wikidata.org/entity/Q112099>	"島国"@ja	<http://www.wikidata.org/entity/P17>	"国"@ja	<https://ja.wikipedia.org/wiki/%E6%97%A5%E6%9C%AC>
<http://www.wikidata.org/entity/Q17>	"日本"@ja	<http://www.wikidata.org/entity/Q6256>	"国"@ja	<http://www.wikidata.org/entity/P17>	"国"@ja	<https://ja.wikipedia.org/wiki/%E6%97%A5%E6%9C%AC>
<http://www.wikidata.org/entity/Q16572>	"広州市"@ja	<http://www.wikidata.org/entity/Q1637706>	"100万都市"@ja	<http://www.wikidata.org/entity/P190>	"姉妹都市"@ja	<https://ja.wikipedia.org/wiki/%E5%BA%83%E5%B7%9E%E5%B8%82>
<http://www.wikidata.org/entity/Q16572>	"広州市"@ja	<http://www.wikidata.org/entity/Q1549591>	"10万都市"@ja	<http://www.wikidata.org/entity/P190>	"姉妹都市"@ja	<https://ja.wikipedia.org/wiki/%E5%BA%83%E5%B7%9E%E5%B8%82>
<http://www.wikidata.org/entity/Q16572>	"広州市"@ja	<http://www.wikidata.org/entity/Q748149>	"地級市"@ja	<http://www.wikidata.org/entity/P190>	"姉妹都市"@ja	<https://ja.wikipedia.org/wiki/%E5%BA%83%E5%B7%9E%E5%B8%82>
<http://www.wikidata.org/entity/Q16572>	"広州市"@ja	<http://www.wikidata.org/entity/Q250811>	"副省級市"@ja	<http://www.wikidata.org/entity/P190>	"姉妹都市"@ja	<https://ja.wikipedia.org/wiki/%E5%BA%83%E5%B7%9E%E5%B8%82>
<http://www.wikidata.org/entity/Q16572>	"広州市"@ja	<http://www.wikidata.org/entity/Q200250>	"メトロポリス"@ja	<http://www.wikidata.org/entity/P190>	"姉妹都市"@ja	<https://ja.wikipedia.org/wiki/%E5%BA%83%E5%B7%9E%E5%B8%82>
<http://www.wikidata.org/entity/Q16572>	"広州市"@ja	<http://www.wikidata.org/entity/Q174844>	"メガシティ"@ja	<http://www.wikidata.org/entity/P190>	"姉妹都市"@ja	<https://ja.wikipedia.org/wiki/%E5%BA%83%E5%B7%9E%E5%B8%82>
<http://www.wikidata.org/entity/Q7041>	"UTC+9"@ja	<http://www.wikidata.org/entity/Q17272482>	"UTCとの時差で定義された標準時"@ja	<http://www.wikidata.org/entity/P421>	"標準時間帯"@ja	<https://ja.wikipedia.org/wiki/UTC%2B9>
<http://www.wikidata.org/entity/Q496667>	"室蘭市"@ja	<http://www.wikidata.org/entity/Q494721>	"日本の市"@ja	<http://www.wikidata.org/entity/P47>	"隣の国又は行政区画"@ja	<https://ja.wikipedia.org/wiki/%E5%AE%A4%E8%98%AD%E5%B8%82>
<http://www.wikidata.org/entity/Q670712>	"壮瞥町"@ja	<http://www.wikidata.org/entity/Q1059478>	"日本の町"@ja	<http://www.wikidata.org/entity/P47>	"隣の国又は行政区画"@ja	<https://ja.wikipedia.org/wiki/%E5%A3%AE%E7%9E%A5%E7%94%BA>
<http://www.wikidata.org/entity/Q693178>	"伊達市"@ja	<http://www.wikidata.org/entity/Q494721>	"日本の市"@ja	<http://www.wikidata.org/entity/P47>	"隣の国又は行政区画"@ja	<https://ja.wikipedia.org/wiki/%E4%BC%8A%E9%81%94%E5%B8%82_(%E5%8C%97%E6%B5%B7%E9%81%93)>
<http://www.wikidata.org/entity/Q734390>	"海老名市"@ja	<http://www.wikidata.org/entity/Q1549591>	"10万都市"@ja	<http://www.wikidata.org/entity/P190>	"姉妹都市"@ja	<https://ja.wikipedia.org/wiki/%E6%B5%B7%E8%80%81%E5%90%8D%E5%B8%82>
<http://www.wikidata.org/entity/Q734390>	"海老名市"@ja	<http://www.wikidata.org/entity/Q494721>	"日本の市"@ja	<http://www.wikidata.org/entity/P190>	"姉妹都市"@ja	<https://ja.wikipedia.org/wiki/%E6%B5%B7%E8%80%81%E5%90%8D%E5%B8%82>
<http://www.wikidata.org/entity/Q823489>	"白石市"@ja	<http://www.wikidata.org/entity/Q494721>	"日本の市"@ja	<http://www.wikidata.org/entity/P190>	"姉妹都市"@ja	<https://ja.wikipedia.org/wiki/%E7%99%BD%E7%9F%B3%E5%B8%82>
<http://www.wikidata.org/entity/Q909085>	"日本標準時"@ja	<http://www.wikidata.org/entity/Q12143>	"標準時間帯"@ja	<http://www.wikidata.org/entity/P421>	"標準時間帯"@ja	<https://ja.wikipedia.org/wiki/%E6%97%A5%E6%9C%AC%E6%A8%99%E6%BA%96%E6%99%82>
<http://www.wikidata.org/entity/Q1348760>	"白老町"@ja	<http://www.wikidata.org/entity/Q1059478>	"日本の町"@ja	<http://www.wikidata.org/entity/P47>	"隣の国又は行政区画"@ja	<https://ja.wikipedia.org/wiki/%E7%99%BD%E8%80%81%E7%94%BA>
<http://www.wikidata.org/entity/Q9332790>	"サイパン市"@ja	<http://www.wikidata.org/entity/Q15613737>	"Q15613737"	<http://www.wikidata.org/entity/P190>	"姉妹都市"@ja	<https://ja.wikipedia.org/wiki/%E3%82%B5%E3%82%A4%E3%83%91%E3%83%B3%E5%B8%82>
<http://www.wikidata.org/entity/Q10193853>	"Category:登別市"@ja	<http://www.wikidata.org/entity/Q4167836>	"ウィキメディアのカテゴリ"@ja	<http://www.wikidata.org/entity/P910>	"主題の中心カテゴリ"@ja	<https://ja.wikipedia.org/wiki/Category:%E7%99%BB%E5%88%A5%E5%B8%82>
<http://www.wikidata.org/entity/Q494721>	"日本の市"@ja	<http://www.wikidata.org/entity/Q15617994>	"行政区画の種類"@ja	<http://www.wikidata.org/entity/P31>	"分類"@ja	
<http://www.wikidata.org/entity/Q1037393>	"北海道"@ja	<http://www.wikidata.org/entity/Q50337>	"都道府県"@ja	<http://www.wikidata.org/entity/P131>	"位置する行政区画"@ja	
<http://www.wikidata.org/entity/Q27976>	"ファボー・ミッドフュン市"@ja	<http://www.wikidata.org/entity/Q2177636>	"デンマークの地方自治体"@ja	<http://www.wikidata.org/entity/P190>	"姉妹都市"@ja	
