?s	?sLabel	?type	?typeLabel	?prop	?propLabel	?jwiki
<http://www.wikidata.org/entity/Q17>	"日本"@ja	<http://www.wikidata.org/entity/Q113489728>	"OECD加盟国"@ja	<http://www.wikidata.org/entity/P17>	"国"@ja	<https://ja.wikipedia.org/wiki/%E6%97%A5%E6%9C%AC>
<http://www.wikidata.org/entity/Q17>	"日本"@ja	<http://www.wikidata.org/entity/Q3624078>	"主権国家"@ja	<http://www.wikidata.org/entity/P17>	"国"@ja	<https://ja.wikipedia.org/wiki/%E6%97%A5%E6%9C%AC>
<http://www.wikidata.org/entity/Q17>	"日本"@ja	<http://www.wikidata.org/entity/Q112099>	"島国"@ja	<http://www.wikidata.org/entity/P17>	"国"@ja	<https://ja.wikipedia.org/wiki/%E6%97%A5%E6%9C%AC>
<http://www.wikidata.org/entity/Q17>	"日本"@ja	<http://www.wikidata.org/entity/Q6256>	"国"@ja	<http://www.wikidata.org/entity/P17>	"国"@ja	<https://ja.wikipedia.org/wiki/%E6%97%A5%E6%9C%AC>
<http://www.wikidata.org/entity/Q273798>	"成田市"@ja	<http://www.wikidata.org/entity/Q1549591>	"10万都市"@ja	<http://www.wikidata.org/entity/P47>	"隣の国又は行政区画"@ja	<https://ja.wikipedia.org/wiki/%E6%88%90%E7%94%B0%E5%B8%82>
<http://www.wikidata.org/entity/Q273798>	"成田市"@ja	<http://www.wikidata.org/entity/Q494721>	"日本の市"@ja	<http://www.wikidata.org/entity/P47>	"隣の国又は行政区画"@ja	<https://ja.wikipedia.org/wiki/%E6%88%90%E7%94%B0%E5%B8%82>
<http://www.wikidata.org/entity/Q7041>	"UTC+9"@ja	<http://www.wikidata.org/entity/Q17272482>	"UTCとの時差で定義された標準時"@ja	<http://www.wikidata.org/entity/P421>	"標準時間帯"@ja	<https://ja.wikipedia.org/wiki/UTC%2B9>
<http://www.wikidata.org/entity/Q780284>	"香取郡"@ja	<http://www.wikidata.org/entity/Q1122846>	"郡"@ja	<http://www.wikidata.org/entity/P131>	"位置する行政区画"@ja	<https://ja.wikipedia.org/wiki/%E9%A6%99%E5%8F%96%E9%83%A1>
<http://www.wikidata.org/entity/Q858357>	"香取市"@ja	<http://www.wikidata.org/entity/Q10564515>	"門前町"@ja	<http://www.wikidata.org/entity/P47>	"隣の国又は行政区画"@ja	<https://ja.wikipedia.org/wiki/%E9%A6%99%E5%8F%96%E5%B8%82>
<http://www.wikidata.org/entity/Q858357>	"香取市"@ja	<http://www.wikidata.org/entity/Q494721>	"日本の市"@ja	<http://www.wikidata.org/entity/P47>	"隣の国又は行政区画"@ja	<https://ja.wikipedia.org/wiki/%E9%A6%99%E5%8F%96%E5%B8%82>
<http://www.wikidata.org/entity/Q858367>	"匝瑳市"@ja	<http://www.wikidata.org/entity/Q494721>	"日本の市"@ja	<http://www.wikidata.org/entity/P47>	"隣の国又は行政区画"@ja	<https://ja.wikipedia.org/wiki/%E5%8C%9D%E7%91%B3%E5%B8%82>
<http://www.wikidata.org/entity/Q1059478>	"日本の町"@ja	<http://www.wikidata.org/entity/Q15617994>	"行政区画の種類"@ja	<http://www.wikidata.org/entity/P31>	"分類"@ja	<https://ja.wikipedia.org/wiki/%E7%94%BA>
<http://www.wikidata.org/entity/Q1059478>	"日本の町"@ja	<http://www.wikidata.org/entity/Q35798>	"行政機関"@ja	<http://www.wikidata.org/entity/P31>	"分類"@ja	<https://ja.wikipedia.org/wiki/%E7%94%BA>
<http://www.wikidata.org/entity/Q1203260>	"横芝光町"@ja	<http://www.wikidata.org/entity/Q1059478>	"日本の町"@ja	<http://www.wikidata.org/entity/P47>	"隣の国又は行政区画"@ja	<https://ja.wikipedia.org/wiki/%E6%A8%AA%E8%8A%9D%E5%85%89%E7%94%BA>
<http://www.wikidata.org/entity/Q1203689>	"芝山町"@ja	<http://www.wikidata.org/entity/Q1059478>	"日本の町"@ja	<http://www.wikidata.org/entity/P47>	"隣の国又は行政区画"@ja	<https://ja.wikipedia.org/wiki/%E8%8A%9D%E5%B1%B1%E7%94%BA>
<http://www.wikidata.org/entity/Q9608639>	"Category:多古町"@ja	<http://www.wikidata.org/entity/Q4167836>	"ウィキメディアのカテゴリ"@ja	<http://www.wikidata.org/entity/P910>	"主題の中心カテゴリ"@ja	<https://ja.wikipedia.org/wiki/Category:%E5%A4%9A%E5%8F%A4%E7%94%BA>
<http://www.wikidata.org/entity/Q11365153>	"中村"@ja	<http://www.wikidata.org/entity/Q18663566>	"日本の廃止市区町村"@ja	<http://www.wikidata.org/entity/P1365>	"先行"@ja	<https://ja.wikipedia.org/wiki/%E4%B8%AD%E6%9D%91_(%E5%8D%83%E8%91%89%E7%9C%8C%E9%A6%99%E5%8F%96%E9%83%A1)>
<http://www.wikidata.org/entity/Q11369683>	"久賀村"@ja	<http://www.wikidata.org/entity/Q18663566>	"日本の廃止市区町村"@ja	<http://www.wikidata.org/entity/P1365>	"先行"@ja	<https://ja.wikipedia.org/wiki/%E4%B9%85%E8%B3%80%E6%9D%91_(%E5%8D%83%E8%91%89%E7%9C%8C)>
<http://www.wikidata.org/entity/Q11481567>	"常磐村"@ja	<http://www.wikidata.org/entity/Q18663566>	"日本の廃止市区町村"@ja	<http://www.wikidata.org/entity/P1365>	"先行"@ja	<https://ja.wikipedia.org/wiki/%E5%B8%B8%E7%A3%90%E6%9D%91_(%E5%8D%83%E8%91%89%E7%9C%8C)>
<http://www.wikidata.org/entity/Q11527316>	"東条村"@ja	<http://www.wikidata.org/entity/Q18663566>	"日本の廃止市区町村"@ja	<http://www.wikidata.org/entity/P1365>	"先行"@ja	<https://ja.wikipedia.org/wiki/%E6%9D%B1%E6%9D%A1%E6%9D%91_(%E5%8D%83%E8%91%89%E7%9C%8C%E9%A6%99%E5%8F%96%E9%83%A1)>
<http://www.wikidata.org/entity/Q6138136>	"タコ"@ja	<http://www.wikidata.org/entity/Q2088357>	"アンサンブル"@ja	<http://www.wikidata.org/entity/P1889>	"以下と異なる"@ja	
<http://www.wikidata.org/entity/Q11882282>	"Q11882282"	<http://www.wikidata.org/entity/Q78323335>	"Q78323335"	<http://www.wikidata.org/entity/P1889>	"以下と異なる"@ja	
