?s	?sLabel	?type	?typeLabel	?prop	?propLabel	?jwiki
<http://www.wikidata.org/entity/Q17>	"日本"@ja	<http://www.wikidata.org/entity/Q113489728>	"OECD加盟国"@ja	<http://www.wikidata.org/entity/P17>	"国"@ja	<https://ja.wikipedia.org/wiki/%E6%97%A5%E6%9C%AC>
<http://www.wikidata.org/entity/Q17>	"日本"@ja	<http://www.wikidata.org/entity/Q3624078>	"主権国家"@ja	<http://www.wikidata.org/entity/P17>	"国"@ja	<https://ja.wikipedia.org/wiki/%E6%97%A5%E6%9C%AC>
<http://www.wikidata.org/entity/Q17>	"日本"@ja	<http://www.wikidata.org/entity/Q112099>	"島国"@ja	<http://www.wikidata.org/entity/P17>	"国"@ja	<https://ja.wikipedia.org/wiki/%E6%97%A5%E6%9C%AC>
<http://www.wikidata.org/entity/Q17>	"日本"@ja	<http://www.wikidata.org/entity/Q6256>	"国"@ja	<http://www.wikidata.org/entity/P17>	"国"@ja	<https://ja.wikipedia.org/wiki/%E6%97%A5%E6%9C%AC>
<http://www.wikidata.org/entity/Q7041>	"UTC+9"@ja	<http://www.wikidata.org/entity/Q17272482>	"UTCとの時差で定義された標準時"@ja	<http://www.wikidata.org/entity/P421>	"標準時間帯"@ja	<https://ja.wikipedia.org/wiki/UTC%2B9>
<http://www.wikidata.org/entity/Q26418>	"函館市"@ja	<http://www.wikidata.org/entity/Q2264924>	"港湾都市"@ja	<http://www.wikidata.org/entity/P47>	"隣の国又は行政区画"@ja	<https://ja.wikipedia.org/wiki/%E5%87%BD%E9%A4%A8%E5%B8%82>
<http://www.wikidata.org/entity/Q26418>	"函館市"@ja	<http://www.wikidata.org/entity/Q1549591>	"10万都市"@ja	<http://www.wikidata.org/entity/P47>	"隣の国又は行政区画"@ja	<https://ja.wikipedia.org/wiki/%E5%87%BD%E9%A4%A8%E5%B8%82>
<http://www.wikidata.org/entity/Q26418>	"函館市"@ja	<http://www.wikidata.org/entity/Q1137833>	"中核市"@ja	<http://www.wikidata.org/entity/P47>	"隣の国又は行政区画"@ja	<https://ja.wikipedia.org/wiki/%E5%87%BD%E9%A4%A8%E5%B8%82>
<http://www.wikidata.org/entity/Q26418>	"函館市"@ja	<http://www.wikidata.org/entity/Q677678>	"城郭都市"@ja	<http://www.wikidata.org/entity/P47>	"隣の国又は行政区画"@ja	<https://ja.wikipedia.org/wiki/%E5%87%BD%E9%A4%A8%E5%B8%82>
<http://www.wikidata.org/entity/Q26418>	"函館市"@ja	<http://www.wikidata.org/entity/Q494721>	"日本の市"@ja	<http://www.wikidata.org/entity/P47>	"隣の国又は行政区画"@ja	<https://ja.wikipedia.org/wiki/%E5%87%BD%E9%A4%A8%E5%B8%82>
<http://www.wikidata.org/entity/Q825272>	"北杜市"@ja	<http://www.wikidata.org/entity/Q494721>	"日本の市"@ja	<http://www.wikidata.org/entity/P1889>	"以下と異なる"@ja	<https://ja.wikipedia.org/wiki/%E5%8C%97%E6%9D%9C%E5%B8%82>
<http://www.wikidata.org/entity/Q2226825>	"渡島総合振興局"@ja	<http://www.wikidata.org/entity/Q850450>	"支庁"@ja	<http://www.wikidata.org/entity/P131>	"位置する行政区画"@ja	<https://ja.wikipedia.org/wiki/%E6%B8%A1%E5%B3%B6%E7%B7%8F%E5%90%88%E6%8C%AF%E8%88%88%E5%B1%80>
<http://www.wikidata.org/entity/Q3916281>	"大野町"@ja	<http://www.wikidata.org/entity/Q18663566>	"日本の廃止市区町村"@ja	<http://www.wikidata.org/entity/P1365>	"先行"@ja	<https://ja.wikipedia.org/wiki/%E5%A4%A7%E9%87%8E%E7%94%BA_(%E5%8C%97%E6%B5%B7%E9%81%93)>
<http://www.wikidata.org/entity/Q9580619>	"Category:北斗市"@ja	<http://www.wikidata.org/entity/Q4167836>	"ウィキメディアのカテゴリ"@ja	<http://www.wikidata.org/entity/P910>	"主題の中心カテゴリ"@ja	<https://ja.wikipedia.org/wiki/Category:%E5%8C%97%E6%96%97%E5%B8%82>
<http://www.wikidata.org/entity/Q11396019>	"函館湾"@ja	<http://www.wikidata.org/entity/Q39594>	"湾"@ja	<http://www.wikidata.org/entity/P206>	"隣接・位置する水域"@ja	<https://ja.wikipedia.org/wiki/%E5%87%BD%E9%A4%A8%E6%B9%BE>
<http://www.wikidata.org/entity/Q1000075>	"上磯町"@ja	<http://www.wikidata.org/entity/Q18663566>	"日本の廃止市区町村"@ja	<http://www.wikidata.org/entity/P1365>	"先行"@ja	<https://ja.wikipedia.org/wiki/%E4%B8%8A%E7%A3%AF%E7%94%BA>
<http://www.wikidata.org/entity/Q1354252>	"厚沢部町"@ja	<http://www.wikidata.org/entity/Q1059478>	"日本の町"@ja	<http://www.wikidata.org/entity/P47>	"隣の国又は行政区画"@ja	<https://ja.wikipedia.org/wiki/%E5%8E%9A%E6%B2%A2%E9%83%A8%E7%94%BA>
<http://www.wikidata.org/entity/Q1354276>	"七飯町"@ja	<http://www.wikidata.org/entity/Q1059478>	"日本の町"@ja	<http://www.wikidata.org/entity/P47>	"隣の国又は行政区画"@ja	<https://ja.wikipedia.org/wiki/%E4%B8%83%E9%A3%AF%E7%94%BA>
<http://www.wikidata.org/entity/Q1354308>	"木古内町"@ja	<http://www.wikidata.org/entity/Q1059478>	"日本の町"@ja	<http://www.wikidata.org/entity/P47>	"隣の国又は行政区画"@ja	<https://ja.wikipedia.org/wiki/%E6%9C%A8%E5%8F%A4%E5%86%85%E7%94%BA>
<http://www.wikidata.org/entity/Q1354319>	"森町"@ja	<http://www.wikidata.org/entity/Q1059478>	"日本の町"@ja	<http://www.wikidata.org/entity/P47>	"隣の国又は行政区画"@ja	<https://ja.wikipedia.org/wiki/%E6%A3%AE%E7%94%BA_(%E5%8C%97%E6%B5%B7%E9%81%93)>
<http://www.wikidata.org/entity/Q494721>	"日本の市"@ja	<http://www.wikidata.org/entity/Q15617994>	"行政区画の種類"@ja	<http://www.wikidata.org/entity/P31>	"分類"@ja	
<http://www.wikidata.org/entity/Q1037393>	"北海道"@ja	<http://www.wikidata.org/entity/Q50337>	"都道府県"@ja	<http://www.wikidata.org/entity/P131>	"位置する行政区画"@ja	
