?s	?sLabel	?type	?typeLabel	?prop	?propLabel	?jwiki
<http://www.wikidata.org/entity/Q17>	"日本"@ja	<http://www.wikidata.org/entity/Q113489728>	"OECD加盟国"@ja	<http://www.wikidata.org/entity/P17>	"国"@ja	<https://ja.wikipedia.org/wiki/%E6%97%A5%E6%9C%AC>
<http://www.wikidata.org/entity/Q17>	"日本"@ja	<http://www.wikidata.org/entity/Q3624078>	"主権国家"@ja	<http://www.wikidata.org/entity/P17>	"国"@ja	<https://ja.wikipedia.org/wiki/%E6%97%A5%E6%9C%AC>
<http://www.wikidata.org/entity/Q17>	"日本"@ja	<http://www.wikidata.org/entity/Q112099>	"島国"@ja	<http://www.wikidata.org/entity/P17>	"国"@ja	<https://ja.wikipedia.org/wiki/%E6%97%A5%E6%9C%AC>
<http://www.wikidata.org/entity/Q17>	"日本"@ja	<http://www.wikidata.org/entity/Q6256>	"国"@ja	<http://www.wikidata.org/entity/P17>	"国"@ja	<https://ja.wikipedia.org/wiki/%E6%97%A5%E6%9C%AC>
<http://www.wikidata.org/entity/Q1490>	"東京都"@ja	<http://www.wikidata.org/entity/Q51929311>	"国内で人口1位の都市"@ja	<http://www.wikidata.org/entity/P131>	"位置する行政区画"@ja	<https://ja.wikipedia.org/wiki/%E6%9D%B1%E4%BA%AC%E9%83%BD>
<http://www.wikidata.org/entity/Q1490>	"東京都"@ja	<http://www.wikidata.org/entity/Q1637706>	"100万都市"@ja	<http://www.wikidata.org/entity/P131>	"位置する行政区画"@ja	<https://ja.wikipedia.org/wiki/%E6%9D%B1%E4%BA%AC%E9%83%BD>
<http://www.wikidata.org/entity/Q1490>	"東京都"@ja	<http://www.wikidata.org/entity/Q1549591>	"10万都市"@ja	<http://www.wikidata.org/entity/P131>	"位置する行政区画"@ja	<https://ja.wikipedia.org/wiki/%E6%9D%B1%E4%BA%AC%E9%83%BD>
<http://www.wikidata.org/entity/Q1490>	"東京都"@ja	<http://www.wikidata.org/entity/Q1200957>	"観光客の目的地"@ja	<http://www.wikidata.org/entity/P131>	"位置する行政区画"@ja	<https://ja.wikipedia.org/wiki/%E6%9D%B1%E4%BA%AC%E9%83%BD>
<http://www.wikidata.org/entity/Q1490>	"東京都"@ja	<http://www.wikidata.org/entity/Q1025961>	"日本の首都"@ja	<http://www.wikidata.org/entity/P131>	"位置する行政区画"@ja	<https://ja.wikipedia.org/wiki/%E6%9D%B1%E4%BA%AC%E9%83%BD>
<http://www.wikidata.org/entity/Q1490>	"東京都"@ja	<http://www.wikidata.org/entity/Q208511>	"世界都市"@ja	<http://www.wikidata.org/entity/P131>	"位置する行政区画"@ja	<https://ja.wikipedia.org/wiki/%E6%9D%B1%E4%BA%AC%E9%83%BD>
<http://www.wikidata.org/entity/Q1490>	"東京都"@ja	<http://www.wikidata.org/entity/Q200250>	"メトロポリス"@ja	<http://www.wikidata.org/entity/P131>	"位置する行政区画"@ja	<https://ja.wikipedia.org/wiki/%E6%9D%B1%E4%BA%AC%E9%83%BD>
<http://www.wikidata.org/entity/Q1490>	"東京都"@ja	<http://www.wikidata.org/entity/Q174844>	"メガシティ"@ja	<http://www.wikidata.org/entity/P131>	"位置する行政区画"@ja	<https://ja.wikipedia.org/wiki/%E6%9D%B1%E4%BA%AC%E9%83%BD>
<http://www.wikidata.org/entity/Q1490>	"東京都"@ja	<http://www.wikidata.org/entity/Q50337>	"都道府県"@ja	<http://www.wikidata.org/entity/P131>	"位置する行政区画"@ja	<https://ja.wikipedia.org/wiki/%E6%9D%B1%E4%BA%AC%E9%83%BD>
<http://www.wikidata.org/entity/Q1490>	"東京都"@ja	<http://www.wikidata.org/entity/Q5119>	"首都"@ja	<http://www.wikidata.org/entity/P131>	"位置する行政区画"@ja	<https://ja.wikipedia.org/wiki/%E6%9D%B1%E4%BA%AC%E9%83%BD>
<http://www.wikidata.org/entity/Q179645>	"新宿区"@ja	<http://www.wikidata.org/entity/Q5327704>	"日本の特別区"@ja	<http://www.wikidata.org/entity/P47>	"隣の国又は行政区画"@ja	<https://ja.wikipedia.org/wiki/%E6%96%B0%E5%AE%BF%E5%8C%BA>
<http://www.wikidata.org/entity/Q7041>	"UTC+9"@ja	<http://www.wikidata.org/entity/Q17272482>	"UTCとの時差で定義された標準時"@ja	<http://www.wikidata.org/entity/P421>	"標準時間帯"@ja	<https://ja.wikipedia.org/wiki/UTC%2B9>
<http://www.wikidata.org/entity/Q34384>	"ハクチョウ"@ja	<http://www.wikidata.org/entity/Q55983715>	"特定の一般名で知られる生物"@ja	<http://www.wikidata.org/entity/P2238>	"公式シンボル"@ja	<https://ja.wikipedia.org/wiki/%E3%83%8F%E3%82%AF%E3%83%81%E3%83%A7%E3%82%A6>
<http://www.wikidata.org/entity/Q190088>	"港区"@ja	<http://www.wikidata.org/entity/Q5327704>	"日本の特別区"@ja	<http://www.wikidata.org/entity/P47>	"隣の国又は行政区画"@ja	<https://ja.wikipedia.org/wiki/%E6%B8%AF%E5%8C%BA_(%E6%9D%B1%E4%BA%AC%E9%83%BD)>
<http://www.wikidata.org/entity/Q338861>	"神田"@ja	<http://www.wikidata.org/entity/Q1620908>	"歴史的地域"@ja	<http://www.wikidata.org/entity/P1383>	"包含する集落"@ja	<https://ja.wikipedia.org/wiki/%E7%A5%9E%E7%94%B0_(%E5%8D%83%E4%BB%A3%E7%94%B0%E5%8C%BA)>
<http://www.wikidata.org/entity/Q338861>	"神田"@ja	<http://www.wikidata.org/entity/Q1187811>	"学術都市"@ja	<http://www.wikidata.org/entity/P1383>	"包含する集落"@ja	<https://ja.wikipedia.org/wiki/%E7%A5%9E%E7%94%B0_(%E5%8D%83%E4%BB%A3%E7%94%B0%E5%8C%BA)>
<http://www.wikidata.org/entity/Q338861>	"神田"@ja	<http://www.wikidata.org/entity/Q123705>	"地区"@ja	<http://www.wikidata.org/entity/P1383>	"包含する集落"@ja	<https://ja.wikipedia.org/wiki/%E7%A5%9E%E7%94%B0_(%E5%8D%83%E4%BB%A3%E7%94%B0%E5%8C%BA)>
<http://www.wikidata.org/entity/Q844963>	"皇居外苑"@ja	<http://www.wikidata.org/entity/Q10926872>	"国民公園"@ja	<http://www.wikidata.org/entity/P150>	"直下の行政区画"@ja	<https://ja.wikipedia.org/wiki/%E7%9A%87%E5%B1%85%E5%A4%96%E8%8B%91>
<http://www.wikidata.org/entity/Q844963>	"皇居外苑"@ja	<http://www.wikidata.org/entity/Q5327369>	"町丁"@ja	<http://www.wikidata.org/entity/P150>	"直下の行政区画"@ja	<https://ja.wikipedia.org/wiki/%E7%9A%87%E5%B1%85%E5%A4%96%E8%8B%91>
<http://www.wikidata.org/entity/Q975067>	"神田猿楽町"@ja	<http://www.wikidata.org/entity/Q5327369>	"町丁"@ja	<http://www.wikidata.org/entity/P150>	"直下の行政区画"@ja	<https://ja.wikipedia.org/wiki/%E7%A5%9E%E7%94%B0%E7%8C%BF%E6%A5%BD%E7%94%BA>
<http://www.wikidata.org/entity/Q1075077>	"千代田"@ja	<http://www.wikidata.org/entity/Q5327369>	"町丁"@ja	<http://www.wikidata.org/entity/P150>	"直下の行政区画"@ja	<https://ja.wikipedia.org/wiki/%E5%8D%83%E4%BB%A3%E7%94%B0_(%E5%8D%83%E4%BB%A3%E7%94%B0%E5%8C%BA)>
<http://www.wikidata.org/entity/Q1075077>	"千代田"@ja	<http://www.wikidata.org/entity/Q5327369>	"町丁"@ja	<http://www.wikidata.org/entity/P138>	"名前の由来"@ja	<https://ja.wikipedia.org/wiki/%E5%8D%83%E4%BB%A3%E7%94%B0_(%E5%8D%83%E4%BB%A3%E7%94%B0%E5%8C%BA)>
<http://www.wikidata.org/entity/Q1075966>	"北の丸公園"@ja	<http://www.wikidata.org/entity/Q10926872>	"国民公園"@ja	<http://www.wikidata.org/entity/P150>	"直下の行政区画"@ja	<https://ja.wikipedia.org/wiki/%E5%8C%97%E3%81%AE%E4%B8%B8%E5%85%AC%E5%9C%92>
<http://www.wikidata.org/entity/Q1075966>	"北の丸公園"@ja	<http://www.wikidata.org/entity/Q5327369>	"町丁"@ja	<http://www.wikidata.org/entity/P150>	"直下の行政区画"@ja	<https://ja.wikipedia.org/wiki/%E5%8C%97%E3%81%AE%E4%B8%B8%E5%85%AC%E5%9C%92>
<http://www.wikidata.org/entity/Q1134450>	"日比谷"@ja	<http://www.wikidata.org/entity/Q123705>	"地区"@ja	<http://www.wikidata.org/entity/P150>	"直下の行政区画"@ja	<https://ja.wikipedia.org/wiki/%E6%97%A5%E6%AF%94%E8%B0%B7>
<http://www.wikidata.org/entity/Q1185069>	"麹町"@ja	<http://www.wikidata.org/entity/Q5327369>	"町丁"@ja	<http://www.wikidata.org/entity/P150>	"直下の行政区画"@ja	<https://ja.wikipedia.org/wiki/%E9%BA%B9%E7%94%BA>
<http://www.wikidata.org/entity/Q1185069>	"麹町"@ja	<http://www.wikidata.org/entity/Q5327369>	"町丁"@ja	<http://www.wikidata.org/entity/P1383>	"包含する集落"@ja	<https://ja.wikipedia.org/wiki/%E9%BA%B9%E7%94%BA>
<http://www.wikidata.org/entity/Q1196955>	"丸の内"@ja	<http://www.wikidata.org/entity/Q5327369>	"町丁"@ja	<http://www.wikidata.org/entity/P150>	"直下の行政区画"@ja	<https://ja.wikipedia.org/wiki/%E4%B8%B8%E3%81%AE%E5%86%85>
<http://www.wikidata.org/entity/Q1196955>	"丸の内"@ja	<http://www.wikidata.org/entity/Q1133961>	"商業地域"@ja	<http://www.wikidata.org/entity/P150>	"直下の行政区画"@ja	<https://ja.wikipedia.org/wiki/%E4%B8%B8%E3%81%AE%E5%86%85>
<http://www.wikidata.org/entity/Q1197269>	"永田町"@ja	<http://www.wikidata.org/entity/Q5327369>	"町丁"@ja	<http://www.wikidata.org/entity/P150>	"直下の行政区画"@ja	<https://ja.wikipedia.org/wiki/%E6%B0%B8%E7%94%B0%E7%94%BA>
<http://www.wikidata.org/entity/Q1268102>	"霞が関"@ja	<http://www.wikidata.org/entity/Q5327369>	"町丁"@ja	<http://www.wikidata.org/entity/P150>	"直下の行政区画"@ja	<https://ja.wikipedia.org/wiki/%E9%9C%9E%E3%81%8C%E9%96%A2>
<http://www.wikidata.org/entity/Q1332496>	"大手町"@ja	<http://www.wikidata.org/entity/Q5327369>	"町丁"@ja	<http://www.wikidata.org/entity/P150>	"直下の行政区画"@ja	<https://ja.wikipedia.org/wiki/%E5%A4%A7%E6%89%8B%E7%94%BA_(%E5%8D%83%E4%BB%A3%E7%94%B0%E5%8C%BA)>
<http://www.wikidata.org/entity/Q1376701>	"有楽町"@ja	<http://www.wikidata.org/entity/Q5327369>	"町丁"@ja	<http://www.wikidata.org/entity/P150>	"直下の行政区画"@ja	<https://ja.wikipedia.org/wiki/%E6%9C%89%E6%A5%BD%E7%94%BA>
<http://www.wikidata.org/entity/Q1552735>	"隼町"@ja	<http://www.wikidata.org/entity/Q5327369>	"町丁"@ja	<http://www.wikidata.org/entity/P150>	"直下の行政区画"@ja	<https://ja.wikipedia.org/wiki/%E9%9A%BC%E7%94%BA>
<http://www.wikidata.org/entity/Q1689258>	"神田神保町"@ja	<http://www.wikidata.org/entity/Q27095194>	"Q27095194"	<http://www.wikidata.org/entity/P150>	"直下の行政区画"@ja	<https://ja.wikipedia.org/wiki/%E7%A5%9E%E7%94%B0%E7%A5%9E%E4%BF%9D%E7%94%BA>
<http://www.wikidata.org/entity/Q1689258>	"神田神保町"@ja	<http://www.wikidata.org/entity/Q5327369>	"町丁"@ja	<http://www.wikidata.org/entity/P150>	"直下の行政区画"@ja	<https://ja.wikipedia.org/wiki/%E7%A5%9E%E7%94%B0%E7%A5%9E%E4%BF%9D%E7%94%BA>
<http://www.wikidata.org/entity/Q3270451>	"内神田"@ja	<http://www.wikidata.org/entity/Q5327369>	"町丁"@ja	<http://www.wikidata.org/entity/P150>	"直下の行政区画"@ja	<https://ja.wikipedia.org/wiki/%E5%86%85%E7%A5%9E%E7%94%B0>
<http://www.wikidata.org/entity/Q3270459>	"神田小川町"@ja	<http://www.wikidata.org/entity/Q5327369>	"町丁"@ja	<http://www.wikidata.org/entity/P150>	"直下の行政区画"@ja	<https://ja.wikipedia.org/wiki/%E7%A5%9E%E7%94%B0%E5%B0%8F%E5%B7%9D%E7%94%BA>
<http://www.wikidata.org/entity/Q3270456>	"神田須田町"@ja	<http://www.wikidata.org/entity/Q5327369>	"町丁"@ja	<http://www.wikidata.org/entity/P150>	"直下の行政区画"@ja	<https://ja.wikipedia.org/wiki/%E7%A5%9E%E7%94%B0%E9%A0%88%E7%94%B0%E7%94%BA>
<http://www.wikidata.org/entity/Q3270466>	"岩本町"@ja	<http://www.wikidata.org/entity/Q5327369>	"町丁"@ja	<http://www.wikidata.org/entity/P150>	"直下の行政区画"@ja	<https://ja.wikipedia.org/wiki/%E5%B2%A9%E6%9C%AC%E7%94%BA>
<http://www.wikidata.org/entity/Q3274876>	"鍛冶町"@ja	<http://www.wikidata.org/entity/Q5327369>	"町丁"@ja	<http://www.wikidata.org/entity/P150>	"直下の行政区画"@ja	<https://ja.wikipedia.org/wiki/%E9%8D%9B%E5%86%B6%E7%94%BA_(%E5%8D%83%E4%BB%A3%E7%94%B0%E5%8C%BA)>
<http://www.wikidata.org/entity/Q6527138>	"Category:千代田区"@ja	<http://www.wikidata.org/entity/Q4167836>	"ウィキメディアのカテゴリ"@ja	<http://www.wikidata.org/entity/P910>	"主題の中心カテゴリ"@ja	<https://ja.wikipedia.org/wiki/Category:%E5%8D%83%E4%BB%A3%E7%94%B0%E5%8C%BA>
<http://www.wikidata.org/entity/Q7473516>	"東京"@ja	<http://www.wikidata.org/entity/Q108178728>	"首都"@ja	<http://www.wikidata.org/entity/P361>	"以下の一部分"@ja	<https://ja.wikipedia.org/wiki/%E6%9D%B1%E4%BA%AC>
<http://www.wikidata.org/entity/Q7473516>	"東京"@ja	<http://www.wikidata.org/entity/Q1637706>	"100万都市"@ja	<http://www.wikidata.org/entity/P361>	"以下の一部分"@ja	<https://ja.wikipedia.org/wiki/%E6%9D%B1%E4%BA%AC>
<http://www.wikidata.org/entity/Q7473516>	"東京"@ja	<http://www.wikidata.org/entity/Q1066984>	"金融センター"@ja	<http://www.wikidata.org/entity/P361>	"以下の一部分"@ja	<https://ja.wikipedia.org/wiki/%E6%9D%B1%E4%BA%AC>
<http://www.wikidata.org/entity/Q7473516>	"東京"@ja	<http://www.wikidata.org/entity/Q208511>	"世界都市"@ja	<http://www.wikidata.org/entity/P361>	"以下の一部分"@ja	<https://ja.wikipedia.org/wiki/%E6%9D%B1%E4%BA%AC>
<http://www.wikidata.org/entity/Q7473516>	"東京"@ja	<http://www.wikidata.org/entity/Q200250>	"メトロポリス"@ja	<http://www.wikidata.org/entity/P361>	"以下の一部分"@ja	<https://ja.wikipedia.org/wiki/%E6%9D%B1%E4%BA%AC>
<http://www.wikidata.org/entity/Q11405293>	"千代田区役所"@ja	<http://www.wikidata.org/entity/Q11303>	"超高層建築物"@ja	<http://www.wikidata.org/entity/P159>	"本部所在地"@ja	<https://ja.wikipedia.org/wiki/%E5%8D%83%E4%BB%A3%E7%94%B0%E5%8C%BA%E5%BD%B9%E6%89%80>
<http://www.wikidata.org/entity/Q11590562>	"神田区"@ja	<http://www.wikidata.org/entity/Q18663566>	"日本の廃止市区町村"@ja	<http://www.wikidata.org/entity/P1365>	"先行"@ja	<https://ja.wikipedia.org/wiki/%E7%A5%9E%E7%94%B0%E5%8C%BA>
<http://www.wikidata.org/entity/Q11677414>	"麹町区"@ja	<http://www.wikidata.org/entity/Q18663566>	"日本の廃止市区町村"@ja	<http://www.wikidata.org/entity/P1365>	"先行"@ja	<https://ja.wikipedia.org/wiki/%E9%BA%B9%E7%94%BA%E5%8C%BA>
<http://www.wikidata.org/entity/Q17214844>	"千代田区議会"@ja	<http://www.wikidata.org/entity/Q3154693>	"市町村議会"@ja	<http://www.wikidata.org/entity/P194>	"立法府"@ja	<https://ja.wikipedia.org/wiki/%E5%8D%83%E4%BB%A3%E7%94%B0%E5%8C%BA%E8%AD%B0%E4%BC%9A>
<http://www.wikidata.org/entity/Q105258861>	"樋口高顕"@ja	<http://www.wikidata.org/entity/Q5>	"ヒト"@ja	<http://www.wikidata.org/entity/P6>	"行政府の長"@ja	<https://ja.wikipedia.org/wiki/%E6%A8%8B%E5%8F%A3%E9%AB%98%E9%A1%95>
<http://www.wikidata.org/entity/Q212704>	"中央区"@ja	<http://www.wikidata.org/entity/Q5327704>	"日本の特別区"@ja	<http://www.wikidata.org/entity/P47>	"隣の国又は行政区画"@ja	<https://ja.wikipedia.org/wiki/%E4%B8%AD%E5%A4%AE%E5%8C%BA_(%E6%9D%B1%E4%BA%AC%E9%83%BD)>
<http://www.wikidata.org/entity/Q212713>	"文京区"@ja	<http://www.wikidata.org/entity/Q11499971>	"文教地区"@ja	<http://www.wikidata.org/entity/P47>	"隣の国又は行政区画"@ja	<https://ja.wikipedia.org/wiki/%E6%96%87%E4%BA%AC%E5%8C%BA>
<http://www.wikidata.org/entity/Q212713>	"文京区"@ja	<http://www.wikidata.org/entity/Q5327704>	"日本の特別区"@ja	<http://www.wikidata.org/entity/P47>	"隣の国又は行政区画"@ja	<https://ja.wikipedia.org/wiki/%E6%96%87%E4%BA%AC%E5%8C%BA>
<http://www.wikidata.org/entity/Q232641>	"台東区"@ja	<http://www.wikidata.org/entity/Q5327704>	"日本の特別区"@ja	<http://www.wikidata.org/entity/P47>	"隣の国又は行政区画"@ja	<https://ja.wikipedia.org/wiki/%E5%8F%B0%E6%9D%B1%E5%8C%BA>
<http://www.wikidata.org/entity/Q290895>	"西神田"@ja	<http://www.wikidata.org/entity/Q5327369>	"町丁"@ja	<http://www.wikidata.org/entity/P150>	"直下の行政区画"@ja	<https://ja.wikipedia.org/wiki/%E8%A5%BF%E7%A5%9E%E7%94%B0>
<http://www.wikidata.org/entity/Q308891>	"東京都区部"@ja	<http://www.wikidata.org/entity/Q13220204>	"第二級行政区画"@ja	<http://www.wikidata.org/entity/P361>	"以下の一部分"@ja	<https://ja.wikipedia.org/wiki/%E6%9D%B1%E4%BA%AC%E9%83%BD%E5%8C%BA%E9%83%A8>
<http://www.wikidata.org/entity/Q308891>	"東京都区部"@ja	<http://www.wikidata.org/entity/Q1850442>	"日本の行政区画"@ja	<http://www.wikidata.org/entity/P361>	"以下の一部分"@ja	<https://ja.wikipedia.org/wiki/%E6%9D%B1%E4%BA%AC%E9%83%BD%E5%8C%BA%E9%83%A8>
<http://www.wikidata.org/entity/Q3276871>	"神田駿河台"@ja	<http://www.wikidata.org/entity/Q5327369>	"町丁"@ja	<http://www.wikidata.org/entity/P150>	"直下の行政区画"@ja	<https://ja.wikipedia.org/wiki/%E7%A5%9E%E7%94%B0%E9%A7%BF%E6%B2%B3%E5%8F%B0>
<http://www.wikidata.org/entity/Q3279236>	"東神田"@ja	<http://www.wikidata.org/entity/Q5327369>	"町丁"@ja	<http://www.wikidata.org/entity/P150>	"直下の行政区画"@ja	<https://ja.wikipedia.org/wiki/%E6%9D%B1%E7%A5%9E%E7%94%B0>
<http://www.wikidata.org/entity/Q3346524>	"神田司町"@ja	<http://www.wikidata.org/entity/Q5327369>	"町丁"@ja	<http://www.wikidata.org/entity/P150>	"直下の行政区画"@ja	<https://ja.wikipedia.org/wiki/%E7%A5%9E%E7%94%B0%E5%8F%B8%E7%94%BA>
<http://www.wikidata.org/entity/Q3346530>	"九段南"@ja	<http://www.wikidata.org/entity/Q5327369>	"町丁"@ja	<http://www.wikidata.org/entity/P150>	"直下の行政区画"@ja	<https://ja.wikipedia.org/wiki/%E4%B9%9D%E6%AE%B5%E5%8D%97>
<http://www.wikidata.org/entity/Q3346539>	"神田練塀町"@ja	<http://www.wikidata.org/entity/Q5327369>	"町丁"@ja	<http://www.wikidata.org/entity/P150>	"直下の行政区画"@ja	<https://ja.wikipedia.org/wiki/%E7%A5%9E%E7%94%B0%E7%B7%B4%E5%A1%80%E7%94%BA>
<http://www.wikidata.org/entity/Q3346546>	"神田東松下町"@ja	<http://www.wikidata.org/entity/Q5327369>	"町丁"@ja	<http://www.wikidata.org/entity/P150>	"直下の行政区画"@ja	<https://ja.wikipedia.org/wiki/%E7%A5%9E%E7%94%B0%E6%9D%B1%E6%9D%BE%E4%B8%8B%E7%94%BA>
<http://www.wikidata.org/entity/Q3346551>	"神田東紺屋町"@ja	<http://www.wikidata.org/entity/Q5327369>	"町丁"@ja	<http://www.wikidata.org/entity/P150>	"直下の行政区画"@ja	<https://ja.wikipedia.org/wiki/%E7%A5%9E%E7%94%B0%E6%9D%B1%E7%B4%BA%E5%B1%8B%E7%94%BA>
<http://www.wikidata.org/entity/Q3346556>	"神田錦町"@ja	<http://www.wikidata.org/entity/Q5327369>	"町丁"@ja	<http://www.wikidata.org/entity/P150>	"直下の行政区画"@ja	<https://ja.wikipedia.org/wiki/%E7%A5%9E%E7%94%B0%E9%8C%A6%E7%94%BA>
<http://www.wikidata.org/entity/Q3346562>	"神田平河町"@ja	<http://www.wikidata.org/entity/Q5327369>	"町丁"@ja	<http://www.wikidata.org/entity/P150>	"直下の行政区画"@ja	<https://ja.wikipedia.org/wiki/%E7%A5%9E%E7%94%B0%E5%B9%B3%E6%B2%B3%E7%94%BA>
<http://www.wikidata.org/entity/Q3346569>	"内幸町"@ja	<http://www.wikidata.org/entity/Q5327369>	"町丁"@ja	<http://www.wikidata.org/entity/P150>	"直下の行政区画"@ja	<https://ja.wikipedia.org/wiki/%E5%86%85%E5%B9%B8%E7%94%BA>
<http://www.wikidata.org/entity/Q3346578>	"九段北"@ja	<http://www.wikidata.org/entity/Q5327369>	"町丁"@ja	<http://www.wikidata.org/entity/P150>	"直下の行政区画"@ja	<https://ja.wikipedia.org/wiki/%E4%B9%9D%E6%AE%B5%E5%8C%97>
<http://www.wikidata.org/entity/Q3346587>	"神田松永町"@ja	<http://www.wikidata.org/entity/Q5327369>	"町丁"@ja	<http://www.wikidata.org/entity/P150>	"直下の行政区画"@ja	<https://ja.wikipedia.org/wiki/%E7%A5%9E%E7%94%B0%E6%9D%BE%E6%B0%B8%E7%94%BA>
<http://www.wikidata.org/entity/Q3346595>	"神田佐久間河岸"@ja	<http://www.wikidata.org/entity/Q5327369>	"町丁"@ja	<http://www.wikidata.org/entity/P150>	"直下の行政区画"@ja	<https://ja.wikipedia.org/wiki/%E7%A5%9E%E7%94%B0%E4%BD%90%E4%B9%85%E9%96%93%E6%B2%B3%E5%B2%B8>
<http://www.wikidata.org/entity/Q3346599>	"神田北乗物町"@ja	<http://www.wikidata.org/entity/Q5327369>	"町丁"@ja	<http://www.wikidata.org/entity/P150>	"直下の行政区画"@ja	<https://ja.wikipedia.org/wiki/%E7%A5%9E%E7%94%B0%E5%8C%97%E4%B9%97%E7%89%A9%E7%94%BA>
<http://www.wikidata.org/entity/Q3346605>	"神田富山町"@ja	<http://www.wikidata.org/entity/Q5327369>	"町丁"@ja	<http://www.wikidata.org/entity/P150>	"直下の行政区画"@ja	<https://ja.wikipedia.org/wiki/%E7%A5%9E%E7%94%B0%E5%AF%8C%E5%B1%B1%E7%94%BA>
<http://www.wikidata.org/entity/Q3346609>	"神田淡路町"@ja	<http://www.wikidata.org/entity/Q5327369>	"町丁"@ja	<http://www.wikidata.org/entity/P150>	"直下の行政区画"@ja	<https://ja.wikipedia.org/wiki/%E7%A5%9E%E7%94%B0%E6%B7%A1%E8%B7%AF%E7%94%BA>
<http://www.wikidata.org/entity/Q3346615>	"神田美倉町"@ja	<http://www.wikidata.org/entity/Q5327369>	"町丁"@ja	<http://www.wikidata.org/entity/P150>	"直下の行政区画"@ja	<https://ja.wikipedia.org/wiki/%E7%A5%9E%E7%94%B0%E7%BE%8E%E5%80%89%E7%94%BA>
<http://www.wikidata.org/entity/Q3346623>	"神田佐久間町"@ja	<http://www.wikidata.org/entity/Q5327369>	"町丁"@ja	<http://www.wikidata.org/entity/P150>	"直下の行政区画"@ja	<https://ja.wikipedia.org/wiki/%E7%A5%9E%E7%94%B0%E4%BD%90%E4%B9%85%E9%96%93%E7%94%BA>
<http://www.wikidata.org/entity/Q3346635>	"神田多町"@ja	<http://www.wikidata.org/entity/Q5327369>	"町丁"@ja	<http://www.wikidata.org/entity/P150>	"直下の行政区画"@ja	<https://ja.wikipedia.org/wiki/%E7%A5%9E%E7%94%B0%E5%A4%9A%E7%94%BA>
<http://www.wikidata.org/entity/Q3347147>	"四番町"@ja	<http://www.wikidata.org/entity/Q5327369>	"町丁"@ja	<http://www.wikidata.org/entity/P150>	"直下の行政区画"@ja	<https://ja.wikipedia.org/wiki/%E5%9B%9B%E7%95%AA%E7%94%BA_(%E5%8D%83%E4%BB%A3%E7%94%B0%E5%8C%BA)>
<http://www.wikidata.org/entity/Q3347152>	"神田美土代町"@ja	<http://www.wikidata.org/entity/Q5327369>	"町丁"@ja	<http://www.wikidata.org/entity/P150>	"直下の行政区画"@ja	<https://ja.wikipedia.org/wiki/%E7%A5%9E%E7%94%B0%E7%BE%8E%E5%9C%9F%E4%BB%A3%E7%94%BA>
<http://www.wikidata.org/entity/Q3347157>	"一番町"@ja	<http://www.wikidata.org/entity/Q5327369>	"町丁"@ja	<http://www.wikidata.org/entity/P150>	"直下の行政区画"@ja	<https://ja.wikipedia.org/wiki/%E4%B8%80%E7%95%AA%E7%94%BA_(%E5%8D%83%E4%BB%A3%E7%94%B0%E5%8C%BA)>
<http://www.wikidata.org/entity/Q3347161>	"平河町"@ja	<http://www.wikidata.org/entity/Q5327369>	"町丁"@ja	<http://www.wikidata.org/entity/P150>	"直下の行政区画"@ja	<https://ja.wikipedia.org/wiki/%E5%B9%B3%E6%B2%B3%E7%94%BA>
<http://www.wikidata.org/entity/Q3347167>	"神田和泉町"@ja	<http://www.wikidata.org/entity/Q5327369>	"町丁"@ja	<http://www.wikidata.org/entity/P150>	"直下の行政区画"@ja	<https://ja.wikipedia.org/wiki/%E7%A5%9E%E7%94%B0%E5%92%8C%E6%B3%89%E7%94%BA>
<http://www.wikidata.org/entity/Q3347175>	"外神田"@ja	<http://www.wikidata.org/entity/Q5327369>	"町丁"@ja	<http://www.wikidata.org/entity/P150>	"直下の行政区画"@ja	<https://ja.wikipedia.org/wiki/%E5%A4%96%E7%A5%9E%E7%94%B0>
<http://www.wikidata.org/entity/Q3347187>	"六番町"@ja	<http://www.wikidata.org/entity/Q5327369>	"町丁"@ja	<http://www.wikidata.org/entity/P150>	"直下の行政区画"@ja	<https://ja.wikipedia.org/wiki/%E5%85%AD%E7%95%AA%E7%94%BA_(%E5%8D%83%E4%BB%A3%E7%94%B0%E5%8C%BA)>
<http://www.wikidata.org/entity/Q3347196>	"神田三崎町"@ja	<http://www.wikidata.org/entity/Q5327369>	"町丁"@ja	<http://www.wikidata.org/entity/P150>	"直下の行政区画"@ja	<https://ja.wikipedia.org/wiki/%E7%A5%9E%E7%94%B0%E4%B8%89%E5%B4%8E%E7%94%BA>
<http://www.wikidata.org/entity/Q3347205>	"五番町"@ja	<http://www.wikidata.org/entity/Q5327369>	"町丁"@ja	<http://www.wikidata.org/entity/P150>	"直下の行政区画"@ja	<https://ja.wikipedia.org/wiki/%E4%BA%94%E7%95%AA%E7%94%BA_(%E5%8D%83%E4%BB%A3%E7%94%B0%E5%8C%BA)>
<http://www.wikidata.org/entity/Q3347219>	"神田紺屋町"@ja	<http://www.wikidata.org/entity/Q5327369>	"町丁"@ja	<http://www.wikidata.org/entity/P150>	"直下の行政区画"@ja	<https://ja.wikipedia.org/wiki/%E7%A5%9E%E7%94%B0%E7%B4%BA%E5%B1%8B%E7%94%BA>
<http://www.wikidata.org/entity/Q3347224>	"神田相生町"@ja	<http://www.wikidata.org/entity/Q5327369>	"町丁"@ja	<http://www.wikidata.org/entity/P150>	"直下の行政区画"@ja	<https://ja.wikipedia.org/wiki/%E7%A5%9E%E7%94%B0%E7%9B%B8%E7%94%9F%E7%94%BA>
<http://www.wikidata.org/entity/Q3347238>	"一ツ橋"@ja	<http://www.wikidata.org/entity/Q5327369>	"町丁"@ja	<http://www.wikidata.org/entity/P150>	"直下の行政区画"@ja	<https://ja.wikipedia.org/wiki/%E4%B8%80%E3%83%84%E6%A9%8B>
<http://www.wikidata.org/entity/Q3347243>	"紀尾井町"@ja	<http://www.wikidata.org/entity/Q5327369>	"町丁"@ja	<http://www.wikidata.org/entity/P150>	"直下の行政区画"@ja	<https://ja.wikipedia.org/wiki/%E7%B4%80%E5%B0%BE%E4%BA%95%E7%94%BA>
<http://www.wikidata.org/entity/Q3347253>	"富士見"@ja	<http://www.wikidata.org/entity/Q5327369>	"町丁"@ja	<http://www.wikidata.org/entity/P150>	"直下の行政区画"@ja	<https://ja.wikipedia.org/wiki/%E5%AF%8C%E5%A3%AB%E8%A6%8B_(%E5%8D%83%E4%BB%A3%E7%94%B0%E5%8C%BA)>
<http://www.wikidata.org/entity/Q3347259>	"二番町"@ja	<http://www.wikidata.org/entity/Q5327369>	"町丁"@ja	<http://www.wikidata.org/entity/P150>	"直下の行政区画"@ja	<https://ja.wikipedia.org/wiki/%E4%BA%8C%E7%95%AA%E7%94%BA_(%E5%8D%83%E4%BB%A3%E7%94%B0%E5%8C%BA)>
<http://www.wikidata.org/entity/Q3347265>	"神田花岡町"@ja	<http://www.wikidata.org/entity/Q5327369>	"町丁"@ja	<http://www.wikidata.org/entity/P150>	"直下の行政区画"@ja	<https://ja.wikipedia.org/wiki/%E7%A5%9E%E7%94%B0%E8%8A%B1%E5%B2%A1%E7%94%BA>
<http://www.wikidata.org/entity/Q3347272>	"三番町"@ja	<http://www.wikidata.org/entity/Q5327369>	"町丁"@ja	<http://www.wikidata.org/entity/P150>	"直下の行政区画"@ja	<https://ja.wikipedia.org/wiki/%E4%B8%89%E7%95%AA%E7%94%BA_(%E5%8D%83%E4%BB%A3%E7%94%B0%E5%8C%BA)>
<http://www.wikidata.org/entity/Q3385224>	"神田西福田町"@ja	<http://www.wikidata.org/entity/Q5327369>	"町丁"@ja	<http://www.wikidata.org/entity/P150>	"直下の行政区画"@ja	<https://ja.wikipedia.org/wiki/%E7%A5%9E%E7%94%B0%E8%A5%BF%E7%A6%8F%E7%94%B0%E7%94%BA>
<http://www.wikidata.org/entity/Q5327704>	"日本の特別区"@ja	<http://www.wikidata.org/entity/Q15617994>	"行政区画の種類"@ja	<http://www.wikidata.org/entity/P31>	"分類"@ja	<https://ja.wikipedia.org/wiki/%E7%89%B9%E5%88%A5%E5%8C%BA>
<http://www.wikidata.org/entity/Q5994914>	"飯田橋"@ja	<http://www.wikidata.org/entity/Q5327369>	"町丁"@ja	<http://www.wikidata.org/entity/P150>	"直下の行政区画"@ja	<https://ja.wikipedia.org/wiki/%E9%A3%AF%E7%94%B0%E6%A9%8B>
<http://www.wikidata.org/entity/Q9224186>	"Q9224186"	<http://www.wikidata.org/entity/Q4167836>	"ウィキメディアのカテゴリ"@ja	<http://www.wikidata.org/entity/P1464>	"当地生まれの人のカテゴリ"@ja	
<http://www.wikidata.org/entity/Q10188125>	"Q10188125"	<http://www.wikidata.org/entity/Q4167836>	"ウィキメディアのカテゴリ"@ja	<http://www.wikidata.org/entity/P1792>	"当地の人々のカテゴリ"@ja	
<http://www.wikidata.org/entity/Q47495167>	"日比谷公園"@ja	<http://www.wikidata.org/entity/Q5327369>	"町丁"@ja	<http://www.wikidata.org/entity/P150>	"直下の行政区画"@ja	
<http://www.wikidata.org/entity/Q52206681>	"Q52206681"	<http://www.wikidata.org/entity/Q4167836>	"ウィキメディアのカテゴリ"@ja	<http://www.wikidata.org/entity/P1465>	"当地で死んだ人のカテゴリ"@ja	
<http://www.wikidata.org/entity/Q56437075>	"千代田区長"@ja	<http://www.wikidata.org/entity/Q4164871>	"職位"@ja	<http://www.wikidata.org/entity/P1313>	"行政府の長の地位"@ja	
<http://www.wikidata.org/entity/Q84028064>	"Q84028064"	<http://www.wikidata.org/entity/Q4167836>	"ウィキメディアのカテゴリ"@ja	<http://www.wikidata.org/entity/P7867>	"当地の地図のカテゴリ"@ja	
<http://www.wikidata.org/entity/Q104600102>	"Q104600102"	<http://www.wikidata.org/entity/Q4167836>	"ウィキメディアのカテゴリ"@ja	<http://www.wikidata.org/entity/P8989>	"景観のカテゴリ"@ja	
