?s	?sLabel	?type	?typeLabel	?prop	?propLabel	?jwiki
<http://www.wikidata.org/entity/Q17>	"日本"@ja	<http://www.wikidata.org/entity/Q113489728>	"OECD加盟国"@ja	<http://www.wikidata.org/entity/P17>	"国"@ja	<https://ja.wikipedia.org/wiki/%E6%97%A5%E6%9C%AC>
<http://www.wikidata.org/entity/Q17>	"日本"@ja	<http://www.wikidata.org/entity/Q3624078>	"主権国家"@ja	<http://www.wikidata.org/entity/P17>	"国"@ja	<https://ja.wikipedia.org/wiki/%E6%97%A5%E6%9C%AC>
<http://www.wikidata.org/entity/Q17>	"日本"@ja	<http://www.wikidata.org/entity/Q112099>	"島国"@ja	<http://www.wikidata.org/entity/P17>	"国"@ja	<https://ja.wikipedia.org/wiki/%E6%97%A5%E6%9C%AC>
<http://www.wikidata.org/entity/Q17>	"日本"@ja	<http://www.wikidata.org/entity/Q6256>	"国"@ja	<http://www.wikidata.org/entity/P17>	"国"@ja	<https://ja.wikipedia.org/wiki/%E6%97%A5%E6%9C%AC>
<http://www.wikidata.org/entity/Q1490>	"東京都"@ja	<http://www.wikidata.org/entity/Q51929311>	"国内で人口1位の都市"@ja	<http://www.wikidata.org/entity/P131>	"位置する行政区画"@ja	<https://ja.wikipedia.org/wiki/%E6%9D%B1%E4%BA%AC%E9%83%BD>
<http://www.wikidata.org/entity/Q1490>	"東京都"@ja	<http://www.wikidata.org/entity/Q1637706>	"100万都市"@ja	<http://www.wikidata.org/entity/P131>	"位置する行政区画"@ja	<https://ja.wikipedia.org/wiki/%E6%9D%B1%E4%BA%AC%E9%83%BD>
<http://www.wikidata.org/entity/Q1490>	"東京都"@ja	<http://www.wikidata.org/entity/Q1549591>	"10万都市"@ja	<http://www.wikidata.org/entity/P131>	"位置する行政区画"@ja	<https://ja.wikipedia.org/wiki/%E6%9D%B1%E4%BA%AC%E9%83%BD>
<http://www.wikidata.org/entity/Q1490>	"東京都"@ja	<http://www.wikidata.org/entity/Q1200957>	"観光客の目的地"@ja	<http://www.wikidata.org/entity/P131>	"位置する行政区画"@ja	<https://ja.wikipedia.org/wiki/%E6%9D%B1%E4%BA%AC%E9%83%BD>
<http://www.wikidata.org/entity/Q1490>	"東京都"@ja	<http://www.wikidata.org/entity/Q1025961>	"日本の首都"@ja	<http://www.wikidata.org/entity/P131>	"位置する行政区画"@ja	<https://ja.wikipedia.org/wiki/%E6%9D%B1%E4%BA%AC%E9%83%BD>
<http://www.wikidata.org/entity/Q1490>	"東京都"@ja	<http://www.wikidata.org/entity/Q208511>	"世界都市"@ja	<http://www.wikidata.org/entity/P131>	"位置する行政区画"@ja	<https://ja.wikipedia.org/wiki/%E6%9D%B1%E4%BA%AC%E9%83%BD>
<http://www.wikidata.org/entity/Q1490>	"東京都"@ja	<http://www.wikidata.org/entity/Q200250>	"メトロポリス"@ja	<http://www.wikidata.org/entity/P131>	"位置する行政区画"@ja	<https://ja.wikipedia.org/wiki/%E6%9D%B1%E4%BA%AC%E9%83%BD>
<http://www.wikidata.org/entity/Q1490>	"東京都"@ja	<http://www.wikidata.org/entity/Q174844>	"メガシティ"@ja	<http://www.wikidata.org/entity/P131>	"位置する行政区画"@ja	<https://ja.wikipedia.org/wiki/%E6%9D%B1%E4%BA%AC%E9%83%BD>
<http://www.wikidata.org/entity/Q1490>	"東京都"@ja	<http://www.wikidata.org/entity/Q50337>	"都道府県"@ja	<http://www.wikidata.org/entity/P131>	"位置する行政区画"@ja	<https://ja.wikipedia.org/wiki/%E6%9D%B1%E4%BA%AC%E9%83%BD>
<http://www.wikidata.org/entity/Q1490>	"東京都"@ja	<http://www.wikidata.org/entity/Q5119>	"首都"@ja	<http://www.wikidata.org/entity/P131>	"位置する行政区画"@ja	<https://ja.wikipedia.org/wiki/%E6%9D%B1%E4%BA%AC%E9%83%BD>
<http://www.wikidata.org/entity/Q7041>	"UTC+9"@ja	<http://www.wikidata.org/entity/Q17272482>	"UTCとの時差で定義された標準時"@ja	<http://www.wikidata.org/entity/P421>	"標準時間帯"@ja	<https://ja.wikipedia.org/wiki/UTC%2B9>
<http://www.wikidata.org/entity/Q25634>	"ユリカモメ"@ja	<http://www.wikidata.org/entity/Q16521>	"タクソン"@ja	<http://www.wikidata.org/entity/P2238>	"公式シンボル"@ja	<https://ja.wikipedia.org/wiki/%E3%83%A6%E3%83%AA%E3%82%AB%E3%83%A2%E3%83%A1>
<http://www.wikidata.org/entity/Q141017>	"東京湾"@ja	<http://www.wikidata.org/entity/Q39594>	"湾"@ja	<http://www.wikidata.org/entity/P206>	"隣接・位置する水域"@ja	<https://ja.wikipedia.org/wiki/%E6%9D%B1%E4%BA%AC%E6%B9%BE>
<http://www.wikidata.org/entity/Q190088>	"港区"@ja	<http://www.wikidata.org/entity/Q5327704>	"日本の特別区"@ja	<http://www.wikidata.org/entity/P47>	"隣の国又は行政区画"@ja	<https://ja.wikipedia.org/wiki/%E6%B8%AF%E5%8C%BA_(%E6%9D%B1%E4%BA%AC%E9%83%BD)>
<http://www.wikidata.org/entity/Q37100>	"オークランド"@ja	<http://www.wikidata.org/entity/Q51929311>	"国内で人口1位の都市"@ja	<http://www.wikidata.org/entity/P190>	"姉妹都市"@ja	<https://ja.wikipedia.org/wiki/%E3%82%AA%E3%83%BC%E3%82%AF%E3%83%A9%E3%83%B3%E3%83%89_(%E3%83%8B%E3%83%A5%E3%83%BC%E3%82%B8%E3%83%BC%E3%83%A9%E3%83%B3%E3%83%89)>
<http://www.wikidata.org/entity/Q37100>	"オークランド"@ja	<http://www.wikidata.org/entity/Q2264924>	"港湾都市"@ja	<http://www.wikidata.org/entity/P190>	"姉妹都市"@ja	<https://ja.wikipedia.org/wiki/%E3%82%AA%E3%83%BC%E3%82%AF%E3%83%A9%E3%83%B3%E3%83%89_(%E3%83%8B%E3%83%A5%E3%83%BC%E3%82%B8%E3%83%BC%E3%83%A9%E3%83%B3%E3%83%89)>
<http://www.wikidata.org/entity/Q37100>	"オークランド"@ja	<http://www.wikidata.org/entity/Q1637706>	"100万都市"@ja	<http://www.wikidata.org/entity/P190>	"姉妹都市"@ja	<https://ja.wikipedia.org/wiki/%E3%82%AA%E3%83%BC%E3%82%AF%E3%83%A9%E3%83%B3%E3%83%89_(%E3%83%8B%E3%83%A5%E3%83%BC%E3%82%B8%E3%83%BC%E3%83%A9%E3%83%B3%E3%83%89)>
<http://www.wikidata.org/entity/Q37100>	"オークランド"@ja	<http://www.wikidata.org/entity/Q208511>	"世界都市"@ja	<http://www.wikidata.org/entity/P190>	"姉妹都市"@ja	<https://ja.wikipedia.org/wiki/%E3%82%AA%E3%83%BC%E3%82%AF%E3%83%A9%E3%83%B3%E3%83%89_(%E3%83%8B%E3%83%A5%E3%83%BC%E3%82%B8%E3%83%BC%E3%83%A9%E3%83%B3%E3%83%89)>
<http://www.wikidata.org/entity/Q37100>	"オークランド"@ja	<http://www.wikidata.org/entity/Q56061>	"行政区画"@ja	<http://www.wikidata.org/entity/P190>	"姉妹都市"@ja	<https://ja.wikipedia.org/wiki/%E3%82%AA%E3%83%BC%E3%82%AF%E3%83%A9%E3%83%B3%E3%83%89_(%E3%83%8B%E3%83%A5%E3%83%BC%E3%82%B8%E3%83%BC%E3%83%A9%E3%83%B3%E3%83%89)>
<http://www.wikidata.org/entity/Q37100>	"オークランド"@ja	<http://www.wikidata.org/entity/Q515>	"都市"@ja	<http://www.wikidata.org/entity/P190>	"姉妹都市"@ja	<https://ja.wikipedia.org/wiki/%E3%82%AA%E3%83%BC%E3%82%AF%E3%83%A9%E3%83%B3%E3%83%89_(%E3%83%8B%E3%83%A5%E3%83%BC%E3%82%B8%E3%83%BC%E3%83%A9%E3%83%B3%E3%83%89)>
<http://www.wikidata.org/entity/Q42292>	"カエデ属"@ja	<http://www.wikidata.org/entity/Q16521>	"タクソン"@ja	<http://www.wikidata.org/entity/P2238>	"公式シンボル"@ja	<https://ja.wikipedia.org/wiki/%E3%82%AB%E3%82%A8%E3%83%87>
<http://www.wikidata.org/entity/Q11365011>	"中延"@ja	<http://www.wikidata.org/entity/Q5327369>	"町丁"@ja	<http://www.wikidata.org/entity/P150>	"直下の行政区画"@ja	<https://ja.wikipedia.org/wiki/%E4%B8%AD%E5%BB%B6>
<http://www.wikidata.org/entity/Q11371772>	"二葉"@ja	<http://www.wikidata.org/entity/Q5327369>	"町丁"@ja	<http://www.wikidata.org/entity/P150>	"直下の行政区画"@ja	<https://ja.wikipedia.org/wiki/%E4%BA%8C%E8%91%89_(%E5%93%81%E5%B7%9D%E5%8C%BA)>
<http://www.wikidata.org/entity/Q11391529>	"八潮"@ja	<http://www.wikidata.org/entity/Q5327369>	"町丁"@ja	<http://www.wikidata.org/entity/P150>	"直下の行政区画"@ja	<https://ja.wikipedia.org/wiki/%E5%85%AB%E6%BD%AE_(%E5%93%81%E5%B7%9D%E5%8C%BA)>
<http://www.wikidata.org/entity/Q11400274>	"勝島"@ja	<http://www.wikidata.org/entity/Q5327369>	"町丁"@ja	<http://www.wikidata.org/entity/P150>	"直下の行政区画"@ja	<https://ja.wikipedia.org/wiki/%E5%8B%9D%E5%B3%B6>
<http://www.wikidata.org/entity/Q11400274>	"勝島"@ja	<http://www.wikidata.org/entity/Q13691>	"人工島"@ja	<http://www.wikidata.org/entity/P150>	"直下の行政区画"@ja	<https://ja.wikipedia.org/wiki/%E5%8B%9D%E5%B3%B6>
<http://www.wikidata.org/entity/Q11401302>	"北品川"@ja	<http://www.wikidata.org/entity/Q5327369>	"町丁"@ja	<http://www.wikidata.org/entity/P150>	"直下の行政区画"@ja	<https://ja.wikipedia.org/wiki/%E5%8C%97%E5%93%81%E5%B7%9D>
<http://www.wikidata.org/entity/Q11407596>	"南品川"@ja	<http://www.wikidata.org/entity/Q5327369>	"町丁"@ja	<http://www.wikidata.org/entity/P150>	"直下の行政区画"@ja	<https://ja.wikipedia.org/wiki/%E5%8D%97%E5%93%81%E5%B7%9D>
<http://www.wikidata.org/entity/Q11407665>	"南大井"@ja	<http://www.wikidata.org/entity/Q5327369>	"町丁"@ja	<http://www.wikidata.org/entity/P150>	"直下の行政区画"@ja	<https://ja.wikipedia.org/wiki/%E5%8D%97%E5%A4%A7%E4%BA%95>
<http://www.wikidata.org/entity/Q11418355>	"品川"@ja	<http://www.wikidata.org/entity/Q123705>	"地区"@ja	<http://www.wikidata.org/entity/P138>	"名前の由来"@ja	<https://ja.wikipedia.org/wiki/%E5%93%81%E5%B7%9D_(%E6%9D%B1%E4%BA%AC%E9%83%BD)>
<http://www.wikidata.org/entity/Q11418376>	"品川区役所"@ja	<http://www.wikidata.org/entity/Q543654>	"市庁舎"@ja	<http://www.wikidata.org/entity/P159>	"本部所在地"@ja	<https://ja.wikipedia.org/wiki/%E5%93%81%E5%B7%9D%E5%8C%BA%E5%BD%B9%E6%89%80>
<http://www.wikidata.org/entity/Q11432118>	"大井"@ja	<http://www.wikidata.org/entity/Q5327369>	"町丁"@ja	<http://www.wikidata.org/entity/P150>	"直下の行政区画"@ja	<https://ja.wikipedia.org/wiki/%E5%A4%A7%E4%BA%95_(%E5%93%81%E5%B7%9D%E5%8C%BA)>
<http://www.wikidata.org/entity/Q11432118>	"大井"@ja	<http://www.wikidata.org/entity/Q123705>	"地区"@ja	<http://www.wikidata.org/entity/P150>	"直下の行政区画"@ja	<https://ja.wikipedia.org/wiki/%E5%A4%A7%E4%BA%95_(%E5%93%81%E5%B7%9D%E5%8C%BA)>
<http://www.wikidata.org/entity/Q11459769>	"小山"@ja	<http://www.wikidata.org/entity/Q5327369>	"町丁"@ja	<http://www.wikidata.org/entity/P150>	"直下の行政区画"@ja	<https://ja.wikipedia.org/wiki/%E5%B0%8F%E5%B1%B1_(%E5%93%81%E5%B7%9D%E5%8C%BA)>
<http://www.wikidata.org/entity/Q11459826>	"小山台"@ja	<http://www.wikidata.org/entity/Q5327369>	"町丁"@ja	<http://www.wikidata.org/entity/P150>	"直下の行政区画"@ja	<https://ja.wikipedia.org/wiki/%E5%B0%8F%E5%B1%B1%E5%8F%B0>
<http://www.wikidata.org/entity/Q11482320>	"平塚"@ja	<http://www.wikidata.org/entity/Q5327369>	"町丁"@ja	<http://www.wikidata.org/entity/P150>	"直下の行政区画"@ja	<https://ja.wikipedia.org/wiki/%E5%B9%B3%E5%A1%9A_(%E5%93%81%E5%B7%9D%E5%8C%BA)>
<http://www.wikidata.org/entity/Q11485698>	"広町"@ja	<http://www.wikidata.org/entity/Q5327369>	"町丁"@ja	<http://www.wikidata.org/entity/P150>	"直下の行政区画"@ja	<https://ja.wikipedia.org/wiki/%E5%BA%83%E7%94%BA_(%E5%93%81%E5%B7%9D%E5%8C%BA)>
<http://www.wikidata.org/entity/Q11496624>	"戸越"@ja	<http://www.wikidata.org/entity/Q5327369>	"町丁"@ja	<http://www.wikidata.org/entity/P150>	"直下の行政区画"@ja	<https://ja.wikipedia.org/wiki/%E6%88%B8%E8%B6%8A>
<http://www.wikidata.org/entity/Q11504584>	"旗の台"@ja	<http://www.wikidata.org/entity/Q5327369>	"町丁"@ja	<http://www.wikidata.org/entity/P150>	"直下の行政区画"@ja	<https://ja.wikipedia.org/wiki/%E6%97%97%E3%81%AE%E5%8F%B0>
<http://www.wikidata.org/entity/Q11523884>	"東中延"@ja	<http://www.wikidata.org/entity/Q5327369>	"町丁"@ja	<http://www.wikidata.org/entity/P150>	"直下の行政区画"@ja	<https://ja.wikipedia.org/wiki/%E6%9D%B1%E4%B8%AD%E5%BB%B6>
<http://www.wikidata.org/entity/Q11526054>	"東八潮"@ja	<http://www.wikidata.org/entity/Q5327369>	"町丁"@ja	<http://www.wikidata.org/entity/P150>	"直下の行政区画"@ja	<https://ja.wikipedia.org/wiki/%E6%9D%B1%E5%85%AB%E6%BD%AE>
<http://www.wikidata.org/entity/Q11526367>	"東品川"@ja	<http://www.wikidata.org/entity/Q5327369>	"町丁"@ja	<http://www.wikidata.org/entity/P150>	"直下の行政区画"@ja	<https://ja.wikipedia.org/wiki/%E6%9D%B1%E5%93%81%E5%B7%9D>
<http://www.wikidata.org/entity/Q11526447>	"東大井"@ja	<http://www.wikidata.org/entity/Q5327369>	"町丁"@ja	<http://www.wikidata.org/entity/P150>	"直下の行政区画"@ja	<https://ja.wikipedia.org/wiki/%E6%9D%B1%E5%A4%A7%E4%BA%95>
<http://www.wikidata.org/entity/Q11618301>	"荏原"@ja	<http://www.wikidata.org/entity/Q5327369>	"町丁"@ja	<http://www.wikidata.org/entity/P150>	"直下の行政区画"@ja	<https://ja.wikipedia.org/wiki/%E8%8D%8F%E5%8E%9F_(%E5%93%81%E5%B7%9D%E5%8C%BA)>
<http://www.wikidata.org/entity/Q11618304>	"荏原区"@ja	<http://www.wikidata.org/entity/Q18663566>	"日本の廃止市区町村"@ja	<http://www.wikidata.org/entity/P1365>	"先行"@ja	<https://ja.wikipedia.org/wiki/%E8%8D%8F%E5%8E%9F%E5%8C%BA>
<http://www.wikidata.org/entity/Q11627115>	"西中延"@ja	<http://www.wikidata.org/entity/Q5327369>	"町丁"@ja	<http://www.wikidata.org/entity/P150>	"直下の行政区画"@ja	<https://ja.wikipedia.org/wiki/%E8%A5%BF%E4%B8%AD%E5%BB%B6>
<http://www.wikidata.org/entity/Q11627430>	"西品川"@ja	<http://www.wikidata.org/entity/Q5327369>	"町丁"@ja	<http://www.wikidata.org/entity/P150>	"直下の行政区画"@ja	<https://ja.wikipedia.org/wiki/%E8%A5%BF%E5%93%81%E5%B7%9D>
<http://www.wikidata.org/entity/Q11634180>	"豊町"@ja	<http://www.wikidata.org/entity/Q5327369>	"町丁"@ja	<http://www.wikidata.org/entity/P150>	"直下の行政区画"@ja	<https://ja.wikipedia.org/wiki/%E8%B1%8A%E7%94%BA_(%E5%93%81%E5%B7%9D%E5%8C%BA)>
<http://www.wikidata.org/entity/Q21019386>	"濱野健"@ja	<http://www.wikidata.org/entity/Q5>	"ヒト"@ja	<http://www.wikidata.org/entity/P6>	"行政府の長"@ja	<https://ja.wikipedia.org/wiki/%E6%BF%B1%E9%87%8E%E5%81%A5>
<http://www.wikidata.org/entity/Q24862042>	"品川区議会"@ja	<http://www.wikidata.org/entity/Q3154693>	"市町村議会"@ja	<http://www.wikidata.org/entity/P194>	"立法府"@ja	<https://ja.wikipedia.org/wiki/%E5%93%81%E5%B7%9D%E5%8C%BA%E8%AD%B0%E4%BC%9A>
<http://www.wikidata.org/entity/Q193638>	"渋谷区"@ja	<http://www.wikidata.org/entity/Q5327704>	"日本の特別区"@ja	<http://www.wikidata.org/entity/P47>	"隣の国又は行政区画"@ja	<https://ja.wikipedia.org/wiki/%E6%B8%8B%E8%B0%B7%E5%8C%BA>
<http://www.wikidata.org/entity/Q215175>	"江東区"@ja	<http://www.wikidata.org/entity/Q5327704>	"日本の特別区"@ja	<http://www.wikidata.org/entity/P47>	"隣の国又は行政区画"@ja	<https://ja.wikipedia.org/wiki/%E6%B1%9F%E6%9D%B1%E5%8C%BA>
<http://www.wikidata.org/entity/Q217234>	"大田区"@ja	<http://www.wikidata.org/entity/Q5327704>	"日本の特別区"@ja	<http://www.wikidata.org/entity/P47>	"隣の国又は行政区画"@ja	<https://ja.wikipedia.org/wiki/%E5%A4%A7%E7%94%B0%E5%8C%BA>
<http://www.wikidata.org/entity/Q233903>	"目黒区"@ja	<http://www.wikidata.org/entity/Q5327704>	"日本の特別区"@ja	<http://www.wikidata.org/entity/P47>	"隣の国又は行政区画"@ja	<https://ja.wikipedia.org/wiki/%E7%9B%AE%E9%BB%92%E5%8C%BA>
<http://www.wikidata.org/entity/Q308891>	"東京都区部"@ja	<http://www.wikidata.org/entity/Q13220204>	"第二級行政区画"@ja	<http://www.wikidata.org/entity/P361>	"以下の一部分"@ja	<https://ja.wikipedia.org/wiki/%E6%9D%B1%E4%BA%AC%E9%83%BD%E5%8C%BA%E9%83%A8>
<http://www.wikidata.org/entity/Q308891>	"東京都区部"@ja	<http://www.wikidata.org/entity/Q1850442>	"日本の行政区画"@ja	<http://www.wikidata.org/entity/P361>	"以下の一部分"@ja	<https://ja.wikipedia.org/wiki/%E6%9D%B1%E4%BA%AC%E9%83%BD%E5%8C%BA%E9%83%A8>
<http://www.wikidata.org/entity/Q1065400>	"シイ属"@ja	<http://www.wikidata.org/entity/Q16521>	"タクソン"@ja	<http://www.wikidata.org/entity/P2238>	"公式シンボル"@ja	<https://ja.wikipedia.org/wiki/%E3%82%B7%E3%82%A4>
<http://www.wikidata.org/entity/Q1207735>	"東京市"@ja	<http://www.wikidata.org/entity/Q18663566>	"日本の廃止市区町村"@ja	<http://www.wikidata.org/entity/P1365>	"先行"@ja	<https://ja.wikipedia.org/wiki/%E6%9D%B1%E4%BA%AC%E5%B8%82>
<http://www.wikidata.org/entity/Q1207735>	"東京市"@ja	<http://www.wikidata.org/entity/Q1025961>	"日本の首都"@ja	<http://www.wikidata.org/entity/P1365>	"先行"@ja	<https://ja.wikipedia.org/wiki/%E6%9D%B1%E4%BA%AC%E5%B8%82>
<http://www.wikidata.org/entity/Q1207735>	"東京市"@ja	<http://www.wikidata.org/entity/Q494721>	"日本の市"@ja	<http://www.wikidata.org/entity/P1365>	"先行"@ja	<https://ja.wikipedia.org/wiki/%E6%9D%B1%E4%BA%AC%E5%B8%82>
<http://www.wikidata.org/entity/Q3594047>	"大崎"@ja	<http://www.wikidata.org/entity/Q5327369>	"町丁"@ja	<http://www.wikidata.org/entity/P150>	"直下の行政区画"@ja	<https://ja.wikipedia.org/wiki/%E5%A4%A7%E5%B4%8E_(%E5%93%81%E5%B7%9D%E5%8C%BA)>
<http://www.wikidata.org/entity/Q4321518>	"西大井"@ja	<http://www.wikidata.org/entity/Q5327369>	"町丁"@ja	<http://www.wikidata.org/entity/P150>	"直下の行政区画"@ja	<https://ja.wikipedia.org/wiki/%E8%A5%BF%E5%A4%A7%E4%BA%95>
<http://www.wikidata.org/entity/Q5327704>	"日本の特別区"@ja	<http://www.wikidata.org/entity/Q15617994>	"行政区画の種類"@ja	<http://www.wikidata.org/entity/P31>	"分類"@ja	<https://ja.wikipedia.org/wiki/%E7%89%B9%E5%88%A5%E5%8C%BA>
<http://www.wikidata.org/entity/Q5366359>	"サツキ"@ja	<http://www.wikidata.org/entity/Q16521>	"タクソン"@ja	<http://www.wikidata.org/entity/P2238>	"公式シンボル"@ja	<https://ja.wikipedia.org/wiki/%E3%82%B5%E3%83%84%E3%82%AD>
<http://www.wikidata.org/entity/Q5754010>	"東五反田"@ja	<http://www.wikidata.org/entity/Q5327369>	"町丁"@ja	<http://www.wikidata.org/entity/P150>	"直下の行政区画"@ja	<https://ja.wikipedia.org/wiki/%E6%9D%B1%E4%BA%94%E5%8F%8D%E7%94%B0>
<http://www.wikidata.org/entity/Q6358670>	"上大崎"@ja	<http://www.wikidata.org/entity/Q5327369>	"町丁"@ja	<http://www.wikidata.org/entity/P150>	"直下の行政区画"@ja	<https://ja.wikipedia.org/wiki/%E4%B8%8A%E5%A4%A7%E5%B4%8E>
<http://www.wikidata.org/entity/Q6527108>	"Category:品川区"@ja	<http://www.wikidata.org/entity/Q4167836>	"ウィキメディアのカテゴリ"@ja	<http://www.wikidata.org/entity/P910>	"主題の中心カテゴリ"@ja	<https://ja.wikipedia.org/wiki/Category:%E5%93%81%E5%B7%9D%E5%8C%BA>
<http://www.wikidata.org/entity/Q7040550>	"西五反田"@ja	<http://www.wikidata.org/entity/Q5327369>	"町丁"@ja	<http://www.wikidata.org/entity/P150>	"直下の行政区画"@ja	<https://ja.wikipedia.org/wiki/%E8%A5%BF%E4%BA%94%E5%8F%8D%E7%94%B0>
<http://www.wikidata.org/entity/Q7473516>	"東京"@ja	<http://www.wikidata.org/entity/Q108178728>	"首都"@ja	<http://www.wikidata.org/entity/P361>	"以下の一部分"@ja	<https://ja.wikipedia.org/wiki/%E6%9D%B1%E4%BA%AC>
<http://www.wikidata.org/entity/Q7473516>	"東京"@ja	<http://www.wikidata.org/entity/Q1637706>	"100万都市"@ja	<http://www.wikidata.org/entity/P361>	"以下の一部分"@ja	<https://ja.wikipedia.org/wiki/%E6%9D%B1%E4%BA%AC>
<http://www.wikidata.org/entity/Q7473516>	"東京"@ja	<http://www.wikidata.org/entity/Q1066984>	"金融センター"@ja	<http://www.wikidata.org/entity/P361>	"以下の一部分"@ja	<https://ja.wikipedia.org/wiki/%E6%9D%B1%E4%BA%AC>
<http://www.wikidata.org/entity/Q7473516>	"東京"@ja	<http://www.wikidata.org/entity/Q208511>	"世界都市"@ja	<http://www.wikidata.org/entity/P361>	"以下の一部分"@ja	<https://ja.wikipedia.org/wiki/%E6%9D%B1%E4%BA%AC>
<http://www.wikidata.org/entity/Q7473516>	"東京"@ja	<http://www.wikidata.org/entity/Q200250>	"メトロポリス"@ja	<http://www.wikidata.org/entity/P361>	"以下の一部分"@ja	<https://ja.wikipedia.org/wiki/%E6%9D%B1%E4%BA%AC>
<http://www.wikidata.org/entity/Q758634>	"オークランド・シティ"@ja	<http://www.wikidata.org/entity/Q15063160>	"Q15063160"	<http://www.wikidata.org/entity/P190>	"姉妹都市"@ja	
<http://www.wikidata.org/entity/Q21694102>	"Q21694102"	<http://www.wikidata.org/entity/Q4167836>	"ウィキメディアのカテゴリ"@ja	<http://www.wikidata.org/entity/P1792>	"当地の人々のカテゴリ"@ja	
<http://www.wikidata.org/entity/Q32650663>	"Q32650663"	<http://www.wikidata.org/entity/Q4167836>	"ウィキメディアのカテゴリ"@ja	<http://www.wikidata.org/entity/P1464>	"当地生まれの人のカテゴリ"@ja	
<http://www.wikidata.org/entity/Q56437107>	"品川区長"@ja	<http://www.wikidata.org/entity/Q4164871>	"職位"@ja	<http://www.wikidata.org/entity/P1313>	"行政府の長の地位"@ja	
