?s	?sLabel	?type	?typeLabel	?prop	?propLabel	?jwiki
<http://www.wikidata.org/entity/Q17>	"日本"@ja	<http://www.wikidata.org/entity/Q113489728>	"OECD加盟国"@ja	<http://www.wikidata.org/entity/P17>	"国"@ja	<https://ja.wikipedia.org/wiki/%E6%97%A5%E6%9C%AC>
<http://www.wikidata.org/entity/Q17>	"日本"@ja	<http://www.wikidata.org/entity/Q3624078>	"主権国家"@ja	<http://www.wikidata.org/entity/P17>	"国"@ja	<https://ja.wikipedia.org/wiki/%E6%97%A5%E6%9C%AC>
<http://www.wikidata.org/entity/Q17>	"日本"@ja	<http://www.wikidata.org/entity/Q112099>	"島国"@ja	<http://www.wikidata.org/entity/P17>	"国"@ja	<https://ja.wikipedia.org/wiki/%E6%97%A5%E6%9C%AC>
<http://www.wikidata.org/entity/Q17>	"日本"@ja	<http://www.wikidata.org/entity/Q6256>	"国"@ja	<http://www.wikidata.org/entity/P17>	"国"@ja	<https://ja.wikipedia.org/wiki/%E6%97%A5%E6%9C%AC>
<http://www.wikidata.org/entity/Q1490>	"東京都"@ja	<http://www.wikidata.org/entity/Q51929311>	"国内で人口1位の都市"@ja	<http://www.wikidata.org/entity/P131>	"位置する行政区画"@ja	<https://ja.wikipedia.org/wiki/%E6%9D%B1%E4%BA%AC%E9%83%BD>
<http://www.wikidata.org/entity/Q1490>	"東京都"@ja	<http://www.wikidata.org/entity/Q1637706>	"100万都市"@ja	<http://www.wikidata.org/entity/P131>	"位置する行政区画"@ja	<https://ja.wikipedia.org/wiki/%E6%9D%B1%E4%BA%AC%E9%83%BD>
<http://www.wikidata.org/entity/Q1490>	"東京都"@ja	<http://www.wikidata.org/entity/Q1549591>	"10万都市"@ja	<http://www.wikidata.org/entity/P131>	"位置する行政区画"@ja	<https://ja.wikipedia.org/wiki/%E6%9D%B1%E4%BA%AC%E9%83%BD>
<http://www.wikidata.org/entity/Q1490>	"東京都"@ja	<http://www.wikidata.org/entity/Q1200957>	"観光客の目的地"@ja	<http://www.wikidata.org/entity/P131>	"位置する行政区画"@ja	<https://ja.wikipedia.org/wiki/%E6%9D%B1%E4%BA%AC%E9%83%BD>
<http://www.wikidata.org/entity/Q1490>	"東京都"@ja	<http://www.wikidata.org/entity/Q1025961>	"日本の首都"@ja	<http://www.wikidata.org/entity/P131>	"位置する行政区画"@ja	<https://ja.wikipedia.org/wiki/%E6%9D%B1%E4%BA%AC%E9%83%BD>
<http://www.wikidata.org/entity/Q1490>	"東京都"@ja	<http://www.wikidata.org/entity/Q208511>	"世界都市"@ja	<http://www.wikidata.org/entity/P131>	"位置する行政区画"@ja	<https://ja.wikipedia.org/wiki/%E6%9D%B1%E4%BA%AC%E9%83%BD>
<http://www.wikidata.org/entity/Q1490>	"東京都"@ja	<http://www.wikidata.org/entity/Q200250>	"メトロポリス"@ja	<http://www.wikidata.org/entity/P131>	"位置する行政区画"@ja	<https://ja.wikipedia.org/wiki/%E6%9D%B1%E4%BA%AC%E9%83%BD>
<http://www.wikidata.org/entity/Q1490>	"東京都"@ja	<http://www.wikidata.org/entity/Q174844>	"メガシティ"@ja	<http://www.wikidata.org/entity/P131>	"位置する行政区画"@ja	<https://ja.wikipedia.org/wiki/%E6%9D%B1%E4%BA%AC%E9%83%BD>
<http://www.wikidata.org/entity/Q1490>	"東京都"@ja	<http://www.wikidata.org/entity/Q50337>	"都道府県"@ja	<http://www.wikidata.org/entity/P131>	"位置する行政区画"@ja	<https://ja.wikipedia.org/wiki/%E6%9D%B1%E4%BA%AC%E9%83%BD>
<http://www.wikidata.org/entity/Q1490>	"東京都"@ja	<http://www.wikidata.org/entity/Q5119>	"首都"@ja	<http://www.wikidata.org/entity/P131>	"位置する行政区画"@ja	<https://ja.wikipedia.org/wiki/%E6%9D%B1%E4%BA%AC%E9%83%BD>
<http://www.wikidata.org/entity/Q2135>	"ウィニペグ"@ja	<http://www.wikidata.org/entity/Q1549591>	"10万都市"@ja	<http://www.wikidata.org/entity/P190>	"姉妹都市"@ja	<https://ja.wikipedia.org/wiki/%E3%82%A6%E3%82%A3%E3%83%8B%E3%83%9A%E3%82%B0>
<http://www.wikidata.org/entity/Q2135>	"ウィニペグ"@ja	<http://www.wikidata.org/entity/Q515>	"都市"@ja	<http://www.wikidata.org/entity/P190>	"姉妹都市"@ja	<https://ja.wikipedia.org/wiki/%E3%82%A6%E3%82%A3%E3%83%8B%E3%83%9A%E3%82%B0>
<http://www.wikidata.org/entity/Q193638>	"渋谷区"@ja	<http://www.wikidata.org/entity/Q5327704>	"日本の特別区"@ja	<http://www.wikidata.org/entity/P47>	"隣の国又は行政区画"@ja	<https://ja.wikipedia.org/wiki/%E6%B8%8B%E8%B0%B7%E5%8C%BA>
<http://www.wikidata.org/entity/Q210667>	"調布市"@ja	<http://www.wikidata.org/entity/Q1549591>	"10万都市"@ja	<http://www.wikidata.org/entity/P47>	"隣の国又は行政区画"@ja	<https://ja.wikipedia.org/wiki/%E8%AA%BF%E5%B8%83%E5%B8%82>
<http://www.wikidata.org/entity/Q210667>	"調布市"@ja	<http://www.wikidata.org/entity/Q494721>	"日本の市"@ja	<http://www.wikidata.org/entity/P47>	"隣の国又は行政区画"@ja	<https://ja.wikipedia.org/wiki/%E8%AA%BF%E5%B8%83%E5%B8%82>
<http://www.wikidata.org/entity/Q217234>	"大田区"@ja	<http://www.wikidata.org/entity/Q5327704>	"日本の特別区"@ja	<http://www.wikidata.org/entity/P47>	"隣の国又は行政区画"@ja	<https://ja.wikipedia.org/wiki/%E5%A4%A7%E7%94%B0%E5%8C%BA>
<http://www.wikidata.org/entity/Q86536>	"狛江市"@ja	<http://www.wikidata.org/entity/Q494721>	"日本の市"@ja	<http://www.wikidata.org/entity/P47>	"隣の国又は行政区画"@ja	<https://ja.wikipedia.org/wiki/%E7%8B%9B%E6%B1%9F%E5%B8%82>
<http://www.wikidata.org/entity/Q164234>	"川崎市"@ja	<http://www.wikidata.org/entity/Q1749269>	"政令指定都市"@ja	<http://www.wikidata.org/entity/P47>	"隣の国又は行政区画"@ja	<https://ja.wikipedia.org/wiki/%E5%B7%9D%E5%B4%8E%E5%B8%82>
<http://www.wikidata.org/entity/Q164234>	"川崎市"@ja	<http://www.wikidata.org/entity/Q1637706>	"100万都市"@ja	<http://www.wikidata.org/entity/P47>	"隣の国又は行政区画"@ja	<https://ja.wikipedia.org/wiki/%E5%B7%9D%E5%B4%8E%E5%B8%82>
<http://www.wikidata.org/entity/Q164234>	"川崎市"@ja	<http://www.wikidata.org/entity/Q691960>	"衛星都市"@ja	<http://www.wikidata.org/entity/P47>	"隣の国又は行政区画"@ja	<https://ja.wikipedia.org/wiki/%E5%B7%9D%E5%B4%8E%E5%B8%82>
<http://www.wikidata.org/entity/Q164234>	"川崎市"@ja	<http://www.wikidata.org/entity/Q494721>	"日本の市"@ja	<http://www.wikidata.org/entity/P47>	"隣の国又は行政区画"@ja	<https://ja.wikipedia.org/wiki/%E5%B7%9D%E5%B4%8E%E5%B8%82>
<http://www.wikidata.org/entity/Q7041>	"UTC+9"@ja	<http://www.wikidata.org/entity/Q17272482>	"UTCとの時差で定義された標準時"@ja	<http://www.wikidata.org/entity/P421>	"標準時間帯"@ja	<https://ja.wikipedia.org/wiki/UTC%2B9>
<http://www.wikidata.org/entity/Q11614114>	"船橋"@ja	<http://www.wikidata.org/entity/Q5327369>	"町丁"@ja	<http://www.wikidata.org/entity/P150>	"直下の行政区画"@ja	<https://ja.wikipedia.org/wiki/%E8%88%B9%E6%A9%8B_(%E4%B8%96%E7%94%B0%E8%B0%B7%E5%8C%BA)>
<http://www.wikidata.org/entity/Q11616454>	"若林"@ja	<http://www.wikidata.org/entity/Q5327369>	"町丁"@ja	<http://www.wikidata.org/entity/P150>	"直下の行政区画"@ja	<https://ja.wikipedia.org/wiki/%E8%8B%A5%E6%9E%97_(%E4%B8%96%E7%94%B0%E8%B0%B7%E5%8C%BA)>
<http://www.wikidata.org/entity/Q11634383>	"豪徳寺"@ja	<http://www.wikidata.org/entity/Q5327369>	"町丁"@ja	<http://www.wikidata.org/entity/P150>	"直下の行政区画"@ja	<https://ja.wikipedia.org/wiki/%E8%B1%AA%E5%BE%B3%E5%AF%BA_(%E5%9C%B0%E5%90%8D)>
<http://www.wikidata.org/entity/Q11635487>	"赤堤"@ja	<http://www.wikidata.org/entity/Q5327369>	"町丁"@ja	<http://www.wikidata.org/entity/P150>	"直下の行政区画"@ja	<https://ja.wikipedia.org/wiki/%E8%B5%A4%E5%A0%A4>
<http://www.wikidata.org/entity/Q11645744>	"野毛"@ja	<http://www.wikidata.org/entity/Q5327369>	"町丁"@ja	<http://www.wikidata.org/entity/P150>	"直下の行政区画"@ja	<https://ja.wikipedia.org/wiki/%E9%87%8E%E6%AF%9B_(%E4%B8%96%E7%94%B0%E8%B0%B7%E5%8C%BA)>
<http://www.wikidata.org/entity/Q11645753>	"野沢"@ja	<http://www.wikidata.org/entity/Q5327369>	"町丁"@ja	<http://www.wikidata.org/entity/P150>	"直下の行政区画"@ja	<https://ja.wikipedia.org/wiki/%E9%87%8E%E6%B2%A2_(%E4%B8%96%E7%94%B0%E8%B0%B7%E5%8C%BA)>
<http://www.wikidata.org/entity/Q11651018>	"鎌田"@ja	<http://www.wikidata.org/entity/Q5327369>	"町丁"@ja	<http://www.wikidata.org/entity/P150>	"直下の行政区画"@ja	<https://ja.wikipedia.org/wiki/%E9%8E%8C%E7%94%B0_(%E4%B8%96%E7%94%B0%E8%B0%B7%E5%8C%BA)>
<http://www.wikidata.org/entity/Q11668406>	"駒沢"@ja	<http://www.wikidata.org/entity/Q5327369>	"町丁"@ja	<http://www.wikidata.org/entity/P150>	"直下の行政区画"@ja	<https://ja.wikipedia.org/wiki/%E9%A7%92%E6%B2%A2>
<http://www.wikidata.org/entity/Q13479547>	"八幡山"@ja	<http://www.wikidata.org/entity/Q5327369>	"町丁"@ja	<http://www.wikidata.org/entity/P150>	"直下の行政区画"@ja	<https://ja.wikipedia.org/wiki/%E5%85%AB%E5%B9%A1%E5%B1%B1_(%E4%B8%96%E7%94%B0%E8%B0%B7%E5%8C%BA)>
<http://www.wikidata.org/entity/Q24862092>	"世田谷区議会"@ja	<http://www.wikidata.org/entity/Q3154693>	"市町村議会"@ja	<http://www.wikidata.org/entity/P194>	"立法府"@ja	<https://ja.wikipedia.org/wiki/%E4%B8%96%E7%94%B0%E8%B0%B7%E5%8C%BA%E8%AD%B0%E4%BC%9A>
<http://www.wikidata.org/entity/Q232631>	"杉並区"@ja	<http://www.wikidata.org/entity/Q5327704>	"日本の特別区"@ja	<http://www.wikidata.org/entity/P47>	"隣の国又は行政区画"@ja	<https://ja.wikipedia.org/wiki/%E6%9D%89%E4%B8%A6%E5%8C%BA>
<http://www.wikidata.org/entity/Q233903>	"目黒区"@ja	<http://www.wikidata.org/entity/Q5327704>	"日本の特別区"@ja	<http://www.wikidata.org/entity/P47>	"隣の国又は行政区画"@ja	<https://ja.wikipedia.org/wiki/%E7%9B%AE%E9%BB%92%E5%8C%BA>
<http://www.wikidata.org/entity/Q242885>	"三鷹市"@ja	<http://www.wikidata.org/entity/Q1549591>	"10万都市"@ja	<http://www.wikidata.org/entity/P47>	"隣の国又は行政区画"@ja	<https://ja.wikipedia.org/wiki/%E4%B8%89%E9%B7%B9%E5%B8%82>
<http://www.wikidata.org/entity/Q242885>	"三鷹市"@ja	<http://www.wikidata.org/entity/Q494721>	"日本の市"@ja	<http://www.wikidata.org/entity/P47>	"隣の国又は行政区画"@ja	<https://ja.wikipedia.org/wiki/%E4%B8%89%E9%B7%B9%E5%B8%82>
<http://www.wikidata.org/entity/Q308891>	"東京都区部"@ja	<http://www.wikidata.org/entity/Q13220204>	"第二級行政区画"@ja	<http://www.wikidata.org/entity/P361>	"以下の一部分"@ja	<https://ja.wikipedia.org/wiki/%E6%9D%B1%E4%BA%AC%E9%83%BD%E5%8C%BA%E9%83%A8>
<http://www.wikidata.org/entity/Q308891>	"東京都区部"@ja	<http://www.wikidata.org/entity/Q1850442>	"日本の行政区画"@ja	<http://www.wikidata.org/entity/P361>	"以下の一部分"@ja	<https://ja.wikipedia.org/wiki/%E6%9D%B1%E4%BA%AC%E9%83%BD%E5%8C%BA%E9%83%A8>
<http://www.wikidata.org/entity/Q11358523>	"上北沢"@ja	<http://www.wikidata.org/entity/Q5327369>	"町丁"@ja	<http://www.wikidata.org/entity/P150>	"直下の行政区画"@ja	<https://ja.wikipedia.org/wiki/%E4%B8%8A%E5%8C%97%E6%B2%A2>
<http://www.wikidata.org/entity/Q11359992>	"上祖師谷"@ja	<http://www.wikidata.org/entity/Q5327369>	"町丁"@ja	<http://www.wikidata.org/entity/P150>	"直下の行政区画"@ja	<https://ja.wikipedia.org/wiki/%E4%B8%8A%E7%A5%96%E5%B8%AB%E8%B0%B7>
<http://www.wikidata.org/entity/Q11360381>	"上野毛"@ja	<http://www.wikidata.org/entity/Q5327369>	"町丁"@ja	<http://www.wikidata.org/entity/P150>	"直下の行政区画"@ja	<https://ja.wikipedia.org/wiki/%E4%B8%8A%E9%87%8E%E6%AF%9B>
<http://www.wikidata.org/entity/Q11360530>	"上馬"@ja	<http://www.wikidata.org/entity/Q5327369>	"町丁"@ja	<http://www.wikidata.org/entity/P150>	"直下の行政区画"@ja	<https://ja.wikipedia.org/wiki/%E4%B8%8A%E9%A6%AC>
<http://www.wikidata.org/entity/Q11361498>	"下馬"@ja	<http://www.wikidata.org/entity/Q5327369>	"町丁"@ja	<http://www.wikidata.org/entity/P150>	"直下の行政区画"@ja	<https://ja.wikipedia.org/wiki/%E4%B8%8B%E9%A6%AC_(%E4%B8%96%E7%94%B0%E8%B0%B7%E5%8C%BA)>
<http://www.wikidata.org/entity/Q11362055>	"世田谷"@ja	<http://www.wikidata.org/entity/Q5327369>	"町丁"@ja	<http://www.wikidata.org/entity/P150>	"直下の行政区画"@ja	<https://ja.wikipedia.org/wiki/%E4%B8%96%E7%94%B0%E8%B0%B7_(%E4%B8%96%E7%94%B0%E8%B0%B7%E5%8C%BA)>
<http://www.wikidata.org/entity/Q11362063>	"世田谷区役所"@ja	<http://www.wikidata.org/entity/Q543654>	"市庁舎"@ja	<http://www.wikidata.org/entity/P159>	"本部所在地"@ja	<https://ja.wikipedia.org/wiki/%E4%B8%96%E7%94%B0%E8%B0%B7%E5%8C%BA%E5%BD%B9%E6%89%80>
<http://www.wikidata.org/entity/Q11366782>	"中町"@ja	<http://www.wikidata.org/entity/Q5327369>	"町丁"@ja	<http://www.wikidata.org/entity/P150>	"直下の行政区画"@ja	<https://ja.wikipedia.org/wiki/%E4%B8%AD%E7%94%BA_(%E4%B8%96%E7%94%B0%E8%B0%B7%E5%8C%BA)>
<http://www.wikidata.org/entity/Q11371454>	"二子玉川"@ja	<http://www.wikidata.org/entity/Q123705>	"地区"@ja	<http://www.wikidata.org/entity/P150>	"直下の行政区画"@ja	<https://ja.wikipedia.org/wiki/%E4%BA%8C%E5%AD%90%E7%8E%89%E5%B7%9D>
<http://www.wikidata.org/entity/Q11378267>	"代沢"@ja	<http://www.wikidata.org/entity/Q5327369>	"町丁"@ja	<http://www.wikidata.org/entity/P150>	"直下の行政区画"@ja	<https://ja.wikipedia.org/wiki/%E4%BB%A3%E6%B2%A2>
<http://www.wikidata.org/entity/Q11378283>	"代田"@ja	<http://www.wikidata.org/entity/Q5327369>	"町丁"@ja	<http://www.wikidata.org/entity/P150>	"直下の行政区画"@ja	<https://ja.wikipedia.org/wiki/%E4%BB%A3%E7%94%B0_(%E4%B8%96%E7%94%B0%E8%B0%B7%E5%8C%BA)>
<http://www.wikidata.org/entity/Q11402310>	"北沢地域"@ja	<http://www.wikidata.org/entity/Q2983893>	"クォーター"@ja	<http://www.wikidata.org/entity/P527>	"以下を含む"@ja	<https://ja.wikipedia.org/wiki/%E5%8C%97%E6%B2%A2%E5%9C%B0%E5%9F%9F>
<http://www.wikidata.org/entity/Q11405634>	"千歳台"@ja	<http://www.wikidata.org/entity/Q5327369>	"町丁"@ja	<http://www.wikidata.org/entity/P150>	"直下の行政区画"@ja	<https://ja.wikipedia.org/wiki/%E5%8D%83%E6%AD%B3%E5%8F%B0>
<http://www.wikidata.org/entity/Q11419178>	"喜多見"@ja	<http://www.wikidata.org/entity/Q5327369>	"町丁"@ja	<http://www.wikidata.org/entity/P150>	"直下の行政区画"@ja	<https://ja.wikipedia.org/wiki/%E5%96%9C%E5%A4%9A%E8%A6%8B>
<http://www.wikidata.org/entity/Q11433109>	"大原"@ja	<http://www.wikidata.org/entity/Q5327369>	"町丁"@ja	<http://www.wikidata.org/entity/P150>	"直下の行政区画"@ja	<https://ja.wikipedia.org/wiki/%E5%A4%A7%E5%8E%9F_(%E4%B8%96%E7%94%B0%E8%B0%B7%E5%8C%BA)>
<http://www.wikidata.org/entity/Q11438710>	"大蔵"@ja	<http://www.wikidata.org/entity/Q5327369>	"町丁"@ja	<http://www.wikidata.org/entity/P150>	"直下の行政区画"@ja	<https://ja.wikipedia.org/wiki/%E5%A4%A7%E8%94%B5_(%E4%B8%96%E7%94%B0%E8%B0%B7%E5%8C%BA)>
<http://www.wikidata.org/entity/Q11443862>	"太子堂"@ja	<http://www.wikidata.org/entity/Q5327369>	"町丁"@ja	<http://www.wikidata.org/entity/P150>	"直下の行政区画"@ja	<https://ja.wikipedia.org/wiki/%E5%A4%AA%E5%AD%90%E5%A0%82_(%E4%B8%96%E7%94%B0%E8%B0%B7%E5%8C%BA)>
<http://www.wikidata.org/entity/Q11445947>	"奥沢"@ja	<http://www.wikidata.org/entity/Q5327369>	"町丁"@ja	<http://www.wikidata.org/entity/P150>	"直下の行政区画"@ja	<https://ja.wikipedia.org/wiki/%E5%A5%A5%E6%B2%A2>
<http://www.wikidata.org/entity/Q11449262>	"宇奈根"@ja	<http://www.wikidata.org/entity/Q5327369>	"町丁"@ja	<http://www.wikidata.org/entity/P150>	"直下の行政区画"@ja	<https://ja.wikipedia.org/wiki/%E5%AE%87%E5%A5%88%E6%A0%B9>
<http://www.wikidata.org/entity/Q11453543>	"宮坂"@ja	<http://www.wikidata.org/entity/Q5327369>	"町丁"@ja	<http://www.wikidata.org/entity/P150>	"直下の行政区画"@ja	<https://ja.wikipedia.org/wiki/%E5%AE%AE%E5%9D%82>
<http://www.wikidata.org/entity/Q11465141>	"尾山台"@ja	<http://www.wikidata.org/entity/Q5327369>	"町丁"@ja	<http://www.wikidata.org/entity/P150>	"直下の行政区画"@ja	<https://ja.wikipedia.org/wiki/%E5%B0%BE%E5%B1%B1%E5%8F%B0>
<http://www.wikidata.org/entity/Q11473041>	"岡本"@ja	<http://www.wikidata.org/entity/Q5327369>	"町丁"@ja	<http://www.wikidata.org/entity/P150>	"直下の行政区画"@ja	<https://ja.wikipedia.org/wiki/%E5%B2%A1%E6%9C%AC_(%E4%B8%96%E7%94%B0%E8%B0%B7%E5%8C%BA)>
<http://www.wikidata.org/entity/Q11487492>	"弦巻"@ja	<http://www.wikidata.org/entity/Q5327369>	"町丁"@ja	<http://www.wikidata.org/entity/P150>	"直下の行政区画"@ja	<https://ja.wikipedia.org/wiki/%E5%BC%A6%E5%B7%BB>
<http://www.wikidata.org/entity/Q11503791>	"新町 (世田谷区)"@ja	<http://www.wikidata.org/entity/Q5327369>	"町丁"@ja	<http://www.wikidata.org/entity/P150>	"直下の行政区画"@ja	<https://ja.wikipedia.org/wiki/%E6%96%B0%E7%94%BA_(%E4%B8%96%E7%94%B0%E8%B0%B7%E5%8C%BA)>
<http://www.wikidata.org/entity/Q11528063>	"東玉川"@ja	<http://www.wikidata.org/entity/Q5327369>	"町丁"@ja	<http://www.wikidata.org/entity/P150>	"直下の行政区画"@ja	<https://ja.wikipedia.org/wiki/%E6%9D%B1%E7%8E%89%E5%B7%9D>
<http://www.wikidata.org/entity/Q11529332>	"松原"@ja	<http://www.wikidata.org/entity/Q5327369>	"町丁"@ja	<http://www.wikidata.org/entity/P150>	"直下の行政区画"@ja	<https://ja.wikipedia.org/wiki/%E6%9D%BE%E5%8E%9F_(%E4%B8%96%E7%94%B0%E8%B0%B7%E5%8C%BA)>
<http://www.wikidata.org/entity/Q11537657>	"桜"@ja	<http://www.wikidata.org/entity/Q5327369>	"町丁"@ja	<http://www.wikidata.org/entity/P150>	"直下の行政区画"@ja	<https://ja.wikipedia.org/wiki/%E6%A1%9C_(%E4%B8%96%E7%94%B0%E8%B0%B7%E5%8C%BA)>
<http://www.wikidata.org/entity/Q11537727>	"桜上水"@ja	<http://www.wikidata.org/entity/Q5327369>	"町丁"@ja	<http://www.wikidata.org/entity/P150>	"直下の行政区画"@ja	<https://ja.wikipedia.org/wiki/%E6%A1%9C%E4%B8%8A%E6%B0%B4>
<http://www.wikidata.org/entity/Q11537729>	"桜丘"@ja	<http://www.wikidata.org/entity/Q5327369>	"町丁"@ja	<http://www.wikidata.org/entity/P150>	"直下の行政区画"@ja	<https://ja.wikipedia.org/wiki/%E6%A1%9C%E4%B8%98_(%E4%B8%96%E7%94%B0%E8%B0%B7%E5%8C%BA)>
<http://www.wikidata.org/entity/Q11537729>	"桜丘"@ja	<http://www.wikidata.org/entity/Q3957>	"街"@ja	<http://www.wikidata.org/entity/P150>	"直下の行政区画"@ja	<https://ja.wikipedia.org/wiki/%E6%A1%9C%E4%B8%98_(%E4%B8%96%E7%94%B0%E8%B0%B7%E5%8C%BA)>
<http://www.wikidata.org/entity/Q11538061>	"桜新町"@ja	<http://www.wikidata.org/entity/Q5327369>	"町丁"@ja	<http://www.wikidata.org/entity/P150>	"直下の行政区画"@ja	<https://ja.wikipedia.org/wiki/%E6%A1%9C%E6%96%B0%E7%94%BA>
<http://www.wikidata.org/entity/Q11538381>	"梅丘"@ja	<http://www.wikidata.org/entity/Q5327369>	"町丁"@ja	<http://www.wikidata.org/entity/P150>	"直下の行政区画"@ja	<https://ja.wikipedia.org/wiki/%E6%A2%85%E4%B8%98>
<http://www.wikidata.org/entity/Q11551576>	"池尻"@ja	<http://www.wikidata.org/entity/Q5327369>	"町丁"@ja	<http://www.wikidata.org/entity/P150>	"直下の行政区画"@ja	<https://ja.wikipedia.org/wiki/%E6%B1%A0%E5%B0%BB_(%E4%B8%96%E7%94%B0%E8%B0%B7%E5%8C%BA)>
<http://www.wikidata.org/entity/Q11560085>	"深沢"@ja	<http://www.wikidata.org/entity/Q5327369>	"町丁"@ja	<http://www.wikidata.org/entity/P150>	"直下の行政区画"@ja	<https://ja.wikipedia.org/wiki/%E6%B7%B1%E6%B2%A2_(%E4%B8%96%E7%94%B0%E8%B0%B7%E5%8C%BA)>
<http://www.wikidata.org/entity/Q11566711>	"瀬田"@ja	<http://www.wikidata.org/entity/Q5327369>	"町丁"@ja	<http://www.wikidata.org/entity/P150>	"直下の行政区画"@ja	<https://ja.wikipedia.org/wiki/%E7%80%AC%E7%94%B0_(%E4%B8%96%E7%94%B0%E8%B0%B7%E5%8C%BA%E3%83%BB%E5%B7%9D%E5%B4%8E%E5%B8%82)>
<http://www.wikidata.org/entity/Q11567213>	"烏山"@ja	<http://www.wikidata.org/entity/Q5327369>	"町丁"@ja	<http://www.wikidata.org/entity/P150>	"直下の行政区画"@ja	<https://ja.wikipedia.org/wiki/%E7%83%8F%E5%B1%B1_(%E4%B8%96%E7%94%B0%E8%B0%B7%E5%8C%BA)>
<http://www.wikidata.org/entity/Q11572486>	"玉堤"@ja	<http://www.wikidata.org/entity/Q5327369>	"町丁"@ja	<http://www.wikidata.org/entity/P150>	"直下の行政区画"@ja	<https://ja.wikipedia.org/wiki/%E7%8E%89%E5%A0%A4>
<http://www.wikidata.org/entity/Q11572556>	"玉川地域"@ja	<http://www.wikidata.org/entity/Q56061>	"行政区画"@ja	<http://www.wikidata.org/entity/P527>	"以下を含む"@ja	<https://ja.wikipedia.org/wiki/%E7%8E%89%E5%B7%9D%E5%9C%B0%E5%9F%9F>
<http://www.wikidata.org/entity/Q11572583>	"玉川田園調布"@ja	<http://www.wikidata.org/entity/Q5327369>	"町丁"@ja	<http://www.wikidata.org/entity/P150>	"直下の行政区画"@ja	<https://ja.wikipedia.org/wiki/%E7%8E%89%E5%B7%9D%E7%94%B0%E5%9C%92%E8%AA%BF%E5%B8%83>
<http://www.wikidata.org/entity/Q11587571>	"砧"@ja	<http://www.wikidata.org/entity/Q5327369>	"町丁"@ja	<http://www.wikidata.org/entity/P150>	"直下の行政区画"@ja	<https://ja.wikipedia.org/wiki/%E7%A0%A7_(%E4%B8%96%E7%94%B0%E8%B0%B7%E5%8C%BA)>
<http://www.wikidata.org/entity/Q11588518>	"祖師谷"@ja	<http://www.wikidata.org/entity/Q5327369>	"町丁"@ja	<http://www.wikidata.org/entity/P150>	"直下の行政区画"@ja	<https://ja.wikipedia.org/wiki/%E7%A5%96%E5%B8%AB%E8%B0%B7>
<http://www.wikidata.org/entity/Q11602711>	"等々力"@ja	<http://www.wikidata.org/entity/Q5327369>	"町丁"@ja	<http://www.wikidata.org/entity/P150>	"直下の行政区画"@ja	<https://ja.wikipedia.org/wiki/%E7%AD%89%E3%80%85%E5%8A%9B_(%E4%B8%96%E7%94%B0%E8%B0%B7%E5%8C%BA)>
<http://www.wikidata.org/entity/Q11604497>	"粕谷"@ja	<http://www.wikidata.org/entity/Q5327369>	"町丁"@ja	<http://www.wikidata.org/entity/P150>	"直下の行政区画"@ja	<https://ja.wikipedia.org/wiki/%E7%B2%95%E8%B0%B7>
<http://www.wikidata.org/entity/Q11606408>	"経堂"@ja	<http://www.wikidata.org/entity/Q5327369>	"町丁"@ja	<http://www.wikidata.org/entity/P150>	"直下の行政区画"@ja	<https://ja.wikipedia.org/wiki/%E7%B5%8C%E5%A0%82>
<http://www.wikidata.org/entity/Q11606766>	"給田"@ja	<http://www.wikidata.org/entity/Q5327369>	"町丁"@ja	<http://www.wikidata.org/entity/P150>	"直下の行政区画"@ja	<https://ja.wikipedia.org/wiki/%E7%B5%A6%E7%94%B0_(%E4%B8%96%E7%94%B0%E8%B0%B7%E5%8C%BA)>
<http://www.wikidata.org/entity/Q11610223>	"羽根木"@ja	<http://www.wikidata.org/entity/Q5327369>	"町丁"@ja	<http://www.wikidata.org/entity/P150>	"直下の行政区画"@ja	<https://ja.wikipedia.org/wiki/%E7%BE%BD%E6%A0%B9%E6%9C%A8>
<http://www.wikidata.org/entity/Q503807>	"オナガ"@ja	<http://www.wikidata.org/entity/Q16521>	"タクソン"@ja	<http://www.wikidata.org/entity/P2238>	"公式シンボル"@ja	<https://ja.wikipedia.org/wiki/%E3%82%AA%E3%83%8A%E3%82%AC>
<http://www.wikidata.org/entity/Q920344>	"ケヤキ"@ja	<http://www.wikidata.org/entity/Q16521>	"タクソン"@ja	<http://www.wikidata.org/entity/P2238>	"公式シンボル"@ja	<https://ja.wikipedia.org/wiki/%E3%82%B1%E3%83%A4%E3%82%AD>
<http://www.wikidata.org/entity/Q1073077>	"サギソウ"@ja	<http://www.wikidata.org/entity/Q16521>	"タクソン"@ja	<http://www.wikidata.org/entity/P2238>	"公式シンボル"@ja	<https://ja.wikipedia.org/wiki/%E3%82%B5%E3%82%AE%E3%82%BD%E3%82%A6>
<http://www.wikidata.org/entity/Q1207735>	"東京市"@ja	<http://www.wikidata.org/entity/Q18663566>	"日本の廃止市区町村"@ja	<http://www.wikidata.org/entity/P1365>	"先行"@ja	<https://ja.wikipedia.org/wiki/%E6%9D%B1%E4%BA%AC%E5%B8%82>
<http://www.wikidata.org/entity/Q1207735>	"東京市"@ja	<http://www.wikidata.org/entity/Q1025961>	"日本の首都"@ja	<http://www.wikidata.org/entity/P1365>	"先行"@ja	<https://ja.wikipedia.org/wiki/%E6%9D%B1%E4%BA%AC%E5%B8%82>
<http://www.wikidata.org/entity/Q1207735>	"東京市"@ja	<http://www.wikidata.org/entity/Q494721>	"日本の市"@ja	<http://www.wikidata.org/entity/P1365>	"先行"@ja	<https://ja.wikipedia.org/wiki/%E6%9D%B1%E4%BA%AC%E5%B8%82>
<http://www.wikidata.org/entity/Q1995136>	"保坂展人"@ja	<http://www.wikidata.org/entity/Q5>	"ヒト"@ja	<http://www.wikidata.org/entity/P6>	"行政府の長"@ja	<https://ja.wikipedia.org/wiki/%E4%BF%9D%E5%9D%82%E5%B1%95%E4%BA%BA>
<http://www.wikidata.org/entity/Q4388776>	"砧公園"@ja	<http://www.wikidata.org/entity/Q95977092>	"東京都立公園"@ja	<http://www.wikidata.org/entity/P150>	"直下の行政区画"@ja	<https://ja.wikipedia.org/wiki/%E7%A0%A7%E5%85%AC%E5%9C%92>
<http://www.wikidata.org/entity/Q4388776>	"砧公園"@ja	<http://www.wikidata.org/entity/Q5327369>	"町丁"@ja	<http://www.wikidata.org/entity/P150>	"直下の行政区画"@ja	<https://ja.wikipedia.org/wiki/%E7%A0%A7%E5%85%AC%E5%9C%92>
<http://www.wikidata.org/entity/Q5327704>	"日本の特別区"@ja	<http://www.wikidata.org/entity/Q15617994>	"行政区画の種類"@ja	<http://www.wikidata.org/entity/P31>	"分類"@ja	<https://ja.wikipedia.org/wiki/%E7%89%B9%E5%88%A5%E5%8C%BA>
<http://www.wikidata.org/entity/Q6527097>	"Category:世田谷区"@ja	<http://www.wikidata.org/entity/Q4167836>	"ウィキメディアのカテゴリ"@ja	<http://www.wikidata.org/entity/P910>	"主題の中心カテゴリ"@ja	<https://ja.wikipedia.org/wiki/Category:%E4%B8%96%E7%94%B0%E8%B0%B7%E5%8C%BA>
<http://www.wikidata.org/entity/Q7037726>	"用賀"@ja	<http://www.wikidata.org/entity/Q5327369>	"町丁"@ja	<http://www.wikidata.org/entity/P150>	"直下の行政区画"@ja	<https://ja.wikipedia.org/wiki/%E7%94%A8%E8%B3%80>
<http://www.wikidata.org/entity/Q7473516>	"東京"@ja	<http://www.wikidata.org/entity/Q108178728>	"首都"@ja	<http://www.wikidata.org/entity/P361>	"以下の一部分"@ja	<https://ja.wikipedia.org/wiki/%E6%9D%B1%E4%BA%AC>
<http://www.wikidata.org/entity/Q7473516>	"東京"@ja	<http://www.wikidata.org/entity/Q1637706>	"100万都市"@ja	<http://www.wikidata.org/entity/P361>	"以下の一部分"@ja	<https://ja.wikipedia.org/wiki/%E6%9D%B1%E4%BA%AC>
<http://www.wikidata.org/entity/Q7473516>	"東京"@ja	<http://www.wikidata.org/entity/Q1066984>	"金融センター"@ja	<http://www.wikidata.org/entity/P361>	"以下の一部分"@ja	<https://ja.wikipedia.org/wiki/%E6%9D%B1%E4%BA%AC>
<http://www.wikidata.org/entity/Q7473516>	"東京"@ja	<http://www.wikidata.org/entity/Q208511>	"世界都市"@ja	<http://www.wikidata.org/entity/P361>	"以下の一部分"@ja	<https://ja.wikipedia.org/wiki/%E6%9D%B1%E4%BA%AC>
<http://www.wikidata.org/entity/Q7473516>	"東京"@ja	<http://www.wikidata.org/entity/Q200250>	"メトロポリス"@ja	<http://www.wikidata.org/entity/P361>	"以下の一部分"@ja	<https://ja.wikipedia.org/wiki/%E6%9D%B1%E4%BA%AC>
<http://www.wikidata.org/entity/Q11251371>	"成城"@ja	<http://www.wikidata.org/entity/Q5327369>	"町丁"@ja	<http://www.wikidata.org/entity/P150>	"直下の行政区画"@ja	<https://ja.wikipedia.org/wiki/%E6%88%90%E5%9F%8E>
<http://www.wikidata.org/entity/Q11355158>	"三宿"@ja	<http://www.wikidata.org/entity/Q5327369>	"町丁"@ja	<http://www.wikidata.org/entity/P150>	"直下の行政区画"@ja	<https://ja.wikipedia.org/wiki/%E4%B8%89%E5%AE%BF>
<http://www.wikidata.org/entity/Q11357338>	"三軒茶屋"@ja	<http://www.wikidata.org/entity/Q5327369>	"町丁"@ja	<http://www.wikidata.org/entity/P150>	"直下の行政区画"@ja	<https://ja.wikipedia.org/wiki/%E4%B8%89%E8%BB%92%E8%8C%B6%E5%B1%8B>
<http://www.wikidata.org/entity/Q8074560>	"Q8074560"	<http://www.wikidata.org/entity/Q4167836>	"ウィキメディアのカテゴリ"@ja	<http://www.wikidata.org/entity/P1464>	"当地生まれの人のカテゴリ"@ja	
<http://www.wikidata.org/entity/Q21686736>	"Q21686736"	<http://www.wikidata.org/entity/Q4167836>	"ウィキメディアのカテゴリ"@ja	<http://www.wikidata.org/entity/P1792>	"当地の人々のカテゴリ"@ja	
<http://www.wikidata.org/entity/Q55909286>	"Q55909286"	<http://www.wikidata.org/entity/Q4167836>	"ウィキメディアのカテゴリ"@ja	<http://www.wikidata.org/entity/P1465>	"当地で死んだ人のカテゴリ"@ja	
<http://www.wikidata.org/entity/Q56437122>	"世田谷区長"@ja	<http://www.wikidata.org/entity/Q4164871>	"職位"@ja	<http://www.wikidata.org/entity/P1313>	"行政府の長の地位"@ja	
<http://www.wikidata.org/entity/Q83982825>	"Q83982825"	<http://www.wikidata.org/entity/Q4167836>	"ウィキメディアのカテゴリ"@ja	<http://www.wikidata.org/entity/P7867>	"当地の地図のカテゴリ"@ja	
<http://www.wikidata.org/entity/Q93273037>	"北沢"@ja	<http://www.wikidata.org/entity/Q5327369>	"町丁"@ja	<http://www.wikidata.org/entity/P150>	"直下の行政区画"@ja	
<http://www.wikidata.org/entity/Q93321728>	"駒沢公園"@ja	<http://www.wikidata.org/entity/Q5327369>	"町丁"@ja	<http://www.wikidata.org/entity/P150>	"直下の行政区画"@ja	
