?s	?sLabel	?type	?typeLabel	?prop	?propLabel	?jwiki
<http://www.wikidata.org/entity/Q17>	"日本"@ja	<http://www.wikidata.org/entity/Q113489728>	"OECD加盟国"@ja	<http://www.wikidata.org/entity/P17>	"国"@ja	<https://ja.wikipedia.org/wiki/%E6%97%A5%E6%9C%AC>
<http://www.wikidata.org/entity/Q17>	"日本"@ja	<http://www.wikidata.org/entity/Q3624078>	"主権国家"@ja	<http://www.wikidata.org/entity/P17>	"国"@ja	<https://ja.wikipedia.org/wiki/%E6%97%A5%E6%9C%AC>
<http://www.wikidata.org/entity/Q17>	"日本"@ja	<http://www.wikidata.org/entity/Q112099>	"島国"@ja	<http://www.wikidata.org/entity/P17>	"国"@ja	<https://ja.wikipedia.org/wiki/%E6%97%A5%E6%9C%AC>
<http://www.wikidata.org/entity/Q17>	"日本"@ja	<http://www.wikidata.org/entity/Q6256>	"国"@ja	<http://www.wikidata.org/entity/P17>	"国"@ja	<https://ja.wikipedia.org/wiki/%E6%97%A5%E6%9C%AC>
<http://www.wikidata.org/entity/Q232631>	"杉並区"@ja	<http://www.wikidata.org/entity/Q5327704>	"日本の特別区"@ja	<http://www.wikidata.org/entity/P47>	"隣の国又は行政区画"@ja	<https://ja.wikipedia.org/wiki/%E6%9D%89%E4%B8%A6%E5%8C%BA>
<http://www.wikidata.org/entity/Q232635>	"板橋区"@ja	<http://www.wikidata.org/entity/Q5327704>	"日本の特別区"@ja	<http://www.wikidata.org/entity/P47>	"隣の国又は行政区画"@ja	<https://ja.wikipedia.org/wiki/%E6%9D%BF%E6%A9%8B%E5%8C%BA>
<http://www.wikidata.org/entity/Q232635>	"板橋区"@ja	<http://www.wikidata.org/entity/Q5327704>	"日本の特別区"@ja	<http://www.wikidata.org/entity/P1365>	"先行"@ja	<https://ja.wikipedia.org/wiki/%E6%9D%BF%E6%A9%8B%E5%8C%BA>
<http://www.wikidata.org/entity/Q232635>	"板橋区"@ja	<http://www.wikidata.org/entity/Q5327704>	"日本の特別区"@ja	<http://www.wikidata.org/entity/P807>	"以下より分立"@ja	<https://ja.wikipedia.org/wiki/%E6%9D%BF%E6%A9%8B%E5%8C%BA>
<http://www.wikidata.org/entity/Q1490>	"東京都"@ja	<http://www.wikidata.org/entity/Q51929311>	"国内で人口1位の都市"@ja	<http://www.wikidata.org/entity/P131>	"位置する行政区画"@ja	<https://ja.wikipedia.org/wiki/%E6%9D%B1%E4%BA%AC%E9%83%BD>
<http://www.wikidata.org/entity/Q1490>	"東京都"@ja	<http://www.wikidata.org/entity/Q1637706>	"100万都市"@ja	<http://www.wikidata.org/entity/P131>	"位置する行政区画"@ja	<https://ja.wikipedia.org/wiki/%E6%9D%B1%E4%BA%AC%E9%83%BD>
<http://www.wikidata.org/entity/Q1490>	"東京都"@ja	<http://www.wikidata.org/entity/Q1549591>	"10万都市"@ja	<http://www.wikidata.org/entity/P131>	"位置する行政区画"@ja	<https://ja.wikipedia.org/wiki/%E6%9D%B1%E4%BA%AC%E9%83%BD>
<http://www.wikidata.org/entity/Q1490>	"東京都"@ja	<http://www.wikidata.org/entity/Q1200957>	"観光客の目的地"@ja	<http://www.wikidata.org/entity/P131>	"位置する行政区画"@ja	<https://ja.wikipedia.org/wiki/%E6%9D%B1%E4%BA%AC%E9%83%BD>
<http://www.wikidata.org/entity/Q1490>	"東京都"@ja	<http://www.wikidata.org/entity/Q1025961>	"日本の首都"@ja	<http://www.wikidata.org/entity/P131>	"位置する行政区画"@ja	<https://ja.wikipedia.org/wiki/%E6%9D%B1%E4%BA%AC%E9%83%BD>
<http://www.wikidata.org/entity/Q1490>	"東京都"@ja	<http://www.wikidata.org/entity/Q208511>	"世界都市"@ja	<http://www.wikidata.org/entity/P131>	"位置する行政区画"@ja	<https://ja.wikipedia.org/wiki/%E6%9D%B1%E4%BA%AC%E9%83%BD>
<http://www.wikidata.org/entity/Q1490>	"東京都"@ja	<http://www.wikidata.org/entity/Q200250>	"メトロポリス"@ja	<http://www.wikidata.org/entity/P131>	"位置する行政区画"@ja	<https://ja.wikipedia.org/wiki/%E6%9D%B1%E4%BA%AC%E9%83%BD>
<http://www.wikidata.org/entity/Q1490>	"東京都"@ja	<http://www.wikidata.org/entity/Q174844>	"メガシティ"@ja	<http://www.wikidata.org/entity/P131>	"位置する行政区画"@ja	<https://ja.wikipedia.org/wiki/%E6%9D%B1%E4%BA%AC%E9%83%BD>
<http://www.wikidata.org/entity/Q1490>	"東京都"@ja	<http://www.wikidata.org/entity/Q50337>	"都道府県"@ja	<http://www.wikidata.org/entity/P131>	"位置する行政区画"@ja	<https://ja.wikipedia.org/wiki/%E6%9D%B1%E4%BA%AC%E9%83%BD>
<http://www.wikidata.org/entity/Q1490>	"東京都"@ja	<http://www.wikidata.org/entity/Q5119>	"首都"@ja	<http://www.wikidata.org/entity/P131>	"位置する行政区画"@ja	<https://ja.wikipedia.org/wiki/%E6%9D%B1%E4%BA%AC%E9%83%BD>
<http://www.wikidata.org/entity/Q189393>	"ツツジ"@ja	<http://www.wikidata.org/entity/Q16521>	"タクソン"@ja	<http://www.wikidata.org/entity/P2238>	"公式シンボル"@ja	<https://ja.wikipedia.org/wiki/%E3%83%84%E3%83%84%E3%82%B8>
<http://www.wikidata.org/entity/Q210661>	"武蔵野市"@ja	<http://www.wikidata.org/entity/Q1549591>	"10万都市"@ja	<http://www.wikidata.org/entity/P47>	"隣の国又は行政区画"@ja	<https://ja.wikipedia.org/wiki/%E6%AD%A6%E8%94%B5%E9%87%8E%E5%B8%82>
<http://www.wikidata.org/entity/Q210661>	"武蔵野市"@ja	<http://www.wikidata.org/entity/Q494721>	"日本の市"@ja	<http://www.wikidata.org/entity/P47>	"隣の国又は行政区画"@ja	<https://ja.wikipedia.org/wiki/%E6%AD%A6%E8%94%B5%E9%87%8E%E5%B8%82>
<http://www.wikidata.org/entity/Q7041>	"UTC+9"@ja	<http://www.wikidata.org/entity/Q17272482>	"UTCとの時差で定義された標準時"@ja	<http://www.wikidata.org/entity/P421>	"標準時間帯"@ja	<https://ja.wikipedia.org/wiki/UTC%2B9>
<http://www.wikidata.org/entity/Q11423512>	"土支田"@ja	<http://www.wikidata.org/entity/Q5327369>	"町丁"@ja	<http://www.wikidata.org/entity/P150>	"直下の行政区画"@ja	<https://ja.wikipedia.org/wiki/%E5%9C%9F%E6%94%AF%E7%94%B0>
<http://www.wikidata.org/entity/Q11456166>	"富士見台"@ja	<http://www.wikidata.org/entity/Q5327369>	"町丁"@ja	<http://www.wikidata.org/entity/P150>	"直下の行政区画"@ja	<https://ja.wikipedia.org/wiki/%E5%AF%8C%E5%A3%AB%E8%A6%8B%E5%8F%B0_(%E7%B7%B4%E9%A6%AC%E5%8C%BA)>
<http://www.wikidata.org/entity/Q11463314>	"小竹町"@ja	<http://www.wikidata.org/entity/Q5327369>	"町丁"@ja	<http://www.wikidata.org/entity/P150>	"直下の行政区画"@ja	<https://ja.wikipedia.org/wiki/%E5%B0%8F%E7%AB%B9%E7%94%BA_(%E7%B7%B4%E9%A6%AC%E5%8C%BA)>
<http://www.wikidata.org/entity/Q11482220>	"平和台"@ja	<http://www.wikidata.org/entity/Q5327369>	"町丁"@ja	<http://www.wikidata.org/entity/P150>	"直下の行政区画"@ja	<https://ja.wikipedia.org/wiki/%E5%B9%B3%E5%92%8C%E5%8F%B0_(%E7%B7%B4%E9%A6%AC%E5%8C%BA)>
<http://www.wikidata.org/entity/Q11511237>	"早宮"@ja	<http://www.wikidata.org/entity/Q5327369>	"町丁"@ja	<http://www.wikidata.org/entity/P150>	"直下の行政区画"@ja	<https://ja.wikipedia.org/wiki/%E6%97%A9%E5%AE%AE>
<http://www.wikidata.org/entity/Q11511631>	"旭丘"@ja	<http://www.wikidata.org/entity/Q5327369>	"町丁"@ja	<http://www.wikidata.org/entity/P150>	"直下の行政区画"@ja	<https://ja.wikipedia.org/wiki/%E6%97%AD%E4%B8%98_(%E7%B7%B4%E9%A6%AC%E5%8C%BA)>
<http://www.wikidata.org/entity/Q11511843>	"旭町"@ja	<http://www.wikidata.org/entity/Q5327369>	"町丁"@ja	<http://www.wikidata.org/entity/P150>	"直下の行政区画"@ja	<https://ja.wikipedia.org/wiki/%E6%97%AD%E7%94%BA_(%E7%B7%B4%E9%A6%AC%E5%8C%BA)>
<http://www.wikidata.org/entity/Q11513653>	"春日町"@ja	<http://www.wikidata.org/entity/Q5327369>	"町丁"@ja	<http://www.wikidata.org/entity/P150>	"直下の行政区画"@ja	<https://ja.wikipedia.org/wiki/%E6%98%A5%E6%97%A5%E7%94%BA_(%E7%B7%B4%E9%A6%AC%E5%8C%BA)>
<http://www.wikidata.org/entity/Q11535721>	"栄町"@ja	<http://www.wikidata.org/entity/Q5327369>	"町丁"@ja	<http://www.wikidata.org/entity/P150>	"直下の行政区画"@ja	<https://ja.wikipedia.org/wiki/%E6%A0%84%E7%94%BA_(%E7%B7%B4%E9%A6%AC%E5%8C%BA)>
<http://www.wikidata.org/entity/Q11537935>	"桜台"@ja	<http://www.wikidata.org/entity/Q5327369>	"町丁"@ja	<http://www.wikidata.org/entity/P150>	"直下の行政区画"@ja	<https://ja.wikipedia.org/wiki/%E6%A1%9C%E5%8F%B0_(%E7%B7%B4%E9%A6%AC%E5%8C%BA)>
<http://www.wikidata.org/entity/Q11549595>	"氷川台"@ja	<http://www.wikidata.org/entity/Q5327369>	"町丁"@ja	<http://www.wikidata.org/entity/P150>	"直下の行政区画"@ja	<https://ja.wikipedia.org/wiki/%E6%B0%B7%E5%B7%9D%E5%8F%B0>
<http://www.wikidata.org/entity/Q11577051>	"田柄"@ja	<http://www.wikidata.org/entity/Q5327369>	"町丁"@ja	<http://www.wikidata.org/entity/P150>	"直下の行政区画"@ja	<https://ja.wikipedia.org/wiki/%E7%94%B0%E6%9F%84>
<http://www.wikidata.org/entity/Q11587117>	"石神井台"@ja	<http://www.wikidata.org/entity/Q5327369>	"町丁"@ja	<http://www.wikidata.org/entity/P150>	"直下の行政区画"@ja	<https://ja.wikipedia.org/wiki/%E7%9F%B3%E7%A5%9E%E4%BA%95%E5%8F%B0>
<http://www.wikidata.org/entity/Q11587120>	"石神井町"@ja	<http://www.wikidata.org/entity/Q5327369>	"町丁"@ja	<http://www.wikidata.org/entity/P150>	"直下の行政区画"@ja	<https://ja.wikipedia.org/wiki/%E7%9F%B3%E7%A5%9E%E4%BA%95%E7%94%BA>
<http://www.wikidata.org/entity/Q11587120>	"石神井町"@ja	<http://www.wikidata.org/entity/Q1059478>	"日本の町"@ja	<http://www.wikidata.org/entity/P150>	"直下の行政区画"@ja	<https://ja.wikipedia.org/wiki/%E7%9F%B3%E7%A5%9E%E4%BA%95%E7%94%BA>
<http://www.wikidata.org/entity/Q11598257>	"立野町"@ja	<http://www.wikidata.org/entity/Q5327369>	"町丁"@ja	<http://www.wikidata.org/entity/P150>	"直下の行政区画"@ja	<https://ja.wikipedia.org/wiki/%E7%AB%8B%E9%87%8E%E7%94%BA_(%E7%B7%B4%E9%A6%AC%E5%8C%BA)>
<http://www.wikidata.org/entity/Q11608034>	"練馬"@ja	<http://www.wikidata.org/entity/Q5327369>	"町丁"@ja	<http://www.wikidata.org/entity/P150>	"直下の行政区画"@ja	<https://ja.wikipedia.org/wiki/%E7%B7%B4%E9%A6%AC_(%E7%B7%B4%E9%A6%AC%E5%8C%BA)>
<http://www.wikidata.org/entity/Q11608081>	"練馬大根"@ja	<http://www.wikidata.org/entity/Q4886>	"栽培品種"@ja	<http://www.wikidata.org/entity/P868>	"名産品"@ja	<https://ja.wikipedia.org/wiki/%E7%B7%B4%E9%A6%AC%E5%A4%A7%E6%A0%B9>
<http://www.wikidata.org/entity/Q11610240>	"羽沢"@ja	<http://www.wikidata.org/entity/Q5327369>	"町丁"@ja	<http://www.wikidata.org/entity/P150>	"直下の行政区画"@ja	<https://ja.wikipedia.org/wiki/%E7%BE%BD%E6%B2%A2_(%E7%B7%B4%E9%A6%AC%E5%8C%BA)>
<http://www.wikidata.org/entity/Q11632648>	"谷原"@ja	<http://www.wikidata.org/entity/Q5327369>	"町丁"@ja	<http://www.wikidata.org/entity/P150>	"直下の行政区画"@ja	<https://ja.wikipedia.org/wiki/%E8%B0%B7%E5%8E%9F>
<http://www.wikidata.org/entity/Q11633962>	"豊玉北"@ja	<http://www.wikidata.org/entity/Q5327369>	"町丁"@ja	<http://www.wikidata.org/entity/P150>	"直下の行政区画"@ja	<https://ja.wikipedia.org/wiki/%E8%B1%8A%E7%8E%89%E5%8C%97>
<http://www.wikidata.org/entity/Q11633960>	"豊玉上"@ja	<http://www.wikidata.org/entity/Q5327369>	"町丁"@ja	<http://www.wikidata.org/entity/P150>	"直下の行政区画"@ja	<https://ja.wikipedia.org/wiki/%E8%B1%8A%E7%8E%89%E4%B8%8A>
<http://www.wikidata.org/entity/Q11633961>	"豊玉中"@ja	<http://www.wikidata.org/entity/Q5327369>	"町丁"@ja	<http://www.wikidata.org/entity/P150>	"直下の行政区画"@ja	<https://ja.wikipedia.org/wiki/%E8%B1%8A%E7%8E%89%E4%B8%AD>
<http://www.wikidata.org/entity/Q11633964>	"豊玉南"@ja	<http://www.wikidata.org/entity/Q5327369>	"町丁"@ja	<http://www.wikidata.org/entity/P150>	"直下の行政区画"@ja	<https://ja.wikipedia.org/wiki/%E8%B1%8A%E7%8E%89%E5%8D%97>
<http://www.wikidata.org/entity/Q11634697>	"貫井"@ja	<http://www.wikidata.org/entity/Q5327369>	"町丁"@ja	<http://www.wikidata.org/entity/P150>	"直下の行政区画"@ja	<https://ja.wikipedia.org/wiki/%E8%B2%AB%E4%BA%95>
<http://www.wikidata.org/entity/Q11650408>	"錦"@ja	<http://www.wikidata.org/entity/Q5327369>	"町丁"@ja	<http://www.wikidata.org/entity/P150>	"直下の行政区画"@ja	<https://ja.wikipedia.org/wiki/%E9%8C%A6_(%E7%B7%B4%E9%A6%AC%E5%8C%BA)>
<http://www.wikidata.org/entity/Q11656138>	"関町北"@ja	<http://www.wikidata.org/entity/Q5327369>	"町丁"@ja	<http://www.wikidata.org/entity/P150>	"直下の行政区画"@ja	<https://ja.wikipedia.org/wiki/%E9%96%A2%E7%94%BA%E5%8C%97>
<http://www.wikidata.org/entity/Q11656137>	"関町南"@ja	<http://www.wikidata.org/entity/Q5327369>	"町丁"@ja	<http://www.wikidata.org/entity/P150>	"直下の行政区画"@ja	<https://ja.wikipedia.org/wiki/%E9%96%A2%E7%94%BA%E5%8D%97>
<http://www.wikidata.org/entity/Q11656140>	"関町東"@ja	<http://www.wikidata.org/entity/Q5327369>	"町丁"@ja	<http://www.wikidata.org/entity/P150>	"直下の行政区画"@ja	<https://ja.wikipedia.org/wiki/%E9%96%A2%E7%94%BA%E6%9D%B1>
<http://www.wikidata.org/entity/Q11670259>	"高松"@ja	<http://www.wikidata.org/entity/Q5327369>	"町丁"@ja	<http://www.wikidata.org/entity/P150>	"直下の行政区画"@ja	<https://ja.wikipedia.org/wiki/%E9%AB%98%E6%9D%BE_(%E7%B7%B4%E9%A6%AC%E5%8C%BA)>
<http://www.wikidata.org/entity/Q11673028>	"高野台"@ja	<http://www.wikidata.org/entity/Q5327369>	"町丁"@ja	<http://www.wikidata.org/entity/P150>	"直下の行政区画"@ja	<https://ja.wikipedia.org/wiki/%E9%AB%98%E9%87%8E%E5%8F%B0_(%E7%B7%B4%E9%A6%AC%E5%8C%BA)>
<http://www.wikidata.org/entity/Q17221038>	"前川燿男"@ja	<http://www.wikidata.org/entity/Q5>	"ヒト"@ja	<http://www.wikidata.org/entity/P6>	"行政府の長"@ja	<https://ja.wikipedia.org/wiki/%E5%89%8D%E5%B7%9D%E7%87%BF%E7%94%B7>
<http://www.wikidata.org/entity/Q24862263>	"練馬区議会"@ja	<http://www.wikidata.org/entity/Q3154693>	"市町村議会"@ja	<http://www.wikidata.org/entity/P194>	"立法府"@ja	<https://ja.wikipedia.org/wiki/%E7%B7%B4%E9%A6%AC%E5%8C%BA%E8%AD%B0%E4%BC%9A>
<http://www.wikidata.org/entity/Q55526413>	"ねり丸"@ja	<http://www.wikidata.org/entity/Q99965684>	"擬人化したウマ"@ja	<http://www.wikidata.org/entity/P822>	"マスコット"@ja	<https://ja.wikipedia.org/wiki/%E3%81%AD%E3%82%8A%E4%B8%B8>
<http://www.wikidata.org/entity/Q55526413>	"ねり丸"@ja	<http://www.wikidata.org/entity/Q80447738>	"日本のアニメの登場人物"@ja	<http://www.wikidata.org/entity/P822>	"マスコット"@ja	<https://ja.wikipedia.org/wiki/%E3%81%AD%E3%82%8A%E4%B8%B8>
<http://www.wikidata.org/entity/Q55526413>	"ねり丸"@ja	<http://www.wikidata.org/entity/Q11280995>	"ゆるキャラ"@ja	<http://www.wikidata.org/entity/P822>	"マスコット"@ja	<https://ja.wikipedia.org/wiki/%E3%81%AD%E3%82%8A%E4%B8%B8>
<http://www.wikidata.org/entity/Q942409>	"コブシ"@ja	<http://www.wikidata.org/entity/Q16521>	"タクソン"@ja	<http://www.wikidata.org/entity/P2238>	"公式シンボル"@ja	<https://ja.wikipedia.org/wiki/%E3%82%B3%E3%83%96%E3%82%B7>
<http://www.wikidata.org/entity/Q2616063>	"武蔵野台地"@ja	<http://www.wikidata.org/entity/Q75520>	"高原"@ja	<http://www.wikidata.org/entity/P706>	"位置する地形"@ja	<https://ja.wikipedia.org/wiki/%E6%AD%A6%E8%94%B5%E9%87%8E%E5%8F%B0%E5%9C%B0>
<http://www.wikidata.org/entity/Q5327704>	"日本の特別区"@ja	<http://www.wikidata.org/entity/Q15617994>	"行政区画の種類"@ja	<http://www.wikidata.org/entity/P31>	"分類"@ja	<https://ja.wikipedia.org/wiki/%E7%89%B9%E5%88%A5%E5%8C%BA>
<http://www.wikidata.org/entity/Q5754186>	"東大泉"@ja	<http://www.wikidata.org/entity/Q5327369>	"町丁"@ja	<http://www.wikidata.org/entity/P150>	"直下の行政区画"@ja	<https://ja.wikipedia.org/wiki/%E6%9D%B1%E5%A4%A7%E6%B3%89>
<http://www.wikidata.org/entity/Q6527074>	"Category:練馬区"@ja	<http://www.wikidata.org/entity/Q4167836>	"ウィキメディアのカテゴリ"@ja	<http://www.wikidata.org/entity/P910>	"主題の中心カテゴリ"@ja	<https://ja.wikipedia.org/wiki/Category:%E7%B7%B4%E9%A6%AC%E5%8C%BA>
<http://www.wikidata.org/entity/Q6863132>	"南大泉"@ja	<http://www.wikidata.org/entity/Q5327369>	"町丁"@ja	<http://www.wikidata.org/entity/P150>	"直下の行政区画"@ja	<https://ja.wikipedia.org/wiki/%E5%8D%97%E5%A4%A7%E6%B3%89>
<http://www.wikidata.org/entity/Q7040778>	"西大泉"@ja	<http://www.wikidata.org/entity/Q5327369>	"町丁"@ja	<http://www.wikidata.org/entity/P150>	"直下の行政区画"@ja	<https://ja.wikipedia.org/wiki/%E8%A5%BF%E5%A4%A7%E6%B3%89>
<http://www.wikidata.org/entity/Q7040779>	"西大泉町"@ja	<http://www.wikidata.org/entity/Q5327369>	"町丁"@ja	<http://www.wikidata.org/entity/P150>	"直下の行政区画"@ja	<https://ja.wikipedia.org/wiki/%E8%A5%BF%E5%A4%A7%E6%B3%89%E7%94%BA>
<http://www.wikidata.org/entity/Q7040779>	"西大泉町"@ja	<http://www.wikidata.org/entity/Q933394>	"飛地"@ja	<http://www.wikidata.org/entity/P150>	"直下の行政区画"@ja	<https://ja.wikipedia.org/wiki/%E8%A5%BF%E5%A4%A7%E6%B3%89%E7%94%BA>
<http://www.wikidata.org/entity/Q7040779>	"西大泉町"@ja	<http://www.wikidata.org/entity/Q171441>	"包領"@ja	<http://www.wikidata.org/entity/P150>	"直下の行政区画"@ja	<https://ja.wikipedia.org/wiki/%E8%A5%BF%E5%A4%A7%E6%B3%89%E7%94%BA>
<http://www.wikidata.org/entity/Q8081530>	"大泉町"@ja	<http://www.wikidata.org/entity/Q5327369>	"町丁"@ja	<http://www.wikidata.org/entity/P150>	"直下の行政区画"@ja	<https://ja.wikipedia.org/wiki/%E5%A4%A7%E6%B3%89%E7%94%BA_(%E7%B7%B4%E9%A6%AC%E5%8C%BA)>
<http://www.wikidata.org/entity/Q8214186>	"大泉学園町"@ja	<http://www.wikidata.org/entity/Q5327369>	"町丁"@ja	<http://www.wikidata.org/entity/P150>	"直下の行政区画"@ja	<https://ja.wikipedia.org/wiki/%E5%A4%A7%E6%B3%89%E5%AD%A6%E5%9C%92%E7%94%BA>
<http://www.wikidata.org/entity/Q11354540>	"三原台"@ja	<http://www.wikidata.org/entity/Q5327369>	"町丁"@ja	<http://www.wikidata.org/entity/P150>	"直下の行政区画"@ja	<https://ja.wikipedia.org/wiki/%E4%B8%89%E5%8E%9F%E5%8F%B0_(%E7%B7%B4%E9%A6%AC%E5%8C%BA)>
<http://www.wikidata.org/entity/Q11359982>	"上石神井"@ja	<http://www.wikidata.org/entity/Q5327369>	"町丁"@ja	<http://www.wikidata.org/entity/P150>	"直下の行政区画"@ja	<https://ja.wikipedia.org/wiki/%E4%B8%8A%E7%9F%B3%E7%A5%9E%E4%BA%95>
<http://www.wikidata.org/entity/Q11359983>	"上石神井南町"@ja	<http://www.wikidata.org/entity/Q5327369>	"町丁"@ja	<http://www.wikidata.org/entity/P150>	"直下の行政区画"@ja	<https://ja.wikipedia.org/wiki/%E4%B8%8A%E7%9F%B3%E7%A5%9E%E4%BA%95%E5%8D%97%E7%94%BA>
<http://www.wikidata.org/entity/Q11361249>	"下石神井"@ja	<http://www.wikidata.org/entity/Q5327369>	"町丁"@ja	<http://www.wikidata.org/entity/P150>	"直下の行政区画"@ja	<https://ja.wikipedia.org/wiki/%E4%B8%8B%E7%9F%B3%E7%A5%9E%E4%BA%95>
<http://www.wikidata.org/entity/Q11365163>	"中村"@ja	<http://www.wikidata.org/entity/Q5327369>	"町丁"@ja	<http://www.wikidata.org/entity/P150>	"直下の行政区画"@ja	<https://ja.wikipedia.org/wiki/%E4%B8%AD%E6%9D%91_(%E7%B7%B4%E9%A6%AC%E5%8C%BA)>
<http://www.wikidata.org/entity/Q11365380>	"中村北"@ja	<http://www.wikidata.org/entity/Q5327369>	"町丁"@ja	<http://www.wikidata.org/entity/P150>	"直下の行政区画"@ja	<https://ja.wikipedia.org/wiki/%E4%B8%AD%E6%9D%91%E5%8C%97>
<http://www.wikidata.org/entity/Q11365393>	"中村南"@ja	<http://www.wikidata.org/entity/Q5327369>	"町丁"@ja	<http://www.wikidata.org/entity/P150>	"直下の行政区画"@ja	<https://ja.wikipedia.org/wiki/%E4%B8%AD%E6%9D%91%E5%8D%97_(%E7%B7%B4%E9%A6%AC%E5%8C%BA)>
<http://www.wikidata.org/entity/Q11388203>	"光が丘"@ja	<http://www.wikidata.org/entity/Q5327369>	"町丁"@ja	<http://www.wikidata.org/entity/P150>	"直下の行政区画"@ja	<https://ja.wikipedia.org/wiki/%E5%85%89%E3%81%8C%E4%B8%98_(%E7%B7%B4%E9%A6%AC%E5%8C%BA)>
<http://www.wikidata.org/entity/Q11403835>	"北町"@ja	<http://www.wikidata.org/entity/Q5327369>	"町丁"@ja	<http://www.wikidata.org/entity/P150>	"直下の行政区画"@ja	<https://ja.wikipedia.org/wiki/%E5%8C%97%E7%94%BA_(%E7%B7%B4%E9%A6%AC%E5%8C%BA)>
<http://www.wikidata.org/entity/Q11408245>	"南田中"@ja	<http://www.wikidata.org/entity/Q5327369>	"町丁"@ja	<http://www.wikidata.org/entity/P150>	"直下の行政区画"@ja	<https://ja.wikipedia.org/wiki/%E5%8D%97%E7%94%B0%E4%B8%AD>
<http://www.wikidata.org/entity/Q11415929>	"向山"@ja	<http://www.wikidata.org/entity/Q5327369>	"町丁"@ja	<http://www.wikidata.org/entity/P150>	"直下の行政区画"@ja	<https://ja.wikipedia.org/wiki/%E5%90%91%E5%B1%B1_(%E7%B7%B4%E9%A6%AC%E5%8C%BA)>
<http://www.wikidata.org/entity/Q234087>	"中野区"@ja	<http://www.wikidata.org/entity/Q5327704>	"日本の特別区"@ja	<http://www.wikidata.org/entity/P47>	"隣の国又は行政区画"@ja	<https://ja.wikipedia.org/wiki/%E4%B8%AD%E9%87%8E%E5%8C%BA>
<http://www.wikidata.org/entity/Q236680>	"豊島区"@ja	<http://www.wikidata.org/entity/Q5327704>	"日本の特別区"@ja	<http://www.wikidata.org/entity/P47>	"隣の国又は行政区画"@ja	<https://ja.wikipedia.org/wiki/%E8%B1%8A%E5%B3%B6%E5%8C%BA>
<http://www.wikidata.org/entity/Q242882>	"西東京市"@ja	<http://www.wikidata.org/entity/Q1549591>	"10万都市"@ja	<http://www.wikidata.org/entity/P47>	"隣の国又は行政区画"@ja	<https://ja.wikipedia.org/wiki/%E8%A5%BF%E6%9D%B1%E4%BA%AC%E5%B8%82>
<http://www.wikidata.org/entity/Q242882>	"西東京市"@ja	<http://www.wikidata.org/entity/Q494721>	"日本の市"@ja	<http://www.wikidata.org/entity/P47>	"隣の国又は行政区画"@ja	<https://ja.wikipedia.org/wiki/%E8%A5%BF%E6%9D%B1%E4%BA%AC%E5%B8%82>
<http://www.wikidata.org/entity/Q308891>	"東京都区部"@ja	<http://www.wikidata.org/entity/Q13220204>	"第二級行政区画"@ja	<http://www.wikidata.org/entity/P361>	"以下の一部分"@ja	<https://ja.wikipedia.org/wiki/%E6%9D%B1%E4%BA%AC%E9%83%BD%E5%8C%BA%E9%83%A8>
<http://www.wikidata.org/entity/Q308891>	"東京都区部"@ja	<http://www.wikidata.org/entity/Q1850442>	"日本の行政区画"@ja	<http://www.wikidata.org/entity/P361>	"以下の一部分"@ja	<https://ja.wikipedia.org/wiki/%E6%9D%B1%E4%BA%AC%E9%83%BD%E5%8C%BA%E9%83%A8>
<http://www.wikidata.org/entity/Q386691>	"新座市"@ja	<http://www.wikidata.org/entity/Q1549591>	"10万都市"@ja	<http://www.wikidata.org/entity/P47>	"隣の国又は行政区画"@ja	<https://ja.wikipedia.org/wiki/%E6%96%B0%E5%BA%A7%E5%B8%82>
<http://www.wikidata.org/entity/Q386691>	"新座市"@ja	<http://www.wikidata.org/entity/Q494721>	"日本の市"@ja	<http://www.wikidata.org/entity/P47>	"隣の国又は行政区画"@ja	<https://ja.wikipedia.org/wiki/%E6%96%B0%E5%BA%A7%E5%B8%82>
<http://www.wikidata.org/entity/Q646834>	"朝霞市"@ja	<http://www.wikidata.org/entity/Q1549591>	"10万都市"@ja	<http://www.wikidata.org/entity/P47>	"隣の国又は行政区画"@ja	<https://ja.wikipedia.org/wiki/%E6%9C%9D%E9%9C%9E%E5%B8%82>
<http://www.wikidata.org/entity/Q646834>	"朝霞市"@ja	<http://www.wikidata.org/entity/Q494721>	"日本の市"@ja	<http://www.wikidata.org/entity/P47>	"隣の国又は行政区画"@ja	<https://ja.wikipedia.org/wiki/%E6%9C%9D%E9%9C%9E%E5%B8%82>
<http://www.wikidata.org/entity/Q658058>	"和光市"@ja	<http://www.wikidata.org/entity/Q494721>	"日本の市"@ja	<http://www.wikidata.org/entity/P47>	"隣の国又は行政区画"@ja	<https://ja.wikipedia.org/wiki/%E5%92%8C%E5%85%89%E5%B8%82>
<http://www.wikidata.org/entity/Q8743550>	"Q8743550"	<http://www.wikidata.org/entity/Q4167836>	"ウィキメディアのカテゴリ"@ja	<http://www.wikidata.org/entity/P1792>	"当地の人々のカテゴリ"@ja	
<http://www.wikidata.org/entity/Q32646442>	"Q32646442"	<http://www.wikidata.org/entity/Q4167836>	"ウィキメディアのカテゴリ"@ja	<http://www.wikidata.org/entity/P1464>	"当地生まれの人のカテゴリ"@ja	
<http://www.wikidata.org/entity/Q51885870>	"練馬区長"@ja	<http://www.wikidata.org/entity/Q4164871>	"職位"@ja	<http://www.wikidata.org/entity/P1313>	"行政府の長の地位"@ja	
