?s	?sLabel	?type	?typeLabel	?prop	?propLabel	?jwiki
<http://www.wikidata.org/entity/Q17>	"日本"@ja	<http://www.wikidata.org/entity/Q113489728>	"OECD加盟国"@ja	<http://www.wikidata.org/entity/P17>	"国"@ja	<https://ja.wikipedia.org/wiki/%E6%97%A5%E6%9C%AC>
<http://www.wikidata.org/entity/Q17>	"日本"@ja	<http://www.wikidata.org/entity/Q3624078>	"主権国家"@ja	<http://www.wikidata.org/entity/P17>	"国"@ja	<https://ja.wikipedia.org/wiki/%E6%97%A5%E6%9C%AC>
<http://www.wikidata.org/entity/Q17>	"日本"@ja	<http://www.wikidata.org/entity/Q112099>	"島国"@ja	<http://www.wikidata.org/entity/P17>	"国"@ja	<https://ja.wikipedia.org/wiki/%E6%97%A5%E6%9C%AC>
<http://www.wikidata.org/entity/Q17>	"日本"@ja	<http://www.wikidata.org/entity/Q6256>	"国"@ja	<http://www.wikidata.org/entity/P17>	"国"@ja	<https://ja.wikipedia.org/wiki/%E6%97%A5%E6%9C%AC>
<http://www.wikidata.org/entity/Q1490>	"東京都"@ja	<http://www.wikidata.org/entity/Q51929311>	"国内で人口1位の都市"@ja	<http://www.wikidata.org/entity/P131>	"位置する行政区画"@ja	<https://ja.wikipedia.org/wiki/%E6%9D%B1%E4%BA%AC%E9%83%BD>
<http://www.wikidata.org/entity/Q1490>	"東京都"@ja	<http://www.wikidata.org/entity/Q1637706>	"100万都市"@ja	<http://www.wikidata.org/entity/P131>	"位置する行政区画"@ja	<https://ja.wikipedia.org/wiki/%E6%9D%B1%E4%BA%AC%E9%83%BD>
<http://www.wikidata.org/entity/Q1490>	"東京都"@ja	<http://www.wikidata.org/entity/Q1549591>	"10万都市"@ja	<http://www.wikidata.org/entity/P131>	"位置する行政区画"@ja	<https://ja.wikipedia.org/wiki/%E6%9D%B1%E4%BA%AC%E9%83%BD>
<http://www.wikidata.org/entity/Q1490>	"東京都"@ja	<http://www.wikidata.org/entity/Q1200957>	"観光客の目的地"@ja	<http://www.wikidata.org/entity/P131>	"位置する行政区画"@ja	<https://ja.wikipedia.org/wiki/%E6%9D%B1%E4%BA%AC%E9%83%BD>
<http://www.wikidata.org/entity/Q1490>	"東京都"@ja	<http://www.wikidata.org/entity/Q1025961>	"日本の首都"@ja	<http://www.wikidata.org/entity/P131>	"位置する行政区画"@ja	<https://ja.wikipedia.org/wiki/%E6%9D%B1%E4%BA%AC%E9%83%BD>
<http://www.wikidata.org/entity/Q1490>	"東京都"@ja	<http://www.wikidata.org/entity/Q208511>	"世界都市"@ja	<http://www.wikidata.org/entity/P131>	"位置する行政区画"@ja	<https://ja.wikipedia.org/wiki/%E6%9D%B1%E4%BA%AC%E9%83%BD>
<http://www.wikidata.org/entity/Q1490>	"東京都"@ja	<http://www.wikidata.org/entity/Q200250>	"メトロポリス"@ja	<http://www.wikidata.org/entity/P131>	"位置する行政区画"@ja	<https://ja.wikipedia.org/wiki/%E6%9D%B1%E4%BA%AC%E9%83%BD>
<http://www.wikidata.org/entity/Q1490>	"東京都"@ja	<http://www.wikidata.org/entity/Q174844>	"メガシティ"@ja	<http://www.wikidata.org/entity/P131>	"位置する行政区画"@ja	<https://ja.wikipedia.org/wiki/%E6%9D%B1%E4%BA%AC%E9%83%BD>
<http://www.wikidata.org/entity/Q1490>	"東京都"@ja	<http://www.wikidata.org/entity/Q50337>	"都道府県"@ja	<http://www.wikidata.org/entity/P131>	"位置する行政区画"@ja	<https://ja.wikipedia.org/wiki/%E6%9D%B1%E4%BA%AC%E9%83%BD>
<http://www.wikidata.org/entity/Q1490>	"東京都"@ja	<http://www.wikidata.org/entity/Q5119>	"首都"@ja	<http://www.wikidata.org/entity/P131>	"位置する行政区画"@ja	<https://ja.wikipedia.org/wiki/%E6%9D%B1%E4%BA%AC%E9%83%BD>
<http://www.wikidata.org/entity/Q165857>	"所沢市"@ja	<http://www.wikidata.org/entity/Q1549591>	"10万都市"@ja	<http://www.wikidata.org/entity/P47>	"隣の国又は行政区画"@ja	<https://ja.wikipedia.org/wiki/%E6%89%80%E6%B2%A2%E5%B8%82>
<http://www.wikidata.org/entity/Q165857>	"所沢市"@ja	<http://www.wikidata.org/entity/Q1145012>	"特例市"@ja	<http://www.wikidata.org/entity/P47>	"隣の国又は行政区画"@ja	<https://ja.wikipedia.org/wiki/%E6%89%80%E6%B2%A2%E5%B8%82>
<http://www.wikidata.org/entity/Q7041>	"UTC+9"@ja	<http://www.wikidata.org/entity/Q17272482>	"UTCとの時差で定義された標準時"@ja	<http://www.wikidata.org/entity/P421>	"標準時間帯"@ja	<https://ja.wikipedia.org/wiki/UTC%2B9>
<http://www.wikidata.org/entity/Q8674745>	"Category:東大和市"@ja	<http://www.wikidata.org/entity/Q4167836>	"ウィキメディアのカテゴリ"@ja	<http://www.wikidata.org/entity/P910>	"主題の中心カテゴリ"@ja	<https://ja.wikipedia.org/wiki/Category:%E6%9D%B1%E5%A4%A7%E5%92%8C%E5%B8%82>
<http://www.wikidata.org/entity/Q11445124>	"奈良橋村"@ja	<http://www.wikidata.org/entity/Q18663566>	"日本の廃止市区町村"@ja	<http://www.wikidata.org/entity/P1365>	"先行"@ja	<https://ja.wikipedia.org/wiki/%E5%A5%88%E8%89%AF%E6%A9%8B%E6%9D%91>
<http://www.wikidata.org/entity/Q11560998>	"清水村"@ja	<http://www.wikidata.org/entity/Q18663566>	"日本の廃止市区町村"@ja	<http://www.wikidata.org/entity/P1365>	"先行"@ja	<https://ja.wikipedia.org/wiki/%E6%B8%85%E6%B0%B4%E6%9D%91_(%E6%9D%B1%E4%BA%AC%E5%BA%9C)>
<http://www.wikidata.org/entity/Q11571741>	"狭山村"@ja	<http://www.wikidata.org/entity/Q18663566>	"日本の廃止市区町村"@ja	<http://www.wikidata.org/entity/P1365>	"先行"@ja	<https://ja.wikipedia.org/wiki/%E7%8B%AD%E5%B1%B1%E6%9D%91>
<http://www.wikidata.org/entity/Q11614580>	"芋窪村"@ja	<http://www.wikidata.org/entity/Q18663566>	"日本の廃止市区町村"@ja	<http://www.wikidata.org/entity/P1365>	"先行"@ja	<https://ja.wikipedia.org/wiki/%E8%8A%8B%E7%AA%AA%E6%9D%91>
<http://www.wikidata.org/entity/Q11621908>	"蔵敷村"@ja	<http://www.wikidata.org/entity/Q18663566>	"日本の廃止市区町村"@ja	<http://www.wikidata.org/entity/P1365>	"先行"@ja	<https://ja.wikipedia.org/wiki/%E8%94%B5%E6%95%B7%E6%9D%91>
<http://www.wikidata.org/entity/Q11670084>	"高木村"@ja	<http://www.wikidata.org/entity/Q18663566>	"日本の廃止市区町村"@ja	<http://www.wikidata.org/entity/P1365>	"先行"@ja	<https://ja.wikipedia.org/wiki/%E9%AB%98%E6%9C%A8%E6%9D%91_(%E6%9D%B1%E4%BA%AC%E5%BA%9C)>
<http://www.wikidata.org/entity/Q28687410>	"東大和市議会"@ja	<http://www.wikidata.org/entity/Q107199651>	"市議会"@ja	<http://www.wikidata.org/entity/P194>	"立法府"@ja	<https://ja.wikipedia.org/wiki/%E6%9D%B1%E5%A4%A7%E5%92%8C%E5%B8%82%E8%AD%B0%E4%BC%9A>
<http://www.wikidata.org/entity/Q213278>	"小平市"@ja	<http://www.wikidata.org/entity/Q1549591>	"10万都市"@ja	<http://www.wikidata.org/entity/P47>	"隣の国又は行政区画"@ja	<https://ja.wikipedia.org/wiki/%E5%B0%8F%E5%B9%B3%E5%B8%82>
<http://www.wikidata.org/entity/Q213278>	"小平市"@ja	<http://www.wikidata.org/entity/Q494721>	"日本の市"@ja	<http://www.wikidata.org/entity/P47>	"隣の国又は行政区画"@ja	<https://ja.wikipedia.org/wiki/%E5%B0%8F%E5%B9%B3%E5%B8%82>
<http://www.wikidata.org/entity/Q240489>	"東村山市"@ja	<http://www.wikidata.org/entity/Q1549591>	"10万都市"@ja	<http://www.wikidata.org/entity/P47>	"隣の国又は行政区画"@ja	<https://ja.wikipedia.org/wiki/%E6%9D%B1%E6%9D%91%E5%B1%B1%E5%B8%82>
<http://www.wikidata.org/entity/Q240489>	"東村山市"@ja	<http://www.wikidata.org/entity/Q494721>	"日本の市"@ja	<http://www.wikidata.org/entity/P47>	"隣の国又は行政区画"@ja	<https://ja.wikipedia.org/wiki/%E6%9D%B1%E6%9D%91%E5%B1%B1%E5%B8%82>
<http://www.wikidata.org/entity/Q269634>	"立川市"@ja	<http://www.wikidata.org/entity/Q4174776>	"日本の村"@ja	<http://www.wikidata.org/entity/P47>	"隣の国又は行政区画"@ja	<https://ja.wikipedia.org/wiki/%E7%AB%8B%E5%B7%9D%E5%B8%82>
<http://www.wikidata.org/entity/Q269634>	"立川市"@ja	<http://www.wikidata.org/entity/Q1549591>	"10万都市"@ja	<http://www.wikidata.org/entity/P47>	"隣の国又は行政区画"@ja	<https://ja.wikipedia.org/wiki/%E7%AB%8B%E5%B7%9D%E5%B8%82>
<http://www.wikidata.org/entity/Q269634>	"立川市"@ja	<http://www.wikidata.org/entity/Q1059478>	"日本の町"@ja	<http://www.wikidata.org/entity/P47>	"隣の国又は行政区画"@ja	<https://ja.wikipedia.org/wiki/%E7%AB%8B%E5%B7%9D%E5%B8%82>
<http://www.wikidata.org/entity/Q269634>	"立川市"@ja	<http://www.wikidata.org/entity/Q494721>	"日本の市"@ja	<http://www.wikidata.org/entity/P47>	"隣の国又は行政区画"@ja	<https://ja.wikipedia.org/wiki/%E7%AB%8B%E5%B7%9D%E5%B8%82>
<http://www.wikidata.org/entity/Q390806>	"武蔵村山市"@ja	<http://www.wikidata.org/entity/Q494721>	"日本の市"@ja	<http://www.wikidata.org/entity/P47>	"隣の国又は行政区画"@ja	<https://ja.wikipedia.org/wiki/%E6%AD%A6%E8%94%B5%E6%9D%91%E5%B1%B1%E5%B8%82>
<http://www.wikidata.org/entity/Q494721>	"日本の市"@ja	<http://www.wikidata.org/entity/Q15617994>	"行政区画の種類"@ja	<http://www.wikidata.org/entity/P31>	"分類"@ja	
<http://www.wikidata.org/entity/Q32644812>	"Q32644812"	<http://www.wikidata.org/entity/Q4167836>	"ウィキメディアのカテゴリ"@ja	<http://www.wikidata.org/entity/P1792>	"当地の人々のカテゴリ"@ja	
<http://www.wikidata.org/entity/Q114427052>	"Q114427052"	<http://www.wikidata.org/entity/Q4167836>	"ウィキメディアのカテゴリ"@ja	<http://www.wikidata.org/entity/P1464>	"当地生まれの人のカテゴリ"@ja	
