?s	?sLabel	?type	?typeLabel	?prop	?propLabel	?jwiki
<http://www.wikidata.org/entity/Q17>	"日本"@ja	<http://www.wikidata.org/entity/Q113489728>	"OECD加盟国"@ja	<http://www.wikidata.org/entity/P17>	"国"@ja	<https://ja.wikipedia.org/wiki/%E6%97%A5%E6%9C%AC>
<http://www.wikidata.org/entity/Q17>	"日本"@ja	<http://www.wikidata.org/entity/Q3624078>	"主権国家"@ja	<http://www.wikidata.org/entity/P17>	"国"@ja	<https://ja.wikipedia.org/wiki/%E6%97%A5%E6%9C%AC>
<http://www.wikidata.org/entity/Q17>	"日本"@ja	<http://www.wikidata.org/entity/Q112099>	"島国"@ja	<http://www.wikidata.org/entity/P17>	"国"@ja	<https://ja.wikipedia.org/wiki/%E6%97%A5%E6%9C%AC>
<http://www.wikidata.org/entity/Q17>	"日本"@ja	<http://www.wikidata.org/entity/Q6256>	"国"@ja	<http://www.wikidata.org/entity/P17>	"国"@ja	<https://ja.wikipedia.org/wiki/%E6%97%A5%E6%9C%AC>
<http://www.wikidata.org/entity/Q664551>	"後志総合振興局"@ja	<http://www.wikidata.org/entity/Q850450>	"支庁"@ja	<http://www.wikidata.org/entity/P131>	"位置する行政区画"@ja	<https://ja.wikipedia.org/wiki/%E5%BE%8C%E5%BF%97%E7%B7%8F%E5%90%88%E6%8C%AF%E8%88%88%E5%B1%80>
<http://www.wikidata.org/entity/Q7041>	"UTC+9"@ja	<http://www.wikidata.org/entity/Q17272482>	"UTCとの時差で定義された標準時"@ja	<http://www.wikidata.org/entity/P421>	"標準時間帯"@ja	<https://ja.wikipedia.org/wiki/UTC%2B9>
<http://www.wikidata.org/entity/Q1354496>	"真狩村"@ja	<http://www.wikidata.org/entity/Q4174776>	"日本の村"@ja	<http://www.wikidata.org/entity/P1366>	"後継"@ja	<https://ja.wikipedia.org/wiki/%E7%9C%9F%E7%8B%A9%E6%9D%91>
<http://www.wikidata.org/entity/Q1354496>	"真狩村"@ja	<http://www.wikidata.org/entity/Q4174776>	"日本の村"@ja	<http://www.wikidata.org/entity/P47>	"隣の国又は行政区画"@ja	<https://ja.wikipedia.org/wiki/%E7%9C%9F%E7%8B%A9%E6%9D%91>
<http://www.wikidata.org/entity/Q1355478>	"喜茂別町"@ja	<http://www.wikidata.org/entity/Q1059478>	"日本の町"@ja	<http://www.wikidata.org/entity/P1366>	"後継"@ja	<https://ja.wikipedia.org/wiki/%E5%96%9C%E8%8C%82%E5%88%A5%E7%94%BA>
<http://www.wikidata.org/entity/Q1355478>	"喜茂別町"@ja	<http://www.wikidata.org/entity/Q1059478>	"日本の町"@ja	<http://www.wikidata.org/entity/P47>	"隣の国又は行政区画"@ja	<https://ja.wikipedia.org/wiki/%E5%96%9C%E8%8C%82%E5%88%A5%E7%94%BA>
<http://www.wikidata.org/entity/Q4174776>	"日本の村"@ja	<http://www.wikidata.org/entity/Q15617994>	"行政区画の種類"@ja	<http://www.wikidata.org/entity/P31>	"分類"@ja	<https://ja.wikipedia.org/wiki/%E6%9D%91>
<http://www.wikidata.org/entity/Q10192491>	"Category:留寿都村"@ja	<http://www.wikidata.org/entity/Q4167836>	"ウィキメディアのカテゴリ"@ja	<http://www.wikidata.org/entity/P910>	"主題の中心カテゴリ"@ja	<https://ja.wikipedia.org/wiki/Category:%E7%95%99%E5%AF%BF%E9%83%BD%E6%9D%91>
<http://www.wikidata.org/entity/Q693178>	"伊達市"@ja	<http://www.wikidata.org/entity/Q494721>	"日本の市"@ja	<http://www.wikidata.org/entity/P47>	"隣の国又は行政区画"@ja	<https://ja.wikipedia.org/wiki/%E4%BC%8A%E9%81%94%E5%B8%82_(%E5%8C%97%E6%B5%B7%E9%81%93)>
<http://www.wikidata.org/entity/Q869014>	"養父市"@ja	<http://www.wikidata.org/entity/Q494721>	"日本の市"@ja	<http://www.wikidata.org/entity/P190>	"姉妹都市"@ja	<https://ja.wikipedia.org/wiki/%E9%A4%8A%E7%88%B6%E5%B8%82>
<http://www.wikidata.org/entity/Q1022930>	"洞爺湖町"@ja	<http://www.wikidata.org/entity/Q1059478>	"日本の町"@ja	<http://www.wikidata.org/entity/P47>	"隣の国又は行政区画"@ja	<https://ja.wikipedia.org/wiki/%E6%B4%9E%E7%88%BA%E6%B9%96%E7%94%BA>
<http://www.wikidata.org/entity/Q1185421>	"虻田郡"@ja	<http://www.wikidata.org/entity/Q1122846>	"郡"@ja	<http://www.wikidata.org/entity/P131>	"位置する行政区画"@ja	<https://ja.wikipedia.org/wiki/%E8%99%BB%E7%94%B0%E9%83%A1>
