?s	?sLabel	?type	?typeLabel	?prop	?propLabel	?jwiki
<http://www.wikidata.org/entity/Q17>	"日本"@ja	<http://www.wikidata.org/entity/Q113489728>	"OECD加盟国"@ja	<http://www.wikidata.org/entity/P17>	"国"@ja	<https://ja.wikipedia.org/wiki/%E6%97%A5%E6%9C%AC>
<http://www.wikidata.org/entity/Q17>	"日本"@ja	<http://www.wikidata.org/entity/Q3624078>	"主権国家"@ja	<http://www.wikidata.org/entity/P17>	"国"@ja	<https://ja.wikipedia.org/wiki/%E6%97%A5%E6%9C%AC>
<http://www.wikidata.org/entity/Q17>	"日本"@ja	<http://www.wikidata.org/entity/Q112099>	"島国"@ja	<http://www.wikidata.org/entity/P17>	"国"@ja	<https://ja.wikipedia.org/wiki/%E6%97%A5%E6%9C%AC>
<http://www.wikidata.org/entity/Q17>	"日本"@ja	<http://www.wikidata.org/entity/Q6256>	"国"@ja	<http://www.wikidata.org/entity/P17>	"国"@ja	<https://ja.wikipedia.org/wiki/%E6%97%A5%E6%9C%AC>
<http://www.wikidata.org/entity/Q211889>	"イースト・ダンバートンシャー"@ja	<http://www.wikidata.org/entity/Q15060255>	"Q15060255"	<http://www.wikidata.org/entity/P190>	"姉妹都市"@ja	<https://ja.wikipedia.org/wiki/%E3%82%A4%E3%83%BC%E3%82%B9%E3%83%88%E3%83%BB%E3%83%80%E3%83%B3%E3%83%90%E3%83%BC%E3%83%88%E3%83%B3%E3%82%B7%E3%83%A3%E3%83%BC>
<http://www.wikidata.org/entity/Q7041>	"UTC+9"@ja	<http://www.wikidata.org/entity/Q17272482>	"UTCとの時差で定義された標準時"@ja	<http://www.wikidata.org/entity/P421>	"標準時間帯"@ja	<https://ja.wikipedia.org/wiki/UTC%2B9>
<http://www.wikidata.org/entity/Q237699>	"会津若松市"@ja	<http://www.wikidata.org/entity/Q1549591>	"10万都市"@ja	<http://www.wikidata.org/entity/P190>	"姉妹都市"@ja	<https://ja.wikipedia.org/wiki/%E4%BC%9A%E6%B4%A5%E8%8B%A5%E6%9D%BE%E5%B8%82>
<http://www.wikidata.org/entity/Q237699>	"会津若松市"@ja	<http://www.wikidata.org/entity/Q494721>	"日本の市"@ja	<http://www.wikidata.org/entity/P190>	"姉妹都市"@ja	<https://ja.wikipedia.org/wiki/%E4%BC%9A%E6%B4%A5%E8%8B%A5%E6%9D%BE%E5%B8%82>
<http://www.wikidata.org/entity/Q242108>	"小樽市"@ja	<http://www.wikidata.org/entity/Q1549591>	"10万都市"@ja	<http://www.wikidata.org/entity/P47>	"隣の国又は行政区画"@ja	<https://ja.wikipedia.org/wiki/%E5%B0%8F%E6%A8%BD%E5%B8%82>
<http://www.wikidata.org/entity/Q242108>	"小樽市"@ja	<http://www.wikidata.org/entity/Q494721>	"日本の市"@ja	<http://www.wikidata.org/entity/P47>	"隣の国又は行政区画"@ja	<https://ja.wikipedia.org/wiki/%E5%B0%8F%E6%A8%BD%E5%B8%82>
<http://www.wikidata.org/entity/Q524318>	"古平町"@ja	<http://www.wikidata.org/entity/Q1059478>	"日本の町"@ja	<http://www.wikidata.org/entity/P47>	"隣の国又は行政区画"@ja	<https://ja.wikipedia.org/wiki/%E5%8F%A4%E5%B9%B3%E7%94%BA>
<http://www.wikidata.org/entity/Q602571>	"五條市"@ja	<http://www.wikidata.org/entity/Q494721>	"日本の市"@ja	<http://www.wikidata.org/entity/P190>	"姉妹都市"@ja	<https://ja.wikipedia.org/wiki/%E4%BA%94%E6%A2%9D%E5%B8%82>
<http://www.wikidata.org/entity/Q664551>	"後志総合振興局"@ja	<http://www.wikidata.org/entity/Q850450>	"支庁"@ja	<http://www.wikidata.org/entity/P131>	"位置する行政区画"@ja	<https://ja.wikipedia.org/wiki/%E5%BE%8C%E5%BF%97%E7%B7%8F%E5%90%88%E6%8C%AF%E8%88%88%E5%B1%80>
<http://www.wikidata.org/entity/Q1059478>	"日本の町"@ja	<http://www.wikidata.org/entity/Q15617994>	"行政区画の種類"@ja	<http://www.wikidata.org/entity/P31>	"分類"@ja	<https://ja.wikipedia.org/wiki/%E7%94%BA>
<http://www.wikidata.org/entity/Q1059478>	"日本の町"@ja	<http://www.wikidata.org/entity/Q35798>	"行政機関"@ja	<http://www.wikidata.org/entity/P31>	"分類"@ja	<https://ja.wikipedia.org/wiki/%E7%94%BA>
<http://www.wikidata.org/entity/Q1185927>	"余市郡"@ja	<http://www.wikidata.org/entity/Q1122846>	"郡"@ja	<http://www.wikidata.org/entity/P131>	"位置する行政区画"@ja	<https://ja.wikipedia.org/wiki/%E4%BD%99%E5%B8%82%E9%83%A1>
<http://www.wikidata.org/entity/Q1354360>	"仁木町"@ja	<http://www.wikidata.org/entity/Q1059478>	"日本の町"@ja	<http://www.wikidata.org/entity/P47>	"隣の国又は行政区画"@ja	<https://ja.wikipedia.org/wiki/%E4%BB%81%E6%9C%A8%E7%94%BA>
<http://www.wikidata.org/entity/Q1354513>	"赤井川村"@ja	<http://www.wikidata.org/entity/Q4174776>	"日本の村"@ja	<http://www.wikidata.org/entity/P47>	"隣の国又は行政区画"@ja	<https://ja.wikipedia.org/wiki/%E8%B5%A4%E4%BA%95%E5%B7%9D%E6%9D%91>
<http://www.wikidata.org/entity/Q3572452>	"余市蒸溜所"@ja	<http://www.wikidata.org/entity/Q10373548>	"ウイスキー蒸留所"@ja	<http://www.wikidata.org/entity/P1889>	"以下と異なる"@ja	<https://ja.wikipedia.org/wiki/%E4%BD%99%E5%B8%82%E8%92%B8%E6%BA%9C%E6%89%80>
<http://www.wikidata.org/entity/Q9566993>	"Category:余市町"@ja	<http://www.wikidata.org/entity/Q4167836>	"ウィキメディアのカテゴリ"@ja	<http://www.wikidata.org/entity/P910>	"主題の中心カテゴリ"@ja	<https://ja.wikipedia.org/wiki/Category:%E4%BD%99%E5%B8%82%E7%94%BA>
<http://www.wikidata.org/entity/Q1037393>	"北海道"@ja	<http://www.wikidata.org/entity/Q50337>	"都道府県"@ja	<http://www.wikidata.org/entity/P131>	"位置する行政区画"@ja	
