?s	?sLabel	?type	?typeLabel	?prop	?propLabel	?jwiki
<http://www.wikidata.org/entity/Q17>	"日本"@ja	<http://www.wikidata.org/entity/Q113489728>	"OECD加盟国"@ja	<http://www.wikidata.org/entity/P17>	"国"@ja	<https://ja.wikipedia.org/wiki/%E6%97%A5%E6%9C%AC>
<http://www.wikidata.org/entity/Q17>	"日本"@ja	<http://www.wikidata.org/entity/Q3624078>	"主権国家"@ja	<http://www.wikidata.org/entity/P17>	"国"@ja	<https://ja.wikipedia.org/wiki/%E6%97%A5%E6%9C%AC>
<http://www.wikidata.org/entity/Q17>	"日本"@ja	<http://www.wikidata.org/entity/Q112099>	"島国"@ja	<http://www.wikidata.org/entity/P17>	"国"@ja	<https://ja.wikipedia.org/wiki/%E6%97%A5%E6%9C%AC>
<http://www.wikidata.org/entity/Q17>	"日本"@ja	<http://www.wikidata.org/entity/Q6256>	"国"@ja	<http://www.wikidata.org/entity/P17>	"国"@ja	<https://ja.wikipedia.org/wiki/%E6%97%A5%E6%9C%AC>
<http://www.wikidata.org/entity/Q7041>	"UTC+9"@ja	<http://www.wikidata.org/entity/Q17272482>	"UTCとの時差で定義された標準時"@ja	<http://www.wikidata.org/entity/P421>	"標準時間帯"@ja	<https://ja.wikipedia.org/wiki/UTC%2B9>
<http://www.wikidata.org/entity/Q1348748>	"余市町"@ja	<http://www.wikidata.org/entity/Q1059478>	"日本の町"@ja	<http://www.wikidata.org/entity/P47>	"隣の国又は行政区画"@ja	<https://ja.wikipedia.org/wiki/%E4%BD%99%E5%B8%82%E7%94%BA>
<http://www.wikidata.org/entity/Q1354360>	"仁木町"@ja	<http://www.wikidata.org/entity/Q1059478>	"日本の町"@ja	<http://www.wikidata.org/entity/P47>	"隣の国又は行政区画"@ja	<https://ja.wikipedia.org/wiki/%E4%BB%81%E6%9C%A8%E7%94%BA>
<http://www.wikidata.org/entity/Q1354396>	"京極町"@ja	<http://www.wikidata.org/entity/Q1059478>	"日本の町"@ja	<http://www.wikidata.org/entity/P47>	"隣の国又は行政区画"@ja	<https://ja.wikipedia.org/wiki/%E4%BA%AC%E6%A5%B5%E7%94%BA>
<http://www.wikidata.org/entity/Q4174776>	"日本の村"@ja	<http://www.wikidata.org/entity/Q15617994>	"行政区画の種類"@ja	<http://www.wikidata.org/entity/P31>	"分類"@ja	<https://ja.wikipedia.org/wiki/%E6%9D%91>
<http://www.wikidata.org/entity/Q15615372>	"Category:赤井川村"@ja	<http://www.wikidata.org/entity/Q4167836>	"ウィキメディアのカテゴリ"@ja	<http://www.wikidata.org/entity/P910>	"主題の中心カテゴリ"@ja	<https://ja.wikipedia.org/wiki/Category:%E8%B5%A4%E4%BA%95%E5%B7%9D%E6%9D%91>
<http://www.wikidata.org/entity/Q242108>	"小樽市"@ja	<http://www.wikidata.org/entity/Q1549591>	"10万都市"@ja	<http://www.wikidata.org/entity/P47>	"隣の国又は行政区画"@ja	<https://ja.wikipedia.org/wiki/%E5%B0%8F%E6%A8%BD%E5%B8%82>
<http://www.wikidata.org/entity/Q242108>	"小樽市"@ja	<http://www.wikidata.org/entity/Q494721>	"日本の市"@ja	<http://www.wikidata.org/entity/P47>	"隣の国又は行政区画"@ja	<https://ja.wikipedia.org/wiki/%E5%B0%8F%E6%A8%BD%E5%B8%82>
<http://www.wikidata.org/entity/Q1185927>	"余市郡"@ja	<http://www.wikidata.org/entity/Q1122846>	"郡"@ja	<http://www.wikidata.org/entity/P131>	"位置する行政区画"@ja	<https://ja.wikipedia.org/wiki/%E4%BD%99%E5%B8%82%E9%83%A1>
<http://www.wikidata.org/entity/Q1204596>	"倶知安町"@ja	<http://www.wikidata.org/entity/Q1059478>	"日本の町"@ja	<http://www.wikidata.org/entity/P47>	"隣の国又は行政区画"@ja	<https://ja.wikipedia.org/wiki/%E5%80%B6%E7%9F%A5%E5%AE%89%E7%94%BA>
<http://www.wikidata.org/entity/Q37951>	"札幌市"@ja	<http://www.wikidata.org/entity/Q65589340>	"都道府県庁所在地"@ja	<http://www.wikidata.org/entity/P47>	"隣の国又は行政区画"@ja	<https://ja.wikipedia.org/wiki/%E6%9C%AD%E5%B9%8C%E5%B8%82>
<http://www.wikidata.org/entity/Q37951>	"札幌市"@ja	<http://www.wikidata.org/entity/Q11422368>	"国際会議観光都市"@ja	<http://www.wikidata.org/entity/P47>	"隣の国又は行政区画"@ja	<https://ja.wikipedia.org/wiki/%E6%9C%AD%E5%B9%8C%E5%B8%82>
<http://www.wikidata.org/entity/Q37951>	"札幌市"@ja	<http://www.wikidata.org/entity/Q1749269>	"政令指定都市"@ja	<http://www.wikidata.org/entity/P47>	"隣の国又は行政区画"@ja	<https://ja.wikipedia.org/wiki/%E6%9C%AD%E5%B9%8C%E5%B8%82>
<http://www.wikidata.org/entity/Q37951>	"札幌市"@ja	<http://www.wikidata.org/entity/Q1637706>	"100万都市"@ja	<http://www.wikidata.org/entity/P47>	"隣の国又は行政区画"@ja	<https://ja.wikipedia.org/wiki/%E6%9C%AD%E5%B9%8C%E5%B8%82>
<http://www.wikidata.org/entity/Q37951>	"札幌市"@ja	<http://www.wikidata.org/entity/Q1549591>	"10万都市"@ja	<http://www.wikidata.org/entity/P47>	"隣の国又は行政区画"@ja	<https://ja.wikipedia.org/wiki/%E6%9C%AD%E5%B9%8C%E5%B8%82>
<http://www.wikidata.org/entity/Q37951>	"札幌市"@ja	<http://www.wikidata.org/entity/Q494721>	"日本の市"@ja	<http://www.wikidata.org/entity/P47>	"隣の国又は行政区画"@ja	<https://ja.wikipedia.org/wiki/%E6%9C%AD%E5%B9%8C%E5%B8%82>
