?s	?sLabel	?type	?typeLabel	?prop	?propLabel	?jwiki
<http://www.wikidata.org/entity/Q6421067>	"Category:横浜市出身の人物"@ja	<http://www.wikidata.org/entity/Q4167836>	"ウィキメディアのカテゴリ"@ja	<http://www.wikidata.org/entity/P1792>	"当地の人々のカテゴリ"@ja	<https://ja.wikipedia.org/wiki/Category:%E6%A8%AA%E6%B5%9C%E5%B8%82%E5%87%BA%E8%BA%AB%E3%81%AE%E4%BA%BA%E7%89%A9>
<http://www.wikidata.org/entity/Q6600966>	"Category:横浜市"@ja	<http://www.wikidata.org/entity/Q4167836>	"ウィキメディアのカテゴリ"@ja	<http://www.wikidata.org/entity/P910>	"主題の中心カテゴリ"@ja	<https://ja.wikipedia.org/wiki/Category:%E6%A8%AA%E6%B5%9C%E5%B8%82>
<http://www.wikidata.org/entity/Q7850292>	"鶴見川"@ja	<http://www.wikidata.org/entity/Q4022>	"川"@ja	<http://www.wikidata.org/entity/P206>	"隣接・位置する水域"@ja	<https://ja.wikipedia.org/wiki/%E9%B6%B4%E8%A6%8B%E5%B7%9D>
<http://www.wikidata.org/entity/Q11363260>	"中和田村"@ja	<http://www.wikidata.org/entity/Q18663566>	"日本の廃止市区町村"@ja	<http://www.wikidata.org/entity/P1365>	"先行"@ja	<https://ja.wikipedia.org/wiki/%E4%B8%AD%E5%92%8C%E7%94%B0%E6%9D%91>
<http://www.wikidata.org/entity/Q11364866>	"中川村"@ja	<http://www.wikidata.org/entity/Q18663566>	"日本の廃止市区町村"@ja	<http://www.wikidata.org/entity/P1365>	"先行"@ja	<https://ja.wikipedia.org/wiki/%E4%B8%AD%E5%B7%9D%E6%9D%91_(%E7%A5%9E%E5%A5%88%E5%B7%9D%E7%9C%8C%E9%83%BD%E7%AD%91%E9%83%A1)>
<http://www.wikidata.org/entity/Q11364867>	"中川村"@ja	<http://www.wikidata.org/entity/Q18663566>	"日本の廃止市区町村"@ja	<http://www.wikidata.org/entity/P1365>	"先行"@ja	<https://ja.wikipedia.org/wiki/%E4%B8%AD%E5%B7%9D%E6%9D%91_(%E7%A5%9E%E5%A5%88%E5%B7%9D%E7%9C%8C%E9%8E%8C%E5%80%89%E9%83%A1)>
<http://www.wikidata.org/entity/Q11365161>	"中村"@ja	<http://www.wikidata.org/entity/Q18663566>	"日本の廃止市区町村"@ja	<http://www.wikidata.org/entity/P1365>	"先行"@ja	<https://ja.wikipedia.org/wiki/%E4%B8%AD%E6%9D%91_(%E7%A5%9E%E5%A5%88%E5%B7%9D%E7%9C%8C%E4%B9%85%E8%89%AF%E5%B2%90%E9%83%A1)>
<http://www.wikidata.org/entity/Q11367397>	"中里村"@ja	<http://www.wikidata.org/entity/Q18663566>	"日本の廃止市区町村"@ja	<http://www.wikidata.org/entity/P1365>	"先行"@ja	<https://ja.wikipedia.org/wiki/%E4%B8%AD%E9%87%8C%E6%9D%91_(%E7%A5%9E%E5%A5%88%E5%B7%9D%E7%9C%8C)>
<http://www.wikidata.org/entity/Q11371344>	"二俣川村"@ja	<http://www.wikidata.org/entity/Q18663566>	"日本の廃止市区町村"@ja	<http://www.wikidata.org/entity/P1365>	"先行"@ja	<https://ja.wikipedia.org/wiki/%E4%BA%8C%E4%BF%A3%E5%B7%9D%E6%9D%91>
<http://www.wikidata.org/entity/Q11392430>	"六浦荘村"@ja	<http://www.wikidata.org/entity/Q18663566>	"日本の廃止市区町村"@ja	<http://www.wikidata.org/entity/P1365>	"先行"@ja	<https://ja.wikipedia.org/wiki/%E5%85%AD%E6%B5%A6%E8%8D%98%E6%9D%91>
<http://www.wikidata.org/entity/Q11426295>	"城郷村"@ja	<http://www.wikidata.org/entity/Q18663566>	"日本の廃止市区町村"@ja	<http://www.wikidata.org/entity/P1365>	"先行"@ja	<https://ja.wikipedia.org/wiki/%E5%9F%8E%E9%83%B7%E6%9D%91>
<http://www.wikidata.org/entity/Q11434735>	"大岡川村"@ja	<http://www.wikidata.org/entity/Q18663566>	"日本の廃止市区町村"@ja	<http://www.wikidata.org/entity/P1365>	"先行"@ja	<https://ja.wikipedia.org/wiki/%E5%A4%A7%E5%B2%A1%E5%B7%9D%E6%9D%91>
<http://www.wikidata.org/entity/Q11435284>	"大平山"@ja	<http://www.wikidata.org/entity/Q8502>	"山"@ja	<http://www.wikidata.org/entity/P610>	"最も高い地点"@ja	<https://ja.wikipedia.org/wiki/%E5%A4%A7%E5%B9%B3%E5%B1%B1_(%E9%8E%8C%E5%80%89%E5%B8%82)>
<http://www.wikidata.org/entity/Q11436706>	"大正村"@ja	<http://www.wikidata.org/entity/Q18663566>	"日本の廃止市区町村"@ja	<http://www.wikidata.org/entity/P1365>	"先行"@ja	<https://ja.wikipedia.org/wiki/%E5%A4%A7%E6%AD%A3%E6%9D%91_(%E7%A5%9E%E5%A5%88%E5%B7%9D%E7%9C%8C)>
<http://www.wikidata.org/entity/Q11438490>	"大綱村"@ja	<http://www.wikidata.org/entity/Q18663566>	"日本の廃止市区町村"@ja	<http://www.wikidata.org/entity/P1365>	"先行"@ja	<https://ja.wikipedia.org/wiki/%E5%A4%A7%E7%B6%B1%E6%9D%91>
<http://www.wikidata.org/entity/Q11447890>	"子安村"@ja	<http://www.wikidata.org/entity/Q18663566>	"日本の廃止市区町村"@ja	<http://www.wikidata.org/entity/P1365>	"先行"@ja	<https://ja.wikipedia.org/wiki/%E5%AD%90%E5%AE%89%E6%9D%91>
<http://www.wikidata.org/entity/Q11465721>	"屏風浦村"@ja	<http://www.wikidata.org/entity/Q18663566>	"日本の廃止市区町村"@ja	<http://www.wikidata.org/entity/P1365>	"先行"@ja	<https://ja.wikipedia.org/wiki/%E5%B1%8F%E9%A2%A8%E6%B5%A6%E6%9D%91>
<http://www.wikidata.org/entity/Q11466430>	"山内村"@ja	<http://www.wikidata.org/entity/Q18663566>	"日本の廃止市区町村"@ja	<http://www.wikidata.org/entity/P1365>	"先行"@ja	<https://ja.wikipedia.org/wiki/%E5%B1%B1%E5%86%85%E6%9D%91_(%E7%A5%9E%E5%A5%88%E5%B7%9D%E7%9C%8C)>
<http://www.wikidata.org/entity/Q11477552>	"川上村"@ja	<http://www.wikidata.org/entity/Q18663566>	"日本の廃止市区町村"@ja	<http://www.wikidata.org/entity/P1365>	"先行"@ja	<https://ja.wikipedia.org/wiki/%E5%B7%9D%E4%B8%8A%E6%9D%91_(%E7%A5%9E%E5%A5%88%E5%B7%9D%E7%9C%8C)>
<http://www.wikidata.org/entity/Q11496296>	"戸塚町"@ja	<http://www.wikidata.org/entity/Q18663566>	"日本の廃止市区町村"@ja	<http://www.wikidata.org/entity/P1365>	"先行"@ja	<https://ja.wikipedia.org/wiki/%E6%88%B8%E5%A1%9A%E7%94%BA_(%E7%A5%9E%E5%A5%88%E5%B7%9D%E7%9C%8C)>
<http://www.wikidata.org/entity/Q11496311>	"戸太町"@ja	<http://www.wikidata.org/entity/Q18663566>	"日本の廃止市区町村"@ja	<http://www.wikidata.org/entity/P1365>	"先行"@ja	<https://ja.wikipedia.org/wiki/%E6%88%B8%E5%A4%AA%E7%94%BA>
<http://www.wikidata.org/entity/Q11502676>	"新治村"@ja	<http://www.wikidata.org/entity/Q18663566>	"日本の廃止市区町村"@ja	<http://www.wikidata.org/entity/P1365>	"先行"@ja	<https://ja.wikipedia.org/wiki/%E6%96%B0%E6%B2%BB%E6%9D%91_(%E7%A5%9E%E5%A5%88%E5%B7%9D%E7%9C%8C)>
<http://www.wikidata.org/entity/Q11503739>	"新田村"@ja	<http://www.wikidata.org/entity/Q18663566>	"日本の廃止市区町村"@ja	<http://www.wikidata.org/entity/P1365>	"先行"@ja	<https://ja.wikipedia.org/wiki/%E6%96%B0%E7%94%B0%E6%9D%91_(%E7%A5%9E%E5%A5%88%E5%B7%9D%E7%9C%8C)>
<http://www.wikidata.org/entity/Q11504729>	"日下村"@ja	<http://www.wikidata.org/entity/Q18663566>	"日本の廃止市区町村"@ja	<http://www.wikidata.org/entity/P1365>	"先行"@ja	<https://ja.wikipedia.org/wiki/%E6%97%A5%E4%B8%8B%E6%9D%91_(%E7%A5%9E%E5%A5%88%E5%B7%9D%E7%9C%8C)>
<http://www.wikidata.org/entity/Q11505049>	"日吉村"@ja	<http://www.wikidata.org/entity/Q18663566>	"日本の廃止市区町村"@ja	<http://www.wikidata.org/entity/P1365>	"先行"@ja	<https://ja.wikipedia.org/wiki/%E6%97%A5%E5%90%89%E6%9D%91_(%E7%A5%9E%E5%A5%88%E5%B7%9D%E7%9C%8C)>
<http://www.wikidata.org/entity/Q11511809>	"旭村"@ja	<http://www.wikidata.org/entity/Q18663566>	"日本の廃止市区町村"@ja	<http://www.wikidata.org/entity/P1365>	"先行"@ja	<https://ja.wikipedia.org/wiki/%E6%97%AD%E6%9D%91_(%E7%A5%9E%E5%A5%88%E5%B7%9D%E7%9C%8C%E6%A9%98%E6%A8%B9%E9%83%A1)>
<http://www.wikidata.org/entity/Q11520550>	"本牧村"@ja	<http://www.wikidata.org/entity/Q18663566>	"日本の廃止市区町村"@ja	<http://www.wikidata.org/entity/P1365>	"先行"@ja	<https://ja.wikipedia.org/wiki/%E6%9C%AC%E7%89%A7%E6%9D%91>
<http://www.wikidata.org/entity/Q11520890>	"本郷村"@ja	<http://www.wikidata.org/entity/Q18663566>	"日本の廃止市区町村"@ja	<http://www.wikidata.org/entity/P1365>	"先行"@ja	<https://ja.wikipedia.org/wiki/%E6%9C%AC%E9%83%B7%E6%9D%91_(%E7%A5%9E%E5%A5%88%E5%B7%9D%E7%9C%8C)>
<http://www.wikidata.org/entity/Q11536317>	"根岸村"@ja	<http://www.wikidata.org/entity/Q18663566>	"日本の廃止市区町村"@ja	<http://www.wikidata.org/entity/P1365>	"先行"@ja	<https://ja.wikipedia.org/wiki/%E6%A0%B9%E5%B2%B8%E6%9D%91_(%E7%A5%9E%E5%A5%88%E5%B7%9D%E7%9C%8C)>
<http://www.wikidata.org/entity/Q11542960>	"横浜大空襲"@ja	<http://www.wikidata.org/entity/Q4688003>	"市街地空爆"@ja	<http://www.wikidata.org/entity/P793>	"重要な出来事"@ja	<https://ja.wikipedia.org/wiki/%E6%A8%AA%E6%B5%9C%E5%A4%A7%E7%A9%BA%E8%A5%B2>
<http://www.wikidata.org/entity/Q11542960>	"横浜大空襲"@ja	<http://www.wikidata.org/entity/Q715695>	"第二次世界大戦における戦略爆撃"@ja	<http://www.wikidata.org/entity/P793>	"重要な出来事"@ja	<https://ja.wikipedia.org/wiki/%E6%A8%AA%E6%B5%9C%E5%A4%A7%E7%A9%BA%E8%A5%B2>
<http://www.wikidata.org/entity/Q11542976>	"横浜市の歴史"@ja	<http://www.wikidata.org/entity/Q28747937>	"市の歴史"@ja	<http://www.wikidata.org/entity/P2184>	"主題の歴史"@ja	<https://ja.wikipedia.org/wiki/%E6%A8%AA%E6%B5%9C%E5%B8%82%E3%81%AE%E6%AD%B4%E5%8F%B2>
<http://www.wikidata.org/entity/Q11542993>	"横浜市出身の人物一覧"@ja	<http://www.wikidata.org/entity/Q13406463>	"ウィキメディアの一覧記事"@ja	<http://www.wikidata.org/entity/P2354>	"主題の一覧"@ja	<https://ja.wikipedia.org/wiki/%E6%A8%AA%E6%B5%9C%E5%B8%82%E5%87%BA%E8%BA%AB%E3%81%AE%E4%BA%BA%E7%89%A9%E4%B8%80%E8%A6%A7>
<http://www.wikidata.org/entity/Q11543018>	"横浜市役所"@ja	<http://www.wikidata.org/entity/Q543654>	"市庁舎"@ja	<http://www.wikidata.org/entity/P159>	"本部所在地"@ja	<https://ja.wikipedia.org/wiki/%E6%A8%AA%E6%B5%9C%E5%B8%82%E5%BD%B9%E6%89%80>
<http://www.wikidata.org/entity/Q11543018>	"横浜市役所"@ja	<http://www.wikidata.org/entity/Q11303>	"超高層建築物"@ja	<http://www.wikidata.org/entity/P159>	"本部所在地"@ja	<https://ja.wikipedia.org/wiki/%E6%A8%AA%E6%B5%9C%E5%B8%82%E5%BD%B9%E6%89%80>
<http://www.wikidata.org/entity/Q11543021>	"横浜市指定文化財および地域文化財一覧"@ja	<http://www.wikidata.org/entity/Q13406463>	"ウィキメディアの一覧記事"@ja	<http://www.wikidata.org/entity/P2354>	"主題の一覧"@ja	<https://ja.wikipedia.org/wiki/%E6%A8%AA%E6%B5%9C%E5%B8%82%E6%8C%87%E5%AE%9A%E6%96%87%E5%8C%96%E8%B2%A1%E3%81%8A%E3%82%88%E3%81%B3%E5%9C%B0%E5%9F%9F%E6%96%87%E5%8C%96%E8%B2%A1%E4%B8%80%E8%A6%A7>
<http://www.wikidata.org/entity/Q11543024>	"横浜市歌"@ja	<http://www.wikidata.org/entity/Q105543609>	"楽曲"@ja	<http://www.wikidata.org/entity/P85>	"アンセム"@ja	<https://ja.wikipedia.org/wiki/%E6%A8%AA%E6%B5%9C%E5%B8%82%E6%AD%8C>
<http://www.wikidata.org/entity/Q11543272>	"横浜都市圏"@ja	<http://www.wikidata.org/entity/Q1907114>	"都市圏"@ja	<http://www.wikidata.org/entity/P361>	"以下の一部分"@ja	<https://ja.wikipedia.org/wiki/%E6%A8%AA%E6%B5%9C%E9%83%BD%E5%B8%82%E5%9C%8F>
<http://www.wikidata.org/entity/Q11550438>	"永野村"@ja	<http://www.wikidata.org/entity/Q18663566>	"日本の廃止市区町村"@ja	<http://www.wikidata.org/entity/P1365>	"先行"@ja	<https://ja.wikipedia.org/wiki/%E6%B0%B8%E9%87%8E%E6%9D%91_(%E7%A5%9E%E5%A5%88%E5%B7%9D%E7%9C%8C)>
<http://www.wikidata.org/entity/Q11566756>	"瀬谷村"@ja	<http://www.wikidata.org/entity/Q18663566>	"日本の廃止市区町村"@ja	<http://www.wikidata.org/entity/P1365>	"先行"@ja	<https://ja.wikipedia.org/wiki/%E7%80%AC%E8%B0%B7%E6%9D%91_(%E7%A5%9E%E5%A5%88%E5%B7%9D%E7%9C%8C)>
<http://www.wikidata.org/entity/Q11576463>	"田奈村"@ja	<http://www.wikidata.org/entity/Q18663566>	"日本の廃止市区町村"@ja	<http://www.wikidata.org/entity/P1365>	"先行"@ja	<https://ja.wikipedia.org/wiki/%E7%94%B0%E5%A5%88%E6%9D%91>
<http://www.wikidata.org/entity/Q11588922>	"神奈川町"@ja	<http://www.wikidata.org/entity/Q18663566>	"日本の廃止市区町村"@ja	<http://www.wikidata.org/entity/P1365>	"先行"@ja	<https://ja.wikipedia.org/wiki/%E7%A5%9E%E5%A5%88%E5%B7%9D%E7%94%BA>
<http://www.wikidata.org/entity/Q11589208>	"神奈川県第13区"@ja	<http://www.wikidata.org/entity/Q23983335>	"衆議院選挙区"@ja	<http://www.wikidata.org/entity/P7938>	"関連する選挙区"@ja	<https://ja.wikipedia.org/wiki/%E7%A5%9E%E5%A5%88%E5%B7%9D%E7%9C%8C%E7%AC%AC13%E5%8C%BA>
<http://www.wikidata.org/entity/Q11589215>	"神奈川県第3区"@ja	<http://www.wikidata.org/entity/Q23983335>	"衆議院選挙区"@ja	<http://www.wikidata.org/entity/P7938>	"関連する選挙区"@ja	<https://ja.wikipedia.org/wiki/%E7%A5%9E%E5%A5%88%E5%B7%9D%E7%9C%8C%E7%AC%AC3%E5%8C%BA>
<http://www.wikidata.org/entity/Q11589219>	"神奈川県第4区"@ja	<http://www.wikidata.org/entity/Q23983335>	"衆議院選挙区"@ja	<http://www.wikidata.org/entity/P7938>	"関連する選挙区"@ja	<https://ja.wikipedia.org/wiki/%E7%A5%9E%E5%A5%88%E5%B7%9D%E7%9C%8C%E7%AC%AC4%E5%8C%BA>
<http://www.wikidata.org/entity/Q11589222>	"神奈川県第6区"@ja	<http://www.wikidata.org/entity/Q23983335>	"衆議院選挙区"@ja	<http://www.wikidata.org/entity/P7938>	"関連する選挙区"@ja	<https://ja.wikipedia.org/wiki/%E7%A5%9E%E5%A5%88%E5%B7%9D%E7%9C%8C%E7%AC%AC6%E5%8C%BA>
<http://www.wikidata.org/entity/Q11589223>	"神奈川県第8区"@ja	<http://www.wikidata.org/entity/Q23983335>	"衆議院選挙区"@ja	<http://www.wikidata.org/entity/P7938>	"関連する選挙区"@ja	<https://ja.wikipedia.org/wiki/%E7%A5%9E%E5%A5%88%E5%B7%9D%E7%9C%8C%E7%AC%AC8%E5%8C%BA>
<http://www.wikidata.org/entity/Q11589221>	"神奈川県第5区"@ja	<http://www.wikidata.org/entity/Q23983335>	"衆議院選挙区"@ja	<http://www.wikidata.org/entity/P7938>	"関連する選挙区"@ja	<https://ja.wikipedia.org/wiki/%E7%A5%9E%E5%A5%88%E5%B7%9D%E7%9C%8C%E7%AC%AC5%E5%8C%BA>
<http://www.wikidata.org/entity/Q11589224>	"神奈川県第7区"@ja	<http://www.wikidata.org/entity/Q23983335>	"衆議院選挙区"@ja	<http://www.wikidata.org/entity/P7938>	"関連する選挙区"@ja	<https://ja.wikipedia.org/wiki/%E7%A5%9E%E5%A5%88%E5%B7%9D%E7%9C%8C%E7%AC%AC7%E5%8C%BA>
<http://www.wikidata.org/entity/Q11629526>	"西谷村"@ja	<http://www.wikidata.org/entity/Q18663566>	"日本の廃止市区町村"@ja	<http://www.wikidata.org/entity/P1365>	"先行"@ja	<https://ja.wikipedia.org/wiki/%E8%A5%BF%E8%B0%B7%E6%9D%91_(%E7%A5%9E%E5%A5%88%E5%B7%9D%E7%9C%8C)>
<http://www.wikidata.org/entity/Q11634112>	"豊田村"@ja	<http://www.wikidata.org/entity/Q18663566>	"日本の廃止市区町村"@ja	<http://www.wikidata.org/entity/P1365>	"先行"@ja	<https://ja.wikipedia.org/wiki/%E8%B1%8A%E7%94%B0%E6%9D%91_(%E7%A5%9E%E5%A5%88%E5%B7%9D%E7%9C%8C%E9%8E%8C%E5%80%89%E9%83%A1)>
<http://www.wikidata.org/entity/Q11643569>	"都岡村"@ja	<http://www.wikidata.org/entity/Q18663566>	"日本の廃止市区町村"@ja	<http://www.wikidata.org/entity/P1365>	"先行"@ja	<https://ja.wikipedia.org/wiki/%E9%83%BD%E5%B2%A1%E6%9D%91>
<http://www.wikidata.org/entity/Q11647508>	"金沢町"@ja	<http://www.wikidata.org/entity/Q18663566>	"日本の廃止市区町村"@ja	<http://www.wikidata.org/entity/P1365>	"先行"@ja	<https://ja.wikipedia.org/wiki/%E9%87%91%E6%B2%A2%E7%94%BA_(%E7%A5%9E%E5%A5%88%E5%B7%9D%E7%9C%8C)>
<http://www.wikidata.org/entity/Q1794>	"フランクフルト・アム・マイン"@ja	<http://www.wikidata.org/entity/Q61980648>	"Q61980648"	<http://www.wikidata.org/entity/P190>	"姉妹都市"@ja	<https://ja.wikipedia.org/wiki/%E3%83%95%E3%83%A9%E3%83%B3%E3%82%AF%E3%83%95%E3%83%AB%E3%83%88%E3%83%BB%E3%82%A2%E3%83%A0%E3%83%BB%E3%83%9E%E3%82%A4%E3%83%B3>
<http://www.wikidata.org/entity/Q1794>	"フランクフルト・アム・マイン"@ja	<http://www.wikidata.org/entity/Q42744322>	"ドイツの自治体"@ja	<http://www.wikidata.org/entity/P190>	"姉妹都市"@ja	<https://ja.wikipedia.org/wiki/%E3%83%95%E3%83%A9%E3%83%B3%E3%82%AF%E3%83%95%E3%83%AB%E3%83%88%E3%83%BB%E3%82%A2%E3%83%A0%E3%83%BB%E3%83%9E%E3%82%A4%E3%83%B3>
<http://www.wikidata.org/entity/Q1794>	"フランクフルト・アム・マイン"@ja	<http://www.wikidata.org/entity/Q1549591>	"10万都市"@ja	<http://www.wikidata.org/entity/P190>	"姉妹都市"@ja	<https://ja.wikipedia.org/wiki/%E3%83%95%E3%83%A9%E3%83%B3%E3%82%AF%E3%83%95%E3%83%AB%E3%83%88%E3%83%BB%E3%82%A2%E3%83%A0%E3%83%BB%E3%83%9E%E3%82%A4%E3%83%B3>
<http://www.wikidata.org/entity/Q1794>	"フランクフルト・アム・マイン"@ja	<http://www.wikidata.org/entity/Q1375749>	"ヨーロッパの都市"@ja	<http://www.wikidata.org/entity/P190>	"姉妹都市"@ja	<https://ja.wikipedia.org/wiki/%E3%83%95%E3%83%A9%E3%83%B3%E3%82%AF%E3%83%95%E3%83%AB%E3%83%88%E3%83%BB%E3%82%A2%E3%83%A0%E3%83%BB%E3%83%9E%E3%82%A4%E3%83%B3>
<http://www.wikidata.org/entity/Q1794>	"フランクフルト・アム・マイン"@ja	<http://www.wikidata.org/entity/Q1187811>	"学術都市"@ja	<http://www.wikidata.org/entity/P190>	"姉妹都市"@ja	<https://ja.wikipedia.org/wiki/%E3%83%95%E3%83%A9%E3%83%B3%E3%82%AF%E3%83%95%E3%83%AB%E3%83%88%E3%83%BB%E3%82%A2%E3%83%A0%E3%83%BB%E3%83%9E%E3%82%A4%E3%83%B3>
<http://www.wikidata.org/entity/Q1794>	"フランクフルト・アム・マイン"@ja	<http://www.wikidata.org/entity/Q1066984>	"金融センター"@ja	<http://www.wikidata.org/entity/P190>	"姉妹都市"@ja	<https://ja.wikipedia.org/wiki/%E3%83%95%E3%83%A9%E3%83%B3%E3%82%AF%E3%83%95%E3%83%AB%E3%83%88%E3%83%BB%E3%82%A2%E3%83%A0%E3%83%BB%E3%83%9E%E3%82%A4%E3%83%B3>
<http://www.wikidata.org/entity/Q1794>	"フランクフルト・アム・マイン"@ja	<http://www.wikidata.org/entity/Q208511>	"世界都市"@ja	<http://www.wikidata.org/entity/P190>	"姉妹都市"@ja	<https://ja.wikipedia.org/wiki/%E3%83%95%E3%83%A9%E3%83%B3%E3%82%AF%E3%83%95%E3%83%AB%E3%83%88%E3%83%BB%E3%82%A2%E3%83%A0%E3%83%BB%E3%83%9E%E3%82%A4%E3%83%B3>
<http://www.wikidata.org/entity/Q1854>	"ホーチミン市"@ja	<http://www.wikidata.org/entity/Q51929311>	"国内で人口1位の都市"@ja	<http://www.wikidata.org/entity/P190>	"姉妹都市"@ja	<https://ja.wikipedia.org/wiki/%E3%83%9B%E3%83%BC%E3%83%81%E3%83%9F%E3%83%B3%E5%B8%82>
<http://www.wikidata.org/entity/Q1854>	"ホーチミン市"@ja	<http://www.wikidata.org/entity/Q1637706>	"100万都市"@ja	<http://www.wikidata.org/entity/P190>	"姉妹都市"@ja	<https://ja.wikipedia.org/wiki/%E3%83%9B%E3%83%BC%E3%83%81%E3%83%9F%E3%83%B3%E5%B8%82>
<http://www.wikidata.org/entity/Q1854>	"ホーチミン市"@ja	<http://www.wikidata.org/entity/Q1549591>	"10万都市"@ja	<http://www.wikidata.org/entity/P190>	"姉妹都市"@ja	<https://ja.wikipedia.org/wiki/%E3%83%9B%E3%83%BC%E3%83%81%E3%83%9F%E3%83%B3%E5%B8%82>
<http://www.wikidata.org/entity/Q1854>	"ホーチミン市"@ja	<http://www.wikidata.org/entity/Q1381899>	"中央直轄市"@ja	<http://www.wikidata.org/entity/P190>	"姉妹都市"@ja	<https://ja.wikipedia.org/wiki/%E3%83%9B%E3%83%BC%E3%83%81%E3%83%9F%E3%83%B3%E5%B8%82>
<http://www.wikidata.org/entity/Q1854>	"ホーチミン市"@ja	<http://www.wikidata.org/entity/Q1074523>	"計画都市"@ja	<http://www.wikidata.org/entity/P190>	"姉妹都市"@ja	<https://ja.wikipedia.org/wiki/%E3%83%9B%E3%83%BC%E3%83%81%E3%83%9F%E3%83%B3%E5%B8%82>
<http://www.wikidata.org/entity/Q1854>	"ホーチミン市"@ja	<http://www.wikidata.org/entity/Q174844>	"メガシティ"@ja	<http://www.wikidata.org/entity/P190>	"姉妹都市"@ja	<https://ja.wikipedia.org/wiki/%E3%83%9B%E3%83%BC%E3%83%81%E3%83%9F%E3%83%B3%E5%B8%82>
<http://www.wikidata.org/entity/Q1854>	"ホーチミン市"@ja	<http://www.wikidata.org/entity/Q515>	"都市"@ja	<http://www.wikidata.org/entity/P190>	"姉妹都市"@ja	<https://ja.wikipedia.org/wiki/%E3%83%9B%E3%83%BC%E3%83%81%E3%83%9F%E3%83%B3%E5%B8%82>
<http://www.wikidata.org/entity/Q1858>	"ハノイ"@ja	<http://www.wikidata.org/entity/Q50330360>	"国内で人口2位の都市"@ja	<http://www.wikidata.org/entity/P190>	"姉妹都市"@ja	<https://ja.wikipedia.org/wiki/%E3%83%8F%E3%83%8E%E3%82%A4>
<http://www.wikidata.org/entity/Q1858>	"ハノイ"@ja	<http://www.wikidata.org/entity/Q1637706>	"100万都市"@ja	<http://www.wikidata.org/entity/P190>	"姉妹都市"@ja	<https://ja.wikipedia.org/wiki/%E3%83%8F%E3%83%8E%E3%82%A4>
<http://www.wikidata.org/entity/Q1858>	"ハノイ"@ja	<http://www.wikidata.org/entity/Q1549591>	"10万都市"@ja	<http://www.wikidata.org/entity/P190>	"姉妹都市"@ja	<https://ja.wikipedia.org/wiki/%E3%83%8F%E3%83%8E%E3%82%A4>
<http://www.wikidata.org/entity/Q1858>	"ハノイ"@ja	<http://www.wikidata.org/entity/Q1381899>	"中央直轄市"@ja	<http://www.wikidata.org/entity/P190>	"姉妹都市"@ja	<https://ja.wikipedia.org/wiki/%E3%83%8F%E3%83%8E%E3%82%A4>
<http://www.wikidata.org/entity/Q1858>	"ハノイ"@ja	<http://www.wikidata.org/entity/Q486972>	"集落"@ja	<http://www.wikidata.org/entity/P190>	"姉妹都市"@ja	<https://ja.wikipedia.org/wiki/%E3%83%8F%E3%83%8E%E3%82%A4>
<http://www.wikidata.org/entity/Q1858>	"ハノイ"@ja	<http://www.wikidata.org/entity/Q5119>	"首都"@ja	<http://www.wikidata.org/entity/P190>	"姉妹都市"@ja	<https://ja.wikipedia.org/wiki/%E3%83%8F%E3%83%8E%E3%82%A4>
<http://www.wikidata.org/entity/Q1858>	"ハノイ"@ja	<http://www.wikidata.org/entity/Q515>	"都市"@ja	<http://www.wikidata.org/entity/P190>	"姉妹都市"@ja	<https://ja.wikipedia.org/wiki/%E3%83%8F%E3%83%8E%E3%82%A4>
<http://www.wikidata.org/entity/Q17>	"日本"@ja	<http://www.wikidata.org/entity/Q113489728>	"OECD加盟国"@ja	<http://www.wikidata.org/entity/P17>	"国"@ja	<https://ja.wikipedia.org/wiki/%E6%97%A5%E6%9C%AC>
<http://www.wikidata.org/entity/Q17>	"日本"@ja	<http://www.wikidata.org/entity/Q3624078>	"主権国家"@ja	<http://www.wikidata.org/entity/P17>	"国"@ja	<https://ja.wikipedia.org/wiki/%E6%97%A5%E6%9C%AC>
<http://www.wikidata.org/entity/Q17>	"日本"@ja	<http://www.wikidata.org/entity/Q112099>	"島国"@ja	<http://www.wikidata.org/entity/P17>	"国"@ja	<https://ja.wikipedia.org/wiki/%E6%97%A5%E6%9C%AC>
<http://www.wikidata.org/entity/Q17>	"日本"@ja	<http://www.wikidata.org/entity/Q6256>	"国"@ja	<http://www.wikidata.org/entity/P17>	"国"@ja	<https://ja.wikipedia.org/wiki/%E6%97%A5%E6%9C%AC>
<http://www.wikidata.org/entity/Q141017>	"東京湾"@ja	<http://www.wikidata.org/entity/Q39594>	"湾"@ja	<http://www.wikidata.org/entity/P206>	"隣接・位置する水域"@ja	<https://ja.wikipedia.org/wiki/%E6%9D%B1%E4%BA%AC%E6%B9%BE>
<http://www.wikidata.org/entity/Q160121>	"ヤブツバキ"@ja	<http://www.wikidata.org/entity/Q16521>	"タクソン"@ja	<http://www.wikidata.org/entity/P2238>	"公式シンボル"@ja	<https://ja.wikipedia.org/wiki/%E3%83%84%E3%83%90%E3%82%AD>
<http://www.wikidata.org/entity/Q127513>	"神奈川県"@ja	<http://www.wikidata.org/entity/Q50337>	"都道府県"@ja	<http://www.wikidata.org/entity/P1376>	"以下の首都"@ja	<https://ja.wikipedia.org/wiki/%E7%A5%9E%E5%A5%88%E5%B7%9D%E7%9C%8C>
<http://www.wikidata.org/entity/Q127513>	"神奈川県"@ja	<http://www.wikidata.org/entity/Q50337>	"都道府県"@ja	<http://www.wikidata.org/entity/P131>	"位置する行政区画"@ja	<https://ja.wikipedia.org/wiki/%E7%A5%9E%E5%A5%88%E5%B7%9D%E7%9C%8C>
<http://www.wikidata.org/entity/Q79808>	"コンスタンツァ"@ja	<http://www.wikidata.org/entity/Q34843301>	"Q34843301"	<http://www.wikidata.org/entity/P190>	"姉妹都市"@ja	<https://ja.wikipedia.org/wiki/%E3%82%B3%E3%83%B3%E3%82%B9%E3%82%BF%E3%83%B3%E3%83%84%E3%82%A1>
<http://www.wikidata.org/entity/Q79808>	"コンスタンツァ"@ja	<http://www.wikidata.org/entity/Q2264924>	"港湾都市"@ja	<http://www.wikidata.org/entity/P190>	"姉妹都市"@ja	<https://ja.wikipedia.org/wiki/%E3%82%B3%E3%83%B3%E3%82%B9%E3%82%BF%E3%83%B3%E3%83%84%E3%82%A1>
<http://www.wikidata.org/entity/Q79808>	"コンスタンツァ"@ja	<http://www.wikidata.org/entity/Q1549591>	"10万都市"@ja	<http://www.wikidata.org/entity/P190>	"姉妹都市"@ja	<https://ja.wikipedia.org/wiki/%E3%82%B3%E3%83%B3%E3%82%B9%E3%82%BF%E3%83%B3%E3%83%84%E3%82%A1>
<http://www.wikidata.org/entity/Q79808>	"コンスタンツァ"@ja	<http://www.wikidata.org/entity/Q640364>	"Q640364"	<http://www.wikidata.org/entity/P190>	"姉妹都市"@ja	<https://ja.wikipedia.org/wiki/%E3%82%B3%E3%83%B3%E3%82%B9%E3%82%BF%E3%83%B3%E3%83%84%E3%82%A1>
<http://www.wikidata.org/entity/Q79808>	"コンスタンツァ"@ja	<http://www.wikidata.org/entity/Q515>	"都市"@ja	<http://www.wikidata.org/entity/P190>	"姉妹都市"@ja	<https://ja.wikipedia.org/wiki/%E3%82%B3%E3%83%B3%E3%82%B9%E3%82%BF%E3%83%B3%E3%83%84%E3%82%A1>
<http://www.wikidata.org/entity/Q164234>	"川崎市"@ja	<http://www.wikidata.org/entity/Q1749269>	"政令指定都市"@ja	<http://www.wikidata.org/entity/P47>	"隣の国又は行政区画"@ja	<https://ja.wikipedia.org/wiki/%E5%B7%9D%E5%B4%8E%E5%B8%82>
<http://www.wikidata.org/entity/Q164234>	"川崎市"@ja	<http://www.wikidata.org/entity/Q1637706>	"100万都市"@ja	<http://www.wikidata.org/entity/P47>	"隣の国又は行政区画"@ja	<https://ja.wikipedia.org/wiki/%E5%B7%9D%E5%B4%8E%E5%B8%82>
<http://www.wikidata.org/entity/Q164234>	"川崎市"@ja	<http://www.wikidata.org/entity/Q691960>	"衛星都市"@ja	<http://www.wikidata.org/entity/P47>	"隣の国又は行政区画"@ja	<https://ja.wikipedia.org/wiki/%E5%B7%9D%E5%B4%8E%E5%B8%82>
<http://www.wikidata.org/entity/Q164234>	"川崎市"@ja	<http://www.wikidata.org/entity/Q494721>	"日本の市"@ja	<http://www.wikidata.org/entity/P47>	"隣の国又は行政区画"@ja	<https://ja.wikipedia.org/wiki/%E5%B7%9D%E5%B4%8E%E5%B8%82>
<http://www.wikidata.org/entity/Q1153930>	"瀬谷区"@ja	<http://www.wikidata.org/entity/Q137773>	"日本の区"@ja	<http://www.wikidata.org/entity/P150>	"直下の行政区画"@ja	<https://ja.wikipedia.org/wiki/%E7%80%AC%E8%B0%B7%E5%8C%BA>
<http://www.wikidata.org/entity/Q1153953>	"旭区"@ja	<http://www.wikidata.org/entity/Q137773>	"日本の区"@ja	<http://www.wikidata.org/entity/P150>	"直下の行政区画"@ja	<https://ja.wikipedia.org/wiki/%E6%97%AD%E5%8C%BA_(%E6%A8%AA%E6%B5%9C%E5%B8%82)>
<http://www.wikidata.org/entity/Q1153968>	"港南区"@ja	<http://www.wikidata.org/entity/Q137773>	"日本の区"@ja	<http://www.wikidata.org/entity/P150>	"直下の行政区画"@ja	<https://ja.wikipedia.org/wiki/%E6%B8%AF%E5%8D%97%E5%8C%BA>
<http://www.wikidata.org/entity/Q1153982>	"南区"@ja	<http://www.wikidata.org/entity/Q137773>	"日本の区"@ja	<http://www.wikidata.org/entity/P150>	"直下の行政区画"@ja	<https://ja.wikipedia.org/wiki/%E5%8D%97%E5%8C%BA_(%E6%A8%AA%E6%B5%9C%E5%B8%82)>
<http://www.wikidata.org/entity/Q1190021>	"横浜港"@ja	<http://www.wikidata.org/entity/Q44782>	"港湾"@ja	<http://www.wikidata.org/entity/P206>	"隣接・位置する水域"@ja	<https://ja.wikipedia.org/wiki/%E6%A8%AA%E6%B5%9C%E6%B8%AF>
<http://www.wikidata.org/entity/Q1192964>	"保土ケ谷区"@ja	<http://www.wikidata.org/entity/Q137773>	"日本の区"@ja	<http://www.wikidata.org/entity/P150>	"直下の行政区画"@ja	<https://ja.wikipedia.org/wiki/%E4%BF%9D%E5%9C%9F%E3%82%B1%E8%B0%B7%E5%8C%BA>
<http://www.wikidata.org/entity/Q956>	"北京市"@ja	<http://www.wikidata.org/entity/Q50330360>	"国内で人口2位の都市"@ja	<http://www.wikidata.org/entity/P190>	"姉妹都市"@ja	<https://ja.wikipedia.org/wiki/%E5%8C%97%E4%BA%AC%E5%B8%82>
<http://www.wikidata.org/entity/Q956>	"北京市"@ja	<http://www.wikidata.org/entity/Q27554677>	"古都"@ja	<http://www.wikidata.org/entity/P190>	"姉妹都市"@ja	<https://ja.wikipedia.org/wiki/%E5%8C%97%E4%BA%AC%E5%B8%82>
<http://www.wikidata.org/entity/Q956>	"北京市"@ja	<http://www.wikidata.org/entity/Q1637706>	"100万都市"@ja	<http://www.wikidata.org/entity/P190>	"姉妹都市"@ja	<https://ja.wikipedia.org/wiki/%E5%8C%97%E4%BA%AC%E5%B8%82>
<http://www.wikidata.org/entity/Q956>	"北京市"@ja	<http://www.wikidata.org/entity/Q1549591>	"10万都市"@ja	<http://www.wikidata.org/entity/P190>	"姉妹都市"@ja	<https://ja.wikipedia.org/wiki/%E5%8C%97%E4%BA%AC%E5%B8%82>
<http://www.wikidata.org/entity/Q956>	"北京市"@ja	<http://www.wikidata.org/entity/Q1208802>	"直轄市"@ja	<http://www.wikidata.org/entity/P190>	"姉妹都市"@ja	<https://ja.wikipedia.org/wiki/%E5%8C%97%E4%BA%AC%E5%B8%82>
<http://www.wikidata.org/entity/Q956>	"北京市"@ja	<http://www.wikidata.org/entity/Q1066538>	"国家中心都市"@ja	<http://www.wikidata.org/entity/P190>	"姉妹都市"@ja	<https://ja.wikipedia.org/wiki/%E5%8C%97%E4%BA%AC%E5%B8%82>
<http://www.wikidata.org/entity/Q956>	"北京市"@ja	<http://www.wikidata.org/entity/Q208511>	"世界都市"@ja	<http://www.wikidata.org/entity/P190>	"姉妹都市"@ja	<https://ja.wikipedia.org/wiki/%E5%8C%97%E4%BA%AC%E5%B8%82>
<http://www.wikidata.org/entity/Q956>	"北京市"@ja	<http://www.wikidata.org/entity/Q200250>	"メトロポリス"@ja	<http://www.wikidata.org/entity/P190>	"姉妹都市"@ja	<https://ja.wikipedia.org/wiki/%E5%8C%97%E4%BA%AC%E5%B8%82>
<http://www.wikidata.org/entity/Q956>	"北京市"@ja	<http://www.wikidata.org/entity/Q174844>	"メガシティ"@ja	<http://www.wikidata.org/entity/P190>	"姉妹都市"@ja	<https://ja.wikipedia.org/wiki/%E5%8C%97%E4%BA%AC%E5%B8%82>
<http://www.wikidata.org/entity/Q956>	"北京市"@ja	<http://www.wikidata.org/entity/Q5119>	"首都"@ja	<http://www.wikidata.org/entity/P190>	"姉妹都市"@ja	<https://ja.wikipedia.org/wiki/%E5%8C%97%E4%BA%AC%E5%B8%82>
<http://www.wikidata.org/entity/Q956>	"北京市"@ja	<http://www.wikidata.org/entity/Q515>	"都市"@ja	<http://www.wikidata.org/entity/P190>	"姉妹都市"@ja	<https://ja.wikipedia.org/wiki/%E5%8C%97%E4%BA%AC%E5%B8%82>
<http://www.wikidata.org/entity/Q200267>	"鎌倉市"@ja	<http://www.wikidata.org/entity/Q15661340>	"古代都市"@ja	<http://www.wikidata.org/entity/P47>	"隣の国又は行政区画"@ja	<https://ja.wikipedia.org/wiki/%E9%8E%8C%E5%80%89%E5%B8%82>
<http://www.wikidata.org/entity/Q200267>	"鎌倉市"@ja	<http://www.wikidata.org/entity/Q1549591>	"10万都市"@ja	<http://www.wikidata.org/entity/P47>	"隣の国又は行政区画"@ja	<https://ja.wikipedia.org/wiki/%E9%8E%8C%E5%80%89%E5%B8%82>
<http://www.wikidata.org/entity/Q200267>	"鎌倉市"@ja	<http://www.wikidata.org/entity/Q1200957>	"観光客の目的地"@ja	<http://www.wikidata.org/entity/P47>	"隣の国又は行政区画"@ja	<https://ja.wikipedia.org/wiki/%E9%8E%8C%E5%80%89%E5%B8%82>
<http://www.wikidata.org/entity/Q200267>	"鎌倉市"@ja	<http://www.wikidata.org/entity/Q494721>	"日本の市"@ja	<http://www.wikidata.org/entity/P47>	"隣の国又は行政区画"@ja	<https://ja.wikipedia.org/wiki/%E9%8E%8C%E5%80%89%E5%B8%82>
<http://www.wikidata.org/entity/Q200578>	"横須賀市"@ja	<http://www.wikidata.org/entity/Q1549591>	"10万都市"@ja	<http://www.wikidata.org/entity/P1889>	"以下と異なる"@ja	<https://ja.wikipedia.org/wiki/%E6%A8%AA%E9%A0%88%E8%B3%80%E5%B8%82>
<http://www.wikidata.org/entity/Q200578>	"横須賀市"@ja	<http://www.wikidata.org/entity/Q1137833>	"中核市"@ja	<http://www.wikidata.org/entity/P1889>	"以下と異なる"@ja	<https://ja.wikipedia.org/wiki/%E6%A8%AA%E9%A0%88%E8%B3%80%E5%B8%82>
<http://www.wikidata.org/entity/Q200578>	"横須賀市"@ja	<http://www.wikidata.org/entity/Q620509>	"軍郷"@ja	<http://www.wikidata.org/entity/P1889>	"以下と異なる"@ja	<https://ja.wikipedia.org/wiki/%E6%A8%AA%E9%A0%88%E8%B3%80%E5%B8%82>
<http://www.wikidata.org/entity/Q200578>	"横須賀市"@ja	<http://www.wikidata.org/entity/Q494721>	"日本の市"@ja	<http://www.wikidata.org/entity/P1889>	"以下と異なる"@ja	<https://ja.wikipedia.org/wiki/%E6%A8%AA%E9%A0%88%E8%B3%80%E5%B8%82>
<http://www.wikidata.org/entity/Q200578>	"横須賀市"@ja	<http://www.wikidata.org/entity/Q1549591>	"10万都市"@ja	<http://www.wikidata.org/entity/P47>	"隣の国又は行政区画"@ja	<https://ja.wikipedia.org/wiki/%E6%A8%AA%E9%A0%88%E8%B3%80%E5%B8%82>
<http://www.wikidata.org/entity/Q200578>	"横須賀市"@ja	<http://www.wikidata.org/entity/Q1137833>	"中核市"@ja	<http://www.wikidata.org/entity/P47>	"隣の国又は行政区画"@ja	<https://ja.wikipedia.org/wiki/%E6%A8%AA%E9%A0%88%E8%B3%80%E5%B8%82>
<http://www.wikidata.org/entity/Q200578>	"横須賀市"@ja	<http://www.wikidata.org/entity/Q620509>	"軍郷"@ja	<http://www.wikidata.org/entity/P47>	"隣の国又は行政区画"@ja	<https://ja.wikipedia.org/wiki/%E6%A8%AA%E9%A0%88%E8%B3%80%E5%B8%82>
<http://www.wikidata.org/entity/Q200578>	"横須賀市"@ja	<http://www.wikidata.org/entity/Q494721>	"日本の市"@ja	<http://www.wikidata.org/entity/P47>	"隣の国又は行政区画"@ja	<https://ja.wikipedia.org/wiki/%E6%A8%AA%E9%A0%88%E8%B3%80%E5%B8%82>
<http://www.wikidata.org/entity/Q210628>	"町田市"@ja	<http://www.wikidata.org/entity/Q1549591>	"10万都市"@ja	<http://www.wikidata.org/entity/P47>	"隣の国又は行政区画"@ja	<https://ja.wikipedia.org/wiki/%E7%94%BA%E7%94%B0%E5%B8%82>
<http://www.wikidata.org/entity/Q210628>	"町田市"@ja	<http://www.wikidata.org/entity/Q494721>	"日本の市"@ja	<http://www.wikidata.org/entity/P47>	"隣の国又は行政区画"@ja	<https://ja.wikipedia.org/wiki/%E7%94%BA%E7%94%B0%E5%B8%82>
<http://www.wikidata.org/entity/Q230843>	"逗子市"@ja	<http://www.wikidata.org/entity/Q494721>	"日本の市"@ja	<http://www.wikidata.org/entity/P47>	"隣の国又は行政区画"@ja	<https://ja.wikipedia.org/wiki/%E9%80%97%E5%AD%90%E5%B8%82>
<http://www.wikidata.org/entity/Q386661>	"藤沢市"@ja	<http://www.wikidata.org/entity/Q11499984>	"文教都市"@ja	<http://www.wikidata.org/entity/P47>	"隣の国又は行政区画"@ja	<https://ja.wikipedia.org/wiki/%E8%97%A4%E6%B2%A2%E5%B8%82>
<http://www.wikidata.org/entity/Q386661>	"藤沢市"@ja	<http://www.wikidata.org/entity/Q9391358>	"保健所政令市"@ja	<http://www.wikidata.org/entity/P47>	"隣の国又は行政区画"@ja	<https://ja.wikipedia.org/wiki/%E8%97%A4%E6%B2%A2%E5%B8%82>
<http://www.wikidata.org/entity/Q386661>	"藤沢市"@ja	<http://www.wikidata.org/entity/Q1549591>	"10万都市"@ja	<http://www.wikidata.org/entity/P47>	"隣の国又は行政区画"@ja	<https://ja.wikipedia.org/wiki/%E8%97%A4%E6%B2%A2%E5%B8%82>
<http://www.wikidata.org/entity/Q386661>	"藤沢市"@ja	<http://www.wikidata.org/entity/Q691960>	"衛星都市"@ja	<http://www.wikidata.org/entity/P47>	"隣の国又は行政区画"@ja	<https://ja.wikipedia.org/wiki/%E8%97%A4%E6%B2%A2%E5%B8%82>
<http://www.wikidata.org/entity/Q386661>	"藤沢市"@ja	<http://www.wikidata.org/entity/Q494721>	"日本の市"@ja	<http://www.wikidata.org/entity/P47>	"隣の国又は行政区画"@ja	<https://ja.wikipedia.org/wiki/%E8%97%A4%E6%B2%A2%E5%B8%82>
<http://www.wikidata.org/entity/Q386697>	"大和市"@ja	<http://www.wikidata.org/entity/Q1549591>	"10万都市"@ja	<http://www.wikidata.org/entity/P47>	"隣の国又は行政区画"@ja	<https://ja.wikipedia.org/wiki/%E5%A4%A7%E5%92%8C%E5%B8%82>
<http://www.wikidata.org/entity/Q386697>	"大和市"@ja	<http://www.wikidata.org/entity/Q1145012>	"特例市"@ja	<http://www.wikidata.org/entity/P47>	"隣の国又は行政区画"@ja	<https://ja.wikipedia.org/wiki/%E5%A4%A7%E5%92%8C%E5%B8%82>
<http://www.wikidata.org/entity/Q518431>	"チンボテ"@ja	<http://www.wikidata.org/entity/Q1549591>	"10万都市"@ja	<http://www.wikidata.org/entity/P190>	"姉妹都市"@ja	<https://ja.wikipedia.org/wiki/%E3%83%81%E3%83%B3%E3%83%9C%E3%83%86>
<http://www.wikidata.org/entity/Q518431>	"チンボテ"@ja	<http://www.wikidata.org/entity/Q515>	"都市"@ja	<http://www.wikidata.org/entity/P190>	"姉妹都市"@ja	<https://ja.wikipedia.org/wiki/%E3%83%81%E3%83%B3%E3%83%9C%E3%83%86>
<http://www.wikidata.org/entity/Q48>	"アジア"@ja	<http://www.wikidata.org/entity/Q2418896>	"世界の一部"@ja	<http://www.wikidata.org/entity/P30>	"大陸"@ja	<https://ja.wikipedia.org/wiki/%E3%82%A2%E3%82%B8%E3%82%A2>
<http://www.wikidata.org/entity/Q48>	"アジア"@ja	<http://www.wikidata.org/entity/Q5107>	"大陸"@ja	<http://www.wikidata.org/entity/P30>	"大陸"@ja	<https://ja.wikipedia.org/wiki/%E3%82%A2%E3%82%B8%E3%82%A2>
<http://www.wikidata.org/entity/Q1202820>	"鶴見区"@ja	<http://www.wikidata.org/entity/Q137773>	"日本の区"@ja	<http://www.wikidata.org/entity/P150>	"直下の行政区画"@ja	<https://ja.wikipedia.org/wiki/%E9%B6%B4%E8%A6%8B%E5%8C%BA_(%E6%A8%AA%E6%B5%9C%E5%B8%82)>
<http://www.wikidata.org/entity/Q1203361>	"青葉区"@ja	<http://www.wikidata.org/entity/Q137773>	"日本の区"@ja	<http://www.wikidata.org/entity/P150>	"直下の行政区画"@ja	<https://ja.wikipedia.org/wiki/%E9%9D%92%E8%91%89%E5%8C%BA_(%E6%A8%AA%E6%B5%9C%E5%B8%82)>
<http://www.wikidata.org/entity/Q1203373>	"緑区"@ja	<http://www.wikidata.org/entity/Q137773>	"日本の区"@ja	<http://www.wikidata.org/entity/P150>	"直下の行政区画"@ja	<https://ja.wikipedia.org/wiki/%E7%B7%91%E5%8C%BA_(%E6%A8%AA%E6%B5%9C%E5%B8%82)>
<http://www.wikidata.org/entity/Q1203386>	"泉区"@ja	<http://www.wikidata.org/entity/Q137773>	"日本の区"@ja	<http://www.wikidata.org/entity/P150>	"直下の行政区画"@ja	<https://ja.wikipedia.org/wiki/%E6%B3%89%E5%8C%BA_(%E6%A8%AA%E6%B5%9C%E5%B8%82)>
<http://www.wikidata.org/entity/Q1203393>	"西区"@ja	<http://www.wikidata.org/entity/Q137773>	"日本の区"@ja	<http://www.wikidata.org/entity/P150>	"直下の行政区画"@ja	<https://ja.wikipedia.org/wiki/%E8%A5%BF%E5%8C%BA_(%E6%A8%AA%E6%B5%9C%E5%B8%82)>
<http://www.wikidata.org/entity/Q1358965>	"港北区"@ja	<http://www.wikidata.org/entity/Q137773>	"日本の区"@ja	<http://www.wikidata.org/entity/P150>	"直下の行政区画"@ja	<https://ja.wikipedia.org/wiki/%E6%B8%AF%E5%8C%97%E5%8C%BA>
<http://www.wikidata.org/entity/Q1749770>	"横浜市三ツ沢公園球技場"@ja	<http://www.wikidata.org/entity/Q15303456>	"ラグビー場"@ja	<http://www.wikidata.org/entity/P1830>	"所有物"@ja	<https://ja.wikipedia.org/wiki/%E4%B8%89%E3%83%84%E6%B2%A2%E5%85%AC%E5%9C%92%E7%90%83%E6%8A%80%E5%A0%B4>
<http://www.wikidata.org/entity/Q1749770>	"横浜市三ツ沢公園球技場"@ja	<http://www.wikidata.org/entity/Q1154710>	"サッカースタジアム"@ja	<http://www.wikidata.org/entity/P1830>	"所有物"@ja	<https://ja.wikipedia.org/wiki/%E4%B8%89%E3%83%84%E6%B2%A2%E5%85%AC%E5%9C%92%E7%90%83%E6%8A%80%E5%A0%B4>
<http://www.wikidata.org/entity/Q2590046>	"サザンカ"@ja	<http://www.wikidata.org/entity/Q16521>	"タクソン"@ja	<http://www.wikidata.org/entity/P2238>	"公式シンボル"@ja	<https://ja.wikipedia.org/wiki/%E3%82%B5%E3%82%B6%E3%83%B3%E3%82%AB>
<http://www.wikidata.org/entity/Q6173448>	"Wikipedia:すべての言語版にあるべき項目の一覧/1万の項目"@ja	<http://www.wikidata.org/entity/Q16695773>	"ウィキプロジェクト"@ja	<http://www.wikidata.org/entity/P5008>	"ウィキメディアプロジェクトの作業リスト"@ja	<https://ja.wikipedia.org/wiki/Wikipedia:%E3%81%99%E3%81%B9%E3%81%A6%E3%81%AE%E8%A8%80%E8%AA%9E%E7%89%88%E3%81%AB%E3%81%82%E3%82%8B%E3%81%B9%E3%81%8D%E9%A0%85%E7%9B%AE%E3%81%AE%E4%B8%80%E8%A6%A7/1%E4%B8%87%E3%81%AE%E9%A0%85%E7%9B%AE>
<http://www.wikidata.org/entity/Q6173448>	"Wikipedia:すべての言語版にあるべき項目の一覧/1万の項目"@ja	<http://www.wikidata.org/entity/Q14204246>	"ウィキメディアのプロジェクトページ"@ja	<http://www.wikidata.org/entity/P5008>	"ウィキメディアプロジェクトの作業リスト"@ja	<https://ja.wikipedia.org/wiki/Wikipedia:%E3%81%99%E3%81%B9%E3%81%A6%E3%81%AE%E8%A8%80%E8%AA%9E%E7%89%88%E3%81%AB%E3%81%82%E3%82%8B%E3%81%B9%E3%81%8D%E9%A0%85%E7%9B%AE%E3%81%AE%E4%B8%80%E8%A6%A7/1%E4%B8%87%E3%81%AE%E9%A0%85%E7%9B%AE>
<http://www.wikidata.org/entity/Q6173448>	"Wikipedia:すべての言語版にあるべき項目の一覧/1万の項目"@ja	<http://www.wikidata.org/entity/Q13406463>	"ウィキメディアの一覧記事"@ja	<http://www.wikidata.org/entity/P5008>	"ウィキメディアプロジェクトの作業リスト"@ja	<https://ja.wikipedia.org/wiki/Wikipedia:%E3%81%99%E3%81%B9%E3%81%A6%E3%81%AE%E8%A8%80%E8%AA%9E%E7%89%88%E3%81%AB%E3%81%82%E3%82%8B%E3%81%B9%E3%81%8D%E9%A0%85%E7%9B%AE%E3%81%AE%E4%B8%80%E8%A6%A7/1%E4%B8%87%E3%81%AE%E9%A0%85%E7%9B%AE>
<http://www.wikidata.org/entity/Q6360246>	"神奈川県第1区"@ja	<http://www.wikidata.org/entity/Q23983335>	"衆議院選挙区"@ja	<http://www.wikidata.org/entity/P7938>	"関連する選挙区"@ja	<https://ja.wikipedia.org/wiki/%E7%A5%9E%E5%A5%88%E5%B7%9D%E7%9C%8C%E7%AC%AC1%E5%8C%BA>
<http://www.wikidata.org/entity/Q6360252>	"神奈川県第2区"@ja	<http://www.wikidata.org/entity/Q23983335>	"衆議院選挙区"@ja	<http://www.wikidata.org/entity/P7938>	"関連する選挙区"@ja	<https://ja.wikipedia.org/wiki/%E7%A5%9E%E5%A5%88%E5%B7%9D%E7%9C%8C%E7%AC%AC2%E5%8C%BA>
<http://www.wikidata.org/entity/Q1156>	"ムンバイ"@ja	<http://www.wikidata.org/entity/Q50330360>	"国内で人口2位の都市"@ja	<http://www.wikidata.org/entity/P190>	"姉妹都市"@ja	<https://ja.wikipedia.org/wiki/%E3%83%A0%E3%83%B3%E3%83%90%E3%82%A4>
<http://www.wikidata.org/entity/Q1156>	"ムンバイ"@ja	<http://www.wikidata.org/entity/Q11271835>	"州都"@ja	<http://www.wikidata.org/entity/P190>	"姉妹都市"@ja	<https://ja.wikipedia.org/wiki/%E3%83%A0%E3%83%B3%E3%83%90%E3%82%A4>
<http://www.wikidata.org/entity/Q1156>	"ムンバイ"@ja	<http://www.wikidata.org/entity/Q1637706>	"100万都市"@ja	<http://www.wikidata.org/entity/P190>	"姉妹都市"@ja	<https://ja.wikipedia.org/wiki/%E3%83%A0%E3%83%B3%E3%83%90%E3%82%A4>
<http://www.wikidata.org/entity/Q1156>	"ムンバイ"@ja	<http://www.wikidata.org/entity/Q745456>	"ビジネス・クラスター"@ja	<http://www.wikidata.org/entity/P190>	"姉妹都市"@ja	<https://ja.wikipedia.org/wiki/%E3%83%A0%E3%83%B3%E3%83%90%E3%82%A4>
<http://www.wikidata.org/entity/Q1156>	"ムンバイ"@ja	<http://www.wikidata.org/entity/Q200250>	"メトロポリス"@ja	<http://www.wikidata.org/entity/P190>	"姉妹都市"@ja	<https://ja.wikipedia.org/wiki/%E3%83%A0%E3%83%B3%E3%83%90%E3%82%A4>
<http://www.wikidata.org/entity/Q1156>	"ムンバイ"@ja	<http://www.wikidata.org/entity/Q174844>	"メガシティ"@ja	<http://www.wikidata.org/entity/P190>	"姉妹都市"@ja	<https://ja.wikipedia.org/wiki/%E3%83%A0%E3%83%B3%E3%83%90%E3%82%A4>
<http://www.wikidata.org/entity/Q1156>	"ムンバイ"@ja	<http://www.wikidata.org/entity/Q515>	"都市"@ja	<http://www.wikidata.org/entity/P190>	"姉妹都市"@ja	<https://ja.wikipedia.org/wiki/%E3%83%A0%E3%83%B3%E3%83%90%E3%82%A4>
<http://www.wikidata.org/entity/Q1461>	"マニラ"@ja	<http://www.wikidata.org/entity/Q108178728>	"首都"@ja	<http://www.wikidata.org/entity/P190>	"姉妹都市"@ja	<https://ja.wikipedia.org/wiki/%E3%83%9E%E3%83%8B%E3%83%A9>
<http://www.wikidata.org/entity/Q1461>	"マニラ"@ja	<http://www.wikidata.org/entity/Q50330360>	"国内で人口2位の都市"@ja	<http://www.wikidata.org/entity/P190>	"姉妹都市"@ja	<https://ja.wikipedia.org/wiki/%E3%83%9E%E3%83%8B%E3%83%A9>
<http://www.wikidata.org/entity/Q1461>	"マニラ"@ja	<http://www.wikidata.org/entity/Q29946056>	"高度都市化市"@ja	<http://www.wikidata.org/entity/P190>	"姉妹都市"@ja	<https://ja.wikipedia.org/wiki/%E3%83%9E%E3%83%8B%E3%83%A9>
<http://www.wikidata.org/entity/Q1461>	"マニラ"@ja	<http://www.wikidata.org/entity/Q1637706>	"100万都市"@ja	<http://www.wikidata.org/entity/P190>	"姉妹都市"@ja	<https://ja.wikipedia.org/wiki/%E3%83%9E%E3%83%8B%E3%83%A9>
<http://www.wikidata.org/entity/Q1461>	"マニラ"@ja	<http://www.wikidata.org/entity/Q1549591>	"10万都市"@ja	<http://www.wikidata.org/entity/P190>	"姉妹都市"@ja	<https://ja.wikipedia.org/wiki/%E3%83%9E%E3%83%8B%E3%83%A9>
<http://www.wikidata.org/entity/Q1461>	"マニラ"@ja	<http://www.wikidata.org/entity/Q1422929>	"プライメイトシティ"@ja	<http://www.wikidata.org/entity/P190>	"姉妹都市"@ja	<https://ja.wikipedia.org/wiki/%E3%83%9E%E3%83%8B%E3%83%A9>
<http://www.wikidata.org/entity/Q1461>	"マニラ"@ja	<http://www.wikidata.org/entity/Q200250>	"メトロポリス"@ja	<http://www.wikidata.org/entity/P190>	"姉妹都市"@ja	<https://ja.wikipedia.org/wiki/%E3%83%9E%E3%83%8B%E3%83%A9>
<http://www.wikidata.org/entity/Q1461>	"マニラ"@ja	<http://www.wikidata.org/entity/Q174844>	"メガシティ"@ja	<http://www.wikidata.org/entity/P190>	"姉妹都市"@ja	<https://ja.wikipedia.org/wiki/%E3%83%9E%E3%83%8B%E3%83%A9>
<http://www.wikidata.org/entity/Q524038>	"戸塚区"@ja	<http://www.wikidata.org/entity/Q137773>	"日本の区"@ja	<http://www.wikidata.org/entity/P150>	"直下の行政区画"@ja	<https://ja.wikipedia.org/wiki/%E6%88%B8%E5%A1%9A%E5%8C%BA>
<http://www.wikidata.org/entity/Q529363>	"林文子"@ja	<http://www.wikidata.org/entity/Q5>	"ヒト"@ja	<http://www.wikidata.org/entity/P6>	"行政府の長"@ja	<https://ja.wikipedia.org/wiki/%E6%9E%97%E6%96%87%E5%AD%90>
<http://www.wikidata.org/entity/Q602358>	"ブロックハウス・エフロン百科事典"@ja	<http://www.wikidata.org/entity/Q975413>	"百科辞書"@ja	<http://www.wikidata.org/entity/P1343>	"掲載している情報源"@ja	<https://ja.wikipedia.org/wiki/%E3%83%96%E3%83%AD%E3%83%83%E3%82%AF%E3%83%8F%E3%82%A6%E3%82%B9%E3%83%BB%E3%82%A8%E3%83%95%E3%83%AD%E3%83%B3%E7%99%BE%E7%A7%91%E4%BA%8B%E5%85%B8>
<http://www.wikidata.org/entity/Q867541>	"ブリタニカ百科事典第11版"@ja	<http://www.wikidata.org/entity/Q3331189>	"版"@ja	<http://www.wikidata.org/entity/P1343>	"掲載している情報源"@ja	<https://ja.wikipedia.org/wiki/%E3%83%96%E3%83%AA%E3%82%BF%E3%83%8B%E3%82%AB%E7%99%BE%E7%A7%91%E4%BA%8B%E5%85%B8%E7%AC%AC11%E7%89%88>
<http://www.wikidata.org/entity/Q920344>	"ケヤキ"@ja	<http://www.wikidata.org/entity/Q16521>	"タクソン"@ja	<http://www.wikidata.org/entity/P2238>	"公式シンボル"@ja	<https://ja.wikipedia.org/wiki/%E3%82%B1%E3%83%A4%E3%82%AD>
<http://www.wikidata.org/entity/Q1065400>	"シイ属"@ja	<http://www.wikidata.org/entity/Q16521>	"タクソン"@ja	<http://www.wikidata.org/entity/P2238>	"公式シンボル"@ja	<https://ja.wikipedia.org/wiki/%E3%82%B7%E3%82%A4>
<http://www.wikidata.org/entity/Q1124865>	"関東平野"@ja	<http://www.wikidata.org/entity/Q160091>	"平野"@ja	<http://www.wikidata.org/entity/P706>	"位置する地形"@ja	<https://ja.wikipedia.org/wiki/%E9%96%A2%E6%9D%B1%E5%B9%B3%E9%87%8E>
<http://www.wikidata.org/entity/Q1141068>	"中区"@ja	<http://www.wikidata.org/entity/Q137773>	"日本の区"@ja	<http://www.wikidata.org/entity/P150>	"直下の行政区画"@ja	<https://ja.wikipedia.org/wiki/%E4%B8%AD%E5%8C%BA_(%E6%A8%AA%E6%B5%9C%E5%B8%82)>
<http://www.wikidata.org/entity/Q1141068>	"中区"@ja	<http://www.wikidata.org/entity/Q137773>	"日本の区"@ja	<http://www.wikidata.org/entity/P36>	"行政中心地"@ja	<https://ja.wikipedia.org/wiki/%E4%B8%AD%E5%8C%BA_(%E6%A8%AA%E6%B5%9C%E5%B8%82)>
<http://www.wikidata.org/entity/Q1141223>	"磯子区"@ja	<http://www.wikidata.org/entity/Q137773>	"日本の区"@ja	<http://www.wikidata.org/entity/P150>	"直下の行政区画"@ja	<https://ja.wikipedia.org/wiki/%E7%A3%AF%E5%AD%90%E5%8C%BA>
<http://www.wikidata.org/entity/Q1143712>	"神奈川区"@ja	<http://www.wikidata.org/entity/Q137773>	"日本の区"@ja	<http://www.wikidata.org/entity/P150>	"直下の行政区画"@ja	<https://ja.wikipedia.org/wiki/%E7%A5%9E%E5%A5%88%E5%B7%9D%E5%8C%BA>
<http://www.wikidata.org/entity/Q1148681>	"横浜スタジアム"@ja	<http://www.wikidata.org/entity/Q483110>	"スタジアム"@ja	<http://www.wikidata.org/entity/P1830>	"所有物"@ja	<https://ja.wikipedia.org/wiki/%E6%A8%AA%E6%B5%9C%E3%82%B9%E3%82%BF%E3%82%B8%E3%82%A2%E3%83%A0>
<http://www.wikidata.org/entity/Q1153908>	"金沢区"@ja	<http://www.wikidata.org/entity/Q137773>	"日本の区"@ja	<http://www.wikidata.org/entity/P150>	"直下の行政区画"@ja	<https://ja.wikipedia.org/wiki/%E9%87%91%E6%B2%A2%E5%8C%BA>
<http://www.wikidata.org/entity/Q1153916>	"栄区"@ja	<http://www.wikidata.org/entity/Q137773>	"日本の区"@ja	<http://www.wikidata.org/entity/P150>	"直下の行政区画"@ja	<https://ja.wikipedia.org/wiki/%E6%A0%84%E5%8C%BA>
<http://www.wikidata.org/entity/Q1153920>	"都筑区"@ja	<http://www.wikidata.org/entity/Q137773>	"日本の区"@ja	<http://www.wikidata.org/entity/P150>	"直下の行政区画"@ja	<https://ja.wikipedia.org/wiki/%E9%83%BD%E7%AD%91%E5%8C%BA>
<http://www.wikidata.org/entity/Q456>	"リヨン"@ja	<http://www.wikidata.org/entity/Q22927616>	"Q22927616"	<http://www.wikidata.org/entity/P190>	"姉妹都市"@ja	<https://ja.wikipedia.org/wiki/%E3%83%AA%E3%83%A8%E3%83%B3>
<http://www.wikidata.org/entity/Q456>	"リヨン"@ja	<http://www.wikidata.org/entity/Q1549591>	"10万都市"@ja	<http://www.wikidata.org/entity/P190>	"姉妹都市"@ja	<https://ja.wikipedia.org/wiki/%E3%83%AA%E3%83%A8%E3%83%B3>
<http://www.wikidata.org/entity/Q456>	"リヨン"@ja	<http://www.wikidata.org/entity/Q1187811>	"学術都市"@ja	<http://www.wikidata.org/entity/P190>	"姉妹都市"@ja	<https://ja.wikipedia.org/wiki/%E3%83%AA%E3%83%A8%E3%83%B3>
<http://www.wikidata.org/entity/Q456>	"リヨン"@ja	<http://www.wikidata.org/entity/Q484170>	"フランスの基礎自治体"@ja	<http://www.wikidata.org/entity/P190>	"姉妹都市"@ja	<https://ja.wikipedia.org/wiki/%E3%83%AA%E3%83%A8%E3%83%B3>
<http://www.wikidata.org/entity/Q11676160>	"鶴見町"@ja	<http://www.wikidata.org/entity/Q18663566>	"日本の廃止市区町村"@ja	<http://www.wikidata.org/entity/P1365>	"先行"@ja	<https://ja.wikipedia.org/wiki/%E9%B6%B4%E8%A6%8B%E7%94%BA_(%E7%A5%9E%E5%A5%88%E5%B7%9D%E7%9C%8C)>
<http://www.wikidata.org/entity/Q12600081>	"サンゴジュ"@ja	<http://www.wikidata.org/entity/Q16521>	"タクソン"@ja	<http://www.wikidata.org/entity/P2238>	"公式シンボル"@ja	<https://ja.wikipedia.org/wiki/%E3%82%B5%E3%83%B3%E3%82%B4%E3%82%B8%E3%83%A5>
<http://www.wikidata.org/entity/Q17176952>	"保土ケ谷町"@ja	<http://www.wikidata.org/entity/Q18663566>	"日本の廃止市区町村"@ja	<http://www.wikidata.org/entity/P1365>	"先行"@ja	<https://ja.wikipedia.org/wiki/%E4%BF%9D%E5%9C%9F%E3%82%B1%E8%B0%B7%E7%94%BA>
<http://www.wikidata.org/entity/Q19359544>	"Category:横浜市で製作された映画作品"@ja	<http://www.wikidata.org/entity/Q4167836>	"ウィキメディアのカテゴリ"@ja	<http://www.wikidata.org/entity/P1740>	"当地で撮影された映画のカテゴリ"@ja	<https://ja.wikipedia.org/wiki/Category:%E6%A8%AA%E6%B5%9C%E5%B8%82%E3%81%A7%E8%A3%BD%E4%BD%9C%E3%81%95%E3%82%8C%E3%81%9F%E6%98%A0%E7%94%BB%E4%BD%9C%E5%93%81>
<http://www.wikidata.org/entity/Q20578044>	".yokohama"@ja	<http://www.wikidata.org/entity/Q29469>	"ジェネリックトップレベルドメイン"@ja	<http://www.wikidata.org/entity/P78>	"トップレベルドメイン"@ja	<https://ja.wikipedia.org/wiki/.yokohama>
<http://www.wikidata.org/entity/Q24887085>	"鳥山川"@ja	<http://www.wikidata.org/entity/Q4022>	"川"@ja	<http://www.wikidata.org/entity/P206>	"隣接・位置する水域"@ja	<https://ja.wikipedia.org/wiki/%E9%B3%A5%E5%B1%B1%E5%B7%9D>
<http://www.wikidata.org/entity/Q24898876>	"横浜市会"@ja	<http://www.wikidata.org/entity/Q3154693>	"市町村議会"@ja	<http://www.wikidata.org/entity/P194>	"立法府"@ja	<https://ja.wikipedia.org/wiki/%E6%A8%AA%E6%B5%9C%E5%B8%82%E4%BC%9A>
<http://www.wikidata.org/entity/Q30929303>	"横浜市史資料室"@ja	<http://www.wikidata.org/entity/Q604177>	"Q604177"	<http://www.wikidata.org/entity/P485>	"アーカイブ"@ja	<https://ja.wikipedia.org/wiki/%E6%A8%AA%E6%B5%9C%E5%B8%82%E5%8F%B2%E8%B3%87%E6%96%99%E5%AE%A4>
<http://www.wikidata.org/entity/Q56437266>	"横浜市長"@ja	<http://www.wikidata.org/entity/Q4164871>	"職位"@ja	<http://www.wikidata.org/entity/P1313>	"行政府の長の地位"@ja	<https://ja.wikipedia.org/wiki/%E6%A8%AA%E6%B5%9C%E5%B8%82%E9%95%B7>
<http://www.wikidata.org/entity/Q87616756>	"山中竹春"@ja	<http://www.wikidata.org/entity/Q5>	"ヒト"@ja	<http://www.wikidata.org/entity/P6>	"行政府の長"@ja	<https://ja.wikipedia.org/wiki/%E5%B1%B1%E4%B8%AD%E7%AB%B9%E6%98%A5>
<http://www.wikidata.org/entity/Q108633454>	"Portal:横浜市"@ja	<http://www.wikidata.org/entity/Q4663903>	"ウィキポータル"@ja	<http://www.wikidata.org/entity/P1151>	"ウィキメディアのポータル"@ja	<https://ja.wikipedia.org/wiki/Portal:%E6%A8%AA%E6%B5%9C%E5%B8%82>
<http://www.wikidata.org/entity/Q115515561>	"神奈川県第19区"@ja	<http://www.wikidata.org/entity/Q23983335>	"衆議院選挙区"@ja	<http://www.wikidata.org/entity/P7938>	"関連する選挙区"@ja	<https://ja.wikipedia.org/wiki/%E7%A5%9E%E5%A5%88%E5%B7%9D%E7%9C%8C%E7%AC%AC19%E5%8C%BA>
<http://www.wikidata.org/entity/Q24639>	"バンクーバー"@ja	<http://www.wikidata.org/entity/Q60458065>	"Q60458065"	<http://www.wikidata.org/entity/P190>	"姉妹都市"@ja	<https://ja.wikipedia.org/wiki/%E3%83%90%E3%83%B3%E3%82%AF%E3%83%BC%E3%83%90%E3%83%BC_(%E3%83%96%E3%83%AA%E3%83%86%E3%82%A3%E3%83%83%E3%82%B7%E3%83%A5%E3%82%B3%E3%83%AD%E3%83%B3%E3%83%93%E3%82%A2%E5%B7%9E)>
<http://www.wikidata.org/entity/Q24639>	"バンクーバー"@ja	<http://www.wikidata.org/entity/Q1549591>	"10万都市"@ja	<http://www.wikidata.org/entity/P190>	"姉妹都市"@ja	<https://ja.wikipedia.org/wiki/%E3%83%90%E3%83%B3%E3%82%AF%E3%83%BC%E3%83%90%E3%83%BC_(%E3%83%96%E3%83%AA%E3%83%86%E3%82%A3%E3%83%83%E3%82%B7%E3%83%A5%E3%82%B3%E3%83%AD%E3%83%B3%E3%83%93%E3%82%A2%E5%B7%9E)>
<http://www.wikidata.org/entity/Q24639>	"バンクーバー"@ja	<http://www.wikidata.org/entity/Q902814>	"国境の町"@ja	<http://www.wikidata.org/entity/P190>	"姉妹都市"@ja	<https://ja.wikipedia.org/wiki/%E3%83%90%E3%83%B3%E3%82%AF%E3%83%BC%E3%83%90%E3%83%BC_(%E3%83%96%E3%83%AA%E3%83%86%E3%82%A3%E3%83%83%E3%82%B7%E3%83%A5%E3%82%B3%E3%83%AD%E3%83%B3%E3%83%93%E3%82%A2%E5%B7%9E)>
<http://www.wikidata.org/entity/Q24879>	"ブレーメン"@ja	<http://www.wikidata.org/entity/Q85635638>	"Q85635638"	<http://www.wikidata.org/entity/P190>	"姉妹都市"@ja	<https://ja.wikipedia.org/wiki/%E3%83%96%E3%83%AC%E3%83%BC%E3%83%A1%E3%83%B3>
<http://www.wikidata.org/entity/Q24879>	"ブレーメン"@ja	<http://www.wikidata.org/entity/Q42744322>	"ドイツの自治体"@ja	<http://www.wikidata.org/entity/P190>	"姉妹都市"@ja	<https://ja.wikipedia.org/wiki/%E3%83%96%E3%83%AC%E3%83%BC%E3%83%A1%E3%83%B3>
<http://www.wikidata.org/entity/Q24879>	"ブレーメン"@ja	<http://www.wikidata.org/entity/Q1549591>	"10万都市"@ja	<http://www.wikidata.org/entity/P190>	"姉妹都市"@ja	<https://ja.wikipedia.org/wiki/%E3%83%96%E3%83%AC%E3%83%BC%E3%83%A1%E3%83%B3>
<http://www.wikidata.org/entity/Q24879>	"ブレーメン"@ja	<http://www.wikidata.org/entity/Q1187811>	"学術都市"@ja	<http://www.wikidata.org/entity/P190>	"姉妹都市"@ja	<https://ja.wikipedia.org/wiki/%E3%83%96%E3%83%AC%E3%83%BC%E3%83%A1%E3%83%B3>
<http://www.wikidata.org/entity/Q24879>	"ブレーメン"@ja	<http://www.wikidata.org/entity/Q707813>	"ハンザ同盟都市"@ja	<http://www.wikidata.org/entity/P190>	"姉妹都市"@ja	<https://ja.wikipedia.org/wiki/%E3%83%96%E3%83%AC%E3%83%BC%E3%83%A1%E3%83%B3>
<http://www.wikidata.org/entity/Q43284>	"イチョウ"@ja	<http://www.wikidata.org/entity/Q16521>	"タクソン"@ja	<http://www.wikidata.org/entity/P2238>	"公式シンボル"@ja	<https://ja.wikipedia.org/wiki/%E3%82%A4%E3%83%81%E3%83%A7%E3%82%A6>
<http://www.wikidata.org/entity/Q1867>	"台北市"@ja	<http://www.wikidata.org/entity/Q10876480>	"中華民国の首都"@ja	<http://www.wikidata.org/entity/P190>	"姉妹都市"@ja	<https://ja.wikipedia.org/wiki/%E5%8F%B0%E5%8C%97%E5%B8%82>
<http://www.wikidata.org/entity/Q1867>	"台北市"@ja	<http://www.wikidata.org/entity/Q2225003>	"直轄市"@ja	<http://www.wikidata.org/entity/P190>	"姉妹都市"@ja	<https://ja.wikipedia.org/wiki/%E5%8F%B0%E5%8C%97%E5%B8%82>
<http://www.wikidata.org/entity/Q1867>	"台北市"@ja	<http://www.wikidata.org/entity/Q1637706>	"100万都市"@ja	<http://www.wikidata.org/entity/P190>	"姉妹都市"@ja	<https://ja.wikipedia.org/wiki/%E5%8F%B0%E5%8C%97%E5%B8%82>
<http://www.wikidata.org/entity/Q1867>	"台北市"@ja	<http://www.wikidata.org/entity/Q1549591>	"10万都市"@ja	<http://www.wikidata.org/entity/P190>	"姉妹都市"@ja	<https://ja.wikipedia.org/wiki/%E5%8F%B0%E5%8C%97%E5%B8%82>
<http://www.wikidata.org/entity/Q1867>	"台北市"@ja	<http://www.wikidata.org/entity/Q171441>	"包領"@ja	<http://www.wikidata.org/entity/P190>	"姉妹都市"@ja	<https://ja.wikipedia.org/wiki/%E5%8F%B0%E5%8C%97%E5%B8%82>
<http://www.wikidata.org/entity/Q1867>	"台北市"@ja	<http://www.wikidata.org/entity/Q5119>	"首都"@ja	<http://www.wikidata.org/entity/P190>	"姉妹都市"@ja	<https://ja.wikipedia.org/wiki/%E5%8F%B0%E5%8C%97%E5%B8%82>
<http://www.wikidata.org/entity/Q1867>	"台北市"@ja	<http://www.wikidata.org/entity/Q515>	"都市"@ja	<http://www.wikidata.org/entity/P190>	"姉妹都市"@ja	<https://ja.wikipedia.org/wiki/%E5%8F%B0%E5%8C%97%E5%B8%82>
<http://www.wikidata.org/entity/Q1874>	"オデーサ"@ja	<http://www.wikidata.org/entity/Q12131624>	"ウクライナの市"@ja	<http://www.wikidata.org/entity/P190>	"姉妹都市"@ja	<https://ja.wikipedia.org/wiki/%E3%82%AA%E3%83%87%E3%83%83%E3%82%B5>
<http://www.wikidata.org/entity/Q7041>	"UTC+9"@ja	<http://www.wikidata.org/entity/Q17272482>	"UTCとの時差で定義された標準時"@ja	<http://www.wikidata.org/entity/P421>	"標準時間帯"@ja	<https://ja.wikipedia.org/wiki/UTC%2B9>
<http://www.wikidata.org/entity/Q8686>	"上海市"@ja	<http://www.wikidata.org/entity/Q51929311>	"国内で人口1位の都市"@ja	<http://www.wikidata.org/entity/P190>	"姉妹都市"@ja	<https://ja.wikipedia.org/wiki/%E4%B8%8A%E6%B5%B7%E5%B8%82>
<http://www.wikidata.org/entity/Q8686>	"上海市"@ja	<http://www.wikidata.org/entity/Q2264924>	"港湾都市"@ja	<http://www.wikidata.org/entity/P190>	"姉妹都市"@ja	<https://ja.wikipedia.org/wiki/%E4%B8%8A%E6%B5%B7%E5%B8%82>
<http://www.wikidata.org/entity/Q8686>	"上海市"@ja	<http://www.wikidata.org/entity/Q1637706>	"100万都市"@ja	<http://www.wikidata.org/entity/P190>	"姉妹都市"@ja	<https://ja.wikipedia.org/wiki/%E4%B8%8A%E6%B5%B7%E5%B8%82>
<http://www.wikidata.org/entity/Q8686>	"上海市"@ja	<http://www.wikidata.org/entity/Q1549591>	"10万都市"@ja	<http://www.wikidata.org/entity/P190>	"姉妹都市"@ja	<https://ja.wikipedia.org/wiki/%E4%B8%8A%E6%B5%B7%E5%B8%82>
<http://www.wikidata.org/entity/Q8686>	"上海市"@ja	<http://www.wikidata.org/entity/Q1208802>	"直轄市"@ja	<http://www.wikidata.org/entity/P190>	"姉妹都市"@ja	<https://ja.wikipedia.org/wiki/%E4%B8%8A%E6%B5%B7%E5%B8%82>
<http://www.wikidata.org/entity/Q8686>	"上海市"@ja	<http://www.wikidata.org/entity/Q1073535>	"経済技術開発区"@ja	<http://www.wikidata.org/entity/P190>	"姉妹都市"@ja	<https://ja.wikipedia.org/wiki/%E4%B8%8A%E6%B5%B7%E5%B8%82>
<http://www.wikidata.org/entity/Q8686>	"上海市"@ja	<http://www.wikidata.org/entity/Q1066538>	"国家中心都市"@ja	<http://www.wikidata.org/entity/P190>	"姉妹都市"@ja	<https://ja.wikipedia.org/wiki/%E4%B8%8A%E6%B5%B7%E5%B8%82>
<http://www.wikidata.org/entity/Q8686>	"上海市"@ja	<http://www.wikidata.org/entity/Q208511>	"世界都市"@ja	<http://www.wikidata.org/entity/P190>	"姉妹都市"@ja	<https://ja.wikipedia.org/wiki/%E4%B8%8A%E6%B5%B7%E5%B8%82>
<http://www.wikidata.org/entity/Q8686>	"上海市"@ja	<http://www.wikidata.org/entity/Q200250>	"メトロポリス"@ja	<http://www.wikidata.org/entity/P190>	"姉妹都市"@ja	<https://ja.wikipedia.org/wiki/%E4%B8%8A%E6%B5%B7%E5%B8%82>
<http://www.wikidata.org/entity/Q8686>	"上海市"@ja	<http://www.wikidata.org/entity/Q174844>	"メガシティ"@ja	<http://www.wikidata.org/entity/P190>	"姉妹都市"@ja	<https://ja.wikipedia.org/wiki/%E4%B8%8A%E6%B5%B7%E5%B8%82>
<http://www.wikidata.org/entity/Q16520>	"釜山広域市"@ja	<http://www.wikidata.org/entity/Q50330360>	"国内で人口2位の都市"@ja	<http://www.wikidata.org/entity/P190>	"姉妹都市"@ja	<https://ja.wikipedia.org/wiki/%E9%87%9C%E5%B1%B1%E5%BA%83%E5%9F%9F%E5%B8%82>
<http://www.wikidata.org/entity/Q16520>	"釜山広域市"@ja	<http://www.wikidata.org/entity/Q2264924>	"港湾都市"@ja	<http://www.wikidata.org/entity/P190>	"姉妹都市"@ja	<https://ja.wikipedia.org/wiki/%E9%87%9C%E5%B1%B1%E5%BA%83%E5%9F%9F%E5%B8%82>
<http://www.wikidata.org/entity/Q16520>	"釜山広域市"@ja	<http://www.wikidata.org/entity/Q1637706>	"100万都市"@ja	<http://www.wikidata.org/entity/P190>	"姉妹都市"@ja	<https://ja.wikipedia.org/wiki/%E9%87%9C%E5%B1%B1%E5%BA%83%E5%9F%9F%E5%B8%82>
<http://www.wikidata.org/entity/Q16520>	"釜山広域市"@ja	<http://www.wikidata.org/entity/Q570116>	"観光地"@ja	<http://www.wikidata.org/entity/P190>	"姉妹都市"@ja	<https://ja.wikipedia.org/wiki/%E9%87%9C%E5%B1%B1%E5%BA%83%E5%9F%9F%E5%B8%82>
<http://www.wikidata.org/entity/Q16520>	"釜山広域市"@ja	<http://www.wikidata.org/entity/Q482821>	"広域市"@ja	<http://www.wikidata.org/entity/P190>	"姉妹都市"@ja	<https://ja.wikipedia.org/wiki/%E9%87%9C%E5%B1%B1%E5%BA%83%E5%9F%9F%E5%B8%82>
<http://www.wikidata.org/entity/Q16520>	"釜山広域市"@ja	<http://www.wikidata.org/entity/Q200250>	"メトロポリス"@ja	<http://www.wikidata.org/entity/P190>	"姉妹都市"@ja	<https://ja.wikipedia.org/wiki/%E9%87%9C%E5%B1%B1%E5%BA%83%E5%9F%9F%E5%B8%82>
<http://www.wikidata.org/entity/Q16520>	"釜山広域市"@ja	<http://www.wikidata.org/entity/Q515>	"都市"@ja	<http://www.wikidata.org/entity/P190>	"姉妹都市"@ja	<https://ja.wikipedia.org/wiki/%E9%87%9C%E5%B1%B1%E5%BA%83%E5%9F%9F%E5%B8%82>
<http://www.wikidata.org/entity/Q16552>	"サン・ディエゴ"@ja	<http://www.wikidata.org/entity/Q13218391>	"憲章都市"@ja	<http://www.wikidata.org/entity/P190>	"姉妹都市"@ja	<https://ja.wikipedia.org/wiki/%E3%82%B5%E3%83%B3%E3%83%87%E3%82%A3%E3%82%A8%E3%82%B4>
<http://www.wikidata.org/entity/Q16552>	"サン・ディエゴ"@ja	<http://www.wikidata.org/entity/Q1637706>	"100万都市"@ja	<http://www.wikidata.org/entity/P190>	"姉妹都市"@ja	<https://ja.wikipedia.org/wiki/%E3%82%B5%E3%83%B3%E3%83%87%E3%82%A3%E3%82%A8%E3%82%B4>
<http://www.wikidata.org/entity/Q16552>	"サン・ディエゴ"@ja	<http://www.wikidata.org/entity/Q1549591>	"10万都市"@ja	<http://www.wikidata.org/entity/P190>	"姉妹都市"@ja	<https://ja.wikipedia.org/wiki/%E3%82%B5%E3%83%B3%E3%83%87%E3%82%A3%E3%82%A8%E3%82%B4>
<http://www.wikidata.org/entity/Q16552>	"サン・ディエゴ"@ja	<http://www.wikidata.org/entity/Q1093829>	"アメリカ合衆国の市"@ja	<http://www.wikidata.org/entity/P190>	"姉妹都市"@ja	<https://ja.wikipedia.org/wiki/%E3%82%B5%E3%83%B3%E3%83%87%E3%82%A3%E3%82%A8%E3%82%B4>
<http://www.wikidata.org/entity/Q16552>	"サン・ディエゴ"@ja	<http://www.wikidata.org/entity/Q902814>	"国境の町"@ja	<http://www.wikidata.org/entity/P190>	"姉妹都市"@ja	<https://ja.wikipedia.org/wiki/%E3%82%B5%E3%83%B3%E3%83%87%E3%82%A3%E3%82%A8%E3%82%B4>
<http://www.wikidata.org/entity/Q16552>	"サン・ディエゴ"@ja	<http://www.wikidata.org/entity/Q62049>	"郡庁所在地"@ja	<http://www.wikidata.org/entity/P190>	"姉妹都市"@ja	<https://ja.wikipedia.org/wiki/%E3%82%B5%E3%83%B3%E3%83%87%E3%82%A3%E3%82%A8%E3%82%B4>
<http://www.wikidata.org/entity/Q20934>	"仁川広域市"@ja	<http://www.wikidata.org/entity/Q1637706>	"100万都市"@ja	<http://www.wikidata.org/entity/P190>	"姉妹都市"@ja	<https://ja.wikipedia.org/wiki/%E4%BB%81%E5%B7%9D%E5%BA%83%E5%9F%9F%E5%B8%82>
<http://www.wikidata.org/entity/Q20934>	"仁川広域市"@ja	<http://www.wikidata.org/entity/Q482821>	"広域市"@ja	<http://www.wikidata.org/entity/P190>	"姉妹都市"@ja	<https://ja.wikipedia.org/wiki/%E4%BB%81%E5%B7%9D%E5%BA%83%E5%9F%9F%E5%B8%82>
<http://www.wikidata.org/entity/Q102231>	"バラ"@ja	<http://www.wikidata.org/entity/Q55983715>	"特定の一般名で知られる生物"@ja	<http://www.wikidata.org/entity/P2238>	"公式シンボル"@ja	
<http://www.wikidata.org/entity/Q494721>	"日本の市"@ja	<http://www.wikidata.org/entity/Q15617994>	"行政区画の種類"@ja	<http://www.wikidata.org/entity/P31>	"分類"@ja	
<http://www.wikidata.org/entity/Q3181656>	"ナットール百科事典"@ja	<http://www.wikidata.org/entity/Q7725634>	"文学作品"@ja	<http://www.wikidata.org/entity/P1343>	"掲載している情報源"@ja	
<http://www.wikidata.org/entity/Q4114391>	"シティン軍事百科事典"@ja	<http://www.wikidata.org/entity/Q975413>	"百科辞書"@ja	<http://www.wikidata.org/entity/P1343>	"掲載している情報源"@ja	
<http://www.wikidata.org/entity/Q9220421>	"Q9220421"	<http://www.wikidata.org/entity/Q4167836>	"ウィキメディアのカテゴリ"@ja	<http://www.wikidata.org/entity/P1465>	"当地で死んだ人のカテゴリ"@ja	
<http://www.wikidata.org/entity/Q9228183>	"Q9228183"	<http://www.wikidata.org/entity/Q4167836>	"ウィキメディアのカテゴリ"@ja	<http://www.wikidata.org/entity/P1464>	"当地生まれの人のカテゴリ"@ja	
<http://www.wikidata.org/entity/Q19180675>	"ブロックハウス・エフロン小百科事典"@ja	<http://www.wikidata.org/entity/Q3331189>	"版"@ja	<http://www.wikidata.org/entity/P1343>	"掲載している情報源"@ja	
<http://www.wikidata.org/entity/Q19180675>	"ブロックハウス・エフロン小百科事典"@ja	<http://www.wikidata.org/entity/Q975413>	"百科辞書"@ja	<http://www.wikidata.org/entity/P1343>	"掲載している情報源"@ja	
<http://www.wikidata.org/entity/Q20717230>	"横浜市の年表"@ja	<http://www.wikidata.org/entity/Q186117>	"年表"@ja	<http://www.wikidata.org/entity/P2184>	"主題の歴史"@ja	
<http://www.wikidata.org/entity/Q84022543>	"Q84022543"	<http://www.wikidata.org/entity/Q4167836>	"ウィキメディアのカテゴリ"@ja	<http://www.wikidata.org/entity/P7867>	"当地の地図のカテゴリ"@ja	
<http://www.wikidata.org/entity/Q99522885>	"川和町"@ja	<http://www.wikidata.org/entity/Q18663566>	"日本の廃止市区町村"@ja	<http://www.wikidata.org/entity/P1365>	"先行"@ja	
<http://www.wikidata.org/entity/Q100862103>	"横浜市の経済"@ja	<http://www.wikidata.org/entity/Q100773131>	"地域経済"@ja	<http://www.wikidata.org/entity/P8744>	"主題の経済"@ja	
<http://www.wikidata.org/entity/Q104630925>	"Q104630925"	<http://www.wikidata.org/entity/Q4167836>	"ウィキメディアのカテゴリ"@ja	<http://www.wikidata.org/entity/P8989>	"景観のカテゴリ"@ja	
