?s	?sLabel	?type	?typeLabel	?prop	?propLabel	?jwiki
<http://www.wikidata.org/entity/Q17>	"日本"@ja	<http://www.wikidata.org/entity/Q113489728>	"OECD加盟国"@ja	<http://www.wikidata.org/entity/P17>	"国"@ja	<https://ja.wikipedia.org/wiki/%E6%97%A5%E6%9C%AC>
<http://www.wikidata.org/entity/Q17>	"日本"@ja	<http://www.wikidata.org/entity/Q3624078>	"主権国家"@ja	<http://www.wikidata.org/entity/P17>	"国"@ja	<https://ja.wikipedia.org/wiki/%E6%97%A5%E6%9C%AC>
<http://www.wikidata.org/entity/Q17>	"日本"@ja	<http://www.wikidata.org/entity/Q112099>	"島国"@ja	<http://www.wikidata.org/entity/P17>	"国"@ja	<https://ja.wikipedia.org/wiki/%E6%97%A5%E6%9C%AC>
<http://www.wikidata.org/entity/Q17>	"日本"@ja	<http://www.wikidata.org/entity/Q6256>	"国"@ja	<http://www.wikidata.org/entity/P17>	"国"@ja	<https://ja.wikipedia.org/wiki/%E6%97%A5%E6%9C%AC>
<http://www.wikidata.org/entity/Q7041>	"UTC+9"@ja	<http://www.wikidata.org/entity/Q17272482>	"UTCとの時差で定義された標準時"@ja	<http://www.wikidata.org/entity/P421>	"標準時間帯"@ja	<https://ja.wikipedia.org/wiki/UTC%2B9>
<http://www.wikidata.org/entity/Q38283>	"横浜市"@ja	<http://www.wikidata.org/entity/Q65589340>	"都道府県庁所在地"@ja	<http://www.wikidata.org/entity/P131>	"位置する行政区画"@ja	<https://ja.wikipedia.org/wiki/%E6%A8%AA%E6%B5%9C%E5%B8%82>
<http://www.wikidata.org/entity/Q38283>	"横浜市"@ja	<http://www.wikidata.org/entity/Q50330360>	"国内で人口2位の都市"@ja	<http://www.wikidata.org/entity/P131>	"位置する行政区画"@ja	<https://ja.wikipedia.org/wiki/%E6%A8%AA%E6%B5%9C%E5%B8%82>
<http://www.wikidata.org/entity/Q38283>	"横浜市"@ja	<http://www.wikidata.org/entity/Q2264924>	"港湾都市"@ja	<http://www.wikidata.org/entity/P131>	"位置する行政区画"@ja	<https://ja.wikipedia.org/wiki/%E6%A8%AA%E6%B5%9C%E5%B8%82>
<http://www.wikidata.org/entity/Q38283>	"横浜市"@ja	<http://www.wikidata.org/entity/Q1749269>	"政令指定都市"@ja	<http://www.wikidata.org/entity/P131>	"位置する行政区画"@ja	<https://ja.wikipedia.org/wiki/%E6%A8%AA%E6%B5%9C%E5%B8%82>
<http://www.wikidata.org/entity/Q38283>	"横浜市"@ja	<http://www.wikidata.org/entity/Q1637706>	"100万都市"@ja	<http://www.wikidata.org/entity/P131>	"位置する行政区画"@ja	<https://ja.wikipedia.org/wiki/%E6%A8%AA%E6%B5%9C%E5%B8%82>
<http://www.wikidata.org/entity/Q38283>	"横浜市"@ja	<http://www.wikidata.org/entity/Q828359>	"ベッドタウン"@ja	<http://www.wikidata.org/entity/P131>	"位置する行政区画"@ja	<https://ja.wikipedia.org/wiki/%E6%A8%AA%E6%B5%9C%E5%B8%82>
<http://www.wikidata.org/entity/Q38283>	"横浜市"@ja	<http://www.wikidata.org/entity/Q691960>	"衛星都市"@ja	<http://www.wikidata.org/entity/P131>	"位置する行政区画"@ja	<https://ja.wikipedia.org/wiki/%E6%A8%AA%E6%B5%9C%E5%B8%82>
<http://www.wikidata.org/entity/Q38283>	"横浜市"@ja	<http://www.wikidata.org/entity/Q494721>	"日本の市"@ja	<http://www.wikidata.org/entity/P131>	"位置する行政区画"@ja	<https://ja.wikipedia.org/wiki/%E6%A8%AA%E6%B5%9C%E5%B8%82>
<http://www.wikidata.org/entity/Q137773>	"日本の区"@ja	<http://www.wikidata.org/entity/Q15617994>	"行政区画の種類"@ja	<http://www.wikidata.org/entity/P31>	"分類"@ja	<https://ja.wikipedia.org/wiki/%E8%A1%8C%E6%94%BF%E5%8C%BA>
<http://www.wikidata.org/entity/Q4832207>	"あざみ野"@ja	<http://www.wikidata.org/entity/Q5327369>	"町丁"@ja	<http://www.wikidata.org/entity/P150>	"直下の行政区画"@ja	<https://ja.wikipedia.org/wiki/%E3%81%82%E3%81%96%E3%81%BF%E9%87%8E>
<http://www.wikidata.org/entity/Q9245751>	"Category:青葉区 (横浜市)"@ja	<http://www.wikidata.org/entity/Q4167836>	"ウィキメディアのカテゴリ"@ja	<http://www.wikidata.org/entity/P910>	"主題の中心カテゴリ"@ja	<https://ja.wikipedia.org/wiki/Category:%E9%9D%92%E8%91%89%E5%8C%BA_(%E6%A8%AA%E6%B5%9C%E5%B8%82)>
<http://www.wikidata.org/entity/Q11256888>	"あかね台"@ja	<http://www.wikidata.org/entity/Q5327369>	"町丁"@ja	<http://www.wikidata.org/entity/P150>	"直下の行政区画"@ja	<https://ja.wikipedia.org/wiki/%E3%81%82%E3%81%8B%E3%81%AD%E5%8F%B0_(%E6%A8%AA%E6%B5%9C%E5%B8%82)>
<http://www.wikidata.org/entity/Q11257277>	"あざみ野南"@ja	<http://www.wikidata.org/entity/Q5327369>	"町丁"@ja	<http://www.wikidata.org/entity/P150>	"直下の行政区画"@ja	<https://ja.wikipedia.org/wiki/%E3%81%82%E3%81%96%E3%81%BF%E9%87%8E%E5%8D%97>
<http://www.wikidata.org/entity/Q11268038>	"さつきが丘"@ja	<http://www.wikidata.org/entity/Q5327369>	"町丁"@ja	<http://www.wikidata.org/entity/P150>	"直下の行政区画"@ja	<https://ja.wikipedia.org/wiki/%E3%81%95%E3%81%A4%E3%81%8D%E3%81%8C%E4%B8%98_(%E6%A8%AA%E6%B5%9C%E5%B8%82)>
<http://www.wikidata.org/entity/Q11269211>	"しらとり台"@ja	<http://www.wikidata.org/entity/Q5327369>	"町丁"@ja	<http://www.wikidata.org/entity/P150>	"直下の行政区画"@ja	<https://ja.wikipedia.org/wiki/%E3%81%97%E3%82%89%E3%81%A8%E3%82%8A%E5%8F%B0>
<http://www.wikidata.org/entity/Q11269673>	"すすき野"@ja	<http://www.wikidata.org/entity/Q5327369>	"町丁"@ja	<http://www.wikidata.org/entity/P150>	"直下の行政区画"@ja	<https://ja.wikipedia.org/wiki/%E3%81%99%E3%81%99%E3%81%8D%E9%87%8E>
<http://www.wikidata.org/entity/Q11272353>	"つつじが丘"@ja	<http://www.wikidata.org/entity/Q5327369>	"町丁"@ja	<http://www.wikidata.org/entity/P150>	"直下の行政区画"@ja	<https://ja.wikipedia.org/wiki/%E3%81%A4%E3%81%A4%E3%81%98%E3%81%8C%E4%B8%98_(%E6%A8%AA%E6%B5%9C%E5%B8%82)>
<http://www.wikidata.org/entity/Q11278852>	"みすずが丘"@ja	<http://www.wikidata.org/entity/Q5327369>	"町丁"@ja	<http://www.wikidata.org/entity/P150>	"直下の行政区画"@ja	<https://ja.wikipedia.org/wiki/%E3%81%BF%E3%81%99%E3%81%9A%E3%81%8C%E4%B8%98>
<http://www.wikidata.org/entity/Q11278945>	"みたけ台"@ja	<http://www.wikidata.org/entity/Q5327369>	"町丁"@ja	<http://www.wikidata.org/entity/P150>	"直下の行政区画"@ja	<https://ja.wikipedia.org/wiki/%E3%81%BF%E3%81%9F%E3%81%91%E5%8F%B0>
<http://www.wikidata.org/entity/Q11279887>	"もえぎ野"@ja	<http://www.wikidata.org/entity/Q5327369>	"町丁"@ja	<http://www.wikidata.org/entity/P150>	"直下の行政区画"@ja	<https://ja.wikipedia.org/wiki/%E3%82%82%E3%81%88%E3%81%8E%E9%87%8E_(%E6%A8%AA%E6%B5%9C%E5%B8%82)>
<http://www.wikidata.org/entity/Q11360129>	"上谷本町"@ja	<http://www.wikidata.org/entity/Q5327369>	"町丁"@ja	<http://www.wikidata.org/entity/P150>	"直下の行政区画"@ja	<https://ja.wikipedia.org/wiki/%E4%B8%8A%E8%B0%B7%E6%9C%AC%E7%94%BA>
<http://www.wikidata.org/entity/Q11387990>	"元石川町"@ja	<http://www.wikidata.org/entity/Q5327369>	"町丁"@ja	<http://www.wikidata.org/entity/P150>	"直下の行政区画"@ja	<https://ja.wikipedia.org/wiki/%E5%85%83%E7%9F%B3%E5%B7%9D%E7%94%BA_(%E6%A8%AA%E6%B5%9C%E5%B8%82)>
<http://www.wikidata.org/entity/Q11433901>	"大場町"@ja	<http://www.wikidata.org/entity/Q5327369>	"町丁"@ja	<http://www.wikidata.org/entity/P150>	"直下の行政区画"@ja	<https://ja.wikipedia.org/wiki/%E5%A4%A7%E5%A0%B4%E7%94%BA_(%E6%A8%AA%E6%B5%9C%E5%B8%82)>
<http://www.wikidata.org/entity/Q11444976>	"奈良"@ja	<http://www.wikidata.org/entity/Q5327369>	"町丁"@ja	<http://www.wikidata.org/entity/P150>	"直下の行政区画"@ja	<https://ja.wikipedia.org/wiki/%E5%A5%88%E8%89%AF_(%E6%A8%AA%E6%B5%9C%E5%B8%82)>
<http://www.wikidata.org/entity/Q11445138>	"奈良町"@ja	<http://www.wikidata.org/entity/Q5327369>	"町丁"@ja	<http://www.wikidata.org/entity/P150>	"直下の行政区画"@ja	<https://ja.wikipedia.org/wiki/%E5%A5%88%E8%89%AF%E7%94%BA_(%E6%A8%AA%E6%B5%9C%E5%B8%82)>
<http://www.wikidata.org/entity/Q11479968>	"市ケ尾町"@ja	<http://www.wikidata.org/entity/Q5327369>	"町丁"@ja	<http://www.wikidata.org/entity/P150>	"直下の行政区画"@ja	<https://ja.wikipedia.org/wiki/%E5%B8%82%E3%82%B1%E5%B0%BE%E7%94%BA>
<http://www.wikidata.org/entity/Q11492277>	"恩田町"@ja	<http://www.wikidata.org/entity/Q5327369>	"町丁"@ja	<http://www.wikidata.org/entity/P150>	"直下の行政区画"@ja	<https://ja.wikipedia.org/wiki/%E6%81%A9%E7%94%B0%E7%94%BA_(%E6%A8%AA%E6%B5%9C%E5%B8%82)>
<http://www.wikidata.org/entity/Q11495393>	"成合町"@ja	<http://www.wikidata.org/entity/Q5327369>	"町丁"@ja	<http://www.wikidata.org/entity/P150>	"直下の行政区画"@ja	<https://ja.wikipedia.org/wiki/%E6%88%90%E5%90%88%E7%94%BA_(%E6%A8%AA%E6%B5%9C%E5%B8%82)>
<http://www.wikidata.org/entity/Q11503863>	"新石川"@ja	<http://www.wikidata.org/entity/Q5327369>	"町丁"@ja	<http://www.wikidata.org/entity/P150>	"直下の行政区画"@ja	<https://ja.wikipedia.org/wiki/%E6%96%B0%E7%9F%B3%E5%B7%9D>
<http://www.wikidata.org/entity/Q11534974>	"柿の木台"@ja	<http://www.wikidata.org/entity/Q5327369>	"町丁"@ja	<http://www.wikidata.org/entity/P150>	"直下の行政区画"@ja	<https://ja.wikipedia.org/wiki/%E6%9F%BF%E3%81%AE%E6%9C%A8%E5%8F%B0>
<http://www.wikidata.org/entity/Q11536610>	"桂台"@ja	<http://www.wikidata.org/entity/Q5327369>	"町丁"@ja	<http://www.wikidata.org/entity/P150>	"直下の行政区画"@ja	<https://ja.wikipedia.org/wiki/%E6%A1%82%E5%8F%B0_(%E6%A8%AA%E6%B5%9C%E5%B8%82)>
<http://www.wikidata.org/entity/Q11538363>	"梅が丘"@ja	<http://www.wikidata.org/entity/Q5327369>	"町丁"@ja	<http://www.wikidata.org/entity/P150>	"直下の行政区画"@ja	<https://ja.wikipedia.org/wiki/%E6%A2%85%E3%81%8C%E4%B8%98_(%E6%A8%AA%E6%B5%9C%E5%B8%82)>
<http://www.wikidata.org/entity/Q11576462>	"田奈"@ja	<http://www.wikidata.org/entity/Q5327369>	"町丁"@ja	<http://www.wikidata.org/entity/P150>	"直下の行政区画"@ja	<https://ja.wikipedia.org/wiki/%E7%94%B0%E5%A5%88>
<http://www.wikidata.org/entity/Q11607813>	"緑山"@ja	<http://www.wikidata.org/entity/Q5327369>	"町丁"@ja	<http://www.wikidata.org/entity/P150>	"直下の行政区画"@ja	<https://ja.wikipedia.org/wiki/%E7%B7%91%E5%B1%B1_(%E6%A8%AA%E6%B5%9C%E5%B8%82)>
<http://www.wikidata.org/entity/Q11608687>	"美しが丘"@ja	<http://www.wikidata.org/entity/Q5327369>	"町丁"@ja	<http://www.wikidata.org/entity/P150>	"直下の行政区画"@ja	<https://ja.wikipedia.org/wiki/%E7%BE%8E%E3%81%97%E3%81%8C%E4%B8%98_(%E6%A8%AA%E6%B5%9C%E5%B8%82)>
<http://www.wikidata.org/entity/Q11608688>	"美しが丘西"@ja	<http://www.wikidata.org/entity/Q5327369>	"町丁"@ja	<http://www.wikidata.org/entity/P150>	"直下の行政区画"@ja	<https://ja.wikipedia.org/wiki/%E7%BE%8E%E3%81%97%E3%81%8C%E4%B8%98%E8%A5%BF>
<http://www.wikidata.org/entity/Q11618318>	"荏子田"@ja	<http://www.wikidata.org/entity/Q5327369>	"町丁"@ja	<http://www.wikidata.org/entity/P150>	"直下の行政区画"@ja	<https://ja.wikipedia.org/wiki/%E8%8D%8F%E5%AD%90%E7%94%B0>
<http://www.wikidata.org/entity/Q11618323>	"荏田西"@ja	<http://www.wikidata.org/entity/Q5327369>	"町丁"@ja	<http://www.wikidata.org/entity/P150>	"直下の行政区画"@ja	<https://ja.wikipedia.org/wiki/%E8%8D%8F%E7%94%B0%E8%A5%BF>
<http://www.wikidata.org/entity/Q11618320>	"荏田町"@ja	<http://www.wikidata.org/entity/Q5327369>	"町丁"@ja	<http://www.wikidata.org/entity/P150>	"直下の行政区画"@ja	<https://ja.wikipedia.org/wiki/%E8%8D%8F%E7%94%B0%E7%94%BA>
<http://www.wikidata.org/entity/Q11618321>	"荏田北"@ja	<http://www.wikidata.org/entity/Q5327369>	"町丁"@ja	<http://www.wikidata.org/entity/P150>	"直下の行政区画"@ja	<https://ja.wikipedia.org/wiki/%E8%8D%8F%E7%94%B0%E5%8C%97>
<http://www.wikidata.org/entity/Q11622620>	"藤が丘"@ja	<http://www.wikidata.org/entity/Q5327369>	"町丁"@ja	<http://www.wikidata.org/entity/P150>	"直下の行政区画"@ja	<https://ja.wikipedia.org/wiki/%E8%97%A4%E3%81%8C%E4%B8%98_(%E6%A8%AA%E6%B5%9C%E5%B8%82)>
<http://www.wikidata.org/entity/Q11649584>	"鉄町"@ja	<http://www.wikidata.org/entity/Q5327369>	"町丁"@ja	<http://www.wikidata.org/entity/P150>	"直下の行政区画"@ja	<https://ja.wikipedia.org/wiki/%E9%89%84%E7%94%BA>
<http://www.wikidata.org/entity/Q11662723>	"青葉台"@ja	<http://www.wikidata.org/entity/Q5327369>	"町丁"@ja	<http://www.wikidata.org/entity/P150>	"直下の行政区画"@ja	<https://ja.wikipedia.org/wiki/%E9%9D%92%E8%91%89%E5%8F%B0_(%E6%A8%AA%E6%B5%9C%E5%B8%82)>
<http://www.wikidata.org/entity/Q11675576>	"鴨志田町"@ja	<http://www.wikidata.org/entity/Q5327369>	"町丁"@ja	<http://www.wikidata.org/entity/P150>	"直下の行政区画"@ja	<https://ja.wikipedia.org/wiki/%E9%B4%A8%E5%BF%97%E7%94%B0%E7%94%BA>
<http://www.wikidata.org/entity/Q11678895>	"黒須田"@ja	<http://www.wikidata.org/entity/Q5327369>	"町丁"@ja	<http://www.wikidata.org/entity/P150>	"直下の行政区画"@ja	<https://ja.wikipedia.org/wiki/%E9%BB%92%E9%A0%88%E7%94%B0>
