?s	?sLabel	?type	?typeLabel	?prop	?propLabel	?jwiki
<http://www.wikidata.org/entity/Q17>	"日本"@ja	<http://www.wikidata.org/entity/Q113489728>	"OECD加盟国"@ja	<http://www.wikidata.org/entity/P17>	"国"@ja	<https://ja.wikipedia.org/wiki/%E6%97%A5%E6%9C%AC>
<http://www.wikidata.org/entity/Q17>	"日本"@ja	<http://www.wikidata.org/entity/Q3624078>	"主権国家"@ja	<http://www.wikidata.org/entity/P17>	"国"@ja	<https://ja.wikipedia.org/wiki/%E6%97%A5%E6%9C%AC>
<http://www.wikidata.org/entity/Q17>	"日本"@ja	<http://www.wikidata.org/entity/Q112099>	"島国"@ja	<http://www.wikidata.org/entity/P17>	"国"@ja	<https://ja.wikipedia.org/wiki/%E6%97%A5%E6%9C%AC>
<http://www.wikidata.org/entity/Q17>	"日本"@ja	<http://www.wikidata.org/entity/Q6256>	"国"@ja	<http://www.wikidata.org/entity/P17>	"国"@ja	<https://ja.wikipedia.org/wiki/%E6%97%A5%E6%9C%AC>
<http://www.wikidata.org/entity/Q137773>	"日本の区"@ja	<http://www.wikidata.org/entity/Q15617994>	"行政区画の種類"@ja	<http://www.wikidata.org/entity/P31>	"分類"@ja	<https://ja.wikipedia.org/wiki/%E8%A1%8C%E6%94%BF%E5%8C%BA>
<http://www.wikidata.org/entity/Q7041>	"UTC+9"@ja	<http://www.wikidata.org/entity/Q17272482>	"UTCとの時差で定義された標準時"@ja	<http://www.wikidata.org/entity/P421>	"標準時間帯"@ja	<https://ja.wikipedia.org/wiki/UTC%2B9>
<http://www.wikidata.org/entity/Q164234>	"川崎市"@ja	<http://www.wikidata.org/entity/Q1749269>	"政令指定都市"@ja	<http://www.wikidata.org/entity/P131>	"位置する行政区画"@ja	<https://ja.wikipedia.org/wiki/%E5%B7%9D%E5%B4%8E%E5%B8%82>
<http://www.wikidata.org/entity/Q164234>	"川崎市"@ja	<http://www.wikidata.org/entity/Q1637706>	"100万都市"@ja	<http://www.wikidata.org/entity/P131>	"位置する行政区画"@ja	<https://ja.wikipedia.org/wiki/%E5%B7%9D%E5%B4%8E%E5%B8%82>
<http://www.wikidata.org/entity/Q164234>	"川崎市"@ja	<http://www.wikidata.org/entity/Q691960>	"衛星都市"@ja	<http://www.wikidata.org/entity/P131>	"位置する行政区画"@ja	<https://ja.wikipedia.org/wiki/%E5%B7%9D%E5%B4%8E%E5%B8%82>
<http://www.wikidata.org/entity/Q164234>	"川崎市"@ja	<http://www.wikidata.org/entity/Q494721>	"日本の市"@ja	<http://www.wikidata.org/entity/P131>	"位置する行政区画"@ja	<https://ja.wikipedia.org/wiki/%E5%B7%9D%E5%B4%8E%E5%B8%82>
<http://www.wikidata.org/entity/Q11511574>	"早野"@ja	<http://www.wikidata.org/entity/Q65948724>	"町字"@ja	<http://www.wikidata.org/entity/P150>	"直下の行政区画"@ja	<https://ja.wikipedia.org/wiki/%E6%97%A9%E9%87%8E_(%E5%B7%9D%E5%B4%8E%E5%B8%82)>
<http://www.wikidata.org/entity/Q11535054>	"柿生村"@ja	<http://www.wikidata.org/entity/Q18663566>	"日本の廃止市区町村"@ja	<http://www.wikidata.org/entity/P155>	"前"@ja	<https://ja.wikipedia.org/wiki/%E6%9F%BF%E7%94%9F%E6%9D%91>
<http://www.wikidata.org/entity/Q11569799>	"片平"@ja	<http://www.wikidata.org/entity/Q65948724>	"町字"@ja	<http://www.wikidata.org/entity/P150>	"直下の行政区画"@ja	<https://ja.wikipedia.org/wiki/%E7%89%87%E5%B9%B3_(%E5%B7%9D%E5%B4%8E%E5%B8%82)>
<http://www.wikidata.org/entity/Q11573184>	"王禅寺"@ja	<http://www.wikidata.org/entity/Q5393308>	"仏教寺院"@ja	<http://www.wikidata.org/entity/P150>	"直下の行政区画"@ja	<https://ja.wikipedia.org/wiki/%E7%8E%8B%E7%A6%85%E5%AF%BA>
<http://www.wikidata.org/entity/Q11574794>	"生田村"@ja	<http://www.wikidata.org/entity/Q18663566>	"日本の廃止市区町村"@ja	<http://www.wikidata.org/entity/P155>	"前"@ja	<https://ja.wikipedia.org/wiki/%E7%94%9F%E7%94%B0%E6%9D%91_(%E7%A5%9E%E5%A5%88%E5%B7%9D%E7%9C%8C)>
<http://www.wikidata.org/entity/Q11596795>	"稲田町"@ja	<http://www.wikidata.org/entity/Q18663566>	"日本の廃止市区町村"@ja	<http://www.wikidata.org/entity/P155>	"前"@ja	<https://ja.wikipedia.org/wiki/%E7%A8%B2%E7%94%B0%E7%94%BA_(%E7%A5%9E%E5%A5%88%E5%B7%9D%E7%9C%8C)>
<http://www.wikidata.org/entity/Q11678194>	"黒川"@ja	<http://www.wikidata.org/entity/Q424857>	"大字"@ja	<http://www.wikidata.org/entity/P150>	"直下の行政区画"@ja	<https://ja.wikipedia.org/wiki/%E9%BB%92%E5%B7%9D_(%E5%B7%9D%E5%B4%8E%E5%B8%82)>
<http://www.wikidata.org/entity/Q15370869>	"Category:麻生区"@ja	<http://www.wikidata.org/entity/Q4167836>	"ウィキメディアのカテゴリ"@ja	<http://www.wikidata.org/entity/P910>	"主題の中心カテゴリ"@ja	<https://ja.wikipedia.org/wiki/Category:%E9%BA%BB%E7%94%9F%E5%8C%BA>
<http://www.wikidata.org/entity/Q210628>	"町田市"@ja	<http://www.wikidata.org/entity/Q1549591>	"10万都市"@ja	<http://www.wikidata.org/entity/P47>	"隣の国又は行政区画"@ja	<https://ja.wikipedia.org/wiki/%E7%94%BA%E7%94%B0%E5%B8%82>
<http://www.wikidata.org/entity/Q210628>	"町田市"@ja	<http://www.wikidata.org/entity/Q494721>	"日本の市"@ja	<http://www.wikidata.org/entity/P47>	"隣の国又は行政区画"@ja	<https://ja.wikipedia.org/wiki/%E7%94%BA%E7%94%B0%E5%B8%82>
<http://www.wikidata.org/entity/Q213263>	"多摩市"@ja	<http://www.wikidata.org/entity/Q1549591>	"10万都市"@ja	<http://www.wikidata.org/entity/P47>	"隣の国又は行政区画"@ja	<https://ja.wikipedia.org/wiki/%E5%A4%9A%E6%91%A9%E5%B8%82>
<http://www.wikidata.org/entity/Q213263>	"多摩市"@ja	<http://www.wikidata.org/entity/Q494721>	"日本の市"@ja	<http://www.wikidata.org/entity/P47>	"隣の国又は行政区画"@ja	<https://ja.wikipedia.org/wiki/%E5%A4%9A%E6%91%A9%E5%B8%82>
<http://www.wikidata.org/entity/Q317847>	"稲城市"@ja	<http://www.wikidata.org/entity/Q494721>	"日本の市"@ja	<http://www.wikidata.org/entity/P47>	"隣の国又は行政区画"@ja	<https://ja.wikipedia.org/wiki/%E7%A8%B2%E5%9F%8E%E5%B8%82>
<http://www.wikidata.org/entity/Q1063006>	"多摩川"@ja	<http://www.wikidata.org/entity/Q4022>	"川"@ja	<http://www.wikidata.org/entity/P206>	"隣接・位置する水域"@ja	<https://ja.wikipedia.org/wiki/%E5%A4%9A%E6%91%A9%E5%B7%9D>
<http://www.wikidata.org/entity/Q1076753>	"宮前区"@ja	<http://www.wikidata.org/entity/Q137773>	"日本の区"@ja	<http://www.wikidata.org/entity/P47>	"隣の国又は行政区画"@ja	<https://ja.wikipedia.org/wiki/%E5%AE%AE%E5%89%8D%E5%8C%BA>
<http://www.wikidata.org/entity/Q1076769>	"多摩区"@ja	<http://www.wikidata.org/entity/Q137773>	"日本の区"@ja	<http://www.wikidata.org/entity/P807>	"以下より分立"@ja	<https://ja.wikipedia.org/wiki/%E5%A4%9A%E6%91%A9%E5%8C%BA>
<http://www.wikidata.org/entity/Q1076769>	"多摩区"@ja	<http://www.wikidata.org/entity/Q137773>	"日本の区"@ja	<http://www.wikidata.org/entity/P47>	"隣の国又は行政区画"@ja	<https://ja.wikipedia.org/wiki/%E5%A4%9A%E6%91%A9%E5%8C%BA>
<http://www.wikidata.org/entity/Q1203361>	"青葉区"@ja	<http://www.wikidata.org/entity/Q137773>	"日本の区"@ja	<http://www.wikidata.org/entity/P47>	"隣の国又は行政区画"@ja	<https://ja.wikipedia.org/wiki/%E9%9D%92%E8%91%89%E5%8C%BA_(%E6%A8%AA%E6%B5%9C%E5%B8%82)>
<http://www.wikidata.org/entity/Q8061644>	"百合丘"@ja	<http://www.wikidata.org/entity/Q65948724>	"町字"@ja	<http://www.wikidata.org/entity/P150>	"直下の行政区画"@ja	<https://ja.wikipedia.org/wiki/%E7%99%BE%E5%90%88%E4%B8%98>
<http://www.wikidata.org/entity/Q11372042>	"五力田"@ja	<http://www.wikidata.org/entity/Q65948724>	"町字"@ja	<http://www.wikidata.org/entity/P150>	"直下の行政区画"@ja	<https://ja.wikipedia.org/wiki/%E4%BA%94%E5%8A%9B%E7%94%B0>
<http://www.wikidata.org/entity/Q11471931>	"岡上村"@ja	<http://www.wikidata.org/entity/Q18663566>	"日本の廃止市区町村"@ja	<http://www.wikidata.org/entity/P155>	"前"@ja	<https://ja.wikipedia.org/wiki/%E5%B2%A1%E4%B8%8A%E6%9D%91>
<http://www.wikidata.org/entity/Q11471928>	"岡上"@ja	<http://www.wikidata.org/entity/Q5327369>	"町丁"@ja	<http://www.wikidata.org/entity/P150>	"直下の行政区画"@ja	<https://ja.wikipedia.org/wiki/%E5%B2%A1%E4%B8%8A>
<http://www.wikidata.org/entity/Q11471928>	"岡上"@ja	<http://www.wikidata.org/entity/Q933394>	"飛地"@ja	<http://www.wikidata.org/entity/P150>	"直下の行政区画"@ja	<https://ja.wikipedia.org/wiki/%E5%B2%A1%E4%B8%8A>
<http://www.wikidata.org/entity/Q11471928>	"岡上"@ja	<http://www.wikidata.org/entity/Q424857>	"大字"@ja	<http://www.wikidata.org/entity/P150>	"直下の行政区画"@ja	<https://ja.wikipedia.org/wiki/%E5%B2%A1%E4%B8%8A>
