?s	?sLabel	?type	?typeLabel	?prop	?propLabel	?jwiki
<http://www.wikidata.org/entity/Q17>	"日本"@ja	<http://www.wikidata.org/entity/Q113489728>	"OECD加盟国"@ja	<http://www.wikidata.org/entity/P17>	"国"@ja	<https://ja.wikipedia.org/wiki/%E6%97%A5%E6%9C%AC>
<http://www.wikidata.org/entity/Q17>	"日本"@ja	<http://www.wikidata.org/entity/Q3624078>	"主権国家"@ja	<http://www.wikidata.org/entity/P17>	"国"@ja	<https://ja.wikipedia.org/wiki/%E6%97%A5%E6%9C%AC>
<http://www.wikidata.org/entity/Q17>	"日本"@ja	<http://www.wikidata.org/entity/Q112099>	"島国"@ja	<http://www.wikidata.org/entity/P17>	"国"@ja	<https://ja.wikipedia.org/wiki/%E6%97%A5%E6%9C%AC>
<http://www.wikidata.org/entity/Q17>	"日本"@ja	<http://www.wikidata.org/entity/Q6256>	"国"@ja	<http://www.wikidata.org/entity/P17>	"国"@ja	<https://ja.wikipedia.org/wiki/%E6%97%A5%E6%9C%AC>
<http://www.wikidata.org/entity/Q137773>	"日本の区"@ja	<http://www.wikidata.org/entity/Q15617994>	"行政区画の種類"@ja	<http://www.wikidata.org/entity/P31>	"分類"@ja	<https://ja.wikipedia.org/wiki/%E8%A1%8C%E6%94%BF%E5%8C%BA>
<http://www.wikidata.org/entity/Q7041>	"UTC+9"@ja	<http://www.wikidata.org/entity/Q17272482>	"UTCとの時差で定義された標準時"@ja	<http://www.wikidata.org/entity/P421>	"標準時間帯"@ja	<https://ja.wikipedia.org/wiki/UTC%2B9>
<http://www.wikidata.org/entity/Q164234>	"川崎市"@ja	<http://www.wikidata.org/entity/Q1749269>	"政令指定都市"@ja	<http://www.wikidata.org/entity/P131>	"位置する行政区画"@ja	<https://ja.wikipedia.org/wiki/%E5%B7%9D%E5%B4%8E%E5%B8%82>
<http://www.wikidata.org/entity/Q164234>	"川崎市"@ja	<http://www.wikidata.org/entity/Q1637706>	"100万都市"@ja	<http://www.wikidata.org/entity/P131>	"位置する行政区画"@ja	<https://ja.wikipedia.org/wiki/%E5%B7%9D%E5%B4%8E%E5%B8%82>
<http://www.wikidata.org/entity/Q164234>	"川崎市"@ja	<http://www.wikidata.org/entity/Q691960>	"衛星都市"@ja	<http://www.wikidata.org/entity/P131>	"位置する行政区画"@ja	<https://ja.wikipedia.org/wiki/%E5%B7%9D%E5%B4%8E%E5%B8%82>
<http://www.wikidata.org/entity/Q164234>	"川崎市"@ja	<http://www.wikidata.org/entity/Q494721>	"日本の市"@ja	<http://www.wikidata.org/entity/P131>	"位置する行政区画"@ja	<https://ja.wikipedia.org/wiki/%E5%B7%9D%E5%B4%8E%E5%B8%82>
<http://www.wikidata.org/entity/Q9644066>	"Category:幸区"@ja	<http://www.wikidata.org/entity/Q4167836>	"ウィキメディアのカテゴリ"@ja	<http://www.wikidata.org/entity/P910>	"主題の中心カテゴリ"@ja	<https://ja.wikipedia.org/wiki/Category:%E5%B9%B8%E5%8C%BA>
<http://www.wikidata.org/entity/Q11401169>	"北加瀬"@ja	<http://www.wikidata.org/entity/Q65948724>	"町字"@ja	<http://www.wikidata.org/entity/P150>	"直下の行政区画"@ja	<https://ja.wikipedia.org/wiki/%E5%8C%97%E5%8A%A0%E7%80%AC>
<http://www.wikidata.org/entity/Q11401169>	"北加瀬"@ja	<http://www.wikidata.org/entity/Q5327369>	"町丁"@ja	<http://www.wikidata.org/entity/P150>	"直下の行政区画"@ja	<https://ja.wikipedia.org/wiki/%E5%8C%97%E5%8A%A0%E7%80%AC>
<http://www.wikidata.org/entity/Q11407527>	"南加瀬"@ja	<http://www.wikidata.org/entity/Q65948724>	"町字"@ja	<http://www.wikidata.org/entity/P150>	"直下の行政区画"@ja	<https://ja.wikipedia.org/wiki/%E5%8D%97%E5%8A%A0%E7%80%AC>
<http://www.wikidata.org/entity/Q11411173>	"古川町"@ja	<http://www.wikidata.org/entity/Q65948724>	"町字"@ja	<http://www.wikidata.org/entity/P150>	"直下の行政区画"@ja	<https://ja.wikipedia.org/wiki/%E5%8F%A4%E5%B7%9D%E7%94%BA_(%E5%B7%9D%E5%B4%8E%E5%B8%82)>
<http://www.wikidata.org/entity/Q11458882>	"小倉"@ja	<http://www.wikidata.org/entity/Q65948724>	"町字"@ja	<http://www.wikidata.org/entity/P150>	"直下の行政区画"@ja	<https://ja.wikipedia.org/wiki/%E5%B0%8F%E5%80%89_(%E5%B7%9D%E5%B4%8E%E5%B8%82)>
<http://www.wikidata.org/entity/Q11458882>	"小倉"@ja	<http://www.wikidata.org/entity/Q5327369>	"町丁"@ja	<http://www.wikidata.org/entity/P150>	"直下の行政区画"@ja	<https://ja.wikipedia.org/wiki/%E5%B0%8F%E5%80%89_(%E5%B7%9D%E5%B4%8E%E5%B8%82)>
<http://www.wikidata.org/entity/Q11459342>	"小向東芝町"@ja	<http://www.wikidata.org/entity/Q5327369>	"町丁"@ja	<http://www.wikidata.org/entity/P150>	"直下の行政区画"@ja	<https://ja.wikipedia.org/wiki/%E5%B0%8F%E5%90%91%E6%9D%B1%E8%8A%9D%E7%94%BA>
<http://www.wikidata.org/entity/Q11459340>	"小向"@ja	<http://www.wikidata.org/entity/Q65948724>	"町字"@ja	<http://www.wikidata.org/entity/P150>	"直下の行政区画"@ja	<https://ja.wikipedia.org/wiki/%E5%B0%8F%E5%90%91_(%E5%B7%9D%E5%B4%8E%E5%B8%82)>
<http://www.wikidata.org/entity/Q11496391>	"戸手"@ja	<http://www.wikidata.org/entity/Q65948724>	"町字"@ja	<http://www.wikidata.org/entity/P150>	"直下の行政区画"@ja	<https://ja.wikipedia.org/wiki/%E6%88%B8%E6%89%8B>
<http://www.wikidata.org/entity/Q11534594>	"柳町"@ja	<http://www.wikidata.org/entity/Q65948724>	"町字"@ja	<http://www.wikidata.org/entity/P150>	"直下の行政区画"@ja	<https://ja.wikipedia.org/wiki/%E6%9F%B3%E7%94%BA_(%E5%B7%9D%E5%B4%8E%E5%B8%82)>
<http://www.wikidata.org/entity/Q11553630>	"河原町"@ja	<http://www.wikidata.org/entity/Q65948724>	"町字"@ja	<http://www.wikidata.org/entity/P150>	"直下の行政区画"@ja	<https://ja.wikipedia.org/wiki/%E6%B2%B3%E5%8E%9F%E7%94%BA_(%E5%B7%9D%E5%B4%8E%E5%B8%82)>
<http://www.wikidata.org/entity/Q11583876>	"矢上"@ja	<http://www.wikidata.org/entity/Q65948724>	"町字"@ja	<http://www.wikidata.org/entity/P150>	"直下の行政区画"@ja	<https://ja.wikipedia.org/wiki/%E7%9F%A2%E4%B8%8A_(%E5%B7%9D%E5%B4%8E%E5%B8%82)>
<http://www.wikidata.org/entity/Q11583876>	"矢上"@ja	<http://www.wikidata.org/entity/Q5327369>	"町丁"@ja	<http://www.wikidata.org/entity/P150>	"直下の行政区画"@ja	<https://ja.wikipedia.org/wiki/%E7%9F%A2%E4%B8%8A_(%E5%B7%9D%E5%B4%8E%E5%B8%82)>
<http://www.wikidata.org/entity/Q11606225>	"紺屋町"@ja	<http://www.wikidata.org/entity/Q65948724>	"町字"@ja	<http://www.wikidata.org/entity/P150>	"直下の行政区画"@ja	<https://ja.wikipedia.org/wiki/%E7%B4%BA%E5%B1%8B%E7%94%BA_(%E5%B7%9D%E5%B4%8E%E5%B8%82)>
<http://www.wikidata.org/entity/Q11642298>	"遠藤町"@ja	<http://www.wikidata.org/entity/Q65948724>	"町字"@ja	<http://www.wikidata.org/entity/P150>	"直下の行政区画"@ja	<https://ja.wikipedia.org/wiki/%E9%81%A0%E8%97%A4%E7%94%BA>
<http://www.wikidata.org/entity/Q11677148>	"鹿島田"@ja	<http://www.wikidata.org/entity/Q65948724>	"町字"@ja	<http://www.wikidata.org/entity/P150>	"直下の行政区画"@ja	<https://ja.wikipedia.org/wiki/%E9%B9%BF%E5%B3%B6%E7%94%B0>
<http://www.wikidata.org/entity/Q11677148>	"鹿島田"@ja	<http://www.wikidata.org/entity/Q5327369>	"町丁"@ja	<http://www.wikidata.org/entity/P150>	"直下の行政区画"@ja	<https://ja.wikipedia.org/wiki/%E9%B9%BF%E5%B3%B6%E7%94%B0>
