?s	?sLabel	?type	?typeLabel	?prop	?propLabel	?jwiki
<http://www.wikidata.org/entity/Q17>	"日本"@ja	<http://www.wikidata.org/entity/Q113489728>	"OECD加盟国"@ja	<http://www.wikidata.org/entity/P17>	"国"@ja	<https://ja.wikipedia.org/wiki/%E6%97%A5%E6%9C%AC>
<http://www.wikidata.org/entity/Q17>	"日本"@ja	<http://www.wikidata.org/entity/Q3624078>	"主権国家"@ja	<http://www.wikidata.org/entity/P17>	"国"@ja	<https://ja.wikipedia.org/wiki/%E6%97%A5%E6%9C%AC>
<http://www.wikidata.org/entity/Q17>	"日本"@ja	<http://www.wikidata.org/entity/Q112099>	"島国"@ja	<http://www.wikidata.org/entity/P17>	"国"@ja	<https://ja.wikipedia.org/wiki/%E6%97%A5%E6%9C%AC>
<http://www.wikidata.org/entity/Q17>	"日本"@ja	<http://www.wikidata.org/entity/Q6256>	"国"@ja	<http://www.wikidata.org/entity/P17>	"国"@ja	<https://ja.wikipedia.org/wiki/%E6%97%A5%E6%9C%AC>
<http://www.wikidata.org/entity/Q7041>	"UTC+9"@ja	<http://www.wikidata.org/entity/Q17272482>	"UTCとの時差で定義された標準時"@ja	<http://www.wikidata.org/entity/P421>	"標準時間帯"@ja	<https://ja.wikipedia.org/wiki/UTC%2B9>
<http://www.wikidata.org/entity/Q127513>	"神奈川県"@ja	<http://www.wikidata.org/entity/Q50337>	"都道府県"@ja	<http://www.wikidata.org/entity/P131>	"位置する行政区画"@ja	<https://ja.wikipedia.org/wiki/%E7%A5%9E%E5%A5%88%E5%B7%9D%E7%9C%8C>
<http://www.wikidata.org/entity/Q33959>	"ニース"@ja	<http://www.wikidata.org/entity/Q1549591>	"10万都市"@ja	<http://www.wikidata.org/entity/P190>	"姉妹都市"@ja	<https://ja.wikipedia.org/wiki/%E3%83%8B%E3%83%BC%E3%82%B9>
<http://www.wikidata.org/entity/Q33959>	"ニース"@ja	<http://www.wikidata.org/entity/Q484170>	"フランスの基礎自治体"@ja	<http://www.wikidata.org/entity/P190>	"姉妹都市"@ja	<https://ja.wikipedia.org/wiki/%E3%83%8B%E3%83%BC%E3%82%B9>
<http://www.wikidata.org/entity/Q38283>	"横浜市"@ja	<http://www.wikidata.org/entity/Q65589340>	"都道府県庁所在地"@ja	<http://www.wikidata.org/entity/P47>	"隣の国又は行政区画"@ja	<https://ja.wikipedia.org/wiki/%E6%A8%AA%E6%B5%9C%E5%B8%82>
<http://www.wikidata.org/entity/Q38283>	"横浜市"@ja	<http://www.wikidata.org/entity/Q50330360>	"国内で人口2位の都市"@ja	<http://www.wikidata.org/entity/P47>	"隣の国又は行政区画"@ja	<https://ja.wikipedia.org/wiki/%E6%A8%AA%E6%B5%9C%E5%B8%82>
<http://www.wikidata.org/entity/Q38283>	"横浜市"@ja	<http://www.wikidata.org/entity/Q2264924>	"港湾都市"@ja	<http://www.wikidata.org/entity/P47>	"隣の国又は行政区画"@ja	<https://ja.wikipedia.org/wiki/%E6%A8%AA%E6%B5%9C%E5%B8%82>
<http://www.wikidata.org/entity/Q38283>	"横浜市"@ja	<http://www.wikidata.org/entity/Q1749269>	"政令指定都市"@ja	<http://www.wikidata.org/entity/P47>	"隣の国又は行政区画"@ja	<https://ja.wikipedia.org/wiki/%E6%A8%AA%E6%B5%9C%E5%B8%82>
<http://www.wikidata.org/entity/Q38283>	"横浜市"@ja	<http://www.wikidata.org/entity/Q1637706>	"100万都市"@ja	<http://www.wikidata.org/entity/P47>	"隣の国又は行政区画"@ja	<https://ja.wikipedia.org/wiki/%E6%A8%AA%E6%B5%9C%E5%B8%82>
<http://www.wikidata.org/entity/Q38283>	"横浜市"@ja	<http://www.wikidata.org/entity/Q828359>	"ベッドタウン"@ja	<http://www.wikidata.org/entity/P47>	"隣の国又は行政区画"@ja	<https://ja.wikipedia.org/wiki/%E6%A8%AA%E6%B5%9C%E5%B8%82>
<http://www.wikidata.org/entity/Q38283>	"横浜市"@ja	<http://www.wikidata.org/entity/Q691960>	"衛星都市"@ja	<http://www.wikidata.org/entity/P47>	"隣の国又は行政区画"@ja	<https://ja.wikipedia.org/wiki/%E6%A8%AA%E6%B5%9C%E5%B8%82>
<http://www.wikidata.org/entity/Q38283>	"横浜市"@ja	<http://www.wikidata.org/entity/Q494721>	"日本の市"@ja	<http://www.wikidata.org/entity/P47>	"隣の国又は行政区画"@ja	<https://ja.wikipedia.org/wiki/%E6%A8%AA%E6%B5%9C%E5%B8%82>
<http://www.wikidata.org/entity/Q844852>	"上田市"@ja	<http://www.wikidata.org/entity/Q1549591>	"10万都市"@ja	<http://www.wikidata.org/entity/P190>	"姉妹都市"@ja	<https://ja.wikipedia.org/wiki/%E4%B8%8A%E7%94%B0%E5%B8%82>
<http://www.wikidata.org/entity/Q844852>	"上田市"@ja	<http://www.wikidata.org/entity/Q494721>	"日本の市"@ja	<http://www.wikidata.org/entity/P190>	"姉妹都市"@ja	<https://ja.wikipedia.org/wiki/%E4%B8%8A%E7%94%B0%E5%B8%82>
<http://www.wikidata.org/entity/Q909085>	"日本標準時"@ja	<http://www.wikidata.org/entity/Q12143>	"標準時間帯"@ja	<http://www.wikidata.org/entity/P421>	"標準時間帯"@ja	<https://ja.wikipedia.org/wiki/%E6%97%A5%E6%9C%AC%E6%A8%99%E6%BA%96%E6%99%82>
<http://www.wikidata.org/entity/Q1061221>	"相模湾"@ja	<http://www.wikidata.org/entity/Q39594>	"湾"@ja	<http://www.wikidata.org/entity/P206>	"隣接・位置する水域"@ja	<https://ja.wikipedia.org/wiki/%E7%9B%B8%E6%A8%A1%E6%B9%BE>
<http://www.wikidata.org/entity/Q1204742>	"湘南"@ja	<http://www.wikidata.org/entity/Q207520>	"日本の地域"@ja	<http://www.wikidata.org/entity/P361>	"以下の一部分"@ja	<https://ja.wikipedia.org/wiki/%E6%B9%98%E5%8D%97>
<http://www.wikidata.org/entity/Q3330463>	"大船"@ja	<http://www.wikidata.org/entity/Q5327369>	"町丁"@ja	<http://www.wikidata.org/entity/P1383>	"包含する集落"@ja	<https://ja.wikipedia.org/wiki/%E5%A4%A7%E8%88%B9>
<http://www.wikidata.org/entity/Q3330463>	"大船"@ja	<http://www.wikidata.org/entity/Q424857>	"大字"@ja	<http://www.wikidata.org/entity/P1383>	"包含する集落"@ja	<https://ja.wikipedia.org/wiki/%E5%A4%A7%E8%88%B9>
<http://www.wikidata.org/entity/Q6374340>	"柏尾川"@ja	<http://www.wikidata.org/entity/Q4022>	"川"@ja	<http://www.wikidata.org/entity/P206>	"隣接・位置する水域"@ja	<https://ja.wikipedia.org/wiki/%E6%9F%8F%E5%B0%BE%E5%B7%9D>
<http://www.wikidata.org/entity/Q6961596>	"滑川"@ja	<http://www.wikidata.org/entity/Q4022>	"川"@ja	<http://www.wikidata.org/entity/P206>	"隣接・位置する水域"@ja	<https://ja.wikipedia.org/wiki/%E6%BB%91%E5%B7%9D_(%E7%A5%9E%E5%A5%88%E5%B7%9D%E7%9C%8C)>
<http://www.wikidata.org/entity/Q7320451>	"Category:鎌倉市"@ja	<http://www.wikidata.org/entity/Q4167836>	"ウィキメディアのカテゴリ"@ja	<http://www.wikidata.org/entity/P910>	"主題の中心カテゴリ"@ja	<https://ja.wikipedia.org/wiki/Category:%E9%8E%8C%E5%80%89%E5%B8%82>
<http://www.wikidata.org/entity/Q7510143>	"鎌倉の戦い (元弘の乱)"@ja	<http://www.wikidata.org/entity/Q188055>	"攻城戦"@ja	<http://www.wikidata.org/entity/P793>	"重要な出来事"@ja	<https://ja.wikipedia.org/wiki/%E9%8E%8C%E5%80%89%E3%81%AE%E6%88%A6%E3%81%84>
<http://www.wikidata.org/entity/Q8064809>	"材木座海岸"@ja	<http://www.wikidata.org/entity/Q40080>	"浜"@ja	<http://www.wikidata.org/entity/P150>	"直下の行政区画"@ja	<https://ja.wikipedia.org/wiki/%E6%9D%90%E6%9C%A8%E5%BA%A7%E6%B5%B7%E5%B2%B8>
<http://www.wikidata.org/entity/Q8064809>	"材木座海岸"@ja	<http://www.wikidata.org/entity/Q3957>	"街"@ja	<http://www.wikidata.org/entity/P150>	"直下の行政区画"@ja	<https://ja.wikipedia.org/wiki/%E6%9D%90%E6%9C%A8%E5%BA%A7%E6%B5%B7%E5%B2%B8>
<http://www.wikidata.org/entity/Q9383972>	"世界歴史都市連盟"@ja	<http://www.wikidata.org/entity/Q43229>	"組織"@ja	<http://www.wikidata.org/entity/P463>	"所属グループ"@ja	<https://ja.wikipedia.org/wiki/%E4%B8%96%E7%95%8C%E6%AD%B4%E5%8F%B2%E9%83%BD%E5%B8%82%E9%80%A3%E7%9B%9F>
<http://www.wikidata.org/entity/Q10939227>	"鎌倉"@ja	<http://www.wikidata.org/entity/Q27554677>	"古都"@ja	<http://www.wikidata.org/entity/P1383>	"包含する集落"@ja	<https://ja.wikipedia.org/wiki/%E9%8E%8C%E5%80%89>
<http://www.wikidata.org/entity/Q10939227>	"鎌倉"@ja	<http://www.wikidata.org/entity/Q1620908>	"歴史的地域"@ja	<http://www.wikidata.org/entity/P1383>	"包含する集落"@ja	<https://ja.wikipedia.org/wiki/%E9%8E%8C%E5%80%89>
<http://www.wikidata.org/entity/Q10939227>	"鎌倉"@ja	<http://www.wikidata.org/entity/Q27554677>	"古都"@ja	<http://www.wikidata.org/entity/P138>	"名前の由来"@ja	<https://ja.wikipedia.org/wiki/%E9%8E%8C%E5%80%89>
<http://www.wikidata.org/entity/Q10939227>	"鎌倉"@ja	<http://www.wikidata.org/entity/Q1620908>	"歴史的地域"@ja	<http://www.wikidata.org/entity/P138>	"名前の由来"@ja	<https://ja.wikipedia.org/wiki/%E9%8E%8C%E5%80%89>
<http://www.wikidata.org/entity/Q11438641>	"大船町"@ja	<http://www.wikidata.org/entity/Q18663566>	"日本の廃止市区町村"@ja	<http://www.wikidata.org/entity/P1365>	"先行"@ja	<https://ja.wikipedia.org/wiki/%E5%A4%A7%E8%88%B9%E7%94%BA>
<http://www.wikidata.org/entity/Q11496826>	"扇ヶ谷"@ja	<http://www.wikidata.org/entity/Q11632920>	"谷戸"@ja	<http://www.wikidata.org/entity/P150>	"直下の行政区画"@ja	<https://ja.wikipedia.org/wiki/%E6%89%87%E3%83%B6%E8%B0%B7>
<http://www.wikidata.org/entity/Q11496826>	"扇ヶ谷"@ja	<http://www.wikidata.org/entity/Q5327369>	"町丁"@ja	<http://www.wikidata.org/entity/P150>	"直下の行政区画"@ja	<https://ja.wikipedia.org/wiki/%E6%89%87%E3%83%B6%E8%B0%B7>
<http://www.wikidata.org/entity/Q11529620>	"松尾崇"@ja	<http://www.wikidata.org/entity/Q5>	"ヒト"@ja	<http://www.wikidata.org/entity/P6>	"行政府の長"@ja	<https://ja.wikipedia.org/wiki/%E6%9D%BE%E5%B0%BE%E5%B4%87>
<http://www.wikidata.org/entity/Q11560101>	"深沢地域"@ja	<http://www.wikidata.org/entity/Q486972>	"集落"@ja	<http://www.wikidata.org/entity/P1383>	"包含する集落"@ja	<https://ja.wikipedia.org/wiki/%E6%B7%B1%E6%B2%A2%E5%9C%B0%E5%9F%9F>
<http://www.wikidata.org/entity/Q11560115>	"深沢村"@ja	<http://www.wikidata.org/entity/Q18663566>	"日本の廃止市区町村"@ja	<http://www.wikidata.org/entity/P1365>	"先行"@ja	<https://ja.wikipedia.org/wiki/%E6%B7%B1%E6%B2%A2%E6%9D%91_(%E7%A5%9E%E5%A5%88%E5%B7%9D%E7%9C%8C)>
<http://www.wikidata.org/entity/Q11612347>	"腰越町"@ja	<http://www.wikidata.org/entity/Q18663566>	"日本の廃止市区町村"@ja	<http://www.wikidata.org/entity/P1365>	"先行"@ja	<https://ja.wikipedia.org/wiki/%E8%85%B0%E8%B6%8A%E7%94%BA>
<http://www.wikidata.org/entity/Q11612344>	"腰越地域"@ja	<http://www.wikidata.org/entity/Q486972>	"集落"@ja	<http://www.wikidata.org/entity/P1383>	"包含する集落"@ja	<https://ja.wikipedia.org/wiki/%E8%85%B0%E8%B6%8A%E5%9C%B0%E5%9F%9F>
<http://www.wikidata.org/entity/Q11650849>	"鎌倉"@ja	<http://www.wikidata.org/entity/Q5327369>	"町丁"@ja	<http://www.wikidata.org/entity/P1889>	"以下と異なる"@ja	<https://ja.wikipedia.org/wiki/%E9%8E%8C%E5%80%89_(%E8%91%9B%E9%A3%BE%E5%8C%BA)>
<http://www.wikidata.org/entity/Q11650935>	"鎌倉町"@ja	<http://www.wikidata.org/entity/Q18663566>	"日本の廃止市区町村"@ja	<http://www.wikidata.org/entity/P1889>	"以下と異なる"@ja	<https://ja.wikipedia.org/wiki/%E9%8E%8C%E5%80%89%E7%94%BA>
<http://www.wikidata.org/entity/Q11650935>	"鎌倉町"@ja	<http://www.wikidata.org/entity/Q18663566>	"日本の廃止市区町村"@ja	<http://www.wikidata.org/entity/P1365>	"先行"@ja	<https://ja.wikipedia.org/wiki/%E9%8E%8C%E5%80%89%E7%94%BA>
<http://www.wikidata.org/entity/Q17175662>	"鎌倉郡"@ja	<http://www.wikidata.org/entity/Q46426234>	"廃止された郡"@ja	<http://www.wikidata.org/entity/P3179>	"重なる地域"@ja	<https://ja.wikipedia.org/wiki/%E9%8E%8C%E5%80%89%E9%83%A1>
<http://www.wikidata.org/entity/Q24860848>	"砂押川"@ja	<http://www.wikidata.org/entity/Q4022>	"川"@ja	<http://www.wikidata.org/entity/P206>	"隣接・位置する水域"@ja	<https://ja.wikipedia.org/wiki/%E7%A0%82%E6%8A%BC%E5%B7%9D_(%E7%A5%9E%E5%A5%88%E5%B7%9D%E7%9C%8C)>
<http://www.wikidata.org/entity/Q28682925>	"鎌倉市議会"@ja	<http://www.wikidata.org/entity/Q107199651>	"市議会"@ja	<http://www.wikidata.org/entity/P194>	"立法府"@ja	<https://ja.wikipedia.org/wiki/%E9%8E%8C%E5%80%89%E5%B8%82%E8%AD%B0%E4%BC%9A>
<http://www.wikidata.org/entity/Q230843>	"逗子市"@ja	<http://www.wikidata.org/entity/Q494721>	"日本の市"@ja	<http://www.wikidata.org/entity/P47>	"隣の国又は行政区画"@ja	<https://ja.wikipedia.org/wiki/%E9%80%97%E5%AD%90%E5%B8%82>
<http://www.wikidata.org/entity/Q319114>	"敦煌市"@ja	<http://www.wikidata.org/entity/Q1070990>	"県級市"@ja	<http://www.wikidata.org/entity/P190>	"姉妹都市"@ja	<https://ja.wikipedia.org/wiki/%E6%95%A6%E7%85%8C%E5%B8%82>
<http://www.wikidata.org/entity/Q319114>	"敦煌市"@ja	<http://www.wikidata.org/entity/Q43742>	"オアシス"@ja	<http://www.wikidata.org/entity/P190>	"姉妹都市"@ja	<https://ja.wikipedia.org/wiki/%E6%95%A6%E7%85%8C%E5%B8%82>
<http://www.wikidata.org/entity/Q374477>	"足利市"@ja	<http://www.wikidata.org/entity/Q1549591>	"10万都市"@ja	<http://www.wikidata.org/entity/P190>	"姉妹都市"@ja	<https://ja.wikipedia.org/wiki/%E8%B6%B3%E5%88%A9%E5%B8%82>
<http://www.wikidata.org/entity/Q374477>	"足利市"@ja	<http://www.wikidata.org/entity/Q494721>	"日本の市"@ja	<http://www.wikidata.org/entity/P190>	"姉妹都市"@ja	<https://ja.wikipedia.org/wiki/%E8%B6%B3%E5%88%A9%E5%B8%82>
<http://www.wikidata.org/entity/Q378225>	"萩市"@ja	<http://www.wikidata.org/entity/Q494721>	"日本の市"@ja	<http://www.wikidata.org/entity/P190>	"姉妹都市"@ja	<https://ja.wikipedia.org/wiki/%E8%90%A9%E5%B8%82>
<http://www.wikidata.org/entity/Q386661>	"藤沢市"@ja	<http://www.wikidata.org/entity/Q11499984>	"文教都市"@ja	<http://www.wikidata.org/entity/P47>	"隣の国又は行政区画"@ja	<https://ja.wikipedia.org/wiki/%E8%97%A4%E6%B2%A2%E5%B8%82>
<http://www.wikidata.org/entity/Q386661>	"藤沢市"@ja	<http://www.wikidata.org/entity/Q9391358>	"保健所政令市"@ja	<http://www.wikidata.org/entity/P47>	"隣の国又は行政区画"@ja	<https://ja.wikipedia.org/wiki/%E8%97%A4%E6%B2%A2%E5%B8%82>
<http://www.wikidata.org/entity/Q386661>	"藤沢市"@ja	<http://www.wikidata.org/entity/Q1549591>	"10万都市"@ja	<http://www.wikidata.org/entity/P47>	"隣の国又は行政区画"@ja	<https://ja.wikipedia.org/wiki/%E8%97%A4%E6%B2%A2%E5%B8%82>
<http://www.wikidata.org/entity/Q386661>	"藤沢市"@ja	<http://www.wikidata.org/entity/Q691960>	"衛星都市"@ja	<http://www.wikidata.org/entity/P47>	"隣の国又は行政区画"@ja	<https://ja.wikipedia.org/wiki/%E8%97%A4%E6%B2%A2%E5%B8%82>
<http://www.wikidata.org/entity/Q386661>	"藤沢市"@ja	<http://www.wikidata.org/entity/Q494721>	"日本の市"@ja	<http://www.wikidata.org/entity/P47>	"隣の国又は行政区画"@ja	<https://ja.wikipedia.org/wiki/%E8%97%A4%E6%B2%A2%E5%B8%82>
<http://www.wikidata.org/entity/Q736839>	"鎌倉幕府"@ja	<http://www.wikidata.org/entity/Q4482688>	"封建君主制"@ja	<http://www.wikidata.org/entity/P1889>	"以下と異なる"@ja	<https://ja.wikipedia.org/wiki/%E9%8E%8C%E5%80%89%E5%B9%95%E5%BA%9C>
<http://www.wikidata.org/entity/Q736839>	"鎌倉幕府"@ja	<http://www.wikidata.org/entity/Q3024240>	"過去の国"@ja	<http://www.wikidata.org/entity/P1889>	"以下と異なる"@ja	<https://ja.wikipedia.org/wiki/%E9%8E%8C%E5%80%89%E5%B9%95%E5%BA%9C>
<http://www.wikidata.org/entity/Q736839>	"鎌倉幕府"@ja	<http://www.wikidata.org/entity/Q1074150>	"幕府"@ja	<http://www.wikidata.org/entity/P1889>	"以下と異なる"@ja	<https://ja.wikipedia.org/wiki/%E9%8E%8C%E5%80%89%E5%B9%95%E5%BA%9C>
<http://www.wikidata.org/entity/Q494721>	"日本の市"@ja	<http://www.wikidata.org/entity/Q15617994>	"行政区画の種類"@ja	<http://www.wikidata.org/entity/P31>	"分類"@ja	
<http://www.wikidata.org/entity/Q1200957>	"観光客の目的地"@ja	<http://www.wikidata.org/entity/Q29028649>	"経済学的概念"@ja	<http://www.wikidata.org/entity/P31>	"分類"@ja	
<http://www.wikidata.org/entity/Q1549591>	"10万都市"@ja	<http://www.wikidata.org/entity/Q98966309>	"居留地の分類"@ja	<http://www.wikidata.org/entity/P31>	"分類"@ja	
<http://www.wikidata.org/entity/Q13335785>	"Q13335785"	<http://www.wikidata.org/entity/Q4167836>	"ウィキメディアのカテゴリ"@ja	<http://www.wikidata.org/entity/P1464>	"当地生まれの人のカテゴリ"@ja	
<http://www.wikidata.org/entity/Q17234789>	"ヤマザクラ"@ja	<http://www.wikidata.org/entity/Q16521>	"タクソン"@ja	<http://www.wikidata.org/entity/P2238>	"公式シンボル"@ja	
<http://www.wikidata.org/entity/Q17306650>	"Q17306650"	<http://www.wikidata.org/entity/Q4167836>	"ウィキメディアのカテゴリ"@ja	<http://www.wikidata.org/entity/P1465>	"当地で死んだ人のカテゴリ"@ja	
<http://www.wikidata.org/entity/Q21380447>	"リンドウ"@ja	<http://www.wikidata.org/entity/Q16521>	"タクソン"@ja	<http://www.wikidata.org/entity/P2238>	"公式シンボル"@ja	
<http://www.wikidata.org/entity/Q32650238>	"Q32650238"	<http://www.wikidata.org/entity/Q17362920>	"ウィキメディアの重複ページ"@ja	<http://www.wikidata.org/entity/P1792>	"当地の人々のカテゴリ"@ja	
<http://www.wikidata.org/entity/Q32650238>	"Q32650238"	<http://www.wikidata.org/entity/Q4167836>	"ウィキメディアのカテゴリ"@ja	<http://www.wikidata.org/entity/P1792>	"当地の人々のカテゴリ"@ja	
<http://www.wikidata.org/entity/Q56437279>	"鎌倉市長"@ja	<http://www.wikidata.org/entity/Q4164871>	"職位"@ja	<http://www.wikidata.org/entity/P1313>	"行政府の長の地位"@ja	
<http://www.wikidata.org/entity/Q104631268>	"Q104631268"	<http://www.wikidata.org/entity/Q4167836>	"ウィキメディアのカテゴリ"@ja	<http://www.wikidata.org/entity/P8989>	"景観のカテゴリ"@ja	
<http://www.wikidata.org/entity/Q113992749>	"Category:鎌倉市の地図"@ja	<http://www.wikidata.org/entity/Q4167836>	"ウィキメディアのカテゴリ"@ja	<http://www.wikidata.org/entity/P7867>	"当地の地図のカテゴリ"@ja	
