?s	?sLabel	?type	?typeLabel	?prop	?propLabel	?jwiki
<http://www.wikidata.org/entity/Q17>	"日本"@ja	<http://www.wikidata.org/entity/Q113489728>	"OECD加盟国"@ja	<http://www.wikidata.org/entity/P17>	"国"@ja	<https://ja.wikipedia.org/wiki/%E6%97%A5%E6%9C%AC>
<http://www.wikidata.org/entity/Q17>	"日本"@ja	<http://www.wikidata.org/entity/Q3624078>	"主権国家"@ja	<http://www.wikidata.org/entity/P17>	"国"@ja	<https://ja.wikipedia.org/wiki/%E6%97%A5%E6%9C%AC>
<http://www.wikidata.org/entity/Q17>	"日本"@ja	<http://www.wikidata.org/entity/Q112099>	"島国"@ja	<http://www.wikidata.org/entity/P17>	"国"@ja	<https://ja.wikipedia.org/wiki/%E6%97%A5%E6%9C%AC>
<http://www.wikidata.org/entity/Q17>	"日本"@ja	<http://www.wikidata.org/entity/Q6256>	"国"@ja	<http://www.wikidata.org/entity/P17>	"国"@ja	<https://ja.wikipedia.org/wiki/%E6%97%A5%E6%9C%AC>
<http://www.wikidata.org/entity/Q7041>	"UTC+9"@ja	<http://www.wikidata.org/entity/Q17272482>	"UTCとの時差で定義された標準時"@ja	<http://www.wikidata.org/entity/P421>	"標準時間帯"@ja	<https://ja.wikipedia.org/wiki/UTC%2B9>
<http://www.wikidata.org/entity/Q18094>	"ホノルル"@ja	<http://www.wikidata.org/entity/Q21518270>	"アメリカ合衆国の州または島嶼地域の首都"@ja	<http://www.wikidata.org/entity/P190>	"姉妹都市"@ja	<https://ja.wikipedia.org/wiki/%E3%83%9B%E3%83%8E%E3%83%AB%E3%83%AB>
<http://www.wikidata.org/entity/Q18094>	"ホノルル"@ja	<http://www.wikidata.org/entity/Q1549591>	"10万都市"@ja	<http://www.wikidata.org/entity/P190>	"姉妹都市"@ja	<https://ja.wikipedia.org/wiki/%E3%83%9B%E3%83%8E%E3%83%AB%E3%83%AB>
<http://www.wikidata.org/entity/Q18094>	"ホノルル"@ja	<http://www.wikidata.org/entity/Q62049>	"郡庁所在地"@ja	<http://www.wikidata.org/entity/P190>	"姉妹都市"@ja	<https://ja.wikipedia.org/wiki/%E3%83%9B%E3%83%8E%E3%83%AB%E3%83%AB>
<http://www.wikidata.org/entity/Q386661>	"藤沢市"@ja	<http://www.wikidata.org/entity/Q11499984>	"文教都市"@ja	<http://www.wikidata.org/entity/P47>	"隣の国又は行政区画"@ja	<https://ja.wikipedia.org/wiki/%E8%97%A4%E6%B2%A2%E5%B8%82>
<http://www.wikidata.org/entity/Q386661>	"藤沢市"@ja	<http://www.wikidata.org/entity/Q9391358>	"保健所政令市"@ja	<http://www.wikidata.org/entity/P47>	"隣の国又は行政区画"@ja	<https://ja.wikipedia.org/wiki/%E8%97%A4%E6%B2%A2%E5%B8%82>
<http://www.wikidata.org/entity/Q386661>	"藤沢市"@ja	<http://www.wikidata.org/entity/Q1549591>	"10万都市"@ja	<http://www.wikidata.org/entity/P47>	"隣の国又は行政区画"@ja	<https://ja.wikipedia.org/wiki/%E8%97%A4%E6%B2%A2%E5%B8%82>
<http://www.wikidata.org/entity/Q386661>	"藤沢市"@ja	<http://www.wikidata.org/entity/Q691960>	"衛星都市"@ja	<http://www.wikidata.org/entity/P47>	"隣の国又は行政区画"@ja	<https://ja.wikipedia.org/wiki/%E8%97%A4%E6%B2%A2%E5%B8%82>
<http://www.wikidata.org/entity/Q386661>	"藤沢市"@ja	<http://www.wikidata.org/entity/Q494721>	"日本の市"@ja	<http://www.wikidata.org/entity/P47>	"隣の国又は行政区画"@ja	<https://ja.wikipedia.org/wiki/%E8%97%A4%E6%B2%A2%E5%B8%82>
<http://www.wikidata.org/entity/Q242783>	"岡崎市"@ja	<http://www.wikidata.org/entity/Q1549591>	"10万都市"@ja	<http://www.wikidata.org/entity/P190>	"姉妹都市"@ja	<https://ja.wikipedia.org/wiki/%E5%B2%A1%E5%B4%8E%E5%B8%82>
<http://www.wikidata.org/entity/Q242783>	"岡崎市"@ja	<http://www.wikidata.org/entity/Q1137833>	"中核市"@ja	<http://www.wikidata.org/entity/P190>	"姉妹都市"@ja	<https://ja.wikipedia.org/wiki/%E5%B2%A1%E5%B4%8E%E5%B8%82>
<http://www.wikidata.org/entity/Q242783>	"岡崎市"@ja	<http://www.wikidata.org/entity/Q909458>	"城下町"@ja	<http://www.wikidata.org/entity/P190>	"姉妹都市"@ja	<https://ja.wikipedia.org/wiki/%E5%B2%A1%E5%B4%8E%E5%B8%82>
<http://www.wikidata.org/entity/Q242783>	"岡崎市"@ja	<http://www.wikidata.org/entity/Q691960>	"衛星都市"@ja	<http://www.wikidata.org/entity/P190>	"姉妹都市"@ja	<https://ja.wikipedia.org/wiki/%E5%B2%A1%E5%B4%8E%E5%B8%82>
<http://www.wikidata.org/entity/Q242783>	"岡崎市"@ja	<http://www.wikidata.org/entity/Q494721>	"日本の市"@ja	<http://www.wikidata.org/entity/P190>	"姉妹都市"@ja	<https://ja.wikipedia.org/wiki/%E5%B2%A1%E5%B4%8E%E5%B8%82>
<http://www.wikidata.org/entity/Q502199>	"平塚市"@ja	<http://www.wikidata.org/entity/Q1549591>	"10万都市"@ja	<http://www.wikidata.org/entity/P47>	"隣の国又は行政区画"@ja	<https://ja.wikipedia.org/wiki/%E5%B9%B3%E5%A1%9A%E5%B8%82>
<http://www.wikidata.org/entity/Q502199>	"平塚市"@ja	<http://www.wikidata.org/entity/Q1145012>	"特例市"@ja	<http://www.wikidata.org/entity/P47>	"隣の国又は行政区画"@ja	<https://ja.wikipedia.org/wiki/%E5%B9%B3%E5%A1%9A%E5%B8%82>
<http://www.wikidata.org/entity/Q502199>	"平塚市"@ja	<http://www.wikidata.org/entity/Q494721>	"日本の市"@ja	<http://www.wikidata.org/entity/P47>	"隣の国又は行政区画"@ja	<https://ja.wikipedia.org/wiki/%E5%B9%B3%E5%A1%9A%E5%B8%82>
<http://www.wikidata.org/entity/Q612253>	"相模川"@ja	<http://www.wikidata.org/entity/Q4022>	"川"@ja	<http://www.wikidata.org/entity/P206>	"隣接・位置する水域"@ja	<https://ja.wikipedia.org/wiki/%E7%9B%B8%E6%A8%A1%E5%B7%9D>
<http://www.wikidata.org/entity/Q1061221>	"相模湾"@ja	<http://www.wikidata.org/entity/Q39594>	"湾"@ja	<http://www.wikidata.org/entity/P206>	"隣接・位置する水域"@ja	<https://ja.wikipedia.org/wiki/%E7%9B%B8%E6%A8%A1%E6%B9%BE>
<http://www.wikidata.org/entity/Q1145012>	"特例市"@ja	<http://www.wikidata.org/entity/Q515>	"都市"@ja	<http://www.wikidata.org/entity/P31>	"分類"@ja	<https://ja.wikipedia.org/wiki/%E7%89%B9%E4%BE%8B%E5%B8%82>
<http://www.wikidata.org/entity/Q1204742>	"湘南"@ja	<http://www.wikidata.org/entity/Q207520>	"日本の地域"@ja	<http://www.wikidata.org/entity/P361>	"以下の一部分"@ja	<https://ja.wikipedia.org/wiki/%E6%B9%98%E5%8D%97>
<http://www.wikidata.org/entity/Q1342787>	"寒川町"@ja	<http://www.wikidata.org/entity/Q1059478>	"日本の町"@ja	<http://www.wikidata.org/entity/P47>	"隣の国又は行政区画"@ja	<https://ja.wikipedia.org/wiki/%E5%AF%92%E5%B7%9D%E7%94%BA>
<http://www.wikidata.org/entity/Q6807943>	"Category:茅ヶ崎市"@ja	<http://www.wikidata.org/entity/Q4167836>	"ウィキメディアのカテゴリ"@ja	<http://www.wikidata.org/entity/P910>	"主題の中心カテゴリ"@ja	<https://ja.wikipedia.org/wiki/Category:%E8%8C%85%E3%83%B6%E5%B4%8E%E5%B8%82>
<http://www.wikidata.org/entity/Q11459107>	"小出村"@ja	<http://www.wikidata.org/entity/Q18663566>	"日本の廃止市区町村"@ja	<http://www.wikidata.org/entity/P1365>	"先行"@ja	<https://ja.wikipedia.org/wiki/%E5%B0%8F%E5%87%BA%E6%9D%91_(%E7%A5%9E%E5%A5%88%E5%B7%9D%E7%9C%8C)>
<http://www.wikidata.org/entity/Q11531483>	"松林村"@ja	<http://www.wikidata.org/entity/Q18663566>	"日本の廃止市区町村"@ja	<http://www.wikidata.org/entity/P1365>	"先行"@ja	<https://ja.wikipedia.org/wiki/%E6%9D%BE%E6%9E%97%E6%9D%91>
<http://www.wikidata.org/entity/Q11563340>	"湘南海岸"@ja	<http://www.wikidata.org/entity/Q40080>	"浜"@ja	<http://www.wikidata.org/entity/P206>	"隣接・位置する水域"@ja	<https://ja.wikipedia.org/wiki/%E6%B9%98%E5%8D%97%E6%B5%B7%E5%B2%B8>
<http://www.wikidata.org/entity/Q11617169>	"茅ヶ崎村"@ja	<http://www.wikidata.org/entity/Q18663566>	"日本の廃止市区町村"@ja	<http://www.wikidata.org/entity/P1365>	"先行"@ja	<https://ja.wikipedia.org/wiki/%E8%8C%85%E3%83%B6%E5%B4%8E%E6%9D%91>
<http://www.wikidata.org/entity/Q11675998>	"鶴嶺村"@ja	<http://www.wikidata.org/entity/Q18663566>	"日本の廃止市区町村"@ja	<http://www.wikidata.org/entity/P1365>	"先行"@ja	<https://ja.wikipedia.org/wiki/%E9%B6%B4%E5%B6%BA%E6%9D%91>
<http://www.wikidata.org/entity/Q28683814>	"茅ヶ崎市議会"@ja	<http://www.wikidata.org/entity/Q107199651>	"市議会"@ja	<http://www.wikidata.org/entity/P194>	"立法府"@ja	<https://ja.wikipedia.org/wiki/%E8%8C%85%E3%83%B6%E5%B4%8E%E5%B8%82%E8%AD%B0%E4%BC%9A>
<http://www.wikidata.org/entity/Q59552165>	"佐藤光"@ja	<http://www.wikidata.org/entity/Q5>	"ヒト"@ja	<http://www.wikidata.org/entity/P6>	"行政府の長"@ja	<https://ja.wikipedia.org/wiki/%E4%BD%90%E8%97%A4%E5%85%89_(%E6%94%BF%E6%B2%BB%E5%AE%B6)>
<http://www.wikidata.org/entity/Q81666>	"アカシア"@ja	<http://www.wikidata.org/entity/Q16521>	"タクソン"@ja	<http://www.wikidata.org/entity/P2238>	"公式シンボル"@ja	<https://ja.wikipedia.org/wiki/%E3%82%A2%E3%82%AB%E3%82%B7%E3%82%A2>
<http://www.wikidata.org/entity/Q127513>	"神奈川県"@ja	<http://www.wikidata.org/entity/Q50337>	"都道府県"@ja	<http://www.wikidata.org/entity/P131>	"位置する行政区画"@ja	<https://ja.wikipedia.org/wiki/%E7%A5%9E%E5%A5%88%E5%B7%9D%E7%9C%8C>
<http://www.wikidata.org/entity/Q177798>	"シジュウカラ"@ja	<http://www.wikidata.org/entity/Q16521>	"タクソン"@ja	<http://www.wikidata.org/entity/P2238>	"公式シンボル"@ja	<https://ja.wikipedia.org/wiki/%E3%82%B7%E3%82%B8%E3%83%A5%E3%82%A6%E3%82%AB%E3%83%A9>
<http://www.wikidata.org/entity/Q189393>	"ツツジ"@ja	<http://www.wikidata.org/entity/Q16521>	"タクソン"@ja	<http://www.wikidata.org/entity/P2238>	"公式シンボル"@ja	<https://ja.wikipedia.org/wiki/%E3%83%84%E3%83%84%E3%82%B8>
<http://www.wikidata.org/entity/Q494721>	"日本の市"@ja	<http://www.wikidata.org/entity/Q15617994>	"行政区画の種類"@ja	<http://www.wikidata.org/entity/P31>	"分類"@ja	
<http://www.wikidata.org/entity/Q1549591>	"10万都市"@ja	<http://www.wikidata.org/entity/Q98966309>	"居留地の分類"@ja	<http://www.wikidata.org/entity/P31>	"分類"@ja	
<http://www.wikidata.org/entity/Q13335576>	"Q13335576"	<http://www.wikidata.org/entity/Q4167836>	"ウィキメディアのカテゴリ"@ja	<http://www.wikidata.org/entity/P1464>	"当地生まれの人のカテゴリ"@ja	
<http://www.wikidata.org/entity/Q15290176>	"Q15290176"	<http://www.wikidata.org/entity/Q4167836>	"ウィキメディアのカテゴリ"@ja	<http://www.wikidata.org/entity/P1792>	"当地の人々のカテゴリ"@ja	
<http://www.wikidata.org/entity/Q55908669>	"Q55908669"	<http://www.wikidata.org/entity/Q4167836>	"ウィキメディアのカテゴリ"@ja	<http://www.wikidata.org/entity/P1465>	"当地で死んだ人のカテゴリ"@ja	
