?s	?sLabel	?type	?typeLabel	?prop	?propLabel	?jwiki
<http://www.wikidata.org/entity/Q17>	"日本"@ja	<http://www.wikidata.org/entity/Q113489728>	"OECD加盟国"@ja	<http://www.wikidata.org/entity/P17>	"国"@ja	<https://ja.wikipedia.org/wiki/%E6%97%A5%E6%9C%AC>
<http://www.wikidata.org/entity/Q17>	"日本"@ja	<http://www.wikidata.org/entity/Q3624078>	"主権国家"@ja	<http://www.wikidata.org/entity/P17>	"国"@ja	<https://ja.wikipedia.org/wiki/%E6%97%A5%E6%9C%AC>
<http://www.wikidata.org/entity/Q17>	"日本"@ja	<http://www.wikidata.org/entity/Q112099>	"島国"@ja	<http://www.wikidata.org/entity/P17>	"国"@ja	<https://ja.wikipedia.org/wiki/%E6%97%A5%E6%9C%AC>
<http://www.wikidata.org/entity/Q17>	"日本"@ja	<http://www.wikidata.org/entity/Q6256>	"国"@ja	<http://www.wikidata.org/entity/P17>	"国"@ja	<https://ja.wikipedia.org/wiki/%E6%97%A5%E6%9C%AC>
<http://www.wikidata.org/entity/Q12193>	"ブレスト"@ja	<http://www.wikidata.org/entity/Q1549591>	"10万都市"@ja	<http://www.wikidata.org/entity/P190>	"姉妹都市"@ja	<https://ja.wikipedia.org/wiki/%E3%83%96%E3%83%AC%E3%82%B9%E3%83%88_(%E3%83%95%E3%83%A9%E3%83%B3%E3%82%B9)>
<http://www.wikidata.org/entity/Q12193>	"ブレスト"@ja	<http://www.wikidata.org/entity/Q484170>	"フランスの基礎自治体"@ja	<http://www.wikidata.org/entity/P190>	"姉妹都市"@ja	<https://ja.wikipedia.org/wiki/%E3%83%96%E3%83%AC%E3%82%B9%E3%83%88_(%E3%83%95%E3%83%A9%E3%83%B3%E3%82%B9)>
<http://www.wikidata.org/entity/Q7041>	"UTC+9"@ja	<http://www.wikidata.org/entity/Q17272482>	"UTCとの時差で定義された標準時"@ja	<http://www.wikidata.org/entity/P421>	"標準時間帯"@ja	<https://ja.wikipedia.org/wiki/UTC%2B9>
<http://www.wikidata.org/entity/Q48>	"アジア"@ja	<http://www.wikidata.org/entity/Q2418896>	"世界の一部"@ja	<http://www.wikidata.org/entity/P30>	"大陸"@ja	<https://ja.wikipedia.org/wiki/%E3%82%A2%E3%82%B8%E3%82%A2>
<http://www.wikidata.org/entity/Q48>	"アジア"@ja	<http://www.wikidata.org/entity/Q5107>	"大陸"@ja	<http://www.wikidata.org/entity/P30>	"大陸"@ja	<https://ja.wikipedia.org/wiki/%E3%82%A2%E3%82%B8%E3%82%A2>
<http://www.wikidata.org/entity/Q141017>	"東京湾"@ja	<http://www.wikidata.org/entity/Q39594>	"湾"@ja	<http://www.wikidata.org/entity/P206>	"隣接・位置する水域"@ja	<https://ja.wikipedia.org/wiki/%E6%9D%B1%E4%BA%AC%E6%B9%BE>
<http://www.wikidata.org/entity/Q230843>	"逗子市"@ja	<http://www.wikidata.org/entity/Q494721>	"日本の市"@ja	<http://www.wikidata.org/entity/P1366>	"後継"@ja	<https://ja.wikipedia.org/wiki/%E9%80%97%E5%AD%90%E5%B8%82>
<http://www.wikidata.org/entity/Q230843>	"逗子市"@ja	<http://www.wikidata.org/entity/Q494721>	"日本の市"@ja	<http://www.wikidata.org/entity/P47>	"隣の国又は行政区画"@ja	<https://ja.wikipedia.org/wiki/%E9%80%97%E5%AD%90%E5%B8%82>
<http://www.wikidata.org/entity/Q127513>	"神奈川県"@ja	<http://www.wikidata.org/entity/Q50337>	"都道府県"@ja	<http://www.wikidata.org/entity/P131>	"位置する行政区画"@ja	<https://ja.wikipedia.org/wiki/%E7%A5%9E%E5%A5%88%E5%B7%9D%E7%9C%8C>
<http://www.wikidata.org/entity/Q38283>	"横浜市"@ja	<http://www.wikidata.org/entity/Q65589340>	"都道府県庁所在地"@ja	<http://www.wikidata.org/entity/P1889>	"以下と異なる"@ja	<https://ja.wikipedia.org/wiki/%E6%A8%AA%E6%B5%9C%E5%B8%82>
<http://www.wikidata.org/entity/Q38283>	"横浜市"@ja	<http://www.wikidata.org/entity/Q50330360>	"国内で人口2位の都市"@ja	<http://www.wikidata.org/entity/P1889>	"以下と異なる"@ja	<https://ja.wikipedia.org/wiki/%E6%A8%AA%E6%B5%9C%E5%B8%82>
<http://www.wikidata.org/entity/Q38283>	"横浜市"@ja	<http://www.wikidata.org/entity/Q2264924>	"港湾都市"@ja	<http://www.wikidata.org/entity/P1889>	"以下と異なる"@ja	<https://ja.wikipedia.org/wiki/%E6%A8%AA%E6%B5%9C%E5%B8%82>
<http://www.wikidata.org/entity/Q38283>	"横浜市"@ja	<http://www.wikidata.org/entity/Q1749269>	"政令指定都市"@ja	<http://www.wikidata.org/entity/P1889>	"以下と異なる"@ja	<https://ja.wikipedia.org/wiki/%E6%A8%AA%E6%B5%9C%E5%B8%82>
<http://www.wikidata.org/entity/Q38283>	"横浜市"@ja	<http://www.wikidata.org/entity/Q1637706>	"100万都市"@ja	<http://www.wikidata.org/entity/P1889>	"以下と異なる"@ja	<https://ja.wikipedia.org/wiki/%E6%A8%AA%E6%B5%9C%E5%B8%82>
<http://www.wikidata.org/entity/Q38283>	"横浜市"@ja	<http://www.wikidata.org/entity/Q828359>	"ベッドタウン"@ja	<http://www.wikidata.org/entity/P1889>	"以下と異なる"@ja	<https://ja.wikipedia.org/wiki/%E6%A8%AA%E6%B5%9C%E5%B8%82>
<http://www.wikidata.org/entity/Q38283>	"横浜市"@ja	<http://www.wikidata.org/entity/Q691960>	"衛星都市"@ja	<http://www.wikidata.org/entity/P1889>	"以下と異なる"@ja	<https://ja.wikipedia.org/wiki/%E6%A8%AA%E6%B5%9C%E5%B8%82>
<http://www.wikidata.org/entity/Q38283>	"横浜市"@ja	<http://www.wikidata.org/entity/Q494721>	"日本の市"@ja	<http://www.wikidata.org/entity/P1889>	"以下と異なる"@ja	<https://ja.wikipedia.org/wiki/%E6%A8%AA%E6%B5%9C%E5%B8%82>
<http://www.wikidata.org/entity/Q38283>	"横浜市"@ja	<http://www.wikidata.org/entity/Q65589340>	"都道府県庁所在地"@ja	<http://www.wikidata.org/entity/P47>	"隣の国又は行政区画"@ja	<https://ja.wikipedia.org/wiki/%E6%A8%AA%E6%B5%9C%E5%B8%82>
<http://www.wikidata.org/entity/Q38283>	"横浜市"@ja	<http://www.wikidata.org/entity/Q50330360>	"国内で人口2位の都市"@ja	<http://www.wikidata.org/entity/P47>	"隣の国又は行政区画"@ja	<https://ja.wikipedia.org/wiki/%E6%A8%AA%E6%B5%9C%E5%B8%82>
<http://www.wikidata.org/entity/Q38283>	"横浜市"@ja	<http://www.wikidata.org/entity/Q2264924>	"港湾都市"@ja	<http://www.wikidata.org/entity/P47>	"隣の国又は行政区画"@ja	<https://ja.wikipedia.org/wiki/%E6%A8%AA%E6%B5%9C%E5%B8%82>
<http://www.wikidata.org/entity/Q38283>	"横浜市"@ja	<http://www.wikidata.org/entity/Q1749269>	"政令指定都市"@ja	<http://www.wikidata.org/entity/P47>	"隣の国又は行政区画"@ja	<https://ja.wikipedia.org/wiki/%E6%A8%AA%E6%B5%9C%E5%B8%82>
<http://www.wikidata.org/entity/Q38283>	"横浜市"@ja	<http://www.wikidata.org/entity/Q1637706>	"100万都市"@ja	<http://www.wikidata.org/entity/P47>	"隣の国又は行政区画"@ja	<https://ja.wikipedia.org/wiki/%E6%A8%AA%E6%B5%9C%E5%B8%82>
<http://www.wikidata.org/entity/Q38283>	"横浜市"@ja	<http://www.wikidata.org/entity/Q828359>	"ベッドタウン"@ja	<http://www.wikidata.org/entity/P47>	"隣の国又は行政区画"@ja	<https://ja.wikipedia.org/wiki/%E6%A8%AA%E6%B5%9C%E5%B8%82>
<http://www.wikidata.org/entity/Q38283>	"横浜市"@ja	<http://www.wikidata.org/entity/Q691960>	"衛星都市"@ja	<http://www.wikidata.org/entity/P47>	"隣の国又は行政区画"@ja	<https://ja.wikipedia.org/wiki/%E6%A8%AA%E6%B5%9C%E5%B8%82>
<http://www.wikidata.org/entity/Q38283>	"横浜市"@ja	<http://www.wikidata.org/entity/Q494721>	"日本の市"@ja	<http://www.wikidata.org/entity/P47>	"隣の国又は行政区画"@ja	<https://ja.wikipedia.org/wiki/%E6%A8%AA%E6%B5%9C%E5%B8%82>
<http://www.wikidata.org/entity/Q49242>	"コーパス・クリスティ"@ja	<http://www.wikidata.org/entity/Q1549591>	"10万都市"@ja	<http://www.wikidata.org/entity/P190>	"姉妹都市"@ja	<https://ja.wikipedia.org/wiki/%E3%82%B3%E3%83%BC%E3%83%91%E3%82%B9%E3%82%AF%E3%83%AA%E3%82%B9%E3%83%86%E3%82%A3_(%E3%83%86%E3%82%AD%E3%82%B5%E3%82%B9%E5%B7%9E)>
<http://www.wikidata.org/entity/Q49242>	"コーパス・クリスティ"@ja	<http://www.wikidata.org/entity/Q1093829>	"アメリカ合衆国の市"@ja	<http://www.wikidata.org/entity/P190>	"姉妹都市"@ja	<https://ja.wikipedia.org/wiki/%E3%82%B3%E3%83%BC%E3%83%91%E3%82%B9%E3%82%AF%E3%83%AA%E3%82%B9%E3%83%86%E3%82%A3_(%E3%83%86%E3%82%AD%E3%82%B5%E3%82%B9%E5%B7%9E)>
<http://www.wikidata.org/entity/Q49242>	"コーパス・クリスティ"@ja	<http://www.wikidata.org/entity/Q62049>	"郡庁所在地"@ja	<http://www.wikidata.org/entity/P190>	"姉妹都市"@ja	<https://ja.wikipedia.org/wiki/%E3%82%B3%E3%83%BC%E3%83%91%E3%82%B9%E3%82%AF%E3%83%AA%E3%82%B9%E3%83%86%E3%82%A3_(%E3%83%86%E3%82%AD%E3%82%B5%E3%82%B9%E5%B7%9E)>
<http://www.wikidata.org/entity/Q1342807>	"葉山町"@ja	<http://www.wikidata.org/entity/Q1059478>	"日本の町"@ja	<http://www.wikidata.org/entity/P47>	"隣の国又は行政区画"@ja	<https://ja.wikipedia.org/wiki/%E8%91%89%E5%B1%B1%E7%94%BA>
<http://www.wikidata.org/entity/Q2705488>	"オオシマザクラ"@ja	<http://www.wikidata.org/entity/Q16521>	"タクソン"@ja	<http://www.wikidata.org/entity/P2238>	"公式シンボル"@ja	<https://ja.wikipedia.org/wiki/%E3%82%AA%E3%82%AA%E3%82%B7%E3%83%9E%E3%82%B6%E3%82%AF%E3%83%A9>
<http://www.wikidata.org/entity/Q2735604>	"浦賀"@ja	<http://www.wikidata.org/entity/Q123705>	"地区"@ja	<http://www.wikidata.org/entity/P150>	"直下の行政区画"@ja	<https://ja.wikipedia.org/wiki/%E6%B5%A6%E8%B3%80>
<http://www.wikidata.org/entity/Q6446012>	"久里浜"@ja	<http://www.wikidata.org/entity/Q123705>	"地区"@ja	<http://www.wikidata.org/entity/P150>	"直下の行政区画"@ja	<https://ja.wikipedia.org/wiki/%E4%B9%85%E9%87%8C%E6%B5%9C>
<http://www.wikidata.org/entity/Q6807458>	"Category:横須賀市"@ja	<http://www.wikidata.org/entity/Q4167836>	"ウィキメディアのカテゴリ"@ja	<http://www.wikidata.org/entity/P910>	"主題の中心カテゴリ"@ja	<https://ja.wikipedia.org/wiki/Category:%E6%A8%AA%E9%A0%88%E8%B3%80%E5%B8%82>
<http://www.wikidata.org/entity/Q7169780>	"黒船来航"@ja	<http://www.wikidata.org/entity/Q366301>	"調査遠征"@ja	<http://www.wikidata.org/entity/P793>	"重要な出来事"@ja	<https://ja.wikipedia.org/wiki/%E9%BB%92%E8%88%B9%E6%9D%A5%E8%88%AA>
<http://www.wikidata.org/entity/Q7231304>	"横須賀港"@ja	<http://www.wikidata.org/entity/Q11637431>	"軍港"@ja	<http://www.wikidata.org/entity/P206>	"隣接・位置する水域"@ja	<https://ja.wikipedia.org/wiki/%E6%A8%AA%E9%A0%88%E8%B3%80%E6%B8%AF>
<http://www.wikidata.org/entity/Q7231304>	"横須賀港"@ja	<http://www.wikidata.org/entity/Q44782>	"港湾"@ja	<http://www.wikidata.org/entity/P206>	"隣接・位置する水域"@ja	<https://ja.wikipedia.org/wiki/%E6%A8%AA%E9%A0%88%E8%B3%80%E6%B8%AF>
<http://www.wikidata.org/entity/Q10872107>	"大楠山"@ja	<http://www.wikidata.org/entity/Q8502>	"山"@ja	<http://www.wikidata.org/entity/P610>	"最も高い地点"@ja	<https://ja.wikipedia.org/wiki/%E5%A4%A7%E6%A5%A0%E5%B1%B1>
<http://www.wikidata.org/entity/Q11151345>	"海軍カレー"@ja	<http://www.wikidata.org/entity/Q2095>	"食物"@ja	<http://www.wikidata.org/entity/P868>	"名産品"@ja	<https://ja.wikipedia.org/wiki/%E6%B5%B7%E8%BB%8D%E3%82%AB%E3%83%AC%E3%83%BC>
<http://www.wikidata.org/entity/Q11369718>	"久里浜村"@ja	<http://www.wikidata.org/entity/Q18663566>	"日本の廃止市区町村"@ja	<http://www.wikidata.org/entity/P1365>	"先行"@ja	<https://ja.wikipedia.org/wiki/%E4%B9%85%E9%87%8C%E6%B5%9C%E6%9D%91>
<http://www.wikidata.org/entity/Q11400879>	"北下浦"@ja	<http://www.wikidata.org/entity/Q123705>	"地区"@ja	<http://www.wikidata.org/entity/P150>	"直下の行政区画"@ja	<https://ja.wikipedia.org/wiki/%E5%8C%97%E4%B8%8B%E6%B5%A6>
<http://www.wikidata.org/entity/Q11400881>	"北下浦村"@ja	<http://www.wikidata.org/entity/Q18663566>	"日本の廃止市区町村"@ja	<http://www.wikidata.org/entity/P1365>	"先行"@ja	<https://ja.wikipedia.org/wiki/%E5%8C%97%E4%B8%8B%E6%B5%A6%E6%9D%91>
<http://www.wikidata.org/entity/Q11436442>	"大楠町"@ja	<http://www.wikidata.org/entity/Q18663566>	"日本の廃止市区町村"@ja	<http://www.wikidata.org/entity/P1365>	"先行"@ja	<https://ja.wikipedia.org/wiki/%E5%A4%A7%E6%A5%A0%E7%94%BA>
<http://www.wikidata.org/entity/Q11437242>	"大津"@ja	<http://www.wikidata.org/entity/Q123705>	"地区"@ja	<http://www.wikidata.org/entity/P150>	"直下の行政区画"@ja	<https://ja.wikipedia.org/wiki/%E5%A4%A7%E6%B4%A5_(%E6%A8%AA%E9%A0%88%E8%B3%80%E5%B8%82)>
<http://www.wikidata.org/entity/Q11545935>	"武山村"@ja	<http://www.wikidata.org/entity/Q18663566>	"日本の廃止市区町村"@ja	<http://www.wikidata.org/entity/P1365>	"先行"@ja	<https://ja.wikipedia.org/wiki/%E6%AD%A6%E5%B1%B1%E6%9D%91>
<http://www.wikidata.org/entity/Q11558347>	"浦賀町"@ja	<http://www.wikidata.org/entity/Q18663566>	"日本の廃止市区町村"@ja	<http://www.wikidata.org/entity/P1365>	"先行"@ja	<https://ja.wikipedia.org/wiki/%E6%B5%A6%E8%B3%80%E7%94%BA>
<http://www.wikidata.org/entity/Q11577099>	"田浦"@ja	<http://www.wikidata.org/entity/Q123705>	"地区"@ja	<http://www.wikidata.org/entity/P150>	"直下の行政区画"@ja	<https://ja.wikipedia.org/wiki/%E7%94%B0%E6%B5%A6_(%E6%A8%AA%E9%A0%88%E8%B3%80%E5%B8%82)>
<http://www.wikidata.org/entity/Q11577105>	"田浦町"@ja	<http://www.wikidata.org/entity/Q18663566>	"日本の廃止市区町村"@ja	<http://www.wikidata.org/entity/P1365>	"先行"@ja	<https://ja.wikipedia.org/wiki/%E7%94%B0%E6%B5%A6%E7%94%BA_(%E7%A5%9E%E5%A5%88%E5%B7%9D%E7%9C%8C)>
<http://www.wikidata.org/entity/Q11626388>	"衣笠"@ja	<http://www.wikidata.org/entity/Q123705>	"地区"@ja	<http://www.wikidata.org/entity/P150>	"直下の行政区画"@ja	<https://ja.wikipedia.org/wiki/%E8%A1%A3%E7%AC%A0_(%E6%A8%AA%E9%A0%88%E8%B3%80%E5%B8%82)>
<http://www.wikidata.org/entity/Q11626408>	"衣笠村"@ja	<http://www.wikidata.org/entity/Q18663566>	"日本の廃止市区町村"@ja	<http://www.wikidata.org/entity/P1365>	"先行"@ja	<https://ja.wikipedia.org/wiki/%E8%A1%A3%E7%AC%A0%E6%9D%91>
<http://www.wikidata.org/entity/Q11627037>	"西"@ja	<http://www.wikidata.org/entity/Q123705>	"地区"@ja	<http://www.wikidata.org/entity/P150>	"直下の行政区画"@ja	<https://ja.wikipedia.org/wiki/%E8%A5%BF_(%E6%A8%AA%E9%A0%88%E8%B3%80%E5%B8%82)>
<http://www.wikidata.org/entity/Q11633551>	"豊島町"@ja	<http://www.wikidata.org/entity/Q18663566>	"日本の廃止市区町村"@ja	<http://www.wikidata.org/entity/P1365>	"先行"@ja	<https://ja.wikipedia.org/wiki/%E8%B1%8A%E5%B3%B6%E7%94%BA>
<http://www.wikidata.org/entity/Q11639279>	"追浜"@ja	<http://www.wikidata.org/entity/Q123705>	"地区"@ja	<http://www.wikidata.org/entity/P150>	"直下の行政区画"@ja	<https://ja.wikipedia.org/wiki/%E8%BF%BD%E6%B5%9C>
<http://www.wikidata.org/entity/Q11639499>	"逗子町"@ja	<http://www.wikidata.org/entity/Q18663566>	"日本の廃止市区町村"@ja	<http://www.wikidata.org/entity/P1365>	"先行"@ja	<https://ja.wikipedia.org/wiki/%E9%80%97%E5%AD%90%E7%94%BA>
<http://www.wikidata.org/entity/Q11640233>	"逸見"@ja	<http://www.wikidata.org/entity/Q123705>	"地区"@ja	<http://www.wikidata.org/entity/P150>	"直下の行政区画"@ja	<https://ja.wikipedia.org/wiki/%E9%80%B8%E8%A6%8B_(%E6%A8%AA%E9%A0%88%E8%B3%80%E5%B8%82)>
<http://www.wikidata.org/entity/Q11651473>	"長井町"@ja	<http://www.wikidata.org/entity/Q18663566>	"日本の廃止市区町村"@ja	<http://www.wikidata.org/entity/P1365>	"先行"@ja	<https://ja.wikipedia.org/wiki/%E9%95%B7%E4%BA%95%E7%94%BA_(%E7%A5%9E%E5%A5%88%E5%B7%9D%E7%9C%8C)>
<http://www.wikidata.org/entity/Q17228851>	"スカリン"@ja	<http://www.wikidata.org/entity/Q30318131>	"架空の妖精"@ja	<http://www.wikidata.org/entity/P822>	"マスコット"@ja	<https://ja.wikipedia.org/wiki/%E3%82%B9%E3%82%AB%E3%83%AA%E3%83%B3>
<http://www.wikidata.org/entity/Q17228851>	"スカリン"@ja	<http://www.wikidata.org/entity/Q11280995>	"ゆるキャラ"@ja	<http://www.wikidata.org/entity/P822>	"マスコット"@ja	<https://ja.wikipedia.org/wiki/%E3%82%B9%E3%82%AB%E3%83%AA%E3%83%B3>
<http://www.wikidata.org/entity/Q21654623>	"本庁"@ja	<http://www.wikidata.org/entity/Q123705>	"地区"@ja	<http://www.wikidata.org/entity/P150>	"直下の行政区画"@ja	<https://ja.wikipedia.org/wiki/%E6%9C%AC%E5%BA%81_(%E6%A8%AA%E9%A0%88%E8%B3%80%E5%B8%82)>
<http://www.wikidata.org/entity/Q28682927>	"横須賀市議会"@ja	<http://www.wikidata.org/entity/Q107199651>	"市議会"@ja	<http://www.wikidata.org/entity/P194>	"立法府"@ja	<https://ja.wikipedia.org/wiki/%E6%A8%AA%E9%A0%88%E8%B3%80%E5%B8%82%E8%AD%B0%E4%BC%9A>
<http://www.wikidata.org/entity/Q28687125>	"横須賀市歌"@ja	<http://www.wikidata.org/entity/Q105543609>	"楽曲"@ja	<http://www.wikidata.org/entity/P85>	"アンセム"@ja	<https://ja.wikipedia.org/wiki/%E6%A8%AA%E9%A0%88%E8%B3%80%E5%B8%82%E6%AD%8C>
<http://www.wikidata.org/entity/Q43426952>	"上地克明"@ja	<http://www.wikidata.org/entity/Q5>	"ヒト"@ja	<http://www.wikidata.org/entity/P6>	"行政府の長"@ja	<https://ja.wikipedia.org/wiki/%E4%B8%8A%E5%9C%B0%E5%85%8B%E6%98%8E>
<http://www.wikidata.org/entity/Q56437276>	"横須賀市長"@ja	<http://www.wikidata.org/entity/Q4164871>	"職位"@ja	<http://www.wikidata.org/entity/P1313>	"行政府の長の地位"@ja	<https://ja.wikipedia.org/wiki/%E6%A8%AA%E9%A0%88%E8%B3%80%E5%B8%82%E9%95%B7>
<http://www.wikidata.org/entity/Q237699>	"会津若松市"@ja	<http://www.wikidata.org/entity/Q1549591>	"10万都市"@ja	<http://www.wikidata.org/entity/P190>	"姉妹都市"@ja	<https://ja.wikipedia.org/wiki/%E4%BC%9A%E6%B4%A5%E8%8B%A5%E6%9D%BE%E5%B8%82>
<http://www.wikidata.org/entity/Q237699>	"会津若松市"@ja	<http://www.wikidata.org/entity/Q494721>	"日本の市"@ja	<http://www.wikidata.org/entity/P190>	"姉妹都市"@ja	<https://ja.wikipedia.org/wiki/%E4%BC%9A%E6%B4%A5%E8%8B%A5%E6%9D%BE%E5%B8%82>
<http://www.wikidata.org/entity/Q536757>	"三浦半島"@ja	<http://www.wikidata.org/entity/Q34763>	"半島"@ja	<http://www.wikidata.org/entity/P706>	"位置する地形"@ja	<https://ja.wikipedia.org/wiki/%E4%B8%89%E6%B5%A6%E5%8D%8A%E5%B3%B6>
<http://www.wikidata.org/entity/Q602358>	"ブロックハウス・エフロン百科事典"@ja	<http://www.wikidata.org/entity/Q975413>	"百科辞書"@ja	<http://www.wikidata.org/entity/P1343>	"掲載している情報源"@ja	<https://ja.wikipedia.org/wiki/%E3%83%96%E3%83%AD%E3%83%83%E3%82%AF%E3%83%8F%E3%82%A6%E3%82%B9%E3%83%BB%E3%82%A8%E3%83%95%E3%83%AD%E3%83%B3%E7%99%BE%E7%A7%91%E4%BA%8B%E5%85%B8>
<http://www.wikidata.org/entity/Q713472>	"ハマオモト"@ja	<http://www.wikidata.org/entity/Q16521>	"タクソン"@ja	<http://www.wikidata.org/entity/P2238>	"公式シンボル"@ja	<https://ja.wikipedia.org/wiki/%E3%83%8F%E3%83%9E%E3%83%A6%E3%82%A6>
<http://www.wikidata.org/entity/Q723431>	"浦賀水道"@ja	<http://www.wikidata.org/entity/Q1210950>	"水道"@ja	<http://www.wikidata.org/entity/P206>	"隣接・位置する水域"@ja	<https://ja.wikipedia.org/wiki/%E6%B5%A6%E8%B3%80%E6%B0%B4%E9%81%93>
<http://www.wikidata.org/entity/Q823886>	"三浦市"@ja	<http://www.wikidata.org/entity/Q494721>	"日本の市"@ja	<http://www.wikidata.org/entity/P47>	"隣の国又は行政区画"@ja	<https://ja.wikipedia.org/wiki/%E4%B8%89%E6%B5%A6%E5%B8%82>
<http://www.wikidata.org/entity/Q873835>	"富岡市"@ja	<http://www.wikidata.org/entity/Q494721>	"日本の市"@ja	<http://www.wikidata.org/entity/P190>	"姉妹都市"@ja	<https://ja.wikipedia.org/wiki/%E5%AF%8C%E5%B2%A1%E5%B8%82>
<http://www.wikidata.org/entity/Q1061221>	"相模湾"@ja	<http://www.wikidata.org/entity/Q39594>	"湾"@ja	<http://www.wikidata.org/entity/P206>	"隣接・位置する水域"@ja	<https://ja.wikipedia.org/wiki/%E7%9B%B8%E6%A8%A1%E6%B9%BE>
<http://www.wikidata.org/entity/Q494721>	"日本の市"@ja	<http://www.wikidata.org/entity/Q15617994>	"行政区画の種類"@ja	<http://www.wikidata.org/entity/P31>	"分類"@ja	
<http://www.wikidata.org/entity/Q797782>	"メドウェイ"@ja	<http://www.wikidata.org/entity/Q1136601>	"Q1136601"	<http://www.wikidata.org/entity/P190>	"姉妹都市"@ja	
<http://www.wikidata.org/entity/Q797782>	"メドウェイ"@ja	<http://www.wikidata.org/entity/Q1006876>	"バラ"@ja	<http://www.wikidata.org/entity/P190>	"姉妹都市"@ja	
<http://www.wikidata.org/entity/Q1455046>	"フリーマントル市"@ja	<http://www.wikidata.org/entity/Q55557858>	"西オーストラリア州の地方公共団体"@ja	<http://www.wikidata.org/entity/P190>	"姉妹都市"@ja	
<http://www.wikidata.org/entity/Q1549591>	"10万都市"@ja	<http://www.wikidata.org/entity/Q98966309>	"居留地の分類"@ja	<http://www.wikidata.org/entity/P31>	"分類"@ja	
<http://www.wikidata.org/entity/Q7915182>	"Q7915182"	<http://www.wikidata.org/entity/Q4167836>	"ウィキメディアのカテゴリ"@ja	<http://www.wikidata.org/entity/P1792>	"当地の人々のカテゴリ"@ja	
<http://www.wikidata.org/entity/Q8055341>	"Q8055341"	<http://www.wikidata.org/entity/Q4167836>	"ウィキメディアのカテゴリ"@ja	<http://www.wikidata.org/entity/P1464>	"当地生まれの人のカテゴリ"@ja	
<http://www.wikidata.org/entity/Q19360931>	"Q19360931"	<http://www.wikidata.org/entity/Q4167836>	"ウィキメディアのカテゴリ"@ja	<http://www.wikidata.org/entity/P1740>	"当地で撮影された映画のカテゴリ"@ja	
<http://www.wikidata.org/entity/Q32644518>	"Q32644518"	<http://www.wikidata.org/entity/Q4167836>	"ウィキメディアのカテゴリ"@ja	<http://www.wikidata.org/entity/P1465>	"当地で死んだ人のカテゴリ"@ja	
