?s	?sLabel	?type	?typeLabel	?prop	?propLabel	?jwiki
<http://www.wikidata.org/entity/Q17>	"日本"@ja	<http://www.wikidata.org/entity/Q113489728>	"OECD加盟国"@ja	<http://www.wikidata.org/entity/P17>	"国"@ja	<https://ja.wikipedia.org/wiki/%E6%97%A5%E6%9C%AC>
<http://www.wikidata.org/entity/Q17>	"日本"@ja	<http://www.wikidata.org/entity/Q3624078>	"主権国家"@ja	<http://www.wikidata.org/entity/P17>	"国"@ja	<https://ja.wikipedia.org/wiki/%E6%97%A5%E6%9C%AC>
<http://www.wikidata.org/entity/Q17>	"日本"@ja	<http://www.wikidata.org/entity/Q112099>	"島国"@ja	<http://www.wikidata.org/entity/P17>	"国"@ja	<https://ja.wikipedia.org/wiki/%E6%97%A5%E6%9C%AC>
<http://www.wikidata.org/entity/Q17>	"日本"@ja	<http://www.wikidata.org/entity/Q6256>	"国"@ja	<http://www.wikidata.org/entity/P17>	"国"@ja	<https://ja.wikipedia.org/wiki/%E6%97%A5%E6%9C%AC>
<http://www.wikidata.org/entity/Q7041>	"UTC+9"@ja	<http://www.wikidata.org/entity/Q17272482>	"UTCとの時差で定義された標準時"@ja	<http://www.wikidata.org/entity/P421>	"標準時間帯"@ja	<https://ja.wikipedia.org/wiki/UTC%2B9>
<http://www.wikidata.org/entity/Q49172>	"ニューブリテン"@ja	<http://www.wikidata.org/entity/Q1093829>	"アメリカ合衆国の市"@ja	<http://www.wikidata.org/entity/P190>	"姉妹都市"@ja	<https://ja.wikipedia.org/wiki/%E3%83%8B%E3%83%A5%E3%83%BC%E3%83%96%E3%83%AA%E3%83%86%E3%83%B3_(%E3%82%B3%E3%83%8D%E3%83%81%E3%82%AB%E3%83%83%E3%83%88%E5%B7%9E)>
<http://www.wikidata.org/entity/Q127513>	"神奈川県"@ja	<http://www.wikidata.org/entity/Q50337>	"都道府県"@ja	<http://www.wikidata.org/entity/P131>	"位置する行政区画"@ja	<https://ja.wikipedia.org/wiki/%E7%A5%9E%E5%A5%88%E5%B7%9D%E7%9C%8C>
<http://www.wikidata.org/entity/Q496479>	"横手市"@ja	<http://www.wikidata.org/entity/Q494721>	"日本の市"@ja	<http://www.wikidata.org/entity/P190>	"姉妹都市"@ja	<https://ja.wikipedia.org/wiki/%E6%A8%AA%E6%89%8B%E5%B8%82>
<http://www.wikidata.org/entity/Q305640>	"網走市"@ja	<http://www.wikidata.org/entity/Q494721>	"日本の市"@ja	<http://www.wikidata.org/entity/P190>	"姉妹都市"@ja	<https://ja.wikipedia.org/wiki/%E7%B6%B2%E8%B5%B0%E5%B8%82>
<http://www.wikidata.org/entity/Q460806>	"秦野市"@ja	<http://www.wikidata.org/entity/Q1549591>	"10万都市"@ja	<http://www.wikidata.org/entity/P47>	"隣の国又は行政区画"@ja	<https://ja.wikipedia.org/wiki/%E7%A7%A6%E9%87%8E%E5%B8%82>
<http://www.wikidata.org/entity/Q460806>	"秦野市"@ja	<http://www.wikidata.org/entity/Q494721>	"日本の市"@ja	<http://www.wikidata.org/entity/P47>	"隣の国又は行政区画"@ja	<https://ja.wikipedia.org/wiki/%E7%A7%A6%E9%87%8E%E5%B8%82>
<http://www.wikidata.org/entity/Q145333>	"座間市"@ja	<http://www.wikidata.org/entity/Q1549591>	"10万都市"@ja	<http://www.wikidata.org/entity/P47>	"隣の国又は行政区画"@ja	<https://ja.wikipedia.org/wiki/%E5%BA%A7%E9%96%93%E5%B8%82>
<http://www.wikidata.org/entity/Q145333>	"座間市"@ja	<http://www.wikidata.org/entity/Q494721>	"日本の市"@ja	<http://www.wikidata.org/entity/P47>	"隣の国又は行政区画"@ja	<https://ja.wikipedia.org/wiki/%E5%BA%A7%E9%96%93%E5%B8%82>
<http://www.wikidata.org/entity/Q209779>	"相模原市"@ja	<http://www.wikidata.org/entity/Q1749269>	"政令指定都市"@ja	<http://www.wikidata.org/entity/P47>	"隣の国又は行政区画"@ja	<https://ja.wikipedia.org/wiki/%E7%9B%B8%E6%A8%A1%E5%8E%9F%E5%B8%82>
<http://www.wikidata.org/entity/Q209779>	"相模原市"@ja	<http://www.wikidata.org/entity/Q1549591>	"10万都市"@ja	<http://www.wikidata.org/entity/P47>	"隣の国又は行政区画"@ja	<https://ja.wikipedia.org/wiki/%E7%9B%B8%E6%A8%A1%E5%8E%9F%E5%B8%82>
<http://www.wikidata.org/entity/Q209779>	"相模原市"@ja	<http://www.wikidata.org/entity/Q691960>	"衛星都市"@ja	<http://www.wikidata.org/entity/P47>	"隣の国又は行政区画"@ja	<https://ja.wikipedia.org/wiki/%E7%9B%B8%E6%A8%A1%E5%8E%9F%E5%B8%82>
<http://www.wikidata.org/entity/Q209779>	"相模原市"@ja	<http://www.wikidata.org/entity/Q494721>	"日本の市"@ja	<http://www.wikidata.org/entity/P47>	"隣の国又は行政区画"@ja	<https://ja.wikipedia.org/wiki/%E7%9B%B8%E6%A8%A1%E5%8E%9F%E5%B8%82>
<http://www.wikidata.org/entity/Q502199>	"平塚市"@ja	<http://www.wikidata.org/entity/Q1549591>	"10万都市"@ja	<http://www.wikidata.org/entity/P47>	"隣の国又は行政区画"@ja	<https://ja.wikipedia.org/wiki/%E5%B9%B3%E5%A1%9A%E5%B8%82>
<http://www.wikidata.org/entity/Q502199>	"平塚市"@ja	<http://www.wikidata.org/entity/Q1145012>	"特例市"@ja	<http://www.wikidata.org/entity/P47>	"隣の国又は行政区画"@ja	<https://ja.wikipedia.org/wiki/%E5%B9%B3%E5%A1%9A%E5%B8%82>
<http://www.wikidata.org/entity/Q502199>	"平塚市"@ja	<http://www.wikidata.org/entity/Q494721>	"日本の市"@ja	<http://www.wikidata.org/entity/P47>	"隣の国又は行政区画"@ja	<https://ja.wikipedia.org/wiki/%E5%B9%B3%E5%A1%9A%E5%B8%82>
<http://www.wikidata.org/entity/Q734390>	"海老名市"@ja	<http://www.wikidata.org/entity/Q1549591>	"10万都市"@ja	<http://www.wikidata.org/entity/P47>	"隣の国又は行政区画"@ja	<https://ja.wikipedia.org/wiki/%E6%B5%B7%E8%80%81%E5%90%8D%E5%B8%82>
<http://www.wikidata.org/entity/Q734390>	"海老名市"@ja	<http://www.wikidata.org/entity/Q494721>	"日本の市"@ja	<http://www.wikidata.org/entity/P47>	"隣の国又は行政区画"@ja	<https://ja.wikipedia.org/wiki/%E6%B5%B7%E8%80%81%E5%90%8D%E5%B8%82>
<http://www.wikidata.org/entity/Q734520>	"伊勢原市"@ja	<http://www.wikidata.org/entity/Q1549591>	"10万都市"@ja	<http://www.wikidata.org/entity/P47>	"隣の国又は行政区画"@ja	<https://ja.wikipedia.org/wiki/%E4%BC%8A%E5%8B%A2%E5%8E%9F%E5%B8%82>
<http://www.wikidata.org/entity/Q734520>	"伊勢原市"@ja	<http://www.wikidata.org/entity/Q494721>	"日本の市"@ja	<http://www.wikidata.org/entity/P47>	"隣の国又は行政区画"@ja	<https://ja.wikipedia.org/wiki/%E4%BC%8A%E5%8B%A2%E5%8E%9F%E5%B8%82>
<http://www.wikidata.org/entity/Q1145012>	"特例市"@ja	<http://www.wikidata.org/entity/Q515>	"都市"@ja	<http://www.wikidata.org/entity/P31>	"分類"@ja	<https://ja.wikipedia.org/wiki/%E7%89%B9%E4%BE%8B%E5%B8%82>
<http://www.wikidata.org/entity/Q1203267>	"愛川町"@ja	<http://www.wikidata.org/entity/Q1059478>	"日本の町"@ja	<http://www.wikidata.org/entity/P47>	"隣の国又は行政区画"@ja	<https://ja.wikipedia.org/wiki/%E6%84%9B%E5%B7%9D%E7%94%BA>
<http://www.wikidata.org/entity/Q1342787>	"寒川町"@ja	<http://www.wikidata.org/entity/Q1059478>	"日本の町"@ja	<http://www.wikidata.org/entity/P47>	"隣の国又は行政区画"@ja	<https://ja.wikipedia.org/wiki/%E5%AF%92%E5%B7%9D%E7%94%BA>
<http://www.wikidata.org/entity/Q1344386>	"清川村"@ja	<http://www.wikidata.org/entity/Q4174776>	"日本の村"@ja	<http://www.wikidata.org/entity/P47>	"隣の国又は行政区画"@ja	<https://ja.wikipedia.org/wiki/%E6%B8%85%E5%B7%9D%E6%9D%91>
<http://www.wikidata.org/entity/Q6807796>	"Category:厚木市"@ja	<http://www.wikidata.org/entity/Q4167836>	"ウィキメディアのカテゴリ"@ja	<http://www.wikidata.org/entity/P910>	"主題の中心カテゴリ"@ja	<https://ja.wikipedia.org/wiki/Category:%E5%8E%9A%E6%9C%A8%E5%B8%82>
<http://www.wikidata.org/entity/Q11385555>	"依知村"@ja	<http://www.wikidata.org/entity/Q18663566>	"日本の廃止市区町村"@ja	<http://www.wikidata.org/entity/P1365>	"先行"@ja	<https://ja.wikipedia.org/wiki/%E4%BE%9D%E7%9F%A5%E6%9D%91>
<http://www.wikidata.org/entity/Q11408033>	"南毛利村"@ja	<http://www.wikidata.org/entity/Q18663566>	"日本の廃止市区町村"@ja	<http://www.wikidata.org/entity/P1365>	"先行"@ja	<https://ja.wikipedia.org/wiki/%E5%8D%97%E6%AF%9B%E5%88%A9%E6%9D%91>
<http://www.wikidata.org/entity/Q11409263>	"厚木町"@ja	<http://www.wikidata.org/entity/Q18663566>	"日本の廃止市区町村"@ja	<http://www.wikidata.org/entity/P1365>	"先行"@ja	<https://ja.wikipedia.org/wiki/%E5%8E%9A%E6%9C%A8%E7%94%BA>
<http://www.wikidata.org/entity/Q11464456>	"小鮎村"@ja	<http://www.wikidata.org/entity/Q18663566>	"日本の廃止市区町村"@ja	<http://www.wikidata.org/entity/P1365>	"先行"@ja	<https://ja.wikipedia.org/wiki/%E5%B0%8F%E9%AE%8E%E6%9D%91>
<http://www.wikidata.org/entity/Q11572574>	"玉川村"@ja	<http://www.wikidata.org/entity/Q18663566>	"日本の廃止市区町村"@ja	<http://www.wikidata.org/entity/P1365>	"先行"@ja	<https://ja.wikipedia.org/wiki/%E7%8E%89%E5%B7%9D%E6%9D%91_(%E7%A5%9E%E5%A5%88%E5%B7%9D%E7%9C%8C)>
<http://www.wikidata.org/entity/Q11581999>	"相川村"@ja	<http://www.wikidata.org/entity/Q18663566>	"日本の廃止市区町村"@ja	<http://www.wikidata.org/entity/P1365>	"先行"@ja	<https://ja.wikipedia.org/wiki/%E7%9B%B8%E5%B7%9D%E6%9D%91_(%E7%A5%9E%E5%A5%88%E5%B7%9D%E7%9C%8C)>
<http://www.wikidata.org/entity/Q11583771>	"睦合村"@ja	<http://www.wikidata.org/entity/Q18663566>	"日本の廃止市区町村"@ja	<http://www.wikidata.org/entity/P1365>	"先行"@ja	<https://ja.wikipedia.org/wiki/%E7%9D%A6%E5%90%88%E6%9D%91_(%E7%A5%9E%E5%A5%88%E5%B7%9D%E7%9C%8C)>
<http://www.wikidata.org/entity/Q11619047>	"荻野村"@ja	<http://www.wikidata.org/entity/Q18663566>	"日本の廃止市区町村"@ja	<http://www.wikidata.org/entity/P1365>	"先行"@ja	<https://ja.wikipedia.org/wiki/%E8%8D%BB%E9%87%8E%E6%9D%91_(%E7%A5%9E%E5%A5%88%E5%B7%9D%E7%9C%8C)>
<http://www.wikidata.org/entity/Q17158237>	"小林常良"@ja	<http://www.wikidata.org/entity/Q5>	"ヒト"@ja	<http://www.wikidata.org/entity/P6>	"行政府の長"@ja	<https://ja.wikipedia.org/wiki/%E5%B0%8F%E6%9E%97%E5%B8%B8%E8%89%AF>
<http://www.wikidata.org/entity/Q28682931>	"厚木市議会"@ja	<http://www.wikidata.org/entity/Q107199651>	"市議会"@ja	<http://www.wikidata.org/entity/P194>	"立法府"@ja	<https://ja.wikipedia.org/wiki/%E5%8E%9A%E6%9C%A8%E5%B8%82%E8%AD%B0%E4%BC%9A>
<http://www.wikidata.org/entity/Q494721>	"日本の市"@ja	<http://www.wikidata.org/entity/Q15617994>	"行政区画の種類"@ja	<http://www.wikidata.org/entity/P31>	"分類"@ja	
<http://www.wikidata.org/entity/Q1549591>	"10万都市"@ja	<http://www.wikidata.org/entity/Q98966309>	"居留地の分類"@ja	<http://www.wikidata.org/entity/P31>	"分類"@ja	
<http://www.wikidata.org/entity/Q9228556>	"Q9228556"	<http://www.wikidata.org/entity/Q4167836>	"ウィキメディアのカテゴリ"@ja	<http://www.wikidata.org/entity/P1464>	"当地生まれの人のカテゴリ"@ja	
<http://www.wikidata.org/entity/Q32647856>	"Q32647856"	<http://www.wikidata.org/entity/Q4167836>	"ウィキメディアのカテゴリ"@ja	<http://www.wikidata.org/entity/P1792>	"当地の人々のカテゴリ"@ja	
