?s	?sLabel	?type	?typeLabel	?prop	?propLabel	?jwiki
<http://www.wikidata.org/entity/Q17>	"日本"@ja	<http://www.wikidata.org/entity/Q113489728>	"OECD加盟国"@ja	<http://www.wikidata.org/entity/P17>	"国"@ja	<https://ja.wikipedia.org/wiki/%E6%97%A5%E6%9C%AC>
<http://www.wikidata.org/entity/Q17>	"日本"@ja	<http://www.wikidata.org/entity/Q3624078>	"主権国家"@ja	<http://www.wikidata.org/entity/P17>	"国"@ja	<https://ja.wikipedia.org/wiki/%E6%97%A5%E6%9C%AC>
<http://www.wikidata.org/entity/Q17>	"日本"@ja	<http://www.wikidata.org/entity/Q112099>	"島国"@ja	<http://www.wikidata.org/entity/P17>	"国"@ja	<https://ja.wikipedia.org/wiki/%E6%97%A5%E6%9C%AC>
<http://www.wikidata.org/entity/Q17>	"日本"@ja	<http://www.wikidata.org/entity/Q6256>	"国"@ja	<http://www.wikidata.org/entity/P17>	"国"@ja	<https://ja.wikipedia.org/wiki/%E6%97%A5%E6%9C%AC>
<http://www.wikidata.org/entity/Q386661>	"藤沢市"@ja	<http://www.wikidata.org/entity/Q11499984>	"文教都市"@ja	<http://www.wikidata.org/entity/P47>	"隣の国又は行政区画"@ja	<https://ja.wikipedia.org/wiki/%E8%97%A4%E6%B2%A2%E5%B8%82>
<http://www.wikidata.org/entity/Q386661>	"藤沢市"@ja	<http://www.wikidata.org/entity/Q9391358>	"保健所政令市"@ja	<http://www.wikidata.org/entity/P47>	"隣の国又は行政区画"@ja	<https://ja.wikipedia.org/wiki/%E8%97%A4%E6%B2%A2%E5%B8%82>
<http://www.wikidata.org/entity/Q386661>	"藤沢市"@ja	<http://www.wikidata.org/entity/Q1549591>	"10万都市"@ja	<http://www.wikidata.org/entity/P47>	"隣の国又は行政区画"@ja	<https://ja.wikipedia.org/wiki/%E8%97%A4%E6%B2%A2%E5%B8%82>
<http://www.wikidata.org/entity/Q386661>	"藤沢市"@ja	<http://www.wikidata.org/entity/Q691960>	"衛星都市"@ja	<http://www.wikidata.org/entity/P47>	"隣の国又は行政区画"@ja	<https://ja.wikipedia.org/wiki/%E8%97%A4%E6%B2%A2%E5%B8%82>
<http://www.wikidata.org/entity/Q386661>	"藤沢市"@ja	<http://www.wikidata.org/entity/Q494721>	"日本の市"@ja	<http://www.wikidata.org/entity/P47>	"隣の国又は行政区画"@ja	<https://ja.wikipedia.org/wiki/%E8%97%A4%E6%B2%A2%E5%B8%82>
<http://www.wikidata.org/entity/Q386697>	"大和市"@ja	<http://www.wikidata.org/entity/Q1549591>	"10万都市"@ja	<http://www.wikidata.org/entity/P47>	"隣の国又は行政区画"@ja	<https://ja.wikipedia.org/wiki/%E5%A4%A7%E5%92%8C%E5%B8%82>
<http://www.wikidata.org/entity/Q386697>	"大和市"@ja	<http://www.wikidata.org/entity/Q1145012>	"特例市"@ja	<http://www.wikidata.org/entity/P47>	"隣の国又は行政区画"@ja	<https://ja.wikipedia.org/wiki/%E5%A4%A7%E5%92%8C%E5%B8%82>
<http://www.wikidata.org/entity/Q127513>	"神奈川県"@ja	<http://www.wikidata.org/entity/Q50337>	"都道府県"@ja	<http://www.wikidata.org/entity/P131>	"位置する行政区画"@ja	<https://ja.wikipedia.org/wiki/%E7%A5%9E%E5%A5%88%E5%B7%9D%E7%9C%8C>
<http://www.wikidata.org/entity/Q7041>	"UTC+9"@ja	<http://www.wikidata.org/entity/Q17272482>	"UTCとの時差で定義された標準時"@ja	<http://www.wikidata.org/entity/P421>	"標準時間帯"@ja	<https://ja.wikipedia.org/wiki/UTC%2B9>
<http://www.wikidata.org/entity/Q389711>	"厚木市"@ja	<http://www.wikidata.org/entity/Q1549591>	"10万都市"@ja	<http://www.wikidata.org/entity/P47>	"隣の国又は行政区画"@ja	<https://ja.wikipedia.org/wiki/%E5%8E%9A%E6%9C%A8%E5%B8%82>
<http://www.wikidata.org/entity/Q389711>	"厚木市"@ja	<http://www.wikidata.org/entity/Q1145012>	"特例市"@ja	<http://www.wikidata.org/entity/P47>	"隣の国又は行政区画"@ja	<https://ja.wikipedia.org/wiki/%E5%8E%9A%E6%9C%A8%E5%B8%82>
<http://www.wikidata.org/entity/Q389711>	"厚木市"@ja	<http://www.wikidata.org/entity/Q494721>	"日本の市"@ja	<http://www.wikidata.org/entity/P47>	"隣の国又は行政区画"@ja	<https://ja.wikipedia.org/wiki/%E5%8E%9A%E6%9C%A8%E5%B8%82>
<http://www.wikidata.org/entity/Q428989>	"登別市"@ja	<http://www.wikidata.org/entity/Q494721>	"日本の市"@ja	<http://www.wikidata.org/entity/P190>	"姉妹都市"@ja	<https://ja.wikipedia.org/wiki/%E7%99%BB%E5%88%A5%E5%B8%82>
<http://www.wikidata.org/entity/Q145333>	"座間市"@ja	<http://www.wikidata.org/entity/Q1549591>	"10万都市"@ja	<http://www.wikidata.org/entity/P47>	"隣の国又は行政区画"@ja	<https://ja.wikipedia.org/wiki/%E5%BA%A7%E9%96%93%E5%B8%82>
<http://www.wikidata.org/entity/Q145333>	"座間市"@ja	<http://www.wikidata.org/entity/Q494721>	"日本の市"@ja	<http://www.wikidata.org/entity/P47>	"隣の国又は行政区画"@ja	<https://ja.wikipedia.org/wiki/%E5%BA%A7%E9%96%93%E5%B8%82>
<http://www.wikidata.org/entity/Q792819>	"綾瀬市"@ja	<http://www.wikidata.org/entity/Q494721>	"日本の市"@ja	<http://www.wikidata.org/entity/P47>	"隣の国又は行政区画"@ja	<https://ja.wikipedia.org/wiki/%E7%B6%BE%E7%80%AC%E5%B8%82>
<http://www.wikidata.org/entity/Q823489>	"白石市"@ja	<http://www.wikidata.org/entity/Q494721>	"日本の市"@ja	<http://www.wikidata.org/entity/P190>	"姉妹都市"@ja	<https://ja.wikipedia.org/wiki/%E7%99%BD%E7%9F%B3%E5%B8%82>
<http://www.wikidata.org/entity/Q1342787>	"寒川町"@ja	<http://www.wikidata.org/entity/Q1059478>	"日本の町"@ja	<http://www.wikidata.org/entity/P47>	"隣の国又は行政区画"@ja	<https://ja.wikipedia.org/wiki/%E5%AF%92%E5%B7%9D%E7%94%BA>
<http://www.wikidata.org/entity/Q10136848>	"Category:海老名市"@ja	<http://www.wikidata.org/entity/Q4167836>	"ウィキメディアのカテゴリ"@ja	<http://www.wikidata.org/entity/P910>	"主題の中心カテゴリ"@ja	<https://ja.wikipedia.org/wiki/Category:%E6%B5%B7%E8%80%81%E5%90%8D%E5%B8%82>
<http://www.wikidata.org/entity/Q11438981>	"大谷"@ja	<http://www.wikidata.org/entity/Q424857>	"大字"@ja	<http://www.wikidata.org/entity/P150>	"直下の行政区画"@ja	<https://ja.wikipedia.org/wiki/%E5%A4%A7%E8%B0%B7_(%E6%B5%B7%E8%80%81%E5%90%8D%E5%B8%82)>
<http://www.wikidata.org/entity/Q11438981>	"大谷"@ja	<http://www.wikidata.org/entity/Q3957>	"街"@ja	<http://www.wikidata.org/entity/P150>	"直下の行政区画"@ja	<https://ja.wikipedia.org/wiki/%E5%A4%A7%E8%B0%B7_(%E6%B5%B7%E8%80%81%E5%90%8D%E5%B8%82)>
<http://www.wikidata.org/entity/Q11516796>	"有馬村"@ja	<http://www.wikidata.org/entity/Q18663566>	"日本の廃止市区町村"@ja	<http://www.wikidata.org/entity/P1365>	"先行"@ja	<https://ja.wikipedia.org/wiki/%E6%9C%89%E9%A6%AC%E6%9D%91>
<http://www.wikidata.org/entity/Q13849166>	"中央"@ja	<http://www.wikidata.org/entity/Q5327369>	"町丁"@ja	<http://www.wikidata.org/entity/P150>	"直下の行政区画"@ja	<https://ja.wikipedia.org/wiki/%E4%B8%AD%E5%A4%AE_(%E6%B5%B7%E8%80%81%E5%90%8D%E5%B8%82)>
<http://www.wikidata.org/entity/Q13849166>	"中央"@ja	<http://www.wikidata.org/entity/Q3957>	"街"@ja	<http://www.wikidata.org/entity/P150>	"直下の行政区画"@ja	<https://ja.wikipedia.org/wiki/%E4%B8%AD%E5%A4%AE_(%E6%B5%B7%E8%80%81%E5%90%8D%E5%B8%82)>
<http://www.wikidata.org/entity/Q13849196>	"勝瀬"@ja	<http://www.wikidata.org/entity/Q5327369>	"町丁"@ja	<http://www.wikidata.org/entity/P150>	"直下の行政区画"@ja	<https://ja.wikipedia.org/wiki/%E5%8B%9D%E7%80%AC_(%E6%B5%B7%E8%80%81%E5%90%8D%E5%B8%82)>
<http://www.wikidata.org/entity/Q13849196>	"勝瀬"@ja	<http://www.wikidata.org/entity/Q424857>	"大字"@ja	<http://www.wikidata.org/entity/P150>	"直下の行政区画"@ja	<https://ja.wikipedia.org/wiki/%E5%8B%9D%E7%80%AC_(%E6%B5%B7%E8%80%81%E5%90%8D%E5%B8%82)>
<http://www.wikidata.org/entity/Q13849196>	"勝瀬"@ja	<http://www.wikidata.org/entity/Q3957>	"街"@ja	<http://www.wikidata.org/entity/P150>	"直下の行政区画"@ja	<https://ja.wikipedia.org/wiki/%E5%8B%9D%E7%80%AC_(%E6%B5%B7%E8%80%81%E5%90%8D%E5%B8%82)>
<http://www.wikidata.org/entity/Q13849213>	"国分北"@ja	<http://www.wikidata.org/entity/Q5327369>	"町丁"@ja	<http://www.wikidata.org/entity/P150>	"直下の行政区画"@ja	<https://ja.wikipedia.org/wiki/%E5%9B%BD%E5%88%86%E5%8C%97>
<http://www.wikidata.org/entity/Q13849213>	"国分北"@ja	<http://www.wikidata.org/entity/Q486972>	"集落"@ja	<http://www.wikidata.org/entity/P150>	"直下の行政区画"@ja	<https://ja.wikipedia.org/wiki/%E5%9B%BD%E5%88%86%E5%8C%97>
<http://www.wikidata.org/entity/Q13849213>	"国分北"@ja	<http://www.wikidata.org/entity/Q3957>	"街"@ja	<http://www.wikidata.org/entity/P150>	"直下の行政区画"@ja	<https://ja.wikipedia.org/wiki/%E5%9B%BD%E5%88%86%E5%8C%97>
<http://www.wikidata.org/entity/Q13849223>	"国分南"@ja	<http://www.wikidata.org/entity/Q5327369>	"町丁"@ja	<http://www.wikidata.org/entity/P150>	"直下の行政区画"@ja	<https://ja.wikipedia.org/wiki/%E5%9B%BD%E5%88%86%E5%8D%97>
<http://www.wikidata.org/entity/Q13849223>	"国分南"@ja	<http://www.wikidata.org/entity/Q486972>	"集落"@ja	<http://www.wikidata.org/entity/P150>	"直下の行政区画"@ja	<https://ja.wikipedia.org/wiki/%E5%9B%BD%E5%88%86%E5%8D%97>
<http://www.wikidata.org/entity/Q13849223>	"国分南"@ja	<http://www.wikidata.org/entity/Q3957>	"街"@ja	<http://www.wikidata.org/entity/P150>	"直下の行政区画"@ja	<https://ja.wikipedia.org/wiki/%E5%9B%BD%E5%88%86%E5%8D%97>
<http://www.wikidata.org/entity/Q13849240>	"国分寺台"@ja	<http://www.wikidata.org/entity/Q5327369>	"町丁"@ja	<http://www.wikidata.org/entity/P150>	"直下の行政区画"@ja	<https://ja.wikipedia.org/wiki/%E5%9B%BD%E5%88%86%E5%AF%BA%E5%8F%B0_(%E6%B5%B7%E8%80%81%E5%90%8D%E5%B8%82)>
<http://www.wikidata.org/entity/Q13849240>	"国分寺台"@ja	<http://www.wikidata.org/entity/Q3957>	"街"@ja	<http://www.wikidata.org/entity/P150>	"直下の行政区画"@ja	<https://ja.wikipedia.org/wiki/%E5%9B%BD%E5%88%86%E5%AF%BA%E5%8F%B0_(%E6%B5%B7%E8%80%81%E5%90%8D%E5%B8%82)>
<http://www.wikidata.org/entity/Q13849252>	"浜田町"@ja	<http://www.wikidata.org/entity/Q5327369>	"町丁"@ja	<http://www.wikidata.org/entity/P150>	"直下の行政区画"@ja	<https://ja.wikipedia.org/wiki/%E6%B5%9C%E7%94%B0%E7%94%BA_(%E6%B5%B7%E8%80%81%E5%90%8D%E5%B8%82)>
<http://www.wikidata.org/entity/Q13849252>	"浜田町"@ja	<http://www.wikidata.org/entity/Q3957>	"街"@ja	<http://www.wikidata.org/entity/P150>	"直下の行政区画"@ja	<https://ja.wikipedia.org/wiki/%E6%B5%9C%E7%94%B0%E7%94%BA_(%E6%B5%B7%E8%80%81%E5%90%8D%E5%B8%82)>
<http://www.wikidata.org/entity/Q13849287>	"杉久保"@ja	<http://www.wikidata.org/entity/Q5327369>	"町丁"@ja	<http://www.wikidata.org/entity/P150>	"直下の行政区画"@ja	<https://ja.wikipedia.org/wiki/%E6%9D%89%E4%B9%85%E4%BF%9D_(%E6%B5%B7%E8%80%81%E5%90%8D%E5%B8%82)>
<http://www.wikidata.org/entity/Q13849287>	"杉久保"@ja	<http://www.wikidata.org/entity/Q486972>	"集落"@ja	<http://www.wikidata.org/entity/P150>	"直下の行政区画"@ja	<https://ja.wikipedia.org/wiki/%E6%9D%89%E4%B9%85%E4%BF%9D_(%E6%B5%B7%E8%80%81%E5%90%8D%E5%B8%82)>
<http://www.wikidata.org/entity/Q13849287>	"杉久保"@ja	<http://www.wikidata.org/entity/Q424857>	"大字"@ja	<http://www.wikidata.org/entity/P150>	"直下の行政区画"@ja	<https://ja.wikipedia.org/wiki/%E6%9D%89%E4%B9%85%E4%BF%9D_(%E6%B5%B7%E8%80%81%E5%90%8D%E5%B8%82)>
<http://www.wikidata.org/entity/Q13849287>	"杉久保"@ja	<http://www.wikidata.org/entity/Q3957>	"街"@ja	<http://www.wikidata.org/entity/P150>	"直下の行政区画"@ja	<https://ja.wikipedia.org/wiki/%E6%9D%89%E4%B9%85%E4%BF%9D_(%E6%B5%B7%E8%80%81%E5%90%8D%E5%B8%82)>
<http://www.wikidata.org/entity/Q17209190>	"河原口"@ja	<http://www.wikidata.org/entity/Q5327369>	"町丁"@ja	<http://www.wikidata.org/entity/P150>	"直下の行政区画"@ja	<https://ja.wikipedia.org/wiki/%E6%B2%B3%E5%8E%9F%E5%8F%A3>
<http://www.wikidata.org/entity/Q17209190>	"河原口"@ja	<http://www.wikidata.org/entity/Q486972>	"集落"@ja	<http://www.wikidata.org/entity/P150>	"直下の行政区画"@ja	<https://ja.wikipedia.org/wiki/%E6%B2%B3%E5%8E%9F%E5%8F%A3>
<http://www.wikidata.org/entity/Q17209190>	"河原口"@ja	<http://www.wikidata.org/entity/Q424857>	"大字"@ja	<http://www.wikidata.org/entity/P150>	"直下の行政区画"@ja	<https://ja.wikipedia.org/wiki/%E6%B2%B3%E5%8E%9F%E5%8F%A3>
<http://www.wikidata.org/entity/Q17226140>	"中新田"@ja	<http://www.wikidata.org/entity/Q5327369>	"町丁"@ja	<http://www.wikidata.org/entity/P150>	"直下の行政区画"@ja	<https://ja.wikipedia.org/wiki/%E4%B8%AD%E6%96%B0%E7%94%B0_(%E6%B5%B7%E8%80%81%E5%90%8D%E5%B8%82)>
<http://www.wikidata.org/entity/Q17226140>	"中新田"@ja	<http://www.wikidata.org/entity/Q486972>	"集落"@ja	<http://www.wikidata.org/entity/P150>	"直下の行政区画"@ja	<https://ja.wikipedia.org/wiki/%E4%B8%AD%E6%96%B0%E7%94%B0_(%E6%B5%B7%E8%80%81%E5%90%8D%E5%B8%82)>
<http://www.wikidata.org/entity/Q17226140>	"中新田"@ja	<http://www.wikidata.org/entity/Q424857>	"大字"@ja	<http://www.wikidata.org/entity/P150>	"直下の行政区画"@ja	<https://ja.wikipedia.org/wiki/%E4%B8%AD%E6%96%B0%E7%94%B0_(%E6%B5%B7%E8%80%81%E5%90%8D%E5%B8%82)>
<http://www.wikidata.org/entity/Q17226186>	"上郷"@ja	<http://www.wikidata.org/entity/Q5327369>	"町丁"@ja	<http://www.wikidata.org/entity/P150>	"直下の行政区画"@ja	<https://ja.wikipedia.org/wiki/%E4%B8%8A%E9%83%B7_(%E6%B5%B7%E8%80%81%E5%90%8D%E5%B8%82)>
<http://www.wikidata.org/entity/Q17226186>	"上郷"@ja	<http://www.wikidata.org/entity/Q424857>	"大字"@ja	<http://www.wikidata.org/entity/P150>	"直下の行政区画"@ja	<https://ja.wikipedia.org/wiki/%E4%B8%8A%E9%83%B7_(%E6%B5%B7%E8%80%81%E5%90%8D%E5%B8%82)>
<http://www.wikidata.org/entity/Q21280820>	"扇町"@ja	<http://www.wikidata.org/entity/Q5327369>	"町丁"@ja	<http://www.wikidata.org/entity/P150>	"直下の行政区画"@ja	<https://ja.wikipedia.org/wiki/%E6%89%87%E7%94%BA_(%E6%B5%B7%E8%80%81%E5%90%8D%E5%B8%82)>
<http://www.wikidata.org/entity/Q21280820>	"扇町"@ja	<http://www.wikidata.org/entity/Q486972>	"集落"@ja	<http://www.wikidata.org/entity/P150>	"直下の行政区画"@ja	<https://ja.wikipedia.org/wiki/%E6%89%87%E7%94%BA_(%E6%B5%B7%E8%80%81%E5%90%8D%E5%B8%82)>
<http://www.wikidata.org/entity/Q21280820>	"扇町"@ja	<http://www.wikidata.org/entity/Q3957>	"街"@ja	<http://www.wikidata.org/entity/P150>	"直下の行政区画"@ja	<https://ja.wikipedia.org/wiki/%E6%89%87%E7%94%BA_(%E6%B5%B7%E8%80%81%E5%90%8D%E5%B8%82)>
<http://www.wikidata.org/entity/Q28684154>	"海老名市議会"@ja	<http://www.wikidata.org/entity/Q107199651>	"市議会"@ja	<http://www.wikidata.org/entity/P194>	"立法府"@ja	<https://ja.wikipedia.org/wiki/%E6%B5%B7%E8%80%81%E5%90%8D%E5%B8%82%E8%AD%B0%E4%BC%9A>
<http://www.wikidata.org/entity/Q30926056>	"めぐみ町"@ja	<http://www.wikidata.org/entity/Q5327369>	"町丁"@ja	<http://www.wikidata.org/entity/P150>	"直下の行政区画"@ja	<https://ja.wikipedia.org/wiki/%E3%82%81%E3%81%90%E3%81%BF%E7%94%BA>
<http://www.wikidata.org/entity/Q30926056>	"めぐみ町"@ja	<http://www.wikidata.org/entity/Q3957>	"街"@ja	<http://www.wikidata.org/entity/P150>	"直下の行政区画"@ja	<https://ja.wikipedia.org/wiki/%E3%82%81%E3%81%90%E3%81%BF%E7%94%BA>
<http://www.wikidata.org/entity/Q494721>	"日本の市"@ja	<http://www.wikidata.org/entity/Q15617994>	"行政区画の種類"@ja	<http://www.wikidata.org/entity/P31>	"分類"@ja	
<http://www.wikidata.org/entity/Q1549591>	"10万都市"@ja	<http://www.wikidata.org/entity/Q98966309>	"居留地の分類"@ja	<http://www.wikidata.org/entity/P31>	"分類"@ja	
<http://www.wikidata.org/entity/Q16815553>	"Category:海老名市出身の人物"@ja	<http://www.wikidata.org/entity/Q4167836>	"ウィキメディアのカテゴリ"@ja	<http://www.wikidata.org/entity/P1792>	"当地の人々のカテゴリ"@ja	
<http://www.wikidata.org/entity/Q32646566>	"Q32646566"	<http://www.wikidata.org/entity/Q4167836>	"ウィキメディアのカテゴリ"@ja	<http://www.wikidata.org/entity/P1464>	"当地生まれの人のカテゴリ"@ja	
