?s	?sLabel	?type	?typeLabel	?prop	?propLabel	?jwiki
<http://www.wikidata.org/entity/Q17>	"日本"@ja	<http://www.wikidata.org/entity/Q113489728>	"OECD加盟国"@ja	<http://www.wikidata.org/entity/P17>	"国"@ja	<https://ja.wikipedia.org/wiki/%E6%97%A5%E6%9C%AC>
<http://www.wikidata.org/entity/Q17>	"日本"@ja	<http://www.wikidata.org/entity/Q3624078>	"主権国家"@ja	<http://www.wikidata.org/entity/P17>	"国"@ja	<https://ja.wikipedia.org/wiki/%E6%97%A5%E6%9C%AC>
<http://www.wikidata.org/entity/Q17>	"日本"@ja	<http://www.wikidata.org/entity/Q112099>	"島国"@ja	<http://www.wikidata.org/entity/P17>	"国"@ja	<https://ja.wikipedia.org/wiki/%E6%97%A5%E6%9C%AC>
<http://www.wikidata.org/entity/Q17>	"日本"@ja	<http://www.wikidata.org/entity/Q6256>	"国"@ja	<http://www.wikidata.org/entity/P17>	"国"@ja	<https://ja.wikipedia.org/wiki/%E6%97%A5%E6%9C%AC>
<http://www.wikidata.org/entity/Q127513>	"神奈川県"@ja	<http://www.wikidata.org/entity/Q50337>	"都道府県"@ja	<http://www.wikidata.org/entity/P131>	"位置する行政区画"@ja	<https://ja.wikipedia.org/wiki/%E7%A5%9E%E5%A5%88%E5%B7%9D%E7%9C%8C>
<http://www.wikidata.org/entity/Q7041>	"UTC+9"@ja	<http://www.wikidata.org/entity/Q17272482>	"UTCとの時差で定義された標準時"@ja	<http://www.wikidata.org/entity/P421>	"標準時間帯"@ja	<https://ja.wikipedia.org/wiki/UTC%2B9>
<http://www.wikidata.org/entity/Q209779>	"相模原市"@ja	<http://www.wikidata.org/entity/Q1749269>	"政令指定都市"@ja	<http://www.wikidata.org/entity/P1365>	"先行"@ja	<https://ja.wikipedia.org/wiki/%E7%9B%B8%E6%A8%A1%E5%8E%9F%E5%B8%82>
<http://www.wikidata.org/entity/Q209779>	"相模原市"@ja	<http://www.wikidata.org/entity/Q1549591>	"10万都市"@ja	<http://www.wikidata.org/entity/P1365>	"先行"@ja	<https://ja.wikipedia.org/wiki/%E7%9B%B8%E6%A8%A1%E5%8E%9F%E5%B8%82>
<http://www.wikidata.org/entity/Q209779>	"相模原市"@ja	<http://www.wikidata.org/entity/Q691960>	"衛星都市"@ja	<http://www.wikidata.org/entity/P1365>	"先行"@ja	<https://ja.wikipedia.org/wiki/%E7%9B%B8%E6%A8%A1%E5%8E%9F%E5%B8%82>
<http://www.wikidata.org/entity/Q209779>	"相模原市"@ja	<http://www.wikidata.org/entity/Q494721>	"日本の市"@ja	<http://www.wikidata.org/entity/P1365>	"先行"@ja	<https://ja.wikipedia.org/wiki/%E7%9B%B8%E6%A8%A1%E5%8E%9F%E5%B8%82>
<http://www.wikidata.org/entity/Q209779>	"相模原市"@ja	<http://www.wikidata.org/entity/Q1749269>	"政令指定都市"@ja	<http://www.wikidata.org/entity/P47>	"隣の国又は行政区画"@ja	<https://ja.wikipedia.org/wiki/%E7%9B%B8%E6%A8%A1%E5%8E%9F%E5%B8%82>
<http://www.wikidata.org/entity/Q209779>	"相模原市"@ja	<http://www.wikidata.org/entity/Q1549591>	"10万都市"@ja	<http://www.wikidata.org/entity/P47>	"隣の国又は行政区画"@ja	<https://ja.wikipedia.org/wiki/%E7%9B%B8%E6%A8%A1%E5%8E%9F%E5%B8%82>
<http://www.wikidata.org/entity/Q209779>	"相模原市"@ja	<http://www.wikidata.org/entity/Q691960>	"衛星都市"@ja	<http://www.wikidata.org/entity/P47>	"隣の国又は行政区画"@ja	<https://ja.wikipedia.org/wiki/%E7%9B%B8%E6%A8%A1%E5%8E%9F%E5%B8%82>
<http://www.wikidata.org/entity/Q209779>	"相模原市"@ja	<http://www.wikidata.org/entity/Q494721>	"日本の市"@ja	<http://www.wikidata.org/entity/P47>	"隣の国又は行政区画"@ja	<https://ja.wikipedia.org/wiki/%E7%9B%B8%E6%A8%A1%E5%8E%9F%E5%B8%82>
<http://www.wikidata.org/entity/Q386697>	"大和市"@ja	<http://www.wikidata.org/entity/Q1549591>	"10万都市"@ja	<http://www.wikidata.org/entity/P47>	"隣の国又は行政区画"@ja	<https://ja.wikipedia.org/wiki/%E5%A4%A7%E5%92%8C%E5%B8%82>
<http://www.wikidata.org/entity/Q386697>	"大和市"@ja	<http://www.wikidata.org/entity/Q1145012>	"特例市"@ja	<http://www.wikidata.org/entity/P47>	"隣の国又は行政区画"@ja	<https://ja.wikipedia.org/wiki/%E5%A4%A7%E5%92%8C%E5%B8%82>
<http://www.wikidata.org/entity/Q389711>	"厚木市"@ja	<http://www.wikidata.org/entity/Q1549591>	"10万都市"@ja	<http://www.wikidata.org/entity/P47>	"隣の国又は行政区画"@ja	<https://ja.wikipedia.org/wiki/%E5%8E%9A%E6%9C%A8%E5%B8%82>
<http://www.wikidata.org/entity/Q389711>	"厚木市"@ja	<http://www.wikidata.org/entity/Q1145012>	"特例市"@ja	<http://www.wikidata.org/entity/P47>	"隣の国又は行政区画"@ja	<https://ja.wikipedia.org/wiki/%E5%8E%9A%E6%9C%A8%E5%B8%82>
<http://www.wikidata.org/entity/Q389711>	"厚木市"@ja	<http://www.wikidata.org/entity/Q494721>	"日本の市"@ja	<http://www.wikidata.org/entity/P47>	"隣の国又は行政区画"@ja	<https://ja.wikipedia.org/wiki/%E5%8E%9A%E6%9C%A8%E5%B8%82>
<http://www.wikidata.org/entity/Q9646178>	"Category:座間市"@ja	<http://www.wikidata.org/entity/Q4167836>	"ウィキメディアのカテゴリ"@ja	<http://www.wikidata.org/entity/P910>	"主題の中心カテゴリ"@ja	<https://ja.wikipedia.org/wiki/Category:%E5%BA%A7%E9%96%93%E5%B8%82>
<http://www.wikidata.org/entity/Q28684382>	"座間市議会"@ja	<http://www.wikidata.org/entity/Q107199651>	"市議会"@ja	<http://www.wikidata.org/entity/P194>	"立法府"@ja	<https://ja.wikipedia.org/wiki/%E5%BA%A7%E9%96%93%E5%B8%82%E8%AD%B0%E4%BC%9A>
<http://www.wikidata.org/entity/Q734390>	"海老名市"@ja	<http://www.wikidata.org/entity/Q1549591>	"10万都市"@ja	<http://www.wikidata.org/entity/P47>	"隣の国又は行政区画"@ja	<https://ja.wikipedia.org/wiki/%E6%B5%B7%E8%80%81%E5%90%8D%E5%B8%82>
<http://www.wikidata.org/entity/Q734390>	"海老名市"@ja	<http://www.wikidata.org/entity/Q494721>	"日本の市"@ja	<http://www.wikidata.org/entity/P47>	"隣の国又は行政区画"@ja	<https://ja.wikipedia.org/wiki/%E6%B5%B7%E8%80%81%E5%90%8D%E5%B8%82>
<http://www.wikidata.org/entity/Q819664>	"須賀川市"@ja	<http://www.wikidata.org/entity/Q494721>	"日本の市"@ja	<http://www.wikidata.org/entity/P190>	"姉妹都市"@ja	<https://ja.wikipedia.org/wiki/%E9%A0%88%E8%B3%80%E5%B7%9D%E5%B8%82>
<http://www.wikidata.org/entity/Q695920>	"大仙市"@ja	<http://www.wikidata.org/entity/Q494721>	"日本の市"@ja	<http://www.wikidata.org/entity/P190>	"姉妹都市"@ja	<https://ja.wikipedia.org/wiki/%E5%A4%A7%E4%BB%99%E5%B8%82>
<http://www.wikidata.org/entity/Q494721>	"日本の市"@ja	<http://www.wikidata.org/entity/Q15617994>	"行政区画の種類"@ja	<http://www.wikidata.org/entity/P31>	"分類"@ja	
<http://www.wikidata.org/entity/Q1549591>	"10万都市"@ja	<http://www.wikidata.org/entity/Q98966309>	"居留地の分類"@ja	<http://www.wikidata.org/entity/P31>	"分類"@ja	
<http://www.wikidata.org/entity/Q32648315>	"Q32648315"	<http://www.wikidata.org/entity/Q17362920>	"ウィキメディアの重複ページ"@ja	<http://www.wikidata.org/entity/P1792>	"当地の人々のカテゴリ"@ja	
<http://www.wikidata.org/entity/Q32648315>	"Q32648315"	<http://www.wikidata.org/entity/Q4167836>	"ウィキメディアのカテゴリ"@ja	<http://www.wikidata.org/entity/P1792>	"当地の人々のカテゴリ"@ja	
<http://www.wikidata.org/entity/Q32648313>	"Q32648313"	<http://www.wikidata.org/entity/Q4167836>	"ウィキメディアのカテゴリ"@ja	<http://www.wikidata.org/entity/P1464>	"当地生まれの人のカテゴリ"@ja	
<http://www.wikidata.org/entity/Q99516953>	"座間町"@ja	<http://www.wikidata.org/entity/Q18663566>	"日本の廃止市区町村"@ja	<http://www.wikidata.org/entity/P3403>	"同一境界"@ja	
