?s	?sLabel	?type	?typeLabel	?prop	?propLabel	?jwiki
<http://www.wikidata.org/entity/Q17>	"日本"@ja	<http://www.wikidata.org/entity/Q113489728>	"OECD加盟国"@ja	<http://www.wikidata.org/entity/P17>	"国"@ja	<https://ja.wikipedia.org/wiki/%E6%97%A5%E6%9C%AC>
<http://www.wikidata.org/entity/Q17>	"日本"@ja	<http://www.wikidata.org/entity/Q3624078>	"主権国家"@ja	<http://www.wikidata.org/entity/P17>	"国"@ja	<https://ja.wikipedia.org/wiki/%E6%97%A5%E6%9C%AC>
<http://www.wikidata.org/entity/Q17>	"日本"@ja	<http://www.wikidata.org/entity/Q112099>	"島国"@ja	<http://www.wikidata.org/entity/P17>	"国"@ja	<https://ja.wikipedia.org/wiki/%E6%97%A5%E6%9C%AC>
<http://www.wikidata.org/entity/Q17>	"日本"@ja	<http://www.wikidata.org/entity/Q6256>	"国"@ja	<http://www.wikidata.org/entity/P17>	"国"@ja	<https://ja.wikipedia.org/wiki/%E6%97%A5%E6%9C%AC>
<http://www.wikidata.org/entity/Q7041>	"UTC+9"@ja	<http://www.wikidata.org/entity/Q17272482>	"UTCとの時差で定義された標準時"@ja	<http://www.wikidata.org/entity/P421>	"標準時間帯"@ja	<https://ja.wikipedia.org/wiki/UTC%2B9>
<http://www.wikidata.org/entity/Q1203937>	"三浦郡"@ja	<http://www.wikidata.org/entity/Q1122846>	"郡"@ja	<http://www.wikidata.org/entity/P131>	"位置する行政区画"@ja	<https://ja.wikipedia.org/wiki/%E4%B8%89%E6%B5%A6%E9%83%A1>
<http://www.wikidata.org/entity/Q1204742>	"湘南"@ja	<http://www.wikidata.org/entity/Q207520>	"日本の地域"@ja	<http://www.wikidata.org/entity/P276>	"場所"@ja	<https://ja.wikipedia.org/wiki/%E6%B9%98%E5%8D%97>
<http://www.wikidata.org/entity/Q15614208>	"Category:葉山町"@ja	<http://www.wikidata.org/entity/Q4167836>	"ウィキメディアのカテゴリ"@ja	<http://www.wikidata.org/entity/P910>	"主題の中心カテゴリ"@ja	<https://ja.wikipedia.org/wiki/Category:%E8%91%89%E5%B1%B1%E7%94%BA>
<http://www.wikidata.org/entity/Q27075456>	"ウグイス"@ja	<http://www.wikidata.org/entity/Q16521>	"タクソン"@ja	<http://www.wikidata.org/entity/P2238>	"公式シンボル"@ja	<https://ja.wikipedia.org/wiki/%E3%82%A6%E3%82%B0%E3%82%A4%E3%82%B9>
<http://www.wikidata.org/entity/Q28684487>	"葉山町議会"@ja	<http://www.wikidata.org/entity/Q107199667>	"町議会"@ja	<http://www.wikidata.org/entity/P194>	"立法府"@ja	<https://ja.wikipedia.org/wiki/%E8%91%89%E5%B1%B1%E7%94%BA%E8%AD%B0%E4%BC%9A>
<http://www.wikidata.org/entity/Q536757>	"三浦半島"@ja	<http://www.wikidata.org/entity/Q34763>	"半島"@ja	<http://www.wikidata.org/entity/P706>	"位置する地形"@ja	<https://ja.wikipedia.org/wiki/%E4%B8%89%E6%B5%A6%E5%8D%8A%E5%B3%B6>
<http://www.wikidata.org/entity/Q854884>	"クロマツ"@ja	<http://www.wikidata.org/entity/Q16521>	"タクソン"@ja	<http://www.wikidata.org/entity/P2238>	"公式シンボル"@ja	<https://ja.wikipedia.org/wiki/%E3%82%AF%E3%83%AD%E3%83%9E%E3%83%84>
<http://www.wikidata.org/entity/Q1059478>	"日本の町"@ja	<http://www.wikidata.org/entity/Q15617994>	"行政区画の種類"@ja	<http://www.wikidata.org/entity/P31>	"分類"@ja	<https://ja.wikipedia.org/wiki/%E7%94%BA>
<http://www.wikidata.org/entity/Q1059478>	"日本の町"@ja	<http://www.wikidata.org/entity/Q35798>	"行政機関"@ja	<http://www.wikidata.org/entity/P31>	"分類"@ja	<https://ja.wikipedia.org/wiki/%E7%94%BA>
<http://www.wikidata.org/entity/Q1061221>	"相模湾"@ja	<http://www.wikidata.org/entity/Q39594>	"湾"@ja	<http://www.wikidata.org/entity/P206>	"隣接・位置する水域"@ja	<https://ja.wikipedia.org/wiki/%E7%9B%B8%E6%A8%A1%E6%B9%BE>
<http://www.wikidata.org/entity/Q189393>	"ツツジ"@ja	<http://www.wikidata.org/entity/Q16521>	"タクソン"@ja	<http://www.wikidata.org/entity/P2238>	"公式シンボル"@ja	<https://ja.wikipedia.org/wiki/%E3%83%84%E3%83%84%E3%82%B8>
<http://www.wikidata.org/entity/Q200578>	"横須賀市"@ja	<http://www.wikidata.org/entity/Q1549591>	"10万都市"@ja	<http://www.wikidata.org/entity/P47>	"隣の国又は行政区画"@ja	<https://ja.wikipedia.org/wiki/%E6%A8%AA%E9%A0%88%E8%B3%80%E5%B8%82>
<http://www.wikidata.org/entity/Q200578>	"横須賀市"@ja	<http://www.wikidata.org/entity/Q1137833>	"中核市"@ja	<http://www.wikidata.org/entity/P47>	"隣の国又は行政区画"@ja	<https://ja.wikipedia.org/wiki/%E6%A8%AA%E9%A0%88%E8%B3%80%E5%B8%82>
<http://www.wikidata.org/entity/Q200578>	"横須賀市"@ja	<http://www.wikidata.org/entity/Q620509>	"軍郷"@ja	<http://www.wikidata.org/entity/P47>	"隣の国又は行政区画"@ja	<https://ja.wikipedia.org/wiki/%E6%A8%AA%E9%A0%88%E8%B3%80%E5%B8%82>
<http://www.wikidata.org/entity/Q200578>	"横須賀市"@ja	<http://www.wikidata.org/entity/Q494721>	"日本の市"@ja	<http://www.wikidata.org/entity/P47>	"隣の国又は行政区画"@ja	<https://ja.wikipedia.org/wiki/%E6%A8%AA%E9%A0%88%E8%B3%80%E5%B8%82>
<http://www.wikidata.org/entity/Q230843>	"逗子市"@ja	<http://www.wikidata.org/entity/Q494721>	"日本の市"@ja	<http://www.wikidata.org/entity/P47>	"隣の国又は行政区画"@ja	<https://ja.wikipedia.org/wiki/%E9%80%97%E5%AD%90%E5%B8%82>
<http://www.wikidata.org/entity/Q328121>	"首都圏"@ja	<http://www.wikidata.org/entity/Q1907114>	"都市圏"@ja	<http://www.wikidata.org/entity/P276>	"場所"@ja	<https://ja.wikipedia.org/wiki/%E9%A6%96%E9%83%BD%E5%9C%8F_(%E6%97%A5%E6%9C%AC)>
<http://www.wikidata.org/entity/Q328121>	"首都圏"@ja	<http://www.wikidata.org/entity/Q1062177>	"首都圏"@ja	<http://www.wikidata.org/entity/P276>	"場所"@ja	<https://ja.wikipedia.org/wiki/%E9%A6%96%E9%83%BD%E5%9C%8F_(%E6%97%A5%E6%9C%AC)>
<http://www.wikidata.org/entity/Q113500794>	"Q113500794"	<http://www.wikidata.org/entity/Q4167836>	"ウィキメディアのカテゴリ"@ja	<http://www.wikidata.org/entity/P1464>	"当地生まれの人のカテゴリ"@ja	
<http://www.wikidata.org/entity/Q113500798>	"Q113500798"	<http://www.wikidata.org/entity/Q4167836>	"ウィキメディアのカテゴリ"@ja	<http://www.wikidata.org/entity/P1792>	"当地の人々のカテゴリ"@ja	
