?s	?sLabel	?type	?typeLabel	?prop	?propLabel	?jwiki
<http://www.wikidata.org/entity/Q17>	"日本"@ja	<http://www.wikidata.org/entity/Q113489728>	"OECD加盟国"@ja	<http://www.wikidata.org/entity/P17>	"国"@ja	<https://ja.wikipedia.org/wiki/%E6%97%A5%E6%9C%AC>
<http://www.wikidata.org/entity/Q17>	"日本"@ja	<http://www.wikidata.org/entity/Q3624078>	"主権国家"@ja	<http://www.wikidata.org/entity/P17>	"国"@ja	<https://ja.wikipedia.org/wiki/%E6%97%A5%E6%9C%AC>
<http://www.wikidata.org/entity/Q17>	"日本"@ja	<http://www.wikidata.org/entity/Q112099>	"島国"@ja	<http://www.wikidata.org/entity/P17>	"国"@ja	<https://ja.wikipedia.org/wiki/%E6%97%A5%E6%9C%AC>
<http://www.wikidata.org/entity/Q17>	"日本"@ja	<http://www.wikidata.org/entity/Q6256>	"国"@ja	<http://www.wikidata.org/entity/P17>	"国"@ja	<https://ja.wikipedia.org/wiki/%E6%97%A5%E6%9C%AC>
<http://www.wikidata.org/entity/Q1357023>	"沼田町"@ja	<http://www.wikidata.org/entity/Q1059478>	"日本の町"@ja	<http://www.wikidata.org/entity/P47>	"隣の国又は行政区画"@ja	<https://ja.wikipedia.org/wiki/%E6%B2%BC%E7%94%B0%E7%94%BA>
<http://www.wikidata.org/entity/Q1357113>	"北竜町"@ja	<http://www.wikidata.org/entity/Q1059478>	"日本の町"@ja	<http://www.wikidata.org/entity/P47>	"隣の国又は行政区画"@ja	<https://ja.wikipedia.org/wiki/%E5%8C%97%E7%AB%9C%E7%94%BA>
<http://www.wikidata.org/entity/Q10241008>	"Category:秩父別町"@ja	<http://www.wikidata.org/entity/Q4167836>	"ウィキメディアのカテゴリ"@ja	<http://www.wikidata.org/entity/P910>	"主題の中心カテゴリ"@ja	<https://ja.wikipedia.org/wiki/Category:%E7%A7%A9%E7%88%B6%E5%88%A5%E7%94%BA>
<http://www.wikidata.org/entity/Q11659762>	"雨竜川"@ja	<http://www.wikidata.org/entity/Q4022>	"川"@ja	<http://www.wikidata.org/entity/P206>	"隣接・位置する水域"@ja	<https://ja.wikipedia.org/wiki/%E9%9B%A8%E7%AB%9C%E5%B7%9D>
<http://www.wikidata.org/entity/Q817268>	"深川市"@ja	<http://www.wikidata.org/entity/Q494721>	"日本の市"@ja	<http://www.wikidata.org/entity/P47>	"隣の国又は行政区画"@ja	<https://ja.wikipedia.org/wiki/%E6%B7%B1%E5%B7%9D%E5%B8%82>
<http://www.wikidata.org/entity/Q7041>	"UTC+9"@ja	<http://www.wikidata.org/entity/Q17272482>	"UTCとの時差で定義された標準時"@ja	<http://www.wikidata.org/entity/P421>	"標準時間帯"@ja	<https://ja.wikipedia.org/wiki/UTC%2B9>
<http://www.wikidata.org/entity/Q942358>	"妹背牛町"@ja	<http://www.wikidata.org/entity/Q1059478>	"日本の町"@ja	<http://www.wikidata.org/entity/P47>	"隣の国又は行政区画"@ja	<https://ja.wikipedia.org/wiki/%E5%A6%B9%E8%83%8C%E7%89%9B%E7%94%BA>
<http://www.wikidata.org/entity/Q944511>	"空知総合振興局"@ja	<http://www.wikidata.org/entity/Q850450>	"支庁"@ja	<http://www.wikidata.org/entity/P131>	"位置する行政区画"@ja	<https://ja.wikipedia.org/wiki/%E7%A9%BA%E7%9F%A5%E7%B7%8F%E5%90%88%E6%8C%AF%E8%88%88%E5%B1%80>
<http://www.wikidata.org/entity/Q1045272>	"石狩平野"@ja	<http://www.wikidata.org/entity/Q160091>	"平野"@ja	<http://www.wikidata.org/entity/P706>	"位置する地形"@ja	<https://ja.wikipedia.org/wiki/%E7%9F%B3%E7%8B%A9%E5%B9%B3%E9%87%8E>
<http://www.wikidata.org/entity/Q1059478>	"日本の町"@ja	<http://www.wikidata.org/entity/Q15617994>	"行政区画の種類"@ja	<http://www.wikidata.org/entity/P31>	"分類"@ja	<https://ja.wikipedia.org/wiki/%E7%94%BA>
<http://www.wikidata.org/entity/Q1059478>	"日本の町"@ja	<http://www.wikidata.org/entity/Q35798>	"行政機関"@ja	<http://www.wikidata.org/entity/P31>	"分類"@ja	<https://ja.wikipedia.org/wiki/%E7%94%BA>
<http://www.wikidata.org/entity/Q1156043>	"綾川町"@ja	<http://www.wikidata.org/entity/Q1059478>	"日本の町"@ja	<http://www.wikidata.org/entity/P190>	"姉妹都市"@ja	<https://ja.wikipedia.org/wiki/%E7%B6%BE%E5%B7%9D%E7%94%BA>
<http://www.wikidata.org/entity/Q1186040>	"雨竜郡"@ja	<http://www.wikidata.org/entity/Q1122846>	"郡"@ja	<http://www.wikidata.org/entity/P131>	"位置する行政区画"@ja	<https://ja.wikipedia.org/wiki/%E9%9B%A8%E7%AB%9C%E9%83%A1>
