?s	?sLabel	?type	?typeLabel	?prop	?propLabel	?jwiki
<http://www.wikidata.org/entity/Q17>	"日本"@ja	<http://www.wikidata.org/entity/Q113489728>	"OECD加盟国"@ja	<http://www.wikidata.org/entity/P17>	"国"@ja	<https://ja.wikipedia.org/wiki/%E6%97%A5%E6%9C%AC>
<http://www.wikidata.org/entity/Q17>	"日本"@ja	<http://www.wikidata.org/entity/Q3624078>	"主権国家"@ja	<http://www.wikidata.org/entity/P17>	"国"@ja	<https://ja.wikipedia.org/wiki/%E6%97%A5%E6%9C%AC>
<http://www.wikidata.org/entity/Q17>	"日本"@ja	<http://www.wikidata.org/entity/Q112099>	"島国"@ja	<http://www.wikidata.org/entity/P17>	"国"@ja	<https://ja.wikipedia.org/wiki/%E6%97%A5%E6%9C%AC>
<http://www.wikidata.org/entity/Q17>	"日本"@ja	<http://www.wikidata.org/entity/Q6256>	"国"@ja	<http://www.wikidata.org/entity/P17>	"国"@ja	<https://ja.wikipedia.org/wiki/%E6%97%A5%E6%9C%AC>
<http://www.wikidata.org/entity/Q98>	"太平洋"@ja	<http://www.wikidata.org/entity/Q9430>	"海洋"@ja	<http://www.wikidata.org/entity/P206>	"隣接・位置する水域"@ja	<https://ja.wikipedia.org/wiki/%E5%A4%AA%E5%B9%B3%E6%B4%8B>
<http://www.wikidata.org/entity/Q98>	"太平洋"@ja	<http://www.wikidata.org/entity/Q165>	"海"@ja	<http://www.wikidata.org/entity/P206>	"隣接・位置する水域"@ja	<https://ja.wikipedia.org/wiki/%E5%A4%AA%E5%B9%B3%E6%B4%8B>
<http://www.wikidata.org/entity/Q7041>	"UTC+9"@ja	<http://www.wikidata.org/entity/Q17272482>	"UTCとの時差で定義された標準時"@ja	<http://www.wikidata.org/entity/P421>	"標準時間帯"@ja	<https://ja.wikipedia.org/wiki/UTC%2B9>
<http://www.wikidata.org/entity/Q502199>	"平塚市"@ja	<http://www.wikidata.org/entity/Q1549591>	"10万都市"@ja	<http://www.wikidata.org/entity/P47>	"隣の国又は行政区画"@ja	<https://ja.wikipedia.org/wiki/%E5%B9%B3%E5%A1%9A%E5%B8%82>
<http://www.wikidata.org/entity/Q502199>	"平塚市"@ja	<http://www.wikidata.org/entity/Q1145012>	"特例市"@ja	<http://www.wikidata.org/entity/P47>	"隣の国又は行政区画"@ja	<https://ja.wikipedia.org/wiki/%E5%B9%B3%E5%A1%9A%E5%B8%82>
<http://www.wikidata.org/entity/Q502199>	"平塚市"@ja	<http://www.wikidata.org/entity/Q494721>	"日本の市"@ja	<http://www.wikidata.org/entity/P47>	"隣の国又は行政区画"@ja	<https://ja.wikipedia.org/wiki/%E5%B9%B3%E5%A1%9A%E5%B8%82>
<http://www.wikidata.org/entity/Q1059478>	"日本の町"@ja	<http://www.wikidata.org/entity/Q15617994>	"行政区画の種類"@ja	<http://www.wikidata.org/entity/P31>	"分類"@ja	<https://ja.wikipedia.org/wiki/%E7%94%BA>
<http://www.wikidata.org/entity/Q1059478>	"日本の町"@ja	<http://www.wikidata.org/entity/Q35798>	"行政機関"@ja	<http://www.wikidata.org/entity/P31>	"分類"@ja	<https://ja.wikipedia.org/wiki/%E7%94%BA>
<http://www.wikidata.org/entity/Q1061221>	"相模湾"@ja	<http://www.wikidata.org/entity/Q39594>	"湾"@ja	<http://www.wikidata.org/entity/P206>	"隣接・位置する水域"@ja	<https://ja.wikipedia.org/wiki/%E7%9B%B8%E6%A8%A1%E6%B9%BE>
<http://www.wikidata.org/entity/Q267258>	"小田原市"@ja	<http://www.wikidata.org/entity/Q1549591>	"10万都市"@ja	<http://www.wikidata.org/entity/P47>	"隣の国又は行政区画"@ja	<https://ja.wikipedia.org/wiki/%E5%B0%8F%E7%94%B0%E5%8E%9F%E5%B8%82>
<http://www.wikidata.org/entity/Q267258>	"小田原市"@ja	<http://www.wikidata.org/entity/Q1145012>	"特例市"@ja	<http://www.wikidata.org/entity/P47>	"隣の国又は行政区画"@ja	<https://ja.wikipedia.org/wiki/%E5%B0%8F%E7%94%B0%E5%8E%9F%E5%B8%82>
<http://www.wikidata.org/entity/Q267258>	"小田原市"@ja	<http://www.wikidata.org/entity/Q494721>	"日本の市"@ja	<http://www.wikidata.org/entity/P47>	"隣の国又は行政区画"@ja	<https://ja.wikipedia.org/wiki/%E5%B0%8F%E7%94%B0%E5%8E%9F%E5%B8%82>
<http://www.wikidata.org/entity/Q385023>	"大磯町"@ja	<http://www.wikidata.org/entity/Q2264924>	"港湾都市"@ja	<http://www.wikidata.org/entity/P47>	"隣の国又は行政区画"@ja	<https://ja.wikipedia.org/wiki/%E5%A4%A7%E7%A3%AF%E7%94%BA>
<http://www.wikidata.org/entity/Q385023>	"大磯町"@ja	<http://www.wikidata.org/entity/Q1059478>	"日本の町"@ja	<http://www.wikidata.org/entity/P47>	"隣の国又は行政区画"@ja	<https://ja.wikipedia.org/wiki/%E5%A4%A7%E7%A3%AF%E7%94%BA>
<http://www.wikidata.org/entity/Q1202849>	"中郡"@ja	<http://www.wikidata.org/entity/Q1122846>	"郡"@ja	<http://www.wikidata.org/entity/P131>	"位置する行政区画"@ja	<https://ja.wikipedia.org/wiki/%E4%B8%AD%E9%83%A1>
<http://www.wikidata.org/entity/Q1344396>	"中井町"@ja	<http://www.wikidata.org/entity/Q1059478>	"日本の町"@ja	<http://www.wikidata.org/entity/P47>	"隣の国又は行政区画"@ja	<https://ja.wikipedia.org/wiki/%E4%B8%AD%E4%BA%95%E7%94%BA>
<http://www.wikidata.org/entity/Q9553083>	"Category:二宮町"@ja	<http://www.wikidata.org/entity/Q4167836>	"ウィキメディアのカテゴリ"@ja	<http://www.wikidata.org/entity/P910>	"主題の中心カテゴリ"@ja	<https://ja.wikipedia.org/wiki/Category:%E4%BA%8C%E5%AE%AE%E7%94%BA>
<http://www.wikidata.org/entity/Q27075354>	"ヤマガラ"@ja	<http://www.wikidata.org/entity/Q16521>	"タクソン"@ja	<http://www.wikidata.org/entity/P2238>	"公式シンボル"@ja	<https://ja.wikipedia.org/wiki/%E3%83%A4%E3%83%9E%E3%82%AC%E3%83%A9>
<http://www.wikidata.org/entity/Q160121>	"ヤブツバキ"@ja	<http://www.wikidata.org/entity/Q16521>	"タクソン"@ja	<http://www.wikidata.org/entity/P2238>	"公式シンボル"@ja	<https://ja.wikipedia.org/wiki/%E3%83%84%E3%83%90%E3%82%AD>
<http://www.wikidata.org/entity/Q161182>	"カンナ"@ja	<http://www.wikidata.org/entity/Q16521>	"タクソン"@ja	<http://www.wikidata.org/entity/P2238>	"公式シンボル"@ja	<https://ja.wikipedia.org/wiki/%E3%82%AB%E3%83%B3%E3%83%8A_(%E6%A4%8D%E7%89%A9)>
