?s	?sLabel	?type	?typeLabel	?prop	?propLabel	?jwiki
<http://www.wikidata.org/entity/Q17>	"日本"@ja	<http://www.wikidata.org/entity/Q113489728>	"OECD加盟国"@ja	<http://www.wikidata.org/entity/P17>	"国"@ja	<https://ja.wikipedia.org/wiki/%E6%97%A5%E6%9C%AC>
<http://www.wikidata.org/entity/Q17>	"日本"@ja	<http://www.wikidata.org/entity/Q3624078>	"主権国家"@ja	<http://www.wikidata.org/entity/P17>	"国"@ja	<https://ja.wikipedia.org/wiki/%E6%97%A5%E6%9C%AC>
<http://www.wikidata.org/entity/Q17>	"日本"@ja	<http://www.wikidata.org/entity/Q112099>	"島国"@ja	<http://www.wikidata.org/entity/P17>	"国"@ja	<https://ja.wikipedia.org/wiki/%E6%97%A5%E6%9C%AC>
<http://www.wikidata.org/entity/Q17>	"日本"@ja	<http://www.wikidata.org/entity/Q6256>	"国"@ja	<http://www.wikidata.org/entity/P17>	"国"@ja	<https://ja.wikipedia.org/wiki/%E6%97%A5%E6%9C%AC>
<http://www.wikidata.org/entity/Q98>	"太平洋"@ja	<http://www.wikidata.org/entity/Q9430>	"海洋"@ja	<http://www.wikidata.org/entity/P206>	"隣接・位置する水域"@ja	<https://ja.wikipedia.org/wiki/%E5%A4%AA%E5%B9%B3%E6%B4%8B>
<http://www.wikidata.org/entity/Q98>	"太平洋"@ja	<http://www.wikidata.org/entity/Q165>	"海"@ja	<http://www.wikidata.org/entity/P206>	"隣接・位置する水域"@ja	<https://ja.wikipedia.org/wiki/%E5%A4%AA%E5%B9%B3%E6%B4%8B>
<http://www.wikidata.org/entity/Q7041>	"UTC+9"@ja	<http://www.wikidata.org/entity/Q17272482>	"UTCとの時差で定義された標準時"@ja	<http://www.wikidata.org/entity/P421>	"標準時間帯"@ja	<https://ja.wikipedia.org/wiki/UTC%2B9>
<http://www.wikidata.org/entity/Q328121>	"首都圏"@ja	<http://www.wikidata.org/entity/Q1907114>	"都市圏"@ja	<http://www.wikidata.org/entity/P276>	"場所"@ja	<https://ja.wikipedia.org/wiki/%E9%A6%96%E9%83%BD%E5%9C%8F_(%E6%97%A5%E6%9C%AC)>
<http://www.wikidata.org/entity/Q328121>	"首都圏"@ja	<http://www.wikidata.org/entity/Q1062177>	"首都圏"@ja	<http://www.wikidata.org/entity/P276>	"場所"@ja	<https://ja.wikipedia.org/wiki/%E9%A6%96%E9%83%BD%E5%9C%8F_(%E6%97%A5%E6%9C%AC)>
<http://www.wikidata.org/entity/Q532346>	"湯河原町"@ja	<http://www.wikidata.org/entity/Q1059478>	"日本の町"@ja	<http://www.wikidata.org/entity/P47>	"隣の国又は行政区画"@ja	<https://ja.wikipedia.org/wiki/%E6%B9%AF%E6%B2%B3%E5%8E%9F%E7%94%BA>
<http://www.wikidata.org/entity/Q534667>	"安曇野市"@ja	<http://www.wikidata.org/entity/Q494721>	"日本の市"@ja	<http://www.wikidata.org/entity/P190>	"姉妹都市"@ja	<https://ja.wikipedia.org/wiki/%E5%AE%89%E6%9B%87%E9%87%8E%E5%B8%82>
<http://www.wikidata.org/entity/Q152144>	"イソヒヨドリ"@ja	<http://www.wikidata.org/entity/Q16521>	"タクソン"@ja	<http://www.wikidata.org/entity/P2238>	"公式シンボル"@ja	<https://ja.wikipedia.org/wiki/%E3%82%A4%E3%82%BD%E3%83%92%E3%83%A8%E3%83%89%E3%83%AA>
<http://www.wikidata.org/entity/Q713472>	"ハマオモト"@ja	<http://www.wikidata.org/entity/Q16521>	"タクソン"@ja	<http://www.wikidata.org/entity/P2238>	"公式シンボル"@ja	<https://ja.wikipedia.org/wiki/%E3%83%8F%E3%83%9E%E3%83%A6%E3%82%A6>
<http://www.wikidata.org/entity/Q1059478>	"日本の町"@ja	<http://www.wikidata.org/entity/Q15617994>	"行政区画の種類"@ja	<http://www.wikidata.org/entity/P31>	"分類"@ja	<https://ja.wikipedia.org/wiki/%E7%94%BA>
<http://www.wikidata.org/entity/Q1059478>	"日本の町"@ja	<http://www.wikidata.org/entity/Q35798>	"行政機関"@ja	<http://www.wikidata.org/entity/P31>	"分類"@ja	<https://ja.wikipedia.org/wiki/%E7%94%BA>
<http://www.wikidata.org/entity/Q1193172>	"足柄下郡"@ja	<http://www.wikidata.org/entity/Q1122846>	"郡"@ja	<http://www.wikidata.org/entity/P131>	"位置する行政区画"@ja	<https://ja.wikipedia.org/wiki/%E8%B6%B3%E6%9F%84%E4%B8%8B%E9%83%A1>
<http://www.wikidata.org/entity/Q8604692>	"Category:真鶴町"@ja	<http://www.wikidata.org/entity/Q4167836>	"ウィキメディアのカテゴリ"@ja	<http://www.wikidata.org/entity/P910>	"主題の中心カテゴリ"@ja	<https://ja.wikipedia.org/wiki/Category:%E7%9C%9F%E9%B6%B4%E7%94%BA>
<http://www.wikidata.org/entity/Q11463006>	"小田原都市圏"@ja	<http://www.wikidata.org/entity/Q1907114>	"都市圏"@ja	<http://www.wikidata.org/entity/P276>	"場所"@ja	<https://ja.wikipedia.org/wiki/%E5%B0%8F%E7%94%B0%E5%8E%9F%E9%83%BD%E5%B8%82%E5%9C%8F>
<http://www.wikidata.org/entity/Q11475153>	"岩村"@ja	<http://www.wikidata.org/entity/Q18663566>	"日本の廃止市区町村"@ja	<http://www.wikidata.org/entity/P1365>	"先行"@ja	<https://ja.wikipedia.org/wiki/%E5%B2%A9%E6%9D%91_(%E7%A5%9E%E5%A5%88%E5%B7%9D%E7%9C%8C)>
<http://www.wikidata.org/entity/Q11512979>	"星硝"@ja	<http://www.wikidata.org/entity/Q4830453>	"企業"@ja	<http://www.wikidata.org/entity/P276>	"場所"@ja	<https://ja.wikipedia.org/wiki/%E6%98%9F%E7%A1%9D>
<http://www.wikidata.org/entity/Q49172055>	"相模灘"@ja	<http://www.wikidata.org/entity/Q11566792>	"灘"@ja	<http://www.wikidata.org/entity/P206>	"隣接・位置する水域"@ja	<https://ja.wikipedia.org/wiki/%E7%9B%B8%E6%A8%A1%E7%81%98>
<http://www.wikidata.org/entity/Q158722>	"クスノキ"@ja	<http://www.wikidata.org/entity/Q16521>	"タクソン"@ja	<http://www.wikidata.org/entity/P2238>	"公式シンボル"@ja	<https://ja.wikipedia.org/wiki/%E3%82%AF%E3%82%B9%E3%83%8E%E3%82%AD>
<http://www.wikidata.org/entity/Q267258>	"小田原市"@ja	<http://www.wikidata.org/entity/Q1549591>	"10万都市"@ja	<http://www.wikidata.org/entity/P47>	"隣の国又は行政区画"@ja	<https://ja.wikipedia.org/wiki/%E5%B0%8F%E7%94%B0%E5%8E%9F%E5%B8%82>
<http://www.wikidata.org/entity/Q267258>	"小田原市"@ja	<http://www.wikidata.org/entity/Q1145012>	"特例市"@ja	<http://www.wikidata.org/entity/P47>	"隣の国又は行政区画"@ja	<https://ja.wikipedia.org/wiki/%E5%B0%8F%E7%94%B0%E5%8E%9F%E5%B8%82>
<http://www.wikidata.org/entity/Q267258>	"小田原市"@ja	<http://www.wikidata.org/entity/Q494721>	"日本の市"@ja	<http://www.wikidata.org/entity/P47>	"隣の国又は行政区画"@ja	<https://ja.wikipedia.org/wiki/%E5%B0%8F%E7%94%B0%E5%8E%9F%E5%B8%82>
