?s	?sLabel	?type	?typeLabel	?prop	?propLabel	?jwiki
<http://www.wikidata.org/entity/Q17>	"日本"@ja	<http://www.wikidata.org/entity/Q113489728>	"OECD加盟国"@ja	<http://www.wikidata.org/entity/P17>	"国"@ja	<https://ja.wikipedia.org/wiki/%E6%97%A5%E6%9C%AC>
<http://www.wikidata.org/entity/Q17>	"日本"@ja	<http://www.wikidata.org/entity/Q3624078>	"主権国家"@ja	<http://www.wikidata.org/entity/P17>	"国"@ja	<https://ja.wikipedia.org/wiki/%E6%97%A5%E6%9C%AC>
<http://www.wikidata.org/entity/Q17>	"日本"@ja	<http://www.wikidata.org/entity/Q112099>	"島国"@ja	<http://www.wikidata.org/entity/P17>	"国"@ja	<https://ja.wikipedia.org/wiki/%E6%97%A5%E6%9C%AC>
<http://www.wikidata.org/entity/Q17>	"日本"@ja	<http://www.wikidata.org/entity/Q6256>	"国"@ja	<http://www.wikidata.org/entity/P17>	"国"@ja	<https://ja.wikipedia.org/wiki/%E6%97%A5%E6%9C%AC>
<http://www.wikidata.org/entity/Q599841>	"音威子府村"@ja	<http://www.wikidata.org/entity/Q4174776>	"日本の村"@ja	<http://www.wikidata.org/entity/P47>	"隣の国又は行政区画"@ja	<https://ja.wikipedia.org/wiki/%E9%9F%B3%E5%A8%81%E5%AD%90%E5%BA%9C%E6%9D%91>
<http://www.wikidata.org/entity/Q690865>	"中川郡"@ja	<http://www.wikidata.org/entity/Q1122846>	"郡"@ja	<http://www.wikidata.org/entity/P131>	"位置する行政区画"@ja	<https://ja.wikipedia.org/wiki/%E4%B8%AD%E5%B7%9D%E9%83%A1_(%E5%A4%A9%E5%A1%A9%E5%9B%BD)>
<http://www.wikidata.org/entity/Q7041>	"UTC+9"@ja	<http://www.wikidata.org/entity/Q17272482>	"UTCとの時差で定義された標準時"@ja	<http://www.wikidata.org/entity/P421>	"標準時間帯"@ja	<https://ja.wikipedia.org/wiki/UTC%2B9>
<http://www.wikidata.org/entity/Q1210596>	"枝幸町"@ja	<http://www.wikidata.org/entity/Q1059478>	"日本の町"@ja	<http://www.wikidata.org/entity/P47>	"隣の国又は行政区画"@ja	<https://ja.wikipedia.org/wiki/%E6%9E%9D%E5%B9%B8%E7%94%BA>
<http://www.wikidata.org/entity/Q1355616>	"幌加内町"@ja	<http://www.wikidata.org/entity/Q1059478>	"日本の町"@ja	<http://www.wikidata.org/entity/P47>	"隣の国又は行政区画"@ja	<https://ja.wikipedia.org/wiki/%E5%B9%8C%E5%8A%A0%E5%86%85%E7%94%BA>
<http://www.wikidata.org/entity/Q11514779>	"智恵文村"@ja	<http://www.wikidata.org/entity/Q18663566>	"日本の廃止市区町村"@ja	<http://www.wikidata.org/entity/P1366>	"後継"@ja	<https://ja.wikipedia.org/wiki/%E6%99%BA%E6%81%B5%E6%96%87%E6%9D%91>
<http://www.wikidata.org/entity/Q15615365>	"Category:美深町"@ja	<http://www.wikidata.org/entity/Q4167836>	"ウィキメディアのカテゴリ"@ja	<http://www.wikidata.org/entity/P910>	"主題の中心カテゴリ"@ja	<https://ja.wikipedia.org/wiki/Category:%E7%BE%8E%E6%B7%B1%E7%94%BA>
<http://www.wikidata.org/entity/Q820725>	"名寄市"@ja	<http://www.wikidata.org/entity/Q494721>	"日本の市"@ja	<http://www.wikidata.org/entity/P47>	"隣の国又は行政区画"@ja	<https://ja.wikipedia.org/wiki/%E5%90%8D%E5%AF%84%E5%B8%82>
<http://www.wikidata.org/entity/Q1059478>	"日本の町"@ja	<http://www.wikidata.org/entity/Q15617994>	"行政区画の種類"@ja	<http://www.wikidata.org/entity/P31>	"分類"@ja	<https://ja.wikipedia.org/wiki/%E7%94%BA>
<http://www.wikidata.org/entity/Q1059478>	"日本の町"@ja	<http://www.wikidata.org/entity/Q35798>	"行政機関"@ja	<http://www.wikidata.org/entity/P31>	"分類"@ja	<https://ja.wikipedia.org/wiki/%E7%94%BA>
<http://www.wikidata.org/entity/Q1184865>	"天塩川"@ja	<http://www.wikidata.org/entity/Q4022>	"川"@ja	<http://www.wikidata.org/entity/P206>	"隣接・位置する水域"@ja	<https://ja.wikipedia.org/wiki/%E5%A4%A9%E5%A1%A9%E5%B7%9D>
<http://www.wikidata.org/entity/Q1206664>	"雄武町"@ja	<http://www.wikidata.org/entity/Q1059478>	"日本の町"@ja	<http://www.wikidata.org/entity/P47>	"隣の国又は行政区画"@ja	<https://ja.wikipedia.org/wiki/%E9%9B%84%E6%AD%A6%E7%94%BA>
<http://www.wikidata.org/entity/Q1210568>	"中川町"@ja	<http://www.wikidata.org/entity/Q1059478>	"日本の町"@ja	<http://www.wikidata.org/entity/P47>	"隣の国又は行政区画"@ja	<https://ja.wikipedia.org/wiki/%E4%B8%AD%E5%B7%9D%E7%94%BA>
<http://www.wikidata.org/entity/Q2739451>	"ブリティッシュコロンビア州アシュクロフト"@ja	<http://www.wikidata.org/entity/Q532>	"村落"@ja	<http://www.wikidata.org/entity/P190>	"姉妹都市"@ja	
