?s	?sLabel	?type	?typeLabel	?prop	?propLabel	?jwiki
<http://www.wikidata.org/entity/Q17>	"日本"@ja	<http://www.wikidata.org/entity/Q113489728>	"OECD加盟国"@ja	<http://www.wikidata.org/entity/P131>	"位置する行政区画"@ja	<https://ja.wikipedia.org/wiki/%E6%97%A5%E6%9C%AC>
<http://www.wikidata.org/entity/Q17>	"日本"@ja	<http://www.wikidata.org/entity/Q113489728>	"OECD加盟国"@ja	<http://www.wikidata.org/entity/P17>	"国"@ja	<https://ja.wikipedia.org/wiki/%E6%97%A5%E6%9C%AC>
<http://www.wikidata.org/entity/Q17>	"日本"@ja	<http://www.wikidata.org/entity/Q3624078>	"主権国家"@ja	<http://www.wikidata.org/entity/P131>	"位置する行政区画"@ja	<https://ja.wikipedia.org/wiki/%E6%97%A5%E6%9C%AC>
<http://www.wikidata.org/entity/Q17>	"日本"@ja	<http://www.wikidata.org/entity/Q3624078>	"主権国家"@ja	<http://www.wikidata.org/entity/P17>	"国"@ja	<https://ja.wikipedia.org/wiki/%E6%97%A5%E6%9C%AC>
<http://www.wikidata.org/entity/Q17>	"日本"@ja	<http://www.wikidata.org/entity/Q112099>	"島国"@ja	<http://www.wikidata.org/entity/P131>	"位置する行政区画"@ja	<https://ja.wikipedia.org/wiki/%E6%97%A5%E6%9C%AC>
<http://www.wikidata.org/entity/Q17>	"日本"@ja	<http://www.wikidata.org/entity/Q112099>	"島国"@ja	<http://www.wikidata.org/entity/P17>	"国"@ja	<https://ja.wikipedia.org/wiki/%E6%97%A5%E6%9C%AC>
<http://www.wikidata.org/entity/Q17>	"日本"@ja	<http://www.wikidata.org/entity/Q6256>	"国"@ja	<http://www.wikidata.org/entity/P131>	"位置する行政区画"@ja	<https://ja.wikipedia.org/wiki/%E6%97%A5%E6%9C%AC>
<http://www.wikidata.org/entity/Q17>	"日本"@ja	<http://www.wikidata.org/entity/Q6256>	"国"@ja	<http://www.wikidata.org/entity/P17>	"国"@ja	<https://ja.wikipedia.org/wiki/%E6%97%A5%E6%9C%AC>
<http://www.wikidata.org/entity/Q7041>	"UTC+9"@ja	<http://www.wikidata.org/entity/Q17272482>	"UTCとの時差で定義された標準時"@ja	<http://www.wikidata.org/entity/P421>	"標準時間帯"@ja	<https://ja.wikipedia.org/wiki/UTC%2B9>
<http://www.wikidata.org/entity/Q19206>	"黒竜江省"@ja	<http://www.wikidata.org/entity/Q1615742>	"中華人民共和国の省"@ja	<http://www.wikidata.org/entity/P190>	"姉妹都市"@ja	<https://ja.wikipedia.org/wiki/%E9%BB%92%E7%AB%9C%E6%B1%9F%E7%9C%81>
<http://www.wikidata.org/entity/Q50337>	"都道府県"@ja	<http://www.wikidata.org/entity/Q15617994>	"行政区画の種類"@ja	<http://www.wikidata.org/entity/P31>	"分類"@ja	<https://ja.wikipedia.org/wiki/%E9%83%BD%E9%81%93%E5%BA%9C%E7%9C%8C>
<http://www.wikidata.org/entity/Q71707>	"福島県"@ja	<http://www.wikidata.org/entity/Q50337>	"都道府県"@ja	<http://www.wikidata.org/entity/P47>	"隣の国又は行政区画"@ja	<https://ja.wikipedia.org/wiki/%E7%A6%8F%E5%B3%B6%E7%9C%8C>
<http://www.wikidata.org/entity/Q93201>	"チューリップ"@ja	<http://www.wikidata.org/entity/Q16521>	"タクソン"@ja	<http://www.wikidata.org/entity/P2238>	"公式シンボル"@ja	<https://ja.wikipedia.org/wiki/%E3%83%81%E3%83%A5%E3%83%BC%E3%83%AA%E3%83%83%E3%83%97>
<http://www.wikidata.org/entity/Q857208>	"糸魚川市"@ja	<http://www.wikidata.org/entity/Q1324355>	"ジオパーク"@ja	<http://www.wikidata.org/entity/P150>	"直下の行政区画"@ja	<https://ja.wikipedia.org/wiki/%E7%B3%B8%E9%AD%9A%E5%B7%9D%E5%B8%82>
<http://www.wikidata.org/entity/Q857208>	"糸魚川市"@ja	<http://www.wikidata.org/entity/Q494721>	"日本の市"@ja	<http://www.wikidata.org/entity/P150>	"直下の行政区画"@ja	<https://ja.wikipedia.org/wiki/%E7%B3%B8%E9%AD%9A%E5%B7%9D%E5%B8%82>
<http://www.wikidata.org/entity/Q857293>	"加茂市"@ja	<http://www.wikidata.org/entity/Q494721>	"日本の市"@ja	<http://www.wikidata.org/entity/P150>	"直下の行政区画"@ja	<https://ja.wikipedia.org/wiki/%E5%8A%A0%E8%8C%82%E5%B8%82>
<http://www.wikidata.org/entity/Q858364>	"五泉市"@ja	<http://www.wikidata.org/entity/Q494721>	"日本の市"@ja	<http://www.wikidata.org/entity/P150>	"直下の行政区画"@ja	<https://ja.wikipedia.org/wiki/%E4%BA%94%E6%B3%89%E5%B8%82>
<http://www.wikidata.org/entity/Q858369>	"十日町市"@ja	<http://www.wikidata.org/entity/Q494721>	"日本の市"@ja	<http://www.wikidata.org/entity/P150>	"直下の行政区画"@ja	<https://ja.wikipedia.org/wiki/%E5%8D%81%E6%97%A5%E7%94%BA%E5%B8%82>
<http://www.wikidata.org/entity/Q877266>	"胎内市"@ja	<http://www.wikidata.org/entity/Q494721>	"日本の市"@ja	<http://www.wikidata.org/entity/P150>	"直下の行政区画"@ja	<https://ja.wikipedia.org/wiki/%E8%83%8E%E5%86%85%E5%B8%82>
<http://www.wikidata.org/entity/Q906602>	"中越地方"@ja	<http://www.wikidata.org/entity/Q82794>	"地域"@ja	<http://www.wikidata.org/entity/P527>	"以下を含む"@ja	<https://ja.wikipedia.org/wiki/%E4%B8%AD%E8%B6%8A%E5%9C%B0%E6%96%B9>
<http://www.wikidata.org/entity/Q649650>	"見附市"@ja	<http://www.wikidata.org/entity/Q494721>	"日本の市"@ja	<http://www.wikidata.org/entity/P150>	"直下の行政区画"@ja	<https://ja.wikipedia.org/wiki/%E8%A6%8B%E9%99%84%E5%B8%82>
<http://www.wikidata.org/entity/Q775317>	"南蒲原郡"@ja	<http://www.wikidata.org/entity/Q1122846>	"郡"@ja	<http://www.wikidata.org/entity/P150>	"直下の行政区画"@ja	<https://ja.wikipedia.org/wiki/%E5%8D%97%E8%92%B2%E5%8E%9F%E9%83%A1>
<http://www.wikidata.org/entity/Q798772>	"南魚沼郡"@ja	<http://www.wikidata.org/entity/Q1122846>	"郡"@ja	<http://www.wikidata.org/entity/P150>	"直下の行政区画"@ja	<https://ja.wikipedia.org/wiki/%E5%8D%97%E9%AD%9A%E6%B2%BC%E9%83%A1>
<http://www.wikidata.org/entity/Q817273>	"三条市"@ja	<http://www.wikidata.org/entity/Q494721>	"日本の市"@ja	<http://www.wikidata.org/entity/P150>	"直下の行政区画"@ja	<https://ja.wikipedia.org/wiki/%E4%B8%89%E6%9D%A1%E5%B8%82>
<http://www.wikidata.org/entity/Q819174>	"小千谷市"@ja	<http://www.wikidata.org/entity/Q494721>	"日本の市"@ja	<http://www.wikidata.org/entity/P150>	"直下の行政区画"@ja	<https://ja.wikipedia.org/wiki/%E5%B0%8F%E5%8D%83%E8%B0%B7%E5%B8%82>
<http://www.wikidata.org/entity/Q849395>	"黒川藩"@ja	<http://www.wikidata.org/entity/Q841985>	"藩"@ja	<http://www.wikidata.org/entity/P1365>	"先行"@ja	<https://ja.wikipedia.org/wiki/%E9%BB%92%E5%B7%9D%E8%97%A9>
<http://www.wikidata.org/entity/Q849472>	"三日市藩"@ja	<http://www.wikidata.org/entity/Q841985>	"藩"@ja	<http://www.wikidata.org/entity/P1365>	"先行"@ja	<https://ja.wikipedia.org/wiki/%E4%B8%89%E6%97%A5%E5%B8%82%E8%97%A9>
<http://www.wikidata.org/entity/Q849483>	"村上藩"@ja	<http://www.wikidata.org/entity/Q841985>	"藩"@ja	<http://www.wikidata.org/entity/P1365>	"先行"@ja	<https://ja.wikipedia.org/wiki/%E6%9D%91%E4%B8%8A%E8%97%A9>
<http://www.wikidata.org/entity/Q850352>	"魚沼市"@ja	<http://www.wikidata.org/entity/Q494721>	"日本の市"@ja	<http://www.wikidata.org/entity/P150>	"直下の行政区画"@ja	<https://ja.wikipedia.org/wiki/%E9%AD%9A%E6%B2%BC%E5%B8%82>
<http://www.wikidata.org/entity/Q850524>	"南魚沼市"@ja	<http://www.wikidata.org/entity/Q494721>	"日本の市"@ja	<http://www.wikidata.org/entity/P150>	"直下の行政区画"@ja	<https://ja.wikipedia.org/wiki/%E5%8D%97%E9%AD%9A%E6%B2%BC%E5%B8%82>
<http://www.wikidata.org/entity/Q378846>	"錦鯉"@ja	<http://www.wikidata.org/entity/Q55983715>	"特定の一般名で知られる生物"@ja	<http://www.wikidata.org/entity/P2238>	"公式シンボル"@ja	<https://ja.wikipedia.org/wiki/%E3%83%8B%E3%82%B7%E3%82%AD%E3%82%B4%E3%82%A4>
<http://www.wikidata.org/entity/Q390466>	"阿賀野市"@ja	<http://www.wikidata.org/entity/Q494721>	"日本の市"@ja	<http://www.wikidata.org/entity/P150>	"直下の行政区画"@ja	<https://ja.wikipedia.org/wiki/%E9%98%BF%E8%B3%80%E9%87%8E%E5%B8%82>
<http://www.wikidata.org/entity/Q493173>	"トキ"@ja	<http://www.wikidata.org/entity/Q16521>	"タクソン"@ja	<http://www.wikidata.org/entity/P2238>	"公式シンボル"@ja	<https://ja.wikipedia.org/wiki/%E3%83%88%E3%82%AD>
<http://www.wikidata.org/entity/Q499047>	"佐渡市"@ja	<http://www.wikidata.org/entity/Q494721>	"日本の市"@ja	<http://www.wikidata.org/entity/P150>	"直下の行政区画"@ja	<https://ja.wikipedia.org/wiki/%E4%BD%90%E6%B8%A1%E5%B8%82>
<http://www.wikidata.org/entity/Q540312>	"長岡市"@ja	<http://www.wikidata.org/entity/Q1549591>	"10万都市"@ja	<http://www.wikidata.org/entity/P150>	"直下の行政区画"@ja	<https://ja.wikipedia.org/wiki/%E9%95%B7%E5%B2%A1%E5%B8%82>
<http://www.wikidata.org/entity/Q540312>	"長岡市"@ja	<http://www.wikidata.org/entity/Q1145012>	"特例市"@ja	<http://www.wikidata.org/entity/P150>	"直下の行政区画"@ja	<https://ja.wikipedia.org/wiki/%E9%95%B7%E5%B2%A1%E5%B8%82>
<http://www.wikidata.org/entity/Q571051>	"燕市"@ja	<http://www.wikidata.org/entity/Q494721>	"日本の市"@ja	<http://www.wikidata.org/entity/P150>	"直下の行政区画"@ja	<https://ja.wikipedia.org/wiki/%E7%87%95%E5%B8%82>
<http://www.wikidata.org/entity/Q582289>	"上越市"@ja	<http://www.wikidata.org/entity/Q1549591>	"10万都市"@ja	<http://www.wikidata.org/entity/P150>	"直下の行政区画"@ja	<https://ja.wikipedia.org/wiki/%E4%B8%8A%E8%B6%8A%E5%B8%82>
<http://www.wikidata.org/entity/Q582289>	"上越市"@ja	<http://www.wikidata.org/entity/Q1145012>	"特例市"@ja	<http://www.wikidata.org/entity/P150>	"直下の行政区画"@ja	<https://ja.wikipedia.org/wiki/%E4%B8%8A%E8%B6%8A%E5%B8%82>
<http://www.wikidata.org/entity/Q582289>	"上越市"@ja	<http://www.wikidata.org/entity/Q494721>	"日本の市"@ja	<http://www.wikidata.org/entity/P150>	"直下の行政区画"@ja	<https://ja.wikipedia.org/wiki/%E4%B8%8A%E8%B6%8A%E5%B8%82>
<http://www.wikidata.org/entity/Q601950>	"新発田市"@ja	<http://www.wikidata.org/entity/Q494721>	"日本の市"@ja	<http://www.wikidata.org/entity/P150>	"直下の行政区画"@ja	<https://ja.wikipedia.org/wiki/%E6%96%B0%E7%99%BA%E7%94%B0%E5%B8%82>
<http://www.wikidata.org/entity/Q633983>	"柏崎市"@ja	<http://www.wikidata.org/entity/Q494721>	"日本の市"@ja	<http://www.wikidata.org/entity/P150>	"直下の行政区画"@ja	<https://ja.wikipedia.org/wiki/%E6%9F%8F%E5%B4%8E%E5%B8%82>
<http://www.wikidata.org/entity/Q125863>	"山形県"@ja	<http://www.wikidata.org/entity/Q50337>	"都道府県"@ja	<http://www.wikidata.org/entity/P47>	"隣の国又は行政区画"@ja	<https://ja.wikipedia.org/wiki/%E5%B1%B1%E5%BD%A2%E7%9C%8C>
<http://www.wikidata.org/entity/Q127877>	"長野県"@ja	<http://www.wikidata.org/entity/Q50337>	"都道府県"@ja	<http://www.wikidata.org/entity/P47>	"隣の国又は行政区画"@ja	<https://ja.wikipedia.org/wiki/%E9%95%B7%E9%87%8E%E7%9C%8C>
<http://www.wikidata.org/entity/Q129499>	"群馬県"@ja	<http://www.wikidata.org/entity/Q50337>	"都道府県"@ja	<http://www.wikidata.org/entity/P47>	"隣の国又は行政区画"@ja	<https://ja.wikipedia.org/wiki/%E7%BE%A4%E9%A6%AC%E7%9C%8C>
<http://www.wikidata.org/entity/Q132929>	"富山県"@ja	<http://www.wikidata.org/entity/Q50337>	"都道府県"@ja	<http://www.wikidata.org/entity/P47>	"隣の国又は行政区画"@ja	<https://ja.wikipedia.org/wiki/%E5%AF%8C%E5%B1%B1%E7%9C%8C>
<http://www.wikidata.org/entity/Q179691>	"新潟市"@ja	<http://www.wikidata.org/entity/Q65589340>	"都道府県庁所在地"@ja	<http://www.wikidata.org/entity/P150>	"直下の行政区画"@ja	<https://ja.wikipedia.org/wiki/%E6%96%B0%E6%BD%9F%E5%B8%82>
<http://www.wikidata.org/entity/Q179691>	"新潟市"@ja	<http://www.wikidata.org/entity/Q65589340>	"都道府県庁所在地"@ja	<http://www.wikidata.org/entity/P138>	"名前の由来"@ja	<https://ja.wikipedia.org/wiki/%E6%96%B0%E6%BD%9F%E5%B8%82>
<http://www.wikidata.org/entity/Q179691>	"新潟市"@ja	<http://www.wikidata.org/entity/Q65589340>	"都道府県庁所在地"@ja	<http://www.wikidata.org/entity/P36>	"行政中心地"@ja	<https://ja.wikipedia.org/wiki/%E6%96%B0%E6%BD%9F%E5%B8%82>
<http://www.wikidata.org/entity/Q179691>	"新潟市"@ja	<http://www.wikidata.org/entity/Q1749269>	"政令指定都市"@ja	<http://www.wikidata.org/entity/P150>	"直下の行政区画"@ja	<https://ja.wikipedia.org/wiki/%E6%96%B0%E6%BD%9F%E5%B8%82>
<http://www.wikidata.org/entity/Q179691>	"新潟市"@ja	<http://www.wikidata.org/entity/Q1749269>	"政令指定都市"@ja	<http://www.wikidata.org/entity/P138>	"名前の由来"@ja	<https://ja.wikipedia.org/wiki/%E6%96%B0%E6%BD%9F%E5%B8%82>
<http://www.wikidata.org/entity/Q179691>	"新潟市"@ja	<http://www.wikidata.org/entity/Q1749269>	"政令指定都市"@ja	<http://www.wikidata.org/entity/P36>	"行政中心地"@ja	<https://ja.wikipedia.org/wiki/%E6%96%B0%E6%BD%9F%E5%B8%82>
<http://www.wikidata.org/entity/Q179691>	"新潟市"@ja	<http://www.wikidata.org/entity/Q1549591>	"10万都市"@ja	<http://www.wikidata.org/entity/P150>	"直下の行政区画"@ja	<https://ja.wikipedia.org/wiki/%E6%96%B0%E6%BD%9F%E5%B8%82>
<http://www.wikidata.org/entity/Q179691>	"新潟市"@ja	<http://www.wikidata.org/entity/Q1549591>	"10万都市"@ja	<http://www.wikidata.org/entity/P138>	"名前の由来"@ja	<https://ja.wikipedia.org/wiki/%E6%96%B0%E6%BD%9F%E5%B8%82>
<http://www.wikidata.org/entity/Q179691>	"新潟市"@ja	<http://www.wikidata.org/entity/Q1549591>	"10万都市"@ja	<http://www.wikidata.org/entity/P36>	"行政中心地"@ja	<https://ja.wikipedia.org/wiki/%E6%96%B0%E6%BD%9F%E5%B8%82>
<http://www.wikidata.org/entity/Q179691>	"新潟市"@ja	<http://www.wikidata.org/entity/Q494721>	"日本の市"@ja	<http://www.wikidata.org/entity/P150>	"直下の行政区画"@ja	<https://ja.wikipedia.org/wiki/%E6%96%B0%E6%BD%9F%E5%B8%82>
<http://www.wikidata.org/entity/Q179691>	"新潟市"@ja	<http://www.wikidata.org/entity/Q494721>	"日本の市"@ja	<http://www.wikidata.org/entity/P138>	"名前の由来"@ja	<https://ja.wikipedia.org/wiki/%E6%96%B0%E6%BD%9F%E5%B8%82>
<http://www.wikidata.org/entity/Q179691>	"新潟市"@ja	<http://www.wikidata.org/entity/Q494721>	"日本の市"@ja	<http://www.wikidata.org/entity/P36>	"行政中心地"@ja	<https://ja.wikipedia.org/wiki/%E6%96%B0%E6%BD%9F%E5%B8%82>
<http://www.wikidata.org/entity/Q279642>	"妙高市"@ja	<http://www.wikidata.org/entity/Q494721>	"日本の市"@ja	<http://www.wikidata.org/entity/P150>	"直下の行政区画"@ja	<https://ja.wikipedia.org/wiki/%E5%A6%99%E9%AB%98%E5%B8%82>
<http://www.wikidata.org/entity/Q284503>	"村上市"@ja	<http://www.wikidata.org/entity/Q494721>	"日本の市"@ja	<http://www.wikidata.org/entity/P150>	"直下の行政区画"@ja	<https://ja.wikipedia.org/wiki/%E6%9D%91%E4%B8%8A%E5%B8%82>
<http://www.wikidata.org/entity/Q7924646>	"Q7924646"	<http://www.wikidata.org/entity/Q4167836>	"ウィキメディアのカテゴリ"@ja	<http://www.wikidata.org/entity/P1464>	"当地生まれの人のカテゴリ"@ja	
<http://www.wikidata.org/entity/Q19962694>	"新潟県知事"@ja	<http://www.wikidata.org/entity/Q4164871>	"職位"@ja	<http://www.wikidata.org/entity/P1313>	"行政府の長の地位"@ja	
<http://www.wikidata.org/entity/Q32008569>	"Q32008569"	<http://www.wikidata.org/entity/Q4167836>	"ウィキメディアのカテゴリ"@ja	<http://www.wikidata.org/entity/P1465>	"当地で死んだ人のカテゴリ"@ja	
<http://www.wikidata.org/entity/Q100863437>	"新潟県の経済"@ja	<http://www.wikidata.org/entity/Q100773131>	"地域経済"@ja	<http://www.wikidata.org/entity/P8744>	"主題の経済"@ja	
<http://www.wikidata.org/entity/Q104632559>	"Q104632559"	<http://www.wikidata.org/entity/Q4167836>	"ウィキメディアのカテゴリ"@ja	<http://www.wikidata.org/entity/P8989>	"景観のカテゴリ"@ja	
<http://www.wikidata.org/entity/Q909085>	"日本標準時"@ja	<http://www.wikidata.org/entity/Q12143>	"標準時間帯"@ja	<http://www.wikidata.org/entity/P421>	"標準時間帯"@ja	<https://ja.wikipedia.org/wiki/%E6%97%A5%E6%9C%AC%E6%A8%99%E6%BA%96%E6%99%82>
<http://www.wikidata.org/entity/Q1040856>	"新発田藩"@ja	<http://www.wikidata.org/entity/Q841985>	"藩"@ja	<http://www.wikidata.org/entity/P1365>	"先行"@ja	<https://ja.wikipedia.org/wiki/%E6%96%B0%E7%99%BA%E7%94%B0%E8%97%A9>
<http://www.wikidata.org/entity/Q1155110>	"刈羽郡"@ja	<http://www.wikidata.org/entity/Q1122846>	"郡"@ja	<http://www.wikidata.org/entity/P150>	"直下の行政区画"@ja	<https://ja.wikipedia.org/wiki/%E5%88%88%E7%BE%BD%E9%83%A1>
<http://www.wikidata.org/entity/Q1155124>	"岩船郡"@ja	<http://www.wikidata.org/entity/Q1122846>	"郡"@ja	<http://www.wikidata.org/entity/P150>	"直下の行政区画"@ja	<https://ja.wikipedia.org/wiki/%E5%B2%A9%E8%88%B9%E9%83%A1>
<http://www.wikidata.org/entity/Q1155132>	"東蒲原郡"@ja	<http://www.wikidata.org/entity/Q1122846>	"郡"@ja	<http://www.wikidata.org/entity/P150>	"直下の行政区画"@ja	<https://ja.wikipedia.org/wiki/%E6%9D%B1%E8%92%B2%E5%8E%9F%E9%83%A1>
<http://www.wikidata.org/entity/Q1155139>	"西蒲原郡"@ja	<http://www.wikidata.org/entity/Q1122846>	"郡"@ja	<http://www.wikidata.org/entity/P150>	"直下の行政区画"@ja	<https://ja.wikipedia.org/wiki/%E8%A5%BF%E8%92%B2%E5%8E%9F%E9%83%A1>
<http://www.wikidata.org/entity/Q1155147>	"中魚沼郡"@ja	<http://www.wikidata.org/entity/Q1122846>	"郡"@ja	<http://www.wikidata.org/entity/P150>	"直下の行政区画"@ja	<https://ja.wikipedia.org/wiki/%E4%B8%AD%E9%AD%9A%E6%B2%BC%E9%83%A1>
<http://www.wikidata.org/entity/Q1155539>	"北蒲原郡"@ja	<http://www.wikidata.org/entity/Q1122846>	"郡"@ja	<http://www.wikidata.org/entity/P150>	"直下の行政区画"@ja	<https://ja.wikipedia.org/wiki/%E5%8C%97%E8%92%B2%E5%8E%9F%E9%83%A1>
<http://www.wikidata.org/entity/Q1155567>	"三島郡"@ja	<http://www.wikidata.org/entity/Q1122846>	"郡"@ja	<http://www.wikidata.org/entity/P150>	"直下の行政区画"@ja	<https://ja.wikipedia.org/wiki/%E4%B8%89%E5%B3%B6%E9%83%A1_(%E6%96%B0%E6%BD%9F%E7%9C%8C)>
<http://www.wikidata.org/entity/Q5364244>	"上越地方"@ja	<http://www.wikidata.org/entity/Q207520>	"日本の地域"@ja	<http://www.wikidata.org/entity/P527>	"以下を含む"@ja	<https://ja.wikipedia.org/wiki/%E4%B8%8A%E8%B6%8A%E5%9C%B0%E6%96%B9>
<http://www.wikidata.org/entity/Q6526280>	"Category:新潟県"@ja	<http://www.wikidata.org/entity/Q4167836>	"ウィキメディアのカテゴリ"@ja	<http://www.wikidata.org/entity/P910>	"主題の中心カテゴリ"@ja	<https://ja.wikipedia.org/wiki/Category:%E6%96%B0%E6%BD%9F%E7%9C%8C>
<http://www.wikidata.org/entity/Q7113951>	"Category:新潟県出身の人物"@ja	<http://www.wikidata.org/entity/Q4167836>	"ウィキメディアのカテゴリ"@ja	<http://www.wikidata.org/entity/P1792>	"当地の人々のカテゴリ"@ja	<https://ja.wikipedia.org/wiki/Category:%E6%96%B0%E6%BD%9F%E7%9C%8C%E5%87%BA%E8%BA%AB%E3%81%AE%E4%BA%BA%E7%89%A9>
<http://www.wikidata.org/entity/Q9659984>	"Category:新潟県の地図"@ja	<http://www.wikidata.org/entity/Q4167836>	"ウィキメディアのカテゴリ"@ja	<http://www.wikidata.org/entity/P7867>	"当地の地図のカテゴリ"@ja	<https://ja.wikipedia.org/wiki/Category:%E6%96%B0%E6%BD%9F%E7%9C%8C%E3%81%AE%E5%9C%B0%E5%9B%B3>
<http://www.wikidata.org/entity/Q10339074>	"新潟県旗"@ja	<http://www.wikidata.org/entity/Q22807280>	"行政区画の旗"@ja	<http://www.wikidata.org/entity/P163>	"旗"@ja	<https://ja.wikipedia.org/wiki/%E6%96%B0%E6%BD%9F%E7%9C%8C%E6%97%97>
<http://www.wikidata.org/entity/Q10862662>	"Template:新潟県の自治体"@ja	<http://www.wikidata.org/entity/Q11753321>	"ウィキメディアのナビゲーションテンプレート"@ja	<http://www.wikidata.org/entity/P1424>	"記事の中心テンプレート"@ja	<https://ja.wikipedia.org/wiki/Template:%E6%96%B0%E6%BD%9F%E7%9C%8C%E3%81%AE%E8%87%AA%E6%B2%BB%E4%BD%93>
<http://www.wikidata.org/entity/Q10863476>	"三根山藩"@ja	<http://www.wikidata.org/entity/Q841985>	"藩"@ja	<http://www.wikidata.org/entity/P1365>	"先行"@ja	<https://ja.wikipedia.org/wiki/%E4%B8%89%E6%A0%B9%E5%B1%B1%E8%97%A9>
<http://www.wikidata.org/entity/Q10863497>	"村松藩"@ja	<http://www.wikidata.org/entity/Q841985>	"藩"@ja	<http://www.wikidata.org/entity/P1365>	"先行"@ja	<https://ja.wikipedia.org/wiki/%E6%9D%91%E6%9D%BE%E8%97%A9>
<http://www.wikidata.org/entity/Q10868722>	"下越地方"@ja	<http://www.wikidata.org/entity/Q82794>	"地域"@ja	<http://www.wikidata.org/entity/P527>	"以下を含む"@ja	<https://ja.wikipedia.org/wiki/%E4%B8%8B%E8%B6%8A%E5%9C%B0%E6%96%B9>
<http://www.wikidata.org/entity/Q11321229>	"トッキッキ"@ja	<http://www.wikidata.org/entity/Q88552881>	"擬人化した鳥"@ja	<http://www.wikidata.org/entity/P822>	"マスコット"@ja	<https://ja.wikipedia.org/wiki/%E3%83%88%E3%83%83%E3%82%AD%E3%83%83%E3%82%AD>
<http://www.wikidata.org/entity/Q11321229>	"トッキッキ"@ja	<http://www.wikidata.org/entity/Q16705943>	"架空のカップル"@ja	<http://www.wikidata.org/entity/P822>	"マスコット"@ja	<https://ja.wikipedia.org/wiki/%E3%83%88%E3%83%83%E3%82%AD%E3%83%83%E3%82%AD>
<http://www.wikidata.org/entity/Q11321229>	"トッキッキ"@ja	<http://www.wikidata.org/entity/Q11280995>	"ゆるキャラ"@ja	<http://www.wikidata.org/entity/P822>	"マスコット"@ja	<https://ja.wikipedia.org/wiki/%E3%83%88%E3%83%83%E3%82%AD%E3%83%83%E3%82%AD>
<http://www.wikidata.org/entity/Q11345564>	"ユキツバキ"@ja	<http://www.wikidata.org/entity/Q16521>	"タクソン"@ja	<http://www.wikidata.org/entity/P2238>	"公式シンボル"@ja	<https://ja.wikipedia.org/wiki/%E3%83%A6%E3%82%AD%E3%83%84%E3%83%90%E3%82%AD>
<http://www.wikidata.org/entity/Q11345579>	"ユキワリソウ"@ja	<http://www.wikidata.org/entity/Q16521>	"タクソン"@ja	<http://www.wikidata.org/entity/P2238>	"公式シンボル"@ja	<https://ja.wikipedia.org/wiki/%E3%83%A6%E3%82%AD%E3%83%AF%E3%83%AA%E3%82%BD%E3%82%A6>
<http://www.wikidata.org/entity/Q11383283>	"佐渡地方"@ja	<http://www.wikidata.org/entity/Q82794>	"地域"@ja	<http://www.wikidata.org/entity/P527>	"以下を含む"@ja	<https://ja.wikipedia.org/wiki/%E4%BD%90%E6%B8%A1%E5%9C%B0%E6%96%B9>
<http://www.wikidata.org/entity/Q11383301>	"佐渡弁"@ja	<http://www.wikidata.org/entity/Q1246128>	"日本語の方言"@ja	<http://www.wikidata.org/entity/P2936>	"使用言語"@ja	<https://ja.wikipedia.org/wiki/%E4%BD%90%E6%B8%A1%E5%BC%81>
<http://www.wikidata.org/entity/Q11404107>	"北越方言"@ja	<http://www.wikidata.org/entity/Q1246128>	"日本語の方言"@ja	<http://www.wikidata.org/entity/P2936>	"使用言語"@ja	<https://ja.wikipedia.org/wiki/%E5%8C%97%E8%B6%8A%E6%96%B9%E8%A8%80>
<http://www.wikidata.org/entity/Q11463545>	"小蓮華山"@ja	<http://www.wikidata.org/entity/Q8502>	"山"@ja	<http://www.wikidata.org/entity/P610>	"最も高い地点"@ja	<https://ja.wikipedia.org/wiki/%E5%B0%8F%E8%93%AE%E8%8F%AF%E5%B1%B1>
<http://www.wikidata.org/entity/Q11503007>	"新潟県庁"@ja	<http://www.wikidata.org/entity/Q87342028>	"都道府県庁"@ja	<http://www.wikidata.org/entity/P208>	"行政府"@ja	<https://ja.wikipedia.org/wiki/%E6%96%B0%E6%BD%9F%E7%9C%8C%E5%BA%81>
<http://www.wikidata.org/entity/Q11503163>	"新潟県議会"@ja	<http://www.wikidata.org/entity/Q28362371>	"都道府県議会"@ja	<http://www.wikidata.org/entity/P194>	"立法府"@ja	<https://ja.wikipedia.org/wiki/%E6%96%B0%E6%BD%9F%E7%9C%8C%E8%AD%B0%E4%BC%9A>
<http://www.wikidata.org/entity/Q11533748>	"柏崎県"@ja	<http://www.wikidata.org/entity/Q19953632>	"廃止された行政区画"@ja	<http://www.wikidata.org/entity/P1365>	"先行"@ja	<https://ja.wikipedia.org/wiki/%E6%9F%8F%E5%B4%8E%E7%9C%8C>
<http://www.wikidata.org/entity/Q11533748>	"柏崎県"@ja	<http://www.wikidata.org/entity/Q50337>	"都道府県"@ja	<http://www.wikidata.org/entity/P1365>	"先行"@ja	<https://ja.wikipedia.org/wiki/%E6%9F%8F%E5%B4%8E%E7%9C%8C>
<http://www.wikidata.org/entity/Q11548346>	"水原県"@ja	<http://www.wikidata.org/entity/Q19953632>	"廃止された行政区画"@ja	<http://www.wikidata.org/entity/P1365>	"先行"@ja	<https://ja.wikipedia.org/wiki/%E6%B0%B4%E5%8E%9F%E7%9C%8C>
<http://www.wikidata.org/entity/Q11548346>	"水原県"@ja	<http://www.wikidata.org/entity/Q50337>	"都道府県"@ja	<http://www.wikidata.org/entity/P1365>	"先行"@ja	<https://ja.wikipedia.org/wiki/%E6%B0%B4%E5%8E%9F%E7%9C%8C>
<http://www.wikidata.org/entity/Q11582007>	"相川県"@ja	<http://www.wikidata.org/entity/Q19953632>	"廃止された行政区画"@ja	<http://www.wikidata.org/entity/P1365>	"先行"@ja	<https://ja.wikipedia.org/wiki/%E7%9B%B8%E5%B7%9D%E7%9C%8C>
<http://www.wikidata.org/entity/Q11582007>	"相川県"@ja	<http://www.wikidata.org/entity/Q50337>	"都道府県"@ja	<http://www.wikidata.org/entity/P1365>	"先行"@ja	<https://ja.wikipedia.org/wiki/%E7%9B%B8%E5%B7%9D%E7%9C%8C>
<http://www.wikidata.org/entity/Q11636514>	"越後方言"@ja	<http://www.wikidata.org/entity/Q1246128>	"日本語の方言"@ja	<http://www.wikidata.org/entity/P2936>	"使用言語"@ja	<https://ja.wikipedia.org/wiki/%E8%B6%8A%E5%BE%8C%E6%96%B9%E8%A8%80>
<http://www.wikidata.org/entity/Q16798393>	"Portal:日本の都道府県/新潟県"@ja	<http://www.wikidata.org/entity/Q4663903>	"ウィキポータル"@ja	<http://www.wikidata.org/entity/P1151>	"ウィキメディアのポータル"@ja	<https://ja.wikipedia.org/wiki/Portal:%E6%97%A5%E6%9C%AC%E3%81%AE%E9%83%BD%E9%81%93%E5%BA%9C%E7%9C%8C/%E6%96%B0%E6%BD%9F%E7%9C%8C>
<http://www.wikidata.org/entity/Q17209710>	"新潟県民歌"@ja	<http://www.wikidata.org/entity/Q105543609>	"楽曲"@ja	<http://www.wikidata.org/entity/P85>	"アンセム"@ja	<https://ja.wikipedia.org/wiki/%E6%96%B0%E6%BD%9F%E7%9C%8C%E6%B0%91%E6%AD%8C>
<http://www.wikidata.org/entity/Q54913364>	"花角英世"@ja	<http://www.wikidata.org/entity/Q5>	"ヒト"@ja	<http://www.wikidata.org/entity/P6>	"行政府の長"@ja	<https://ja.wikipedia.org/wiki/%E8%8A%B1%E8%A7%92%E8%8B%B1%E4%B8%96>
