?s	?sLabel	?type	?typeLabel	?prop	?propLabel	?jwiki
<http://www.wikidata.org/entity/Q17>	"日本"@ja	<http://www.wikidata.org/entity/Q113489728>	"OECD加盟国"@ja	<http://www.wikidata.org/entity/P17>	"国"@ja	<https://ja.wikipedia.org/wiki/%E6%97%A5%E6%9C%AC>
<http://www.wikidata.org/entity/Q17>	"日本"@ja	<http://www.wikidata.org/entity/Q3624078>	"主権国家"@ja	<http://www.wikidata.org/entity/P17>	"国"@ja	<https://ja.wikipedia.org/wiki/%E6%97%A5%E6%9C%AC>
<http://www.wikidata.org/entity/Q17>	"日本"@ja	<http://www.wikidata.org/entity/Q112099>	"島国"@ja	<http://www.wikidata.org/entity/P17>	"国"@ja	<https://ja.wikipedia.org/wiki/%E6%97%A5%E6%9C%AC>
<http://www.wikidata.org/entity/Q17>	"日本"@ja	<http://www.wikidata.org/entity/Q6256>	"国"@ja	<http://www.wikidata.org/entity/P17>	"国"@ja	<https://ja.wikipedia.org/wiki/%E6%97%A5%E6%9C%AC>
<http://www.wikidata.org/entity/Q48>	"アジア"@ja	<http://www.wikidata.org/entity/Q2418896>	"世界の一部"@ja	<http://www.wikidata.org/entity/P30>	"大陸"@ja	<https://ja.wikipedia.org/wiki/%E3%82%A2%E3%82%B8%E3%82%A2>
<http://www.wikidata.org/entity/Q48>	"アジア"@ja	<http://www.wikidata.org/entity/Q5107>	"大陸"@ja	<http://www.wikidata.org/entity/P30>	"大陸"@ja	<https://ja.wikipedia.org/wiki/%E3%82%A2%E3%82%B8%E3%82%A2>
<http://www.wikidata.org/entity/Q7769>	"ビロビジャン"@ja	<http://www.wikidata.org/entity/Q56580425>	"Q56580425"	<http://www.wikidata.org/entity/P190>	"姉妹都市"@ja	<https://ja.wikipedia.org/wiki/%E3%83%93%E3%83%AD%E3%83%93%E3%82%B8%E3%83%A3%E3%83%B3>
<http://www.wikidata.org/entity/Q7769>	"ビロビジャン"@ja	<http://www.wikidata.org/entity/Q7930989>	"都市・街"@ja	<http://www.wikidata.org/entity/P190>	"姉妹都市"@ja	<https://ja.wikipedia.org/wiki/%E3%83%93%E3%83%AD%E3%83%93%E3%82%B8%E3%83%A3%E3%83%B3>
<http://www.wikidata.org/entity/Q7041>	"UTC+9"@ja	<http://www.wikidata.org/entity/Q17272482>	"UTCとの時差で定義された標準時"@ja	<http://www.wikidata.org/entity/P421>	"標準時間帯"@ja	<https://ja.wikipedia.org/wiki/UTC%2B9>
<http://www.wikidata.org/entity/Q12191>	"ナント"@ja	<http://www.wikidata.org/entity/Q1549591>	"10万都市"@ja	<http://www.wikidata.org/entity/P190>	"姉妹都市"@ja	<https://ja.wikipedia.org/wiki/%E3%83%8A%E3%83%B3%E3%83%88>
<http://www.wikidata.org/entity/Q12191>	"ナント"@ja	<http://www.wikidata.org/entity/Q484170>	"フランスの基礎自治体"@ja	<http://www.wikidata.org/entity/P190>	"姉妹都市"@ja	<https://ja.wikipedia.org/wiki/%E3%83%8A%E3%83%B3%E3%83%88>
<http://www.wikidata.org/entity/Q857293>	"加茂市"@ja	<http://www.wikidata.org/entity/Q494721>	"日本の市"@ja	<http://www.wikidata.org/entity/P47>	"隣の国又は行政区画"@ja	<https://ja.wikipedia.org/wiki/%E5%8A%A0%E8%8C%82%E5%B8%82>
<http://www.wikidata.org/entity/Q858364>	"五泉市"@ja	<http://www.wikidata.org/entity/Q494721>	"日本の市"@ja	<http://www.wikidata.org/entity/P47>	"隣の国又は行政区画"@ja	<https://ja.wikipedia.org/wiki/%E4%BA%94%E6%B3%89%E5%B8%82>
<http://www.wikidata.org/entity/Q1045299>	"越後平野"@ja	<http://www.wikidata.org/entity/Q160091>	"平野"@ja	<http://www.wikidata.org/entity/P706>	"位置する地形"@ja	<https://ja.wikipedia.org/wiki/%E8%B6%8A%E5%BE%8C%E5%B9%B3%E9%87%8E>
<http://www.wikidata.org/entity/Q1155155>	"田上町"@ja	<http://www.wikidata.org/entity/Q1059478>	"日本の町"@ja	<http://www.wikidata.org/entity/P47>	"隣の国又は行政区画"@ja	<https://ja.wikipedia.org/wiki/%E7%94%B0%E4%B8%8A%E7%94%BA>
<http://www.wikidata.org/entity/Q1204293>	"聖籠町"@ja	<http://www.wikidata.org/entity/Q1059478>	"日本の町"@ja	<http://www.wikidata.org/entity/P47>	"隣の国又は行政区画"@ja	<https://ja.wikipedia.org/wiki/%E8%81%96%E7%B1%A0%E7%94%BA>
<http://www.wikidata.org/entity/Q1349667>	"弥彦村"@ja	<http://www.wikidata.org/entity/Q4174776>	"日本の村"@ja	<http://www.wikidata.org/entity/P47>	"隣の国又は行政区画"@ja	<https://ja.wikipedia.org/wiki/%E5%BC%A5%E5%BD%A6%E6%9D%91>
<http://www.wikidata.org/entity/Q1963960>	"中之口村"@ja	<http://www.wikidata.org/entity/Q18663566>	"日本の廃止市区町村"@ja	<http://www.wikidata.org/entity/P1365>	"先行"@ja	<https://ja.wikipedia.org/wiki/%E4%B8%AD%E4%B9%8B%E5%8F%A3%E6%9D%91>
<http://www.wikidata.org/entity/Q4699738>	"味方村"@ja	<http://www.wikidata.org/entity/Q18663566>	"日本の廃止市区町村"@ja	<http://www.wikidata.org/entity/P1365>	"先行"@ja	<https://ja.wikipedia.org/wiki/%E5%91%B3%E6%96%B9%E6%9D%91>
<http://www.wikidata.org/entity/Q6100536>	"岩室村"@ja	<http://www.wikidata.org/entity/Q18663566>	"日本の廃止市区町村"@ja	<http://www.wikidata.org/entity/P1365>	"先行"@ja	<https://ja.wikipedia.org/wiki/%E5%B2%A9%E5%AE%A4%E6%9D%91>
<http://www.wikidata.org/entity/Q6356516>	"亀田町"@ja	<http://www.wikidata.org/entity/Q18663566>	"日本の廃止市区町村"@ja	<http://www.wikidata.org/entity/P1365>	"先行"@ja	<https://ja.wikipedia.org/wiki/%E4%BA%80%E7%94%B0%E7%94%BA_(%E6%96%B0%E6%BD%9F%E7%9C%8C)>
<http://www.wikidata.org/entity/Q6375008>	"潟東村"@ja	<http://www.wikidata.org/entity/Q18663566>	"日本の廃止市区町村"@ja	<http://www.wikidata.org/entity/P1365>	"先行"@ja	<https://ja.wikipedia.org/wiki/%E6%BD%9F%E6%9D%B1%E6%9D%91>
<http://www.wikidata.org/entity/Q6433610>	"小須戸町"@ja	<http://www.wikidata.org/entity/Q18663566>	"日本の廃止市区町村"@ja	<http://www.wikidata.org/entity/P1365>	"先行"@ja	<https://ja.wikipedia.org/wiki/%E5%B0%8F%E9%A0%88%E6%88%B8%E7%94%BA>
<http://www.wikidata.org/entity/Q6600773>	"Category:新潟市"@ja	<http://www.wikidata.org/entity/Q4167836>	"ウィキメディアのカテゴリ"@ja	<http://www.wikidata.org/entity/P910>	"主題の中心カテゴリ"@ja	<https://ja.wikipedia.org/wiki/Category:%E6%96%B0%E6%BD%9F%E5%B8%82>
<http://www.wikidata.org/entity/Q6739465>	"巻町"@ja	<http://www.wikidata.org/entity/Q18663566>	"日本の廃止市区町村"@ja	<http://www.wikidata.org/entity/P1365>	"先行"@ja	<https://ja.wikipedia.org/wiki/%E5%B7%BB%E7%94%BA>
<http://www.wikidata.org/entity/Q6739465>	"巻町"@ja	<http://www.wikidata.org/entity/Q486972>	"集落"@ja	<http://www.wikidata.org/entity/P1365>	"先行"@ja	<https://ja.wikipedia.org/wiki/%E5%B7%BB%E7%94%BA>
<http://www.wikidata.org/entity/Q7034374>	"新潟市陸上競技場"@ja	<http://www.wikidata.org/entity/Q15303456>	"ラグビー場"@ja	<http://www.wikidata.org/entity/P1830>	"所有物"@ja	<https://ja.wikipedia.org/wiki/%E6%96%B0%E6%BD%9F%E5%B8%82%E9%99%B8%E4%B8%8A%E7%AB%B6%E6%8A%80%E5%A0%B4>
<http://www.wikidata.org/entity/Q7034374>	"新潟市陸上競技場"@ja	<http://www.wikidata.org/entity/Q2310214>	"ピッチ"@ja	<http://www.wikidata.org/entity/P1830>	"所有物"@ja	<https://ja.wikipedia.org/wiki/%E6%96%B0%E6%BD%9F%E5%B8%82%E9%99%B8%E4%B8%8A%E7%AB%B6%E6%8A%80%E5%A0%B4>
<http://www.wikidata.org/entity/Q7034374>	"新潟市陸上競技場"@ja	<http://www.wikidata.org/entity/Q1154710>	"サッカースタジアム"@ja	<http://www.wikidata.org/entity/P1830>	"所有物"@ja	<https://ja.wikipedia.org/wiki/%E6%96%B0%E6%BD%9F%E5%B8%82%E9%99%B8%E4%B8%8A%E7%AB%B6%E6%8A%80%E5%A0%B4>
<http://www.wikidata.org/entity/Q7034374>	"新潟市陸上競技場"@ja	<http://www.wikidata.org/entity/Q1049757>	"多目的スタジアム"@ja	<http://www.wikidata.org/entity/P1830>	"所有物"@ja	<https://ja.wikipedia.org/wiki/%E6%96%B0%E6%BD%9F%E5%B8%82%E9%99%B8%E4%B8%8A%E7%AB%B6%E6%8A%80%E5%A0%B4>
<http://www.wikidata.org/entity/Q7850063>	"月潟村"@ja	<http://www.wikidata.org/entity/Q18663566>	"日本の廃止市区町村"@ja	<http://www.wikidata.org/entity/P1365>	"先行"@ja	<https://ja.wikipedia.org/wiki/%E6%9C%88%E6%BD%9F%E6%9D%91>
<http://www.wikidata.org/entity/Q959>	"ウラジオストク"@ja	<http://www.wikidata.org/entity/Q7930989>	"都市・街"@ja	<http://www.wikidata.org/entity/P190>	"姉妹都市"@ja	<https://ja.wikipedia.org/wiki/%E3%82%A6%E3%83%A9%E3%82%B8%E3%82%AA%E3%82%B9%E3%83%88%E3%82%AF>
<http://www.wikidata.org/entity/Q4454>	"ハバロフスク"@ja	<http://www.wikidata.org/entity/Q56575365>	"Q56575365"	<http://www.wikidata.org/entity/P190>	"姉妹都市"@ja	<https://ja.wikipedia.org/wiki/%E3%83%8F%E3%83%90%E3%83%AD%E3%83%95%E3%82%B9%E3%82%AF>
<http://www.wikidata.org/entity/Q4454>	"ハバロフスク"@ja	<http://www.wikidata.org/entity/Q7930989>	"都市・街"@ja	<http://www.wikidata.org/entity/P190>	"姉妹都市"@ja	<https://ja.wikipedia.org/wiki/%E3%83%8F%E3%83%90%E3%83%AD%E3%83%95%E3%82%B9%E3%82%AF>
<http://www.wikidata.org/entity/Q4454>	"ハバロフスク"@ja	<http://www.wikidata.org/entity/Q1549591>	"10万都市"@ja	<http://www.wikidata.org/entity/P190>	"姉妹都市"@ja	<https://ja.wikipedia.org/wiki/%E3%83%8F%E3%83%90%E3%83%AD%E3%83%95%E3%82%B9%E3%82%AF>
<http://www.wikidata.org/entity/Q7921879>	"Category:新潟市出身の人物"@ja	<http://www.wikidata.org/entity/Q4167836>	"ウィキメディアのカテゴリ"@ja	<http://www.wikidata.org/entity/P1792>	"当地の人々のカテゴリ"@ja	<https://ja.wikipedia.org/wiki/Category:%E6%96%B0%E6%BD%9F%E5%B8%82%E5%87%BA%E8%BA%AB%E3%81%AE%E4%BA%BA%E7%89%A9>
<http://www.wikidata.org/entity/Q8054613>	"横越町"@ja	<http://www.wikidata.org/entity/Q18663566>	"日本の廃止市区町村"@ja	<http://www.wikidata.org/entity/P1365>	"先行"@ja	<https://ja.wikipedia.org/wiki/%E6%A8%AA%E8%B6%8A%E7%94%BA>
<http://www.wikidata.org/entity/Q11362636>	"両川村"@ja	<http://www.wikidata.org/entity/Q18663566>	"日本の廃止市区町村"@ja	<http://www.wikidata.org/entity/P1365>	"先行"@ja	<https://ja.wikipedia.org/wiki/%E4%B8%A1%E5%B7%9D%E6%9D%91_(%E6%96%B0%E6%BD%9F%E7%9C%8C)>
<http://www.wikidata.org/entity/Q11363118>	"中原八一"@ja	<http://www.wikidata.org/entity/Q5>	"ヒト"@ja	<http://www.wikidata.org/entity/P6>	"行政府の長"@ja	<https://ja.wikipedia.org/wiki/%E4%B8%AD%E5%8E%9F%E5%85%AB%E4%B8%80>
<http://www.wikidata.org/entity/Q11367564>	"中野小屋村"@ja	<http://www.wikidata.org/entity/Q18663566>	"日本の廃止市区町村"@ja	<http://www.wikidata.org/entity/P1365>	"先行"@ja	<https://ja.wikipedia.org/wiki/%E4%B8%AD%E9%87%8E%E5%B0%8F%E5%B1%8B%E6%9D%91>
<http://www.wikidata.org/entity/Q11394637>	"内野町"@ja	<http://www.wikidata.org/entity/Q18663566>	"日本の廃止市区町村"@ja	<http://www.wikidata.org/entity/P1365>	"先行"@ja	<https://ja.wikipedia.org/wiki/%E5%86%85%E9%87%8E%E7%94%BA>
<http://www.wikidata.org/entity/Q11408104>	"南浜村"@ja	<http://www.wikidata.org/entity/Q18663566>	"日本の廃止市区町村"@ja	<http://www.wikidata.org/entity/P1365>	"先行"@ja	<https://ja.wikipedia.org/wiki/%E5%8D%97%E6%B5%9C%E6%9D%91>
<http://www.wikidata.org/entity/Q11424940>	"坂井輪村"@ja	<http://www.wikidata.org/entity/Q18663566>	"日本の廃止市区町村"@ja	<http://www.wikidata.org/entity/P1365>	"先行"@ja	<https://ja.wikipedia.org/wiki/%E5%9D%82%E4%BA%95%E8%BC%AA%E6%9D%91>
<http://www.wikidata.org/entity/Q11435417>	"大形村"@ja	<http://www.wikidata.org/entity/Q18663566>	"日本の廃止市区町村"@ja	<http://www.wikidata.org/entity/P1365>	"先行"@ja	<https://ja.wikipedia.org/wiki/%E5%A4%A7%E5%BD%A2%E6%9D%91_(%E6%96%B0%E6%BD%9F%E7%9C%8C)>
<http://www.wikidata.org/entity/Q11436813>	"大江山村"@ja	<http://www.wikidata.org/entity/Q18663566>	"日本の廃止市区町村"@ja	<http://www.wikidata.org/entity/P1365>	"先行"@ja	<https://ja.wikipedia.org/wiki/%E5%A4%A7%E6%B1%9F%E5%B1%B1%E6%9D%91>
<http://www.wikidata.org/entity/Q11502947>	"新潟弁"@ja	<http://www.wikidata.org/entity/Q1246128>	"日本語の方言"@ja	<http://www.wikidata.org/entity/P2936>	"使用言語"@ja	<https://ja.wikipedia.org/wiki/%E6%96%B0%E6%BD%9F%E5%BC%81>
<http://www.wikidata.org/entity/Q11503150>	"新潟県第1区"@ja	<http://www.wikidata.org/entity/Q23983335>	"衆議院選挙区"@ja	<http://www.wikidata.org/entity/P7938>	"関連する選挙区"@ja	<https://ja.wikipedia.org/wiki/%E6%96%B0%E6%BD%9F%E7%9C%8C%E7%AC%AC1%E5%8C%BA>
<http://www.wikidata.org/entity/Q11503151>	"新潟県第2区"@ja	<http://www.wikidata.org/entity/Q23983335>	"衆議院選挙区"@ja	<http://www.wikidata.org/entity/P7938>	"関連する選挙区"@ja	<https://ja.wikipedia.org/wiki/%E6%96%B0%E6%BD%9F%E7%9C%8C%E7%AC%AC2%E5%8C%BA>
<http://www.wikidata.org/entity/Q11503154>	"新潟県第3区"@ja	<http://www.wikidata.org/entity/Q23983335>	"衆議院選挙区"@ja	<http://www.wikidata.org/entity/P7938>	"関連する選挙区"@ja	<https://ja.wikipedia.org/wiki/%E6%96%B0%E6%BD%9F%E7%9C%8C%E7%AC%AC3%E5%8C%BA>
<http://www.wikidata.org/entity/Q11515385>	"曽野木村"@ja	<http://www.wikidata.org/entity/Q18663566>	"日本の廃止市区町村"@ja	<http://www.wikidata.org/entity/P1365>	"先行"@ja	<https://ja.wikipedia.org/wiki/%E6%9B%BD%E9%87%8E%E6%9C%A8%E6%9D%91>
<http://www.wikidata.org/entity/Q11528888>	"松ヶ崎浜村"@ja	<http://www.wikidata.org/entity/Q18663566>	"日本の廃止市区町村"@ja	<http://www.wikidata.org/entity/P1365>	"先行"@ja	<https://ja.wikipedia.org/wiki/%E6%9D%BE%E3%83%B6%E5%B4%8E%E6%B5%9C%E6%9D%91>
<http://www.wikidata.org/entity/Q11554450>	"沼垂町"@ja	<http://www.wikidata.org/entity/Q18663566>	"日本の廃止市区町村"@ja	<http://www.wikidata.org/entity/P1365>	"先行"@ja	<https://ja.wikipedia.org/wiki/%E6%B2%BC%E5%9E%82%E7%94%BA>
<http://www.wikidata.org/entity/Q11566098>	"濁川村"@ja	<http://www.wikidata.org/entity/Q18663566>	"日本の廃止市区町村"@ja	<http://www.wikidata.org/entity/P1365>	"先行"@ja	<https://ja.wikipedia.org/wiki/%E6%BF%81%E5%B7%9D%E6%9D%91>
<http://www.wikidata.org/entity/Q11585535>	"石山村"@ja	<http://www.wikidata.org/entity/Q18663566>	"日本の廃止市区町村"@ja	<http://www.wikidata.org/entity/P1365>	"先行"@ja	<https://ja.wikipedia.org/wiki/%E7%9F%B3%E5%B1%B1%E6%9D%91_(%E6%96%B0%E6%BD%9F%E7%9C%8C)>
<http://www.wikidata.org/entity/Q11621281>	"蒲原郡"@ja	<http://www.wikidata.org/entity/Q46426234>	"廃止された郡"@ja	<http://www.wikidata.org/entity/P1365>	"先行"@ja	<https://ja.wikipedia.org/wiki/%E8%92%B2%E5%8E%9F%E9%83%A1>
<http://www.wikidata.org/entity/Q11635499>	"赤塚村"@ja	<http://www.wikidata.org/entity/Q18663566>	"日本の廃止市区町村"@ja	<http://www.wikidata.org/entity/P1365>	"先行"@ja	<https://ja.wikipedia.org/wiki/%E8%B5%A4%E5%A1%9A%E6%9D%91_(%E6%96%B0%E6%BD%9F%E7%9C%8C)>
<http://www.wikidata.org/entity/Q11674966>	"鳥屋野村"@ja	<http://www.wikidata.org/entity/Q18663566>	"日本の廃止市区町村"@ja	<http://www.wikidata.org/entity/P1365>	"先行"@ja	<https://ja.wikipedia.org/wiki/%E9%B3%A5%E5%B1%8B%E9%87%8E%E6%9D%91>
<http://www.wikidata.org/entity/Q11674968>	"鳥屋野潟"@ja	<http://www.wikidata.org/entity/Q23397>	"湖"@ja	<http://www.wikidata.org/entity/P206>	"隣接・位置する水域"@ja	<https://ja.wikipedia.org/wiki/%E9%B3%A5%E5%B1%8B%E9%87%8E%E6%BD%9F>
<http://www.wikidata.org/entity/Q11678062>	"黒埼町"@ja	<http://www.wikidata.org/entity/Q18663566>	"日本の廃止市区町村"@ja	<http://www.wikidata.org/entity/P1365>	"先行"@ja	<https://ja.wikipedia.org/wiki/%E9%BB%92%E5%9F%BC%E7%94%BA>
<http://www.wikidata.org/entity/Q16142099>	"新潟市の歴史"@ja	<http://www.wikidata.org/entity/Q28747937>	"市の歴史"@ja	<http://www.wikidata.org/entity/P2184>	"主題の歴史"@ja	<https://ja.wikipedia.org/wiki/%E6%96%B0%E6%BD%9F%E5%B8%82%E3%81%AE%E6%AD%B4%E5%8F%B2>
<http://www.wikidata.org/entity/Q16143616>	"新潟市長"@ja	<http://www.wikidata.org/entity/Q4164871>	"職位"@ja	<http://www.wikidata.org/entity/P1313>	"行政府の長の地位"@ja	<https://ja.wikipedia.org/wiki/%E6%96%B0%E6%BD%9F%E5%B8%82%E9%95%B7>
<http://www.wikidata.org/entity/Q16482351>	"新潟市の地理"@ja	<http://www.wikidata.org/entity/Q46865913>	"各地域の地理"@ja	<http://www.wikidata.org/entity/P2633>	"主題の地理"@ja	<https://ja.wikipedia.org/wiki/%E6%96%B0%E6%BD%9F%E5%B8%82%E3%81%AE%E5%9C%B0%E7%90%86>
<http://www.wikidata.org/entity/Q16482363>	"新潟市出身の人物一覧"@ja	<http://www.wikidata.org/entity/Q13406463>	"ウィキメディアの一覧記事"@ja	<http://www.wikidata.org/entity/P2354>	"主題の一覧"@ja	<https://ja.wikipedia.org/wiki/%E6%96%B0%E6%BD%9F%E5%B8%82%E5%87%BA%E8%BA%AB%E3%81%AE%E4%BA%BA%E7%89%A9%E4%B8%80%E8%A6%A7>
<http://www.wikidata.org/entity/Q16482366>	"新潟市議会"@ja	<http://www.wikidata.org/entity/Q107199651>	"市議会"@ja	<http://www.wikidata.org/entity/P194>	"立法府"@ja	<https://ja.wikipedia.org/wiki/%E6%96%B0%E6%BD%9F%E5%B8%82%E8%AD%B0%E4%BC%9A>
<http://www.wikidata.org/entity/Q17209777>	"新潟市の経済"@ja	<http://www.wikidata.org/entity/Q100773131>	"地域経済"@ja	<http://www.wikidata.org/entity/P8744>	"主題の経済"@ja	<https://ja.wikipedia.org/wiki/%E6%96%B0%E6%BD%9F%E5%B8%82%E3%81%AE%E7%B5%8C%E6%B8%88>
<http://www.wikidata.org/entity/Q20041969>	"新潟市歌"@ja	<http://www.wikidata.org/entity/Q105543609>	"楽曲"@ja	<http://www.wikidata.org/entity/P85>	"アンセム"@ja	<https://ja.wikipedia.org/wiki/%E6%96%B0%E6%BD%9F%E5%B8%82%E6%AD%8C>
<http://www.wikidata.org/entity/Q601950>	"新発田市"@ja	<http://www.wikidata.org/entity/Q494721>	"日本の市"@ja	<http://www.wikidata.org/entity/P47>	"隣の国又は行政区画"@ja	<https://ja.wikipedia.org/wiki/%E6%96%B0%E7%99%BA%E7%94%B0%E5%B8%82>
<http://www.wikidata.org/entity/Q602358>	"ブロックハウス・エフロン百科事典"@ja	<http://www.wikidata.org/entity/Q975413>	"百科辞書"@ja	<http://www.wikidata.org/entity/P1343>	"掲載している情報源"@ja	<https://ja.wikipedia.org/wiki/%E3%83%96%E3%83%AD%E3%83%83%E3%82%AF%E3%83%8F%E3%82%A6%E3%82%B9%E3%83%BB%E3%82%A8%E3%83%95%E3%83%AD%E3%83%B3%E7%99%BE%E7%A7%91%E4%BA%8B%E5%85%B8>
<http://www.wikidata.org/entity/Q711199>	"新津市"@ja	<http://www.wikidata.org/entity/Q18663566>	"日本の廃止市区町村"@ja	<http://www.wikidata.org/entity/P1365>	"先行"@ja	<https://ja.wikipedia.org/wiki/%E6%96%B0%E6%B4%A5%E5%B8%82>
<http://www.wikidata.org/entity/Q711610>	"白根市"@ja	<http://www.wikidata.org/entity/Q18663566>	"日本の廃止市区町村"@ja	<http://www.wikidata.org/entity/P1365>	"先行"@ja	<https://ja.wikipedia.org/wiki/%E7%99%BD%E6%A0%B9%E5%B8%82>
<http://www.wikidata.org/entity/Q711693>	"南区"@ja	<http://www.wikidata.org/entity/Q137773>	"日本の区"@ja	<http://www.wikidata.org/entity/P150>	"直下の行政区画"@ja	<https://ja.wikipedia.org/wiki/%E5%8D%97%E5%8C%BA_(%E6%96%B0%E6%BD%9F%E5%B8%82)>
<http://www.wikidata.org/entity/Q711707>	"東区"@ja	<http://www.wikidata.org/entity/Q137773>	"日本の区"@ja	<http://www.wikidata.org/entity/P150>	"直下の行政区画"@ja	<https://ja.wikipedia.org/wiki/%E6%9D%B1%E5%8C%BA_(%E6%96%B0%E6%BD%9F%E5%B8%82)>
<http://www.wikidata.org/entity/Q711716>	"西区"@ja	<http://www.wikidata.org/entity/Q137773>	"日本の区"@ja	<http://www.wikidata.org/entity/P150>	"直下の行政区画"@ja	<https://ja.wikipedia.org/wiki/%E8%A5%BF%E5%8C%BA_(%E6%96%B0%E6%BD%9F%E5%B8%82)>
<http://www.wikidata.org/entity/Q711733>	"秋葉区"@ja	<http://www.wikidata.org/entity/Q137773>	"日本の区"@ja	<http://www.wikidata.org/entity/P150>	"直下の行政区画"@ja	<https://ja.wikipedia.org/wiki/%E7%A7%8B%E8%91%89%E5%8C%BA>
<http://www.wikidata.org/entity/Q711739>	"北区"@ja	<http://www.wikidata.org/entity/Q137773>	"日本の区"@ja	<http://www.wikidata.org/entity/P150>	"直下の行政区画"@ja	<https://ja.wikipedia.org/wiki/%E5%8C%97%E5%8C%BA_(%E6%96%B0%E6%BD%9F%E5%B8%82)>
<http://www.wikidata.org/entity/Q711744>	"江南区"@ja	<http://www.wikidata.org/entity/Q137773>	"日本の区"@ja	<http://www.wikidata.org/entity/P150>	"直下の行政区画"@ja	<https://ja.wikipedia.org/wiki/%E6%B1%9F%E5%8D%97%E5%8C%BA_(%E6%96%B0%E6%BD%9F%E5%B8%82)>
<http://www.wikidata.org/entity/Q711756>	"西蒲区"@ja	<http://www.wikidata.org/entity/Q137773>	"日本の区"@ja	<http://www.wikidata.org/entity/P150>	"直下の行政区画"@ja	<https://ja.wikipedia.org/wiki/%E8%A5%BF%E8%92%B2%E5%8C%BA>
<http://www.wikidata.org/entity/Q711787>	"中央区"@ja	<http://www.wikidata.org/entity/Q137773>	"日本の区"@ja	<http://www.wikidata.org/entity/P150>	"直下の行政区画"@ja	<https://ja.wikipedia.org/wiki/%E4%B8%AD%E5%A4%AE%E5%8C%BA_(%E6%96%B0%E6%BD%9F%E5%B8%82)>
<http://www.wikidata.org/entity/Q711787>	"中央区"@ja	<http://www.wikidata.org/entity/Q137773>	"日本の区"@ja	<http://www.wikidata.org/entity/P36>	"行政中心地"@ja	<https://ja.wikipedia.org/wiki/%E4%B8%AD%E5%A4%AE%E5%8C%BA_(%E6%96%B0%E6%BD%9F%E5%B8%82)>
<http://www.wikidata.org/entity/Q712621>	"豊栄市"@ja	<http://www.wikidata.org/entity/Q18663566>	"日本の廃止市区町村"@ja	<http://www.wikidata.org/entity/P1365>	"先行"@ja	<https://ja.wikipedia.org/wiki/%E8%B1%8A%E6%A0%84%E5%B8%82>
<http://www.wikidata.org/entity/Q734455>	"信濃川"@ja	<http://www.wikidata.org/entity/Q4022>	"川"@ja	<http://www.wikidata.org/entity/P206>	"隣接・位置する水域"@ja	<https://ja.wikipedia.org/wiki/%E4%BF%A1%E6%BF%83%E5%B7%9D>
<http://www.wikidata.org/entity/Q817273>	"三条市"@ja	<http://www.wikidata.org/entity/Q494721>	"日本の市"@ja	<http://www.wikidata.org/entity/P47>	"隣の国又は行政区画"@ja	<https://ja.wikipedia.org/wiki/%E4%B8%89%E6%9D%A1%E5%B8%82>
<http://www.wikidata.org/entity/Q93201>	"チューリップ"@ja	<http://www.wikidata.org/entity/Q16521>	"タクソン"@ja	<http://www.wikidata.org/entity/P2238>	"公式シンボル"@ja	<https://ja.wikipedia.org/wiki/%E3%83%81%E3%83%A5%E3%83%BC%E3%83%AA%E3%83%83%E3%83%97>
<http://www.wikidata.org/entity/Q128147>	"キングストン・アポン・ハル"@ja	<http://www.wikidata.org/entity/Q515>	"都市"@ja	<http://www.wikidata.org/entity/P190>	"姉妹都市"@ja	<https://ja.wikipedia.org/wiki/%E3%82%AD%E3%83%B3%E3%82%B0%E3%82%B9%E3%83%88%E3%83%B3%E3%83%BB%E3%82%A2%E3%83%9D%E3%83%B3%E3%83%BB%E3%83%8F%E3%83%AB>
<http://www.wikidata.org/entity/Q132705>	"新潟県"@ja	<http://www.wikidata.org/entity/Q50337>	"都道府県"@ja	<http://www.wikidata.org/entity/P1376>	"以下の首都"@ja	<https://ja.wikipedia.org/wiki/%E6%96%B0%E6%BD%9F%E7%9C%8C>
<http://www.wikidata.org/entity/Q132705>	"新潟県"@ja	<http://www.wikidata.org/entity/Q50337>	"都道府県"@ja	<http://www.wikidata.org/entity/P131>	"位置する行政区画"@ja	<https://ja.wikipedia.org/wiki/%E6%96%B0%E6%BD%9F%E7%9C%8C>
<http://www.wikidata.org/entity/Q135744>	"ガルヴェストン"@ja	<http://www.wikidata.org/entity/Q1093829>	"アメリカ合衆国の市"@ja	<http://www.wikidata.org/entity/P190>	"姉妹都市"@ja	<https://ja.wikipedia.org/wiki/%E3%82%AC%E3%83%AB%E3%83%99%E3%82%B9%E3%83%88%E3%83%B3_(%E3%83%86%E3%82%AD%E3%82%B5%E3%82%B9%E5%B7%9E)>
<http://www.wikidata.org/entity/Q135744>	"ガルヴェストン"@ja	<http://www.wikidata.org/entity/Q62049>	"郡庁所在地"@ja	<http://www.wikidata.org/entity/P190>	"姉妹都市"@ja	<https://ja.wikipedia.org/wiki/%E3%82%AC%E3%83%AB%E3%83%99%E3%82%B9%E3%83%88%E3%83%B3_(%E3%83%86%E3%82%AD%E3%82%B5%E3%82%B9%E5%B7%9E)>
<http://www.wikidata.org/entity/Q204858>	"西川町"@ja	<http://www.wikidata.org/entity/Q18663566>	"日本の廃止市区町村"@ja	<http://www.wikidata.org/entity/P1365>	"先行"@ja	<https://ja.wikipedia.org/wiki/%E8%A5%BF%E5%B7%9D%E7%94%BA_(%E6%96%B0%E6%BD%9F%E7%9C%8C)>
<http://www.wikidata.org/entity/Q390458>	"阿賀野川"@ja	<http://www.wikidata.org/entity/Q4022>	"川"@ja	<http://www.wikidata.org/entity/P206>	"隣接・位置する水域"@ja	<https://ja.wikipedia.org/wiki/%E9%98%BF%E8%B3%80%E9%87%8E%E5%B7%9D>
<http://www.wikidata.org/entity/Q390466>	"阿賀野市"@ja	<http://www.wikidata.org/entity/Q494721>	"日本の市"@ja	<http://www.wikidata.org/entity/P47>	"隣の国又は行政区画"@ja	<https://ja.wikipedia.org/wiki/%E9%98%BF%E8%B3%80%E9%87%8E%E5%B8%82>
<http://www.wikidata.org/entity/Q499047>	"佐渡市"@ja	<http://www.wikidata.org/entity/Q494721>	"日本の市"@ja	<http://www.wikidata.org/entity/P47>	"隣の国又は行政区画"@ja	<https://ja.wikipedia.org/wiki/%E4%BD%90%E6%B8%A1%E5%B8%82>
<http://www.wikidata.org/entity/Q540312>	"長岡市"@ja	<http://www.wikidata.org/entity/Q1549591>	"10万都市"@ja	<http://www.wikidata.org/entity/P47>	"隣の国又は行政区画"@ja	<https://ja.wikipedia.org/wiki/%E9%95%B7%E5%B2%A1%E5%B8%82>
<http://www.wikidata.org/entity/Q540312>	"長岡市"@ja	<http://www.wikidata.org/entity/Q1145012>	"特例市"@ja	<http://www.wikidata.org/entity/P47>	"隣の国又は行政区画"@ja	<https://ja.wikipedia.org/wiki/%E9%95%B7%E5%B2%A1%E5%B8%82>
<http://www.wikidata.org/entity/Q571051>	"燕市"@ja	<http://www.wikidata.org/entity/Q494721>	"日本の市"@ja	<http://www.wikidata.org/entity/P47>	"隣の国又は行政区画"@ja	<https://ja.wikipedia.org/wiki/%E7%87%95%E5%B8%82>
<http://www.wikidata.org/entity/Q27092>	"日本海"@ja	<http://www.wikidata.org/entity/Q204894>	"縁海"@ja	<http://www.wikidata.org/entity/P206>	"隣接・位置する水域"@ja	<https://ja.wikipedia.org/wiki/%E6%97%A5%E6%9C%AC%E6%B5%B7>
<http://www.wikidata.org/entity/Q34384>	"ハクチョウ"@ja	<http://www.wikidata.org/entity/Q55983715>	"特定の一般名で知られる生物"@ja	<http://www.wikidata.org/entity/P2238>	"公式シンボル"@ja	<https://ja.wikipedia.org/wiki/%E3%83%8F%E3%82%AF%E3%83%81%E3%83%A7%E3%82%A6>
<http://www.wikidata.org/entity/Q36050>	"ヤナギ"@ja	<http://www.wikidata.org/entity/Q16521>	"タクソン"@ja	<http://www.wikidata.org/entity/P2238>	"公式シンボル"@ja	<https://ja.wikipedia.org/wiki/%E3%83%A4%E3%83%8A%E3%82%AE>
<http://www.wikidata.org/entity/Q42956>	"ハルビン市"@ja	<http://www.wikidata.org/entity/Q250811>	"副省級市"@ja	<http://www.wikidata.org/entity/P190>	"姉妹都市"@ja	<https://ja.wikipedia.org/wiki/%E3%83%8F%E3%83%AB%E3%83%93%E3%83%B3%E5%B8%82>
<http://www.wikidata.org/entity/Q42956>	"ハルビン市"@ja	<http://www.wikidata.org/entity/Q515>	"都市"@ja	<http://www.wikidata.org/entity/P190>	"姉妹都市"@ja	<https://ja.wikipedia.org/wiki/%E3%83%8F%E3%83%AB%E3%83%93%E3%83%B3%E5%B8%82>
<http://www.wikidata.org/entity/Q494721>	"日本の市"@ja	<http://www.wikidata.org/entity/Q15617994>	"行政区画の種類"@ja	<http://www.wikidata.org/entity/P31>	"分類"@ja	
<http://www.wikidata.org/entity/Q1549591>	"10万都市"@ja	<http://www.wikidata.org/entity/Q98966309>	"居留地の分類"@ja	<http://www.wikidata.org/entity/P31>	"分類"@ja	
<http://www.wikidata.org/entity/Q8065292>	"新潟市出身の人物"@ja	<http://www.wikidata.org/entity/Q4167836>	"ウィキメディアのカテゴリ"@ja	<http://www.wikidata.org/entity/P1464>	"当地生まれの人のカテゴリ"@ja	
<http://www.wikidata.org/entity/Q19190511>	"新百科辞書 (1911 - 1916)"@ja	<http://www.wikidata.org/entity/Q975413>	"百科辞書"@ja	<http://www.wikidata.org/entity/P1343>	"掲載している情報源"@ja	
<http://www.wikidata.org/entity/Q25745804>	"Q25745804"	<http://www.wikidata.org/entity/Q11753321>	"ウィキメディアのナビゲーションテンプレート"@ja	<http://www.wikidata.org/entity/P1424>	"記事の中心テンプレート"@ja	
<http://www.wikidata.org/entity/Q31688786>	"多宝山"@ja	<http://www.wikidata.org/entity/Q8502>	"山"@ja	<http://www.wikidata.org/entity/P610>	"最も高い地点"@ja	
<http://www.wikidata.org/entity/Q105724352>	"Q105724352"	<http://www.wikidata.org/entity/Q4167836>	"ウィキメディアのカテゴリ"@ja	<http://www.wikidata.org/entity/P1465>	"当地で死んだ人のカテゴリ"@ja	
