?s	?sLabel	?type	?typeLabel	?prop	?propLabel	?jwiki
<http://www.wikidata.org/entity/Q17>	"日本"@ja	<http://www.wikidata.org/entity/Q113489728>	"OECD加盟国"@ja	<http://www.wikidata.org/entity/P17>	"国"@ja	<https://ja.wikipedia.org/wiki/%E6%97%A5%E6%9C%AC>
<http://www.wikidata.org/entity/Q17>	"日本"@ja	<http://www.wikidata.org/entity/Q3624078>	"主権国家"@ja	<http://www.wikidata.org/entity/P17>	"国"@ja	<https://ja.wikipedia.org/wiki/%E6%97%A5%E6%9C%AC>
<http://www.wikidata.org/entity/Q17>	"日本"@ja	<http://www.wikidata.org/entity/Q112099>	"島国"@ja	<http://www.wikidata.org/entity/P17>	"国"@ja	<https://ja.wikipedia.org/wiki/%E6%97%A5%E6%9C%AC>
<http://www.wikidata.org/entity/Q17>	"日本"@ja	<http://www.wikidata.org/entity/Q6256>	"国"@ja	<http://www.wikidata.org/entity/P17>	"国"@ja	<https://ja.wikipedia.org/wiki/%E6%97%A5%E6%9C%AC>
<http://www.wikidata.org/entity/Q7041>	"UTC+9"@ja	<http://www.wikidata.org/entity/Q17272482>	"UTCとの時差で定義された標準時"@ja	<http://www.wikidata.org/entity/P421>	"標準時間帯"@ja	<https://ja.wikipedia.org/wiki/UTC%2B9>
<http://www.wikidata.org/entity/Q15918>	"スロヴェニ・グラデツ"@ja	<http://www.wikidata.org/entity/Q515>	"都市"@ja	<http://www.wikidata.org/entity/P190>	"姉妹都市"@ja	<https://ja.wikipedia.org/wiki/%E3%82%B9%E3%83%AD%E3%83%B4%E3%82%A7%E3%83%8B%E3%83%BB%E3%82%B0%E3%83%A9%E3%83%87%E3%83%84>
<http://www.wikidata.org/entity/Q132705>	"新潟県"@ja	<http://www.wikidata.org/entity/Q50337>	"都道府県"@ja	<http://www.wikidata.org/entity/P131>	"位置する行政区画"@ja	<https://ja.wikipedia.org/wiki/%E6%96%B0%E6%BD%9F%E7%9C%8C>
<http://www.wikidata.org/entity/Q128849>	"長野市"@ja	<http://www.wikidata.org/entity/Q65589340>	"都道府県庁所在地"@ja	<http://www.wikidata.org/entity/P47>	"隣の国又は行政区画"@ja	<https://ja.wikipedia.org/wiki/%E9%95%B7%E9%87%8E%E5%B8%82>
<http://www.wikidata.org/entity/Q128849>	"長野市"@ja	<http://www.wikidata.org/entity/Q11394721>	"内陸都市"@ja	<http://www.wikidata.org/entity/P47>	"隣の国又は行政区画"@ja	<https://ja.wikipedia.org/wiki/%E9%95%B7%E9%87%8E%E5%B8%82>
<http://www.wikidata.org/entity/Q128849>	"長野市"@ja	<http://www.wikidata.org/entity/Q1549591>	"10万都市"@ja	<http://www.wikidata.org/entity/P47>	"隣の国又は行政区画"@ja	<https://ja.wikipedia.org/wiki/%E9%95%B7%E9%87%8E%E5%B8%82>
<http://www.wikidata.org/entity/Q128849>	"長野市"@ja	<http://www.wikidata.org/entity/Q1137833>	"中核市"@ja	<http://www.wikidata.org/entity/P47>	"隣の国又は行政区画"@ja	<https://ja.wikipedia.org/wiki/%E9%95%B7%E9%87%8E%E5%B8%82>
<http://www.wikidata.org/entity/Q128849>	"長野市"@ja	<http://www.wikidata.org/entity/Q494721>	"日本の市"@ja	<http://www.wikidata.org/entity/P47>	"隣の国又は行政区画"@ja	<https://ja.wikipedia.org/wiki/%E9%95%B7%E9%87%8E%E5%B8%82>
<http://www.wikidata.org/entity/Q582289>	"上越市"@ja	<http://www.wikidata.org/entity/Q1549591>	"10万都市"@ja	<http://www.wikidata.org/entity/P47>	"隣の国又は行政区画"@ja	<https://ja.wikipedia.org/wiki/%E4%B8%8A%E8%B6%8A%E5%B8%82>
<http://www.wikidata.org/entity/Q582289>	"上越市"@ja	<http://www.wikidata.org/entity/Q1145012>	"特例市"@ja	<http://www.wikidata.org/entity/P47>	"隣の国又は行政区画"@ja	<https://ja.wikipedia.org/wiki/%E4%B8%8A%E8%B6%8A%E5%B8%82>
<http://www.wikidata.org/entity/Q582289>	"上越市"@ja	<http://www.wikidata.org/entity/Q494721>	"日本の市"@ja	<http://www.wikidata.org/entity/P47>	"隣の国又は行政区画"@ja	<https://ja.wikipedia.org/wiki/%E4%B8%8A%E8%B6%8A%E5%B8%82>
<http://www.wikidata.org/entity/Q851097>	"飯山市"@ja	<http://www.wikidata.org/entity/Q494721>	"日本の市"@ja	<http://www.wikidata.org/entity/P47>	"隣の国又は行政区画"@ja	<https://ja.wikipedia.org/wiki/%E9%A3%AF%E5%B1%B1%E5%B8%82>
<http://www.wikidata.org/entity/Q27494>	"ツェルマット"@ja	<http://www.wikidata.org/entity/Q54935504>	"スイスの都市"@ja	<http://www.wikidata.org/entity/P190>	"姉妹都市"@ja	<https://ja.wikipedia.org/wiki/%E3%83%84%E3%82%A7%E3%83%AB%E3%83%9E%E3%83%83%E3%83%88>
<http://www.wikidata.org/entity/Q27494>	"ツェルマット"@ja	<http://www.wikidata.org/entity/Q581830>	"Q581830"	<http://www.wikidata.org/entity/P190>	"姉妹都市"@ja	<https://ja.wikipedia.org/wiki/%E3%83%84%E3%82%A7%E3%83%AB%E3%83%9E%E3%83%83%E3%83%88>
<http://www.wikidata.org/entity/Q27494>	"ツェルマット"@ja	<http://www.wikidata.org/entity/Q70208>	"スイスの基礎自治体"@ja	<http://www.wikidata.org/entity/P190>	"姉妹都市"@ja	<https://ja.wikipedia.org/wiki/%E3%83%84%E3%82%A7%E3%83%AB%E3%83%9E%E3%83%83%E3%83%88>
<http://www.wikidata.org/entity/Q857208>	"糸魚川市"@ja	<http://www.wikidata.org/entity/Q1324355>	"ジオパーク"@ja	<http://www.wikidata.org/entity/P47>	"隣の国又は行政区画"@ja	<https://ja.wikipedia.org/wiki/%E7%B3%B8%E9%AD%9A%E5%B7%9D%E5%B8%82>
<http://www.wikidata.org/entity/Q857208>	"糸魚川市"@ja	<http://www.wikidata.org/entity/Q494721>	"日本の市"@ja	<http://www.wikidata.org/entity/P47>	"隣の国又は行政区画"@ja	<https://ja.wikipedia.org/wiki/%E7%B3%B8%E9%AD%9A%E5%B7%9D%E5%B8%82>
<http://www.wikidata.org/entity/Q1204497>	"小谷村"@ja	<http://www.wikidata.org/entity/Q4174776>	"日本の村"@ja	<http://www.wikidata.org/entity/P47>	"隣の国又は行政区画"@ja	<https://ja.wikipedia.org/wiki/%E5%B0%8F%E8%B0%B7%E6%9D%91>
<http://www.wikidata.org/entity/Q1349050>	"信濃町"@ja	<http://www.wikidata.org/entity/Q1059478>	"日本の町"@ja	<http://www.wikidata.org/entity/P47>	"隣の国又は行政区画"@ja	<https://ja.wikipedia.org/wiki/%E4%BF%A1%E6%BF%83%E7%94%BA>
<http://www.wikidata.org/entity/Q1466380>	"妙高村"@ja	<http://www.wikidata.org/entity/Q18663566>	"日本の廃止市区町村"@ja	<http://www.wikidata.org/entity/P1365>	"先行"@ja	<https://ja.wikipedia.org/wiki/%E5%A6%99%E9%AB%98%E6%9D%91_(%E6%96%B0%E6%BD%9F%E7%9C%8C%E4%B8%AD%E9%A0%B8%E5%9F%8E%E9%83%A12005%E5%B9%B4)>
<http://www.wikidata.org/entity/Q6949404>	"妙高高原町"@ja	<http://www.wikidata.org/entity/Q18663566>	"日本の廃止市区町村"@ja	<http://www.wikidata.org/entity/P1365>	"先行"@ja	<https://ja.wikipedia.org/wiki/%E5%A6%99%E9%AB%98%E9%AB%98%E5%8E%9F%E7%94%BA>
<http://www.wikidata.org/entity/Q9620204>	"Category:妙高市"@ja	<http://www.wikidata.org/entity/Q4167836>	"ウィキメディアのカテゴリ"@ja	<http://www.wikidata.org/entity/P910>	"主題の中心カテゴリ"@ja	<https://ja.wikipedia.org/wiki/Category:%E5%A6%99%E9%AB%98%E5%B8%82>
<http://www.wikidata.org/entity/Q11360219>	"上郷村"@ja	<http://www.wikidata.org/entity/Q18663566>	"日本の廃止市区町村"@ja	<http://www.wikidata.org/entity/P1365>	"先行"@ja	<https://ja.wikipedia.org/wiki/%E4%B8%8A%E9%83%B7%E6%9D%91_(%E6%96%B0%E6%BD%9F%E7%9C%8C%E4%B8%AD%E9%A0%B8%E5%9F%8E%E9%83%A1)>
<http://www.wikidata.org/entity/Q11410069>	"原通村"@ja	<http://www.wikidata.org/entity/Q18663566>	"日本の廃止市区町村"@ja	<http://www.wikidata.org/entity/P1365>	"先行"@ja	<https://ja.wikipedia.org/wiki/%E5%8E%9F%E9%80%9A%E6%9D%91>
<http://www.wikidata.org/entity/Q11418043>	"和田村"@ja	<http://www.wikidata.org/entity/Q18663566>	"日本の廃止市区町村"@ja	<http://www.wikidata.org/entity/P1365>	"先行"@ja	<https://ja.wikipedia.org/wiki/%E5%92%8C%E7%94%B0%E6%9D%91_(%E6%96%B0%E6%BD%9F%E7%9C%8C)>
<http://www.wikidata.org/entity/Q11481940>	"平丸村"@ja	<http://www.wikidata.org/entity/Q18663566>	"日本の廃止市区町村"@ja	<http://www.wikidata.org/entity/P1365>	"先行"@ja	<https://ja.wikipedia.org/wiki/%E5%B9%B3%E4%B8%B8%E6%9D%91>
<http://www.wikidata.org/entity/Q11500717>	"斐太村"@ja	<http://www.wikidata.org/entity/Q18663566>	"日本の廃止市区町村"@ja	<http://www.wikidata.org/entity/P1365>	"先行"@ja	<https://ja.wikipedia.org/wiki/%E6%96%90%E5%A4%AA%E6%9D%91>
<http://www.wikidata.org/entity/Q11501233>	"新井町"@ja	<http://www.wikidata.org/entity/Q18663566>	"日本の廃止市区町村"@ja	<http://www.wikidata.org/entity/P1365>	"先行"@ja	<https://ja.wikipedia.org/wiki/%E6%96%B0%E4%BA%95%E7%94%BA_(%E6%96%B0%E6%BD%9F%E7%9C%8C)>
<http://www.wikidata.org/entity/Q11548221>	"水上村"@ja	<http://www.wikidata.org/entity/Q18663566>	"日本の廃止市区町村"@ja	<http://www.wikidata.org/entity/P1365>	"先行"@ja	<https://ja.wikipedia.org/wiki/%E6%B0%B4%E4%B8%8A%E6%9D%91_(%E6%96%B0%E6%BD%9F%E7%9C%8C)>
<http://www.wikidata.org/entity/Q11548339>	"水原村"@ja	<http://www.wikidata.org/entity/Q18663566>	"日本の廃止市区町村"@ja	<http://www.wikidata.org/entity/P1365>	"先行"@ja	<https://ja.wikipedia.org/wiki/%E6%B0%B4%E5%8E%9F%E6%9D%91_(%E6%96%B0%E6%BD%9F%E7%9C%8C)>
<http://www.wikidata.org/entity/Q11554847>	"泉村"@ja	<http://www.wikidata.org/entity/Q18663566>	"日本の廃止市区町村"@ja	<http://www.wikidata.org/entity/P1365>	"先行"@ja	<https://ja.wikipedia.org/wiki/%E6%B3%89%E6%9D%91_(%E6%96%B0%E6%BD%9F%E7%9C%8C%E4%B8%AD%E9%A0%B8%E5%9F%8E%E9%83%A1)>
<http://www.wikidata.org/entity/Q11583892>	"矢代村"@ja	<http://www.wikidata.org/entity/Q18663566>	"日本の廃止市区町村"@ja	<http://www.wikidata.org/entity/P1365>	"先行"@ja	<https://ja.wikipedia.org/wiki/%E7%9F%A2%E4%BB%A3%E6%9D%91>
<http://www.wikidata.org/entity/Q11672106>	"高田市"@ja	<http://www.wikidata.org/entity/Q18663566>	"日本の廃止市区町村"@ja	<http://www.wikidata.org/entity/P1366>	"後継"@ja	<https://ja.wikipedia.org/wiki/%E9%AB%98%E7%94%B0%E5%B8%82>
<http://www.wikidata.org/entity/Q11674862>	"鳥坂村"@ja	<http://www.wikidata.org/entity/Q18663566>	"日本の廃止市区町村"@ja	<http://www.wikidata.org/entity/P1365>	"先行"@ja	<https://ja.wikipedia.org/wiki/%E9%B3%A5%E5%9D%82%E6%9D%91>
<http://www.wikidata.org/entity/Q15259969>	"中郷村"@ja	<http://www.wikidata.org/entity/Q18663566>	"日本の廃止市区町村"@ja	<http://www.wikidata.org/entity/P1366>	"後継"@ja	<https://ja.wikipedia.org/wiki/%E4%B8%AD%E9%83%B7%E6%9D%91_(%E6%96%B0%E6%BD%9F%E7%9C%8C)>
<http://www.wikidata.org/entity/Q494721>	"日本の市"@ja	<http://www.wikidata.org/entity/Q15617994>	"行政区画の種類"@ja	<http://www.wikidata.org/entity/P31>	"分類"@ja	
