?s	?sLabel	?type	?typeLabel	?prop	?propLabel	?jwiki
<http://www.wikidata.org/entity/Q17>	"日本"@ja	<http://www.wikidata.org/entity/Q113489728>	"OECD加盟国"@ja	<http://www.wikidata.org/entity/P17>	"国"@ja	<https://ja.wikipedia.org/wiki/%E6%97%A5%E6%9C%AC>
<http://www.wikidata.org/entity/Q17>	"日本"@ja	<http://www.wikidata.org/entity/Q3624078>	"主権国家"@ja	<http://www.wikidata.org/entity/P17>	"国"@ja	<https://ja.wikipedia.org/wiki/%E6%97%A5%E6%9C%AC>
<http://www.wikidata.org/entity/Q17>	"日本"@ja	<http://www.wikidata.org/entity/Q112099>	"島国"@ja	<http://www.wikidata.org/entity/P17>	"国"@ja	<https://ja.wikipedia.org/wiki/%E6%97%A5%E6%9C%AC>
<http://www.wikidata.org/entity/Q17>	"日本"@ja	<http://www.wikidata.org/entity/Q6256>	"国"@ja	<http://www.wikidata.org/entity/P17>	"国"@ja	<https://ja.wikipedia.org/wiki/%E6%97%A5%E6%9C%AC>
<http://www.wikidata.org/entity/Q390413>	"苫小牧市"@ja	<http://www.wikidata.org/entity/Q1549591>	"10万都市"@ja	<http://www.wikidata.org/entity/P47>	"隣の国又は行政区画"@ja	<https://ja.wikipedia.org/wiki/%E8%8B%AB%E5%B0%8F%E7%89%A7%E5%B8%82>
<http://www.wikidata.org/entity/Q390413>	"苫小牧市"@ja	<http://www.wikidata.org/entity/Q494721>	"日本の市"@ja	<http://www.wikidata.org/entity/P47>	"隣の国又は行政区画"@ja	<https://ja.wikipedia.org/wiki/%E8%8B%AB%E5%B0%8F%E7%89%A7%E5%B8%82>
<http://www.wikidata.org/entity/Q637145>	"夕張市"@ja	<http://www.wikidata.org/entity/Q494721>	"日本の市"@ja	<http://www.wikidata.org/entity/P47>	"隣の国又は行政区画"@ja	<https://ja.wikipedia.org/wiki/%E5%A4%95%E5%BC%B5%E5%B8%82>
<http://www.wikidata.org/entity/Q1059478>	"日本の町"@ja	<http://www.wikidata.org/entity/Q15617994>	"行政区画の種類"@ja	<http://www.wikidata.org/entity/P31>	"分類"@ja	<https://ja.wikipedia.org/wiki/%E7%94%BA>
<http://www.wikidata.org/entity/Q1059478>	"日本の町"@ja	<http://www.wikidata.org/entity/Q35798>	"行政機関"@ja	<http://www.wikidata.org/entity/P31>	"分類"@ja	<https://ja.wikipedia.org/wiki/%E7%94%BA>
<http://www.wikidata.org/entity/Q386052>	"奥州市"@ja	<http://www.wikidata.org/entity/Q1549591>	"10万都市"@ja	<http://www.wikidata.org/entity/P190>	"姉妹都市"@ja	<https://ja.wikipedia.org/wiki/%E5%A5%A5%E5%B7%9E%E5%B8%82>
<http://www.wikidata.org/entity/Q386052>	"奥州市"@ja	<http://www.wikidata.org/entity/Q494721>	"日本の市"@ja	<http://www.wikidata.org/entity/P190>	"姉妹都市"@ja	<https://ja.wikipedia.org/wiki/%E5%A5%A5%E5%B7%9E%E5%B8%82>
<http://www.wikidata.org/entity/Q7041>	"UTC+9"@ja	<http://www.wikidata.org/entity/Q17272482>	"UTCとの時差で定義された標準時"@ja	<http://www.wikidata.org/entity/P421>	"標準時間帯"@ja	<https://ja.wikipedia.org/wiki/UTC%2B9>
<http://www.wikidata.org/entity/Q1185954>	"勇払郡"@ja	<http://www.wikidata.org/entity/Q1122846>	"郡"@ja	<http://www.wikidata.org/entity/P131>	"位置する行政区画"@ja	<https://ja.wikipedia.org/wiki/%E5%8B%87%E6%89%95%E9%83%A1>
<http://www.wikidata.org/entity/Q1187152>	"むかわ町"@ja	<http://www.wikidata.org/entity/Q1059478>	"日本の町"@ja	<http://www.wikidata.org/entity/P47>	"隣の国又は行政区画"@ja	<https://ja.wikipedia.org/wiki/%E3%82%80%E3%81%8B%E3%82%8F%E7%94%BA>
<http://www.wikidata.org/entity/Q1354084>	"安平町"@ja	<http://www.wikidata.org/entity/Q1059478>	"日本の町"@ja	<http://www.wikidata.org/entity/P47>	"隣の国又は行政区画"@ja	<https://ja.wikipedia.org/wiki/%E5%AE%89%E5%B9%B3%E7%94%BA>
<http://www.wikidata.org/entity/Q1355570>	"由仁町"@ja	<http://www.wikidata.org/entity/Q1059478>	"日本の町"@ja	<http://www.wikidata.org/entity/P47>	"隣の国又は行政区画"@ja	<https://ja.wikipedia.org/wiki/%E7%94%B1%E4%BB%81%E7%94%BA>
<http://www.wikidata.org/entity/Q9589324>	"Category:厚真町"@ja	<http://www.wikidata.org/entity/Q4167836>	"ウィキメディアのカテゴリ"@ja	<http://www.wikidata.org/entity/P910>	"主題の中心カテゴリ"@ja	<https://ja.wikipedia.org/wiki/Category:%E5%8E%9A%E7%9C%9F%E7%94%BA>
