?s	?sLabel	?type	?typeLabel	?prop	?propLabel	?jwiki
<http://www.wikidata.org/entity/Q4385786>	"古村啓蔵"@ja	<http://www.wikidata.org/entity/Q5>	"ヒト"@ja	<http://www.wikidata.org/entity/P19>	"出生地"@ja	<https://ja.wikipedia.org/wiki/%E5%8F%A4%E6%9D%91%E5%95%93%E8%94%B5>
<http://www.wikidata.org/entity/Q5986324>	"市城駅"@ja	<http://www.wikidata.org/entity/Q55488>	"鉄道駅"@ja	<http://www.wikidata.org/entity/P131>	"位置する行政区画"@ja	<https://ja.wikipedia.org/wiki/%E5%B8%82%E5%9F%8E%E9%A7%85>
<http://www.wikidata.org/entity/Q6157460>	"国道405号"@ja	<http://www.wikidata.org/entity/Q34442>	"道路"@ja	<http://www.wikidata.org/entity/P609>	"起終点"@ja	<https://ja.wikipedia.org/wiki/%E5%9B%BD%E9%81%93405%E5%8F%B7>
<http://www.wikidata.org/entity/Q6960282>	"中之条駅"@ja	<http://www.wikidata.org/entity/Q55488>	"鉄道駅"@ja	<http://www.wikidata.org/entity/P131>	"位置する行政区画"@ja	<https://ja.wikipedia.org/wiki/%E4%B8%AD%E4%B9%8B%E6%9D%A1%E9%A7%85>
<http://www.wikidata.org/entity/Q7497250>	"品木ダム"@ja	<http://www.wikidata.org/entity/Q3497167>	"重力式コンクリートダム"@ja	<http://www.wikidata.org/entity/P131>	"位置する行政区画"@ja	<https://ja.wikipedia.org/wiki/%E5%93%81%E6%9C%A8%E3%83%80%E3%83%A0>
<http://www.wikidata.org/entity/Q9544693>	"Category:中之条町"@ja	<http://www.wikidata.org/entity/Q4167836>	"ウィキメディアのカテゴリ"@ja	<http://www.wikidata.org/entity/P301>	"カテゴリの中心主題"@ja	<https://ja.wikipedia.org/wiki/Category:%E4%B8%AD%E4%B9%8B%E6%9D%A1%E7%94%BA>
<http://www.wikidata.org/entity/Q11362875>	"中之条町立中之条中学校"@ja	<http://www.wikidata.org/entity/Q55521176>	"日本の中学校"@ja	<http://www.wikidata.org/entity/P131>	"位置する行政区画"@ja	<https://ja.wikipedia.org/wiki/%E4%B8%AD%E4%B9%8B%E6%9D%A1%E7%94%BA%E7%AB%8B%E4%B8%AD%E4%B9%8B%E6%9D%A1%E4%B8%AD%E5%AD%A6%E6%A0%A1>
<http://www.wikidata.org/entity/Q11362875>	"中之条町立中之条中学校"@ja	<http://www.wikidata.org/entity/Q55521176>	"日本の中学校"@ja	<http://www.wikidata.org/entity/P126>	"管理者"@ja	<https://ja.wikipedia.org/wiki/%E4%B8%AD%E4%B9%8B%E6%9D%A1%E7%94%BA%E7%AB%8B%E4%B8%AD%E4%B9%8B%E6%9D%A1%E4%B8%AD%E5%AD%A6%E6%A0%A1>
<http://www.wikidata.org/entity/Q11362877>	"中之条町立中之条小学校"@ja	<http://www.wikidata.org/entity/Q5358913>	"日本の小学校"@ja	<http://www.wikidata.org/entity/P131>	"位置する行政区画"@ja	<https://ja.wikipedia.org/wiki/%E4%B8%AD%E4%B9%8B%E6%9D%A1%E7%94%BA%E7%AB%8B%E4%B8%AD%E4%B9%8B%E6%9D%A1%E5%B0%8F%E5%AD%A6%E6%A0%A1>
<http://www.wikidata.org/entity/Q11362877>	"中之条町立中之条小学校"@ja	<http://www.wikidata.org/entity/Q5358913>	"日本の小学校"@ja	<http://www.wikidata.org/entity/P126>	"管理者"@ja	<https://ja.wikipedia.org/wiki/%E4%B8%AD%E4%B9%8B%E6%9D%A1%E7%94%BA%E7%AB%8B%E4%B8%AD%E4%B9%8B%E6%9D%A1%E5%B0%8F%E5%AD%A6%E6%A0%A1>
<http://www.wikidata.org/entity/Q11379182>	"伊参村"@ja	<http://www.wikidata.org/entity/Q18663566>	"日本の廃止市区町村"@ja	<http://www.wikidata.org/entity/P3842>	"位置する現在の行政区画"@ja	<https://ja.wikipedia.org/wiki/%E4%BC%8A%E5%8F%82%E6%9D%91>
<http://www.wikidata.org/entity/Q11379182>	"伊参村"@ja	<http://www.wikidata.org/entity/Q18663566>	"日本の廃止市区町村"@ja	<http://www.wikidata.org/entity/P1366>	"後継"@ja	<https://ja.wikipedia.org/wiki/%E4%BC%8A%E5%8F%82%E6%9D%91>
<http://www.wikidata.org/entity/Q11398014>	"割田康彦"@ja	<http://www.wikidata.org/entity/Q5>	"ヒト"@ja	<http://www.wikidata.org/entity/P19>	"出生地"@ja	<https://ja.wikipedia.org/wiki/%E5%89%B2%E7%94%B0%E5%BA%B7%E5%BD%A6>
<http://www.wikidata.org/entity/Q11414712>	"名久田村"@ja	<http://www.wikidata.org/entity/Q18663566>	"日本の廃止市区町村"@ja	<http://www.wikidata.org/entity/P3842>	"位置する現在の行政区画"@ja	<https://ja.wikipedia.org/wiki/%E5%90%8D%E4%B9%85%E7%94%B0%E6%9D%91>
<http://www.wikidata.org/entity/Q11414712>	"名久田村"@ja	<http://www.wikidata.org/entity/Q18663566>	"日本の廃止市区町村"@ja	<http://www.wikidata.org/entity/P1366>	"後継"@ja	<https://ja.wikipedia.org/wiki/%E5%90%8D%E4%B9%85%E7%94%B0%E6%9D%91>
<http://www.wikidata.org/entity/Q11419599>	"四万川"@ja	<http://www.wikidata.org/entity/Q4022>	"川"@ja	<http://www.wikidata.org/entity/P131>	"位置する行政区画"@ja	<https://ja.wikipedia.org/wiki/%E5%9B%9B%E4%B8%87%E5%B7%9D>
<http://www.wikidata.org/entity/Q11421411>	"国道145号"@ja	<http://www.wikidata.org/entity/Q34442>	"道路"@ja	<http://www.wikidata.org/entity/P1302>	"主な経由都市"@ja	<https://ja.wikipedia.org/wiki/%E5%9B%BD%E9%81%93145%E5%8F%B7>
<http://www.wikidata.org/entity/Q11427423>	"堀川とんこう"@ja	<http://www.wikidata.org/entity/Q5>	"ヒト"@ja	<http://www.wikidata.org/entity/P19>	"出生地"@ja	<https://ja.wikipedia.org/wiki/%E5%A0%80%E5%B7%9D%E3%81%A8%E3%82%93%E3%81%93%E3%81%86>
<http://www.wikidata.org/entity/Q11462255>	"小池善吉"@ja	<http://www.wikidata.org/entity/Q5>	"ヒト"@ja	<http://www.wikidata.org/entity/P19>	"出生地"@ja	<https://ja.wikipedia.org/wiki/%E5%B0%8F%E6%B1%A0%E5%96%84%E5%90%89>
<http://www.wikidata.org/entity/Q11462670>	"小渕光平"@ja	<http://www.wikidata.org/entity/Q5>	"ヒト"@ja	<http://www.wikidata.org/entity/P19>	"出生地"@ja	<https://ja.wikipedia.org/wiki/%E5%B0%8F%E6%B8%95%E5%85%89%E5%B9%B3>
<http://www.wikidata.org/entity/Q11462671>	"小渕光平"@ja	<http://www.wikidata.org/entity/Q5>	"ヒト"@ja	<http://www.wikidata.org/entity/P19>	"出生地"@ja	<https://ja.wikipedia.org/wiki/%E5%B0%8F%E6%B8%95%E5%85%89%E5%B9%B3_(2%E4%BB%A3%E7%9B%AE)>
<http://www.wikidata.org/entity/Q11462674>	"小渕千鶴子"@ja	<http://www.wikidata.org/entity/Q5>	"ヒト"@ja	<http://www.wikidata.org/entity/P19>	"出生地"@ja	<https://ja.wikipedia.org/wiki/%E5%B0%8F%E6%B8%95%E5%8D%83%E9%B6%B4%E5%AD%90>
<http://www.wikidata.org/entity/Q11462677>	"小渕岩太郎"@ja	<http://www.wikidata.org/entity/Q5>	"ヒト"@ja	<http://www.wikidata.org/entity/P19>	"出生地"@ja	<https://ja.wikipedia.org/wiki/%E5%B0%8F%E6%B8%95%E5%B2%A9%E5%A4%AA%E9%83%8E>
<http://www.wikidata.org/entity/Q11464890>	"尻焼温泉"@ja	<http://www.wikidata.org/entity/Q11428612>	"塩化物泉"@ja	<http://www.wikidata.org/entity/P131>	"位置する行政区画"@ja	<https://ja.wikipedia.org/wiki/%E5%B0%BB%E7%84%BC%E6%B8%A9%E6%B3%89>
<http://www.wikidata.org/entity/Q11464890>	"尻焼温泉"@ja	<http://www.wikidata.org/entity/Q655311>	"温泉"@ja	<http://www.wikidata.org/entity/P131>	"位置する行政区画"@ja	<https://ja.wikipedia.org/wiki/%E5%B0%BB%E7%84%BC%E6%B8%A9%E6%B3%89>
<http://www.wikidata.org/entity/Q11491193>	"志賀高原スキー場"@ja	<http://www.wikidata.org/entity/Q130003>	"スキー場"@ja	<http://www.wikidata.org/entity/P131>	"位置する行政区画"@ja	<https://ja.wikipedia.org/wiki/%E5%BF%97%E8%B3%80%E9%AB%98%E5%8E%9F%E3%82%B9%E3%82%AD%E3%83%BC%E5%A0%B4>
<http://www.wikidata.org/entity/Q11501216>	"新井潔"@ja	<http://www.wikidata.org/entity/Q5>	"ヒト"@ja	<http://www.wikidata.org/entity/P19>	"出生地"@ja	<https://ja.wikipedia.org/wiki/%E6%96%B0%E4%BA%95%E6%BD%94>
<http://www.wikidata.org/entity/Q11542751>	"横手山"@ja	<http://www.wikidata.org/entity/Q8502>	"山"@ja	<http://www.wikidata.org/entity/P131>	"位置する行政区画"@ja	<https://ja.wikipedia.org/wiki/%E6%A8%AA%E6%89%8B%E5%B1%B1>
<http://www.wikidata.org/entity/Q11553219>	"沢渡温泉 (群馬県)"@ja	<http://www.wikidata.org/entity/Q11428612>	"塩化物泉"@ja	<http://www.wikidata.org/entity/P131>	"位置する行政区画"@ja	<https://ja.wikipedia.org/wiki/%E6%B2%A2%E6%B8%A1%E6%B8%A9%E6%B3%89_(%E7%BE%A4%E9%A6%AC%E7%9C%8C)>
<http://www.wikidata.org/entity/Q11553219>	"沢渡温泉 (群馬県)"@ja	<http://www.wikidata.org/entity/Q655311>	"温泉"@ja	<http://www.wikidata.org/entity/P131>	"位置する行政区画"@ja	<https://ja.wikipedia.org/wiki/%E6%B2%A2%E6%B8%A1%E6%B8%A9%E6%B3%89_(%E7%BE%A4%E9%A6%AC%E7%9C%8C)>
<http://www.wikidata.org/entity/Q11553259>	"沢田村"@ja	<http://www.wikidata.org/entity/Q18663566>	"日本の廃止市区町村"@ja	<http://www.wikidata.org/entity/P3842>	"位置する現在の行政区画"@ja	<https://ja.wikipedia.org/wiki/%E6%B2%A2%E7%94%B0%E6%9D%91_(%E7%BE%A4%E9%A6%AC%E7%9C%8C)>
<http://www.wikidata.org/entity/Q11553259>	"沢田村"@ja	<http://www.wikidata.org/entity/Q18663566>	"日本の廃止市区町村"@ja	<http://www.wikidata.org/entity/P1366>	"後継"@ja	<https://ja.wikipedia.org/wiki/%E6%B2%A2%E7%94%B0%E6%9D%91_(%E7%BE%A4%E9%A6%AC%E7%9C%8C)>
<http://www.wikidata.org/entity/Q11561548>	"渋峠"@ja	<http://www.wikidata.org/entity/Q133056>	"峠"@ja	<http://www.wikidata.org/entity/P131>	"位置する行政区画"@ja	<https://ja.wikipedia.org/wiki/%E6%B8%8B%E5%B3%A0>
<http://www.wikidata.org/entity/Q11572859>	"玉風福太郎"@ja	<http://www.wikidata.org/entity/Q5>	"ヒト"@ja	<http://www.wikidata.org/entity/P19>	"出生地"@ja	<https://ja.wikipedia.org/wiki/%E7%8E%89%E9%A2%A8%E7%A6%8F%E5%A4%AA%E9%83%8E>
<http://www.wikidata.org/entity/Q11576878>	"田村吉康"@ja	<http://www.wikidata.org/entity/Q5>	"ヒト"@ja	<http://www.wikidata.org/entity/P19>	"出生地"@ja	<https://ja.wikipedia.org/wiki/%E7%94%B0%E6%9D%91%E5%90%89%E5%BA%B7>
<http://www.wikidata.org/entity/Q11579869>	"白根開善学校中等部・高等部"@ja	<http://www.wikidata.org/entity/Q21655594>	"日本の中高一貫校"@ja	<http://www.wikidata.org/entity/P131>	"位置する行政区画"@ja	<https://ja.wikipedia.org/wiki/%E7%99%BD%E6%A0%B9%E9%96%8B%E5%96%84%E5%AD%A6%E6%A0%A1%E4%B8%AD%E7%AD%89%E9%83%A8%E3%83%BB%E9%AB%98%E7%AD%89%E9%83%A8>
<http://www.wikidata.org/entity/Q11580251>	"白砂川"@ja	<http://www.wikidata.org/entity/Q4022>	"川"@ja	<http://www.wikidata.org/entity/P131>	"位置する行政区画"@ja	<https://ja.wikipedia.org/wiki/%E7%99%BD%E7%A0%82%E5%B7%9D>
<http://www.wikidata.org/entity/Q11609611>	"群馬県立中之条高等学校"@ja	<http://www.wikidata.org/entity/Q56351315>	"日本の高等学校"@ja	<http://www.wikidata.org/entity/P131>	"位置する行政区画"@ja	<https://ja.wikipedia.org/wiki/%E7%BE%A4%E9%A6%AC%E7%9C%8C%E7%AB%8B%E4%B8%AD%E4%B9%8B%E6%9D%A1%E9%AB%98%E7%AD%89%E5%AD%A6%E6%A0%A1>
<http://www.wikidata.org/entity/Q11609771>	"群馬県道231号"@ja	<http://www.wikidata.org/entity/Q34442>	"道路"@ja	<http://www.wikidata.org/entity/P609>	"起終点"@ja	<https://ja.wikipedia.org/wiki/%E7%BE%A4%E9%A6%AC%E7%9C%8C%E9%81%93231%E5%8F%B7%E5%A4%A7%E9%81%93%E6%A8%AA%E5%B0%BE%E7%B7%9A>
<http://www.wikidata.org/entity/Q11609771>	"群馬県道231号"@ja	<http://www.wikidata.org/entity/Q34442>	"道路"@ja	<http://www.wikidata.org/entity/P131>	"位置する行政区画"@ja	<https://ja.wikipedia.org/wiki/%E7%BE%A4%E9%A6%AC%E7%9C%8C%E9%81%93231%E5%8F%B7%E5%A4%A7%E9%81%93%E6%A8%AA%E5%B0%BE%E7%B7%9A>
<http://www.wikidata.org/entity/Q11609775>	"群馬県道236号"@ja	<http://www.wikidata.org/entity/Q34442>	"道路"@ja	<http://www.wikidata.org/entity/P609>	"起終点"@ja	<https://ja.wikipedia.org/wiki/%E7%BE%A4%E9%A6%AC%E7%9C%8C%E9%81%93236%E5%8F%B7%E4%B8%AD%E4%B9%8B%E6%9D%A1%E5%81%9C%E8%BB%8A%E5%A0%B4%E7%B7%9A>
<http://www.wikidata.org/entity/Q11609775>	"群馬県道236号"@ja	<http://www.wikidata.org/entity/Q34442>	"道路"@ja	<http://www.wikidata.org/entity/P131>	"位置する行政区画"@ja	<https://ja.wikipedia.org/wiki/%E7%BE%A4%E9%A6%AC%E7%9C%8C%E9%81%93236%E5%8F%B7%E4%B8%AD%E4%B9%8B%E6%9D%A1%E5%81%9C%E8%BB%8A%E5%A0%B4%E7%B7%9A>
<http://www.wikidata.org/entity/Q11609772>	"群馬県道232号"@ja	<http://www.wikidata.org/entity/Q34442>	"道路"@ja	<http://www.wikidata.org/entity/P609>	"起終点"@ja	<https://ja.wikipedia.org/wiki/%E7%BE%A4%E9%A6%AC%E7%9C%8C%E9%81%93232%E5%8F%B7%E6%A4%8D%E6%A0%97%E4%BC%8A%E5%8B%A2%E7%B7%9A>
<http://www.wikidata.org/entity/Q11609773>	"群馬県道234号"@ja	<http://www.wikidata.org/entity/Q34442>	"道路"@ja	<http://www.wikidata.org/entity/P609>	"起終点"@ja	<https://ja.wikipedia.org/wiki/%E7%BE%A4%E9%A6%AC%E7%9C%8C%E9%81%93234%E5%8F%B7%E4%B8%8B%E6%B2%A2%E6%B8%A1%E5%8E%9F%E7%94%BA%E7%B7%9A>
<http://www.wikidata.org/entity/Q11609776>	"群馬県道239号"@ja	<http://www.wikidata.org/entity/Q34442>	"道路"@ja	<http://www.wikidata.org/entity/P609>	"起終点"@ja	<https://ja.wikipedia.org/wiki/%E7%BE%A4%E9%A6%AC%E7%9C%8C%E9%81%93239%E5%8F%B7%E5%9B%9B%E4%B8%87%E6%B8%A9%E6%B3%89%E7%B7%9A>
<http://www.wikidata.org/entity/Q11609776>	"群馬県道239号"@ja	<http://www.wikidata.org/entity/Q34442>	"道路"@ja	<http://www.wikidata.org/entity/P131>	"位置する行政区画"@ja	<https://ja.wikipedia.org/wiki/%E7%BE%A4%E9%A6%AC%E7%9C%8C%E9%81%93239%E5%8F%B7%E5%9B%9B%E4%B8%87%E6%B8%A9%E6%B3%89%E7%B7%9A>
<http://www.wikidata.org/entity/Q11609777>	"群馬県道240号"@ja	<http://www.wikidata.org/entity/Q34442>	"道路"@ja	<http://www.wikidata.org/entity/P609>	"起終点"@ja	<https://ja.wikipedia.org/wiki/%E7%BE%A4%E9%A6%AC%E7%9C%8C%E9%81%93240%E5%8F%B7%E6%96%B0%E5%B7%BB%E5%B8%82%E5%9F%8E%E7%B7%9A>
<http://www.wikidata.org/entity/Q11609859>	"群馬県道53号"@ja	<http://www.wikidata.org/entity/Q34442>	"道路"@ja	<http://www.wikidata.org/entity/P609>	"起終点"@ja	<https://ja.wikipedia.org/wiki/%E7%BE%A4%E9%A6%AC%E7%9C%8C%E9%81%9353%E5%8F%B7%E4%B8%AD%E4%B9%8B%E6%9D%A1%E6%B9%AF%E6%B2%B3%E5%8E%9F%E7%B7%9A>
<http://www.wikidata.org/entity/Q11609859>	"群馬県道53号"@ja	<http://www.wikidata.org/entity/Q34442>	"道路"@ja	<http://www.wikidata.org/entity/P131>	"位置する行政区画"@ja	<https://ja.wikipedia.org/wiki/%E7%BE%A4%E9%A6%AC%E7%9C%8C%E9%81%9353%E5%8F%B7%E4%B8%AD%E4%B9%8B%E6%9D%A1%E6%B9%AF%E6%B2%B3%E5%8E%9F%E7%B7%9A>
<http://www.wikidata.org/entity/Q11609862>	"群馬県道58号"@ja	<http://www.wikidata.org/entity/Q34442>	"道路"@ja	<http://www.wikidata.org/entity/P609>	"起終点"@ja	<https://ja.wikipedia.org/wiki/%E7%BE%A4%E9%A6%AC%E7%9C%8C%E9%81%9358%E5%8F%B7%E4%B8%AD%E4%B9%8B%E6%9D%A1%E6%9D%B1%E5%90%BE%E5%A6%BB%E7%B7%9A>
<http://www.wikidata.org/entity/Q11609860>	"群馬県道55号"@ja	<http://www.wikidata.org/entity/Q34442>	"道路"@ja	<http://www.wikidata.org/entity/P609>	"起終点"@ja	<https://ja.wikipedia.org/wiki/%E7%BE%A4%E9%A6%AC%E7%9C%8C%E9%81%9355%E5%8F%B7%E4%B8%AD%E4%B9%8B%E6%9D%A1%E8%8D%89%E6%B4%A5%E7%B7%9A>
<http://www.wikidata.org/entity/Q11609917>	"群馬鉄山"@ja	<http://www.wikidata.org/entity/Q42412840>	"廃鉱山"@ja	<http://www.wikidata.org/entity/P131>	"位置する行政区画"@ja	<https://ja.wikipedia.org/wiki/%E7%BE%A4%E9%A6%AC%E9%89%84%E5%B1%B1>
<http://www.wikidata.org/entity/Q11609917>	"群馬鉄山"@ja	<http://www.wikidata.org/entity/Q1418712>	"植物群落"@ja	<http://www.wikidata.org/entity/P131>	"位置する行政区画"@ja	<https://ja.wikipedia.org/wiki/%E7%BE%A4%E9%A6%AC%E9%89%84%E5%B1%B1>
<http://www.wikidata.org/entity/Q11609917>	"群馬鉄山"@ja	<http://www.wikidata.org/entity/Q22698>	"公園"@ja	<http://www.wikidata.org/entity/P131>	"位置する行政区画"@ja	<https://ja.wikipedia.org/wiki/%E7%BE%A4%E9%A6%AC%E9%89%84%E5%B1%B1>
<http://www.wikidata.org/entity/Q11615425>	"花敷温泉"@ja	<http://www.wikidata.org/entity/Q11428612>	"塩化物泉"@ja	<http://www.wikidata.org/entity/P131>	"位置する行政区画"@ja	<https://ja.wikipedia.org/wiki/%E8%8A%B1%E6%95%B7%E6%B8%A9%E6%B3%89>
<http://www.wikidata.org/entity/Q11615425>	"花敷温泉"@ja	<http://www.wikidata.org/entity/Q655311>	"温泉"@ja	<http://www.wikidata.org/entity/P131>	"位置する行政区画"@ja	<https://ja.wikipedia.org/wiki/%E8%8A%B1%E6%95%B7%E6%B8%A9%E6%B3%89>
<http://www.wikidata.org/entity/Q11615425>	"花敷温泉"@ja	<http://www.wikidata.org/entity/Q177380>	"熱水泉"@ja	<http://www.wikidata.org/entity/P131>	"位置する行政区画"@ja	<https://ja.wikipedia.org/wiki/%E8%8A%B1%E6%95%B7%E6%B8%A9%E6%B3%89>
<http://www.wikidata.org/entity/Q11618182>	"草津村"@ja	<http://www.wikidata.org/entity/Q18663566>	"日本の廃止市区町村"@ja	<http://www.wikidata.org/entity/P3842>	"位置する現在の行政区画"@ja	<https://ja.wikipedia.org/wiki/%E8%8D%89%E6%B4%A5%E6%9D%91>
<http://www.wikidata.org/entity/Q11641158>	"道の駅六合"@ja	<http://www.wikidata.org/entity/Q1187691>	"道の駅"@ja	<http://www.wikidata.org/entity/P131>	"位置する行政区画"@ja	<https://ja.wikipedia.org/wiki/%E9%81%93%E3%81%AE%E9%A7%85%E5%85%AD%E5%90%88>
<http://www.wikidata.org/entity/Q11641551>	"道の駅霊山たけやま"@ja	<http://www.wikidata.org/entity/Q1187691>	"道の駅"@ja	<http://www.wikidata.org/entity/P131>	"位置する行政区画"@ja	<https://ja.wikipedia.org/wiki/%E9%81%93%E3%81%AE%E9%A7%85%E9%9C%8A%E5%B1%B1%E3%81%9F%E3%81%91%E3%82%84%E3%81%BE>
<http://www.wikidata.org/entity/Q11646361>	"金井幸佐久"@ja	<http://www.wikidata.org/entity/Q5>	"ヒト"@ja	<http://www.wikidata.org/entity/P19>	"出生地"@ja	<https://ja.wikipedia.org/wiki/%E9%87%91%E4%BA%95%E5%B9%B8%E4%BD%90%E4%B9%85>
<http://www.wikidata.org/entity/Q313339>	"小渕恵三"@ja	<http://www.wikidata.org/entity/Q5>	"ヒト"@ja	<http://www.wikidata.org/entity/P19>	"出生地"@ja	<https://ja.wikipedia.org/wiki/%E5%B0%8F%E6%B8%95%E6%81%B5%E4%B8%89>
<http://www.wikidata.org/entity/Q642394>	"吾妻郡"@ja	<http://www.wikidata.org/entity/Q1122846>	"郡"@ja	<http://www.wikidata.org/entity/P150>	"直下の行政区画"@ja	<https://ja.wikipedia.org/wiki/%E5%90%BE%E5%A6%BB%E9%83%A1>
<http://www.wikidata.org/entity/Q851492>	"渋川市"@ja	<http://www.wikidata.org/entity/Q494721>	"日本の市"@ja	<http://www.wikidata.org/entity/P47>	"隣の国又は行政区画"@ja	<https://ja.wikipedia.org/wiki/%E6%B8%8B%E5%B7%9D%E5%B8%82>
<http://www.wikidata.org/entity/Q1041990>	"六合村"@ja	<http://www.wikidata.org/entity/Q18663566>	"日本の廃止市区町村"@ja	<http://www.wikidata.org/entity/P3842>	"位置する現在の行政区画"@ja	<https://ja.wikipedia.org/wiki/%E5%85%AD%E5%90%88%E6%9D%91_(%E7%BE%A4%E9%A6%AC%E7%9C%8C)>
<http://www.wikidata.org/entity/Q1041990>	"六合村"@ja	<http://www.wikidata.org/entity/Q18663566>	"日本の廃止市区町村"@ja	<http://www.wikidata.org/entity/P1366>	"後継"@ja	<https://ja.wikipedia.org/wiki/%E5%85%AD%E5%90%88%E6%9D%91_(%E7%BE%A4%E9%A6%AC%E7%9C%8C)>
<http://www.wikidata.org/entity/Q1204286>	"栄村"@ja	<http://www.wikidata.org/entity/Q4174776>	"日本の村"@ja	<http://www.wikidata.org/entity/P47>	"隣の国又は行政区画"@ja	<https://ja.wikipedia.org/wiki/%E6%A0%84%E6%9D%91>
<http://www.wikidata.org/entity/Q1204468>	"山ノ内町"@ja	<http://www.wikidata.org/entity/Q1059478>	"日本の町"@ja	<http://www.wikidata.org/entity/P47>	"隣の国又は行政区画"@ja	<https://ja.wikipedia.org/wiki/%E5%B1%B1%E3%83%8E%E5%86%85%E7%94%BA>
<http://www.wikidata.org/entity/Q1345518>	"みなかみ町"@ja	<http://www.wikidata.org/entity/Q1059478>	"日本の町"@ja	<http://www.wikidata.org/entity/P47>	"隣の国又は行政区画"@ja	<https://ja.wikipedia.org/wiki/%E3%81%BF%E3%81%AA%E3%81%8B%E3%81%BF%E7%94%BA>
<http://www.wikidata.org/entity/Q1349115>	"高山村"@ja	<http://www.wikidata.org/entity/Q4174776>	"日本の村"@ja	<http://www.wikidata.org/entity/P47>	"隣の国又は行政区画"@ja	<https://ja.wikipedia.org/wiki/%E9%AB%98%E5%B1%B1%E6%9D%91_(%E9%95%B7%E9%87%8E%E7%9C%8C)>
<http://www.wikidata.org/entity/Q1358949>	"草津町"@ja	<http://www.wikidata.org/entity/Q1059478>	"日本の町"@ja	<http://www.wikidata.org/entity/P47>	"隣の国又は行政区画"@ja	<https://ja.wikipedia.org/wiki/%E8%8D%89%E6%B4%A5%E7%94%BA>
<http://www.wikidata.org/entity/Q1203251>	"大網白里市"@ja	<http://www.wikidata.org/entity/Q828359>	"ベッドタウン"@ja	<http://www.wikidata.org/entity/P190>	"姉妹都市"@ja	<https://ja.wikipedia.org/wiki/%E5%A4%A7%E7%B6%B2%E7%99%BD%E9%87%8C%E5%B8%82>
<http://www.wikidata.org/entity/Q1203251>	"大網白里市"@ja	<http://www.wikidata.org/entity/Q494721>	"日本の市"@ja	<http://www.wikidata.org/entity/P190>	"姉妹都市"@ja	<https://ja.wikipedia.org/wiki/%E5%A4%A7%E7%B6%B2%E7%99%BD%E9%87%8C%E5%B8%82>
<http://www.wikidata.org/entity/Q1203366>	"長野原町"@ja	<http://www.wikidata.org/entity/Q1059478>	"日本の町"@ja	<http://www.wikidata.org/entity/P47>	"隣の国又は行政区画"@ja	<https://ja.wikipedia.org/wiki/%E9%95%B7%E9%87%8E%E5%8E%9F%E7%94%BA>
<http://www.wikidata.org/entity/Q1203419>	"東吾妻町"@ja	<http://www.wikidata.org/entity/Q1059478>	"日本の町"@ja	<http://www.wikidata.org/entity/P47>	"隣の国又は行政区画"@ja	<https://ja.wikipedia.org/wiki/%E6%9D%B1%E5%90%BE%E5%A6%BB%E7%94%BA>
<http://www.wikidata.org/entity/Q1203891>	"高山村"@ja	<http://www.wikidata.org/entity/Q4174776>	"日本の村"@ja	<http://www.wikidata.org/entity/P47>	"隣の国又は行政区画"@ja	<https://ja.wikipedia.org/wiki/%E9%AB%98%E5%B1%B1%E6%9D%91_(%E7%BE%A4%E9%A6%AC%E7%9C%8C)>
<http://www.wikidata.org/entity/Q1204269>	"湯沢町"@ja	<http://www.wikidata.org/entity/Q1059478>	"日本の町"@ja	<http://www.wikidata.org/entity/P47>	"隣の国又は行政区画"@ja	<https://ja.wikipedia.org/wiki/%E6%B9%AF%E6%B2%A2%E7%94%BA>
<http://www.wikidata.org/entity/Q17191929>	"荒船・東谷風穴蚕種貯蔵所跡"@ja	<http://www.wikidata.org/entity/Q55315265>	"Q55315265"	<http://www.wikidata.org/entity/P131>	"位置する行政区画"@ja	<https://ja.wikipedia.org/wiki/%E8%8D%92%E8%88%B9%E3%83%BB%E6%9D%B1%E8%B0%B7%E9%A2%A8%E7%A9%B4%E8%9A%95%E7%A8%AE%E8%B2%AF%E8%94%B5%E6%89%80%E8%B7%A1>
<http://www.wikidata.org/entity/Q17191929>	"荒船・東谷風穴蚕種貯蔵所跡"@ja	<http://www.wikidata.org/entity/Q18247357>	"建物・構造物のグループ"@ja	<http://www.wikidata.org/entity/P131>	"位置する行政区画"@ja	<https://ja.wikipedia.org/wiki/%E8%8D%92%E8%88%B9%E3%83%BB%E6%9D%B1%E8%B0%B7%E9%A2%A8%E7%A9%B4%E8%9A%95%E7%A8%AE%E8%B2%AF%E8%94%B5%E6%89%80%E8%B7%A1>
<http://www.wikidata.org/entity/Q17191929>	"荒船・東谷風穴蚕種貯蔵所跡"@ja	<http://www.wikidata.org/entity/Q11665546>	"風穴"@ja	<http://www.wikidata.org/entity/P131>	"位置する行政区画"@ja	<https://ja.wikipedia.org/wiki/%E8%8D%92%E8%88%B9%E3%83%BB%E6%9D%B1%E8%B0%B7%E9%A2%A8%E7%A9%B4%E8%9A%95%E7%A8%AE%E8%B2%AF%E8%94%B5%E6%89%80%E8%B7%A1>
<http://www.wikidata.org/entity/Q43423964>	"冨沢和未"@ja	<http://www.wikidata.org/entity/Q5>	"ヒト"@ja	<http://www.wikidata.org/entity/P19>	"出生地"@ja	<https://ja.wikipedia.org/wiki/%E5%86%A8%E6%B2%A2%E5%92%8C%E6%9C%AA>
<http://www.wikidata.org/entity/Q48759591>	"稲包山"@ja	<http://www.wikidata.org/entity/Q8502>	"山"@ja	<http://www.wikidata.org/entity/P131>	"位置する行政区画"@ja	<https://ja.wikipedia.org/wiki/%E7%A8%B2%E5%8C%85%E5%B1%B1>
<http://www.wikidata.org/entity/Q53998070>	"応徳温泉"@ja	<http://www.wikidata.org/entity/Q11428612>	"塩化物泉"@ja	<http://www.wikidata.org/entity/P131>	"位置する行政区画"@ja	<https://ja.wikipedia.org/wiki/%E5%BF%9C%E5%BE%B3%E6%B8%A9%E6%B3%89>
<http://www.wikidata.org/entity/Q53998070>	"応徳温泉"@ja	<http://www.wikidata.org/entity/Q655311>	"温泉"@ja	<http://www.wikidata.org/entity/P131>	"位置する行政区画"@ja	<https://ja.wikipedia.org/wiki/%E5%BF%9C%E5%BE%B3%E6%B8%A9%E6%B3%89>
<http://www.wikidata.org/entity/Q60432328>	"おろかもの之碑"@ja	<http://www.wikidata.org/entity/Q178743>	"石碑"@ja	<http://www.wikidata.org/entity/P131>	"位置する行政区画"@ja	<https://ja.wikipedia.org/wiki/%E3%81%8A%E3%82%8D%E3%81%8B%E3%82%82%E3%81%AE%E4%B9%8B%E7%A2%91>
<http://www.wikidata.org/entity/Q60986586>	"群馬県立吾妻中央高等学校"@ja	<http://www.wikidata.org/entity/Q56351315>	"日本の高等学校"@ja	<http://www.wikidata.org/entity/P131>	"位置する行政区画"@ja	<https://ja.wikipedia.org/wiki/%E7%BE%A4%E9%A6%AC%E7%9C%8C%E7%AB%8B%E5%90%BE%E5%A6%BB%E4%B8%AD%E5%A4%AE%E9%AB%98%E7%AD%89%E5%AD%A6%E6%A0%A1>
<http://www.wikidata.org/entity/Q86175995>	"中之条町立六合小学校"@ja	<http://www.wikidata.org/entity/Q5358913>	"日本の小学校"@ja	<http://www.wikidata.org/entity/P131>	"位置する行政区画"@ja	<https://ja.wikipedia.org/wiki/%E4%B8%AD%E4%B9%8B%E6%9D%A1%E7%94%BA%E7%AB%8B%E5%85%AD%E5%90%88%E5%B0%8F%E5%AD%A6%E6%A0%A1>
<http://www.wikidata.org/entity/Q86175995>	"中之条町立六合小学校"@ja	<http://www.wikidata.org/entity/Q5358913>	"日本の小学校"@ja	<http://www.wikidata.org/entity/P126>	"管理者"@ja	<https://ja.wikipedia.org/wiki/%E4%B8%AD%E4%B9%8B%E6%9D%A1%E7%94%BA%E7%AB%8B%E5%85%AD%E5%90%88%E5%B0%8F%E5%AD%A6%E6%A0%A1>
<http://www.wikidata.org/entity/Q105815594>	"渋峠ホテル"@ja	<http://www.wikidata.org/entity/Q27686>	"ホテル"@ja	<http://www.wikidata.org/entity/P131>	"位置する行政区画"@ja	<https://ja.wikipedia.org/wiki/%E6%B8%8B%E5%B3%A0%E3%83%9B%E3%83%86%E3%83%AB>
<http://www.wikidata.org/entity/Q107352659>	"芳ヶ平湿地群"@ja	<http://www.wikidata.org/entity/Q170321>	"湿地"@ja	<http://www.wikidata.org/entity/P131>	"位置する行政区画"@ja	<https://ja.wikipedia.org/wiki/%E8%8A%B3%E3%83%B6%E5%B9%B3%E6%B9%BF%E5%9C%B0%E7%BE%A4>
<http://www.wikidata.org/entity/Q110825008>	"林昌寺"@ja	<http://www.wikidata.org/entity/Q5393308>	"仏教寺院"@ja	<http://www.wikidata.org/entity/P131>	"位置する行政区画"@ja	<https://ja.wikipedia.org/wiki/%E6%9E%97%E6%98%8C%E5%AF%BA_(%E7%BE%A4%E9%A6%AC%E7%9C%8C%E4%B8%AD%E4%B9%8B%E6%9D%A1%E7%94%BA)>
<http://www.wikidata.org/entity/Q110887634>	"善福寺"@ja	<http://www.wikidata.org/entity/Q5393308>	"仏教寺院"@ja	<http://www.wikidata.org/entity/P131>	"位置する行政区画"@ja	<https://ja.wikipedia.org/wiki/%E5%96%84%E7%A6%8F%E5%AF%BA_(%E7%BE%A4%E9%A6%AC%E7%9C%8C%E4%B8%AD%E4%B9%8B%E6%9D%A1%E7%94%BA)>
<http://www.wikidata.org/entity/Q114869685>	"栃窪"@ja	<http://www.wikidata.org/entity/Q424857>	"大字"@ja	<http://www.wikidata.org/entity/P131>	"位置する行政区画"@ja	<https://ja.wikipedia.org/wiki/%E6%A0%83%E7%AA%AA>
<http://www.wikidata.org/entity/Q115235808>	"大道"@ja	<http://www.wikidata.org/entity/Q5327369>	"町丁"@ja	<http://www.wikidata.org/entity/P131>	"位置する行政区画"@ja	<https://ja.wikipedia.org/wiki/%E5%A4%A7%E9%81%93_(%E4%B8%AD%E4%B9%8B%E6%9D%A1%E7%94%BA)>
<http://www.wikidata.org/entity/Q7498299>	"白砂ダム"@ja	<http://www.wikidata.org/entity/Q12323>	"ダム"@ja	<http://www.wikidata.org/entity/P131>	"位置する行政区画"@ja	
<http://www.wikidata.org/entity/Q11419600>	"四万温泉"@ja	<http://www.wikidata.org/entity/Q11587674>	"硫酸塩泉"@ja	<http://www.wikidata.org/entity/P131>	"位置する行政区画"@ja	
<http://www.wikidata.org/entity/Q11419600>	"四万温泉"@ja	<http://www.wikidata.org/entity/Q655311>	"温泉"@ja	<http://www.wikidata.org/entity/P131>	"位置する行政区画"@ja	
<http://www.wikidata.org/entity/Q53675905>	"沢渡温泉共同浴場"@ja	<http://www.wikidata.org/entity/Q655311>	"温泉"@ja	<http://www.wikidata.org/entity/P131>	"位置する行政区画"@ja	
<http://www.wikidata.org/entity/Q56436796>	"中之条町長"@ja	<http://www.wikidata.org/entity/Q4164871>	"職位"@ja	<http://www.wikidata.org/entity/P1001>	"管轄・適用区域"@ja	
<http://www.wikidata.org/entity/Q86176232>	"中之条町立六合中学校"@ja	<http://www.wikidata.org/entity/Q55521176>	"日本の中学校"@ja	<http://www.wikidata.org/entity/P131>	"位置する行政区画"@ja	
<http://www.wikidata.org/entity/Q86176232>	"中之条町立六合中学校"@ja	<http://www.wikidata.org/entity/Q55521176>	"日本の中学校"@ja	<http://www.wikidata.org/entity/P126>	"管理者"@ja	
<http://www.wikidata.org/entity/Q86176403>	"群馬県立吾妻特別支援学校（小中学部）"@ja	<http://www.wikidata.org/entity/Q43271061>	"特別支援学校"@ja	<http://www.wikidata.org/entity/P131>	"位置する行政区画"@ja	
<http://www.wikidata.org/entity/Q95162209>	"関大地"@ja	<http://www.wikidata.org/entity/Q5>	"ヒト"@ja	<http://www.wikidata.org/entity/P19>	"出生地"@ja	
<http://www.wikidata.org/entity/Q114895210>	"白根開善学校高等部"@ja	<http://www.wikidata.org/entity/Q56351315>	"日本の高等学校"@ja	<http://www.wikidata.org/entity/P131>	"位置する行政区画"@ja	
<http://www.wikidata.org/entity/Q114895524>	"白根開善学校中等部"@ja	<http://www.wikidata.org/entity/Q55521176>	"日本の中学校"@ja	<http://www.wikidata.org/entity/P131>	"位置する行政区画"@ja	
