?s	?sLabel	?type	?typeLabel	?prop	?propLabel	?jwiki
<http://www.wikidata.org/entity/Q336438>	"高崎市"@ja	<http://www.wikidata.org/entity/Q13220204>	"第二級行政区画"@ja	<http://www.wikidata.org/entity/P47>	"隣の国又は行政区画"@ja	<https://ja.wikipedia.org/wiki/%E9%AB%98%E5%B4%8E%E5%B8%82>
<http://www.wikidata.org/entity/Q336438>	"高崎市"@ja	<http://www.wikidata.org/entity/Q1549591>	"10万都市"@ja	<http://www.wikidata.org/entity/P47>	"隣の国又は行政区画"@ja	<https://ja.wikipedia.org/wiki/%E9%AB%98%E5%B4%8E%E5%B8%82>
<http://www.wikidata.org/entity/Q336438>	"高崎市"@ja	<http://www.wikidata.org/entity/Q1137833>	"中核市"@ja	<http://www.wikidata.org/entity/P47>	"隣の国又は行政区画"@ja	<https://ja.wikipedia.org/wiki/%E9%AB%98%E5%B4%8E%E5%B8%82>
<http://www.wikidata.org/entity/Q336438>	"高崎市"@ja	<http://www.wikidata.org/entity/Q494721>	"日本の市"@ja	<http://www.wikidata.org/entity/P47>	"隣の国又は行政区画"@ja	<https://ja.wikipedia.org/wiki/%E9%AB%98%E5%B4%8E%E5%B8%82>
<http://www.wikidata.org/entity/Q642394>	"吾妻郡"@ja	<http://www.wikidata.org/entity/Q1122846>	"郡"@ja	<http://www.wikidata.org/entity/P150>	"直下の行政区画"@ja	<https://ja.wikipedia.org/wiki/%E5%90%BE%E5%A6%BB%E9%83%A1>
<http://www.wikidata.org/entity/Q851492>	"渋川市"@ja	<http://www.wikidata.org/entity/Q494721>	"日本の市"@ja	<http://www.wikidata.org/entity/P47>	"隣の国又は行政区画"@ja	<https://ja.wikipedia.org/wiki/%E6%B8%8B%E5%B7%9D%E5%B8%82>
<http://www.wikidata.org/entity/Q11526334>	"東吾妻町立岩島中学校"@ja	<http://www.wikidata.org/entity/Q55521176>	"日本の中学校"@ja	<http://www.wikidata.org/entity/P131>	"位置する行政区画"@ja	<https://ja.wikipedia.org/wiki/%E6%9D%B1%E5%90%BE%E5%A6%BB%E7%94%BA%E7%AB%8B%E5%B2%A9%E5%B3%B6%E4%B8%AD%E5%AD%A6%E6%A0%A1>
<http://www.wikidata.org/entity/Q11526334>	"東吾妻町立岩島中学校"@ja	<http://www.wikidata.org/entity/Q55521176>	"日本の中学校"@ja	<http://www.wikidata.org/entity/P126>	"管理者"@ja	<https://ja.wikipedia.org/wiki/%E6%9D%B1%E5%90%BE%E5%A6%BB%E7%94%BA%E7%AB%8B%E5%B2%A9%E5%B3%B6%E4%B8%AD%E5%AD%A6%E6%A0%A1>
<http://www.wikidata.org/entity/Q11528876>	"松ノ湯温泉"@ja	<http://www.wikidata.org/entity/Q11587674>	"硫酸塩泉"@ja	<http://www.wikidata.org/entity/P131>	"位置する行政区画"@ja	<https://ja.wikipedia.org/wiki/%E6%9D%BE%E3%83%8E%E6%B9%AF%E6%B8%A9%E6%B3%89>
<http://www.wikidata.org/entity/Q11528876>	"松ノ湯温泉"@ja	<http://www.wikidata.org/entity/Q655311>	"温泉"@ja	<http://www.wikidata.org/entity/P131>	"位置する行政区画"@ja	<https://ja.wikipedia.org/wiki/%E6%9D%BE%E3%83%8E%E6%B9%AF%E6%B8%A9%E6%B3%89>
<http://www.wikidata.org/entity/Q11543709>	"樽沢トンネル"@ja	<http://www.wikidata.org/entity/Q1311958>	"鉄道トンネル"@ja	<http://www.wikidata.org/entity/P131>	"位置する行政区画"@ja	<https://ja.wikipedia.org/wiki/%E6%A8%BD%E6%B2%A2%E3%83%88%E3%83%B3%E3%83%8D%E3%83%AB>
<http://www.wikidata.org/entity/Q11557482>	"浅間隠山"@ja	<http://www.wikidata.org/entity/Q8502>	"山"@ja	<http://www.wikidata.org/entity/P131>	"位置する行政区画"@ja	<https://ja.wikipedia.org/wiki/%E6%B5%85%E9%96%93%E9%9A%A0%E5%B1%B1>
<http://www.wikidata.org/entity/Q11578287>	"町田啓太"@ja	<http://www.wikidata.org/entity/Q5>	"ヒト"@ja	<http://www.wikidata.org/entity/P19>	"出生地"@ja	<https://ja.wikipedia.org/wiki/%E7%94%BA%E7%94%B0%E5%95%93%E5%A4%AA>
<http://www.wikidata.org/entity/Q11603320>	"箱島湧水"@ja	<http://www.wikidata.org/entity/Q124714>	"湧水"@ja	<http://www.wikidata.org/entity/P131>	"位置する行政区画"@ja	<https://ja.wikipedia.org/wiki/%E7%AE%B1%E5%B3%B6%E6%B9%A7%E6%B0%B4>
<http://www.wikidata.org/entity/Q11609636>	"群馬県立吾妻高等学校"@ja	<http://www.wikidata.org/entity/Q56351315>	"日本の高等学校"@ja	<http://www.wikidata.org/entity/P131>	"位置する行政区画"@ja	<https://ja.wikipedia.org/wiki/%E7%BE%A4%E9%A6%AC%E7%9C%8C%E7%AB%8B%E5%90%BE%E5%A6%BB%E9%AB%98%E7%AD%89%E5%AD%A6%E6%A0%A1>
<http://www.wikidata.org/entity/Q11609742>	"群馬県道155号"@ja	<http://www.wikidata.org/entity/Q34442>	"道路"@ja	<http://www.wikidata.org/entity/P131>	"位置する行政区画"@ja	<https://ja.wikipedia.org/wiki/%E7%BE%A4%E9%A6%AC%E7%9C%8C%E9%81%93155%E5%8F%B7%E4%BC%8A%E9%A6%99%E4%BF%9D%E6%9D%91%E4%B8%8A%E7%B7%9A>
<http://www.wikidata.org/entity/Q11609772>	"群馬県道232号"@ja	<http://www.wikidata.org/entity/Q34442>	"道路"@ja	<http://www.wikidata.org/entity/P609>	"起終点"@ja	<https://ja.wikipedia.org/wiki/%E7%BE%A4%E9%A6%AC%E7%9C%8C%E9%81%93232%E5%8F%B7%E6%A4%8D%E6%A0%97%E4%BC%8A%E5%8B%A2%E7%B7%9A>
<http://www.wikidata.org/entity/Q11609773>	"群馬県道234号"@ja	<http://www.wikidata.org/entity/Q34442>	"道路"@ja	<http://www.wikidata.org/entity/P609>	"起終点"@ja	<https://ja.wikipedia.org/wiki/%E7%BE%A4%E9%A6%AC%E7%9C%8C%E9%81%93234%E5%8F%B7%E4%B8%8B%E6%B2%A2%E6%B8%A1%E5%8E%9F%E7%94%BA%E7%B7%9A>
<http://www.wikidata.org/entity/Q11609777>	"群馬県道240号"@ja	<http://www.wikidata.org/entity/Q34442>	"道路"@ja	<http://www.wikidata.org/entity/P609>	"起終点"@ja	<https://ja.wikipedia.org/wiki/%E7%BE%A4%E9%A6%AC%E7%9C%8C%E9%81%93240%E5%8F%B7%E6%96%B0%E5%B7%BB%E5%B8%82%E5%9F%8E%E7%B7%9A>
<http://www.wikidata.org/entity/Q11609795>	"群馬県道28号"@ja	<http://www.wikidata.org/entity/Q34442>	"道路"@ja	<http://www.wikidata.org/entity/P609>	"起終点"@ja	<https://ja.wikipedia.org/wiki/%E7%BE%A4%E9%A6%AC%E7%9C%8C%E9%81%9328%E5%8F%B7%E9%AB%98%E5%B4%8E%E6%9D%B1%E5%90%BE%E5%A6%BB%E7%B7%9A>
<http://www.wikidata.org/entity/Q11609795>	"群馬県道28号"@ja	<http://www.wikidata.org/entity/Q34442>	"道路"@ja	<http://www.wikidata.org/entity/P131>	"位置する行政区画"@ja	<https://ja.wikipedia.org/wiki/%E7%BE%A4%E9%A6%AC%E7%9C%8C%E9%81%9328%E5%8F%B7%E9%AB%98%E5%B4%8E%E6%9D%B1%E5%90%BE%E5%A6%BB%E7%B7%9A>
<http://www.wikidata.org/entity/Q11609839>	"群馬県道35号"@ja	<http://www.wikidata.org/entity/Q34442>	"道路"@ja	<http://www.wikidata.org/entity/P609>	"起終点"@ja	<https://ja.wikipedia.org/wiki/%E7%BE%A4%E9%A6%AC%E7%9C%8C%E9%81%9335%E5%8F%B7%E6%B8%8B%E5%B7%9D%E6%9D%B1%E5%90%BE%E5%A6%BB%E7%B7%9A>
<http://www.wikidata.org/entity/Q11609839>	"群馬県道35号"@ja	<http://www.wikidata.org/entity/Q34442>	"道路"@ja	<http://www.wikidata.org/entity/P131>	"位置する行政区画"@ja	<https://ja.wikipedia.org/wiki/%E7%BE%A4%E9%A6%AC%E7%9C%8C%E9%81%9335%E5%8F%B7%E6%B8%8B%E5%B7%9D%E6%9D%B1%E5%90%BE%E5%A6%BB%E7%B7%9A>
<http://www.wikidata.org/entity/Q11609862>	"群馬県道58号"@ja	<http://www.wikidata.org/entity/Q34442>	"道路"@ja	<http://www.wikidata.org/entity/P609>	"起終点"@ja	<https://ja.wikipedia.org/wiki/%E7%BE%A4%E9%A6%AC%E7%9C%8C%E9%81%9358%E5%8F%B7%E4%B8%AD%E4%B9%8B%E6%9D%A1%E6%9D%B1%E5%90%BE%E5%A6%BB%E7%B7%9A>
<http://www.wikidata.org/entity/Q11630778>	"角田勝次"@ja	<http://www.wikidata.org/entity/Q5>	"ヒト"@ja	<http://www.wikidata.org/entity/P19>	"出生地"@ja	<https://ja.wikipedia.org/wiki/%E8%A7%92%E7%94%B0%E5%8B%9D%E6%AC%A1>
<http://www.wikidata.org/entity/Q17222577>	"太田村"@ja	<http://www.wikidata.org/entity/Q18663566>	"日本の廃止市区町村"@ja	<http://www.wikidata.org/entity/P3842>	"位置する現在の行政区画"@ja	<https://ja.wikipedia.org/wiki/%E5%A4%AA%E7%94%B0%E6%9D%91_(%E7%BE%A4%E9%A6%AC%E7%9C%8C)>
<http://www.wikidata.org/entity/Q18339447>	"道の駅あがつま峡"@ja	<http://www.wikidata.org/entity/Q1187691>	"道の駅"@ja	<http://www.wikidata.org/entity/P131>	"位置する行政区画"@ja	<https://ja.wikipedia.org/wiki/%E9%81%93%E3%81%AE%E9%A7%85%E3%81%82%E3%81%8C%E3%81%A4%E3%81%BE%E5%B3%A1>
<http://www.wikidata.org/entity/Q28777444>	"群馬県道237号"@ja	<http://www.wikidata.org/entity/Q34442>	"道路"@ja	<http://www.wikidata.org/entity/P609>	"起終点"@ja	<https://ja.wikipedia.org/wiki/%E7%BE%A4%E9%A6%AC%E7%9C%8C%E9%81%93237%E5%8F%B7%E9%83%B7%E5%8E%9F%E5%81%9C%E8%BB%8A%E5%A0%B4%E7%B7%9A>
<http://www.wikidata.org/entity/Q28777444>	"群馬県道237号"@ja	<http://www.wikidata.org/entity/Q34442>	"道路"@ja	<http://www.wikidata.org/entity/P131>	"位置する行政区画"@ja	<https://ja.wikipedia.org/wiki/%E7%BE%A4%E9%A6%AC%E7%9C%8C%E9%81%93237%E5%8F%B7%E9%83%B7%E5%8E%9F%E5%81%9C%E8%BB%8A%E5%A0%B4%E7%B7%9A>
<http://www.wikidata.org/entity/Q38863619>	"群馬県道375号"@ja	<http://www.wikidata.org/entity/Q34442>	"道路"@ja	<http://www.wikidata.org/entity/P131>	"位置する行政区画"@ja	<https://ja.wikipedia.org/wiki/%E7%BE%A4%E9%A6%AC%E7%9C%8C%E9%81%93375%E5%8F%B7%E6%9E%97%E5%B2%A9%E4%B8%8B%E7%B7%9A>
<http://www.wikidata.org/entity/Q66085131>	"甲波宿禰神社"@ja	<http://www.wikidata.org/entity/Q845945>	"神社"@ja	<http://www.wikidata.org/entity/P131>	"位置する行政区画"@ja	<https://ja.wikipedia.org/wiki/%E7%94%B2%E6%B3%A2%E5%AE%BF%E7%A6%B0%E7%A5%9E%E7%A4%BE_(%E6%9D%B1%E5%90%BE%E5%A6%BB%E7%94%BA)>
<http://www.wikidata.org/entity/Q109364051>	"群馬県道377号"@ja	<http://www.wikidata.org/entity/Q34442>	"道路"@ja	<http://www.wikidata.org/entity/P131>	"位置する行政区画"@ja	<https://ja.wikipedia.org/wiki/%E7%BE%A4%E9%A6%AC%E7%9C%8C%E9%81%93377%E5%8F%B7%E5%B7%9D%E5%8E%9F%E7%95%91%E5%A4%A7%E6%88%B8%E7%B7%9A>
<http://www.wikidata.org/entity/Q967920>	"中之条町"@ja	<http://www.wikidata.org/entity/Q1059478>	"日本の町"@ja	<http://www.wikidata.org/entity/P47>	"隣の国又は行政区画"@ja	<https://ja.wikipedia.org/wiki/%E4%B8%AD%E4%B9%8B%E6%9D%A1%E7%94%BA>
<http://www.wikidata.org/entity/Q1203366>	"長野原町"@ja	<http://www.wikidata.org/entity/Q1059478>	"日本の町"@ja	<http://www.wikidata.org/entity/P47>	"隣の国又は行政区画"@ja	<https://ja.wikipedia.org/wiki/%E9%95%B7%E9%87%8E%E5%8E%9F%E7%94%BA>
<http://www.wikidata.org/entity/Q2968290>	"岩櫃城"@ja	<http://www.wikidata.org/entity/Q15710038>	"山城"@ja	<http://www.wikidata.org/entity/P131>	"位置する行政区画"@ja	<https://ja.wikipedia.org/wiki/%E5%B2%A9%E6%AB%83%E5%9F%8E>
<http://www.wikidata.org/entity/Q2968290>	"岩櫃城"@ja	<http://www.wikidata.org/entity/Q92026>	"日本の城"@ja	<http://www.wikidata.org/entity/P131>	"位置する行政区画"@ja	<https://ja.wikipedia.org/wiki/%E5%B2%A9%E6%AB%83%E5%9F%8E>
<http://www.wikidata.org/entity/Q4691594>	"吾妻町"@ja	<http://www.wikidata.org/entity/Q18663566>	"日本の廃止市区町村"@ja	<http://www.wikidata.org/entity/P3842>	"位置する現在の行政区画"@ja	<https://ja.wikipedia.org/wiki/%E5%90%BE%E5%A6%BB%E7%94%BA_(%E7%BE%A4%E9%A6%AC%E7%9C%8C)>
<http://www.wikidata.org/entity/Q4691594>	"吾妻町"@ja	<http://www.wikidata.org/entity/Q18663566>	"日本の廃止市区町村"@ja	<http://www.wikidata.org/entity/P1366>	"後継"@ja	<https://ja.wikipedia.org/wiki/%E5%90%BE%E5%A6%BB%E7%94%BA_(%E7%BE%A4%E9%A6%AC%E7%9C%8C)>
<http://www.wikidata.org/entity/Q4833046>	"東村"@ja	<http://www.wikidata.org/entity/Q18663566>	"日本の廃止市区町村"@ja	<http://www.wikidata.org/entity/P3842>	"位置する現在の行政区画"@ja	<https://ja.wikipedia.org/wiki/%E6%9D%B1%E6%9D%91_(%E7%BE%A4%E9%A6%AC%E7%9C%8C%E5%90%BE%E5%A6%BB%E9%83%A1)>
<http://www.wikidata.org/entity/Q4833046>	"東村"@ja	<http://www.wikidata.org/entity/Q18663566>	"日本の廃止市区町村"@ja	<http://www.wikidata.org/entity/P1366>	"後継"@ja	<https://ja.wikipedia.org/wiki/%E6%9D%B1%E6%9D%91_(%E7%BE%A4%E9%A6%AC%E7%9C%8C%E5%90%BE%E5%A6%BB%E9%83%A1)>
<http://www.wikidata.org/entity/Q5618867>	"群馬原町駅"@ja	<http://www.wikidata.org/entity/Q55488>	"鉄道駅"@ja	<http://www.wikidata.org/entity/P131>	"位置する行政区画"@ja	<https://ja.wikipedia.org/wiki/%E7%BE%A4%E9%A6%AC%E5%8E%9F%E7%94%BA%E9%A7%85>
<http://www.wikidata.org/entity/Q5627747>	"郷原駅"@ja	<http://www.wikidata.org/entity/Q55488>	"鉄道駅"@ja	<http://www.wikidata.org/entity/P131>	"位置する行政区画"@ja	<https://ja.wikipedia.org/wiki/%E9%83%B7%E5%8E%9F%E9%A7%85>
<http://www.wikidata.org/entity/Q6100736>	"岩島駅"@ja	<http://www.wikidata.org/entity/Q55488>	"鉄道駅"@ja	<http://www.wikidata.org/entity/P131>	"位置する行政区画"@ja	<https://ja.wikipedia.org/wiki/%E5%B2%A9%E5%B3%B6%E9%A7%85>
<http://www.wikidata.org/entity/Q8046763>	"矢倉駅"@ja	<http://www.wikidata.org/entity/Q55488>	"鉄道駅"@ja	<http://www.wikidata.org/entity/P131>	"位置する行政区画"@ja	<https://ja.wikipedia.org/wiki/%E7%9F%A2%E5%80%89%E9%A7%85>
<http://www.wikidata.org/entity/Q9693854>	"Category:東吾妻町"@ja	<http://www.wikidata.org/entity/Q4167836>	"ウィキメディアのカテゴリ"@ja	<http://www.wikidata.org/entity/P301>	"カテゴリの中心主題"@ja	<https://ja.wikipedia.org/wiki/Category:%E6%9D%B1%E5%90%BE%E5%A6%BB%E7%94%BA>
<http://www.wikidata.org/entity/Q11416636>	"吾妻渓谷"@ja	<http://www.wikidata.org/entity/Q150784>	"峡谷"@ja	<http://www.wikidata.org/entity/P131>	"位置する行政区画"@ja	<https://ja.wikipedia.org/wiki/%E5%90%BE%E5%A6%BB%E6%B8%93%E8%B0%B7>
<http://www.wikidata.org/entity/Q11424798>	"坂上村"@ja	<http://www.wikidata.org/entity/Q18663566>	"日本の廃止市区町村"@ja	<http://www.wikidata.org/entity/P3842>	"位置する現在の行政区画"@ja	<https://ja.wikipedia.org/wiki/%E5%9D%82%E4%B8%8A%E6%9D%91_(%E7%BE%A4%E9%A6%AC%E7%9C%8C)>
<http://www.wikidata.org/entity/Q11474413>	"岩島村"@ja	<http://www.wikidata.org/entity/Q18663566>	"日本の廃止市区町村"@ja	<http://www.wikidata.org/entity/P3842>	"位置する現在の行政区画"@ja	<https://ja.wikipedia.org/wiki/%E5%B2%A9%E5%B3%B6%E6%9D%91>
<http://www.wikidata.org/entity/Q11475236>	"岩櫃山"@ja	<http://www.wikidata.org/entity/Q8502>	"山"@ja	<http://www.wikidata.org/entity/P131>	"位置する行政区画"@ja	<https://ja.wikipedia.org/wiki/%E5%B2%A9%E6%AB%83%E5%B1%B1>
<http://www.wikidata.org/entity/Q11477639>	"川中温泉"@ja	<http://www.wikidata.org/entity/Q11587674>	"硫酸塩泉"@ja	<http://www.wikidata.org/entity/P131>	"位置する行政区画"@ja	<https://ja.wikipedia.org/wiki/%E5%B7%9D%E4%B8%AD%E6%B8%A9%E6%B3%89>
<http://www.wikidata.org/entity/Q11477639>	"川中温泉"@ja	<http://www.wikidata.org/entity/Q655311>	"温泉"@ja	<http://www.wikidata.org/entity/P131>	"位置する行政区画"@ja	<https://ja.wikipedia.org/wiki/%E5%B7%9D%E4%B8%AD%E6%B8%A9%E6%B3%89>
<http://www.wikidata.org/entity/Q54813241>	"鳩ノ湯温泉"@ja	<http://www.wikidata.org/entity/Q11587674>	"硫酸塩泉"@ja	<http://www.wikidata.org/entity/P131>	"位置する行政区画"@ja	
<http://www.wikidata.org/entity/Q54813241>	"鳩ノ湯温泉"@ja	<http://www.wikidata.org/entity/Q655311>	"温泉"@ja	<http://www.wikidata.org/entity/P131>	"位置する行政区画"@ja	
<http://www.wikidata.org/entity/Q56436805>	"東吾妻町長"@ja	<http://www.wikidata.org/entity/Q4164871>	"職位"@ja	<http://www.wikidata.org/entity/P1001>	"管轄・適用区域"@ja	
<http://www.wikidata.org/entity/Q86175997>	"東吾妻町立東小学校"@ja	<http://www.wikidata.org/entity/Q5358913>	"日本の小学校"@ja	<http://www.wikidata.org/entity/P131>	"位置する行政区画"@ja	
<http://www.wikidata.org/entity/Q86175997>	"東吾妻町立東小学校"@ja	<http://www.wikidata.org/entity/Q5358913>	"日本の小学校"@ja	<http://www.wikidata.org/entity/P126>	"管理者"@ja	
<http://www.wikidata.org/entity/Q86176002>	"東吾妻町立太田小学校"@ja	<http://www.wikidata.org/entity/Q5358913>	"日本の小学校"@ja	<http://www.wikidata.org/entity/P131>	"位置する行政区画"@ja	
<http://www.wikidata.org/entity/Q86176002>	"東吾妻町立太田小学校"@ja	<http://www.wikidata.org/entity/Q5358913>	"日本の小学校"@ja	<http://www.wikidata.org/entity/P126>	"管理者"@ja	
<http://www.wikidata.org/entity/Q86176000>	"東吾妻町立原町小学校"@ja	<http://www.wikidata.org/entity/Q5358913>	"日本の小学校"@ja	<http://www.wikidata.org/entity/P131>	"位置する行政区画"@ja	
<http://www.wikidata.org/entity/Q86176000>	"東吾妻町立原町小学校"@ja	<http://www.wikidata.org/entity/Q5358913>	"日本の小学校"@ja	<http://www.wikidata.org/entity/P126>	"管理者"@ja	
<http://www.wikidata.org/entity/Q86176004>	"東吾妻町立岩島小学校"@ja	<http://www.wikidata.org/entity/Q5358913>	"日本の小学校"@ja	<http://www.wikidata.org/entity/P131>	"位置する行政区画"@ja	
<http://www.wikidata.org/entity/Q86176004>	"東吾妻町立岩島小学校"@ja	<http://www.wikidata.org/entity/Q5358913>	"日本の小学校"@ja	<http://www.wikidata.org/entity/P126>	"管理者"@ja	
<http://www.wikidata.org/entity/Q86176205>	"東吾妻町立坂上小学校"@ja	<http://www.wikidata.org/entity/Q5358913>	"日本の小学校"@ja	<http://www.wikidata.org/entity/P131>	"位置する行政区画"@ja	
<http://www.wikidata.org/entity/Q86176205>	"東吾妻町立坂上小学校"@ja	<http://www.wikidata.org/entity/Q5358913>	"日本の小学校"@ja	<http://www.wikidata.org/entity/P126>	"管理者"@ja	
<http://www.wikidata.org/entity/Q86176234>	"東吾妻町立東吾妻中学校"@ja	<http://www.wikidata.org/entity/Q55521176>	"日本の中学校"@ja	<http://www.wikidata.org/entity/P131>	"位置する行政区画"@ja	
<http://www.wikidata.org/entity/Q86176234>	"東吾妻町立東吾妻中学校"@ja	<http://www.wikidata.org/entity/Q55521176>	"日本の中学校"@ja	<http://www.wikidata.org/entity/P126>	"管理者"@ja	
<http://www.wikidata.org/entity/Q86176404>	"群馬県立吾妻特別支援学校（高等部）"@ja	<http://www.wikidata.org/entity/Q43271061>	"特別支援学校"@ja	<http://www.wikidata.org/entity/P131>	"位置する行政区画"@ja	
