?s	?sLabel	?type	?typeLabel	?prop	?propLabel	?jwiki
<http://www.wikidata.org/entity/Q134635>	"さいたま市"@ja	<http://www.wikidata.org/entity/Q65589340>	"都道府県庁所在地"@ja	<http://www.wikidata.org/entity/P150>	"直下の行政区画"@ja	<https://ja.wikipedia.org/wiki/%E3%81%95%E3%81%84%E3%81%9F%E3%81%BE%E5%B8%82>
<http://www.wikidata.org/entity/Q134635>	"さいたま市"@ja	<http://www.wikidata.org/entity/Q11499984>	"文教都市"@ja	<http://www.wikidata.org/entity/P150>	"直下の行政区画"@ja	<https://ja.wikipedia.org/wiki/%E3%81%95%E3%81%84%E3%81%9F%E3%81%BE%E5%B8%82>
<http://www.wikidata.org/entity/Q134635>	"さいたま市"@ja	<http://www.wikidata.org/entity/Q11422368>	"国際会議観光都市"@ja	<http://www.wikidata.org/entity/P150>	"直下の行政区画"@ja	<https://ja.wikipedia.org/wiki/%E3%81%95%E3%81%84%E3%81%9F%E3%81%BE%E5%B8%82>
<http://www.wikidata.org/entity/Q134635>	"さいたま市"@ja	<http://www.wikidata.org/entity/Q1749269>	"政令指定都市"@ja	<http://www.wikidata.org/entity/P150>	"直下の行政区画"@ja	<https://ja.wikipedia.org/wiki/%E3%81%95%E3%81%84%E3%81%9F%E3%81%BE%E5%B8%82>
<http://www.wikidata.org/entity/Q134635>	"さいたま市"@ja	<http://www.wikidata.org/entity/Q1637706>	"100万都市"@ja	<http://www.wikidata.org/entity/P150>	"直下の行政区画"@ja	<https://ja.wikipedia.org/wiki/%E3%81%95%E3%81%84%E3%81%9F%E3%81%BE%E5%B8%82>
<http://www.wikidata.org/entity/Q134635>	"さいたま市"@ja	<http://www.wikidata.org/entity/Q1549591>	"10万都市"@ja	<http://www.wikidata.org/entity/P150>	"直下の行政区画"@ja	<https://ja.wikipedia.org/wiki/%E3%81%95%E3%81%84%E3%81%9F%E3%81%BE%E5%B8%82>
<http://www.wikidata.org/entity/Q134635>	"さいたま市"@ja	<http://www.wikidata.org/entity/Q691960>	"衛星都市"@ja	<http://www.wikidata.org/entity/P150>	"直下の行政区画"@ja	<https://ja.wikipedia.org/wiki/%E3%81%95%E3%81%84%E3%81%9F%E3%81%BE%E5%B8%82>
<http://www.wikidata.org/entity/Q134635>	"さいたま市"@ja	<http://www.wikidata.org/entity/Q494721>	"日本の市"@ja	<http://www.wikidata.org/entity/P150>	"直下の行政区画"@ja	<https://ja.wikipedia.org/wiki/%E3%81%95%E3%81%84%E3%81%9F%E3%81%BE%E5%B8%82>
<http://www.wikidata.org/entity/Q325196>	"北澤楽天"@ja	<http://www.wikidata.org/entity/Q5>	"ヒト"@ja	<http://www.wikidata.org/entity/P19>	"出生地"@ja	<https://ja.wikipedia.org/wiki/%E5%8C%97%E6%BE%A4%E6%A5%BD%E5%A4%A9>
<http://www.wikidata.org/entity/Q6782337>	"木村正彦"@ja	<http://www.wikidata.org/entity/Q5>	"ヒト"@ja	<http://www.wikidata.org/entity/P19>	"出生地"@ja	
<http://www.wikidata.org/entity/Q11267460>	"さいたま市立大宮西高等学校"@ja	<http://www.wikidata.org/entity/Q56351315>	"日本の高等学校"@ja	<http://www.wikidata.org/entity/P131>	"位置する行政区画"@ja	
<http://www.wikidata.org/entity/Q86626931>	"さいたま市立第二東中学校"@ja	<http://www.wikidata.org/entity/Q55521176>	"日本の中学校"@ja	<http://www.wikidata.org/entity/P131>	"位置する行政区画"@ja	
<http://www.wikidata.org/entity/Q86990005>	"大宮開成中学校"@ja	<http://www.wikidata.org/entity/Q55521176>	"日本の中学校"@ja	<http://www.wikidata.org/entity/P131>	"位置する行政区画"@ja	
<http://www.wikidata.org/entity/Q86990083>	"大宮開成高等学校"@ja	<http://www.wikidata.org/entity/Q56351315>	"日本の高等学校"@ja	<http://www.wikidata.org/entity/P131>	"位置する行政区画"@ja	
<http://www.wikidata.org/entity/Q339061>	"秋山紀夫"@ja	<http://www.wikidata.org/entity/Q5>	"ヒト"@ja	<http://www.wikidata.org/entity/P19>	"出生地"@ja	<https://ja.wikipedia.org/wiki/%E7%A7%8B%E5%B1%B1%E7%B4%80%E5%A4%AB>
<http://www.wikidata.org/entity/Q801692>	"大宮駅"@ja	<http://www.wikidata.org/entity/Q55488>	"鉄道駅"@ja	<http://www.wikidata.org/entity/P131>	"位置する行政区画"@ja	<https://ja.wikipedia.org/wiki/%E5%A4%A7%E5%AE%AE%E9%A7%85_(%E5%9F%BC%E7%8E%89%E7%9C%8C)>
<http://www.wikidata.org/entity/Q2549688>	"アライヘルメット"@ja	<http://www.wikidata.org/entity/Q6881511>	"事業者"@ja	<http://www.wikidata.org/entity/P159>	"本部所在地"@ja	<https://ja.wikipedia.org/wiki/%E3%82%A2%E3%83%A9%E3%82%A4%E3%83%98%E3%83%AB%E3%83%A1%E3%83%83%E3%83%88>
<http://www.wikidata.org/entity/Q2549688>	"アライヘルメット"@ja	<http://www.wikidata.org/entity/Q4830453>	"企業"@ja	<http://www.wikidata.org/entity/P159>	"本部所在地"@ja	<https://ja.wikipedia.org/wiki/%E3%82%A2%E3%83%A9%E3%82%A4%E3%83%98%E3%83%AB%E3%83%A1%E3%83%83%E3%83%88>
<http://www.wikidata.org/entity/Q3594038>	"大宮宿"@ja	<http://www.wikidata.org/entity/Q741218>	"中山道六十九次"@ja	<http://www.wikidata.org/entity/P131>	"位置する行政区画"@ja	<https://ja.wikipedia.org/wiki/%E5%A4%A7%E5%AE%AE%E5%AE%BF>
<http://www.wikidata.org/entity/Q5102055>	"中島千里"@ja	<http://www.wikidata.org/entity/Q5>	"ヒト"@ja	<http://www.wikidata.org/entity/P19>	"出生地"@ja	<https://ja.wikipedia.org/wiki/%E4%B8%AD%E5%B3%B6%E5%8D%83%E9%87%8C>
<http://www.wikidata.org/entity/Q5356064>	"大宮公園"@ja	<http://www.wikidata.org/entity/Q22746>	"都市公園"@ja	<http://www.wikidata.org/entity/P131>	"位置する行政区画"@ja	<https://ja.wikipedia.org/wiki/%E5%A4%A7%E5%AE%AE%E5%85%AC%E5%9C%92>
<http://www.wikidata.org/entity/Q7429102>	"サヤカ・マツモト"@ja	<http://www.wikidata.org/entity/Q5>	"ヒト"@ja	<http://www.wikidata.org/entity/P19>	"出生地"@ja	<https://ja.wikipedia.org/wiki/%E3%82%B5%E3%83%A4%E3%82%AB%E3%83%BB%E3%83%9E%E3%83%84%E3%83%A2%E3%83%88>
<http://www.wikidata.org/entity/Q9245505>	"Category:大宮区"@ja	<http://www.wikidata.org/entity/Q4167836>	"ウィキメディアのカテゴリ"@ja	<http://www.wikidata.org/entity/P301>	"カテゴリの中心主題"@ja	<https://ja.wikipedia.org/wiki/Category:%E5%A4%A7%E5%AE%AE%E5%8C%BA>
<http://www.wikidata.org/entity/Q11267424>	"さいたま市立三橋中学校"@ja	<http://www.wikidata.org/entity/Q55521176>	"日本の中学校"@ja	<http://www.wikidata.org/entity/P131>	"位置する行政区画"@ja	<https://ja.wikipedia.org/wiki/%E3%81%95%E3%81%84%E3%81%9F%E3%81%BE%E5%B8%82%E7%AB%8B%E4%B8%89%E6%A9%8B%E4%B8%AD%E5%AD%A6%E6%A0%A1>
<http://www.wikidata.org/entity/Q11267454>	"さいたま市立大宮南中学校"@ja	<http://www.wikidata.org/entity/Q55521176>	"日本の中学校"@ja	<http://www.wikidata.org/entity/P131>	"位置する行政区画"@ja	<https://ja.wikipedia.org/wiki/%E3%81%95%E3%81%84%E3%81%9F%E3%81%BE%E5%B8%82%E7%AB%8B%E5%A4%A7%E5%AE%AE%E5%8D%97%E4%B8%AD%E5%AD%A6%E6%A0%A1>
<http://www.wikidata.org/entity/Q11267452>	"さいたま市立大宮北中学校"@ja	<http://www.wikidata.org/entity/Q55521176>	"日本の中学校"@ja	<http://www.wikidata.org/entity/P131>	"位置する行政区画"@ja	<https://ja.wikipedia.org/wiki/%E3%81%95%E3%81%84%E3%81%9F%E3%81%BE%E5%B8%82%E7%AB%8B%E5%A4%A7%E5%AE%AE%E5%8C%97%E4%B8%AD%E5%AD%A6%E6%A0%A1>
<http://www.wikidata.org/entity/Q11267456>	"さいたま市立大宮東中学校"@ja	<http://www.wikidata.org/entity/Q55521176>	"日本の中学校"@ja	<http://www.wikidata.org/entity/P131>	"位置する行政区画"@ja	<https://ja.wikipedia.org/wiki/%E3%81%95%E3%81%84%E3%81%9F%E3%81%BE%E5%B8%82%E7%AB%8B%E5%A4%A7%E5%AE%AE%E6%9D%B1%E4%B8%AD%E5%AD%A6%E6%A0%A1>
<http://www.wikidata.org/entity/Q11267462>	"さいたま市立大成中学校"@ja	<http://www.wikidata.org/entity/Q55521176>	"日本の中学校"@ja	<http://www.wikidata.org/entity/P131>	"位置する行政区画"@ja	<https://ja.wikipedia.org/wiki/%E3%81%95%E3%81%84%E3%81%9F%E3%81%BE%E5%B8%82%E7%AB%8B%E5%A4%A7%E6%88%90%E4%B8%AD%E5%AD%A6%E6%A0%A1>
<http://www.wikidata.org/entity/Q11267464>	"さいたま市立大成小学校"@ja	<http://www.wikidata.org/entity/Q5358913>	"日本の小学校"@ja	<http://www.wikidata.org/entity/P131>	"位置する行政区画"@ja	<https://ja.wikipedia.org/wiki/%E3%81%95%E3%81%84%E3%81%9F%E3%81%BE%E5%B8%82%E7%AB%8B%E5%A4%A7%E6%88%90%E5%B0%8F%E5%AD%A6%E6%A0%A1>
<http://www.wikidata.org/entity/Q11267485>	"さいたま市立桜木中学校"@ja	<http://www.wikidata.org/entity/Q55521176>	"日本の中学校"@ja	<http://www.wikidata.org/entity/P131>	"位置する行政区画"@ja	<https://ja.wikipedia.org/wiki/%E3%81%95%E3%81%84%E3%81%9F%E3%81%BE%E5%B8%82%E7%AB%8B%E6%A1%9C%E6%9C%A8%E4%B8%AD%E5%AD%A6%E6%A0%A1>
<http://www.wikidata.org/entity/Q11355996>	"三橋"@ja	<http://www.wikidata.org/entity/Q5327369>	"町丁"@ja	<http://www.wikidata.org/entity/P131>	"位置する行政区画"@ja	<https://ja.wikipedia.org/wiki/%E4%B8%89%E6%A9%8B_(%E3%81%95%E3%81%84%E3%81%9F%E3%81%BE%E5%B8%82)>
<http://www.wikidata.org/entity/Q11355996>	"三橋"@ja	<http://www.wikidata.org/entity/Q3957>	"街"@ja	<http://www.wikidata.org/entity/P131>	"位置する行政区画"@ja	<https://ja.wikipedia.org/wiki/%E4%B8%89%E6%A9%8B_(%E3%81%95%E3%81%84%E3%81%9F%E3%81%BE%E5%B8%82)>
<http://www.wikidata.org/entity/Q11361228>	"下町"@ja	<http://www.wikidata.org/entity/Q65948724>	"町字"@ja	<http://www.wikidata.org/entity/P131>	"位置する行政区画"@ja	<https://ja.wikipedia.org/wiki/%E4%B8%8B%E7%94%BA_(%E3%81%95%E3%81%84%E3%81%9F%E3%81%BE%E5%B8%82)>
<http://www.wikidata.org/entity/Q11413152>	"吉敷町"@ja	<http://www.wikidata.org/entity/Q5327369>	"町丁"@ja	<http://www.wikidata.org/entity/P131>	"位置する行政区画"@ja	<https://ja.wikipedia.org/wiki/%E5%90%89%E6%95%B7%E7%94%BA>
<http://www.wikidata.org/entity/Q11426643>	"埼玉県立大宮高等学校"@ja	<http://www.wikidata.org/entity/Q56351315>	"日本の高等学校"@ja	<http://www.wikidata.org/entity/P131>	"位置する行政区画"@ja	<https://ja.wikipedia.org/wiki/%E5%9F%BC%E7%8E%89%E7%9C%8C%E7%AB%8B%E5%A4%A7%E5%AE%AE%E9%AB%98%E7%AD%89%E5%AD%A6%E6%A0%A1>
<http://www.wikidata.org/entity/Q11427992>	"堤智恵子"@ja	<http://www.wikidata.org/entity/Q5>	"ヒト"@ja	<http://www.wikidata.org/entity/P19>	"出生地"@ja	<https://ja.wikipedia.org/wiki/%E5%A0%A4%E6%99%BA%E6%81%B5%E5%AD%90>
<http://www.wikidata.org/entity/Q11434403>	"大宮南銀座"@ja	<http://www.wikidata.org/entity/Q96288394>	"日本の商店街"@ja	<http://www.wikidata.org/entity/P131>	"位置する行政区画"@ja	<https://ja.wikipedia.org/wiki/%E5%A4%A7%E5%AE%AE%E5%8D%97%E9%8A%80%E5%BA%A7>
<http://www.wikidata.org/entity/Q11434403>	"大宮南銀座"@ja	<http://www.wikidata.org/entity/Q66364404>	"繁華街"@ja	<http://www.wikidata.org/entity/P131>	"位置する行政区画"@ja	<https://ja.wikipedia.org/wiki/%E5%A4%A7%E5%AE%AE%E5%8D%97%E9%8A%80%E5%BA%A7>
<http://www.wikidata.org/entity/Q11434473>	"大宮銀座通り"@ja	<http://www.wikidata.org/entity/Q96288394>	"日本の商店街"@ja	<http://www.wikidata.org/entity/P131>	"位置する行政区画"@ja	<https://ja.wikipedia.org/wiki/%E5%A4%A7%E5%AE%AE%E9%8A%80%E5%BA%A7%E9%80%9A%E3%82%8A>
<http://www.wikidata.org/entity/Q11434477>	"大宮開成中学・高等学校"@ja	<http://www.wikidata.org/entity/Q21655594>	"日本の中高一貫校"@ja	<http://www.wikidata.org/entity/P131>	"位置する行政区画"@ja	<https://ja.wikipedia.org/wiki/%E5%A4%A7%E5%AE%AE%E9%96%8B%E6%88%90%E4%B8%AD%E5%AD%A6%E3%83%BB%E9%AB%98%E7%AD%89%E5%AD%A6%E6%A0%A1>
<http://www.wikidata.org/entity/Q11435507>	"大成町"@ja	<http://www.wikidata.org/entity/Q5327369>	"町丁"@ja	<http://www.wikidata.org/entity/P131>	"位置する行政区画"@ja	<https://ja.wikipedia.org/wiki/%E5%A4%A7%E6%88%90%E7%94%BA_(%E3%81%95%E3%81%84%E3%81%9F%E3%81%BE%E5%B8%82)>
<http://www.wikidata.org/entity/Q11436250>	"大栄橋"@ja	<http://www.wikidata.org/entity/Q12584798>	"跨線橋"@ja	<http://www.wikidata.org/entity/P131>	"位置する行政区画"@ja	<https://ja.wikipedia.org/wiki/%E5%A4%A7%E6%A0%84%E6%A9%8B>
<http://www.wikidata.org/entity/Q11436250>	"大栄橋"@ja	<http://www.wikidata.org/entity/Q11637089>	"跨道橋"@ja	<http://www.wikidata.org/entity/P131>	"位置する行政区画"@ja	<https://ja.wikipedia.org/wiki/%E5%A4%A7%E6%A0%84%E6%A9%8B>
<http://www.wikidata.org/entity/Q11439845>	"大門町"@ja	<http://www.wikidata.org/entity/Q65948724>	"町字"@ja	<http://www.wikidata.org/entity/P131>	"位置する行政区画"@ja	<https://ja.wikipedia.org/wiki/%E5%A4%A7%E9%96%80%E7%94%BA_(%E3%81%95%E3%81%84%E3%81%9F%E3%81%BE%E5%B8%82)>
<http://www.wikidata.org/entity/Q11448333>	"学校法人佐藤栄学園"@ja	<http://www.wikidata.org/entity/Q5341295>	"教育組織"@ja	<http://www.wikidata.org/entity/P159>	"本部所在地"@ja	<https://ja.wikipedia.org/wiki/%E5%AD%A6%E6%A0%A1%E6%B3%95%E4%BA%BA%E4%BD%90%E8%97%A4%E6%A0%84%E5%AD%A6%E5%9C%92>
<http://www.wikidata.org/entity/Q11448333>	"学校法人佐藤栄学園"@ja	<http://www.wikidata.org/entity/Q5341295>	"教育組織"@ja	<http://www.wikidata.org/entity/P131>	"位置する行政区画"@ja	<https://ja.wikipedia.org/wiki/%E5%AD%A6%E6%A0%A1%E6%B3%95%E4%BA%BA%E4%BD%90%E8%97%A4%E6%A0%84%E5%AD%A6%E5%9C%92>
<http://www.wikidata.org/entity/Q11455204>	"宮町"@ja	<http://www.wikidata.org/entity/Q5327369>	"町丁"@ja	<http://www.wikidata.org/entity/P131>	"位置する行政区画"@ja	<https://ja.wikipedia.org/wiki/%E5%AE%AE%E7%94%BA_(%E3%81%95%E3%81%84%E3%81%9F%E3%81%BE%E5%B8%82%E5%A4%A7%E5%AE%AE%E5%8C%BA)>
<http://www.wikidata.org/entity/Q11527189>	"東日本旅客鉄道大宮支社"@ja	<http://www.wikidata.org/entity/Q1880737>	"支部"@ja	<http://www.wikidata.org/entity/P131>	"位置する行政区画"@ja	<https://ja.wikipedia.org/wiki/%E6%9D%B1%E6%97%A5%E6%9C%AC%E6%97%85%E5%AE%A2%E9%89%84%E9%81%93%E5%A4%A7%E5%AE%AE%E6%94%AF%E7%A4%BE>
<http://www.wikidata.org/entity/Q11538086>	"桜木町"@ja	<http://www.wikidata.org/entity/Q5327369>	"町丁"@ja	<http://www.wikidata.org/entity/P131>	"位置する行政区画"@ja	<https://ja.wikipedia.org/wiki/%E6%A1%9C%E6%9C%A8%E7%94%BA_(%E3%81%95%E3%81%84%E3%81%9F%E3%81%BE%E5%B8%82)>
<http://www.wikidata.org/entity/Q11538086>	"桜木町"@ja	<http://www.wikidata.org/entity/Q3957>	"街"@ja	<http://www.wikidata.org/entity/P131>	"位置する行政区画"@ja	<https://ja.wikipedia.org/wiki/%E6%A1%9C%E6%9C%A8%E7%94%BA_(%E3%81%95%E3%81%84%E3%81%9F%E3%81%BE%E5%B8%82)>
<http://www.wikidata.org/entity/Q11650510>	"錦町"@ja	<http://www.wikidata.org/entity/Q5327369>	"町丁"@ja	<http://www.wikidata.org/entity/P131>	"位置する行政区画"@ja	<https://ja.wikipedia.org/wiki/%E9%8C%A6%E7%94%BA_(%E3%81%95%E3%81%84%E3%81%9F%E3%81%BE%E5%B8%82)>
<http://www.wikidata.org/entity/Q18337222>	"高鼻町"@ja	<http://www.wikidata.org/entity/Q5327369>	"町丁"@ja	<http://www.wikidata.org/entity/P131>	"位置する行政区画"@ja	<https://ja.wikipedia.org/wiki/%E9%AB%98%E9%BC%BB%E7%94%BA>
<http://www.wikidata.org/entity/Q86496305>	"さいたま市立大宮小学校"@ja	<http://www.wikidata.org/entity/Q5358913>	"日本の小学校"@ja	<http://www.wikidata.org/entity/P131>	"位置する行政区画"@ja	<https://ja.wikipedia.org/wiki/%E3%81%95%E3%81%84%E3%81%9F%E3%81%BE%E5%B8%82%E7%AB%8B%E5%A4%A7%E5%AE%AE%E5%B0%8F%E5%AD%A6%E6%A0%A1>
<http://www.wikidata.org/entity/Q86496310>	"さいたま市立大宮南小学校"@ja	<http://www.wikidata.org/entity/Q5358913>	"日本の小学校"@ja	<http://www.wikidata.org/entity/P131>	"位置する行政区画"@ja	<https://ja.wikipedia.org/wiki/%E3%81%95%E3%81%84%E3%81%9F%E3%81%BE%E5%B8%82%E7%AB%8B%E5%A4%A7%E5%AE%AE%E5%8D%97%E5%B0%8F%E5%AD%A6%E6%A0%A1>
<http://www.wikidata.org/entity/Q86496308>	"さいたま市立大宮東小学校"@ja	<http://www.wikidata.org/entity/Q5358913>	"日本の小学校"@ja	<http://www.wikidata.org/entity/P131>	"位置する行政区画"@ja	<https://ja.wikipedia.org/wiki/%E3%81%95%E3%81%84%E3%81%9F%E3%81%BE%E5%B8%82%E7%AB%8B%E5%A4%A7%E5%AE%AE%E6%9D%B1%E5%B0%8F%E5%AD%A6%E6%A0%A1>
<http://www.wikidata.org/entity/Q86496315>	"さいたま市立桜木小学校"@ja	<http://www.wikidata.org/entity/Q5358913>	"日本の小学校"@ja	<http://www.wikidata.org/entity/P131>	"位置する行政区画"@ja	<https://ja.wikipedia.org/wiki/%E3%81%95%E3%81%84%E3%81%9F%E3%81%BE%E5%B8%82%E7%AB%8B%E6%A1%9C%E6%9C%A8%E5%B0%8F%E5%AD%A6%E6%A0%A1>
<http://www.wikidata.org/entity/Q86496313>	"さいたま市立大宮北小学校"@ja	<http://www.wikidata.org/entity/Q5358913>	"日本の小学校"@ja	<http://www.wikidata.org/entity/P131>	"位置する行政区画"@ja	<https://ja.wikipedia.org/wiki/%E3%81%95%E3%81%84%E3%81%9F%E3%81%BE%E5%B8%82%E7%AB%8B%E5%A4%A7%E5%AE%AE%E5%8C%97%E5%B0%8F%E5%AD%A6%E6%A0%A1>
<http://www.wikidata.org/entity/Q86496317>	"さいたま市立三橋小学校"@ja	<http://www.wikidata.org/entity/Q5358913>	"日本の小学校"@ja	<http://www.wikidata.org/entity/P131>	"位置する行政区画"@ja	<https://ja.wikipedia.org/wiki/%E3%81%95%E3%81%84%E3%81%9F%E3%81%BE%E5%B8%82%E7%AB%8B%E4%B8%89%E6%A9%8B%E5%B0%8F%E5%AD%A6%E6%A0%A1>
<http://www.wikidata.org/entity/Q86496373>	"さいたま市立芝川小学校"@ja	<http://www.wikidata.org/entity/Q5358913>	"日本の小学校"@ja	<http://www.wikidata.org/entity/P131>	"位置する行政区画"@ja	<https://ja.wikipedia.org/wiki/%E3%81%95%E3%81%84%E3%81%9F%E3%81%BE%E5%B8%82%E7%AB%8B%E8%8A%9D%E5%B7%9D%E5%B0%8F%E5%AD%A6%E6%A0%A1>
<http://www.wikidata.org/entity/Q86496378>	"さいたま市立上小小学校"@ja	<http://www.wikidata.org/entity/Q5358913>	"日本の小学校"@ja	<http://www.wikidata.org/entity/P131>	"位置する行政区画"@ja	<https://ja.wikipedia.org/wiki/%E3%81%95%E3%81%84%E3%81%9F%E3%81%BE%E5%B8%82%E7%AB%8B%E4%B8%8A%E5%B0%8F%E5%B0%8F%E5%AD%A6%E6%A0%A1>
<http://www.wikidata.org/entity/Q86911377>	"さいたま市立大宮国際中等教育学校"@ja	<http://www.wikidata.org/entity/Q11366867>	"日本の中等教育学校"@ja	<http://www.wikidata.org/entity/P131>	"位置する行政区画"@ja	<https://ja.wikipedia.org/wiki/%E3%81%95%E3%81%84%E3%81%9F%E3%81%BE%E5%B8%82%E7%AB%8B%E5%A4%A7%E5%AE%AE%E5%9B%BD%E9%9A%9B%E4%B8%AD%E7%AD%89%E6%95%99%E8%82%B2%E5%AD%A6%E6%A0%A1>
<http://www.wikidata.org/entity/Q106836629>	"四恩寺"@ja	<http://www.wikidata.org/entity/Q5393308>	"仏教寺院"@ja	<http://www.wikidata.org/entity/P131>	"位置する行政区画"@ja	<https://ja.wikipedia.org/wiki/%E5%9B%9B%E6%81%A9%E5%AF%BA>
<http://www.wikidata.org/entity/Q114238074>	"大宮門街"@ja	<http://www.wikidata.org/entity/Q1497364>	"複合ビル"@ja	<http://www.wikidata.org/entity/P131>	"位置する行政区画"@ja	<https://ja.wikipedia.org/wiki/%E5%A4%A7%E5%AE%AE%E9%96%80%E8%A1%97>
<http://www.wikidata.org/entity/Q114238074>	"大宮門街"@ja	<http://www.wikidata.org/entity/Q11303>	"超高層建築物"@ja	<http://www.wikidata.org/entity/P131>	"位置する行政区画"@ja	<https://ja.wikipedia.org/wiki/%E5%A4%A7%E5%AE%AE%E9%96%80%E8%A1%97>
