?s	?sLabel	?type	?typeLabel	?prop	?propLabel	?jwiki
<http://www.wikidata.org/entity/Q11267479>	"さいたま市立指扇中学校"@ja	<http://www.wikidata.org/entity/Q55521176>	"日本の中学校"@ja	<http://www.wikidata.org/entity/P131>	"位置する行政区画"@ja	<https://ja.wikipedia.org/wiki/%E3%81%95%E3%81%84%E3%81%9F%E3%81%BE%E5%B8%82%E7%AB%8B%E6%8C%87%E6%89%87%E4%B8%AD%E5%AD%A6%E6%A0%A1>
<http://www.wikidata.org/entity/Q11267488>	"さいたま市立植水中学校"@ja	<http://www.wikidata.org/entity/Q55521176>	"日本の中学校"@ja	<http://www.wikidata.org/entity/P131>	"位置する行政区画"@ja	<https://ja.wikipedia.org/wiki/%E3%81%95%E3%81%84%E3%81%9F%E3%81%BE%E5%B8%82%E7%AB%8B%E6%A4%8D%E6%B0%B4%E4%B8%AD%E5%AD%A6%E6%A0%A1>
<http://www.wikidata.org/entity/Q11267489>	"さいたま市立植水小学校"@ja	<http://www.wikidata.org/entity/Q5358913>	"日本の小学校"@ja	<http://www.wikidata.org/entity/P131>	"位置する行政区画"@ja	<https://ja.wikipedia.org/wiki/%E3%81%95%E3%81%84%E3%81%9F%E3%81%BE%E5%B8%82%E7%AB%8B%E6%A4%8D%E6%B0%B4%E5%B0%8F%E5%AD%A6%E6%A0%A1>
<http://www.wikidata.org/entity/Q11267501>	"さいたま市立馬宮中学校"@ja	<http://www.wikidata.org/entity/Q55521176>	"日本の中学校"@ja	<http://www.wikidata.org/entity/P131>	"位置する行政区画"@ja	<https://ja.wikipedia.org/wiki/%E3%81%95%E3%81%84%E3%81%9F%E3%81%BE%E5%B8%82%E7%AB%8B%E9%A6%AC%E5%AE%AE%E4%B8%AD%E5%AD%A6%E6%A0%A1>
<http://www.wikidata.org/entity/Q11355996>	"三橋"@ja	<http://www.wikidata.org/entity/Q5327369>	"町丁"@ja	<http://www.wikidata.org/entity/P131>	"位置する行政区画"@ja	<https://ja.wikipedia.org/wiki/%E4%B8%89%E6%A9%8B_(%E3%81%95%E3%81%84%E3%81%9F%E3%81%BE%E5%B8%82)>
<http://www.wikidata.org/entity/Q11355996>	"三橋"@ja	<http://www.wikidata.org/entity/Q3957>	"街"@ja	<http://www.wikidata.org/entity/P131>	"位置する行政区画"@ja	<https://ja.wikipedia.org/wiki/%E4%B8%89%E6%A9%8B_(%E3%81%95%E3%81%84%E3%81%9F%E3%81%BE%E5%B8%82)>
<http://www.wikidata.org/entity/Q11426529>	"埼玉栄中学校・高等学校"@ja	<http://www.wikidata.org/entity/Q21655594>	"日本の中高一貫校"@ja	<http://www.wikidata.org/entity/P131>	"位置する行政区画"@ja	<https://ja.wikipedia.org/wiki/%E5%9F%BC%E7%8E%89%E6%A0%84%E4%B8%AD%E5%AD%A6%E6%A0%A1%E3%83%BB%E9%AB%98%E7%AD%89%E5%AD%A6%E6%A0%A1>
<http://www.wikidata.org/entity/Q11426638>	"埼玉県立大宮南高等学校"@ja	<http://www.wikidata.org/entity/Q56351315>	"日本の高等学校"@ja	<http://www.wikidata.org/entity/P131>	"位置する行政区画"@ja	<https://ja.wikipedia.org/wiki/%E5%9F%BC%E7%8E%89%E7%9C%8C%E7%AB%8B%E5%A4%A7%E5%AE%AE%E5%8D%97%E9%AB%98%E7%AD%89%E5%AD%A6%E6%A0%A1>
<http://www.wikidata.org/entity/Q11426636>	"埼玉県立大宮光陵高等学校"@ja	<http://www.wikidata.org/entity/Q56351315>	"日本の高等学校"@ja	<http://www.wikidata.org/entity/P131>	"位置する行政区画"@ja	<https://ja.wikipedia.org/wiki/%E5%9F%BC%E7%8E%89%E7%9C%8C%E7%AB%8B%E5%A4%A7%E5%AE%AE%E5%85%89%E9%99%B5%E9%AB%98%E7%AD%89%E5%AD%A6%E6%A0%A1>
<http://www.wikidata.org/entity/Q11426637>	"埼玉県立大宮北特別支援学校"@ja	<http://www.wikidata.org/entity/Q43271061>	"特別支援学校"@ja	<http://www.wikidata.org/entity/P131>	"位置する行政区画"@ja	<https://ja.wikipedia.org/wiki/%E5%9F%BC%E7%8E%89%E7%9C%8C%E7%AB%8B%E5%A4%A7%E5%AE%AE%E5%8C%97%E7%89%B9%E5%88%A5%E6%94%AF%E6%8F%B4%E5%AD%A6%E6%A0%A1>
<http://www.wikidata.org/entity/Q11426641>	"埼玉県立大宮武蔵野高等学校"@ja	<http://www.wikidata.org/entity/Q56351315>	"日本の高等学校"@ja	<http://www.wikidata.org/entity/P131>	"位置する行政区画"@ja	<https://ja.wikipedia.org/wiki/%E5%9F%BC%E7%8E%89%E7%9C%8C%E7%AB%8B%E5%A4%A7%E5%AE%AE%E6%AD%A6%E8%94%B5%E9%87%8E%E9%AB%98%E7%AD%89%E5%AD%A6%E6%A0%A1>
<http://www.wikidata.org/entity/Q11434461>	"大宮西警察署"@ja	<http://www.wikidata.org/entity/Q861951>	"警察署"@ja	<http://www.wikidata.org/entity/P131>	"位置する行政区画"@ja	<https://ja.wikipedia.org/wiki/%E5%A4%A7%E5%AE%AE%E8%A5%BF%E8%AD%A6%E5%AF%9F%E7%BD%B2>
<http://www.wikidata.org/entity/Q17213941>	"プラザ"@ja	<http://www.wikidata.org/entity/Q486972>	"集落"@ja	<http://www.wikidata.org/entity/P131>	"位置する行政区画"@ja	<https://ja.wikipedia.org/wiki/%E3%83%97%E3%83%A9%E3%82%B6_(%E3%81%95%E3%81%84%E3%81%9F%E3%81%BE%E5%B8%82)>
<http://www.wikidata.org/entity/Q18337383>	"土屋"@ja	<http://www.wikidata.org/entity/Q5327369>	"町丁"@ja	<http://www.wikidata.org/entity/P131>	"位置する行政区画"@ja	<https://ja.wikipedia.org/wiki/%E5%9C%9F%E5%B1%8B_(%E3%81%95%E3%81%84%E3%81%9F%E3%81%BE%E5%B8%82)>
<http://www.wikidata.org/entity/Q28689866>	"さいたま市立馬宮西小学校"@ja	<http://www.wikidata.org/entity/Q5358913>	"日本の小学校"@ja	<http://www.wikidata.org/entity/P131>	"位置する行政区画"@ja	<https://ja.wikipedia.org/wiki/%E3%81%95%E3%81%84%E3%81%9F%E3%81%BE%E5%B8%82%E7%AB%8B%E9%A6%AC%E5%AE%AE%E8%A5%BF%E5%B0%8F%E5%AD%A6%E6%A0%A1>
<http://www.wikidata.org/entity/Q28691712>	"さいたま市立大宮西小学校"@ja	<http://www.wikidata.org/entity/Q5358913>	"日本の小学校"@ja	<http://www.wikidata.org/entity/P131>	"位置する行政区画"@ja	<https://ja.wikipedia.org/wiki/%E3%81%95%E3%81%84%E3%81%9F%E3%81%BE%E5%B8%82%E7%AB%8B%E5%A4%A7%E5%AE%AE%E8%A5%BF%E5%B0%8F%E5%AD%A6%E6%A0%A1>
<http://www.wikidata.org/entity/Q30929320>	"法光寺"@ja	<http://www.wikidata.org/entity/Q5393308>	"仏教寺院"@ja	<http://www.wikidata.org/entity/P131>	"位置する行政区画"@ja	<https://ja.wikipedia.org/wiki/%E6%B3%95%E5%85%89%E5%AF%BA_(%E3%81%95%E3%81%84%E3%81%9F%E3%81%BE%E5%B8%82)>
<http://www.wikidata.org/entity/Q70369270>	"永田陣屋"@ja	<http://www.wikidata.org/entity/Q908908>	"陣屋"@ja	<http://www.wikidata.org/entity/P131>	"位置する行政区画"@ja	<https://ja.wikipedia.org/wiki/%E6%B0%B8%E7%94%B0%E9%99%A3%E5%B1%8B>
<http://www.wikidata.org/entity/Q86496359>	"さいたま市立指扇小学校"@ja	<http://www.wikidata.org/entity/Q5358913>	"日本の小学校"@ja	<http://www.wikidata.org/entity/P131>	"位置する行政区画"@ja	<https://ja.wikipedia.org/wiki/%E3%81%95%E3%81%84%E3%81%9F%E3%81%BE%E5%B8%82%E7%AB%8B%E6%8C%87%E6%89%87%E5%B0%8F%E5%AD%A6%E6%A0%A1>
<http://www.wikidata.org/entity/Q86496363>	"さいたま市立馬宮東小学校"@ja	<http://www.wikidata.org/entity/Q5358913>	"日本の小学校"@ja	<http://www.wikidata.org/entity/P131>	"位置する行政区画"@ja	<https://ja.wikipedia.org/wiki/%E3%81%95%E3%81%84%E3%81%9F%E3%81%BE%E5%B8%82%E7%AB%8B%E9%A6%AC%E5%AE%AE%E6%9D%B1%E5%B0%8F%E5%AD%A6%E6%A0%A1>
<http://www.wikidata.org/entity/Q86496381>	"さいたま市立宮前小学校"@ja	<http://www.wikidata.org/entity/Q5358913>	"日本の小学校"@ja	<http://www.wikidata.org/entity/P131>	"位置する行政区画"@ja	<https://ja.wikipedia.org/wiki/%E3%81%95%E3%81%84%E3%81%9F%E3%81%BE%E5%B8%82%E7%AB%8B%E5%AE%AE%E5%89%8D%E5%B0%8F%E5%AD%A6%E6%A0%A1>
<http://www.wikidata.org/entity/Q86496387>	"さいたま市立指扇北小学校"@ja	<http://www.wikidata.org/entity/Q5358913>	"日本の小学校"@ja	<http://www.wikidata.org/entity/P131>	"位置する行政区画"@ja	<https://ja.wikipedia.org/wiki/%E3%81%95%E3%81%84%E3%81%9F%E3%81%BE%E5%B8%82%E7%AB%8B%E6%8C%87%E6%89%87%E5%8C%97%E5%B0%8F%E5%AD%A6%E6%A0%A1>
<http://www.wikidata.org/entity/Q87152575>	"さいたま市立栄小学校"@ja	<http://www.wikidata.org/entity/Q5358913>	"日本の小学校"@ja	<http://www.wikidata.org/entity/P131>	"位置する行政区画"@ja	<https://ja.wikipedia.org/wiki/%E3%81%95%E3%81%84%E3%81%9F%E3%81%BE%E5%B8%82%E7%AB%8B%E6%A0%84%E5%B0%8F%E5%AD%A6%E6%A0%A1>
<http://www.wikidata.org/entity/Q98833911>	"西大宮"@ja	<http://www.wikidata.org/entity/Q5327369>	"町丁"@ja	<http://www.wikidata.org/entity/P131>	"位置する行政区画"@ja	<https://ja.wikipedia.org/wiki/%E8%A5%BF%E5%A4%A7%E5%AE%AE>
<http://www.wikidata.org/entity/Q98833911>	"西大宮"@ja	<http://www.wikidata.org/entity/Q3957>	"街"@ja	<http://www.wikidata.org/entity/P131>	"位置する行政区画"@ja	<https://ja.wikipedia.org/wiki/%E8%A5%BF%E5%A4%A7%E5%AE%AE>
<http://www.wikidata.org/entity/Q110197348>	"秋葉神社"@ja	<http://www.wikidata.org/entity/Q845945>	"神社"@ja	<http://www.wikidata.org/entity/P131>	"位置する行政区画"@ja	<https://ja.wikipedia.org/wiki/%E7%A7%8B%E8%91%89%E7%A5%9E%E7%A4%BE_(%E3%81%95%E3%81%84%E3%81%9F%E3%81%BE%E5%B8%82%E8%A5%BF%E5%8C%BA)>
<http://www.wikidata.org/entity/Q115684614>	"清河寺"@ja	<http://www.wikidata.org/entity/Q5393308>	"仏教寺院"@ja	<http://www.wikidata.org/entity/P131>	"位置する行政区画"@ja	<https://ja.wikipedia.org/wiki/%E6%B8%85%E6%B2%B3%E5%AF%BA_(%E3%81%95%E3%81%84%E3%81%9F%E3%81%BE%E5%B8%82)>
<http://www.wikidata.org/entity/Q134635>	"さいたま市"@ja	<http://www.wikidata.org/entity/Q65589340>	"都道府県庁所在地"@ja	<http://www.wikidata.org/entity/P150>	"直下の行政区画"@ja	<https://ja.wikipedia.org/wiki/%E3%81%95%E3%81%84%E3%81%9F%E3%81%BE%E5%B8%82>
<http://www.wikidata.org/entity/Q134635>	"さいたま市"@ja	<http://www.wikidata.org/entity/Q11499984>	"文教都市"@ja	<http://www.wikidata.org/entity/P150>	"直下の行政区画"@ja	<https://ja.wikipedia.org/wiki/%E3%81%95%E3%81%84%E3%81%9F%E3%81%BE%E5%B8%82>
<http://www.wikidata.org/entity/Q134635>	"さいたま市"@ja	<http://www.wikidata.org/entity/Q11422368>	"国際会議観光都市"@ja	<http://www.wikidata.org/entity/P150>	"直下の行政区画"@ja	<https://ja.wikipedia.org/wiki/%E3%81%95%E3%81%84%E3%81%9F%E3%81%BE%E5%B8%82>
<http://www.wikidata.org/entity/Q134635>	"さいたま市"@ja	<http://www.wikidata.org/entity/Q1749269>	"政令指定都市"@ja	<http://www.wikidata.org/entity/P150>	"直下の行政区画"@ja	<https://ja.wikipedia.org/wiki/%E3%81%95%E3%81%84%E3%81%9F%E3%81%BE%E5%B8%82>
<http://www.wikidata.org/entity/Q134635>	"さいたま市"@ja	<http://www.wikidata.org/entity/Q1637706>	"100万都市"@ja	<http://www.wikidata.org/entity/P150>	"直下の行政区画"@ja	<https://ja.wikipedia.org/wiki/%E3%81%95%E3%81%84%E3%81%9F%E3%81%BE%E5%B8%82>
<http://www.wikidata.org/entity/Q134635>	"さいたま市"@ja	<http://www.wikidata.org/entity/Q1549591>	"10万都市"@ja	<http://www.wikidata.org/entity/P150>	"直下の行政区画"@ja	<https://ja.wikipedia.org/wiki/%E3%81%95%E3%81%84%E3%81%9F%E3%81%BE%E5%B8%82>
<http://www.wikidata.org/entity/Q134635>	"さいたま市"@ja	<http://www.wikidata.org/entity/Q691960>	"衛星都市"@ja	<http://www.wikidata.org/entity/P150>	"直下の行政区画"@ja	<https://ja.wikipedia.org/wiki/%E3%81%95%E3%81%84%E3%81%9F%E3%81%BE%E5%B8%82>
<http://www.wikidata.org/entity/Q134635>	"さいたま市"@ja	<http://www.wikidata.org/entity/Q494721>	"日本の市"@ja	<http://www.wikidata.org/entity/P150>	"直下の行政区画"@ja	<https://ja.wikipedia.org/wiki/%E3%81%95%E3%81%84%E3%81%9F%E3%81%BE%E5%B8%82>
<http://www.wikidata.org/entity/Q9245452>	"Category:西区 (さいたま市)"@ja	<http://www.wikidata.org/entity/Q4167836>	"ウィキメディアのカテゴリ"@ja	<http://www.wikidata.org/entity/P301>	"カテゴリの中心主題"@ja	<https://ja.wikipedia.org/wiki/Category:%E8%A5%BF%E5%8C%BA_(%E3%81%95%E3%81%84%E3%81%9F%E3%81%BE%E5%B8%82)>
<http://www.wikidata.org/entity/Q11267445>	"さいたま市立土屋中学校"@ja	<http://www.wikidata.org/entity/Q55521176>	"日本の中学校"@ja	<http://www.wikidata.org/entity/P131>	"位置する行政区画"@ja	<https://ja.wikipedia.org/wiki/%E3%81%95%E3%81%84%E3%81%9F%E3%81%BE%E5%B8%82%E7%AB%8B%E5%9C%9F%E5%B1%8B%E4%B8%AD%E5%AD%A6%E6%A0%A1>
<http://www.wikidata.org/entity/Q11267459>	"さいたま市立大宮西中学校"@ja	<http://www.wikidata.org/entity/Q55521176>	"日本の中学校"@ja	<http://www.wikidata.org/entity/P131>	"位置する行政区画"@ja	<https://ja.wikipedia.org/wiki/%E3%81%95%E3%81%84%E3%81%9F%E3%81%BE%E5%B8%82%E7%AB%8B%E5%A4%A7%E5%AE%AE%E8%A5%BF%E4%B8%AD%E5%AD%A6%E6%A0%A1>
<http://www.wikidata.org/entity/Q11267470>	"さいたま市立宮前中学校"@ja	<http://www.wikidata.org/entity/Q55521176>	"日本の中学校"@ja	<http://www.wikidata.org/entity/P131>	"位置する行政区画"@ja	<https://ja.wikipedia.org/wiki/%E3%81%95%E3%81%84%E3%81%9F%E3%81%BE%E5%B8%82%E7%AB%8B%E5%AE%AE%E5%89%8D%E4%B8%AD%E5%AD%A6%E6%A0%A1>
<http://www.wikidata.org/entity/Q86911345>	"埼玉県立大宮北特別支援学校 さいたま西分校"@ja	<http://www.wikidata.org/entity/Q11396122>	"分校"@ja	<http://www.wikidata.org/entity/P131>	"位置する行政区画"@ja	
<http://www.wikidata.org/entity/Q86911373>	"さいたま市立ひまわり特別支援学校"@ja	<http://www.wikidata.org/entity/Q43271061>	"特別支援学校"@ja	<http://www.wikidata.org/entity/P131>	"位置する行政区画"@ja	
<http://www.wikidata.org/entity/Q86990018>	"埼玉栄中学校"@ja	<http://www.wikidata.org/entity/Q55521176>	"日本の中学校"@ja	<http://www.wikidata.org/entity/P131>	"位置する行政区画"@ja	
<http://www.wikidata.org/entity/Q86990093>	"埼玉栄高等学校"@ja	<http://www.wikidata.org/entity/Q56351315>	"日本の高等学校"@ja	<http://www.wikidata.org/entity/P131>	"位置する行政区画"@ja	
<http://www.wikidata.org/entity/Q110783225>	"株式会社戦極MC"@ja	<http://www.wikidata.org/entity/Q134161>	"株式会社"@ja	<http://www.wikidata.org/entity/P159>	"本部所在地"@ja	
