?s	?sLabel	?type	?typeLabel	?prop	?propLabel	?jwiki
<http://www.wikidata.org/entity/Q5001622>	"武州荒木駅"@ja	<http://www.wikidata.org/entity/Q55488>	"鉄道駅"@ja	<http://www.wikidata.org/entity/P131>	"位置する行政区画"@ja	<https://ja.wikipedia.org/wiki/%E6%AD%A6%E5%B7%9E%E8%8D%92%E6%9C%A8%E9%A7%85>
<http://www.wikidata.org/entity/Q5017775>	"埼玉県立さきたま史跡の博物館"@ja	<http://www.wikidata.org/entity/Q4409567>	"都道府県立博物館"@ja	<http://www.wikidata.org/entity/P131>	"位置する行政区画"@ja	<https://ja.wikipedia.org/wiki/%E5%9F%BC%E7%8E%89%E7%9C%8C%E7%AB%8B%E3%81%95%E3%81%8D%E3%81%9F%E3%81%BE%E5%8F%B2%E8%B7%A1%E3%81%AE%E5%8D%9A%E7%89%A9%E9%A4%A8>
<http://www.wikidata.org/entity/Q5017775>	"埼玉県立さきたま史跡の博物館"@ja	<http://www.wikidata.org/entity/Q3329412>	"考古学博物館"@ja	<http://www.wikidata.org/entity/P131>	"位置する行政区画"@ja	<https://ja.wikipedia.org/wiki/%E5%9F%BC%E7%8E%89%E7%9C%8C%E7%AB%8B%E3%81%95%E3%81%8D%E3%81%9F%E3%81%BE%E5%8F%B2%E8%B7%A1%E3%81%AE%E5%8D%9A%E7%89%A9%E9%A4%A8>
<http://www.wikidata.org/entity/Q5507598>	"吹上町"@ja	<http://www.wikidata.org/entity/Q18663566>	"日本の廃止市区町村"@ja	<http://www.wikidata.org/entity/P3842>	"位置する現在の行政区画"@ja	<https://ja.wikipedia.org/wiki/%E5%90%B9%E4%B8%8A%E7%94%BA_(%E5%9F%BC%E7%8E%89%E7%9C%8C)>
<http://www.wikidata.org/entity/Q5507598>	"吹上町"@ja	<http://www.wikidata.org/entity/Q18663566>	"日本の廃止市区町村"@ja	<http://www.wikidata.org/entity/P1366>	"後継"@ja	<https://ja.wikipedia.org/wiki/%E5%90%B9%E4%B8%8A%E7%94%BA_(%E5%9F%BC%E7%8E%89%E7%9C%8C)>
<http://www.wikidata.org/entity/Q5625685>	"行田市駅"@ja	<http://www.wikidata.org/entity/Q55488>	"鉄道駅"@ja	<http://www.wikidata.org/entity/P131>	"位置する行政区画"@ja	<https://ja.wikipedia.org/wiki/%E8%A1%8C%E7%94%B0%E5%B8%82%E9%A7%85>
<http://www.wikidata.org/entity/Q5753524>	"東行田駅"@ja	<http://www.wikidata.org/entity/Q55488>	"鉄道駅"@ja	<http://www.wikidata.org/entity/P131>	"位置する行政区画"@ja	<https://ja.wikipedia.org/wiki/%E6%9D%B1%E8%A1%8C%E7%94%B0%E9%A7%85>
<http://www.wikidata.org/entity/Q6863087>	"南河原村"@ja	<http://www.wikidata.org/entity/Q18663566>	"日本の廃止市区町村"@ja	<http://www.wikidata.org/entity/P3842>	"位置する現在の行政区画"@ja	<https://ja.wikipedia.org/wiki/%E5%8D%97%E6%B2%B3%E5%8E%9F%E6%9D%91>
<http://www.wikidata.org/entity/Q6863087>	"南河原村"@ja	<http://www.wikidata.org/entity/Q18663566>	"日本の廃止市区町村"@ja	<http://www.wikidata.org/entity/P1366>	"後継"@ja	<https://ja.wikipedia.org/wiki/%E5%8D%97%E6%B2%B3%E5%8E%9F%E6%9D%91>
<http://www.wikidata.org/entity/Q9378378>	"Category:行田市"@ja	<http://www.wikidata.org/entity/Q4167836>	"ウィキメディアのカテゴリ"@ja	<http://www.wikidata.org/entity/P301>	"カテゴリの中心主題"@ja	<https://ja.wikipedia.org/wiki/Category:%E8%A1%8C%E7%94%B0%E5%B8%82>
<http://www.wikidata.org/entity/Q11280062>	"ものつくり大学"@ja	<http://www.wikidata.org/entity/Q3918>	"大学"@ja	<http://www.wikidata.org/entity/P159>	"本部所在地"@ja	<https://ja.wikipedia.org/wiki/%E3%82%82%E3%81%AE%E3%81%A4%E3%81%8F%E3%82%8A%E5%A4%A7%E5%AD%A6>
<http://www.wikidata.org/entity/Q11319228>	"テクノ・ホルティ園芸専門学校"@ja	<http://www.wikidata.org/entity/Q17987422>	"専門学校"@ja	<http://www.wikidata.org/entity/P131>	"位置する行政区画"@ja	<https://ja.wikipedia.org/wiki/%E3%83%86%E3%82%AF%E3%83%8E%E3%83%BB%E3%83%9B%E3%83%AB%E3%83%86%E3%82%A3%E5%9C%92%E8%8A%B8%E5%B0%82%E9%96%80%E5%AD%A6%E6%A0%A1>
<http://www.wikidata.org/entity/Q11360906>	"下忍村"@ja	<http://www.wikidata.org/entity/Q18663566>	"日本の廃止市区町村"@ja	<http://www.wikidata.org/entity/P3842>	"位置する現在の行政区画"@ja	<https://ja.wikipedia.org/wiki/%E4%B8%8B%E5%BF%8D%E6%9D%91>
<http://www.wikidata.org/entity/Q11362767>	"中の山古墳"@ja	<http://www.wikidata.org/entity/Q1141225>	"古墳"@ja	<http://www.wikidata.org/entity/P131>	"位置する行政区画"@ja	<https://ja.wikipedia.org/wiki/%E4%B8%AD%E3%81%AE%E5%B1%B1%E5%8F%A4%E5%A2%B3>
<http://www.wikidata.org/entity/Q11367417>	"高久隆古"@ja	<http://www.wikidata.org/entity/Q5>	"ヒト"@ja	<http://www.wikidata.org/entity/P19>	"出生地"@ja	<https://ja.wikipedia.org/wiki/%E9%AB%98%E4%B9%85%E9%9A%86%E5%8F%A4>
<http://www.wikidata.org/entity/Q11368078>	"丸墓山古墳"@ja	<http://www.wikidata.org/entity/Q1141225>	"古墳"@ja	<http://www.wikidata.org/entity/P131>	"位置する行政区画"@ja	<https://ja.wikipedia.org/wiki/%E4%B8%B8%E5%A2%93%E5%B1%B1%E5%8F%A4%E5%A2%B3>
<http://www.wikidata.org/entity/Q11371449>	"二子山古墳"@ja	<http://www.wikidata.org/entity/Q1141225>	"古墳"@ja	<http://www.wikidata.org/entity/P131>	"位置する行政区画"@ja	<https://ja.wikipedia.org/wiki/%E4%BA%8C%E5%AD%90%E5%B1%B1%E5%8F%A4%E5%A2%B3_(%E8%A1%8C%E7%94%B0%E5%B8%82)>
<http://www.wikidata.org/entity/Q11390962>	"八幡山古墳 (埼玉県)"@ja	<http://www.wikidata.org/entity/Q1141225>	"古墳"@ja	<http://www.wikidata.org/entity/P131>	"位置する行政区画"@ja	<https://ja.wikipedia.org/wiki/%E5%85%AB%E5%B9%A1%E5%B1%B1%E5%8F%A4%E5%A2%B3_(%E8%A1%8C%E7%94%B0%E5%B8%82)>
<http://www.wikidata.org/entity/Q11396892>	"利根大堰"@ja	<http://www.wikidata.org/entity/Q1066997>	"堰"@ja	<http://www.wikidata.org/entity/P131>	"位置する行政区画"@ja	<https://ja.wikipedia.org/wiki/%E5%88%A9%E6%A0%B9%E5%A4%A7%E5%A0%B0>
<http://www.wikidata.org/entity/Q11396892>	"利根大堰"@ja	<http://www.wikidata.org/entity/Q537127>	"道路橋"@ja	<http://www.wikidata.org/entity/P131>	"位置する行政区画"@ja	<https://ja.wikipedia.org/wiki/%E5%88%A9%E6%A0%B9%E5%A4%A7%E5%A0%B0>
<http://www.wikidata.org/entity/Q11397359>	"前玉神社"@ja	<http://www.wikidata.org/entity/Q845945>	"神社"@ja	<http://www.wikidata.org/entity/P131>	"位置する行政区画"@ja	<https://ja.wikipedia.org/wiki/%E5%89%8D%E7%8E%89%E7%A5%9E%E7%A4%BE>
<http://www.wikidata.org/entity/Q11402342>	"北河原村"@ja	<http://www.wikidata.org/entity/Q18663566>	"日本の廃止市区町村"@ja	<http://www.wikidata.org/entity/P3842>	"位置する現在の行政区画"@ja	<https://ja.wikipedia.org/wiki/%E5%8C%97%E6%B2%B3%E5%8E%9F%E6%9D%91>
<http://www.wikidata.org/entity/Q11402342>	"北河原村"@ja	<http://www.wikidata.org/entity/Q18663566>	"日本の廃止市区町村"@ja	<http://www.wikidata.org/entity/P1366>	"後継"@ja	<https://ja.wikipedia.org/wiki/%E5%8C%97%E6%B2%B3%E5%8E%9F%E6%9D%91>
<http://www.wikidata.org/entity/Q11404741>	"十万石ふくさや"@ja	<http://www.wikidata.org/entity/Q90285603>	"製菓業者"@ja	<http://www.wikidata.org/entity/P159>	"本部所在地"@ja	<https://ja.wikipedia.org/wiki/%E5%8D%81%E4%B8%87%E7%9F%B3%E3%81%B5%E3%81%8F%E3%81%95%E3%82%84>
<http://www.wikidata.org/entity/Q11410920>	"古代蓮の里"@ja	<http://www.wikidata.org/entity/Q22698>	"公園"@ja	<http://www.wikidata.org/entity/P131>	"位置する行政区画"@ja	<https://ja.wikipedia.org/wiki/%E5%8F%A4%E4%BB%A3%E8%93%AE%E3%81%AE%E9%87%8C>
<http://www.wikidata.org/entity/Q11424667>	"地蔵塚古墳"@ja	<http://www.wikidata.org/entity/Q1141225>	"古墳"@ja	<http://www.wikidata.org/entity/P131>	"位置する行政区画"@ja	<https://ja.wikipedia.org/wiki/%E5%9C%B0%E8%94%B5%E5%A1%9A%E5%8F%A4%E5%A2%B3_(%E8%A1%8C%E7%94%B0%E5%B8%82)>
<http://www.wikidata.org/entity/Q11426527>	"埼玉村"@ja	<http://www.wikidata.org/entity/Q18663566>	"日本の廃止市区町村"@ja	<http://www.wikidata.org/entity/P3842>	"位置する現在の行政区画"@ja	<https://ja.wikipedia.org/wiki/%E5%9F%BC%E7%8E%89%E6%9D%91>
<http://www.wikidata.org/entity/Q11426527>	"埼玉村"@ja	<http://www.wikidata.org/entity/Q18663566>	"日本の廃止市区町村"@ja	<http://www.wikidata.org/entity/P1366>	"後継"@ja	<https://ja.wikipedia.org/wiki/%E5%9F%BC%E7%8E%89%E6%9D%91>
<http://www.wikidata.org/entity/Q11426758>	"埼玉県立行田女子高等学校"@ja	<http://www.wikidata.org/entity/Q56351315>	"日本の高等学校"@ja	<http://www.wikidata.org/entity/P131>	"位置する行政区画"@ja	<https://ja.wikipedia.org/wiki/%E5%9F%BC%E7%8E%89%E7%9C%8C%E7%AB%8B%E8%A1%8C%E7%94%B0%E5%A5%B3%E5%AD%90%E9%AB%98%E7%AD%89%E5%AD%A6%E6%A0%A1>
<http://www.wikidata.org/entity/Q11426759>	"埼玉県立行田工業高等学校"@ja	<http://www.wikidata.org/entity/Q56351315>	"日本の高等学校"@ja	<http://www.wikidata.org/entity/P131>	"位置する行政区画"@ja	<https://ja.wikipedia.org/wiki/%E5%9F%BC%E7%8E%89%E7%9C%8C%E7%AB%8B%E8%A1%8C%E7%94%B0%E5%B7%A5%E6%A5%AD%E9%AB%98%E7%AD%89%E5%AD%A6%E6%A0%A1>
<http://www.wikidata.org/entity/Q11426761>	"埼玉県立行田進修館高等学校"@ja	<http://www.wikidata.org/entity/Q56351315>	"日本の高等学校"@ja	<http://www.wikidata.org/entity/P131>	"位置する行政区画"@ja	<https://ja.wikipedia.org/wiki/%E5%9F%BC%E7%8E%89%E7%9C%8C%E7%AB%8B%E8%A1%8C%E7%94%B0%E9%80%B2%E4%BF%AE%E9%A4%A8%E9%AB%98%E7%AD%89%E5%AD%A6%E6%A0%A1>
<http://www.wikidata.org/entity/Q11426773>	"埼玉県立進修館高等学校"@ja	<http://www.wikidata.org/entity/Q56351315>	"日本の高等学校"@ja	<http://www.wikidata.org/entity/P131>	"位置する行政区画"@ja	<https://ja.wikipedia.org/wiki/%E5%9F%BC%E7%8E%89%E7%9C%8C%E7%AB%8B%E9%80%B2%E4%BF%AE%E9%A4%A8%E9%AB%98%E7%AD%89%E5%AD%A6%E6%A0%A1>
<http://www.wikidata.org/entity/Q11426836>	"埼玉県道128号"@ja	<http://www.wikidata.org/entity/Q34442>	"道路"@ja	<http://www.wikidata.org/entity/P131>	"位置する行政区画"@ja	<https://ja.wikipedia.org/wiki/%E5%9F%BC%E7%8E%89%E7%9C%8C%E9%81%93128%E5%8F%B7%E7%86%8A%E8%B0%B7%E7%BE%BD%E7%94%9F%E7%B7%9A>
<http://www.wikidata.org/entity/Q11426847>	"埼玉県道138号"@ja	<http://www.wikidata.org/entity/Q34442>	"道路"@ja	<http://www.wikidata.org/entity/P609>	"起終点"@ja	<https://ja.wikipedia.org/wiki/%E5%9F%BC%E7%8E%89%E7%9C%8C%E9%81%93138%E5%8F%B7%E8%A1%8C%E7%94%B0%E5%81%9C%E8%BB%8A%E5%A0%B4%E7%B7%9A>
<http://www.wikidata.org/entity/Q11426847>	"埼玉県道138号"@ja	<http://www.wikidata.org/entity/Q34442>	"道路"@ja	<http://www.wikidata.org/entity/P131>	"位置する行政区画"@ja	<https://ja.wikipedia.org/wiki/%E5%9F%BC%E7%8E%89%E7%9C%8C%E9%81%93138%E5%8F%B7%E8%A1%8C%E7%94%B0%E5%81%9C%E8%BB%8A%E5%A0%B4%E7%B7%9A>
<http://www.wikidata.org/entity/Q11426855>	"埼玉県道148号"@ja	<http://www.wikidata.org/entity/Q34442>	"道路"@ja	<http://www.wikidata.org/entity/P609>	"起終点"@ja	<https://ja.wikipedia.org/wiki/%E5%9F%BC%E7%8E%89%E7%9C%8C%E9%81%93148%E5%8F%B7%E9%A8%8E%E8%A5%BF%E9%B4%BB%E5%B7%A3%E7%B7%9A>
<http://www.wikidata.org/entity/Q11426855>	"埼玉県道148号"@ja	<http://www.wikidata.org/entity/Q34442>	"道路"@ja	<http://www.wikidata.org/entity/P131>	"位置する行政区画"@ja	<https://ja.wikipedia.org/wiki/%E5%9F%BC%E7%8E%89%E7%9C%8C%E9%81%93148%E5%8F%B7%E9%A8%8E%E8%A5%BF%E9%B4%BB%E5%B7%A3%E7%B7%9A>
<http://www.wikidata.org/entity/Q11426895>	"埼玉県道198号"@ja	<http://www.wikidata.org/entity/Q34442>	"道路"@ja	<http://www.wikidata.org/entity/P609>	"起終点"@ja	<https://ja.wikipedia.org/wiki/%E5%9F%BC%E7%8E%89%E7%9C%8C%E9%81%93198%E5%8F%B7%E8%A1%8C%E7%94%B0%E5%B8%82%E5%81%9C%E8%BB%8A%E5%A0%B4%E7%B7%9A>
<http://www.wikidata.org/entity/Q11426895>	"埼玉県道198号"@ja	<http://www.wikidata.org/entity/Q34442>	"道路"@ja	<http://www.wikidata.org/entity/P131>	"位置する行政区画"@ja	<https://ja.wikipedia.org/wiki/%E5%9F%BC%E7%8E%89%E7%9C%8C%E9%81%93198%E5%8F%B7%E8%A1%8C%E7%94%B0%E5%B8%82%E5%81%9C%E8%BB%8A%E5%A0%B4%E7%B7%9A>
<http://www.wikidata.org/entity/Q11426896>	"埼玉県道197号"@ja	<http://www.wikidata.org/entity/Q34442>	"道路"@ja	<http://www.wikidata.org/entity/P609>	"起終点"@ja	<https://ja.wikipedia.org/wiki/%E5%9F%BC%E7%8E%89%E7%9C%8C%E9%81%93197%E5%8F%B7%E6%AD%A6%E5%B7%9E%E8%8D%92%E6%9C%A8%E5%81%9C%E8%BB%8A%E5%A0%B4%E7%B7%9A>
<http://www.wikidata.org/entity/Q11426896>	"埼玉県道197号"@ja	<http://www.wikidata.org/entity/Q34442>	"道路"@ja	<http://www.wikidata.org/entity/P131>	"位置する行政区画"@ja	<https://ja.wikipedia.org/wiki/%E5%9F%BC%E7%8E%89%E7%9C%8C%E9%81%93197%E5%8F%B7%E6%AD%A6%E5%B7%9E%E8%8D%92%E6%9C%A8%E5%81%9C%E8%BB%8A%E5%A0%B4%E7%B7%9A>
<http://www.wikidata.org/entity/Q11426897>	"埼玉県道199号"@ja	<http://www.wikidata.org/entity/Q34442>	"道路"@ja	<http://www.wikidata.org/entity/P609>	"起終点"@ja	<https://ja.wikipedia.org/wiki/%E5%9F%BC%E7%8E%89%E7%9C%8C%E9%81%93199%E5%8F%B7%E8%A1%8C%E7%94%B0%E5%B8%82%E5%81%9C%E8%BB%8A%E5%A0%B4%E9%85%92%E5%B7%BB%E7%B7%9A>
<http://www.wikidata.org/entity/Q11426897>	"埼玉県道199号"@ja	<http://www.wikidata.org/entity/Q34442>	"道路"@ja	<http://www.wikidata.org/entity/P131>	"位置する行政区画"@ja	<https://ja.wikipedia.org/wiki/%E5%9F%BC%E7%8E%89%E7%9C%8C%E9%81%93199%E5%8F%B7%E8%A1%8C%E7%94%B0%E5%B8%82%E5%81%9C%E8%BB%8A%E5%A0%B4%E9%85%92%E5%B7%BB%E7%B7%9A>
<http://www.wikidata.org/entity/Q11426965>	"埼玉県道303号"@ja	<http://www.wikidata.org/entity/Q34442>	"道路"@ja	<http://www.wikidata.org/entity/P609>	"起終点"@ja	<https://ja.wikipedia.org/wiki/%E5%9F%BC%E7%8E%89%E7%9C%8C%E9%81%93303%E5%8F%B7%E5%BC%A5%E8%97%A4%E5%90%BE%E8%A1%8C%E7%94%B0%E7%B7%9A>
<http://www.wikidata.org/entity/Q11426965>	"埼玉県道303号"@ja	<http://www.wikidata.org/entity/Q34442>	"道路"@ja	<http://www.wikidata.org/entity/P131>	"位置する行政区画"@ja	<https://ja.wikipedia.org/wiki/%E5%9F%BC%E7%8E%89%E7%9C%8C%E9%81%93303%E5%8F%B7%E5%BC%A5%E8%97%A4%E5%90%BE%E8%A1%8C%E7%94%B0%E7%B7%9A>
<http://www.wikidata.org/entity/Q11426986>	"埼玉県道32号"@ja	<http://www.wikidata.org/entity/Q34442>	"道路"@ja	<http://www.wikidata.org/entity/P131>	"位置する行政区画"@ja	<https://ja.wikipedia.org/wiki/%E5%9F%BC%E7%8E%89%E7%9C%8C%E9%81%9332%E5%8F%B7%E9%B4%BB%E5%B7%A3%E7%BE%BD%E7%94%9F%E7%B7%9A>
<http://www.wikidata.org/entity/Q11427014>	"埼玉県道362号"@ja	<http://www.wikidata.org/entity/Q34442>	"道路"@ja	<http://www.wikidata.org/entity/P609>	"起終点"@ja	<https://ja.wikipedia.org/wiki/%E5%9F%BC%E7%8E%89%E7%9C%8C%E9%81%93362%E5%8F%B7%E4%B8%8A%E4%B8%AD%E6%9D%A1%E6%96%8E%E6%9D%A1%E7%B7%9A>
<http://www.wikidata.org/entity/Q11427014>	"埼玉県道362号"@ja	<http://www.wikidata.org/entity/Q34442>	"道路"@ja	<http://www.wikidata.org/entity/P131>	"位置する行政区画"@ja	<https://ja.wikipedia.org/wiki/%E5%9F%BC%E7%8E%89%E7%9C%8C%E9%81%93362%E5%8F%B7%E4%B8%8A%E4%B8%AD%E6%9D%A1%E6%96%8E%E6%9D%A1%E7%B7%9A>
<http://www.wikidata.org/entity/Q11427015>	"埼玉県道364号"@ja	<http://www.wikidata.org/entity/Q34442>	"道路"@ja	<http://www.wikidata.org/entity/P609>	"起終点"@ja	<https://ja.wikipedia.org/wiki/%E5%9F%BC%E7%8E%89%E7%9C%8C%E9%81%93364%E5%8F%B7%E4%B8%8A%E6%96%B0%E9%83%B7%E5%9F%BC%E7%8E%89%E7%B7%9A>
<http://www.wikidata.org/entity/Q11427015>	"埼玉県道364号"@ja	<http://www.wikidata.org/entity/Q34442>	"道路"@ja	<http://www.wikidata.org/entity/P131>	"位置する行政区画"@ja	<https://ja.wikipedia.org/wiki/%E5%9F%BC%E7%8E%89%E7%9C%8C%E9%81%93364%E5%8F%B7%E4%B8%8A%E6%96%B0%E9%83%B7%E5%9F%BC%E7%8E%89%E7%B7%9A>
<http://www.wikidata.org/entity/Q11427072>	"埼玉県道59号"@ja	<http://www.wikidata.org/entity/Q34442>	"道路"@ja	<http://www.wikidata.org/entity/P131>	"位置する行政区画"@ja	<https://ja.wikipedia.org/wiki/%E5%9F%BC%E7%8E%89%E7%9C%8C%E9%81%9359%E5%8F%B7%E7%BE%BD%E7%94%9F%E5%A6%BB%E6%B2%BC%E7%B7%9A>
<http://www.wikidata.org/entity/Q11427078>	"埼玉県道66号"@ja	<http://www.wikidata.org/entity/Q34442>	"道路"@ja	<http://www.wikidata.org/entity/P609>	"起終点"@ja	<https://ja.wikipedia.org/wiki/%E5%9F%BC%E7%8E%89%E7%9C%8C%E9%81%9366%E5%8F%B7%E8%A1%8C%E7%94%B0%E6%9D%B1%E6%9D%BE%E5%B1%B1%E7%B7%9A>
<http://www.wikidata.org/entity/Q11427078>	"埼玉県道66号"@ja	<http://www.wikidata.org/entity/Q34442>	"道路"@ja	<http://www.wikidata.org/entity/P131>	"位置する行政区画"@ja	<https://ja.wikipedia.org/wiki/%E5%9F%BC%E7%8E%89%E7%9C%8C%E9%81%9366%E5%8F%B7%E8%A1%8C%E7%94%B0%E6%9D%B1%E6%9D%BE%E5%B1%B1%E7%B7%9A>
<http://www.wikidata.org/entity/Q11427087>	"埼玉県道77号"@ja	<http://www.wikidata.org/entity/Q34442>	"道路"@ja	<http://www.wikidata.org/entity/P609>	"起終点"@ja	<https://ja.wikipedia.org/wiki/%E5%9F%BC%E7%8E%89%E7%9C%8C%E9%81%9377%E5%8F%B7%E8%A1%8C%E7%94%B0%E8%93%AE%E7%94%B0%E7%B7%9A>
<http://www.wikidata.org/entity/Q11427087>	"埼玉県道77号"@ja	<http://www.wikidata.org/entity/Q34442>	"道路"@ja	<http://www.wikidata.org/entity/P131>	"位置する行政区画"@ja	<https://ja.wikipedia.org/wiki/%E5%9F%BC%E7%8E%89%E7%9C%8C%E9%81%9377%E5%8F%B7%E8%A1%8C%E7%94%B0%E8%93%AE%E7%94%B0%E7%B7%9A>
<http://www.wikidata.org/entity/Q11427123>	"埼玉県道・群馬県道306号"@ja	<http://www.wikidata.org/entity/Q34442>	"道路"@ja	<http://www.wikidata.org/entity/P131>	"位置する行政区画"@ja	<https://ja.wikipedia.org/wiki/%E7%BE%A4%E9%A6%AC%E7%9C%8C%E9%81%93%E3%83%BB%E5%9F%BC%E7%8E%89%E7%9C%8C%E9%81%93306%E5%8F%B7%E4%B8%8A%E4%B8%AD%E6%A3%AE%E9%B4%BB%E5%B7%A3%E7%B7%9A>
<http://www.wikidata.org/entity/Q11427127>	"埼玉県道・群馬県道416号"@ja	<http://www.wikidata.org/entity/Q34442>	"道路"@ja	<http://www.wikidata.org/entity/P131>	"位置する行政区画"@ja	<https://ja.wikipedia.org/wiki/%E5%9F%BC%E7%8E%89%E7%9C%8C%E9%81%93%E3%83%BB%E7%BE%A4%E9%A6%AC%E7%9C%8C%E9%81%93416%E5%8F%B7%E5%88%A9%E6%A0%B9%E5%B7%9D%E8%87%AA%E8%BB%A2%E8%BB%8A%E9%81%93%E7%B7%9A>
<http://www.wikidata.org/entity/Q11427129>	"埼玉県道・群馬県道83号"@ja	<http://www.wikidata.org/entity/Q11549275>	"水運"@ja	<http://www.wikidata.org/entity/P131>	"位置する行政区画"@ja	<https://ja.wikipedia.org/wiki/%E5%9F%BC%E7%8E%89%E7%9C%8C%E9%81%93%E3%83%BB%E7%BE%A4%E9%A6%AC%E7%9C%8C%E9%81%9383%E5%8F%B7%E7%86%8A%E8%B0%B7%E9%A4%A8%E6%9E%97%E7%B7%9A>
<http://www.wikidata.org/entity/Q11427129>	"埼玉県道・群馬県道83号"@ja	<http://www.wikidata.org/entity/Q34442>	"道路"@ja	<http://www.wikidata.org/entity/P131>	"位置する行政区画"@ja	<https://ja.wikipedia.org/wiki/%E5%9F%BC%E7%8E%89%E7%9C%8C%E9%81%93%E3%83%BB%E7%BE%A4%E9%A6%AC%E7%9C%8C%E9%81%9383%E5%8F%B7%E7%86%8A%E8%B0%B7%E9%A4%A8%E6%9E%97%E7%B7%9A>
<http://www.wikidata.org/entity/Q11443812>	"太井村"@ja	<http://www.wikidata.org/entity/Q18663566>	"日本の廃止市区町村"@ja	<http://www.wikidata.org/entity/P3842>	"位置する現在の行政区画"@ja	<https://ja.wikipedia.org/wiki/%E5%A4%AA%E4%BA%95%E6%9D%91_(%E5%9F%BC%E7%8E%89%E7%9C%8C)>
<http://www.wikidata.org/entity/Q11443812>	"太井村"@ja	<http://www.wikidata.org/entity/Q18663566>	"日本の廃止市区町村"@ja	<http://www.wikidata.org/entity/P1366>	"後継"@ja	<https://ja.wikipedia.org/wiki/%E5%A4%AA%E4%BA%95%E6%9D%91_(%E5%9F%BC%E7%8E%89%E7%9C%8C)>
<http://www.wikidata.org/entity/Q11445573>	"奥の山古墳"@ja	<http://www.wikidata.org/entity/Q1141225>	"古墳"@ja	<http://www.wikidata.org/entity/P131>	"位置する行政区画"@ja	<https://ja.wikipedia.org/wiki/%E5%A5%A5%E3%81%AE%E5%B1%B1%E5%8F%A4%E5%A2%B3>
<http://www.wikidata.org/entity/Q11458633>	"将軍山古墳"@ja	<http://www.wikidata.org/entity/Q1141225>	"古墳"@ja	<http://www.wikidata.org/entity/P131>	"位置する行政区画"@ja	<https://ja.wikipedia.org/wiki/%E5%B0%86%E8%BB%8D%E5%B1%B1%E5%8F%A4%E5%A2%B3>
<http://www.wikidata.org/entity/Q11463652>	"小見古墳群"@ja	<http://www.wikidata.org/entity/Q11411019>	"古墳群"@ja	<http://www.wikidata.org/entity/P131>	"位置する行政区画"@ja	<https://ja.wikipedia.org/wiki/%E5%B0%8F%E8%A6%8B%E5%8F%A4%E5%A2%B3%E7%BE%A4>
<http://www.wikidata.org/entity/Q667118>	"行田"@ja	<http://www.wikidata.org/entity/Q3863>	"小惑星"@ja	<http://www.wikidata.org/entity/P138>	"名前の由来"@ja	
<http://www.wikidata.org/entity/Q41770680>	"平川道也"@ja	<http://www.wikidata.org/entity/Q5>	"ヒト"@ja	<http://www.wikidata.org/entity/P19>	"出生地"@ja	
<http://www.wikidata.org/entity/Q56436834>	"行田市長"@ja	<http://www.wikidata.org/entity/Q4164871>	"職位"@ja	<http://www.wikidata.org/entity/P1001>	"管轄・適用区域"@ja	
<http://www.wikidata.org/entity/Q86498175>	"行田市立東小学校"@ja	<http://www.wikidata.org/entity/Q5358913>	"日本の小学校"@ja	<http://www.wikidata.org/entity/P131>	"位置する行政区画"@ja	
<http://www.wikidata.org/entity/Q86498175>	"行田市立東小学校"@ja	<http://www.wikidata.org/entity/Q5358913>	"日本の小学校"@ja	<http://www.wikidata.org/entity/P126>	"管理者"@ja	
<http://www.wikidata.org/entity/Q86498176>	"行田市立西小学校"@ja	<http://www.wikidata.org/entity/Q5358913>	"日本の小学校"@ja	<http://www.wikidata.org/entity/P131>	"位置する行政区画"@ja	
<http://www.wikidata.org/entity/Q86498176>	"行田市立西小学校"@ja	<http://www.wikidata.org/entity/Q5358913>	"日本の小学校"@ja	<http://www.wikidata.org/entity/P126>	"管理者"@ja	
<http://www.wikidata.org/entity/Q86498182>	"行田市立南小学校"@ja	<http://www.wikidata.org/entity/Q5358913>	"日本の小学校"@ja	<http://www.wikidata.org/entity/P131>	"位置する行政区画"@ja	
<http://www.wikidata.org/entity/Q86498182>	"行田市立南小学校"@ja	<http://www.wikidata.org/entity/Q5358913>	"日本の小学校"@ja	<http://www.wikidata.org/entity/P126>	"管理者"@ja	
<http://www.wikidata.org/entity/Q86498183>	"行田市立北小学校"@ja	<http://www.wikidata.org/entity/Q5358913>	"日本の小学校"@ja	<http://www.wikidata.org/entity/P131>	"位置する行政区画"@ja	
<http://www.wikidata.org/entity/Q86498183>	"行田市立北小学校"@ja	<http://www.wikidata.org/entity/Q5358913>	"日本の小学校"@ja	<http://www.wikidata.org/entity/P126>	"管理者"@ja	
<http://www.wikidata.org/entity/Q86498180>	"行田市立中央小学校"@ja	<http://www.wikidata.org/entity/Q5358913>	"日本の小学校"@ja	<http://www.wikidata.org/entity/P131>	"位置する行政区画"@ja	
<http://www.wikidata.org/entity/Q86498180>	"行田市立中央小学校"@ja	<http://www.wikidata.org/entity/Q5358913>	"日本の小学校"@ja	<http://www.wikidata.org/entity/P126>	"管理者"@ja	
<http://www.wikidata.org/entity/Q86498185>	"行田市立北河原小学校"@ja	<http://www.wikidata.org/entity/Q5358913>	"日本の小学校"@ja	<http://www.wikidata.org/entity/P131>	"位置する行政区画"@ja	
<http://www.wikidata.org/entity/Q86498185>	"行田市立北河原小学校"@ja	<http://www.wikidata.org/entity/Q5358913>	"日本の小学校"@ja	<http://www.wikidata.org/entity/P126>	"管理者"@ja	
<http://www.wikidata.org/entity/Q86498190>	"行田市立須加小学校"@ja	<http://www.wikidata.org/entity/Q5358913>	"日本の小学校"@ja	<http://www.wikidata.org/entity/P131>	"位置する行政区画"@ja	
<http://www.wikidata.org/entity/Q86498190>	"行田市立須加小学校"@ja	<http://www.wikidata.org/entity/Q5358913>	"日本の小学校"@ja	<http://www.wikidata.org/entity/P126>	"管理者"@ja	
<http://www.wikidata.org/entity/Q86498188>	"行田市立荒木小学校"@ja	<http://www.wikidata.org/entity/Q5358913>	"日本の小学校"@ja	<http://www.wikidata.org/entity/P131>	"位置する行政区画"@ja	
<http://www.wikidata.org/entity/Q86498188>	"行田市立荒木小学校"@ja	<http://www.wikidata.org/entity/Q5358913>	"日本の小学校"@ja	<http://www.wikidata.org/entity/P126>	"管理者"@ja	
<http://www.wikidata.org/entity/Q86498194>	"行田市立星宮小学校"@ja	<http://www.wikidata.org/entity/Q5358913>	"日本の小学校"@ja	<http://www.wikidata.org/entity/P131>	"位置する行政区画"@ja	
<http://www.wikidata.org/entity/Q86498194>	"行田市立星宮小学校"@ja	<http://www.wikidata.org/entity/Q5358913>	"日本の小学校"@ja	<http://www.wikidata.org/entity/P126>	"管理者"@ja	
<http://www.wikidata.org/entity/Q86498192>	"行田市立埼玉小学校"@ja	<http://www.wikidata.org/entity/Q5358913>	"日本の小学校"@ja	<http://www.wikidata.org/entity/P131>	"位置する行政区画"@ja	
<http://www.wikidata.org/entity/Q86498192>	"行田市立埼玉小学校"@ja	<http://www.wikidata.org/entity/Q5358913>	"日本の小学校"@ja	<http://www.wikidata.org/entity/P126>	"管理者"@ja	
<http://www.wikidata.org/entity/Q86498197>	"行田市立太田西小学校"@ja	<http://www.wikidata.org/entity/Q5358913>	"日本の小学校"@ja	<http://www.wikidata.org/entity/P131>	"位置する行政区画"@ja	
<http://www.wikidata.org/entity/Q86498197>	"行田市立太田西小学校"@ja	<http://www.wikidata.org/entity/Q5358913>	"日本の小学校"@ja	<http://www.wikidata.org/entity/P126>	"管理者"@ja	
<http://www.wikidata.org/entity/Q86498203>	"行田市立下忍小学校"@ja	<http://www.wikidata.org/entity/Q5358913>	"日本の小学校"@ja	<http://www.wikidata.org/entity/P131>	"位置する行政区画"@ja	
<http://www.wikidata.org/entity/Q86498203>	"行田市立下忍小学校"@ja	<http://www.wikidata.org/entity/Q5358913>	"日本の小学校"@ja	<http://www.wikidata.org/entity/P126>	"管理者"@ja	
<http://www.wikidata.org/entity/Q86498200>	"行田市立太田東小学校"@ja	<http://www.wikidata.org/entity/Q5358913>	"日本の小学校"@ja	<http://www.wikidata.org/entity/P131>	"位置する行政区画"@ja	
<http://www.wikidata.org/entity/Q86498200>	"行田市立太田東小学校"@ja	<http://www.wikidata.org/entity/Q5358913>	"日本の小学校"@ja	<http://www.wikidata.org/entity/P126>	"管理者"@ja	
<http://www.wikidata.org/entity/Q86498206>	"行田市立泉小学校"@ja	<http://www.wikidata.org/entity/Q5358913>	"日本の小学校"@ja	<http://www.wikidata.org/entity/P131>	"位置する行政区画"@ja	
<http://www.wikidata.org/entity/Q86498206>	"行田市立泉小学校"@ja	<http://www.wikidata.org/entity/Q5358913>	"日本の小学校"@ja	<http://www.wikidata.org/entity/P126>	"管理者"@ja	
<http://www.wikidata.org/entity/Q86498210>	"行田市立南河原小学校"@ja	<http://www.wikidata.org/entity/Q5358913>	"日本の小学校"@ja	<http://www.wikidata.org/entity/P131>	"位置する行政区画"@ja	
<http://www.wikidata.org/entity/Q86498210>	"行田市立南河原小学校"@ja	<http://www.wikidata.org/entity/Q5358913>	"日本の小学校"@ja	<http://www.wikidata.org/entity/P126>	"管理者"@ja	
<http://www.wikidata.org/entity/Q86498208>	"行田市立桜ヶ丘小学校"@ja	<http://www.wikidata.org/entity/Q5358913>	"日本の小学校"@ja	<http://www.wikidata.org/entity/P131>	"位置する行政区画"@ja	
<http://www.wikidata.org/entity/Q86498208>	"行田市立桜ヶ丘小学校"@ja	<http://www.wikidata.org/entity/Q5358913>	"日本の小学校"@ja	<http://www.wikidata.org/entity/P126>	"管理者"@ja	
<http://www.wikidata.org/entity/Q86627599>	"行田市立長野中学校"@ja	<http://www.wikidata.org/entity/Q55521176>	"日本の中学校"@ja	<http://www.wikidata.org/entity/P131>	"位置する行政区画"@ja	
<http://www.wikidata.org/entity/Q86627599>	"行田市立長野中学校"@ja	<http://www.wikidata.org/entity/Q55521176>	"日本の中学校"@ja	<http://www.wikidata.org/entity/P126>	"管理者"@ja	
<http://www.wikidata.org/entity/Q86627597>	"行田市立行田中学校"@ja	<http://www.wikidata.org/entity/Q55521176>	"日本の中学校"@ja	<http://www.wikidata.org/entity/P131>	"位置する行政区画"@ja	
<http://www.wikidata.org/entity/Q86627597>	"行田市立行田中学校"@ja	<http://www.wikidata.org/entity/Q55521176>	"日本の中学校"@ja	<http://www.wikidata.org/entity/P126>	"管理者"@ja	
<http://www.wikidata.org/entity/Q86627603>	"行田市立埼玉中学校"@ja	<http://www.wikidata.org/entity/Q55521176>	"日本の中学校"@ja	<http://www.wikidata.org/entity/P131>	"位置する行政区画"@ja	
<http://www.wikidata.org/entity/Q86627603>	"行田市立埼玉中学校"@ja	<http://www.wikidata.org/entity/Q55521176>	"日本の中学校"@ja	<http://www.wikidata.org/entity/P126>	"管理者"@ja	
<http://www.wikidata.org/entity/Q86627601>	"行田市立見沼中学校"@ja	<http://www.wikidata.org/entity/Q55521176>	"日本の中学校"@ja	<http://www.wikidata.org/entity/P131>	"位置する行政区画"@ja	
<http://www.wikidata.org/entity/Q86627601>	"行田市立見沼中学校"@ja	<http://www.wikidata.org/entity/Q55521176>	"日本の中学校"@ja	<http://www.wikidata.org/entity/P126>	"管理者"@ja	
<http://www.wikidata.org/entity/Q86627606>	"行田市立西中学校"@ja	<http://www.wikidata.org/entity/Q55521176>	"日本の中学校"@ja	<http://www.wikidata.org/entity/P131>	"位置する行政区画"@ja	
<http://www.wikidata.org/entity/Q86627606>	"行田市立西中学校"@ja	<http://www.wikidata.org/entity/Q55521176>	"日本の中学校"@ja	<http://www.wikidata.org/entity/P126>	"管理者"@ja	
<http://www.wikidata.org/entity/Q86627605>	"行田市立太田中学校"@ja	<http://www.wikidata.org/entity/Q55521176>	"日本の中学校"@ja	<http://www.wikidata.org/entity/P131>	"位置する行政区画"@ja	
<http://www.wikidata.org/entity/Q86627605>	"行田市立太田中学校"@ja	<http://www.wikidata.org/entity/Q55521176>	"日本の中学校"@ja	<http://www.wikidata.org/entity/P126>	"管理者"@ja	
<http://www.wikidata.org/entity/Q86627608>	"行田市立南河原中学校"@ja	<http://www.wikidata.org/entity/Q55521176>	"日本の中学校"@ja	<http://www.wikidata.org/entity/P131>	"位置する行政区画"@ja	
<http://www.wikidata.org/entity/Q86627608>	"行田市立南河原中学校"@ja	<http://www.wikidata.org/entity/Q55521176>	"日本の中学校"@ja	<http://www.wikidata.org/entity/P126>	"管理者"@ja	
<http://www.wikidata.org/entity/Q86911350>	"埼玉県立行田特別支援学校"@ja	<http://www.wikidata.org/entity/Q43271061>	"特別支援学校"@ja	<http://www.wikidata.org/entity/P131>	"位置する行政区画"@ja	
<http://www.wikidata.org/entity/Q99769251>	"関根村"@ja	<http://www.wikidata.org/entity/Q18663566>	"日本の廃止市区町村"@ja	<http://www.wikidata.org/entity/P3842>	"位置する現在の行政区画"@ja	
<http://www.wikidata.org/entity/Q99769252>	"藤間村"@ja	<http://www.wikidata.org/entity/Q18663566>	"日本の廃止市区町村"@ja	<http://www.wikidata.org/entity/P3842>	"位置する現在の行政区画"@ja	
<http://www.wikidata.org/entity/Q99769253>	"真名板村"@ja	<http://www.wikidata.org/entity/Q18663566>	"日本の廃止市区町村"@ja	<http://www.wikidata.org/entity/P3842>	"位置する現在の行政区画"@ja	
<http://www.wikidata.org/entity/Q107044854>	"武蔵埼玉稲荷山古墳出土品"@ja	<http://www.wikidata.org/entity/Q10855061>	"出土物"@ja	<http://www.wikidata.org/entity/P131>	"位置する行政区画"@ja	
<http://www.wikidata.org/entity/Q107044854>	"武蔵埼玉稲荷山古墳出土品"@ja	<http://www.wikidata.org/entity/Q2686349>	"考古資料"@ja	<http://www.wikidata.org/entity/P131>	"位置する行政区画"@ja	
<http://www.wikidata.org/entity/Q128186>	"埼玉県"@ja	<http://www.wikidata.org/entity/Q50337>	"都道府県"@ja	<http://www.wikidata.org/entity/P150>	"直下の行政区画"@ja	<https://ja.wikipedia.org/wiki/%E5%9F%BC%E7%8E%89%E7%9C%8C>
<http://www.wikidata.org/entity/Q750587>	"白河市"@ja	<http://www.wikidata.org/entity/Q494721>	"日本の市"@ja	<http://www.wikidata.org/entity/P190>	"姉妹都市"@ja	<https://ja.wikipedia.org/wiki/%E7%99%BD%E6%B2%B3%E5%B8%82>
<http://www.wikidata.org/entity/Q845058>	"行田駅"@ja	<http://www.wikidata.org/entity/Q55488>	"鉄道駅"@ja	<http://www.wikidata.org/entity/P131>	"位置する行政区画"@ja	<https://ja.wikipedia.org/wiki/%E8%A1%8C%E7%94%B0%E9%A7%85>
<http://www.wikidata.org/entity/Q847565>	"羽生市"@ja	<http://www.wikidata.org/entity/Q494721>	"日本の市"@ja	<http://www.wikidata.org/entity/P47>	"隣の国又は行政区画"@ja	<https://ja.wikipedia.org/wiki/%E7%BE%BD%E7%94%9F%E5%B8%82>
<http://www.wikidata.org/entity/Q851680>	"加須市"@ja	<http://www.wikidata.org/entity/Q1549591>	"10万都市"@ja	<http://www.wikidata.org/entity/P47>	"隣の国又は行政区画"@ja	<https://ja.wikipedia.org/wiki/%E5%8A%A0%E9%A0%88%E5%B8%82>
<http://www.wikidata.org/entity/Q851680>	"加須市"@ja	<http://www.wikidata.org/entity/Q494721>	"日本の市"@ja	<http://www.wikidata.org/entity/P47>	"隣の国又は行政区画"@ja	<https://ja.wikipedia.org/wiki/%E5%8A%A0%E9%A0%88%E5%B8%82>
<http://www.wikidata.org/entity/Q496472>	"桑名市"@ja	<http://www.wikidata.org/entity/Q1549591>	"10万都市"@ja	<http://www.wikidata.org/entity/P190>	"姉妹都市"@ja	<https://ja.wikipedia.org/wiki/%E6%A1%91%E5%90%8D%E5%B8%82>
<http://www.wikidata.org/entity/Q496472>	"桑名市"@ja	<http://www.wikidata.org/entity/Q494721>	"日本の市"@ja	<http://www.wikidata.org/entity/P190>	"姉妹都市"@ja	<https://ja.wikipedia.org/wiki/%E6%A1%91%E5%90%8D%E5%B8%82>
<http://www.wikidata.org/entity/Q734541>	"鴻巣市"@ja	<http://www.wikidata.org/entity/Q1549591>	"10万都市"@ja	<http://www.wikidata.org/entity/P47>	"隣の国又は行政区画"@ja	<https://ja.wikipedia.org/wiki/%E9%B4%BB%E5%B7%A3%E5%B8%82>
<http://www.wikidata.org/entity/Q734541>	"鴻巣市"@ja	<http://www.wikidata.org/entity/Q494721>	"日本の市"@ja	<http://www.wikidata.org/entity/P47>	"隣の国又は行政区画"@ja	<https://ja.wikipedia.org/wiki/%E9%B4%BB%E5%B7%A3%E5%B8%82>
<http://www.wikidata.org/entity/Q21653326>	"水城公園"@ja	<http://www.wikidata.org/entity/Q22746>	"都市公園"@ja	<http://www.wikidata.org/entity/P131>	"位置する行政区画"@ja	<https://ja.wikipedia.org/wiki/%E6%B0%B4%E5%9F%8E%E5%85%AC%E5%9C%92>
<http://www.wikidata.org/entity/Q22118555>	"行田市郷土博物館"@ja	<http://www.wikidata.org/entity/Q1595639>	"郷土博物館"@ja	<http://www.wikidata.org/entity/P131>	"位置する行政区画"@ja	<https://ja.wikipedia.org/wiki/%E8%A1%8C%E7%94%B0%E5%B8%82%E9%83%B7%E5%9C%9F%E5%8D%9A%E7%89%A9%E9%A4%A8>
<http://www.wikidata.org/entity/Q28688121>	"谷郷"@ja	<http://www.wikidata.org/entity/Q486972>	"集落"@ja	<http://www.wikidata.org/entity/P131>	"位置する行政区画"@ja	<https://ja.wikipedia.org/wiki/%E8%B0%B7%E9%83%B7>
<http://www.wikidata.org/entity/Q38277419>	"旭町"@ja	<http://www.wikidata.org/entity/Q5327369>	"町丁"@ja	<http://www.wikidata.org/entity/P131>	"位置する行政区画"@ja	<https://ja.wikipedia.org/wiki/%E6%97%AD%E7%94%BA_(%E8%A1%8C%E7%94%B0%E5%B8%82)>
<http://www.wikidata.org/entity/Q38277419>	"旭町"@ja	<http://www.wikidata.org/entity/Q486972>	"集落"@ja	<http://www.wikidata.org/entity/P131>	"位置する行政区画"@ja	<https://ja.wikipedia.org/wiki/%E6%97%AD%E7%94%BA_(%E8%A1%8C%E7%94%B0%E5%B8%82)>
<http://www.wikidata.org/entity/Q60987707>	"成就院"@ja	<http://www.wikidata.org/entity/Q5393308>	"仏教寺院"@ja	<http://www.wikidata.org/entity/P131>	"位置する行政区画"@ja	<https://ja.wikipedia.org/wiki/%E6%88%90%E5%B0%B1%E9%99%A2_(%E8%A1%8C%E7%94%B0%E5%B8%82)>
<http://www.wikidata.org/entity/Q86627594>	"行田市立忍中学校"@ja	<http://www.wikidata.org/entity/Q55521176>	"日本の中学校"@ja	<http://www.wikidata.org/entity/P131>	"位置する行政区画"@ja	<https://ja.wikipedia.org/wiki/%E8%A1%8C%E7%94%B0%E5%B8%82%E7%AB%8B%E5%BF%8D%E4%B8%AD%E5%AD%A6%E6%A0%A1>
<http://www.wikidata.org/entity/Q86627594>	"行田市立忍中学校"@ja	<http://www.wikidata.org/entity/Q55521176>	"日本の中学校"@ja	<http://www.wikidata.org/entity/P126>	"管理者"@ja	<https://ja.wikipedia.org/wiki/%E8%A1%8C%E7%94%B0%E5%B8%82%E7%AB%8B%E5%BF%8D%E4%B8%AD%E5%AD%A6%E6%A0%A1>
<http://www.wikidata.org/entity/Q96473444>	"行田足袋"@ja	<http://www.wikidata.org/entity/Q11606456>	"経済産業大臣指定伝統的工芸品"@ja	<http://www.wikidata.org/entity/P1071>	"制作地"@ja	<https://ja.wikipedia.org/wiki/%E8%A1%8C%E7%94%B0%E8%B6%B3%E8%A2%8B>
<http://www.wikidata.org/entity/Q107410086>	"行田八幡神社"@ja	<http://www.wikidata.org/entity/Q11390939>	"八幡宮"@ja	<http://www.wikidata.org/entity/P131>	"位置する行政区画"@ja	<https://ja.wikipedia.org/wiki/%E8%A1%8C%E7%94%B0%E5%85%AB%E5%B9%A1%E7%A5%9E%E7%A4%BE>
<http://www.wikidata.org/entity/Q107411927>	"イサミコーポレーション"@ja	<http://www.wikidata.org/entity/Q4830453>	"企業"@ja	<http://www.wikidata.org/entity/P159>	"本部所在地"@ja	<https://ja.wikipedia.org/wiki/%E3%82%A4%E3%82%B5%E3%83%9F%E3%82%B3%E3%83%BC%E3%83%9D%E3%83%AC%E3%83%BC%E3%82%B7%E3%83%A7%E3%83%B3>
<http://www.wikidata.org/entity/Q110454938>	"真観寺"@ja	<http://www.wikidata.org/entity/Q5393308>	"仏教寺院"@ja	<http://www.wikidata.org/entity/P131>	"位置する行政区画"@ja	<https://ja.wikipedia.org/wiki/%E7%9C%9F%E8%A6%B3%E5%AF%BA_(%E8%A1%8C%E7%94%B0%E5%B8%82)>
<http://www.wikidata.org/entity/Q114861528>	"行田市立忍小学校"@ja	<http://www.wikidata.org/entity/Q5358913>	"日本の小学校"@ja	<http://www.wikidata.org/entity/P131>	"位置する行政区画"@ja	<https://ja.wikipedia.org/wiki/%E8%A1%8C%E7%94%B0%E5%B8%82%E7%AB%8B%E5%BF%8D%E5%B0%8F%E5%AD%A6%E6%A0%A1>
<http://www.wikidata.org/entity/Q41106>	"熊谷市"@ja	<http://www.wikidata.org/entity/Q1549591>	"10万都市"@ja	<http://www.wikidata.org/entity/P1365>	"先行"@ja	<https://ja.wikipedia.org/wiki/%E7%86%8A%E8%B0%B7%E5%B8%82>
<http://www.wikidata.org/entity/Q41106>	"熊谷市"@ja	<http://www.wikidata.org/entity/Q1549591>	"10万都市"@ja	<http://www.wikidata.org/entity/P47>	"隣の国又は行政区画"@ja	<https://ja.wikipedia.org/wiki/%E7%86%8A%E8%B0%B7%E5%B8%82>
<http://www.wikidata.org/entity/Q41106>	"熊谷市"@ja	<http://www.wikidata.org/entity/Q1145012>	"特例市"@ja	<http://www.wikidata.org/entity/P1365>	"先行"@ja	<https://ja.wikipedia.org/wiki/%E7%86%8A%E8%B0%B7%E5%B8%82>
<http://www.wikidata.org/entity/Q41106>	"熊谷市"@ja	<http://www.wikidata.org/entity/Q1145012>	"特例市"@ja	<http://www.wikidata.org/entity/P47>	"隣の国又は行政区画"@ja	<https://ja.wikipedia.org/wiki/%E7%86%8A%E8%B0%B7%E5%B8%82>
<http://www.wikidata.org/entity/Q856395>	"稲荷山古墳出土鉄剣"@ja	<http://www.wikidata.org/entity/Q1378080>	"剣 (つるぎ)"@ja	<http://www.wikidata.org/entity/P131>	"位置する行政区画"@ja	<https://ja.wikipedia.org/wiki/%E7%A8%B2%E8%8D%B7%E5%B1%B1%E5%8F%A4%E5%A2%B3%E5%87%BA%E5%9C%9F%E9%89%84%E5%89%A3>
<http://www.wikidata.org/entity/Q856395>	"稲荷山古墳出土鉄剣"@ja	<http://www.wikidata.org/entity/Q220659>	"アーティファクト"@ja	<http://www.wikidata.org/entity/P131>	"位置する行政区画"@ja	<https://ja.wikipedia.org/wiki/%E7%A8%B2%E8%8D%B7%E5%B1%B1%E5%8F%A4%E5%A2%B3%E5%87%BA%E5%9C%9F%E9%89%84%E5%89%A3>
<http://www.wikidata.org/entity/Q1023773>	"千代田町"@ja	<http://www.wikidata.org/entity/Q1059478>	"日本の町"@ja	<http://www.wikidata.org/entity/P47>	"隣の国又は行政区画"@ja	<https://ja.wikipedia.org/wiki/%E5%8D%83%E4%BB%A3%E7%94%B0%E7%94%BA>
<http://www.wikidata.org/entity/Q1042159>	"北埼玉郡"@ja	<http://www.wikidata.org/entity/Q46426234>	"廃止された郡"@ja	<http://www.wikidata.org/entity/P150>	"直下の行政区画"@ja	<https://ja.wikipedia.org/wiki/%E5%8C%97%E5%9F%BC%E7%8E%89%E9%83%A1>
<http://www.wikidata.org/entity/Q1074393>	"忍城"@ja	<http://www.wikidata.org/entity/Q11482300>	"平城"@ja	<http://www.wikidata.org/entity/P131>	"位置する行政区画"@ja	<https://ja.wikipedia.org/wiki/%E5%BF%8D%E5%9F%8E>
<http://www.wikidata.org/entity/Q1074393>	"忍城"@ja	<http://www.wikidata.org/entity/Q92026>	"日本の城"@ja	<http://www.wikidata.org/entity/P131>	"位置する行政区画"@ja	<https://ja.wikipedia.org/wiki/%E5%BF%8D%E5%9F%8E>
<http://www.wikidata.org/entity/Q1203274>	"明和町"@ja	<http://www.wikidata.org/entity/Q1059478>	"日本の町"@ja	<http://www.wikidata.org/entity/P47>	"隣の国又は行政区画"@ja	<https://ja.wikipedia.org/wiki/%E6%98%8E%E5%92%8C%E7%94%BA_(%E7%BE%A4%E9%A6%AC%E7%9C%8C)>
<http://www.wikidata.org/entity/Q2213580>	"埼玉古墳群"@ja	<http://www.wikidata.org/entity/Q11411019>	"古墳群"@ja	<http://www.wikidata.org/entity/P131>	"位置する行政区画"@ja	<https://ja.wikipedia.org/wiki/%E5%9F%BC%E7%8E%89%E5%8F%A4%E5%A2%B3%E7%BE%A4>
<http://www.wikidata.org/entity/Q3034405>	"忍藩"@ja	<http://www.wikidata.org/entity/Q841985>	"藩"@ja	<http://www.wikidata.org/entity/P36>	"行政中心地"@ja	<https://ja.wikipedia.org/wiki/%E5%BF%8D%E8%97%A9>
<http://www.wikidata.org/entity/Q3198272>	"稲荷山古墳"@ja	<http://www.wikidata.org/entity/Q11268718>	"前方後円墳"@ja	<http://www.wikidata.org/entity/P131>	"位置する行政区画"@ja	<https://ja.wikipedia.org/wiki/%E7%A8%B2%E8%8D%B7%E5%B1%B1%E5%8F%A4%E5%A2%B3_(%E8%A1%8C%E7%94%B0%E5%B8%82)>
<http://www.wikidata.org/entity/Q3482588>	"ショーワ"@ja	<http://www.wikidata.org/entity/Q6881511>	"事業者"@ja	<http://www.wikidata.org/entity/P159>	"本部所在地"@ja	<https://ja.wikipedia.org/wiki/%E3%82%B7%E3%83%A7%E3%83%BC%E3%83%AF>
<http://www.wikidata.org/entity/Q3482588>	"ショーワ"@ja	<http://www.wikidata.org/entity/Q4830453>	"企業"@ja	<http://www.wikidata.org/entity/P159>	"本部所在地"@ja	<https://ja.wikipedia.org/wiki/%E3%82%B7%E3%83%A7%E3%83%BC%E3%83%AF>
<http://www.wikidata.org/entity/Q3701544>	"持田駅"@ja	<http://www.wikidata.org/entity/Q55488>	"鉄道駅"@ja	<http://www.wikidata.org/entity/P131>	"位置する行政区画"@ja	<https://ja.wikipedia.org/wiki/%E6%8C%81%E7%94%B0%E9%A7%85>
<http://www.wikidata.org/entity/Q11463662>	"小見真観寺古墳"@ja	<http://www.wikidata.org/entity/Q1141225>	"古墳"@ja	<http://www.wikidata.org/entity/P131>	"位置する行政区画"@ja	<https://ja.wikipedia.org/wiki/%E5%B0%8F%E8%A6%8B%E7%9C%9F%E8%A6%B3%E5%AF%BA%E5%8F%A4%E5%A2%B3>
<http://www.wikidata.org/entity/Q11493844>	"愛宕山古墳"@ja	<http://www.wikidata.org/entity/Q1141225>	"古墳"@ja	<http://www.wikidata.org/entity/P131>	"位置する行政区画"@ja	<https://ja.wikipedia.org/wiki/%E6%84%9B%E5%AE%95%E5%B1%B1%E5%8F%A4%E5%A2%B3_(%E8%A1%8C%E7%94%B0%E5%B8%82)>
<http://www.wikidata.org/entity/Q11495503>	"成正寺 (行田市)"@ja	<http://www.wikidata.org/entity/Q5393308>	"仏教寺院"@ja	<http://www.wikidata.org/entity/P131>	"位置する行政区画"@ja	<https://ja.wikipedia.org/wiki/%E6%88%90%E6%AD%A3%E5%AF%BA_(%E8%A1%8C%E7%94%B0%E5%B8%82)>
<http://www.wikidata.org/entity/Q11496268>	"戸場口山古墳"@ja	<http://www.wikidata.org/entity/Q1141225>	"古墳"@ja	<http://www.wikidata.org/entity/P131>	"位置する行政区画"@ja	<https://ja.wikipedia.org/wiki/%E6%88%B8%E5%A0%B4%E5%8F%A3%E5%B1%B1%E5%8F%A4%E5%A2%B3>
<http://www.wikidata.org/entity/Q11497922>	"持田村"@ja	<http://www.wikidata.org/entity/Q18663566>	"日本の廃止市区町村"@ja	<http://www.wikidata.org/entity/P3842>	"位置する現在の行政区画"@ja	<https://ja.wikipedia.org/wiki/%E6%8C%81%E7%94%B0%E6%9D%91_(%E5%9F%BC%E7%8E%89%E7%9C%8C)>
<http://www.wikidata.org/entity/Q11497922>	"持田村"@ja	<http://www.wikidata.org/entity/Q18663566>	"日本の廃止市区町村"@ja	<http://www.wikidata.org/entity/P1366>	"後継"@ja	<https://ja.wikipedia.org/wiki/%E6%8C%81%E7%94%B0%E6%9D%91_(%E5%9F%BC%E7%8E%89%E7%9C%8C)>
<http://www.wikidata.org/entity/Q11512853>	"星宮村"@ja	<http://www.wikidata.org/entity/Q18663566>	"日本の廃止市区町村"@ja	<http://www.wikidata.org/entity/P3842>	"位置する現在の行政区画"@ja	<https://ja.wikipedia.org/wiki/%E6%98%9F%E5%AE%AE%E6%9D%91>
<http://www.wikidata.org/entity/Q11512853>	"星宮村"@ja	<http://www.wikidata.org/entity/Q18663566>	"日本の廃止市区町村"@ja	<http://www.wikidata.org/entity/P1366>	"後継"@ja	<https://ja.wikipedia.org/wiki/%E6%98%9F%E5%AE%AE%E6%9D%91>
<http://www.wikidata.org/entity/Q11512947>	"星河村"@ja	<http://www.wikidata.org/entity/Q18663566>	"日本の廃止市区町村"@ja	<http://www.wikidata.org/entity/P3842>	"位置する現在の行政区画"@ja	<https://ja.wikipedia.org/wiki/%E6%98%9F%E6%B2%B3%E6%9D%91>
<http://www.wikidata.org/entity/Q11512947>	"星河村"@ja	<http://www.wikidata.org/entity/Q18663566>	"日本の廃止市区町村"@ja	<http://www.wikidata.org/entity/P1366>	"後継"@ja	<https://ja.wikipedia.org/wiki/%E6%98%9F%E6%B2%B3%E6%9D%91>
<http://www.wikidata.org/entity/Q11533379>	"林頼三郎"@ja	<http://www.wikidata.org/entity/Q5>	"ヒト"@ja	<http://www.wikidata.org/entity/P19>	"出生地"@ja	<https://ja.wikipedia.org/wiki/%E6%9E%97%E9%A0%BC%E4%B8%89%E9%83%8E>
<http://www.wikidata.org/entity/Q11535571>	"栃木県道・群馬県道・埼玉県道20号"@ja	<http://www.wikidata.org/entity/Q34442>	"道路"@ja	<http://www.wikidata.org/entity/P609>	"起終点"@ja	<https://ja.wikipedia.org/wiki/%E6%A0%83%E6%9C%A8%E7%9C%8C%E9%81%93%E3%83%BB%E7%BE%A4%E9%A6%AC%E7%9C%8C%E9%81%93%E3%83%BB%E5%9F%BC%E7%8E%89%E7%9C%8C%E9%81%9320%E5%8F%B7%E8%B6%B3%E5%88%A9%E9%82%91%E6%A5%BD%E8%A1%8C%E7%94%B0%E7%B7%9A>
<http://www.wikidata.org/entity/Q11535571>	"栃木県道・群馬県道・埼玉県道20号"@ja	<http://www.wikidata.org/entity/Q34442>	"道路"@ja	<http://www.wikidata.org/entity/P131>	"位置する行政区画"@ja	<https://ja.wikipedia.org/wiki/%E6%A0%83%E6%9C%A8%E7%9C%8C%E9%81%93%E3%83%BB%E7%BE%A4%E9%A6%AC%E7%9C%8C%E9%81%93%E3%83%BB%E5%9F%BC%E7%8E%89%E7%9C%8C%E9%81%9320%E5%8F%B7%E8%B6%B3%E5%88%A9%E9%82%91%E6%A5%BD%E8%A1%8C%E7%94%B0%E7%B7%9A>
<http://www.wikidata.org/entity/Q11535572>	"栃木県道・群馬県道・埼玉県道7号"@ja	<http://www.wikidata.org/entity/Q34442>	"道路"@ja	<http://www.wikidata.org/entity/P609>	"起終点"@ja	<https://ja.wikipedia.org/wiki/%E6%A0%83%E6%9C%A8%E7%9C%8C%E9%81%93%E3%83%BB%E7%BE%A4%E9%A6%AC%E7%9C%8C%E9%81%93%E3%83%BB%E5%9F%BC%E7%8E%89%E7%9C%8C%E9%81%937%E5%8F%B7%E4%BD%90%E9%87%8E%E8%A1%8C%E7%94%B0%E7%B7%9A>
<http://www.wikidata.org/entity/Q11535572>	"栃木県道・群馬県道・埼玉県道7号"@ja	<http://www.wikidata.org/entity/Q34442>	"道路"@ja	<http://www.wikidata.org/entity/P131>	"位置する行政区画"@ja	<https://ja.wikipedia.org/wiki/%E6%A0%83%E6%9C%A8%E7%9C%8C%E9%81%93%E3%83%BB%E7%BE%A4%E9%A6%AC%E7%9C%8C%E9%81%93%E3%83%BB%E5%9F%BC%E7%8E%89%E7%9C%8C%E9%81%937%E5%8F%B7%E4%BD%90%E9%87%8E%E8%A1%8C%E7%94%B0%E7%B7%9A>
<http://www.wikidata.org/entity/Q11536412>	"根本要"@ja	<http://www.wikidata.org/entity/Q5>	"ヒト"@ja	<http://www.wikidata.org/entity/P19>	"出生地"@ja	<https://ja.wikipedia.org/wiki/%E6%A0%B9%E6%9C%AC%E8%A6%81>
<http://www.wikidata.org/entity/Q11551571>	"池守・池上遺跡"@ja	<http://www.wikidata.org/entity/Q839954>	"遺跡"@ja	<http://www.wikidata.org/entity/P131>	"位置する行政区画"@ja	<https://ja.wikipedia.org/wiki/%E6%B1%A0%E5%AE%88%E3%83%BB%E6%B1%A0%E4%B8%8A%E9%81%BA%E8%B7%A1>
<http://www.wikidata.org/entity/Q11557453>	"浅間塚古墳"@ja	<http://www.wikidata.org/entity/Q1141225>	"古墳"@ja	<http://www.wikidata.org/entity/P131>	"位置する行政区画"@ja	<https://ja.wikipedia.org/wiki/%E6%B5%85%E9%96%93%E5%A1%9A%E5%8F%A4%E5%A2%B3>
<http://www.wikidata.org/entity/Q11563961>	"満願寺"@ja	<http://www.wikidata.org/entity/Q5393308>	"仏教寺院"@ja	<http://www.wikidata.org/entity/P131>	"位置する行政区画"@ja	<https://ja.wikipedia.org/wiki/%E6%BA%80%E9%A1%98%E5%AF%BA_(%E8%A1%8C%E7%94%B0%E5%B8%82)>
<http://www.wikidata.org/entity/Q11571921>	"猪爪義治"@ja	<http://www.wikidata.org/entity/Q5>	"ヒト"@ja	<http://www.wikidata.org/entity/P19>	"出生地"@ja	<https://ja.wikipedia.org/wiki/%E7%8C%AA%E7%88%AA%E7%BE%A9%E6%B2%BB>
<http://www.wikidata.org/entity/Q11574186>	"瓦塚古墳"@ja	<http://www.wikidata.org/entity/Q1141225>	"古墳"@ja	<http://www.wikidata.org/entity/P131>	"位置する行政区画"@ja	<https://ja.wikipedia.org/wiki/%E7%93%A6%E5%A1%9A%E5%8F%A4%E5%A2%B3>
<http://www.wikidata.org/entity/Q11579602>	"白山神社古墳"@ja	<http://www.wikidata.org/entity/Q1141225>	"古墳"@ja	<http://www.wikidata.org/entity/P131>	"位置する行政区画"@ja	<https://ja.wikipedia.org/wiki/%E7%99%BD%E5%B1%B1%E7%A5%9E%E7%A4%BE%E5%8F%A4%E5%A2%B3_(%E8%A1%8C%E7%94%B0%E5%B8%82)>
<http://www.wikidata.org/entity/Q11582902>	"真名板"@ja	<http://www.wikidata.org/entity/Q486972>	"集落"@ja	<http://www.wikidata.org/entity/P131>	"位置する行政区画"@ja	<https://ja.wikipedia.org/wiki/%E7%9C%9F%E5%90%8D%E6%9D%BF>
<http://www.wikidata.org/entity/Q11583950>	"矢内理絵子"@ja	<http://www.wikidata.org/entity/Q5>	"ヒト"@ja	<http://www.wikidata.org/entity/P19>	"出生地"@ja	<https://ja.wikipedia.org/wiki/%E7%9F%A2%E5%86%85%E7%90%86%E7%B5%B5%E5%AD%90>
<http://www.wikidata.org/entity/Q11616287>	"若小玉古墳群"@ja	<http://www.wikidata.org/entity/Q11411019>	"古墳群"@ja	<http://www.wikidata.org/entity/P131>	"位置する行政区画"@ja	<https://ja.wikipedia.org/wiki/%E8%8B%A5%E5%B0%8F%E7%8E%89%E5%8F%A4%E5%A2%B3%E7%BE%A4>
<http://www.wikidata.org/entity/Q11618704>	"荒木村"@ja	<http://www.wikidata.org/entity/Q18663566>	"日本の廃止市区町村"@ja	<http://www.wikidata.org/entity/P3842>	"位置する現在の行政区画"@ja	<https://ja.wikipedia.org/wiki/%E8%8D%92%E6%9C%A8%E6%9D%91_(%E5%9F%BC%E7%8E%89%E7%9C%8C)>
<http://www.wikidata.org/entity/Q11618704>	"荒木村"@ja	<http://www.wikidata.org/entity/Q18663566>	"日本の廃止市区町村"@ja	<http://www.wikidata.org/entity/P1366>	"後継"@ja	<https://ja.wikipedia.org/wiki/%E8%8D%92%E6%9C%A8%E6%9D%91_(%E5%9F%BC%E7%8E%89%E7%9C%8C)>
<http://www.wikidata.org/entity/Q11625046>	"藤間"@ja	<http://www.wikidata.org/entity/Q3957>	"街"@ja	<http://www.wikidata.org/entity/P131>	"位置する行政区画"@ja	<https://ja.wikipedia.org/wiki/%E8%97%A4%E9%96%93_(%E8%A1%8C%E7%94%B0%E5%B8%82)>
<http://www.wikidata.org/entity/Q11626180>	"行田市立図書館"@ja	<http://www.wikidata.org/entity/Q7075>	"図書館"@ja	<http://www.wikidata.org/entity/P131>	"位置する行政区画"@ja	<https://ja.wikipedia.org/wiki/%E8%A1%8C%E7%94%B0%E5%B8%82%E7%AB%8B%E5%9B%B3%E6%9B%B8%E9%A4%A8>
<http://www.wikidata.org/entity/Q11649597>	"鉄砲山古墳"@ja	<http://www.wikidata.org/entity/Q1141225>	"古墳"@ja	<http://www.wikidata.org/entity/P131>	"位置する行政区画"@ja	<https://ja.wikipedia.org/wiki/%E9%89%84%E7%A0%B2%E5%B1%B1%E5%8F%A4%E5%A2%B3>
<http://www.wikidata.org/entity/Q11651425>	"長久寺 (行田市)"@ja	<http://www.wikidata.org/entity/Q5393308>	"仏教寺院"@ja	<http://www.wikidata.org/entity/P131>	"位置する行政区画"@ja	<https://ja.wikipedia.org/wiki/%E9%95%B7%E4%B9%85%E5%AF%BA_(%E8%A1%8C%E7%94%B0%E5%B8%82)>
<http://www.wikidata.org/entity/Q11654218>	"長野村"@ja	<http://www.wikidata.org/entity/Q18663566>	"日本の廃止市区町村"@ja	<http://www.wikidata.org/entity/P3842>	"位置する現在の行政区画"@ja	<https://ja.wikipedia.org/wiki/%E9%95%B7%E9%87%8E%E6%9D%91_(%E5%9F%BC%E7%8E%89%E7%9C%8C)>
<http://www.wikidata.org/entity/Q11654218>	"長野村"@ja	<http://www.wikidata.org/entity/Q18663566>	"日本の廃止市区町村"@ja	<http://www.wikidata.org/entity/P1366>	"後継"@ja	<https://ja.wikipedia.org/wiki/%E9%95%B7%E9%87%8E%E6%9D%91_(%E5%9F%BC%E7%8E%89%E7%9C%8C)>
<http://www.wikidata.org/entity/Q11656037>	"関根"@ja	<http://www.wikidata.org/entity/Q3957>	"街"@ja	<http://www.wikidata.org/entity/P131>	"位置する行政区画"@ja	<https://ja.wikipedia.org/wiki/%E9%96%A2%E6%A0%B9_(%E8%A1%8C%E7%94%B0%E5%B8%82)>
<http://www.wikidata.org/entity/Q11664506>	"須加村"@ja	<http://www.wikidata.org/entity/Q18663566>	"日本の廃止市区町村"@ja	<http://www.wikidata.org/entity/P3842>	"位置する現在の行政区画"@ja	<https://ja.wikipedia.org/wiki/%E9%A0%88%E5%8A%A0%E6%9D%91>
<http://www.wikidata.org/entity/Q11664506>	"須加村"@ja	<http://www.wikidata.org/entity/Q18663566>	"日本の廃止市区町村"@ja	<http://www.wikidata.org/entity/P1366>	"後継"@ja	<https://ja.wikipedia.org/wiki/%E9%A0%88%E5%8A%A0%E6%9D%91>
<http://www.wikidata.org/entity/Q11670262>	"高松あい"@ja	<http://www.wikidata.org/entity/Q5>	"ヒト"@ja	<http://www.wikidata.org/entity/P19>	"出生地"@ja	<https://ja.wikipedia.org/wiki/%E9%AB%98%E6%9D%BE%E3%81%82%E3%81%84>
<http://www.wikidata.org/entity/Q11671889>	"高源寺 (行田市)"@ja	<http://www.wikidata.org/entity/Q5393308>	"仏教寺院"@ja	<http://www.wikidata.org/entity/P131>	"位置する行政区画"@ja	<https://ja.wikipedia.org/wiki/%E9%AB%98%E6%BA%90%E5%AF%BA_(%E8%A1%8C%E7%94%B0%E5%B8%82)>
<http://www.wikidata.org/entity/Q16145303>	"埼玉県道178号"@ja	<http://www.wikidata.org/entity/Q34442>	"道路"@ja	<http://www.wikidata.org/entity/P609>	"起終点"@ja	<https://ja.wikipedia.org/wiki/%E5%9F%BC%E7%8E%89%E7%9C%8C%E9%81%93178%E5%8F%B7%E5%8C%97%E6%B2%B3%E5%8E%9F%E7%86%8A%E8%B0%B7%E7%B7%9A>
<http://www.wikidata.org/entity/Q16145303>	"埼玉県道178号"@ja	<http://www.wikidata.org/entity/Q34442>	"道路"@ja	<http://www.wikidata.org/entity/P131>	"位置する行政区画"@ja	<https://ja.wikipedia.org/wiki/%E5%9F%BC%E7%8E%89%E7%9C%8C%E9%81%93178%E5%8F%B7%E5%8C%97%E6%B2%B3%E5%8E%9F%E7%86%8A%E8%B0%B7%E7%B7%9A>
<http://www.wikidata.org/entity/Q17175256>	"太田村"@ja	<http://www.wikidata.org/entity/Q18663566>	"日本の廃止市区町村"@ja	<http://www.wikidata.org/entity/P3842>	"位置する現在の行政区画"@ja	<https://ja.wikipedia.org/wiki/%E5%A4%AA%E7%94%B0%E6%9D%91_(%E5%9F%BC%E7%8E%89%E7%9C%8C%E5%8C%97%E5%9F%BC%E7%8E%89%E9%83%A1)>
<http://www.wikidata.org/entity/Q17175256>	"太田村"@ja	<http://www.wikidata.org/entity/Q18663566>	"日本の廃止市区町村"@ja	<http://www.wikidata.org/entity/P1366>	"後継"@ja	<https://ja.wikipedia.org/wiki/%E5%A4%AA%E7%94%B0%E6%9D%91_(%E5%9F%BC%E7%8E%89%E7%9C%8C%E5%8C%97%E5%9F%BC%E7%8E%89%E9%83%A1)>
<http://www.wikidata.org/entity/Q17220146>	"虚空蔵山古墳"@ja	<http://www.wikidata.org/entity/Q1141225>	"古墳"@ja	<http://www.wikidata.org/entity/P131>	"位置する行政区画"@ja	<https://ja.wikipedia.org/wiki/%E8%99%9A%E7%A9%BA%E8%94%B5%E5%B1%B1%E5%8F%A4%E5%A2%B3_(%E8%A1%8C%E7%94%B0%E5%B8%82)>
<http://www.wikidata.org/entity/Q17222769>	"大稲荷古墳群"@ja	<http://www.wikidata.org/entity/Q11411019>	"古墳群"@ja	<http://www.wikidata.org/entity/P131>	"位置する行政区画"@ja	<https://ja.wikipedia.org/wiki/%E5%A4%A7%E7%A8%B2%E8%8D%B7%E5%8F%A4%E5%A2%B3%E7%BE%A4>
<http://www.wikidata.org/entity/Q17224997>	"さきたま古墳公園"@ja	<http://www.wikidata.org/entity/Q3363945>	"考古学公園"@ja	<http://www.wikidata.org/entity/P131>	"位置する行政区画"@ja	<https://ja.wikipedia.org/wiki/%E3%81%95%E3%81%8D%E3%81%9F%E3%81%BE%E5%8F%A4%E5%A2%B3%E5%85%AC%E5%9C%92>
<http://www.wikidata.org/entity/Q17228580>	"埼玉県立総合教育センター"@ja	<http://www.wikidata.org/entity/Q2385804>	"教育機関"@ja	<http://www.wikidata.org/entity/P131>	"位置する行政区画"@ja	<https://ja.wikipedia.org/wiki/%E5%9F%BC%E7%8E%89%E7%9C%8C%E7%AB%8B%E7%B7%8F%E5%90%88%E6%95%99%E8%82%B2%E3%82%BB%E3%83%B3%E3%82%BF%E3%83%BC>
