?s	?sLabel	?type	?typeLabel	?prop	?propLabel	?jwiki
<http://www.wikidata.org/entity/Q6383882>	"藤原敬典"@ja	<http://www.wikidata.org/entity/Q5>	"ヒト"@ja	<http://www.wikidata.org/entity/P19>	"出生地"@ja	<https://ja.wikipedia.org/wiki/%E8%97%A4%E5%8E%9F%E6%95%AC%E5%85%B8>
<http://www.wikidata.org/entity/Q6958664>	"永田駅"@ja	<http://www.wikidata.org/entity/Q55488>	"鉄道駅"@ja	<http://www.wikidata.org/entity/P131>	"位置する行政区画"@ja	<https://ja.wikipedia.org/wiki/%E6%B0%B8%E7%94%B0%E9%A7%85_(%E5%9F%BC%E7%8E%89%E7%9C%8C)>
<http://www.wikidata.org/entity/Q7081631>	"尾島町"@ja	<http://www.wikidata.org/entity/Q18663566>	"日本の廃止市区町村"@ja	<http://www.wikidata.org/entity/P3842>	"位置する現在の行政区画"@ja	<https://ja.wikipedia.org/wiki/%E5%B0%BE%E5%B3%B6%E7%94%BA>
<http://www.wikidata.org/entity/Q7081709>	"岡部町"@ja	<http://www.wikidata.org/entity/Q18663566>	"日本の廃止市区町村"@ja	<http://www.wikidata.org/entity/P3842>	"位置する現在の行政区画"@ja	<https://ja.wikipedia.org/wiki/%E5%B2%A1%E9%83%A8%E7%94%BA_(%E5%9F%BC%E7%8E%89%E7%9C%8C)>
<http://www.wikidata.org/entity/Q7081709>	"岡部町"@ja	<http://www.wikidata.org/entity/Q18663566>	"日本の廃止市区町村"@ja	<http://www.wikidata.org/entity/P1366>	"後継"@ja	<https://ja.wikipedia.org/wiki/%E5%B2%A1%E9%83%A8%E7%94%BA_(%E5%9F%BC%E7%8E%89%E7%9C%8C)>
<http://www.wikidata.org/entity/Q7089376>	"小前田駅"@ja	<http://www.wikidata.org/entity/Q55488>	"鉄道駅"@ja	<http://www.wikidata.org/entity/P131>	"位置する行政区画"@ja	<https://ja.wikipedia.org/wiki/%E5%B0%8F%E5%89%8D%E7%94%B0%E9%A7%85>
<http://www.wikidata.org/entity/Q7402535>	"埼玉工業大学"@ja	<http://www.wikidata.org/entity/Q3918>	"大学"@ja	<http://www.wikidata.org/entity/P131>	"位置する行政区画"@ja	<https://ja.wikipedia.org/wiki/%E5%9F%BC%E7%8E%89%E5%B7%A5%E6%A5%AD%E5%A4%A7%E5%AD%A6>
<http://www.wikidata.org/entity/Q7677997>	"武川駅"@ja	<http://www.wikidata.org/entity/Q55488>	"鉄道駅"@ja	<http://www.wikidata.org/entity/P131>	"位置する行政区画"@ja	<https://ja.wikipedia.org/wiki/%E6%AD%A6%E5%B7%9D%E9%A7%85>
<http://www.wikidata.org/entity/Q9132160>	"岩﨑哲也"@ja	<http://www.wikidata.org/entity/Q5>	"ヒト"@ja	<http://www.wikidata.org/entity/P19>	"出生地"@ja	<https://ja.wikipedia.org/wiki/%E5%B2%A9%EF%A8%91%E5%93%B2%E4%B9%9F>
<http://www.wikidata.org/entity/Q9378506>	"Category:深谷市"@ja	<http://www.wikidata.org/entity/Q4167836>	"ウィキメディアのカテゴリ"@ja	<http://www.wikidata.org/entity/P301>	"カテゴリの中心主題"@ja	<https://ja.wikipedia.org/wiki/Category:%E6%B7%B1%E8%B0%B7%E5%B8%82>
<http://www.wikidata.org/entity/Q10863507>	"深谷藩"@ja	<http://www.wikidata.org/entity/Q841985>	"藩"@ja	<http://www.wikidata.org/entity/P36>	"行政中心地"@ja	<https://ja.wikipedia.org/wiki/%E6%B7%B1%E8%B0%B7%E8%97%A9>
<http://www.wikidata.org/entity/Q10952477>	"寄居パーキングエリア"@ja	<http://www.wikidata.org/entity/Q785979>	"パーキングエリア"@ja	<http://www.wikidata.org/entity/P131>	"位置する行政区画"@ja	<https://ja.wikipedia.org/wiki/%E5%AF%84%E5%B1%85%E3%83%91%E3%83%BC%E3%82%AD%E3%83%B3%E3%82%B0%E3%82%A8%E3%83%AA%E3%82%A2>
<http://www.wikidata.org/entity/Q11261234>	"大場はるか"@ja	<http://www.wikidata.org/entity/Q5>	"ヒト"@ja	<http://www.wikidata.org/entity/P19>	"出生地"@ja	<https://ja.wikipedia.org/wiki/%E5%A4%A7%E5%A0%B4%E3%81%AF%E3%82%8B%E3%81%8B>
<http://www.wikidata.org/entity/Q11328556>	"バード238"@ja	<http://www.wikidata.org/entity/Q5>	"ヒト"@ja	<http://www.wikidata.org/entity/P19>	"出生地"@ja	<https://ja.wikipedia.org/wiki/%E3%83%90%E3%83%BC%E3%83%89%E3%83%95%E3%83%9F%E3%83%A4>
<http://www.wikidata.org/entity/Q11359458>	"上武大橋"@ja	<http://www.wikidata.org/entity/Q537127>	"道路橋"@ja	<http://www.wikidata.org/entity/P131>	"位置する行政区画"@ja	<https://ja.wikipedia.org/wiki/%E4%B8%8A%E6%AD%A6%E5%A4%A7%E6%A9%8B>
<http://www.wikidata.org/entity/Q11366198>	"中林美恵子"@ja	<http://www.wikidata.org/entity/Q5>	"ヒト"@ja	<http://www.wikidata.org/entity/P19>	"出生地"@ja	<https://ja.wikipedia.org/wiki/%E4%B8%AD%E6%9E%97%E7%BE%8E%E6%81%B5%E5%AD%90>
<http://www.wikidata.org/entity/Q11366619>	"中瀬村"@ja	<http://www.wikidata.org/entity/Q18663566>	"日本の廃止市区町村"@ja	<http://www.wikidata.org/entity/P3842>	"位置する現在の行政区画"@ja	<https://ja.wikipedia.org/wiki/%E4%B8%AD%E7%80%AC%E6%9D%91_(%E5%9F%BC%E7%8E%89%E7%9C%8C)>
<http://www.wikidata.org/entity/Q11380206>	"伊藤栄次"@ja	<http://www.wikidata.org/entity/Q5>	"ヒト"@ja	<http://www.wikidata.org/entity/P19>	"出生地"@ja	<https://ja.wikipedia.org/wiki/%E4%BC%8A%E8%97%A4%E6%A0%84%E6%AC%A1>
<http://www.wikidata.org/entity/Q11390717>	"八基村"@ja	<http://www.wikidata.org/entity/Q18663566>	"日本の廃止市区町村"@ja	<http://www.wikidata.org/entity/P3842>	"位置する現在の行政区画"@ja	<https://ja.wikipedia.org/wiki/%E5%85%AB%E5%9F%BA%E6%9D%91>
<http://www.wikidata.org/entity/Q11398064>	"創学舎高等学校"@ja	<http://www.wikidata.org/entity/Q56351315>	"日本の高等学校"@ja	<http://www.wikidata.org/entity/P131>	"位置する行政区画"@ja	<https://ja.wikipedia.org/wiki/%E5%89%B5%E5%AD%A6%E8%88%8E%E9%AB%98%E7%AD%89%E5%AD%A6%E6%A0%A1>
<http://www.wikidata.org/entity/Q11426664>	"埼玉県立川本高等学校"@ja	<http://www.wikidata.org/entity/Q56351315>	"日本の高等学校"@ja	<http://www.wikidata.org/entity/P131>	"位置する行政区画"@ja	<https://ja.wikipedia.org/wiki/%E5%9F%BC%E7%8E%89%E7%9C%8C%E7%AB%8B%E5%B7%9D%E6%9C%AC%E9%AB%98%E7%AD%89%E5%AD%A6%E6%A0%A1>
<http://www.wikidata.org/entity/Q11426719>	"埼玉県立深谷第一高等学校"@ja	<http://www.wikidata.org/entity/Q56351315>	"日本の高等学校"@ja	<http://www.wikidata.org/entity/P131>	"位置する行政区画"@ja	<https://ja.wikipedia.org/wiki/%E5%9F%BC%E7%8E%89%E7%9C%8C%E7%AB%8B%E6%B7%B1%E8%B0%B7%E7%AC%AC%E4%B8%80%E9%AB%98%E7%AD%89%E5%AD%A6%E6%A0%A1>
<http://www.wikidata.org/entity/Q11426720>	"埼玉県立深谷商業高等学校"@ja	<http://www.wikidata.org/entity/Q56351315>	"日本の高等学校"@ja	<http://www.wikidata.org/entity/P131>	"位置する行政区画"@ja	<https://ja.wikipedia.org/wiki/%E5%9F%BC%E7%8E%89%E7%9C%8C%E7%AB%8B%E6%B7%B1%E8%B0%B7%E5%95%86%E6%A5%AD%E9%AB%98%E7%AD%89%E5%AD%A6%E6%A0%A1>
<http://www.wikidata.org/entity/Q11426721>	"埼玉県立深谷高等学校"@ja	<http://www.wikidata.org/entity/Q56351315>	"日本の高等学校"@ja	<http://www.wikidata.org/entity/P131>	"位置する行政区画"@ja	<https://ja.wikipedia.org/wiki/%E5%9F%BC%E7%8E%89%E7%9C%8C%E7%AB%8B%E6%B7%B1%E8%B0%B7%E9%AB%98%E7%AD%89%E5%AD%A6%E6%A0%A1>
<http://www.wikidata.org/entity/Q11426833>	"埼玉県道127号"@ja	<http://www.wikidata.org/entity/Q34442>	"道路"@ja	<http://www.wikidata.org/entity/P609>	"起終点"@ja	<https://ja.wikipedia.org/wiki/%E5%9F%BC%E7%8E%89%E7%9C%8C%E9%81%93127%E5%8F%B7%E6%B7%B1%E8%B0%B7%E9%A3%AF%E5%A1%9A%E7%B7%9A>
<http://www.wikidata.org/entity/Q11426833>	"埼玉県道127号"@ja	<http://www.wikidata.org/entity/Q34442>	"道路"@ja	<http://www.wikidata.org/entity/P131>	"位置する行政区画"@ja	<https://ja.wikipedia.org/wiki/%E5%9F%BC%E7%8E%89%E7%9C%8C%E9%81%93127%E5%8F%B7%E6%B7%B1%E8%B0%B7%E9%A3%AF%E5%A1%9A%E7%B7%9A>
<http://www.wikidata.org/entity/Q11426838>	"埼玉県道130号"@ja	<http://www.wikidata.org/entity/Q34442>	"道路"@ja	<http://www.wikidata.org/entity/P609>	"起終点"@ja	<https://ja.wikipedia.org/wiki/%E5%9F%BC%E7%8E%89%E7%9C%8C%E9%81%93130%E5%8F%B7%E5%B0%8F%E6%B1%9F%E5%B7%9D%E6%9C%AC%E7%94%B0%E7%B7%9A>
<http://www.wikidata.org/entity/Q11426838>	"埼玉県道130号"@ja	<http://www.wikidata.org/entity/Q34442>	"道路"@ja	<http://www.wikidata.org/entity/P131>	"位置する行政区画"@ja	<https://ja.wikipedia.org/wiki/%E5%9F%BC%E7%8E%89%E7%9C%8C%E9%81%93130%E5%8F%B7%E5%B0%8F%E6%B1%9F%E5%B7%9D%E6%9C%AC%E7%94%B0%E7%B7%9A>
<http://www.wikidata.org/entity/Q11426848>	"埼玉県道141号"@ja	<http://www.wikidata.org/entity/Q34442>	"道路"@ja	<http://www.wikidata.org/entity/P609>	"起終点"@ja	<https://ja.wikipedia.org/wiki/%E5%9F%BC%E7%8E%89%E7%9C%8C%E9%81%93141%E5%8F%B7%E6%B7%B1%E8%B0%B7%E5%81%9C%E8%BB%8A%E5%A0%B4%E7%B7%9A>
<http://www.wikidata.org/entity/Q11426848>	"埼玉県道141号"@ja	<http://www.wikidata.org/entity/Q34442>	"道路"@ja	<http://www.wikidata.org/entity/P131>	"位置する行政区画"@ja	<https://ja.wikipedia.org/wiki/%E5%9F%BC%E7%8E%89%E7%9C%8C%E9%81%93141%E5%8F%B7%E6%B7%B1%E8%B0%B7%E5%81%9C%E8%BB%8A%E5%A0%B4%E7%B7%9A>
<http://www.wikidata.org/entity/Q11426881>	"埼玉県道175号"@ja	<http://www.wikidata.org/entity/Q34442>	"道路"@ja	<http://www.wikidata.org/entity/P609>	"起終点"@ja	<https://ja.wikipedia.org/wiki/%E5%9F%BC%E7%8E%89%E7%9C%8C%E9%81%93175%E5%8F%B7%E5%B0%8F%E5%89%8D%E7%94%B0%E5%85%90%E7%8E%89%E7%B7%9A>
<http://www.wikidata.org/entity/Q11426881>	"埼玉県道175号"@ja	<http://www.wikidata.org/entity/Q34442>	"道路"@ja	<http://www.wikidata.org/entity/P131>	"位置する行政区画"@ja	<https://ja.wikipedia.org/wiki/%E5%9F%BC%E7%8E%89%E7%9C%8C%E9%81%93175%E5%8F%B7%E5%B0%8F%E5%89%8D%E7%94%B0%E5%85%90%E7%8E%89%E7%B7%9A>
<http://www.wikidata.org/entity/Q11426885>	"埼玉県道184号"@ja	<http://www.wikidata.org/entity/Q34442>	"道路"@ja	<http://www.wikidata.org/entity/P609>	"起終点"@ja	<https://ja.wikipedia.org/wiki/%E5%9F%BC%E7%8E%89%E7%9C%8C%E9%81%93184%E5%8F%B7%E6%9C%AC%E7%94%B0%E5%B0%8F%E5%B7%9D%E7%B7%9A>
<http://www.wikidata.org/entity/Q11426885>	"埼玉県道184号"@ja	<http://www.wikidata.org/entity/Q34442>	"道路"@ja	<http://www.wikidata.org/entity/P131>	"位置する行政区画"@ja	<https://ja.wikipedia.org/wiki/%E5%9F%BC%E7%8E%89%E7%9C%8C%E9%81%93184%E5%8F%B7%E6%9C%AC%E7%94%B0%E5%B0%8F%E5%B7%9D%E7%B7%9A>
<http://www.wikidata.org/entity/Q11426946>	"埼玉県道264号"@ja	<http://www.wikidata.org/entity/Q34442>	"道路"@ja	<http://www.wikidata.org/entity/P609>	"起終点"@ja	<https://ja.wikipedia.org/wiki/%E5%9F%BC%E7%8E%89%E7%9C%8C%E9%81%93264%E5%8F%B7%E5%8E%9F%E9%83%B7%E7%86%8A%E8%B0%B7%E7%B7%9A>
<http://www.wikidata.org/entity/Q11426946>	"埼玉県道264号"@ja	<http://www.wikidata.org/entity/Q34442>	"道路"@ja	<http://www.wikidata.org/entity/P131>	"位置する行政区画"@ja	<https://ja.wikipedia.org/wiki/%E5%9F%BC%E7%8E%89%E7%9C%8C%E9%81%93264%E5%8F%B7%E5%8E%9F%E9%83%B7%E7%86%8A%E8%B0%B7%E7%B7%9A>
<http://www.wikidata.org/entity/Q11426947>	"埼玉県道265号"@ja	<http://www.wikidata.org/entity/Q34442>	"道路"@ja	<http://www.wikidata.org/entity/P609>	"起終点"@ja	<https://ja.wikipedia.org/wiki/%E5%9F%BC%E7%8E%89%E7%9C%8C%E9%81%93265%E5%8F%B7%E5%AF%84%E5%B1%85%E5%B2%A1%E9%83%A8%E6%B7%B1%E8%B0%B7%E7%B7%9A>
<http://www.wikidata.org/entity/Q11426947>	"埼玉県道265号"@ja	<http://www.wikidata.org/entity/Q34442>	"道路"@ja	<http://www.wikidata.org/entity/P131>	"位置する行政区画"@ja	<https://ja.wikipedia.org/wiki/%E5%9F%BC%E7%8E%89%E7%9C%8C%E9%81%93265%E5%8F%B7%E5%AF%84%E5%B1%85%E5%B2%A1%E9%83%A8%E6%B7%B1%E8%B0%B7%E7%B7%9A>
<http://www.wikidata.org/entity/Q11426944>	"埼玉県道263号"@ja	<http://www.wikidata.org/entity/Q34442>	"道路"@ja	<http://www.wikidata.org/entity/P609>	"起終点"@ja	<https://ja.wikipedia.org/wiki/%E5%9F%BC%E7%8E%89%E7%9C%8C%E9%81%93263%E5%8F%B7%E5%BC%81%E8%B2%A1%E6%B7%B1%E8%B0%B7%E7%B7%9A>
<http://www.wikidata.org/entity/Q11426944>	"埼玉県道263号"@ja	<http://www.wikidata.org/entity/Q34442>	"道路"@ja	<http://www.wikidata.org/entity/P131>	"位置する行政区画"@ja	<https://ja.wikipedia.org/wiki/%E5%9F%BC%E7%8E%89%E7%9C%8C%E9%81%93263%E5%8F%B7%E5%BC%81%E8%B2%A1%E6%B7%B1%E8%B0%B7%E7%B7%9A>
<http://www.wikidata.org/entity/Q11426963>	"埼玉県道296号"@ja	<http://www.wikidata.org/entity/Q34442>	"道路"@ja	<http://www.wikidata.org/entity/P131>	"位置する行政区画"@ja	<https://ja.wikipedia.org/wiki/%E5%9F%BC%E7%8E%89%E7%9C%8C%E9%81%93296%E5%8F%B7%E8%8F%85%E8%B0%B7%E5%AF%84%E5%B1%85%E7%B7%9A>
<http://www.wikidata.org/entity/Q11426977>	"埼玉県道31号"@ja	<http://www.wikidata.org/entity/Q34442>	"道路"@ja	<http://www.wikidata.org/entity/P131>	"位置する行政区画"@ja	<https://ja.wikipedia.org/wiki/%E5%9F%BC%E7%8E%89%E7%9C%8C%E9%81%9331%E5%8F%B7%E6%9C%AC%E5%BA%84%E5%AF%84%E5%B1%85%E7%B7%9A>
<http://www.wikidata.org/entity/Q11427006>	"埼玉県道353号"@ja	<http://www.wikidata.org/entity/Q34442>	"道路"@ja	<http://www.wikidata.org/entity/P131>	"位置する行政区画"@ja	<https://ja.wikipedia.org/wiki/%E5%9F%BC%E7%8E%89%E7%9C%8C%E9%81%93353%E5%8F%B7%E9%87%9D%E3%82%B1%E8%B0%B7%E5%B2%A1%E7%B7%9A>
<http://www.wikidata.org/entity/Q11427006>	"埼玉県道353号"@ja	<http://www.wikidata.org/entity/Q34442>	"道路"@ja	<http://www.wikidata.org/entity/P609>	"起終点"@ja	<https://ja.wikipedia.org/wiki/%E5%9F%BC%E7%8E%89%E7%9C%8C%E9%81%93353%E5%8F%B7%E9%87%9D%E3%82%B1%E8%B0%B7%E5%B2%A1%E7%B7%9A>
<http://www.wikidata.org/entity/Q11427007>	"埼玉県道355号"@ja	<http://www.wikidata.org/entity/Q34442>	"道路"@ja	<http://www.wikidata.org/entity/P609>	"起終点"@ja	<https://ja.wikipedia.org/wiki/%E5%9F%BC%E7%8E%89%E7%9C%8C%E9%81%93355%E5%8F%B7%E4%B8%AD%E7%80%AC%E6%99%AE%E6%B8%88%E5%AF%BA%E7%B7%9A>
<http://www.wikidata.org/entity/Q11427007>	"埼玉県道355号"@ja	<http://www.wikidata.org/entity/Q34442>	"道路"@ja	<http://www.wikidata.org/entity/P131>	"位置する行政区画"@ja	<https://ja.wikipedia.org/wiki/%E5%9F%BC%E7%8E%89%E7%9C%8C%E9%81%93355%E5%8F%B7%E4%B8%AD%E7%80%AC%E6%99%AE%E6%B8%88%E5%AF%BA%E7%B7%9A>
<http://www.wikidata.org/entity/Q11427005>	"埼玉県道352号"@ja	<http://www.wikidata.org/entity/Q34442>	"道路"@ja	<http://www.wikidata.org/entity/P609>	"起終点"@ja	<https://ja.wikipedia.org/wiki/%E5%9F%BC%E7%8E%89%E7%9C%8C%E9%81%93352%E5%8F%B7%E5%85%90%E7%8E%89%E7%94%BA%E8%9B%AD%E5%B7%9D%E6%99%AE%E6%B8%88%E5%AF%BA%E7%B7%9A>
<http://www.wikidata.org/entity/Q11427005>	"埼玉県道352号"@ja	<http://www.wikidata.org/entity/Q34442>	"道路"@ja	<http://www.wikidata.org/entity/P131>	"位置する行政区画"@ja	<https://ja.wikipedia.org/wiki/%E5%9F%BC%E7%8E%89%E7%9C%8C%E9%81%93352%E5%8F%B7%E5%85%90%E7%8E%89%E7%94%BA%E8%9B%AD%E5%B7%9D%E6%99%AE%E6%B8%88%E5%AF%BA%E7%B7%9A>
<http://www.wikidata.org/entity/Q11427008>	"埼玉県道356号"@ja	<http://www.wikidata.org/entity/Q34442>	"道路"@ja	<http://www.wikidata.org/entity/P609>	"起終点"@ja	<https://ja.wikipedia.org/wiki/%E5%9F%BC%E7%8E%89%E7%9C%8C%E9%81%93356%E5%8F%B7%E6%88%90%E5%A1%9A%E4%B8%AD%E7%80%AC%E7%B7%9A>
<http://www.wikidata.org/entity/Q11427008>	"埼玉県道356号"@ja	<http://www.wikidata.org/entity/Q34442>	"道路"@ja	<http://www.wikidata.org/entity/P131>	"位置する行政区画"@ja	<https://ja.wikipedia.org/wiki/%E5%9F%BC%E7%8E%89%E7%9C%8C%E9%81%93356%E5%8F%B7%E6%88%90%E5%A1%9A%E4%B8%AD%E7%80%AC%E7%B7%9A>
<http://www.wikidata.org/entity/Q11427063>	"埼玉県道45号"@ja	<http://www.wikidata.org/entity/Q34442>	"道路"@ja	<http://www.wikidata.org/entity/P131>	"位置する行政区画"@ja	<https://ja.wikipedia.org/wiki/%E5%9F%BC%E7%8E%89%E7%9C%8C%E9%81%9345%E5%8F%B7%E6%9C%AC%E5%BA%84%E5%A6%BB%E6%B2%BC%E7%B7%9A>
<http://www.wikidata.org/entity/Q11427066>	"埼玉県道47号"@ja	<http://www.wikidata.org/entity/Q34442>	"道路"@ja	<http://www.wikidata.org/entity/P609>	"起終点"@ja	<https://ja.wikipedia.org/wiki/%E5%9F%BC%E7%8E%89%E7%9C%8C%E9%81%9347%E5%8F%B7%E6%B7%B1%E8%B0%B7%E6%9D%B1%E6%9D%BE%E5%B1%B1%E7%B7%9A>
<http://www.wikidata.org/entity/Q11427066>	"埼玉県道47号"@ja	<http://www.wikidata.org/entity/Q34442>	"道路"@ja	<http://www.wikidata.org/entity/P131>	"位置する行政区画"@ja	<https://ja.wikipedia.org/wiki/%E5%9F%BC%E7%8E%89%E7%9C%8C%E9%81%9347%E5%8F%B7%E6%B7%B1%E8%B0%B7%E6%9D%B1%E6%9D%BE%E5%B1%B1%E7%B7%9A>
<http://www.wikidata.org/entity/Q11427079>	"埼玉県道69号"@ja	<http://www.wikidata.org/entity/Q34442>	"道路"@ja	<http://www.wikidata.org/entity/P609>	"起終点"@ja	<https://ja.wikipedia.org/wiki/%E5%9F%BC%E7%8E%89%E7%9C%8C%E9%81%9369%E5%8F%B7%E6%B7%B1%E8%B0%B7%E5%B5%90%E5%B1%B1%E7%B7%9A>
<http://www.wikidata.org/entity/Q11427079>	"埼玉県道69号"@ja	<http://www.wikidata.org/entity/Q34442>	"道路"@ja	<http://www.wikidata.org/entity/P131>	"位置する行政区画"@ja	<https://ja.wikipedia.org/wiki/%E5%9F%BC%E7%8E%89%E7%9C%8C%E9%81%9369%E5%8F%B7%E6%B7%B1%E8%B0%B7%E5%B5%90%E5%B1%B1%E7%B7%9A>
<http://www.wikidata.org/entity/Q11427076>	"埼玉県道62号"@ja	<http://www.wikidata.org/entity/Q34442>	"道路"@ja	<http://www.wikidata.org/entity/P609>	"起終点"@ja	<https://ja.wikipedia.org/wiki/%E5%9F%BC%E7%8E%89%E7%9C%8C%E9%81%9362%E5%8F%B7%E6%B7%B1%E8%B0%B7%E5%AF%84%E5%B1%85%E7%B7%9A>
<http://www.wikidata.org/entity/Q11427076>	"埼玉県道62号"@ja	<http://www.wikidata.org/entity/Q34442>	"道路"@ja	<http://www.wikidata.org/entity/P131>	"位置する行政区画"@ja	<https://ja.wikipedia.org/wiki/%E5%9F%BC%E7%8E%89%E7%9C%8C%E9%81%9362%E5%8F%B7%E6%B7%B1%E8%B0%B7%E5%AF%84%E5%B1%85%E7%B7%9A>
<http://www.wikidata.org/entity/Q11427085>	"埼玉県道75号"@ja	<http://www.wikidata.org/entity/Q34442>	"道路"@ja	<http://www.wikidata.org/entity/P131>	"位置する行政区画"@ja	<https://ja.wikipedia.org/wiki/%E5%9F%BC%E7%8E%89%E7%9C%8C%E9%81%9375%E5%8F%B7%E7%86%8A%E8%B0%B7%E5%85%90%E7%8E%89%E7%B7%9A>
<http://www.wikidata.org/entity/Q11427089>	"埼玉県道81号"@ja	<http://www.wikidata.org/entity/Q34442>	"道路"@ja	<http://www.wikidata.org/entity/P131>	"位置する行政区画"@ja	<https://ja.wikipedia.org/wiki/%E5%9F%BC%E7%8E%89%E7%9C%8C%E9%81%9381%E5%8F%B7%E7%86%8A%E8%B0%B7%E5%AF%84%E5%B1%85%E7%B7%9A>
<http://www.wikidata.org/entity/Q11427094>	"埼玉県道86号"@ja	<http://www.wikidata.org/entity/Q34442>	"道路"@ja	<http://www.wikidata.org/entity/P609>	"起終点"@ja	<https://ja.wikipedia.org/wiki/%E5%9F%BC%E7%8E%89%E7%9C%8C%E9%81%9386%E5%8F%B7%E8%8A%B1%E5%9C%92%E6%9C%AC%E5%BA%84%E7%B7%9A>
<http://www.wikidata.org/entity/Q11427094>	"埼玉県道86号"@ja	<http://www.wikidata.org/entity/Q34442>	"道路"@ja	<http://www.wikidata.org/entity/P131>	"位置する行政区画"@ja	<https://ja.wikipedia.org/wiki/%E5%9F%BC%E7%8E%89%E7%9C%8C%E9%81%9386%E5%8F%B7%E8%8A%B1%E5%9C%92%E6%9C%AC%E5%BA%84%E7%B7%9A>
<http://www.wikidata.org/entity/Q11427118>	"埼玉県道・群馬県道258号"@ja	<http://www.wikidata.org/entity/Q34442>	"道路"@ja	<http://www.wikidata.org/entity/P609>	"起終点"@ja	<https://ja.wikipedia.org/wiki/%E5%9F%BC%E7%8E%89%E7%9C%8C%E9%81%93%E3%83%BB%E7%BE%A4%E9%A6%AC%E7%9C%8C%E9%81%93258%E5%8F%B7%E4%B8%AD%E7%80%AC%E7%89%A7%E8%A5%BF%E7%B7%9A>
<http://www.wikidata.org/entity/Q11427118>	"埼玉県道・群馬県道258号"@ja	<http://www.wikidata.org/entity/Q34442>	"道路"@ja	<http://www.wikidata.org/entity/P131>	"位置する行政区画"@ja	<https://ja.wikipedia.org/wiki/%E5%9F%BC%E7%8E%89%E7%9C%8C%E9%81%93%E3%83%BB%E7%BE%A4%E9%A6%AC%E7%9C%8C%E9%81%93258%E5%8F%B7%E4%B8%AD%E7%80%AC%E7%89%A7%E8%A5%BF%E7%B7%9A>
<http://www.wikidata.org/entity/Q11427127>	"埼玉県道・群馬県道416号"@ja	<http://www.wikidata.org/entity/Q34442>	"道路"@ja	<http://www.wikidata.org/entity/P131>	"位置する行政区画"@ja	<https://ja.wikipedia.org/wiki/%E5%9F%BC%E7%8E%89%E7%9C%8C%E9%81%93%E3%83%BB%E7%BE%A4%E9%A6%AC%E7%9C%8C%E9%81%93416%E5%8F%B7%E5%88%A9%E6%A0%B9%E5%B7%9D%E8%87%AA%E8%BB%A2%E8%BB%8A%E9%81%93%E7%B7%9A>
<http://www.wikidata.org/entity/Q11434498>	"大寄村"@ja	<http://www.wikidata.org/entity/Q18663566>	"日本の廃止市区町村"@ja	<http://www.wikidata.org/entity/P3842>	"位置する現在の行政区画"@ja	<https://ja.wikipedia.org/wiki/%E5%A4%A7%E5%AF%84%E6%9D%91>
<http://www.wikidata.org/entity/Q11434498>	"大寄村"@ja	<http://www.wikidata.org/entity/Q18663566>	"日本の廃止市区町村"@ja	<http://www.wikidata.org/entity/P1366>	"後継"@ja	<https://ja.wikipedia.org/wiki/%E5%A4%A7%E5%AF%84%E6%9D%91>
<http://www.wikidata.org/entity/Q11448551>	"学校法人智香寺学園"@ja	<http://www.wikidata.org/entity/Q5341295>	"教育組織"@ja	<http://www.wikidata.org/entity/P159>	"本部所在地"@ja	<https://ja.wikipedia.org/wiki/%E5%AD%A6%E6%A0%A1%E6%B3%95%E4%BA%BA%E6%99%BA%E9%A6%99%E5%AF%BA%E5%AD%A6%E5%9C%92>
<http://www.wikidata.org/entity/Q11460238>	"小島進"@ja	<http://www.wikidata.org/entity/Q5>	"ヒト"@ja	<http://www.wikidata.org/entity/P19>	"出生地"@ja	<https://ja.wikipedia.org/wiki/%E5%B0%8F%E5%B3%B6%E9%80%B2>
<http://www.wikidata.org/entity/Q11461297>	"小林まり枝"@ja	<http://www.wikidata.org/entity/Q5>	"ヒト"@ja	<http://www.wikidata.org/entity/P19>	"出生地"@ja	<https://ja.wikipedia.org/wiki/%E5%B0%8F%E6%9E%97%E3%81%BE%E3%82%8A%E6%9E%9D>
<http://www.wikidata.org/entity/Q11500682>	"斎藤豪人"@ja	<http://www.wikidata.org/entity/Q5>	"ヒト"@ja	<http://www.wikidata.org/entity/P19>	"出生地"@ja	<https://ja.wikipedia.org/wiki/%E6%96%8E%E8%97%A4%E8%B1%AA%E4%BA%BA>
<http://www.wikidata.org/entity/Q1044466>	"深谷"@ja	<http://www.wikidata.org/entity/Q3863>	"小惑星"@ja	<http://www.wikidata.org/entity/P138>	"名前の由来"@ja	
<http://www.wikidata.org/entity/Q41770634>	"川辺賢一"@ja	<http://www.wikidata.org/entity/Q5>	"ヒト"@ja	<http://www.wikidata.org/entity/P19>	"出生地"@ja	
<http://www.wikidata.org/entity/Q56436869>	"深谷市長"@ja	<http://www.wikidata.org/entity/Q4164871>	"職位"@ja	<http://www.wikidata.org/entity/P1001>	"管轄・適用区域"@ja	
<http://www.wikidata.org/entity/Q61886534>	"深谷市立図書館"@ja	<http://www.wikidata.org/entity/Q28564>	"公共図書館"@ja	<http://www.wikidata.org/entity/P276>	"場所"@ja	
<http://www.wikidata.org/entity/Q61886535>	"深谷市立川本図書館"@ja	<http://www.wikidata.org/entity/Q28564>	"公共図書館"@ja	<http://www.wikidata.org/entity/P276>	"場所"@ja	
<http://www.wikidata.org/entity/Q61886536>	"深谷市立花園こども情報交流図書館アクロス"@ja	<http://www.wikidata.org/entity/Q28564>	"公共図書館"@ja	<http://www.wikidata.org/entity/P276>	"場所"@ja	
<http://www.wikidata.org/entity/Q61886537>	"深谷市立岡部図書館"@ja	<http://www.wikidata.org/entity/Q28564>	"公共図書館"@ja	<http://www.wikidata.org/entity/P276>	"場所"@ja	
<http://www.wikidata.org/entity/Q83809484>	"二十二夜塔（普済寺）"@ja	<http://www.wikidata.org/entity/Q11516104>	"月待塔"@ja	<http://www.wikidata.org/entity/P131>	"位置する行政区画"@ja	
<http://www.wikidata.org/entity/Q86497906>	"深谷市立明戸小学校"@ja	<http://www.wikidata.org/entity/Q5358913>	"日本の小学校"@ja	<http://www.wikidata.org/entity/P131>	"位置する行政区画"@ja	
<http://www.wikidata.org/entity/Q86497906>	"深谷市立明戸小学校"@ja	<http://www.wikidata.org/entity/Q5358913>	"日本の小学校"@ja	<http://www.wikidata.org/entity/P126>	"管理者"@ja	
<http://www.wikidata.org/entity/Q86497910>	"深谷市立深谷小学校"@ja	<http://www.wikidata.org/entity/Q5358913>	"日本の小学校"@ja	<http://www.wikidata.org/entity/P131>	"位置する行政区画"@ja	
<http://www.wikidata.org/entity/Q86497910>	"深谷市立深谷小学校"@ja	<http://www.wikidata.org/entity/Q5358913>	"日本の小学校"@ja	<http://www.wikidata.org/entity/P126>	"管理者"@ja	
<http://www.wikidata.org/entity/Q86497908>	"深谷市立幡羅小学校"@ja	<http://www.wikidata.org/entity/Q5358913>	"日本の小学校"@ja	<http://www.wikidata.org/entity/P131>	"位置する行政区画"@ja	
<http://www.wikidata.org/entity/Q86497908>	"深谷市立幡羅小学校"@ja	<http://www.wikidata.org/entity/Q5358913>	"日本の小学校"@ja	<http://www.wikidata.org/entity/P126>	"管理者"@ja	
<http://www.wikidata.org/entity/Q86497915>	"深谷市立藤沢小学校"@ja	<http://www.wikidata.org/entity/Q5358913>	"日本の小学校"@ja	<http://www.wikidata.org/entity/P131>	"位置する行政区画"@ja	
<http://www.wikidata.org/entity/Q86497915>	"深谷市立藤沢小学校"@ja	<http://www.wikidata.org/entity/Q5358913>	"日本の小学校"@ja	<http://www.wikidata.org/entity/P126>	"管理者"@ja	
<http://www.wikidata.org/entity/Q86497913>	"深谷市立大寄小学校"@ja	<http://www.wikidata.org/entity/Q5358913>	"日本の小学校"@ja	<http://www.wikidata.org/entity/P131>	"位置する行政区画"@ja	
<http://www.wikidata.org/entity/Q86497913>	"深谷市立大寄小学校"@ja	<http://www.wikidata.org/entity/Q5358913>	"日本の小学校"@ja	<http://www.wikidata.org/entity/P126>	"管理者"@ja	
<http://www.wikidata.org/entity/Q86497918>	"深谷市立常盤小学校"@ja	<http://www.wikidata.org/entity/Q5358913>	"日本の小学校"@ja	<http://www.wikidata.org/entity/P131>	"位置する行政区画"@ja	
<http://www.wikidata.org/entity/Q86497918>	"深谷市立常盤小学校"@ja	<http://www.wikidata.org/entity/Q5358913>	"日本の小学校"@ja	<http://www.wikidata.org/entity/P126>	"管理者"@ja	
<http://www.wikidata.org/entity/Q86497922>	"深谷市立上柴西小学校"@ja	<http://www.wikidata.org/entity/Q5358913>	"日本の小学校"@ja	<http://www.wikidata.org/entity/P131>	"位置する行政区画"@ja	
<http://www.wikidata.org/entity/Q86497922>	"深谷市立上柴西小学校"@ja	<http://www.wikidata.org/entity/Q5358913>	"日本の小学校"@ja	<http://www.wikidata.org/entity/P126>	"管理者"@ja	
<http://www.wikidata.org/entity/Q86497920>	"深谷市立八基小学校"@ja	<http://www.wikidata.org/entity/Q5358913>	"日本の小学校"@ja	<http://www.wikidata.org/entity/P131>	"位置する行政区画"@ja	
<http://www.wikidata.org/entity/Q86497920>	"深谷市立八基小学校"@ja	<http://www.wikidata.org/entity/Q5358913>	"日本の小学校"@ja	<http://www.wikidata.org/entity/P126>	"管理者"@ja	
<http://www.wikidata.org/entity/Q86497926>	"深谷市立豊里小学校"@ja	<http://www.wikidata.org/entity/Q5358913>	"日本の小学校"@ja	<http://www.wikidata.org/entity/P131>	"位置する行政区画"@ja	
<http://www.wikidata.org/entity/Q86497926>	"深谷市立豊里小学校"@ja	<http://www.wikidata.org/entity/Q5358913>	"日本の小学校"@ja	<http://www.wikidata.org/entity/P126>	"管理者"@ja	
<http://www.wikidata.org/entity/Q86497924>	"深谷市立上柴東小学校"@ja	<http://www.wikidata.org/entity/Q5358913>	"日本の小学校"@ja	<http://www.wikidata.org/entity/P131>	"位置する行政区画"@ja	
<http://www.wikidata.org/entity/Q86497924>	"深谷市立上柴東小学校"@ja	<http://www.wikidata.org/entity/Q5358913>	"日本の小学校"@ja	<http://www.wikidata.org/entity/P126>	"管理者"@ja	
<http://www.wikidata.org/entity/Q86497928>	"深谷市立岡部小学校"@ja	<http://www.wikidata.org/entity/Q5358913>	"日本の小学校"@ja	<http://www.wikidata.org/entity/P131>	"位置する行政区画"@ja	
<http://www.wikidata.org/entity/Q86497928>	"深谷市立岡部小学校"@ja	<http://www.wikidata.org/entity/Q5358913>	"日本の小学校"@ja	<http://www.wikidata.org/entity/P126>	"管理者"@ja	
<http://www.wikidata.org/entity/Q86498107>	"深谷市立榛沢小学校"@ja	<http://www.wikidata.org/entity/Q5358913>	"日本の小学校"@ja	<http://www.wikidata.org/entity/P131>	"位置する行政区画"@ja	
<http://www.wikidata.org/entity/Q86498107>	"深谷市立榛沢小学校"@ja	<http://www.wikidata.org/entity/Q5358913>	"日本の小学校"@ja	<http://www.wikidata.org/entity/P126>	"管理者"@ja	
<http://www.wikidata.org/entity/Q86498110>	"深谷市立本郷小学校"@ja	<http://www.wikidata.org/entity/Q5358913>	"日本の小学校"@ja	<http://www.wikidata.org/entity/P131>	"位置する行政区画"@ja	
<http://www.wikidata.org/entity/Q86498110>	"深谷市立本郷小学校"@ja	<http://www.wikidata.org/entity/Q5358913>	"日本の小学校"@ja	<http://www.wikidata.org/entity/P126>	"管理者"@ja	
<http://www.wikidata.org/entity/Q86498115>	"深谷市立花園小学校"@ja	<http://www.wikidata.org/entity/Q5358913>	"日本の小学校"@ja	<http://www.wikidata.org/entity/P131>	"位置する行政区画"@ja	
<http://www.wikidata.org/entity/Q86498115>	"深谷市立花園小学校"@ja	<http://www.wikidata.org/entity/Q5358913>	"日本の小学校"@ja	<http://www.wikidata.org/entity/P126>	"管理者"@ja	
<http://www.wikidata.org/entity/Q86498112>	"深谷市立岡部西小学校"@ja	<http://www.wikidata.org/entity/Q5358913>	"日本の小学校"@ja	<http://www.wikidata.org/entity/P131>	"位置する行政区画"@ja	
<http://www.wikidata.org/entity/Q86498112>	"深谷市立岡部西小学校"@ja	<http://www.wikidata.org/entity/Q5358913>	"日本の小学校"@ja	<http://www.wikidata.org/entity/P126>	"管理者"@ja	
<http://www.wikidata.org/entity/Q86498117>	"深谷市立川本北小学校"@ja	<http://www.wikidata.org/entity/Q5358913>	"日本の小学校"@ja	<http://www.wikidata.org/entity/P131>	"位置する行政区画"@ja	
<http://www.wikidata.org/entity/Q86498117>	"深谷市立川本北小学校"@ja	<http://www.wikidata.org/entity/Q5358913>	"日本の小学校"@ja	<http://www.wikidata.org/entity/P126>	"管理者"@ja	
<http://www.wikidata.org/entity/Q86498120>	"深谷市立川本南小学校"@ja	<http://www.wikidata.org/entity/Q5358913>	"日本の小学校"@ja	<http://www.wikidata.org/entity/P131>	"位置する行政区画"@ja	
<http://www.wikidata.org/entity/Q86498120>	"深谷市立川本南小学校"@ja	<http://www.wikidata.org/entity/Q5358913>	"日本の小学校"@ja	<http://www.wikidata.org/entity/P126>	"管理者"@ja	
<http://www.wikidata.org/entity/Q86627558>	"深谷市立幡羅中学校"@ja	<http://www.wikidata.org/entity/Q55521176>	"日本の中学校"@ja	<http://www.wikidata.org/entity/P131>	"位置する行政区画"@ja	
<http://www.wikidata.org/entity/Q86627558>	"深谷市立幡羅中学校"@ja	<http://www.wikidata.org/entity/Q55521176>	"日本の中学校"@ja	<http://www.wikidata.org/entity/P126>	"管理者"@ja	
<http://www.wikidata.org/entity/Q86627557>	"深谷市立明戸中学校"@ja	<http://www.wikidata.org/entity/Q55521176>	"日本の中学校"@ja	<http://www.wikidata.org/entity/P131>	"位置する行政区画"@ja	
<http://www.wikidata.org/entity/Q86627557>	"深谷市立明戸中学校"@ja	<http://www.wikidata.org/entity/Q55521176>	"日本の中学校"@ja	<http://www.wikidata.org/entity/P126>	"管理者"@ja	
<http://www.wikidata.org/entity/Q86627562>	"深谷市立藤沢中学校"@ja	<http://www.wikidata.org/entity/Q55521176>	"日本の中学校"@ja	<http://www.wikidata.org/entity/P131>	"位置する行政区画"@ja	
<http://www.wikidata.org/entity/Q86627562>	"深谷市立藤沢中学校"@ja	<http://www.wikidata.org/entity/Q55521176>	"日本の中学校"@ja	<http://www.wikidata.org/entity/P126>	"管理者"@ja	
<http://www.wikidata.org/entity/Q86627560>	"深谷市立深谷中学校"@ja	<http://www.wikidata.org/entity/Q55521176>	"日本の中学校"@ja	<http://www.wikidata.org/entity/P131>	"位置する行政区画"@ja	
<http://www.wikidata.org/entity/Q86627560>	"深谷市立深谷中学校"@ja	<http://www.wikidata.org/entity/Q55521176>	"日本の中学校"@ja	<http://www.wikidata.org/entity/P126>	"管理者"@ja	
<http://www.wikidata.org/entity/Q86627567>	"深谷市立上柴中学校"@ja	<http://www.wikidata.org/entity/Q55521176>	"日本の中学校"@ja	<http://www.wikidata.org/entity/P131>	"位置する行政区画"@ja	
<http://www.wikidata.org/entity/Q86627567>	"深谷市立上柴中学校"@ja	<http://www.wikidata.org/entity/Q55521176>	"日本の中学校"@ja	<http://www.wikidata.org/entity/P126>	"管理者"@ja	
<http://www.wikidata.org/entity/Q86627565>	"深谷市立豊里中学校"@ja	<http://www.wikidata.org/entity/Q55521176>	"日本の中学校"@ja	<http://www.wikidata.org/entity/P131>	"位置する行政区画"@ja	
<http://www.wikidata.org/entity/Q86627565>	"深谷市立豊里中学校"@ja	<http://www.wikidata.org/entity/Q55521176>	"日本の中学校"@ja	<http://www.wikidata.org/entity/P126>	"管理者"@ja	
<http://www.wikidata.org/entity/Q86627569>	"深谷市立岡部中学校"@ja	<http://www.wikidata.org/entity/Q55521176>	"日本の中学校"@ja	<http://www.wikidata.org/entity/P131>	"位置する行政区画"@ja	
<http://www.wikidata.org/entity/Q86627569>	"深谷市立岡部中学校"@ja	<http://www.wikidata.org/entity/Q55521176>	"日本の中学校"@ja	<http://www.wikidata.org/entity/P126>	"管理者"@ja	
<http://www.wikidata.org/entity/Q86627575>	"深谷市立川本中学校"@ja	<http://www.wikidata.org/entity/Q55521176>	"日本の中学校"@ja	<http://www.wikidata.org/entity/P131>	"位置する行政区画"@ja	
<http://www.wikidata.org/entity/Q86627575>	"深谷市立川本中学校"@ja	<http://www.wikidata.org/entity/Q55521176>	"日本の中学校"@ja	<http://www.wikidata.org/entity/P126>	"管理者"@ja	
<http://www.wikidata.org/entity/Q86627573>	"深谷市立花園中学校"@ja	<http://www.wikidata.org/entity/Q55521176>	"日本の中学校"@ja	<http://www.wikidata.org/entity/P131>	"位置する行政区画"@ja	
<http://www.wikidata.org/entity/Q86627573>	"深谷市立花園中学校"@ja	<http://www.wikidata.org/entity/Q55521176>	"日本の中学校"@ja	<http://www.wikidata.org/entity/P126>	"管理者"@ja	
<http://www.wikidata.org/entity/Q86990051>	"東京成徳大学深谷中学校"@ja	<http://www.wikidata.org/entity/Q55521176>	"日本の中学校"@ja	<http://www.wikidata.org/entity/P131>	"位置する行政区画"@ja	
<http://www.wikidata.org/entity/Q86990108>	"東京成徳大学深谷高等学校"@ja	<http://www.wikidata.org/entity/Q56351315>	"日本の高等学校"@ja	<http://www.wikidata.org/entity/P131>	"位置する行政区画"@ja	
<http://www.wikidata.org/entity/Q99440697>	"二十二夜塔（普済寺）2"@ja	<http://www.wikidata.org/entity/Q11516104>	"月待塔"@ja	<http://www.wikidata.org/entity/P131>	"位置する行政区画"@ja	
<http://www.wikidata.org/entity/Q109016362>	"川田清"@ja	<http://www.wikidata.org/entity/Q5>	"ヒト"@ja	<http://www.wikidata.org/entity/P19>	"出生地"@ja	
<http://www.wikidata.org/entity/Q128186>	"埼玉県"@ja	<http://www.wikidata.org/entity/Q50337>	"都道府県"@ja	<http://www.wikidata.org/entity/P150>	"直下の行政区画"@ja	<https://ja.wikipedia.org/wiki/%E5%9F%BC%E7%8E%89%E7%9C%8C>
<http://www.wikidata.org/entity/Q328596>	"伊勢崎市"@ja	<http://www.wikidata.org/entity/Q1549591>	"10万都市"@ja	<http://www.wikidata.org/entity/P47>	"隣の国又は行政区画"@ja	<https://ja.wikipedia.org/wiki/%E4%BC%8A%E5%8B%A2%E5%B4%8E%E5%B8%82>
<http://www.wikidata.org/entity/Q328596>	"伊勢崎市"@ja	<http://www.wikidata.org/entity/Q1145012>	"特例市"@ja	<http://www.wikidata.org/entity/P47>	"隣の国又は行政区画"@ja	<https://ja.wikipedia.org/wiki/%E4%BC%8A%E5%8B%A2%E5%B4%8E%E5%B8%82>
<http://www.wikidata.org/entity/Q386179>	"太田市"@ja	<http://www.wikidata.org/entity/Q1549591>	"10万都市"@ja	<http://www.wikidata.org/entity/P47>	"隣の国又は行政区画"@ja	<https://ja.wikipedia.org/wiki/%E5%A4%AA%E7%94%B0%E5%B8%82>
<http://www.wikidata.org/entity/Q386179>	"太田市"@ja	<http://www.wikidata.org/entity/Q1145012>	"特例市"@ja	<http://www.wikidata.org/entity/P47>	"隣の国又は行政区画"@ja	<https://ja.wikipedia.org/wiki/%E5%A4%AA%E7%94%B0%E5%B8%82>
<http://www.wikidata.org/entity/Q41106>	"熊谷市"@ja	<http://www.wikidata.org/entity/Q1549591>	"10万都市"@ja	<http://www.wikidata.org/entity/P47>	"隣の国又は行政区画"@ja	<https://ja.wikipedia.org/wiki/%E7%86%8A%E8%B0%B7%E5%B8%82>
<http://www.wikidata.org/entity/Q41106>	"熊谷市"@ja	<http://www.wikidata.org/entity/Q1145012>	"特例市"@ja	<http://www.wikidata.org/entity/P47>	"隣の国又は行政区画"@ja	<https://ja.wikipedia.org/wiki/%E7%86%8A%E8%B0%B7%E5%B8%82>
<http://www.wikidata.org/entity/Q49220>	"フリーモント"@ja	<http://www.wikidata.org/entity/Q3559093>	"聖域都市"@ja	<http://www.wikidata.org/entity/P190>	"姉妹都市"@ja	<https://ja.wikipedia.org/wiki/%E3%83%95%E3%83%AA%E3%83%BC%E3%83%A2%E3%83%B3%E3%83%88_(%E3%82%AB%E3%83%AA%E3%83%95%E3%82%A9%E3%83%AB%E3%83%8B%E3%82%A2%E5%B7%9E)>
<http://www.wikidata.org/entity/Q49220>	"フリーモント"@ja	<http://www.wikidata.org/entity/Q1549591>	"10万都市"@ja	<http://www.wikidata.org/entity/P190>	"姉妹都市"@ja	<https://ja.wikipedia.org/wiki/%E3%83%95%E3%83%AA%E3%83%BC%E3%83%A2%E3%83%B3%E3%83%88_(%E3%82%AB%E3%83%AA%E3%83%95%E3%82%A9%E3%83%AB%E3%83%8B%E3%82%A2%E5%B7%9E)>
<http://www.wikidata.org/entity/Q49220>	"フリーモント"@ja	<http://www.wikidata.org/entity/Q1093829>	"アメリカ合衆国の市"@ja	<http://www.wikidata.org/entity/P190>	"姉妹都市"@ja	<https://ja.wikipedia.org/wiki/%E3%83%95%E3%83%AA%E3%83%BC%E3%83%A2%E3%83%B3%E3%83%88_(%E3%82%AB%E3%83%AA%E3%83%95%E3%82%A9%E3%83%AB%E3%83%8B%E3%82%A2%E5%B7%9E)>
<http://www.wikidata.org/entity/Q739087>	"田野畑村"@ja	<http://www.wikidata.org/entity/Q4174776>	"日本の村"@ja	<http://www.wikidata.org/entity/P190>	"姉妹都市"@ja	<https://ja.wikipedia.org/wiki/%E7%94%B0%E9%87%8E%E7%95%91%E6%9D%91>
<http://www.wikidata.org/entity/Q844895>	"深谷駅"@ja	<http://www.wikidata.org/entity/Q55488>	"鉄道駅"@ja	<http://www.wikidata.org/entity/P131>	"位置する行政区画"@ja	<https://ja.wikipedia.org/wiki/%E6%B7%B1%E8%B0%B7%E9%A7%85>
<http://www.wikidata.org/entity/Q845054>	"岡部駅"@ja	<http://www.wikidata.org/entity/Q55488>	"鉄道駅"@ja	<http://www.wikidata.org/entity/P131>	"位置する行政区画"@ja	<https://ja.wikipedia.org/wiki/%E5%B2%A1%E9%83%A8%E9%A7%85>
<http://www.wikidata.org/entity/Q873565>	"本庄市"@ja	<http://www.wikidata.org/entity/Q494721>	"日本の市"@ja	<http://www.wikidata.org/entity/P47>	"隣の国又は行政区画"@ja	<https://ja.wikipedia.org/wiki/%E6%9C%AC%E5%BA%84%E5%B8%82>
<http://www.wikidata.org/entity/Q873835>	"富岡市"@ja	<http://www.wikidata.org/entity/Q494721>	"日本の市"@ja	<http://www.wikidata.org/entity/P190>	"姉妹都市"@ja	<https://ja.wikipedia.org/wiki/%E5%AF%8C%E5%B2%A1%E5%B8%82>
<http://www.wikidata.org/entity/Q924129>	"美里町 (埼玉県)"@ja	<http://www.wikidata.org/entity/Q1059478>	"日本の町"@ja	<http://www.wikidata.org/entity/P47>	"隣の国又は行政区画"@ja	<https://ja.wikipedia.org/wiki/%E7%BE%8E%E9%87%8C%E7%94%BA_(%E5%9F%BC%E7%8E%89%E7%9C%8C)>
<http://www.wikidata.org/entity/Q961604>	"寄居町"@ja	<http://www.wikidata.org/entity/Q1059478>	"日本の町"@ja	<http://www.wikidata.org/entity/P47>	"隣の国又は行政区画"@ja	<https://ja.wikipedia.org/wiki/%E5%AF%84%E5%B1%85%E7%94%BA>
<http://www.wikidata.org/entity/Q1358642>	"嵐山町"@ja	<http://www.wikidata.org/entity/Q1059478>	"日本の町"@ja	<http://www.wikidata.org/entity/P47>	"隣の国又は行政区画"@ja	<https://ja.wikipedia.org/wiki/%E5%B5%90%E5%B1%B1%E7%94%BA>
<http://www.wikidata.org/entity/Q4700660>	"明戸駅"@ja	<http://www.wikidata.org/entity/Q55488>	"鉄道駅"@ja	<http://www.wikidata.org/entity/P131>	"位置する行政区画"@ja	<https://ja.wikipedia.org/wiki/%E6%98%8E%E6%88%B8%E9%A7%85>
<http://www.wikidata.org/entity/Q5646960>	"花園町"@ja	<http://www.wikidata.org/entity/Q18663566>	"日本の廃止市区町村"@ja	<http://www.wikidata.org/entity/P3842>	"位置する現在の行政区画"@ja	<https://ja.wikipedia.org/wiki/%E8%8A%B1%E5%9C%92%E7%94%BA>
<http://www.wikidata.org/entity/Q5646960>	"花園町"@ja	<http://www.wikidata.org/entity/Q18663566>	"日本の廃止市区町村"@ja	<http://www.wikidata.org/entity/P1366>	"後継"@ja	<https://ja.wikipedia.org/wiki/%E8%8A%B1%E5%9C%92%E7%94%BA>
<http://www.wikidata.org/entity/Q6157049>	"国道254号"@ja	<http://www.wikidata.org/entity/Q34442>	"道路"@ja	<http://www.wikidata.org/entity/P1302>	"主な経由都市"@ja	<https://ja.wikipedia.org/wiki/%E5%9B%BD%E9%81%93254%E5%8F%B7>
<http://www.wikidata.org/entity/Q6379613>	"川本町"@ja	<http://www.wikidata.org/entity/Q18663566>	"日本の廃止市区町村"@ja	<http://www.wikidata.org/entity/P3842>	"位置する現在の行政区画"@ja	<https://ja.wikipedia.org/wiki/%E5%B7%9D%E6%9C%AC%E7%94%BA_(%E5%9F%BC%E7%8E%89%E7%9C%8C)>
<http://www.wikidata.org/entity/Q6379613>	"川本町"@ja	<http://www.wikidata.org/entity/Q18663566>	"日本の廃止市区町村"@ja	<http://www.wikidata.org/entity/P1366>	"後継"@ja	<https://ja.wikipedia.org/wiki/%E5%B7%9D%E6%9C%AC%E7%94%BA_(%E5%9F%BC%E7%8E%89%E7%9C%8C)>
<http://www.wikidata.org/entity/Q28686228>	"誠之堂"@ja	<http://www.wikidata.org/entity/Q35112127>	"歴史的建造物"@ja	<http://www.wikidata.org/entity/P131>	"位置する行政区画"@ja	<https://ja.wikipedia.org/wiki/%E8%AA%A0%E4%B9%8B%E5%A0%82>
<http://www.wikidata.org/entity/Q30302602>	"ふかや花園駅"@ja	<http://www.wikidata.org/entity/Q55488>	"鉄道駅"@ja	<http://www.wikidata.org/entity/P131>	"位置する行政区画"@ja	<https://ja.wikipedia.org/wiki/%E3%81%B5%E3%81%8B%E3%82%84%E8%8A%B1%E5%9C%92%E9%A7%85>
<http://www.wikidata.org/entity/Q30926592>	"深谷市立深谷西小学校"@ja	<http://www.wikidata.org/entity/Q5358913>	"日本の小学校"@ja	<http://www.wikidata.org/entity/P131>	"位置する行政区画"@ja	<https://ja.wikipedia.org/wiki/%E6%B7%B1%E8%B0%B7%E5%B8%82%E7%AB%8B%E6%B7%B1%E8%B0%B7%E8%A5%BF%E5%B0%8F%E5%AD%A6%E6%A0%A1>
<http://www.wikidata.org/entity/Q30926592>	"深谷市立深谷西小学校"@ja	<http://www.wikidata.org/entity/Q5358913>	"日本の小学校"@ja	<http://www.wikidata.org/entity/P126>	"管理者"@ja	<https://ja.wikipedia.org/wiki/%E6%B7%B1%E8%B0%B7%E5%B8%82%E7%AB%8B%E6%B7%B1%E8%B0%B7%E8%A5%BF%E5%B0%8F%E5%AD%A6%E6%A0%A1>
<http://www.wikidata.org/entity/Q50392050>	"村岡桃佳"@ja	<http://www.wikidata.org/entity/Q5>	"ヒト"@ja	<http://www.wikidata.org/entity/P19>	"出生地"@ja	<https://ja.wikipedia.org/wiki/%E6%9D%91%E5%B2%A1%E6%A1%83%E4%BD%B3>
<http://www.wikidata.org/entity/Q50641676>	"清水達也"@ja	<http://www.wikidata.org/entity/Q5>	"ヒト"@ja	<http://www.wikidata.org/entity/P19>	"出生地"@ja	<https://ja.wikipedia.org/wiki/%E6%B8%85%E6%B0%B4%E9%81%94%E4%B9%9F_(%E6%8A%95%E6%89%8B)>
<http://www.wikidata.org/entity/Q60989042>	"八幡神社"@ja	<http://www.wikidata.org/entity/Q845945>	"神社"@ja	<http://www.wikidata.org/entity/P131>	"位置する行政区画"@ja	<https://ja.wikipedia.org/wiki/%E5%85%AB%E5%B9%A1%E7%A5%9E%E7%A4%BE_(%E6%B7%B1%E8%B0%B7%E5%B8%82%E4%B8%8A%E9%87%8E%E5%8F%B0)>
<http://www.wikidata.org/entity/Q65264421>	"山崎俊巳"@ja	<http://www.wikidata.org/entity/Q5>	"ヒト"@ja	<http://www.wikidata.org/entity/P19>	"出生地"@ja	<https://ja.wikipedia.org/wiki/%E5%B1%B1%E5%B4%8E%E4%BF%8A%E5%B7%B3>
<http://www.wikidata.org/entity/Q85869411>	"ふかや花園プレミアム・アウトレット"@ja	<http://www.wikidata.org/entity/Q54927709>	"アウトレットモール"@ja	<http://www.wikidata.org/entity/P131>	"位置する行政区画"@ja	<https://ja.wikipedia.org/wiki/%E3%81%B5%E3%81%8B%E3%82%84%E8%8A%B1%E5%9C%92%E3%83%97%E3%83%AC%E3%83%9F%E3%82%A2%E3%83%A0%E3%83%BB%E3%82%A2%E3%82%A6%E3%83%88%E3%83%AC%E3%83%83%E3%83%88>
<http://www.wikidata.org/entity/Q88722703>	"渋沢平九郎"@ja	<http://www.wikidata.org/entity/Q5>	"ヒト"@ja	<http://www.wikidata.org/entity/P19>	"出生地"@ja	<https://ja.wikipedia.org/wiki/%E6%B8%8B%E6%B2%A2%E5%B9%B3%E4%B9%9D%E9%83%8E>
<http://www.wikidata.org/entity/Q106852587>	"諏訪神社"@ja	<http://www.wikidata.org/entity/Q845945>	"神社"@ja	<http://www.wikidata.org/entity/P131>	"位置する行政区画"@ja	<https://ja.wikipedia.org/wiki/%E8%AB%8F%E8%A8%AA%E7%A5%9E%E7%A4%BE_(%E6%B7%B1%E8%B0%B7%E5%B8%82%E4%B8%8A%E6%9F%B4%E7%94%BA)>
<http://www.wikidata.org/entity/Q107920742>	"新井晴樹"@ja	<http://www.wikidata.org/entity/Q5>	"ヒト"@ja	<http://www.wikidata.org/entity/P19>	"出生地"@ja	<https://ja.wikipedia.org/wiki/%E6%96%B0%E4%BA%95%E6%99%B4%E6%A8%B9>
<http://www.wikidata.org/entity/Q108111414>	"穂積歌子"@ja	<http://www.wikidata.org/entity/Q5>	"ヒト"@ja	<http://www.wikidata.org/entity/P19>	"出生地"@ja	<https://ja.wikipedia.org/wiki/%E7%A9%82%E7%A9%8D%E6%AD%8C%E5%AD%90>
<http://www.wikidata.org/entity/Q112612758>	"下手計"@ja	<http://www.wikidata.org/entity/Q424857>	"大字"@ja	<http://www.wikidata.org/entity/P131>	"位置する行政区画"@ja	<https://ja.wikipedia.org/wiki/%E4%B8%8B%E6%89%8B%E8%A8%88>
<http://www.wikidata.org/entity/Q114592806>	"血洗島"@ja	<http://www.wikidata.org/entity/Q5327369>	"町丁"@ja	<http://www.wikidata.org/entity/P131>	"位置する行政区画"@ja	<https://ja.wikipedia.org/wiki/%E8%A1%80%E6%B4%97%E5%B3%B6>
<http://www.wikidata.org/entity/Q11501343>	"新会村"@ja	<http://www.wikidata.org/entity/Q18663566>	"日本の廃止市区町村"@ja	<http://www.wikidata.org/entity/P3842>	"位置する現在の行政区画"@ja	<https://ja.wikipedia.org/wiki/%E6%96%B0%E4%BC%9A%E6%9D%91>
<http://www.wikidata.org/entity/Q11512084>	"明戸村"@ja	<http://www.wikidata.org/entity/Q18663566>	"日本の廃止市区町村"@ja	<http://www.wikidata.org/entity/P3842>	"位置する現在の行政区画"@ja	<https://ja.wikipedia.org/wiki/%E6%98%8E%E6%88%B8%E6%9D%91>
<http://www.wikidata.org/entity/Q11512084>	"明戸村"@ja	<http://www.wikidata.org/entity/Q18663566>	"日本の廃止市区町村"@ja	<http://www.wikidata.org/entity/P1366>	"後継"@ja	<https://ja.wikipedia.org/wiki/%E6%98%8E%E6%88%B8%E6%9D%91>
<http://www.wikidata.org/entity/Q11520719>	"本畠村"@ja	<http://www.wikidata.org/entity/Q18663566>	"日本の廃止市区町村"@ja	<http://www.wikidata.org/entity/P3842>	"位置する現在の行政区画"@ja	<https://ja.wikipedia.org/wiki/%E6%9C%AC%E7%95%A0%E6%9D%91>
<http://www.wikidata.org/entity/Q11520883>	"本郷村"@ja	<http://www.wikidata.org/entity/Q18663566>	"日本の廃止市区町村"@ja	<http://www.wikidata.org/entity/P3842>	"位置する現在の行政区画"@ja	<https://ja.wikipedia.org/wiki/%E6%9C%AC%E9%83%B7%E6%9D%91_(%E5%9F%BC%E7%8E%89%E7%9C%8C)>
<http://www.wikidata.org/entity/Q11524869>	"東京成徳大学深谷中学校・高等学校"@ja	<http://www.wikidata.org/entity/Q21655594>	"日本の中高一貫校"@ja	<http://www.wikidata.org/entity/P131>	"位置する行政区画"@ja	<https://ja.wikipedia.org/wiki/%E6%9D%B1%E4%BA%AC%E6%88%90%E5%BE%B3%E5%A4%A7%E5%AD%A6%E6%B7%B1%E8%B0%B7%E4%B8%AD%E5%AD%A6%E6%A0%A1%E3%83%BB%E9%AB%98%E7%AD%89%E5%AD%A6%E6%A0%A1>
<http://www.wikidata.org/entity/Q11528569>	"東都大学"@ja	<http://www.wikidata.org/entity/Q902104>	"私立大学"@ja	<http://www.wikidata.org/entity/P131>	"位置する行政区画"@ja	<https://ja.wikipedia.org/wiki/%E6%9D%B1%E9%83%BD%E5%A4%A7%E5%AD%A6>
<http://www.wikidata.org/entity/Q11528569>	"東都大学"@ja	<http://www.wikidata.org/entity/Q3918>	"大学"@ja	<http://www.wikidata.org/entity/P131>	"位置する行政区画"@ja	<https://ja.wikipedia.org/wiki/%E6%9D%B1%E9%83%BD%E5%A4%A7%E5%AD%A6>
<http://www.wikidata.org/entity/Q11541894>	"榛沢村"@ja	<http://www.wikidata.org/entity/Q18663566>	"日本の廃止市区町村"@ja	<http://www.wikidata.org/entity/P3842>	"位置する現在の行政区画"@ja	<https://ja.wikipedia.org/wiki/%E6%A6%9B%E6%B2%A2%E6%9D%91>
<http://www.wikidata.org/entity/Q11541893>	"榛沢郡"@ja	<http://www.wikidata.org/entity/Q46426234>	"廃止された郡"@ja	<http://www.wikidata.org/entity/P3842>	"位置する現在の行政区画"@ja	<https://ja.wikipedia.org/wiki/%E6%A6%9B%E6%B2%A2%E9%83%A1>
<http://www.wikidata.org/entity/Q11545482>	"正智深谷高等学校"@ja	<http://www.wikidata.org/entity/Q56351315>	"日本の高等学校"@ja	<http://www.wikidata.org/entity/P131>	"位置する行政区画"@ja	<https://ja.wikipedia.org/wiki/%E6%AD%A3%E6%99%BA%E6%B7%B1%E8%B0%B7%E9%AB%98%E7%AD%89%E5%AD%A6%E6%A0%A1>
<http://www.wikidata.org/entity/Q11545951>	"武川村"@ja	<http://www.wikidata.org/entity/Q18663566>	"日本の廃止市区町村"@ja	<http://www.wikidata.org/entity/P3842>	"位置する現在の行政区画"@ja	<https://ja.wikipedia.org/wiki/%E6%AD%A6%E5%B7%9D%E6%9D%91_(%E5%9F%BC%E7%8E%89%E7%9C%8C)>
<http://www.wikidata.org/entity/Q11560298>	"深谷市立南中学校"@ja	<http://www.wikidata.org/entity/Q55521176>	"日本の中学校"@ja	<http://www.wikidata.org/entity/P131>	"位置する行政区画"@ja	<https://ja.wikipedia.org/wiki/%E6%B7%B1%E8%B0%B7%E5%B8%82%E7%AB%8B%E5%8D%97%E4%B8%AD%E5%AD%A6%E6%A0%A1>
<http://www.wikidata.org/entity/Q11560298>	"深谷市立南中学校"@ja	<http://www.wikidata.org/entity/Q55521176>	"日本の中学校"@ja	<http://www.wikidata.org/entity/P126>	"管理者"@ja	<https://ja.wikipedia.org/wiki/%E6%B7%B1%E8%B0%B7%E5%B8%82%E7%AB%8B%E5%8D%97%E4%B8%AD%E5%AD%A6%E6%A0%A1>
<http://www.wikidata.org/entity/Q11560296>	"深谷城"@ja	<http://www.wikidata.org/entity/Q11482300>	"平城"@ja	<http://www.wikidata.org/entity/P131>	"位置する行政区画"@ja	<https://ja.wikipedia.org/wiki/%E6%B7%B1%E8%B0%B7%E5%9F%8E>
<http://www.wikidata.org/entity/Q11560296>	"深谷城"@ja	<http://www.wikidata.org/entity/Q92026>	"日本の城"@ja	<http://www.wikidata.org/entity/P131>	"位置する行政区画"@ja	<https://ja.wikipedia.org/wiki/%E6%B7%B1%E8%B0%B7%E5%9F%8E>
<http://www.wikidata.org/entity/Q11560310>	"深谷町"@ja	<http://www.wikidata.org/entity/Q18663566>	"日本の廃止市区町村"@ja	<http://www.wikidata.org/entity/P3842>	"位置する現在の行政区画"@ja	<https://ja.wikipedia.org/wiki/%E6%B7%B1%E8%B0%B7%E7%94%BA>
<http://www.wikidata.org/entity/Q11560310>	"深谷町"@ja	<http://www.wikidata.org/entity/Q18663566>	"日本の廃止市区町村"@ja	<http://www.wikidata.org/entity/P1366>	"後継"@ja	<https://ja.wikipedia.org/wiki/%E6%B7%B1%E8%B0%B7%E7%94%BA>
<http://www.wikidata.org/entity/Q11609879>	"群馬県道・埼玉県道14号"@ja	<http://www.wikidata.org/entity/Q34442>	"道路"@ja	<http://www.wikidata.org/entity/P609>	"起終点"@ja	<https://ja.wikipedia.org/wiki/%E7%BE%A4%E9%A6%AC%E7%9C%8C%E9%81%93%E3%83%BB%E5%9F%BC%E7%8E%89%E7%9C%8C%E9%81%9314%E5%8F%B7%E4%BC%8A%E5%8B%A2%E5%B4%8E%E6%B7%B1%E8%B0%B7%E7%B7%9A>
<http://www.wikidata.org/entity/Q11609879>	"群馬県道・埼玉県道14号"@ja	<http://www.wikidata.org/entity/Q34442>	"道路"@ja	<http://www.wikidata.org/entity/P131>	"位置する行政区画"@ja	<https://ja.wikipedia.org/wiki/%E7%BE%A4%E9%A6%AC%E7%9C%8C%E9%81%93%E3%83%BB%E5%9F%BC%E7%8E%89%E7%9C%8C%E9%81%9314%E5%8F%B7%E4%BC%8A%E5%8B%A2%E5%B4%8E%E6%B7%B1%E8%B0%B7%E7%B7%9A>
<http://www.wikidata.org/entity/Q11609883>	"群馬県道・埼玉県道275号"@ja	<http://www.wikidata.org/entity/Q34442>	"道路"@ja	<http://www.wikidata.org/entity/P609>	"起終点"@ja	<https://ja.wikipedia.org/wiki/%E7%BE%A4%E9%A6%AC%E7%9C%8C%E9%81%93%E3%83%BB%E5%9F%BC%E7%8E%89%E7%9C%8C%E9%81%93275%E5%8F%B7%E7%94%B1%E8%89%AF%E6%B7%B1%E8%B0%B7%E7%B7%9A>
<http://www.wikidata.org/entity/Q11609883>	"群馬県道・埼玉県道275号"@ja	<http://www.wikidata.org/entity/Q34442>	"道路"@ja	<http://www.wikidata.org/entity/P131>	"位置する行政区画"@ja	<https://ja.wikipedia.org/wiki/%E7%BE%A4%E9%A6%AC%E7%9C%8C%E9%81%93%E3%83%BB%E5%9F%BC%E7%8E%89%E7%9C%8C%E9%81%93275%E5%8F%B7%E7%94%B1%E8%89%AF%E6%B7%B1%E8%B0%B7%E7%B7%9A>
<http://www.wikidata.org/entity/Q11609881>	"群馬県道・埼玉県道259号"@ja	<http://www.wikidata.org/entity/Q34442>	"道路"@ja	<http://www.wikidata.org/entity/P131>	"位置する行政区画"@ja	<https://ja.wikipedia.org/wiki/%E7%BE%A4%E9%A6%AC%E7%9C%8C%E9%81%93%E3%83%BB%E5%9F%BC%E7%8E%89%E7%9C%8C%E9%81%93259%E5%8F%B7%E6%96%B0%E9%87%8E%E5%B2%A1%E9%83%A8%E5%81%9C%E8%BB%8A%E5%A0%B4%E7%B7%9A>
<http://www.wikidata.org/entity/Q11615194>	"花園インターチェンジ"@ja	<http://www.wikidata.org/entity/Q2376564>	"インターチェンジ"@ja	<http://www.wikidata.org/entity/P131>	"位置する行政区画"@ja	<https://ja.wikipedia.org/wiki/%E8%8A%B1%E5%9C%92%E3%82%A4%E3%83%B3%E3%82%BF%E3%83%BC%E3%83%81%E3%82%A7%E3%83%B3%E3%82%B8>
<http://www.wikidata.org/entity/Q11621189>	"葵メディカルアカデミー"@ja	<http://www.wikidata.org/entity/Q24898692>	"専修学校"@ja	<http://www.wikidata.org/entity/P131>	"位置する行政区画"@ja	<https://ja.wikipedia.org/wiki/%E8%91%B5%E3%83%A1%E3%83%87%E3%82%A3%E3%82%AB%E3%83%AB%E3%82%A2%E3%82%AB%E3%83%87%E3%83%9F%E3%83%BC>
<http://www.wikidata.org/entity/Q11624551>	"藤沢村"@ja	<http://www.wikidata.org/entity/Q18663566>	"日本の廃止市区町村"@ja	<http://www.wikidata.org/entity/P3842>	"位置する現在の行政区画"@ja	<https://ja.wikipedia.org/wiki/%E8%97%A4%E6%B2%A2%E6%9D%91_(%E5%9F%BC%E7%8E%89%E7%9C%8C%E5%A4%A7%E9%87%8C%E9%83%A1)>
<http://www.wikidata.org/entity/Q11624551>	"藤沢村"@ja	<http://www.wikidata.org/entity/Q18663566>	"日本の廃止市区町村"@ja	<http://www.wikidata.org/entity/P1366>	"後継"@ja	<https://ja.wikipedia.org/wiki/%E8%97%A4%E6%B2%A2%E6%9D%91_(%E5%9F%BC%E7%8E%89%E7%9C%8C%E5%A4%A7%E9%87%8C%E9%83%A1)>
<http://www.wikidata.org/entity/Q11634268>	"豊里村"@ja	<http://www.wikidata.org/entity/Q18663566>	"日本の廃止市区町村"@ja	<http://www.wikidata.org/entity/P3842>	"位置する現在の行政区画"@ja	<https://ja.wikipedia.org/wiki/%E8%B1%8A%E9%87%8C%E6%9D%91_(%E5%9F%BC%E7%8E%89%E7%9C%8C)>
<http://www.wikidata.org/entity/Q11634268>	"豊里村"@ja	<http://www.wikidata.org/entity/Q18663566>	"日本の廃止市区町村"@ja	<http://www.wikidata.org/entity/P1366>	"後継"@ja	<https://ja.wikipedia.org/wiki/%E8%B1%8A%E9%87%8C%E6%9D%91_(%E5%9F%BC%E7%8E%89%E7%9C%8C)>
<http://www.wikidata.org/entity/Q11640680>	"道の駅おかべ"@ja	<http://www.wikidata.org/entity/Q1187691>	"道の駅"@ja	<http://www.wikidata.org/entity/P131>	"位置する行政区画"@ja	<https://ja.wikipedia.org/wiki/%E9%81%93%E3%81%AE%E9%A7%85%E3%81%8A%E3%81%8B%E3%81%B9>
<http://www.wikidata.org/entity/Q11640713>	"道の駅かわもと"@ja	<http://www.wikidata.org/entity/Q1187691>	"道の駅"@ja	<http://www.wikidata.org/entity/P131>	"位置する行政区画"@ja	<https://ja.wikipedia.org/wiki/%E9%81%93%E3%81%AE%E9%A7%85%E3%81%8B%E3%82%8F%E3%82%82%E3%81%A8>
<http://www.wikidata.org/entity/Q11640893>	"道の駅はなぞの"@ja	<http://www.wikidata.org/entity/Q1187691>	"道の駅"@ja	<http://www.wikidata.org/entity/P131>	"位置する行政区画"@ja	<https://ja.wikipedia.org/wiki/%E9%81%93%E3%81%AE%E9%A7%85%E3%81%AF%E3%81%AA%E3%81%9E%E3%81%AE>
<http://www.wikidata.org/entity/Q11642366>	"遠藤里沙"@ja	<http://www.wikidata.org/entity/Q5>	"ヒト"@ja	<http://www.wikidata.org/entity/P19>	"出生地"@ja	<https://ja.wikipedia.org/wiki/%E9%81%A0%E8%97%A4%E9%87%8C%E6%B2%99>
<http://www.wikidata.org/entity/Q11655595>	"関口健"@ja	<http://www.wikidata.org/entity/Q5>	"ヒト"@ja	<http://www.wikidata.org/entity/P19>	"出生地"@ja	<https://ja.wikipedia.org/wiki/%E9%96%A2%E5%8F%A3%E5%81%A5>
<http://www.wikidata.org/entity/Q17174571>	"幡羅村"@ja	<http://www.wikidata.org/entity/Q18663566>	"日本の廃止市区町村"@ja	<http://www.wikidata.org/entity/P3842>	"位置する現在の行政区画"@ja	<https://ja.wikipedia.org/wiki/%E5%B9%A1%E7%BE%85%E6%9D%91>
<http://www.wikidata.org/entity/Q17174571>	"幡羅村"@ja	<http://www.wikidata.org/entity/Q18663566>	"日本の廃止市区町村"@ja	<http://www.wikidata.org/entity/P1366>	"後継"@ja	<https://ja.wikipedia.org/wiki/%E5%B9%A1%E7%BE%85%E6%9D%91>
<http://www.wikidata.org/entity/Q17191976>	"アリオ深谷"@ja	<http://www.wikidata.org/entity/Q11315>	"ショッピングセンター"@ja	<http://www.wikidata.org/entity/P131>	"位置する行政区画"@ja	<https://ja.wikipedia.org/wiki/%E3%82%A2%E3%83%AA%E3%82%AA%E6%B7%B1%E8%B0%B7>
<http://www.wikidata.org/entity/Q17192737>	"飯塚敏子"@ja	<http://www.wikidata.org/entity/Q5>	"ヒト"@ja	<http://www.wikidata.org/entity/P19>	"出生地"@ja	<https://ja.wikipedia.org/wiki/%E9%A3%AF%E5%A1%9A%E6%95%8F%E5%AD%90>
<http://www.wikidata.org/entity/Q17209908>	"深谷市立桜ヶ丘小学校"@ja	<http://www.wikidata.org/entity/Q5358913>	"日本の小学校"@ja	<http://www.wikidata.org/entity/P131>	"位置する行政区画"@ja	<https://ja.wikipedia.org/wiki/%E6%B7%B1%E8%B0%B7%E5%B8%82%E7%AB%8B%E6%A1%9C%E3%83%B6%E4%B8%98%E5%B0%8F%E5%AD%A6%E6%A0%A1>
<http://www.wikidata.org/entity/Q17209908>	"深谷市立桜ヶ丘小学校"@ja	<http://www.wikidata.org/entity/Q5358913>	"日本の小学校"@ja	<http://www.wikidata.org/entity/P126>	"管理者"@ja	<https://ja.wikipedia.org/wiki/%E6%B7%B1%E8%B0%B7%E5%B8%82%E7%AB%8B%E6%A1%9C%E3%83%B6%E4%B8%98%E5%B0%8F%E5%AD%A6%E6%A0%A1>
<http://www.wikidata.org/entity/Q17209915>	"埼玉県立深谷はばたき特別支援学校"@ja	<http://www.wikidata.org/entity/Q43271061>	"特別支援学校"@ja	<http://www.wikidata.org/entity/P131>	"位置する行政区画"@ja	<https://ja.wikipedia.org/wiki/%E5%9F%BC%E7%8E%89%E7%9C%8C%E7%AB%8B%E6%B7%B1%E8%B0%B7%E3%81%AF%E3%81%B0%E3%81%9F%E3%81%8D%E7%89%B9%E5%88%A5%E6%94%AF%E6%8F%B4%E5%AD%A6%E6%A0%A1>
<http://www.wikidata.org/entity/Q21652820>	"唐沢川"@ja	<http://www.wikidata.org/entity/Q47521>	"小川"@ja	<http://www.wikidata.org/entity/P131>	"位置する行政区画"@ja	<https://ja.wikipedia.org/wiki/%E5%94%90%E6%B2%A2%E5%B7%9D_(%E5%9F%BC%E7%8E%89%E7%9C%8C)>
<http://www.wikidata.org/entity/Q21653710>	"藤治川"@ja	<http://www.wikidata.org/entity/Q4022>	"川"@ja	<http://www.wikidata.org/entity/P131>	"位置する行政区画"@ja	<https://ja.wikipedia.org/wiki/%E8%97%A4%E6%B2%BB%E5%B7%9D>
<http://www.wikidata.org/entity/Q22118792>	"埼玉県立深谷商業高等学校記念館"@ja	<http://www.wikidata.org/entity/Q1538669>	"教育博物館"@ja	<http://www.wikidata.org/entity/P131>	"位置する行政区画"@ja	<https://ja.wikipedia.org/wiki/%E5%9F%BC%E7%8E%89%E7%9C%8C%E7%AB%8B%E6%B7%B1%E8%B0%B7%E5%95%86%E6%A5%AD%E9%AB%98%E7%AD%89%E5%AD%A6%E6%A0%A1%E8%A8%98%E5%BF%B5%E9%A4%A8>
<http://www.wikidata.org/entity/Q22118792>	"埼玉県立深谷商業高等学校記念館"@ja	<http://www.wikidata.org/entity/Q1244442>	"学校施設"@ja	<http://www.wikidata.org/entity/P131>	"位置する行政区画"@ja	<https://ja.wikipedia.org/wiki/%E5%9F%BC%E7%8E%89%E7%9C%8C%E7%AB%8B%E6%B7%B1%E8%B0%B7%E5%95%86%E6%A5%AD%E9%AB%98%E7%AD%89%E5%AD%A6%E6%A0%A1%E8%A8%98%E5%BF%B5%E9%A4%A8>
