?s	?sLabel	?type	?typeLabel	?prop	?propLabel	?jwiki
<http://www.wikidata.org/entity/Q11496508>	"戸田市立戸田第二小学校"@ja	<http://www.wikidata.org/entity/Q5358913>	"日本の小学校"@ja	<http://www.wikidata.org/entity/P131>	"位置する行政区画"@ja	<https://ja.wikipedia.org/wiki/%E6%88%B8%E7%94%B0%E5%B8%82%E7%AB%8B%E6%88%B8%E7%94%B0%E7%AC%AC%E4%BA%8C%E5%B0%8F%E5%AD%A6%E6%A0%A1>
<http://www.wikidata.org/entity/Q11496508>	"戸田市立戸田第二小学校"@ja	<http://www.wikidata.org/entity/Q5358913>	"日本の小学校"@ja	<http://www.wikidata.org/entity/P126>	"管理者"@ja	<https://ja.wikipedia.org/wiki/%E6%88%B8%E7%94%B0%E5%B8%82%E7%AB%8B%E6%88%B8%E7%94%B0%E7%AC%AC%E4%BA%8C%E5%B0%8F%E5%AD%A6%E6%A0%A1>
<http://www.wikidata.org/entity/Q11496509>	"戸田市立新曽小学校"@ja	<http://www.wikidata.org/entity/Q5358913>	"日本の小学校"@ja	<http://www.wikidata.org/entity/P131>	"位置する行政区画"@ja	<https://ja.wikipedia.org/wiki/%E6%88%B8%E7%94%B0%E5%B8%82%E7%AB%8B%E6%96%B0%E6%9B%BD%E5%B0%8F%E5%AD%A6%E6%A0%A1>
<http://www.wikidata.org/entity/Q11496509>	"戸田市立新曽小学校"@ja	<http://www.wikidata.org/entity/Q5358913>	"日本の小学校"@ja	<http://www.wikidata.org/entity/P126>	"管理者"@ja	<https://ja.wikipedia.org/wiki/%E6%88%B8%E7%94%B0%E5%B8%82%E7%AB%8B%E6%96%B0%E6%9B%BD%E5%B0%8F%E5%AD%A6%E6%A0%A1>
<http://www.wikidata.org/entity/Q11501151>	"新井克太郎"@ja	<http://www.wikidata.org/entity/Q5>	"ヒト"@ja	<http://www.wikidata.org/entity/P19>	"出生地"@ja	<https://ja.wikipedia.org/wiki/%E6%96%B0%E4%BA%95%E5%85%8B%E5%A4%AA%E9%83%8E>
<http://www.wikidata.org/entity/Q11525861>	"東京都道・埼玉県道68号"@ja	<http://www.wikidata.org/entity/Q34442>	"道路"@ja	<http://www.wikidata.org/entity/P131>	"位置する行政区画"@ja	<https://ja.wikipedia.org/wiki/%E6%9D%B1%E4%BA%AC%E9%83%BD%E9%81%93%E3%83%BB%E5%9F%BC%E7%8E%89%E7%9C%8C%E9%81%9368%E5%8F%B7%E7%B7%B4%E9%A6%AC%E5%B7%9D%E5%8F%A3%E7%B7%9A>
<http://www.wikidata.org/entity/Q11532063>	"松田政男"@ja	<http://www.wikidata.org/entity/Q5>	"ヒト"@ja	<http://www.wikidata.org/entity/P20>	"死没地"@ja	<https://ja.wikipedia.org/wiki/%E6%9D%BE%E7%94%B0%E6%94%BF%E7%94%B7>
<http://www.wikidata.org/entity/Q11560826>	"清水勇人"@ja	<http://www.wikidata.org/entity/Q5>	"ヒト"@ja	<http://www.wikidata.org/entity/P19>	"出生地"@ja	<https://ja.wikipedia.org/wiki/%E6%B8%85%E6%B0%B4%E5%8B%87%E4%BA%BA>
<http://www.wikidata.org/entity/Q11602650>	"笹目村"@ja	<http://www.wikidata.org/entity/Q18663566>	"日本の廃止市区町村"@ja	<http://www.wikidata.org/entity/P3842>	"位置する現在の行政区画"@ja	<https://ja.wikipedia.org/wiki/%E7%AC%B9%E7%9B%AE%E6%9D%91>
<http://www.wikidata.org/entity/Q11602649>	"笹目川"@ja	<http://www.wikidata.org/entity/Q28109789>	"排水路"@ja	<http://www.wikidata.org/entity/P131>	"位置する行政区画"@ja	<https://ja.wikipedia.org/wiki/%E7%AC%B9%E7%9B%AE%E5%B7%9D>
<http://www.wikidata.org/entity/Q11602649>	"笹目川"@ja	<http://www.wikidata.org/entity/Q4022>	"川"@ja	<http://www.wikidata.org/entity/P131>	"位置する行政区画"@ja	<https://ja.wikipedia.org/wiki/%E7%AC%B9%E7%9B%AE%E5%B7%9D>
<http://www.wikidata.org/entity/Q11608927>	"美女木ジャンクション"@ja	<http://www.wikidata.org/entity/Q1788454>	"ジャンクション"@ja	<http://www.wikidata.org/entity/P131>	"位置する行政区画"@ja	<https://ja.wikipedia.org/wiki/%E7%BE%8E%E5%A5%B3%E6%9C%A8%E3%82%B8%E3%83%A3%E3%83%B3%E3%82%AF%E3%82%B7%E3%83%A7%E3%83%B3>
<http://www.wikidata.org/entity/Q11608927>	"美女木ジャンクション"@ja	<http://www.wikidata.org/entity/Q1364150>	"本線料金所"@ja	<http://www.wikidata.org/entity/P131>	"位置する行政区画"@ja	<https://ja.wikipedia.org/wiki/%E7%BE%8E%E5%A5%B3%E6%9C%A8%E3%82%B8%E3%83%A3%E3%83%B3%E3%82%AF%E3%82%B7%E3%83%A7%E3%83%B3>
<http://www.wikidata.org/entity/Q11609323>	"美笹村"@ja	<http://www.wikidata.org/entity/Q18663566>	"日本の廃止市区町村"@ja	<http://www.wikidata.org/entity/P3842>	"位置する現在の行政区画"@ja	<https://ja.wikipedia.org/wiki/%E7%BE%8E%E7%AC%B9%E6%9D%91>
<http://www.wikidata.org/entity/Q11609323>	"美笹村"@ja	<http://www.wikidata.org/entity/Q18663566>	"日本の廃止市区町村"@ja	<http://www.wikidata.org/entity/P1366>	"後継"@ja	<https://ja.wikipedia.org/wiki/%E7%BE%8E%E7%AC%B9%E6%9D%91>
<http://www.wikidata.org/entity/Q11609385>	"美谷本村"@ja	<http://www.wikidata.org/entity/Q18663566>	"日本の廃止市区町村"@ja	<http://www.wikidata.org/entity/P3842>	"位置する現在の行政区画"@ja	<https://ja.wikipedia.org/wiki/%E7%BE%8E%E8%B0%B7%E6%9C%AC%E6%9D%91>
<http://www.wikidata.org/entity/Q11614794>	"芦原橋"@ja	<http://www.wikidata.org/entity/Q12280>	"橋"@ja	<http://www.wikidata.org/entity/P131>	"位置する行政区画"@ja	<https://ja.wikipedia.org/wiki/%E8%8A%A6%E5%8E%9F%E6%A9%8B_(%E7%AC%B9%E7%9B%AE%E5%B7%9D)>
<http://www.wikidata.org/entity/Q11618561>	"荒川左岸排水路"@ja	<http://www.wikidata.org/entity/Q28109789>	"排水路"@ja	<http://www.wikidata.org/entity/P131>	"位置する行政区画"@ja	<https://ja.wikipedia.org/wiki/%E8%8D%92%E5%B7%9D%E5%B7%A6%E5%B2%B8%E6%8E%92%E6%B0%B4%E8%B7%AF>
<http://www.wikidata.org/entity/Q11618607>	"荒川第一調節池"@ja	<http://www.wikidata.org/entity/Q1413117>	"調整池"@ja	<http://www.wikidata.org/entity/P131>	"位置する行政区画"@ja	<https://ja.wikipedia.org/wiki/%E8%8D%92%E5%B7%9D%E7%AC%AC%E4%B8%80%E8%AA%BF%E7%AF%80%E6%B1%A0>
<http://www.wikidata.org/entity/Q11632667>	"谷口上橋"@ja	<http://www.wikidata.org/entity/Q12280>	"橋"@ja	<http://www.wikidata.org/entity/P131>	"位置する行政区画"@ja	<https://ja.wikipedia.org/wiki/%E8%B0%B7%E5%8F%A3%E4%B8%8A%E6%A9%8B>
<http://www.wikidata.org/entity/Q11632716>	"谷口橋"@ja	<http://www.wikidata.org/entity/Q12280>	"橋"@ja	<http://www.wikidata.org/entity/P131>	"位置する行政区画"@ja	<https://ja.wikipedia.org/wiki/%E8%B0%B7%E5%8F%A3%E6%A9%8B>
<http://www.wikidata.org/entity/Q11667097>	"首都高速5号池袋線"@ja	<http://www.wikidata.org/entity/Q34442>	"道路"@ja	<http://www.wikidata.org/entity/P609>	"起終点"@ja	<https://ja.wikipedia.org/wiki/%E9%A6%96%E9%83%BD%E9%AB%98%E9%80%9F5%E5%8F%B7%E6%B1%A0%E8%A2%8B%E7%B7%9A>
<http://www.wikidata.org/entity/Q11667101>	"首都高速埼玉大宮線"@ja	<http://www.wikidata.org/entity/Q34442>	"道路"@ja	<http://www.wikidata.org/entity/P609>	"起終点"@ja	<https://ja.wikipedia.org/wiki/%E9%A6%96%E9%83%BD%E9%AB%98%E9%80%9F%E5%9F%BC%E7%8E%89%E5%A4%A7%E5%AE%AE%E7%B7%9A>
<http://www.wikidata.org/entity/Q17229558>	"新曽"@ja	<http://www.wikidata.org/entity/Q424857>	"大字"@ja	<http://www.wikidata.org/entity/P131>	"位置する行政区画"@ja	<https://ja.wikipedia.org/wiki/%E6%96%B0%E6%9B%BD>
<http://www.wikidata.org/entity/Q18335599>	"荒川橋梁"@ja	<http://www.wikidata.org/entity/Q1210334>	"鉄道橋"@ja	<http://www.wikidata.org/entity/P131>	"位置する行政区画"@ja	<https://ja.wikipedia.org/wiki/%E8%8D%92%E5%B7%9D%E6%A9%8B%E6%A2%81_(%E6%9D%B1%E5%8C%97%E6%96%B0%E5%B9%B9%E7%B7%9A)>
<http://www.wikidata.org/entity/Q20043786>	"川岸"@ja	<http://www.wikidata.org/entity/Q486972>	"集落"@ja	<http://www.wikidata.org/entity/P131>	"位置する行政区画"@ja	<https://ja.wikipedia.org/wiki/%E5%B7%9D%E5%B2%B8_(%E6%88%B8%E7%94%B0%E5%B8%82)>
<http://www.wikidata.org/entity/Q20043916>	"北戸田ファーストゲートタワー"@ja	<http://www.wikidata.org/entity/Q11303>	"超高層建築物"@ja	<http://www.wikidata.org/entity/P131>	"位置する行政区画"@ja	<https://ja.wikipedia.org/wiki/%E5%8C%97%E6%88%B8%E7%94%B0%E3%83%95%E3%82%A1%E3%83%BC%E3%82%B9%E3%83%88%E3%82%B2%E3%83%BC%E3%83%88%E3%82%BF%E3%83%AF%E3%83%BC>
<http://www.wikidata.org/entity/Q21653084>	"彩湖自然学習センター"@ja	<http://www.wikidata.org/entity/Q5341295>	"教育組織"@ja	<http://www.wikidata.org/entity/P131>	"位置する行政区画"@ja	<https://ja.wikipedia.org/wiki/%E5%BD%A9%E6%B9%96%E8%87%AA%E7%84%B6%E5%AD%A6%E7%BF%92%E3%82%BB%E3%83%B3%E3%82%BF%E3%83%BC>
<http://www.wikidata.org/entity/Q21653084>	"彩湖自然学習センター"@ja	<http://www.wikidata.org/entity/Q33506>	"博物館"@ja	<http://www.wikidata.org/entity/P131>	"位置する行政区画"@ja	<https://ja.wikipedia.org/wiki/%E5%BD%A9%E6%B9%96%E8%87%AA%E7%84%B6%E5%AD%A6%E7%BF%92%E3%82%BB%E3%83%B3%E3%82%BF%E3%83%BC>
<http://www.wikidata.org/entity/Q21653742>	"戸田ヶ原"@ja	<http://www.wikidata.org/entity/Q170321>	"湿地"@ja	<http://www.wikidata.org/entity/P131>	"位置する行政区画"@ja	<https://ja.wikipedia.org/wiki/%E6%88%B8%E7%94%B0%E3%83%B6%E5%8E%9F>
<http://www.wikidata.org/entity/Q21653744>	"戸田公園"@ja	<http://www.wikidata.org/entity/Q5327369>	"町丁"@ja	<http://www.wikidata.org/entity/P131>	"位置する行政区画"@ja	<https://ja.wikipedia.org/wiki/%E6%88%B8%E7%94%B0%E5%85%AC%E5%9C%92_(%E6%88%B8%E7%94%B0%E5%B8%82)>
<http://www.wikidata.org/entity/Q21653745>	"戸田市立戸田中学校"@ja	<http://www.wikidata.org/entity/Q55521176>	"日本の中学校"@ja	<http://www.wikidata.org/entity/P131>	"位置する行政区画"@ja	<https://ja.wikipedia.org/wiki/%E6%88%B8%E7%94%B0%E5%B8%82%E7%AB%8B%E6%88%B8%E7%94%B0%E4%B8%AD%E5%AD%A6%E6%A0%A1>
<http://www.wikidata.org/entity/Q21653745>	"戸田市立戸田中学校"@ja	<http://www.wikidata.org/entity/Q55521176>	"日本の中学校"@ja	<http://www.wikidata.org/entity/P126>	"管理者"@ja	<https://ja.wikipedia.org/wiki/%E6%88%B8%E7%94%B0%E5%B8%82%E7%AB%8B%E6%88%B8%E7%94%B0%E4%B8%AD%E5%AD%A6%E6%A0%A1>
<http://www.wikidata.org/entity/Q22119645>	"戸田中央看護専門学校"@ja	<http://www.wikidata.org/entity/Q24898692>	"専修学校"@ja	<http://www.wikidata.org/entity/P131>	"位置する行政区画"@ja	<https://ja.wikipedia.org/wiki/%E6%88%B8%E7%94%B0%E4%B8%AD%E5%A4%AE%E7%9C%8B%E8%AD%B7%E5%B0%82%E9%96%80%E5%AD%A6%E6%A0%A1>
<http://www.wikidata.org/entity/Q28684350>	"戸田市議会"@ja	<http://www.wikidata.org/entity/Q107199651>	"市議会"@ja	<http://www.wikidata.org/entity/P1001>	"管轄・適用区域"@ja	<https://ja.wikipedia.org/wiki/%E6%88%B8%E7%94%B0%E5%B8%82%E8%AD%B0%E4%BC%9A>
<http://www.wikidata.org/entity/Q28684350>	"戸田市議会"@ja	<http://www.wikidata.org/entity/Q107199651>	"市議会"@ja	<http://www.wikidata.org/entity/P131>	"位置する行政区画"@ja	<https://ja.wikipedia.org/wiki/%E6%88%B8%E7%94%B0%E5%B8%82%E8%AD%B0%E4%BC%9A>
<http://www.wikidata.org/entity/Q28686352>	"笹目"@ja	<http://www.wikidata.org/entity/Q486972>	"集落"@ja	<http://www.wikidata.org/entity/P131>	"位置する行政区画"@ja	<https://ja.wikipedia.org/wiki/%E7%AC%B9%E7%9B%AE>
<http://www.wikidata.org/entity/Q28686575>	"美女木東"@ja	<http://www.wikidata.org/entity/Q486972>	"集落"@ja	<http://www.wikidata.org/entity/P131>	"位置する行政区画"@ja	<https://ja.wikipedia.org/wiki/%E7%BE%8E%E5%A5%B3%E6%9C%A8%E6%9D%B1>
<http://www.wikidata.org/entity/Q28686575>	"美女木東"@ja	<http://www.wikidata.org/entity/Q56061>	"行政区画"@ja	<http://www.wikidata.org/entity/P131>	"位置する行政区画"@ja	<https://ja.wikipedia.org/wiki/%E7%BE%8E%E5%A5%B3%E6%9C%A8%E6%9D%B1>
<http://www.wikidata.org/entity/Q45819747>	"石井未紗"@ja	<http://www.wikidata.org/entity/Q5>	"ヒト"@ja	<http://www.wikidata.org/entity/P19>	"出生地"@ja	<https://ja.wikipedia.org/wiki/%E7%9F%B3%E4%BA%95%E6%9C%AA%E7%B4%97>
<http://www.wikidata.org/entity/Q86496615>	"戸田市立戸田南小学校"@ja	<http://www.wikidata.org/entity/Q5358913>	"日本の小学校"@ja	<http://www.wikidata.org/entity/P131>	"位置する行政区画"@ja	<https://ja.wikipedia.org/wiki/%E6%88%B8%E7%94%B0%E5%B8%82%E7%AB%8B%E6%88%B8%E7%94%B0%E5%8D%97%E5%B0%8F%E5%AD%A6%E6%A0%A1>
<http://www.wikidata.org/entity/Q86496615>	"戸田市立戸田南小学校"@ja	<http://www.wikidata.org/entity/Q5358913>	"日本の小学校"@ja	<http://www.wikidata.org/entity/P126>	"管理者"@ja	<https://ja.wikipedia.org/wiki/%E6%88%B8%E7%94%B0%E5%B8%82%E7%AB%8B%E6%88%B8%E7%94%B0%E5%8D%97%E5%B0%8F%E5%AD%A6%E6%A0%A1>
<http://www.wikidata.org/entity/Q86496613>	"戸田市立戸田東小学校"@ja	<http://www.wikidata.org/entity/Q5358913>	"日本の小学校"@ja	<http://www.wikidata.org/entity/P131>	"位置する行政区画"@ja	<https://ja.wikipedia.org/wiki/%E6%88%B8%E7%94%B0%E5%B8%82%E7%AB%8B%E6%88%B8%E7%94%B0%E6%9D%B1%E5%B0%8F%E5%AD%A6%E6%A0%A1>
<http://www.wikidata.org/entity/Q86496613>	"戸田市立戸田東小学校"@ja	<http://www.wikidata.org/entity/Q5358913>	"日本の小学校"@ja	<http://www.wikidata.org/entity/P126>	"管理者"@ja	<https://ja.wikipedia.org/wiki/%E6%88%B8%E7%94%B0%E5%B8%82%E7%AB%8B%E6%88%B8%E7%94%B0%E6%9D%B1%E5%B0%8F%E5%AD%A6%E6%A0%A1>
<http://www.wikidata.org/entity/Q86496621>	"戸田市立新曽北小学校"@ja	<http://www.wikidata.org/entity/Q5358913>	"日本の小学校"@ja	<http://www.wikidata.org/entity/P131>	"位置する行政区画"@ja	<https://ja.wikipedia.org/wiki/%E6%88%B8%E7%94%B0%E5%B8%82%E7%AB%8B%E6%96%B0%E6%9B%BD%E5%8C%97%E5%B0%8F%E5%AD%A6%E6%A0%A1>
<http://www.wikidata.org/entity/Q86496621>	"戸田市立新曽北小学校"@ja	<http://www.wikidata.org/entity/Q5358913>	"日本の小学校"@ja	<http://www.wikidata.org/entity/P126>	"管理者"@ja	<https://ja.wikipedia.org/wiki/%E6%88%B8%E7%94%B0%E5%B8%82%E7%AB%8B%E6%96%B0%E6%9B%BD%E5%8C%97%E5%B0%8F%E5%AD%A6%E6%A0%A1>
<http://www.wikidata.org/entity/Q86496625>	"戸田市立美女木小学校"@ja	<http://www.wikidata.org/entity/Q5358913>	"日本の小学校"@ja	<http://www.wikidata.org/entity/P131>	"位置する行政区画"@ja	<https://ja.wikipedia.org/wiki/%E6%88%B8%E7%94%B0%E5%B8%82%E7%AB%8B%E7%BE%8E%E5%A5%B3%E6%9C%A8%E5%B0%8F%E5%AD%A6%E6%A0%A1>
<http://www.wikidata.org/entity/Q86496625>	"戸田市立美女木小学校"@ja	<http://www.wikidata.org/entity/Q5358913>	"日本の小学校"@ja	<http://www.wikidata.org/entity/P126>	"管理者"@ja	<https://ja.wikipedia.org/wiki/%E6%88%B8%E7%94%B0%E5%B8%82%E7%AB%8B%E7%BE%8E%E5%A5%B3%E6%9C%A8%E5%B0%8F%E5%AD%A6%E6%A0%A1>
<http://www.wikidata.org/entity/Q86626983>	"戸田市立戸田東中学校"@ja	<http://www.wikidata.org/entity/Q55521176>	"日本の中学校"@ja	<http://www.wikidata.org/entity/P131>	"位置する行政区画"@ja	<https://ja.wikipedia.org/wiki/%E6%88%B8%E7%94%B0%E5%B8%82%E7%AB%8B%E6%88%B8%E7%94%B0%E6%9D%B1%E4%B8%AD%E5%AD%A6%E6%A0%A1>
<http://www.wikidata.org/entity/Q86626983>	"戸田市立戸田東中学校"@ja	<http://www.wikidata.org/entity/Q55521176>	"日本の中学校"@ja	<http://www.wikidata.org/entity/P126>	"管理者"@ja	<https://ja.wikipedia.org/wiki/%E6%88%B8%E7%94%B0%E5%B8%82%E7%AB%8B%E6%88%B8%E7%94%B0%E6%9D%B1%E4%B8%AD%E5%AD%A6%E6%A0%A1>
<http://www.wikidata.org/entity/Q109603941>	"権田寛奈"@ja	<http://www.wikidata.org/entity/Q5>	"ヒト"@ja	<http://www.wikidata.org/entity/P19>	"出生地"@ja	<https://ja.wikipedia.org/wiki/%E6%A8%A9%E7%94%B0%E5%AF%9B%E5%A5%88>
<http://www.wikidata.org/entity/Q128186>	"埼玉県"@ja	<http://www.wikidata.org/entity/Q50337>	"都道府県"@ja	<http://www.wikidata.org/entity/P150>	"直下の行政区画"@ja	<https://ja.wikipedia.org/wiki/%E5%9F%BC%E7%8E%89%E7%9C%8C>
<http://www.wikidata.org/entity/Q134635>	"さいたま市"@ja	<http://www.wikidata.org/entity/Q65589340>	"都道府県庁所在地"@ja	<http://www.wikidata.org/entity/P47>	"隣の国又は行政区画"@ja	<https://ja.wikipedia.org/wiki/%E3%81%95%E3%81%84%E3%81%9F%E3%81%BE%E5%B8%82>
<http://www.wikidata.org/entity/Q134635>	"さいたま市"@ja	<http://www.wikidata.org/entity/Q11499984>	"文教都市"@ja	<http://www.wikidata.org/entity/P47>	"隣の国又は行政区画"@ja	<https://ja.wikipedia.org/wiki/%E3%81%95%E3%81%84%E3%81%9F%E3%81%BE%E5%B8%82>
<http://www.wikidata.org/entity/Q134635>	"さいたま市"@ja	<http://www.wikidata.org/entity/Q11422368>	"国際会議観光都市"@ja	<http://www.wikidata.org/entity/P47>	"隣の国又は行政区画"@ja	<https://ja.wikipedia.org/wiki/%E3%81%95%E3%81%84%E3%81%9F%E3%81%BE%E5%B8%82>
<http://www.wikidata.org/entity/Q134635>	"さいたま市"@ja	<http://www.wikidata.org/entity/Q1749269>	"政令指定都市"@ja	<http://www.wikidata.org/entity/P47>	"隣の国又は行政区画"@ja	<https://ja.wikipedia.org/wiki/%E3%81%95%E3%81%84%E3%81%9F%E3%81%BE%E5%B8%82>
<http://www.wikidata.org/entity/Q134635>	"さいたま市"@ja	<http://www.wikidata.org/entity/Q1637706>	"100万都市"@ja	<http://www.wikidata.org/entity/P47>	"隣の国又は行政区画"@ja	<https://ja.wikipedia.org/wiki/%E3%81%95%E3%81%84%E3%81%9F%E3%81%BE%E5%B8%82>
<http://www.wikidata.org/entity/Q134635>	"さいたま市"@ja	<http://www.wikidata.org/entity/Q1549591>	"10万都市"@ja	<http://www.wikidata.org/entity/P47>	"隣の国又は行政区画"@ja	<https://ja.wikipedia.org/wiki/%E3%81%95%E3%81%84%E3%81%9F%E3%81%BE%E5%B8%82>
<http://www.wikidata.org/entity/Q134635>	"さいたま市"@ja	<http://www.wikidata.org/entity/Q691960>	"衛星都市"@ja	<http://www.wikidata.org/entity/P47>	"隣の国又は行政区画"@ja	<https://ja.wikipedia.org/wiki/%E3%81%95%E3%81%84%E3%81%9F%E3%81%BE%E5%B8%82>
<http://www.wikidata.org/entity/Q134635>	"さいたま市"@ja	<http://www.wikidata.org/entity/Q494721>	"日本の市"@ja	<http://www.wikidata.org/entity/P47>	"隣の国又は行政区画"@ja	<https://ja.wikipedia.org/wiki/%E3%81%95%E3%81%84%E3%81%9F%E3%81%BE%E5%B8%82>
<http://www.wikidata.org/entity/Q235130>	"北区"@ja	<http://www.wikidata.org/entity/Q5327704>	"日本の特別区"@ja	<http://www.wikidata.org/entity/P47>	"隣の国又は行政区画"@ja	<https://ja.wikipedia.org/wiki/%E5%8C%97%E5%8C%BA_(%E6%9D%B1%E4%BA%AC%E9%83%BD)>
<http://www.wikidata.org/entity/Q387136>	"川口市"@ja	<http://www.wikidata.org/entity/Q1549591>	"10万都市"@ja	<http://www.wikidata.org/entity/P47>	"隣の国又は行政区画"@ja	<https://ja.wikipedia.org/wiki/%E5%B7%9D%E5%8F%A3%E5%B8%82>
<http://www.wikidata.org/entity/Q387136>	"川口市"@ja	<http://www.wikidata.org/entity/Q1137833>	"中核市"@ja	<http://www.wikidata.org/entity/P47>	"隣の国又は行政区画"@ja	<https://ja.wikipedia.org/wiki/%E5%B7%9D%E5%8F%A3%E5%B8%82>
<http://www.wikidata.org/entity/Q208471>	"開封市"@ja	<http://www.wikidata.org/entity/Q1637706>	"100万都市"@ja	<http://www.wikidata.org/entity/P190>	"姉妹都市"@ja	<https://ja.wikipedia.org/wiki/%E9%96%8B%E5%B0%81%E5%B8%82>
<http://www.wikidata.org/entity/Q208471>	"開封市"@ja	<http://www.wikidata.org/entity/Q1549591>	"10万都市"@ja	<http://www.wikidata.org/entity/P190>	"姉妹都市"@ja	<https://ja.wikipedia.org/wiki/%E9%96%8B%E5%B0%81%E5%B8%82>
<http://www.wikidata.org/entity/Q208471>	"開封市"@ja	<http://www.wikidata.org/entity/Q921061>	"古書店街"@ja	<http://www.wikidata.org/entity/P190>	"姉妹都市"@ja	<https://ja.wikipedia.org/wiki/%E9%96%8B%E5%B0%81%E5%B8%82>
<http://www.wikidata.org/entity/Q208471>	"開封市"@ja	<http://www.wikidata.org/entity/Q748149>	"地級市"@ja	<http://www.wikidata.org/entity/P190>	"姉妹都市"@ja	<https://ja.wikipedia.org/wiki/%E9%96%8B%E5%B0%81%E5%B8%82>
<http://www.wikidata.org/entity/Q232635>	"板橋区"@ja	<http://www.wikidata.org/entity/Q5327704>	"日本の特別区"@ja	<http://www.wikidata.org/entity/P47>	"隣の国又は行政区画"@ja	<https://ja.wikipedia.org/wiki/%E6%9D%BF%E6%A9%8B%E5%8C%BA>
<http://www.wikidata.org/entity/Q646834>	"朝霞市"@ja	<http://www.wikidata.org/entity/Q1549591>	"10万都市"@ja	<http://www.wikidata.org/entity/P47>	"隣の国又は行政区画"@ja	<https://ja.wikipedia.org/wiki/%E6%9C%9D%E9%9C%9E%E5%B8%82>
<http://www.wikidata.org/entity/Q646834>	"朝霞市"@ja	<http://www.wikidata.org/entity/Q494721>	"日本の市"@ja	<http://www.wikidata.org/entity/P47>	"隣の国又は行政区画"@ja	<https://ja.wikipedia.org/wiki/%E6%9C%9D%E9%9C%9E%E5%B8%82>
<http://www.wikidata.org/entity/Q658058>	"和光市"@ja	<http://www.wikidata.org/entity/Q494721>	"日本の市"@ja	<http://www.wikidata.org/entity/P47>	"隣の国又は行政区画"@ja	<https://ja.wikipedia.org/wiki/%E5%92%8C%E5%85%89%E5%B8%82>
<http://www.wikidata.org/entity/Q673010>	"蕨市"@ja	<http://www.wikidata.org/entity/Q494721>	"日本の市"@ja	<http://www.wikidata.org/entity/P47>	"隣の国又は行政区画"@ja	<https://ja.wikipedia.org/wiki/%E8%95%A8%E5%B8%82>
<http://www.wikidata.org/entity/Q750587>	"白河市"@ja	<http://www.wikidata.org/entity/Q494721>	"日本の市"@ja	<http://www.wikidata.org/entity/P190>	"姉妹都市"@ja	<https://ja.wikipedia.org/wiki/%E7%99%BD%E6%B2%B3%E5%B8%82>
<http://www.wikidata.org/entity/Q844358>	"北戸田駅"@ja	<http://www.wikidata.org/entity/Q55488>	"鉄道駅"@ja	<http://www.wikidata.org/entity/P131>	"位置する行政区画"@ja	<https://ja.wikipedia.org/wiki/%E5%8C%97%E6%88%B8%E7%94%B0%E9%A7%85>
<http://www.wikidata.org/entity/Q844437>	"戸田駅"@ja	<http://www.wikidata.org/entity/Q55488>	"鉄道駅"@ja	<http://www.wikidata.org/entity/P131>	"位置する行政区画"@ja	<https://ja.wikipedia.org/wiki/%E6%88%B8%E7%94%B0%E9%A7%85_(%E5%9F%BC%E7%8E%89%E7%9C%8C)>
<http://www.wikidata.org/entity/Q844571>	"戸田公園駅"@ja	<http://www.wikidata.org/entity/Q11670533>	"高架駅"@ja	<http://www.wikidata.org/entity/P131>	"位置する行政区画"@ja	<https://ja.wikipedia.org/wiki/%E6%88%B8%E7%94%B0%E5%85%AC%E5%9C%92%E9%A7%85>
<http://www.wikidata.org/entity/Q844571>	"戸田公園駅"@ja	<http://www.wikidata.org/entity/Q55488>	"鉄道駅"@ja	<http://www.wikidata.org/entity/P131>	"位置する行政区画"@ja	<https://ja.wikipedia.org/wiki/%E6%88%B8%E7%94%B0%E5%85%AC%E5%9C%92%E9%A7%85>
<http://www.wikidata.org/entity/Q900205>	"1964年東京オリンピックのボート競技"@ja	<http://www.wikidata.org/entity/Q26132862>	"オリンピック競技"@ja	<http://www.wikidata.org/entity/P131>	"位置する行政区画"@ja	<https://ja.wikipedia.org/wiki/1964%E5%B9%B4%E6%9D%B1%E4%BA%AC%E3%82%AA%E3%83%AA%E3%83%B3%E3%83%94%E3%83%83%E3%82%AF%E3%81%AE%E3%83%9C%E3%83%BC%E3%83%88%E7%AB%B6%E6%8A%80>
<http://www.wikidata.org/entity/Q900205>	"1964年東京オリンピックのボート競技"@ja	<http://www.wikidata.org/entity/Q720609>	"オリンピックボート競技"@ja	<http://www.wikidata.org/entity/P131>	"位置する行政区画"@ja	<https://ja.wikipedia.org/wiki/1964%E5%B9%B4%E6%9D%B1%E4%BA%AC%E3%82%AA%E3%83%AA%E3%83%B3%E3%83%94%E3%83%83%E3%82%AF%E3%81%AE%E3%83%9C%E3%83%BC%E3%83%88%E7%AB%B6%E6%8A%80>
<http://www.wikidata.org/entity/Q1076743>	"浦和市"@ja	<http://www.wikidata.org/entity/Q18663566>	"日本の廃止市区町村"@ja	<http://www.wikidata.org/entity/P1365>	"先行"@ja	<https://ja.wikipedia.org/wiki/%E6%B5%A6%E5%92%8C%E5%B8%82>
<http://www.wikidata.org/entity/Q2093231>	"宇賀神友弥"@ja	<http://www.wikidata.org/entity/Q5>	"ヒト"@ja	<http://www.wikidata.org/entity/P19>	"出生地"@ja	<https://ja.wikipedia.org/wiki/%E5%AE%87%E8%B3%80%E7%A5%9E%E5%8F%8B%E5%BC%A5>
<http://www.wikidata.org/entity/Q6157161>	"国道298号"@ja	<http://www.wikidata.org/entity/Q34442>	"道路"@ja	<http://www.wikidata.org/entity/P1302>	"主な経由都市"@ja	<https://ja.wikipedia.org/wiki/%E5%9B%BD%E9%81%93298%E5%8F%B7>
<http://www.wikidata.org/entity/Q9036726>	"志倉千代丸"@ja	<http://www.wikidata.org/entity/Q5>	"ヒト"@ja	<http://www.wikidata.org/entity/P19>	"出生地"@ja	<https://ja.wikipedia.org/wiki/%E5%BF%97%E5%80%89%E5%8D%83%E4%BB%A3%E4%B8%B8>
<http://www.wikidata.org/entity/Q9378402>	"Category:戸田市"@ja	<http://www.wikidata.org/entity/Q4167836>	"ウィキメディアのカテゴリ"@ja	<http://www.wikidata.org/entity/P301>	"カテゴリの中心主題"@ja	<https://ja.wikipedia.org/wiki/Category:%E6%88%B8%E7%94%B0%E5%B8%82>
<http://www.wikidata.org/entity/Q11075426>	"戸田西インターチェンジ"@ja	<http://www.wikidata.org/entity/Q2376564>	"インターチェンジ"@ja	<http://www.wikidata.org/entity/P131>	"位置する行政区画"@ja	<https://ja.wikipedia.org/wiki/%E6%88%B8%E7%94%B0%E8%A5%BF%E3%82%A4%E3%83%B3%E3%82%BF%E3%83%BC%E3%83%81%E3%82%A7%E3%83%B3%E3%82%B8>
<http://www.wikidata.org/entity/Q11075425>	"戸田東インターチェンジ"@ja	<http://www.wikidata.org/entity/Q2376564>	"インターチェンジ"@ja	<http://www.wikidata.org/entity/P131>	"位置する行政区画"@ja	<https://ja.wikipedia.org/wiki/%E6%88%B8%E7%94%B0%E6%9D%B1%E3%82%A4%E3%83%B3%E3%82%BF%E3%83%BC%E3%83%81%E3%82%A7%E3%83%B3%E3%82%B8>
<http://www.wikidata.org/entity/Q11251177>	"toco"@ja	<http://www.wikidata.org/entity/Q31180853>	"コミュニティバス"@ja	<http://www.wikidata.org/entity/P137>	"運営者"@ja	<https://ja.wikipedia.org/wiki/Toco>
<http://www.wikidata.org/entity/Q11251177>	"toco"@ja	<http://www.wikidata.org/entity/Q31180853>	"コミュニティバス"@ja	<http://www.wikidata.org/entity/P131>	"位置する行政区画"@ja	<https://ja.wikipedia.org/wiki/Toco>
<http://www.wikidata.org/entity/Q11251177>	"toco"@ja	<http://www.wikidata.org/entity/Q31180853>	"コミュニティバス"@ja	<http://www.wikidata.org/entity/P127>	"所有者"@ja	<https://ja.wikipedia.org/wiki/Toco>
<http://www.wikidata.org/entity/Q11267528>	"さいたま簡易裁判所"@ja	<http://www.wikidata.org/entity/Q11603901>	"簡易裁判所"@ja	<http://www.wikidata.org/entity/P1001>	"管轄・適用区域"@ja	<https://ja.wikipedia.org/wiki/%E3%81%95%E3%81%84%E3%81%9F%E3%81%BE%E7%B0%A1%E6%98%93%E8%A3%81%E5%88%A4%E6%89%80>
<http://www.wikidata.org/entity/Q11297367>	"キャンドゥ"@ja	<http://www.wikidata.org/entity/Q108255949>	"バラエティストアチェーン"@ja	<http://www.wikidata.org/entity/P740>	"結成場所"@ja	<https://ja.wikipedia.org/wiki/%E3%82%AD%E3%83%A3%E3%83%B3%E3%83%89%E3%82%A5>
<http://www.wikidata.org/entity/Q11297367>	"キャンドゥ"@ja	<http://www.wikidata.org/entity/Q4830453>	"企業"@ja	<http://www.wikidata.org/entity/P740>	"結成場所"@ja	<https://ja.wikipedia.org/wiki/%E3%82%AD%E3%83%A3%E3%83%B3%E3%83%89%E3%82%A5>
<http://www.wikidata.org/entity/Q11344991>	"ヤクルト戸田球場"@ja	<http://www.wikidata.org/entity/Q595452>	"野球場施設"@ja	<http://www.wikidata.org/entity/P131>	"位置する行政区画"@ja	<https://ja.wikipedia.org/wiki/%E3%83%A4%E3%82%AF%E3%83%AB%E3%83%88%E6%88%B8%E7%94%B0%E7%90%83%E5%A0%B4>
<http://www.wikidata.org/entity/Q11359037>	"上戸田川"@ja	<http://www.wikidata.org/entity/Q4022>	"川"@ja	<http://www.wikidata.org/entity/P131>	"位置する行政区画"@ja	<https://ja.wikipedia.org/wiki/%E4%B8%8A%E6%88%B8%E7%94%B0%E5%B7%9D>
<http://www.wikidata.org/entity/Q11410234>	"及川ひとみ"@ja	<http://www.wikidata.org/entity/Q5>	"ヒト"@ja	<http://www.wikidata.org/entity/P19>	"出生地"@ja	<https://ja.wikipedia.org/wiki/%E5%8F%8A%E5%B7%9D%E3%81%B2%E3%81%A8%E3%81%BF>
<http://www.wikidata.org/entity/Q11426624>	"埼玉県立南稜高等学校"@ja	<http://www.wikidata.org/entity/Q56351315>	"日本の高等学校"@ja	<http://www.wikidata.org/entity/P131>	"位置する行政区画"@ja	<https://ja.wikipedia.org/wiki/%E5%9F%BC%E7%8E%89%E7%9C%8C%E7%AB%8B%E5%8D%97%E7%A8%9C%E9%AB%98%E7%AD%89%E5%AD%A6%E6%A0%A1>
<http://www.wikidata.org/entity/Q11426679>	"埼玉県立戸田翔陽高等学校"@ja	<http://www.wikidata.org/entity/Q56351315>	"日本の高等学校"@ja	<http://www.wikidata.org/entity/P131>	"位置する行政区画"@ja	<https://ja.wikipedia.org/wiki/%E5%9F%BC%E7%8E%89%E7%9C%8C%E7%AB%8B%E6%88%B8%E7%94%B0%E7%BF%94%E9%99%BD%E9%AB%98%E7%AD%89%E5%AD%A6%E6%A0%A1>
<http://www.wikidata.org/entity/Q11426930>	"埼玉県道236号"@ja	<http://www.wikidata.org/entity/Q34442>	"道路"@ja	<http://www.wikidata.org/entity/P131>	"位置する行政区画"@ja	<https://ja.wikipedia.org/wiki/%E5%9F%BC%E7%8E%89%E7%9C%8C%E9%81%93236%E5%8F%B7%E6%96%B0%E5%80%89%E8%95%A8%E7%B7%9A>
<http://www.wikidata.org/entity/Q11427031>	"埼玉県道382号"@ja	<http://www.wikidata.org/entity/Q34442>	"道路"@ja	<http://www.wikidata.org/entity/P609>	"起終点"@ja	<https://ja.wikipedia.org/wiki/%E5%9F%BC%E7%8E%89%E7%9C%8C%E9%81%93382%E5%8F%B7%E6%97%A9%E7%80%AC%E3%81%95%E3%81%84%E3%81%9F%E3%81%BE%E7%B7%9A>
<http://www.wikidata.org/entity/Q11427031>	"埼玉県道382号"@ja	<http://www.wikidata.org/entity/Q34442>	"道路"@ja	<http://www.wikidata.org/entity/P131>	"位置する行政区画"@ja	<https://ja.wikipedia.org/wiki/%E5%9F%BC%E7%8E%89%E7%9C%8C%E9%81%93382%E5%8F%B7%E6%97%A9%E7%80%AC%E3%81%95%E3%81%84%E3%81%9F%E3%81%BE%E7%B7%9A>
<http://www.wikidata.org/entity/Q11427090>	"埼玉県道79号"@ja	<http://www.wikidata.org/entity/Q34442>	"道路"@ja	<http://www.wikidata.org/entity/P131>	"位置する行政区画"@ja	<https://ja.wikipedia.org/wiki/%E5%9F%BC%E7%8E%89%E7%9C%8C%E9%81%9379%E5%8F%B7%E6%9C%9D%E9%9C%9E%E8%95%A8%E7%B7%9A>
<http://www.wikidata.org/entity/Q11429034>	"境橋"@ja	<http://www.wikidata.org/entity/Q12280>	"橋"@ja	<http://www.wikidata.org/entity/P131>	"位置する行政区画"@ja	<https://ja.wikipedia.org/wiki/%E5%A2%83%E6%A9%8B_(%E7%AC%B9%E7%9B%AE%E5%B7%9D)>
<http://www.wikidata.org/entity/Q11447080>	"妙顕寺"@ja	<http://www.wikidata.org/entity/Q5393308>	"仏教寺院"@ja	<http://www.wikidata.org/entity/P131>	"位置する行政区画"@ja	<https://ja.wikipedia.org/wiki/%E5%A6%99%E9%A1%95%E5%AF%BA_(%E6%88%B8%E7%94%B0%E5%B8%82)>
<http://www.wikidata.org/entity/Q11459530>	"小堤橋"@ja	<http://www.wikidata.org/entity/Q12280>	"橋"@ja	<http://www.wikidata.org/entity/P131>	"位置する行政区画"@ja	<https://ja.wikipedia.org/wiki/%E5%B0%8F%E5%A0%A4%E6%A9%8B>
<http://www.wikidata.org/entity/Q11467746>	"山宮橋"@ja	<http://www.wikidata.org/entity/Q12280>	"橋"@ja	<http://www.wikidata.org/entity/P131>	"位置する行政区画"@ja	<https://ja.wikipedia.org/wiki/%E5%B1%B1%E5%AE%AE%E6%A9%8B>
<http://www.wikidata.org/entity/Q11484097>	"幸魂大橋"@ja	<http://www.wikidata.org/entity/Q537127>	"道路橋"@ja	<http://www.wikidata.org/entity/P131>	"位置する行政区画"@ja	<https://ja.wikipedia.org/wiki/%E5%B9%B8%E9%AD%82%E5%A4%A7%E6%A9%8B>
<http://www.wikidata.org/entity/Q11484097>	"幸魂大橋"@ja	<http://www.wikidata.org/entity/Q158555>	"斜張橋"@ja	<http://www.wikidata.org/entity/P131>	"位置する行政区画"@ja	<https://ja.wikipedia.org/wiki/%E5%B9%B8%E9%AD%82%E5%A4%A7%E6%A9%8B>
<http://www.wikidata.org/entity/Q11488014>	"彩湖・道満グリーンパーク"@ja	<http://www.wikidata.org/entity/Q22698>	"公園"@ja	<http://www.wikidata.org/entity/P131>	"位置する行政区画"@ja	<https://ja.wikipedia.org/wiki/%E5%BD%A9%E6%B9%96%E3%83%BB%E9%81%93%E6%BA%80%E3%82%B0%E3%83%AA%E3%83%BC%E3%83%B3%E3%83%91%E3%83%BC%E3%82%AF>
<http://www.wikidata.org/entity/Q11496503>	"戸田市北部公園野球場"@ja	<http://www.wikidata.org/entity/Q595452>	"野球場施設"@ja	<http://www.wikidata.org/entity/P131>	"位置する行政区画"@ja	<https://ja.wikipedia.org/wiki/%E6%88%B8%E7%94%B0%E5%B8%82%E5%8C%97%E9%83%A8%E5%85%AC%E5%9C%92%E9%87%8E%E7%90%83%E5%A0%B4>
<http://www.wikidata.org/entity/Q11496503>	"戸田市北部公園野球場"@ja	<http://www.wikidata.org/entity/Q595452>	"野球場施設"@ja	<http://www.wikidata.org/entity/P127>	"所有者"@ja	<https://ja.wikipedia.org/wiki/%E6%88%B8%E7%94%B0%E5%B8%82%E5%8C%97%E9%83%A8%E5%85%AC%E5%9C%92%E9%87%8E%E7%90%83%E5%A0%B4>
<http://www.wikidata.org/entity/Q11496503>	"戸田市北部公園野球場"@ja	<http://www.wikidata.org/entity/Q595452>	"野球場施設"@ja	<http://www.wikidata.org/entity/P126>	"管理者"@ja	<https://ja.wikipedia.org/wiki/%E6%88%B8%E7%94%B0%E5%B8%82%E5%8C%97%E9%83%A8%E5%85%AC%E5%9C%92%E9%87%8E%E7%90%83%E5%A0%B4>
<http://www.wikidata.org/entity/Q11496506>	"戸田市立図書館"@ja	<http://www.wikidata.org/entity/Q48085397>	"市区町村立図書館"@ja	<http://www.wikidata.org/entity/P131>	"位置する行政区画"@ja	<https://ja.wikipedia.org/wiki/%E6%88%B8%E7%94%B0%E5%B8%82%E7%AB%8B%E5%9B%B3%E6%9B%B8%E9%A4%A8>
<http://www.wikidata.org/entity/Q11496507>	"戸田市立新曽中学校"@ja	<http://www.wikidata.org/entity/Q55521176>	"日本の中学校"@ja	<http://www.wikidata.org/entity/P131>	"位置する行政区画"@ja	<https://ja.wikipedia.org/wiki/%E6%88%B8%E7%94%B0%E5%B8%82%E7%AB%8B%E6%96%B0%E6%9B%BD%E4%B8%AD%E5%AD%A6%E6%A0%A1>
<http://www.wikidata.org/entity/Q11496507>	"戸田市立新曽中学校"@ja	<http://www.wikidata.org/entity/Q55521176>	"日本の中学校"@ja	<http://www.wikidata.org/entity/P126>	"管理者"@ja	<https://ja.wikipedia.org/wiki/%E6%88%B8%E7%94%B0%E5%B8%82%E7%AB%8B%E6%96%B0%E6%9B%BD%E4%B8%AD%E5%AD%A6%E6%A0%A1>
<http://www.wikidata.org/entity/Q11496505>	"戸田市立戸田第一小学校"@ja	<http://www.wikidata.org/entity/Q5358913>	"日本の小学校"@ja	<http://www.wikidata.org/entity/P131>	"位置する行政区画"@ja	<https://ja.wikipedia.org/wiki/%E6%88%B8%E7%94%B0%E5%B8%82%E7%AB%8B%E6%88%B8%E7%94%B0%E7%AC%AC%E4%B8%80%E5%B0%8F%E5%AD%A6%E6%A0%A1>
<http://www.wikidata.org/entity/Q11496505>	"戸田市立戸田第一小学校"@ja	<http://www.wikidata.org/entity/Q5358913>	"日本の小学校"@ja	<http://www.wikidata.org/entity/P126>	"管理者"@ja	<https://ja.wikipedia.org/wiki/%E6%88%B8%E7%94%B0%E5%B8%82%E7%AB%8B%E6%88%B8%E7%94%B0%E7%AC%AC%E4%B8%80%E5%B0%8F%E5%AD%A6%E6%A0%A1>
<http://www.wikidata.org/entity/Q56436879>	"戸田市長"@ja	<http://www.wikidata.org/entity/Q4164871>	"職位"@ja	<http://www.wikidata.org/entity/P1001>	"管轄・適用区域"@ja	
<http://www.wikidata.org/entity/Q61941425>	"Code for Toda"@ja	<http://www.wikidata.org/entity/Q61925311>	"Code for Japanブリゲード"@ja	<http://www.wikidata.org/entity/P276>	"場所"@ja	
<http://www.wikidata.org/entity/Q86496610>	"戸田市立美谷本小学校"@ja	<http://www.wikidata.org/entity/Q5358913>	"日本の小学校"@ja	<http://www.wikidata.org/entity/P131>	"位置する行政区画"@ja	
<http://www.wikidata.org/entity/Q86496610>	"戸田市立美谷本小学校"@ja	<http://www.wikidata.org/entity/Q5358913>	"日本の小学校"@ja	<http://www.wikidata.org/entity/P126>	"管理者"@ja	
<http://www.wikidata.org/entity/Q86496612>	"戸田市立笹目小学校"@ja	<http://www.wikidata.org/entity/Q5358913>	"日本の小学校"@ja	<http://www.wikidata.org/entity/P131>	"位置する行政区画"@ja	
<http://www.wikidata.org/entity/Q86496612>	"戸田市立笹目小学校"@ja	<http://www.wikidata.org/entity/Q5358913>	"日本の小学校"@ja	<http://www.wikidata.org/entity/P126>	"管理者"@ja	
<http://www.wikidata.org/entity/Q86496618>	"戸田市立笹目東小学校"@ja	<http://www.wikidata.org/entity/Q5358913>	"日本の小学校"@ja	<http://www.wikidata.org/entity/P131>	"位置する行政区画"@ja	
<http://www.wikidata.org/entity/Q86496618>	"戸田市立笹目東小学校"@ja	<http://www.wikidata.org/entity/Q5358913>	"日本の小学校"@ja	<http://www.wikidata.org/entity/P126>	"管理者"@ja	
<http://www.wikidata.org/entity/Q86496616>	"戸田市立喜沢小学校"@ja	<http://www.wikidata.org/entity/Q5358913>	"日本の小学校"@ja	<http://www.wikidata.org/entity/P131>	"位置する行政区画"@ja	
<http://www.wikidata.org/entity/Q86496616>	"戸田市立喜沢小学校"@ja	<http://www.wikidata.org/entity/Q5358913>	"日本の小学校"@ja	<http://www.wikidata.org/entity/P126>	"管理者"@ja	
<http://www.wikidata.org/entity/Q86496628>	"戸田市立芦原小学校"@ja	<http://www.wikidata.org/entity/Q5358913>	"日本の小学校"@ja	<http://www.wikidata.org/entity/P131>	"位置する行政区画"@ja	
<http://www.wikidata.org/entity/Q86496628>	"戸田市立芦原小学校"@ja	<http://www.wikidata.org/entity/Q5358913>	"日本の小学校"@ja	<http://www.wikidata.org/entity/P126>	"管理者"@ja	
<http://www.wikidata.org/entity/Q86626987>	"戸田市立喜沢中学校"@ja	<http://www.wikidata.org/entity/Q55521176>	"日本の中学校"@ja	<http://www.wikidata.org/entity/P131>	"位置する行政区画"@ja	
<http://www.wikidata.org/entity/Q86626987>	"戸田市立喜沢中学校"@ja	<http://www.wikidata.org/entity/Q55521176>	"日本の中学校"@ja	<http://www.wikidata.org/entity/P126>	"管理者"@ja	
<http://www.wikidata.org/entity/Q86626985>	"戸田市立美笹中学校"@ja	<http://www.wikidata.org/entity/Q55521176>	"日本の中学校"@ja	<http://www.wikidata.org/entity/P131>	"位置する行政区画"@ja	
<http://www.wikidata.org/entity/Q86626985>	"戸田市立美笹中学校"@ja	<http://www.wikidata.org/entity/Q55521176>	"日本の中学校"@ja	<http://www.wikidata.org/entity/P126>	"管理者"@ja	
<http://www.wikidata.org/entity/Q86626990>	"戸田市立笹目中学校"@ja	<http://www.wikidata.org/entity/Q55521176>	"日本の中学校"@ja	<http://www.wikidata.org/entity/P131>	"位置する行政区画"@ja	
<http://www.wikidata.org/entity/Q86626990>	"戸田市立笹目中学校"@ja	<http://www.wikidata.org/entity/Q55521176>	"日本の中学校"@ja	<http://www.wikidata.org/entity/P126>	"管理者"@ja	
<http://www.wikidata.org/entity/Q97604557>	"聖下橋"@ja	<http://www.wikidata.org/entity/Q1068842>	"人道橋"@ja	<http://www.wikidata.org/entity/P131>	"位置する行政区画"@ja	
<http://www.wikidata.org/entity/Q98150566>	"水辺公園橋"@ja	<http://www.wikidata.org/entity/Q1068842>	"人道橋"@ja	<http://www.wikidata.org/entity/P131>	"位置する行政区画"@ja	
<http://www.wikidata.org/entity/Q98150714>	"池ノ尻橋"@ja	<http://www.wikidata.org/entity/Q1068842>	"人道橋"@ja	<http://www.wikidata.org/entity/P131>	"位置する行政区画"@ja	
<http://www.wikidata.org/entity/Q98150715>	"北部橋"@ja	<http://www.wikidata.org/entity/Q537127>	"道路橋"@ja	<http://www.wikidata.org/entity/P131>	"位置する行政区画"@ja	
<http://www.wikidata.org/entity/Q98150712>	"笹目川橋"@ja	<http://www.wikidata.org/entity/Q537127>	"道路橋"@ja	<http://www.wikidata.org/entity/P131>	"位置する行政区画"@ja	
<http://www.wikidata.org/entity/Q98150713>	"中央橋"@ja	<http://www.wikidata.org/entity/Q537127>	"道路橋"@ja	<http://www.wikidata.org/entity/P131>	"位置する行政区画"@ja	
<http://www.wikidata.org/entity/Q98150718>	"堤向橋"@ja	<http://www.wikidata.org/entity/Q537127>	"道路橋"@ja	<http://www.wikidata.org/entity/P131>	"位置する行政区画"@ja	
<http://www.wikidata.org/entity/Q98150719>	"沼口橋"@ja	<http://www.wikidata.org/entity/Q537127>	"道路橋"@ja	<http://www.wikidata.org/entity/P131>	"位置する行政区画"@ja	
<http://www.wikidata.org/entity/Q98150716>	"山宮下橋"@ja	<http://www.wikidata.org/entity/Q1068842>	"人道橋"@ja	<http://www.wikidata.org/entity/P131>	"位置する行政区画"@ja	
<http://www.wikidata.org/entity/Q98150717>	"根木橋"@ja	<http://www.wikidata.org/entity/Q537127>	"道路橋"@ja	<http://www.wikidata.org/entity/P131>	"位置する行政区画"@ja	
<http://www.wikidata.org/entity/Q98150720>	"富士見橋"@ja	<http://www.wikidata.org/entity/Q537127>	"道路橋"@ja	<http://www.wikidata.org/entity/P131>	"位置する行政区画"@ja	
<http://www.wikidata.org/entity/Q98150721>	"富士見大橋"@ja	<http://www.wikidata.org/entity/Q537127>	"道路橋"@ja	<http://www.wikidata.org/entity/P131>	"位置する行政区画"@ja	
<http://www.wikidata.org/entity/Q98150938>	"砂田切橋"@ja	<http://www.wikidata.org/entity/Q11486300>	"廃橋"@ja	<http://www.wikidata.org/entity/P131>	"位置する行政区画"@ja	
<http://www.wikidata.org/entity/Q98150938>	"砂田切橋"@ja	<http://www.wikidata.org/entity/Q1068842>	"人道橋"@ja	<http://www.wikidata.org/entity/P131>	"位置する行政区画"@ja	
<http://www.wikidata.org/entity/Q98215489>	"新曽さくら川"@ja	<http://www.wikidata.org/entity/Q355304>	"水路"@ja	<http://www.wikidata.org/entity/P131>	"位置する行政区画"@ja	
<http://www.wikidata.org/entity/Q107696546>	"大山重隆"@ja	<http://www.wikidata.org/entity/Q5>	"ヒト"@ja	<http://www.wikidata.org/entity/P19>	"出生地"@ja	
