?s	?sLabel	?type	?typeLabel	?prop	?propLabel	?jwiki
<http://www.wikidata.org/entity/Q128186>	"埼玉県"@ja	<http://www.wikidata.org/entity/Q50337>	"都道府県"@ja	<http://www.wikidata.org/entity/P150>	"直下の行政区画"@ja	<https://ja.wikipedia.org/wiki/%E5%9F%BC%E7%8E%89%E7%9C%8C>
<http://www.wikidata.org/entity/Q204472>	"シャバツ"@ja	<http://www.wikidata.org/entity/Q37800986>	"Q37800986"	<http://www.wikidata.org/entity/P190>	"姉妹都市"@ja	<https://ja.wikipedia.org/wiki/%E3%82%B7%E3%83%A3%E3%83%90%E3%83%84>
<http://www.wikidata.org/entity/Q204472>	"シャバツ"@ja	<http://www.wikidata.org/entity/Q515>	"都市"@ja	<http://www.wikidata.org/entity/P190>	"姉妹都市"@ja	<https://ja.wikipedia.org/wiki/%E3%82%B7%E3%83%A3%E3%83%90%E3%83%84>
<http://www.wikidata.org/entity/Q319740>	"川越市"@ja	<http://www.wikidata.org/entity/Q1549591>	"10万都市"@ja	<http://www.wikidata.org/entity/P47>	"隣の国又は行政区画"@ja	<https://ja.wikipedia.org/wiki/%E5%B7%9D%E8%B6%8A%E5%B8%82>
<http://www.wikidata.org/entity/Q319740>	"川越市"@ja	<http://www.wikidata.org/entity/Q1137833>	"中核市"@ja	<http://www.wikidata.org/entity/P47>	"隣の国又は行政区画"@ja	<https://ja.wikipedia.org/wiki/%E5%B7%9D%E8%B6%8A%E5%B8%82>
<http://www.wikidata.org/entity/Q134635>	"さいたま市"@ja	<http://www.wikidata.org/entity/Q65589340>	"都道府県庁所在地"@ja	<http://www.wikidata.org/entity/P47>	"隣の国又は行政区画"@ja	<https://ja.wikipedia.org/wiki/%E3%81%95%E3%81%84%E3%81%9F%E3%81%BE%E5%B8%82>
<http://www.wikidata.org/entity/Q134635>	"さいたま市"@ja	<http://www.wikidata.org/entity/Q11499984>	"文教都市"@ja	<http://www.wikidata.org/entity/P47>	"隣の国又は行政区画"@ja	<https://ja.wikipedia.org/wiki/%E3%81%95%E3%81%84%E3%81%9F%E3%81%BE%E5%B8%82>
<http://www.wikidata.org/entity/Q134635>	"さいたま市"@ja	<http://www.wikidata.org/entity/Q11422368>	"国際会議観光都市"@ja	<http://www.wikidata.org/entity/P47>	"隣の国又は行政区画"@ja	<https://ja.wikipedia.org/wiki/%E3%81%95%E3%81%84%E3%81%9F%E3%81%BE%E5%B8%82>
<http://www.wikidata.org/entity/Q134635>	"さいたま市"@ja	<http://www.wikidata.org/entity/Q1749269>	"政令指定都市"@ja	<http://www.wikidata.org/entity/P47>	"隣の国又は行政区画"@ja	<https://ja.wikipedia.org/wiki/%E3%81%95%E3%81%84%E3%81%9F%E3%81%BE%E5%B8%82>
<http://www.wikidata.org/entity/Q134635>	"さいたま市"@ja	<http://www.wikidata.org/entity/Q1637706>	"100万都市"@ja	<http://www.wikidata.org/entity/P47>	"隣の国又は行政区画"@ja	<https://ja.wikipedia.org/wiki/%E3%81%95%E3%81%84%E3%81%9F%E3%81%BE%E5%B8%82>
<http://www.wikidata.org/entity/Q134635>	"さいたま市"@ja	<http://www.wikidata.org/entity/Q1549591>	"10万都市"@ja	<http://www.wikidata.org/entity/P47>	"隣の国又は行政区画"@ja	<https://ja.wikipedia.org/wiki/%E3%81%95%E3%81%84%E3%81%9F%E3%81%BE%E5%B8%82>
<http://www.wikidata.org/entity/Q134635>	"さいたま市"@ja	<http://www.wikidata.org/entity/Q691960>	"衛星都市"@ja	<http://www.wikidata.org/entity/P47>	"隣の国又は行政区画"@ja	<https://ja.wikipedia.org/wiki/%E3%81%95%E3%81%84%E3%81%9F%E3%81%BE%E5%B8%82>
<http://www.wikidata.org/entity/Q134635>	"さいたま市"@ja	<http://www.wikidata.org/entity/Q494721>	"日本の市"@ja	<http://www.wikidata.org/entity/P47>	"隣の国又は行政区画"@ja	<https://ja.wikipedia.org/wiki/%E3%81%95%E3%81%84%E3%81%9F%E3%81%BE%E5%B8%82>
<http://www.wikidata.org/entity/Q185238>	"三芳町"@ja	<http://www.wikidata.org/entity/Q1059478>	"日本の町"@ja	<http://www.wikidata.org/entity/P47>	"隣の国又は行政区画"@ja	<https://ja.wikipedia.org/wiki/%E4%B8%89%E8%8A%B3%E7%94%BA>
<http://www.wikidata.org/entity/Q820496>	"江南市"@ja	<http://www.wikidata.org/entity/Q494721>	"日本の市"@ja	<http://www.wikidata.org/entity/P190>	"姉妹都市"@ja	<https://ja.wikipedia.org/wiki/%E6%B1%9F%E5%8D%97%E5%B8%82>
<http://www.wikidata.org/entity/Q873590>	"ふじみ野市"@ja	<http://www.wikidata.org/entity/Q1549591>	"10万都市"@ja	<http://www.wikidata.org/entity/P47>	"隣の国又は行政区画"@ja	<https://ja.wikipedia.org/wiki/%E3%81%B5%E3%81%98%E3%81%BF%E9%87%8E%E5%B8%82>
<http://www.wikidata.org/entity/Q873590>	"ふじみ野市"@ja	<http://www.wikidata.org/entity/Q494721>	"日本の市"@ja	<http://www.wikidata.org/entity/P47>	"隣の国又は行政区画"@ja	<https://ja.wikipedia.org/wiki/%E3%81%B5%E3%81%98%E3%81%BF%E9%87%8E%E5%B8%82>
<http://www.wikidata.org/entity/Q877202>	"志木市"@ja	<http://www.wikidata.org/entity/Q11499984>	"文教都市"@ja	<http://www.wikidata.org/entity/P47>	"隣の国又は行政区画"@ja	<https://ja.wikipedia.org/wiki/%E5%BF%97%E6%9C%A8%E5%B8%82>
<http://www.wikidata.org/entity/Q877202>	"志木市"@ja	<http://www.wikidata.org/entity/Q494721>	"日本の市"@ja	<http://www.wikidata.org/entity/P47>	"隣の国又は行政区画"@ja	<https://ja.wikipedia.org/wiki/%E5%BF%97%E6%9C%A8%E5%B8%82>
<http://www.wikidata.org/entity/Q1041546>	"神木隆之介"@ja	<http://www.wikidata.org/entity/Q5>	"ヒト"@ja	<http://www.wikidata.org/entity/P19>	"出生地"@ja	<https://ja.wikipedia.org/wiki/%E7%A5%9E%E6%9C%A8%E9%9A%86%E4%B9%8B%E4%BB%8B>
<http://www.wikidata.org/entity/Q1441975>	"松澤由美"@ja	<http://www.wikidata.org/entity/Q5>	"ヒト"@ja	<http://www.wikidata.org/entity/P19>	"出生地"@ja	<https://ja.wikipedia.org/wiki/%E6%9D%BE%E6%BE%A4%E7%94%B1%E7%BE%8E>
<http://www.wikidata.org/entity/Q1832961>	"菅野孝憲"@ja	<http://www.wikidata.org/entity/Q5>	"ヒト"@ja	<http://www.wikidata.org/entity/P19>	"出生地"@ja	<https://ja.wikipedia.org/wiki/%E8%8F%85%E9%87%8E%E5%AD%9D%E6%86%B2>
<http://www.wikidata.org/entity/Q11513077>	"星野信吾"@ja	<http://www.wikidata.org/entity/Q5>	"ヒト"@ja	<http://www.wikidata.org/entity/P19>	"出生地"@ja	<https://ja.wikipedia.org/wiki/%E6%98%9F%E9%87%8E%E4%BF%A1%E5%90%BE>
<http://www.wikidata.org/entity/Q11513094>	"星野勘九郎"@ja	<http://www.wikidata.org/entity/Q5>	"ヒト"@ja	<http://www.wikidata.org/entity/P19>	"出生地"@ja	<https://ja.wikipedia.org/wiki/%E6%98%9F%E9%87%8E%E5%8B%98%E4%B9%9D%E9%83%8E>
<http://www.wikidata.org/entity/Q11538855>	"梶哲也"@ja	<http://www.wikidata.org/entity/Q5>	"ヒト"@ja	<http://www.wikidata.org/entity/P20>	"死没地"@ja	<https://ja.wikipedia.org/wiki/%E6%A2%B6%E5%93%B2%E4%B9%9F>
<http://www.wikidata.org/entity/Q11549181>	"水谷村"@ja	<http://www.wikidata.org/entity/Q18663566>	"日本の廃止市区町村"@ja	<http://www.wikidata.org/entity/P3842>	"位置する現在の行政区画"@ja	<https://ja.wikipedia.org/wiki/%E6%B0%B4%E8%B0%B7%E6%9D%91>
<http://www.wikidata.org/entity/Q11549181>	"水谷村"@ja	<http://www.wikidata.org/entity/Q18663566>	"日本の廃止市区町村"@ja	<http://www.wikidata.org/entity/P1366>	"後継"@ja	<https://ja.wikipedia.org/wiki/%E6%B0%B4%E8%B0%B7%E6%9D%91>
<http://www.wikidata.org/entity/Q11659552>	"難波田城"@ja	<http://www.wikidata.org/entity/Q92026>	"日本の城"@ja	<http://www.wikidata.org/entity/P131>	"位置する行政区画"@ja	<https://ja.wikipedia.org/wiki/%E9%9B%A3%E6%B3%A2%E7%94%B0%E5%9F%8E>
<http://www.wikidata.org/entity/Q11671339>	"高橋李佳"@ja	<http://www.wikidata.org/entity/Q5>	"ヒト"@ja	<http://www.wikidata.org/entity/P19>	"出生地"@ja	<https://ja.wikipedia.org/wiki/%E9%AB%98%E6%A9%8B%E6%9D%8E%E4%BD%B3>
<http://www.wikidata.org/entity/Q11676062>	"鶴瀬村"@ja	<http://www.wikidata.org/entity/Q18663566>	"日本の廃止市区町村"@ja	<http://www.wikidata.org/entity/P3842>	"位置する現在の行政区画"@ja	<https://ja.wikipedia.org/wiki/%E9%B6%B4%E7%80%AC%E6%9D%91_(%E5%9F%BC%E7%8E%89%E7%9C%8C)>
<http://www.wikidata.org/entity/Q11676062>	"鶴瀬村"@ja	<http://www.wikidata.org/entity/Q18663566>	"日本の廃止市区町村"@ja	<http://www.wikidata.org/entity/P1366>	"後継"@ja	<https://ja.wikipedia.org/wiki/%E9%B6%B4%E7%80%AC%E6%9D%91_(%E5%9F%BC%E7%8E%89%E7%9C%8C)>
<http://www.wikidata.org/entity/Q17221275>	"世界俳句協会"@ja	<http://www.wikidata.org/entity/Q11386390>	"俳句団体"@ja	<http://www.wikidata.org/entity/P159>	"本部所在地"@ja	<https://ja.wikipedia.org/wiki/%E4%B8%96%E7%95%8C%E4%BF%B3%E5%8F%A5%E5%8D%94%E4%BC%9A>
<http://www.wikidata.org/entity/Q17221275>	"世界俳句協会"@ja	<http://www.wikidata.org/entity/Q484652>	"国際機関"@ja	<http://www.wikidata.org/entity/P159>	"本部所在地"@ja	<https://ja.wikipedia.org/wiki/%E4%B8%96%E7%95%8C%E4%BF%B3%E5%8F%A5%E5%8D%94%E4%BC%9A>
<http://www.wikidata.org/entity/Q17686699>	"清水彩花"@ja	<http://www.wikidata.org/entity/Q5>	"ヒト"@ja	<http://www.wikidata.org/entity/P19>	"出生地"@ja	<https://ja.wikipedia.org/wiki/%E6%B8%85%E6%B0%B4%E5%BD%A9%E8%8A%B1_(1988%E5%B9%B4%E7%94%9F)>
<http://www.wikidata.org/entity/Q18336640>	"大木利男"@ja	<http://www.wikidata.org/entity/Q5>	"ヒト"@ja	<http://www.wikidata.org/entity/P19>	"出生地"@ja	<https://ja.wikipedia.org/wiki/%E5%A4%A7%E6%9C%A8%E5%88%A9%E7%94%B7>
<http://www.wikidata.org/entity/Q18339151>	"富士見市立西中学校"@ja	<http://www.wikidata.org/entity/Q55521176>	"日本の中学校"@ja	<http://www.wikidata.org/entity/P131>	"位置する行政区画"@ja	<https://ja.wikipedia.org/wiki/%E5%AF%8C%E5%A3%AB%E8%A6%8B%E5%B8%82%E7%AB%8B%E8%A5%BF%E4%B8%AD%E5%AD%A6%E6%A0%A1>
<http://www.wikidata.org/entity/Q18339151>	"富士見市立西中学校"@ja	<http://www.wikidata.org/entity/Q55521176>	"日本の中学校"@ja	<http://www.wikidata.org/entity/P126>	"管理者"@ja	<https://ja.wikipedia.org/wiki/%E5%AF%8C%E5%A3%AB%E8%A6%8B%E5%B8%82%E7%AB%8B%E8%A5%BF%E4%B8%AD%E5%AD%A6%E6%A0%A1>
<http://www.wikidata.org/entity/Q21654495>	"ふじみ野西"@ja	<http://www.wikidata.org/entity/Q5327369>	"町丁"@ja	<http://www.wikidata.org/entity/P131>	"位置する行政区画"@ja	<https://ja.wikipedia.org/wiki/%E3%81%B5%E3%81%98%E3%81%BF%E9%87%8E%E8%A5%BF>
<http://www.wikidata.org/entity/Q21654495>	"ふじみ野西"@ja	<http://www.wikidata.org/entity/Q486972>	"集落"@ja	<http://www.wikidata.org/entity/P131>	"位置する行政区画"@ja	<https://ja.wikipedia.org/wiki/%E3%81%B5%E3%81%98%E3%81%BF%E9%87%8E%E8%A5%BF>
<http://www.wikidata.org/entity/Q21654496>	"ふじみ野東"@ja	<http://www.wikidata.org/entity/Q5327369>	"町丁"@ja	<http://www.wikidata.org/entity/P131>	"位置する行政区画"@ja	<https://ja.wikipedia.org/wiki/%E3%81%B5%E3%81%98%E3%81%BF%E9%87%8E%E6%9D%B1>
<http://www.wikidata.org/entity/Q21654496>	"ふじみ野東"@ja	<http://www.wikidata.org/entity/Q486972>	"集落"@ja	<http://www.wikidata.org/entity/P131>	"位置する行政区画"@ja	<https://ja.wikipedia.org/wiki/%E3%81%B5%E3%81%98%E3%81%BF%E9%87%8E%E6%9D%B1>
<http://www.wikidata.org/entity/Q21654779>	"水子貝塚"@ja	<http://www.wikidata.org/entity/Q1152199>	"貝塚"@ja	<http://www.wikidata.org/entity/P131>	"位置する行政区画"@ja	<https://ja.wikipedia.org/wiki/%E6%B0%B4%E5%AD%90%E8%B2%9D%E5%A1%9A>
<http://www.wikidata.org/entity/Q41695519>	"古田晃広"@ja	<http://www.wikidata.org/entity/Q5>	"ヒト"@ja	<http://www.wikidata.org/entity/P19>	"出生地"@ja	<https://ja.wikipedia.org/wiki/%E5%8F%A4%E7%94%B0%E6%99%83%E5%BA%83_(%E5%86%99%E7%9C%9F%E5%AE%B6)>
<http://www.wikidata.org/entity/Q48762780>	"富士見市立ふじみ野小学校"@ja	<http://www.wikidata.org/entity/Q5358913>	"日本の小学校"@ja	<http://www.wikidata.org/entity/P131>	"位置する行政区画"@ja	<https://ja.wikipedia.org/wiki/%E5%AF%8C%E5%A3%AB%E8%A6%8B%E5%B8%82%E7%AB%8B%E3%81%B5%E3%81%98%E3%81%BF%E9%87%8E%E5%B0%8F%E5%AD%A6%E6%A0%A1>
<http://www.wikidata.org/entity/Q48762780>	"富士見市立ふじみ野小学校"@ja	<http://www.wikidata.org/entity/Q5358913>	"日本の小学校"@ja	<http://www.wikidata.org/entity/P126>	"管理者"@ja	<https://ja.wikipedia.org/wiki/%E5%AF%8C%E5%A3%AB%E8%A6%8B%E5%B8%82%E7%AB%8B%E3%81%B5%E3%81%98%E3%81%BF%E9%87%8E%E5%B0%8F%E5%AD%A6%E6%A0%A1>
<http://www.wikidata.org/entity/Q107297551>	"勝瀬"@ja	<http://www.wikidata.org/entity/Q486972>	"集落"@ja	<http://www.wikidata.org/entity/P131>	"位置する行政区画"@ja	<https://ja.wikipedia.org/wiki/%E5%8B%9D%E7%80%AC_(%E5%AF%8C%E5%A3%AB%E8%A6%8B%E5%B8%82)>
<http://www.wikidata.org/entity/Q107297551>	"勝瀬"@ja	<http://www.wikidata.org/entity/Q424857>	"大字"@ja	<http://www.wikidata.org/entity/P131>	"位置する行政区画"@ja	<https://ja.wikipedia.org/wiki/%E5%8B%9D%E7%80%AC_(%E5%AF%8C%E5%A3%AB%E8%A6%8B%E5%B8%82)>
<http://www.wikidata.org/entity/Q107309373>	"上沢"@ja	<http://www.wikidata.org/entity/Q5327369>	"町丁"@ja	<http://www.wikidata.org/entity/P131>	"位置する行政区画"@ja	<https://ja.wikipedia.org/wiki/%E4%B8%8A%E6%B2%A2_(%E5%AF%8C%E5%A3%AB%E8%A6%8B%E5%B8%82)>
<http://www.wikidata.org/entity/Q107309373>	"上沢"@ja	<http://www.wikidata.org/entity/Q3957>	"街"@ja	<http://www.wikidata.org/entity/P131>	"位置する行政区画"@ja	<https://ja.wikipedia.org/wiki/%E4%B8%8A%E6%B2%A2_(%E5%AF%8C%E5%A3%AB%E8%A6%8B%E5%B8%82)>
<http://www.wikidata.org/entity/Q113119396>	"YA-MAN"@ja	<http://www.wikidata.org/entity/Q5>	"ヒト"@ja	<http://www.wikidata.org/entity/P19>	"出生地"@ja	<https://ja.wikipedia.org/wiki/YA-MAN>
<http://www.wikidata.org/entity/Q115189855>	"ももクロ春の一大事 〜笑顔のチカラ つなげるオモイ〜"@ja	<http://www.wikidata.org/entity/Q182832>	"演奏会"@ja	<http://www.wikidata.org/entity/P276>	"場所"@ja	<https://ja.wikipedia.org/wiki/%E3%82%82%E3%82%82%E3%82%AF%E3%83%AD%E6%98%A5%E3%81%AE%E4%B8%80%E5%A4%A7%E4%BA%8B_%E3%80%9C%E7%AC%91%E9%A1%94%E3%81%AE%E3%83%81%E3%82%AB%E3%83%A9_%E3%81%A4%E3%81%AA%E3%81%92%E3%82%8B%E3%82%AA%E3%83%A2%E3%82%A4%E3%80%9C>
<http://www.wikidata.org/entity/Q3027384>	"新田恵利"@ja	<http://www.wikidata.org/entity/Q5>	"ヒト"@ja	<http://www.wikidata.org/entity/P19>	"出生地"@ja	<https://ja.wikipedia.org/wiki/%E6%96%B0%E7%94%B0%E6%81%B5%E5%88%A9>
<http://www.wikidata.org/entity/Q3300356>	"冨士祐樹"@ja	<http://www.wikidata.org/entity/Q5>	"ヒト"@ja	<http://www.wikidata.org/entity/P19>	"出生地"@ja	<https://ja.wikipedia.org/wiki/%E5%86%A8%E5%A3%AB%E7%A5%90%E6%A8%B9>
<http://www.wikidata.org/entity/Q5507442>	"ふじみ野駅"@ja	<http://www.wikidata.org/entity/Q55488>	"鉄道駅"@ja	<http://www.wikidata.org/entity/P131>	"位置する行政区画"@ja	<https://ja.wikipedia.org/wiki/%E3%81%B5%E3%81%98%E3%81%BF%E9%87%8E%E9%A7%85>
<http://www.wikidata.org/entity/Q6157049>	"国道254号"@ja	<http://www.wikidata.org/entity/Q34442>	"道路"@ja	<http://www.wikidata.org/entity/P1302>	"主な経由都市"@ja	<https://ja.wikipedia.org/wiki/%E5%9B%BD%E9%81%93254%E5%8F%B7>
<http://www.wikidata.org/entity/Q6157618>	"国道463号"@ja	<http://www.wikidata.org/entity/Q34442>	"道路"@ja	<http://www.wikidata.org/entity/P1302>	"主な経由都市"@ja	<https://ja.wikipedia.org/wiki/%E5%9B%BD%E9%81%93463%E5%8F%B7>
<http://www.wikidata.org/entity/Q6884805>	"みずほ台駅"@ja	<http://www.wikidata.org/entity/Q55488>	"鉄道駅"@ja	<http://www.wikidata.org/entity/P131>	"位置する行政区画"@ja	<https://ja.wikipedia.org/wiki/%E3%81%BF%E3%81%9A%E3%81%BB%E5%8F%B0%E9%A7%85>
<http://www.wikidata.org/entity/Q7385338>	"今成亮太"@ja	<http://www.wikidata.org/entity/Q5>	"ヒト"@ja	<http://www.wikidata.org/entity/P19>	"出生地"@ja	<https://ja.wikipedia.org/wiki/%E4%BB%8A%E6%88%90%E4%BA%AE%E5%A4%AA>
<http://www.wikidata.org/entity/Q7850302>	"鶴瀬駅"@ja	<http://www.wikidata.org/entity/Q55488>	"鉄道駅"@ja	<http://www.wikidata.org/entity/P131>	"位置する行政区画"@ja	<https://ja.wikipedia.org/wiki/%E9%B6%B4%E7%80%AC%E9%A7%85>
<http://www.wikidata.org/entity/Q9628302>	"Category:富士見市"@ja	<http://www.wikidata.org/entity/Q4167836>	"ウィキメディアのカテゴリ"@ja	<http://www.wikidata.org/entity/P301>	"カテゴリの中心主題"@ja	<https://ja.wikipedia.org/wiki/Category:%E5%AF%8C%E5%A3%AB%E8%A6%8B%E5%B8%82>
<http://www.wikidata.org/entity/Q11264906>	"きのこ"@ja	<http://www.wikidata.org/entity/Q5>	"ヒト"@ja	<http://www.wikidata.org/entity/P19>	"出生地"@ja	<https://ja.wikipedia.org/wiki/%E3%81%8D%E3%81%AE%E3%81%93_(%E3%83%97%E3%83%AD%E3%83%AC%E3%82%B9%E3%83%A9%E3%83%BC)>
<http://www.wikidata.org/entity/Q11408282>	"南畑村"@ja	<http://www.wikidata.org/entity/Q18663566>	"日本の廃止市区町村"@ja	<http://www.wikidata.org/entity/P3842>	"位置する現在の行政区画"@ja	<https://ja.wikipedia.org/wiki/%E5%8D%97%E7%95%91%E6%9D%91_(%E5%9F%BC%E7%8E%89%E7%9C%8C)>
<http://www.wikidata.org/entity/Q11408282>	"南畑村"@ja	<http://www.wikidata.org/entity/Q18663566>	"日本の廃止市区町村"@ja	<http://www.wikidata.org/entity/P1366>	"後継"@ja	<https://ja.wikipedia.org/wiki/%E5%8D%97%E7%95%91%E6%9D%91_(%E5%9F%BC%E7%8E%89%E7%9C%8C)>
<http://www.wikidata.org/entity/Q11411159>	"古川枝里子"@ja	<http://www.wikidata.org/entity/Q5>	"ヒト"@ja	<http://www.wikidata.org/entity/P19>	"出生地"@ja	<https://ja.wikipedia.org/wiki/%E5%8F%A4%E5%B7%9D%E6%9E%9D%E9%87%8C%E5%AD%90>
<http://www.wikidata.org/entity/Q11426649>	"埼玉県立富士見高等学校"@ja	<http://www.wikidata.org/entity/Q56351315>	"日本の高等学校"@ja	<http://www.wikidata.org/entity/P131>	"位置する行政区画"@ja	<https://ja.wikipedia.org/wiki/%E5%9F%BC%E7%8E%89%E7%9C%8C%E7%AB%8B%E5%AF%8C%E5%A3%AB%E8%A6%8B%E9%AB%98%E7%AD%89%E5%AD%A6%E6%A0%A1>
<http://www.wikidata.org/entity/Q11426822>	"埼玉県道113号"@ja	<http://www.wikidata.org/entity/Q34442>	"道路"@ja	<http://www.wikidata.org/entity/P131>	"位置する行政区画"@ja	<https://ja.wikipedia.org/wiki/%E5%9F%BC%E7%8E%89%E7%9C%8C%E9%81%93113%E5%8F%B7%E5%B7%9D%E8%B6%8A%E6%96%B0%E5%BA%A7%E7%B7%9A>
<http://www.wikidata.org/entity/Q11426932>	"埼玉県道245号"@ja	<http://www.wikidata.org/entity/Q34442>	"道路"@ja	<http://www.wikidata.org/entity/P609>	"起終点"@ja	<https://ja.wikipedia.org/wiki/%E5%9F%BC%E7%8E%89%E7%9C%8C%E9%81%93245%E5%8F%B7%E9%B6%B4%E7%80%AC%E5%81%9C%E8%BB%8A%E5%A0%B4%E7%B7%9A>
<http://www.wikidata.org/entity/Q11426932>	"埼玉県道245号"@ja	<http://www.wikidata.org/entity/Q34442>	"道路"@ja	<http://www.wikidata.org/entity/P131>	"位置する行政区画"@ja	<https://ja.wikipedia.org/wiki/%E5%9F%BC%E7%8E%89%E7%9C%8C%E9%81%93245%E5%8F%B7%E9%B6%B4%E7%80%AC%E5%81%9C%E8%BB%8A%E5%A0%B4%E7%B7%9A>
<http://www.wikidata.org/entity/Q11426948>	"埼玉県道266号"@ja	<http://www.wikidata.org/entity/Q34442>	"道路"@ja	<http://www.wikidata.org/entity/P131>	"位置する行政区画"@ja	<https://ja.wikipedia.org/wiki/%E5%9F%BC%E7%8E%89%E7%9C%8C%E9%81%93266%E5%8F%B7%E3%81%B5%E3%81%98%E3%81%BF%E9%87%8E%E6%9C%9D%E9%9C%9E%E7%B7%9A>
<http://www.wikidata.org/entity/Q11426952>	"埼玉県道272号"@ja	<http://www.wikidata.org/entity/Q34442>	"道路"@ja	<http://www.wikidata.org/entity/P609>	"起終点"@ja	<https://ja.wikipedia.org/wiki/%E5%9F%BC%E7%8E%89%E7%9C%8C%E9%81%93272%E5%8F%B7%E6%9D%B1%E5%A4%A7%E4%B9%85%E4%BF%9D%E3%81%B5%E3%81%98%E3%81%BF%E9%87%8E%E7%B7%9A>
<http://www.wikidata.org/entity/Q11426952>	"埼玉県道272号"@ja	<http://www.wikidata.org/entity/Q34442>	"道路"@ja	<http://www.wikidata.org/entity/P131>	"位置する行政区画"@ja	<https://ja.wikipedia.org/wiki/%E5%9F%BC%E7%8E%89%E7%9C%8C%E9%81%93272%E5%8F%B7%E6%9D%B1%E5%A4%A7%E4%B9%85%E4%BF%9D%E3%81%B5%E3%81%98%E3%81%BF%E9%87%8E%E7%B7%9A>
<http://www.wikidata.org/entity/Q11426989>	"埼玉県道334号"@ja	<http://www.wikidata.org/entity/Q34442>	"道路"@ja	<http://www.wikidata.org/entity/P609>	"起終点"@ja	<https://ja.wikipedia.org/wiki/%E5%9F%BC%E7%8E%89%E7%9C%8C%E9%81%93334%E5%8F%B7%E4%B8%89%E8%8A%B3%E5%AF%8C%E5%A3%AB%E8%A6%8B%E7%B7%9A>
<http://www.wikidata.org/entity/Q11426989>	"埼玉県道334号"@ja	<http://www.wikidata.org/entity/Q34442>	"道路"@ja	<http://www.wikidata.org/entity/P131>	"位置する行政区画"@ja	<https://ja.wikipedia.org/wiki/%E5%9F%BC%E7%8E%89%E7%9C%8C%E9%81%93334%E5%8F%B7%E4%B8%89%E8%8A%B3%E5%AF%8C%E5%A3%AB%E8%A6%8B%E7%B7%9A>
<http://www.wikidata.org/entity/Q11427071>	"埼玉県道56号"@ja	<http://www.wikidata.org/entity/Q34442>	"道路"@ja	<http://www.wikidata.org/entity/P131>	"位置する行政区画"@ja	<https://ja.wikipedia.org/wiki/%E5%9F%BC%E7%8E%89%E7%9C%8C%E9%81%9356%E5%8F%B7%E3%81%95%E3%81%84%E3%81%9F%E3%81%BE%E3%81%B5%E3%81%98%E3%81%BF%E9%87%8E%E6%89%80%E6%B2%A2%E7%B7%9A>
<http://www.wikidata.org/entity/Q11456174>	"富士見市立富士見台中学校"@ja	<http://www.wikidata.org/entity/Q55521176>	"日本の中学校"@ja	<http://www.wikidata.org/entity/P131>	"位置する行政区画"@ja	<https://ja.wikipedia.org/wiki/%E5%AF%8C%E5%A3%AB%E8%A6%8B%E5%B8%82%E7%AB%8B%E5%AF%8C%E5%A3%AB%E8%A6%8B%E5%8F%B0%E4%B8%AD%E5%AD%A6%E6%A0%A1>
<http://www.wikidata.org/entity/Q11456174>	"富士見市立富士見台中学校"@ja	<http://www.wikidata.org/entity/Q55521176>	"日本の中学校"@ja	<http://www.wikidata.org/entity/P126>	"管理者"@ja	<https://ja.wikipedia.org/wiki/%E5%AF%8C%E5%A3%AB%E8%A6%8B%E5%B8%82%E7%AB%8B%E5%AF%8C%E5%A3%AB%E8%A6%8B%E5%8F%B0%E4%B8%AD%E5%AD%A6%E6%A0%A1>
<http://www.wikidata.org/entity/Q11456175>	"富士見市立本郷中学校"@ja	<http://www.wikidata.org/entity/Q55521176>	"日本の中学校"@ja	<http://www.wikidata.org/entity/P131>	"位置する行政区画"@ja	<https://ja.wikipedia.org/wiki/%E5%AF%8C%E5%A3%AB%E8%A6%8B%E5%B8%82%E7%AB%8B%E6%9C%AC%E9%83%B7%E4%B8%AD%E5%AD%A6%E6%A0%A1>
<http://www.wikidata.org/entity/Q11456175>	"富士見市立本郷中学校"@ja	<http://www.wikidata.org/entity/Q55521176>	"日本の中学校"@ja	<http://www.wikidata.org/entity/P126>	"管理者"@ja	<https://ja.wikipedia.org/wiki/%E5%AF%8C%E5%A3%AB%E8%A6%8B%E5%B8%82%E7%AB%8B%E6%9C%AC%E9%83%B7%E4%B8%AD%E5%AD%A6%E6%A0%A1>
<http://www.wikidata.org/entity/Q11456172>	"富士見市立つるせ台小学校"@ja	<http://www.wikidata.org/entity/Q5358913>	"日本の小学校"@ja	<http://www.wikidata.org/entity/P131>	"位置する行政区画"@ja	<https://ja.wikipedia.org/wiki/%E5%AF%8C%E5%A3%AB%E8%A6%8B%E5%B8%82%E7%AB%8B%E3%81%A4%E3%82%8B%E3%81%9B%E5%8F%B0%E5%B0%8F%E5%AD%A6%E6%A0%A1>
<http://www.wikidata.org/entity/Q11456172>	"富士見市立つるせ台小学校"@ja	<http://www.wikidata.org/entity/Q5358913>	"日本の小学校"@ja	<http://www.wikidata.org/entity/P126>	"管理者"@ja	<https://ja.wikipedia.org/wiki/%E5%AF%8C%E5%A3%AB%E8%A6%8B%E5%B8%82%E7%AB%8B%E3%81%A4%E3%82%8B%E3%81%9B%E5%8F%B0%E5%B0%8F%E5%AD%A6%E6%A0%A1>
<http://www.wikidata.org/entity/Q11456173>	"富士見市立勝瀬中学校"@ja	<http://www.wikidata.org/entity/Q55521176>	"日本の中学校"@ja	<http://www.wikidata.org/entity/P126>	"管理者"@ja	<https://ja.wikipedia.org/wiki/%E5%AF%8C%E5%A3%AB%E8%A6%8B%E5%B8%82%E7%AB%8B%E5%8B%9D%E7%80%AC%E4%B8%AD%E5%AD%A6%E6%A0%A1>
<http://www.wikidata.org/entity/Q11456173>	"富士見市立勝瀬中学校"@ja	<http://www.wikidata.org/entity/Q55521176>	"日本の中学校"@ja	<http://www.wikidata.org/entity/P131>	"位置する行政区画"@ja	<https://ja.wikipedia.org/wiki/%E5%AF%8C%E5%A3%AB%E8%A6%8B%E5%B8%82%E7%AB%8B%E5%8B%9D%E7%80%AC%E4%B8%AD%E5%AD%A6%E6%A0%A1>
<http://www.wikidata.org/entity/Q11482878>	"平成エンタープライズ"@ja	<http://www.wikidata.org/entity/Q10438042>	"バス事業者"@ja	<http://www.wikidata.org/entity/P159>	"本部所在地"@ja	<https://ja.wikipedia.org/wiki/%E5%B9%B3%E6%88%90%E3%82%A8%E3%83%B3%E3%82%BF%E3%83%BC%E3%83%97%E3%83%A9%E3%82%A4%E3%82%BA>
<http://www.wikidata.org/entity/Q11491123>	"志紀町"@ja	<http://www.wikidata.org/entity/Q18663566>	"日本の廃止市区町村"@ja	<http://www.wikidata.org/entity/P3842>	"位置する現在の行政区画"@ja	<https://ja.wikipedia.org/wiki/%E5%BF%97%E7%B4%80%E7%94%BA>
<http://www.wikidata.org/entity/Q1022934>	"ファアア"@ja	<http://www.wikidata.org/entity/Q84598477>	"Q84598477"	<http://www.wikidata.org/entity/P190>	"姉妹都市"@ja	
<http://www.wikidata.org/entity/Q6849875>	"山上幹臣"@ja	<http://www.wikidata.org/entity/Q5>	"ヒト"@ja	<http://www.wikidata.org/entity/P19>	"出生地"@ja	
<http://www.wikidata.org/entity/Q24033006>	"アイムふじみ野タワー・ウエストコート"@ja	<http://www.wikidata.org/entity/Q11303>	"超高層建築物"@ja	<http://www.wikidata.org/entity/P131>	"位置する行政区画"@ja	
<http://www.wikidata.org/entity/Q32654736>	"Q32654736"	<http://www.wikidata.org/entity/Q4167836>	"ウィキメディアのカテゴリ"@ja	<http://www.wikidata.org/entity/P971>	"以下の組み合わせカテゴリ"@ja	
<http://www.wikidata.org/entity/Q32654741>	"Q32654741"	<http://www.wikidata.org/entity/Q4167836>	"ウィキメディアのカテゴリ"@ja	<http://www.wikidata.org/entity/P971>	"以下の組み合わせカテゴリ"@ja	
<http://www.wikidata.org/entity/Q56436896>	"富士見市長"@ja	<http://www.wikidata.org/entity/Q4164871>	"職位"@ja	<http://www.wikidata.org/entity/P1001>	"管轄・適用区域"@ja	
<http://www.wikidata.org/entity/Q61886575>	"富士見市立中央図書館"@ja	<http://www.wikidata.org/entity/Q28564>	"公共図書館"@ja	<http://www.wikidata.org/entity/P276>	"場所"@ja	
<http://www.wikidata.org/entity/Q61886576>	"富士見市立図書館鶴瀬西分館"@ja	<http://www.wikidata.org/entity/Q28564>	"公共図書館"@ja	<http://www.wikidata.org/entity/P276>	"場所"@ja	
<http://www.wikidata.org/entity/Q61886577>	"富士見市立図書館ふじみ野分館"@ja	<http://www.wikidata.org/entity/Q28564>	"公共図書館"@ja	<http://www.wikidata.org/entity/P276>	"場所"@ja	
<http://www.wikidata.org/entity/Q86497259>	"富士見市立水谷小学校"@ja	<http://www.wikidata.org/entity/Q5358913>	"日本の小学校"@ja	<http://www.wikidata.org/entity/P131>	"位置する行政区画"@ja	
<http://www.wikidata.org/entity/Q86497259>	"富士見市立水谷小学校"@ja	<http://www.wikidata.org/entity/Q5358913>	"日本の小学校"@ja	<http://www.wikidata.org/entity/P126>	"管理者"@ja	
<http://www.wikidata.org/entity/Q86497257>	"富士見市立鶴瀬小学校"@ja	<http://www.wikidata.org/entity/Q5358913>	"日本の小学校"@ja	<http://www.wikidata.org/entity/P131>	"位置する行政区画"@ja	
<http://www.wikidata.org/entity/Q86497257>	"富士見市立鶴瀬小学校"@ja	<http://www.wikidata.org/entity/Q5358913>	"日本の小学校"@ja	<http://www.wikidata.org/entity/P126>	"管理者"@ja	
<http://www.wikidata.org/entity/Q86497262>	"富士見市立南畑小学校"@ja	<http://www.wikidata.org/entity/Q5358913>	"日本の小学校"@ja	<http://www.wikidata.org/entity/P131>	"位置する行政区画"@ja	
<http://www.wikidata.org/entity/Q86497262>	"富士見市立南畑小学校"@ja	<http://www.wikidata.org/entity/Q5358913>	"日本の小学校"@ja	<http://www.wikidata.org/entity/P126>	"管理者"@ja	
<http://www.wikidata.org/entity/Q86497264>	"富士見市立関沢小学校"@ja	<http://www.wikidata.org/entity/Q5358913>	"日本の小学校"@ja	<http://www.wikidata.org/entity/P131>	"位置する行政区画"@ja	
<http://www.wikidata.org/entity/Q86497264>	"富士見市立関沢小学校"@ja	<http://www.wikidata.org/entity/Q5358913>	"日本の小学校"@ja	<http://www.wikidata.org/entity/P126>	"管理者"@ja	
<http://www.wikidata.org/entity/Q86497270>	"富士見市立水谷東小学校"@ja	<http://www.wikidata.org/entity/Q5358913>	"日本の小学校"@ja	<http://www.wikidata.org/entity/P131>	"位置する行政区画"@ja	
<http://www.wikidata.org/entity/Q86497270>	"富士見市立水谷東小学校"@ja	<http://www.wikidata.org/entity/Q5358913>	"日本の小学校"@ja	<http://www.wikidata.org/entity/P126>	"管理者"@ja	
<http://www.wikidata.org/entity/Q86497268>	"富士見市立勝瀬小学校"@ja	<http://www.wikidata.org/entity/Q5358913>	"日本の小学校"@ja	<http://www.wikidata.org/entity/P131>	"位置する行政区画"@ja	
<http://www.wikidata.org/entity/Q86497268>	"富士見市立勝瀬小学校"@ja	<http://www.wikidata.org/entity/Q5358913>	"日本の小学校"@ja	<http://www.wikidata.org/entity/P126>	"管理者"@ja	
<http://www.wikidata.org/entity/Q86497275>	"富士見市立みずほ台小学校"@ja	<http://www.wikidata.org/entity/Q5358913>	"日本の小学校"@ja	<http://www.wikidata.org/entity/P131>	"位置する行政区画"@ja	
<http://www.wikidata.org/entity/Q86497275>	"富士見市立みずほ台小学校"@ja	<http://www.wikidata.org/entity/Q5358913>	"日本の小学校"@ja	<http://www.wikidata.org/entity/P126>	"管理者"@ja	
<http://www.wikidata.org/entity/Q86497273>	"富士見市立諏訪小学校"@ja	<http://www.wikidata.org/entity/Q5358913>	"日本の小学校"@ja	<http://www.wikidata.org/entity/P131>	"位置する行政区画"@ja	
<http://www.wikidata.org/entity/Q86497273>	"富士見市立諏訪小学校"@ja	<http://www.wikidata.org/entity/Q5358913>	"日本の小学校"@ja	<http://www.wikidata.org/entity/P126>	"管理者"@ja	
<http://www.wikidata.org/entity/Q86497277>	"富士見市立針ケ谷小学校"@ja	<http://www.wikidata.org/entity/Q5358913>	"日本の小学校"@ja	<http://www.wikidata.org/entity/P131>	"位置する行政区画"@ja	
<http://www.wikidata.org/entity/Q86497277>	"富士見市立針ケ谷小学校"@ja	<http://www.wikidata.org/entity/Q5358913>	"日本の小学校"@ja	<http://www.wikidata.org/entity/P126>	"管理者"@ja	
<http://www.wikidata.org/entity/Q86627247>	"富士見市立水谷中学校"@ja	<http://www.wikidata.org/entity/Q55521176>	"日本の中学校"@ja	<http://www.wikidata.org/entity/P131>	"位置する行政区画"@ja	
<http://www.wikidata.org/entity/Q86627247>	"富士見市立水谷中学校"@ja	<http://www.wikidata.org/entity/Q55521176>	"日本の中学校"@ja	<http://www.wikidata.org/entity/P126>	"管理者"@ja	
<http://www.wikidata.org/entity/Q86627244>	"富士見市立東中学校"@ja	<http://www.wikidata.org/entity/Q55521176>	"日本の中学校"@ja	<http://www.wikidata.org/entity/P131>	"位置する行政区画"@ja	
<http://www.wikidata.org/entity/Q86627244>	"富士見市立東中学校"@ja	<http://www.wikidata.org/entity/Q55521176>	"日本の中学校"@ja	<http://www.wikidata.org/entity/P126>	"管理者"@ja	
<http://www.wikidata.org/entity/Q86911376>	"富士見市立富士見特別支援学校"@ja	<http://www.wikidata.org/entity/Q43271061>	"特別支援学校"@ja	<http://www.wikidata.org/entity/P131>	"位置する行政区画"@ja	
<http://www.wikidata.org/entity/Q86911376>	"富士見市立富士見特別支援学校"@ja	<http://www.wikidata.org/entity/Q43271061>	"特別支援学校"@ja	<http://www.wikidata.org/entity/P126>	"管理者"@ja	
<http://www.wikidata.org/entity/Q99835978>	"水谷村"@ja	<http://www.wikidata.org/entity/Q18663566>	"日本の廃止市区町村"@ja	<http://www.wikidata.org/entity/P3842>	"位置する現在の行政区画"@ja	
<http://www.wikidata.org/entity/Q104696830>	"富士見市立水子貝塚資料館"@ja	<http://www.wikidata.org/entity/Q3329412>	"考古学博物館"@ja	<http://www.wikidata.org/entity/P131>	"位置する行政区画"@ja	
