?s	?sLabel	?type	?typeLabel	?prop	?propLabel	?jwiki
<http://www.wikidata.org/entity/Q11364560>	"中島用水路"@ja	<http://www.wikidata.org/entity/Q12284>	"運河"@ja	<http://www.wikidata.org/entity/P131>	"位置する行政区画"@ja	<https://ja.wikipedia.org/wiki/%E4%B8%AD%E5%B3%B6%E7%94%A8%E6%B0%B4%E8%B7%AF>
<http://www.wikidata.org/entity/Q11364607>	"中島英樹"@ja	<http://www.wikidata.org/entity/Q5>	"ヒト"@ja	<http://www.wikidata.org/entity/P19>	"出生地"@ja	<https://ja.wikipedia.org/wiki/%E4%B8%AD%E5%B3%B6%E8%8B%B1%E6%A8%B9>
<http://www.wikidata.org/entity/Q11367370>	"中里"@ja	<http://www.wikidata.org/entity/Q486972>	"集落"@ja	<http://www.wikidata.org/entity/P131>	"位置する行政区画"@ja	<https://ja.wikipedia.org/wiki/%E4%B8%AD%E9%87%8C_(%E4%B9%85%E5%96%9C%E5%B8%82)>
<http://www.wikidata.org/entity/Q11369219>	"久喜市立久喜中学校"@ja	<http://www.wikidata.org/entity/Q55521176>	"日本の中学校"@ja	<http://www.wikidata.org/entity/P131>	"位置する行政区画"@ja	<https://ja.wikipedia.org/wiki/%E4%B9%85%E5%96%9C%E5%B8%82%E7%AB%8B%E4%B9%85%E5%96%9C%E4%B8%AD%E5%AD%A6%E6%A0%A1>
<http://www.wikidata.org/entity/Q11369219>	"久喜市立久喜中学校"@ja	<http://www.wikidata.org/entity/Q55521176>	"日本の中学校"@ja	<http://www.wikidata.org/entity/P126>	"管理者"@ja	<https://ja.wikipedia.org/wiki/%E4%B9%85%E5%96%9C%E5%B8%82%E7%AB%8B%E4%B9%85%E5%96%9C%E4%B8%AD%E5%AD%A6%E6%A0%A1>
<http://www.wikidata.org/entity/Q11369222>	"久喜市立久喜小学校"@ja	<http://www.wikidata.org/entity/Q5358913>	"日本の小学校"@ja	<http://www.wikidata.org/entity/P131>	"位置する行政区画"@ja	<https://ja.wikipedia.org/wiki/%E4%B9%85%E5%96%9C%E5%B8%82%E7%AB%8B%E4%B9%85%E5%96%9C%E5%B0%8F%E5%AD%A6%E6%A0%A1>
<http://www.wikidata.org/entity/Q11369222>	"久喜市立久喜小学校"@ja	<http://www.wikidata.org/entity/Q5358913>	"日本の小学校"@ja	<http://www.wikidata.org/entity/P126>	"管理者"@ja	<https://ja.wikipedia.org/wiki/%E4%B9%85%E5%96%9C%E5%B8%82%E7%AB%8B%E4%B9%85%E5%96%9C%E5%B0%8F%E5%AD%A6%E6%A0%A1>
<http://www.wikidata.org/entity/Q11369223>	"久喜市立久喜東中学校"@ja	<http://www.wikidata.org/entity/Q55521176>	"日本の中学校"@ja	<http://www.wikidata.org/entity/P131>	"位置する行政区画"@ja	<https://ja.wikipedia.org/wiki/%E4%B9%85%E5%96%9C%E5%B8%82%E7%AB%8B%E4%B9%85%E5%96%9C%E6%9D%B1%E4%B8%AD%E5%AD%A6%E6%A0%A1>
<http://www.wikidata.org/entity/Q11369223>	"久喜市立久喜東中学校"@ja	<http://www.wikidata.org/entity/Q55521176>	"日本の中学校"@ja	<http://www.wikidata.org/entity/P126>	"管理者"@ja	<https://ja.wikipedia.org/wiki/%E4%B9%85%E5%96%9C%E5%B8%82%E7%AB%8B%E4%B9%85%E5%96%9C%E6%9D%B1%E4%B8%AD%E5%AD%A6%E6%A0%A1>
<http://www.wikidata.org/entity/Q11369220>	"久喜市立久喜北小学校"@ja	<http://www.wikidata.org/entity/Q5358913>	"日本の小学校"@ja	<http://www.wikidata.org/entity/P131>	"位置する行政区画"@ja	<https://ja.wikipedia.org/wiki/%E4%B9%85%E5%96%9C%E5%B8%82%E7%AB%8B%E4%B9%85%E5%96%9C%E5%8C%97%E5%B0%8F%E5%AD%A6%E6%A0%A1>
<http://www.wikidata.org/entity/Q11369220>	"久喜市立久喜北小学校"@ja	<http://www.wikidata.org/entity/Q5358913>	"日本の小学校"@ja	<http://www.wikidata.org/entity/P126>	"管理者"@ja	<https://ja.wikipedia.org/wiki/%E4%B9%85%E5%96%9C%E5%B8%82%E7%AB%8B%E4%B9%85%E5%96%9C%E5%8C%97%E5%B0%8F%E5%AD%A6%E6%A0%A1>
<http://www.wikidata.org/entity/Q11369221>	"久喜市立久喜南中学校"@ja	<http://www.wikidata.org/entity/Q55521176>	"日本の中学校"@ja	<http://www.wikidata.org/entity/P131>	"位置する行政区画"@ja	<https://ja.wikipedia.org/wiki/%E4%B9%85%E5%96%9C%E5%B8%82%E7%AB%8B%E4%B9%85%E5%96%9C%E5%8D%97%E4%B8%AD%E5%AD%A6%E6%A0%A1>
<http://www.wikidata.org/entity/Q11369221>	"久喜市立久喜南中学校"@ja	<http://www.wikidata.org/entity/Q55521176>	"日本の中学校"@ja	<http://www.wikidata.org/entity/P126>	"管理者"@ja	<https://ja.wikipedia.org/wiki/%E4%B9%85%E5%96%9C%E5%B8%82%E7%AB%8B%E4%B9%85%E5%96%9C%E5%8D%97%E4%B8%AD%E5%AD%A6%E6%A0%A1>
<http://www.wikidata.org/entity/Q11369226>	"久喜市立太田小学校"@ja	<http://www.wikidata.org/entity/Q5358913>	"日本の小学校"@ja	<http://www.wikidata.org/entity/P131>	"位置する行政区画"@ja	<https://ja.wikipedia.org/wiki/%E4%B9%85%E5%96%9C%E5%B8%82%E7%AB%8B%E5%A4%AA%E7%94%B0%E5%B0%8F%E5%AD%A6%E6%A0%A1>
<http://www.wikidata.org/entity/Q11369226>	"久喜市立太田小学校"@ja	<http://www.wikidata.org/entity/Q5358913>	"日本の小学校"@ja	<http://www.wikidata.org/entity/P126>	"管理者"@ja	<https://ja.wikipedia.org/wiki/%E4%B9%85%E5%96%9C%E5%B8%82%E7%AB%8B%E5%A4%AA%E7%94%B0%E5%B0%8F%E5%AD%A6%E6%A0%A1>
<http://www.wikidata.org/entity/Q11369227>	"久喜市立太東中学校"@ja	<http://www.wikidata.org/entity/Q55521176>	"日本の中学校"@ja	<http://www.wikidata.org/entity/P131>	"位置する行政区画"@ja	<https://ja.wikipedia.org/wiki/%E4%B9%85%E5%96%9C%E5%B8%82%E7%AB%8B%E5%A4%AA%E6%9D%B1%E4%B8%AD%E5%AD%A6%E6%A0%A1>
<http://www.wikidata.org/entity/Q11369227>	"久喜市立太東中学校"@ja	<http://www.wikidata.org/entity/Q55521176>	"日本の中学校"@ja	<http://www.wikidata.org/entity/P126>	"管理者"@ja	<https://ja.wikipedia.org/wiki/%E4%B9%85%E5%96%9C%E5%B8%82%E7%AB%8B%E5%A4%AA%E6%9D%B1%E4%B8%AD%E5%AD%A6%E6%A0%A1>
<http://www.wikidata.org/entity/Q11369224>	"久喜市立久喜東小学校"@ja	<http://www.wikidata.org/entity/Q5358913>	"日本の小学校"@ja	<http://www.wikidata.org/entity/P131>	"位置する行政区画"@ja	<https://ja.wikipedia.org/wiki/%E4%B9%85%E5%96%9C%E5%B8%82%E7%AB%8B%E4%B9%85%E5%96%9C%E6%9D%B1%E5%B0%8F%E5%AD%A6%E6%A0%A1>
<http://www.wikidata.org/entity/Q11369224>	"久喜市立久喜東小学校"@ja	<http://www.wikidata.org/entity/Q5358913>	"日本の小学校"@ja	<http://www.wikidata.org/entity/P126>	"管理者"@ja	<https://ja.wikipedia.org/wiki/%E4%B9%85%E5%96%9C%E5%B8%82%E7%AB%8B%E4%B9%85%E5%96%9C%E6%9D%B1%E5%B0%8F%E5%AD%A6%E6%A0%A1>
<http://www.wikidata.org/entity/Q11369225>	"久喜市立図書館"@ja	<http://www.wikidata.org/entity/Q26271642>	"図書館ネットワーク"@ja	<http://www.wikidata.org/entity/P131>	"位置する行政区画"@ja	<https://ja.wikipedia.org/wiki/%E4%B9%85%E5%96%9C%E5%B8%82%E7%AB%8B%E5%9B%B3%E6%9B%B8%E9%A4%A8>
<http://www.wikidata.org/entity/Q11369231>	"久喜市立江面第一小学校"@ja	<http://www.wikidata.org/entity/Q5358913>	"日本の小学校"@ja	<http://www.wikidata.org/entity/P131>	"位置する行政区画"@ja	<https://ja.wikipedia.org/wiki/%E4%B9%85%E5%96%9C%E5%B8%82%E7%AB%8B%E6%B1%9F%E9%9D%A2%E7%AC%AC%E4%B8%80%E5%B0%8F%E5%AD%A6%E6%A0%A1>
<http://www.wikidata.org/entity/Q11369231>	"久喜市立江面第一小学校"@ja	<http://www.wikidata.org/entity/Q5358913>	"日本の小学校"@ja	<http://www.wikidata.org/entity/P126>	"管理者"@ja	<https://ja.wikipedia.org/wiki/%E4%B9%85%E5%96%9C%E5%B8%82%E7%AB%8B%E6%B1%9F%E9%9D%A2%E7%AC%AC%E4%B8%80%E5%B0%8F%E5%AD%A6%E6%A0%A1>
<http://www.wikidata.org/entity/Q11369228>	"久喜市立本町小学校"@ja	<http://www.wikidata.org/entity/Q5358913>	"日本の小学校"@ja	<http://www.wikidata.org/entity/P131>	"位置する行政区画"@ja	<https://ja.wikipedia.org/wiki/%E4%B9%85%E5%96%9C%E5%B8%82%E7%AB%8B%E6%9C%AC%E7%94%BA%E5%B0%8F%E5%AD%A6%E6%A0%A1>
<http://www.wikidata.org/entity/Q11369228>	"久喜市立本町小学校"@ja	<http://www.wikidata.org/entity/Q5358913>	"日本の小学校"@ja	<http://www.wikidata.org/entity/P126>	"管理者"@ja	<https://ja.wikipedia.org/wiki/%E4%B9%85%E5%96%9C%E5%B8%82%E7%AB%8B%E6%9C%AC%E7%94%BA%E5%B0%8F%E5%AD%A6%E6%A0%A1>
<http://www.wikidata.org/entity/Q11369229>	"久喜市立栗橋東中学校"@ja	<http://www.wikidata.org/entity/Q55521176>	"日本の中学校"@ja	<http://www.wikidata.org/entity/P131>	"位置する行政区画"@ja	<https://ja.wikipedia.org/wiki/%E4%B9%85%E5%96%9C%E5%B8%82%E7%AB%8B%E6%A0%97%E6%A9%8B%E6%9D%B1%E4%B8%AD%E5%AD%A6%E6%A0%A1>
<http://www.wikidata.org/entity/Q11369229>	"久喜市立栗橋東中学校"@ja	<http://www.wikidata.org/entity/Q55521176>	"日本の中学校"@ja	<http://www.wikidata.org/entity/P126>	"管理者"@ja	<https://ja.wikipedia.org/wiki/%E4%B9%85%E5%96%9C%E5%B8%82%E7%AB%8B%E6%A0%97%E6%A9%8B%E6%9D%B1%E4%B8%AD%E5%AD%A6%E6%A0%A1>
<http://www.wikidata.org/entity/Q11369234>	"久喜市立清久小学校"@ja	<http://www.wikidata.org/entity/Q5358913>	"日本の小学校"@ja	<http://www.wikidata.org/entity/P131>	"位置する行政区画"@ja	<https://ja.wikipedia.org/wiki/%E4%B9%85%E5%96%9C%E5%B8%82%E7%AB%8B%E6%B8%85%E4%B9%85%E5%B0%8F%E5%AD%A6%E6%A0%A1>
<http://www.wikidata.org/entity/Q11369234>	"久喜市立清久小学校"@ja	<http://www.wikidata.org/entity/Q5358913>	"日本の小学校"@ja	<http://www.wikidata.org/entity/P126>	"管理者"@ja	<https://ja.wikipedia.org/wiki/%E4%B9%85%E5%96%9C%E5%B8%82%E7%AB%8B%E6%B8%85%E4%B9%85%E5%B0%8F%E5%AD%A6%E6%A0%A1>
<http://www.wikidata.org/entity/Q11369235>	"久喜市立青毛小学校"@ja	<http://www.wikidata.org/entity/Q5358913>	"日本の小学校"@ja	<http://www.wikidata.org/entity/P131>	"位置する行政区画"@ja	<https://ja.wikipedia.org/wiki/%E4%B9%85%E5%96%9C%E5%B8%82%E7%AB%8B%E9%9D%92%E6%AF%9B%E5%B0%8F%E5%AD%A6%E6%A0%A1>
<http://www.wikidata.org/entity/Q11369235>	"久喜市立青毛小学校"@ja	<http://www.wikidata.org/entity/Q5358913>	"日本の小学校"@ja	<http://www.wikidata.org/entity/P126>	"管理者"@ja	<https://ja.wikipedia.org/wiki/%E4%B9%85%E5%96%9C%E5%B8%82%E7%AB%8B%E9%9D%92%E6%AF%9B%E5%B0%8F%E5%AD%A6%E6%A0%A1>
<http://www.wikidata.org/entity/Q11369232>	"久喜市立江面第二小学校"@ja	<http://www.wikidata.org/entity/Q5358913>	"日本の小学校"@ja	<http://www.wikidata.org/entity/P131>	"位置する行政区画"@ja	<https://ja.wikipedia.org/wiki/%E4%B9%85%E5%96%9C%E5%B8%82%E7%AB%8B%E6%B1%9F%E9%9D%A2%E7%AC%AC%E4%BA%8C%E5%B0%8F%E5%AD%A6%E6%A0%A1>
<http://www.wikidata.org/entity/Q11369232>	"久喜市立江面第二小学校"@ja	<http://www.wikidata.org/entity/Q5358913>	"日本の小学校"@ja	<http://www.wikidata.org/entity/P126>	"管理者"@ja	<https://ja.wikipedia.org/wiki/%E4%B9%85%E5%96%9C%E5%B8%82%E7%AB%8B%E6%B1%9F%E9%9D%A2%E7%AC%AC%E4%BA%8C%E5%B0%8F%E5%AD%A6%E6%A0%A1>
<http://www.wikidata.org/entity/Q11369233>	"久喜市立郷土資料館"@ja	<http://www.wikidata.org/entity/Q1595639>	"郷土博物館"@ja	<http://www.wikidata.org/entity/P131>	"位置する行政区画"@ja	<https://ja.wikipedia.org/wiki/%E4%B9%85%E5%96%9C%E5%B8%82%E7%AB%8B%E9%83%B7%E5%9C%9F%E8%B3%87%E6%96%99%E9%A4%A8>
<http://www.wikidata.org/entity/Q11369238>	"久喜市立鷲宮東中学校"@ja	<http://www.wikidata.org/entity/Q55521176>	"日本の中学校"@ja	<http://www.wikidata.org/entity/P131>	"位置する行政区画"@ja	<https://ja.wikipedia.org/wiki/%E4%B9%85%E5%96%9C%E5%B8%82%E7%AB%8B%E9%B7%B2%E5%AE%AE%E6%9D%B1%E4%B8%AD%E5%AD%A6%E6%A0%A1>
<http://www.wikidata.org/entity/Q11369238>	"久喜市立鷲宮東中学校"@ja	<http://www.wikidata.org/entity/Q55521176>	"日本の中学校"@ja	<http://www.wikidata.org/entity/P126>	"管理者"@ja	<https://ja.wikipedia.org/wiki/%E4%B9%85%E5%96%9C%E5%B8%82%E7%AB%8B%E9%B7%B2%E5%AE%AE%E6%9D%B1%E4%B8%AD%E5%AD%A6%E6%A0%A1>
<http://www.wikidata.org/entity/Q11369239>	"久喜市総合運動公園"@ja	<http://www.wikidata.org/entity/Q108804646>	"都市公園 (日本)"@ja	<http://www.wikidata.org/entity/P131>	"位置する行政区画"@ja	<https://ja.wikipedia.org/wiki/%E4%B9%85%E5%96%9C%E5%B8%82%E7%B7%8F%E5%90%88%E9%81%8B%E5%8B%95%E5%85%AC%E5%9C%92>
<http://www.wikidata.org/entity/Q11369239>	"久喜市総合運動公園"@ja	<http://www.wikidata.org/entity/Q108804646>	"都市公園 (日本)"@ja	<http://www.wikidata.org/entity/P126>	"管理者"@ja	<https://ja.wikipedia.org/wiki/%E4%B9%85%E5%96%9C%E5%B8%82%E7%B7%8F%E5%90%88%E9%81%8B%E5%8B%95%E5%85%AC%E5%9C%92>
<http://www.wikidata.org/entity/Q11369239>	"久喜市総合運動公園"@ja	<http://www.wikidata.org/entity/Q22698>	"公園"@ja	<http://www.wikidata.org/entity/P131>	"位置する行政区画"@ja	<https://ja.wikipedia.org/wiki/%E4%B9%85%E5%96%9C%E5%B8%82%E7%B7%8F%E5%90%88%E9%81%8B%E5%8B%95%E5%85%AC%E5%9C%92>
<http://www.wikidata.org/entity/Q11369239>	"久喜市総合運動公園"@ja	<http://www.wikidata.org/entity/Q22698>	"公園"@ja	<http://www.wikidata.org/entity/P126>	"管理者"@ja	<https://ja.wikipedia.org/wiki/%E4%B9%85%E5%96%9C%E5%B8%82%E7%B7%8F%E5%90%88%E9%81%8B%E5%8B%95%E5%85%AC%E5%9C%92>
<http://www.wikidata.org/entity/Q11369236>	"久喜市立鷲宮中学校"@ja	<http://www.wikidata.org/entity/Q55521176>	"日本の中学校"@ja	<http://www.wikidata.org/entity/P131>	"位置する行政区画"@ja	<https://ja.wikipedia.org/wiki/%E4%B9%85%E5%96%9C%E5%B8%82%E7%AB%8B%E9%B7%B2%E5%AE%AE%E4%B8%AD%E5%AD%A6%E6%A0%A1>
<http://www.wikidata.org/entity/Q11369236>	"久喜市立鷲宮中学校"@ja	<http://www.wikidata.org/entity/Q55521176>	"日本の中学校"@ja	<http://www.wikidata.org/entity/P126>	"管理者"@ja	<https://ja.wikipedia.org/wiki/%E4%B9%85%E5%96%9C%E5%B8%82%E7%AB%8B%E9%B7%B2%E5%AE%AE%E4%B8%AD%E5%AD%A6%E6%A0%A1>
<http://www.wikidata.org/entity/Q11369237>	"久喜市立青葉小学校"@ja	<http://www.wikidata.org/entity/Q5358913>	"日本の小学校"@ja	<http://www.wikidata.org/entity/P131>	"位置する行政区画"@ja	<https://ja.wikipedia.org/wiki/%E4%B9%85%E5%96%9C%E5%B8%82%E7%AB%8B%E9%9D%92%E8%91%89%E5%B0%8F%E5%AD%A6%E6%A0%A1>
<http://www.wikidata.org/entity/Q11369237>	"久喜市立青葉小学校"@ja	<http://www.wikidata.org/entity/Q5358913>	"日本の小学校"@ja	<http://www.wikidata.org/entity/P126>	"管理者"@ja	<https://ja.wikipedia.org/wiki/%E4%B9%85%E5%96%9C%E5%B8%82%E7%AB%8B%E9%9D%92%E8%91%89%E5%B0%8F%E5%AD%A6%E6%A0%A1>
<http://www.wikidata.org/entity/Q11369244>	"久喜菖蒲公園"@ja	<http://www.wikidata.org/entity/Q22746>	"都市公園"@ja	<http://www.wikidata.org/entity/P131>	"位置する行政区画"@ja	<https://ja.wikipedia.org/wiki/%E4%B9%85%E5%96%9C%E8%8F%96%E8%92%B2%E5%85%AC%E5%9C%92>
<http://www.wikidata.org/entity/Q11369244>	"久喜菖蒲公園"@ja	<http://www.wikidata.org/entity/Q22698>	"公園"@ja	<http://www.wikidata.org/entity/P131>	"位置する行政区画"@ja	<https://ja.wikipedia.org/wiki/%E4%B9%85%E5%96%9C%E8%8F%96%E8%92%B2%E5%85%AC%E5%9C%92>
<http://www.wikidata.org/entity/Q11382837>	"佐伯成美"@ja	<http://www.wikidata.org/entity/Q5>	"ヒト"@ja	<http://www.wikidata.org/entity/P19>	"出生地"@ja	<https://ja.wikipedia.org/wiki/%E4%BD%90%E4%BC%AF%E6%88%90%E7%BE%8E>
<http://www.wikidata.org/entity/Q11388415>	"光明寺"@ja	<http://www.wikidata.org/entity/Q5393308>	"仏教寺院"@ja	<http://www.wikidata.org/entity/P131>	"位置する行政区画"@ja	<https://ja.wikipedia.org/wiki/%E5%85%89%E6%98%8E%E5%AF%BA_(%E4%B9%85%E5%96%9C%E5%B8%82)>
<http://www.wikidata.org/entity/Q11396901>	"利根川橋"@ja	<http://www.wikidata.org/entity/Q537127>	"道路橋"@ja	<http://www.wikidata.org/entity/P131>	"位置する行政区画"@ja	<https://ja.wikipedia.org/wiki/%E5%88%A9%E6%A0%B9%E5%B7%9D%E6%A9%8B_(%E5%9B%BD%E9%81%934%E5%8F%B7)>
<http://www.wikidata.org/entity/Q11405387>	"千勝社"@ja	<http://www.wikidata.org/entity/Q845945>	"神社"@ja	<http://www.wikidata.org/entity/P131>	"位置する行政区画"@ja	<https://ja.wikipedia.org/wiki/%E5%8D%83%E5%8B%9D%E7%A4%BE_(%E4%B9%85%E5%96%9C%E5%B8%82%E4%B8%8A%E6%97%A9%E8%A6%8B)>
<http://www.wikidata.org/entity/Q11405390>	"千勝神社"@ja	<http://www.wikidata.org/entity/Q845945>	"神社"@ja	<http://www.wikidata.org/entity/P131>	"位置する行政区画"@ja	<https://ja.wikipedia.org/wiki/%E5%8D%83%E5%8B%9D%E7%A5%9E%E7%A4%BE_(%E4%B9%85%E5%96%9C%E5%B8%82%E6%9C%AC%E7%94%BA)>
<http://www.wikidata.org/entity/Q11405388>	"千勝神社"@ja	<http://www.wikidata.org/entity/Q845945>	"神社"@ja	<http://www.wikidata.org/entity/P131>	"位置する行政区画"@ja	<https://ja.wikipedia.org/wiki/%E5%8D%83%E5%8B%9D%E7%A5%9E%E7%A4%BE_(%E4%B9%85%E5%96%9C%E5%B8%82%E5%90%89%E7%BE%BD)>
<http://www.wikidata.org/entity/Q11407983>	"南栗橋車両管区"@ja	<http://www.wikidata.org/entity/Q19563580>	"車両基地"@ja	<http://www.wikidata.org/entity/P131>	"位置する行政区画"@ja	<https://ja.wikipedia.org/wiki/%E5%8D%97%E6%A0%97%E6%A9%8B%E8%BB%8A%E4%B8%A1%E7%AE%A1%E5%8C%BA>
<http://www.wikidata.org/entity/Q11407987>	"南栗橋近隣公園"@ja	<http://www.wikidata.org/entity/Q108804646>	"都市公園 (日本)"@ja	<http://www.wikidata.org/entity/P131>	"位置する行政区画"@ja	<https://ja.wikipedia.org/wiki/%E5%8D%97%E6%A0%97%E6%A9%8B%E8%BF%91%E9%9A%A3%E5%85%AC%E5%9C%92>
<http://www.wikidata.org/entity/Q11407987>	"南栗橋近隣公園"@ja	<http://www.wikidata.org/entity/Q22698>	"公園"@ja	<http://www.wikidata.org/entity/P131>	"位置する行政区画"@ja	<https://ja.wikipedia.org/wiki/%E5%8D%97%E6%A0%97%E6%A9%8B%E8%BF%91%E9%9A%A3%E5%85%AC%E5%9C%92>
<http://www.wikidata.org/entity/Q11414215>	"吉羽公園"@ja	<http://www.wikidata.org/entity/Q22746>	"都市公園"@ja	<http://www.wikidata.org/entity/P131>	"位置する行政区画"@ja	<https://ja.wikipedia.org/wiki/%E5%90%89%E7%BE%BD%E5%85%AC%E5%9C%92>
<http://www.wikidata.org/entity/Q11414215>	"吉羽公園"@ja	<http://www.wikidata.org/entity/Q22746>	"都市公園"@ja	<http://www.wikidata.org/entity/P126>	"管理者"@ja	<https://ja.wikipedia.org/wiki/%E5%90%89%E7%BE%BD%E5%85%AC%E5%9C%92>
<http://www.wikidata.org/entity/Q11414217>	"吉羽天満宮"@ja	<http://www.wikidata.org/entity/Q845945>	"神社"@ja	<http://www.wikidata.org/entity/P131>	"位置する行政区画"@ja	<https://ja.wikipedia.org/wiki/%E5%90%89%E7%BE%BD%E5%A4%A9%E6%BA%80%E5%AE%AE>
<http://www.wikidata.org/entity/Q11426610>	"埼玉県立久喜特別支援学校"@ja	<http://www.wikidata.org/entity/Q43271061>	"特別支援学校"@ja	<http://www.wikidata.org/entity/P131>	"位置する行政区画"@ja	<https://ja.wikipedia.org/wiki/%E5%9F%BC%E7%8E%89%E7%9C%8C%E7%AB%8B%E4%B9%85%E5%96%9C%E7%89%B9%E5%88%A5%E6%94%AF%E6%8F%B4%E5%AD%A6%E6%A0%A1>
<http://www.wikidata.org/entity/Q11426611>	"埼玉県立久喜工業高等学校"@ja	<http://www.wikidata.org/entity/Q56351315>	"日本の高等学校"@ja	<http://www.wikidata.org/entity/P131>	"位置する行政区画"@ja	<https://ja.wikipedia.org/wiki/%E5%9F%BC%E7%8E%89%E7%9C%8C%E7%AB%8B%E4%B9%85%E5%96%9C%E5%B7%A5%E6%A5%AD%E9%AB%98%E7%AD%89%E5%AD%A6%E6%A0%A1>
<http://www.wikidata.org/entity/Q11426609>	"埼玉県立久喜北陽高等学校"@ja	<http://www.wikidata.org/entity/Q56351315>	"日本の高等学校"@ja	<http://www.wikidata.org/entity/P131>	"位置する行政区画"@ja	<https://ja.wikipedia.org/wiki/%E5%9F%BC%E7%8E%89%E7%9C%8C%E7%AB%8B%E4%B9%85%E5%96%9C%E5%8C%97%E9%99%BD%E9%AB%98%E7%AD%89%E5%AD%A6%E6%A0%A1>
<http://www.wikidata.org/entity/Q11426612>	"埼玉県立久喜高等学校"@ja	<http://www.wikidata.org/entity/Q56351315>	"日本の高等学校"@ja	<http://www.wikidata.org/entity/P131>	"位置する行政区画"@ja	<https://ja.wikipedia.org/wiki/%E5%9F%BC%E7%8E%89%E7%9C%8C%E7%AB%8B%E4%B9%85%E5%96%9C%E9%AB%98%E7%AD%89%E5%AD%A6%E6%A0%A1>
<http://www.wikidata.org/entity/Q11426706>	"埼玉県立栗橋北彩高等学校"@ja	<http://www.wikidata.org/entity/Q56351315>	"日本の高等学校"@ja	<http://www.wikidata.org/entity/P131>	"位置する行政区画"@ja	<https://ja.wikipedia.org/wiki/%E5%9F%BC%E7%8E%89%E7%9C%8C%E7%AB%8B%E6%A0%97%E6%A9%8B%E5%8C%97%E5%BD%A9%E9%AB%98%E7%AD%89%E5%AD%A6%E6%A0%A1>
<http://www.wikidata.org/entity/Q11426707>	"埼玉県立栗橋高等学校"@ja	<http://www.wikidata.org/entity/Q56351315>	"日本の高等学校"@ja	<http://www.wikidata.org/entity/P131>	"位置する行政区画"@ja	<https://ja.wikipedia.org/wiki/%E5%9F%BC%E7%8E%89%E7%9C%8C%E7%AB%8B%E6%A0%97%E6%A9%8B%E9%AB%98%E7%AD%89%E5%AD%A6%E6%A0%A1>
<http://www.wikidata.org/entity/Q11426757>	"埼玉県立菖蒲高等学校"@ja	<http://www.wikidata.org/entity/Q56351315>	"日本の高等学校"@ja	<http://www.wikidata.org/entity/P131>	"位置する行政区画"@ja	<https://ja.wikipedia.org/wiki/%E5%9F%BC%E7%8E%89%E7%9C%8C%E7%AB%8B%E8%8F%96%E8%92%B2%E9%AB%98%E7%AD%89%E5%AD%A6%E6%A0%A1>
<http://www.wikidata.org/entity/Q11426785>	"埼玉県立鷲宮高等学校"@ja	<http://www.wikidata.org/entity/Q56351315>	"日本の高等学校"@ja	<http://www.wikidata.org/entity/P131>	"位置する行政区画"@ja	<https://ja.wikipedia.org/wiki/%E5%9F%BC%E7%8E%89%E7%9C%8C%E7%AB%8B%E9%B7%B2%E5%AE%AE%E9%AB%98%E7%AD%89%E5%AD%A6%E6%A0%A1>
<http://www.wikidata.org/entity/Q11426812>	"埼玉県園芸試験場"@ja	<http://www.wikidata.org/entity/Q3826572>	"農業試験場"@ja	<http://www.wikidata.org/entity/P131>	"位置する行政区画"@ja	<https://ja.wikipedia.org/wiki/%E5%9F%BC%E7%8E%89%E7%9C%8C%E8%BE%B2%E6%A5%AD%E6%8A%80%E8%A1%93%E7%A0%94%E7%A9%B6%E3%82%BB%E3%83%B3%E3%82%BF%E3%83%BC%E4%B9%85%E5%96%9C%E8%A9%A6%E9%A8%93%E5%A0%B4>
<http://www.wikidata.org/entity/Q11426837>	"埼玉県道12号"@ja	<http://www.wikidata.org/entity/Q34442>	"道路"@ja	<http://www.wikidata.org/entity/P609>	"起終点"@ja	<https://ja.wikipedia.org/wiki/%E5%9F%BC%E7%8E%89%E7%9C%8C%E9%81%9312%E5%8F%B7%E5%B7%9D%E8%B6%8A%E6%A0%97%E6%A9%8B%E7%B7%9A>
<http://www.wikidata.org/entity/Q11426837>	"埼玉県道12号"@ja	<http://www.wikidata.org/entity/Q34442>	"道路"@ja	<http://www.wikidata.org/entity/P131>	"位置する行政区画"@ja	<https://ja.wikipedia.org/wiki/%E5%9F%BC%E7%8E%89%E7%9C%8C%E9%81%9312%E5%8F%B7%E5%B7%9D%E8%B6%8A%E6%A0%97%E6%A9%8B%E7%B7%9A>
<http://www.wikidata.org/entity/Q11426854>	"埼玉県道147号"@ja	<http://www.wikidata.org/entity/Q34442>	"道路"@ja	<http://www.wikidata.org/entity/P609>	"起終点"@ja	<https://ja.wikipedia.org/wiki/%E5%9F%BC%E7%8E%89%E7%9C%8C%E9%81%93147%E5%8F%B7%E6%A0%97%E6%A9%8B%E5%81%9C%E8%BB%8A%E5%A0%B4%E7%B7%9A>
<http://www.wikidata.org/entity/Q11426854>	"埼玉県道147号"@ja	<http://www.wikidata.org/entity/Q34442>	"道路"@ja	<http://www.wikidata.org/entity/P131>	"位置する行政区画"@ja	<https://ja.wikipedia.org/wiki/%E5%9F%BC%E7%8E%89%E7%9C%8C%E9%81%93147%E5%8F%B7%E6%A0%97%E6%A9%8B%E5%81%9C%E8%BB%8A%E5%A0%B4%E7%B7%9A>
<http://www.wikidata.org/entity/Q11426853>	"埼玉県道146号"@ja	<http://www.wikidata.org/entity/Q34442>	"道路"@ja	<http://www.wikidata.org/entity/P609>	"起終点"@ja	<https://ja.wikipedia.org/wiki/%E5%9F%BC%E7%8E%89%E7%9C%8C%E9%81%93146%E5%8F%B7%E5%85%AD%E4%B8%87%E9%83%A8%E4%B9%85%E5%96%9C%E5%81%9C%E8%BB%8A%E5%A0%B4%E7%B7%9A>
<http://www.wikidata.org/entity/Q11426853>	"埼玉県道146号"@ja	<http://www.wikidata.org/entity/Q34442>	"道路"@ja	<http://www.wikidata.org/entity/P131>	"位置する行政区画"@ja	<https://ja.wikipedia.org/wiki/%E5%9F%BC%E7%8E%89%E7%9C%8C%E9%81%93146%E5%8F%B7%E5%85%AD%E4%B8%87%E9%83%A8%E4%B9%85%E5%96%9C%E5%81%9C%E8%BB%8A%E5%A0%B4%E7%B7%9A>
<http://www.wikidata.org/entity/Q11426858>	"埼玉県道151号"@ja	<http://www.wikidata.org/entity/Q34442>	"道路"@ja	<http://www.wikidata.org/entity/P609>	"起終点"@ja	<https://ja.wikipedia.org/wiki/%E5%9F%BC%E7%8E%89%E7%9C%8C%E9%81%93151%E5%8F%B7%E4%B9%85%E5%96%9C%E9%A8%8E%E8%A5%BF%E7%B7%9A>
<http://www.wikidata.org/entity/Q11426858>	"埼玉県道151号"@ja	<http://www.wikidata.org/entity/Q34442>	"道路"@ja	<http://www.wikidata.org/entity/P131>	"位置する行政区画"@ja	<https://ja.wikipedia.org/wiki/%E5%9F%BC%E7%8E%89%E7%9C%8C%E9%81%93151%E5%8F%B7%E4%B9%85%E5%96%9C%E9%A8%8E%E8%A5%BF%E7%B7%9A>
<http://www.wikidata.org/entity/Q11426857>	"埼玉県道149号"@ja	<http://www.wikidata.org/entity/Q34442>	"道路"@ja	<http://www.wikidata.org/entity/P609>	"起終点"@ja	<https://ja.wikipedia.org/wiki/%E5%9F%BC%E7%8E%89%E7%9C%8C%E9%81%93149%E5%8F%B7%E5%8A%A0%E9%A0%88%E8%8F%96%E8%92%B2%E7%B7%9A>
<http://www.wikidata.org/entity/Q11426857>	"埼玉県道149号"@ja	<http://www.wikidata.org/entity/Q34442>	"道路"@ja	<http://www.wikidata.org/entity/P131>	"位置する行政区画"@ja	<https://ja.wikipedia.org/wiki/%E5%9F%BC%E7%8E%89%E7%9C%8C%E9%81%93149%E5%8F%B7%E5%8A%A0%E9%A0%88%E8%8F%96%E8%92%B2%E7%B7%9A>
<http://www.wikidata.org/entity/Q11426862>	"埼玉県道152号加須幸手線バイパス"@ja	<http://www.wikidata.org/entity/Q34442>	"道路"@ja	<http://www.wikidata.org/entity/P131>	"位置する行政区画"@ja	<https://ja.wikipedia.org/wiki/%E5%9F%BC%E7%8E%89%E7%9C%8C%E9%81%93152%E5%8F%B7%E5%8A%A0%E9%A0%88%E5%B9%B8%E6%89%8B%E7%B7%9A%E3%83%90%E3%82%A4%E3%83%91%E3%82%B9>
<http://www.wikidata.org/entity/Q11426860>	"埼玉県道152号"@ja	<http://www.wikidata.org/entity/Q34442>	"道路"@ja	<http://www.wikidata.org/entity/P131>	"位置する行政区画"@ja	<https://ja.wikipedia.org/wiki/%E5%9F%BC%E7%8E%89%E7%9C%8C%E9%81%93152%E5%8F%B7%E5%8A%A0%E9%A0%88%E5%B9%B8%E6%89%8B%E7%B7%9A>
<http://www.wikidata.org/entity/Q11426861>	"埼玉県道153号"@ja	<http://www.wikidata.org/entity/Q34442>	"道路"@ja	<http://www.wikidata.org/entity/P609>	"起終点"@ja	<https://ja.wikipedia.org/wiki/%E5%9F%BC%E7%8E%89%E7%9C%8C%E9%81%93153%E5%8F%B7%E5%B9%B8%E6%89%8B%E4%B9%85%E5%96%9C%E7%B7%9A>
<http://www.wikidata.org/entity/Q11426861>	"埼玉県道153号"@ja	<http://www.wikidata.org/entity/Q34442>	"道路"@ja	<http://www.wikidata.org/entity/P131>	"位置する行政区画"@ja	<https://ja.wikipedia.org/wiki/%E5%9F%BC%E7%8E%89%E7%9C%8C%E9%81%93153%E5%8F%B7%E5%B9%B8%E6%89%8B%E4%B9%85%E5%96%9C%E7%B7%9A>
<http://www.wikidata.org/entity/Q11426873>	"埼玉県道162号"@ja	<http://www.wikidata.org/entity/Q34442>	"道路"@ja	<http://www.wikidata.org/entity/P609>	"起終点"@ja	<https://ja.wikipedia.org/wiki/%E5%9F%BC%E7%8E%89%E7%9C%8C%E9%81%93162%E5%8F%B7%E8%93%AE%E7%94%B0%E7%99%BD%E5%B2%A1%E4%B9%85%E5%96%9C%E7%B7%9A>
<http://www.wikidata.org/entity/Q11426873>	"埼玉県道162号"@ja	<http://www.wikidata.org/entity/Q34442>	"道路"@ja	<http://www.wikidata.org/entity/P131>	"位置する行政区画"@ja	<https://ja.wikipedia.org/wiki/%E5%9F%BC%E7%8E%89%E7%9C%8C%E9%81%93162%E5%8F%B7%E8%93%AE%E7%94%B0%E7%99%BD%E5%B2%A1%E4%B9%85%E5%96%9C%E7%B7%9A>
<http://www.wikidata.org/entity/Q11426970>	"埼玉県道310号"@ja	<http://www.wikidata.org/entity/Q34442>	"道路"@ja	<http://www.wikidata.org/entity/P609>	"起終点"@ja	<https://ja.wikipedia.org/wiki/%E5%9F%BC%E7%8E%89%E7%9C%8C%E9%81%93310%E5%8F%B7%E7%AC%A0%E5%8E%9F%E8%8F%96%E8%92%B2%E7%B7%9A>
<http://www.wikidata.org/entity/Q11426970>	"埼玉県道310号"@ja	<http://www.wikidata.org/entity/Q34442>	"道路"@ja	<http://www.wikidata.org/entity/P131>	"位置する行政区画"@ja	<https://ja.wikipedia.org/wiki/%E5%9F%BC%E7%8E%89%E7%9C%8C%E9%81%93310%E5%8F%B7%E7%AC%A0%E5%8E%9F%E8%8F%96%E8%92%B2%E7%B7%9A>
<http://www.wikidata.org/entity/Q11426971>	"埼玉県道312号"@ja	<http://www.wikidata.org/entity/Q34442>	"道路"@ja	<http://www.wikidata.org/entity/P609>	"起終点"@ja	<https://ja.wikipedia.org/wiki/%E5%9F%BC%E7%8E%89%E7%9C%8C%E9%81%93312%E5%8F%B7%E4%B8%8B%E7%9F%B3%E6%88%B8%E4%B8%8A%E8%8F%96%E8%92%B2%E7%B7%9A>
<http://www.wikidata.org/entity/Q11426971>	"埼玉県道312号"@ja	<http://www.wikidata.org/entity/Q34442>	"道路"@ja	<http://www.wikidata.org/entity/P131>	"位置する行政区画"@ja	<https://ja.wikipedia.org/wiki/%E5%9F%BC%E7%8E%89%E7%9C%8C%E9%81%93312%E5%8F%B7%E4%B8%8B%E7%9F%B3%E6%88%B8%E4%B8%8A%E8%8F%96%E8%92%B2%E7%B7%9A>
<http://www.wikidata.org/entity/Q11426974>	"埼玉県道316号"@ja	<http://www.wikidata.org/entity/Q34442>	"道路"@ja	<http://www.wikidata.org/entity/P131>	"位置する行政区画"@ja	<https://ja.wikipedia.org/wiki/%E5%9F%BC%E7%8E%89%E7%9C%8C%E9%81%93316%E5%8F%B7%E9%98%BF%E4%BD%90%E9%96%93%E5%B9%B8%E6%89%8B%E7%B7%9A>
<http://www.wikidata.org/entity/Q11426973>	"埼玉県道313号"@ja	<http://www.wikidata.org/entity/Q34442>	"道路"@ja	<http://www.wikidata.org/entity/P609>	"起終点"@ja	<https://ja.wikipedia.org/wiki/%E5%9F%BC%E7%8E%89%E7%9C%8C%E9%81%93313%E5%8F%B7%E5%8C%97%E6%A0%B9%E8%8F%96%E8%92%B2%E7%B7%9A>
<http://www.wikidata.org/entity/Q11426973>	"埼玉県道313号"@ja	<http://www.wikidata.org/entity/Q34442>	"道路"@ja	<http://www.wikidata.org/entity/P131>	"位置する行政区画"@ja	<https://ja.wikipedia.org/wiki/%E5%9F%BC%E7%8E%89%E7%9C%8C%E9%81%93313%E5%8F%B7%E5%8C%97%E6%A0%B9%E8%8F%96%E8%92%B2%E7%B7%9A>
<http://www.wikidata.org/entity/Q11427021>	"埼玉県道370号"@ja	<http://www.wikidata.org/entity/Q34442>	"道路"@ja	<http://www.wikidata.org/entity/P609>	"起終点"@ja	<https://ja.wikipedia.org/wiki/%E5%9F%BC%E7%8E%89%E7%9C%8C%E9%81%93370%E5%8F%B7%E5%8C%97%E4%B8%AD%E6%9B%BD%E6%A0%B9%E5%8C%97%E5%A4%A7%E6%A1%91%E7%B7%9A>
<http://www.wikidata.org/entity/Q11427021>	"埼玉県道370号"@ja	<http://www.wikidata.org/entity/Q34442>	"道路"@ja	<http://www.wikidata.org/entity/P131>	"位置する行政区画"@ja	<https://ja.wikipedia.org/wiki/%E5%9F%BC%E7%8E%89%E7%9C%8C%E9%81%93370%E5%8F%B7%E5%8C%97%E4%B8%AD%E6%9B%BD%E6%A0%B9%E5%8C%97%E5%A4%A7%E6%A1%91%E7%B7%9A>
<http://www.wikidata.org/entity/Q11427038>	"埼玉県道396号"@ja	<http://www.wikidata.org/entity/Q34442>	"道路"@ja	<http://www.wikidata.org/entity/P609>	"起終点"@ja	<https://ja.wikipedia.org/wiki/%E5%9F%BC%E7%8E%89%E7%9C%8C%E9%81%93396%E5%8F%B7%E4%B8%8B%E6%97%A9%E8%A6%8B%E8%8F%96%E8%92%B2%E7%B7%9A>
<http://www.wikidata.org/entity/Q11427038>	"埼玉県道396号"@ja	<http://www.wikidata.org/entity/Q34442>	"道路"@ja	<http://www.wikidata.org/entity/P131>	"位置する行政区画"@ja	<https://ja.wikipedia.org/wiki/%E5%9F%BC%E7%8E%89%E7%9C%8C%E9%81%93396%E5%8F%B7%E4%B8%8B%E6%97%A9%E8%A6%8B%E8%8F%96%E8%92%B2%E7%B7%9A>
<http://www.wikidata.org/entity/Q11427042>	"埼玉県道3号"@ja	<http://www.wikidata.org/entity/Q34442>	"道路"@ja	<http://www.wikidata.org/entity/P609>	"起終点"@ja	<https://ja.wikipedia.org/wiki/%E5%9F%BC%E7%8E%89%E7%9C%8C%E9%81%933%E5%8F%B7%E3%81%95%E3%81%84%E3%81%9F%E3%81%BE%E6%A0%97%E6%A9%8B%E7%B7%9A>
<http://www.wikidata.org/entity/Q11427042>	"埼玉県道3号"@ja	<http://www.wikidata.org/entity/Q34442>	"道路"@ja	<http://www.wikidata.org/entity/P131>	"位置する行政区画"@ja	<https://ja.wikipedia.org/wiki/%E5%9F%BC%E7%8E%89%E7%9C%8C%E9%81%933%E5%8F%B7%E3%81%95%E3%81%84%E3%81%9F%E3%81%BE%E6%A0%97%E6%A9%8B%E7%B7%9A>
<http://www.wikidata.org/entity/Q11427056>	"埼玉県道410号"@ja	<http://www.wikidata.org/entity/Q34442>	"道路"@ja	<http://www.wikidata.org/entity/P609>	"起終点"@ja	<https://ja.wikipedia.org/wiki/%E5%9F%BC%E7%8E%89%E7%9C%8C%E9%81%93410%E5%8F%B7%E9%B7%B2%E5%AE%AE%E5%81%9C%E8%BB%8A%E5%A0%B4%E7%B7%9A>
<http://www.wikidata.org/entity/Q11427056>	"埼玉県道410号"@ja	<http://www.wikidata.org/entity/Q34442>	"道路"@ja	<http://www.wikidata.org/entity/P131>	"位置する行政区画"@ja	<https://ja.wikipedia.org/wiki/%E5%9F%BC%E7%8E%89%E7%9C%8C%E9%81%93410%E5%8F%B7%E9%B7%B2%E5%AE%AE%E5%81%9C%E8%BB%8A%E5%A0%B4%E7%B7%9A>
<http://www.wikidata.org/entity/Q11427074>	"埼玉県道5号"@ja	<http://www.wikidata.org/entity/Q34442>	"道路"@ja	<http://www.wikidata.org/entity/P609>	"起終点"@ja	<https://ja.wikipedia.org/wiki/%E5%9F%BC%E7%8E%89%E7%9C%8C%E9%81%935%E5%8F%B7%E3%81%95%E3%81%84%E3%81%9F%E3%81%BE%E8%8F%96%E8%92%B2%E7%B7%9A>
<http://www.wikidata.org/entity/Q11427074>	"埼玉県道5号"@ja	<http://www.wikidata.org/entity/Q34442>	"道路"@ja	<http://www.wikidata.org/entity/P131>	"位置する行政区画"@ja	<https://ja.wikipedia.org/wiki/%E5%9F%BC%E7%8E%89%E7%9C%8C%E9%81%935%E5%8F%B7%E3%81%95%E3%81%84%E3%81%9F%E3%81%BE%E8%8F%96%E8%92%B2%E7%B7%9A>
<http://www.wikidata.org/entity/Q11427073>	"埼玉県道60号"@ja	<http://www.wikidata.org/entity/Q34442>	"道路"@ja	<http://www.wikidata.org/entity/P609>	"起終点"@ja	<https://ja.wikipedia.org/wiki/%E5%9F%BC%E7%8E%89%E7%9C%8C%E9%81%9360%E5%8F%B7%E7%BE%BD%E7%94%9F%E5%A4%96%E9%87%8E%E6%A0%97%E6%A9%8B%E7%B7%9A>
<http://www.wikidata.org/entity/Q11434637>	"大山村"@ja	<http://www.wikidata.org/entity/Q18663566>	"日本の廃止市区町村"@ja	<http://www.wikidata.org/entity/P3842>	"位置する現在の行政区画"@ja	<https://ja.wikipedia.org/wiki/%E5%A4%A7%E5%B1%B1%E6%9D%91_(%E5%9F%BC%E7%8E%89%E7%9C%8C)>
<http://www.wikidata.org/entity/Q11439288>	"大輪教授"@ja	<http://www.wikidata.org/entity/Q5>	"ヒト"@ja	<http://www.wikidata.org/entity/P19>	"出生地"@ja	<https://ja.wikipedia.org/wiki/%E5%A4%A7%E8%BC%AA%E6%95%99%E6%8E%88>
<http://www.wikidata.org/entity/Q11443001>	"天王山塚古墳"@ja	<http://www.wikidata.org/entity/Q1141225>	"古墳"@ja	<http://www.wikidata.org/entity/P131>	"位置する行政区画"@ja	<https://ja.wikipedia.org/wiki/%E5%A4%A9%E7%8E%8B%E5%B1%B1%E5%A1%9A%E5%8F%A4%E5%A2%B3>
<http://www.wikidata.org/entity/Q11443033>	"天王院"@ja	<http://www.wikidata.org/entity/Q5393308>	"仏教寺院"@ja	<http://www.wikidata.org/entity/P131>	"位置する行政区画"@ja	<https://ja.wikipedia.org/wiki/%E5%A4%A9%E7%8E%8B%E9%99%A2_(%E4%B9%85%E5%96%9C%E5%B8%82)>
<http://www.wikidata.org/entity/Q11444303>	"太田村"@ja	<http://www.wikidata.org/entity/Q18663566>	"日本の廃止市区町村"@ja	<http://www.wikidata.org/entity/P3842>	"位置する現在の行政区画"@ja	<https://ja.wikipedia.org/wiki/%E5%A4%AA%E7%94%B0%E6%9D%91_(%E5%9F%BC%E7%8E%89%E7%9C%8C%E5%8D%97%E5%9F%BC%E7%8E%89%E9%83%A1)>
<http://www.wikidata.org/entity/Q11444303>	"太田村"@ja	<http://www.wikidata.org/entity/Q18663566>	"日本の廃止市区町村"@ja	<http://www.wikidata.org/entity/P1366>	"後継"@ja	<https://ja.wikipedia.org/wiki/%E5%A4%AA%E7%94%B0%E6%9D%91_(%E5%9F%BC%E7%8E%89%E7%9C%8C%E5%8D%97%E5%9F%BC%E7%8E%89%E9%83%A1)>
<http://www.wikidata.org/entity/Q11444367>	"太田神社"@ja	<http://www.wikidata.org/entity/Q845945>	"神社"@ja	<http://www.wikidata.org/entity/P131>	"位置する行政区画"@ja	<https://ja.wikipedia.org/wiki/%E5%A4%AA%E7%94%B0%E7%A5%9E%E7%A4%BE_(%E4%B9%85%E5%96%9C%E5%B8%82%E4%B9%85%E5%96%9C%E5%8C%97)>
<http://www.wikidata.org/entity/Q11452591>	"宝治戸池"@ja	<http://www.wikidata.org/entity/Q3253281>	"池"@ja	<http://www.wikidata.org/entity/P131>	"位置する行政区画"@ja	<https://ja.wikipedia.org/wiki/%E5%AE%9D%E6%B2%BB%E6%88%B8%E6%B1%A0>
<http://www.wikidata.org/entity/Q11452595>	"宝泉寺池"@ja	<http://www.wikidata.org/entity/Q3253281>	"池"@ja	<http://www.wikidata.org/entity/P131>	"位置する行政区画"@ja	<https://ja.wikipedia.org/wiki/%E5%AE%9D%E6%B3%89%E5%AF%BA%E6%B1%A0>
<http://www.wikidata.org/entity/Q11461522>	"小林孝司"@ja	<http://www.wikidata.org/entity/Q5>	"ヒト"@ja	<http://www.wikidata.org/entity/P19>	"出生地"@ja	<https://ja.wikipedia.org/wiki/%E5%B0%8F%E6%9E%97%E5%AD%9D%E5%8F%B8>
<http://www.wikidata.org/entity/Q11461667>	"小林村"@ja	<http://www.wikidata.org/entity/Q18663566>	"日本の廃止市区町村"@ja	<http://www.wikidata.org/entity/P3842>	"位置する現在の行政区画"@ja	<https://ja.wikipedia.org/wiki/%E5%B0%8F%E6%9E%97%E6%9D%91_(%E5%9F%BC%E7%8E%89%E7%9C%8C)>
<http://www.wikidata.org/entity/Q11465145>	"尾山憲一"@ja	<http://www.wikidata.org/entity/Q5>	"ヒト"@ja	<http://www.wikidata.org/entity/P19>	"出生地"@ja	<https://ja.wikipedia.org/wiki/%E5%B0%BE%E5%B1%B1%E6%86%B2%E4%B8%80>
<http://www.wikidata.org/entity/Q11472021>	"岡安譲"@ja	<http://www.wikidata.org/entity/Q5>	"ヒト"@ja	<http://www.wikidata.org/entity/P19>	"出生地"@ja	<https://ja.wikipedia.org/wiki/%E5%B2%A1%E5%AE%89%E8%AD%B2>
<http://www.wikidata.org/entity/Q11481417>	"常楽寺"@ja	<http://www.wikidata.org/entity/Q5393308>	"仏教寺院"@ja	<http://www.wikidata.org/entity/P131>	"位置する行政区画"@ja	<https://ja.wikipedia.org/wiki/%E5%B8%B8%E6%A5%BD%E5%AF%BA_(%E4%B9%85%E5%96%9C%E5%B8%82)>
<http://www.wikidata.org/entity/Q11486929>	"弁天沼 (埼玉県)"@ja	<http://www.wikidata.org/entity/Q30198>	"沼"@ja	<http://www.wikidata.org/entity/P131>	"位置する行政区画"@ja	<https://ja.wikipedia.org/wiki/%E5%BC%81%E5%A4%A9%E6%B2%BC_(%E5%9F%BC%E7%8E%89%E7%9C%8C)>
<http://www.wikidata.org/entity/Q11487488>	"弦代公園"@ja	<http://www.wikidata.org/entity/Q108804646>	"都市公園 (日本)"@ja	<http://www.wikidata.org/entity/P131>	"位置する行政区画"@ja	<https://ja.wikipedia.org/wiki/%E5%BC%A6%E4%BB%A3%E5%85%AC%E5%9C%92>
<http://www.wikidata.org/entity/Q11487488>	"弦代公園"@ja	<http://www.wikidata.org/entity/Q22698>	"公園"@ja	<http://www.wikidata.org/entity/P131>	"位置する行政区画"@ja	<https://ja.wikipedia.org/wiki/%E5%BC%A6%E4%BB%A3%E5%85%AC%E5%9C%92>
<http://www.wikidata.org/entity/Q11488966>	"御嶽神社 (久喜市本町)"@ja	<http://www.wikidata.org/entity/Q845945>	"神社"@ja	<http://www.wikidata.org/entity/P131>	"位置する行政区画"@ja	<https://ja.wikipedia.org/wiki/%E5%BE%A1%E5%B6%BD%E7%A5%9E%E7%A4%BE_(%E4%B9%85%E5%96%9C%E5%B8%82%E6%9C%AC%E7%94%BA)>
<http://www.wikidata.org/entity/Q11488965>	"御嶽神社"@ja	<http://www.wikidata.org/entity/Q845945>	"神社"@ja	<http://www.wikidata.org/entity/P131>	"位置する行政区画"@ja	<https://ja.wikipedia.org/wiki/%E5%BE%A1%E5%B6%BD%E7%A5%9E%E7%A4%BE_(%E4%B9%85%E5%96%9C%E5%B8%82%E5%8D%97)>
<http://www.wikidata.org/entity/Q11489348>	"御陣山児童遊園"@ja	<http://www.wikidata.org/entity/Q22698>	"公園"@ja	<http://www.wikidata.org/entity/P131>	"位置する行政区画"@ja	<https://ja.wikipedia.org/wiki/%E5%BE%A1%E9%99%A3%E5%B1%B1%E5%85%90%E7%AB%A5%E9%81%8A%E5%9C%92>
<http://www.wikidata.org/entity/Q11493855>	"愛宕神社"@ja	<http://www.wikidata.org/entity/Q845945>	"神社"@ja	<http://www.wikidata.org/entity/P131>	"位置する行政区画"@ja	<https://ja.wikipedia.org/wiki/%E6%84%9B%E5%AE%95%E7%A5%9E%E7%A4%BE_(%E4%B9%85%E5%96%9C%E5%B8%82%E4%B9%85%E5%96%9C%E4%B8%AD%E5%A4%AE)>
<http://www.wikidata.org/entity/Q11536016>	"栗橋大利根バイパス"@ja	<http://www.wikidata.org/entity/Q34442>	"道路"@ja	<http://www.wikidata.org/entity/P131>	"位置する行政区画"@ja	<https://ja.wikipedia.org/wiki/%E6%A0%97%E6%A9%8B%E5%A4%A7%E5%88%A9%E6%A0%B9%E3%83%90%E3%82%A4%E3%83%91%E3%82%B9>
<http://www.wikidata.org/entity/Q11536133>	"栢間村"@ja	<http://www.wikidata.org/entity/Q18663566>	"日本の廃止市区町村"@ja	<http://www.wikidata.org/entity/P3842>	"位置する現在の行政区画"@ja	<https://ja.wikipedia.org/wiki/%E6%A0%A2%E9%96%93%E6%9D%91>
<http://www.wikidata.org/entity/Q11538152>	"桜田村"@ja	<http://www.wikidata.org/entity/Q18663566>	"日本の廃止市区町村"@ja	<http://www.wikidata.org/entity/P3842>	"位置する現在の行政区画"@ja	<https://ja.wikipedia.org/wiki/%E6%A1%9C%E7%94%B0%E6%9D%91>
<http://www.wikidata.org/entity/Q11542312>	"権現堂公園"@ja	<http://www.wikidata.org/entity/Q22746>	"都市公園"@ja	<http://www.wikidata.org/entity/P131>	"位置する行政区画"@ja	<https://ja.wikipedia.org/wiki/%E6%A8%A9%E7%8F%BE%E5%A0%82%E5%85%AC%E5%9C%92>
<http://www.wikidata.org/entity/Q11551388>	"江面村"@ja	<http://www.wikidata.org/entity/Q18663566>	"日本の廃止市区町村"@ja	<http://www.wikidata.org/entity/P3842>	"位置する現在の行政区画"@ja	<https://ja.wikipedia.org/wiki/%E6%B1%9F%E9%9D%A2%E6%9D%91>
<http://www.wikidata.org/entity/Q11551388>	"江面村"@ja	<http://www.wikidata.org/entity/Q18663566>	"日本の廃止市区町村"@ja	<http://www.wikidata.org/entity/P1366>	"後継"@ja	<https://ja.wikipedia.org/wiki/%E6%B1%9F%E9%9D%A2%E6%9D%91>
<http://www.wikidata.org/entity/Q11554438>	"沼井公園"@ja	<http://www.wikidata.org/entity/Q108804646>	"都市公園 (日本)"@ja	<http://www.wikidata.org/entity/P131>	"位置する行政区画"@ja	<https://ja.wikipedia.org/wiki/%E6%B2%BC%E4%BA%95%E5%85%AC%E5%9C%92>
<http://www.wikidata.org/entity/Q11554438>	"沼井公園"@ja	<http://www.wikidata.org/entity/Q22698>	"公園"@ja	<http://www.wikidata.org/entity/P131>	"位置する行政区画"@ja	<https://ja.wikipedia.org/wiki/%E6%B2%BC%E4%BA%95%E5%85%AC%E5%9C%92>
<http://www.wikidata.org/entity/Q11560451>	"清久公園"@ja	<http://www.wikidata.org/entity/Q108804646>	"都市公園 (日本)"@ja	<http://www.wikidata.org/entity/P131>	"位置する行政区画"@ja	<https://ja.wikipedia.org/wiki/%E6%B8%85%E4%B9%85%E5%85%AC%E5%9C%92>
<http://www.wikidata.org/entity/Q11560451>	"清久公園"@ja	<http://www.wikidata.org/entity/Q108804646>	"都市公園 (日本)"@ja	<http://www.wikidata.org/entity/P126>	"管理者"@ja	<https://ja.wikipedia.org/wiki/%E6%B8%85%E4%B9%85%E5%85%AC%E5%9C%92>
<http://www.wikidata.org/entity/Q11560451>	"清久公園"@ja	<http://www.wikidata.org/entity/Q22698>	"公園"@ja	<http://www.wikidata.org/entity/P131>	"位置する行政区画"@ja	<https://ja.wikipedia.org/wiki/%E6%B8%85%E4%B9%85%E5%85%AC%E5%9C%92>
<http://www.wikidata.org/entity/Q11560451>	"清久公園"@ja	<http://www.wikidata.org/entity/Q22698>	"公園"@ja	<http://www.wikidata.org/entity/P126>	"管理者"@ja	<https://ja.wikipedia.org/wiki/%E6%B8%85%E4%B9%85%E5%85%AC%E5%9C%92>
<http://www.wikidata.org/entity/Q11560454>	"清久村"@ja	<http://www.wikidata.org/entity/Q18663566>	"日本の廃止市区町村"@ja	<http://www.wikidata.org/entity/P3842>	"位置する現在の行政区画"@ja	<https://ja.wikipedia.org/wiki/%E6%B8%85%E4%B9%85%E6%9D%91>
<http://www.wikidata.org/entity/Q11560454>	"清久村"@ja	<http://www.wikidata.org/entity/Q18663566>	"日本の廃止市区町村"@ja	<http://www.wikidata.org/entity/P1366>	"後継"@ja	<https://ja.wikipedia.org/wiki/%E6%B8%85%E4%B9%85%E6%9D%91>
<http://www.wikidata.org/entity/Q11560452>	"清久工業団地"@ja	<http://www.wikidata.org/entity/Q329683>	"工業団地"@ja	<http://www.wikidata.org/entity/P131>	"位置する行政区画"@ja	<https://ja.wikipedia.org/wiki/%E6%B8%85%E4%B9%85%E5%B7%A5%E6%A5%AD%E5%9B%A3%E5%9C%B0>
<http://www.wikidata.org/entity/Q11560453>	"清久大池"@ja	<http://www.wikidata.org/entity/Q3253281>	"池"@ja	<http://www.wikidata.org/entity/P131>	"位置する行政区画"@ja	<https://ja.wikipedia.org/wiki/%E6%B8%85%E4%B9%85%E5%A4%A7%E6%B1%A0>
<http://www.wikidata.org/entity/Q11561532>	"済興寺 (久喜市)"@ja	<http://www.wikidata.org/entity/Q5393308>	"仏教寺院"@ja	<http://www.wikidata.org/entity/P131>	"位置する行政区画"@ja	<https://ja.wikipedia.org/wiki/%E6%B8%88%E8%88%88%E5%AF%BA_(%E4%B9%85%E5%96%9C%E5%B8%82)>
<http://www.wikidata.org/entity/Q11573841>	"琵琶溜井"@ja	<http://www.wikidata.org/entity/Q2551525>	"貯水施設"@ja	<http://www.wikidata.org/entity/P131>	"位置する行政区画"@ja	<https://ja.wikipedia.org/wiki/%E7%90%B5%E7%90%B6%E6%BA%9C%E4%BA%95>
<http://www.wikidata.org/entity/Q11574282>	"甘棠院"@ja	<http://www.wikidata.org/entity/Q5393308>	"仏教寺院"@ja	<http://www.wikidata.org/entity/P131>	"位置する行政区画"@ja	<https://ja.wikipedia.org/wiki/%E7%94%98%E6%A3%A0%E9%99%A2>
<http://www.wikidata.org/entity/Q11580855>	"百観音温泉"@ja	<http://www.wikidata.org/entity/Q655311>	"温泉"@ja	<http://www.wikidata.org/entity/P131>	"位置する行政区画"@ja	<https://ja.wikipedia.org/wiki/%E7%99%BE%E8%A6%B3%E9%9F%B3%E6%B8%A9%E6%B3%89>
<http://www.wikidata.org/entity/Q11585434>	"石堂和人"@ja	<http://www.wikidata.org/entity/Q5>	"ヒト"@ja	<http://www.wikidata.org/entity/P19>	"出生地"@ja	<https://ja.wikipedia.org/wiki/%E7%9F%B3%E5%A0%82%E5%92%8C%E4%BA%BA>
<http://www.wikidata.org/entity/Q11590312>	"神明神社"@ja	<http://www.wikidata.org/entity/Q845945>	"神社"@ja	<http://www.wikidata.org/entity/P131>	"位置する行政区画"@ja	<https://ja.wikipedia.org/wiki/%E7%A5%9E%E6%98%8E%E7%A5%9E%E7%A4%BE_(%E4%B9%85%E5%96%9C%E5%B8%82)>
<http://www.wikidata.org/entity/Q11596870>	"稲荷木社 (久喜市本町5丁目)"@ja	<http://www.wikidata.org/entity/Q845945>	"神社"@ja	<http://www.wikidata.org/entity/P131>	"位置する行政区画"@ja	<https://ja.wikipedia.org/wiki/%E7%A8%B2%E8%8D%B7%E6%9C%A8%E7%A4%BE>
<http://www.wikidata.org/entity/Q11619950>	"菖蒲パーキングエリア"@ja	<http://www.wikidata.org/entity/Q785979>	"パーキングエリア"@ja	<http://www.wikidata.org/entity/P131>	"位置する行政区画"@ja	<https://ja.wikipedia.org/wiki/%E8%8F%96%E8%92%B2%E3%83%91%E3%83%BC%E3%82%AD%E3%83%B3%E3%82%B0%E3%82%A8%E3%83%AA%E3%82%A2>
<http://www.wikidata.org/entity/Q11619958>	"菖蒲町菖蒲"@ja	<http://www.wikidata.org/entity/Q486972>	"集落"@ja	<http://www.wikidata.org/entity/P131>	"位置する行政区画"@ja	<https://ja.wikipedia.org/wiki/%E8%8F%96%E8%92%B2%E7%94%BA%E8%8F%96%E8%92%B2>
<http://www.wikidata.org/entity/Q11629515>	"西谷尚徳"@ja	<http://www.wikidata.org/entity/Q5>	"ヒト"@ja	<http://www.wikidata.org/entity/P19>	"出生地"@ja	<https://ja.wikipedia.org/wiki/%E8%A5%BF%E8%B0%B7%E5%B0%9A%E5%BE%B3>
<http://www.wikidata.org/entity/Q11631919>	"諏訪神社"@ja	<http://www.wikidata.org/entity/Q845945>	"神社"@ja	<http://www.wikidata.org/entity/P131>	"位置する行政区画"@ja	<https://ja.wikipedia.org/wiki/%E8%AB%8F%E8%A8%AA%E7%A5%9E%E7%A4%BE_(%E4%B9%85%E5%96%9C%E5%B8%82%E6%A0%97%E5%8E%9F)>
<http://www.wikidata.org/entity/Q11634101>	"豊田村"@ja	<http://www.wikidata.org/entity/Q18663566>	"日本の廃止市区町村"@ja	<http://www.wikidata.org/entity/P3842>	"位置する現在の行政区画"@ja	<https://ja.wikipedia.org/wiki/%E8%B1%8A%E7%94%B0%E6%9D%91_(%E5%9F%BC%E7%8E%89%E7%9C%8C)>
<http://www.wikidata.org/entity/Q11660217>	"雷電池"@ja	<http://www.wikidata.org/entity/Q3253281>	"池"@ja	<http://www.wikidata.org/entity/P131>	"位置する行政区画"@ja	<https://ja.wikipedia.org/wiki/%E9%9B%B7%E9%9B%BB%E6%B1%A0_(%E4%B9%85%E5%96%9C%E5%B8%82)>
<http://www.wikidata.org/entity/Q11662567>	"青毛五柱神社"@ja	<http://www.wikidata.org/entity/Q845945>	"神社"@ja	<http://www.wikidata.org/entity/P131>	"位置する行政区画"@ja	<https://ja.wikipedia.org/wiki/%E9%9D%92%E6%AF%9B%E4%BA%94%E6%9F%B1%E7%A5%9E%E7%A4%BE>
<http://www.wikidata.org/entity/Q11662718>	"青葉公園"@ja	<http://www.wikidata.org/entity/Q108804646>	"都市公園 (日本)"@ja	<http://www.wikidata.org/entity/P131>	"位置する行政区画"@ja	<https://ja.wikipedia.org/wiki/%E9%9D%92%E8%91%89%E5%85%AC%E5%9C%92_(%E4%B9%85%E5%96%9C%E5%B8%82)>
<http://www.wikidata.org/entity/Q11662718>	"青葉公園"@ja	<http://www.wikidata.org/entity/Q108804646>	"都市公園 (日本)"@ja	<http://www.wikidata.org/entity/P126>	"管理者"@ja	<https://ja.wikipedia.org/wiki/%E9%9D%92%E8%91%89%E5%85%AC%E5%9C%92_(%E4%B9%85%E5%96%9C%E5%B8%82)>
<http://www.wikidata.org/entity/Q11662718>	"青葉公園"@ja	<http://www.wikidata.org/entity/Q22698>	"公園"@ja	<http://www.wikidata.org/entity/P131>	"位置する行政区画"@ja	<https://ja.wikipedia.org/wiki/%E9%9D%92%E8%91%89%E5%85%AC%E5%9C%92_(%E4%B9%85%E5%96%9C%E5%B8%82)>
<http://www.wikidata.org/entity/Q11662718>	"青葉公園"@ja	<http://www.wikidata.org/entity/Q22698>	"公園"@ja	<http://www.wikidata.org/entity/P126>	"管理者"@ja	<https://ja.wikipedia.org/wiki/%E9%9D%92%E8%91%89%E5%85%AC%E5%9C%92_(%E4%B9%85%E5%96%9C%E5%B8%82)>
<http://www.wikidata.org/entity/Q11663626>	"静村"@ja	<http://www.wikidata.org/entity/Q18663566>	"日本の廃止市区町村"@ja	<http://www.wikidata.org/entity/P3842>	"位置する現在の行政区画"@ja	<https://ja.wikipedia.org/wiki/%E9%9D%99%E6%9D%91_(%E5%9F%BC%E7%8E%89%E7%9C%8C)>
<http://www.wikidata.org/entity/Q11667162>	"香取公園 (久喜市)"@ja	<http://www.wikidata.org/entity/Q108804646>	"都市公園 (日本)"@ja	<http://www.wikidata.org/entity/P131>	"位置する行政区画"@ja	<https://ja.wikipedia.org/wiki/%E9%A6%99%E5%8F%96%E5%85%AC%E5%9C%92_(%E4%B9%85%E5%96%9C%E5%B8%82)>
<http://www.wikidata.org/entity/Q11667162>	"香取公園 (久喜市)"@ja	<http://www.wikidata.org/entity/Q22698>	"公園"@ja	<http://www.wikidata.org/entity/P131>	"位置する行政区画"@ja	<https://ja.wikipedia.org/wiki/%E9%A6%99%E5%8F%96%E5%85%AC%E5%9C%92_(%E4%B9%85%E5%96%9C%E5%B8%82)>
<http://www.wikidata.org/entity/Q11667186>	"香取神社 (久喜市上川崎)"@ja	<http://www.wikidata.org/entity/Q845945>	"神社"@ja	<http://www.wikidata.org/entity/P131>	"位置する行政区画"@ja	<https://ja.wikipedia.org/wiki/%E9%A6%99%E5%8F%96%E7%A5%9E%E7%A4%BE_(%E4%B9%85%E5%96%9C%E5%B8%82%E4%B8%8A%E5%B7%9D%E5%B4%8E)>
<http://www.wikidata.org/entity/Q11667188>	"香取神社 (久喜市外野)"@ja	<http://www.wikidata.org/entity/Q845945>	"神社"@ja	<http://www.wikidata.org/entity/P131>	"位置する行政区画"@ja	<https://ja.wikipedia.org/wiki/%E9%A6%99%E5%8F%96%E7%A5%9E%E7%A4%BE_(%E4%B9%85%E5%96%9C%E5%B8%82%E5%A4%96%E9%87%8E)>
<http://www.wikidata.org/entity/Q11670541>	"高柳出己"@ja	<http://www.wikidata.org/entity/Q5>	"ヒト"@ja	<http://www.wikidata.org/entity/P19>	"出生地"@ja	<https://ja.wikipedia.org/wiki/%E9%AB%98%E6%9F%B3%E5%87%BA%E5%B7%B1>
<http://www.wikidata.org/entity/Q16264769>	"大竹秀義"@ja	<http://www.wikidata.org/entity/Q5>	"ヒト"@ja	<http://www.wikidata.org/entity/P19>	"出生地"@ja	<https://ja.wikipedia.org/wiki/%E5%A4%A7%E7%AB%B9%E7%A7%80%E7%BE%A9>
<http://www.wikidata.org/entity/Q17191869>	"あやめ公園"@ja	<http://www.wikidata.org/entity/Q22746>	"都市公園"@ja	<http://www.wikidata.org/entity/P131>	"位置する行政区画"@ja	<https://ja.wikipedia.org/wiki/%E3%81%82%E3%82%84%E3%82%81%E5%85%AC%E5%9C%92_(%E4%B9%85%E5%96%9C%E5%B8%82)>
<http://www.wikidata.org/entity/Q17191869>	"あやめ公園"@ja	<http://www.wikidata.org/entity/Q22746>	"都市公園"@ja	<http://www.wikidata.org/entity/P126>	"管理者"@ja	<https://ja.wikipedia.org/wiki/%E3%81%82%E3%82%84%E3%82%81%E5%85%AC%E5%9C%92_(%E4%B9%85%E5%96%9C%E5%B8%82)>
<http://www.wikidata.org/entity/Q17191869>	"あやめ公園"@ja	<http://www.wikidata.org/entity/Q22698>	"公園"@ja	<http://www.wikidata.org/entity/P131>	"位置する行政区画"@ja	<https://ja.wikipedia.org/wiki/%E3%81%82%E3%82%84%E3%82%81%E5%85%AC%E5%9C%92_(%E4%B9%85%E5%96%9C%E5%B8%82)>
<http://www.wikidata.org/entity/Q17191869>	"あやめ公園"@ja	<http://www.wikidata.org/entity/Q22698>	"公園"@ja	<http://www.wikidata.org/entity/P126>	"管理者"@ja	<https://ja.wikipedia.org/wiki/%E3%81%82%E3%82%84%E3%82%81%E5%85%AC%E5%9C%92_(%E4%B9%85%E5%96%9C%E5%B8%82)>
<http://www.wikidata.org/entity/Q17210373>	"福祉健康の森健康公園"@ja	<http://www.wikidata.org/entity/Q108804646>	"都市公園 (日本)"@ja	<http://www.wikidata.org/entity/P131>	"位置する行政区画"@ja	<https://ja.wikipedia.org/wiki/%E7%A6%8F%E7%A5%89%E5%81%A5%E5%BA%B7%E3%81%AE%E6%A3%AE%E5%81%A5%E5%BA%B7%E5%85%AC%E5%9C%92>
<http://www.wikidata.org/entity/Q17210373>	"福祉健康の森健康公園"@ja	<http://www.wikidata.org/entity/Q22698>	"公園"@ja	<http://www.wikidata.org/entity/P131>	"位置する行政区画"@ja	<https://ja.wikipedia.org/wiki/%E7%A6%8F%E7%A5%89%E5%81%A5%E5%BA%B7%E3%81%AE%E6%A3%AE%E5%81%A5%E5%BA%B7%E5%85%AC%E5%9C%92>
<http://www.wikidata.org/entity/Q17214982>	"鎮守の森公園"@ja	<http://www.wikidata.org/entity/Q22698>	"公園"@ja	<http://www.wikidata.org/entity/P131>	"位置する行政区画"@ja	<https://ja.wikipedia.org/wiki/%E9%8E%AE%E5%AE%88%E3%81%AE%E6%A3%AE%E5%85%AC%E5%9C%92>
<http://www.wikidata.org/entity/Q17214982>	"鎮守の森公園"@ja	<http://www.wikidata.org/entity/Q22698>	"公園"@ja	<http://www.wikidata.org/entity/P126>	"管理者"@ja	<https://ja.wikipedia.org/wiki/%E9%8E%AE%E5%AE%88%E3%81%AE%E6%A3%AE%E5%85%AC%E5%9C%92>
<http://www.wikidata.org/entity/Q17216804>	"鷲宮砂丘"@ja	<http://www.wikidata.org/entity/Q11284315>	"河畔砂丘"@ja	<http://www.wikidata.org/entity/P131>	"位置する行政区画"@ja	<https://ja.wikipedia.org/wiki/%E9%B7%B2%E5%AE%AE%E7%A0%82%E4%B8%98>
<http://www.wikidata.org/entity/Q17224451>	"太鼓田公園"@ja	<http://www.wikidata.org/entity/Q108804646>	"都市公園 (日本)"@ja	<http://www.wikidata.org/entity/P131>	"位置する行政区画"@ja	<https://ja.wikipedia.org/wiki/%E5%A4%AA%E9%BC%93%E7%94%B0%E5%85%AC%E5%9C%92>
<http://www.wikidata.org/entity/Q17224451>	"太鼓田公園"@ja	<http://www.wikidata.org/entity/Q22698>	"公園"@ja	<http://www.wikidata.org/entity/P131>	"位置する行政区画"@ja	<https://ja.wikipedia.org/wiki/%E5%A4%AA%E9%BC%93%E7%94%B0%E5%85%AC%E5%9C%92>
<http://www.wikidata.org/entity/Q17229924>	"東鷲宮ニュータウン"@ja	<http://www.wikidata.org/entity/Q12104567>	"住宅団地"@ja	<http://www.wikidata.org/entity/P131>	"位置する行政区画"@ja	<https://ja.wikipedia.org/wiki/%E6%9D%B1%E9%B7%B2%E5%AE%AE%E3%83%8B%E3%83%A5%E3%83%BC%E3%82%BF%E3%82%A6%E3%83%B3>
<http://www.wikidata.org/entity/Q17229924>	"東鷲宮ニュータウン"@ja	<http://www.wikidata.org/entity/Q41176>	"建築物"@ja	<http://www.wikidata.org/entity/P131>	"位置する行政区画"@ja	<https://ja.wikipedia.org/wiki/%E6%9D%B1%E9%B7%B2%E5%AE%AE%E3%83%8B%E3%83%A5%E3%83%BC%E3%82%BF%E3%82%A6%E3%83%B3>
<http://www.wikidata.org/entity/Q24859775>	"永勝寺"@ja	<http://www.wikidata.org/entity/Q5393308>	"仏教寺院"@ja	<http://www.wikidata.org/entity/P131>	"位置する行政区画"@ja	<https://ja.wikipedia.org/wiki/%E6%B0%B8%E5%8B%9D%E5%AF%BA_(%E4%B9%85%E5%96%9C%E5%B8%82)>
<http://www.wikidata.org/entity/Q30922989>	"守岡未央"@ja	<http://www.wikidata.org/entity/Q5>	"ヒト"@ja	<http://www.wikidata.org/entity/P19>	"出生地"@ja	<https://ja.wikipedia.org/wiki/%E5%AE%88%E5%B2%A1%E6%9C%AA%E5%A4%AE>
<http://www.wikidata.org/entity/Q86498712>	"久喜市立栗橋小学校"@ja	<http://www.wikidata.org/entity/Q5358913>	"日本の小学校"@ja	<http://www.wikidata.org/entity/P131>	"位置する行政区画"@ja	<https://ja.wikipedia.org/wiki/%E4%B9%85%E5%96%9C%E5%B8%82%E7%AB%8B%E6%A0%97%E6%A9%8B%E5%B0%8F%E5%AD%A6%E6%A0%A1>
<http://www.wikidata.org/entity/Q86498712>	"久喜市立栗橋小学校"@ja	<http://www.wikidata.org/entity/Q5358913>	"日本の小学校"@ja	<http://www.wikidata.org/entity/P126>	"管理者"@ja	<https://ja.wikipedia.org/wiki/%E4%B9%85%E5%96%9C%E5%B8%82%E7%AB%8B%E6%A0%97%E6%A9%8B%E5%B0%8F%E5%AD%A6%E6%A0%A1>
<http://www.wikidata.org/entity/Q111113820>	"関根幸太朗"@ja	<http://www.wikidata.org/entity/Q5>	"ヒト"@ja	<http://www.wikidata.org/entity/P19>	"出生地"@ja	<https://ja.wikipedia.org/wiki/%E9%96%A2%E6%A0%B9%E5%B9%B8%E5%A4%AA%E6%9C%97>
<http://www.wikidata.org/entity/Q115289942>	"青毛砂丘"@ja	<http://www.wikidata.org/entity/Q25391>	"砂丘"@ja	<http://www.wikidata.org/entity/P131>	"位置する行政区画"@ja	<https://ja.wikipedia.org/wiki/%E9%9D%92%E6%AF%9B%E7%A0%82%E4%B8%98>
<http://www.wikidata.org/entity/Q128186>	"埼玉県"@ja	<http://www.wikidata.org/entity/Q50337>	"都道府県"@ja	<http://www.wikidata.org/entity/P150>	"直下の行政区画"@ja	<https://ja.wikipedia.org/wiki/%E5%9F%BC%E7%8E%89%E7%9C%8C>
<http://www.wikidata.org/entity/Q851680>	"加須市"@ja	<http://www.wikidata.org/entity/Q1549591>	"10万都市"@ja	<http://www.wikidata.org/entity/P47>	"隣の国又は行政区画"@ja	<https://ja.wikipedia.org/wiki/%E5%8A%A0%E9%A0%88%E5%B8%82>
<http://www.wikidata.org/entity/Q851680>	"加須市"@ja	<http://www.wikidata.org/entity/Q494721>	"日本の市"@ja	<http://www.wikidata.org/entity/P47>	"隣の国又は行政区画"@ja	<https://ja.wikipedia.org/wiki/%E5%8A%A0%E9%A0%88%E5%B8%82>
<http://www.wikidata.org/entity/Q857256>	"蓮田市"@ja	<http://www.wikidata.org/entity/Q494721>	"日本の市"@ja	<http://www.wikidata.org/entity/P47>	"隣の国又は行政区画"@ja	<https://ja.wikipedia.org/wiki/%E8%93%AE%E7%94%B0%E5%B8%82>
<http://www.wikidata.org/entity/Q868971>	"幸手市"@ja	<http://www.wikidata.org/entity/Q494721>	"日本の市"@ja	<http://www.wikidata.org/entity/P47>	"隣の国又は行政区画"@ja	<https://ja.wikipedia.org/wiki/%E5%B9%B8%E6%89%8B%E5%B8%82>
<http://www.wikidata.org/entity/Q911522>	"鷲宮町"@ja	<http://www.wikidata.org/entity/Q18663566>	"日本の廃止市区町村"@ja	<http://www.wikidata.org/entity/P3842>	"位置する現在の行政区画"@ja	<https://ja.wikipedia.org/wiki/%E9%B7%B2%E5%AE%AE%E7%94%BA>
<http://www.wikidata.org/entity/Q911522>	"鷲宮町"@ja	<http://www.wikidata.org/entity/Q18663566>	"日本の廃止市区町村"@ja	<http://www.wikidata.org/entity/P1366>	"後継"@ja	<https://ja.wikipedia.org/wiki/%E9%B7%B2%E5%AE%AE%E7%94%BA>
<http://www.wikidata.org/entity/Q155317>	"宮代町"@ja	<http://www.wikidata.org/entity/Q1059478>	"日本の町"@ja	<http://www.wikidata.org/entity/P47>	"隣の国又は行政区画"@ja	<https://ja.wikipedia.org/wiki/%E5%AE%AE%E4%BB%A3%E7%94%BA>
<http://www.wikidata.org/entity/Q570333>	"桶川市"@ja	<http://www.wikidata.org/entity/Q494721>	"日本の市"@ja	<http://www.wikidata.org/entity/P47>	"隣の国又は行政区画"@ja	<https://ja.wikipedia.org/wiki/%E6%A1%B6%E5%B7%9D%E5%B8%82>
<http://www.wikidata.org/entity/Q611108>	"鷲宮神社"@ja	<http://www.wikidata.org/entity/Q845945>	"神社"@ja	<http://www.wikidata.org/entity/P131>	"位置する行政区画"@ja	<https://ja.wikipedia.org/wiki/%E9%B7%B2%E5%AE%AE%E7%A5%9E%E7%A4%BE>
<http://www.wikidata.org/entity/Q680056>	"五霞町"@ja	<http://www.wikidata.org/entity/Q1059478>	"日本の町"@ja	<http://www.wikidata.org/entity/P47>	"隣の国又は行政区画"@ja	<https://ja.wikipedia.org/wiki/%E4%BA%94%E9%9C%9E%E7%94%BA>
<http://www.wikidata.org/entity/Q734541>	"鴻巣市"@ja	<http://www.wikidata.org/entity/Q1549591>	"10万都市"@ja	<http://www.wikidata.org/entity/P47>	"隣の国又は行政区画"@ja	<https://ja.wikipedia.org/wiki/%E9%B4%BB%E5%B7%A3%E5%B8%82>
<http://www.wikidata.org/entity/Q734541>	"鴻巣市"@ja	<http://www.wikidata.org/entity/Q494721>	"日本の市"@ja	<http://www.wikidata.org/entity/P47>	"隣の国又は行政区画"@ja	<https://ja.wikipedia.org/wiki/%E9%B4%BB%E5%B7%A3%E5%B8%82>
<http://www.wikidata.org/entity/Q836836>	"古河市"@ja	<http://www.wikidata.org/entity/Q1549591>	"10万都市"@ja	<http://www.wikidata.org/entity/P47>	"隣の国又は行政区画"@ja	<https://ja.wikipedia.org/wiki/%E5%8F%A4%E6%B2%B3%E5%B8%82>
<http://www.wikidata.org/entity/Q836836>	"古河市"@ja	<http://www.wikidata.org/entity/Q494721>	"日本の市"@ja	<http://www.wikidata.org/entity/P47>	"隣の国又は行政区画"@ja	<https://ja.wikipedia.org/wiki/%E5%8F%A4%E6%B2%B3%E5%B8%82>
<http://www.wikidata.org/entity/Q843719>	"久喜駅"@ja	<http://www.wikidata.org/entity/Q55488>	"鉄道駅"@ja	<http://www.wikidata.org/entity/P131>	"位置する行政区画"@ja	<https://ja.wikipedia.org/wiki/%E4%B9%85%E5%96%9C%E9%A7%85>
<http://www.wikidata.org/entity/Q844040>	"鷲宮駅"@ja	<http://www.wikidata.org/entity/Q55488>	"鉄道駅"@ja	<http://www.wikidata.org/entity/P131>	"位置する行政区画"@ja	<https://ja.wikipedia.org/wiki/%E9%B7%B2%E5%AE%AE%E9%A7%85>
<http://www.wikidata.org/entity/Q845454>	"東鷲宮駅"@ja	<http://www.wikidata.org/entity/Q55488>	"鉄道駅"@ja	<http://www.wikidata.org/entity/P131>	"位置する行政区画"@ja	<https://ja.wikipedia.org/wiki/%E6%9D%B1%E9%B7%B2%E5%AE%AE%E9%A7%85>
<http://www.wikidata.org/entity/Q846777>	"南栗橋駅"@ja	<http://www.wikidata.org/entity/Q55488>	"鉄道駅"@ja	<http://www.wikidata.org/entity/P131>	"位置する行政区画"@ja	<https://ja.wikipedia.org/wiki/%E5%8D%97%E6%A0%97%E6%A9%8B%E9%A7%85>
<http://www.wikidata.org/entity/Q846796>	"栗橋駅"@ja	<http://www.wikidata.org/entity/Q55488>	"鉄道駅"@ja	<http://www.wikidata.org/entity/P131>	"位置する行政区画"@ja	<https://ja.wikipedia.org/wiki/%E6%A0%97%E6%A9%8B%E9%A7%85>
<http://www.wikidata.org/entity/Q996464>	"菖蒲町"@ja	<http://www.wikidata.org/entity/Q18663566>	"日本の廃止市区町村"@ja	<http://www.wikidata.org/entity/P3842>	"位置する現在の行政区画"@ja	<https://ja.wikipedia.org/wiki/%E8%8F%96%E8%92%B2%E7%94%BA>
<http://www.wikidata.org/entity/Q996464>	"菖蒲町"@ja	<http://www.wikidata.org/entity/Q18663566>	"日本の廃止市区町村"@ja	<http://www.wikidata.org/entity/P1366>	"後継"@ja	<https://ja.wikipedia.org/wiki/%E8%8F%96%E8%92%B2%E7%94%BA>
<http://www.wikidata.org/entity/Q1002916>	"栗橋町"@ja	<http://www.wikidata.org/entity/Q18663566>	"日本の廃止市区町村"@ja	<http://www.wikidata.org/entity/P3842>	"位置する現在の行政区画"@ja	<https://ja.wikipedia.org/wiki/%E6%A0%97%E6%A9%8B%E7%94%BA>
<http://www.wikidata.org/entity/Q1002916>	"栗橋町"@ja	<http://www.wikidata.org/entity/Q18663566>	"日本の廃止市区町村"@ja	<http://www.wikidata.org/entity/P1366>	"後継"@ja	<https://ja.wikipedia.org/wiki/%E6%A0%97%E6%A9%8B%E7%94%BA>
<http://www.wikidata.org/entity/Q1345322>	"白岡市"@ja	<http://www.wikidata.org/entity/Q494721>	"日本の市"@ja	<http://www.wikidata.org/entity/P47>	"隣の国又は行政区画"@ja	<https://ja.wikipedia.org/wiki/%E7%99%BD%E5%B2%A1%E5%B8%82>
<http://www.wikidata.org/entity/Q1345351>	"杉戸町"@ja	<http://www.wikidata.org/entity/Q1059478>	"日本の町"@ja	<http://www.wikidata.org/entity/P47>	"隣の国又は行政区画"@ja	<https://ja.wikipedia.org/wiki/%E6%9D%89%E6%88%B8%E7%94%BA>
<http://www.wikidata.org/entity/Q1362344>	"野辺地町"@ja	<http://www.wikidata.org/entity/Q1059478>	"日本の町"@ja	<http://www.wikidata.org/entity/P190>	"姉妹都市"@ja	<https://ja.wikipedia.org/wiki/%E9%87%8E%E8%BE%BA%E5%9C%B0%E7%94%BA>
<http://www.wikidata.org/entity/Q7499810>	"NHK菖蒲久喜ラジオ放送所"@ja	<http://www.wikidata.org/entity/Q5367899>	"送信所"@ja	<http://www.wikidata.org/entity/P131>	"位置する行政区画"@ja	<https://ja.wikipedia.org/wiki/NHK%E8%8F%96%E8%92%B2%E4%B9%85%E5%96%9C%E3%83%A9%E3%82%B8%E3%82%AA%E6%94%BE%E9%80%81%E6%89%80>
<http://www.wikidata.org/entity/Q9378384>	"Category:久喜市"@ja	<http://www.wikidata.org/entity/Q4167836>	"ウィキメディアのカテゴリ"@ja	<http://www.wikidata.org/entity/P301>	"カテゴリの中心主題"@ja	<https://ja.wikipedia.org/wiki/Category:%E4%B9%85%E5%96%9C%E5%B8%82>
<http://www.wikidata.org/entity/Q10109608>	"折原一"@ja	<http://www.wikidata.org/entity/Q5>	"ヒト"@ja	<http://www.wikidata.org/entity/P19>	"出生地"@ja	<https://ja.wikipedia.org/wiki/%E6%8A%98%E5%8E%9F%E4%B8%80>
<http://www.wikidata.org/entity/Q10863301>	"久喜藩"@ja	<http://www.wikidata.org/entity/Q841985>	"藩"@ja	<http://www.wikidata.org/entity/P36>	"行政中心地"@ja	<https://ja.wikipedia.org/wiki/%E4%B9%85%E5%96%9C%E8%97%A9>
<http://www.wikidata.org/entity/Q10877674>	"久喜インターチェンジ"@ja	<http://www.wikidata.org/entity/Q2376564>	"インターチェンジ"@ja	<http://www.wikidata.org/entity/P131>	"位置する行政区画"@ja	<https://ja.wikipedia.org/wiki/%E4%B9%85%E5%96%9C%E3%82%A4%E3%83%B3%E3%82%BF%E3%83%BC%E3%83%81%E3%82%A7%E3%83%B3%E3%82%B8>
<http://www.wikidata.org/entity/Q10877675>	"久喜白岡ジャンクション"@ja	<http://www.wikidata.org/entity/Q1788454>	"ジャンクション"@ja	<http://www.wikidata.org/entity/P131>	"位置する行政区画"@ja	<https://ja.wikipedia.org/wiki/%E4%B9%85%E5%96%9C%E7%99%BD%E5%B2%A1%E3%82%B8%E3%83%A3%E3%83%B3%E3%82%AF%E3%82%B7%E3%83%A7%E3%83%B3>
<http://www.wikidata.org/entity/Q11174065>	"鷲宮信号場"@ja	<http://www.wikidata.org/entity/Q831844>	"信号場"@ja	<http://www.wikidata.org/entity/P131>	"位置する行政区画"@ja	<https://ja.wikipedia.org/wiki/%E9%B7%B2%E5%AE%AE%E4%BF%A1%E5%8F%B7%E5%A0%B4>
<http://www.wikidata.org/entity/Q11269150>	"しょうぶの梨100年記念園"@ja	<http://www.wikidata.org/entity/Q22698>	"公園"@ja	<http://www.wikidata.org/entity/P131>	"位置する行政区画"@ja	<https://ja.wikipedia.org/wiki/%E3%81%97%E3%82%87%E3%81%86%E3%81%B6%E3%81%AE%E6%A2%A8100%E5%B9%B4%E8%A8%98%E5%BF%B5%E5%9C%92>
<http://www.wikidata.org/entity/Q11269199>	"しらさぎ公園"@ja	<http://www.wikidata.org/entity/Q108804646>	"都市公園 (日本)"@ja	<http://www.wikidata.org/entity/P131>	"位置する行政区画"@ja	<https://ja.wikipedia.org/wiki/%E3%81%97%E3%82%89%E3%81%95%E3%81%8E%E5%85%AC%E5%9C%92_(%E4%B9%85%E5%96%9C%E5%B8%82)>
<http://www.wikidata.org/entity/Q11269199>	"しらさぎ公園"@ja	<http://www.wikidata.org/entity/Q22698>	"公園"@ja	<http://www.wikidata.org/entity/P131>	"位置する行政区画"@ja	<https://ja.wikipedia.org/wiki/%E3%81%97%E3%82%89%E3%81%95%E3%81%8E%E5%85%AC%E5%9C%92_(%E4%B9%85%E5%96%9C%E5%B8%82)>
<http://www.wikidata.org/entity/Q11356932>	"三箇村"@ja	<http://www.wikidata.org/entity/Q18663566>	"日本の廃止市区町村"@ja	<http://www.wikidata.org/entity/P3842>	"位置する現在の行政区画"@ja	<https://ja.wikipedia.org/wiki/%E4%B8%89%E7%AE%87%E6%9D%91_(%E5%9F%BC%E7%8E%89%E7%9C%8C)>
<http://www.wikidata.org/entity/Q11427073>	"埼玉県道60号"@ja	<http://www.wikidata.org/entity/Q34442>	"道路"@ja	<http://www.wikidata.org/entity/P131>	"位置する行政区画"@ja	<https://ja.wikipedia.org/wiki/%E5%9F%BC%E7%8E%89%E7%9C%8C%E9%81%9360%E5%8F%B7%E7%BE%BD%E7%94%9F%E5%A4%96%E9%87%8E%E6%A0%97%E6%A9%8B%E7%B7%9A>
<http://www.wikidata.org/entity/Q11427087>	"埼玉県道77号"@ja	<http://www.wikidata.org/entity/Q34442>	"道路"@ja	<http://www.wikidata.org/entity/P131>	"位置する行政区画"@ja	<https://ja.wikipedia.org/wiki/%E5%9F%BC%E7%8E%89%E7%9C%8C%E9%81%9377%E5%8F%B7%E8%A1%8C%E7%94%B0%E8%93%AE%E7%94%B0%E7%B7%9A>
<http://www.wikidata.org/entity/Q11427091>	"埼玉県道84号"@ja	<http://www.wikidata.org/entity/Q34442>	"道路"@ja	<http://www.wikidata.org/entity/P609>	"起終点"@ja	<https://ja.wikipedia.org/wiki/%E5%9F%BC%E7%8E%89%E7%9C%8C%E9%81%9384%E5%8F%B7%E7%BE%BD%E7%94%9F%E6%A0%97%E6%A9%8B%E7%B7%9A>
<http://www.wikidata.org/entity/Q11427091>	"埼玉県道84号"@ja	<http://www.wikidata.org/entity/Q34442>	"道路"@ja	<http://www.wikidata.org/entity/P131>	"位置する行政区画"@ja	<https://ja.wikipedia.org/wiki/%E5%9F%BC%E7%8E%89%E7%9C%8C%E9%81%9384%E5%8F%B7%E7%BE%BD%E7%94%9F%E6%A0%97%E6%A9%8B%E7%B7%9A>
<http://www.wikidata.org/entity/Q11427088>	"埼玉県道78号"@ja	<http://www.wikidata.org/entity/Q34442>	"道路"@ja	<http://www.wikidata.org/entity/P609>	"起終点"@ja	<https://ja.wikipedia.org/wiki/%E5%9F%BC%E7%8E%89%E7%9C%8C%E9%81%9378%E5%8F%B7%E6%98%A5%E6%97%A5%E9%83%A8%E8%8F%96%E8%92%B2%E7%B7%9A>
<http://www.wikidata.org/entity/Q11427088>	"埼玉県道78号"@ja	<http://www.wikidata.org/entity/Q34442>	"道路"@ja	<http://www.wikidata.org/entity/P131>	"位置する行政区画"@ja	<https://ja.wikipedia.org/wiki/%E5%9F%BC%E7%8E%89%E7%9C%8C%E9%81%9378%E5%8F%B7%E6%98%A5%E6%97%A5%E9%83%A8%E8%8F%96%E8%92%B2%E7%B7%9A>
<http://www.wikidata.org/entity/Q11427095>	"埼玉県道87号"@ja	<http://www.wikidata.org/entity/Q34442>	"道路"@ja	<http://www.wikidata.org/entity/P609>	"起終点"@ja	<https://ja.wikipedia.org/wiki/%E5%9F%BC%E7%8E%89%E7%9C%8C%E9%81%9387%E5%8F%B7%E4%B8%8A%E5%B0%BE%E4%B9%85%E5%96%9C%E7%B7%9A>
<http://www.wikidata.org/entity/Q11427095>	"埼玉県道87号"@ja	<http://www.wikidata.org/entity/Q34442>	"道路"@ja	<http://www.wikidata.org/entity/P131>	"位置する行政区画"@ja	<https://ja.wikipedia.org/wiki/%E5%9F%BC%E7%8E%89%E7%9C%8C%E9%81%9387%E5%8F%B7%E4%B8%8A%E5%B0%BE%E4%B9%85%E5%96%9C%E7%B7%9A>
<http://www.wikidata.org/entity/Q11427093>	"埼玉県道85号"@ja	<http://www.wikidata.org/entity/Q34442>	"道路"@ja	<http://www.wikidata.org/entity/P609>	"起終点"@ja	<https://ja.wikipedia.org/wiki/%E5%9F%BC%E7%8E%89%E7%9C%8C%E9%81%9385%E5%8F%B7%E6%98%A5%E6%97%A5%E9%83%A8%E4%B9%85%E5%96%9C%E7%B7%9A>
<http://www.wikidata.org/entity/Q11427093>	"埼玉県道85号"@ja	<http://www.wikidata.org/entity/Q34442>	"道路"@ja	<http://www.wikidata.org/entity/P131>	"位置する行政区画"@ja	<https://ja.wikipedia.org/wiki/%E5%9F%BC%E7%8E%89%E7%9C%8C%E9%81%9385%E5%8F%B7%E6%98%A5%E6%97%A5%E9%83%A8%E4%B9%85%E5%96%9C%E7%B7%9A>
<http://www.wikidata.org/entity/Q11427132>	"埼玉県道・茨城県道268号"@ja	<http://www.wikidata.org/entity/Q34442>	"道路"@ja	<http://www.wikidata.org/entity/P609>	"起終点"@ja	<https://ja.wikipedia.org/wiki/%E5%9F%BC%E7%8E%89%E7%9C%8C%E9%81%93%E3%83%BB%E8%8C%A8%E5%9F%8E%E7%9C%8C%E9%81%93268%E5%8F%B7%E8%A5%BF%E9%96%A2%E5%AE%BF%E6%A0%97%E6%A9%8B%E7%B7%9A>
<http://www.wikidata.org/entity/Q11427132>	"埼玉県道・茨城県道268号"@ja	<http://www.wikidata.org/entity/Q34442>	"道路"@ja	<http://www.wikidata.org/entity/P131>	"位置する行政区画"@ja	<https://ja.wikipedia.org/wiki/%E5%9F%BC%E7%8E%89%E7%9C%8C%E9%81%93%E3%83%BB%E8%8C%A8%E5%9F%8E%E7%9C%8C%E9%81%93268%E5%8F%B7%E8%A5%BF%E9%96%A2%E5%AE%BF%E6%A0%97%E6%A9%8B%E7%B7%9A>
<http://www.wikidata.org/entity/Q4018499>	"渡部耕法"@ja	<http://www.wikidata.org/entity/Q5>	"ヒト"@ja	<http://www.wikidata.org/entity/P20>	"死没地"@ja	
<http://www.wikidata.org/entity/Q29033537>	"埼玉県立久喜図書館"@ja	<http://www.wikidata.org/entity/Q11582691>	"都道府県立図書館"@ja	<http://www.wikidata.org/entity/P131>	"位置する行政区画"@ja	
<http://www.wikidata.org/entity/Q35704946>	"Q35704946"	<http://www.wikidata.org/entity/Q486972>	"集落"@ja	<http://www.wikidata.org/entity/P131>	"位置する行政区画"@ja	
<http://www.wikidata.org/entity/Q35705435>	"Q35705435"	<http://www.wikidata.org/entity/Q486972>	"集落"@ja	<http://www.wikidata.org/entity/P131>	"位置する行政区画"@ja	
<http://www.wikidata.org/entity/Q40974511>	"東京理科大学久喜キャンパス"@ja	<http://www.wikidata.org/entity/Q209465>	"キャンパス"@ja	<http://www.wikidata.org/entity/P131>	"位置する行政区画"@ja	
<http://www.wikidata.org/entity/Q56436890>	"久喜市長"@ja	<http://www.wikidata.org/entity/Q4164871>	"職位"@ja	<http://www.wikidata.org/entity/P1001>	"管轄・適用区域"@ja	
<http://www.wikidata.org/entity/Q61611669>	"久喜簡易裁判所"@ja	<http://www.wikidata.org/entity/Q11603901>	"簡易裁判所"@ja	<http://www.wikidata.org/entity/P131>	"位置する行政区画"@ja	
<http://www.wikidata.org/entity/Q61886567>	"久喜市立中央図書館"@ja	<http://www.wikidata.org/entity/Q28564>	"公共図書館"@ja	<http://www.wikidata.org/entity/P276>	"場所"@ja	
<http://www.wikidata.org/entity/Q61886570>	"久喜市立栗橋文化会館図書室"@ja	<http://www.wikidata.org/entity/Q28564>	"公共図書館"@ja	<http://www.wikidata.org/entity/P276>	"場所"@ja	
<http://www.wikidata.org/entity/Q61886569>	"久喜市立菖蒲図書館"@ja	<http://www.wikidata.org/entity/Q28564>	"公共図書館"@ja	<http://www.wikidata.org/entity/P131>	"位置する行政区画"@ja	
<http://www.wikidata.org/entity/Q86498526>	"久喜市立小林小学校"@ja	<http://www.wikidata.org/entity/Q5358913>	"日本の小学校"@ja	<http://www.wikidata.org/entity/P131>	"位置する行政区画"@ja	
<http://www.wikidata.org/entity/Q86498526>	"久喜市立小林小学校"@ja	<http://www.wikidata.org/entity/Q5358913>	"日本の小学校"@ja	<http://www.wikidata.org/entity/P126>	"管理者"@ja	
<http://www.wikidata.org/entity/Q86498524>	"久喜市立菖蒲小学校"@ja	<http://www.wikidata.org/entity/Q5358913>	"日本の小学校"@ja	<http://www.wikidata.org/entity/P131>	"位置する行政区画"@ja	
<http://www.wikidata.org/entity/Q86498524>	"久喜市立菖蒲小学校"@ja	<http://www.wikidata.org/entity/Q5358913>	"日本の小学校"@ja	<http://www.wikidata.org/entity/P126>	"管理者"@ja	
<http://www.wikidata.org/entity/Q86498528>	"久喜市立三箇小学校"@ja	<http://www.wikidata.org/entity/Q5358913>	"日本の小学校"@ja	<http://www.wikidata.org/entity/P131>	"位置する行政区画"@ja	
<http://www.wikidata.org/entity/Q86498528>	"久喜市立三箇小学校"@ja	<http://www.wikidata.org/entity/Q5358913>	"日本の小学校"@ja	<http://www.wikidata.org/entity/P126>	"管理者"@ja	
<http://www.wikidata.org/entity/Q86498706>	"久喜市立菖蒲東小学校"@ja	<http://www.wikidata.org/entity/Q5358913>	"日本の小学校"@ja	<http://www.wikidata.org/entity/P131>	"位置する行政区画"@ja	
<http://www.wikidata.org/entity/Q86498706>	"久喜市立菖蒲東小学校"@ja	<http://www.wikidata.org/entity/Q5358913>	"日本の小学校"@ja	<http://www.wikidata.org/entity/P126>	"管理者"@ja	
<http://www.wikidata.org/entity/Q86498705>	"久喜市立栢間小学校"@ja	<http://www.wikidata.org/entity/Q5358913>	"日本の小学校"@ja	<http://www.wikidata.org/entity/P131>	"位置する行政区画"@ja	
<http://www.wikidata.org/entity/Q86498705>	"久喜市立栢間小学校"@ja	<http://www.wikidata.org/entity/Q5358913>	"日本の小学校"@ja	<http://www.wikidata.org/entity/P126>	"管理者"@ja	
<http://www.wikidata.org/entity/Q86498710>	"久喜市立栗橋南小学校"@ja	<http://www.wikidata.org/entity/Q5358913>	"日本の小学校"@ja	<http://www.wikidata.org/entity/P131>	"位置する行政区画"@ja	
<http://www.wikidata.org/entity/Q86498710>	"久喜市立栗橋南小学校"@ja	<http://www.wikidata.org/entity/Q5358913>	"日本の小学校"@ja	<http://www.wikidata.org/entity/P126>	"管理者"@ja	
<http://www.wikidata.org/entity/Q86498708>	"久喜市立栗橋西小学校"@ja	<http://www.wikidata.org/entity/Q5358913>	"日本の小学校"@ja	<http://www.wikidata.org/entity/P131>	"位置する行政区画"@ja	
<http://www.wikidata.org/entity/Q86498708>	"久喜市立栗橋西小学校"@ja	<http://www.wikidata.org/entity/Q5358913>	"日本の小学校"@ja	<http://www.wikidata.org/entity/P126>	"管理者"@ja	
<http://www.wikidata.org/entity/Q86498714>	"久喜市立鷲宮小学校"@ja	<http://www.wikidata.org/entity/Q5358913>	"日本の小学校"@ja	<http://www.wikidata.org/entity/P131>	"位置する行政区画"@ja	
<http://www.wikidata.org/entity/Q86498714>	"久喜市立鷲宮小学校"@ja	<http://www.wikidata.org/entity/Q5358913>	"日本の小学校"@ja	<http://www.wikidata.org/entity/P126>	"管理者"@ja	
<http://www.wikidata.org/entity/Q86498719>	"久喜市立上内小学校"@ja	<http://www.wikidata.org/entity/Q5358913>	"日本の小学校"@ja	<http://www.wikidata.org/entity/P131>	"位置する行政区画"@ja	
<http://www.wikidata.org/entity/Q86498719>	"久喜市立上内小学校"@ja	<http://www.wikidata.org/entity/Q5358913>	"日本の小学校"@ja	<http://www.wikidata.org/entity/P126>	"管理者"@ja	
<http://www.wikidata.org/entity/Q86498716>	"久喜市立桜田小学校"@ja	<http://www.wikidata.org/entity/Q5358913>	"日本の小学校"@ja	<http://www.wikidata.org/entity/P131>	"位置する行政区画"@ja	
<http://www.wikidata.org/entity/Q86498716>	"久喜市立桜田小学校"@ja	<http://www.wikidata.org/entity/Q5358913>	"日本の小学校"@ja	<http://www.wikidata.org/entity/P126>	"管理者"@ja	
<http://www.wikidata.org/entity/Q86498721>	"久喜市立砂原小学校"@ja	<http://www.wikidata.org/entity/Q5358913>	"日本の小学校"@ja	<http://www.wikidata.org/entity/P131>	"位置する行政区画"@ja	
<http://www.wikidata.org/entity/Q86498721>	"久喜市立砂原小学校"@ja	<http://www.wikidata.org/entity/Q5358913>	"日本の小学校"@ja	<http://www.wikidata.org/entity/P126>	"管理者"@ja	
<http://www.wikidata.org/entity/Q86498724>	"久喜市立東鷲宮小学校"@ja	<http://www.wikidata.org/entity/Q5358913>	"日本の小学校"@ja	<http://www.wikidata.org/entity/P131>	"位置する行政区画"@ja	
<http://www.wikidata.org/entity/Q86498724>	"久喜市立東鷲宮小学校"@ja	<http://www.wikidata.org/entity/Q5358913>	"日本の小学校"@ja	<http://www.wikidata.org/entity/P126>	"管理者"@ja	
<http://www.wikidata.org/entity/Q86627659>	"久喜市立菖蒲南中学校"@ja	<http://www.wikidata.org/entity/Q55521176>	"日本の中学校"@ja	<http://www.wikidata.org/entity/P131>	"位置する行政区画"@ja	
<http://www.wikidata.org/entity/Q86627659>	"久喜市立菖蒲南中学校"@ja	<http://www.wikidata.org/entity/Q55521176>	"日本の中学校"@ja	<http://www.wikidata.org/entity/P126>	"管理者"@ja	
<http://www.wikidata.org/entity/Q86627656>	"久喜市立菖蒲中学校"@ja	<http://www.wikidata.org/entity/Q55521176>	"日本の中学校"@ja	<http://www.wikidata.org/entity/P131>	"位置する行政区画"@ja	
<http://www.wikidata.org/entity/Q86627656>	"久喜市立菖蒲中学校"@ja	<http://www.wikidata.org/entity/Q55521176>	"日本の中学校"@ja	<http://www.wikidata.org/entity/P126>	"管理者"@ja	
<http://www.wikidata.org/entity/Q86627663>	"久喜市立鷲宮西中学校"@ja	<http://www.wikidata.org/entity/Q55521176>	"日本の中学校"@ja	<http://www.wikidata.org/entity/P131>	"位置する行政区画"@ja	
<http://www.wikidata.org/entity/Q86627663>	"久喜市立鷲宮西中学校"@ja	<http://www.wikidata.org/entity/Q55521176>	"日本の中学校"@ja	<http://www.wikidata.org/entity/P126>	"管理者"@ja	
<http://www.wikidata.org/entity/Q86627661>	"久喜市立栗橋西中学校"@ja	<http://www.wikidata.org/entity/Q55521176>	"日本の中学校"@ja	<http://www.wikidata.org/entity/P131>	"位置する行政区画"@ja	
<http://www.wikidata.org/entity/Q86627661>	"久喜市立栗橋西中学校"@ja	<http://www.wikidata.org/entity/Q55521176>	"日本の中学校"@ja	<http://www.wikidata.org/entity/P126>	"管理者"@ja	
<http://www.wikidata.org/entity/Q99879408>	"静村"@ja	<http://www.wikidata.org/entity/Q18663566>	"日本の廃止市区町村"@ja	<http://www.wikidata.org/entity/P3842>	"位置する現在の行政区画"@ja	
<http://www.wikidata.org/entity/Q99879409>	"豊田村"@ja	<http://www.wikidata.org/entity/Q18663566>	"日本の廃止市区町村"@ja	<http://www.wikidata.org/entity/P3842>	"位置する現在の行政区画"@ja	
<http://www.wikidata.org/entity/Q108188885>	"Q108188885"	<http://www.wikidata.org/entity/Q5>	"ヒト"@ja	<http://www.wikidata.org/entity/P19>	"出生地"@ja	
<http://www.wikidata.org/entity/Q115156808>	"江面小学校"@ja	<http://www.wikidata.org/entity/Q5358913>	"日本の小学校"@ja	<http://www.wikidata.org/entity/P131>	"位置する行政区画"@ja	
<http://www.wikidata.org/entity/Q116094238>	"小右衛門村一里塚"@ja	<http://www.wikidata.org/entity/Q846760>	"一里塚"@ja	<http://www.wikidata.org/entity/P131>	"位置する行政区画"@ja	
