?s	?sLabel	?type	?typeLabel	?prop	?propLabel	?jwiki
<http://www.wikidata.org/entity/Q128186>	"埼玉県"@ja	<http://www.wikidata.org/entity/Q50337>	"都道府県"@ja	<http://www.wikidata.org/entity/P150>	"直下の行政区画"@ja	<https://ja.wikipedia.org/wiki/%E5%9F%BC%E7%8E%89%E7%9C%8C>
<http://www.wikidata.org/entity/Q185238>	"三芳町"@ja	<http://www.wikidata.org/entity/Q1059478>	"日本の町"@ja	<http://www.wikidata.org/entity/P47>	"隣の国又は行政区画"@ja	<https://ja.wikipedia.org/wiki/%E4%B8%89%E8%8A%B3%E7%94%BA>
<http://www.wikidata.org/entity/Q319740>	"川越市"@ja	<http://www.wikidata.org/entity/Q1549591>	"10万都市"@ja	<http://www.wikidata.org/entity/P47>	"隣の国又は行政区画"@ja	<https://ja.wikipedia.org/wiki/%E5%B7%9D%E8%B6%8A%E5%B8%82>
<http://www.wikidata.org/entity/Q319740>	"川越市"@ja	<http://www.wikidata.org/entity/Q1137833>	"中核市"@ja	<http://www.wikidata.org/entity/P47>	"隣の国又は行政区画"@ja	<https://ja.wikipedia.org/wiki/%E5%B7%9D%E8%B6%8A%E5%B8%82>
<http://www.wikidata.org/entity/Q495809>	"富士見市"@ja	<http://www.wikidata.org/entity/Q1549591>	"10万都市"@ja	<http://www.wikidata.org/entity/P47>	"隣の国又は行政区画"@ja	<https://ja.wikipedia.org/wiki/%E5%AF%8C%E5%A3%AB%E8%A6%8B%E5%B8%82>
<http://www.wikidata.org/entity/Q495809>	"富士見市"@ja	<http://www.wikidata.org/entity/Q494721>	"日本の市"@ja	<http://www.wikidata.org/entity/P47>	"隣の国又は行政区画"@ja	<https://ja.wikipedia.org/wiki/%E5%AF%8C%E5%A3%AB%E8%A6%8B%E5%B8%82>
<http://www.wikidata.org/entity/Q1349094>	"上福岡市"@ja	<http://www.wikidata.org/entity/Q18663566>	"日本の廃止市区町村"@ja	<http://www.wikidata.org/entity/P3842>	"位置する現在の行政区画"@ja	<https://ja.wikipedia.org/wiki/%E4%B8%8A%E7%A6%8F%E5%B2%A1%E5%B8%82>
<http://www.wikidata.org/entity/Q1349094>	"上福岡市"@ja	<http://www.wikidata.org/entity/Q18663566>	"日本の廃止市区町村"@ja	<http://www.wikidata.org/entity/P1366>	"後継"@ja	<https://ja.wikipedia.org/wiki/%E4%B8%8A%E7%A6%8F%E5%B2%A1%E5%B8%82>
<http://www.wikidata.org/entity/Q3594022>	"大井町"@ja	<http://www.wikidata.org/entity/Q18663566>	"日本の廃止市区町村"@ja	<http://www.wikidata.org/entity/P3842>	"位置する現在の行政区画"@ja	<https://ja.wikipedia.org/wiki/%E5%A4%A7%E4%BA%95%E7%94%BA_(%E5%9F%BC%E7%8E%89%E7%9C%8C)>
<http://www.wikidata.org/entity/Q3594022>	"大井町"@ja	<http://www.wikidata.org/entity/Q18663566>	"日本の廃止市区町村"@ja	<http://www.wikidata.org/entity/P1366>	"後継"@ja	<https://ja.wikipedia.org/wiki/%E5%A4%A7%E4%BA%95%E7%94%BA_(%E5%9F%BC%E7%8E%89%E7%9C%8C)>
<http://www.wikidata.org/entity/Q5760399>	"太田光"@ja	<http://www.wikidata.org/entity/Q5>	"ヒト"@ja	<http://www.wikidata.org/entity/P19>	"出生地"@ja	<https://ja.wikipedia.org/wiki/%E5%A4%AA%E7%94%B0%E5%85%89>
<http://www.wikidata.org/entity/Q6157049>	"国道254号"@ja	<http://www.wikidata.org/entity/Q34442>	"道路"@ja	<http://www.wikidata.org/entity/P1302>	"主な経由都市"@ja	<https://ja.wikipedia.org/wiki/%E5%9B%BD%E9%81%93254%E5%8F%B7>
<http://www.wikidata.org/entity/Q9438343>	"Category:ふじみ野市"@ja	<http://www.wikidata.org/entity/Q4167836>	"ウィキメディアのカテゴリ"@ja	<http://www.wikidata.org/entity/P301>	"カテゴリの中心主題"@ja	<https://ja.wikipedia.org/wiki/Category:%E3%81%B5%E3%81%98%E3%81%BF%E9%87%8E%E5%B8%82>
<http://www.wikidata.org/entity/Q11277078>	"ふじみ野市立上野台小学校"@ja	<http://www.wikidata.org/entity/Q5358913>	"日本の小学校"@ja	<http://www.wikidata.org/entity/P131>	"位置する行政区画"@ja	<https://ja.wikipedia.org/wiki/%E3%81%B5%E3%81%98%E3%81%BF%E9%87%8E%E5%B8%82%E7%AB%8B%E4%B8%8A%E9%87%8E%E5%8F%B0%E5%B0%8F%E5%AD%A6%E6%A0%A1>
<http://www.wikidata.org/entity/Q11277078>	"ふじみ野市立上野台小学校"@ja	<http://www.wikidata.org/entity/Q5358913>	"日本の小学校"@ja	<http://www.wikidata.org/entity/P126>	"管理者"@ja	<https://ja.wikipedia.org/wiki/%E3%81%B5%E3%81%98%E3%81%BF%E9%87%8E%E5%B8%82%E7%AB%8B%E4%B8%8A%E9%87%8E%E5%8F%B0%E5%B0%8F%E5%AD%A6%E6%A0%A1>
<http://www.wikidata.org/entity/Q11277076>	"ふじみ野市立上福岡歴史民俗資料館"@ja	<http://www.wikidata.org/entity/Q25047682>	"民俗博物館"@ja	<http://www.wikidata.org/entity/P131>	"位置する行政区画"@ja	<https://ja.wikipedia.org/wiki/%E3%81%B5%E3%81%98%E3%81%BF%E9%87%8E%E5%B8%82%E7%AB%8B%E4%B8%8A%E7%A6%8F%E5%B2%A1%E6%AD%B4%E5%8F%B2%E6%B0%91%E4%BF%97%E8%B3%87%E6%96%99%E9%A4%A8>
<http://www.wikidata.org/entity/Q11277076>	"ふじみ野市立上福岡歴史民俗資料館"@ja	<http://www.wikidata.org/entity/Q16735822>	"歴史博物館"@ja	<http://www.wikidata.org/entity/P131>	"位置する行政区画"@ja	<https://ja.wikipedia.org/wiki/%E3%81%B5%E3%81%98%E3%81%BF%E9%87%8E%E5%B8%82%E7%AB%8B%E4%B8%8A%E7%A6%8F%E5%B2%A1%E6%AD%B4%E5%8F%B2%E6%B0%91%E4%BF%97%E8%B3%87%E6%96%99%E9%A4%A8>
<http://www.wikidata.org/entity/Q11277083>	"ふじみ野市立鶴ヶ丘小学校"@ja	<http://www.wikidata.org/entity/Q5358913>	"日本の小学校"@ja	<http://www.wikidata.org/entity/P131>	"位置する行政区画"@ja	<https://ja.wikipedia.org/wiki/%E3%81%B5%E3%81%98%E3%81%BF%E9%87%8E%E5%B8%82%E7%AB%8B%E9%B6%B4%E3%83%B6%E4%B8%98%E5%B0%8F%E5%AD%A6%E6%A0%A1>
<http://www.wikidata.org/entity/Q11277083>	"ふじみ野市立鶴ヶ丘小学校"@ja	<http://www.wikidata.org/entity/Q5358913>	"日本の小学校"@ja	<http://www.wikidata.org/entity/P126>	"管理者"@ja	<https://ja.wikipedia.org/wiki/%E3%81%B5%E3%81%98%E3%81%BF%E9%87%8E%E5%B8%82%E7%AB%8B%E9%B6%B4%E3%83%B6%E4%B8%98%E5%B0%8F%E5%AD%A6%E6%A0%A1>
<http://www.wikidata.org/entity/Q11277080>	"ふじみ野市立大井郷土資料館"@ja	<http://www.wikidata.org/entity/Q1595639>	"郷土博物館"@ja	<http://www.wikidata.org/entity/P131>	"位置する行政区画"@ja	<https://ja.wikipedia.org/wiki/%E3%81%B5%E3%81%98%E3%81%BF%E9%87%8E%E5%B8%82%E7%AB%8B%E5%A4%A7%E4%BA%95%E9%83%B7%E5%9C%9F%E8%B3%87%E6%96%99%E9%A4%A8>
<http://www.wikidata.org/entity/Q11277081>	"ふじみ野市立福岡中学校"@ja	<http://www.wikidata.org/entity/Q55521176>	"日本の中学校"@ja	<http://www.wikidata.org/entity/P131>	"位置する行政区画"@ja	<https://ja.wikipedia.org/wiki/%E3%81%B5%E3%81%98%E3%81%BF%E9%87%8E%E5%B8%82%E7%AB%8B%E7%A6%8F%E5%B2%A1%E4%B8%AD%E5%AD%A6%E6%A0%A1>
<http://www.wikidata.org/entity/Q11277081>	"ふじみ野市立福岡中学校"@ja	<http://www.wikidata.org/entity/Q55521176>	"日本の中学校"@ja	<http://www.wikidata.org/entity/P126>	"管理者"@ja	<https://ja.wikipedia.org/wiki/%E3%81%B5%E3%81%98%E3%81%BF%E9%87%8E%E5%B8%82%E7%AB%8B%E7%A6%8F%E5%B2%A1%E4%B8%AD%E5%AD%A6%E6%A0%A1>
<http://www.wikidata.org/entity/Q11338168>	"ホンダテクニカルカレッジ関東"@ja	<http://www.wikidata.org/entity/Q24898692>	"専修学校"@ja	<http://www.wikidata.org/entity/P131>	"位置する行政区画"@ja	<https://ja.wikipedia.org/wiki/%E3%83%9B%E3%83%B3%E3%83%80%E3%83%86%E3%82%AF%E3%83%8B%E3%82%AB%E3%83%AB%E3%82%AB%E3%83%AC%E3%83%83%E3%82%B8%E9%96%A2%E6%9D%B1>
<http://www.wikidata.org/entity/Q11360002>	"上福岡駅"@ja	<http://www.wikidata.org/entity/Q55488>	"鉄道駅"@ja	<http://www.wikidata.org/entity/P131>	"位置する行政区画"@ja	<https://ja.wikipedia.org/wiki/%E4%B8%8A%E7%A6%8F%E5%B2%A1%E9%A7%85>
<http://www.wikidata.org/entity/Q11413923>	"渡辺正和"@ja	<http://www.wikidata.org/entity/Q5>	"ヒト"@ja	<http://www.wikidata.org/entity/P19>	"出生地"@ja	<https://ja.wikipedia.org/wiki/%E6%B8%A1%E8%BE%BA%E6%AD%A3%E5%92%8C_(%E6%A3%8B%E5%A3%AB)>
<http://www.wikidata.org/entity/Q11426633>	"埼玉県立大井高等学校"@ja	<http://www.wikidata.org/entity/Q56351315>	"日本の高等学校"@ja	<http://www.wikidata.org/entity/P131>	"位置する行政区画"@ja	<https://ja.wikipedia.org/wiki/%E5%9F%BC%E7%8E%89%E7%9C%8C%E7%AB%8B%E5%A4%A7%E4%BA%95%E9%AB%98%E7%AD%89%E5%AD%A6%E6%A0%A1>
<http://www.wikidata.org/entity/Q11426740>	"埼玉県立福岡高等学校"@ja	<http://www.wikidata.org/entity/Q56351315>	"日本の高等学校"@ja	<http://www.wikidata.org/entity/P131>	"位置する行政区画"@ja	<https://ja.wikipedia.org/wiki/%E5%9F%BC%E7%8E%89%E7%9C%8C%E7%AB%8B%E7%A6%8F%E5%B2%A1%E9%AB%98%E7%AD%89%E5%AD%A6%E6%A0%A1>
<http://www.wikidata.org/entity/Q11426875>	"埼玉県道163号"@ja	<http://www.wikidata.org/entity/Q34442>	"道路"@ja	<http://www.wikidata.org/entity/P609>	"起終点"@ja	<https://ja.wikipedia.org/wiki/%E5%9F%BC%E7%8E%89%E7%9C%8C%E9%81%93163%E5%8F%B7%E7%8B%AD%E5%B1%B1%E3%81%B5%E3%81%98%E3%81%BF%E9%87%8E%E7%B7%9A>
<http://www.wikidata.org/entity/Q11426875>	"埼玉県道163号"@ja	<http://www.wikidata.org/entity/Q34442>	"道路"@ja	<http://www.wikidata.org/entity/P131>	"位置する行政区画"@ja	<https://ja.wikipedia.org/wiki/%E5%9F%BC%E7%8E%89%E7%9C%8C%E9%81%93163%E5%8F%B7%E7%8B%AD%E5%B1%B1%E3%81%B5%E3%81%98%E3%81%BF%E9%87%8E%E7%B7%9A>
<http://www.wikidata.org/entity/Q11426948>	"埼玉県道266号"@ja	<http://www.wikidata.org/entity/Q34442>	"道路"@ja	<http://www.wikidata.org/entity/P609>	"起終点"@ja	<https://ja.wikipedia.org/wiki/%E5%9F%BC%E7%8E%89%E7%9C%8C%E9%81%93266%E5%8F%B7%E3%81%B5%E3%81%98%E3%81%BF%E9%87%8E%E6%9C%9D%E9%9C%9E%E7%B7%9A>
<http://www.wikidata.org/entity/Q11426948>	"埼玉県道266号"@ja	<http://www.wikidata.org/entity/Q34442>	"道路"@ja	<http://www.wikidata.org/entity/P131>	"位置する行政区画"@ja	<https://ja.wikipedia.org/wiki/%E5%9F%BC%E7%8E%89%E7%9C%8C%E9%81%93266%E5%8F%B7%E3%81%B5%E3%81%98%E3%81%BF%E9%87%8E%E6%9C%9D%E9%9C%9E%E7%B7%9A>
<http://www.wikidata.org/entity/Q11426952>	"埼玉県道272号"@ja	<http://www.wikidata.org/entity/Q34442>	"道路"@ja	<http://www.wikidata.org/entity/P609>	"起終点"@ja	<https://ja.wikipedia.org/wiki/%E5%9F%BC%E7%8E%89%E7%9C%8C%E9%81%93272%E5%8F%B7%E6%9D%B1%E5%A4%A7%E4%B9%85%E4%BF%9D%E3%81%B5%E3%81%98%E3%81%BF%E9%87%8E%E7%B7%9A>
<http://www.wikidata.org/entity/Q11426952>	"埼玉県道272号"@ja	<http://www.wikidata.org/entity/Q34442>	"道路"@ja	<http://www.wikidata.org/entity/P131>	"位置する行政区画"@ja	<https://ja.wikipedia.org/wiki/%E5%9F%BC%E7%8E%89%E7%9C%8C%E9%81%93272%E5%8F%B7%E6%9D%B1%E5%A4%A7%E4%B9%85%E4%BF%9D%E3%81%B5%E3%81%98%E3%81%BF%E9%87%8E%E7%B7%9A>
<http://www.wikidata.org/entity/Q11426988>	"埼玉県道335号"@ja	<http://www.wikidata.org/entity/Q34442>	"道路"@ja	<http://www.wikidata.org/entity/P609>	"起終点"@ja	<https://ja.wikipedia.org/wiki/%E5%9F%BC%E7%8E%89%E7%9C%8C%E9%81%93335%E5%8F%B7%E4%B8%A6%E6%9C%A8%E5%B7%9D%E5%B4%8E%E7%B7%9A>
<http://www.wikidata.org/entity/Q11426988>	"埼玉県道335号"@ja	<http://www.wikidata.org/entity/Q34442>	"道路"@ja	<http://www.wikidata.org/entity/P131>	"位置する行政区画"@ja	<https://ja.wikipedia.org/wiki/%E5%9F%BC%E7%8E%89%E7%9C%8C%E9%81%93335%E5%8F%B7%E4%B8%A6%E6%9C%A8%E5%B7%9D%E5%B4%8E%E7%B7%9A>
<http://www.wikidata.org/entity/Q11427071>	"埼玉県道56号"@ja	<http://www.wikidata.org/entity/Q34442>	"道路"@ja	<http://www.wikidata.org/entity/P131>	"位置する行政区画"@ja	<https://ja.wikipedia.org/wiki/%E5%9F%BC%E7%8E%89%E7%9C%8C%E9%81%9356%E5%8F%B7%E3%81%95%E3%81%84%E3%81%9F%E3%81%BE%E3%81%B5%E3%81%98%E3%81%BF%E9%87%8E%E6%89%80%E6%B2%A2%E7%B7%9A>
<http://www.wikidata.org/entity/Q11427081>	"埼玉県道6号"@ja	<http://www.wikidata.org/entity/Q34442>	"道路"@ja	<http://www.wikidata.org/entity/P131>	"位置する行政区画"@ja	<https://ja.wikipedia.org/wiki/%E5%9F%BC%E7%8E%89%E7%9C%8C%E9%81%936%E5%8F%B7%E5%B7%9D%E8%B6%8A%E6%89%80%E6%B2%A2%E7%B7%9A>
<http://www.wikidata.org/entity/Q11435951>	"大杉神社"@ja	<http://www.wikidata.org/entity/Q845945>	"神社"@ja	<http://www.wikidata.org/entity/P131>	"位置する行政区画"@ja	<https://ja.wikipedia.org/wiki/%E5%A4%A7%E6%9D%89%E7%A5%9E%E7%A4%BE_(%E3%81%B5%E3%81%98%E3%81%BF%E9%87%8E%E5%B8%82)>
<http://www.wikidata.org/entity/Q11454108>	"宮島大輔"@ja	<http://www.wikidata.org/entity/Q5>	"ヒト"@ja	<http://www.wikidata.org/entity/P19>	"出生地"@ja	<https://ja.wikipedia.org/wiki/%E5%AE%AE%E5%B3%B6%E5%A4%A7%E8%BC%94>
<http://www.wikidata.org/entity/Q11478832>	"川村陽介"@ja	<http://www.wikidata.org/entity/Q5>	"ヒト"@ja	<http://www.wikidata.org/entity/P19>	"出生地"@ja	<https://ja.wikipedia.org/wiki/%E5%B7%9D%E6%9D%91%E9%99%BD%E4%BB%8B>
<http://www.wikidata.org/entity/Q11652191>	"長峰由紀"@ja	<http://www.wikidata.org/entity/Q5>	"ヒト"@ja	<http://www.wikidata.org/entity/P19>	"出生地"@ja	<https://ja.wikipedia.org/wiki/%E9%95%B7%E5%B3%B0%E7%94%B1%E7%B4%80>
<http://www.wikidata.org/entity/Q11671124>	"高橋和幸"@ja	<http://www.wikidata.org/entity/Q5>	"ヒト"@ja	<http://www.wikidata.org/entity/P19>	"出生地"@ja	<https://ja.wikipedia.org/wiki/%E9%AB%98%E6%A9%8B%E5%92%8C%E5%B9%B8>
<http://www.wikidata.org/entity/Q17191306>	"ふじみ野市立葦原中学校"@ja	<http://www.wikidata.org/entity/Q55521176>	"日本の中学校"@ja	<http://www.wikidata.org/entity/P131>	"位置する行政区画"@ja	<https://ja.wikipedia.org/wiki/%E3%81%B5%E3%81%98%E3%81%BF%E9%87%8E%E5%B8%82%E7%AB%8B%E8%91%A6%E5%8E%9F%E4%B8%AD%E5%AD%A6%E6%A0%A1>
<http://www.wikidata.org/entity/Q17191306>	"ふじみ野市立葦原中学校"@ja	<http://www.wikidata.org/entity/Q55521176>	"日本の中学校"@ja	<http://www.wikidata.org/entity/P126>	"管理者"@ja	<https://ja.wikipedia.org/wiki/%E3%81%B5%E3%81%98%E3%81%BF%E9%87%8E%E5%B8%82%E7%AB%8B%E8%91%A6%E5%8E%9F%E4%B8%AD%E5%AD%A6%E6%A0%A1>
<http://www.wikidata.org/entity/Q17211975>	"埼玉県立ふじみ野高等学校"@ja	<http://www.wikidata.org/entity/Q56351315>	"日本の高等学校"@ja	<http://www.wikidata.org/entity/P131>	"位置する行政区画"@ja	<https://ja.wikipedia.org/wiki/%E5%9F%BC%E7%8E%89%E7%9C%8C%E7%AB%8B%E3%81%B5%E3%81%98%E3%81%BF%E9%87%8E%E9%AB%98%E7%AD%89%E5%AD%A6%E6%A0%A1>
<http://www.wikidata.org/entity/Q21653483>	"滝"@ja	<http://www.wikidata.org/entity/Q5327369>	"町丁"@ja	<http://www.wikidata.org/entity/P131>	"位置する行政区画"@ja	<https://ja.wikipedia.org/wiki/%E6%BB%9D_(%E3%81%B5%E3%81%98%E3%81%BF%E9%87%8E%E5%B8%82)>
<http://www.wikidata.org/entity/Q28684403>	"ふじみ野市議会"@ja	<http://www.wikidata.org/entity/Q107199651>	"市議会"@ja	<http://www.wikidata.org/entity/P1001>	"管轄・適用区域"@ja	<https://ja.wikipedia.org/wiki/%E3%81%B5%E3%81%98%E3%81%BF%E9%87%8E%E5%B8%82%E8%AD%B0%E4%BC%9A>
<http://www.wikidata.org/entity/Q28686133>	"ふじみ野市立福岡河岸記念館"@ja	<http://www.wikidata.org/entity/Q2087181>	"歴史的家屋の博物館"@ja	<http://www.wikidata.org/entity/P131>	"位置する行政区画"@ja	<https://ja.wikipedia.org/wiki/%E3%81%B5%E3%81%98%E3%81%BF%E9%87%8E%E5%B8%82%E7%AB%8B%E7%A6%8F%E5%B2%A1%E6%B2%B3%E5%B2%B8%E8%A8%98%E5%BF%B5%E9%A4%A8>
<http://www.wikidata.org/entity/Q65260488>	"学校法人ホンダ学園"@ja	<http://www.wikidata.org/entity/Q11448283>	"学校法人"@ja	<http://www.wikidata.org/entity/P159>	"本部所在地"@ja	<https://ja.wikipedia.org/wiki/%E5%AD%A6%E6%A0%A1%E6%B3%95%E4%BA%BA%E3%83%9B%E3%83%B3%E3%83%80%E5%AD%A6%E5%9C%92>
<http://www.wikidata.org/entity/Q66586452>	"石川瑠華"@ja	<http://www.wikidata.org/entity/Q5>	"ヒト"@ja	<http://www.wikidata.org/entity/P19>	"出生地"@ja	<https://ja.wikipedia.org/wiki/%E7%9F%B3%E5%B7%9D%E7%91%A0%E8%8F%AF>
<http://www.wikidata.org/entity/Q107410071>	"駒林八幡神社"@ja	<http://www.wikidata.org/entity/Q845945>	"神社"@ja	<http://www.wikidata.org/entity/P131>	"位置する行政区画"@ja	<https://ja.wikipedia.org/wiki/%E9%A7%92%E6%9E%97%E5%85%AB%E5%B9%A1%E7%A5%9E%E7%A4%BE>
<http://www.wikidata.org/entity/Q108110193>	"澤田由佳"@ja	<http://www.wikidata.org/entity/Q5>	"ヒト"@ja	<http://www.wikidata.org/entity/P19>	"出生地"@ja	<https://ja.wikipedia.org/wiki/%E6%BE%A4%E7%94%B0%E7%94%B1%E4%BD%B3_(%E3%83%90%E3%83%AC%E3%83%BC%E3%83%9C%E3%83%BC%E3%83%AB)>
<http://www.wikidata.org/entity/Q112065169>	"ふじみ野市散弾銃男立てこもり事件"@ja	<http://www.wikidata.org/entity/Q28100974>	"監禁"@ja	<http://www.wikidata.org/entity/P276>	"場所"@ja	<https://ja.wikipedia.org/wiki/%E3%81%B5%E3%81%98%E3%81%BF%E9%87%8E%E5%B8%82%E6%95%A3%E5%BC%BE%E9%8A%83%E7%94%B7%E7%AB%8B%E3%81%A6%E3%81%93%E3%82%82%E3%82%8A%E4%BA%8B%E4%BB%B6>
<http://www.wikidata.org/entity/Q112065169>	"ふじみ野市散弾銃男立てこもり事件"@ja	<http://www.wikidata.org/entity/Q21480300>	"乱射事件"@ja	<http://www.wikidata.org/entity/P276>	"場所"@ja	<https://ja.wikipedia.org/wiki/%E3%81%B5%E3%81%98%E3%81%BF%E9%87%8E%E5%B8%82%E6%95%A3%E5%BC%BE%E9%8A%83%E7%94%B7%E7%AB%8B%E3%81%A6%E3%81%93%E3%82%82%E3%82%8A%E4%BA%8B%E4%BB%B6>
<http://www.wikidata.org/entity/Q112065169>	"ふじみ野市散弾銃男立てこもり事件"@ja	<http://www.wikidata.org/entity/Q149086>	"殺人"@ja	<http://www.wikidata.org/entity/P276>	"場所"@ja	<https://ja.wikipedia.org/wiki/%E3%81%B5%E3%81%98%E3%81%BF%E9%87%8E%E5%B8%82%E6%95%A3%E5%BC%BE%E9%8A%83%E7%94%B7%E7%AB%8B%E3%81%A6%E3%81%93%E3%82%82%E3%82%8A%E4%BA%8B%E4%BB%B6>
<http://www.wikidata.org/entity/Q17227076>	"長宮氷川神社"@ja	<http://www.wikidata.org/entity/Q845945>	"神社"@ja	<http://www.wikidata.org/entity/P131>	"位置する行政区画"@ja	
<http://www.wikidata.org/entity/Q56436908>	"ふじみ野市長"@ja	<http://www.wikidata.org/entity/Q4164871>	"職位"@ja	<http://www.wikidata.org/entity/P1001>	"管轄・適用区域"@ja	
<http://www.wikidata.org/entity/Q86497323>	"ふじみ野市立福岡小学校"@ja	<http://www.wikidata.org/entity/Q5358913>	"日本の小学校"@ja	<http://www.wikidata.org/entity/P131>	"位置する行政区画"@ja	
<http://www.wikidata.org/entity/Q86497323>	"ふじみ野市立福岡小学校"@ja	<http://www.wikidata.org/entity/Q5358913>	"日本の小学校"@ja	<http://www.wikidata.org/entity/P126>	"管理者"@ja	
<http://www.wikidata.org/entity/Q86497327>	"ふじみ野市立西小学校"@ja	<http://www.wikidata.org/entity/Q5358913>	"日本の小学校"@ja	<http://www.wikidata.org/entity/P131>	"位置する行政区画"@ja	
<http://www.wikidata.org/entity/Q86497327>	"ふじみ野市立西小学校"@ja	<http://www.wikidata.org/entity/Q5358913>	"日本の小学校"@ja	<http://www.wikidata.org/entity/P126>	"管理者"@ja	
<http://www.wikidata.org/entity/Q86497325>	"ふじみ野市立駒西小学校"@ja	<http://www.wikidata.org/entity/Q5358913>	"日本の小学校"@ja	<http://www.wikidata.org/entity/P131>	"位置する行政区画"@ja	
<http://www.wikidata.org/entity/Q86497325>	"ふじみ野市立駒西小学校"@ja	<http://www.wikidata.org/entity/Q5358913>	"日本の小学校"@ja	<http://www.wikidata.org/entity/P126>	"管理者"@ja	
<http://www.wikidata.org/entity/Q86497331>	"ふじみ野市立さぎの森小学校"@ja	<http://www.wikidata.org/entity/Q5358913>	"日本の小学校"@ja	<http://www.wikidata.org/entity/P131>	"位置する行政区画"@ja	
<http://www.wikidata.org/entity/Q86497331>	"ふじみ野市立さぎの森小学校"@ja	<http://www.wikidata.org/entity/Q5358913>	"日本の小学校"@ja	<http://www.wikidata.org/entity/P126>	"管理者"@ja	
<http://www.wikidata.org/entity/Q86497329>	"ふじみ野市立元福小学校"@ja	<http://www.wikidata.org/entity/Q5358913>	"日本の小学校"@ja	<http://www.wikidata.org/entity/P131>	"位置する行政区画"@ja	
<http://www.wikidata.org/entity/Q86497329>	"ふじみ野市立元福小学校"@ja	<http://www.wikidata.org/entity/Q5358913>	"日本の小学校"@ja	<http://www.wikidata.org/entity/P126>	"管理者"@ja	
<http://www.wikidata.org/entity/Q86497334>	"ふじみ野市立大井小学校"@ja	<http://www.wikidata.org/entity/Q5358913>	"日本の小学校"@ja	<http://www.wikidata.org/entity/P131>	"位置する行政区画"@ja	
<http://www.wikidata.org/entity/Q86497334>	"ふじみ野市立大井小学校"@ja	<http://www.wikidata.org/entity/Q5358913>	"日本の小学校"@ja	<http://www.wikidata.org/entity/P126>	"管理者"@ja	
<http://www.wikidata.org/entity/Q86497336>	"ふじみ野市立東原小学校"@ja	<http://www.wikidata.org/entity/Q5358913>	"日本の小学校"@ja	<http://www.wikidata.org/entity/P131>	"位置する行政区画"@ja	
<http://www.wikidata.org/entity/Q86497336>	"ふじみ野市立東原小学校"@ja	<http://www.wikidata.org/entity/Q5358913>	"日本の小学校"@ja	<http://www.wikidata.org/entity/P126>	"管理者"@ja	
<http://www.wikidata.org/entity/Q86497537>	"ふじみ野市立西原小学校"@ja	<http://www.wikidata.org/entity/Q5358913>	"日本の小学校"@ja	<http://www.wikidata.org/entity/P131>	"位置する行政区画"@ja	
<http://www.wikidata.org/entity/Q86497537>	"ふじみ野市立西原小学校"@ja	<http://www.wikidata.org/entity/Q5358913>	"日本の小学校"@ja	<http://www.wikidata.org/entity/P126>	"管理者"@ja	
<http://www.wikidata.org/entity/Q86497543>	"ふじみ野市立三角小学校"@ja	<http://www.wikidata.org/entity/Q5358913>	"日本の小学校"@ja	<http://www.wikidata.org/entity/P131>	"位置する行政区画"@ja	
<http://www.wikidata.org/entity/Q86497543>	"ふじみ野市立三角小学校"@ja	<http://www.wikidata.org/entity/Q5358913>	"日本の小学校"@ja	<http://www.wikidata.org/entity/P126>	"管理者"@ja	
<http://www.wikidata.org/entity/Q86497540>	"ふじみ野市立亀久保小学校"@ja	<http://www.wikidata.org/entity/Q5358913>	"日本の小学校"@ja	<http://www.wikidata.org/entity/P131>	"位置する行政区画"@ja	
<http://www.wikidata.org/entity/Q86497540>	"ふじみ野市立亀久保小学校"@ja	<http://www.wikidata.org/entity/Q5358913>	"日本の小学校"@ja	<http://www.wikidata.org/entity/P126>	"管理者"@ja	
<http://www.wikidata.org/entity/Q86497545>	"ふじみ野市立東台小学校"@ja	<http://www.wikidata.org/entity/Q5358913>	"日本の小学校"@ja	<http://www.wikidata.org/entity/P126>	"管理者"@ja	
<http://www.wikidata.org/entity/Q86497545>	"ふじみ野市立東台小学校"@ja	<http://www.wikidata.org/entity/Q5358913>	"日本の小学校"@ja	<http://www.wikidata.org/entity/P131>	"位置する行政区画"@ja	
<http://www.wikidata.org/entity/Q86627271>	"ふじみ野市立大井中学校"@ja	<http://www.wikidata.org/entity/Q55521176>	"日本の中学校"@ja	<http://www.wikidata.org/entity/P131>	"位置する行政区画"@ja	
<http://www.wikidata.org/entity/Q86627271>	"ふじみ野市立大井中学校"@ja	<http://www.wikidata.org/entity/Q55521176>	"日本の中学校"@ja	<http://www.wikidata.org/entity/P126>	"管理者"@ja	
<http://www.wikidata.org/entity/Q86627269>	"ふじみ野市立花の木中学校"@ja	<http://www.wikidata.org/entity/Q55521176>	"日本の中学校"@ja	<http://www.wikidata.org/entity/P131>	"位置する行政区画"@ja	
<http://www.wikidata.org/entity/Q86627269>	"ふじみ野市立花の木中学校"@ja	<http://www.wikidata.org/entity/Q55521176>	"日本の中学校"@ja	<http://www.wikidata.org/entity/P126>	"管理者"@ja	
<http://www.wikidata.org/entity/Q86627274>	"ふじみ野市立大井西中学校"@ja	<http://www.wikidata.org/entity/Q55521176>	"日本の中学校"@ja	<http://www.wikidata.org/entity/P131>	"位置する行政区画"@ja	
<http://www.wikidata.org/entity/Q86627274>	"ふじみ野市立大井西中学校"@ja	<http://www.wikidata.org/entity/Q55521176>	"日本の中学校"@ja	<http://www.wikidata.org/entity/P126>	"管理者"@ja	
<http://www.wikidata.org/entity/Q86627276>	"ふじみ野市立大井東中学校"@ja	<http://www.wikidata.org/entity/Q55521176>	"日本の中学校"@ja	<http://www.wikidata.org/entity/P131>	"位置する行政区画"@ja	
<http://www.wikidata.org/entity/Q86627276>	"ふじみ野市立大井東中学校"@ja	<http://www.wikidata.org/entity/Q55521176>	"日本の中学校"@ja	<http://www.wikidata.org/entity/P126>	"管理者"@ja	
