?s	?sLabel	?type	?typeLabel	?prop	?propLabel	?jwiki
<http://www.wikidata.org/entity/Q328619>	"野田市"@ja	<http://www.wikidata.org/entity/Q1549591>	"10万都市"@ja	<http://www.wikidata.org/entity/P47>	"隣の国又は行政区画"@ja	<https://ja.wikipedia.org/wiki/%E9%87%8E%E7%94%B0%E5%B8%82>
<http://www.wikidata.org/entity/Q328619>	"野田市"@ja	<http://www.wikidata.org/entity/Q494721>	"日本の市"@ja	<http://www.wikidata.org/entity/P47>	"隣の国又は行政区画"@ja	<https://ja.wikipedia.org/wiki/%E9%87%8E%E7%94%B0%E5%B8%82>
<http://www.wikidata.org/entity/Q376023>	"春日部市"@ja	<http://www.wikidata.org/entity/Q1549591>	"10万都市"@ja	<http://www.wikidata.org/entity/P47>	"隣の国又は行政区画"@ja	<https://ja.wikipedia.org/wiki/%E6%98%A5%E6%97%A5%E9%83%A8%E5%B8%82>
<http://www.wikidata.org/entity/Q376023>	"春日部市"@ja	<http://www.wikidata.org/entity/Q1145012>	"特例市"@ja	<http://www.wikidata.org/entity/P47>	"隣の国又は行政区画"@ja	<https://ja.wikipedia.org/wiki/%E6%98%A5%E6%97%A5%E9%83%A8%E5%B8%82>
<http://www.wikidata.org/entity/Q1066336>	"北葛飾郡"@ja	<http://www.wikidata.org/entity/Q1122846>	"郡"@ja	<http://www.wikidata.org/entity/P150>	"直下の行政区画"@ja	<https://ja.wikipedia.org/wiki/%E5%8C%97%E8%91%9B%E9%A3%BE%E9%83%A1>
<http://www.wikidata.org/entity/Q10045766>	"Category:松伏町"@ja	<http://www.wikidata.org/entity/Q4167836>	"ウィキメディアのカテゴリ"@ja	<http://www.wikidata.org/entity/P301>	"カテゴリの中心主題"@ja	<https://ja.wikipedia.org/wiki/Category:%E6%9D%BE%E4%BC%8F%E7%94%BA>
<http://www.wikidata.org/entity/Q11278407>	"まつぶし緑の丘公園"@ja	<http://www.wikidata.org/entity/Q22746>	"都市公園"@ja	<http://www.wikidata.org/entity/P131>	"位置する行政区画"@ja	<https://ja.wikipedia.org/wiki/%E3%81%BE%E3%81%A4%E3%81%B6%E3%81%97%E7%B7%91%E3%81%AE%E4%B8%98%E5%85%AC%E5%9C%92>
<http://www.wikidata.org/entity/Q11406680>	"千葉県道・埼玉県道80号"@ja	<http://www.wikidata.org/entity/Q34442>	"道路"@ja	<http://www.wikidata.org/entity/P131>	"位置する行政区画"@ja	<https://ja.wikipedia.org/wiki/%E5%8D%83%E8%91%89%E7%9C%8C%E9%81%93%E3%83%BB%E5%9F%BC%E7%8E%89%E7%9C%8C%E9%81%9380%E5%8F%B7%E9%87%8E%E7%94%B0%E5%B2%A9%E6%A7%BB%E7%B7%9A>
<http://www.wikidata.org/entity/Q11410254>	"及川拓馬"@ja	<http://www.wikidata.org/entity/Q5>	"ヒト"@ja	<http://www.wikidata.org/entity/P19>	"出生地"@ja	<https://ja.wikipedia.org/wiki/%E5%8F%8A%E5%B7%9D%E6%8B%93%E9%A6%AC>
<http://www.wikidata.org/entity/Q11426703>	"埼玉県立松伏高等学校"@ja	<http://www.wikidata.org/entity/Q56351315>	"日本の高等学校"@ja	<http://www.wikidata.org/entity/P131>	"位置する行政区画"@ja	<https://ja.wikipedia.org/wiki/%E5%9F%BC%E7%8E%89%E7%9C%8C%E7%AB%8B%E6%9D%BE%E4%BC%8F%E9%AB%98%E7%AD%89%E5%AD%A6%E6%A0%A1>
<http://www.wikidata.org/entity/Q11426819>	"埼玉県道10号"@ja	<http://www.wikidata.org/entity/Q34442>	"道路"@ja	<http://www.wikidata.org/entity/P609>	"起終点"@ja	<https://ja.wikipedia.org/wiki/%E5%9F%BC%E7%8E%89%E7%9C%8C%E9%81%9310%E5%8F%B7%E6%98%A5%E6%97%A5%E9%83%A8%E6%9D%BE%E4%BC%8F%E7%B7%9A>
<http://www.wikidata.org/entity/Q11426819>	"埼玉県道10号"@ja	<http://www.wikidata.org/entity/Q34442>	"道路"@ja	<http://www.wikidata.org/entity/P131>	"位置する行政区画"@ja	<https://ja.wikipedia.org/wiki/%E5%9F%BC%E7%8E%89%E7%9C%8C%E9%81%9310%E5%8F%B7%E6%98%A5%E6%97%A5%E9%83%A8%E6%9D%BE%E4%BC%8F%E7%B7%9A>
<http://www.wikidata.org/entity/Q11426915>	"埼玉県道21号"@ja	<http://www.wikidata.org/entity/Q34442>	"道路"@ja	<http://www.wikidata.org/entity/P609>	"起終点"@ja	<https://ja.wikipedia.org/wiki/%E5%9F%BC%E7%8E%89%E7%9C%8C%E9%81%9321%E5%8F%B7%E4%B8%89%E9%83%B7%E6%9D%BE%E4%BC%8F%E7%B7%9A>
<http://www.wikidata.org/entity/Q11426915>	"埼玉県道21号"@ja	<http://www.wikidata.org/entity/Q34442>	"道路"@ja	<http://www.wikidata.org/entity/P131>	"位置する行政区画"@ja	<https://ja.wikipedia.org/wiki/%E5%9F%BC%E7%8E%89%E7%9C%8C%E9%81%9321%E5%8F%B7%E4%B8%89%E9%83%B7%E6%9D%BE%E4%BC%8F%E7%B7%9A>
<http://www.wikidata.org/entity/Q11427027>	"埼玉県道378号"@ja	<http://www.wikidata.org/entity/Q34442>	"道路"@ja	<http://www.wikidata.org/entity/P609>	"起終点"@ja	<https://ja.wikipedia.org/wiki/%E5%9F%BC%E7%8E%89%E7%9C%8C%E9%81%93378%E5%8F%B7%E4%B8%AD%E4%BA%95%E6%9D%BE%E4%BC%8F%E7%B7%9A>
<http://www.wikidata.org/entity/Q11427027>	"埼玉県道378号"@ja	<http://www.wikidata.org/entity/Q34442>	"道路"@ja	<http://www.wikidata.org/entity/P131>	"位置する行政区画"@ja	<https://ja.wikipedia.org/wiki/%E5%9F%BC%E7%8E%89%E7%9C%8C%E9%81%93378%E5%8F%B7%E4%B8%AD%E4%BA%95%E6%9D%BE%E4%BC%8F%E7%B7%9A>
<http://www.wikidata.org/entity/Q11427103>	"埼玉県道・千葉県道42号"@ja	<http://www.wikidata.org/entity/Q34442>	"道路"@ja	<http://www.wikidata.org/entity/P609>	"起終点"@ja	<https://ja.wikipedia.org/wiki/%E5%9F%BC%E7%8E%89%E7%9C%8C%E9%81%93%E3%83%BB%E5%8D%83%E8%91%89%E7%9C%8C%E9%81%9342%E5%8F%B7%E6%9D%BE%E4%BC%8F%E6%98%A5%E6%97%A5%E9%83%A8%E9%96%A2%E5%AE%BF%E7%B7%9A>
<http://www.wikidata.org/entity/Q11427101>	"埼玉県道・千葉県道19号"@ja	<http://www.wikidata.org/entity/Q34442>	"道路"@ja	<http://www.wikidata.org/entity/P131>	"位置する行政区画"@ja	<https://ja.wikipedia.org/wiki/%E5%9F%BC%E7%8E%89%E7%9C%8C%E9%81%93%E3%83%BB%E5%8D%83%E8%91%89%E7%9C%8C%E9%81%9319%E5%8F%B7%E8%B6%8A%E8%B0%B7%E9%87%8E%E7%94%B0%E7%B7%9A>
<http://www.wikidata.org/entity/Q11525862>	"東京都道・埼玉県道67号"@ja	<http://www.wikidata.org/entity/Q34442>	"道路"@ja	<http://www.wikidata.org/entity/P609>	"起終点"@ja	<https://ja.wikipedia.org/wiki/%E6%9D%B1%E4%BA%AC%E9%83%BD%E9%81%93%E3%83%BB%E5%9F%BC%E7%8E%89%E7%9C%8C%E9%81%9367%E5%8F%B7%E8%91%9B%E9%A3%BE%E5%90%89%E5%B7%9D%E6%9D%BE%E4%BC%8F%E7%B7%9A>
<http://www.wikidata.org/entity/Q11525862>	"東京都道・埼玉県道67号"@ja	<http://www.wikidata.org/entity/Q34442>	"道路"@ja	<http://www.wikidata.org/entity/P131>	"位置する行政区画"@ja	<https://ja.wikipedia.org/wiki/%E6%9D%B1%E4%BA%AC%E9%83%BD%E9%81%93%E3%83%BB%E5%9F%BC%E7%8E%89%E7%9C%8C%E9%81%9367%E5%8F%B7%E8%91%9B%E9%A3%BE%E5%90%89%E5%B7%9D%E6%9D%BE%E4%BC%8F%E7%B7%9A>
<http://www.wikidata.org/entity/Q11529255>	"松伏領村"@ja	<http://www.wikidata.org/entity/Q18663566>	"日本の廃止市区町村"@ja	<http://www.wikidata.org/entity/P3842>	"位置する現在の行政区画"@ja	<https://ja.wikipedia.org/wiki/%E6%9D%BE%E4%BC%8F%E9%A0%98%E6%9D%91>
<http://www.wikidata.org/entity/Q11529255>	"松伏領村"@ja	<http://www.wikidata.org/entity/Q18663566>	"日本の廃止市区町村"@ja	<http://www.wikidata.org/entity/P1366>	"後継"@ja	<https://ja.wikipedia.org/wiki/%E6%9D%BE%E4%BC%8F%E9%A0%98%E6%9D%91>
<http://www.wikidata.org/entity/Q11585593>	"石島雄介"@ja	<http://www.wikidata.org/entity/Q5>	"ヒト"@ja	<http://www.wikidata.org/entity/P19>	"出生地"@ja	<https://ja.wikipedia.org/wiki/%E7%9F%B3%E5%B3%B6%E9%9B%84%E4%BB%8B>
<http://www.wikidata.org/entity/Q11617311>	"茨城急行自動車"@ja	<http://www.wikidata.org/entity/Q10438042>	"バス事業者"@ja	<http://www.wikidata.org/entity/P159>	"本部所在地"@ja	<https://ja.wikipedia.org/wiki/%E8%8C%A8%E5%9F%8E%E6%80%A5%E8%A1%8C%E8%87%AA%E5%8B%95%E8%BB%8A>
<http://www.wikidata.org/entity/Q11647227>	"金杉村"@ja	<http://www.wikidata.org/entity/Q18663566>	"日本の廃止市区町村"@ja	<http://www.wikidata.org/entity/P3842>	"位置する現在の行政区画"@ja	<https://ja.wikipedia.org/wiki/%E9%87%91%E6%9D%89%E6%9D%91>
<http://www.wikidata.org/entity/Q11647227>	"金杉村"@ja	<http://www.wikidata.org/entity/Q18663566>	"日本の廃止市区町村"@ja	<http://www.wikidata.org/entity/P1366>	"後継"@ja	<https://ja.wikipedia.org/wiki/%E9%87%91%E6%9D%89%E6%9D%91>
<http://www.wikidata.org/entity/Q22124737>	"松伏溜井"@ja	<http://www.wikidata.org/entity/Q2551525>	"貯水施設"@ja	<http://www.wikidata.org/entity/P131>	"位置する行政区画"@ja	<https://ja.wikipedia.org/wiki/%E6%9D%BE%E4%BC%8F%E6%BA%9C%E4%BA%95>
<http://www.wikidata.org/entity/Q93429067>	"下八間堀悪水路"@ja	<http://www.wikidata.org/entity/Q11498185>	"排水路"@ja	<http://www.wikidata.org/entity/P131>	"位置する行政区画"@ja	<https://ja.wikipedia.org/wiki/%E4%B8%8B%E5%85%AB%E9%96%93%E5%A0%80%E6%82%AA%E6%B0%B4%E8%B7%AF>
<http://www.wikidata.org/entity/Q93429067>	"下八間堀悪水路"@ja	<http://www.wikidata.org/entity/Q355304>	"水路"@ja	<http://www.wikidata.org/entity/P131>	"位置する行政区画"@ja	<https://ja.wikipedia.org/wiki/%E4%B8%8B%E5%85%AB%E9%96%93%E5%A0%80%E6%82%AA%E6%B0%B4%E8%B7%AF>
<http://www.wikidata.org/entity/Q497952>	"越谷市"@ja	<http://www.wikidata.org/entity/Q1549591>	"10万都市"@ja	<http://www.wikidata.org/entity/P47>	"隣の国又は行政区画"@ja	<https://ja.wikipedia.org/wiki/%E8%B6%8A%E8%B0%B7%E5%B8%82>
<http://www.wikidata.org/entity/Q497952>	"越谷市"@ja	<http://www.wikidata.org/entity/Q1137833>	"中核市"@ja	<http://www.wikidata.org/entity/P47>	"隣の国又は行政区画"@ja	<https://ja.wikipedia.org/wiki/%E8%B6%8A%E8%B0%B7%E5%B8%82>
<http://www.wikidata.org/entity/Q497952>	"越谷市"@ja	<http://www.wikidata.org/entity/Q494721>	"日本の市"@ja	<http://www.wikidata.org/entity/P47>	"隣の国又は行政区画"@ja	<https://ja.wikipedia.org/wiki/%E8%B6%8A%E8%B0%B7%E5%B8%82>
<http://www.wikidata.org/entity/Q587476>	"石川遼"@ja	<http://www.wikidata.org/entity/Q5>	"ヒト"@ja	<http://www.wikidata.org/entity/P19>	"出生地"@ja	<https://ja.wikipedia.org/wiki/%E7%9F%B3%E5%B7%9D%E9%81%BC>
<http://www.wikidata.org/entity/Q873546>	"吉川市"@ja	<http://www.wikidata.org/entity/Q494721>	"日本の市"@ja	<http://www.wikidata.org/entity/P47>	"隣の国又は行政区画"@ja	<https://ja.wikipedia.org/wiki/%E5%90%89%E5%B7%9D%E5%B8%82>
<http://www.wikidata.org/entity/Q30293447>	"中川の郷療育センター"@ja	<http://www.wikidata.org/entity/Q4287745>	"医療関係機関"@ja	<http://www.wikidata.org/entity/P131>	"位置する行政区画"@ja	
<http://www.wikidata.org/entity/Q30293447>	"中川の郷療育センター"@ja	<http://www.wikidata.org/entity/Q16917>	"病院"@ja	<http://www.wikidata.org/entity/P131>	"位置する行政区画"@ja	
<http://www.wikidata.org/entity/Q56436970>	"松伏町長"@ja	<http://www.wikidata.org/entity/Q4164871>	"職位"@ja	<http://www.wikidata.org/entity/P1001>	"管轄・適用区域"@ja	
<http://www.wikidata.org/entity/Q86498863>	"松伏町立松伏第二小学校"@ja	<http://www.wikidata.org/entity/Q5358913>	"日本の小学校"@ja	<http://www.wikidata.org/entity/P131>	"位置する行政区画"@ja	
<http://www.wikidata.org/entity/Q86498863>	"松伏町立松伏第二小学校"@ja	<http://www.wikidata.org/entity/Q5358913>	"日本の小学校"@ja	<http://www.wikidata.org/entity/P126>	"管理者"@ja	
<http://www.wikidata.org/entity/Q86498860>	"松伏町立松伏小学校"@ja	<http://www.wikidata.org/entity/Q5358913>	"日本の小学校"@ja	<http://www.wikidata.org/entity/P131>	"位置する行政区画"@ja	
<http://www.wikidata.org/entity/Q86498860>	"松伏町立松伏小学校"@ja	<http://www.wikidata.org/entity/Q5358913>	"日本の小学校"@ja	<http://www.wikidata.org/entity/P126>	"管理者"@ja	
<http://www.wikidata.org/entity/Q86498861>	"松伏町立金杉小学校"@ja	<http://www.wikidata.org/entity/Q5358913>	"日本の小学校"@ja	<http://www.wikidata.org/entity/P131>	"位置する行政区画"@ja	
<http://www.wikidata.org/entity/Q86498861>	"松伏町立金杉小学校"@ja	<http://www.wikidata.org/entity/Q5358913>	"日本の小学校"@ja	<http://www.wikidata.org/entity/P126>	"管理者"@ja	
<http://www.wikidata.org/entity/Q86627719>	"松伏町立松伏第二中学校"@ja	<http://www.wikidata.org/entity/Q55521176>	"日本の中学校"@ja	<http://www.wikidata.org/entity/P131>	"位置する行政区画"@ja	
<http://www.wikidata.org/entity/Q86627719>	"松伏町立松伏第二中学校"@ja	<http://www.wikidata.org/entity/Q55521176>	"日本の中学校"@ja	<http://www.wikidata.org/entity/P126>	"管理者"@ja	
<http://www.wikidata.org/entity/Q86627717>	"松伏町立松伏中学校"@ja	<http://www.wikidata.org/entity/Q55521176>	"日本の中学校"@ja	<http://www.wikidata.org/entity/P131>	"位置する行政区画"@ja	
<http://www.wikidata.org/entity/Q86627717>	"松伏町立松伏中学校"@ja	<http://www.wikidata.org/entity/Q55521176>	"日本の中学校"@ja	<http://www.wikidata.org/entity/P126>	"管理者"@ja	
<http://www.wikidata.org/entity/Q113376887>	"佐藤望実"@ja	<http://www.wikidata.org/entity/Q5>	"ヒト"@ja	<http://www.wikidata.org/entity/P19>	"出生地"@ja	
