?s	?sLabel	?type	?typeLabel	?prop	?propLabel	?jwiki
<http://www.wikidata.org/entity/Q11510857>	"日高自動車道"@ja	<http://www.wikidata.org/entity/Q34442>	"道路"@ja	<http://www.wikidata.org/entity/P609>	"起終点"@ja	<https://ja.wikipedia.org/wiki/%E6%97%A5%E9%AB%98%E8%87%AA%E5%8B%95%E8%BB%8A%E9%81%93>
<http://www.wikidata.org/entity/Q11533805>	"柏木弘美"@ja	<http://www.wikidata.org/entity/Q5>	"ヒト"@ja	<http://www.wikidata.org/entity/P19>	"出生地"@ja	<https://ja.wikipedia.org/wiki/%E6%9F%8F%E6%9C%A8%E5%BC%98%E7%BE%8E>
<http://www.wikidata.org/entity/Q11534919>	"柴田誠也"@ja	<http://www.wikidata.org/entity/Q5>	"ヒト"@ja	<http://www.wikidata.org/entity/P19>	"出生地"@ja	<https://ja.wikipedia.org/wiki/%E6%9F%B4%E7%94%B0%E8%AA%A0%E4%B9%9F>
<http://www.wikidata.org/entity/Q11543695>	"樽前ガロー"@ja	<http://www.wikidata.org/entity/Q1361400>	"ガリ"@ja	<http://www.wikidata.org/entity/P131>	"位置する行政区画"@ja	<https://ja.wikipedia.org/wiki/%E6%A8%BD%E5%89%8D%E3%82%AC%E3%83%AD%E3%83%BC>
<http://www.wikidata.org/entity/Q11543695>	"樽前ガロー"@ja	<http://www.wikidata.org/entity/Q39816>	"谷"@ja	<http://www.wikidata.org/entity/P131>	"位置する行政区画"@ja	<https://ja.wikipedia.org/wiki/%E6%A8%BD%E5%89%8D%E3%82%AC%E3%83%AD%E3%83%BC>
<http://www.wikidata.org/entity/Q11543697>	"樽前山神社"@ja	<http://www.wikidata.org/entity/Q845945>	"神社"@ja	<http://www.wikidata.org/entity/P131>	"位置する行政区画"@ja	<https://ja.wikipedia.org/wiki/%E6%A8%BD%E5%89%8D%E5%B1%B1%E7%A5%9E%E7%A4%BE>
<http://www.wikidata.org/entity/Q11559550>	"涌井はるか"@ja	<http://www.wikidata.org/entity/Q5>	"ヒト"@ja	<http://www.wikidata.org/entity/P19>	"出生地"@ja	<https://ja.wikipedia.org/wiki/%E6%B6%8C%E4%BA%95%E3%81%AF%E3%82%8B%E3%81%8B>
<http://www.wikidata.org/entity/Q11560601>	"清川和彦"@ja	<http://www.wikidata.org/entity/Q5>	"ヒト"@ja	<http://www.wikidata.org/entity/P19>	"出生地"@ja	<https://ja.wikipedia.org/wiki/%E6%B8%85%E5%B7%9D%E5%92%8C%E5%BD%A6>
<http://www.wikidata.org/entity/Q11563033>	"港北駅"@ja	<http://www.wikidata.org/entity/Q106772341>	"廃駅"@ja	<http://www.wikidata.org/entity/P131>	"位置する行政区画"@ja	<https://ja.wikipedia.org/wiki/%E6%B8%AF%E5%8C%97%E9%A7%85_(%E5%8C%97%E6%B5%B7%E9%81%93)>
<http://www.wikidata.org/entity/Q11563033>	"港北駅"@ja	<http://www.wikidata.org/entity/Q55493>	"貨物駅"@ja	<http://www.wikidata.org/entity/P131>	"位置する行政区画"@ja	<https://ja.wikipedia.org/wiki/%E6%B8%AF%E5%8C%97%E9%A7%85_(%E5%8C%97%E6%B5%B7%E9%81%93)>
<http://www.wikidata.org/entity/Q11565991>	"澤田雅代"@ja	<http://www.wikidata.org/entity/Q5>	"ヒト"@ja	<http://www.wikidata.org/entity/P19>	"出生地"@ja	<https://ja.wikipedia.org/wiki/%E6%BE%A4%E7%94%B0%E9%9B%85%E4%BB%A3>
<http://www.wikidata.org/entity/Q11566787>	"瀬高哲雄"@ja	<http://www.wikidata.org/entity/Q5>	"ヒト"@ja	<http://www.wikidata.org/entity/P19>	"出生地"@ja	<https://ja.wikipedia.org/wiki/%E7%80%AC%E9%AB%98%E5%93%B2%E9%9B%84>
<http://www.wikidata.org/entity/Q11575772>	"田中碧"@ja	<http://www.wikidata.org/entity/Q5>	"ヒト"@ja	<http://www.wikidata.org/entity/P19>	"出生地"@ja	<https://ja.wikipedia.org/wiki/%E7%94%B0%E4%B8%AD%E7%A2%A7_(%E9%87%8E%E7%90%83)>
<http://www.wikidata.org/entity/Q11588741>	"神保貴宏"@ja	<http://www.wikidata.org/entity/Q5>	"ヒト"@ja	<http://www.wikidata.org/entity/P19>	"出生地"@ja	<https://ja.wikipedia.org/wiki/%E7%A5%9E%E4%BF%9D%E8%B2%B4%E5%AE%8F>
<http://www.wikidata.org/entity/Q11609138>	"美沢パーキングエリア"@ja	<http://www.wikidata.org/entity/Q785979>	"パーキングエリア"@ja	<http://www.wikidata.org/entity/P131>	"位置する行政区画"@ja	<https://ja.wikipedia.org/wiki/%E7%BE%8E%E6%B2%A2%E3%83%91%E3%83%BC%E3%82%AD%E3%83%B3%E3%82%B0%E3%82%A8%E3%83%AA%E3%82%A2>
<http://www.wikidata.org/entity/Q11616815>	"苫小牧中央高等学校"@ja	<http://www.wikidata.org/entity/Q56351315>	"日本の高等学校"@ja	<http://www.wikidata.org/entity/P131>	"位置する行政区画"@ja	<https://ja.wikipedia.org/wiki/%E8%8B%AB%E5%B0%8F%E7%89%A7%E4%B8%AD%E5%A4%AE%E9%AB%98%E7%AD%89%E5%AD%A6%E6%A0%A1>
<http://www.wikidata.org/entity/Q11616823>	"苫小牧市科学センター"@ja	<http://www.wikidata.org/entity/Q588140>	"科学館"@ja	<http://www.wikidata.org/entity/P131>	"位置する行政区画"@ja	<https://ja.wikipedia.org/wiki/%E8%8B%AB%E5%B0%8F%E7%89%A7%E5%B8%82%E7%A7%91%E5%AD%A6%E3%82%BB%E3%83%B3%E3%82%BF%E3%83%BC>
<http://www.wikidata.org/entity/Q11616820>	"苫小牧工業高等専門学校"@ja	<http://www.wikidata.org/entity/Q841248>	"高等専門学校"@ja	<http://www.wikidata.org/entity/P131>	"位置する行政区画"@ja	<https://ja.wikipedia.org/wiki/%E8%8B%AB%E5%B0%8F%E7%89%A7%E5%B7%A5%E6%A5%AD%E9%AB%98%E7%AD%89%E5%B0%82%E9%96%80%E5%AD%A6%E6%A0%A1>
<http://www.wikidata.org/entity/Q11616821>	"苫小牧市消防本部"@ja	<http://www.wikidata.org/entity/Q6498663>	"消防本部"@ja	<http://www.wikidata.org/entity/P131>	"位置する行政区画"@ja	<https://ja.wikipedia.org/wiki/%E8%8B%AB%E5%B0%8F%E7%89%A7%E5%B8%82%E6%B6%88%E9%98%B2%E6%9C%AC%E9%83%A8>
<http://www.wikidata.org/entity/Q11616827>	"苫小牧東インターチェンジ"@ja	<http://www.wikidata.org/entity/Q2376564>	"インターチェンジ"@ja	<http://www.wikidata.org/entity/P131>	"位置する行政区画"@ja	<https://ja.wikipedia.org/wiki/%E8%8B%AB%E5%B0%8F%E7%89%A7%E6%9D%B1%E3%82%A4%E3%83%B3%E3%82%BF%E3%83%BC%E3%83%81%E3%82%A7%E3%83%B3%E3%82%B8>
<http://www.wikidata.org/entity/Q11616827>	"苫小牧東インターチェンジ"@ja	<http://www.wikidata.org/entity/Q1788454>	"ジャンクション"@ja	<http://www.wikidata.org/entity/P131>	"位置する行政区画"@ja	<https://ja.wikipedia.org/wiki/%E8%8B%AB%E5%B0%8F%E7%89%A7%E6%9D%B1%E3%82%A4%E3%83%B3%E3%82%BF%E3%83%BC%E3%83%81%E3%82%A7%E3%83%B3%E3%82%B8>
<http://www.wikidata.org/entity/Q11616824>	"苫小牧市緑ヶ丘公園"@ja	<http://www.wikidata.org/entity/Q16363669>	"運動公園"@ja	<http://www.wikidata.org/entity/P131>	"位置する行政区画"@ja	<https://ja.wikipedia.org/wiki/%E8%8B%AB%E5%B0%8F%E7%89%A7%E5%B8%82%E7%B7%91%E3%83%B6%E4%B8%98%E5%85%AC%E5%9C%92>
<http://www.wikidata.org/entity/Q11616824>	"苫小牧市緑ヶ丘公園"@ja	<http://www.wikidata.org/entity/Q22698>	"公園"@ja	<http://www.wikidata.org/entity/P131>	"位置する行政区画"@ja	<https://ja.wikipedia.org/wiki/%E8%8B%AB%E5%B0%8F%E7%89%A7%E5%B8%82%E7%B7%91%E3%83%B6%E4%B8%98%E5%85%AC%E5%9C%92>
<http://www.wikidata.org/entity/Q11616831>	"苫小牧港"@ja	<http://www.wikidata.org/entity/Q11570893>	"特定港"@ja	<http://www.wikidata.org/entity/P131>	"位置する行政区画"@ja	<https://ja.wikipedia.org/wiki/%E8%8B%AB%E5%B0%8F%E7%89%A7%E6%B8%AF>
<http://www.wikidata.org/entity/Q11616831>	"苫小牧港"@ja	<http://www.wikidata.org/entity/Q11422440>	"国際拠点港湾"@ja	<http://www.wikidata.org/entity/P131>	"位置する行政区画"@ja	<https://ja.wikipedia.org/wiki/%E8%8B%AB%E5%B0%8F%E7%89%A7%E6%B8%AF>
<http://www.wikidata.org/entity/Q11616831>	"苫小牧港"@ja	<http://www.wikidata.org/entity/Q11366207>	"中核国際港湾"@ja	<http://www.wikidata.org/entity/P131>	"位置する行政区画"@ja	<https://ja.wikipedia.org/wiki/%E8%8B%AB%E5%B0%8F%E7%89%A7%E6%B8%AF>
<http://www.wikidata.org/entity/Q11616831>	"苫小牧港"@ja	<http://www.wikidata.org/entity/Q44782>	"港湾"@ja	<http://www.wikidata.org/entity/P131>	"位置する行政区画"@ja	<https://ja.wikipedia.org/wiki/%E8%8B%AB%E5%B0%8F%E7%89%A7%E6%B8%AF>
<http://www.wikidata.org/entity/Q11616833>	"苫小牧港開発株式会社線"@ja	<http://www.wikidata.org/entity/Q2637759>	"貨物線"@ja	<http://www.wikidata.org/entity/P131>	"位置する行政区画"@ja	<https://ja.wikipedia.org/wiki/%E8%8B%AB%E5%B0%8F%E7%89%A7%E6%B8%AF%E9%96%8B%E7%99%BA%E6%A0%AA%E5%BC%8F%E4%BC%9A%E7%A4%BE%E7%B7%9A>
<http://www.wikidata.org/entity/Q11616836>	"苫小牧西インターチェンジ"@ja	<http://www.wikidata.org/entity/Q2376564>	"インターチェンジ"@ja	<http://www.wikidata.org/entity/P131>	"位置する行政区画"@ja	<https://ja.wikipedia.org/wiki/%E8%8B%AB%E5%B0%8F%E7%89%A7%E8%A5%BF%E3%82%A4%E3%83%B3%E3%82%BF%E3%83%BC%E3%83%81%E3%82%A7%E3%83%B3%E3%82%B8>
<http://www.wikidata.org/entity/Q11616842>	"苫東中央インターチェンジ"@ja	<http://www.wikidata.org/entity/Q2376564>	"インターチェンジ"@ja	<http://www.wikidata.org/entity/P131>	"位置する行政区画"@ja	<https://ja.wikipedia.org/wiki/%E8%8B%AB%E6%9D%B1%E4%B8%AD%E5%A4%AE%E3%82%A4%E3%83%B3%E3%82%BF%E3%83%BC%E3%83%81%E3%82%A7%E3%83%B3%E3%82%B8>
<http://www.wikidata.org/entity/Q11616841>	"苫小牧高等商業学校"@ja	<http://www.wikidata.org/entity/Q24898692>	"専修学校"@ja	<http://www.wikidata.org/entity/P131>	"位置する行政区画"@ja	<https://ja.wikipedia.org/wiki/%E8%8B%AB%E5%B0%8F%E7%89%A7%E9%AB%98%E7%AD%89%E5%95%86%E6%A5%AD%E5%AD%A6%E6%A0%A1>
<http://www.wikidata.org/entity/Q11617198>	"茅森早香"@ja	<http://www.wikidata.org/entity/Q5>	"ヒト"@ja	<http://www.wikidata.org/entity/P19>	"出生地"@ja	<https://ja.wikipedia.org/wiki/%E8%8C%85%E6%A3%AE%E6%97%A9%E9%A6%99>
<http://www.wikidata.org/entity/Q11638347>	"込山和樹"@ja	<http://www.wikidata.org/entity/Q5>	"ヒト"@ja	<http://www.wikidata.org/entity/P19>	"出生地"@ja	<https://ja.wikipedia.org/wiki/%E8%BE%BC%E5%B1%B1%E5%92%8C%E6%A8%B9>
<http://www.wikidata.org/entity/Q11641013>	"道の駅ウトナイ湖"@ja	<http://www.wikidata.org/entity/Q1187691>	"道の駅"@ja	<http://www.wikidata.org/entity/P131>	"位置する行政区画"@ja	<https://ja.wikipedia.org/wiki/%E9%81%93%E3%81%AE%E9%A7%85%E3%82%A6%E3%83%88%E3%83%8A%E3%82%A4%E6%B9%96>
<http://www.wikidata.org/entity/Q11648508>	"鈴木世奈"@ja	<http://www.wikidata.org/entity/Q5>	"ヒト"@ja	<http://www.wikidata.org/entity/P19>	"出生地"@ja	<https://ja.wikipedia.org/wiki/%E9%88%B4%E6%9C%A8%E4%B8%96%E5%A5%88>
<http://www.wikidata.org/entity/Q11668423>	"駒澤大学附属苫小牧高等学校"@ja	<http://www.wikidata.org/entity/Q56351315>	"日本の高等学校"@ja	<http://www.wikidata.org/entity/P131>	"位置する行政区画"@ja	<https://ja.wikipedia.org/wiki/%E9%A7%92%E6%BE%A4%E5%A4%A7%E5%AD%A6%E9%99%84%E5%B1%9E%E8%8B%AB%E5%B0%8F%E7%89%A7%E9%AB%98%E7%AD%89%E5%AD%A6%E6%A0%A1>
<http://www.wikidata.org/entity/Q11672788>	"高西翔太"@ja	<http://www.wikidata.org/entity/Q5>	"ヒト"@ja	<http://www.wikidata.org/entity/P19>	"出生地"@ja	<https://ja.wikipedia.org/wiki/%E9%AB%98%E8%A5%BF%E7%BF%94%E5%A4%AA>
<http://www.wikidata.org/entity/Q16264699>	"大澤ちほ"@ja	<http://www.wikidata.org/entity/Q5>	"ヒト"@ja	<http://www.wikidata.org/entity/P19>	"出生地"@ja	<https://ja.wikipedia.org/wiki/%E5%A4%A7%E6%BE%A4%E3%81%A1%E3%81%BB>
<http://www.wikidata.org/entity/Q16265132>	"垣原功"@ja	<http://www.wikidata.org/entity/Q5>	"ヒト"@ja	<http://www.wikidata.org/entity/P19>	"出生地"@ja	<https://ja.wikipedia.org/wiki/%E5%9E%A3%E5%8E%9F%E5%8A%9F>
<http://www.wikidata.org/entity/Q16596813>	"堀珠花"@ja	<http://www.wikidata.org/entity/Q5>	"ヒト"@ja	<http://www.wikidata.org/entity/P19>	"出生地"@ja	<https://ja.wikipedia.org/wiki/%E5%A0%80%E7%8F%A0%E8%8A%B1>
<http://www.wikidata.org/entity/Q16596866>	"中奥梓"@ja	<http://www.wikidata.org/entity/Q5>	"ヒト"@ja	<http://www.wikidata.org/entity/P19>	"出生地"@ja	<https://ja.wikipedia.org/wiki/%E4%B8%AD%E5%A5%A5%E6%A2%93>
<http://www.wikidata.org/entity/Q17161196>	"チャールズ今井"@ja	<http://www.wikidata.org/entity/Q5>	"ヒト"@ja	<http://www.wikidata.org/entity/P19>	"出生地"@ja	<https://ja.wikipedia.org/wiki/%E3%83%81%E3%83%A3%E3%83%BC%E3%83%AB%E3%82%BA%E4%BB%8A%E4%BA%95>
<http://www.wikidata.org/entity/Q17212203>	"新田早規"@ja	<http://www.wikidata.org/entity/Q5>	"ヒト"@ja	<http://www.wikidata.org/entity/P19>	"出生地"@ja	<https://ja.wikipedia.org/wiki/%E6%96%B0%E7%94%B0%E6%97%A9%E8%A6%8F>
<http://www.wikidata.org/entity/Q17222455>	"苫小牧市美術博物館"@ja	<http://www.wikidata.org/entity/Q3152824>	"文化機関"@ja	<http://www.wikidata.org/entity/P131>	"位置する行政区画"@ja	<https://ja.wikipedia.org/wiki/%E8%8B%AB%E5%B0%8F%E7%89%A7%E5%B8%82%E7%BE%8E%E8%A1%93%E5%8D%9A%E7%89%A9%E9%A4%A8>
<http://www.wikidata.org/entity/Q17222455>	"苫小牧市美術博物館"@ja	<http://www.wikidata.org/entity/Q33506>	"博物館"@ja	<http://www.wikidata.org/entity/P131>	"位置する行政区画"@ja	<https://ja.wikipedia.org/wiki/%E8%8B%AB%E5%B0%8F%E7%89%A7%E5%B8%82%E7%BE%8E%E8%A1%93%E5%8D%9A%E7%89%A9%E9%A4%A8>
<http://www.wikidata.org/entity/Q17230433>	"道路建設ペリグリン"@ja	<http://www.wikidata.org/entity/Q4498974>	"アイスホッケーのチーム"@ja	<http://www.wikidata.org/entity/P131>	"位置する行政区画"@ja	<https://ja.wikipedia.org/wiki/%E9%81%93%E8%B7%AF%E5%BB%BA%E8%A8%AD%E3%83%9A%E3%83%AA%E3%82%B0%E3%83%AA%E3%83%B3>
<http://www.wikidata.org/entity/Q18337524>	"苫小牧藤幼稚園"@ja	<http://www.wikidata.org/entity/Q106688647>	"日本の幼稚園"@ja	<http://www.wikidata.org/entity/P131>	"位置する行政区画"@ja	<https://ja.wikipedia.org/wiki/%E8%8B%AB%E5%B0%8F%E7%89%A7%E8%97%A4%E5%B9%BC%E7%A8%9A%E5%9C%92>
<http://www.wikidata.org/entity/Q19603416>	"Category:苫小牧市のスポーツ"@ja	<http://www.wikidata.org/entity/Q4167836>	"ウィキメディアのカテゴリ"@ja	<http://www.wikidata.org/entity/P971>	"以下の組み合わせカテゴリ"@ja	<https://ja.wikipedia.org/wiki/Category:%E8%8B%AB%E5%B0%8F%E7%89%A7%E5%B8%82%E3%81%AE%E3%82%B9%E3%83%9D%E3%83%BC%E3%83%84>
<http://www.wikidata.org/entity/Q19826435>	"苫小牧東部地域"@ja	<http://www.wikidata.org/entity/Q6027980>	"工業地域"@ja	<http://www.wikidata.org/entity/P131>	"位置する行政区画"@ja	<https://ja.wikipedia.org/wiki/%E8%8B%AB%E5%B0%8F%E7%89%A7%E6%9D%B1%E9%83%A8%E5%9C%B0%E5%9F%9F>
<http://www.wikidata.org/entity/Q19959864>	"平野裕志朗"@ja	<http://www.wikidata.org/entity/Q5>	"ヒト"@ja	<http://www.wikidata.org/entity/P19>	"出生地"@ja	<https://ja.wikipedia.org/wiki/%E5%B9%B3%E9%87%8E%E8%A3%95%E5%BF%97%E6%9C%97>
<http://www.wikidata.org/entity/Q24050>	"鈴木貴人"@ja	<http://www.wikidata.org/entity/Q5>	"ヒト"@ja	<http://www.wikidata.org/entity/P19>	"出生地"@ja	<https://ja.wikipedia.org/wiki/%E9%88%B4%E6%9C%A8%E8%B2%B4%E4%BA%BA>
<http://www.wikidata.org/entity/Q24065>	"百目木政人"@ja	<http://www.wikidata.org/entity/Q5>	"ヒト"@ja	<http://www.wikidata.org/entity/P19>	"出生地"@ja	<https://ja.wikipedia.org/wiki/%E7%99%BE%E7%9B%AE%E6%9C%A8%E6%94%BF%E4%BA%BA>
<http://www.wikidata.org/entity/Q58560>	"秦皇島市"@ja	<http://www.wikidata.org/entity/Q1637706>	"100万都市"@ja	<http://www.wikidata.org/entity/P190>	"姉妹都市"@ja	<https://ja.wikipedia.org/wiki/%E7%A7%A6%E7%9A%87%E5%B3%B6%E5%B8%82>
<http://www.wikidata.org/entity/Q58560>	"秦皇島市"@ja	<http://www.wikidata.org/entity/Q1549591>	"10万都市"@ja	<http://www.wikidata.org/entity/P190>	"姉妹都市"@ja	<https://ja.wikipedia.org/wiki/%E7%A7%A6%E7%9A%87%E5%B3%B6%E5%B8%82>
<http://www.wikidata.org/entity/Q58560>	"秦皇島市"@ja	<http://www.wikidata.org/entity/Q748149>	"地級市"@ja	<http://www.wikidata.org/entity/P190>	"姉妹都市"@ja	<https://ja.wikipedia.org/wiki/%E7%A7%A6%E7%9A%87%E5%B3%B6%E5%B8%82>
<http://www.wikidata.org/entity/Q203380>	"ネーピア"@ja	<http://www.wikidata.org/entity/Q515>	"都市"@ja	<http://www.wikidata.org/entity/P190>	"姉妹都市"@ja	<https://ja.wikipedia.org/wiki/%E3%83%8D%E3%83%BC%E3%83%94%E3%82%A2>
<http://www.wikidata.org/entity/Q208863>	"八王子市"@ja	<http://www.wikidata.org/entity/Q1549591>	"10万都市"@ja	<http://www.wikidata.org/entity/P190>	"姉妹都市"@ja	<https://ja.wikipedia.org/wiki/%E5%85%AB%E7%8E%8B%E5%AD%90%E5%B8%82>
<http://www.wikidata.org/entity/Q208863>	"八王子市"@ja	<http://www.wikidata.org/entity/Q1187811>	"学術都市"@ja	<http://www.wikidata.org/entity/P190>	"姉妹都市"@ja	<https://ja.wikipedia.org/wiki/%E5%85%AB%E7%8E%8B%E5%AD%90%E5%B8%82>
<http://www.wikidata.org/entity/Q208863>	"八王子市"@ja	<http://www.wikidata.org/entity/Q1137833>	"中核市"@ja	<http://www.wikidata.org/entity/P190>	"姉妹都市"@ja	<https://ja.wikipedia.org/wiki/%E5%85%AB%E7%8E%8B%E5%AD%90%E5%B8%82>
<http://www.wikidata.org/entity/Q208863>	"八王子市"@ja	<http://www.wikidata.org/entity/Q1059478>	"日本の町"@ja	<http://www.wikidata.org/entity/P190>	"姉妹都市"@ja	<https://ja.wikipedia.org/wiki/%E5%85%AB%E7%8E%8B%E5%AD%90%E5%B8%82>
<http://www.wikidata.org/entity/Q208863>	"八王子市"@ja	<http://www.wikidata.org/entity/Q494721>	"日本の市"@ja	<http://www.wikidata.org/entity/P190>	"姉妹都市"@ja	<https://ja.wikipedia.org/wiki/%E5%85%AB%E7%8E%8B%E5%AD%90%E5%B8%82>
<http://www.wikidata.org/entity/Q235753>	"日光市"@ja	<http://www.wikidata.org/entity/Q10564515>	"門前町"@ja	<http://www.wikidata.org/entity/P190>	"姉妹都市"@ja	<https://ja.wikipedia.org/wiki/%E6%97%A5%E5%85%89%E5%B8%82>
<http://www.wikidata.org/entity/Q235753>	"日光市"@ja	<http://www.wikidata.org/entity/Q692581>	"宗教都市"@ja	<http://www.wikidata.org/entity/P190>	"姉妹都市"@ja	<https://ja.wikipedia.org/wiki/%E6%97%A5%E5%85%89%E5%B8%82>
<http://www.wikidata.org/entity/Q235753>	"日光市"@ja	<http://www.wikidata.org/entity/Q494721>	"日本の市"@ja	<http://www.wikidata.org/entity/P190>	"姉妹都市"@ja	<https://ja.wikipedia.org/wiki/%E6%97%A5%E5%85%89%E5%B8%82>
<http://www.wikidata.org/entity/Q464010>	"尾野貴之"@ja	<http://www.wikidata.org/entity/Q5>	"ヒト"@ja	<http://www.wikidata.org/entity/P19>	"出生地"@ja	<https://ja.wikipedia.org/wiki/%E5%B0%BE%E9%87%8E%E8%B2%B4%E4%B9%8B>
<http://www.wikidata.org/entity/Q693237>	"千歳市"@ja	<http://www.wikidata.org/entity/Q494721>	"日本の市"@ja	<http://www.wikidata.org/entity/P47>	"隣の国又は行政区画"@ja	<https://ja.wikipedia.org/wiki/%E5%8D%83%E6%AD%B3%E5%B8%82>
<http://www.wikidata.org/entity/Q759196>	"北海道道512号"@ja	<http://www.wikidata.org/entity/Q34442>	"道路"@ja	<http://www.wikidata.org/entity/P131>	"位置する行政区画"@ja	<https://ja.wikipedia.org/wiki/%E5%8C%97%E6%B5%B7%E9%81%93%E9%81%93512%E5%8F%B7%E6%9C%AD%E5%B9%8C%E6%94%AF%E7%AC%8F%E6%B9%96%E7%B7%9A>
<http://www.wikidata.org/entity/Q792699>	"梅村礼"@ja	<http://www.wikidata.org/entity/Q5>	"ヒト"@ja	<http://www.wikidata.org/entity/P19>	"出生地"@ja	<https://ja.wikipedia.org/wiki/%E6%A2%85%E6%9D%91%E7%A4%BC>
<http://www.wikidata.org/entity/Q867982>	"道央自動車道"@ja	<http://www.wikidata.org/entity/Q16939396>	"有料道路"@ja	<http://www.wikidata.org/entity/P131>	"位置する行政区画"@ja	<https://ja.wikipedia.org/wiki/%E9%81%93%E5%A4%AE%E8%87%AA%E5%8B%95%E8%BB%8A%E9%81%93>
<http://www.wikidata.org/entity/Q867982>	"道央自動車道"@ja	<http://www.wikidata.org/entity/Q46622>	"高速道路"@ja	<http://www.wikidata.org/entity/P131>	"位置する行政区画"@ja	<https://ja.wikipedia.org/wiki/%E9%81%93%E5%A4%AE%E8%87%AA%E5%8B%95%E8%BB%8A%E9%81%93>
<http://www.wikidata.org/entity/Q908296>	"新千歳空港"@ja	<http://www.wikidata.org/entity/Q94993988>	"商業交通飛行場"@ja	<http://www.wikidata.org/entity/P131>	"位置する行政区画"@ja	<https://ja.wikipedia.org/wiki/%E6%96%B0%E5%8D%83%E6%AD%B3%E7%A9%BA%E6%B8%AF>
<http://www.wikidata.org/entity/Q908296>	"新千歳空港"@ja	<http://www.wikidata.org/entity/Q1248784>	"空港"@ja	<http://www.wikidata.org/entity/P131>	"位置する行政区画"@ja	<https://ja.wikipedia.org/wiki/%E6%96%B0%E5%8D%83%E6%AD%B3%E7%A9%BA%E6%B8%AF>
<http://www.wikidata.org/entity/Q1057979>	"樽前山"@ja	<http://www.wikidata.org/entity/Q8072>	"火山"@ja	<http://www.wikidata.org/entity/P131>	"位置する行政区画"@ja	<https://ja.wikipedia.org/wiki/%E6%A8%BD%E5%89%8D%E5%B1%B1>
<http://www.wikidata.org/entity/Q1141552>	"胆振総合振興局"@ja	<http://www.wikidata.org/entity/Q850450>	"支庁"@ja	<http://www.wikidata.org/entity/P150>	"直下の行政区画"@ja	<https://ja.wikipedia.org/wiki/%E8%83%86%E6%8C%AF%E7%B7%8F%E5%90%88%E6%8C%AF%E8%88%88%E5%B1%80>
<http://www.wikidata.org/entity/Q1348760>	"白老町"@ja	<http://www.wikidata.org/entity/Q1059478>	"日本の町"@ja	<http://www.wikidata.org/entity/P47>	"隣の国又は行政区画"@ja	<https://ja.wikipedia.org/wiki/%E7%99%BD%E8%80%81%E7%94%BA>
<http://www.wikidata.org/entity/Q1354084>	"安平町"@ja	<http://www.wikidata.org/entity/Q1059478>	"日本の町"@ja	<http://www.wikidata.org/entity/P47>	"隣の国又は行政区画"@ja	<https://ja.wikipedia.org/wiki/%E5%AE%89%E5%B9%B3%E7%94%BA>
<http://www.wikidata.org/entity/Q1354230>	"厚真町"@ja	<http://www.wikidata.org/entity/Q1059478>	"日本の町"@ja	<http://www.wikidata.org/entity/P47>	"隣の国又は行政区画"@ja	<https://ja.wikipedia.org/wiki/%E5%8E%9A%E7%9C%9F%E7%94%BA>
<http://www.wikidata.org/entity/Q1820341>	"鈴木正樹"@ja	<http://www.wikidata.org/entity/Q5>	"ヒト"@ja	<http://www.wikidata.org/entity/P19>	"出生地"@ja	<https://ja.wikipedia.org/wiki/%E9%88%B4%E6%9C%A8%E6%AD%A3%E6%A8%B9>
<http://www.wikidata.org/entity/Q2175282>	"佐藤久佳"@ja	<http://www.wikidata.org/entity/Q5>	"ヒト"@ja	<http://www.wikidata.org/entity/P19>	"出生地"@ja	<https://ja.wikipedia.org/wiki/%E4%BD%90%E8%97%A4%E4%B9%85%E4%BD%B3>
<http://www.wikidata.org/entity/Q11399956>	"勇払駅"@ja	<http://www.wikidata.org/entity/Q55488>	"鉄道駅"@ja	<http://www.wikidata.org/entity/P131>	"位置する行政区画"@ja	<https://ja.wikipedia.org/wiki/%E5%8B%87%E6%89%95%E9%A7%85>
<http://www.wikidata.org/entity/Q11402809>	"北海道曹達"@ja	<http://www.wikidata.org/entity/Q6881511>	"事業者"@ja	<http://www.wikidata.org/entity/P159>	"本部所在地"@ja	<https://ja.wikipedia.org/wiki/%E5%8C%97%E6%B5%B7%E9%81%93%E6%9B%B9%E9%81%94>
<http://www.wikidata.org/entity/Q11402809>	"北海道曹達"@ja	<http://www.wikidata.org/entity/Q6881511>	"事業者"@ja	<http://www.wikidata.org/entity/P131>	"位置する行政区画"@ja	<https://ja.wikipedia.org/wiki/%E5%8C%97%E6%B5%B7%E9%81%93%E6%9B%B9%E9%81%94>
<http://www.wikidata.org/entity/Q11402809>	"北海道曹達"@ja	<http://www.wikidata.org/entity/Q4830453>	"企業"@ja	<http://www.wikidata.org/entity/P159>	"本部所在地"@ja	<https://ja.wikipedia.org/wiki/%E5%8C%97%E6%B5%B7%E9%81%93%E6%9B%B9%E9%81%94>
<http://www.wikidata.org/entity/Q11402809>	"北海道曹達"@ja	<http://www.wikidata.org/entity/Q4830453>	"企業"@ja	<http://www.wikidata.org/entity/P131>	"位置する行政区画"@ja	<https://ja.wikipedia.org/wiki/%E5%8C%97%E6%B5%B7%E9%81%93%E6%9B%B9%E9%81%94>
<http://www.wikidata.org/entity/Q11402988>	"北海道立苫小牧病院"@ja	<http://www.wikidata.org/entity/Q64578911>	"旧病院"@ja	<http://www.wikidata.org/entity/P131>	"位置する行政区画"@ja	<https://ja.wikipedia.org/wiki/%E5%8C%97%E6%B5%B7%E9%81%93%E7%AB%8B%E8%8B%AB%E5%B0%8F%E7%89%A7%E7%97%85%E9%99%A2>
<http://www.wikidata.org/entity/Q11402988>	"北海道立苫小牧病院"@ja	<http://www.wikidata.org/entity/Q16917>	"病院"@ja	<http://www.wikidata.org/entity/P131>	"位置する行政区画"@ja	<https://ja.wikipedia.org/wiki/%E5%8C%97%E6%B5%B7%E9%81%93%E7%AB%8B%E8%8B%AB%E5%B0%8F%E7%89%A7%E7%97%85%E9%99%A2>
<http://www.wikidata.org/entity/Q11403047>	"北海道苫小牧南高等学校"@ja	<http://www.wikidata.org/entity/Q56351315>	"日本の高等学校"@ja	<http://www.wikidata.org/entity/P131>	"位置する行政区画"@ja	<https://ja.wikipedia.org/wiki/%E5%8C%97%E6%B5%B7%E9%81%93%E8%8B%AB%E5%B0%8F%E7%89%A7%E5%8D%97%E9%AB%98%E7%AD%89%E5%AD%A6%E6%A0%A1>
<http://www.wikidata.org/entity/Q11403050>	"北海道苫小牧東高等学校"@ja	<http://www.wikidata.org/entity/Q56351315>	"日本の高等学校"@ja	<http://www.wikidata.org/entity/P131>	"位置する行政区画"@ja	<https://ja.wikipedia.org/wiki/%E5%8C%97%E6%B5%B7%E9%81%93%E8%8B%AB%E5%B0%8F%E7%89%A7%E6%9D%B1%E9%AB%98%E7%AD%89%E5%AD%A6%E6%A0%A1>
<http://www.wikidata.org/entity/Q11403048>	"北海道苫小牧工業高等学校"@ja	<http://www.wikidata.org/entity/Q56351315>	"日本の高等学校"@ja	<http://www.wikidata.org/entity/P131>	"位置する行政区画"@ja	<https://ja.wikipedia.org/wiki/%E5%8C%97%E6%B5%B7%E9%81%93%E8%8B%AB%E5%B0%8F%E7%89%A7%E5%B7%A5%E6%A5%AD%E9%AB%98%E7%AD%89%E5%AD%A6%E6%A0%A1>
<http://www.wikidata.org/entity/Q11403049>	"北海道苫小牧総合経済高等学校"@ja	<http://www.wikidata.org/entity/Q56351315>	"日本の高等学校"@ja	<http://www.wikidata.org/entity/P131>	"位置する行政区画"@ja	<https://ja.wikipedia.org/wiki/%E5%8C%97%E6%B5%B7%E9%81%93%E8%8B%AB%E5%B0%8F%E7%89%A7%E7%B7%8F%E5%90%88%E7%B5%8C%E6%B8%88%E9%AB%98%E7%AD%89%E5%AD%A6%E6%A0%A1>
<http://www.wikidata.org/entity/Q11403052>	"北海道苫小牧西高等学校"@ja	<http://www.wikidata.org/entity/Q56351315>	"日本の高等学校"@ja	<http://www.wikidata.org/entity/P131>	"位置する行政区画"@ja	<https://ja.wikipedia.org/wiki/%E5%8C%97%E6%B5%B7%E9%81%93%E8%8B%AB%E5%B0%8F%E7%89%A7%E8%A5%BF%E9%AB%98%E7%AD%89%E5%AD%A6%E6%A0%A1>
<http://www.wikidata.org/entity/Q11403190>	"北海道道129号"@ja	<http://www.wikidata.org/entity/Q34442>	"道路"@ja	<http://www.wikidata.org/entity/P609>	"起終点"@ja	<https://ja.wikipedia.org/wiki/%E5%8C%97%E6%B5%B7%E9%81%93%E9%81%93129%E5%8F%B7%E9%9D%99%E5%B7%9D%E7%BE%8E%E6%B2%A2%E7%B7%9A>
<http://www.wikidata.org/entity/Q11403190>	"北海道道129号"@ja	<http://www.wikidata.org/entity/Q34442>	"道路"@ja	<http://www.wikidata.org/entity/P131>	"位置する行政区画"@ja	<https://ja.wikipedia.org/wiki/%E5%8C%97%E6%B5%B7%E9%81%93%E9%81%93129%E5%8F%B7%E9%9D%99%E5%B7%9D%E7%BE%8E%E6%B2%A2%E7%B7%9A>
<http://www.wikidata.org/entity/Q11403192>	"北海道道130号"@ja	<http://www.wikidata.org/entity/Q34442>	"道路"@ja	<http://www.wikidata.org/entity/P609>	"起終点"@ja	<https://ja.wikipedia.org/wiki/%E5%8C%97%E6%B5%B7%E9%81%93%E9%81%93130%E5%8F%B7%E6%96%B0%E5%8D%83%E6%AD%B3%E7%A9%BA%E6%B8%AF%E7%B7%9A>
<http://www.wikidata.org/entity/Q11403192>	"北海道道130号"@ja	<http://www.wikidata.org/entity/Q34442>	"道路"@ja	<http://www.wikidata.org/entity/P131>	"位置する行政区画"@ja	<https://ja.wikipedia.org/wiki/%E5%8C%97%E6%B5%B7%E9%81%93%E9%81%93130%E5%8F%B7%E6%96%B0%E5%8D%83%E6%AD%B3%E7%A9%BA%E6%B8%AF%E7%B7%9A>
<http://www.wikidata.org/entity/Q11403204>	"北海道道141号"@ja	<http://www.wikidata.org/entity/Q34442>	"道路"@ja	<http://www.wikidata.org/entity/P609>	"起終点"@ja	<https://ja.wikipedia.org/wiki/%E5%8C%97%E6%B5%B7%E9%81%93%E9%81%93141%E5%8F%B7%E6%A8%BD%E5%89%8D%E9%8C%A6%E5%B2%A1%E7%B7%9A>
<http://www.wikidata.org/entity/Q11403204>	"北海道道141号"@ja	<http://www.wikidata.org/entity/Q34442>	"道路"@ja	<http://www.wikidata.org/entity/P131>	"位置する行政区画"@ja	<https://ja.wikipedia.org/wiki/%E5%8C%97%E6%B5%B7%E9%81%93%E9%81%93141%E5%8F%B7%E6%A8%BD%E5%89%8D%E9%8C%A6%E5%B2%A1%E7%B7%9A>
<http://www.wikidata.org/entity/Q11403217>	"北海道道16号"@ja	<http://www.wikidata.org/entity/Q34442>	"道路"@ja	<http://www.wikidata.org/entity/P609>	"起終点"@ja	<https://ja.wikipedia.org/wiki/%E5%8C%97%E6%B5%B7%E9%81%93%E9%81%9316%E5%8F%B7%E6%94%AF%E7%AC%8F%E6%B9%96%E5%85%AC%E5%9C%92%E7%B7%9A>
<http://www.wikidata.org/entity/Q11403217>	"北海道道16号"@ja	<http://www.wikidata.org/entity/Q34442>	"道路"@ja	<http://www.wikidata.org/entity/P131>	"位置する行政区画"@ja	<https://ja.wikipedia.org/wiki/%E5%8C%97%E6%B5%B7%E9%81%93%E9%81%9316%E5%8F%B7%E6%94%AF%E7%AC%8F%E6%B9%96%E5%85%AC%E5%9C%92%E7%B7%9A>
<http://www.wikidata.org/entity/Q11403220>	"北海道道19号"@ja	<http://www.wikidata.org/entity/Q34442>	"道路"@ja	<http://www.wikidata.org/entity/P609>	"起終点"@ja	<https://ja.wikipedia.org/wiki/%E5%8C%97%E6%B5%B7%E9%81%93%E9%81%9319%E5%8F%B7%E8%8B%AB%E5%B0%8F%E7%89%A7%E5%81%9C%E8%BB%8A%E5%A0%B4%E7%B7%9A>
<http://www.wikidata.org/entity/Q11403220>	"北海道道19号"@ja	<http://www.wikidata.org/entity/Q34442>	"道路"@ja	<http://www.wikidata.org/entity/P131>	"位置する行政区画"@ja	<https://ja.wikipedia.org/wiki/%E5%8C%97%E6%B5%B7%E9%81%93%E9%81%9319%E5%8F%B7%E8%8B%AB%E5%B0%8F%E7%89%A7%E5%81%9C%E8%BB%8A%E5%A0%B4%E7%B7%9A>
<http://www.wikidata.org/entity/Q11403578>	"北海道道781号"@ja	<http://www.wikidata.org/entity/Q34442>	"道路"@ja	<http://www.wikidata.org/entity/P609>	"起終点"@ja	<https://ja.wikipedia.org/wiki/%E5%8C%97%E6%B5%B7%E9%81%93%E9%81%93781%E5%8F%B7%E8%8B%AB%E5%B0%8F%E7%89%A7%E7%92%B0%E7%8A%B6%E7%B7%9A>
<http://www.wikidata.org/entity/Q11403578>	"北海道道781号"@ja	<http://www.wikidata.org/entity/Q34442>	"道路"@ja	<http://www.wikidata.org/entity/P131>	"位置する行政区画"@ja	<https://ja.wikipedia.org/wiki/%E5%8C%97%E6%B5%B7%E9%81%93%E9%81%93781%E5%8F%B7%E8%8B%AB%E5%B0%8F%E7%89%A7%E7%92%B0%E7%8A%B6%E7%B7%9A>
<http://www.wikidata.org/entity/Q11403612>	"北海道道872号"@ja	<http://www.wikidata.org/entity/Q34442>	"道路"@ja	<http://www.wikidata.org/entity/P131>	"位置する行政区画"@ja	<https://ja.wikipedia.org/wiki/%E5%8C%97%E6%B5%B7%E9%81%93%E9%81%93872%E5%8F%B7%E6%94%AF%E7%AC%8F%E6%B9%96%E5%85%AC%E5%9C%92%E8%87%AA%E8%BB%A2%E8%BB%8A%E9%81%93%E7%B7%9A>
<http://www.wikidata.org/entity/Q11403634>	"北海道道91号"@ja	<http://www.wikidata.org/entity/Q34442>	"道路"@ja	<http://www.wikidata.org/entity/P609>	"起終点"@ja	<https://ja.wikipedia.org/wiki/%E5%8C%97%E6%B5%B7%E9%81%93%E9%81%9391%E5%8F%B7%E8%8B%AB%E5%B0%8F%E7%89%A7%E6%9D%B1%E3%82%A4%E3%83%B3%E3%82%BF%E3%83%BC%E7%B7%9A>
<http://www.wikidata.org/entity/Q11403634>	"北海道道91号"@ja	<http://www.wikidata.org/entity/Q34442>	"道路"@ja	<http://www.wikidata.org/entity/P131>	"位置する行政区画"@ja	<https://ja.wikipedia.org/wiki/%E5%8C%97%E6%B5%B7%E9%81%93%E9%81%9391%E5%8F%B7%E8%8B%AB%E5%B0%8F%E7%89%A7%E6%9D%B1%E3%82%A4%E3%83%B3%E3%82%BF%E3%83%BC%E7%B7%9A>
<http://www.wikidata.org/entity/Q11421433>	"国道276号"@ja	<http://www.wikidata.org/entity/Q34442>	"道路"@ja	<http://www.wikidata.org/entity/P609>	"起終点"@ja	<https://ja.wikipedia.org/wiki/%E5%9B%BD%E9%81%93276%E5%8F%B7>
<http://www.wikidata.org/entity/Q11424793>	"坂上智子"@ja	<http://www.wikidata.org/entity/Q5>	"ヒト"@ja	<http://www.wikidata.org/entity/P19>	"出生地"@ja	<https://ja.wikipedia.org/wiki/%E5%9D%82%E4%B8%8A%E6%99%BA%E5%AD%90>
<http://www.wikidata.org/entity/Q11427543>	"堀江淳"@ja	<http://www.wikidata.org/entity/Q5>	"ヒト"@ja	<http://www.wikidata.org/entity/P19>	"出生地"@ja	<https://ja.wikipedia.org/wiki/%E5%A0%80%E6%B1%9F%E6%B7%B3>
<http://www.wikidata.org/entity/Q11446162>	"奥野瑛太"@ja	<http://www.wikidata.org/entity/Q5>	"ヒト"@ja	<http://www.wikidata.org/entity/P19>	"出生地"@ja	<https://ja.wikipedia.org/wiki/%E5%A5%A5%E9%87%8E%E7%91%9B%E5%A4%AA>
<http://www.wikidata.org/entity/Q11466503>	"山内隆宏"@ja	<http://www.wikidata.org/entity/Q5>	"ヒト"@ja	<http://www.wikidata.org/entity/P19>	"出生地"@ja	<https://ja.wikipedia.org/wiki/%E5%B1%B1%E5%86%85%E9%9A%86%E5%AE%8F>
<http://www.wikidata.org/entity/Q11470839>	"山縣優"@ja	<http://www.wikidata.org/entity/Q5>	"ヒト"@ja	<http://www.wikidata.org/entity/P19>	"出生地"@ja	<https://ja.wikipedia.org/wiki/%E5%B1%B1%E7%B8%A3%E5%84%AA>
<http://www.wikidata.org/entity/Q11475140>	"岩本裕司"@ja	<http://www.wikidata.org/entity/Q5>	"ヒト"@ja	<http://www.wikidata.org/entity/P19>	"出生地"@ja	<https://ja.wikipedia.org/wiki/%E5%B2%A9%E6%9C%AC%E8%A3%95%E5%8F%B8>
<http://www.wikidata.org/entity/Q11485589>	"広瀬彩香"@ja	<http://www.wikidata.org/entity/Q5>	"ヒト"@ja	<http://www.wikidata.org/entity/P19>	"出生地"@ja	<https://ja.wikipedia.org/wiki/%E5%BA%83%E7%80%AC%E5%BD%A9%E9%A6%99>
<http://www.wikidata.org/entity/Q11501999>	"新山勝利"@ja	<http://www.wikidata.org/entity/Q5>	"ヒト"@ja	<http://www.wikidata.org/entity/P19>	"出生地"@ja	<https://ja.wikipedia.org/wiki/%E6%96%B0%E5%B1%B1%E5%8B%9D%E5%88%A9>
<http://www.wikidata.org/entity/Q11504019>	"新苫小牧駅"@ja	<http://www.wikidata.org/entity/Q106772341>	"廃駅"@ja	<http://www.wikidata.org/entity/P131>	"位置する行政区画"@ja	<https://ja.wikipedia.org/wiki/%E6%96%B0%E8%8B%AB%E5%B0%8F%E7%89%A7%E9%A7%85>
<http://www.wikidata.org/entity/Q11504019>	"新苫小牧駅"@ja	<http://www.wikidata.org/entity/Q55493>	"貨物駅"@ja	<http://www.wikidata.org/entity/P131>	"位置する行政区画"@ja	<https://ja.wikipedia.org/wiki/%E6%96%B0%E8%8B%AB%E5%B0%8F%E7%89%A7%E9%A7%85>
<http://www.wikidata.org/entity/Q2389471>	"山中武司"@ja	<http://www.wikidata.org/entity/Q5>	"ヒト"@ja	<http://www.wikidata.org/entity/P19>	"出生地"@ja	<https://ja.wikipedia.org/wiki/%E5%B1%B1%E4%B8%AD%E6%AD%A6%E5%8F%B8>
<http://www.wikidata.org/entity/Q2647637>	"SHOKICHI"@ja	<http://www.wikidata.org/entity/Q5>	"ヒト"@ja	<http://www.wikidata.org/entity/P19>	"出生地"@ja	<https://ja.wikipedia.org/wiki/EXILE_SHOKICHI>
<http://www.wikidata.org/entity/Q2866307>	"あさみ"@ja	<http://www.wikidata.org/entity/Q5>	"ヒト"@ja	<http://www.wikidata.org/entity/P19>	"出生地"@ja	<https://ja.wikipedia.org/wiki/%E3%81%82%E3%81%95%E3%81%BF>
<http://www.wikidata.org/entity/Q3601182>	"苫小牧駅"@ja	<http://www.wikidata.org/entity/Q55488>	"鉄道駅"@ja	<http://www.wikidata.org/entity/P131>	"位置する行政区画"@ja	<https://ja.wikipedia.org/wiki/%E8%8B%AB%E5%B0%8F%E7%89%A7%E9%A7%85>
<http://www.wikidata.org/entity/Q3601205>	"植苗駅"@ja	<http://www.wikidata.org/entity/Q55488>	"鉄道駅"@ja	<http://www.wikidata.org/entity/P131>	"位置する行政区画"@ja	<https://ja.wikipedia.org/wiki/%E6%A4%8D%E8%8B%97%E9%A7%85>
<http://www.wikidata.org/entity/Q3601228>	"沼ノ端駅"@ja	<http://www.wikidata.org/entity/Q55488>	"鉄道駅"@ja	<http://www.wikidata.org/entity/P131>	"位置する行政区画"@ja	<https://ja.wikipedia.org/wiki/%E6%B2%BC%E3%83%8E%E7%AB%AF%E9%A7%85>
<http://www.wikidata.org/entity/Q4283191>	"河端和哉"@ja	<http://www.wikidata.org/entity/Q5>	"ヒト"@ja	<http://www.wikidata.org/entity/P19>	"出生地"@ja	<https://ja.wikipedia.org/wiki/%E6%B2%B3%E7%AB%AF%E5%92%8C%E5%93%89>
<http://www.wikidata.org/entity/Q4778571>	"青葉駅"@ja	<http://www.wikidata.org/entity/Q55488>	"鉄道駅"@ja	<http://www.wikidata.org/entity/P131>	"位置する行政区画"@ja	<https://ja.wikipedia.org/wiki/%E9%9D%92%E8%91%89%E9%A7%85>
<http://www.wikidata.org/entity/Q5640619>	"苫小牧市白鳥アリーナ"@ja	<http://www.wikidata.org/entity/Q641226>	"アリーナ"@ja	<http://www.wikidata.org/entity/P276>	"場所"@ja	<https://ja.wikipedia.org/wiki/%E8%8B%AB%E5%B0%8F%E7%89%A7%E5%B8%82%E7%99%BD%E9%B3%A5%E3%82%A2%E3%83%AA%E3%83%BC%E3%83%8A>
<http://www.wikidata.org/entity/Q5640619>	"苫小牧市白鳥アリーナ"@ja	<http://www.wikidata.org/entity/Q641226>	"アリーナ"@ja	<http://www.wikidata.org/entity/P131>	"位置する行政区画"@ja	<https://ja.wikipedia.org/wiki/%E8%8B%AB%E5%B0%8F%E7%89%A7%E5%B8%82%E7%99%BD%E9%B3%A5%E3%82%A2%E3%83%AA%E3%83%BC%E3%83%8A>
<http://www.wikidata.org/entity/Q6094820>	"糸井駅"@ja	<http://www.wikidata.org/entity/Q55488>	"鉄道駅"@ja	<http://www.wikidata.org/entity/P131>	"位置する行政区画"@ja	<https://ja.wikipedia.org/wiki/%E7%B3%B8%E4%BA%95%E9%A7%85>
<http://www.wikidata.org/entity/Q6138120>	"加賀谷健"@ja	<http://www.wikidata.org/entity/Q5>	"ヒト"@ja	<http://www.wikidata.org/entity/P19>	"出生地"@ja	<https://ja.wikipedia.org/wiki/%E5%8A%A0%E8%B3%80%E8%B0%B7%E5%81%A5>
<http://www.wikidata.org/entity/Q6156997>	"国道234号"@ja	<http://www.wikidata.org/entity/Q34442>	"道路"@ja	<http://www.wikidata.org/entity/P609>	"起終点"@ja	<https://ja.wikipedia.org/wiki/%E5%9B%BD%E9%81%93234%E5%8F%B7>
<http://www.wikidata.org/entity/Q6157002>	"国道235号"@ja	<http://www.wikidata.org/entity/Q34442>	"道路"@ja	<http://www.wikidata.org/entity/P1302>	"主な経由都市"@ja	<https://ja.wikipedia.org/wiki/%E5%9B%BD%E9%81%93235%E5%8F%B7>
<http://www.wikidata.org/entity/Q20042950>	"味の大王"@ja	<http://www.wikidata.org/entity/Q18534542>	"レストランチェーン"@ja	<http://www.wikidata.org/entity/P159>	"本部所在地"@ja	<https://ja.wikipedia.org/wiki/%E5%91%B3%E3%81%AE%E5%A4%A7%E7%8E%8B>
<http://www.wikidata.org/entity/Q20043394>	"王子総合病院"@ja	<http://www.wikidata.org/entity/Q11607592>	"総合病院"@ja	<http://www.wikidata.org/entity/P131>	"位置する行政区画"@ja	<https://ja.wikipedia.org/wiki/%E7%8E%8B%E5%AD%90%E7%B7%8F%E5%90%88%E7%97%85%E9%99%A2>
<http://www.wikidata.org/entity/Q20043394>	"王子総合病院"@ja	<http://www.wikidata.org/entity/Q11404657>	"医療法人"@ja	<http://www.wikidata.org/entity/P131>	"位置する行政区画"@ja	<https://ja.wikipedia.org/wiki/%E7%8E%8B%E5%AD%90%E7%B7%8F%E5%90%88%E7%97%85%E9%99%A2>
<http://www.wikidata.org/entity/Q20043394>	"王子総合病院"@ja	<http://www.wikidata.org/entity/Q16917>	"病院"@ja	<http://www.wikidata.org/entity/P131>	"位置する行政区画"@ja	<https://ja.wikipedia.org/wiki/%E7%8E%8B%E5%AD%90%E7%B7%8F%E5%90%88%E7%97%85%E9%99%A2>
<http://www.wikidata.org/entity/Q21653769>	"苫小牧市錦大沼公園"@ja	<http://www.wikidata.org/entity/Q11607562>	"総合公園"@ja	<http://www.wikidata.org/entity/P131>	"位置する行政区画"@ja	<https://ja.wikipedia.org/wiki/%E8%8B%AB%E5%B0%8F%E7%89%A7%E5%B8%82%E9%8C%A6%E5%A4%A7%E6%B2%BC%E5%85%AC%E5%9C%92>
<http://www.wikidata.org/entity/Q21653769>	"苫小牧市錦大沼公園"@ja	<http://www.wikidata.org/entity/Q832778>	"キャンプ場"@ja	<http://www.wikidata.org/entity/P131>	"位置する行政区画"@ja	<https://ja.wikipedia.org/wiki/%E8%8B%AB%E5%B0%8F%E7%89%A7%E5%B8%82%E9%8C%A6%E5%A4%A7%E6%B2%BC%E5%85%AC%E5%9C%92>
<http://www.wikidata.org/entity/Q21653769>	"苫小牧市錦大沼公園"@ja	<http://www.wikidata.org/entity/Q22698>	"公園"@ja	<http://www.wikidata.org/entity/P131>	"位置する行政区画"@ja	<https://ja.wikipedia.org/wiki/%E8%8B%AB%E5%B0%8F%E7%89%A7%E5%B8%82%E9%8C%A6%E5%A4%A7%E6%B2%BC%E5%85%AC%E5%9C%92>
<http://www.wikidata.org/entity/Q22119666>	"苫小牧市緑ヶ丘公園庭球場"@ja	<http://www.wikidata.org/entity/Q741118>	"テニスコート"@ja	<http://www.wikidata.org/entity/P131>	"位置する行政区画"@ja	<https://ja.wikipedia.org/wiki/%E8%8B%AB%E5%B0%8F%E7%89%A7%E5%B8%82%E7%B7%91%E3%83%B6%E4%B8%98%E5%85%AC%E5%9C%92%E5%BA%AD%E7%90%83%E5%A0%B4>
<http://www.wikidata.org/entity/Q22119667>	"苫小牧市緑ヶ丘公園陸上競技場"@ja	<http://www.wikidata.org/entity/Q3312129>	"トラック&フィールド"@ja	<http://www.wikidata.org/entity/P131>	"位置する行政区画"@ja	<https://ja.wikipedia.org/wiki/%E8%8B%AB%E5%B0%8F%E7%89%A7%E5%B8%82%E7%B7%91%E3%83%B6%E4%B8%98%E5%85%AC%E5%9C%92%E9%99%B8%E4%B8%8A%E7%AB%B6%E6%8A%80%E5%A0%B4>
<http://www.wikidata.org/entity/Q22119664>	"苫小牧市営緑ヶ丘野球場"@ja	<http://www.wikidata.org/entity/Q595452>	"野球場施設"@ja	<http://www.wikidata.org/entity/P131>	"位置する行政区画"@ja	<https://ja.wikipedia.org/wiki/%E8%8B%AB%E5%B0%8F%E7%89%A7%E5%B8%82%E5%96%B6%E7%B7%91%E3%83%B6%E4%B8%98%E9%87%8E%E7%90%83%E5%A0%B4>
<http://www.wikidata.org/entity/Q22124915>	"伊藤清美"@ja	<http://www.wikidata.org/entity/Q5>	"ヒト"@ja	<http://www.wikidata.org/entity/P19>	"出生地"@ja	<https://ja.wikipedia.org/wiki/%E4%BC%8A%E8%97%A4%E6%B8%85%E7%BE%8E_(%E5%A5%B3%E5%84%AA)>
<http://www.wikidata.org/entity/Q22128285>	"菊地絵理香"@ja	<http://www.wikidata.org/entity/Q5>	"ヒト"@ja	<http://www.wikidata.org/entity/P19>	"出生地"@ja	<https://ja.wikipedia.org/wiki/%E8%8F%8A%E5%9C%B0%E7%B5%B5%E7%90%86%E9%A6%99>
<http://www.wikidata.org/entity/Q22131331>	"苫小牧市立病院"@ja	<http://www.wikidata.org/entity/Q11480011>	"市区町村立病院"@ja	<http://www.wikidata.org/entity/P131>	"位置する行政区画"@ja	<https://ja.wikipedia.org/wiki/%E8%8B%AB%E5%B0%8F%E7%89%A7%E5%B8%82%E7%AB%8B%E7%97%85%E9%99%A2>
<http://www.wikidata.org/entity/Q22131331>	"苫小牧市立病院"@ja	<http://www.wikidata.org/entity/Q16917>	"病院"@ja	<http://www.wikidata.org/entity/P131>	"位置する行政区画"@ja	<https://ja.wikipedia.org/wiki/%E8%8B%AB%E5%B0%8F%E7%89%A7%E5%B8%82%E7%AB%8B%E7%97%85%E9%99%A2>
<http://www.wikidata.org/entity/Q23945720>	"苫小牧市民文化公園"@ja	<http://www.wikidata.org/entity/Q11607562>	"総合公園"@ja	<http://www.wikidata.org/entity/P131>	"位置する行政区画"@ja	<https://ja.wikipedia.org/wiki/%E8%8B%AB%E5%B0%8F%E7%89%A7%E5%B8%82%E6%B0%91%E6%96%87%E5%8C%96%E5%85%AC%E5%9C%92>
<http://www.wikidata.org/entity/Q23945720>	"苫小牧市民文化公園"@ja	<http://www.wikidata.org/entity/Q22698>	"公園"@ja	<http://www.wikidata.org/entity/P131>	"位置する行政区画"@ja	<https://ja.wikipedia.org/wiki/%E8%8B%AB%E5%B0%8F%E7%89%A7%E5%B8%82%E6%B0%91%E6%96%87%E5%8C%96%E5%85%AC%E5%9C%92>
<http://www.wikidata.org/entity/Q23945724>	"苫小牧市総合体育館"@ja	<http://www.wikidata.org/entity/Q14092>	"体育館"@ja	<http://www.wikidata.org/entity/P131>	"位置する行政区画"@ja	<https://ja.wikipedia.org/wiki/%E8%8B%AB%E5%B0%8F%E7%89%A7%E5%B8%82%E7%B7%8F%E5%90%88%E4%BD%93%E8%82%B2%E9%A4%A8>
<http://www.wikidata.org/entity/Q23945728>	"苫小牧市民会館"@ja	<http://www.wikidata.org/entity/Q8719053>	"コンサート会場"@ja	<http://www.wikidata.org/entity/P131>	"位置する行政区画"@ja	<https://ja.wikipedia.org/wiki/%E8%8B%AB%E5%B0%8F%E7%89%A7%E5%B8%82%E6%B0%91%E4%BC%9A%E9%A4%A8>
<http://www.wikidata.org/entity/Q24862491>	"表町"@ja	<http://www.wikidata.org/entity/Q5327369>	"町丁"@ja	<http://www.wikidata.org/entity/P131>	"位置する行政区画"@ja	<https://ja.wikipedia.org/wiki/%E8%A1%A8%E7%94%BA_(%E8%8B%AB%E5%B0%8F%E7%89%A7%E5%B8%82)>
<http://www.wikidata.org/entity/Q24867686>	"王子町"@ja	<http://www.wikidata.org/entity/Q5327369>	"町丁"@ja	<http://www.wikidata.org/entity/P131>	"位置する行政区画"@ja	<https://ja.wikipedia.org/wiki/%E7%8E%8B%E5%AD%90%E7%94%BA_(%E8%8B%AB%E5%B0%8F%E7%89%A7%E5%B8%82)>
<http://www.wikidata.org/entity/Q27641172>	"ニドム"@ja	<http://www.wikidata.org/entity/Q1048525>	"ゴルフ場"@ja	<http://www.wikidata.org/entity/P131>	"位置する行政区画"@ja	<https://ja.wikipedia.org/wiki/%E3%83%8B%E3%83%89%E3%83%A0>
<http://www.wikidata.org/entity/Q27641172>	"ニドム"@ja	<http://www.wikidata.org/entity/Q875157>	"リゾート"@ja	<http://www.wikidata.org/entity/P131>	"位置する行政区画"@ja	<https://ja.wikipedia.org/wiki/%E3%83%8B%E3%83%89%E3%83%A0>
<http://www.wikidata.org/entity/Q27641172>	"ニドム"@ja	<http://www.wikidata.org/entity/Q27686>	"ホテル"@ja	<http://www.wikidata.org/entity/P131>	"位置する行政区画"@ja	<https://ja.wikipedia.org/wiki/%E3%83%8B%E3%83%89%E3%83%A0>
<http://www.wikidata.org/entity/Q28801385>	"グランドホテルニュー王子"@ja	<http://www.wikidata.org/entity/Q27686>	"ホテル"@ja	<http://www.wikidata.org/entity/P131>	"位置する行政区画"@ja	<https://ja.wikipedia.org/wiki/%E3%82%B0%E3%83%A9%E3%83%B3%E3%83%89%E3%83%9B%E3%83%86%E3%83%AB%E3%83%8B%E3%83%A5%E3%83%BC%E7%8E%8B%E5%AD%90>
<http://www.wikidata.org/entity/Q28805665>	"苫小牧市ハイランドスポーツセンター"@ja	<http://www.wikidata.org/entity/Q1282870>	"スケートリンク"@ja	<http://www.wikidata.org/entity/P131>	"位置する行政区画"@ja	<https://ja.wikipedia.org/wiki/%E8%8B%AB%E5%B0%8F%E7%89%A7%E5%B8%82%E3%83%8F%E3%82%A4%E3%83%A9%E3%83%B3%E3%83%89%E3%82%B9%E3%83%9D%E3%83%BC%E3%83%84%E3%82%BB%E3%83%B3%E3%82%BF%E3%83%BC>
<http://www.wikidata.org/entity/Q29245750>	"王子製紙苫小牧工場"@ja	<http://www.wikidata.org/entity/Q83405>	"工場"@ja	<http://www.wikidata.org/entity/P131>	"位置する行政区画"@ja	<https://ja.wikipedia.org/wiki/%E7%8E%8B%E5%AD%90%E8%A3%BD%E7%B4%99%E8%8B%AB%E5%B0%8F%E7%89%A7%E5%B7%A5%E5%A0%B4>
<http://www.wikidata.org/entity/Q30222825>	"小泉和也"@ja	<http://www.wikidata.org/entity/Q5>	"ヒト"@ja	<http://www.wikidata.org/entity/P19>	"出生地"@ja	<https://ja.wikipedia.org/wiki/%E5%B0%8F%E6%B3%89%E5%92%8C%E4%B9%9F_(%E3%82%A2%E3%82%A4%E3%82%B9%E3%83%9B%E3%83%83%E3%82%B1%E3%83%BC)>
<http://www.wikidata.org/entity/Q30926360>	"トヨタシグナス"@ja	<http://www.wikidata.org/entity/Q4498974>	"アイスホッケーのチーム"@ja	<http://www.wikidata.org/entity/P131>	"位置する行政区画"@ja	<https://ja.wikipedia.org/wiki/%E3%83%88%E3%83%A8%E3%82%BF%E3%82%B7%E3%82%B0%E3%83%8A%E3%82%B9>
<http://www.wikidata.org/entity/Q40719421>	"三井不動産苫小牧太陽光発電所"@ja	<http://www.wikidata.org/entity/Q1003207>	"太陽光発電所"@ja	<http://www.wikidata.org/entity/P131>	"位置する行政区画"@ja	<https://ja.wikipedia.org/wiki/%E4%B8%89%E4%BA%95%E4%B8%8D%E5%8B%95%E7%94%A3%E8%8B%AB%E5%B0%8F%E7%89%A7%E5%A4%AA%E9%99%BD%E5%85%89%E7%99%BA%E9%9B%BB%E6%89%80>
<http://www.wikidata.org/entity/Q40719694>	"シャープ苫東の森太陽光発電所"@ja	<http://www.wikidata.org/entity/Q1003207>	"太陽光発電所"@ja	<http://www.wikidata.org/entity/P131>	"位置する行政区画"@ja	<https://ja.wikipedia.org/wiki/%E3%82%B7%E3%83%A3%E3%83%BC%E3%83%97%E8%8B%AB%E6%9D%B1%E3%81%AE%E6%A3%AE%E5%A4%AA%E9%99%BD%E5%85%89%E7%99%BA%E9%9B%BB%E6%89%80>
<http://www.wikidata.org/entity/Q48781059>	"NAOKI"@ja	<http://www.wikidata.org/entity/Q5>	"ヒト"@ja	<http://www.wikidata.org/entity/P19>	"出生地"@ja	<https://ja.wikipedia.org/wiki/NAOKI_(%E3%83%99%E3%83%BC%E3%82%B7%E3%82%B9%E3%83%88)>
<http://www.wikidata.org/entity/Q50286836>	"前田亮介"@ja	<http://www.wikidata.org/entity/Q5>	"ヒト"@ja	<http://www.wikidata.org/entity/P19>	"出生地"@ja	<https://ja.wikipedia.org/wiki/%E5%89%8D%E7%94%B0%E4%BA%AE%E4%BB%8B>
<http://www.wikidata.org/entity/Q56059810>	"水原一平"@ja	<http://www.wikidata.org/entity/Q5>	"ヒト"@ja	<http://www.wikidata.org/entity/P19>	"出生地"@ja	<https://ja.wikipedia.org/wiki/%E6%B0%B4%E5%8E%9F%E4%B8%80%E5%B9%B3>
<http://www.wikidata.org/entity/Q56354398>	"苫小牧市立青翔中学校"@ja	<http://www.wikidata.org/entity/Q55521176>	"日本の中学校"@ja	<http://www.wikidata.org/entity/P131>	"位置する行政区画"@ja	<https://ja.wikipedia.org/wiki/%E8%8B%AB%E5%B0%8F%E7%89%A7%E5%B8%82%E7%AB%8B%E9%9D%92%E7%BF%94%E4%B8%AD%E5%AD%A6%E6%A0%A1>
<http://www.wikidata.org/entity/Q56354398>	"苫小牧市立青翔中学校"@ja	<http://www.wikidata.org/entity/Q55521176>	"日本の中学校"@ja	<http://www.wikidata.org/entity/P126>	"管理者"@ja	<https://ja.wikipedia.org/wiki/%E8%8B%AB%E5%B0%8F%E7%89%A7%E5%B8%82%E7%AB%8B%E9%9D%92%E7%BF%94%E4%B8%AD%E5%AD%A6%E6%A0%A1>
<http://www.wikidata.org/entity/Q56483720>	"北海道胆振東部地震"@ja	<http://www.wikidata.org/entity/Q7944>	"地震"@ja	<http://www.wikidata.org/entity/P276>	"場所"@ja	<https://ja.wikipedia.org/wiki/%E5%8C%97%E6%B5%B7%E9%81%93%E8%83%86%E6%8C%AF%E6%9D%B1%E9%83%A8%E5%9C%B0%E9%9C%87>
<http://www.wikidata.org/entity/Q60988543>	"北海道道1179号"@ja	<http://www.wikidata.org/entity/Q34442>	"道路"@ja	<http://www.wikidata.org/entity/P131>	"位置する行政区画"@ja	<https://ja.wikipedia.org/wiki/%E5%8C%97%E6%B5%B7%E9%81%93%E9%81%931179%E5%8F%B7%E8%8B%AB%E5%B0%8F%E7%89%A7%E4%B8%AD%E5%A4%AE%E3%82%A4%E3%83%B3%E3%82%BF%E3%83%BC%E7%B7%9A>
<http://www.wikidata.org/entity/Q61885920>	"苫小牧市立中央図書館"@ja	<http://www.wikidata.org/entity/Q28564>	"公共図書館"@ja	<http://www.wikidata.org/entity/P276>	"場所"@ja	<https://ja.wikipedia.org/wiki/%E8%8B%AB%E5%B0%8F%E7%89%A7%E5%B8%82%E7%AB%8B%E4%B8%AD%E5%A4%AE%E5%9B%B3%E6%9B%B8%E9%A4%A8>
<http://www.wikidata.org/entity/Q79348299>	"苫小牧市議会"@ja	<http://www.wikidata.org/entity/Q107199651>	"市議会"@ja	<http://www.wikidata.org/entity/P1001>	"管轄・適用区域"@ja	<https://ja.wikipedia.org/wiki/%E8%8B%AB%E5%B0%8F%E7%89%A7%E5%B8%82%E8%AD%B0%E4%BC%9A>
<http://www.wikidata.org/entity/Q81972039>	"苫小牧市立苫小牧西小学校"@ja	<http://www.wikidata.org/entity/Q5358913>	"日本の小学校"@ja	<http://www.wikidata.org/entity/P131>	"位置する行政区画"@ja	<https://ja.wikipedia.org/wiki/%E8%8B%AB%E5%B0%8F%E7%89%A7%E5%B8%82%E7%AB%8B%E8%8B%AB%E5%B0%8F%E7%89%A7%E8%A5%BF%E5%B0%8F%E5%AD%A6%E6%A0%A1>
<http://www.wikidata.org/entity/Q97181550>	"勤医協苫小牧病院"@ja	<http://www.wikidata.org/entity/Q16917>	"病院"@ja	<http://www.wikidata.org/entity/P131>	"位置する行政区画"@ja	<https://ja.wikipedia.org/wiki/%E5%8B%A4%E5%8C%BB%E5%8D%94%E8%8B%AB%E5%B0%8F%E7%89%A7%E7%97%85%E9%99%A2>
<http://www.wikidata.org/entity/Q105258331>	"伊藤優希"@ja	<http://www.wikidata.org/entity/Q5>	"ヒト"@ja	<http://www.wikidata.org/entity/P19>	"出生地"@ja	<https://ja.wikipedia.org/wiki/%E4%BC%8A%E8%97%A4%E5%84%AA%E5%B8%8C_(%E9%87%8E%E7%90%83)>
<http://www.wikidata.org/entity/Q108912973>	"苫小牧市立光洋中学校"@ja	<http://www.wikidata.org/entity/Q55521176>	"日本の中学校"@ja	<http://www.wikidata.org/entity/P131>	"位置する行政区画"@ja	<https://ja.wikipedia.org/wiki/%E8%8B%AB%E5%B0%8F%E7%89%A7%E5%B8%82%E7%AB%8B%E5%85%89%E6%B4%8B%E4%B8%AD%E5%AD%A6%E6%A0%A1>
<http://www.wikidata.org/entity/Q108912973>	"苫小牧市立光洋中学校"@ja	<http://www.wikidata.org/entity/Q55521176>	"日本の中学校"@ja	<http://www.wikidata.org/entity/P126>	"管理者"@ja	<https://ja.wikipedia.org/wiki/%E8%8B%AB%E5%B0%8F%E7%89%A7%E5%B8%82%E7%AB%8B%E5%85%89%E6%B4%8B%E4%B8%AD%E5%AD%A6%E6%A0%A1>
<http://www.wikidata.org/entity/Q6157345>	"国道36号"@ja	<http://www.wikidata.org/entity/Q34442>	"道路"@ja	<http://www.wikidata.org/entity/P1302>	"主な経由都市"@ja	<https://ja.wikipedia.org/wiki/%E5%9B%BD%E9%81%9336%E5%8F%B7>
<http://www.wikidata.org/entity/Q6381443>	"菅原和彦"@ja	<http://www.wikidata.org/entity/Q5>	"ヒト"@ja	<http://www.wikidata.org/entity/P19>	"出生地"@ja	<https://ja.wikipedia.org/wiki/%E8%8F%85%E5%8E%9F%E5%92%8C%E5%BD%A6>
<http://www.wikidata.org/entity/Q6381558>	"佐々木一正"@ja	<http://www.wikidata.org/entity/Q5>	"ヒト"@ja	<http://www.wikidata.org/entity/P19>	"出生地"@ja	<https://ja.wikipedia.org/wiki/%E4%BD%90%E3%80%85%E6%9C%A8%E4%B8%80%E6%AD%A3_(%E3%82%A2%E3%82%A4%E3%82%B9%E3%83%9B%E3%83%83%E3%82%B1%E3%83%BC)>
<http://www.wikidata.org/entity/Q6405567>	"佐野巧真"@ja	<http://www.wikidata.org/entity/Q5>	"ヒト"@ja	<http://www.wikidata.org/entity/P19>	"出生地"@ja	<https://ja.wikipedia.org/wiki/%E4%BD%90%E9%87%8E%E5%B7%A7%E7%9C%9F>
<http://www.wikidata.org/entity/Q6753602>	"溝口真央"@ja	<http://www.wikidata.org/entity/Q5>	"ヒト"@ja	<http://www.wikidata.org/entity/P19>	"出生地"@ja	<https://ja.wikipedia.org/wiki/%E6%BA%9D%E5%8F%A3%E7%9C%9F%E5%A4%AE>
<http://www.wikidata.org/entity/Q7040602>	"錦岡駅"@ja	<http://www.wikidata.org/entity/Q55488>	"鉄道駅"@ja	<http://www.wikidata.org/entity/P131>	"位置する行政区画"@ja	<https://ja.wikipedia.org/wiki/%E9%8C%A6%E5%B2%A1%E9%A7%85>
<http://www.wikidata.org/entity/Q7504722>	"久慈修平"@ja	<http://www.wikidata.org/entity/Q5>	"ヒト"@ja	<http://www.wikidata.org/entity/P19>	"出生地"@ja	<https://ja.wikipedia.org/wiki/%E4%B9%85%E6%85%88%E4%BF%AE%E5%B9%B3>
<http://www.wikidata.org/entity/Q7818224>	"苫小牧卓也"@ja	<http://www.wikidata.org/entity/Q5>	"ヒト"@ja	<http://www.wikidata.org/entity/P19>	"出生地"@ja	<https://ja.wikipedia.org/wiki/T-Hawk_(%E3%83%97%E3%83%AD%E3%83%AC%E3%82%B9%E3%83%A9%E3%83%BC)>
<http://www.wikidata.org/entity/Q7818236>	"北洋大学"@ja	<http://www.wikidata.org/entity/Q3918>	"大学"@ja	<http://www.wikidata.org/entity/P131>	"位置する行政区画"@ja	<https://ja.wikipedia.org/wiki/%E5%8C%97%E6%B4%8B%E5%A4%A7%E5%AD%A6>
<http://www.wikidata.org/entity/Q9379419>	"Category:苫小牧市"@ja	<http://www.wikidata.org/entity/Q4167836>	"ウィキメディアのカテゴリ"@ja	<http://www.wikidata.org/entity/P301>	"カテゴリの中心主題"@ja	<https://ja.wikipedia.org/wiki/Category:%E8%8B%AB%E5%B0%8F%E7%89%A7%E5%B8%82>
<http://www.wikidata.org/entity/Q10903342>	"北海道道10号"@ja	<http://www.wikidata.org/entity/Q34442>	"道路"@ja	<http://www.wikidata.org/entity/P131>	"位置する行政区画"@ja	<https://ja.wikipedia.org/wiki/%E5%8C%97%E6%B5%B7%E9%81%93%E9%81%9310%E5%8F%B7%E5%8D%83%E6%AD%B3%E9%B5%A1%E5%B7%9D%E7%B7%9A>
<http://www.wikidata.org/entity/Q10903341>	"北海道道1091号"@ja	<http://www.wikidata.org/entity/Q34442>	"道路"@ja	<http://www.wikidata.org/entity/P609>	"起終点"@ja	<https://ja.wikipedia.org/wiki/%E5%8C%97%E6%B5%B7%E9%81%93%E9%81%931091%E5%8F%B7%E6%B3%89%E6%B2%A2%E6%96%B0%E5%8D%83%E6%AD%B3%E7%A9%BA%E6%B8%AF%E7%B7%9A>
<http://www.wikidata.org/entity/Q10903341>	"北海道道1091号"@ja	<http://www.wikidata.org/entity/Q34442>	"道路"@ja	<http://www.wikidata.org/entity/P131>	"位置する行政区画"@ja	<https://ja.wikipedia.org/wiki/%E5%8C%97%E6%B5%B7%E9%81%93%E9%81%931091%E5%8F%B7%E6%B3%89%E6%B2%A2%E6%96%B0%E5%8D%83%E6%AD%B3%E7%A9%BA%E6%B8%AF%E7%B7%9A>
<http://www.wikidata.org/entity/Q10903398>	"北海道道259号"@ja	<http://www.wikidata.org/entity/Q34442>	"道路"@ja	<http://www.wikidata.org/entity/P609>	"起終点"@ja	<https://ja.wikipedia.org/wiki/%E5%8C%97%E6%B5%B7%E9%81%93%E9%81%93259%E5%8F%B7%E4%B8%8A%E5%8E%9A%E7%9C%9F%E8%8B%AB%E5%B0%8F%E7%89%A7%E7%B7%9A>
<http://www.wikidata.org/entity/Q10903398>	"北海道道259号"@ja	<http://www.wikidata.org/entity/Q34442>	"道路"@ja	<http://www.wikidata.org/entity/P131>	"位置する行政区画"@ja	<https://ja.wikipedia.org/wiki/%E5%8C%97%E6%B5%B7%E9%81%93%E9%81%93259%E5%8F%B7%E4%B8%8A%E5%8E%9A%E7%9C%9F%E8%8B%AB%E5%B0%8F%E7%89%A7%E7%B7%9A>
<http://www.wikidata.org/entity/Q11121810>	"樽前サービスエリア"@ja	<http://www.wikidata.org/entity/Q786014>	"休憩所 (道路施設)"@ja	<http://www.wikidata.org/entity/P131>	"位置する行政区画"@ja	<https://ja.wikipedia.org/wiki/%E6%A8%BD%E5%89%8D%E3%82%B5%E3%83%BC%E3%83%93%E3%82%B9%E3%82%A8%E3%83%AA%E3%82%A2>
<http://www.wikidata.org/entity/Q11142809>	"沼ノ端東インターチェンジ"@ja	<http://www.wikidata.org/entity/Q2376564>	"インターチェンジ"@ja	<http://www.wikidata.org/entity/P131>	"位置する行政区画"@ja	<https://ja.wikipedia.org/wiki/%E6%B2%BC%E3%83%8E%E7%AB%AF%E6%9D%B1%E3%82%A4%E3%83%B3%E3%82%BF%E3%83%BC%E3%83%81%E3%82%A7%E3%83%B3%E3%82%B8>
<http://www.wikidata.org/entity/Q11142812>	"沼ノ端西インターチェンジ"@ja	<http://www.wikidata.org/entity/Q2376564>	"インターチェンジ"@ja	<http://www.wikidata.org/entity/P131>	"位置する行政区画"@ja	<https://ja.wikipedia.org/wiki/%E6%B2%BC%E3%83%8E%E7%AB%AF%E8%A5%BF%E3%82%A4%E3%83%B3%E3%82%BF%E3%83%BC%E3%83%81%E3%82%A7%E3%83%B3%E3%82%B8>
<http://www.wikidata.org/entity/Q11259277>	"いすゞエンジン製造北海道"@ja	<http://www.wikidata.org/entity/Q6881511>	"事業者"@ja	<http://www.wikidata.org/entity/P159>	"本部所在地"@ja	<https://ja.wikipedia.org/wiki/%E3%81%84%E3%81%99%E3%82%9E%E3%82%A8%E3%83%B3%E3%82%B8%E3%83%B3%E8%A3%BD%E9%80%A0%E5%8C%97%E6%B5%B7%E9%81%93>
<http://www.wikidata.org/entity/Q11259277>	"いすゞエンジン製造北海道"@ja	<http://www.wikidata.org/entity/Q4830453>	"企業"@ja	<http://www.wikidata.org/entity/P159>	"本部所在地"@ja	<https://ja.wikipedia.org/wiki/%E3%81%84%E3%81%99%E3%82%9E%E3%82%A8%E3%83%B3%E3%82%B8%E3%83%B3%E8%A3%BD%E9%80%A0%E5%8C%97%E6%B5%B7%E9%81%93>
<http://www.wikidata.org/entity/Q11266408>	"岩倉博文"@ja	<http://www.wikidata.org/entity/Q5>	"ヒト"@ja	<http://www.wikidata.org/entity/P19>	"出生地"@ja	<https://ja.wikipedia.org/wiki/%E5%B2%A9%E5%80%89%E5%8D%9A%E6%96%87>
<http://www.wikidata.org/entity/Q11286183>	"イオンモール苫小牧"@ja	<http://www.wikidata.org/entity/Q11315>	"ショッピングセンター"@ja	<http://www.wikidata.org/entity/P131>	"位置する行政区画"@ja	<https://ja.wikipedia.org/wiki/%E3%82%A4%E3%82%AA%E3%83%B3%E3%83%A2%E3%83%BC%E3%83%AB%E8%8B%AB%E5%B0%8F%E7%89%A7>
<http://www.wikidata.org/entity/Q11289022>	"ウトナイ湖"@ja	<http://www.wikidata.org/entity/Q23397>	"湖"@ja	<http://www.wikidata.org/entity/P131>	"位置する行政区画"@ja	<https://ja.wikipedia.org/wiki/%E3%82%A6%E3%83%88%E3%83%8A%E3%82%A4%E6%B9%96>
<http://www.wikidata.org/entity/Q11321677>	"トヨタ自動車北海道"@ja	<http://www.wikidata.org/entity/Q6881511>	"事業者"@ja	<http://www.wikidata.org/entity/P159>	"本部所在地"@ja	<https://ja.wikipedia.org/wiki/%E3%83%88%E3%83%A8%E3%82%BF%E8%87%AA%E5%8B%95%E8%BB%8A%E5%8C%97%E6%B5%B7%E9%81%93>
<http://www.wikidata.org/entity/Q11321677>	"トヨタ自動車北海道"@ja	<http://www.wikidata.org/entity/Q4830453>	"企業"@ja	<http://www.wikidata.org/entity/P159>	"本部所在地"@ja	<https://ja.wikipedia.org/wiki/%E3%83%88%E3%83%A8%E3%82%BF%E8%87%AA%E5%8B%95%E8%BB%8A%E5%8C%97%E6%B5%B7%E9%81%93>
<http://www.wikidata.org/entity/Q11352781>	"一本松駅"@ja	<http://www.wikidata.org/entity/Q106772341>	"廃駅"@ja	<http://www.wikidata.org/entity/P131>	"位置する行政区画"@ja	<https://ja.wikipedia.org/wiki/%E4%B8%80%E6%9C%AC%E6%9D%BE%E9%A7%85_(%E5%8C%97%E6%B5%B7%E9%81%93%E8%8B%AB%E5%B0%8F%E7%89%A7%E5%B8%82)>
<http://www.wikidata.org/entity/Q11352781>	"一本松駅"@ja	<http://www.wikidata.org/entity/Q55493>	"貨物駅"@ja	<http://www.wikidata.org/entity/P131>	"位置する行政区画"@ja	<https://ja.wikipedia.org/wiki/%E4%B8%80%E6%9C%AC%E6%9D%BE%E9%A7%85_(%E5%8C%97%E6%B5%B7%E9%81%93%E8%8B%AB%E5%B0%8F%E7%89%A7%E5%B8%82)>
<http://www.wikidata.org/entity/Q11355525>	"三星"@ja	<http://www.wikidata.org/entity/Q6881511>	"事業者"@ja	<http://www.wikidata.org/entity/P159>	"本部所在地"@ja	<https://ja.wikipedia.org/wiki/%E4%B8%89%E6%98%9F_(%E8%8F%93%E5%AD%90%E8%A3%BD%E9%80%A0)>
<http://www.wikidata.org/entity/Q11355525>	"三星"@ja	<http://www.wikidata.org/entity/Q4830453>	"企業"@ja	<http://www.wikidata.org/entity/P159>	"本部所在地"@ja	<https://ja.wikipedia.org/wiki/%E4%B8%89%E6%98%9F_(%E8%8F%93%E5%AD%90%E8%A3%BD%E9%80%A0)>
<http://www.wikidata.org/entity/Q11369164>	"久保英恵"@ja	<http://www.wikidata.org/entity/Q5>	"ヒト"@ja	<http://www.wikidata.org/entity/P19>	"出生地"@ja	<https://ja.wikipedia.org/wiki/%E4%B9%85%E4%BF%9D%E8%8B%B1%E6%81%B5>
<http://www.wikidata.org/entity/Q11372090>	"五十嵐元"@ja	<http://www.wikidata.org/entity/Q5>	"ヒト"@ja	<http://www.wikidata.org/entity/P19>	"出生地"@ja	<https://ja.wikipedia.org/wiki/%E4%BA%94%E5%8D%81%E5%B5%90%E5%85%83>
<http://www.wikidata.org/entity/Q11372144>	"五十嵐浩晃"@ja	<http://www.wikidata.org/entity/Q5>	"ヒト"@ja	<http://www.wikidata.org/entity/P19>	"出生地"@ja	<https://ja.wikipedia.org/wiki/%E4%BA%94%E5%8D%81%E5%B5%90%E6%B5%A9%E6%99%83>
<http://www.wikidata.org/entity/Q11399534>	"加藤謙如"@ja	<http://www.wikidata.org/entity/Q5>	"ヒト"@ja	<http://www.wikidata.org/entity/P19>	"出生地"@ja	<https://ja.wikipedia.org/wiki/%E5%8A%A0%E8%97%A4%E8%AC%99%E5%A6%82>
<http://www.wikidata.org/entity/Q11399954>	"勇払平野"@ja	<http://www.wikidata.org/entity/Q160091>	"平野"@ja	<http://www.wikidata.org/entity/P131>	"位置する行政区画"@ja	<https://ja.wikipedia.org/wiki/%E5%8B%87%E6%89%95%E5%B9%B3%E9%87%8E>
<http://www.wikidata.org/entity/Q418029>	"奥山章文"@ja	<http://www.wikidata.org/entity/Q5>	"ヒト"@ja	<http://www.wikidata.org/entity/P19>	"出生地"@ja	
<http://www.wikidata.org/entity/Q1229187>	"中村卓矢"@ja	<http://www.wikidata.org/entity/Q5>	"ヒト"@ja	<http://www.wikidata.org/entity/P19>	"出生地"@ja	
<http://www.wikidata.org/entity/Q1311753>	"川平誠"@ja	<http://www.wikidata.org/entity/Q5>	"ヒト"@ja	<http://www.wikidata.org/entity/P19>	"出生地"@ja	
<http://www.wikidata.org/entity/Q1313168>	"坂井寿如"@ja	<http://www.wikidata.org/entity/Q5>	"ヒト"@ja	<http://www.wikidata.org/entity/P19>	"出生地"@ja	
<http://www.wikidata.org/entity/Q1407837>	"樫野善一"@ja	<http://www.wikidata.org/entity/Q5>	"ヒト"@ja	<http://www.wikidata.org/entity/P19>	"出生地"@ja	
<http://www.wikidata.org/entity/Q1436822>	"松浦浩史"@ja	<http://www.wikidata.org/entity/Q5>	"ヒト"@ja	<http://www.wikidata.org/entity/P19>	"出生地"@ja	
<http://www.wikidata.org/entity/Q1517981>	"笠原裕二郎"@ja	<http://www.wikidata.org/entity/Q5>	"ヒト"@ja	<http://www.wikidata.org/entity/P19>	"出生地"@ja	
<http://www.wikidata.org/entity/Q1797616>	"高橋皓介"@ja	<http://www.wikidata.org/entity/Q5>	"ヒト"@ja	<http://www.wikidata.org/entity/P19>	"出生地"@ja	
<http://www.wikidata.org/entity/Q1906693>	"鈴木雅仁"@ja	<http://www.wikidata.org/entity/Q5>	"ヒト"@ja	<http://www.wikidata.org/entity/P19>	"出生地"@ja	
<http://www.wikidata.org/entity/Q2389314>	"小堀恭之"@ja	<http://www.wikidata.org/entity/Q5>	"ヒト"@ja	<http://www.wikidata.org/entity/P19>	"出生地"@ja	
<http://www.wikidata.org/entity/Q5752782>	"大澤 秀之"@ja	<http://www.wikidata.org/entity/Q5>	"ヒト"@ja	<http://www.wikidata.org/entity/P19>	"出生地"@ja	
<http://www.wikidata.org/entity/Q6782308>	"Q6782308"	<http://www.wikidata.org/entity/Q5>	"ヒト"@ja	<http://www.wikidata.org/entity/P19>	"出生地"@ja	
<http://www.wikidata.org/entity/Q6782481>	"佐藤雅子"@ja	<http://www.wikidata.org/entity/Q5>	"ヒト"@ja	<http://www.wikidata.org/entity/P19>	"出生地"@ja	
<http://www.wikidata.org/entity/Q7333054>	"佐藤理絵"@ja	<http://www.wikidata.org/entity/Q5>	"ヒト"@ja	<http://www.wikidata.org/entity/P19>	"出生地"@ja	
<http://www.wikidata.org/entity/Q7446742>	"高橋聖二"@ja	<http://www.wikidata.org/entity/Q5>	"ヒト"@ja	<http://www.wikidata.org/entity/P19>	"出生地"@ja	
<http://www.wikidata.org/entity/Q7677007>	"山下敬史"@ja	<http://www.wikidata.org/entity/Q5>	"ヒト"@ja	<http://www.wikidata.org/entity/P19>	"出生地"@ja	
<http://www.wikidata.org/entity/Q7678118>	"Q7678118"	<http://www.wikidata.org/entity/Q5>	"ヒト"@ja	<http://www.wikidata.org/entity/P19>	"出生地"@ja	
<http://www.wikidata.org/entity/Q13422593>	"水内直人"@ja	<http://www.wikidata.org/entity/Q5>	"ヒト"@ja	<http://www.wikidata.org/entity/P19>	"出生地"@ja	
<http://www.wikidata.org/entity/Q15278561>	"中村翔太"@ja	<http://www.wikidata.org/entity/Q5>	"ヒト"@ja	<http://www.wikidata.org/entity/P19>	"出生地"@ja	
<http://www.wikidata.org/entity/Q15411246>	"大澤勇斗"@ja	<http://www.wikidata.org/entity/Q5>	"ヒト"@ja	<http://www.wikidata.org/entity/P19>	"出生地"@ja	
<http://www.wikidata.org/entity/Q16596785>	"藤本もえこ"@ja	<http://www.wikidata.org/entity/Q5>	"ヒト"@ja	<http://www.wikidata.org/entity/P19>	"出生地"@ja	
<http://www.wikidata.org/entity/Q16778358>	"Q16778358"	<http://www.wikidata.org/entity/Q4167836>	"ウィキメディアのカテゴリ"@ja	<http://www.wikidata.org/entity/P971>	"以下の組み合わせカテゴリ"@ja	
<http://www.wikidata.org/entity/Q18665530>	"Q18665530"	<http://www.wikidata.org/entity/Q4167836>	"ウィキメディアのカテゴリ"@ja	<http://www.wikidata.org/entity/P971>	"以下の組み合わせカテゴリ"@ja	
<http://www.wikidata.org/entity/Q28237578>	"苫小牧東本線料金所"@ja	<http://www.wikidata.org/entity/Q1364150>	"本線料金所"@ja	<http://www.wikidata.org/entity/P131>	"位置する行政区画"@ja	
<http://www.wikidata.org/entity/Q28870333>	"中村駿佑"@ja	<http://www.wikidata.org/entity/Q5>	"ヒト"@ja	<http://www.wikidata.org/entity/P19>	"出生地"@ja	
<http://www.wikidata.org/entity/Q30161593>	"高木健太 (アイスホッケー)"@ja	<http://www.wikidata.org/entity/Q5>	"ヒト"@ja	<http://www.wikidata.org/entity/P19>	"出生地"@ja	
<http://www.wikidata.org/entity/Q34690003>	"勇払原野"@ja	<http://www.wikidata.org/entity/Q11410074>	"原野"@ja	<http://www.wikidata.org/entity/P131>	"位置する行政区画"@ja	
<http://www.wikidata.org/entity/Q34690003>	"勇払原野"@ja	<http://www.wikidata.org/entity/Q3240227>	"湿原"@ja	<http://www.wikidata.org/entity/P131>	"位置する行政区画"@ja	
<http://www.wikidata.org/entity/Q42087393>	"小笠原千秋"@ja	<http://www.wikidata.org/entity/Q5>	"ヒト"@ja	<http://www.wikidata.org/entity/P19>	"出生地"@ja	
<http://www.wikidata.org/entity/Q47531598>	"房野抄子"@ja	<http://www.wikidata.org/entity/Q5>	"ヒト"@ja	<http://www.wikidata.org/entity/P19>	"出生地"@ja	
<http://www.wikidata.org/entity/Q47542243>	"Q47542243"	<http://www.wikidata.org/entity/Q5>	"ヒト"@ja	<http://www.wikidata.org/entity/P19>	"出生地"@ja	
<http://www.wikidata.org/entity/Q47657400>	"Q47657400"	<http://www.wikidata.org/entity/Q5>	"ヒト"@ja	<http://www.wikidata.org/entity/P19>	"出生地"@ja	
<http://www.wikidata.org/entity/Q56314173>	"伊藤剛史"@ja	<http://www.wikidata.org/entity/Q5>	"ヒト"@ja	<http://www.wikidata.org/entity/P19>	"出生地"@ja	
<http://www.wikidata.org/entity/Q56435918>	"苫小牧市長"@ja	<http://www.wikidata.org/entity/Q4164871>	"職位"@ja	<http://www.wikidata.org/entity/P1001>	"管轄・適用区域"@ja	
<http://www.wikidata.org/entity/Q56695901>	"2018年苫小牧市長選挙"@ja	<http://www.wikidata.org/entity/Q152450>	"市町村選挙"@ja	<http://www.wikidata.org/entity/P1001>	"管轄・適用区域"@ja	
<http://www.wikidata.org/entity/Q56695921>	"2014年苫小牧市長選挙"@ja	<http://www.wikidata.org/entity/Q152450>	"市町村選挙"@ja	<http://www.wikidata.org/entity/P1001>	"管轄・適用区域"@ja	
<http://www.wikidata.org/entity/Q64010084>	"本間 信一"@ja	<http://www.wikidata.org/entity/Q5>	"ヒト"@ja	<http://www.wikidata.org/entity/P19>	"出生地"@ja	
<http://www.wikidata.org/entity/Q64358790>	"工藤篤緒"@ja	<http://www.wikidata.org/entity/Q5>	"ヒト"@ja	<http://www.wikidata.org/entity/P19>	"出生地"@ja	
<http://www.wikidata.org/entity/Q64747726>	"Q64747726"	<http://www.wikidata.org/entity/Q5>	"ヒト"@ja	<http://www.wikidata.org/entity/P19>	"出生地"@ja	
<http://www.wikidata.org/entity/Q64748620>	"北沢正辰"@ja	<http://www.wikidata.org/entity/Q5>	"ヒト"@ja	<http://www.wikidata.org/entity/P19>	"出生地"@ja	
<http://www.wikidata.org/entity/Q77157989>	"Q77157989"	<http://www.wikidata.org/entity/Q5>	"ヒト"@ja	<http://www.wikidata.org/entity/P19>	"出生地"@ja	
<http://www.wikidata.org/entity/Q108871745>	"MEGAドン・キホーテ苫小牧店"@ja	<http://www.wikidata.org/entity/Q1339195>	"駅ビル"@ja	<http://www.wikidata.org/entity/P131>	"位置する行政区画"@ja	
<http://www.wikidata.org/entity/Q108871745>	"MEGAドン・キホーテ苫小牧店"@ja	<http://www.wikidata.org/entity/Q11315>	"ショッピングセンター"@ja	<http://www.wikidata.org/entity/P131>	"位置する行政区画"@ja	
<http://www.wikidata.org/entity/Q113303143>	"ホッコータルマエ"@ja	<http://www.wikidata.org/entity/Q106080057>	"ウマ娘"@ja	<http://www.wikidata.org/entity/P19>	"出生地"@ja	
<http://www.wikidata.org/entity/Q113303143>	"ホッコータルマエ"@ja	<http://www.wikidata.org/entity/Q1569167>	"ゲームキャラクター"@ja	<http://www.wikidata.org/entity/P19>	"出生地"@ja	
