?s	?sLabel	?type	?typeLabel	?prop	?propLabel	?jwiki
<http://www.wikidata.org/entity/Q11260849>	"小川淳司"@ja	<http://www.wikidata.org/entity/Q5>	"ヒト"@ja	<http://www.wikidata.org/entity/P19>	"出生地"@ja	<https://ja.wikipedia.org/wiki/%E5%B0%8F%E5%B7%9D%E6%B7%B3%E5%8F%B8>
<http://www.wikidata.org/entity/Q11327913>	"バトルホーク風間"@ja	<http://www.wikidata.org/entity/Q5>	"ヒト"@ja	<http://www.wikidata.org/entity/P19>	"出生地"@ja	<https://ja.wikipedia.org/wiki/%E3%83%90%E3%83%88%E3%83%AB%E3%83%9B%E3%83%BC%E3%82%AF%E9%A2%A8%E9%96%93>
<http://www.wikidata.org/entity/Q11344591>	"モリシア津田沼"@ja	<http://www.wikidata.org/entity/Q11315>	"ショッピングセンター"@ja	<http://www.wikidata.org/entity/P131>	"位置する行政区画"@ja	<https://ja.wikipedia.org/wiki/%E3%83%A2%E3%83%AA%E3%82%B7%E3%82%A2%E6%B4%A5%E7%94%B0%E6%B2%BC>
<http://www.wikidata.org/entity/Q11365686>	"中村晃子"@ja	<http://www.wikidata.org/entity/Q5>	"ヒト"@ja	<http://www.wikidata.org/entity/P19>	"出生地"@ja	<https://ja.wikipedia.org/wiki/%E4%B8%AD%E6%9D%91%E6%99%83%E5%AD%90>
<http://www.wikidata.org/entity/Q11373248>	"井上貴朗"@ja	<http://www.wikidata.org/entity/Q5>	"ヒト"@ja	<http://www.wikidata.org/entity/P19>	"出生地"@ja	<https://ja.wikipedia.org/wiki/%E4%BA%95%E4%B8%8A%E8%B2%B4%E6%9C%97>
<http://www.wikidata.org/entity/Q11390600>	"八剱神社 (習志野市)"@ja	<http://www.wikidata.org/entity/Q845945>	"神社"@ja	<http://www.wikidata.org/entity/P131>	"位置する行政区画"@ja	<https://ja.wikipedia.org/wiki/%E5%85%AB%E5%89%B1%E7%A5%9E%E7%A4%BE_(%E7%BF%92%E5%BF%97%E9%87%8E%E5%B8%82)>
<http://www.wikidata.org/entity/Q11406185>	"千葉県済生会習志野病院"@ja	<http://www.wikidata.org/entity/Q4287745>	"医療関係機関"@ja	<http://www.wikidata.org/entity/P131>	"位置する行政区画"@ja	<https://ja.wikipedia.org/wiki/%E5%8D%83%E8%91%89%E7%9C%8C%E6%B8%88%E7%94%9F%E4%BC%9A%E7%BF%92%E5%BF%97%E9%87%8E%E7%97%85%E9%99%A2>
<http://www.wikidata.org/entity/Q11406185>	"千葉県済生会習志野病院"@ja	<http://www.wikidata.org/entity/Q16917>	"病院"@ja	<http://www.wikidata.org/entity/P131>	"位置する行政区画"@ja	<https://ja.wikipedia.org/wiki/%E5%8D%83%E8%91%89%E7%9C%8C%E6%B8%88%E7%94%9F%E4%BC%9A%E7%BF%92%E5%BF%97%E9%87%8E%E7%97%85%E9%99%A2>
<http://www.wikidata.org/entity/Q11406253>	"千葉県立実籾高等学校"@ja	<http://www.wikidata.org/entity/Q56351315>	"日本の高等学校"@ja	<http://www.wikidata.org/entity/P131>	"位置する行政区画"@ja	<https://ja.wikipedia.org/wiki/%E5%8D%83%E8%91%89%E7%9C%8C%E7%AB%8B%E5%AE%9F%E7%B1%BE%E9%AB%98%E7%AD%89%E5%AD%A6%E6%A0%A1>
<http://www.wikidata.org/entity/Q11406315>	"千葉県立津田沼高等学校"@ja	<http://www.wikidata.org/entity/Q56351315>	"日本の高等学校"@ja	<http://www.wikidata.org/entity/P131>	"位置する行政区画"@ja	<https://ja.wikipedia.org/wiki/%E5%8D%83%E8%91%89%E7%9C%8C%E7%AB%8B%E6%B4%A5%E7%94%B0%E6%B2%BC%E9%AB%98%E7%AD%89%E5%AD%A6%E6%A0%A1>
<http://www.wikidata.org/entity/Q11406463>	"千葉県道15号"@ja	<http://www.wikidata.org/entity/Q34442>	"道路"@ja	<http://www.wikidata.org/entity/P131>	"位置する行政区画"@ja	<https://ja.wikipedia.org/wiki/%E5%8D%83%E8%91%89%E7%9C%8C%E9%81%9315%E5%8F%B7%E5%8D%83%E8%91%89%E8%88%B9%E6%A9%8B%E6%B5%B7%E6%B5%9C%E7%B7%9A>
<http://www.wikidata.org/entity/Q11406507>	"千葉県道204号"@ja	<http://www.wikidata.org/entity/Q34442>	"道路"@ja	<http://www.wikidata.org/entity/P609>	"起終点"@ja	<https://ja.wikipedia.org/wiki/%E5%8D%83%E8%91%89%E7%9C%8C%E9%81%93204%E5%8F%B7%E6%B4%A5%E7%94%B0%E6%B2%BC%E5%81%9C%E8%BB%8A%E5%A0%B4%E7%B7%9A>
<http://www.wikidata.org/entity/Q11406507>	"千葉県道204号"@ja	<http://www.wikidata.org/entity/Q34442>	"道路"@ja	<http://www.wikidata.org/entity/P131>	"位置する行政区画"@ja	<https://ja.wikipedia.org/wiki/%E5%8D%83%E8%91%89%E7%9C%8C%E9%81%93204%E5%8F%B7%E6%B4%A5%E7%94%B0%E6%B2%BC%E5%81%9C%E8%BB%8A%E5%A0%B4%E7%B7%9A>
<http://www.wikidata.org/entity/Q11406569>	"千葉県道262号"@ja	<http://www.wikidata.org/entity/Q34442>	"道路"@ja	<http://www.wikidata.org/entity/P131>	"位置する行政区画"@ja	<https://ja.wikipedia.org/wiki/%E5%8D%83%E8%91%89%E7%9C%8C%E9%81%93262%E5%8F%B7%E5%B9%95%E5%BC%B5%E5%85%AB%E5%8D%83%E4%BB%A3%E7%B7%9A>
<http://www.wikidata.org/entity/Q11406640>	"千葉県道57号"@ja	<http://www.wikidata.org/entity/Q34442>	"道路"@ja	<http://www.wikidata.org/entity/P131>	"位置する行政区画"@ja	<https://ja.wikipedia.org/wiki/%E5%8D%83%E8%91%89%E7%9C%8C%E9%81%9357%E5%8F%B7%E5%8D%83%E8%91%89%E9%8E%8C%E3%82%B1%E8%B0%B7%E6%9D%BE%E6%88%B8%E7%B7%9A>
<http://www.wikidata.org/entity/Q11406652>	"千葉県道69号"@ja	<http://www.wikidata.org/entity/Q34442>	"道路"@ja	<http://www.wikidata.org/entity/P131>	"位置する行政区画"@ja	<https://ja.wikipedia.org/wiki/%E5%8D%83%E8%91%89%E7%9C%8C%E9%81%9369%E5%8F%B7%E9%95%B7%E6%B2%BC%E8%88%B9%E6%A9%8B%E7%B7%9A>
<http://www.wikidata.org/entity/Q11406674>	"千葉県道8号"@ja	<http://www.wikidata.org/entity/Q34442>	"道路"@ja	<http://www.wikidata.org/entity/P131>	"位置する行政区画"@ja	<https://ja.wikipedia.org/wiki/%E5%8D%83%E8%91%89%E7%9C%8C%E9%81%938%E5%8F%B7%E8%88%B9%E6%A9%8B%E6%88%91%E5%AD%AB%E5%AD%90%E7%B7%9A>
<http://www.wikidata.org/entity/Q11410564>	"反田有沙"@ja	<http://www.wikidata.org/entity/Q5>	"ヒト"@ja	<http://www.wikidata.org/entity/P19>	"出生地"@ja	<https://ja.wikipedia.org/wiki/%E5%8F%8D%E7%94%B0%E6%9C%89%E6%B2%99>
<http://www.wikidata.org/entity/Q11426061>	"城友博"@ja	<http://www.wikidata.org/entity/Q5>	"ヒト"@ja	<http://www.wikidata.org/entity/P19>	"出生地"@ja	<https://ja.wikipedia.org/wiki/%E5%9F%8E%E5%8F%8B%E5%8D%9A>
<http://www.wikidata.org/entity/Q11433137>	"大原大宮神社"@ja	<http://www.wikidata.org/entity/Q845945>	"神社"@ja	<http://www.wikidata.org/entity/P131>	"位置する行政区画"@ja	<https://ja.wikipedia.org/wiki/%E5%A4%A7%E5%8E%9F%E5%A4%A7%E5%AE%AE%E7%A5%9E%E7%A4%BE>
<http://www.wikidata.org/entity/Q11434104>	"大塚賢一"@ja	<http://www.wikidata.org/entity/Q5>	"ヒト"@ja	<http://www.wikidata.org/entity/P19>	"出生地"@ja	<https://ja.wikipedia.org/wiki/%E5%A4%A7%E5%A1%9A%E8%B3%A2%E4%B8%80>
<http://www.wikidata.org/entity/Q11442801>	"天津神社 (習志野市)"@ja	<http://www.wikidata.org/entity/Q845945>	"神社"@ja	<http://www.wikidata.org/entity/P131>	"位置する行政区画"@ja	<https://ja.wikipedia.org/wiki/%E5%A4%A9%E6%B4%A5%E7%A5%9E%E7%A4%BE_(%E7%BF%92%E5%BF%97%E9%87%8E%E5%B8%82)>
<http://www.wikidata.org/entity/Q11447897>	"子安神社 (習志野市)"@ja	<http://www.wikidata.org/entity/Q845945>	"神社"@ja	<http://www.wikidata.org/entity/P131>	"位置する行政区画"@ja	<https://ja.wikipedia.org/wiki/%E5%AD%90%E5%AE%89%E7%A5%9E%E7%A4%BE_(%E7%BF%92%E5%BF%97%E9%87%8E%E5%B8%82)>
<http://www.wikidata.org/entity/Q11452828>	"実籾城"@ja	<http://www.wikidata.org/entity/Q92026>	"日本の城"@ja	<http://www.wikidata.org/entity/P131>	"位置する行政区画"@ja	<https://ja.wikipedia.org/wiki/%E5%AE%9F%E7%B1%BE%E5%9F%8E>
<http://www.wikidata.org/entity/Q11476848>	"島田一輝"@ja	<http://www.wikidata.org/entity/Q5>	"ヒト"@ja	<http://www.wikidata.org/entity/P19>	"出生地"@ja	<https://ja.wikipedia.org/wiki/%E5%B3%B6%E7%94%B0%E4%B8%80%E8%BC%9D>
<http://www.wikidata.org/entity/Q11478268>	"川島正行"@ja	<http://www.wikidata.org/entity/Q5>	"ヒト"@ja	<http://www.wikidata.org/entity/P20>	"死没地"@ja	<https://ja.wikipedia.org/wiki/%E5%B7%9D%E5%B3%B6%E6%AD%A3%E8%A1%8C>
<http://www.wikidata.org/entity/Q11483192>	"平沼定晴"@ja	<http://www.wikidata.org/entity/Q5>	"ヒト"@ja	<http://www.wikidata.org/entity/P19>	"出生地"@ja	<https://ja.wikipedia.org/wiki/%E5%B9%B3%E6%B2%BC%E5%AE%9A%E6%99%B4>
<http://www.wikidata.org/entity/Q11513109>	"星野大介"@ja	<http://www.wikidata.org/entity/Q5>	"ヒト"@ja	<http://www.wikidata.org/entity/P19>	"出生地"@ja	<https://ja.wikipedia.org/wiki/%E6%98%9F%E9%87%8E%E5%A4%A7%E4%BB%8B>
<http://www.wikidata.org/entity/Q11513839>	"春雨や雷太"@ja	<http://www.wikidata.org/entity/Q5>	"ヒト"@ja	<http://www.wikidata.org/entity/P19>	"出生地"@ja	<https://ja.wikipedia.org/wiki/%E6%A1%82%E4%BC%B8%E8%A1%9B%E9%96%80>
<http://www.wikidata.org/entity/Q11528013>	"東漸寺"@ja	<http://www.wikidata.org/entity/Q5393308>	"仏教寺院"@ja	<http://www.wikidata.org/entity/P131>	"位置する行政区画"@ja	<https://ja.wikipedia.org/wiki/%E6%9D%B1%E6%BC%B8%E5%AF%BA_(%E7%BF%92%E5%BF%97%E9%87%8E%E5%B8%82)>
<http://www.wikidata.org/entity/Q11528443>	"東邦大学付属東邦中学校・高等学校"@ja	<http://www.wikidata.org/entity/Q21655594>	"日本の中高一貫校"@ja	<http://www.wikidata.org/entity/P131>	"位置する行政区画"@ja	<https://ja.wikipedia.org/wiki/%E6%9D%B1%E9%82%A6%E5%A4%A7%E5%AD%A6%E4%BB%98%E5%B1%9E%E6%9D%B1%E9%82%A6%E4%B8%AD%E5%AD%A6%E6%A0%A1%E3%83%BB%E9%AB%98%E7%AD%89%E5%AD%A6%E6%A0%A1>
<http://www.wikidata.org/entity/Q11536469>	"根神社"@ja	<http://www.wikidata.org/entity/Q845945>	"神社"@ja	<http://www.wikidata.org/entity/P131>	"位置する行政区画"@ja	<https://ja.wikipedia.org/wiki/%E6%A0%B9%E7%A5%9E%E7%A4%BE>
<http://www.wikidata.org/entity/Q11567546>	"無量寺 (習志野市)"@ja	<http://www.wikidata.org/entity/Q5393308>	"仏教寺院"@ja	<http://www.wikidata.org/entity/P131>	"位置する行政区画"@ja	<https://ja.wikipedia.org/wiki/%E7%84%A1%E9%87%8F%E5%AF%BA_(%E7%BF%92%E5%BF%97%E9%87%8E%E5%B8%82)>
<http://www.wikidata.org/entity/Q11577013>	"田村藤夫"@ja	<http://www.wikidata.org/entity/Q5>	"ヒト"@ja	<http://www.wikidata.org/entity/P19>	"出生地"@ja	<https://ja.wikipedia.org/wiki/%E7%94%B0%E6%9D%91%E8%97%A4%E5%A4%AB>
<http://www.wikidata.org/entity/Q11577897>	"甲斐智枝美"@ja	<http://www.wikidata.org/entity/Q5>	"ヒト"@ja	<http://www.wikidata.org/entity/P20>	"死没地"@ja	<https://ja.wikipedia.org/wiki/%E7%94%B2%E6%96%90%E6%99%BA%E6%9E%9D%E7%BE%8E>
<http://www.wikidata.org/entity/Q11582321>	"相磯舞"@ja	<http://www.wikidata.org/entity/Q5>	"ヒト"@ja	<http://www.wikidata.org/entity/P19>	"出生地"@ja	<https://ja.wikipedia.org/wiki/%E7%9B%B8%E7%A3%AF%E8%88%9E>
<http://www.wikidata.org/entity/Q11598086>	"立石尚行"@ja	<http://www.wikidata.org/entity/Q5>	"ヒト"@ja	<http://www.wikidata.org/entity/P19>	"出生地"@ja	<https://ja.wikipedia.org/wiki/%E7%AB%8B%E7%9F%B3%E5%B0%9A%E8%A1%8C>
<http://www.wikidata.org/entity/Q11610478>	"習志野市秋津公園サッカー場"@ja	<http://www.wikidata.org/entity/Q17350442>	"施設"@ja	<http://www.wikidata.org/entity/P127>	"所有者"@ja	<https://ja.wikipedia.org/wiki/%E7%BF%92%E5%BF%97%E9%87%8E%E5%B8%82%E7%A7%8B%E6%B4%A5%E3%82%B5%E3%83%83%E3%82%AB%E3%83%BC%E5%A0%B4>
<http://www.wikidata.org/entity/Q11610479>	"習志野市立向山小学校"@ja	<http://www.wikidata.org/entity/Q5358913>	"日本の小学校"@ja	<http://www.wikidata.org/entity/P131>	"位置する行政区画"@ja	<https://ja.wikipedia.org/wiki/%E7%BF%92%E5%BF%97%E9%87%8E%E5%B8%82%E7%AB%8B%E5%90%91%E5%B1%B1%E5%B0%8F%E5%AD%A6%E6%A0%A1>
<http://www.wikidata.org/entity/Q11610479>	"習志野市立向山小学校"@ja	<http://www.wikidata.org/entity/Q5358913>	"日本の小学校"@ja	<http://www.wikidata.org/entity/P126>	"管理者"@ja	<https://ja.wikipedia.org/wiki/%E7%BF%92%E5%BF%97%E9%87%8E%E5%B8%82%E7%AB%8B%E5%90%91%E5%B1%B1%E5%B0%8F%E5%AD%A6%E6%A0%A1>
<http://www.wikidata.org/entity/Q11610482>	"習志野市立実籾小学校"@ja	<http://www.wikidata.org/entity/Q5358913>	"日本の小学校"@ja	<http://www.wikidata.org/entity/P131>	"位置する行政区画"@ja	<https://ja.wikipedia.org/wiki/%E7%BF%92%E5%BF%97%E9%87%8E%E5%B8%82%E7%AB%8B%E5%AE%9F%E7%B1%BE%E5%B0%8F%E5%AD%A6%E6%A0%A1>
<http://www.wikidata.org/entity/Q11610482>	"習志野市立実籾小学校"@ja	<http://www.wikidata.org/entity/Q5358913>	"日本の小学校"@ja	<http://www.wikidata.org/entity/P126>	"管理者"@ja	<https://ja.wikipedia.org/wiki/%E7%BF%92%E5%BF%97%E9%87%8E%E5%B8%82%E7%AB%8B%E5%AE%9F%E7%B1%BE%E5%B0%8F%E5%AD%A6%E6%A0%A1>
<http://www.wikidata.org/entity/Q11610483>	"習志野市立実花小学校"@ja	<http://www.wikidata.org/entity/Q5358913>	"日本の小学校"@ja	<http://www.wikidata.org/entity/P131>	"位置する行政区画"@ja	<https://ja.wikipedia.org/wiki/%E7%BF%92%E5%BF%97%E9%87%8E%E5%B8%82%E7%AB%8B%E5%AE%9F%E8%8A%B1%E5%B0%8F%E5%AD%A6%E6%A0%A1>
<http://www.wikidata.org/entity/Q11610483>	"習志野市立実花小学校"@ja	<http://www.wikidata.org/entity/Q5358913>	"日本の小学校"@ja	<http://www.wikidata.org/entity/P126>	"管理者"@ja	<https://ja.wikipedia.org/wiki/%E7%BF%92%E5%BF%97%E9%87%8E%E5%B8%82%E7%AB%8B%E5%AE%9F%E8%8A%B1%E5%B0%8F%E5%AD%A6%E6%A0%A1>
<http://www.wikidata.org/entity/Q11610480>	"習志野市立大久保小学校"@ja	<http://www.wikidata.org/entity/Q5358913>	"日本の小学校"@ja	<http://www.wikidata.org/entity/P131>	"位置する行政区画"@ja	<https://ja.wikipedia.org/wiki/%E7%BF%92%E5%BF%97%E9%87%8E%E5%B8%82%E7%AB%8B%E5%A4%A7%E4%B9%85%E4%BF%9D%E5%B0%8F%E5%AD%A6%E6%A0%A1>
<http://www.wikidata.org/entity/Q11610480>	"習志野市立大久保小学校"@ja	<http://www.wikidata.org/entity/Q5358913>	"日本の小学校"@ja	<http://www.wikidata.org/entity/P126>	"管理者"@ja	<https://ja.wikipedia.org/wiki/%E7%BF%92%E5%BF%97%E9%87%8E%E5%B8%82%E7%AB%8B%E5%A4%A7%E4%B9%85%E4%BF%9D%E5%B0%8F%E5%AD%A6%E6%A0%A1>
<http://www.wikidata.org/entity/Q11610481>	"習志野市立大久保東小学校"@ja	<http://www.wikidata.org/entity/Q5358913>	"日本の小学校"@ja	<http://www.wikidata.org/entity/P131>	"位置する行政区画"@ja	<https://ja.wikipedia.org/wiki/%E7%BF%92%E5%BF%97%E9%87%8E%E5%B8%82%E7%AB%8B%E5%A4%A7%E4%B9%85%E4%BF%9D%E6%9D%B1%E5%B0%8F%E5%AD%A6%E6%A0%A1>
<http://www.wikidata.org/entity/Q11610481>	"習志野市立大久保東小学校"@ja	<http://www.wikidata.org/entity/Q5358913>	"日本の小学校"@ja	<http://www.wikidata.org/entity/P126>	"管理者"@ja	<https://ja.wikipedia.org/wiki/%E7%BF%92%E5%BF%97%E9%87%8E%E5%B8%82%E7%AB%8B%E5%A4%A7%E4%B9%85%E4%BF%9D%E6%9D%B1%E5%B0%8F%E5%AD%A6%E6%A0%A1>
<http://www.wikidata.org/entity/Q11610486>	"習志野市立津田沼小学校"@ja	<http://www.wikidata.org/entity/Q5358913>	"日本の小学校"@ja	<http://www.wikidata.org/entity/P131>	"位置する行政区画"@ja	<https://ja.wikipedia.org/wiki/%E7%BF%92%E5%BF%97%E9%87%8E%E5%B8%82%E7%AB%8B%E6%B4%A5%E7%94%B0%E6%B2%BC%E5%B0%8F%E5%AD%A6%E6%A0%A1>
<http://www.wikidata.org/entity/Q11610486>	"習志野市立津田沼小学校"@ja	<http://www.wikidata.org/entity/Q5358913>	"日本の小学校"@ja	<http://www.wikidata.org/entity/P126>	"管理者"@ja	<https://ja.wikipedia.org/wiki/%E7%BF%92%E5%BF%97%E9%87%8E%E5%B8%82%E7%AB%8B%E6%B4%A5%E7%94%B0%E6%B2%BC%E5%B0%8F%E5%AD%A6%E6%A0%A1>
<http://www.wikidata.org/entity/Q11610487>	"習志野市立東習志野小学校"@ja	<http://www.wikidata.org/entity/Q5358913>	"日本の小学校"@ja	<http://www.wikidata.org/entity/P131>	"位置する行政区画"@ja	<https://ja.wikipedia.org/wiki/%E7%BF%92%E5%BF%97%E9%87%8E%E5%B8%82%E7%AB%8B%E6%9D%B1%E7%BF%92%E5%BF%97%E9%87%8E%E5%B0%8F%E5%AD%A6%E6%A0%A1>
<http://www.wikidata.org/entity/Q11610487>	"習志野市立東習志野小学校"@ja	<http://www.wikidata.org/entity/Q5358913>	"日本の小学校"@ja	<http://www.wikidata.org/entity/P126>	"管理者"@ja	<https://ja.wikipedia.org/wiki/%E7%BF%92%E5%BF%97%E9%87%8E%E5%B8%82%E7%AB%8B%E6%9D%B1%E7%BF%92%E5%BF%97%E9%87%8E%E5%B0%8F%E5%AD%A6%E6%A0%A1>
<http://www.wikidata.org/entity/Q11610484>	"習志野市立屋敷小学校"@ja	<http://www.wikidata.org/entity/Q5358913>	"日本の小学校"@ja	<http://www.wikidata.org/entity/P131>	"位置する行政区画"@ja	<https://ja.wikipedia.org/wiki/%E7%BF%92%E5%BF%97%E9%87%8E%E5%B8%82%E7%AB%8B%E5%B1%8B%E6%95%B7%E5%B0%8F%E5%AD%A6%E6%A0%A1>
<http://www.wikidata.org/entity/Q11610484>	"習志野市立屋敷小学校"@ja	<http://www.wikidata.org/entity/Q5358913>	"日本の小学校"@ja	<http://www.wikidata.org/entity/P126>	"管理者"@ja	<https://ja.wikipedia.org/wiki/%E7%BF%92%E5%BF%97%E9%87%8E%E5%B8%82%E7%AB%8B%E5%B1%8B%E6%95%B7%E5%B0%8F%E5%AD%A6%E6%A0%A1>
<http://www.wikidata.org/entity/Q11610490>	"習志野市立第三中学校"@ja	<http://www.wikidata.org/entity/Q55521176>	"日本の中学校"@ja	<http://www.wikidata.org/entity/P131>	"位置する行政区画"@ja	<https://ja.wikipedia.org/wiki/%E7%BF%92%E5%BF%97%E9%87%8E%E5%B8%82%E7%AB%8B%E7%AC%AC%E4%B8%89%E4%B8%AD%E5%AD%A6%E6%A0%A1>
<http://www.wikidata.org/entity/Q11610490>	"習志野市立第三中学校"@ja	<http://www.wikidata.org/entity/Q55521176>	"日本の中学校"@ja	<http://www.wikidata.org/entity/P126>	"管理者"@ja	<https://ja.wikipedia.org/wiki/%E7%BF%92%E5%BF%97%E9%87%8E%E5%B8%82%E7%AB%8B%E7%AC%AC%E4%B8%89%E4%B8%AD%E5%AD%A6%E6%A0%A1>
<http://www.wikidata.org/entity/Q11610491>	"習志野市立第七中学校"@ja	<http://www.wikidata.org/entity/Q55521176>	"日本の中学校"@ja	<http://www.wikidata.org/entity/P131>	"位置する行政区画"@ja	<https://ja.wikipedia.org/wiki/%E7%BF%92%E5%BF%97%E9%87%8E%E5%B8%82%E7%AB%8B%E7%AC%AC%E4%B8%83%E4%B8%AD%E5%AD%A6%E6%A0%A1>
<http://www.wikidata.org/entity/Q11610491>	"習志野市立第七中学校"@ja	<http://www.wikidata.org/entity/Q55521176>	"日本の中学校"@ja	<http://www.wikidata.org/entity/P126>	"管理者"@ja	<https://ja.wikipedia.org/wiki/%E7%BF%92%E5%BF%97%E9%87%8E%E5%B8%82%E7%AB%8B%E7%AC%AC%E4%B8%83%E4%B8%AD%E5%AD%A6%E6%A0%A1>
<http://www.wikidata.org/entity/Q11610488>	"習志野市立秋津小学校"@ja	<http://www.wikidata.org/entity/Q5358913>	"日本の小学校"@ja	<http://www.wikidata.org/entity/P131>	"位置する行政区画"@ja	<https://ja.wikipedia.org/wiki/%E7%BF%92%E5%BF%97%E9%87%8E%E5%B8%82%E7%AB%8B%E7%A7%8B%E6%B4%A5%E5%B0%8F%E5%AD%A6%E6%A0%A1>
<http://www.wikidata.org/entity/Q11610488>	"習志野市立秋津小学校"@ja	<http://www.wikidata.org/entity/Q5358913>	"日本の小学校"@ja	<http://www.wikidata.org/entity/P126>	"管理者"@ja	<https://ja.wikipedia.org/wiki/%E7%BF%92%E5%BF%97%E9%87%8E%E5%B8%82%E7%AB%8B%E7%A7%8B%E6%B4%A5%E5%B0%8F%E5%AD%A6%E6%A0%A1>
<http://www.wikidata.org/entity/Q11610489>	"習志野市立第一中学校"@ja	<http://www.wikidata.org/entity/Q55521176>	"日本の中学校"@ja	<http://www.wikidata.org/entity/P131>	"位置する行政区画"@ja	<https://ja.wikipedia.org/wiki/%E7%BF%92%E5%BF%97%E9%87%8E%E5%B8%82%E7%AB%8B%E7%AC%AC%E4%B8%80%E4%B8%AD%E5%AD%A6%E6%A0%A1>
<http://www.wikidata.org/entity/Q11610489>	"習志野市立第一中学校"@ja	<http://www.wikidata.org/entity/Q55521176>	"日本の中学校"@ja	<http://www.wikidata.org/entity/P126>	"管理者"@ja	<https://ja.wikipedia.org/wiki/%E7%BF%92%E5%BF%97%E9%87%8E%E5%B8%82%E7%AB%8B%E7%AC%AC%E4%B8%80%E4%B8%AD%E5%AD%A6%E6%A0%A1>
<http://www.wikidata.org/entity/Q11610494>	"習志野市立第六中学校"@ja	<http://www.wikidata.org/entity/Q55521176>	"日本の中学校"@ja	<http://www.wikidata.org/entity/P131>	"位置する行政区画"@ja	<https://ja.wikipedia.org/wiki/%E7%BF%92%E5%BF%97%E9%87%8E%E5%B8%82%E7%AB%8B%E7%AC%AC%E5%85%AD%E4%B8%AD%E5%AD%A6%E6%A0%A1>
<http://www.wikidata.org/entity/Q11610494>	"習志野市立第六中学校"@ja	<http://www.wikidata.org/entity/Q55521176>	"日本の中学校"@ja	<http://www.wikidata.org/entity/P126>	"管理者"@ja	<https://ja.wikipedia.org/wiki/%E7%BF%92%E5%BF%97%E9%87%8E%E5%B8%82%E7%AB%8B%E7%AC%AC%E5%85%AD%E4%B8%AD%E5%AD%A6%E6%A0%A1>
<http://www.wikidata.org/entity/Q11610495>	"習志野市立第四中学校"@ja	<http://www.wikidata.org/entity/Q55521176>	"日本の中学校"@ja	<http://www.wikidata.org/entity/P131>	"位置する行政区画"@ja	<https://ja.wikipedia.org/wiki/%E7%BF%92%E5%BF%97%E9%87%8E%E5%B8%82%E7%AB%8B%E7%AC%AC%E5%9B%9B%E4%B8%AD%E5%AD%A6%E6%A0%A1>
<http://www.wikidata.org/entity/Q11610495>	"習志野市立第四中学校"@ja	<http://www.wikidata.org/entity/Q55521176>	"日本の中学校"@ja	<http://www.wikidata.org/entity/P126>	"管理者"@ja	<https://ja.wikipedia.org/wiki/%E7%BF%92%E5%BF%97%E9%87%8E%E5%B8%82%E7%AB%8B%E7%AC%AC%E5%9B%9B%E4%B8%AD%E5%AD%A6%E6%A0%A1>
<http://www.wikidata.org/entity/Q11610492>	"習志野市立第五中学校"@ja	<http://www.wikidata.org/entity/Q55521176>	"日本の中学校"@ja	<http://www.wikidata.org/entity/P131>	"位置する行政区画"@ja	<https://ja.wikipedia.org/wiki/%E7%BF%92%E5%BF%97%E9%87%8E%E5%B8%82%E7%AB%8B%E7%AC%AC%E4%BA%94%E4%B8%AD%E5%AD%A6%E6%A0%A1>
<http://www.wikidata.org/entity/Q11610492>	"習志野市立第五中学校"@ja	<http://www.wikidata.org/entity/Q55521176>	"日本の中学校"@ja	<http://www.wikidata.org/entity/P126>	"管理者"@ja	<https://ja.wikipedia.org/wiki/%E7%BF%92%E5%BF%97%E9%87%8E%E5%B8%82%E7%AB%8B%E7%AC%AC%E4%BA%94%E4%B8%AD%E5%AD%A6%E6%A0%A1>
<http://www.wikidata.org/entity/Q11610493>	"習志野市立第二中学校"@ja	<http://www.wikidata.org/entity/Q55521176>	"日本の中学校"@ja	<http://www.wikidata.org/entity/P131>	"位置する行政区画"@ja	<https://ja.wikipedia.org/wiki/%E7%BF%92%E5%BF%97%E9%87%8E%E5%B8%82%E7%AB%8B%E7%AC%AC%E4%BA%8C%E4%B8%AD%E5%AD%A6%E6%A0%A1>
<http://www.wikidata.org/entity/Q11610493>	"習志野市立第二中学校"@ja	<http://www.wikidata.org/entity/Q55521176>	"日本の中学校"@ja	<http://www.wikidata.org/entity/P126>	"管理者"@ja	<https://ja.wikipedia.org/wiki/%E7%BF%92%E5%BF%97%E9%87%8E%E5%B8%82%E7%AB%8B%E7%AC%AC%E4%BA%8C%E4%B8%AD%E5%AD%A6%E6%A0%A1>
<http://www.wikidata.org/entity/Q11610498>	"習志野市立袖ヶ浦西小学校"@ja	<http://www.wikidata.org/entity/Q5358913>	"日本の小学校"@ja	<http://www.wikidata.org/entity/P131>	"位置する行政区画"@ja	<https://ja.wikipedia.org/wiki/%E7%BF%92%E5%BF%97%E9%87%8E%E5%B8%82%E7%AB%8B%E8%A2%96%E3%82%B1%E6%B5%A6%E8%A5%BF%E5%B0%8F%E5%AD%A6%E6%A0%A1>
<http://www.wikidata.org/entity/Q11610498>	"習志野市立袖ヶ浦西小学校"@ja	<http://www.wikidata.org/entity/Q5358913>	"日本の小学校"@ja	<http://www.wikidata.org/entity/P126>	"管理者"@ja	<https://ja.wikipedia.org/wiki/%E7%BF%92%E5%BF%97%E9%87%8E%E5%B8%82%E7%AB%8B%E8%A2%96%E3%82%B1%E6%B5%A6%E8%A5%BF%E5%B0%8F%E5%AD%A6%E6%A0%A1>
<http://www.wikidata.org/entity/Q11610499>	"習志野市立袖ヶ浦東小学校"@ja	<http://www.wikidata.org/entity/Q5358913>	"日本の小学校"@ja	<http://www.wikidata.org/entity/P131>	"位置する行政区画"@ja	<https://ja.wikipedia.org/wiki/%E7%BF%92%E5%BF%97%E9%87%8E%E5%B8%82%E7%AB%8B%E8%A2%96%E3%82%B1%E6%B5%A6%E6%9D%B1%E5%B0%8F%E5%AD%A6%E6%A0%A1>
<http://www.wikidata.org/entity/Q11610499>	"習志野市立袖ヶ浦東小学校"@ja	<http://www.wikidata.org/entity/Q5358913>	"日本の小学校"@ja	<http://www.wikidata.org/entity/P126>	"管理者"@ja	<https://ja.wikipedia.org/wiki/%E7%BF%92%E5%BF%97%E9%87%8E%E5%B8%82%E7%AB%8B%E8%A2%96%E3%82%B1%E6%B5%A6%E6%9D%B1%E5%B0%8F%E5%AD%A6%E6%A0%A1>
<http://www.wikidata.org/entity/Q11610496>	"習志野市立習志野高等学校"@ja	<http://www.wikidata.org/entity/Q56351315>	"日本の高等学校"@ja	<http://www.wikidata.org/entity/P131>	"位置する行政区画"@ja	<https://ja.wikipedia.org/wiki/%E7%BF%92%E5%BF%97%E9%87%8E%E5%B8%82%E7%AB%8B%E7%BF%92%E5%BF%97%E9%87%8E%E9%AB%98%E7%AD%89%E5%AD%A6%E6%A0%A1>
<http://www.wikidata.org/entity/Q11610496>	"習志野市立習志野高等学校"@ja	<http://www.wikidata.org/entity/Q56351315>	"日本の高等学校"@ja	<http://www.wikidata.org/entity/P126>	"管理者"@ja	<https://ja.wikipedia.org/wiki/%E7%BF%92%E5%BF%97%E9%87%8E%E5%B8%82%E7%AB%8B%E7%BF%92%E5%BF%97%E9%87%8E%E9%AB%98%E7%AD%89%E5%AD%A6%E6%A0%A1>
<http://www.wikidata.org/entity/Q11610497>	"習志野市立藤崎小学校"@ja	<http://www.wikidata.org/entity/Q5358913>	"日本の小学校"@ja	<http://www.wikidata.org/entity/P131>	"位置する行政区画"@ja	<https://ja.wikipedia.org/wiki/%E7%BF%92%E5%BF%97%E9%87%8E%E5%B8%82%E7%AB%8B%E8%97%A4%E5%B4%8E%E5%B0%8F%E5%AD%A6%E6%A0%A1>
<http://www.wikidata.org/entity/Q11610497>	"習志野市立藤崎小学校"@ja	<http://www.wikidata.org/entity/Q5358913>	"日本の小学校"@ja	<http://www.wikidata.org/entity/P126>	"管理者"@ja	<https://ja.wikipedia.org/wiki/%E7%BF%92%E5%BF%97%E9%87%8E%E5%B8%82%E7%AB%8B%E8%97%A4%E5%B4%8E%E5%B0%8F%E5%AD%A6%E6%A0%A1>
<http://www.wikidata.org/entity/Q11610502>	"習志野市立谷津小学校"@ja	<http://www.wikidata.org/entity/Q5358913>	"日本の小学校"@ja	<http://www.wikidata.org/entity/P131>	"位置する行政区画"@ja	<https://ja.wikipedia.org/wiki/%E7%BF%92%E5%BF%97%E9%87%8E%E5%B8%82%E7%AB%8B%E8%B0%B7%E6%B4%A5%E5%B0%8F%E5%AD%A6%E6%A0%A1>
<http://www.wikidata.org/entity/Q11610502>	"習志野市立谷津小学校"@ja	<http://www.wikidata.org/entity/Q5358913>	"日本の小学校"@ja	<http://www.wikidata.org/entity/P126>	"管理者"@ja	<https://ja.wikipedia.org/wiki/%E7%BF%92%E5%BF%97%E9%87%8E%E5%B8%82%E7%AB%8B%E8%B0%B7%E6%B4%A5%E5%B0%8F%E5%AD%A6%E6%A0%A1>
<http://www.wikidata.org/entity/Q11610503>	"習志野市立鷺沼小学校"@ja	<http://www.wikidata.org/entity/Q5358913>	"日本の小学校"@ja	<http://www.wikidata.org/entity/P131>	"位置する行政区画"@ja	<https://ja.wikipedia.org/wiki/%E7%BF%92%E5%BF%97%E9%87%8E%E5%B8%82%E7%AB%8B%E9%B7%BA%E6%B2%BC%E5%B0%8F%E5%AD%A6%E6%A0%A1>
<http://www.wikidata.org/entity/Q11610503>	"習志野市立鷺沼小学校"@ja	<http://www.wikidata.org/entity/Q5358913>	"日本の小学校"@ja	<http://www.wikidata.org/entity/P126>	"管理者"@ja	<https://ja.wikipedia.org/wiki/%E7%BF%92%E5%BF%97%E9%87%8E%E5%B8%82%E7%AB%8B%E9%B7%BA%E6%B2%BC%E5%B0%8F%E5%AD%A6%E6%A0%A1>
<http://www.wikidata.org/entity/Q11610500>	"習志野市立谷津南小学校"@ja	<http://www.wikidata.org/entity/Q5358913>	"日本の小学校"@ja	<http://www.wikidata.org/entity/P131>	"位置する行政区画"@ja	<https://ja.wikipedia.org/wiki/%E7%BF%92%E5%BF%97%E9%87%8E%E5%B8%82%E7%AB%8B%E8%B0%B7%E6%B4%A5%E5%8D%97%E5%B0%8F%E5%AD%A6%E6%A0%A1>
<http://www.wikidata.org/entity/Q11610500>	"習志野市立谷津南小学校"@ja	<http://www.wikidata.org/entity/Q5358913>	"日本の小学校"@ja	<http://www.wikidata.org/entity/P126>	"管理者"@ja	<https://ja.wikipedia.org/wiki/%E7%BF%92%E5%BF%97%E9%87%8E%E5%B8%82%E7%AB%8B%E8%B0%B7%E6%B4%A5%E5%8D%97%E5%B0%8F%E5%AD%A6%E6%A0%A1>
<http://www.wikidata.org/entity/Q11610501>	"習志野市立香澄小学校"@ja	<http://www.wikidata.org/entity/Q5358913>	"日本の小学校"@ja	<http://www.wikidata.org/entity/P131>	"位置する行政区画"@ja	<https://ja.wikipedia.org/wiki/%E7%BF%92%E5%BF%97%E9%87%8E%E5%B8%82%E7%AB%8B%E9%A6%99%E6%BE%84%E5%B0%8F%E5%AD%A6%E6%A0%A1>
<http://www.wikidata.org/entity/Q11610501>	"習志野市立香澄小学校"@ja	<http://www.wikidata.org/entity/Q5358913>	"日本の小学校"@ja	<http://www.wikidata.org/entity/P126>	"管理者"@ja	<https://ja.wikipedia.org/wiki/%E7%BF%92%E5%BF%97%E9%87%8E%E5%B8%82%E7%AB%8B%E9%A6%99%E6%BE%84%E5%B0%8F%E5%AD%A6%E6%A0%A1>
<http://www.wikidata.org/entity/Q11610506>	"習志野本線料金所"@ja	<http://www.wikidata.org/entity/Q1364150>	"本線料金所"@ja	<http://www.wikidata.org/entity/P131>	"位置する行政区画"@ja	<https://ja.wikipedia.org/wiki/%E7%BF%92%E5%BF%97%E9%87%8E%E6%9C%AC%E7%B7%9A%E6%96%99%E9%87%91%E6%89%80>
<http://www.wikidata.org/entity/Q11610507>	"習志野調理師専門学校"@ja	<http://www.wikidata.org/entity/Q24898692>	"専修学校"@ja	<http://www.wikidata.org/entity/P131>	"位置する行政区画"@ja	<https://ja.wikipedia.org/wiki/%E7%BF%92%E5%BF%97%E9%87%8E%E8%AA%BF%E7%90%86%E5%B8%AB%E5%B0%82%E9%96%80%E5%AD%A6%E6%A0%A1>
<http://www.wikidata.org/entity/Q80011>	"千葉県"@ja	<http://www.wikidata.org/entity/Q50337>	"都道府県"@ja	<http://www.wikidata.org/entity/P150>	"直下の行政区画"@ja	<https://ja.wikipedia.org/wiki/%E5%8D%83%E8%91%89%E7%9C%8C>
<http://www.wikidata.org/entity/Q170616>	"千葉市"@ja	<http://www.wikidata.org/entity/Q65589340>	"都道府県庁所在地"@ja	<http://www.wikidata.org/entity/P1366>	"後継"@ja	<https://ja.wikipedia.org/wiki/%E5%8D%83%E8%91%89%E5%B8%82>
<http://www.wikidata.org/entity/Q170616>	"千葉市"@ja	<http://www.wikidata.org/entity/Q65589340>	"都道府県庁所在地"@ja	<http://www.wikidata.org/entity/P47>	"隣の国又は行政区画"@ja	<https://ja.wikipedia.org/wiki/%E5%8D%83%E8%91%89%E5%B8%82>
<http://www.wikidata.org/entity/Q170616>	"千葉市"@ja	<http://www.wikidata.org/entity/Q13220204>	"第二級行政区画"@ja	<http://www.wikidata.org/entity/P1366>	"後継"@ja	<https://ja.wikipedia.org/wiki/%E5%8D%83%E8%91%89%E5%B8%82>
<http://www.wikidata.org/entity/Q170616>	"千葉市"@ja	<http://www.wikidata.org/entity/Q13220204>	"第二級行政区画"@ja	<http://www.wikidata.org/entity/P47>	"隣の国又は行政区画"@ja	<https://ja.wikipedia.org/wiki/%E5%8D%83%E8%91%89%E5%B8%82>
<http://www.wikidata.org/entity/Q170616>	"千葉市"@ja	<http://www.wikidata.org/entity/Q11422368>	"国際会議観光都市"@ja	<http://www.wikidata.org/entity/P1366>	"後継"@ja	<https://ja.wikipedia.org/wiki/%E5%8D%83%E8%91%89%E5%B8%82>
<http://www.wikidata.org/entity/Q170616>	"千葉市"@ja	<http://www.wikidata.org/entity/Q11422368>	"国際会議観光都市"@ja	<http://www.wikidata.org/entity/P47>	"隣の国又は行政区画"@ja	<https://ja.wikipedia.org/wiki/%E5%8D%83%E8%91%89%E5%B8%82>
<http://www.wikidata.org/entity/Q170616>	"千葉市"@ja	<http://www.wikidata.org/entity/Q1749269>	"政令指定都市"@ja	<http://www.wikidata.org/entity/P1366>	"後継"@ja	<https://ja.wikipedia.org/wiki/%E5%8D%83%E8%91%89%E5%B8%82>
<http://www.wikidata.org/entity/Q170616>	"千葉市"@ja	<http://www.wikidata.org/entity/Q1749269>	"政令指定都市"@ja	<http://www.wikidata.org/entity/P47>	"隣の国又は行政区画"@ja	<https://ja.wikipedia.org/wiki/%E5%8D%83%E8%91%89%E5%B8%82>
<http://www.wikidata.org/entity/Q170616>	"千葉市"@ja	<http://www.wikidata.org/entity/Q1549591>	"10万都市"@ja	<http://www.wikidata.org/entity/P1366>	"後継"@ja	<https://ja.wikipedia.org/wiki/%E5%8D%83%E8%91%89%E5%B8%82>
<http://www.wikidata.org/entity/Q170616>	"千葉市"@ja	<http://www.wikidata.org/entity/Q1549591>	"10万都市"@ja	<http://www.wikidata.org/entity/P47>	"隣の国又は行政区画"@ja	<https://ja.wikipedia.org/wiki/%E5%8D%83%E8%91%89%E5%B8%82>
<http://www.wikidata.org/entity/Q170616>	"千葉市"@ja	<http://www.wikidata.org/entity/Q691960>	"衛星都市"@ja	<http://www.wikidata.org/entity/P1366>	"後継"@ja	<https://ja.wikipedia.org/wiki/%E5%8D%83%E8%91%89%E5%B8%82>
<http://www.wikidata.org/entity/Q170616>	"千葉市"@ja	<http://www.wikidata.org/entity/Q691960>	"衛星都市"@ja	<http://www.wikidata.org/entity/P47>	"隣の国又は行政区画"@ja	<https://ja.wikipedia.org/wiki/%E5%8D%83%E8%91%89%E5%B8%82>
<http://www.wikidata.org/entity/Q170616>	"千葉市"@ja	<http://www.wikidata.org/entity/Q494721>	"日本の市"@ja	<http://www.wikidata.org/entity/P1366>	"後継"@ja	<https://ja.wikipedia.org/wiki/%E5%8D%83%E8%91%89%E5%B8%82>
<http://www.wikidata.org/entity/Q170616>	"千葉市"@ja	<http://www.wikidata.org/entity/Q494721>	"日本の市"@ja	<http://www.wikidata.org/entity/P47>	"隣の国又は行政区画"@ja	<https://ja.wikipedia.org/wiki/%E5%8D%83%E8%91%89%E5%B8%82>
<http://www.wikidata.org/entity/Q170616>	"千葉市"@ja	<http://www.wikidata.org/entity/Q515>	"都市"@ja	<http://www.wikidata.org/entity/P1366>	"後継"@ja	<https://ja.wikipedia.org/wiki/%E5%8D%83%E8%91%89%E5%B8%82>
<http://www.wikidata.org/entity/Q170616>	"千葉市"@ja	<http://www.wikidata.org/entity/Q515>	"都市"@ja	<http://www.wikidata.org/entity/P47>	"隣の国又は行政区画"@ja	<https://ja.wikipedia.org/wiki/%E5%8D%83%E8%91%89%E5%B8%82>
<http://www.wikidata.org/entity/Q271417>	"船橋市"@ja	<http://www.wikidata.org/entity/Q1549591>	"10万都市"@ja	<http://www.wikidata.org/entity/P47>	"隣の国又は行政区画"@ja	<https://ja.wikipedia.org/wiki/%E8%88%B9%E6%A9%8B%E5%B8%82>
<http://www.wikidata.org/entity/Q271417>	"船橋市"@ja	<http://www.wikidata.org/entity/Q1137833>	"中核市"@ja	<http://www.wikidata.org/entity/P47>	"隣の国又は行政区画"@ja	<https://ja.wikipedia.org/wiki/%E8%88%B9%E6%A9%8B%E5%B8%82>
<http://www.wikidata.org/entity/Q271417>	"船橋市"@ja	<http://www.wikidata.org/entity/Q494721>	"日本の市"@ja	<http://www.wikidata.org/entity/P47>	"隣の国又は行政区画"@ja	<https://ja.wikipedia.org/wiki/%E8%88%B9%E6%A9%8B%E5%B8%82>
<http://www.wikidata.org/entity/Q285362>	"新津田沼駅"@ja	<http://www.wikidata.org/entity/Q55488>	"鉄道駅"@ja	<http://www.wikidata.org/entity/P131>	"位置する行政区画"@ja	<https://ja.wikipedia.org/wiki/%E6%96%B0%E6%B4%A5%E7%94%B0%E6%B2%BC%E9%A7%85>
<http://www.wikidata.org/entity/Q328651>	"八千代市"@ja	<http://www.wikidata.org/entity/Q1549591>	"10万都市"@ja	<http://www.wikidata.org/entity/P47>	"隣の国又は行政区画"@ja	<https://ja.wikipedia.org/wiki/%E5%85%AB%E5%8D%83%E4%BB%A3%E5%B8%82>
<http://www.wikidata.org/entity/Q328651>	"八千代市"@ja	<http://www.wikidata.org/entity/Q494721>	"日本の市"@ja	<http://www.wikidata.org/entity/P47>	"隣の国又は行政区画"@ja	<https://ja.wikipedia.org/wiki/%E5%85%AB%E5%8D%83%E4%BB%A3%E5%B8%82>
<http://www.wikidata.org/entity/Q486224>	"福浦和也"@ja	<http://www.wikidata.org/entity/Q5>	"ヒト"@ja	<http://www.wikidata.org/entity/P19>	"出生地"@ja	<https://ja.wikipedia.org/wiki/%E7%A6%8F%E6%B5%A6%E5%92%8C%E4%B9%9F>
<http://www.wikidata.org/entity/Q763926>	"服部公太"@ja	<http://www.wikidata.org/entity/Q5>	"ヒト"@ja	<http://www.wikidata.org/entity/P19>	"出生地"@ja	<https://ja.wikipedia.org/wiki/%E6%9C%8D%E9%83%A8%E5%85%AC%E5%A4%AA>
<http://www.wikidata.org/entity/Q801534>	"津田沼駅"@ja	<http://www.wikidata.org/entity/Q55488>	"鉄道駅"@ja	<http://www.wikidata.org/entity/P131>	"位置する行政区画"@ja	<https://ja.wikipedia.org/wiki/%E6%B4%A5%E7%94%B0%E6%B2%BC%E9%A7%85>
<http://www.wikidata.org/entity/Q864875>	"東関東自動車道"@ja	<http://www.wikidata.org/entity/Q16939396>	"有料道路"@ja	<http://www.wikidata.org/entity/P131>	"位置する行政区画"@ja	<https://ja.wikipedia.org/wiki/%E6%9D%B1%E9%96%A2%E6%9D%B1%E8%87%AA%E5%8B%95%E8%BB%8A%E9%81%93>
<http://www.wikidata.org/entity/Q864875>	"東関東自動車道"@ja	<http://www.wikidata.org/entity/Q46622>	"高速道路"@ja	<http://www.wikidata.org/entity/P131>	"位置する行政区画"@ja	<https://ja.wikipedia.org/wiki/%E6%9D%B1%E9%96%A2%E6%9D%B1%E8%87%AA%E5%8B%95%E8%BB%8A%E9%81%93>
<http://www.wikidata.org/entity/Q1056176>	"国道14号"@ja	<http://www.wikidata.org/entity/Q34442>	"道路"@ja	<http://www.wikidata.org/entity/P1302>	"主な経由都市"@ja	<https://ja.wikipedia.org/wiki/%E5%9B%BD%E9%81%9314%E5%8F%B7>
<http://www.wikidata.org/entity/Q1071738>	"千葉工業大学"@ja	<http://www.wikidata.org/entity/Q3918>	"大学"@ja	<http://www.wikidata.org/entity/P159>	"本部所在地"@ja	<https://ja.wikipedia.org/wiki/%E5%8D%83%E8%91%89%E5%B7%A5%E6%A5%AD%E5%A4%A7%E5%AD%A6>
<http://www.wikidata.org/entity/Q1185561>	"高田昌明"@ja	<http://www.wikidata.org/entity/Q5>	"ヒト"@ja	<http://www.wikidata.org/entity/P19>	"出生地"@ja	<https://ja.wikipedia.org/wiki/%E9%AB%98%E7%94%B0%E6%98%8C%E6%98%8E>
<http://www.wikidata.org/entity/Q11615342>	"花島寛己"@ja	<http://www.wikidata.org/entity/Q5>	"ヒト"@ja	<http://www.wikidata.org/entity/P19>	"出生地"@ja	<https://ja.wikipedia.org/wiki/%E8%8A%B1%E5%B3%B6%E5%AF%9B%E5%B7%B1>
<http://www.wikidata.org/entity/Q11615687>	"花輪インターチェンジ"@ja	<http://www.wikidata.org/entity/Q2376564>	"インターチェンジ"@ja	<http://www.wikidata.org/entity/P131>	"位置する行政区画"@ja	<https://ja.wikipedia.org/wiki/%E8%8A%B1%E8%BC%AA%E3%82%A4%E3%83%B3%E3%82%BF%E3%83%BC%E3%83%81%E3%82%A7%E3%83%B3%E3%82%B8>
<http://www.wikidata.org/entity/Q11631428>	"誉田八幡神社 (習志野市)"@ja	<http://www.wikidata.org/entity/Q845945>	"神社"@ja	<http://www.wikidata.org/entity/P131>	"位置する行政区画"@ja	<https://ja.wikipedia.org/wiki/%E8%AA%89%E7%94%B0%E5%85%AB%E5%B9%A1%E7%A5%9E%E7%A4%BE_(%E7%BF%92%E5%BF%97%E9%87%8E%E5%B8%82)>
<http://www.wikidata.org/entity/Q11633027>	"谷津遊園"@ja	<http://www.wikidata.org/entity/Q194195>	"遊園地"@ja	<http://www.wikidata.org/entity/P131>	"位置する行政区画"@ja	<https://ja.wikipedia.org/wiki/%E8%B0%B7%E6%B4%A5%E9%81%8A%E5%9C%92>
<http://www.wikidata.org/entity/Q11633027>	"谷津遊園"@ja	<http://www.wikidata.org/entity/Q167346>	"植物園"@ja	<http://www.wikidata.org/entity/P131>	"位置する行政区画"@ja	<https://ja.wikipedia.org/wiki/%E8%B0%B7%E6%B4%A5%E9%81%8A%E5%9C%92>
<http://www.wikidata.org/entity/Q11633025>	"谷津船橋インターチェンジ"@ja	<http://www.wikidata.org/entity/Q2376564>	"インターチェンジ"@ja	<http://www.wikidata.org/entity/P131>	"位置する行政区画"@ja	<https://ja.wikipedia.org/wiki/%E8%B0%B7%E6%B4%A5%E8%88%B9%E6%A9%8B%E3%82%A4%E3%83%B3%E3%82%BF%E3%83%BC%E3%83%81%E3%82%A7%E3%83%B3%E3%82%B8>
<http://www.wikidata.org/entity/Q11643995>	"酒主義久"@ja	<http://www.wikidata.org/entity/Q5>	"ヒト"@ja	<http://www.wikidata.org/entity/P19>	"出生地"@ja	<https://ja.wikipedia.org/wiki/%E9%85%92%E4%B8%BB%E7%BE%A9%E4%B9%85>
<http://www.wikidata.org/entity/Q11645147>	"野口寿浩"@ja	<http://www.wikidata.org/entity/Q5>	"ヒト"@ja	<http://www.wikidata.org/entity/P19>	"出生地"@ja	<https://ja.wikipedia.org/wiki/%E9%87%8E%E5%8F%A3%E5%AF%BF%E6%B5%A9>
<http://www.wikidata.org/entity/Q11654046>	"長谷部徹"@ja	<http://www.wikidata.org/entity/Q5>	"ヒト"@ja	<http://www.wikidata.org/entity/P19>	"出生地"@ja	<https://ja.wikipedia.org/wiki/%E9%95%B7%E8%B0%B7%E9%83%A8%E5%BE%B9_(%E3%83%89%E3%83%A9%E3%83%9E%E3%83%BC)>
<http://www.wikidata.org/entity/Q11676434>	"鷺沼城"@ja	<http://www.wikidata.org/entity/Q92026>	"日本の城"@ja	<http://www.wikidata.org/entity/P131>	"位置する行政区画"@ja	<https://ja.wikipedia.org/wiki/%E9%B7%BA%E6%B2%BC%E5%9F%8E>
<http://www.wikidata.org/entity/Q11676433>	"鷺沼古墳群"@ja	<http://www.wikidata.org/entity/Q11411019>	"古墳群"@ja	<http://www.wikidata.org/entity/P131>	"位置する行政区画"@ja	<https://ja.wikipedia.org/wiki/%E9%B7%BA%E6%B2%BC%E5%8F%A4%E5%A2%B3%E7%BE%A4>
<http://www.wikidata.org/entity/Q16264054>	"石田雅俊"@ja	<http://www.wikidata.org/entity/Q5>	"ヒト"@ja	<http://www.wikidata.org/entity/P19>	"出生地"@ja	<https://ja.wikipedia.org/wiki/%E7%9F%B3%E7%94%B0%E9%9B%85%E4%BF%8A>
<http://www.wikidata.org/entity/Q17216518>	"白鳥義三郎"@ja	<http://www.wikidata.org/entity/Q5>	"ヒト"@ja	<http://www.wikidata.org/entity/P19>	"出生地"@ja	<https://ja.wikipedia.org/wiki/%E7%99%BD%E9%B3%A5%E7%BE%A9%E4%B8%89%E9%83%8E>
<http://www.wikidata.org/entity/Q18054823>	"ミウラアカネ"@ja	<http://www.wikidata.org/entity/Q5>	"ヒト"@ja	<http://www.wikidata.org/entity/P19>	"出生地"@ja	<https://ja.wikipedia.org/wiki/%E3%83%9F%E3%82%A6%E3%83%A9%E3%82%A2%E3%82%AB%E3%83%8D>
<http://www.wikidata.org/entity/Q21654861>	"実籾本郷公園"@ja	<http://www.wikidata.org/entity/Q22746>	"都市公園"@ja	<http://www.wikidata.org/entity/P131>	"位置する行政区画"@ja	<https://ja.wikipedia.org/wiki/%E5%AE%9F%E7%B1%BE%E6%9C%AC%E9%83%B7%E5%85%AC%E5%9C%92>
<http://www.wikidata.org/entity/Q28682258>	"千葉県立習志野特別支援学校"@ja	<http://www.wikidata.org/entity/Q43271061>	"特別支援学校"@ja	<http://www.wikidata.org/entity/P131>	"位置する行政区画"@ja	<https://ja.wikipedia.org/wiki/%E5%8D%83%E8%91%89%E7%9C%8C%E7%AB%8B%E7%BF%92%E5%BF%97%E9%87%8E%E7%89%B9%E5%88%A5%E6%94%AF%E6%8F%B4%E5%AD%A6%E6%A0%A1>
<http://www.wikidata.org/entity/Q55521579>	"坂本大輔"@ja	<http://www.wikidata.org/entity/Q5>	"ヒト"@ja	<http://www.wikidata.org/entity/P19>	"出生地"@ja	<https://ja.wikipedia.org/wiki/%E5%9D%82%E6%9C%AC%E5%A4%A7%E8%BC%94>
<http://www.wikidata.org/entity/Q55524434>	"Loharu津田沼"@ja	<http://www.wikidata.org/entity/Q11315>	"ショッピングセンター"@ja	<http://www.wikidata.org/entity/P131>	"位置する行政区画"@ja	<https://ja.wikipedia.org/wiki/Loharu%E6%B4%A5%E7%94%B0%E6%B2%BC>
<http://www.wikidata.org/entity/Q59134674>	"礒谷真帆"@ja	<http://www.wikidata.org/entity/Q5>	"ヒト"@ja	<http://www.wikidata.org/entity/P19>	"出生地"@ja	<https://ja.wikipedia.org/wiki/%E7%A4%92%E8%B0%B7%E7%9C%9F%E5%B8%86>
<http://www.wikidata.org/entity/Q85883786>	"谷津バラ園"@ja	<http://www.wikidata.org/entity/Q291177>	"バラ園"@ja	<http://www.wikidata.org/entity/P131>	"位置する行政区画"@ja	<https://ja.wikipedia.org/wiki/%E8%B0%B7%E6%B4%A5%E3%83%90%E3%83%A9%E5%9C%92>
<http://www.wikidata.org/entity/Q86728377>	"習志野市議会"@ja	<http://www.wikidata.org/entity/Q107199651>	"市議会"@ja	<http://www.wikidata.org/entity/P1001>	"管轄・適用区域"@ja	<https://ja.wikipedia.org/wiki/%E7%BF%92%E5%BF%97%E9%87%8E%E5%B8%82%E8%AD%B0%E4%BC%9A>
<http://www.wikidata.org/entity/Q96630824>	"八坂神社"@ja	<http://www.wikidata.org/entity/Q845945>	"神社"@ja	<http://www.wikidata.org/entity/P131>	"位置する行政区画"@ja	<https://ja.wikipedia.org/wiki/%E5%85%AB%E5%9D%82%E7%A5%9E%E7%A4%BE_(%E7%BF%92%E5%BF%97%E9%87%8E%E5%B8%82)>
<http://www.wikidata.org/entity/Q97164395>	"丹生神社"@ja	<http://www.wikidata.org/entity/Q845945>	"神社"@ja	<http://www.wikidata.org/entity/P131>	"位置する行政区画"@ja	<https://ja.wikipedia.org/wiki/%E4%B8%B9%E7%94%9F%E7%A5%9E%E7%A4%BE_(%E7%BF%92%E5%BF%97%E9%87%8E%E5%B8%82)>
<http://www.wikidata.org/entity/Q97344640>	"習志野隕石"@ja	<http://www.wikidata.org/entity/Q60186>	"隕石"@ja	<http://www.wikidata.org/entity/P131>	"位置する行政区画"@ja	<https://ja.wikipedia.org/wiki/%E7%BF%92%E5%BF%97%E9%87%8E%E9%9A%95%E7%9F%B3>
<http://www.wikidata.org/entity/Q110403719>	"石津谷治法"@ja	<http://www.wikidata.org/entity/Q5>	"ヒト"@ja	<http://www.wikidata.org/entity/P108>	"勤務先"@ja	<https://ja.wikipedia.org/wiki/%E7%9F%B3%E6%B4%A5%E8%B0%B7%E6%B2%BB%E6%B3%95>
<http://www.wikidata.org/entity/Q112238377>	"金子晃大"@ja	<http://www.wikidata.org/entity/Q5>	"ヒト"@ja	<http://www.wikidata.org/entity/P19>	"出生地"@ja	<https://ja.wikipedia.org/wiki/%E9%87%91%E5%AD%90%E6%99%83%E5%A4%A7>
<http://www.wikidata.org/entity/Q1207879>	"北嶋秀朗"@ja	<http://www.wikidata.org/entity/Q5>	"ヒト"@ja	<http://www.wikidata.org/entity/P19>	"出生地"@ja	<https://ja.wikipedia.org/wiki/%E5%8C%97%E5%B6%8B%E7%A7%80%E6%9C%97>
<http://www.wikidata.org/entity/Q1573658>	"宮沢克行"@ja	<http://www.wikidata.org/entity/Q5>	"ヒト"@ja	<http://www.wikidata.org/entity/P19>	"出生地"@ja	<https://ja.wikipedia.org/wiki/%E5%AE%AE%E6%B2%A2%E5%85%8B%E8%A1%8C>
<http://www.wikidata.org/entity/Q2258189>	"湾岸習志野インターチェンジ"@ja	<http://www.wikidata.org/entity/Q2376564>	"インターチェンジ"@ja	<http://www.wikidata.org/entity/P131>	"位置する行政区画"@ja	<https://ja.wikipedia.org/wiki/%E6%B9%BE%E5%B2%B8%E7%BF%92%E5%BF%97%E9%87%8E%E3%82%A4%E3%83%B3%E3%82%BF%E3%83%BC%E3%83%81%E3%82%A7%E3%83%B3%E3%82%B8>
<http://www.wikidata.org/entity/Q2370433>	"新習志野駅"@ja	<http://www.wikidata.org/entity/Q55488>	"鉄道駅"@ja	<http://www.wikidata.org/entity/P131>	"位置する行政区画"@ja	<https://ja.wikipedia.org/wiki/%E6%96%B0%E7%BF%92%E5%BF%97%E9%87%8E%E9%A7%85>
<http://www.wikidata.org/entity/Q2837503>	"オービックシーガルズ"@ja	<http://www.wikidata.org/entity/Q17156793>	"アメリカンフットボール・チーム"@ja	<http://www.wikidata.org/entity/P276>	"場所"@ja	<https://ja.wikipedia.org/wiki/%E3%82%AA%E3%83%BC%E3%83%93%E3%83%83%E3%82%AF%E3%82%B7%E3%83%BC%E3%82%AC%E3%83%AB%E3%82%BA>
<http://www.wikidata.org/entity/Q3080774>	"砂川誠"@ja	<http://www.wikidata.org/entity/Q5>	"ヒト"@ja	<http://www.wikidata.org/entity/P19>	"出生地"@ja	<https://ja.wikipedia.org/wiki/%E7%A0%82%E5%B7%9D%E8%AA%A0>
<http://www.wikidata.org/entity/Q3428933>	"宍倉邦枝"@ja	<http://www.wikidata.org/entity/Q5>	"ヒト"@ja	<http://www.wikidata.org/entity/P19>	"出生地"@ja	<https://ja.wikipedia.org/wiki/%E5%AE%8D%E5%80%89%E9%82%A6%E6%9E%9D>
<http://www.wikidata.org/entity/Q3554940>	"谷津干潟"@ja	<http://www.wikidata.org/entity/Q31796>	"干潟"@ja	<http://www.wikidata.org/entity/P131>	"位置する行政区画"@ja	<https://ja.wikipedia.org/wiki/%E8%B0%B7%E6%B4%A5%E5%B9%B2%E6%BD%9F>
<http://www.wikidata.org/entity/Q4389595>	"京成津田沼駅"@ja	<http://www.wikidata.org/entity/Q55488>	"鉄道駅"@ja	<http://www.wikidata.org/entity/P131>	"位置する行政区画"@ja	<https://ja.wikipedia.org/wiki/%E4%BA%AC%E6%88%90%E6%B4%A5%E7%94%B0%E6%B2%BC%E9%A7%85>
<http://www.wikidata.org/entity/Q4596101>	"第1空挺団"@ja	<http://www.wikidata.org/entity/Q1875715>	"Q1875715"	<http://www.wikidata.org/entity/P131>	"位置する行政区画"@ja	<https://ja.wikipedia.org/wiki/%E7%AC%AC1%E7%A9%BA%E6%8C%BA%E5%9B%A3_(%E9%99%B8%E4%B8%8A%E8%87%AA%E8%A1%9B%E9%9A%8A)>
<http://www.wikidata.org/entity/Q4701172>	"AKIRA (プロレスラー)"@ja	<http://www.wikidata.org/entity/Q5>	"ヒト"@ja	<http://www.wikidata.org/entity/P19>	"出生地"@ja	<https://ja.wikipedia.org/wiki/AKIRA_(%E3%83%97%E3%83%AD%E3%83%AC%E3%82%B9%E3%83%A9%E3%83%BC)>
<http://www.wikidata.org/entity/Q5389021>	"高雄恵利加"@ja	<http://www.wikidata.org/entity/Q5>	"ヒト"@ja	<http://www.wikidata.org/entity/P19>	"出生地"@ja	<https://ja.wikipedia.org/wiki/%E9%AB%98%E9%9B%84%E6%81%B5%E5%88%A9%E5%8A%A0>
<http://www.wikidata.org/entity/Q6157329>	"国道357号"@ja	<http://www.wikidata.org/entity/Q34442>	"道路"@ja	<http://www.wikidata.org/entity/P1302>	"主な経由都市"@ja	<https://ja.wikipedia.org/wiki/%E5%9B%BD%E9%81%93357%E5%8F%B7>
<http://www.wikidata.org/entity/Q6383851>	"京成大久保駅"@ja	<http://www.wikidata.org/entity/Q55488>	"鉄道駅"@ja	<http://www.wikidata.org/entity/P131>	"位置する行政区画"@ja	<https://ja.wikipedia.org/wiki/%E4%BA%AC%E6%88%90%E5%A4%A7%E4%B9%85%E4%BF%9D%E9%A7%85>
<http://www.wikidata.org/entity/Q6419060>	"茂木清夫"@ja	<http://www.wikidata.org/entity/Q5>	"ヒト"@ja	<http://www.wikidata.org/entity/P20>	"死没地"@ja	<https://ja.wikipedia.org/wiki/%E8%8C%82%E6%9C%A8%E6%B8%85%E5%A4%AB>
<http://www.wikidata.org/entity/Q6862305>	"実籾駅"@ja	<http://www.wikidata.org/entity/Q55488>	"鉄道駅"@ja	<http://www.wikidata.org/entity/P131>	"位置する行政区画"@ja	<https://ja.wikipedia.org/wiki/%E5%AE%9F%E7%B1%BE%E9%A7%85>
<http://www.wikidata.org/entity/Q7034310>	"日本大学短期大学部"@ja	<http://www.wikidata.org/entity/Q189004>	"カレッジ"@ja	<http://www.wikidata.org/entity/P131>	"位置する行政区画"@ja	<https://ja.wikipedia.org/wiki/%E6%97%A5%E6%9C%AC%E5%A4%A7%E5%AD%A6%E7%9F%AD%E6%9C%9F%E5%A4%A7%E5%AD%A6%E9%83%A8>
<http://www.wikidata.org/entity/Q7231111>	"千葉港"@ja	<http://www.wikidata.org/entity/Q44782>	"港湾"@ja	<http://www.wikidata.org/entity/P131>	"位置する行政区画"@ja	<https://ja.wikipedia.org/wiki/%E5%8D%83%E8%91%89%E6%B8%AF>
<http://www.wikidata.org/entity/Q7496423>	"富田茂之"@ja	<http://www.wikidata.org/entity/Q5>	"ヒト"@ja	<http://www.wikidata.org/entity/P551>	"居住地"@ja	<https://ja.wikipedia.org/wiki/%E5%AF%8C%E7%94%B0%E8%8C%82%E4%B9%8B>
<http://www.wikidata.org/entity/Q7849928>	"津田沼"@ja	<http://www.wikidata.org/entity/Q5327369>	"町丁"@ja	<http://www.wikidata.org/entity/P131>	"位置する行政区画"@ja	<https://ja.wikipedia.org/wiki/%E6%B4%A5%E7%94%B0%E6%B2%BC>
<http://www.wikidata.org/entity/Q7849928>	"津田沼"@ja	<http://www.wikidata.org/entity/Q123705>	"地区"@ja	<http://www.wikidata.org/entity/P131>	"位置する行政区画"@ja	<https://ja.wikipedia.org/wiki/%E6%B4%A5%E7%94%B0%E6%B2%BC>
<http://www.wikidata.org/entity/Q8050270>	"谷津駅"@ja	<http://www.wikidata.org/entity/Q55488>	"鉄道駅"@ja	<http://www.wikidata.org/entity/P131>	"位置する行政区画"@ja	<https://ja.wikipedia.org/wiki/%E8%B0%B7%E6%B4%A5%E9%A7%85>
<http://www.wikidata.org/entity/Q8959507>	"宮本泰介"@ja	<http://www.wikidata.org/entity/Q5>	"ヒト"@ja	<http://www.wikidata.org/entity/P19>	"出生地"@ja	<https://ja.wikipedia.org/wiki/%E5%AE%AE%E6%9C%AC%E6%B3%B0%E4%BB%8B>
<http://www.wikidata.org/entity/Q9036859>	"清水勲"@ja	<http://www.wikidata.org/entity/Q5>	"ヒト"@ja	<http://www.wikidata.org/entity/P551>	"居住地"@ja	<https://ja.wikipedia.org/wiki/%E6%B8%85%E6%B0%B4%E5%8B%B2>
<http://www.wikidata.org/entity/Q9036859>	"清水勲"@ja	<http://www.wikidata.org/entity/Q5>	"ヒト"@ja	<http://www.wikidata.org/entity/P20>	"死没地"@ja	<https://ja.wikipedia.org/wiki/%E6%B8%85%E6%B0%B4%E5%8B%B2>
<http://www.wikidata.org/entity/Q9379236>	"Category:習志野市"@ja	<http://www.wikidata.org/entity/Q4167836>	"ウィキメディアのカテゴリ"@ja	<http://www.wikidata.org/entity/P301>	"カテゴリの中心主題"@ja	<https://ja.wikipedia.org/wiki/Category:%E7%BF%92%E5%BF%97%E9%87%8E%E5%B8%82>
<http://www.wikidata.org/entity/Q11060550>	"幕張インターチェンジ"@ja	<http://www.wikidata.org/entity/Q2376564>	"インターチェンジ"@ja	<http://www.wikidata.org/entity/P131>	"位置する行政区画"@ja	<https://ja.wikipedia.org/wiki/%E5%B9%95%E5%BC%B5%E3%82%A4%E3%83%B3%E3%82%BF%E3%83%BC%E3%83%81%E3%82%A7%E3%83%B3%E3%82%B8>
<http://www.wikidata.org/entity/Q11240780>	"森田彩華"@ja	<http://www.wikidata.org/entity/Q5>	"ヒト"@ja	<http://www.wikidata.org/entity/P19>	"出生地"@ja	<https://ja.wikipedia.org/wiki/%E6%A3%AE%E7%94%B0%E5%BD%A9%E8%8F%AF>
<http://www.wikidata.org/entity/Q32647846>	"Q32647846"	<http://www.wikidata.org/entity/Q4167836>	"ウィキメディアのカテゴリ"@ja	<http://www.wikidata.org/entity/P971>	"以下の組み合わせカテゴリ"@ja	
<http://www.wikidata.org/entity/Q32647848>	"Q32647848"	<http://www.wikidata.org/entity/Q4167836>	"ウィキメディアのカテゴリ"@ja	<http://www.wikidata.org/entity/P971>	"以下の組み合わせカテゴリ"@ja	
<http://www.wikidata.org/entity/Q56436986>	"習志野市長"@ja	<http://www.wikidata.org/entity/Q4164871>	"職位"@ja	<http://www.wikidata.org/entity/P1001>	"管轄・適用区域"@ja	
<http://www.wikidata.org/entity/Q61886702>	"習志野市立新習志野図書館"@ja	<http://www.wikidata.org/entity/Q28564>	"公共図書館"@ja	<http://www.wikidata.org/entity/P276>	"場所"@ja	
<http://www.wikidata.org/entity/Q61886703>	"習志野市立藤崎図書館"@ja	<http://www.wikidata.org/entity/Q28564>	"公共図書館"@ja	<http://www.wikidata.org/entity/P276>	"場所"@ja	
<http://www.wikidata.org/entity/Q61886700>	"習志野市立大久保図書館"@ja	<http://www.wikidata.org/entity/Q28564>	"公共図書館"@ja	<http://www.wikidata.org/entity/P276>	"場所"@ja	
<http://www.wikidata.org/entity/Q61886701>	"習志野市立東習志野図書館"@ja	<http://www.wikidata.org/entity/Q28564>	"公共図書館"@ja	<http://www.wikidata.org/entity/P276>	"場所"@ja	
<http://www.wikidata.org/entity/Q61886704>	"習志野市立谷津図書館"@ja	<http://www.wikidata.org/entity/Q28564>	"公共図書館"@ja	<http://www.wikidata.org/entity/P276>	"場所"@ja	
<http://www.wikidata.org/entity/Q96249821>	"Q96249821"	<http://www.wikidata.org/entity/Q5>	"ヒト"@ja	<http://www.wikidata.org/entity/P2632>	"収監場所"@ja	
<http://www.wikidata.org/entity/Q96250006>	"Q96250006"	<http://www.wikidata.org/entity/Q571>	"本"@ja	<http://www.wikidata.org/entity/P1071>	"制作地"@ja	
<http://www.wikidata.org/entity/Q107342764>	"船橋都市圏"@ja	<http://www.wikidata.org/entity/Q1907114>	"都市圏"@ja	<http://www.wikidata.org/entity/P527>	"以下を含む"@ja	
<http://www.wikidata.org/entity/Q107342764>	"船橋都市圏"@ja	<http://www.wikidata.org/entity/Q486972>	"集落"@ja	<http://www.wikidata.org/entity/P527>	"以下を含む"@ja	
<http://www.wikidata.org/entity/Q108100378>	"Q108100378"	<http://www.wikidata.org/entity/Q7315155>	"研究センター"@ja	<http://www.wikidata.org/entity/P131>	"位置する行政区画"@ja	
<http://www.wikidata.org/entity/Q108814668>	"津田沼12番街ビル"@ja	<http://www.wikidata.org/entity/Q1339195>	"駅ビル"@ja	<http://www.wikidata.org/entity/P131>	"位置する行政区画"@ja	
<http://www.wikidata.org/entity/Q108830115>	"2019年習志野市長選挙"@ja	<http://www.wikidata.org/entity/Q15280243>	"首長選挙"@ja	<http://www.wikidata.org/entity/P1001>	"管轄・適用区域"@ja	
<http://www.wikidata.org/entity/Q108830115>	"2019年習志野市長選挙"@ja	<http://www.wikidata.org/entity/Q1376777>	"日本の選挙"@ja	<http://www.wikidata.org/entity/P1001>	"管轄・適用区域"@ja	
<http://www.wikidata.org/entity/Q109364824>	"田中良尊"@ja	<http://www.wikidata.org/entity/Q5>	"ヒト"@ja	<http://www.wikidata.org/entity/P20>	"死没地"@ja	
<http://www.wikidata.org/entity/Q110795864>	"Q110795864"	<http://www.wikidata.org/entity/Q4167836>	"ウィキメディアのカテゴリ"@ja	<http://www.wikidata.org/entity/P971>	"以下の組み合わせカテゴリ"@ja	
<http://www.wikidata.org/entity/Q112097696>	"Q112097696"	<http://www.wikidata.org/entity/Q281460>	"パイプ・オルガン"@ja	<http://www.wikidata.org/entity/P131>	"位置する行政区画"@ja	
<http://www.wikidata.org/entity/Q114405616>	"合屋裕二"@ja	<http://www.wikidata.org/entity/Q5>	"ヒト"@ja	<http://www.wikidata.org/entity/P19>	"出生地"@ja	
<http://www.wikidata.org/entity/Q114925894>	"東邦大学付属東邦中学校"@ja	<http://www.wikidata.org/entity/Q55521176>	"日本の中学校"@ja	<http://www.wikidata.org/entity/P131>	"位置する行政区画"@ja	
<http://www.wikidata.org/entity/Q114925895>	"東邦大学付属東邦高等学校"@ja	<http://www.wikidata.org/entity/Q56351315>	"日本の高等学校"@ja	<http://www.wikidata.org/entity/P131>	"位置する行政区画"@ja	
