?s	?sLabel	?type	?typeLabel	?prop	?propLabel	?jwiki
<http://www.wikidata.org/entity/Q80011>	"千葉県"@ja	<http://www.wikidata.org/entity/Q50337>	"都道府県"@ja	<http://www.wikidata.org/entity/P150>	"直下の行政区画"@ja	<https://ja.wikipedia.org/wiki/%E5%8D%83%E8%91%89%E7%9C%8C>
<http://www.wikidata.org/entity/Q170616>	"千葉市"@ja	<http://www.wikidata.org/entity/Q65589340>	"都道府県庁所在地"@ja	<http://www.wikidata.org/entity/P1365>	"先行"@ja	<https://ja.wikipedia.org/wiki/%E5%8D%83%E8%91%89%E5%B8%82>
<http://www.wikidata.org/entity/Q170616>	"千葉市"@ja	<http://www.wikidata.org/entity/Q65589340>	"都道府県庁所在地"@ja	<http://www.wikidata.org/entity/P47>	"隣の国又は行政区画"@ja	<https://ja.wikipedia.org/wiki/%E5%8D%83%E8%91%89%E5%B8%82>
<http://www.wikidata.org/entity/Q170616>	"千葉市"@ja	<http://www.wikidata.org/entity/Q13220204>	"第二級行政区画"@ja	<http://www.wikidata.org/entity/P1365>	"先行"@ja	<https://ja.wikipedia.org/wiki/%E5%8D%83%E8%91%89%E5%B8%82>
<http://www.wikidata.org/entity/Q170616>	"千葉市"@ja	<http://www.wikidata.org/entity/Q13220204>	"第二級行政区画"@ja	<http://www.wikidata.org/entity/P47>	"隣の国又は行政区画"@ja	<https://ja.wikipedia.org/wiki/%E5%8D%83%E8%91%89%E5%B8%82>
<http://www.wikidata.org/entity/Q170616>	"千葉市"@ja	<http://www.wikidata.org/entity/Q11422368>	"国際会議観光都市"@ja	<http://www.wikidata.org/entity/P1365>	"先行"@ja	<https://ja.wikipedia.org/wiki/%E5%8D%83%E8%91%89%E5%B8%82>
<http://www.wikidata.org/entity/Q170616>	"千葉市"@ja	<http://www.wikidata.org/entity/Q11422368>	"国際会議観光都市"@ja	<http://www.wikidata.org/entity/P47>	"隣の国又は行政区画"@ja	<https://ja.wikipedia.org/wiki/%E5%8D%83%E8%91%89%E5%B8%82>
<http://www.wikidata.org/entity/Q170616>	"千葉市"@ja	<http://www.wikidata.org/entity/Q1749269>	"政令指定都市"@ja	<http://www.wikidata.org/entity/P1365>	"先行"@ja	<https://ja.wikipedia.org/wiki/%E5%8D%83%E8%91%89%E5%B8%82>
<http://www.wikidata.org/entity/Q170616>	"千葉市"@ja	<http://www.wikidata.org/entity/Q1749269>	"政令指定都市"@ja	<http://www.wikidata.org/entity/P47>	"隣の国又は行政区画"@ja	<https://ja.wikipedia.org/wiki/%E5%8D%83%E8%91%89%E5%B8%82>
<http://www.wikidata.org/entity/Q170616>	"千葉市"@ja	<http://www.wikidata.org/entity/Q1549591>	"10万都市"@ja	<http://www.wikidata.org/entity/P1365>	"先行"@ja	<https://ja.wikipedia.org/wiki/%E5%8D%83%E8%91%89%E5%B8%82>
<http://www.wikidata.org/entity/Q170616>	"千葉市"@ja	<http://www.wikidata.org/entity/Q1549591>	"10万都市"@ja	<http://www.wikidata.org/entity/P47>	"隣の国又は行政区画"@ja	<https://ja.wikipedia.org/wiki/%E5%8D%83%E8%91%89%E5%B8%82>
<http://www.wikidata.org/entity/Q170616>	"千葉市"@ja	<http://www.wikidata.org/entity/Q691960>	"衛星都市"@ja	<http://www.wikidata.org/entity/P1365>	"先行"@ja	<https://ja.wikipedia.org/wiki/%E5%8D%83%E8%91%89%E5%B8%82>
<http://www.wikidata.org/entity/Q170616>	"千葉市"@ja	<http://www.wikidata.org/entity/Q691960>	"衛星都市"@ja	<http://www.wikidata.org/entity/P47>	"隣の国又は行政区画"@ja	<https://ja.wikipedia.org/wiki/%E5%8D%83%E8%91%89%E5%B8%82>
<http://www.wikidata.org/entity/Q170616>	"千葉市"@ja	<http://www.wikidata.org/entity/Q494721>	"日本の市"@ja	<http://www.wikidata.org/entity/P1365>	"先行"@ja	<https://ja.wikipedia.org/wiki/%E5%8D%83%E8%91%89%E5%B8%82>
<http://www.wikidata.org/entity/Q170616>	"千葉市"@ja	<http://www.wikidata.org/entity/Q494721>	"日本の市"@ja	<http://www.wikidata.org/entity/P47>	"隣の国又は行政区画"@ja	<https://ja.wikipedia.org/wiki/%E5%8D%83%E8%91%89%E5%B8%82>
<http://www.wikidata.org/entity/Q170616>	"千葉市"@ja	<http://www.wikidata.org/entity/Q515>	"都市"@ja	<http://www.wikidata.org/entity/P1365>	"先行"@ja	<https://ja.wikipedia.org/wiki/%E5%8D%83%E8%91%89%E5%B8%82>
<http://www.wikidata.org/entity/Q170616>	"千葉市"@ja	<http://www.wikidata.org/entity/Q515>	"都市"@ja	<http://www.wikidata.org/entity/P47>	"隣の国又は行政区画"@ja	<https://ja.wikipedia.org/wiki/%E5%8D%83%E8%91%89%E5%B8%82>
<http://www.wikidata.org/entity/Q337507>	"志位和夫"@ja	<http://www.wikidata.org/entity/Q5>	"ヒト"@ja	<http://www.wikidata.org/entity/P19>	"出生地"@ja	<https://ja.wikipedia.org/wiki/%E5%BF%97%E4%BD%8D%E5%92%8C%E5%A4%AB>
<http://www.wikidata.org/entity/Q11405930>	"千葉内陸バス"@ja	<http://www.wikidata.org/entity/Q10438042>	"バス事業者"@ja	<http://www.wikidata.org/entity/P159>	"本部所在地"@ja	<https://ja.wikipedia.org/wiki/%E5%8D%83%E8%91%89%E5%86%85%E9%99%B8%E3%83%90%E3%82%B9>
<http://www.wikidata.org/entity/Q11406076>	"千葉敬愛高等学校"@ja	<http://www.wikidata.org/entity/Q56351315>	"日本の高等学校"@ja	<http://www.wikidata.org/entity/P131>	"位置する行政区画"@ja	<https://ja.wikipedia.org/wiki/%E5%8D%83%E8%91%89%E6%95%AC%E6%84%9B%E9%AB%98%E7%AD%89%E5%AD%A6%E6%A0%A1>
<http://www.wikidata.org/entity/Q11406226>	"千葉県立千葉盲学校"@ja	<http://www.wikidata.org/entity/Q43271061>	"特別支援学校"@ja	<http://www.wikidata.org/entity/P131>	"位置する行政区画"@ja	<https://ja.wikipedia.org/wiki/%E5%8D%83%E8%91%89%E7%9C%8C%E7%AB%8B%E5%8D%83%E8%91%89%E7%9B%B2%E5%AD%A6%E6%A0%A1>
<http://www.wikidata.org/entity/Q11406226>	"千葉県立千葉盲学校"@ja	<http://www.wikidata.org/entity/Q28936014>	"盲学校"@ja	<http://www.wikidata.org/entity/P131>	"位置する行政区画"@ja	<https://ja.wikipedia.org/wiki/%E5%8D%83%E8%91%89%E7%9C%8C%E7%AB%8B%E5%8D%83%E8%91%89%E7%9B%B2%E5%AD%A6%E6%A0%A1>
<http://www.wikidata.org/entity/Q11406235>	"千葉県立四街道特別支援学校"@ja	<http://www.wikidata.org/entity/Q43271061>	"特別支援学校"@ja	<http://www.wikidata.org/entity/P131>	"位置する行政区画"@ja	<https://ja.wikipedia.org/wiki/%E5%8D%83%E8%91%89%E7%9C%8C%E7%AB%8B%E5%9B%9B%E8%A1%97%E9%81%93%E7%89%B9%E5%88%A5%E6%94%AF%E6%8F%B4%E5%AD%A6%E6%A0%A1>
<http://www.wikidata.org/entity/Q11406236>	"千葉県立四街道北高等学校"@ja	<http://www.wikidata.org/entity/Q56351315>	"日本の高等学校"@ja	<http://www.wikidata.org/entity/P131>	"位置する行政区画"@ja	<https://ja.wikipedia.org/wiki/%E5%8D%83%E8%91%89%E7%9C%8C%E7%AB%8B%E5%9B%9B%E8%A1%97%E9%81%93%E5%8C%97%E9%AB%98%E7%AD%89%E5%AD%A6%E6%A0%A1>
<http://www.wikidata.org/entity/Q11406237>	"千葉県立四街道高等学校"@ja	<http://www.wikidata.org/entity/Q56351315>	"日本の高等学校"@ja	<http://www.wikidata.org/entity/P131>	"位置する行政区画"@ja	<https://ja.wikipedia.org/wiki/%E5%8D%83%E8%91%89%E7%9C%8C%E7%AB%8B%E5%9B%9B%E8%A1%97%E9%81%93%E9%AB%98%E7%AD%89%E5%AD%A6%E6%A0%A1>
<http://www.wikidata.org/entity/Q11406438>	"千葉県道136号"@ja	<http://www.wikidata.org/entity/Q34442>	"道路"@ja	<http://www.wikidata.org/entity/P609>	"起終点"@ja	<https://ja.wikipedia.org/wiki/%E5%8D%83%E8%91%89%E7%9C%8C%E9%81%93136%E5%8F%B7%E4%BD%90%E5%80%89%E5%81%9C%E8%BB%8A%E5%A0%B4%E5%8D%83%E4%BB%A3%E7%94%B0%E7%B7%9A>
<http://www.wikidata.org/entity/Q11406438>	"千葉県道136号"@ja	<http://www.wikidata.org/entity/Q34442>	"道路"@ja	<http://www.wikidata.org/entity/P131>	"位置する行政区画"@ja	<https://ja.wikipedia.org/wiki/%E5%8D%83%E8%91%89%E7%9C%8C%E9%81%93136%E5%8F%B7%E4%BD%90%E5%80%89%E5%81%9C%E8%BB%8A%E5%A0%B4%E5%8D%83%E4%BB%A3%E7%94%B0%E7%B7%9A>
<http://www.wikidata.org/entity/Q11406458>	"千葉県道155号"@ja	<http://www.wikidata.org/entity/Q34442>	"道路"@ja	<http://www.wikidata.org/entity/P609>	"起終点"@ja	<https://ja.wikipedia.org/wiki/%E5%8D%83%E8%91%89%E7%9C%8C%E9%81%93155%E5%8F%B7%E5%9B%9B%E8%A1%97%E9%81%93%E4%B8%8A%E5%BF%97%E6%B4%A5%E7%B7%9A>
<http://www.wikidata.org/entity/Q11406458>	"千葉県道155号"@ja	<http://www.wikidata.org/entity/Q34442>	"道路"@ja	<http://www.wikidata.org/entity/P131>	"位置する行政区画"@ja	<https://ja.wikipedia.org/wiki/%E5%8D%83%E8%91%89%E7%9C%8C%E9%81%93155%E5%8F%B7%E5%9B%9B%E8%A1%97%E9%81%93%E4%B8%8A%E5%BF%97%E6%B4%A5%E7%B7%9A>
<http://www.wikidata.org/entity/Q11406533>	"千葉県道22号"@ja	<http://www.wikidata.org/entity/Q34442>	"道路"@ja	<http://www.wikidata.org/entity/P131>	"位置する行政区画"@ja	<https://ja.wikipedia.org/wiki/%E5%8D%83%E8%91%89%E7%9C%8C%E9%81%9322%E5%8F%B7%E5%8D%83%E8%91%89%E5%85%AB%E8%A1%97%E6%A8%AA%E8%8A%9D%E7%B7%9A>
<http://www.wikidata.org/entity/Q11406650>	"千葉県道66号"@ja	<http://www.wikidata.org/entity/Q34442>	"道路"@ja	<http://www.wikidata.org/entity/P609>	"起終点"@ja	<https://ja.wikipedia.org/wiki/%E5%8D%83%E8%91%89%E7%9C%8C%E9%81%9366%E5%8F%B7%E6%B5%9C%E9%87%8E%E5%9B%9B%E8%A1%97%E9%81%93%E9%95%B7%E6%B2%BC%E7%B7%9A>
<http://www.wikidata.org/entity/Q11406650>	"千葉県道66号"@ja	<http://www.wikidata.org/entity/Q34442>	"道路"@ja	<http://www.wikidata.org/entity/P131>	"位置する行政区画"@ja	<https://ja.wikipedia.org/wiki/%E5%8D%83%E8%91%89%E7%9C%8C%E9%81%9366%E5%8F%B7%E6%B5%9C%E9%87%8E%E5%9B%9B%E8%A1%97%E9%81%93%E9%95%B7%E6%B2%BC%E7%B7%9A>
<http://www.wikidata.org/entity/Q11406648>	"千葉県道64号"@ja	<http://www.wikidata.org/entity/Q34442>	"道路"@ja	<http://www.wikidata.org/entity/P131>	"位置する行政区画"@ja	<https://ja.wikipedia.org/wiki/%E5%8D%83%E8%91%89%E7%9C%8C%E9%81%9364%E5%8F%B7%E5%8D%83%E8%91%89%E8%87%BC%E4%BA%95%E5%8D%B0%E8%A5%BF%E7%B7%9A>
<http://www.wikidata.org/entity/Q11413944>	"吉田浩"@ja	<http://www.wikidata.org/entity/Q5>	"ヒト"@ja	<http://www.wikidata.org/entity/P19>	"出生地"@ja	<https://ja.wikipedia.org/wiki/%E5%90%89%E7%94%B0%E6%B5%A9_(%E3%82%A2%E3%83%8A%E3%82%A6%E3%83%B3%E3%82%B5%E3%83%BC)>
<http://www.wikidata.org/entity/Q11420110>	"四街道市立四街道中学校"@ja	<http://www.wikidata.org/entity/Q55521176>	"日本の中学校"@ja	<http://www.wikidata.org/entity/P131>	"位置する行政区画"@ja	<https://ja.wikipedia.org/wiki/%E5%9B%9B%E8%A1%97%E9%81%93%E5%B8%82%E7%AB%8B%E5%9B%9B%E8%A1%97%E9%81%93%E4%B8%AD%E5%AD%A6%E6%A0%A1>
<http://www.wikidata.org/entity/Q11420110>	"四街道市立四街道中学校"@ja	<http://www.wikidata.org/entity/Q55521176>	"日本の中学校"@ja	<http://www.wikidata.org/entity/P126>	"管理者"@ja	<https://ja.wikipedia.org/wiki/%E5%9B%9B%E8%A1%97%E9%81%93%E5%B8%82%E7%AB%8B%E5%9B%9B%E8%A1%97%E9%81%93%E4%B8%AD%E5%AD%A6%E6%A0%A1>
<http://www.wikidata.org/entity/Q11420111>	"四街道市立中央小学校"@ja	<http://www.wikidata.org/entity/Q5358913>	"日本の小学校"@ja	<http://www.wikidata.org/entity/P131>	"位置する行政区画"@ja	<https://ja.wikipedia.org/wiki/%E5%9B%9B%E8%A1%97%E9%81%93%E5%B8%82%E7%AB%8B%E4%B8%AD%E5%A4%AE%E5%B0%8F%E5%AD%A6%E6%A0%A1>
<http://www.wikidata.org/entity/Q11420111>	"四街道市立中央小学校"@ja	<http://www.wikidata.org/entity/Q5358913>	"日本の小学校"@ja	<http://www.wikidata.org/entity/P126>	"管理者"@ja	<https://ja.wikipedia.org/wiki/%E5%9B%9B%E8%A1%97%E9%81%93%E5%B8%82%E7%AB%8B%E4%B8%AD%E5%A4%AE%E5%B0%8F%E5%AD%A6%E6%A0%A1>
<http://www.wikidata.org/entity/Q11420114>	"四街道市立図書館"@ja	<http://www.wikidata.org/entity/Q7075>	"図書館"@ja	<http://www.wikidata.org/entity/P131>	"位置する行政区画"@ja	<https://ja.wikipedia.org/wiki/%E5%9B%9B%E8%A1%97%E9%81%93%E5%B8%82%E7%AB%8B%E5%9B%B3%E6%9B%B8%E9%A4%A8>
<http://www.wikidata.org/entity/Q11420115>	"四街道市立栗山小学校"@ja	<http://www.wikidata.org/entity/Q5358913>	"日本の小学校"@ja	<http://www.wikidata.org/entity/P131>	"位置する行政区画"@ja	<https://ja.wikipedia.org/wiki/%E5%9B%9B%E8%A1%97%E9%81%93%E5%B8%82%E7%AB%8B%E6%A0%97%E5%B1%B1%E5%B0%8F%E5%AD%A6%E6%A0%A1>
<http://www.wikidata.org/entity/Q11420115>	"四街道市立栗山小学校"@ja	<http://www.wikidata.org/entity/Q5358913>	"日本の小学校"@ja	<http://www.wikidata.org/entity/P126>	"管理者"@ja	<https://ja.wikipedia.org/wiki/%E5%9B%9B%E8%A1%97%E9%81%93%E5%B8%82%E7%AB%8B%E6%A0%97%E5%B1%B1%E5%B0%8F%E5%AD%A6%E6%A0%A1>
<http://www.wikidata.org/entity/Q11420112>	"四街道市立四街道北中学校"@ja	<http://www.wikidata.org/entity/Q55521176>	"日本の中学校"@ja	<http://www.wikidata.org/entity/P131>	"位置する行政区画"@ja	<https://ja.wikipedia.org/wiki/%E5%9B%9B%E8%A1%97%E9%81%93%E5%B8%82%E7%AB%8B%E5%9B%9B%E8%A1%97%E9%81%93%E5%8C%97%E4%B8%AD%E5%AD%A6%E6%A0%A1>
<http://www.wikidata.org/entity/Q11420112>	"四街道市立四街道北中学校"@ja	<http://www.wikidata.org/entity/Q55521176>	"日本の中学校"@ja	<http://www.wikidata.org/entity/P126>	"管理者"@ja	<https://ja.wikipedia.org/wiki/%E5%9B%9B%E8%A1%97%E9%81%93%E5%B8%82%E7%AB%8B%E5%9B%9B%E8%A1%97%E9%81%93%E5%8C%97%E4%B8%AD%E5%AD%A6%E6%A0%A1>
<http://www.wikidata.org/entity/Q11420113>	"四街道市立四街道小学校"@ja	<http://www.wikidata.org/entity/Q5358913>	"日本の小学校"@ja	<http://www.wikidata.org/entity/P131>	"位置する行政区画"@ja	<https://ja.wikipedia.org/wiki/%E5%9B%9B%E8%A1%97%E9%81%93%E5%B8%82%E7%AB%8B%E5%9B%9B%E8%A1%97%E9%81%93%E5%B0%8F%E5%AD%A6%E6%A0%A1>
<http://www.wikidata.org/entity/Q11420113>	"四街道市立四街道小学校"@ja	<http://www.wikidata.org/entity/Q5358913>	"日本の小学校"@ja	<http://www.wikidata.org/entity/P126>	"管理者"@ja	<https://ja.wikipedia.org/wiki/%E5%9B%9B%E8%A1%97%E9%81%93%E5%B8%82%E7%AB%8B%E5%9B%9B%E8%A1%97%E9%81%93%E5%B0%8F%E5%AD%A6%E6%A0%A1>
<http://www.wikidata.org/entity/Q11493484>	"愛国学園大学附属四街道高等学校"@ja	<http://www.wikidata.org/entity/Q56351315>	"日本の高等学校"@ja	<http://www.wikidata.org/entity/P131>	"位置する行政区画"@ja	<https://ja.wikipedia.org/wiki/%E6%84%9B%E5%9B%BD%E5%AD%A6%E5%9C%92%E5%A4%A7%E5%AD%A6%E9%99%84%E5%B1%9E%E5%9B%9B%E8%A1%97%E9%81%93%E9%AB%98%E7%AD%89%E5%AD%A6%E6%A0%A1>
<http://www.wikidata.org/entity/Q11511797>	"旭村"@ja	<http://www.wikidata.org/entity/Q18663566>	"日本の廃止市区町村"@ja	<http://www.wikidata.org/entity/P3842>	"位置する現在の行政区画"@ja	<https://ja.wikipedia.org/wiki/%E6%97%AD%E6%9D%91_(%E5%8D%83%E8%91%89%E7%9C%8C%E5%8D%B0%E6%97%9B%E9%83%A1)>
<http://www.wikidata.org/entity/Q11511797>	"旭村"@ja	<http://www.wikidata.org/entity/Q18663566>	"日本の廃止市区町村"@ja	<http://www.wikidata.org/entity/P1366>	"後継"@ja	<https://ja.wikipedia.org/wiki/%E6%97%AD%E6%9D%91_(%E5%8D%83%E8%91%89%E7%9C%8C%E5%8D%B0%E6%97%9B%E9%83%A1)>
<http://www.wikidata.org/entity/Q11518656>	"木村一基"@ja	<http://www.wikidata.org/entity/Q5>	"ヒト"@ja	<http://www.wikidata.org/entity/P19>	"出生地"@ja	<https://ja.wikipedia.org/wiki/%E6%9C%A8%E6%9D%91%E4%B8%80%E5%9F%BA>
<http://www.wikidata.org/entity/Q11528637>	"東鉄工業作業員宿舎放火殺人事件"@ja	<http://www.wikidata.org/entity/Q2223653>	"テロ攻撃"@ja	<http://www.wikidata.org/entity/P276>	"場所"@ja	<https://ja.wikipedia.org/wiki/%E6%9D%B1%E9%89%84%E5%B7%A5%E6%A5%AD%E4%BD%9C%E6%A5%AD%E5%93%A1%E5%AE%BF%E8%88%8E%E6%94%BE%E7%81%AB%E6%AE%BA%E4%BA%BA%E4%BA%8B%E4%BB%B6>
<http://www.wikidata.org/entity/Q11528637>	"東鉄工業作業員宿舎放火殺人事件"@ja	<http://www.wikidata.org/entity/Q897797>	"放火テロ事件"@ja	<http://www.wikidata.org/entity/P276>	"場所"@ja	<https://ja.wikipedia.org/wiki/%E6%9D%B1%E9%89%84%E5%B7%A5%E6%A5%AD%E4%BD%9C%E6%A5%AD%E5%93%A1%E5%AE%BF%E8%88%8E%E6%94%BE%E7%81%AB%E6%AE%BA%E4%BA%BA%E4%BA%8B%E4%BB%B6>
<http://www.wikidata.org/entity/Q11538790>	"梶トマト"@ja	<http://www.wikidata.org/entity/Q5>	"ヒト"@ja	<http://www.wikidata.org/entity/P19>	"出生地"@ja	<https://ja.wikipedia.org/wiki/%E6%A2%B6%E3%83%88%E3%83%9E%E3%83%88>
<http://www.wikidata.org/entity/Q11568944>	"熊野神社"@ja	<http://www.wikidata.org/entity/Q845945>	"神社"@ja	<http://www.wikidata.org/entity/P131>	"位置する行政区画"@ja	<https://ja.wikipedia.org/wiki/%E7%86%8A%E9%87%8E%E7%A5%9E%E7%A4%BE_(%E5%9B%9B%E8%A1%97%E9%81%93%E5%B8%82%E4%BA%80%E5%B4%8E)>
<http://www.wikidata.org/entity/Q11568945>	"熊野神社"@ja	<http://www.wikidata.org/entity/Q845945>	"神社"@ja	<http://www.wikidata.org/entity/P131>	"位置する行政区画"@ja	<https://ja.wikipedia.org/wiki/%E7%86%8A%E9%87%8E%E7%A5%9E%E7%A4%BE_(%E5%9B%9B%E8%A1%97%E9%81%93%E5%B8%82%E5%86%85%E9%BB%92%E7%94%B0)>
<http://www.wikidata.org/entity/Q11615733>	"花香よしあき"@ja	<http://www.wikidata.org/entity/Q5>	"ヒト"@ja	<http://www.wikidata.org/entity/P19>	"出生地"@ja	<https://ja.wikipedia.org/wiki/%E8%8A%B1%E9%A6%99%E3%82%88%E3%81%97%E3%81%82%E3%81%8D>
<http://www.wikidata.org/entity/Q11653861>	"長谷川朝晴"@ja	<http://www.wikidata.org/entity/Q5>	"ヒト"@ja	<http://www.wikidata.org/entity/P19>	"出生地"@ja	<https://ja.wikipedia.org/wiki/%E9%95%B7%E8%B0%B7%E5%B7%9D%E6%9C%9D%E6%99%B4>
<http://www.wikidata.org/entity/Q11664738>	"須藤浩"@ja	<http://www.wikidata.org/entity/Q5>	"ヒト"@ja	<http://www.wikidata.org/entity/P19>	"出生地"@ja	<https://ja.wikipedia.org/wiki/%E9%A0%88%E8%97%A4%E6%B5%A9>
<http://www.wikidata.org/entity/Q11666208>	"飯塚悟志"@ja	<http://www.wikidata.org/entity/Q5>	"ヒト"@ja	<http://www.wikidata.org/entity/P19>	"出生地"@ja	<https://ja.wikipedia.org/wiki/%E9%A3%AF%E5%A1%9A%E6%82%9F%E5%BF%97>
<http://www.wikidata.org/entity/Q18460483>	"高橋倫佑"@ja	<http://www.wikidata.org/entity/Q5>	"ヒト"@ja	<http://www.wikidata.org/entity/P19>	"出生地"@ja	<https://ja.wikipedia.org/wiki/%E9%AB%98%E6%A9%8B%E5%80%AB%E4%BD%91>
<http://www.wikidata.org/entity/Q59779611>	"石橋康太"@ja	<http://www.wikidata.org/entity/Q5>	"ヒト"@ja	<http://www.wikidata.org/entity/P19>	"出生地"@ja	<https://ja.wikipedia.org/wiki/%E7%9F%B3%E6%A9%8B%E5%BA%B7%E5%A4%AA>
<http://www.wikidata.org/entity/Q66133405>	"山中琉聖"@ja	<http://www.wikidata.org/entity/Q5>	"ヒト"@ja	<http://www.wikidata.org/entity/P551>	"居住地"@ja	<https://ja.wikipedia.org/wiki/%E5%B1%B1%E4%B8%AD%E7%90%89%E8%81%96>
<http://www.wikidata.org/entity/Q66133405>	"山中琉聖"@ja	<http://www.wikidata.org/entity/Q5>	"ヒト"@ja	<http://www.wikidata.org/entity/P19>	"出生地"@ja	<https://ja.wikipedia.org/wiki/%E5%B1%B1%E4%B8%AD%E7%90%89%E8%81%96>
<http://www.wikidata.org/entity/Q109597402>	"四街道市議会"@ja	<http://www.wikidata.org/entity/Q3154693>	"市町村議会"@ja	<http://www.wikidata.org/entity/P131>	"位置する行政区画"@ja	<https://ja.wikipedia.org/wiki/%E5%9B%9B%E8%A1%97%E9%81%93%E5%B8%82%E8%AD%B0%E4%BC%9A>
<http://www.wikidata.org/entity/Q111166294>	"鹿渡"@ja	<http://www.wikidata.org/entity/Q424857>	"大字"@ja	<http://www.wikidata.org/entity/P131>	"位置する行政区画"@ja	<https://ja.wikipedia.org/wiki/%E9%B9%BF%E6%B8%A1_(%E5%9B%9B%E8%A1%97%E9%81%93%E5%B8%82)>
<http://www.wikidata.org/entity/Q498011>	"佐倉市"@ja	<http://www.wikidata.org/entity/Q1549591>	"10万都市"@ja	<http://www.wikidata.org/entity/P47>	"隣の国又は行政区画"@ja	<https://ja.wikipedia.org/wiki/%E4%BD%90%E5%80%89%E5%B8%82>
<http://www.wikidata.org/entity/Q498011>	"佐倉市"@ja	<http://www.wikidata.org/entity/Q494721>	"日本の市"@ja	<http://www.wikidata.org/entity/P47>	"隣の国又は行政区画"@ja	<https://ja.wikipedia.org/wiki/%E4%BD%90%E5%80%89%E5%B8%82>
<http://www.wikidata.org/entity/Q855484>	"国道51号"@ja	<http://www.wikidata.org/entity/Q34442>	"道路"@ja	<http://www.wikidata.org/entity/P1302>	"主な経由都市"@ja	<https://ja.wikipedia.org/wiki/%E5%9B%BD%E9%81%9351%E5%8F%B7>
<http://www.wikidata.org/entity/Q864875>	"東関東自動車道"@ja	<http://www.wikidata.org/entity/Q16939396>	"有料道路"@ja	<http://www.wikidata.org/entity/P131>	"位置する行政区画"@ja	<https://ja.wikipedia.org/wiki/%E6%9D%B1%E9%96%A2%E6%9D%B1%E8%87%AA%E5%8B%95%E8%BB%8A%E9%81%93>
<http://www.wikidata.org/entity/Q864875>	"東関東自動車道"@ja	<http://www.wikidata.org/entity/Q46622>	"高速道路"@ja	<http://www.wikidata.org/entity/P131>	"位置する行政区画"@ja	<https://ja.wikipedia.org/wiki/%E6%9D%B1%E9%96%A2%E6%9D%B1%E8%87%AA%E5%8B%95%E8%BB%8A%E9%81%93>
<http://www.wikidata.org/entity/Q4499282>	"太田莉菜"@ja	<http://www.wikidata.org/entity/Q5>	"ヒト"@ja	<http://www.wikidata.org/entity/P19>	"出生地"@ja	<https://ja.wikipedia.org/wiki/%E5%A4%AA%E7%94%B0%E8%8E%89%E8%8F%9C>
<http://www.wikidata.org/entity/Q4696980>	"愛国学園大学"@ja	<http://www.wikidata.org/entity/Q3918>	"大学"@ja	<http://www.wikidata.org/entity/P131>	"位置する行政区画"@ja	<https://ja.wikipedia.org/wiki/%E6%84%9B%E5%9B%BD%E5%AD%A6%E5%9C%92%E5%A4%A7%E5%AD%A6>
<http://www.wikidata.org/entity/Q6901635>	"物井駅"@ja	<http://www.wikidata.org/entity/Q55488>	"鉄道駅"@ja	<http://www.wikidata.org/entity/P131>	"位置する行政区画"@ja	<https://ja.wikipedia.org/wiki/%E7%89%A9%E4%BA%95%E9%A7%85>
<http://www.wikidata.org/entity/Q8013017>	"四街道駅"@ja	<http://www.wikidata.org/entity/Q55488>	"鉄道駅"@ja	<http://www.wikidata.org/entity/P131>	"位置する行政区画"@ja	<https://ja.wikipedia.org/wiki/%E5%9B%9B%E8%A1%97%E9%81%93%E9%A7%85>
<http://www.wikidata.org/entity/Q8977094>	"皆藤愛子"@ja	<http://www.wikidata.org/entity/Q5>	"ヒト"@ja	<http://www.wikidata.org/entity/P19>	"出生地"@ja	<https://ja.wikipedia.org/wiki/%E7%9A%86%E8%97%A4%E6%84%9B%E5%AD%90>
<http://www.wikidata.org/entity/Q9379332>	"Category:四街道市"@ja	<http://www.wikidata.org/entity/Q4167836>	"ウィキメディアのカテゴリ"@ja	<http://www.wikidata.org/entity/P301>	"カテゴリの中心主題"@ja	<https://ja.wikipedia.org/wiki/Category:%E5%9B%9B%E8%A1%97%E9%81%93%E5%B8%82>
<http://www.wikidata.org/entity/Q10925317>	"四街道インターチェンジ"@ja	<http://www.wikidata.org/entity/Q2376564>	"インターチェンジ"@ja	<http://www.wikidata.org/entity/P131>	"位置する行政区画"@ja	<https://ja.wikipedia.org/wiki/%E5%9B%9B%E8%A1%97%E9%81%93%E3%82%A4%E3%83%B3%E3%82%BF%E3%83%BC%E3%83%81%E3%82%A7%E3%83%B3%E3%82%B8>
<http://www.wikidata.org/entity/Q11341047>	"マリカ (お笑い芸人)"@ja	<http://www.wikidata.org/entity/Q5>	"ヒト"@ja	<http://www.wikidata.org/entity/P19>	"出生地"@ja	<https://ja.wikipedia.org/wiki/%E3%83%9E%E3%83%AA%E3%82%AB_(%E3%81%8A%E7%AC%91%E3%81%84%E8%8A%B8%E4%BA%BA)>
<http://www.wikidata.org/entity/Q11363105>	"中原めいこ"@ja	<http://www.wikidata.org/entity/Q5>	"ヒト"@ja	<http://www.wikidata.org/entity/P19>	"出生地"@ja	<https://ja.wikipedia.org/wiki/%E4%B8%AD%E5%8E%9F%E3%82%81%E3%81%84%E3%81%93>
<http://www.wikidata.org/entity/Q11405319>	"千代田町"@ja	<http://www.wikidata.org/entity/Q18663566>	"日本の廃止市区町村"@ja	<http://www.wikidata.org/entity/P3842>	"位置する現在の行政区画"@ja	<https://ja.wikipedia.org/wiki/%E5%8D%83%E4%BB%A3%E7%94%B0%E7%94%BA_(%E5%8D%83%E8%91%89%E7%9C%8C)>
<http://www.wikidata.org/entity/Q11405319>	"千代田町"@ja	<http://www.wikidata.org/entity/Q18663566>	"日本の廃止市区町村"@ja	<http://www.wikidata.org/entity/P1366>	"後継"@ja	<https://ja.wikipedia.org/wiki/%E5%8D%83%E4%BB%A3%E7%94%B0%E7%94%BA_(%E5%8D%83%E8%91%89%E7%9C%8C)>
<http://www.wikidata.org/entity/Q56437000>	"四街道市長"@ja	<http://www.wikidata.org/entity/Q4164871>	"職位"@ja	<http://www.wikidata.org/entity/P1001>	"管轄・適用区域"@ja	
<http://www.wikidata.org/entity/Q80612898>	"四街道市立旭小学校"@ja	<http://www.wikidata.org/entity/Q5358913>	"日本の小学校"@ja	<http://www.wikidata.org/entity/P131>	"位置する行政区画"@ja	
<http://www.wikidata.org/entity/Q80612898>	"四街道市立旭小学校"@ja	<http://www.wikidata.org/entity/Q5358913>	"日本の小学校"@ja	<http://www.wikidata.org/entity/P126>	"管理者"@ja	
<http://www.wikidata.org/entity/Q80612902>	"四街道市立みそら小学校"@ja	<http://www.wikidata.org/entity/Q5358913>	"日本の小学校"@ja	<http://www.wikidata.org/entity/P131>	"位置する行政区画"@ja	
<http://www.wikidata.org/entity/Q80612902>	"四街道市立みそら小学校"@ja	<http://www.wikidata.org/entity/Q5358913>	"日本の小学校"@ja	<http://www.wikidata.org/entity/P126>	"管理者"@ja	
<http://www.wikidata.org/entity/Q80612900>	"四街道市立大日小学校"@ja	<http://www.wikidata.org/entity/Q5358913>	"日本の小学校"@ja	<http://www.wikidata.org/entity/P131>	"位置する行政区画"@ja	
<http://www.wikidata.org/entity/Q80612900>	"四街道市立大日小学校"@ja	<http://www.wikidata.org/entity/Q5358913>	"日本の小学校"@ja	<http://www.wikidata.org/entity/P126>	"管理者"@ja	
<http://www.wikidata.org/entity/Q80612906>	"四街道市立八木原小学校"@ja	<http://www.wikidata.org/entity/Q5358913>	"日本の小学校"@ja	<http://www.wikidata.org/entity/P131>	"位置する行政区画"@ja	
<http://www.wikidata.org/entity/Q80612906>	"四街道市立八木原小学校"@ja	<http://www.wikidata.org/entity/Q5358913>	"日本の小学校"@ja	<http://www.wikidata.org/entity/P126>	"管理者"@ja	
<http://www.wikidata.org/entity/Q80612904>	"四街道市立南小学校"@ja	<http://www.wikidata.org/entity/Q5358913>	"日本の小学校"@ja	<http://www.wikidata.org/entity/P131>	"位置する行政区画"@ja	
<http://www.wikidata.org/entity/Q80612904>	"四街道市立南小学校"@ja	<http://www.wikidata.org/entity/Q5358913>	"日本の小学校"@ja	<http://www.wikidata.org/entity/P126>	"管理者"@ja	
<http://www.wikidata.org/entity/Q80612910>	"四街道市立吉岡小学校"@ja	<http://www.wikidata.org/entity/Q5358913>	"日本の小学校"@ja	<http://www.wikidata.org/entity/P131>	"位置する行政区画"@ja	
<http://www.wikidata.org/entity/Q80612910>	"四街道市立吉岡小学校"@ja	<http://www.wikidata.org/entity/Q5358913>	"日本の小学校"@ja	<http://www.wikidata.org/entity/P126>	"管理者"@ja	
<http://www.wikidata.org/entity/Q80612908>	"四街道市立山梨小学校"@ja	<http://www.wikidata.org/entity/Q5358913>	"日本の小学校"@ja	<http://www.wikidata.org/entity/P131>	"位置する行政区画"@ja	
<http://www.wikidata.org/entity/Q80612908>	"四街道市立山梨小学校"@ja	<http://www.wikidata.org/entity/Q5358913>	"日本の小学校"@ja	<http://www.wikidata.org/entity/P126>	"管理者"@ja	
<http://www.wikidata.org/entity/Q80612914>	"四街道市立和良比小学校"@ja	<http://www.wikidata.org/entity/Q5358913>	"日本の小学校"@ja	<http://www.wikidata.org/entity/P131>	"位置する行政区画"@ja	
<http://www.wikidata.org/entity/Q80612914>	"四街道市立和良比小学校"@ja	<http://www.wikidata.org/entity/Q5358913>	"日本の小学校"@ja	<http://www.wikidata.org/entity/P126>	"管理者"@ja	
<http://www.wikidata.org/entity/Q80612912>	"四街道市立四和小学校"@ja	<http://www.wikidata.org/entity/Q5358913>	"日本の小学校"@ja	<http://www.wikidata.org/entity/P131>	"位置する行政区画"@ja	
<http://www.wikidata.org/entity/Q80612912>	"四街道市立四和小学校"@ja	<http://www.wikidata.org/entity/Q5358913>	"日本の小学校"@ja	<http://www.wikidata.org/entity/P126>	"管理者"@ja	
<http://www.wikidata.org/entity/Q80612918>	"四街道市立千代田中学校"@ja	<http://www.wikidata.org/entity/Q55521176>	"日本の中学校"@ja	<http://www.wikidata.org/entity/P131>	"位置する行政区画"@ja	
<http://www.wikidata.org/entity/Q80612918>	"四街道市立千代田中学校"@ja	<http://www.wikidata.org/entity/Q55521176>	"日本の中学校"@ja	<http://www.wikidata.org/entity/P126>	"管理者"@ja	
<http://www.wikidata.org/entity/Q80612916>	"四街道市立旭中学校"@ja	<http://www.wikidata.org/entity/Q55521176>	"日本の中学校"@ja	<http://www.wikidata.org/entity/P131>	"位置する行政区画"@ja	
<http://www.wikidata.org/entity/Q80612916>	"四街道市立旭中学校"@ja	<http://www.wikidata.org/entity/Q55521176>	"日本の中学校"@ja	<http://www.wikidata.org/entity/P126>	"管理者"@ja	
<http://www.wikidata.org/entity/Q80612920>	"四街道市立四街道西中学校"@ja	<http://www.wikidata.org/entity/Q55521176>	"日本の中学校"@ja	<http://www.wikidata.org/entity/P131>	"位置する行政区画"@ja	
<http://www.wikidata.org/entity/Q80612920>	"四街道市立四街道西中学校"@ja	<http://www.wikidata.org/entity/Q55521176>	"日本の中学校"@ja	<http://www.wikidata.org/entity/P126>	"管理者"@ja	
<http://www.wikidata.org/entity/Q86333572>	"Q86333572"	<http://www.wikidata.org/entity/Q4167836>	"ウィキメディアのカテゴリ"@ja	<http://www.wikidata.org/entity/P971>	"以下の組み合わせカテゴリ"@ja	
<http://www.wikidata.org/entity/Q107285806>	"千葉都市圏"@ja	<http://www.wikidata.org/entity/Q1907114>	"都市圏"@ja	<http://www.wikidata.org/entity/P527>	"以下を含む"@ja	
<http://www.wikidata.org/entity/Q107285806>	"千葉都市圏"@ja	<http://www.wikidata.org/entity/Q486972>	"集落"@ja	<http://www.wikidata.org/entity/P527>	"以下を含む"@ja	
<http://www.wikidata.org/entity/Q108809870>	"四街道駅ビル"@ja	<http://www.wikidata.org/entity/Q1339195>	"駅ビル"@ja	<http://www.wikidata.org/entity/P131>	"位置する行政区画"@ja	
