?s	?sLabel	?type	?typeLabel	?prop	?propLabel	?jwiki
<http://www.wikidata.org/entity/Q139752>	"川俣正"@ja	<http://www.wikidata.org/entity/Q5>	"ヒト"@ja	<http://www.wikidata.org/entity/P19>	"出生地"@ja	<https://ja.wikipedia.org/wiki/%E5%B7%9D%E4%BF%A3%E6%AD%A3>
<http://www.wikidata.org/entity/Q502455>	"大和屋竺"@ja	<http://www.wikidata.org/entity/Q5>	"ヒト"@ja	<http://www.wikidata.org/entity/P19>	"出生地"@ja	<https://ja.wikipedia.org/wiki/%E5%A4%A7%E5%92%8C%E5%B1%8B%E7%AB%BA>
<http://www.wikidata.org/entity/Q637145>	"夕張市"@ja	<http://www.wikidata.org/entity/Q494721>	"日本の市"@ja	<http://www.wikidata.org/entity/P47>	"隣の国又は行政区画"@ja	<https://ja.wikipedia.org/wiki/%E5%A4%95%E5%BC%B5%E5%B8%82>
<http://www.wikidata.org/entity/Q693264>	"岩見沢市"@ja	<http://www.wikidata.org/entity/Q494721>	"日本の市"@ja	<http://www.wikidata.org/entity/P47>	"隣の国又は行政区画"@ja	<https://ja.wikipedia.org/wiki/%E5%B2%A9%E8%A6%8B%E6%B2%A2%E5%B8%82>
<http://www.wikidata.org/entity/Q725311>	"芦別市"@ja	<http://www.wikidata.org/entity/Q494721>	"日本の市"@ja	<http://www.wikidata.org/entity/P47>	"隣の国又は行政区画"@ja	<https://ja.wikipedia.org/wiki/%E8%8A%A6%E5%88%A5%E5%B8%82>
<http://www.wikidata.org/entity/Q817271>	"美唄市"@ja	<http://www.wikidata.org/entity/Q494721>	"日本の市"@ja	<http://www.wikidata.org/entity/P47>	"隣の国又は行政区画"@ja	<https://ja.wikipedia.org/wiki/%E7%BE%8E%E5%94%84%E5%B8%82>
<http://www.wikidata.org/entity/Q867982>	"道央自動車道"@ja	<http://www.wikidata.org/entity/Q16939396>	"有料道路"@ja	<http://www.wikidata.org/entity/P131>	"位置する行政区画"@ja	<https://ja.wikipedia.org/wiki/%E9%81%93%E5%A4%AE%E8%87%AA%E5%8B%95%E8%BB%8A%E9%81%93>
<http://www.wikidata.org/entity/Q867982>	"道央自動車道"@ja	<http://www.wikidata.org/entity/Q46622>	"高速道路"@ja	<http://www.wikidata.org/entity/P131>	"位置する行政区画"@ja	<https://ja.wikipedia.org/wiki/%E9%81%93%E5%A4%AE%E8%87%AA%E5%8B%95%E8%BB%8A%E9%81%93>
<http://www.wikidata.org/entity/Q873885>	"小日向文世"@ja	<http://www.wikidata.org/entity/Q5>	"ヒト"@ja	<http://www.wikidata.org/entity/P19>	"出生地"@ja	<https://ja.wikipedia.org/wiki/%E5%B0%8F%E6%97%A5%E5%90%91%E6%96%87%E4%B8%96>
<http://www.wikidata.org/entity/Q30698253>	"Q30698253"	<http://www.wikidata.org/entity/Q4167836>	"ウィキメディアのカテゴリ"@ja	<http://www.wikidata.org/entity/P971>	"以下の組み合わせカテゴリ"@ja	
<http://www.wikidata.org/entity/Q56435929>	"三笠市長"@ja	<http://www.wikidata.org/entity/Q4164871>	"職位"@ja	<http://www.wikidata.org/entity/P1001>	"管轄・適用区域"@ja	
<http://www.wikidata.org/entity/Q115156722>	"三笠市立三笠小学校"@ja	<http://www.wikidata.org/entity/Q5358913>	"日本の小学校"@ja	<http://www.wikidata.org/entity/P131>	"位置する行政区画"@ja	
<http://www.wikidata.org/entity/Q4230924>	"今野敏"@ja	<http://www.wikidata.org/entity/Q5>	"ヒト"@ja	<http://www.wikidata.org/entity/P19>	"出生地"@ja	<https://ja.wikipedia.org/wiki/%E4%BB%8A%E9%87%8E%E6%95%8F>
<http://www.wikidata.org/entity/Q4571295>	"幌内炭鉱"@ja	<http://www.wikidata.org/entity/Q820477>	"鉱山"@ja	<http://www.wikidata.org/entity/P131>	"位置する行政区画"@ja	<https://ja.wikipedia.org/wiki/%E5%B9%8C%E5%86%85%E7%82%AD%E9%89%B1>
<http://www.wikidata.org/entity/Q5509473>	"富良野芦別道立自然公園"@ja	<http://www.wikidata.org/entity/Q11643861>	"都道府県立自然公園"@ja	<http://www.wikidata.org/entity/P131>	"位置する行政区画"@ja	<https://ja.wikipedia.org/wiki/%E5%AF%8C%E8%89%AF%E9%87%8E%E8%8A%A6%E5%88%A5%E9%81%93%E7%AB%8B%E8%87%AA%E7%84%B6%E5%85%AC%E5%9C%92>
<http://www.wikidata.org/entity/Q5509473>	"富良野芦別道立自然公園"@ja	<http://www.wikidata.org/entity/Q22698>	"公園"@ja	<http://www.wikidata.org/entity/P131>	"位置する行政区画"@ja	<https://ja.wikipedia.org/wiki/%E5%AF%8C%E8%89%AF%E9%87%8E%E8%8A%A6%E5%88%A5%E9%81%93%E7%AB%8B%E8%87%AA%E7%84%B6%E5%85%AC%E5%9C%92>
<http://www.wikidata.org/entity/Q9541114>	"Category:三笠市"@ja	<http://www.wikidata.org/entity/Q4167836>	"ウィキメディアのカテゴリ"@ja	<http://www.wikidata.org/entity/P301>	"カテゴリの中心主題"@ja	<https://ja.wikipedia.org/wiki/Category:%E4%B8%89%E7%AC%A0%E5%B8%82>
<http://www.wikidata.org/entity/Q10866568>	"三笠インターチェンジ"@ja	<http://www.wikidata.org/entity/Q2376564>	"インターチェンジ"@ja	<http://www.wikidata.org/entity/P131>	"位置する行政区画"@ja	<https://ja.wikipedia.org/wiki/%E4%B8%89%E7%AC%A0%E3%82%A4%E3%83%B3%E3%82%BF%E3%83%BC%E3%83%81%E3%82%A7%E3%83%B3%E3%82%B8>
<http://www.wikidata.org/entity/Q11356913>	"三笠市立博物館"@ja	<http://www.wikidata.org/entity/Q33506>	"博物館"@ja	<http://www.wikidata.org/entity/P131>	"位置する行政区画"@ja	<https://ja.wikipedia.org/wiki/%E4%B8%89%E7%AC%A0%E5%B8%82%E7%AB%8B%E5%8D%9A%E7%89%A9%E9%A4%A8>
<http://www.wikidata.org/entity/Q11356924>	"三笠鉄道記念館"@ja	<http://www.wikidata.org/entity/Q33506>	"博物館"@ja	<http://www.wikidata.org/entity/P131>	"位置する行政区画"@ja	<https://ja.wikipedia.org/wiki/%E4%B8%89%E7%AC%A0%E9%89%84%E9%81%93%E8%A8%98%E5%BF%B5%E9%A4%A8>
<http://www.wikidata.org/entity/Q11402508>	"北海道三笠高等学校"@ja	<http://www.wikidata.org/entity/Q56351315>	"日本の高等学校"@ja	<http://www.wikidata.org/entity/P131>	"位置する行政区画"@ja	<https://ja.wikipedia.org/wiki/%E5%8C%97%E6%B5%B7%E9%81%93%E4%B8%89%E7%AC%A0%E9%AB%98%E7%AD%89%E5%AD%A6%E6%A0%A1>
<http://www.wikidata.org/entity/Q11402508>	"北海道三笠高等学校"@ja	<http://www.wikidata.org/entity/Q56351315>	"日本の高等学校"@ja	<http://www.wikidata.org/entity/P126>	"管理者"@ja	<https://ja.wikipedia.org/wiki/%E5%8C%97%E6%B5%B7%E9%81%93%E4%B8%89%E7%AC%A0%E9%AB%98%E7%AD%89%E5%AD%A6%E6%A0%A1>
<http://www.wikidata.org/entity/Q11403138>	"北海道道1129号"@ja	<http://www.wikidata.org/entity/Q34442>	"道路"@ja	<http://www.wikidata.org/entity/P609>	"起終点"@ja	<https://ja.wikipedia.org/wiki/%E5%8C%97%E6%B5%B7%E9%81%93%E9%81%931129%E5%8F%B7%E4%B8%89%E7%AC%A0%E6%A0%97%E6%B2%A2%E7%B7%9A>
<http://www.wikidata.org/entity/Q11403138>	"北海道道1129号"@ja	<http://www.wikidata.org/entity/Q34442>	"道路"@ja	<http://www.wikidata.org/entity/P131>	"位置する行政区画"@ja	<https://ja.wikipedia.org/wiki/%E5%8C%97%E6%B5%B7%E9%81%93%E9%81%931129%E5%8F%B7%E4%B8%89%E7%AC%A0%E6%A0%97%E6%B2%A2%E7%B7%9A>
<http://www.wikidata.org/entity/Q11403148>	"北海道道1140号"@ja	<http://www.wikidata.org/entity/Q34442>	"道路"@ja	<http://www.wikidata.org/entity/P609>	"起終点"@ja	<https://ja.wikipedia.org/wiki/%E5%8C%97%E6%B5%B7%E9%81%93%E9%81%931140%E5%8F%B7%E7%BE%8E%E5%94%84%E4%B8%89%E7%AC%A0%E7%B7%9A>
<http://www.wikidata.org/entity/Q11403148>	"北海道道1140号"@ja	<http://www.wikidata.org/entity/Q34442>	"道路"@ja	<http://www.wikidata.org/entity/P131>	"位置する行政区画"@ja	<https://ja.wikipedia.org/wiki/%E5%8C%97%E6%B5%B7%E9%81%93%E9%81%931140%E5%8F%B7%E7%BE%8E%E5%94%84%E4%B8%89%E7%AC%A0%E7%B7%9A>
<http://www.wikidata.org/entity/Q11403170>	"北海道道116号"@ja	<http://www.wikidata.org/entity/Q34442>	"道路"@ja	<http://www.wikidata.org/entity/P609>	"起終点"@ja	<https://ja.wikipedia.org/wiki/%E5%8C%97%E6%B5%B7%E9%81%93%E9%81%93116%E5%8F%B7%E5%B2%A9%E8%A6%8B%E6%B2%A2%E4%B8%89%E7%AC%A0%E7%B7%9A>
<http://www.wikidata.org/entity/Q11403170>	"北海道道116号"@ja	<http://www.wikidata.org/entity/Q34442>	"道路"@ja	<http://www.wikidata.org/entity/P131>	"位置する行政区画"@ja	<https://ja.wikipedia.org/wiki/%E5%8C%97%E6%B5%B7%E9%81%93%E9%81%93116%E5%8F%B7%E5%B2%A9%E8%A6%8B%E6%B2%A2%E4%B8%89%E7%AC%A0%E7%B7%9A>
<http://www.wikidata.org/entity/Q11403280>	"北海道道30号"@ja	<http://www.wikidata.org/entity/Q34442>	"道路"@ja	<http://www.wikidata.org/entity/P609>	"起終点"@ja	<https://ja.wikipedia.org/wiki/%E5%8C%97%E6%B5%B7%E9%81%93%E9%81%9330%E5%8F%B7%E4%B8%89%E7%AC%A0%E6%A0%97%E5%B1%B1%E7%B7%9A>
<http://www.wikidata.org/entity/Q11403280>	"北海道道30号"@ja	<http://www.wikidata.org/entity/Q34442>	"道路"@ja	<http://www.wikidata.org/entity/P131>	"位置する行政区画"@ja	<https://ja.wikipedia.org/wiki/%E5%8C%97%E6%B5%B7%E9%81%93%E9%81%9330%E5%8F%B7%E4%B8%89%E7%AC%A0%E6%A0%97%E5%B1%B1%E7%B7%9A>
<http://www.wikidata.org/entity/Q11403631>	"北海道道917号"@ja	<http://www.wikidata.org/entity/Q34442>	"道路"@ja	<http://www.wikidata.org/entity/P609>	"起終点"@ja	<https://ja.wikipedia.org/wiki/%E5%8C%97%E6%B5%B7%E9%81%93%E9%81%93917%E5%8F%B7%E5%B2%A9%E8%A6%8B%E6%B2%A2%E6%A1%82%E6%B2%A2%E7%B7%9A>
<http://www.wikidata.org/entity/Q11403631>	"北海道道917号"@ja	<http://www.wikidata.org/entity/Q34442>	"道路"@ja	<http://www.wikidata.org/entity/P131>	"位置する行政区画"@ja	<https://ja.wikipedia.org/wiki/%E5%8C%97%E6%B5%B7%E9%81%93%E9%81%93917%E5%8F%B7%E5%B2%A9%E8%A6%8B%E6%B2%A2%E6%A1%82%E6%B2%A2%E7%B7%9A>
<http://www.wikidata.org/entity/Q11487477>	"弥生駅"@ja	<http://www.wikidata.org/entity/Q4663385>	"かつての鉄道駅"@ja	<http://www.wikidata.org/entity/P131>	"位置する行政区画"@ja	<https://ja.wikipedia.org/wiki/%E5%BC%A5%E7%94%9F%E9%A7%85_(%E5%8C%97%E6%B5%B7%E9%81%93)>
<http://www.wikidata.org/entity/Q11487477>	"弥生駅"@ja	<http://www.wikidata.org/entity/Q55488>	"鉄道駅"@ja	<http://www.wikidata.org/entity/P131>	"位置する行政区画"@ja	<https://ja.wikipedia.org/wiki/%E5%BC%A5%E7%94%9F%E9%A7%85_(%E5%8C%97%E6%B5%B7%E9%81%93)>
<http://www.wikidata.org/entity/Q11521489>	"札幌運転免許試験場"@ja	<http://www.wikidata.org/entity/Q11640472>	"運転免許試験場"@ja	<http://www.wikidata.org/entity/P1001>	"管轄・適用区域"@ja	<https://ja.wikipedia.org/wiki/%E6%9C%AD%E5%B9%8C%E9%81%8B%E8%BB%A2%E5%85%8D%E8%A8%B1%E8%A9%A6%E9%A8%93%E5%A0%B4>
<http://www.wikidata.org/entity/Q11581903>	"相原久美子"@ja	<http://www.wikidata.org/entity/Q5>	"ヒト"@ja	<http://www.wikidata.org/entity/P19>	"出生地"@ja	<https://ja.wikipedia.org/wiki/%E7%9B%B8%E5%8E%9F%E4%B9%85%E7%BE%8E%E5%AD%90>
<http://www.wikidata.org/entity/Q11627705>	"西尚美"@ja	<http://www.wikidata.org/entity/Q5>	"ヒト"@ja	<http://www.wikidata.org/entity/P19>	"出生地"@ja	<https://ja.wikipedia.org/wiki/%E8%A5%BF%E5%B0%9A%E7%BE%8E>
<http://www.wikidata.org/entity/Q11641109>	"道の駅三笠"@ja	<http://www.wikidata.org/entity/Q1187691>	"道の駅"@ja	<http://www.wikidata.org/entity/P131>	"位置する行政区画"@ja	<https://ja.wikipedia.org/wiki/%E9%81%93%E3%81%AE%E9%A7%85%E4%B8%89%E7%AC%A0>
<http://www.wikidata.org/entity/Q17192806>	"イオン三笠ショッピングセンター"@ja	<http://www.wikidata.org/entity/Q331814>	"スーパーセンター"@ja	<http://www.wikidata.org/entity/P131>	"位置する行政区画"@ja	<https://ja.wikipedia.org/wiki/%E3%82%A4%E3%82%AA%E3%83%B3%E4%B8%89%E7%AC%A0%E3%82%B7%E3%83%A7%E3%83%83%E3%83%94%E3%83%B3%E3%82%B0%E3%82%BB%E3%83%B3%E3%82%BF%E3%83%BC>
<http://www.wikidata.org/entity/Q17209161>	"松野哲"@ja	<http://www.wikidata.org/entity/Q5>	"ヒト"@ja	<http://www.wikidata.org/entity/P19>	"出生地"@ja	<https://ja.wikipedia.org/wiki/%E6%9D%BE%E9%87%8E%E5%93%B2>
<http://www.wikidata.org/entity/Q17215213>	"野口伸"@ja	<http://www.wikidata.org/entity/Q5>	"ヒト"@ja	<http://www.wikidata.org/entity/P19>	"出生地"@ja	<https://ja.wikipedia.org/wiki/%E9%87%8E%E5%8F%A3%E4%BC%B8>
<http://www.wikidata.org/entity/Q21654750>	"三笠市立三笠中学校"@ja	<http://www.wikidata.org/entity/Q55521176>	"日本の中学校"@ja	<http://www.wikidata.org/entity/P131>	"位置する行政区画"@ja	<https://ja.wikipedia.org/wiki/%E4%B8%89%E7%AC%A0%E5%B8%82%E7%AB%8B%E4%B8%89%E7%AC%A0%E4%B8%AD%E5%AD%A6%E6%A0%A1>
<http://www.wikidata.org/entity/Q21654750>	"三笠市立三笠中学校"@ja	<http://www.wikidata.org/entity/Q55521176>	"日本の中学校"@ja	<http://www.wikidata.org/entity/P126>	"管理者"@ja	<https://ja.wikipedia.org/wiki/%E4%B8%89%E7%AC%A0%E5%B8%82%E7%AB%8B%E4%B8%89%E7%AC%A0%E4%B8%AD%E5%AD%A6%E6%A0%A1>
<http://www.wikidata.org/entity/Q21701416>	"原田裕"@ja	<http://www.wikidata.org/entity/Q5>	"ヒト"@ja	<http://www.wikidata.org/entity/P19>	"出生地"@ja	<https://ja.wikipedia.org/wiki/%E5%8E%9F%E7%94%B0%E8%A3%95_(%E6%94%BF%E6%B2%BB%E5%AE%B6)>
<http://www.wikidata.org/entity/Q57314455>	"吉岡宏高"@ja	<http://www.wikidata.org/entity/Q5>	"ヒト"@ja	<http://www.wikidata.org/entity/P19>	"出生地"@ja	<https://ja.wikipedia.org/wiki/%E5%90%89%E5%B2%A1%E5%AE%8F%E9%AB%98>
<http://www.wikidata.org/entity/Q65266190>	"市立三笠総合病院"@ja	<http://www.wikidata.org/entity/Q16917>	"病院"@ja	<http://www.wikidata.org/entity/P131>	"位置する行政区画"@ja	<https://ja.wikipedia.org/wiki/%E5%B8%82%E7%AB%8B%E4%B8%89%E7%AC%A0%E7%B7%8F%E5%90%88%E7%97%85%E9%99%A2>
<http://www.wikidata.org/entity/Q97184044>	"住友奔別炭鉱"@ja	<http://www.wikidata.org/entity/Q959309>	"炭鉱"@ja	<http://www.wikidata.org/entity/P131>	"位置する行政区画"@ja	<https://ja.wikipedia.org/wiki/%E4%BD%8F%E5%8F%8B%E5%A5%94%E5%88%A5%E7%82%AD%E9%89%B1>
<http://www.wikidata.org/entity/Q106092225>	"住永翔"@ja	<http://www.wikidata.org/entity/Q5>	"ヒト"@ja	<http://www.wikidata.org/entity/P19>	"出生地"@ja	<https://ja.wikipedia.org/wiki/%E4%BD%8F%E6%B0%B8%E7%BF%94>
