?s	?sLabel	?type	?typeLabel	?prop	?propLabel	?jwiki
<http://www.wikidata.org/entity/Q80011>	"千葉県"@ja	<http://www.wikidata.org/entity/Q50337>	"都道府県"@ja	<http://www.wikidata.org/entity/P150>	"直下の行政区画"@ja	<https://ja.wikipedia.org/wiki/%E5%8D%83%E8%91%89%E7%9C%8C>
<http://www.wikidata.org/entity/Q328651>	"八千代市"@ja	<http://www.wikidata.org/entity/Q1549591>	"10万都市"@ja	<http://www.wikidata.org/entity/P47>	"隣の国又は行政区画"@ja	<https://ja.wikipedia.org/wiki/%E5%85%AB%E5%8D%83%E4%BB%A3%E5%B8%82>
<http://www.wikidata.org/entity/Q328651>	"八千代市"@ja	<http://www.wikidata.org/entity/Q494721>	"日本の市"@ja	<http://www.wikidata.org/entity/P47>	"隣の国又は行政区画"@ja	<https://ja.wikipedia.org/wiki/%E5%85%AB%E5%8D%83%E4%BB%A3%E5%B8%82>
<http://www.wikidata.org/entity/Q387365>	"鎌ケ谷市"@ja	<http://www.wikidata.org/entity/Q1549591>	"10万都市"@ja	<http://www.wikidata.org/entity/P47>	"隣の国又は行政区画"@ja	<https://ja.wikipedia.org/wiki/%E9%8E%8C%E3%82%B1%E8%B0%B7%E5%B8%82>
<http://www.wikidata.org/entity/Q387365>	"鎌ケ谷市"@ja	<http://www.wikidata.org/entity/Q494721>	"日本の市"@ja	<http://www.wikidata.org/entity/P47>	"隣の国又は行政区画"@ja	<https://ja.wikipedia.org/wiki/%E9%8E%8C%E3%82%B1%E8%B0%B7%E5%B8%82>
<http://www.wikidata.org/entity/Q271417>	"船橋市"@ja	<http://www.wikidata.org/entity/Q1549591>	"10万都市"@ja	<http://www.wikidata.org/entity/P47>	"隣の国又は行政区画"@ja	<https://ja.wikipedia.org/wiki/%E8%88%B9%E6%A9%8B%E5%B8%82>
<http://www.wikidata.org/entity/Q271417>	"船橋市"@ja	<http://www.wikidata.org/entity/Q1137833>	"中核市"@ja	<http://www.wikidata.org/entity/P47>	"隣の国又は行政区画"@ja	<https://ja.wikipedia.org/wiki/%E8%88%B9%E6%A9%8B%E5%B8%82>
<http://www.wikidata.org/entity/Q271417>	"船橋市"@ja	<http://www.wikidata.org/entity/Q494721>	"日本の市"@ja	<http://www.wikidata.org/entity/P47>	"隣の国又は行政区画"@ja	<https://ja.wikipedia.org/wiki/%E8%88%B9%E6%A9%8B%E5%B8%82>
<http://www.wikidata.org/entity/Q319743>	"柏市"@ja	<http://www.wikidata.org/entity/Q1549591>	"10万都市"@ja	<http://www.wikidata.org/entity/P47>	"隣の国又は行政区画"@ja	<https://ja.wikipedia.org/wiki/%E6%9F%8F%E5%B8%82>
<http://www.wikidata.org/entity/Q319743>	"柏市"@ja	<http://www.wikidata.org/entity/Q1137833>	"中核市"@ja	<http://www.wikidata.org/entity/P47>	"隣の国又は行政区画"@ja	<https://ja.wikipedia.org/wiki/%E6%9F%8F%E5%B8%82>
<http://www.wikidata.org/entity/Q319743>	"柏市"@ja	<http://www.wikidata.org/entity/Q494721>	"日本の市"@ja	<http://www.wikidata.org/entity/P47>	"隣の国又は行政区画"@ja	<https://ja.wikipedia.org/wiki/%E6%9F%8F%E5%B8%82>
<http://www.wikidata.org/entity/Q637901>	"印西市"@ja	<http://www.wikidata.org/entity/Q1549591>	"10万都市"@ja	<http://www.wikidata.org/entity/P47>	"隣の国又は行政区画"@ja	<https://ja.wikipedia.org/wiki/%E5%8D%B0%E8%A5%BF%E5%B8%82>
<http://www.wikidata.org/entity/Q637901>	"印西市"@ja	<http://www.wikidata.org/entity/Q828359>	"ベッドタウン"@ja	<http://www.wikidata.org/entity/P47>	"隣の国又は行政区画"@ja	<https://ja.wikipedia.org/wiki/%E5%8D%B0%E8%A5%BF%E5%B8%82>
<http://www.wikidata.org/entity/Q637901>	"印西市"@ja	<http://www.wikidata.org/entity/Q494721>	"日本の市"@ja	<http://www.wikidata.org/entity/P47>	"隣の国又は行政区画"@ja	<https://ja.wikipedia.org/wiki/%E5%8D%B0%E8%A5%BF%E5%B8%82>
<http://www.wikidata.org/entity/Q762794>	"兵働昭弘"@ja	<http://www.wikidata.org/entity/Q5>	"ヒト"@ja	<http://www.wikidata.org/entity/P19>	"出生地"@ja	<https://ja.wikipedia.org/wiki/%E5%85%B5%E5%83%8D%E6%98%AD%E5%BC%98>
<http://www.wikidata.org/entity/Q858423>	"伊達市"@ja	<http://www.wikidata.org/entity/Q494721>	"日本の市"@ja	<http://www.wikidata.org/entity/P190>	"姉妹都市"@ja	<https://ja.wikipedia.org/wiki/%E4%BC%8A%E9%81%94%E5%B8%82_(%E7%A6%8F%E5%B3%B6%E7%9C%8C)>
<http://www.wikidata.org/entity/Q5367835>	"国道464号"@ja	<http://www.wikidata.org/entity/Q34442>	"道路"@ja	<http://www.wikidata.org/entity/P1302>	"主な経由都市"@ja	<https://ja.wikipedia.org/wiki/%E5%9B%BD%E9%81%93464%E5%8F%B7>
<http://www.wikidata.org/entity/Q5367967>	"西白井駅"@ja	<http://www.wikidata.org/entity/Q55488>	"鉄道駅"@ja	<http://www.wikidata.org/entity/P131>	"位置する行政区画"@ja	<https://ja.wikipedia.org/wiki/%E8%A5%BF%E7%99%BD%E4%BA%95%E9%A7%85>
<http://www.wikidata.org/entity/Q56437004>	"白井市長"@ja	<http://www.wikidata.org/entity/Q4164871>	"職位"@ja	<http://www.wikidata.org/entity/P1001>	"管轄・適用区域"@ja	
<http://www.wikidata.org/entity/Q61886768>	"白井市立図書館"@ja	<http://www.wikidata.org/entity/Q28564>	"公共図書館"@ja	<http://www.wikidata.org/entity/P276>	"場所"@ja	
<http://www.wikidata.org/entity/Q80618797>	"白井市立白井第二小学校"@ja	<http://www.wikidata.org/entity/Q5358913>	"日本の小学校"@ja	<http://www.wikidata.org/entity/P131>	"位置する行政区画"@ja	
<http://www.wikidata.org/entity/Q80618797>	"白井市立白井第二小学校"@ja	<http://www.wikidata.org/entity/Q5358913>	"日本の小学校"@ja	<http://www.wikidata.org/entity/P126>	"管理者"@ja	
<http://www.wikidata.org/entity/Q80618803>	"白井市立南山小学校"@ja	<http://www.wikidata.org/entity/Q5358913>	"日本の小学校"@ja	<http://www.wikidata.org/entity/P131>	"位置する行政区画"@ja	
<http://www.wikidata.org/entity/Q80618803>	"白井市立南山小学校"@ja	<http://www.wikidata.org/entity/Q5358913>	"日本の小学校"@ja	<http://www.wikidata.org/entity/P126>	"管理者"@ja	
<http://www.wikidata.org/entity/Q80618806>	"白井市立池の上小学校"@ja	<http://www.wikidata.org/entity/Q5358913>	"日本の小学校"@ja	<http://www.wikidata.org/entity/P131>	"位置する行政区画"@ja	
<http://www.wikidata.org/entity/Q80618806>	"白井市立池の上小学校"@ja	<http://www.wikidata.org/entity/Q5358913>	"日本の小学校"@ja	<http://www.wikidata.org/entity/P126>	"管理者"@ja	
<http://www.wikidata.org/entity/Q80618805>	"白井市立七次台小学校"@ja	<http://www.wikidata.org/entity/Q5358913>	"日本の小学校"@ja	<http://www.wikidata.org/entity/P131>	"位置する行政区画"@ja	
<http://www.wikidata.org/entity/Q80618805>	"白井市立七次台小学校"@ja	<http://www.wikidata.org/entity/Q5358913>	"日本の小学校"@ja	<http://www.wikidata.org/entity/P126>	"管理者"@ja	
<http://www.wikidata.org/entity/Q80618810>	"白井市立白井中学校"@ja	<http://www.wikidata.org/entity/Q55521176>	"日本の中学校"@ja	<http://www.wikidata.org/entity/P131>	"位置する行政区画"@ja	
<http://www.wikidata.org/entity/Q80618810>	"白井市立白井中学校"@ja	<http://www.wikidata.org/entity/Q55521176>	"日本の中学校"@ja	<http://www.wikidata.org/entity/P126>	"管理者"@ja	
<http://www.wikidata.org/entity/Q80618815>	"白井市立七次台中学校"@ja	<http://www.wikidata.org/entity/Q55521176>	"日本の中学校"@ja	<http://www.wikidata.org/entity/P131>	"位置する行政区画"@ja	
<http://www.wikidata.org/entity/Q80618815>	"白井市立七次台中学校"@ja	<http://www.wikidata.org/entity/Q55521176>	"日本の中学校"@ja	<http://www.wikidata.org/entity/P126>	"管理者"@ja	
<http://www.wikidata.org/entity/Q80618813>	"白井市立南山中学校"@ja	<http://www.wikidata.org/entity/Q55521176>	"日本の中学校"@ja	<http://www.wikidata.org/entity/P131>	"位置する行政区画"@ja	
<http://www.wikidata.org/entity/Q80618813>	"白井市立南山中学校"@ja	<http://www.wikidata.org/entity/Q55521176>	"日本の中学校"@ja	<http://www.wikidata.org/entity/P126>	"管理者"@ja	
<http://www.wikidata.org/entity/Q86333230>	"Q86333230"	<http://www.wikidata.org/entity/Q4167836>	"ウィキメディアのカテゴリ"@ja	<http://www.wikidata.org/entity/P971>	"以下の組み合わせカテゴリ"@ja	
<http://www.wikidata.org/entity/Q108830131>	"2019年白井市長選挙"@ja	<http://www.wikidata.org/entity/Q85811908>	"無投票選挙"@ja	<http://www.wikidata.org/entity/P1001>	"管轄・適用区域"@ja	
<http://www.wikidata.org/entity/Q108830131>	"2019年白井市長選挙"@ja	<http://www.wikidata.org/entity/Q15280243>	"首長選挙"@ja	<http://www.wikidata.org/entity/P1001>	"管轄・適用区域"@ja	
<http://www.wikidata.org/entity/Q7498913>	"白井駅"@ja	<http://www.wikidata.org/entity/Q55488>	"鉄道駅"@ja	<http://www.wikidata.org/entity/P131>	"位置する行政区画"@ja	<https://ja.wikipedia.org/wiki/%E7%99%BD%E4%BA%95%E9%A7%85>
<http://www.wikidata.org/entity/Q9379300>	"Category:白井市"@ja	<http://www.wikidata.org/entity/Q4167836>	"ウィキメディアのカテゴリ"@ja	<http://www.wikidata.org/entity/P301>	"カテゴリの中心主題"@ja	<https://ja.wikipedia.org/wiki/Category:%E7%99%BD%E4%BA%95%E5%B8%82>
<http://www.wikidata.org/entity/Q11278950>	"みたらしの池"@ja	<http://www.wikidata.org/entity/Q3253281>	"池"@ja	<http://www.wikidata.org/entity/P131>	"位置する行政区画"@ja	<https://ja.wikipedia.org/wiki/%E3%81%BF%E3%81%9F%E3%82%89%E3%81%97%E3%81%AE%E6%B1%A0>
<http://www.wikidata.org/entity/Q11338019>	"ホリ"@ja	<http://www.wikidata.org/entity/Q5>	"ヒト"@ja	<http://www.wikidata.org/entity/P19>	"出生地"@ja	<https://ja.wikipedia.org/wiki/%E3%83%9B%E3%83%AA_(%E3%82%BF%E3%83%AC%E3%83%B3%E3%83%88)>
<http://www.wikidata.org/entity/Q11363775>	"中央自動車大学校"@ja	<http://www.wikidata.org/entity/Q24898692>	"専修学校"@ja	<http://www.wikidata.org/entity/P131>	"位置する行政区画"@ja	<https://ja.wikipedia.org/wiki/%E4%B8%AD%E5%A4%AE%E8%87%AA%E5%8B%95%E8%BB%8A%E5%A4%A7%E5%AD%A6%E6%A0%A1>
<http://www.wikidata.org/entity/Q11391085>	"八幡神社 (白井市復)"@ja	<http://www.wikidata.org/entity/Q845945>	"神社"@ja	<http://www.wikidata.org/entity/P131>	"位置する行政区画"@ja	<https://ja.wikipedia.org/wiki/%E5%85%AB%E5%B9%A1%E7%A5%9E%E7%A4%BE_(%E7%99%BD%E4%BA%95%E5%B8%82%E5%BE%A9)>
<http://www.wikidata.org/entity/Q11405878>	"千葉ニュータウン"@ja	<http://www.wikidata.org/entity/Q11505677>	"日本のニュータウン"@ja	<http://www.wikidata.org/entity/P131>	"位置する行政区画"@ja	<https://ja.wikipedia.org/wiki/%E5%8D%83%E8%91%89%E3%83%8B%E3%83%A5%E3%83%BC%E3%82%BF%E3%82%A6%E3%83%B3>
<http://www.wikidata.org/entity/Q11405878>	"千葉ニュータウン"@ja	<http://www.wikidata.org/entity/Q1074523>	"計画都市"@ja	<http://www.wikidata.org/entity/P131>	"位置する行政区画"@ja	<https://ja.wikipedia.org/wiki/%E5%8D%83%E8%91%89%E3%83%8B%E3%83%A5%E3%83%BC%E3%82%BF%E3%82%A6%E3%83%B3>
<http://www.wikidata.org/entity/Q11406329>	"千葉県立白井高等学校"@ja	<http://www.wikidata.org/entity/Q56351315>	"日本の高等学校"@ja	<http://www.wikidata.org/entity/P131>	"位置する行政区画"@ja	<https://ja.wikipedia.org/wiki/%E5%8D%83%E8%91%89%E7%9C%8C%E7%AB%8B%E7%99%BD%E4%BA%95%E9%AB%98%E7%AD%89%E5%AD%A6%E6%A0%A1>
<http://www.wikidata.org/entity/Q11406431>	"千葉県道12号"@ja	<http://www.wikidata.org/entity/Q34442>	"道路"@ja	<http://www.wikidata.org/entity/P131>	"位置する行政区画"@ja	<https://ja.wikipedia.org/wiki/%E5%8D%83%E8%91%89%E7%9C%8C%E9%81%9312%E5%8F%B7%E9%8E%8C%E3%82%B1%E8%B0%B7%E6%9C%AC%E5%9F%9C%E7%B7%9A>
<http://www.wikidata.org/entity/Q11406491>	"千葉県道189号"@ja	<http://www.wikidata.org/entity/Q34442>	"道路"@ja	<http://www.wikidata.org/entity/P609>	"起終点"@ja	<https://ja.wikipedia.org/wiki/%E5%8D%83%E8%91%89%E7%9C%8C%E9%81%93189%E5%8F%B7%E5%8D%83%E8%91%89%E3%83%8B%E3%83%A5%E3%83%BC%E3%82%BF%E3%82%A6%E3%83%B3%E5%8C%97%E7%92%B0%E7%8A%B6%E7%B7%9A>
<http://www.wikidata.org/entity/Q11406491>	"千葉県道189号"@ja	<http://www.wikidata.org/entity/Q34442>	"道路"@ja	<http://www.wikidata.org/entity/P131>	"位置する行政区画"@ja	<https://ja.wikipedia.org/wiki/%E5%8D%83%E8%91%89%E7%9C%8C%E9%81%93189%E5%8F%B7%E5%8D%83%E8%91%89%E3%83%8B%E3%83%A5%E3%83%BC%E3%82%BF%E3%82%A6%E3%83%B3%E5%8C%97%E7%92%B0%E7%8A%B6%E7%B7%9A>
<http://www.wikidata.org/entity/Q11406494>	"千葉県道191号"@ja	<http://www.wikidata.org/entity/Q34442>	"道路"@ja	<http://www.wikidata.org/entity/P609>	"起終点"@ja	<https://ja.wikipedia.org/wiki/%E5%8D%83%E8%91%89%E7%9C%8C%E9%81%93191%E5%8F%B7%E8%A5%BF%E7%99%BD%E4%BA%95%E5%81%9C%E8%BB%8A%E5%A0%B4%E7%B7%9A>
<http://www.wikidata.org/entity/Q11406494>	"千葉県道191号"@ja	<http://www.wikidata.org/entity/Q34442>	"道路"@ja	<http://www.wikidata.org/entity/P131>	"位置する行政区画"@ja	<https://ja.wikipedia.org/wiki/%E5%8D%83%E8%91%89%E7%9C%8C%E9%81%93191%E5%8F%B7%E8%A5%BF%E7%99%BD%E4%BA%95%E5%81%9C%E8%BB%8A%E5%A0%B4%E7%B7%9A>
<http://www.wikidata.org/entity/Q11406495>	"千葉県道192号"@ja	<http://www.wikidata.org/entity/Q34442>	"道路"@ja	<http://www.wikidata.org/entity/P609>	"起終点"@ja	<https://ja.wikipedia.org/wiki/%E5%8D%83%E8%91%89%E7%9C%8C%E9%81%93192%E5%8F%B7%E7%99%BD%E4%BA%95%E5%81%9C%E8%BB%8A%E5%A0%B4%E7%B7%9A>
<http://www.wikidata.org/entity/Q11406495>	"千葉県道192号"@ja	<http://www.wikidata.org/entity/Q34442>	"道路"@ja	<http://www.wikidata.org/entity/P131>	"位置する行政区画"@ja	<https://ja.wikipedia.org/wiki/%E5%8D%83%E8%91%89%E7%9C%8C%E9%81%93192%E5%8F%B7%E7%99%BD%E4%BA%95%E5%81%9C%E8%BB%8A%E5%A0%B4%E7%B7%9A>
<http://www.wikidata.org/entity/Q11406492>	"千葉県道190号"@ja	<http://www.wikidata.org/entity/Q34442>	"道路"@ja	<http://www.wikidata.org/entity/P609>	"起終点"@ja	<https://ja.wikipedia.org/wiki/%E5%8D%83%E8%91%89%E7%9C%8C%E9%81%93190%E5%8F%B7%E5%8D%83%E8%91%89%E3%83%8B%E3%83%A5%E3%83%BC%E3%82%BF%E3%82%A6%E3%83%B3%E5%8D%97%E7%92%B0%E7%8A%B6%E7%B7%9A>
<http://www.wikidata.org/entity/Q11406492>	"千葉県道190号"@ja	<http://www.wikidata.org/entity/Q34442>	"道路"@ja	<http://www.wikidata.org/entity/P131>	"位置する行政区画"@ja	<https://ja.wikipedia.org/wiki/%E5%8D%83%E8%91%89%E7%9C%8C%E9%81%93190%E5%8F%B7%E5%8D%83%E8%91%89%E3%83%8B%E3%83%A5%E3%83%BC%E3%82%BF%E3%82%A6%E3%83%B3%E5%8D%97%E7%92%B0%E7%8A%B6%E7%B7%9A>
<http://www.wikidata.org/entity/Q11406589>	"千葉県道280号"@ja	<http://www.wikidata.org/entity/Q34442>	"道路"@ja	<http://www.wikidata.org/entity/P609>	"起終点"@ja	<https://ja.wikipedia.org/wiki/%E5%8D%83%E8%91%89%E7%9C%8C%E9%81%93280%E5%8F%B7%E7%99%BD%E4%BA%95%E6%B5%81%E5%B1%B1%E7%B7%9A>
<http://www.wikidata.org/entity/Q11406589>	"千葉県道280号"@ja	<http://www.wikidata.org/entity/Q34442>	"道路"@ja	<http://www.wikidata.org/entity/P131>	"位置する行政区画"@ja	<https://ja.wikipedia.org/wiki/%E5%8D%83%E8%91%89%E7%9C%8C%E9%81%93280%E5%8F%B7%E7%99%BD%E4%BA%95%E6%B5%81%E5%B1%B1%E7%B7%9A>
<http://www.wikidata.org/entity/Q11406642>	"千葉県道59号"@ja	<http://www.wikidata.org/entity/Q34442>	"道路"@ja	<http://www.wikidata.org/entity/P131>	"位置する行政区画"@ja	<https://ja.wikipedia.org/wiki/%E5%8D%83%E8%91%89%E7%9C%8C%E9%81%9359%E5%8F%B7%E5%B8%82%E5%B7%9D%E5%8D%B0%E8%A5%BF%E7%B7%9A>
<http://www.wikidata.org/entity/Q11435753>	"大日神社 (白井市)"@ja	<http://www.wikidata.org/entity/Q845945>	"神社"@ja	<http://www.wikidata.org/entity/P131>	"位置する行政区画"@ja	<https://ja.wikipedia.org/wiki/%E5%A4%A7%E6%97%A5%E7%A5%9E%E7%A4%BE_(%E7%99%BD%E4%BA%95%E5%B8%82)>
<http://www.wikidata.org/entity/Q11442824>	"天満宮 (白井市河原子)"@ja	<http://www.wikidata.org/entity/Q845945>	"神社"@ja	<http://www.wikidata.org/entity/P131>	"位置する行政区画"@ja	<https://ja.wikipedia.org/wiki/%E5%A4%A9%E6%BA%80%E5%AE%AE_(%E7%99%BD%E4%BA%95%E5%B8%82%E6%B2%B3%E5%8E%9F%E5%AD%90)>
<http://www.wikidata.org/entity/Q11486977>	"弁財天 (白井市)"@ja	<http://www.wikidata.org/entity/Q845945>	"神社"@ja	<http://www.wikidata.org/entity/P131>	"位置する行政区画"@ja	<https://ja.wikipedia.org/wiki/%E5%BC%81%E8%B2%A1%E5%A4%A9_(%E7%99%BD%E4%BA%95%E5%B8%82)>
<http://www.wikidata.org/entity/Q11493865>	"愛宕神社 (白井市)"@ja	<http://www.wikidata.org/entity/Q845945>	"神社"@ja	<http://www.wikidata.org/entity/P131>	"位置する行政区画"@ja	<https://ja.wikipedia.org/wiki/%E6%84%9B%E5%AE%95%E7%A5%9E%E7%A4%BE_(%E7%99%BD%E4%BA%95%E5%B8%82)>
<http://www.wikidata.org/entity/Q11523753>	"来迎寺 (白井市)"@ja	<http://www.wikidata.org/entity/Q5393308>	"仏教寺院"@ja	<http://www.wikidata.org/entity/P131>	"位置する行政区画"@ja	<https://ja.wikipedia.org/wiki/%E6%9D%A5%E8%BF%8E%E5%AF%BA_(%E7%99%BD%E4%BA%95%E5%B8%82)>
<http://www.wikidata.org/entity/Q11526043>	"東光院 (白井市)"@ja	<http://www.wikidata.org/entity/Q5393308>	"仏教寺院"@ja	<http://www.wikidata.org/entity/P131>	"位置する行政区画"@ja	<https://ja.wikipedia.org/wiki/%E6%9D%B1%E5%85%89%E9%99%A2_(%E7%99%BD%E4%BA%95%E5%B8%82)>
<http://www.wikidata.org/entity/Q11550166>	"永治村"@ja	<http://www.wikidata.org/entity/Q18663566>	"日本の廃止市区町村"@ja	<http://www.wikidata.org/entity/P3842>	"位置する現在の行政区画"@ja	<https://ja.wikipedia.org/wiki/%E6%B0%B8%E6%B2%BB%E6%9D%91>
<http://www.wikidata.org/entity/Q11550166>	"永治村"@ja	<http://www.wikidata.org/entity/Q18663566>	"日本の廃止市区町村"@ja	<http://www.wikidata.org/entity/P1366>	"後継"@ja	<https://ja.wikipedia.org/wiki/%E6%B0%B8%E6%B2%BB%E6%9D%91>
<http://www.wikidata.org/entity/Q11551373>	"江野沢愛美"@ja	<http://www.wikidata.org/entity/Q5>	"ヒト"@ja	<http://www.wikidata.org/entity/P19>	"出生地"@ja	<https://ja.wikipedia.org/wiki/%E6%B1%9F%E9%87%8E%E6%B2%A2%E6%84%9B%E7%BE%8E>
<http://www.wikidata.org/entity/Q11579364>	"白井市立桜台中学校"@ja	<http://www.wikidata.org/entity/Q55521176>	"日本の中学校"@ja	<http://www.wikidata.org/entity/P131>	"位置する行政区画"@ja	<https://ja.wikipedia.org/wiki/%E7%99%BD%E4%BA%95%E5%B8%82%E7%AB%8B%E6%A1%9C%E5%8F%B0%E4%B8%AD%E5%AD%A6%E6%A0%A1>
<http://www.wikidata.org/entity/Q11579364>	"白井市立桜台中学校"@ja	<http://www.wikidata.org/entity/Q55521176>	"日本の中学校"@ja	<http://www.wikidata.org/entity/P126>	"管理者"@ja	<https://ja.wikipedia.org/wiki/%E7%99%BD%E4%BA%95%E5%B8%82%E7%AB%8B%E6%A1%9C%E5%8F%B0%E4%B8%AD%E5%AD%A6%E6%A0%A1>
<http://www.wikidata.org/entity/Q11579365>	"白井市立桜台小学校"@ja	<http://www.wikidata.org/entity/Q5358913>	"日本の小学校"@ja	<http://www.wikidata.org/entity/P131>	"位置する行政区画"@ja	<https://ja.wikipedia.org/wiki/%E7%99%BD%E4%BA%95%E5%B8%82%E7%AB%8B%E6%A1%9C%E5%8F%B0%E5%B0%8F%E5%AD%A6%E6%A0%A1>
<http://www.wikidata.org/entity/Q11579365>	"白井市立桜台小学校"@ja	<http://www.wikidata.org/entity/Q5358913>	"日本の小学校"@ja	<http://www.wikidata.org/entity/P126>	"管理者"@ja	<https://ja.wikipedia.org/wiki/%E7%99%BD%E4%BA%95%E5%B8%82%E7%AB%8B%E6%A1%9C%E5%8F%B0%E5%B0%8F%E5%AD%A6%E6%A0%A1>
<http://www.wikidata.org/entity/Q11589480>	"神宮寺 (白井市)"@ja	<http://www.wikidata.org/entity/Q5393308>	"仏教寺院"@ja	<http://www.wikidata.org/entity/P131>	"位置する行政区画"@ja	<https://ja.wikipedia.org/wiki/%E7%A5%9E%E5%AE%AE%E5%AF%BA_(%E7%99%BD%E4%BA%95%E5%B8%82)>
<http://www.wikidata.org/entity/Q11595144>	"秋本寺"@ja	<http://www.wikidata.org/entity/Q5393308>	"仏教寺院"@ja	<http://www.wikidata.org/entity/P131>	"位置する行政区画"@ja	<https://ja.wikipedia.org/wiki/%E7%A7%8B%E6%9C%AC%E5%AF%BA>
<http://www.wikidata.org/entity/Q11604589>	"粟島神社 (白井市)"@ja	<http://www.wikidata.org/entity/Q845945>	"神社"@ja	<http://www.wikidata.org/entity/P131>	"位置する行政区画"@ja	<https://ja.wikipedia.org/wiki/%E7%B2%9F%E5%B3%B6%E7%A5%9E%E7%A4%BE_(%E7%99%BD%E4%BA%95%E5%B8%82)>
<http://www.wikidata.org/entity/Q11622490>	"薬王寺"@ja	<http://www.wikidata.org/entity/Q5393308>	"仏教寺院"@ja	<http://www.wikidata.org/entity/P131>	"位置する行政区画"@ja	<https://ja.wikipedia.org/wiki/%E8%96%AC%E7%8E%8B%E5%AF%BA_(%E7%99%BD%E4%BA%95%E5%B8%82)>
<http://www.wikidata.org/entity/Q11631932>	"諏訪神社 (白井市)"@ja	<http://www.wikidata.org/entity/Q845945>	"神社"@ja	<http://www.wikidata.org/entity/P131>	"位置する行政区画"@ja	<https://ja.wikipedia.org/wiki/%E8%AB%8F%E8%A8%AA%E7%A5%9E%E7%A4%BE_(%E7%99%BD%E4%BA%95%E5%B8%82)>
<http://www.wikidata.org/entity/Q11668374>	"駒形神社 (白井市)"@ja	<http://www.wikidata.org/entity/Q845945>	"神社"@ja	<http://www.wikidata.org/entity/P131>	"位置する行政区画"@ja	<https://ja.wikipedia.org/wiki/%E9%A7%92%E5%BD%A2%E7%A5%9E%E7%A4%BE_(%E7%99%BD%E4%BA%95%E5%B8%82)>
<http://www.wikidata.org/entity/Q11676285>	"鷲神社 (白井市)"@ja	<http://www.wikidata.org/entity/Q845945>	"神社"@ja	<http://www.wikidata.org/entity/P131>	"位置する行政区画"@ja	<https://ja.wikipedia.org/wiki/%E9%B7%B2%E7%A5%9E%E7%A4%BE_(%E7%99%BD%E4%BA%95%E5%B8%82)>
<http://www.wikidata.org/entity/Q16263992>	"伊澤史夫"@ja	<http://www.wikidata.org/entity/Q5>	"ヒト"@ja	<http://www.wikidata.org/entity/P19>	"出生地"@ja	<https://ja.wikipedia.org/wiki/%E4%BC%8A%E6%BE%A4%E5%8F%B2%E5%A4%AB>
<http://www.wikidata.org/entity/Q17191784>	"天神社"@ja	<http://www.wikidata.org/entity/Q845945>	"神社"@ja	<http://www.wikidata.org/entity/P131>	"位置する行政区画"@ja	<https://ja.wikipedia.org/wiki/%E5%A4%A9%E7%A5%9E%E7%A4%BE_(%E7%99%BD%E4%BA%95%E5%B8%82)>
<http://www.wikidata.org/entity/Q17216729>	"白井市立大山口小学校"@ja	<http://www.wikidata.org/entity/Q5358913>	"日本の小学校"@ja	<http://www.wikidata.org/entity/P131>	"位置する行政区画"@ja	<https://ja.wikipedia.org/wiki/%E7%99%BD%E4%BA%95%E5%B8%82%E7%AB%8B%E5%A4%A7%E5%B1%B1%E5%8F%A3%E5%B0%8F%E5%AD%A6%E6%A0%A1>
<http://www.wikidata.org/entity/Q17216729>	"白井市立大山口小学校"@ja	<http://www.wikidata.org/entity/Q5358913>	"日本の小学校"@ja	<http://www.wikidata.org/entity/P126>	"管理者"@ja	<https://ja.wikipedia.org/wiki/%E7%99%BD%E4%BA%95%E5%B8%82%E7%AB%8B%E5%A4%A7%E5%B1%B1%E5%8F%A3%E5%B0%8F%E5%AD%A6%E6%A0%A1>
<http://www.wikidata.org/entity/Q17216737>	"白井市立大山口中学校"@ja	<http://www.wikidata.org/entity/Q55521176>	"日本の中学校"@ja	<http://www.wikidata.org/entity/P131>	"位置する行政区画"@ja	<https://ja.wikipedia.org/wiki/%E7%99%BD%E4%BA%95%E5%B8%82%E7%AB%8B%E5%A4%A7%E5%B1%B1%E5%8F%A3%E4%B8%AD%E5%AD%A6%E6%A0%A1>
<http://www.wikidata.org/entity/Q17216737>	"白井市立大山口中学校"@ja	<http://www.wikidata.org/entity/Q55521176>	"日本の中学校"@ja	<http://www.wikidata.org/entity/P126>	"管理者"@ja	<https://ja.wikipedia.org/wiki/%E7%99%BD%E4%BA%95%E5%B8%82%E7%AB%8B%E5%A4%A7%E5%B1%B1%E5%8F%A3%E4%B8%AD%E5%AD%A6%E6%A0%A1>
<http://www.wikidata.org/entity/Q17216746>	"白井市立白井第三小学校"@ja	<http://www.wikidata.org/entity/Q5358913>	"日本の小学校"@ja	<http://www.wikidata.org/entity/P131>	"位置する行政区画"@ja	<https://ja.wikipedia.org/wiki/%E7%99%BD%E4%BA%95%E5%B8%82%E7%AB%8B%E7%99%BD%E4%BA%95%E7%AC%AC%E4%B8%89%E5%B0%8F%E5%AD%A6%E6%A0%A1>
<http://www.wikidata.org/entity/Q17216746>	"白井市立白井第三小学校"@ja	<http://www.wikidata.org/entity/Q5358913>	"日本の小学校"@ja	<http://www.wikidata.org/entity/P126>	"管理者"@ja	<https://ja.wikipedia.org/wiki/%E7%99%BD%E4%BA%95%E5%B8%82%E7%AB%8B%E7%99%BD%E4%BA%95%E7%AC%AC%E4%B8%89%E5%B0%8F%E5%AD%A6%E6%A0%A1>
<http://www.wikidata.org/entity/Q17219871>	"白井町立白井第一小学校東分校"@ja	<http://www.wikidata.org/entity/Q5358913>	"日本の小学校"@ja	<http://www.wikidata.org/entity/P131>	"位置する行政区画"@ja	<https://ja.wikipedia.org/wiki/%E7%99%BD%E4%BA%95%E7%94%BA%E7%AB%8B%E7%99%BD%E4%BA%95%E7%AC%AC%E4%B8%80%E5%B0%8F%E5%AD%A6%E6%A0%A1%E6%9D%B1%E5%88%86%E6%A0%A1>
<http://www.wikidata.org/entity/Q17219871>	"白井町立白井第一小学校東分校"@ja	<http://www.wikidata.org/entity/Q5358913>	"日本の小学校"@ja	<http://www.wikidata.org/entity/P126>	"管理者"@ja	<https://ja.wikipedia.org/wiki/%E7%99%BD%E4%BA%95%E7%94%BA%E7%AB%8B%E7%99%BD%E4%BA%95%E7%AC%AC%E4%B8%80%E5%B0%8F%E5%AD%A6%E6%A0%A1%E6%9D%B1%E5%88%86%E6%A0%A1>
<http://www.wikidata.org/entity/Q17219877>	"白井町立白井第一小学校谷清分校"@ja	<http://www.wikidata.org/entity/Q11396122>	"分校"@ja	<http://www.wikidata.org/entity/P131>	"位置する行政区画"@ja	<https://ja.wikipedia.org/wiki/%E7%99%BD%E4%BA%95%E7%94%BA%E7%AB%8B%E7%99%BD%E4%BA%95%E7%AC%AC%E4%B8%80%E5%B0%8F%E5%AD%A6%E6%A0%A1%E8%B0%B7%E6%B8%85%E5%88%86%E6%A0%A1>
<http://www.wikidata.org/entity/Q17219877>	"白井町立白井第一小学校谷清分校"@ja	<http://www.wikidata.org/entity/Q11396122>	"分校"@ja	<http://www.wikidata.org/entity/P126>	"管理者"@ja	<https://ja.wikipedia.org/wiki/%E7%99%BD%E4%BA%95%E7%94%BA%E7%AB%8B%E7%99%BD%E4%BA%95%E7%AC%AC%E4%B8%80%E5%B0%8F%E5%AD%A6%E6%A0%A1%E8%B0%B7%E6%B8%85%E5%88%86%E6%A0%A1>
<http://www.wikidata.org/entity/Q17219877>	"白井町立白井第一小学校谷清分校"@ja	<http://www.wikidata.org/entity/Q5358913>	"日本の小学校"@ja	<http://www.wikidata.org/entity/P131>	"位置する行政区画"@ja	<https://ja.wikipedia.org/wiki/%E7%99%BD%E4%BA%95%E7%94%BA%E7%AB%8B%E7%99%BD%E4%BA%95%E7%AC%AC%E4%B8%80%E5%B0%8F%E5%AD%A6%E6%A0%A1%E8%B0%B7%E6%B8%85%E5%88%86%E6%A0%A1>
<http://www.wikidata.org/entity/Q17219877>	"白井町立白井第一小学校谷清分校"@ja	<http://www.wikidata.org/entity/Q5358913>	"日本の小学校"@ja	<http://www.wikidata.org/entity/P126>	"管理者"@ja	<https://ja.wikipedia.org/wiki/%E7%99%BD%E4%BA%95%E7%94%BA%E7%AB%8B%E7%99%BD%E4%BA%95%E7%AC%AC%E4%B8%80%E5%B0%8F%E5%AD%A6%E6%A0%A1%E8%B0%B7%E6%B8%85%E5%88%86%E6%A0%A1>
<http://www.wikidata.org/entity/Q17219882>	"白井市立白井第二小学校平塚分校"@ja	<http://www.wikidata.org/entity/Q5358913>	"日本の小学校"@ja	<http://www.wikidata.org/entity/P131>	"位置する行政区画"@ja	<https://ja.wikipedia.org/wiki/%E7%99%BD%E4%BA%95%E5%B8%82%E7%AB%8B%E7%99%BD%E4%BA%95%E7%AC%AC%E4%BA%8C%E5%B0%8F%E5%AD%A6%E6%A0%A1%E5%B9%B3%E5%A1%9A%E5%88%86%E6%A0%A1>
<http://www.wikidata.org/entity/Q17223174>	"十余一"@ja	<http://www.wikidata.org/entity/Q486972>	"集落"@ja	<http://www.wikidata.org/entity/P131>	"位置する行政区画"@ja	<https://ja.wikipedia.org/wiki/%E5%8D%81%E4%BD%99%E4%B8%80>
<http://www.wikidata.org/entity/Q17989503>	"延命寺"@ja	<http://www.wikidata.org/entity/Q5393308>	"仏教寺院"@ja	<http://www.wikidata.org/entity/P131>	"位置する行政区画"@ja	<https://ja.wikipedia.org/wiki/%E5%BB%B6%E5%91%BD%E5%AF%BA_(%E7%99%BD%E4%BA%95%E5%B8%82)>
<http://www.wikidata.org/entity/Q18339542>	"宗像神社"@ja	<http://www.wikidata.org/entity/Q845945>	"神社"@ja	<http://www.wikidata.org/entity/P131>	"位置する行政区画"@ja	<https://ja.wikipedia.org/wiki/%E5%AE%97%E5%83%8F%E7%A5%9E%E7%A4%BE_(%E7%99%BD%E4%BA%95%E5%B8%82)>
<http://www.wikidata.org/entity/Q26132012>	"安藤美希子"@ja	<http://www.wikidata.org/entity/Q5>	"ヒト"@ja	<http://www.wikidata.org/entity/P19>	"出生地"@ja	<https://ja.wikipedia.org/wiki/%E5%AE%89%E8%97%A4%E7%BE%8E%E5%B8%8C%E5%AD%90>
<http://www.wikidata.org/entity/Q80618795>	"白井市立白井第一小学校"@ja	<http://www.wikidata.org/entity/Q5358913>	"日本の小学校"@ja	<http://www.wikidata.org/entity/P131>	"位置する行政区画"@ja	<https://ja.wikipedia.org/wiki/%E7%99%BD%E4%BA%95%E5%B8%82%E7%AB%8B%E7%99%BD%E4%BA%95%E7%AC%AC%E4%B8%80%E5%B0%8F%E5%AD%A6%E6%A0%A1>
<http://www.wikidata.org/entity/Q80618795>	"白井市立白井第一小学校"@ja	<http://www.wikidata.org/entity/Q5358913>	"日本の小学校"@ja	<http://www.wikidata.org/entity/P126>	"管理者"@ja	<https://ja.wikipedia.org/wiki/%E7%99%BD%E4%BA%95%E5%B8%82%E7%AB%8B%E7%99%BD%E4%BA%95%E7%AC%AC%E4%B8%80%E5%B0%8F%E5%AD%A6%E6%A0%A1>
<http://www.wikidata.org/entity/Q80618800>	"白井市立清水口小学校"@ja	<http://www.wikidata.org/entity/Q5358913>	"日本の小学校"@ja	<http://www.wikidata.org/entity/P131>	"位置する行政区画"@ja	<https://ja.wikipedia.org/wiki/%E7%99%BD%E4%BA%95%E5%B8%82%E7%AB%8B%E6%B8%85%E6%B0%B4%E5%8F%A3%E5%B0%8F%E5%AD%A6%E6%A0%A1>
<http://www.wikidata.org/entity/Q80618800>	"白井市立清水口小学校"@ja	<http://www.wikidata.org/entity/Q5358913>	"日本の小学校"@ja	<http://www.wikidata.org/entity/P126>	"管理者"@ja	<https://ja.wikipedia.org/wiki/%E7%99%BD%E4%BA%95%E5%B8%82%E7%AB%8B%E6%B8%85%E6%B0%B4%E5%8F%A3%E5%B0%8F%E5%AD%A6%E6%A0%A1>
<http://www.wikidata.org/entity/Q106852897>	"船橋カントリークラブ"@ja	<http://www.wikidata.org/entity/Q1048525>	"ゴルフ場"@ja	<http://www.wikidata.org/entity/P131>	"位置する行政区画"@ja	<https://ja.wikipedia.org/wiki/%E8%88%B9%E6%A9%8B%E3%82%AB%E3%83%B3%E3%83%88%E3%83%AA%E3%83%BC%E3%82%AF%E3%83%A9%E3%83%96>
