?s	?sLabel	?type	?typeLabel	?prop	?propLabel	?jwiki
<http://www.wikidata.org/entity/Q80011>	"千葉県"@ja	<http://www.wikidata.org/entity/Q50337>	"都道府県"@ja	<http://www.wikidata.org/entity/P150>	"直下の行政区画"@ja	<https://ja.wikipedia.org/wiki/%E5%8D%83%E8%91%89%E7%9C%8C>
<http://www.wikidata.org/entity/Q6157471>	"国道409号"@ja	<http://www.wikidata.org/entity/Q34442>	"道路"@ja	<http://www.wikidata.org/entity/P1302>	"主な経由都市"@ja	<https://ja.wikipedia.org/wiki/%E5%9B%BD%E9%81%93409%E5%8F%B7>
<http://www.wikidata.org/entity/Q9629541>	"Category:富里市"@ja	<http://www.wikidata.org/entity/Q4167836>	"ウィキメディアのカテゴリ"@ja	<http://www.wikidata.org/entity/P301>	"カテゴリの中心主題"@ja	<https://ja.wikipedia.org/wiki/Category:%E5%AF%8C%E9%87%8C%E5%B8%82>
<http://www.wikidata.org/entity/Q10954850>	"富里インターチェンジ"@ja	<http://www.wikidata.org/entity/Q2376564>	"インターチェンジ"@ja	<http://www.wikidata.org/entity/P131>	"位置する行政区画"@ja	<https://ja.wikipedia.org/wiki/%E5%AF%8C%E9%87%8C%E3%82%A4%E3%83%B3%E3%82%BF%E3%83%BC%E3%83%81%E3%82%A7%E3%83%B3%E3%82%B8>
<http://www.wikidata.org/entity/Q11406254>	"千葉県立富里高等学校"@ja	<http://www.wikidata.org/entity/Q56351315>	"日本の高等学校"@ja	<http://www.wikidata.org/entity/P131>	"位置する行政区画"@ja	<https://ja.wikipedia.org/wiki/%E5%8D%83%E8%91%89%E7%9C%8C%E7%AB%8B%E5%AF%8C%E9%87%8C%E9%AB%98%E7%AD%89%E5%AD%A6%E6%A0%A1>
<http://www.wikidata.org/entity/Q11406407>	"千葉県道106号"@ja	<http://www.wikidata.org/entity/Q34442>	"道路"@ja	<http://www.wikidata.org/entity/P131>	"位置する行政区画"@ja	<https://ja.wikipedia.org/wiki/%E5%8D%83%E8%91%89%E7%9C%8C%E9%81%93106%E5%8F%B7%E5%85%AB%E6%97%A5%E5%B8%82%E5%A0%B4%E4%BD%90%E5%80%89%E7%B7%9A>
<http://www.wikidata.org/entity/Q11406404>	"千葉県道102号"@ja	<http://www.wikidata.org/entity/Q34442>	"道路"@ja	<http://www.wikidata.org/entity/P609>	"起終点"@ja	<https://ja.wikipedia.org/wiki/%E5%8D%83%E8%91%89%E7%9C%8C%E9%81%93102%E5%8F%B7%E6%88%90%E7%94%B0%E4%B8%A1%E5%9B%BD%E7%B7%9A>
<http://www.wikidata.org/entity/Q11406404>	"千葉県道102号"@ja	<http://www.wikidata.org/entity/Q34442>	"道路"@ja	<http://www.wikidata.org/entity/P131>	"位置する行政区画"@ja	<https://ja.wikipedia.org/wiki/%E5%8D%83%E8%91%89%E7%9C%8C%E9%81%93102%E5%8F%B7%E6%88%90%E7%94%B0%E4%B8%A1%E5%9B%BD%E7%B7%9A>
<http://www.wikidata.org/entity/Q11406631>	"千葉県道43号"@ja	<http://www.wikidata.org/entity/Q34442>	"道路"@ja	<http://www.wikidata.org/entity/P131>	"位置する行政区画"@ja	<https://ja.wikipedia.org/wiki/%E5%8D%83%E8%91%89%E7%9C%8C%E9%81%9343%E5%8F%B7%E5%85%AB%E8%A1%97%E4%B8%89%E9%87%8C%E5%A1%9A%E7%B7%9A>
<http://www.wikidata.org/entity/Q11406633>	"千葉県道45号"@ja	<http://www.wikidata.org/entity/Q34442>	"道路"@ja	<http://www.wikidata.org/entity/P131>	"位置する行政区画"@ja	<https://ja.wikipedia.org/wiki/%E5%8D%83%E8%91%89%E7%9C%8C%E9%81%9345%E5%8F%B7%E5%85%AB%E6%97%A5%E5%B8%82%E5%A0%B4%E5%85%AB%E8%A1%97%E7%B7%9A>
<http://www.wikidata.org/entity/Q11406660>	"千葉県道77号"@ja	<http://www.wikidata.org/entity/Q34442>	"道路"@ja	<http://www.wikidata.org/entity/P609>	"起終点"@ja	<https://ja.wikipedia.org/wiki/%E5%8D%83%E8%91%89%E7%9C%8C%E9%81%9377%E5%8F%B7%E5%AF%8C%E9%87%8C%E9%85%92%E3%80%85%E4%BA%95%E7%B7%9A>
<http://www.wikidata.org/entity/Q11406660>	"千葉県道77号"@ja	<http://www.wikidata.org/entity/Q34442>	"道路"@ja	<http://www.wikidata.org/entity/P131>	"位置する行政区画"@ja	<https://ja.wikipedia.org/wiki/%E5%8D%83%E8%91%89%E7%9C%8C%E9%81%9377%E5%8F%B7%E5%AF%8C%E9%87%8C%E9%85%92%E3%80%85%E4%BA%95%E7%B7%9A>
<http://www.wikidata.org/entity/Q11421439>	"国道296号"@ja	<http://www.wikidata.org/entity/Q34442>	"道路"@ja	<http://www.wikidata.org/entity/P1302>	"主な経由都市"@ja	<https://ja.wikipedia.org/wiki/%E5%9B%BD%E9%81%93296%E5%8F%B7>
<http://www.wikidata.org/entity/Q16263623>	"秋本真利"@ja	<http://www.wikidata.org/entity/Q5>	"ヒト"@ja	<http://www.wikidata.org/entity/P19>	"出生地"@ja	<https://ja.wikipedia.org/wiki/%E7%A7%8B%E6%9C%AC%E7%9C%9F%E5%88%A9>
<http://www.wikidata.org/entity/Q17211238>	"北原鉱治"@ja	<http://www.wikidata.org/entity/Q5>	"ヒト"@ja	<http://www.wikidata.org/entity/P20>	"死没地"@ja	<https://ja.wikipedia.org/wiki/%E5%8C%97%E5%8E%9F%E9%89%B1%E6%B2%BB>
<http://www.wikidata.org/entity/Q782157>	"酒々井町"@ja	<http://www.wikidata.org/entity/Q1059478>	"日本の町"@ja	<http://www.wikidata.org/entity/P47>	"隣の国又は行政区画"@ja	<https://ja.wikipedia.org/wiki/%E9%85%92%E3%80%85%E4%BA%95%E7%94%BA>
<http://www.wikidata.org/entity/Q864875>	"東関東自動車道"@ja	<http://www.wikidata.org/entity/Q16939396>	"有料道路"@ja	<http://www.wikidata.org/entity/P131>	"位置する行政区画"@ja	<https://ja.wikipedia.org/wiki/%E6%9D%B1%E9%96%A2%E6%9D%B1%E8%87%AA%E5%8B%95%E8%BB%8A%E9%81%93>
<http://www.wikidata.org/entity/Q864875>	"東関東自動車道"@ja	<http://www.wikidata.org/entity/Q46622>	"高速道路"@ja	<http://www.wikidata.org/entity/P131>	"位置する行政区画"@ja	<https://ja.wikipedia.org/wiki/%E6%9D%B1%E9%96%A2%E6%9D%B1%E8%87%AA%E5%8B%95%E8%BB%8A%E9%81%93>
<http://www.wikidata.org/entity/Q873528>	"山武市"@ja	<http://www.wikidata.org/entity/Q494721>	"日本の市"@ja	<http://www.wikidata.org/entity/P47>	"隣の国又は行政区画"@ja	<https://ja.wikipedia.org/wiki/%E5%B1%B1%E6%AD%A6%E5%B8%82>
<http://www.wikidata.org/entity/Q1203689>	"芝山町"@ja	<http://www.wikidata.org/entity/Q1059478>	"日本の町"@ja	<http://www.wikidata.org/entity/P47>	"隣の国又は行政区画"@ja	<https://ja.wikipedia.org/wiki/%E8%8A%9D%E5%B1%B1%E7%94%BA>
<http://www.wikidata.org/entity/Q273798>	"成田市"@ja	<http://www.wikidata.org/entity/Q1549591>	"10万都市"@ja	<http://www.wikidata.org/entity/P47>	"隣の国又は行政区画"@ja	<https://ja.wikipedia.org/wiki/%E6%88%90%E7%94%B0%E5%B8%82>
<http://www.wikidata.org/entity/Q273798>	"成田市"@ja	<http://www.wikidata.org/entity/Q494721>	"日本の市"@ja	<http://www.wikidata.org/entity/P47>	"隣の国又は行政区画"@ja	<https://ja.wikipedia.org/wiki/%E6%88%90%E7%94%B0%E5%B8%82>
<http://www.wikidata.org/entity/Q417825>	"安芸市"@ja	<http://www.wikidata.org/entity/Q494721>	"日本の市"@ja	<http://www.wikidata.org/entity/P190>	"姉妹都市"@ja	<https://ja.wikipedia.org/wiki/%E5%AE%89%E8%8A%B8%E5%B8%82>
<http://www.wikidata.org/entity/Q638296>	"八街市"@ja	<http://www.wikidata.org/entity/Q494721>	"日本の市"@ja	<http://www.wikidata.org/entity/P47>	"隣の国又は行政区画"@ja	<https://ja.wikipedia.org/wiki/%E5%85%AB%E8%A1%97%E5%B8%82>
<http://www.wikidata.org/entity/Q41770719>	"星健太郎"@ja	<http://www.wikidata.org/entity/Q5>	"ヒト"@ja	<http://www.wikidata.org/entity/P19>	"出生地"@ja	
<http://www.wikidata.org/entity/Q56437005>	"富里市長"@ja	<http://www.wikidata.org/entity/Q4164871>	"職位"@ja	<http://www.wikidata.org/entity/P1001>	"管轄・適用区域"@ja	
<http://www.wikidata.org/entity/Q61886771>	"富里市立図書館"@ja	<http://www.wikidata.org/entity/Q28564>	"公共図書館"@ja	<http://www.wikidata.org/entity/P276>	"場所"@ja	
<http://www.wikidata.org/entity/Q80628565>	"富里市立富里小学校"@ja	<http://www.wikidata.org/entity/Q5358913>	"日本の小学校"@ja	<http://www.wikidata.org/entity/P131>	"位置する行政区画"@ja	
<http://www.wikidata.org/entity/Q80628565>	"富里市立富里小学校"@ja	<http://www.wikidata.org/entity/Q5358913>	"日本の小学校"@ja	<http://www.wikidata.org/entity/P126>	"管理者"@ja	
<http://www.wikidata.org/entity/Q80628571>	"富里市立富里南小学校"@ja	<http://www.wikidata.org/entity/Q5358913>	"日本の小学校"@ja	<http://www.wikidata.org/entity/P131>	"位置する行政区画"@ja	
<http://www.wikidata.org/entity/Q80628571>	"富里市立富里南小学校"@ja	<http://www.wikidata.org/entity/Q5358913>	"日本の小学校"@ja	<http://www.wikidata.org/entity/P126>	"管理者"@ja	
<http://www.wikidata.org/entity/Q80628568>	"富里市立富里第一小学校"@ja	<http://www.wikidata.org/entity/Q5358913>	"日本の小学校"@ja	<http://www.wikidata.org/entity/P131>	"位置する行政区画"@ja	
<http://www.wikidata.org/entity/Q80628568>	"富里市立富里第一小学校"@ja	<http://www.wikidata.org/entity/Q5358913>	"日本の小学校"@ja	<http://www.wikidata.org/entity/P126>	"管理者"@ja	
<http://www.wikidata.org/entity/Q80628575>	"富里市立浩養小学校"@ja	<http://www.wikidata.org/entity/Q5358913>	"日本の小学校"@ja	<http://www.wikidata.org/entity/P131>	"位置する行政区画"@ja	
<http://www.wikidata.org/entity/Q80628575>	"富里市立浩養小学校"@ja	<http://www.wikidata.org/entity/Q5358913>	"日本の小学校"@ja	<http://www.wikidata.org/entity/P126>	"管理者"@ja	
<http://www.wikidata.org/entity/Q80628578>	"富里市立日吉台小学校"@ja	<http://www.wikidata.org/entity/Q5358913>	"日本の小学校"@ja	<http://www.wikidata.org/entity/P131>	"位置する行政区画"@ja	
<http://www.wikidata.org/entity/Q80628578>	"富里市立日吉台小学校"@ja	<http://www.wikidata.org/entity/Q5358913>	"日本の小学校"@ja	<http://www.wikidata.org/entity/P126>	"管理者"@ja	
<http://www.wikidata.org/entity/Q80628583>	"富里市立七栄小学校"@ja	<http://www.wikidata.org/entity/Q5358913>	"日本の小学校"@ja	<http://www.wikidata.org/entity/P131>	"位置する行政区画"@ja	
<http://www.wikidata.org/entity/Q80628583>	"富里市立七栄小学校"@ja	<http://www.wikidata.org/entity/Q5358913>	"日本の小学校"@ja	<http://www.wikidata.org/entity/P126>	"管理者"@ja	
<http://www.wikidata.org/entity/Q80628581>	"富里市立根木名小学校"@ja	<http://www.wikidata.org/entity/Q5358913>	"日本の小学校"@ja	<http://www.wikidata.org/entity/P131>	"位置する行政区画"@ja	
<http://www.wikidata.org/entity/Q80628581>	"富里市立根木名小学校"@ja	<http://www.wikidata.org/entity/Q5358913>	"日本の小学校"@ja	<http://www.wikidata.org/entity/P126>	"管理者"@ja	
<http://www.wikidata.org/entity/Q80628587>	"富里市立富里中学校"@ja	<http://www.wikidata.org/entity/Q55521176>	"日本の中学校"@ja	<http://www.wikidata.org/entity/P131>	"位置する行政区画"@ja	
<http://www.wikidata.org/entity/Q80628587>	"富里市立富里中学校"@ja	<http://www.wikidata.org/entity/Q55521176>	"日本の中学校"@ja	<http://www.wikidata.org/entity/P126>	"管理者"@ja	
<http://www.wikidata.org/entity/Q80628589>	"富里市立富里北中学校"@ja	<http://www.wikidata.org/entity/Q55521176>	"日本の中学校"@ja	<http://www.wikidata.org/entity/P131>	"位置する行政区画"@ja	
<http://www.wikidata.org/entity/Q80628589>	"富里市立富里北中学校"@ja	<http://www.wikidata.org/entity/Q55521176>	"日本の中学校"@ja	<http://www.wikidata.org/entity/P126>	"管理者"@ja	
<http://www.wikidata.org/entity/Q80628593>	"富里市立富里南中学校"@ja	<http://www.wikidata.org/entity/Q55521176>	"日本の中学校"@ja	<http://www.wikidata.org/entity/P131>	"位置する行政区画"@ja	
<http://www.wikidata.org/entity/Q80628593>	"富里市立富里南中学校"@ja	<http://www.wikidata.org/entity/Q55521176>	"日本の中学校"@ja	<http://www.wikidata.org/entity/P126>	"管理者"@ja	
<http://www.wikidata.org/entity/Q86333318>	"Q86333318"	<http://www.wikidata.org/entity/Q4167836>	"ウィキメディアのカテゴリ"@ja	<http://www.wikidata.org/entity/P971>	"以下の組み合わせカテゴリ"@ja	
