?s	?sLabel	?type	?typeLabel	?prop	?propLabel	?jwiki
<http://www.wikidata.org/entity/Q133401>	"高田健太郎"@ja	<http://www.wikidata.org/entity/Q5>	"ヒト"@ja	<http://www.wikidata.org/entity/P19>	"出生地"@ja	<https://ja.wikipedia.org/wiki/%E9%AB%98%E7%94%B0%E5%81%A5%E5%A4%AA%E9%83%8E>
<http://www.wikidata.org/entity/Q418911>	"佐々木明"@ja	<http://www.wikidata.org/entity/Q5>	"ヒト"@ja	<http://www.wikidata.org/entity/P19>	"出生地"@ja	<https://ja.wikipedia.org/wiki/%E4%BD%90%E3%80%85%E6%9C%A8%E6%98%8E>
<http://www.wikidata.org/entity/Q26418>	"函館市"@ja	<http://www.wikidata.org/entity/Q2264924>	"港湾都市"@ja	<http://www.wikidata.org/entity/P47>	"隣の国又は行政区画"@ja	<https://ja.wikipedia.org/wiki/%E5%87%BD%E9%A4%A8%E5%B8%82>
<http://www.wikidata.org/entity/Q26418>	"函館市"@ja	<http://www.wikidata.org/entity/Q1549591>	"10万都市"@ja	<http://www.wikidata.org/entity/P47>	"隣の国又は行政区画"@ja	<https://ja.wikipedia.org/wiki/%E5%87%BD%E9%A4%A8%E5%B8%82>
<http://www.wikidata.org/entity/Q26418>	"函館市"@ja	<http://www.wikidata.org/entity/Q1137833>	"中核市"@ja	<http://www.wikidata.org/entity/P47>	"隣の国又は行政区画"@ja	<https://ja.wikipedia.org/wiki/%E5%87%BD%E9%A4%A8%E5%B8%82>
<http://www.wikidata.org/entity/Q26418>	"函館市"@ja	<http://www.wikidata.org/entity/Q677678>	"城郭都市"@ja	<http://www.wikidata.org/entity/P47>	"隣の国又は行政区画"@ja	<https://ja.wikipedia.org/wiki/%E5%87%BD%E9%A4%A8%E5%B8%82>
<http://www.wikidata.org/entity/Q26418>	"函館市"@ja	<http://www.wikidata.org/entity/Q494721>	"日本の市"@ja	<http://www.wikidata.org/entity/P47>	"隣の国又は行政区画"@ja	<https://ja.wikipedia.org/wiki/%E5%87%BD%E9%A4%A8%E5%B8%82>
<http://www.wikidata.org/entity/Q825272>	"北杜市"@ja	<http://www.wikidata.org/entity/Q494721>	"日本の市"@ja	<http://www.wikidata.org/entity/P1889>	"以下と異なる"@ja	<https://ja.wikipedia.org/wiki/%E5%8C%97%E6%9D%9C%E5%B8%82>
<http://www.wikidata.org/entity/Q1000075>	"上磯町"@ja	<http://www.wikidata.org/entity/Q18663566>	"日本の廃止市区町村"@ja	<http://www.wikidata.org/entity/P3842>	"位置する現在の行政区画"@ja	<https://ja.wikipedia.org/wiki/%E4%B8%8A%E7%A3%AF%E7%94%BA>
<http://www.wikidata.org/entity/Q1000075>	"上磯町"@ja	<http://www.wikidata.org/entity/Q18663566>	"日本の廃止市区町村"@ja	<http://www.wikidata.org/entity/P1366>	"後継"@ja	<https://ja.wikipedia.org/wiki/%E4%B8%8A%E7%A3%AF%E7%94%BA>
<http://www.wikidata.org/entity/Q1039122>	"新函館北斗駅"@ja	<http://www.wikidata.org/entity/Q55488>	"鉄道駅"@ja	<http://www.wikidata.org/entity/P131>	"位置する行政区画"@ja	<https://ja.wikipedia.org/wiki/%E6%96%B0%E5%87%BD%E9%A4%A8%E5%8C%97%E6%96%97%E9%A7%85>
<http://www.wikidata.org/entity/Q1354252>	"厚沢部町"@ja	<http://www.wikidata.org/entity/Q1059478>	"日本の町"@ja	<http://www.wikidata.org/entity/P47>	"隣の国又は行政区画"@ja	<https://ja.wikipedia.org/wiki/%E5%8E%9A%E6%B2%A2%E9%83%A8%E7%94%BA>
<http://www.wikidata.org/entity/Q1354276>	"七飯町"@ja	<http://www.wikidata.org/entity/Q1059478>	"日本の町"@ja	<http://www.wikidata.org/entity/P47>	"隣の国又は行政区画"@ja	<https://ja.wikipedia.org/wiki/%E4%B8%83%E9%A3%AF%E7%94%BA>
<http://www.wikidata.org/entity/Q11396005>	"函館平野"@ja	<http://www.wikidata.org/entity/Q656586>	"沖積平野"@ja	<http://www.wikidata.org/entity/P131>	"位置する行政区画"@ja	<https://ja.wikipedia.org/wiki/%E5%87%BD%E9%A4%A8%E5%B9%B3%E9%87%8E>
<http://www.wikidata.org/entity/Q11396019>	"函館湾"@ja	<http://www.wikidata.org/entity/Q39594>	"湾"@ja	<http://www.wikidata.org/entity/P131>	"位置する行政区画"@ja	<https://ja.wikipedia.org/wiki/%E5%87%BD%E9%A4%A8%E6%B9%BE>
<http://www.wikidata.org/entity/Q11401770>	"北斗中央インターチェンジ"@ja	<http://www.wikidata.org/entity/Q2376564>	"インターチェンジ"@ja	<http://www.wikidata.org/entity/P131>	"位置する行政区画"@ja	<https://ja.wikipedia.org/wiki/%E5%8C%97%E6%96%97%E4%B8%AD%E5%A4%AE%E3%82%A4%E3%83%B3%E3%82%BF%E3%83%BC%E3%83%81%E3%82%A7%E3%83%B3%E3%82%B8>
<http://www.wikidata.org/entity/Q11401779>	"北斗富川インターチェンジ"@ja	<http://www.wikidata.org/entity/Q2376564>	"インターチェンジ"@ja	<http://www.wikidata.org/entity/P131>	"位置する行政区画"@ja	<https://ja.wikipedia.org/wiki/%E5%8C%97%E6%96%97%E5%AF%8C%E5%B7%9D%E3%82%A4%E3%83%B3%E3%82%BF%E3%83%BC%E3%83%81%E3%82%A7%E3%83%B3%E3%82%B8>
<http://www.wikidata.org/entity/Q11401780>	"北斗市立浜分中学校"@ja	<http://www.wikidata.org/entity/Q55521176>	"日本の中学校"@ja	<http://www.wikidata.org/entity/P131>	"位置する行政区画"@ja	<https://ja.wikipedia.org/wiki/%E5%8C%97%E6%96%97%E5%B8%82%E7%AB%8B%E6%B5%9C%E5%88%86%E4%B8%AD%E5%AD%A6%E6%A0%A1>
<http://www.wikidata.org/entity/Q11401780>	"北斗市立浜分中学校"@ja	<http://www.wikidata.org/entity/Q55521176>	"日本の中学校"@ja	<http://www.wikidata.org/entity/P126>	"管理者"@ja	<https://ja.wikipedia.org/wiki/%E5%8C%97%E6%96%97%E5%B8%82%E7%AB%8B%E6%B5%9C%E5%88%86%E4%B8%AD%E5%AD%A6%E6%A0%A1>
<http://www.wikidata.org/entity/Q11401789>	"北斗茂辺地インターチェンジ"@ja	<http://www.wikidata.org/entity/Q2376564>	"インターチェンジ"@ja	<http://www.wikidata.org/entity/P131>	"位置する行政区画"@ja	<https://ja.wikipedia.org/wiki/%E5%8C%97%E6%96%97%E8%8C%82%E8%BE%BA%E5%9C%B0%E3%82%A4%E3%83%B3%E3%82%BF%E3%83%BC%E3%83%81%E3%82%A7%E3%83%B3%E3%82%B8>
<http://www.wikidata.org/entity/Q11401792>	"北斗追分インターチェンジ"@ja	<http://www.wikidata.org/entity/Q2376564>	"インターチェンジ"@ja	<http://www.wikidata.org/entity/P131>	"位置する行政区画"@ja	<https://ja.wikipedia.org/wiki/%E5%8C%97%E6%96%97%E8%BF%BD%E5%88%86%E3%82%A4%E3%83%B3%E3%82%BF%E3%83%BC%E3%83%81%E3%82%A7%E3%83%B3%E3%82%B8>
<http://www.wikidata.org/entity/Q11402512>	"北海道上磯高等学校"@ja	<http://www.wikidata.org/entity/Q56351315>	"日本の高等学校"@ja	<http://www.wikidata.org/entity/P131>	"位置する行政区画"@ja	<https://ja.wikipedia.org/wiki/%E5%8C%97%E6%B5%B7%E9%81%93%E4%B8%8A%E7%A3%AF%E9%AB%98%E7%AD%89%E5%AD%A6%E6%A0%A1>
<http://www.wikidata.org/entity/Q11402596>	"北海道函館水産高等学校"@ja	<http://www.wikidata.org/entity/Q56351315>	"日本の高等学校"@ja	<http://www.wikidata.org/entity/P131>	"位置する行政区画"@ja	<https://ja.wikipedia.org/wiki/%E5%8C%97%E6%B5%B7%E9%81%93%E5%87%BD%E9%A4%A8%E6%B0%B4%E7%94%A3%E9%AB%98%E7%AD%89%E5%AD%A6%E6%A0%A1>
<http://www.wikidata.org/entity/Q11402672>	"北海道大野農業高等学校"@ja	<http://www.wikidata.org/entity/Q56351315>	"日本の高等学校"@ja	<http://www.wikidata.org/entity/P131>	"位置する行政区画"@ja	<https://ja.wikipedia.org/wiki/%E5%8C%97%E6%B5%B7%E9%81%93%E5%A4%A7%E9%87%8E%E8%BE%B2%E6%A5%AD%E9%AB%98%E7%AD%89%E5%AD%A6%E6%A0%A1>
<http://www.wikidata.org/entity/Q11403059>	"北海道警察函館方面本部"@ja	<http://www.wikidata.org/entity/Q11632355>	"警察本部"@ja	<http://www.wikidata.org/entity/P1001>	"管轄・適用区域"@ja	<https://ja.wikipedia.org/wiki/%E5%8C%97%E6%B5%B7%E9%81%93%E8%AD%A6%E5%AF%9F%E5%87%BD%E9%A4%A8%E6%96%B9%E9%9D%A2%E6%9C%AC%E9%83%A8>
<http://www.wikidata.org/entity/Q11403113>	"北海道道1067号"@ja	<http://www.wikidata.org/entity/Q34442>	"道路"@ja	<http://www.wikidata.org/entity/P609>	"起終点"@ja	<https://ja.wikipedia.org/wiki/%E5%8C%97%E6%B5%B7%E9%81%93%E9%81%931067%E5%8F%B7%E4%B8%83%E9%87%8D%E6%B5%9C%E5%81%9C%E8%BB%8A%E5%A0%B4%E7%B7%9A>
<http://www.wikidata.org/entity/Q11403113>	"北海道道1067号"@ja	<http://www.wikidata.org/entity/Q34442>	"道路"@ja	<http://www.wikidata.org/entity/P131>	"位置する行政区画"@ja	<https://ja.wikipedia.org/wiki/%E5%8C%97%E6%B5%B7%E9%81%93%E9%81%931067%E5%8F%B7%E4%B8%83%E9%87%8D%E6%B5%9C%E5%81%9C%E8%BB%8A%E5%A0%B4%E7%B7%9A>
<http://www.wikidata.org/entity/Q11403167>	"北海道道1167号"@ja	<http://www.wikidata.org/entity/Q34442>	"道路"@ja	<http://www.wikidata.org/entity/P609>	"起終点"@ja	<https://ja.wikipedia.org/wiki/%E5%8C%97%E6%B5%B7%E9%81%93%E9%81%931167%E5%8F%B7%E5%8C%97%E6%96%97%E8%8C%82%E8%BE%BA%E5%9C%B0%E3%82%A4%E3%83%B3%E3%82%BF%E3%83%BC%E7%B7%9A>
<http://www.wikidata.org/entity/Q11403167>	"北海道道1167号"@ja	<http://www.wikidata.org/entity/Q34442>	"道路"@ja	<http://www.wikidata.org/entity/P131>	"位置する行政区画"@ja	<https://ja.wikipedia.org/wiki/%E5%8C%97%E6%B5%B7%E9%81%93%E9%81%931167%E5%8F%B7%E5%8C%97%E6%96%97%E8%8C%82%E8%BE%BA%E5%9C%B0%E3%82%A4%E3%83%B3%E3%82%BF%E3%83%BC%E7%B7%9A>
<http://www.wikidata.org/entity/Q11403276>	"北海道道29号"@ja	<http://www.wikidata.org/entity/Q34442>	"道路"@ja	<http://www.wikidata.org/entity/P609>	"起終点"@ja	<https://ja.wikipedia.org/wiki/%E5%8C%97%E6%B5%B7%E9%81%93%E9%81%9329%E5%8F%B7%E4%B8%8A%E7%A3%AF%E5%8E%9A%E6%B2%A2%E9%83%A8%E7%B7%9A>
<http://www.wikidata.org/entity/Q11403276>	"北海道道29号"@ja	<http://www.wikidata.org/entity/Q34442>	"道路"@ja	<http://www.wikidata.org/entity/P131>	"位置する行政区画"@ja	<https://ja.wikipedia.org/wiki/%E5%8C%97%E6%B5%B7%E9%81%93%E9%81%9329%E5%8F%B7%E4%B8%8A%E7%A3%AF%E5%8E%9A%E6%B2%A2%E9%83%A8%E7%B7%9A>
<http://www.wikidata.org/entity/Q11403510>	"北海道道676号"@ja	<http://www.wikidata.org/entity/Q34442>	"道路"@ja	<http://www.wikidata.org/entity/P609>	"起終点"@ja	<https://ja.wikipedia.org/wiki/%E5%8C%97%E6%B5%B7%E9%81%93%E9%81%93676%E5%8F%B7%E4%B8%83%E9%A3%AF%E5%A4%A7%E9%87%8E%E7%B7%9A>
<http://www.wikidata.org/entity/Q11403510>	"北海道道676号"@ja	<http://www.wikidata.org/entity/Q34442>	"道路"@ja	<http://www.wikidata.org/entity/P131>	"位置する行政区画"@ja	<https://ja.wikipedia.org/wiki/%E5%8C%97%E6%B5%B7%E9%81%93%E9%81%93676%E5%8F%B7%E4%B8%83%E9%A3%AF%E5%A4%A7%E9%87%8E%E7%B7%9A>
<http://www.wikidata.org/entity/Q11403558>	"北海道道756号"@ja	<http://www.wikidata.org/entity/Q34442>	"道路"@ja	<http://www.wikidata.org/entity/P609>	"起終点"@ja	<https://ja.wikipedia.org/wiki/%E5%8C%97%E6%B5%B7%E9%81%93%E9%81%93756%E5%8F%B7%E5%A4%A7%E9%87%8E%E4%B8%8A%E7%A3%AF%E7%B7%9A>
<http://www.wikidata.org/entity/Q11403558>	"北海道道756号"@ja	<http://www.wikidata.org/entity/Q34442>	"道路"@ja	<http://www.wikidata.org/entity/P131>	"位置する行政区画"@ja	<https://ja.wikipedia.org/wiki/%E5%8C%97%E6%B5%B7%E9%81%93%E9%81%93756%E5%8F%B7%E5%A4%A7%E9%87%8E%E4%B8%8A%E7%A3%AF%E7%B7%9A>
<http://www.wikidata.org/entity/Q11403662>	"北海道道969号"@ja	<http://www.wikidata.org/entity/Q34442>	"道路"@ja	<http://www.wikidata.org/entity/P609>	"起終点"@ja	<https://ja.wikipedia.org/wiki/%E5%8C%97%E6%B5%B7%E9%81%93%E9%81%93969%E5%8F%B7%E5%A4%A7%E9%87%8E%E5%A4%A7%E4%B8%AD%E5%B1%B1%E7%B7%9A>
<http://www.wikidata.org/entity/Q11403662>	"北海道道969号"@ja	<http://www.wikidata.org/entity/Q34442>	"道路"@ja	<http://www.wikidata.org/entity/P131>	"位置する行政区画"@ja	<https://ja.wikipedia.org/wiki/%E5%8C%97%E6%B5%B7%E9%81%93%E9%81%93969%E5%8F%B7%E5%A4%A7%E9%87%8E%E5%A4%A7%E4%B8%AD%E5%B1%B1%E7%B7%9A>
<http://www.wikidata.org/entity/Q11403664>	"北海道道96号"@ja	<http://www.wikidata.org/entity/Q34442>	"道路"@ja	<http://www.wikidata.org/entity/P609>	"起終点"@ja	<https://ja.wikipedia.org/wiki/%E5%8C%97%E6%B5%B7%E9%81%93%E9%81%9396%E5%8F%B7%E4%B8%8A%E7%A3%AF%E5%B3%A0%E4%B8%8B%E7%B7%9A>
<http://www.wikidata.org/entity/Q11403664>	"北海道道96号"@ja	<http://www.wikidata.org/entity/Q34442>	"道路"@ja	<http://www.wikidata.org/entity/P131>	"位置する行政区画"@ja	<https://ja.wikipedia.org/wiki/%E5%8C%97%E6%B5%B7%E9%81%93%E9%81%9396%E5%8F%B7%E4%B8%8A%E7%A3%AF%E5%B3%A0%E4%B8%8B%E7%B7%9A>
<http://www.wikidata.org/entity/Q11425210>	"坂本佳子"@ja	<http://www.wikidata.org/entity/Q5>	"ヒト"@ja	<http://www.wikidata.org/entity/P19>	"出生地"@ja	<https://ja.wikipedia.org/wiki/%E5%9D%82%E6%9C%AC%E4%BD%B3%E5%AD%90>
<http://www.wikidata.org/entity/Q11561915>	"渡島当別トンネル"@ja	<http://www.wikidata.org/entity/Q1311958>	"鉄道トンネル"@ja	<http://www.wikidata.org/entity/P131>	"位置する行政区画"@ja	<https://ja.wikipedia.org/wiki/%E6%B8%A1%E5%B3%B6%E5%BD%93%E5%88%A5%E3%83%88%E3%83%B3%E3%83%8D%E3%83%AB>
<http://www.wikidata.org/entity/Q11617029>	"茂別村"@ja	<http://www.wikidata.org/entity/Q18663566>	"日本の廃止市区町村"@ja	<http://www.wikidata.org/entity/P3842>	"位置する現在の行政区画"@ja	<https://ja.wikipedia.org/wiki/%E8%8C%82%E5%88%A5%E6%9D%91>
<http://www.wikidata.org/entity/Q11622845>	"藤井眞吾"@ja	<http://www.wikidata.org/entity/Q5>	"ヒト"@ja	<http://www.wikidata.org/entity/P19>	"出生地"@ja	<https://ja.wikipedia.org/wiki/%E8%97%A4%E4%BA%95%E7%9C%9E%E5%90%BE>
<http://www.wikidata.org/entity/Q16485619>	"北海道道1164号"@ja	<http://www.wikidata.org/entity/Q34442>	"道路"@ja	<http://www.wikidata.org/entity/P609>	"起終点"@ja	<https://ja.wikipedia.org/wiki/%E5%8C%97%E6%B5%B7%E9%81%93%E9%81%931164%E5%8F%B7%E5%8C%97%E6%96%97%E8%BF%BD%E5%88%86%E3%82%A4%E3%83%B3%E3%82%BF%E3%83%BC%E7%B7%9A>
<http://www.wikidata.org/entity/Q16485619>	"北海道道1164号"@ja	<http://www.wikidata.org/entity/Q34442>	"道路"@ja	<http://www.wikidata.org/entity/P131>	"位置する行政区画"@ja	<https://ja.wikipedia.org/wiki/%E5%8C%97%E6%B5%B7%E9%81%93%E9%81%931164%E5%8F%B7%E5%8C%97%E6%96%97%E8%BF%BD%E5%88%86%E3%82%A4%E3%83%B3%E3%82%BF%E3%83%BC%E7%B7%9A>
<http://www.wikidata.org/entity/Q17222409>	"大竹多気"@ja	<http://www.wikidata.org/entity/Q5>	"ヒト"@ja	<http://www.wikidata.org/entity/P19>	"出生地"@ja	<https://ja.wikipedia.org/wiki/%E5%A4%A7%E7%AB%B9%E5%A4%9A%E6%B0%97>
<http://www.wikidata.org/entity/Q17990198>	"北斗市立上磯中学校"@ja	<http://www.wikidata.org/entity/Q55521176>	"日本の中学校"@ja	<http://www.wikidata.org/entity/P131>	"位置する行政区画"@ja	<https://ja.wikipedia.org/wiki/%E5%8C%97%E6%96%97%E5%B8%82%E7%AB%8B%E4%B8%8A%E7%A3%AF%E4%B8%AD%E5%AD%A6%E6%A0%A1>
<http://www.wikidata.org/entity/Q17990198>	"北斗市立上磯中学校"@ja	<http://www.wikidata.org/entity/Q55521176>	"日本の中学校"@ja	<http://www.wikidata.org/entity/P126>	"管理者"@ja	<https://ja.wikipedia.org/wiki/%E5%8C%97%E6%96%97%E5%B8%82%E7%AB%8B%E4%B8%8A%E7%A3%AF%E4%B8%AD%E5%AD%A6%E6%A0%A1>
<http://www.wikidata.org/entity/Q17990197>	"北斗市立上磯小学校"@ja	<http://www.wikidata.org/entity/Q5358913>	"日本の小学校"@ja	<http://www.wikidata.org/entity/P131>	"位置する行政区画"@ja	<https://ja.wikipedia.org/wiki/%E5%8C%97%E6%96%97%E5%B8%82%E7%AB%8B%E4%B8%8A%E7%A3%AF%E5%B0%8F%E5%AD%A6%E6%A0%A1>
<http://www.wikidata.org/entity/Q17990586>	"北斗市立久根別小学校"@ja	<http://www.wikidata.org/entity/Q5358913>	"日本の小学校"@ja	<http://www.wikidata.org/entity/P131>	"位置する行政区画"@ja	<https://ja.wikipedia.org/wiki/%E5%8C%97%E6%96%97%E5%B8%82%E7%AB%8B%E4%B9%85%E6%A0%B9%E5%88%A5%E5%B0%8F%E5%AD%A6%E6%A0%A1>
<http://www.wikidata.org/entity/Q22126341>	"高谷寿峰"@ja	<http://www.wikidata.org/entity/Q5>	"ヒト"@ja	<http://www.wikidata.org/entity/P19>	"出生地"@ja	<https://ja.wikipedia.org/wiki/%E9%AB%98%E8%B0%B7%E5%AF%BF%E5%B3%B0>
<http://www.wikidata.org/entity/Q24265377>	"北海道道1176号"@ja	<http://www.wikidata.org/entity/Q34442>	"道路"@ja	<http://www.wikidata.org/entity/P609>	"起終点"@ja	<https://ja.wikipedia.org/wiki/%E5%8C%97%E6%B5%B7%E9%81%93%E9%81%931176%E5%8F%B7%E6%96%B0%E5%87%BD%E9%A4%A8%E5%8C%97%E6%96%97%E5%81%9C%E8%BB%8A%E5%A0%B4%E4%B8%83%E9%A3%AF%E7%B7%9A>
<http://www.wikidata.org/entity/Q24265377>	"北海道道1176号"@ja	<http://www.wikidata.org/entity/Q34442>	"道路"@ja	<http://www.wikidata.org/entity/P131>	"位置する行政区画"@ja	<https://ja.wikipedia.org/wiki/%E5%8C%97%E6%B5%B7%E9%81%93%E9%81%931176%E5%8F%B7%E6%96%B0%E5%87%BD%E9%A4%A8%E5%8C%97%E6%96%97%E5%81%9C%E8%BB%8A%E5%A0%B4%E4%B8%83%E9%A3%AF%E7%B7%9A>
<http://www.wikidata.org/entity/Q27890226>	"アンビックス函館倶楽部"@ja	<http://www.wikidata.org/entity/Q1048525>	"ゴルフ場"@ja	<http://www.wikidata.org/entity/P131>	"位置する行政区画"@ja	<https://ja.wikipedia.org/wiki/%E3%82%A2%E3%83%B3%E3%83%93%E3%83%83%E3%82%AF%E3%82%B9%E5%87%BD%E9%A4%A8%E5%80%B6%E6%A5%BD%E9%83%A8>
<http://www.wikidata.org/entity/Q108733232>	"北斗市立大野小学校"@ja	<http://www.wikidata.org/entity/Q5358913>	"日本の小学校"@ja	<http://www.wikidata.org/entity/P131>	"位置する行政区画"@ja	<https://ja.wikipedia.org/wiki/%E5%8C%97%E6%96%97%E5%B8%82%E7%AB%8B%E5%A4%A7%E9%87%8E%E5%B0%8F%E5%AD%A6%E6%A0%A1>
<http://www.wikidata.org/entity/Q115595799>	"コシャマイン"@ja	<http://www.wikidata.org/entity/Q5>	"ヒト"@ja	<http://www.wikidata.org/entity/P20>	"死没地"@ja	<https://ja.wikipedia.org/wiki/%E3%82%B3%E3%82%B7%E3%83%A3%E3%83%9E%E3%82%A4%E3%83%B3>
<http://www.wikidata.org/entity/Q1354308>	"木古内町"@ja	<http://www.wikidata.org/entity/Q1059478>	"日本の町"@ja	<http://www.wikidata.org/entity/P47>	"隣の国又は行政区画"@ja	<https://ja.wikipedia.org/wiki/%E6%9C%A8%E5%8F%A4%E5%86%85%E7%94%BA>
<http://www.wikidata.org/entity/Q1354319>	"森町"@ja	<http://www.wikidata.org/entity/Q1059478>	"日本の町"@ja	<http://www.wikidata.org/entity/P47>	"隣の国又は行政区画"@ja	<https://ja.wikipedia.org/wiki/%E6%A3%AE%E7%94%BA_(%E5%8C%97%E6%B5%B7%E9%81%93)>
<http://www.wikidata.org/entity/Q1616914>	"佐々木翔"@ja	<http://www.wikidata.org/entity/Q5>	"ヒト"@ja	<http://www.wikidata.org/entity/P19>	"出生地"@ja	<https://ja.wikipedia.org/wiki/%E4%BD%90%E3%80%85%E6%9C%A8%E7%BF%94_(%E3%83%90%E3%83%89%E3%83%9F%E3%83%B3%E3%83%88%E3%83%B3%E9%81%B8%E6%89%8B)>
<http://www.wikidata.org/entity/Q3916281>	"大野町"@ja	<http://www.wikidata.org/entity/Q18663566>	"日本の廃止市区町村"@ja	<http://www.wikidata.org/entity/P3842>	"位置する現在の行政区画"@ja	<https://ja.wikipedia.org/wiki/%E5%A4%A7%E9%87%8E%E7%94%BA_(%E5%8C%97%E6%B5%B7%E9%81%93)>
<http://www.wikidata.org/entity/Q3916281>	"大野町"@ja	<http://www.wikidata.org/entity/Q18663566>	"日本の廃止市区町村"@ja	<http://www.wikidata.org/entity/P1366>	"後継"@ja	<https://ja.wikipedia.org/wiki/%E5%A4%A7%E9%87%8E%E7%94%BA_(%E5%8C%97%E6%B5%B7%E9%81%93)>
<http://www.wikidata.org/entity/Q5360706>	"渡島当別駅"@ja	<http://www.wikidata.org/entity/Q55488>	"鉄道駅"@ja	<http://www.wikidata.org/entity/P131>	"位置する行政区画"@ja	<https://ja.wikipedia.org/wiki/%E6%B8%A1%E5%B3%B6%E5%BD%93%E5%88%A5%E9%A7%85>
<http://www.wikidata.org/entity/Q5360714>	"清川口駅"@ja	<http://www.wikidata.org/entity/Q55488>	"鉄道駅"@ja	<http://www.wikidata.org/entity/P131>	"位置する行政区画"@ja	<https://ja.wikipedia.org/wiki/%E6%B8%85%E5%B7%9D%E5%8F%A3%E9%A7%85>
<http://www.wikidata.org/entity/Q5360792>	"上磯駅"@ja	<http://www.wikidata.org/entity/Q55488>	"鉄道駅"@ja	<http://www.wikidata.org/entity/P131>	"位置する行政区画"@ja	<https://ja.wikipedia.org/wiki/%E4%B8%8A%E7%A3%AF%E9%A7%85>
<http://www.wikidata.org/entity/Q5360801>	"茂辺地駅"@ja	<http://www.wikidata.org/entity/Q55488>	"鉄道駅"@ja	<http://www.wikidata.org/entity/P131>	"位置する行政区画"@ja	<https://ja.wikipedia.org/wiki/%E8%8C%82%E8%BE%BA%E5%9C%B0%E9%A7%85>
<http://www.wikidata.org/entity/Q5361521>	"久根別駅"@ja	<http://www.wikidata.org/entity/Q55488>	"鉄道駅"@ja	<http://www.wikidata.org/entity/P131>	"位置する行政区画"@ja	<https://ja.wikipedia.org/wiki/%E4%B9%85%E6%A0%B9%E5%88%A5%E9%A7%85>
<http://www.wikidata.org/entity/Q5361747>	"東久根別駅"@ja	<http://www.wikidata.org/entity/Q55488>	"鉄道駅"@ja	<http://www.wikidata.org/entity/P131>	"位置する行政区画"@ja	<https://ja.wikipedia.org/wiki/%E6%9D%B1%E4%B9%85%E6%A0%B9%E5%88%A5%E9%A7%85>
<http://www.wikidata.org/entity/Q5364820>	"七重浜駅"@ja	<http://www.wikidata.org/entity/Q55488>	"鉄道駅"@ja	<http://www.wikidata.org/entity/P131>	"位置する行政区画"@ja	<https://ja.wikipedia.org/wiki/%E4%B8%83%E9%87%8D%E6%B5%9C%E9%A7%85>
<http://www.wikidata.org/entity/Q9580619>	"Category:北斗市"@ja	<http://www.wikidata.org/entity/Q4167836>	"ウィキメディアのカテゴリ"@ja	<http://www.wikidata.org/entity/P301>	"カテゴリの中心主題"@ja	<https://ja.wikipedia.org/wiki/Category:%E5%8C%97%E6%96%97%E5%B8%82>
<http://www.wikidata.org/entity/Q10903308>	"北海道道100号"@ja	<http://www.wikidata.org/entity/Q34442>	"道路"@ja	<http://www.wikidata.org/entity/P609>	"起終点"@ja	<https://ja.wikipedia.org/wiki/%E5%8C%97%E6%B5%B7%E9%81%93%E9%81%93100%E5%8F%B7%E5%87%BD%E9%A4%A8%E4%B8%8A%E7%A3%AF%E7%B7%9A>
<http://www.wikidata.org/entity/Q10903308>	"北海道道100号"@ja	<http://www.wikidata.org/entity/Q34442>	"道路"@ja	<http://www.wikidata.org/entity/P131>	"位置する行政区画"@ja	<https://ja.wikipedia.org/wiki/%E5%8C%97%E6%B5%B7%E9%81%93%E9%81%93100%E5%8F%B7%E5%87%BD%E9%A4%A8%E4%B8%8A%E7%A3%AF%E7%B7%9A>
<http://www.wikidata.org/entity/Q10903402>	"北海道道262号"@ja	<http://www.wikidata.org/entity/Q34442>	"道路"@ja	<http://www.wikidata.org/entity/P609>	"起終点"@ja	<https://ja.wikipedia.org/wiki/%E5%8C%97%E6%B5%B7%E9%81%93%E9%81%93262%E5%8F%B7%E6%96%B0%E5%87%BD%E9%A4%A8%E5%8C%97%E6%96%97%E5%81%9C%E8%BB%8A%E5%A0%B4%E7%B7%9A>
<http://www.wikidata.org/entity/Q10903402>	"北海道道262号"@ja	<http://www.wikidata.org/entity/Q34442>	"道路"@ja	<http://www.wikidata.org/entity/P131>	"位置する行政区画"@ja	<https://ja.wikipedia.org/wiki/%E5%8C%97%E6%B5%B7%E9%81%93%E9%81%93262%E5%8F%B7%E6%96%B0%E5%87%BD%E9%A4%A8%E5%8C%97%E6%96%97%E5%81%9C%E8%BB%8A%E5%A0%B4%E7%B7%9A>
<http://www.wikidata.org/entity/Q10903525>	"北海道道530号"@ja	<http://www.wikidata.org/entity/Q34442>	"道路"@ja	<http://www.wikidata.org/entity/P609>	"起終点"@ja	<https://ja.wikipedia.org/wiki/%E5%8C%97%E6%B5%B7%E9%81%93%E9%81%93530%E5%8F%B7%E4%B8%8A%E7%A3%AF%E5%81%9C%E8%BB%8A%E5%A0%B4%E7%B7%9A>
<http://www.wikidata.org/entity/Q10903525>	"北海道道530号"@ja	<http://www.wikidata.org/entity/Q34442>	"道路"@ja	<http://www.wikidata.org/entity/P131>	"位置する行政区画"@ja	<https://ja.wikipedia.org/wiki/%E5%8C%97%E6%B5%B7%E9%81%93%E9%81%93530%E5%8F%B7%E4%B8%8A%E7%A3%AF%E5%81%9C%E8%BB%8A%E5%A0%B4%E7%B7%9A>
<http://www.wikidata.org/entity/Q56435947>	"北斗市長"@ja	<http://www.wikidata.org/entity/Q4164871>	"職位"@ja	<http://www.wikidata.org/entity/P1001>	"管轄・適用区域"@ja	
