?s	?sLabel	?type	?typeLabel	?prop	?propLabel	?jwiki
<http://www.wikidata.org/entity/Q80011>	"千葉県"@ja	<http://www.wikidata.org/entity/Q50337>	"都道府県"@ja	<http://www.wikidata.org/entity/P150>	"直下の行政区画"@ja	<https://ja.wikipedia.org/wiki/%E5%8D%83%E8%91%89%E7%9C%8C>
<http://www.wikidata.org/entity/Q9380395>	"Category:長生村"@ja	<http://www.wikidata.org/entity/Q4167836>	"ウィキメディアのカテゴリ"@ja	<http://www.wikidata.org/entity/P301>	"カテゴリの中心主題"@ja	<https://ja.wikipedia.org/wiki/Category:%E9%95%B7%E7%94%9F%E6%9D%91>
<http://www.wikidata.org/entity/Q11352529>	"一宮パーキングエリア"@ja	<http://www.wikidata.org/entity/Q785979>	"パーキングエリア"@ja	<http://www.wikidata.org/entity/P131>	"位置する行政区画"@ja	<https://ja.wikipedia.org/wiki/%E4%B8%80%E5%AE%AE%E3%83%91%E3%83%BC%E3%82%AD%E3%83%B3%E3%82%B0%E3%82%A8%E3%83%AA%E3%82%A2>
<http://www.wikidata.org/entity/Q11352841>	"一松村"@ja	<http://www.wikidata.org/entity/Q18663566>	"日本の廃止市区町村"@ja	<http://www.wikidata.org/entity/P3842>	"位置する現在の行政区画"@ja	<https://ja.wikipedia.org/wiki/%E4%B8%80%E6%9D%BE%E6%9D%91>
<http://www.wikidata.org/entity/Q11352841>	"一松村"@ja	<http://www.wikidata.org/entity/Q18663566>	"日本の廃止市区町村"@ja	<http://www.wikidata.org/entity/P1366>	"後継"@ja	<https://ja.wikipedia.org/wiki/%E4%B8%80%E6%9D%BE%E6%9D%91>
<http://www.wikidata.org/entity/Q11391717>	"八積村"@ja	<http://www.wikidata.org/entity/Q18663566>	"日本の廃止市区町村"@ja	<http://www.wikidata.org/entity/P3842>	"位置する現在の行政区画"@ja	<https://ja.wikipedia.org/wiki/%E5%85%AB%E7%A9%8D%E6%9D%91>
<http://www.wikidata.org/entity/Q11391717>	"八積村"@ja	<http://www.wikidata.org/entity/Q18663566>	"日本の廃止市区町村"@ja	<http://www.wikidata.org/entity/P1366>	"後継"@ja	<https://ja.wikipedia.org/wiki/%E5%85%AB%E7%A9%8D%E6%9D%91>
<http://www.wikidata.org/entity/Q11406531>	"千葉県道227号"@ja	<http://www.wikidata.org/entity/Q34442>	"道路"@ja	<http://www.wikidata.org/entity/P609>	"起終点"@ja	<https://ja.wikipedia.org/wiki/%E5%8D%83%E8%91%89%E7%9C%8C%E9%81%93227%E5%8F%B7%E5%85%AB%E7%A9%8D%E5%81%9C%E8%BB%8A%E5%A0%B4%E7%B7%9A>
<http://www.wikidata.org/entity/Q11406531>	"千葉県道227号"@ja	<http://www.wikidata.org/entity/Q34442>	"道路"@ja	<http://www.wikidata.org/entity/P131>	"位置する行政区画"@ja	<https://ja.wikipedia.org/wiki/%E5%8D%83%E8%91%89%E7%9C%8C%E9%81%93227%E5%8F%B7%E5%85%AB%E7%A9%8D%E5%81%9C%E8%BB%8A%E5%A0%B4%E7%B7%9A>
<http://www.wikidata.org/entity/Q11406667>	"千葉県道84号"@ja	<http://www.wikidata.org/entity/Q34442>	"道路"@ja	<http://www.wikidata.org/entity/P609>	"起終点"@ja	<https://ja.wikipedia.org/wiki/%E5%8D%83%E8%91%89%E7%9C%8C%E9%81%9384%E5%8F%B7%E8%8C%82%E5%8E%9F%E9%95%B7%E7%94%9F%E7%B7%9A>
<http://www.wikidata.org/entity/Q11406667>	"千葉県道84号"@ja	<http://www.wikidata.org/entity/Q34442>	"道路"@ja	<http://www.wikidata.org/entity/P131>	"位置する行政区画"@ja	<https://ja.wikipedia.org/wiki/%E5%8D%83%E8%91%89%E7%9C%8C%E9%81%9384%E5%8F%B7%E8%8C%82%E5%8E%9F%E9%95%B7%E7%94%9F%E7%B7%9A>
<http://www.wikidata.org/entity/Q11653413>	"長生村立八積小学校"@ja	<http://www.wikidata.org/entity/Q5358913>	"日本の小学校"@ja	<http://www.wikidata.org/entity/P131>	"位置する行政区画"@ja	<https://ja.wikipedia.org/wiki/%E9%95%B7%E7%94%9F%E6%9D%91%E7%AB%8B%E5%85%AB%E7%A9%8D%E5%B0%8F%E5%AD%A6%E6%A0%A1>
<http://www.wikidata.org/entity/Q11653413>	"長生村立八積小学校"@ja	<http://www.wikidata.org/entity/Q5358913>	"日本の小学校"@ja	<http://www.wikidata.org/entity/P126>	"管理者"@ja	<https://ja.wikipedia.org/wiki/%E9%95%B7%E7%94%9F%E6%9D%91%E7%AB%8B%E5%85%AB%E7%A9%8D%E5%B0%8F%E5%AD%A6%E6%A0%A1>
<http://www.wikidata.org/entity/Q11670640>	"高根村"@ja	<http://www.wikidata.org/entity/Q18663566>	"日本の廃止市区町村"@ja	<http://www.wikidata.org/entity/P3842>	"位置する現在の行政区画"@ja	<https://ja.wikipedia.org/wiki/%E9%AB%98%E6%A0%B9%E6%9D%91_(%E5%8D%83%E8%91%89%E7%9C%8C)>
<http://www.wikidata.org/entity/Q11670640>	"高根村"@ja	<http://www.wikidata.org/entity/Q18663566>	"日本の廃止市区町村"@ja	<http://www.wikidata.org/entity/P1366>	"後継"@ja	<https://ja.wikipedia.org/wiki/%E9%AB%98%E6%A0%B9%E6%9D%91_(%E5%8D%83%E8%91%89%E7%9C%8C)>
<http://www.wikidata.org/entity/Q22119992>	"ハッピー・サイエンス・ユニバーシティ"@ja	<http://www.wikidata.org/entity/Q11567512>	"無認可校"@ja	<http://www.wikidata.org/entity/P276>	"場所"@ja	<https://ja.wikipedia.org/wiki/%E3%83%8F%E3%83%83%E3%83%94%E3%83%BC%E3%83%BB%E3%82%B5%E3%82%A4%E3%82%A8%E3%83%B3%E3%82%B9%E3%83%BB%E3%83%A6%E3%83%8B%E3%83%90%E3%83%BC%E3%82%B7%E3%83%86%E3%82%A3>
<http://www.wikidata.org/entity/Q22119992>	"ハッピー・サイエンス・ユニバーシティ"@ja	<http://www.wikidata.org/entity/Q11567512>	"無認可校"@ja	<http://www.wikidata.org/entity/P159>	"本部所在地"@ja	<https://ja.wikipedia.org/wiki/%E3%83%8F%E3%83%83%E3%83%94%E3%83%BC%E3%83%BB%E3%82%B5%E3%82%A4%E3%82%A8%E3%83%B3%E3%82%B9%E3%83%BB%E3%83%A6%E3%83%8B%E3%83%90%E3%83%BC%E3%82%B7%E3%83%86%E3%82%A3>
<http://www.wikidata.org/entity/Q22119992>	"ハッピー・サイエンス・ユニバーシティ"@ja	<http://www.wikidata.org/entity/Q2385804>	"教育機関"@ja	<http://www.wikidata.org/entity/P276>	"場所"@ja	<https://ja.wikipedia.org/wiki/%E3%83%8F%E3%83%83%E3%83%94%E3%83%BC%E3%83%BB%E3%82%B5%E3%82%A4%E3%82%A8%E3%83%B3%E3%82%B9%E3%83%BB%E3%83%A6%E3%83%8B%E3%83%90%E3%83%BC%E3%82%B7%E3%83%86%E3%82%A3>
<http://www.wikidata.org/entity/Q22119992>	"ハッピー・サイエンス・ユニバーシティ"@ja	<http://www.wikidata.org/entity/Q2385804>	"教育機関"@ja	<http://www.wikidata.org/entity/P159>	"本部所在地"@ja	<https://ja.wikipedia.org/wiki/%E3%83%8F%E3%83%83%E3%83%94%E3%83%BC%E3%83%BB%E3%82%B5%E3%82%A4%E3%82%A8%E3%83%B3%E3%82%B9%E3%83%BB%E3%83%A6%E3%83%8B%E3%83%90%E3%83%BC%E3%82%B7%E3%83%86%E3%82%A3>
<http://www.wikidata.org/entity/Q22119992>	"ハッピー・サイエンス・ユニバーシティ"@ja	<http://www.wikidata.org/entity/Q1786951>	"Q1786951"	<http://www.wikidata.org/entity/P276>	"場所"@ja	<https://ja.wikipedia.org/wiki/%E3%83%8F%E3%83%83%E3%83%94%E3%83%BC%E3%83%BB%E3%82%B5%E3%82%A4%E3%82%A8%E3%83%B3%E3%82%B9%E3%83%BB%E3%83%A6%E3%83%8B%E3%83%90%E3%83%BC%E3%82%B7%E3%83%86%E3%82%A3>
<http://www.wikidata.org/entity/Q22119992>	"ハッピー・サイエンス・ユニバーシティ"@ja	<http://www.wikidata.org/entity/Q1786951>	"Q1786951"	<http://www.wikidata.org/entity/P159>	"本部所在地"@ja	<https://ja.wikipedia.org/wiki/%E3%83%8F%E3%83%83%E3%83%94%E3%83%BC%E3%83%BB%E3%82%B5%E3%82%A4%E3%82%A8%E3%83%B3%E3%82%B9%E3%83%BB%E3%83%A6%E3%83%8B%E3%83%90%E3%83%BC%E3%82%B7%E3%83%86%E3%82%A3>
<http://www.wikidata.org/entity/Q22119992>	"ハッピー・サイエンス・ユニバーシティ"@ja	<http://www.wikidata.org/entity/Q837632>	"私塾"@ja	<http://www.wikidata.org/entity/P276>	"場所"@ja	<https://ja.wikipedia.org/wiki/%E3%83%8F%E3%83%83%E3%83%94%E3%83%BC%E3%83%BB%E3%82%B5%E3%82%A4%E3%82%A8%E3%83%B3%E3%82%B9%E3%83%BB%E3%83%A6%E3%83%8B%E3%83%90%E3%83%BC%E3%82%B7%E3%83%86%E3%82%A3>
<http://www.wikidata.org/entity/Q22119992>	"ハッピー・サイエンス・ユニバーシティ"@ja	<http://www.wikidata.org/entity/Q837632>	"私塾"@ja	<http://www.wikidata.org/entity/P159>	"本部所在地"@ja	<https://ja.wikipedia.org/wiki/%E3%83%8F%E3%83%83%E3%83%94%E3%83%BC%E3%83%BB%E3%82%B5%E3%82%A4%E3%82%A8%E3%83%B3%E3%82%B9%E3%83%BB%E3%83%A6%E3%83%8B%E3%83%90%E3%83%BC%E3%82%B7%E3%83%86%E3%82%A3>
<http://www.wikidata.org/entity/Q110059909>	"岩沼"@ja	<http://www.wikidata.org/entity/Q486972>	"集落"@ja	<http://www.wikidata.org/entity/P131>	"位置する行政区画"@ja	<https://ja.wikipedia.org/wiki/%E5%B2%A9%E6%B2%BC_(%E9%95%B7%E7%94%9F%E6%9D%91)>
<http://www.wikidata.org/entity/Q110059909>	"岩沼"@ja	<http://www.wikidata.org/entity/Q424857>	"大字"@ja	<http://www.wikidata.org/entity/P131>	"位置する行政区画"@ja	<https://ja.wikipedia.org/wiki/%E5%B2%A9%E6%B2%BC_(%E9%95%B7%E7%94%9F%E6%9D%91)>
<http://www.wikidata.org/entity/Q112340685>	"Category:長生村の歴史"@ja	<http://www.wikidata.org/entity/Q4167836>	"ウィキメディアのカテゴリ"@ja	<http://www.wikidata.org/entity/P971>	"以下の組み合わせカテゴリ"@ja	<https://ja.wikipedia.org/wiki/Category:%E9%95%B7%E7%94%9F%E6%9D%91%E3%81%AE%E6%AD%B4%E5%8F%B2>
<http://www.wikidata.org/entity/Q502486>	"茂原市"@ja	<http://www.wikidata.org/entity/Q494721>	"日本の市"@ja	<http://www.wikidata.org/entity/P47>	"隣の国又は行政区画"@ja	<https://ja.wikipedia.org/wiki/%E8%8C%82%E5%8E%9F%E5%B8%82>
<http://www.wikidata.org/entity/Q564445>	"八積駅"@ja	<http://www.wikidata.org/entity/Q55488>	"鉄道駅"@ja	<http://www.wikidata.org/entity/P131>	"位置する行政区画"@ja	<https://ja.wikipedia.org/wiki/%E5%85%AB%E7%A9%8D%E9%A7%85>
<http://www.wikidata.org/entity/Q768083>	"睦沢町"@ja	<http://www.wikidata.org/entity/Q1059478>	"日本の町"@ja	<http://www.wikidata.org/entity/P47>	"隣の国又は行政区画"@ja	<https://ja.wikipedia.org/wiki/%E7%9D%A6%E6%B2%A2%E7%94%BA>
<http://www.wikidata.org/entity/Q1203293>	"白子町"@ja	<http://www.wikidata.org/entity/Q1059478>	"日本の町"@ja	<http://www.wikidata.org/entity/P47>	"隣の国又は行政区画"@ja	<https://ja.wikipedia.org/wiki/%E7%99%BD%E5%AD%90%E7%94%BA>
<http://www.wikidata.org/entity/Q1203500>	"長生郡"@ja	<http://www.wikidata.org/entity/Q1122846>	"郡"@ja	<http://www.wikidata.org/entity/P150>	"直下の行政区画"@ja	<https://ja.wikipedia.org/wiki/%E9%95%B7%E7%94%9F%E9%83%A1>
<http://www.wikidata.org/entity/Q1203602>	"一宮町"@ja	<http://www.wikidata.org/entity/Q1059478>	"日本の町"@ja	<http://www.wikidata.org/entity/P47>	"隣の国又は行政区画"@ja	<https://ja.wikipedia.org/wiki/%E4%B8%80%E5%AE%AE%E7%94%BA>
<http://www.wikidata.org/entity/Q56437046>	"長生村長"@ja	<http://www.wikidata.org/entity/Q4164871>	"職位"@ja	<http://www.wikidata.org/entity/P1001>	"管轄・適用区域"@ja	
<http://www.wikidata.org/entity/Q80901659>	"長生村立一松小学校"@ja	<http://www.wikidata.org/entity/Q5358913>	"日本の小学校"@ja	<http://www.wikidata.org/entity/P131>	"位置する行政区画"@ja	
<http://www.wikidata.org/entity/Q80901659>	"長生村立一松小学校"@ja	<http://www.wikidata.org/entity/Q5358913>	"日本の小学校"@ja	<http://www.wikidata.org/entity/P126>	"管理者"@ja	
<http://www.wikidata.org/entity/Q80901663>	"長生村立高根小学校"@ja	<http://www.wikidata.org/entity/Q5358913>	"日本の小学校"@ja	<http://www.wikidata.org/entity/P131>	"位置する行政区画"@ja	
<http://www.wikidata.org/entity/Q80901663>	"長生村立高根小学校"@ja	<http://www.wikidata.org/entity/Q5358913>	"日本の小学校"@ja	<http://www.wikidata.org/entity/P126>	"管理者"@ja	
<http://www.wikidata.org/entity/Q80901666>	"長生村立長生中学校"@ja	<http://www.wikidata.org/entity/Q55521176>	"日本の中学校"@ja	<http://www.wikidata.org/entity/P131>	"位置する行政区画"@ja	
<http://www.wikidata.org/entity/Q80901666>	"長生村立長生中学校"@ja	<http://www.wikidata.org/entity/Q55521176>	"日本の中学校"@ja	<http://www.wikidata.org/entity/P126>	"管理者"@ja	
