?s	?sLabel	?type	?typeLabel	?prop	?propLabel	?jwiki
<http://www.wikidata.org/entity/Q80011>	"千葉県"@ja	<http://www.wikidata.org/entity/Q50337>	"都道府県"@ja	<http://www.wikidata.org/entity/P150>	"直下の行政区画"@ja	<https://ja.wikipedia.org/wiki/%E5%8D%83%E8%91%89%E7%9C%8C>
<http://www.wikidata.org/entity/Q207881>	"市原市"@ja	<http://www.wikidata.org/entity/Q1662024>	"工業地帯"@ja	<http://www.wikidata.org/entity/P47>	"隣の国又は行政区画"@ja	<https://ja.wikipedia.org/wiki/%E5%B8%82%E5%8E%9F%E5%B8%82>
<http://www.wikidata.org/entity/Q207881>	"市原市"@ja	<http://www.wikidata.org/entity/Q1549591>	"10万都市"@ja	<http://www.wikidata.org/entity/P47>	"隣の国又は行政区画"@ja	<https://ja.wikipedia.org/wiki/%E5%B8%82%E5%8E%9F%E5%B8%82>
<http://www.wikidata.org/entity/Q207881>	"市原市"@ja	<http://www.wikidata.org/entity/Q494721>	"日本の市"@ja	<http://www.wikidata.org/entity/P47>	"隣の国又は行政区画"@ja	<https://ja.wikipedia.org/wiki/%E5%B8%82%E5%8E%9F%E5%B8%82>
<http://www.wikidata.org/entity/Q387211>	"鴨川市"@ja	<http://www.wikidata.org/entity/Q494721>	"日本の市"@ja	<http://www.wikidata.org/entity/P47>	"隣の国又は行政区画"@ja	<https://ja.wikipedia.org/wiki/%E9%B4%A8%E5%B7%9D%E5%B8%82>
<http://www.wikidata.org/entity/Q637928>	"君津市"@ja	<http://www.wikidata.org/entity/Q494721>	"日本の市"@ja	<http://www.wikidata.org/entity/P47>	"隣の国又は行政区画"@ja	<https://ja.wikipedia.org/wiki/%E5%90%9B%E6%B4%A5%E5%B8%82>
<http://www.wikidata.org/entity/Q696418>	"勝浦市"@ja	<http://www.wikidata.org/entity/Q494721>	"日本の市"@ja	<http://www.wikidata.org/entity/P47>	"隣の国又は行政区画"@ja	<https://ja.wikipedia.org/wiki/%E5%8B%9D%E6%B5%A6%E5%B8%82>
<http://www.wikidata.org/entity/Q768083>	"睦沢町"@ja	<http://www.wikidata.org/entity/Q1059478>	"日本の町"@ja	<http://www.wikidata.org/entity/P47>	"隣の国又は行政区画"@ja	<https://ja.wikipedia.org/wiki/%E7%9D%A6%E6%B2%A2%E7%94%BA>
<http://www.wikidata.org/entity/Q840834>	"いすみ市"@ja	<http://www.wikidata.org/entity/Q494721>	"日本の市"@ja	<http://www.wikidata.org/entity/P47>	"隣の国又は行政区画"@ja	<https://ja.wikipedia.org/wiki/%E3%81%84%E3%81%99%E3%81%BF%E5%B8%82>
<http://www.wikidata.org/entity/Q1143717>	"夷隅郡"@ja	<http://www.wikidata.org/entity/Q1122846>	"郡"@ja	<http://www.wikidata.org/entity/P150>	"直下の行政区画"@ja	<https://ja.wikipedia.org/wiki/%E5%A4%B7%E9%9A%85%E9%83%A1>
<http://www.wikidata.org/entity/Q1203194>	"長南町"@ja	<http://www.wikidata.org/entity/Q1059478>	"日本の町"@ja	<http://www.wikidata.org/entity/P47>	"隣の国又は行政区画"@ja	<https://ja.wikipedia.org/wiki/%E9%95%B7%E5%8D%97%E7%94%BA>
<http://www.wikidata.org/entity/Q2968402>	"大多喜城"@ja	<http://www.wikidata.org/entity/Q92026>	"日本の城"@ja	<http://www.wikidata.org/entity/P131>	"位置する行政区画"@ja	<https://ja.wikipedia.org/wiki/%E5%A4%A7%E5%A4%9A%E5%96%9C%E5%9F%8E>
<http://www.wikidata.org/entity/Q3034420>	"大多喜藩"@ja	<http://www.wikidata.org/entity/Q841985>	"藩"@ja	<http://www.wikidata.org/entity/P36>	"行政中心地"@ja	<https://ja.wikipedia.org/wiki/%E5%A4%A7%E5%A4%9A%E5%96%9C%E8%97%A9>
<http://www.wikidata.org/entity/Q3331930>	"妙法生寺"@ja	<http://www.wikidata.org/entity/Q5393308>	"仏教寺院"@ja	<http://www.wikidata.org/entity/P131>	"位置する行政区画"@ja	<https://ja.wikipedia.org/wiki/%E5%A6%99%E6%B3%95%E7%94%9F%E5%AF%BA>
<http://www.wikidata.org/entity/Q3454076>	"良玄寺"@ja	<http://www.wikidata.org/entity/Q5393308>	"仏教寺院"@ja	<http://www.wikidata.org/entity/P131>	"位置する行政区画"@ja	<https://ja.wikipedia.org/wiki/%E8%89%AF%E7%8E%84%E5%AF%BA>
<http://www.wikidata.org/entity/Q5509878>	"総元駅"@ja	<http://www.wikidata.org/entity/Q55488>	"鉄道駅"@ja	<http://www.wikidata.org/entity/P131>	"位置する行政区画"@ja	<https://ja.wikipedia.org/wiki/%E7%B7%8F%E5%85%83%E9%A7%85>
<http://www.wikidata.org/entity/Q5753509>	"東総元駅"@ja	<http://www.wikidata.org/entity/Q55488>	"鉄道駅"@ja	<http://www.wikidata.org/entity/P131>	"位置する行政区画"@ja	<https://ja.wikipedia.org/wiki/%E6%9D%B1%E7%B7%8F%E5%85%83%E9%A7%85>
<http://www.wikidata.org/entity/Q6157622>	"国道465号"@ja	<http://www.wikidata.org/entity/Q34442>	"道路"@ja	<http://www.wikidata.org/entity/P1302>	"主な経由都市"@ja	<https://ja.wikipedia.org/wiki/%E5%9B%BD%E9%81%93465%E5%8F%B7>
<http://www.wikidata.org/entity/Q6381719>	"上総中野駅"@ja	<http://www.wikidata.org/entity/Q55488>	"鉄道駅"@ja	<http://www.wikidata.org/entity/P131>	"位置する行政区画"@ja	<https://ja.wikipedia.org/wiki/%E4%B8%8A%E7%B7%8F%E4%B8%AD%E9%87%8E%E9%A7%85>
<http://www.wikidata.org/entity/Q6435135>	"小谷松駅"@ja	<http://www.wikidata.org/entity/Q55488>	"鉄道駅"@ja	<http://www.wikidata.org/entity/P131>	"位置する行政区画"@ja	<https://ja.wikipedia.org/wiki/%E5%B0%8F%E8%B0%B7%E6%9D%BE%E9%A7%85>
<http://www.wikidata.org/entity/Q6441938>	"久我原駅"@ja	<http://www.wikidata.org/entity/Q55488>	"鉄道駅"@ja	<http://www.wikidata.org/entity/P131>	"位置する行政区画"@ja	<https://ja.wikipedia.org/wiki/%E4%B9%85%E6%88%91%E5%8E%9F%E9%A7%85>
<http://www.wikidata.org/entity/Q7040558>	"西畑駅"@ja	<http://www.wikidata.org/entity/Q55488>	"鉄道駅"@ja	<http://www.wikidata.org/entity/P131>	"位置する行政区画"@ja	<https://ja.wikipedia.org/wiki/%E8%A5%BF%E7%95%91%E9%A7%85>
<http://www.wikidata.org/entity/Q7418295>	"三育学院大学"@ja	<http://www.wikidata.org/entity/Q1743327>	"ミッション系大学"@ja	<http://www.wikidata.org/entity/P131>	"位置する行政区画"@ja	<https://ja.wikipedia.org/wiki/%E4%B8%89%E8%82%B2%E5%AD%A6%E9%99%A2%E5%A4%A7%E5%AD%A6>
<http://www.wikidata.org/entity/Q7418295>	"三育学院大学"@ja	<http://www.wikidata.org/entity/Q3918>	"大学"@ja	<http://www.wikidata.org/entity/P131>	"位置する行政区画"@ja	<https://ja.wikipedia.org/wiki/%E4%B8%89%E8%82%B2%E5%AD%A6%E9%99%A2%E5%A4%A7%E5%AD%A6>
<http://www.wikidata.org/entity/Q7498947>	"城見ヶ丘駅"@ja	<http://www.wikidata.org/entity/Q55488>	"鉄道駅"@ja	<http://www.wikidata.org/entity/P131>	"位置する行政区画"@ja	<https://ja.wikipedia.org/wiki/%E5%9F%8E%E8%A6%8B%E3%83%B6%E4%B8%98%E9%A7%85>
<http://www.wikidata.org/entity/Q8062663>	"養老渓谷"@ja	<http://www.wikidata.org/entity/Q150784>	"峡谷"@ja	<http://www.wikidata.org/entity/P131>	"位置する行政区画"@ja	<https://ja.wikipedia.org/wiki/%E9%A4%8A%E8%80%81%E6%B8%93%E8%B0%B7>
<http://www.wikidata.org/entity/Q9611184>	"Category:大多喜町"@ja	<http://www.wikidata.org/entity/Q4167836>	"ウィキメディアのカテゴリ"@ja	<http://www.wikidata.org/entity/P301>	"カテゴリの中心主題"@ja	<https://ja.wikipedia.org/wiki/Category:%E5%A4%A7%E5%A4%9A%E5%96%9C%E7%94%BA>
<http://www.wikidata.org/entity/Q10863313>	"大多喜新田藩"@ja	<http://www.wikidata.org/entity/Q841985>	"藩"@ja	<http://www.wikidata.org/entity/P36>	"行政中心地"@ja	<https://ja.wikipedia.org/wiki/%E5%A4%A7%E5%A4%9A%E5%96%9C%E6%96%B0%E7%94%B0%E8%97%A9>
<http://www.wikidata.org/entity/Q11356956>	"三育学院短期大学"@ja	<http://www.wikidata.org/entity/Q189004>	"カレッジ"@ja	<http://www.wikidata.org/entity/P159>	"本部所在地"@ja	<https://ja.wikipedia.org/wiki/%E4%B8%89%E8%82%B2%E5%AD%A6%E9%99%A2%E7%9F%AD%E6%9C%9F%E5%A4%A7%E5%AD%A6>
<http://www.wikidata.org/entity/Q11356956>	"三育学院短期大学"@ja	<http://www.wikidata.org/entity/Q189004>	"カレッジ"@ja	<http://www.wikidata.org/entity/P131>	"位置する行政区画"@ja	<https://ja.wikipedia.org/wiki/%E4%B8%89%E8%82%B2%E5%AD%A6%E9%99%A2%E7%9F%AD%E6%9C%9F%E5%A4%A7%E5%AD%A6>
<http://www.wikidata.org/entity/Q11359613>	"上瀑村"@ja	<http://www.wikidata.org/entity/Q18663566>	"日本の廃止市区町村"@ja	<http://www.wikidata.org/entity/P3842>	"位置する現在の行政区画"@ja	<https://ja.wikipedia.org/wiki/%E4%B8%8A%E7%80%91%E6%9D%91>
<http://www.wikidata.org/entity/Q11359613>	"上瀑村"@ja	<http://www.wikidata.org/entity/Q18663566>	"日本の廃止市区町村"@ja	<http://www.wikidata.org/entity/P1366>	"後継"@ja	<https://ja.wikipedia.org/wiki/%E4%B8%8A%E7%80%91%E6%9D%91>
<http://www.wikidata.org/entity/Q11406244>	"千葉県立大多喜女子高等学校"@ja	<http://www.wikidata.org/entity/Q56351315>	"日本の高等学校"@ja	<http://www.wikidata.org/entity/P131>	"位置する行政区画"@ja	<https://ja.wikipedia.org/wiki/%E5%8D%83%E8%91%89%E7%9C%8C%E7%AB%8B%E5%A4%A7%E5%A4%9A%E5%96%9C%E5%A5%B3%E5%AD%90%E9%AB%98%E7%AD%89%E5%AD%A6%E6%A0%A1>
<http://www.wikidata.org/entity/Q11406245>	"千葉県立大多喜高等学校"@ja	<http://www.wikidata.org/entity/Q56351315>	"日本の高等学校"@ja	<http://www.wikidata.org/entity/P131>	"位置する行政区画"@ja	<https://ja.wikipedia.org/wiki/%E5%8D%83%E8%91%89%E7%9C%8C%E7%AB%8B%E5%A4%A7%E5%A4%9A%E5%96%9C%E9%AB%98%E7%AD%89%E5%AD%A6%E6%A0%A1>
<http://www.wikidata.org/entity/Q11406449>	"千葉県道147号"@ja	<http://www.wikidata.org/entity/Q34442>	"道路"@ja	<http://www.wikidata.org/entity/P609>	"起終点"@ja	<https://ja.wikipedia.org/wiki/%E5%8D%83%E8%91%89%E7%9C%8C%E9%81%93147%E5%8F%B7%E9%95%B7%E6%9F%84%E5%A4%A7%E5%A4%9A%E5%96%9C%E7%B7%9A>
<http://www.wikidata.org/entity/Q11406452>	"千葉県道150号"@ja	<http://www.wikidata.org/entity/Q34442>	"道路"@ja	<http://www.wikidata.org/entity/P609>	"起終点"@ja	<https://ja.wikipedia.org/wiki/%E5%8D%83%E8%91%89%E7%9C%8C%E9%81%93150%E5%8F%B7%E5%A4%A7%E5%A4%9A%E5%96%9C%E4%B8%80%E5%AE%AE%E7%B7%9A>
<http://www.wikidata.org/entity/Q11406452>	"千葉県道150号"@ja	<http://www.wikidata.org/entity/Q34442>	"道路"@ja	<http://www.wikidata.org/entity/P131>	"位置する行政区画"@ja	<https://ja.wikipedia.org/wiki/%E5%8D%83%E8%91%89%E7%9C%8C%E9%81%93150%E5%8F%B7%E5%A4%A7%E5%A4%9A%E5%96%9C%E4%B8%80%E5%AE%AE%E7%B7%9A>
<http://www.wikidata.org/entity/Q11406474>	"千葉県道172号"@ja	<http://www.wikidata.org/entity/Q34442>	"道路"@ja	<http://www.wikidata.org/entity/P609>	"起終点"@ja	<https://ja.wikipedia.org/wiki/%E5%8D%83%E8%91%89%E7%9C%8C%E9%81%93172%E5%8F%B7%E5%A4%A7%E5%A4%9A%E5%96%9C%E9%87%8C%E8%A6%8B%E7%B7%9A>
<http://www.wikidata.org/entity/Q11406474>	"千葉県道172号"@ja	<http://www.wikidata.org/entity/Q34442>	"道路"@ja	<http://www.wikidata.org/entity/P131>	"位置する行政区画"@ja	<https://ja.wikipedia.org/wiki/%E5%8D%83%E8%91%89%E7%9C%8C%E9%81%93172%E5%8F%B7%E5%A4%A7%E5%A4%9A%E5%96%9C%E9%87%8C%E8%A6%8B%E7%B7%9A>
<http://www.wikidata.org/entity/Q11406482>	"千葉県道178号"@ja	<http://www.wikidata.org/entity/Q34442>	"道路"@ja	<http://www.wikidata.org/entity/P609>	"起終点"@ja	<https://ja.wikipedia.org/wiki/%E5%8D%83%E8%91%89%E7%9C%8C%E9%81%93178%E5%8F%B7%E5%B0%8F%E7%94%B0%E4%BB%A3%E5%8B%9D%E6%B5%A6%E7%B7%9A>
<http://www.wikidata.org/entity/Q11406482>	"千葉県道178号"@ja	<http://www.wikidata.org/entity/Q34442>	"道路"@ja	<http://www.wikidata.org/entity/P131>	"位置する行政区画"@ja	<https://ja.wikipedia.org/wiki/%E5%8D%83%E8%91%89%E7%9C%8C%E9%81%93178%E5%8F%B7%E5%B0%8F%E7%94%B0%E4%BB%A3%E5%8B%9D%E6%B5%A6%E7%B7%9A>
<http://www.wikidata.org/entity/Q11406480>	"千葉県道177号"@ja	<http://www.wikidata.org/entity/Q34442>	"道路"@ja	<http://www.wikidata.org/entity/P609>	"起終点"@ja	<https://ja.wikipedia.org/wiki/%E5%8D%83%E8%91%89%E7%9C%8C%E9%81%93177%E5%8F%B7%E5%8B%9D%E6%B5%A6%E4%B8%8A%E9%87%8E%E5%A4%A7%E5%A4%9A%E5%96%9C%E7%B7%9A>
<http://www.wikidata.org/entity/Q11406480>	"千葉県道177号"@ja	<http://www.wikidata.org/entity/Q34442>	"道路"@ja	<http://www.wikidata.org/entity/P131>	"位置する行政区画"@ja	<https://ja.wikipedia.org/wiki/%E5%8D%83%E8%91%89%E7%9C%8C%E9%81%93177%E5%8F%B7%E5%8B%9D%E6%B5%A6%E4%B8%8A%E9%87%8E%E5%A4%A7%E5%A4%9A%E5%96%9C%E7%B7%9A>
<http://www.wikidata.org/entity/Q11406535>	"千葉県道231号"@ja	<http://www.wikidata.org/entity/Q34442>	"道路"@ja	<http://www.wikidata.org/entity/P609>	"起終点"@ja	<https://ja.wikipedia.org/wiki/%E5%8D%83%E8%91%89%E7%9C%8C%E9%81%93231%E5%8F%B7%E5%A4%A7%E5%A4%9A%E5%96%9C%E5%81%9C%E8%BB%8A%E5%A0%B4%E7%B7%9A>
<http://www.wikidata.org/entity/Q11406535>	"千葉県道231号"@ja	<http://www.wikidata.org/entity/Q34442>	"道路"@ja	<http://www.wikidata.org/entity/P131>	"位置する行政区画"@ja	<https://ja.wikipedia.org/wiki/%E5%8D%83%E8%91%89%E7%9C%8C%E9%81%93231%E5%8F%B7%E5%A4%A7%E5%A4%9A%E5%96%9C%E5%81%9C%E8%BB%8A%E5%A0%B4%E7%B7%9A>
<http://www.wikidata.org/entity/Q11406587>	"千葉県道27号"@ja	<http://www.wikidata.org/entity/Q34442>	"道路"@ja	<http://www.wikidata.org/entity/P609>	"起終点"@ja	<https://ja.wikipedia.org/wiki/%E5%8D%83%E8%91%89%E7%9C%8C%E9%81%9327%E5%8F%B7%E8%8C%82%E5%8E%9F%E5%A4%A7%E5%A4%9A%E5%96%9C%E7%B7%9A>
<http://www.wikidata.org/entity/Q11406587>	"千葉県道27号"@ja	<http://www.wikidata.org/entity/Q34442>	"道路"@ja	<http://www.wikidata.org/entity/P131>	"位置する行政区画"@ja	<https://ja.wikipedia.org/wiki/%E5%8D%83%E8%91%89%E7%9C%8C%E9%81%9327%E5%8F%B7%E8%8C%82%E5%8E%9F%E5%A4%A7%E5%A4%9A%E5%96%9C%E7%B7%9A>
<http://www.wikidata.org/entity/Q11406613>	"千葉県道32号"@ja	<http://www.wikidata.org/entity/Q34442>	"道路"@ja	<http://www.wikidata.org/entity/P609>	"起終点"@ja	<https://ja.wikipedia.org/wiki/%E5%8D%83%E8%91%89%E7%9C%8C%E9%81%9332%E5%8F%B7%E5%A4%A7%E5%A4%9A%E5%96%9C%E5%90%9B%E6%B4%A5%E7%B7%9A>
<http://www.wikidata.org/entity/Q11406613>	"千葉県道32号"@ja	<http://www.wikidata.org/entity/Q34442>	"道路"@ja	<http://www.wikidata.org/entity/P131>	"位置する行政区画"@ja	<https://ja.wikipedia.org/wiki/%E5%8D%83%E8%91%89%E7%9C%8C%E9%81%9332%E5%8F%B7%E5%A4%A7%E5%A4%9A%E5%96%9C%E5%90%9B%E6%B4%A5%E7%B7%9A>
<http://www.wikidata.org/entity/Q11406664>	"千葉県道81号"@ja	<http://www.wikidata.org/entity/Q34442>	"道路"@ja	<http://www.wikidata.org/entity/P131>	"位置する行政区画"@ja	<https://ja.wikipedia.org/wiki/%E5%8D%83%E8%91%89%E7%9C%8C%E9%81%9381%E5%8F%B7%E5%B8%82%E5%8E%9F%E5%A4%A9%E6%B4%A5%E5%B0%8F%E6%B9%8A%E7%B7%9A>
<http://www.wikidata.org/entity/Q11434170>	"大多喜駅"@ja	<http://www.wikidata.org/entity/Q55488>	"鉄道駅"@ja	<http://www.wikidata.org/entity/P131>	"位置する行政区画"@ja	<https://ja.wikipedia.org/wiki/%E5%A4%A7%E5%A4%9A%E5%96%9C%E9%A7%85>
<http://www.wikidata.org/entity/Q11487345>	"弘文洞跡"@ja	<http://www.wikidata.org/entity/Q44377>	"トンネル"@ja	<http://www.wikidata.org/entity/P131>	"位置する行政区画"@ja	<https://ja.wikipedia.org/wiki/%E5%BC%98%E6%96%87%E6%B4%9E%E8%B7%A1>
<http://www.wikidata.org/entity/Q11562207>	"渡辺家住宅"@ja	<http://www.wikidata.org/entity/Q11411321>	"日本の古民家"@ja	<http://www.wikidata.org/entity/P131>	"位置する行政区画"@ja	<https://ja.wikipedia.org/wiki/%E6%B8%A1%E8%BE%BA%E5%AE%B6%E4%BD%8F%E5%AE%85>
<http://www.wikidata.org/entity/Q11603067>	"筒森神社"@ja	<http://www.wikidata.org/entity/Q845945>	"神社"@ja	<http://www.wikidata.org/entity/P131>	"位置する行政区画"@ja	<https://ja.wikipedia.org/wiki/%E7%AD%92%E6%A3%AE%E7%A5%9E%E7%A4%BE>
<http://www.wikidata.org/entity/Q11607521>	"総元村"@ja	<http://www.wikidata.org/entity/Q18663566>	"日本の廃止市区町村"@ja	<http://www.wikidata.org/entity/P3842>	"位置する現在の行政区画"@ja	<https://ja.wikipedia.org/wiki/%E7%B7%8F%E5%85%83%E6%9D%91>
<http://www.wikidata.org/entity/Q11607521>	"総元村"@ja	<http://www.wikidata.org/entity/Q18663566>	"日本の廃止市区町村"@ja	<http://www.wikidata.org/entity/P1366>	"後継"@ja	<https://ja.wikipedia.org/wiki/%E7%B7%8F%E5%85%83%E6%9D%91>
<http://www.wikidata.org/entity/Q11610640>	"老川村"@ja	<http://www.wikidata.org/entity/Q18663566>	"日本の廃止市区町村"@ja	<http://www.wikidata.org/entity/P3842>	"位置する現在の行政区画"@ja	<https://ja.wikipedia.org/wiki/%E8%80%81%E5%B7%9D%E6%9D%91>
<http://www.wikidata.org/entity/Q11610640>	"老川村"@ja	<http://www.wikidata.org/entity/Q18663566>	"日本の廃止市区町村"@ja	<http://www.wikidata.org/entity/P1366>	"後継"@ja	<https://ja.wikipedia.org/wiki/%E8%80%81%E5%B7%9D%E6%9D%91>
<http://www.wikidata.org/entity/Q11629318>	"西畑村"@ja	<http://www.wikidata.org/entity/Q18663566>	"日本の廃止市区町村"@ja	<http://www.wikidata.org/entity/P3842>	"位置する現在の行政区画"@ja	<https://ja.wikipedia.org/wiki/%E8%A5%BF%E7%95%91%E6%9D%91>
<http://www.wikidata.org/entity/Q11629318>	"西畑村"@ja	<http://www.wikidata.org/entity/Q18663566>	"日本の廃止市区町村"@ja	<http://www.wikidata.org/entity/P1366>	"後継"@ja	<https://ja.wikipedia.org/wiki/%E8%A5%BF%E7%95%91%E6%9D%91>
<http://www.wikidata.org/entity/Q11640812>	"道の駅たけゆらの里おおたき"@ja	<http://www.wikidata.org/entity/Q1187691>	"道の駅"@ja	<http://www.wikidata.org/entity/P131>	"位置する行政区画"@ja	<https://ja.wikipedia.org/wiki/%E9%81%93%E3%81%AE%E9%A7%85%E3%81%9F%E3%81%91%E3%82%86%E3%82%89%E3%81%AE%E9%87%8C%E3%81%8A%E3%81%8A%E3%81%9F%E3%81%8D>
<http://www.wikidata.org/entity/Q11671890>	"粟又の滝"@ja	<http://www.wikidata.org/entity/Q34038>	"滝"@ja	<http://www.wikidata.org/entity/P131>	"位置する行政区画"@ja	<https://ja.wikipedia.org/wiki/%E7%B2%9F%E5%8F%88%E3%81%AE%E6%BB%9D>
<http://www.wikidata.org/entity/Q40036691>	"加藤愛雄"@ja	<http://www.wikidata.org/entity/Q5>	"ヒト"@ja	<http://www.wikidata.org/entity/P19>	"出生地"@ja	<https://ja.wikipedia.org/wiki/%E5%8A%A0%E8%97%A4%E6%84%9B%E9%9B%84>
<http://www.wikidata.org/entity/Q73135270>	"大屋旅館"@ja	<http://www.wikidata.org/entity/Q562930>	"旅館"@ja	<http://www.wikidata.org/entity/P131>	"位置する行政区画"@ja	<https://ja.wikipedia.org/wiki/%E5%A4%A7%E5%B1%8B%E6%97%85%E9%A4%A8>
<http://www.wikidata.org/entity/Q81150271>	"学校法人三育学院"@ja	<http://www.wikidata.org/entity/Q11448283>	"学校法人"@ja	<http://www.wikidata.org/entity/P159>	"本部所在地"@ja	<https://ja.wikipedia.org/wiki/%E5%AD%A6%E6%A0%A1%E6%B3%95%E4%BA%BA%E4%B8%89%E8%82%B2%E5%AD%A6%E9%99%A2>
<http://www.wikidata.org/entity/Q85875155>	"三育学院中学校"@ja	<http://www.wikidata.org/entity/Q55521176>	"日本の中学校"@ja	<http://www.wikidata.org/entity/P131>	"位置する行政区画"@ja	<https://ja.wikipedia.org/wiki/%E4%B8%89%E8%82%B2%E5%AD%A6%E9%99%A2%E4%B8%AD%E5%AD%A6%E6%A0%A1>
<http://www.wikidata.org/entity/Q114347605>	"三育学院カレッジ"@ja	<http://www.wikidata.org/entity/Q24898692>	"専修学校"@ja	<http://www.wikidata.org/entity/P131>	"位置する行政区画"@ja	<https://ja.wikipedia.org/wiki/%E4%B8%89%E8%82%B2%E5%AD%A6%E9%99%A2%E3%82%AB%E3%83%AC%E3%83%83%E3%82%B8>
<http://www.wikidata.org/entity/Q114347605>	"三育学院カレッジ"@ja	<http://www.wikidata.org/entity/Q17987422>	"専門学校"@ja	<http://www.wikidata.org/entity/P131>	"位置する行政区画"@ja	<https://ja.wikipedia.org/wiki/%E4%B8%89%E8%82%B2%E5%AD%A6%E9%99%A2%E3%82%AB%E3%83%AC%E3%83%83%E3%82%B8>
<http://www.wikidata.org/entity/Q30267440>	"千葉県立中央博物館大多喜城分館"@ja	<http://www.wikidata.org/entity/Q47505837>	"千葉の県立博物館"@ja	<http://www.wikidata.org/entity/P131>	"位置する行政区画"@ja	
<http://www.wikidata.org/entity/Q30267440>	"千葉県立中央博物館大多喜城分館"@ja	<http://www.wikidata.org/entity/Q16735822>	"歴史博物館"@ja	<http://www.wikidata.org/entity/P131>	"位置する行政区画"@ja	
<http://www.wikidata.org/entity/Q31395694>	"伊藤大山"@ja	<http://www.wikidata.org/entity/Q8502>	"山"@ja	<http://www.wikidata.org/entity/P131>	"位置する行政区画"@ja	
<http://www.wikidata.org/entity/Q49584156>	"大多喜県民の森"@ja	<http://www.wikidata.org/entity/Q11582670>	"県民の森"@ja	<http://www.wikidata.org/entity/P131>	"位置する行政区画"@ja	
<http://www.wikidata.org/entity/Q56437065>	"大多喜町長"@ja	<http://www.wikidata.org/entity/Q4164871>	"職位"@ja	<http://www.wikidata.org/entity/P1001>	"管轄・適用区域"@ja	
<http://www.wikidata.org/entity/Q80917317>	"大多喜町立大多喜小学校"@ja	<http://www.wikidata.org/entity/Q5358913>	"日本の小学校"@ja	<http://www.wikidata.org/entity/P131>	"位置する行政区画"@ja	
<http://www.wikidata.org/entity/Q80917317>	"大多喜町立大多喜小学校"@ja	<http://www.wikidata.org/entity/Q5358913>	"日本の小学校"@ja	<http://www.wikidata.org/entity/P126>	"管理者"@ja	
<http://www.wikidata.org/entity/Q80917323>	"大多喜町立大多喜中学校"@ja	<http://www.wikidata.org/entity/Q55521176>	"日本の中学校"@ja	<http://www.wikidata.org/entity/P131>	"位置する行政区画"@ja	
<http://www.wikidata.org/entity/Q80917323>	"大多喜町立大多喜中学校"@ja	<http://www.wikidata.org/entity/Q55521176>	"日本の中学校"@ja	<http://www.wikidata.org/entity/P126>	"管理者"@ja	
<http://www.wikidata.org/entity/Q80917321>	"大多喜町立西小学校"@ja	<http://www.wikidata.org/entity/Q5358913>	"日本の小学校"@ja	<http://www.wikidata.org/entity/P131>	"位置する行政区画"@ja	
<http://www.wikidata.org/entity/Q80917321>	"大多喜町立西小学校"@ja	<http://www.wikidata.org/entity/Q5358913>	"日本の小学校"@ja	<http://www.wikidata.org/entity/P126>	"管理者"@ja	
<http://www.wikidata.org/entity/Q110375622>	"大多喜お城まつり"@ja	<http://www.wikidata.org/entity/Q11262978>	"お城まつり"@ja	<http://www.wikidata.org/entity/P131>	"位置する行政区画"@ja	
