?s	?sLabel	?type	?typeLabel	?prop	?propLabel	?jwiki
<http://www.wikidata.org/entity/Q1478311>	"荒井聰"@ja	<http://www.wikidata.org/entity/Q5>	"ヒト"@ja	<http://www.wikidata.org/entity/P19>	"出生地"@ja	<https://ja.wikipedia.org/wiki/%E8%8D%92%E4%BA%95%E8%81%B0>
<http://www.wikidata.org/entity/Q2490271>	"北海道医療大学駅"@ja	<http://www.wikidata.org/entity/Q55488>	"鉄道駅"@ja	<http://www.wikidata.org/entity/P131>	"位置する行政区画"@ja	<https://ja.wikipedia.org/wiki/%E5%8C%97%E6%B5%B7%E9%81%93%E5%8C%BB%E7%99%82%E5%A4%A7%E5%AD%A6%E9%A7%85>
<http://www.wikidata.org/entity/Q2490277>	"太美駅"@ja	<http://www.wikidata.org/entity/Q55488>	"鉄道駅"@ja	<http://www.wikidata.org/entity/P131>	"位置する行政区画"@ja	<https://ja.wikipedia.org/wiki/%E5%A4%AA%E7%BE%8E%E9%A7%85>
<http://www.wikidata.org/entity/Q2490291>	"当別駅"@ja	<http://www.wikidata.org/entity/Q55488>	"鉄道駅"@ja	<http://www.wikidata.org/entity/P131>	"位置する行政区画"@ja	<https://ja.wikipedia.org/wiki/%E5%BD%93%E5%88%A5%E9%A7%85>
<http://www.wikidata.org/entity/Q5362915>	"石狩金沢駅"@ja	<http://www.wikidata.org/entity/Q55488>	"鉄道駅"@ja	<http://www.wikidata.org/entity/P131>	"位置する行政区画"@ja	<https://ja.wikipedia.org/wiki/%E7%9F%B3%E7%8B%A9%E9%87%91%E6%B2%A2%E9%A7%85>
<http://www.wikidata.org/entity/Q5362926>	"本中小屋駅"@ja	<http://www.wikidata.org/entity/Q55488>	"鉄道駅"@ja	<http://www.wikidata.org/entity/P131>	"位置する行政区画"@ja	<https://ja.wikipedia.org/wiki/%E6%9C%AC%E4%B8%AD%E5%B0%8F%E5%B1%8B%E9%A7%85>
<http://www.wikidata.org/entity/Q5690669>	"北海道医療大学"@ja	<http://www.wikidata.org/entity/Q3918>	"大学"@ja	<http://www.wikidata.org/entity/P131>	"位置する行政区画"@ja	<https://ja.wikipedia.org/wiki/%E5%8C%97%E6%B5%B7%E9%81%93%E5%8C%BB%E7%99%82%E5%A4%A7%E5%AD%A6>
<http://www.wikidata.org/entity/Q6157094>	"国道275号"@ja	<http://www.wikidata.org/entity/Q34442>	"道路"@ja	<http://www.wikidata.org/entity/P1302>	"主な経由都市"@ja	<https://ja.wikipedia.org/wiki/%E5%9B%BD%E9%81%93275%E5%8F%B7>
<http://www.wikidata.org/entity/Q6960153>	"中小屋駅"@ja	<http://www.wikidata.org/entity/Q55488>	"鉄道駅"@ja	<http://www.wikidata.org/entity/P131>	"位置する行政区画"@ja	<https://ja.wikipedia.org/wiki/%E4%B8%AD%E5%B0%8F%E5%B1%8B%E9%A7%85>
<http://www.wikidata.org/entity/Q9647387>	"Category:当別町"@ja	<http://www.wikidata.org/entity/Q4167836>	"ウィキメディアのカテゴリ"@ja	<http://www.wikidata.org/entity/P301>	"カテゴリの中心主題"@ja	<https://ja.wikipedia.org/wiki/Category:%E5%BD%93%E5%88%A5%E7%94%BA>
<http://www.wikidata.org/entity/Q11402621>	"北海道医療大学歯学部附属歯科衛生士専門学校"@ja	<http://www.wikidata.org/entity/Q17987422>	"専門学校"@ja	<http://www.wikidata.org/entity/P131>	"位置する行政区画"@ja	<https://ja.wikipedia.org/wiki/%E5%8C%97%E6%B5%B7%E9%81%93%E5%8C%BB%E7%99%82%E5%A4%A7%E5%AD%A6%E6%AD%AF%E5%AD%A6%E9%83%A8%E9%99%84%E5%B1%9E%E6%AD%AF%E7%A7%91%E8%A1%9B%E7%94%9F%E5%A3%AB%E5%B0%82%E9%96%80%E5%AD%A6%E6%A0%A1>
<http://www.wikidata.org/entity/Q11402740>	"北海道当別高等学校"@ja	<http://www.wikidata.org/entity/Q56351315>	"日本の高等学校"@ja	<http://www.wikidata.org/entity/P131>	"位置する行政区画"@ja	<https://ja.wikipedia.org/wiki/%E5%8C%97%E6%B5%B7%E9%81%93%E5%BD%93%E5%88%A5%E9%AB%98%E7%AD%89%E5%AD%A6%E6%A0%A1>
<http://www.wikidata.org/entity/Q11403123>	"北海道道1086号"@ja	<http://www.wikidata.org/entity/Q34442>	"道路"@ja	<http://www.wikidata.org/entity/P609>	"起終点"@ja	<https://ja.wikipedia.org/wiki/%E5%8C%97%E6%B5%B7%E9%81%93%E9%81%931086%E5%8F%B7%E5%A2%97%E6%AF%9B%E5%BD%93%E5%88%A5%E7%B7%9A>
<http://www.wikidata.org/entity/Q11403123>	"北海道道1086号"@ja	<http://www.wikidata.org/entity/Q34442>	"道路"@ja	<http://www.wikidata.org/entity/P131>	"位置する行政区画"@ja	<https://ja.wikipedia.org/wiki/%E5%8C%97%E6%B5%B7%E9%81%93%E9%81%931086%E5%8F%B7%E5%A2%97%E6%AF%9B%E5%BD%93%E5%88%A5%E7%B7%9A>
<http://www.wikidata.org/entity/Q11403140>	"北海道道112号"@ja	<http://www.wikidata.org/entity/Q34442>	"道路"@ja	<http://www.wikidata.org/entity/P609>	"起終点"@ja	<https://ja.wikipedia.org/wiki/%E5%8C%97%E6%B5%B7%E9%81%93%E9%81%93112%E5%8F%B7%E6%9C%AD%E5%B9%8C%E5%BD%93%E5%88%A5%E7%B7%9A>
<http://www.wikidata.org/entity/Q11403140>	"北海道道112号"@ja	<http://www.wikidata.org/entity/Q34442>	"道路"@ja	<http://www.wikidata.org/entity/P131>	"位置する行政区画"@ja	<https://ja.wikipedia.org/wiki/%E5%8C%97%E6%B5%B7%E9%81%93%E9%81%93112%E5%8F%B7%E6%9C%AD%E5%B9%8C%E5%BD%93%E5%88%A5%E7%B7%9A>
<http://www.wikidata.org/entity/Q11403180>	"北海道道11号"@ja	<http://www.wikidata.org/entity/Q34442>	"道路"@ja	<http://www.wikidata.org/entity/P131>	"位置する行政区画"@ja	<https://ja.wikipedia.org/wiki/%E5%8C%97%E6%B5%B7%E9%81%93%E9%81%9311%E5%8F%B7%E6%9C%88%E5%BD%A2%E5%8E%9A%E7%94%B0%E7%B7%9A>
<http://www.wikidata.org/entity/Q11403272>	"北海道道28号"@ja	<http://www.wikidata.org/entity/Q34442>	"道路"@ja	<http://www.wikidata.org/entity/P609>	"起終点"@ja	<https://ja.wikipedia.org/wiki/%E5%8C%97%E6%B5%B7%E9%81%93%E9%81%9328%E5%8F%B7%E5%BD%93%E5%88%A5%E6%B5%9C%E7%9B%8A%E6%B8%AF%E7%B7%9A>
<http://www.wikidata.org/entity/Q11403272>	"北海道道28号"@ja	<http://www.wikidata.org/entity/Q34442>	"道路"@ja	<http://www.wikidata.org/entity/P131>	"位置する行政区画"@ja	<https://ja.wikipedia.org/wiki/%E5%8C%97%E6%B5%B7%E9%81%93%E9%81%9328%E5%8F%B7%E5%BD%93%E5%88%A5%E6%B5%9C%E7%9B%8A%E6%B8%AF%E7%B7%9A>
<http://www.wikidata.org/entity/Q11403302>	"北海道道366号"@ja	<http://www.wikidata.org/entity/Q34442>	"道路"@ja	<http://www.wikidata.org/entity/P609>	"起終点"@ja	<https://ja.wikipedia.org/wiki/%E5%8C%97%E6%B5%B7%E9%81%93%E9%81%93366%E5%8F%B7%E7%9F%B3%E7%8B%A9%E5%BD%93%E5%88%A5%E5%81%9C%E8%BB%8A%E5%A0%B4%E7%B7%9A>
<http://www.wikidata.org/entity/Q11403302>	"北海道道366号"@ja	<http://www.wikidata.org/entity/Q34442>	"道路"@ja	<http://www.wikidata.org/entity/P131>	"位置する行政区画"@ja	<https://ja.wikipedia.org/wiki/%E5%8C%97%E6%B5%B7%E9%81%93%E9%81%93366%E5%8F%B7%E7%9F%B3%E7%8B%A9%E5%BD%93%E5%88%A5%E5%81%9C%E8%BB%8A%E5%A0%B4%E7%B7%9A>
<http://www.wikidata.org/entity/Q11403389>	"北海道道527号"@ja	<http://www.wikidata.org/entity/Q34442>	"道路"@ja	<http://www.wikidata.org/entity/P609>	"起終点"@ja	<https://ja.wikipedia.org/wiki/%E5%8C%97%E6%B5%B7%E9%81%93%E9%81%93527%E5%8F%B7%E6%9C%9B%E6%9D%A5%E5%BD%93%E5%88%A5%E7%B7%9A>
<http://www.wikidata.org/entity/Q11403389>	"北海道道527号"@ja	<http://www.wikidata.org/entity/Q34442>	"道路"@ja	<http://www.wikidata.org/entity/P131>	"位置する行政区画"@ja	<https://ja.wikipedia.org/wiki/%E5%8C%97%E6%B5%B7%E9%81%93%E9%81%93527%E5%8F%B7%E6%9C%9B%E6%9D%A5%E5%BD%93%E5%88%A5%E7%B7%9A>
<http://www.wikidata.org/entity/Q11403555>	"北海道道751号"@ja	<http://www.wikidata.org/entity/Q34442>	"道路"@ja	<http://www.wikidata.org/entity/P609>	"起終点"@ja	<https://ja.wikipedia.org/wiki/%E5%8C%97%E6%B5%B7%E9%81%93%E9%81%93751%E5%8F%B7%E6%96%B0%E7%AF%A0%E6%B4%A5%E9%87%91%E6%B2%A2%E7%B7%9A>
<http://www.wikidata.org/entity/Q11403620>	"北海道道887号"@ja	<http://www.wikidata.org/entity/Q34442>	"道路"@ja	<http://www.wikidata.org/entity/P609>	"起終点"@ja	<https://ja.wikipedia.org/wiki/%E5%8C%97%E6%B5%B7%E9%81%93%E9%81%93887%E5%8F%B7%E4%B8%AD%E5%8E%9F%E9%87%91%E6%B2%A2%E7%B7%9A>
<http://www.wikidata.org/entity/Q11487818>	"当別町立弁華別小学校"@ja	<http://www.wikidata.org/entity/Q5358913>	"日本の小学校"@ja	<http://www.wikidata.org/entity/P131>	"位置する行政区画"@ja	<https://ja.wikipedia.org/wiki/%E5%BD%93%E5%88%A5%E7%94%BA%E7%AB%8B%E5%BC%81%E8%8F%AF%E5%88%A5%E5%B0%8F%E5%AD%A6%E6%A0%A1>
<http://www.wikidata.org/entity/Q11487818>	"当別町立弁華別小学校"@ja	<http://www.wikidata.org/entity/Q5358913>	"日本の小学校"@ja	<http://www.wikidata.org/entity/P126>	"管理者"@ja	<https://ja.wikipedia.org/wiki/%E5%BD%93%E5%88%A5%E7%94%BA%E7%AB%8B%E5%BC%81%E8%8F%AF%E5%88%A5%E5%B0%8F%E5%AD%A6%E6%A0%A1>
<http://www.wikidata.org/entity/Q11487819>	"当別町立西当別中学校"@ja	<http://www.wikidata.org/entity/Q55521176>	"日本の中学校"@ja	<http://www.wikidata.org/entity/P131>	"位置する行政区画"@ja	<https://ja.wikipedia.org/wiki/%E5%BD%93%E5%88%A5%E7%94%BA%E7%AB%8B%E8%A5%BF%E5%BD%93%E5%88%A5%E4%B8%AD%E5%AD%A6%E6%A0%A1>
<http://www.wikidata.org/entity/Q11487819>	"当別町立西当別中学校"@ja	<http://www.wikidata.org/entity/Q55521176>	"日本の中学校"@ja	<http://www.wikidata.org/entity/P126>	"管理者"@ja	<https://ja.wikipedia.org/wiki/%E5%BD%93%E5%88%A5%E7%94%BA%E7%AB%8B%E8%A5%BF%E5%BD%93%E5%88%A5%E4%B8%AD%E5%AD%A6%E6%A0%A1>
<http://www.wikidata.org/entity/Q11487816>	"当別町立弁華別中学校"@ja	<http://www.wikidata.org/entity/Q55521176>	"日本の中学校"@ja	<http://www.wikidata.org/entity/P131>	"位置する行政区画"@ja	<https://ja.wikipedia.org/wiki/%E5%BD%93%E5%88%A5%E7%94%BA%E7%AB%8B%E5%BC%81%E8%8F%AF%E5%88%A5%E4%B8%AD%E5%AD%A6%E6%A0%A1>
<http://www.wikidata.org/entity/Q11487816>	"当別町立弁華別中学校"@ja	<http://www.wikidata.org/entity/Q55521176>	"日本の中学校"@ja	<http://www.wikidata.org/entity/P126>	"管理者"@ja	<https://ja.wikipedia.org/wiki/%E5%BD%93%E5%88%A5%E7%94%BA%E7%AB%8B%E5%BC%81%E8%8F%AF%E5%88%A5%E4%B8%AD%E5%AD%A6%E6%A0%A1>
<http://www.wikidata.org/entity/Q11487817>	"当別町立当別中学校"@ja	<http://www.wikidata.org/entity/Q55521176>	"日本の中学校"@ja	<http://www.wikidata.org/entity/P131>	"位置する行政区画"@ja	<https://ja.wikipedia.org/wiki/%E5%BD%93%E5%88%A5%E7%94%BA%E7%AB%8B%E5%BD%93%E5%88%A5%E4%B8%AD%E5%AD%A6%E6%A0%A1>
<http://www.wikidata.org/entity/Q11487817>	"当別町立当別中学校"@ja	<http://www.wikidata.org/entity/Q55521176>	"日本の中学校"@ja	<http://www.wikidata.org/entity/P126>	"管理者"@ja	<https://ja.wikipedia.org/wiki/%E5%BD%93%E5%88%A5%E7%94%BA%E7%AB%8B%E5%BD%93%E5%88%A5%E4%B8%AD%E5%AD%A6%E6%A0%A1>
<http://www.wikidata.org/entity/Q11487820>	"当別町立西当別小学校"@ja	<http://www.wikidata.org/entity/Q5358913>	"日本の小学校"@ja	<http://www.wikidata.org/entity/P131>	"位置する行政区画"@ja	<https://ja.wikipedia.org/wiki/%E5%BD%93%E5%88%A5%E7%94%BA%E7%AB%8B%E8%A5%BF%E5%BD%93%E5%88%A5%E5%B0%8F%E5%AD%A6%E6%A0%A1>
<http://www.wikidata.org/entity/Q11617066>	"茂平沢神社"@ja	<http://www.wikidata.org/entity/Q845945>	"神社"@ja	<http://www.wikidata.org/entity/P131>	"位置する行政区画"@ja	<https://ja.wikipedia.org/wiki/%E8%8C%82%E5%B9%B3%E6%B2%A2%E7%A5%9E%E7%A4%BE>
<http://www.wikidata.org/entity/Q11641672>	"道央圏連絡道路"@ja	<http://www.wikidata.org/entity/Q3279852>	"地域高規格道路"@ja	<http://www.wikidata.org/entity/P131>	"位置する行政区画"@ja	<https://ja.wikipedia.org/wiki/%E9%81%93%E5%A4%AE%E5%9C%8F%E9%80%A3%E7%B5%A1%E9%81%93%E8%B7%AF>
<http://www.wikidata.org/entity/Q11641672>	"道央圏連絡道路"@ja	<http://www.wikidata.org/entity/Q1779930>	"バイパス"@ja	<http://www.wikidata.org/entity/P131>	"位置する行政区画"@ja	<https://ja.wikipedia.org/wiki/%E9%81%93%E5%A4%AE%E5%9C%8F%E9%80%A3%E7%B5%A1%E9%81%93%E8%B7%AF>
<http://www.wikidata.org/entity/Q11641672>	"道央圏連絡道路"@ja	<http://www.wikidata.org/entity/Q34442>	"道路"@ja	<http://www.wikidata.org/entity/P131>	"位置する行政区画"@ja	<https://ja.wikipedia.org/wiki/%E9%81%93%E5%A4%AE%E5%9C%8F%E9%80%A3%E7%B5%A1%E9%81%93%E8%B7%AF>
<http://www.wikidata.org/entity/Q11641765>	"北海道立道民の森"@ja	<http://www.wikidata.org/entity/Q11582670>	"県民の森"@ja	<http://www.wikidata.org/entity/P131>	"位置する行政区画"@ja	<https://ja.wikipedia.org/wiki/%E5%8C%97%E6%B5%B7%E9%81%93%E7%AB%8B%E9%81%93%E6%B0%91%E3%81%AE%E6%A3%AE>
<http://www.wikidata.org/entity/Q11641765>	"北海道立道民の森"@ja	<http://www.wikidata.org/entity/Q6629955>	"森林公園"@ja	<http://www.wikidata.org/entity/P131>	"位置する行政区画"@ja	<https://ja.wikipedia.org/wiki/%E5%8C%97%E6%B5%B7%E9%81%93%E7%AB%8B%E9%81%93%E6%B0%91%E3%81%AE%E6%A3%AE>
<http://www.wikidata.org/entity/Q11641765>	"北海道立道民の森"@ja	<http://www.wikidata.org/entity/Q832778>	"キャンプ場"@ja	<http://www.wikidata.org/entity/P131>	"位置する行政区画"@ja	<https://ja.wikipedia.org/wiki/%E5%8C%97%E6%B5%B7%E9%81%93%E7%AB%8B%E9%81%93%E6%B0%91%E3%81%AE%E6%A3%AE>
<http://www.wikidata.org/entity/Q21653545>	"玉の湯トンネル"@ja	<http://www.wikidata.org/entity/Q2354973>	"道路トンネル"@ja	<http://www.wikidata.org/entity/P131>	"位置する行政区画"@ja	<https://ja.wikipedia.org/wiki/%E7%8E%89%E3%81%AE%E6%B9%AF%E3%83%88%E3%83%B3%E3%83%8D%E3%83%AB>
<http://www.wikidata.org/entity/Q22120929>	"当別町立青山中央小中学校"@ja	<http://www.wikidata.org/entity/Q96086399>	"旧学校施設"@ja	<http://www.wikidata.org/entity/P131>	"位置する行政区画"@ja	<https://ja.wikipedia.org/wiki/%E5%BD%93%E5%88%A5%E7%94%BA%E7%AB%8B%E9%9D%92%E5%B1%B1%E4%B8%AD%E5%A4%AE%E5%B0%8F%E4%B8%AD%E5%AD%A6%E6%A0%A1>
<http://www.wikidata.org/entity/Q22120929>	"当別町立青山中央小中学校"@ja	<http://www.wikidata.org/entity/Q96086399>	"旧学校施設"@ja	<http://www.wikidata.org/entity/P126>	"管理者"@ja	<https://ja.wikipedia.org/wiki/%E5%BD%93%E5%88%A5%E7%94%BA%E7%AB%8B%E9%9D%92%E5%B1%B1%E4%B8%AD%E5%A4%AE%E5%B0%8F%E4%B8%AD%E5%AD%A6%E6%A0%A1>
<http://www.wikidata.org/entity/Q22120929>	"当別町立青山中央小中学校"@ja	<http://www.wikidata.org/entity/Q89612581>	"小中併設校"@ja	<http://www.wikidata.org/entity/P131>	"位置する行政区画"@ja	<https://ja.wikipedia.org/wiki/%E5%BD%93%E5%88%A5%E7%94%BA%E7%AB%8B%E9%9D%92%E5%B1%B1%E4%B8%AD%E5%A4%AE%E5%B0%8F%E4%B8%AD%E5%AD%A6%E6%A0%A1>
<http://www.wikidata.org/entity/Q22120929>	"当別町立青山中央小中学校"@ja	<http://www.wikidata.org/entity/Q89612581>	"小中併設校"@ja	<http://www.wikidata.org/entity/P126>	"管理者"@ja	<https://ja.wikipedia.org/wiki/%E5%BD%93%E5%88%A5%E7%94%BA%E7%AB%8B%E9%9D%92%E5%B1%B1%E4%B8%AD%E5%A4%AE%E5%B0%8F%E4%B8%AD%E5%AD%A6%E6%A0%A1>
<http://www.wikidata.org/entity/Q42829212>	"北欧の風 道の駅とうべつ"@ja	<http://www.wikidata.org/entity/Q1187691>	"道の駅"@ja	<http://www.wikidata.org/entity/P131>	"位置する行政区画"@ja	<https://ja.wikipedia.org/wiki/%E5%8C%97%E6%AC%A7%E3%81%AE%E9%A2%A8_%E9%81%93%E3%81%AE%E9%A7%85%E3%81%A8%E3%81%86%E3%81%B9%E3%81%A4>
<http://www.wikidata.org/entity/Q100454268>	"近久武美"@ja	<http://www.wikidata.org/entity/Q5>	"ヒト"@ja	<http://www.wikidata.org/entity/P19>	"出生地"@ja	<https://ja.wikipedia.org/wiki/%E8%BF%91%E4%B9%85%E6%AD%A6%E7%BE%8E>
<http://www.wikidata.org/entity/Q106491365>	"ロイズタウン駅"@ja	<http://www.wikidata.org/entity/Q55488>	"鉄道駅"@ja	<http://www.wikidata.org/entity/P131>	"位置する行政区画"@ja	<https://ja.wikipedia.org/wiki/%E3%83%AD%E3%82%A4%E3%82%BA%E3%82%BF%E3%82%A6%E3%83%B3%E9%A7%85>
<http://www.wikidata.org/entity/Q107410081>	"弁華別神社"@ja	<http://www.wikidata.org/entity/Q845945>	"神社"@ja	<http://www.wikidata.org/entity/P131>	"位置する行政区画"@ja	<https://ja.wikipedia.org/wiki/%E5%BC%81%E8%8F%AF%E5%88%A5%E7%A5%9E%E7%A4%BE>
<http://www.wikidata.org/entity/Q37951>	"札幌市"@ja	<http://www.wikidata.org/entity/Q65589340>	"都道府県庁所在地"@ja	<http://www.wikidata.org/entity/P47>	"隣の国又は行政区画"@ja	<https://ja.wikipedia.org/wiki/%E6%9C%AD%E5%B9%8C%E5%B8%82>
<http://www.wikidata.org/entity/Q37951>	"札幌市"@ja	<http://www.wikidata.org/entity/Q11422368>	"国際会議観光都市"@ja	<http://www.wikidata.org/entity/P47>	"隣の国又は行政区画"@ja	<https://ja.wikipedia.org/wiki/%E6%9C%AD%E5%B9%8C%E5%B8%82>
<http://www.wikidata.org/entity/Q37951>	"札幌市"@ja	<http://www.wikidata.org/entity/Q1749269>	"政令指定都市"@ja	<http://www.wikidata.org/entity/P47>	"隣の国又は行政区画"@ja	<https://ja.wikipedia.org/wiki/%E6%9C%AD%E5%B9%8C%E5%B8%82>
<http://www.wikidata.org/entity/Q37951>	"札幌市"@ja	<http://www.wikidata.org/entity/Q1637706>	"100万都市"@ja	<http://www.wikidata.org/entity/P47>	"隣の国又は行政区画"@ja	<https://ja.wikipedia.org/wiki/%E6%9C%AD%E5%B9%8C%E5%B8%82>
<http://www.wikidata.org/entity/Q37951>	"札幌市"@ja	<http://www.wikidata.org/entity/Q1549591>	"10万都市"@ja	<http://www.wikidata.org/entity/P47>	"隣の国又は行政区画"@ja	<https://ja.wikipedia.org/wiki/%E6%9C%AD%E5%B9%8C%E5%B8%82>
<http://www.wikidata.org/entity/Q37951>	"札幌市"@ja	<http://www.wikidata.org/entity/Q494721>	"日本の市"@ja	<http://www.wikidata.org/entity/P47>	"隣の国又は行政区画"@ja	<https://ja.wikipedia.org/wiki/%E6%9C%AD%E5%B9%8C%E5%B8%82>
<http://www.wikidata.org/entity/Q108776952>	"柴野嵩大"@ja	<http://www.wikidata.org/entity/Q5>	"ヒト"@ja	<http://www.wikidata.org/entity/P19>	"出生地"@ja	<https://ja.wikipedia.org/wiki/%E6%9F%B4%E9%87%8E%E5%B5%A9%E5%A4%A7>
<http://www.wikidata.org/entity/Q385892>	"大崎市"@ja	<http://www.wikidata.org/entity/Q1549591>	"10万都市"@ja	<http://www.wikidata.org/entity/P190>	"姉妹都市"@ja	<https://ja.wikipedia.org/wiki/%E5%A4%A7%E5%B4%8E%E5%B8%82>
<http://www.wikidata.org/entity/Q385892>	"大崎市"@ja	<http://www.wikidata.org/entity/Q494721>	"日本の市"@ja	<http://www.wikidata.org/entity/P190>	"姉妹都市"@ja	<https://ja.wikipedia.org/wiki/%E5%A4%A7%E5%B4%8E%E5%B8%82>
<http://www.wikidata.org/entity/Q1134013>	"北区"@ja	<http://www.wikidata.org/entity/Q137773>	"日本の区"@ja	<http://www.wikidata.org/entity/P47>	"隣の国又は行政区画"@ja	<https://ja.wikipedia.org/wiki/%E5%8C%97%E5%8C%BA_(%E6%9C%AD%E5%B9%8C%E5%B8%82)>
<http://www.wikidata.org/entity/Q1185986>	"石狩郡"@ja	<http://www.wikidata.org/entity/Q1122846>	"郡"@ja	<http://www.wikidata.org/entity/P150>	"直下の行政区画"@ja	<https://ja.wikipedia.org/wiki/%E7%9F%B3%E7%8B%A9%E9%83%A1>
<http://www.wikidata.org/entity/Q1355454>	"新篠津村"@ja	<http://www.wikidata.org/entity/Q4174776>	"日本の村"@ja	<http://www.wikidata.org/entity/P47>	"隣の国又は行政区画"@ja	<https://ja.wikipedia.org/wiki/%E6%96%B0%E7%AF%A0%E6%B4%A5%E6%9D%91>
<http://www.wikidata.org/entity/Q1355559>	"浦臼町"@ja	<http://www.wikidata.org/entity/Q1059478>	"日本の町"@ja	<http://www.wikidata.org/entity/P47>	"隣の国又は行政区画"@ja	<https://ja.wikipedia.org/wiki/%E6%B5%A6%E8%87%BC%E7%94%BA>
<http://www.wikidata.org/entity/Q1357069>	"月形町"@ja	<http://www.wikidata.org/entity/Q1059478>	"日本の町"@ja	<http://www.wikidata.org/entity/P47>	"隣の国又は行政区画"@ja	<https://ja.wikipedia.org/wiki/%E6%9C%88%E5%BD%A2%E7%94%BA>
<http://www.wikidata.org/entity/Q1357180>	"新十津川町"@ja	<http://www.wikidata.org/entity/Q1059478>	"日本の町"@ja	<http://www.wikidata.org/entity/P47>	"隣の国又は行政区画"@ja	<https://ja.wikipedia.org/wiki/%E6%96%B0%E5%8D%81%E6%B4%A5%E5%B7%9D%E7%94%BA>
<http://www.wikidata.org/entity/Q496681>	"江別市"@ja	<http://www.wikidata.org/entity/Q1549591>	"10万都市"@ja	<http://www.wikidata.org/entity/P47>	"隣の国又は行政区画"@ja	<https://ja.wikipedia.org/wiki/%E6%B1%9F%E5%88%A5%E5%B8%82>
<http://www.wikidata.org/entity/Q496681>	"江別市"@ja	<http://www.wikidata.org/entity/Q494721>	"日本の市"@ja	<http://www.wikidata.org/entity/P47>	"隣の国又は行政区画"@ja	<https://ja.wikipedia.org/wiki/%E6%B1%9F%E5%88%A5%E5%B8%82>
<http://www.wikidata.org/entity/Q509651>	"レクサンド"@ja	<http://www.wikidata.org/entity/Q127448>	"コミューン"@ja	<http://www.wikidata.org/entity/P190>	"姉妹都市"@ja	<https://ja.wikipedia.org/wiki/%E3%83%AC%E3%82%AF%E3%82%B5%E3%83%B3%E3%83%89>
<http://www.wikidata.org/entity/Q693221>	"石狩市"@ja	<http://www.wikidata.org/entity/Q494721>	"日本の市"@ja	<http://www.wikidata.org/entity/P47>	"隣の国又は行政区画"@ja	<https://ja.wikipedia.org/wiki/%E7%9F%B3%E7%8B%A9%E5%B8%82>
<http://www.wikidata.org/entity/Q6343947>	"樺戸山地"@ja	<http://www.wikidata.org/entity/Q46831>	"山脈"@ja	<http://www.wikidata.org/entity/P4330>	"内容"@ja	
<http://www.wikidata.org/entity/Q56435949>	"当別町長"@ja	<http://www.wikidata.org/entity/Q4164871>	"職位"@ja	<http://www.wikidata.org/entity/P1001>	"管轄・適用区域"@ja	
<http://www.wikidata.org/entity/Q115149298>	"当別町立青山中央小学校"@ja	<http://www.wikidata.org/entity/Q5358913>	"日本の小学校"@ja	<http://www.wikidata.org/entity/P131>	"位置する行政区画"@ja	
<http://www.wikidata.org/entity/Q115149298>	"当別町立青山中央小学校"@ja	<http://www.wikidata.org/entity/Q5358913>	"日本の小学校"@ja	<http://www.wikidata.org/entity/P126>	"管理者"@ja	
<http://www.wikidata.org/entity/Q115149297>	"当別町立青山中央中学校"@ja	<http://www.wikidata.org/entity/Q55521176>	"日本の中学校"@ja	<http://www.wikidata.org/entity/P131>	"位置する行政区画"@ja	
<http://www.wikidata.org/entity/Q115149297>	"当別町立青山中央中学校"@ja	<http://www.wikidata.org/entity/Q55521176>	"日本の中学校"@ja	<http://www.wikidata.org/entity/P126>	"管理者"@ja	
<http://www.wikidata.org/entity/Q115156728>	"当別町立当別小学校"@ja	<http://www.wikidata.org/entity/Q5358913>	"日本の小学校"@ja	<http://www.wikidata.org/entity/P131>	"位置する行政区画"@ja	
<http://www.wikidata.org/entity/Q115473418>	"当別町立とうべつ学園"@ja	<http://www.wikidata.org/entity/Q24863351>	"義務教育学校"@ja	<http://www.wikidata.org/entity/P131>	"位置する行政区画"@ja	
<http://www.wikidata.org/entity/Q115473418>	"当別町立とうべつ学園"@ja	<http://www.wikidata.org/entity/Q24863351>	"義務教育学校"@ja	<http://www.wikidata.org/entity/P126>	"管理者"@ja	
