?s	?sLabel	?type	?typeLabel	?prop	?propLabel	?jwiki
<http://www.wikidata.org/entity/Q11394886>	"円通寺"@ja	<http://www.wikidata.org/entity/Q5393308>	"仏教寺院"@ja	<http://www.wikidata.org/entity/P131>	"位置する行政区画"@ja	<https://ja.wikipedia.org/wiki/%E5%86%86%E9%80%9A%E5%AF%BA_(%E8%8D%92%E5%B7%9D%E5%8C%BA)>
<http://www.wikidata.org/entity/Q11397851>	"前野重雄"@ja	<http://www.wikidata.org/entity/Q5>	"ヒト"@ja	<http://www.wikidata.org/entity/P19>	"出生地"@ja	<https://ja.wikipedia.org/wiki/%E5%89%8D%E9%87%8E%E9%87%8D%E9%9B%84>
<http://www.wikidata.org/entity/Q11399068>	"加藤友弥"@ja	<http://www.wikidata.org/entity/Q5>	"ヒト"@ja	<http://www.wikidata.org/entity/P19>	"出生地"@ja	<https://ja.wikipedia.org/wiki/%E5%8A%A0%E8%97%A4%E5%8F%8B%E5%BC%A5>
<http://www.wikidata.org/entity/Q11404095>	"北豊島中学校・高等学校"@ja	<http://www.wikidata.org/entity/Q21655594>	"日本の中高一貫校"@ja	<http://www.wikidata.org/entity/P131>	"位置する行政区画"@ja	<https://ja.wikipedia.org/wiki/%E5%8C%97%E8%B1%8A%E5%B3%B6%E4%B8%AD%E5%AD%A6%E6%A0%A1%E3%83%BB%E9%AB%98%E7%AD%89%E5%AD%A6%E6%A0%A1>
<http://www.wikidata.org/entity/Q11407548>	"南千住"@ja	<http://www.wikidata.org/entity/Q5327369>	"町丁"@ja	<http://www.wikidata.org/entity/P131>	"位置する行政区画"@ja	<https://ja.wikipedia.org/wiki/%E5%8D%97%E5%8D%83%E4%BD%8F>
<http://www.wikidata.org/entity/Q11407549>	"南千住町"@ja	<http://www.wikidata.org/entity/Q18663566>	"日本の廃止市区町村"@ja	<http://www.wikidata.org/entity/P3842>	"位置する現在の行政区画"@ja	<https://ja.wikipedia.org/wiki/%E5%8D%97%E5%8D%83%E4%BD%8F%E7%94%BA>
<http://www.wikidata.org/entity/Q11413044>	"吉川碧堂"@ja	<http://www.wikidata.org/entity/Q5>	"ヒト"@ja	<http://www.wikidata.org/entity/P19>	"出生地"@ja	<https://ja.wikipedia.org/wiki/%E5%90%89%E5%B7%9D%E7%A2%A7%E5%A0%82>
<http://www.wikidata.org/entity/Q11422510>	"国際理容美容専門学校"@ja	<http://www.wikidata.org/entity/Q24898692>	"専修学校"@ja	<http://www.wikidata.org/entity/P131>	"位置する行政区画"@ja	<https://ja.wikipedia.org/wiki/%E5%9B%BD%E9%9A%9B%E7%90%86%E5%AE%B9%E7%BE%8E%E5%AE%B9%E5%B0%82%E9%96%80%E5%AD%A6%E6%A0%A1>
<http://www.wikidata.org/entity/Q11448395>	"学校法人国際共立学園"@ja	<http://www.wikidata.org/entity/Q2385804>	"教育機関"@ja	<http://www.wikidata.org/entity/P159>	"本部所在地"@ja	<https://ja.wikipedia.org/wiki/%E5%AD%A6%E6%A0%A1%E6%B3%95%E4%BA%BA%E5%9B%BD%E9%9A%9B%E5%85%B1%E7%AB%8B%E5%AD%A6%E5%9C%92>
<http://www.wikidata.org/entity/Q11453002>	"室岡克彦"@ja	<http://www.wikidata.org/entity/Q5>	"ヒト"@ja	<http://www.wikidata.org/entity/P19>	"出生地"@ja	<https://ja.wikipedia.org/wiki/%E5%AE%A4%E5%B2%A1%E5%85%8B%E5%BD%A6>
<http://www.wikidata.org/entity/Q11461329>	"小林一光"@ja	<http://www.wikidata.org/entity/Q5>	"ヒト"@ja	<http://www.wikidata.org/entity/P19>	"出生地"@ja	<https://ja.wikipedia.org/wiki/%E5%B0%8F%E6%9E%97%E4%B8%80%E5%85%89>
<http://www.wikidata.org/entity/Q11464862>	"尹誠周"@ja	<http://www.wikidata.org/entity/Q5>	"ヒト"@ja	<http://www.wikidata.org/entity/P19>	"出生地"@ja	<https://ja.wikipedia.org/wiki/%E5%B0%B9%E8%AA%A0%E5%91%A8>
<http://www.wikidata.org/entity/Q11465110>	"尾久町"@ja	<http://www.wikidata.org/entity/Q18663566>	"日本の廃止市区町村"@ja	<http://www.wikidata.org/entity/P3842>	"位置する現在の行政区画"@ja	<https://ja.wikipedia.org/wiki/%E5%B0%BE%E4%B9%85%E7%94%BA>
<http://www.wikidata.org/entity/Q11466567>	"山口かおり"@ja	<http://www.wikidata.org/entity/Q5>	"ヒト"@ja	<http://www.wikidata.org/entity/P19>	"出生地"@ja	<https://ja.wikipedia.org/wiki/%E5%B1%B1%E5%8F%A3%E3%81%8B%E3%81%8A%E3%82%8A>
<http://www.wikidata.org/entity/Q11466658>	"山口健治"@ja	<http://www.wikidata.org/entity/Q5>	"ヒト"@ja	<http://www.wikidata.org/entity/P19>	"出生地"@ja	<https://ja.wikipedia.org/wiki/%E5%B1%B1%E5%8F%A3%E5%81%A5%E6%B2%BB>
<http://www.wikidata.org/entity/Q11466722>	"山口国男"@ja	<http://www.wikidata.org/entity/Q5>	"ヒト"@ja	<http://www.wikidata.org/entity/P19>	"出生地"@ja	<https://ja.wikipedia.org/wiki/%E5%B1%B1%E5%8F%A3%E5%9B%BD%E7%94%B7>
<http://www.wikidata.org/entity/Q11474009>	"岩丸恒"@ja	<http://www.wikidata.org/entity/Q5>	"ヒト"@ja	<http://www.wikidata.org/entity/P19>	"出生地"@ja	<https://ja.wikipedia.org/wiki/%E5%B2%A9%E4%B8%B8%E6%81%92>
<http://www.wikidata.org/entity/Q11486501>	"延命院"@ja	<http://www.wikidata.org/entity/Q5393308>	"仏教寺院"@ja	<http://www.wikidata.org/entity/P131>	"位置する行政区画"@ja	<https://ja.wikipedia.org/wiki/%E5%BB%B6%E5%91%BD%E9%99%A2_(%E8%8D%92%E5%B7%9D%E5%8C%BA)>
<http://www.wikidata.org/entity/Q11505406>	"日暮里町"@ja	<http://www.wikidata.org/entity/Q18663566>	"日本の廃止市区町村"@ja	<http://www.wikidata.org/entity/P3842>	"位置する現在の行政区画"@ja	<https://ja.wikipedia.org/wiki/%E6%97%A5%E6%9A%AE%E9%87%8C%E7%94%BA>
<http://www.wikidata.org/entity/Q11516857>	"日本総合医療専門学校"@ja	<http://www.wikidata.org/entity/Q24898692>	"専修学校"@ja	<http://www.wikidata.org/entity/P131>	"位置する行政区画"@ja	<https://ja.wikipedia.org/wiki/%E6%97%A5%E6%9C%AC%E7%B7%8F%E5%90%88%E5%8C%BB%E7%99%82%E5%B0%82%E9%96%80%E5%AD%A6%E6%A0%A1>
<http://www.wikidata.org/entity/Q11520798>	"本行寺"@ja	<http://www.wikidata.org/entity/Q5393308>	"仏教寺院"@ja	<http://www.wikidata.org/entity/P131>	"位置する行政区画"@ja	<https://ja.wikipedia.org/wiki/%E6%9C%AC%E8%A1%8C%E5%AF%BA_(%E8%8D%92%E5%B7%9D%E5%8C%BA)>
<http://www.wikidata.org/entity/Q11525581>	"東京都立竹台高等学校"@ja	<http://www.wikidata.org/entity/Q56351315>	"日本の高等学校"@ja	<http://www.wikidata.org/entity/P131>	"位置する行政区画"@ja	<https://ja.wikipedia.org/wiki/%E6%9D%B1%E4%BA%AC%E9%83%BD%E7%AB%8B%E7%AB%B9%E5%8F%B0%E9%AB%98%E7%AD%89%E5%AD%A6%E6%A0%A1>
<http://www.wikidata.org/entity/Q11525600>	"東京都立航空工業高等専門学校"@ja	<http://www.wikidata.org/entity/Q841248>	"高等専門学校"@ja	<http://www.wikidata.org/entity/P131>	"位置する行政区画"@ja	<https://ja.wikipedia.org/wiki/%E6%9D%B1%E4%BA%AC%E9%83%BD%E7%AB%8B%E8%88%AA%E7%A9%BA%E5%B7%A5%E6%A5%AD%E9%AB%98%E7%AD%89%E5%B0%82%E9%96%80%E5%AD%A6%E6%A0%A1>
<http://www.wikidata.org/entity/Q11525607>	"東京都立荒川工業高等学校"@ja	<http://www.wikidata.org/entity/Q56351315>	"日本の高等学校"@ja	<http://www.wikidata.org/entity/P131>	"位置する行政区画"@ja	<https://ja.wikipedia.org/wiki/%E6%9D%B1%E4%BA%AC%E9%83%BD%E7%AB%8B%E8%8D%92%E5%B7%9D%E5%B7%A5%E6%A5%AD%E9%AB%98%E7%AD%89%E5%AD%A6%E6%A0%A1>
<http://www.wikidata.org/entity/Q11525778>	"東京都道306号"@ja	<http://www.wikidata.org/entity/Q34442>	"道路"@ja	<http://www.wikidata.org/entity/P131>	"位置する行政区画"@ja	<https://ja.wikipedia.org/wiki/%E6%9D%B1%E4%BA%AC%E9%83%BD%E9%81%93306%E5%8F%B7%E7%8E%8B%E5%AD%90%E5%8D%83%E4%BD%8F%E5%A4%A2%E3%81%AE%E5%B3%B6%E7%B7%9A>
<http://www.wikidata.org/entity/Q11525783>	"東京都道314号"@ja	<http://www.wikidata.org/entity/Q34442>	"道路"@ja	<http://www.wikidata.org/entity/P131>	"位置する行政区画"@ja	<https://ja.wikipedia.org/wiki/%E6%9D%B1%E4%BA%AC%E9%83%BD%E9%81%93314%E5%8F%B7%E8%A8%80%E5%95%8F%E5%A4%A7%E8%B0%B7%E7%94%B0%E7%B7%9A>
<http://www.wikidata.org/entity/Q11525781>	"東京都道313号"@ja	<http://www.wikidata.org/entity/Q34442>	"道路"@ja	<http://www.wikidata.org/entity/P131>	"位置する行政区画"@ja	<https://ja.wikipedia.org/wiki/%E6%9D%B1%E4%BA%AC%E9%83%BD%E9%81%93313%E5%8F%B7%E4%B8%8A%E9%87%8E%E5%B0%BE%E7%AB%B9%E6%A9%8B%E7%B7%9A>
<http://www.wikidata.org/entity/Q11525818>	"東京都道457号"@ja	<http://www.wikidata.org/entity/Q34442>	"道路"@ja	<http://www.wikidata.org/entity/P609>	"起終点"@ja	<https://ja.wikipedia.org/wiki/%E6%9D%B1%E4%BA%AC%E9%83%BD%E9%81%93457%E5%8F%B7%E9%A7%92%E8%BE%BC%E5%AE%AE%E5%9C%B0%E7%B7%9A>
<http://www.wikidata.org/entity/Q11525818>	"東京都道457号"@ja	<http://www.wikidata.org/entity/Q34442>	"道路"@ja	<http://www.wikidata.org/entity/P131>	"位置する行政区画"@ja	<https://ja.wikipedia.org/wiki/%E6%9D%B1%E4%BA%AC%E9%83%BD%E9%81%93457%E5%8F%B7%E9%A7%92%E8%BE%BC%E5%AE%AE%E5%9C%B0%E7%B7%9A>
<http://www.wikidata.org/entity/Q11525819>	"東京都道458号"@ja	<http://www.wikidata.org/entity/Q34442>	"道路"@ja	<http://www.wikidata.org/entity/P131>	"位置する行政区画"@ja	<https://ja.wikipedia.org/wiki/%E6%9D%B1%E4%BA%AC%E9%83%BD%E9%81%93458%E5%8F%B7%E7%99%BD%E5%B1%B1%E5%B0%8F%E5%8F%B0%E7%B7%9A>
<http://www.wikidata.org/entity/Q11525822>	"東京都道461号"@ja	<http://www.wikidata.org/entity/Q34442>	"道路"@ja	<http://www.wikidata.org/entity/P131>	"位置する行政区画"@ja	<https://ja.wikipedia.org/wiki/%E6%9D%B1%E4%BA%AC%E9%83%BD%E9%81%93461%E5%8F%B7%E5%90%BE%E5%A6%BB%E6%A9%8B%E4%BC%8A%E8%88%88%E7%94%BA%E7%B7%9A>
<http://www.wikidata.org/entity/Q11525821>	"東京都道459号"@ja	<http://www.wikidata.org/entity/Q34442>	"道路"@ja	<http://www.wikidata.org/entity/P609>	"起終点"@ja	<https://ja.wikipedia.org/wiki/%E6%9D%B1%E4%BA%AC%E9%83%BD%E9%81%93459%E5%8F%B7%E5%B0%BE%E4%B9%85%E7%94%BA%E5%B1%8B%E7%B7%9A>
<http://www.wikidata.org/entity/Q11525821>	"東京都道459号"@ja	<http://www.wikidata.org/entity/Q34442>	"道路"@ja	<http://www.wikidata.org/entity/P131>	"位置する行政区画"@ja	<https://ja.wikipedia.org/wiki/%E6%9D%B1%E4%BA%AC%E9%83%BD%E9%81%93459%E5%8F%B7%E5%B0%BE%E4%B9%85%E7%94%BA%E5%B1%8B%E7%B7%9A>
<http://www.wikidata.org/entity/Q11525824>	"東京都道464号"@ja	<http://www.wikidata.org/entity/Q34442>	"道路"@ja	<http://www.wikidata.org/entity/P609>	"起終点"@ja	<https://ja.wikipedia.org/wiki/%E6%9D%B1%E4%BA%AC%E9%83%BD%E9%81%93464%E5%8F%B7%E8%A8%80%E5%95%8F%E6%A9%8B%E5%8D%97%E5%8D%83%E4%BD%8F%E7%B7%9A>
<http://www.wikidata.org/entity/Q11525824>	"東京都道464号"@ja	<http://www.wikidata.org/entity/Q34442>	"道路"@ja	<http://www.wikidata.org/entity/P131>	"位置する行政区画"@ja	<https://ja.wikipedia.org/wiki/%E6%9D%B1%E4%BA%AC%E9%83%BD%E9%81%93464%E5%8F%B7%E8%A8%80%E5%95%8F%E6%A9%8B%E5%8D%97%E5%8D%83%E4%BD%8F%E7%B7%9A>
<http://www.wikidata.org/entity/Q11526663>	"東尾久"@ja	<http://www.wikidata.org/entity/Q5327369>	"町丁"@ja	<http://www.wikidata.org/entity/P131>	"位置する行政区画"@ja	<https://ja.wikipedia.org/wiki/%E6%9D%B1%E5%B0%BE%E4%B9%85>
<http://www.wikidata.org/entity/Q11527119>	"東日暮里"@ja	<http://www.wikidata.org/entity/Q5327369>	"町丁"@ja	<http://www.wikidata.org/entity/P131>	"位置する行政区画"@ja	<https://ja.wikipedia.org/wiki/%E6%9D%B1%E6%97%A5%E6%9A%AE%E9%87%8C>
<http://www.wikidata.org/entity/Q11531362>	"松本高明"@ja	<http://www.wikidata.org/entity/Q5>	"ヒト"@ja	<http://www.wikidata.org/entity/P19>	"出生地"@ja	<https://ja.wikipedia.org/wiki/%E6%9D%BE%E6%9C%AC%E9%AB%98%E6%98%8E>
<http://www.wikidata.org/entity/Q11537873>	"桜井美春"@ja	<http://www.wikidata.org/entity/Q5>	"ヒト"@ja	<http://www.wikidata.org/entity/P19>	"出生地"@ja	<https://ja.wikipedia.org/wiki/%E6%A1%9C%E4%BA%95%E7%BE%8E%E6%98%A5>
<http://www.wikidata.org/entity/Q11538570>	"梅津正樹"@ja	<http://www.wikidata.org/entity/Q5>	"ヒト"@ja	<http://www.wikidata.org/entity/P19>	"出生地"@ja	<https://ja.wikipedia.org/wiki/%E6%A2%85%E6%B4%A5%E6%AD%A3%E6%A8%B9>
<http://www.wikidata.org/entity/Q11538585>	"梅澤淳稔"@ja	<http://www.wikidata.org/entity/Q5>	"ヒト"@ja	<http://www.wikidata.org/entity/P19>	"出生地"@ja	<https://ja.wikipedia.org/wiki/%E6%A2%85%E6%BE%A4%E6%B7%B3%E7%A8%94>
<http://www.wikidata.org/entity/Q11538799>	"梶井純"@ja	<http://www.wikidata.org/entity/Q5>	"ヒト"@ja	<http://www.wikidata.org/entity/P20>	"死没地"@ja	<https://ja.wikipedia.org/wiki/%E6%A2%B6%E4%BA%95%E7%B4%94>
<http://www.wikidata.org/entity/Q11549046>	"水神大橋"@ja	<http://www.wikidata.org/entity/Q537127>	"道路橋"@ja	<http://www.wikidata.org/entity/P131>	"位置する行政区画"@ja	<https://ja.wikipedia.org/wiki/%E6%B0%B4%E7%A5%9E%E5%A4%A7%E6%A9%8B>
<http://www.wikidata.org/entity/Q11551640>	"池波志乃"@ja	<http://www.wikidata.org/entity/Q5>	"ヒト"@ja	<http://www.wikidata.org/entity/P19>	"出生地"@ja	<https://ja.wikipedia.org/wiki/%E6%B1%A0%E6%B3%A2%E5%BF%97%E4%B9%83>
<http://www.wikidata.org/entity/Q11554833>	"泉昭二"@ja	<http://www.wikidata.org/entity/Q5>	"ヒト"@ja	<http://www.wikidata.org/entity/P19>	"出生地"@ja	<https://ja.wikipedia.org/wiki/%E6%B3%89%E6%98%AD%E4%BA%8C>
<http://www.wikidata.org/entity/Q11555029>	"法光寺"@ja	<http://www.wikidata.org/entity/Q5393308>	"仏教寺院"@ja	<http://www.wikidata.org/entity/P131>	"位置する行政区画"@ja	<https://ja.wikipedia.org/wiki/%E6%B3%95%E5%85%89%E5%AF%BA_(%E8%8D%92%E5%B7%9D%E5%8C%BA)>
<http://www.wikidata.org/entity/Q11557223>	"浅草名所七福神"@ja	<http://www.wikidata.org/entity/Q337912>	"巡礼路"@ja	<http://www.wikidata.org/entity/P131>	"位置する行政区画"@ja	<https://ja.wikipedia.org/wiki/%E6%B5%85%E8%8D%89%E5%90%8D%E6%89%80%E4%B8%83%E7%A6%8F%E7%A5%9E>
<http://www.wikidata.org/entity/Q11559792>	"淡谷三治"@ja	<http://www.wikidata.org/entity/Q5>	"ヒト"@ja	<http://www.wikidata.org/entity/P19>	"出生地"@ja	<https://ja.wikipedia.org/wiki/%E6%B7%A1%E8%B0%B7%E4%B8%89%E6%B2%BB>
<http://www.wikidata.org/entity/Q11562798>	"渡部眞"@ja	<http://www.wikidata.org/entity/Q5>	"ヒト"@ja	<http://www.wikidata.org/entity/P19>	"出生地"@ja	<https://ja.wikipedia.org/wiki/%E6%B8%A1%E9%83%A8%E7%9C%9E>
<http://www.wikidata.org/entity/Q11576838>	"田村りんか"@ja	<http://www.wikidata.org/entity/Q5>	"ヒト"@ja	<http://www.wikidata.org/entity/P19>	"出生地"@ja	<https://ja.wikipedia.org/wiki/%E7%94%B0%E6%9D%91%E3%82%8A%E3%82%93%E3%81%8B>
<http://www.wikidata.org/entity/Q11578229>	"町屋"@ja	<http://www.wikidata.org/entity/Q5327369>	"町丁"@ja	<http://www.wikidata.org/entity/P131>	"位置する行政区画"@ja	<https://ja.wikipedia.org/wiki/%E7%94%BA%E5%B1%8B_(%E8%8D%92%E5%B7%9D%E5%8C%BA)>
<http://www.wikidata.org/entity/Q11582479>	"相馬勝也"@ja	<http://www.wikidata.org/entity/Q5>	"ヒト"@ja	<http://www.wikidata.org/entity/P19>	"出生地"@ja	<https://ja.wikipedia.org/wiki/%E7%9B%B8%E9%A6%AC%E5%8B%9D%E4%B9%9F>
<http://www.wikidata.org/entity/Q11583539>	"真部一男"@ja	<http://www.wikidata.org/entity/Q5>	"ヒト"@ja	<http://www.wikidata.org/entity/P19>	"出生地"@ja	<https://ja.wikipedia.org/wiki/%E7%9C%9F%E9%83%A8%E4%B8%80%E7%94%B7>
<http://www.wikidata.org/entity/Q11583897>	"矢代義光"@ja	<http://www.wikidata.org/entity/Q5>	"ヒト"@ja	<http://www.wikidata.org/entity/P19>	"出生地"@ja	<https://ja.wikipedia.org/wiki/%E7%9F%A2%E4%BB%A3%E7%BE%A9%E5%85%89>
<http://www.wikidata.org/entity/Q11586584>	"石村玉苑"@ja	<http://www.wikidata.org/entity/Q5>	"ヒト"@ja	<http://www.wikidata.org/entity/P19>	"出生地"@ja	<https://ja.wikipedia.org/wiki/%E7%9F%B3%E6%9D%91%E7%8E%89%E8%8B%91>
<http://www.wikidata.org/entity/Q11602603>	"笹本れいか"@ja	<http://www.wikidata.org/entity/Q5>	"ヒト"@ja	<http://www.wikidata.org/entity/P19>	"出生地"@ja	<https://ja.wikipedia.org/wiki/%E7%AC%B9%E6%9C%AC%E3%82%8C%E3%81%84%E3%81%8B>
<http://www.wikidata.org/entity/Q11605642>	"素盞雄神社"@ja	<http://www.wikidata.org/entity/Q845945>	"神社"@ja	<http://www.wikidata.org/entity/P131>	"位置する行政区画"@ja	<https://ja.wikipedia.org/wiki/%E7%B4%A0%E7%9B%9E%E9%9B%84%E7%A5%9E%E7%A4%BE_(%E8%8D%92%E5%B7%9D%E5%8C%BA)>
<http://www.wikidata.org/entity/Q11618503>	"荒川"@ja	<http://www.wikidata.org/entity/Q5327369>	"町丁"@ja	<http://www.wikidata.org/entity/P131>	"位置する行政区画"@ja	<https://ja.wikipedia.org/wiki/%E8%8D%92%E5%B7%9D_(%E8%8D%92%E5%B7%9D%E5%8C%BA)>
<http://www.wikidata.org/entity/Q11618539>	"荒川区立赤土小学校"@ja	<http://www.wikidata.org/entity/Q5358913>	"日本の小学校"@ja	<http://www.wikidata.org/entity/P768>	"選挙区"@ja	<https://ja.wikipedia.org/wiki/%E8%8D%92%E5%B7%9D%E5%8C%BA%E7%AB%8B%E8%B5%A4%E5%9C%9F%E5%B0%8F%E5%AD%A6%E6%A0%A1>
<http://www.wikidata.org/entity/Q11618539>	"荒川区立赤土小学校"@ja	<http://www.wikidata.org/entity/Q5358913>	"日本の小学校"@ja	<http://www.wikidata.org/entity/P131>	"位置する行政区画"@ja	<https://ja.wikipedia.org/wiki/%E8%8D%92%E5%B7%9D%E5%8C%BA%E7%AB%8B%E8%B5%A4%E5%9C%9F%E5%B0%8F%E5%AD%A6%E6%A0%A1>
<http://www.wikidata.org/entity/Q11618539>	"荒川区立赤土小学校"@ja	<http://www.wikidata.org/entity/Q5358913>	"日本の小学校"@ja	<http://www.wikidata.org/entity/P126>	"管理者"@ja	<https://ja.wikipedia.org/wiki/%E8%8D%92%E5%B7%9D%E5%8C%BA%E7%AB%8B%E8%B5%A4%E5%9C%9F%E5%B0%8F%E5%AD%A6%E6%A0%A1>
<http://www.wikidata.org/entity/Q11618609>	"荒川総合スポーツセンター"@ja	<http://www.wikidata.org/entity/Q14092>	"体育館"@ja	<http://www.wikidata.org/entity/P131>	"位置する行政区画"@ja	<https://ja.wikipedia.org/wiki/%E8%8D%92%E5%B7%9D%E7%B7%8F%E5%90%88%E3%82%B9%E3%83%9D%E3%83%BC%E3%83%84%E3%82%BB%E3%83%B3%E3%82%BF%E3%83%BC>
<http://www.wikidata.org/entity/Q11621687>	"蓮沼剛"@ja	<http://www.wikidata.org/entity/Q5>	"ヒト"@ja	<http://www.wikidata.org/entity/P19>	"出生地"@ja	<https://ja.wikipedia.org/wiki/%E8%93%AE%E6%B2%BC%E5%89%9B>
<http://www.wikidata.org/entity/Q11624542>	"藤沢志光"@ja	<http://www.wikidata.org/entity/Q5>	"ヒト"@ja	<http://www.wikidata.org/entity/P19>	"出生地"@ja	<https://ja.wikipedia.org/wiki/%E8%97%A4%E6%B2%A2%E5%BF%97%E5%85%89>
<http://www.wikidata.org/entity/Q11627100>	"西上心太"@ja	<http://www.wikidata.org/entity/Q5>	"ヒト"@ja	<http://www.wikidata.org/entity/P19>	"出生地"@ja	<https://ja.wikipedia.org/wiki/%E8%A5%BF%E4%B8%8A%E5%BF%83%E5%A4%AA>
<http://www.wikidata.org/entity/Q11627711>	"西尾久"@ja	<http://www.wikidata.org/entity/Q5327369>	"町丁"@ja	<http://www.wikidata.org/entity/P131>	"位置する行政区画"@ja	<https://ja.wikipedia.org/wiki/%E8%A5%BF%E5%B0%BE%E4%B9%85>
<http://www.wikidata.org/entity/Q11628078>	"西川太一郎"@ja	<http://www.wikidata.org/entity/Q5>	"ヒト"@ja	<http://www.wikidata.org/entity/P19>	"出生地"@ja	<https://ja.wikipedia.org/wiki/%E8%A5%BF%E5%B7%9D%E5%A4%AA%E4%B8%80%E9%83%8E>
<http://www.wikidata.org/entity/Q11632598>	"谷中七福神"@ja	<http://www.wikidata.org/entity/Q337912>	"巡礼路"@ja	<http://www.wikidata.org/entity/P131>	"位置する行政区画"@ja	<https://ja.wikipedia.org/wiki/%E8%B0%B7%E4%B8%AD%E4%B8%83%E7%A6%8F%E7%A5%9E>
<http://www.wikidata.org/entity/Q11644825>	"重太みゆき"@ja	<http://www.wikidata.org/entity/Q5>	"ヒト"@ja	<http://www.wikidata.org/entity/P19>	"出生地"@ja	<https://ja.wikipedia.org/wiki/%E9%87%8D%E5%A4%AA%E3%81%BF%E3%82%86%E3%81%8D>
<http://www.wikidata.org/entity/Q11649272>	"鈴木誠也"@ja	<http://www.wikidata.org/entity/Q5>	"ヒト"@ja	<http://www.wikidata.org/entity/P19>	"出生地"@ja	<https://ja.wikipedia.org/wiki/%E9%88%B4%E6%9C%A8%E8%AA%A0%E4%B9%9F>
<http://www.wikidata.org/entity/Q11655603>	"関口大輔 (お笑い芸人)"@ja	<http://www.wikidata.org/entity/Q5>	"ヒト"@ja	<http://www.wikidata.org/entity/P19>	"出生地"@ja	<https://ja.wikipedia.org/wiki/%E9%96%A2%E5%8F%A3%E5%A4%A7%E8%BC%94_(%E3%81%8A%E7%AC%91%E3%81%84%E8%8A%B8%E4%BA%BA)>
<http://www.wikidata.org/entity/Q11664598>	"須永英輝"@ja	<http://www.wikidata.org/entity/Q5>	"ヒト"@ja	<http://www.wikidata.org/entity/P19>	"出生地"@ja	<https://ja.wikipedia.org/wiki/%E9%A0%88%E6%B0%B8%E8%8B%B1%E8%BC%9D>
<http://www.wikidata.org/entity/Q13429212>	"今村優香"@ja	<http://www.wikidata.org/entity/Q5>	"ヒト"@ja	<http://www.wikidata.org/entity/P19>	"出生地"@ja	<https://ja.wikipedia.org/wiki/%E4%BB%8A%E6%9D%91%E5%84%AA%E9%A6%99>
<http://www.wikidata.org/entity/Q16144963>	"東京都道・埼玉県道58号"@ja	<http://www.wikidata.org/entity/Q34442>	"道路"@ja	<http://www.wikidata.org/entity/P131>	"位置する行政区画"@ja	<https://ja.wikipedia.org/wiki/%E6%9D%B1%E4%BA%AC%E9%83%BD%E9%81%93%E3%83%BB%E5%9F%BC%E7%8E%89%E7%9C%8C%E9%81%9358%E5%8F%B7%E5%8F%B0%E6%9D%B1%E5%B7%9D%E5%8F%A3%E7%B7%9A>
<http://www.wikidata.org/entity/Q16264000>	"いしいそうたろう"@ja	<http://www.wikidata.org/entity/Q5>	"ヒト"@ja	<http://www.wikidata.org/entity/P19>	"出生地"@ja	<https://ja.wikipedia.org/wiki/%E3%81%84%E3%81%97%E3%81%84%E3%81%9D%E3%81%86%E3%81%9F%E3%82%8D%E3%81%86>
<http://www.wikidata.org/entity/Q17129153>	"小河原智子"@ja	<http://www.wikidata.org/entity/Q5>	"ヒト"@ja	<http://www.wikidata.org/entity/P19>	"出生地"@ja	<https://ja.wikipedia.org/wiki/%E5%B0%8F%E6%B2%B3%E5%8E%9F%E6%99%BA%E5%AD%90>
<http://www.wikidata.org/entity/Q17129634>	"木村吉二郎"@ja	<http://www.wikidata.org/entity/Q5>	"ヒト"@ja	<http://www.wikidata.org/entity/P19>	"出生地"@ja	<https://ja.wikipedia.org/wiki/%E6%9C%A8%E6%9D%91%E5%90%89%E4%BA%8C%E9%83%8E>
<http://www.wikidata.org/entity/Q17191904>	"あらかわ遊園"@ja	<http://www.wikidata.org/entity/Q194195>	"遊園地"@ja	<http://www.wikidata.org/entity/P137>	"運営者"@ja	<https://ja.wikipedia.org/wiki/%E3%81%82%E3%82%89%E3%81%8B%E3%82%8F%E9%81%8A%E5%9C%92>
<http://www.wikidata.org/entity/Q17191935>	"あら坊"@ja	<http://www.wikidata.org/entity/Q11280995>	"ゆるキャラ"@ja	<http://www.wikidata.org/entity/P6291>	"広告"@ja	<https://ja.wikipedia.org/wiki/%E3%81%82%E3%82%89%E5%9D%8A>
<http://www.wikidata.org/entity/Q17209694>	"桂やまと"@ja	<http://www.wikidata.org/entity/Q11415657>	"名跡"@ja	<http://www.wikidata.org/entity/P19>	"出生地"@ja	<https://ja.wikipedia.org/wiki/%E6%A1%82%E3%82%84%E3%81%BE%E3%81%A8>
<http://www.wikidata.org/entity/Q17210428>	"キジマ"@ja	<http://www.wikidata.org/entity/Q4830453>	"企業"@ja	<http://www.wikidata.org/entity/P159>	"本部所在地"@ja	<https://ja.wikipedia.org/wiki/%E3%82%AD%E3%82%B8%E3%83%9E>
<http://www.wikidata.org/entity/Q17220014>	"道灌山通駅"@ja	<http://www.wikidata.org/entity/Q4663385>	"かつての鉄道駅"@ja	<http://www.wikidata.org/entity/P131>	"位置する行政区画"@ja	<https://ja.wikipedia.org/wiki/%E9%81%93%E7%81%8C%E5%B1%B1%E9%80%9A%E9%A7%85>
<http://www.wikidata.org/entity/Q17220014>	"道灌山通駅"@ja	<http://www.wikidata.org/entity/Q55488>	"鉄道駅"@ja	<http://www.wikidata.org/entity/P131>	"位置する行政区画"@ja	<https://ja.wikipedia.org/wiki/%E9%81%93%E7%81%8C%E5%B1%B1%E9%80%9A%E9%A7%85>
<http://www.wikidata.org/entity/Q17229269>	"道灌山"@ja	<http://www.wikidata.org/entity/Q54050>	"丘"@ja	<http://www.wikidata.org/entity/P131>	"位置する行政区画"@ja	<https://ja.wikipedia.org/wiki/%E9%81%93%E7%81%8C%E5%B1%B1>
<http://www.wikidata.org/entity/Q17988494>	"荒川区立第三日暮里小学校"@ja	<http://www.wikidata.org/entity/Q5358913>	"日本の小学校"@ja	<http://www.wikidata.org/entity/P131>	"位置する行政区画"@ja	<https://ja.wikipedia.org/wiki/%E8%8D%92%E5%B7%9D%E5%8C%BA%E7%AB%8B%E7%AC%AC%E4%B8%89%E6%97%A5%E6%9A%AE%E9%87%8C%E5%B0%8F%E5%AD%A6%E6%A0%A1>
<http://www.wikidata.org/entity/Q17988494>	"荒川区立第三日暮里小学校"@ja	<http://www.wikidata.org/entity/Q5358913>	"日本の小学校"@ja	<http://www.wikidata.org/entity/P126>	"管理者"@ja	<https://ja.wikipedia.org/wiki/%E8%8D%92%E5%B7%9D%E5%8C%BA%E7%AB%8B%E7%AC%AC%E4%B8%89%E6%97%A5%E6%9A%AE%E9%87%8C%E5%B0%8F%E5%AD%A6%E6%A0%A1>
<http://www.wikidata.org/entity/Q18759579>	"山﨑康晃"@ja	<http://www.wikidata.org/entity/Q5>	"ヒト"@ja	<http://www.wikidata.org/entity/P19>	"出生地"@ja	<https://ja.wikipedia.org/wiki/%E5%B1%B1%EF%A8%91%E5%BA%B7%E6%99%83>
<http://www.wikidata.org/entity/Q20039738>	"楠勝平"@ja	<http://www.wikidata.org/entity/Q5>	"ヒト"@ja	<http://www.wikidata.org/entity/P19>	"出生地"@ja	<https://ja.wikipedia.org/wiki/%E6%A5%A0%E5%8B%9D%E5%B9%B3>
<http://www.wikidata.org/entity/Q20042346>	"林誠司"@ja	<http://www.wikidata.org/entity/Q5>	"ヒト"@ja	<http://www.wikidata.org/entity/P19>	"出生地"@ja	<https://ja.wikipedia.org/wiki/%E6%9E%97%E8%AA%A0%E5%8F%B8>
<http://www.wikidata.org/entity/Q21019656>	"宮崎晃"@ja	<http://www.wikidata.org/entity/Q5>	"ヒト"@ja	<http://www.wikidata.org/entity/P19>	"出生地"@ja	<https://ja.wikipedia.org/wiki/%E5%AE%AE%E5%B4%8E%E6%99%83>
<http://www.wikidata.org/entity/Q22117372>	"山本泰寛"@ja	<http://www.wikidata.org/entity/Q5>	"ヒト"@ja	<http://www.wikidata.org/entity/P19>	"出生地"@ja	<https://ja.wikipedia.org/wiki/%E5%B1%B1%E6%9C%AC%E6%B3%B0%E5%AF%9B>
<http://www.wikidata.org/entity/Q24862238>	"荒川区議会"@ja	<http://www.wikidata.org/entity/Q3154693>	"市町村議会"@ja	<http://www.wikidata.org/entity/P1001>	"管轄・適用区域"@ja	<https://ja.wikipedia.org/wiki/%E8%8D%92%E5%B7%9D%E5%8C%BA%E8%AD%B0%E4%BC%9A>
<http://www.wikidata.org/entity/Q29407954>	"真養寺"@ja	<http://www.wikidata.org/entity/Q5393308>	"仏教寺院"@ja	<http://www.wikidata.org/entity/P131>	"位置する行政区画"@ja	<https://ja.wikipedia.org/wiki/%E7%9C%9F%E9%A4%8A%E5%AF%BA>
<http://www.wikidata.org/entity/Q42707063>	"啓運寺"@ja	<http://www.wikidata.org/entity/Q5393308>	"仏教寺院"@ja	<http://www.wikidata.org/entity/P131>	"位置する行政区画"@ja	<https://ja.wikipedia.org/wiki/%E5%95%93%E9%81%8B%E5%AF%BA_(%E8%8D%92%E5%B7%9D%E5%8C%BA)>
<http://www.wikidata.org/entity/Q55530538>	"荒川区立尾久八幡中学校"@ja	<http://www.wikidata.org/entity/Q55521176>	"日本の中学校"@ja	<http://www.wikidata.org/entity/P131>	"位置する行政区画"@ja	<https://ja.wikipedia.org/wiki/%E8%8D%92%E5%B7%9D%E5%8C%BA%E7%AB%8B%E5%B0%BE%E4%B9%85%E5%85%AB%E5%B9%A1%E4%B8%AD%E5%AD%A6%E6%A0%A1>
<http://www.wikidata.org/entity/Q55530538>	"荒川区立尾久八幡中学校"@ja	<http://www.wikidata.org/entity/Q55521176>	"日本の中学校"@ja	<http://www.wikidata.org/entity/P126>	"管理者"@ja	<https://ja.wikipedia.org/wiki/%E8%8D%92%E5%B7%9D%E5%8C%BA%E7%AB%8B%E5%B0%BE%E4%B9%85%E5%85%AB%E5%B9%A1%E4%B8%AD%E5%AD%A6%E6%A0%A1>
<http://www.wikidata.org/entity/Q55534764>	"荒川区立尾久西小学校"@ja	<http://www.wikidata.org/entity/Q5358913>	"日本の小学校"@ja	<http://www.wikidata.org/entity/P131>	"位置する行政区画"@ja	<https://ja.wikipedia.org/wiki/%E8%8D%92%E5%B7%9D%E5%8C%BA%E7%AB%8B%E5%B0%BE%E4%B9%85%E8%A5%BF%E5%B0%8F%E5%AD%A6%E6%A0%A1>
<http://www.wikidata.org/entity/Q55534764>	"荒川区立尾久西小学校"@ja	<http://www.wikidata.org/entity/Q5358913>	"日本の小学校"@ja	<http://www.wikidata.org/entity/P126>	"管理者"@ja	<https://ja.wikipedia.org/wiki/%E8%8D%92%E5%B7%9D%E5%8C%BA%E7%AB%8B%E5%B0%BE%E4%B9%85%E8%A5%BF%E5%B0%8F%E5%AD%A6%E6%A0%A1>
<http://www.wikidata.org/entity/Q65280579>	"荒川区立瑞光小学校"@ja	<http://www.wikidata.org/entity/Q5358913>	"日本の小学校"@ja	<http://www.wikidata.org/entity/P131>	"位置する行政区画"@ja	<https://ja.wikipedia.org/wiki/%E8%8D%92%E5%B7%9D%E5%8C%BA%E7%AB%8B%E7%91%9E%E5%85%89%E5%B0%8F%E5%AD%A6%E6%A0%A1>
<http://www.wikidata.org/entity/Q65280579>	"荒川区立瑞光小学校"@ja	<http://www.wikidata.org/entity/Q5358913>	"日本の小学校"@ja	<http://www.wikidata.org/entity/P126>	"管理者"@ja	<https://ja.wikipedia.org/wiki/%E8%8D%92%E5%B7%9D%E5%8C%BA%E7%AB%8B%E7%91%9E%E5%85%89%E5%B0%8F%E5%AD%A6%E6%A0%A1>
<http://www.wikidata.org/entity/Q81917095>	"荒川区立汐入小学校"@ja	<http://www.wikidata.org/entity/Q5358913>	"日本の小学校"@ja	<http://www.wikidata.org/entity/P131>	"位置する行政区画"@ja	<https://ja.wikipedia.org/wiki/%E8%8D%92%E5%B7%9D%E5%8C%BA%E7%AB%8B%E6%B1%90%E5%85%A5%E5%B0%8F%E5%AD%A6%E6%A0%A1>
<http://www.wikidata.org/entity/Q81917095>	"荒川区立汐入小学校"@ja	<http://www.wikidata.org/entity/Q5358913>	"日本の小学校"@ja	<http://www.wikidata.org/entity/P126>	"管理者"@ja	<https://ja.wikipedia.org/wiki/%E8%8D%92%E5%B7%9D%E5%8C%BA%E7%AB%8B%E6%B1%90%E5%85%A5%E5%B0%8F%E5%AD%A6%E6%A0%A1>
<http://www.wikidata.org/entity/Q87358509>	"重藤暁"@ja	<http://www.wikidata.org/entity/Q5>	"ヒト"@ja	<http://www.wikidata.org/entity/P19>	"出生地"@ja	<https://ja.wikipedia.org/wiki/%E9%87%8D%E8%97%A4%E6%9A%81>
<http://www.wikidata.org/entity/Q97214954>	"修性院"@ja	<http://www.wikidata.org/entity/Q5393308>	"仏教寺院"@ja	<http://www.wikidata.org/entity/P131>	"位置する行政区画"@ja	<https://ja.wikipedia.org/wiki/%E4%BF%AE%E6%80%A7%E9%99%A2>
<http://www.wikidata.org/entity/Q97215051>	"公春院"@ja	<http://www.wikidata.org/entity/Q5393308>	"仏教寺院"@ja	<http://www.wikidata.org/entity/P131>	"位置する行政区画"@ja	<https://ja.wikipedia.org/wiki/%E5%85%AC%E6%98%A5%E9%99%A2>
<http://www.wikidata.org/entity/Q97215153>	"南泉寺"@ja	<http://www.wikidata.org/entity/Q5393308>	"仏教寺院"@ja	<http://www.wikidata.org/entity/P131>	"位置する行政区画"@ja	<https://ja.wikipedia.org/wiki/%E5%8D%97%E6%B3%89%E5%AF%BA_(%E8%8D%92%E5%B7%9D%E5%8C%BA)>
<http://www.wikidata.org/entity/Q97215186>	"善性寺"@ja	<http://www.wikidata.org/entity/Q5393308>	"仏教寺院"@ja	<http://www.wikidata.org/entity/P131>	"位置する行政区画"@ja	<https://ja.wikipedia.org/wiki/%E5%96%84%E6%80%A7%E5%AF%BA_(%E8%8D%92%E5%B7%9D%E5%8C%BA)>
<http://www.wikidata.org/entity/Q97215320>	"宝蔵院"@ja	<http://www.wikidata.org/entity/Q5393308>	"仏教寺院"@ja	<http://www.wikidata.org/entity/P131>	"位置する行政区画"@ja	<https://ja.wikipedia.org/wiki/%E5%AE%9D%E8%94%B5%E9%99%A2_(%E8%8D%92%E5%B7%9D%E5%8C%BA)>
<http://www.wikidata.org/entity/Q97215469>	"慈眼寺"@ja	<http://www.wikidata.org/entity/Q5393308>	"仏教寺院"@ja	<http://www.wikidata.org/entity/P131>	"位置する行政区画"@ja	<https://ja.wikipedia.org/wiki/%E6%85%88%E7%9C%BC%E5%AF%BA_(%E8%8D%92%E5%B7%9D%E5%8C%BA)>
<http://www.wikidata.org/entity/Q97215539>	"日慶寺"@ja	<http://www.wikidata.org/entity/Q5393308>	"仏教寺院"@ja	<http://www.wikidata.org/entity/P131>	"位置する行政区画"@ja	<https://ja.wikipedia.org/wiki/%E6%97%A5%E6%85%B6%E5%AF%BA>
<http://www.wikidata.org/entity/Q97215718>	"法界寺"@ja	<http://www.wikidata.org/entity/Q5393308>	"仏教寺院"@ja	<http://www.wikidata.org/entity/P131>	"位置する行政区画"@ja	<https://ja.wikipedia.org/wiki/%E6%B3%95%E7%95%8C%E5%AF%BA_(%E8%8D%92%E5%B7%9D%E5%8C%BA)>
<http://www.wikidata.org/entity/Q97215728>	"浄光寺"@ja	<http://www.wikidata.org/entity/Q5393308>	"仏教寺院"@ja	<http://www.wikidata.org/entity/P131>	"位置する行政区画"@ja	<https://ja.wikipedia.org/wiki/%E6%B5%84%E5%85%89%E5%AF%BA_(%E8%8D%92%E5%B7%9D%E5%8C%BA)>
<http://www.wikidata.org/entity/Q97215743>	"浄正寺"@ja	<http://www.wikidata.org/entity/Q5393308>	"仏教寺院"@ja	<http://www.wikidata.org/entity/P131>	"位置する行政区画"@ja	<https://ja.wikipedia.org/wiki/%E6%B5%84%E6%AD%A3%E5%AF%BA_(%E8%8D%92%E5%B7%9D%E5%8C%BA)>
<http://www.wikidata.org/entity/Q97215792>	"満光寺"@ja	<http://www.wikidata.org/entity/Q5393308>	"仏教寺院"@ja	<http://www.wikidata.org/entity/P131>	"位置する行政区画"@ja	<https://ja.wikipedia.org/wiki/%E6%BA%80%E5%85%89%E5%AF%BA_(%E8%8D%92%E5%B7%9D%E5%8C%BA)>
<http://www.wikidata.org/entity/Q97215869>	"真正寺"@ja	<http://www.wikidata.org/entity/Q5393308>	"仏教寺院"@ja	<http://www.wikidata.org/entity/P131>	"位置する行政区画"@ja	<https://ja.wikipedia.org/wiki/%E7%9C%9F%E6%AD%A3%E5%AF%BA_(%E8%8D%92%E5%B7%9D%E5%8C%BA)>
<http://www.wikidata.org/entity/Q97215882>	"石浜神社"@ja	<http://www.wikidata.org/entity/Q845945>	"神社"@ja	<http://www.wikidata.org/entity/P131>	"位置する行政区画"@ja	<https://ja.wikipedia.org/wiki/%E7%9F%B3%E6%B5%9C%E7%A5%9E%E7%A4%BE>
<http://www.wikidata.org/entity/Q97215900>	"碩運寺"@ja	<http://www.wikidata.org/entity/Q5393308>	"仏教寺院"@ja	<http://www.wikidata.org/entity/P131>	"位置する行政区画"@ja	<https://ja.wikipedia.org/wiki/%E7%A2%A9%E9%81%8B%E5%AF%BA>
<http://www.wikidata.org/entity/Q97215952>	"経王寺"@ja	<http://www.wikidata.org/entity/Q5393308>	"仏教寺院"@ja	<http://www.wikidata.org/entity/P131>	"位置する行政区画"@ja	<https://ja.wikipedia.org/wiki/%E7%B5%8C%E7%8E%8B%E5%AF%BA_(%E8%8D%92%E5%B7%9D%E5%8C%BA)>
<http://www.wikidata.org/entity/Q97216001>	"胡録神社"@ja	<http://www.wikidata.org/entity/Q845945>	"神社"@ja	<http://www.wikidata.org/entity/P131>	"位置する行政区画"@ja	<https://ja.wikipedia.org/wiki/%E8%83%A1%E9%8C%B2%E7%A5%9E%E7%A4%BE_(%E8%8D%92%E5%B7%9D%E5%8C%BA)>
<http://www.wikidata.org/entity/Q97216058>	"華蔵院"@ja	<http://www.wikidata.org/entity/Q5393308>	"仏教寺院"@ja	<http://www.wikidata.org/entity/P131>	"位置する行政区画"@ja	<https://ja.wikipedia.org/wiki/%E8%8F%AF%E8%94%B5%E9%99%A2_(%E8%8D%92%E5%B7%9D%E5%8C%BA)>
<http://www.wikidata.org/entity/Q97216084>	"西光寺"@ja	<http://www.wikidata.org/entity/Q5393308>	"仏教寺院"@ja	<http://www.wikidata.org/entity/P131>	"位置する行政区画"@ja	<https://ja.wikipedia.org/wiki/%E8%A5%BF%E5%85%89%E5%AF%BA_(%E8%8D%92%E5%B7%9D%E5%8C%BA)>
<http://www.wikidata.org/entity/Q97216149>	"観音寺"@ja	<http://www.wikidata.org/entity/Q5393308>	"仏教寺院"@ja	<http://www.wikidata.org/entity/P131>	"位置する行政区画"@ja	<https://ja.wikipedia.org/wiki/%E8%A6%B3%E9%9F%B3%E5%AF%BA_(%E8%8D%92%E5%B7%9D%E5%8C%BA)>
<http://www.wikidata.org/entity/Q97216173>	"誓願寺"@ja	<http://www.wikidata.org/entity/Q5393308>	"仏教寺院"@ja	<http://www.wikidata.org/entity/P131>	"位置する行政区画"@ja	<https://ja.wikipedia.org/wiki/%E8%AA%93%E9%A1%98%E5%AF%BA_(%E8%8D%92%E5%B7%9D%E5%8C%BA)>
<http://www.wikidata.org/entity/Q97216384>	"阿遮院"@ja	<http://www.wikidata.org/entity/Q5393308>	"仏教寺院"@ja	<http://www.wikidata.org/entity/P131>	"位置する行政区画"@ja	<https://ja.wikipedia.org/wiki/%E9%98%BF%E9%81%AE%E9%99%A2>
<http://www.wikidata.org/entity/Q97216427>	"青雲寺"@ja	<http://www.wikidata.org/entity/Q5393308>	"仏教寺院"@ja	<http://www.wikidata.org/entity/P131>	"位置する行政区画"@ja	<https://ja.wikipedia.org/wiki/%E9%9D%92%E9%9B%B2%E5%AF%BA_(%E8%8D%92%E5%B7%9D%E5%8C%BA)>
<http://www.wikidata.org/entity/Q97216444>	"養福寺"@ja	<http://www.wikidata.org/entity/Q5393308>	"仏教寺院"@ja	<http://www.wikidata.org/entity/P131>	"位置する行政区画"@ja	<https://ja.wikipedia.org/wiki/%E9%A4%8A%E7%A6%8F%E5%AF%BA_(%E8%8D%92%E5%B7%9D%E5%8C%BA)>
<http://www.wikidata.org/entity/Q111772255>	"延命寺"@ja	<http://www.wikidata.org/entity/Q5393308>	"仏教寺院"@ja	<http://www.wikidata.org/entity/P131>	"位置する行政区画"@ja	<https://ja.wikipedia.org/wiki/%E5%BB%B6%E5%91%BD%E5%AF%BA_(%E8%8D%92%E5%B7%9D%E5%8C%BA)>
<http://www.wikidata.org/entity/Q115189875>	"大林院"@ja	<http://www.wikidata.org/entity/Q5393308>	"仏教寺院"@ja	<http://www.wikidata.org/entity/P131>	"位置する行政区画"@ja	<https://ja.wikipedia.org/wiki/%E5%A4%A7%E6%9E%97%E9%99%A2_(%E8%8D%92%E5%B7%9D%E5%8C%BA)>
<http://www.wikidata.org/entity/Q115189938>	"地蔵寺"@ja	<http://www.wikidata.org/entity/Q5393308>	"仏教寺院"@ja	<http://www.wikidata.org/entity/P131>	"位置する行政区画"@ja	<https://ja.wikipedia.org/wiki/%E5%9C%B0%E8%94%B5%E5%AF%BA_(%E8%8D%92%E5%B7%9D%E5%8C%BA)>
<http://www.wikidata.org/entity/Q8726310>	"Q8726310"	<http://www.wikidata.org/entity/Q4167836>	"ウィキメディアのカテゴリ"@ja	<http://www.wikidata.org/entity/P971>	"以下の組み合わせカテゴリ"@ja	
<http://www.wikidata.org/entity/Q41805226>	"大西恒樹"@ja	<http://www.wikidata.org/entity/Q5>	"ヒト"@ja	<http://www.wikidata.org/entity/P19>	"出生地"@ja	
<http://www.wikidata.org/entity/Q42312261>	"リバーハープ公園"@ja	<http://www.wikidata.org/entity/Q22698>	"公園"@ja	<http://www.wikidata.org/entity/P131>	"位置する行政区画"@ja	
<http://www.wikidata.org/entity/Q42312267>	"原公園"@ja	<http://www.wikidata.org/entity/Q22698>	"公園"@ja	<http://www.wikidata.org/entity/P131>	"位置する行政区画"@ja	
<http://www.wikidata.org/entity/Q42312264>	"三河島公園"@ja	<http://www.wikidata.org/entity/Q22698>	"公園"@ja	<http://www.wikidata.org/entity/P131>	"位置する行政区画"@ja	
<http://www.wikidata.org/entity/Q42312270>	"天王公園"@ja	<http://www.wikidata.org/entity/Q22698>	"公園"@ja	<http://www.wikidata.org/entity/P131>	"位置する行政区画"@ja	
<http://www.wikidata.org/entity/Q42312279>	"尾久小公園"@ja	<http://www.wikidata.org/entity/Q22698>	"公園"@ja	<http://www.wikidata.org/entity/P131>	"位置する行政区画"@ja	
<http://www.wikidata.org/entity/Q42312276>	"尾久八幡公園"@ja	<http://www.wikidata.org/entity/Q22698>	"公園"@ja	<http://www.wikidata.org/entity/P131>	"位置する行政区画"@ja	
<http://www.wikidata.org/entity/Q42312282>	"尾竹橋公園"@ja	<http://www.wikidata.org/entity/Q22698>	"公園"@ja	<http://www.wikidata.org/entity/P131>	"位置する行政区画"@ja	
<http://www.wikidata.org/entity/Q42312286>	"日暮里公園"@ja	<http://www.wikidata.org/entity/Q22698>	"公園"@ja	<http://www.wikidata.org/entity/P131>	"位置する行政区画"@ja	
<http://www.wikidata.org/entity/Q42312289>	"東日暮里一丁目公園"@ja	<http://www.wikidata.org/entity/Q22698>	"公園"@ja	<http://www.wikidata.org/entity/P131>	"位置する行政区画"@ja	
<http://www.wikidata.org/entity/Q42312295>	"熊野前公園"@ja	<http://www.wikidata.org/entity/Q22698>	"公園"@ja	<http://www.wikidata.org/entity/P131>	"位置する行政区画"@ja	
<http://www.wikidata.org/entity/Q42312298>	"瑞光公園"@ja	<http://www.wikidata.org/entity/Q22698>	"公園"@ja	<http://www.wikidata.org/entity/P131>	"位置する行政区画"@ja	
<http://www.wikidata.org/entity/Q42312301>	"瑞光橋公園"@ja	<http://www.wikidata.org/entity/Q22698>	"公園"@ja	<http://www.wikidata.org/entity/P131>	"位置する行政区画"@ja	
<http://www.wikidata.org/entity/Q42312307>	"町屋五丁目北公園"@ja	<http://www.wikidata.org/entity/Q22698>	"公園"@ja	<http://www.wikidata.org/entity/P131>	"位置する行政区画"@ja	
<http://www.wikidata.org/entity/Q42312304>	"町屋七丁目公園"@ja	<http://www.wikidata.org/entity/Q22698>	"公園"@ja	<http://www.wikidata.org/entity/P131>	"位置する行政区画"@ja	
<http://www.wikidata.org/entity/Q42312310>	"町屋五丁目南公園"@ja	<http://www.wikidata.org/entity/Q22698>	"公園"@ja	<http://www.wikidata.org/entity/P131>	"位置する行政区画"@ja	
<http://www.wikidata.org/entity/Q42312313>	"真土公園"@ja	<http://www.wikidata.org/entity/Q22698>	"公園"@ja	<http://www.wikidata.org/entity/P131>	"位置する行政区画"@ja	
<http://www.wikidata.org/entity/Q42312316>	"荒川三丁目公園"@ja	<http://www.wikidata.org/entity/Q22698>	"公園"@ja	<http://www.wikidata.org/entity/P131>	"位置する行政区画"@ja	
<http://www.wikidata.org/entity/Q42312323>	"荒川二丁目南公園"@ja	<http://www.wikidata.org/entity/Q22698>	"公園"@ja	<http://www.wikidata.org/entity/P131>	"位置する行政区画"@ja	
<http://www.wikidata.org/entity/Q42312320>	"荒川二丁目公園"@ja	<http://www.wikidata.org/entity/Q22698>	"公園"@ja	<http://www.wikidata.org/entity/P131>	"位置する行政区画"@ja	
<http://www.wikidata.org/entity/Q42312326>	"荒川五丁目公園"@ja	<http://www.wikidata.org/entity/Q22698>	"公園"@ja	<http://www.wikidata.org/entity/P131>	"位置する行政区画"@ja	
<http://www.wikidata.org/entity/Q42312329>	"荒川八丁目公園"@ja	<http://www.wikidata.org/entity/Q22698>	"公園"@ja	<http://www.wikidata.org/entity/P131>	"位置する行政区画"@ja	
<http://www.wikidata.org/entity/Q42312335>	"荒川公園"@ja	<http://www.wikidata.org/entity/Q22698>	"公園"@ja	<http://www.wikidata.org/entity/P131>	"位置する行政区画"@ja	
<http://www.wikidata.org/entity/Q42312332>	"荒川八丁目南公園"@ja	<http://www.wikidata.org/entity/Q22698>	"公園"@ja	<http://www.wikidata.org/entity/P131>	"位置する行政区画"@ja	
<http://www.wikidata.org/entity/Q42312338>	"荒川東公園"@ja	<http://www.wikidata.org/entity/Q22698>	"公園"@ja	<http://www.wikidata.org/entity/P131>	"位置する行政区画"@ja	
<http://www.wikidata.org/entity/Q42312347>	"藍染公園"@ja	<http://www.wikidata.org/entity/Q22698>	"公園"@ja	<http://www.wikidata.org/entity/P131>	"位置する行政区画"@ja	
<http://www.wikidata.org/entity/Q42312344>	"荒木田公園"@ja	<http://www.wikidata.org/entity/Q22698>	"公園"@ja	<http://www.wikidata.org/entity/P131>	"位置する行政区画"@ja	
<http://www.wikidata.org/entity/Q42312350>	"西尾久四丁目北公園"@ja	<http://www.wikidata.org/entity/Q22698>	"公園"@ja	<http://www.wikidata.org/entity/P131>	"位置する行政区画"@ja	
<http://www.wikidata.org/entity/Q42312353>	"西日暮里公園"@ja	<http://www.wikidata.org/entity/Q22698>	"公園"@ja	<http://www.wikidata.org/entity/P131>	"位置する行政区画"@ja	
<http://www.wikidata.org/entity/Q42312356>	"西日暮里六丁目公園"@ja	<http://www.wikidata.org/entity/Q22698>	"公園"@ja	<http://www.wikidata.org/entity/P131>	"位置する行政区画"@ja	
<http://www.wikidata.org/entity/Q55935637>	"Q55935637"	<http://www.wikidata.org/entity/Q4167836>	"ウィキメディアのカテゴリ"@ja	<http://www.wikidata.org/entity/P971>	"以下の組み合わせカテゴリ"@ja	
<http://www.wikidata.org/entity/Q56437138>	"荒川区長"@ja	<http://www.wikidata.org/entity/Q4164871>	"職位"@ja	<http://www.wikidata.org/entity/P1001>	"管轄・適用区域"@ja	
<http://www.wikidata.org/entity/Q61887023>	"荒川区立中央図書館"@ja	<http://www.wikidata.org/entity/Q28564>	"公共図書館"@ja	<http://www.wikidata.org/entity/P276>	"場所"@ja	
<http://www.wikidata.org/entity/Q61887027>	"荒川区立町屋図書館"@ja	<http://www.wikidata.org/entity/Q28564>	"公共図書館"@ja	<http://www.wikidata.org/entity/P276>	"場所"@ja	
<http://www.wikidata.org/entity/Q61887024>	"荒川区立尾久図書館"@ja	<http://www.wikidata.org/entity/Q28564>	"公共図書館"@ja	<http://www.wikidata.org/entity/P276>	"場所"@ja	
<http://www.wikidata.org/entity/Q61887025>	"荒川区立日暮里図書館"@ja	<http://www.wikidata.org/entity/Q28564>	"公共図書館"@ja	<http://www.wikidata.org/entity/P276>	"場所"@ja	
<http://www.wikidata.org/entity/Q61887029>	"荒川区立南千住図書館"@ja	<http://www.wikidata.org/entity/Q28564>	"公共図書館"@ja	<http://www.wikidata.org/entity/P276>	"場所"@ja	
<http://www.wikidata.org/entity/Q61898160>	"荒川区立汐入図書サービスステーション"@ja	<http://www.wikidata.org/entity/Q28564>	"公共図書館"@ja	<http://www.wikidata.org/entity/P276>	"場所"@ja	
<http://www.wikidata.org/entity/Q61898161>	"荒川区立冠新道図書サービスステーション"@ja	<http://www.wikidata.org/entity/Q28564>	"公共図書館"@ja	<http://www.wikidata.org/entity/P276>	"場所"@ja	
<http://www.wikidata.org/entity/Q65617456>	"西野晃"@ja	<http://www.wikidata.org/entity/Q5>	"ヒト"@ja	<http://www.wikidata.org/entity/P19>	"出生地"@ja	
<http://www.wikidata.org/entity/Q66133838>	"北豊島高等学校"@ja	<http://www.wikidata.org/entity/Q56351315>	"日本の高等学校"@ja	<http://www.wikidata.org/entity/P131>	"位置する行政区画"@ja	
<http://www.wikidata.org/entity/Q81917054>	"荒川区立第二瑞光小学校"@ja	<http://www.wikidata.org/entity/Q5358913>	"日本の小学校"@ja	<http://www.wikidata.org/entity/P131>	"位置する行政区画"@ja	
<http://www.wikidata.org/entity/Q81917054>	"荒川区立第二瑞光小学校"@ja	<http://www.wikidata.org/entity/Q5358913>	"日本の小学校"@ja	<http://www.wikidata.org/entity/P126>	"管理者"@ja	
<http://www.wikidata.org/entity/Q81917058>	"荒川区立第六瑞光小学校"@ja	<http://www.wikidata.org/entity/Q5358913>	"日本の小学校"@ja	<http://www.wikidata.org/entity/P131>	"位置する行政区画"@ja	
<http://www.wikidata.org/entity/Q81917058>	"荒川区立第六瑞光小学校"@ja	<http://www.wikidata.org/entity/Q5358913>	"日本の小学校"@ja	<http://www.wikidata.org/entity/P126>	"管理者"@ja	
<http://www.wikidata.org/entity/Q81917056>	"荒川区立第三瑞光小学校"@ja	<http://www.wikidata.org/entity/Q5358913>	"日本の小学校"@ja	<http://www.wikidata.org/entity/P131>	"位置する行政区画"@ja	
<http://www.wikidata.org/entity/Q81917056>	"荒川区立第三瑞光小学校"@ja	<http://www.wikidata.org/entity/Q5358913>	"日本の小学校"@ja	<http://www.wikidata.org/entity/P126>	"管理者"@ja	
<http://www.wikidata.org/entity/Q81917062>	"荒川区立第三峡田小学校"@ja	<http://www.wikidata.org/entity/Q5358913>	"日本の小学校"@ja	<http://www.wikidata.org/entity/P131>	"位置する行政区画"@ja	
<http://www.wikidata.org/entity/Q81917062>	"荒川区立第三峡田小学校"@ja	<http://www.wikidata.org/entity/Q5358913>	"日本の小学校"@ja	<http://www.wikidata.org/entity/P126>	"管理者"@ja	
<http://www.wikidata.org/entity/Q81917060>	"荒川区立第二峡田小学校"@ja	<http://www.wikidata.org/entity/Q5358913>	"日本の小学校"@ja	<http://www.wikidata.org/entity/P131>	"位置する行政区画"@ja	
<http://www.wikidata.org/entity/Q81917060>	"荒川区立第二峡田小学校"@ja	<http://www.wikidata.org/entity/Q5358913>	"日本の小学校"@ja	<http://www.wikidata.org/entity/P126>	"管理者"@ja	
<http://www.wikidata.org/entity/Q81917065>	"荒川区立第四峡田小学校"@ja	<http://www.wikidata.org/entity/Q5358913>	"日本の小学校"@ja	<http://www.wikidata.org/entity/P131>	"位置する行政区画"@ja	
<http://www.wikidata.org/entity/Q81917065>	"荒川区立第四峡田小学校"@ja	<http://www.wikidata.org/entity/Q5358913>	"日本の小学校"@ja	<http://www.wikidata.org/entity/P126>	"管理者"@ja	
<http://www.wikidata.org/entity/Q81917070>	"荒川区立第七峡田小学校"@ja	<http://www.wikidata.org/entity/Q5358913>	"日本の小学校"@ja	<http://www.wikidata.org/entity/P131>	"位置する行政区画"@ja	
<http://www.wikidata.org/entity/Q81917070>	"荒川区立第七峡田小学校"@ja	<http://www.wikidata.org/entity/Q5358913>	"日本の小学校"@ja	<http://www.wikidata.org/entity/P126>	"管理者"@ja	
<http://www.wikidata.org/entity/Q81917068>	"荒川区立第五峡田小学校"@ja	<http://www.wikidata.org/entity/Q5358913>	"日本の小学校"@ja	<http://www.wikidata.org/entity/P131>	"位置する行政区画"@ja	
<http://www.wikidata.org/entity/Q81917068>	"荒川区立第五峡田小学校"@ja	<http://www.wikidata.org/entity/Q5358913>	"日本の小学校"@ja	<http://www.wikidata.org/entity/P126>	"管理者"@ja	
<http://www.wikidata.org/entity/Q81917075>	"荒川区立尾久第六小学校"@ja	<http://www.wikidata.org/entity/Q5358913>	"日本の小学校"@ja	<http://www.wikidata.org/entity/P131>	"位置する行政区画"@ja	
<http://www.wikidata.org/entity/Q81917075>	"荒川区立尾久第六小学校"@ja	<http://www.wikidata.org/entity/Q5358913>	"日本の小学校"@ja	<http://www.wikidata.org/entity/P126>	"管理者"@ja	
<http://www.wikidata.org/entity/Q81917072>	"荒川区立第九峡田小学校"@ja	<http://www.wikidata.org/entity/Q5358913>	"日本の小学校"@ja	<http://www.wikidata.org/entity/P131>	"位置する行政区画"@ja	
<http://www.wikidata.org/entity/Q81917072>	"荒川区立第九峡田小学校"@ja	<http://www.wikidata.org/entity/Q5358913>	"日本の小学校"@ja	<http://www.wikidata.org/entity/P126>	"管理者"@ja	
<http://www.wikidata.org/entity/Q81917079>	"荒川区立尾久宮前小学校"@ja	<http://www.wikidata.org/entity/Q5358913>	"日本の小学校"@ja	<http://www.wikidata.org/entity/P131>	"位置する行政区画"@ja	
<http://www.wikidata.org/entity/Q81917079>	"荒川区立尾久宮前小学校"@ja	<http://www.wikidata.org/entity/Q5358913>	"日本の小学校"@ja	<http://www.wikidata.org/entity/P126>	"管理者"@ja	
<http://www.wikidata.org/entity/Q81917077>	"荒川区立大門小学校"@ja	<http://www.wikidata.org/entity/Q5358913>	"日本の小学校"@ja	<http://www.wikidata.org/entity/P131>	"位置する行政区画"@ja	
<http://www.wikidata.org/entity/Q81917077>	"荒川区立大門小学校"@ja	<http://www.wikidata.org/entity/Q5358913>	"日本の小学校"@ja	<http://www.wikidata.org/entity/P126>	"管理者"@ja	
<http://www.wikidata.org/entity/Q81917083>	"荒川区立第一日暮里小学校"@ja	<http://www.wikidata.org/entity/Q5358913>	"日本の小学校"@ja	<http://www.wikidata.org/entity/P131>	"位置する行政区画"@ja	
<http://www.wikidata.org/entity/Q81917083>	"荒川区立第一日暮里小学校"@ja	<http://www.wikidata.org/entity/Q5358913>	"日本の小学校"@ja	<http://www.wikidata.org/entity/P126>	"管理者"@ja	
<http://www.wikidata.org/entity/Q81917090>	"荒川区立第六日暮里小学校"@ja	<http://www.wikidata.org/entity/Q5358913>	"日本の小学校"@ja	<http://www.wikidata.org/entity/P131>	"位置する行政区画"@ja	
<http://www.wikidata.org/entity/Q81917090>	"荒川区立第六日暮里小学校"@ja	<http://www.wikidata.org/entity/Q5358913>	"日本の小学校"@ja	<http://www.wikidata.org/entity/P126>	"管理者"@ja	
<http://www.wikidata.org/entity/Q81917091>	"荒川区立ひぐらし小学校"@ja	<http://www.wikidata.org/entity/Q5358913>	"日本の小学校"@ja	<http://www.wikidata.org/entity/P131>	"位置する行政区画"@ja	
<http://www.wikidata.org/entity/Q81917091>	"荒川区立ひぐらし小学校"@ja	<http://www.wikidata.org/entity/Q5358913>	"日本の小学校"@ja	<http://www.wikidata.org/entity/P126>	"管理者"@ja	
<http://www.wikidata.org/entity/Q81917088>	"荒川区立第二日暮里小学校"@ja	<http://www.wikidata.org/entity/Q5358913>	"日本の小学校"@ja	<http://www.wikidata.org/entity/P131>	"位置する行政区画"@ja	
<http://www.wikidata.org/entity/Q81917088>	"荒川区立第二日暮里小学校"@ja	<http://www.wikidata.org/entity/Q5358913>	"日本の小学校"@ja	<http://www.wikidata.org/entity/P126>	"管理者"@ja	
<http://www.wikidata.org/entity/Q81917094>	"荒川区立峡田小学校"@ja	<http://www.wikidata.org/entity/Q5358913>	"日本の小学校"@ja	<http://www.wikidata.org/entity/P131>	"位置する行政区画"@ja	
<http://www.wikidata.org/entity/Q81917094>	"荒川区立峡田小学校"@ja	<http://www.wikidata.org/entity/Q5358913>	"日本の小学校"@ja	<http://www.wikidata.org/entity/P126>	"管理者"@ja	
<http://www.wikidata.org/entity/Q81917097>	"荒川区立汐入東小学校"@ja	<http://www.wikidata.org/entity/Q5358913>	"日本の小学校"@ja	<http://www.wikidata.org/entity/P131>	"位置する行政区画"@ja	
<http://www.wikidata.org/entity/Q81917097>	"荒川区立汐入東小学校"@ja	<http://www.wikidata.org/entity/Q5358913>	"日本の小学校"@ja	<http://www.wikidata.org/entity/P126>	"管理者"@ja	
<http://www.wikidata.org/entity/Q81964151>	"荒川区立第一中学校"@ja	<http://www.wikidata.org/entity/Q55521176>	"日本の中学校"@ja	<http://www.wikidata.org/entity/P131>	"位置する行政区画"@ja	
<http://www.wikidata.org/entity/Q81964151>	"荒川区立第一中学校"@ja	<http://www.wikidata.org/entity/Q55521176>	"日本の中学校"@ja	<http://www.wikidata.org/entity/P126>	"管理者"@ja	
<http://www.wikidata.org/entity/Q81964155>	"荒川区立第四中学校"@ja	<http://www.wikidata.org/entity/Q55521176>	"日本の中学校"@ja	<http://www.wikidata.org/entity/P131>	"位置する行政区画"@ja	
<http://www.wikidata.org/entity/Q81964155>	"荒川区立第四中学校"@ja	<http://www.wikidata.org/entity/Q55521176>	"日本の中学校"@ja	<http://www.wikidata.org/entity/P126>	"管理者"@ja	
<http://www.wikidata.org/entity/Q81964153>	"荒川区立第三中学校"@ja	<http://www.wikidata.org/entity/Q55521176>	"日本の中学校"@ja	<http://www.wikidata.org/entity/P131>	"位置する行政区画"@ja	
<http://www.wikidata.org/entity/Q81964153>	"荒川区立第三中学校"@ja	<http://www.wikidata.org/entity/Q55521176>	"日本の中学校"@ja	<http://www.wikidata.org/entity/P126>	"管理者"@ja	
<http://www.wikidata.org/entity/Q81964158>	"荒川区立第五中学校"@ja	<http://www.wikidata.org/entity/Q55521176>	"日本の中学校"@ja	<http://www.wikidata.org/entity/P131>	"位置する行政区画"@ja	
<http://www.wikidata.org/entity/Q81964158>	"荒川区立第五中学校"@ja	<http://www.wikidata.org/entity/Q55521176>	"日本の中学校"@ja	<http://www.wikidata.org/entity/P126>	"管理者"@ja	
<http://www.wikidata.org/entity/Q81964163>	"荒川区立第九中学校"@ja	<http://www.wikidata.org/entity/Q55521176>	"日本の中学校"@ja	<http://www.wikidata.org/entity/P131>	"位置する行政区画"@ja	
<http://www.wikidata.org/entity/Q81964163>	"荒川区立第九中学校"@ja	<http://www.wikidata.org/entity/Q55521176>	"日本の中学校"@ja	<http://www.wikidata.org/entity/P126>	"管理者"@ja	
<http://www.wikidata.org/entity/Q81964160>	"荒川区立第七中学校"@ja	<http://www.wikidata.org/entity/Q55521176>	"日本の中学校"@ja	<http://www.wikidata.org/entity/P131>	"位置する行政区画"@ja	
<http://www.wikidata.org/entity/Q81964160>	"荒川区立第七中学校"@ja	<http://www.wikidata.org/entity/Q55521176>	"日本の中学校"@ja	<http://www.wikidata.org/entity/P126>	"管理者"@ja	
<http://www.wikidata.org/entity/Q81964167>	"荒川区立原中学校"@ja	<http://www.wikidata.org/entity/Q55521176>	"日本の中学校"@ja	<http://www.wikidata.org/entity/P131>	"位置する行政区画"@ja	
<http://www.wikidata.org/entity/Q81964167>	"荒川区立原中学校"@ja	<http://www.wikidata.org/entity/Q55521176>	"日本の中学校"@ja	<http://www.wikidata.org/entity/P126>	"管理者"@ja	
<http://www.wikidata.org/entity/Q81964165>	"荒川区立南千住第二中学校"@ja	<http://www.wikidata.org/entity/Q55521176>	"日本の中学校"@ja	<http://www.wikidata.org/entity/P126>	"管理者"@ja	
<http://www.wikidata.org/entity/Q81964165>	"荒川区立南千住第二中学校"@ja	<http://www.wikidata.org/entity/Q55521176>	"日本の中学校"@ja	<http://www.wikidata.org/entity/P131>	"位置する行政区画"@ja	
<http://www.wikidata.org/entity/Q81964169>	"荒川区立諏訪台中学校"@ja	<http://www.wikidata.org/entity/Q55521176>	"日本の中学校"@ja	<http://www.wikidata.org/entity/P131>	"位置する行政区画"@ja	
<http://www.wikidata.org/entity/Q81964169>	"荒川区立諏訪台中学校"@ja	<http://www.wikidata.org/entity/Q55521176>	"日本の中学校"@ja	<http://www.wikidata.org/entity/P126>	"管理者"@ja	
<http://www.wikidata.org/entity/Q105738790>	"Q105738790"	<http://www.wikidata.org/entity/Q4167836>	"ウィキメディアのカテゴリ"@ja	<http://www.wikidata.org/entity/P971>	"以下の組み合わせカテゴリ"@ja	
<http://www.wikidata.org/entity/Q108616734>	"石川確治"@ja	<http://www.wikidata.org/entity/Q5>	"ヒト"@ja	<http://www.wikidata.org/entity/P20>	"死没地"@ja	
<http://www.wikidata.org/entity/Q108691650>	"毛利武彦"@ja	<http://www.wikidata.org/entity/Q5>	"ヒト"@ja	<http://www.wikidata.org/entity/P19>	"出生地"@ja	
<http://www.wikidata.org/entity/Q110259223>	"向陵稲荷神社"@ja	<http://www.wikidata.org/entity/Q845945>	"神社"@ja	<http://www.wikidata.org/entity/P131>	"位置する行政区画"@ja	
<http://www.wikidata.org/entity/Q1490>	"東京都"@ja	<http://www.wikidata.org/entity/Q51929311>	"国内で人口1位の都市"@ja	<http://www.wikidata.org/entity/P150>	"直下の行政区画"@ja	<https://ja.wikipedia.org/wiki/%E6%9D%B1%E4%BA%AC%E9%83%BD>
<http://www.wikidata.org/entity/Q1490>	"東京都"@ja	<http://www.wikidata.org/entity/Q1637706>	"100万都市"@ja	<http://www.wikidata.org/entity/P150>	"直下の行政区画"@ja	<https://ja.wikipedia.org/wiki/%E6%9D%B1%E4%BA%AC%E9%83%BD>
<http://www.wikidata.org/entity/Q1490>	"東京都"@ja	<http://www.wikidata.org/entity/Q1549591>	"10万都市"@ja	<http://www.wikidata.org/entity/P150>	"直下の行政区画"@ja	<https://ja.wikipedia.org/wiki/%E6%9D%B1%E4%BA%AC%E9%83%BD>
<http://www.wikidata.org/entity/Q1490>	"東京都"@ja	<http://www.wikidata.org/entity/Q1200957>	"観光客の目的地"@ja	<http://www.wikidata.org/entity/P150>	"直下の行政区画"@ja	<https://ja.wikipedia.org/wiki/%E6%9D%B1%E4%BA%AC%E9%83%BD>
<http://www.wikidata.org/entity/Q1490>	"東京都"@ja	<http://www.wikidata.org/entity/Q1025961>	"日本の首都"@ja	<http://www.wikidata.org/entity/P150>	"直下の行政区画"@ja	<https://ja.wikipedia.org/wiki/%E6%9D%B1%E4%BA%AC%E9%83%BD>
<http://www.wikidata.org/entity/Q1490>	"東京都"@ja	<http://www.wikidata.org/entity/Q208511>	"世界都市"@ja	<http://www.wikidata.org/entity/P150>	"直下の行政区画"@ja	<https://ja.wikipedia.org/wiki/%E6%9D%B1%E4%BA%AC%E9%83%BD>
<http://www.wikidata.org/entity/Q1490>	"東京都"@ja	<http://www.wikidata.org/entity/Q200250>	"メトロポリス"@ja	<http://www.wikidata.org/entity/P150>	"直下の行政区画"@ja	<https://ja.wikipedia.org/wiki/%E6%9D%B1%E4%BA%AC%E9%83%BD>
<http://www.wikidata.org/entity/Q1490>	"東京都"@ja	<http://www.wikidata.org/entity/Q174844>	"メガシティ"@ja	<http://www.wikidata.org/entity/P150>	"直下の行政区画"@ja	<https://ja.wikipedia.org/wiki/%E6%9D%B1%E4%BA%AC%E9%83%BD>
<http://www.wikidata.org/entity/Q1490>	"東京都"@ja	<http://www.wikidata.org/entity/Q50337>	"都道府県"@ja	<http://www.wikidata.org/entity/P150>	"直下の行政区画"@ja	<https://ja.wikipedia.org/wiki/%E6%9D%B1%E4%BA%AC%E9%83%BD>
<http://www.wikidata.org/entity/Q1490>	"東京都"@ja	<http://www.wikidata.org/entity/Q5119>	"首都"@ja	<http://www.wikidata.org/entity/P150>	"直下の行政区画"@ja	<https://ja.wikipedia.org/wiki/%E6%9D%B1%E4%BA%AC%E9%83%BD>
<http://www.wikidata.org/entity/Q212713>	"文京区"@ja	<http://www.wikidata.org/entity/Q11499971>	"文教地区"@ja	<http://www.wikidata.org/entity/P47>	"隣の国又は行政区画"@ja	<https://ja.wikipedia.org/wiki/%E6%96%87%E4%BA%AC%E5%8C%BA>
<http://www.wikidata.org/entity/Q212713>	"文京区"@ja	<http://www.wikidata.org/entity/Q5327704>	"日本の特別区"@ja	<http://www.wikidata.org/entity/P47>	"隣の国又は行政区画"@ja	<https://ja.wikipedia.org/wiki/%E6%96%87%E4%BA%AC%E5%8C%BA>
<http://www.wikidata.org/entity/Q213464>	"足立区"@ja	<http://www.wikidata.org/entity/Q5327704>	"日本の特別区"@ja	<http://www.wikidata.org/entity/P47>	"隣の国又は行政区画"@ja	<https://ja.wikipedia.org/wiki/%E8%B6%B3%E7%AB%8B%E5%8C%BA>
<http://www.wikidata.org/entity/Q232641>	"台東区"@ja	<http://www.wikidata.org/entity/Q5327704>	"日本の特別区"@ja	<http://www.wikidata.org/entity/P47>	"隣の国又は行政区画"@ja	<https://ja.wikipedia.org/wiki/%E5%8F%B0%E6%9D%B1%E5%8C%BA>
<http://www.wikidata.org/entity/Q233375>	"亀井絵里"@ja	<http://www.wikidata.org/entity/Q5>	"ヒト"@ja	<http://www.wikidata.org/entity/P19>	"出生地"@ja	<https://ja.wikipedia.org/wiki/%E4%BA%80%E4%BA%95%E7%B5%B5%E9%87%8C>
<http://www.wikidata.org/entity/Q235130>	"北区"@ja	<http://www.wikidata.org/entity/Q5327704>	"日本の特別区"@ja	<http://www.wikidata.org/entity/P47>	"隣の国又は行政区画"@ja	<https://ja.wikipedia.org/wiki/%E5%8C%97%E5%8C%BA_(%E6%9D%B1%E4%BA%AC%E9%83%BD)>
<http://www.wikidata.org/entity/Q161176>	"福島市"@ja	<http://www.wikidata.org/entity/Q65589340>	"都道府県庁所在地"@ja	<http://www.wikidata.org/entity/P190>	"姉妹都市"@ja	<https://ja.wikipedia.org/wiki/%E7%A6%8F%E5%B3%B6%E5%B8%82>
<http://www.wikidata.org/entity/Q161176>	"福島市"@ja	<http://www.wikidata.org/entity/Q1549591>	"10万都市"@ja	<http://www.wikidata.org/entity/P190>	"姉妹都市"@ja	<https://ja.wikipedia.org/wiki/%E7%A6%8F%E5%B3%B6%E5%B8%82>
<http://www.wikidata.org/entity/Q161176>	"福島市"@ja	<http://www.wikidata.org/entity/Q494721>	"日本の市"@ja	<http://www.wikidata.org/entity/P190>	"姉妹都市"@ja	<https://ja.wikipedia.org/wiki/%E7%A6%8F%E5%B3%B6%E5%B8%82>
<http://www.wikidata.org/entity/Q273863>	"つくば市"@ja	<http://www.wikidata.org/entity/Q11422368>	"国際会議観光都市"@ja	<http://www.wikidata.org/entity/P190>	"姉妹都市"@ja	<https://ja.wikipedia.org/wiki/%E3%81%A4%E3%81%8F%E3%81%B0%E5%B8%82>
<http://www.wikidata.org/entity/Q273863>	"つくば市"@ja	<http://www.wikidata.org/entity/Q1549591>	"10万都市"@ja	<http://www.wikidata.org/entity/P190>	"姉妹都市"@ja	<https://ja.wikipedia.org/wiki/%E3%81%A4%E3%81%8F%E3%81%B0%E5%B8%82>
<http://www.wikidata.org/entity/Q273863>	"つくば市"@ja	<http://www.wikidata.org/entity/Q1187811>	"学術都市"@ja	<http://www.wikidata.org/entity/P190>	"姉妹都市"@ja	<https://ja.wikipedia.org/wiki/%E3%81%A4%E3%81%8F%E3%81%B0%E5%B8%82>
<http://www.wikidata.org/entity/Q273863>	"つくば市"@ja	<http://www.wikidata.org/entity/Q1145012>	"特例市"@ja	<http://www.wikidata.org/entity/P190>	"姉妹都市"@ja	<https://ja.wikipedia.org/wiki/%E3%81%A4%E3%81%8F%E3%81%B0%E5%B8%82>
<http://www.wikidata.org/entity/Q308891>	"東京都区部"@ja	<http://www.wikidata.org/entity/Q13220204>	"第二級行政区画"@ja	<http://www.wikidata.org/entity/P527>	"以下を含む"@ja	<https://ja.wikipedia.org/wiki/%E6%9D%B1%E4%BA%AC%E9%83%BD%E5%8C%BA%E9%83%A8>
<http://www.wikidata.org/entity/Q308891>	"東京都区部"@ja	<http://www.wikidata.org/entity/Q1850442>	"日本の行政区画"@ja	<http://www.wikidata.org/entity/P527>	"以下を含む"@ja	<https://ja.wikipedia.org/wiki/%E6%9D%B1%E4%BA%AC%E9%83%BD%E5%8C%BA%E9%83%A8>
<http://www.wikidata.org/entity/Q419060>	"吉村昭"@ja	<http://www.wikidata.org/entity/Q5>	"ヒト"@ja	<http://www.wikidata.org/entity/P19>	"出生地"@ja	<https://ja.wikipedia.org/wiki/%E5%90%89%E6%9D%91%E6%98%AD>
<http://www.wikidata.org/entity/Q441718>	"秋葉忠利"@ja	<http://www.wikidata.org/entity/Q5>	"ヒト"@ja	<http://www.wikidata.org/entity/P19>	"出生地"@ja	<https://ja.wikipedia.org/wiki/%E7%A7%8B%E8%91%89%E5%BF%A0%E5%88%A9>
<http://www.wikidata.org/entity/Q235135>	"墨田区"@ja	<http://www.wikidata.org/entity/Q5327704>	"日本の特別区"@ja	<http://www.wikidata.org/entity/P47>	"隣の国又は行政区画"@ja	<https://ja.wikipedia.org/wiki/%E5%A2%A8%E7%94%B0%E5%8C%BA>
<http://www.wikidata.org/entity/Q42142>	"済州市"@ja	<http://www.wikidata.org/entity/Q29045252>	"大韓民国の市"@ja	<http://www.wikidata.org/entity/P190>	"姉妹都市"@ja	<https://ja.wikipedia.org/wiki/%E6%B8%88%E5%B7%9E%E5%B8%82>
<http://www.wikidata.org/entity/Q42142>	"済州市"@ja	<http://www.wikidata.org/entity/Q12624746>	"行政市"@ja	<http://www.wikidata.org/entity/P190>	"姉妹都市"@ja	<https://ja.wikipedia.org/wiki/%E6%B8%88%E5%B7%9E%E5%B8%82>
<http://www.wikidata.org/entity/Q42142>	"済州市"@ja	<http://www.wikidata.org/entity/Q1549591>	"10万都市"@ja	<http://www.wikidata.org/entity/P190>	"姉妹都市"@ja	<https://ja.wikipedia.org/wiki/%E6%B8%88%E5%B7%9E%E5%B8%82>
<http://www.wikidata.org/entity/Q636845>	"西日暮里駅"@ja	<http://www.wikidata.org/entity/Q928830>	"地下鉄駅"@ja	<http://www.wikidata.org/entity/P131>	"位置する行政区画"@ja	<https://ja.wikipedia.org/wiki/%E8%A5%BF%E6%97%A5%E6%9A%AE%E9%87%8C%E9%A7%85>
<http://www.wikidata.org/entity/Q636845>	"西日暮里駅"@ja	<http://www.wikidata.org/entity/Q55488>	"鉄道駅"@ja	<http://www.wikidata.org/entity/P131>	"位置する行政区画"@ja	<https://ja.wikipedia.org/wiki/%E8%A5%BF%E6%97%A5%E6%9A%AE%E9%87%8C%E9%A7%85>
<http://www.wikidata.org/entity/Q801262>	"日暮里駅"@ja	<http://www.wikidata.org/entity/Q55488>	"鉄道駅"@ja	<http://www.wikidata.org/entity/P131>	"位置する行政区画"@ja	<https://ja.wikipedia.org/wiki/%E6%97%A5%E6%9A%AE%E9%87%8C%E9%A7%85>
<http://www.wikidata.org/entity/Q1054381>	"泉政行"@ja	<http://www.wikidata.org/entity/Q5>	"ヒト"@ja	<http://www.wikidata.org/entity/P19>	"出生地"@ja	<https://ja.wikipedia.org/wiki/%E6%B3%89%E6%94%BF%E8%A1%8C>
<http://www.wikidata.org/entity/Q1207735>	"東京市"@ja	<http://www.wikidata.org/entity/Q18663566>	"日本の廃止市区町村"@ja	<http://www.wikidata.org/entity/P150>	"直下の行政区画"@ja	<https://ja.wikipedia.org/wiki/%E6%9D%B1%E4%BA%AC%E5%B8%82>
<http://www.wikidata.org/entity/Q1207735>	"東京市"@ja	<http://www.wikidata.org/entity/Q1025961>	"日本の首都"@ja	<http://www.wikidata.org/entity/P150>	"直下の行政区画"@ja	<https://ja.wikipedia.org/wiki/%E6%9D%B1%E4%BA%AC%E5%B8%82>
<http://www.wikidata.org/entity/Q1207735>	"東京市"@ja	<http://www.wikidata.org/entity/Q494721>	"日本の市"@ja	<http://www.wikidata.org/entity/P150>	"直下の行政区画"@ja	<https://ja.wikipedia.org/wiki/%E6%9D%B1%E4%BA%AC%E5%B8%82>
<http://www.wikidata.org/entity/Q2365696>	"白井義男"@ja	<http://www.wikidata.org/entity/Q5>	"ヒト"@ja	<http://www.wikidata.org/entity/P19>	"出生地"@ja	<https://ja.wikipedia.org/wiki/%E7%99%BD%E4%BA%95%E7%BE%A9%E7%94%B7>
<http://www.wikidata.org/entity/Q2512372>	"片岡鶴太郎"@ja	<http://www.wikidata.org/entity/Q5>	"ヒト"@ja	<http://www.wikidata.org/entity/P19>	"出生地"@ja	<https://ja.wikipedia.org/wiki/%E7%89%87%E5%B2%A1%E9%B6%B4%E5%A4%AA%E9%83%8E>
<http://www.wikidata.org/entity/Q2824118>	"安達利昌"@ja	<http://www.wikidata.org/entity/Q5>	"ヒト"@ja	<http://www.wikidata.org/entity/P19>	"出生地"@ja	<https://ja.wikipedia.org/wiki/%E5%AE%89%E9%81%94%E5%88%A9%E6%98%8C>
<http://www.wikidata.org/entity/Q3124805>	"橋幸夫"@ja	<http://www.wikidata.org/entity/Q5>	"ヒト"@ja	<http://www.wikidata.org/entity/P19>	"出生地"@ja	<https://ja.wikipedia.org/wiki/%E6%A9%8B%E5%B9%B8%E5%A4%AB>
<http://www.wikidata.org/entity/Q3342140>	"西日暮里"@ja	<http://www.wikidata.org/entity/Q5327369>	"町丁"@ja	<http://www.wikidata.org/entity/P131>	"位置する行政区画"@ja	<https://ja.wikipedia.org/wiki/%E8%A5%BF%E6%97%A5%E6%9A%AE%E9%87%8C>
<http://www.wikidata.org/entity/Q3454094>	"光瀬龍"@ja	<http://www.wikidata.org/entity/Q5>	"ヒト"@ja	<http://www.wikidata.org/entity/P19>	"出生地"@ja	<https://ja.wikipedia.org/wiki/%E5%85%89%E7%80%AC%E9%BE%8D>
<http://www.wikidata.org/entity/Q3549618>	"太田裕美"@ja	<http://www.wikidata.org/entity/Q5>	"ヒト"@ja	<http://www.wikidata.org/entity/P19>	"出生地"@ja	<https://ja.wikipedia.org/wiki/%E5%A4%AA%E7%94%B0%E8%A3%95%E7%BE%8E>
<http://www.wikidata.org/entity/Q3791180>	"飯野賢治"@ja	<http://www.wikidata.org/entity/Q5>	"ヒト"@ja	<http://www.wikidata.org/entity/P19>	"出生地"@ja	<https://ja.wikipedia.org/wiki/%E9%A3%AF%E9%87%8E%E8%B3%A2%E6%B2%BB>
<http://www.wikidata.org/entity/Q4390318>	"貫地谷しほり"@ja	<http://www.wikidata.org/entity/Q5>	"ヒト"@ja	<http://www.wikidata.org/entity/P19>	"出生地"@ja	<https://ja.wikipedia.org/wiki/%E8%B2%AB%E5%9C%B0%E8%B0%B7%E3%81%97%E3%81%BB%E3%82%8A>
<http://www.wikidata.org/entity/Q5750997>	"森本稀哲"@ja	<http://www.wikidata.org/entity/Q5>	"ヒト"@ja	<http://www.wikidata.org/entity/P19>	"出生地"@ja	<https://ja.wikipedia.org/wiki/%E6%A3%AE%E6%9C%AC%E7%A8%80%E5%93%B2>
<http://www.wikidata.org/entity/Q6112894>	"白石安男"@ja	<http://www.wikidata.org/entity/Q5>	"ヒト"@ja	<http://www.wikidata.org/entity/P19>	"出生地"@ja	<https://ja.wikipedia.org/wiki/%E7%99%BD%E7%9F%B3%E5%AE%89%E7%94%B7>
<http://www.wikidata.org/entity/Q6122916>	"ジャガー横田"@ja	<http://www.wikidata.org/entity/Q5>	"ヒト"@ja	<http://www.wikidata.org/entity/P19>	"出生地"@ja	<https://ja.wikipedia.org/wiki/%E3%82%B8%E3%83%A3%E3%82%AC%E3%83%BC%E6%A8%AA%E7%94%B0>
<http://www.wikidata.org/entity/Q6335392>	"近藤科学"@ja	<http://www.wikidata.org/entity/Q4830453>	"企業"@ja	<http://www.wikidata.org/entity/P159>	"本部所在地"@ja	<https://ja.wikipedia.org/wiki/%E8%BF%91%E8%97%A4%E7%A7%91%E5%AD%A6>
<http://www.wikidata.org/entity/Q6359803>	"藤原カムイ"@ja	<http://www.wikidata.org/entity/Q5>	"ヒト"@ja	<http://www.wikidata.org/entity/P19>	"出生地"@ja	<https://ja.wikipedia.org/wiki/%E8%97%A4%E5%8E%9F%E3%82%AB%E3%83%A0%E3%82%A4>
<http://www.wikidata.org/entity/Q6601357>	"Category:荒川区"@ja	<http://www.wikidata.org/entity/Q4167836>	"ウィキメディアのカテゴリ"@ja	<http://www.wikidata.org/entity/P301>	"カテゴリの中心主題"@ja	<https://ja.wikipedia.org/wiki/Category:%E8%8D%92%E5%B7%9D%E5%8C%BA>
<http://www.wikidata.org/entity/Q6677898>	"吉澤智恵"@ja	<http://www.wikidata.org/entity/Q5>	"ヒト"@ja	<http://www.wikidata.org/entity/P19>	"出生地"@ja	<https://ja.wikipedia.org/wiki/%E5%90%89%E6%BE%A4%E6%99%BA%E6%81%B5>
<http://www.wikidata.org/entity/Q7413191>	"山谷 (東京都)"@ja	<http://www.wikidata.org/entity/Q123705>	"地区"@ja	<http://www.wikidata.org/entity/P131>	"位置する行政区画"@ja	<https://ja.wikipedia.org/wiki/%E5%B1%B1%E8%B0%B7_(%E6%9D%B1%E4%BA%AC%E9%83%BD)>
<http://www.wikidata.org/entity/Q7813955>	"東京都立航空工業短期大学"@ja	<http://www.wikidata.org/entity/Q370258>	"短期大学"@ja	<http://www.wikidata.org/entity/P131>	"位置する行政区画"@ja	<https://ja.wikipedia.org/wiki/%E6%9D%B1%E4%BA%AC%E9%83%BD%E7%AB%8B%E8%88%AA%E7%A9%BA%E5%B7%A5%E6%A5%AD%E7%9F%AD%E6%9C%9F%E5%A4%A7%E5%AD%A6>
<http://www.wikidata.org/entity/Q7813995>	"東京スタジアム (野球場)"@ja	<http://www.wikidata.org/entity/Q483110>	"スタジアム"@ja	<http://www.wikidata.org/entity/P131>	"位置する行政区画"@ja	<https://ja.wikipedia.org/wiki/%E6%9D%B1%E4%BA%AC%E3%82%B9%E3%82%BF%E3%82%B8%E3%82%A2%E3%83%A0_(%E9%87%8E%E7%90%83%E5%A0%B4)>
<http://www.wikidata.org/entity/Q7827434>	"矢野通"@ja	<http://www.wikidata.org/entity/Q5>	"ヒト"@ja	<http://www.wikidata.org/entity/P19>	"出生地"@ja	<https://ja.wikipedia.org/wiki/%E7%9F%A2%E9%87%8E%E9%80%9A>
<http://www.wikidata.org/entity/Q8062783>	"秋山祐徳太子"@ja	<http://www.wikidata.org/entity/Q5>	"ヒト"@ja	<http://www.wikidata.org/entity/P19>	"出生地"@ja	<https://ja.wikipedia.org/wiki/%E7%A7%8B%E5%B1%B1%E7%A5%90%E5%BE%B3%E5%A4%AA%E5%AD%90>
<http://www.wikidata.org/entity/Q8646826>	"Category:荒川区の鉄道駅"@ja	<http://www.wikidata.org/entity/Q4167836>	"ウィキメディアのカテゴリ"@ja	<http://www.wikidata.org/entity/P971>	"以下の組み合わせカテゴリ"@ja	<https://ja.wikipedia.org/wiki/Category:%E8%8D%92%E5%B7%9D%E5%8C%BA%E3%81%AE%E9%89%84%E9%81%93%E9%A7%85>
<http://www.wikidata.org/entity/Q11188921>	"ADEKA"@ja	<http://www.wikidata.org/entity/Q6881511>	"事業者"@ja	<http://www.wikidata.org/entity/P159>	"本部所在地"@ja	<https://ja.wikipedia.org/wiki/ADEKA>
<http://www.wikidata.org/entity/Q11188921>	"ADEKA"@ja	<http://www.wikidata.org/entity/Q4830453>	"企業"@ja	<http://www.wikidata.org/entity/P159>	"本部所在地"@ja	<https://ja.wikipedia.org/wiki/ADEKA>
<http://www.wikidata.org/entity/Q11259957>	"いまいかおる"@ja	<http://www.wikidata.org/entity/Q5>	"ヒト"@ja	<http://www.wikidata.org/entity/P19>	"出生地"@ja	<https://ja.wikipedia.org/wiki/%E3%81%84%E3%81%BE%E3%81%84%E3%81%8B%E3%81%8A%E3%82%8B>
<http://www.wikidata.org/entity/Q11265524>	"くまだまさし"@ja	<http://www.wikidata.org/entity/Q5>	"ヒト"@ja	<http://www.wikidata.org/entity/P19>	"出生地"@ja	<https://ja.wikipedia.org/wiki/%E3%81%8F%E3%81%BE%E3%81%A0%E3%81%BE%E3%81%95%E3%81%97>
<http://www.wikidata.org/entity/Q11270832>	"たかはC"@ja	<http://www.wikidata.org/entity/Q5>	"ヒト"@ja	<http://www.wikidata.org/entity/P19>	"出生地"@ja	<https://ja.wikipedia.org/wiki/%E3%81%9F%E3%81%8B%E3%81%AFC>
<http://www.wikidata.org/entity/Q11318148>	"チャパリータASARI"@ja	<http://www.wikidata.org/entity/Q5>	"ヒト"@ja	<http://www.wikidata.org/entity/P19>	"出生地"@ja	<https://ja.wikipedia.org/wiki/%E3%83%81%E3%83%A3%E3%83%91%E3%83%AA%E3%83%BC%E3%82%BFASARI>
<http://www.wikidata.org/entity/Q11341792>	"マービンJr."@ja	<http://www.wikidata.org/entity/Q5>	"ヒト"@ja	<http://www.wikidata.org/entity/P19>	"出生地"@ja	<https://ja.wikipedia.org/wiki/%E3%83%9E%E3%83%BC%E3%83%93%E3%83%B3Jr.>
<http://www.wikidata.org/entity/Q11352635>	"一峰大二"@ja	<http://www.wikidata.org/entity/Q5>	"ヒト"@ja	<http://www.wikidata.org/entity/P19>	"出生地"@ja	<https://ja.wikipedia.org/wiki/%E4%B8%80%E5%B3%B0%E5%A4%A7%E4%BA%8C>
<http://www.wikidata.org/entity/Q11356209>	"三河島町"@ja	<http://www.wikidata.org/entity/Q18663566>	"日本の廃止市区町村"@ja	<http://www.wikidata.org/entity/P3842>	"位置する現在の行政区画"@ja	<https://ja.wikipedia.org/wiki/%E4%B8%89%E6%B2%B3%E5%B3%B6%E7%94%BA>
<http://www.wikidata.org/entity/Q11357537>	"三遊亭歌る多"@ja	<http://www.wikidata.org/entity/Q5>	"ヒト"@ja	<http://www.wikidata.org/entity/P19>	"出生地"@ja	<https://ja.wikipedia.org/wiki/%E4%B8%89%E9%81%8A%E4%BA%AD%E6%AD%8C%E3%82%8B%E5%A4%9A>
<http://www.wikidata.org/entity/Q11357548>	"三遊亭王楽"@ja	<http://www.wikidata.org/entity/Q5>	"ヒト"@ja	<http://www.wikidata.org/entity/P19>	"出生地"@ja	<https://ja.wikipedia.org/wiki/%E4%B8%89%E9%81%8A%E4%BA%AD%E7%8E%8B%E6%A5%BD>
<http://www.wikidata.org/entity/Q11365873>	"中村祥之"@ja	<http://www.wikidata.org/entity/Q5>	"ヒト"@ja	<http://www.wikidata.org/entity/P19>	"出生地"@ja	<https://ja.wikipedia.org/wiki/%E4%B8%AD%E6%9D%91%E7%A5%A5%E4%B9%8B>
<http://www.wikidata.org/entity/Q11381506>	"伴久美子"@ja	<http://www.wikidata.org/entity/Q5>	"ヒト"@ja	<http://www.wikidata.org/entity/P19>	"出生地"@ja	<https://ja.wikipedia.org/wiki/%E4%BC%B4%E4%B9%85%E7%BE%8E%E5%AD%90>
<http://www.wikidata.org/entity/Q110265359>	"日暮里第二児童遊園"@ja	<http://www.wikidata.org/entity/Q11388812>	"児童遊園"@ja	<http://www.wikidata.org/entity/P131>	"位置する行政区画"@ja	
<http://www.wikidata.org/entity/Q110268467>	"開成中学校"@ja	<http://www.wikidata.org/entity/Q55521176>	"日本の中学校"@ja	<http://www.wikidata.org/entity/P131>	"位置する行政区画"@ja	
<http://www.wikidata.org/entity/Q111772235>	"小塚原回向院"@ja	<http://www.wikidata.org/entity/Q5393308>	"仏教寺院"@ja	<http://www.wikidata.org/entity/P131>	"位置する行政区画"@ja	
<http://www.wikidata.org/entity/Q113364471>	"若宮八幡宮"@ja	<http://www.wikidata.org/entity/Q845945>	"神社"@ja	<http://www.wikidata.org/entity/P131>	"位置する行政区画"@ja	
<http://www.wikidata.org/entity/Q113364602>	"日枝神社"@ja	<http://www.wikidata.org/entity/Q845945>	"神社"@ja	<http://www.wikidata.org/entity/P131>	"位置する行政区画"@ja	
<http://www.wikidata.org/entity/Q113364662>	"山王清兵衛祠"@ja	<http://www.wikidata.org/entity/Q1442984>	"祠"@ja	<http://www.wikidata.org/entity/P131>	"位置する行政区画"@ja	
<http://www.wikidata.org/entity/Q113364809>	"橋本左内の墓旧套堂"@ja	<http://www.wikidata.org/entity/Q11630077>	"覆堂"@ja	<http://www.wikidata.org/entity/P131>	"位置する行政区画"@ja	
<http://www.wikidata.org/entity/Q114923993>	"北豊島中学校"@ja	<http://www.wikidata.org/entity/Q55521176>	"日本の中学校"@ja	<http://www.wikidata.org/entity/P131>	"位置する行政区画"@ja	
<http://www.wikidata.org/entity/Q115156815>	"荒川区立尾久小学校"@ja	<http://www.wikidata.org/entity/Q5358913>	"日本の小学校"@ja	<http://www.wikidata.org/entity/P131>	"位置する行政区画"@ja	
<http://www.wikidata.org/entity/Q115187053>	"三峯神社"@ja	<http://www.wikidata.org/entity/Q845945>	"神社"@ja	<http://www.wikidata.org/entity/P131>	"位置する行政区画"@ja	
<http://www.wikidata.org/entity/Q115187122>	"袈裟塚の耳無不動"@ja	<http://www.wikidata.org/entity/Q11585154>	"石仏"@ja	<http://www.wikidata.org/entity/P131>	"位置する行政区画"@ja	
<http://www.wikidata.org/entity/Q115188254>	"真昌寺"@ja	<http://www.wikidata.org/entity/Q5393308>	"仏教寺院"@ja	<http://www.wikidata.org/entity/P131>	"位置する行政区画"@ja	
<http://www.wikidata.org/entity/Q115188363>	"浄善寺"@ja	<http://www.wikidata.org/entity/Q5393308>	"仏教寺院"@ja	<http://www.wikidata.org/entity/P131>	"位置する行政区画"@ja	
<http://www.wikidata.org/entity/Q115188739>	"金相寺"@ja	<http://www.wikidata.org/entity/Q5393308>	"仏教寺院"@ja	<http://www.wikidata.org/entity/P131>	"位置する行政区画"@ja	
<http://www.wikidata.org/entity/Q115189175>	"伏見稲荷"@ja	<http://www.wikidata.org/entity/Q1442984>	"祠"@ja	<http://www.wikidata.org/entity/P131>	"位置する行政区画"@ja	
<http://www.wikidata.org/entity/Q115189280>	"山谷の神明社"@ja	<http://www.wikidata.org/entity/Q1442984>	"祠"@ja	<http://www.wikidata.org/entity/P131>	"位置する行政区画"@ja	
<http://www.wikidata.org/entity/Q115189438>	"長谷寺"@ja	<http://www.wikidata.org/entity/Q5393308>	"仏教寺院"@ja	<http://www.wikidata.org/entity/P131>	"位置する行政区画"@ja	
<http://www.wikidata.org/entity/Q115190414>	"馬場子育稲荷神社"@ja	<http://www.wikidata.org/entity/Q845945>	"神社"@ja	<http://www.wikidata.org/entity/P131>	"位置する行政区画"@ja	
<http://www.wikidata.org/entity/Q115192307>	"梅の湯"@ja	<http://www.wikidata.org/entity/Q1046648>	"銭湯"@ja	<http://www.wikidata.org/entity/P131>	"位置する行政区画"@ja	
