?s	?sLabel	?type	?typeLabel	?prop	?propLabel	?jwiki
<http://www.wikidata.org/entity/Q7051286>	"つかせのりこ"@ja	<http://www.wikidata.org/entity/Q5>	"ヒト"@ja	<http://www.wikidata.org/entity/P20>	"死没地"@ja	<https://ja.wikipedia.org/wiki/%E3%81%A4%E3%81%8B%E3%81%9B%E3%81%AE%E3%82%8A%E3%81%93>
<http://www.wikidata.org/entity/Q7673731>	"立川競輪場"@ja	<http://www.wikidata.org/entity/Q11598565>	"競輪場"@ja	<http://www.wikidata.org/entity/P131>	"位置する行政区画"@ja	<https://ja.wikipedia.org/wiki/%E7%AB%8B%E5%B7%9D%E7%AB%B6%E8%BC%AA%E5%A0%B4>
<http://www.wikidata.org/entity/Q7677358>	"中野高"@ja	<http://www.wikidata.org/entity/Q5>	"ヒト"@ja	<http://www.wikidata.org/entity/P19>	"出生地"@ja	<https://ja.wikipedia.org/wiki/%E4%B8%AD%E9%87%8E%E9%AB%98>
<http://www.wikidata.org/entity/Q8014513>	"西武立川駅"@ja	<http://www.wikidata.org/entity/Q55488>	"鉄道駅"@ja	<http://www.wikidata.org/entity/P131>	"位置する行政区画"@ja	<https://ja.wikipedia.org/wiki/%E8%A5%BF%E6%AD%A6%E7%AB%8B%E5%B7%9D%E9%A7%85>
<http://www.wikidata.org/entity/Q8015376>	"武蔵砂川駅"@ja	<http://www.wikidata.org/entity/Q55488>	"鉄道駅"@ja	<http://www.wikidata.org/entity/P131>	"位置する行政区画"@ja	<https://ja.wikipedia.org/wiki/%E6%AD%A6%E8%94%B5%E7%A0%82%E5%B7%9D%E9%A7%85>
<http://www.wikidata.org/entity/Q8056140>	"嶋田美子"@ja	<http://www.wikidata.org/entity/Q5>	"ヒト"@ja	<http://www.wikidata.org/entity/P19>	"出生地"@ja	<https://ja.wikipedia.org/wiki/%E5%B6%8B%E7%94%B0%E7%BE%8E%E5%AD%90>
<http://www.wikidata.org/entity/Q8062053>	"久保優太"@ja	<http://www.wikidata.org/entity/Q5>	"ヒト"@ja	<http://www.wikidata.org/entity/P19>	"出生地"@ja	<https://ja.wikipedia.org/wiki/%E4%B9%85%E4%BF%9D%E5%84%AA%E5%A4%AA>
<http://www.wikidata.org/entity/Q8673295>	"Category:立川市"@ja	<http://www.wikidata.org/entity/Q4167836>	"ウィキメディアのカテゴリ"@ja	<http://www.wikidata.org/entity/P301>	"カテゴリの中心主題"@ja	<https://ja.wikipedia.org/wiki/Category:%E7%AB%8B%E5%B7%9D%E5%B8%82>
<http://www.wikidata.org/entity/Q11261595>	"大泉滉"@ja	<http://www.wikidata.org/entity/Q5>	"ヒト"@ja	<http://www.wikidata.org/entity/P20>	"死没地"@ja	<https://ja.wikipedia.org/wiki/%E5%A4%A7%E6%B3%89%E6%BB%89>
<http://www.wikidata.org/entity/Q11275337>	"はいだしょうこ"@ja	<http://www.wikidata.org/entity/Q5>	"ヒト"@ja	<http://www.wikidata.org/entity/P19>	"出生地"@ja	<https://ja.wikipedia.org/wiki/%E3%81%AF%E3%81%84%E3%81%A0%E3%81%97%E3%82%87%E3%81%86%E3%81%93>
<http://www.wikidata.org/entity/Q11277089>	"ふじようちえん"@ja	<http://www.wikidata.org/entity/Q106688647>	"日本の幼稚園"@ja	<http://www.wikidata.org/entity/P131>	"位置する行政区画"@ja	<https://ja.wikipedia.org/wiki/%E3%81%B5%E3%81%98%E3%82%88%E3%81%86%E3%81%A1%E3%81%88%E3%82%93>
<http://www.wikidata.org/entity/Q11279207>	"みのすけ"@ja	<http://www.wikidata.org/entity/Q5>	"ヒト"@ja	<http://www.wikidata.org/entity/P19>	"出生地"@ja	<https://ja.wikipedia.org/wiki/%E3%81%BF%E3%81%AE%E3%81%99%E3%81%91>
<http://www.wikidata.org/entity/Q11301569>	"ゲッツ板谷"@ja	<http://www.wikidata.org/entity/Q5>	"ヒト"@ja	<http://www.wikidata.org/entity/P19>	"出生地"@ja	<https://ja.wikipedia.org/wiki/%E3%82%B2%E3%83%83%E3%83%84%E6%9D%BF%E8%B0%B7>
<http://www.wikidata.org/entity/Q11304873>	"サトウサンペイ"@ja	<http://www.wikidata.org/entity/Q5>	"ヒト"@ja	<http://www.wikidata.org/entity/P20>	"死没地"@ja	<https://ja.wikipedia.org/wiki/%E3%82%B5%E3%83%88%E3%82%A6%E3%82%B5%E3%83%B3%E3%83%9A%E3%82%A4>
<http://www.wikidata.org/entity/Q11332362>	"ファーレ立川"@ja	<http://www.wikidata.org/entity/Q920600>	"都市再開発"@ja	<http://www.wikidata.org/entity/P131>	"位置する行政区画"@ja	<https://ja.wikipedia.org/wiki/%E3%83%95%E3%82%A1%E3%83%BC%E3%83%AC%E7%AB%8B%E5%B7%9D>
<http://www.wikidata.org/entity/Q11332362>	"ファーレ立川"@ja	<http://www.wikidata.org/entity/Q570116>	"観光地"@ja	<http://www.wikidata.org/entity/P131>	"位置する行政区画"@ja	<https://ja.wikipedia.org/wiki/%E3%83%95%E3%82%A1%E3%83%BC%E3%83%AC%E7%AB%8B%E5%B7%9D>
<http://www.wikidata.org/entity/Q11352993>	"一番町"@ja	<http://www.wikidata.org/entity/Q5327369>	"町丁"@ja	<http://www.wikidata.org/entity/P131>	"位置する行政区画"@ja	<https://ja.wikipedia.org/wiki/%E4%B8%80%E7%95%AA%E7%94%BA_(%E7%AB%8B%E5%B7%9D%E5%B8%82)>
<http://www.wikidata.org/entity/Q11352993>	"一番町"@ja	<http://www.wikidata.org/entity/Q3957>	"街"@ja	<http://www.wikidata.org/entity/P131>	"位置する行政区画"@ja	<https://ja.wikipedia.org/wiki/%E4%B8%80%E7%95%AA%E7%94%BA_(%E7%AB%8B%E5%B7%9D%E5%B8%82)>
<http://www.wikidata.org/entity/Q11355218>	"三島ゆたか"@ja	<http://www.wikidata.org/entity/Q5>	"ヒト"@ja	<http://www.wikidata.org/entity/P19>	"出生地"@ja	<https://ja.wikipedia.org/wiki/%E4%B8%89%E5%B3%B6%E3%82%86%E3%81%9F%E3%81%8B>
<http://www.wikidata.org/entity/Q11359989>	"上砂町"@ja	<http://www.wikidata.org/entity/Q5327369>	"町丁"@ja	<http://www.wikidata.org/entity/P131>	"位置する行政区画"@ja	<https://ja.wikipedia.org/wiki/%E4%B8%8A%E7%A0%82%E7%94%BA>
<http://www.wikidata.org/entity/Q11359989>	"上砂町"@ja	<http://www.wikidata.org/entity/Q3957>	"街"@ja	<http://www.wikidata.org/entity/P131>	"位置する行政区画"@ja	<https://ja.wikipedia.org/wiki/%E4%B8%8A%E7%A0%82%E7%94%BA>
<http://www.wikidata.org/entity/Q11364894>	"中川淳一郎"@ja	<http://www.wikidata.org/entity/Q5>	"ヒト"@ja	<http://www.wikidata.org/entity/P19>	"出生地"@ja	<https://ja.wikipedia.org/wiki/%E4%B8%AD%E5%B7%9D%E6%B7%B3%E4%B8%80%E9%83%8E>
<http://www.wikidata.org/entity/Q11369175>	"久保賢司"@ja	<http://www.wikidata.org/entity/Q5>	"ヒト"@ja	<http://www.wikidata.org/entity/P19>	"出生地"@ja	<https://ja.wikipedia.org/wiki/%E4%B9%85%E4%BF%9D%E8%B3%A2%E5%8F%B8>
<http://www.wikidata.org/entity/Q11376368>	"仁平映"@ja	<http://www.wikidata.org/entity/Q5>	"ヒト"@ja	<http://www.wikidata.org/entity/P19>	"出生地"@ja	<https://ja.wikipedia.org/wiki/%E4%BB%81%E5%B9%B3%E6%98%A0>
<http://www.wikidata.org/entity/Q11379776>	"伊藤ゆき"@ja	<http://www.wikidata.org/entity/Q5>	"ヒト"@ja	<http://www.wikidata.org/entity/P19>	"出生地"@ja	<https://ja.wikipedia.org/wiki/%E4%BC%8A%E8%97%A4%E3%82%86%E3%81%8D>
<http://www.wikidata.org/entity/Q11379918>	"伊藤勢"@ja	<http://www.wikidata.org/entity/Q5>	"ヒト"@ja	<http://www.wikidata.org/entity/P19>	"出生地"@ja	<https://ja.wikipedia.org/wiki/%E4%BC%8A%E8%97%A4%E5%8B%A2>
<http://www.wikidata.org/entity/Q11383516>	"佐藤さやか (アナウンサー)"@ja	<http://www.wikidata.org/entity/Q5>	"ヒト"@ja	<http://www.wikidata.org/entity/P19>	"出生地"@ja	<https://ja.wikipedia.org/wiki/%E4%BD%90%E8%97%A4%E3%81%95%E3%82%84%E3%81%8B_(%E3%82%A2%E3%83%8A%E3%82%A6%E3%83%B3%E3%82%B5%E3%83%BC)>
<http://www.wikidata.org/entity/Q11383729>	"佐藤公俊"@ja	<http://www.wikidata.org/entity/Q5>	"ヒト"@ja	<http://www.wikidata.org/entity/P19>	"出生地"@ja	<https://ja.wikipedia.org/wiki/%E4%BD%90%E8%97%A4%E5%85%AC%E4%BF%8A>
<http://www.wikidata.org/entity/Q11411047>	"古屋剛"@ja	<http://www.wikidata.org/entity/Q5>	"ヒト"@ja	<http://www.wikidata.org/entity/P19>	"出生地"@ja	<https://ja.wikipedia.org/wiki/%E5%8F%A4%E5%B1%8B%E5%89%9B>
<http://www.wikidata.org/entity/Q11427115>	"埼玉県道・東京都道55号"@ja	<http://www.wikidata.org/entity/Q34442>	"道路"@ja	<http://www.wikidata.org/entity/P609>	"起終点"@ja	<https://ja.wikipedia.org/wiki/%E5%9F%BC%E7%8E%89%E7%9C%8C%E9%81%93%E3%83%BB%E6%9D%B1%E4%BA%AC%E9%83%BD%E9%81%9355%E5%8F%B7%E6%89%80%E6%B2%A2%E6%AD%A6%E8%94%B5%E6%9D%91%E5%B1%B1%E7%AB%8B%E5%B7%9D%E7%B7%9A>
<http://www.wikidata.org/entity/Q11427115>	"埼玉県道・東京都道55号"@ja	<http://www.wikidata.org/entity/Q34442>	"道路"@ja	<http://www.wikidata.org/entity/P131>	"位置する行政区画"@ja	<https://ja.wikipedia.org/wiki/%E5%9F%BC%E7%8E%89%E7%9C%8C%E9%81%93%E3%83%BB%E6%9D%B1%E4%BA%AC%E9%83%BD%E9%81%9355%E5%8F%B7%E6%89%80%E6%B2%A2%E6%AD%A6%E8%94%B5%E6%9D%91%E5%B1%B1%E7%AB%8B%E5%B7%9D%E7%B7%9A>
<http://www.wikidata.org/entity/Q11449893>	"宇野淑子"@ja	<http://www.wikidata.org/entity/Q5>	"ヒト"@ja	<http://www.wikidata.org/entity/P19>	"出生地"@ja	<https://ja.wikipedia.org/wiki/%E5%AE%87%E9%87%8E%E6%B7%91%E5%AD%90>
<http://www.wikidata.org/entity/Q11455746>	"密山祥吾"@ja	<http://www.wikidata.org/entity/Q5>	"ヒト"@ja	<http://www.wikidata.org/entity/P19>	"出生地"@ja	<https://ja.wikipedia.org/wiki/%E5%AF%86%E5%B1%B1%E7%A5%A5%E5%90%BE>
<http://www.wikidata.org/entity/Q11456187>	"富士見町"@ja	<http://www.wikidata.org/entity/Q5327369>	"町丁"@ja	<http://www.wikidata.org/entity/P131>	"位置する行政区画"@ja	<https://ja.wikipedia.org/wiki/%E5%AF%8C%E5%A3%AB%E8%A6%8B%E7%94%BA_(%E7%AB%8B%E5%B7%9D%E5%B8%82)>
<http://www.wikidata.org/entity/Q11456187>	"富士見町"@ja	<http://www.wikidata.org/entity/Q3957>	"街"@ja	<http://www.wikidata.org/entity/P131>	"位置する行政区画"@ja	<https://ja.wikipedia.org/wiki/%E5%AF%8C%E5%A3%AB%E8%A6%8B%E7%94%BA_(%E7%AB%8B%E5%B7%9D%E5%B8%82)>
<http://www.wikidata.org/entity/Q11460128>	"小島孝之"@ja	<http://www.wikidata.org/entity/Q5>	"ヒト"@ja	<http://www.wikidata.org/entity/P19>	"出生地"@ja	<https://ja.wikipedia.org/wiki/%E5%B0%8F%E5%B3%B6%E5%AD%9D%E4%B9%8B>
<http://www.wikidata.org/entity/Q11468053>	"山崎幹夫"@ja	<http://www.wikidata.org/entity/Q5>	"ヒト"@ja	<http://www.wikidata.org/entity/P19>	"出生地"@ja	<https://ja.wikipedia.org/wiki/%E5%B1%B1%E5%B4%8E%E5%B9%B9%E5%A4%AB>
<http://www.wikidata.org/entity/Q11475501>	"岩田有未"@ja	<http://www.wikidata.org/entity/Q5>	"ヒト"@ja	<http://www.wikidata.org/entity/P19>	"出生地"@ja	<https://ja.wikipedia.org/wiki/%E5%B2%A9%E7%94%B0%E6%9C%89%E6%9C%AA>
<http://www.wikidata.org/entity/Q11484037>	"幸町"@ja	<http://www.wikidata.org/entity/Q5327369>	"町丁"@ja	<http://www.wikidata.org/entity/P131>	"位置する行政区画"@ja	<https://ja.wikipedia.org/wiki/%E5%B9%B8%E7%94%BA_(%E7%AB%8B%E5%B7%9D%E5%B8%82)>
<http://www.wikidata.org/entity/Q11484037>	"幸町"@ja	<http://www.wikidata.org/entity/Q3957>	"街"@ja	<http://www.wikidata.org/entity/P131>	"位置する行政区画"@ja	<https://ja.wikipedia.org/wiki/%E5%B9%B8%E7%94%BA_(%E7%AB%8B%E5%B7%9D%E5%B8%82)>
<http://www.wikidata.org/entity/Q11485476>	"広江美奈"@ja	<http://www.wikidata.org/entity/Q5>	"ヒト"@ja	<http://www.wikidata.org/entity/P19>	"出生地"@ja	<https://ja.wikipedia.org/wiki/%E5%BA%83%E6%B1%9F%E7%BE%8E%E5%A5%88>
<http://www.wikidata.org/entity/Q11510604>	"日野橋"@ja	<http://www.wikidata.org/entity/Q12280>	"橋"@ja	<http://www.wikidata.org/entity/P131>	"位置する行政区画"@ja	<https://ja.wikipedia.org/wiki/%E6%97%A5%E9%87%8E%E6%A9%8B>
<http://www.wikidata.org/entity/Q11514128>	"昭和第一学園高等学校"@ja	<http://www.wikidata.org/entity/Q56351315>	"日本の高等学校"@ja	<http://www.wikidata.org/entity/P131>	"位置する行政区画"@ja	<https://ja.wikipedia.org/wiki/%E6%98%AD%E5%92%8C%E7%AC%AC%E4%B8%80%E5%AD%A6%E5%9C%92%E9%AB%98%E7%AD%89%E5%AD%A6%E6%A0%A1>
<http://www.wikidata.org/entity/Q11514580>	"普済寺"@ja	<http://www.wikidata.org/entity/Q5393308>	"仏教寺院"@ja	<http://www.wikidata.org/entity/P131>	"位置する行政区画"@ja	<https://ja.wikipedia.org/wiki/%E6%99%AE%E6%B8%88%E5%AF%BA_(%E7%AB%8B%E5%B7%9D%E5%B8%82)>
<http://www.wikidata.org/entity/Q11515055>	"曙町"@ja	<http://www.wikidata.org/entity/Q5327369>	"町丁"@ja	<http://www.wikidata.org/entity/P131>	"位置する行政区画"@ja	<https://ja.wikipedia.org/wiki/%E6%9B%99%E7%94%BA_(%E7%AB%8B%E5%B7%9D%E5%B8%82)>
<http://www.wikidata.org/entity/Q11515055>	"曙町"@ja	<http://www.wikidata.org/entity/Q3957>	"街"@ja	<http://www.wikidata.org/entity/P131>	"位置する行政区画"@ja	<https://ja.wikipedia.org/wiki/%E6%9B%99%E7%94%BA_(%E7%AB%8B%E5%B7%9D%E5%B8%82)>
<http://www.wikidata.org/entity/Q11519169>	"木根尚登"@ja	<http://www.wikidata.org/entity/Q5>	"ヒト"@ja	<http://www.wikidata.org/entity/P19>	"出生地"@ja	<https://ja.wikipedia.org/wiki/%E6%9C%A8%E6%A0%B9%E5%B0%9A%E7%99%BB>
<http://www.wikidata.org/entity/Q11525404>	"東京都立北多摩高等学校"@ja	<http://www.wikidata.org/entity/Q56351315>	"日本の高等学校"@ja	<http://www.wikidata.org/entity/P131>	"位置する行政区画"@ja	<https://ja.wikipedia.org/wiki/%E6%9D%B1%E4%BA%AC%E9%83%BD%E7%AB%8B%E5%8C%97%E5%A4%9A%E6%91%A9%E9%AB%98%E7%AD%89%E5%AD%A6%E6%A0%A1>
<http://www.wikidata.org/entity/Q11525565>	"東京都立砂川高等学校"@ja	<http://www.wikidata.org/entity/Q56351315>	"日本の高等学校"@ja	<http://www.wikidata.org/entity/P131>	"位置する行政区画"@ja	<https://ja.wikipedia.org/wiki/%E6%9D%B1%E4%BA%AC%E9%83%BD%E7%AB%8B%E7%A0%82%E5%B7%9D%E9%AB%98%E7%AD%89%E5%AD%A6%E6%A0%A1>
<http://www.wikidata.org/entity/Q11525577>	"東京都立立川国際中等教育学校"@ja	<http://www.wikidata.org/entity/Q11366867>	"日本の中等教育学校"@ja	<http://www.wikidata.org/entity/P131>	"位置する行政区画"@ja	<https://ja.wikipedia.org/wiki/%E6%9D%B1%E4%BA%AC%E9%83%BD%E7%AB%8B%E7%AB%8B%E5%B7%9D%E5%9B%BD%E9%9A%9B%E4%B8%AD%E7%AD%89%E6%95%99%E8%82%B2%E5%AD%A6%E6%A0%A1>
<http://www.wikidata.org/entity/Q1490>	"東京都"@ja	<http://www.wikidata.org/entity/Q51929311>	"国内で人口1位の都市"@ja	<http://www.wikidata.org/entity/P150>	"直下の行政区画"@ja	<https://ja.wikipedia.org/wiki/%E6%9D%B1%E4%BA%AC%E9%83%BD>
<http://www.wikidata.org/entity/Q1490>	"東京都"@ja	<http://www.wikidata.org/entity/Q1637706>	"100万都市"@ja	<http://www.wikidata.org/entity/P150>	"直下の行政区画"@ja	<https://ja.wikipedia.org/wiki/%E6%9D%B1%E4%BA%AC%E9%83%BD>
<http://www.wikidata.org/entity/Q1490>	"東京都"@ja	<http://www.wikidata.org/entity/Q1549591>	"10万都市"@ja	<http://www.wikidata.org/entity/P150>	"直下の行政区画"@ja	<https://ja.wikipedia.org/wiki/%E6%9D%B1%E4%BA%AC%E9%83%BD>
<http://www.wikidata.org/entity/Q1490>	"東京都"@ja	<http://www.wikidata.org/entity/Q1200957>	"観光客の目的地"@ja	<http://www.wikidata.org/entity/P150>	"直下の行政区画"@ja	<https://ja.wikipedia.org/wiki/%E6%9D%B1%E4%BA%AC%E9%83%BD>
<http://www.wikidata.org/entity/Q1490>	"東京都"@ja	<http://www.wikidata.org/entity/Q1025961>	"日本の首都"@ja	<http://www.wikidata.org/entity/P150>	"直下の行政区画"@ja	<https://ja.wikipedia.org/wiki/%E6%9D%B1%E4%BA%AC%E9%83%BD>
<http://www.wikidata.org/entity/Q1490>	"東京都"@ja	<http://www.wikidata.org/entity/Q208511>	"世界都市"@ja	<http://www.wikidata.org/entity/P150>	"直下の行政区画"@ja	<https://ja.wikipedia.org/wiki/%E6%9D%B1%E4%BA%AC%E9%83%BD>
<http://www.wikidata.org/entity/Q1490>	"東京都"@ja	<http://www.wikidata.org/entity/Q200250>	"メトロポリス"@ja	<http://www.wikidata.org/entity/P150>	"直下の行政区画"@ja	<https://ja.wikipedia.org/wiki/%E6%9D%B1%E4%BA%AC%E9%83%BD>
<http://www.wikidata.org/entity/Q1490>	"東京都"@ja	<http://www.wikidata.org/entity/Q174844>	"メガシティ"@ja	<http://www.wikidata.org/entity/P150>	"直下の行政区画"@ja	<https://ja.wikipedia.org/wiki/%E6%9D%B1%E4%BA%AC%E9%83%BD>
<http://www.wikidata.org/entity/Q1490>	"東京都"@ja	<http://www.wikidata.org/entity/Q50337>	"都道府県"@ja	<http://www.wikidata.org/entity/P150>	"直下の行政区画"@ja	<https://ja.wikipedia.org/wiki/%E6%9D%B1%E4%BA%AC%E9%83%BD>
<http://www.wikidata.org/entity/Q1490>	"東京都"@ja	<http://www.wikidata.org/entity/Q5119>	"首都"@ja	<http://www.wikidata.org/entity/P150>	"直下の行政区画"@ja	<https://ja.wikipedia.org/wiki/%E6%9D%B1%E4%BA%AC%E9%83%BD>
<http://www.wikidata.org/entity/Q212494>	"昭島市"@ja	<http://www.wikidata.org/entity/Q1549591>	"10万都市"@ja	<http://www.wikidata.org/entity/P47>	"隣の国又は行政区画"@ja	<https://ja.wikipedia.org/wiki/%E6%98%AD%E5%B3%B6%E5%B8%82>
<http://www.wikidata.org/entity/Q212494>	"昭島市"@ja	<http://www.wikidata.org/entity/Q494721>	"日本の市"@ja	<http://www.wikidata.org/entity/P47>	"隣の国又は行政区画"@ja	<https://ja.wikipedia.org/wiki/%E6%98%AD%E5%B3%B6%E5%B8%82>
<http://www.wikidata.org/entity/Q213278>	"小平市"@ja	<http://www.wikidata.org/entity/Q1549591>	"10万都市"@ja	<http://www.wikidata.org/entity/P47>	"隣の国又は行政区画"@ja	<https://ja.wikipedia.org/wiki/%E5%B0%8F%E5%B9%B3%E5%B8%82>
<http://www.wikidata.org/entity/Q213278>	"小平市"@ja	<http://www.wikidata.org/entity/Q494721>	"日本の市"@ja	<http://www.wikidata.org/entity/P47>	"隣の国又は行政区画"@ja	<https://ja.wikipedia.org/wiki/%E5%B0%8F%E5%B9%B3%E5%B8%82>
<http://www.wikidata.org/entity/Q11554894>	"泉町"@ja	<http://www.wikidata.org/entity/Q5327369>	"町丁"@ja	<http://www.wikidata.org/entity/P131>	"位置する行政区画"@ja	<https://ja.wikipedia.org/wiki/%E6%B3%89%E7%94%BA_(%E7%AB%8B%E5%B7%9D%E5%B8%82)>
<http://www.wikidata.org/entity/Q11554894>	"泉町"@ja	<http://www.wikidata.org/entity/Q3957>	"街"@ja	<http://www.wikidata.org/entity/P131>	"位置する行政区画"@ja	<https://ja.wikipedia.org/wiki/%E6%B3%89%E7%94%BA_(%E7%AB%8B%E5%B7%9D%E5%B8%82)>
<http://www.wikidata.org/entity/Q11567041>	"災害医療センター附属昭和の森看護学校"@ja	<http://www.wikidata.org/entity/Q24898692>	"専修学校"@ja	<http://www.wikidata.org/entity/P131>	"位置する行政区画"@ja	<https://ja.wikipedia.org/wiki/%E7%81%BD%E5%AE%B3%E5%8C%BB%E7%99%82%E3%82%BB%E3%83%B3%E3%82%BF%E3%83%BC%E9%99%84%E5%B1%9E%E6%98%AD%E5%92%8C%E3%81%AE%E6%A3%AE%E7%9C%8B%E8%AD%B7%E5%AD%A6%E6%A0%A1>
<http://www.wikidata.org/entity/Q11571640>	"独立行政法人国立病院機構災害医療センター"@ja	<http://www.wikidata.org/entity/Q16917>	"病院"@ja	<http://www.wikidata.org/entity/P131>	"位置する行政区画"@ja	<https://ja.wikipedia.org/wiki/%E5%9B%BD%E7%AB%8B%E7%97%85%E9%99%A2%E6%A9%9F%E6%A7%8B%E7%81%BD%E5%AE%B3%E5%8C%BB%E7%99%82%E3%82%BB%E3%83%B3%E3%82%BF%E3%83%BC>
<http://www.wikidata.org/entity/Q11579610>	"白山貴俊"@ja	<http://www.wikidata.org/entity/Q5>	"ヒト"@ja	<http://www.wikidata.org/entity/P19>	"出生地"@ja	<https://ja.wikipedia.org/wiki/%E7%99%BD%E5%B1%B1%E8%B2%B4%E4%BF%8A>
<http://www.wikidata.org/entity/Q11587431>	"砂川町"@ja	<http://www.wikidata.org/entity/Q18663566>	"日本の廃止市区町村"@ja	<http://www.wikidata.org/entity/P3842>	"位置する現在の行政区画"@ja	<https://ja.wikipedia.org/wiki/%E7%A0%82%E5%B7%9D%E7%94%BA>
<http://www.wikidata.org/entity/Q11587431>	"砂川町"@ja	<http://www.wikidata.org/entity/Q18663566>	"日本の廃止市区町村"@ja	<http://www.wikidata.org/entity/P1366>	"後継"@ja	<https://ja.wikipedia.org/wiki/%E7%A0%82%E5%B7%9D%E7%94%BA>
<http://www.wikidata.org/entity/Q11587432>	"砂川町"@ja	<http://www.wikidata.org/entity/Q5327369>	"町丁"@ja	<http://www.wikidata.org/entity/P131>	"位置する行政区画"@ja	<https://ja.wikipedia.org/wiki/%E7%A0%82%E5%B7%9D%E7%94%BA_(%E7%AB%8B%E5%B7%9D%E5%B8%82)>
<http://www.wikidata.org/entity/Q11587432>	"砂川町"@ja	<http://www.wikidata.org/entity/Q3957>	"街"@ja	<http://www.wikidata.org/entity/P131>	"位置する行政区画"@ja	<https://ja.wikipedia.org/wiki/%E7%A0%82%E5%B7%9D%E7%94%BA_(%E7%AB%8B%E5%B7%9D%E5%B8%82)>
<http://www.wikidata.org/entity/Q11589383>	"神奈川県道・東京都道503号"@ja	<http://www.wikidata.org/entity/Q34442>	"道路"@ja	<http://www.wikidata.org/entity/P609>	"起終点"@ja	<https://ja.wikipedia.org/wiki/%E7%A5%9E%E5%A5%88%E5%B7%9D%E7%9C%8C%E9%81%93%E3%83%BB%E6%9D%B1%E4%BA%AC%E9%83%BD%E9%81%93503%E5%8F%B7%E7%9B%B8%E6%A8%A1%E5%8E%9F%E7%AB%8B%E5%B7%9D%E7%B7%9A>
<http://www.wikidata.org/entity/Q11589383>	"神奈川県道・東京都道503号"@ja	<http://www.wikidata.org/entity/Q34442>	"道路"@ja	<http://www.wikidata.org/entity/P131>	"位置する行政区画"@ja	<https://ja.wikipedia.org/wiki/%E7%A5%9E%E5%A5%88%E5%B7%9D%E7%9C%8C%E9%81%93%E3%83%BB%E6%9D%B1%E4%BA%AC%E9%83%BD%E9%81%93503%E5%8F%B7%E7%9B%B8%E6%A8%A1%E5%8E%9F%E7%AB%8B%E5%B7%9D%E7%B7%9A>
<http://www.wikidata.org/entity/Q11597870>	"立川まつり国営昭和記念公園花火大会"@ja	<http://www.wikidata.org/entity/Q42880958>	"花火大会"@ja	<http://www.wikidata.org/entity/P131>	"位置する行政区画"@ja	<https://ja.wikipedia.org/wiki/%E7%AB%8B%E5%B7%9D%E3%81%BE%E3%81%A4%E3%82%8A%E5%9B%BD%E5%96%B6%E6%98%AD%E5%92%8C%E8%A8%98%E5%BF%B5%E5%85%AC%E5%9C%92%E8%8A%B1%E7%81%AB%E5%A4%A7%E4%BC%9A>
<http://www.wikidata.org/entity/Q11597871>	"立川バス"@ja	<http://www.wikidata.org/entity/Q10438042>	"バス事業者"@ja	<http://www.wikidata.org/entity/P159>	"本部所在地"@ja	<https://ja.wikipedia.org/wiki/%E7%AB%8B%E5%B7%9D%E3%83%90%E3%82%B9>
<http://www.wikidata.org/entity/Q11597897>	"立川女子高等学校"@ja	<http://www.wikidata.org/entity/Q56351315>	"日本の高等学校"@ja	<http://www.wikidata.org/entity/P131>	"位置する行政区画"@ja	<https://ja.wikipedia.org/wiki/%E7%AB%8B%E5%B7%9D%E5%A5%B3%E5%AD%90%E9%AB%98%E7%AD%89%E5%AD%A6%E6%A0%A1>
<http://www.wikidata.org/entity/Q11597902>	"立川市立立川第一中学校"@ja	<http://www.wikidata.org/entity/Q55521176>	"日本の中学校"@ja	<http://www.wikidata.org/entity/P131>	"位置する行政区画"@ja	<https://ja.wikipedia.org/wiki/%E7%AB%8B%E5%B7%9D%E5%B8%82%E7%AB%8B%E7%AB%8B%E5%B7%9D%E7%AC%AC%E4%B8%80%E4%B8%AD%E5%AD%A6%E6%A0%A1>
<http://www.wikidata.org/entity/Q11597902>	"立川市立立川第一中学校"@ja	<http://www.wikidata.org/entity/Q55521176>	"日本の中学校"@ja	<http://www.wikidata.org/entity/P126>	"管理者"@ja	<https://ja.wikipedia.org/wiki/%E7%AB%8B%E5%B7%9D%E5%B8%82%E7%AB%8B%E7%AB%8B%E5%B7%9D%E7%AC%AC%E4%B8%80%E4%B8%AD%E5%AD%A6%E6%A0%A1>
<http://www.wikidata.org/entity/Q11597903>	"立川市立立川第九中学校"@ja	<http://www.wikidata.org/entity/Q55521176>	"日本の中学校"@ja	<http://www.wikidata.org/entity/P131>	"位置する行政区画"@ja	<https://ja.wikipedia.org/wiki/%E7%AB%8B%E5%B7%9D%E5%B8%82%E7%AB%8B%E7%AB%8B%E5%B7%9D%E7%AC%AC%E4%B9%9D%E4%B8%AD%E5%AD%A6%E6%A0%A1>
<http://www.wikidata.org/entity/Q11597903>	"立川市立立川第九中学校"@ja	<http://www.wikidata.org/entity/Q55521176>	"日本の中学校"@ja	<http://www.wikidata.org/entity/P126>	"管理者"@ja	<https://ja.wikipedia.org/wiki/%E7%AB%8B%E5%B7%9D%E5%B8%82%E7%AB%8B%E7%AB%8B%E5%B7%9D%E7%AC%AC%E4%B9%9D%E4%B8%AD%E5%AD%A6%E6%A0%A1>
<http://www.wikidata.org/entity/Q11597900>	"立川市立幸小学校"@ja	<http://www.wikidata.org/entity/Q5358913>	"日本の小学校"@ja	<http://www.wikidata.org/entity/P131>	"位置する行政区画"@ja	<https://ja.wikipedia.org/wiki/%E7%AB%8B%E5%B7%9D%E5%B8%82%E7%AB%8B%E5%B9%B8%E5%B0%8F%E5%AD%A6%E6%A0%A1>
<http://www.wikidata.org/entity/Q11597900>	"立川市立幸小学校"@ja	<http://www.wikidata.org/entity/Q5358913>	"日本の小学校"@ja	<http://www.wikidata.org/entity/P126>	"管理者"@ja	<https://ja.wikipedia.org/wiki/%E7%AB%8B%E5%B7%9D%E5%B8%82%E7%AB%8B%E5%B9%B8%E5%B0%8F%E5%AD%A6%E6%A0%A1>
<http://www.wikidata.org/entity/Q11597901>	"立川市立けやき台小学校"@ja	<http://www.wikidata.org/entity/Q5358913>	"日本の小学校"@ja	<http://www.wikidata.org/entity/P131>	"位置する行政区画"@ja	<https://ja.wikipedia.org/wiki/%E7%AB%8B%E5%B7%9D%E5%B8%82%E7%AB%8B%E3%81%91%E3%82%84%E3%81%8D%E5%8F%B0%E5%B0%8F%E5%AD%A6%E6%A0%A1>
<http://www.wikidata.org/entity/Q11597901>	"立川市立けやき台小学校"@ja	<http://www.wikidata.org/entity/Q5358913>	"日本の小学校"@ja	<http://www.wikidata.org/entity/P126>	"管理者"@ja	<https://ja.wikipedia.org/wiki/%E7%AB%8B%E5%B7%9D%E5%B8%82%E7%AB%8B%E3%81%91%E3%82%84%E3%81%8D%E5%8F%B0%E5%B0%8F%E5%AD%A6%E6%A0%A1>
<http://www.wikidata.org/entity/Q11597904>	"立川市立第一小学校"@ja	<http://www.wikidata.org/entity/Q5358913>	"日本の小学校"@ja	<http://www.wikidata.org/entity/P131>	"位置する行政区画"@ja	<https://ja.wikipedia.org/wiki/%E7%AB%8B%E5%B7%9D%E5%B8%82%E7%AB%8B%E7%AC%AC%E4%B8%80%E5%B0%8F%E5%AD%A6%E6%A0%A1>
<http://www.wikidata.org/entity/Q11597904>	"立川市立第一小学校"@ja	<http://www.wikidata.org/entity/Q5358913>	"日本の小学校"@ja	<http://www.wikidata.org/entity/P126>	"管理者"@ja	<https://ja.wikipedia.org/wiki/%E7%AB%8B%E5%B7%9D%E5%B8%82%E7%AB%8B%E7%AC%AC%E4%B8%80%E5%B0%8F%E5%AD%A6%E6%A0%A1>
<http://www.wikidata.org/entity/Q11597905>	"立川市立第八小学校"@ja	<http://www.wikidata.org/entity/Q5358913>	"日本の小学校"@ja	<http://www.wikidata.org/entity/P131>	"位置する行政区画"@ja	<https://ja.wikipedia.org/wiki/%E7%AB%8B%E5%B7%9D%E5%B8%82%E7%AB%8B%E7%AC%AC%E5%85%AB%E5%B0%8F%E5%AD%A6%E6%A0%A1>
<http://www.wikidata.org/entity/Q11597905>	"立川市立第八小学校"@ja	<http://www.wikidata.org/entity/Q5358913>	"日本の小学校"@ja	<http://www.wikidata.org/entity/P126>	"管理者"@ja	<https://ja.wikipedia.org/wiki/%E7%AB%8B%E5%B7%9D%E5%B8%82%E7%AB%8B%E7%AC%AC%E5%85%AB%E5%B0%8F%E5%AD%A6%E6%A0%A1>
<http://www.wikidata.org/entity/Q11597921>	"立川断層"@ja	<http://www.wikidata.org/entity/Q47089>	"断層"@ja	<http://www.wikidata.org/entity/P138>	"名前の由来"@ja	<https://ja.wikipedia.org/wiki/%E7%AB%8B%E5%B7%9D%E6%96%AD%E5%B1%A4>
<http://www.wikidata.org/entity/Q236197>	"日野市"@ja	<http://www.wikidata.org/entity/Q1549591>	"10万都市"@ja	<http://www.wikidata.org/entity/P47>	"隣の国又は行政区画"@ja	<https://ja.wikipedia.org/wiki/%E6%97%A5%E9%87%8E%E5%B8%82>
<http://www.wikidata.org/entity/Q236197>	"日野市"@ja	<http://www.wikidata.org/entity/Q494721>	"日本の市"@ja	<http://www.wikidata.org/entity/P47>	"隣の国又は行政区画"@ja	<https://ja.wikipedia.org/wiki/%E6%97%A5%E9%87%8E%E5%B8%82>
<http://www.wikidata.org/entity/Q317813>	"福生市"@ja	<http://www.wikidata.org/entity/Q494721>	"日本の市"@ja	<http://www.wikidata.org/entity/P47>	"隣の国又は行政区画"@ja	<https://ja.wikipedia.org/wiki/%E7%A6%8F%E7%94%9F%E5%B8%82>
<http://www.wikidata.org/entity/Q486168>	"サン・バーナーディーノ"@ja	<http://www.wikidata.org/entity/Q13218391>	"憲章都市"@ja	<http://www.wikidata.org/entity/P190>	"姉妹都市"@ja	<https://ja.wikipedia.org/wiki/%E3%82%B5%E3%83%B3%E3%83%90%E3%83%BC%E3%83%8A%E3%83%BC%E3%83%87%E3%82%A3%E3%83%BC%E3%83%8E_(%E3%82%AB%E3%83%AA%E3%83%95%E3%82%A9%E3%83%AB%E3%83%8B%E3%82%A2%E5%B7%9E)>
<http://www.wikidata.org/entity/Q486168>	"サン・バーナーディーノ"@ja	<http://www.wikidata.org/entity/Q1549591>	"10万都市"@ja	<http://www.wikidata.org/entity/P190>	"姉妹都市"@ja	<https://ja.wikipedia.org/wiki/%E3%82%B5%E3%83%B3%E3%83%90%E3%83%BC%E3%83%8A%E3%83%BC%E3%83%87%E3%82%A3%E3%83%BC%E3%83%8E_(%E3%82%AB%E3%83%AA%E3%83%95%E3%82%A9%E3%83%AB%E3%83%8B%E3%82%A2%E5%B7%9E)>
<http://www.wikidata.org/entity/Q486168>	"サン・バーナーディーノ"@ja	<http://www.wikidata.org/entity/Q1093829>	"アメリカ合衆国の市"@ja	<http://www.wikidata.org/entity/P190>	"姉妹都市"@ja	<https://ja.wikipedia.org/wiki/%E3%82%B5%E3%83%B3%E3%83%90%E3%83%BC%E3%83%8A%E3%83%BC%E3%83%87%E3%82%A3%E3%83%BC%E3%83%8E_(%E3%82%AB%E3%83%AA%E3%83%95%E3%82%A9%E3%83%AB%E3%83%8B%E3%82%A2%E5%B7%9E)>
<http://www.wikidata.org/entity/Q486168>	"サン・バーナーディーノ"@ja	<http://www.wikidata.org/entity/Q62049>	"郡庁所在地"@ja	<http://www.wikidata.org/entity/P190>	"姉妹都市"@ja	<https://ja.wikipedia.org/wiki/%E3%82%B5%E3%83%B3%E3%83%90%E3%83%BC%E3%83%8A%E3%83%BC%E3%83%87%E3%82%A3%E3%83%BC%E3%83%8E_(%E3%82%AB%E3%83%AA%E3%83%95%E3%82%A9%E3%83%AB%E3%83%8B%E3%82%A2%E5%B7%9E)>
<http://www.wikidata.org/entity/Q518507>	"久利研人"@ja	<http://www.wikidata.org/entity/Q5>	"ヒト"@ja	<http://www.wikidata.org/entity/P19>	"出生地"@ja	<https://ja.wikipedia.org/wiki/%E4%B9%85%E5%88%A9%E7%A0%94%E4%BA%BA>
<http://www.wikidata.org/entity/Q579752>	"信田美帆"@ja	<http://www.wikidata.org/entity/Q5>	"ヒト"@ja	<http://www.wikidata.org/entity/P19>	"出生地"@ja	<https://ja.wikipedia.org/wiki/%E4%BF%A1%E7%94%B0%E7%BE%8E%E5%B8%86>
<http://www.wikidata.org/entity/Q599392>	"近藤喜文"@ja	<http://www.wikidata.org/entity/Q5>	"ヒト"@ja	<http://www.wikidata.org/entity/P20>	"死没地"@ja	<https://ja.wikipedia.org/wiki/%E8%BF%91%E8%97%A4%E5%96%9C%E6%96%87>
<http://www.wikidata.org/entity/Q48747886>	"アリーナ立川立飛"@ja	<http://www.wikidata.org/entity/Q1076486>	"スポーツ施設"@ja	<http://www.wikidata.org/entity/P276>	"場所"@ja	<https://ja.wikipedia.org/wiki/%E3%82%A2%E3%83%AA%E3%83%BC%E3%83%8A%E7%AB%8B%E5%B7%9D%E7%AB%8B%E9%A3%9B>
<http://www.wikidata.org/entity/Q48747886>	"アリーナ立川立飛"@ja	<http://www.wikidata.org/entity/Q1076486>	"スポーツ施設"@ja	<http://www.wikidata.org/entity/P131>	"位置する行政区画"@ja	<https://ja.wikipedia.org/wiki/%E3%82%A2%E3%83%AA%E3%83%BC%E3%83%8A%E7%AB%8B%E5%B7%9D%E7%AB%8B%E9%A3%9B>
<http://www.wikidata.org/entity/Q54152978>	"真澄寺"@ja	<http://www.wikidata.org/entity/Q5393308>	"仏教寺院"@ja	<http://www.wikidata.org/entity/P131>	"位置する行政区画"@ja	<https://ja.wikipedia.org/wiki/%E7%9C%9F%E6%BE%84%E5%AF%BA>
<http://www.wikidata.org/entity/Q56348096>	"立川市議会"@ja	<http://www.wikidata.org/entity/Q107199651>	"市議会"@ja	<http://www.wikidata.org/entity/P1001>	"管轄・適用区域"@ja	<https://ja.wikipedia.org/wiki/%E7%AB%8B%E5%B7%9D%E5%B8%82%E8%AD%B0%E4%BC%9A>
<http://www.wikidata.org/entity/Q63788026>	"諏訪神社"@ja	<http://www.wikidata.org/entity/Q845945>	"神社"@ja	<http://www.wikidata.org/entity/P131>	"位置する行政区画"@ja	<https://ja.wikipedia.org/wiki/%E8%AB%8F%E8%A8%AA%E7%A5%9E%E7%A4%BE_(%E7%AB%8B%E5%B7%9D%E5%B8%82%E6%9F%B4%E5%B4%8E%E7%94%BA)>
<http://www.wikidata.org/entity/Q77267791>	"阿豆佐味天神社"@ja	<http://www.wikidata.org/entity/Q845945>	"神社"@ja	<http://www.wikidata.org/entity/P131>	"位置する行政区画"@ja	<https://ja.wikipedia.org/wiki/%E9%98%BF%E8%B1%86%E4%BD%90%E5%91%B3%E5%A4%A9%E7%A5%9E%E7%A4%BE_(%E7%AB%8B%E5%B7%9D%E5%B8%82%E7%A0%82%E5%B7%9D%E7%94%BA)>
<http://www.wikidata.org/entity/Q81917738>	"立川市立第五小学校"@ja	<http://www.wikidata.org/entity/Q5358913>	"日本の小学校"@ja	<http://www.wikidata.org/entity/P131>	"位置する行政区画"@ja	<https://ja.wikipedia.org/wiki/%E7%AB%8B%E5%B7%9D%E5%B8%82%E7%AB%8B%E7%AC%AC%E4%BA%94%E5%B0%8F%E5%AD%A6%E6%A0%A1>
<http://www.wikidata.org/entity/Q81917738>	"立川市立第五小学校"@ja	<http://www.wikidata.org/entity/Q5358913>	"日本の小学校"@ja	<http://www.wikidata.org/entity/P126>	"管理者"@ja	<https://ja.wikipedia.org/wiki/%E7%AB%8B%E5%B7%9D%E5%B8%82%E7%AB%8B%E7%AC%AC%E4%BA%94%E5%B0%8F%E5%AD%A6%E6%A0%A1>
<http://www.wikidata.org/entity/Q81917766>	"立川市立若葉台小学校"@ja	<http://www.wikidata.org/entity/Q5358913>	"日本の小学校"@ja	<http://www.wikidata.org/entity/P131>	"位置する行政区画"@ja	<https://ja.wikipedia.org/wiki/%E7%AB%8B%E5%B7%9D%E5%B8%82%E7%AB%8B%E8%8B%A5%E8%91%89%E5%8F%B0%E5%B0%8F%E5%AD%A6%E6%A0%A1>
<http://www.wikidata.org/entity/Q81917766>	"立川市立若葉台小学校"@ja	<http://www.wikidata.org/entity/Q5358913>	"日本の小学校"@ja	<http://www.wikidata.org/entity/P126>	"管理者"@ja	<https://ja.wikipedia.org/wiki/%E7%AB%8B%E5%B7%9D%E5%B8%82%E7%AB%8B%E8%8B%A5%E8%91%89%E5%8F%B0%E5%B0%8F%E5%AD%A6%E6%A0%A1>
<http://www.wikidata.org/entity/Q81964381>	"立川市立立川第二中学校"@ja	<http://www.wikidata.org/entity/Q55521176>	"日本の中学校"@ja	<http://www.wikidata.org/entity/P131>	"位置する行政区画"@ja	<https://ja.wikipedia.org/wiki/%E7%AB%8B%E5%B7%9D%E5%B8%82%E7%AB%8B%E7%AB%8B%E5%B7%9D%E7%AC%AC%E4%BA%8C%E4%B8%AD%E5%AD%A6%E6%A0%A1>
<http://www.wikidata.org/entity/Q81964381>	"立川市立立川第二中学校"@ja	<http://www.wikidata.org/entity/Q55521176>	"日本の中学校"@ja	<http://www.wikidata.org/entity/P126>	"管理者"@ja	<https://ja.wikipedia.org/wiki/%E7%AB%8B%E5%B7%9D%E5%B8%82%E7%AB%8B%E7%AB%8B%E5%B7%9D%E7%AC%AC%E4%BA%8C%E4%B8%AD%E5%AD%A6%E6%A0%A1>
<http://www.wikidata.org/entity/Q83562393>	"株式会社studio A-CAT"@ja	<http://www.wikidata.org/entity/Q1107679>	"アニメーション制作会社"@ja	<http://www.wikidata.org/entity/P159>	"本部所在地"@ja	<https://ja.wikipedia.org/wiki/Studio_A-CAT>
<http://www.wikidata.org/entity/Q85882993>	"立川流"@ja	<http://www.wikidata.org/entity/Q222516>	"宗派"@ja	<http://www.wikidata.org/entity/P138>	"名前の由来"@ja	<https://ja.wikipedia.org/wiki/%E7%AB%8B%E5%B7%9D%E6%B5%81_(%E5%AF%86%E6%95%99)>
<http://www.wikidata.org/entity/Q86740413>	"矢川"@ja	<http://www.wikidata.org/entity/Q4022>	"川"@ja	<http://www.wikidata.org/entity/P131>	"位置する行政区画"@ja	<https://ja.wikipedia.org/wiki/%E7%9F%A2%E5%B7%9D_(%E6%9D%B1%E4%BA%AC%E9%83%BD)>
<http://www.wikidata.org/entity/Q97310881>	"立川相互病院"@ja	<http://www.wikidata.org/entity/Q16917>	"病院"@ja	<http://www.wikidata.org/entity/P131>	"位置する行政区画"@ja	<https://ja.wikipedia.org/wiki/%E7%AB%8B%E5%B7%9D%E7%9B%B8%E4%BA%92%E7%97%85%E9%99%A2>
<http://www.wikidata.org/entity/Q107400886>	"和田洋人"@ja	<http://www.wikidata.org/entity/Q5>	"ヒト"@ja	<http://www.wikidata.org/entity/P19>	"出生地"@ja	<https://ja.wikipedia.org/wiki/%E5%92%8C%E7%94%B0%E6%B4%8B%E4%BA%BA>
<http://www.wikidata.org/entity/Q108777125>	"石井公成"@ja	<http://www.wikidata.org/entity/Q5>	"ヒト"@ja	<http://www.wikidata.org/entity/P19>	"出生地"@ja	<https://ja.wikipedia.org/wiki/%E7%9F%B3%E4%BA%95%E5%85%AC%E6%88%90>
<http://www.wikidata.org/entity/Q109363162>	"立川空襲"@ja	<http://www.wikidata.org/entity/Q2380335>	"空襲"@ja	<http://www.wikidata.org/entity/P131>	"位置する行政区画"@ja	<https://ja.wikipedia.org/wiki/%E7%AB%8B%E5%B7%9D%E7%A9%BA%E8%A5%B2>
<http://www.wikidata.org/entity/Q112240132>	"小川孝喜"@ja	<http://www.wikidata.org/entity/Q5>	"ヒト"@ja	<http://www.wikidata.org/entity/P19>	"出生地"@ja	<https://ja.wikipedia.org/wiki/%E5%B0%8F%E5%B7%9D%E5%AD%9D%E5%96%9C>
<http://www.wikidata.org/entity/Q115530295>	"日翔志忠勝"@ja	<http://www.wikidata.org/entity/Q5>	"ヒト"@ja	<http://www.wikidata.org/entity/P19>	"出生地"@ja	<https://ja.wikipedia.org/wiki/%E6%97%A5%E7%BF%94%E5%BF%97%E5%BF%A0%E5%8B%9D>
<http://www.wikidata.org/entity/Q115907364>	"立川ダイス"@ja	<http://www.wikidata.org/entity/Q13393265>	"バスケットボールチーム"@ja	<http://www.wikidata.org/entity/P159>	"本部所在地"@ja	<https://ja.wikipedia.org/wiki/%E7%AB%8B%E5%B7%9D%E3%83%80%E3%82%A4%E3%82%B9>
<http://www.wikidata.org/entity/Q764588>	"立飛企業"@ja	<http://www.wikidata.org/entity/Q4830453>	"企業"@ja	<http://www.wikidata.org/entity/P740>	"結成場所"@ja	<https://ja.wikipedia.org/wiki/%E7%AB%8B%E9%A3%9B%E4%BC%81%E6%A5%AD>
<http://www.wikidata.org/entity/Q764588>	"立飛企業"@ja	<http://www.wikidata.org/entity/Q4830453>	"企業"@ja	<http://www.wikidata.org/entity/P159>	"本部所在地"@ja	<https://ja.wikipedia.org/wiki/%E7%AB%8B%E9%A3%9B%E4%BC%81%E6%A5%AD>
<http://www.wikidata.org/entity/Q801501>	"立川駅"@ja	<http://www.wikidata.org/entity/Q55488>	"鉄道駅"@ja	<http://www.wikidata.org/entity/P131>	"位置する行政区画"@ja	<https://ja.wikipedia.org/wiki/%E7%AB%8B%E5%B7%9D%E9%A7%85>
<http://www.wikidata.org/entity/Q841195>	"田月仙"@ja	<http://www.wikidata.org/entity/Q5>	"ヒト"@ja	<http://www.wikidata.org/entity/P19>	"出生地"@ja	<https://ja.wikipedia.org/wiki/%E7%94%B0%E6%9C%88%E4%BB%99>
<http://www.wikidata.org/entity/Q842489>	"玉川上水駅"@ja	<http://www.wikidata.org/entity/Q55488>	"鉄道駅"@ja	<http://www.wikidata.org/entity/P131>	"位置する行政区画"@ja	<https://ja.wikipedia.org/wiki/%E7%8E%89%E5%B7%9D%E4%B8%8A%E6%B0%B4%E9%A7%85>
<http://www.wikidata.org/entity/Q954588>	"桑原洋明"@ja	<http://www.wikidata.org/entity/Q5>	"ヒト"@ja	<http://www.wikidata.org/entity/P19>	"出生地"@ja	<https://ja.wikipedia.org/wiki/%E6%A1%91%E5%8E%9F%E6%B4%8B%E6%98%8E>
<http://www.wikidata.org/entity/Q1142226>	"日本ファルコム"@ja	<http://www.wikidata.org/entity/Q891723>	"公開会社"@ja	<http://www.wikidata.org/entity/P159>	"本部所在地"@ja	<https://ja.wikipedia.org/wiki/%E6%97%A5%E6%9C%AC%E3%83%95%E3%82%A1%E3%83%AB%E3%82%B3%E3%83%A0>
<http://www.wikidata.org/entity/Q1142226>	"日本ファルコム"@ja	<http://www.wikidata.org/entity/Q210167>	"ゲームクリエイター (組織)"@ja	<http://www.wikidata.org/entity/P159>	"本部所在地"@ja	<https://ja.wikipedia.org/wiki/%E6%97%A5%E6%9C%AC%E3%83%95%E3%82%A1%E3%83%AB%E3%82%B3%E3%83%A0>
<http://www.wikidata.org/entity/Q1189121>	"東京府"@ja	<http://www.wikidata.org/entity/Q19953632>	"廃止された行政区画"@ja	<http://www.wikidata.org/entity/P150>	"直下の行政区画"@ja	<https://ja.wikipedia.org/wiki/%E6%9D%B1%E4%BA%AC%E5%BA%9C>
<http://www.wikidata.org/entity/Q1189121>	"東京府"@ja	<http://www.wikidata.org/entity/Q839328>	"府"@ja	<http://www.wikidata.org/entity/P150>	"直下の行政区画"@ja	<https://ja.wikipedia.org/wiki/%E6%9D%B1%E4%BA%AC%E5%BA%9C>
<http://www.wikidata.org/entity/Q1189121>	"東京府"@ja	<http://www.wikidata.org/entity/Q50337>	"都道府県"@ja	<http://www.wikidata.org/entity/P150>	"直下の行政区画"@ja	<https://ja.wikipedia.org/wiki/%E6%9D%B1%E4%BA%AC%E5%BA%9C>
<http://www.wikidata.org/entity/Q1323122>	"多摩地域"@ja	<http://www.wikidata.org/entity/Q82794>	"地域"@ja	<http://www.wikidata.org/entity/P150>	"直下の行政区画"@ja	<https://ja.wikipedia.org/wiki/%E5%A4%9A%E6%91%A9%E5%9C%B0%E5%9F%9F>
<http://www.wikidata.org/entity/Q11525677>	"東京都農林総合研究センター"@ja	<http://www.wikidata.org/entity/Q11578586>	"畜産試験場"@ja	<http://www.wikidata.org/entity/P131>	"位置する行政区画"@ja	<https://ja.wikipedia.org/wiki/%E6%9D%B1%E4%BA%AC%E9%83%BD%E8%BE%B2%E6%9E%97%E7%B7%8F%E5%90%88%E7%A0%94%E7%A9%B6%E3%82%BB%E3%83%B3%E3%82%BF%E3%83%BC>
<http://www.wikidata.org/entity/Q11525677>	"東京都農林総合研究センター"@ja	<http://www.wikidata.org/entity/Q11533116>	"林業試験場"@ja	<http://www.wikidata.org/entity/P131>	"位置する行政区画"@ja	<https://ja.wikipedia.org/wiki/%E6%9D%B1%E4%BA%AC%E9%83%BD%E8%BE%B2%E6%9E%97%E7%B7%8F%E5%90%88%E7%A0%94%E7%A9%B6%E3%82%BB%E3%83%B3%E3%82%BF%E3%83%BC>
<http://www.wikidata.org/entity/Q11525677>	"東京都農林総合研究センター"@ja	<http://www.wikidata.org/entity/Q11392206>	"公設試験研究機関"@ja	<http://www.wikidata.org/entity/P131>	"位置する行政区画"@ja	<https://ja.wikipedia.org/wiki/%E6%9D%B1%E4%BA%AC%E9%83%BD%E8%BE%B2%E6%9E%97%E7%B7%8F%E5%90%88%E7%A0%94%E7%A9%B6%E3%82%BB%E3%83%B3%E3%82%BF%E3%83%BC>
<http://www.wikidata.org/entity/Q11525677>	"東京都農林総合研究センター"@ja	<http://www.wikidata.org/entity/Q3826572>	"農業試験場"@ja	<http://www.wikidata.org/entity/P131>	"位置する行政区画"@ja	<https://ja.wikipedia.org/wiki/%E6%9D%B1%E4%BA%AC%E9%83%BD%E8%BE%B2%E6%9E%97%E7%B7%8F%E5%90%88%E7%A0%94%E7%A9%B6%E3%82%BB%E3%83%B3%E3%82%BF%E3%83%BC>
<http://www.wikidata.org/entity/Q11525707>	"東京都道145号"@ja	<http://www.wikidata.org/entity/Q34442>	"道路"@ja	<http://www.wikidata.org/entity/P609>	"起終点"@ja	<https://ja.wikipedia.org/wiki/%E6%9D%B1%E4%BA%AC%E9%83%BD%E9%81%93145%E5%8F%B7%E7%AB%8B%E5%B7%9D%E5%9B%BD%E5%88%86%E5%AF%BA%E7%B7%9A>
<http://www.wikidata.org/entity/Q11525707>	"東京都道145号"@ja	<http://www.wikidata.org/entity/Q34442>	"道路"@ja	<http://www.wikidata.org/entity/P131>	"位置する行政区画"@ja	<https://ja.wikipedia.org/wiki/%E6%9D%B1%E4%BA%AC%E9%83%BD%E9%81%93145%E5%8F%B7%E7%AB%8B%E5%B7%9D%E5%9B%BD%E5%88%86%E5%AF%BA%E7%B7%9A>
<http://www.wikidata.org/entity/Q11525709>	"東京都道149号"@ja	<http://www.wikidata.org/entity/Q34442>	"道路"@ja	<http://www.wikidata.org/entity/P609>	"起終点"@ja	<https://ja.wikipedia.org/wiki/%E6%9D%B1%E4%BA%AC%E9%83%BD%E9%81%93149%E5%8F%B7%E7%AB%8B%E5%B7%9D%E6%97%A5%E9%87%8E%E7%B7%9A>
<http://www.wikidata.org/entity/Q11525709>	"東京都道149号"@ja	<http://www.wikidata.org/entity/Q34442>	"道路"@ja	<http://www.wikidata.org/entity/P131>	"位置する行政区画"@ja	<https://ja.wikipedia.org/wiki/%E6%9D%B1%E4%BA%AC%E9%83%BD%E9%81%93149%E5%8F%B7%E7%AB%8B%E5%B7%9D%E6%97%A5%E9%87%8E%E7%B7%9A>
<http://www.wikidata.org/entity/Q11525713>	"東京都道153号"@ja	<http://www.wikidata.org/entity/Q34442>	"道路"@ja	<http://www.wikidata.org/entity/P609>	"起終点"@ja	<https://ja.wikipedia.org/wiki/%E6%9D%B1%E4%BA%AC%E9%83%BD%E9%81%93153%E5%8F%B7%E7%AB%8B%E5%B7%9D%E6%98%AD%E5%B3%B6%E7%B7%9A>
<http://www.wikidata.org/entity/Q11525713>	"東京都道153号"@ja	<http://www.wikidata.org/entity/Q34442>	"道路"@ja	<http://www.wikidata.org/entity/P131>	"位置する行政区画"@ja	<https://ja.wikipedia.org/wiki/%E6%9D%B1%E4%BA%AC%E9%83%BD%E9%81%93153%E5%8F%B7%E7%AB%8B%E5%B7%9D%E6%98%AD%E5%B3%B6%E7%B7%9A>
<http://www.wikidata.org/entity/Q11525722>	"東京都道162号"@ja	<http://www.wikidata.org/entity/Q34442>	"道路"@ja	<http://www.wikidata.org/entity/P131>	"位置する行政区画"@ja	<https://ja.wikipedia.org/wiki/%E6%9D%B1%E4%BA%AC%E9%83%BD%E9%81%93162%E5%8F%B7%E4%B8%89%E3%83%84%E6%9C%A8%E5%85%AB%E7%8E%8B%E5%AD%90%E7%B7%9A>
<http://www.wikidata.org/entity/Q11525776>	"東京都道29号"@ja	<http://www.wikidata.org/entity/Q34442>	"道路"@ja	<http://www.wikidata.org/entity/P609>	"起終点"@ja	<https://ja.wikipedia.org/wiki/%E6%9D%B1%E4%BA%AC%E9%83%BD%E9%81%9329%E5%8F%B7%E7%AB%8B%E5%B7%9D%E9%9D%92%E6%A2%85%E7%B7%9A>
<http://www.wikidata.org/entity/Q11525776>	"東京都道29号"@ja	<http://www.wikidata.org/entity/Q34442>	"道路"@ja	<http://www.wikidata.org/entity/P131>	"位置する行政区画"@ja	<https://ja.wikipedia.org/wiki/%E6%9D%B1%E4%BA%AC%E9%83%BD%E9%81%9329%E5%8F%B7%E7%AB%8B%E5%B7%9D%E9%9D%92%E6%A2%85%E7%B7%9A>
<http://www.wikidata.org/entity/Q11525777>	"東京都道256号"@ja	<http://www.wikidata.org/entity/Q34442>	"道路"@ja	<http://www.wikidata.org/entity/P131>	"位置する行政区画"@ja	<https://ja.wikipedia.org/wiki/%E6%9D%B1%E4%BA%AC%E9%83%BD%E9%81%93256%E5%8F%B7%E5%85%AB%E7%8E%8B%E5%AD%90%E5%9B%BD%E7%AB%8B%E7%B7%9A>
<http://www.wikidata.org/entity/Q11525804>	"東京都道43号"@ja	<http://www.wikidata.org/entity/Q34442>	"道路"@ja	<http://www.wikidata.org/entity/P609>	"起終点"@ja	<https://ja.wikipedia.org/wiki/%E6%9D%B1%E4%BA%AC%E9%83%BD%E9%81%9343%E5%8F%B7%E7%AB%8B%E5%B7%9D%E6%9D%B1%E5%A4%A7%E5%92%8C%E7%B7%9A>
<http://www.wikidata.org/entity/Q11525804>	"東京都道43号"@ja	<http://www.wikidata.org/entity/Q34442>	"道路"@ja	<http://www.wikidata.org/entity/P131>	"位置する行政区画"@ja	<https://ja.wikipedia.org/wiki/%E6%9D%B1%E4%BA%AC%E9%83%BD%E9%81%9343%E5%8F%B7%E7%AB%8B%E5%B7%9D%E6%9D%B1%E5%A4%A7%E5%92%8C%E7%B7%9A>
<http://www.wikidata.org/entity/Q11525842>	"東京都道7号"@ja	<http://www.wikidata.org/entity/Q34442>	"道路"@ja	<http://www.wikidata.org/entity/P131>	"位置する行政区画"@ja	<https://ja.wikipedia.org/wiki/%E6%9D%B1%E4%BA%AC%E9%83%BD%E9%81%937%E5%8F%B7%E6%9D%89%E4%B8%A6%E3%81%82%E3%81%8D%E3%82%8B%E9%87%8E%E7%B7%9A>
<http://www.wikidata.org/entity/Q11525841>	"東京都道59号"@ja	<http://www.wikidata.org/entity/Q34442>	"道路"@ja	<http://www.wikidata.org/entity/P131>	"位置する行政区画"@ja	<https://ja.wikipedia.org/wiki/%E6%9D%B1%E4%BA%AC%E9%83%BD%E9%81%9359%E5%8F%B7%E5%85%AB%E7%8E%8B%E5%AD%90%E6%AD%A6%E8%94%B5%E6%9D%91%E5%B1%B1%E7%B7%9A>
<http://www.wikidata.org/entity/Q11525847>	"東京都道・埼玉県道16号"@ja	<http://www.wikidata.org/entity/Q34442>	"道路"@ja	<http://www.wikidata.org/entity/P609>	"起終点"@ja	<https://ja.wikipedia.org/wiki/%E6%9D%B1%E4%BA%AC%E9%83%BD%E9%81%93%E3%83%BB%E5%9F%BC%E7%8E%89%E7%9C%8C%E9%81%9316%E5%8F%B7%E7%AB%8B%E5%B7%9D%E6%89%80%E6%B2%A2%E7%B7%9A>
<http://www.wikidata.org/entity/Q11525847>	"東京都道・埼玉県道16号"@ja	<http://www.wikidata.org/entity/Q34442>	"道路"@ja	<http://www.wikidata.org/entity/P131>	"位置する行政区画"@ja	<https://ja.wikipedia.org/wiki/%E6%9D%B1%E4%BA%AC%E9%83%BD%E9%81%93%E3%83%BB%E5%9F%BC%E7%8E%89%E7%9C%8C%E9%81%9316%E5%8F%B7%E7%AB%8B%E5%B7%9D%E6%89%80%E6%B2%A2%E7%B7%9A>
<http://www.wikidata.org/entity/Q11529957>	"松岡ミユキ"@ja	<http://www.wikidata.org/entity/Q5>	"ヒト"@ja	<http://www.wikidata.org/entity/P19>	"出生地"@ja	<https://ja.wikipedia.org/wiki/%E6%9D%BE%E5%B2%A1%E3%83%9F%E3%83%A6%E3%82%AD>
<http://www.wikidata.org/entity/Q11531645>	"松江哲明"@ja	<http://www.wikidata.org/entity/Q5>	"ヒト"@ja	<http://www.wikidata.org/entity/P19>	"出生地"@ja	<https://ja.wikipedia.org/wiki/%E6%9D%BE%E6%B1%9F%E5%93%B2%E6%98%8E>
<http://www.wikidata.org/entity/Q11533854>	"柏町"@ja	<http://www.wikidata.org/entity/Q5327369>	"町丁"@ja	<http://www.wikidata.org/entity/P131>	"位置する行政区画"@ja	<https://ja.wikipedia.org/wiki/%E6%9F%8F%E7%94%BA_(%E7%AB%8B%E5%B7%9D%E5%B8%82)>
<http://www.wikidata.org/entity/Q11534688>	"柴崎町"@ja	<http://www.wikidata.org/entity/Q5327369>	"町丁"@ja	<http://www.wikidata.org/entity/P131>	"位置する行政区画"@ja	<https://ja.wikipedia.org/wiki/%E6%9F%B4%E5%B4%8E%E7%94%BA>
<http://www.wikidata.org/entity/Q11534688>	"柴崎町"@ja	<http://www.wikidata.org/entity/Q3957>	"街"@ja	<http://www.wikidata.org/entity/P131>	"位置する行政区画"@ja	<https://ja.wikipedia.org/wiki/%E6%9F%B4%E5%B4%8E%E7%94%BA>
<http://www.wikidata.org/entity/Q11535720>	"栄町"@ja	<http://www.wikidata.org/entity/Q5327369>	"町丁"@ja	<http://www.wikidata.org/entity/P131>	"位置する行政区画"@ja	<https://ja.wikipedia.org/wiki/%E6%A0%84%E7%94%BA_(%E7%AB%8B%E5%B7%9D%E5%B8%82)>
<http://www.wikidata.org/entity/Q11535720>	"栄町"@ja	<http://www.wikidata.org/entity/Q3957>	"街"@ja	<http://www.wikidata.org/entity/P131>	"位置する行政区画"@ja	<https://ja.wikipedia.org/wiki/%E6%A0%84%E7%94%BA_(%E7%AB%8B%E5%B7%9D%E5%B8%82)>
<http://www.wikidata.org/entity/Q11539685>	"森忠明"@ja	<http://www.wikidata.org/entity/Q5>	"ヒト"@ja	<http://www.wikidata.org/entity/P19>	"出生地"@ja	<https://ja.wikipedia.org/wiki/%E6%A3%AE%E5%BF%A0%E6%98%8E>
<http://www.wikidata.org/entity/Q11554802>	"泉川正幸"@ja	<http://www.wikidata.org/entity/Q5>	"ヒト"@ja	<http://www.wikidata.org/entity/P19>	"出生地"@ja	<https://ja.wikipedia.org/wiki/%E6%B3%89%E5%B7%9D%E6%AD%A3%E5%B9%B8>
<http://www.wikidata.org/entity/Q1827239>	"アジャ・コング"@ja	<http://www.wikidata.org/entity/Q5>	"ヒト"@ja	<http://www.wikidata.org/entity/P19>	"出生地"@ja	<https://ja.wikipedia.org/wiki/%E3%82%A2%E3%82%B8%E3%83%A3%E3%82%B3%E3%83%B3%E3%82%B0>
<http://www.wikidata.org/entity/Q2271450>	"戦闘竜"@ja	<http://www.wikidata.org/entity/Q5>	"ヒト"@ja	<http://www.wikidata.org/entity/P19>	"出生地"@ja	<https://ja.wikipedia.org/wiki/%E6%88%A6%E9%97%98%E7%AB%9C>
<http://www.wikidata.org/entity/Q2599301>	"吉原由香里"@ja	<http://www.wikidata.org/entity/Q5>	"ヒト"@ja	<http://www.wikidata.org/entity/P19>	"出生地"@ja	<https://ja.wikipedia.org/wiki/%E5%90%89%E5%8E%9F%E7%94%B1%E9%A6%99%E9%87%8C>
<http://www.wikidata.org/entity/Q2977761>	"真木蔵人"@ja	<http://www.wikidata.org/entity/Q5>	"ヒト"@ja	<http://www.wikidata.org/entity/P19>	"出生地"@ja	<https://ja.wikipedia.org/wiki/%E7%9C%9E%E6%9C%A8%E8%94%B5%E4%BA%BA>
<http://www.wikidata.org/entity/Q3197666>	"西村潔"@ja	<http://www.wikidata.org/entity/Q5>	"ヒト"@ja	<http://www.wikidata.org/entity/P19>	"出生地"@ja	<https://ja.wikipedia.org/wiki/%E8%A5%BF%E6%9D%91%E6%BD%94>
<http://www.wikidata.org/entity/Q3275968>	"立川飛行場"@ja	<http://www.wikidata.org/entity/Q62447>	"飛行場"@ja	<http://www.wikidata.org/entity/P931>	"空港周辺の場所"@ja	<https://ja.wikipedia.org/wiki/%E7%AB%8B%E5%B7%9D%E9%A3%9B%E8%A1%8C%E5%A0%B4>
<http://www.wikidata.org/entity/Q3275968>	"立川飛行場"@ja	<http://www.wikidata.org/entity/Q62447>	"飛行場"@ja	<http://www.wikidata.org/entity/P131>	"位置する行政区画"@ja	<https://ja.wikipedia.org/wiki/%E7%AB%8B%E5%B7%9D%E9%A3%9B%E8%A1%8C%E5%A0%B4>
<http://www.wikidata.org/entity/Q3514210>	"宇都宮隆"@ja	<http://www.wikidata.org/entity/Q5>	"ヒト"@ja	<http://www.wikidata.org/entity/P19>	"出生地"@ja	<https://ja.wikipedia.org/wiki/%E5%AE%87%E9%83%BD%E5%AE%AE%E9%9A%86>
<http://www.wikidata.org/entity/Q3544120>	"小川範子"@ja	<http://www.wikidata.org/entity/Q5>	"ヒト"@ja	<http://www.wikidata.org/entity/P19>	"出生地"@ja	<https://ja.wikipedia.org/wiki/%E5%B0%8F%E5%B7%9D%E7%AF%84%E5%AD%90>
<http://www.wikidata.org/entity/Q3915473>	"国営昭和記念公園"@ja	<http://www.wikidata.org/entity/Q6972919>	"日本の国営公園"@ja	<http://www.wikidata.org/entity/P131>	"位置する行政区画"@ja	<https://ja.wikipedia.org/wiki/%E5%9B%BD%E5%96%B6%E6%98%AD%E5%92%8C%E8%A8%98%E5%BF%B5%E5%85%AC%E5%9C%92>
<http://www.wikidata.org/entity/Q4853049>	"国立国語研究所"@ja	<http://www.wikidata.org/entity/Q31855>	"研究所"@ja	<http://www.wikidata.org/entity/P159>	"本部所在地"@ja	<https://ja.wikipedia.org/wiki/%E5%9B%BD%E7%AB%8B%E5%9B%BD%E8%AA%9E%E7%A0%94%E7%A9%B6%E6%89%80>
<http://www.wikidata.org/entity/Q5366355>	"西国立駅"@ja	<http://www.wikidata.org/entity/Q55488>	"鉄道駅"@ja	<http://www.wikidata.org/entity/P131>	"位置する行政区画"@ja	<https://ja.wikipedia.org/wiki/%E8%A5%BF%E5%9B%BD%E7%AB%8B%E9%A7%85>
<http://www.wikidata.org/entity/Q5975826>	"四元奈生美"@ja	<http://www.wikidata.org/entity/Q5>	"ヒト"@ja	<http://www.wikidata.org/entity/P19>	"出生地"@ja	<https://ja.wikipedia.org/wiki/%E5%9B%9B%E5%85%83%E5%A5%88%E7%94%9F%E7%BE%8E>
<http://www.wikidata.org/entity/Q6362295>	"姜成浩"@ja	<http://www.wikidata.org/entity/Q5>	"ヒト"@ja	<http://www.wikidata.org/entity/P19>	"出生地"@ja	<https://ja.wikipedia.org/wiki/%E5%A7%9C%E6%88%90%E6%B5%A9>
<http://www.wikidata.org/entity/Q6417907>	"北多摩郡"@ja	<http://www.wikidata.org/entity/Q46426234>	"廃止された郡"@ja	<http://www.wikidata.org/entity/P150>	"直下の行政区画"@ja	<https://ja.wikipedia.org/wiki/%E5%8C%97%E5%A4%9A%E6%91%A9%E9%83%A1>
<http://www.wikidata.org/entity/Q6739469>	"新井麻葵"@ja	<http://www.wikidata.org/entity/Q5>	"ヒト"@ja	<http://www.wikidata.org/entity/P19>	"出生地"@ja	<https://ja.wikipedia.org/wiki/%E6%96%B0%E4%BA%95%E9%BA%BB%E8%91%B5>
<http://www.wikidata.org/entity/Q7040422>	"西立川駅"@ja	<http://www.wikidata.org/entity/Q55488>	"鉄道駅"@ja	<http://www.wikidata.org/entity/P131>	"位置する行政区画"@ja	<https://ja.wikipedia.org/wiki/%E8%A5%BF%E7%AB%8B%E5%B7%9D%E9%A7%85>
<http://www.wikidata.org/entity/Q437159>	"ダイアナ・デゲッティ"@ja	<http://www.wikidata.org/entity/Q5>	"ヒト"@ja	<http://www.wikidata.org/entity/P19>	"出生地"@ja	
<http://www.wikidata.org/entity/Q752611>	"Q752611"	<http://www.wikidata.org/entity/Q3863>	"小惑星"@ja	<http://www.wikidata.org/entity/P138>	"名前の由来"@ja	
<http://www.wikidata.org/entity/Q16239429>	"ジム・ウォルトン"@ja	<http://www.wikidata.org/entity/Q5>	"ヒト"@ja	<http://www.wikidata.org/entity/P19>	"出生地"@ja	
<http://www.wikidata.org/entity/Q18359307>	"Q18359307"	<http://www.wikidata.org/entity/Q5>	"ヒト"@ja	<http://www.wikidata.org/entity/P19>	"出生地"@ja	
<http://www.wikidata.org/entity/Q22946106>	"Q22946106"	<http://www.wikidata.org/entity/Q5>	"ヒト"@ja	<http://www.wikidata.org/entity/P19>	"出生地"@ja	
<http://www.wikidata.org/entity/Q32668238>	"Q32668238"	<http://www.wikidata.org/entity/Q17362920>	"ウィキメディアの重複ページ"@ja	<http://www.wikidata.org/entity/P971>	"以下の組み合わせカテゴリ"@ja	
<http://www.wikidata.org/entity/Q32668238>	"Q32668238"	<http://www.wikidata.org/entity/Q4167836>	"ウィキメディアのカテゴリ"@ja	<http://www.wikidata.org/entity/P971>	"以下の組み合わせカテゴリ"@ja	
<http://www.wikidata.org/entity/Q42329722>	"2018年東レ パン・パシフィック・オープン"@ja	<http://www.wikidata.org/entity/Q47345468>	"テニストーナメント"@ja	<http://www.wikidata.org/entity/P131>	"位置する行政区画"@ja	
<http://www.wikidata.org/entity/Q42329722>	"2018年東レ パン・パシフィック・オープン"@ja	<http://www.wikidata.org/entity/Q739723>	"東レ パン・パシフィック・オープン・テニストーナメント"@ja	<http://www.wikidata.org/entity/P131>	"位置する行政区画"@ja	
<http://www.wikidata.org/entity/Q56437153>	"立川市長"@ja	<http://www.wikidata.org/entity/Q4164871>	"職位"@ja	<http://www.wikidata.org/entity/P1001>	"管轄・適用区域"@ja	
<http://www.wikidata.org/entity/Q71647317>	"砂川学習館"@ja	<http://www.wikidata.org/entity/Q8194637>	"公民館"@ja	<http://www.wikidata.org/entity/P131>	"位置する行政区画"@ja	
<http://www.wikidata.org/entity/Q71657653>	"ウィキペディアタウンin立川"@ja	<http://www.wikidata.org/entity/Q17194091>	"ウィキペディアタウン"@ja	<http://www.wikidata.org/entity/P131>	"位置する行政区画"@ja	
<http://www.wikidata.org/entity/Q77343148>	"Q77343148"	<http://www.wikidata.org/entity/Q5>	"ヒト"@ja	<http://www.wikidata.org/entity/P19>	"出生地"@ja	
<http://www.wikidata.org/entity/Q78166404>	"阿豆佐味天神社"@ja	<http://www.wikidata.org/entity/Q845945>	"神社"@ja	<http://www.wikidata.org/entity/P131>	"位置する行政区画"@ja	
<http://www.wikidata.org/entity/Q81917734>	"立川市立第三小学校"@ja	<http://www.wikidata.org/entity/Q5358913>	"日本の小学校"@ja	<http://www.wikidata.org/entity/P131>	"位置する行政区画"@ja	
<http://www.wikidata.org/entity/Q81917734>	"立川市立第三小学校"@ja	<http://www.wikidata.org/entity/Q5358913>	"日本の小学校"@ja	<http://www.wikidata.org/entity/P126>	"管理者"@ja	
<http://www.wikidata.org/entity/Q81917732>	"立川市立第二小学校"@ja	<http://www.wikidata.org/entity/Q5358913>	"日本の小学校"@ja	<http://www.wikidata.org/entity/P131>	"位置する行政区画"@ja	
<http://www.wikidata.org/entity/Q81917732>	"立川市立第二小学校"@ja	<http://www.wikidata.org/entity/Q5358913>	"日本の小学校"@ja	<http://www.wikidata.org/entity/P126>	"管理者"@ja	
<http://www.wikidata.org/entity/Q81917736>	"立川市立第四小学校"@ja	<http://www.wikidata.org/entity/Q5358913>	"日本の小学校"@ja	<http://www.wikidata.org/entity/P131>	"位置する行政区画"@ja	
<http://www.wikidata.org/entity/Q81917736>	"立川市立第四小学校"@ja	<http://www.wikidata.org/entity/Q5358913>	"日本の小学校"@ja	<http://www.wikidata.org/entity/P126>	"管理者"@ja	
<http://www.wikidata.org/entity/Q81917743>	"立川市立第七小学校"@ja	<http://www.wikidata.org/entity/Q5358913>	"日本の小学校"@ja	<http://www.wikidata.org/entity/P131>	"位置する行政区画"@ja	
<http://www.wikidata.org/entity/Q81917743>	"立川市立第七小学校"@ja	<http://www.wikidata.org/entity/Q5358913>	"日本の小学校"@ja	<http://www.wikidata.org/entity/P126>	"管理者"@ja	
<http://www.wikidata.org/entity/Q81917741>	"立川市立第六小学校"@ja	<http://www.wikidata.org/entity/Q5358913>	"日本の小学校"@ja	<http://www.wikidata.org/entity/P131>	"位置する行政区画"@ja	
<http://www.wikidata.org/entity/Q81917741>	"立川市立第六小学校"@ja	<http://www.wikidata.org/entity/Q5358913>	"日本の小学校"@ja	<http://www.wikidata.org/entity/P126>	"管理者"@ja	
<http://www.wikidata.org/entity/Q81917747>	"立川市立第十小学校"@ja	<http://www.wikidata.org/entity/Q5358913>	"日本の小学校"@ja	<http://www.wikidata.org/entity/P131>	"位置する行政区画"@ja	
<http://www.wikidata.org/entity/Q81917747>	"立川市立第十小学校"@ja	<http://www.wikidata.org/entity/Q5358913>	"日本の小学校"@ja	<http://www.wikidata.org/entity/P126>	"管理者"@ja	
<http://www.wikidata.org/entity/Q81917745>	"立川市立第九小学校"@ja	<http://www.wikidata.org/entity/Q5358913>	"日本の小学校"@ja	<http://www.wikidata.org/entity/P131>	"位置する行政区画"@ja	
<http://www.wikidata.org/entity/Q81917745>	"立川市立第九小学校"@ja	<http://www.wikidata.org/entity/Q5358913>	"日本の小学校"@ja	<http://www.wikidata.org/entity/P126>	"管理者"@ja	
<http://www.wikidata.org/entity/Q81917751>	"立川市立南砂小学校"@ja	<http://www.wikidata.org/entity/Q5358913>	"日本の小学校"@ja	<http://www.wikidata.org/entity/P131>	"位置する行政区画"@ja	
<http://www.wikidata.org/entity/Q81917751>	"立川市立南砂小学校"@ja	<http://www.wikidata.org/entity/Q5358913>	"日本の小学校"@ja	<http://www.wikidata.org/entity/P126>	"管理者"@ja	
<http://www.wikidata.org/entity/Q81917749>	"立川市立西砂小学校"@ja	<http://www.wikidata.org/entity/Q5358913>	"日本の小学校"@ja	<http://www.wikidata.org/entity/P131>	"位置する行政区画"@ja	
<http://www.wikidata.org/entity/Q81917749>	"立川市立西砂小学校"@ja	<http://www.wikidata.org/entity/Q5358913>	"日本の小学校"@ja	<http://www.wikidata.org/entity/P126>	"管理者"@ja	
<http://www.wikidata.org/entity/Q81917754>	"立川市立松中小学校"@ja	<http://www.wikidata.org/entity/Q5358913>	"日本の小学校"@ja	<http://www.wikidata.org/entity/P131>	"位置する行政区画"@ja	
<http://www.wikidata.org/entity/Q81917754>	"立川市立松中小学校"@ja	<http://www.wikidata.org/entity/Q5358913>	"日本の小学校"@ja	<http://www.wikidata.org/entity/P126>	"管理者"@ja	
<http://www.wikidata.org/entity/Q81917758>	"立川市立柏小学校"@ja	<http://www.wikidata.org/entity/Q5358913>	"日本の小学校"@ja	<http://www.wikidata.org/entity/P131>	"位置する行政区画"@ja	
<http://www.wikidata.org/entity/Q81917758>	"立川市立柏小学校"@ja	<http://www.wikidata.org/entity/Q5358913>	"日本の小学校"@ja	<http://www.wikidata.org/entity/P126>	"管理者"@ja	
<http://www.wikidata.org/entity/Q81917756>	"立川市立大山小学校"@ja	<http://www.wikidata.org/entity/Q5358913>	"日本の小学校"@ja	<http://www.wikidata.org/entity/P131>	"位置する行政区画"@ja	
<http://www.wikidata.org/entity/Q81917756>	"立川市立大山小学校"@ja	<http://www.wikidata.org/entity/Q5358913>	"日本の小学校"@ja	<http://www.wikidata.org/entity/P126>	"管理者"@ja	
<http://www.wikidata.org/entity/Q81917761>	"立川市立上砂川小学校"@ja	<http://www.wikidata.org/entity/Q5358913>	"日本の小学校"@ja	<http://www.wikidata.org/entity/P131>	"位置する行政区画"@ja	
<http://www.wikidata.org/entity/Q81917761>	"立川市立上砂川小学校"@ja	<http://www.wikidata.org/entity/Q5358913>	"日本の小学校"@ja	<http://www.wikidata.org/entity/P126>	"管理者"@ja	
<http://www.wikidata.org/entity/Q81917764>	"立川市立新生小学校"@ja	<http://www.wikidata.org/entity/Q5358913>	"日本の小学校"@ja	<http://www.wikidata.org/entity/P131>	"位置する行政区画"@ja	
<http://www.wikidata.org/entity/Q81917764>	"立川市立新生小学校"@ja	<http://www.wikidata.org/entity/Q5358913>	"日本の小学校"@ja	<http://www.wikidata.org/entity/P126>	"管理者"@ja	
<http://www.wikidata.org/entity/Q81964383>	"立川市立立川第三中学校"@ja	<http://www.wikidata.org/entity/Q55521176>	"日本の中学校"@ja	<http://www.wikidata.org/entity/P131>	"位置する行政区画"@ja	
<http://www.wikidata.org/entity/Q81964383>	"立川市立立川第三中学校"@ja	<http://www.wikidata.org/entity/Q55521176>	"日本の中学校"@ja	<http://www.wikidata.org/entity/P126>	"管理者"@ja	
<http://www.wikidata.org/entity/Q81964387>	"立川市立立川第五中学校"@ja	<http://www.wikidata.org/entity/Q55521176>	"日本の中学校"@ja	<http://www.wikidata.org/entity/P131>	"位置する行政区画"@ja	
<http://www.wikidata.org/entity/Q81964387>	"立川市立立川第五中学校"@ja	<http://www.wikidata.org/entity/Q55521176>	"日本の中学校"@ja	<http://www.wikidata.org/entity/P126>	"管理者"@ja	
<http://www.wikidata.org/entity/Q81964385>	"立川市立立川第四中学校"@ja	<http://www.wikidata.org/entity/Q55521176>	"日本の中学校"@ja	<http://www.wikidata.org/entity/P131>	"位置する行政区画"@ja	
<http://www.wikidata.org/entity/Q81964385>	"立川市立立川第四中学校"@ja	<http://www.wikidata.org/entity/Q55521176>	"日本の中学校"@ja	<http://www.wikidata.org/entity/P126>	"管理者"@ja	
<http://www.wikidata.org/entity/Q81964391>	"立川市立立川第七中学校"@ja	<http://www.wikidata.org/entity/Q55521176>	"日本の中学校"@ja	<http://www.wikidata.org/entity/P131>	"位置する行政区画"@ja	
<http://www.wikidata.org/entity/Q81964391>	"立川市立立川第七中学校"@ja	<http://www.wikidata.org/entity/Q55521176>	"日本の中学校"@ja	<http://www.wikidata.org/entity/P126>	"管理者"@ja	
<http://www.wikidata.org/entity/Q81964389>	"立川市立立川第六中学校"@ja	<http://www.wikidata.org/entity/Q55521176>	"日本の中学校"@ja	<http://www.wikidata.org/entity/P131>	"位置する行政区画"@ja	
<http://www.wikidata.org/entity/Q81964389>	"立川市立立川第六中学校"@ja	<http://www.wikidata.org/entity/Q55521176>	"日本の中学校"@ja	<http://www.wikidata.org/entity/P126>	"管理者"@ja	
<http://www.wikidata.org/entity/Q81964393>	"立川市立立川第八中学校"@ja	<http://www.wikidata.org/entity/Q55521176>	"日本の中学校"@ja	<http://www.wikidata.org/entity/P131>	"位置する行政区画"@ja	
<http://www.wikidata.org/entity/Q81964393>	"立川市立立川第八中学校"@ja	<http://www.wikidata.org/entity/Q55521176>	"日本の中学校"@ja	<http://www.wikidata.org/entity/P126>	"管理者"@ja	
<http://www.wikidata.org/entity/Q97290641>	"ジョー・ホルト"@ja	<http://www.wikidata.org/entity/Q5>	"ヒト"@ja	<http://www.wikidata.org/entity/P19>	"出生地"@ja	
<http://www.wikidata.org/entity/Q98595454>	"Q98595454"	<http://www.wikidata.org/entity/Q5>	"ヒト"@ja	<http://www.wikidata.org/entity/P19>	"出生地"@ja	
<http://www.wikidata.org/entity/Q103027134>	"Q103027134"	<http://www.wikidata.org/entity/Q5>	"ヒト"@ja	<http://www.wikidata.org/entity/P19>	"出生地"@ja	
<http://www.wikidata.org/entity/Q108204225>	"東京都農林水産振興財団"@ja	<http://www.wikidata.org/entity/Q40734470>	"公益財団法人"@ja	<http://www.wikidata.org/entity/P131>	"位置する行政区画"@ja	
<http://www.wikidata.org/entity/Q108811680>	"ルミネ立川"@ja	<http://www.wikidata.org/entity/Q1339195>	"駅ビル"@ja	<http://www.wikidata.org/entity/P131>	"位置する行政区画"@ja	
<http://www.wikidata.org/entity/Q108885014>	"山岸堅二"@ja	<http://www.wikidata.org/entity/Q5>	"ヒト"@ja	<http://www.wikidata.org/entity/P20>	"死没地"@ja	
<http://www.wikidata.org/entity/Q110811155>	"矢川緑地"@ja	<http://www.wikidata.org/entity/Q22652>	"緑地"@ja	<http://www.wikidata.org/entity/P131>	"位置する行政区画"@ja	
<http://www.wikidata.org/entity/Q110990245>	"大久保実雄"@ja	<http://www.wikidata.org/entity/Q5>	"ヒト"@ja	<http://www.wikidata.org/entity/P20>	"死没地"@ja	
<http://www.wikidata.org/entity/Q110990252>	"西八郎"@ja	<http://www.wikidata.org/entity/Q5>	"ヒト"@ja	<http://www.wikidata.org/entity/P20>	"死没地"@ja	
<http://www.wikidata.org/entity/Q112300955>	"ファーレ立川アート作品No.55"@ja	<http://www.wikidata.org/entity/Q1148389>	"ボラード"@ja	<http://www.wikidata.org/entity/P131>	"位置する行政区画"@ja	
<http://www.wikidata.org/entity/Q112300955>	"ファーレ立川アート作品No.55"@ja	<http://www.wikidata.org/entity/Q860861>	"彫刻"@ja	<http://www.wikidata.org/entity/P131>	"位置する行政区画"@ja	
<http://www.wikidata.org/entity/Q112300955>	"ファーレ立川アート作品No.55"@ja	<http://www.wikidata.org/entity/Q204776>	"ベンチ"@ja	<http://www.wikidata.org/entity/P131>	"位置する行政区画"@ja	
<http://www.wikidata.org/entity/Q114564920>	"Q114564920"	<http://www.wikidata.org/entity/Q4167836>	"ウィキメディアのカテゴリ"@ja	<http://www.wikidata.org/entity/P971>	"以下の組み合わせカテゴリ"@ja	
<http://www.wikidata.org/entity/Q115169871>	"多摩運送"@ja	<http://www.wikidata.org/entity/Q4830453>	"企業"@ja	<http://www.wikidata.org/entity/P159>	"本部所在地"@ja	
<http://www.wikidata.org/entity/Q317834>	"国分寺市"@ja	<http://www.wikidata.org/entity/Q1549591>	"10万都市"@ja	<http://www.wikidata.org/entity/P47>	"隣の国又は行政区画"@ja	<https://ja.wikipedia.org/wiki/%E5%9B%BD%E5%88%86%E5%AF%BA%E5%B8%82>
<http://www.wikidata.org/entity/Q317834>	"国分寺市"@ja	<http://www.wikidata.org/entity/Q494721>	"日本の市"@ja	<http://www.wikidata.org/entity/P47>	"隣の国又は行政区画"@ja	<https://ja.wikipedia.org/wiki/%E5%9B%BD%E5%88%86%E5%AF%BA%E5%B8%82>
<http://www.wikidata.org/entity/Q330007>	"国立市"@ja	<http://www.wikidata.org/entity/Q1187811>	"学術都市"@ja	<http://www.wikidata.org/entity/P47>	"隣の国又は行政区画"@ja	<https://ja.wikipedia.org/wiki/%E5%9B%BD%E7%AB%8B%E5%B8%82>
<http://www.wikidata.org/entity/Q330007>	"国立市"@ja	<http://www.wikidata.org/entity/Q494721>	"日本の市"@ja	<http://www.wikidata.org/entity/P47>	"隣の国又は行政区画"@ja	<https://ja.wikipedia.org/wiki/%E5%9B%BD%E7%AB%8B%E5%B8%82>
<http://www.wikidata.org/entity/Q330007>	"国立市"@ja	<http://www.wikidata.org/entity/Q486972>	"集落"@ja	<http://www.wikidata.org/entity/P47>	"隣の国又は行政区画"@ja	<https://ja.wikipedia.org/wiki/%E5%9B%BD%E7%AB%8B%E5%B8%82>
<http://www.wikidata.org/entity/Q390788>	"東大和市"@ja	<http://www.wikidata.org/entity/Q494721>	"日本の市"@ja	<http://www.wikidata.org/entity/P47>	"隣の国又は行政区画"@ja	<https://ja.wikipedia.org/wiki/%E6%9D%B1%E5%A4%A7%E5%92%8C%E5%B8%82>
<http://www.wikidata.org/entity/Q390806>	"武蔵村山市"@ja	<http://www.wikidata.org/entity/Q494721>	"日本の市"@ja	<http://www.wikidata.org/entity/P47>	"隣の国又は行政区画"@ja	<https://ja.wikipedia.org/wiki/%E6%AD%A6%E8%94%B5%E6%9D%91%E5%B1%B1%E5%B8%82>
<http://www.wikidata.org/entity/Q433945>	"アラン・ヘール"@ja	<http://www.wikidata.org/entity/Q5>	"ヒト"@ja	<http://www.wikidata.org/entity/P19>	"出生地"@ja	<https://ja.wikipedia.org/wiki/%E3%82%A2%E3%83%A9%E3%83%B3%E3%83%BB%E3%83%98%E3%83%BC%E3%83%AB_(%E5%A4%A9%E6%96%87%E5%AD%A6%E8%80%85)>
<http://www.wikidata.org/entity/Q11597936>	"立川病院"@ja	<http://www.wikidata.org/entity/Q4287745>	"医療関係機関"@ja	<http://www.wikidata.org/entity/P131>	"位置する行政区画"@ja	<https://ja.wikipedia.org/wiki/%E7%AB%8B%E5%B7%9D%E7%97%85%E9%99%A2>
<http://www.wikidata.org/entity/Q11597936>	"立川病院"@ja	<http://www.wikidata.org/entity/Q16917>	"病院"@ja	<http://www.wikidata.org/entity/P131>	"位置する行政区画"@ja	<https://ja.wikipedia.org/wiki/%E7%AB%8B%E5%B7%9D%E7%97%85%E9%99%A2>
<http://www.wikidata.org/entity/Q11598043>	"立河原の戦い"@ja	<http://www.wikidata.org/entity/Q178561>	"戦闘"@ja	<http://www.wikidata.org/entity/P276>	"場所"@ja	<https://ja.wikipedia.org/wiki/%E7%AB%8B%E6%B2%B3%E5%8E%9F%E3%81%AE%E6%88%A6%E3%81%84>
<http://www.wikidata.org/entity/Q11607854>	"緑町"@ja	<http://www.wikidata.org/entity/Q5327369>	"町丁"@ja	<http://www.wikidata.org/entity/P131>	"位置する行政区画"@ja	<https://ja.wikipedia.org/wiki/%E7%B7%91%E7%94%BA_(%E7%AB%8B%E5%B7%9D%E5%B8%82)>
<http://www.wikidata.org/entity/Q11607854>	"緑町"@ja	<http://www.wikidata.org/entity/Q3957>	"街"@ja	<http://www.wikidata.org/entity/P131>	"位置する行政区画"@ja	<https://ja.wikipedia.org/wiki/%E7%B7%91%E7%94%BA_(%E7%AB%8B%E5%B7%9D%E5%B8%82)>
<http://www.wikidata.org/entity/Q11610367>	"羽衣町"@ja	<http://www.wikidata.org/entity/Q5327369>	"町丁"@ja	<http://www.wikidata.org/entity/P131>	"位置する行政区画"@ja	<https://ja.wikipedia.org/wiki/%E7%BE%BD%E8%A1%A3%E7%94%BA_(%E7%AB%8B%E5%B7%9D%E5%B8%82)>
<http://www.wikidata.org/entity/Q11610367>	"羽衣町"@ja	<http://www.wikidata.org/entity/Q3957>	"街"@ja	<http://www.wikidata.org/entity/P131>	"位置する行政区画"@ja	<https://ja.wikipedia.org/wiki/%E7%BE%BD%E8%A1%A3%E7%94%BA_(%E7%AB%8B%E5%B7%9D%E5%B8%82)>
<http://www.wikidata.org/entity/Q11612809>	"自治大学校"@ja	<http://www.wikidata.org/entity/Q11582564>	"省庁大学校"@ja	<http://www.wikidata.org/entity/P131>	"位置する行政区画"@ja	<https://ja.wikipedia.org/wiki/%E8%87%AA%E6%B2%BB%E5%A4%A7%E5%AD%A6%E6%A0%A1>
<http://www.wikidata.org/entity/Q11612809>	"自治大学校"@ja	<http://www.wikidata.org/entity/Q11499981>	"文教研修施設"@ja	<http://www.wikidata.org/entity/P131>	"位置する行政区画"@ja	<https://ja.wikipedia.org/wiki/%E8%87%AA%E6%B2%BB%E5%A4%A7%E5%AD%A6%E6%A0%A1>
<http://www.wikidata.org/entity/Q11613761>	"舟山恭史"@ja	<http://www.wikidata.org/entity/Q5>	"ヒト"@ja	<http://www.wikidata.org/entity/P19>	"出生地"@ja	<https://ja.wikipedia.org/wiki/%E8%88%9F%E5%B1%B1%E6%81%AD%E5%8F%B2>
<http://www.wikidata.org/entity/Q11616757>	"若葉町"@ja	<http://www.wikidata.org/entity/Q5327369>	"町丁"@ja	<http://www.wikidata.org/entity/P131>	"位置する行政区画"@ja	<https://ja.wikipedia.org/wiki/%E8%8B%A5%E8%91%89%E7%94%BA_(%E7%AB%8B%E5%B7%9D%E5%B8%82)>
<http://www.wikidata.org/entity/Q11616757>	"若葉町"@ja	<http://www.wikidata.org/entity/Q3957>	"街"@ja	<http://www.wikidata.org/entity/P131>	"位置する行政区画"@ja	<https://ja.wikipedia.org/wiki/%E8%8B%A5%E8%91%89%E7%94%BA_(%E7%AB%8B%E5%B7%9D%E5%B8%82)>
<http://www.wikidata.org/entity/Q11621214>	"葺本光秀"@ja	<http://www.wikidata.org/entity/Q5>	"ヒト"@ja	<http://www.wikidata.org/entity/P19>	"出生地"@ja	<https://ja.wikipedia.org/wiki/%E8%91%BA%E6%9C%AC%E5%85%89%E7%A7%80>
<http://www.wikidata.org/entity/Q11628997>	"西沢浩一"@ja	<http://www.wikidata.org/entity/Q5>	"ヒト"@ja	<http://www.wikidata.org/entity/P19>	"出生地"@ja	<https://ja.wikipedia.org/wiki/%E8%A5%BF%E6%B2%A2%E6%B5%A9%E4%B8%80>
<http://www.wikidata.org/entity/Q11629333>	"西砂町"@ja	<http://www.wikidata.org/entity/Q5327369>	"町丁"@ja	<http://www.wikidata.org/entity/P131>	"位置する行政区画"@ja	<https://ja.wikipedia.org/wiki/%E8%A5%BF%E7%A0%82%E7%94%BA>
<http://www.wikidata.org/entity/Q11629333>	"西砂町"@ja	<http://www.wikidata.org/entity/Q3957>	"街"@ja	<http://www.wikidata.org/entity/P131>	"位置する行政区画"@ja	<https://ja.wikipedia.org/wiki/%E8%A5%BF%E7%A0%82%E7%94%BA>
<http://www.wikidata.org/entity/Q11640390>	"遊澤亮"@ja	<http://www.wikidata.org/entity/Q5>	"ヒト"@ja	<http://www.wikidata.org/entity/P19>	"出生地"@ja	<https://ja.wikipedia.org/wiki/%E9%81%8A%E6%BE%A4%E4%BA%AE>
<http://www.wikidata.org/entity/Q11650523>	"錦町"@ja	<http://www.wikidata.org/entity/Q5327369>	"町丁"@ja	<http://www.wikidata.org/entity/P131>	"位置する行政区画"@ja	<https://ja.wikipedia.org/wiki/%E9%8C%A6%E7%94%BA_(%E7%AB%8B%E5%B7%9D%E5%B8%82)>
<http://www.wikidata.org/entity/Q11650523>	"錦町"@ja	<http://www.wikidata.org/entity/Q3957>	"街"@ja	<http://www.wikidata.org/entity/P131>	"位置する行政区画"@ja	<https://ja.wikipedia.org/wiki/%E9%8C%A6%E7%94%BA_(%E7%AB%8B%E5%B7%9D%E5%B8%82)>
<http://www.wikidata.org/entity/Q11670482>	"高松町"@ja	<http://www.wikidata.org/entity/Q5327369>	"町丁"@ja	<http://www.wikidata.org/entity/P131>	"位置する行政区画"@ja	<https://ja.wikipedia.org/wiki/%E9%AB%98%E6%9D%BE%E7%94%BA_(%E7%AB%8B%E5%B7%9D%E5%B8%82)>
<http://www.wikidata.org/entity/Q11670482>	"高松町"@ja	<http://www.wikidata.org/entity/Q3957>	"街"@ja	<http://www.wikidata.org/entity/P131>	"位置する行政区画"@ja	<https://ja.wikipedia.org/wiki/%E9%AB%98%E6%9D%BE%E7%94%BA_(%E7%AB%8B%E5%B7%9D%E5%B8%82)>
<http://www.wikidata.org/entity/Q11677074>	"鹿島とも子"@ja	<http://www.wikidata.org/entity/Q5>	"ヒト"@ja	<http://www.wikidata.org/entity/P19>	"出生地"@ja	<https://ja.wikipedia.org/wiki/%E9%B9%BF%E5%B3%B6%E3%81%A8%E3%82%82%E5%AD%90>
<http://www.wikidata.org/entity/Q17159739>	"白鳥香里奈"@ja	<http://www.wikidata.org/entity/Q5>	"ヒト"@ja	<http://www.wikidata.org/entity/P19>	"出生地"@ja	<https://ja.wikipedia.org/wiki/%E7%99%BD%E9%B3%A5%E9%A6%99%E9%87%8C%E5%A5%88>
<http://www.wikidata.org/entity/Q17160062>	"鈴木一誌"@ja	<http://www.wikidata.org/entity/Q5>	"ヒト"@ja	<http://www.wikidata.org/entity/P19>	"出生地"@ja	<https://ja.wikipedia.org/wiki/%E9%88%B4%E6%9C%A8%E4%B8%80%E8%AA%8C>
<http://www.wikidata.org/entity/Q17224841>	"尾﨑愛"@ja	<http://www.wikidata.org/entity/Q5>	"ヒト"@ja	<http://www.wikidata.org/entity/P19>	"出生地"@ja	<https://ja.wikipedia.org/wiki/%E5%B0%BE%E5%B4%8E%E6%84%9B_(%E6%AD%8C%E6%89%8B)>
<http://www.wikidata.org/entity/Q17230437>	"皆川佑介"@ja	<http://www.wikidata.org/entity/Q5>	"ヒト"@ja	<http://www.wikidata.org/entity/P19>	"出生地"@ja	<https://ja.wikipedia.org/wiki/%E7%9A%86%E5%B7%9D%E4%BD%91%E4%BB%8B>
<http://www.wikidata.org/entity/Q22130613>	"青木久"@ja	<http://www.wikidata.org/entity/Q5>	"ヒト"@ja	<http://www.wikidata.org/entity/P19>	"出生地"@ja	<https://ja.wikipedia.org/wiki/%E9%9D%92%E6%9C%A8%E4%B9%85_(%E7%AB%8B%E5%B7%9D%E5%B8%82%E9%95%B7)>
<http://www.wikidata.org/entity/Q24863154>	"関東柔道整復専門学校"@ja	<http://www.wikidata.org/entity/Q24898692>	"専修学校"@ja	<http://www.wikidata.org/entity/P131>	"位置する行政区画"@ja	<https://ja.wikipedia.org/wiki/%E9%96%A2%E6%9D%B1%E6%9F%94%E9%81%93%E6%95%B4%E5%BE%A9%E5%B0%82%E9%96%80%E5%AD%A6%E6%A0%A1>
<http://www.wikidata.org/entity/Q24863683>	"関東リハビリテーション専門学校"@ja	<http://www.wikidata.org/entity/Q24898692>	"専修学校"@ja	<http://www.wikidata.org/entity/P131>	"位置する行政区画"@ja	<https://ja.wikipedia.org/wiki/%E9%96%A2%E6%9D%B1%E3%83%AA%E3%83%8F%E3%83%93%E3%83%AA%E3%83%86%E3%83%BC%E3%82%B7%E3%83%A7%E3%83%B3%E5%B0%82%E9%96%80%E5%AD%A6%E6%A0%A1>
<http://www.wikidata.org/entity/Q24869307>	"立川市立看護専門学校"@ja	<http://www.wikidata.org/entity/Q24898692>	"専修学校"@ja	<http://www.wikidata.org/entity/P131>	"位置する行政区画"@ja	<https://ja.wikipedia.org/wiki/%E7%AB%8B%E5%B7%9D%E5%B8%82%E7%AB%8B%E7%9C%8B%E8%AD%B7%E5%B0%82%E9%96%80%E5%AD%A6%E6%A0%A1>
