?s	?sLabel	?type	?typeLabel	?prop	?propLabel	?jwiki
<http://www.wikidata.org/entity/Q317847>	"稲城市"@ja	<http://www.wikidata.org/entity/Q494721>	"日本の市"@ja	<http://www.wikidata.org/entity/P47>	"隣の国又は行政区画"@ja	<https://ja.wikipedia.org/wiki/%E7%A8%B2%E5%9F%8E%E5%B8%82>
<http://www.wikidata.org/entity/Q330007>	"国立市"@ja	<http://www.wikidata.org/entity/Q1187811>	"学術都市"@ja	<http://www.wikidata.org/entity/P47>	"隣の国又は行政区画"@ja	<https://ja.wikipedia.org/wiki/%E5%9B%BD%E7%AB%8B%E5%B8%82>
<http://www.wikidata.org/entity/Q330007>	"国立市"@ja	<http://www.wikidata.org/entity/Q494721>	"日本の市"@ja	<http://www.wikidata.org/entity/P47>	"隣の国又は行政区画"@ja	<https://ja.wikipedia.org/wiki/%E5%9B%BD%E7%AB%8B%E5%B8%82>
<http://www.wikidata.org/entity/Q330007>	"国立市"@ja	<http://www.wikidata.org/entity/Q486972>	"集落"@ja	<http://www.wikidata.org/entity/P47>	"隣の国又は行政区画"@ja	<https://ja.wikipedia.org/wiki/%E5%9B%BD%E7%AB%8B%E5%B8%82>
<http://www.wikidata.org/entity/Q348436>	"浦沢直樹"@ja	<http://www.wikidata.org/entity/Q5>	"ヒト"@ja	<http://www.wikidata.org/entity/P19>	"出生地"@ja	<https://ja.wikipedia.org/wiki/%E6%B5%A6%E6%B2%A2%E7%9B%B4%E6%A8%B9>
<http://www.wikidata.org/entity/Q454583>	"森田紀一"@ja	<http://www.wikidata.org/entity/Q5>	"ヒト"@ja	<http://www.wikidata.org/entity/P20>	"死没地"@ja	<https://ja.wikipedia.org/wiki/%E6%A3%AE%E7%94%B0%E7%B4%80%E4%B8%80>
<http://www.wikidata.org/entity/Q611678>	"大國魂神社"@ja	<http://www.wikidata.org/entity/Q1107129>	"総社"@ja	<http://www.wikidata.org/entity/P131>	"位置する行政区画"@ja	<https://ja.wikipedia.org/wiki/%E5%A4%A7%E5%9C%8B%E9%AD%82%E7%A5%9E%E7%A4%BE>
<http://www.wikidata.org/entity/Q611678>	"大國魂神社"@ja	<http://www.wikidata.org/entity/Q845945>	"神社"@ja	<http://www.wikidata.org/entity/P131>	"位置する行政区画"@ja	<https://ja.wikipedia.org/wiki/%E5%A4%A7%E5%9C%8B%E9%AD%82%E7%A5%9E%E7%A4%BE>
<http://www.wikidata.org/entity/Q656122>	"京王競馬場線"@ja	<http://www.wikidata.org/entity/Q728937>	"鉄道路線"@ja	<http://www.wikidata.org/entity/P131>	"位置する行政区画"@ja	<https://ja.wikipedia.org/wiki/%E4%BA%AC%E7%8E%8B%E7%AB%B6%E9%A6%AC%E5%A0%B4%E7%B7%9A>
<http://www.wikidata.org/entity/Q686775>	"府中市"@ja	<http://www.wikidata.org/entity/Q494721>	"日本の市"@ja	<http://www.wikidata.org/entity/P1889>	"以下と異なる"@ja	<https://ja.wikipedia.org/wiki/%E5%BA%9C%E4%B8%AD%E5%B8%82_(%E5%BA%83%E5%B3%B6%E7%9C%8C)>
<http://www.wikidata.org/entity/Q719205>	"小室哲哉"@ja	<http://www.wikidata.org/entity/Q5>	"ヒト"@ja	<http://www.wikidata.org/entity/P19>	"出生地"@ja	<https://ja.wikipedia.org/wiki/%E5%B0%8F%E5%AE%A4%E5%93%B2%E5%93%89>
<http://www.wikidata.org/entity/Q800794>	"府中本町駅"@ja	<http://www.wikidata.org/entity/Q55488>	"鉄道駅"@ja	<http://www.wikidata.org/entity/P131>	"位置する行政区画"@ja	<https://ja.wikipedia.org/wiki/%E5%BA%9C%E4%B8%AD%E6%9C%AC%E7%94%BA%E9%A7%85>
<http://www.wikidata.org/entity/Q857315>	"分倍河原駅"@ja	<http://www.wikidata.org/entity/Q55488>	"鉄道駅"@ja	<http://www.wikidata.org/entity/P131>	"位置する行政区画"@ja	<https://ja.wikipedia.org/wiki/%E5%88%86%E5%80%8D%E6%B2%B3%E5%8E%9F%E9%A7%85>
<http://www.wikidata.org/entity/Q1301275>	"東京農工大学"@ja	<http://www.wikidata.org/entity/Q265662>	"国立大学"@ja	<http://www.wikidata.org/entity/P159>	"本部所在地"@ja	<https://ja.wikipedia.org/wiki/%E6%9D%B1%E4%BA%AC%E8%BE%B2%E5%B7%A5%E5%A4%A7%E5%AD%A6>
<http://www.wikidata.org/entity/Q1301275>	"東京農工大学"@ja	<http://www.wikidata.org/entity/Q3918>	"大学"@ja	<http://www.wikidata.org/entity/P159>	"本部所在地"@ja	<https://ja.wikipedia.org/wiki/%E6%9D%B1%E4%BA%AC%E8%BE%B2%E5%B7%A5%E5%A4%A7%E5%AD%A6>
<http://www.wikidata.org/entity/Q11486019>	"府中刑務所"@ja	<http://www.wikidata.org/entity/Q40357>	"刑務所"@ja	<http://www.wikidata.org/entity/P131>	"位置する行政区画"@ja	<https://ja.wikipedia.org/wiki/%E5%BA%9C%E4%B8%AD%E5%88%91%E5%8B%99%E6%89%80>
<http://www.wikidata.org/entity/Q11486031>	"府中市立府中第一中学校"@ja	<http://www.wikidata.org/entity/Q55521176>	"日本の中学校"@ja	<http://www.wikidata.org/entity/P131>	"位置する行政区画"@ja	<https://ja.wikipedia.org/wiki/%E5%BA%9C%E4%B8%AD%E5%B8%82%E7%AB%8B%E5%BA%9C%E4%B8%AD%E7%AC%AC%E4%B8%80%E4%B8%AD%E5%AD%A6%E6%A0%A1>
<http://www.wikidata.org/entity/Q11486031>	"府中市立府中第一中学校"@ja	<http://www.wikidata.org/entity/Q55521176>	"日本の中学校"@ja	<http://www.wikidata.org/entity/P126>	"管理者"@ja	<https://ja.wikipedia.org/wiki/%E5%BA%9C%E4%B8%AD%E5%B8%82%E7%AB%8B%E5%BA%9C%E4%B8%AD%E7%AC%AC%E4%B8%80%E4%B8%AD%E5%AD%A6%E6%A0%A1>
<http://www.wikidata.org/entity/Q11486034>	"府中市立府中第三中学校"@ja	<http://www.wikidata.org/entity/Q55521176>	"日本の中学校"@ja	<http://www.wikidata.org/entity/P131>	"位置する行政区画"@ja	<https://ja.wikipedia.org/wiki/%E5%BA%9C%E4%B8%AD%E5%B8%82%E7%AB%8B%E5%BA%9C%E4%B8%AD%E7%AC%AC%E4%B8%89%E4%B8%AD%E5%AD%A6%E6%A0%A1>
<http://www.wikidata.org/entity/Q11486034>	"府中市立府中第三中学校"@ja	<http://www.wikidata.org/entity/Q55521176>	"日本の中学校"@ja	<http://www.wikidata.org/entity/P126>	"管理者"@ja	<https://ja.wikipedia.org/wiki/%E5%BA%9C%E4%B8%AD%E5%B8%82%E7%AB%8B%E5%BA%9C%E4%B8%AD%E7%AC%AC%E4%B8%89%E4%B8%AD%E5%AD%A6%E6%A0%A1>
<http://www.wikidata.org/entity/Q11486035>	"府中市立府中第九中学校"@ja	<http://www.wikidata.org/entity/Q55521176>	"日本の中学校"@ja	<http://www.wikidata.org/entity/P131>	"位置する行政区画"@ja	<https://ja.wikipedia.org/wiki/%E5%BA%9C%E4%B8%AD%E5%B8%82%E7%AB%8B%E5%BA%9C%E4%B8%AD%E7%AC%AC%E4%B9%9D%E4%B8%AD%E5%AD%A6%E6%A0%A1>
<http://www.wikidata.org/entity/Q11486035>	"府中市立府中第九中学校"@ja	<http://www.wikidata.org/entity/Q55521176>	"日本の中学校"@ja	<http://www.wikidata.org/entity/P126>	"管理者"@ja	<https://ja.wikipedia.org/wiki/%E5%BA%9C%E4%B8%AD%E5%B8%82%E7%AB%8B%E5%BA%9C%E4%B8%AD%E7%AC%AC%E4%B9%9D%E4%B8%AD%E5%AD%A6%E6%A0%A1>
<http://www.wikidata.org/entity/Q11486032>	"府中市立府中第七中学校"@ja	<http://www.wikidata.org/entity/Q55521176>	"日本の中学校"@ja	<http://www.wikidata.org/entity/P131>	"位置する行政区画"@ja	<https://ja.wikipedia.org/wiki/%E5%BA%9C%E4%B8%AD%E5%B8%82%E7%AB%8B%E5%BA%9C%E4%B8%AD%E7%AC%AC%E4%B8%83%E4%B8%AD%E5%AD%A6%E6%A0%A1>
<http://www.wikidata.org/entity/Q11486032>	"府中市立府中第七中学校"@ja	<http://www.wikidata.org/entity/Q55521176>	"日本の中学校"@ja	<http://www.wikidata.org/entity/P126>	"管理者"@ja	<https://ja.wikipedia.org/wiki/%E5%BA%9C%E4%B8%AD%E5%B8%82%E7%AB%8B%E5%BA%9C%E4%B8%AD%E7%AC%AC%E4%B8%83%E4%B8%AD%E5%AD%A6%E6%A0%A1>
<http://www.wikidata.org/entity/Q11486033>	"府中市立府中第一小学校"@ja	<http://www.wikidata.org/entity/Q5358913>	"日本の小学校"@ja	<http://www.wikidata.org/entity/P126>	"管理者"@ja	<https://ja.wikipedia.org/wiki/%E5%BA%9C%E4%B8%AD%E5%B8%82%E7%AB%8B%E5%BA%9C%E4%B8%AD%E7%AC%AC%E4%B8%80%E5%B0%8F%E5%AD%A6%E6%A0%A1>
<http://www.wikidata.org/entity/Q11486033>	"府中市立府中第一小学校"@ja	<http://www.wikidata.org/entity/Q5358913>	"日本の小学校"@ja	<http://www.wikidata.org/entity/P131>	"位置する行政区画"@ja	<https://ja.wikipedia.org/wiki/%E5%BA%9C%E4%B8%AD%E5%B8%82%E7%AB%8B%E5%BA%9C%E4%B8%AD%E7%AC%AC%E4%B8%80%E5%B0%8F%E5%AD%A6%E6%A0%A1>
<http://www.wikidata.org/entity/Q11486038>	"府中市立府中第八中学校"@ja	<http://www.wikidata.org/entity/Q55521176>	"日本の中学校"@ja	<http://www.wikidata.org/entity/P131>	"位置する行政区画"@ja	<https://ja.wikipedia.org/wiki/%E5%BA%9C%E4%B8%AD%E5%B8%82%E7%AB%8B%E5%BA%9C%E4%B8%AD%E7%AC%AC%E5%85%AB%E4%B8%AD%E5%AD%A6%E6%A0%A1>
<http://www.wikidata.org/entity/Q11486038>	"府中市立府中第八中学校"@ja	<http://www.wikidata.org/entity/Q55521176>	"日本の中学校"@ja	<http://www.wikidata.org/entity/P126>	"管理者"@ja	<https://ja.wikipedia.org/wiki/%E5%BA%9C%E4%B8%AD%E5%B8%82%E7%AB%8B%E5%BA%9C%E4%B8%AD%E7%AC%AC%E5%85%AB%E4%B8%AD%E5%AD%A6%E6%A0%A1>
<http://www.wikidata.org/entity/Q11486039>	"府中市立府中第十中学校"@ja	<http://www.wikidata.org/entity/Q55521176>	"日本の中学校"@ja	<http://www.wikidata.org/entity/P131>	"位置する行政区画"@ja	<https://ja.wikipedia.org/wiki/%E5%BA%9C%E4%B8%AD%E5%B8%82%E7%AB%8B%E5%BA%9C%E4%B8%AD%E7%AC%AC%E5%8D%81%E4%B8%AD%E5%AD%A6%E6%A0%A1>
<http://www.wikidata.org/entity/Q11486039>	"府中市立府中第十中学校"@ja	<http://www.wikidata.org/entity/Q55521176>	"日本の中学校"@ja	<http://www.wikidata.org/entity/P126>	"管理者"@ja	<https://ja.wikipedia.org/wiki/%E5%BA%9C%E4%B8%AD%E5%B8%82%E7%AB%8B%E5%BA%9C%E4%B8%AD%E7%AC%AC%E5%8D%81%E4%B8%AD%E5%AD%A6%E6%A0%A1>
<http://www.wikidata.org/entity/Q11486036>	"府中市立府中第五中学校"@ja	<http://www.wikidata.org/entity/Q55521176>	"日本の中学校"@ja	<http://www.wikidata.org/entity/P131>	"位置する行政区画"@ja	<https://ja.wikipedia.org/wiki/%E5%BA%9C%E4%B8%AD%E5%B8%82%E7%AB%8B%E5%BA%9C%E4%B8%AD%E7%AC%AC%E4%BA%94%E4%B8%AD%E5%AD%A6%E6%A0%A1>
<http://www.wikidata.org/entity/Q11486036>	"府中市立府中第五中学校"@ja	<http://www.wikidata.org/entity/Q55521176>	"日本の中学校"@ja	<http://www.wikidata.org/entity/P126>	"管理者"@ja	<https://ja.wikipedia.org/wiki/%E5%BA%9C%E4%B8%AD%E5%B8%82%E7%AB%8B%E5%BA%9C%E4%B8%AD%E7%AC%AC%E4%BA%94%E4%B8%AD%E5%AD%A6%E6%A0%A1>
<http://www.wikidata.org/entity/Q11486037>	"府中市立府中第二中学校"@ja	<http://www.wikidata.org/entity/Q55521176>	"日本の中学校"@ja	<http://www.wikidata.org/entity/P131>	"位置する行政区画"@ja	<https://ja.wikipedia.org/wiki/%E5%BA%9C%E4%B8%AD%E5%B8%82%E7%AB%8B%E5%BA%9C%E4%B8%AD%E7%AC%AC%E4%BA%8C%E4%B8%AD%E5%AD%A6%E6%A0%A1>
<http://www.wikidata.org/entity/Q11486037>	"府中市立府中第二中学校"@ja	<http://www.wikidata.org/entity/Q55521176>	"日本の中学校"@ja	<http://www.wikidata.org/entity/P126>	"管理者"@ja	<https://ja.wikipedia.org/wiki/%E5%BA%9C%E4%B8%AD%E5%B8%82%E7%AB%8B%E5%BA%9C%E4%B8%AD%E7%AC%AC%E4%BA%8C%E4%B8%AD%E5%AD%A6%E6%A0%A1>
<http://www.wikidata.org/entity/Q11486043>	"府中市立浅間中学校"@ja	<http://www.wikidata.org/entity/Q55521176>	"日本の中学校"@ja	<http://www.wikidata.org/entity/P131>	"位置する行政区画"@ja	<https://ja.wikipedia.org/wiki/%E5%BA%9C%E4%B8%AD%E5%B8%82%E7%AB%8B%E6%B5%85%E9%96%93%E4%B8%AD%E5%AD%A6%E6%A0%A1>
<http://www.wikidata.org/entity/Q11486043>	"府中市立浅間中学校"@ja	<http://www.wikidata.org/entity/Q55521176>	"日本の中学校"@ja	<http://www.wikidata.org/entity/P126>	"管理者"@ja	<https://ja.wikipedia.org/wiki/%E5%BA%9C%E4%B8%AD%E5%B8%82%E7%AB%8B%E6%B5%85%E9%96%93%E4%B8%AD%E5%AD%A6%E6%A0%A1>
<http://www.wikidata.org/entity/Q11486040>	"府中市立府中第六中学校"@ja	<http://www.wikidata.org/entity/Q55521176>	"日本の中学校"@ja	<http://www.wikidata.org/entity/P131>	"位置する行政区画"@ja	<https://ja.wikipedia.org/wiki/%E5%BA%9C%E4%B8%AD%E5%B8%82%E7%AB%8B%E5%BA%9C%E4%B8%AD%E7%AC%AC%E5%85%AD%E4%B8%AD%E5%AD%A6%E6%A0%A1>
<http://www.wikidata.org/entity/Q11486040>	"府中市立府中第六中学校"@ja	<http://www.wikidata.org/entity/Q55521176>	"日本の中学校"@ja	<http://www.wikidata.org/entity/P126>	"管理者"@ja	<https://ja.wikipedia.org/wiki/%E5%BA%9C%E4%B8%AD%E5%B8%82%E7%AB%8B%E5%BA%9C%E4%B8%AD%E7%AC%AC%E5%85%AD%E4%B8%AD%E5%AD%A6%E6%A0%A1>
<http://www.wikidata.org/entity/Q11486041>	"府中市立府中第四中学校"@ja	<http://www.wikidata.org/entity/Q55521176>	"日本の中学校"@ja	<http://www.wikidata.org/entity/P131>	"位置する行政区画"@ja	<https://ja.wikipedia.org/wiki/%E5%BA%9C%E4%B8%AD%E5%B8%82%E7%AB%8B%E5%BA%9C%E4%B8%AD%E7%AC%AC%E5%9B%9B%E4%B8%AD%E5%AD%A6%E6%A0%A1>
<http://www.wikidata.org/entity/Q11486041>	"府中市立府中第四中学校"@ja	<http://www.wikidata.org/entity/Q55521176>	"日本の中学校"@ja	<http://www.wikidata.org/entity/P126>	"管理者"@ja	<https://ja.wikipedia.org/wiki/%E5%BA%9C%E4%B8%AD%E5%B8%82%E7%AB%8B%E5%BA%9C%E4%B8%AD%E7%AC%AC%E5%9B%9B%E4%B8%AD%E5%AD%A6%E6%A0%A1>
<http://www.wikidata.org/entity/Q11486057>	"府中町"@ja	<http://www.wikidata.org/entity/Q18663566>	"日本の廃止市区町村"@ja	<http://www.wikidata.org/entity/P3842>	"位置する現在の行政区画"@ja	<https://ja.wikipedia.org/wiki/%E5%BA%9C%E4%B8%AD%E7%94%BA_(%E6%9D%B1%E4%BA%AC%E9%83%BD)>
<http://www.wikidata.org/entity/Q11486057>	"府中町"@ja	<http://www.wikidata.org/entity/Q18663566>	"日本の廃止市区町村"@ja	<http://www.wikidata.org/entity/P1366>	"後継"@ja	<https://ja.wikipedia.org/wiki/%E5%BA%9C%E4%B8%AD%E7%94%BA_(%E6%9D%B1%E4%BA%AC%E9%83%BD)>
<http://www.wikidata.org/entity/Q11486064>	"府中運転免許試験場"@ja	<http://www.wikidata.org/entity/Q11640472>	"運転免許試験場"@ja	<http://www.wikidata.org/entity/P131>	"位置する行政区画"@ja	<https://ja.wikipedia.org/wiki/%E5%BA%9C%E4%B8%AD%E9%81%8B%E8%BB%A2%E5%85%8D%E8%A8%B1%E8%A9%A6%E9%A8%93%E5%A0%B4>
<http://www.wikidata.org/entity/Q11489703>	"徳島尚"@ja	<http://www.wikidata.org/entity/Q5>	"ヒト"@ja	<http://www.wikidata.org/entity/P19>	"出生地"@ja	<https://ja.wikipedia.org/wiki/%E5%BE%B3%E5%B3%B6%E5%B0%9A>
<http://www.wikidata.org/entity/Q11495012>	"慈恵院 (東京都府中市)"@ja	<http://www.wikidata.org/entity/Q5393308>	"仏教寺院"@ja	<http://www.wikidata.org/entity/P131>	"位置する行政区画"@ja	<https://ja.wikipedia.org/wiki/%E6%85%88%E6%81%B5%E9%99%A2>
<http://www.wikidata.org/entity/Q11497706>	"押立町"@ja	<http://www.wikidata.org/entity/Q3957>	"街"@ja	<http://www.wikidata.org/entity/P131>	"位置する行政区画"@ja	<https://ja.wikipedia.org/wiki/%E6%8A%BC%E7%AB%8B%E7%94%BA>
<http://www.wikidata.org/entity/Q11503796>	"新町"@ja	<http://www.wikidata.org/entity/Q3957>	"街"@ja	<http://www.wikidata.org/entity/P131>	"位置する行政区画"@ja	<https://ja.wikipedia.org/wiki/%E6%96%B0%E7%94%BA_(%E6%9D%B1%E4%BA%AC%E9%83%BD%E5%BA%9C%E4%B8%AD%E5%B8%82)>
<http://www.wikidata.org/entity/Q11512220>	"明星中学校・高等学校 (東京都)"@ja	<http://www.wikidata.org/entity/Q21655594>	"日本の中高一貫校"@ja	<http://www.wikidata.org/entity/P131>	"位置する行政区画"@ja	<https://ja.wikipedia.org/wiki/%E6%98%8E%E6%98%9F%E4%B8%AD%E5%AD%A6%E6%A0%A1%E3%83%BB%E9%AB%98%E7%AD%89%E5%AD%A6%E6%A0%A1_(%E6%9D%B1%E4%BA%AC%E9%83%BD)>
<http://www.wikidata.org/entity/Q11512225>	"明星小学校"@ja	<http://www.wikidata.org/entity/Q5358913>	"日本の小学校"@ja	<http://www.wikidata.org/entity/P131>	"位置する行政区画"@ja	<https://ja.wikipedia.org/wiki/%E6%98%8E%E6%98%9F%E5%B0%8F%E5%AD%A6%E6%A0%A1_(%E6%9D%B1%E4%BA%AC%E9%83%BD)>
<http://www.wikidata.org/entity/Q11512231>	"明星幼稚園 (東京都)"@ja	<http://www.wikidata.org/entity/Q106688647>	"日本の幼稚園"@ja	<http://www.wikidata.org/entity/P131>	"位置する行政区画"@ja	<https://ja.wikipedia.org/wiki/%E6%98%8E%E6%98%9F%E5%B9%BC%E7%A8%9A%E5%9C%92_(%E6%9D%B1%E4%BA%AC%E9%83%BD)>
<http://www.wikidata.org/entity/Q11517071>	"望月哲也"@ja	<http://www.wikidata.org/entity/Q5>	"ヒト"@ja	<http://www.wikidata.org/entity/P19>	"出生地"@ja	<https://ja.wikipedia.org/wiki/%E6%9C%9B%E6%9C%88%E5%93%B2%E4%B9%9F>
<http://www.wikidata.org/entity/Q11517567>	"朝日町"@ja	<http://www.wikidata.org/entity/Q3957>	"街"@ja	<http://www.wikidata.org/entity/P131>	"位置する行政区画"@ja	<https://ja.wikipedia.org/wiki/%E6%9C%9D%E6%97%A5%E7%94%BA_(%E6%9D%B1%E4%BA%AC%E9%83%BD%E5%BA%9C%E4%B8%AD%E5%B8%82)>
<http://www.wikidata.org/entity/Q11521939>	"杉山真太郎"@ja	<http://www.wikidata.org/entity/Q5>	"ヒト"@ja	<http://www.wikidata.org/entity/P19>	"出生地"@ja	<https://ja.wikipedia.org/wiki/%E6%9D%89%E5%B1%B1%E7%9C%9F%E5%A4%AA%E9%83%8E>
<http://www.wikidata.org/entity/Q11522192>	"杉江松恋"@ja	<http://www.wikidata.org/entity/Q5>	"ヒト"@ja	<http://www.wikidata.org/entity/P19>	"出生地"@ja	<https://ja.wikipedia.org/wiki/%E6%9D%89%E6%B1%9F%E6%9D%BE%E6%81%8B>
<http://www.wikidata.org/entity/Q11522847>	"村上由利子"@ja	<http://www.wikidata.org/entity/Q5>	"ヒト"@ja	<http://www.wikidata.org/entity/P19>	"出生地"@ja	<https://ja.wikipedia.org/wiki/%E6%9D%91%E4%B8%8A%E7%94%B1%E5%88%A9%E5%AD%90>
<http://www.wikidata.org/entity/Q11525076>	"東京競馬場前駅"@ja	<http://www.wikidata.org/entity/Q106772341>	"廃駅"@ja	<http://www.wikidata.org/entity/P131>	"位置する行政区画"@ja	<https://ja.wikipedia.org/wiki/%E6%9D%B1%E4%BA%AC%E7%AB%B6%E9%A6%AC%E5%A0%B4%E5%89%8D%E9%A7%85>
<http://www.wikidata.org/entity/Q11525076>	"東京競馬場前駅"@ja	<http://www.wikidata.org/entity/Q4663385>	"かつての鉄道駅"@ja	<http://www.wikidata.org/entity/P131>	"位置する行政区画"@ja	<https://ja.wikipedia.org/wiki/%E6%9D%B1%E4%BA%AC%E7%AB%B6%E9%A6%AC%E5%A0%B4%E5%89%8D%E9%A7%85>
<http://www.wikidata.org/entity/Q11525439>	"東京都立多摩総合医療センター"@ja	<http://www.wikidata.org/entity/Q4260475>	"医療機関"@ja	<http://www.wikidata.org/entity/P131>	"位置する行政区画"@ja	<https://ja.wikipedia.org/wiki/%E6%9D%B1%E4%BA%AC%E9%83%BD%E7%AB%8B%E5%A4%9A%E6%91%A9%E7%B7%8F%E5%90%88%E5%8C%BB%E7%99%82%E3%82%BB%E3%83%B3%E3%82%BF%E3%83%BC>
<http://www.wikidata.org/entity/Q11525459>	"東京都立小児総合医療センター"@ja	<http://www.wikidata.org/entity/Q4260475>	"医療機関"@ja	<http://www.wikidata.org/entity/P131>	"位置する行政区画"@ja	<https://ja.wikipedia.org/wiki/%E6%9D%B1%E4%BA%AC%E9%83%BD%E7%AB%8B%E5%B0%8F%E5%85%90%E7%B7%8F%E5%90%88%E5%8C%BB%E7%99%82%E3%82%BB%E3%83%B3%E3%82%BF%E3%83%BC>
<http://www.wikidata.org/entity/Q11525482>	"東京都立府中工業高等学校"@ja	<http://www.wikidata.org/entity/Q56351315>	"日本の高等学校"@ja	<http://www.wikidata.org/entity/P131>	"位置する行政区画"@ja	<https://ja.wikipedia.org/wiki/%E6%9D%B1%E4%BA%AC%E9%83%BD%E7%AB%8B%E5%BA%9C%E4%B8%AD%E5%B7%A5%E6%A5%AD%E9%AB%98%E7%AD%89%E5%AD%A6%E6%A0%A1>
<http://www.wikidata.org/entity/Q11525483>	"東京都立府中東高等学校"@ja	<http://www.wikidata.org/entity/Q56351315>	"日本の高等学校"@ja	<http://www.wikidata.org/entity/P131>	"位置する行政区画"@ja	<https://ja.wikipedia.org/wiki/%E6%9D%B1%E4%BA%AC%E9%83%BD%E7%AB%8B%E5%BA%9C%E4%B8%AD%E6%9D%B1%E9%AB%98%E7%AD%89%E5%AD%A6%E6%A0%A1>
<http://www.wikidata.org/entity/Q11525485>	"東京都立府中西高等学校"@ja	<http://www.wikidata.org/entity/Q56351315>	"日本の高等学校"@ja	<http://www.wikidata.org/entity/P131>	"位置する行政区画"@ja	<https://ja.wikipedia.org/wiki/%E6%9D%B1%E4%BA%AC%E9%83%BD%E7%AB%8B%E5%BA%9C%E4%B8%AD%E8%A5%BF%E9%AB%98%E7%AD%89%E5%AD%A6%E6%A0%A1>
<http://www.wikidata.org/entity/Q11525569>	"東京都立神経病院"@ja	<http://www.wikidata.org/entity/Q16917>	"病院"@ja	<http://www.wikidata.org/entity/P131>	"位置する行政区画"@ja	<https://ja.wikipedia.org/wiki/%E6%9D%B1%E4%BA%AC%E9%83%BD%E7%AB%8B%E7%A5%9E%E7%B5%8C%E7%97%85%E9%99%A2>
<http://www.wikidata.org/entity/Q11525680>	"東京都道110号"@ja	<http://www.wikidata.org/entity/Q34442>	"道路"@ja	<http://www.wikidata.org/entity/P609>	"起終点"@ja	<https://ja.wikipedia.org/wiki/%E6%9D%B1%E4%BA%AC%E9%83%BD%E9%81%93110%E5%8F%B7%E5%BA%9C%E4%B8%AD%E4%B8%89%E9%B7%B9%E7%B7%9A>
<http://www.wikidata.org/entity/Q11525680>	"東京都道110号"@ja	<http://www.wikidata.org/entity/Q34442>	"道路"@ja	<http://www.wikidata.org/entity/P131>	"位置する行政区画"@ja	<https://ja.wikipedia.org/wiki/%E6%9D%B1%E4%BA%AC%E9%83%BD%E9%81%93110%E5%8F%B7%E5%BA%9C%E4%B8%AD%E4%B8%89%E9%B7%B9%E7%B7%9A>
<http://www.wikidata.org/entity/Q11525701>	"東京都道133号"@ja	<http://www.wikidata.org/entity/Q34442>	"道路"@ja	<http://www.wikidata.org/entity/P609>	"起終点"@ja	<https://ja.wikipedia.org/wiki/%E6%9D%B1%E4%BA%AC%E9%83%BD%E9%81%93133%E5%8F%B7%E5%B0%8F%E5%B7%9D%E5%B1%B1%E5%BA%9C%E4%B8%AD%E7%B7%9A>
<http://www.wikidata.org/entity/Q11525701>	"東京都道133号"@ja	<http://www.wikidata.org/entity/Q34442>	"道路"@ja	<http://www.wikidata.org/entity/P131>	"位置する行政区画"@ja	<https://ja.wikipedia.org/wiki/%E6%9D%B1%E4%BA%AC%E9%83%BD%E9%81%93133%E5%8F%B7%E5%B0%8F%E5%B7%9D%E5%B1%B1%E5%BA%9C%E4%B8%AD%E7%B7%9A>
<http://www.wikidata.org/entity/Q11525707>	"東京都道145号"@ja	<http://www.wikidata.org/entity/Q34442>	"道路"@ja	<http://www.wikidata.org/entity/P131>	"位置する行政区画"@ja	<https://ja.wikipedia.org/wiki/%E6%9D%B1%E4%BA%AC%E9%83%BD%E9%81%93145%E5%8F%B7%E7%AB%8B%E5%B7%9D%E5%9B%BD%E5%88%86%E5%AF%BA%E7%B7%9A>
<http://www.wikidata.org/entity/Q11525710>	"東京都道14号"@ja	<http://www.wikidata.org/entity/Q34442>	"道路"@ja	<http://www.wikidata.org/entity/P609>	"起終点"@ja	<https://ja.wikipedia.org/wiki/%E6%9D%B1%E4%BA%AC%E9%83%BD%E9%81%9314%E5%8F%B7%E6%96%B0%E5%AE%BF%E5%9B%BD%E7%AB%8B%E7%B7%9A>
<http://www.wikidata.org/entity/Q11525710>	"東京都道14号"@ja	<http://www.wikidata.org/entity/Q34442>	"道路"@ja	<http://www.wikidata.org/entity/P131>	"位置する行政区画"@ja	<https://ja.wikipedia.org/wiki/%E6%9D%B1%E4%BA%AC%E9%83%BD%E9%81%9314%E5%8F%B7%E6%96%B0%E5%AE%BF%E5%9B%BD%E7%AB%8B%E7%B7%9A>
<http://www.wikidata.org/entity/Q11525718>	"東京都道15号"@ja	<http://www.wikidata.org/entity/Q34442>	"道路"@ja	<http://www.wikidata.org/entity/P609>	"起終点"@ja	<https://ja.wikipedia.org/wiki/%E6%9D%B1%E4%BA%AC%E9%83%BD%E9%81%9315%E5%8F%B7%E5%BA%9C%E4%B8%AD%E6%B8%85%E7%80%AC%E7%B7%9A>
<http://www.wikidata.org/entity/Q11525718>	"東京都道15号"@ja	<http://www.wikidata.org/entity/Q34442>	"道路"@ja	<http://www.wikidata.org/entity/P131>	"位置する行政区画"@ja	<https://ja.wikipedia.org/wiki/%E6%9D%B1%E4%BA%AC%E9%83%BD%E9%81%9315%E5%8F%B7%E5%BA%9C%E4%B8%AD%E6%B8%85%E7%80%AC%E7%B7%9A>
<http://www.wikidata.org/entity/Q11525741>	"東京都道18号"@ja	<http://www.wikidata.org/entity/Q34442>	"道路"@ja	<http://www.wikidata.org/entity/P609>	"起終点"@ja	<https://ja.wikipedia.org/wiki/%E6%9D%B1%E4%BA%AC%E9%83%BD%E9%81%9318%E5%8F%B7%E5%BA%9C%E4%B8%AD%E7%94%BA%E7%94%B0%E7%B7%9A>
<http://www.wikidata.org/entity/Q11525741>	"東京都道18号"@ja	<http://www.wikidata.org/entity/Q34442>	"道路"@ja	<http://www.wikidata.org/entity/P131>	"位置する行政区画"@ja	<https://ja.wikipedia.org/wiki/%E6%9D%B1%E4%BA%AC%E9%83%BD%E9%81%9318%E5%8F%B7%E5%BA%9C%E4%B8%AD%E7%94%BA%E7%94%B0%E7%B7%9A>
<http://www.wikidata.org/entity/Q11525752>	"東京都道20号・神奈川県道525号"@ja	<http://www.wikidata.org/entity/Q34442>	"道路"@ja	<http://www.wikidata.org/entity/P609>	"起終点"@ja	<https://ja.wikipedia.org/wiki/%E6%9D%B1%E4%BA%AC%E9%83%BD%E9%81%9320%E5%8F%B7%E3%83%BB%E7%A5%9E%E5%A5%88%E5%B7%9D%E7%9C%8C%E9%81%93525%E5%8F%B7%E5%BA%9C%E4%B8%AD%E7%9B%B8%E6%A8%A1%E5%8E%9F%E7%B7%9A>
<http://www.wikidata.org/entity/Q11525752>	"東京都道20号・神奈川県道525号"@ja	<http://www.wikidata.org/entity/Q34442>	"道路"@ja	<http://www.wikidata.org/entity/P131>	"位置する行政区画"@ja	<https://ja.wikipedia.org/wiki/%E6%9D%B1%E4%BA%AC%E9%83%BD%E9%81%9320%E5%8F%B7%E3%83%BB%E7%A5%9E%E5%A5%88%E5%B7%9D%E7%9C%8C%E9%81%93525%E5%8F%B7%E5%BA%9C%E4%B8%AD%E7%9B%B8%E6%A8%A1%E5%8E%9F%E7%B7%9A>
<http://www.wikidata.org/entity/Q11525761>	"東京都道229号"@ja	<http://www.wikidata.org/entity/Q34442>	"道路"@ja	<http://www.wikidata.org/entity/P609>	"起終点"@ja	<https://ja.wikipedia.org/wiki/%E6%9D%B1%E4%BA%AC%E9%83%BD%E9%81%93229%E5%8F%B7%E5%BA%9C%E4%B8%AD%E8%AA%BF%E5%B8%83%E7%B7%9A>
<http://www.wikidata.org/entity/Q11525761>	"東京都道229号"@ja	<http://www.wikidata.org/entity/Q34442>	"道路"@ja	<http://www.wikidata.org/entity/P131>	"位置する行政区画"@ja	<https://ja.wikipedia.org/wiki/%E6%9D%B1%E4%BA%AC%E9%83%BD%E9%81%93229%E5%8F%B7%E5%BA%9C%E4%B8%AD%E8%AA%BF%E5%B8%83%E7%B7%9A>
<http://www.wikidata.org/entity/Q11525770>	"東京都道247号"@ja	<http://www.wikidata.org/entity/Q34442>	"道路"@ja	<http://www.wikidata.org/entity/P609>	"起終点"@ja	<https://ja.wikipedia.org/wiki/%E6%9D%B1%E4%BA%AC%E9%83%BD%E9%81%93247%E5%8F%B7%E5%BA%9C%E4%B8%AD%E5%B0%8F%E9%87%91%E4%BA%95%E7%B7%9A>
<http://www.wikidata.org/entity/Q11525770>	"東京都道247号"@ja	<http://www.wikidata.org/entity/Q34442>	"道路"@ja	<http://www.wikidata.org/entity/P131>	"位置する行政区画"@ja	<https://ja.wikipedia.org/wiki/%E6%9D%B1%E4%BA%AC%E9%83%BD%E9%81%93247%E5%8F%B7%E5%BA%9C%E4%B8%AD%E5%B0%8F%E9%87%91%E4%BA%95%E7%B7%9A>
<http://www.wikidata.org/entity/Q11525771>	"東京都道248号"@ja	<http://www.wikidata.org/entity/Q34442>	"道路"@ja	<http://www.wikidata.org/entity/P609>	"起終点"@ja	<https://ja.wikipedia.org/wiki/%E6%9D%B1%E4%BA%AC%E9%83%BD%E9%81%93248%E5%8F%B7%E5%BA%9C%E4%B8%AD%E5%B0%8F%E5%B9%B3%E7%B7%9A>
<http://www.wikidata.org/entity/Q11525771>	"東京都道248号"@ja	<http://www.wikidata.org/entity/Q34442>	"道路"@ja	<http://www.wikidata.org/entity/P131>	"位置する行政区画"@ja	<https://ja.wikipedia.org/wiki/%E6%9D%B1%E4%BA%AC%E9%83%BD%E9%81%93248%E5%8F%B7%E5%BA%9C%E4%B8%AD%E5%B0%8F%E5%B9%B3%E7%B7%9A>
<http://www.wikidata.org/entity/Q11528516>	"東郷寺"@ja	<http://www.wikidata.org/entity/Q5393308>	"仏教寺院"@ja	<http://www.wikidata.org/entity/P131>	"位置する行政区画"@ja	<https://ja.wikipedia.org/wiki/%E6%9D%B1%E9%83%B7%E5%AF%BA>
<http://www.wikidata.org/entity/Q11535714>	"栄町"@ja	<http://www.wikidata.org/entity/Q3957>	"街"@ja	<http://www.wikidata.org/entity/P131>	"位置する行政区画"@ja	<https://ja.wikipedia.org/wiki/%E6%A0%84%E7%94%BA_(%E6%9D%B1%E4%BA%AC%E9%83%BD%E5%BA%9C%E4%B8%AD%E5%B8%82)>
<http://www.wikidata.org/entity/Q11538857>	"梶尾舞"@ja	<http://www.wikidata.org/entity/Q5>	"ヒト"@ja	<http://www.wikidata.org/entity/P19>	"出生地"@ja	<https://ja.wikipedia.org/wiki/%E6%A2%B6%E5%B0%BE%E8%88%9E>
<http://www.wikidata.org/entity/Q11541732>	"榊原記念病院"@ja	<http://www.wikidata.org/entity/Q4287745>	"医療関係機関"@ja	<http://www.wikidata.org/entity/P131>	"位置する行政区画"@ja	<https://ja.wikipedia.org/wiki/%E6%A6%8A%E5%8E%9F%E8%A8%98%E5%BF%B5%E7%97%85%E9%99%A2>
<http://www.wikidata.org/entity/Q11541732>	"榊原記念病院"@ja	<http://www.wikidata.org/entity/Q16917>	"病院"@ja	<http://www.wikidata.org/entity/P131>	"位置する行政区画"@ja	<https://ja.wikipedia.org/wiki/%E6%A6%8A%E5%8E%9F%E8%A8%98%E5%BF%B5%E7%97%85%E9%99%A2>
<http://www.wikidata.org/entity/Q11541851>	"榎本雄太"@ja	<http://www.wikidata.org/entity/Q5>	"ヒト"@ja	<http://www.wikidata.org/entity/P19>	"出生地"@ja	<https://ja.wikipedia.org/wiki/%E6%A6%8E%E6%9C%AC%E9%9B%84%E5%A4%AA>
<http://www.wikidata.org/entity/Q11546332>	"武蔵台"@ja	<http://www.wikidata.org/entity/Q3957>	"街"@ja	<http://www.wikidata.org/entity/P131>	"位置する行政区画"@ja	<https://ja.wikipedia.org/wiki/%E6%AD%A6%E8%94%B5%E5%8F%B0_(%E6%9D%B1%E4%BA%AC%E9%83%BD%E5%BA%9C%E4%B8%AD%E5%B8%82)>
<http://www.wikidata.org/entity/Q11546339>	"武蔵国府跡"@ja	<http://www.wikidata.org/entity/Q1629088>	"国府"@ja	<http://www.wikidata.org/entity/P131>	"位置する行政区画"@ja	<https://ja.wikipedia.org/wiki/%E6%AD%A6%E8%94%B5%E5%9B%BD%E5%BA%9C%E8%B7%A1>
<http://www.wikidata.org/entity/Q11546339>	"武蔵国府跡"@ja	<http://www.wikidata.org/entity/Q839954>	"遺跡"@ja	<http://www.wikidata.org/entity/P131>	"位置する行政区画"@ja	<https://ja.wikipedia.org/wiki/%E6%AD%A6%E8%94%B5%E5%9B%BD%E5%BA%9C%E8%B7%A1>
<http://www.wikidata.org/entity/Q11546361>	"武蔵府中熊野神社古墳"@ja	<http://www.wikidata.org/entity/Q1141225>	"古墳"@ja	<http://www.wikidata.org/entity/P131>	"位置する行政区画"@ja	<https://ja.wikipedia.org/wiki/%E6%AD%A6%E8%94%B5%E5%BA%9C%E4%B8%AD%E7%86%8A%E9%87%8E%E7%A5%9E%E7%A4%BE%E5%8F%A4%E5%A2%B3>
<http://www.wikidata.org/entity/Q11546393>	"武蔵野公園"@ja	<http://www.wikidata.org/entity/Q95977092>	"東京都立公園"@ja	<http://www.wikidata.org/entity/P131>	"位置する行政区画"@ja	<https://ja.wikipedia.org/wiki/%E6%AD%A6%E8%94%B5%E9%87%8E%E5%85%AC%E5%9C%92>
<http://www.wikidata.org/entity/Q11557470>	"浅間町"@ja	<http://www.wikidata.org/entity/Q5327369>	"町丁"@ja	<http://www.wikidata.org/entity/P131>	"位置する行政区画"@ja	<https://ja.wikipedia.org/wiki/%E6%B5%85%E9%96%93%E7%94%BA_(%E6%9D%B1%E4%BA%AC%E9%83%BD%E5%BA%9C%E4%B8%AD%E5%B8%82)>
<http://www.wikidata.org/entity/Q11557525>	"浜ロン"@ja	<http://www.wikidata.org/entity/Q5>	"ヒト"@ja	<http://www.wikidata.org/entity/P19>	"出生地"@ja	<https://ja.wikipedia.org/wiki/%E6%B5%9C%E3%83%AD%E3%83%B3>
<http://www.wikidata.org/entity/Q11569933>	"片町"@ja	<http://www.wikidata.org/entity/Q3957>	"街"@ja	<http://www.wikidata.org/entity/P131>	"位置する行政区画"@ja	<https://ja.wikipedia.org/wiki/%E7%89%87%E7%94%BA_(%E6%9D%B1%E4%BA%AC%E9%83%BD%E5%BA%9C%E4%B8%AD%E5%B8%82)>
<http://www.wikidata.org/entity/Q11580297>	"白糸台"@ja	<http://www.wikidata.org/entity/Q3957>	"街"@ja	<http://www.wikidata.org/entity/P131>	"位置する行政区画"@ja	<https://ja.wikipedia.org/wiki/%E7%99%BD%E7%B3%B8%E5%8F%B0>
<http://www.wikidata.org/entity/Q11585620>	"石嶺誠一郎"@ja	<http://www.wikidata.org/entity/Q5>	"ヒト"@ja	<http://www.wikidata.org/entity/P19>	"出生地"@ja	<https://ja.wikipedia.org/wiki/%E7%9F%B3%E5%B6%BA%E8%AA%A0%E4%B8%80%E9%83%8E>
<http://www.wikidata.org/entity/Q11585638>	"石川みゆき"@ja	<http://www.wikidata.org/entity/Q5>	"ヒト"@ja	<http://www.wikidata.org/entity/P19>	"出生地"@ja	<https://ja.wikipedia.org/wiki/%E7%9F%B3%E5%B7%9D%E3%81%BF%E3%82%86%E3%81%8D>
<http://www.wikidata.org/entity/Q11589388>	"神奈川県道・東京都道9号"@ja	<http://www.wikidata.org/entity/Q34442>	"道路"@ja	<http://www.wikidata.org/entity/P609>	"起終点"@ja	<https://ja.wikipedia.org/wiki/%E7%A5%9E%E5%A5%88%E5%B7%9D%E7%9C%8C%E9%81%93%E3%83%BB%E6%9D%B1%E4%BA%AC%E9%83%BD%E9%81%939%E5%8F%B7%E5%B7%9D%E5%B4%8E%E5%BA%9C%E4%B8%AD%E7%B7%9A>
<http://www.wikidata.org/entity/Q1490>	"東京都"@ja	<http://www.wikidata.org/entity/Q51929311>	"国内で人口1位の都市"@ja	<http://www.wikidata.org/entity/P150>	"直下の行政区画"@ja	<https://ja.wikipedia.org/wiki/%E6%9D%B1%E4%BA%AC%E9%83%BD>
<http://www.wikidata.org/entity/Q1490>	"東京都"@ja	<http://www.wikidata.org/entity/Q1637706>	"100万都市"@ja	<http://www.wikidata.org/entity/P150>	"直下の行政区画"@ja	<https://ja.wikipedia.org/wiki/%E6%9D%B1%E4%BA%AC%E9%83%BD>
<http://www.wikidata.org/entity/Q1490>	"東京都"@ja	<http://www.wikidata.org/entity/Q1549591>	"10万都市"@ja	<http://www.wikidata.org/entity/P150>	"直下の行政区画"@ja	<https://ja.wikipedia.org/wiki/%E6%9D%B1%E4%BA%AC%E9%83%BD>
<http://www.wikidata.org/entity/Q1490>	"東京都"@ja	<http://www.wikidata.org/entity/Q1200957>	"観光客の目的地"@ja	<http://www.wikidata.org/entity/P150>	"直下の行政区画"@ja	<https://ja.wikipedia.org/wiki/%E6%9D%B1%E4%BA%AC%E9%83%BD>
<http://www.wikidata.org/entity/Q1490>	"東京都"@ja	<http://www.wikidata.org/entity/Q1025961>	"日本の首都"@ja	<http://www.wikidata.org/entity/P150>	"直下の行政区画"@ja	<https://ja.wikipedia.org/wiki/%E6%9D%B1%E4%BA%AC%E9%83%BD>
<http://www.wikidata.org/entity/Q1490>	"東京都"@ja	<http://www.wikidata.org/entity/Q208511>	"世界都市"@ja	<http://www.wikidata.org/entity/P150>	"直下の行政区画"@ja	<https://ja.wikipedia.org/wiki/%E6%9D%B1%E4%BA%AC%E9%83%BD>
<http://www.wikidata.org/entity/Q1490>	"東京都"@ja	<http://www.wikidata.org/entity/Q200250>	"メトロポリス"@ja	<http://www.wikidata.org/entity/P150>	"直下の行政区画"@ja	<https://ja.wikipedia.org/wiki/%E6%9D%B1%E4%BA%AC%E9%83%BD>
<http://www.wikidata.org/entity/Q1490>	"東京都"@ja	<http://www.wikidata.org/entity/Q174844>	"メガシティ"@ja	<http://www.wikidata.org/entity/P150>	"直下の行政区画"@ja	<https://ja.wikipedia.org/wiki/%E6%9D%B1%E4%BA%AC%E9%83%BD>
<http://www.wikidata.org/entity/Q1490>	"東京都"@ja	<http://www.wikidata.org/entity/Q50337>	"都道府県"@ja	<http://www.wikidata.org/entity/P150>	"直下の行政区画"@ja	<https://ja.wikipedia.org/wiki/%E6%9D%B1%E4%BA%AC%E9%83%BD>
<http://www.wikidata.org/entity/Q1490>	"東京都"@ja	<http://www.wikidata.org/entity/Q5119>	"首都"@ja	<http://www.wikidata.org/entity/P150>	"直下の行政区画"@ja	<https://ja.wikipedia.org/wiki/%E6%9D%B1%E4%BA%AC%E9%83%BD>
<http://www.wikidata.org/entity/Q210667>	"調布市"@ja	<http://www.wikidata.org/entity/Q1549591>	"10万都市"@ja	<http://www.wikidata.org/entity/P47>	"隣の国又は行政区画"@ja	<https://ja.wikipedia.org/wiki/%E8%AA%BF%E5%B8%83%E5%B8%82>
<http://www.wikidata.org/entity/Q210667>	"調布市"@ja	<http://www.wikidata.org/entity/Q494721>	"日本の市"@ja	<http://www.wikidata.org/entity/P47>	"隣の国又は行政区画"@ja	<https://ja.wikipedia.org/wiki/%E8%AA%BF%E5%B8%83%E5%B8%82>
<http://www.wikidata.org/entity/Q213263>	"多摩市"@ja	<http://www.wikidata.org/entity/Q1549591>	"10万都市"@ja	<http://www.wikidata.org/entity/P47>	"隣の国又は行政区画"@ja	<https://ja.wikipedia.org/wiki/%E5%A4%9A%E6%91%A9%E5%B8%82>
<http://www.wikidata.org/entity/Q213263>	"多摩市"@ja	<http://www.wikidata.org/entity/Q494721>	"日本の市"@ja	<http://www.wikidata.org/entity/P47>	"隣の国又は行政区画"@ja	<https://ja.wikipedia.org/wiki/%E5%A4%9A%E6%91%A9%E5%B8%82>
<http://www.wikidata.org/entity/Q230865>	"澤穂希"@ja	<http://www.wikidata.org/entity/Q5>	"ヒト"@ja	<http://www.wikidata.org/entity/P19>	"出生地"@ja	<https://ja.wikipedia.org/wiki/%E6%BE%A4%E7%A9%82%E5%B8%8C>
<http://www.wikidata.org/entity/Q236197>	"日野市"@ja	<http://www.wikidata.org/entity/Q1549591>	"10万都市"@ja	<http://www.wikidata.org/entity/P47>	"隣の国又は行政区画"@ja	<https://ja.wikipedia.org/wiki/%E6%97%A5%E9%87%8E%E5%B8%82>
<http://www.wikidata.org/entity/Q236197>	"日野市"@ja	<http://www.wikidata.org/entity/Q494721>	"日本の市"@ja	<http://www.wikidata.org/entity/P47>	"隣の国又は行政区画"@ja	<https://ja.wikipedia.org/wiki/%E6%97%A5%E9%87%8E%E5%B8%82>
<http://www.wikidata.org/entity/Q242874>	"小金井市"@ja	<http://www.wikidata.org/entity/Q1549591>	"10万都市"@ja	<http://www.wikidata.org/entity/P47>	"隣の国又は行政区画"@ja	<https://ja.wikipedia.org/wiki/%E5%B0%8F%E9%87%91%E4%BA%95%E5%B8%82>
<http://www.wikidata.org/entity/Q242874>	"小金井市"@ja	<http://www.wikidata.org/entity/Q494721>	"日本の市"@ja	<http://www.wikidata.org/entity/P47>	"隣の国又は行政区画"@ja	<https://ja.wikipedia.org/wiki/%E5%B0%8F%E9%87%91%E4%BA%95%E5%B8%82>
<http://www.wikidata.org/entity/Q317834>	"国分寺市"@ja	<http://www.wikidata.org/entity/Q1549591>	"10万都市"@ja	<http://www.wikidata.org/entity/P47>	"隣の国又は行政区画"@ja	<https://ja.wikipedia.org/wiki/%E5%9B%BD%E5%88%86%E5%AF%BA%E5%B8%82>
<http://www.wikidata.org/entity/Q317834>	"国分寺市"@ja	<http://www.wikidata.org/entity/Q494721>	"日本の市"@ja	<http://www.wikidata.org/entity/P47>	"隣の国又は行政区画"@ja	<https://ja.wikipedia.org/wiki/%E5%9B%BD%E5%88%86%E5%AF%BA%E5%B8%82>
<http://www.wikidata.org/entity/Q1323122>	"多摩地域"@ja	<http://www.wikidata.org/entity/Q82794>	"地域"@ja	<http://www.wikidata.org/entity/P150>	"直下の行政区画"@ja	<https://ja.wikipedia.org/wiki/%E5%A4%9A%E6%91%A9%E5%9C%B0%E5%9F%9F>
<http://www.wikidata.org/entity/Q1328372>	"東京外国語大学"@ja	<http://www.wikidata.org/entity/Q265662>	"国立大学"@ja	<http://www.wikidata.org/entity/P131>	"位置する行政区画"@ja	<https://ja.wikipedia.org/wiki/%E6%9D%B1%E4%BA%AC%E5%A4%96%E5%9B%BD%E8%AA%9E%E5%A4%A7%E5%AD%A6>
<http://www.wikidata.org/entity/Q1328372>	"東京外国語大学"@ja	<http://www.wikidata.org/entity/Q3918>	"大学"@ja	<http://www.wikidata.org/entity/P131>	"位置する行政区画"@ja	<https://ja.wikipedia.org/wiki/%E6%9D%B1%E4%BA%AC%E5%A4%96%E5%9B%BD%E8%AA%9E%E5%A4%A7%E5%AD%A6>
<http://www.wikidata.org/entity/Q1526930>	"国のかたち研究会"@ja	<http://www.wikidata.org/entity/Q43229>	"組織"@ja	<http://www.wikidata.org/entity/P159>	"本部所在地"@ja	<https://ja.wikipedia.org/wiki/%E5%9B%BD%E3%81%AE%E3%81%8B%E3%81%9F%E3%81%A1%E7%A0%94%E7%A9%B6%E4%BC%9A>
<http://www.wikidata.org/entity/Q2153585>	"滝澤邦彦"@ja	<http://www.wikidata.org/entity/Q5>	"ヒト"@ja	<http://www.wikidata.org/entity/P19>	"出生地"@ja	<https://ja.wikipedia.org/wiki/%E6%BB%9D%E6%BE%A4%E9%82%A6%E5%BD%A6>
<http://www.wikidata.org/entity/Q2386677>	"五十嵐麗"@ja	<http://www.wikidata.org/entity/Q5>	"ヒト"@ja	<http://www.wikidata.org/entity/P19>	"出生地"@ja	<https://ja.wikipedia.org/wiki/%E4%BA%94%E5%8D%81%E5%B5%90%E9%BA%97>
<http://www.wikidata.org/entity/Q2466933>	"円谷英二"@ja	<http://www.wikidata.org/entity/Q5>	"ヒト"@ja	<http://www.wikidata.org/entity/P119>	"埋葬地"@ja	<https://ja.wikipedia.org/wiki/%E5%86%86%E8%B0%B7%E8%8B%B1%E4%BA%8C>
<http://www.wikidata.org/entity/Q2679399>	"細野雄一"@ja	<http://www.wikidata.org/entity/Q5>	"ヒト"@ja	<http://www.wikidata.org/entity/P19>	"出生地"@ja	<https://ja.wikipedia.org/wiki/%E7%B4%B0%E9%87%8E%E9%9B%84%E4%B8%80>
<http://www.wikidata.org/entity/Q2888213>	"分倍河原の戦い"@ja	<http://www.wikidata.org/entity/Q178561>	"戦闘"@ja	<http://www.wikidata.org/entity/P276>	"場所"@ja	<https://ja.wikipedia.org/wiki/%E5%88%86%E5%80%8D%E6%B2%B3%E5%8E%9F%E3%81%AE%E6%88%A6%E3%81%84_(%E9%8E%8C%E5%80%89%E6%99%82%E4%BB%A3)>
<http://www.wikidata.org/entity/Q2994628>	"水島精二"@ja	<http://www.wikidata.org/entity/Q5>	"ヒト"@ja	<http://www.wikidata.org/entity/P19>	"出生地"@ja	<https://ja.wikipedia.org/wiki/%E6%B0%B4%E5%B3%B6%E7%B2%BE%E4%BA%8C>
<http://www.wikidata.org/entity/Q3155131>	"山形勲"@ja	<http://www.wikidata.org/entity/Q5>	"ヒト"@ja	<http://www.wikidata.org/entity/P20>	"死没地"@ja	<https://ja.wikipedia.org/wiki/%E5%B1%B1%E5%BD%A2%E5%8B%B2>
<http://www.wikidata.org/entity/Q3156452>	"IZAM"@ja	<http://www.wikidata.org/entity/Q5>	"ヒト"@ja	<http://www.wikidata.org/entity/P19>	"出生地"@ja	<https://ja.wikipedia.org/wiki/IZAM>
<http://www.wikidata.org/entity/Q3532617>	"東芝ブレイブルーパス東京"@ja	<http://www.wikidata.org/entity/Q14645593>	"ラグビーチーム"@ja	<http://www.wikidata.org/entity/P159>	"本部所在地"@ja	<https://ja.wikipedia.org/wiki/%E6%9D%B1%E8%8A%9D%E3%83%96%E3%83%AC%E3%82%A4%E3%83%96%E3%83%AB%E3%83%BC%E3%83%91%E3%82%B9%E6%9D%B1%E4%BA%AC>
<http://www.wikidata.org/entity/Q3753905>	"立川アスレティックFC"@ja	<http://www.wikidata.org/entity/Q16632355>	"フットサル・チーム"@ja	<http://www.wikidata.org/entity/P159>	"本部所在地"@ja	<https://ja.wikipedia.org/wiki/%E7%AB%8B%E5%B7%9D%E3%82%A2%E3%82%B9%E3%83%AC%E3%83%86%E3%82%A3%E3%83%83%E3%82%AFFC>
<http://www.wikidata.org/entity/Q3788904>	"府中市郷土の森博物館"@ja	<http://www.wikidata.org/entity/Q1595639>	"郷土博物館"@ja	<http://www.wikidata.org/entity/P131>	"位置する行政区画"@ja	<https://ja.wikipedia.org/wiki/%E5%BA%9C%E4%B8%AD%E5%B8%82%E9%83%B7%E5%9C%9F%E3%81%AE%E6%A3%AE%E5%8D%9A%E7%89%A9%E9%A4%A8>
<http://www.wikidata.org/entity/Q3788904>	"府中市郷土の森博物館"@ja	<http://www.wikidata.org/entity/Q756102>	"野外博物館"@ja	<http://www.wikidata.org/entity/P131>	"位置する行政区画"@ja	<https://ja.wikipedia.org/wiki/%E5%BA%9C%E4%B8%AD%E5%B8%82%E9%83%B7%E5%9C%9F%E3%81%AE%E6%A3%AE%E5%8D%9A%E7%89%A9%E9%A4%A8>
<http://www.wikidata.org/entity/Q4284504>	"保坂一成"@ja	<http://www.wikidata.org/entity/Q5>	"ヒト"@ja	<http://www.wikidata.org/entity/P19>	"出生地"@ja	<https://ja.wikipedia.org/wiki/%E4%BF%9D%E5%9D%82%E4%B8%80%E6%88%90>
<http://www.wikidata.org/entity/Q4308321>	"武蔵野台駅"@ja	<http://www.wikidata.org/entity/Q55488>	"鉄道駅"@ja	<http://www.wikidata.org/entity/P131>	"位置する行政区画"@ja	<https://ja.wikipedia.org/wiki/%E6%AD%A6%E8%94%B5%E9%87%8E%E5%8F%B0%E9%A7%85>
<http://www.wikidata.org/entity/Q4312482>	"中河原駅"@ja	<http://www.wikidata.org/entity/Q55488>	"鉄道駅"@ja	<http://www.wikidata.org/entity/P131>	"位置する行政区画"@ja	<https://ja.wikipedia.org/wiki/%E4%B8%AD%E6%B2%B3%E5%8E%9F%E9%A7%85>
<http://www.wikidata.org/entity/Q4493753>	"府中競馬正門前駅"@ja	<http://www.wikidata.org/entity/Q55488>	"鉄道駅"@ja	<http://www.wikidata.org/entity/P131>	"位置する行政区画"@ja	<https://ja.wikipedia.org/wiki/%E5%BA%9C%E4%B8%AD%E7%AB%B6%E9%A6%AC%E6%AD%A3%E9%96%80%E5%89%8D%E9%A7%85>
<http://www.wikidata.org/entity/Q4493756>	"府中駅"@ja	<http://www.wikidata.org/entity/Q55488>	"鉄道駅"@ja	<http://www.wikidata.org/entity/P131>	"位置する行政区画"@ja	<https://ja.wikipedia.org/wiki/%E5%BA%9C%E4%B8%AD%E9%A7%85_(%E6%9D%B1%E4%BA%AC%E9%83%BD)>
<http://www.wikidata.org/entity/Q4497461>	"東府中駅"@ja	<http://www.wikidata.org/entity/Q55488>	"鉄道駅"@ja	<http://www.wikidata.org/entity/P131>	"位置する行政区画"@ja	<https://ja.wikipedia.org/wiki/%E6%9D%B1%E5%BA%9C%E4%B8%AD%E9%A7%85>
<http://www.wikidata.org/entity/Q4634328>	"三億円事件"@ja	<http://www.wikidata.org/entity/Q11519624>	"未解決事件"@ja	<http://www.wikidata.org/entity/P131>	"位置する行政区画"@ja	<https://ja.wikipedia.org/wiki/%E4%B8%89%E5%84%84%E5%86%86%E4%BA%8B%E4%BB%B6>
<http://www.wikidata.org/entity/Q4634328>	"三億円事件"@ja	<http://www.wikidata.org/entity/Q2727213>	"窃盗"@ja	<http://www.wikidata.org/entity/P131>	"位置する行政区画"@ja	<https://ja.wikipedia.org/wiki/%E4%B8%89%E5%84%84%E5%86%86%E4%BA%8B%E4%BB%B6>
<http://www.wikidata.org/entity/Q5366323>	"西府駅"@ja	<http://www.wikidata.org/entity/Q55488>	"鉄道駅"@ja	<http://www.wikidata.org/entity/P131>	"位置する行政区画"@ja	<https://ja.wikipedia.org/wiki/%E8%A5%BF%E5%BA%9C%E9%A7%85>
<http://www.wikidata.org/entity/Q5367981>	"是政駅"@ja	<http://www.wikidata.org/entity/Q55488>	"鉄道駅"@ja	<http://www.wikidata.org/entity/P131>	"位置する行政区画"@ja	<https://ja.wikipedia.org/wiki/%E6%98%AF%E6%94%BF%E9%A7%85>
<http://www.wikidata.org/entity/Q5368205>	"白糸台駅"@ja	<http://www.wikidata.org/entity/Q55488>	"鉄道駅"@ja	<http://www.wikidata.org/entity/P131>	"位置する行政区画"@ja	<https://ja.wikipedia.org/wiki/%E7%99%BD%E7%B3%B8%E5%8F%B0%E9%A7%85>
<http://www.wikidata.org/entity/Q5368661>	"多磨駅"@ja	<http://www.wikidata.org/entity/Q55488>	"鉄道駅"@ja	<http://www.wikidata.org/entity/P131>	"位置する行政区画"@ja	<https://ja.wikipedia.org/wiki/%E5%A4%9A%E7%A3%A8%E9%A7%85>
<http://www.wikidata.org/entity/Q5368927>	"競艇場前駅"@ja	<http://www.wikidata.org/entity/Q55488>	"鉄道駅"@ja	<http://www.wikidata.org/entity/P131>	"位置する行政区画"@ja	<https://ja.wikipedia.org/wiki/%E7%AB%B6%E8%89%87%E5%A0%B4%E5%89%8D%E9%A7%85_(%E6%9D%B1%E4%BA%AC%E9%83%BD)>
<http://www.wikidata.org/entity/Q5510018>	"山田ふしぎ"@ja	<http://www.wikidata.org/entity/Q5>	"ヒト"@ja	<http://www.wikidata.org/entity/P19>	"出生地"@ja	<https://ja.wikipedia.org/wiki/%E5%B1%B1%E7%94%B0%E3%81%B5%E3%81%97%E3%81%8E>
<http://www.wikidata.org/entity/Q6157675>	"国道486号"@ja	<http://www.wikidata.org/entity/Q34442>	"道路"@ja	<http://www.wikidata.org/entity/P1302>	"主な経由都市"@ja	<https://ja.wikipedia.org/wiki/%E5%9B%BD%E9%81%93486%E5%8F%B7>
<http://www.wikidata.org/entity/Q6383783>	"京王電鉄バス"@ja	<http://www.wikidata.org/entity/Q10438042>	"バス事業者"@ja	<http://www.wikidata.org/entity/P159>	"本部所在地"@ja	<https://ja.wikipedia.org/wiki/%E4%BA%AC%E7%8E%8B%E9%9B%BB%E9%89%84%E3%83%90%E3%82%B9>
<http://www.wikidata.org/entity/Q6417528>	"北府中駅"@ja	<http://www.wikidata.org/entity/Q55488>	"鉄道駅"@ja	<http://www.wikidata.org/entity/P131>	"位置する行政区画"@ja	<https://ja.wikipedia.org/wiki/%E5%8C%97%E5%BA%9C%E4%B8%AD%E9%A7%85>
<http://www.wikidata.org/entity/Q6962408>	"井上奈々朱"@ja	<http://www.wikidata.org/entity/Q5>	"ヒト"@ja	<http://www.wikidata.org/entity/P19>	"出生地"@ja	<https://ja.wikipedia.org/wiki/%E4%BA%95%E4%B8%8A%E5%A5%88%E3%80%85%E6%9C%B1>
<http://www.wikidata.org/entity/Q7385523>	"杉本竜士"@ja	<http://www.wikidata.org/entity/Q5>	"ヒト"@ja	<http://www.wikidata.org/entity/P19>	"出生地"@ja	<https://ja.wikipedia.org/wiki/%E6%9D%89%E6%9C%AC%E7%AB%9C%E5%A3%AB>
<http://www.wikidata.org/entity/Q7400597>	"建川美次"@ja	<http://www.wikidata.org/entity/Q5>	"ヒト"@ja	<http://www.wikidata.org/entity/P20>	"死没地"@ja	<https://ja.wikipedia.org/wiki/%E5%BB%BA%E5%B7%9D%E7%BE%8E%E6%AC%A1>
<http://www.wikidata.org/entity/Q7497687>	"古本新乃輔"@ja	<http://www.wikidata.org/entity/Q5>	"ヒト"@ja	<http://www.wikidata.org/entity/P19>	"出生地"@ja	<https://ja.wikipedia.org/wiki/%E5%8F%A4%E6%9C%AC%E6%96%B0%E4%B9%83%E8%BC%94>
<http://www.wikidata.org/entity/Q7680496>	"多磨霊園駅"@ja	<http://www.wikidata.org/entity/Q55488>	"鉄道駅"@ja	<http://www.wikidata.org/entity/P131>	"位置する行政区画"@ja	<https://ja.wikipedia.org/wiki/%E5%A4%9A%E7%A3%A8%E9%9C%8A%E5%9C%92%E9%A7%85>
<http://www.wikidata.org/entity/Q8673628>	"Category:府中市 (東京都)"@ja	<http://www.wikidata.org/entity/Q4167836>	"ウィキメディアのカテゴリ"@ja	<http://www.wikidata.org/entity/P301>	"カテゴリの中心主題"@ja	<https://ja.wikipedia.org/wiki/Category:%E5%BA%9C%E4%B8%AD%E5%B8%82_(%E6%9D%B1%E4%BA%AC%E9%83%BD)>
<http://www.wikidata.org/entity/Q9076413>	"保田道世"@ja	<http://www.wikidata.org/entity/Q5>	"ヒト"@ja	<http://www.wikidata.org/entity/P20>	"死没地"@ja	<https://ja.wikipedia.org/wiki/%E4%BF%9D%E7%94%B0%E9%81%93%E4%B8%96>
<http://www.wikidata.org/entity/Q9304676>	"河合龍之介"@ja	<http://www.wikidata.org/entity/Q5>	"ヒト"@ja	<http://www.wikidata.org/entity/P19>	"出生地"@ja	<https://ja.wikipedia.org/wiki/%E6%B2%B3%E5%90%88%E9%BE%8D%E4%B9%8B%E4%BB%8B>
<http://www.wikidata.org/entity/Q11080318>	"白糸台車両基地"@ja	<http://www.wikidata.org/entity/Q19563580>	"車両基地"@ja	<http://www.wikidata.org/entity/P131>	"位置する行政区画"@ja	<https://ja.wikipedia.org/wiki/%E7%99%BD%E7%B3%B8%E5%8F%B0%E8%BB%8A%E4%B8%A1%E5%9F%BA%E5%9C%B0>
<http://www.wikidata.org/entity/Q11234650>	"NEC東芝スペースシステム"@ja	<http://www.wikidata.org/entity/Q4830453>	"企業"@ja	<http://www.wikidata.org/entity/P159>	"本部所在地"@ja	<https://ja.wikipedia.org/wiki/NEC%E3%82%B9%E3%83%9A%E3%83%BC%E3%82%B9%E3%83%86%E3%82%AF%E3%83%8E%E3%83%AD%E3%82%B8%E3%83%BC>
<http://www.wikidata.org/entity/Q11265601>	"くらやみ祭"@ja	<http://www.wikidata.org/entity/Q11385469>	"例祭"@ja	<http://www.wikidata.org/entity/P131>	"位置する行政区画"@ja	<https://ja.wikipedia.org/wiki/%E3%81%8F%E3%82%89%E3%82%84%E3%81%BF%E7%A5%AD>
<http://www.wikidata.org/entity/Q11280476>	"やまけん"@ja	<http://www.wikidata.org/entity/Q5>	"ヒト"@ja	<http://www.wikidata.org/entity/P19>	"出生地"@ja	<https://ja.wikipedia.org/wiki/%E3%82%84%E3%81%BE%E3%81%91%E3%82%93>
<http://www.wikidata.org/entity/Q11339827>	"マインズ農業協同組合"@ja	<http://www.wikidata.org/entity/Q13136957>	"Q13136957"	<http://www.wikidata.org/entity/P159>	"本部所在地"@ja	<https://ja.wikipedia.org/wiki/%E3%83%9E%E3%82%A4%E3%83%B3%E3%82%BA%E8%BE%B2%E6%A5%AD%E5%8D%94%E5%90%8C%E7%B5%84%E5%90%88>
<http://www.wikidata.org/entity/Q11356888>	"三笑亭可龍"@ja	<http://www.wikidata.org/entity/Q11415657>	"名跡"@ja	<http://www.wikidata.org/entity/P19>	"出生地"@ja	<https://ja.wikipedia.org/wiki/%E4%B8%89%E7%AC%91%E4%BA%AD%E5%8F%AF%E9%BE%8D>
<http://www.wikidata.org/entity/Q11356888>	"三笑亭可龍"@ja	<http://www.wikidata.org/entity/Q5>	"ヒト"@ja	<http://www.wikidata.org/entity/P19>	"出生地"@ja	<https://ja.wikipedia.org/wiki/%E4%B8%89%E7%AC%91%E4%BA%AD%E5%8F%AF%E9%BE%8D>
<http://www.wikidata.org/entity/Q11363023>	"中倉彰子"@ja	<http://www.wikidata.org/entity/Q5>	"ヒト"@ja	<http://www.wikidata.org/entity/P19>	"出生地"@ja	<https://ja.wikipedia.org/wiki/%E4%B8%AD%E5%80%89%E5%BD%B0%E5%AD%90>
<http://www.wikidata.org/entity/Q11363024>	"中倉宏美"@ja	<http://www.wikidata.org/entity/Q5>	"ヒト"@ja	<http://www.wikidata.org/entity/P19>	"出生地"@ja	<https://ja.wikipedia.org/wiki/%E4%B8%AD%E5%80%89%E5%AE%8F%E7%BE%8E>
<http://www.wikidata.org/entity/Q11365485>	"中村太地"@ja	<http://www.wikidata.org/entity/Q5>	"ヒト"@ja	<http://www.wikidata.org/entity/P19>	"出生地"@ja	<https://ja.wikipedia.org/wiki/%E4%B8%AD%E6%9D%91%E5%A4%AA%E5%9C%B0_(%E6%A3%8B%E5%A3%AB)>
<http://www.wikidata.org/entity/Q11372646>	"五藤光学研究所"@ja	<http://www.wikidata.org/entity/Q6881511>	"事業者"@ja	<http://www.wikidata.org/entity/P159>	"本部所在地"@ja	<https://ja.wikipedia.org/wiki/%E4%BA%94%E8%97%A4%E5%85%89%E5%AD%A6%E7%A0%94%E7%A9%B6%E6%89%80>
<http://www.wikidata.org/entity/Q11372646>	"五藤光学研究所"@ja	<http://www.wikidata.org/entity/Q4830453>	"企業"@ja	<http://www.wikidata.org/entity/P159>	"本部所在地"@ja	<https://ja.wikipedia.org/wiki/%E4%BA%94%E8%97%A4%E5%85%89%E5%AD%A6%E7%A0%94%E7%A9%B6%E6%89%80>
<http://www.wikidata.org/entity/Q11382163>	"佐々木基樹"@ja	<http://www.wikidata.org/entity/Q5>	"ヒト"@ja	<http://www.wikidata.org/entity/P19>	"出生地"@ja	<https://ja.wikipedia.org/wiki/%E4%BD%90%E3%80%85%E6%9C%A8%E5%9F%BA%E6%A8%B9>
<http://www.wikidata.org/entity/Q11384532>	"佐藤隆 (シンガーソングライター)"@ja	<http://www.wikidata.org/entity/Q5>	"ヒト"@ja	<http://www.wikidata.org/entity/P19>	"出生地"@ja	<https://ja.wikipedia.org/wiki/%E4%BD%90%E8%97%A4%E9%9A%86_(%E3%82%B7%E3%83%B3%E3%82%AC%E3%83%BC%E3%82%BD%E3%83%B3%E3%82%B0%E3%83%A9%E3%82%A4%E3%82%BF%E3%83%BC)>
<http://www.wikidata.org/entity/Q11396078>	"分倍河原の戦い"@ja	<http://www.wikidata.org/entity/Q178561>	"戦闘"@ja	<http://www.wikidata.org/entity/P276>	"場所"@ja	<https://ja.wikipedia.org/wiki/%E5%88%86%E5%80%8D%E6%B2%B3%E5%8E%9F%E3%81%AE%E6%88%A6%E3%81%84_(%E5%AE%A4%E7%94%BA%E6%99%82%E4%BB%A3)>
<http://www.wikidata.org/entity/Q11397499>	"前田喜史"@ja	<http://www.wikidata.org/entity/Q5>	"ヒト"@ja	<http://www.wikidata.org/entity/P19>	"出生地"@ja	<https://ja.wikipedia.org/wiki/%E5%89%8D%E7%94%B0%E5%96%9C%E5%8F%B2>
<http://www.wikidata.org/entity/Q11397707>	"前田美幸"@ja	<http://www.wikidata.org/entity/Q5>	"ヒト"@ja	<http://www.wikidata.org/entity/P19>	"出生地"@ja	<https://ja.wikipedia.org/wiki/%E5%89%8D%E7%94%B0%E7%BE%8E%E5%B9%B8>
<http://www.wikidata.org/entity/Q11401480>	"北山町"@ja	<http://www.wikidata.org/entity/Q3957>	"街"@ja	<http://www.wikidata.org/entity/P131>	"位置する行政区画"@ja	<https://ja.wikipedia.org/wiki/%E5%8C%97%E5%B1%B1%E7%94%BA_(%E6%9D%B1%E4%BA%AC%E9%83%BD%E5%BA%9C%E4%B8%AD%E5%B8%82)>
<http://www.wikidata.org/entity/Q11427109>	"埼玉県道・東京都道17号"@ja	<http://www.wikidata.org/entity/Q34442>	"道路"@ja	<http://www.wikidata.org/entity/P609>	"起終点"@ja	<https://ja.wikipedia.org/wiki/%E5%9F%BC%E7%8E%89%E7%9C%8C%E9%81%93%E3%83%BB%E6%9D%B1%E4%BA%AC%E9%83%BD%E9%81%9317%E5%8F%B7%E6%89%80%E6%B2%A2%E5%BA%9C%E4%B8%AD%E7%B7%9A>
<http://www.wikidata.org/entity/Q11427109>	"埼玉県道・東京都道17号"@ja	<http://www.wikidata.org/entity/Q34442>	"道路"@ja	<http://www.wikidata.org/entity/P131>	"位置する行政区画"@ja	<https://ja.wikipedia.org/wiki/%E5%9F%BC%E7%8E%89%E7%9C%8C%E9%81%93%E3%83%BB%E6%9D%B1%E4%BA%AC%E9%83%BD%E9%81%9317%E5%8F%B7%E6%89%80%E6%B2%A2%E5%BA%9C%E4%B8%AD%E7%B7%9A>
<http://www.wikidata.org/entity/Q11427285>	"堀内敬子"@ja	<http://www.wikidata.org/entity/Q5>	"ヒト"@ja	<http://www.wikidata.org/entity/P19>	"出生地"@ja	<https://ja.wikipedia.org/wiki/%E5%A0%80%E5%86%85%E6%95%AC%E5%AD%90>
<http://www.wikidata.org/entity/Q11430752>	"多摩川競艇場"@ja	<http://www.wikidata.org/entity/Q10855239>	"競艇場"@ja	<http://www.wikidata.org/entity/P131>	"位置する行政区画"@ja	<https://ja.wikipedia.org/wiki/%E5%A4%9A%E6%91%A9%E5%B7%9D%E7%AB%B6%E8%89%87%E5%A0%B4>
<http://www.wikidata.org/entity/Q11430995>	"多磨町"@ja	<http://www.wikidata.org/entity/Q5327369>	"町丁"@ja	<http://www.wikidata.org/entity/P131>	"位置する行政区画"@ja	<https://ja.wikipedia.org/wiki/%E5%A4%9A%E7%A3%A8%E7%94%BA>
<http://www.wikidata.org/entity/Q11430992>	"多磨村"@ja	<http://www.wikidata.org/entity/Q18663566>	"日本の廃止市区町村"@ja	<http://www.wikidata.org/entity/P3842>	"位置する現在の行政区画"@ja	<https://ja.wikipedia.org/wiki/%E5%A4%9A%E7%A3%A8%E6%9D%91>
<http://www.wikidata.org/entity/Q11430992>	"多磨村"@ja	<http://www.wikidata.org/entity/Q18663566>	"日本の廃止市区町村"@ja	<http://www.wikidata.org/entity/P1366>	"後継"@ja	<https://ja.wikipedia.org/wiki/%E5%A4%9A%E7%A3%A8%E6%9D%91>
<http://www.wikidata.org/entity/Q11444108>	"太田光代"@ja	<http://www.wikidata.org/entity/Q5>	"ヒト"@ja	<http://www.wikidata.org/entity/P19>	"出生地"@ja	<https://ja.wikipedia.org/wiki/%E5%A4%AA%E7%94%B0%E5%85%89%E4%BB%A3>
<http://www.wikidata.org/entity/Q11447899>	"子安美知子"@ja	<http://www.wikidata.org/entity/Q5>	"ヒト"@ja	<http://www.wikidata.org/entity/P20>	"死没地"@ja	<https://ja.wikipedia.org/wiki/%E5%AD%90%E5%AE%89%E7%BE%8E%E7%9F%A5%E5%AD%90>
<http://www.wikidata.org/entity/Q11448971>	"宅八郎"@ja	<http://www.wikidata.org/entity/Q5>	"ヒト"@ja	<http://www.wikidata.org/entity/P20>	"死没地"@ja	<https://ja.wikipedia.org/wiki/%E5%AE%85%E5%85%AB%E9%83%8E>
<http://www.wikidata.org/entity/Q11451682>	"安養寺"@ja	<http://www.wikidata.org/entity/Q5393308>	"仏教寺院"@ja	<http://www.wikidata.org/entity/P131>	"位置する行政区画"@ja	<https://ja.wikipedia.org/wiki/%E5%AE%89%E9%A4%8A%E5%AF%BA_(%E6%9D%B1%E4%BA%AC%E9%83%BD%E5%BA%9C%E4%B8%AD%E5%B8%82)>
<http://www.wikidata.org/entity/Q11458341>	"寿町"@ja	<http://www.wikidata.org/entity/Q3957>	"街"@ja	<http://www.wikidata.org/entity/P131>	"位置する行政区画"@ja	<https://ja.wikipedia.org/wiki/%E5%AF%BF%E7%94%BA_(%E6%9D%B1%E4%BA%AC%E9%83%BD%E5%BA%9C%E4%B8%AD%E5%B8%82)>
<http://www.wikidata.org/entity/Q11460576>	"小川義綏"@ja	<http://www.wikidata.org/entity/Q5>	"ヒト"@ja	<http://www.wikidata.org/entity/P19>	"出生地"@ja	<https://ja.wikipedia.org/wiki/%E5%B0%8F%E5%B7%9D%E7%BE%A9%E7%B6%8F>
<http://www.wikidata.org/entity/Q11464226>	"小野神社"@ja	<http://www.wikidata.org/entity/Q845945>	"神社"@ja	<http://www.wikidata.org/entity/P131>	"位置する行政区画"@ja	<https://ja.wikipedia.org/wiki/%E5%B0%8F%E9%87%8E%E7%A5%9E%E7%A4%BE_(%E6%9D%B1%E4%BA%AC%E9%83%BD%E5%BA%9C%E4%B8%AD%E5%B8%82)>
<http://www.wikidata.org/entity/Q11469170>	"山本泰"@ja	<http://www.wikidata.org/entity/Q5>	"ヒト"@ja	<http://www.wikidata.org/entity/P20>	"死没地"@ja	<https://ja.wikipedia.org/wiki/%E5%B1%B1%E6%9C%AC%E6%B3%B0>
<http://www.wikidata.org/entity/Q11473247>	"岡本雨"@ja	<http://www.wikidata.org/entity/Q5>	"ヒト"@ja	<http://www.wikidata.org/entity/P19>	"出生地"@ja	<https://ja.wikipedia.org/wiki/%E5%B2%A1%E6%9C%AC%E9%9B%A8>
<http://www.wikidata.org/entity/Q11473765>	"岡薫"@ja	<http://www.wikidata.org/entity/Q5>	"ヒト"@ja	<http://www.wikidata.org/entity/P19>	"出生地"@ja	<https://ja.wikipedia.org/wiki/%E5%B2%A1%E8%96%AB>
<http://www.wikidata.org/entity/Q11480175>	"市川勝也"@ja	<http://www.wikidata.org/entity/Q5>	"ヒト"@ja	<http://www.wikidata.org/entity/P19>	"出生地"@ja	<https://ja.wikipedia.org/wiki/%E5%B8%82%E5%B7%9D%E5%8B%9D%E4%B9%9F>
<http://www.wikidata.org/entity/Q11482238>	"平和島競艇場"@ja	<http://www.wikidata.org/entity/Q10855239>	"競艇場"@ja	<http://www.wikidata.org/entity/P137>	"運営者"@ja	<https://ja.wikipedia.org/wiki/%E5%B9%B3%E5%92%8C%E5%B3%B6%E7%AB%B6%E8%89%87%E5%A0%B4>
<http://www.wikidata.org/entity/Q11485110>	"広島県道383号"@ja	<http://www.wikidata.org/entity/Q34442>	"道路"@ja	<http://www.wikidata.org/entity/P609>	"起終点"@ja	<https://ja.wikipedia.org/wiki/%E5%BA%83%E5%B3%B6%E7%9C%8C%E9%81%93383%E5%8F%B7%E7%AF%A0%E6%A0%B9%E9%AB%98%E5%B0%BE%E7%B7%9A>
<http://www.wikidata.org/entity/Q11486015>	"府中バスストップ"@ja	<http://www.wikidata.org/entity/Q953806>	"バス停留所"@ja	<http://www.wikidata.org/entity/P131>	"位置する行政区画"@ja	<https://ja.wikipedia.org/wiki/%E5%BA%9C%E4%B8%AD%E3%83%90%E3%82%B9%E3%82%B9%E3%83%88%E3%83%83%E3%83%97>
<http://www.wikidata.org/entity/Q11589388>	"神奈川県道・東京都道9号"@ja	<http://www.wikidata.org/entity/Q34442>	"道路"@ja	<http://www.wikidata.org/entity/P131>	"位置する行政区画"@ja	<https://ja.wikipedia.org/wiki/%E7%A5%9E%E5%A5%88%E5%B7%9D%E7%9C%8C%E9%81%93%E3%83%BB%E6%9D%B1%E4%BA%AC%E9%83%BD%E9%81%939%E5%8F%B7%E5%B7%9D%E5%B4%8E%E5%BA%9C%E4%B8%AD%E7%B7%9A>
<http://www.wikidata.org/entity/Q11596182>	"称名寺"@ja	<http://www.wikidata.org/entity/Q5393308>	"仏教寺院"@ja	<http://www.wikidata.org/entity/P131>	"位置する行政区画"@ja	<https://ja.wikipedia.org/wiki/%E7%A7%B0%E5%90%8D%E5%AF%BA_(%E6%9D%B1%E4%BA%AC%E9%83%BD%E5%BA%9C%E4%B8%AD%E5%B8%82)>
<http://www.wikidata.org/entity/Q11596543>	"稲城インターチェンジ"@ja	<http://www.wikidata.org/entity/Q2376564>	"インターチェンジ"@ja	<http://www.wikidata.org/entity/P131>	"位置する行政区画"@ja	<https://ja.wikipedia.org/wiki/%E7%A8%B2%E5%9F%8E%E3%82%A4%E3%83%B3%E3%82%BF%E3%83%BC%E3%83%81%E3%82%A7%E3%83%B3%E3%82%B8>
<http://www.wikidata.org/entity/Q11596545>	"稲城大橋"@ja	<http://www.wikidata.org/entity/Q34442>	"道路"@ja	<http://www.wikidata.org/entity/P131>	"位置する行政区画"@ja	<https://ja.wikipedia.org/wiki/%E7%A8%B2%E5%9F%8E%E5%A4%A7%E6%A9%8B>
<http://www.wikidata.org/entity/Q11596545>	"稲城大橋"@ja	<http://www.wikidata.org/entity/Q12280>	"橋"@ja	<http://www.wikidata.org/entity/P131>	"位置する行政区画"@ja	<https://ja.wikipedia.org/wiki/%E7%A8%B2%E5%9F%8E%E5%A4%A7%E6%A9%8B>
<http://www.wikidata.org/entity/Q11603149>	"箕輪はるか"@ja	<http://www.wikidata.org/entity/Q5>	"ヒト"@ja	<http://www.wikidata.org/entity/P19>	"出生地"@ja	<https://ja.wikipedia.org/wiki/%E7%AE%95%E8%BC%AA%E3%81%AF%E3%82%8B%E3%81%8B>
<http://www.wikidata.org/entity/Q11605263>	"紅葉丘"@ja	<http://www.wikidata.org/entity/Q3957>	"街"@ja	<http://www.wikidata.org/entity/P131>	"位置する行政区画"@ja	<https://ja.wikipedia.org/wiki/%E7%B4%85%E8%91%89%E4%B8%98>
<http://www.wikidata.org/entity/Q11607851>	"緑町"@ja	<http://www.wikidata.org/entity/Q3957>	"街"@ja	<http://www.wikidata.org/entity/P131>	"位置する行政区画"@ja	<https://ja.wikipedia.org/wiki/%E7%B7%91%E7%94%BA_(%E6%9D%B1%E4%BA%AC%E9%83%BD%E5%BA%9C%E4%B8%AD%E5%B8%82)>
<http://www.wikidata.org/entity/Q11613936>	"航空開発実験集団"@ja	<http://www.wikidata.org/entity/Q2008856>	"コマンド"@ja	<http://www.wikidata.org/entity/P131>	"位置する行政区画"@ja	<https://ja.wikipedia.org/wiki/%E8%88%AA%E7%A9%BA%E9%96%8B%E7%99%BA%E5%AE%9F%E9%A8%93%E9%9B%86%E5%9B%A3>
<http://www.wikidata.org/entity/Q11616425>	"若松町"@ja	<http://www.wikidata.org/entity/Q3957>	"街"@ja	<http://www.wikidata.org/entity/P131>	"位置する行政区画"@ja	<https://ja.wikipedia.org/wiki/%E8%8B%A5%E6%9D%BE%E7%94%BA_(%E6%9D%B1%E4%BA%AC%E9%83%BD%E5%BA%9C%E4%B8%AD%E5%B8%82)>
<http://www.wikidata.org/entity/Q11628239>	"西府村"@ja	<http://www.wikidata.org/entity/Q18663566>	"日本の廃止市区町村"@ja	<http://www.wikidata.org/entity/P3842>	"位置する現在の行政区画"@ja	<https://ja.wikipedia.org/wiki/%E8%A5%BF%E5%BA%9C%E6%9D%91>
<http://www.wikidata.org/entity/Q11628239>	"西府村"@ja	<http://www.wikidata.org/entity/Q18663566>	"日本の廃止市区町村"@ja	<http://www.wikidata.org/entity/P1366>	"後継"@ja	<https://ja.wikipedia.org/wiki/%E8%A5%BF%E5%BA%9C%E6%9D%91>
<http://www.wikidata.org/entity/Q11630201>	"見栄晴"@ja	<http://www.wikidata.org/entity/Q5>	"ヒト"@ja	<http://www.wikidata.org/entity/P19>	"出生地"@ja	<https://ja.wikipedia.org/wiki/%E8%A6%8B%E6%A0%84%E6%99%B4>
<http://www.wikidata.org/entity/Q81917802>	"府中市立府中第三小学校"@ja	<http://www.wikidata.org/entity/Q5358913>	"日本の小学校"@ja	<http://www.wikidata.org/entity/P131>	"位置する行政区画"@ja	<https://ja.wikipedia.org/wiki/%E5%BA%9C%E4%B8%AD%E5%B8%82%E7%AB%8B%E5%BA%9C%E4%B8%AD%E7%AC%AC%E4%B8%89%E5%B0%8F%E5%AD%A6%E6%A0%A1>
<http://www.wikidata.org/entity/Q81917802>	"府中市立府中第三小学校"@ja	<http://www.wikidata.org/entity/Q5358913>	"日本の小学校"@ja	<http://www.wikidata.org/entity/P126>	"管理者"@ja	<https://ja.wikipedia.org/wiki/%E5%BA%9C%E4%B8%AD%E5%B8%82%E7%AB%8B%E5%BA%9C%E4%B8%AD%E7%AC%AC%E4%B8%89%E5%B0%8F%E5%AD%A6%E6%A0%A1>
<http://www.wikidata.org/entity/Q81917800>	"府中市立府中第二小学校"@ja	<http://www.wikidata.org/entity/Q5358913>	"日本の小学校"@ja	<http://www.wikidata.org/entity/P131>	"位置する行政区画"@ja	<https://ja.wikipedia.org/wiki/%E5%BA%9C%E4%B8%AD%E5%B8%82%E7%AB%8B%E5%BA%9C%E4%B8%AD%E7%AC%AC%E4%BA%8C%E5%B0%8F%E5%AD%A6%E6%A0%A1>
<http://www.wikidata.org/entity/Q81917800>	"府中市立府中第二小学校"@ja	<http://www.wikidata.org/entity/Q5358913>	"日本の小学校"@ja	<http://www.wikidata.org/entity/P126>	"管理者"@ja	<https://ja.wikipedia.org/wiki/%E5%BA%9C%E4%B8%AD%E5%B8%82%E7%AB%8B%E5%BA%9C%E4%B8%AD%E7%AC%AC%E4%BA%8C%E5%B0%8F%E5%AD%A6%E6%A0%A1>
<http://www.wikidata.org/entity/Q81917806>	"府中市立府中第五小学校"@ja	<http://www.wikidata.org/entity/Q5358913>	"日本の小学校"@ja	<http://www.wikidata.org/entity/P131>	"位置する行政区画"@ja	<https://ja.wikipedia.org/wiki/%E5%BA%9C%E4%B8%AD%E5%B8%82%E7%AB%8B%E5%BA%9C%E4%B8%AD%E7%AC%AC%E4%BA%94%E5%B0%8F%E5%AD%A6%E6%A0%A1>
<http://www.wikidata.org/entity/Q81917806>	"府中市立府中第五小学校"@ja	<http://www.wikidata.org/entity/Q5358913>	"日本の小学校"@ja	<http://www.wikidata.org/entity/P126>	"管理者"@ja	<https://ja.wikipedia.org/wiki/%E5%BA%9C%E4%B8%AD%E5%B8%82%E7%AB%8B%E5%BA%9C%E4%B8%AD%E7%AC%AC%E4%BA%94%E5%B0%8F%E5%AD%A6%E6%A0%A1>
<http://www.wikidata.org/entity/Q81917804>	"府中市立府中第四小学校"@ja	<http://www.wikidata.org/entity/Q5358913>	"日本の小学校"@ja	<http://www.wikidata.org/entity/P131>	"位置する行政区画"@ja	<https://ja.wikipedia.org/wiki/%E5%BA%9C%E4%B8%AD%E5%B8%82%E7%AB%8B%E5%BA%9C%E4%B8%AD%E7%AC%AC%E5%9B%9B%E5%B0%8F%E5%AD%A6%E6%A0%A1>
<http://www.wikidata.org/entity/Q81917804>	"府中市立府中第四小学校"@ja	<http://www.wikidata.org/entity/Q5358913>	"日本の小学校"@ja	<http://www.wikidata.org/entity/P126>	"管理者"@ja	<https://ja.wikipedia.org/wiki/%E5%BA%9C%E4%B8%AD%E5%B8%82%E7%AB%8B%E5%BA%9C%E4%B8%AD%E7%AC%AC%E5%9B%9B%E5%B0%8F%E5%AD%A6%E6%A0%A1>
<http://www.wikidata.org/entity/Q81917810>	"府中市立府中第七小学校"@ja	<http://www.wikidata.org/entity/Q5358913>	"日本の小学校"@ja	<http://www.wikidata.org/entity/P131>	"位置する行政区画"@ja	<https://ja.wikipedia.org/wiki/%E5%BA%9C%E4%B8%AD%E5%B8%82%E7%AB%8B%E5%BA%9C%E4%B8%AD%E7%AC%AC%E4%B8%83%E5%B0%8F%E5%AD%A6%E6%A0%A1>
<http://www.wikidata.org/entity/Q81917810>	"府中市立府中第七小学校"@ja	<http://www.wikidata.org/entity/Q5358913>	"日本の小学校"@ja	<http://www.wikidata.org/entity/P126>	"管理者"@ja	<https://ja.wikipedia.org/wiki/%E5%BA%9C%E4%B8%AD%E5%B8%82%E7%AB%8B%E5%BA%9C%E4%B8%AD%E7%AC%AC%E4%B8%83%E5%B0%8F%E5%AD%A6%E6%A0%A1>
<http://www.wikidata.org/entity/Q81917808>	"府中市立府中第六小学校"@ja	<http://www.wikidata.org/entity/Q5358913>	"日本の小学校"@ja	<http://www.wikidata.org/entity/P131>	"位置する行政区画"@ja	<https://ja.wikipedia.org/wiki/%E5%BA%9C%E4%B8%AD%E5%B8%82%E7%AB%8B%E5%BA%9C%E4%B8%AD%E7%AC%AC%E5%85%AD%E5%B0%8F%E5%AD%A6%E6%A0%A1>
<http://www.wikidata.org/entity/Q81917808>	"府中市立府中第六小学校"@ja	<http://www.wikidata.org/entity/Q5358913>	"日本の小学校"@ja	<http://www.wikidata.org/entity/P126>	"管理者"@ja	<https://ja.wikipedia.org/wiki/%E5%BA%9C%E4%B8%AD%E5%B8%82%E7%AB%8B%E5%BA%9C%E4%B8%AD%E7%AC%AC%E5%85%AD%E5%B0%8F%E5%AD%A6%E6%A0%A1>
<http://www.wikidata.org/entity/Q81917814>	"府中市立府中第九小学校"@ja	<http://www.wikidata.org/entity/Q5358913>	"日本の小学校"@ja	<http://www.wikidata.org/entity/P131>	"位置する行政区画"@ja	<https://ja.wikipedia.org/wiki/%E5%BA%9C%E4%B8%AD%E5%B8%82%E7%AB%8B%E5%BA%9C%E4%B8%AD%E7%AC%AC%E4%B9%9D%E5%B0%8F%E5%AD%A6%E6%A0%A1>
<http://www.wikidata.org/entity/Q81917814>	"府中市立府中第九小学校"@ja	<http://www.wikidata.org/entity/Q5358913>	"日本の小学校"@ja	<http://www.wikidata.org/entity/P126>	"管理者"@ja	<https://ja.wikipedia.org/wiki/%E5%BA%9C%E4%B8%AD%E5%B8%82%E7%AB%8B%E5%BA%9C%E4%B8%AD%E7%AC%AC%E4%B9%9D%E5%B0%8F%E5%AD%A6%E6%A0%A1>
<http://www.wikidata.org/entity/Q81917812>	"府中市立府中第八小学校"@ja	<http://www.wikidata.org/entity/Q5358913>	"日本の小学校"@ja	<http://www.wikidata.org/entity/P131>	"位置する行政区画"@ja	<https://ja.wikipedia.org/wiki/%E5%BA%9C%E4%B8%AD%E5%B8%82%E7%AB%8B%E5%BA%9C%E4%B8%AD%E7%AC%AC%E5%85%AB%E5%B0%8F%E5%AD%A6%E6%A0%A1>
<http://www.wikidata.org/entity/Q81917812>	"府中市立府中第八小学校"@ja	<http://www.wikidata.org/entity/Q5358913>	"日本の小学校"@ja	<http://www.wikidata.org/entity/P126>	"管理者"@ja	<https://ja.wikipedia.org/wiki/%E5%BA%9C%E4%B8%AD%E5%B8%82%E7%AB%8B%E5%BA%9C%E4%B8%AD%E7%AC%AC%E5%85%AB%E5%B0%8F%E5%AD%A6%E6%A0%A1>
<http://www.wikidata.org/entity/Q81917816>	"府中市立府中第十小学校"@ja	<http://www.wikidata.org/entity/Q5358913>	"日本の小学校"@ja	<http://www.wikidata.org/entity/P131>	"位置する行政区画"@ja	<https://ja.wikipedia.org/wiki/%E5%BA%9C%E4%B8%AD%E5%B8%82%E7%AB%8B%E5%BA%9C%E4%B8%AD%E7%AC%AC%E5%8D%81%E5%B0%8F%E5%AD%A6%E6%A0%A1>
<http://www.wikidata.org/entity/Q81917816>	"府中市立府中第十小学校"@ja	<http://www.wikidata.org/entity/Q5358913>	"日本の小学校"@ja	<http://www.wikidata.org/entity/P126>	"管理者"@ja	<https://ja.wikipedia.org/wiki/%E5%BA%9C%E4%B8%AD%E5%B8%82%E7%AB%8B%E5%BA%9C%E4%B8%AD%E7%AC%AC%E5%8D%81%E5%B0%8F%E5%AD%A6%E6%A0%A1>
<http://www.wikidata.org/entity/Q81917836>	"府中市立南白糸台小学校"@ja	<http://www.wikidata.org/entity/Q5358913>	"日本の小学校"@ja	<http://www.wikidata.org/entity/P131>	"位置する行政区画"@ja	<https://ja.wikipedia.org/wiki/%E5%BA%9C%E4%B8%AD%E5%B8%82%E7%AB%8B%E5%8D%97%E7%99%BD%E7%B3%B8%E5%8F%B0%E5%B0%8F%E5%AD%A6%E6%A0%A1>
<http://www.wikidata.org/entity/Q81917836>	"府中市立南白糸台小学校"@ja	<http://www.wikidata.org/entity/Q5358913>	"日本の小学校"@ja	<http://www.wikidata.org/entity/P126>	"管理者"@ja	<https://ja.wikipedia.org/wiki/%E5%BA%9C%E4%B8%AD%E5%B8%82%E7%AB%8B%E5%8D%97%E7%99%BD%E7%B3%B8%E5%8F%B0%E5%B0%8F%E5%AD%A6%E6%A0%A1>
<http://www.wikidata.org/entity/Q81917842>	"府中市立南町小学校"@ja	<http://www.wikidata.org/entity/Q5358913>	"日本の小学校"@ja	<http://www.wikidata.org/entity/P131>	"位置する行政区画"@ja	<https://ja.wikipedia.org/wiki/%E5%BA%9C%E4%B8%AD%E5%B8%82%E7%AB%8B%E5%8D%97%E7%94%BA%E5%B0%8F%E5%AD%A6%E6%A0%A1>
<http://www.wikidata.org/entity/Q81917842>	"府中市立南町小学校"@ja	<http://www.wikidata.org/entity/Q5358913>	"日本の小学校"@ja	<http://www.wikidata.org/entity/P126>	"管理者"@ja	<https://ja.wikipedia.org/wiki/%E5%BA%9C%E4%B8%AD%E5%B8%82%E7%AB%8B%E5%8D%97%E7%94%BA%E5%B0%8F%E5%AD%A6%E6%A0%A1>
<http://www.wikidata.org/entity/Q90178613>	"むさしの学園小学校"@ja	<http://www.wikidata.org/entity/Q5358913>	"日本の小学校"@ja	<http://www.wikidata.org/entity/P131>	"位置する行政区画"@ja	<https://ja.wikipedia.org/wiki/%E3%82%80%E3%81%95%E3%81%97%E3%81%AE%E5%AD%A6%E5%9C%92%E5%B0%8F%E5%AD%A6%E6%A0%A1>
<http://www.wikidata.org/entity/Q90866598>	"宮野弦士"@ja	<http://www.wikidata.org/entity/Q5>	"ヒト"@ja	<http://www.wikidata.org/entity/P19>	"出生地"@ja	<https://ja.wikipedia.org/wiki/%E5%AE%AE%E9%87%8E%E5%BC%A6%E5%A3%AB>
<http://www.wikidata.org/entity/Q94695624>	"ぷらりと京王府中"@ja	<http://www.wikidata.org/entity/Q1339195>	"駅ビル"@ja	<http://www.wikidata.org/entity/P131>	"位置する行政区画"@ja	<https://ja.wikipedia.org/wiki/%E3%81%B7%E3%82%89%E3%82%8A%E3%81%A8%E4%BA%AC%E7%8E%8B%E5%BA%9C%E4%B8%AD>
<http://www.wikidata.org/entity/Q94695624>	"ぷらりと京王府中"@ja	<http://www.wikidata.org/entity/Q11315>	"ショッピングセンター"@ja	<http://www.wikidata.org/entity/P131>	"位置する行政区画"@ja	<https://ja.wikipedia.org/wiki/%E3%81%B7%E3%82%89%E3%82%8A%E3%81%A8%E4%BA%AC%E7%8E%8B%E5%BA%9C%E4%B8%AD>
<http://www.wikidata.org/entity/Q107391071>	"誓願寺"@ja	<http://www.wikidata.org/entity/Q5393308>	"仏教寺院"@ja	<http://www.wikidata.org/entity/P131>	"位置する行政区画"@ja	<https://ja.wikipedia.org/wiki/%E8%AA%93%E9%A1%98%E5%AF%BA_(%E6%9D%B1%E4%BA%AC%E9%83%BD%E5%BA%9C%E4%B8%AD%E5%B8%82)>
<http://www.wikidata.org/entity/Q108110192>	"澁谷善ヘイゼル"@ja	<http://www.wikidata.org/entity/Q5>	"ヒト"@ja	<http://www.wikidata.org/entity/P19>	"出生地"@ja	<https://ja.wikipedia.org/wiki/%E6%BE%81%E8%B0%B7%E5%96%84%E3%83%98%E3%82%A4%E3%82%BC%E3%83%AB>
<http://www.wikidata.org/entity/Q109421588>	"松平信久"@ja	<http://www.wikidata.org/entity/Q5>	"ヒト"@ja	<http://www.wikidata.org/entity/P19>	"出生地"@ja	<https://ja.wikipedia.org/wiki/%E6%9D%BE%E5%B9%B3%E4%BF%A1%E4%B9%85_(%E6%95%99%E8%82%B2%E5%AD%A6%E8%80%85)>
<http://www.wikidata.org/entity/Q109564521>	"府中四谷橋"@ja	<http://www.wikidata.org/entity/Q12280>	"橋"@ja	<http://www.wikidata.org/entity/P131>	"位置する行政区画"@ja	<https://ja.wikipedia.org/wiki/%E5%BA%9C%E4%B8%AD%E5%9B%9B%E8%B0%B7%E6%A9%8B>
<http://www.wikidata.org/entity/Q115166539>	"井上仁"@ja	<http://www.wikidata.org/entity/Q5>	"ヒト"@ja	<http://www.wikidata.org/entity/P19>	"出生地"@ja	<https://ja.wikipedia.org/wiki/%E4%BA%95%E4%B8%8A%E4%BB%81>
<http://www.wikidata.org/entity/Q11432391>	"大修寺"@ja	<http://www.wikidata.org/entity/Q5393308>	"仏教寺院"@ja	<http://www.wikidata.org/entity/P131>	"位置する行政区画"@ja	
<http://www.wikidata.org/entity/Q11447043>	"妙観院"@ja	<http://www.wikidata.org/entity/Q5393308>	"仏教寺院"@ja	<http://www.wikidata.org/entity/P131>	"位置する行政区画"@ja	
<http://www.wikidata.org/entity/Q11480508>	"市村瞬"@ja	<http://www.wikidata.org/entity/Q5>	"ヒト"@ja	<http://www.wikidata.org/entity/P19>	"出生地"@ja	
<http://www.wikidata.org/entity/Q18329719>	"Q18329719"	<http://www.wikidata.org/entity/Q4167836>	"ウィキメディアのカテゴリ"@ja	<http://www.wikidata.org/entity/P971>	"以下の組み合わせカテゴリ"@ja	
<http://www.wikidata.org/entity/Q18329721>	"Q18329721"	<http://www.wikidata.org/entity/Q4167836>	"ウィキメディアのカテゴリ"@ja	<http://www.wikidata.org/entity/P971>	"以下の組み合わせカテゴリ"@ja	
<http://www.wikidata.org/entity/Q56437169>	"府中市長"@ja	<http://www.wikidata.org/entity/Q4164871>	"職位"@ja	<http://www.wikidata.org/entity/P1001>	"管轄・適用区域"@ja	
<http://www.wikidata.org/entity/Q61887175>	"府中市立中央図書館"@ja	<http://www.wikidata.org/entity/Q28564>	"公共図書館"@ja	<http://www.wikidata.org/entity/P276>	"場所"@ja	
<http://www.wikidata.org/entity/Q61887178>	"府中市立住吉図書館"@ja	<http://www.wikidata.org/entity/Q28564>	"公共図書館"@ja	<http://www.wikidata.org/entity/P276>	"場所"@ja	
<http://www.wikidata.org/entity/Q61887179>	"府中市立西府図書館"@ja	<http://www.wikidata.org/entity/Q28564>	"公共図書館"@ja	<http://www.wikidata.org/entity/P276>	"場所"@ja	
<http://www.wikidata.org/entity/Q61887176>	"府中市立是政図書館"@ja	<http://www.wikidata.org/entity/Q28564>	"公共図書館"@ja	<http://www.wikidata.org/entity/P276>	"場所"@ja	
<http://www.wikidata.org/entity/Q61887177>	"府中市立白糸台図書館"@ja	<http://www.wikidata.org/entity/Q28564>	"公共図書館"@ja	<http://www.wikidata.org/entity/P276>	"場所"@ja	
<http://www.wikidata.org/entity/Q61887182>	"府中市立紅葉丘図書館"@ja	<http://www.wikidata.org/entity/Q28564>	"公共図書館"@ja	<http://www.wikidata.org/entity/P276>	"場所"@ja	
<http://www.wikidata.org/entity/Q61887180>	"府中市立新町図書館"@ja	<http://www.wikidata.org/entity/Q28564>	"公共図書館"@ja	<http://www.wikidata.org/entity/P276>	"場所"@ja	
<http://www.wikidata.org/entity/Q61887181>	"府中市立武蔵台図書館"@ja	<http://www.wikidata.org/entity/Q28564>	"公共図書館"@ja	<http://www.wikidata.org/entity/P276>	"場所"@ja	
<http://www.wikidata.org/entity/Q61887186>	"府中市立片町図書館"@ja	<http://www.wikidata.org/entity/Q28564>	"公共図書館"@ja	<http://www.wikidata.org/entity/P276>	"場所"@ja	
<http://www.wikidata.org/entity/Q61887187>	"府中市立生涯学習センター図書館"@ja	<http://www.wikidata.org/entity/Q28564>	"公共図書館"@ja	<http://www.wikidata.org/entity/P276>	"場所"@ja	
<http://www.wikidata.org/entity/Q61887184>	"府中市立押立図書館"@ja	<http://www.wikidata.org/entity/Q28564>	"公共図書館"@ja	<http://www.wikidata.org/entity/P276>	"場所"@ja	
<http://www.wikidata.org/entity/Q61887185>	"府中市立四谷図書館"@ja	<http://www.wikidata.org/entity/Q28564>	"公共図書館"@ja	<http://www.wikidata.org/entity/P276>	"場所"@ja	
<http://www.wikidata.org/entity/Q61887188>	"府中市立宮町図書館"@ja	<http://www.wikidata.org/entity/Q28564>	"公共図書館"@ja	<http://www.wikidata.org/entity/P276>	"場所"@ja	
<http://www.wikidata.org/entity/Q61888760>	"府中市立図書館"@ja	<http://www.wikidata.org/entity/Q28564>	"公共図書館"@ja	<http://www.wikidata.org/entity/P276>	"場所"@ja	
<http://www.wikidata.org/entity/Q61899692>	"府中市立図書館上下分室"@ja	<http://www.wikidata.org/entity/Q28564>	"公共図書館"@ja	<http://www.wikidata.org/entity/P276>	"場所"@ja	
<http://www.wikidata.org/entity/Q66133848>	"明星高等学校"@ja	<http://www.wikidata.org/entity/Q56351315>	"日本の高等学校"@ja	<http://www.wikidata.org/entity/P131>	"位置する行政区画"@ja	
<http://www.wikidata.org/entity/Q81917818>	"府中市立武蔵台小学校"@ja	<http://www.wikidata.org/entity/Q5358913>	"日本の小学校"@ja	<http://www.wikidata.org/entity/P131>	"位置する行政区画"@ja	
<http://www.wikidata.org/entity/Q81917818>	"府中市立武蔵台小学校"@ja	<http://www.wikidata.org/entity/Q5358913>	"日本の小学校"@ja	<http://www.wikidata.org/entity/P126>	"管理者"@ja	
<http://www.wikidata.org/entity/Q81917823>	"府中市立新町小学校"@ja	<http://www.wikidata.org/entity/Q5358913>	"日本の小学校"@ja	<http://www.wikidata.org/entity/P131>	"位置する行政区画"@ja	
<http://www.wikidata.org/entity/Q81917823>	"府中市立新町小学校"@ja	<http://www.wikidata.org/entity/Q5358913>	"日本の小学校"@ja	<http://www.wikidata.org/entity/P126>	"管理者"@ja	
<http://www.wikidata.org/entity/Q81917821>	"府中市立住吉小学校"@ja	<http://www.wikidata.org/entity/Q5358913>	"日本の小学校"@ja	<http://www.wikidata.org/entity/P131>	"位置する行政区画"@ja	
<http://www.wikidata.org/entity/Q81917821>	"府中市立住吉小学校"@ja	<http://www.wikidata.org/entity/Q5358913>	"日本の小学校"@ja	<http://www.wikidata.org/entity/P126>	"管理者"@ja	
<http://www.wikidata.org/entity/Q81917826>	"府中市立白糸台小学校"@ja	<http://www.wikidata.org/entity/Q5358913>	"日本の小学校"@ja	<http://www.wikidata.org/entity/P131>	"位置する行政区画"@ja	
<http://www.wikidata.org/entity/Q81917826>	"府中市立白糸台小学校"@ja	<http://www.wikidata.org/entity/Q5358913>	"日本の小学校"@ja	<http://www.wikidata.org/entity/P126>	"管理者"@ja	
<http://www.wikidata.org/entity/Q81917824>	"府中市立本宿小学校"@ja	<http://www.wikidata.org/entity/Q5358913>	"日本の小学校"@ja	<http://www.wikidata.org/entity/P131>	"位置する行政区画"@ja	
<http://www.wikidata.org/entity/Q81917824>	"府中市立本宿小学校"@ja	<http://www.wikidata.org/entity/Q5358913>	"日本の小学校"@ja	<http://www.wikidata.org/entity/P126>	"管理者"@ja	
<http://www.wikidata.org/entity/Q81917831>	"府中市立若松小学校"@ja	<http://www.wikidata.org/entity/Q5358913>	"日本の小学校"@ja	<http://www.wikidata.org/entity/P131>	"位置する行政区画"@ja	
<http://www.wikidata.org/entity/Q81917831>	"府中市立若松小学校"@ja	<http://www.wikidata.org/entity/Q5358913>	"日本の小学校"@ja	<http://www.wikidata.org/entity/P126>	"管理者"@ja	
<http://www.wikidata.org/entity/Q81917829>	"府中市立矢崎小学校"@ja	<http://www.wikidata.org/entity/Q5358913>	"日本の小学校"@ja	<http://www.wikidata.org/entity/P131>	"位置する行政区画"@ja	
<http://www.wikidata.org/entity/Q81917829>	"府中市立矢崎小学校"@ja	<http://www.wikidata.org/entity/Q5358913>	"日本の小学校"@ja	<http://www.wikidata.org/entity/P126>	"管理者"@ja	
<http://www.wikidata.org/entity/Q81917834>	"府中市立小柳小学校"@ja	<http://www.wikidata.org/entity/Q5358913>	"日本の小学校"@ja	<http://www.wikidata.org/entity/P131>	"位置する行政区画"@ja	
<http://www.wikidata.org/entity/Q81917834>	"府中市立小柳小学校"@ja	<http://www.wikidata.org/entity/Q5358913>	"日本の小学校"@ja	<http://www.wikidata.org/entity/P126>	"管理者"@ja	
<http://www.wikidata.org/entity/Q81917838>	"府中市立四谷小学校"@ja	<http://www.wikidata.org/entity/Q5358913>	"日本の小学校"@ja	<http://www.wikidata.org/entity/P131>	"位置する行政区画"@ja	
<http://www.wikidata.org/entity/Q81917838>	"府中市立四谷小学校"@ja	<http://www.wikidata.org/entity/Q5358913>	"日本の小学校"@ja	<http://www.wikidata.org/entity/P126>	"管理者"@ja	
<http://www.wikidata.org/entity/Q81917844>	"府中市立日新小学校"@ja	<http://www.wikidata.org/entity/Q5358913>	"日本の小学校"@ja	<http://www.wikidata.org/entity/P131>	"位置する行政区画"@ja	
<http://www.wikidata.org/entity/Q81917844>	"府中市立日新小学校"@ja	<http://www.wikidata.org/entity/Q5358913>	"日本の小学校"@ja	<http://www.wikidata.org/entity/P126>	"管理者"@ja	
<http://www.wikidata.org/entity/Q84043771>	"Q84043771"	<http://www.wikidata.org/entity/Q4167836>	"ウィキメディアのカテゴリ"@ja	<http://www.wikidata.org/entity/P971>	"以下の組み合わせカテゴリ"@ja	
<http://www.wikidata.org/entity/Q86332549>	"Q86332549"	<http://www.wikidata.org/entity/Q4167836>	"ウィキメディアのカテゴリ"@ja	<http://www.wikidata.org/entity/P971>	"以下の組み合わせカテゴリ"@ja	
<http://www.wikidata.org/entity/Q92208034>	"ドッペルゲンガーレコーズ"@ja	<http://www.wikidata.org/entity/Q2243978>	"CDショップ"@ja	<http://www.wikidata.org/entity/P159>	"本部所在地"@ja	
<http://www.wikidata.org/entity/Q92208034>	"ドッペルゲンガーレコーズ"@ja	<http://www.wikidata.org/entity/Q1542343>	"インディーズ・レーベル"@ja	<http://www.wikidata.org/entity/P159>	"本部所在地"@ja	
<http://www.wikidata.org/entity/Q94403027>	"石川依久子"@ja	<http://www.wikidata.org/entity/Q5>	"ヒト"@ja	<http://www.wikidata.org/entity/P20>	"死没地"@ja	
<http://www.wikidata.org/entity/Q105969735>	"大正村"@ja	<http://www.wikidata.org/entity/Q18663566>	"日本の廃止市区町村"@ja	<http://www.wikidata.org/entity/P3842>	"位置する現在の行政区画"@ja	
<http://www.wikidata.org/entity/Q106019746>	"階見村"@ja	<http://www.wikidata.org/entity/Q18663566>	"日本の廃止市区町村"@ja	<http://www.wikidata.org/entity/P3842>	"位置する現在の行政区画"@ja	
<http://www.wikidata.org/entity/Q107112283>	"トレセン学園"@ja	<http://www.wikidata.org/entity/Q61508291>	"架空のアカデミー"@ja	<http://www.wikidata.org/entity/P276>	"場所"@ja	
<http://www.wikidata.org/entity/Q108840010>	"堀井英男"@ja	<http://www.wikidata.org/entity/Q5>	"ヒト"@ja	<http://www.wikidata.org/entity/P20>	"死没地"@ja	
<http://www.wikidata.org/entity/Q110990258>	"山口猛彦"@ja	<http://www.wikidata.org/entity/Q5>	"ヒト"@ja	<http://www.wikidata.org/entity/P20>	"死没地"@ja	
<http://www.wikidata.org/entity/Q114924002>	"明星中学校"@ja	<http://www.wikidata.org/entity/Q55521176>	"日本の中学校"@ja	<http://www.wikidata.org/entity/P131>	"位置する行政区画"@ja	
<http://www.wikidata.org/entity/Q867188>	"吉岡隆徳"@ja	<http://www.wikidata.org/entity/Q5>	"ヒト"@ja	<http://www.wikidata.org/entity/P20>	"死没地"@ja	<https://ja.wikipedia.org/wiki/%E5%90%89%E5%B2%A1%E9%9A%86%E5%BE%B3>
<http://www.wikidata.org/entity/Q927942>	"塚原二四三"@ja	<http://www.wikidata.org/entity/Q5>	"ヒト"@ja	<http://www.wikidata.org/entity/P20>	"死没地"@ja	<https://ja.wikipedia.org/wiki/%E5%A1%9A%E5%8E%9F%E4%BA%8C%E5%9B%9B%E4%B8%89>
<http://www.wikidata.org/entity/Q975630>	"千秋実"@ja	<http://www.wikidata.org/entity/Q5>	"ヒト"@ja	<http://www.wikidata.org/entity/P20>	"死没地"@ja	<https://ja.wikipedia.org/wiki/%E5%8D%83%E7%A7%8B%E5%AE%9F>
<http://www.wikidata.org/entity/Q1027337>	"池谷幸雄"@ja	<http://www.wikidata.org/entity/Q5>	"ヒト"@ja	<http://www.wikidata.org/entity/P19>	"出生地"@ja	<https://ja.wikipedia.org/wiki/%E6%B1%A0%E8%B0%B7%E5%B9%B8%E9%9B%84>
<http://www.wikidata.org/entity/Q1055592>	"東京競馬場"@ja	<http://www.wikidata.org/entity/Q11822917>	"競馬場"@ja	<http://www.wikidata.org/entity/P131>	"位置する行政区画"@ja	<https://ja.wikipedia.org/wiki/%E6%9D%B1%E4%BA%AC%E7%AB%B6%E9%A6%AC%E5%A0%B4>
<http://www.wikidata.org/entity/Q1091276>	"中央自動車道"@ja	<http://www.wikidata.org/entity/Q16939396>	"有料道路"@ja	<http://www.wikidata.org/entity/P131>	"位置する行政区画"@ja	<https://ja.wikipedia.org/wiki/%E4%B8%AD%E5%A4%AE%E8%87%AA%E5%8B%95%E8%BB%8A%E9%81%93>
<http://www.wikidata.org/entity/Q1091276>	"中央自動車道"@ja	<http://www.wikidata.org/entity/Q46622>	"高速道路"@ja	<http://www.wikidata.org/entity/P131>	"位置する行政区画"@ja	<https://ja.wikipedia.org/wiki/%E4%B8%AD%E5%A4%AE%E8%87%AA%E5%8B%95%E8%BB%8A%E9%81%93>
<http://www.wikidata.org/entity/Q1138072>	"松本莉緒"@ja	<http://www.wikidata.org/entity/Q5>	"ヒト"@ja	<http://www.wikidata.org/entity/P19>	"出生地"@ja	<https://ja.wikipedia.org/wiki/%E6%9D%BE%E6%9C%AC%E8%8E%89%E7%B7%92>
<http://www.wikidata.org/entity/Q11632334>	"警察大学校"@ja	<http://www.wikidata.org/entity/Q11582564>	"省庁大学校"@ja	<http://www.wikidata.org/entity/P159>	"本部所在地"@ja	<https://ja.wikipedia.org/wiki/%E8%AD%A6%E5%AF%9F%E5%A4%A7%E5%AD%A6%E6%A0%A1>
<http://www.wikidata.org/entity/Q11632334>	"警察大学校"@ja	<http://www.wikidata.org/entity/Q11582564>	"省庁大学校"@ja	<http://www.wikidata.org/entity/P131>	"位置する行政区画"@ja	<https://ja.wikipedia.org/wiki/%E8%AD%A6%E5%AF%9F%E5%A4%A7%E5%AD%A6%E6%A0%A1>
<http://www.wikidata.org/entity/Q11643404>	"郷土の森総合体育館"@ja	<http://www.wikidata.org/entity/Q14092>	"体育館"@ja	<http://www.wikidata.org/entity/P131>	"位置する行政区画"@ja	<https://ja.wikipedia.org/wiki/%E9%83%B7%E5%9C%9F%E3%81%AE%E6%A3%AE%E7%B7%8F%E5%90%88%E4%BD%93%E8%82%B2%E9%A4%A8>
<http://www.wikidata.org/entity/Q11645160>	"野口忠直"@ja	<http://www.wikidata.org/entity/Q5>	"ヒト"@ja	<http://www.wikidata.org/entity/P19>	"出生地"@ja	<https://ja.wikipedia.org/wiki/%E9%87%8E%E5%8F%A3%E5%BF%A0%E7%9B%B4>
<http://www.wikidata.org/entity/Q11648861>	"鈴木慶"@ja	<http://www.wikidata.org/entity/Q5>	"ヒト"@ja	<http://www.wikidata.org/entity/P19>	"出生地"@ja	<https://ja.wikipedia.org/wiki/%E9%88%B4%E6%9C%A8%E6%85%B6>
<http://www.wikidata.org/entity/Q11661806>	"青木知里"@ja	<http://www.wikidata.org/entity/Q5>	"ヒト"@ja	<http://www.wikidata.org/entity/P19>	"出生地"@ja	<https://ja.wikipedia.org/wiki/%E9%9D%92%E6%9C%A8%E7%9F%A5%E9%87%8C>
<http://www.wikidata.org/entity/Q11667865>	"馬場大門のケヤキ並木"@ja	<http://www.wikidata.org/entity/Q7543083>	"並木道"@ja	<http://www.wikidata.org/entity/P131>	"位置する行政区画"@ja	<https://ja.wikipedia.org/wiki/%E9%A6%AC%E5%A0%B4%E5%A4%A7%E9%96%80%E3%81%AE%E3%82%B1%E3%83%A4%E3%82%AD%E4%B8%A6%E6%9C%A8>
<http://www.wikidata.org/entity/Q11667865>	"馬場大門のケヤキ並木"@ja	<http://www.wikidata.org/entity/Q667783>	"参道"@ja	<http://www.wikidata.org/entity/P131>	"位置する行政区画"@ja	<https://ja.wikipedia.org/wiki/%E9%A6%AC%E5%A0%B4%E5%A4%A7%E9%96%80%E3%81%AE%E3%82%B1%E3%83%A4%E3%82%AD%E4%B8%A6%E6%9C%A8>
<http://www.wikidata.org/entity/Q11669138>	"高安寺"@ja	<http://www.wikidata.org/entity/Q5393308>	"仏教寺院"@ja	<http://www.wikidata.org/entity/P131>	"位置する行政区画"@ja	<https://ja.wikipedia.org/wiki/%E9%AB%98%E5%AE%89%E5%AF%BA_(%E6%9D%B1%E4%BA%AC%E9%83%BD%E5%BA%9C%E4%B8%AD%E5%B8%82)>
<http://www.wikidata.org/entity/Q17160545>	"高野律雄"@ja	<http://www.wikidata.org/entity/Q5>	"ヒト"@ja	<http://www.wikidata.org/entity/P19>	"出生地"@ja	<https://ja.wikipedia.org/wiki/%E9%AB%98%E9%87%8E%E5%BE%8B%E9%9B%84>
<http://www.wikidata.org/entity/Q17210727>	"JRA競馬博物館"@ja	<http://www.wikidata.org/entity/Q17000324>	"スポーツ博物館"@ja	<http://www.wikidata.org/entity/P131>	"位置する行政区画"@ja	<https://ja.wikipedia.org/wiki/JRA%E7%AB%B6%E9%A6%AC%E5%8D%9A%E7%89%A9%E9%A4%A8>
<http://www.wikidata.org/entity/Q17233101>	"三遊亭楽㐂"@ja	<http://www.wikidata.org/entity/Q5>	"ヒト"@ja	<http://www.wikidata.org/entity/P19>	"出生地"@ja	<https://ja.wikipedia.org/wiki/%E4%B8%89%E9%81%8A%E4%BA%AD%E6%A5%BD%E3%90%82>
<http://www.wikidata.org/entity/Q21700247>	"高橋勝浩"@ja	<http://www.wikidata.org/entity/Q5>	"ヒト"@ja	<http://www.wikidata.org/entity/P19>	"出生地"@ja	<https://ja.wikipedia.org/wiki/%E9%AB%98%E6%A9%8B%E5%8B%9D%E6%B5%A9>
<http://www.wikidata.org/entity/Q28689015>	"八幡町"@ja	<http://www.wikidata.org/entity/Q5327369>	"町丁"@ja	<http://www.wikidata.org/entity/P131>	"位置する行政区画"@ja	<https://ja.wikipedia.org/wiki/%E5%85%AB%E5%B9%A1%E7%94%BA_(%E6%9D%B1%E4%BA%AC%E9%83%BD%E5%BA%9C%E4%B8%AD%E5%B8%82)>
<http://www.wikidata.org/entity/Q30922869>	"府中市郷土の森公園"@ja	<http://www.wikidata.org/entity/Q22746>	"都市公園"@ja	<http://www.wikidata.org/entity/P131>	"位置する行政区画"@ja	<https://ja.wikipedia.org/wiki/%E5%BA%9C%E4%B8%AD%E5%B8%82%E9%83%B7%E5%9C%9F%E3%81%AE%E6%A3%AE%E5%85%AC%E5%9C%92>
<http://www.wikidata.org/entity/Q30930567>	"大長寺"@ja	<http://www.wikidata.org/entity/Q5393308>	"仏教寺院"@ja	<http://www.wikidata.org/entity/P131>	"位置する行政区画"@ja	<https://ja.wikipedia.org/wiki/%E5%A4%A7%E9%95%B7%E5%AF%BA_(%E6%9D%B1%E4%BA%AC%E9%83%BD%E5%BA%9C%E4%B8%AD%E5%B8%82)>
<http://www.wikidata.org/entity/Q41451711>	"鈴木重晴"@ja	<http://www.wikidata.org/entity/Q5>	"ヒト"@ja	<http://www.wikidata.org/entity/P20>	"死没地"@ja	<https://ja.wikipedia.org/wiki/%E9%88%B4%E6%9C%A8%E9%87%8D%E6%99%B4>
<http://www.wikidata.org/entity/Q55524391>	"府中市議会"@ja	<http://www.wikidata.org/entity/Q107199651>	"市議会"@ja	<http://www.wikidata.org/entity/P1001>	"管轄・適用区域"@ja	<https://ja.wikipedia.org/wiki/%E5%BA%9C%E4%B8%AD%E5%B8%82%E8%AD%B0%E4%BC%9A_(%E6%9D%B1%E4%BA%AC%E9%83%BD)>
