?s	?sLabel	?type	?typeLabel	?prop	?propLabel	?jwiki
<http://www.wikidata.org/entity/Q11392164>	"公立福生病院"@ja	<http://www.wikidata.org/entity/Q16917>	"病院"@ja	<http://www.wikidata.org/entity/P131>	"位置する行政区画"@ja	<https://ja.wikipedia.org/wiki/%E5%85%AC%E7%AB%8B%E7%A6%8F%E7%94%9F%E7%97%85%E9%99%A2>
<http://www.wikidata.org/entity/Q11398807>	"加美平"@ja	<http://www.wikidata.org/entity/Q5327369>	"町丁"@ja	<http://www.wikidata.org/entity/P131>	"位置する行政区画"@ja	<https://ja.wikipedia.org/wiki/%E5%8A%A0%E7%BE%8E%E5%B9%B3>
<http://www.wikidata.org/entity/Q11398807>	"加美平"@ja	<http://www.wikidata.org/entity/Q3957>	"街"@ja	<http://www.wikidata.org/entity/P131>	"位置する行政区画"@ja	<https://ja.wikipedia.org/wiki/%E5%8A%A0%E7%BE%8E%E5%B9%B3>
<http://www.wikidata.org/entity/Q11403817>	"北田園"@ja	<http://www.wikidata.org/entity/Q5327369>	"町丁"@ja	<http://www.wikidata.org/entity/P131>	"位置する行政区画"@ja	<https://ja.wikipedia.org/wiki/%E5%8C%97%E7%94%B0%E5%9C%92>
<http://www.wikidata.org/entity/Q11403817>	"北田園"@ja	<http://www.wikidata.org/entity/Q3957>	"街"@ja	<http://www.wikidata.org/entity/P131>	"位置する行政区画"@ja	<https://ja.wikipedia.org/wiki/%E5%8C%97%E7%94%B0%E5%9C%92>
<http://www.wikidata.org/entity/Q11408247>	"南田園"@ja	<http://www.wikidata.org/entity/Q5327369>	"町丁"@ja	<http://www.wikidata.org/entity/P131>	"位置する行政区画"@ja	<https://ja.wikipedia.org/wiki/%E5%8D%97%E7%94%B0%E5%9C%92>
<http://www.wikidata.org/entity/Q11408247>	"南田園"@ja	<http://www.wikidata.org/entity/Q3957>	"街"@ja	<http://www.wikidata.org/entity/P131>	"位置する行政区画"@ja	<https://ja.wikipedia.org/wiki/%E5%8D%97%E7%94%B0%E5%9C%92>
<http://www.wikidata.org/entity/Q11423805>	"土田望未"@ja	<http://www.wikidata.org/entity/Q5>	"ヒト"@ja	<http://www.wikidata.org/entity/P19>	"出生地"@ja	<https://ja.wikipedia.org/wiki/%E5%9C%9F%E7%94%B0%E6%9C%9B%E6%9C%AA>
<http://www.wikidata.org/entity/Q11428801>	"塩澤英真"@ja	<http://www.wikidata.org/entity/Q5>	"ヒト"@ja	<http://www.wikidata.org/entity/P19>	"出生地"@ja	<https://ja.wikipedia.org/wiki/%E5%A1%A9%E6%BE%A4%E8%8B%B1%E7%9C%9F>
<http://www.wikidata.org/entity/Q11434171>	"大多摩"@ja	<http://www.wikidata.org/entity/Q82794>	"地域"@ja	<http://www.wikidata.org/entity/P527>	"以下を含む"@ja	<https://ja.wikipedia.org/wiki/%E5%A4%A7%E5%A4%9A%E6%91%A9>
<http://www.wikidata.org/entity/Q11462661>	"小清水一揮"@ja	<http://www.wikidata.org/entity/Q5>	"ヒト"@ja	<http://www.wikidata.org/entity/P19>	"出生地"@ja	<https://ja.wikipedia.org/wiki/%E5%B0%8F%E6%B8%85%E6%B0%B4%E4%B8%80%E6%8F%AE>
<http://www.wikidata.org/entity/Q11468835>	"山本佑機"@ja	<http://www.wikidata.org/entity/Q5>	"ヒト"@ja	<http://www.wikidata.org/entity/P19>	"出生地"@ja	<https://ja.wikipedia.org/wiki/%E5%B1%B1%E6%9C%AC%E4%BD%91%E6%A9%9F>
<http://www.wikidata.org/entity/Q11491136>	"志茂"@ja	<http://www.wikidata.org/entity/Q5327369>	"町丁"@ja	<http://www.wikidata.org/entity/P131>	"位置する行政区画"@ja	<https://ja.wikipedia.org/wiki/%E5%BF%97%E8%8C%82_(%E7%A6%8F%E7%94%9F%E5%B8%82)>
<http://www.wikidata.org/entity/Q11491136>	"志茂"@ja	<http://www.wikidata.org/entity/Q3957>	"街"@ja	<http://www.wikidata.org/entity/P131>	"位置する行政区画"@ja	<https://ja.wikipedia.org/wiki/%E5%BF%97%E8%8C%82_(%E7%A6%8F%E7%94%9F%E5%B8%82)>
<http://www.wikidata.org/entity/Q11520695>	"本町"@ja	<http://www.wikidata.org/entity/Q5327369>	"町丁"@ja	<http://www.wikidata.org/entity/P131>	"位置する行政区画"@ja	<https://ja.wikipedia.org/wiki/%E6%9C%AC%E7%94%BA_(%E7%A6%8F%E7%94%9F%E5%B8%82)>
<http://www.wikidata.org/entity/Q11520695>	"本町"@ja	<http://www.wikidata.org/entity/Q3957>	"街"@ja	<http://www.wikidata.org/entity/P131>	"位置する行政区画"@ja	<https://ja.wikipedia.org/wiki/%E6%9C%AC%E7%94%BA_(%E7%A6%8F%E7%94%9F%E5%B8%82)>
<http://www.wikidata.org/entity/Q11523717>	"来栖良"@ja	<http://www.wikidata.org/entity/Q5>	"ヒト"@ja	<http://www.wikidata.org/entity/P20>	"死没地"@ja	<https://ja.wikipedia.org/wiki/%E6%9D%A5%E6%A0%96%E8%89%AF>
<http://www.wikidata.org/entity/Q11525437>	"東京都立多摩工業高等学校"@ja	<http://www.wikidata.org/entity/Q56351315>	"日本の高等学校"@ja	<http://www.wikidata.org/entity/P131>	"位置する行政区画"@ja	<https://ja.wikipedia.org/wiki/%E6%9D%B1%E4%BA%AC%E9%83%BD%E7%AB%8B%E5%A4%9A%E6%91%A9%E5%B7%A5%E6%A5%AD%E9%AB%98%E7%AD%89%E5%AD%A6%E6%A0%A1>
<http://www.wikidata.org/entity/Q11525571>	"東京都立福生高等学校"@ja	<http://www.wikidata.org/entity/Q56351315>	"日本の高等学校"@ja	<http://www.wikidata.org/entity/P131>	"位置する行政区画"@ja	<https://ja.wikipedia.org/wiki/%E6%9D%B1%E4%BA%AC%E9%83%BD%E7%AB%8B%E7%A6%8F%E7%94%9F%E9%AB%98%E7%AD%89%E5%AD%A6%E6%A0%A1>
<http://www.wikidata.org/entity/Q11525726>	"東京都道166号"@ja	<http://www.wikidata.org/entity/Q34442>	"道路"@ja	<http://www.wikidata.org/entity/P131>	"位置する行政区画"@ja	<https://ja.wikipedia.org/wiki/%E6%9D%B1%E4%BA%AC%E9%83%BD%E9%81%93166%E5%8F%B7%E7%91%9E%E7%A9%82%E3%81%82%E3%81%8D%E3%82%8B%E9%87%8E%E5%85%AB%E7%8E%8B%E5%AD%90%E7%B7%9A>
<http://www.wikidata.org/entity/Q11525724>	"東京都道164号"@ja	<http://www.wikidata.org/entity/Q34442>	"道路"@ja	<http://www.wikidata.org/entity/P609>	"起終点"@ja	<https://ja.wikipedia.org/wiki/%E6%9D%B1%E4%BA%AC%E9%83%BD%E9%81%93164%E5%8F%B7%E6%8B%9D%E5%B3%B6%E5%81%9C%E8%BB%8A%E5%A0%B4%E7%B7%9A>
<http://www.wikidata.org/entity/Q11525724>	"東京都道164号"@ja	<http://www.wikidata.org/entity/Q34442>	"道路"@ja	<http://www.wikidata.org/entity/P131>	"位置する行政区画"@ja	<https://ja.wikipedia.org/wiki/%E6%9D%B1%E4%BA%AC%E9%83%BD%E9%81%93164%E5%8F%B7%E6%8B%9D%E5%B3%B6%E5%81%9C%E8%BB%8A%E5%A0%B4%E7%B7%9A>
<http://www.wikidata.org/entity/Q11525725>	"東京都道165号"@ja	<http://www.wikidata.org/entity/Q34442>	"道路"@ja	<http://www.wikidata.org/entity/P609>	"起終点"@ja	<https://ja.wikipedia.org/wiki/%E6%9D%B1%E4%BA%AC%E9%83%BD%E9%81%93165%E5%8F%B7%E4%BC%8A%E5%A5%88%E7%A6%8F%E7%94%9F%E7%B7%9A>
<http://www.wikidata.org/entity/Q11525725>	"東京都道165号"@ja	<http://www.wikidata.org/entity/Q34442>	"道路"@ja	<http://www.wikidata.org/entity/P131>	"位置する行政区画"@ja	<https://ja.wikipedia.org/wiki/%E6%9D%B1%E4%BA%AC%E9%83%BD%E9%81%93165%E5%8F%B7%E4%BC%8A%E5%A5%88%E7%A6%8F%E7%94%9F%E7%B7%9A>
<http://www.wikidata.org/entity/Q11525755>	"東京都道220号"@ja	<http://www.wikidata.org/entity/Q34442>	"道路"@ja	<http://www.wikidata.org/entity/P609>	"起終点"@ja	<https://ja.wikipedia.org/wiki/%E6%9D%B1%E4%BA%AC%E9%83%BD%E9%81%93220%E5%8F%B7%E6%98%AD%E5%B3%B6%E5%81%9C%E8%BB%8A%E5%A0%B4%E7%86%8A%E5%B7%9D%E7%B7%9A>
<http://www.wikidata.org/entity/Q11525755>	"東京都道220号"@ja	<http://www.wikidata.org/entity/Q34442>	"道路"@ja	<http://www.wikidata.org/entity/P131>	"位置する行政区画"@ja	<https://ja.wikipedia.org/wiki/%E6%9D%B1%E4%BA%AC%E9%83%BD%E9%81%93220%E5%8F%B7%E6%98%AD%E5%B3%B6%E5%81%9C%E8%BB%8A%E5%A0%B4%E7%86%8A%E5%B7%9D%E7%B7%9A>
<http://www.wikidata.org/entity/Q11525772>	"東京都道249号"@ja	<http://www.wikidata.org/entity/Q34442>	"道路"@ja	<http://www.wikidata.org/entity/P609>	"起終点"@ja	<https://ja.wikipedia.org/wiki/%E6%9D%B1%E4%BA%AC%E9%83%BD%E9%81%93249%E5%8F%B7%E7%A6%8F%E7%94%9F%E9%9D%92%E6%A2%85%E7%B7%9A>
<http://www.wikidata.org/entity/Q11525772>	"東京都道249号"@ja	<http://www.wikidata.org/entity/Q34442>	"道路"@ja	<http://www.wikidata.org/entity/P131>	"位置する行政区画"@ja	<https://ja.wikipedia.org/wiki/%E6%9D%B1%E4%BA%AC%E9%83%BD%E9%81%93249%E5%8F%B7%E7%A6%8F%E7%94%9F%E9%9D%92%E6%A2%85%E7%B7%9A>
<http://www.wikidata.org/entity/Q11525776>	"東京都道29号"@ja	<http://www.wikidata.org/entity/Q34442>	"道路"@ja	<http://www.wikidata.org/entity/P131>	"位置する行政区画"@ja	<https://ja.wikipedia.org/wiki/%E6%9D%B1%E4%BA%AC%E9%83%BD%E9%81%9329%E5%8F%B7%E7%AB%8B%E5%B7%9D%E9%9D%92%E6%A2%85%E7%B7%9A>
<http://www.wikidata.org/entity/Q11525842>	"東京都道7号"@ja	<http://www.wikidata.org/entity/Q34442>	"道路"@ja	<http://www.wikidata.org/entity/P131>	"位置する行政区画"@ja	<https://ja.wikipedia.org/wiki/%E6%9D%B1%E4%BA%AC%E9%83%BD%E9%81%937%E5%8F%B7%E6%9D%89%E4%B8%A6%E3%81%82%E3%81%8D%E3%82%8B%E9%87%8E%E7%B7%9A>
<http://www.wikidata.org/entity/Q11528095>	"東町"@ja	<http://www.wikidata.org/entity/Q5327369>	"町丁"@ja	<http://www.wikidata.org/entity/P131>	"位置する行政区画"@ja	<https://ja.wikipedia.org/wiki/%E6%9D%B1%E7%94%BA_(%E7%A6%8F%E7%94%9F%E5%B8%82)>
<http://www.wikidata.org/entity/Q11528095>	"東町"@ja	<http://www.wikidata.org/entity/Q3957>	"街"@ja	<http://www.wikidata.org/entity/P131>	"位置する行政区画"@ja	<https://ja.wikipedia.org/wiki/%E6%9D%B1%E7%94%BA_(%E7%A6%8F%E7%94%9F%E5%B8%82)>
<http://www.wikidata.org/entity/Q11529772>	"松山剛"@ja	<http://www.wikidata.org/entity/Q5>	"ヒト"@ja	<http://www.wikidata.org/entity/P19>	"出生地"@ja	<https://ja.wikipedia.org/wiki/%E6%9D%BE%E5%B1%B1%E5%89%9B>
<http://www.wikidata.org/entity/Q11546396>	"武蔵野台"@ja	<http://www.wikidata.org/entity/Q5327369>	"町丁"@ja	<http://www.wikidata.org/entity/P131>	"位置する行政区画"@ja	<https://ja.wikipedia.org/wiki/%E6%AD%A6%E8%94%B5%E9%87%8E%E5%8F%B0_(%E7%A6%8F%E7%94%9F%E5%B8%82)>
<http://www.wikidata.org/entity/Q11546396>	"武蔵野台"@ja	<http://www.wikidata.org/entity/Q3957>	"街"@ja	<http://www.wikidata.org/entity/P131>	"位置する行政区画"@ja	<https://ja.wikipedia.org/wiki/%E6%AD%A6%E8%94%B5%E9%87%8E%E5%8F%B0_(%E7%A6%8F%E7%94%9F%E5%B8%82)>
<http://www.wikidata.org/entity/Q11567886>	"熊川二宮"@ja	<http://www.wikidata.org/entity/Q424857>	"大字"@ja	<http://www.wikidata.org/entity/P131>	"位置する行政区画"@ja	<https://ja.wikipedia.org/wiki/%E7%86%8A%E5%B7%9D%E4%BA%8C%E5%AE%AE>
<http://www.wikidata.org/entity/Q11567886>	"熊川二宮"@ja	<http://www.wikidata.org/entity/Q3957>	"街"@ja	<http://www.wikidata.org/entity/P131>	"位置する行政区画"@ja	<https://ja.wikipedia.org/wiki/%E7%86%8A%E5%B7%9D%E4%BA%8C%E5%AE%AE>
<http://www.wikidata.org/entity/Q11567887>	"熊川"@ja	<http://www.wikidata.org/entity/Q424857>	"大字"@ja	<http://www.wikidata.org/entity/P131>	"位置する行政区画"@ja	<https://ja.wikipedia.org/wiki/%E7%86%8A%E5%B7%9D_(%E7%A6%8F%E7%94%9F%E5%B8%82)>
<http://www.wikidata.org/entity/Q11567887>	"熊川"@ja	<http://www.wikidata.org/entity/Q3957>	"街"@ja	<http://www.wikidata.org/entity/P131>	"位置する行政区画"@ja	<https://ja.wikipedia.org/wiki/%E7%86%8A%E5%B7%9D_(%E7%A6%8F%E7%94%9F%E5%B8%82)>
<http://www.wikidata.org/entity/Q11567893>	"熊川村"@ja	<http://www.wikidata.org/entity/Q18663566>	"日本の廃止市区町村"@ja	<http://www.wikidata.org/entity/P3842>	"位置する現在の行政区画"@ja	<https://ja.wikipedia.org/wiki/%E7%86%8A%E5%B7%9D%E6%9D%91_(%E6%9D%B1%E4%BA%AC%E5%BA%9C)>
<http://www.wikidata.org/entity/Q11567893>	"熊川村"@ja	<http://www.wikidata.org/entity/Q18663566>	"日本の廃止市区町村"@ja	<http://www.wikidata.org/entity/P1366>	"後継"@ja	<https://ja.wikipedia.org/wiki/%E7%86%8A%E5%B7%9D%E6%9D%91_(%E6%9D%B1%E4%BA%AC%E5%BA%9C)>
<http://www.wikidata.org/entity/Q11570162>	"牛浜"@ja	<http://www.wikidata.org/entity/Q5327369>	"町丁"@ja	<http://www.wikidata.org/entity/P131>	"位置する行政区画"@ja	<https://ja.wikipedia.org/wiki/%E7%89%9B%E6%B5%9C>
<http://www.wikidata.org/entity/Q11570162>	"牛浜"@ja	<http://www.wikidata.org/entity/Q3957>	"街"@ja	<http://www.wikidata.org/entity/P131>	"位置する行政区画"@ja	<https://ja.wikipedia.org/wiki/%E7%89%9B%E6%B5%9C>
<http://www.wikidata.org/entity/Q11594027>	"福生"@ja	<http://www.wikidata.org/entity/Q5327369>	"町丁"@ja	<http://www.wikidata.org/entity/P131>	"位置する行政区画"@ja	<https://ja.wikipedia.org/wiki/%E7%A6%8F%E7%94%9F_(%E7%A6%8F%E7%94%9F%E5%B8%82)>
<http://www.wikidata.org/entity/Q11594027>	"福生"@ja	<http://www.wikidata.org/entity/Q3957>	"街"@ja	<http://www.wikidata.org/entity/P131>	"位置する行政区画"@ja	<https://ja.wikipedia.org/wiki/%E7%A6%8F%E7%94%9F_(%E7%A6%8F%E7%94%9F%E5%B8%82)>
<http://www.wikidata.org/entity/Q11594030>	"福生二宮"@ja	<http://www.wikidata.org/entity/Q424857>	"大字"@ja	<http://www.wikidata.org/entity/P131>	"位置する行政区画"@ja	<https://ja.wikipedia.org/wiki/%E7%A6%8F%E7%94%9F%E4%BA%8C%E5%AE%AE>
<http://www.wikidata.org/entity/Q11594030>	"福生二宮"@ja	<http://www.wikidata.org/entity/Q3957>	"街"@ja	<http://www.wikidata.org/entity/P131>	"位置する行政区画"@ja	<https://ja.wikipedia.org/wiki/%E7%A6%8F%E7%94%9F%E4%BA%8C%E5%AE%AE>
<http://www.wikidata.org/entity/Q11594038>	"福生市立福生第二中学校"@ja	<http://www.wikidata.org/entity/Q55521176>	"日本の中学校"@ja	<http://www.wikidata.org/entity/P131>	"位置する行政区画"@ja	<https://ja.wikipedia.org/wiki/%E7%A6%8F%E7%94%9F%E5%B8%82%E7%AB%8B%E7%A6%8F%E7%94%9F%E7%AC%AC%E4%BA%8C%E4%B8%AD%E5%AD%A6%E6%A0%A1>
<http://www.wikidata.org/entity/Q11594038>	"福生市立福生第二中学校"@ja	<http://www.wikidata.org/entity/Q55521176>	"日本の中学校"@ja	<http://www.wikidata.org/entity/P126>	"管理者"@ja	<https://ja.wikipedia.org/wiki/%E7%A6%8F%E7%94%9F%E5%B8%82%E7%AB%8B%E7%A6%8F%E7%94%9F%E7%AC%AC%E4%BA%8C%E4%B8%AD%E5%AD%A6%E6%A0%A1>
<http://www.wikidata.org/entity/Q11594039>	"福生村"@ja	<http://www.wikidata.org/entity/Q18663566>	"日本の廃止市区町村"@ja	<http://www.wikidata.org/entity/P3842>	"位置する現在の行政区画"@ja	<https://ja.wikipedia.org/wiki/%E7%A6%8F%E7%94%9F%E6%9D%91_(%E6%9D%B1%E4%BA%AC%E5%BA%9C)>
<http://www.wikidata.org/entity/Q11594039>	"福生村"@ja	<http://www.wikidata.org/entity/Q18663566>	"日本の廃止市区町村"@ja	<http://www.wikidata.org/entity/P1366>	"後継"@ja	<https://ja.wikipedia.org/wiki/%E7%A6%8F%E7%94%9F%E6%9D%91_(%E6%9D%B1%E4%BA%AC%E5%BA%9C)>
<http://www.wikidata.org/entity/Q11594036>	"福生市立福生第一中学校"@ja	<http://www.wikidata.org/entity/Q55521176>	"日本の中学校"@ja	<http://www.wikidata.org/entity/P131>	"位置する行政区画"@ja	<https://ja.wikipedia.org/wiki/%E7%A6%8F%E7%94%9F%E5%B8%82%E7%AB%8B%E7%A6%8F%E7%94%9F%E7%AC%AC%E4%B8%80%E4%B8%AD%E5%AD%A6%E6%A0%A1>
<http://www.wikidata.org/entity/Q11594036>	"福生市立福生第一中学校"@ja	<http://www.wikidata.org/entity/Q55521176>	"日本の中学校"@ja	<http://www.wikidata.org/entity/P126>	"管理者"@ja	<https://ja.wikipedia.org/wiki/%E7%A6%8F%E7%94%9F%E5%B8%82%E7%AB%8B%E7%A6%8F%E7%94%9F%E7%AC%AC%E4%B8%80%E4%B8%AD%E5%AD%A6%E6%A0%A1>
<http://www.wikidata.org/entity/Q11594037>	"福生市立福生第三中学校"@ja	<http://www.wikidata.org/entity/Q55521176>	"日本の中学校"@ja	<http://www.wikidata.org/entity/P131>	"位置する行政区画"@ja	<https://ja.wikipedia.org/wiki/%E7%A6%8F%E7%94%9F%E5%B8%82%E7%AB%8B%E7%A6%8F%E7%94%9F%E7%AC%AC%E4%B8%89%E4%B8%AD%E5%AD%A6%E6%A0%A1>
<http://www.wikidata.org/entity/Q11594037>	"福生市立福生第三中学校"@ja	<http://www.wikidata.org/entity/Q55521176>	"日本の中学校"@ja	<http://www.wikidata.org/entity/P126>	"管理者"@ja	<https://ja.wikipedia.org/wiki/%E7%A6%8F%E7%94%9F%E5%B8%82%E7%AB%8B%E7%A6%8F%E7%94%9F%E7%AC%AC%E4%B8%89%E4%B8%AD%E5%AD%A6%E6%A0%A1>
<http://www.wikidata.org/entity/Q11597677>	"窪田まり子"@ja	<http://www.wikidata.org/entity/Q5>	"ヒト"@ja	<http://www.wikidata.org/entity/P19>	"出生地"@ja	<https://ja.wikipedia.org/wiki/%E7%AA%AA%E7%94%B0%E3%81%BE%E3%82%8A%E5%AD%90>
<http://www.wikidata.org/entity/Q11627535>	"西多摩"@ja	<http://www.wikidata.org/entity/Q82794>	"地域"@ja	<http://www.wikidata.org/entity/P527>	"以下を含む"@ja	<https://ja.wikipedia.org/wiki/%E8%A5%BF%E5%A4%9A%E6%91%A9>
<http://www.wikidata.org/entity/Q11665593>	"風見章子"@ja	<http://www.wikidata.org/entity/Q5>	"ヒト"@ja	<http://www.wikidata.org/entity/P20>	"死没地"@ja	<https://ja.wikipedia.org/wiki/%E9%A2%A8%E8%A6%8B%E7%AB%A0%E5%AD%90>
<http://www.wikidata.org/entity/Q21019479>	"福生市立福生第三小学校"@ja	<http://www.wikidata.org/entity/Q5358913>	"日本の小学校"@ja	<http://www.wikidata.org/entity/P131>	"位置する行政区画"@ja	<https://ja.wikipedia.org/wiki/%E7%A6%8F%E7%94%9F%E5%B8%82%E7%AB%8B%E7%A6%8F%E7%94%9F%E7%AC%AC%E4%B8%89%E5%B0%8F%E5%AD%A6%E6%A0%A1>
<http://www.wikidata.org/entity/Q21019479>	"福生市立福生第三小学校"@ja	<http://www.wikidata.org/entity/Q5358913>	"日本の小学校"@ja	<http://www.wikidata.org/entity/P126>	"管理者"@ja	<https://ja.wikipedia.org/wiki/%E7%A6%8F%E7%94%9F%E5%B8%82%E7%AB%8B%E7%A6%8F%E7%94%9F%E7%AC%AC%E4%B8%89%E5%B0%8F%E5%AD%A6%E6%A0%A1>
<http://www.wikidata.org/entity/Q48746719>	"福生市立福生第一小学校"@ja	<http://www.wikidata.org/entity/Q5358913>	"日本の小学校"@ja	<http://www.wikidata.org/entity/P131>	"位置する行政区画"@ja	<https://ja.wikipedia.org/wiki/%E7%A6%8F%E7%94%9F%E5%B8%82%E7%AB%8B%E7%A6%8F%E7%94%9F%E7%AC%AC%E4%B8%80%E5%B0%8F%E5%AD%A6%E6%A0%A1>
<http://www.wikidata.org/entity/Q48746719>	"福生市立福生第一小学校"@ja	<http://www.wikidata.org/entity/Q5358913>	"日本の小学校"@ja	<http://www.wikidata.org/entity/P126>	"管理者"@ja	<https://ja.wikipedia.org/wiki/%E7%A6%8F%E7%94%9F%E5%B8%82%E7%AB%8B%E7%A6%8F%E7%94%9F%E7%AC%AC%E4%B8%80%E5%B0%8F%E5%AD%A6%E6%A0%A1>
<http://www.wikidata.org/entity/Q48746721>	"福生市立福生第五小学校"@ja	<http://www.wikidata.org/entity/Q5358913>	"日本の小学校"@ja	<http://www.wikidata.org/entity/P131>	"位置する行政区画"@ja	<https://ja.wikipedia.org/wiki/%E7%A6%8F%E7%94%9F%E5%B8%82%E7%AB%8B%E7%A6%8F%E7%94%9F%E7%AC%AC%E4%BA%94%E5%B0%8F%E5%AD%A6%E6%A0%A1>
<http://www.wikidata.org/entity/Q48746721>	"福生市立福生第五小学校"@ja	<http://www.wikidata.org/entity/Q5358913>	"日本の小学校"@ja	<http://www.wikidata.org/entity/P126>	"管理者"@ja	<https://ja.wikipedia.org/wiki/%E7%A6%8F%E7%94%9F%E5%B8%82%E7%AB%8B%E7%A6%8F%E7%94%9F%E7%AC%AC%E4%BA%94%E5%B0%8F%E5%AD%A6%E6%A0%A1>
<http://www.wikidata.org/entity/Q48746726>	"福生市立福生第七小学校"@ja	<http://www.wikidata.org/entity/Q5358913>	"日本の小学校"@ja	<http://www.wikidata.org/entity/P131>	"位置する行政区画"@ja	<https://ja.wikipedia.org/wiki/%E7%A6%8F%E7%94%9F%E5%B8%82%E7%AB%8B%E7%A6%8F%E7%94%9F%E7%AC%AC%E4%B8%83%E5%B0%8F%E5%AD%A6%E6%A0%A1>
<http://www.wikidata.org/entity/Q48746726>	"福生市立福生第七小学校"@ja	<http://www.wikidata.org/entity/Q5358913>	"日本の小学校"@ja	<http://www.wikidata.org/entity/P126>	"管理者"@ja	<https://ja.wikipedia.org/wiki/%E7%A6%8F%E7%94%9F%E5%B8%82%E7%AB%8B%E7%A6%8F%E7%94%9F%E7%AC%AC%E4%B8%83%E5%B0%8F%E5%AD%A6%E6%A0%A1>
<http://www.wikidata.org/entity/Q48747326>	"福生市立福生第二小学校"@ja	<http://www.wikidata.org/entity/Q5358913>	"日本の小学校"@ja	<http://www.wikidata.org/entity/P131>	"位置する行政区画"@ja	<https://ja.wikipedia.org/wiki/%E7%A6%8F%E7%94%9F%E5%B8%82%E7%AB%8B%E7%A6%8F%E7%94%9F%E7%AC%AC%E4%BA%8C%E5%B0%8F%E5%AD%A6%E6%A0%A1>
<http://www.wikidata.org/entity/Q48747326>	"福生市立福生第二小学校"@ja	<http://www.wikidata.org/entity/Q5358913>	"日本の小学校"@ja	<http://www.wikidata.org/entity/P126>	"管理者"@ja	<https://ja.wikipedia.org/wiki/%E7%A6%8F%E7%94%9F%E5%B8%82%E7%AB%8B%E7%A6%8F%E7%94%9F%E7%AC%AC%E4%BA%8C%E5%B0%8F%E5%AD%A6%E6%A0%A1>
<http://www.wikidata.org/entity/Q48747337>	"福生市立福生第四小学校"@ja	<http://www.wikidata.org/entity/Q5358913>	"日本の小学校"@ja	<http://www.wikidata.org/entity/P131>	"位置する行政区画"@ja	<https://ja.wikipedia.org/wiki/%E7%A6%8F%E7%94%9F%E5%B8%82%E7%AB%8B%E7%A6%8F%E7%94%9F%E7%AC%AC%E5%9B%9B%E5%B0%8F%E5%AD%A6%E6%A0%A1>
<http://www.wikidata.org/entity/Q48747337>	"福生市立福生第四小学校"@ja	<http://www.wikidata.org/entity/Q5358913>	"日本の小学校"@ja	<http://www.wikidata.org/entity/P126>	"管理者"@ja	<https://ja.wikipedia.org/wiki/%E7%A6%8F%E7%94%9F%E5%B8%82%E7%AB%8B%E7%A6%8F%E7%94%9F%E7%AC%AC%E5%9B%9B%E5%B0%8F%E5%AD%A6%E6%A0%A1>
<http://www.wikidata.org/entity/Q48747419>	"福生市立福生第六小学校"@ja	<http://www.wikidata.org/entity/Q5358913>	"日本の小学校"@ja	<http://www.wikidata.org/entity/P131>	"位置する行政区画"@ja	<https://ja.wikipedia.org/wiki/%E7%A6%8F%E7%94%9F%E5%B8%82%E7%AB%8B%E7%A6%8F%E7%94%9F%E7%AC%AC%E5%85%AD%E5%B0%8F%E5%AD%A6%E6%A0%A1>
<http://www.wikidata.org/entity/Q48747419>	"福生市立福生第六小学校"@ja	<http://www.wikidata.org/entity/Q5358913>	"日本の小学校"@ja	<http://www.wikidata.org/entity/P126>	"管理者"@ja	<https://ja.wikipedia.org/wiki/%E7%A6%8F%E7%94%9F%E5%B8%82%E7%AB%8B%E7%A6%8F%E7%94%9F%E7%AC%AC%E5%85%AD%E5%B0%8F%E5%AD%A6%E6%A0%A1>
<http://www.wikidata.org/entity/Q48977047>	"ヨコタ・ハイスクール"@ja	<http://www.wikidata.org/entity/Q159334>	"中等教育学校"@ja	<http://www.wikidata.org/entity/P131>	"位置する行政区画"@ja	<https://ja.wikipedia.org/wiki/%E6%A8%AA%E7%94%B0%E3%83%8F%E3%82%A4%E3%82%B9%E3%82%AF%E3%83%BC%E3%83%AB>
<http://www.wikidata.org/entity/Q48977047>	"ヨコタ・ハイスクール"@ja	<http://www.wikidata.org/entity/Q149566>	"ミドルスクール"@ja	<http://www.wikidata.org/entity/P131>	"位置する行政区画"@ja	<https://ja.wikipedia.org/wiki/%E6%A8%AA%E7%94%B0%E3%83%8F%E3%82%A4%E3%82%B9%E3%82%AF%E3%83%BC%E3%83%AB>
<http://www.wikidata.org/entity/Q85271738>	"新井和輝"@ja	<http://www.wikidata.org/entity/Q5>	"ヒト"@ja	<http://www.wikidata.org/entity/P19>	"出生地"@ja	<https://ja.wikipedia.org/wiki/%E6%96%B0%E4%BA%95%E5%92%8C%E8%BC%9D>
<http://www.wikidata.org/entity/Q108131673>	"睦橋"@ja	<http://www.wikidata.org/entity/Q12280>	"橋"@ja	<http://www.wikidata.org/entity/P131>	"位置する行政区画"@ja	<https://ja.wikipedia.org/wiki/%E7%9D%A6%E6%A9%8B_(%E5%A4%9A%E6%91%A9%E5%B7%9D)>
<http://www.wikidata.org/entity/Q108131690>	"多摩橋"@ja	<http://www.wikidata.org/entity/Q12280>	"橋"@ja	<http://www.wikidata.org/entity/P131>	"位置する行政区画"@ja	<https://ja.wikipedia.org/wiki/%E5%A4%9A%E6%91%A9%E6%A9%8B>
<http://www.wikidata.org/entity/Q108131696>	"永田橋"@ja	<http://www.wikidata.org/entity/Q12280>	"橋"@ja	<http://www.wikidata.org/entity/P131>	"位置する行政区画"@ja	<https://ja.wikipedia.org/wiki/%E6%B0%B8%E7%94%B0%E6%A9%8B>
<http://www.wikidata.org/entity/Q1490>	"東京都"@ja	<http://www.wikidata.org/entity/Q51929311>	"国内で人口1位の都市"@ja	<http://www.wikidata.org/entity/P150>	"直下の行政区画"@ja	<https://ja.wikipedia.org/wiki/%E6%9D%B1%E4%BA%AC%E9%83%BD>
<http://www.wikidata.org/entity/Q1490>	"東京都"@ja	<http://www.wikidata.org/entity/Q1637706>	"100万都市"@ja	<http://www.wikidata.org/entity/P150>	"直下の行政区画"@ja	<https://ja.wikipedia.org/wiki/%E6%9D%B1%E4%BA%AC%E9%83%BD>
<http://www.wikidata.org/entity/Q1490>	"東京都"@ja	<http://www.wikidata.org/entity/Q1549591>	"10万都市"@ja	<http://www.wikidata.org/entity/P150>	"直下の行政区画"@ja	<https://ja.wikipedia.org/wiki/%E6%9D%B1%E4%BA%AC%E9%83%BD>
<http://www.wikidata.org/entity/Q1490>	"東京都"@ja	<http://www.wikidata.org/entity/Q1200957>	"観光客の目的地"@ja	<http://www.wikidata.org/entity/P150>	"直下の行政区画"@ja	<https://ja.wikipedia.org/wiki/%E6%9D%B1%E4%BA%AC%E9%83%BD>
<http://www.wikidata.org/entity/Q1490>	"東京都"@ja	<http://www.wikidata.org/entity/Q1025961>	"日本の首都"@ja	<http://www.wikidata.org/entity/P150>	"直下の行政区画"@ja	<https://ja.wikipedia.org/wiki/%E6%9D%B1%E4%BA%AC%E9%83%BD>
<http://www.wikidata.org/entity/Q1490>	"東京都"@ja	<http://www.wikidata.org/entity/Q208511>	"世界都市"@ja	<http://www.wikidata.org/entity/P150>	"直下の行政区画"@ja	<https://ja.wikipedia.org/wiki/%E6%9D%B1%E4%BA%AC%E9%83%BD>
<http://www.wikidata.org/entity/Q1490>	"東京都"@ja	<http://www.wikidata.org/entity/Q200250>	"メトロポリス"@ja	<http://www.wikidata.org/entity/P150>	"直下の行政区画"@ja	<https://ja.wikipedia.org/wiki/%E6%9D%B1%E4%BA%AC%E9%83%BD>
<http://www.wikidata.org/entity/Q1490>	"東京都"@ja	<http://www.wikidata.org/entity/Q174844>	"メガシティ"@ja	<http://www.wikidata.org/entity/P150>	"直下の行政区画"@ja	<https://ja.wikipedia.org/wiki/%E6%9D%B1%E4%BA%AC%E9%83%BD>
<http://www.wikidata.org/entity/Q1490>	"東京都"@ja	<http://www.wikidata.org/entity/Q50337>	"都道府県"@ja	<http://www.wikidata.org/entity/P150>	"直下の行政区画"@ja	<https://ja.wikipedia.org/wiki/%E6%9D%B1%E4%BA%AC%E9%83%BD>
<http://www.wikidata.org/entity/Q1490>	"東京都"@ja	<http://www.wikidata.org/entity/Q5119>	"首都"@ja	<http://www.wikidata.org/entity/P150>	"直下の行政区画"@ja	<https://ja.wikipedia.org/wiki/%E6%9D%B1%E4%BA%AC%E9%83%BD>
<http://www.wikidata.org/entity/Q50016>	"加藤英美里"@ja	<http://www.wikidata.org/entity/Q5>	"ヒト"@ja	<http://www.wikidata.org/entity/P19>	"出生地"@ja	<https://ja.wikipedia.org/wiki/%E5%8A%A0%E8%97%A4%E8%8B%B1%E7%BE%8E%E9%87%8C>
<http://www.wikidata.org/entity/Q208863>	"八王子市"@ja	<http://www.wikidata.org/entity/Q1549591>	"10万都市"@ja	<http://www.wikidata.org/entity/P47>	"隣の国又は行政区画"@ja	<https://ja.wikipedia.org/wiki/%E5%85%AB%E7%8E%8B%E5%AD%90%E5%B8%82>
<http://www.wikidata.org/entity/Q208863>	"八王子市"@ja	<http://www.wikidata.org/entity/Q1187811>	"学術都市"@ja	<http://www.wikidata.org/entity/P47>	"隣の国又は行政区画"@ja	<https://ja.wikipedia.org/wiki/%E5%85%AB%E7%8E%8B%E5%AD%90%E5%B8%82>
<http://www.wikidata.org/entity/Q208863>	"八王子市"@ja	<http://www.wikidata.org/entity/Q1137833>	"中核市"@ja	<http://www.wikidata.org/entity/P47>	"隣の国又は行政区画"@ja	<https://ja.wikipedia.org/wiki/%E5%85%AB%E7%8E%8B%E5%AD%90%E5%B8%82>
<http://www.wikidata.org/entity/Q208863>	"八王子市"@ja	<http://www.wikidata.org/entity/Q1059478>	"日本の町"@ja	<http://www.wikidata.org/entity/P47>	"隣の国又は行政区画"@ja	<https://ja.wikipedia.org/wiki/%E5%85%AB%E7%8E%8B%E5%AD%90%E5%B8%82>
<http://www.wikidata.org/entity/Q208863>	"八王子市"@ja	<http://www.wikidata.org/entity/Q494721>	"日本の市"@ja	<http://www.wikidata.org/entity/P47>	"隣の国又は行政区画"@ja	<https://ja.wikipedia.org/wiki/%E5%85%AB%E7%8E%8B%E5%AD%90%E5%B8%82>
<http://www.wikidata.org/entity/Q212494>	"昭島市"@ja	<http://www.wikidata.org/entity/Q1549591>	"10万都市"@ja	<http://www.wikidata.org/entity/P47>	"隣の国又は行政区画"@ja	<https://ja.wikipedia.org/wiki/%E6%98%AD%E5%B3%B6%E5%B8%82>
<http://www.wikidata.org/entity/Q212494>	"昭島市"@ja	<http://www.wikidata.org/entity/Q494721>	"日本の市"@ja	<http://www.wikidata.org/entity/P47>	"隣の国又は行政区画"@ja	<https://ja.wikipedia.org/wiki/%E6%98%AD%E5%B3%B6%E5%B8%82>
<http://www.wikidata.org/entity/Q240480>	"あきる野市"@ja	<http://www.wikidata.org/entity/Q494721>	"日本の市"@ja	<http://www.wikidata.org/entity/P47>	"隣の国又は行政区画"@ja	<https://ja.wikipedia.org/wiki/%E3%81%82%E3%81%8D%E3%82%8B%E9%87%8E%E5%B8%82>
<http://www.wikidata.org/entity/Q269634>	"立川市"@ja	<http://www.wikidata.org/entity/Q4174776>	"日本の村"@ja	<http://www.wikidata.org/entity/P47>	"隣の国又は行政区画"@ja	<https://ja.wikipedia.org/wiki/%E7%AB%8B%E5%B7%9D%E5%B8%82>
<http://www.wikidata.org/entity/Q269634>	"立川市"@ja	<http://www.wikidata.org/entity/Q1549591>	"10万都市"@ja	<http://www.wikidata.org/entity/P47>	"隣の国又は行政区画"@ja	<https://ja.wikipedia.org/wiki/%E7%AB%8B%E5%B7%9D%E5%B8%82>
<http://www.wikidata.org/entity/Q269634>	"立川市"@ja	<http://www.wikidata.org/entity/Q1059478>	"日本の町"@ja	<http://www.wikidata.org/entity/P47>	"隣の国又は行政区画"@ja	<https://ja.wikipedia.org/wiki/%E7%AB%8B%E5%B7%9D%E5%B8%82>
<http://www.wikidata.org/entity/Q269634>	"立川市"@ja	<http://www.wikidata.org/entity/Q494721>	"日本の市"@ja	<http://www.wikidata.org/entity/P47>	"隣の国又は行政区画"@ja	<https://ja.wikipedia.org/wiki/%E7%AB%8B%E5%B7%9D%E5%B8%82>
<http://www.wikidata.org/entity/Q270465>	"羽村市"@ja	<http://www.wikidata.org/entity/Q494721>	"日本の市"@ja	<http://www.wikidata.org/entity/P47>	"隣の国又は行政区画"@ja	<https://ja.wikipedia.org/wiki/%E7%BE%BD%E6%9D%91%E5%B8%82>
<http://www.wikidata.org/entity/Q390806>	"武蔵村山市"@ja	<http://www.wikidata.org/entity/Q494721>	"日本の市"@ja	<http://www.wikidata.org/entity/P47>	"隣の国又は行政区画"@ja	<https://ja.wikipedia.org/wiki/%E6%AD%A6%E8%94%B5%E6%9D%91%E5%B1%B1%E5%B8%82>
<http://www.wikidata.org/entity/Q440507>	"酒井まゆ"@ja	<http://www.wikidata.org/entity/Q5>	"ヒト"@ja	<http://www.wikidata.org/entity/P19>	"出生地"@ja	<https://ja.wikipedia.org/wiki/%E9%85%92%E4%BA%95%E3%81%BE%E3%82%86>
<http://www.wikidata.org/entity/Q844330>	"東福生駅"@ja	<http://www.wikidata.org/entity/Q55488>	"鉄道駅"@ja	<http://www.wikidata.org/entity/P131>	"位置する行政区画"@ja	<https://ja.wikipedia.org/wiki/%E6%9D%B1%E7%A6%8F%E7%94%9F%E9%A7%85>
<http://www.wikidata.org/entity/Q975797>	"瑞穂町"@ja	<http://www.wikidata.org/entity/Q1059478>	"日本の町"@ja	<http://www.wikidata.org/entity/P47>	"隣の国又は行政区画"@ja	<https://ja.wikipedia.org/wiki/%E7%91%9E%E7%A9%82%E7%94%BA>
<http://www.wikidata.org/entity/Q1065988>	"拝島駅"@ja	<http://www.wikidata.org/entity/Q55488>	"鉄道駅"@ja	<http://www.wikidata.org/entity/P131>	"位置する行政区画"@ja	<https://ja.wikipedia.org/wiki/%E6%8B%9D%E5%B3%B6%E9%A7%85>
<http://www.wikidata.org/entity/Q1323122>	"多摩地域"@ja	<http://www.wikidata.org/entity/Q82794>	"地域"@ja	<http://www.wikidata.org/entity/P150>	"直下の行政区画"@ja	<https://ja.wikipedia.org/wiki/%E5%A4%9A%E6%91%A9%E5%9C%B0%E5%9F%9F>
<http://www.wikidata.org/entity/Q1980396>	"海老原博幸"@ja	<http://www.wikidata.org/entity/Q5>	"ヒト"@ja	<http://www.wikidata.org/entity/P19>	"出生地"@ja	<https://ja.wikipedia.org/wiki/%E6%B5%B7%E8%80%81%E5%8E%9F%E5%8D%9A%E5%B9%B8>
<http://www.wikidata.org/entity/Q3546215>	"金井勇太"@ja	<http://www.wikidata.org/entity/Q5>	"ヒト"@ja	<http://www.wikidata.org/entity/P19>	"出生地"@ja	<https://ja.wikipedia.org/wiki/%E9%87%91%E4%BA%95%E5%8B%87%E5%A4%AA>
<http://www.wikidata.org/entity/Q5510343>	"福生駅"@ja	<http://www.wikidata.org/entity/Q55488>	"鉄道駅"@ja	<http://www.wikidata.org/entity/P131>	"位置する行政区画"@ja	<https://ja.wikipedia.org/wiki/%E7%A6%8F%E7%94%9F%E9%A7%85>
<http://www.wikidata.org/entity/Q6443378>	"熊川駅"@ja	<http://www.wikidata.org/entity/Q55488>	"鉄道駅"@ja	<http://www.wikidata.org/entity/P131>	"位置する行政区画"@ja	<https://ja.wikipedia.org/wiki/%E7%86%8A%E5%B7%9D%E9%A7%85>
<http://www.wikidata.org/entity/Q7649791>	"松下進"@ja	<http://www.wikidata.org/entity/Q5>	"ヒト"@ja	<http://www.wikidata.org/entity/P19>	"出生地"@ja	<https://ja.wikipedia.org/wiki/%E6%9D%BE%E4%B8%8B%E9%80%B2>
<http://www.wikidata.org/entity/Q7901942>	"牛浜駅"@ja	<http://www.wikidata.org/entity/Q55488>	"鉄道駅"@ja	<http://www.wikidata.org/entity/P131>	"位置する行政区画"@ja	<https://ja.wikipedia.org/wiki/%E7%89%9B%E6%B5%9C%E9%A7%85>
<http://www.wikidata.org/entity/Q8673658>	"Category:福生市"@ja	<http://www.wikidata.org/entity/Q4167836>	"ウィキメディアのカテゴリ"@ja	<http://www.wikidata.org/entity/P301>	"カテゴリの中心主題"@ja	<https://ja.wikipedia.org/wiki/Category:%E7%A6%8F%E7%94%9F%E5%B8%82>
<http://www.wikidata.org/entity/Q11197463>	"EBBY"@ja	<http://www.wikidata.org/entity/Q5>	"ヒト"@ja	<http://www.wikidata.org/entity/P19>	"出生地"@ja	<https://ja.wikipedia.org/wiki/EBBY>
<http://www.wikidata.org/entity/Q11307731>	"シャノアール"@ja	<http://www.wikidata.org/entity/Q76212517>	"カフェチェーン"@ja	<http://www.wikidata.org/entity/P740>	"結成場所"@ja	<https://ja.wikipedia.org/wiki/%E3%82%B7%E3%83%A3%E3%83%8E%E3%82%A2%E3%83%BC%E3%83%AB_(%E3%82%B3%E3%83%BC%E3%83%92%E3%83%BC%E3%83%81%E3%82%A7%E3%83%BC%E3%83%B3)>
<http://www.wikidata.org/entity/Q11307731>	"シャノアール"@ja	<http://www.wikidata.org/entity/Q4830453>	"企業"@ja	<http://www.wikidata.org/entity/P740>	"結成場所"@ja	<https://ja.wikipedia.org/wiki/%E3%82%B7%E3%83%A3%E3%83%8E%E3%82%A2%E3%83%BC%E3%83%AB_(%E3%82%B3%E3%83%BC%E3%83%92%E3%83%BC%E3%83%81%E3%82%A7%E3%83%BC%E3%83%B3)>
<http://www.wikidata.org/entity/Q11324177>	"ニイルセン"@ja	<http://www.wikidata.org/entity/Q5>	"ヒト"@ja	<http://www.wikidata.org/entity/P19>	"出生地"@ja	<https://ja.wikipedia.org/wiki/%E3%83%8B%E3%82%A4%E3%83%AB%E3%82%BB%E3%83%B3>
<http://www.wikidata.org/entity/Q11361240>	"下畑良介"@ja	<http://www.wikidata.org/entity/Q5>	"ヒト"@ja	<http://www.wikidata.org/entity/P19>	"出生地"@ja	<https://ja.wikipedia.org/wiki/%E4%B8%8B%E7%95%91%E8%89%AF%E4%BB%8B>
<http://www.wikidata.org/entity/Q11378550>	"仲村美香"@ja	<http://www.wikidata.org/entity/Q5>	"ヒト"@ja	<http://www.wikidata.org/entity/P19>	"出生地"@ja	<https://ja.wikipedia.org/wiki/%E4%BB%B2%E6%9D%91%E7%BE%8E%E9%A6%99>
<http://www.wikidata.org/entity/Q56437200>	"福生市長"@ja	<http://www.wikidata.org/entity/Q4164871>	"職位"@ja	<http://www.wikidata.org/entity/P1001>	"管轄・適用区域"@ja	
<http://www.wikidata.org/entity/Q61887275>	"福生市立わかぎり図書館"@ja	<http://www.wikidata.org/entity/Q28564>	"公共図書館"@ja	<http://www.wikidata.org/entity/P276>	"場所"@ja	
<http://www.wikidata.org/entity/Q61887273>	"福生市立中央図書館"@ja	<http://www.wikidata.org/entity/Q28564>	"公共図書館"@ja	<http://www.wikidata.org/entity/P276>	"場所"@ja	
<http://www.wikidata.org/entity/Q61887276>	"福生市立わかたけ図書館"@ja	<http://www.wikidata.org/entity/Q28564>	"公共図書館"@ja	<http://www.wikidata.org/entity/P276>	"場所"@ja	
<http://www.wikidata.org/entity/Q61887277>	"福生市立武蔵野台図書館"@ja	<http://www.wikidata.org/entity/Q28564>	"公共図書館"@ja	<http://www.wikidata.org/entity/P276>	"場所"@ja	
<http://www.wikidata.org/entity/Q86332566>	"Q86332566"	<http://www.wikidata.org/entity/Q4167836>	"ウィキメディアのカテゴリ"@ja	<http://www.wikidata.org/entity/P971>	"以下の組み合わせカテゴリ"@ja	
