?s	?sLabel	?type	?typeLabel	?prop	?propLabel	?jwiki
<http://www.wikidata.org/entity/Q7500098>	"将軍塚"@ja	<http://www.wikidata.org/entity/Q271669>	"地形"@ja	<http://www.wikidata.org/entity/P131>	"位置する行政区画"@ja	
<http://www.wikidata.org/entity/Q8736464>	"Q8736464"	<http://www.wikidata.org/entity/Q4167836>	"ウィキメディアのカテゴリ"@ja	<http://www.wikidata.org/entity/P971>	"以下の組み合わせカテゴリ"@ja	
<http://www.wikidata.org/entity/Q11512337>	"明治学院東村山高等学校"@ja	<http://www.wikidata.org/entity/Q56351315>	"日本の高等学校"@ja	<http://www.wikidata.org/entity/P131>	"位置する行政区画"@ja	
<http://www.wikidata.org/entity/Q11512422>	"明法高等学校"@ja	<http://www.wikidata.org/entity/Q56351315>	"日本の高等学校"@ja	<http://www.wikidata.org/entity/P131>	"位置する行政区画"@ja	
<http://www.wikidata.org/entity/Q56437196>	"東村山市長"@ja	<http://www.wikidata.org/entity/Q4164871>	"職位"@ja	<http://www.wikidata.org/entity/P1001>	"管轄・適用区域"@ja	
<http://www.wikidata.org/entity/Q61887251>	"東村山市立秋津図書館"@ja	<http://www.wikidata.org/entity/Q28564>	"公共図書館"@ja	<http://www.wikidata.org/entity/P276>	"場所"@ja	
<http://www.wikidata.org/entity/Q61887248>	"東村山市立富士見図書館"@ja	<http://www.wikidata.org/entity/Q28564>	"公共図書館"@ja	<http://www.wikidata.org/entity/P276>	"場所"@ja	
<http://www.wikidata.org/entity/Q61887249>	"東村山市立萩山図書館"@ja	<http://www.wikidata.org/entity/Q28564>	"公共図書館"@ja	<http://www.wikidata.org/entity/P276>	"場所"@ja	
<http://www.wikidata.org/entity/Q61887252>	"東村山市立廻田図書館"@ja	<http://www.wikidata.org/entity/Q28564>	"公共図書館"@ja	<http://www.wikidata.org/entity/P276>	"場所"@ja	
<http://www.wikidata.org/entity/Q81918051>	"東村山市立回田小学校"@ja	<http://www.wikidata.org/entity/Q5358913>	"日本の小学校"@ja	<http://www.wikidata.org/entity/P131>	"位置する行政区画"@ja	
<http://www.wikidata.org/entity/Q81918051>	"東村山市立回田小学校"@ja	<http://www.wikidata.org/entity/Q5358913>	"日本の小学校"@ja	<http://www.wikidata.org/entity/P126>	"管理者"@ja	
<http://www.wikidata.org/entity/Q81918054>	"東村山市立秋津小学校"@ja	<http://www.wikidata.org/entity/Q5358913>	"日本の小学校"@ja	<http://www.wikidata.org/entity/P131>	"位置する行政区画"@ja	
<http://www.wikidata.org/entity/Q81918054>	"東村山市立秋津小学校"@ja	<http://www.wikidata.org/entity/Q5358913>	"日本の小学校"@ja	<http://www.wikidata.org/entity/P126>	"管理者"@ja	
<http://www.wikidata.org/entity/Q81918060>	"東村山市立萩山小学校"@ja	<http://www.wikidata.org/entity/Q5358913>	"日本の小学校"@ja	<http://www.wikidata.org/entity/P131>	"位置する行政区画"@ja	
<http://www.wikidata.org/entity/Q81918060>	"東村山市立萩山小学校"@ja	<http://www.wikidata.org/entity/Q5358913>	"日本の小学校"@ja	<http://www.wikidata.org/entity/P126>	"管理者"@ja	
<http://www.wikidata.org/entity/Q81918064>	"東村山市立南台小学校"@ja	<http://www.wikidata.org/entity/Q5358913>	"日本の小学校"@ja	<http://www.wikidata.org/entity/P131>	"位置する行政区画"@ja	
<http://www.wikidata.org/entity/Q81918064>	"東村山市立南台小学校"@ja	<http://www.wikidata.org/entity/Q5358913>	"日本の小学校"@ja	<http://www.wikidata.org/entity/P126>	"管理者"@ja	
<http://www.wikidata.org/entity/Q81918070>	"東村山市立東萩山小学校"@ja	<http://www.wikidata.org/entity/Q5358913>	"日本の小学校"@ja	<http://www.wikidata.org/entity/P131>	"位置する行政区画"@ja	
<http://www.wikidata.org/entity/Q81918070>	"東村山市立東萩山小学校"@ja	<http://www.wikidata.org/entity/Q5358913>	"日本の小学校"@ja	<http://www.wikidata.org/entity/P126>	"管理者"@ja	
<http://www.wikidata.org/entity/Q81918068>	"東村山市立久米川小学校"@ja	<http://www.wikidata.org/entity/Q5358913>	"日本の小学校"@ja	<http://www.wikidata.org/entity/P131>	"位置する行政区画"@ja	
<http://www.wikidata.org/entity/Q81918068>	"東村山市立久米川小学校"@ja	<http://www.wikidata.org/entity/Q5358913>	"日本の小学校"@ja	<http://www.wikidata.org/entity/P126>	"管理者"@ja	
<http://www.wikidata.org/entity/Q81918073>	"東村山市立青葉小学校"@ja	<http://www.wikidata.org/entity/Q5358913>	"日本の小学校"@ja	<http://www.wikidata.org/entity/P131>	"位置する行政区画"@ja	
<http://www.wikidata.org/entity/Q81918073>	"東村山市立青葉小学校"@ja	<http://www.wikidata.org/entity/Q5358913>	"日本の小学校"@ja	<http://www.wikidata.org/entity/P126>	"管理者"@ja	
<http://www.wikidata.org/entity/Q81918078>	"東村山市立秋津東小学校"@ja	<http://www.wikidata.org/entity/Q5358913>	"日本の小学校"@ja	<http://www.wikidata.org/entity/P131>	"位置する行政区画"@ja	
<http://www.wikidata.org/entity/Q81918078>	"東村山市立秋津東小学校"@ja	<http://www.wikidata.org/entity/Q5358913>	"日本の小学校"@ja	<http://www.wikidata.org/entity/P126>	"管理者"@ja	
<http://www.wikidata.org/entity/Q81918076>	"東村山市立北山小学校"@ja	<http://www.wikidata.org/entity/Q5358913>	"日本の小学校"@ja	<http://www.wikidata.org/entity/P131>	"位置する行政区画"@ja	
<http://www.wikidata.org/entity/Q81918076>	"東村山市立北山小学校"@ja	<http://www.wikidata.org/entity/Q5358913>	"日本の小学校"@ja	<http://www.wikidata.org/entity/P126>	"管理者"@ja	
<http://www.wikidata.org/entity/Q81918080>	"東村山市立野火止小学校"@ja	<http://www.wikidata.org/entity/Q5358913>	"日本の小学校"@ja	<http://www.wikidata.org/entity/P131>	"位置する行政区画"@ja	
<http://www.wikidata.org/entity/Q81918080>	"東村山市立野火止小学校"@ja	<http://www.wikidata.org/entity/Q5358913>	"日本の小学校"@ja	<http://www.wikidata.org/entity/P126>	"管理者"@ja	
<http://www.wikidata.org/entity/Q81918086>	"東村山市立富士見小学校"@ja	<http://www.wikidata.org/entity/Q5358913>	"日本の小学校"@ja	<http://www.wikidata.org/entity/P131>	"位置する行政区画"@ja	
<http://www.wikidata.org/entity/Q81918086>	"東村山市立富士見小学校"@ja	<http://www.wikidata.org/entity/Q5358913>	"日本の小学校"@ja	<http://www.wikidata.org/entity/P126>	"管理者"@ja	
<http://www.wikidata.org/entity/Q81918084>	"東村山市立久米川東小学校"@ja	<http://www.wikidata.org/entity/Q5358913>	"日本の小学校"@ja	<http://www.wikidata.org/entity/P131>	"位置する行政区画"@ja	
<http://www.wikidata.org/entity/Q81918084>	"東村山市立久米川東小学校"@ja	<http://www.wikidata.org/entity/Q5358913>	"日本の小学校"@ja	<http://www.wikidata.org/entity/P126>	"管理者"@ja	
<http://www.wikidata.org/entity/Q81964467>	"東村山市立東村山第一中学校"@ja	<http://www.wikidata.org/entity/Q55521176>	"日本の中学校"@ja	<http://www.wikidata.org/entity/P131>	"位置する行政区画"@ja	
<http://www.wikidata.org/entity/Q81964467>	"東村山市立東村山第一中学校"@ja	<http://www.wikidata.org/entity/Q55521176>	"日本の中学校"@ja	<http://www.wikidata.org/entity/P126>	"管理者"@ja	
<http://www.wikidata.org/entity/Q81964470>	"東村山市立東村山第二中学校"@ja	<http://www.wikidata.org/entity/Q55521176>	"日本の中学校"@ja	<http://www.wikidata.org/entity/P131>	"位置する行政区画"@ja	
<http://www.wikidata.org/entity/Q81964470>	"東村山市立東村山第二中学校"@ja	<http://www.wikidata.org/entity/Q55521176>	"日本の中学校"@ja	<http://www.wikidata.org/entity/P126>	"管理者"@ja	
<http://www.wikidata.org/entity/Q81964474>	"東村山市立東村山第三中学校萩山分校"@ja	<http://www.wikidata.org/entity/Q55521176>	"日本の中学校"@ja	<http://www.wikidata.org/entity/P131>	"位置する行政区画"@ja	
<http://www.wikidata.org/entity/Q81964474>	"東村山市立東村山第三中学校萩山分校"@ja	<http://www.wikidata.org/entity/Q55521176>	"日本の中学校"@ja	<http://www.wikidata.org/entity/P126>	"管理者"@ja	
<http://www.wikidata.org/entity/Q81964478>	"東村山市立東村山第五中学校"@ja	<http://www.wikidata.org/entity/Q55521176>	"日本の中学校"@ja	<http://www.wikidata.org/entity/P131>	"位置する行政区画"@ja	
<http://www.wikidata.org/entity/Q81964478>	"東村山市立東村山第五中学校"@ja	<http://www.wikidata.org/entity/Q55521176>	"日本の中学校"@ja	<http://www.wikidata.org/entity/P126>	"管理者"@ja	
<http://www.wikidata.org/entity/Q81964476>	"東村山市立東村山第四中学校"@ja	<http://www.wikidata.org/entity/Q55521176>	"日本の中学校"@ja	<http://www.wikidata.org/entity/P131>	"位置する行政区画"@ja	
<http://www.wikidata.org/entity/Q81964476>	"東村山市立東村山第四中学校"@ja	<http://www.wikidata.org/entity/Q55521176>	"日本の中学校"@ja	<http://www.wikidata.org/entity/P126>	"管理者"@ja	
<http://www.wikidata.org/entity/Q81964481>	"東村山市立東村山第六中学校"@ja	<http://www.wikidata.org/entity/Q55521176>	"日本の中学校"@ja	<http://www.wikidata.org/entity/P131>	"位置する行政区画"@ja	
<http://www.wikidata.org/entity/Q81964481>	"東村山市立東村山第六中学校"@ja	<http://www.wikidata.org/entity/Q55521176>	"日本の中学校"@ja	<http://www.wikidata.org/entity/P126>	"管理者"@ja	
<http://www.wikidata.org/entity/Q89000662>	"志村けんの木"@ja	<http://www.wikidata.org/entity/Q10065268>	"Q10065268"	<http://www.wikidata.org/entity/P3938>	"命名者"@ja	
<http://www.wikidata.org/entity/Q89000662>	"志村けんの木"@ja	<http://www.wikidata.org/entity/Q10065268>	"Q10065268"	<http://www.wikidata.org/entity/P131>	"位置する行政区画"@ja	
<http://www.wikidata.org/entity/Q90094830>	"諏訪町"@ja	<http://www.wikidata.org/entity/Q5327369>	"町丁"@ja	<http://www.wikidata.org/entity/P131>	"位置する行政区画"@ja	
<http://www.wikidata.org/entity/Q90097066>	"青葉町"@ja	<http://www.wikidata.org/entity/Q5327369>	"町丁"@ja	<http://www.wikidata.org/entity/P131>	"位置する行政区画"@ja	
<http://www.wikidata.org/entity/Q107020329>	"正福寺地蔵堂"@ja	<http://www.wikidata.org/entity/Q11377515>	"仏堂"@ja	<http://www.wikidata.org/entity/P131>	"位置する行政区画"@ja	
<http://www.wikidata.org/entity/Q108830453>	"2019年東村山市長選挙"@ja	<http://www.wikidata.org/entity/Q15280243>	"首長選挙"@ja	<http://www.wikidata.org/entity/P1001>	"管轄・適用区域"@ja	
<http://www.wikidata.org/entity/Q110990372>	"舟木徳重"@ja	<http://www.wikidata.org/entity/Q5>	"ヒト"@ja	<http://www.wikidata.org/entity/P20>	"死没地"@ja	
<http://www.wikidata.org/entity/Q115104755>	"日本体育大学桜華中学校"@ja	<http://www.wikidata.org/entity/Q55521176>	"日本の中学校"@ja	<http://www.wikidata.org/entity/P131>	"位置する行政区画"@ja	
<http://www.wikidata.org/entity/Q115104756>	"日本体育大学桜華高等学校"@ja	<http://www.wikidata.org/entity/Q56351315>	"日本の高等学校"@ja	<http://www.wikidata.org/entity/P131>	"位置する行政区画"@ja	
<http://www.wikidata.org/entity/Q115134379>	"明法中学校"@ja	<http://www.wikidata.org/entity/Q55521176>	"日本の中学校"@ja	<http://www.wikidata.org/entity/P131>	"位置する行政区画"@ja	
<http://www.wikidata.org/entity/Q115134397>	"明治学院中学校"@ja	<http://www.wikidata.org/entity/Q55521176>	"日本の中学校"@ja	<http://www.wikidata.org/entity/P131>	"位置する行政区画"@ja	
<http://www.wikidata.org/entity/Q1490>	"東京都"@ja	<http://www.wikidata.org/entity/Q51929311>	"国内で人口1位の都市"@ja	<http://www.wikidata.org/entity/P150>	"直下の行政区画"@ja	<https://ja.wikipedia.org/wiki/%E6%9D%B1%E4%BA%AC%E9%83%BD>
<http://www.wikidata.org/entity/Q1490>	"東京都"@ja	<http://www.wikidata.org/entity/Q1637706>	"100万都市"@ja	<http://www.wikidata.org/entity/P150>	"直下の行政区画"@ja	<https://ja.wikipedia.org/wiki/%E6%9D%B1%E4%BA%AC%E9%83%BD>
<http://www.wikidata.org/entity/Q1490>	"東京都"@ja	<http://www.wikidata.org/entity/Q1549591>	"10万都市"@ja	<http://www.wikidata.org/entity/P150>	"直下の行政区画"@ja	<https://ja.wikipedia.org/wiki/%E6%9D%B1%E4%BA%AC%E9%83%BD>
<http://www.wikidata.org/entity/Q1490>	"東京都"@ja	<http://www.wikidata.org/entity/Q1200957>	"観光客の目的地"@ja	<http://www.wikidata.org/entity/P150>	"直下の行政区画"@ja	<https://ja.wikipedia.org/wiki/%E6%9D%B1%E4%BA%AC%E9%83%BD>
<http://www.wikidata.org/entity/Q1490>	"東京都"@ja	<http://www.wikidata.org/entity/Q1025961>	"日本の首都"@ja	<http://www.wikidata.org/entity/P150>	"直下の行政区画"@ja	<https://ja.wikipedia.org/wiki/%E6%9D%B1%E4%BA%AC%E9%83%BD>
<http://www.wikidata.org/entity/Q1490>	"東京都"@ja	<http://www.wikidata.org/entity/Q208511>	"世界都市"@ja	<http://www.wikidata.org/entity/P150>	"直下の行政区画"@ja	<https://ja.wikipedia.org/wiki/%E6%9D%B1%E4%BA%AC%E9%83%BD>
<http://www.wikidata.org/entity/Q1490>	"東京都"@ja	<http://www.wikidata.org/entity/Q200250>	"メトロポリス"@ja	<http://www.wikidata.org/entity/P150>	"直下の行政区画"@ja	<https://ja.wikipedia.org/wiki/%E6%9D%B1%E4%BA%AC%E9%83%BD>
<http://www.wikidata.org/entity/Q1490>	"東京都"@ja	<http://www.wikidata.org/entity/Q174844>	"メガシティ"@ja	<http://www.wikidata.org/entity/P150>	"直下の行政区画"@ja	<https://ja.wikipedia.org/wiki/%E6%9D%B1%E4%BA%AC%E9%83%BD>
<http://www.wikidata.org/entity/Q1490>	"東京都"@ja	<http://www.wikidata.org/entity/Q50337>	"都道府県"@ja	<http://www.wikidata.org/entity/P150>	"直下の行政区画"@ja	<https://ja.wikipedia.org/wiki/%E6%9D%B1%E4%BA%AC%E9%83%BD>
<http://www.wikidata.org/entity/Q1490>	"東京都"@ja	<http://www.wikidata.org/entity/Q5119>	"首都"@ja	<http://www.wikidata.org/entity/P150>	"直下の行政区画"@ja	<https://ja.wikipedia.org/wiki/%E6%9D%B1%E4%BA%AC%E9%83%BD>
<http://www.wikidata.org/entity/Q165857>	"所沢市"@ja	<http://www.wikidata.org/entity/Q1549591>	"10万都市"@ja	<http://www.wikidata.org/entity/P47>	"隣の国又は行政区画"@ja	<https://ja.wikipedia.org/wiki/%E6%89%80%E6%B2%A2%E5%B8%82>
<http://www.wikidata.org/entity/Q165857>	"所沢市"@ja	<http://www.wikidata.org/entity/Q1145012>	"特例市"@ja	<http://www.wikidata.org/entity/P47>	"隣の国又は行政区画"@ja	<https://ja.wikipedia.org/wiki/%E6%89%80%E6%B2%A2%E5%B8%82>
<http://www.wikidata.org/entity/Q213278>	"小平市"@ja	<http://www.wikidata.org/entity/Q1549591>	"10万都市"@ja	<http://www.wikidata.org/entity/P47>	"隣の国又は行政区画"@ja	<https://ja.wikipedia.org/wiki/%E5%B0%8F%E5%B9%B3%E5%B8%82>
<http://www.wikidata.org/entity/Q213278>	"小平市"@ja	<http://www.wikidata.org/entity/Q494721>	"日本の市"@ja	<http://www.wikidata.org/entity/P47>	"隣の国又は行政区画"@ja	<https://ja.wikipedia.org/wiki/%E5%B0%8F%E5%B9%B3%E5%B8%82>
<http://www.wikidata.org/entity/Q317830>	"東久留米市"@ja	<http://www.wikidata.org/entity/Q1549591>	"10万都市"@ja	<http://www.wikidata.org/entity/P47>	"隣の国又は行政区画"@ja	<https://ja.wikipedia.org/wiki/%E6%9D%B1%E4%B9%85%E7%95%99%E7%B1%B3%E5%B8%82>
<http://www.wikidata.org/entity/Q317830>	"東久留米市"@ja	<http://www.wikidata.org/entity/Q494721>	"日本の市"@ja	<http://www.wikidata.org/entity/P47>	"隣の国又は行政区画"@ja	<https://ja.wikipedia.org/wiki/%E6%9D%B1%E4%B9%85%E7%95%99%E7%B1%B3%E5%B8%82>
<http://www.wikidata.org/entity/Q329754>	"清瀬市"@ja	<http://www.wikidata.org/entity/Q494721>	"日本の市"@ja	<http://www.wikidata.org/entity/P47>	"隣の国又は行政区画"@ja	<https://ja.wikipedia.org/wiki/%E6%B8%85%E7%80%AC%E5%B8%82>
<http://www.wikidata.org/entity/Q390788>	"東大和市"@ja	<http://www.wikidata.org/entity/Q494721>	"日本の市"@ja	<http://www.wikidata.org/entity/P47>	"隣の国又は行政区画"@ja	<https://ja.wikipedia.org/wiki/%E6%9D%B1%E5%A4%A7%E5%92%8C%E5%B8%82>
<http://www.wikidata.org/entity/Q11584284>	"矢部太郎"@ja	<http://www.wikidata.org/entity/Q5>	"ヒト"@ja	<http://www.wikidata.org/entity/P19>	"出生地"@ja	<https://ja.wikipedia.org/wiki/%E7%9F%A2%E9%83%A8%E5%A4%AA%E9%83%8E>
<http://www.wikidata.org/entity/Q11595179>	"秋津神社"@ja	<http://www.wikidata.org/entity/Q845945>	"神社"@ja	<http://www.wikidata.org/entity/P131>	"位置する行政区画"@ja	<https://ja.wikipedia.org/wiki/%E7%A7%8B%E6%B4%A5%E7%A5%9E%E7%A4%BE>
<http://www.wikidata.org/entity/Q11605298>	"紅野敏郎"@ja	<http://www.wikidata.org/entity/Q5>	"ヒト"@ja	<http://www.wikidata.org/entity/P20>	"死没地"@ja	<https://ja.wikipedia.org/wiki/%E7%B4%85%E9%87%8E%E6%95%8F%E9%83%8E>
<http://www.wikidata.org/entity/Q11650087>	"銀河鉄道"@ja	<http://www.wikidata.org/entity/Q10438042>	"バス事業者"@ja	<http://www.wikidata.org/entity/P159>	"本部所在地"@ja	<https://ja.wikipedia.org/wiki/%E9%8A%80%E6%B2%B3%E9%89%84%E9%81%93_(%E3%83%90%E3%82%B9%E4%BC%9A%E7%A4%BE)>
<http://www.wikidata.org/entity/Q11671616>	"高橋裕 (アナウンサー)"@ja	<http://www.wikidata.org/entity/Q5>	"ヒト"@ja	<http://www.wikidata.org/entity/P19>	"出生地"@ja	<https://ja.wikipedia.org/wiki/%E9%AB%98%E6%A9%8B%E8%A3%95_(%E3%82%A2%E3%83%8A%E3%82%A6%E3%83%B3%E3%82%B5%E3%83%BC)>
<http://www.wikidata.org/entity/Q11676402>	"鷹野史寿"@ja	<http://www.wikidata.org/entity/Q5>	"ヒト"@ja	<http://www.wikidata.org/entity/P19>	"出生地"@ja	<https://ja.wikipedia.org/wiki/%E9%B7%B9%E9%87%8E%E5%8F%B2%E5%AF%BF>
<http://www.wikidata.org/entity/Q21653212>	"狭山公園"@ja	<http://www.wikidata.org/entity/Q95977092>	"東京都立公園"@ja	<http://www.wikidata.org/entity/P131>	"位置する行政区画"@ja	<https://ja.wikipedia.org/wiki/%E7%8B%AD%E5%B1%B1%E5%85%AC%E5%9C%92>
<http://www.wikidata.org/entity/Q27150461>	"野田数"@ja	<http://www.wikidata.org/entity/Q5>	"ヒト"@ja	<http://www.wikidata.org/entity/P19>	"出生地"@ja	<https://ja.wikipedia.org/wiki/%E9%87%8E%E7%94%B0%E6%95%B0>
<http://www.wikidata.org/entity/Q28686088>	"東村山市立化成小学校"@ja	<http://www.wikidata.org/entity/Q5358913>	"日本の小学校"@ja	<http://www.wikidata.org/entity/P131>	"位置する行政区画"@ja	<https://ja.wikipedia.org/wiki/%E6%9D%B1%E6%9D%91%E5%B1%B1%E5%B8%82%E7%AB%8B%E5%8C%96%E6%88%90%E5%B0%8F%E5%AD%A6%E6%A0%A1>
<http://www.wikidata.org/entity/Q28686088>	"東村山市立化成小学校"@ja	<http://www.wikidata.org/entity/Q5358913>	"日本の小学校"@ja	<http://www.wikidata.org/entity/P126>	"管理者"@ja	<https://ja.wikipedia.org/wiki/%E6%9D%B1%E6%9D%91%E5%B1%B1%E5%B8%82%E7%AB%8B%E5%8C%96%E6%88%90%E5%B0%8F%E5%AD%A6%E6%A0%A1>
<http://www.wikidata.org/entity/Q28687132>	"東村山市議会"@ja	<http://www.wikidata.org/entity/Q107199651>	"市議会"@ja	<http://www.wikidata.org/entity/P1001>	"管轄・適用区域"@ja	<https://ja.wikipedia.org/wiki/%E6%9D%B1%E6%9D%91%E5%B1%B1%E5%B8%82%E8%AD%B0%E4%BC%9A>
<http://www.wikidata.org/entity/Q28693388>	"東村山市立東村山第七中学校"@ja	<http://www.wikidata.org/entity/Q55521176>	"日本の中学校"@ja	<http://www.wikidata.org/entity/P131>	"位置する行政区画"@ja	<https://ja.wikipedia.org/wiki/%E6%9D%B1%E6%9D%91%E5%B1%B1%E5%B8%82%E7%AB%8B%E6%9D%B1%E6%9D%91%E5%B1%B1%E7%AC%AC%E4%B8%83%E4%B8%AD%E5%AD%A6%E6%A0%A1>
<http://www.wikidata.org/entity/Q28693388>	"東村山市立東村山第七中学校"@ja	<http://www.wikidata.org/entity/Q55521176>	"日本の中学校"@ja	<http://www.wikidata.org/entity/P126>	"管理者"@ja	<https://ja.wikipedia.org/wiki/%E6%9D%B1%E6%9D%91%E5%B1%B1%E5%B8%82%E7%AB%8B%E6%9D%B1%E6%9D%91%E5%B1%B1%E7%AC%AC%E4%B8%83%E4%B8%AD%E5%AD%A6%E6%A0%A1>
<http://www.wikidata.org/entity/Q30937705>	"馬渡伸弥"@ja	<http://www.wikidata.org/entity/Q5>	"ヒト"@ja	<http://www.wikidata.org/entity/P19>	"出生地"@ja	<https://ja.wikipedia.org/wiki/%E9%A6%AC%E6%B8%A1%E4%BC%B8%E5%BC%A5>
<http://www.wikidata.org/entity/Q78315984>	"東村山中央公園"@ja	<http://www.wikidata.org/entity/Q95977092>	"東京都立公園"@ja	<http://www.wikidata.org/entity/P131>	"位置する行政区画"@ja	<https://ja.wikipedia.org/wiki/%E6%9D%B1%E6%9D%91%E5%B1%B1%E4%B8%AD%E5%A4%AE%E5%85%AC%E5%9C%92>
<http://www.wikidata.org/entity/Q81918058>	"東村山市立八坂小学校"@ja	<http://www.wikidata.org/entity/Q5358913>	"日本の小学校"@ja	<http://www.wikidata.org/entity/P131>	"位置する行政区画"@ja	<https://ja.wikipedia.org/wiki/%E6%9D%B1%E6%9D%91%E5%B1%B1%E5%B8%82%E7%AB%8B%E5%85%AB%E5%9D%82%E5%B0%8F%E5%AD%A6%E6%A0%A1>
<http://www.wikidata.org/entity/Q81918058>	"東村山市立八坂小学校"@ja	<http://www.wikidata.org/entity/Q5358913>	"日本の小学校"@ja	<http://www.wikidata.org/entity/P126>	"管理者"@ja	<https://ja.wikipedia.org/wiki/%E6%9D%B1%E6%9D%91%E5%B1%B1%E5%B8%82%E7%AB%8B%E5%85%AB%E5%9D%82%E5%B0%8F%E5%AD%A6%E6%A0%A1>
<http://www.wikidata.org/entity/Q81964472>	"東村山市立東村山第三中学校"@ja	<http://www.wikidata.org/entity/Q55521176>	"日本の中学校"@ja	<http://www.wikidata.org/entity/P131>	"位置する行政区画"@ja	<https://ja.wikipedia.org/wiki/%E6%9D%B1%E6%9D%91%E5%B1%B1%E5%B8%82%E7%AB%8B%E6%9D%B1%E6%9D%91%E5%B1%B1%E7%AC%AC%E4%B8%89%E4%B8%AD%E5%AD%A6%E6%A0%A1>
<http://www.wikidata.org/entity/Q81964472>	"東村山市立東村山第三中学校"@ja	<http://www.wikidata.org/entity/Q55521176>	"日本の中学校"@ja	<http://www.wikidata.org/entity/P126>	"管理者"@ja	<https://ja.wikipedia.org/wiki/%E6%9D%B1%E6%9D%91%E5%B1%B1%E5%B8%82%E7%AB%8B%E6%9D%B1%E6%9D%91%E5%B1%B1%E7%AC%AC%E4%B8%89%E4%B8%AD%E5%AD%A6%E6%A0%A1>
<http://www.wikidata.org/entity/Q24603>	"インディペンデンス"@ja	<http://www.wikidata.org/entity/Q1549591>	"10万都市"@ja	<http://www.wikidata.org/entity/P190>	"姉妹都市"@ja	<https://ja.wikipedia.org/wiki/%E3%82%A4%E3%83%B3%E3%83%87%E3%82%A3%E3%83%9A%E3%83%B3%E3%83%87%E3%83%B3%E3%82%B9_(%E3%83%9F%E3%82%BA%E3%83%BC%E3%83%AA%E5%B7%9E)>
<http://www.wikidata.org/entity/Q24603>	"インディペンデンス"@ja	<http://www.wikidata.org/entity/Q1093829>	"アメリカ合衆国の市"@ja	<http://www.wikidata.org/entity/P190>	"姉妹都市"@ja	<https://ja.wikipedia.org/wiki/%E3%82%A4%E3%83%B3%E3%83%87%E3%82%A3%E3%83%9A%E3%83%B3%E3%83%87%E3%83%B3%E3%82%B9_(%E3%83%9F%E3%82%BA%E3%83%BC%E3%83%AA%E5%B7%9E)>
<http://www.wikidata.org/entity/Q24603>	"インディペンデンス"@ja	<http://www.wikidata.org/entity/Q62049>	"郡庁所在地"@ja	<http://www.wikidata.org/entity/P190>	"姉妹都市"@ja	<https://ja.wikipedia.org/wiki/%E3%82%A4%E3%83%B3%E3%83%87%E3%82%A3%E3%83%9A%E3%83%B3%E3%83%87%E3%83%B3%E3%82%B9_(%E3%83%9F%E3%82%BA%E3%83%BC%E3%83%AA%E5%B7%9E)>
<http://www.wikidata.org/entity/Q42622>	"蘇州市"@ja	<http://www.wikidata.org/entity/Q1637706>	"100万都市"@ja	<http://www.wikidata.org/entity/P190>	"姉妹都市"@ja	<https://ja.wikipedia.org/wiki/%E8%98%87%E5%B7%9E%E5%B8%82>
<http://www.wikidata.org/entity/Q42622>	"蘇州市"@ja	<http://www.wikidata.org/entity/Q1549591>	"10万都市"@ja	<http://www.wikidata.org/entity/P190>	"姉妹都市"@ja	<https://ja.wikipedia.org/wiki/%E8%98%87%E5%B7%9E%E5%B8%82>
<http://www.wikidata.org/entity/Q42622>	"蘇州市"@ja	<http://www.wikidata.org/entity/Q748149>	"地級市"@ja	<http://www.wikidata.org/entity/P190>	"姉妹都市"@ja	<https://ja.wikipedia.org/wiki/%E8%98%87%E5%B7%9E%E5%B8%82>
<http://www.wikidata.org/entity/Q1323122>	"多摩地域"@ja	<http://www.wikidata.org/entity/Q82794>	"地域"@ja	<http://www.wikidata.org/entity/P150>	"直下の行政区画"@ja	<https://ja.wikipedia.org/wiki/%E5%A4%9A%E6%91%A9%E5%9C%B0%E5%9F%9F>
<http://www.wikidata.org/entity/Q1387653>	"佐藤翔治"@ja	<http://www.wikidata.org/entity/Q5>	"ヒト"@ja	<http://www.wikidata.org/entity/P19>	"出生地"@ja	<https://ja.wikipedia.org/wiki/%E4%BD%90%E8%97%A4%E7%BF%94%E6%B2%BB>
<http://www.wikidata.org/entity/Q1567084>	"八国山緑地"@ja	<http://www.wikidata.org/entity/Q95977092>	"東京都立公園"@ja	<http://www.wikidata.org/entity/P131>	"位置する行政区画"@ja	<https://ja.wikipedia.org/wiki/%E5%85%AB%E5%9B%BD%E5%B1%B1%E7%B7%91%E5%9C%B0>
<http://www.wikidata.org/entity/Q3482770>	"正福寺"@ja	<http://www.wikidata.org/entity/Q5393308>	"仏教寺院"@ja	<http://www.wikidata.org/entity/P131>	"位置する行政区画"@ja	<https://ja.wikipedia.org/wiki/%E6%AD%A3%E7%A6%8F%E5%AF%BA_(%E6%9D%B1%E6%9D%91%E5%B1%B1%E5%B8%82)>
<http://www.wikidata.org/entity/Q4200096>	"今井遥"@ja	<http://www.wikidata.org/entity/Q5>	"ヒト"@ja	<http://www.wikidata.org/entity/P19>	"出生地"@ja	<https://ja.wikipedia.org/wiki/%E4%BB%8A%E4%BA%95%E9%81%A5>
<http://www.wikidata.org/entity/Q4297026>	"三浦つとむ"@ja	<http://www.wikidata.org/entity/Q5>	"ヒト"@ja	<http://www.wikidata.org/entity/P20>	"死没地"@ja	<https://ja.wikipedia.org/wiki/%E4%B8%89%E6%B5%A6%E3%81%A4%E3%81%A8%E3%82%80>
<http://www.wikidata.org/entity/Q5358236>	"浅見れいな"@ja	<http://www.wikidata.org/entity/Q5>	"ヒト"@ja	<http://www.wikidata.org/entity/P19>	"出生地"@ja	<https://ja.wikipedia.org/wiki/%E6%B5%85%E8%A6%8B%E3%82%8C%E3%81%84%E3%81%AA>
<http://www.wikidata.org/entity/Q5638755>	"萩山駅"@ja	<http://www.wikidata.org/entity/Q55488>	"鉄道駅"@ja	<http://www.wikidata.org/entity/P131>	"位置する行政区画"@ja	<https://ja.wikipedia.org/wiki/%E8%90%A9%E5%B1%B1%E9%A7%85>
<http://www.wikidata.org/entity/Q5753740>	"東村山駅"@ja	<http://www.wikidata.org/entity/Q55488>	"鉄道駅"@ja	<http://www.wikidata.org/entity/P131>	"位置する行政区画"@ja	<https://ja.wikipedia.org/wiki/%E6%9D%B1%E6%9D%91%E5%B1%B1%E9%A7%85>
<http://www.wikidata.org/entity/Q6142589>	"鳥谷敬"@ja	<http://www.wikidata.org/entity/Q5>	"ヒト"@ja	<http://www.wikidata.org/entity/P19>	"出生地"@ja	<https://ja.wikipedia.org/wiki/%E9%B3%A5%E8%B0%B7%E6%95%AC>
<http://www.wikidata.org/entity/Q6417907>	"北多摩郡"@ja	<http://www.wikidata.org/entity/Q46426234>	"廃止された郡"@ja	<http://www.wikidata.org/entity/P150>	"直下の行政区画"@ja	<https://ja.wikipedia.org/wiki/%E5%8C%97%E5%A4%9A%E6%91%A9%E9%83%A1>
<http://www.wikidata.org/entity/Q6443795>	"久米川駅"@ja	<http://www.wikidata.org/entity/Q55488>	"鉄道駅"@ja	<http://www.wikidata.org/entity/P131>	"位置する行政区画"@ja	<https://ja.wikipedia.org/wiki/%E4%B9%85%E7%B1%B3%E5%B7%9D%E9%A7%85>
<http://www.wikidata.org/entity/Q6631946>	"北山公園"@ja	<http://www.wikidata.org/entity/Q22746>	"都市公園"@ja	<http://www.wikidata.org/entity/P131>	"位置する行政区画"@ja	<https://ja.wikipedia.org/wiki/%E5%8C%97%E5%B1%B1%E5%85%AC%E5%9C%92_(%E6%9D%B1%E4%BA%AC%E9%83%BD)>
<http://www.wikidata.org/entity/Q6940151>	"武蔵大和駅"@ja	<http://www.wikidata.org/entity/Q55488>	"鉄道駅"@ja	<http://www.wikidata.org/entity/P131>	"位置する行政区画"@ja	<https://ja.wikipedia.org/wiki/%E6%AD%A6%E8%94%B5%E5%A4%A7%E5%92%8C%E9%A7%85>
<http://www.wikidata.org/entity/Q7446596>	"多摩湖駅"@ja	<http://www.wikidata.org/entity/Q55488>	"鉄道駅"@ja	<http://www.wikidata.org/entity/P131>	"位置する行政区画"@ja	<https://ja.wikipedia.org/wiki/%E5%A4%9A%E6%91%A9%E6%B9%96%E9%A7%85>
<http://www.wikidata.org/entity/Q7446611>	"西武園駅"@ja	<http://www.wikidata.org/entity/Q55488>	"鉄道駅"@ja	<http://www.wikidata.org/entity/P131>	"位置する行政区画"@ja	<https://ja.wikipedia.org/wiki/%E8%A5%BF%E6%AD%A6%E5%9C%92%E9%A7%85>
<http://www.wikidata.org/entity/Q7446721>	"清水清一朗"@ja	<http://www.wikidata.org/entity/Q5>	"ヒト"@ja	<http://www.wikidata.org/entity/P19>	"出生地"@ja	<https://ja.wikipedia.org/wiki/%E6%B8%85%E6%B0%B4%E6%B8%85%E4%B8%80%E6%9C%97>
<http://www.wikidata.org/entity/Q7497083>	"新秋津駅"@ja	<http://www.wikidata.org/entity/Q55488>	"鉄道駅"@ja	<http://www.wikidata.org/entity/P131>	"位置する行政区画"@ja	<https://ja.wikipedia.org/wiki/%E6%96%B0%E7%A7%8B%E6%B4%A5%E9%A7%85>
<http://www.wikidata.org/entity/Q8014496>	"八坂駅"@ja	<http://www.wikidata.org/entity/Q55488>	"鉄道駅"@ja	<http://www.wikidata.org/entity/P131>	"位置する行政区画"@ja	<https://ja.wikipedia.org/wiki/%E5%85%AB%E5%9D%82%E9%A7%85_(%E6%9D%B1%E4%BA%AC%E9%83%BD)>
<http://www.wikidata.org/entity/Q8673688>	"Category:東村山市"@ja	<http://www.wikidata.org/entity/Q4167836>	"ウィキメディアのカテゴリ"@ja	<http://www.wikidata.org/entity/P301>	"カテゴリの中心主題"@ja	<https://ja.wikipedia.org/wiki/Category:%E6%9D%B1%E6%9D%91%E5%B1%B1%E5%B8%82>
<http://www.wikidata.org/entity/Q11103038>	"東京都道5号"@ja	<http://www.wikidata.org/entity/Q34442>	"道路"@ja	<http://www.wikidata.org/entity/P131>	"位置する行政区画"@ja	<https://ja.wikipedia.org/wiki/%E6%9D%B1%E4%BA%AC%E9%83%BD%E9%81%935%E5%8F%B7%E6%96%B0%E5%AE%BF%E9%9D%92%E6%A2%85%E7%B7%9A>
<http://www.wikidata.org/entity/Q11103041>	"東京都道・埼玉県道4号"@ja	<http://www.wikidata.org/entity/Q34442>	"道路"@ja	<http://www.wikidata.org/entity/P131>	"位置する行政区画"@ja	<https://ja.wikipedia.org/wiki/%E6%9D%B1%E4%BA%AC%E9%83%BD%E9%81%93%E3%83%BB%E5%9F%BC%E7%8E%89%E7%9C%8C%E9%81%934%E5%8F%B7%E6%9D%B1%E4%BA%AC%E6%89%80%E6%B2%A2%E7%B7%9A>
<http://www.wikidata.org/entity/Q11300560>	"グリーンバス"@ja	<http://www.wikidata.org/entity/Q31180853>	"コミュニティバス"@ja	<http://www.wikidata.org/entity/P131>	"位置する行政区画"@ja	<https://ja.wikipedia.org/wiki/%E3%82%B0%E3%83%AA%E3%83%BC%E3%83%B3%E3%83%90%E3%82%B9>
<http://www.wikidata.org/entity/Q11355160>	"三富健也"@ja	<http://www.wikidata.org/entity/Q5>	"ヒト"@ja	<http://www.wikidata.org/entity/P19>	"出生地"@ja	<https://ja.wikipedia.org/wiki/%E4%B8%89%E5%AF%8C%E5%81%A5%E4%B9%9F>
<http://www.wikidata.org/entity/Q11360850>	"下島裕司"@ja	<http://www.wikidata.org/entity/Q5>	"ヒト"@ja	<http://www.wikidata.org/entity/P19>	"出生地"@ja	<https://ja.wikipedia.org/wiki/%E4%B8%8B%E5%B3%B6%E8%A3%95%E5%8F%B8>
<http://www.wikidata.org/entity/Q11401575>	"北川"@ja	<http://www.wikidata.org/entity/Q4022>	"川"@ja	<http://www.wikidata.org/entity/P131>	"位置する行政区画"@ja	<https://ja.wikipedia.org/wiki/%E5%8C%97%E5%B7%9D_(%E6%9D%B1%E4%BA%AC%E9%83%BD)>
<http://www.wikidata.org/entity/Q11427109>	"埼玉県道・東京都道17号"@ja	<http://www.wikidata.org/entity/Q34442>	"道路"@ja	<http://www.wikidata.org/entity/P131>	"位置する行政区画"@ja	<https://ja.wikipedia.org/wiki/%E5%9F%BC%E7%8E%89%E7%9C%8C%E9%81%93%E3%83%BB%E6%9D%B1%E4%BA%AC%E9%83%BD%E9%81%9317%E5%8F%B7%E6%89%80%E6%B2%A2%E5%BA%9C%E4%B8%AD%E7%B7%9A>
<http://www.wikidata.org/entity/Q11427113>	"埼玉県道・東京都道40号"@ja	<http://www.wikidata.org/entity/Q34442>	"道路"@ja	<http://www.wikidata.org/entity/P609>	"起終点"@ja	<https://ja.wikipedia.org/wiki/%E5%9F%BC%E7%8E%89%E7%9C%8C%E9%81%93%E3%83%BB%E6%9D%B1%E4%BA%AC%E9%83%BD%E9%81%9340%E5%8F%B7%E3%81%95%E3%81%84%E3%81%9F%E3%81%BE%E6%9D%B1%E6%9D%91%E5%B1%B1%E7%B7%9A>
<http://www.wikidata.org/entity/Q11427113>	"埼玉県道・東京都道40号"@ja	<http://www.wikidata.org/entity/Q34442>	"道路"@ja	<http://www.wikidata.org/entity/P131>	"位置する行政区画"@ja	<https://ja.wikipedia.org/wiki/%E5%9F%BC%E7%8E%89%E7%9C%8C%E9%81%93%E3%83%BB%E6%9D%B1%E4%BA%AC%E9%83%BD%E9%81%9340%E5%8F%B7%E3%81%95%E3%81%84%E3%81%9F%E3%81%BE%E6%9D%B1%E6%9D%91%E5%B1%B1%E7%B7%9A>
<http://www.wikidata.org/entity/Q11430722>	"多摩北部都市広域行政圏協議会"@ja	<http://www.wikidata.org/entity/Q43229>	"組織"@ja	<http://www.wikidata.org/entity/P527>	"以下を含む"@ja	<https://ja.wikipedia.org/wiki/%E5%A4%9A%E6%91%A9%E5%8C%97%E9%83%A8%E9%83%BD%E5%B8%82%E5%BA%83%E5%9F%9F%E8%A1%8C%E6%94%BF%E5%9C%8F%E5%8D%94%E8%AD%B0%E4%BC%9A>
<http://www.wikidata.org/entity/Q11449528>	"宇波彰"@ja	<http://www.wikidata.org/entity/Q5>	"ヒト"@ja	<http://www.wikidata.org/entity/P20>	"死没地"@ja	<https://ja.wikipedia.org/wiki/%E5%AE%87%E6%B3%A2%E5%BD%B0>
<http://www.wikidata.org/entity/Q11456183>	"富士見町"@ja	<http://www.wikidata.org/entity/Q5327369>	"町丁"@ja	<http://www.wikidata.org/entity/P131>	"位置する行政区画"@ja	<https://ja.wikipedia.org/wiki/%E5%AF%8C%E5%A3%AB%E8%A6%8B%E7%94%BA_(%E6%9D%B1%E6%9D%91%E5%B1%B1%E5%B8%82)>
<http://www.wikidata.org/entity/Q11456183>	"富士見町"@ja	<http://www.wikidata.org/entity/Q3957>	"街"@ja	<http://www.wikidata.org/entity/P131>	"位置する行政区画"@ja	<https://ja.wikipedia.org/wiki/%E5%AF%8C%E5%A3%AB%E8%A6%8B%E7%94%BA_(%E6%9D%B1%E6%9D%91%E5%B1%B1%E5%B8%82)>
<http://www.wikidata.org/entity/Q11460753>	"小平霊園"@ja	<http://www.wikidata.org/entity/Q11660700>	"霊園"@ja	<http://www.wikidata.org/entity/P131>	"位置する行政区画"@ja	<https://ja.wikipedia.org/wiki/%E5%B0%8F%E5%B9%B3%E9%9C%8A%E5%9C%92>
<http://www.wikidata.org/entity/Q11511436>	"早瀬優香子"@ja	<http://www.wikidata.org/entity/Q5>	"ヒト"@ja	<http://www.wikidata.org/entity/P19>	"出生地"@ja	<https://ja.wikipedia.org/wiki/%E6%97%A9%E7%80%AC%E5%84%AA%E9%A6%99%E5%AD%90>
<http://www.wikidata.org/entity/Q11517629>	"朝木直子"@ja	<http://www.wikidata.org/entity/Q5>	"ヒト"@ja	<http://www.wikidata.org/entity/P19>	"出生地"@ja	<https://ja.wikipedia.org/wiki/%E6%9C%9D%E6%9C%A8%E7%9B%B4%E5%AD%90>
<http://www.wikidata.org/entity/Q11522227>	"杉浦幸"@ja	<http://www.wikidata.org/entity/Q5>	"ヒト"@ja	<http://www.wikidata.org/entity/P19>	"出生地"@ja	<https://ja.wikipedia.org/wiki/%E6%9D%89%E6%B5%A6%E5%B9%B8>
<http://www.wikidata.org/entity/Q11523162>	"村山貯水池駅"@ja	<http://www.wikidata.org/entity/Q55488>	"鉄道駅"@ja	<http://www.wikidata.org/entity/P131>	"位置する行政区画"@ja	<https://ja.wikipedia.org/wiki/%E6%9D%91%E5%B1%B1%E8%B2%AF%E6%B0%B4%E6%B1%A0%E9%A7%85>
<http://www.wikidata.org/entity/Q11525248>	"東京都保健医療公社多摩北部医療センター"@ja	<http://www.wikidata.org/entity/Q4287745>	"医療関係機関"@ja	<http://www.wikidata.org/entity/P131>	"位置する行政区画"@ja	<https://ja.wikipedia.org/wiki/%E6%9D%B1%E4%BA%AC%E9%83%BD%E7%AB%8B%E5%A4%9A%E6%91%A9%E5%8C%97%E9%83%A8%E5%8C%BB%E7%99%82%E3%82%BB%E3%83%B3%E3%82%BF%E3%83%BC>
<http://www.wikidata.org/entity/Q11525510>	"東京都立東村山西高等学校"@ja	<http://www.wikidata.org/entity/Q56351315>	"日本の高等学校"@ja	<http://www.wikidata.org/entity/P131>	"位置する行政区画"@ja	<https://ja.wikipedia.org/wiki/%E6%9D%B1%E4%BA%AC%E9%83%BD%E7%AB%8B%E6%9D%B1%E6%9D%91%E5%B1%B1%E8%A5%BF%E9%AB%98%E7%AD%89%E5%AD%A6%E6%A0%A1>
<http://www.wikidata.org/entity/Q11525513>	"東京都立東村山高等学校"@ja	<http://www.wikidata.org/entity/Q56351315>	"日本の高等学校"@ja	<http://www.wikidata.org/entity/P131>	"位置する行政区画"@ja	<https://ja.wikipedia.org/wiki/%E6%9D%B1%E4%BA%AC%E9%83%BD%E7%AB%8B%E6%9D%B1%E6%9D%91%E5%B1%B1%E9%AB%98%E7%AD%89%E5%AD%A6%E6%A0%A1>
<http://www.wikidata.org/entity/Q11525695>	"東京都道127号"@ja	<http://www.wikidata.org/entity/Q34442>	"道路"@ja	<http://www.wikidata.org/entity/P609>	"起終点"@ja	<https://ja.wikipedia.org/wiki/%E6%9D%B1%E4%BA%AC%E9%83%BD%E9%81%93127%E5%8F%B7%E7%A7%8B%E6%B4%A5%E5%81%9C%E8%BB%8A%E5%A0%B4%E7%B7%9A>
<http://www.wikidata.org/entity/Q11525695>	"東京都道127号"@ja	<http://www.wikidata.org/entity/Q34442>	"道路"@ja	<http://www.wikidata.org/entity/P131>	"位置する行政区画"@ja	<https://ja.wikipedia.org/wiki/%E6%9D%B1%E4%BA%AC%E9%83%BD%E9%81%93127%E5%8F%B7%E7%A7%8B%E6%B4%A5%E5%81%9C%E8%BB%8A%E5%A0%B4%E7%B7%9A>
<http://www.wikidata.org/entity/Q11525696>	"東京都道128号"@ja	<http://www.wikidata.org/entity/Q34442>	"道路"@ja	<http://www.wikidata.org/entity/P609>	"起終点"@ja	<https://ja.wikipedia.org/wiki/%E6%9D%B1%E4%BA%AC%E9%83%BD%E9%81%93128%E5%8F%B7%E6%9D%B1%E6%9D%91%E5%B1%B1%E6%9D%B1%E5%A4%A7%E5%92%8C%E7%B7%9A>
<http://www.wikidata.org/entity/Q11525696>	"東京都道128号"@ja	<http://www.wikidata.org/entity/Q34442>	"道路"@ja	<http://www.wikidata.org/entity/P131>	"位置する行政区画"@ja	<https://ja.wikipedia.org/wiki/%E6%9D%B1%E4%BA%AC%E9%83%BD%E9%81%93128%E5%8F%B7%E6%9D%B1%E6%9D%91%E5%B1%B1%E6%9D%B1%E5%A4%A7%E5%92%8C%E7%B7%9A>
<http://www.wikidata.org/entity/Q11525697>	"東京都道129号"@ja	<http://www.wikidata.org/entity/Q34442>	"道路"@ja	<http://www.wikidata.org/entity/P609>	"起終点"@ja	<https://ja.wikipedia.org/wiki/%E6%9D%B1%E4%BA%AC%E9%83%BD%E9%81%93129%E5%8F%B7%E6%9D%B1%E6%9D%91%E5%B1%B1%E6%9D%B1%E4%B9%85%E7%95%99%E7%B1%B3%E7%B7%9A>
<http://www.wikidata.org/entity/Q11525697>	"東京都道129号"@ja	<http://www.wikidata.org/entity/Q34442>	"道路"@ja	<http://www.wikidata.org/entity/P131>	"位置する行政区画"@ja	<https://ja.wikipedia.org/wiki/%E6%9D%B1%E4%BA%AC%E9%83%BD%E9%81%93129%E5%8F%B7%E6%9D%B1%E6%9D%91%E5%B1%B1%E6%9D%B1%E4%B9%85%E7%95%99%E7%B1%B3%E7%B7%9A>
<http://www.wikidata.org/entity/Q11525758>	"東京都道226号"@ja	<http://www.wikidata.org/entity/Q34442>	"道路"@ja	<http://www.wikidata.org/entity/P609>	"起終点"@ja	<https://ja.wikipedia.org/wiki/%E6%9D%B1%E4%BA%AC%E9%83%BD%E9%81%93226%E5%8F%B7%E6%9D%B1%E6%9D%91%E5%B1%B1%E6%B8%85%E7%80%AC%E7%B7%9A>
<http://www.wikidata.org/entity/Q11525758>	"東京都道226号"@ja	<http://www.wikidata.org/entity/Q34442>	"道路"@ja	<http://www.wikidata.org/entity/P131>	"位置する行政区画"@ja	<https://ja.wikipedia.org/wiki/%E6%9D%B1%E4%BA%AC%E9%83%BD%E9%81%93226%E5%8F%B7%E6%9D%B1%E6%9D%91%E5%B1%B1%E6%B8%85%E7%80%AC%E7%B7%9A>
<http://www.wikidata.org/entity/Q11525775>	"東京都道253号"@ja	<http://www.wikidata.org/entity/Q34442>	"道路"@ja	<http://www.wikidata.org/entity/P131>	"位置する行政区画"@ja	<https://ja.wikipedia.org/wiki/%E6%9D%B1%E4%BA%AC%E9%83%BD%E9%81%93253%E5%8F%B7%E4%BF%9D%E8%B0%B7%E7%8B%AD%E5%B1%B1%E8%87%AA%E7%84%B6%E5%85%AC%E5%9C%92%E8%87%AA%E8%BB%A2%E8%BB%8A%E9%81%93%E7%B7%9A>
<http://www.wikidata.org/entity/Q11525847>	"東京都道・埼玉県道16号"@ja	<http://www.wikidata.org/entity/Q34442>	"道路"@ja	<http://www.wikidata.org/entity/P131>	"位置する行政区画"@ja	<https://ja.wikipedia.org/wiki/%E6%9D%B1%E4%BA%AC%E9%83%BD%E9%81%93%E3%83%BB%E5%9F%BC%E7%8E%89%E7%9C%8C%E9%81%9316%E5%8F%B7%E7%AB%8B%E5%B7%9D%E6%89%80%E6%B2%A2%E7%B7%9A>
<http://www.wikidata.org/entity/Q11531489>	"松林菜々見"@ja	<http://www.wikidata.org/entity/Q5>	"ヒト"@ja	<http://www.wikidata.org/entity/P19>	"出生地"@ja	<https://ja.wikipedia.org/wiki/%E6%9D%BE%E6%9E%97%E8%8F%9C%E3%80%85%E8%A6%8B>
<http://www.wikidata.org/entity/Q11535716>	"栄町"@ja	<http://www.wikidata.org/entity/Q5327369>	"町丁"@ja	<http://www.wikidata.org/entity/P131>	"位置する行政区画"@ja	<https://ja.wikipedia.org/wiki/%E6%A0%84%E7%94%BA_(%E6%9D%B1%E6%9D%91%E5%B1%B1%E5%B8%82)>
<http://www.wikidata.org/entity/Q11535716>	"栄町"@ja	<http://www.wikidata.org/entity/Q3957>	"街"@ja	<http://www.wikidata.org/entity/P131>	"位置する行政区画"@ja	<https://ja.wikipedia.org/wiki/%E6%A0%84%E7%94%BA_(%E6%9D%B1%E6%9D%91%E5%B1%B1%E5%B8%82)>
<http://www.wikidata.org/entity/Q11538207>	"日本体育大学桜華中学校・高等学校"@ja	<http://www.wikidata.org/entity/Q21655594>	"日本の中高一貫校"@ja	<http://www.wikidata.org/entity/P131>	"位置する行政区画"@ja	<https://ja.wikipedia.org/wiki/%E6%97%A5%E6%9C%AC%E4%BD%93%E8%82%B2%E5%A4%A7%E5%AD%A6%E6%A1%9C%E8%8F%AF%E4%B8%AD%E5%AD%A6%E6%A0%A1%E3%83%BB%E9%AB%98%E7%AD%89%E5%AD%A6%E6%A0%A1>
<http://www.wikidata.org/entity/Q11544347>	"橘花梨"@ja	<http://www.wikidata.org/entity/Q5>	"ヒト"@ja	<http://www.wikidata.org/entity/P19>	"出生地"@ja	<https://ja.wikipedia.org/wiki/%E6%A9%98%E8%8A%B1%E6%A2%A8>
<http://www.wikidata.org/entity/Q11549838>	"永井聡"@ja	<http://www.wikidata.org/entity/Q5>	"ヒト"@ja	<http://www.wikidata.org/entity/P19>	"出生地"@ja	<https://ja.wikipedia.org/wiki/%E6%B0%B8%E4%BA%95%E8%81%A1>
<http://www.wikidata.org/entity/Q11560943>	"清水市代"@ja	<http://www.wikidata.org/entity/Q5>	"ヒト"@ja	<http://www.wikidata.org/entity/P19>	"出生地"@ja	<https://ja.wikipedia.org/wiki/%E6%B8%85%E6%B0%B4%E5%B8%82%E4%BB%A3>
<http://www.wikidata.org/entity/Q633983>	"柏崎市"@ja	<http://www.wikidata.org/entity/Q494721>	"日本の市"@ja	<http://www.wikidata.org/entity/P190>	"姉妹都市"@ja	<https://ja.wikipedia.org/wiki/%E6%9F%8F%E5%B4%8E%E5%B8%82>
<http://www.wikidata.org/entity/Q842513>	"秋津駅"@ja	<http://www.wikidata.org/entity/Q55488>	"鉄道駅"@ja	<http://www.wikidata.org/entity/P131>	"位置する行政区画"@ja	<https://ja.wikipedia.org/wiki/%E7%A7%8B%E6%B4%A5%E9%A7%85>
<http://www.wikidata.org/entity/Q1143672>	"相田翔子"@ja	<http://www.wikidata.org/entity/Q5>	"ヒト"@ja	<http://www.wikidata.org/entity/P19>	"出生地"@ja	<https://ja.wikipedia.org/wiki/%E7%9B%B8%E7%94%B0%E7%BF%94%E5%AD%90>
<http://www.wikidata.org/entity/Q1320080>	"志村けん"@ja	<http://www.wikidata.org/entity/Q5>	"ヒト"@ja	<http://www.wikidata.org/entity/P19>	"出生地"@ja	<https://ja.wikipedia.org/wiki/%E5%BF%97%E6%9D%91%E3%81%91%E3%82%93>
<http://www.wikidata.org/entity/Q86730999>	"久米川町"@ja	<http://www.wikidata.org/entity/Q5327369>	"町丁"@ja	<http://www.wikidata.org/entity/P131>	"位置する行政区画"@ja	<https://ja.wikipedia.org/wiki/%E4%B9%85%E7%B1%B3%E5%B7%9D%E7%94%BA>
<http://www.wikidata.org/entity/Q86731159>	"萩山町"@ja	<http://www.wikidata.org/entity/Q5327369>	"町丁"@ja	<http://www.wikidata.org/entity/P131>	"位置する行政区画"@ja	<https://ja.wikipedia.org/wiki/%E8%90%A9%E5%B1%B1%E7%94%BA_(%E6%9D%B1%E6%9D%91%E5%B1%B1%E5%B8%82)>
<http://www.wikidata.org/entity/Q98522516>	"三國スティビアエブス"@ja	<http://www.wikidata.org/entity/Q5>	"ヒト"@ja	<http://www.wikidata.org/entity/P19>	"出生地"@ja	<https://ja.wikipedia.org/wiki/%E4%B8%89%E5%9C%8B%E3%82%B9%E3%83%86%E3%82%A3%E3%83%93%E3%82%A2%E3%82%A8%E3%83%96%E3%82%B9>
<http://www.wikidata.org/entity/Q109596261>	"シフォン大喜"@ja	<http://www.wikidata.org/entity/Q5>	"ヒト"@ja	<http://www.wikidata.org/entity/P19>	"出生地"@ja	<https://ja.wikipedia.org/wiki/%E3%82%B7%E3%83%95%E3%82%A9%E3%83%B3%E5%A4%A7%E5%96%9C>
<http://www.wikidata.org/entity/Q115134378>	"明法中学・高等学校"@ja	<http://www.wikidata.org/entity/Q21655594>	"日本の中高一貫校"@ja	<http://www.wikidata.org/entity/P131>	"位置する行政区画"@ja	<https://ja.wikipedia.org/wiki/%E6%98%8E%E6%B3%95%E4%B8%AD%E5%AD%A6%E3%83%BB%E9%AB%98%E7%AD%89%E5%AD%A6%E6%A0%A1>
<http://www.wikidata.org/entity/Q115134396>	"明治学院中学校・明治学院東村山高等学校"@ja	<http://www.wikidata.org/entity/Q21655594>	"日本の中高一貫校"@ja	<http://www.wikidata.org/entity/P131>	"位置する行政区画"@ja	<https://ja.wikipedia.org/wiki/%E6%98%8E%E6%B2%BB%E5%AD%A6%E9%99%A2%E4%B8%AD%E5%AD%A6%E6%A0%A1%E3%83%BB%E6%98%8E%E6%B2%BB%E5%AD%A6%E9%99%A2%E6%9D%B1%E6%9D%91%E5%B1%B1%E9%AB%98%E7%AD%89%E5%AD%A6%E6%A0%A1>
