?s	?sLabel	?type	?typeLabel	?prop	?propLabel	?jwiki
<http://www.wikidata.org/entity/Q1490>	"東京都"@ja	<http://www.wikidata.org/entity/Q51929311>	"国内で人口1位の都市"@ja	<http://www.wikidata.org/entity/P150>	"直下の行政区画"@ja	<https://ja.wikipedia.org/wiki/%E6%9D%B1%E4%BA%AC%E9%83%BD>
<http://www.wikidata.org/entity/Q1490>	"東京都"@ja	<http://www.wikidata.org/entity/Q1637706>	"100万都市"@ja	<http://www.wikidata.org/entity/P150>	"直下の行政区画"@ja	<https://ja.wikipedia.org/wiki/%E6%9D%B1%E4%BA%AC%E9%83%BD>
<http://www.wikidata.org/entity/Q1490>	"東京都"@ja	<http://www.wikidata.org/entity/Q1549591>	"10万都市"@ja	<http://www.wikidata.org/entity/P150>	"直下の行政区画"@ja	<https://ja.wikipedia.org/wiki/%E6%9D%B1%E4%BA%AC%E9%83%BD>
<http://www.wikidata.org/entity/Q1490>	"東京都"@ja	<http://www.wikidata.org/entity/Q1200957>	"観光客の目的地"@ja	<http://www.wikidata.org/entity/P150>	"直下の行政区画"@ja	<https://ja.wikipedia.org/wiki/%E6%9D%B1%E4%BA%AC%E9%83%BD>
<http://www.wikidata.org/entity/Q1490>	"東京都"@ja	<http://www.wikidata.org/entity/Q1025961>	"日本の首都"@ja	<http://www.wikidata.org/entity/P150>	"直下の行政区画"@ja	<https://ja.wikipedia.org/wiki/%E6%9D%B1%E4%BA%AC%E9%83%BD>
<http://www.wikidata.org/entity/Q1490>	"東京都"@ja	<http://www.wikidata.org/entity/Q208511>	"世界都市"@ja	<http://www.wikidata.org/entity/P150>	"直下の行政区画"@ja	<https://ja.wikipedia.org/wiki/%E6%9D%B1%E4%BA%AC%E9%83%BD>
<http://www.wikidata.org/entity/Q1490>	"東京都"@ja	<http://www.wikidata.org/entity/Q200250>	"メトロポリス"@ja	<http://www.wikidata.org/entity/P150>	"直下の行政区画"@ja	<https://ja.wikipedia.org/wiki/%E6%9D%B1%E4%BA%AC%E9%83%BD>
<http://www.wikidata.org/entity/Q1490>	"東京都"@ja	<http://www.wikidata.org/entity/Q174844>	"メガシティ"@ja	<http://www.wikidata.org/entity/P150>	"直下の行政区画"@ja	<https://ja.wikipedia.org/wiki/%E6%9D%B1%E4%BA%AC%E9%83%BD>
<http://www.wikidata.org/entity/Q1490>	"東京都"@ja	<http://www.wikidata.org/entity/Q50337>	"都道府県"@ja	<http://www.wikidata.org/entity/P150>	"直下の行政区画"@ja	<https://ja.wikipedia.org/wiki/%E6%9D%B1%E4%BA%AC%E9%83%BD>
<http://www.wikidata.org/entity/Q1490>	"東京都"@ja	<http://www.wikidata.org/entity/Q5119>	"首都"@ja	<http://www.wikidata.org/entity/P150>	"直下の行政区画"@ja	<https://ja.wikipedia.org/wiki/%E6%9D%B1%E4%BA%AC%E9%83%BD>
<http://www.wikidata.org/entity/Q426586>	"八丈支庁"@ja	<http://www.wikidata.org/entity/Q850450>	"支庁"@ja	<http://www.wikidata.org/entity/P159>	"本部所在地"@ja	<https://ja.wikipedia.org/wiki/%E5%85%AB%E4%B8%88%E6%94%AF%E5%BA%81>
<http://www.wikidata.org/entity/Q426586>	"八丈支庁"@ja	<http://www.wikidata.org/entity/Q850450>	"支庁"@ja	<http://www.wikidata.org/entity/P150>	"直下の行政区画"@ja	<https://ja.wikipedia.org/wiki/%E5%85%AB%E4%B8%88%E6%94%AF%E5%BA%81>
<http://www.wikidata.org/entity/Q1039445>	"八丈小島"@ja	<http://www.wikidata.org/entity/Q23442>	"島"@ja	<http://www.wikidata.org/entity/P131>	"位置する行政区画"@ja	<https://ja.wikipedia.org/wiki/%E5%85%AB%E4%B8%88%E5%B0%8F%E5%B3%B6>
<http://www.wikidata.org/entity/Q1191120>	"八丈島"@ja	<http://www.wikidata.org/entity/Q1161185>	"火山島"@ja	<http://www.wikidata.org/entity/P131>	"位置する行政区画"@ja	<https://ja.wikipedia.org/wiki/%E5%85%AB%E4%B8%88%E5%B3%B6>
<http://www.wikidata.org/entity/Q2512004>	"八丈島空港"@ja	<http://www.wikidata.org/entity/Q94993988>	"商業交通飛行場"@ja	<http://www.wikidata.org/entity/P931>	"空港周辺の場所"@ja	<https://ja.wikipedia.org/wiki/%E5%85%AB%E4%B8%88%E5%B3%B6%E7%A9%BA%E6%B8%AF>
<http://www.wikidata.org/entity/Q2512004>	"八丈島空港"@ja	<http://www.wikidata.org/entity/Q94993988>	"商業交通飛行場"@ja	<http://www.wikidata.org/entity/P131>	"位置する行政区画"@ja	<https://ja.wikipedia.org/wiki/%E5%85%AB%E4%B8%88%E5%B3%B6%E7%A9%BA%E6%B8%AF>
<http://www.wikidata.org/entity/Q2512004>	"八丈島空港"@ja	<http://www.wikidata.org/entity/Q1248784>	"空港"@ja	<http://www.wikidata.org/entity/P931>	"空港周辺の場所"@ja	<https://ja.wikipedia.org/wiki/%E5%85%AB%E4%B8%88%E5%B3%B6%E7%A9%BA%E6%B8%AF>
<http://www.wikidata.org/entity/Q2512004>	"八丈島空港"@ja	<http://www.wikidata.org/entity/Q1248784>	"空港"@ja	<http://www.wikidata.org/entity/P131>	"位置する行政区画"@ja	<https://ja.wikipedia.org/wiki/%E5%85%AB%E4%B8%88%E5%B3%B6%E7%A9%BA%E6%B8%AF>
<http://www.wikidata.org/entity/Q9570036>	"Category:八丈町"@ja	<http://www.wikidata.org/entity/Q4167836>	"ウィキメディアのカテゴリ"@ja	<http://www.wikidata.org/entity/P301>	"カテゴリの中心主題"@ja	<https://ja.wikipedia.org/wiki/Category:%E5%85%AB%E4%B8%88%E7%94%BA>
<http://www.wikidata.org/entity/Q10860835>	"八丈島温泉"@ja	<http://www.wikidata.org/entity/Q11428612>	"塩化物泉"@ja	<http://www.wikidata.org/entity/P131>	"位置する行政区画"@ja	<https://ja.wikipedia.org/wiki/%E5%85%AB%E4%B8%88%E5%B3%B6%E6%B8%A9%E6%B3%89>
<http://www.wikidata.org/entity/Q10860835>	"八丈島温泉"@ja	<http://www.wikidata.org/entity/Q655311>	"温泉"@ja	<http://www.wikidata.org/entity/P131>	"位置する行政区画"@ja	<https://ja.wikipedia.org/wiki/%E5%85%AB%E4%B8%88%E5%B3%B6%E6%B8%A9%E6%B3%89>
<http://www.wikidata.org/entity/Q11355961>	"三根村"@ja	<http://www.wikidata.org/entity/Q18663566>	"日本の廃止市区町村"@ja	<http://www.wikidata.org/entity/P3842>	"位置する現在の行政区画"@ja	<https://ja.wikipedia.org/wiki/%E4%B8%89%E6%A0%B9%E6%9D%91_(%E6%9D%B1%E4%BA%AC%E9%83%BD)>
<http://www.wikidata.org/entity/Q11355961>	"三根村"@ja	<http://www.wikidata.org/entity/Q18663566>	"日本の廃止市区町村"@ja	<http://www.wikidata.org/entity/P1366>	"後継"@ja	<https://ja.wikipedia.org/wiki/%E4%B8%89%E6%A0%B9%E6%9D%91_(%E6%9D%B1%E4%BA%AC%E9%83%BD)>
<http://www.wikidata.org/entity/Q11362882>	"中之郷村"@ja	<http://www.wikidata.org/entity/Q18663566>	"日本の廃止市区町村"@ja	<http://www.wikidata.org/entity/P3842>	"位置する現在の行政区画"@ja	<https://ja.wikipedia.org/wiki/%E4%B8%AD%E4%B9%8B%E9%83%B7%E6%9D%91>
<http://www.wikidata.org/entity/Q11362882>	"中之郷村"@ja	<http://www.wikidata.org/entity/Q18663566>	"日本の廃止市区町村"@ja	<http://www.wikidata.org/entity/P1366>	"後継"@ja	<https://ja.wikipedia.org/wiki/%E4%B8%AD%E4%B9%8B%E9%83%B7%E6%9D%91>
<http://www.wikidata.org/entity/Q11421090>	"国民健康保険町立八丈病院"@ja	<http://www.wikidata.org/entity/Q16917>	"病院"@ja	<http://www.wikidata.org/entity/P131>	"位置する行政区画"@ja	<https://ja.wikipedia.org/wiki/%E5%9B%BD%E6%B0%91%E5%81%A5%E5%BA%B7%E4%BF%9D%E9%99%BA%E7%94%BA%E7%AB%8B%E5%85%AB%E4%B8%88%E7%97%85%E9%99%A2>
<http://www.wikidata.org/entity/Q11439251>	"大賀郷村"@ja	<http://www.wikidata.org/entity/Q18663566>	"日本の廃止市区町村"@ja	<http://www.wikidata.org/entity/P1366>	"後継"@ja	<https://ja.wikipedia.org/wiki/%E5%A4%A7%E8%B3%80%E9%83%B7%E6%9D%91>
<http://www.wikidata.org/entity/Q11449553>	"宇津木村"@ja	<http://www.wikidata.org/entity/Q18663566>	"日本の廃止市区町村"@ja	<http://www.wikidata.org/entity/P3842>	"位置する現在の行政区画"@ja	<https://ja.wikipedia.org/wiki/%E5%AE%87%E6%B4%A5%E6%9C%A8%E6%9D%91>
<http://www.wikidata.org/entity/Q11449553>	"宇津木村"@ja	<http://www.wikidata.org/entity/Q18663566>	"日本の廃止市区町村"@ja	<http://www.wikidata.org/entity/P1366>	"後継"@ja	<https://ja.wikipedia.org/wiki/%E5%AE%87%E6%B4%A5%E6%9C%A8%E6%9D%91>
<http://www.wikidata.org/entity/Q11452026>	"宗福寺"@ja	<http://www.wikidata.org/entity/Q5393308>	"仏教寺院"@ja	<http://www.wikidata.org/entity/P131>	"位置する行政区画"@ja	<https://ja.wikipedia.org/wiki/%E5%AE%97%E7%A6%8F%E5%AF%BA_(%E6%9D%B1%E4%BA%AC%E9%83%BD%E5%85%AB%E4%B8%88%E7%94%BA)>
<http://www.wikidata.org/entity/Q11512320>	"明治大学付属八丈島高等学校"@ja	<http://www.wikidata.org/entity/Q56351315>	"日本の高等学校"@ja	<http://www.wikidata.org/entity/P131>	"位置する行政区画"@ja	<https://ja.wikipedia.org/wiki/%E6%98%8E%E6%B2%BB%E5%A4%A7%E5%AD%A6%E4%BB%98%E5%B1%9E%E5%85%AB%E4%B8%88%E5%B3%B6%E9%AB%98%E7%AD%89%E5%AD%A6%E6%A0%A1>
<http://www.wikidata.org/entity/Q11519655>	"末吉村"@ja	<http://www.wikidata.org/entity/Q18663566>	"日本の廃止市区町村"@ja	<http://www.wikidata.org/entity/P1366>	"後継"@ja	<https://ja.wikipedia.org/wiki/%E6%9C%AB%E5%90%89%E6%9D%91>
<http://www.wikidata.org/entity/Q11525390>	"東京都立八丈高等学校"@ja	<http://www.wikidata.org/entity/Q56351315>	"日本の高等学校"@ja	<http://www.wikidata.org/entity/P131>	"位置する行政区画"@ja	<https://ja.wikipedia.org/wiki/%E6%9D%B1%E4%BA%AC%E9%83%BD%E7%AB%8B%E5%85%AB%E4%B8%88%E9%AB%98%E7%AD%89%E5%AD%A6%E6%A0%A1>
<http://www.wikidata.org/entity/Q11543588>	"樫立村"@ja	<http://www.wikidata.org/entity/Q18663566>	"日本の廃止市区町村"@ja	<http://www.wikidata.org/entity/P1366>	"後継"@ja	<https://ja.wikipedia.org/wiki/%E6%A8%AB%E7%AB%8B%E6%9D%91>
<http://www.wikidata.org/entity/Q11543588>	"樫立村"@ja	<http://www.wikidata.org/entity/Q18663566>	"日本の廃止市区町村"@ja	<http://www.wikidata.org/entity/P3842>	"位置する現在の行政区画"@ja	<https://ja.wikipedia.org/wiki/%E6%A8%AB%E7%AB%8B%E6%9D%91>
<http://www.wikidata.org/entity/Q11579202>	"登龍峠"@ja	<http://www.wikidata.org/entity/Q133056>	"峠"@ja	<http://www.wikidata.org/entity/P131>	"位置する行政区画"@ja	<https://ja.wikipedia.org/wiki/%E7%99%BB%E9%BE%8D%E5%B3%A0>
<http://www.wikidata.org/entity/Q11674992>	"鳥打村"@ja	<http://www.wikidata.org/entity/Q18663566>	"日本の廃止市区町村"@ja	<http://www.wikidata.org/entity/P3842>	"位置する現在の行政区画"@ja	<https://ja.wikipedia.org/wiki/%E9%B3%A5%E6%89%93%E6%9D%91>
<http://www.wikidata.org/entity/Q11674992>	"鳥打村"@ja	<http://www.wikidata.org/entity/Q18663566>	"日本の廃止市区町村"@ja	<http://www.wikidata.org/entity/P1366>	"後継"@ja	<https://ja.wikipedia.org/wiki/%E9%B3%A5%E6%89%93%E6%9D%91>
<http://www.wikidata.org/entity/Q17218530>	"八丈島灯台"@ja	<http://www.wikidata.org/entity/Q39715>	"灯台"@ja	<http://www.wikidata.org/entity/P131>	"位置する行政区画"@ja	<https://ja.wikipedia.org/wiki/%E5%85%AB%E4%B8%88%E5%B3%B6%E7%81%AF%E5%8F%B0>
<http://www.wikidata.org/entity/Q55536255>	"八丈島のヘゴ自生北限地帯"@ja	<http://www.wikidata.org/entity/Q1486596>	"自然生息地"@ja	<http://www.wikidata.org/entity/P131>	"位置する行政区画"@ja	<https://ja.wikipedia.org/wiki/%E5%85%AB%E4%B8%88%E5%B3%B6%E3%81%AE%E3%83%98%E3%82%B4%E8%87%AA%E7%94%9F%E5%8C%97%E9%99%90%E5%9C%B0%E5%B8%AF>
<http://www.wikidata.org/entity/Q60988514>	"八重根のメットウ井戸"@ja	<http://www.wikidata.org/entity/Q11278157>	"まいまいず井戸"@ja	<http://www.wikidata.org/entity/P131>	"位置する行政区画"@ja	<https://ja.wikipedia.org/wiki/%E5%85%AB%E9%87%8D%E6%A0%B9%E3%81%AE%E3%83%A1%E3%83%83%E3%83%88%E3%82%A6%E4%BA%95%E6%88%B8>
<http://www.wikidata.org/entity/Q81964607>	"八丈町立三原中学校"@ja	<http://www.wikidata.org/entity/Q55521176>	"日本の中学校"@ja	<http://www.wikidata.org/entity/P131>	"位置する行政区画"@ja	<https://ja.wikipedia.org/wiki/%E5%85%AB%E4%B8%88%E7%94%BA%E7%AB%8B%E4%B8%89%E5%8E%9F%E4%B8%AD%E5%AD%A6%E6%A0%A1>
<http://www.wikidata.org/entity/Q81964607>	"八丈町立三原中学校"@ja	<http://www.wikidata.org/entity/Q55521176>	"日本の中学校"@ja	<http://www.wikidata.org/entity/P126>	"管理者"@ja	<https://ja.wikipedia.org/wiki/%E5%85%AB%E4%B8%88%E7%94%BA%E7%AB%8B%E4%B8%89%E5%8E%9F%E4%B8%AD%E5%AD%A6%E6%A0%A1>
<http://www.wikidata.org/entity/Q81964605>	"八丈町立大賀郷中学校"@ja	<http://www.wikidata.org/entity/Q55521176>	"日本の中学校"@ja	<http://www.wikidata.org/entity/P131>	"位置する行政区画"@ja	<https://ja.wikipedia.org/wiki/%E5%85%AB%E4%B8%88%E7%94%BA%E7%AB%8B%E5%A4%A7%E8%B3%80%E9%83%B7%E4%B8%AD%E5%AD%A6%E6%A0%A1>
<http://www.wikidata.org/entity/Q81964605>	"八丈町立大賀郷中学校"@ja	<http://www.wikidata.org/entity/Q55521176>	"日本の中学校"@ja	<http://www.wikidata.org/entity/P126>	"管理者"@ja	<https://ja.wikipedia.org/wiki/%E5%85%AB%E4%B8%88%E7%94%BA%E7%AB%8B%E5%A4%A7%E8%B3%80%E9%83%B7%E4%B8%AD%E5%AD%A6%E6%A0%A1>
<http://www.wikidata.org/entity/Q98102968>	"東京都道215号"@ja	<http://www.wikidata.org/entity/Q34442>	"道路"@ja	<http://www.wikidata.org/entity/P131>	"位置する行政区画"@ja	<https://ja.wikipedia.org/wiki/%E6%9D%B1%E4%BA%AC%E9%83%BD%E9%81%93215%E5%8F%B7%E5%85%AB%E4%B8%88%E5%BE%AA%E7%92%B0%E7%B7%9A>
<http://www.wikidata.org/entity/Q109601857>	"東京都道217号"@ja	<http://www.wikidata.org/entity/Q34442>	"道路"@ja	<http://www.wikidata.org/entity/P131>	"位置する行政区画"@ja	<https://ja.wikipedia.org/wiki/%E6%9D%B1%E4%BA%AC%E9%83%BD%E9%81%93217%E5%8F%B7%E6%B1%90%E9%96%93%E6%B4%9E%E8%BC%AA%E6%B2%A2%E6%B8%AF%E7%B7%9A>
<http://www.wikidata.org/entity/Q109602665>	"東京都道216号"@ja	<http://www.wikidata.org/entity/Q34442>	"道路"@ja	<http://www.wikidata.org/entity/P131>	"位置する行政区画"@ja	<https://ja.wikipedia.org/wiki/%E6%9D%B1%E4%BA%AC%E9%83%BD%E9%81%93216%E5%8F%B7%E7%A5%9E%E6%B9%8A%E5%85%AB%E9%87%8D%E6%A0%B9%E6%B8%AF%E7%B7%9A>
<http://www.wikidata.org/entity/Q11567286>	"無上寺"@ja	<http://www.wikidata.org/entity/Q5393308>	"仏教寺院"@ja	<http://www.wikidata.org/entity/P131>	"位置する行政区画"@ja	
<http://www.wikidata.org/entity/Q31454785>	"大平山"@ja	<http://www.wikidata.org/entity/Q8072>	"火山"@ja	<http://www.wikidata.org/entity/P131>	"位置する行政区画"@ja	
<http://www.wikidata.org/entity/Q31693781>	"西山"@ja	<http://www.wikidata.org/entity/Q10561633>	"郷土富士"@ja	<http://www.wikidata.org/entity/P131>	"位置する行政区画"@ja	
<http://www.wikidata.org/entity/Q31693781>	"西山"@ja	<http://www.wikidata.org/entity/Q8502>	"山"@ja	<http://www.wikidata.org/entity/P131>	"位置する行政区画"@ja	
<http://www.wikidata.org/entity/Q31703469>	"東山"@ja	<http://www.wikidata.org/entity/Q8502>	"山"@ja	<http://www.wikidata.org/entity/P131>	"位置する行政区画"@ja	
<http://www.wikidata.org/entity/Q34946844>	"石積ヶ鼻"@ja	<http://www.wikidata.org/entity/Q24529780>	"Q24529780"	<http://www.wikidata.org/entity/P131>	"位置する行政区画"@ja	
<http://www.wikidata.org/entity/Q56437251>	"八丈町長"@ja	<http://www.wikidata.org/entity/Q4164871>	"職位"@ja	<http://www.wikidata.org/entity/P1001>	"管轄・適用区域"@ja	
<http://www.wikidata.org/entity/Q61611580>	"八丈島簡易裁判所"@ja	<http://www.wikidata.org/entity/Q11603901>	"簡易裁判所"@ja	<http://www.wikidata.org/entity/P131>	"位置する行政区画"@ja	
<http://www.wikidata.org/entity/Q81918382>	"八丈町立三根小学校"@ja	<http://www.wikidata.org/entity/Q5358913>	"日本の小学校"@ja	<http://www.wikidata.org/entity/P131>	"位置する行政区画"@ja	
<http://www.wikidata.org/entity/Q81918382>	"八丈町立三根小学校"@ja	<http://www.wikidata.org/entity/Q5358913>	"日本の小学校"@ja	<http://www.wikidata.org/entity/P126>	"管理者"@ja	
<http://www.wikidata.org/entity/Q81918386>	"八丈町立三原小学校"@ja	<http://www.wikidata.org/entity/Q5358913>	"日本の小学校"@ja	<http://www.wikidata.org/entity/P131>	"位置する行政区画"@ja	
<http://www.wikidata.org/entity/Q81918386>	"八丈町立三原小学校"@ja	<http://www.wikidata.org/entity/Q5358913>	"日本の小学校"@ja	<http://www.wikidata.org/entity/P126>	"管理者"@ja	
<http://www.wikidata.org/entity/Q81918384>	"八丈町立大賀郷小学校"@ja	<http://www.wikidata.org/entity/Q5358913>	"日本の小学校"@ja	<http://www.wikidata.org/entity/P131>	"位置する行政区画"@ja	
<http://www.wikidata.org/entity/Q81918384>	"八丈町立大賀郷小学校"@ja	<http://www.wikidata.org/entity/Q5358913>	"日本の小学校"@ja	<http://www.wikidata.org/entity/P126>	"管理者"@ja	
<http://www.wikidata.org/entity/Q81964603>	"八丈町立富士中学校"@ja	<http://www.wikidata.org/entity/Q55521176>	"日本の中学校"@ja	<http://www.wikidata.org/entity/P131>	"位置する行政区画"@ja	
<http://www.wikidata.org/entity/Q81964603>	"八丈町立富士中学校"@ja	<http://www.wikidata.org/entity/Q55521176>	"日本の中学校"@ja	<http://www.wikidata.org/entity/P126>	"管理者"@ja	
<http://www.wikidata.org/entity/Q111912696>	"Q111912696"	<http://www.wikidata.org/entity/Q12323>	"ダム"@ja	<http://www.wikidata.org/entity/P131>	"位置する行政区画"@ja	
