?s	?sLabel	?type	?typeLabel	?prop	?propLabel	?jwiki
<http://www.wikidata.org/entity/Q10903403>	"北海道道263号"@ja	<http://www.wikidata.org/entity/Q34442>	"道路"@ja	<http://www.wikidata.org/entity/P609>	"起終点"@ja	<https://ja.wikipedia.org/wiki/%E5%8C%97%E6%B5%B7%E9%81%93%E9%81%93263%E5%8F%B7%E5%85%AB%E9%9B%B2%E4%BB%8A%E9%87%91%E7%B7%9A>
<http://www.wikidata.org/entity/Q10903403>	"北海道道263号"@ja	<http://www.wikidata.org/entity/Q34442>	"道路"@ja	<http://www.wikidata.org/entity/P131>	"位置する行政区画"@ja	<https://ja.wikipedia.org/wiki/%E5%8C%97%E6%B5%B7%E9%81%93%E9%81%93263%E5%8F%B7%E5%85%AB%E9%9B%B2%E4%BB%8A%E9%87%91%E7%B7%9A>
<http://www.wikidata.org/entity/Q11358357>	"上の湯温泉"@ja	<http://www.wikidata.org/entity/Q11567142>	"炭酸水素塩泉"@ja	<http://www.wikidata.org/entity/P131>	"位置する行政区画"@ja	<https://ja.wikipedia.org/wiki/%E4%B8%8A%E3%81%AE%E6%B9%AF%E6%B8%A9%E6%B3%89>
<http://www.wikidata.org/entity/Q11358357>	"上の湯温泉"@ja	<http://www.wikidata.org/entity/Q655311>	"温泉"@ja	<http://www.wikidata.org/entity/P131>	"位置する行政区画"@ja	<https://ja.wikipedia.org/wiki/%E4%B8%8A%E3%81%AE%E6%B9%AF%E6%B8%A9%E6%B3%89>
<http://www.wikidata.org/entity/Q11391842>	"八雲温泉 (北海道)"@ja	<http://www.wikidata.org/entity/Q11567142>	"炭酸水素塩泉"@ja	<http://www.wikidata.org/entity/P131>	"位置する行政区画"@ja	<https://ja.wikipedia.org/wiki/%E5%85%AB%E9%9B%B2%E6%B8%A9%E6%B3%89_(%E5%8C%97%E6%B5%B7%E9%81%93)>
<http://www.wikidata.org/entity/Q11391842>	"八雲温泉 (北海道)"@ja	<http://www.wikidata.org/entity/Q655311>	"温泉"@ja	<http://www.wikidata.org/entity/P131>	"位置する行政区画"@ja	<https://ja.wikipedia.org/wiki/%E5%85%AB%E9%9B%B2%E6%B8%A9%E6%B3%89_(%E5%8C%97%E6%B5%B7%E9%81%93)>
<http://www.wikidata.org/entity/Q11391844>	"八雲町立八雲中学校"@ja	<http://www.wikidata.org/entity/Q55521176>	"日本の中学校"@ja	<http://www.wikidata.org/entity/P131>	"位置する行政区画"@ja	<https://ja.wikipedia.org/wiki/%E5%85%AB%E9%9B%B2%E7%94%BA%E7%AB%8B%E5%85%AB%E9%9B%B2%E4%B8%AD%E5%AD%A6%E6%A0%A1>
<http://www.wikidata.org/entity/Q11391844>	"八雲町立八雲中学校"@ja	<http://www.wikidata.org/entity/Q55521176>	"日本の中学校"@ja	<http://www.wikidata.org/entity/P126>	"管理者"@ja	<https://ja.wikipedia.org/wiki/%E5%85%AB%E9%9B%B2%E7%94%BA%E7%AB%8B%E5%85%AB%E9%9B%B2%E4%B8%AD%E5%AD%A6%E6%A0%A1>
<http://www.wikidata.org/entity/Q11391848>	"八雲神社 (八雲町)"@ja	<http://www.wikidata.org/entity/Q845945>	"神社"@ja	<http://www.wikidata.org/entity/P131>	"位置する行政区画"@ja	<https://ja.wikipedia.org/wiki/%E5%85%AB%E9%9B%B2%E7%A5%9E%E7%A4%BE_(%E5%85%AB%E9%9B%B2%E7%94%BA)>
<http://www.wikidata.org/entity/Q11391852>	"八雲総合病院"@ja	<http://www.wikidata.org/entity/Q16917>	"病院"@ja	<http://www.wikidata.org/entity/P131>	"位置する行政区画"@ja	<https://ja.wikipedia.org/wiki/%E5%85%AB%E9%9B%B2%E7%B7%8F%E5%90%88%E7%97%85%E9%99%A2>
<http://www.wikidata.org/entity/Q11402581>	"北海道八雲養護学校"@ja	<http://www.wikidata.org/entity/Q43271061>	"特別支援学校"@ja	<http://www.wikidata.org/entity/P131>	"位置する行政区画"@ja	<https://ja.wikipedia.org/wiki/%E5%8C%97%E6%B5%B7%E9%81%93%E5%85%AB%E9%9B%B2%E9%A4%8A%E8%AD%B7%E5%AD%A6%E6%A0%A1>
<http://www.wikidata.org/entity/Q11402584>	"北海道八雲高等学校"@ja	<http://www.wikidata.org/entity/Q56351315>	"日本の高等学校"@ja	<http://www.wikidata.org/entity/P131>	"位置する行政区画"@ja	<https://ja.wikipedia.org/wiki/%E5%8C%97%E6%B5%B7%E9%81%93%E5%85%AB%E9%9B%B2%E9%AB%98%E7%AD%89%E5%AD%A6%E6%A0%A1>
<http://www.wikidata.org/entity/Q11402908>	"北海道熊石高等学校"@ja	<http://www.wikidata.org/entity/Q56351315>	"日本の高等学校"@ja	<http://www.wikidata.org/entity/P131>	"位置する行政区画"@ja	<https://ja.wikipedia.org/wiki/%E5%8C%97%E6%B5%B7%E9%81%93%E7%86%8A%E7%9F%B3%E9%AB%98%E7%AD%89%E5%AD%A6%E6%A0%A1>
<http://www.wikidata.org/entity/Q11403059>	"北海道警察函館方面本部"@ja	<http://www.wikidata.org/entity/Q11632355>	"警察本部"@ja	<http://www.wikidata.org/entity/P1001>	"管轄・適用区域"@ja	<https://ja.wikipedia.org/wiki/%E5%8C%97%E6%B5%B7%E9%81%93%E8%AD%A6%E5%AF%9F%E5%87%BD%E9%A4%A8%E6%96%B9%E9%9D%A2%E6%9C%AC%E9%83%A8>
<http://www.wikidata.org/entity/Q11403093>	"北海道道1029号"@ja	<http://www.wikidata.org/entity/Q34442>	"道路"@ja	<http://www.wikidata.org/entity/P609>	"起終点"@ja	<https://ja.wikipedia.org/wiki/%E5%8C%97%E6%B5%B7%E9%81%93%E9%81%931029%E5%8F%B7%E8%8A%B1%E6%B5%A6%E5%86%85%E6%B5%A6%E7%B7%9A>
<http://www.wikidata.org/entity/Q11403093>	"北海道道1029号"@ja	<http://www.wikidata.org/entity/Q34442>	"道路"@ja	<http://www.wikidata.org/entity/P131>	"位置する行政区画"@ja	<https://ja.wikipedia.org/wiki/%E5%8C%97%E6%B5%B7%E9%81%93%E9%81%931029%E5%8F%B7%E8%8A%B1%E6%B5%A6%E5%86%85%E6%B5%A6%E7%B7%9A>
<http://www.wikidata.org/entity/Q11403159>	"北海道道1155号"@ja	<http://www.wikidata.org/entity/Q34442>	"道路"@ja	<http://www.wikidata.org/entity/P609>	"起終点"@ja	<https://ja.wikipedia.org/wiki/%E5%8C%97%E6%B5%B7%E9%81%93%E9%81%931155%E5%8F%B7%E8%90%BD%E9%83%A8%E3%82%A4%E3%83%B3%E3%82%BF%E3%83%BC%E7%B7%9A>
<http://www.wikidata.org/entity/Q11403159>	"北海道道1155号"@ja	<http://www.wikidata.org/entity/Q34442>	"道路"@ja	<http://www.wikidata.org/entity/P131>	"位置する行政区画"@ja	<https://ja.wikipedia.org/wiki/%E5%8C%97%E6%B5%B7%E9%81%93%E9%81%931155%E5%8F%B7%E8%90%BD%E9%83%A8%E3%82%A4%E3%83%B3%E3%82%BF%E3%83%BC%E7%B7%9A>
<http://www.wikidata.org/entity/Q11403336>	"北海道道42号"@ja	<http://www.wikidata.org/entity/Q34442>	"道路"@ja	<http://www.wikidata.org/entity/P609>	"起終点"@ja	<https://ja.wikipedia.org/wiki/%E5%8C%97%E6%B5%B7%E9%81%93%E9%81%9342%E5%8F%B7%E5%85%AB%E9%9B%B2%E5%8C%97%E6%AA%9C%E5%B1%B1%E7%B7%9A>
<http://www.wikidata.org/entity/Q11403336>	"北海道道42号"@ja	<http://www.wikidata.org/entity/Q34442>	"道路"@ja	<http://www.wikidata.org/entity/P131>	"位置する行政区画"@ja	<https://ja.wikipedia.org/wiki/%E5%8C%97%E6%B5%B7%E9%81%93%E9%81%9342%E5%8F%B7%E5%85%AB%E9%9B%B2%E5%8C%97%E6%AA%9C%E5%B1%B1%E7%B7%9A>
<http://www.wikidata.org/entity/Q11403430>	"北海道道573号"@ja	<http://www.wikidata.org/entity/Q34442>	"道路"@ja	<http://www.wikidata.org/entity/P609>	"起終点"@ja	<https://ja.wikipedia.org/wiki/%E5%8C%97%E6%B5%B7%E9%81%93%E9%81%93573%E5%8F%B7%E6%A1%9C%E9%87%8E%E9%87%8E%E7%94%B0%E7%94%9F%E5%81%9C%E8%BB%8A%E5%A0%B4%E7%B7%9A>
<http://www.wikidata.org/entity/Q11403430>	"北海道道573号"@ja	<http://www.wikidata.org/entity/Q34442>	"道路"@ja	<http://www.wikidata.org/entity/P131>	"位置する行政区画"@ja	<https://ja.wikipedia.org/wiki/%E5%8C%97%E6%B5%B7%E9%81%93%E9%81%93573%E5%8F%B7%E6%A1%9C%E9%87%8E%E9%87%8E%E7%94%B0%E7%94%9F%E5%81%9C%E8%BB%8A%E5%A0%B4%E7%B7%9A>
<http://www.wikidata.org/entity/Q11403429>	"北海道道572号"@ja	<http://www.wikidata.org/entity/Q34442>	"道路"@ja	<http://www.wikidata.org/entity/P609>	"起終点"@ja	<https://ja.wikipedia.org/wiki/%E5%8C%97%E6%B5%B7%E9%81%93%E9%81%93572%E5%8F%B7%E5%85%AB%E9%9B%B2%E6%B8%AF%E7%B7%9A>
<http://www.wikidata.org/entity/Q11403429>	"北海道道572号"@ja	<http://www.wikidata.org/entity/Q34442>	"道路"@ja	<http://www.wikidata.org/entity/P131>	"位置する行政区画"@ja	<https://ja.wikipedia.org/wiki/%E5%8C%97%E6%B5%B7%E9%81%93%E9%81%93572%E5%8F%B7%E5%85%AB%E9%9B%B2%E6%B8%AF%E7%B7%9A>
<http://www.wikidata.org/entity/Q11403512>	"北海道道67号"@ja	<http://www.wikidata.org/entity/Q34442>	"道路"@ja	<http://www.wikidata.org/entity/P609>	"起終点"@ja	<https://ja.wikipedia.org/wiki/%E5%8C%97%E6%B5%B7%E9%81%93%E9%81%9367%E5%8F%B7%E5%85%AB%E9%9B%B2%E5%8E%9A%E6%B2%A2%E9%83%A8%E7%B7%9A>
<http://www.wikidata.org/entity/Q11403512>	"北海道道67号"@ja	<http://www.wikidata.org/entity/Q34442>	"道路"@ja	<http://www.wikidata.org/entity/P131>	"位置する行政区画"@ja	<https://ja.wikipedia.org/wiki/%E5%8C%97%E6%B5%B7%E9%81%93%E9%81%9367%E5%8F%B7%E5%85%AB%E9%9B%B2%E5%8E%9A%E6%B2%A2%E9%83%A8%E7%B7%9A>
<http://www.wikidata.org/entity/Q11501406>	"新八雲駅"@ja	<http://www.wikidata.org/entity/Q55488>	"鉄道駅"@ja	<http://www.wikidata.org/entity/P131>	"位置する行政区画"@ja	<https://ja.wikipedia.org/wiki/%E6%96%B0%E5%85%AB%E9%9B%B2%E9%A7%85>
<http://www.wikidata.org/entity/Q11571574>	"独立行政法人国立病院機構八雲病院"@ja	<http://www.wikidata.org/entity/Q16917>	"病院"@ja	<http://www.wikidata.org/entity/P131>	"位置する行政区画"@ja	<https://ja.wikipedia.org/wiki/%E5%9B%BD%E7%AB%8B%E7%97%85%E9%99%A2%E6%A9%9F%E6%A7%8B%E5%85%AB%E9%9B%B2%E7%97%85%E9%99%A2>
<http://www.wikidata.org/entity/Q11620694>	"落部インターチェンジ"@ja	<http://www.wikidata.org/entity/Q2376564>	"インターチェンジ"@ja	<http://www.wikidata.org/entity/P131>	"位置する行政区画"@ja	<https://ja.wikipedia.org/wiki/%E8%90%BD%E9%83%A8%E3%82%A4%E3%83%B3%E3%82%BF%E3%83%BC%E3%83%81%E3%82%A7%E3%83%B3%E3%82%B8>
<http://www.wikidata.org/entity/Q11620695>	"落部村"@ja	<http://www.wikidata.org/entity/Q18663566>	"日本の廃止市区町村"@ja	<http://www.wikidata.org/entity/P3842>	"位置する現在の行政区画"@ja	<https://ja.wikipedia.org/wiki/%E8%90%BD%E9%83%A8%E6%9D%91_(%E5%8C%97%E6%B5%B7%E9%81%93)>
<http://www.wikidata.org/entity/Q11620695>	"落部村"@ja	<http://www.wikidata.org/entity/Q18663566>	"日本の廃止市区町村"@ja	<http://www.wikidata.org/entity/P1366>	"後継"@ja	<https://ja.wikipedia.org/wiki/%E8%90%BD%E9%83%A8%E6%9D%91_(%E5%8C%97%E6%B5%B7%E9%81%93)>
<http://www.wikidata.org/entity/Q18339211>	"北海道立噴火湾パノラマパーク"@ja	<http://www.wikidata.org/entity/Q22698>	"公園"@ja	<http://www.wikidata.org/entity/P131>	"位置する行政区画"@ja	<https://ja.wikipedia.org/wiki/%E5%8C%97%E6%B5%B7%E9%81%93%E7%AB%8B%E5%99%B4%E7%81%AB%E6%B9%BE%E3%83%91%E3%83%8E%E3%83%A9%E3%83%9E%E3%83%91%E3%83%BC%E3%82%AF>
<http://www.wikidata.org/entity/Q24817304>	"八雲町消防本部"@ja	<http://www.wikidata.org/entity/Q6498663>	"消防本部"@ja	<http://www.wikidata.org/entity/P131>	"位置する行政区画"@ja	<https://ja.wikipedia.org/wiki/%E5%85%AB%E9%9B%B2%E7%94%BA%E6%B6%88%E9%98%B2%E6%9C%AC%E9%83%A8>
<http://www.wikidata.org/entity/Q24817304>	"八雲町消防本部"@ja	<http://www.wikidata.org/entity/Q1195942>	"消防署"@ja	<http://www.wikidata.org/entity/P131>	"位置する行政区画"@ja	<https://ja.wikipedia.org/wiki/%E5%85%AB%E9%9B%B2%E7%94%BA%E6%B6%88%E9%98%B2%E6%9C%AC%E9%83%A8>
<http://www.wikidata.org/entity/Q60987498>	"ハーベスター八雲"@ja	<http://www.wikidata.org/entity/Q131596>	"農場"@ja	<http://www.wikidata.org/entity/P131>	"位置する行政区画"@ja	<https://ja.wikipedia.org/wiki/%E3%83%8F%E3%83%BC%E3%83%99%E3%82%B9%E3%82%BF%E3%83%BC%E5%85%AB%E9%9B%B2>
<http://www.wikidata.org/entity/Q60987498>	"ハーベスター八雲"@ja	<http://www.wikidata.org/entity/Q11707>	"レストラン"@ja	<http://www.wikidata.org/entity/P131>	"位置する行政区画"@ja	<https://ja.wikipedia.org/wiki/%E3%83%8F%E3%83%BC%E3%83%99%E3%82%B9%E3%82%BF%E3%83%BC%E5%85%AB%E9%9B%B2>
<http://www.wikidata.org/entity/Q97276420>	"八雲町立八雲小学校"@ja	<http://www.wikidata.org/entity/Q5358913>	"日本の小学校"@ja	<http://www.wikidata.org/entity/P131>	"位置する行政区画"@ja	<https://ja.wikipedia.org/wiki/%E5%85%AB%E9%9B%B2%E7%94%BA%E7%AB%8B%E5%85%AB%E9%9B%B2%E5%B0%8F%E5%AD%A6%E6%A0%A1>
<http://www.wikidata.org/entity/Q97276420>	"八雲町立八雲小学校"@ja	<http://www.wikidata.org/entity/Q5358913>	"日本の小学校"@ja	<http://www.wikidata.org/entity/P126>	"管理者"@ja	<https://ja.wikipedia.org/wiki/%E5%85%AB%E9%9B%B2%E7%94%BA%E7%AB%8B%E5%85%AB%E9%9B%B2%E5%B0%8F%E5%AD%A6%E6%A0%A1>
<http://www.wikidata.org/entity/Q98398192>	"豊浜トンネル"@ja	<http://www.wikidata.org/entity/Q2354973>	"道路トンネル"@ja	<http://www.wikidata.org/entity/P131>	"位置する行政区画"@ja	<https://ja.wikipedia.org/wiki/%E8%B1%8A%E6%B5%9C%E3%83%88%E3%83%B3%E3%83%8D%E3%83%AB_(%E6%B8%A1%E5%B3%B6%E3%83%BB%E6%AA%9C%E5%B1%B1)>
<http://www.wikidata.org/entity/Q105109804>	"ソフトバンク八雲ソーラーパーク"@ja	<http://www.wikidata.org/entity/Q1003207>	"太陽光発電所"@ja	<http://www.wikidata.org/entity/P131>	"位置する行政区画"@ja	<https://ja.wikipedia.org/wiki/%E3%82%BD%E3%83%95%E3%83%88%E3%83%90%E3%83%B3%E3%82%AF%E5%85%AB%E9%9B%B2%E3%82%BD%E3%83%BC%E3%83%A9%E3%83%BC%E3%83%91%E3%83%BC%E3%82%AF>
<http://www.wikidata.org/entity/Q106640412>	"北海道道1181号"@ja	<http://www.wikidata.org/entity/Q34442>	"道路"@ja	<http://www.wikidata.org/entity/P131>	"位置する行政区画"@ja	<https://ja.wikipedia.org/wiki/%E5%8C%97%E6%B5%B7%E9%81%93%E9%81%931181%E5%8F%B7%E6%96%B0%E5%85%AB%E9%9B%B2%E5%81%9C%E8%BB%8A%E5%A0%B4%E7%B7%9A>
<http://www.wikidata.org/entity/Q532276>	"二海郡"@ja	<http://www.wikidata.org/entity/Q1122846>	"郡"@ja	<http://www.wikidata.org/entity/P150>	"直下の行政区画"@ja	<https://ja.wikipedia.org/wiki/%E4%BA%8C%E6%B5%B7%E9%83%A1>
<http://www.wikidata.org/entity/Q848309>	"八雲駅"@ja	<http://www.wikidata.org/entity/Q55488>	"鉄道駅"@ja	<http://www.wikidata.org/entity/P131>	"位置する行政区画"@ja	<https://ja.wikipedia.org/wiki/%E5%85%AB%E9%9B%B2%E9%A7%85>
<http://www.wikidata.org/entity/Q863029>	"山越駅"@ja	<http://www.wikidata.org/entity/Q55488>	"鉄道駅"@ja	<http://www.wikidata.org/entity/P131>	"位置する行政区画"@ja	<https://ja.wikipedia.org/wiki/%E5%B1%B1%E8%B6%8A%E9%A7%85>
<http://www.wikidata.org/entity/Q864227>	"山崎駅"@ja	<http://www.wikidata.org/entity/Q55488>	"鉄道駅"@ja	<http://www.wikidata.org/entity/P131>	"位置する行政区画"@ja	<https://ja.wikipedia.org/wiki/%E5%B1%B1%E5%B4%8E%E9%A7%85_(%E5%8C%97%E6%B5%B7%E9%81%93)>
<http://www.wikidata.org/entity/Q864270>	"黒岩駅"@ja	<http://www.wikidata.org/entity/Q55488>	"鉄道駅"@ja	<http://www.wikidata.org/entity/P131>	"位置する行政区画"@ja	<https://ja.wikipedia.org/wiki/%E9%BB%92%E5%B2%A9%E9%A7%85>
<http://www.wikidata.org/entity/Q864281>	"鷲ノ巣信号場"@ja	<http://www.wikidata.org/entity/Q831844>	"信号場"@ja	<http://www.wikidata.org/entity/P131>	"位置する行政区画"@ja	<https://ja.wikipedia.org/wiki/%E9%B7%B2%E3%83%8E%E5%B7%A3%E4%BF%A1%E5%8F%B7%E5%A0%B4>
<http://www.wikidata.org/entity/Q864357>	"野田生駅"@ja	<http://www.wikidata.org/entity/Q55488>	"鉄道駅"@ja	<http://www.wikidata.org/entity/P131>	"位置する行政区画"@ja	<https://ja.wikipedia.org/wiki/%E9%87%8E%E7%94%B0%E7%94%9F%E9%A7%85>
<http://www.wikidata.org/entity/Q864383>	"落部駅"@ja	<http://www.wikidata.org/entity/Q55488>	"鉄道駅"@ja	<http://www.wikidata.org/entity/P131>	"位置する行政区画"@ja	<https://ja.wikipedia.org/wiki/%E8%90%BD%E9%83%A8%E9%A7%85>
<http://www.wikidata.org/entity/Q867982>	"道央自動車道"@ja	<http://www.wikidata.org/entity/Q16939396>	"有料道路"@ja	<http://www.wikidata.org/entity/P131>	"位置する行政区画"@ja	<https://ja.wikipedia.org/wiki/%E9%81%93%E5%A4%AE%E8%87%AA%E5%8B%95%E8%BB%8A%E9%81%93>
<http://www.wikidata.org/entity/Q867982>	"道央自動車道"@ja	<http://www.wikidata.org/entity/Q46622>	"高速道路"@ja	<http://www.wikidata.org/entity/P131>	"位置する行政区画"@ja	<https://ja.wikipedia.org/wiki/%E9%81%93%E5%A4%AE%E8%87%AA%E5%8B%95%E8%BB%8A%E9%81%93>
<http://www.wikidata.org/entity/Q928820>	"今金町"@ja	<http://www.wikidata.org/entity/Q1059478>	"日本の町"@ja	<http://www.wikidata.org/entity/P47>	"隣の国又は行政区画"@ja	<https://ja.wikipedia.org/wiki/%E4%BB%8A%E9%87%91%E7%94%BA>
<http://www.wikidata.org/entity/Q1000100>	"熊石町"@ja	<http://www.wikidata.org/entity/Q18663566>	"日本の廃止市区町村"@ja	<http://www.wikidata.org/entity/P3842>	"位置する現在の行政区画"@ja	<https://ja.wikipedia.org/wiki/%E7%86%8A%E7%9F%B3%E7%94%BA>
<http://www.wikidata.org/entity/Q1000100>	"熊石町"@ja	<http://www.wikidata.org/entity/Q18663566>	"日本の廃止市区町村"@ja	<http://www.wikidata.org/entity/P1366>	"後継"@ja	<https://ja.wikipedia.org/wiki/%E7%86%8A%E7%9F%B3%E7%94%BA>
<http://www.wikidata.org/entity/Q1036505>	"せたな町"@ja	<http://www.wikidata.org/entity/Q1059478>	"日本の町"@ja	<http://www.wikidata.org/entity/P47>	"隣の国又は行政区画"@ja	<https://ja.wikipedia.org/wiki/%E3%81%9B%E3%81%9F%E3%81%AA%E7%94%BA>
<http://www.wikidata.org/entity/Q1354219>	"乙部町"@ja	<http://www.wikidata.org/entity/Q1059478>	"日本の町"@ja	<http://www.wikidata.org/entity/P47>	"隣の国又は行政区画"@ja	<https://ja.wikipedia.org/wiki/%E4%B9%99%E9%83%A8%E7%94%BA>
<http://www.wikidata.org/entity/Q1354252>	"厚沢部町"@ja	<http://www.wikidata.org/entity/Q1059478>	"日本の町"@ja	<http://www.wikidata.org/entity/P47>	"隣の国又は行政区画"@ja	<https://ja.wikipedia.org/wiki/%E5%8E%9A%E6%B2%A2%E9%83%A8%E7%94%BA>
<http://www.wikidata.org/entity/Q1354319>	"森町"@ja	<http://www.wikidata.org/entity/Q1059478>	"日本の町"@ja	<http://www.wikidata.org/entity/P47>	"隣の国又は行政区画"@ja	<https://ja.wikipedia.org/wiki/%E6%A3%AE%E7%94%BA_(%E5%8C%97%E6%B5%B7%E9%81%93)>
<http://www.wikidata.org/entity/Q1354333>	"長万部町"@ja	<http://www.wikidata.org/entity/Q1059478>	"日本の町"@ja	<http://www.wikidata.org/entity/P47>	"隣の国又は行政区画"@ja	<https://ja.wikipedia.org/wiki/%E9%95%B7%E4%B8%87%E9%83%A8%E7%94%BA>
<http://www.wikidata.org/entity/Q2945209>	"北海道道202号"@ja	<http://www.wikidata.org/entity/Q34442>	"道路"@ja	<http://www.wikidata.org/entity/P609>	"起終点"@ja	<https://ja.wikipedia.org/wiki/%E5%8C%97%E6%B5%B7%E9%81%93%E9%81%93202%E5%8F%B7%E5%85%AB%E9%9B%B2%E5%81%9C%E8%BB%8A%E5%A0%B4%E7%B7%9A>
<http://www.wikidata.org/entity/Q2945209>	"北海道道202号"@ja	<http://www.wikidata.org/entity/Q34442>	"道路"@ja	<http://www.wikidata.org/entity/P131>	"位置する行政区画"@ja	<https://ja.wikipedia.org/wiki/%E5%8C%97%E6%B5%B7%E9%81%93%E9%81%93202%E5%8F%B7%E5%85%AB%E9%9B%B2%E5%81%9C%E8%BB%8A%E5%A0%B4%E7%B7%9A>
<http://www.wikidata.org/entity/Q3548303>	"小林正寛"@ja	<http://www.wikidata.org/entity/Q5>	"ヒト"@ja	<http://www.wikidata.org/entity/P19>	"出生地"@ja	<https://ja.wikipedia.org/wiki/%E5%B0%8F%E6%9E%97%E6%AD%A3%E5%AF%9B>
<http://www.wikidata.org/entity/Q6157101>	"国道277号"@ja	<http://www.wikidata.org/entity/Q34442>	"道路"@ja	<http://www.wikidata.org/entity/P609>	"起終点"@ja	<https://ja.wikipedia.org/wiki/%E5%9B%BD%E9%81%93277%E5%8F%B7>
<http://www.wikidata.org/entity/Q9570734>	"Category:八雲町"@ja	<http://www.wikidata.org/entity/Q4167836>	"ウィキメディアのカテゴリ"@ja	<http://www.wikidata.org/entity/P301>	"カテゴリの中心主題"@ja	<https://ja.wikipedia.org/wiki/Category:%E5%85%AB%E9%9B%B2%E7%94%BA>
<http://www.wikidata.org/entity/Q10892531>	"八雲パーキングエリア"@ja	<http://www.wikidata.org/entity/Q785979>	"パーキングエリア"@ja	<http://www.wikidata.org/entity/P131>	"位置する行政区画"@ja	<https://ja.wikipedia.org/wiki/%E5%85%AB%E9%9B%B2%E3%83%91%E3%83%BC%E3%82%AD%E3%83%B3%E3%82%B0%E3%82%A8%E3%83%AA%E3%82%A2>
<http://www.wikidata.org/entity/Q10892529>	"八雲インターチェンジ"@ja	<http://www.wikidata.org/entity/Q2376564>	"インターチェンジ"@ja	<http://www.wikidata.org/entity/P131>	"位置する行政区画"@ja	<https://ja.wikipedia.org/wiki/%E5%85%AB%E9%9B%B2%E3%82%A4%E3%83%B3%E3%82%BF%E3%83%BC%E3%83%81%E3%82%A7%E3%83%B3%E3%82%B8>
<http://www.wikidata.org/entity/Q56435970>	"八雲町長"@ja	<http://www.wikidata.org/entity/Q4164871>	"職位"@ja	<http://www.wikidata.org/entity/P1001>	"管轄・適用区域"@ja	
