?s	?sLabel	?type	?typeLabel	?prop	?propLabel	?jwiki
<http://www.wikidata.org/entity/Q11550929>	"江差町立江差小学校"@ja	<http://www.wikidata.org/entity/Q5358913>	"日本の小学校"@ja	<http://www.wikidata.org/entity/P131>	"位置する行政区画"@ja	<https://ja.wikipedia.org/wiki/%E6%B1%9F%E5%B7%AE%E7%94%BA%E7%AB%8B%E6%B1%9F%E5%B7%AE%E5%B0%8F%E5%AD%A6%E6%A0%A1>
<http://www.wikidata.org/entity/Q11554969>	"泊村"@ja	<http://www.wikidata.org/entity/Q18663566>	"日本の廃止市区町村"@ja	<http://www.wikidata.org/entity/P3842>	"位置する現在の行政区画"@ja	<https://ja.wikipedia.org/wiki/%E6%B3%8A%E6%9D%91_(%E5%8C%97%E6%B5%B7%E9%81%93%E6%AA%9C%E5%B1%B1%E6%94%AF%E5%BA%81)>
<http://www.wikidata.org/entity/Q11554969>	"泊村"@ja	<http://www.wikidata.org/entity/Q18663566>	"日本の廃止市区町村"@ja	<http://www.wikidata.org/entity/P1366>	"後継"@ja	<https://ja.wikipedia.org/wiki/%E6%B3%8A%E6%9D%91_(%E5%8C%97%E6%B5%B7%E9%81%93%E6%AA%9C%E5%B1%B1%E6%94%AF%E5%BA%81)>
<http://www.wikidata.org/entity/Q11587294>	"石高澄恵"@ja	<http://www.wikidata.org/entity/Q5>	"ヒト"@ja	<http://www.wikidata.org/entity/P19>	"出生地"@ja	<https://ja.wikipedia.org/wiki/%E7%9F%B3%E9%AB%98%E6%BE%84%E6%81%B5>
<http://www.wikidata.org/entity/Q11641362>	"道の駅江差"@ja	<http://www.wikidata.org/entity/Q1187691>	"道の駅"@ja	<http://www.wikidata.org/entity/P131>	"位置する行政区画"@ja	<https://ja.wikipedia.org/wiki/%E9%81%93%E3%81%AE%E9%A7%85%E6%B1%9F%E5%B7%AE>
<http://www.wikidata.org/entity/Q108739673>	"江差町立江差北小学校"@ja	<http://www.wikidata.org/entity/Q5358913>	"日本の小学校"@ja	<http://www.wikidata.org/entity/P131>	"位置する行政区画"@ja	<https://ja.wikipedia.org/wiki/%E6%B1%9F%E5%B7%AE%E7%94%BA%E7%AB%8B%E6%B1%9F%E5%B7%AE%E5%8C%97%E5%B0%8F%E5%AD%A6%E6%A0%A1>
<http://www.wikidata.org/entity/Q115901201>	"Category:江差町の地理"@ja	<http://www.wikidata.org/entity/Q4167836>	"ウィキメディアのカテゴリ"@ja	<http://www.wikidata.org/entity/P971>	"以下の組み合わせカテゴリ"@ja	<https://ja.wikipedia.org/wiki/Category:%E6%B1%9F%E5%B7%AE%E7%94%BA%E3%81%AE%E5%9C%B0%E7%90%86>
<http://www.wikidata.org/entity/Q668258>	"枝幸"@ja	<http://www.wikidata.org/entity/Q3863>	"小惑星"@ja	<http://www.wikidata.org/entity/P138>	"名前の由来"@ja	<https://ja.wikipedia.org/wiki/%E6%9E%9D%E5%B9%B8_(%E5%B0%8F%E6%83%91%E6%98%9F)>
<http://www.wikidata.org/entity/Q1133147>	"江刺市"@ja	<http://www.wikidata.org/entity/Q18663566>	"日本の廃止市区町村"@ja	<http://www.wikidata.org/entity/P1889>	"以下と異なる"@ja	<https://ja.wikipedia.org/wiki/%E6%B1%9F%E5%88%BA%E5%B8%82>
<http://www.wikidata.org/entity/Q1142537>	"檜山振興局"@ja	<http://www.wikidata.org/entity/Q850450>	"支庁"@ja	<http://www.wikidata.org/entity/P36>	"行政中心地"@ja	<https://ja.wikipedia.org/wiki/%E6%AA%9C%E5%B1%B1%E6%8C%AF%E8%88%88%E5%B1%80>
<http://www.wikidata.org/entity/Q1186011>	"檜山郡"@ja	<http://www.wikidata.org/entity/Q1122846>	"郡"@ja	<http://www.wikidata.org/entity/P150>	"直下の行政区画"@ja	<https://ja.wikipedia.org/wiki/%E6%AA%9C%E5%B1%B1%E9%83%A1>
<http://www.wikidata.org/entity/Q1210596>	"枝幸町"@ja	<http://www.wikidata.org/entity/Q1059478>	"日本の町"@ja	<http://www.wikidata.org/entity/P1889>	"以下と異なる"@ja	<https://ja.wikipedia.org/wiki/%E6%9E%9D%E5%B9%B8%E7%94%BA>
<http://www.wikidata.org/entity/Q1354203>	"上ノ国町"@ja	<http://www.wikidata.org/entity/Q1059478>	"日本の町"@ja	<http://www.wikidata.org/entity/P47>	"隣の国又は行政区画"@ja	<https://ja.wikipedia.org/wiki/%E4%B8%8A%E3%83%8E%E5%9B%BD%E7%94%BA>
<http://www.wikidata.org/entity/Q56435973>	"江差町長"@ja	<http://www.wikidata.org/entity/Q4164871>	"職位"@ja	<http://www.wikidata.org/entity/P1001>	"管轄・適用区域"@ja	
<http://www.wikidata.org/entity/Q1354219>	"乙部町"@ja	<http://www.wikidata.org/entity/Q1059478>	"日本の町"@ja	<http://www.wikidata.org/entity/P47>	"隣の国又は行政区画"@ja	<https://ja.wikipedia.org/wiki/%E4%B9%99%E9%83%A8%E7%94%BA>
<http://www.wikidata.org/entity/Q1354252>	"厚沢部町"@ja	<http://www.wikidata.org/entity/Q1059478>	"日本の町"@ja	<http://www.wikidata.org/entity/P47>	"隣の国又は行政区画"@ja	<https://ja.wikipedia.org/wiki/%E5%8E%9A%E6%B2%A2%E9%83%A8%E7%94%BA>
<http://www.wikidata.org/entity/Q3547609>	"姥神大神宮"@ja	<http://www.wikidata.org/entity/Q845945>	"神社"@ja	<http://www.wikidata.org/entity/P131>	"位置する行政区画"@ja	<https://ja.wikipedia.org/wiki/%E5%A7%A5%E7%A5%9E%E5%A4%A7%E7%A5%9E%E5%AE%AE>
<http://www.wikidata.org/entity/Q5396743>	"江差駅"@ja	<http://www.wikidata.org/entity/Q55488>	"鉄道駅"@ja	<http://www.wikidata.org/entity/P131>	"位置する行政区画"@ja	<https://ja.wikipedia.org/wiki/%E6%B1%9F%E5%B7%AE%E9%A7%85>
<http://www.wikidata.org/entity/Q6156982>	"国道228号"@ja	<http://www.wikidata.org/entity/Q34442>	"道路"@ja	<http://www.wikidata.org/entity/P609>	"起終点"@ja	<https://ja.wikipedia.org/wiki/%E5%9B%BD%E9%81%93228%E5%8F%B7>
<http://www.wikidata.org/entity/Q6156981>	"国道227号"@ja	<http://www.wikidata.org/entity/Q34442>	"道路"@ja	<http://www.wikidata.org/entity/P609>	"起終点"@ja	<https://ja.wikipedia.org/wiki/%E5%9B%BD%E9%81%93227%E5%8F%B7>
<http://www.wikidata.org/entity/Q6156986>	"国道229号"@ja	<http://www.wikidata.org/entity/Q34442>	"道路"@ja	<http://www.wikidata.org/entity/P609>	"起終点"@ja	<https://ja.wikipedia.org/wiki/%E5%9B%BD%E9%81%93229%E5%8F%B7>
<http://www.wikidata.org/entity/Q6157101>	"国道277号"@ja	<http://www.wikidata.org/entity/Q34442>	"道路"@ja	<http://www.wikidata.org/entity/P609>	"起終点"@ja	<https://ja.wikipedia.org/wiki/%E5%9B%BD%E9%81%93277%E5%8F%B7>
<http://www.wikidata.org/entity/Q10106632>	"Category:江差町"@ja	<http://www.wikidata.org/entity/Q4167836>	"ウィキメディアのカテゴリ"@ja	<http://www.wikidata.org/entity/P301>	"カテゴリの中心主題"@ja	<https://ja.wikipedia.org/wiki/Category:%E6%B1%9F%E5%B7%AE%E7%94%BA>
<http://www.wikidata.org/entity/Q10903376>	"北海道道215号"@ja	<http://www.wikidata.org/entity/Q34442>	"道路"@ja	<http://www.wikidata.org/entity/P609>	"起終点"@ja	<https://ja.wikipedia.org/wiki/%E5%8C%97%E6%B5%B7%E9%81%93%E9%81%93215%E5%8F%B7%E6%B1%9F%E5%B7%AE%E5%81%9C%E8%BB%8A%E5%A0%B4%E7%B7%9A>
<http://www.wikidata.org/entity/Q10903638>	"北海道道935号"@ja	<http://www.wikidata.org/entity/Q34442>	"道路"@ja	<http://www.wikidata.org/entity/P609>	"起終点"@ja	<https://ja.wikipedia.org/wiki/%E5%8C%97%E6%B5%B7%E9%81%93%E9%81%93935%E5%8F%B7%E5%B0%8F%E9%BB%92%E9%83%A8%E9%B0%94%E5%B7%9D%E7%B7%9A>
<http://www.wikidata.org/entity/Q11396018>	"函館江差自動車道"@ja	<http://www.wikidata.org/entity/Q34442>	"道路"@ja	<http://www.wikidata.org/entity/P609>	"起終点"@ja	<https://ja.wikipedia.org/wiki/%E5%87%BD%E9%A4%A8%E6%B1%9F%E5%B7%AE%E8%87%AA%E5%8B%95%E8%BB%8A%E9%81%93>
<http://www.wikidata.org/entity/Q11402878>	"北海道江差高等学校"@ja	<http://www.wikidata.org/entity/Q56351315>	"日本の高等学校"@ja	<http://www.wikidata.org/entity/P131>	"位置する行政区画"@ja	<https://ja.wikipedia.org/wiki/%E5%8C%97%E6%B5%B7%E9%81%93%E6%B1%9F%E5%B7%AE%E9%AB%98%E7%AD%89%E5%AD%A6%E6%A0%A1>
<http://www.wikidata.org/entity/Q11402877>	"北海道江差南高等学校"@ja	<http://www.wikidata.org/entity/Q56351315>	"日本の高等学校"@ja	<http://www.wikidata.org/entity/P131>	"位置する行政区画"@ja	<https://ja.wikipedia.org/wiki/%E5%8C%97%E6%B5%B7%E9%81%93%E6%B1%9F%E5%B7%AE%E5%8D%97%E9%AB%98%E7%AD%89%E5%AD%A6%E6%A0%A1>
<http://www.wikidata.org/entity/Q11402970>	"北海道立江差病院"@ja	<http://www.wikidata.org/entity/Q16917>	"病院"@ja	<http://www.wikidata.org/entity/P131>	"位置する行政区画"@ja	<https://ja.wikipedia.org/wiki/%E5%8C%97%E6%B5%B7%E9%81%93%E7%AB%8B%E6%B1%9F%E5%B7%AE%E7%97%85%E9%99%A2>
<http://www.wikidata.org/entity/Q11402971>	"北海道立江差高等看護学院"@ja	<http://www.wikidata.org/entity/Q24898692>	"専修学校"@ja	<http://www.wikidata.org/entity/P131>	"位置する行政区画"@ja	<https://ja.wikipedia.org/wiki/%E5%8C%97%E6%B5%B7%E9%81%93%E7%AB%8B%E6%B1%9F%E5%B7%AE%E9%AB%98%E7%AD%89%E7%9C%8B%E8%AD%B7%E5%AD%A6%E9%99%A2>
<http://www.wikidata.org/entity/Q11403059>	"北海道警察函館方面本部"@ja	<http://www.wikidata.org/entity/Q11632355>	"警察本部"@ja	<http://www.wikidata.org/entity/P1001>	"管轄・適用区域"@ja	<https://ja.wikipedia.org/wiki/%E5%8C%97%E6%B5%B7%E9%81%93%E8%AD%A6%E5%AF%9F%E5%87%BD%E9%A4%A8%E6%96%B9%E9%9D%A2%E6%9C%AC%E9%83%A8>
<http://www.wikidata.org/entity/Q11403455>	"北海道道5号"@ja	<http://www.wikidata.org/entity/Q34442>	"道路"@ja	<http://www.wikidata.org/entity/P609>	"起終点"@ja	<https://ja.wikipedia.org/wiki/%E5%8C%97%E6%B5%B7%E9%81%93%E9%81%935%E5%8F%B7%E6%B1%9F%E5%B7%AE%E6%9C%A8%E5%8F%A4%E5%86%85%E7%B7%9A>
<http://www.wikidata.org/entity/Q11403484>	"北海道道634号"@ja	<http://www.wikidata.org/entity/Q34442>	"道路"@ja	<http://www.wikidata.org/entity/P609>	"起終点"@ja	<https://ja.wikipedia.org/wiki/%E5%8C%97%E6%B5%B7%E9%81%93%E9%81%93634%E5%8F%B7%E5%9F%8E%E4%B8%98%E6%B1%9F%E5%B7%AE%E7%B7%9A>
<http://www.wikidata.org/entity/Q11421433>	"国道276号"@ja	<http://www.wikidata.org/entity/Q34442>	"道路"@ja	<http://www.wikidata.org/entity/P609>	"起終点"@ja	<https://ja.wikipedia.org/wiki/%E5%9B%BD%E9%81%93276%E5%8F%B7>
<http://www.wikidata.org/entity/Q11550925>	"道南うみ街信用金庫"@ja	<http://www.wikidata.org/entity/Q6881511>	"事業者"@ja	<http://www.wikidata.org/entity/P159>	"本部所在地"@ja	<https://ja.wikipedia.org/wiki/%E9%81%93%E5%8D%97%E3%81%86%E3%81%BF%E8%A1%97%E4%BF%A1%E7%94%A8%E9%87%91%E5%BA%AB>
<http://www.wikidata.org/entity/Q11550925>	"道南うみ街信用金庫"@ja	<http://www.wikidata.org/entity/Q4830453>	"企業"@ja	<http://www.wikidata.org/entity/P159>	"本部所在地"@ja	<https://ja.wikipedia.org/wiki/%E9%81%93%E5%8D%97%E3%81%86%E3%81%BF%E8%A1%97%E4%BF%A1%E7%94%A8%E9%87%91%E5%BA%AB>
<http://www.wikidata.org/entity/Q11550928>	"江差町立南が丘小学校"@ja	<http://www.wikidata.org/entity/Q5358913>	"日本の小学校"@ja	<http://www.wikidata.org/entity/P131>	"位置する行政区画"@ja	<https://ja.wikipedia.org/wiki/%E6%B1%9F%E5%B7%AE%E7%94%BA%E7%AB%8B%E5%8D%97%E3%81%8C%E4%B8%98%E5%B0%8F%E5%AD%A6%E6%A0%A1>
