?s	?sLabel	?type	?typeLabel	?prop	?propLabel	?jwiki
<http://www.wikidata.org/entity/Q928820>	"今金町"@ja	<http://www.wikidata.org/entity/Q1059478>	"日本の町"@ja	<http://www.wikidata.org/entity/P47>	"隣の国又は行政区画"@ja	<https://ja.wikipedia.org/wiki/%E4%BB%8A%E9%87%91%E7%94%BA>
<http://www.wikidata.org/entity/Q1036505>	"せたな町"@ja	<http://www.wikidata.org/entity/Q1059478>	"日本の町"@ja	<http://www.wikidata.org/entity/P47>	"隣の国又は行政区画"@ja	<https://ja.wikipedia.org/wiki/%E3%81%9B%E3%81%9F%E3%81%AA%E7%94%BA>
<http://www.wikidata.org/entity/Q1185931>	"島牧郡"@ja	<http://www.wikidata.org/entity/Q1122846>	"郡"@ja	<http://www.wikidata.org/entity/P150>	"直下の行政区画"@ja	<https://ja.wikipedia.org/wiki/%E5%B3%B6%E7%89%A7%E9%83%A1>
<http://www.wikidata.org/entity/Q1354333>	"長万部町"@ja	<http://www.wikidata.org/entity/Q1059478>	"日本の町"@ja	<http://www.wikidata.org/entity/P47>	"隣の国又は行政区画"@ja	<https://ja.wikipedia.org/wiki/%E9%95%B7%E4%B8%87%E9%83%A8%E7%94%BA>
<http://www.wikidata.org/entity/Q1355464>	"黒松内町"@ja	<http://www.wikidata.org/entity/Q1059478>	"日本の町"@ja	<http://www.wikidata.org/entity/P47>	"隣の国又は行政区画"@ja	<https://ja.wikipedia.org/wiki/%E9%BB%92%E6%9D%BE%E5%86%85%E7%94%BA>
<http://www.wikidata.org/entity/Q1355602>	"寿都町"@ja	<http://www.wikidata.org/entity/Q1059478>	"日本の町"@ja	<http://www.wikidata.org/entity/P47>	"隣の国又は行政区画"@ja	<https://ja.wikipedia.org/wiki/%E5%AF%BF%E9%83%BD%E7%94%BA>
<http://www.wikidata.org/entity/Q56435985>	"島牧村長"@ja	<http://www.wikidata.org/entity/Q4164871>	"職位"@ja	<http://www.wikidata.org/entity/P1001>	"管轄・適用区域"@ja	
<http://www.wikidata.org/entity/Q9640043>	"Category:島牧村"@ja	<http://www.wikidata.org/entity/Q4167836>	"ウィキメディアのカテゴリ"@ja	<http://www.wikidata.org/entity/P301>	"カテゴリの中心主題"@ja	<https://ja.wikipedia.org/wiki/Category:%E5%B3%B6%E7%89%A7%E6%9D%91>
<http://www.wikidata.org/entity/Q11403059>	"北海道警察函館方面本部"@ja	<http://www.wikidata.org/entity/Q11632355>	"警察本部"@ja	<http://www.wikidata.org/entity/P1001>	"管轄・適用区域"@ja	<https://ja.wikipedia.org/wiki/%E5%8C%97%E6%B5%B7%E9%81%93%E8%AD%A6%E5%AF%9F%E5%87%BD%E9%A4%A8%E6%96%B9%E9%9D%A2%E6%9C%AC%E9%83%A8>
<http://www.wikidata.org/entity/Q11403387>	"北海道道523号"@ja	<http://www.wikidata.org/entity/Q34442>	"道路"@ja	<http://www.wikidata.org/entity/P609>	"起終点"@ja	<https://ja.wikipedia.org/wiki/%E5%8C%97%E6%B5%B7%E9%81%93%E9%81%93523%E5%8F%B7%E7%BE%8E%E5%B7%9D%E9%BB%92%E6%9D%BE%E5%86%85%E7%B7%9A>
<http://www.wikidata.org/entity/Q11403387>	"北海道道523号"@ja	<http://www.wikidata.org/entity/Q34442>	"道路"@ja	<http://www.wikidata.org/entity/P131>	"位置する行政区画"@ja	<https://ja.wikipedia.org/wiki/%E5%8C%97%E6%B5%B7%E9%81%93%E9%81%93523%E5%8F%B7%E7%BE%8E%E5%B7%9D%E9%BB%92%E6%9D%BE%E5%86%85%E7%B7%9A>
<http://www.wikidata.org/entity/Q11403597>	"北海道道836号"@ja	<http://www.wikidata.org/entity/Q34442>	"道路"@ja	<http://www.wikidata.org/entity/P609>	"起終点"@ja	<https://ja.wikipedia.org/wiki/%E5%8C%97%E6%B5%B7%E9%81%93%E9%81%93836%E5%8F%B7%E5%B3%B6%E7%89%A7%E7%BE%8E%E5%88%A9%E6%B2%B3%E7%B7%9A>
<http://www.wikidata.org/entity/Q11403597>	"北海道道836号"@ja	<http://www.wikidata.org/entity/Q34442>	"道路"@ja	<http://www.wikidata.org/entity/P131>	"位置する行政区画"@ja	<https://ja.wikipedia.org/wiki/%E5%8C%97%E6%B5%B7%E9%81%93%E9%81%93836%E5%8F%B7%E5%B3%B6%E7%89%A7%E7%BE%8E%E5%88%A9%E6%B2%B3%E7%B7%9A>
<http://www.wikidata.org/entity/Q11526781>	"東島牧村"@ja	<http://www.wikidata.org/entity/Q18663566>	"日本の廃止市区町村"@ja	<http://www.wikidata.org/entity/P3842>	"位置する現在の行政区画"@ja	<https://ja.wikipedia.org/wiki/%E6%9D%B1%E5%B3%B6%E7%89%A7%E6%9D%91>
<http://www.wikidata.org/entity/Q11526781>	"東島牧村"@ja	<http://www.wikidata.org/entity/Q18663566>	"日本の廃止市区町村"@ja	<http://www.wikidata.org/entity/P1366>	"後継"@ja	<https://ja.wikipedia.org/wiki/%E6%9D%B1%E5%B3%B6%E7%89%A7%E6%9D%91>
<http://www.wikidata.org/entity/Q11571427>	"狩場茂津多道立自然公園"@ja	<http://www.wikidata.org/entity/Q11643861>	"都道府県立自然公園"@ja	<http://www.wikidata.org/entity/P131>	"位置する行政区画"@ja	<https://ja.wikipedia.org/wiki/%E7%8B%A9%E5%A0%B4%E8%8C%82%E6%B4%A5%E5%A4%9A%E9%81%93%E7%AB%8B%E8%87%AA%E7%84%B6%E5%85%AC%E5%9C%92>
<http://www.wikidata.org/entity/Q11571427>	"狩場茂津多道立自然公園"@ja	<http://www.wikidata.org/entity/Q22698>	"公園"@ja	<http://www.wikidata.org/entity/P131>	"位置する行政区画"@ja	<https://ja.wikipedia.org/wiki/%E7%8B%A9%E5%A0%B4%E8%8C%82%E6%B4%A5%E5%A4%9A%E9%81%93%E7%AB%8B%E8%87%AA%E7%84%B6%E5%85%AC%E5%9C%92>
<http://www.wikidata.org/entity/Q11571424>	"狩場山"@ja	<http://www.wikidata.org/entity/Q8502>	"山"@ja	<http://www.wikidata.org/entity/P131>	"位置する行政区画"@ja	<https://ja.wikipedia.org/wiki/%E7%8B%A9%E5%A0%B4%E5%B1%B1>
<http://www.wikidata.org/entity/Q11617122>	"茂津多岬灯台"@ja	<http://www.wikidata.org/entity/Q39715>	"灯台"@ja	<http://www.wikidata.org/entity/P131>	"位置する行政区画"@ja	<https://ja.wikipedia.org/wiki/%E8%8C%82%E6%B4%A5%E5%A4%9A%E5%B2%AC%E7%81%AF%E5%8F%B0>
<http://www.wikidata.org/entity/Q11627995>	"西島牧村"@ja	<http://www.wikidata.org/entity/Q18663566>	"日本の廃止市区町村"@ja	<http://www.wikidata.org/entity/P3842>	"位置する現在の行政区画"@ja	<https://ja.wikipedia.org/wiki/%E8%A5%BF%E5%B3%B6%E7%89%A7%E6%9D%91>
<http://www.wikidata.org/entity/Q11627995>	"西島牧村"@ja	<http://www.wikidata.org/entity/Q18663566>	"日本の廃止市区町村"@ja	<http://www.wikidata.org/entity/P1366>	"後継"@ja	<https://ja.wikipedia.org/wiki/%E8%A5%BF%E5%B3%B6%E7%89%A7%E6%9D%91>
<http://www.wikidata.org/entity/Q11634928>	"賀老の滝"@ja	<http://www.wikidata.org/entity/Q34038>	"滝"@ja	<http://www.wikidata.org/entity/P131>	"位置する行政区画"@ja	<https://ja.wikipedia.org/wiki/%E8%B3%80%E8%80%81%E3%81%AE%E6%BB%9D>
<http://www.wikidata.org/entity/Q11640996>	"道の駅よってけ!島牧"@ja	<http://www.wikidata.org/entity/Q1187691>	"道の駅"@ja	<http://www.wikidata.org/entity/P131>	"位置する行政区画"@ja	<https://ja.wikipedia.org/wiki/%E9%81%93%E3%81%AE%E9%A7%85%E3%82%88%E3%81%A3%E3%81%A6%E3%81%91!%E5%B3%B6%E7%89%A7>
<http://www.wikidata.org/entity/Q65265712>	"島牧村立島牧中学校"@ja	<http://www.wikidata.org/entity/Q55521176>	"日本の中学校"@ja	<http://www.wikidata.org/entity/P131>	"位置する行政区画"@ja	<https://ja.wikipedia.org/wiki/%E5%B3%B6%E7%89%A7%E6%9D%91%E7%AB%8B%E5%B3%B6%E7%89%A7%E4%B8%AD%E5%AD%A6%E6%A0%A1>
<http://www.wikidata.org/entity/Q65265712>	"島牧村立島牧中学校"@ja	<http://www.wikidata.org/entity/Q55521176>	"日本の中学校"@ja	<http://www.wikidata.org/entity/P126>	"管理者"@ja	<https://ja.wikipedia.org/wiki/%E5%B3%B6%E7%89%A7%E6%9D%91%E7%AB%8B%E5%B3%B6%E7%89%A7%E4%B8%AD%E5%AD%A6%E6%A0%A1>
<http://www.wikidata.org/entity/Q108945784>	"島牧村立島牧小学校"@ja	<http://www.wikidata.org/entity/Q5358913>	"日本の小学校"@ja	<http://www.wikidata.org/entity/P131>	"位置する行政区画"@ja	<https://ja.wikipedia.org/wiki/%E5%B3%B6%E7%89%A7%E6%9D%91%E7%AB%8B%E5%B3%B6%E7%89%A7%E5%B0%8F%E5%AD%A6%E6%A0%A1>
