?s	?sLabel	?type	?typeLabel	?prop	?propLabel	?jwiki
<http://www.wikidata.org/entity/Q588948>	"国道5号"@ja	<http://www.wikidata.org/entity/Q34442>	"道路"@ja	<http://www.wikidata.org/entity/P1302>	"主な経由都市"@ja	<https://ja.wikipedia.org/wiki/%E5%9B%BD%E9%81%935%E5%8F%B7>
<http://www.wikidata.org/entity/Q848093>	"目名駅"@ja	<http://www.wikidata.org/entity/Q55488>	"鉄道駅"@ja	<http://www.wikidata.org/entity/P131>	"位置する行政区画"@ja	<https://ja.wikipedia.org/wiki/%E7%9B%AE%E5%90%8D%E9%A7%85>
<http://www.wikidata.org/entity/Q864378>	"昆布駅"@ja	<http://www.wikidata.org/entity/Q22808404>	"地上駅"@ja	<http://www.wikidata.org/entity/P131>	"位置する行政区画"@ja	<https://ja.wikipedia.org/wiki/%E6%98%86%E5%B8%83%E9%A7%85>
<http://www.wikidata.org/entity/Q864378>	"昆布駅"@ja	<http://www.wikidata.org/entity/Q55488>	"鉄道駅"@ja	<http://www.wikidata.org/entity/P131>	"位置する行政区画"@ja	<https://ja.wikipedia.org/wiki/%E6%98%86%E5%B8%83%E9%A7%85>
<http://www.wikidata.org/entity/Q864415>	"蘭越駅"@ja	<http://www.wikidata.org/entity/Q22808404>	"地上駅"@ja	<http://www.wikidata.org/entity/P131>	"位置する行政区画"@ja	<https://ja.wikipedia.org/wiki/%E8%98%AD%E8%B6%8A%E9%A7%85>
<http://www.wikidata.org/entity/Q864415>	"蘭越駅"@ja	<http://www.wikidata.org/entity/Q55488>	"鉄道駅"@ja	<http://www.wikidata.org/entity/P131>	"位置する行政区画"@ja	<https://ja.wikipedia.org/wiki/%E8%98%AD%E8%B6%8A%E9%A7%85>
<http://www.wikidata.org/entity/Q1185879>	"磯谷郡"@ja	<http://www.wikidata.org/entity/Q1122846>	"郡"@ja	<http://www.wikidata.org/entity/P150>	"直下の行政区画"@ja	<https://ja.wikipedia.org/wiki/%E7%A3%AF%E8%B0%B7%E9%83%A1>
<http://www.wikidata.org/entity/Q1204586>	"ニセコ町"@ja	<http://www.wikidata.org/entity/Q1059478>	"日本の町"@ja	<http://www.wikidata.org/entity/P47>	"隣の国又は行政区画"@ja	<https://ja.wikipedia.org/wiki/%E3%83%8B%E3%82%BB%E3%82%B3%E7%94%BA>
<http://www.wikidata.org/entity/Q1204596>	"倶知安町"@ja	<http://www.wikidata.org/entity/Q1059478>	"日本の町"@ja	<http://www.wikidata.org/entity/P47>	"隣の国又は行政区画"@ja	<https://ja.wikipedia.org/wiki/%E5%80%B6%E7%9F%A5%E5%AE%89%E7%94%BA>
<http://www.wikidata.org/entity/Q1354284>	"豊浦町"@ja	<http://www.wikidata.org/entity/Q1059478>	"日本の町"@ja	<http://www.wikidata.org/entity/P47>	"隣の国又は行政区画"@ja	<https://ja.wikipedia.org/wiki/%E8%B1%8A%E6%B5%A6%E7%94%BA>
<http://www.wikidata.org/entity/Q1354347>	"共和町"@ja	<http://www.wikidata.org/entity/Q1059478>	"日本の町"@ja	<http://www.wikidata.org/entity/P47>	"隣の国又は行政区画"@ja	<https://ja.wikipedia.org/wiki/%E5%85%B1%E5%92%8C%E7%94%BA>
<http://www.wikidata.org/entity/Q1354481>	"岩内町"@ja	<http://www.wikidata.org/entity/Q1059478>	"日本の町"@ja	<http://www.wikidata.org/entity/P47>	"隣の国又は行政区画"@ja	<https://ja.wikipedia.org/wiki/%E5%B2%A9%E5%86%85%E7%94%BA>
<http://www.wikidata.org/entity/Q1355464>	"黒松内町"@ja	<http://www.wikidata.org/entity/Q1059478>	"日本の町"@ja	<http://www.wikidata.org/entity/P47>	"隣の国又は行政区画"@ja	<https://ja.wikipedia.org/wiki/%E9%BB%92%E6%9D%BE%E5%86%85%E7%94%BA>
<http://www.wikidata.org/entity/Q1355602>	"寿都町"@ja	<http://www.wikidata.org/entity/Q1059478>	"日本の町"@ja	<http://www.wikidata.org/entity/P47>	"隣の国又は行政区画"@ja	<https://ja.wikipedia.org/wiki/%E5%AF%BF%E9%83%BD%E7%94%BA>
<http://www.wikidata.org/entity/Q10854995>	"上目名駅"@ja	<http://www.wikidata.org/entity/Q55488>	"鉄道駅"@ja	<http://www.wikidata.org/entity/P131>	"位置する行政区画"@ja	<https://ja.wikipedia.org/wiki/%E4%B8%8A%E7%9B%AE%E5%90%8D%E9%A7%85>
<http://www.wikidata.org/entity/Q11287261>	"イワオヌプリ"@ja	<http://www.wikidata.org/entity/Q8502>	"山"@ja	<http://www.wikidata.org/entity/P131>	"位置する行政区画"@ja	<https://ja.wikipedia.org/wiki/%E3%82%A4%E3%83%AF%E3%82%AA%E3%83%8C%E3%83%97%E3%83%AA>
<http://www.wikidata.org/entity/Q11317930>	"チセヌプリ"@ja	<http://www.wikidata.org/entity/Q8072>	"火山"@ja	<http://www.wikidata.org/entity/P131>	"位置する行政区画"@ja	<https://ja.wikipedia.org/wiki/%E3%83%81%E3%82%BB%E3%83%8C%E3%83%97%E3%83%AA>
<http://www.wikidata.org/entity/Q11324362>	"ニセコ新見温泉"@ja	<http://www.wikidata.org/entity/Q11587674>	"硫酸塩泉"@ja	<http://www.wikidata.org/entity/P131>	"位置する行政区画"@ja	<https://ja.wikipedia.org/wiki/%E3%83%8B%E3%82%BB%E3%82%B3%E6%96%B0%E8%A6%8B%E6%B8%A9%E6%B3%89>
<http://www.wikidata.org/entity/Q11324362>	"ニセコ新見温泉"@ja	<http://www.wikidata.org/entity/Q11428612>	"塩化物泉"@ja	<http://www.wikidata.org/entity/P131>	"位置する行政区画"@ja	<https://ja.wikipedia.org/wiki/%E3%83%8B%E3%82%BB%E3%82%B3%E6%96%B0%E8%A6%8B%E6%B8%A9%E6%B3%89>
<http://www.wikidata.org/entity/Q11324362>	"ニセコ新見温泉"@ja	<http://www.wikidata.org/entity/Q655311>	"温泉"@ja	<http://www.wikidata.org/entity/P131>	"位置する行政区画"@ja	<https://ja.wikipedia.org/wiki/%E3%83%8B%E3%82%BB%E3%82%B3%E6%96%B0%E8%A6%8B%E6%B8%A9%E6%B3%89>
<http://www.wikidata.org/entity/Q11324363>	"ニセコ昆布温泉"@ja	<http://www.wikidata.org/entity/Q11567142>	"炭酸水素塩泉"@ja	<http://www.wikidata.org/entity/P131>	"位置する行政区画"@ja	<https://ja.wikipedia.org/wiki/%E3%83%8B%E3%82%BB%E3%82%B3%E6%98%86%E5%B8%83%E6%B8%A9%E6%B3%89>
<http://www.wikidata.org/entity/Q11324363>	"ニセコ昆布温泉"@ja	<http://www.wikidata.org/entity/Q655311>	"温泉"@ja	<http://www.wikidata.org/entity/P131>	"位置する行政区画"@ja	<https://ja.wikipedia.org/wiki/%E3%83%8B%E3%82%BB%E3%82%B3%E6%98%86%E5%B8%83%E6%B8%A9%E6%B3%89>
<http://www.wikidata.org/entity/Q11324366>	"ニセコ湯本温泉"@ja	<http://www.wikidata.org/entity/Q11587679>	"硫黄泉"@ja	<http://www.wikidata.org/entity/P131>	"位置する行政区画"@ja	<https://ja.wikipedia.org/wiki/%E3%83%8B%E3%82%BB%E3%82%B3%E6%B9%AF%E6%9C%AC%E6%B8%A9%E6%B3%89>
<http://www.wikidata.org/entity/Q11324366>	"ニセコ湯本温泉"@ja	<http://www.wikidata.org/entity/Q655311>	"温泉"@ja	<http://www.wikidata.org/entity/P131>	"位置する行政区画"@ja	<https://ja.wikipedia.org/wiki/%E3%83%8B%E3%82%BB%E3%82%B3%E6%B9%AF%E6%9C%AC%E6%B8%A9%E6%B3%89>
<http://www.wikidata.org/entity/Q11324367>	"ニセコ温泉郷"@ja	<http://www.wikidata.org/entity/Q11562971>	"温泉郷"@ja	<http://www.wikidata.org/entity/P131>	"位置する行政区画"@ja	<https://ja.wikipedia.org/wiki/%E3%83%8B%E3%82%BB%E3%82%B3%E6%B8%A9%E6%B3%89%E9%83%B7>
<http://www.wikidata.org/entity/Q11324371>	"ニセコ連峰"@ja	<http://www.wikidata.org/entity/Q2895674>	"火山群"@ja	<http://www.wikidata.org/entity/P4330>	"内容"@ja	<https://ja.wikipedia.org/wiki/%E3%83%8B%E3%82%BB%E3%82%B3%E9%80%A3%E5%B3%B0>
<http://www.wikidata.org/entity/Q11324371>	"ニセコ連峰"@ja	<http://www.wikidata.org/entity/Q46831>	"山脈"@ja	<http://www.wikidata.org/entity/P4330>	"内容"@ja	<https://ja.wikipedia.org/wiki/%E3%83%8B%E3%82%BB%E3%82%B3%E9%80%A3%E5%B3%B0>
<http://www.wikidata.org/entity/Q11324369>	"ニセコ薬師温泉"@ja	<http://www.wikidata.org/entity/Q655311>	"温泉"@ja	<http://www.wikidata.org/entity/P131>	"位置する行政区画"@ja	<https://ja.wikipedia.org/wiki/%E3%83%8B%E3%82%BB%E3%82%B3%E8%96%AC%E5%B8%AB%E6%B8%A9%E6%B3%89>
<http://www.wikidata.org/entity/Q11324564>	"ニトヌプリ"@ja	<http://www.wikidata.org/entity/Q8072>	"火山"@ja	<http://www.wikidata.org/entity/P131>	"位置する行政区画"@ja	<https://ja.wikipedia.org/wiki/%E3%83%8B%E3%83%88%E3%83%8C%E3%83%97%E3%83%AA>
<http://www.wikidata.org/entity/Q11372630>	"五色温泉"@ja	<http://www.wikidata.org/entity/Q11428612>	"塩化物泉"@ja	<http://www.wikidata.org/entity/P131>	"位置する行政区画"@ja	<https://ja.wikipedia.org/wiki/%E4%BA%94%E8%89%B2%E6%B8%A9%E6%B3%89_(%E5%8C%97%E6%B5%B7%E9%81%93)>
<http://www.wikidata.org/entity/Q11372630>	"五色温泉"@ja	<http://www.wikidata.org/entity/Q655311>	"温泉"@ja	<http://www.wikidata.org/entity/P131>	"位置する行政区画"@ja	<https://ja.wikipedia.org/wiki/%E4%BA%94%E8%89%B2%E6%B8%A9%E6%B3%89_(%E5%8C%97%E6%B5%B7%E9%81%93)>
<http://www.wikidata.org/entity/Q11403054>	"北海道蘭越高等学校"@ja	<http://www.wikidata.org/entity/Q56351315>	"日本の高等学校"@ja	<http://www.wikidata.org/entity/P131>	"位置する行政区画"@ja	<https://ja.wikipedia.org/wiki/%E5%8C%97%E6%B5%B7%E9%81%93%E8%98%AD%E8%B6%8A%E9%AB%98%E7%AD%89%E5%AD%A6%E6%A0%A1>
<http://www.wikidata.org/entity/Q11403223>	"北海道道207号"@ja	<http://www.wikidata.org/entity/Q34442>	"道路"@ja	<http://www.wikidata.org/entity/P609>	"起終点"@ja	<https://ja.wikipedia.org/wiki/%E5%8C%97%E6%B5%B7%E9%81%93%E9%81%93207%E5%8F%B7%E6%98%86%E5%B8%83%E5%81%9C%E8%BB%8A%E5%A0%B4%E3%83%8B%E3%82%BB%E3%82%B3%E7%B7%9A>
<http://www.wikidata.org/entity/Q11403223>	"北海道道207号"@ja	<http://www.wikidata.org/entity/Q34442>	"道路"@ja	<http://www.wikidata.org/entity/P131>	"位置する行政区画"@ja	<https://ja.wikipedia.org/wiki/%E5%8C%97%E6%B5%B7%E9%81%93%E9%81%93207%E5%8F%B7%E6%98%86%E5%B8%83%E5%81%9C%E8%BB%8A%E5%A0%B4%E3%83%8B%E3%82%BB%E3%82%B3%E7%B7%9A>
<http://www.wikidata.org/entity/Q11403237>	"北海道道229号"@ja	<http://www.wikidata.org/entity/Q34442>	"道路"@ja	<http://www.wikidata.org/entity/P609>	"起終点"@ja	<https://ja.wikipedia.org/wiki/%E5%8C%97%E6%B5%B7%E9%81%93%E9%81%93229%E5%8F%B7%E5%8C%97%E5%B0%BB%E5%88%A5%E8%98%AD%E8%B6%8A%E5%81%9C%E8%BB%8A%E5%A0%B4%E7%B7%9A>
<http://www.wikidata.org/entity/Q11403237>	"北海道道229号"@ja	<http://www.wikidata.org/entity/Q34442>	"道路"@ja	<http://www.wikidata.org/entity/P131>	"位置する行政区画"@ja	<https://ja.wikipedia.org/wiki/%E5%8C%97%E6%B5%B7%E9%81%93%E9%81%93229%E5%8F%B7%E5%8C%97%E5%B0%BB%E5%88%A5%E8%98%AD%E8%B6%8A%E5%81%9C%E8%BB%8A%E5%A0%B4%E7%B7%9A>
<http://www.wikidata.org/entity/Q11403258>	"北海道道267号"@ja	<http://www.wikidata.org/entity/Q34442>	"道路"@ja	<http://www.wikidata.org/entity/P609>	"起終点"@ja	<https://ja.wikipedia.org/wiki/%E5%8C%97%E6%B5%B7%E9%81%93%E9%81%93267%E5%8F%B7%E7%A3%AF%E8%B0%B7%E8%98%AD%E8%B6%8A%E7%B7%9A>
<http://www.wikidata.org/entity/Q11403258>	"北海道道267号"@ja	<http://www.wikidata.org/entity/Q34442>	"道路"@ja	<http://www.wikidata.org/entity/P131>	"位置する行政区画"@ja	<https://ja.wikipedia.org/wiki/%E5%8C%97%E6%B5%B7%E9%81%93%E9%81%93267%E5%8F%B7%E7%A3%AF%E8%B0%B7%E8%98%AD%E8%B6%8A%E7%B7%9A>
<http://www.wikidata.org/entity/Q11403260>	"北海道道268号"@ja	<http://www.wikidata.org/entity/Q34442>	"道路"@ja	<http://www.wikidata.org/entity/P609>	"起終点"@ja	<https://ja.wikipedia.org/wiki/%E5%8C%97%E6%B5%B7%E9%81%93%E9%81%93268%E5%8F%B7%E5%B2%A9%E5%86%85%E8%98%AD%E8%B6%8A%E7%B7%9A>
<http://www.wikidata.org/entity/Q11403292>	"北海道道343号"@ja	<http://www.wikidata.org/entity/Q34442>	"道路"@ja	<http://www.wikidata.org/entity/P609>	"起終点"@ja	<https://ja.wikipedia.org/wiki/%E5%8C%97%E6%B5%B7%E9%81%93%E9%81%93343%E5%8F%B7%E8%98%AD%E8%B6%8A%E3%83%8B%E3%82%BB%E3%82%B3%E5%80%B6%E7%9F%A5%E5%AE%89%E7%B7%9A>
<http://www.wikidata.org/entity/Q11403292>	"北海道道343号"@ja	<http://www.wikidata.org/entity/Q34442>	"道路"@ja	<http://www.wikidata.org/entity/P131>	"位置する行政区画"@ja	<https://ja.wikipedia.org/wiki/%E5%8C%97%E6%B5%B7%E9%81%93%E9%81%93343%E5%8F%B7%E8%98%AD%E8%B6%8A%E3%83%8B%E3%82%BB%E3%82%B3%E5%80%B6%E7%9F%A5%E5%AE%89%E7%B7%9A>
<http://www.wikidata.org/entity/Q11403388>	"北海道道525号"@ja	<http://www.wikidata.org/entity/Q34442>	"道路"@ja	<http://www.wikidata.org/entity/P609>	"起終点"@ja	<https://ja.wikipedia.org/wiki/%E5%8C%97%E6%B5%B7%E9%81%93%E9%81%93525%E5%8F%B7%E8%98%AD%E8%B6%8A%E5%81%9C%E8%BB%8A%E5%A0%B4%E7%B7%9A>
<http://www.wikidata.org/entity/Q11403388>	"北海道道525号"@ja	<http://www.wikidata.org/entity/Q34442>	"道路"@ja	<http://www.wikidata.org/entity/P131>	"位置する行政区画"@ja	<https://ja.wikipedia.org/wiki/%E5%8C%97%E6%B5%B7%E9%81%93%E9%81%93525%E5%8F%B7%E8%98%AD%E8%B6%8A%E5%81%9C%E8%BB%8A%E5%A0%B4%E7%B7%9A>
<http://www.wikidata.org/entity/Q11403446>	"北海道道58号"@ja	<http://www.wikidata.org/entity/Q34442>	"道路"@ja	<http://www.wikidata.org/entity/P609>	"起終点"@ja	<https://ja.wikipedia.org/wiki/%E5%8C%97%E6%B5%B7%E9%81%93%E9%81%9358%E5%8F%B7%E5%80%B6%E7%9F%A5%E5%AE%89%E3%83%8B%E3%82%BB%E3%82%B3%E7%B7%9A>
<http://www.wikidata.org/entity/Q11403554>	"北海道道752号"@ja	<http://www.wikidata.org/entity/Q34442>	"道路"@ja	<http://www.wikidata.org/entity/P609>	"起終点"@ja	<https://ja.wikipedia.org/wiki/%E5%8C%97%E6%B5%B7%E9%81%93%E9%81%93752%E5%8F%B7%E5%90%8D%E9%A7%92%E7%94%B0%E4%B8%8B%E7%B7%9A>
<http://www.wikidata.org/entity/Q11403554>	"北海道道752号"@ja	<http://www.wikidata.org/entity/Q34442>	"道路"@ja	<http://www.wikidata.org/entity/P131>	"位置する行政区画"@ja	<https://ja.wikipedia.org/wiki/%E5%8C%97%E6%B5%B7%E9%81%93%E9%81%93752%E5%8F%B7%E5%90%8D%E9%A7%92%E7%94%B0%E4%B8%8B%E7%B7%9A>
<http://www.wikidata.org/entity/Q11403638>	"北海道道934号"@ja	<http://www.wikidata.org/entity/Q34442>	"道路"@ja	<http://www.wikidata.org/entity/P609>	"起終点"@ja	<https://ja.wikipedia.org/wiki/%E5%8C%97%E6%B5%B7%E9%81%93%E9%81%93934%E5%8F%B7%E7%9B%B8%E7%94%9F%E8%98%AD%E8%B6%8A%E7%B7%9A>
<http://www.wikidata.org/entity/Q11403638>	"北海道道934号"@ja	<http://www.wikidata.org/entity/Q34442>	"道路"@ja	<http://www.wikidata.org/entity/P131>	"位置する行政区画"@ja	<https://ja.wikipedia.org/wiki/%E5%8C%97%E6%B5%B7%E9%81%93%E9%81%93934%E5%8F%B7%E7%9B%B8%E7%94%9F%E8%98%AD%E8%B6%8A%E7%B7%9A>
<http://www.wikidata.org/entity/Q11511880>	"昆布川温泉"@ja	<http://www.wikidata.org/entity/Q11567142>	"炭酸水素塩泉"@ja	<http://www.wikidata.org/entity/P131>	"位置する行政区画"@ja	<https://ja.wikipedia.org/wiki/%E6%98%86%E5%B8%83%E5%B7%9D%E6%B8%A9%E6%B3%89>
<http://www.wikidata.org/entity/Q11511880>	"昆布川温泉"@ja	<http://www.wikidata.org/entity/Q655311>	"温泉"@ja	<http://www.wikidata.org/entity/P131>	"位置する行政区画"@ja	<https://ja.wikipedia.org/wiki/%E6%98%86%E5%B8%83%E5%B7%9D%E6%B8%A9%E6%B3%89>
<http://www.wikidata.org/entity/Q11588036>	"磯谷村"@ja	<http://www.wikidata.org/entity/Q18663566>	"日本の廃止市区町村"@ja	<http://www.wikidata.org/entity/P3842>	"位置する現在の行政区画"@ja	<https://ja.wikipedia.org/wiki/%E7%A3%AF%E8%B0%B7%E6%9D%91>
<http://www.wikidata.org/entity/Q11640998>	"道の駅らんこし・ふるさとの丘"@ja	<http://www.wikidata.org/entity/Q1187691>	"道の駅"@ja	<http://www.wikidata.org/entity/P131>	"位置する行政区画"@ja	<https://ja.wikipedia.org/wiki/%E9%81%93%E3%81%AE%E9%A7%85%E3%82%89%E3%82%93%E3%81%93%E3%81%97%E3%83%BB%E3%81%B5%E3%82%8B%E3%81%95%E3%81%A8%E3%81%AE%E4%B8%98>
<http://www.wikidata.org/entity/Q11641036>	"道の駅シェルプラザ・港"@ja	<http://www.wikidata.org/entity/Q1187691>	"道の駅"@ja	<http://www.wikidata.org/entity/P131>	"位置する行政区画"@ja	<https://ja.wikipedia.org/wiki/%E9%81%93%E3%81%AE%E9%A7%85%E3%82%B7%E3%82%A7%E3%83%AB%E3%83%97%E3%83%A9%E3%82%B6%E3%83%BB%E6%B8%AF>
<http://www.wikidata.org/entity/Q11677868>	"黄金温泉"@ja	<http://www.wikidata.org/entity/Q11587674>	"硫酸塩泉"@ja	<http://www.wikidata.org/entity/P131>	"位置する行政区画"@ja	<https://ja.wikipedia.org/wiki/%E9%BB%84%E9%87%91%E6%B8%A9%E6%B3%89_(%E5%8C%97%E6%B5%B7%E9%81%93)>
<http://www.wikidata.org/entity/Q11677868>	"黄金温泉"@ja	<http://www.wikidata.org/entity/Q655311>	"温泉"@ja	<http://www.wikidata.org/entity/P131>	"位置する行政区画"@ja	<https://ja.wikipedia.org/wiki/%E9%BB%84%E9%87%91%E6%B8%A9%E6%B3%89_(%E5%8C%97%E6%B5%B7%E9%81%93)>
<http://www.wikidata.org/entity/Q15615381>	"Category:蘭越町"@ja	<http://www.wikidata.org/entity/Q4167836>	"ウィキメディアのカテゴリ"@ja	<http://www.wikidata.org/entity/P301>	"カテゴリの中心主題"@ja	<https://ja.wikipedia.org/wiki/Category:%E8%98%AD%E8%B6%8A%E7%94%BA>
<http://www.wikidata.org/entity/Q50529050>	"福原吉春"@ja	<http://www.wikidata.org/entity/Q5>	"ヒト"@ja	<http://www.wikidata.org/entity/P19>	"出生地"@ja	<https://ja.wikipedia.org/wiki/%E7%A6%8F%E5%8E%9F%E5%90%89%E6%98%A5>
<http://www.wikidata.org/entity/Q183228>	"ザールフェルデン"@ja	<http://www.wikidata.org/entity/Q13539802>	"Q13539802"	<http://www.wikidata.org/entity/P190>	"姉妹都市"@ja	
<http://www.wikidata.org/entity/Q183228>	"ザールフェルデン"@ja	<http://www.wikidata.org/entity/Q667509>	"オーストリアの基礎自治体"@ja	<http://www.wikidata.org/entity/P190>	"姉妹都市"@ja	
<http://www.wikidata.org/entity/Q15260048>	"雷電火山群"@ja	<http://www.wikidata.org/entity/Q2895674>	"火山群"@ja	<http://www.wikidata.org/entity/P4330>	"内容"@ja	
<http://www.wikidata.org/entity/Q31484789>	"幌別岳"@ja	<http://www.wikidata.org/entity/Q8502>	"山"@ja	<http://www.wikidata.org/entity/P131>	"位置する行政区画"@ja	
<http://www.wikidata.org/entity/Q56435990>	"蘭越町長"@ja	<http://www.wikidata.org/entity/Q4164871>	"職位"@ja	<http://www.wikidata.org/entity/P1001>	"管轄・適用区域"@ja	
<http://www.wikidata.org/entity/Q108691640>	"曲子光男"@ja	<http://www.wikidata.org/entity/Q5>	"ヒト"@ja	<http://www.wikidata.org/entity/P19>	"出生地"@ja	
