?s	?sLabel	?type	?typeLabel	?prop	?propLabel	?jwiki
<http://www.wikidata.org/entity/Q524318>	"古平町"@ja	<http://www.wikidata.org/entity/Q1059478>	"日本の町"@ja	<http://www.wikidata.org/entity/P47>	"隣の国又は行政区画"@ja	<https://ja.wikipedia.org/wiki/%E5%8F%A4%E5%B9%B3%E7%94%BA>
<http://www.wikidata.org/entity/Q644751>	"神恵内村"@ja	<http://www.wikidata.org/entity/Q4174776>	"日本の村"@ja	<http://www.wikidata.org/entity/P47>	"隣の国又は行政区画"@ja	<https://ja.wikipedia.org/wiki/%E7%A5%9E%E6%81%B5%E5%86%85%E6%9D%91>
<http://www.wikidata.org/entity/Q1185388>	"積丹郡"@ja	<http://www.wikidata.org/entity/Q1122846>	"郡"@ja	<http://www.wikidata.org/entity/P150>	"直下の行政区画"@ja	<https://ja.wikipedia.org/wiki/%E7%A9%8D%E4%B8%B9%E9%83%A1>
<http://www.wikidata.org/entity/Q10242485>	"Category:積丹町"@ja	<http://www.wikidata.org/entity/Q4167836>	"ウィキメディアのカテゴリ"@ja	<http://www.wikidata.org/entity/P301>	"カテゴリの中心主題"@ja	<https://ja.wikipedia.org/wiki/Category:%E7%A9%8D%E4%B8%B9%E7%94%BA>
<http://www.wikidata.org/entity/Q11385245>	"余別村"@ja	<http://www.wikidata.org/entity/Q18663566>	"日本の廃止市区町村"@ja	<http://www.wikidata.org/entity/P3842>	"位置する現在の行政区画"@ja	<https://ja.wikipedia.org/wiki/%E4%BD%99%E5%88%A5%E6%9D%91>
<http://www.wikidata.org/entity/Q11385245>	"余別村"@ja	<http://www.wikidata.org/entity/Q18663566>	"日本の廃止市区町村"@ja	<http://www.wikidata.org/entity/P1366>	"後継"@ja	<https://ja.wikipedia.org/wiki/%E4%BD%99%E5%88%A5%E6%9D%91>
<http://www.wikidata.org/entity/Q11389012>	"入舸村"@ja	<http://www.wikidata.org/entity/Q18663566>	"日本の廃止市区町村"@ja	<http://www.wikidata.org/entity/P3842>	"位置する現在の行政区画"@ja	<https://ja.wikipedia.org/wiki/%E5%85%A5%E8%88%B8%E6%9D%91>
<http://www.wikidata.org/entity/Q11389012>	"入舸村"@ja	<http://www.wikidata.org/entity/Q18663566>	"日本の廃止市区町村"@ja	<http://www.wikidata.org/entity/P1366>	"後継"@ja	<https://ja.wikipedia.org/wiki/%E5%85%A5%E8%88%B8%E6%9D%91>
<http://www.wikidata.org/entity/Q11403426>	"北海道道568号"@ja	<http://www.wikidata.org/entity/Q34442>	"道路"@ja	<http://www.wikidata.org/entity/P609>	"起終点"@ja	<https://ja.wikipedia.org/wiki/%E5%8C%97%E6%B5%B7%E9%81%93%E9%81%93568%E5%8F%B7%E8%88%B9%E6%BE%97%E7%BE%8E%E5%9B%BD%E6%B8%AF%E7%B7%9A>
<http://www.wikidata.org/entity/Q11403426>	"北海道道568号"@ja	<http://www.wikidata.org/entity/Q34442>	"道路"@ja	<http://www.wikidata.org/entity/P131>	"位置する行政区画"@ja	<https://ja.wikipedia.org/wiki/%E5%8C%97%E6%B5%B7%E9%81%93%E9%81%93568%E5%8F%B7%E8%88%B9%E6%BE%97%E7%BE%8E%E5%9B%BD%E6%B8%AF%E7%B7%9A>
<http://www.wikidata.org/entity/Q11403629>	"北海道道913号"@ja	<http://www.wikidata.org/entity/Q34442>	"道路"@ja	<http://www.wikidata.org/entity/P609>	"起終点"@ja	<https://ja.wikipedia.org/wiki/%E5%8C%97%E6%B5%B7%E9%81%93%E9%81%93913%E5%8F%B7%E9%87%8E%E5%A1%9A%E5%A9%A6%E7%BE%8E%E7%B7%9A>
<http://www.wikidata.org/entity/Q11403629>	"北海道道913号"@ja	<http://www.wikidata.org/entity/Q34442>	"道路"@ja	<http://www.wikidata.org/entity/P131>	"位置する行政区画"@ja	<https://ja.wikipedia.org/wiki/%E5%8C%97%E6%B5%B7%E9%81%93%E9%81%93913%E5%8F%B7%E9%87%8E%E5%A1%9A%E5%A9%A6%E7%BE%8E%E7%B7%9A>
<http://www.wikidata.org/entity/Q11608889>	"美国町"@ja	<http://www.wikidata.org/entity/Q18663566>	"日本の廃止市区町村"@ja	<http://www.wikidata.org/entity/P3842>	"位置する現在の行政区画"@ja	<https://ja.wikipedia.org/wiki/%E7%BE%8E%E5%9B%BD%E7%94%BA>
<http://www.wikidata.org/entity/Q11608889>	"美国町"@ja	<http://www.wikidata.org/entity/Q18663566>	"日本の廃止市区町村"@ja	<http://www.wikidata.org/entity/P1366>	"後継"@ja	<https://ja.wikipedia.org/wiki/%E7%BE%8E%E5%9B%BD%E7%94%BA>
<http://www.wikidata.org/entity/Q85882800>	"神威神社"@ja	<http://www.wikidata.org/entity/Q845945>	"神社"@ja	<http://www.wikidata.org/entity/P131>	"位置する行政区画"@ja	<https://ja.wikipedia.org/wiki/%E7%A5%9E%E5%A8%81%E7%A5%9E%E7%A4%BE>
<http://www.wikidata.org/entity/Q2624434>	"シーサイド (オレゴン州)"@ja	<http://www.wikidata.org/entity/Q63440326>	"オレゴン州の市"@ja	<http://www.wikidata.org/entity/P190>	"姉妹都市"@ja	
<http://www.wikidata.org/entity/Q56436009>	"積丹町長"@ja	<http://www.wikidata.org/entity/Q4164871>	"職位"@ja	<http://www.wikidata.org/entity/P1001>	"管轄・適用区域"@ja	
