?s	?sLabel	?type	?typeLabel	?prop	?propLabel	?jwiki
<http://www.wikidata.org/entity/Q1354347>	"共和町"@ja	<http://www.wikidata.org/entity/Q1059478>	"日本の町"@ja	<http://www.wikidata.org/entity/P47>	"隣の国又は行政区画"@ja	<https://ja.wikipedia.org/wiki/%E5%85%B1%E5%92%8C%E7%94%BA>
<http://www.wikidata.org/entity/Q1354513>	"赤井川村"@ja	<http://www.wikidata.org/entity/Q4174776>	"日本の村"@ja	<http://www.wikidata.org/entity/P47>	"隣の国又は行政区画"@ja	<https://ja.wikipedia.org/wiki/%E8%B5%A4%E4%BA%95%E5%B7%9D%E6%9D%91>
<http://www.wikidata.org/entity/Q9562128>	"Category:仁木町"@ja	<http://www.wikidata.org/entity/Q4167836>	"ウィキメディアのカテゴリ"@ja	<http://www.wikidata.org/entity/P301>	"カテゴリの中心主題"@ja	<https://ja.wikipedia.org/wiki/Category:%E4%BB%81%E6%9C%A8%E7%94%BA>
<http://www.wikidata.org/entity/Q11402564>	"北海道仁木商業高等学校"@ja	<http://www.wikidata.org/entity/Q56351315>	"日本の高等学校"@ja	<http://www.wikidata.org/entity/P131>	"位置する行政区画"@ja	<https://ja.wikipedia.org/wiki/%E5%8C%97%E6%B5%B7%E9%81%93%E4%BB%81%E6%9C%A8%E5%95%86%E6%A5%AD%E9%AB%98%E7%AD%89%E5%AD%A6%E6%A0%A1>
<http://www.wikidata.org/entity/Q11403043>	"北海道芸術高等学校"@ja	<http://www.wikidata.org/entity/Q56351315>	"日本の高等学校"@ja	<http://www.wikidata.org/entity/P131>	"位置する行政区画"@ja	<https://ja.wikipedia.org/wiki/%E5%8C%97%E6%B5%B7%E9%81%93%E8%8A%B8%E8%A1%93%E9%AB%98%E7%AD%89%E5%AD%A6%E6%A0%A1>
<http://www.wikidata.org/entity/Q11403091>	"北海道道1022号"@ja	<http://www.wikidata.org/entity/Q34442>	"道路"@ja	<http://www.wikidata.org/entity/P609>	"起終点"@ja	<https://ja.wikipedia.org/wiki/%E5%8C%97%E6%B5%B7%E9%81%93%E9%81%931022%E5%8F%B7%E4%BB%81%E6%9C%A8%E8%B5%A4%E4%BA%95%E5%B7%9D%E7%B7%9A>
<http://www.wikidata.org/entity/Q11403352>	"北海道道455号"@ja	<http://www.wikidata.org/entity/Q34442>	"道路"@ja	<http://www.wikidata.org/entity/P609>	"起終点"@ja	<https://ja.wikipedia.org/wiki/%E5%8C%97%E6%B5%B7%E9%81%93%E9%81%93455%E5%8F%B7%E4%BB%81%E6%9C%A8%E5%81%9C%E8%BB%8A%E5%A0%B4%E7%B7%9A>
<http://www.wikidata.org/entity/Q11403352>	"北海道道455号"@ja	<http://www.wikidata.org/entity/Q34442>	"道路"@ja	<http://www.wikidata.org/entity/P131>	"位置する行政区画"@ja	<https://ja.wikipedia.org/wiki/%E5%8C%97%E6%B5%B7%E9%81%93%E9%81%93455%E5%8F%B7%E4%BB%81%E6%9C%A8%E5%81%9C%E8%BB%8A%E5%A0%B4%E7%B7%9A>
<http://www.wikidata.org/entity/Q11403556>	"北海道道755号"@ja	<http://www.wikidata.org/entity/Q34442>	"道路"@ja	<http://www.wikidata.org/entity/P609>	"起終点"@ja	<https://ja.wikipedia.org/wiki/%E5%8C%97%E6%B5%B7%E9%81%93%E9%81%93755%E5%8F%B7%E7%84%B6%E5%88%A5%E4%BD%99%E5%B8%82%E7%B7%9A>
<http://www.wikidata.org/entity/Q22120752>	"山道駅"@ja	<http://www.wikidata.org/entity/Q4663385>	"かつての鉄道駅"@ja	<http://www.wikidata.org/entity/P131>	"位置する行政区画"@ja	<https://ja.wikipedia.org/wiki/%E5%B1%B1%E9%81%93%E9%A7%85>
<http://www.wikidata.org/entity/Q59579919>	"後志自動車道"@ja	<http://www.wikidata.org/entity/Q46622>	"高速道路"@ja	<http://www.wikidata.org/entity/P131>	"位置する行政区画"@ja	<https://ja.wikipedia.org/wiki/%E5%BE%8C%E5%BF%97%E8%87%AA%E5%8B%95%E8%BB%8A%E9%81%93>
<http://www.wikidata.org/entity/Q418715>	"東輝"@ja	<http://www.wikidata.org/entity/Q5>	"ヒト"@ja	<http://www.wikidata.org/entity/P19>	"出生地"@ja	<https://ja.wikipedia.org/wiki/%E6%9D%B1%E8%BC%9D>
<http://www.wikidata.org/entity/Q524318>	"古平町"@ja	<http://www.wikidata.org/entity/Q1059478>	"日本の町"@ja	<http://www.wikidata.org/entity/P47>	"隣の国又は行政区画"@ja	<https://ja.wikipedia.org/wiki/%E5%8F%A4%E5%B9%B3%E7%94%BA>
<http://www.wikidata.org/entity/Q861440>	"然別駅"@ja	<http://www.wikidata.org/entity/Q55488>	"鉄道駅"@ja	<http://www.wikidata.org/entity/P131>	"位置する行政区画"@ja	<https://ja.wikipedia.org/wiki/%E7%84%B6%E5%88%A5%E9%A7%85>
<http://www.wikidata.org/entity/Q861460>	"仁木駅"@ja	<http://www.wikidata.org/entity/Q22808404>	"地上駅"@ja	<http://www.wikidata.org/entity/P131>	"位置する行政区画"@ja	<https://ja.wikipedia.org/wiki/%E4%BB%81%E6%9C%A8%E9%A7%85>
<http://www.wikidata.org/entity/Q861460>	"仁木駅"@ja	<http://www.wikidata.org/entity/Q55488>	"鉄道駅"@ja	<http://www.wikidata.org/entity/P131>	"位置する行政区画"@ja	<https://ja.wikipedia.org/wiki/%E4%BB%81%E6%9C%A8%E9%A7%85>
<http://www.wikidata.org/entity/Q861896>	"銀山駅"@ja	<http://www.wikidata.org/entity/Q55488>	"鉄道駅"@ja	<http://www.wikidata.org/entity/P131>	"位置する行政区画"@ja	<https://ja.wikipedia.org/wiki/%E9%8A%80%E5%B1%B1%E9%A7%85>
<http://www.wikidata.org/entity/Q1185927>	"余市郡"@ja	<http://www.wikidata.org/entity/Q1122846>	"郡"@ja	<http://www.wikidata.org/entity/P150>	"直下の行政区画"@ja	<https://ja.wikipedia.org/wiki/%E4%BD%99%E5%B8%82%E9%83%A1>
<http://www.wikidata.org/entity/Q1204596>	"倶知安町"@ja	<http://www.wikidata.org/entity/Q1059478>	"日本の町"@ja	<http://www.wikidata.org/entity/P47>	"隣の国又は行政区画"@ja	<https://ja.wikipedia.org/wiki/%E5%80%B6%E7%9F%A5%E5%AE%89%E7%94%BA>
<http://www.wikidata.org/entity/Q1348748>	"余市町"@ja	<http://www.wikidata.org/entity/Q1059478>	"日本の町"@ja	<http://www.wikidata.org/entity/P47>	"隣の国又は行政区画"@ja	<https://ja.wikipedia.org/wiki/%E4%BD%99%E5%B8%82%E7%94%BA>
<http://www.wikidata.org/entity/Q56436012>	"仁木町長"@ja	<http://www.wikidata.org/entity/Q4164871>	"職位"@ja	<http://www.wikidata.org/entity/P1001>	"管轄・適用区域"@ja	
<http://www.wikidata.org/entity/Q115156740>	"仁木町立仁木小学校"@ja	<http://www.wikidata.org/entity/Q5358913>	"日本の小学校"@ja	<http://www.wikidata.org/entity/P131>	"位置する行政区画"@ja	
