?s	?sLabel	?type	?typeLabel	?prop	?propLabel	?jwiki
<http://www.wikidata.org/entity/Q11496835>	"扇島"@ja	<http://www.wikidata.org/entity/Q65948724>	"町字"@ja	<http://www.wikidata.org/entity/P131>	"位置する行政区画"@ja	<https://ja.wikipedia.org/wiki/%E6%89%87%E5%B3%B6>
<http://www.wikidata.org/entity/Q11496835>	"扇島"@ja	<http://www.wikidata.org/entity/Q13691>	"人工島"@ja	<http://www.wikidata.org/entity/P131>	"位置する行政区画"@ja	<https://ja.wikipedia.org/wiki/%E6%89%87%E5%B3%B6>
<http://www.wikidata.org/entity/Q11537613>	"桑野みゆき"@ja	<http://www.wikidata.org/entity/Q5>	"ヒト"@ja	<http://www.wikidata.org/entity/P19>	"出生地"@ja	<https://ja.wikipedia.org/wiki/%E6%A1%91%E9%87%8E%E3%81%BF%E3%82%86%E3%81%8D>
<http://www.wikidata.org/entity/Q11542858>	"横浜スカイウォーク"@ja	<http://www.wikidata.org/entity/Q11546751>	"歩行者専用道路"@ja	<http://www.wikidata.org/entity/P131>	"位置する行政区画"@ja	<https://ja.wikipedia.org/wiki/%E6%A8%AA%E6%B5%9C%E3%82%B9%E3%82%AB%E3%82%A4%E3%82%A6%E3%82%A9%E3%83%BC%E3%82%AF>
<http://www.wikidata.org/entity/Q11542858>	"横浜スカイウォーク"@ja	<http://www.wikidata.org/entity/Q177305>	"展望台"@ja	<http://www.wikidata.org/entity/P131>	"位置する行政区画"@ja	<https://ja.wikipedia.org/wiki/%E6%A8%AA%E6%B5%9C%E3%82%B9%E3%82%AB%E3%82%A4%E3%82%A6%E3%82%A9%E3%83%BC%E3%82%AF>
<http://www.wikidata.org/entity/Q11543044>	"横浜市立上の宮中学校"@ja	<http://www.wikidata.org/entity/Q55521176>	"日本の中学校"@ja	<http://www.wikidata.org/entity/P131>	"位置する行政区画"@ja	<https://ja.wikipedia.org/wiki/%E6%A8%AA%E6%B5%9C%E5%B8%82%E7%AB%8B%E4%B8%8A%E3%81%AE%E5%AE%AE%E4%B8%AD%E5%AD%A6%E6%A0%A1>
<http://www.wikidata.org/entity/Q11543060>	"横浜市立入船小学校"@ja	<http://www.wikidata.org/entity/Q5358913>	"日本の小学校"@ja	<http://www.wikidata.org/entity/P131>	"位置する行政区画"@ja	<https://ja.wikipedia.org/wiki/%E6%A8%AA%E6%B5%9C%E5%B8%82%E7%AB%8B%E5%85%A5%E8%88%B9%E5%B0%8F%E5%AD%A6%E6%A0%A1>
<http://www.wikidata.org/entity/Q11543084>	"横浜市立寺尾中学校"@ja	<http://www.wikidata.org/entity/Q55521176>	"日本の中学校"@ja	<http://www.wikidata.org/entity/P131>	"位置する行政区画"@ja	<https://ja.wikipedia.org/wiki/%E6%A8%AA%E6%B5%9C%E5%B8%82%E7%AB%8B%E5%AF%BA%E5%B0%BE%E4%B8%AD%E5%AD%A6%E6%A0%A1>
<http://www.wikidata.org/entity/Q11543094>	"横浜市立市場中学校"@ja	<http://www.wikidata.org/entity/Q55521176>	"日本の中学校"@ja	<http://www.wikidata.org/entity/P131>	"位置する行政区画"@ja	<https://ja.wikipedia.org/wiki/%E6%A8%AA%E6%B5%9C%E5%B8%82%E7%AB%8B%E5%B8%82%E5%A0%B4%E4%B8%AD%E5%AD%A6%E6%A0%A1>
<http://www.wikidata.org/entity/Q11543115>	"横浜市立東高等学校"@ja	<http://www.wikidata.org/entity/Q56351315>	"日本の高等学校"@ja	<http://www.wikidata.org/entity/P131>	"位置する行政区画"@ja	<https://ja.wikipedia.org/wiki/%E6%A8%AA%E6%B5%9C%E5%B8%82%E7%AB%8B%E6%9D%B1%E9%AB%98%E7%AD%89%E5%AD%A6%E6%A0%A1>
<http://www.wikidata.org/entity/Q11543133>	"横浜市立潮田小学校"@ja	<http://www.wikidata.org/entity/Q5358913>	"日本の小学校"@ja	<http://www.wikidata.org/entity/P131>	"位置する行政区画"@ja	<https://ja.wikipedia.org/wiki/%E6%A8%AA%E6%B5%9C%E5%B8%82%E7%AB%8B%E6%BD%AE%E7%94%B0%E5%B0%8F%E5%AD%A6%E6%A0%A1>
<http://www.wikidata.org/entity/Q11544229>	"橘学苑中学校・高等学校"@ja	<http://www.wikidata.org/entity/Q21655594>	"日本の中高一貫校"@ja	<http://www.wikidata.org/entity/P131>	"位置する行政区画"@ja	<https://ja.wikipedia.org/wiki/%E6%A9%98%E5%AD%A6%E8%8B%91%E4%B8%AD%E5%AD%A6%E6%A0%A1%E3%83%BB%E9%AB%98%E7%AD%89%E5%AD%A6%E6%A0%A1>
<http://www.wikidata.org/entity/Q11550064>	"永川英植"@ja	<http://www.wikidata.org/entity/Q5>	"ヒト"@ja	<http://www.wikidata.org/entity/P19>	"出生地"@ja	<https://ja.wikipedia.org/wiki/%E6%B0%B8%E5%B7%9D%E8%8B%B1%E6%A4%8D>
<http://www.wikidata.org/entity/Q11555179>	"法政大学国際高等学校"@ja	<http://www.wikidata.org/entity/Q56351315>	"日本の高等学校"@ja	<http://www.wikidata.org/entity/P131>	"位置する行政区画"@ja	<https://ja.wikipedia.org/wiki/%E6%B3%95%E6%94%BF%E5%A4%A7%E5%AD%A6%E5%9B%BD%E9%9A%9B%E9%AB%98%E7%AD%89%E5%AD%A6%E6%A0%A1>
<http://www.wikidata.org/entity/Q11557630>	"浜安善駅"@ja	<http://www.wikidata.org/entity/Q4663385>	"かつての鉄道駅"@ja	<http://www.wikidata.org/entity/P131>	"位置する行政区画"@ja	<https://ja.wikipedia.org/wiki/%E6%B5%9C%E5%AE%89%E5%96%84%E9%A7%85>
<http://www.wikidata.org/entity/Q11557630>	"浜安善駅"@ja	<http://www.wikidata.org/entity/Q55493>	"貨物駅"@ja	<http://www.wikidata.org/entity/P131>	"位置する行政区画"@ja	<https://ja.wikipedia.org/wiki/%E6%B5%9C%E5%AE%89%E5%96%84%E9%A7%85>
<http://www.wikidata.org/entity/Q11571904>	"猪木快守"@ja	<http://www.wikidata.org/entity/Q5>	"ヒト"@ja	<http://www.wikidata.org/entity/P19>	"出生地"@ja	<https://ja.wikipedia.org/wiki/%E7%8C%AA%E6%9C%A8%E5%BF%AB%E5%AE%88>
<http://www.wikidata.org/entity/Q11574951>	"生麦"@ja	<http://www.wikidata.org/entity/Q5327369>	"町丁"@ja	<http://www.wikidata.org/entity/P131>	"位置する行政区画"@ja	<https://ja.wikipedia.org/wiki/%E7%94%9F%E9%BA%A6>
<http://www.wikidata.org/entity/Q11574953>	"生麦ジャンクション"@ja	<http://www.wikidata.org/entity/Q1788454>	"ジャンクション"@ja	<http://www.wikidata.org/entity/P131>	"位置する行政区画"@ja	<https://ja.wikipedia.org/wiki/%E7%94%9F%E9%BA%A6%E3%82%B8%E3%83%A3%E3%83%B3%E3%82%AF%E3%82%B7%E3%83%A7%E3%83%B3>
<http://www.wikidata.org/entity/Q11580623>	"白鵬女子高等学校"@ja	<http://www.wikidata.org/entity/Q56351315>	"日本の高等学校"@ja	<http://www.wikidata.org/entity/P131>	"位置する行政区画"@ja	<https://ja.wikipedia.org/wiki/%E7%99%BD%E9%B5%AC%E5%A5%B3%E5%AD%90%E9%AB%98%E7%AD%89%E5%AD%A6%E6%A0%A1>
<http://www.wikidata.org/entity/Q11583998>	"矢向"@ja	<http://www.wikidata.org/entity/Q5327369>	"町丁"@ja	<http://www.wikidata.org/entity/P131>	"位置する行政区画"@ja	<https://ja.wikipedia.org/wiki/%E7%9F%A2%E5%90%91>
<http://www.wikidata.org/entity/Q11589004>	"神奈川県立三ツ池公園"@ja	<http://www.wikidata.org/entity/Q22746>	"都市公園"@ja	<http://www.wikidata.org/entity/P131>	"位置する行政区画"@ja	<https://ja.wikipedia.org/wiki/%E7%A5%9E%E5%A5%88%E5%B7%9D%E7%9C%8C%E7%AB%8B%E4%B8%89%E3%83%84%E6%B1%A0%E5%85%AC%E5%9C%92>
<http://www.wikidata.org/entity/Q11589202>	"神奈川県立鶴見高等学校"@ja	<http://www.wikidata.org/entity/Q56351315>	"日本の高等学校"@ja	<http://www.wikidata.org/entity/P131>	"位置する行政区画"@ja	<https://ja.wikipedia.org/wiki/%E7%A5%9E%E5%A5%88%E5%B7%9D%E7%9C%8C%E7%AB%8B%E9%B6%B4%E8%A6%8B%E9%AB%98%E7%AD%89%E5%AD%A6%E6%A0%A1>
<http://www.wikidata.org/entity/Q11589200>	"神奈川県立鶴見総合高等学校"@ja	<http://www.wikidata.org/entity/Q56351315>	"日本の高等学校"@ja	<http://www.wikidata.org/entity/P131>	"位置する行政区画"@ja	<https://ja.wikipedia.org/wiki/%E7%A5%9E%E5%A5%88%E5%B7%9D%E7%9C%8C%E7%AB%8B%E9%B6%B4%E8%A6%8B%E7%B7%8F%E5%90%88%E9%AB%98%E7%AD%89%E5%AD%A6%E6%A0%A1>
<http://www.wikidata.org/entity/Q11589201>	"神奈川県立鶴見養護学校"@ja	<http://www.wikidata.org/entity/Q43271061>	"特別支援学校"@ja	<http://www.wikidata.org/entity/P131>	"位置する行政区画"@ja	<https://ja.wikipedia.org/wiki/%E7%A5%9E%E5%A5%88%E5%B7%9D%E7%9C%8C%E7%AB%8B%E9%B6%B4%E8%A6%8B%E9%A4%8A%E8%AD%B7%E5%AD%A6%E6%A0%A1>
<http://www.wikidata.org/entity/Q11596500>	"稲垣正夫"@ja	<http://www.wikidata.org/entity/Q5>	"ヒト"@ja	<http://www.wikidata.org/entity/P19>	"出生地"@ja	<https://ja.wikipedia.org/wiki/%E7%A8%B2%E5%9E%A3%E6%AD%A3%E5%A4%AB>
<http://www.wikidata.org/entity/Q11607890>	"緒形幹太"@ja	<http://www.wikidata.org/entity/Q5>	"ヒト"@ja	<http://www.wikidata.org/entity/P19>	"出生地"@ja	<https://ja.wikipedia.org/wiki/%E7%B7%92%E5%BD%A2%E5%B9%B9%E5%A4%AA>
<http://www.wikidata.org/entity/Q11610908>	"聖ヨゼフ学園中学校・高等学校"@ja	<http://www.wikidata.org/entity/Q21655594>	"日本の中高一貫校"@ja	<http://www.wikidata.org/entity/P131>	"位置する行政区画"@ja	<https://ja.wikipedia.org/wiki/%E8%81%96%E3%83%A8%E3%82%BC%E3%83%95%E5%AD%A6%E5%9C%92%E4%B8%AD%E5%AD%A6%E6%A0%A1%E3%83%BB%E9%AB%98%E7%AD%89%E5%AD%A6%E6%A0%A1>
<http://www.wikidata.org/entity/Q11618154>	"草柳大蔵"@ja	<http://www.wikidata.org/entity/Q5>	"ヒト"@ja	<http://www.wikidata.org/entity/P19>	"出生地"@ja	<https://ja.wikipedia.org/wiki/%E8%8D%89%E6%9F%B3%E5%A4%A7%E8%94%B5>
<http://www.wikidata.org/entity/Q11661811>	"青木秀夫"@ja	<http://www.wikidata.org/entity/Q5>	"ヒト"@ja	<http://www.wikidata.org/entity/P19>	"出生地"@ja	<https://ja.wikipedia.org/wiki/%E9%9D%92%E6%9C%A8%E7%A7%80%E5%A4%AB_(%E9%87%8E%E7%90%83)>
<http://www.wikidata.org/entity/Q11676147>	"鶴見大学附属中学校・高等学校"@ja	<http://www.wikidata.org/entity/Q21655594>	"日本の中高一貫校"@ja	<http://www.wikidata.org/entity/P131>	"位置する行政区画"@ja	<https://ja.wikipedia.org/wiki/%E9%B6%B4%E8%A6%8B%E5%A4%A7%E5%AD%A6%E9%99%84%E5%B1%9E%E4%B8%AD%E5%AD%A6%E6%A0%A1%E3%83%BB%E9%AB%98%E7%AD%89%E5%AD%A6%E6%A0%A1>
<http://www.wikidata.org/entity/Q11676163>	"鶴見神社"@ja	<http://www.wikidata.org/entity/Q845945>	"神社"@ja	<http://www.wikidata.org/entity/P131>	"位置する行政区画"@ja	<https://ja.wikipedia.org/wiki/%E9%B6%B4%E8%A6%8B%E7%A5%9E%E7%A4%BE_(%E6%A8%AA%E6%B5%9C%E5%B8%82)>
<http://www.wikidata.org/entity/Q16264623>	"遠藤三紀夫"@ja	<http://www.wikidata.org/entity/Q5>	"ヒト"@ja	<http://www.wikidata.org/entity/P19>	"出生地"@ja	<https://ja.wikipedia.org/wiki/%E9%81%A0%E8%97%A4%E4%B8%89%E7%B4%80%E5%A4%AB>
<http://www.wikidata.org/entity/Q17221185>	"聖ヨゼフ学園小学校"@ja	<http://www.wikidata.org/entity/Q5358913>	"日本の小学校"@ja	<http://www.wikidata.org/entity/P131>	"位置する行政区画"@ja	<https://ja.wikipedia.org/wiki/%E8%81%96%E3%83%A8%E3%82%BC%E3%83%95%E5%AD%A6%E5%9C%92%E5%B0%8F%E5%AD%A6%E6%A0%A1>
<http://www.wikidata.org/entity/Q17224633>	"大聖寺"@ja	<http://www.wikidata.org/entity/Q5393308>	"仏教寺院"@ja	<http://www.wikidata.org/entity/P131>	"位置する行政区画"@ja	<https://ja.wikipedia.org/wiki/%E5%A4%A7%E8%81%96%E5%AF%BA_(%E6%A8%AA%E6%B5%9C%E5%B8%82)>
<http://www.wikidata.org/entity/Q20039989>	"古川幸卯子"@ja	<http://www.wikidata.org/entity/Q5>	"ヒト"@ja	<http://www.wikidata.org/entity/P19>	"出生地"@ja	<https://ja.wikipedia.org/wiki/%E5%8F%A4%E5%B7%9D%E5%B9%B8%E5%8D%AF%E5%AD%90>
<http://www.wikidata.org/entity/Q24525622>	"AFCクレーンズ"@ja	<http://www.wikidata.org/entity/Q17156793>	"アメリカンフットボール・チーム"@ja	<http://www.wikidata.org/entity/P276>	"場所"@ja	<https://ja.wikipedia.org/wiki/AFC%E3%82%AF%E3%83%AC%E3%83%BC%E3%83%B3%E3%82%BA>
<http://www.wikidata.org/entity/Q24525622>	"AFCクレーンズ"@ja	<http://www.wikidata.org/entity/Q4438121>	"スポーツ組織"@ja	<http://www.wikidata.org/entity/P276>	"場所"@ja	<https://ja.wikipedia.org/wiki/AFC%E3%82%AF%E3%83%AC%E3%83%BC%E3%83%B3%E3%82%BA>
<http://www.wikidata.org/entity/Q26883463>	"第一吉田丸"@ja	<http://www.wikidata.org/entity/Q2055880>	"旅客船"@ja	<http://www.wikidata.org/entity/P1071>	"制作地"@ja	<https://ja.wikipedia.org/wiki/%E7%AC%AC%E4%B8%80%E5%90%89%E7%94%B0%E4%B8%B8>
<http://www.wikidata.org/entity/Q26883463>	"第一吉田丸"@ja	<http://www.wikidata.org/entity/Q105999>	"貨物船"@ja	<http://www.wikidata.org/entity/P1071>	"制作地"@ja	<https://ja.wikipedia.org/wiki/%E7%AC%AC%E4%B8%80%E5%90%89%E7%94%B0%E4%B8%B8>
<http://www.wikidata.org/entity/Q27219188>	"Category:横浜市鶴見区の建築物"@ja	<http://www.wikidata.org/entity/Q4167836>	"ウィキメディアのカテゴリ"@ja	<http://www.wikidata.org/entity/P971>	"以下の組み合わせカテゴリ"@ja	<https://ja.wikipedia.org/wiki/Category:%E6%A8%AA%E6%B5%9C%E5%B8%82%E9%B6%B4%E8%A6%8B%E5%8C%BA%E3%81%AE%E5%BB%BA%E7%AF%89%E7%89%A9>
<http://www.wikidata.org/entity/Q28688757>	"寿徳寺"@ja	<http://www.wikidata.org/entity/Q5393308>	"仏教寺院"@ja	<http://www.wikidata.org/entity/P131>	"位置する行政区画"@ja	<https://ja.wikipedia.org/wiki/%E5%AF%BF%E5%BE%B3%E5%AF%BA_(%E6%A8%AA%E6%B5%9C%E5%B8%82)>
<http://www.wikidata.org/entity/Q30924831>	"鶴見"@ja	<http://www.wikidata.org/entity/Q5327369>	"町丁"@ja	<http://www.wikidata.org/entity/P131>	"位置する行政区画"@ja	<https://ja.wikipedia.org/wiki/%E9%B6%B4%E8%A6%8B_(%E6%A8%AA%E6%B5%9C%E5%B8%82)>
<http://www.wikidata.org/entity/Q30924832>	"鶴見中央"@ja	<http://www.wikidata.org/entity/Q5327369>	"町丁"@ja	<http://www.wikidata.org/entity/P131>	"位置する行政区画"@ja	<https://ja.wikipedia.org/wiki/%E9%B6%B4%E8%A6%8B%E4%B8%AD%E5%A4%AE>
<http://www.wikidata.org/entity/Q30927691>	"横浜市立豊岡小学校"@ja	<http://www.wikidata.org/entity/Q5358913>	"日本の小学校"@ja	<http://www.wikidata.org/entity/P131>	"位置する行政区画"@ja	<https://ja.wikipedia.org/wiki/%E6%A8%AA%E6%B5%9C%E5%B8%82%E7%AB%8B%E8%B1%8A%E5%B2%A1%E5%B0%8F%E5%AD%A6%E6%A0%A1>
<http://www.wikidata.org/entity/Q30932882>	"大黒町"@ja	<http://www.wikidata.org/entity/Q5327369>	"町丁"@ja	<http://www.wikidata.org/entity/P131>	"位置する行政区画"@ja	<https://ja.wikipedia.org/wiki/%E5%A4%A7%E9%BB%92%E7%94%BA_(%E6%A8%AA%E6%B5%9C%E5%B8%82)>
<http://www.wikidata.org/entity/Q30932888>	"末広町"@ja	<http://www.wikidata.org/entity/Q5327369>	"町丁"@ja	<http://www.wikidata.org/entity/P131>	"位置する行政区画"@ja	<https://ja.wikipedia.org/wiki/%E6%9C%AB%E5%BA%83%E7%94%BA_(%E6%A8%AA%E6%B5%9C%E5%B8%82%E9%B6%B4%E8%A6%8B%E5%8C%BA)>
<http://www.wikidata.org/entity/Q30935953>	"下末吉"@ja	<http://www.wikidata.org/entity/Q5327369>	"町丁"@ja	<http://www.wikidata.org/entity/P131>	"位置する行政区画"@ja	<https://ja.wikipedia.org/wiki/%E4%B8%8B%E6%9C%AB%E5%90%89>
<http://www.wikidata.org/entity/Q48755359>	"岸谷生麦出入口"@ja	<http://www.wikidata.org/entity/Q2376564>	"インターチェンジ"@ja	<http://www.wikidata.org/entity/P131>	"位置する行政区画"@ja	<https://ja.wikipedia.org/wiki/%E5%B2%B8%E8%B0%B7%E7%94%9F%E9%BA%A6%E5%87%BA%E5%85%A5%E5%8F%A3>
<http://www.wikidata.org/entity/Q48763743>	"梶山"@ja	<http://www.wikidata.org/entity/Q5327369>	"町丁"@ja	<http://www.wikidata.org/entity/P131>	"位置する行政区画"@ja	<https://ja.wikipedia.org/wiki/%E6%A2%B6%E5%B1%B1_(%E6%A8%AA%E6%B5%9C%E5%B8%82)>
<http://www.wikidata.org/entity/Q48763747>	"上末吉"@ja	<http://www.wikidata.org/entity/Q5327369>	"町丁"@ja	<http://www.wikidata.org/entity/P131>	"位置する行政区画"@ja	<https://ja.wikipedia.org/wiki/%E4%B8%8A%E6%9C%AB%E5%90%89>
<http://www.wikidata.org/entity/Q48763752>	"北寺尾"@ja	<http://www.wikidata.org/entity/Q5327369>	"町丁"@ja	<http://www.wikidata.org/entity/P131>	"位置する行政区画"@ja	<https://ja.wikipedia.org/wiki/%E5%8C%97%E5%AF%BA%E5%B0%BE_(%E6%A8%AA%E6%B5%9C%E5%B8%82)>
<http://www.wikidata.org/entity/Q55200569>	"内外輸送"@ja	<http://www.wikidata.org/entity/Q6881511>	"事業者"@ja	<http://www.wikidata.org/entity/P159>	"本部所在地"@ja	<https://ja.wikipedia.org/wiki/%E5%86%85%E5%A4%96%E8%BC%B8%E9%80%81>
<http://www.wikidata.org/entity/Q55200569>	"内外輸送"@ja	<http://www.wikidata.org/entity/Q4830453>	"企業"@ja	<http://www.wikidata.org/entity/P159>	"本部所在地"@ja	<https://ja.wikipedia.org/wiki/%E5%86%85%E5%A4%96%E8%BC%B8%E9%80%81>
<http://www.wikidata.org/entity/Q60264355>	"潮鶴橋"@ja	<http://www.wikidata.org/entity/Q12280>	"橋"@ja	<http://www.wikidata.org/entity/P131>	"位置する行政区画"@ja	<https://ja.wikipedia.org/wiki/%E6%BD%AE%E9%B6%B4%E6%A9%8B>
<http://www.wikidata.org/entity/Q60613698>	"桑田昭三"@ja	<http://www.wikidata.org/entity/Q5>	"ヒト"@ja	<http://www.wikidata.org/entity/P20>	"死没地"@ja	<https://ja.wikipedia.org/wiki/%E6%A1%91%E7%94%B0%E6%98%AD%E4%B8%89>
<http://www.wikidata.org/entity/Q60997245>	"仲通"@ja	<http://www.wikidata.org/entity/Q5327369>	"町丁"@ja	<http://www.wikidata.org/entity/P131>	"位置する行政区画"@ja	<https://ja.wikipedia.org/wiki/%E4%BB%B2%E9%80%9A_(%E6%A8%AA%E6%B5%9C%E5%B8%82)>
<http://www.wikidata.org/entity/Q65271869>	"横浜市立寛政中学校"@ja	<http://www.wikidata.org/entity/Q55521176>	"日本の中学校"@ja	<http://www.wikidata.org/entity/P131>	"位置する行政区画"@ja	<https://ja.wikipedia.org/wiki/%E6%A8%AA%E6%B5%9C%E5%B8%82%E7%AB%8B%E5%AF%9B%E6%94%BF%E4%B8%AD%E5%AD%A6%E6%A0%A1>
<http://www.wikidata.org/entity/Q65271878>	"横浜市立鶴見中学校"@ja	<http://www.wikidata.org/entity/Q55521176>	"日本の中学校"@ja	<http://www.wikidata.org/entity/P131>	"位置する行政区画"@ja	<https://ja.wikipedia.org/wiki/%E6%A8%AA%E6%B5%9C%E5%B8%82%E7%AB%8B%E9%B6%B4%E8%A6%8B%E4%B8%AD%E5%AD%A6%E6%A0%A1>
<http://www.wikidata.org/entity/Q83209477>	"横浜市立矢向中学校"@ja	<http://www.wikidata.org/entity/Q55521176>	"日本の中学校"@ja	<http://www.wikidata.org/entity/P131>	"位置する行政区画"@ja	<https://ja.wikipedia.org/wiki/%E6%A8%AA%E6%B5%9C%E5%B8%82%E7%AB%8B%E7%9F%A2%E5%90%91%E4%B8%AD%E5%AD%A6%E6%A0%A1>
<http://www.wikidata.org/entity/Q85884583>	"馬場出入口"@ja	<http://www.wikidata.org/entity/Q2376564>	"インターチェンジ"@ja	<http://www.wikidata.org/entity/P131>	"位置する行政区画"@ja	<https://ja.wikipedia.org/wiki/%E9%A6%AC%E5%A0%B4%E5%87%BA%E5%85%A5%E5%8F%A3>
<http://www.wikidata.org/entity/Q87263690>	"横浜市立市場小学校"@ja	<http://www.wikidata.org/entity/Q5358913>	"日本の小学校"@ja	<http://www.wikidata.org/entity/P131>	"位置する行政区画"@ja	<https://ja.wikipedia.org/wiki/%E6%A8%AA%E6%B5%9C%E5%B8%82%E7%AB%8B%E5%B8%82%E5%A0%B4%E5%B0%8F%E5%AD%A6%E6%A0%A1>
<http://www.wikidata.org/entity/Q87263695>	"横浜市立旭小学校"@ja	<http://www.wikidata.org/entity/Q5358913>	"日本の小学校"@ja	<http://www.wikidata.org/entity/P131>	"位置する行政区画"@ja	<https://ja.wikipedia.org/wiki/%E6%A8%AA%E6%B5%9C%E5%B8%82%E7%AB%8B%E6%97%AD%E5%B0%8F%E5%AD%A6%E6%A0%A1>
<http://www.wikidata.org/entity/Q87263699>	"横浜市立下野谷小学校"@ja	<http://www.wikidata.org/entity/Q5358913>	"日本の小学校"@ja	<http://www.wikidata.org/entity/P131>	"位置する行政区画"@ja	<https://ja.wikipedia.org/wiki/%E6%A8%AA%E6%B5%9C%E5%B8%82%E7%AB%8B%E4%B8%8B%E9%87%8E%E8%B0%B7%E5%B0%8F%E5%AD%A6%E6%A0%A1>
<http://www.wikidata.org/entity/Q87263697>	"横浜市立生麦小学校"@ja	<http://www.wikidata.org/entity/Q5358913>	"日本の小学校"@ja	<http://www.wikidata.org/entity/P131>	"位置する行政区画"@ja	<https://ja.wikipedia.org/wiki/%E6%A8%AA%E6%B5%9C%E5%B8%82%E7%AB%8B%E7%94%9F%E9%BA%A6%E5%B0%8F%E5%AD%A6%E6%A0%A1>
<http://www.wikidata.org/entity/Q87263701>	"横浜市立鶴見小学校"@ja	<http://www.wikidata.org/entity/Q5358913>	"日本の小学校"@ja	<http://www.wikidata.org/entity/P131>	"位置する行政区画"@ja	<https://ja.wikipedia.org/wiki/%E6%A8%AA%E6%B5%9C%E5%B8%82%E7%AB%8B%E9%B6%B4%E8%A6%8B%E5%B0%8F%E5%AD%A6%E6%A0%A1>
<http://www.wikidata.org/entity/Q87263707>	"横浜市立岸谷小学校"@ja	<http://www.wikidata.org/entity/Q5358913>	"日本の小学校"@ja	<http://www.wikidata.org/entity/P131>	"位置する行政区画"@ja	<https://ja.wikipedia.org/wiki/%E6%A8%AA%E6%B5%9C%E5%B8%82%E7%AB%8B%E5%B2%B8%E8%B0%B7%E5%B0%8F%E5%AD%A6%E6%A0%A1>
<http://www.wikidata.org/entity/Q87263704>	"横浜市立平安小学校"@ja	<http://www.wikidata.org/entity/Q5358913>	"日本の小学校"@ja	<http://www.wikidata.org/entity/P131>	"位置する行政区画"@ja	<https://ja.wikipedia.org/wiki/%E6%A8%AA%E6%B5%9C%E5%B8%82%E7%AB%8B%E5%B9%B3%E5%AE%89%E5%B0%8F%E5%AD%A6%E6%A0%A1>
<http://www.wikidata.org/entity/Q87263719>	"横浜市立汐入小学校"@ja	<http://www.wikidata.org/entity/Q5358913>	"日本の小学校"@ja	<http://www.wikidata.org/entity/P131>	"位置する行政区画"@ja	<https://ja.wikipedia.org/wiki/%E6%A8%AA%E6%B5%9C%E5%B8%82%E7%AB%8B%E6%B1%90%E5%85%A5%E5%B0%8F%E5%AD%A6%E6%A0%A1>
<http://www.wikidata.org/entity/Q87263733>	"横浜市立新鶴見小学校"@ja	<http://www.wikidata.org/entity/Q5358913>	"日本の小学校"@ja	<http://www.wikidata.org/entity/P131>	"位置する行政区画"@ja	<https://ja.wikipedia.org/wiki/%E6%A8%AA%E6%B5%9C%E5%B8%82%E7%AB%8B%E6%96%B0%E9%B6%B4%E8%A6%8B%E5%B0%8F%E5%AD%A6%E6%A0%A1>
<http://www.wikidata.org/entity/Q87318719>	"横浜市立末吉中学校"@ja	<http://www.wikidata.org/entity/Q55521176>	"日本の中学校"@ja	<http://www.wikidata.org/entity/P131>	"位置する行政区画"@ja	<https://ja.wikipedia.org/wiki/%E6%A8%AA%E6%B5%9C%E5%B8%82%E7%AB%8B%E6%9C%AB%E5%90%89%E4%B8%AD%E5%AD%A6%E6%A0%A1>
<http://www.wikidata.org/entity/Q107340850>	"蛇も蚊も"@ja	<http://www.wikidata.org/entity/Q15974353>	"日本の祭り"@ja	<http://www.wikidata.org/entity/P276>	"場所"@ja	<https://ja.wikipedia.org/wiki/%E8%9B%87%E3%82%82%E8%9A%8A%E3%82%82>
<http://www.wikidata.org/entity/Q108776939>	"林家楽一"@ja	<http://www.wikidata.org/entity/Q5>	"ヒト"@ja	<http://www.wikidata.org/entity/P19>	"出生地"@ja	<https://ja.wikipedia.org/wiki/%E6%9E%97%E5%AE%B6%E6%A5%BD%E4%B8%80>
<http://www.wikidata.org/entity/Q108864205>	"総持寺駅"@ja	<http://www.wikidata.org/entity/Q106772341>	"廃駅"@ja	<http://www.wikidata.org/entity/P131>	"位置する行政区画"@ja	<https://ja.wikipedia.org/wiki/%E7%B7%8F%E6%8C%81%E5%AF%BA%E9%A7%85_(%E7%A5%9E%E5%A5%88%E5%B7%9D%E7%9C%8C)>
<http://www.wikidata.org/entity/Q108864205>	"総持寺駅"@ja	<http://www.wikidata.org/entity/Q4663385>	"かつての鉄道駅"@ja	<http://www.wikidata.org/entity/P131>	"位置する行政区画"@ja	<https://ja.wikipedia.org/wiki/%E7%B7%8F%E6%8C%81%E5%AF%BA%E9%A7%85_(%E7%A5%9E%E5%A5%88%E5%B7%9D%E7%9C%8C)>
<http://www.wikidata.org/entity/Q110987366>	"熊野神社"@ja	<http://www.wikidata.org/entity/Q845945>	"神社"@ja	<http://www.wikidata.org/entity/P131>	"位置する行政区画"@ja	<https://ja.wikipedia.org/wiki/%E7%86%8A%E9%87%8E%E7%A5%9E%E7%A4%BE_(%E6%A8%AA%E6%B5%9C%E5%B8%82%E9%B6%B4%E8%A6%8B%E5%8C%BA)>
<http://www.wikidata.org/entity/Q115134426>	"横浜市立横浜サイエンスフロンティア高等学校・附属中学校"@ja	<http://www.wikidata.org/entity/Q21655594>	"日本の中高一貫校"@ja	<http://www.wikidata.org/entity/P131>	"位置する行政区画"@ja	<https://ja.wikipedia.org/wiki/%E6%A8%AA%E6%B5%9C%E5%B8%82%E7%AB%8B%E6%A8%AA%E6%B5%9C%E3%82%B5%E3%82%A4%E3%82%A8%E3%83%B3%E3%82%B9%E3%83%95%E3%83%AD%E3%83%B3%E3%83%86%E3%82%A3%E3%82%A2%E9%AB%98%E7%AD%89%E5%AD%A6%E6%A0%A1%E3%83%BB%E9%99%84%E5%B1%9E%E4%B8%AD%E5%AD%A6%E6%A0%A1>
<http://www.wikidata.org/entity/Q38283>	"横浜市"@ja	<http://www.wikidata.org/entity/Q65589340>	"都道府県庁所在地"@ja	<http://www.wikidata.org/entity/P150>	"直下の行政区画"@ja	<https://ja.wikipedia.org/wiki/%E6%A8%AA%E6%B5%9C%E5%B8%82>
<http://www.wikidata.org/entity/Q38283>	"横浜市"@ja	<http://www.wikidata.org/entity/Q50330360>	"国内で人口2位の都市"@ja	<http://www.wikidata.org/entity/P150>	"直下の行政区画"@ja	<https://ja.wikipedia.org/wiki/%E6%A8%AA%E6%B5%9C%E5%B8%82>
<http://www.wikidata.org/entity/Q38283>	"横浜市"@ja	<http://www.wikidata.org/entity/Q2264924>	"港湾都市"@ja	<http://www.wikidata.org/entity/P150>	"直下の行政区画"@ja	<https://ja.wikipedia.org/wiki/%E6%A8%AA%E6%B5%9C%E5%B8%82>
<http://www.wikidata.org/entity/Q38283>	"横浜市"@ja	<http://www.wikidata.org/entity/Q1749269>	"政令指定都市"@ja	<http://www.wikidata.org/entity/P150>	"直下の行政区画"@ja	<https://ja.wikipedia.org/wiki/%E6%A8%AA%E6%B5%9C%E5%B8%82>
<http://www.wikidata.org/entity/Q38283>	"横浜市"@ja	<http://www.wikidata.org/entity/Q1637706>	"100万都市"@ja	<http://www.wikidata.org/entity/P150>	"直下の行政区画"@ja	<https://ja.wikipedia.org/wiki/%E6%A8%AA%E6%B5%9C%E5%B8%82>
<http://www.wikidata.org/entity/Q38283>	"横浜市"@ja	<http://www.wikidata.org/entity/Q828359>	"ベッドタウン"@ja	<http://www.wikidata.org/entity/P150>	"直下の行政区画"@ja	<https://ja.wikipedia.org/wiki/%E6%A8%AA%E6%B5%9C%E5%B8%82>
<http://www.wikidata.org/entity/Q38283>	"横浜市"@ja	<http://www.wikidata.org/entity/Q691960>	"衛星都市"@ja	<http://www.wikidata.org/entity/P150>	"直下の行政区画"@ja	<https://ja.wikipedia.org/wiki/%E6%A8%AA%E6%B5%9C%E5%B8%82>
<http://www.wikidata.org/entity/Q38283>	"横浜市"@ja	<http://www.wikidata.org/entity/Q494721>	"日本の市"@ja	<http://www.wikidata.org/entity/P150>	"直下の行政区画"@ja	<https://ja.wikipedia.org/wiki/%E6%A8%AA%E6%B5%9C%E5%B8%82>
<http://www.wikidata.org/entity/Q87318717>	"横浜市立潮田中学校"@ja	<http://www.wikidata.org/entity/Q55521176>	"日本の中学校"@ja	<http://www.wikidata.org/entity/P131>	"位置する行政区画"@ja	<https://ja.wikipedia.org/wiki/%E6%A8%AA%E6%B5%9C%E5%B8%82%E7%AB%8B%E6%BD%AE%E7%94%B0%E4%B8%AD%E5%AD%A6%E6%A0%A1>
<http://www.wikidata.org/entity/Q87318721>	"横浜市立生麦中学校"@ja	<http://www.wikidata.org/entity/Q55521176>	"日本の中学校"@ja	<http://www.wikidata.org/entity/P131>	"位置する行政区画"@ja	<https://ja.wikipedia.org/wiki/%E6%A8%AA%E6%B5%9C%E5%B8%82%E7%AB%8B%E7%94%9F%E9%BA%A6%E4%B8%AD%E5%AD%A6%E6%A0%A1>
<http://www.wikidata.org/entity/Q96046016>	"菅沢町"@ja	<http://www.wikidata.org/entity/Q5327369>	"町丁"@ja	<http://www.wikidata.org/entity/P131>	"位置する行政区画"@ja	<https://ja.wikipedia.org/wiki/%E8%8F%85%E6%B2%A2%E7%94%BA_(%E6%A8%AA%E6%B5%9C%E5%B8%82)>
<http://www.wikidata.org/entity/Q97169415>	"東漸寺"@ja	<http://www.wikidata.org/entity/Q5393308>	"仏教寺院"@ja	<http://www.wikidata.org/entity/P131>	"位置する行政区画"@ja	<https://ja.wikipedia.org/wiki/%E6%9D%B1%E6%BC%B8%E5%AF%BA_(%E6%A8%AA%E6%B5%9C%E5%B8%82%E9%B6%B4%E8%A6%8B%E5%8C%BA)>
<http://www.wikidata.org/entity/Q97181319>	"上の宮"@ja	<http://www.wikidata.org/entity/Q65948724>	"町字"@ja	<http://www.wikidata.org/entity/P131>	"位置する行政区画"@ja	<https://ja.wikipedia.org/wiki/%E4%B8%8A%E3%81%AE%E5%AE%AE>
<http://www.wikidata.org/entity/Q97181347>	"下野谷町"@ja	<http://www.wikidata.org/entity/Q65948724>	"町字"@ja	<http://www.wikidata.org/entity/P131>	"位置する行政区画"@ja	<https://ja.wikipedia.org/wiki/%E4%B8%8B%E9%87%8E%E8%B0%B7%E7%94%BA>
<http://www.wikidata.org/entity/Q97181399>	"佃野町"@ja	<http://www.wikidata.org/entity/Q65948724>	"町字"@ja	<http://www.wikidata.org/entity/P131>	"位置する行政区画"@ja	<https://ja.wikipedia.org/wiki/%E4%BD%83%E9%87%8E%E7%94%BA>
<http://www.wikidata.org/entity/Q97181454>	"元宮"@ja	<http://www.wikidata.org/entity/Q65948724>	"町字"@ja	<http://www.wikidata.org/entity/P131>	"位置する行政区画"@ja	<https://ja.wikipedia.org/wiki/%E5%85%83%E5%AE%AE_(%E6%A8%AA%E6%B5%9C%E5%B8%82)>
<http://www.wikidata.org/entity/Q97181825>	"安善町"@ja	<http://www.wikidata.org/entity/Q65948724>	"町字"@ja	<http://www.wikidata.org/entity/P131>	"位置する行政区画"@ja	<https://ja.wikipedia.org/wiki/%E5%AE%89%E5%96%84%E7%94%BA>
<http://www.wikidata.org/entity/Q97181898>	"寺谷"@ja	<http://www.wikidata.org/entity/Q65948724>	"町字"@ja	<http://www.wikidata.org/entity/P131>	"位置する行政区画"@ja	<https://ja.wikipedia.org/wiki/%E5%AF%BA%E8%B0%B7_(%E6%A8%AA%E6%B5%9C%E5%B8%82)>
<http://www.wikidata.org/entity/Q97181982>	"市場上町"@ja	<http://www.wikidata.org/entity/Q65948724>	"町字"@ja	<http://www.wikidata.org/entity/P131>	"位置する行政区画"@ja	<https://ja.wikipedia.org/wiki/%E5%B8%82%E5%A0%B4%E4%B8%8A%E7%94%BA>
<http://www.wikidata.org/entity/Q97181993>	"市場下町"@ja	<http://www.wikidata.org/entity/Q65948724>	"町字"@ja	<http://www.wikidata.org/entity/P131>	"位置する行政区画"@ja	<https://ja.wikipedia.org/wiki/%E5%B8%82%E5%A0%B4%E4%B8%8B%E7%94%BA>
<http://www.wikidata.org/entity/Q97182001>	"市場大和町"@ja	<http://www.wikidata.org/entity/Q65948724>	"町字"@ja	<http://www.wikidata.org/entity/P131>	"位置する行政区画"@ja	<https://ja.wikipedia.org/wiki/%E5%B8%82%E5%A0%B4%E5%A4%A7%E5%92%8C%E7%94%BA>
<http://www.wikidata.org/entity/Q97182011>	"市場富士見町"@ja	<http://www.wikidata.org/entity/Q65948724>	"町字"@ja	<http://www.wikidata.org/entity/P131>	"位置する行政区画"@ja	<https://ja.wikipedia.org/wiki/%E5%B8%82%E5%A0%B4%E5%AF%8C%E5%A3%AB%E8%A6%8B%E7%94%BA>
<http://www.wikidata.org/entity/Q97182024>	"市場東中町"@ja	<http://www.wikidata.org/entity/Q65948724>	"町字"@ja	<http://www.wikidata.org/entity/P131>	"位置する行政区画"@ja	<https://ja.wikipedia.org/wiki/%E5%B8%82%E5%A0%B4%E6%9D%B1%E4%B8%AD%E7%94%BA>
<http://www.wikidata.org/entity/Q97182031>	"市場西中町"@ja	<http://www.wikidata.org/entity/Q65948724>	"町字"@ja	<http://www.wikidata.org/entity/P131>	"位置する行政区画"@ja	<https://ja.wikipedia.org/wiki/%E5%B8%82%E5%A0%B4%E8%A5%BF%E4%B8%AD%E7%94%BA>
<http://www.wikidata.org/entity/Q97182074>	"平安町"@ja	<http://www.wikidata.org/entity/Q65948724>	"町字"@ja	<http://www.wikidata.org/entity/P131>	"位置する行政区画"@ja	<https://ja.wikipedia.org/wiki/%E5%B9%B3%E5%AE%89%E7%94%BA_(%E6%A8%AA%E6%B5%9C%E5%B8%82)>
<http://www.wikidata.org/entity/Q97182111>	"弁天町"@ja	<http://www.wikidata.org/entity/Q65948724>	"町字"@ja	<http://www.wikidata.org/entity/P131>	"位置する行政区画"@ja	<https://ja.wikipedia.org/wiki/%E5%BC%81%E5%A4%A9%E7%94%BA_(%E6%A8%AA%E6%B5%9C%E5%B8%82)>
<http://www.wikidata.org/entity/Q97182270>	"本町通"@ja	<http://www.wikidata.org/entity/Q65948724>	"町字"@ja	<http://www.wikidata.org/entity/P131>	"位置する行政区画"@ja	<https://ja.wikipedia.org/wiki/%E6%9C%AC%E7%94%BA%E9%80%9A_(%E6%A8%AA%E6%B5%9C%E5%B8%82)>
<http://www.wikidata.org/entity/Q97182296>	"東寺尾中台"@ja	<http://www.wikidata.org/entity/Q65948724>	"町字"@ja	<http://www.wikidata.org/entity/P131>	"位置する行政区画"@ja	<https://ja.wikipedia.org/wiki/%E6%9D%B1%E5%AF%BA%E5%B0%BE%E4%B8%AD%E5%8F%B0>
<http://www.wikidata.org/entity/Q97182312>	"東寺尾北台"@ja	<http://www.wikidata.org/entity/Q65948724>	"町字"@ja	<http://www.wikidata.org/entity/P131>	"位置する行政区画"@ja	<https://ja.wikipedia.org/wiki/%E6%9D%B1%E5%AF%BA%E5%B0%BE%E5%8C%97%E5%8F%B0>
<http://www.wikidata.org/entity/Q97182321>	"東寺尾東台"@ja	<http://www.wikidata.org/entity/Q65948724>	"町字"@ja	<http://www.wikidata.org/entity/P131>	"位置する行政区画"@ja	<https://ja.wikipedia.org/wiki/%E6%9D%B1%E5%AF%BA%E5%B0%BE%E6%9D%B1%E5%8F%B0>
<http://www.wikidata.org/entity/Q97182456>	"汐入町"@ja	<http://www.wikidata.org/entity/Q65948724>	"町字"@ja	<http://www.wikidata.org/entity/P131>	"位置する行政区画"@ja	<https://ja.wikipedia.org/wiki/%E6%B1%90%E5%85%A5%E7%94%BA_(%E6%A8%AA%E6%B5%9C%E5%B8%82)>
<http://www.wikidata.org/entity/Q97182465>	"江ケ崎町"@ja	<http://www.wikidata.org/entity/Q65948724>	"町字"@ja	<http://www.wikidata.org/entity/P131>	"位置する行政区画"@ja	<https://ja.wikipedia.org/wiki/%E6%B1%9F%E3%82%B1%E5%B4%8E%E7%94%BA>
<http://www.wikidata.org/entity/Q97182578>	"獅子ケ谷"@ja	<http://www.wikidata.org/entity/Q65948724>	"町字"@ja	<http://www.wikidata.org/entity/P131>	"位置する行政区画"@ja	<https://ja.wikipedia.org/wiki/%E7%8D%85%E5%AD%90%E3%82%B1%E8%B0%B7>
<http://www.wikidata.org/entity/Q97182924>	"諏訪坂"@ja	<http://www.wikidata.org/entity/Q65948724>	"町字"@ja	<http://www.wikidata.org/entity/P131>	"位置する行政区画"@ja	<https://ja.wikipedia.org/wiki/%E8%AB%8F%E8%A8%AA%E5%9D%82>
<http://www.wikidata.org/entity/Q97183049>	"駒岡"@ja	<http://www.wikidata.org/entity/Q65948724>	"町字"@ja	<http://www.wikidata.org/entity/P131>	"位置する行政区画"@ja	<https://ja.wikipedia.org/wiki/%E9%A7%92%E5%B2%A1>
<http://www.wikidata.org/entity/Q97188598>	"東寺尾"@ja	<http://www.wikidata.org/entity/Q65948724>	"町字"@ja	<http://www.wikidata.org/entity/P131>	"位置する行政区画"@ja	<https://ja.wikipedia.org/wiki/%E6%9D%B1%E5%AF%BA%E5%B0%BE>
<http://www.wikidata.org/entity/Q97279013>	"大東町"@ja	<http://www.wikidata.org/entity/Q5327369>	"町丁"@ja	<http://www.wikidata.org/entity/P131>	"位置する行政区画"@ja	<https://ja.wikipedia.org/wiki/%E5%A4%A7%E6%9D%B1%E7%94%BA_(%E6%A8%AA%E6%B5%9C%E5%B8%82)>
<http://www.wikidata.org/entity/Q97279082>	"寛政町"@ja	<http://www.wikidata.org/entity/Q5327369>	"町丁"@ja	<http://www.wikidata.org/entity/P131>	"位置する行政区画"@ja	<https://ja.wikipedia.org/wiki/%E5%AF%9B%E6%94%BF%E7%94%BA_(%E6%A8%AA%E6%B5%9C%E5%B8%82)>
<http://www.wikidata.org/entity/Q97279099>	"小野町"@ja	<http://www.wikidata.org/entity/Q5327369>	"町丁"@ja	<http://www.wikidata.org/entity/P131>	"位置する行政区画"@ja	<https://ja.wikipedia.org/wiki/%E5%B0%8F%E9%87%8E%E7%94%BA_(%E6%A8%AA%E6%B5%9C%E5%B8%82)>
<http://www.wikidata.org/entity/Q97279192>	"朝日町"@ja	<http://www.wikidata.org/entity/Q5327369>	"町丁"@ja	<http://www.wikidata.org/entity/P131>	"位置する行政区画"@ja	<https://ja.wikipedia.org/wiki/%E6%9C%9D%E6%97%A5%E7%94%BA_(%E6%A8%AA%E6%B5%9C%E5%B8%82)>
<http://www.wikidata.org/entity/Q97279284>	"栄町通"@ja	<http://www.wikidata.org/entity/Q5327369>	"町丁"@ja	<http://www.wikidata.org/entity/P131>	"位置する行政区画"@ja	<https://ja.wikipedia.org/wiki/%E6%A0%84%E7%94%BA%E9%80%9A_(%E6%A8%AA%E6%B5%9C%E5%B8%82)>
<http://www.wikidata.org/entity/Q97279339>	"浜町"@ja	<http://www.wikidata.org/entity/Q5327369>	"町丁"@ja	<http://www.wikidata.org/entity/P131>	"位置する行政区画"@ja	<https://ja.wikipedia.org/wiki/%E6%B5%9C%E7%94%BA_(%E6%A8%AA%E6%B5%9C%E5%B8%82)>
<http://www.wikidata.org/entity/Q97279352>	"潮田町"@ja	<http://www.wikidata.org/entity/Q5327369>	"町丁"@ja	<http://www.wikidata.org/entity/P131>	"位置する行政区画"@ja	<https://ja.wikipedia.org/wiki/%E6%BD%AE%E7%94%B0%E7%94%BA_(%E6%A8%AA%E6%B5%9C%E5%B8%82)>
<http://www.wikidata.org/entity/Q97279462>	"豊岡町"@ja	<http://www.wikidata.org/entity/Q5327369>	"町丁"@ja	<http://www.wikidata.org/entity/P131>	"位置する行政区画"@ja	<https://ja.wikipedia.org/wiki/%E8%B1%8A%E5%B2%A1%E7%94%BA_(%E6%A8%AA%E6%B5%9C%E5%B8%82)>
<http://www.wikidata.org/entity/Q97279508>	"馬場"@ja	<http://www.wikidata.org/entity/Q5327369>	"町丁"@ja	<http://www.wikidata.org/entity/P131>	"位置する行政区画"@ja	<https://ja.wikipedia.org/wiki/%E9%A6%AC%E5%A0%B4_(%E6%A8%AA%E6%B5%9C%E5%B8%82)>
<http://www.wikidata.org/entity/Q105523098>	"小仙塚貝塚"@ja	<http://www.wikidata.org/entity/Q1152199>	"貝塚"@ja	<http://www.wikidata.org/entity/P131>	"位置する行政区画"@ja	<https://ja.wikipedia.org/wiki/%E5%B0%8F%E4%BB%99%E5%A1%9A%E8%B2%9D%E5%A1%9A>
<http://www.wikidata.org/entity/Q105523098>	"小仙塚貝塚"@ja	<http://www.wikidata.org/entity/Q839954>	"遺跡"@ja	<http://www.wikidata.org/entity/P131>	"位置する行政区画"@ja	<https://ja.wikipedia.org/wiki/%E5%B0%8F%E4%BB%99%E5%A1%9A%E8%B2%9D%E5%A1%9A>
<http://www.wikidata.org/entity/Q106836824>	"松蔭寺"@ja	<http://www.wikidata.org/entity/Q5393308>	"仏教寺院"@ja	<http://www.wikidata.org/entity/P131>	"位置する行政区画"@ja	<https://ja.wikipedia.org/wiki/%E6%9D%BE%E8%94%AD%E5%AF%BA_(%E6%A8%AA%E6%B5%9C%E5%B8%82)>
<http://www.wikidata.org/entity/Q107204468>	"末吉橋"@ja	<http://www.wikidata.org/entity/Q12280>	"橋"@ja	<http://www.wikidata.org/entity/P131>	"位置する行政区画"@ja	<https://ja.wikipedia.org/wiki/%E6%9C%AB%E5%90%89%E6%A9%8B_(%E9%B6%B4%E8%A6%8B%E5%B7%9D)>
<http://www.wikidata.org/entity/Q77872>	"国道駅"@ja	<http://www.wikidata.org/entity/Q55488>	"鉄道駅"@ja	<http://www.wikidata.org/entity/P131>	"位置する行政区画"@ja	<https://ja.wikipedia.org/wiki/%E5%9B%BD%E9%81%93%E9%A7%85>
<http://www.wikidata.org/entity/Q784402>	"西会津町"@ja	<http://www.wikidata.org/entity/Q1059478>	"日本の町"@ja	<http://www.wikidata.org/entity/P190>	"姉妹都市"@ja	<https://ja.wikipedia.org/wiki/%E8%A5%BF%E4%BC%9A%E6%B4%A5%E7%94%BA>
<http://www.wikidata.org/entity/Q869061>	"鶴見小野駅"@ja	<http://www.wikidata.org/entity/Q55488>	"鉄道駅"@ja	<http://www.wikidata.org/entity/P131>	"位置する行政区画"@ja	<https://ja.wikipedia.org/wiki/%E9%B6%B4%E8%A6%8B%E5%B0%8F%E9%87%8E%E9%A7%85>
<http://www.wikidata.org/entity/Q1053060>	"緒形直人"@ja	<http://www.wikidata.org/entity/Q5>	"ヒト"@ja	<http://www.wikidata.org/entity/P19>	"出生地"@ja	<https://ja.wikipedia.org/wiki/%E7%B7%92%E5%BD%A2%E7%9B%B4%E4%BA%BA>
<http://www.wikidata.org/entity/Q3274973>	"ヒロ・マツダ"@ja	<http://www.wikidata.org/entity/Q5>	"ヒト"@ja	<http://www.wikidata.org/entity/P19>	"出生地"@ja	<https://ja.wikipedia.org/wiki/%E3%83%92%E3%83%AD%E3%83%BB%E3%83%9E%E3%83%84%E3%83%80>
<http://www.wikidata.org/entity/Q3297116>	"宮崎正裕"@ja	<http://www.wikidata.org/entity/Q5>	"ヒト"@ja	<http://www.wikidata.org/entity/P19>	"出生地"@ja	<https://ja.wikipedia.org/wiki/%E5%AE%AE%E5%B4%8E%E6%AD%A3%E8%A3%95>
<http://www.wikidata.org/entity/Q5361946>	"鶴見市場駅"@ja	<http://www.wikidata.org/entity/Q55488>	"鉄道駅"@ja	<http://www.wikidata.org/entity/P131>	"位置する行政区画"@ja	<https://ja.wikipedia.org/wiki/%E9%B6%B4%E8%A6%8B%E5%B8%82%E5%A0%B4%E9%A7%85>
<http://www.wikidata.org/entity/Q6314311>	"篠田純平"@ja	<http://www.wikidata.org/entity/Q5>	"ヒト"@ja	<http://www.wikidata.org/entity/P19>	"出生地"@ja	<https://ja.wikipedia.org/wiki/%E7%AF%A0%E7%94%B0%E7%B4%94%E5%B9%B3>
<http://www.wikidata.org/entity/Q8054618>	"横浜商科大学"@ja	<http://www.wikidata.org/entity/Q3918>	"大学"@ja	<http://www.wikidata.org/entity/P131>	"位置する行政区画"@ja	<https://ja.wikipedia.org/wiki/%E6%A8%AA%E6%B5%9C%E5%95%86%E7%A7%91%E5%A4%A7%E5%AD%A6>
<http://www.wikidata.org/entity/Q8976017>	"利重剛"@ja	<http://www.wikidata.org/entity/Q5>	"ヒト"@ja	<http://www.wikidata.org/entity/P19>	"出生地"@ja	<https://ja.wikipedia.org/wiki/%E5%88%A9%E9%87%8D%E5%89%9B>
<http://www.wikidata.org/entity/Q9245740>	"Category:鶴見区 (横浜市)"@ja	<http://www.wikidata.org/entity/Q4167836>	"ウィキメディアのカテゴリ"@ja	<http://www.wikidata.org/entity/P301>	"カテゴリの中心主題"@ja	<https://ja.wikipedia.org/wiki/Category:%E9%B6%B4%E8%A6%8B%E5%8C%BA_(%E6%A8%AA%E6%B5%9C%E5%B8%82)>
<http://www.wikidata.org/entity/Q10938704>	"大黒パーキングエリア"@ja	<http://www.wikidata.org/entity/Q785979>	"パーキングエリア"@ja	<http://www.wikidata.org/entity/P131>	"位置する行政区画"@ja	<https://ja.wikipedia.org/wiki/%E5%A4%A7%E9%BB%92%E3%83%91%E3%83%BC%E3%82%AD%E3%83%B3%E3%82%B0%E3%82%A8%E3%83%AA%E3%82%A2>
<http://www.wikidata.org/entity/Q11113141>	"桑田武"@ja	<http://www.wikidata.org/entity/Q5>	"ヒト"@ja	<http://www.wikidata.org/entity/P19>	"出生地"@ja	<https://ja.wikipedia.org/wiki/%E6%A1%91%E7%94%B0%E6%AD%A6>
<http://www.wikidata.org/entity/Q11306866>	"シァル鶴見"@ja	<http://www.wikidata.org/entity/Q1339195>	"駅ビル"@ja	<http://www.wikidata.org/entity/P131>	"位置する行政区画"@ja	<https://ja.wikipedia.org/wiki/CIAL%E9%B6%B4%E8%A6%8B>
<http://www.wikidata.org/entity/Q11306866>	"シァル鶴見"@ja	<http://www.wikidata.org/entity/Q11315>	"ショッピングセンター"@ja	<http://www.wikidata.org/entity/P131>	"位置する行政区画"@ja	<https://ja.wikipedia.org/wiki/CIAL%E9%B6%B4%E8%A6%8B>
<http://www.wikidata.org/entity/Q11343131>	"ムットーニ"@ja	<http://www.wikidata.org/entity/Q5>	"ヒト"@ja	<http://www.wikidata.org/entity/P19>	"出生地"@ja	<https://ja.wikipedia.org/wiki/%E3%83%A0%E3%83%83%E3%83%88%E3%83%BC%E3%83%8B>
<http://www.wikidata.org/entity/Q11374546>	"京浜運河"@ja	<http://www.wikidata.org/entity/Q12284>	"運河"@ja	<http://www.wikidata.org/entity/P131>	"位置する行政区画"@ja	<https://ja.wikipedia.org/wiki/%E4%BA%AC%E6%B5%9C%E9%81%8B%E6%B2%B3>
<http://www.wikidata.org/entity/Q11413272>	"吉村明宏"@ja	<http://www.wikidata.org/entity/Q5>	"ヒト"@ja	<http://www.wikidata.org/entity/P19>	"出生地"@ja	<https://ja.wikipedia.org/wiki/%E5%90%89%E6%9D%91%E6%98%8E%E5%AE%8F>
<http://www.wikidata.org/entity/Q11427896>	"堂本正樹"@ja	<http://www.wikidata.org/entity/Q5>	"ヒト"@ja	<http://www.wikidata.org/entity/P19>	"出生地"@ja	<https://ja.wikipedia.org/wiki/%E5%A0%82%E6%9C%AC%E6%AD%A3%E6%A8%B9>
<http://www.wikidata.org/entity/Q11431704>	"夢路いとし"@ja	<http://www.wikidata.org/entity/Q5>	"ヒト"@ja	<http://www.wikidata.org/entity/P19>	"出生地"@ja	<https://ja.wikipedia.org/wiki/%E5%A4%A2%E8%B7%AF%E3%81%84%E3%81%A8%E3%81%97>
<http://www.wikidata.org/entity/Q11442063>	"大黒埠頭"@ja	<http://www.wikidata.org/entity/Q5327369>	"町丁"@ja	<http://www.wikidata.org/entity/P131>	"位置する行政区画"@ja	<https://ja.wikipedia.org/wiki/%E5%A4%A7%E9%BB%92%E5%9F%A0%E9%A0%AD>
<http://www.wikidata.org/entity/Q11442063>	"大黒埠頭"@ja	<http://www.wikidata.org/entity/Q828909>	"埠頭"@ja	<http://www.wikidata.org/entity/P131>	"位置する行政区画"@ja	<https://ja.wikipedia.org/wiki/%E5%A4%A7%E9%BB%92%E5%9F%A0%E9%A0%AD>
<http://www.wikidata.org/entity/Q11448676>	"学校法人総持学園"@ja	<http://www.wikidata.org/entity/Q11448145>	"学園"@ja	<http://www.wikidata.org/entity/P159>	"本部所在地"@ja	<https://ja.wikipedia.org/wiki/%E5%AD%A6%E6%A0%A1%E6%B3%95%E4%BA%BA%E7%B7%8F%E6%8C%81%E5%AD%A6%E5%9C%92>
<http://www.wikidata.org/entity/Q11459816>	"小山内美江子"@ja	<http://www.wikidata.org/entity/Q5>	"ヒト"@ja	<http://www.wikidata.org/entity/P19>	"出生地"@ja	<https://ja.wikipedia.org/wiki/%E5%B0%8F%E5%B1%B1%E5%86%85%E7%BE%8E%E6%B1%9F%E5%AD%90>
<http://www.wikidata.org/entity/Q11476016>	"岸谷"@ja	<http://www.wikidata.org/entity/Q5327369>	"町丁"@ja	<http://www.wikidata.org/entity/P131>	"位置する行政区画"@ja	<https://ja.wikipedia.org/wiki/%E5%B2%B8%E8%B0%B7_(%E6%A8%AA%E6%B5%9C%E5%B8%82)>
<http://www.wikidata.org/entity/Q11543125>	"横浜市立横浜サイエンスフロンティア高等学校"@ja	<http://www.wikidata.org/entity/Q56351315>	"日本の高等学校"@ja	<http://www.wikidata.org/entity/P131>	"位置する行政区画"@ja	
<http://www.wikidata.org/entity/Q17216578>	"鶴見一沙"@ja	<http://www.wikidata.org/entity/Q5>	"ヒト"@ja	<http://www.wikidata.org/entity/P19>	"出生地"@ja	
<http://www.wikidata.org/entity/Q87263687>	"横浜市立末吉小学校"@ja	<http://www.wikidata.org/entity/Q5358913>	"日本の小学校"@ja	<http://www.wikidata.org/entity/P131>	"位置する行政区画"@ja	
<http://www.wikidata.org/entity/Q87263693>	"横浜市立東台小学校"@ja	<http://www.wikidata.org/entity/Q5358913>	"日本の小学校"@ja	<http://www.wikidata.org/entity/P131>	"位置する行政区画"@ja	
<http://www.wikidata.org/entity/Q87263710>	"横浜市立矢向小学校"@ja	<http://www.wikidata.org/entity/Q5358913>	"日本の小学校"@ja	<http://www.wikidata.org/entity/P131>	"位置する行政区画"@ja	
<http://www.wikidata.org/entity/Q87263714>	"横浜市立下末吉小学校"@ja	<http://www.wikidata.org/entity/Q5358913>	"日本の小学校"@ja	<http://www.wikidata.org/entity/P131>	"位置する行政区画"@ja	
<http://www.wikidata.org/entity/Q87263712>	"横浜市立上末吉小学校"@ja	<http://www.wikidata.org/entity/Q5358913>	"日本の小学校"@ja	<http://www.wikidata.org/entity/P131>	"位置する行政区画"@ja	
<http://www.wikidata.org/entity/Q87263716>	"横浜市立寺尾小学校"@ja	<http://www.wikidata.org/entity/Q5358913>	"日本の小学校"@ja	<http://www.wikidata.org/entity/P131>	"位置する行政区画"@ja	
<http://www.wikidata.org/entity/Q87263722>	"横浜市立馬場小学校"@ja	<http://www.wikidata.org/entity/Q5358913>	"日本の小学校"@ja	<http://www.wikidata.org/entity/P131>	"位置する行政区画"@ja	
<http://www.wikidata.org/entity/Q87263726>	"横浜市立駒岡小学校"@ja	<http://www.wikidata.org/entity/Q5358913>	"日本の小学校"@ja	<http://www.wikidata.org/entity/P131>	"位置する行政区画"@ja	
<http://www.wikidata.org/entity/Q87263731>	"横浜市立上寺尾小学校"@ja	<http://www.wikidata.org/entity/Q5358913>	"日本の小学校"@ja	<http://www.wikidata.org/entity/P131>	"位置する行政区画"@ja	
<http://www.wikidata.org/entity/Q87263728>	"横浜市立獅子ヶ谷小学校"@ja	<http://www.wikidata.org/entity/Q5358913>	"日本の小学校"@ja	<http://www.wikidata.org/entity/P131>	"位置する行政区画"@ja	
<http://www.wikidata.org/entity/Q87318723>	"横浜市立横浜サイエンスフロンティア高等学校附属中学校"@ja	<http://www.wikidata.org/entity/Q55521176>	"日本の中学校"@ja	<http://www.wikidata.org/entity/P131>	"位置する行政区画"@ja	
<http://www.wikidata.org/entity/Q87335744>	"横浜市立北綱島特別支援学校 サルビア分教室"@ja	<http://www.wikidata.org/entity/Q11396122>	"分校"@ja	<http://www.wikidata.org/entity/P131>	"位置する行政区画"@ja	
<http://www.wikidata.org/entity/Q87340848>	"橘学苑中学校"@ja	<http://www.wikidata.org/entity/Q55521176>	"日本の中学校"@ja	<http://www.wikidata.org/entity/P131>	"位置する行政区画"@ja	
<http://www.wikidata.org/entity/Q105941340>	"鶴見川橋 (つるみがわばし)"@ja	<http://www.wikidata.org/entity/Q12280>	"橋"@ja	<http://www.wikidata.org/entity/P768>	"選挙区"@ja	
<http://www.wikidata.org/entity/Q108730091>	"LICOPA鶴見"@ja	<http://www.wikidata.org/entity/Q11315>	"ショッピングセンター"@ja	<http://www.wikidata.org/entity/P131>	"位置する行政区画"@ja	
