?s	?sLabel	?type	?typeLabel	?prop	?propLabel	?jwiki
<http://www.wikidata.org/entity/Q801658>	"横浜駅"@ja	<http://www.wikidata.org/entity/Q55488>	"鉄道駅"@ja	<http://www.wikidata.org/entity/P131>	"位置する行政区画"@ja	<https://ja.wikipedia.org/wiki/%E6%A8%AA%E6%B5%9C%E9%A7%85>
<http://www.wikidata.org/entity/Q7811562>	"戸部駅"@ja	<http://www.wikidata.org/entity/Q55488>	"鉄道駅"@ja	<http://www.wikidata.org/entity/P131>	"位置する行政区画"@ja	<https://ja.wikipedia.org/wiki/%E6%88%B8%E9%83%A8%E9%A7%85>
<http://www.wikidata.org/entity/Q8049730>	"八洲学園大学"@ja	<http://www.wikidata.org/entity/Q3918>	"大学"@ja	<http://www.wikidata.org/entity/P131>	"位置する行政区画"@ja	<https://ja.wikipedia.org/wiki/%E5%85%AB%E6%B4%B2%E5%AD%A6%E5%9C%92%E5%A4%A7%E5%AD%A6>
<http://www.wikidata.org/entity/Q9245733>	"Category:西区 (横浜市)"@ja	<http://www.wikidata.org/entity/Q4167836>	"ウィキメディアのカテゴリ"@ja	<http://www.wikidata.org/entity/P301>	"カテゴリの中心主題"@ja	<https://ja.wikipedia.org/wiki/Category:%E8%A5%BF%E5%8C%BA_(%E6%A8%AA%E6%B5%9C%E5%B8%82)>
<http://www.wikidata.org/entity/Q10854544>	"GENTO YOKOHAMA"@ja	<http://www.wikidata.org/entity/Q11315>	"ショッピングセンター"@ja	<http://www.wikidata.org/entity/P131>	"位置する行政区画"@ja	<https://ja.wikipedia.org/wiki/GENTO_YOKOHAMA>
<http://www.wikidata.org/entity/Q11122294>	"横浜駅東口出入口"@ja	<http://www.wikidata.org/entity/Q2376564>	"インターチェンジ"@ja	<http://www.wikidata.org/entity/P131>	"位置する行政区画"@ja	<https://ja.wikipedia.org/wiki/%E6%A8%AA%E6%B5%9C%E9%A7%85%E6%9D%B1%E5%8F%A3%E5%87%BA%E5%85%A5%E5%8F%A3>
<http://www.wikidata.org/entity/Q11122295>	"横浜駅西口出入口"@ja	<http://www.wikidata.org/entity/Q2376564>	"インターチェンジ"@ja	<http://www.wikidata.org/entity/P131>	"位置する行政区画"@ja	<https://ja.wikipedia.org/wiki/%E6%A8%AA%E6%B5%9C%E9%A7%85%E8%A5%BF%E5%8F%A3%E5%87%BA%E5%85%A5%E5%8F%A3>
<http://www.wikidata.org/entity/Q11265600>	"くらやみ坂"@ja	<http://www.wikidata.org/entity/Q11424753>	"坂"@ja	<http://www.wikidata.org/entity/P131>	"位置する行政区画"@ja	<https://ja.wikipedia.org/wiki/%E3%81%8F%E3%82%89%E3%82%84%E3%81%BF%E5%9D%82>
<http://www.wikidata.org/entity/Q11279143>	"みなとみらい"@ja	<http://www.wikidata.org/entity/Q5327369>	"町丁"@ja	<http://www.wikidata.org/entity/P131>	"位置する行政区画"@ja	<https://ja.wikipedia.org/wiki/%E3%81%BF%E3%81%AA%E3%81%A8%E3%81%BF%E3%82%89%E3%81%84>
<http://www.wikidata.org/entity/Q11309941>	"ジャパン マリンユナイテッド"@ja	<http://www.wikidata.org/entity/Q6881511>	"事業者"@ja	<http://www.wikidata.org/entity/P159>	"本部所在地"@ja	<https://ja.wikipedia.org/wiki/%E3%82%B8%E3%83%A3%E3%83%91%E3%83%B3_%E3%83%9E%E3%83%AA%E3%83%B3%E3%83%A6%E3%83%8A%E3%82%A4%E3%83%86%E3%83%83%E3%83%89>
<http://www.wikidata.org/entity/Q11309941>	"ジャパン マリンユナイテッド"@ja	<http://www.wikidata.org/entity/Q4830453>	"企業"@ja	<http://www.wikidata.org/entity/P159>	"本部所在地"@ja	<https://ja.wikipedia.org/wiki/%E3%82%B8%E3%83%A3%E3%83%91%E3%83%B3_%E3%83%9E%E3%83%AA%E3%83%B3%E3%83%A6%E3%83%8A%E3%82%A4%E3%83%86%E3%83%83%E3%83%89>
<http://www.wikidata.org/entity/Q11309941>	"ジャパン マリンユナイテッド"@ja	<http://www.wikidata.org/entity/Q190928>	"造船所"@ja	<http://www.wikidata.org/entity/P159>	"本部所在地"@ja	<https://ja.wikipedia.org/wiki/%E3%82%B8%E3%83%A3%E3%83%91%E3%83%B3_%E3%83%9E%E3%83%AA%E3%83%B3%E3%83%A6%E3%83%8A%E3%82%A4%E3%83%86%E3%83%83%E3%83%89>
<http://www.wikidata.org/entity/Q11363557>	"中央"@ja	<http://www.wikidata.org/entity/Q5327369>	"町丁"@ja	<http://www.wikidata.org/entity/P131>	"位置する行政区画"@ja	<https://ja.wikipedia.org/wiki/%E4%B8%AD%E5%A4%AE_(%E6%A8%AA%E6%B5%9C%E5%B8%82%E8%A5%BF%E5%8C%BA)>
<http://www.wikidata.org/entity/Q11378990>	"伊勢山皇大神宮"@ja	<http://www.wikidata.org/entity/Q845945>	"神社"@ja	<http://www.wikidata.org/entity/P131>	"位置する行政区画"@ja	<https://ja.wikipedia.org/wiki/%E4%BC%8A%E5%8B%A2%E5%B1%B1%E7%9A%87%E5%A4%A7%E7%A5%9E%E5%AE%AE>
<http://www.wikidata.org/entity/Q11401702>	"北幸"@ja	<http://www.wikidata.org/entity/Q5327369>	"町丁"@ja	<http://www.wikidata.org/entity/P131>	"位置する行政区画"@ja	<https://ja.wikipedia.org/wiki/%E5%8C%97%E5%B9%B8>
<http://www.wikidata.org/entity/Q11407820>	"南幸"@ja	<http://www.wikidata.org/entity/Q5327369>	"町丁"@ja	<http://www.wikidata.org/entity/P131>	"位置する行政区画"@ja	<https://ja.wikipedia.org/wiki/%E5%8D%97%E5%B9%B8>
<http://www.wikidata.org/entity/Q11421394>	"国連大学高等研究所"@ja	<http://www.wikidata.org/entity/Q13226383>	"施設"@ja	<http://www.wikidata.org/entity/P131>	"位置する行政区画"@ja	<https://ja.wikipedia.org/wiki/%E5%9B%BD%E9%80%A3%E5%A4%A7%E5%AD%A6%E9%AB%98%E7%AD%89%E7%A0%94%E7%A9%B6%E6%89%80>
<http://www.wikidata.org/entity/Q11421394>	"国連大学高等研究所"@ja	<http://www.wikidata.org/entity/Q31855>	"研究所"@ja	<http://www.wikidata.org/entity/P131>	"位置する行政区画"@ja	<https://ja.wikipedia.org/wiki/%E5%9B%BD%E9%80%A3%E5%A4%A7%E5%AD%A6%E9%AB%98%E7%AD%89%E7%A0%94%E7%A9%B6%E6%89%80>
<http://www.wikidata.org/entity/Q11448344>	"学校法人八洲学園"@ja	<http://www.wikidata.org/entity/Q5341295>	"教育組織"@ja	<http://www.wikidata.org/entity/P159>	"本部所在地"@ja	<https://ja.wikipedia.org/wiki/%E5%AD%A6%E6%A0%A1%E6%B3%95%E4%BA%BA%E5%85%AB%E6%B4%B2%E5%AD%A6%E5%9C%92>
<http://www.wikidata.org/entity/Q11448477>	"学校法人岩崎学園"@ja	<http://www.wikidata.org/entity/Q2385804>	"教育機関"@ja	<http://www.wikidata.org/entity/P159>	"本部所在地"@ja	<https://ja.wikipedia.org/wiki/%E5%AD%A6%E6%A0%A1%E6%B3%95%E4%BA%BA%E5%B2%A9%E5%B4%8E%E5%AD%A6%E5%9C%92>
<http://www.wikidata.org/entity/Q11483187>	"平沼"@ja	<http://www.wikidata.org/entity/Q5327369>	"町丁"@ja	<http://www.wikidata.org/entity/P131>	"位置する行政区画"@ja	<https://ja.wikipedia.org/wiki/%E5%B9%B3%E6%B2%BC_(%E6%A8%AA%E6%B5%9C%E5%B8%82)>
<http://www.wikidata.org/entity/Q11495410>	"成城石井"@ja	<http://www.wikidata.org/entity/Q18043413>	"スーパーマーケット・チェーン"@ja	<http://www.wikidata.org/entity/P159>	"本部所在地"@ja	<https://ja.wikipedia.org/wiki/%E6%88%90%E5%9F%8E%E7%9F%B3%E4%BA%95>
<http://www.wikidata.org/entity/Q11495410>	"成城石井"@ja	<http://www.wikidata.org/entity/Q6881511>	"事業者"@ja	<http://www.wikidata.org/entity/P159>	"本部所在地"@ja	<https://ja.wikipedia.org/wiki/%E6%88%90%E5%9F%8E%E7%9F%B3%E4%BA%95>
<http://www.wikidata.org/entity/Q11495410>	"成城石井"@ja	<http://www.wikidata.org/entity/Q4830453>	"企業"@ja	<http://www.wikidata.org/entity/P159>	"本部所在地"@ja	<https://ja.wikipedia.org/wiki/%E6%88%90%E5%9F%8E%E7%9F%B3%E4%BA%95>
<http://www.wikidata.org/entity/Q11495652>	"成田山横浜別院延命院"@ja	<http://www.wikidata.org/entity/Q5393308>	"仏教寺院"@ja	<http://www.wikidata.org/entity/P131>	"位置する行政区画"@ja	<https://ja.wikipedia.org/wiki/%E6%88%90%E7%94%B0%E5%B1%B1%E6%A8%AA%E6%B5%9C%E5%88%A5%E9%99%A2%E5%BB%B6%E5%91%BD%E9%99%A2>
<http://www.wikidata.org/entity/Q11496645>	"戸部町"@ja	<http://www.wikidata.org/entity/Q5327369>	"町丁"@ja	<http://www.wikidata.org/entity/P131>	"位置する行政区画"@ja	<https://ja.wikipedia.org/wiki/%E6%88%B8%E9%83%A8%E7%94%BA_(%E6%A8%AA%E6%B5%9C%E5%B8%82)>
<http://www.wikidata.org/entity/Q11521946>	"杉山神社 (横浜市西区)"@ja	<http://www.wikidata.org/entity/Q845945>	"神社"@ja	<http://www.wikidata.org/entity/P131>	"位置する行政区画"@ja	<https://ja.wikipedia.org/wiki/%E6%9D%89%E5%B1%B1%E7%A5%9E%E7%A4%BE_(%E6%A8%AA%E6%B5%9C%E5%B8%82%E8%A5%BF%E5%8C%BA)>
<http://www.wikidata.org/entity/Q11527193>	"東日本旅客鉄道横浜支社"@ja	<http://www.wikidata.org/entity/Q1880737>	"支部"@ja	<http://www.wikidata.org/entity/P131>	"位置する行政区画"@ja	<https://ja.wikipedia.org/wiki/%E6%9D%B1%E6%97%A5%E6%9C%AC%E6%97%85%E5%AE%A2%E9%89%84%E9%81%93%E6%A8%AA%E6%B5%9C%E6%94%AF%E7%A4%BE>
<http://www.wikidata.org/entity/Q11527436>	"東横浜駅"@ja	<http://www.wikidata.org/entity/Q106772341>	"廃駅"@ja	<http://www.wikidata.org/entity/P131>	"位置する行政区画"@ja	<https://ja.wikipedia.org/wiki/%E6%9D%B1%E6%A8%AA%E6%B5%9C%E9%A7%85>
<http://www.wikidata.org/entity/Q11527436>	"東横浜駅"@ja	<http://www.wikidata.org/entity/Q55493>	"貨物駅"@ja	<http://www.wikidata.org/entity/P131>	"位置する行政区画"@ja	<https://ja.wikipedia.org/wiki/%E6%9D%B1%E6%A8%AA%E6%B5%9C%E9%A7%85>
<http://www.wikidata.org/entity/Q11538083>	"桜木町"@ja	<http://www.wikidata.org/entity/Q5327369>	"町丁"@ja	<http://www.wikidata.org/entity/P131>	"位置する行政区画"@ja	<https://ja.wikipedia.org/wiki/%E6%A1%9C%E6%9C%A8%E7%94%BA_(%E6%A8%AA%E6%B5%9C%E5%B8%82)>
<http://www.wikidata.org/entity/Q11543081>	"横浜市立宮谷小学校"@ja	<http://www.wikidata.org/entity/Q5358913>	"日本の小学校"@ja	<http://www.wikidata.org/entity/P131>	"位置する行政区画"@ja	<https://ja.wikipedia.org/wiki/%E6%A8%AA%E6%B5%9C%E5%B8%82%E7%AB%8B%E5%AE%AE%E8%B0%B7%E5%B0%8F%E5%AD%A6%E6%A0%A1>
<http://www.wikidata.org/entity/Q11543098>	"横浜市立平沼小学校"@ja	<http://www.wikidata.org/entity/Q5358913>	"日本の小学校"@ja	<http://www.wikidata.org/entity/P131>	"位置する行政区画"@ja	<https://ja.wikipedia.org/wiki/%E6%A8%AA%E6%B5%9C%E5%B8%82%E7%AB%8B%E5%B9%B3%E6%B2%BC%E5%B0%8F%E5%AD%A6%E6%A0%A1>
<http://www.wikidata.org/entity/Q11543142>	"横浜市立老松中学校"@ja	<http://www.wikidata.org/entity/Q55521176>	"日本の中学校"@ja	<http://www.wikidata.org/entity/P131>	"位置する行政区画"@ja	<https://ja.wikipedia.org/wiki/%E6%A8%AA%E6%B5%9C%E5%B8%82%E7%AB%8B%E8%80%81%E6%9D%BE%E4%B8%AD%E5%AD%A6%E6%A0%A1>
<http://www.wikidata.org/entity/Q11543181>	"横浜市震災記念館"@ja	<http://www.wikidata.org/entity/Q33506>	"博物館"@ja	<http://www.wikidata.org/entity/P131>	"位置する行政区画"@ja	<https://ja.wikipedia.org/wiki/%E6%A8%AA%E6%B5%9C%E5%B8%82%E9%9C%87%E7%81%BD%E8%A8%98%E5%BF%B5%E9%A4%A8>
<http://www.wikidata.org/entity/Q11548437>	"水天宮平沼神社"@ja	<http://www.wikidata.org/entity/Q845945>	"神社"@ja	<http://www.wikidata.org/entity/P131>	"位置する行政区画"@ja	<https://ja.wikipedia.org/wiki/%E6%B0%B4%E5%A4%A9%E5%AE%AE%E5%B9%B3%E6%B2%BC%E7%A5%9E%E7%A4%BE>
<http://www.wikidata.org/entity/Q11557475>	"浅間神社"@ja	<http://www.wikidata.org/entity/Q845945>	"神社"@ja	<http://www.wikidata.org/entity/P131>	"位置する行政区画"@ja	<https://ja.wikipedia.org/wiki/%E6%B5%85%E9%96%93%E7%A5%9E%E7%A4%BE_(%E6%A8%AA%E6%B5%9C%E5%B8%82%E8%A5%BF%E5%8C%BA)>
<http://www.wikidata.org/entity/Q11557472>	"浅間町"@ja	<http://www.wikidata.org/entity/Q5327369>	"町丁"@ja	<http://www.wikidata.org/entity/P131>	"位置する行政区画"@ja	<https://ja.wikipedia.org/wiki/%E6%B5%85%E9%96%93%E7%94%BA_(%E6%A8%AA%E6%B5%9C%E5%B8%82)>
<http://www.wikidata.org/entity/Q11573745>	"琴似発寒川"@ja	<http://www.wikidata.org/entity/Q4022>	"川"@ja	<http://www.wikidata.org/entity/P131>	"位置する行政区画"@ja	<https://ja.wikipedia.org/wiki/%E7%90%B4%E4%BC%BC%E7%99%BA%E5%AF%92%E5%B7%9D>
<http://www.wikidata.org/entity/Q11582443>	"相鉄ジョイナス"@ja	<http://www.wikidata.org/entity/Q1339195>	"駅ビル"@ja	<http://www.wikidata.org/entity/P131>	"位置する行政区画"@ja	<https://ja.wikipedia.org/wiki/%E7%9B%B8%E9%89%84%E3%82%B8%E3%83%A7%E3%82%A4%E3%83%8A%E3%82%B9>
<http://www.wikidata.org/entity/Q11582443>	"相鉄ジョイナス"@ja	<http://www.wikidata.org/entity/Q11315>	"ショッピングセンター"@ja	<http://www.wikidata.org/entity/P131>	"位置する行政区画"@ja	<https://ja.wikipedia.org/wiki/%E7%9B%B8%E9%89%84%E3%82%B8%E3%83%A7%E3%82%A4%E3%83%8A%E3%82%B9>
<http://www.wikidata.org/entity/Q11589104>	"神奈川県立横浜平沼高等学校"@ja	<http://www.wikidata.org/entity/Q56351315>	"日本の高等学校"@ja	<http://www.wikidata.org/entity/P131>	"位置する行政区画"@ja	<https://ja.wikipedia.org/wiki/%E7%A5%9E%E5%A5%88%E5%B7%9D%E7%9C%8C%E7%AB%8B%E6%A8%AA%E6%B5%9C%E5%B9%B3%E6%B2%BC%E9%AB%98%E7%AD%89%E5%AD%A6%E6%A0%A1>
<http://www.wikidata.org/entity/Q11589198>	"神奈川県立音楽堂"@ja	<http://www.wikidata.org/entity/Q8719053>	"コンサート会場"@ja	<http://www.wikidata.org/entity/P131>	"位置する行政区画"@ja	<https://ja.wikipedia.org/wiki/%E7%A5%9E%E5%A5%88%E5%B7%9D%E7%9C%8C%E7%AB%8B%E9%9F%B3%E6%A5%BD%E5%A0%82>
<http://www.wikidata.org/entity/Q11610652>	"老松町"@ja	<http://www.wikidata.org/entity/Q5327369>	"町丁"@ja	<http://www.wikidata.org/entity/P131>	"位置する行政区画"@ja	<https://ja.wikipedia.org/wiki/%E8%80%81%E6%9D%BE%E7%94%BA_(%E6%A8%AA%E6%B5%9C%E5%B8%82)>
<http://www.wikidata.org/entity/Q11613539>	"舘山寺温泉"@ja	<http://www.wikidata.org/entity/Q655311>	"温泉"@ja	<http://www.wikidata.org/entity/P131>	"位置する行政区画"@ja	<https://ja.wikipedia.org/wiki/%E8%88%98%E5%B1%B1%E5%AF%BA%E6%B8%A9%E6%B3%89>
<http://www.wikidata.org/entity/Q11624402>	"藤棚町"@ja	<http://www.wikidata.org/entity/Q5327369>	"町丁"@ja	<http://www.wikidata.org/entity/P131>	"位置する行政区画"@ja	<https://ja.wikipedia.org/wiki/%E8%97%A4%E6%A3%9A%E7%94%BA>
<http://www.wikidata.org/entity/Q11643446>	"郷静子"@ja	<http://www.wikidata.org/entity/Q5>	"ヒト"@ja	<http://www.wikidata.org/entity/P19>	"出生地"@ja	<https://ja.wikipedia.org/wiki/%E9%83%B7%E9%9D%99%E5%AD%90>
<http://www.wikidata.org/entity/Q11649131>	"鈴木秀夫"@ja	<http://www.wikidata.org/entity/Q5>	"ヒト"@ja	<http://www.wikidata.org/entity/P20>	"死没地"@ja	<https://ja.wikipedia.org/wiki/%E9%88%B4%E6%9C%A8%E7%A7%80%E5%A4%AB>
<http://www.wikidata.org/entity/Q11665151>	"願成寺 (横浜市)"@ja	<http://www.wikidata.org/entity/Q5393308>	"仏教寺院"@ja	<http://www.wikidata.org/entity/P131>	"位置する行政区画"@ja	<https://ja.wikipedia.org/wiki/%E9%A1%98%E6%88%90%E5%AF%BA_(%E6%A8%AA%E6%B5%9C%E5%B8%82)>
<http://www.wikidata.org/entity/Q11669600>	"高島"@ja	<http://www.wikidata.org/entity/Q5327369>	"町丁"@ja	<http://www.wikidata.org/entity/P131>	"位置する行政区画"@ja	<https://ja.wikipedia.org/wiki/%E9%AB%98%E5%B3%B6_(%E6%A8%AA%E6%B5%9C%E5%B8%82)>
<http://www.wikidata.org/entity/Q11670853>	"高樹千佳子"@ja	<http://www.wikidata.org/entity/Q5>	"ヒト"@ja	<http://www.wikidata.org/entity/P19>	"出生地"@ja	<https://ja.wikipedia.org/wiki/%E9%AB%98%E6%A8%B9%E5%8D%83%E4%BD%B3%E5%AD%90>
<http://www.wikidata.org/entity/Q38283>	"横浜市"@ja	<http://www.wikidata.org/entity/Q65589340>	"都道府県庁所在地"@ja	<http://www.wikidata.org/entity/P150>	"直下の行政区画"@ja	<https://ja.wikipedia.org/wiki/%E6%A8%AA%E6%B5%9C%E5%B8%82>
<http://www.wikidata.org/entity/Q38283>	"横浜市"@ja	<http://www.wikidata.org/entity/Q50330360>	"国内で人口2位の都市"@ja	<http://www.wikidata.org/entity/P150>	"直下の行政区画"@ja	<https://ja.wikipedia.org/wiki/%E6%A8%AA%E6%B5%9C%E5%B8%82>
<http://www.wikidata.org/entity/Q38283>	"横浜市"@ja	<http://www.wikidata.org/entity/Q2264924>	"港湾都市"@ja	<http://www.wikidata.org/entity/P150>	"直下の行政区画"@ja	<https://ja.wikipedia.org/wiki/%E6%A8%AA%E6%B5%9C%E5%B8%82>
<http://www.wikidata.org/entity/Q38283>	"横浜市"@ja	<http://www.wikidata.org/entity/Q1749269>	"政令指定都市"@ja	<http://www.wikidata.org/entity/P150>	"直下の行政区画"@ja	<https://ja.wikipedia.org/wiki/%E6%A8%AA%E6%B5%9C%E5%B8%82>
<http://www.wikidata.org/entity/Q38283>	"横浜市"@ja	<http://www.wikidata.org/entity/Q1637706>	"100万都市"@ja	<http://www.wikidata.org/entity/P150>	"直下の行政区画"@ja	<https://ja.wikipedia.org/wiki/%E6%A8%AA%E6%B5%9C%E5%B8%82>
<http://www.wikidata.org/entity/Q38283>	"横浜市"@ja	<http://www.wikidata.org/entity/Q828359>	"ベッドタウン"@ja	<http://www.wikidata.org/entity/P150>	"直下の行政区画"@ja	<https://ja.wikipedia.org/wiki/%E6%A8%AA%E6%B5%9C%E5%B8%82>
<http://www.wikidata.org/entity/Q38283>	"横浜市"@ja	<http://www.wikidata.org/entity/Q691960>	"衛星都市"@ja	<http://www.wikidata.org/entity/P150>	"直下の行政区画"@ja	<https://ja.wikipedia.org/wiki/%E6%A8%AA%E6%B5%9C%E5%B8%82>
<http://www.wikidata.org/entity/Q38283>	"横浜市"@ja	<http://www.wikidata.org/entity/Q494721>	"日本の市"@ja	<http://www.wikidata.org/entity/P150>	"直下の行政区画"@ja	<https://ja.wikipedia.org/wiki/%E6%A8%AA%E6%B5%9C%E5%B8%82>
<http://www.wikidata.org/entity/Q115008868>	"ウェスティンホテル横浜"@ja	<http://www.wikidata.org/entity/Q27686>	"ホテル"@ja	<http://www.wikidata.org/entity/P131>	"位置する行政区画"@ja	<https://ja.wikipedia.org/wiki/%E3%82%A6%E3%82%A7%E3%82%B9%E3%83%86%E3%82%A3%E3%83%B3%E3%83%9B%E3%83%86%E3%83%AB%E6%A8%AA%E6%B5%9C>
<http://www.wikidata.org/entity/Q17210797>	"みなとみらい歩道橋"@ja	<http://www.wikidata.org/entity/Q7160100>	"ペデストリアンデッキ"@ja	<http://www.wikidata.org/entity/P131>	"位置する行政区画"@ja	<https://ja.wikipedia.org/wiki/%E3%81%BF%E3%81%AA%E3%81%A8%E3%81%BF%E3%82%89%E3%81%84%E6%AD%A9%E9%81%93%E6%A9%8B>
<http://www.wikidata.org/entity/Q17210797>	"みなとみらい歩道橋"@ja	<http://www.wikidata.org/entity/Q1068842>	"人道橋"@ja	<http://www.wikidata.org/entity/P131>	"位置する行政区画"@ja	<https://ja.wikipedia.org/wiki/%E3%81%BF%E3%81%AA%E3%81%A8%E3%81%BF%E3%82%89%E3%81%84%E6%AD%A9%E9%81%93%E6%A9%8B>
<http://www.wikidata.org/entity/Q17216605>	"みなとみらい学園"@ja	<http://www.wikidata.org/entity/Q155076>	"法人"@ja	<http://www.wikidata.org/entity/P159>	"本部所在地"@ja	<https://ja.wikipedia.org/wiki/%E5%AD%A6%E6%A0%A1%E6%B3%95%E4%BA%BA%E3%81%BF%E3%81%AA%E3%81%A8%E3%81%BF%E3%82%89%E3%81%84%E5%AD%A6%E5%9C%92>
<http://www.wikidata.org/entity/Q17220668>	"東福寺"@ja	<http://www.wikidata.org/entity/Q5393308>	"仏教寺院"@ja	<http://www.wikidata.org/entity/P131>	"位置する行政区画"@ja	<https://ja.wikipedia.org/wiki/%E6%9D%B1%E7%A6%8F%E5%AF%BA_(%E6%A8%AA%E6%B5%9C%E5%B8%82%E8%A5%BF%E5%8C%BA)>
<http://www.wikidata.org/entity/Q17227600>	"高島埠頭"@ja	<http://www.wikidata.org/entity/Q828909>	"埠頭"@ja	<http://www.wikidata.org/entity/P131>	"位置する行政区画"@ja	<https://ja.wikipedia.org/wiki/%E9%AB%98%E5%B3%B6%E5%9F%A0%E9%A0%AD>
<http://www.wikidata.org/entity/Q27069665>	"Category:横浜市西区の建築物"@ja	<http://www.wikidata.org/entity/Q4167836>	"ウィキメディアのカテゴリ"@ja	<http://www.wikidata.org/entity/P971>	"以下の組み合わせカテゴリ"@ja	<https://ja.wikipedia.org/wiki/Category:%E6%A8%AA%E6%B5%9C%E5%B8%82%E8%A5%BF%E5%8C%BA%E3%81%AE%E5%BB%BA%E7%AF%89%E7%89%A9>
<http://www.wikidata.org/entity/Q28682181>	"横浜市立岡野中学校"@ja	<http://www.wikidata.org/entity/Q55521176>	"日本の中学校"@ja	<http://www.wikidata.org/entity/P131>	"位置する行政区画"@ja	<https://ja.wikipedia.org/wiki/%E6%A8%AA%E6%B5%9C%E5%B8%82%E7%AB%8B%E5%B2%A1%E9%87%8E%E4%B8%AD%E5%AD%A6%E6%A0%A1>
<http://www.wikidata.org/entity/Q28683208>	"北軽井沢"@ja	<http://www.wikidata.org/entity/Q5327369>	"町丁"@ja	<http://www.wikidata.org/entity/P131>	"位置する行政区画"@ja	<https://ja.wikipedia.org/wiki/%E5%8C%97%E8%BB%BD%E4%BA%95%E6%B2%A2_(%E6%A8%AA%E6%B5%9C%E5%B8%82)>
<http://www.wikidata.org/entity/Q30927453>	"岡野"@ja	<http://www.wikidata.org/entity/Q5327369>	"町丁"@ja	<http://www.wikidata.org/entity/P131>	"位置する行政区画"@ja	<https://ja.wikipedia.org/wiki/%E5%B2%A1%E9%87%8E_(%E6%A8%AA%E6%B5%9C%E5%B8%82)>
<http://www.wikidata.org/entity/Q38277874>	"学校法人岩谷学園"@ja	<http://www.wikidata.org/entity/Q155076>	"法人"@ja	<http://www.wikidata.org/entity/P159>	"本部所在地"@ja	<https://ja.wikipedia.org/wiki/%E5%AD%A6%E6%A0%A1%E6%B3%95%E4%BA%BA%E5%B2%A9%E8%B0%B7%E5%AD%A6%E5%9C%92>
<http://www.wikidata.org/entity/Q48764372>	"赤門町"@ja	<http://www.wikidata.org/entity/Q5327369>	"町丁"@ja	<http://www.wikidata.org/entity/P131>	"位置する行政区画"@ja	<https://ja.wikipedia.org/wiki/%E8%B5%A4%E9%96%80%E7%94%BA_(%E6%A8%AA%E6%B5%9C%E5%B8%82)>
<http://www.wikidata.org/entity/Q48764595>	"東ケ丘"@ja	<http://www.wikidata.org/entity/Q5327369>	"町丁"@ja	<http://www.wikidata.org/entity/P131>	"位置する行政区画"@ja	<https://ja.wikipedia.org/wiki/%E6%9D%B1%E3%82%B1%E4%B8%98_(%E6%A8%AA%E6%B5%9C%E5%B8%82)>
<http://www.wikidata.org/entity/Q48764603>	"南軽井沢"@ja	<http://www.wikidata.org/entity/Q5327369>	"町丁"@ja	<http://www.wikidata.org/entity/P131>	"位置する行政区画"@ja	<https://ja.wikipedia.org/wiki/%E5%8D%97%E8%BB%BD%E4%BA%95%E6%B2%A2_(%E6%A8%AA%E6%B5%9C%E5%B8%82)>
<http://www.wikidata.org/entity/Q48764600>	"伊勢町"@ja	<http://www.wikidata.org/entity/Q5327369>	"町丁"@ja	<http://www.wikidata.org/entity/P131>	"位置する行政区画"@ja	<https://ja.wikipedia.org/wiki/%E4%BC%8A%E5%8B%A2%E7%94%BA_(%E6%A8%AA%E6%B5%9C%E5%B8%82)>
<http://www.wikidata.org/entity/Q48764606>	"浅間台"@ja	<http://www.wikidata.org/entity/Q5327369>	"町丁"@ja	<http://www.wikidata.org/entity/P131>	"位置する行政区画"@ja	<https://ja.wikipedia.org/wiki/%E6%B5%85%E9%96%93%E5%8F%B0_(%E6%A8%AA%E6%B5%9C%E5%B8%82)>
<http://www.wikidata.org/entity/Q48764657>	"紅葉ケ丘"@ja	<http://www.wikidata.org/entity/Q5327369>	"町丁"@ja	<http://www.wikidata.org/entity/P131>	"位置する行政区画"@ja	<https://ja.wikipedia.org/wiki/%E7%B4%85%E8%91%89%E3%82%B1%E4%B8%98>
<http://www.wikidata.org/entity/Q48764663>	"宮崎町"@ja	<http://www.wikidata.org/entity/Q5327369>	"町丁"@ja	<http://www.wikidata.org/entity/P131>	"位置する行政区画"@ja	<https://ja.wikipedia.org/wiki/%E5%AE%AE%E5%B4%8E%E7%94%BA_(%E6%A8%AA%E6%B5%9C%E5%B8%82)>
<http://www.wikidata.org/entity/Q48764669>	"戸部本町"@ja	<http://www.wikidata.org/entity/Q5327369>	"町丁"@ja	<http://www.wikidata.org/entity/P131>	"位置する行政区画"@ja	<https://ja.wikipedia.org/wiki/%E6%88%B8%E9%83%A8%E6%9C%AC%E7%94%BA>
<http://www.wikidata.org/entity/Q54152943>	"洪福寺"@ja	<http://www.wikidata.org/entity/Q5393308>	"仏教寺院"@ja	<http://www.wikidata.org/entity/P131>	"位置する行政区画"@ja	<https://ja.wikipedia.org/wiki/%E6%B4%AA%E7%A6%8F%E5%AF%BA>
<http://www.wikidata.org/entity/Q55523004>	"南浅間町"@ja	<http://www.wikidata.org/entity/Q5327369>	"町丁"@ja	<http://www.wikidata.org/entity/P131>	"位置する行政区画"@ja	<https://ja.wikipedia.org/wiki/%E5%8D%97%E6%B5%85%E9%96%93%E7%94%BA>
<http://www.wikidata.org/entity/Q55523010>	"西平沼町"@ja	<http://www.wikidata.org/entity/Q5327369>	"町丁"@ja	<http://www.wikidata.org/entity/P131>	"位置する行政区画"@ja	<https://ja.wikipedia.org/wiki/%E8%A5%BF%E5%B9%B3%E6%B2%BC%E7%94%BA>
<http://www.wikidata.org/entity/Q55523023>	"浜松町"@ja	<http://www.wikidata.org/entity/Q5327369>	"町丁"@ja	<http://www.wikidata.org/entity/P131>	"位置する行政区画"@ja	<https://ja.wikipedia.org/wiki/%E6%B5%9C%E6%9D%BE%E7%94%BA_(%E6%A8%AA%E6%B5%9C%E5%B8%82)>
<http://www.wikidata.org/entity/Q55523020>	"西前町"@ja	<http://www.wikidata.org/entity/Q5327369>	"町丁"@ja	<http://www.wikidata.org/entity/P131>	"位置する行政区画"@ja	<https://ja.wikipedia.org/wiki/%E8%A5%BF%E5%89%8D%E7%94%BA>
<http://www.wikidata.org/entity/Q55524085>	"西戸部町"@ja	<http://www.wikidata.org/entity/Q5327369>	"町丁"@ja	<http://www.wikidata.org/entity/P131>	"位置する行政区画"@ja	<https://ja.wikipedia.org/wiki/%E8%A5%BF%E6%88%B8%E9%83%A8%E7%94%BA>
<http://www.wikidata.org/entity/Q55530073>	"横浜市立みなとみらい本町小学校"@ja	<http://www.wikidata.org/entity/Q5358913>	"日本の小学校"@ja	<http://www.wikidata.org/entity/P131>	"位置する行政区画"@ja	<https://ja.wikipedia.org/wiki/%E6%A8%AA%E6%B5%9C%E5%B8%82%E7%AB%8B%E3%81%BF%E3%81%AA%E3%81%A8%E3%81%BF%E3%82%89%E3%81%84%E6%9C%AC%E7%94%BA%E5%B0%8F%E5%AD%A6%E6%A0%A1>
<http://www.wikidata.org/entity/Q60986590>	"学校法人石川学園"@ja	<http://www.wikidata.org/entity/Q155076>	"法人"@ja	<http://www.wikidata.org/entity/P159>	"本部所在地"@ja	<https://ja.wikipedia.org/wiki/%E5%AD%A6%E6%A0%A1%E6%B3%95%E4%BA%BA%E7%9F%B3%E5%B7%9D%E5%AD%A6%E5%9C%92>
<http://www.wikidata.org/entity/Q60988330>	"大谷龍太"@ja	<http://www.wikidata.org/entity/Q5>	"ヒト"@ja	<http://www.wikidata.org/entity/P19>	"出生地"@ja	<https://ja.wikipedia.org/wiki/%E5%A4%A7%E8%B0%B7%E9%BE%8D%E5%A4%AA>
<http://www.wikidata.org/entity/Q65247412>	"ヨコハマプラザホテル"@ja	<http://www.wikidata.org/entity/Q27686>	"ホテル"@ja	<http://www.wikidata.org/entity/P131>	"位置する行政区画"@ja	<https://ja.wikipedia.org/wiki/%E3%83%A8%E3%82%B3%E3%83%8F%E3%83%9E%E3%83%97%E3%83%A9%E3%82%B6%E3%83%9B%E3%83%86%E3%83%AB>
<http://www.wikidata.org/entity/Q84530968>	"横浜グランゲート"@ja	<http://www.wikidata.org/entity/Q1021645>	"オフィスビル"@ja	<http://www.wikidata.org/entity/P131>	"位置する行政区画"@ja	<https://ja.wikipedia.org/wiki/%E6%A8%AA%E6%B5%9C%E3%82%B0%E3%83%A9%E3%83%B3%E3%82%B2%E3%83%BC%E3%83%88>
<http://www.wikidata.org/entity/Q86744580>	"霞ケ丘"@ja	<http://www.wikidata.org/entity/Q5327369>	"町丁"@ja	<http://www.wikidata.org/entity/P131>	"位置する行政区画"@ja	<https://ja.wikipedia.org/wiki/%E9%9C%9E%E3%82%B1%E4%B8%98_(%E6%A8%AA%E6%B5%9C%E5%B8%82%E8%A5%BF%E5%8C%BA)>
<http://www.wikidata.org/entity/Q87263765>	"横浜市立一本松小学校"@ja	<http://www.wikidata.org/entity/Q5358913>	"日本の小学校"@ja	<http://www.wikidata.org/entity/P131>	"位置する行政区画"@ja	<https://ja.wikipedia.org/wiki/%E6%A8%AA%E6%B5%9C%E5%B8%82%E7%AB%8B%E4%B8%80%E6%9C%AC%E6%9D%BE%E5%B0%8F%E5%AD%A6%E6%A0%A1>
<http://www.wikidata.org/entity/Q96096732>	"オーシャンゲートみなとみらい"@ja	<http://www.wikidata.org/entity/Q1021645>	"オフィスビル"@ja	<http://www.wikidata.org/entity/P131>	"位置する行政区画"@ja	<https://ja.wikipedia.org/wiki/%E3%82%AA%E3%83%BC%E3%82%B7%E3%83%A3%E3%83%B3%E3%82%B2%E3%83%BC%E3%83%88%E3%81%BF%E3%81%AA%E3%81%A8%E3%81%BF%E3%82%89%E3%81%84>
<http://www.wikidata.org/entity/Q96096732>	"オーシャンゲートみなとみらい"@ja	<http://www.wikidata.org/entity/Q41176>	"建築物"@ja	<http://www.wikidata.org/entity/P131>	"位置する行政区画"@ja	<https://ja.wikipedia.org/wiki/%E3%82%AA%E3%83%BC%E3%82%B7%E3%83%A3%E3%83%B3%E3%82%B2%E3%83%BC%E3%83%88%E3%81%BF%E3%81%AA%E3%81%A8%E3%81%BF%E3%82%89%E3%81%84>
<http://www.wikidata.org/entity/Q96096732>	"オーシャンゲートみなとみらい"@ja	<http://www.wikidata.org/entity/Q11303>	"超高層建築物"@ja	<http://www.wikidata.org/entity/P131>	"位置する行政区画"@ja	<https://ja.wikipedia.org/wiki/%E3%82%AA%E3%83%BC%E3%82%B7%E3%83%A3%E3%83%B3%E3%82%B2%E3%83%BC%E3%83%88%E3%81%BF%E3%81%AA%E3%81%A8%E3%81%BF%E3%82%89%E3%81%84>
<http://www.wikidata.org/entity/Q96251444>	"楠町"@ja	<http://www.wikidata.org/entity/Q5327369>	"町丁"@ja	<http://www.wikidata.org/entity/P131>	"位置する行政区画"@ja	<https://ja.wikipedia.org/wiki/%E6%A5%A0%E7%94%BA_(%E6%A8%AA%E6%B5%9C%E5%B8%82)>
<http://www.wikidata.org/entity/Q96251444>	"楠町"@ja	<http://www.wikidata.org/entity/Q486972>	"集落"@ja	<http://www.wikidata.org/entity/P131>	"位置する行政区画"@ja	<https://ja.wikipedia.org/wiki/%E6%A5%A0%E7%94%BA_(%E6%A8%AA%E6%B5%9C%E5%B8%82)>
<http://www.wikidata.org/entity/Q97278854>	"久保町"@ja	<http://www.wikidata.org/entity/Q5327369>	"町丁"@ja	<http://www.wikidata.org/entity/P131>	"位置する行政区画"@ja	<https://ja.wikipedia.org/wiki/%E4%B9%85%E4%BF%9D%E7%94%BA_(%E6%A8%AA%E6%B5%9C%E5%B8%82)>
<http://www.wikidata.org/entity/Q97278919>	"元久保町"@ja	<http://www.wikidata.org/entity/Q5327369>	"町丁"@ja	<http://www.wikidata.org/entity/P131>	"位置する行政区画"@ja	<https://ja.wikipedia.org/wiki/%E5%85%83%E4%B9%85%E4%BF%9D%E7%94%BA>
<http://www.wikidata.org/entity/Q97278999>	"境之谷"@ja	<http://www.wikidata.org/entity/Q5327369>	"町丁"@ja	<http://www.wikidata.org/entity/P131>	"位置する行政区画"@ja	<https://ja.wikipedia.org/wiki/%E5%A2%83%E4%B9%8B%E8%B0%B7>
<http://www.wikidata.org/entity/Q97279065>	"宮ケ谷"@ja	<http://www.wikidata.org/entity/Q5327369>	"町丁"@ja	<http://www.wikidata.org/entity/P131>	"位置する行政区画"@ja	<https://ja.wikipedia.org/wiki/%E5%AE%AE%E3%82%B1%E8%B0%B7>
<http://www.wikidata.org/entity/Q97279150>	"御所山町"@ja	<http://www.wikidata.org/entity/Q5327369>	"町丁"@ja	<http://www.wikidata.org/entity/P131>	"位置する行政区画"@ja	<https://ja.wikipedia.org/wiki/%E5%BE%A1%E6%89%80%E5%B1%B1%E7%94%BA>
<http://www.wikidata.org/entity/Q97279227>	"東久保町"@ja	<http://www.wikidata.org/entity/Q5327369>	"町丁"@ja	<http://www.wikidata.org/entity/P131>	"位置する行政区画"@ja	<https://ja.wikipedia.org/wiki/%E6%9D%B1%E4%B9%85%E4%BF%9D%E7%94%BA_(%E6%A8%AA%E6%B5%9C%E5%B8%82)>
<http://www.wikidata.org/entity/Q109266106>	"横濱ゲートタワー"@ja	<http://www.wikidata.org/entity/Q1021645>	"オフィスビル"@ja	<http://www.wikidata.org/entity/P131>	"位置する行政区画"@ja	<https://ja.wikipedia.org/wiki/%E6%A8%AA%E6%BF%B1%E3%82%B2%E3%83%BC%E3%83%88%E3%82%BF%E3%83%AF%E3%83%BC>
<http://www.wikidata.org/entity/Q109598493>	"横浜三越"@ja	<http://www.wikidata.org/entity/Q31374404>	"ショッピングモール"@ja	<http://www.wikidata.org/entity/P131>	"位置する行政区画"@ja	<https://ja.wikipedia.org/wiki/%E6%A8%AA%E6%B5%9C%E4%B8%89%E8%B6%8A>
<http://www.wikidata.org/entity/Q114960719>	"横浜コネクトスクエア"@ja	<http://www.wikidata.org/entity/Q920600>	"都市再開発"@ja	<http://www.wikidata.org/entity/P131>	"位置する行政区画"@ja	<https://ja.wikipedia.org/wiki/%E6%A8%AA%E6%B5%9C%E3%82%B3%E3%83%8D%E3%82%AF%E3%83%88%E3%82%B9%E3%82%AF%E3%82%A8%E3%82%A2>
<http://www.wikidata.org/entity/Q114960719>	"横浜コネクトスクエア"@ja	<http://www.wikidata.org/entity/Q11303>	"超高層建築物"@ja	<http://www.wikidata.org/entity/P131>	"位置する行政区画"@ja	<https://ja.wikipedia.org/wiki/%E6%A8%AA%E6%B5%9C%E3%82%B3%E3%83%8D%E3%82%AF%E3%83%88%E3%82%B9%E3%82%AF%E3%82%A8%E3%82%A2>
<http://www.wikidata.org/entity/Q115008674>	"横浜シンフォステージ"@ja	<http://www.wikidata.org/entity/Q920600>	"都市再開発"@ja	<http://www.wikidata.org/entity/P131>	"位置する行政区画"@ja	<https://ja.wikipedia.org/wiki/%E6%A8%AA%E6%B5%9C%E3%82%B7%E3%83%B3%E3%83%95%E3%82%A9%E3%82%B9%E3%83%86%E3%83%BC%E3%82%B8>
<http://www.wikidata.org/entity/Q115008674>	"横浜シンフォステージ"@ja	<http://www.wikidata.org/entity/Q11303>	"超高層建築物"@ja	<http://www.wikidata.org/entity/P131>	"位置する行政区画"@ja	<https://ja.wikipedia.org/wiki/%E6%A8%AA%E6%B5%9C%E3%82%B7%E3%83%B3%E3%83%95%E3%82%A9%E3%82%B9%E3%83%86%E3%83%BC%E3%82%B8>
<http://www.wikidata.org/entity/Q29045287>	"神奈川県立図書館本館"@ja	<http://www.wikidata.org/entity/Q856584>	"図書館施設"@ja	<http://www.wikidata.org/entity/P131>	"位置する行政区画"@ja	
<http://www.wikidata.org/entity/Q87263763>	"横浜市立東小学校"@ja	<http://www.wikidata.org/entity/Q5358913>	"日本の小学校"@ja	<http://www.wikidata.org/entity/P131>	"位置する行政区画"@ja	
<http://www.wikidata.org/entity/Q87263760>	"横浜市立戸部小学校"@ja	<http://www.wikidata.org/entity/Q5358913>	"日本の小学校"@ja	<http://www.wikidata.org/entity/P131>	"位置する行政区画"@ja	
<http://www.wikidata.org/entity/Q87263767>	"横浜市立西前小学校"@ja	<http://www.wikidata.org/entity/Q5358913>	"日本の小学校"@ja	<http://www.wikidata.org/entity/P131>	"位置する行政区画"@ja	
<http://www.wikidata.org/entity/Q87263769>	"横浜市立稲荷台小学校"@ja	<http://www.wikidata.org/entity/Q5358913>	"日本の小学校"@ja	<http://www.wikidata.org/entity/P131>	"位置する行政区画"@ja	
<http://www.wikidata.org/entity/Q87263772>	"横浜市立浅間台小学校"@ja	<http://www.wikidata.org/entity/Q5358913>	"日本の小学校"@ja	<http://www.wikidata.org/entity/P131>	"位置する行政区画"@ja	
<http://www.wikidata.org/entity/Q87318735>	"横浜市立西中学校"@ja	<http://www.wikidata.org/entity/Q55521176>	"日本の中学校"@ja	<http://www.wikidata.org/entity/P131>	"位置する行政区画"@ja	
<http://www.wikidata.org/entity/Q87318738>	"横浜市立軽井沢中学校"@ja	<http://www.wikidata.org/entity/Q55521176>	"日本の中学校"@ja	<http://www.wikidata.org/entity/P131>	"位置する行政区画"@ja	
<http://www.wikidata.org/entity/Q87335628>	"神奈川県立保土ケ谷養護学校 横浜平沼分教室"@ja	<http://www.wikidata.org/entity/Q11396122>	"分校"@ja	<http://www.wikidata.org/entity/P131>	"位置する行政区画"@ja	
<http://www.wikidata.org/entity/Q99068470>	"ザ・カハラ・ホテル&リゾート 横浜"@ja	<http://www.wikidata.org/entity/Q27686>	"ホテル"@ja	<http://www.wikidata.org/entity/P131>	"位置する行政区画"@ja	
<http://www.wikidata.org/entity/Q99074227>	"村田製作所みなとみらいイノベーションセンター"@ja	<http://www.wikidata.org/entity/Q11303>	"超高層建築物"@ja	<http://www.wikidata.org/entity/P131>	"位置する行政区画"@ja	
<http://www.wikidata.org/entity/Q99076387>	"KT Zepp 横浜"@ja	<http://www.wikidata.org/entity/Q3083079>	"ライブハウス"@ja	<http://www.wikidata.org/entity/P131>	"位置する行政区画"@ja	
<http://www.wikidata.org/entity/Q109265914>	"コニカミノルタプラネタリアYOKOHAMA"@ja	<http://www.wikidata.org/entity/Q148319>	"プラネタリウム"@ja	<http://www.wikidata.org/entity/P131>	"位置する行政区画"@ja	
<http://www.wikidata.org/entity/Q111158226>	"横浜駅"@ja	<http://www.wikidata.org/entity/Q928830>	"地下鉄駅"@ja	<http://www.wikidata.org/entity/P131>	"位置する行政区画"@ja	
