?s	?sLabel	?type	?typeLabel	?prop	?propLabel	?jwiki
<http://www.wikidata.org/entity/Q11501996>	"新山下"@ja	<http://www.wikidata.org/entity/Q5327369>	"町丁"@ja	<http://www.wikidata.org/entity/P131>	"位置する行政区画"@ja	<https://ja.wikipedia.org/wiki/%E6%96%B0%E5%B1%B1%E4%B8%8B>
<http://www.wikidata.org/entity/Q11502760>	"新港"@ja	<http://www.wikidata.org/entity/Q5327369>	"町丁"@ja	<http://www.wikidata.org/entity/P131>	"位置する行政区画"@ja	<https://ja.wikipedia.org/wiki/%E6%96%B0%E6%B8%AF_(%E6%A8%AA%E6%B5%9C%E5%B8%82)>
<http://www.wikidata.org/entity/Q11504706>	"日ノ出町"@ja	<http://www.wikidata.org/entity/Q5327369>	"町丁"@ja	<http://www.wikidata.org/entity/P131>	"位置する行政区画"@ja	<https://ja.wikipedia.org/wiki/%E6%97%A5%E3%83%8E%E5%87%BA%E7%94%BA_(%E6%A8%AA%E6%B5%9C%E5%B8%82)>
<http://www.wikidata.org/entity/Q11507884>	"日本大通"@ja	<http://www.wikidata.org/entity/Q5327369>	"町丁"@ja	<http://www.wikidata.org/entity/P131>	"位置する行政区画"@ja	<https://ja.wikipedia.org/wiki/%E6%97%A5%E6%9C%AC%E5%A4%A7%E9%80%9A>
<http://www.wikidata.org/entity/Q11507884>	"日本大通"@ja	<http://www.wikidata.org/entity/Q79007>	"街路"@ja	<http://www.wikidata.org/entity/P131>	"位置する行政区画"@ja	<https://ja.wikipedia.org/wiki/%E6%97%A5%E6%9C%AC%E5%A4%A7%E9%80%9A>
<http://www.wikidata.org/entity/Q11515054>	"曙町"@ja	<http://www.wikidata.org/entity/Q5327369>	"町丁"@ja	<http://www.wikidata.org/entity/P131>	"位置する行政区画"@ja	<https://ja.wikipedia.org/wiki/%E6%9B%99%E7%94%BA_(%E6%A8%AA%E6%B5%9C%E5%B8%82)>
<http://www.wikidata.org/entity/Q11520543>	"本牧"@ja	<http://www.wikidata.org/entity/Q3957>	"街"@ja	<http://www.wikidata.org/entity/P131>	"位置する行政区画"@ja	<https://ja.wikipedia.org/wiki/%E6%9C%AC%E7%89%A7>
<http://www.wikidata.org/entity/Q11520546>	"本牧埠頭"@ja	<http://www.wikidata.org/entity/Q828909>	"埠頭"@ja	<http://www.wikidata.org/entity/P131>	"位置する行政区画"@ja	<https://ja.wikipedia.org/wiki/%E6%9C%AC%E7%89%A7%E5%9F%A0%E9%A0%AD>
<http://www.wikidata.org/entity/Q11520548>	"本牧山頂公園"@ja	<http://www.wikidata.org/entity/Q22746>	"都市公園"@ja	<http://www.wikidata.org/entity/P131>	"位置する行政区画"@ja	<https://ja.wikipedia.org/wiki/%E6%9C%AC%E7%89%A7%E5%B1%B1%E9%A0%82%E5%85%AC%E5%9C%92>
<http://www.wikidata.org/entity/Q11536319>	"根岸森林公園"@ja	<http://www.wikidata.org/entity/Q6629955>	"森林公園"@ja	<http://www.wikidata.org/entity/P131>	"位置する行政区画"@ja	<https://ja.wikipedia.org/wiki/%E6%A0%B9%E5%B2%B8%E6%A3%AE%E6%9E%97%E5%85%AC%E5%9C%92>
<http://www.wikidata.org/entity/Q11538083>	"桜木町"@ja	<http://www.wikidata.org/entity/Q5327369>	"町丁"@ja	<http://www.wikidata.org/entity/P131>	"位置する行政区画"@ja	<https://ja.wikipedia.org/wiki/%E6%A1%9C%E6%9C%A8%E7%94%BA_(%E6%A8%AA%E6%B5%9C%E5%B8%82)>
<http://www.wikidata.org/entity/Q11542926>	"横浜公園平和野球場"@ja	<http://www.wikidata.org/entity/Q809889>	"野球場"@ja	<http://www.wikidata.org/entity/P131>	"位置する行政区画"@ja	<https://ja.wikipedia.org/wiki/%E6%A8%AA%E6%B5%9C%E5%85%AC%E5%9C%92%E5%B9%B3%E5%92%8C%E9%87%8E%E7%90%83%E5%A0%B4>
<http://www.wikidata.org/entity/Q11542924>	"横浜公園"@ja	<http://www.wikidata.org/entity/Q5327369>	"町丁"@ja	<http://www.wikidata.org/entity/P131>	"位置する行政区画"@ja	<https://ja.wikipedia.org/wiki/%E6%A8%AA%E6%B5%9C%E5%85%AC%E5%9C%92>
<http://www.wikidata.org/entity/Q11542924>	"横浜公園"@ja	<http://www.wikidata.org/entity/Q22746>	"都市公園"@ja	<http://www.wikidata.org/entity/P131>	"位置する行政区画"@ja	<https://ja.wikipedia.org/wiki/%E6%A8%AA%E6%B5%9C%E5%85%AC%E5%9C%92>
<http://www.wikidata.org/entity/Q11542925>	"横浜共立学園中学校・高等学校"@ja	<http://www.wikidata.org/entity/Q21655594>	"日本の中高一貫校"@ja	<http://www.wikidata.org/entity/P131>	"位置する行政区画"@ja	<https://ja.wikipedia.org/wiki/%E6%A8%AA%E6%B5%9C%E5%85%B1%E7%AB%8B%E5%AD%A6%E5%9C%92%E4%B8%AD%E5%AD%A6%E6%A0%A1%E3%83%BB%E9%AB%98%E7%AD%89%E5%AD%A6%E6%A0%A1>
<http://www.wikidata.org/entity/Q11542949>	"横浜国立大学教育学部附属横浜小学校"@ja	<http://www.wikidata.org/entity/Q5358913>	"日本の小学校"@ja	<http://www.wikidata.org/entity/P131>	"位置する行政区画"@ja	<https://ja.wikipedia.org/wiki/%E6%A8%AA%E6%B5%9C%E5%9B%BD%E7%AB%8B%E5%A4%A7%E5%AD%A6%E6%95%99%E8%82%B2%E5%AD%A6%E9%83%A8%E9%99%84%E5%B1%9E%E6%A8%AA%E6%B5%9C%E5%B0%8F%E5%AD%A6%E6%A0%A1>
<http://www.wikidata.org/entity/Q11542967>	"横浜家庭裁判所"@ja	<http://www.wikidata.org/entity/Q82749>	"家庭裁判所"@ja	<http://www.wikidata.org/entity/P131>	"位置する行政区画"@ja	<https://ja.wikipedia.org/wiki/%E6%A8%AA%E6%B5%9C%E5%AE%B6%E5%BA%AD%E8%A3%81%E5%88%A4%E6%89%80>
<http://www.wikidata.org/entity/Q11543038>	"横浜市立みなと総合高等学校"@ja	<http://www.wikidata.org/entity/Q56351315>	"日本の高等学校"@ja	<http://www.wikidata.org/entity/P131>	"位置する行政区画"@ja	<https://ja.wikipedia.org/wiki/%E6%A8%AA%E6%B5%9C%E5%B8%82%E7%AB%8B%E3%81%BF%E3%81%AA%E3%81%A8%E7%B7%8F%E5%90%88%E9%AB%98%E7%AD%89%E5%AD%A6%E6%A0%A1>
<http://www.wikidata.org/entity/Q11543039>	"横浜市立みなと赤十字病院"@ja	<http://www.wikidata.org/entity/Q4287745>	"医療関係機関"@ja	<http://www.wikidata.org/entity/P131>	"位置する行政区画"@ja	<https://ja.wikipedia.org/wiki/%E6%A8%AA%E6%B5%9C%E5%B8%82%E7%AB%8B%E3%81%BF%E3%81%AA%E3%81%A8%E8%B5%A4%E5%8D%81%E5%AD%97%E7%97%85%E9%99%A2>
<http://www.wikidata.org/entity/Q11543039>	"横浜市立みなと赤十字病院"@ja	<http://www.wikidata.org/entity/Q16917>	"病院"@ja	<http://www.wikidata.org/entity/P131>	"位置する行政区画"@ja	<https://ja.wikipedia.org/wiki/%E6%A8%AA%E6%B5%9C%E5%B8%82%E7%AB%8B%E3%81%BF%E3%81%AA%E3%81%A8%E8%B5%A4%E5%8D%81%E5%AD%97%E7%97%85%E9%99%A2>
<http://www.wikidata.org/entity/Q11543058>	"横浜市立仲尾台中学校"@ja	<http://www.wikidata.org/entity/Q55521176>	"日本の中学校"@ja	<http://www.wikidata.org/entity/P131>	"位置する行政区画"@ja	<https://ja.wikipedia.org/wiki/%E6%A8%AA%E6%B5%9C%E5%B8%82%E7%AB%8B%E4%BB%B2%E5%B0%BE%E5%8F%B0%E4%B8%AD%E5%AD%A6%E6%A0%A1>
<http://www.wikidata.org/entity/Q11543109>	"横浜市立本町小学校"@ja	<http://www.wikidata.org/entity/Q5358913>	"日本の小学校"@ja	<http://www.wikidata.org/entity/P131>	"位置する行政区画"@ja	<https://ja.wikipedia.org/wiki/%E6%A8%AA%E6%B5%9C%E5%B8%82%E7%AB%8B%E6%9C%AC%E7%94%BA%E5%B0%8F%E5%AD%A6%E6%A0%A1>
<http://www.wikidata.org/entity/Q11543162>	"横浜市立間門小学校"@ja	<http://www.wikidata.org/entity/Q5358913>	"日本の小学校"@ja	<http://www.wikidata.org/entity/P131>	"位置する行政区画"@ja	<https://ja.wikipedia.org/wiki/%E6%A8%AA%E6%B5%9C%E5%B8%82%E7%AB%8B%E9%96%93%E9%96%80%E5%B0%8F%E5%AD%A6%E6%A0%A1>
<http://www.wikidata.org/entity/Q11543242>	"横浜簡易裁判所"@ja	<http://www.wikidata.org/entity/Q11603901>	"簡易裁判所"@ja	<http://www.wikidata.org/entity/P131>	"位置する行政区画"@ja	<https://ja.wikipedia.org/wiki/%E6%A8%AA%E6%B5%9C%E7%B0%A1%E6%98%93%E8%A3%81%E5%88%A4%E6%89%80>
<http://www.wikidata.org/entity/Q11543263>	"横浜訓盲学院"@ja	<http://www.wikidata.org/entity/Q43271061>	"特別支援学校"@ja	<http://www.wikidata.org/entity/P131>	"位置する行政区画"@ja	<https://ja.wikipedia.org/wiki/%E6%A8%AA%E6%B5%9C%E8%A8%93%E7%9B%B2%E5%AD%A6%E9%99%A2>
<http://www.wikidata.org/entity/Q11543263>	"横浜訓盲学院"@ja	<http://www.wikidata.org/entity/Q28936014>	"盲学校"@ja	<http://www.wikidata.org/entity/P131>	"位置する行政区画"@ja	<https://ja.wikipedia.org/wiki/%E6%A8%AA%E6%B5%9C%E8%A8%93%E7%9B%B2%E5%AD%A6%E9%99%A2>
<http://www.wikidata.org/entity/Q11543282>	"横浜雙葉小学校"@ja	<http://www.wikidata.org/entity/Q5358913>	"日本の小学校"@ja	<http://www.wikidata.org/entity/P131>	"位置する行政区画"@ja	<https://ja.wikipedia.org/wiki/%E6%A8%AA%E6%B5%9C%E9%9B%99%E8%91%89%E5%B0%8F%E5%AD%A6%E6%A0%A1>
<http://www.wikidata.org/entity/Q11543281>	"横浜雙葉中学校・高等学校"@ja	<http://www.wikidata.org/entity/Q21655594>	"日本の中高一貫校"@ja	<http://www.wikidata.org/entity/P131>	"位置する行政区画"@ja	<https://ja.wikipedia.org/wiki/%E6%A8%AA%E6%B5%9C%E9%9B%99%E8%91%89%E4%B8%AD%E5%AD%A6%E6%A0%A1%E3%83%BB%E9%AB%98%E7%AD%89%E5%AD%A6%E6%A0%A1>
<http://www.wikidata.org/entity/Q11558894>	"海岸通"@ja	<http://www.wikidata.org/entity/Q5327369>	"町丁"@ja	<http://www.wikidata.org/entity/P131>	"位置する行政区画"@ja	<https://ja.wikipedia.org/wiki/%E6%B5%B7%E5%B2%B8%E9%80%9A_(%E6%A8%AA%E6%B5%9C%E5%B8%82)>
<http://www.wikidata.org/entity/Q11561785>	"渋谷駅駅員銃撃事件"@ja	<http://www.wikidata.org/entity/Q12890393>	"事件"@ja	<http://www.wikidata.org/entity/P131>	"位置する行政区画"@ja	<https://ja.wikipedia.org/wiki/%E6%B8%8B%E8%B0%B7%E9%A7%85%E9%A7%85%E5%93%A1%E9%8A%83%E6%92%83%E4%BA%8B%E4%BB%B6>
<http://www.wikidata.org/entity/Q11561785>	"渋谷駅駅員銃撃事件"@ja	<http://www.wikidata.org/entity/Q11573451>	"現住建造物等放火罪"@ja	<http://www.wikidata.org/entity/P131>	"位置する行政区画"@ja	<https://ja.wikipedia.org/wiki/%E6%B8%8B%E8%B0%B7%E9%A7%85%E9%A7%85%E5%93%A1%E9%8A%83%E6%92%83%E4%BA%8B%E4%BB%B6>
<http://www.wikidata.org/entity/Q11561785>	"渋谷駅駅員銃撃事件"@ja	<http://www.wikidata.org/entity/Q11487748>	"強盗致死傷罪"@ja	<http://www.wikidata.org/entity/P131>	"位置する行政区画"@ja	<https://ja.wikipedia.org/wiki/%E6%B8%8B%E8%B0%B7%E9%A7%85%E9%A7%85%E5%93%A1%E9%8A%83%E6%92%83%E4%BA%8B%E4%BB%B6>
<http://www.wikidata.org/entity/Q11562439>	"渡辺真理"@ja	<http://www.wikidata.org/entity/Q5>	"ヒト"@ja	<http://www.wikidata.org/entity/P19>	"出生地"@ja	<https://ja.wikipedia.org/wiki/%E6%B8%A1%E8%BE%BA%E7%9C%9F%E7%90%86>
<http://www.wikidata.org/entity/Q11563358>	"湘南電気鉄道"@ja	<http://www.wikidata.org/entity/Q6881511>	"事業者"@ja	<http://www.wikidata.org/entity/P159>	"本部所在地"@ja	<https://ja.wikipedia.org/wiki/%E6%B9%98%E5%8D%97%E9%9B%BB%E6%B0%97%E9%89%84%E9%81%93>
<http://www.wikidata.org/entity/Q11563358>	"湘南電気鉄道"@ja	<http://www.wikidata.org/entity/Q4830453>	"企業"@ja	<http://www.wikidata.org/entity/P159>	"本部所在地"@ja	<https://ja.wikipedia.org/wiki/%E6%B9%98%E5%8D%97%E9%9B%BB%E6%B0%97%E9%89%84%E9%81%93>
<http://www.wikidata.org/entity/Q11563358>	"湘南電気鉄道"@ja	<http://www.wikidata.org/entity/Q249556>	"鉄道事業体"@ja	<http://www.wikidata.org/entity/P159>	"本部所在地"@ja	<https://ja.wikipedia.org/wiki/%E6%B9%98%E5%8D%97%E9%9B%BB%E6%B0%97%E9%89%84%E9%81%93>
<http://www.wikidata.org/entity/Q11565278>	"滝田裕介"@ja	<http://www.wikidata.org/entity/Q5>	"ヒト"@ja	<http://www.wikidata.org/entity/P20>	"死没地"@ja	<https://ja.wikipedia.org/wiki/%E6%BB%9D%E7%94%B0%E8%A3%95%E4%BB%8B>
<http://www.wikidata.org/entity/Q11568662>	"熊田五郎"@ja	<http://www.wikidata.org/entity/Q5>	"ヒト"@ja	<http://www.wikidata.org/entity/P19>	"出生地"@ja	<https://ja.wikipedia.org/wiki/%E7%86%8A%E7%94%B0%E5%8D%83%E4%BD%B3%E6%85%95>
<http://www.wikidata.org/entity/Q11585915>	"石川町ジャンクション"@ja	<http://www.wikidata.org/entity/Q1788454>	"ジャンクション"@ja	<http://www.wikidata.org/entity/P131>	"位置する行政区画"@ja	<https://ja.wikipedia.org/wiki/%E7%9F%B3%E5%B7%9D%E7%94%BA%E3%82%B8%E3%83%A3%E3%83%B3%E3%82%AF%E3%82%B7%E3%83%A7%E3%83%B3>
<http://www.wikidata.org/entity/Q11585913>	"石川町"@ja	<http://www.wikidata.org/entity/Q5327369>	"町丁"@ja	<http://www.wikidata.org/entity/P131>	"位置する行政区画"@ja	<https://ja.wikipedia.org/wiki/%E7%9F%B3%E5%B7%9D%E7%94%BA_(%E6%A8%AA%E6%B5%9C%E5%B8%82)>
<http://www.wikidata.org/entity/Q11585916>	"石川町入口"@ja	<http://www.wikidata.org/entity/Q2376564>	"インターチェンジ"@ja	<http://www.wikidata.org/entity/P131>	"位置する行政区画"@ja	<https://ja.wikipedia.org/wiki/%E7%9F%B3%E5%B7%9D%E7%94%BA%E5%85%A5%E5%8F%A3>
<http://www.wikidata.org/entity/Q11588898>	"神奈川労働局"@ja	<http://www.wikidata.org/entity/Q11643849>	"都道府県労働局"@ja	<http://www.wikidata.org/entity/P131>	"位置する行政区画"@ja	<https://ja.wikipedia.org/wiki/%E7%A5%9E%E5%A5%88%E5%B7%9D%E5%8A%B4%E5%83%8D%E5%B1%80>
<http://www.wikidata.org/entity/Q11589110>	"神奈川県立横浜緑ヶ丘高等学校"@ja	<http://www.wikidata.org/entity/Q56351315>	"日本の高等学校"@ja	<http://www.wikidata.org/entity/P131>	"位置する行政区画"@ja	<https://ja.wikipedia.org/wiki/%E7%A5%9E%E5%A5%88%E5%B7%9D%E7%9C%8C%E7%AB%8B%E6%A8%AA%E6%B5%9C%E7%B7%91%E3%82%B1%E4%B8%98%E9%AB%98%E7%AD%89%E5%AD%A6%E6%A0%A1>
<http://www.wikidata.org/entity/Q11589108>	"神奈川県立横浜立野高等学校"@ja	<http://www.wikidata.org/entity/Q56351315>	"日本の高等学校"@ja	<http://www.wikidata.org/entity/P131>	"位置する行政区画"@ja	<https://ja.wikipedia.org/wiki/%E7%A5%9E%E5%A5%88%E5%B7%9D%E7%9C%8C%E7%AB%8B%E6%A8%AA%E6%B5%9C%E7%AB%8B%E9%87%8E%E9%AB%98%E7%AD%89%E5%AD%A6%E6%A0%A1>
<http://www.wikidata.org/entity/Q11589399>	"本牧線"@ja	<http://www.wikidata.org/entity/Q728937>	"鉄道路線"@ja	<http://www.wikidata.org/entity/P131>	"位置する行政区画"@ja	<https://ja.wikipedia.org/wiki/%E7%A5%9E%E5%A5%88%E5%B7%9D%E8%87%A8%E6%B5%B7%E9%89%84%E9%81%93%E6%9C%AC%E7%89%A7%E7%B7%9A>
<http://www.wikidata.org/entity/Q11591967>	"福富町"@ja	<http://www.wikidata.org/entity/Q5327369>	"町丁"@ja	<http://www.wikidata.org/entity/P131>	"位置する行政区画"@ja	<https://ja.wikipedia.org/wiki/%E7%A6%8F%E5%AF%8C%E7%94%BA_(%E6%A8%AA%E6%B5%9C%E5%B8%82)>
<http://www.wikidata.org/entity/Q11605086>	"紀田順一郎"@ja	<http://www.wikidata.org/entity/Q5>	"ヒト"@ja	<http://www.wikidata.org/entity/P19>	"出生地"@ja	<https://ja.wikipedia.org/wiki/%E7%B4%80%E7%94%B0%E9%A0%86%E4%B8%80%E9%83%8E>
<http://www.wikidata.org/entity/Q11610365>	"羽衣町"@ja	<http://www.wikidata.org/entity/Q5327369>	"町丁"@ja	<http://www.wikidata.org/entity/P131>	"位置する行政区画"@ja	<https://ja.wikipedia.org/wiki/%E7%BE%BD%E8%A1%A3%E7%94%BA_(%E6%A8%AA%E6%B5%9C%E5%B8%82)>
<http://www.wikidata.org/entity/Q11610955>	"聖坂養護学校"@ja	<http://www.wikidata.org/entity/Q43271061>	"特別支援学校"@ja	<http://www.wikidata.org/entity/P131>	"位置する行政区画"@ja	<https://ja.wikipedia.org/wiki/%E8%81%96%E5%9D%82%E9%A4%8A%E8%AD%B7%E5%AD%A6%E6%A0%A1>
<http://www.wikidata.org/entity/Q11615173>	"花咲町"@ja	<http://www.wikidata.org/entity/Q5327369>	"町丁"@ja	<http://www.wikidata.org/entity/P131>	"位置する行政区画"@ja	<https://ja.wikipedia.org/wiki/%E8%8A%B1%E5%92%B2%E7%94%BA_(%E6%A8%AA%E6%B5%9C%E5%B8%82)>
<http://www.wikidata.org/entity/Q11627949>	"西岡德馬"@ja	<http://www.wikidata.org/entity/Q5>	"ヒト"@ja	<http://www.wikidata.org/entity/P19>	"出生地"@ja	<https://ja.wikipedia.org/wiki/%E8%A5%BF%E5%B2%A1%E5%BE%B3%E9%A6%AC>
<http://www.wikidata.org/entity/Q11645750>	"野毛町"@ja	<http://www.wikidata.org/entity/Q5327369>	"町丁"@ja	<http://www.wikidata.org/entity/P131>	"位置する行政区画"@ja	<https://ja.wikipedia.org/wiki/%E9%87%8E%E6%AF%9B%E7%94%BA>
<http://www.wikidata.org/entity/Q11649430>	"鈴江コーポレーション"@ja	<http://www.wikidata.org/entity/Q4830453>	"企業"@ja	<http://www.wikidata.org/entity/P159>	"本部所在地"@ja	<https://ja.wikipedia.org/wiki/%E9%88%B4%E6%B1%9F%E3%82%B3%E3%83%BC%E3%83%9D%E3%83%AC%E3%83%BC%E3%82%B7%E3%83%A7%E3%83%B3>
<http://www.wikidata.org/entity/Q11653582>	"長者町"@ja	<http://www.wikidata.org/entity/Q5327369>	"町丁"@ja	<http://www.wikidata.org/entity/P131>	"位置する行政区画"@ja	<https://ja.wikipedia.org/wiki/%E9%95%B7%E8%80%85%E7%94%BA_(%E6%A8%AA%E6%B5%9C%E5%B8%82)>
<http://www.wikidata.org/entity/Q11666532>	"飯田幸夫"@ja	<http://www.wikidata.org/entity/Q5>	"ヒト"@ja	<http://www.wikidata.org/entity/P19>	"出生地"@ja	<https://ja.wikipedia.org/wiki/%E9%A3%AF%E7%94%B0%E5%B9%B8%E5%A4%AB>
<http://www.wikidata.org/entity/Q11668080>	"馬車道"@ja	<http://www.wikidata.org/entity/Q123705>	"地区"@ja	<http://www.wikidata.org/entity/P131>	"位置する行政区画"@ja	<https://ja.wikipedia.org/wiki/%E9%A6%AC%E8%BB%8A%E9%81%93_(%E6%A8%AA%E6%B5%9C%E5%B8%82)>
<http://www.wikidata.org/entity/Q11668080>	"馬車道"@ja	<http://www.wikidata.org/entity/Q79007>	"街路"@ja	<http://www.wikidata.org/entity/P131>	"位置する行政区画"@ja	<https://ja.wikipedia.org/wiki/%E9%A6%AC%E8%BB%8A%E9%81%93_(%E6%A8%AA%E6%B5%9C%E5%B8%82)>
<http://www.wikidata.org/entity/Q11677399>	"麦田町"@ja	<http://www.wikidata.org/entity/Q65948724>	"町字"@ja	<http://www.wikidata.org/entity/P131>	"位置する行政区画"@ja	<https://ja.wikipedia.org/wiki/%E9%BA%A6%E7%94%B0%E7%94%BA>
<http://www.wikidata.org/entity/Q11677871>	"黄金町"@ja	<http://www.wikidata.org/entity/Q5327369>	"町丁"@ja	<http://www.wikidata.org/entity/P131>	"位置する行政区画"@ja	<https://ja.wikipedia.org/wiki/%E9%BB%84%E9%87%91%E7%94%BA>
<http://www.wikidata.org/entity/Q17209406>	"北仲橋"@ja	<http://www.wikidata.org/entity/Q1055465>	"桁橋"@ja	<http://www.wikidata.org/entity/P131>	"位置する行政区画"@ja	<https://ja.wikipedia.org/wiki/%E5%8C%97%E4%BB%B2%E6%A9%8B>
<http://www.wikidata.org/entity/Q17209406>	"北仲橋"@ja	<http://www.wikidata.org/entity/Q537127>	"道路橋"@ja	<http://www.wikidata.org/entity/P131>	"位置する行政区画"@ja	<https://ja.wikipedia.org/wiki/%E5%8C%97%E4%BB%B2%E6%A9%8B>
<http://www.wikidata.org/entity/Q17210773>	"横浜市立北方小学校"@ja	<http://www.wikidata.org/entity/Q5358913>	"日本の小学校"@ja	<http://www.wikidata.org/entity/P131>	"位置する行政区画"@ja	<https://ja.wikipedia.org/wiki/%E6%A8%AA%E6%B5%9C%E5%B8%82%E7%AB%8B%E5%8C%97%E6%96%B9%E5%B0%8F%E5%AD%A6%E6%A0%A1>
<http://www.wikidata.org/entity/Q17222854>	"横浜市立大鳥中学校"@ja	<http://www.wikidata.org/entity/Q55521176>	"日本の中学校"@ja	<http://www.wikidata.org/entity/P131>	"位置する行政区画"@ja	<https://ja.wikipedia.org/wiki/%E6%A8%AA%E6%B5%9C%E5%B8%82%E7%AB%8B%E5%A4%A7%E9%B3%A5%E4%B8%AD%E5%AD%A6%E6%A0%A1>
<http://www.wikidata.org/entity/Q18226122>	"鎌田幸雄"@ja	<http://www.wikidata.org/entity/Q5>	"ヒト"@ja	<http://www.wikidata.org/entity/P19>	"出生地"@ja	<https://ja.wikipedia.org/wiki/%E9%8E%8C%E7%94%B0%E5%B9%B8%E9%9B%84>
<http://www.wikidata.org/entity/Q18817645>	"シバター"@ja	<http://www.wikidata.org/entity/Q5>	"ヒト"@ja	<http://www.wikidata.org/entity/P19>	"出生地"@ja	<https://ja.wikipedia.org/wiki/%E3%82%B7%E3%83%90%E3%82%BF%E3%83%BC>
<http://www.wikidata.org/entity/Q21655114>	"横浜市立横浜吉田中学校"@ja	<http://www.wikidata.org/entity/Q55521176>	"日本の中学校"@ja	<http://www.wikidata.org/entity/P131>	"位置する行政区画"@ja	<https://ja.wikipedia.org/wiki/%E6%A8%AA%E6%B5%9C%E5%B8%82%E7%AB%8B%E6%A8%AA%E6%B5%9C%E5%90%89%E7%94%B0%E4%B8%AD%E5%AD%A6%E6%A0%A1>
<http://www.wikidata.org/entity/Q22119405>	"長者橋"@ja	<http://www.wikidata.org/entity/Q3397659>	"コンクリート製アーチ橋"@ja	<http://www.wikidata.org/entity/P131>	"位置する行政区画"@ja	<https://ja.wikipedia.org/wiki/%E9%95%B7%E8%80%85%E6%A9%8B_(%E6%A8%AA%E6%B5%9C%E5%B8%82)>
<http://www.wikidata.org/entity/Q22119405>	"長者橋"@ja	<http://www.wikidata.org/entity/Q537127>	"道路橋"@ja	<http://www.wikidata.org/entity/P131>	"位置する行政区画"@ja	<https://ja.wikipedia.org/wiki/%E9%95%B7%E8%80%85%E6%A9%8B_(%E6%A8%AA%E6%B5%9C%E5%B8%82)>
<http://www.wikidata.org/entity/Q22120266>	"弁天橋"@ja	<http://www.wikidata.org/entity/Q1055465>	"桁橋"@ja	<http://www.wikidata.org/entity/P131>	"位置する行政区画"@ja	<https://ja.wikipedia.org/wiki/%E5%BC%81%E5%A4%A9%E6%A9%8B_(%E6%A8%AA%E6%B5%9C%E5%B8%82)>
<http://www.wikidata.org/entity/Q22120266>	"弁天橋"@ja	<http://www.wikidata.org/entity/Q537127>	"道路橋"@ja	<http://www.wikidata.org/entity/P131>	"位置する行政区画"@ja	<https://ja.wikipedia.org/wiki/%E5%BC%81%E5%A4%A9%E6%A9%8B_(%E6%A8%AA%E6%B5%9C%E5%B8%82)>
<http://www.wikidata.org/entity/Q26965488>	"Category:横浜市中区の建築物"@ja	<http://www.wikidata.org/entity/Q4167836>	"ウィキメディアのカテゴリ"@ja	<http://www.wikidata.org/entity/P971>	"以下の組み合わせカテゴリ"@ja	<https://ja.wikipedia.org/wiki/Category:%E6%A8%AA%E6%B5%9C%E5%B8%82%E4%B8%AD%E5%8C%BA%E3%81%AE%E5%BB%BA%E7%AF%89%E7%89%A9>
<http://www.wikidata.org/entity/Q28682680>	"池袋"@ja	<http://www.wikidata.org/entity/Q5327369>	"町丁"@ja	<http://www.wikidata.org/entity/P131>	"位置する行政区画"@ja	<https://ja.wikipedia.org/wiki/%E6%B1%A0%E8%A2%8B_(%E6%A8%AA%E6%B5%9C%E5%B8%82)>
<http://www.wikidata.org/entity/Q28682681>	"打越"@ja	<http://www.wikidata.org/entity/Q5327369>	"町丁"@ja	<http://www.wikidata.org/entity/P131>	"位置する行政区画"@ja	<https://ja.wikipedia.org/wiki/%E6%89%93%E8%B6%8A_(%E6%A8%AA%E6%B5%9C%E5%B8%82)>
<http://www.wikidata.org/entity/Q28682951>	"千鳥町"@ja	<http://www.wikidata.org/entity/Q5327369>	"町丁"@ja	<http://www.wikidata.org/entity/P131>	"位置する行政区画"@ja	<https://ja.wikipedia.org/wiki/%E5%8D%83%E9%B3%A5%E7%94%BA_(%E6%A8%AA%E6%B5%9C%E5%B8%82)>
<http://www.wikidata.org/entity/Q28682962>	"本町"@ja	<http://www.wikidata.org/entity/Q65948724>	"町字"@ja	<http://www.wikidata.org/entity/P131>	"位置する行政区画"@ja	<https://ja.wikipedia.org/wiki/%E6%9C%AC%E7%94%BA_(%E6%A8%AA%E6%B5%9C%E5%B8%82)>
<http://www.wikidata.org/entity/Q28682961>	"弁天通"@ja	<http://www.wikidata.org/entity/Q65948724>	"町字"@ja	<http://www.wikidata.org/entity/P131>	"位置する行政区画"@ja	<https://ja.wikipedia.org/wiki/%E5%BC%81%E5%A4%A9%E9%80%9A>
<http://www.wikidata.org/entity/Q28684158>	"根岸台"@ja	<http://www.wikidata.org/entity/Q5327369>	"町丁"@ja	<http://www.wikidata.org/entity/P131>	"位置する行政区画"@ja	<https://ja.wikipedia.org/wiki/%E6%A0%B9%E5%B2%B8%E5%8F%B0_(%E6%A8%AA%E6%B5%9C%E5%B8%82)>
<http://www.wikidata.org/entity/Q28684162>	"山元町"@ja	<http://www.wikidata.org/entity/Q65948724>	"町字"@ja	<http://www.wikidata.org/entity/P131>	"位置する行政区画"@ja	<https://ja.wikipedia.org/wiki/%E5%B1%B1%E5%85%83%E7%94%BA_(%E6%A8%AA%E6%B5%9C%E5%B8%82)>
<http://www.wikidata.org/entity/Q28685722>	"不老町"@ja	<http://www.wikidata.org/entity/Q65948724>	"町字"@ja	<http://www.wikidata.org/entity/P131>	"位置する行政区画"@ja	<https://ja.wikipedia.org/wiki/%E4%B8%8D%E8%80%81%E7%94%BA_(%E6%A8%AA%E6%B5%9C%E5%B8%82)>
<http://www.wikidata.org/entity/Q28685731>	"若葉町"@ja	<http://www.wikidata.org/entity/Q65948724>	"町字"@ja	<http://www.wikidata.org/entity/P131>	"位置する行政区画"@ja	<https://ja.wikipedia.org/wiki/%E8%8B%A5%E8%91%89%E7%94%BA_(%E6%A8%AA%E6%B5%9C%E5%B8%82)>
<http://www.wikidata.org/entity/Q28685759>	"内田町"@ja	<http://www.wikidata.org/entity/Q7884789>	"地名"@ja	<http://www.wikidata.org/entity/P131>	"位置する行政区画"@ja	<https://ja.wikipedia.org/wiki/%E5%86%85%E7%94%B0%E7%94%BA_(%E6%A8%AA%E6%B5%9C%E5%B8%82)>
<http://www.wikidata.org/entity/Q28685759>	"内田町"@ja	<http://www.wikidata.org/entity/Q5327369>	"町丁"@ja	<http://www.wikidata.org/entity/P131>	"位置する行政区画"@ja	<https://ja.wikipedia.org/wiki/%E5%86%85%E7%94%B0%E7%94%BA_(%E6%A8%AA%E6%B5%9C%E5%B8%82)>
<http://www.wikidata.org/entity/Q28685767>	"港町"@ja	<http://www.wikidata.org/entity/Q5327369>	"町丁"@ja	<http://www.wikidata.org/entity/P131>	"位置する行政区画"@ja	<https://ja.wikipedia.org/wiki/%E6%B8%AF%E7%94%BA_(%E6%A8%AA%E6%B5%9C%E5%B8%82)>
<http://www.wikidata.org/entity/Q28686148>	"根岸旭台"@ja	<http://www.wikidata.org/entity/Q5327369>	"町丁"@ja	<http://www.wikidata.org/entity/P131>	"位置する行政区画"@ja	<https://ja.wikipedia.org/wiki/%E6%A0%B9%E5%B2%B8%E6%97%AD%E5%8F%B0>
<http://www.wikidata.org/entity/Q28686458>	"真砂町"@ja	<http://www.wikidata.org/entity/Q65948724>	"町字"@ja	<http://www.wikidata.org/entity/P131>	"位置する行政区画"@ja	<https://ja.wikipedia.org/wiki/%E7%9C%9F%E7%A0%82%E7%94%BA_(%E6%A8%AA%E6%B5%9C%E5%B8%82)>
<http://www.wikidata.org/entity/Q28686462>	"相生町"@ja	<http://www.wikidata.org/entity/Q5327369>	"町丁"@ja	<http://www.wikidata.org/entity/P131>	"位置する行政区画"@ja	<https://ja.wikipedia.org/wiki/%E7%9B%B8%E7%94%9F%E7%94%BA_(%E6%A8%AA%E6%B5%9C%E5%B8%82)>
<http://www.wikidata.org/entity/Q28686466>	"太田町"@ja	<http://www.wikidata.org/entity/Q5327369>	"町丁"@ja	<http://www.wikidata.org/entity/P131>	"位置する行政区画"@ja	<https://ja.wikipedia.org/wiki/%E5%A4%AA%E7%94%B0%E7%94%BA_(%E6%A8%AA%E6%B5%9C%E5%B8%82)>
<http://www.wikidata.org/entity/Q28686467>	"元浜町"@ja	<http://www.wikidata.org/entity/Q65948724>	"町字"@ja	<http://www.wikidata.org/entity/P131>	"位置する行政区画"@ja	<https://ja.wikipedia.org/wiki/%E5%85%83%E6%B5%9C%E7%94%BA_(%E6%A8%AA%E6%B5%9C%E5%B8%82)>
<http://www.wikidata.org/entity/Q28686464>	"住吉町"@ja	<http://www.wikidata.org/entity/Q5327369>	"町丁"@ja	<http://www.wikidata.org/entity/P131>	"位置する行政区画"@ja	<https://ja.wikipedia.org/wiki/%E4%BD%8F%E5%90%89%E7%94%BA_(%E6%A8%AA%E6%B5%9C%E5%B8%82)>
<http://www.wikidata.org/entity/Q28686570>	"南仲通"@ja	<http://www.wikidata.org/entity/Q65948724>	"町字"@ja	<http://www.wikidata.org/entity/P131>	"位置する行政区画"@ja	<https://ja.wikipedia.org/wiki/%E5%8D%97%E4%BB%B2%E9%80%9A_(%E6%A8%AA%E6%B5%9C%E5%B8%82)>
<http://www.wikidata.org/entity/Q28686572>	"常盤町"@ja	<http://www.wikidata.org/entity/Q5327369>	"町丁"@ja	<http://www.wikidata.org/entity/P131>	"位置する行政区画"@ja	<https://ja.wikipedia.org/wiki/%E5%B8%B8%E7%9B%A4%E7%94%BA_(%E6%A8%AA%E6%B5%9C%E5%B8%82)>
<http://www.wikidata.org/entity/Q28686583>	"千代崎町"@ja	<http://www.wikidata.org/entity/Q5327369>	"町丁"@ja	<http://www.wikidata.org/entity/P131>	"位置する行政区画"@ja	<https://ja.wikipedia.org/wiki/%E5%8D%83%E4%BB%A3%E5%B4%8E%E7%94%BA>
<http://www.wikidata.org/entity/Q28686583>	"千代崎町"@ja	<http://www.wikidata.org/entity/Q486972>	"集落"@ja	<http://www.wikidata.org/entity/P131>	"位置する行政区画"@ja	<https://ja.wikipedia.org/wiki/%E5%8D%83%E4%BB%A3%E5%B4%8E%E7%94%BA>
<http://www.wikidata.org/entity/Q28686584>	"諏訪町"@ja	<http://www.wikidata.org/entity/Q5327369>	"町丁"@ja	<http://www.wikidata.org/entity/P131>	"位置する行政区画"@ja	<https://ja.wikipedia.org/wiki/%E8%AB%8F%E8%A8%AA%E7%94%BA_(%E6%A8%AA%E6%B5%9C%E5%B8%82)>
<http://www.wikidata.org/entity/Q28686623>	"上野町"@ja	<http://www.wikidata.org/entity/Q5327369>	"町丁"@ja	<http://www.wikidata.org/entity/P131>	"位置する行政区画"@ja	<https://ja.wikipedia.org/wiki/%E4%B8%8A%E9%87%8E%E7%94%BA_(%E6%A8%AA%E6%B5%9C%E5%B8%82)>
<http://www.wikidata.org/entity/Q28686626>	"本郷町"@ja	<http://www.wikidata.org/entity/Q5327369>	"町丁"@ja	<http://www.wikidata.org/entity/P131>	"位置する行政区画"@ja	<https://ja.wikipedia.org/wiki/%E6%9C%AC%E9%83%B7%E7%94%BA_(%E6%A8%AA%E6%B5%9C%E5%B8%82)>
<http://www.wikidata.org/entity/Q28686639>	"小港町"@ja	<http://www.wikidata.org/entity/Q5327369>	"町丁"@ja	<http://www.wikidata.org/entity/P131>	"位置する行政区画"@ja	<https://ja.wikipedia.org/wiki/%E5%B0%8F%E6%B8%AF%E7%94%BA>
<http://www.wikidata.org/entity/Q28686647>	"大和町"@ja	<http://www.wikidata.org/entity/Q65948724>	"町字"@ja	<http://www.wikidata.org/entity/P131>	"位置する行政区画"@ja	<https://ja.wikipedia.org/wiki/%E5%A4%A7%E5%92%8C%E7%94%BA_(%E6%A8%AA%E6%B5%9C%E5%B8%82)>
<http://www.wikidata.org/entity/Q28686691>	"宮川町"@ja	<http://www.wikidata.org/entity/Q65948724>	"町字"@ja	<http://www.wikidata.org/entity/P131>	"位置する行政区画"@ja	<https://ja.wikipedia.org/wiki/%E5%AE%AE%E5%B7%9D%E7%94%BA_(%E6%A8%AA%E6%B5%9C%E5%B8%82)>
<http://www.wikidata.org/entity/Q28686694>	"大芝台"@ja	<http://www.wikidata.org/entity/Q5327369>	"町丁"@ja	<http://www.wikidata.org/entity/P131>	"位置する行政区画"@ja	<https://ja.wikipedia.org/wiki/%E5%A4%A7%E8%8A%9D%E5%8F%B0>
<http://www.wikidata.org/entity/Q28686697>	"塚越"@ja	<http://www.wikidata.org/entity/Q5327369>	"町丁"@ja	<http://www.wikidata.org/entity/P131>	"位置する行政区画"@ja	<https://ja.wikipedia.org/wiki/%E5%A1%9A%E8%B6%8A_(%E6%A8%AA%E6%B5%9C%E5%B8%82)>
<http://www.wikidata.org/entity/Q28686700>	"寺久保"@ja	<http://www.wikidata.org/entity/Q5327369>	"町丁"@ja	<http://www.wikidata.org/entity/P131>	"位置する行政区画"@ja	<https://ja.wikipedia.org/wiki/%E5%AF%BA%E4%B9%85%E4%BF%9D_(%E6%A8%AA%E6%B5%9C%E5%B8%82)>
<http://www.wikidata.org/entity/Q28693428>	"旧富士銀行横浜支店"@ja	<http://www.wikidata.org/entity/Q41176>	"建築物"@ja	<http://www.wikidata.org/entity/P131>	"位置する行政区画"@ja	<https://ja.wikipedia.org/wiki/%E6%97%A7%E5%AF%8C%E5%A3%AB%E9%8A%80%E8%A1%8C%E6%A8%AA%E6%B5%9C%E6%94%AF%E5%BA%97>
<http://www.wikidata.org/entity/Q30924952>	"南本牧ふ頭出入口"@ja	<http://www.wikidata.org/entity/Q2376564>	"インターチェンジ"@ja	<http://www.wikidata.org/entity/P131>	"位置する行政区画"@ja	<https://ja.wikipedia.org/wiki/%E5%8D%97%E6%9C%AC%E7%89%A7%E3%81%B5%E9%A0%AD%E5%87%BA%E5%85%A5%E5%8F%A3>
<http://www.wikidata.org/entity/Q30927471>	"横浜市立港中学校"@ja	<http://www.wikidata.org/entity/Q55521176>	"日本の中学校"@ja	<http://www.wikidata.org/entity/P131>	"位置する行政区画"@ja	<https://ja.wikipedia.org/wiki/%E6%A8%AA%E6%B5%9C%E5%B8%82%E7%AB%8B%E6%B8%AF%E4%B8%AD%E5%AD%A6%E6%A0%A1>
<http://www.wikidata.org/entity/Q42579105>	"妙香寺"@ja	<http://www.wikidata.org/entity/Q5393308>	"仏教寺院"@ja	<http://www.wikidata.org/entity/P131>	"位置する行政区画"@ja	<https://ja.wikipedia.org/wiki/%E5%A6%99%E9%A6%99%E5%AF%BA_(%E6%A8%AA%E6%B5%9C%E5%B8%82)>
<http://www.wikidata.org/entity/Q48764174>	"扇町"@ja	<http://www.wikidata.org/entity/Q5327369>	"町丁"@ja	<http://www.wikidata.org/entity/P131>	"位置する行政区画"@ja	<https://ja.wikipedia.org/wiki/%E6%89%87%E7%94%BA_(%E6%A8%AA%E6%B5%9C%E5%B8%82)>
<http://www.wikidata.org/entity/Q48764372>	"赤門町"@ja	<http://www.wikidata.org/entity/Q5327369>	"町丁"@ja	<http://www.wikidata.org/entity/P131>	"位置する行政区画"@ja	<https://ja.wikipedia.org/wiki/%E8%B5%A4%E9%96%80%E7%94%BA_(%E6%A8%AA%E6%B5%9C%E5%B8%82)>
<http://www.wikidata.org/entity/Q48764423>	"和田山"@ja	<http://www.wikidata.org/entity/Q5327369>	"町丁"@ja	<http://www.wikidata.org/entity/P131>	"位置する行政区画"@ja	<https://ja.wikipedia.org/wiki/%E5%92%8C%E7%94%B0%E5%B1%B1_(%E6%A8%AA%E6%B5%9C%E5%B8%82)>
<http://www.wikidata.org/entity/Q48764432>	"根岸加曽台"@ja	<http://www.wikidata.org/entity/Q5327369>	"町丁"@ja	<http://www.wikidata.org/entity/P131>	"位置する行政区画"@ja	<https://ja.wikipedia.org/wiki/%E6%A0%B9%E5%B2%B8%E5%8A%A0%E6%9B%BD%E5%8F%B0>
<http://www.wikidata.org/entity/Q48764453>	"本牧間門"@ja	<http://www.wikidata.org/entity/Q5327369>	"町丁"@ja	<http://www.wikidata.org/entity/P131>	"位置する行政区画"@ja	<https://ja.wikipedia.org/wiki/%E6%9C%AC%E7%89%A7%E9%96%93%E9%96%80>
<http://www.wikidata.org/entity/Q48764458>	"本牧三之谷"@ja	<http://www.wikidata.org/entity/Q5327369>	"町丁"@ja	<http://www.wikidata.org/entity/P131>	"位置する行政区画"@ja	<https://ja.wikipedia.org/wiki/%E6%9C%AC%E7%89%A7%E4%B8%89%E4%B9%8B%E8%B0%B7>
<http://www.wikidata.org/entity/Q48764464>	"本牧原"@ja	<http://www.wikidata.org/entity/Q5327369>	"町丁"@ja	<http://www.wikidata.org/entity/P131>	"位置する行政区画"@ja	<https://ja.wikipedia.org/wiki/%E6%9C%AC%E7%89%A7%E5%8E%9F>
<http://www.wikidata.org/entity/Q48764470>	"本牧宮原"@ja	<http://www.wikidata.org/entity/Q5327369>	"町丁"@ja	<http://www.wikidata.org/entity/P131>	"位置する行政区画"@ja	<https://ja.wikipedia.org/wiki/%E6%9C%AC%E7%89%A7%E5%AE%AE%E5%8E%9F>
<http://www.wikidata.org/entity/Q48764519>	"滝之上"@ja	<http://www.wikidata.org/entity/Q5327369>	"町丁"@ja	<http://www.wikidata.org/entity/P131>	"位置する行政区画"@ja	<https://ja.wikipedia.org/wiki/%E6%BB%9D%E4%B9%8B%E4%B8%8A_(%E6%A8%AA%E6%B5%9C%E5%B8%82)>
<http://www.wikidata.org/entity/Q48764519>	"滝之上"@ja	<http://www.wikidata.org/entity/Q486972>	"集落"@ja	<http://www.wikidata.org/entity/P131>	"位置する行政区画"@ja	<https://ja.wikipedia.org/wiki/%E6%BB%9D%E4%B9%8B%E4%B8%8A_(%E6%A8%AA%E6%B5%9C%E5%B8%82)>
<http://www.wikidata.org/entity/Q48764523>	"本牧和田"@ja	<http://www.wikidata.org/entity/Q5327369>	"町丁"@ja	<http://www.wikidata.org/entity/P131>	"位置する行政区画"@ja	<https://ja.wikipedia.org/wiki/%E6%9C%AC%E7%89%A7%E5%92%8C%E7%94%B0>
<http://www.wikidata.org/entity/Q48764531>	"大平町"@ja	<http://www.wikidata.org/entity/Q5327369>	"町丁"@ja	<http://www.wikidata.org/entity/P131>	"位置する行政区画"@ja	<https://ja.wikipedia.org/wiki/%E5%A4%A7%E5%B9%B3%E7%94%BA_(%E6%A8%AA%E6%B5%9C%E5%B8%82)>
<http://www.wikidata.org/entity/Q48764581>	"本牧元町"@ja	<http://www.wikidata.org/entity/Q5327369>	"町丁"@ja	<http://www.wikidata.org/entity/P131>	"位置する行政区画"@ja	<https://ja.wikipedia.org/wiki/%E6%9C%AC%E7%89%A7%E5%85%83%E7%94%BA>
<http://www.wikidata.org/entity/Q48764586>	"本牧荒井"@ja	<http://www.wikidata.org/entity/Q5327369>	"町丁"@ja	<http://www.wikidata.org/entity/P131>	"位置する行政区画"@ja	<https://ja.wikipedia.org/wiki/%E6%9C%AC%E7%89%A7%E8%8D%92%E4%BA%95>
<http://www.wikidata.org/entity/Q48764584>	"本牧大里町"@ja	<http://www.wikidata.org/entity/Q5327369>	"町丁"@ja	<http://www.wikidata.org/entity/P131>	"位置する行政区画"@ja	<https://ja.wikipedia.org/wiki/%E6%9C%AC%E7%89%A7%E5%A4%A7%E9%87%8C%E7%94%BA>
<http://www.wikidata.org/entity/Q55533030>	"THE BAYS"@ja	<http://www.wikidata.org/entity/Q41176>	"建築物"@ja	<http://www.wikidata.org/entity/P131>	"位置する行政区画"@ja	<https://ja.wikipedia.org/wiki/THE_BAYS>
<http://www.wikidata.org/entity/Q56346811>	"竹之丸"@ja	<http://www.wikidata.org/entity/Q5327369>	"町丁"@ja	<http://www.wikidata.org/entity/P131>	"位置する行政区画"@ja	<https://ja.wikipedia.org/wiki/%E7%AB%B9%E4%B9%8B%E4%B8%B8>
<http://www.wikidata.org/entity/Q56346811>	"竹之丸"@ja	<http://www.wikidata.org/entity/Q486972>	"集落"@ja	<http://www.wikidata.org/entity/P131>	"位置する行政区画"@ja	<https://ja.wikipedia.org/wiki/%E7%AB%B9%E4%B9%8B%E4%B8%B8>
<http://www.wikidata.org/entity/Q60989749>	"白滝不動尊"@ja	<http://www.wikidata.org/entity/Q5393308>	"仏教寺院"@ja	<http://www.wikidata.org/entity/P131>	"位置する行政区画"@ja	<https://ja.wikipedia.org/wiki/%E7%99%BD%E6%BB%9D%E4%B8%8D%E5%8B%95%E5%B0%8A_(%E6%A8%AA%E6%B5%9C%E5%B8%82)>
<http://www.wikidata.org/entity/Q60990150>	"天吉"@ja	<http://www.wikidata.org/entity/Q11666766>	"飲食店"@ja	<http://www.wikidata.org/entity/P131>	"位置する行政区画"@ja	<https://ja.wikipedia.org/wiki/%E5%A4%A9%E5%90%89>
<http://www.wikidata.org/entity/Q71840727>	"本牧海づり施設"@ja	<http://www.wikidata.org/entity/Q41176>	"建築物"@ja	<http://www.wikidata.org/entity/P131>	"位置する行政区画"@ja	<https://ja.wikipedia.org/wiki/%E6%9C%AC%E7%89%A7%E6%B5%B7%E3%81%A5%E3%82%8A%E6%96%BD%E8%A8%AD>
<http://www.wikidata.org/entity/Q85879597>	"寳光一心教会"@ja	<http://www.wikidata.org/entity/Q5393308>	"仏教寺院"@ja	<http://www.wikidata.org/entity/P131>	"位置する行政区画"@ja	<https://ja.wikipedia.org/wiki/%E5%AF%B3%E5%85%89%E4%B8%80%E5%BF%83%E6%95%99%E4%BC%9A>
<http://www.wikidata.org/entity/Q85883005>	"立正同心教会"@ja	<http://www.wikidata.org/entity/Q5393308>	"仏教寺院"@ja	<http://www.wikidata.org/entity/P131>	"位置する行政区画"@ja	<https://ja.wikipedia.org/wiki/%E7%AB%8B%E6%AD%A3%E5%90%8C%E5%BF%83%E6%95%99%E4%BC%9A>
<http://www.wikidata.org/entity/Q87263785>	"横浜市立本牧南小学校"@ja	<http://www.wikidata.org/entity/Q5358913>	"日本の小学校"@ja	<http://www.wikidata.org/entity/P131>	"位置する行政区画"@ja	<https://ja.wikipedia.org/wiki/%E6%A8%AA%E6%B5%9C%E5%B8%82%E7%AB%8B%E6%9C%AC%E7%89%A7%E5%8D%97%E5%B0%8F%E5%AD%A6%E6%A0%A1>
<http://www.wikidata.org/entity/Q96179405>	"かもめ町"@ja	<http://www.wikidata.org/entity/Q5327369>	"町丁"@ja	<http://www.wikidata.org/entity/P131>	"位置する行政区画"@ja	<https://ja.wikipedia.org/wiki/%E3%81%8B%E3%82%82%E3%82%81%E7%94%BA>
<http://www.wikidata.org/entity/Q96191768>	"本牧十二天"@ja	<http://www.wikidata.org/entity/Q5327369>	"町丁"@ja	<http://www.wikidata.org/entity/P131>	"位置する行政区画"@ja	<https://ja.wikipedia.org/wiki/%E6%9C%AC%E7%89%A7%E5%8D%81%E4%BA%8C%E5%A4%A9>
<http://www.wikidata.org/entity/Q96211858>	"千歳町"@ja	<http://www.wikidata.org/entity/Q5327369>	"町丁"@ja	<http://www.wikidata.org/entity/P131>	"位置する行政区画"@ja	<https://ja.wikipedia.org/wiki/%E5%8D%83%E6%AD%B3%E7%94%BA_(%E6%A8%AA%E6%B5%9C%E5%B8%82)>
<http://www.wikidata.org/entity/Q96211858>	"千歳町"@ja	<http://www.wikidata.org/entity/Q486972>	"集落"@ja	<http://www.wikidata.org/entity/P131>	"位置する行政区画"@ja	<https://ja.wikipedia.org/wiki/%E5%8D%83%E6%AD%B3%E7%94%BA_(%E6%A8%AA%E6%B5%9C%E5%B8%82)>
<http://www.wikidata.org/entity/Q96274173>	"三吉町"@ja	<http://www.wikidata.org/entity/Q5327369>	"町丁"@ja	<http://www.wikidata.org/entity/P131>	"位置する行政区画"@ja	<https://ja.wikipedia.org/wiki/%E4%B8%89%E5%90%89%E7%94%BA_(%E6%A8%AA%E6%B5%9C%E5%B8%82)>
<http://www.wikidata.org/entity/Q96274173>	"三吉町"@ja	<http://www.wikidata.org/entity/Q486972>	"集落"@ja	<http://www.wikidata.org/entity/P131>	"位置する行政区画"@ja	<https://ja.wikipedia.org/wiki/%E4%B8%89%E5%90%89%E7%94%BA_(%E6%A8%AA%E6%B5%9C%E5%B8%82)>
<http://www.wikidata.org/entity/Q96274217>	"末広町"@ja	<http://www.wikidata.org/entity/Q5327369>	"町丁"@ja	<http://www.wikidata.org/entity/P131>	"位置する行政区画"@ja	<https://ja.wikipedia.org/wiki/%E6%9C%AB%E5%BA%83%E7%94%BA_(%E6%A8%AA%E6%B5%9C%E5%B8%82%E4%B8%AD%E5%8C%BA)>
<http://www.wikidata.org/entity/Q96274217>	"末広町"@ja	<http://www.wikidata.org/entity/Q486972>	"集落"@ja	<http://www.wikidata.org/entity/P131>	"位置する行政区画"@ja	<https://ja.wikipedia.org/wiki/%E6%9C%AB%E5%BA%83%E7%94%BA_(%E6%A8%AA%E6%B5%9C%E5%B8%82%E4%B8%AD%E5%8C%BA)>
<http://www.wikidata.org/entity/Q96288254>	"錦町"@ja	<http://www.wikidata.org/entity/Q5327369>	"町丁"@ja	<http://www.wikidata.org/entity/P131>	"位置する行政区画"@ja	<https://ja.wikipedia.org/wiki/%E9%8C%A6%E7%94%BA_(%E6%A8%AA%E6%B5%9C%E5%B8%82)>
<http://www.wikidata.org/entity/Q96288782>	"豊浦町"@ja	<http://www.wikidata.org/entity/Q28550993>	"埋立地"@ja	<http://www.wikidata.org/entity/P131>	"位置する行政区画"@ja	<https://ja.wikipedia.org/wiki/%E8%B1%8A%E6%B5%A6%E7%94%BA_(%E6%A8%AA%E6%B5%9C%E5%B8%82)>
<http://www.wikidata.org/entity/Q96288782>	"豊浦町"@ja	<http://www.wikidata.org/entity/Q5327369>	"町丁"@ja	<http://www.wikidata.org/entity/P131>	"位置する行政区画"@ja	<https://ja.wikipedia.org/wiki/%E8%B1%8A%E6%B5%A6%E7%94%BA_(%E6%A8%AA%E6%B5%9C%E5%B8%82)>
<http://www.wikidata.org/entity/Q96319233>	"矢口台"@ja	<http://www.wikidata.org/entity/Q5327369>	"町丁"@ja	<http://www.wikidata.org/entity/P131>	"位置する行政区画"@ja	<https://ja.wikipedia.org/wiki/%E7%9F%A2%E5%8F%A3%E5%8F%B0>
<http://www.wikidata.org/entity/Q96319233>	"矢口台"@ja	<http://www.wikidata.org/entity/Q486972>	"集落"@ja	<http://www.wikidata.org/entity/P131>	"位置する行政区画"@ja	<https://ja.wikipedia.org/wiki/%E7%9F%A2%E5%8F%A3%E5%8F%B0>
<http://www.wikidata.org/entity/Q96321275>	"豆口台"@ja	<http://www.wikidata.org/entity/Q5327369>	"町丁"@ja	<http://www.wikidata.org/entity/P131>	"位置する行政区画"@ja	<https://ja.wikipedia.org/wiki/%E8%B1%86%E5%8F%A3%E5%8F%B0>
<http://www.wikidata.org/entity/Q96321275>	"豆口台"@ja	<http://www.wikidata.org/entity/Q486972>	"集落"@ja	<http://www.wikidata.org/entity/P131>	"位置する行政区画"@ja	<https://ja.wikipedia.org/wiki/%E8%B1%86%E5%8F%A3%E5%8F%B0>
<http://www.wikidata.org/entity/Q96337585>	"本牧緑ケ丘"@ja	<http://www.wikidata.org/entity/Q5327369>	"町丁"@ja	<http://www.wikidata.org/entity/P131>	"位置する行政区画"@ja	<https://ja.wikipedia.org/wiki/%E6%9C%AC%E7%89%A7%E7%B7%91%E3%82%B1%E4%B8%98>
<http://www.wikidata.org/entity/Q96337585>	"本牧緑ケ丘"@ja	<http://www.wikidata.org/entity/Q486972>	"集落"@ja	<http://www.wikidata.org/entity/P131>	"位置する行政区画"@ja	<https://ja.wikipedia.org/wiki/%E6%9C%AC%E7%89%A7%E7%B7%91%E3%82%B1%E4%B8%98>
<http://www.wikidata.org/entity/Q96337700>	"立野"@ja	<http://www.wikidata.org/entity/Q5327369>	"町丁"@ja	<http://www.wikidata.org/entity/P131>	"位置する行政区画"@ja	<https://ja.wikipedia.org/wiki/%E7%AB%8B%E9%87%8E_(%E6%A8%AA%E6%B5%9C%E5%B8%82)>
<http://www.wikidata.org/entity/Q96402351>	"簑沢"@ja	<http://www.wikidata.org/entity/Q5327369>	"町丁"@ja	<http://www.wikidata.org/entity/P131>	"位置する行政区画"@ja	<https://ja.wikipedia.org/wiki/%E7%B0%91%E6%B2%A2>
<http://www.wikidata.org/entity/Q96402351>	"簑沢"@ja	<http://www.wikidata.org/entity/Q486972>	"集落"@ja	<http://www.wikidata.org/entity/P131>	"位置する行政区画"@ja	<https://ja.wikipedia.org/wiki/%E7%B0%91%E6%B2%A2>
<http://www.wikidata.org/entity/Q96473332>	"弥生町"@ja	<http://www.wikidata.org/entity/Q5327369>	"町丁"@ja	<http://www.wikidata.org/entity/P131>	"位置する行政区画"@ja	<https://ja.wikipedia.org/wiki/%E5%BC%A5%E7%94%9F%E7%94%BA_(%E6%A8%AA%E6%B5%9C%E5%B8%82)>
<http://www.wikidata.org/entity/Q96473332>	"弥生町"@ja	<http://www.wikidata.org/entity/Q3957>	"街"@ja	<http://www.wikidata.org/entity/P131>	"位置する行政区画"@ja	<https://ja.wikipedia.org/wiki/%E5%BC%A5%E7%94%9F%E7%94%BA_(%E6%A8%AA%E6%B5%9C%E5%B8%82)>
<http://www.wikidata.org/entity/Q97167915>	"不二家横浜センター店"@ja	<http://www.wikidata.org/entity/Q41176>	"建築物"@ja	<http://www.wikidata.org/entity/P131>	"位置する行政区画"@ja	<https://ja.wikipedia.org/wiki/%E4%B8%8D%E4%BA%8C%E5%AE%B6%E6%A8%AA%E6%B5%9C%E3%82%BB%E3%83%B3%E3%82%BF%E3%83%BC%E5%BA%97>
<http://www.wikidata.org/entity/Q97167915>	"不二家横浜センター店"@ja	<http://www.wikidata.org/entity/Q11707>	"レストラン"@ja	<http://www.wikidata.org/entity/P131>	"位置する行政区画"@ja	<https://ja.wikipedia.org/wiki/%E4%B8%8D%E4%BA%8C%E5%AE%B6%E6%A8%AA%E6%B5%9C%E3%82%BB%E3%83%B3%E3%82%BF%E3%83%BC%E5%BA%97>
<http://www.wikidata.org/entity/Q97175715>	"山田町"@ja	<http://www.wikidata.org/entity/Q65948724>	"町字"@ja	<http://www.wikidata.org/entity/P131>	"位置する行政区画"@ja	<https://ja.wikipedia.org/wiki/%E5%B1%B1%E7%94%B0%E7%94%BA_(%E6%A8%AA%E6%B5%9C%E5%B8%82)>
<http://www.wikidata.org/entity/Q97178120>	"吉浜町"@ja	<http://www.wikidata.org/entity/Q65948724>	"町字"@ja	<http://www.wikidata.org/entity/P131>	"位置する行政区画"@ja	<https://ja.wikipedia.org/wiki/%E5%90%89%E6%B5%9C%E7%94%BA_(%E6%A8%AA%E6%B5%9C%E5%B8%82)>
<http://www.wikidata.org/entity/Q97178261>	"富士見町"@ja	<http://www.wikidata.org/entity/Q65948724>	"町字"@ja	<http://www.wikidata.org/entity/P131>	"位置する行政区画"@ja	<https://ja.wikipedia.org/wiki/%E5%AF%8C%E5%A3%AB%E8%A6%8B%E7%94%BA_(%E6%A8%AA%E6%B5%9C%E5%B8%82)>
<http://www.wikidata.org/entity/Q97178328>	"山吹町"@ja	<http://www.wikidata.org/entity/Q65948724>	"町字"@ja	<http://www.wikidata.org/entity/P131>	"位置する行政区画"@ja	<https://ja.wikipedia.org/wiki/%E5%B1%B1%E5%90%B9%E7%94%BA_(%E6%A8%AA%E6%B5%9C%E5%B8%82)>
<http://www.wikidata.org/entity/Q97178628>	"末吉町"@ja	<http://www.wikidata.org/entity/Q65948724>	"町字"@ja	<http://www.wikidata.org/entity/P131>	"位置する行政区画"@ja	<https://ja.wikipedia.org/wiki/%E6%9C%AB%E5%90%89%E7%94%BA_(%E6%A8%AA%E6%B5%9C%E5%B8%82)>
<http://www.wikidata.org/entity/Q97178646>	"松影町"@ja	<http://www.wikidata.org/entity/Q65948724>	"町字"@ja	<http://www.wikidata.org/entity/P131>	"位置する行政区画"@ja	<https://ja.wikipedia.org/wiki/%E6%9D%BE%E5%BD%B1%E7%94%BA>
<http://www.wikidata.org/entity/Q97188667>	"柏葉"@ja	<http://www.wikidata.org/entity/Q65948724>	"町字"@ja	<http://www.wikidata.org/entity/P131>	"位置する行政区画"@ja	<https://ja.wikipedia.org/wiki/%E6%9F%8F%E8%91%89_(%E6%A8%AA%E6%B5%9C%E5%B8%82)>
<http://www.wikidata.org/entity/Q97189051>	"翁町"@ja	<http://www.wikidata.org/entity/Q65948724>	"町字"@ja	<http://www.wikidata.org/entity/P131>	"位置する行政区画"@ja	<https://ja.wikipedia.org/wiki/%E7%BF%81%E7%94%BA_(%E6%A8%AA%E6%B5%9C%E5%B8%82)>
<http://www.wikidata.org/entity/Q97278942>	"初音町"@ja	<http://www.wikidata.org/entity/Q5327369>	"町丁"@ja	<http://www.wikidata.org/entity/P131>	"位置する行政区画"@ja	<https://ja.wikipedia.org/wiki/%E5%88%9D%E9%9F%B3%E7%94%BA>
<http://www.wikidata.org/entity/Q97279057>	"妙香寺台"@ja	<http://www.wikidata.org/entity/Q5327369>	"町丁"@ja	<http://www.wikidata.org/entity/P131>	"位置する行政区画"@ja	<https://ja.wikipedia.org/wiki/%E5%A6%99%E9%A6%99%E5%AF%BA%E5%8F%B0>
<http://www.wikidata.org/entity/Q97279201>	"本牧満坂"@ja	<http://www.wikidata.org/entity/Q5327369>	"町丁"@ja	<http://www.wikidata.org/entity/P131>	"位置する行政区画"@ja	<https://ja.wikipedia.org/wiki/%E6%9C%AC%E7%89%A7%E6%BA%80%E5%9D%82>
<http://www.wikidata.org/entity/Q97279201>	"本牧満坂"@ja	<http://www.wikidata.org/entity/Q3957>	"街"@ja	<http://www.wikidata.org/entity/P131>	"位置する行政区画"@ja	<https://ja.wikipedia.org/wiki/%E6%9C%AC%E7%89%A7%E6%BA%80%E5%9D%82>
<http://www.wikidata.org/entity/Q97279407>	"英町"@ja	<http://www.wikidata.org/entity/Q5327369>	"町丁"@ja	<http://www.wikidata.org/entity/P131>	"位置する行政区画"@ja	<https://ja.wikipedia.org/wiki/%E8%8B%B1%E7%94%BA>
<http://www.wikidata.org/entity/Q97591729>	"吉田町"@ja	<http://www.wikidata.org/entity/Q65948724>	"町字"@ja	<http://www.wikidata.org/entity/P131>	"位置する行政区画"@ja	<https://ja.wikipedia.org/wiki/%E5%90%89%E7%94%B0%E7%94%BA_(%E6%A8%AA%E6%B5%9C%E5%B8%82%E4%B8%AD%E5%8C%BA)>
<http://www.wikidata.org/entity/Q104181173>	"DREAM PASSPORT (芸能事務所)"@ja	<http://www.wikidata.org/entity/Q5354754>	"芸能事務所"@ja	<http://www.wikidata.org/entity/P159>	"本部所在地"@ja	<https://ja.wikipedia.org/wiki/DREAM_PASSPORT_(%E8%8A%B8%E8%83%BD%E4%BA%8B%E5%8B%99%E6%89%80)>
<http://www.wikidata.org/entity/Q104662191>	"横浜掖済会病院"@ja	<http://www.wikidata.org/entity/Q16917>	"病院"@ja	<http://www.wikidata.org/entity/P131>	"位置する行政区画"@ja	<https://ja.wikipedia.org/wiki/%E6%A8%AA%E6%B5%9C%E6%8E%96%E6%B8%88%E4%BC%9A%E7%97%85%E9%99%A2>
<http://www.wikidata.org/entity/Q104903807>	"横浜地方気象台"@ja	<http://www.wikidata.org/entity/Q6664211>	"地方気象台"@ja	<http://www.wikidata.org/entity/P131>	"位置する行政区画"@ja	<https://ja.wikipedia.org/wiki/%E6%A8%AA%E6%B5%9C%E5%9C%B0%E6%96%B9%E6%B0%97%E8%B1%A1%E5%8F%B0>
<http://www.wikidata.org/entity/Q104905343>	"YOKOHAMA AIR CABIN"@ja	<http://www.wikidata.org/entity/Q57498564>	"軌道"@ja	<http://www.wikidata.org/entity/P131>	"位置する行政区画"@ja	<https://ja.wikipedia.org/wiki/YOKOHAMA_AIR_CABIN>
<http://www.wikidata.org/entity/Q104905343>	"YOKOHAMA AIR CABIN"@ja	<http://www.wikidata.org/entity/Q44667495>	"Q44667495"	<http://www.wikidata.org/entity/P131>	"位置する行政区画"@ja	<https://ja.wikipedia.org/wiki/YOKOHAMA_AIR_CABIN>
<http://www.wikidata.org/entity/Q104905343>	"YOKOHAMA AIR CABIN"@ja	<http://www.wikidata.org/entity/Q1576693>	"ゴンドラリフト"@ja	<http://www.wikidata.org/entity/P131>	"位置する行政区画"@ja	<https://ja.wikipedia.org/wiki/YOKOHAMA_AIR_CABIN>
<http://www.wikidata.org/entity/Q105069887>	"横浜銀行協会"@ja	<http://www.wikidata.org/entity/Q22130673>	"一般社団法人"@ja	<http://www.wikidata.org/entity/P131>	"位置する行政区画"@ja	<https://ja.wikipedia.org/wiki/%E6%A8%AA%E6%B5%9C%E9%8A%80%E8%A1%8C%E5%8D%94%E4%BC%9A>
<http://www.wikidata.org/entity/Q105069887>	"横浜銀行協会"@ja	<http://www.wikidata.org/entity/Q41176>	"建築物"@ja	<http://www.wikidata.org/entity/P131>	"位置する行政区画"@ja	<https://ja.wikipedia.org/wiki/%E6%A8%AA%E6%B5%9C%E9%8A%80%E8%A1%8C%E5%8D%94%E4%BC%9A>
<http://www.wikidata.org/entity/Q108055564>	"ウチキパン"@ja	<http://www.wikidata.org/entity/Q274393>	"ベーカリー"@ja	<http://www.wikidata.org/entity/P131>	"位置する行政区画"@ja	<https://ja.wikipedia.org/wiki/%E3%82%A6%E3%83%81%E3%82%AD%E3%83%91%E3%83%B3>
<http://www.wikidata.org/entity/Q108777337>	"露木志奈"@ja	<http://www.wikidata.org/entity/Q5>	"ヒト"@ja	<http://www.wikidata.org/entity/P551>	"居住地"@ja	<https://ja.wikipedia.org/wiki/%E9%9C%B2%E6%9C%A8%E5%BF%97%E5%A5%88>
<http://www.wikidata.org/entity/Q109557640>	"北方町"@ja	<http://www.wikidata.org/entity/Q65948724>	"町字"@ja	<http://www.wikidata.org/entity/P131>	"位置する行政区画"@ja	<https://ja.wikipedia.org/wiki/%E5%8C%97%E6%96%B9%E7%94%BA_(%E6%A8%AA%E6%B5%9C%E5%B8%82)>
<http://www.wikidata.org/entity/Q109594120>	"藤代真一"@ja	<http://www.wikidata.org/entity/Q5>	"ヒト"@ja	<http://www.wikidata.org/entity/P19>	"出生地"@ja	<https://ja.wikipedia.org/wiki/%E8%97%A4%E4%BB%A3%E7%9C%9F%E4%B8%80>
<http://www.wikidata.org/entity/Q38283>	"横浜市"@ja	<http://www.wikidata.org/entity/Q65589340>	"都道府県庁所在地"@ja	<http://www.wikidata.org/entity/P150>	"直下の行政区画"@ja	<https://ja.wikipedia.org/wiki/%E6%A8%AA%E6%B5%9C%E5%B8%82>
<http://www.wikidata.org/entity/Q38283>	"横浜市"@ja	<http://www.wikidata.org/entity/Q65589340>	"都道府県庁所在地"@ja	<http://www.wikidata.org/entity/P36>	"行政中心地"@ja	<https://ja.wikipedia.org/wiki/%E6%A8%AA%E6%B5%9C%E5%B8%82>
<http://www.wikidata.org/entity/Q38283>	"横浜市"@ja	<http://www.wikidata.org/entity/Q50330360>	"国内で人口2位の都市"@ja	<http://www.wikidata.org/entity/P150>	"直下の行政区画"@ja	<https://ja.wikipedia.org/wiki/%E6%A8%AA%E6%B5%9C%E5%B8%82>
<http://www.wikidata.org/entity/Q38283>	"横浜市"@ja	<http://www.wikidata.org/entity/Q50330360>	"国内で人口2位の都市"@ja	<http://www.wikidata.org/entity/P36>	"行政中心地"@ja	<https://ja.wikipedia.org/wiki/%E6%A8%AA%E6%B5%9C%E5%B8%82>
<http://www.wikidata.org/entity/Q38283>	"横浜市"@ja	<http://www.wikidata.org/entity/Q2264924>	"港湾都市"@ja	<http://www.wikidata.org/entity/P150>	"直下の行政区画"@ja	<https://ja.wikipedia.org/wiki/%E6%A8%AA%E6%B5%9C%E5%B8%82>
<http://www.wikidata.org/entity/Q38283>	"横浜市"@ja	<http://www.wikidata.org/entity/Q2264924>	"港湾都市"@ja	<http://www.wikidata.org/entity/P36>	"行政中心地"@ja	<https://ja.wikipedia.org/wiki/%E6%A8%AA%E6%B5%9C%E5%B8%82>
<http://www.wikidata.org/entity/Q38283>	"横浜市"@ja	<http://www.wikidata.org/entity/Q1749269>	"政令指定都市"@ja	<http://www.wikidata.org/entity/P150>	"直下の行政区画"@ja	<https://ja.wikipedia.org/wiki/%E6%A8%AA%E6%B5%9C%E5%B8%82>
<http://www.wikidata.org/entity/Q38283>	"横浜市"@ja	<http://www.wikidata.org/entity/Q1749269>	"政令指定都市"@ja	<http://www.wikidata.org/entity/P36>	"行政中心地"@ja	<https://ja.wikipedia.org/wiki/%E6%A8%AA%E6%B5%9C%E5%B8%82>
<http://www.wikidata.org/entity/Q38283>	"横浜市"@ja	<http://www.wikidata.org/entity/Q1637706>	"100万都市"@ja	<http://www.wikidata.org/entity/P150>	"直下の行政区画"@ja	<https://ja.wikipedia.org/wiki/%E6%A8%AA%E6%B5%9C%E5%B8%82>
<http://www.wikidata.org/entity/Q38283>	"横浜市"@ja	<http://www.wikidata.org/entity/Q1637706>	"100万都市"@ja	<http://www.wikidata.org/entity/P36>	"行政中心地"@ja	<https://ja.wikipedia.org/wiki/%E6%A8%AA%E6%B5%9C%E5%B8%82>
<http://www.wikidata.org/entity/Q38283>	"横浜市"@ja	<http://www.wikidata.org/entity/Q828359>	"ベッドタウン"@ja	<http://www.wikidata.org/entity/P150>	"直下の行政区画"@ja	<https://ja.wikipedia.org/wiki/%E6%A8%AA%E6%B5%9C%E5%B8%82>
<http://www.wikidata.org/entity/Q38283>	"横浜市"@ja	<http://www.wikidata.org/entity/Q828359>	"ベッドタウン"@ja	<http://www.wikidata.org/entity/P36>	"行政中心地"@ja	<https://ja.wikipedia.org/wiki/%E6%A8%AA%E6%B5%9C%E5%B8%82>
<http://www.wikidata.org/entity/Q38283>	"横浜市"@ja	<http://www.wikidata.org/entity/Q691960>	"衛星都市"@ja	<http://www.wikidata.org/entity/P150>	"直下の行政区画"@ja	<https://ja.wikipedia.org/wiki/%E6%A8%AA%E6%B5%9C%E5%B8%82>
<http://www.wikidata.org/entity/Q38283>	"横浜市"@ja	<http://www.wikidata.org/entity/Q691960>	"衛星都市"@ja	<http://www.wikidata.org/entity/P36>	"行政中心地"@ja	<https://ja.wikipedia.org/wiki/%E6%A8%AA%E6%B5%9C%E5%B8%82>
<http://www.wikidata.org/entity/Q38283>	"横浜市"@ja	<http://www.wikidata.org/entity/Q494721>	"日本の市"@ja	<http://www.wikidata.org/entity/P150>	"直下の行政区画"@ja	<https://ja.wikipedia.org/wiki/%E6%A8%AA%E6%B5%9C%E5%B8%82>
<http://www.wikidata.org/entity/Q38283>	"横浜市"@ja	<http://www.wikidata.org/entity/Q494721>	"日本の市"@ja	<http://www.wikidata.org/entity/P36>	"行政中心地"@ja	<https://ja.wikipedia.org/wiki/%E6%A8%AA%E6%B5%9C%E5%B8%82>
<http://www.wikidata.org/entity/Q111723505>	"Category:横浜市中区の博物館"@ja	<http://www.wikidata.org/entity/Q4167836>	"ウィキメディアのカテゴリ"@ja	<http://www.wikidata.org/entity/P971>	"以下の組み合わせカテゴリ"@ja	<https://ja.wikipedia.org/wiki/Category:%E6%A8%AA%E6%B5%9C%E5%B8%82%E4%B8%AD%E5%8C%BA%E3%81%AE%E5%8D%9A%E7%89%A9%E9%A4%A8>
<http://www.wikidata.org/entity/Q112191451>	"村瀬輝光"@ja	<http://www.wikidata.org/entity/Q5>	"ヒト"@ja	<http://www.wikidata.org/entity/P19>	"出生地"@ja	<https://ja.wikipedia.org/wiki/%E6%9D%91%E7%80%AC%E8%BC%9D%E5%85%89>
<http://www.wikidata.org/entity/Q115006702>	"ザ・タワー横浜北仲"@ja	<http://www.wikidata.org/entity/Q12104567>	"住宅団地"@ja	<http://www.wikidata.org/entity/P131>	"位置する行政区画"@ja	<https://ja.wikipedia.org/wiki/YOKOHAMA_KITANAKA_KNOT>
<http://www.wikidata.org/entity/Q801396>	"桜木町駅"@ja	<http://www.wikidata.org/entity/Q55488>	"鉄道駅"@ja	<http://www.wikidata.org/entity/P131>	"位置する行政区画"@ja	<https://ja.wikipedia.org/wiki/%E6%A1%9C%E6%9C%A8%E7%94%BA%E9%A7%85>
<http://www.wikidata.org/entity/Q841434>	"伊勢佐木長者町駅"@ja	<http://www.wikidata.org/entity/Q22808403>	"地下駅"@ja	<http://www.wikidata.org/entity/P131>	"位置する行政区画"@ja	<https://ja.wikipedia.org/wiki/%E4%BC%8A%E5%8B%A2%E4%BD%90%E6%9C%A8%E9%95%B7%E8%80%85%E7%94%BA%E9%A7%85>
<http://www.wikidata.org/entity/Q841434>	"伊勢佐木長者町駅"@ja	<http://www.wikidata.org/entity/Q928830>	"地下鉄駅"@ja	<http://www.wikidata.org/entity/P131>	"位置する行政区画"@ja	<https://ja.wikipedia.org/wiki/%E4%BC%8A%E5%8B%A2%E4%BD%90%E6%9C%A8%E9%95%B7%E8%80%85%E7%94%BA%E9%A7%85>
<http://www.wikidata.org/entity/Q1194023>	"横浜DeNAベイスターズ"@ja	<http://www.wikidata.org/entity/Q13027888>	"野球チーム"@ja	<http://www.wikidata.org/entity/P276>	"場所"@ja	<https://ja.wikipedia.org/wiki/%E6%A8%AA%E6%B5%9CDeNA%E3%83%99%E3%82%A4%E3%82%B9%E3%82%BF%E3%83%BC%E3%82%BA>
<http://www.wikidata.org/entity/Q4930651>	"ブラフクリニック"@ja	<http://www.wikidata.org/entity/Q1774898>	"診療所"@ja	<http://www.wikidata.org/entity/P131>	"位置する行政区画"@ja	<https://ja.wikipedia.org/wiki/%E5%B1%B1%E6%89%8B%E7%97%85%E9%99%A2>
<http://www.wikidata.org/entity/Q6079788>	"伊勢佐木町"@ja	<http://www.wikidata.org/entity/Q5327369>	"町丁"@ja	<http://www.wikidata.org/entity/P131>	"位置する行政区画"@ja	<https://ja.wikipedia.org/wiki/%E4%BC%8A%E5%8B%A2%E4%BD%90%E6%9C%A8%E7%94%BA>
<http://www.wikidata.org/entity/Q6135572>	"横浜三塔"@ja	<http://www.wikidata.org/entity/Q18247357>	"建物・構造物のグループ"@ja	<http://www.wikidata.org/entity/P131>	"位置する行政区画"@ja	<https://ja.wikipedia.org/wiki/%E6%A8%AA%E6%B5%9C%E4%B8%89%E5%A1%94>
<http://www.wikidata.org/entity/Q6135572>	"横浜三塔"@ja	<http://www.wikidata.org/entity/Q10928427>	"景観"@ja	<http://www.wikidata.org/entity/P131>	"位置する行政区画"@ja	<https://ja.wikipedia.org/wiki/%E6%A8%AA%E6%B5%9C%E4%B8%89%E5%A1%94>
<http://www.wikidata.org/entity/Q6135572>	"横浜三塔"@ja	<http://www.wikidata.org/entity/Q570116>	"観光地"@ja	<http://www.wikidata.org/entity/P131>	"位置する行政区画"@ja	<https://ja.wikipedia.org/wiki/%E6%A8%AA%E6%B5%9C%E4%B8%89%E5%A1%94>
<http://www.wikidata.org/entity/Q6363939>	"関内"@ja	<http://www.wikidata.org/entity/Q11430357>	"外国人居留地"@ja	<http://www.wikidata.org/entity/P131>	"位置する行政区画"@ja	<https://ja.wikipedia.org/wiki/%E9%96%A2%E5%86%85>
<http://www.wikidata.org/entity/Q6363939>	"関内"@ja	<http://www.wikidata.org/entity/Q123705>	"地区"@ja	<http://www.wikidata.org/entity/P131>	"位置する行政区画"@ja	<https://ja.wikipedia.org/wiki/%E9%96%A2%E5%86%85>
<http://www.wikidata.org/entity/Q7034272>	"日本大通り駅"@ja	<http://www.wikidata.org/entity/Q22808403>	"地下駅"@ja	<http://www.wikidata.org/entity/P131>	"位置する行政区画"@ja	<https://ja.wikipedia.org/wiki/%E6%97%A5%E6%9C%AC%E5%A4%A7%E9%80%9A%E3%82%8A%E9%A7%85>
<http://www.wikidata.org/entity/Q7034272>	"日本大通り駅"@ja	<http://www.wikidata.org/entity/Q928830>	"地下鉄駅"@ja	<http://www.wikidata.org/entity/P131>	"位置する行政区画"@ja	<https://ja.wikipedia.org/wiki/%E6%97%A5%E6%9C%AC%E5%A4%A7%E9%80%9A%E3%82%8A%E9%A7%85>
<http://www.wikidata.org/entity/Q7034272>	"日本大通り駅"@ja	<http://www.wikidata.org/entity/Q55491>	"地下駅"@ja	<http://www.wikidata.org/entity/P131>	"位置する行政区画"@ja	<https://ja.wikipedia.org/wiki/%E6%97%A5%E6%9C%AC%E5%A4%A7%E9%80%9A%E3%82%8A%E9%A7%85>
<http://www.wikidata.org/entity/Q7034272>	"日本大通り駅"@ja	<http://www.wikidata.org/entity/Q55488>	"鉄道駅"@ja	<http://www.wikidata.org/entity/P131>	"位置する行政区画"@ja	<https://ja.wikipedia.org/wiki/%E6%97%A5%E6%9C%AC%E5%A4%A7%E9%80%9A%E3%82%8A%E9%A7%85>
<http://www.wikidata.org/entity/Q7401886>	"サンモール・インターナショナル・スクール"@ja	<http://www.wikidata.org/entity/Q572835>	"インターナショナル・スクール"@ja	<http://www.wikidata.org/entity/P131>	"位置する行政区画"@ja	<https://ja.wikipedia.org/wiki/%E3%82%B5%E3%83%B3%E3%83%A2%E3%83%BC%E3%83%AB%E3%83%BB%E3%82%A4%E3%83%B3%E3%82%BF%E3%83%BC%E3%83%8A%E3%82%B7%E3%83%A7%E3%83%8A%E3%83%AB%E3%83%BB%E3%82%B9%E3%82%AF%E3%83%BC%E3%83%AB>
<http://www.wikidata.org/entity/Q9245723>	"Category:中区 (横浜市)"@ja	<http://www.wikidata.org/entity/Q4167836>	"ウィキメディアのカテゴリ"@ja	<http://www.wikidata.org/entity/P301>	"カテゴリの中心主題"@ja	<https://ja.wikipedia.org/wiki/Category:%E4%B8%AD%E5%8C%BA_(%E6%A8%AA%E6%B5%9C%E5%B8%82)>
<http://www.wikidata.org/entity/Q10866429>	"三渓園出入口"@ja	<http://www.wikidata.org/entity/Q2376564>	"インターチェンジ"@ja	<http://www.wikidata.org/entity/P131>	"位置する行政区画"@ja	<https://ja.wikipedia.org/wiki/%E4%B8%89%E6%B8%93%E5%9C%92%E5%87%BA%E5%85%A5%E5%8F%A3>
<http://www.wikidata.org/entity/Q11093431>	"本牧ジャンクション"@ja	<http://www.wikidata.org/entity/Q1788454>	"ジャンクション"@ja	<http://www.wikidata.org/entity/P131>	"位置する行政区画"@ja	<https://ja.wikipedia.org/wiki/%E6%9C%AC%E7%89%A7%E3%82%B8%E3%83%A3%E3%83%B3%E3%82%AF%E3%82%B7%E3%83%A7%E3%83%B3>
<http://www.wikidata.org/entity/Q11121603>	"横浜文化体育館"@ja	<http://www.wikidata.org/entity/Q641226>	"アリーナ"@ja	<http://www.wikidata.org/entity/P131>	"位置する行政区画"@ja	<https://ja.wikipedia.org/wiki/%E6%A8%AA%E6%B5%9C%E6%96%87%E5%8C%96%E4%BD%93%E8%82%B2%E9%A4%A8>
<http://www.wikidata.org/entity/Q11332730>	"フェリス女学院中学校・高等学校"@ja	<http://www.wikidata.org/entity/Q21655594>	"日本の中高一貫校"@ja	<http://www.wikidata.org/entity/P131>	"位置する行政区画"@ja	<https://ja.wikipedia.org/wiki/%E3%83%95%E3%82%A7%E3%83%AA%E3%82%B9%E5%A5%B3%E5%AD%A6%E9%99%A2%E4%B8%AD%E5%AD%A6%E6%A0%A1%E3%83%BB%E9%AB%98%E7%AD%89%E5%AD%A6%E6%A0%A1>
<http://www.wikidata.org/entity/Q11342189>	"ミッキー安川"@ja	<http://www.wikidata.org/entity/Q5>	"ヒト"@ja	<http://www.wikidata.org/entity/P19>	"出生地"@ja	<https://ja.wikipedia.org/wiki/%E3%83%9F%E3%83%83%E3%82%AD%E3%83%BC%E5%AE%89%E5%B7%9D>
<http://www.wikidata.org/entity/Q11353771>	"万代町"@ja	<http://www.wikidata.org/entity/Q65948724>	"町字"@ja	<http://www.wikidata.org/entity/P131>	"位置する行政区画"@ja	<https://ja.wikipedia.org/wiki/%E4%B8%87%E4%BB%A3%E7%94%BA_(%E6%A8%AA%E6%B5%9C%E5%B8%82)>
<http://www.wikidata.org/entity/Q11353771>	"万代町"@ja	<http://www.wikidata.org/entity/Q5327369>	"町丁"@ja	<http://www.wikidata.org/entity/P131>	"位置する行政区画"@ja	<https://ja.wikipedia.org/wiki/%E4%B8%87%E4%BB%A3%E7%94%BA_(%E6%A8%AA%E6%B5%9C%E5%B8%82)>
<http://www.wikidata.org/entity/Q11353786>	"万国橋"@ja	<http://www.wikidata.org/entity/Q3397659>	"コンクリート製アーチ橋"@ja	<http://www.wikidata.org/entity/P131>	"位置する行政区画"@ja	<https://ja.wikipedia.org/wiki/%E4%B8%87%E5%9B%BD%E6%A9%8B>
<http://www.wikidata.org/entity/Q11353786>	"万国橋"@ja	<http://www.wikidata.org/entity/Q537127>	"道路橋"@ja	<http://www.wikidata.org/entity/P131>	"位置する行政区画"@ja	<https://ja.wikipedia.org/wiki/%E4%B8%87%E5%9B%BD%E6%A9%8B>
<http://www.wikidata.org/entity/Q11357145>	"三菱重工業横浜製作所"@ja	<http://www.wikidata.org/entity/Q83405>	"工場"@ja	<http://www.wikidata.org/entity/P131>	"位置する行政区画"@ja	<https://ja.wikipedia.org/wiki/%E4%B8%89%E8%8F%B1%E9%87%8D%E5%B7%A5%E6%A5%AD%E6%A8%AA%E6%B5%9C%E8%A3%BD%E4%BD%9C%E6%89%80>
<http://www.wikidata.org/entity/Q11365266>	"中村亘佑"@ja	<http://www.wikidata.org/entity/Q5>	"ヒト"@ja	<http://www.wikidata.org/entity/P19>	"出生地"@ja	<https://ja.wikipedia.org/wiki/%E4%B8%AD%E6%9D%91%E4%BA%98%E4%BD%91>
<http://www.wikidata.org/entity/Q11386656>	"倉持明"@ja	<http://www.wikidata.org/entity/Q5>	"ヒト"@ja	<http://www.wikidata.org/entity/P19>	"出生地"@ja	<https://ja.wikipedia.org/wiki/%E5%80%89%E6%8C%81%E6%98%8E>
<http://www.wikidata.org/entity/Q11387978>	"元町"@ja	<http://www.wikidata.org/entity/Q65948724>	"町字"@ja	<http://www.wikidata.org/entity/P131>	"位置する行政区画"@ja	<https://ja.wikipedia.org/wiki/%E5%85%83%E7%94%BA_(%E6%A8%AA%E6%B5%9C%E5%B8%82)>
<http://www.wikidata.org/entity/Q11387978>	"元町"@ja	<http://www.wikidata.org/entity/Q5327369>	"町丁"@ja	<http://www.wikidata.org/entity/P131>	"位置する行政区画"@ja	<https://ja.wikipedia.org/wiki/%E5%85%83%E7%94%BA_(%E6%A8%AA%E6%B5%9C%E5%B8%82)>
<http://www.wikidata.org/entity/Q11407928>	"南本牧埠頭"@ja	<http://www.wikidata.org/entity/Q828909>	"埠頭"@ja	<http://www.wikidata.org/entity/P131>	"位置する行政区画"@ja	<https://ja.wikipedia.org/wiki/%E5%8D%97%E6%9C%AC%E7%89%A7%E5%9F%A0%E9%A0%AD>
<http://www.wikidata.org/entity/Q11416886>	"周富徳"@ja	<http://www.wikidata.org/entity/Q5>	"ヒト"@ja	<http://www.wikidata.org/entity/P20>	"死没地"@ja	<https://ja.wikipedia.org/wiki/%E5%91%A8%E5%AF%8C%E5%BE%B3>
<http://www.wikidata.org/entity/Q11416886>	"周富徳"@ja	<http://www.wikidata.org/entity/Q5>	"ヒト"@ja	<http://www.wikidata.org/entity/P19>	"出生地"@ja	<https://ja.wikipedia.org/wiki/%E5%91%A8%E5%AF%8C%E5%BE%B3>
<http://www.wikidata.org/entity/Q11416887>	"周富輝"@ja	<http://www.wikidata.org/entity/Q5>	"ヒト"@ja	<http://www.wikidata.org/entity/P19>	"出生地"@ja	<https://ja.wikipedia.org/wiki/%E5%91%A8%E5%AF%8C%E8%BC%9D>
<http://www.wikidata.org/entity/Q11448295>	"学校法人フェリス女学院"@ja	<http://www.wikidata.org/entity/Q2385804>	"教育機関"@ja	<http://www.wikidata.org/entity/P159>	"本部所在地"@ja	<https://ja.wikipedia.org/wiki/%E5%AD%A6%E6%A0%A1%E6%B3%95%E4%BA%BA%E3%83%95%E3%82%A7%E3%83%AA%E3%82%B9%E5%A5%B3%E5%AD%A6%E9%99%A2>
<http://www.wikidata.org/entity/Q11448602>	"学校法人横浜雙葉学園"@ja	<http://www.wikidata.org/entity/Q2385804>	"教育機関"@ja	<http://www.wikidata.org/entity/P159>	"本部所在地"@ja	<https://ja.wikipedia.org/wiki/%E5%AD%A6%E6%A0%A1%E6%B3%95%E4%BA%BA%E6%A8%AA%E6%B5%9C%E9%9B%99%E8%91%89%E5%AD%A6%E5%9C%92>
<http://www.wikidata.org/entity/Q11449409>	"宇徳"@ja	<http://www.wikidata.org/entity/Q4830453>	"企業"@ja	<http://www.wikidata.org/entity/P159>	"本部所在地"@ja	<https://ja.wikipedia.org/wiki/%E5%AE%87%E5%BE%B3>
<http://www.wikidata.org/entity/Q11458342>	"寿町"@ja	<http://www.wikidata.org/entity/Q5327369>	"町丁"@ja	<http://www.wikidata.org/entity/P131>	"位置する行政区画"@ja	<https://ja.wikipedia.org/wiki/%E5%AF%BF%E7%94%BA_(%E6%A8%AA%E6%B5%9C%E5%B8%82)>
<http://www.wikidata.org/entity/Q11458991>	"小倉清一郎"@ja	<http://www.wikidata.org/entity/Q5>	"ヒト"@ja	<http://www.wikidata.org/entity/P19>	"出生地"@ja	<https://ja.wikipedia.org/wiki/%E5%B0%8F%E5%80%89%E6%B8%85%E4%B8%80%E9%83%8E>
<http://www.wikidata.org/entity/Q11465079>	"尾上町"@ja	<http://www.wikidata.org/entity/Q5327369>	"町丁"@ja	<http://www.wikidata.org/entity/P131>	"位置する行政区画"@ja	<https://ja.wikipedia.org/wiki/%E5%B0%BE%E4%B8%8A%E7%94%BA_(%E6%A8%AA%E6%B5%9C%E5%B8%82)>
<http://www.wikidata.org/entity/Q11466015>	"山下町"@ja	<http://www.wikidata.org/entity/Q65948724>	"町字"@ja	<http://www.wikidata.org/entity/P131>	"位置する行政区画"@ja	<https://ja.wikipedia.org/wiki/%E5%B1%B1%E4%B8%8B%E7%94%BA_(%E6%A8%AA%E6%B5%9C%E5%B8%82)>
<http://www.wikidata.org/entity/Q11466015>	"山下町"@ja	<http://www.wikidata.org/entity/Q5327369>	"町丁"@ja	<http://www.wikidata.org/entity/P131>	"位置する行政区画"@ja	<https://ja.wikipedia.org/wiki/%E5%B1%B1%E4%B8%8B%E7%94%BA_(%E6%A8%AA%E6%B5%9C%E5%B8%82)>
<http://www.wikidata.org/entity/Q11467432>	"山口美江"@ja	<http://www.wikidata.org/entity/Q5>	"ヒト"@ja	<http://www.wikidata.org/entity/P19>	"出生地"@ja	<https://ja.wikipedia.org/wiki/%E5%B1%B1%E5%8F%A3%E7%BE%8E%E6%B1%9F>
<http://www.wikidata.org/entity/Q109632167>	"蓬萊町"@ja	<http://www.wikidata.org/entity/Q5327369>	"町丁"@ja	<http://www.wikidata.org/entity/P131>	"位置する行政区画"@ja	<https://ja.wikipedia.org/wiki/%E8%93%AC%E8%90%8A%E7%94%BA_(%E6%A8%AA%E6%B5%9C%E5%B8%82)>
<http://www.wikidata.org/entity/Q109632167>	"蓬萊町"@ja	<http://www.wikidata.org/entity/Q3957>	"街"@ja	<http://www.wikidata.org/entity/P131>	"位置する行政区画"@ja	<https://ja.wikipedia.org/wiki/%E8%93%AC%E8%90%8A%E7%94%BA_(%E6%A8%AA%E6%B5%9C%E5%B8%82)>
<http://www.wikidata.org/entity/Q109648061>	"本牧町"@ja	<http://www.wikidata.org/entity/Q65948724>	"町字"@ja	<http://www.wikidata.org/entity/P131>	"位置する行政区画"@ja	<https://ja.wikipedia.org/wiki/%E6%9C%AC%E7%89%A7%E7%94%BA_(%E6%A8%AA%E6%B5%9C%E5%B8%82)>
<http://www.wikidata.org/entity/Q109648061>	"本牧町"@ja	<http://www.wikidata.org/entity/Q5327369>	"町丁"@ja	<http://www.wikidata.org/entity/P131>	"位置する行政区画"@ja	<https://ja.wikipedia.org/wiki/%E6%9C%AC%E7%89%A7%E7%94%BA_(%E6%A8%AA%E6%B5%9C%E5%B8%82)>
<http://www.wikidata.org/entity/Q109648061>	"本牧町"@ja	<http://www.wikidata.org/entity/Q3957>	"街"@ja	<http://www.wikidata.org/entity/P131>	"位置する行政区画"@ja	<https://ja.wikipedia.org/wiki/%E6%9C%AC%E7%89%A7%E7%94%BA_(%E6%A8%AA%E6%B5%9C%E5%B8%82)>
<http://www.wikidata.org/entity/Q110144085>	"横浜メディア・ビジネスセンター"@ja	<http://www.wikidata.org/entity/Q41176>	"建築物"@ja	<http://www.wikidata.org/entity/P131>	"位置する行政区画"@ja	<https://ja.wikipedia.org/wiki/%E6%A8%AA%E6%B5%9C%E3%83%A1%E3%83%87%E3%82%A3%E3%82%A2%E3%83%BB%E3%83%93%E3%82%B8%E3%83%8D%E3%82%B9%E3%82%BB%E3%83%B3%E3%82%BF%E3%83%BC>
<http://www.wikidata.org/entity/Q87263774>	"横浜市立元街小学校"@ja	<http://www.wikidata.org/entity/Q5358913>	"日本の小学校"@ja	<http://www.wikidata.org/entity/P131>	"位置する行政区画"@ja	
<http://www.wikidata.org/entity/Q87263777>	"横浜市立立野小学校"@ja	<http://www.wikidata.org/entity/Q5358913>	"日本の小学校"@ja	<http://www.wikidata.org/entity/P131>	"位置する行政区画"@ja	
<http://www.wikidata.org/entity/Q87263780>	"横浜市立大鳥小学校"@ja	<http://www.wikidata.org/entity/Q5358913>	"日本の小学校"@ja	<http://www.wikidata.org/entity/P131>	"位置する行政区画"@ja	
<http://www.wikidata.org/entity/Q87263781>	"横浜市立山元小学校"@ja	<http://www.wikidata.org/entity/Q5358913>	"日本の小学校"@ja	<http://www.wikidata.org/entity/P131>	"位置する行政区画"@ja	
<http://www.wikidata.org/entity/Q87263787>	"横浜市立本牧小学校"@ja	<http://www.wikidata.org/entity/Q5358913>	"日本の小学校"@ja	<http://www.wikidata.org/entity/P131>	"位置する行政区画"@ja	
<http://www.wikidata.org/entity/Q87318740>	"横浜市立本牧中学校"@ja	<http://www.wikidata.org/entity/Q55521176>	"日本の中学校"@ja	<http://www.wikidata.org/entity/P131>	"位置する行政区画"@ja	
<http://www.wikidata.org/entity/Q87340854>	"横浜女学院中学校"@ja	<http://www.wikidata.org/entity/Q55521176>	"日本の中学校"@ja	<http://www.wikidata.org/entity/P131>	"位置する行政区画"@ja	
<http://www.wikidata.org/entity/Q87340852>	"聖光学院中学校"@ja	<http://www.wikidata.org/entity/Q55521176>	"日本の中学校"@ja	<http://www.wikidata.org/entity/P131>	"位置する行政区画"@ja	
<http://www.wikidata.org/entity/Q87340878>	"横浜女学院高等学校"@ja	<http://www.wikidata.org/entity/Q56351315>	"日本の高等学校"@ja	<http://www.wikidata.org/entity/P131>	"位置する行政区画"@ja	
<http://www.wikidata.org/entity/Q101287526>	"山手町"@ja	<http://www.wikidata.org/entity/Q65948724>	"町字"@ja	<http://www.wikidata.org/entity/P131>	"位置する行政区画"@ja	
<http://www.wikidata.org/entity/Q104184872>	"アンスティチュ・フランセ横浜"@ja	<http://www.wikidata.org/entity/Q3152824>	"文化機関"@ja	<http://www.wikidata.org/entity/P159>	"本部所在地"@ja	
<http://www.wikidata.org/entity/Q104235649>	"Q104235649"	<http://www.wikidata.org/entity/Q4167836>	"ウィキメディアのカテゴリ"@ja	<http://www.wikidata.org/entity/P971>	"以下の組み合わせカテゴリ"@ja	
<http://www.wikidata.org/entity/Q108814664>	"ぴおシティ"@ja	<http://www.wikidata.org/entity/Q1339195>	"駅ビル"@ja	<http://www.wikidata.org/entity/P131>	"位置する行政区画"@ja	
<http://www.wikidata.org/entity/Q108939619>	"中村輝太郎"@ja	<http://www.wikidata.org/entity/Q5>	"ヒト"@ja	<http://www.wikidata.org/entity/P20>	"死没地"@ja	
<http://www.wikidata.org/entity/Q110990357>	"志村計介"@ja	<http://www.wikidata.org/entity/Q5>	"ヒト"@ja	<http://www.wikidata.org/entity/P20>	"死没地"@ja	
<http://www.wikidata.org/entity/Q111158290>	"関内駅"@ja	<http://www.wikidata.org/entity/Q928830>	"地下鉄駅"@ja	<http://www.wikidata.org/entity/P131>	"位置する行政区画"@ja	
<http://www.wikidata.org/entity/Q111406745>	"ダイワロイネットホテル横浜公園"@ja	<http://www.wikidata.org/entity/Q27686>	"ホテル"@ja	<http://www.wikidata.org/entity/P131>	"位置する行政区画"@ja	
<http://www.wikidata.org/entity/Q114926429>	"聖光学院高等学校"@ja	<http://www.wikidata.org/entity/Q56351315>	"日本の高等学校"@ja	<http://www.wikidata.org/entity/P131>	"位置する行政区画"@ja	
