?s	?sLabel	?type	?typeLabel	?prop	?propLabel	?jwiki
<http://www.wikidata.org/entity/Q38283>	"横浜市"@ja	<http://www.wikidata.org/entity/Q65589340>	"都道府県庁所在地"@ja	<http://www.wikidata.org/entity/P150>	"直下の行政区画"@ja	<https://ja.wikipedia.org/wiki/%E6%A8%AA%E6%B5%9C%E5%B8%82>
<http://www.wikidata.org/entity/Q38283>	"横浜市"@ja	<http://www.wikidata.org/entity/Q50330360>	"国内で人口2位の都市"@ja	<http://www.wikidata.org/entity/P150>	"直下の行政区画"@ja	<https://ja.wikipedia.org/wiki/%E6%A8%AA%E6%B5%9C%E5%B8%82>
<http://www.wikidata.org/entity/Q38283>	"横浜市"@ja	<http://www.wikidata.org/entity/Q2264924>	"港湾都市"@ja	<http://www.wikidata.org/entity/P150>	"直下の行政区画"@ja	<https://ja.wikipedia.org/wiki/%E6%A8%AA%E6%B5%9C%E5%B8%82>
<http://www.wikidata.org/entity/Q38283>	"横浜市"@ja	<http://www.wikidata.org/entity/Q1749269>	"政令指定都市"@ja	<http://www.wikidata.org/entity/P150>	"直下の行政区画"@ja	<https://ja.wikipedia.org/wiki/%E6%A8%AA%E6%B5%9C%E5%B8%82>
<http://www.wikidata.org/entity/Q38283>	"横浜市"@ja	<http://www.wikidata.org/entity/Q1637706>	"100万都市"@ja	<http://www.wikidata.org/entity/P150>	"直下の行政区画"@ja	<https://ja.wikipedia.org/wiki/%E6%A8%AA%E6%B5%9C%E5%B8%82>
<http://www.wikidata.org/entity/Q38283>	"横浜市"@ja	<http://www.wikidata.org/entity/Q828359>	"ベッドタウン"@ja	<http://www.wikidata.org/entity/P150>	"直下の行政区画"@ja	<https://ja.wikipedia.org/wiki/%E6%A8%AA%E6%B5%9C%E5%B8%82>
<http://www.wikidata.org/entity/Q38283>	"横浜市"@ja	<http://www.wikidata.org/entity/Q691960>	"衛星都市"@ja	<http://www.wikidata.org/entity/P150>	"直下の行政区画"@ja	<https://ja.wikipedia.org/wiki/%E6%A8%AA%E6%B5%9C%E5%B8%82>
<http://www.wikidata.org/entity/Q38283>	"横浜市"@ja	<http://www.wikidata.org/entity/Q494721>	"日本の市"@ja	<http://www.wikidata.org/entity/P150>	"直下の行政区画"@ja	<https://ja.wikipedia.org/wiki/%E6%A8%AA%E6%B5%9C%E5%B8%82>
<http://www.wikidata.org/entity/Q97187716>	"今宿南町"@ja	<http://www.wikidata.org/entity/Q5327369>	"町丁"@ja	<http://www.wikidata.org/entity/P131>	"位置する行政区画"@ja	<https://ja.wikipedia.org/wiki/%E4%BB%8A%E5%AE%BF%E5%8D%97%E7%94%BA>
<http://www.wikidata.org/entity/Q97187726>	"今宿東町"@ja	<http://www.wikidata.org/entity/Q5327369>	"町丁"@ja	<http://www.wikidata.org/entity/P131>	"位置する行政区画"@ja	<https://ja.wikipedia.org/wiki/%E4%BB%8A%E5%AE%BF%E6%9D%B1%E7%94%BA>
<http://www.wikidata.org/entity/Q97187736>	"今宿西町"@ja	<http://www.wikidata.org/entity/Q5327369>	"町丁"@ja	<http://www.wikidata.org/entity/P131>	"位置する行政区画"@ja	<https://ja.wikipedia.org/wiki/%E4%BB%8A%E5%AE%BF%E8%A5%BF%E7%94%BA>
<http://www.wikidata.org/entity/Q97188306>	"川井宿町"@ja	<http://www.wikidata.org/entity/Q5327369>	"町丁"@ja	<http://www.wikidata.org/entity/P131>	"位置する行政区画"@ja	<https://ja.wikipedia.org/wiki/%E5%B7%9D%E4%BA%95%E5%AE%BF%E7%94%BA>
<http://www.wikidata.org/entity/Q97188312>	"川井本町"@ja	<http://www.wikidata.org/entity/Q5327369>	"町丁"@ja	<http://www.wikidata.org/entity/P131>	"位置する行政区画"@ja	<https://ja.wikipedia.org/wiki/%E5%B7%9D%E4%BA%95%E6%9C%AC%E7%94%BA>
<http://www.wikidata.org/entity/Q97188338>	"市沢町"@ja	<http://www.wikidata.org/entity/Q5327369>	"町丁"@ja	<http://www.wikidata.org/entity/P131>	"位置する行政区画"@ja	<https://ja.wikipedia.org/wiki/%E5%B8%82%E6%B2%A2%E7%94%BA>
<http://www.wikidata.org/entity/Q97188699>	"桐が作"@ja	<http://www.wikidata.org/entity/Q5327369>	"町丁"@ja	<http://www.wikidata.org/entity/P131>	"位置する行政区画"@ja	<https://ja.wikipedia.org/wiki/%E6%A1%90%E3%81%8C%E4%BD%9C>
<http://www.wikidata.org/entity/Q97188963>	"矢指町"@ja	<http://www.wikidata.org/entity/Q5327369>	"町丁"@ja	<http://www.wikidata.org/entity/P131>	"位置する行政区画"@ja	<https://ja.wikipedia.org/wiki/%E7%9F%A2%E6%8C%87%E7%94%BA>
<http://www.wikidata.org/entity/Q97189119>	"西川島町"@ja	<http://www.wikidata.org/entity/Q5327369>	"町丁"@ja	<http://www.wikidata.org/entity/P131>	"位置する行政区画"@ja	<https://ja.wikipedia.org/wiki/%E8%A5%BF%E5%B7%9D%E5%B3%B6%E7%94%BA>
<http://www.wikidata.org/entity/Q97278889>	"今宿町"@ja	<http://www.wikidata.org/entity/Q5327369>	"町丁"@ja	<http://www.wikidata.org/entity/P131>	"位置する行政区画"@ja	<https://ja.wikipedia.org/wiki/%E4%BB%8A%E5%AE%BF%E7%94%BA_(%E6%A8%AA%E6%B5%9C%E5%B8%82)>
<http://www.wikidata.org/entity/Q97278898>	"今川町"@ja	<http://www.wikidata.org/entity/Q5327369>	"町丁"@ja	<http://www.wikidata.org/entity/P131>	"位置する行政区画"@ja	<https://ja.wikipedia.org/wiki/%E4%BB%8A%E5%B7%9D%E7%94%BA_(%E6%A8%AA%E6%B5%9C%E5%B8%82)>
<http://www.wikidata.org/entity/Q97279022>	"大池町"@ja	<http://www.wikidata.org/entity/Q5327369>	"町丁"@ja	<http://www.wikidata.org/entity/P131>	"位置する行政区画"@ja	<https://ja.wikipedia.org/wiki/%E5%A4%A7%E6%B1%A0%E7%94%BA_(%E6%A8%AA%E6%B5%9C%E5%B8%82)>
<http://www.wikidata.org/entity/Q97279112>	"小高町"@ja	<http://www.wikidata.org/entity/Q5327369>	"町丁"@ja	<http://www.wikidata.org/entity/P131>	"位置する行政区画"@ja	<https://ja.wikipedia.org/wiki/%E5%B0%8F%E9%AB%98%E7%94%BA_(%E6%A8%AA%E6%B5%9C%E5%B8%82)>
<http://www.wikidata.org/entity/Q97279121>	"川島町"@ja	<http://www.wikidata.org/entity/Q5327369>	"町丁"@ja	<http://www.wikidata.org/entity/P131>	"位置する行政区画"@ja	<https://ja.wikipedia.org/wiki/%E5%B7%9D%E5%B3%B6%E7%94%BA_(%E6%A8%AA%E6%B5%9C%E5%B8%82%E6%97%AD%E5%8C%BA)>
<http://www.wikidata.org/entity/Q97279255>	"柏町"@ja	<http://www.wikidata.org/entity/Q5327369>	"町丁"@ja	<http://www.wikidata.org/entity/P131>	"位置する行政区画"@ja	<https://ja.wikipedia.org/wiki/%E6%9F%8F%E7%94%BA_(%E6%A8%AA%E6%B5%9C%E5%B8%82)>
<http://www.wikidata.org/entity/Q97279359>	"白根町"@ja	<http://www.wikidata.org/entity/Q5327369>	"町丁"@ja	<http://www.wikidata.org/entity/P131>	"位置する行政区画"@ja	<https://ja.wikipedia.org/wiki/%E7%99%BD%E6%A0%B9%E7%94%BA_(%E6%A8%AA%E6%B5%9C%E5%B8%82)>
<http://www.wikidata.org/entity/Q109346697>	"古川直季"@ja	<http://www.wikidata.org/entity/Q5>	"ヒト"@ja	<http://www.wikidata.org/entity/P19>	"出生地"@ja	<https://ja.wikipedia.org/wiki/%E5%8F%A4%E5%B7%9D%E7%9B%B4%E5%AD%A3>
<http://www.wikidata.org/entity/Q110193977>	"横浜温泉チャレンジャー"@ja	<http://www.wikidata.org/entity/Q655311>	"温泉"@ja	<http://www.wikidata.org/entity/P131>	"位置する行政区画"@ja	<https://ja.wikipedia.org/wiki/%E6%A8%AA%E6%B5%9C%E6%B8%A9%E6%B3%89%E3%83%81%E3%83%A3%E3%83%AC%E3%83%B3%E3%82%B8%E3%83%A3%E3%83%BC>
<http://www.wikidata.org/entity/Q872726>	"阿波野秀幸"@ja	<http://www.wikidata.org/entity/Q5>	"ヒト"@ja	<http://www.wikidata.org/entity/P19>	"出生地"@ja	<https://ja.wikipedia.org/wiki/%E9%98%BF%E6%B3%A2%E9%87%8E%E7%A7%80%E5%B9%B8>
<http://www.wikidata.org/entity/Q3545203>	"小林賢太郎"@ja	<http://www.wikidata.org/entity/Q5>	"ヒト"@ja	<http://www.wikidata.org/entity/P19>	"出生地"@ja	<https://ja.wikipedia.org/wiki/%E5%B0%8F%E6%9E%97%E8%B3%A2%E5%A4%AA%E9%83%8E>
<http://www.wikidata.org/entity/Q3576063>	"よこはま動物園ズーラシア"@ja	<http://www.wikidata.org/entity/Q43501>	"動物園"@ja	<http://www.wikidata.org/entity/P131>	"位置する行政区画"@ja	<https://ja.wikipedia.org/wiki/%E3%82%88%E3%81%93%E3%81%AF%E3%81%BE%E5%8B%95%E7%89%A9%E5%9C%92%E3%82%BA%E3%83%BC%E3%83%A9%E3%82%B7%E3%82%A2>
<http://www.wikidata.org/entity/Q4255048>	"須藤理彩"@ja	<http://www.wikidata.org/entity/Q5>	"ヒト"@ja	<http://www.wikidata.org/entity/P19>	"出生地"@ja	<https://ja.wikipedia.org/wiki/%E9%A0%88%E8%97%A4%E7%90%86%E5%BD%A9>
<http://www.wikidata.org/entity/Q5363509>	"木田勇"@ja	<http://www.wikidata.org/entity/Q5>	"ヒト"@ja	<http://www.wikidata.org/entity/P19>	"出生地"@ja	<https://ja.wikipedia.org/wiki/%E6%9C%A8%E7%94%B0%E5%8B%87>
<http://www.wikidata.org/entity/Q6862945>	"南万騎が原駅"@ja	<http://www.wikidata.org/entity/Q55491>	"地下駅"@ja	<http://www.wikidata.org/entity/P131>	"位置する行政区画"@ja	<https://ja.wikipedia.org/wiki/%E5%8D%97%E4%B8%87%E9%A8%8E%E3%81%8C%E5%8E%9F%E9%A7%85>
<http://www.wikidata.org/entity/Q6862945>	"南万騎が原駅"@ja	<http://www.wikidata.org/entity/Q55488>	"鉄道駅"@ja	<http://www.wikidata.org/entity/P131>	"位置する行政区画"@ja	<https://ja.wikipedia.org/wiki/%E5%8D%97%E4%B8%87%E9%A8%8E%E3%81%8C%E5%8E%9F%E9%A7%85>
<http://www.wikidata.org/entity/Q9682704>	"Category:旭区 (横浜市)"@ja	<http://www.wikidata.org/entity/Q4167836>	"ウィキメディアのカテゴリ"@ja	<http://www.wikidata.org/entity/P301>	"カテゴリの中心主題"@ja	<https://ja.wikipedia.org/wiki/Category:%E6%97%AD%E5%8C%BA_(%E6%A8%AA%E6%B5%9C%E5%B8%82)>
<http://www.wikidata.org/entity/Q11358942>	"上川井町"@ja	<http://www.wikidata.org/entity/Q5327369>	"町丁"@ja	<http://www.wikidata.org/entity/P131>	"位置する行政区画"@ja	<https://ja.wikipedia.org/wiki/%E4%B8%8A%E5%B7%9D%E4%BA%95%E7%94%BA>
<http://www.wikidata.org/entity/Q11360859>	"下川井町"@ja	<http://www.wikidata.org/entity/Q5327369>	"町丁"@ja	<http://www.wikidata.org/entity/P131>	"位置する行政区画"@ja	<https://ja.wikipedia.org/wiki/%E4%B8%8B%E5%B7%9D%E4%BA%95%E7%94%BA>
<http://www.wikidata.org/entity/Q11366814>	"中白根"@ja	<http://www.wikidata.org/entity/Q5327369>	"町丁"@ja	<http://www.wikidata.org/entity/P131>	"位置する行政区画"@ja	<https://ja.wikipedia.org/wiki/%E4%B8%AD%E7%99%BD%E6%A0%B9>
<http://www.wikidata.org/entity/Q11367628>	"中野栄一"@ja	<http://www.wikidata.org/entity/Q5>	"ヒト"@ja	<http://www.wikidata.org/entity/P19>	"出生地"@ja	<https://ja.wikipedia.org/wiki/%E4%B8%AD%E9%87%8E%E6%A0%84%E4%B8%80>
<http://www.wikidata.org/entity/Q11371340>	"二俣川"@ja	<http://www.wikidata.org/entity/Q5327369>	"町丁"@ja	<http://www.wikidata.org/entity/P131>	"位置する行政区画"@ja	<https://ja.wikipedia.org/wiki/%E4%BA%8C%E4%BF%A3%E5%B7%9D>
<http://www.wikidata.org/entity/Q11407926>	"南本宿町"@ja	<http://www.wikidata.org/entity/Q5327369>	"町丁"@ja	<http://www.wikidata.org/entity/P131>	"位置する行政区画"@ja	<https://ja.wikipedia.org/wiki/%E5%8D%97%E6%9C%AC%E5%AE%BF%E7%94%BA>
<http://www.wikidata.org/entity/Q11418998>	"善部町"@ja	<http://www.wikidata.org/entity/Q5327369>	"町丁"@ja	<http://www.wikidata.org/entity/P131>	"位置する行政区画"@ja	<https://ja.wikipedia.org/wiki/%E5%96%84%E9%83%A8%E7%94%BA>
<http://www.wikidata.org/entity/Q11475084>	"岩本千春 (女優)"@ja	<http://www.wikidata.org/entity/Q5>	"ヒト"@ja	<http://www.wikidata.org/entity/P19>	"出生地"@ja	<https://ja.wikipedia.org/wiki/%E5%B2%A9%E6%9C%AC%E5%8D%83%E6%98%A5_(%E5%A5%B3%E5%84%AA)>
<http://www.wikidata.org/entity/Q11479724>	"左近山"@ja	<http://www.wikidata.org/entity/Q5327369>	"町丁"@ja	<http://www.wikidata.org/entity/P131>	"位置する行政区画"@ja	<https://ja.wikipedia.org/wiki/%E5%B7%A6%E8%BF%91%E5%B1%B1_(%E6%A8%AA%E6%B5%9C%E5%B8%82)>
<http://www.wikidata.org/entity/Q11520428>	"本村町 (横浜市)"@ja	<http://www.wikidata.org/entity/Q5327369>	"町丁"@ja	<http://www.wikidata.org/entity/P131>	"位置する行政区画"@ja	<https://ja.wikipedia.org/wiki/%E6%9C%AC%E6%9D%91%E7%94%BA_(%E6%A8%AA%E6%B5%9C%E5%B8%82)>
<http://www.wikidata.org/entity/Q11542943>	"横浜商科大学高等学校"@ja	<http://www.wikidata.org/entity/Q56351315>	"日本の高等学校"@ja	<http://www.wikidata.org/entity/P131>	"位置する行政区画"@ja	<https://ja.wikipedia.org/wiki/%E6%A8%AA%E6%B5%9C%E5%95%86%E7%A7%91%E5%A4%A7%E5%AD%A6%E9%AB%98%E7%AD%89%E5%AD%A6%E6%A0%A1>
<http://www.wikidata.org/entity/Q11542969>	"横浜富士見丘学園中等教育学校"@ja	<http://www.wikidata.org/entity/Q11366867>	"日本の中等教育学校"@ja	<http://www.wikidata.org/entity/P131>	"位置する行政区画"@ja	<https://ja.wikipedia.org/wiki/%E6%A8%AA%E6%B5%9C%E5%AF%8C%E5%A3%AB%E8%A6%8B%E4%B8%98%E5%AD%A6%E5%9C%92%E4%B8%AD%E7%AD%89%E6%95%99%E8%82%B2%E5%AD%A6%E6%A0%A1>
<http://www.wikidata.org/entity/Q11543041>	"横浜市立万騎が原小学校"@ja	<http://www.wikidata.org/entity/Q5358913>	"日本の小学校"@ja	<http://www.wikidata.org/entity/P131>	"位置する行政区画"@ja	<https://ja.wikipedia.org/wiki/%E6%A8%AA%E6%B5%9C%E5%B8%82%E7%AB%8B%E4%B8%87%E9%A8%8E%E3%81%8C%E5%8E%9F%E5%B0%8F%E5%AD%A6%E6%A0%A1>
<http://www.wikidata.org/entity/Q11543045>	"横浜市立上白根中学校"@ja	<http://www.wikidata.org/entity/Q55521176>	"日本の中学校"@ja	<http://www.wikidata.org/entity/P131>	"位置する行政区画"@ja	<https://ja.wikipedia.org/wiki/%E6%A8%AA%E6%B5%9C%E5%B8%82%E7%AB%8B%E4%B8%8A%E7%99%BD%E6%A0%B9%E4%B8%AD%E5%AD%A6%E6%A0%A1>
<http://www.wikidata.org/entity/Q11543056>	"横浜市立今宿小学校"@ja	<http://www.wikidata.org/entity/Q5358913>	"日本の小学校"@ja	<http://www.wikidata.org/entity/P131>	"位置する行政区画"@ja	<https://ja.wikipedia.org/wiki/%E6%A8%AA%E6%B5%9C%E5%B8%82%E7%AB%8B%E4%BB%8A%E5%AE%BF%E5%B0%8F%E5%AD%A6%E6%A0%A1>
<http://www.wikidata.org/entity/Q11543057>	"横浜市立今宿中学校"@ja	<http://www.wikidata.org/entity/Q55521176>	"日本の中学校"@ja	<http://www.wikidata.org/entity/P131>	"位置する行政区画"@ja	<https://ja.wikipedia.org/wiki/%E6%A8%AA%E6%B5%9C%E5%B8%82%E7%AB%8B%E4%BB%8A%E5%AE%BF%E4%B8%AD%E5%AD%A6%E6%A0%A1>
<http://www.wikidata.org/entity/Q11543069>	"横浜市立善部小学校"@ja	<http://www.wikidata.org/entity/Q5358913>	"日本の小学校"@ja	<http://www.wikidata.org/entity/P131>	"位置する行政区画"@ja	<https://ja.wikipedia.org/wiki/%E6%A8%AA%E6%B5%9C%E5%B8%82%E7%AB%8B%E5%96%84%E9%83%A8%E5%B0%8F%E5%AD%A6%E6%A0%A1>
<http://www.wikidata.org/entity/Q11543110>	"横浜市立旭北中学校"@ja	<http://www.wikidata.org/entity/Q55521176>	"日本の中学校"@ja	<http://www.wikidata.org/entity/P131>	"位置する行政区画"@ja	<https://ja.wikipedia.org/wiki/%E6%A8%AA%E6%B5%9C%E5%B8%82%E7%AB%8B%E6%97%AD%E5%8C%97%E4%B8%AD%E5%AD%A6%E6%A0%A1>
<http://www.wikidata.org/entity/Q11543145>	"横浜市立若葉台西中学校"@ja	<http://www.wikidata.org/entity/Q55521176>	"日本の中学校"@ja	<http://www.wikidata.org/entity/P131>	"位置する行政区画"@ja	<https://ja.wikipedia.org/wiki/%E6%A8%AA%E6%B5%9C%E5%B8%82%E7%AB%8B%E8%8B%A5%E8%91%89%E5%8F%B0%E8%A5%BF%E4%B8%AD%E5%AD%A6%E6%A0%A1>
<http://www.wikidata.org/entity/Q11543170>	"横浜市立鶴ヶ峯中学校"@ja	<http://www.wikidata.org/entity/Q55521176>	"日本の中学校"@ja	<http://www.wikidata.org/entity/P131>	"位置する行政区画"@ja	<https://ja.wikipedia.org/wiki/%E6%A8%AA%E6%B5%9C%E5%B8%82%E7%AB%8B%E9%B6%B4%E3%83%B6%E5%B3%AF%E4%B8%AD%E5%AD%A6%E6%A0%A1>
<http://www.wikidata.org/entity/Q11579843>	"白根"@ja	<http://www.wikidata.org/entity/Q5327369>	"町丁"@ja	<http://www.wikidata.org/entity/P131>	"位置する行政区画"@ja	<https://ja.wikipedia.org/wiki/%E7%99%BD%E6%A0%B9_(%E6%A8%AA%E6%B5%9C%E5%B8%82)>
<http://www.wikidata.org/entity/Q11584124>	"矢指谷遺跡"@ja	<http://www.wikidata.org/entity/Q839954>	"遺跡"@ja	<http://www.wikidata.org/entity/P131>	"位置する行政区画"@ja	<https://ja.wikipedia.org/wiki/%E7%9F%A2%E6%8C%87%E8%B0%B7%E9%81%BA%E8%B7%A1>
<http://www.wikidata.org/entity/Q11589013>	"神奈川県立二俣川看護福祉高等学校"@ja	<http://www.wikidata.org/entity/Q56351315>	"日本の高等学校"@ja	<http://www.wikidata.org/entity/P131>	"位置する行政区画"@ja	<https://ja.wikipedia.org/wiki/%E7%A5%9E%E5%A5%88%E5%B7%9D%E7%9C%8C%E7%AB%8B%E4%BA%8C%E4%BF%A3%E5%B7%9D%E7%9C%8B%E8%AD%B7%E7%A6%8F%E7%A5%89%E9%AB%98%E7%AD%89%E5%AD%A6%E6%A0%A1>
<http://www.wikidata.org/entity/Q11589076>	"神奈川県立希望ケ丘高等学校"@ja	<http://www.wikidata.org/entity/Q56351315>	"日本の高等学校"@ja	<http://www.wikidata.org/entity/P131>	"位置する行政区画"@ja	<https://ja.wikipedia.org/wiki/%E7%A5%9E%E5%A5%88%E5%B7%9D%E7%9C%8C%E7%AB%8B%E5%B8%8C%E6%9C%9B%E3%82%B1%E4%B8%98%E9%AB%98%E7%AD%89%E5%AD%A6%E6%A0%A1>
<http://www.wikidata.org/entity/Q11589094>	"神奈川県立旭高等学校"@ja	<http://www.wikidata.org/entity/Q56351315>	"日本の高等学校"@ja	<http://www.wikidata.org/entity/P131>	"位置する行政区画"@ja	<https://ja.wikipedia.org/wiki/%E7%A5%9E%E5%A5%88%E5%B7%9D%E7%9C%8C%E7%AB%8B%E6%97%AD%E9%AB%98%E7%AD%89%E5%AD%A6%E6%A0%A1>
<http://www.wikidata.org/entity/Q11589105>	"神奈川県立横浜旭陵高等学校"@ja	<http://www.wikidata.org/entity/Q56351315>	"日本の高等学校"@ja	<http://www.wikidata.org/entity/P131>	"位置する行政区画"@ja	<https://ja.wikipedia.org/wiki/%E7%A5%9E%E5%A5%88%E5%B7%9D%E7%9C%8C%E7%AB%8B%E6%A8%AA%E6%B5%9C%E6%97%AD%E9%99%B5%E9%AB%98%E7%AD%89%E5%AD%A6%E6%A0%A1>
<http://www.wikidata.org/entity/Q11589235>	"神奈川県警察運転免許センター"@ja	<http://www.wikidata.org/entity/Q11640472>	"運転免許試験場"@ja	<http://www.wikidata.org/entity/P131>	"位置する行政区画"@ja	<https://ja.wikipedia.org/wiki/%E7%A5%9E%E5%A5%88%E5%B7%9D%E7%9C%8C%E8%AD%A6%E5%AF%9F%E9%81%8B%E8%BB%A2%E5%85%8D%E8%A8%B1%E3%82%BB%E3%83%B3%E3%82%BF%E3%83%BC>
<http://www.wikidata.org/entity/Q11643570>	"都岡町"@ja	<http://www.wikidata.org/entity/Q5327369>	"町丁"@ja	<http://www.wikidata.org/entity/P131>	"位置する行政区画"@ja	<https://ja.wikipedia.org/wiki/%E9%83%BD%E5%B2%A1%E7%94%BA>
<http://www.wikidata.org/entity/Q11675867>	"鶴ケ峰"@ja	<http://www.wikidata.org/entity/Q5327369>	"町丁"@ja	<http://www.wikidata.org/entity/P131>	"位置する行政区画"@ja	<https://ja.wikipedia.org/wiki/%E9%B6%B4%E3%82%B1%E5%B3%B0>
<http://www.wikidata.org/entity/Q17209656>	"横浜三育小学校"@ja	<http://www.wikidata.org/entity/Q5358913>	"日本の小学校"@ja	<http://www.wikidata.org/entity/P131>	"位置する行政区画"@ja	<https://ja.wikipedia.org/wiki/%E6%A8%AA%E6%B5%9C%E4%B8%89%E8%82%B2%E5%B0%8F%E5%AD%A6%E6%A0%A1>
<http://www.wikidata.org/entity/Q24872420>	"遠藤渓太"@ja	<http://www.wikidata.org/entity/Q5>	"ヒト"@ja	<http://www.wikidata.org/entity/P19>	"出生地"@ja	<https://ja.wikipedia.org/wiki/%E9%81%A0%E8%97%A4%E6%B8%93%E5%A4%AA>
<http://www.wikidata.org/entity/Q28068270>	"ふるさと尾根道緑道"@ja	<http://www.wikidata.org/entity/Q177749>	"歩道"@ja	<http://www.wikidata.org/entity/P131>	"位置する行政区画"@ja	<https://ja.wikipedia.org/wiki/%E3%81%B5%E3%82%8B%E3%81%95%E3%81%A8%E5%B0%BE%E6%A0%B9%E9%81%93%E7%B7%91%E9%81%93>
<http://www.wikidata.org/entity/Q28199323>	"Category:横浜市旭区の建築物"@ja	<http://www.wikidata.org/entity/Q4167836>	"ウィキメディアのカテゴリ"@ja	<http://www.wikidata.org/entity/P971>	"以下の組み合わせカテゴリ"@ja	<https://ja.wikipedia.org/wiki/Category:%E6%A8%AA%E6%B5%9C%E5%B8%82%E6%97%AD%E5%8C%BA%E3%81%AE%E5%BB%BA%E7%AF%89%E7%89%A9>
<http://www.wikidata.org/entity/Q44393940>	"白根神社"@ja	<http://www.wikidata.org/entity/Q845945>	"神社"@ja	<http://www.wikidata.org/entity/P131>	"位置する行政区画"@ja	<https://ja.wikipedia.org/wiki/%E7%99%BD%E6%A0%B9%E7%A5%9E%E7%A4%BE_(%E6%A8%AA%E6%B5%9C%E5%B8%82)>
<http://www.wikidata.org/entity/Q48755238>	"横浜市立左近山中学校"@ja	<http://www.wikidata.org/entity/Q55521176>	"日本の中学校"@ja	<http://www.wikidata.org/entity/P131>	"位置する行政区画"@ja	<https://ja.wikipedia.org/wiki/%E6%A8%AA%E6%B5%9C%E5%B8%82%E7%AB%8B%E5%B7%A6%E8%BF%91%E5%B1%B1%E4%B8%AD%E5%AD%A6%E6%A0%A1>
<http://www.wikidata.org/entity/Q48755286>	"横浜市立左近山小学校"@ja	<http://www.wikidata.org/entity/Q5358913>	"日本の小学校"@ja	<http://www.wikidata.org/entity/P131>	"位置する行政区画"@ja	<https://ja.wikipedia.org/wiki/%E6%A8%AA%E6%B5%9C%E5%B8%82%E7%AB%8B%E5%B7%A6%E8%BF%91%E5%B1%B1%E5%B0%8F%E5%AD%A6%E6%A0%A1>
<http://www.wikidata.org/entity/Q48762072>	"横浜市立市沢小学校"@ja	<http://www.wikidata.org/entity/Q5358913>	"日本の小学校"@ja	<http://www.wikidata.org/entity/P131>	"位置する行政区画"@ja	<https://ja.wikipedia.org/wiki/%E6%A8%AA%E6%B5%9C%E5%B8%82%E7%AB%8B%E5%B8%82%E6%B2%A2%E5%B0%8F%E5%AD%A6%E6%A0%A1>
<http://www.wikidata.org/entity/Q48762575>	"横浜市立左近山特別支援学校"@ja	<http://www.wikidata.org/entity/Q43271061>	"特別支援学校"@ja	<http://www.wikidata.org/entity/P131>	"位置する行政区画"@ja	<https://ja.wikipedia.org/wiki/%E6%A8%AA%E6%B5%9C%E5%B8%82%E7%AB%8B%E5%B7%A6%E8%BF%91%E5%B1%B1%E7%89%B9%E5%88%A5%E6%94%AF%E6%8F%B4%E5%AD%A6%E6%A0%A1>
<http://www.wikidata.org/entity/Q48762618>	"今宿"@ja	<http://www.wikidata.org/entity/Q5327369>	"町丁"@ja	<http://www.wikidata.org/entity/P131>	"位置する行政区画"@ja	<https://ja.wikipedia.org/wiki/%E4%BB%8A%E5%AE%BF_(%E6%A8%AA%E6%B5%9C%E5%B8%82)>
<http://www.wikidata.org/entity/Q48762629>	"本宿町"@ja	<http://www.wikidata.org/entity/Q5327369>	"町丁"@ja	<http://www.wikidata.org/entity/P131>	"位置する行政区画"@ja	<https://ja.wikipedia.org/wiki/%E6%9C%AC%E5%AE%BF%E7%94%BA_(%E6%A8%AA%E6%B5%9C%E5%B8%82)>
<http://www.wikidata.org/entity/Q48762685>	"さちが丘"@ja	<http://www.wikidata.org/entity/Q5327369>	"町丁"@ja	<http://www.wikidata.org/entity/P131>	"位置する行政区画"@ja	<https://ja.wikipedia.org/wiki/%E3%81%95%E3%81%A1%E3%81%8C%E4%B8%98>
<http://www.wikidata.org/entity/Q48762690>	"中尾"@ja	<http://www.wikidata.org/entity/Q5327369>	"町丁"@ja	<http://www.wikidata.org/entity/P131>	"位置する行政区画"@ja	<https://ja.wikipedia.org/wiki/%E4%B8%AD%E5%B0%BE_(%E6%A8%AA%E6%B5%9C%E5%B8%82)>
<http://www.wikidata.org/entity/Q48762694>	"中沢"@ja	<http://www.wikidata.org/entity/Q5327369>	"町丁"@ja	<http://www.wikidata.org/entity/P131>	"位置する行政区画"@ja	<https://ja.wikipedia.org/wiki/%E4%B8%AD%E6%B2%A2_(%E6%A8%AA%E6%B5%9C%E5%B8%82)>
<http://www.wikidata.org/entity/Q48762705>	"万騎が原"@ja	<http://www.wikidata.org/entity/Q5327369>	"町丁"@ja	<http://www.wikidata.org/entity/P131>	"位置する行政区画"@ja	<https://ja.wikipedia.org/wiki/%E4%B8%87%E9%A8%8E%E3%81%8C%E5%8E%9F>
<http://www.wikidata.org/entity/Q48763891>	"横浜市立万騎が原中学校"@ja	<http://www.wikidata.org/entity/Q55521176>	"日本の中学校"@ja	<http://www.wikidata.org/entity/P131>	"位置する行政区画"@ja	<https://ja.wikipedia.org/wiki/%E6%A8%AA%E6%B5%9C%E5%B8%82%E7%AB%8B%E4%B8%87%E9%A8%8E%E3%81%8C%E5%8E%9F%E4%B8%AD%E5%AD%A6%E6%A0%A1>
<http://www.wikidata.org/entity/Q48764028>	"横浜市立本宿中学校"@ja	<http://www.wikidata.org/entity/Q55521176>	"日本の中学校"@ja	<http://www.wikidata.org/entity/P131>	"位置する行政区画"@ja	<https://ja.wikipedia.org/wiki/%E6%A8%AA%E6%B5%9C%E5%B8%82%E7%AB%8B%E6%9C%AC%E5%AE%BF%E4%B8%AD%E5%AD%A6%E6%A0%A1>
<http://www.wikidata.org/entity/Q48764044>	"横浜市立希望が丘中学校"@ja	<http://www.wikidata.org/entity/Q55521176>	"日本の中学校"@ja	<http://www.wikidata.org/entity/P131>	"位置する行政区画"@ja	<https://ja.wikipedia.org/wiki/%E6%A8%AA%E6%B5%9C%E5%B8%82%E7%AB%8B%E5%B8%8C%E6%9C%9B%E3%81%8C%E4%B8%98%E4%B8%AD%E5%AD%A6%E6%A0%A1>
<http://www.wikidata.org/entity/Q48764076>	"横浜市立南希望が丘中学校"@ja	<http://www.wikidata.org/entity/Q55521176>	"日本の中学校"@ja	<http://www.wikidata.org/entity/P131>	"位置する行政区画"@ja	<https://ja.wikipedia.org/wiki/%E6%A8%AA%E6%B5%9C%E5%B8%82%E7%AB%8B%E5%8D%97%E5%B8%8C%E6%9C%9B%E3%81%8C%E4%B8%98%E4%B8%AD%E5%AD%A6%E6%A0%A1>
<http://www.wikidata.org/entity/Q55522574>	"ジョイナステラス二俣川"@ja	<http://www.wikidata.org/entity/Q1339195>	"駅ビル"@ja	<http://www.wikidata.org/entity/P131>	"位置する行政区画"@ja	<https://ja.wikipedia.org/wiki/JOINUS_TERRACE_%E4%BA%8C%E4%BF%A3%E5%B7%9D>
<http://www.wikidata.org/entity/Q60991170>	"鈴木翔天"@ja	<http://www.wikidata.org/entity/Q5>	"ヒト"@ja	<http://www.wikidata.org/entity/P19>	"出生地"@ja	<https://ja.wikipedia.org/wiki/%E9%88%B4%E6%9C%A8%E7%BF%94%E5%A4%A9>
<http://www.wikidata.org/entity/Q81970347>	"横浜市立四季の森小学校"@ja	<http://www.wikidata.org/entity/Q5358913>	"日本の小学校"@ja	<http://www.wikidata.org/entity/P131>	"位置する行政区画"@ja	<https://ja.wikipedia.org/wiki/%E6%A8%AA%E6%B5%9C%E5%B8%82%E7%AB%8B%E5%9B%9B%E5%AD%A3%E3%81%AE%E6%A3%AE%E5%B0%8F%E5%AD%A6%E6%A0%A1>
<http://www.wikidata.org/entity/Q86398853>	"四季美台"@ja	<http://www.wikidata.org/entity/Q5327369>	"町丁"@ja	<http://www.wikidata.org/entity/P131>	"位置する行政区画"@ja	<https://ja.wikipedia.org/wiki/%E5%9B%9B%E5%AD%A3%E7%BE%8E%E5%8F%B0>
<http://www.wikidata.org/entity/Q86743596>	"若葉台"@ja	<http://www.wikidata.org/entity/Q5327369>	"町丁"@ja	<http://www.wikidata.org/entity/P131>	"位置する行政区画"@ja	<https://ja.wikipedia.org/wiki/%E8%8B%A5%E8%91%89%E5%8F%B0_(%E6%A8%AA%E6%B5%9C%E5%B8%82)>
<http://www.wikidata.org/entity/Q86743600>	"中希望が丘"@ja	<http://www.wikidata.org/entity/Q5327369>	"町丁"@ja	<http://www.wikidata.org/entity/P131>	"位置する行政区画"@ja	<https://ja.wikipedia.org/wiki/%E4%B8%AD%E5%B8%8C%E6%9C%9B%E3%81%8C%E4%B8%98>
<http://www.wikidata.org/entity/Q86743601>	"東希望が丘"@ja	<http://www.wikidata.org/entity/Q5327369>	"町丁"@ja	<http://www.wikidata.org/entity/P131>	"位置する行政区画"@ja	<https://ja.wikipedia.org/wiki/%E6%9D%B1%E5%B8%8C%E6%9C%9B%E3%81%8C%E4%B8%98>
<http://www.wikidata.org/entity/Q86743683>	"南希望が丘"@ja	<http://www.wikidata.org/entity/Q5327369>	"町丁"@ja	<http://www.wikidata.org/entity/P131>	"位置する行政区画"@ja	<https://ja.wikipedia.org/wiki/%E5%8D%97%E5%B8%8C%E6%9C%9B%E3%81%8C%E4%B8%98>
<http://www.wikidata.org/entity/Q86744248>	"上白根"@ja	<http://www.wikidata.org/entity/Q5327369>	"町丁"@ja	<http://www.wikidata.org/entity/P131>	"位置する行政区画"@ja	<https://ja.wikipedia.org/wiki/%E4%B8%8A%E7%99%BD%E6%A0%B9>
<http://www.wikidata.org/entity/Q86744249>	"笹野台"@ja	<http://www.wikidata.org/entity/Q5327369>	"町丁"@ja	<http://www.wikidata.org/entity/P131>	"位置する行政区画"@ja	<https://ja.wikipedia.org/wiki/%E7%AC%B9%E9%87%8E%E5%8F%B0>
<http://www.wikidata.org/entity/Q86744259>	"金が谷"@ja	<http://www.wikidata.org/entity/Q5327369>	"町丁"@ja	<http://www.wikidata.org/entity/P131>	"位置する行政区画"@ja	<https://ja.wikipedia.org/wiki/%E9%87%91%E3%81%8C%E8%B0%B7>
<http://www.wikidata.org/entity/Q86744261>	"鶴ケ峰本町"@ja	<http://www.wikidata.org/entity/Q5327369>	"町丁"@ja	<http://www.wikidata.org/entity/P131>	"位置する行政区画"@ja	<https://ja.wikipedia.org/wiki/%E9%B6%B4%E3%82%B1%E5%B3%B0%E6%9C%AC%E7%94%BA>
<http://www.wikidata.org/entity/Q87264167>	"横浜市立東希望が丘小学校"@ja	<http://www.wikidata.org/entity/Q5358913>	"日本の小学校"@ja	<http://www.wikidata.org/entity/P131>	"位置する行政区画"@ja	<https://ja.wikipedia.org/wiki/%E6%A8%AA%E6%B5%9C%E5%B8%82%E7%AB%8B%E6%9D%B1%E5%B8%8C%E6%9C%9B%E3%81%8C%E4%B8%98%E5%B0%8F%E5%AD%A6%E6%A0%A1>
<http://www.wikidata.org/entity/Q87264172>	"横浜市立さちが丘小学校"@ja	<http://www.wikidata.org/entity/Q5358913>	"日本の小学校"@ja	<http://www.wikidata.org/entity/P131>	"位置する行政区画"@ja	<https://ja.wikipedia.org/wiki/%E6%A8%AA%E6%B5%9C%E5%B8%82%E7%AB%8B%E3%81%95%E3%81%A1%E3%81%8C%E4%B8%98%E5%B0%8F%E5%AD%A6%E6%A0%A1>
<http://www.wikidata.org/entity/Q87264352>	"横浜市立若葉台小学校"@ja	<http://www.wikidata.org/entity/Q5358913>	"日本の小学校"@ja	<http://www.wikidata.org/entity/P131>	"位置する行政区画"@ja	<https://ja.wikipedia.org/wiki/%E6%A8%AA%E6%B5%9C%E5%B8%82%E7%AB%8B%E8%8B%A5%E8%91%89%E5%8F%B0%E5%B0%8F%E5%AD%A6%E6%A0%A1>
<http://www.wikidata.org/entity/Q97187526>	"三反田町"@ja	<http://www.wikidata.org/entity/Q5327369>	"町丁"@ja	<http://www.wikidata.org/entity/P131>	"位置する行政区画"@ja	<https://ja.wikipedia.org/wiki/%E4%B8%89%E5%8F%8D%E7%94%B0%E7%94%BA_(%E6%A8%AA%E6%B5%9C%E5%B8%82)>
<http://www.wikidata.org/entity/Q97187575>	"上白根町"@ja	<http://www.wikidata.org/entity/Q5327369>	"町丁"@ja	<http://www.wikidata.org/entity/P131>	"位置する行政区画"@ja	<https://ja.wikipedia.org/wiki/%E4%B8%8A%E7%99%BD%E6%A0%B9%E7%94%BA>
<http://www.wikidata.org/entity/Q55451346>	"安達正平"@ja	<http://www.wikidata.org/entity/Q5>	"ヒト"@ja	<http://www.wikidata.org/entity/P551>	"居住地"@ja	
<http://www.wikidata.org/entity/Q80524913>	"五神名地神塔（横浜市旭区）"@ja	<http://www.wikidata.org/entity/Q65643555>	"地神塔"@ja	<http://www.wikidata.org/entity/P131>	"位置する行政区画"@ja	
<http://www.wikidata.org/entity/Q85873517>	"地神塔（上白根大池公園）"@ja	<http://www.wikidata.org/entity/Q65643555>	"地神塔"@ja	<http://www.wikidata.org/entity/P131>	"位置する行政区画"@ja	
<http://www.wikidata.org/entity/Q87264155>	"横浜市立白根小学校"@ja	<http://www.wikidata.org/entity/Q5358913>	"日本の小学校"@ja	<http://www.wikidata.org/entity/P131>	"位置する行政区画"@ja	
<http://www.wikidata.org/entity/Q87264152>	"横浜市立二俣川小学校"@ja	<http://www.wikidata.org/entity/Q5358913>	"日本の小学校"@ja	<http://www.wikidata.org/entity/P131>	"位置する行政区画"@ja	
<http://www.wikidata.org/entity/Q87264157>	"横浜市立都岡小学校"@ja	<http://www.wikidata.org/entity/Q5358913>	"日本の小学校"@ja	<http://www.wikidata.org/entity/P131>	"位置する行政区画"@ja	
<http://www.wikidata.org/entity/Q87264163>	"横浜市立鶴ケ峯小学校"@ja	<http://www.wikidata.org/entity/Q5358913>	"日本の小学校"@ja	<http://www.wikidata.org/entity/P131>	"位置する行政区画"@ja	
<http://www.wikidata.org/entity/Q87264160>	"横浜市立希望ケ丘小学校"@ja	<http://www.wikidata.org/entity/Q5358913>	"日本の小学校"@ja	<http://www.wikidata.org/entity/P131>	"位置する行政区画"@ja	
<http://www.wikidata.org/entity/Q87264165>	"横浜市立本宿小学校"@ja	<http://www.wikidata.org/entity/Q5358913>	"日本の小学校"@ja	<http://www.wikidata.org/entity/P131>	"位置する行政区画"@ja	
<http://www.wikidata.org/entity/Q87264169>	"横浜市立上川井小学校"@ja	<http://www.wikidata.org/entity/Q5358913>	"日本の小学校"@ja	<http://www.wikidata.org/entity/P131>	"位置する行政区画"@ja	
<http://www.wikidata.org/entity/Q87264342>	"横浜市立中沢小学校"@ja	<http://www.wikidata.org/entity/Q5358913>	"日本の小学校"@ja	<http://www.wikidata.org/entity/P131>	"位置する行政区画"@ja	
<http://www.wikidata.org/entity/Q87264340>	"横浜市立笹野台小学校"@ja	<http://www.wikidata.org/entity/Q5358913>	"日本の小学校"@ja	<http://www.wikidata.org/entity/P131>	"位置する行政区画"@ja	
<http://www.wikidata.org/entity/Q87264346>	"横浜市立上白根小学校"@ja	<http://www.wikidata.org/entity/Q5358913>	"日本の小学校"@ja	<http://www.wikidata.org/entity/P131>	"位置する行政区画"@ja	
<http://www.wikidata.org/entity/Q87264347>	"横浜市立南本宿小学校"@ja	<http://www.wikidata.org/entity/Q5358913>	"日本の小学校"@ja	<http://www.wikidata.org/entity/P131>	"位置する行政区画"@ja	
<http://www.wikidata.org/entity/Q87264344>	"横浜市立川井小学校"@ja	<http://www.wikidata.org/entity/Q5358913>	"日本の小学校"@ja	<http://www.wikidata.org/entity/P131>	"位置する行政区画"@ja	
<http://www.wikidata.org/entity/Q87264345>	"横浜市立不動丸小学校"@ja	<http://www.wikidata.org/entity/Q5358913>	"日本の小学校"@ja	<http://www.wikidata.org/entity/P131>	"位置する行政区画"@ja	
<http://www.wikidata.org/entity/Q87264350>	"横浜市立今宿南小学校"@ja	<http://www.wikidata.org/entity/Q5358913>	"日本の小学校"@ja	<http://www.wikidata.org/entity/P131>	"位置する行政区画"@ja	
<http://www.wikidata.org/entity/Q87264349>	"横浜市立中尾小学校"@ja	<http://www.wikidata.org/entity/Q5358913>	"日本の小学校"@ja	<http://www.wikidata.org/entity/P131>	"位置する行政区画"@ja	
<http://www.wikidata.org/entity/Q87318797>	"横浜市立都岡中学校"@ja	<http://www.wikidata.org/entity/Q55521176>	"日本の中学校"@ja	<http://www.wikidata.org/entity/P131>	"位置する行政区画"@ja	
<http://www.wikidata.org/entity/Q87318801>	"横浜市立旭中学校"@ja	<http://www.wikidata.org/entity/Q55521176>	"日本の中学校"@ja	<http://www.wikidata.org/entity/P131>	"位置する行政区画"@ja	
<http://www.wikidata.org/entity/Q87335751>	"横浜市立若葉台特別支援学校"@ja	<http://www.wikidata.org/entity/Q43271061>	"特別支援学校"@ja	<http://www.wikidata.org/entity/P131>	"位置する行政区画"@ja	
<http://www.wikidata.org/entity/Q87340866>	"横浜富士見丘学園中学校"@ja	<http://www.wikidata.org/entity/Q55521176>	"日本の中学校"@ja	<http://www.wikidata.org/entity/P131>	"位置する行政区画"@ja	
<http://www.wikidata.org/entity/Q87340896>	"横浜富士見丘学園高等学校"@ja	<http://www.wikidata.org/entity/Q56351315>	"日本の高等学校"@ja	<http://www.wikidata.org/entity/P131>	"位置する行政区画"@ja	
<http://www.wikidata.org/entity/Q87423645>	"馬頭観音（横浜市旭区白根町）"@ja	<http://www.wikidata.org/entity/Q86694147>	"馬頭観音塔"@ja	<http://www.wikidata.org/entity/P131>	"位置する行政区画"@ja	
<http://www.wikidata.org/entity/Q90858440>	"念仏地蔵（横浜市旭区上白根町）"@ja	<http://www.wikidata.org/entity/Q84337307>	"念仏塔"@ja	<http://www.wikidata.org/entity/P131>	"位置する行政区画"@ja	
<http://www.wikidata.org/entity/Q91968249>	"庚申塔道標（横浜市旭区今宿南町）"@ja	<http://www.wikidata.org/entity/Q11486001>	"庚申塔"@ja	<http://www.wikidata.org/entity/P131>	"位置する行政区画"@ja	
<http://www.wikidata.org/entity/Q93910517>	"地神塔（横浜市旭区鶴ヶ峰）"@ja	<http://www.wikidata.org/entity/Q65643555>	"地神塔"@ja	<http://www.wikidata.org/entity/P131>	"位置する行政区画"@ja	
<http://www.wikidata.org/entity/Q93913008>	"聖徳太子塔（三反田稲荷社）"@ja	<http://www.wikidata.org/entity/Q93912822>	"聖徳太子塔"@ja	<http://www.wikidata.org/entity/P131>	"位置する行政区画"@ja	
<http://www.wikidata.org/entity/Q104774507>	"庚申塔道標（横浜市旭区万騎が原）"@ja	<http://www.wikidata.org/entity/Q22812402>	"道標"@ja	<http://www.wikidata.org/entity/P131>	"位置する行政区画"@ja	
<http://www.wikidata.org/entity/Q104774507>	"庚申塔道標（横浜市旭区万騎が原）"@ja	<http://www.wikidata.org/entity/Q11486001>	"庚申塔"@ja	<http://www.wikidata.org/entity/P131>	"位置する行政区画"@ja	
<http://www.wikidata.org/entity/Q105181789>	"巳待塔（二俣川日吉神社）"@ja	<http://www.wikidata.org/entity/Q105093067>	"巳待塔"@ja	<http://www.wikidata.org/entity/P131>	"位置する行政区画"@ja	
<http://www.wikidata.org/entity/Q105475719>	"巳待供養地蔵（横浜市旭区鶴ヶ峰本町）"@ja	<http://www.wikidata.org/entity/Q105093067>	"巳待塔"@ja	<http://www.wikidata.org/entity/P131>	"位置する行政区画"@ja	
<http://www.wikidata.org/entity/Q108814656>	"相鉄ライフ二俣川"@ja	<http://www.wikidata.org/entity/Q1339195>	"駅ビル"@ja	<http://www.wikidata.org/entity/P131>	"位置する行政区画"@ja	
<http://www.wikidata.org/entity/Q108834742>	"アルコット二俣川"@ja	<http://www.wikidata.org/entity/Q1339195>	"駅ビル"@ja	<http://www.wikidata.org/entity/P131>	"位置する行政区画"@ja	
<http://www.wikidata.org/entity/Q108834743>	"コプレ二俣川"@ja	<http://www.wikidata.org/entity/Q1339195>	"駅ビル"@ja	<http://www.wikidata.org/entity/P131>	"位置する行政区画"@ja	
<http://www.wikidata.org/entity/Q108834746>	"相鉄ライフ南まきが原"@ja	<http://www.wikidata.org/entity/Q1339195>	"駅ビル"@ja	<http://www.wikidata.org/entity/P131>	"位置する行政区画"@ja	
<http://www.wikidata.org/entity/Q115472536>	"横浜富士見丘学園中学校・高等学校"@ja	<http://www.wikidata.org/entity/Q21655594>	"日本の中高一貫校"@ja	<http://www.wikidata.org/entity/P131>	"位置する行政区画"@ja	
