?s	?sLabel	?type	?typeLabel	?prop	?propLabel	?jwiki
<http://www.wikidata.org/entity/Q112711384>	"浄発願寺"@ja	<http://www.wikidata.org/entity/Q5393308>	"仏教寺院"@ja	<http://www.wikidata.org/entity/P131>	"位置する行政区画"@ja	<https://ja.wikipedia.org/wiki/%E6%B5%84%E7%99%BA%E9%A1%98%E5%AF%BA>
<http://www.wikidata.org/entity/Q112711384>	"浄発願寺"@ja	<http://www.wikidata.org/entity/Q44539>	"寺院"@ja	<http://www.wikidata.org/entity/P131>	"位置する行政区画"@ja	<https://ja.wikipedia.org/wiki/%E6%B5%84%E7%99%BA%E9%A1%98%E5%AF%BA>
<http://www.wikidata.org/entity/Q115067272>	"坂下純也"@ja	<http://www.wikidata.org/entity/Q5>	"ヒト"@ja	<http://www.wikidata.org/entity/P19>	"出生地"@ja	<https://ja.wikipedia.org/wiki/%E5%9D%82%E4%B8%8B%E7%B4%94%E4%B9%9F>
<http://www.wikidata.org/entity/Q115087639>	"Category:伊勢原市の学校"@ja	<http://www.wikidata.org/entity/Q4167836>	"ウィキメディアのカテゴリ"@ja	<http://www.wikidata.org/entity/P971>	"以下の組み合わせカテゴリ"@ja	<https://ja.wikipedia.org/wiki/Category:%E4%BC%8A%E5%8B%A2%E5%8E%9F%E5%B8%82%E3%81%AE%E5%AD%A6%E6%A0%A1>
<http://www.wikidata.org/entity/Q45253>	"相米慎二"@ja	<http://www.wikidata.org/entity/Q5>	"ヒト"@ja	<http://www.wikidata.org/entity/P20>	"死没地"@ja	<https://ja.wikipedia.org/wiki/%E7%9B%B8%E7%B1%B3%E6%85%8E%E4%BA%8C>
<http://www.wikidata.org/entity/Q127513>	"神奈川県"@ja	<http://www.wikidata.org/entity/Q50337>	"都道府県"@ja	<http://www.wikidata.org/entity/P150>	"直下の行政区画"@ja	<https://ja.wikipedia.org/wiki/%E7%A5%9E%E5%A5%88%E5%B7%9D%E7%9C%8C>
<http://www.wikidata.org/entity/Q460806>	"秦野市"@ja	<http://www.wikidata.org/entity/Q1549591>	"10万都市"@ja	<http://www.wikidata.org/entity/P47>	"隣の国又は行政区画"@ja	<https://ja.wikipedia.org/wiki/%E7%A7%A6%E9%87%8E%E5%B8%82>
<http://www.wikidata.org/entity/Q460806>	"秦野市"@ja	<http://www.wikidata.org/entity/Q494721>	"日本の市"@ja	<http://www.wikidata.org/entity/P47>	"隣の国又は行政区画"@ja	<https://ja.wikipedia.org/wiki/%E7%A7%A6%E9%87%8E%E5%B8%82>
<http://www.wikidata.org/entity/Q502199>	"平塚市"@ja	<http://www.wikidata.org/entity/Q1549591>	"10万都市"@ja	<http://www.wikidata.org/entity/P47>	"隣の国又は行政区画"@ja	<https://ja.wikipedia.org/wiki/%E5%B9%B3%E5%A1%9A%E5%B8%82>
<http://www.wikidata.org/entity/Q502199>	"平塚市"@ja	<http://www.wikidata.org/entity/Q1145012>	"特例市"@ja	<http://www.wikidata.org/entity/P47>	"隣の国又は行政区画"@ja	<https://ja.wikipedia.org/wiki/%E5%B9%B3%E5%A1%9A%E5%B8%82>
<http://www.wikidata.org/entity/Q502199>	"平塚市"@ja	<http://www.wikidata.org/entity/Q494721>	"日本の市"@ja	<http://www.wikidata.org/entity/P47>	"隣の国又は行政区画"@ja	<https://ja.wikipedia.org/wiki/%E5%B9%B3%E5%A1%9A%E5%B8%82>
<http://www.wikidata.org/entity/Q864604>	"大山観光電鉄大山鋼索線"@ja	<http://www.wikidata.org/entity/Q142031>	"ケーブルカー"@ja	<http://www.wikidata.org/entity/P131>	"位置する行政区画"@ja	<https://ja.wikipedia.org/wiki/%E5%A4%A7%E5%B1%B1%E8%A6%B3%E5%85%89%E9%9B%BB%E9%89%84%E5%A4%A7%E5%B1%B1%E9%8B%BC%E7%B4%A2%E7%B7%9A>
<http://www.wikidata.org/entity/Q875557>	"新東名高速道路"@ja	<http://www.wikidata.org/entity/Q16939396>	"有料道路"@ja	<http://www.wikidata.org/entity/P131>	"位置する行政区画"@ja	<https://ja.wikipedia.org/wiki/%E6%96%B0%E6%9D%B1%E5%90%8D%E9%AB%98%E9%80%9F%E9%81%93%E8%B7%AF>
<http://www.wikidata.org/entity/Q875557>	"新東名高速道路"@ja	<http://www.wikidata.org/entity/Q46622>	"高速道路"@ja	<http://www.wikidata.org/entity/P131>	"位置する行政区画"@ja	<https://ja.wikipedia.org/wiki/%E6%96%B0%E6%9D%B1%E5%90%8D%E9%AB%98%E9%80%9F%E9%81%93%E8%B7%AF>
<http://www.wikidata.org/entity/Q1135694>	"東名高速道路"@ja	<http://www.wikidata.org/entity/Q16939396>	"有料道路"@ja	<http://www.wikidata.org/entity/P131>	"位置する行政区画"@ja	<https://ja.wikipedia.org/wiki/%E6%9D%B1%E5%90%8D%E9%AB%98%E9%80%9F%E9%81%93%E8%B7%AF>
<http://www.wikidata.org/entity/Q1135694>	"東名高速道路"@ja	<http://www.wikidata.org/entity/Q46622>	"高速道路"@ja	<http://www.wikidata.org/entity/P131>	"位置する行政区画"@ja	<https://ja.wikipedia.org/wiki/%E6%9D%B1%E5%90%8D%E9%AB%98%E9%80%9F%E9%81%93%E8%B7%AF>
<http://www.wikidata.org/entity/Q368401>	"亀井善之"@ja	<http://www.wikidata.org/entity/Q5>	"ヒト"@ja	<http://www.wikidata.org/entity/P19>	"出生地"@ja	<https://ja.wikipedia.org/wiki/%E4%BA%80%E4%BA%95%E5%96%84%E4%B9%8B>
<http://www.wikidata.org/entity/Q382081>	"矢口史靖"@ja	<http://www.wikidata.org/entity/Q5>	"ヒト"@ja	<http://www.wikidata.org/entity/P19>	"出生地"@ja	<https://ja.wikipedia.org/wiki/%E7%9F%A2%E5%8F%A3%E5%8F%B2%E9%9D%96>
<http://www.wikidata.org/entity/Q386144>	"太田道灌"@ja	<http://www.wikidata.org/entity/Q5>	"ヒト"@ja	<http://www.wikidata.org/entity/P20>	"死没地"@ja	<https://ja.wikipedia.org/wiki/%E5%A4%AA%E7%94%B0%E9%81%93%E7%81%8C>
<http://www.wikidata.org/entity/Q389711>	"厚木市"@ja	<http://www.wikidata.org/entity/Q1549591>	"10万都市"@ja	<http://www.wikidata.org/entity/P47>	"隣の国又は行政区画"@ja	<https://ja.wikipedia.org/wiki/%E5%8E%9A%E6%9C%A8%E5%B8%82>
<http://www.wikidata.org/entity/Q389711>	"厚木市"@ja	<http://www.wikidata.org/entity/Q1145012>	"特例市"@ja	<http://www.wikidata.org/entity/P47>	"隣の国又は行政区画"@ja	<https://ja.wikipedia.org/wiki/%E5%8E%9A%E6%9C%A8%E5%B8%82>
<http://www.wikidata.org/entity/Q389711>	"厚木市"@ja	<http://www.wikidata.org/entity/Q494721>	"日本の市"@ja	<http://www.wikidata.org/entity/P47>	"隣の国又は行政区画"@ja	<https://ja.wikipedia.org/wiki/%E5%8E%9A%E6%9C%A8%E5%B8%82>
<http://www.wikidata.org/entity/Q451688>	"アマダ"@ja	<http://www.wikidata.org/entity/Q6881511>	"事業者"@ja	<http://www.wikidata.org/entity/P159>	"本部所在地"@ja	<https://ja.wikipedia.org/wiki/%E3%82%A2%E3%83%9E%E3%83%80>
<http://www.wikidata.org/entity/Q451688>	"アマダ"@ja	<http://www.wikidata.org/entity/Q4830453>	"企業"@ja	<http://www.wikidata.org/entity/P159>	"本部所在地"@ja	<https://ja.wikipedia.org/wiki/%E3%82%A2%E3%83%9E%E3%83%80>
<http://www.wikidata.org/entity/Q451688>	"アマダ"@ja	<http://www.wikidata.org/entity/Q891723>	"公開会社"@ja	<http://www.wikidata.org/entity/P159>	"本部所在地"@ja	<https://ja.wikipedia.org/wiki/%E3%82%A2%E3%83%9E%E3%83%80>
<http://www.wikidata.org/entity/Q1193022>	"菅野美穂"@ja	<http://www.wikidata.org/entity/Q5>	"ヒト"@ja	<http://www.wikidata.org/entity/P19>	"出生地"@ja	<https://ja.wikipedia.org/wiki/%E8%8F%85%E9%87%8E%E7%BE%8E%E7%A9%82>
<http://www.wikidata.org/entity/Q1524475>	"加藤寛規"@ja	<http://www.wikidata.org/entity/Q5>	"ヒト"@ja	<http://www.wikidata.org/entity/P19>	"出生地"@ja	<https://ja.wikipedia.org/wiki/%E5%8A%A0%E8%97%A4%E5%AF%9B%E8%A6%8F>
<http://www.wikidata.org/entity/Q2608996>	"島津冴子"@ja	<http://www.wikidata.org/entity/Q5>	"ヒト"@ja	<http://www.wikidata.org/entity/P19>	"出生地"@ja	<https://ja.wikipedia.org/wiki/%E5%B3%B6%E6%B4%A5%E5%86%B4%E5%AD%90>
<http://www.wikidata.org/entity/Q4205219>	"伊勢原駅"@ja	<http://www.wikidata.org/entity/Q55488>	"鉄道駅"@ja	<http://www.wikidata.org/entity/P131>	"位置する行政区画"@ja	<https://ja.wikipedia.org/wiki/%E4%BC%8A%E5%8B%A2%E5%8E%9F%E9%A7%85>
<http://www.wikidata.org/entity/Q5447621>	"第53軍 (日本軍)"@ja	<http://www.wikidata.org/entity/Q176799>	"軍隊の構成単位"@ja	<http://www.wikidata.org/entity/P276>	"場所"@ja	<https://ja.wikipedia.org/wiki/%E7%AC%AC53%E8%BB%8D_(%E6%97%A5%E6%9C%AC%E8%BB%8D)>
<http://www.wikidata.org/entity/Q7077283>	"小田原厚木道路"@ja	<http://www.wikidata.org/entity/Q34442>	"道路"@ja	<http://www.wikidata.org/entity/P1302>	"主な経由都市"@ja	<https://ja.wikipedia.org/wiki/%E5%B0%8F%E7%94%B0%E5%8E%9F%E5%8E%9A%E6%9C%A8%E9%81%93%E8%B7%AF>
<http://www.wikidata.org/entity/Q7418863>	"産業能率大学"@ja	<http://www.wikidata.org/entity/Q3918>	"大学"@ja	<http://www.wikidata.org/entity/P131>	"位置する行政区画"@ja	<https://ja.wikipedia.org/wiki/%E7%94%A3%E6%A5%AD%E8%83%BD%E7%8E%87%E5%A4%A7%E5%AD%A6>
<http://www.wikidata.org/entity/Q8049984>	"城戸康裕"@ja	<http://www.wikidata.org/entity/Q5>	"ヒト"@ja	<http://www.wikidata.org/entity/P19>	"出生地"@ja	<https://ja.wikipedia.org/wiki/%E5%9F%8E%E6%88%B8%E5%BA%B7%E8%A3%95>
<http://www.wikidata.org/entity/Q8069237>	"亀井善太郎"@ja	<http://www.wikidata.org/entity/Q5>	"ヒト"@ja	<http://www.wikidata.org/entity/P19>	"出生地"@ja	<https://ja.wikipedia.org/wiki/%E4%BA%80%E4%BA%95%E5%96%84%E5%A4%AA%E9%83%8E>
<http://www.wikidata.org/entity/Q8555282>	"Category:伊勢原市"@ja	<http://www.wikidata.org/entity/Q4167836>	"ウィキメディアのカテゴリ"@ja	<http://www.wikidata.org/entity/P301>	"カテゴリの中心主題"@ja	<https://ja.wikipedia.org/wiki/Category:%E4%BC%8A%E5%8B%A2%E5%8E%9F%E5%B8%82>
<http://www.wikidata.org/entity/Q10884860>	"伊勢原インターチェンジ"@ja	<http://www.wikidata.org/entity/Q2376564>	"インターチェンジ"@ja	<http://www.wikidata.org/entity/P131>	"位置する行政区画"@ja	<https://ja.wikipedia.org/wiki/%E4%BC%8A%E5%8B%A2%E5%8E%9F%E3%82%A4%E3%83%B3%E3%82%BF%E3%83%BC%E3%83%81%E3%82%A7%E3%83%B3%E3%82%B8>
<http://www.wikidata.org/entity/Q11376565>	"今井伊佐男"@ja	<http://www.wikidata.org/entity/Q5>	"ヒト"@ja	<http://www.wikidata.org/entity/P19>	"出生地"@ja	<https://ja.wikipedia.org/wiki/%E4%BB%8A%E4%BA%95%E4%BC%8A%E4%BD%90%E7%94%B7>
<http://www.wikidata.org/entity/Q11378955>	"伊勢原大神宮"@ja	<http://www.wikidata.org/entity/Q845945>	"神社"@ja	<http://www.wikidata.org/entity/P131>	"位置する行政区画"@ja	<https://ja.wikipedia.org/wiki/%E4%BC%8A%E5%8B%A2%E5%8E%9F%E5%A4%A7%E7%A5%9E%E5%AE%AE>
<http://www.wikidata.org/entity/Q11378952>	"伊勢原ジャンクション"@ja	<http://www.wikidata.org/entity/Q1788454>	"ジャンクション"@ja	<http://www.wikidata.org/entity/P131>	"位置する行政区画"@ja	<https://ja.wikipedia.org/wiki/%E4%BC%8A%E5%8B%A2%E5%8E%9F%E3%82%B8%E3%83%A3%E3%83%B3%E3%82%AF%E3%82%B7%E3%83%A7%E3%83%B3>
<http://www.wikidata.org/entity/Q11378953>	"伊勢原大山インターチェンジ"@ja	<http://www.wikidata.org/entity/Q2376564>	"インターチェンジ"@ja	<http://www.wikidata.org/entity/P131>	"位置する行政区画"@ja	<https://ja.wikipedia.org/wiki/%E4%BC%8A%E5%8B%A2%E5%8E%9F%E5%A4%A7%E5%B1%B1%E3%82%A4%E3%83%B3%E3%82%BF%E3%83%BC%E3%83%81%E3%82%A7%E3%83%B3%E3%82%B8>
<http://www.wikidata.org/entity/Q11378958>	"伊勢原市立伊勢原中学校"@ja	<http://www.wikidata.org/entity/Q55521176>	"日本の中学校"@ja	<http://www.wikidata.org/entity/P131>	"位置する行政区画"@ja	<https://ja.wikipedia.org/wiki/%E4%BC%8A%E5%8B%A2%E5%8E%9F%E5%B8%82%E7%AB%8B%E4%BC%8A%E5%8B%A2%E5%8E%9F%E4%B8%AD%E5%AD%A6%E6%A0%A1>
<http://www.wikidata.org/entity/Q11378958>	"伊勢原市立伊勢原中学校"@ja	<http://www.wikidata.org/entity/Q55521176>	"日本の中学校"@ja	<http://www.wikidata.org/entity/P126>	"管理者"@ja	<https://ja.wikipedia.org/wiki/%E4%BC%8A%E5%8B%A2%E5%8E%9F%E5%B8%82%E7%AB%8B%E4%BC%8A%E5%8B%A2%E5%8E%9F%E4%B8%AD%E5%AD%A6%E6%A0%A1>
<http://www.wikidata.org/entity/Q11413266>	"吉村志穂"@ja	<http://www.wikidata.org/entity/Q5>	"ヒト"@ja	<http://www.wikidata.org/entity/P19>	"出生地"@ja	<https://ja.wikipedia.org/wiki/%E5%90%89%E6%9D%91%E5%BF%97%E7%A9%82>
<http://www.wikidata.org/entity/Q11415867>	"向上高等学校"@ja	<http://www.wikidata.org/entity/Q56351315>	"日本の高等学校"@ja	<http://www.wikidata.org/entity/P131>	"位置する行政区画"@ja	<https://ja.wikipedia.org/wiki/%E5%90%91%E4%B8%8A%E9%AB%98%E7%AD%89%E5%AD%A6%E6%A0%A1>
<http://www.wikidata.org/entity/Q11418948>	"善波峠"@ja	<http://www.wikidata.org/entity/Q133056>	"峠"@ja	<http://www.wikidata.org/entity/P131>	"位置する行政区画"@ja	<https://ja.wikipedia.org/wiki/%E5%96%84%E6%B3%A2%E5%B3%A0>
<http://www.wikidata.org/entity/Q11422554>	"国際総合健康専門学校"@ja	<http://www.wikidata.org/entity/Q17987422>	"専門学校"@ja	<http://www.wikidata.org/entity/P131>	"位置する行政区画"@ja	<https://ja.wikipedia.org/wiki/%E5%9B%BD%E9%9A%9B%E7%B7%8F%E5%90%88%E5%81%A5%E5%BA%B7%E5%B0%82%E9%96%80%E5%AD%A6%E6%A0%A1>
<http://www.wikidata.org/entity/Q11434610>	"大山寺"@ja	<http://www.wikidata.org/entity/Q5393308>	"仏教寺院"@ja	<http://www.wikidata.org/entity/P131>	"位置する行政区画"@ja	<https://ja.wikipedia.org/wiki/%E5%A4%A7%E5%B1%B1%E5%AF%BA_(%E4%BC%8A%E5%8B%A2%E5%8E%9F%E5%B8%82)>
<http://www.wikidata.org/entity/Q11434661>	"大山町"@ja	<http://www.wikidata.org/entity/Q18663566>	"日本の廃止市区町村"@ja	<http://www.wikidata.org/entity/P3842>	"位置する現在の行政区画"@ja	<https://ja.wikipedia.org/wiki/%E5%A4%A7%E5%B1%B1%E7%94%BA_(%E7%A5%9E%E5%A5%88%E5%B7%9D%E7%9C%8C)>
<http://www.wikidata.org/entity/Q11434661>	"大山町"@ja	<http://www.wikidata.org/entity/Q18663566>	"日本の廃止市区町村"@ja	<http://www.wikidata.org/entity/P1366>	"後継"@ja	<https://ja.wikipedia.org/wiki/%E5%A4%A7%E5%B1%B1%E7%94%BA_(%E7%A5%9E%E5%A5%88%E5%B7%9D%E7%9C%8C)>
<http://www.wikidata.org/entity/Q11434695>	"大山観光電鉄"@ja	<http://www.wikidata.org/entity/Q85907346>	"鉄道事業者"@ja	<http://www.wikidata.org/entity/P159>	"本部所在地"@ja	<https://ja.wikipedia.org/wiki/%E5%A4%A7%E5%B1%B1%E8%A6%B3%E5%85%89%E9%9B%BB%E9%89%84>
<http://www.wikidata.org/entity/Q11434713>	"大山阿夫利神社"@ja	<http://www.wikidata.org/entity/Q845945>	"神社"@ja	<http://www.wikidata.org/entity/P131>	"位置する行政区画"@ja	<https://ja.wikipedia.org/wiki/%E5%A4%A7%E5%B1%B1%E9%98%BF%E5%A4%AB%E5%88%A9%E7%A5%9E%E7%A4%BE>
<http://www.wikidata.org/entity/Q11437938>	"大田村"@ja	<http://www.wikidata.org/entity/Q18663566>	"日本の廃止市区町村"@ja	<http://www.wikidata.org/entity/P3842>	"位置する現在の行政区画"@ja	<https://ja.wikipedia.org/wiki/%E5%A4%A7%E7%94%B0%E6%9D%91_(%E7%A5%9E%E5%A5%88%E5%B7%9D%E7%9C%8C)>
<http://www.wikidata.org/entity/Q11437938>	"大田村"@ja	<http://www.wikidata.org/entity/Q18663566>	"日本の廃止市区町村"@ja	<http://www.wikidata.org/entity/P1366>	"後継"@ja	<https://ja.wikipedia.org/wiki/%E5%A4%A7%E7%94%B0%E6%9D%91_(%E7%A5%9E%E5%A5%88%E5%B7%9D%E7%9C%8C)>
<http://www.wikidata.org/entity/Q11472943>	"岡崎村"@ja	<http://www.wikidata.org/entity/Q18663566>	"日本の廃止市区町村"@ja	<http://www.wikidata.org/entity/P3842>	"位置する現在の行政区画"@ja	<https://ja.wikipedia.org/wiki/%E5%B2%A1%E5%B4%8E%E6%9D%91_(%E7%A5%9E%E5%A5%88%E5%B7%9D%E7%9C%8C)>
<http://www.wikidata.org/entity/Q11472943>	"岡崎村"@ja	<http://www.wikidata.org/entity/Q18663566>	"日本の廃止市区町村"@ja	<http://www.wikidata.org/entity/P1366>	"後継"@ja	<https://ja.wikipedia.org/wiki/%E5%B2%A1%E5%B4%8E%E6%9D%91_(%E7%A5%9E%E5%A5%88%E5%B7%9D%E7%9C%8C)>
<http://www.wikidata.org/entity/Q11495554>	"成瀬村"@ja	<http://www.wikidata.org/entity/Q18663566>	"日本の廃止市区町村"@ja	<http://www.wikidata.org/entity/P3842>	"位置する現在の行政区画"@ja	<https://ja.wikipedia.org/wiki/%E6%88%90%E7%80%AC%E6%9D%91>
<http://www.wikidata.org/entity/Q11495554>	"成瀬村"@ja	<http://www.wikidata.org/entity/Q18663566>	"日本の廃止市区町村"@ja	<http://www.wikidata.org/entity/P1366>	"後継"@ja	<https://ja.wikipedia.org/wiki/%E6%88%90%E7%80%AC%E6%9D%91>
<http://www.wikidata.org/entity/Q11505171>	"日向薬師"@ja	<http://www.wikidata.org/entity/Q5393308>	"仏教寺院"@ja	<http://www.wikidata.org/entity/P131>	"位置する行政区画"@ja	<https://ja.wikipedia.org/wiki/%E6%97%A5%E5%90%91%E8%96%AC%E5%B8%AB>
<http://www.wikidata.org/entity/Q11527840>	"東海大学医学部付属病院"@ja	<http://www.wikidata.org/entity/Q16917>	"病院"@ja	<http://www.wikidata.org/entity/P131>	"位置する行政区画"@ja	<https://ja.wikipedia.org/wiki/%E6%9D%B1%E6%B5%B7%E5%A4%A7%E5%AD%A6%E5%8C%BB%E5%AD%A6%E9%83%A8%E4%BB%98%E5%B1%9E%E7%97%85%E9%99%A2>
<http://www.wikidata.org/entity/Q11541933>	"槇嶋範彦"@ja	<http://www.wikidata.org/entity/Q5>	"ヒト"@ja	<http://www.wikidata.org/entity/P19>	"出生地"@ja	<https://ja.wikipedia.org/wiki/%E6%A7%87%E5%B6%8B%E7%AF%84%E5%BD%A6>
<http://www.wikidata.org/entity/Q11547362>	"比々多村"@ja	<http://www.wikidata.org/entity/Q18663566>	"日本の廃止市区町村"@ja	<http://www.wikidata.org/entity/P3842>	"位置する現在の行政区画"@ja	<https://ja.wikipedia.org/wiki/%E6%AF%94%E3%80%85%E5%A4%9A%E6%9D%91>
<http://www.wikidata.org/entity/Q11547362>	"比々多村"@ja	<http://www.wikidata.org/entity/Q18663566>	"日本の廃止市区町村"@ja	<http://www.wikidata.org/entity/P1366>	"後継"@ja	<https://ja.wikipedia.org/wiki/%E6%AF%94%E3%80%85%E5%A4%9A%E6%9D%91>
<http://www.wikidata.org/entity/Q11547364>	"比々多神社"@ja	<http://www.wikidata.org/entity/Q845945>	"神社"@ja	<http://www.wikidata.org/entity/P131>	"位置する行政区画"@ja	<https://ja.wikipedia.org/wiki/%E6%AF%94%E3%80%85%E5%A4%9A%E7%A5%9E%E7%A4%BE>
<http://www.wikidata.org/entity/Q11547458>	"比比多神社"@ja	<http://www.wikidata.org/entity/Q845945>	"神社"@ja	<http://www.wikidata.org/entity/P131>	"位置する行政区画"@ja	<https://ja.wikipedia.org/wiki/%E6%AF%94%E6%AF%94%E5%A4%9A%E7%A5%9E%E7%A4%BE>
<http://www.wikidata.org/entity/Q11585139>	"石井雅史"@ja	<http://www.wikidata.org/entity/Q5>	"ヒト"@ja	<http://www.wikidata.org/entity/P19>	"出生地"@ja	<https://ja.wikipedia.org/wiki/%E7%9F%B3%E4%BA%95%E9%9B%85%E5%8F%B2>
<http://www.wikidata.org/entity/Q11589018>	"神奈川県立伊志田高等学校"@ja	<http://www.wikidata.org/entity/Q56351315>	"日本の高等学校"@ja	<http://www.wikidata.org/entity/P131>	"位置する行政区画"@ja	<https://ja.wikipedia.org/wiki/%E7%A5%9E%E5%A5%88%E5%B7%9D%E7%9C%8C%E7%AB%8B%E4%BC%8A%E5%BF%97%E7%94%B0%E9%AB%98%E7%AD%89%E5%AD%A6%E6%A0%A1>
<http://www.wikidata.org/entity/Q11589016>	"神奈川県立伊勢原養護学校"@ja	<http://www.wikidata.org/entity/Q43271061>	"特別支援学校"@ja	<http://www.wikidata.org/entity/P131>	"位置する行政区画"@ja	<https://ja.wikipedia.org/wiki/%E7%A5%9E%E5%A5%88%E5%B7%9D%E7%9C%8C%E7%AB%8B%E4%BC%8A%E5%8B%A2%E5%8E%9F%E9%A4%8A%E8%AD%B7%E5%AD%A6%E6%A0%A1>
<http://www.wikidata.org/entity/Q11589017>	"神奈川県立伊勢原高等学校"@ja	<http://www.wikidata.org/entity/Q56351315>	"日本の高等学校"@ja	<http://www.wikidata.org/entity/P131>	"位置する行政区画"@ja	<https://ja.wikipedia.org/wiki/%E7%A5%9E%E5%A5%88%E5%B7%9D%E7%9C%8C%E7%AB%8B%E4%BC%8A%E5%8B%A2%E5%8E%9F%E9%AB%98%E7%AD%89%E5%AD%A6%E6%A0%A1>
<http://www.wikidata.org/entity/Q11589264>	"神奈川県道22号"@ja	<http://www.wikidata.org/entity/Q34442>	"道路"@ja	<http://www.wikidata.org/entity/P609>	"起終点"@ja	<https://ja.wikipedia.org/wiki/%E7%A5%9E%E5%A5%88%E5%B7%9D%E7%9C%8C%E9%81%9322%E5%8F%B7%E6%A8%AA%E6%B5%9C%E4%BC%8A%E5%8B%A2%E5%8E%9F%E7%B7%9A>
<http://www.wikidata.org/entity/Q11589264>	"神奈川県道22号"@ja	<http://www.wikidata.org/entity/Q34442>	"道路"@ja	<http://www.wikidata.org/entity/P131>	"位置する行政区画"@ja	<https://ja.wikipedia.org/wiki/%E7%A5%9E%E5%A5%88%E5%B7%9D%E7%9C%8C%E9%81%9322%E5%8F%B7%E6%A8%AA%E6%B5%9C%E4%BC%8A%E5%8B%A2%E5%8E%9F%E7%B7%9A>
<http://www.wikidata.org/entity/Q11589296>	"神奈川県道44号"@ja	<http://www.wikidata.org/entity/Q34442>	"道路"@ja	<http://www.wikidata.org/entity/P609>	"起終点"@ja	<https://ja.wikipedia.org/wiki/%E7%A5%9E%E5%A5%88%E5%B7%9D%E7%9C%8C%E9%81%9344%E5%8F%B7%E4%BC%8A%E5%8B%A2%E5%8E%9F%E8%97%A4%E6%B2%A2%E7%B7%9A>
<http://www.wikidata.org/entity/Q11589296>	"神奈川県道44号"@ja	<http://www.wikidata.org/entity/Q34442>	"道路"@ja	<http://www.wikidata.org/entity/P131>	"位置する行政区画"@ja	<https://ja.wikipedia.org/wiki/%E7%A5%9E%E5%A5%88%E5%B7%9D%E7%9C%8C%E9%81%9344%E5%8F%B7%E4%BC%8A%E5%8B%A2%E5%8E%9F%E8%97%A4%E6%B2%A2%E7%B7%9A>
<http://www.wikidata.org/entity/Q11589319>	"神奈川県道603号"@ja	<http://www.wikidata.org/entity/Q34442>	"道路"@ja	<http://www.wikidata.org/entity/P609>	"起終点"@ja	<https://ja.wikipedia.org/wiki/%E7%A5%9E%E5%A5%88%E5%B7%9D%E7%9C%8C%E9%81%93603%E5%8F%B7%E4%B8%8A%E7%B2%95%E5%B1%8B%E5%8E%9A%E6%9C%A8%E7%B7%9A>
<http://www.wikidata.org/entity/Q11589319>	"神奈川県道603号"@ja	<http://www.wikidata.org/entity/Q34442>	"道路"@ja	<http://www.wikidata.org/entity/P131>	"位置する行政区画"@ja	<https://ja.wikipedia.org/wiki/%E7%A5%9E%E5%A5%88%E5%B7%9D%E7%9C%8C%E9%81%93603%E5%8F%B7%E4%B8%8A%E7%B2%95%E5%B1%8B%E5%8E%9A%E6%9C%A8%E7%B7%9A>
<http://www.wikidata.org/entity/Q11589320>	"神奈川県道604号"@ja	<http://www.wikidata.org/entity/Q34442>	"道路"@ja	<http://www.wikidata.org/entity/P609>	"起終点"@ja	<https://ja.wikipedia.org/wiki/%E7%A5%9E%E5%A5%88%E5%B7%9D%E7%9C%8C%E9%81%93604%E5%8F%B7%E6%84%9B%E7%94%B2%E7%9F%B3%E7%94%B0%E5%81%9C%E8%BB%8A%E5%A0%B4%E9%85%92%E4%BA%95%E7%B7%9A>
<http://www.wikidata.org/entity/Q11589320>	"神奈川県道604号"@ja	<http://www.wikidata.org/entity/Q34442>	"道路"@ja	<http://www.wikidata.org/entity/P131>	"位置する行政区画"@ja	<https://ja.wikipedia.org/wiki/%E7%A5%9E%E5%A5%88%E5%B7%9D%E7%9C%8C%E9%81%93604%E5%8F%B7%E6%84%9B%E7%94%B2%E7%9F%B3%E7%94%B0%E5%81%9C%E8%BB%8A%E5%A0%B4%E9%85%92%E4%BA%95%E7%B7%9A>
<http://www.wikidata.org/entity/Q11589321>	"神奈川県道605号"@ja	<http://www.wikidata.org/entity/Q34442>	"道路"@ja	<http://www.wikidata.org/entity/P609>	"起終点"@ja	<https://ja.wikipedia.org/wiki/%E7%A5%9E%E5%A5%88%E5%B7%9D%E7%9C%8C%E9%81%93605%E5%8F%B7%E4%B8%8B%E7%B3%9F%E5%B1%8B%E5%B9%B3%E5%A1%9A%E7%B7%9A>
<http://www.wikidata.org/entity/Q11589321>	"神奈川県道605号"@ja	<http://www.wikidata.org/entity/Q34442>	"道路"@ja	<http://www.wikidata.org/entity/P131>	"位置する行政区画"@ja	<https://ja.wikipedia.org/wiki/%E7%A5%9E%E5%A5%88%E5%B7%9D%E7%9C%8C%E9%81%93605%E5%8F%B7%E4%B8%8B%E7%B3%9F%E5%B1%8B%E5%B9%B3%E5%A1%9A%E7%B7%9A>
<http://www.wikidata.org/entity/Q11589328>	"神奈川県道611号"@ja	<http://www.wikidata.org/entity/Q34442>	"道路"@ja	<http://www.wikidata.org/entity/P609>	"起終点"@ja	<https://ja.wikipedia.org/wiki/%E7%A5%9E%E5%A5%88%E5%B7%9D%E7%9C%8C%E9%81%93611%E5%8F%B7%E5%A4%A7%E5%B1%B1%E6%9D%BF%E6%88%B8%E7%B7%9A>
<http://www.wikidata.org/entity/Q11589328>	"神奈川県道611号"@ja	<http://www.wikidata.org/entity/Q34442>	"道路"@ja	<http://www.wikidata.org/entity/P131>	"位置する行政区画"@ja	<https://ja.wikipedia.org/wiki/%E7%A5%9E%E5%A5%88%E5%B7%9D%E7%9C%8C%E9%81%93611%E5%8F%B7%E5%A4%A7%E5%B1%B1%E6%9D%BF%E6%88%B8%E7%B7%9A>
<http://www.wikidata.org/entity/Q11589329>	"神奈川県道612号"@ja	<http://www.wikidata.org/entity/Q34442>	"道路"@ja	<http://www.wikidata.org/entity/P609>	"起終点"@ja	<https://ja.wikipedia.org/wiki/%E7%A5%9E%E5%A5%88%E5%B7%9D%E7%9C%8C%E9%81%93612%E5%8F%B7%E4%B8%8A%E7%B2%95%E5%B1%8B%E5%8D%97%E9%87%91%E7%9B%AE%E7%B7%9A>
<http://www.wikidata.org/entity/Q11589329>	"神奈川県道612号"@ja	<http://www.wikidata.org/entity/Q34442>	"道路"@ja	<http://www.wikidata.org/entity/P131>	"位置する行政区画"@ja	<https://ja.wikipedia.org/wiki/%E7%A5%9E%E5%A5%88%E5%B7%9D%E7%9C%8C%E9%81%93612%E5%8F%B7%E4%B8%8A%E7%B2%95%E5%B1%8B%E5%8D%97%E9%87%91%E7%9B%AE%E7%B7%9A>
<http://www.wikidata.org/entity/Q11589334>	"神奈川県道63号"@ja	<http://www.wikidata.org/entity/Q34442>	"道路"@ja	<http://www.wikidata.org/entity/P131>	"位置する行政区画"@ja	<https://ja.wikipedia.org/wiki/%E7%A5%9E%E5%A5%88%E5%B7%9D%E7%9C%8C%E9%81%9363%E5%8F%B7%E7%9B%B8%E6%A8%A1%E5%8E%9F%E5%A4%A7%E7%A3%AF%E7%B7%9A>
<http://www.wikidata.org/entity/Q11589335>	"神奈川県道64号"@ja	<http://www.wikidata.org/entity/Q34442>	"道路"@ja	<http://www.wikidata.org/entity/P609>	"起終点"@ja	<https://ja.wikipedia.org/wiki/%E7%A5%9E%E5%A5%88%E5%B7%9D%E7%9C%8C%E9%81%9364%E5%8F%B7%E4%BC%8A%E5%8B%A2%E5%8E%9F%E6%B4%A5%E4%B9%85%E4%BA%95%E7%B7%9A>
<http://www.wikidata.org/entity/Q11589335>	"神奈川県道64号"@ja	<http://www.wikidata.org/entity/Q34442>	"道路"@ja	<http://www.wikidata.org/entity/P131>	"位置する行政区画"@ja	<https://ja.wikipedia.org/wiki/%E7%A5%9E%E5%A5%88%E5%B7%9D%E7%9C%8C%E9%81%9364%E5%8F%B7%E4%BC%8A%E5%8B%A2%E5%8E%9F%E6%B4%A5%E4%B9%85%E4%BA%95%E7%B7%9A>
<http://www.wikidata.org/entity/Q11589332>	"神奈川県道61号"@ja	<http://www.wikidata.org/entity/Q34442>	"道路"@ja	<http://www.wikidata.org/entity/P609>	"起終点"@ja	<https://ja.wikipedia.org/wiki/%E7%A5%9E%E5%A5%88%E5%B7%9D%E7%9C%8C%E9%81%9361%E5%8F%B7%E5%B9%B3%E5%A1%9A%E4%BC%8A%E5%8B%A2%E5%8E%9F%E7%B7%9A>
<http://www.wikidata.org/entity/Q11589332>	"神奈川県道61号"@ja	<http://www.wikidata.org/entity/Q34442>	"道路"@ja	<http://www.wikidata.org/entity/P131>	"位置する行政区画"@ja	<https://ja.wikipedia.org/wiki/%E7%A5%9E%E5%A5%88%E5%B7%9D%E7%9C%8C%E9%81%9361%E5%8F%B7%E5%B9%B3%E5%A1%9A%E4%BC%8A%E5%8B%A2%E5%8E%9F%E7%B7%9A>
<http://www.wikidata.org/entity/Q11589336>	"神奈川県道701号"@ja	<http://www.wikidata.org/entity/Q34442>	"道路"@ja	<http://www.wikidata.org/entity/P609>	"起終点"@ja	<https://ja.wikipedia.org/wiki/%E7%A5%9E%E5%A5%88%E5%B7%9D%E7%9C%8C%E9%81%93701%E5%8F%B7%E5%A4%A7%E5%B1%B1%E7%A7%A6%E9%87%8E%E7%B7%9A>
<http://www.wikidata.org/entity/Q11589336>	"神奈川県道701号"@ja	<http://www.wikidata.org/entity/Q34442>	"道路"@ja	<http://www.wikidata.org/entity/P131>	"位置する行政区画"@ja	<https://ja.wikipedia.org/wiki/%E7%A5%9E%E5%A5%88%E5%B7%9D%E7%9C%8C%E9%81%93701%E5%8F%B7%E5%A4%A7%E5%B1%B1%E7%A7%A6%E9%87%8E%E7%B7%9A>
<http://www.wikidata.org/entity/Q11611984>	"能満寺 (伊勢原市)"@ja	<http://www.wikidata.org/entity/Q5393308>	"仏教寺院"@ja	<http://www.wikidata.org/entity/P131>	"位置する行政区画"@ja	<https://ja.wikipedia.org/wiki/%E8%83%BD%E6%BA%80%E5%AF%BA_(%E4%BC%8A%E5%8B%A2%E5%8E%9F%E5%B8%82)>
<http://www.wikidata.org/entity/Q11612598>	"自修館中等教育学校"@ja	<http://www.wikidata.org/entity/Q11366867>	"日本の中等教育学校"@ja	<http://www.wikidata.org/entity/P131>	"位置する行政区画"@ja	<https://ja.wikipedia.org/wiki/%E8%87%AA%E4%BF%AE%E9%A4%A8%E4%B8%AD%E7%AD%89%E6%95%99%E8%82%B2%E5%AD%A6%E6%A0%A1>
<http://www.wikidata.org/entity/Q11634907>	"賀川黒之助"@ja	<http://www.wikidata.org/entity/Q5>	"ヒト"@ja	<http://www.wikidata.org/entity/P19>	"出生地"@ja	<https://ja.wikipedia.org/wiki/%E8%B3%80%E5%B7%9D%E9%BB%92%E4%B9%8B%E5%8A%A9>
<http://www.wikidata.org/entity/Q11671271>	"高橋慶太郎"@ja	<http://www.wikidata.org/entity/Q5>	"ヒト"@ja	<http://www.wikidata.org/entity/P19>	"出生地"@ja	<https://ja.wikipedia.org/wiki/%E9%AB%98%E6%A9%8B%E6%85%B6%E5%A4%AA%E9%83%8E>
<http://www.wikidata.org/entity/Q11672972>	"高部屋村"@ja	<http://www.wikidata.org/entity/Q18663566>	"日本の廃止市区町村"@ja	<http://www.wikidata.org/entity/P3842>	"位置する現在の行政区画"@ja	<https://ja.wikipedia.org/wiki/%E9%AB%98%E9%83%A8%E5%B1%8B%E6%9D%91>
<http://www.wikidata.org/entity/Q11672972>	"高部屋村"@ja	<http://www.wikidata.org/entity/Q18663566>	"日本の廃止市区町村"@ja	<http://www.wikidata.org/entity/P1366>	"後継"@ja	<https://ja.wikipedia.org/wiki/%E9%AB%98%E9%83%A8%E5%B1%8B%E6%9D%91>
<http://www.wikidata.org/entity/Q11672973>	"高部屋神社"@ja	<http://www.wikidata.org/entity/Q845945>	"神社"@ja	<http://www.wikidata.org/entity/P131>	"位置する行政区画"@ja	<https://ja.wikipedia.org/wiki/%E9%AB%98%E9%83%A8%E5%B1%8B%E7%A5%9E%E7%A4%BE>
<http://www.wikidata.org/entity/Q11677576>	"麻生知史"@ja	<http://www.wikidata.org/entity/Q5>	"ヒト"@ja	<http://www.wikidata.org/entity/P19>	"出生地"@ja	<https://ja.wikipedia.org/wiki/%E9%BA%BB%E7%94%9F%E7%9F%A5%E5%8F%B2>
<http://www.wikidata.org/entity/Q11679262>	"龍散寺"@ja	<http://www.wikidata.org/entity/Q5393308>	"仏教寺院"@ja	<http://www.wikidata.org/entity/P131>	"位置する行政区画"@ja	<https://ja.wikipedia.org/wiki/%E9%BE%8D%E6%95%A3%E5%AF%BA>
<http://www.wikidata.org/entity/Q15221549>	"塩浦慎理"@ja	<http://www.wikidata.org/entity/Q5>	"ヒト"@ja	<http://www.wikidata.org/entity/P19>	"出生地"@ja	<https://ja.wikipedia.org/wiki/%E5%A1%A9%E6%B5%A6%E6%85%8E%E7%90%86>
<http://www.wikidata.org/entity/Q17160649>	"高山松太郎"@ja	<http://www.wikidata.org/entity/Q5>	"ヒト"@ja	<http://www.wikidata.org/entity/P19>	"出生地"@ja	<https://ja.wikipedia.org/wiki/%E9%AB%98%E5%B1%B1%E6%9D%BE%E5%A4%AA%E9%83%8E>
<http://www.wikidata.org/entity/Q17219544>	"東海大学付属本田記念幼稚園"@ja	<http://www.wikidata.org/entity/Q115194155>	"幼保連携型認定こども園"@ja	<http://www.wikidata.org/entity/P131>	"位置する行政区画"@ja	<https://ja.wikipedia.org/wiki/%E6%9D%B1%E6%B5%B7%E5%A4%A7%E5%AD%A6%E4%BB%98%E5%B1%9E%E6%9C%AC%E7%94%B0%E8%A8%98%E5%BF%B5%E5%B9%BC%E7%A8%9A%E5%9C%92>
<http://www.wikidata.org/entity/Q30934100>	"洞昌院"@ja	<http://www.wikidata.org/entity/Q5393308>	"仏教寺院"@ja	<http://www.wikidata.org/entity/P131>	"位置する行政区画"@ja	<https://ja.wikipedia.org/wiki/%E6%B4%9E%E6%98%8C%E9%99%A2_(%E4%BC%8A%E5%8B%A2%E5%8E%9F%E5%B8%82)>
<http://www.wikidata.org/entity/Q30934148>	"上粕屋神社"@ja	<http://www.wikidata.org/entity/Q845945>	"神社"@ja	<http://www.wikidata.org/entity/P131>	"位置する行政区画"@ja	<https://ja.wikipedia.org/wiki/%E4%B8%8A%E7%B2%95%E5%B1%8B%E7%A5%9E%E7%A4%BE>
<http://www.wikidata.org/entity/Q48760716>	"伊勢原市議会"@ja	<http://www.wikidata.org/entity/Q107199651>	"市議会"@ja	<http://www.wikidata.org/entity/P1001>	"管轄・適用区域"@ja	<https://ja.wikipedia.org/wiki/%E4%BC%8A%E5%8B%A2%E5%8E%9F%E5%B8%82%E8%AD%B0%E4%BC%9A>
<http://www.wikidata.org/entity/Q62085180>	"和田高志"@ja	<http://www.wikidata.org/entity/Q5>	"ヒト"@ja	<http://www.wikidata.org/entity/P19>	"出生地"@ja	<https://ja.wikipedia.org/wiki/%E5%92%8C%E7%94%B0%E9%AB%98%E5%BF%97>
<http://www.wikidata.org/entity/Q76292125>	"下落合"@ja	<http://www.wikidata.org/entity/Q5327369>	"町丁"@ja	<http://www.wikidata.org/entity/P131>	"位置する行政区画"@ja	<https://ja.wikipedia.org/wiki/%E4%B8%8B%E8%90%BD%E5%90%88_(%E4%BC%8A%E5%8B%A2%E5%8E%9F%E5%B8%82)>
<http://www.wikidata.org/entity/Q85876230>	"伊勢原市立成瀬中学校"@ja	<http://www.wikidata.org/entity/Q55521176>	"日本の中学校"@ja	<http://www.wikidata.org/entity/P131>	"位置する行政区画"@ja	<https://ja.wikipedia.org/wiki/%E4%BC%8A%E5%8B%A2%E5%8E%9F%E5%B8%82%E7%AB%8B%E6%88%90%E7%80%AC%E4%B8%AD%E5%AD%A6%E6%A0%A1>
<http://www.wikidata.org/entity/Q85876230>	"伊勢原市立成瀬中学校"@ja	<http://www.wikidata.org/entity/Q55521176>	"日本の中学校"@ja	<http://www.wikidata.org/entity/P126>	"管理者"@ja	<https://ja.wikipedia.org/wiki/%E4%BC%8A%E5%8B%A2%E5%8E%9F%E5%B8%82%E7%AB%8B%E6%88%90%E7%80%AC%E4%B8%AD%E5%AD%A6%E6%A0%A1>
<http://www.wikidata.org/entity/Q87267567>	"伊勢原市立伊勢原小学校"@ja	<http://www.wikidata.org/entity/Q5358913>	"日本の小学校"@ja	<http://www.wikidata.org/entity/P131>	"位置する行政区画"@ja	<https://ja.wikipedia.org/wiki/%E4%BC%8A%E5%8B%A2%E5%8E%9F%E5%B8%82%E7%AB%8B%E4%BC%8A%E5%8B%A2%E5%8E%9F%E5%B0%8F%E5%AD%A6%E6%A0%A1>
<http://www.wikidata.org/entity/Q87267567>	"伊勢原市立伊勢原小学校"@ja	<http://www.wikidata.org/entity/Q5358913>	"日本の小学校"@ja	<http://www.wikidata.org/entity/P126>	"管理者"@ja	<https://ja.wikipedia.org/wiki/%E4%BC%8A%E5%8B%A2%E5%8E%9F%E5%B8%82%E7%AB%8B%E4%BC%8A%E5%8B%A2%E5%8E%9F%E5%B0%8F%E5%AD%A6%E6%A0%A1>
<http://www.wikidata.org/entity/Q87319498>	"伊勢原市立山王中学校"@ja	<http://www.wikidata.org/entity/Q55521176>	"日本の中学校"@ja	<http://www.wikidata.org/entity/P131>	"位置する行政区画"@ja	<https://ja.wikipedia.org/wiki/%E4%BC%8A%E5%8B%A2%E5%8E%9F%E5%B8%82%E7%AB%8B%E5%B1%B1%E7%8E%8B%E4%B8%AD%E5%AD%A6%E6%A0%A1>
<http://www.wikidata.org/entity/Q87319498>	"伊勢原市立山王中学校"@ja	<http://www.wikidata.org/entity/Q55521176>	"日本の中学校"@ja	<http://www.wikidata.org/entity/P126>	"管理者"@ja	<https://ja.wikipedia.org/wiki/%E4%BC%8A%E5%8B%A2%E5%8E%9F%E5%B8%82%E7%AB%8B%E5%B1%B1%E7%8E%8B%E4%B8%AD%E5%AD%A6%E6%A0%A1>
<http://www.wikidata.org/entity/Q101199807>	"小沼慶多"@ja	<http://www.wikidata.org/entity/Q5>	"ヒト"@ja	<http://www.wikidata.org/entity/P19>	"出生地"@ja	<https://ja.wikipedia.org/wiki/%E5%B0%8F%E6%B2%BC%E6%85%B6%E5%A4%9A>
<http://www.wikidata.org/entity/Q111113106>	"本多史典"@ja	<http://www.wikidata.org/entity/Q5>	"ヒト"@ja	<http://www.wikidata.org/entity/P19>	"出生地"@ja	<https://ja.wikipedia.org/wiki/%E6%9C%AC%E5%A4%9A%E5%8F%B2%E5%85%B8>
<http://www.wikidata.org/entity/Q30296896>	"天田財団"@ja	<http://www.wikidata.org/entity/Q163740>	"非営利団体"@ja	<http://www.wikidata.org/entity/P131>	"位置する行政区画"@ja	
<http://www.wikidata.org/entity/Q55935810>	"Q55935810"	<http://www.wikidata.org/entity/Q4167836>	"ウィキメディアのカテゴリ"@ja	<http://www.wikidata.org/entity/P971>	"以下の組み合わせカテゴリ"@ja	
<http://www.wikidata.org/entity/Q56437309>	"伊勢原市長"@ja	<http://www.wikidata.org/entity/Q4164871>	"職位"@ja	<http://www.wikidata.org/entity/P1001>	"管轄・適用区域"@ja	
<http://www.wikidata.org/entity/Q60211966>	"大山詣"@ja	<http://www.wikidata.org/entity/Q5410500>	"信仰"@ja	<http://www.wikidata.org/entity/P131>	"位置する行政区画"@ja	
<http://www.wikidata.org/entity/Q60230192>	"良弁滝"@ja	<http://www.wikidata.org/entity/Q34038>	"滝"@ja	<http://www.wikidata.org/entity/P131>	"位置する行政区画"@ja	
<http://www.wikidata.org/entity/Q61887448>	"伊勢原市立図書館"@ja	<http://www.wikidata.org/entity/Q28564>	"公共図書館"@ja	<http://www.wikidata.org/entity/P276>	"場所"@ja	
<http://www.wikidata.org/entity/Q84472176>	"法眼寺廿三夜塔"@ja	<http://www.wikidata.org/entity/Q11516104>	"月待塔"@ja	<http://www.wikidata.org/entity/P131>	"位置する行政区画"@ja	
<http://www.wikidata.org/entity/Q86332677>	"Q86332677"	<http://www.wikidata.org/entity/Q4167836>	"ウィキメディアのカテゴリ"@ja	<http://www.wikidata.org/entity/P971>	"以下の組み合わせカテゴリ"@ja	
<http://www.wikidata.org/entity/Q87267569>	"伊勢原市立大山小学校"@ja	<http://www.wikidata.org/entity/Q5358913>	"日本の小学校"@ja	<http://www.wikidata.org/entity/P131>	"位置する行政区画"@ja	
<http://www.wikidata.org/entity/Q87267569>	"伊勢原市立大山小学校"@ja	<http://www.wikidata.org/entity/Q5358913>	"日本の小学校"@ja	<http://www.wikidata.org/entity/P126>	"管理者"@ja	
<http://www.wikidata.org/entity/Q87267575>	"伊勢原市立比々多小学校"@ja	<http://www.wikidata.org/entity/Q5358913>	"日本の小学校"@ja	<http://www.wikidata.org/entity/P131>	"位置する行政区画"@ja	
<http://www.wikidata.org/entity/Q87267575>	"伊勢原市立比々多小学校"@ja	<http://www.wikidata.org/entity/Q5358913>	"日本の小学校"@ja	<http://www.wikidata.org/entity/P126>	"管理者"@ja	
<http://www.wikidata.org/entity/Q87267573>	"伊勢原市立高部屋小学校"@ja	<http://www.wikidata.org/entity/Q5358913>	"日本の小学校"@ja	<http://www.wikidata.org/entity/P131>	"位置する行政区画"@ja	
<http://www.wikidata.org/entity/Q87267573>	"伊勢原市立高部屋小学校"@ja	<http://www.wikidata.org/entity/Q5358913>	"日本の小学校"@ja	<http://www.wikidata.org/entity/P126>	"管理者"@ja	
<http://www.wikidata.org/entity/Q87267579>	"伊勢原市立大田小学校"@ja	<http://www.wikidata.org/entity/Q5358913>	"日本の小学校"@ja	<http://www.wikidata.org/entity/P131>	"位置する行政区画"@ja	
<http://www.wikidata.org/entity/Q87267579>	"伊勢原市立大田小学校"@ja	<http://www.wikidata.org/entity/Q5358913>	"日本の小学校"@ja	<http://www.wikidata.org/entity/P126>	"管理者"@ja	
<http://www.wikidata.org/entity/Q87267577>	"伊勢原市立成瀬小学校"@ja	<http://www.wikidata.org/entity/Q5358913>	"日本の小学校"@ja	<http://www.wikidata.org/entity/P131>	"位置する行政区画"@ja	
<http://www.wikidata.org/entity/Q87267577>	"伊勢原市立成瀬小学校"@ja	<http://www.wikidata.org/entity/Q5358913>	"日本の小学校"@ja	<http://www.wikidata.org/entity/P126>	"管理者"@ja	
<http://www.wikidata.org/entity/Q87267583>	"伊勢原市立桜台小学校"@ja	<http://www.wikidata.org/entity/Q5358913>	"日本の小学校"@ja	<http://www.wikidata.org/entity/P131>	"位置する行政区画"@ja	
<http://www.wikidata.org/entity/Q87267583>	"伊勢原市立桜台小学校"@ja	<http://www.wikidata.org/entity/Q5358913>	"日本の小学校"@ja	<http://www.wikidata.org/entity/P126>	"管理者"@ja	
<http://www.wikidata.org/entity/Q87267585>	"伊勢原市立緑台小学校"@ja	<http://www.wikidata.org/entity/Q5358913>	"日本の小学校"@ja	<http://www.wikidata.org/entity/P131>	"位置する行政区画"@ja	
<http://www.wikidata.org/entity/Q87267585>	"伊勢原市立緑台小学校"@ja	<http://www.wikidata.org/entity/Q5358913>	"日本の小学校"@ja	<http://www.wikidata.org/entity/P126>	"管理者"@ja	
<http://www.wikidata.org/entity/Q87267591>	"伊勢原市立石田小学校"@ja	<http://www.wikidata.org/entity/Q5358913>	"日本の小学校"@ja	<http://www.wikidata.org/entity/P131>	"位置する行政区画"@ja	
<http://www.wikidata.org/entity/Q87267591>	"伊勢原市立石田小学校"@ja	<http://www.wikidata.org/entity/Q5358913>	"日本の小学校"@ja	<http://www.wikidata.org/entity/P126>	"管理者"@ja	
<http://www.wikidata.org/entity/Q87267589>	"伊勢原市立竹園小学校"@ja	<http://www.wikidata.org/entity/Q5358913>	"日本の小学校"@ja	<http://www.wikidata.org/entity/P131>	"位置する行政区画"@ja	
<http://www.wikidata.org/entity/Q87267589>	"伊勢原市立竹園小学校"@ja	<http://www.wikidata.org/entity/Q5358913>	"日本の小学校"@ja	<http://www.wikidata.org/entity/P126>	"管理者"@ja	
<http://www.wikidata.org/entity/Q87319499>	"伊勢原市立中沢中学校"@ja	<http://www.wikidata.org/entity/Q55521176>	"日本の中学校"@ja	<http://www.wikidata.org/entity/P131>	"位置する行政区画"@ja	
<http://www.wikidata.org/entity/Q87319499>	"伊勢原市立中沢中学校"@ja	<http://www.wikidata.org/entity/Q55521176>	"日本の中学校"@ja	<http://www.wikidata.org/entity/P126>	"管理者"@ja	
<http://www.wikidata.org/entity/Q87335705>	"神奈川県立伊勢原養護学校 伊志田分教室"@ja	<http://www.wikidata.org/entity/Q11396122>	"分校"@ja	<http://www.wikidata.org/entity/P131>	"位置する行政区画"@ja	
<http://www.wikidata.org/entity/Q107722119>	"堺亮介"@ja	<http://www.wikidata.org/entity/Q5>	"ヒト"@ja	<http://www.wikidata.org/entity/P19>	"出生地"@ja	
