?s	?sLabel	?type	?typeLabel	?prop	?propLabel	?jwiki
<http://www.wikidata.org/entity/Q7850073>	"つきみ野駅"@ja	<http://www.wikidata.org/entity/Q55488>	"鉄道駅"@ja	<http://www.wikidata.org/entity/P131>	"位置する行政区画"@ja	<https://ja.wikipedia.org/wiki/%E3%81%A4%E3%81%8D%E3%81%BF%E9%87%8E%E9%A7%85>
<http://www.wikidata.org/entity/Q8978998>	"小金沢昇司"@ja	<http://www.wikidata.org/entity/Q5>	"ヒト"@ja	<http://www.wikidata.org/entity/P19>	"出生地"@ja	<https://ja.wikipedia.org/wiki/%E5%B0%8F%E9%87%91%E6%B2%A2%E6%98%87%E5%8F%B8>
<http://www.wikidata.org/entity/Q11272156>	"つきみ野"@ja	<http://www.wikidata.org/entity/Q5327369>	"町丁"@ja	<http://www.wikidata.org/entity/P131>	"位置する行政区画"@ja	<https://ja.wikipedia.org/wiki/%E3%81%A4%E3%81%8D%E3%81%BF%E9%87%8E>
<http://www.wikidata.org/entity/Q11317655>	"ダーティー大和"@ja	<http://www.wikidata.org/entity/Q5>	"ヒト"@ja	<http://www.wikidata.org/entity/P19>	"出生地"@ja	<https://ja.wikipedia.org/wiki/%E3%83%80%E3%83%BC%E3%83%86%E3%82%A3%E3%83%BC%E5%A4%A7%E5%92%8C>
<http://www.wikidata.org/entity/Q11354204>	"三井ヒロアキ"@ja	<http://www.wikidata.org/entity/Q5>	"ヒト"@ja	<http://www.wikidata.org/entity/P19>	"出生地"@ja	<https://ja.wikipedia.org/wiki/%E4%B8%89%E4%BA%95%E3%83%92%E3%83%AD%E3%82%A2%E3%82%AD>
<http://www.wikidata.org/entity/Q11355849>	"三条町子"@ja	<http://www.wikidata.org/entity/Q5>	"ヒト"@ja	<http://www.wikidata.org/entity/P20>	"死没地"@ja	<https://ja.wikipedia.org/wiki/%E4%B8%89%E6%9D%A1%E7%94%BA%E5%AD%90>
<http://www.wikidata.org/entity/Q11361525>	"下鶴間"@ja	<http://www.wikidata.org/entity/Q5327369>	"町丁"@ja	<http://www.wikidata.org/entity/P131>	"位置する行政区画"@ja	<https://ja.wikipedia.org/wiki/%E4%B8%8B%E9%B6%B4%E9%96%93>
<http://www.wikidata.org/entity/Q11361525>	"下鶴間"@ja	<http://www.wikidata.org/entity/Q486972>	"集落"@ja	<http://www.wikidata.org/entity/P131>	"位置する行政区画"@ja	<https://ja.wikipedia.org/wiki/%E4%B8%8B%E9%B6%B4%E9%96%93>
<http://www.wikidata.org/entity/Q11361525>	"下鶴間"@ja	<http://www.wikidata.org/entity/Q424857>	"大字"@ja	<http://www.wikidata.org/entity/P131>	"位置する行政区画"@ja	<https://ja.wikipedia.org/wiki/%E4%B8%8B%E9%B6%B4%E9%96%93>
<http://www.wikidata.org/entity/Q11379506>	"伊東昂大"@ja	<http://www.wikidata.org/entity/Q5>	"ヒト"@ja	<http://www.wikidata.org/entity/P19>	"出生地"@ja	<https://ja.wikipedia.org/wiki/%E4%BC%8A%E6%9D%B1%E6%98%82%E5%A4%A7>
<http://www.wikidata.org/entity/Q11384210>	"佐藤浩明"@ja	<http://www.wikidata.org/entity/Q5>	"ヒト"@ja	<http://www.wikidata.org/entity/P19>	"出生地"@ja	<https://ja.wikipedia.org/wiki/%E4%BD%90%E8%97%A4%E6%B5%A9%E6%98%8E>
<http://www.wikidata.org/entity/Q11395139>	"冨沢篤紘"@ja	<http://www.wikidata.org/entity/Q5>	"ヒト"@ja	<http://www.wikidata.org/entity/P19>	"出生地"@ja	<https://ja.wikipedia.org/wiki/%E5%86%A8%E6%B2%A2%E7%AF%A4%E7%B4%98>
<http://www.wikidata.org/entity/Q11433425>	"大和商業高等専修学校"@ja	<http://www.wikidata.org/entity/Q11672688>	"高等専修学校"@ja	<http://www.wikidata.org/entity/P131>	"位置する行政区画"@ja	<https://ja.wikipedia.org/wiki/%E5%A4%A7%E5%92%8C%E5%95%86%E6%A5%AD%E9%AB%98%E7%AD%89%E5%B0%82%E4%BF%AE%E5%AD%A6%E6%A0%A1>
<http://www.wikidata.org/entity/Q11433455>	"大和市立北大和小学校"@ja	<http://www.wikidata.org/entity/Q5358913>	"日本の小学校"@ja	<http://www.wikidata.org/entity/P131>	"位置する行政区画"@ja	<https://ja.wikipedia.org/wiki/%E5%A4%A7%E5%92%8C%E5%B8%82%E7%AB%8B%E5%8C%97%E5%A4%A7%E5%92%8C%E5%B0%8F%E5%AD%A6%E6%A0%A1>
<http://www.wikidata.org/entity/Q11433455>	"大和市立北大和小学校"@ja	<http://www.wikidata.org/entity/Q5358913>	"日本の小学校"@ja	<http://www.wikidata.org/entity/P126>	"管理者"@ja	<https://ja.wikipedia.org/wiki/%E5%A4%A7%E5%92%8C%E5%B8%82%E7%AB%8B%E5%8C%97%E5%A4%A7%E5%92%8C%E5%B0%8F%E5%AD%A6%E6%A0%A1>
<http://www.wikidata.org/entity/Q11433459>	"大和市立引地台小学校"@ja	<http://www.wikidata.org/entity/Q5358913>	"日本の小学校"@ja	<http://www.wikidata.org/entity/P131>	"位置する行政区画"@ja	<https://ja.wikipedia.org/wiki/%E5%A4%A7%E5%92%8C%E5%B8%82%E7%AB%8B%E5%BC%95%E5%9C%B0%E5%8F%B0%E5%B0%8F%E5%AD%A6%E6%A0%A1>
<http://www.wikidata.org/entity/Q11433459>	"大和市立引地台小学校"@ja	<http://www.wikidata.org/entity/Q5358913>	"日本の小学校"@ja	<http://www.wikidata.org/entity/P126>	"管理者"@ja	<https://ja.wikipedia.org/wiki/%E5%A4%A7%E5%92%8C%E5%B8%82%E7%AB%8B%E5%BC%95%E5%9C%B0%E5%8F%B0%E5%B0%8F%E5%AD%A6%E6%A0%A1>
<http://www.wikidata.org/entity/Q11433456>	"大和市立つきみ野中学校"@ja	<http://www.wikidata.org/entity/Q55521176>	"日本の中学校"@ja	<http://www.wikidata.org/entity/P131>	"位置する行政区画"@ja	<https://ja.wikipedia.org/wiki/%E5%A4%A7%E5%92%8C%E5%B8%82%E7%AB%8B%E3%81%A4%E3%81%8D%E3%81%BF%E9%87%8E%E4%B8%AD%E5%AD%A6%E6%A0%A1>
<http://www.wikidata.org/entity/Q11433456>	"大和市立つきみ野中学校"@ja	<http://www.wikidata.org/entity/Q55521176>	"日本の中学校"@ja	<http://www.wikidata.org/entity/P126>	"管理者"@ja	<https://ja.wikipedia.org/wiki/%E5%A4%A7%E5%92%8C%E5%B8%82%E7%AB%8B%E3%81%A4%E3%81%8D%E3%81%BF%E9%87%8E%E4%B8%AD%E5%AD%A6%E6%A0%A1>
<http://www.wikidata.org/entity/Q11433457>	"大和市立南林間中学校"@ja	<http://www.wikidata.org/entity/Q55521176>	"日本の中学校"@ja	<http://www.wikidata.org/entity/P131>	"位置する行政区画"@ja	<https://ja.wikipedia.org/wiki/%E5%A4%A7%E5%92%8C%E5%B8%82%E7%AB%8B%E5%8D%97%E6%9E%97%E9%96%93%E4%B8%AD%E5%AD%A6%E6%A0%A1>
<http://www.wikidata.org/entity/Q11433457>	"大和市立南林間中学校"@ja	<http://www.wikidata.org/entity/Q55521176>	"日本の中学校"@ja	<http://www.wikidata.org/entity/P126>	"管理者"@ja	<https://ja.wikipedia.org/wiki/%E5%A4%A7%E5%92%8C%E5%B8%82%E7%AB%8B%E5%8D%97%E6%9E%97%E9%96%93%E4%B8%AD%E5%AD%A6%E6%A0%A1>
<http://www.wikidata.org/entity/Q11433460>	"大和市立鶴間中学校"@ja	<http://www.wikidata.org/entity/Q55521176>	"日本の中学校"@ja	<http://www.wikidata.org/entity/P131>	"位置する行政区画"@ja	<https://ja.wikipedia.org/wiki/%E5%A4%A7%E5%92%8C%E5%B8%82%E7%AB%8B%E9%B6%B4%E9%96%93%E4%B8%AD%E5%AD%A6%E6%A0%A1>
<http://www.wikidata.org/entity/Q11433460>	"大和市立鶴間中学校"@ja	<http://www.wikidata.org/entity/Q55521176>	"日本の中学校"@ja	<http://www.wikidata.org/entity/P126>	"管理者"@ja	<https://ja.wikipedia.org/wiki/%E5%A4%A7%E5%92%8C%E5%B8%82%E7%AB%8B%E9%B6%B4%E9%96%93%E4%B8%AD%E5%AD%A6%E6%A0%A1>
<http://www.wikidata.org/entity/Q11433461>	"大和市立西鶴間小学校"@ja	<http://www.wikidata.org/entity/Q5358913>	"日本の小学校"@ja	<http://www.wikidata.org/entity/P131>	"位置する行政区画"@ja	<https://ja.wikipedia.org/wiki/%E5%A4%A7%E5%92%8C%E5%B8%82%E7%AB%8B%E8%A5%BF%E9%B6%B4%E9%96%93%E5%B0%8F%E5%AD%A6%E6%A0%A1>
<http://www.wikidata.org/entity/Q11433461>	"大和市立西鶴間小学校"@ja	<http://www.wikidata.org/entity/Q5358913>	"日本の小学校"@ja	<http://www.wikidata.org/entity/P126>	"管理者"@ja	<https://ja.wikipedia.org/wiki/%E5%A4%A7%E5%92%8C%E5%B8%82%E7%AB%8B%E8%A5%BF%E9%B6%B4%E9%96%93%E5%B0%8F%E5%AD%A6%E6%A0%A1>
<http://www.wikidata.org/entity/Q11443142>	"天皇寺 (大和町)"@ja	<http://www.wikidata.org/entity/Q5393308>	"仏教寺院"@ja	<http://www.wikidata.org/entity/P131>	"位置する行政区画"@ja	<https://ja.wikipedia.org/wiki/%E5%A4%A9%E7%9A%87%E5%AF%BA_(%E5%AE%AE%E5%9F%8E%E7%9C%8C%E5%A4%A7%E5%92%8C%E7%94%BA)>
<http://www.wikidata.org/entity/Q11457805>	"寺岡勝則"@ja	<http://www.wikidata.org/entity/Q5>	"ヒト"@ja	<http://www.wikidata.org/entity/P19>	"出生地"@ja	<https://ja.wikipedia.org/wiki/%E5%AF%BA%E5%B2%A1%E5%8B%9D%E5%89%87>
<http://www.wikidata.org/entity/Q11459215>	"小原信治"@ja	<http://www.wikidata.org/entity/Q5>	"ヒト"@ja	<http://www.wikidata.org/entity/P19>	"出生地"@ja	<https://ja.wikipedia.org/wiki/%E5%B0%8F%E5%8E%9F%E4%BF%A1%E6%B2%BB>
<http://www.wikidata.org/entity/Q11460788>	"小手川ヤマト"@ja	<http://www.wikidata.org/entity/Q5>	"ヒト"@ja	<http://www.wikidata.org/entity/P19>	"出生地"@ja	<https://ja.wikipedia.org/wiki/%E5%B0%8F%E6%89%8B%E5%B7%9D%E3%83%A4%E3%83%9E%E3%83%88>
<http://www.wikidata.org/entity/Q11468062>	"山崎彩"@ja	<http://www.wikidata.org/entity/Q5>	"ヒト"@ja	<http://www.wikidata.org/entity/P19>	"出生地"@ja	<https://ja.wikipedia.org/wiki/%E5%B1%B1%E5%B4%8E%E5%BD%A9>
<http://www.wikidata.org/entity/Q11479535>	"工藤亜友"@ja	<http://www.wikidata.org/entity/Q5>	"ヒト"@ja	<http://www.wikidata.org/entity/P19>	"出生地"@ja	<https://ja.wikipedia.org/wiki/%E5%B7%A5%E8%97%A4%E4%BA%9C%E5%8F%8B>
<http://www.wikidata.org/entity/Q11514541>	"普久原淳一"@ja	<http://www.wikidata.org/entity/Q5>	"ヒト"@ja	<http://www.wikidata.org/entity/P19>	"出生地"@ja	<https://ja.wikipedia.org/wiki/%E6%99%AE%E4%B9%85%E5%8E%9F%E6%B7%B3%E4%B8%80>
<http://www.wikidata.org/entity/Q11523558>	"村野太一"@ja	<http://www.wikidata.org/entity/Q5>	"ヒト"@ja	<http://www.wikidata.org/entity/P19>	"出生地"@ja	<https://ja.wikipedia.org/wiki/%E6%9D%91%E9%87%8E%E5%A4%AA%E4%B8%80>
<http://www.wikidata.org/entity/Q11532060>	"松田慶三"@ja	<http://www.wikidata.org/entity/Q5>	"ヒト"@ja	<http://www.wikidata.org/entity/P19>	"出生地"@ja	<https://ja.wikipedia.org/wiki/%E6%9D%BE%E7%94%B0%E6%85%B6%E4%B8%89>
<http://www.wikidata.org/entity/Q11533799>	"柏木学園高等学校"@ja	<http://www.wikidata.org/entity/Q56351315>	"日本の高等学校"@ja	<http://www.wikidata.org/entity/P131>	"位置する行政区画"@ja	<https://ja.wikipedia.org/wiki/%E6%9F%8F%E6%9C%A8%E5%AD%A6%E5%9C%92%E9%AB%98%E7%AD%89%E5%AD%A6%E6%A0%A1>
<http://www.wikidata.org/entity/Q11533800>	"柏木実業専門学校"@ja	<http://www.wikidata.org/entity/Q24898692>	"専修学校"@ja	<http://www.wikidata.org/entity/P131>	"位置する行政区画"@ja	<https://ja.wikipedia.org/wiki/%E6%9F%8F%E6%9C%A8%E5%AE%9F%E6%A5%AD%E5%B0%82%E9%96%80%E5%AD%A6%E6%A0%A1>
<http://www.wikidata.org/entity/Q11554678>	"泉の森"@ja	<http://www.wikidata.org/entity/Q22698>	"公園"@ja	<http://www.wikidata.org/entity/P131>	"位置する行政区画"@ja	<https://ja.wikipedia.org/wiki/%E6%B3%89%E3%81%AE%E6%A3%AE>
<http://www.wikidata.org/entity/Q11560278>	"深見神社"@ja	<http://www.wikidata.org/entity/Q845945>	"神社"@ja	<http://www.wikidata.org/entity/P131>	"位置する行政区画"@ja	<https://ja.wikipedia.org/wiki/%E6%B7%B1%E8%A6%8B%E7%A5%9E%E7%A4%BE>
<http://www.wikidata.org/entity/Q11561743>	"渋谷村"@ja	<http://www.wikidata.org/entity/Q18663566>	"日本の廃止市区町村"@ja	<http://www.wikidata.org/entity/P3842>	"位置する現在の行政区画"@ja	<https://ja.wikipedia.org/wiki/%E6%B8%8B%E8%B0%B7%E6%9D%91>
<http://www.wikidata.org/entity/Q11561743>	"渋谷村"@ja	<http://www.wikidata.org/entity/Q18663566>	"日本の廃止市区町村"@ja	<http://www.wikidata.org/entity/P1366>	"後継"@ja	<https://ja.wikipedia.org/wiki/%E6%B8%8B%E8%B0%B7%E6%9D%91>
<http://www.wikidata.org/entity/Q11562807>	"渡部翼"@ja	<http://www.wikidata.org/entity/Q5>	"ヒト"@ja	<http://www.wikidata.org/entity/P19>	"出生地"@ja	<https://ja.wikipedia.org/wiki/%E6%B8%A1%E9%83%A8%E7%BF%BC>
<http://www.wikidata.org/entity/Q11565183>	"滝本太郎"@ja	<http://www.wikidata.org/entity/Q5>	"ヒト"@ja	<http://www.wikidata.org/entity/P19>	"出生地"@ja	<https://ja.wikipedia.org/wiki/%E6%BB%9D%E6%9C%AC%E5%A4%AA%E9%83%8E>
<http://www.wikidata.org/entity/Q11570444>	"牧村朝子"@ja	<http://www.wikidata.org/entity/Q5>	"ヒト"@ja	<http://www.wikidata.org/entity/P19>	"出生地"@ja	<https://ja.wikipedia.org/wiki/%E7%89%A7%E6%9D%91%E6%9C%9D%E5%AD%90>
<http://www.wikidata.org/entity/Q11580121>	"白石のぞみ"@ja	<http://www.wikidata.org/entity/Q5>	"ヒト"@ja	<http://www.wikidata.org/entity/P19>	"出生地"@ja	<https://ja.wikipedia.org/wiki/%E7%99%BD%E7%9F%B3%E3%81%AE%E3%81%9E%E3%81%BF>
<http://www.wikidata.org/entity/Q11580928>	"皆川佑馬"@ja	<http://www.wikidata.org/entity/Q5>	"ヒト"@ja	<http://www.wikidata.org/entity/P19>	"出生地"@ja	<https://ja.wikipedia.org/wiki/%E7%9A%86%E5%B7%9D%E4%BD%91%E9%A6%AC>
<http://www.wikidata.org/entity/Q11589050>	"神奈川県立大和西高等学校"@ja	<http://www.wikidata.org/entity/Q56351315>	"日本の高等学校"@ja	<http://www.wikidata.org/entity/P131>	"位置する行政区画"@ja	<https://ja.wikipedia.org/wiki/%E7%A5%9E%E5%A5%88%E5%B7%9D%E7%9C%8C%E7%AB%8B%E5%A4%A7%E5%92%8C%E8%A5%BF%E9%AB%98%E7%AD%89%E5%AD%A6%E6%A0%A1>
<http://www.wikidata.org/entity/Q11589051>	"神奈川県立大和高等学校"@ja	<http://www.wikidata.org/entity/Q56351315>	"日本の高等学校"@ja	<http://www.wikidata.org/entity/P131>	"位置する行政区画"@ja	<https://ja.wikipedia.org/wiki/%E7%A5%9E%E5%A5%88%E5%B7%9D%E7%9C%8C%E7%AB%8B%E5%A4%A7%E5%92%8C%E9%AB%98%E7%AD%89%E5%AD%A6%E6%A0%A1>
<http://www.wikidata.org/entity/Q11589048>	"神奈川県立大和南高等学校"@ja	<http://www.wikidata.org/entity/Q56351315>	"日本の高等学校"@ja	<http://www.wikidata.org/entity/P131>	"位置する行政区画"@ja	<https://ja.wikipedia.org/wiki/%E7%A5%9E%E5%A5%88%E5%B7%9D%E7%9C%8C%E7%AB%8B%E5%A4%A7%E5%92%8C%E5%8D%97%E9%AB%98%E7%AD%89%E5%AD%A6%E6%A0%A1>
<http://www.wikidata.org/entity/Q11589049>	"神奈川県立大和東高等学校"@ja	<http://www.wikidata.org/entity/Q56351315>	"日本の高等学校"@ja	<http://www.wikidata.org/entity/P131>	"位置する行政区画"@ja	<https://ja.wikipedia.org/wiki/%E7%A5%9E%E5%A5%88%E5%B7%9D%E7%9C%8C%E7%AB%8B%E5%A4%A7%E5%92%8C%E6%9D%B1%E9%AB%98%E7%AD%89%E5%AD%A6%E6%A0%A1>
<http://www.wikidata.org/entity/Q11589295>	"神奈川県道451号"@ja	<http://www.wikidata.org/entity/Q34442>	"道路"@ja	<http://www.wikidata.org/entity/P131>	"位置する行政区画"@ja	<https://ja.wikipedia.org/wiki/%E7%A5%9E%E5%A5%88%E5%B7%9D%E7%9C%8C%E9%81%93451%E5%8F%B7%E8%97%A4%E6%B2%A2%E5%A4%A7%E5%92%8C%E8%87%AA%E8%BB%A2%E8%BB%8A%E9%81%93%E7%B7%9A>
<http://www.wikidata.org/entity/Q11589293>	"神奈川県道40号"@ja	<http://www.wikidata.org/entity/Q34442>	"道路"@ja	<http://www.wikidata.org/entity/P131>	"位置する行政区画"@ja	<https://ja.wikipedia.org/wiki/%E7%A5%9E%E5%A5%88%E5%B7%9D%E7%9C%8C%E9%81%9340%E5%8F%B7%E6%A8%AA%E6%B5%9C%E5%8E%9A%E6%9C%A8%E7%B7%9A>
<http://www.wikidata.org/entity/Q11589297>	"神奈川県道45号"@ja	<http://www.wikidata.org/entity/Q34442>	"道路"@ja	<http://www.wikidata.org/entity/P131>	"位置する行政区画"@ja	<https://ja.wikipedia.org/wiki/%E7%A5%9E%E5%A5%88%E5%B7%9D%E7%9C%8C%E9%81%9345%E5%8F%B7%E4%B8%B8%E5%AD%90%E4%B8%AD%E5%B1%B1%E8%8C%85%E3%83%B6%E5%B4%8E%E7%B7%9A>
<http://www.wikidata.org/entity/Q11589306>	"神奈川県道50号"@ja	<http://www.wikidata.org/entity/Q34442>	"道路"@ja	<http://www.wikidata.org/entity/P609>	"起終点"@ja	<https://ja.wikipedia.org/wiki/%E7%A5%9E%E5%A5%88%E5%B7%9D%E7%9C%8C%E9%81%9350%E5%8F%B7%E5%BA%A7%E9%96%93%E5%A4%A7%E5%92%8C%E7%B7%9A>
<http://www.wikidata.org/entity/Q11589306>	"神奈川県道50号"@ja	<http://www.wikidata.org/entity/Q34442>	"道路"@ja	<http://www.wikidata.org/entity/P131>	"位置する行政区画"@ja	<https://ja.wikipedia.org/wiki/%E7%A5%9E%E5%A5%88%E5%B7%9D%E7%9C%8C%E9%81%9350%E5%8F%B7%E5%BA%A7%E9%96%93%E5%A4%A7%E5%92%8C%E7%B7%9A>
<http://www.wikidata.org/entity/Q11589385>	"神奈川県道・東京都道56号"@ja	<http://www.wikidata.org/entity/Q34442>	"道路"@ja	<http://www.wikidata.org/entity/P131>	"位置する行政区画"@ja	<https://ja.wikipedia.org/wiki/%E7%A5%9E%E5%A5%88%E5%B7%9D%E7%9C%8C%E9%81%93%E3%83%BB%E6%9D%B1%E4%BA%AC%E9%83%BD%E9%81%9356%E5%8F%B7%E7%9B%AE%E9%BB%92%E7%94%BA%E7%94%BA%E7%94%B0%E7%B7%9A>
<http://www.wikidata.org/entity/Q11610881>	"聖セシリア女子中学校・高等学校"@ja	<http://www.wikidata.org/entity/Q21655594>	"日本の中高一貫校"@ja	<http://www.wikidata.org/entity/P131>	"位置する行政区画"@ja	<https://ja.wikipedia.org/wiki/%E8%81%96%E3%82%BB%E3%82%B7%E3%83%AA%E3%82%A2%E5%A5%B3%E5%AD%90%E4%B8%AD%E5%AD%A6%E6%A0%A1%E3%83%BB%E9%AB%98%E7%AD%89%E5%AD%A6%E6%A0%A1>
<http://www.wikidata.org/entity/Q11623883>	"藤岡希隆"@ja	<http://www.wikidata.org/entity/Q5>	"ヒト"@ja	<http://www.wikidata.org/entity/P19>	"出生地"@ja	<https://ja.wikipedia.org/wiki/%E8%97%A4%E5%B2%A1%E5%B8%8C%E9%9A%86>
<http://www.wikidata.org/entity/Q11630022>	"西鶴間"@ja	<http://www.wikidata.org/entity/Q5327369>	"町丁"@ja	<http://www.wikidata.org/entity/P131>	"位置する行政区画"@ja	<https://ja.wikipedia.org/wiki/%E8%A5%BF%E9%B6%B4%E9%96%93>
<http://www.wikidata.org/entity/Q11630022>	"西鶴間"@ja	<http://www.wikidata.org/entity/Q486972>	"集落"@ja	<http://www.wikidata.org/entity/P131>	"位置する行政区画"@ja	<https://ja.wikipedia.org/wiki/%E8%A5%BF%E9%B6%B4%E9%96%93>
<http://www.wikidata.org/entity/Q11646623>	"金城均"@ja	<http://www.wikidata.org/entity/Q5>	"ヒト"@ja	<http://www.wikidata.org/entity/P19>	"出生地"@ja	<https://ja.wikipedia.org/wiki/%E9%87%91%E5%9F%8E%E5%9D%87>
<http://www.wikidata.org/entity/Q11667205>	"香坂みゆき"@ja	<http://www.wikidata.org/entity/Q5>	"ヒト"@ja	<http://www.wikidata.org/entity/P19>	"出生地"@ja	<https://ja.wikipedia.org/wiki/%E9%A6%99%E5%9D%82%E3%81%BF%E3%82%86%E3%81%8D>
<http://www.wikidata.org/entity/Q11668643>	"高世えり子"@ja	<http://www.wikidata.org/entity/Q5>	"ヒト"@ja	<http://www.wikidata.org/entity/P19>	"出生地"@ja	<https://ja.wikipedia.org/wiki/%E9%AB%98%E4%B8%96%E3%81%88%E3%82%8A%E5%AD%90>
<http://www.wikidata.org/entity/Q11670694>	"高梨欣也"@ja	<http://www.wikidata.org/entity/Q5>	"ヒト"@ja	<http://www.wikidata.org/entity/P19>	"出生地"@ja	<https://ja.wikipedia.org/wiki/%E9%AB%98%E6%A2%A8%E6%AC%A3%E4%B9%9F>
<http://www.wikidata.org/entity/Q11671700>	"高橋雄一 (福島テレビ)"@ja	<http://www.wikidata.org/entity/Q5>	"ヒト"@ja	<http://www.wikidata.org/entity/P19>	"出生地"@ja	<https://ja.wikipedia.org/wiki/%E9%AB%98%E6%A9%8B%E9%9B%84%E4%B8%80_(%E7%A6%8F%E5%B3%B6%E3%83%86%E3%83%AC%E3%83%93)>
<http://www.wikidata.org/entity/Q17220951>	"聖セシリア小学校"@ja	<http://www.wikidata.org/entity/Q5358913>	"日本の小学校"@ja	<http://www.wikidata.org/entity/P131>	"位置する行政区画"@ja	<https://ja.wikipedia.org/wiki/%E8%81%96%E3%82%BB%E3%82%B7%E3%83%AA%E3%82%A2%E5%B0%8F%E5%AD%A6%E6%A0%A1>
<http://www.wikidata.org/entity/Q18457548>	"千葉奏汰"@ja	<http://www.wikidata.org/entity/Q5>	"ヒト"@ja	<http://www.wikidata.org/entity/P19>	"出生地"@ja	<https://ja.wikipedia.org/wiki/%E5%8D%83%E8%91%89%E5%A5%8F%E6%B1%B0>
<http://www.wikidata.org/entity/Q18459601>	"蓮慶寺"@ja	<http://www.wikidata.org/entity/Q5393308>	"仏教寺院"@ja	<http://www.wikidata.org/entity/P131>	"位置する行政区画"@ja	<https://ja.wikipedia.org/wiki/%E8%93%AE%E6%85%B6%E5%AF%BA_(%E5%A4%A7%E5%92%8C%E5%B8%82)>
<http://www.wikidata.org/entity/Q18817368>	"伊東亮大"@ja	<http://www.wikidata.org/entity/Q5>	"ヒト"@ja	<http://www.wikidata.org/entity/P19>	"出生地"@ja	<https://ja.wikipedia.org/wiki/%E4%BC%8A%E6%9D%B1%E4%BA%AE%E5%A4%A7>
<http://www.wikidata.org/entity/Q22129076>	"女屋実和子"@ja	<http://www.wikidata.org/entity/Q5>	"ヒト"@ja	<http://www.wikidata.org/entity/P19>	"出生地"@ja	<https://ja.wikipedia.org/wiki/%E5%A5%B3%E5%B1%8B%E5%AE%9F%E5%92%8C%E5%AD%90>
<http://www.wikidata.org/entity/Q28682326>	"大和市議会"@ja	<http://www.wikidata.org/entity/Q107199651>	"市議会"@ja	<http://www.wikidata.org/entity/P1001>	"管轄・適用区域"@ja	<https://ja.wikipedia.org/wiki/%E5%A4%A7%E5%92%8C%E5%B8%82%E8%AD%B0%E4%BC%9A>
<http://www.wikidata.org/entity/Q6555083>	"Q6555083"	<http://www.wikidata.org/entity/Q43229>	"組織"@ja	<http://www.wikidata.org/entity/P276>	"場所"@ja	
<http://www.wikidata.org/entity/Q32651783>	"Q32651783"	<http://www.wikidata.org/entity/Q4167836>	"ウィキメディアのカテゴリ"@ja	<http://www.wikidata.org/entity/P971>	"以下の組み合わせカテゴリ"@ja	
<http://www.wikidata.org/entity/Q32651785>	"Q32651785"	<http://www.wikidata.org/entity/Q4167836>	"ウィキメディアのカテゴリ"@ja	<http://www.wikidata.org/entity/P971>	"以下の組み合わせカテゴリ"@ja	
<http://www.wikidata.org/entity/Q38257993>	"牛河利治"@ja	<http://www.wikidata.org/entity/Q15632617>	"架空のヒト"@ja	<http://www.wikidata.org/entity/P551>	"居住地"@ja	
<http://www.wikidata.org/entity/Q38257993>	"牛河利治"@ja	<http://www.wikidata.org/entity/Q3658341>	"文学の登場人物"@ja	<http://www.wikidata.org/entity/P551>	"居住地"@ja	
<http://www.wikidata.org/entity/Q56437307>	"大和市長"@ja	<http://www.wikidata.org/entity/Q4164871>	"職位"@ja	<http://www.wikidata.org/entity/P1001>	"管轄・適用区域"@ja	
<http://www.wikidata.org/entity/Q56676625>	"ストリームグラフ"@ja	<http://www.wikidata.org/entity/Q4830453>	"企業"@ja	<http://www.wikidata.org/entity/P159>	"本部所在地"@ja	
<http://www.wikidata.org/entity/Q61887447>	"大和市立図書館"@ja	<http://www.wikidata.org/entity/Q28564>	"公共図書館"@ja	<http://www.wikidata.org/entity/P276>	"場所"@ja	
<http://www.wikidata.org/entity/Q61898231>	"大和市つきみ野学習センター図書室"@ja	<http://www.wikidata.org/entity/Q28564>	"公共図書館"@ja	<http://www.wikidata.org/entity/P276>	"場所"@ja	
<http://www.wikidata.org/entity/Q61898234>	"大和市桜丘学習センター図書室"@ja	<http://www.wikidata.org/entity/Q28564>	"公共図書館"@ja	<http://www.wikidata.org/entity/P276>	"場所"@ja	
<http://www.wikidata.org/entity/Q61898235>	"大和市渋谷学習センター図書室"@ja	<http://www.wikidata.org/entity/Q28564>	"公共図書館"@ja	<http://www.wikidata.org/entity/P276>	"場所"@ja	
<http://www.wikidata.org/entity/Q61898233>	"大和市林間学習センター図書室"@ja	<http://www.wikidata.org/entity/Q28564>	"公共図書館"@ja	<http://www.wikidata.org/entity/P276>	"場所"@ja	
<http://www.wikidata.org/entity/Q85175736>	"庚申塔道標（左馬神社）"@ja	<http://www.wikidata.org/entity/Q11486001>	"庚申塔"@ja	<http://www.wikidata.org/entity/P131>	"位置する行政区画"@ja	
<http://www.wikidata.org/entity/Q87267533>	"大和市立林間小学校"@ja	<http://www.wikidata.org/entity/Q5358913>	"日本の小学校"@ja	<http://www.wikidata.org/entity/P131>	"位置する行政区画"@ja	
<http://www.wikidata.org/entity/Q87267533>	"大和市立林間小学校"@ja	<http://www.wikidata.org/entity/Q5358913>	"日本の小学校"@ja	<http://www.wikidata.org/entity/P126>	"管理者"@ja	
<http://www.wikidata.org/entity/Q87267538>	"大和市立草柳小学校"@ja	<http://www.wikidata.org/entity/Q5358913>	"日本の小学校"@ja	<http://www.wikidata.org/entity/P131>	"位置する行政区画"@ja	
<http://www.wikidata.org/entity/Q87267538>	"大和市立草柳小学校"@ja	<http://www.wikidata.org/entity/Q5358913>	"日本の小学校"@ja	<http://www.wikidata.org/entity/P126>	"管理者"@ja	
<http://www.wikidata.org/entity/Q87267536>	"大和市立大和小学校"@ja	<http://www.wikidata.org/entity/Q5358913>	"日本の小学校"@ja	<http://www.wikidata.org/entity/P131>	"位置する行政区画"@ja	
<http://www.wikidata.org/entity/Q87267536>	"大和市立大和小学校"@ja	<http://www.wikidata.org/entity/Q5358913>	"日本の小学校"@ja	<http://www.wikidata.org/entity/P126>	"管理者"@ja	
<http://www.wikidata.org/entity/Q87267542>	"大和市立桜丘小学校"@ja	<http://www.wikidata.org/entity/Q5358913>	"日本の小学校"@ja	<http://www.wikidata.org/entity/P131>	"位置する行政区画"@ja	
<http://www.wikidata.org/entity/Q87267542>	"大和市立桜丘小学校"@ja	<http://www.wikidata.org/entity/Q5358913>	"日本の小学校"@ja	<http://www.wikidata.org/entity/P126>	"管理者"@ja	
<http://www.wikidata.org/entity/Q87267540>	"大和市立深見小学校"@ja	<http://www.wikidata.org/entity/Q5358913>	"日本の小学校"@ja	<http://www.wikidata.org/entity/P131>	"位置する行政区画"@ja	
<http://www.wikidata.org/entity/Q87267540>	"大和市立深見小学校"@ja	<http://www.wikidata.org/entity/Q5358913>	"日本の小学校"@ja	<http://www.wikidata.org/entity/P126>	"管理者"@ja	
<http://www.wikidata.org/entity/Q87267546>	"大和市立緑野小学校"@ja	<http://www.wikidata.org/entity/Q5358913>	"日本の小学校"@ja	<http://www.wikidata.org/entity/P131>	"位置する行政区画"@ja	
<http://www.wikidata.org/entity/Q87267546>	"大和市立緑野小学校"@ja	<http://www.wikidata.org/entity/Q5358913>	"日本の小学校"@ja	<http://www.wikidata.org/entity/P126>	"管理者"@ja	
<http://www.wikidata.org/entity/Q87267544>	"大和市立渋谷小学校"@ja	<http://www.wikidata.org/entity/Q5358913>	"日本の小学校"@ja	<http://www.wikidata.org/entity/P131>	"位置する行政区画"@ja	
<http://www.wikidata.org/entity/Q87267544>	"大和市立渋谷小学校"@ja	<http://www.wikidata.org/entity/Q5358913>	"日本の小学校"@ja	<http://www.wikidata.org/entity/P126>	"管理者"@ja	
<http://www.wikidata.org/entity/Q87267550>	"大和市立柳橋小学校"@ja	<http://www.wikidata.org/entity/Q5358913>	"日本の小学校"@ja	<http://www.wikidata.org/entity/P131>	"位置する行政区画"@ja	
<http://www.wikidata.org/entity/Q87267550>	"大和市立柳橋小学校"@ja	<http://www.wikidata.org/entity/Q5358913>	"日本の小学校"@ja	<http://www.wikidata.org/entity/P126>	"管理者"@ja	
<http://www.wikidata.org/entity/Q87267548>	"大和市立上和田小学校"@ja	<http://www.wikidata.org/entity/Q5358913>	"日本の小学校"@ja	<http://www.wikidata.org/entity/P131>	"位置する行政区画"@ja	
<http://www.wikidata.org/entity/Q87267548>	"大和市立上和田小学校"@ja	<http://www.wikidata.org/entity/Q5358913>	"日本の小学校"@ja	<http://www.wikidata.org/entity/P126>	"管理者"@ja	
<http://www.wikidata.org/entity/Q87267554>	"大和市立福田小学校"@ja	<http://www.wikidata.org/entity/Q5358913>	"日本の小学校"@ja	<http://www.wikidata.org/entity/P131>	"位置する行政区画"@ja	
<http://www.wikidata.org/entity/Q87267554>	"大和市立福田小学校"@ja	<http://www.wikidata.org/entity/Q5358913>	"日本の小学校"@ja	<http://www.wikidata.org/entity/P126>	"管理者"@ja	
<http://www.wikidata.org/entity/Q87267552>	"大和市立南林間小学校"@ja	<http://www.wikidata.org/entity/Q5358913>	"日本の小学校"@ja	<http://www.wikidata.org/entity/P131>	"位置する行政区画"@ja	
<http://www.wikidata.org/entity/Q87267552>	"大和市立南林間小学校"@ja	<http://www.wikidata.org/entity/Q5358913>	"日本の小学校"@ja	<http://www.wikidata.org/entity/P126>	"管理者"@ja	
<http://www.wikidata.org/entity/Q87267558>	"大和市立下福田小学校"@ja	<http://www.wikidata.org/entity/Q5358913>	"日本の小学校"@ja	<http://www.wikidata.org/entity/P131>	"位置する行政区画"@ja	
<http://www.wikidata.org/entity/Q87267558>	"大和市立下福田小学校"@ja	<http://www.wikidata.org/entity/Q5358913>	"日本の小学校"@ja	<http://www.wikidata.org/entity/P126>	"管理者"@ja	
<http://www.wikidata.org/entity/Q87267563>	"大和市立文ケ岡小学校"@ja	<http://www.wikidata.org/entity/Q5358913>	"日本の小学校"@ja	<http://www.wikidata.org/entity/P131>	"位置する行政区画"@ja	
<http://www.wikidata.org/entity/Q87267563>	"大和市立文ケ岡小学校"@ja	<http://www.wikidata.org/entity/Q5358913>	"日本の小学校"@ja	<http://www.wikidata.org/entity/P126>	"管理者"@ja	
<http://www.wikidata.org/entity/Q87267561>	"大和市立大和東小学校"@ja	<http://www.wikidata.org/entity/Q5358913>	"日本の小学校"@ja	<http://www.wikidata.org/entity/P131>	"位置する行政区画"@ja	
<http://www.wikidata.org/entity/Q87267561>	"大和市立大和東小学校"@ja	<http://www.wikidata.org/entity/Q5358913>	"日本の小学校"@ja	<http://www.wikidata.org/entity/P126>	"管理者"@ja	
<http://www.wikidata.org/entity/Q87267565>	"大和市立中央林間小学校"@ja	<http://www.wikidata.org/entity/Q5358913>	"日本の小学校"@ja	<http://www.wikidata.org/entity/P131>	"位置する行政区画"@ja	
<http://www.wikidata.org/entity/Q87267565>	"大和市立中央林間小学校"@ja	<http://www.wikidata.org/entity/Q5358913>	"日本の小学校"@ja	<http://www.wikidata.org/entity/P126>	"管理者"@ja	
<http://www.wikidata.org/entity/Q87319480>	"大和市立大和中学校"@ja	<http://www.wikidata.org/entity/Q55521176>	"日本の中学校"@ja	<http://www.wikidata.org/entity/P131>	"位置する行政区画"@ja	
<http://www.wikidata.org/entity/Q87319480>	"大和市立大和中学校"@ja	<http://www.wikidata.org/entity/Q55521176>	"日本の中学校"@ja	<http://www.wikidata.org/entity/P126>	"管理者"@ja	
<http://www.wikidata.org/entity/Q87319486>	"大和市立渋谷中学校"@ja	<http://www.wikidata.org/entity/Q55521176>	"日本の中学校"@ja	<http://www.wikidata.org/entity/P131>	"位置する行政区画"@ja	
<http://www.wikidata.org/entity/Q87319486>	"大和市立渋谷中学校"@ja	<http://www.wikidata.org/entity/Q55521176>	"日本の中学校"@ja	<http://www.wikidata.org/entity/P126>	"管理者"@ja	
<http://www.wikidata.org/entity/Q87319484>	"大和市立光丘中学校"@ja	<http://www.wikidata.org/entity/Q55521176>	"日本の中学校"@ja	<http://www.wikidata.org/entity/P131>	"位置する行政区画"@ja	
<http://www.wikidata.org/entity/Q87319484>	"大和市立光丘中学校"@ja	<http://www.wikidata.org/entity/Q55521176>	"日本の中学校"@ja	<http://www.wikidata.org/entity/P126>	"管理者"@ja	
<http://www.wikidata.org/entity/Q87319491>	"大和市立上和田中学校"@ja	<http://www.wikidata.org/entity/Q55521176>	"日本の中学校"@ja	<http://www.wikidata.org/entity/P131>	"位置する行政区画"@ja	
<http://www.wikidata.org/entity/Q87319491>	"大和市立上和田中学校"@ja	<http://www.wikidata.org/entity/Q55521176>	"日本の中学校"@ja	<http://www.wikidata.org/entity/P126>	"管理者"@ja	
<http://www.wikidata.org/entity/Q87319489>	"大和市立引地台中学校"@ja	<http://www.wikidata.org/entity/Q55521176>	"日本の中学校"@ja	<http://www.wikidata.org/entity/P131>	"位置する行政区画"@ja	
<http://www.wikidata.org/entity/Q87319489>	"大和市立引地台中学校"@ja	<http://www.wikidata.org/entity/Q55521176>	"日本の中学校"@ja	<http://www.wikidata.org/entity/P126>	"管理者"@ja	
<http://www.wikidata.org/entity/Q87319494>	"大和市立下福田中学校"@ja	<http://www.wikidata.org/entity/Q55521176>	"日本の中学校"@ja	<http://www.wikidata.org/entity/P131>	"位置する行政区画"@ja	
<http://www.wikidata.org/entity/Q87319494>	"大和市立下福田中学校"@ja	<http://www.wikidata.org/entity/Q55521176>	"日本の中学校"@ja	<http://www.wikidata.org/entity/P126>	"管理者"@ja	
<http://www.wikidata.org/entity/Q87335647>	"神奈川県立瀬谷養護学校 大和東分教室"@ja	<http://www.wikidata.org/entity/Q11396122>	"分校"@ja	<http://www.wikidata.org/entity/P131>	"位置する行政区画"@ja	
<http://www.wikidata.org/entity/Q87335651>	"神奈川県立瀬谷養護学校 大和南分教室"@ja	<http://www.wikidata.org/entity/Q11396122>	"分校"@ja	<http://www.wikidata.org/entity/P131>	"位置する行政区画"@ja	
<http://www.wikidata.org/entity/Q99517795>	"渋谷町"@ja	<http://www.wikidata.org/entity/Q18663566>	"日本の廃止市区町村"@ja	<http://www.wikidata.org/entity/P3842>	"位置する現在の行政区画"@ja	
<http://www.wikidata.org/entity/Q108814635>	"大和駅ビルプロス"@ja	<http://www.wikidata.org/entity/Q1339195>	"駅ビル"@ja	<http://www.wikidata.org/entity/P131>	"位置する行政区画"@ja	
<http://www.wikidata.org/entity/Q108830660>	"2019年大和市長選挙"@ja	<http://www.wikidata.org/entity/Q15280243>	"首長選挙"@ja	<http://www.wikidata.org/entity/P1001>	"管轄・適用区域"@ja	
<http://www.wikidata.org/entity/Q109697289>	"石井楓子"@ja	<http://www.wikidata.org/entity/Q5>	"ヒト"@ja	<http://www.wikidata.org/entity/P19>	"出生地"@ja	
<http://www.wikidata.org/entity/Q114895224>	"聖セシリア女子高等学校"@ja	<http://www.wikidata.org/entity/Q56351315>	"日本の高等学校"@ja	<http://www.wikidata.org/entity/P131>	"位置する行政区画"@ja	
<http://www.wikidata.org/entity/Q114895536>	"聖セシリア女子中学校"@ja	<http://www.wikidata.org/entity/Q55521176>	"日本の中学校"@ja	<http://www.wikidata.org/entity/P131>	"位置する行政区画"@ja	
<http://www.wikidata.org/entity/Q38283>	"横浜市"@ja	<http://www.wikidata.org/entity/Q65589340>	"都道府県庁所在地"@ja	<http://www.wikidata.org/entity/P47>	"隣の国又は行政区画"@ja	<https://ja.wikipedia.org/wiki/%E6%A8%AA%E6%B5%9C%E5%B8%82>
<http://www.wikidata.org/entity/Q38283>	"横浜市"@ja	<http://www.wikidata.org/entity/Q50330360>	"国内で人口2位の都市"@ja	<http://www.wikidata.org/entity/P47>	"隣の国又は行政区画"@ja	<https://ja.wikipedia.org/wiki/%E6%A8%AA%E6%B5%9C%E5%B8%82>
<http://www.wikidata.org/entity/Q38283>	"横浜市"@ja	<http://www.wikidata.org/entity/Q2264924>	"港湾都市"@ja	<http://www.wikidata.org/entity/P47>	"隣の国又は行政区画"@ja	<https://ja.wikipedia.org/wiki/%E6%A8%AA%E6%B5%9C%E5%B8%82>
<http://www.wikidata.org/entity/Q38283>	"横浜市"@ja	<http://www.wikidata.org/entity/Q1749269>	"政令指定都市"@ja	<http://www.wikidata.org/entity/P47>	"隣の国又は行政区画"@ja	<https://ja.wikipedia.org/wiki/%E6%A8%AA%E6%B5%9C%E5%B8%82>
<http://www.wikidata.org/entity/Q38283>	"横浜市"@ja	<http://www.wikidata.org/entity/Q1637706>	"100万都市"@ja	<http://www.wikidata.org/entity/P47>	"隣の国又は行政区画"@ja	<https://ja.wikipedia.org/wiki/%E6%A8%AA%E6%B5%9C%E5%B8%82>
<http://www.wikidata.org/entity/Q38283>	"横浜市"@ja	<http://www.wikidata.org/entity/Q828359>	"ベッドタウン"@ja	<http://www.wikidata.org/entity/P47>	"隣の国又は行政区画"@ja	<https://ja.wikipedia.org/wiki/%E6%A8%AA%E6%B5%9C%E5%B8%82>
<http://www.wikidata.org/entity/Q38283>	"横浜市"@ja	<http://www.wikidata.org/entity/Q691960>	"衛星都市"@ja	<http://www.wikidata.org/entity/P47>	"隣の国又は行政区画"@ja	<https://ja.wikipedia.org/wiki/%E6%A8%AA%E6%B5%9C%E5%B8%82>
<http://www.wikidata.org/entity/Q38283>	"横浜市"@ja	<http://www.wikidata.org/entity/Q494721>	"日本の市"@ja	<http://www.wikidata.org/entity/P47>	"隣の国又は行政区画"@ja	<https://ja.wikipedia.org/wiki/%E6%A8%AA%E6%B5%9C%E5%B8%82>
<http://www.wikidata.org/entity/Q87267556>	"大和市立大野原小学校"@ja	<http://www.wikidata.org/entity/Q5358913>	"日本の小学校"@ja	<http://www.wikidata.org/entity/P131>	"位置する行政区画"@ja	<https://ja.wikipedia.org/wiki/%E5%A4%A7%E5%92%8C%E5%B8%82%E7%AB%8B%E5%A4%A7%E9%87%8E%E5%8E%9F%E5%B0%8F%E5%AD%A6%E6%A0%A1>
<http://www.wikidata.org/entity/Q87267556>	"大和市立大野原小学校"@ja	<http://www.wikidata.org/entity/Q5358913>	"日本の小学校"@ja	<http://www.wikidata.org/entity/P126>	"管理者"@ja	<https://ja.wikipedia.org/wiki/%E5%A4%A7%E5%92%8C%E5%B8%82%E7%AB%8B%E5%A4%A7%E9%87%8E%E5%8E%9F%E5%B0%8F%E5%AD%A6%E6%A0%A1>
<http://www.wikidata.org/entity/Q103462194>	"井上孝俊"@ja	<http://www.wikidata.org/entity/Q5>	"ヒト"@ja	<http://www.wikidata.org/entity/P19>	"出生地"@ja	<https://ja.wikipedia.org/wiki/%E4%BA%95%E4%B8%8A%E5%AD%9D%E4%BF%8A>
<http://www.wikidata.org/entity/Q105037388>	"上草柳"@ja	<http://www.wikidata.org/entity/Q5327369>	"町丁"@ja	<http://www.wikidata.org/entity/P131>	"位置する行政区画"@ja	<https://ja.wikipedia.org/wiki/%E4%B8%8A%E8%8D%89%E6%9F%B3>
<http://www.wikidata.org/entity/Q105037388>	"上草柳"@ja	<http://www.wikidata.org/entity/Q486972>	"集落"@ja	<http://www.wikidata.org/entity/P131>	"位置する行政区画"@ja	<https://ja.wikipedia.org/wiki/%E4%B8%8A%E8%8D%89%E6%9F%B3>
<http://www.wikidata.org/entity/Q105037469>	"深見西"@ja	<http://www.wikidata.org/entity/Q5327369>	"町丁"@ja	<http://www.wikidata.org/entity/P131>	"位置する行政区画"@ja	<https://ja.wikipedia.org/wiki/%E6%B7%B1%E8%A6%8B%E8%A5%BF>
<http://www.wikidata.org/entity/Q105037469>	"深見西"@ja	<http://www.wikidata.org/entity/Q486972>	"集落"@ja	<http://www.wikidata.org/entity/P131>	"位置する行政区画"@ja	<https://ja.wikipedia.org/wiki/%E6%B7%B1%E8%A6%8B%E8%A5%BF>
<http://www.wikidata.org/entity/Q105259138>	"野嶋華澄"@ja	<http://www.wikidata.org/entity/Q5>	"ヒト"@ja	<http://www.wikidata.org/entity/P19>	"出生地"@ja	<https://ja.wikipedia.org/wiki/%E9%87%8E%E5%B6%8B%E8%8F%AF%E6%BE%84>
<http://www.wikidata.org/entity/Q108110086>	"梅澤愛優香"@ja	<http://www.wikidata.org/entity/Q5>	"ヒト"@ja	<http://www.wikidata.org/entity/P19>	"出生地"@ja	<https://ja.wikipedia.org/wiki/%E6%A2%85%E6%BE%A4%E6%84%9B%E5%84%AA%E9%A6%99>
<http://www.wikidata.org/entity/Q127513>	"神奈川県"@ja	<http://www.wikidata.org/entity/Q50337>	"都道府県"@ja	<http://www.wikidata.org/entity/P150>	"直下の行政区画"@ja	<https://ja.wikipedia.org/wiki/%E7%A5%9E%E5%A5%88%E5%B7%9D%E7%9C%8C>
<http://www.wikidata.org/entity/Q145333>	"座間市"@ja	<http://www.wikidata.org/entity/Q1549591>	"10万都市"@ja	<http://www.wikidata.org/entity/P47>	"隣の国又は行政区画"@ja	<https://ja.wikipedia.org/wiki/%E5%BA%A7%E9%96%93%E5%B8%82>
<http://www.wikidata.org/entity/Q145333>	"座間市"@ja	<http://www.wikidata.org/entity/Q494721>	"日本の市"@ja	<http://www.wikidata.org/entity/P47>	"隣の国又は行政区画"@ja	<https://ja.wikipedia.org/wiki/%E5%BA%A7%E9%96%93%E5%B8%82>
<http://www.wikidata.org/entity/Q209779>	"相模原市"@ja	<http://www.wikidata.org/entity/Q1749269>	"政令指定都市"@ja	<http://www.wikidata.org/entity/P47>	"隣の国又は行政区画"@ja	<https://ja.wikipedia.org/wiki/%E7%9B%B8%E6%A8%A1%E5%8E%9F%E5%B8%82>
<http://www.wikidata.org/entity/Q209779>	"相模原市"@ja	<http://www.wikidata.org/entity/Q1549591>	"10万都市"@ja	<http://www.wikidata.org/entity/P47>	"隣の国又は行政区画"@ja	<https://ja.wikipedia.org/wiki/%E7%9B%B8%E6%A8%A1%E5%8E%9F%E5%B8%82>
<http://www.wikidata.org/entity/Q209779>	"相模原市"@ja	<http://www.wikidata.org/entity/Q691960>	"衛星都市"@ja	<http://www.wikidata.org/entity/P47>	"隣の国又は行政区画"@ja	<https://ja.wikipedia.org/wiki/%E7%9B%B8%E6%A8%A1%E5%8E%9F%E5%B8%82>
<http://www.wikidata.org/entity/Q209779>	"相模原市"@ja	<http://www.wikidata.org/entity/Q494721>	"日本の市"@ja	<http://www.wikidata.org/entity/P47>	"隣の国又は行政区画"@ja	<https://ja.wikipedia.org/wiki/%E7%9B%B8%E6%A8%A1%E5%8E%9F%E5%B8%82>
<http://www.wikidata.org/entity/Q210628>	"町田市"@ja	<http://www.wikidata.org/entity/Q1549591>	"10万都市"@ja	<http://www.wikidata.org/entity/P47>	"隣の国又は行政区画"@ja	<https://ja.wikipedia.org/wiki/%E7%94%BA%E7%94%B0%E5%B8%82>
<http://www.wikidata.org/entity/Q210628>	"町田市"@ja	<http://www.wikidata.org/entity/Q494721>	"日本の市"@ja	<http://www.wikidata.org/entity/P47>	"隣の国又は行政区画"@ja	<https://ja.wikipedia.org/wiki/%E7%94%BA%E7%94%B0%E5%B8%82>
<http://www.wikidata.org/entity/Q262587>	"川澄奈穂美"@ja	<http://www.wikidata.org/entity/Q5>	"ヒト"@ja	<http://www.wikidata.org/entity/P19>	"出生地"@ja	<https://ja.wikipedia.org/wiki/%E5%B7%9D%E6%BE%84%E5%A5%88%E7%A9%82%E7%BE%8E>
<http://www.wikidata.org/entity/Q46572778>	"鶴林寺"@ja	<http://www.wikidata.org/entity/Q5393308>	"仏教寺院"@ja	<http://www.wikidata.org/entity/P131>	"位置する行政区画"@ja	<https://ja.wikipedia.org/wiki/%E9%B6%B4%E6%9E%97%E5%AF%BA_(%E5%A4%A7%E5%92%8C%E5%B8%82)>
<http://www.wikidata.org/entity/Q55531528>	"学校法人大和学園"@ja	<http://www.wikidata.org/entity/Q11448283>	"学校法人"@ja	<http://www.wikidata.org/entity/P159>	"本部所在地"@ja	<https://ja.wikipedia.org/wiki/%E5%AD%A6%E6%A0%A1%E6%B3%95%E4%BA%BA%E5%A4%A7%E5%92%8C%E5%AD%A6%E5%9C%92_(%E7%A5%9E%E5%A5%88%E5%B7%9D%E7%9C%8C)>
<http://www.wikidata.org/entity/Q58203588>	"観音寺"@ja	<http://www.wikidata.org/entity/Q5393308>	"仏教寺院"@ja	<http://www.wikidata.org/entity/P131>	"位置する行政区画"@ja	<https://ja.wikipedia.org/wiki/%E8%A6%B3%E9%9F%B3%E5%AF%BA_(%E5%A4%A7%E5%92%8C%E5%B8%82)>
<http://www.wikidata.org/entity/Q58205524>	"大和市下鶴間ふるさと館"@ja	<http://www.wikidata.org/entity/Q33506>	"博物館"@ja	<http://www.wikidata.org/entity/P131>	"位置する行政区画"@ja	<https://ja.wikipedia.org/wiki/%E5%A4%A7%E5%92%8C%E5%B8%82%E4%B8%8B%E9%B6%B4%E9%96%93%E3%81%B5%E3%82%8B%E3%81%95%E3%81%A8%E9%A4%A8>
<http://www.wikidata.org/entity/Q4226172>	"高座渋谷駅"@ja	<http://www.wikidata.org/entity/Q55488>	"鉄道駅"@ja	<http://www.wikidata.org/entity/P131>	"位置する行政区画"@ja	<https://ja.wikipedia.org/wiki/%E9%AB%98%E5%BA%A7%E6%B8%8B%E8%B0%B7%E9%A7%85>
<http://www.wikidata.org/entity/Q4405554>	"桜ヶ丘駅"@ja	<http://www.wikidata.org/entity/Q55488>	"鉄道駅"@ja	<http://www.wikidata.org/entity/P131>	"位置する行政区画"@ja	<https://ja.wikipedia.org/wiki/%E6%A1%9C%E3%83%B6%E4%B8%98%E9%A7%85>
<http://www.wikidata.org/entity/Q4506209>	"鶴間駅"@ja	<http://www.wikidata.org/entity/Q55488>	"鉄道駅"@ja	<http://www.wikidata.org/entity/P131>	"位置する行政区画"@ja	<https://ja.wikipedia.org/wiki/%E9%B6%B4%E9%96%93%E9%A7%85>
<http://www.wikidata.org/entity/Q4531076>	"木村哲昌"@ja	<http://www.wikidata.org/entity/Q5>	"ヒト"@ja	<http://www.wikidata.org/entity/P19>	"出生地"@ja	<https://ja.wikipedia.org/wiki/%E6%9C%A8%E6%9D%91%E5%93%B2%E6%98%8C>
<http://www.wikidata.org/entity/Q4817831>	"下野淳"@ja	<http://www.wikidata.org/entity/Q5>	"ヒト"@ja	<http://www.wikidata.org/entity/P19>	"出生地"@ja	<https://ja.wikipedia.org/wiki/%E4%B8%8B%E9%87%8E%E6%B7%B3>
<http://www.wikidata.org/entity/Q5298717>	"楢崎教子"@ja	<http://www.wikidata.org/entity/Q5>	"ヒト"@ja	<http://www.wikidata.org/entity/P19>	"出生地"@ja	<https://ja.wikipedia.org/wiki/%E6%A5%A2%E5%B4%8E%E6%95%99%E5%AD%90>
<http://www.wikidata.org/entity/Q6157627>	"国道467号"@ja	<http://www.wikidata.org/entity/Q34442>	"道路"@ja	<http://www.wikidata.org/entity/P609>	"起終点"@ja	<https://ja.wikipedia.org/wiki/%E5%9B%BD%E9%81%93467%E5%8F%B7>
<http://www.wikidata.org/entity/Q6375268>	"境川"@ja	<http://www.wikidata.org/entity/Q4022>	"川"@ja	<http://www.wikidata.org/entity/P131>	"位置する行政区画"@ja	<https://ja.wikipedia.org/wiki/%E5%A2%83%E5%B7%9D_(%E6%9D%B1%E4%BA%AC%E9%83%BD%E3%83%BB%E7%A5%9E%E5%A5%88%E5%B7%9D%E7%9C%8C)>
<http://www.wikidata.org/entity/Q6807837>	"Category:大和市"@ja	<http://www.wikidata.org/entity/Q4167836>	"ウィキメディアのカテゴリ"@ja	<http://www.wikidata.org/entity/P301>	"カテゴリの中心主題"@ja	<https://ja.wikipedia.org/wiki/Category:%E5%A4%A7%E5%92%8C%E5%B8%82>
<http://www.wikidata.org/entity/Q7398954>	"相模大塚駅"@ja	<http://www.wikidata.org/entity/Q55488>	"鉄道駅"@ja	<http://www.wikidata.org/entity/P131>	"位置する行政区画"@ja	<https://ja.wikipedia.org/wiki/%E7%9B%B8%E6%A8%A1%E5%A4%A7%E5%A1%9A%E9%A7%85>
<http://www.wikidata.org/entity/Q7587481>	"聖セシリア女子短期大学"@ja	<http://www.wikidata.org/entity/Q189004>	"カレッジ"@ja	<http://www.wikidata.org/entity/P131>	"位置する行政区画"@ja	<https://ja.wikipedia.org/wiki/%E8%81%96%E3%82%BB%E3%82%B7%E3%83%AA%E3%82%A2%E5%A5%B3%E5%AD%90%E7%9F%AD%E6%9C%9F%E5%A4%A7%E5%AD%A6>
<http://www.wikidata.org/entity/Q286614>	"大和市営大和スポーツセンター競技場"@ja	<http://www.wikidata.org/entity/Q483110>	"スタジアム"@ja	<http://www.wikidata.org/entity/P131>	"位置する行政区画"@ja	<https://ja.wikipedia.org/wiki/%E5%A4%A7%E5%92%8C%E5%B8%82%E5%96%B6%E5%A4%A7%E5%92%8C%E3%82%B9%E3%83%9D%E3%83%BC%E3%83%84%E3%82%BB%E3%83%B3%E3%82%BF%E3%83%BC%E7%AB%B6%E6%8A%80%E5%A0%B4>
<http://www.wikidata.org/entity/Q286614>	"大和市営大和スポーツセンター競技場"@ja	<http://www.wikidata.org/entity/Q483110>	"スタジアム"@ja	<http://www.wikidata.org/entity/P127>	"所有者"@ja	<https://ja.wikipedia.org/wiki/%E5%A4%A7%E5%92%8C%E5%B8%82%E5%96%B6%E5%A4%A7%E5%92%8C%E3%82%B9%E3%83%9D%E3%83%BC%E3%83%84%E3%82%BB%E3%83%B3%E3%82%BF%E3%83%BC%E7%AB%B6%E6%8A%80%E5%A0%B4>
<http://www.wikidata.org/entity/Q386661>	"藤沢市"@ja	<http://www.wikidata.org/entity/Q11499984>	"文教都市"@ja	<http://www.wikidata.org/entity/P47>	"隣の国又は行政区画"@ja	<https://ja.wikipedia.org/wiki/%E8%97%A4%E6%B2%A2%E5%B8%82>
<http://www.wikidata.org/entity/Q386661>	"藤沢市"@ja	<http://www.wikidata.org/entity/Q9391358>	"保健所政令市"@ja	<http://www.wikidata.org/entity/P47>	"隣の国又は行政区画"@ja	<https://ja.wikipedia.org/wiki/%E8%97%A4%E6%B2%A2%E5%B8%82>
<http://www.wikidata.org/entity/Q386661>	"藤沢市"@ja	<http://www.wikidata.org/entity/Q1549591>	"10万都市"@ja	<http://www.wikidata.org/entity/P47>	"隣の国又は行政区画"@ja	<https://ja.wikipedia.org/wiki/%E8%97%A4%E6%B2%A2%E5%B8%82>
<http://www.wikidata.org/entity/Q386661>	"藤沢市"@ja	<http://www.wikidata.org/entity/Q691960>	"衛星都市"@ja	<http://www.wikidata.org/entity/P47>	"隣の国又は行政区画"@ja	<https://ja.wikipedia.org/wiki/%E8%97%A4%E6%B2%A2%E5%B8%82>
<http://www.wikidata.org/entity/Q386661>	"藤沢市"@ja	<http://www.wikidata.org/entity/Q494721>	"日本の市"@ja	<http://www.wikidata.org/entity/P47>	"隣の国又は行政区画"@ja	<https://ja.wikipedia.org/wiki/%E8%97%A4%E6%B2%A2%E5%B8%82>
<http://www.wikidata.org/entity/Q733509>	"藤本淳吾"@ja	<http://www.wikidata.org/entity/Q5>	"ヒト"@ja	<http://www.wikidata.org/entity/P19>	"出生地"@ja	<https://ja.wikipedia.org/wiki/%E8%97%A4%E6%9C%AC%E6%B7%B3%E5%90%BE>
<http://www.wikidata.org/entity/Q734390>	"海老名市"@ja	<http://www.wikidata.org/entity/Q1549591>	"10万都市"@ja	<http://www.wikidata.org/entity/P47>	"隣の国又は行政区画"@ja	<https://ja.wikipedia.org/wiki/%E6%B5%B7%E8%80%81%E5%90%8D%E5%B8%82>
<http://www.wikidata.org/entity/Q734390>	"海老名市"@ja	<http://www.wikidata.org/entity/Q494721>	"日本の市"@ja	<http://www.wikidata.org/entity/P47>	"隣の国又は行政区画"@ja	<https://ja.wikipedia.org/wiki/%E6%B5%B7%E8%80%81%E5%90%8D%E5%B8%82>
<http://www.wikidata.org/entity/Q792819>	"綾瀬市"@ja	<http://www.wikidata.org/entity/Q494721>	"日本の市"@ja	<http://www.wikidata.org/entity/P47>	"隣の国又は行政区画"@ja	<https://ja.wikipedia.org/wiki/%E7%B6%BE%E7%80%AC%E5%B8%82>
<http://www.wikidata.org/entity/Q906671>	"中央林間駅"@ja	<http://www.wikidata.org/entity/Q55488>	"鉄道駅"@ja	<http://www.wikidata.org/entity/P131>	"位置する行政区画"@ja	<https://ja.wikipedia.org/wiki/%E4%B8%AD%E5%A4%AE%E6%9E%97%E9%96%93%E9%A7%85>
<http://www.wikidata.org/entity/Q999127>	"南林間駅"@ja	<http://www.wikidata.org/entity/Q55488>	"鉄道駅"@ja	<http://www.wikidata.org/entity/P131>	"位置する行政区画"@ja	<https://ja.wikipedia.org/wiki/%E5%8D%97%E6%9E%97%E9%96%93%E9%A7%85>
<http://www.wikidata.org/entity/Q1036368>	"大和駅"@ja	<http://www.wikidata.org/entity/Q55488>	"鉄道駅"@ja	<http://www.wikidata.org/entity/P131>	"位置する行政区画"@ja	<https://ja.wikipedia.org/wiki/%E5%A4%A7%E5%92%8C%E9%A7%85_(%E7%A5%9E%E5%A5%88%E5%B7%9D%E7%9C%8C)>
<http://www.wikidata.org/entity/Q1135694>	"東名高速道路"@ja	<http://www.wikidata.org/entity/Q16939396>	"有料道路"@ja	<http://www.wikidata.org/entity/P131>	"位置する行政区画"@ja	<https://ja.wikipedia.org/wiki/%E6%9D%B1%E5%90%8D%E9%AB%98%E9%80%9F%E9%81%93%E8%B7%AF>
<http://www.wikidata.org/entity/Q1135694>	"東名高速道路"@ja	<http://www.wikidata.org/entity/Q46622>	"高速道路"@ja	<http://www.wikidata.org/entity/P131>	"位置する行政区画"@ja	<https://ja.wikipedia.org/wiki/%E6%9D%B1%E5%90%8D%E9%AB%98%E9%80%9F%E9%81%93%E8%B7%AF>
<http://www.wikidata.org/entity/Q1185803>	"近藤真彦"@ja	<http://www.wikidata.org/entity/Q5>	"ヒト"@ja	<http://www.wikidata.org/entity/P19>	"出生地"@ja	<https://ja.wikipedia.org/wiki/%E8%BF%91%E8%97%A4%E7%9C%9F%E5%BD%A6>
<http://www.wikidata.org/entity/Q1355084>	"堀江美都子"@ja	<http://www.wikidata.org/entity/Q5>	"ヒト"@ja	<http://www.wikidata.org/entity/P19>	"出生地"@ja	<https://ja.wikipedia.org/wiki/%E5%A0%80%E6%B1%9F%E7%BE%8E%E9%83%BD%E5%AD%90>
<http://www.wikidata.org/entity/Q2761128>	"杏里"@ja	<http://www.wikidata.org/entity/Q5>	"ヒト"@ja	<http://www.wikidata.org/entity/P19>	"出生地"@ja	<https://ja.wikipedia.org/wiki/%E6%9D%8F%E9%87%8C>
<http://www.wikidata.org/entity/Q3263590>	"中森大介"@ja	<http://www.wikidata.org/entity/Q5>	"ヒト"@ja	<http://www.wikidata.org/entity/P19>	"出生地"@ja	<https://ja.wikipedia.org/wiki/%E4%B8%AD%E6%A3%AE%E5%A4%A7%E4%BB%8B>
<http://www.wikidata.org/entity/Q3363647>	"川村丈夫"@ja	<http://www.wikidata.org/entity/Q5>	"ヒト"@ja	<http://www.wikidata.org/entity/P19>	"出生地"@ja	<https://ja.wikipedia.org/wiki/%E5%B7%9D%E6%9D%91%E4%B8%88%E5%A4%AB>
