?s	?sLabel	?type	?typeLabel	?prop	?propLabel	?jwiki
<http://www.wikidata.org/entity/Q496479>	"横手市"@ja	<http://www.wikidata.org/entity/Q494721>	"日本の市"@ja	<http://www.wikidata.org/entity/P190>	"姉妹都市"@ja	<https://ja.wikipedia.org/wiki/%E6%A8%AA%E6%89%8B%E5%B8%82>
<http://www.wikidata.org/entity/Q502199>	"平塚市"@ja	<http://www.wikidata.org/entity/Q1549591>	"10万都市"@ja	<http://www.wikidata.org/entity/P47>	"隣の国又は行政区画"@ja	<https://ja.wikipedia.org/wiki/%E5%B9%B3%E5%A1%9A%E5%B8%82>
<http://www.wikidata.org/entity/Q502199>	"平塚市"@ja	<http://www.wikidata.org/entity/Q1145012>	"特例市"@ja	<http://www.wikidata.org/entity/P47>	"隣の国又は行政区画"@ja	<https://ja.wikipedia.org/wiki/%E5%B9%B3%E5%A1%9A%E5%B8%82>
<http://www.wikidata.org/entity/Q502199>	"平塚市"@ja	<http://www.wikidata.org/entity/Q494721>	"日本の市"@ja	<http://www.wikidata.org/entity/P47>	"隣の国又は行政区画"@ja	<https://ja.wikipedia.org/wiki/%E5%B9%B3%E5%A1%9A%E5%B8%82>
<http://www.wikidata.org/entity/Q11496439>	"戸沢橋"@ja	<http://www.wikidata.org/entity/Q12280>	"橋"@ja	<http://www.wikidata.org/entity/P131>	"位置する行政区画"@ja	<https://ja.wikipedia.org/wiki/%E6%88%B8%E6%B2%A2%E6%A9%8B>
<http://www.wikidata.org/entity/Q11500284>	"斉藤愛璃"@ja	<http://www.wikidata.org/entity/Q5>	"ヒト"@ja	<http://www.wikidata.org/entity/P19>	"出生地"@ja	<https://ja.wikipedia.org/wiki/%E6%96%89%E8%97%A4%E6%84%9B%E7%92%83>
<http://www.wikidata.org/entity/Q11520538>	"本照寺"@ja	<http://www.wikidata.org/entity/Q5393308>	"仏教寺院"@ja	<http://www.wikidata.org/entity/P131>	"位置する行政区画"@ja	<https://ja.wikipedia.org/wiki/%E6%9C%AC%E7%85%A7%E5%AF%BA_(%E5%8E%9A%E6%9C%A8%E5%B8%82)>
<http://www.wikidata.org/entity/Q11525872>	"東京都道・神奈川県道51号"@ja	<http://www.wikidata.org/entity/Q34442>	"道路"@ja	<http://www.wikidata.org/entity/P609>	"起終点"@ja	<https://ja.wikipedia.org/wiki/%E6%9D%B1%E4%BA%AC%E9%83%BD%E9%81%93%E3%83%BB%E7%A5%9E%E5%A5%88%E5%B7%9D%E7%9C%8C%E9%81%9351%E5%8F%B7%E7%94%BA%E7%94%B0%E5%8E%9A%E6%9C%A8%E7%B7%9A>
<http://www.wikidata.org/entity/Q11525872>	"東京都道・神奈川県道51号"@ja	<http://www.wikidata.org/entity/Q34442>	"道路"@ja	<http://www.wikidata.org/entity/P131>	"位置する行政区画"@ja	<https://ja.wikipedia.org/wiki/%E6%9D%B1%E4%BA%AC%E9%83%BD%E9%81%93%E3%83%BB%E7%A5%9E%E5%A5%88%E5%B7%9D%E7%9C%8C%E9%81%9351%E5%8F%B7%E7%94%BA%E7%94%B0%E5%8E%9A%E6%9C%A8%E7%B7%9A>
<http://www.wikidata.org/entity/Q11533102>	"林村"@ja	<http://www.wikidata.org/entity/Q18663566>	"日本の廃止市区町村"@ja	<http://www.wikidata.org/entity/P3842>	"位置する現在の行政区画"@ja	<https://ja.wikipedia.org/wiki/%E6%9E%97%E6%9D%91_(%E7%A5%9E%E5%A5%88%E5%B7%9D%E7%9C%8C)>
<http://www.wikidata.org/entity/Q11534246>	"柳家禽太夫"@ja	<http://www.wikidata.org/entity/Q5>	"ヒト"@ja	<http://www.wikidata.org/entity/P19>	"出生地"@ja	<https://ja.wikipedia.org/wiki/%E6%9F%B3%E5%AE%B6%E7%A6%BD%E5%A4%AA%E5%A4%AB>
<http://www.wikidata.org/entity/Q11539028>	"棚沢村"@ja	<http://www.wikidata.org/entity/Q18663566>	"日本の廃止市区町村"@ja	<http://www.wikidata.org/entity/P3842>	"位置する現在の行政区画"@ja	<https://ja.wikipedia.org/wiki/%E6%A3%9A%E6%B2%A2%E6%9D%91>
<http://www.wikidata.org/entity/Q11540138>	"森田真司"@ja	<http://www.wikidata.org/entity/Q5>	"ヒト"@ja	<http://www.wikidata.org/entity/P19>	"出生地"@ja	<https://ja.wikipedia.org/wiki/%E6%A3%AE%E7%94%B0%E7%9C%9F%E5%8F%B8>
<http://www.wikidata.org/entity/Q11572541>	"玉川"@ja	<http://www.wikidata.org/entity/Q4022>	"川"@ja	<http://www.wikidata.org/entity/P131>	"位置する行政区画"@ja	<https://ja.wikipedia.org/wiki/%E7%8E%89%E5%B7%9D_(%E7%9B%B8%E6%A8%A1%E5%B7%9D%E6%B0%B4%E7%B3%BB)>
<http://www.wikidata.org/entity/Q11572574>	"玉川村"@ja	<http://www.wikidata.org/entity/Q18663566>	"日本の廃止市区町村"@ja	<http://www.wikidata.org/entity/P3842>	"位置する現在の行政区画"@ja	<https://ja.wikipedia.org/wiki/%E7%8E%89%E5%B7%9D%E6%9D%91_(%E7%A5%9E%E5%A5%88%E5%B7%9D%E7%9C%8C)>
<http://www.wikidata.org/entity/Q11572574>	"玉川村"@ja	<http://www.wikidata.org/entity/Q18663566>	"日本の廃止市区町村"@ja	<http://www.wikidata.org/entity/P1366>	"後継"@ja	<https://ja.wikipedia.org/wiki/%E7%8E%89%E5%B7%9D%E6%9D%91_(%E7%A5%9E%E5%A5%88%E5%B7%9D%E7%9C%8C)>
<http://www.wikidata.org/entity/Q11573987>	"瑠璃光寺 (厚木市)"@ja	<http://www.wikidata.org/entity/Q5393308>	"仏教寺院"@ja	<http://www.wikidata.org/entity/P131>	"位置する行政区画"@ja	<https://ja.wikipedia.org/wiki/%E7%91%A0%E7%92%83%E5%85%89%E5%AF%BA_(%E5%8E%9A%E6%9C%A8%E5%B8%82)>
<http://www.wikidata.org/entity/Q11576089>	"田久保郁美"@ja	<http://www.wikidata.org/entity/Q5>	"ヒト"@ja	<http://www.wikidata.org/entity/P19>	"出生地"@ja	<https://ja.wikipedia.org/wiki/%E8%97%A4%E4%BA%95%E9%83%81%E7%BE%8E>
<http://www.wikidata.org/entity/Q11581999>	"相川村"@ja	<http://www.wikidata.org/entity/Q18663566>	"日本の廃止市区町村"@ja	<http://www.wikidata.org/entity/P3842>	"位置する現在の行政区画"@ja	<https://ja.wikipedia.org/wiki/%E7%9B%B8%E5%B7%9D%E6%9D%91_(%E7%A5%9E%E5%A5%88%E5%B7%9D%E7%9C%8C)>
<http://www.wikidata.org/entity/Q11581999>	"相川村"@ja	<http://www.wikidata.org/entity/Q18663566>	"日本の廃止市区町村"@ja	<http://www.wikidata.org/entity/P1366>	"後継"@ja	<https://ja.wikipedia.org/wiki/%E7%9B%B8%E5%B7%9D%E6%9D%91_(%E7%A5%9E%E5%A5%88%E5%B7%9D%E7%9C%8C)>
<http://www.wikidata.org/entity/Q11582081>	"相模ゴム工業"@ja	<http://www.wikidata.org/entity/Q6881511>	"事業者"@ja	<http://www.wikidata.org/entity/P159>	"本部所在地"@ja	<https://ja.wikipedia.org/wiki/%E7%9B%B8%E6%A8%A1%E3%82%B4%E3%83%A0%E5%B7%A5%E6%A5%AD>
<http://www.wikidata.org/entity/Q11582081>	"相模ゴム工業"@ja	<http://www.wikidata.org/entity/Q4830453>	"企業"@ja	<http://www.wikidata.org/entity/P159>	"本部所在地"@ja	<https://ja.wikipedia.org/wiki/%E7%9B%B8%E6%A8%A1%E3%82%B4%E3%83%A0%E5%B7%A5%E6%A5%AD>
<http://www.wikidata.org/entity/Q11582081>	"相模ゴム工業"@ja	<http://www.wikidata.org/entity/Q891723>	"公開会社"@ja	<http://www.wikidata.org/entity/P159>	"本部所在地"@ja	<https://ja.wikipedia.org/wiki/%E7%9B%B8%E6%A8%A1%E3%82%B4%E3%83%A0%E5%B7%A5%E6%A5%AD>
<http://www.wikidata.org/entity/Q11582142>	"相模大橋"@ja	<http://www.wikidata.org/entity/Q12280>	"橋"@ja	<http://www.wikidata.org/entity/P131>	"位置する行政区画"@ja	<https://ja.wikipedia.org/wiki/%E7%9B%B8%E6%A8%A1%E5%A4%A7%E6%A9%8B>
<http://www.wikidata.org/entity/Q11582141>	"相模大堰"@ja	<http://www.wikidata.org/entity/Q1066997>	"堰"@ja	<http://www.wikidata.org/entity/P131>	"位置する行政区画"@ja	<https://ja.wikipedia.org/wiki/%E7%9B%B8%E6%A8%A1%E5%A4%A7%E5%A0%B0>
<http://www.wikidata.org/entity/Q11583771>	"睦合村"@ja	<http://www.wikidata.org/entity/Q18663566>	"日本の廃止市区町村"@ja	<http://www.wikidata.org/entity/P3842>	"位置する現在の行政区画"@ja	<https://ja.wikipedia.org/wiki/%E7%9D%A6%E5%90%88%E6%9D%91_(%E7%A5%9E%E5%A5%88%E5%B7%9D%E7%9C%8C)>
<http://www.wikidata.org/entity/Q11583771>	"睦合村"@ja	<http://www.wikidata.org/entity/Q18663566>	"日本の廃止市区町村"@ja	<http://www.wikidata.org/entity/P1366>	"後継"@ja	<https://ja.wikipedia.org/wiki/%E7%9D%A6%E5%90%88%E6%9D%91_(%E7%A5%9E%E5%A5%88%E5%B7%9D%E7%9C%8C)>
<http://www.wikidata.org/entity/Q11589030>	"神奈川県立厚木北高等学校"@ja	<http://www.wikidata.org/entity/Q56351315>	"日本の高等学校"@ja	<http://www.wikidata.org/entity/P131>	"位置する行政区画"@ja	<https://ja.wikipedia.org/wiki/%E7%A5%9E%E5%A5%88%E5%B7%9D%E7%9C%8C%E7%AB%8B%E5%8E%9A%E6%9C%A8%E5%8C%97%E9%AB%98%E7%AD%89%E5%AD%A6%E6%A0%A1>
<http://www.wikidata.org/entity/Q11589031>	"神奈川県立厚木商業高等学校"@ja	<http://www.wikidata.org/entity/Q56351315>	"日本の高等学校"@ja	<http://www.wikidata.org/entity/P131>	"位置する行政区画"@ja	<https://ja.wikipedia.org/wiki/%E7%A5%9E%E5%A5%88%E5%B7%9D%E7%9C%8C%E7%AB%8B%E5%8E%9A%E6%9C%A8%E5%95%86%E6%A5%AD%E9%AB%98%E7%AD%89%E5%AD%A6%E6%A0%A1>
<http://www.wikidata.org/entity/Q11589034>	"神奈川県立厚木清南高等学校"@ja	<http://www.wikidata.org/entity/Q56351315>	"日本の高等学校"@ja	<http://www.wikidata.org/entity/P131>	"位置する行政区画"@ja	<https://ja.wikipedia.org/wiki/%E7%A5%9E%E5%A5%88%E5%B7%9D%E7%9C%8C%E7%AB%8B%E5%8E%9A%E6%9C%A8%E6%B8%85%E5%8D%97%E9%AB%98%E7%AD%89%E5%AD%A6%E6%A0%A1>
<http://www.wikidata.org/entity/Q11589035>	"神奈川県立厚木高等学校"@ja	<http://www.wikidata.org/entity/Q56351315>	"日本の高等学校"@ja	<http://www.wikidata.org/entity/P131>	"位置する行政区画"@ja	<https://ja.wikipedia.org/wiki/%E7%A5%9E%E5%A5%88%E5%B7%9D%E7%9C%8C%E7%AB%8B%E5%8E%9A%E6%9C%A8%E9%AB%98%E7%AD%89%E5%AD%A6%E6%A0%A1>
<http://www.wikidata.org/entity/Q11589032>	"神奈川県立厚木東高等学校"@ja	<http://www.wikidata.org/entity/Q56351315>	"日本の高等学校"@ja	<http://www.wikidata.org/entity/P131>	"位置する行政区画"@ja	<https://ja.wikipedia.org/wiki/%E7%A5%9E%E5%A5%88%E5%B7%9D%E7%9C%8C%E7%AB%8B%E5%8E%9A%E6%9C%A8%E6%9D%B1%E9%AB%98%E7%AD%89%E5%AD%A6%E6%A0%A1>
<http://www.wikidata.org/entity/Q11589033>	"神奈川県立厚木西高等学校"@ja	<http://www.wikidata.org/entity/Q56351315>	"日本の高等学校"@ja	<http://www.wikidata.org/entity/P131>	"位置する行政区画"@ja	<https://ja.wikipedia.org/wiki/%E7%A5%9E%E5%A5%88%E5%B7%9D%E7%9C%8C%E7%AB%8B%E5%8E%9A%E6%9C%A8%E8%A5%BF%E9%AB%98%E7%AD%89%E5%AD%A6%E6%A0%A1>
<http://www.wikidata.org/entity/Q11589157>	"神奈川県立神奈川総合産業高等学校"@ja	<http://www.wikidata.org/entity/Q56351315>	"日本の高等学校"@ja	<http://www.wikidata.org/entity/P131>	"位置する行政区画"@ja	<https://ja.wikipedia.org/wiki/%E7%A5%9E%E5%A5%88%E5%B7%9D%E7%9C%8C%E7%AB%8B%E7%A5%9E%E5%A5%88%E5%B7%9D%E7%B7%8F%E5%90%88%E7%94%A3%E6%A5%AD%E9%AB%98%E7%AD%89%E5%AD%A6%E6%A0%A1>
<http://www.wikidata.org/entity/Q11589226>	"神奈川県自然環境保全センター"@ja	<http://www.wikidata.org/entity/Q327333>	"政府機関"@ja	<http://www.wikidata.org/entity/P131>	"位置する行政区画"@ja	<https://ja.wikipedia.org/wiki/%E7%A5%9E%E5%A5%88%E5%B7%9D%E7%9C%8C%E8%87%AA%E7%84%B6%E7%92%B0%E5%A2%83%E4%BF%9D%E5%85%A8%E3%82%BB%E3%83%B3%E3%82%BF%E3%83%BC>
<http://www.wikidata.org/entity/Q11589264>	"神奈川県道22号"@ja	<http://www.wikidata.org/entity/Q34442>	"道路"@ja	<http://www.wikidata.org/entity/P131>	"位置する行政区画"@ja	<https://ja.wikipedia.org/wiki/%E7%A5%9E%E5%A5%88%E5%B7%9D%E7%9C%8C%E9%81%9322%E5%8F%B7%E6%A8%AA%E6%B5%9C%E4%BC%8A%E5%8B%A2%E5%8E%9F%E7%B7%9A>
<http://www.wikidata.org/entity/Q11589291>	"神奈川県道409号"@ja	<http://www.wikidata.org/entity/Q34442>	"道路"@ja	<http://www.wikidata.org/entity/P131>	"位置する行政区画"@ja	<https://ja.wikipedia.org/wiki/%E7%A5%9E%E5%A5%88%E5%B7%9D%E7%9C%8C%E9%81%93409%E5%8F%B7%E7%9B%B8%E6%A8%A1%E5%B7%9D%E8%87%AA%E8%BB%A2%E8%BB%8A%E9%81%93%E7%B7%9A>
<http://www.wikidata.org/entity/Q11589294>	"神奈川県道43号"@ja	<http://www.wikidata.org/entity/Q34442>	"道路"@ja	<http://www.wikidata.org/entity/P609>	"起終点"@ja	<https://ja.wikipedia.org/wiki/%E7%A5%9E%E5%A5%88%E5%B7%9D%E7%9C%8C%E9%81%9343%E5%8F%B7%E8%97%A4%E6%B2%A2%E5%8E%9A%E6%9C%A8%E7%B7%9A>
<http://www.wikidata.org/entity/Q11589294>	"神奈川県道43号"@ja	<http://www.wikidata.org/entity/Q34442>	"道路"@ja	<http://www.wikidata.org/entity/P131>	"位置する行政区画"@ja	<https://ja.wikipedia.org/wiki/%E7%A5%9E%E5%A5%88%E5%B7%9D%E7%9C%8C%E9%81%9343%E5%8F%B7%E8%97%A4%E6%B2%A2%E5%8E%9A%E6%9C%A8%E7%B7%9A>
<http://www.wikidata.org/entity/Q11589292>	"神奈川県道42号"@ja	<http://www.wikidata.org/entity/Q34442>	"道路"@ja	<http://www.wikidata.org/entity/P609>	"起終点"@ja	<https://ja.wikipedia.org/wiki/%E7%A5%9E%E5%A5%88%E5%B7%9D%E7%9C%8C%E9%81%9342%E5%8F%B7%E8%97%A4%E6%B2%A2%E5%BA%A7%E9%96%93%E5%8E%9A%E6%9C%A8%E7%B7%9A>
<http://www.wikidata.org/entity/Q11589292>	"神奈川県道42号"@ja	<http://www.wikidata.org/entity/Q34442>	"道路"@ja	<http://www.wikidata.org/entity/P131>	"位置する行政区画"@ja	<https://ja.wikipedia.org/wiki/%E7%A5%9E%E5%A5%88%E5%B7%9D%E7%9C%8C%E9%81%9342%E5%8F%B7%E8%97%A4%E6%B2%A2%E5%BA%A7%E9%96%93%E5%8E%9A%E6%9C%A8%E7%B7%9A>
<http://www.wikidata.org/entity/Q11589293>	"神奈川県道40号"@ja	<http://www.wikidata.org/entity/Q34442>	"道路"@ja	<http://www.wikidata.org/entity/P609>	"起終点"@ja	<https://ja.wikipedia.org/wiki/%E7%A5%9E%E5%A5%88%E5%B7%9D%E7%9C%8C%E9%81%9340%E5%8F%B7%E6%A8%AA%E6%B5%9C%E5%8E%9A%E6%9C%A8%E7%B7%9A>
<http://www.wikidata.org/entity/Q11589293>	"神奈川県道40号"@ja	<http://www.wikidata.org/entity/Q34442>	"道路"@ja	<http://www.wikidata.org/entity/P131>	"位置する行政区画"@ja	<https://ja.wikipedia.org/wiki/%E7%A5%9E%E5%A5%88%E5%B7%9D%E7%9C%8C%E9%81%9340%E5%8F%B7%E6%A8%AA%E6%B5%9C%E5%8E%9A%E6%9C%A8%E7%B7%9A>
<http://www.wikidata.org/entity/Q11589303>	"神奈川県道508号"@ja	<http://www.wikidata.org/entity/Q34442>	"道路"@ja	<http://www.wikidata.org/entity/P609>	"起終点"@ja	<https://ja.wikipedia.org/wiki/%E7%A5%9E%E5%A5%88%E5%B7%9D%E7%9C%8C%E9%81%93508%E5%8F%B7%E5%8E%9A%E6%9C%A8%E5%9F%8E%E5%B1%B1%E7%B7%9A>
<http://www.wikidata.org/entity/Q11589303>	"神奈川県道508号"@ja	<http://www.wikidata.org/entity/Q34442>	"道路"@ja	<http://www.wikidata.org/entity/P131>	"位置する行政区画"@ja	<https://ja.wikipedia.org/wiki/%E7%A5%9E%E5%A5%88%E5%B7%9D%E7%9C%8C%E9%81%93508%E5%8F%B7%E5%8E%9A%E6%9C%A8%E5%9F%8E%E5%B1%B1%E7%B7%9A>
<http://www.wikidata.org/entity/Q11589308>	"神奈川県道511号"@ja	<http://www.wikidata.org/entity/Q34442>	"道路"@ja	<http://www.wikidata.org/entity/P609>	"起終点"@ja	<https://ja.wikipedia.org/wiki/%E7%A5%9E%E5%A5%88%E5%B7%9D%E7%9C%8C%E9%81%93511%E5%8F%B7%E5%A4%AA%E4%BA%95%E4%B8%8A%E4%BE%9D%E7%9F%A5%E7%B7%9A>
<http://www.wikidata.org/entity/Q11589308>	"神奈川県道511号"@ja	<http://www.wikidata.org/entity/Q34442>	"道路"@ja	<http://www.wikidata.org/entity/P131>	"位置する行政区画"@ja	<https://ja.wikipedia.org/wiki/%E7%A5%9E%E5%A5%88%E5%B7%9D%E7%9C%8C%E9%81%93511%E5%8F%B7%E5%A4%AA%E4%BA%95%E4%B8%8A%E4%BE%9D%E7%9F%A5%E7%B7%9A>
<http://www.wikidata.org/entity/Q11589318>	"神奈川県道601号"@ja	<http://www.wikidata.org/entity/Q34442>	"道路"@ja	<http://www.wikidata.org/entity/P609>	"起終点"@ja	<https://ja.wikipedia.org/wiki/%E7%A5%9E%E5%A5%88%E5%B7%9D%E7%9C%8C%E9%81%93601%E5%8F%B7%E9%85%92%E4%BA%95%E9%87%91%E7%94%B0%E7%B7%9A>
<http://www.wikidata.org/entity/Q11589318>	"神奈川県道601号"@ja	<http://www.wikidata.org/entity/Q34442>	"道路"@ja	<http://www.wikidata.org/entity/P131>	"位置する行政区画"@ja	<https://ja.wikipedia.org/wiki/%E7%A5%9E%E5%A5%88%E5%B7%9D%E7%9C%8C%E9%81%93601%E5%8F%B7%E9%85%92%E4%BA%95%E9%87%91%E7%94%B0%E7%B7%9A>
<http://www.wikidata.org/entity/Q11589319>	"神奈川県道603号"@ja	<http://www.wikidata.org/entity/Q34442>	"道路"@ja	<http://www.wikidata.org/entity/P609>	"起終点"@ja	<https://ja.wikipedia.org/wiki/%E7%A5%9E%E5%A5%88%E5%B7%9D%E7%9C%8C%E9%81%93603%E5%8F%B7%E4%B8%8A%E7%B2%95%E5%B1%8B%E5%8E%9A%E6%9C%A8%E7%B7%9A>
<http://www.wikidata.org/entity/Q11589319>	"神奈川県道603号"@ja	<http://www.wikidata.org/entity/Q34442>	"道路"@ja	<http://www.wikidata.org/entity/P131>	"位置する行政区画"@ja	<https://ja.wikipedia.org/wiki/%E7%A5%9E%E5%A5%88%E5%B7%9D%E7%9C%8C%E9%81%93603%E5%8F%B7%E4%B8%8A%E7%B2%95%E5%B1%8B%E5%8E%9A%E6%9C%A8%E7%B7%9A>
<http://www.wikidata.org/entity/Q11589317>	"神奈川県道602号"@ja	<http://www.wikidata.org/entity/Q34442>	"道路"@ja	<http://www.wikidata.org/entity/P609>	"起終点"@ja	<https://ja.wikipedia.org/wiki/%E7%A5%9E%E5%A5%88%E5%B7%9D%E7%9C%8C%E9%81%93602%E5%8F%B7%E6%9C%AC%E5%8E%9A%E6%9C%A8%E5%81%9C%E8%BB%8A%E5%A0%B4%E7%B7%9A>
<http://www.wikidata.org/entity/Q11589317>	"神奈川県道602号"@ja	<http://www.wikidata.org/entity/Q34442>	"道路"@ja	<http://www.wikidata.org/entity/P131>	"位置する行政区画"@ja	<https://ja.wikipedia.org/wiki/%E7%A5%9E%E5%A5%88%E5%B7%9D%E7%9C%8C%E9%81%93602%E5%8F%B7%E6%9C%AC%E5%8E%9A%E6%9C%A8%E5%81%9C%E8%BB%8A%E5%A0%B4%E7%B7%9A>
<http://www.wikidata.org/entity/Q11589320>	"神奈川県道604号"@ja	<http://www.wikidata.org/entity/Q34442>	"道路"@ja	<http://www.wikidata.org/entity/P609>	"起終点"@ja	<https://ja.wikipedia.org/wiki/%E7%A5%9E%E5%A5%88%E5%B7%9D%E7%9C%8C%E9%81%93604%E5%8F%B7%E6%84%9B%E7%94%B2%E7%9F%B3%E7%94%B0%E5%81%9C%E8%BB%8A%E5%A0%B4%E9%85%92%E4%BA%95%E7%B7%9A>
<http://www.wikidata.org/entity/Q11589320>	"神奈川県道604号"@ja	<http://www.wikidata.org/entity/Q34442>	"道路"@ja	<http://www.wikidata.org/entity/P131>	"位置する行政区画"@ja	<https://ja.wikipedia.org/wiki/%E7%A5%9E%E5%A5%88%E5%B7%9D%E7%9C%8C%E9%81%93604%E5%8F%B7%E6%84%9B%E7%94%B2%E7%9F%B3%E7%94%B0%E5%81%9C%E8%BB%8A%E5%A0%B4%E9%85%92%E4%BA%95%E7%B7%9A>
<http://www.wikidata.org/entity/Q11589326>	"神奈川県道60号"@ja	<http://www.wikidata.org/entity/Q34442>	"道路"@ja	<http://www.wikidata.org/entity/P609>	"起終点"@ja	<https://ja.wikipedia.org/wiki/%E7%A5%9E%E5%A5%88%E5%B7%9D%E7%9C%8C%E9%81%9360%E5%8F%B7%E5%8E%9A%E6%9C%A8%E6%B8%85%E5%B7%9D%E7%B7%9A>
<http://www.wikidata.org/entity/Q11589326>	"神奈川県道60号"@ja	<http://www.wikidata.org/entity/Q34442>	"道路"@ja	<http://www.wikidata.org/entity/P131>	"位置する行政区画"@ja	<https://ja.wikipedia.org/wiki/%E7%A5%9E%E5%A5%88%E5%B7%9D%E7%9C%8C%E9%81%9360%E5%8F%B7%E5%8E%9A%E6%9C%A8%E6%B8%85%E5%B7%9D%E7%B7%9A>
<http://www.wikidata.org/entity/Q11589334>	"神奈川県道63号"@ja	<http://www.wikidata.org/entity/Q34442>	"道路"@ja	<http://www.wikidata.org/entity/P131>	"位置する行政区画"@ja	<https://ja.wikipedia.org/wiki/%E7%A5%9E%E5%A5%88%E5%B7%9D%E7%9C%8C%E9%81%9363%E5%8F%B7%E7%9B%B8%E6%A8%A1%E5%8E%9F%E5%A4%A7%E7%A3%AF%E7%B7%9A>
<http://www.wikidata.org/entity/Q11589335>	"神奈川県道64号"@ja	<http://www.wikidata.org/entity/Q34442>	"道路"@ja	<http://www.wikidata.org/entity/P131>	"位置する行政区画"@ja	<https://ja.wikipedia.org/wiki/%E7%A5%9E%E5%A5%88%E5%B7%9D%E7%9C%8C%E9%81%9364%E5%8F%B7%E4%BC%8A%E5%8B%A2%E5%8E%9F%E6%B4%A5%E4%B9%85%E4%BA%95%E7%B7%9A>
<http://www.wikidata.org/entity/Q11589337>	"神奈川県道65号"@ja	<http://www.wikidata.org/entity/Q34442>	"道路"@ja	<http://www.wikidata.org/entity/P609>	"起終点"@ja	<https://ja.wikipedia.org/wiki/%E7%A5%9E%E5%A5%88%E5%B7%9D%E7%9C%8C%E9%81%9365%E5%8F%B7%E5%8E%9A%E6%9C%A8%E6%84%9B%E5%B7%9D%E6%B4%A5%E4%B9%85%E4%BA%95%E7%B7%9A>
<http://www.wikidata.org/entity/Q11589337>	"神奈川県道65号"@ja	<http://www.wikidata.org/entity/Q34442>	"道路"@ja	<http://www.wikidata.org/entity/P131>	"位置する行政区画"@ja	<https://ja.wikipedia.org/wiki/%E7%A5%9E%E5%A5%88%E5%B7%9D%E7%9C%8C%E9%81%9365%E5%8F%B7%E5%8E%9A%E6%9C%A8%E6%84%9B%E5%B7%9D%E6%B4%A5%E4%B9%85%E4%BA%95%E7%B7%9A>
<http://www.wikidata.org/entity/Q11608400>	"織田無道"@ja	<http://www.wikidata.org/entity/Q5>	"ヒト"@ja	<http://www.wikidata.org/entity/P19>	"出生地"@ja	<https://ja.wikipedia.org/wiki/%E7%B9%94%E7%94%B0%E7%84%A1%E9%81%93>
<http://www.wikidata.org/entity/Q11616261>	"若宮公園"@ja	<http://www.wikidata.org/entity/Q22698>	"公園"@ja	<http://www.wikidata.org/entity/P131>	"位置する行政区画"@ja	<https://ja.wikipedia.org/wiki/%E8%8B%A5%E5%AE%AE%E5%85%AC%E5%9C%92>
<http://www.wikidata.org/entity/Q11619047>	"荻野村"@ja	<http://www.wikidata.org/entity/Q18663566>	"日本の廃止市区町村"@ja	<http://www.wikidata.org/entity/P3842>	"位置する現在の行政区画"@ja	<https://ja.wikipedia.org/wiki/%E8%8D%BB%E9%87%8E%E6%9D%91_(%E7%A5%9E%E5%A5%88%E5%B7%9D%E7%9C%8C)>
<http://www.wikidata.org/entity/Q11619047>	"荻野村"@ja	<http://www.wikidata.org/entity/Q18663566>	"日本の廃止市区町村"@ja	<http://www.wikidata.org/entity/P1366>	"後継"@ja	<https://ja.wikipedia.org/wiki/%E8%8D%BB%E9%87%8E%E6%9D%91_(%E7%A5%9E%E5%A5%88%E5%B7%9D%E7%9C%8C)>
<http://www.wikidata.org/entity/Q11619099>	"菅井円加"@ja	<http://www.wikidata.org/entity/Q5>	"ヒト"@ja	<http://www.wikidata.org/entity/P19>	"出生地"@ja	<https://ja.wikipedia.org/wiki/%E8%8F%85%E4%BA%95%E5%86%86%E5%8A%A0>
<http://www.wikidata.org/entity/Q11621707>	"蓮生寺"@ja	<http://www.wikidata.org/entity/Q5393308>	"仏教寺院"@ja	<http://www.wikidata.org/entity/P131>	"位置する行政区画"@ja	<https://ja.wikipedia.org/wiki/%E8%93%AE%E7%94%9F%E5%AF%BA_(%E5%8E%9A%E6%9C%A8%E5%B8%82)>
<http://www.wikidata.org/entity/Q11649244>	"鈴木藤丸"@ja	<http://www.wikidata.org/entity/Q5>	"ヒト"@ja	<http://www.wikidata.org/entity/P19>	"出生地"@ja	<https://ja.wikipedia.org/wiki/%E9%88%B4%E6%9C%A8%E8%97%A4%E4%B8%B8>
<http://www.wikidata.org/entity/Q11666291>	"飯山温泉"@ja	<http://www.wikidata.org/entity/Q11408869>	"単純温泉"@ja	<http://www.wikidata.org/entity/P131>	"位置する行政区画"@ja	<https://ja.wikipedia.org/wiki/%E9%A3%AF%E5%B1%B1%E6%B8%A9%E6%B3%89>
<http://www.wikidata.org/entity/Q11666291>	"飯山温泉"@ja	<http://www.wikidata.org/entity/Q655311>	"温泉"@ja	<http://www.wikidata.org/entity/P131>	"位置する行政区画"@ja	<https://ja.wikipedia.org/wiki/%E9%A3%AF%E5%B1%B1%E6%B8%A9%E6%B3%89>
<http://www.wikidata.org/entity/Q15402012>	"青木翔大"@ja	<http://www.wikidata.org/entity/Q5>	"ヒト"@ja	<http://www.wikidata.org/entity/P19>	"出生地"@ja	<https://ja.wikipedia.org/wiki/%E9%9D%92%E6%9C%A8%E7%BF%94%E5%A4%A7>
<http://www.wikidata.org/entity/Q611842>	"仲尾あづさ"@ja	<http://www.wikidata.org/entity/Q5>	"ヒト"@ja	<http://www.wikidata.org/entity/P19>	"出生地"@ja	<https://ja.wikipedia.org/wiki/%E4%BB%B2%E5%B0%BE%E3%81%82%E3%81%A5%E3%81%95>
<http://www.wikidata.org/entity/Q733555>	"茂庭照幸"@ja	<http://www.wikidata.org/entity/Q5>	"ヒト"@ja	<http://www.wikidata.org/entity/P19>	"出生地"@ja	<https://ja.wikipedia.org/wiki/%E8%8C%82%E5%BA%AD%E7%85%A7%E5%B9%B8>
<http://www.wikidata.org/entity/Q734390>	"海老名市"@ja	<http://www.wikidata.org/entity/Q1549591>	"10万都市"@ja	<http://www.wikidata.org/entity/P47>	"隣の国又は行政区画"@ja	<https://ja.wikipedia.org/wiki/%E6%B5%B7%E8%80%81%E5%90%8D%E5%B8%82>
<http://www.wikidata.org/entity/Q734390>	"海老名市"@ja	<http://www.wikidata.org/entity/Q494721>	"日本の市"@ja	<http://www.wikidata.org/entity/P47>	"隣の国又は行政区画"@ja	<https://ja.wikipedia.org/wiki/%E6%B5%B7%E8%80%81%E5%90%8D%E5%B8%82>
<http://www.wikidata.org/entity/Q734520>	"伊勢原市"@ja	<http://www.wikidata.org/entity/Q1549591>	"10万都市"@ja	<http://www.wikidata.org/entity/P47>	"隣の国又は行政区画"@ja	<https://ja.wikipedia.org/wiki/%E4%BC%8A%E5%8B%A2%E5%8E%9F%E5%B8%82>
<http://www.wikidata.org/entity/Q734520>	"伊勢原市"@ja	<http://www.wikidata.org/entity/Q494721>	"日本の市"@ja	<http://www.wikidata.org/entity/P47>	"隣の国又は行政区画"@ja	<https://ja.wikipedia.org/wiki/%E4%BC%8A%E5%8B%A2%E5%8E%9F%E5%B8%82>
<http://www.wikidata.org/entity/Q850906>	"多村仁志"@ja	<http://www.wikidata.org/entity/Q5>	"ヒト"@ja	<http://www.wikidata.org/entity/P19>	"出生地"@ja	<https://ja.wikipedia.org/wiki/%E5%A4%9A%E6%9D%91%E4%BB%81%E5%BF%97>
<http://www.wikidata.org/entity/Q875557>	"新東名高速道路"@ja	<http://www.wikidata.org/entity/Q16939396>	"有料道路"@ja	<http://www.wikidata.org/entity/P131>	"位置する行政区画"@ja	<https://ja.wikipedia.org/wiki/%E6%96%B0%E6%9D%B1%E5%90%8D%E9%AB%98%E9%80%9F%E9%81%93%E8%B7%AF>
<http://www.wikidata.org/entity/Q875557>	"新東名高速道路"@ja	<http://www.wikidata.org/entity/Q46622>	"高速道路"@ja	<http://www.wikidata.org/entity/P131>	"位置する行政区画"@ja	<https://ja.wikipedia.org/wiki/%E6%96%B0%E6%9D%B1%E5%90%8D%E9%AB%98%E9%80%9F%E9%81%93%E8%B7%AF>
<http://www.wikidata.org/entity/Q1054594>	"前田亘輝"@ja	<http://www.wikidata.org/entity/Q5>	"ヒト"@ja	<http://www.wikidata.org/entity/P19>	"出生地"@ja	<https://ja.wikipedia.org/wiki/%E5%89%8D%E7%94%B0%E4%BA%98%E8%BC%9D>
<http://www.wikidata.org/entity/Q1107009>	"愛甲石田駅"@ja	<http://www.wikidata.org/entity/Q55488>	"鉄道駅"@ja	<http://www.wikidata.org/entity/P131>	"位置する行政区画"@ja	<https://ja.wikipedia.org/wiki/%E6%84%9B%E7%94%B2%E7%9F%B3%E7%94%B0%E9%A7%85>
<http://www.wikidata.org/entity/Q1135694>	"東名高速道路"@ja	<http://www.wikidata.org/entity/Q16939396>	"有料道路"@ja	<http://www.wikidata.org/entity/P131>	"位置する行政区画"@ja	<https://ja.wikipedia.org/wiki/%E6%9D%B1%E5%90%8D%E9%AB%98%E9%80%9F%E9%81%93%E8%B7%AF>
<http://www.wikidata.org/entity/Q1135694>	"東名高速道路"@ja	<http://www.wikidata.org/entity/Q46622>	"高速道路"@ja	<http://www.wikidata.org/entity/P131>	"位置する行政区画"@ja	<https://ja.wikipedia.org/wiki/%E6%9D%B1%E5%90%8D%E9%AB%98%E9%80%9F%E9%81%93%E8%B7%AF>
<http://www.wikidata.org/entity/Q1144858>	"遠藤雄弥"@ja	<http://www.wikidata.org/entity/Q5>	"ヒト"@ja	<http://www.wikidata.org/entity/P19>	"出生地"@ja	<https://ja.wikipedia.org/wiki/%E9%81%A0%E8%97%A4%E9%9B%84%E5%BC%A5>
<http://www.wikidata.org/entity/Q1185643>	"堀孝史"@ja	<http://www.wikidata.org/entity/Q5>	"ヒト"@ja	<http://www.wikidata.org/entity/P19>	"出生地"@ja	<https://ja.wikipedia.org/wiki/%E5%A0%80%E5%AD%9D%E5%8F%B2>
<http://www.wikidata.org/entity/Q1197212>	"小泉今日子"@ja	<http://www.wikidata.org/entity/Q5>	"ヒト"@ja	<http://www.wikidata.org/entity/P19>	"出生地"@ja	<https://ja.wikipedia.org/wiki/%E5%B0%8F%E6%B3%89%E4%BB%8A%E6%97%A5%E5%AD%90>
<http://www.wikidata.org/entity/Q1203267>	"愛川町"@ja	<http://www.wikidata.org/entity/Q1059478>	"日本の町"@ja	<http://www.wikidata.org/entity/P47>	"隣の国又は行政区画"@ja	<https://ja.wikipedia.org/wiki/%E6%84%9B%E5%B7%9D%E7%94%BA>
<http://www.wikidata.org/entity/Q1342787>	"寒川町"@ja	<http://www.wikidata.org/entity/Q1059478>	"日本の町"@ja	<http://www.wikidata.org/entity/P47>	"隣の国又は行政区画"@ja	<https://ja.wikipedia.org/wiki/%E5%AF%92%E5%B7%9D%E7%94%BA>
<http://www.wikidata.org/entity/Q1344386>	"清川村"@ja	<http://www.wikidata.org/entity/Q4174776>	"日本の村"@ja	<http://www.wikidata.org/entity/P47>	"隣の国又は行政区画"@ja	<https://ja.wikipedia.org/wiki/%E6%B8%85%E5%B7%9D%E6%9D%91>
<http://www.wikidata.org/entity/Q2850110>	"小久保利恵"@ja	<http://www.wikidata.org/entity/Q5>	"ヒト"@ja	<http://www.wikidata.org/entity/P19>	"出生地"@ja	<https://ja.wikipedia.org/wiki/%E5%B0%8F%E4%B9%85%E4%BF%9D%E5%88%A9%E6%81%B5>
<http://www.wikidata.org/entity/Q2852426>	"アンリツ"@ja	<http://www.wikidata.org/entity/Q891723>	"公開会社"@ja	<http://www.wikidata.org/entity/P159>	"本部所在地"@ja	<https://ja.wikipedia.org/wiki/%E3%82%A2%E3%83%B3%E3%83%AA%E3%83%84>
<http://www.wikidata.org/entity/Q2875286>	"瀬能あづさ"@ja	<http://www.wikidata.org/entity/Q5>	"ヒト"@ja	<http://www.wikidata.org/entity/P19>	"出生地"@ja	<https://ja.wikipedia.org/wiki/%E7%80%AC%E8%83%BD%E3%81%82%E3%81%A5%E3%81%95>
<http://www.wikidata.org/entity/Q17158237>	"小林常良"@ja	<http://www.wikidata.org/entity/Q5>	"ヒト"@ja	<http://www.wikidata.org/entity/P19>	"出生地"@ja	<https://ja.wikipedia.org/wiki/%E5%B0%8F%E6%9E%97%E5%B8%B8%E8%89%AF>
<http://www.wikidata.org/entity/Q17160831>	"田中広輔"@ja	<http://www.wikidata.org/entity/Q5>	"ヒト"@ja	<http://www.wikidata.org/entity/P19>	"出生地"@ja	<https://ja.wikipedia.org/wiki/%E7%94%B0%E4%B8%AD%E5%BA%83%E8%BC%94>
<http://www.wikidata.org/entity/Q17173765>	"及川村"@ja	<http://www.wikidata.org/entity/Q18663566>	"日本の廃止市区町村"@ja	<http://www.wikidata.org/entity/P3842>	"位置する現在の行政区画"@ja	<https://ja.wikipedia.org/wiki/%E5%8F%8A%E5%B7%9D%E6%9D%91>
<http://www.wikidata.org/entity/Q17219730>	"Ebak"@ja	<http://www.wikidata.org/entity/Q5>	"ヒト"@ja	<http://www.wikidata.org/entity/P19>	"出生地"@ja	<https://ja.wikipedia.org/wiki/Ebak>
<http://www.wikidata.org/entity/Q17225921>	"小野神社"@ja	<http://www.wikidata.org/entity/Q845945>	"神社"@ja	<http://www.wikidata.org/entity/P131>	"位置する行政区画"@ja	<https://ja.wikipedia.org/wiki/%E5%B0%8F%E9%87%8E%E7%A5%9E%E7%A4%BE_(%E5%8E%9A%E6%9C%A8%E5%B8%82)>
<http://www.wikidata.org/entity/Q17230781>	"YMCA健康福祉専門学校"@ja	<http://www.wikidata.org/entity/Q17987422>	"専門学校"@ja	<http://www.wikidata.org/entity/P131>	"位置する行政区画"@ja	<https://ja.wikipedia.org/wiki/YMCA%E5%81%A5%E5%BA%B7%E7%A6%8F%E7%A5%89%E5%B0%82%E9%96%80%E5%AD%A6%E6%A0%A1>
<http://www.wikidata.org/entity/Q17349928>	"神品信市"@ja	<http://www.wikidata.org/entity/Q5>	"ヒト"@ja	<http://www.wikidata.org/entity/P19>	"出生地"@ja	<https://ja.wikipedia.org/wiki/%E7%A5%9E%E5%93%81%E4%BF%A1%E5%B8%82>
<http://www.wikidata.org/entity/Q20039373>	"笠原涼二"@ja	<http://www.wikidata.org/entity/Q5>	"ヒト"@ja	<http://www.wikidata.org/entity/P19>	"出生地"@ja	<https://ja.wikipedia.org/wiki/%E7%AC%A0%E5%8E%9F%E6%B6%BC%E4%BA%8C>
<http://www.wikidata.org/entity/Q21282515>	"岡﨑亮平"@ja	<http://www.wikidata.org/entity/Q5>	"ヒト"@ja	<http://www.wikidata.org/entity/P19>	"出生地"@ja	<https://ja.wikipedia.org/wiki/%E5%B2%A1%EF%A8%91%E4%BA%AE%E5%B9%B3>
<http://www.wikidata.org/entity/Q22124387>	"神奈川リハビリテーション病院"@ja	<http://www.wikidata.org/entity/Q4287745>	"医療関係機関"@ja	<http://www.wikidata.org/entity/P131>	"位置する行政区画"@ja	<https://ja.wikipedia.org/wiki/%E7%A5%9E%E5%A5%88%E5%B7%9D%E3%83%AA%E3%83%8F%E3%83%93%E3%83%AA%E3%83%86%E3%83%BC%E3%82%B7%E3%83%A7%E3%83%B3%E7%97%85%E9%99%A2>
<http://www.wikidata.org/entity/Q22124387>	"神奈川リハビリテーション病院"@ja	<http://www.wikidata.org/entity/Q16917>	"病院"@ja	<http://www.wikidata.org/entity/P131>	"位置する行政区画"@ja	<https://ja.wikipedia.org/wiki/%E7%A5%9E%E5%A5%88%E5%B7%9D%E3%83%AA%E3%83%8F%E3%83%93%E3%83%AA%E3%83%86%E3%83%BC%E3%82%B7%E3%83%A7%E3%83%B3%E7%97%85%E9%99%A2>
<http://www.wikidata.org/entity/Q23985470>	"厚木市立玉川小学校"@ja	<http://www.wikidata.org/entity/Q5358913>	"日本の小学校"@ja	<http://www.wikidata.org/entity/P131>	"位置する行政区画"@ja	<https://ja.wikipedia.org/wiki/%E5%8E%9A%E6%9C%A8%E5%B8%82%E7%AB%8B%E7%8E%89%E5%B7%9D%E5%B0%8F%E5%AD%A6%E6%A0%A1>
<http://www.wikidata.org/entity/Q23985470>	"厚木市立玉川小学校"@ja	<http://www.wikidata.org/entity/Q5358913>	"日本の小学校"@ja	<http://www.wikidata.org/entity/P126>	"管理者"@ja	<https://ja.wikipedia.org/wiki/%E5%8E%9A%E6%9C%A8%E5%B8%82%E7%AB%8B%E7%8E%89%E5%B7%9D%E5%B0%8F%E5%AD%A6%E6%A0%A1>
<http://www.wikidata.org/entity/Q23985644>	"厚木市立厚木中学校"@ja	<http://www.wikidata.org/entity/Q55521176>	"日本の中学校"@ja	<http://www.wikidata.org/entity/P131>	"位置する行政区画"@ja	<https://ja.wikipedia.org/wiki/%E5%8E%9A%E6%9C%A8%E5%B8%82%E7%AB%8B%E5%8E%9A%E6%9C%A8%E4%B8%AD%E5%AD%A6%E6%A0%A1>
<http://www.wikidata.org/entity/Q23985644>	"厚木市立厚木中学校"@ja	<http://www.wikidata.org/entity/Q55521176>	"日本の中学校"@ja	<http://www.wikidata.org/entity/P126>	"管理者"@ja	<https://ja.wikipedia.org/wiki/%E5%8E%9A%E6%9C%A8%E5%B8%82%E7%AB%8B%E5%8E%9A%E6%9C%A8%E4%B8%AD%E5%AD%A6%E6%A0%A1>
<http://www.wikidata.org/entity/Q27955487>	"厚木神社"@ja	<http://www.wikidata.org/entity/Q845945>	"神社"@ja	<http://www.wikidata.org/entity/P131>	"位置する行政区画"@ja	<https://ja.wikipedia.org/wiki/%E5%8E%9A%E6%9C%A8%E7%A5%9E%E7%A4%BE>
<http://www.wikidata.org/entity/Q28682931>	"厚木市議会"@ja	<http://www.wikidata.org/entity/Q107199651>	"市議会"@ja	<http://www.wikidata.org/entity/P1001>	"管轄・適用区域"@ja	<https://ja.wikipedia.org/wiki/%E5%8E%9A%E6%9C%A8%E5%B8%82%E8%AD%B0%E4%BC%9A>
<http://www.wikidata.org/entity/Q28685160>	"寿町"@ja	<http://www.wikidata.org/entity/Q5327369>	"町丁"@ja	<http://www.wikidata.org/entity/P131>	"位置する行政区画"@ja	<https://ja.wikipedia.org/wiki/%E5%AF%BF%E7%94%BA_(%E5%8E%9A%E6%9C%A8%E5%B8%82)>
<http://www.wikidata.org/entity/Q28685160>	"寿町"@ja	<http://www.wikidata.org/entity/Q486972>	"集落"@ja	<http://www.wikidata.org/entity/P131>	"位置する行政区画"@ja	<https://ja.wikipedia.org/wiki/%E5%AF%BF%E7%94%BA_(%E5%8E%9A%E6%9C%A8%E5%B8%82)>
<http://www.wikidata.org/entity/Q28685303>	"中町"@ja	<http://www.wikidata.org/entity/Q5327369>	"町丁"@ja	<http://www.wikidata.org/entity/P131>	"位置する行政区画"@ja	<https://ja.wikipedia.org/wiki/%E4%B8%AD%E7%94%BA_(%E5%8E%9A%E6%9C%A8%E5%B8%82)>
<http://www.wikidata.org/entity/Q28685303>	"中町"@ja	<http://www.wikidata.org/entity/Q486972>	"集落"@ja	<http://www.wikidata.org/entity/P131>	"位置する行政区画"@ja	<https://ja.wikipedia.org/wiki/%E4%B8%AD%E7%94%BA_(%E5%8E%9A%E6%9C%A8%E5%B8%82)>
<http://www.wikidata.org/entity/Q28685305>	"東町"@ja	<http://www.wikidata.org/entity/Q5327369>	"町丁"@ja	<http://www.wikidata.org/entity/P131>	"位置する行政区画"@ja	<https://ja.wikipedia.org/wiki/%E6%9D%B1%E7%94%BA_(%E5%8E%9A%E6%9C%A8%E5%B8%82)>
<http://www.wikidata.org/entity/Q28685305>	"東町"@ja	<http://www.wikidata.org/entity/Q486972>	"集落"@ja	<http://www.wikidata.org/entity/P131>	"位置する行政区画"@ja	<https://ja.wikipedia.org/wiki/%E6%9D%B1%E7%94%BA_(%E5%8E%9A%E6%9C%A8%E5%B8%82)>
<http://www.wikidata.org/entity/Q28685324>	"厚木町"@ja	<http://www.wikidata.org/entity/Q5327369>	"町丁"@ja	<http://www.wikidata.org/entity/P131>	"位置する行政区画"@ja	<https://ja.wikipedia.org/wiki/%E5%8E%9A%E6%9C%A8%E7%94%BA_(%E5%8E%9A%E6%9C%A8%E5%B8%82)>
<http://www.wikidata.org/entity/Q28685324>	"厚木町"@ja	<http://www.wikidata.org/entity/Q486972>	"集落"@ja	<http://www.wikidata.org/entity/P131>	"位置する行政区画"@ja	<https://ja.wikipedia.org/wiki/%E5%8E%9A%E6%9C%A8%E7%94%BA_(%E5%8E%9A%E6%9C%A8%E5%B8%82)>
<http://www.wikidata.org/entity/Q28685375>	"元町"@ja	<http://www.wikidata.org/entity/Q5327369>	"町丁"@ja	<http://www.wikidata.org/entity/P131>	"位置する行政区画"@ja	<https://ja.wikipedia.org/wiki/%E5%85%83%E7%94%BA_(%E5%8E%9A%E6%9C%A8%E5%B8%82)>
<http://www.wikidata.org/entity/Q28685375>	"元町"@ja	<http://www.wikidata.org/entity/Q486972>	"集落"@ja	<http://www.wikidata.org/entity/P131>	"位置する行政区画"@ja	<https://ja.wikipedia.org/wiki/%E5%85%83%E7%94%BA_(%E5%8E%9A%E6%9C%A8%E5%B8%82)>
<http://www.wikidata.org/entity/Q28686021>	"厚木市立荻野中学校"@ja	<http://www.wikidata.org/entity/Q55521176>	"日本の中学校"@ja	<http://www.wikidata.org/entity/P131>	"位置する行政区画"@ja	<https://ja.wikipedia.org/wiki/%E5%8E%9A%E6%9C%A8%E5%B8%82%E7%AB%8B%E8%8D%BB%E9%87%8E%E4%B8%AD%E5%AD%A6%E6%A0%A1>
<http://www.wikidata.org/entity/Q28686021>	"厚木市立荻野中学校"@ja	<http://www.wikidata.org/entity/Q55521176>	"日本の中学校"@ja	<http://www.wikidata.org/entity/P126>	"管理者"@ja	<https://ja.wikipedia.org/wiki/%E5%8E%9A%E6%9C%A8%E5%B8%82%E7%AB%8B%E8%8D%BB%E9%87%8E%E4%B8%AD%E5%AD%A6%E6%A0%A1>
<http://www.wikidata.org/entity/Q40027995>	"ジャーメイン良"@ja	<http://www.wikidata.org/entity/Q5>	"ヒト"@ja	<http://www.wikidata.org/entity/P19>	"出生地"@ja	<https://ja.wikipedia.org/wiki/%E3%82%B8%E3%83%A3%E3%83%BC%E3%83%A1%E3%82%A4%E3%83%B3%E8%89%AF>
<http://www.wikidata.org/entity/Q42634033>	"愛甲"@ja	<http://www.wikidata.org/entity/Q5327369>	"町丁"@ja	<http://www.wikidata.org/entity/P131>	"位置する行政区画"@ja	<https://ja.wikipedia.org/wiki/%E6%84%9B%E7%94%B2_(%E5%8E%9A%E6%9C%A8%E5%B8%82)>
<http://www.wikidata.org/entity/Q42634033>	"愛甲"@ja	<http://www.wikidata.org/entity/Q486972>	"集落"@ja	<http://www.wikidata.org/entity/P131>	"位置する行政区画"@ja	<https://ja.wikipedia.org/wiki/%E6%84%9B%E7%94%B2_(%E5%8E%9A%E6%9C%A8%E5%B8%82)>
<http://www.wikidata.org/entity/Q42634033>	"愛甲"@ja	<http://www.wikidata.org/entity/Q424857>	"大字"@ja	<http://www.wikidata.org/entity/P131>	"位置する行政区画"@ja	<https://ja.wikipedia.org/wiki/%E6%84%9B%E7%94%B2_(%E5%8E%9A%E6%9C%A8%E5%B8%82)>
<http://www.wikidata.org/entity/Q45819982>	"田中俊太"@ja	<http://www.wikidata.org/entity/Q5>	"ヒト"@ja	<http://www.wikidata.org/entity/P19>	"出生地"@ja	<https://ja.wikipedia.org/wiki/%E7%94%B0%E4%B8%AD%E4%BF%8A%E5%A4%AA>
<http://www.wikidata.org/entity/Q50286843>	"真田幸太"@ja	<http://www.wikidata.org/entity/Q5>	"ヒト"@ja	<http://www.wikidata.org/entity/P19>	"出生地"@ja	<https://ja.wikipedia.org/wiki/%E7%9C%9F%E7%94%B0%E5%B9%B8%E5%A4%AA>
<http://www.wikidata.org/entity/Q55526813>	"厚木市立相川中学校"@ja	<http://www.wikidata.org/entity/Q55521176>	"日本の中学校"@ja	<http://www.wikidata.org/entity/P131>	"位置する行政区画"@ja	<https://ja.wikipedia.org/wiki/%E5%8E%9A%E6%9C%A8%E5%B8%82%E7%AB%8B%E7%9B%B8%E5%B7%9D%E4%B8%AD%E5%AD%A6%E6%A0%A1>
<http://www.wikidata.org/entity/Q55526813>	"厚木市立相川中学校"@ja	<http://www.wikidata.org/entity/Q55521176>	"日本の中学校"@ja	<http://www.wikidata.org/entity/P126>	"管理者"@ja	<https://ja.wikipedia.org/wiki/%E5%8E%9A%E6%9C%A8%E5%B8%82%E7%AB%8B%E7%9B%B8%E5%B7%9D%E4%B8%AD%E5%AD%A6%E6%A0%A1>
<http://www.wikidata.org/entity/Q55532697>	"厚木市立林中学校"@ja	<http://www.wikidata.org/entity/Q55521176>	"日本の中学校"@ja	<http://www.wikidata.org/entity/P131>	"位置する行政区画"@ja	<https://ja.wikipedia.org/wiki/%E5%8E%9A%E6%9C%A8%E5%B8%82%E7%AB%8B%E6%9E%97%E4%B8%AD%E5%AD%A6%E6%A0%A1>
<http://www.wikidata.org/entity/Q55532697>	"厚木市立林中学校"@ja	<http://www.wikidata.org/entity/Q55521176>	"日本の中学校"@ja	<http://www.wikidata.org/entity/P126>	"管理者"@ja	<https://ja.wikipedia.org/wiki/%E5%8E%9A%E6%9C%A8%E5%B8%82%E7%AB%8B%E6%9E%97%E4%B8%AD%E5%AD%A6%E6%A0%A1>
<http://www.wikidata.org/entity/Q57316130>	"大塚健"@ja	<http://www.wikidata.org/entity/Q5>	"ヒト"@ja	<http://www.wikidata.org/entity/P19>	"出生地"@ja	<https://ja.wikipedia.org/wiki/%E5%A4%A7%E5%A1%9A%E5%81%A5_(%E3%82%B9%E3%83%8E%E3%83%BC%E3%83%9C%E3%83%BC%E3%83%89%E9%81%B8%E6%89%8B)>
<http://www.wikidata.org/entity/Q87267471>	"厚木市立厚木小学校"@ja	<http://www.wikidata.org/entity/Q5358913>	"日本の小学校"@ja	<http://www.wikidata.org/entity/P131>	"位置する行政区画"@ja	<https://ja.wikipedia.org/wiki/%E5%8E%9A%E6%9C%A8%E5%B8%82%E7%AB%8B%E5%8E%9A%E6%9C%A8%E5%B0%8F%E5%AD%A6%E6%A0%A1>
<http://www.wikidata.org/entity/Q87267471>	"厚木市立厚木小学校"@ja	<http://www.wikidata.org/entity/Q5358913>	"日本の小学校"@ja	<http://www.wikidata.org/entity/P126>	"管理者"@ja	<https://ja.wikipedia.org/wiki/%E5%8E%9A%E6%9C%A8%E5%B8%82%E7%AB%8B%E5%8E%9A%E6%9C%A8%E5%B0%8F%E5%AD%A6%E6%A0%A1>
<http://www.wikidata.org/entity/Q9228556>	"Q9228556"	<http://www.wikidata.org/entity/Q4167836>	"ウィキメディアのカテゴリ"@ja	<http://www.wikidata.org/entity/P971>	"以下の組み合わせカテゴリ"@ja	
<http://www.wikidata.org/entity/Q16755928>	"坂下里士"@ja	<http://www.wikidata.org/entity/Q5>	"ヒト"@ja	<http://www.wikidata.org/entity/P19>	"出生地"@ja	
<http://www.wikidata.org/entity/Q30265958>	"半導体エネルギー研究所"@ja	<http://www.wikidata.org/entity/Q4830453>	"企業"@ja	<http://www.wikidata.org/entity/P159>	"本部所在地"@ja	
<http://www.wikidata.org/entity/Q32647853>	"Q32647853"	<http://www.wikidata.org/entity/Q4167836>	"ウィキメディアのカテゴリ"@ja	<http://www.wikidata.org/entity/P971>	"以下の組み合わせカテゴリ"@ja	
<http://www.wikidata.org/entity/Q32647856>	"Q32647856"	<http://www.wikidata.org/entity/Q4167836>	"ウィキメディアのカテゴリ"@ja	<http://www.wikidata.org/entity/P971>	"以下の組み合わせカテゴリ"@ja	
<http://www.wikidata.org/entity/Q35174420>	"皆戸理芳"@ja	<http://www.wikidata.org/entity/Q5>	"ヒト"@ja	<http://www.wikidata.org/entity/P19>	"出生地"@ja	
<http://www.wikidata.org/entity/Q39664267>	"Q39664267"	<http://www.wikidata.org/entity/Q7315155>	"研究センター"@ja	<http://www.wikidata.org/entity/P131>	"位置する行政区画"@ja	
<http://www.wikidata.org/entity/Q52184009>	"トーション・ロッジ"@ja	<http://www.wikidata.org/entity/Q1454597>	"フリーメーソンのロッジ"@ja	<http://www.wikidata.org/entity/P159>	"本部所在地"@ja	
<http://www.wikidata.org/entity/Q55451312>	"かながわ共同会"@ja	<http://www.wikidata.org/entity/Q43229>	"組織"@ja	<http://www.wikidata.org/entity/P159>	"本部所在地"@ja	
<http://www.wikidata.org/entity/Q56437305>	"厚木市長"@ja	<http://www.wikidata.org/entity/Q4164871>	"職位"@ja	<http://www.wikidata.org/entity/P1001>	"管轄・適用区域"@ja	
<http://www.wikidata.org/entity/Q80924467>	"学校法人内田学園"@ja	<http://www.wikidata.org/entity/Q11448283>	"学校法人"@ja	<http://www.wikidata.org/entity/P159>	"本部所在地"@ja	
<http://www.wikidata.org/entity/Q87267474>	"厚木市立依知南小学校"@ja	<http://www.wikidata.org/entity/Q5358913>	"日本の小学校"@ja	<http://www.wikidata.org/entity/P131>	"位置する行政区画"@ja	
<http://www.wikidata.org/entity/Q87267474>	"厚木市立依知南小学校"@ja	<http://www.wikidata.org/entity/Q5358913>	"日本の小学校"@ja	<http://www.wikidata.org/entity/P126>	"管理者"@ja	
<http://www.wikidata.org/entity/Q87267478>	"厚木市立北小学校"@ja	<http://www.wikidata.org/entity/Q5358913>	"日本の小学校"@ja	<http://www.wikidata.org/entity/P131>	"位置する行政区画"@ja	
<http://www.wikidata.org/entity/Q87267478>	"厚木市立北小学校"@ja	<http://www.wikidata.org/entity/Q5358913>	"日本の小学校"@ja	<http://www.wikidata.org/entity/P126>	"管理者"@ja	
<http://www.wikidata.org/entity/Q87267480>	"厚木市立荻野小学校"@ja	<http://www.wikidata.org/entity/Q5358913>	"日本の小学校"@ja	<http://www.wikidata.org/entity/P131>	"位置する行政区画"@ja	
<http://www.wikidata.org/entity/Q87267480>	"厚木市立荻野小学校"@ja	<http://www.wikidata.org/entity/Q5358913>	"日本の小学校"@ja	<http://www.wikidata.org/entity/P126>	"管理者"@ja	
<http://www.wikidata.org/entity/Q87267484>	"厚木市立三田小学校"@ja	<http://www.wikidata.org/entity/Q5358913>	"日本の小学校"@ja	<http://www.wikidata.org/entity/P131>	"位置する行政区画"@ja	
<http://www.wikidata.org/entity/Q87267484>	"厚木市立三田小学校"@ja	<http://www.wikidata.org/entity/Q5358913>	"日本の小学校"@ja	<http://www.wikidata.org/entity/P126>	"管理者"@ja	
<http://www.wikidata.org/entity/Q87267491>	"厚木市立小鮎小学校"@ja	<http://www.wikidata.org/entity/Q5358913>	"日本の小学校"@ja	<http://www.wikidata.org/entity/P131>	"位置する行政区画"@ja	
<http://www.wikidata.org/entity/Q87267491>	"厚木市立小鮎小学校"@ja	<http://www.wikidata.org/entity/Q5358913>	"日本の小学校"@ja	<http://www.wikidata.org/entity/P126>	"管理者"@ja	
<http://www.wikidata.org/entity/Q87267488>	"厚木市立清水小学校"@ja	<http://www.wikidata.org/entity/Q5358913>	"日本の小学校"@ja	<http://www.wikidata.org/entity/P131>	"位置する行政区画"@ja	
<http://www.wikidata.org/entity/Q87267488>	"厚木市立清水小学校"@ja	<http://www.wikidata.org/entity/Q5358913>	"日本の小学校"@ja	<http://www.wikidata.org/entity/P126>	"管理者"@ja	
<http://www.wikidata.org/entity/Q87267493>	"厚木市立南毛利小学校"@ja	<http://www.wikidata.org/entity/Q5358913>	"日本の小学校"@ja	<http://www.wikidata.org/entity/P131>	"位置する行政区画"@ja	
<http://www.wikidata.org/entity/Q87267493>	"厚木市立南毛利小学校"@ja	<http://www.wikidata.org/entity/Q5358913>	"日本の小学校"@ja	<http://www.wikidata.org/entity/P126>	"管理者"@ja	
<http://www.wikidata.org/entity/Q87267499>	"厚木市立厚木第二小学校"@ja	<http://www.wikidata.org/entity/Q5358913>	"日本の小学校"@ja	<http://www.wikidata.org/entity/P131>	"位置する行政区画"@ja	
<http://www.wikidata.org/entity/Q87267499>	"厚木市立厚木第二小学校"@ja	<http://www.wikidata.org/entity/Q5358913>	"日本の小学校"@ja	<http://www.wikidata.org/entity/P126>	"管理者"@ja	
<http://www.wikidata.org/entity/Q87267496>	"厚木市立相川小学校"@ja	<http://www.wikidata.org/entity/Q5358913>	"日本の小学校"@ja	<http://www.wikidata.org/entity/P131>	"位置する行政区画"@ja	
<http://www.wikidata.org/entity/Q87267496>	"厚木市立相川小学校"@ja	<http://www.wikidata.org/entity/Q5358913>	"日本の小学校"@ja	<http://www.wikidata.org/entity/P126>	"管理者"@ja	
<http://www.wikidata.org/entity/Q87267501>	"厚木市立緑ケ丘小学校"@ja	<http://www.wikidata.org/entity/Q5358913>	"日本の小学校"@ja	<http://www.wikidata.org/entity/P131>	"位置する行政区画"@ja	
<http://www.wikidata.org/entity/Q87267501>	"厚木市立緑ケ丘小学校"@ja	<http://www.wikidata.org/entity/Q5358913>	"日本の小学校"@ja	<http://www.wikidata.org/entity/P126>	"管理者"@ja	
<http://www.wikidata.org/entity/Q87267506>	"厚木市立愛甲小学校"@ja	<http://www.wikidata.org/entity/Q5358913>	"日本の小学校"@ja	<http://www.wikidata.org/entity/P131>	"位置する行政区画"@ja	
<http://www.wikidata.org/entity/Q87267506>	"厚木市立愛甲小学校"@ja	<http://www.wikidata.org/entity/Q5358913>	"日本の小学校"@ja	<http://www.wikidata.org/entity/P126>	"管理者"@ja	
<http://www.wikidata.org/entity/Q87267507>	"厚木市立妻田小学校"@ja	<http://www.wikidata.org/entity/Q5358913>	"日本の小学校"@ja	<http://www.wikidata.org/entity/P131>	"位置する行政区画"@ja	
<http://www.wikidata.org/entity/Q87267507>	"厚木市立妻田小学校"@ja	<http://www.wikidata.org/entity/Q5358913>	"日本の小学校"@ja	<http://www.wikidata.org/entity/P126>	"管理者"@ja	
<http://www.wikidata.org/entity/Q87267504>	"厚木市立戸室小学校"@ja	<http://www.wikidata.org/entity/Q5358913>	"日本の小学校"@ja	<http://www.wikidata.org/entity/P131>	"位置する行政区画"@ja	
<http://www.wikidata.org/entity/Q87267504>	"厚木市立戸室小学校"@ja	<http://www.wikidata.org/entity/Q5358913>	"日本の小学校"@ja	<http://www.wikidata.org/entity/P126>	"管理者"@ja	
<http://www.wikidata.org/entity/Q87267511>	"厚木市立毛利台小学校"@ja	<http://www.wikidata.org/entity/Q5358913>	"日本の小学校"@ja	<http://www.wikidata.org/entity/P131>	"位置する行政区画"@ja	
<http://www.wikidata.org/entity/Q87267511>	"厚木市立毛利台小学校"@ja	<http://www.wikidata.org/entity/Q5358913>	"日本の小学校"@ja	<http://www.wikidata.org/entity/P126>	"管理者"@ja	
<http://www.wikidata.org/entity/Q87267509>	"厚木市立鳶尾小学校"@ja	<http://www.wikidata.org/entity/Q5358913>	"日本の小学校"@ja	<http://www.wikidata.org/entity/P131>	"位置する行政区画"@ja	
<http://www.wikidata.org/entity/Q87267509>	"厚木市立鳶尾小学校"@ja	<http://www.wikidata.org/entity/Q5358913>	"日本の小学校"@ja	<http://www.wikidata.org/entity/P126>	"管理者"@ja	
<http://www.wikidata.org/entity/Q87267515>	"厚木市立上荻野小学校"@ja	<http://www.wikidata.org/entity/Q5358913>	"日本の小学校"@ja	<http://www.wikidata.org/entity/P131>	"位置する行政区画"@ja	
<http://www.wikidata.org/entity/Q87267515>	"厚木市立上荻野小学校"@ja	<http://www.wikidata.org/entity/Q5358913>	"日本の小学校"@ja	<http://www.wikidata.org/entity/P126>	"管理者"@ja	
<http://www.wikidata.org/entity/Q87267518>	"厚木市立飯山小学校"@ja	<http://www.wikidata.org/entity/Q5358913>	"日本の小学校"@ja	<http://www.wikidata.org/entity/P131>	"位置する行政区画"@ja	
<http://www.wikidata.org/entity/Q87267518>	"厚木市立飯山小学校"@ja	<http://www.wikidata.org/entity/Q5358913>	"日本の小学校"@ja	<http://www.wikidata.org/entity/P126>	"管理者"@ja	
<http://www.wikidata.org/entity/Q87267525>	"厚木市立依知小学校"@ja	<http://www.wikidata.org/entity/Q5358913>	"日本の小学校"@ja	<http://www.wikidata.org/entity/P131>	"位置する行政区画"@ja	
<http://www.wikidata.org/entity/Q87267525>	"厚木市立依知小学校"@ja	<http://www.wikidata.org/entity/Q5358913>	"日本の小学校"@ja	<http://www.wikidata.org/entity/P126>	"管理者"@ja	
<http://www.wikidata.org/entity/Q87267531>	"厚木市立上依知小学校"@ja	<http://www.wikidata.org/entity/Q5358913>	"日本の小学校"@ja	<http://www.wikidata.org/entity/P131>	"位置する行政区画"@ja	
<http://www.wikidata.org/entity/Q87267531>	"厚木市立上依知小学校"@ja	<http://www.wikidata.org/entity/Q5358913>	"日本の小学校"@ja	<http://www.wikidata.org/entity/P126>	"管理者"@ja	
<http://www.wikidata.org/entity/Q87267528>	"厚木市立戸田小学校"@ja	<http://www.wikidata.org/entity/Q5358913>	"日本の小学校"@ja	<http://www.wikidata.org/entity/P131>	"位置する行政区画"@ja	
<http://www.wikidata.org/entity/Q87267528>	"厚木市立戸田小学校"@ja	<http://www.wikidata.org/entity/Q5358913>	"日本の小学校"@ja	<http://www.wikidata.org/entity/P126>	"管理者"@ja	
<http://www.wikidata.org/entity/Q87319462>	"厚木市立玉川中学校"@ja	<http://www.wikidata.org/entity/Q55521176>	"日本の中学校"@ja	<http://www.wikidata.org/entity/P131>	"位置する行政区画"@ja	
<http://www.wikidata.org/entity/Q87319462>	"厚木市立玉川中学校"@ja	<http://www.wikidata.org/entity/Q55521176>	"日本の中学校"@ja	<http://www.wikidata.org/entity/P126>	"管理者"@ja	
<http://www.wikidata.org/entity/Q87319460>	"厚木市立依知中学校"@ja	<http://www.wikidata.org/entity/Q55521176>	"日本の中学校"@ja	<http://www.wikidata.org/entity/P131>	"位置する行政区画"@ja	
<http://www.wikidata.org/entity/Q87319460>	"厚木市立依知中学校"@ja	<http://www.wikidata.org/entity/Q55521176>	"日本の中学校"@ja	<http://www.wikidata.org/entity/P126>	"管理者"@ja	
<http://www.wikidata.org/entity/Q87319466>	"厚木市立南毛利中学校"@ja	<http://www.wikidata.org/entity/Q55521176>	"日本の中学校"@ja	<http://www.wikidata.org/entity/P131>	"位置する行政区画"@ja	
<http://www.wikidata.org/entity/Q87319466>	"厚木市立南毛利中学校"@ja	<http://www.wikidata.org/entity/Q55521176>	"日本の中学校"@ja	<http://www.wikidata.org/entity/P126>	"管理者"@ja	
<http://www.wikidata.org/entity/Q87319468>	"厚木市立東名中学校"@ja	<http://www.wikidata.org/entity/Q55521176>	"日本の中学校"@ja	<http://www.wikidata.org/entity/P131>	"位置する行政区画"@ja	
<http://www.wikidata.org/entity/Q87319468>	"厚木市立東名中学校"@ja	<http://www.wikidata.org/entity/Q55521176>	"日本の中学校"@ja	<http://www.wikidata.org/entity/P126>	"管理者"@ja	
<http://www.wikidata.org/entity/Q87319472>	"厚木市立藤塚中学校"@ja	<http://www.wikidata.org/entity/Q55521176>	"日本の中学校"@ja	<http://www.wikidata.org/entity/P131>	"位置する行政区画"@ja	
<http://www.wikidata.org/entity/Q87319472>	"厚木市立藤塚中学校"@ja	<http://www.wikidata.org/entity/Q55521176>	"日本の中学校"@ja	<http://www.wikidata.org/entity/P126>	"管理者"@ja	
<http://www.wikidata.org/entity/Q87319477>	"厚木市立睦合東中学校"@ja	<http://www.wikidata.org/entity/Q55521176>	"日本の中学校"@ja	<http://www.wikidata.org/entity/P131>	"位置する行政区画"@ja	
<http://www.wikidata.org/entity/Q87319477>	"厚木市立睦合東中学校"@ja	<http://www.wikidata.org/entity/Q55521176>	"日本の中学校"@ja	<http://www.wikidata.org/entity/P126>	"管理者"@ja	
<http://www.wikidata.org/entity/Q99659046>	"厚木PAスマートインターチェンジ"@ja	<http://www.wikidata.org/entity/Q11313284>	"スマートインターチェンジ"@ja	<http://www.wikidata.org/entity/P131>	"位置する行政区画"@ja	
<http://www.wikidata.org/entity/Q99886876>	"泉町"@ja	<http://www.wikidata.org/entity/Q3957>	"街"@ja	<http://www.wikidata.org/entity/P131>	"位置する行政区画"@ja	
<http://www.wikidata.org/entity/Q108755916>	"Q108755916"	<http://www.wikidata.org/entity/Q5>	"ヒト"@ja	<http://www.wikidata.org/entity/P937>	"活動地"@ja	
<http://www.wikidata.org/entity/Q108815028>	"本厚木ミロード"@ja	<http://www.wikidata.org/entity/Q1339195>	"駅ビル"@ja	<http://www.wikidata.org/entity/P131>	"位置する行政区画"@ja	
<http://www.wikidata.org/entity/Q108916834>	"守田公夫"@ja	<http://www.wikidata.org/entity/Q5>	"ヒト"@ja	<http://www.wikidata.org/entity/P20>	"死没地"@ja	
<http://www.wikidata.org/entity/Q109226906>	"島村亮"@ja	<http://www.wikidata.org/entity/Q5>	"ヒト"@ja	<http://www.wikidata.org/entity/P20>	"死没地"@ja	
<http://www.wikidata.org/entity/Q109277678>	"赤津實"@ja	<http://www.wikidata.org/entity/Q5>	"ヒト"@ja	<http://www.wikidata.org/entity/P20>	"死没地"@ja	
<http://www.wikidata.org/entity/Q111820233>	"愛名"@ja	<http://www.wikidata.org/entity/Q65948724>	"町字"@ja	<http://www.wikidata.org/entity/P131>	"位置する行政区画"@ja	
<http://www.wikidata.org/entity/Q127513>	"神奈川県"@ja	<http://www.wikidata.org/entity/Q50337>	"都道府県"@ja	<http://www.wikidata.org/entity/P150>	"直下の行政区画"@ja	<https://ja.wikipedia.org/wiki/%E7%A5%9E%E5%A5%88%E5%B7%9D%E7%9C%8C>
<http://www.wikidata.org/entity/Q145333>	"座間市"@ja	<http://www.wikidata.org/entity/Q1549591>	"10万都市"@ja	<http://www.wikidata.org/entity/P47>	"隣の国又は行政区画"@ja	<https://ja.wikipedia.org/wiki/%E5%BA%A7%E9%96%93%E5%B8%82>
<http://www.wikidata.org/entity/Q145333>	"座間市"@ja	<http://www.wikidata.org/entity/Q494721>	"日本の市"@ja	<http://www.wikidata.org/entity/P47>	"隣の国又は行政区画"@ja	<https://ja.wikipedia.org/wiki/%E5%BA%A7%E9%96%93%E5%B8%82>
<http://www.wikidata.org/entity/Q209779>	"相模原市"@ja	<http://www.wikidata.org/entity/Q1749269>	"政令指定都市"@ja	<http://www.wikidata.org/entity/P47>	"隣の国又は行政区画"@ja	<https://ja.wikipedia.org/wiki/%E7%9B%B8%E6%A8%A1%E5%8E%9F%E5%B8%82>
<http://www.wikidata.org/entity/Q209779>	"相模原市"@ja	<http://www.wikidata.org/entity/Q1549591>	"10万都市"@ja	<http://www.wikidata.org/entity/P47>	"隣の国又は行政区画"@ja	<https://ja.wikipedia.org/wiki/%E7%9B%B8%E6%A8%A1%E5%8E%9F%E5%B8%82>
<http://www.wikidata.org/entity/Q209779>	"相模原市"@ja	<http://www.wikidata.org/entity/Q691960>	"衛星都市"@ja	<http://www.wikidata.org/entity/P47>	"隣の国又は行政区画"@ja	<https://ja.wikipedia.org/wiki/%E7%9B%B8%E6%A8%A1%E5%8E%9F%E5%B8%82>
<http://www.wikidata.org/entity/Q209779>	"相模原市"@ja	<http://www.wikidata.org/entity/Q494721>	"日本の市"@ja	<http://www.wikidata.org/entity/P47>	"隣の国又は行政区画"@ja	<https://ja.wikipedia.org/wiki/%E7%9B%B8%E6%A8%A1%E5%8E%9F%E5%B8%82>
<http://www.wikidata.org/entity/Q266873>	"永里優季"@ja	<http://www.wikidata.org/entity/Q5>	"ヒト"@ja	<http://www.wikidata.org/entity/P19>	"出生地"@ja	<https://ja.wikipedia.org/wiki/%E6%B0%B8%E9%87%8C%E5%84%AA%E5%AD%A3>
<http://www.wikidata.org/entity/Q305640>	"網走市"@ja	<http://www.wikidata.org/entity/Q494721>	"日本の市"@ja	<http://www.wikidata.org/entity/P190>	"姉妹都市"@ja	<https://ja.wikipedia.org/wiki/%E7%B6%B2%E8%B5%B0%E5%B8%82>
<http://www.wikidata.org/entity/Q87267521>	"厚木市立森の里小学校"@ja	<http://www.wikidata.org/entity/Q5358913>	"日本の小学校"@ja	<http://www.wikidata.org/entity/P131>	"位置する行政区画"@ja	<https://ja.wikipedia.org/wiki/%E5%8E%9A%E6%9C%A8%E5%B8%82%E7%AB%8B%E6%A3%AE%E3%81%AE%E9%87%8C%E5%B0%8F%E5%AD%A6%E6%A0%A1>
<http://www.wikidata.org/entity/Q87267521>	"厚木市立森の里小学校"@ja	<http://www.wikidata.org/entity/Q5358913>	"日本の小学校"@ja	<http://www.wikidata.org/entity/P126>	"管理者"@ja	<https://ja.wikipedia.org/wiki/%E5%8E%9A%E6%9C%A8%E5%B8%82%E7%AB%8B%E6%A3%AE%E3%81%AE%E9%87%8C%E5%B0%8F%E5%AD%A6%E6%A0%A1>
<http://www.wikidata.org/entity/Q87319475>	"厚木市立森の里中学校"@ja	<http://www.wikidata.org/entity/Q55521176>	"日本の中学校"@ja	<http://www.wikidata.org/entity/P131>	"位置する行政区画"@ja	<https://ja.wikipedia.org/wiki/%E5%8E%9A%E6%9C%A8%E5%B8%82%E7%AB%8B%E6%A3%AE%E3%81%AE%E9%87%8C%E4%B8%AD%E5%AD%A6%E6%A0%A1>
<http://www.wikidata.org/entity/Q87319475>	"厚木市立森の里中学校"@ja	<http://www.wikidata.org/entity/Q55521176>	"日本の中学校"@ja	<http://www.wikidata.org/entity/P126>	"管理者"@ja	<https://ja.wikipedia.org/wiki/%E5%8E%9A%E6%9C%A8%E5%B8%82%E7%AB%8B%E6%A3%AE%E3%81%AE%E9%87%8C%E4%B8%AD%E5%AD%A6%E6%A0%A1>
<http://www.wikidata.org/entity/Q100269008>	"あつぎ郷土博物館"@ja	<http://www.wikidata.org/entity/Q1595639>	"郷土博物館"@ja	<http://www.wikidata.org/entity/P131>	"位置する行政区画"@ja	<https://ja.wikipedia.org/wiki/%E3%81%82%E3%81%A4%E3%81%8E%E9%83%B7%E5%9C%9F%E5%8D%9A%E7%89%A9%E9%A4%A8>
<http://www.wikidata.org/entity/Q100454601>	"足立原茂徳"@ja	<http://www.wikidata.org/entity/Q5>	"ヒト"@ja	<http://www.wikidata.org/entity/P19>	"出生地"@ja	<https://ja.wikipedia.org/wiki/%E8%B6%B3%E7%AB%8B%E5%8E%9F%E8%8C%82%E5%BE%B3>
<http://www.wikidata.org/entity/Q102105516>	"戸室"@ja	<http://www.wikidata.org/entity/Q65948724>	"町字"@ja	<http://www.wikidata.org/entity/P131>	"位置する行政区画"@ja	<https://ja.wikipedia.org/wiki/%E6%88%B8%E5%AE%A4_(%E5%8E%9A%E6%9C%A8%E5%B8%82)>
<http://www.wikidata.org/entity/Q104529211>	"厚木看護専門学校"@ja	<http://www.wikidata.org/entity/Q24898692>	"専修学校"@ja	<http://www.wikidata.org/entity/P131>	"位置する行政区画"@ja	<https://ja.wikipedia.org/wiki/%E5%8E%9A%E6%9C%A8%E7%9C%8B%E8%AD%B7%E5%B0%82%E9%96%80%E5%AD%A6%E6%A0%A1>
<http://www.wikidata.org/entity/Q105394115>	"旭町"@ja	<http://www.wikidata.org/entity/Q65948724>	"町字"@ja	<http://www.wikidata.org/entity/P131>	"位置する行政区画"@ja	<https://ja.wikipedia.org/wiki/%E6%97%AD%E7%94%BA_(%E5%8E%9A%E6%9C%A8%E5%B8%82)>
<http://www.wikidata.org/entity/Q105394115>	"旭町"@ja	<http://www.wikidata.org/entity/Q5327369>	"町丁"@ja	<http://www.wikidata.org/entity/P131>	"位置する行政区画"@ja	<https://ja.wikipedia.org/wiki/%E6%97%AD%E7%94%BA_(%E5%8E%9A%E6%9C%A8%E5%B8%82)>
<http://www.wikidata.org/entity/Q106236168>	"高取山"@ja	<http://www.wikidata.org/entity/Q8502>	"山"@ja	<http://www.wikidata.org/entity/P131>	"位置する行政区画"@ja	<https://ja.wikipedia.org/wiki/%E9%AB%98%E5%8F%96%E5%B1%B1_(%E5%8E%9A%E6%9C%A8%E5%B8%82)>
<http://www.wikidata.org/entity/Q112136203>	"七沢城"@ja	<http://www.wikidata.org/entity/Q66361052>	"日本の城跡"@ja	<http://www.wikidata.org/entity/P131>	"位置する行政区画"@ja	<https://ja.wikipedia.org/wiki/%E4%B8%83%E6%B2%A2%E5%9F%8E>
<http://www.wikidata.org/entity/Q49172>	"ニューブリテン"@ja	<http://www.wikidata.org/entity/Q1093829>	"アメリカ合衆国の市"@ja	<http://www.wikidata.org/entity/P190>	"姉妹都市"@ja	<https://ja.wikipedia.org/wiki/%E3%83%8B%E3%83%A5%E3%83%BC%E3%83%96%E3%83%AA%E3%83%86%E3%83%B3_(%E3%82%B3%E3%83%8D%E3%83%81%E3%82%AB%E3%83%83%E3%83%88%E5%B7%9E)>
<http://www.wikidata.org/entity/Q56764>	"館山昌平"@ja	<http://www.wikidata.org/entity/Q5>	"ヒト"@ja	<http://www.wikidata.org/entity/P19>	"出生地"@ja	<https://ja.wikipedia.org/wiki/%E9%A4%A8%E5%B1%B1%E6%98%8C%E5%B9%B3>
<http://www.wikidata.org/entity/Q352469>	"坂井三郎"@ja	<http://www.wikidata.org/entity/Q5>	"ヒト"@ja	<http://www.wikidata.org/entity/P20>	"死没地"@ja	<https://ja.wikipedia.org/wiki/%E5%9D%82%E4%BA%95%E4%B8%89%E9%83%8E>
<http://www.wikidata.org/entity/Q418675>	"甘利明"@ja	<http://www.wikidata.org/entity/Q5>	"ヒト"@ja	<http://www.wikidata.org/entity/P19>	"出生地"@ja	<https://ja.wikipedia.org/wiki/%E7%94%98%E5%88%A9%E6%98%8E>
<http://www.wikidata.org/entity/Q437616>	"ビル・ヴィオラ"@ja	<http://www.wikidata.org/entity/Q5>	"ヒト"@ja	<http://www.wikidata.org/entity/P937>	"活動地"@ja	<https://ja.wikipedia.org/wiki/%E3%83%93%E3%83%AB%E3%83%BB%E3%83%B4%E3%82%A3%E3%82%AA%E3%83%A9>
<http://www.wikidata.org/entity/Q460806>	"秦野市"@ja	<http://www.wikidata.org/entity/Q1549591>	"10万都市"@ja	<http://www.wikidata.org/entity/P47>	"隣の国又は行政区画"@ja	<https://ja.wikipedia.org/wiki/%E7%A7%A6%E9%87%8E%E5%B8%82>
<http://www.wikidata.org/entity/Q460806>	"秦野市"@ja	<http://www.wikidata.org/entity/Q494721>	"日本の市"@ja	<http://www.wikidata.org/entity/P47>	"隣の国又は行政区画"@ja	<https://ja.wikipedia.org/wiki/%E7%A7%A6%E9%87%8E%E5%B8%82>
<http://www.wikidata.org/entity/Q11409255>	"厚木市立小鮎中学校"@ja	<http://www.wikidata.org/entity/Q55521176>	"日本の中学校"@ja	<http://www.wikidata.org/entity/P131>	"位置する行政区画"@ja	<https://ja.wikipedia.org/wiki/%E5%8E%9A%E6%9C%A8%E5%B8%82%E7%AB%8B%E5%B0%8F%E9%AE%8E%E4%B8%AD%E5%AD%A6%E6%A0%A1>
<http://www.wikidata.org/entity/Q11409255>	"厚木市立小鮎中学校"@ja	<http://www.wikidata.org/entity/Q55521176>	"日本の中学校"@ja	<http://www.wikidata.org/entity/P126>	"管理者"@ja	<https://ja.wikipedia.org/wiki/%E5%8E%9A%E6%9C%A8%E5%B8%82%E7%AB%8B%E5%B0%8F%E9%AE%8E%E4%B8%AD%E5%AD%A6%E6%A0%A1>
<http://www.wikidata.org/entity/Q11409253>	"厚木市消防本部"@ja	<http://www.wikidata.org/entity/Q6498663>	"消防本部"@ja	<http://www.wikidata.org/entity/P131>	"位置する行政区画"@ja	<https://ja.wikipedia.org/wiki/%E5%8E%9A%E6%9C%A8%E5%B8%82%E6%B6%88%E9%98%B2%E6%9C%AC%E9%83%A8>
<http://www.wikidata.org/entity/Q11409256>	"厚木市立睦合中学校"@ja	<http://www.wikidata.org/entity/Q55521176>	"日本の中学校"@ja	<http://www.wikidata.org/entity/P131>	"位置する行政区画"@ja	<https://ja.wikipedia.org/wiki/%E5%8E%9A%E6%9C%A8%E5%B8%82%E7%AB%8B%E7%9D%A6%E5%90%88%E4%B8%AD%E5%AD%A6%E6%A0%A1>
<http://www.wikidata.org/entity/Q11409256>	"厚木市立睦合中学校"@ja	<http://www.wikidata.org/entity/Q55521176>	"日本の中学校"@ja	<http://www.wikidata.org/entity/P126>	"管理者"@ja	<https://ja.wikipedia.org/wiki/%E5%8E%9A%E6%9C%A8%E5%B8%82%E7%AB%8B%E7%9D%A6%E5%90%88%E4%B8%AD%E5%AD%A6%E6%A0%A1>
<http://www.wikidata.org/entity/Q11409263>	"厚木町"@ja	<http://www.wikidata.org/entity/Q18663566>	"日本の廃止市区町村"@ja	<http://www.wikidata.org/entity/P3842>	"位置する現在の行政区画"@ja	<https://ja.wikipedia.org/wiki/%E5%8E%9A%E6%9C%A8%E7%94%BA>
<http://www.wikidata.org/entity/Q11409263>	"厚木町"@ja	<http://www.wikidata.org/entity/Q18663566>	"日本の廃止市区町村"@ja	<http://www.wikidata.org/entity/P1366>	"後継"@ja	<https://ja.wikipedia.org/wiki/%E5%8E%9A%E6%9C%A8%E7%94%BA>
<http://www.wikidata.org/entity/Q11411351>	"古沢良太"@ja	<http://www.wikidata.org/entity/Q5>	"ヒト"@ja	<http://www.wikidata.org/entity/P19>	"出生地"@ja	<https://ja.wikipedia.org/wiki/%E5%8F%A4%E6%B2%A2%E8%89%AF%E5%A4%AA>
<http://www.wikidata.org/entity/Q11413916>	"吉田桂子"@ja	<http://www.wikidata.org/entity/Q5>	"ヒト"@ja	<http://www.wikidata.org/entity/P19>	"出生地"@ja	<https://ja.wikipedia.org/wiki/%E5%90%89%E7%94%B0%E6%A1%82%E5%AD%90>
<http://www.wikidata.org/entity/Q11417917>	"和田傳"@ja	<http://www.wikidata.org/entity/Q5>	"ヒト"@ja	<http://www.wikidata.org/entity/P19>	"出生地"@ja	<https://ja.wikipedia.org/wiki/%E5%92%8C%E7%94%B0%E5%82%B3>
<http://www.wikidata.org/entity/Q11418606>	"唐沢川"@ja	<http://www.wikidata.org/entity/Q47521>	"小川"@ja	<http://www.wikidata.org/entity/P131>	"位置する行政区画"@ja	<https://ja.wikipedia.org/wiki/%E5%94%90%E6%B2%A2%E5%B7%9D_(%E5%8E%9A%E6%9C%A8%E5%B8%82%E3%83%BB%E6%B8%85%E5%B7%9D%E6%9D%91)>
<http://www.wikidata.org/entity/Q11418606>	"唐沢川"@ja	<http://www.wikidata.org/entity/Q4022>	"川"@ja	<http://www.wikidata.org/entity/P131>	"位置する行政区画"@ja	<https://ja.wikipedia.org/wiki/%E5%94%90%E6%B2%A2%E5%B7%9D_(%E5%8E%9A%E6%9C%A8%E5%B8%82%E3%83%BB%E6%B8%85%E5%B7%9D%E6%9D%91)>
<http://www.wikidata.org/entity/Q11421460>	"国道412号"@ja	<http://www.wikidata.org/entity/Q34442>	"道路"@ja	<http://www.wikidata.org/entity/P1302>	"主な経由都市"@ja	<https://ja.wikipedia.org/wiki/%E5%9B%BD%E9%81%93412%E5%8F%B7>
<http://www.wikidata.org/entity/Q11446834>	"妙伝寺 (厚木市)"@ja	<http://www.wikidata.org/entity/Q5393308>	"仏教寺院"@ja	<http://www.wikidata.org/entity/P131>	"位置する行政区画"@ja	<https://ja.wikipedia.org/wiki/%E5%A6%99%E4%BC%9D%E5%AF%BA_(%E5%8E%9A%E6%9C%A8%E5%B8%82)>
<http://www.wikidata.org/entity/Q11446991>	"妙純寺"@ja	<http://www.wikidata.org/entity/Q5393308>	"仏教寺院"@ja	<http://www.wikidata.org/entity/P131>	"位置する行政区画"@ja	<https://ja.wikipedia.org/wiki/%E5%A6%99%E7%B4%94%E5%AF%BA>
<http://www.wikidata.org/entity/Q11447211>	"妻田村"@ja	<http://www.wikidata.org/entity/Q18663566>	"日本の廃止市区町村"@ja	<http://www.wikidata.org/entity/P3842>	"位置する現在の行政区画"@ja	<https://ja.wikipedia.org/wiki/%E5%A6%BB%E7%94%B0%E6%9D%91>
<http://www.wikidata.org/entity/Q11460106>	"小島克典"@ja	<http://www.wikidata.org/entity/Q5>	"ヒト"@ja	<http://www.wikidata.org/entity/P19>	"出生地"@ja	<https://ja.wikipedia.org/wiki/%E5%B0%8F%E5%B3%B6%E5%85%8B%E5%85%B8>
<http://www.wikidata.org/entity/Q11460265>	"小嶋亜由美"@ja	<http://www.wikidata.org/entity/Q5>	"ヒト"@ja	<http://www.wikidata.org/entity/P19>	"出生地"@ja	<https://ja.wikipedia.org/wiki/%E5%B0%8F%E5%B6%8B%E4%BA%9C%E7%94%B1%E7%BE%8E>
<http://www.wikidata.org/entity/Q11462922>	"小田切千"@ja	<http://www.wikidata.org/entity/Q5>	"ヒト"@ja	<http://www.wikidata.org/entity/P19>	"出生地"@ja	<https://ja.wikipedia.org/wiki/%E5%B0%8F%E7%94%B0%E5%88%87%E5%8D%83>
<http://www.wikidata.org/entity/Q11464456>	"小鮎村"@ja	<http://www.wikidata.org/entity/Q18663566>	"日本の廃止市区町村"@ja	<http://www.wikidata.org/entity/P3842>	"位置する現在の行政区画"@ja	<https://ja.wikipedia.org/wiki/%E5%B0%8F%E9%AE%8E%E6%9D%91>
<http://www.wikidata.org/entity/Q11464456>	"小鮎村"@ja	<http://www.wikidata.org/entity/Q18663566>	"日本の廃止市区町村"@ja	<http://www.wikidata.org/entity/P1366>	"後継"@ja	<https://ja.wikipedia.org/wiki/%E5%B0%8F%E9%AE%8E%E6%9D%91>
<http://www.wikidata.org/entity/Q11468844>	"山本保司"@ja	<http://www.wikidata.org/entity/Q5>	"ヒト"@ja	<http://www.wikidata.org/entity/P19>	"出生地"@ja	<https://ja.wikipedia.org/wiki/%E5%B1%B1%E6%9C%AC%E4%BF%9D%E5%8F%B8>
<http://www.wikidata.org/entity/Q11470164>	"山田佑介"@ja	<http://www.wikidata.org/entity/Q5>	"ヒト"@ja	<http://www.wikidata.org/entity/P19>	"出生地"@ja	<https://ja.wikipedia.org/wiki/%E5%B1%B1%E7%94%B0%E4%BD%91%E4%BB%8B>
<http://www.wikidata.org/entity/Q11470323>	"山田尚史"@ja	<http://www.wikidata.org/entity/Q5>	"ヒト"@ja	<http://www.wikidata.org/entity/P19>	"出生地"@ja	<https://ja.wikipedia.org/wiki/%E5%B1%B1%E7%94%B0%E5%B0%9A%E5%8F%B2>
<http://www.wikidata.org/entity/Q11474561>	"岩﨑邦彦"@ja	<http://www.wikidata.org/entity/Q5>	"ヒト"@ja	<http://www.wikidata.org/entity/P19>	"出生地"@ja	<https://ja.wikipedia.org/wiki/%E5%B2%A9%E5%B4%8E%E9%82%A6%E5%BD%A6>
<http://www.wikidata.org/entity/Q11480200>	"市川喜康"@ja	<http://www.wikidata.org/entity/Q5>	"ヒト"@ja	<http://www.wikidata.org/entity/P19>	"出生地"@ja	<https://ja.wikipedia.org/wiki/%E5%B8%82%E5%B7%9D%E5%96%9C%E5%BA%B7>
<http://www.wikidata.org/entity/Q11483050>	"平本淳也"@ja	<http://www.wikidata.org/entity/Q5>	"ヒト"@ja	<http://www.wikidata.org/entity/P19>	"出生地"@ja	<https://ja.wikipedia.org/wiki/%E5%B9%B3%E6%9C%AC%E6%B7%B3%E4%B9%9F>
<http://www.wikidata.org/entity/Q11484268>	"幾徳工業高等専門学校"@ja	<http://www.wikidata.org/entity/Q841248>	"高等専門学校"@ja	<http://www.wikidata.org/entity/P131>	"位置する行政区画"@ja	<https://ja.wikipedia.org/wiki/%E5%B9%BE%E5%BE%B3%E5%B7%A5%E6%A5%AD%E9%AB%98%E7%AD%89%E5%B0%82%E9%96%80%E5%AD%A6%E6%A0%A1>
<http://www.wikidata.org/entity/Q11485489>	"広沢寺温泉"@ja	<http://www.wikidata.org/entity/Q11408869>	"単純温泉"@ja	<http://www.wikidata.org/entity/P131>	"位置する行政区画"@ja	<https://ja.wikipedia.org/wiki/%E5%BA%83%E6%B2%A2%E5%AF%BA%E6%B8%A9%E6%B3%89>
<http://www.wikidata.org/entity/Q11485489>	"広沢寺温泉"@ja	<http://www.wikidata.org/entity/Q655311>	"温泉"@ja	<http://www.wikidata.org/entity/P131>	"位置する行政区画"@ja	<https://ja.wikipedia.org/wiki/%E5%BA%83%E6%B2%A2%E5%AF%BA%E6%B8%A9%E6%B3%89>
<http://www.wikidata.org/entity/Q11485489>	"広沢寺温泉"@ja	<http://www.wikidata.org/entity/Q177380>	"熱水泉"@ja	<http://www.wikidata.org/entity/P131>	"位置する行政区画"@ja	<https://ja.wikipedia.org/wiki/%E5%BA%83%E6%B2%A2%E5%AF%BA%E6%B8%A9%E6%B3%89>
<http://www.wikidata.org/entity/Q11492259>	"恩曽川"@ja	<http://www.wikidata.org/entity/Q4022>	"川"@ja	<http://www.wikidata.org/entity/P131>	"位置する行政区画"@ja	<https://ja.wikipedia.org/wiki/%E6%81%A9%E6%9B%BD%E5%B7%9D>
<http://www.wikidata.org/entity/Q11495555>	"成瀬朱美"@ja	<http://www.wikidata.org/entity/Q5>	"ヒト"@ja	<http://www.wikidata.org/entity/P19>	"出生地"@ja	<https://ja.wikipedia.org/wiki/%E6%88%90%E7%80%AC%E6%9C%B1%E7%BE%8E>
<http://www.wikidata.org/entity/Q3128068>	"長谷寺"@ja	<http://www.wikidata.org/entity/Q5393308>	"仏教寺院"@ja	<http://www.wikidata.org/entity/P131>	"位置する行政区画"@ja	<https://ja.wikipedia.org/wiki/%E9%95%B7%E8%B0%B7%E5%AF%BA_(%E5%8E%9A%E6%9C%A8%E5%B8%82)>
<http://www.wikidata.org/entity/Q3247166>	"永里亜紗乃"@ja	<http://www.wikidata.org/entity/Q5>	"ヒト"@ja	<http://www.wikidata.org/entity/P19>	"出生地"@ja	<https://ja.wikipedia.org/wiki/%E6%B0%B8%E9%87%8C%E4%BA%9C%E7%B4%97%E4%B9%83>
<http://www.wikidata.org/entity/Q3302242>	"宮川大輔"@ja	<http://www.wikidata.org/entity/Q5>	"ヒト"@ja	<http://www.wikidata.org/entity/P19>	"出生地"@ja	<https://ja.wikipedia.org/wiki/%E5%AE%AE%E5%B7%9D%E5%A4%A7%E8%BC%94_(%E3%82%B5%E3%83%83%E3%82%AB%E3%83%BC%E9%81%B8%E6%89%8B)>
<http://www.wikidata.org/entity/Q3313724>	"五十嵐美貴"@ja	<http://www.wikidata.org/entity/Q5>	"ヒト"@ja	<http://www.wikidata.org/entity/P19>	"出生地"@ja	<https://ja.wikipedia.org/wiki/%E4%BA%94%E5%8D%81%E5%B5%90%E7%BE%8E%E8%B2%B4>
<http://www.wikidata.org/entity/Q3656143>	"古沢平作"@ja	<http://www.wikidata.org/entity/Q5>	"ヒト"@ja	<http://www.wikidata.org/entity/P19>	"出生地"@ja	<https://ja.wikipedia.org/wiki/%E5%8F%A4%E6%B2%A2%E5%B9%B3%E4%BD%9C>
<http://www.wikidata.org/entity/Q4354609>	"ソキア・トプコン"@ja	<http://www.wikidata.org/entity/Q4830453>	"企業"@ja	<http://www.wikidata.org/entity/P159>	"本部所在地"@ja	<https://ja.wikipedia.org/wiki/%E3%82%BD%E3%82%AD%E3%82%A2%E3%83%BB%E3%83%88%E3%83%97%E3%82%B3%E3%83%B3>
<http://www.wikidata.org/entity/Q4382684>	"河合崇泰"@ja	<http://www.wikidata.org/entity/Q5>	"ヒト"@ja	<http://www.wikidata.org/entity/P19>	"出生地"@ja	<https://ja.wikipedia.org/wiki/%E6%B2%B3%E5%90%88%E5%B4%87%E6%B3%B0>
<http://www.wikidata.org/entity/Q4499730>	"本厚木駅"@ja	<http://www.wikidata.org/entity/Q55488>	"鉄道駅"@ja	<http://www.wikidata.org/entity/P131>	"位置する行政区画"@ja	<https://ja.wikipedia.org/wiki/%E6%9C%AC%E5%8E%9A%E6%9C%A8%E9%A7%85>
<http://www.wikidata.org/entity/Q5960086>	"吉岡聖恵"@ja	<http://www.wikidata.org/entity/Q5>	"ヒト"@ja	<http://www.wikidata.org/entity/P19>	"出生地"@ja	<https://ja.wikipedia.org/wiki/%E5%90%89%E5%B2%A1%E8%81%96%E6%81%B5>
<http://www.wikidata.org/entity/Q6360268>	"神奈川工科大学"@ja	<http://www.wikidata.org/entity/Q3918>	"大学"@ja	<http://www.wikidata.org/entity/P131>	"位置する行政区画"@ja	<https://ja.wikipedia.org/wiki/%E7%A5%9E%E5%A5%88%E5%B7%9D%E5%B7%A5%E7%A7%91%E5%A4%A7%E5%AD%A6>
<http://www.wikidata.org/entity/Q6451923>	"岩﨑恭平"@ja	<http://www.wikidata.org/entity/Q5>	"ヒト"@ja	<http://www.wikidata.org/entity/P19>	"出生地"@ja	<https://ja.wikipedia.org/wiki/%E5%B2%A9%EF%A8%91%E6%81%AD%E5%B9%B3>
<http://www.wikidata.org/entity/Q6807796>	"Category:厚木市"@ja	<http://www.wikidata.org/entity/Q4167836>	"ウィキメディアのカテゴリ"@ja	<http://www.wikidata.org/entity/P301>	"カテゴリの中心主題"@ja	<https://ja.wikipedia.org/wiki/Category:%E5%8E%9A%E6%9C%A8%E5%B8%82>
<http://www.wikidata.org/entity/Q6961717>	"秋元奈美"@ja	<http://www.wikidata.org/entity/Q5>	"ヒト"@ja	<http://www.wikidata.org/entity/P19>	"出生地"@ja	<https://ja.wikipedia.org/wiki/%E7%A7%8B%E5%85%83%E5%A5%88%E7%BE%8E>
<http://www.wikidata.org/entity/Q7077283>	"小田原厚木道路"@ja	<http://www.wikidata.org/entity/Q34442>	"道路"@ja	<http://www.wikidata.org/entity/P609>	"起終点"@ja	<https://ja.wikipedia.org/wiki/%E5%B0%8F%E7%94%B0%E5%8E%9F%E5%8E%9A%E6%9C%A8%E9%81%93%E8%B7%AF>
<http://www.wikidata.org/entity/Q7497590>	"小宮山慎二"@ja	<http://www.wikidata.org/entity/Q5>	"ヒト"@ja	<http://www.wikidata.org/entity/P19>	"出生地"@ja	<https://ja.wikipedia.org/wiki/%E5%B0%8F%E5%AE%AE%E5%B1%B1%E6%85%8E%E4%BA%8C>
<http://www.wikidata.org/entity/Q7500131>	"湘北短期大学"@ja	<http://www.wikidata.org/entity/Q370258>	"短期大学"@ja	<http://www.wikidata.org/entity/P131>	"位置する行政区画"@ja	<https://ja.wikipedia.org/wiki/%E6%B9%98%E5%8C%97%E7%9F%AD%E6%9C%9F%E5%A4%A7%E5%AD%A6>
<http://www.wikidata.org/entity/Q8193025>	"国道246号"@ja	<http://www.wikidata.org/entity/Q34442>	"道路"@ja	<http://www.wikidata.org/entity/P1302>	"主な経由都市"@ja	<https://ja.wikipedia.org/wiki/%E5%9B%BD%E9%81%93246%E5%8F%B7>
<http://www.wikidata.org/entity/Q10871989>	"経ヶ岳"@ja	<http://www.wikidata.org/entity/Q8502>	"山"@ja	<http://www.wikidata.org/entity/P131>	"位置する行政区画"@ja	<https://ja.wikipedia.org/wiki/%E7%B5%8C%E3%83%B6%E5%B2%B3_(%E7%A5%9E%E5%A5%88%E5%B7%9D%E7%9C%8C)>
<http://www.wikidata.org/entity/Q10911046>	"厚木西インターチェンジ"@ja	<http://www.wikidata.org/entity/Q2376564>	"インターチェンジ"@ja	<http://www.wikidata.org/entity/P131>	"位置する行政区画"@ja	<https://ja.wikipedia.org/wiki/%E5%8E%9A%E6%9C%A8%E8%A5%BF%E3%82%A4%E3%83%B3%E3%82%BF%E3%83%BC%E3%83%81%E3%82%A7%E3%83%B3%E3%82%B8>
<http://www.wikidata.org/entity/Q10911044>	"厚木インターチェンジ"@ja	<http://www.wikidata.org/entity/Q2376564>	"インターチェンジ"@ja	<http://www.wikidata.org/entity/P131>	"位置する行政区画"@ja	<https://ja.wikipedia.org/wiki/%E5%8E%9A%E6%9C%A8%E3%82%A4%E3%83%B3%E3%82%BF%E3%83%BC%E3%83%81%E3%82%A7%E3%83%B3%E3%82%B8>
<http://www.wikidata.org/entity/Q10911044>	"厚木インターチェンジ"@ja	<http://www.wikidata.org/entity/Q1788454>	"ジャンクション"@ja	<http://www.wikidata.org/entity/P131>	"位置する行政区画"@ja	<https://ja.wikipedia.org/wiki/%E5%8E%9A%E6%9C%A8%E3%82%A4%E3%83%B3%E3%82%BF%E3%83%BC%E3%83%81%E3%82%A7%E3%83%B3%E3%82%B8>
<http://www.wikidata.org/entity/Q10911045>	"厚木パーキングエリア"@ja	<http://www.wikidata.org/entity/Q785979>	"パーキングエリア"@ja	<http://www.wikidata.org/entity/P131>	"位置する行政区画"@ja	<https://ja.wikipedia.org/wiki/%E5%8E%9A%E6%9C%A8%E3%83%91%E3%83%BC%E3%82%AD%E3%83%B3%E3%82%B0%E3%82%A8%E3%83%AA%E3%82%A2>
<http://www.wikidata.org/entity/Q10926738>	"圏央厚木インターチェンジ"@ja	<http://www.wikidata.org/entity/Q2376564>	"インターチェンジ"@ja	<http://www.wikidata.org/entity/P131>	"位置する行政区画"@ja	<https://ja.wikipedia.org/wiki/%E5%9C%8F%E5%A4%AE%E5%8E%9A%E6%9C%A8%E3%82%A4%E3%83%B3%E3%82%BF%E3%83%BC%E3%83%81%E3%82%A7%E3%83%B3%E3%82%B8>
<http://www.wikidata.org/entity/Q11222036>	"G＝ヒコロウ"@ja	<http://www.wikidata.org/entity/Q5>	"ヒト"@ja	<http://www.wikidata.org/entity/P19>	"出生地"@ja	<https://ja.wikipedia.org/wiki/G%EF%BC%9D%E3%83%92%E3%82%B3%E3%83%AD%E3%82%A6>
<http://www.wikidata.org/entity/Q11236166>	"NTT物性科学基礎研究所"@ja	<http://www.wikidata.org/entity/Q31855>	"研究所"@ja	<http://www.wikidata.org/entity/P131>	"位置する行政区画"@ja	<https://ja.wikipedia.org/wiki/NTT%E7%89%A9%E6%80%A7%E7%A7%91%E5%AD%A6%E5%9F%BA%E7%A4%8E%E7%A0%94%E7%A9%B6%E6%89%80>
<http://www.wikidata.org/entity/Q11240717>	"森廉"@ja	<http://www.wikidata.org/entity/Q5>	"ヒト"@ja	<http://www.wikidata.org/entity/P19>	"出生地"@ja	<https://ja.wikipedia.org/wiki/%E6%A3%AE%E5%BB%89>
<http://www.wikidata.org/entity/Q11258527>	"あゆみ橋"@ja	<http://www.wikidata.org/entity/Q12280>	"橋"@ja	<http://www.wikidata.org/entity/P131>	"位置する行政区画"@ja	<https://ja.wikipedia.org/wiki/%E3%81%82%E3%82%86%E3%81%BF%E6%A9%8B_(%E7%9B%B8%E6%A8%A1%E5%B7%9D)>
<http://www.wikidata.org/entity/Q11264116>	"かぶと湯温泉"@ja	<http://www.wikidata.org/entity/Q11408869>	"単純温泉"@ja	<http://www.wikidata.org/entity/P131>	"位置する行政区画"@ja	<https://ja.wikipedia.org/wiki/%E3%81%8B%E3%81%B6%E3%81%A8%E6%B9%AF%E6%B8%A9%E6%B3%89>
<http://www.wikidata.org/entity/Q11264116>	"かぶと湯温泉"@ja	<http://www.wikidata.org/entity/Q655311>	"温泉"@ja	<http://www.wikidata.org/entity/P131>	"位置する行政区画"@ja	<https://ja.wikipedia.org/wiki/%E3%81%8B%E3%81%B6%E3%81%A8%E6%B9%AF%E6%B8%A9%E6%B3%89>
<http://www.wikidata.org/entity/Q11347205>	"ラビリンスと香澄"@ja	<http://www.wikidata.org/entity/Q5>	"ヒト"@ja	<http://www.wikidata.org/entity/P19>	"出生地"@ja	<https://ja.wikipedia.org/wiki/%E3%83%A9%E3%83%93%E3%83%AA%E3%83%B3%E3%82%B9%E3%81%A8%E9%A6%99%E6%BE%84>
<http://www.wikidata.org/entity/Q11352681>	"一戸奈美"@ja	<http://www.wikidata.org/entity/Q5>	"ヒト"@ja	<http://www.wikidata.org/entity/P19>	"出生地"@ja	<https://ja.wikipedia.org/wiki/%E4%B8%80%E6%88%B8%E5%A5%88%E7%BE%8E>
<http://www.wikidata.org/entity/Q11353595>	"七沢温泉"@ja	<http://www.wikidata.org/entity/Q11408869>	"単純温泉"@ja	<http://www.wikidata.org/entity/P131>	"位置する行政区画"@ja	<https://ja.wikipedia.org/wiki/%E4%B8%83%E6%B2%A2%E6%B8%A9%E6%B3%89>
<http://www.wikidata.org/entity/Q11353595>	"七沢温泉"@ja	<http://www.wikidata.org/entity/Q655311>	"温泉"@ja	<http://www.wikidata.org/entity/P131>	"位置する行政区画"@ja	<https://ja.wikipedia.org/wiki/%E4%B8%83%E6%B2%A2%E6%B8%A9%E6%B3%89>
<http://www.wikidata.org/entity/Q11353592>	"七沢希望の丘初等学校"@ja	<http://www.wikidata.org/entity/Q5358913>	"日本の小学校"@ja	<http://www.wikidata.org/entity/P131>	"位置する行政区画"@ja	<https://ja.wikipedia.org/wiki/%E4%B8%83%E6%B2%A2%E5%B8%8C%E6%9C%9B%E3%81%AE%E4%B8%98%E5%88%9D%E7%AD%89%E5%AD%A6%E6%A0%A1>
<http://www.wikidata.org/entity/Q11356022>	"三橋直樹"@ja	<http://www.wikidata.org/entity/Q5>	"ヒト"@ja	<http://www.wikidata.org/entity/P19>	"出生地"@ja	<https://ja.wikipedia.org/wiki/%E4%B8%89%E6%A9%8B%E7%9B%B4%E6%A8%B9>
<http://www.wikidata.org/entity/Q11356732>	"三田村"@ja	<http://www.wikidata.org/entity/Q18663566>	"日本の廃止市区町村"@ja	<http://www.wikidata.org/entity/P3842>	"位置する現在の行政区画"@ja	<https://ja.wikipedia.org/wiki/%E4%B8%89%E7%94%B0%E6%9D%91_(%E7%A5%9E%E5%A5%88%E5%B7%9D%E7%9C%8C)>
<http://www.wikidata.org/entity/Q11360450>	"上野裕和"@ja	<http://www.wikidata.org/entity/Q5>	"ヒト"@ja	<http://www.wikidata.org/entity/P19>	"出生地"@ja	<https://ja.wikipedia.org/wiki/%E4%B8%8A%E9%87%8E%E8%A3%95%E5%92%8C>
<http://www.wikidata.org/entity/Q11360860>	"下川入村"@ja	<http://www.wikidata.org/entity/Q18663566>	"日本の廃止市区町村"@ja	<http://www.wikidata.org/entity/P3842>	"位置する現在の行政区画"@ja	<https://ja.wikipedia.org/wiki/%E4%B8%8B%E5%B7%9D%E5%85%A5%E6%9D%91>
<http://www.wikidata.org/entity/Q11367591>	"中野愛子 (写真家)"@ja	<http://www.wikidata.org/entity/Q5>	"ヒト"@ja	<http://www.wikidata.org/entity/P19>	"出生地"@ja	<https://ja.wikipedia.org/wiki/%E4%B8%AD%E9%87%8E%E6%84%9B%E5%AD%90_(%E5%86%99%E7%9C%9F%E5%AE%B6)>
<http://www.wikidata.org/entity/Q11385555>	"依知村"@ja	<http://www.wikidata.org/entity/Q18663566>	"日本の廃止市区町村"@ja	<http://www.wikidata.org/entity/P3842>	"位置する現在の行政区画"@ja	<https://ja.wikipedia.org/wiki/%E4%BE%9D%E7%9F%A5%E6%9D%91>
<http://www.wikidata.org/entity/Q11385555>	"依知村"@ja	<http://www.wikidata.org/entity/Q18663566>	"日本の廃止市区町村"@ja	<http://www.wikidata.org/entity/P1366>	"後継"@ja	<https://ja.wikipedia.org/wiki/%E4%BE%9D%E7%9F%A5%E6%9D%91>
<http://www.wikidata.org/entity/Q11387330>	"備前夕子"@ja	<http://www.wikidata.org/entity/Q5>	"ヒト"@ja	<http://www.wikidata.org/entity/P19>	"出生地"@ja	<https://ja.wikipedia.org/wiki/%E5%82%99%E5%89%8D%E5%A4%95%E5%AD%90>
<http://www.wikidata.org/entity/Q11391662>	"八田牧子"@ja	<http://www.wikidata.org/entity/Q5>	"ヒト"@ja	<http://www.wikidata.org/entity/P19>	"出生地"@ja	<https://ja.wikipedia.org/wiki/%E5%85%AB%E7%94%B0%E7%89%A7%E5%AD%90>
<http://www.wikidata.org/entity/Q11394731>	"円光寺"@ja	<http://www.wikidata.org/entity/Q5393308>	"仏教寺院"@ja	<http://www.wikidata.org/entity/P131>	"位置する行政区画"@ja	<https://ja.wikipedia.org/wiki/%E5%86%86%E5%85%89%E5%AF%BA_(%E5%8E%9A%E6%9C%A8%E5%B8%82)>
<http://www.wikidata.org/entity/Q11408033>	"南毛利村"@ja	<http://www.wikidata.org/entity/Q18663566>	"日本の廃止市区町村"@ja	<http://www.wikidata.org/entity/P3842>	"位置する現在の行政区画"@ja	<https://ja.wikipedia.org/wiki/%E5%8D%97%E6%AF%9B%E5%88%A9%E6%9D%91>
<http://www.wikidata.org/entity/Q11408033>	"南毛利村"@ja	<http://www.wikidata.org/entity/Q18663566>	"日本の廃止市区町村"@ja	<http://www.wikidata.org/entity/P1366>	"後継"@ja	<https://ja.wikipedia.org/wiki/%E5%8D%97%E6%AF%9B%E5%88%A9%E6%9D%91>
<http://www.wikidata.org/entity/Q11409239>	"厚木シロコロ・ホルモン"@ja	<http://www.wikidata.org/entity/Q100320371>	"もつ料理"@ja	<http://www.wikidata.org/entity/P2341>	"地域・民族"@ja	<https://ja.wikipedia.org/wiki/%E5%8E%9A%E6%9C%A8%E3%82%B7%E3%83%AD%E3%82%B3%E3%83%AD%E3%83%BB%E3%83%9B%E3%83%AB%E3%83%A2%E3%83%B3>
<http://www.wikidata.org/entity/Q11409243>	"厚木中央高等学校"@ja	<http://www.wikidata.org/entity/Q56351315>	"日本の高等学校"@ja	<http://www.wikidata.org/entity/P131>	"位置する行政区画"@ja	<https://ja.wikipedia.org/wiki/%E5%8E%9A%E6%9C%A8%E4%B8%AD%E5%A4%AE%E9%AB%98%E7%AD%89%E5%AD%A6%E6%A0%A1>
<http://www.wikidata.org/entity/Q11409249>	"厚木南インターチェンジ"@ja	<http://www.wikidata.org/entity/Q2376564>	"インターチェンジ"@ja	<http://www.wikidata.org/entity/P131>	"位置する行政区画"@ja	<https://ja.wikipedia.org/wiki/%E5%8E%9A%E6%9C%A8%E5%8D%97%E3%82%A4%E3%83%B3%E3%82%BF%E3%83%BC%E3%83%81%E3%82%A7%E3%83%B3%E3%82%B8>
