?s	?sLabel	?type	?typeLabel	?prop	?propLabel	?jwiki
<http://www.wikidata.org/entity/Q127513>	"神奈川県"@ja	<http://www.wikidata.org/entity/Q50337>	"都道府県"@ja	<http://www.wikidata.org/entity/P150>	"直下の行政区画"@ja	<https://ja.wikipedia.org/wiki/%E7%A5%9E%E5%A5%88%E5%B7%9D%E7%9C%8C>
<http://www.wikidata.org/entity/Q386661>	"藤沢市"@ja	<http://www.wikidata.org/entity/Q11499984>	"文教都市"@ja	<http://www.wikidata.org/entity/P47>	"隣の国又は行政区画"@ja	<https://ja.wikipedia.org/wiki/%E8%97%A4%E6%B2%A2%E5%B8%82>
<http://www.wikidata.org/entity/Q386661>	"藤沢市"@ja	<http://www.wikidata.org/entity/Q9391358>	"保健所政令市"@ja	<http://www.wikidata.org/entity/P47>	"隣の国又は行政区画"@ja	<https://ja.wikipedia.org/wiki/%E8%97%A4%E6%B2%A2%E5%B8%82>
<http://www.wikidata.org/entity/Q386661>	"藤沢市"@ja	<http://www.wikidata.org/entity/Q1549591>	"10万都市"@ja	<http://www.wikidata.org/entity/P47>	"隣の国又は行政区画"@ja	<https://ja.wikipedia.org/wiki/%E8%97%A4%E6%B2%A2%E5%B8%82>
<http://www.wikidata.org/entity/Q386661>	"藤沢市"@ja	<http://www.wikidata.org/entity/Q691960>	"衛星都市"@ja	<http://www.wikidata.org/entity/P47>	"隣の国又は行政区画"@ja	<https://ja.wikipedia.org/wiki/%E8%97%A4%E6%B2%A2%E5%B8%82>
<http://www.wikidata.org/entity/Q386661>	"藤沢市"@ja	<http://www.wikidata.org/entity/Q494721>	"日本の市"@ja	<http://www.wikidata.org/entity/P47>	"隣の国又は行政区画"@ja	<https://ja.wikipedia.org/wiki/%E8%97%A4%E6%B2%A2%E5%B8%82>
<http://www.wikidata.org/entity/Q386697>	"大和市"@ja	<http://www.wikidata.org/entity/Q1549591>	"10万都市"@ja	<http://www.wikidata.org/entity/P47>	"隣の国又は行政区画"@ja	<https://ja.wikipedia.org/wiki/%E5%A4%A7%E5%92%8C%E5%B8%82>
<http://www.wikidata.org/entity/Q386697>	"大和市"@ja	<http://www.wikidata.org/entity/Q1145012>	"特例市"@ja	<http://www.wikidata.org/entity/P47>	"隣の国又は行政区画"@ja	<https://ja.wikipedia.org/wiki/%E5%A4%A7%E5%92%8C%E5%B8%82>
<http://www.wikidata.org/entity/Q734390>	"海老名市"@ja	<http://www.wikidata.org/entity/Q1549591>	"10万都市"@ja	<http://www.wikidata.org/entity/P47>	"隣の国又は行政区画"@ja	<https://ja.wikipedia.org/wiki/%E6%B5%B7%E8%80%81%E5%90%8D%E5%B8%82>
<http://www.wikidata.org/entity/Q734390>	"海老名市"@ja	<http://www.wikidata.org/entity/Q494721>	"日本の市"@ja	<http://www.wikidata.org/entity/P47>	"隣の国又は行政区画"@ja	<https://ja.wikipedia.org/wiki/%E6%B5%B7%E8%80%81%E5%90%8D%E5%B8%82>
<http://www.wikidata.org/entity/Q1135694>	"東名高速道路"@ja	<http://www.wikidata.org/entity/Q16939396>	"有料道路"@ja	<http://www.wikidata.org/entity/P131>	"位置する行政区画"@ja	<https://ja.wikipedia.org/wiki/%E6%9D%B1%E5%90%8D%E9%AB%98%E9%80%9F%E9%81%93%E8%B7%AF>
<http://www.wikidata.org/entity/Q1135694>	"東名高速道路"@ja	<http://www.wikidata.org/entity/Q46622>	"高速道路"@ja	<http://www.wikidata.org/entity/P131>	"位置する行政区画"@ja	<https://ja.wikipedia.org/wiki/%E6%9D%B1%E5%90%8D%E9%AB%98%E9%80%9F%E9%81%93%E8%B7%AF>
<http://www.wikidata.org/entity/Q1144033>	"香椎由宇"@ja	<http://www.wikidata.org/entity/Q5>	"ヒト"@ja	<http://www.wikidata.org/entity/P19>	"出生地"@ja	<https://ja.wikipedia.org/wiki/%E9%A6%99%E6%A4%8E%E7%94%B1%E5%AE%87>
<http://www.wikidata.org/entity/Q1202173>	"志田未来"@ja	<http://www.wikidata.org/entity/Q5>	"ヒト"@ja	<http://www.wikidata.org/entity/P19>	"出生地"@ja	<https://ja.wikipedia.org/wiki/%E5%BF%97%E7%94%B0%E6%9C%AA%E6%9D%A5>
<http://www.wikidata.org/entity/Q3980261>	"秋田貴志"@ja	<http://www.wikidata.org/entity/Q5>	"ヒト"@ja	<http://www.wikidata.org/entity/P19>	"出生地"@ja	<https://ja.wikipedia.org/wiki/%E7%A7%8B%E7%94%B0%E8%B2%B4%E5%BF%97>
<http://www.wikidata.org/entity/Q8973090>	"石井貴"@ja	<http://www.wikidata.org/entity/Q5>	"ヒト"@ja	<http://www.wikidata.org/entity/P19>	"出生地"@ja	<https://ja.wikipedia.org/wiki/%E7%9F%B3%E4%BA%95%E8%B2%B4>
<http://www.wikidata.org/entity/Q11032590>	"綾瀬スマートインターチェンジ"@ja	<http://www.wikidata.org/entity/Q11313284>	"スマートインターチェンジ"@ja	<http://www.wikidata.org/entity/P131>	"位置する行政区画"@ja	<https://ja.wikipedia.org/wiki/%E7%B6%BE%E7%80%AC%E3%82%B9%E3%83%9E%E3%83%BC%E3%83%88%E3%82%A4%E3%83%B3%E3%82%BF%E3%83%BC%E3%83%81%E3%82%A7%E3%83%B3%E3%82%B8>
<http://www.wikidata.org/entity/Q11308101>	"シューレスジョー (お笑い芸人)"@ja	<http://www.wikidata.org/entity/Q5>	"ヒト"@ja	<http://www.wikidata.org/entity/P19>	"出生地"@ja	<https://ja.wikipedia.org/wiki/%E3%82%B7%E3%83%A5%E3%83%BC%E3%83%AC%E3%82%B9%E3%82%B8%E3%83%A7%E3%83%BC_(%E3%81%8A%E7%AC%91%E3%81%84%E8%8A%B8%E4%BA%BA)>
<http://www.wikidata.org/entity/Q11399921>	"勅使川原昭"@ja	<http://www.wikidata.org/entity/Q5>	"ヒト"@ja	<http://www.wikidata.org/entity/P19>	"出生地"@ja	<https://ja.wikipedia.org/wiki/%E5%8B%85%E4%BD%BF%E5%B7%9D%E5%8E%9F%E6%98%AD>
<http://www.wikidata.org/entity/Q11423206>	"土屋かおり (バレーボール)"@ja	<http://www.wikidata.org/entity/Q5>	"ヒト"@ja	<http://www.wikidata.org/entity/P19>	"出生地"@ja	<https://ja.wikipedia.org/wiki/%E5%9C%9F%E5%B1%8B%E3%81%8B%E3%81%8A%E3%82%8A_(%E3%83%90%E3%83%AC%E3%83%BC%E3%83%9C%E3%83%BC%E3%83%AB)>
<http://www.wikidata.org/entity/Q11429282>	"増田亜矢子"@ja	<http://www.wikidata.org/entity/Q5>	"ヒト"@ja	<http://www.wikidata.org/entity/P19>	"出生地"@ja	<https://ja.wikipedia.org/wiki/%E5%A2%97%E7%94%B0%E4%BA%9C%E7%9F%A2%E5%AD%90>
<http://www.wikidata.org/entity/Q11432465>	"大光寺圭"@ja	<http://www.wikidata.org/entity/Q5>	"ヒト"@ja	<http://www.wikidata.org/entity/P19>	"出生地"@ja	<https://ja.wikipedia.org/wiki/%E5%A4%A7%E5%85%89%E5%AF%BA%E5%9C%AD>
<http://www.wikidata.org/entity/Q11463238>	"小畑由香里"@ja	<http://www.wikidata.org/entity/Q5>	"ヒト"@ja	<http://www.wikidata.org/entity/P19>	"出生地"@ja	<https://ja.wikipedia.org/wiki/%E5%B0%8F%E7%95%91%E7%94%B1%E9%A6%99%E9%87%8C>
<http://www.wikidata.org/entity/Q11474126>	"岩佐美代子"@ja	<http://www.wikidata.org/entity/Q5>	"ヒト"@ja	<http://www.wikidata.org/entity/P20>	"死没地"@ja	<https://ja.wikipedia.org/wiki/%E5%B2%A9%E4%BD%90%E7%BE%8E%E4%BB%A3%E5%AD%90>
<http://www.wikidata.org/entity/Q11563366>	"湘央生命科学技術専門学校"@ja	<http://www.wikidata.org/entity/Q24898692>	"専修学校"@ja	<http://www.wikidata.org/entity/P131>	"位置する行政区画"@ja	<https://ja.wikipedia.org/wiki/%E6%B9%98%E5%A4%AE%E7%94%9F%E5%91%BD%E7%A7%91%E5%AD%A6%E6%8A%80%E8%A1%93%E5%B0%82%E9%96%80%E5%AD%A6%E6%A0%A1>
<http://www.wikidata.org/entity/Q11563365>	"湘央医学技術専門学校"@ja	<http://www.wikidata.org/entity/Q24898692>	"専修学校"@ja	<http://www.wikidata.org/entity/P131>	"位置する行政区画"@ja	<https://ja.wikipedia.org/wiki/%E6%B9%98%E5%A4%AE%E5%8C%BB%E5%AD%A6%E6%8A%80%E8%A1%93%E5%B0%82%E9%96%80%E5%AD%A6%E6%A0%A1>
<http://www.wikidata.org/entity/Q11574852>	"生蘭高等専修学校"@ja	<http://www.wikidata.org/entity/Q11672688>	"高等専修学校"@ja	<http://www.wikidata.org/entity/P131>	"位置する行政区画"@ja	<https://ja.wikipedia.org/wiki/%E7%94%9F%E8%98%AD%E9%AB%98%E7%AD%89%E5%B0%82%E4%BF%AE%E5%AD%A6%E6%A0%A1>
<http://www.wikidata.org/entity/Q11585060>	"石井章夫"@ja	<http://www.wikidata.org/entity/Q5>	"ヒト"@ja	<http://www.wikidata.org/entity/P19>	"出生地"@ja	<https://ja.wikipedia.org/wiki/%E7%9F%B3%E4%BA%95%E7%AB%A0%E5%A4%AB>
<http://www.wikidata.org/entity/Q11589166>	"神奈川県立綾瀬高等学校"@ja	<http://www.wikidata.org/entity/Q56351315>	"日本の高等学校"@ja	<http://www.wikidata.org/entity/P131>	"位置する行政区画"@ja	<https://ja.wikipedia.org/wiki/%E7%A5%9E%E5%A5%88%E5%B7%9D%E7%9C%8C%E7%AB%8B%E7%B6%BE%E7%80%AC%E9%AB%98%E7%AD%89%E5%AD%A6%E6%A0%A1>
<http://www.wikidata.org/entity/Q11589164>	"神奈川県立綾瀬西高等学校"@ja	<http://www.wikidata.org/entity/Q56351315>	"日本の高等学校"@ja	<http://www.wikidata.org/entity/P131>	"位置する行政区画"@ja	<https://ja.wikipedia.org/wiki/%E7%A5%9E%E5%A5%88%E5%B7%9D%E7%9C%8C%E7%AB%8B%E7%B6%BE%E7%80%AC%E8%A5%BF%E9%AB%98%E7%AD%89%E5%AD%A6%E6%A0%A1>
<http://www.wikidata.org/entity/Q11589264>	"神奈川県道22号"@ja	<http://www.wikidata.org/entity/Q34442>	"道路"@ja	<http://www.wikidata.org/entity/P131>	"位置する行政区画"@ja	<https://ja.wikipedia.org/wiki/%E7%A5%9E%E5%A5%88%E5%B7%9D%E7%9C%8C%E9%81%9322%E5%8F%B7%E6%A8%AA%E6%B5%9C%E4%BC%8A%E5%8B%A2%E5%8E%9F%E7%B7%9A>
<http://www.wikidata.org/entity/Q11589287>	"神奈川県道406号"@ja	<http://www.wikidata.org/entity/Q34442>	"道路"@ja	<http://www.wikidata.org/entity/P609>	"起終点"@ja	<https://ja.wikipedia.org/wiki/%E7%A5%9E%E5%A5%88%E5%B7%9D%E7%9C%8C%E9%81%93406%E5%8F%B7%E5%90%89%E5%B2%A1%E6%B5%B7%E8%80%81%E5%90%8D%E7%B7%9A>
<http://www.wikidata.org/entity/Q11589287>	"神奈川県道406号"@ja	<http://www.wikidata.org/entity/Q34442>	"道路"@ja	<http://www.wikidata.org/entity/P131>	"位置する行政区画"@ja	<https://ja.wikipedia.org/wiki/%E7%A5%9E%E5%A5%88%E5%B7%9D%E7%9C%8C%E9%81%93406%E5%8F%B7%E5%90%89%E5%B2%A1%E6%B5%B7%E8%80%81%E5%90%8D%E7%B7%9A>
<http://www.wikidata.org/entity/Q11589294>	"神奈川県道43号"@ja	<http://www.wikidata.org/entity/Q34442>	"道路"@ja	<http://www.wikidata.org/entity/P131>	"位置する行政区画"@ja	<https://ja.wikipedia.org/wiki/%E7%A5%9E%E5%A5%88%E5%B7%9D%E7%9C%8C%E9%81%9343%E5%8F%B7%E8%97%A4%E6%B2%A2%E5%8E%9A%E6%9C%A8%E7%B7%9A>
<http://www.wikidata.org/entity/Q11589292>	"神奈川県道42号"@ja	<http://www.wikidata.org/entity/Q34442>	"道路"@ja	<http://www.wikidata.org/entity/P131>	"位置する行政区画"@ja	<https://ja.wikipedia.org/wiki/%E7%A5%9E%E5%A5%88%E5%B7%9D%E7%9C%8C%E9%81%9342%E5%8F%B7%E8%97%A4%E6%B2%A2%E5%BA%A7%E9%96%93%E5%8E%9A%E6%9C%A8%E7%B7%9A>
<http://www.wikidata.org/entity/Q11589293>	"神奈川県道40号"@ja	<http://www.wikidata.org/entity/Q34442>	"道路"@ja	<http://www.wikidata.org/entity/P131>	"位置する行政区画"@ja	<https://ja.wikipedia.org/wiki/%E7%A5%9E%E5%A5%88%E5%B7%9D%E7%9C%8C%E9%81%9340%E5%8F%B7%E6%A8%AA%E6%B5%9C%E5%8E%9A%E6%9C%A8%E7%B7%9A>
<http://www.wikidata.org/entity/Q11589297>	"神奈川県道45号"@ja	<http://www.wikidata.org/entity/Q34442>	"道路"@ja	<http://www.wikidata.org/entity/P131>	"位置する行政区画"@ja	<https://ja.wikipedia.org/wiki/%E7%A5%9E%E5%A5%88%E5%B7%9D%E7%9C%8C%E9%81%9345%E5%8F%B7%E4%B8%B8%E5%AD%90%E4%B8%AD%E5%B1%B1%E8%8C%85%E3%83%B6%E5%B4%8E%E7%B7%9A>
<http://www.wikidata.org/entity/Q11589664>	"神崎遺跡"@ja	<http://www.wikidata.org/entity/Q839954>	"遺跡"@ja	<http://www.wikidata.org/entity/P131>	"位置する行政区画"@ja	<https://ja.wikipedia.org/wiki/%E7%A5%9E%E5%B4%8E%E9%81%BA%E8%B7%A1>
<http://www.wikidata.org/entity/Q11616501>	"若林漢二"@ja	<http://www.wikidata.org/entity/Q5>	"ヒト"@ja	<http://www.wikidata.org/entity/P19>	"出生地"@ja	<https://ja.wikipedia.org/wiki/%E8%8B%A5%E6%9E%97%E6%BC%A2%E4%BA%8C>
<http://www.wikidata.org/entity/Q11620794>	"葉月みこ"@ja	<http://www.wikidata.org/entity/Q5>	"ヒト"@ja	<http://www.wikidata.org/entity/P19>	"出生地"@ja	<https://ja.wikipedia.org/wiki/%E8%91%89%E6%9C%88%E3%81%BF%E3%81%93>
<http://www.wikidata.org/entity/Q11622884>	"藤井貴彦"@ja	<http://www.wikidata.org/entity/Q5>	"ヒト"@ja	<http://www.wikidata.org/entity/P19>	"出生地"@ja	<https://ja.wikipedia.org/wiki/%E8%97%A4%E4%BA%95%E8%B2%B4%E5%BD%A6>
<http://www.wikidata.org/entity/Q11632753>	"谷口裕一"@ja	<http://www.wikidata.org/entity/Q5>	"ヒト"@ja	<http://www.wikidata.org/entity/P19>	"出生地"@ja	<https://ja.wikipedia.org/wiki/%E8%B0%B7%E5%8F%A3%E8%A3%95%E4%B8%80>
<http://www.wikidata.org/entity/Q11648877>	"鈴木拓"@ja	<http://www.wikidata.org/entity/Q5>	"ヒト"@ja	<http://www.wikidata.org/entity/P19>	"出生地"@ja	<https://ja.wikipedia.org/wiki/%E9%88%B4%E6%9C%A8%E6%8B%93>
<http://www.wikidata.org/entity/Q11666569>	"飯田涼"@ja	<http://www.wikidata.org/entity/Q5>	"ヒト"@ja	<http://www.wikidata.org/entity/P19>	"出生地"@ja	<https://ja.wikipedia.org/wiki/%E9%A3%AF%E7%94%B0%E6%B6%BC>
<http://www.wikidata.org/entity/Q15614205>	"Category:綾瀬市"@ja	<http://www.wikidata.org/entity/Q4167836>	"ウィキメディアのカテゴリ"@ja	<http://www.wikidata.org/entity/P301>	"カテゴリの中心主題"@ja	<https://ja.wikipedia.org/wiki/Category:%E7%B6%BE%E7%80%AC%E5%B8%82>
<http://www.wikidata.org/entity/Q16769937>	"加藤祐哉"@ja	<http://www.wikidata.org/entity/Q5>	"ヒト"@ja	<http://www.wikidata.org/entity/P19>	"出生地"@ja	<https://ja.wikipedia.org/wiki/%E5%8A%A0%E8%97%A4%E7%A5%90%E5%93%89>
<http://www.wikidata.org/entity/Q18991645>	"川﨑裕大"@ja	<http://www.wikidata.org/entity/Q5>	"ヒト"@ja	<http://www.wikidata.org/entity/P19>	"出生地"@ja	<https://ja.wikipedia.org/wiki/%E5%B7%9D%EF%A8%91%E8%A3%95%E5%A4%A7>
<http://www.wikidata.org/entity/Q20992334>	"谷口耕太郎"@ja	<http://www.wikidata.org/entity/Q5>	"ヒト"@ja	<http://www.wikidata.org/entity/P19>	"出生地"@ja	<https://ja.wikipedia.org/wiki/%E8%B0%B7%E5%8F%A3%E8%80%95%E5%A4%AA%E9%83%8E>
<http://www.wikidata.org/entity/Q21653639>	"土棚"@ja	<http://www.wikidata.org/entity/Q1620908>	"歴史的地域"@ja	<http://www.wikidata.org/entity/P131>	"位置する行政区画"@ja	<https://ja.wikipedia.org/wiki/%E5%9C%9F%E6%A3%9A_(%E7%A5%9E%E5%A5%88%E5%B7%9D%E7%9C%8C)>
<http://www.wikidata.org/entity/Q22126222>	"早川"@ja	<http://www.wikidata.org/entity/Q486972>	"集落"@ja	<http://www.wikidata.org/entity/P131>	"位置する行政区画"@ja	<https://ja.wikipedia.org/wiki/%E6%97%A9%E5%B7%9D_(%E7%B6%BE%E7%80%AC%E5%B8%82)>
<http://www.wikidata.org/entity/Q22126222>	"早川"@ja	<http://www.wikidata.org/entity/Q424857>	"大字"@ja	<http://www.wikidata.org/entity/P131>	"位置する行政区画"@ja	<https://ja.wikipedia.org/wiki/%E6%97%A9%E5%B7%9D_(%E7%B6%BE%E7%80%AC%E5%B8%82)>
<http://www.wikidata.org/entity/Q22126314>	"早川城山"@ja	<http://www.wikidata.org/entity/Q5327369>	"町丁"@ja	<http://www.wikidata.org/entity/P131>	"位置する行政区画"@ja	<https://ja.wikipedia.org/wiki/%E6%97%A9%E5%B7%9D%E5%9F%8E%E5%B1%B1>
<http://www.wikidata.org/entity/Q22126314>	"早川城山"@ja	<http://www.wikidata.org/entity/Q486972>	"集落"@ja	<http://www.wikidata.org/entity/P131>	"位置する行政区画"@ja	<https://ja.wikipedia.org/wiki/%E6%97%A9%E5%B7%9D%E5%9F%8E%E5%B1%B1>
<http://www.wikidata.org/entity/Q28684486>	"綾瀬市議会"@ja	<http://www.wikidata.org/entity/Q107199651>	"市議会"@ja	<http://www.wikidata.org/entity/P1001>	"管轄・適用区域"@ja	<https://ja.wikipedia.org/wiki/%E7%B6%BE%E7%80%AC%E5%B8%82%E8%AD%B0%E4%BC%9A>
<http://www.wikidata.org/entity/Q28689247>	"綾瀬市立城山中学校"@ja	<http://www.wikidata.org/entity/Q55521176>	"日本の中学校"@ja	<http://www.wikidata.org/entity/P131>	"位置する行政区画"@ja	<https://ja.wikipedia.org/wiki/%E7%B6%BE%E7%80%AC%E5%B8%82%E7%AB%8B%E5%9F%8E%E5%B1%B1%E4%B8%AD%E5%AD%A6%E6%A0%A1>
<http://www.wikidata.org/entity/Q28689247>	"綾瀬市立城山中学校"@ja	<http://www.wikidata.org/entity/Q55521176>	"日本の中学校"@ja	<http://www.wikidata.org/entity/P126>	"管理者"@ja	<https://ja.wikipedia.org/wiki/%E7%B6%BE%E7%80%AC%E5%B8%82%E7%AB%8B%E5%9F%8E%E5%B1%B1%E4%B8%AD%E5%AD%A6%E6%A0%A1>
<http://www.wikidata.org/entity/Q60985883>	"早川城"@ja	<http://www.wikidata.org/entity/Q92026>	"日本の城"@ja	<http://www.wikidata.org/entity/P131>	"位置する行政区画"@ja	<https://ja.wikipedia.org/wiki/%E6%97%A9%E5%B7%9D%E5%9F%8E>
<http://www.wikidata.org/entity/Q87267631>	"綾瀬市立綾南小学校"@ja	<http://www.wikidata.org/entity/Q5358913>	"日本の小学校"@ja	<http://www.wikidata.org/entity/P131>	"位置する行政区画"@ja	<https://ja.wikipedia.org/wiki/%E7%B6%BE%E7%80%AC%E5%B8%82%E7%AB%8B%E7%B6%BE%E5%8D%97%E5%B0%8F%E5%AD%A6%E6%A0%A1>
<http://www.wikidata.org/entity/Q87267631>	"綾瀬市立綾南小学校"@ja	<http://www.wikidata.org/entity/Q5358913>	"日本の小学校"@ja	<http://www.wikidata.org/entity/P126>	"管理者"@ja	<https://ja.wikipedia.org/wiki/%E7%B6%BE%E7%80%AC%E5%B8%82%E7%AB%8B%E7%B6%BE%E5%8D%97%E5%B0%8F%E5%AD%A6%E6%A0%A1>
<http://www.wikidata.org/entity/Q87267629>	"綾瀬市立早園小学校"@ja	<http://www.wikidata.org/entity/Q5358913>	"日本の小学校"@ja	<http://www.wikidata.org/entity/P131>	"位置する行政区画"@ja	<https://ja.wikipedia.org/wiki/%E7%B6%BE%E7%80%AC%E5%B8%82%E7%AB%8B%E6%97%A9%E5%9C%92%E5%B0%8F%E5%AD%A6%E6%A0%A1>
<http://www.wikidata.org/entity/Q87267629>	"綾瀬市立早園小学校"@ja	<http://www.wikidata.org/entity/Q5358913>	"日本の小学校"@ja	<http://www.wikidata.org/entity/P126>	"管理者"@ja	<https://ja.wikipedia.org/wiki/%E7%B6%BE%E7%80%AC%E5%B8%82%E7%AB%8B%E6%97%A9%E5%9C%92%E5%B0%8F%E5%AD%A6%E6%A0%A1>
<http://www.wikidata.org/entity/Q87319523>	"綾瀬市立綾瀬中学校"@ja	<http://www.wikidata.org/entity/Q55521176>	"日本の中学校"@ja	<http://www.wikidata.org/entity/P131>	"位置する行政区画"@ja	<https://ja.wikipedia.org/wiki/%E7%B6%BE%E7%80%AC%E5%B8%82%E7%AB%8B%E7%B6%BE%E7%80%AC%E4%B8%AD%E5%AD%A6%E6%A0%A1>
<http://www.wikidata.org/entity/Q87319523>	"綾瀬市立綾瀬中学校"@ja	<http://www.wikidata.org/entity/Q55521176>	"日本の中学校"@ja	<http://www.wikidata.org/entity/P126>	"管理者"@ja	<https://ja.wikipedia.org/wiki/%E7%B6%BE%E7%80%AC%E5%B8%82%E7%AB%8B%E7%B6%BE%E7%80%AC%E4%B8%AD%E5%AD%A6%E6%A0%A1>
<http://www.wikidata.org/entity/Q96479356>	"小園"@ja	<http://www.wikidata.org/entity/Q486972>	"集落"@ja	<http://www.wikidata.org/entity/P131>	"位置する行政区画"@ja	<https://ja.wikipedia.org/wiki/%E5%B0%8F%E5%9C%92_(%E7%B6%BE%E7%80%AC%E5%B8%82)>
<http://www.wikidata.org/entity/Q96479356>	"小園"@ja	<http://www.wikidata.org/entity/Q424857>	"大字"@ja	<http://www.wikidata.org/entity/P131>	"位置する行政区画"@ja	<https://ja.wikipedia.org/wiki/%E5%B0%8F%E5%9C%92_(%E7%B6%BE%E7%80%AC%E5%B8%82)>
<http://www.wikidata.org/entity/Q96479402>	"小園南"@ja	<http://www.wikidata.org/entity/Q5327369>	"町丁"@ja	<http://www.wikidata.org/entity/P131>	"位置する行政区画"@ja	<https://ja.wikipedia.org/wiki/%E5%B0%8F%E5%9C%92%E5%8D%97>
<http://www.wikidata.org/entity/Q96479402>	"小園南"@ja	<http://www.wikidata.org/entity/Q3957>	"街"@ja	<http://www.wikidata.org/entity/P131>	"位置する行政区画"@ja	<https://ja.wikipedia.org/wiki/%E5%B0%8F%E5%9C%92%E5%8D%97>
<http://www.wikidata.org/entity/Q97961904>	"上土棚中"@ja	<http://www.wikidata.org/entity/Q5327369>	"町丁"@ja	<http://www.wikidata.org/entity/P131>	"位置する行政区画"@ja	<https://ja.wikipedia.org/wiki/%E4%B8%8A%E5%9C%9F%E6%A3%9A%E4%B8%AD>
<http://www.wikidata.org/entity/Q97961904>	"上土棚中"@ja	<http://www.wikidata.org/entity/Q486972>	"集落"@ja	<http://www.wikidata.org/entity/P131>	"位置する行政区画"@ja	<https://ja.wikipedia.org/wiki/%E4%B8%8A%E5%9C%9F%E6%A3%9A%E4%B8%AD>
<http://www.wikidata.org/entity/Q97961904>	"上土棚中"@ja	<http://www.wikidata.org/entity/Q3957>	"街"@ja	<http://www.wikidata.org/entity/P131>	"位置する行政区画"@ja	<https://ja.wikipedia.org/wiki/%E4%B8%8A%E5%9C%9F%E6%A3%9A%E4%B8%AD>
<http://www.wikidata.org/entity/Q105259202>	"高田孝一"@ja	<http://www.wikidata.org/entity/Q5>	"ヒト"@ja	<http://www.wikidata.org/entity/P19>	"出生地"@ja	<https://ja.wikipedia.org/wiki/%E9%AB%98%E7%94%B0%E5%AD%9D%E4%B8%80>
<http://www.wikidata.org/entity/Q109301885>	"報恩寺"@ja	<http://www.wikidata.org/entity/Q5393308>	"仏教寺院"@ja	<http://www.wikidata.org/entity/P131>	"位置する行政区画"@ja	<https://ja.wikipedia.org/wiki/%E5%A0%B1%E6%81%A9%E5%AF%BA_(%E7%B6%BE%E7%80%AC%E5%B8%82)>
<http://www.wikidata.org/entity/Q109302568>	"長龍寺"@ja	<http://www.wikidata.org/entity/Q5393308>	"仏教寺院"@ja	<http://www.wikidata.org/entity/P131>	"位置する行政区画"@ja	<https://ja.wikipedia.org/wiki/%E9%95%B7%E9%BE%8D%E5%AF%BA_(%E7%B6%BE%E7%80%AC%E5%B8%82)>
<http://www.wikidata.org/entity/Q11364640>	"中島雄太"@ja	<http://www.wikidata.org/entity/Q5>	"ヒト"@ja	<http://www.wikidata.org/entity/P19>	"出生地"@ja	
<http://www.wikidata.org/entity/Q32756716>	"Q32756716"	<http://www.wikidata.org/entity/Q4167836>	"ウィキメディアのカテゴリ"@ja	<http://www.wikidata.org/entity/P971>	"以下の組み合わせカテゴリ"@ja	
<http://www.wikidata.org/entity/Q32756722>	"Q32756722"	<http://www.wikidata.org/entity/Q17362920>	"ウィキメディアの重複ページ"@ja	<http://www.wikidata.org/entity/P971>	"以下の組み合わせカテゴリ"@ja	
<http://www.wikidata.org/entity/Q32756722>	"Q32756722"	<http://www.wikidata.org/entity/Q4167836>	"ウィキメディアのカテゴリ"@ja	<http://www.wikidata.org/entity/P971>	"以下の組み合わせカテゴリ"@ja	
<http://www.wikidata.org/entity/Q56437316>	"綾瀬市長"@ja	<http://www.wikidata.org/entity/Q4164871>	"職位"@ja	<http://www.wikidata.org/entity/P1001>	"管轄・適用区域"@ja	
<http://www.wikidata.org/entity/Q61887453>	"綾瀬市立図書館"@ja	<http://www.wikidata.org/entity/Q28564>	"公共図書館"@ja	<http://www.wikidata.org/entity/P276>	"場所"@ja	
<http://www.wikidata.org/entity/Q61901173>	"綾瀬市北の台図書室"@ja	<http://www.wikidata.org/entity/Q28564>	"公共図書館"@ja	<http://www.wikidata.org/entity/P276>	"場所"@ja	
<http://www.wikidata.org/entity/Q61901176>	"綾瀬市寺尾いずみ図書室"@ja	<http://www.wikidata.org/entity/Q28564>	"公共図書館"@ja	<http://www.wikidata.org/entity/P276>	"場所"@ja	
<http://www.wikidata.org/entity/Q61901177>	"綾瀬市南部ふれあい図書室"@ja	<http://www.wikidata.org/entity/Q28564>	"公共図書館"@ja	<http://www.wikidata.org/entity/P276>	"場所"@ja	
<http://www.wikidata.org/entity/Q87267622>	"綾瀬市立綾瀬小学校"@ja	<http://www.wikidata.org/entity/Q5358913>	"日本の小学校"@ja	<http://www.wikidata.org/entity/P131>	"位置する行政区画"@ja	
<http://www.wikidata.org/entity/Q87267622>	"綾瀬市立綾瀬小学校"@ja	<http://www.wikidata.org/entity/Q5358913>	"日本の小学校"@ja	<http://www.wikidata.org/entity/P126>	"管理者"@ja	
<http://www.wikidata.org/entity/Q87267627>	"綾瀬市立綾西小学校"@ja	<http://www.wikidata.org/entity/Q5358913>	"日本の小学校"@ja	<http://www.wikidata.org/entity/P131>	"位置する行政区画"@ja	
<http://www.wikidata.org/entity/Q87267627>	"綾瀬市立綾西小学校"@ja	<http://www.wikidata.org/entity/Q5358913>	"日本の小学校"@ja	<http://www.wikidata.org/entity/P126>	"管理者"@ja	
<http://www.wikidata.org/entity/Q87267624>	"綾瀬市立綾北小学校"@ja	<http://www.wikidata.org/entity/Q5358913>	"日本の小学校"@ja	<http://www.wikidata.org/entity/P131>	"位置する行政区画"@ja	
<http://www.wikidata.org/entity/Q87267624>	"綾瀬市立綾北小学校"@ja	<http://www.wikidata.org/entity/Q5358913>	"日本の小学校"@ja	<http://www.wikidata.org/entity/P126>	"管理者"@ja	
<http://www.wikidata.org/entity/Q87267634>	"綾瀬市立天台小学校"@ja	<http://www.wikidata.org/entity/Q5358913>	"日本の小学校"@ja	<http://www.wikidata.org/entity/P131>	"位置する行政区画"@ja	
<http://www.wikidata.org/entity/Q87267634>	"綾瀬市立天台小学校"@ja	<http://www.wikidata.org/entity/Q5358913>	"日本の小学校"@ja	<http://www.wikidata.org/entity/P126>	"管理者"@ja	
<http://www.wikidata.org/entity/Q87267638>	"綾瀬市立落合小学校"@ja	<http://www.wikidata.org/entity/Q5358913>	"日本の小学校"@ja	<http://www.wikidata.org/entity/P131>	"位置する行政区画"@ja	
<http://www.wikidata.org/entity/Q87267638>	"綾瀬市立落合小学校"@ja	<http://www.wikidata.org/entity/Q5358913>	"日本の小学校"@ja	<http://www.wikidata.org/entity/P126>	"管理者"@ja	
<http://www.wikidata.org/entity/Q87267636>	"綾瀬市立北の台小学校"@ja	<http://www.wikidata.org/entity/Q5358913>	"日本の小学校"@ja	<http://www.wikidata.org/entity/P131>	"位置する行政区画"@ja	
<http://www.wikidata.org/entity/Q87267636>	"綾瀬市立北の台小学校"@ja	<http://www.wikidata.org/entity/Q5358913>	"日本の小学校"@ja	<http://www.wikidata.org/entity/P126>	"管理者"@ja	
<http://www.wikidata.org/entity/Q87267641>	"綾瀬市立土棚小学校"@ja	<http://www.wikidata.org/entity/Q5358913>	"日本の小学校"@ja	<http://www.wikidata.org/entity/P131>	"位置する行政区画"@ja	
<http://www.wikidata.org/entity/Q87267641>	"綾瀬市立土棚小学校"@ja	<http://www.wikidata.org/entity/Q5358913>	"日本の小学校"@ja	<http://www.wikidata.org/entity/P126>	"管理者"@ja	
<http://www.wikidata.org/entity/Q87267644>	"綾瀬市立寺尾小学校"@ja	<http://www.wikidata.org/entity/Q5358913>	"日本の小学校"@ja	<http://www.wikidata.org/entity/P131>	"位置する行政区画"@ja	
<http://www.wikidata.org/entity/Q87267644>	"綾瀬市立寺尾小学校"@ja	<http://www.wikidata.org/entity/Q5358913>	"日本の小学校"@ja	<http://www.wikidata.org/entity/P126>	"管理者"@ja	
<http://www.wikidata.org/entity/Q87319527>	"綾瀬市立北の台中学校"@ja	<http://www.wikidata.org/entity/Q55521176>	"日本の中学校"@ja	<http://www.wikidata.org/entity/P131>	"位置する行政区画"@ja	
<http://www.wikidata.org/entity/Q87319527>	"綾瀬市立北の台中学校"@ja	<http://www.wikidata.org/entity/Q55521176>	"日本の中学校"@ja	<http://www.wikidata.org/entity/P126>	"管理者"@ja	
<http://www.wikidata.org/entity/Q87319525>	"綾瀬市立綾北中学校"@ja	<http://www.wikidata.org/entity/Q55521176>	"日本の中学校"@ja	<http://www.wikidata.org/entity/P131>	"位置する行政区画"@ja	
<http://www.wikidata.org/entity/Q87319525>	"綾瀬市立綾北中学校"@ja	<http://www.wikidata.org/entity/Q55521176>	"日本の中学校"@ja	<http://www.wikidata.org/entity/P126>	"管理者"@ja	
<http://www.wikidata.org/entity/Q87319529>	"綾瀬市立春日台中学校"@ja	<http://www.wikidata.org/entity/Q55521176>	"日本の中学校"@ja	<http://www.wikidata.org/entity/P131>	"位置する行政区画"@ja	
<http://www.wikidata.org/entity/Q87319529>	"綾瀬市立春日台中学校"@ja	<http://www.wikidata.org/entity/Q55521176>	"日本の中学校"@ja	<http://www.wikidata.org/entity/P126>	"管理者"@ja	
<http://www.wikidata.org/entity/Q116205345>	"五社神社（綾瀬市）"@ja	<http://www.wikidata.org/entity/Q845945>	"神社"@ja	<http://www.wikidata.org/entity/P131>	"位置する行政区画"@ja	
<http://www.wikidata.org/entity/Q116456462>	"目久尻川サイクリングロード"@ja	<http://www.wikidata.org/entity/Q34442>	"道路"@ja	<http://www.wikidata.org/entity/P131>	"位置する行政区画"@ja	
