?s	?sLabel	?type	?typeLabel	?prop	?propLabel	?jwiki
<http://www.wikidata.org/entity/Q369720>	"ハウスヤルヴィ"@ja	<http://www.wikidata.org/entity/Q103910177>	"市、町または人口中心"@ja	<http://www.wikidata.org/entity/P190>	"姉妹都市"@ja	<https://ja.wikipedia.org/wiki/%E3%83%8F%E3%82%A6%E3%82%B9%E3%83%A4%E3%83%AB%E3%83%B4%E3%82%A3>
<http://www.wikidata.org/entity/Q369720>	"ハウスヤルヴィ"@ja	<http://www.wikidata.org/entity/Q856076>	"フィンランドの地方自治体"@ja	<http://www.wikidata.org/entity/P190>	"姉妹都市"@ja	<https://ja.wikipedia.org/wiki/%E3%83%8F%E3%82%A6%E3%82%B9%E3%83%A4%E3%83%AB%E3%83%B4%E3%82%A3>
<http://www.wikidata.org/entity/Q507147>	"砂川市"@ja	<http://www.wikidata.org/entity/Q494721>	"日本の市"@ja	<http://www.wikidata.org/entity/P1366>	"後継"@ja	<https://ja.wikipedia.org/wiki/%E7%A0%82%E5%B7%9D%E5%B8%82>
<http://www.wikidata.org/entity/Q507147>	"砂川市"@ja	<http://www.wikidata.org/entity/Q494721>	"日本の市"@ja	<http://www.wikidata.org/entity/P47>	"隣の国又は行政区画"@ja	<https://ja.wikipedia.org/wiki/%E7%A0%82%E5%B7%9D%E5%B8%82>
<http://www.wikidata.org/entity/Q725311>	"芦別市"@ja	<http://www.wikidata.org/entity/Q494721>	"日本の市"@ja	<http://www.wikidata.org/entity/P47>	"隣の国又は行政区画"@ja	<https://ja.wikipedia.org/wiki/%E8%8A%A6%E5%88%A5%E5%B8%82>
<http://www.wikidata.org/entity/Q1185455>	"空知郡"@ja	<http://www.wikidata.org/entity/Q1122846>	"郡"@ja	<http://www.wikidata.org/entity/P150>	"直下の行政区画"@ja	<https://ja.wikipedia.org/wiki/%E7%A9%BA%E7%9F%A5%E9%83%A1>
<http://www.wikidata.org/entity/Q1355559>	"浦臼町"@ja	<http://www.wikidata.org/entity/Q1059478>	"日本の町"@ja	<http://www.wikidata.org/entity/P47>	"隣の国又は行政区画"@ja	<https://ja.wikipedia.org/wiki/%E6%B5%A6%E8%87%BC%E7%94%BA>
<http://www.wikidata.org/entity/Q1357180>	"新十津川町"@ja	<http://www.wikidata.org/entity/Q1059478>	"日本の町"@ja	<http://www.wikidata.org/entity/P47>	"隣の国又は行政区画"@ja	<https://ja.wikipedia.org/wiki/%E6%96%B0%E5%8D%81%E6%B4%A5%E5%B7%9D%E7%94%BA>
<http://www.wikidata.org/entity/Q1357239>	"上砂川町"@ja	<http://www.wikidata.org/entity/Q1059478>	"日本の町"@ja	<http://www.wikidata.org/entity/P47>	"隣の国又は行政区画"@ja	<https://ja.wikipedia.org/wiki/%E4%B8%8A%E7%A0%82%E5%B7%9D%E7%94%BA>
<http://www.wikidata.org/entity/Q9618189>	"Category:奈井江町"@ja	<http://www.wikidata.org/entity/Q4167836>	"ウィキメディアのカテゴリ"@ja	<http://www.wikidata.org/entity/P301>	"カテゴリの中心主題"@ja	<https://ja.wikipedia.org/wiki/Category:%E5%A5%88%E4%BA%95%E6%B1%9F%E7%94%BA>
<http://www.wikidata.org/entity/Q10903350>	"北海道道1130号"@ja	<http://www.wikidata.org/entity/Q34442>	"道路"@ja	<http://www.wikidata.org/entity/P131>	"位置する行政区画"@ja	<https://ja.wikipedia.org/wiki/%E5%8C%97%E6%B5%B7%E9%81%93%E9%81%931130%E5%8F%B7%E7%A0%82%E5%B7%9D%E5%A5%88%E4%BA%95%E6%B1%9F%E7%BE%8E%E5%94%84%E7%B7%9A>
<http://www.wikidata.org/entity/Q10903406>	"北海道道278号"@ja	<http://www.wikidata.org/entity/Q34442>	"道路"@ja	<http://www.wikidata.org/entity/P609>	"起終点"@ja	<https://ja.wikipedia.org/wiki/%E5%8C%97%E6%B5%B7%E9%81%93%E9%81%93278%E5%8F%B7%E5%A5%88%E4%BA%95%E6%B1%9F%E6%B5%A6%E8%87%BC%E7%B7%9A>
<http://www.wikidata.org/entity/Q10903406>	"北海道道278号"@ja	<http://www.wikidata.org/entity/Q34442>	"道路"@ja	<http://www.wikidata.org/entity/P131>	"位置する行政区画"@ja	<https://ja.wikipedia.org/wiki/%E5%8C%97%E6%B5%B7%E9%81%93%E9%81%93278%E5%8F%B7%E5%A5%88%E4%BA%95%E6%B1%9F%E6%B5%A6%E8%87%BC%E7%B7%9A>
<http://www.wikidata.org/entity/Q10942250>	"奈井江砂川インターチェンジ"@ja	<http://www.wikidata.org/entity/Q2376564>	"インターチェンジ"@ja	<http://www.wikidata.org/entity/P131>	"位置する行政区画"@ja	<https://ja.wikipedia.org/wiki/%E5%A5%88%E4%BA%95%E6%B1%9F%E7%A0%82%E5%B7%9D%E3%82%A4%E3%83%B3%E3%82%BF%E3%83%BC%E3%83%81%E3%82%A7%E3%83%B3%E3%82%B8>
<http://www.wikidata.org/entity/Q11402677>	"北海道奈井江商業高等学校"@ja	<http://www.wikidata.org/entity/Q56351315>	"日本の高等学校"@ja	<http://www.wikidata.org/entity/P131>	"位置する行政区画"@ja	<https://ja.wikipedia.org/wiki/%E5%8C%97%E6%B5%B7%E9%81%93%E5%A5%88%E4%BA%95%E6%B1%9F%E5%95%86%E6%A5%AD%E9%AB%98%E7%AD%89%E5%AD%A6%E6%A0%A1>
<http://www.wikidata.org/entity/Q11403155>	"北海道道114号"@ja	<http://www.wikidata.org/entity/Q34442>	"道路"@ja	<http://www.wikidata.org/entity/P609>	"起終点"@ja	<https://ja.wikipedia.org/wiki/%E5%8C%97%E6%B5%B7%E9%81%93%E9%81%93114%E5%8F%B7%E8%B5%A4%E5%B9%B3%E5%A5%88%E4%BA%95%E6%B1%9F%E7%B7%9A>
<http://www.wikidata.org/entity/Q11403200>	"北海道道139号"@ja	<http://www.wikidata.org/entity/Q34442>	"道路"@ja	<http://www.wikidata.org/entity/P609>	"起終点"@ja	<https://ja.wikipedia.org/wiki/%E5%8C%97%E6%B5%B7%E9%81%93%E9%81%93139%E5%8F%B7%E6%B1%9F%E5%88%A5%E5%A5%88%E4%BA%95%E6%B1%9F%E7%B7%9A>
<http://www.wikidata.org/entity/Q11403200>	"北海道道139号"@ja	<http://www.wikidata.org/entity/Q34442>	"道路"@ja	<http://www.wikidata.org/entity/P131>	"位置する行政区画"@ja	<https://ja.wikipedia.org/wiki/%E5%8C%97%E6%B5%B7%E9%81%93%E9%81%93139%E5%8F%B7%E6%B1%9F%E5%88%A5%E5%A5%88%E4%BA%95%E6%B1%9F%E7%B7%9A>
<http://www.wikidata.org/entity/Q11403393>	"北海道道529号"@ja	<http://www.wikidata.org/entity/Q34442>	"道路"@ja	<http://www.wikidata.org/entity/P609>	"起終点"@ja	<https://ja.wikipedia.org/wiki/%E5%8C%97%E6%B5%B7%E9%81%93%E9%81%93529%E5%8F%B7%E6%9D%B1%E5%A5%88%E4%BA%95%E6%B1%9F%E5%A5%88%E4%BA%95%E6%B1%9F%E5%81%9C%E8%BB%8A%E5%A0%B4%E7%B7%9A>
<http://www.wikidata.org/entity/Q11403393>	"北海道道529号"@ja	<http://www.wikidata.org/entity/Q34442>	"道路"@ja	<http://www.wikidata.org/entity/P131>	"位置する行政区画"@ja	<https://ja.wikipedia.org/wiki/%E5%8C%97%E6%B5%B7%E9%81%93%E9%81%93529%E5%8F%B7%E6%9D%B1%E5%A5%88%E4%BA%95%E6%B1%9F%E5%A5%88%E4%BA%95%E6%B1%9F%E5%81%9C%E8%BB%8A%E5%A0%B4%E7%B7%9A>
<http://www.wikidata.org/entity/Q11641049>	"道の駅ハウスヤルビ奈井江"@ja	<http://www.wikidata.org/entity/Q1187691>	"道の駅"@ja	<http://www.wikidata.org/entity/P131>	"位置する行政区画"@ja	<https://ja.wikipedia.org/wiki/%E9%81%93%E3%81%AE%E9%A7%85%E3%83%8F%E3%82%A6%E3%82%B9%E3%83%A4%E3%83%AB%E3%83%93%E5%A5%88%E4%BA%95%E6%B1%9F>
<http://www.wikidata.org/entity/Q817271>	"美唄市"@ja	<http://www.wikidata.org/entity/Q494721>	"日本の市"@ja	<http://www.wikidata.org/entity/P47>	"隣の国又は行政区画"@ja	<https://ja.wikipedia.org/wiki/%E7%BE%8E%E5%94%84%E5%B8%82>
<http://www.wikidata.org/entity/Q851675>	"高梁市"@ja	<http://www.wikidata.org/entity/Q494721>	"日本の市"@ja	<http://www.wikidata.org/entity/P190>	"姉妹都市"@ja	<https://ja.wikipedia.org/wiki/%E9%AB%98%E6%A2%81%E5%B8%82>
<http://www.wikidata.org/entity/Q867982>	"道央自動車道"@ja	<http://www.wikidata.org/entity/Q16939396>	"有料道路"@ja	<http://www.wikidata.org/entity/P131>	"位置する行政区画"@ja	<https://ja.wikipedia.org/wiki/%E9%81%93%E5%A4%AE%E8%87%AA%E5%8B%95%E8%BB%8A%E9%81%93>
<http://www.wikidata.org/entity/Q867982>	"道央自動車道"@ja	<http://www.wikidata.org/entity/Q46622>	"高速道路"@ja	<http://www.wikidata.org/entity/P131>	"位置する行政区画"@ja	<https://ja.wikipedia.org/wiki/%E9%81%93%E5%A4%AE%E8%87%AA%E5%8B%95%E8%BB%8A%E9%81%93>
<http://www.wikidata.org/entity/Q873231>	"奈井江駅"@ja	<http://www.wikidata.org/entity/Q55488>	"鉄道駅"@ja	<http://www.wikidata.org/entity/P131>	"位置する行政区画"@ja	<https://ja.wikipedia.org/wiki/%E5%A5%88%E4%BA%95%E6%B1%9F%E9%A7%85>
<http://www.wikidata.org/entity/Q56436018>	"奈井江町長"@ja	<http://www.wikidata.org/entity/Q4164871>	"職位"@ja	<http://www.wikidata.org/entity/P1001>	"管轄・適用区域"@ja	
