?s	?sLabel	?type	?typeLabel	?prop	?propLabel	?jwiki
<http://www.wikidata.org/entity/Q637145>	"夕張市"@ja	<http://www.wikidata.org/entity/Q494721>	"日本の市"@ja	<http://www.wikidata.org/entity/P47>	"隣の国又は行政区画"@ja	<https://ja.wikipedia.org/wiki/%E5%A4%95%E5%BC%B5%E5%B8%82>
<http://www.wikidata.org/entity/Q693264>	"岩見沢市"@ja	<http://www.wikidata.org/entity/Q494721>	"日本の市"@ja	<http://www.wikidata.org/entity/P47>	"隣の国又は行政区画"@ja	<https://ja.wikipedia.org/wiki/%E5%B2%A9%E8%A6%8B%E6%B2%A2%E5%B8%82>
<http://www.wikidata.org/entity/Q29942185>	"藤村怜"@ja	<http://www.wikidata.org/entity/Q5>	"ヒト"@ja	<http://www.wikidata.org/entity/P19>	"出生地"@ja	<https://ja.wikipedia.org/wiki/%E8%97%A4%E6%9D%91%E6%80%9C>
<http://www.wikidata.org/entity/Q64747258>	"岩崎伸一"@ja	<http://www.wikidata.org/entity/Q5>	"ヒト"@ja	<http://www.wikidata.org/entity/P19>	"出生地"@ja	<https://ja.wikipedia.org/wiki/%E5%B2%A9%E5%B4%8E%E4%BC%B8%E4%B8%80>
<http://www.wikidata.org/entity/Q65951998>	"栗山赤十字病院"@ja	<http://www.wikidata.org/entity/Q16917>	"病院"@ja	<http://www.wikidata.org/entity/P131>	"位置する行政区画"@ja	<https://ja.wikipedia.org/wiki/%E6%A0%97%E5%B1%B1%E8%B5%A4%E5%8D%81%E5%AD%97%E7%97%85%E9%99%A2>
<http://www.wikidata.org/entity/Q107638877>	"萩鵜アキ"@ja	<http://www.wikidata.org/entity/Q5>	"ヒト"@ja	<http://www.wikidata.org/entity/P19>	"出生地"@ja	<https://ja.wikipedia.org/wiki/%E8%90%A9%E9%B5%9C%E3%82%A2%E3%82%AD>
<http://www.wikidata.org/entity/Q696425>	"角田市"@ja	<http://www.wikidata.org/entity/Q494721>	"日本の市"@ja	<http://www.wikidata.org/entity/P190>	"姉妹都市"@ja	<https://ja.wikipedia.org/wiki/%E8%A7%92%E7%94%B0%E5%B8%82>
<http://www.wikidata.org/entity/Q1186123>	"夕張郡"@ja	<http://www.wikidata.org/entity/Q1122846>	"郡"@ja	<http://www.wikidata.org/entity/P150>	"直下の行政区画"@ja	<https://ja.wikipedia.org/wiki/%E5%A4%95%E5%BC%B5%E9%83%A1>
<http://www.wikidata.org/entity/Q1355522>	"長沼町"@ja	<http://www.wikidata.org/entity/Q1059478>	"日本の町"@ja	<http://www.wikidata.org/entity/P47>	"隣の国又は行政区画"@ja	<https://ja.wikipedia.org/wiki/%E9%95%B7%E6%B2%BC%E7%94%BA>
<http://www.wikidata.org/entity/Q1355570>	"由仁町"@ja	<http://www.wikidata.org/entity/Q1059478>	"日本の町"@ja	<http://www.wikidata.org/entity/P47>	"隣の国又は行政区画"@ja	<https://ja.wikipedia.org/wiki/%E7%94%B1%E4%BB%81%E7%94%BA>
<http://www.wikidata.org/entity/Q6446103>	"栗山駅"@ja	<http://www.wikidata.org/entity/Q55488>	"鉄道駅"@ja	<http://www.wikidata.org/entity/P131>	"位置する行政区画"@ja	<https://ja.wikipedia.org/wiki/%E6%A0%97%E5%B1%B1%E9%A7%85>
<http://www.wikidata.org/entity/Q10063463>	"Category:栗山町"@ja	<http://www.wikidata.org/entity/Q4167836>	"ウィキメディアのカテゴリ"@ja	<http://www.wikidata.org/entity/P301>	"カテゴリの中心主題"@ja	<https://ja.wikipedia.org/wiki/Category:%E6%A0%97%E5%B1%B1%E7%94%BA>
<http://www.wikidata.org/entity/Q10903516>	"北海道道477号"@ja	<http://www.wikidata.org/entity/Q34442>	"道路"@ja	<http://www.wikidata.org/entity/P609>	"起終点"@ja	<https://ja.wikipedia.org/wiki/%E5%8C%97%E6%B5%B7%E9%81%93%E9%81%93477%E5%8F%B7%E6%BB%9D%E4%B8%8B%E7%94%B1%E4%BB%81%E5%81%9C%E8%BB%8A%E5%A0%B4%E7%B7%9A>
<http://www.wikidata.org/entity/Q10903535>	"北海道道692号"@ja	<http://www.wikidata.org/entity/Q34442>	"道路"@ja	<http://www.wikidata.org/entity/P609>	"起終点"@ja	<https://ja.wikipedia.org/wiki/%E5%8C%97%E6%B5%B7%E9%81%93%E9%81%93692%E5%8F%B7%E8%A7%92%E7%94%B0%E6%A0%97%E5%B1%B1%E5%81%9C%E8%BB%8A%E5%A0%B4%E7%B7%9A>
<http://www.wikidata.org/entity/Q10903535>	"北海道道692号"@ja	<http://www.wikidata.org/entity/Q34442>	"道路"@ja	<http://www.wikidata.org/entity/P131>	"位置する行政区画"@ja	<https://ja.wikipedia.org/wiki/%E5%8C%97%E6%B5%B7%E9%81%93%E9%81%93692%E5%8F%B7%E8%A7%92%E7%94%B0%E6%A0%97%E5%B1%B1%E5%81%9C%E8%BB%8A%E5%A0%B4%E7%B7%9A>
<http://www.wikidata.org/entity/Q10903551>	"北海道道749号"@ja	<http://www.wikidata.org/entity/Q34442>	"道路"@ja	<http://www.wikidata.org/entity/P609>	"起終点"@ja	<https://ja.wikipedia.org/wiki/%E5%8C%97%E6%B5%B7%E9%81%93%E9%81%93749%E5%8F%B7%E9%B3%A9%E5%B1%B1%E7%B6%99%E7%AB%8B%E5%81%9C%E8%BB%8A%E5%A0%B4%E7%B7%9A>
<http://www.wikidata.org/entity/Q10903551>	"北海道道749号"@ja	<http://www.wikidata.org/entity/Q34442>	"道路"@ja	<http://www.wikidata.org/entity/P131>	"位置する行政区画"@ja	<https://ja.wikipedia.org/wiki/%E5%8C%97%E6%B5%B7%E9%81%93%E9%81%93749%E5%8F%B7%E9%B3%A9%E5%B1%B1%E7%B6%99%E7%AB%8B%E5%81%9C%E8%BB%8A%E5%A0%B4%E7%B7%9A>
<http://www.wikidata.org/entity/Q10903617>	"北海道道874号"@ja	<http://www.wikidata.org/entity/Q34442>	"道路"@ja	<http://www.wikidata.org/entity/P609>	"起終点"@ja	<https://ja.wikipedia.org/wiki/%E5%8C%97%E6%B5%B7%E9%81%93%E9%81%93874%E5%8F%B7%E6%9C%9D%E6%97%A5%E6%A1%9C%E4%B8%98%E7%B7%9A>
<http://www.wikidata.org/entity/Q10903617>	"北海道道874号"@ja	<http://www.wikidata.org/entity/Q34442>	"道路"@ja	<http://www.wikidata.org/entity/P131>	"位置する行政区画"@ja	<https://ja.wikipedia.org/wiki/%E5%8C%97%E6%B5%B7%E9%81%93%E9%81%93874%E5%8F%B7%E6%9C%9D%E6%97%A5%E6%A1%9C%E4%B8%98%E7%B7%9A>
<http://www.wikidata.org/entity/Q11402864>	"北海道栗山高等学校"@ja	<http://www.wikidata.org/entity/Q56351315>	"日本の高等学校"@ja	<http://www.wikidata.org/entity/P131>	"位置する行政区画"@ja	<https://ja.wikipedia.org/wiki/%E5%8C%97%E6%B5%B7%E9%81%93%E6%A0%97%E5%B1%B1%E9%AB%98%E7%AD%89%E5%AD%A6%E6%A0%A1>
<http://www.wikidata.org/entity/Q11403119>	"北海道道1080号"@ja	<http://www.wikidata.org/entity/Q34442>	"道路"@ja	<http://www.wikidata.org/entity/P609>	"起終点"@ja	<https://ja.wikipedia.org/wiki/%E5%8C%97%E6%B5%B7%E9%81%93%E9%81%931080%E5%8F%B7%E6%A0%97%E5%B1%B1%E5%8C%97%E5%BA%83%E5%B3%B6%E7%B7%9A>
<http://www.wikidata.org/entity/Q11403280>	"北海道道30号"@ja	<http://www.wikidata.org/entity/Q34442>	"道路"@ja	<http://www.wikidata.org/entity/P609>	"起終点"@ja	<https://ja.wikipedia.org/wiki/%E5%8C%97%E6%B5%B7%E9%81%93%E9%81%9330%E5%8F%B7%E4%B8%89%E7%AC%A0%E6%A0%97%E5%B1%B1%E7%B7%9A>
<http://www.wikidata.org/entity/Q11403280>	"北海道道30号"@ja	<http://www.wikidata.org/entity/Q34442>	"道路"@ja	<http://www.wikidata.org/entity/P131>	"位置する行政区画"@ja	<https://ja.wikipedia.org/wiki/%E5%8C%97%E6%B5%B7%E9%81%93%E9%81%9330%E5%8F%B7%E4%B8%89%E7%AC%A0%E6%A0%97%E5%B1%B1%E7%B7%9A>
<http://www.wikidata.org/entity/Q11403353>	"北海道道45号"@ja	<http://www.wikidata.org/entity/Q34442>	"道路"@ja	<http://www.wikidata.org/entity/P609>	"起終点"@ja	<https://ja.wikipedia.org/wiki/%E5%8C%97%E6%B5%B7%E9%81%93%E9%81%9345%E5%8F%B7%E6%81%B5%E5%BA%AD%E6%A0%97%E5%B1%B1%E7%B7%9A>
<http://www.wikidata.org/entity/Q17350315>	"バービー"@ja	<http://www.wikidata.org/entity/Q5>	"ヒト"@ja	<http://www.wikidata.org/entity/P19>	"出生地"@ja	<https://ja.wikipedia.org/wiki/%E3%83%90%E3%83%BC%E3%83%93%E3%83%BC_(%E3%81%8A%E7%AC%91%E3%81%84%E8%8A%B8%E4%BA%BA)>
<http://www.wikidata.org/entity/Q21391508>	"平塚直秀"@ja	<http://www.wikidata.org/entity/Q5>	"ヒト"@ja	<http://www.wikidata.org/entity/P19>	"出生地"@ja	
<http://www.wikidata.org/entity/Q51885860>	"2018年栗山町長選挙"@ja	<http://www.wikidata.org/entity/Q152450>	"市町村選挙"@ja	<http://www.wikidata.org/entity/P1001>	"管轄・適用区域"@ja	
<http://www.wikidata.org/entity/Q51885866>	"栗山町長"@ja	<http://www.wikidata.org/entity/Q4164871>	"職位"@ja	<http://www.wikidata.org/entity/P1001>	"管轄・適用区域"@ja	
