?s	?sLabel	?type	?typeLabel	?prop	?propLabel	?jwiki
<http://www.wikidata.org/entity/Q817268>	"深川市"@ja	<http://www.wikidata.org/entity/Q494721>	"日本の市"@ja	<http://www.wikidata.org/entity/P47>	"隣の国又は行政区画"@ja	<https://ja.wikipedia.org/wiki/%E6%B7%B1%E5%B7%9D%E5%B8%82>
<http://www.wikidata.org/entity/Q842286>	"滝川市"@ja	<http://www.wikidata.org/entity/Q494721>	"日本の市"@ja	<http://www.wikidata.org/entity/P47>	"隣の国又は行政区画"@ja	<https://ja.wikipedia.org/wiki/%E6%BB%9D%E5%B7%9D%E5%B8%82>
<http://www.wikidata.org/entity/Q875565>	"妹背牛駅"@ja	<http://www.wikidata.org/entity/Q55488>	"鉄道駅"@ja	<http://www.wikidata.org/entity/P131>	"位置する行政区画"@ja	<https://ja.wikipedia.org/wiki/%E5%A6%B9%E8%83%8C%E7%89%9B%E9%A7%85>
<http://www.wikidata.org/entity/Q1186040>	"雨竜郡"@ja	<http://www.wikidata.org/entity/Q1122846>	"郡"@ja	<http://www.wikidata.org/entity/P150>	"直下の行政区画"@ja	<https://ja.wikipedia.org/wiki/%E9%9B%A8%E7%AB%9C%E9%83%A1>
<http://www.wikidata.org/entity/Q1357037>	"雨竜町"@ja	<http://www.wikidata.org/entity/Q1059478>	"日本の町"@ja	<http://www.wikidata.org/entity/P47>	"隣の国又は行政区画"@ja	<https://ja.wikipedia.org/wiki/%E9%9B%A8%E7%AB%9C%E7%94%BA>
<http://www.wikidata.org/entity/Q1357097>	"秩父別町"@ja	<http://www.wikidata.org/entity/Q1059478>	"日本の町"@ja	<http://www.wikidata.org/entity/P47>	"隣の国又は行政区画"@ja	<https://ja.wikipedia.org/wiki/%E7%A7%A9%E7%88%B6%E5%88%A5%E7%94%BA>
<http://www.wikidata.org/entity/Q1357113>	"北竜町"@ja	<http://www.wikidata.org/entity/Q1059478>	"日本の町"@ja	<http://www.wikidata.org/entity/P47>	"隣の国又は行政区画"@ja	<https://ja.wikipedia.org/wiki/%E5%8C%97%E7%AB%9C%E7%94%BA>
<http://www.wikidata.org/entity/Q7820176>	"吉原知子"@ja	<http://www.wikidata.org/entity/Q5>	"ヒト"@ja	<http://www.wikidata.org/entity/P19>	"出生地"@ja	<https://ja.wikipedia.org/wiki/%E5%90%89%E5%8E%9F%E7%9F%A5%E5%AD%90>
<http://www.wikidata.org/entity/Q9620233>	"Category:妹背牛町"@ja	<http://www.wikidata.org/entity/Q4167836>	"ウィキメディアのカテゴリ"@ja	<http://www.wikidata.org/entity/P301>	"カテゴリの中心主題"@ja	<https://ja.wikipedia.org/wiki/Category:%E5%A6%B9%E8%83%8C%E7%89%9B%E7%94%BA>
<http://www.wikidata.org/entity/Q10903411>	"北海道道282号"@ja	<http://www.wikidata.org/entity/Q34442>	"道路"@ja	<http://www.wikidata.org/entity/P609>	"起終点"@ja	<https://ja.wikipedia.org/wiki/%E5%8C%97%E6%B5%B7%E9%81%93%E9%81%93282%E5%8F%B7%E6%B2%BC%E7%94%B0%E5%A6%B9%E8%83%8C%E7%89%9B%E7%B7%9A>
<http://www.wikidata.org/entity/Q10903409>	"北海道道280号"@ja	<http://www.wikidata.org/entity/Q34442>	"道路"@ja	<http://www.wikidata.org/entity/P609>	"起終点"@ja	<https://ja.wikipedia.org/wiki/%E5%8C%97%E6%B5%B7%E9%81%93%E9%81%93280%E5%8F%B7%E5%A6%B9%E8%83%8C%E7%89%9B%E5%81%9C%E8%BB%8A%E5%A0%B4%E7%B7%9A>
<http://www.wikidata.org/entity/Q11402680>	"北海道妹背牛商業高等学校"@ja	<http://www.wikidata.org/entity/Q56351315>	"日本の高等学校"@ja	<http://www.wikidata.org/entity/P131>	"位置する行政区画"@ja	<https://ja.wikipedia.org/wiki/%E5%8C%97%E6%B5%B7%E9%81%93%E5%A6%B9%E8%83%8C%E7%89%9B%E5%95%86%E6%A5%AD%E9%AB%98%E7%AD%89%E5%AD%A6%E6%A0%A1>
<http://www.wikidata.org/entity/Q11403480>	"北海道道628号"@ja	<http://www.wikidata.org/entity/Q34442>	"道路"@ja	<http://www.wikidata.org/entity/P609>	"起終点"@ja	<https://ja.wikipedia.org/wiki/%E5%8C%97%E6%B5%B7%E9%81%93%E9%81%93628%E5%8F%B7%E5%B0%8F%E8%97%A4%E6%B2%BC%E7%94%B0%E7%B7%9A>
<http://www.wikidata.org/entity/Q11511776>	"旭川運転免許試験場"@ja	<http://www.wikidata.org/entity/Q11640472>	"運転免許試験場"@ja	<http://www.wikidata.org/entity/P1001>	"管轄・適用区域"@ja	<https://ja.wikipedia.org/wiki/%E6%97%AD%E5%B7%9D%E9%81%8B%E8%BB%A2%E5%85%8D%E8%A8%B1%E8%A9%A6%E9%A8%93%E5%A0%B4>
<http://www.wikidata.org/entity/Q11560016>	"深川町"@ja	<http://www.wikidata.org/entity/Q18663566>	"日本の廃止市区町村"@ja	<http://www.wikidata.org/entity/P3842>	"位置する現在の行政区画"@ja	<https://ja.wikipedia.org/wiki/%E6%B7%B1%E5%B7%9D%E7%94%BA_(%E5%8C%97%E6%B5%B7%E9%81%93)>
<http://www.wikidata.org/entity/Q11560016>	"深川町"@ja	<http://www.wikidata.org/entity/Q18663566>	"日本の廃止市区町村"@ja	<http://www.wikidata.org/entity/P1366>	"後継"@ja	<https://ja.wikipedia.org/wiki/%E6%B7%B1%E5%B7%9D%E7%94%BA_(%E5%8C%97%E6%B5%B7%E9%81%93)>
<http://www.wikidata.org/entity/Q11655675>	"関吉雅人"@ja	<http://www.wikidata.org/entity/Q5>	"ヒト"@ja	<http://www.wikidata.org/entity/P19>	"出生地"@ja	<https://ja.wikipedia.org/wiki/%E9%96%A2%E5%90%89%E9%9B%85%E4%BA%BA>
<http://www.wikidata.org/entity/Q97280366>	"妹背牛町カーリングホール"@ja	<http://www.wikidata.org/entity/Q105535509>	"カーリング競技施設"@ja	<http://www.wikidata.org/entity/P131>	"位置する行政区画"@ja	<https://ja.wikipedia.org/wiki/%E5%A6%B9%E8%83%8C%E7%89%9B%E7%94%BA%E3%82%AB%E3%83%BC%E3%83%AA%E3%83%B3%E3%82%B0%E3%83%9B%E3%83%BC%E3%83%AB>
<http://www.wikidata.org/entity/Q56436026>	"妹背牛町長"@ja	<http://www.wikidata.org/entity/Q4164871>	"職位"@ja	<http://www.wikidata.org/entity/P1001>	"管轄・適用区域"@ja	
