?s	?sLabel	?type	?typeLabel	?prop	?propLabel	?jwiki
<http://www.wikidata.org/entity/Q714628>	"留萌市"@ja	<http://www.wikidata.org/entity/Q494721>	"日本の市"@ja	<http://www.wikidata.org/entity/P47>	"隣の国又は行政区画"@ja	<https://ja.wikipedia.org/wiki/%E7%95%99%E8%90%8C%E5%B8%82>
<http://www.wikidata.org/entity/Q734366>	"小矢部市"@ja	<http://www.wikidata.org/entity/Q494721>	"日本の市"@ja	<http://www.wikidata.org/entity/P190>	"姉妹都市"@ja	<https://ja.wikipedia.org/wiki/%E5%B0%8F%E7%9F%A2%E9%83%A8%E5%B8%82>
<http://www.wikidata.org/entity/Q817268>	"深川市"@ja	<http://www.wikidata.org/entity/Q494721>	"日本の市"@ja	<http://www.wikidata.org/entity/P47>	"隣の国又は行政区画"@ja	<https://ja.wikipedia.org/wiki/%E6%B7%B1%E5%B7%9D%E5%B8%82>
<http://www.wikidata.org/entity/Q1186040>	"雨竜郡"@ja	<http://www.wikidata.org/entity/Q1122846>	"郡"@ja	<http://www.wikidata.org/entity/P150>	"直下の行政区画"@ja	<https://ja.wikipedia.org/wiki/%E9%9B%A8%E7%AB%9C%E9%83%A1>
<http://www.wikidata.org/entity/Q1348684>	"小平町"@ja	<http://www.wikidata.org/entity/Q1059478>	"日本の町"@ja	<http://www.wikidata.org/entity/P47>	"隣の国又は行政区画"@ja	<https://ja.wikipedia.org/wiki/%E5%B0%8F%E5%B9%B3%E7%94%BA>
<http://www.wikidata.org/entity/Q1357097>	"秩父別町"@ja	<http://www.wikidata.org/entity/Q1059478>	"日本の町"@ja	<http://www.wikidata.org/entity/P47>	"隣の国又は行政区画"@ja	<https://ja.wikipedia.org/wiki/%E7%A7%A9%E7%88%B6%E5%88%A5%E7%94%BA>
<http://www.wikidata.org/entity/Q1357113>	"北竜町"@ja	<http://www.wikidata.org/entity/Q1059478>	"日本の町"@ja	<http://www.wikidata.org/entity/P47>	"隣の国又は行政区画"@ja	<https://ja.wikipedia.org/wiki/%E5%8C%97%E7%AB%9C%E7%94%BA>
<http://www.wikidata.org/entity/Q5331866>	"恵比島駅"@ja	<http://www.wikidata.org/entity/Q55488>	"鉄道駅"@ja	<http://www.wikidata.org/entity/P131>	"位置する行政区画"@ja	<https://ja.wikipedia.org/wiki/%E6%81%B5%E6%AF%94%E5%B3%B6%E9%A7%85>
<http://www.wikidata.org/entity/Q5760421>	"ことぶき光"@ja	<http://www.wikidata.org/entity/Q5>	"ヒト"@ja	<http://www.wikidata.org/entity/P19>	"出生地"@ja	<https://ja.wikipedia.org/wiki/%E3%81%93%E3%81%A8%E3%81%B6%E3%81%8D%E5%85%89>
<http://www.wikidata.org/entity/Q6080238>	"石狩沼田駅"@ja	<http://www.wikidata.org/entity/Q55488>	"鉄道駅"@ja	<http://www.wikidata.org/entity/P131>	"位置する行政区画"@ja	<https://ja.wikipedia.org/wiki/%E7%9F%B3%E7%8B%A9%E6%B2%BC%E7%94%B0%E9%A7%85>
<http://www.wikidata.org/entity/Q6150215>	"天塩山地"@ja	<http://www.wikidata.org/entity/Q46831>	"山脈"@ja	<http://www.wikidata.org/entity/P4330>	"内容"@ja	<https://ja.wikipedia.org/wiki/%E5%A4%A9%E5%A1%A9%E5%B1%B1%E5%9C%B0>
<http://www.wikidata.org/entity/Q6754195>	"真布駅"@ja	<http://www.wikidata.org/entity/Q55488>	"鉄道駅"@ja	<http://www.wikidata.org/entity/P131>	"位置する行政区画"@ja	<https://ja.wikipedia.org/wiki/%E7%9C%9F%E5%B8%83%E9%A7%85>
<http://www.wikidata.org/entity/Q10122285>	"Category:沼田町"@ja	<http://www.wikidata.org/entity/Q4167836>	"ウィキメディアのカテゴリ"@ja	<http://www.wikidata.org/entity/P301>	"カテゴリの中心主題"@ja	<https://ja.wikipedia.org/wiki/Category:%E6%B2%BC%E7%94%B0%E7%94%BA>
<http://www.wikidata.org/entity/Q10903306>	"北海道道1007号"@ja	<http://www.wikidata.org/entity/Q34442>	"道路"@ja	<http://www.wikidata.org/entity/P609>	"起終点"@ja	<https://ja.wikipedia.org/wiki/%E5%8C%97%E6%B5%B7%E9%81%93%E9%81%931007%E5%8F%B7%E6%81%B5%E6%AF%94%E5%B3%B6%E6%97%AD%E7%94%BA%E7%B7%9A>
<http://www.wikidata.org/entity/Q10903411>	"北海道道282号"@ja	<http://www.wikidata.org/entity/Q34442>	"道路"@ja	<http://www.wikidata.org/entity/P609>	"起終点"@ja	<https://ja.wikipedia.org/wiki/%E5%8C%97%E6%B5%B7%E9%81%93%E9%81%93282%E5%8F%B7%E6%B2%BC%E7%94%B0%E5%A6%B9%E8%83%8C%E7%89%9B%E7%B7%9A>
<http://www.wikidata.org/entity/Q10903452>	"北海道道324号"@ja	<http://www.wikidata.org/entity/Q34442>	"道路"@ja	<http://www.wikidata.org/entity/P609>	"起終点"@ja	<https://ja.wikipedia.org/wiki/%E5%8C%97%E6%B5%B7%E9%81%93%E9%81%93324%E5%8F%B7%E7%9F%B3%E7%8B%A9%E6%B2%BC%E7%94%B0%E5%81%9C%E8%BB%8A%E5%A0%B4%E7%B7%9A>
<http://www.wikidata.org/entity/Q10903497>	"北海道道428号"@ja	<http://www.wikidata.org/entity/Q34442>	"道路"@ja	<http://www.wikidata.org/entity/P609>	"起終点"@ja	<https://ja.wikipedia.org/wiki/%E5%8C%97%E6%B5%B7%E9%81%93%E9%81%93428%E5%8F%B7%E5%A5%A5%E7%BE%8E%E8%91%89%E7%89%9B%E6%B2%BC%E7%94%B0%E7%B7%9A>
<http://www.wikidata.org/entity/Q11402880>	"北海道沼田高等学校"@ja	<http://www.wikidata.org/entity/Q56351315>	"日本の高等学校"@ja	<http://www.wikidata.org/entity/P131>	"位置する行政区画"@ja	<https://ja.wikipedia.org/wiki/%E5%8C%97%E6%B5%B7%E9%81%93%E6%B2%BC%E7%94%B0%E9%AB%98%E7%AD%89%E5%AD%A6%E6%A0%A1>
<http://www.wikidata.org/entity/Q11403408>	"北海道道549号"@ja	<http://www.wikidata.org/entity/Q34442>	"道路"@ja	<http://www.wikidata.org/entity/P609>	"起終点"@ja	<https://ja.wikipedia.org/wiki/%E5%8C%97%E6%B5%B7%E9%81%93%E9%81%93549%E5%8F%B7%E5%B3%A0%E4%B8%8B%E6%B2%BC%E7%94%B0%E7%B7%9A>
<http://www.wikidata.org/entity/Q11403480>	"北海道道628号"@ja	<http://www.wikidata.org/entity/Q34442>	"道路"@ja	<http://www.wikidata.org/entity/P609>	"起終点"@ja	<https://ja.wikipedia.org/wiki/%E5%8C%97%E6%B5%B7%E9%81%93%E9%81%93628%E5%8F%B7%E5%B0%8F%E8%97%A4%E6%B2%BC%E7%94%B0%E7%B7%9A>
<http://www.wikidata.org/entity/Q11403609>	"北海道道867号"@ja	<http://www.wikidata.org/entity/Q34442>	"道路"@ja	<http://www.wikidata.org/entity/P609>	"起終点"@ja	<https://ja.wikipedia.org/wiki/%E5%8C%97%E6%B5%B7%E9%81%93%E9%81%93867%E5%8F%B7%E9%81%94%E5%B8%83%E7%9F%B3%E7%8B%A9%E6%B2%BC%E7%94%B0%E5%81%9C%E8%BB%8A%E5%A0%B4%E7%B7%9A>
<http://www.wikidata.org/entity/Q11403609>	"北海道道867号"@ja	<http://www.wikidata.org/entity/Q34442>	"道路"@ja	<http://www.wikidata.org/entity/P131>	"位置する行政区画"@ja	<https://ja.wikipedia.org/wiki/%E5%8C%97%E6%B5%B7%E9%81%93%E9%81%93867%E5%8F%B7%E9%81%94%E5%B8%83%E7%9F%B3%E7%8B%A9%E6%B2%BC%E7%94%B0%E5%81%9C%E8%BB%8A%E5%A0%B4%E7%B7%9A>
<http://www.wikidata.org/entity/Q11403921>	"北竜駅"@ja	<http://www.wikidata.org/entity/Q4663385>	"かつての鉄道駅"@ja	<http://www.wikidata.org/entity/P131>	"位置する行政区画"@ja	<https://ja.wikipedia.org/wiki/%E5%8C%97%E7%AB%9C%E9%A7%85>
<http://www.wikidata.org/entity/Q11403921>	"北竜駅"@ja	<http://www.wikidata.org/entity/Q55488>	"鉄道駅"@ja	<http://www.wikidata.org/entity/P131>	"位置する行政区画"@ja	<https://ja.wikipedia.org/wiki/%E5%8C%97%E7%AB%9C%E9%A7%85>
<http://www.wikidata.org/entity/Q11511776>	"旭川運転免許試験場"@ja	<http://www.wikidata.org/entity/Q11640472>	"運転免許試験場"@ja	<http://www.wikidata.org/entity/P1001>	"管轄・適用区域"@ja	<https://ja.wikipedia.org/wiki/%E6%97%AD%E5%B7%9D%E9%81%8B%E8%BB%A2%E5%85%8D%E8%A8%B1%E8%A9%A6%E9%A8%93%E5%A0%B4>
<http://www.wikidata.org/entity/Q11554556>	"沼田インターチェンジ"@ja	<http://www.wikidata.org/entity/Q2376564>	"インターチェンジ"@ja	<http://www.wikidata.org/entity/P131>	"位置する行政区画"@ja	<https://ja.wikipedia.org/wiki/%E6%B2%BC%E7%94%B0%E3%82%A4%E3%83%B3%E3%82%BF%E3%83%BC%E3%83%81%E3%82%A7%E3%83%B3%E3%82%B8_(%E5%8C%97%E6%B5%B7%E9%81%93)>
<http://www.wikidata.org/entity/Q11605813>	"細坪基佳"@ja	<http://www.wikidata.org/entity/Q5>	"ヒト"@ja	<http://www.wikidata.org/entity/P19>	"出生地"@ja	<https://ja.wikipedia.org/wiki/%E7%B4%B0%E5%9D%AA%E5%9F%BA%E4%BD%B3>
<http://www.wikidata.org/entity/Q655823>	"ポート・ハーディ"@ja	<http://www.wikidata.org/entity/Q3327871>	"地区自治体"@ja	<http://www.wikidata.org/entity/P190>	"姉妹都市"@ja	
<http://www.wikidata.org/entity/Q56436030>	"沼田町長"@ja	<http://www.wikidata.org/entity/Q4164871>	"職位"@ja	<http://www.wikidata.org/entity/P1001>	"管轄・適用区域"@ja	
