?s	?sLabel	?type	?typeLabel	?prop	?propLabel	?jwiki
<http://www.wikidata.org/entity/Q11104180>	"東鷹栖町"@ja	<http://www.wikidata.org/entity/Q18663566>	"日本の廃止市区町村"@ja	<http://www.wikidata.org/entity/P3842>	"位置する現在の行政区画"@ja	<https://ja.wikipedia.org/wiki/%E6%9D%B1%E9%B7%B9%E6%A0%96%E7%94%BA>
<http://www.wikidata.org/entity/Q11104180>	"東鷹栖町"@ja	<http://www.wikidata.org/entity/Q18663566>	"日本の廃止市区町村"@ja	<http://www.wikidata.org/entity/P1366>	"後継"@ja	<https://ja.wikipedia.org/wiki/%E6%9D%B1%E9%B7%B9%E6%A0%96%E7%94%BA>
<http://www.wikidata.org/entity/Q11335407>	"プラザ・クロス10"@ja	<http://www.wikidata.org/entity/Q56352703>	"複合施設"@ja	<http://www.wikidata.org/entity/P131>	"位置する行政区画"@ja	<https://ja.wikipedia.org/wiki/%E3%83%97%E3%83%A9%E3%82%B6%E3%83%BB%E3%82%AF%E3%83%AD%E3%82%B910>
<http://www.wikidata.org/entity/Q11403135>	"北海道道1125号"@ja	<http://www.wikidata.org/entity/Q34442>	"道路"@ja	<http://www.wikidata.org/entity/P609>	"起終点"@ja	<https://ja.wikipedia.org/wiki/%E5%8C%97%E6%B5%B7%E9%81%93%E9%81%931125%E5%8F%B7%E5%B5%90%E5%B1%B1%E5%85%AC%E5%9C%92%E7%B7%9A>
<http://www.wikidata.org/entity/Q11403135>	"北海道道1125号"@ja	<http://www.wikidata.org/entity/Q34442>	"道路"@ja	<http://www.wikidata.org/entity/P131>	"位置する行政区画"@ja	<https://ja.wikipedia.org/wiki/%E5%8C%97%E6%B5%B7%E9%81%93%E9%81%931125%E5%8F%B7%E5%B5%90%E5%B1%B1%E5%85%AC%E5%9C%92%E7%B7%9A>
<http://www.wikidata.org/entity/Q11403312>	"北海道道37号"@ja	<http://www.wikidata.org/entity/Q34442>	"道路"@ja	<http://www.wikidata.org/entity/P609>	"起終点"@ja	<https://ja.wikipedia.org/wiki/%E5%8C%97%E6%B5%B7%E9%81%93%E9%81%9337%E5%8F%B7%E9%B7%B9%E6%A0%96%E6%9D%B1%E7%A5%9E%E6%A5%BD%E7%B7%9A>
<http://www.wikidata.org/entity/Q11403386>	"北海道道520号"@ja	<http://www.wikidata.org/entity/Q34442>	"道路"@ja	<http://www.wikidata.org/entity/P609>	"起終点"@ja	<https://ja.wikipedia.org/wiki/%E5%8C%97%E6%B5%B7%E9%81%93%E9%81%93520%E5%8F%B7%E9%B7%B9%E6%A0%96%E6%9D%B1%E9%B7%B9%E6%A0%96%E6%AF%94%E5%B8%83%E7%B7%9A>
<http://www.wikidata.org/entity/Q11403546>	"北海道道72号"@ja	<http://www.wikidata.org/entity/Q34442>	"道路"@ja	<http://www.wikidata.org/entity/P131>	"位置する行政区画"@ja	<https://ja.wikipedia.org/wiki/%E5%8C%97%E6%B5%B7%E9%81%93%E9%81%9372%E5%8F%B7%E6%97%AD%E5%B7%9D%E5%B9%8C%E5%8A%A0%E5%86%85%E7%B7%9A>
<http://www.wikidata.org/entity/Q11403735>	"北海道鷹栖高等学校"@ja	<http://www.wikidata.org/entity/Q56351315>	"日本の高等学校"@ja	<http://www.wikidata.org/entity/P131>	"位置する行政区画"@ja	<https://ja.wikipedia.org/wiki/%E5%8C%97%E6%B5%B7%E9%81%93%E9%B7%B9%E6%A0%96%E9%AB%98%E7%AD%89%E5%AD%A6%E6%A0%A1>
<http://www.wikidata.org/entity/Q11404152>	"北邦野草園"@ja	<http://www.wikidata.org/entity/Q167346>	"植物園"@ja	<http://www.wikidata.org/entity/P131>	"位置する行政区画"@ja	<https://ja.wikipedia.org/wiki/%E5%8C%97%E9%82%A6%E9%87%8E%E8%8D%89%E5%9C%92>
<http://www.wikidata.org/entity/Q11477252>	"嵐山公園"@ja	<http://www.wikidata.org/entity/Q22698>	"公園"@ja	<http://www.wikidata.org/entity/P131>	"位置する行政区画"@ja	<https://ja.wikipedia.org/wiki/%E5%B5%90%E5%B1%B1%E5%85%AC%E5%9C%92_(%E5%8C%97%E6%B5%B7%E9%81%93)>
<http://www.wikidata.org/entity/Q11477253>	"嵐山市民スキー場"@ja	<http://www.wikidata.org/entity/Q1109069>	"スキージャンプ競技施設"@ja	<http://www.wikidata.org/entity/P131>	"位置する行政区画"@ja	<https://ja.wikipedia.org/wiki/%E5%B5%90%E5%B1%B1%E5%B8%82%E6%B0%91%E3%82%B9%E3%82%AD%E3%83%BC%E5%A0%B4>
<http://www.wikidata.org/entity/Q11516279>	"有倉雅史"@ja	<http://www.wikidata.org/entity/Q5>	"ヒト"@ja	<http://www.wikidata.org/entity/P19>	"出生地"@ja	<https://ja.wikipedia.org/wiki/%E6%9C%89%E5%80%89%E9%9B%85%E5%8F%B2>
<http://www.wikidata.org/entity/Q11632732>	"谷口直樹"@ja	<http://www.wikidata.org/entity/Q5>	"ヒト"@ja	<http://www.wikidata.org/entity/P19>	"出生地"@ja	<https://ja.wikipedia.org/wiki/%E8%B0%B7%E5%8F%A3%E7%9B%B4%E6%A8%B9>
<http://www.wikidata.org/entity/Q15615375>	"Category:鷹栖町"@ja	<http://www.wikidata.org/entity/Q4167836>	"ウィキメディアのカテゴリ"@ja	<http://www.wikidata.org/entity/P301>	"カテゴリの中心主題"@ja	<https://ja.wikipedia.org/wiki/Category:%E9%B7%B9%E6%A0%96%E7%94%BA>
<http://www.wikidata.org/entity/Q28686834>	"鷹栖町立鷹栖中学校"@ja	<http://www.wikidata.org/entity/Q55521176>	"日本の中学校"@ja	<http://www.wikidata.org/entity/P131>	"位置する行政区画"@ja	<https://ja.wikipedia.org/wiki/%E9%B7%B9%E6%A0%96%E7%94%BA%E7%AB%8B%E9%B7%B9%E6%A0%96%E4%B8%AD%E5%AD%A6%E6%A0%A1>
<http://www.wikidata.org/entity/Q28686834>	"鷹栖町立鷹栖中学校"@ja	<http://www.wikidata.org/entity/Q55521176>	"日本の中学校"@ja	<http://www.wikidata.org/entity/P126>	"管理者"@ja	<https://ja.wikipedia.org/wiki/%E9%B7%B9%E6%A0%96%E7%94%BA%E7%AB%8B%E9%B7%B9%E6%A0%96%E4%B8%AD%E5%AD%A6%E6%A0%A1>
<http://www.wikidata.org/entity/Q200740>	"旭川市"@ja	<http://www.wikidata.org/entity/Q1549591>	"10万都市"@ja	<http://www.wikidata.org/entity/P47>	"隣の国又は行政区画"@ja	<https://ja.wikipedia.org/wiki/%E6%97%AD%E5%B7%9D%E5%B8%82>
<http://www.wikidata.org/entity/Q200740>	"旭川市"@ja	<http://www.wikidata.org/entity/Q1137833>	"中核市"@ja	<http://www.wikidata.org/entity/P47>	"隣の国又は行政区画"@ja	<https://ja.wikipedia.org/wiki/%E6%97%AD%E5%B7%9D%E5%B8%82>
<http://www.wikidata.org/entity/Q867982>	"道央自動車道"@ja	<http://www.wikidata.org/entity/Q16939396>	"有料道路"@ja	<http://www.wikidata.org/entity/P131>	"位置する行政区画"@ja	<https://ja.wikipedia.org/wiki/%E9%81%93%E5%A4%AE%E8%87%AA%E5%8B%95%E8%BB%8A%E9%81%93>
<http://www.wikidata.org/entity/Q867982>	"道央自動車道"@ja	<http://www.wikidata.org/entity/Q46622>	"高速道路"@ja	<http://www.wikidata.org/entity/P131>	"位置する行政区画"@ja	<https://ja.wikipedia.org/wiki/%E9%81%93%E5%A4%AE%E8%87%AA%E5%8B%95%E8%BB%8A%E9%81%93>
<http://www.wikidata.org/entity/Q1185413>	"上川郡"@ja	<http://www.wikidata.org/entity/Q1122846>	"郡"@ja	<http://www.wikidata.org/entity/P150>	"直下の行政区画"@ja	<https://ja.wikipedia.org/wiki/%E4%B8%8A%E5%B7%9D%E9%83%A1_(%E7%9F%B3%E7%8B%A9%E5%9B%BD)>
<http://www.wikidata.org/entity/Q1357267>	"和寒町"@ja	<http://www.wikidata.org/entity/Q1059478>	"日本の町"@ja	<http://www.wikidata.org/entity/P47>	"隣の国又は行政区画"@ja	<https://ja.wikipedia.org/wiki/%E5%92%8C%E5%AF%92%E7%94%BA>
<http://www.wikidata.org/entity/Q10903603>	"北海道道848号"@ja	<http://www.wikidata.org/entity/Q34442>	"道路"@ja	<http://www.wikidata.org/entity/P609>	"起終点"@ja	<https://ja.wikipedia.org/wiki/%E5%8C%97%E6%B5%B7%E9%81%93%E9%81%93848%E5%8F%B7%E9%B7%B9%E6%A0%96%E6%B1%9F%E4%B8%B9%E5%88%A5%E7%B7%9A>
<http://www.wikidata.org/entity/Q10903603>	"北海道道848号"@ja	<http://www.wikidata.org/entity/Q34442>	"道路"@ja	<http://www.wikidata.org/entity/P131>	"位置する行政区画"@ja	<https://ja.wikipedia.org/wiki/%E5%8C%97%E6%B5%B7%E9%81%93%E9%81%93848%E5%8F%B7%E9%B7%B9%E6%A0%96%E6%B1%9F%E4%B8%B9%E5%88%A5%E7%B7%9A>
<http://www.wikidata.org/entity/Q10903663>	"北海道道99号"@ja	<http://www.wikidata.org/entity/Q34442>	"道路"@ja	<http://www.wikidata.org/entity/P609>	"起終点"@ja	<https://ja.wikipedia.org/wiki/%E5%8C%97%E6%B5%B7%E9%81%93%E9%81%9399%E5%8F%B7%E5%92%8C%E5%AF%92%E9%B7%B9%E6%A0%96%E7%B7%9A>
<http://www.wikidata.org/entity/Q56436031>	"鷹栖町長"@ja	<http://www.wikidata.org/entity/Q4164871>	"職位"@ja	<http://www.wikidata.org/entity/P1001>	"管轄・適用区域"@ja	
