?s	?sLabel	?type	?typeLabel	?prop	?propLabel	?jwiki
<http://www.wikidata.org/entity/Q654738>	"富良野市"@ja	<http://www.wikidata.org/entity/Q494721>	"日本の市"@ja	<http://www.wikidata.org/entity/P47>	"隣の国又は行政区画"@ja	<https://ja.wikipedia.org/wiki/%E5%AF%8C%E8%89%AF%E9%87%8E%E5%B8%82>
<http://www.wikidata.org/entity/Q680384>	"中富良野町"@ja	<http://www.wikidata.org/entity/Q1059478>	"日本の町"@ja	<http://www.wikidata.org/entity/P1365>	"先行"@ja	<https://ja.wikipedia.org/wiki/%E4%B8%AD%E5%AF%8C%E8%89%AF%E9%87%8E%E7%94%BA>
<http://www.wikidata.org/entity/Q680384>	"中富良野町"@ja	<http://www.wikidata.org/entity/Q1059478>	"日本の町"@ja	<http://www.wikidata.org/entity/P47>	"隣の国又は行政区画"@ja	<https://ja.wikipedia.org/wiki/%E4%B8%AD%E5%AF%8C%E8%89%AF%E9%87%8E%E7%94%BA>
<http://www.wikidata.org/entity/Q1185455>	"空知郡"@ja	<http://www.wikidata.org/entity/Q1122846>	"郡"@ja	<http://www.wikidata.org/entity/P150>	"直下の行政区画"@ja	<https://ja.wikipedia.org/wiki/%E7%A9%BA%E7%9F%A5%E9%83%A1>
<http://www.wikidata.org/entity/Q1210175>	"新得町"@ja	<http://www.wikidata.org/entity/Q1059478>	"日本の町"@ja	<http://www.wikidata.org/entity/P47>	"隣の国又は行政区画"@ja	<https://ja.wikipedia.org/wiki/%E6%96%B0%E5%BE%97%E7%94%BA>
<http://www.wikidata.org/entity/Q1355491>	"美瑛町"@ja	<http://www.wikidata.org/entity/Q1059478>	"日本の町"@ja	<http://www.wikidata.org/entity/P47>	"隣の国又は行政区画"@ja	<https://ja.wikipedia.org/wiki/%E7%BE%8E%E7%91%9B%E7%94%BA>
<http://www.wikidata.org/entity/Q1357254>	"南富良野町"@ja	<http://www.wikidata.org/entity/Q1059478>	"日本の町"@ja	<http://www.wikidata.org/entity/P47>	"隣の国又は行政区画"@ja	<https://ja.wikipedia.org/wiki/%E5%8D%97%E5%AF%8C%E8%89%AF%E9%87%8E%E7%94%BA>
<http://www.wikidata.org/entity/Q6357110>	"上富良野駅"@ja	<http://www.wikidata.org/entity/Q55488>	"鉄道駅"@ja	<http://www.wikidata.org/entity/P131>	"位置する行政区画"@ja	<https://ja.wikipedia.org/wiki/%E4%B8%8A%E5%AF%8C%E8%89%AF%E9%87%8E%E9%A7%85>
<http://www.wikidata.org/entity/Q9542758>	"Category:上富良野町"@ja	<http://www.wikidata.org/entity/Q4167836>	"ウィキメディアのカテゴリ"@ja	<http://www.wikidata.org/entity/P301>	"カテゴリの中心主題"@ja	<https://ja.wikipedia.org/wiki/Category:%E4%B8%8A%E5%AF%8C%E8%89%AF%E9%87%8E%E7%94%BA>
<http://www.wikidata.org/entity/Q10903421>	"北海道道291号"@ja	<http://www.wikidata.org/entity/Q34442>	"道路"@ja	<http://www.wikidata.org/entity/P609>	"起終点"@ja	<https://ja.wikipedia.org/wiki/%E5%8C%97%E6%B5%B7%E9%81%93%E9%81%93291%E5%8F%B7%E5%90%B9%E4%B8%8A%E4%B8%8A%E5%AF%8C%E8%89%AF%E9%87%8E%E7%B7%9A>
<http://www.wikidata.org/entity/Q10903605>	"北海道道851号"@ja	<http://www.wikidata.org/entity/Q34442>	"道路"@ja	<http://www.wikidata.org/entity/P609>	"起終点"@ja	<https://ja.wikipedia.org/wiki/%E5%8C%97%E6%B5%B7%E9%81%93%E9%81%93851%E5%8F%B7%E4%B8%8A%E5%AF%8C%E8%89%AF%E9%87%8E%E4%B8%AD%E5%AF%8C%E8%89%AF%E9%87%8E%E7%B7%9A>
<http://www.wikidata.org/entity/Q11402510>	"北海道上富良野高等学校"@ja	<http://www.wikidata.org/entity/Q56351315>	"日本の高等学校"@ja	<http://www.wikidata.org/entity/P131>	"位置する行政区画"@ja	<https://ja.wikipedia.org/wiki/%E5%8C%97%E6%B5%B7%E9%81%93%E4%B8%8A%E5%AF%8C%E8%89%AF%E9%87%8E%E9%AB%98%E7%AD%89%E5%AD%A6%E6%A0%A1>
<http://www.wikidata.org/entity/Q11403274>	"北海道道299号"@ja	<http://www.wikidata.org/entity/Q34442>	"道路"@ja	<http://www.wikidata.org/entity/P609>	"起終点"@ja	<https://ja.wikipedia.org/wiki/%E5%8C%97%E6%B5%B7%E9%81%93%E9%81%93299%E5%8F%B7%E4%B8%8A%E5%AF%8C%E8%89%AF%E9%87%8E%E5%81%9C%E8%BB%8A%E5%A0%B4%E7%B7%9A>
<http://www.wikidata.org/entity/Q11403275>	"北海道道298号"@ja	<http://www.wikidata.org/entity/Q34442>	"道路"@ja	<http://www.wikidata.org/entity/P609>	"起終点"@ja	<https://ja.wikipedia.org/wiki/%E5%8C%97%E6%B5%B7%E9%81%93%E9%81%93298%E5%8F%B7%E4%B8%8A%E5%AF%8C%E8%89%AF%E9%87%8E%E6%97%AD%E4%B8%AD%E5%AF%8C%E8%89%AF%E9%87%8E%E7%B7%9A>
<http://www.wikidata.org/entity/Q11403298>	"北海道道353号"@ja	<http://www.wikidata.org/entity/Q34442>	"道路"@ja	<http://www.wikidata.org/entity/P609>	"起終点"@ja	<https://ja.wikipedia.org/wiki/%E5%8C%97%E6%B5%B7%E9%81%93%E9%81%93353%E5%8F%B7%E7%BE%8E%E6%B2%A2%E4%B8%8A%E5%AF%8C%E8%89%AF%E9%87%8E%E7%B7%9A>
<http://www.wikidata.org/entity/Q11403298>	"北海道道353号"@ja	<http://www.wikidata.org/entity/Q34442>	"道路"@ja	<http://www.wikidata.org/entity/P131>	"位置する行政区画"@ja	<https://ja.wikipedia.org/wiki/%E5%8C%97%E6%B5%B7%E9%81%93%E9%81%93353%E5%8F%B7%E7%BE%8E%E6%B2%A2%E4%B8%8A%E5%AF%8C%E8%89%AF%E9%87%8E%E7%B7%9A>
<http://www.wikidata.org/entity/Q11403437>	"北海道道581号"@ja	<http://www.wikidata.org/entity/Q34442>	"道路"@ja	<http://www.wikidata.org/entity/P609>	"起終点"@ja	<https://ja.wikipedia.org/wiki/%E5%8C%97%E6%B5%B7%E9%81%93%E9%81%93581%E5%8F%B7%E7%95%99%E8%BE%BA%E8%98%82%E4%B8%8A%E5%AF%8C%E8%89%AF%E9%87%8E%E7%B7%9A>
<http://www.wikidata.org/entity/Q11403437>	"北海道道581号"@ja	<http://www.wikidata.org/entity/Q34442>	"道路"@ja	<http://www.wikidata.org/entity/P131>	"位置する行政区画"@ja	<https://ja.wikipedia.org/wiki/%E5%8C%97%E6%B5%B7%E9%81%93%E9%81%93581%E5%8F%B7%E7%95%99%E8%BE%BA%E8%98%82%E4%B8%8A%E5%AF%8C%E8%89%AF%E9%87%8E%E7%B7%9A>
<http://www.wikidata.org/entity/Q11403535>	"北海道道70号"@ja	<http://www.wikidata.org/entity/Q34442>	"道路"@ja	<http://www.wikidata.org/entity/P609>	"起終点"@ja	<https://ja.wikipedia.org/wiki/%E5%8C%97%E6%B5%B7%E9%81%93%E9%81%9370%E5%8F%B7%E8%8A%A6%E5%88%A5%E7%BE%8E%E7%91%9B%E7%B7%9A>
<http://www.wikidata.org/entity/Q11403535>	"北海道道70号"@ja	<http://www.wikidata.org/entity/Q34442>	"道路"@ja	<http://www.wikidata.org/entity/P131>	"位置する行政区画"@ja	<https://ja.wikipedia.org/wiki/%E5%8C%97%E6%B5%B7%E9%81%93%E9%81%9370%E5%8F%B7%E8%8A%A6%E5%88%A5%E7%BE%8E%E7%91%9B%E7%B7%9A>
<http://www.wikidata.org/entity/Q11403560>	"北海道道759号"@ja	<http://www.wikidata.org/entity/Q34442>	"道路"@ja	<http://www.wikidata.org/entity/P609>	"起終点"@ja	<https://ja.wikipedia.org/wiki/%E5%8C%97%E6%B5%B7%E9%81%93%E9%81%93759%E5%8F%B7%E5%A5%88%E6%B1%9F%E5%AF%8C%E8%89%AF%E9%87%8E%E7%B7%9A>
<http://www.wikidata.org/entity/Q11403659>	"北海道道966号"@ja	<http://www.wikidata.org/entity/Q34442>	"道路"@ja	<http://www.wikidata.org/entity/P609>	"起終点"@ja	<https://ja.wikipedia.org/wiki/%E5%8C%97%E6%B5%B7%E9%81%93%E9%81%93966%E5%8F%B7%E5%8D%81%E5%8B%9D%E5%B2%B3%E6%B8%A9%E6%B3%89%E7%BE%8E%E7%91%9B%E7%B7%9A>
<http://www.wikidata.org/entity/Q11403659>	"北海道道966号"@ja	<http://www.wikidata.org/entity/Q34442>	"道路"@ja	<http://www.wikidata.org/entity/P131>	"位置する行政区画"@ja	<https://ja.wikipedia.org/wiki/%E5%8C%97%E6%B5%B7%E9%81%93%E9%81%93966%E5%8F%B7%E5%8D%81%E5%8B%9D%E5%B2%B3%E6%B8%A9%E6%B3%89%E7%BE%8E%E7%91%9B%E7%B7%9A>
<http://www.wikidata.org/entity/Q11404904>	"十勝岳温泉"@ja	<http://www.wikidata.org/entity/Q655311>	"温泉"@ja	<http://www.wikidata.org/entity/P131>	"位置する行政区画"@ja	<https://ja.wikipedia.org/wiki/%E5%8D%81%E5%8B%9D%E5%B2%B3%E6%B8%A9%E6%B3%89>
<http://www.wikidata.org/entity/Q11416467>	"吹上温泉 (北海道)"@ja	<http://www.wikidata.org/entity/Q11428612>	"塩化物泉"@ja	<http://www.wikidata.org/entity/P131>	"位置する行政区画"@ja	<https://ja.wikipedia.org/wiki/%E5%90%B9%E4%B8%8A%E6%B8%A9%E6%B3%89_(%E5%8C%97%E6%B5%B7%E9%81%93)>
<http://www.wikidata.org/entity/Q11416467>	"吹上温泉 (北海道)"@ja	<http://www.wikidata.org/entity/Q655311>	"温泉"@ja	<http://www.wikidata.org/entity/P131>	"位置する行政区画"@ja	<https://ja.wikipedia.org/wiki/%E5%90%B9%E4%B8%8A%E6%B8%A9%E6%B3%89_(%E5%8C%97%E6%B5%B7%E9%81%93)>
<http://www.wikidata.org/entity/Q65247965>	"上富良野町立病院"@ja	<http://www.wikidata.org/entity/Q16917>	"病院"@ja	<http://www.wikidata.org/entity/P131>	"位置する行政区画"@ja	<https://ja.wikipedia.org/wiki/%E4%B8%8A%E5%AF%8C%E8%89%AF%E9%87%8E%E7%94%BA%E7%AB%8B%E7%97%85%E9%99%A2>
<http://www.wikidata.org/entity/Q775610>	"カムローズ"@ja	<http://www.wikidata.org/entity/Q55440238>	"アルバータ州の市"@ja	<http://www.wikidata.org/entity/P190>	"姉妹都市"@ja	
<http://www.wikidata.org/entity/Q775610>	"カムローズ"@ja	<http://www.wikidata.org/entity/Q515>	"都市"@ja	<http://www.wikidata.org/entity/P190>	"姉妹都市"@ja	
<http://www.wikidata.org/entity/Q7813457>	"十勝火山群"@ja	<http://www.wikidata.org/entity/Q2895674>	"火山群"@ja	<http://www.wikidata.org/entity/P4330>	"内容"@ja	
<http://www.wikidata.org/entity/Q56436042>	"上富良野町長"@ja	<http://www.wikidata.org/entity/Q4164871>	"職位"@ja	<http://www.wikidata.org/entity/P1001>	"管轄・適用区域"@ja	
<http://www.wikidata.org/entity/Q104205678>	"上富良野町郷土館"@ja	<http://www.wikidata.org/entity/Q33506>	"博物館"@ja	<http://www.wikidata.org/entity/P131>	"位置する行政区画"@ja	
<http://www.wikidata.org/entity/Q106140397>	"かんのファーム"@ja	<http://www.wikidata.org/entity/Q167346>	"植物園"@ja	<http://www.wikidata.org/entity/P131>	"位置する行政区画"@ja	
