?s	?sLabel	?type	?typeLabel	?prop	?propLabel	?jwiki
<http://www.wikidata.org/entity/Q9577860>	"Category:剣淵町"@ja	<http://www.wikidata.org/entity/Q4167836>	"ウィキメディアのカテゴリ"@ja	<http://www.wikidata.org/entity/P301>	"カテゴリの中心主題"@ja	<https://ja.wikipedia.org/wiki/Category:%E5%89%A3%E6%B7%B5%E7%94%BA>
<http://www.wikidata.org/entity/Q10903424>	"北海道道293号"@ja	<http://www.wikidata.org/entity/Q34442>	"道路"@ja	<http://www.wikidata.org/entity/P131>	"位置する行政区画"@ja	<https://ja.wikipedia.org/wiki/%E5%8C%97%E6%B5%B7%E9%81%93%E9%81%93293%E5%8F%B7%E6%B8%A9%E6%A0%B9%E5%88%A5%E5%89%A3%E6%B7%B5%E5%81%9C%E8%BB%8A%E5%A0%B4%E7%B7%9A>
<http://www.wikidata.org/entity/Q10903527>	"北海道道536号"@ja	<http://www.wikidata.org/entity/Q34442>	"道路"@ja	<http://www.wikidata.org/entity/P609>	"起終点"@ja	<https://ja.wikipedia.org/wiki/%E5%8C%97%E6%B5%B7%E9%81%93%E9%81%93536%E5%8F%B7%E5%89%A3%E6%B7%B5%E5%8E%9F%E9%87%8E%E5%A3%AB%E5%88%A5%E7%B7%9A>
<http://www.wikidata.org/entity/Q10903527>	"北海道道536号"@ja	<http://www.wikidata.org/entity/Q34442>	"道路"@ja	<http://www.wikidata.org/entity/P131>	"位置する行政区画"@ja	<https://ja.wikipedia.org/wiki/%E5%8C%97%E6%B5%B7%E9%81%93%E9%81%93536%E5%8F%B7%E5%89%A3%E6%B7%B5%E5%8E%9F%E9%87%8E%E5%A3%AB%E5%88%A5%E7%B7%9A>
<http://www.wikidata.org/entity/Q10931480>	"士別剣淵インターチェンジ"@ja	<http://www.wikidata.org/entity/Q2376564>	"インターチェンジ"@ja	<http://www.wikidata.org/entity/P131>	"位置する行政区画"@ja	<https://ja.wikipedia.org/wiki/%E5%A3%AB%E5%88%A5%E5%89%A3%E6%B7%B5%E3%82%A4%E3%83%B3%E3%82%BF%E3%83%BC%E3%83%81%E3%82%A7%E3%83%B3%E3%82%B8>
<http://www.wikidata.org/entity/Q10931480>	"士別剣淵インターチェンジ"@ja	<http://www.wikidata.org/entity/Q1364150>	"本線料金所"@ja	<http://www.wikidata.org/entity/P131>	"位置する行政区画"@ja	<https://ja.wikipedia.org/wiki/%E5%A3%AB%E5%88%A5%E5%89%A3%E6%B7%B5%E3%82%A4%E3%83%B3%E3%82%BF%E3%83%BC%E3%83%81%E3%82%A7%E3%83%B3%E3%82%B8>
<http://www.wikidata.org/entity/Q11402600>	"北海道剣淵高等学校"@ja	<http://www.wikidata.org/entity/Q56351315>	"日本の高等学校"@ja	<http://www.wikidata.org/entity/P131>	"位置する行政区画"@ja	<https://ja.wikipedia.org/wiki/%E5%8C%97%E6%B5%B7%E9%81%93%E5%89%A3%E6%B7%B5%E9%AB%98%E7%AD%89%E5%AD%A6%E6%A0%A1>
<http://www.wikidata.org/entity/Q11402600>	"北海道剣淵高等学校"@ja	<http://www.wikidata.org/entity/Q56351315>	"日本の高等学校"@ja	<http://www.wikidata.org/entity/P126>	"管理者"@ja	<https://ja.wikipedia.org/wiki/%E5%8C%97%E6%B5%B7%E9%81%93%E5%89%A3%E6%B7%B5%E9%AB%98%E7%AD%89%E5%AD%A6%E6%A0%A1>
<http://www.wikidata.org/entity/Q11403163>	"北海道道1161号"@ja	<http://www.wikidata.org/entity/Q34442>	"道路"@ja	<http://www.wikidata.org/entity/P609>	"起終点"@ja	<https://ja.wikipedia.org/wiki/%E5%8C%97%E6%B5%B7%E9%81%93%E9%81%931161%E5%8F%B7%E5%A3%AB%E5%88%A5%E5%89%A3%E6%B7%B5%E3%82%A4%E3%83%B3%E3%82%BF%E3%83%BC%E7%B7%9A>
<http://www.wikidata.org/entity/Q11403163>	"北海道道1161号"@ja	<http://www.wikidata.org/entity/Q34442>	"道路"@ja	<http://www.wikidata.org/entity/P131>	"位置する行政区画"@ja	<https://ja.wikipedia.org/wiki/%E5%8C%97%E6%B5%B7%E9%81%93%E9%81%931161%E5%8F%B7%E5%A3%AB%E5%88%A5%E5%89%A3%E6%B7%B5%E3%82%A4%E3%83%B3%E3%82%BF%E3%83%BC%E7%B7%9A>
<http://www.wikidata.org/entity/Q11403222>	"北海道道205号"@ja	<http://www.wikidata.org/entity/Q34442>	"道路"@ja	<http://www.wikidata.org/entity/P609>	"起終点"@ja	<https://ja.wikipedia.org/wiki/%E5%8C%97%E6%B5%B7%E9%81%93%E9%81%93205%E5%8F%B7%E4%B8%8A%E5%A3%AB%E5%88%A5%E3%83%93%E3%83%90%E3%82%AB%E3%83%AB%E3%82%A6%E3%82%B7%E7%B7%9A>
<http://www.wikidata.org/entity/Q11403404>	"北海道道545号"@ja	<http://www.wikidata.org/entity/Q34442>	"道路"@ja	<http://www.wikidata.org/entity/P609>	"起終点"@ja	<https://ja.wikipedia.org/wiki/%E5%8C%97%E6%B5%B7%E9%81%93%E9%81%93545%E5%8F%B7%E4%B8%89%E5%92%8C%E5%89%A3%E6%B7%B5%E7%B7%9A>
<http://www.wikidata.org/entity/Q11403672>	"北海道道984号"@ja	<http://www.wikidata.org/entity/Q34442>	"道路"@ja	<http://www.wikidata.org/entity/P609>	"起終点"@ja	<https://ja.wikipedia.org/wiki/%E5%8C%97%E6%B5%B7%E9%81%93%E9%81%93984%E5%8F%B7%E6%B8%A9%E6%A0%B9%E5%88%A5%E3%83%93%E3%83%90%E3%82%AB%E3%83%AB%E3%82%A6%E3%82%B7%E7%B7%9A>
<http://www.wikidata.org/entity/Q11403672>	"北海道道984号"@ja	<http://www.wikidata.org/entity/Q34442>	"道路"@ja	<http://www.wikidata.org/entity/P131>	"位置する行政区画"@ja	<https://ja.wikipedia.org/wiki/%E5%8C%97%E6%B5%B7%E9%81%93%E9%81%93984%E5%8F%B7%E6%B8%A9%E6%A0%B9%E5%88%A5%E3%83%93%E3%83%90%E3%82%AB%E3%83%AB%E3%82%A6%E3%82%B7%E7%B7%9A>
<http://www.wikidata.org/entity/Q11562910>	"温根別村"@ja	<http://www.wikidata.org/entity/Q18663566>	"日本の廃止市区町村"@ja	<http://www.wikidata.org/entity/P1365>	"先行"@ja	<https://ja.wikipedia.org/wiki/%E6%B8%A9%E6%A0%B9%E5%88%A5%E6%9D%91>
<http://www.wikidata.org/entity/Q11641451>	"道の駅絵本の里けんぶち"@ja	<http://www.wikidata.org/entity/Q1187691>	"道の駅"@ja	<http://www.wikidata.org/entity/P131>	"位置する行政区画"@ja	<https://ja.wikipedia.org/wiki/%E9%81%93%E3%81%AE%E9%A7%85%E7%B5%B5%E6%9C%AC%E3%81%AE%E9%87%8C%E3%81%91%E3%82%93%E3%81%B6%E3%81%A1>
<http://www.wikidata.org/entity/Q17990893>	"剣淵町絵本の館"@ja	<http://www.wikidata.org/entity/Q28564>	"公共図書館"@ja	<http://www.wikidata.org/entity/P131>	"位置する行政区画"@ja	<https://ja.wikipedia.org/wiki/%E5%89%A3%E6%B7%B5%E7%94%BA%E7%B5%B5%E6%9C%AC%E3%81%AE%E9%A4%A8>
<http://www.wikidata.org/entity/Q766942>	"士別市"@ja	<http://www.wikidata.org/entity/Q13220204>	"第二級行政区画"@ja	<http://www.wikidata.org/entity/P47>	"隣の国又は行政区画"@ja	<https://ja.wikipedia.org/wiki/%E5%A3%AB%E5%88%A5%E5%B8%82>
<http://www.wikidata.org/entity/Q766942>	"士別市"@ja	<http://www.wikidata.org/entity/Q494721>	"日本の市"@ja	<http://www.wikidata.org/entity/P47>	"隣の国又は行政区画"@ja	<https://ja.wikipedia.org/wiki/%E5%A3%AB%E5%88%A5%E5%B8%82>
<http://www.wikidata.org/entity/Q867982>	"道央自動車道"@ja	<http://www.wikidata.org/entity/Q16939396>	"有料道路"@ja	<http://www.wikidata.org/entity/P131>	"位置する行政区画"@ja	<https://ja.wikipedia.org/wiki/%E9%81%93%E5%A4%AE%E8%87%AA%E5%8B%95%E8%BB%8A%E9%81%93>
<http://www.wikidata.org/entity/Q867982>	"道央自動車道"@ja	<http://www.wikidata.org/entity/Q46622>	"高速道路"@ja	<http://www.wikidata.org/entity/P131>	"位置する行政区画"@ja	<https://ja.wikipedia.org/wiki/%E9%81%93%E5%A4%AE%E8%87%AA%E5%8B%95%E8%BB%8A%E9%81%93>
<http://www.wikidata.org/entity/Q900712>	"北剣淵駅"@ja	<http://www.wikidata.org/entity/Q55488>	"鉄道駅"@ja	<http://www.wikidata.org/entity/P131>	"位置する行政区画"@ja	<https://ja.wikipedia.org/wiki/%E5%8C%97%E5%89%A3%E6%B7%B5%E9%A7%85>
<http://www.wikidata.org/entity/Q901043>	"東六線駅"@ja	<http://www.wikidata.org/entity/Q55488>	"鉄道駅"@ja	<http://www.wikidata.org/entity/P131>	"位置する行政区画"@ja	<https://ja.wikipedia.org/wiki/%E6%9D%B1%E5%85%AD%E7%B7%9A%E9%A7%85>
<http://www.wikidata.org/entity/Q901066>	"剣淵駅"@ja	<http://www.wikidata.org/entity/Q55488>	"鉄道駅"@ja	<http://www.wikidata.org/entity/P131>	"位置する行政区画"@ja	<https://ja.wikipedia.org/wiki/%E5%89%A3%E6%B7%B5%E9%A7%85>
<http://www.wikidata.org/entity/Q1185437>	"上川郡"@ja	<http://www.wikidata.org/entity/Q1122846>	"郡"@ja	<http://www.wikidata.org/entity/P150>	"直下の行政区画"@ja	<https://ja.wikipedia.org/wiki/%E4%B8%8A%E5%B7%9D%E9%83%A1_(%E5%A4%A9%E5%A1%A9%E5%9B%BD)>
<http://www.wikidata.org/entity/Q1357267>	"和寒町"@ja	<http://www.wikidata.org/entity/Q1059478>	"日本の町"@ja	<http://www.wikidata.org/entity/P1365>	"先行"@ja	<https://ja.wikipedia.org/wiki/%E5%92%8C%E5%AF%92%E7%94%BA>
<http://www.wikidata.org/entity/Q1357267>	"和寒町"@ja	<http://www.wikidata.org/entity/Q1059478>	"日本の町"@ja	<http://www.wikidata.org/entity/P47>	"隣の国又は行政区画"@ja	<https://ja.wikipedia.org/wiki/%E5%92%8C%E5%AF%92%E7%94%BA>
<http://www.wikidata.org/entity/Q5772406>	"風間昶"@ja	<http://www.wikidata.org/entity/Q5>	"ヒト"@ja	<http://www.wikidata.org/entity/P19>	"出生地"@ja	<https://ja.wikipedia.org/wiki/%E9%A2%A8%E9%96%93%E6%98%B6>
<http://www.wikidata.org/entity/Q6150215>	"天塩山地"@ja	<http://www.wikidata.org/entity/Q46831>	"山脈"@ja	<http://www.wikidata.org/entity/P4330>	"内容"@ja	<https://ja.wikipedia.org/wiki/%E5%A4%A9%E5%A1%A9%E5%B1%B1%E5%9C%B0>
<http://www.wikidata.org/entity/Q56436049>	"剣淵町長"@ja	<http://www.wikidata.org/entity/Q4164871>	"職位"@ja	<http://www.wikidata.org/entity/P1001>	"管轄・適用区域"@ja	
