?s	?sLabel	?type	?typeLabel	?prop	?propLabel	?jwiki
<http://www.wikidata.org/entity/Q7403031>	"咲来駅"@ja	<http://www.wikidata.org/entity/Q55488>	"鉄道駅"@ja	<http://www.wikidata.org/entity/P131>	"位置する行政区画"@ja	<https://ja.wikipedia.org/wiki/%E5%92%B2%E6%9D%A5%E9%A7%85>
<http://www.wikidata.org/entity/Q7705483>	"天塩川温泉駅"@ja	<http://www.wikidata.org/entity/Q55488>	"鉄道駅"@ja	<http://www.wikidata.org/entity/P131>	"位置する行政区画"@ja	<https://ja.wikipedia.org/wiki/%E5%A4%A9%E5%A1%A9%E5%B7%9D%E6%B8%A9%E6%B3%89%E9%A7%85>
<http://www.wikidata.org/entity/Q10903379>	"北海道道220号"@ja	<http://www.wikidata.org/entity/Q34442>	"道路"@ja	<http://www.wikidata.org/entity/P609>	"起終点"@ja	<https://ja.wikipedia.org/wiki/%E5%8C%97%E6%B5%B7%E9%81%93%E9%81%93220%E5%8F%B7%E6%AD%8C%E7%99%BB%E5%92%B2%E6%9D%A5%E5%81%9C%E8%BB%8A%E5%A0%B4%E7%B7%9A>
<http://www.wikidata.org/entity/Q11360520>	"上音威子府駅"@ja	<http://www.wikidata.org/entity/Q4663385>	"かつての鉄道駅"@ja	<http://www.wikidata.org/entity/P131>	"位置する行政区画"@ja	<https://ja.wikipedia.org/wiki/%E4%B8%8A%E9%9F%B3%E5%A8%81%E5%AD%90%E5%BA%9C%E9%A7%85>
<http://www.wikidata.org/entity/Q11402421>	"北海道おといねっぷ美術工芸高等学校"@ja	<http://www.wikidata.org/entity/Q56351315>	"日本の高等学校"@ja	<http://www.wikidata.org/entity/P137>	"運営者"@ja	<https://ja.wikipedia.org/wiki/%E5%8C%97%E6%B5%B7%E9%81%93%E3%81%8A%E3%81%A8%E3%81%84%E3%81%AD%E3%81%A3%E3%81%B7%E7%BE%8E%E8%A1%93%E5%B7%A5%E8%8A%B8%E9%AB%98%E7%AD%89%E5%AD%A6%E6%A0%A1>
<http://www.wikidata.org/entity/Q11402421>	"北海道おといねっぷ美術工芸高等学校"@ja	<http://www.wikidata.org/entity/Q56351315>	"日本の高等学校"@ja	<http://www.wikidata.org/entity/P131>	"位置する行政区画"@ja	<https://ja.wikipedia.org/wiki/%E5%8C%97%E6%B5%B7%E9%81%93%E3%81%8A%E3%81%A8%E3%81%84%E3%81%AD%E3%81%A3%E3%81%B7%E7%BE%8E%E8%A1%93%E5%B7%A5%E8%8A%B8%E9%AB%98%E7%AD%89%E5%AD%A6%E6%A0%A1>
<http://www.wikidata.org/entity/Q11402421>	"北海道おといねっぷ美術工芸高等学校"@ja	<http://www.wikidata.org/entity/Q56351315>	"日本の高等学校"@ja	<http://www.wikidata.org/entity/P126>	"管理者"@ja	<https://ja.wikipedia.org/wiki/%E5%8C%97%E6%B5%B7%E9%81%93%E3%81%8A%E3%81%A8%E3%81%84%E3%81%AD%E3%81%A3%E3%81%B7%E7%BE%8E%E8%A1%93%E5%B7%A5%E8%8A%B8%E9%AB%98%E7%AD%89%E5%AD%A6%E6%A0%A1>
<http://www.wikidata.org/entity/Q11403191>	"北海道道12号"@ja	<http://www.wikidata.org/entity/Q34442>	"道路"@ja	<http://www.wikidata.org/entity/P609>	"起終点"@ja	<https://ja.wikipedia.org/wiki/%E5%8C%97%E6%B5%B7%E9%81%93%E9%81%9312%E5%8F%B7%E6%9E%9D%E5%B9%B8%E9%9F%B3%E5%A8%81%E5%AD%90%E5%BA%9C%E7%B7%9A>
<http://www.wikidata.org/entity/Q11403320>	"北海道道391号"@ja	<http://www.wikidata.org/entity/Q34442>	"道路"@ja	<http://www.wikidata.org/entity/P609>	"起終点"@ja	<https://ja.wikipedia.org/wiki/%E5%8C%97%E6%B5%B7%E9%81%93%E9%81%93391%E5%8F%B7%E9%9F%B3%E5%A8%81%E5%AD%90%E5%BA%9C%E5%81%9C%E8%BB%8A%E5%A0%B4%E7%B7%9A>
<http://www.wikidata.org/entity/Q11640689>	"道の駅おといねっぷ"@ja	<http://www.wikidata.org/entity/Q1187691>	"道の駅"@ja	<http://www.wikidata.org/entity/P131>	"位置する行政区画"@ja	<https://ja.wikipedia.org/wiki/%E9%81%93%E3%81%AE%E9%A7%85%E3%81%8A%E3%81%A8%E3%81%84%E3%81%AD%E3%81%A3%E3%81%B7>
<http://www.wikidata.org/entity/Q11664176>	"音威子府村立音威子府中学校"@ja	<http://www.wikidata.org/entity/Q55521176>	"日本の中学校"@ja	<http://www.wikidata.org/entity/P131>	"位置する行政区画"@ja	<https://ja.wikipedia.org/wiki/%E9%9F%B3%E5%A8%81%E5%AD%90%E5%BA%9C%E6%9D%91%E7%AB%8B%E9%9F%B3%E5%A8%81%E5%AD%90%E5%BA%9C%E4%B8%AD%E5%AD%A6%E6%A0%A1>
<http://www.wikidata.org/entity/Q11664176>	"音威子府村立音威子府中学校"@ja	<http://www.wikidata.org/entity/Q55521176>	"日本の中学校"@ja	<http://www.wikidata.org/entity/P126>	"管理者"@ja	<https://ja.wikipedia.org/wiki/%E9%9F%B3%E5%A8%81%E5%AD%90%E5%BA%9C%E6%9D%91%E7%AB%8B%E9%9F%B3%E5%A8%81%E5%AD%90%E5%BA%9C%E4%B8%AD%E5%AD%A6%E6%A0%A1>
<http://www.wikidata.org/entity/Q15615356>	"Category:音威子府村"@ja	<http://www.wikidata.org/entity/Q4167836>	"ウィキメディアのカテゴリ"@ja	<http://www.wikidata.org/entity/P301>	"カテゴリの中心主題"@ja	<https://ja.wikipedia.org/wiki/Category:%E9%9F%B3%E5%A8%81%E5%AD%90%E5%BA%9C%E6%9D%91>
<http://www.wikidata.org/entity/Q110634587>	"音威子府村立音威子府小中学校"@ja	<http://www.wikidata.org/entity/Q89612581>	"小中併設校"@ja	<http://www.wikidata.org/entity/P131>	"位置する行政区画"@ja	<https://ja.wikipedia.org/wiki/%E9%9F%B3%E5%A8%81%E5%AD%90%E5%BA%9C%E6%9D%91%E7%AB%8B%E9%9F%B3%E5%A8%81%E5%AD%90%E5%BA%9C%E5%B0%8F%E4%B8%AD%E5%AD%A6%E6%A0%A1>
<http://www.wikidata.org/entity/Q110634587>	"音威子府村立音威子府小中学校"@ja	<http://www.wikidata.org/entity/Q89612581>	"小中併設校"@ja	<http://www.wikidata.org/entity/P126>	"管理者"@ja	<https://ja.wikipedia.org/wiki/%E9%9F%B3%E5%A8%81%E5%AD%90%E5%BA%9C%E6%9D%91%E7%AB%8B%E9%9F%B3%E5%A8%81%E5%AD%90%E5%BA%9C%E5%B0%8F%E4%B8%AD%E5%AD%A6%E6%A0%A1>
<http://www.wikidata.org/entity/Q1210495>	"美深町"@ja	<http://www.wikidata.org/entity/Q1059478>	"日本の町"@ja	<http://www.wikidata.org/entity/P47>	"隣の国又は行政区画"@ja	<https://ja.wikipedia.org/wiki/%E7%BE%8E%E6%B7%B1%E7%94%BA>
<http://www.wikidata.org/entity/Q1210568>	"中川町"@ja	<http://www.wikidata.org/entity/Q1059478>	"日本の町"@ja	<http://www.wikidata.org/entity/P47>	"隣の国又は行政区画"@ja	<https://ja.wikipedia.org/wiki/%E4%B8%AD%E5%B7%9D%E7%94%BA>
<http://www.wikidata.org/entity/Q1210596>	"枝幸町"@ja	<http://www.wikidata.org/entity/Q1059478>	"日本の町"@ja	<http://www.wikidata.org/entity/P47>	"隣の国又は行政区画"@ja	<https://ja.wikipedia.org/wiki/%E6%9E%9D%E5%B9%B8%E7%94%BA>
<http://www.wikidata.org/entity/Q1211211>	"中頓別町"@ja	<http://www.wikidata.org/entity/Q1059478>	"日本の町"@ja	<http://www.wikidata.org/entity/P47>	"隣の国又は行政区画"@ja	<https://ja.wikipedia.org/wiki/%E4%B8%AD%E9%A0%93%E5%88%A5%E7%94%BA>
<http://www.wikidata.org/entity/Q3425377>	"吉田圭伸"@ja	<http://www.wikidata.org/entity/Q5>	"ヒト"@ja	<http://www.wikidata.org/entity/P19>	"出生地"@ja	<https://ja.wikipedia.org/wiki/%E5%90%89%E7%94%B0%E5%9C%AD%E4%BC%B8>
<http://www.wikidata.org/entity/Q6150215>	"天塩山地"@ja	<http://www.wikidata.org/entity/Q46831>	"山脈"@ja	<http://www.wikidata.org/entity/P4330>	"内容"@ja	<https://ja.wikipedia.org/wiki/%E5%A4%A9%E5%A1%A9%E5%B1%B1%E5%9C%B0>
<http://www.wikidata.org/entity/Q7105719>	"筬島駅"@ja	<http://www.wikidata.org/entity/Q55488>	"鉄道駅"@ja	<http://www.wikidata.org/entity/P131>	"位置する行政区画"@ja	<https://ja.wikipedia.org/wiki/%E7%AD%AC%E5%B3%B6%E9%A7%85>
<http://www.wikidata.org/entity/Q7108943>	"音威子府駅"@ja	<http://www.wikidata.org/entity/Q55488>	"鉄道駅"@ja	<http://www.wikidata.org/entity/P131>	"位置する行政区画"@ja	<https://ja.wikipedia.org/wiki/%E9%9F%B3%E5%A8%81%E5%AD%90%E5%BA%9C%E9%A7%85>
<http://www.wikidata.org/entity/Q56436054>	"音威子府村長"@ja	<http://www.wikidata.org/entity/Q4164871>	"職位"@ja	<http://www.wikidata.org/entity/P1001>	"管轄・適用区域"@ja	
<http://www.wikidata.org/entity/Q115003753>	"音威子府村立音威子府小学校"@ja	<http://www.wikidata.org/entity/Q5358913>	"日本の小学校"@ja	<http://www.wikidata.org/entity/P131>	"位置する行政区画"@ja	
<http://www.wikidata.org/entity/Q115003753>	"音威子府村立音威子府小学校"@ja	<http://www.wikidata.org/entity/Q5358913>	"日本の小学校"@ja	<http://www.wikidata.org/entity/P126>	"管理者"@ja	
