?s	?sLabel	?type	?typeLabel	?prop	?propLabel	?jwiki
<http://www.wikidata.org/entity/Q11434914>	"大島村"@ja	<http://www.wikidata.org/entity/Q18663566>	"日本の廃止市区町村"@ja	<http://www.wikidata.org/entity/P3842>	"位置する現在の行政区画"@ja	<https://ja.wikipedia.org/wiki/%E5%A4%A7%E5%B3%B6%E6%9D%91_(%E6%96%B0%E6%BD%9F%E7%9C%8C%E5%8C%97%E8%92%B2%E5%8E%9F%E9%83%A1)>
<http://www.wikidata.org/entity/Q11443012>	"天王村"@ja	<http://www.wikidata.org/entity/Q18663566>	"日本の廃止市区町村"@ja	<http://www.wikidata.org/entity/P3842>	"位置する現在の行政区画"@ja	<https://ja.wikipedia.org/wiki/%E5%A4%A9%E7%8E%8B%E6%9D%91_(%E6%96%B0%E6%BD%9F%E7%9C%8C)>
<http://www.wikidata.org/entity/Q11449621>	"宇賀神唯"@ja	<http://www.wikidata.org/entity/Q5>	"ヒト"@ja	<http://www.wikidata.org/entity/P19>	"出生地"@ja	<https://ja.wikipedia.org/wiki/%E5%AE%87%E8%B3%80%E7%A5%9E%E5%94%AF>
<http://www.wikidata.org/entity/Q11452338>	"宝光寺"@ja	<http://www.wikidata.org/entity/Q5393308>	"仏教寺院"@ja	<http://www.wikidata.org/entity/P131>	"位置する行政区画"@ja	<https://ja.wikipedia.org/wiki/%E5%AE%9D%E5%85%89%E5%AF%BA>
<http://www.wikidata.org/entity/Q11457009>	"富樫勇樹"@ja	<http://www.wikidata.org/entity/Q5>	"ヒト"@ja	<http://www.wikidata.org/entity/P19>	"出生地"@ja	<https://ja.wikipedia.org/wiki/%E5%AF%8C%E6%A8%AB%E5%8B%87%E6%A8%B9>
<http://www.wikidata.org/entity/Q11466301>	"山倉村"@ja	<http://www.wikidata.org/entity/Q18663566>	"日本の廃止市区町村"@ja	<http://www.wikidata.org/entity/P3842>	"位置する現在の行政区画"@ja	<https://ja.wikipedia.org/wiki/%E5%B1%B1%E5%80%89%E6%9D%91_(%E6%96%B0%E6%BD%9F%E7%9C%8C)>
<http://www.wikidata.org/entity/Q11475159>	"岩村卯一郎"@ja	<http://www.wikidata.org/entity/Q5>	"ヒト"@ja	<http://www.wikidata.org/entity/P19>	"出生地"@ja	<https://ja.wikipedia.org/wiki/%E5%B2%A9%E6%9D%91%E5%8D%AF%E4%B8%80%E9%83%8E>
<http://www.wikidata.org/entity/Q11476270>	"島塚村"@ja	<http://www.wikidata.org/entity/Q18663566>	"日本の廃止市区町村"@ja	<http://www.wikidata.org/entity/P3842>	"位置する現在の行政区画"@ja	<https://ja.wikipedia.org/wiki/%E5%B3%B6%E5%A1%9A%E6%9D%91>
<http://www.wikidata.org/entity/Q11478845>	"川東村"@ja	<http://www.wikidata.org/entity/Q18663566>	"日本の廃止市区町村"@ja	<http://www.wikidata.org/entity/P3842>	"位置する現在の行政区画"@ja	<https://ja.wikipedia.org/wiki/%E5%B7%9D%E6%9D%B1%E6%9D%91_(%E6%96%B0%E6%BD%9F%E7%9C%8C%E5%8C%97%E8%92%B2%E5%8E%9F%E9%83%A1)>
<http://www.wikidata.org/entity/Q11478845>	"川東村"@ja	<http://www.wikidata.org/entity/Q18663566>	"日本の廃止市区町村"@ja	<http://www.wikidata.org/entity/P1366>	"後継"@ja	<https://ja.wikipedia.org/wiki/%E5%B7%9D%E6%9D%B1%E6%9D%91_(%E6%96%B0%E6%BD%9F%E7%9C%8C%E5%8C%97%E8%92%B2%E5%8E%9F%E9%83%A1)>
<http://www.wikidata.org/entity/Q11483012>	"平方恭子"@ja	<http://www.wikidata.org/entity/Q5>	"ヒト"@ja	<http://www.wikidata.org/entity/P19>	"出生地"@ja	<https://ja.wikipedia.org/wiki/%E5%B9%B3%E6%96%B9%E6%81%AD%E5%AD%90>
<http://www.wikidata.org/entity/Q11503086>	"新潟県立新発田商業高等学校"@ja	<http://www.wikidata.org/entity/Q56351315>	"日本の高等学校"@ja	<http://www.wikidata.org/entity/P131>	"位置する行政区画"@ja	<https://ja.wikipedia.org/wiki/%E6%96%B0%E6%BD%9F%E7%9C%8C%E7%AB%8B%E6%96%B0%E7%99%BA%E7%94%B0%E5%95%86%E6%A5%AD%E9%AB%98%E7%AD%89%E5%AD%A6%E6%A0%A1>
<http://www.wikidata.org/entity/Q11503087>	"新潟県立新発田農業高等学校"@ja	<http://www.wikidata.org/entity/Q56351315>	"日本の高等学校"@ja	<http://www.wikidata.org/entity/P131>	"位置する行政区画"@ja	<https://ja.wikipedia.org/wiki/%E6%96%B0%E6%BD%9F%E7%9C%8C%E7%AB%8B%E6%96%B0%E7%99%BA%E7%94%B0%E8%BE%B2%E6%A5%AD%E9%AB%98%E7%AD%89%E5%AD%A6%E6%A0%A1>
<http://www.wikidata.org/entity/Q11503084>	"新潟県立新発田南高等学校豊浦分校"@ja	<http://www.wikidata.org/entity/Q56351315>	"日本の高等学校"@ja	<http://www.wikidata.org/entity/P131>	"位置する行政区画"@ja	<https://ja.wikipedia.org/wiki/%E6%96%B0%E6%BD%9F%E7%9C%8C%E7%AB%8B%E6%96%B0%E7%99%BA%E7%94%B0%E5%8D%97%E9%AB%98%E7%AD%89%E5%AD%A6%E6%A0%A1%E8%B1%8A%E6%B5%A6%E5%88%86%E6%A0%A1>
<http://www.wikidata.org/entity/Q11503085>	"新潟県立新発田南高等学校"@ja	<http://www.wikidata.org/entity/Q56351315>	"日本の高等学校"@ja	<http://www.wikidata.org/entity/P131>	"位置する行政区画"@ja	<https://ja.wikipedia.org/wiki/%E6%96%B0%E6%BD%9F%E7%9C%8C%E7%AB%8B%E6%96%B0%E7%99%BA%E7%94%B0%E5%8D%97%E9%AB%98%E7%AD%89%E5%AD%A6%E6%A0%A1>
<http://www.wikidata.org/entity/Q11503088>	"新潟県立新発田高等学校"@ja	<http://www.wikidata.org/entity/Q56351315>	"日本の高等学校"@ja	<http://www.wikidata.org/entity/P131>	"位置する行政区画"@ja	<https://ja.wikipedia.org/wiki/%E6%96%B0%E6%BD%9F%E7%9C%8C%E7%AB%8B%E6%96%B0%E7%99%BA%E7%94%B0%E9%AB%98%E7%AD%89%E5%AD%A6%E6%A0%A1>
<http://www.wikidata.org/entity/Q11503127>	"新潟県立西新発田高等学校"@ja	<http://www.wikidata.org/entity/Q56351315>	"日本の高等学校"@ja	<http://www.wikidata.org/entity/P131>	"位置する行政区画"@ja	<https://ja.wikipedia.org/wiki/%E6%96%B0%E6%BD%9F%E7%9C%8C%E7%AB%8B%E8%A5%BF%E6%96%B0%E7%99%BA%E7%94%B0%E9%AB%98%E7%AD%89%E5%AD%A6%E6%A0%A1>
<http://www.wikidata.org/entity/Q11503215>	"新潟県道14号"@ja	<http://www.wikidata.org/entity/Q34442>	"道路"@ja	<http://www.wikidata.org/entity/P609>	"起終点"@ja	<https://ja.wikipedia.org/wiki/%E6%96%B0%E6%BD%9F%E7%9C%8C%E9%81%9314%E5%8F%B7%E6%96%B0%E7%99%BA%E7%94%B0%E6%B4%A5%E5%B7%9D%E7%B7%9A>
<http://www.wikidata.org/entity/Q11503215>	"新潟県道14号"@ja	<http://www.wikidata.org/entity/Q34442>	"道路"@ja	<http://www.wikidata.org/entity/P131>	"位置する行政区画"@ja	<https://ja.wikipedia.org/wiki/%E6%96%B0%E6%BD%9F%E7%9C%8C%E9%81%9314%E5%8F%B7%E6%96%B0%E7%99%BA%E7%94%B0%E6%B4%A5%E5%B7%9D%E7%B7%9A>
<http://www.wikidata.org/entity/Q11503271>	"新潟県道203号"@ja	<http://www.wikidata.org/entity/Q34442>	"道路"@ja	<http://www.wikidata.org/entity/P609>	"起終点"@ja	<https://ja.wikipedia.org/wiki/%E6%96%B0%E6%BD%9F%E7%9C%8C%E9%81%93203%E5%8F%B7%E7%B6%B2%E4%BB%A3%E6%B5%9C%E6%96%B0%E7%99%BA%E7%94%B0%E7%B7%9A>
<http://www.wikidata.org/entity/Q11503271>	"新潟県道203号"@ja	<http://www.wikidata.org/entity/Q34442>	"道路"@ja	<http://www.wikidata.org/entity/P131>	"位置する行政区画"@ja	<https://ja.wikipedia.org/wiki/%E6%96%B0%E6%BD%9F%E7%9C%8C%E9%81%93203%E5%8F%B7%E7%B6%B2%E4%BB%A3%E6%B5%9C%E6%96%B0%E7%99%BA%E7%94%B0%E7%B7%9A>
<http://www.wikidata.org/entity/Q11503274>	"新潟県道204号"@ja	<http://www.wikidata.org/entity/Q34442>	"道路"@ja	<http://www.wikidata.org/entity/P609>	"起終点"@ja	<https://ja.wikipedia.org/wiki/%E6%96%B0%E6%BD%9F%E7%9C%8C%E9%81%93204%E5%8F%B7%E5%B3%B6%E8%A6%8B%E6%96%B0%E7%99%BA%E7%94%B0%E7%B7%9A>
<http://www.wikidata.org/entity/Q11503274>	"新潟県道204号"@ja	<http://www.wikidata.org/entity/Q34442>	"道路"@ja	<http://www.wikidata.org/entity/P131>	"位置する行政区画"@ja	<https://ja.wikipedia.org/wiki/%E6%96%B0%E6%BD%9F%E7%9C%8C%E9%81%93204%E5%8F%B7%E5%B3%B6%E8%A6%8B%E6%96%B0%E7%99%BA%E7%94%B0%E7%B7%9A>
<http://www.wikidata.org/entity/Q11503272>	"新潟県道202号"@ja	<http://www.wikidata.org/entity/Q34442>	"道路"@ja	<http://www.wikidata.org/entity/P609>	"起終点"@ja	<https://ja.wikipedia.org/wiki/%E6%96%B0%E6%BD%9F%E7%9C%8C%E9%81%93202%E5%8F%B7%E7%B1%B3%E5%80%89%E6%9D%BF%E5%B1%B1%E6%96%B0%E7%99%BA%E7%94%B0%E7%B7%9A>
<http://www.wikidata.org/entity/Q11503272>	"新潟県道202号"@ja	<http://www.wikidata.org/entity/Q34442>	"道路"@ja	<http://www.wikidata.org/entity/P131>	"位置する行政区画"@ja	<https://ja.wikipedia.org/wiki/%E6%96%B0%E6%BD%9F%E7%9C%8C%E9%81%93202%E5%8F%B7%E7%B1%B3%E5%80%89%E6%9D%BF%E5%B1%B1%E6%96%B0%E7%99%BA%E7%94%B0%E7%B7%9A>
<http://www.wikidata.org/entity/Q11503289>	"新潟県道21号"@ja	<http://www.wikidata.org/entity/Q34442>	"道路"@ja	<http://www.wikidata.org/entity/P609>	"起終点"@ja	<https://ja.wikipedia.org/wiki/%E6%96%B0%E6%BD%9F%E7%9C%8C%E9%81%9321%E5%8F%B7%E6%96%B0%E7%99%BA%E7%94%B0%E7%B4%AB%E9%9B%B2%E5%AF%BA%E7%B7%9A>
<http://www.wikidata.org/entity/Q11503289>	"新潟県道21号"@ja	<http://www.wikidata.org/entity/Q34442>	"道路"@ja	<http://www.wikidata.org/entity/P131>	"位置する行政区画"@ja	<https://ja.wikipedia.org/wiki/%E6%96%B0%E6%BD%9F%E7%9C%8C%E9%81%9321%E5%8F%B7%E6%96%B0%E7%99%BA%E7%94%B0%E7%B4%AB%E9%9B%B2%E5%AF%BA%E7%B7%9A>
<http://www.wikidata.org/entity/Q11503336>	"新潟県道264号"@ja	<http://www.wikidata.org/entity/Q34442>	"道路"@ja	<http://www.wikidata.org/entity/P609>	"起終点"@ja	<https://ja.wikipedia.org/wiki/%E6%96%B0%E6%BD%9F%E7%9C%8C%E9%81%93264%E5%8F%B7%E8%B1%8A%E6%A0%84%E5%A4%A9%E7%8E%8B%E7%B7%9A>
<http://www.wikidata.org/entity/Q11503336>	"新潟県道264号"@ja	<http://www.wikidata.org/entity/Q34442>	"道路"@ja	<http://www.wikidata.org/entity/P131>	"位置する行政区画"@ja	<https://ja.wikipedia.org/wiki/%E6%96%B0%E6%BD%9F%E7%9C%8C%E9%81%93264%E5%8F%B7%E8%B1%8A%E6%A0%84%E5%A4%A9%E7%8E%8B%E7%B7%9A>
<http://www.wikidata.org/entity/Q11503342>	"新潟県道26号"@ja	<http://www.wikidata.org/entity/Q34442>	"道路"@ja	<http://www.wikidata.org/entity/P609>	"起終点"@ja	<https://ja.wikipedia.org/wiki/%E6%96%B0%E6%BD%9F%E7%9C%8C%E9%81%9326%E5%8F%B7%E6%96%B0%E7%99%BA%E7%94%B0%E8%B1%8A%E6%A0%84%E7%B7%9A>
<http://www.wikidata.org/entity/Q11503342>	"新潟県道26号"@ja	<http://www.wikidata.org/entity/Q34442>	"道路"@ja	<http://www.wikidata.org/entity/P131>	"位置する行政区画"@ja	<https://ja.wikipedia.org/wiki/%E6%96%B0%E6%BD%9F%E7%9C%8C%E9%81%9326%E5%8F%B7%E6%96%B0%E7%99%BA%E7%94%B0%E8%B1%8A%E6%A0%84%E7%B7%9A>
<http://www.wikidata.org/entity/Q11503367>	"新潟県道293号"@ja	<http://www.wikidata.org/entity/Q34442>	"道路"@ja	<http://www.wikidata.org/entity/P609>	"起終点"@ja	<https://ja.wikipedia.org/wiki/%E6%96%B0%E6%BD%9F%E7%9C%8C%E9%81%93293%E5%8F%B7%E9%87%91%E5%A1%9A%E5%81%9C%E8%BB%8A%E5%A0%B4%E7%AB%B9%E5%B3%B6%E7%B7%9A>
<http://www.wikidata.org/entity/Q11503367>	"新潟県道293号"@ja	<http://www.wikidata.org/entity/Q34442>	"道路"@ja	<http://www.wikidata.org/entity/P131>	"位置する行政区画"@ja	<https://ja.wikipedia.org/wiki/%E6%96%B0%E6%BD%9F%E7%9C%8C%E9%81%93293%E5%8F%B7%E9%87%91%E5%A1%9A%E5%81%9C%E8%BB%8A%E5%A0%B4%E7%AB%B9%E5%B3%B6%E7%B7%9A>
<http://www.wikidata.org/entity/Q11503368>	"新潟県道292号"@ja	<http://www.wikidata.org/entity/Q34442>	"道路"@ja	<http://www.wikidata.org/entity/P609>	"起終点"@ja	<https://ja.wikipedia.org/wiki/%E6%96%B0%E6%BD%9F%E7%9C%8C%E9%81%93292%E5%8F%B7%E9%87%91%E5%A1%9A%E5%81%9C%E8%BB%8A%E5%A0%B4%E7%B7%9A>
<http://www.wikidata.org/entity/Q11503368>	"新潟県道292号"@ja	<http://www.wikidata.org/entity/Q34442>	"道路"@ja	<http://www.wikidata.org/entity/P131>	"位置する行政区画"@ja	<https://ja.wikipedia.org/wiki/%E6%96%B0%E6%BD%9F%E7%9C%8C%E9%81%93292%E5%8F%B7%E9%87%91%E5%A1%9A%E5%81%9C%E8%BB%8A%E5%A0%B4%E7%B7%9A>
<http://www.wikidata.org/entity/Q11503374>	"新潟県道298号"@ja	<http://www.wikidata.org/entity/Q34442>	"道路"@ja	<http://www.wikidata.org/entity/P609>	"起終点"@ja	<https://ja.wikipedia.org/wiki/%E6%96%B0%E6%BD%9F%E7%9C%8C%E9%81%93298%E5%8F%B7%E6%8A%BC%E5%BB%BB%E5%8A%A0%E6%B2%BB%E7%B7%9A>
<http://www.wikidata.org/entity/Q11503374>	"新潟県道298号"@ja	<http://www.wikidata.org/entity/Q34442>	"道路"@ja	<http://www.wikidata.org/entity/P131>	"位置する行政区画"@ja	<https://ja.wikipedia.org/wiki/%E6%96%B0%E6%BD%9F%E7%9C%8C%E9%81%93298%E5%8F%B7%E6%8A%BC%E5%BB%BB%E5%8A%A0%E6%B2%BB%E7%B7%9A>
<http://www.wikidata.org/entity/Q11503377>	"新潟県道300号"@ja	<http://www.wikidata.org/entity/Q34442>	"道路"@ja	<http://www.wikidata.org/entity/P131>	"位置する行政区画"@ja	<https://ja.wikipedia.org/wiki/%E6%96%B0%E6%BD%9F%E7%9C%8C%E9%81%93300%E5%8F%B7%E6%9C%88%E5%B2%A1%E5%81%9C%E8%BB%8A%E5%A0%B4%E6%9C%88%E5%B2%A1%E7%B7%9A>
<http://www.wikidata.org/entity/Q11503377>	"新潟県道300号"@ja	<http://www.wikidata.org/entity/Q34442>	"道路"@ja	<http://www.wikidata.org/entity/P609>	"起終点"@ja	<https://ja.wikipedia.org/wiki/%E6%96%B0%E6%BD%9F%E7%9C%8C%E9%81%93300%E5%8F%B7%E6%9C%88%E5%B2%A1%E5%81%9C%E8%BB%8A%E5%A0%B4%E6%9C%88%E5%B2%A1%E7%B7%9A>
<http://www.wikidata.org/entity/Q11503387>	"新潟県道312号"@ja	<http://www.wikidata.org/entity/Q34442>	"道路"@ja	<http://www.wikidata.org/entity/P609>	"起終点"@ja	<https://ja.wikipedia.org/wiki/%E6%96%B0%E6%BD%9F%E7%9C%8C%E9%81%93312%E5%8F%B7%E8%B1%8A%E6%B5%A6%E7%AC%B9%E5%B2%A1%E7%B7%9A>
<http://www.wikidata.org/entity/Q11503387>	"新潟県道312号"@ja	<http://www.wikidata.org/entity/Q34442>	"道路"@ja	<http://www.wikidata.org/entity/P131>	"位置する行政区画"@ja	<https://ja.wikipedia.org/wiki/%E6%96%B0%E6%BD%9F%E7%9C%8C%E9%81%93312%E5%8F%B7%E8%B1%8A%E6%B5%A6%E7%AC%B9%E5%B2%A1%E7%B7%9A>
<http://www.wikidata.org/entity/Q11503405>	"新潟県道32号"@ja	<http://www.wikidata.org/entity/Q34442>	"道路"@ja	<http://www.wikidata.org/entity/P609>	"起終点"@ja	<https://ja.wikipedia.org/wiki/%E6%96%B0%E6%BD%9F%E7%9C%8C%E9%81%9332%E5%8F%B7%E6%96%B0%E7%99%BA%E7%94%B0%E5%81%9C%E8%BB%8A%E5%A0%B4%E7%B7%9A>
<http://www.wikidata.org/entity/Q11503405>	"新潟県道32号"@ja	<http://www.wikidata.org/entity/Q34442>	"道路"@ja	<http://www.wikidata.org/entity/P131>	"位置する行政区画"@ja	<https://ja.wikipedia.org/wiki/%E6%96%B0%E6%BD%9F%E7%9C%8C%E9%81%9332%E5%8F%B7%E6%96%B0%E7%99%BA%E7%94%B0%E5%81%9C%E8%BB%8A%E5%A0%B4%E7%B7%9A>
<http://www.wikidata.org/entity/Q11503410>	"新潟県道335号"@ja	<http://www.wikidata.org/entity/Q34442>	"道路"@ja	<http://www.wikidata.org/entity/P609>	"起終点"@ja	<https://ja.wikipedia.org/wiki/%E6%96%B0%E6%BD%9F%E7%9C%8C%E9%81%93335%E5%8F%B7%E6%BB%9D%E8%B0%B7%E4%B8%8A%E8%B5%A4%E8%B0%B7%E7%B7%9A>
<http://www.wikidata.org/entity/Q11503410>	"新潟県道335号"@ja	<http://www.wikidata.org/entity/Q34442>	"道路"@ja	<http://www.wikidata.org/entity/P131>	"位置する行政区画"@ja	<https://ja.wikipedia.org/wiki/%E6%96%B0%E6%BD%9F%E7%9C%8C%E9%81%93335%E5%8F%B7%E6%BB%9D%E8%B0%B7%E4%B8%8A%E8%B5%A4%E8%B0%B7%E7%B7%9A>
<http://www.wikidata.org/entity/Q11503419>	"新潟県道343号"@ja	<http://www.wikidata.org/entity/Q34442>	"道路"@ja	<http://www.wikidata.org/entity/P609>	"起終点"@ja	<https://ja.wikipedia.org/wiki/%E6%96%B0%E6%BD%9F%E7%9C%8C%E9%81%93343%E5%8F%B7%E4%B8%8B%E9%95%B7%E6%A9%8B%E4%B8%8A%E9%A4%A8%E7%B7%9A>
<http://www.wikidata.org/entity/Q11503419>	"新潟県道343号"@ja	<http://www.wikidata.org/entity/Q34442>	"道路"@ja	<http://www.wikidata.org/entity/P131>	"位置する行政区画"@ja	<https://ja.wikipedia.org/wiki/%E6%96%B0%E6%BD%9F%E7%9C%8C%E9%81%93343%E5%8F%B7%E4%B8%8B%E9%95%B7%E6%A9%8B%E4%B8%8A%E9%A4%A8%E7%B7%9A>
<http://www.wikidata.org/entity/Q11503463>	"新潟県道392号"@ja	<http://www.wikidata.org/entity/Q34442>	"道路"@ja	<http://www.wikidata.org/entity/P609>	"起終点"@ja	<https://ja.wikipedia.org/wiki/%E6%96%B0%E6%BD%9F%E7%9C%8C%E9%81%93392%E5%8F%B7%E9%B3%A5%E7%A9%B4%E6%97%A5%E6%B8%A1%E7%B7%9A>
<http://www.wikidata.org/entity/Q11503463>	"新潟県道392号"@ja	<http://www.wikidata.org/entity/Q34442>	"道路"@ja	<http://www.wikidata.org/entity/P131>	"位置する行政区画"@ja	<https://ja.wikipedia.org/wiki/%E6%96%B0%E6%BD%9F%E7%9C%8C%E9%81%93392%E5%8F%B7%E9%B3%A5%E7%A9%B4%E6%97%A5%E6%B8%A1%E7%B7%9A>
<http://www.wikidata.org/entity/Q11503467>	"新潟県道3号"@ja	<http://www.wikidata.org/entity/Q34442>	"道路"@ja	<http://www.wikidata.org/entity/P131>	"位置する行政区画"@ja	<https://ja.wikipedia.org/wiki/%E6%96%B0%E6%BD%9F%E7%9C%8C%E9%81%933%E5%8F%B7%E6%96%B0%E6%BD%9F%E6%96%B0%E7%99%BA%E7%94%B0%E6%9D%91%E4%B8%8A%E7%B7%9A>
<http://www.wikidata.org/entity/Q11503517>	"新潟県道54号"@ja	<http://www.wikidata.org/entity/Q34442>	"道路"@ja	<http://www.wikidata.org/entity/P609>	"起終点"@ja	<https://ja.wikipedia.org/wiki/%E6%96%B0%E6%BD%9F%E7%9C%8C%E9%81%9354%E5%8F%B7%E4%B8%AD%E6%9D%A1%E7%B4%AB%E9%9B%B2%E5%AF%BA%E7%B7%9A>
<http://www.wikidata.org/entity/Q11503517>	"新潟県道54号"@ja	<http://www.wikidata.org/entity/Q34442>	"道路"@ja	<http://www.wikidata.org/entity/P131>	"位置する行政区画"@ja	<https://ja.wikipedia.org/wiki/%E6%96%B0%E6%BD%9F%E7%9C%8C%E9%81%9354%E5%8F%B7%E4%B8%AD%E6%9D%A1%E7%B4%AB%E9%9B%B2%E5%AF%BA%E7%B7%9A>
<http://www.wikidata.org/entity/Q11503534>	"新潟県道591号"@ja	<http://www.wikidata.org/entity/Q34442>	"道路"@ja	<http://www.wikidata.org/entity/P131>	"位置する行政区画"@ja	<https://ja.wikipedia.org/wiki/%E6%96%B0%E6%BD%9F%E7%9C%8C%E9%81%93591%E5%8F%B7%E4%B8%AD%E6%9D%A1%E3%82%A4%E3%83%B3%E3%82%BF%E3%83%BC%E7%B7%9A>
<http://www.wikidata.org/entity/Q11503537>	"新潟県道60号"@ja	<http://www.wikidata.org/entity/Q34442>	"道路"@ja	<http://www.wikidata.org/entity/P609>	"起終点"@ja	<https://ja.wikipedia.org/wiki/%E6%96%B0%E6%BD%9F%E7%9C%8C%E9%81%9360%E5%8F%B7%E4%BD%8F%E5%90%89%E4%B8%8A%E9%A4%A8%E7%B7%9A>
<http://www.wikidata.org/entity/Q11503537>	"新潟県道60号"@ja	<http://www.wikidata.org/entity/Q34442>	"道路"@ja	<http://www.wikidata.org/entity/P131>	"位置する行政区画"@ja	<https://ja.wikipedia.org/wiki/%E6%96%B0%E6%BD%9F%E7%9C%8C%E9%81%9360%E5%8F%B7%E4%BD%8F%E5%90%89%E4%B8%8A%E9%A4%A8%E7%B7%9A>
<http://www.wikidata.org/entity/Q11503605>	"新潟都市圏"@ja	<http://www.wikidata.org/entity/Q1907114>	"都市圏"@ja	<http://www.wikidata.org/entity/P527>	"以下を含む"@ja	<https://ja.wikipedia.org/wiki/%E6%96%B0%E6%BD%9F%E9%83%BD%E5%B8%82%E5%9C%8F>
<http://www.wikidata.org/entity/Q11503605>	"新潟都市圏"@ja	<http://www.wikidata.org/entity/Q486972>	"集落"@ja	<http://www.wikidata.org/entity/P527>	"以下を含む"@ja	<https://ja.wikipedia.org/wiki/%E6%96%B0%E6%BD%9F%E9%83%BD%E5%B8%82%E5%9C%8F>
<http://www.wikidata.org/entity/Q11503823>	"新発田中央高等学校"@ja	<http://www.wikidata.org/entity/Q56351315>	"日本の高等学校"@ja	<http://www.wikidata.org/entity/P131>	"位置する行政区画"@ja	<https://ja.wikipedia.org/wiki/%E6%96%B0%E7%99%BA%E7%94%B0%E4%B8%AD%E5%A4%AE%E9%AB%98%E7%AD%89%E5%AD%A6%E6%A0%A1>
<http://www.wikidata.org/entity/Q11503820>	"カトリック新発田教会"@ja	<http://www.wikidata.org/entity/Q1088552>	"カトリック教会の建築物"@ja	<http://www.wikidata.org/entity/P131>	"位置する行政区画"@ja	<https://ja.wikipedia.org/wiki/%E3%82%AB%E3%83%88%E3%83%AA%E3%83%83%E3%82%AF%E6%96%B0%E7%99%BA%E7%94%B0%E6%95%99%E4%BC%9A>
<http://www.wikidata.org/entity/Q11503821>	"新発田インターチェンジ"@ja	<http://www.wikidata.org/entity/Q2376564>	"インターチェンジ"@ja	<http://www.wikidata.org/entity/P131>	"位置する行政区画"@ja	<https://ja.wikipedia.org/wiki/%E6%96%B0%E7%99%BA%E7%94%B0%E3%82%A4%E3%83%B3%E3%82%BF%E3%83%BC%E3%83%81%E3%82%A7%E3%83%B3%E3%82%B8>
<http://www.wikidata.org/entity/Q11503828>	"新発田城址公園"@ja	<http://www.wikidata.org/entity/Q66361052>	"日本の城跡"@ja	<http://www.wikidata.org/entity/P131>	"位置する行政区画"@ja	<https://ja.wikipedia.org/wiki/%E6%96%B0%E7%99%BA%E7%94%B0%E5%9F%8E%E5%9D%80%E5%85%AC%E5%9C%92>
<http://www.wikidata.org/entity/Q11503828>	"新発田城址公園"@ja	<http://www.wikidata.org/entity/Q22746>	"都市公園"@ja	<http://www.wikidata.org/entity/P131>	"位置する行政区画"@ja	<https://ja.wikipedia.org/wiki/%E6%96%B0%E7%99%BA%E7%94%B0%E5%9F%8E%E5%9D%80%E5%85%AC%E5%9C%92>
<http://www.wikidata.org/entity/Q11503829>	"新発田川"@ja	<http://www.wikidata.org/entity/Q4022>	"川"@ja	<http://www.wikidata.org/entity/P138>	"名前の由来"@ja	<https://ja.wikipedia.org/wiki/%E6%96%B0%E7%99%BA%E7%94%B0%E5%B7%9D>
<http://www.wikidata.org/entity/Q11503834>	"新発田市立本丸中学校"@ja	<http://www.wikidata.org/entity/Q55521176>	"日本の中学校"@ja	<http://www.wikidata.org/entity/P131>	"位置する行政区画"@ja	<https://ja.wikipedia.org/wiki/%E6%96%B0%E7%99%BA%E7%94%B0%E5%B8%82%E7%AB%8B%E6%9C%AC%E4%B8%B8%E4%B8%AD%E5%AD%A6%E6%A0%A1>
<http://www.wikidata.org/entity/Q11503834>	"新発田市立本丸中学校"@ja	<http://www.wikidata.org/entity/Q55521176>	"日本の中学校"@ja	<http://www.wikidata.org/entity/P126>	"管理者"@ja	<https://ja.wikipedia.org/wiki/%E6%96%B0%E7%99%BA%E7%94%B0%E5%B8%82%E7%AB%8B%E6%9C%AC%E4%B8%B8%E4%B8%AD%E5%AD%A6%E6%A0%A1>
<http://www.wikidata.org/entity/Q11503835>	"新発田市立川東中学校"@ja	<http://www.wikidata.org/entity/Q55521176>	"日本の中学校"@ja	<http://www.wikidata.org/entity/P131>	"位置する行政区画"@ja	<https://ja.wikipedia.org/wiki/%E6%96%B0%E7%99%BA%E7%94%B0%E5%B8%82%E7%AB%8B%E5%B7%9D%E6%9D%B1%E4%B8%AD%E5%AD%A6%E6%A0%A1>
<http://www.wikidata.org/entity/Q11503835>	"新発田市立川東中学校"@ja	<http://www.wikidata.org/entity/Q55521176>	"日本の中学校"@ja	<http://www.wikidata.org/entity/P126>	"管理者"@ja	<https://ja.wikipedia.org/wiki/%E6%96%B0%E7%99%BA%E7%94%B0%E5%B8%82%E7%AB%8B%E5%B7%9D%E6%9D%B1%E4%B8%AD%E5%AD%A6%E6%A0%A1>
<http://www.wikidata.org/entity/Q11503833>	"新発田市立外ヶ輪小学校"@ja	<http://www.wikidata.org/entity/Q5358913>	"日本の小学校"@ja	<http://www.wikidata.org/entity/P131>	"位置する行政区画"@ja	<https://ja.wikipedia.org/wiki/%E6%96%B0%E7%99%BA%E7%94%B0%E5%B8%82%E7%AB%8B%E5%A4%96%E3%83%B6%E8%BC%AA%E5%B0%8F%E5%AD%A6%E6%A0%A1>
<http://www.wikidata.org/entity/Q11503833>	"新発田市立外ヶ輪小学校"@ja	<http://www.wikidata.org/entity/Q5358913>	"日本の小学校"@ja	<http://www.wikidata.org/entity/P126>	"管理者"@ja	<https://ja.wikipedia.org/wiki/%E6%96%B0%E7%99%BA%E7%94%B0%E5%B8%82%E7%AB%8B%E5%A4%96%E3%83%B6%E8%BC%AA%E5%B0%8F%E5%AD%A6%E6%A0%A1>
<http://www.wikidata.org/entity/Q11503838>	"新発田市立猿橋小学校"@ja	<http://www.wikidata.org/entity/Q5358913>	"日本の小学校"@ja	<http://www.wikidata.org/entity/P131>	"位置する行政区画"@ja	<https://ja.wikipedia.org/wiki/%E6%96%B0%E7%99%BA%E7%94%B0%E5%B8%82%E7%AB%8B%E7%8C%BF%E6%A9%8B%E5%B0%8F%E5%AD%A6%E6%A0%A1>
<http://www.wikidata.org/entity/Q11503838>	"新発田市立猿橋小学校"@ja	<http://www.wikidata.org/entity/Q5358913>	"日本の小学校"@ja	<http://www.wikidata.org/entity/P126>	"管理者"@ja	<https://ja.wikipedia.org/wiki/%E6%96%B0%E7%99%BA%E7%94%B0%E5%B8%82%E7%AB%8B%E7%8C%BF%E6%A9%8B%E5%B0%8F%E5%AD%A6%E6%A0%A1>
<http://www.wikidata.org/entity/Q11503839>	"新発田本村"@ja	<http://www.wikidata.org/entity/Q18663566>	"日本の廃止市区町村"@ja	<http://www.wikidata.org/entity/P3842>	"位置する現在の行政区画"@ja	<https://ja.wikipedia.org/wiki/%E6%96%B0%E7%99%BA%E7%94%B0%E6%9C%AC%E6%9D%91>
<http://www.wikidata.org/entity/Q11503839>	"新発田本村"@ja	<http://www.wikidata.org/entity/Q18663566>	"日本の廃止市区町村"@ja	<http://www.wikidata.org/entity/P1366>	"後継"@ja	<https://ja.wikipedia.org/wiki/%E6%96%B0%E7%99%BA%E7%94%B0%E6%9C%AC%E6%9D%91>
<http://www.wikidata.org/entity/Q11503836>	"新発田市立東中学校"@ja	<http://www.wikidata.org/entity/Q55521176>	"日本の中学校"@ja	<http://www.wikidata.org/entity/P131>	"位置する行政区画"@ja	<https://ja.wikipedia.org/wiki/%E6%96%B0%E7%99%BA%E7%94%B0%E5%B8%82%E7%AB%8B%E6%9D%B1%E4%B8%AD%E5%AD%A6%E6%A0%A1>
<http://www.wikidata.org/entity/Q11503836>	"新発田市立東中学校"@ja	<http://www.wikidata.org/entity/Q55521176>	"日本の中学校"@ja	<http://www.wikidata.org/entity/P126>	"管理者"@ja	<https://ja.wikipedia.org/wiki/%E6%96%B0%E7%99%BA%E7%94%B0%E5%B8%82%E7%AB%8B%E6%9D%B1%E4%B8%AD%E5%AD%A6%E6%A0%A1>
<http://www.wikidata.org/entity/Q11503837>	"新発田市立松浦小学校"@ja	<http://www.wikidata.org/entity/Q5358913>	"日本の小学校"@ja	<http://www.wikidata.org/entity/P131>	"位置する行政区画"@ja	<https://ja.wikipedia.org/wiki/%E6%96%B0%E7%99%BA%E7%94%B0%E5%B8%82%E7%AB%8B%E6%9D%BE%E6%B5%A6%E5%B0%8F%E5%AD%A6%E6%A0%A1>
<http://www.wikidata.org/entity/Q11503837>	"新発田市立松浦小学校"@ja	<http://www.wikidata.org/entity/Q5358913>	"日本の小学校"@ja	<http://www.wikidata.org/entity/P126>	"管理者"@ja	<https://ja.wikipedia.org/wiki/%E6%96%B0%E7%99%BA%E7%94%B0%E5%B8%82%E7%AB%8B%E6%9D%BE%E6%B5%A6%E5%B0%8F%E5%AD%A6%E6%A0%A1>
<http://www.wikidata.org/entity/Q11503844>	"新発田西公園"@ja	<http://www.wikidata.org/entity/Q22746>	"都市公園"@ja	<http://www.wikidata.org/entity/P131>	"位置する行政区画"@ja	<https://ja.wikipedia.org/wiki/%E6%96%B0%E7%99%BA%E7%94%B0%E8%A5%BF%E5%85%AC%E5%9C%92>
<http://www.wikidata.org/entity/Q11503848>	"新発田駐屯地"@ja	<http://www.wikidata.org/entity/Q88556>	"駐屯地"@ja	<http://www.wikidata.org/entity/P131>	"位置する行政区画"@ja	<https://ja.wikipedia.org/wiki/%E6%96%B0%E7%99%BA%E7%94%B0%E9%A7%90%E5%B1%AF%E5%9C%B0>
<http://www.wikidata.org/entity/Q11511102>	"旧県知事公舎記念館"@ja	<http://www.wikidata.org/entity/Q85882664>	"知事公館"@ja	<http://www.wikidata.org/entity/P131>	"位置する行政区画"@ja	<https://ja.wikipedia.org/wiki/%E6%97%A7%E7%9C%8C%E7%9F%A5%E4%BA%8B%E5%85%AC%E8%88%8E%E8%A8%98%E5%BF%B5%E9%A4%A8>
<http://www.wikidata.org/entity/Q11516058>	"月岡温泉"@ja	<http://www.wikidata.org/entity/Q11428612>	"塩化物泉"@ja	<http://www.wikidata.org/entity/P131>	"位置する行政区画"@ja	<https://ja.wikipedia.org/wiki/%E6%9C%88%E5%B2%A1%E6%B8%A9%E6%B3%89>
<http://www.wikidata.org/entity/Q11516058>	"月岡温泉"@ja	<http://www.wikidata.org/entity/Q655311>	"温泉"@ja	<http://www.wikidata.org/entity/P131>	"位置する行政区画"@ja	<https://ja.wikipedia.org/wiki/%E6%9C%88%E5%B2%A1%E6%B8%A9%E6%B3%89>
<http://www.wikidata.org/entity/Q11518453>	"木暮山人"@ja	<http://www.wikidata.org/entity/Q5>	"ヒト"@ja	<http://www.wikidata.org/entity/P19>	"出生地"@ja	<https://ja.wikipedia.org/wiki/%E6%9C%A8%E6%9A%AE%E5%B1%B1%E4%BA%BA>
<http://www.wikidata.org/entity/Q11520621>	"本田村"@ja	<http://www.wikidata.org/entity/Q18663566>	"日本の廃止市区町村"@ja	<http://www.wikidata.org/entity/P3842>	"位置する現在の行政区画"@ja	<https://ja.wikipedia.org/wiki/%E6%9C%AC%E7%94%B0%E6%9D%91_(%E6%96%B0%E6%BD%9F%E7%9C%8C)>
<http://www.wikidata.org/entity/Q11523751>	"来迎寺 (新発田市)"@ja	<http://www.wikidata.org/entity/Q5393308>	"仏教寺院"@ja	<http://www.wikidata.org/entity/P131>	"位置する行政区画"@ja	<https://ja.wikipedia.org/wiki/%E6%9D%A5%E8%BF%8E%E5%AF%BA_(%E6%96%B0%E7%99%BA%E7%94%B0%E5%B8%82)>
<http://www.wikidata.org/entity/Q11529518>	"松塚村"@ja	<http://www.wikidata.org/entity/Q18663566>	"日本の廃止市区町村"@ja	<http://www.wikidata.org/entity/P3842>	"位置する現在の行政区画"@ja	<https://ja.wikipedia.org/wiki/%E6%9D%BE%E5%A1%9A%E6%9D%91_(%E6%96%B0%E6%BD%9F%E7%9C%8C)>
<http://www.wikidata.org/entity/Q11529745>	"松山クミコ"@ja	<http://www.wikidata.org/entity/Q5>	"ヒト"@ja	<http://www.wikidata.org/entity/P19>	"出生地"@ja	<https://ja.wikipedia.org/wiki/%E6%9D%BE%E5%B1%B1%E3%82%AF%E3%83%9F%E3%82%B3>
<http://www.wikidata.org/entity/Q11531827>	"松浦村"@ja	<http://www.wikidata.org/entity/Q18663566>	"日本の廃止市区町村"@ja	<http://www.wikidata.org/entity/P3842>	"位置する現在の行政区画"@ja	<https://ja.wikipedia.org/wiki/%E6%9D%BE%E6%B5%A6%E6%9D%91_(%E6%96%B0%E6%BD%9F%E7%9C%8C)>
<http://www.wikidata.org/entity/Q11531827>	"松浦村"@ja	<http://www.wikidata.org/entity/Q18663566>	"日本の廃止市区町村"@ja	<http://www.wikidata.org/entity/P1366>	"後継"@ja	<https://ja.wikipedia.org/wiki/%E6%9D%BE%E6%B5%A6%E6%9D%91_(%E6%96%B0%E6%BD%9F%E7%9C%8C)>
<http://www.wikidata.org/entity/Q11532692>	"板津村"@ja	<http://www.wikidata.org/entity/Q18663566>	"日本の廃止市区町村"@ja	<http://www.wikidata.org/entity/P3842>	"位置する現在の行政区画"@ja	<https://ja.wikipedia.org/wiki/%E6%9D%BF%E6%B4%A5%E6%9D%91_(%E6%96%B0%E6%BD%9F%E7%9C%8C)>
<http://www.wikidata.org/entity/Q11535938>	"栗山聡"@ja	<http://www.wikidata.org/entity/Q5>	"ヒト"@ja	<http://www.wikidata.org/entity/P19>	"出生地"@ja	<https://ja.wikipedia.org/wiki/%E6%A0%97%E5%B1%B1%E8%81%A1>
<http://www.wikidata.org/entity/Q11544681>	"櫛形山脈"@ja	<http://www.wikidata.org/entity/Q46831>	"山脈"@ja	<http://www.wikidata.org/entity/P131>	"位置する行政区画"@ja	<https://ja.wikipedia.org/wiki/%E6%AB%9B%E5%BD%A2%E5%B1%B1%E8%84%88>
<http://www.wikidata.org/entity/Q11559036>	"海津ゆうこ"@ja	<http://www.wikidata.org/entity/Q5>	"ヒト"@ja	<http://www.wikidata.org/entity/P19>	"出生地"@ja	<https://ja.wikipedia.org/wiki/%E6%B5%B7%E6%B4%A5%E3%82%86%E3%81%86%E3%81%93>
<http://www.wikidata.org/entity/Q11560872>	"清水園"@ja	<http://www.wikidata.org/entity/Q11433351>	"大名庭園"@ja	<http://www.wikidata.org/entity/P131>	"位置する行政区画"@ja	<https://ja.wikipedia.org/wiki/%E6%B8%85%E6%B0%B4%E5%9C%92>
<http://www.wikidata.org/entity/Q11560872>	"清水園"@ja	<http://www.wikidata.org/entity/Q11420231>	"回遊式庭園"@ja	<http://www.wikidata.org/entity/P131>	"位置する行政区画"@ja	<https://ja.wikipedia.org/wiki/%E6%B8%85%E6%B0%B4%E5%9C%92>
<http://www.wikidata.org/entity/Q11563421>	"湯の平温泉 (新潟県)"@ja	<http://www.wikidata.org/entity/Q11428612>	"塩化物泉"@ja	<http://www.wikidata.org/entity/P131>	"位置する行政区画"@ja	<https://ja.wikipedia.org/wiki/%E6%B9%AF%E3%81%AE%E5%B9%B3%E6%B8%A9%E6%B3%89_(%E6%96%B0%E6%BD%9F%E7%9C%8C)>
<http://www.wikidata.org/entity/Q11563421>	"湯の平温泉 (新潟県)"@ja	<http://www.wikidata.org/entity/Q655311>	"温泉"@ja	<http://www.wikidata.org/entity/P131>	"位置する行政区画"@ja	<https://ja.wikipedia.org/wiki/%E6%B9%AF%E3%81%AE%E5%B9%B3%E6%B8%A9%E6%B3%89_(%E6%96%B0%E6%BD%9F%E7%9C%8C)>
<http://www.wikidata.org/entity/Q11564452>	"溝口宣直"@ja	<http://www.wikidata.org/entity/Q5>	"ヒト"@ja	<http://www.wikidata.org/entity/P19>	"出生地"@ja	<https://ja.wikipedia.org/wiki/%E6%BA%9D%E5%8F%A3%E5%AE%A3%E7%9B%B4>
<http://www.wikidata.org/entity/Q11564471>	"溝口直正"@ja	<http://www.wikidata.org/entity/Q5>	"ヒト"@ja	<http://www.wikidata.org/entity/P19>	"出生地"@ja	<https://ja.wikipedia.org/wiki/%E6%BA%9D%E5%8F%A3%E7%9B%B4%E6%AD%A3>
<http://www.wikidata.org/entity/Q11564485>	"溝口重元"@ja	<http://www.wikidata.org/entity/Q5>	"ヒト"@ja	<http://www.wikidata.org/entity/P19>	"出生地"@ja	<https://ja.wikipedia.org/wiki/%E6%BA%9D%E5%8F%A3%E9%87%8D%E5%85%83>
<http://www.wikidata.org/entity/Q11572122>	"猿橋村"@ja	<http://www.wikidata.org/entity/Q18663566>	"日本の廃止市区町村"@ja	<http://www.wikidata.org/entity/P3842>	"位置する現在の行政区画"@ja	<https://ja.wikipedia.org/wiki/%E7%8C%BF%E6%A9%8B%E6%9D%91>
<http://www.wikidata.org/entity/Q11572122>	"猿橋村"@ja	<http://www.wikidata.org/entity/Q18663566>	"日本の廃止市区町村"@ja	<http://www.wikidata.org/entity/P1366>	"後継"@ja	<https://ja.wikipedia.org/wiki/%E7%8C%BF%E6%A9%8B%E6%9D%91>
<http://www.wikidata.org/entity/Q11579494>	"白壁兵舎"@ja	<http://www.wikidata.org/entity/Q2772772>	"軍事博物館"@ja	<http://www.wikidata.org/entity/P131>	"位置する行政区画"@ja	<https://ja.wikipedia.org/wiki/%E7%99%BD%E5%A3%81%E5%85%B5%E8%88%8E>
<http://www.wikidata.org/entity/Q11579494>	"白壁兵舎"@ja	<http://www.wikidata.org/entity/Q131263>	"バラック"@ja	<http://www.wikidata.org/entity/P131>	"位置する行政区画"@ja	<https://ja.wikipedia.org/wiki/%E7%99%BD%E5%A3%81%E5%85%B5%E8%88%8E>
<http://www.wikidata.org/entity/Q11579931>	"白沢三郎"@ja	<http://www.wikidata.org/entity/Q5>	"ヒト"@ja	<http://www.wikidata.org/entity/P19>	"出生地"@ja	<https://ja.wikipedia.org/wiki/%E7%99%BD%E6%B2%A2%E4%B8%89%E9%83%8E>
<http://www.wikidata.org/entity/Q11586773>	"石泉荘"@ja	<http://www.wikidata.org/entity/Q5773747>	"歴史的家屋"@ja	<http://www.wikidata.org/entity/P131>	"位置する行政区画"@ja	<https://ja.wikipedia.org/wiki/%E7%9F%B3%E6%B3%89%E8%8D%98>
<http://www.wikidata.org/entity/Q11587016>	"石田村"@ja	<http://www.wikidata.org/entity/Q18663566>	"日本の廃止市区町村"@ja	<http://www.wikidata.org/entity/P3842>	"位置する現在の行政区画"@ja	<https://ja.wikipedia.org/wiki/%E7%9F%B3%E7%94%B0%E6%9D%91_(%E6%96%B0%E6%BD%9F%E7%9C%8C)>
<http://www.wikidata.org/entity/Q11590316>	"神明神社 (新発田市)"@ja	<http://www.wikidata.org/entity/Q845945>	"神社"@ja	<http://www.wikidata.org/entity/P131>	"位置する行政区画"@ja	<https://ja.wikipedia.org/wiki/%E7%A5%9E%E6%98%8E%E5%AE%AE_(%E6%96%B0%E7%99%BA%E7%94%B0%E5%B8%82%E5%A4%A7%E6%89%8B%E7%94%BA)>
<http://www.wikidata.org/entity/Q11591828>	"福勝寺"@ja	<http://www.wikidata.org/entity/Q5393308>	"仏教寺院"@ja	<http://www.wikidata.org/entity/P131>	"位置する行政区画"@ja	<https://ja.wikipedia.org/wiki/%E7%A6%8F%E5%8B%9D%E5%AF%BA_(%E6%96%B0%E7%99%BA%E7%94%B0%E5%B8%82)>
<http://www.wikidata.org/entity/Q11598638>	"竹ノ俣村"@ja	<http://www.wikidata.org/entity/Q18663566>	"日本の廃止市区町村"@ja	<http://www.wikidata.org/entity/P3842>	"位置する現在の行政区画"@ja	<https://ja.wikipedia.org/wiki/%E7%AB%B9%E3%83%8E%E4%BF%A3%E6%9D%91>
<http://www.wikidata.org/entity/Q11602655>	"笹神村"@ja	<http://www.wikidata.org/entity/Q18663566>	"日本の廃止市区町村"@ja	<http://www.wikidata.org/entity/P3842>	"位置する現在の行政区画"@ja	<https://ja.wikipedia.org/wiki/%E7%AC%B9%E7%A5%9E%E6%9D%91>
<http://www.wikidata.org/entity/Q11603479>	"築地村"@ja	<http://www.wikidata.org/entity/Q18663566>	"日本の廃止市区町村"@ja	<http://www.wikidata.org/entity/P3842>	"位置する現在の行政区画"@ja	<https://ja.wikipedia.org/wiki/%E7%AF%89%E5%9C%B0%E6%9D%91_(%E6%96%B0%E6%BD%9F%E7%9C%8C)>
<http://www.wikidata.org/entity/Q11604000>	"米倉村"@ja	<http://www.wikidata.org/entity/Q18663566>	"日本の廃止市区町村"@ja	<http://www.wikidata.org/entity/P3842>	"位置する現在の行政区画"@ja	<https://ja.wikipedia.org/wiki/%E7%B1%B3%E5%80%89%E6%9D%91_(%E6%96%B0%E6%BD%9F%E7%9C%8C)>
<http://www.wikidata.org/entity/Q11604000>	"米倉村"@ja	<http://www.wikidata.org/entity/Q18663566>	"日本の廃止市区町村"@ja	<http://www.wikidata.org/entity/P1366>	"後継"@ja	<https://ja.wikipedia.org/wiki/%E7%B1%B3%E5%80%89%E6%9D%91_(%E6%96%B0%E6%BD%9F%E7%9C%8C)>
<http://www.wikidata.org/entity/Q11604006>	"米倉駅"@ja	<http://www.wikidata.org/entity/Q4663385>	"かつての鉄道駅"@ja	<http://www.wikidata.org/entity/P131>	"位置する行政区画"@ja	<https://ja.wikipedia.org/wiki/%E7%B1%B3%E5%80%89%E9%A7%85>
<http://www.wikidata.org/entity/Q11604006>	"米倉駅"@ja	<http://www.wikidata.org/entity/Q55488>	"鉄道駅"@ja	<http://www.wikidata.org/entity/P131>	"位置する行政区画"@ja	<https://ja.wikipedia.org/wiki/%E7%B1%B3%E5%80%89%E9%A7%85>
<http://www.wikidata.org/entity/Q11605775>	"紫雲寺村"@ja	<http://www.wikidata.org/entity/Q18663566>	"日本の廃止市区町村"@ja	<http://www.wikidata.org/entity/P3842>	"位置する現在の行政区画"@ja	<https://ja.wikipedia.org/wiki/%E7%B4%AB%E9%9B%B2%E5%AF%BA%E6%9D%91>
<http://www.wikidata.org/entity/Q11618576>	"荒川村"@ja	<http://www.wikidata.org/entity/Q18663566>	"日本の廃止市区町村"@ja	<http://www.wikidata.org/entity/P3842>	"位置する現在の行政区画"@ja	<https://ja.wikipedia.org/wiki/%E8%8D%92%E5%B7%9D%E6%9D%91_(%E6%96%B0%E6%BD%9F%E7%9C%8C)>
<http://www.wikidata.org/entity/Q11618764>	"荒橋村"@ja	<http://www.wikidata.org/entity/Q18663566>	"日本の廃止市区町村"@ja	<http://www.wikidata.org/entity/P3842>	"位置する現在の行政区画"@ja	<https://ja.wikipedia.org/wiki/%E8%8D%92%E6%A9%8B%E6%9D%91>
<http://www.wikidata.org/entity/Q11619381>	"菅谷寺"@ja	<http://www.wikidata.org/entity/Q5393308>	"仏教寺院"@ja	<http://www.wikidata.org/entity/P131>	"位置する行政区画"@ja	<https://ja.wikipedia.org/wiki/%E8%8F%85%E8%B0%B7%E5%AF%BA>
<http://www.wikidata.org/entity/Q11619394>	"菅谷村"@ja	<http://www.wikidata.org/entity/Q18663566>	"日本の廃止市区町村"@ja	<http://www.wikidata.org/entity/P3842>	"位置する現在の行政区画"@ja	<https://ja.wikipedia.org/wiki/%E8%8F%85%E8%B0%B7%E6%9D%91_(%E6%96%B0%E6%BD%9F%E7%9C%8C)>
<http://www.wikidata.org/entity/Q11619394>	"菅谷村"@ja	<http://www.wikidata.org/entity/Q18663566>	"日本の廃止市区町村"@ja	<http://www.wikidata.org/entity/P1366>	"後継"@ja	<https://ja.wikipedia.org/wiki/%E8%8F%85%E8%B0%B7%E6%9D%91_(%E6%96%B0%E6%BD%9F%E7%9C%8C)>
<http://www.wikidata.org/entity/Q11619690>	"菊水酒造"@ja	<http://www.wikidata.org/entity/Q4830453>	"企業"@ja	<http://www.wikidata.org/entity/P159>	"本部所在地"@ja	<https://ja.wikipedia.org/wiki/%E8%8F%8A%E6%B0%B4%E9%85%92%E9%80%A0_(%E6%96%B0%E6%BD%9F%E7%9C%8C)>
<http://www.wikidata.org/entity/Q11621579>	"蓑島村"@ja	<http://www.wikidata.org/entity/Q18663566>	"日本の廃止市区町村"@ja	<http://www.wikidata.org/entity/P3842>	"位置する現在の行政区画"@ja	<https://ja.wikipedia.org/wiki/%E8%93%91%E5%B3%B6%E6%9D%91_(%E6%96%B0%E6%BD%9F%E7%9C%8C)>
<http://www.wikidata.org/entity/Q11621879>	"蔵光村"@ja	<http://www.wikidata.org/entity/Q18663566>	"日本の廃止市区町村"@ja	<http://www.wikidata.org/entity/P3842>	"位置する現在の行政区画"@ja	<https://ja.wikipedia.org/wiki/%E8%94%B5%E5%85%89%E6%9D%91>
<http://www.wikidata.org/entity/Q11621988>	"蕗谷虹児記念館"@ja	<http://www.wikidata.org/entity/Q10624527>	"人物記念館"@ja	<http://www.wikidata.org/entity/P131>	"位置する行政区画"@ja	<https://ja.wikipedia.org/wiki/%E8%95%97%E8%B0%B7%E8%99%B9%E5%85%90%E8%A8%98%E5%BF%B5%E9%A4%A8>
<http://www.wikidata.org/entity/Q11631930>	"諏訪神社 (新発田市)"@ja	<http://www.wikidata.org/entity/Q845945>	"神社"@ja	<http://www.wikidata.org/entity/P131>	"位置する行政区画"@ja	<https://ja.wikipedia.org/wiki/%E8%AB%8F%E8%A8%AA%E7%A5%9E%E7%A4%BE_(%E6%96%B0%E7%99%BA%E7%94%B0%E5%B8%82)>
<http://www.wikidata.org/entity/Q11633945>	"豊浦町"@ja	<http://www.wikidata.org/entity/Q18663566>	"日本の廃止市区町村"@ja	<http://www.wikidata.org/entity/P3842>	"位置する現在の行政区画"@ja	<https://ja.wikipedia.org/wiki/%E8%B1%8A%E6%B5%A6%E7%94%BA_(%E6%96%B0%E6%BD%9F%E7%9C%8C)>
<http://www.wikidata.org/entity/Q11633945>	"豊浦町"@ja	<http://www.wikidata.org/entity/Q18663566>	"日本の廃止市区町村"@ja	<http://www.wikidata.org/entity/P1366>	"後継"@ja	<https://ja.wikipedia.org/wiki/%E8%B1%8A%E6%B5%A6%E7%94%BA_(%E6%96%B0%E6%BD%9F%E7%9C%8C)>
<http://www.wikidata.org/entity/Q11635983>	"赤谷村"@ja	<http://www.wikidata.org/entity/Q18663566>	"日本の廃止市区町村"@ja	<http://www.wikidata.org/entity/P3842>	"位置する現在の行政区画"@ja	<https://ja.wikipedia.org/wiki/%E8%B5%A4%E8%B0%B7%E6%9D%91>
<http://www.wikidata.org/entity/Q11635983>	"赤谷村"@ja	<http://www.wikidata.org/entity/Q18663566>	"日本の廃止市区町村"@ja	<http://www.wikidata.org/entity/P1366>	"後継"@ja	<https://ja.wikipedia.org/wiki/%E8%B5%A4%E8%B0%B7%E6%9D%91>
<http://www.wikidata.org/entity/Q11637056>	"足軽長屋"@ja	<http://www.wikidata.org/entity/Q93154241>	"長屋"@ja	<http://www.wikidata.org/entity/P131>	"位置する行政区画"@ja	<https://ja.wikipedia.org/wiki/%E8%B6%B3%E8%BB%BD%E9%95%B7%E5%B1%8B_(%E6%96%B0%E7%99%BA%E7%94%B0%E5%B8%82)>
<http://www.wikidata.org/entity/Q11638448>	"近正仁"@ja	<http://www.wikidata.org/entity/Q5>	"ヒト"@ja	<http://www.wikidata.org/entity/P19>	"出生地"@ja	<https://ja.wikipedia.org/wiki/%E8%BF%91%E6%AD%A3%E4%BB%81>
<http://www.wikidata.org/entity/Q11641163>	"道の駅加治川"@ja	<http://www.wikidata.org/entity/Q1187691>	"道の駅"@ja	<http://www.wikidata.org/entity/P131>	"位置する行政区画"@ja	<https://ja.wikipedia.org/wiki/%E9%81%93%E3%81%AE%E9%A7%85%E5%8A%A0%E6%B2%BB%E5%B7%9D>
<http://www.wikidata.org/entity/Q11652993>	"長徳寺 (新発田市)"@ja	<http://www.wikidata.org/entity/Q5393308>	"仏教寺院"@ja	<http://www.wikidata.org/entity/P131>	"位置する行政区画"@ja	<https://ja.wikipedia.org/wiki/%E9%95%B7%E5%BE%B3%E5%AF%BA_(%E6%96%B0%E7%99%BA%E7%94%B0%E5%B8%82)>
<http://www.wikidata.org/entity/Q11669375>	"高山景子"@ja	<http://www.wikidata.org/entity/Q5>	"ヒト"@ja	<http://www.wikidata.org/entity/P19>	"出生地"@ja	<https://ja.wikipedia.org/wiki/%E9%AB%98%E5%B1%B1%E6%99%AF%E5%AD%90>
<http://www.wikidata.org/entity/Q11671175>	"高橋宏"@ja	<http://www.wikidata.org/entity/Q5>	"ヒト"@ja	<http://www.wikidata.org/entity/P19>	"出生地"@ja	<https://ja.wikipedia.org/wiki/%E9%AB%98%E6%A9%8B%E5%AE%8F>
<http://www.wikidata.org/entity/Q11671344>	"高橋東悟"@ja	<http://www.wikidata.org/entity/Q5>	"ヒト"@ja	<http://www.wikidata.org/entity/P19>	"出生地"@ja	<https://ja.wikipedia.org/wiki/%E9%AB%98%E6%A9%8B%E6%9D%B1%E6%82%9F>
<http://www.wikidata.org/entity/Q11671760>	"高沢順子"@ja	<http://www.wikidata.org/entity/Q5>	"ヒト"@ja	<http://www.wikidata.org/entity/P19>	"出生地"@ja	<https://ja.wikipedia.org/wiki/%E9%AB%98%E6%B2%A2%E9%A0%86%E5%AD%90>
<http://www.wikidata.org/entity/Q11672067>	"高田千春"@ja	<http://www.wikidata.org/entity/Q5>	"ヒト"@ja	<http://www.wikidata.org/entity/P19>	"出生地"@ja	<https://ja.wikipedia.org/wiki/%E9%AB%98%E7%94%B0%E5%8D%83%E6%98%A5>
<http://www.wikidata.org/entity/Q11675118>	"鳥興野村"@ja	<http://www.wikidata.org/entity/Q18663566>	"日本の廃止市区町村"@ja	<http://www.wikidata.org/entity/P3842>	"位置する現在の行政区画"@ja	<https://ja.wikipedia.org/wiki/%E9%B3%A5%E8%88%88%E9%87%8E%E6%9D%91>
<http://www.wikidata.org/entity/Q11675672>	"鴻沼村"@ja	<http://www.wikidata.org/entity/Q18663566>	"日本の廃止市区町村"@ja	<http://www.wikidata.org/entity/P3842>	"位置する現在の行政区画"@ja	<https://ja.wikipedia.org/wiki/%E9%B4%BB%E6%B2%BC%E6%9D%91>
<http://www.wikidata.org/entity/Q11675672>	"鴻沼村"@ja	<http://www.wikidata.org/entity/Q18663566>	"日本の廃止市区町村"@ja	<http://www.wikidata.org/entity/P1366>	"後継"@ja	<https://ja.wikipedia.org/wiki/%E9%B4%BB%E6%B2%BC%E6%9D%91>
<http://www.wikidata.org/entity/Q17212663>	"新発田市立五十公野小学校"@ja	<http://www.wikidata.org/entity/Q5358913>	"日本の小学校"@ja	<http://www.wikidata.org/entity/P131>	"位置する行政区画"@ja	<https://ja.wikipedia.org/wiki/%E6%96%B0%E7%99%BA%E7%94%B0%E5%B8%82%E7%AB%8B%E4%BA%94%E5%8D%81%E5%85%AC%E9%87%8E%E5%B0%8F%E5%AD%A6%E6%A0%A1>
<http://www.wikidata.org/entity/Q21653246>	"新発田市立猿橋中学校"@ja	<http://www.wikidata.org/entity/Q55521176>	"日本の中学校"@ja	<http://www.wikidata.org/entity/P131>	"位置する行政区画"@ja	<https://ja.wikipedia.org/wiki/%E6%96%B0%E7%99%BA%E7%94%B0%E5%B8%82%E7%AB%8B%E7%8C%BF%E6%A9%8B%E4%B8%AD%E5%AD%A6%E6%A0%A1>
<http://www.wikidata.org/entity/Q21653246>	"新発田市立猿橋中学校"@ja	<http://www.wikidata.org/entity/Q55521176>	"日本の中学校"@ja	<http://www.wikidata.org/entity/P126>	"管理者"@ja	<https://ja.wikipedia.org/wiki/%E6%96%B0%E7%99%BA%E7%94%B0%E5%B8%82%E7%AB%8B%E7%8C%BF%E6%A9%8B%E4%B8%AD%E5%AD%A6%E6%A0%A1>
<http://www.wikidata.org/entity/Q23985412>	"新発田市立二葉小学校"@ja	<http://www.wikidata.org/entity/Q5358913>	"日本の小学校"@ja	<http://www.wikidata.org/entity/P131>	"位置する行政区画"@ja	<https://ja.wikipedia.org/wiki/%E6%96%B0%E7%99%BA%E7%94%B0%E5%B8%82%E7%AB%8B%E4%BA%8C%E8%91%89%E5%B0%8F%E5%AD%A6%E6%A0%A1>
<http://www.wikidata.org/entity/Q23985412>	"新発田市立二葉小学校"@ja	<http://www.wikidata.org/entity/Q5358913>	"日本の小学校"@ja	<http://www.wikidata.org/entity/P126>	"管理者"@ja	<https://ja.wikipedia.org/wiki/%E6%96%B0%E7%99%BA%E7%94%B0%E5%B8%82%E7%AB%8B%E4%BA%8C%E8%91%89%E5%B0%8F%E5%AD%A6%E6%A0%A1>
<http://www.wikidata.org/entity/Q28686340>	"新発田市民文化会館"@ja	<http://www.wikidata.org/entity/Q1060829>	"コンサートホール"@ja	<http://www.wikidata.org/entity/P131>	"位置する行政区画"@ja	<https://ja.wikipedia.org/wiki/%E6%96%B0%E7%99%BA%E7%94%B0%E5%B8%82%E6%B0%91%E6%96%87%E5%8C%96%E4%BC%9A%E9%A4%A8>
<http://www.wikidata.org/entity/Q30280795>	"新潟県立新発田病院"@ja	<http://www.wikidata.org/entity/Q4287745>	"医療関係機関"@ja	<http://www.wikidata.org/entity/P131>	"位置する行政区画"@ja	<https://ja.wikipedia.org/wiki/%E6%96%B0%E6%BD%9F%E7%9C%8C%E7%AB%8B%E6%96%B0%E7%99%BA%E7%94%B0%E7%97%85%E9%99%A2>
<http://www.wikidata.org/entity/Q30280795>	"新潟県立新発田病院"@ja	<http://www.wikidata.org/entity/Q16917>	"病院"@ja	<http://www.wikidata.org/entity/P131>	"位置する行政区画"@ja	<https://ja.wikipedia.org/wiki/%E6%96%B0%E6%BD%9F%E7%9C%8C%E7%AB%8B%E6%96%B0%E7%99%BA%E7%94%B0%E7%97%85%E9%99%A2>
<http://www.wikidata.org/entity/Q30923654>	"天坂裕也"@ja	<http://www.wikidata.org/entity/Q5>	"ヒト"@ja	<http://www.wikidata.org/entity/P19>	"出生地"@ja	<https://ja.wikipedia.org/wiki/%E5%A4%A9%E5%9D%82%E8%A3%95%E4%B9%9F>
<http://www.wikidata.org/entity/Q55526217>	"加治川仮乗降場"@ja	<http://www.wikidata.org/entity/Q11378342>	"仮乗降場"@ja	<http://www.wikidata.org/entity/P131>	"位置する行政区画"@ja	<https://ja.wikipedia.org/wiki/%E5%8A%A0%E6%B2%BB%E5%B7%9D%E4%BB%AE%E4%B9%97%E9%99%8D%E5%A0%B4>
<http://www.wikidata.org/entity/Q55526217>	"加治川仮乗降場"@ja	<http://www.wikidata.org/entity/Q4663385>	"かつての鉄道駅"@ja	<http://www.wikidata.org/entity/P131>	"位置する行政区画"@ja	<https://ja.wikipedia.org/wiki/%E5%8A%A0%E6%B2%BB%E5%B7%9D%E4%BB%AE%E4%B9%97%E9%99%8D%E5%A0%B4>
<http://www.wikidata.org/entity/Q63226686>	"坪川洹平"@ja	<http://www.wikidata.org/entity/Q5>	"ヒト"@ja	<http://www.wikidata.org/entity/P20>	"死没地"@ja	<https://ja.wikipedia.org/wiki/%E5%9D%AA%E5%B7%9D%E6%B4%B9%E5%B9%B3>
<http://www.wikidata.org/entity/Q63412905>	"紫雲寺記念公園"@ja	<http://www.wikidata.org/entity/Q22698>	"公園"@ja	<http://www.wikidata.org/entity/P131>	"位置する行政区画"@ja	<https://ja.wikipedia.org/wiki/%E6%96%B0%E6%BD%9F%E7%9C%8C%E7%AB%8B%E7%B4%AB%E9%9B%B2%E5%AF%BA%E8%A8%98%E5%BF%B5%E5%85%AC%E5%9C%92>
<http://www.wikidata.org/entity/Q66480921>	"イクネスしばた"@ja	<http://www.wikidata.org/entity/Q41176>	"建築物"@ja	<http://www.wikidata.org/entity/P131>	"位置する行政区画"@ja	<https://ja.wikipedia.org/wiki/%E3%82%A4%E3%82%AF%E3%83%8D%E3%82%B9%E3%81%97%E3%81%B0%E3%81%9F>
<http://www.wikidata.org/entity/Q66490692>	"新発田市役所"@ja	<http://www.wikidata.org/entity/Q543654>	"市庁舎"@ja	<http://www.wikidata.org/entity/P131>	"位置する行政区画"@ja	<https://ja.wikipedia.org/wiki/%E6%96%B0%E7%99%BA%E7%94%B0%E5%B8%82%E5%BD%B9%E6%89%80>
<http://www.wikidata.org/entity/Q28757193>	"新潟県道390号"@ja	<http://www.wikidata.org/entity/Q34442>	"道路"@ja	<http://www.wikidata.org/entity/P609>	"起終点"@ja	
<http://www.wikidata.org/entity/Q28757193>	"新潟県道390号"@ja	<http://www.wikidata.org/entity/Q34442>	"道路"@ja	<http://www.wikidata.org/entity/P131>	"位置する行政区画"@ja	
<http://www.wikidata.org/entity/Q29043610>	"新潟県道545号"@ja	<http://www.wikidata.org/entity/Q34442>	"道路"@ja	<http://www.wikidata.org/entity/P131>	"位置する行政区画"@ja	
<http://www.wikidata.org/entity/Q29905773>	"新潟県道555号"@ja	<http://www.wikidata.org/entity/Q34442>	"道路"@ja	<http://www.wikidata.org/entity/P609>	"起終点"@ja	
<http://www.wikidata.org/entity/Q29905773>	"新潟県道555号"@ja	<http://www.wikidata.org/entity/Q34442>	"道路"@ja	<http://www.wikidata.org/entity/P131>	"位置する行政区画"@ja	
<http://www.wikidata.org/entity/Q29957475>	"新潟県道391号"@ja	<http://www.wikidata.org/entity/Q34442>	"道路"@ja	<http://www.wikidata.org/entity/P609>	"起終点"@ja	
<http://www.wikidata.org/entity/Q29957475>	"新潟県道391号"@ja	<http://www.wikidata.org/entity/Q34442>	"道路"@ja	<http://www.wikidata.org/entity/P131>	"位置する行政区画"@ja	
<http://www.wikidata.org/entity/Q32646539>	"Q32646539"	<http://www.wikidata.org/entity/Q4167836>	"ウィキメディアのカテゴリ"@ja	<http://www.wikidata.org/entity/P971>	"以下の組み合わせカテゴリ"@ja	
<http://www.wikidata.org/entity/Q32646537>	"Q32646537"	<http://www.wikidata.org/entity/Q4167836>	"ウィキメディアのカテゴリ"@ja	<http://www.wikidata.org/entity/P971>	"以下の組み合わせカテゴリ"@ja	
<http://www.wikidata.org/entity/Q56437360>	"新発田市長"@ja	<http://www.wikidata.org/entity/Q4164871>	"職位"@ja	<http://www.wikidata.org/entity/P1001>	"管轄・適用区域"@ja	
<http://www.wikidata.org/entity/Q85272631>	"新発田市立第一中学校"@ja	<http://www.wikidata.org/entity/Q55521176>	"日本の中学校"@ja	<http://www.wikidata.org/entity/P131>	"位置する行政区画"@ja	
<http://www.wikidata.org/entity/Q85272631>	"新発田市立第一中学校"@ja	<http://www.wikidata.org/entity/Q55521176>	"日本の中学校"@ja	<http://www.wikidata.org/entity/P126>	"管理者"@ja	
<http://www.wikidata.org/entity/Q85272634>	"新発田市立七葉中学校"@ja	<http://www.wikidata.org/entity/Q55521176>	"日本の中学校"@ja	<http://www.wikidata.org/entity/P131>	"位置する行政区画"@ja	
<http://www.wikidata.org/entity/Q85272634>	"新発田市立七葉中学校"@ja	<http://www.wikidata.org/entity/Q55521176>	"日本の中学校"@ja	<http://www.wikidata.org/entity/P126>	"管理者"@ja	
<http://www.wikidata.org/entity/Q85272638>	"新発田市立佐々木中学校"@ja	<http://www.wikidata.org/entity/Q55521176>	"日本の中学校"@ja	<http://www.wikidata.org/entity/P131>	"位置する行政区画"@ja	
<http://www.wikidata.org/entity/Q85272638>	"新発田市立佐々木中学校"@ja	<http://www.wikidata.org/entity/Q55521176>	"日本の中学校"@ja	<http://www.wikidata.org/entity/P126>	"管理者"@ja	
<http://www.wikidata.org/entity/Q85272643>	"新発田市立紫雲寺中学校"@ja	<http://www.wikidata.org/entity/Q55521176>	"日本の中学校"@ja	<http://www.wikidata.org/entity/P131>	"位置する行政区画"@ja	
<http://www.wikidata.org/entity/Q85272643>	"新発田市立紫雲寺中学校"@ja	<http://www.wikidata.org/entity/Q55521176>	"日本の中学校"@ja	<http://www.wikidata.org/entity/P126>	"管理者"@ja	
<http://www.wikidata.org/entity/Q85272640>	"新発田市立豊浦中学校"@ja	<http://www.wikidata.org/entity/Q55521176>	"日本の中学校"@ja	<http://www.wikidata.org/entity/P131>	"位置する行政区画"@ja	
<http://www.wikidata.org/entity/Q85272640>	"新発田市立豊浦中学校"@ja	<http://www.wikidata.org/entity/Q55521176>	"日本の中学校"@ja	<http://www.wikidata.org/entity/P126>	"管理者"@ja	
<http://www.wikidata.org/entity/Q85272645>	"新発田市立加治川中学校"@ja	<http://www.wikidata.org/entity/Q55521176>	"日本の中学校"@ja	<http://www.wikidata.org/entity/P131>	"位置する行政区画"@ja	
<http://www.wikidata.org/entity/Q85272645>	"新発田市立加治川中学校"@ja	<http://www.wikidata.org/entity/Q55521176>	"日本の中学校"@ja	<http://www.wikidata.org/entity/P126>	"管理者"@ja	
<http://www.wikidata.org/entity/Q85286554>	"新潟県立新発田竹俣特別支援学校"@ja	<http://www.wikidata.org/entity/Q43271061>	"特別支援学校"@ja	<http://www.wikidata.org/entity/P131>	"位置する行政区画"@ja	
<http://www.wikidata.org/entity/Q85286556>	"新潟県立新発田竹俣特別支援学校 いじみの分校"@ja	<http://www.wikidata.org/entity/Q11396122>	"分校"@ja	<http://www.wikidata.org/entity/P131>	"位置する行政区画"@ja	
<http://www.wikidata.org/entity/Q85287775>	"新発田市立東小学校"@ja	<http://www.wikidata.org/entity/Q5358913>	"日本の小学校"@ja	<http://www.wikidata.org/entity/P131>	"位置する行政区画"@ja	
<http://www.wikidata.org/entity/Q85287775>	"新発田市立東小学校"@ja	<http://www.wikidata.org/entity/Q5358913>	"日本の小学校"@ja	<http://www.wikidata.org/entity/P126>	"管理者"@ja	
<http://www.wikidata.org/entity/Q85287773>	"新発田市立御免町小学校"@ja	<http://www.wikidata.org/entity/Q5358913>	"日本の小学校"@ja	<http://www.wikidata.org/entity/P131>	"位置する行政区画"@ja	
<http://www.wikidata.org/entity/Q85287773>	"新発田市立御免町小学校"@ja	<http://www.wikidata.org/entity/Q5358913>	"日本の小学校"@ja	<http://www.wikidata.org/entity/P126>	"管理者"@ja	
<http://www.wikidata.org/entity/Q85287786>	"新発田市立菅谷小学校"@ja	<http://www.wikidata.org/entity/Q5358913>	"日本の小学校"@ja	<http://www.wikidata.org/entity/P131>	"位置する行政区画"@ja	
<http://www.wikidata.org/entity/Q85287786>	"新発田市立菅谷小学校"@ja	<http://www.wikidata.org/entity/Q5358913>	"日本の小学校"@ja	<http://www.wikidata.org/entity/P126>	"管理者"@ja	
<http://www.wikidata.org/entity/Q85287784>	"新発田市立川東小学校"@ja	<http://www.wikidata.org/entity/Q5358913>	"日本の小学校"@ja	<http://www.wikidata.org/entity/P131>	"位置する行政区画"@ja	
<http://www.wikidata.org/entity/Q85287784>	"新発田市立川東小学校"@ja	<http://www.wikidata.org/entity/Q5358913>	"日本の小学校"@ja	<http://www.wikidata.org/entity/P126>	"管理者"@ja	
<http://www.wikidata.org/entity/Q85287790>	"新発田市立七葉小学校"@ja	<http://www.wikidata.org/entity/Q5358913>	"日本の小学校"@ja	<http://www.wikidata.org/entity/P131>	"位置する行政区画"@ja	
<http://www.wikidata.org/entity/Q85287790>	"新発田市立七葉小学校"@ja	<http://www.wikidata.org/entity/Q5358913>	"日本の小学校"@ja	<http://www.wikidata.org/entity/P126>	"管理者"@ja	
<http://www.wikidata.org/entity/Q85287795>	"新発田市立東豊小学校"@ja	<http://www.wikidata.org/entity/Q5358913>	"日本の小学校"@ja	<http://www.wikidata.org/entity/P131>	"位置する行政区画"@ja	
<http://www.wikidata.org/entity/Q85287795>	"新発田市立東豊小学校"@ja	<http://www.wikidata.org/entity/Q5358913>	"日本の小学校"@ja	<http://www.wikidata.org/entity/P126>	"管理者"@ja	
<http://www.wikidata.org/entity/Q85287792>	"新発田市立佐々木小学校"@ja	<http://www.wikidata.org/entity/Q5358913>	"日本の小学校"@ja	<http://www.wikidata.org/entity/P131>	"位置する行政区画"@ja	
<http://www.wikidata.org/entity/Q85287792>	"新発田市立佐々木小学校"@ja	<http://www.wikidata.org/entity/Q5358913>	"日本の小学校"@ja	<http://www.wikidata.org/entity/P126>	"管理者"@ja	
<http://www.wikidata.org/entity/Q85287793>	"新発田市立住吉小学校"@ja	<http://www.wikidata.org/entity/Q5358913>	"日本の小学校"@ja	<http://www.wikidata.org/entity/P131>	"位置する行政区画"@ja	
<http://www.wikidata.org/entity/Q85287793>	"新発田市立住吉小学校"@ja	<http://www.wikidata.org/entity/Q5358913>	"日本の小学校"@ja	<http://www.wikidata.org/entity/P126>	"管理者"@ja	
<http://www.wikidata.org/entity/Q85287799>	"新発田市立中浦小学校"@ja	<http://www.wikidata.org/entity/Q5358913>	"日本の小学校"@ja	<http://www.wikidata.org/entity/P131>	"位置する行政区画"@ja	
<http://www.wikidata.org/entity/Q85287799>	"新発田市立中浦小学校"@ja	<http://www.wikidata.org/entity/Q5358913>	"日本の小学校"@ja	<http://www.wikidata.org/entity/P126>	"管理者"@ja	
<http://www.wikidata.org/entity/Q85287802>	"新発田市立天王小学校"@ja	<http://www.wikidata.org/entity/Q5358913>	"日本の小学校"@ja	<http://www.wikidata.org/entity/P131>	"位置する行政区画"@ja	
<http://www.wikidata.org/entity/Q85287802>	"新発田市立天王小学校"@ja	<http://www.wikidata.org/entity/Q5358913>	"日本の小学校"@ja	<http://www.wikidata.org/entity/P126>	"管理者"@ja	
<http://www.wikidata.org/entity/Q85287806>	"新発田市立紫雲寺小学校"@ja	<http://www.wikidata.org/entity/Q5358913>	"日本の小学校"@ja	<http://www.wikidata.org/entity/P131>	"位置する行政区画"@ja	
<http://www.wikidata.org/entity/Q85287806>	"新発田市立紫雲寺小学校"@ja	<http://www.wikidata.org/entity/Q5358913>	"日本の小学校"@ja	<http://www.wikidata.org/entity/P126>	"管理者"@ja	
<http://www.wikidata.org/entity/Q85287804>	"新発田市立荒橋小学校"@ja	<http://www.wikidata.org/entity/Q5358913>	"日本の小学校"@ja	<http://www.wikidata.org/entity/P131>	"位置する行政区画"@ja	
<http://www.wikidata.org/entity/Q85287804>	"新発田市立荒橋小学校"@ja	<http://www.wikidata.org/entity/Q5358913>	"日本の小学校"@ja	<http://www.wikidata.org/entity/P126>	"管理者"@ja	
<http://www.wikidata.org/entity/Q85287805>	"新発田市立本田小学校"@ja	<http://www.wikidata.org/entity/Q5358913>	"日本の小学校"@ja	<http://www.wikidata.org/entity/P131>	"位置する行政区画"@ja	
<http://www.wikidata.org/entity/Q85287805>	"新発田市立本田小学校"@ja	<http://www.wikidata.org/entity/Q5358913>	"日本の小学校"@ja	<http://www.wikidata.org/entity/P126>	"管理者"@ja	
<http://www.wikidata.org/entity/Q85287810>	"新発田市立藤塚小学校"@ja	<http://www.wikidata.org/entity/Q5358913>	"日本の小学校"@ja	<http://www.wikidata.org/entity/P131>	"位置する行政区画"@ja	
<http://www.wikidata.org/entity/Q85287810>	"新発田市立藤塚小学校"@ja	<http://www.wikidata.org/entity/Q5358913>	"日本の小学校"@ja	<http://www.wikidata.org/entity/P126>	"管理者"@ja	
<http://www.wikidata.org/entity/Q85287811>	"新発田市立加治川小学校"@ja	<http://www.wikidata.org/entity/Q5358913>	"日本の小学校"@ja	<http://www.wikidata.org/entity/P131>	"位置する行政区画"@ja	
<http://www.wikidata.org/entity/Q85287811>	"新発田市立加治川小学校"@ja	<http://www.wikidata.org/entity/Q5358913>	"日本の小学校"@ja	<http://www.wikidata.org/entity/P126>	"管理者"@ja	
<http://www.wikidata.org/entity/Q85287808>	"新発田市立米子小学校"@ja	<http://www.wikidata.org/entity/Q5358913>	"日本の小学校"@ja	<http://www.wikidata.org/entity/P131>	"位置する行政区画"@ja	
<http://www.wikidata.org/entity/Q85287808>	"新発田市立米子小学校"@ja	<http://www.wikidata.org/entity/Q5358913>	"日本の小学校"@ja	<http://www.wikidata.org/entity/P126>	"管理者"@ja	
<http://www.wikidata.org/entity/Q110990067>	"富樫寅平"@ja	<http://www.wikidata.org/entity/Q5>	"ヒト"@ja	<http://www.wikidata.org/entity/P19>	"出生地"@ja	
<http://www.wikidata.org/entity/Q132705>	"新潟県"@ja	<http://www.wikidata.org/entity/Q50337>	"都道府県"@ja	<http://www.wikidata.org/entity/P150>	"直下の行政区画"@ja	<https://ja.wikipedia.org/wiki/%E6%96%B0%E6%BD%9F%E7%9C%8C>
<http://www.wikidata.org/entity/Q179691>	"新潟市"@ja	<http://www.wikidata.org/entity/Q65589340>	"都道府県庁所在地"@ja	<http://www.wikidata.org/entity/P47>	"隣の国又は行政区画"@ja	<https://ja.wikipedia.org/wiki/%E6%96%B0%E6%BD%9F%E5%B8%82>
<http://www.wikidata.org/entity/Q179691>	"新潟市"@ja	<http://www.wikidata.org/entity/Q1749269>	"政令指定都市"@ja	<http://www.wikidata.org/entity/P47>	"隣の国又は行政区画"@ja	<https://ja.wikipedia.org/wiki/%E6%96%B0%E6%BD%9F%E5%B8%82>
<http://www.wikidata.org/entity/Q179691>	"新潟市"@ja	<http://www.wikidata.org/entity/Q1549591>	"10万都市"@ja	<http://www.wikidata.org/entity/P47>	"隣の国又は行政区画"@ja	<https://ja.wikipedia.org/wiki/%E6%96%B0%E6%BD%9F%E5%B8%82>
<http://www.wikidata.org/entity/Q179691>	"新潟市"@ja	<http://www.wikidata.org/entity/Q494721>	"日本の市"@ja	<http://www.wikidata.org/entity/P47>	"隣の国又は行政区画"@ja	<https://ja.wikipedia.org/wiki/%E6%96%B0%E6%BD%9F%E5%B8%82>
<http://www.wikidata.org/entity/Q390466>	"阿賀野市"@ja	<http://www.wikidata.org/entity/Q494721>	"日本の市"@ja	<http://www.wikidata.org/entity/P47>	"隣の国又は行政区画"@ja	<https://ja.wikipedia.org/wiki/%E9%98%BF%E8%B3%80%E9%87%8E%E5%B8%82>
<http://www.wikidata.org/entity/Q85879130>	"天王郵便局"@ja	<http://www.wikidata.org/entity/Q35054>	"郵便局"@ja	<http://www.wikidata.org/entity/P131>	"位置する行政区画"@ja	<https://ja.wikipedia.org/wiki/%E5%A4%A9%E7%8E%8B%E9%83%B5%E4%BE%BF%E5%B1%80_(%E6%96%B0%E6%BD%9F%E7%9C%8C)>
<http://www.wikidata.org/entity/Q101246226>	"新発田市立歴史図書館"@ja	<http://www.wikidata.org/entity/Q48085397>	"市区町村立図書館"@ja	<http://www.wikidata.org/entity/P131>	"位置する行政区画"@ja	<https://ja.wikipedia.org/wiki/%E6%96%B0%E7%99%BA%E7%94%B0%E5%B8%82%E7%AB%8B%E6%AD%B4%E5%8F%B2%E5%9B%B3%E6%9B%B8%E9%A4%A8>
<http://www.wikidata.org/entity/Q105707042>	"吉田白甲"@ja	<http://www.wikidata.org/entity/Q5>	"ヒト"@ja	<http://www.wikidata.org/entity/P19>	"出生地"@ja	<https://ja.wikipedia.org/wiki/%E5%90%89%E7%94%B0%E7%99%BD%E7%94%B2>
<http://www.wikidata.org/entity/Q496506>	"喜多方市"@ja	<http://www.wikidata.org/entity/Q494721>	"日本の市"@ja	<http://www.wikidata.org/entity/P47>	"隣の国又は行政区画"@ja	<https://ja.wikipedia.org/wiki/%E5%96%9C%E5%A4%9A%E6%96%B9%E5%B8%82>
<http://www.wikidata.org/entity/Q701990>	"小和田恆"@ja	<http://www.wikidata.org/entity/Q5>	"ヒト"@ja	<http://www.wikidata.org/entity/P19>	"出生地"@ja	<https://ja.wikipedia.org/wiki/%E5%B0%8F%E5%92%8C%E7%94%B0%E6%81%86>
<http://www.wikidata.org/entity/Q877266>	"胎内市"@ja	<http://www.wikidata.org/entity/Q494721>	"日本の市"@ja	<http://www.wikidata.org/entity/P47>	"隣の国又は行政区画"@ja	<https://ja.wikipedia.org/wiki/%E8%83%8E%E5%86%85%E5%B8%82>
<http://www.wikidata.org/entity/Q1039103>	"新発田城"@ja	<http://www.wikidata.org/entity/Q92026>	"日本の城"@ja	<http://www.wikidata.org/entity/P131>	"位置する行政区画"@ja	<https://ja.wikipedia.org/wiki/%E6%96%B0%E7%99%BA%E7%94%B0%E5%9F%8E>
<http://www.wikidata.org/entity/Q1040856>	"新発田藩"@ja	<http://www.wikidata.org/entity/Q841985>	"藩"@ja	<http://www.wikidata.org/entity/P36>	"行政中心地"@ja	<https://ja.wikipedia.org/wiki/%E6%96%B0%E7%99%BA%E7%94%B0%E8%97%A9>
<http://www.wikidata.org/entity/Q1055550>	"国道7号"@ja	<http://www.wikidata.org/entity/Q34442>	"道路"@ja	<http://www.wikidata.org/entity/P1302>	"主な経由都市"@ja	<https://ja.wikipedia.org/wiki/%E5%9B%BD%E9%81%937%E5%8F%B7>
<http://www.wikidata.org/entity/Q1067647>	"堀部武庸"@ja	<http://www.wikidata.org/entity/Q5>	"ヒト"@ja	<http://www.wikidata.org/entity/P19>	"出生地"@ja	<https://ja.wikipedia.org/wiki/%E5%A0%80%E9%83%A8%E6%AD%A6%E5%BA%B8>
<http://www.wikidata.org/entity/Q1204293>	"聖籠町"@ja	<http://www.wikidata.org/entity/Q1059478>	"日本の町"@ja	<http://www.wikidata.org/entity/P47>	"隣の国又は行政区画"@ja	<https://ja.wikipedia.org/wiki/%E8%81%96%E7%B1%A0%E7%94%BA>
<http://www.wikidata.org/entity/Q1204671>	"阿賀町"@ja	<http://www.wikidata.org/entity/Q1059478>	"日本の町"@ja	<http://www.wikidata.org/entity/P47>	"隣の国又は行政区画"@ja	<https://ja.wikipedia.org/wiki/%E9%98%BF%E8%B3%80%E7%94%BA>
<http://www.wikidata.org/entity/Q1347411>	"小国町"@ja	<http://www.wikidata.org/entity/Q1059478>	"日本の町"@ja	<http://www.wikidata.org/entity/P47>	"隣の国又は行政区画"@ja	<https://ja.wikipedia.org/wiki/%E5%B0%8F%E5%9B%BD%E7%94%BA_(%E5%B1%B1%E5%BD%A2%E7%9C%8C)>
<http://www.wikidata.org/entity/Q3594034>	"大倉喜八郎"@ja	<http://www.wikidata.org/entity/Q5>	"ヒト"@ja	<http://www.wikidata.org/entity/P19>	"出生地"@ja	<https://ja.wikipedia.org/wiki/%E5%A4%A7%E5%80%89%E5%96%9C%E5%85%AB%E9%83%8E>
<http://www.wikidata.org/entity/Q5366793>	"聖悠紀"@ja	<http://www.wikidata.org/entity/Q5>	"ヒト"@ja	<http://www.wikidata.org/entity/P19>	"出生地"@ja	<https://ja.wikipedia.org/wiki/%E8%81%96%E6%82%A0%E7%B4%80>
<http://www.wikidata.org/entity/Q6157154>	"国道290号"@ja	<http://www.wikidata.org/entity/Q34442>	"道路"@ja	<http://www.wikidata.org/entity/P1302>	"主な経由都市"@ja	<https://ja.wikipedia.org/wiki/%E5%9B%BD%E9%81%93290%E5%8F%B7>
<http://www.wikidata.org/entity/Q6348993>	"加治川村"@ja	<http://www.wikidata.org/entity/Q18663566>	"日本の廃止市区町村"@ja	<http://www.wikidata.org/entity/P3842>	"位置する現在の行政区画"@ja	<https://ja.wikipedia.org/wiki/%E5%8A%A0%E6%B2%BB%E5%B7%9D%E6%9D%91>
<http://www.wikidata.org/entity/Q6348993>	"加治川村"@ja	<http://www.wikidata.org/entity/Q18663566>	"日本の廃止市区町村"@ja	<http://www.wikidata.org/entity/P1366>	"後継"@ja	<https://ja.wikipedia.org/wiki/%E5%8A%A0%E6%B2%BB%E5%B7%9D%E6%9D%91>
<http://www.wikidata.org/entity/Q6360909>	"金塚駅"@ja	<http://www.wikidata.org/entity/Q55488>	"鉄道駅"@ja	<http://www.wikidata.org/entity/P131>	"位置する行政区画"@ja	<https://ja.wikipedia.org/wiki/%E9%87%91%E5%A1%9A%E9%A7%85>
<http://www.wikidata.org/entity/Q6385293>	"敬和学園大学"@ja	<http://www.wikidata.org/entity/Q3918>	"大学"@ja	<http://www.wikidata.org/entity/P131>	"位置する行政区画"@ja	<https://ja.wikipedia.org/wiki/%E6%95%AC%E5%92%8C%E5%AD%A6%E5%9C%92%E5%A4%A7%E5%AD%A6>
<http://www.wikidata.org/entity/Q6960367>	"中浦駅"@ja	<http://www.wikidata.org/entity/Q55488>	"鉄道駅"@ja	<http://www.wikidata.org/entity/P131>	"位置する行政区画"@ja	<https://ja.wikipedia.org/wiki/%E4%B8%AD%E6%B5%A6%E9%A7%85>
<http://www.wikidata.org/entity/Q7040400>	"西新発田駅"@ja	<http://www.wikidata.org/entity/Q55488>	"鉄道駅"@ja	<http://www.wikidata.org/entity/P131>	"位置する行政区画"@ja	<https://ja.wikipedia.org/wiki/%E8%A5%BF%E6%96%B0%E7%99%BA%E7%94%B0%E9%A7%85>
<http://www.wikidata.org/entity/Q7424988>	"佐々木駅"@ja	<http://www.wikidata.org/entity/Q55488>	"鉄道駅"@ja	<http://www.wikidata.org/entity/P131>	"位置する行政区画"@ja	<https://ja.wikipedia.org/wiki/%E4%BD%90%E3%80%85%E6%9C%A8%E9%A7%85>
<http://www.wikidata.org/entity/Q7496029>	"新発田駅"@ja	<http://www.wikidata.org/entity/Q55488>	"鉄道駅"@ja	<http://www.wikidata.org/entity/P131>	"位置する行政区画"@ja	<https://ja.wikipedia.org/wiki/%E6%96%B0%E7%99%BA%E7%94%B0%E9%A7%85>
<http://www.wikidata.org/entity/Q7499184>	"紫雲寺町"@ja	<http://www.wikidata.org/entity/Q18663566>	"日本の廃止市区町村"@ja	<http://www.wikidata.org/entity/P3842>	"位置する現在の行政区画"@ja	<https://ja.wikipedia.org/wiki/%E7%B4%AB%E9%9B%B2%E5%AF%BA%E7%94%BA>
<http://www.wikidata.org/entity/Q7499184>	"紫雲寺町"@ja	<http://www.wikidata.org/entity/Q18663566>	"日本の廃止市区町村"@ja	<http://www.wikidata.org/entity/P1366>	"後継"@ja	<https://ja.wikipedia.org/wiki/%E7%B4%AB%E9%9B%B2%E5%AF%BA%E7%94%BA>
<http://www.wikidata.org/entity/Q7850078>	"月岡駅"@ja	<http://www.wikidata.org/entity/Q55488>	"鉄道駅"@ja	<http://www.wikidata.org/entity/P131>	"位置する行政区画"@ja	<https://ja.wikipedia.org/wiki/%E6%9C%88%E5%B2%A1%E9%A7%85_(%E6%96%B0%E6%BD%9F%E7%9C%8C)>
<http://www.wikidata.org/entity/Q8062097>	"豊山広光"@ja	<http://www.wikidata.org/entity/Q5>	"ヒト"@ja	<http://www.wikidata.org/entity/P19>	"出生地"@ja	<https://ja.wikipedia.org/wiki/%E8%B1%8A%E5%B1%B1%E5%BA%83%E5%85%89>
<http://www.wikidata.org/entity/Q9378188>	"Category:新発田市"@ja	<http://www.wikidata.org/entity/Q4167836>	"ウィキメディアのカテゴリ"@ja	<http://www.wikidata.org/entity/P301>	"カテゴリの中心主題"@ja	<https://ja.wikipedia.org/wiki/Category:%E6%96%B0%E7%99%BA%E7%94%B0%E5%B8%82>
<http://www.wikidata.org/entity/Q9384947>	"五十公野公園"@ja	<http://www.wikidata.org/entity/Q22746>	"都市公園"@ja	<http://www.wikidata.org/entity/P131>	"位置する行政区画"@ja	<https://ja.wikipedia.org/wiki/%E4%BA%94%E5%8D%81%E5%85%AC%E9%87%8E%E5%85%AC%E5%9C%92>
<http://www.wikidata.org/entity/Q9474943>	"加治川紫雲寺バスストップ"@ja	<http://www.wikidata.org/entity/Q953806>	"バス停留所"@ja	<http://www.wikidata.org/entity/P131>	"位置する行政区画"@ja	<https://ja.wikipedia.org/wiki/%E5%8A%A0%E6%B2%BB%E5%B7%9D%E7%B4%AB%E9%9B%B2%E5%AF%BA%E3%83%90%E3%82%B9%E3%82%B9%E3%83%88%E3%83%83%E3%83%97>
<http://www.wikidata.org/entity/Q11235669>	"NINOX SNOW PARK"@ja	<http://www.wikidata.org/entity/Q130003>	"スキー場"@ja	<http://www.wikidata.org/entity/P131>	"位置する行政区画"@ja	<https://ja.wikipedia.org/wiki/NINOX_SNOW_PARK>
<http://www.wikidata.org/entity/Q11286137>	"イオンモール新発田"@ja	<http://www.wikidata.org/entity/Q11315>	"ショッピングセンター"@ja	<http://www.wikidata.org/entity/P131>	"位置する行政区画"@ja	<https://ja.wikipedia.org/wiki/%E3%82%A4%E3%82%AA%E3%83%B3%E3%83%A2%E3%83%BC%E3%83%AB%E6%96%B0%E7%99%BA%E7%94%B0>
<http://www.wikidata.org/entity/Q11356748>	"三田村邦彦"@ja	<http://www.wikidata.org/entity/Q5>	"ヒト"@ja	<http://www.wikidata.org/entity/P19>	"出生地"@ja	<https://ja.wikipedia.org/wiki/%E4%B8%89%E7%94%B0%E6%9D%91%E9%82%A6%E5%BD%A6>
<http://www.wikidata.org/entity/Q11356892>	"三笑亭夢吉"@ja	<http://www.wikidata.org/entity/Q5>	"ヒト"@ja	<http://www.wikidata.org/entity/P19>	"出生地"@ja	<https://ja.wikipedia.org/wiki/%E4%B8%89%E7%AC%91%E4%BA%AD%E5%A4%A2%E4%B8%B8_(2%E4%BB%A3%E7%9B%AE)>
<http://www.wikidata.org/entity/Q11362928>	"中井村"@ja	<http://www.wikidata.org/entity/Q18663566>	"日本の廃止市区町村"@ja	<http://www.wikidata.org/entity/P3842>	"位置する現在の行政区画"@ja	<https://ja.wikipedia.org/wiki/%E4%B8%AD%E4%BA%95%E6%9D%91_(%E6%96%B0%E6%BD%9F%E7%9C%8C)>
<http://www.wikidata.org/entity/Q11364286>	"中山輝也"@ja	<http://www.wikidata.org/entity/Q5>	"ヒト"@ja	<http://www.wikidata.org/entity/P19>	"出生地"@ja	<https://ja.wikipedia.org/wiki/%E4%B8%AD%E5%B1%B1%E8%BC%9D%E4%B9%9F>
<http://www.wikidata.org/entity/Q11365636>	"中村敏"@ja	<http://www.wikidata.org/entity/Q5>	"ヒト"@ja	<http://www.wikidata.org/entity/P19>	"出生地"@ja	<https://ja.wikipedia.org/wiki/%E4%B8%AD%E6%9D%91%E6%95%8F>
<http://www.wikidata.org/entity/Q11366539>	"中浦村"@ja	<http://www.wikidata.org/entity/Q18663566>	"日本の廃止市区町村"@ja	<http://www.wikidata.org/entity/P3842>	"位置する現在の行政区画"@ja	<https://ja.wikipedia.org/wiki/%E4%B8%AD%E6%B5%A6%E6%9D%91_(%E6%96%B0%E6%BD%9F%E7%9C%8C)>
<http://www.wikidata.org/entity/Q11371717>	"二王子岳"@ja	<http://www.wikidata.org/entity/Q8502>	"山"@ja	<http://www.wikidata.org/entity/P131>	"位置する行政区画"@ja	<https://ja.wikipedia.org/wiki/%E4%BA%8C%E7%8E%8B%E5%AD%90%E5%B2%B3>
<http://www.wikidata.org/entity/Q11372054>	"五十公野城"@ja	<http://www.wikidata.org/entity/Q92026>	"日本の城"@ja	<http://www.wikidata.org/entity/P131>	"位置する行政区画"@ja	<https://ja.wikipedia.org/wiki/%E4%BA%94%E5%8D%81%E5%85%AC%E9%87%8E%E5%9F%8E>
<http://www.wikidata.org/entity/Q11372055>	"五十公野御茶屋"@ja	<http://www.wikidata.org/entity/Q16262175>	"茶屋"@ja	<http://www.wikidata.org/entity/P131>	"位置する行政区画"@ja	<https://ja.wikipedia.org/wiki/%E4%BA%94%E5%8D%81%E5%85%AC%E9%87%8E%E5%BE%A1%E8%8C%B6%E5%B1%8B>
<http://www.wikidata.org/entity/Q11372055>	"五十公野御茶屋"@ja	<http://www.wikidata.org/entity/Q11433351>	"大名庭園"@ja	<http://www.wikidata.org/entity/P131>	"位置する行政区画"@ja	<https://ja.wikipedia.org/wiki/%E4%BA%94%E5%8D%81%E5%85%AC%E9%87%8E%E5%BE%A1%E8%8C%B6%E5%B1%8B>
<http://www.wikidata.org/entity/Q11372056>	"五十公野村"@ja	<http://www.wikidata.org/entity/Q18663566>	"日本の廃止市区町村"@ja	<http://www.wikidata.org/entity/P3842>	"位置する現在の行政区画"@ja	<https://ja.wikipedia.org/wiki/%E4%BA%94%E5%8D%81%E5%85%AC%E9%87%8E%E6%9D%91>
<http://www.wikidata.org/entity/Q11372056>	"五十公野村"@ja	<http://www.wikidata.org/entity/Q18663566>	"日本の廃止市区町村"@ja	<http://www.wikidata.org/entity/P1366>	"後継"@ja	<https://ja.wikipedia.org/wiki/%E4%BA%94%E5%8D%81%E5%85%AC%E9%87%8E%E6%9D%91>
<http://www.wikidata.org/entity/Q11382120>	"佐々木剛"@ja	<http://www.wikidata.org/entity/Q5>	"ヒト"@ja	<http://www.wikidata.org/entity/P19>	"出生地"@ja	<https://ja.wikipedia.org/wiki/%E4%BD%90%E3%80%85%E6%9C%A8%E5%89%9B>
<http://www.wikidata.org/entity/Q11382282>	"佐々木村"@ja	<http://www.wikidata.org/entity/Q18663566>	"日本の廃止市区町村"@ja	<http://www.wikidata.org/entity/P3842>	"位置する現在の行政区画"@ja	<https://ja.wikipedia.org/wiki/%E4%BD%90%E3%80%85%E6%9C%A8%E6%9D%91>
<http://www.wikidata.org/entity/Q11382282>	"佐々木村"@ja	<http://www.wikidata.org/entity/Q18663566>	"日本の廃止市区町村"@ja	<http://www.wikidata.org/entity/P1366>	"後継"@ja	<https://ja.wikipedia.org/wiki/%E4%BD%90%E3%80%85%E6%9C%A8%E6%9D%91>
<http://www.wikidata.org/entity/Q11383783>	"佐藤博信"@ja	<http://www.wikidata.org/entity/Q5>	"ヒト"@ja	<http://www.wikidata.org/entity/P19>	"出生地"@ja	<https://ja.wikipedia.org/wiki/%E4%BD%90%E8%97%A4%E5%8D%9A%E4%BF%A1>
<http://www.wikidata.org/entity/Q11394403>	"内竹村"@ja	<http://www.wikidata.org/entity/Q18663566>	"日本の廃止市区町村"@ja	<http://www.wikidata.org/entity/P3842>	"位置する現在の行政区画"@ja	<https://ja.wikipedia.org/wiki/%E5%86%85%E7%AB%B9%E6%9D%91>
<http://www.wikidata.org/entity/Q11398692>	"加治駅"@ja	<http://www.wikidata.org/entity/Q55488>	"鉄道駅"@ja	<http://www.wikidata.org/entity/P131>	"位置する行政区画"@ja	<https://ja.wikipedia.org/wiki/%E5%8A%A0%E6%B2%BB%E9%A7%85>
<http://www.wikidata.org/entity/Q11421467>	"国道460号"@ja	<http://www.wikidata.org/entity/Q34442>	"道路"@ja	<http://www.wikidata.org/entity/P609>	"起終点"@ja	<https://ja.wikipedia.org/wiki/%E5%9B%BD%E9%81%93460%E5%8F%B7>
<http://www.wikidata.org/entity/Q11429272>	"増田さと子"@ja	<http://www.wikidata.org/entity/Q5>	"ヒト"@ja	<http://www.wikidata.org/entity/P19>	"出生地"@ja	<https://ja.wikipedia.org/wiki/%E5%A2%97%E7%94%B0%E3%81%95%E3%81%A8%E5%AD%90>
<http://www.wikidata.org/entity/Q11433243>	"大友稲荷"@ja	<http://www.wikidata.org/entity/Q845945>	"神社"@ja	<http://www.wikidata.org/entity/P131>	"位置する行政区画"@ja	<https://ja.wikipedia.org/wiki/%E5%A4%A7%E5%8F%8B%E7%A8%B2%E8%8D%B7>
<http://www.wikidata.org/entity/Q11434430>	"大宮村"@ja	<http://www.wikidata.org/entity/Q18663566>	"日本の廃止市区町村"@ja	<http://www.wikidata.org/entity/P3842>	"位置する現在の行政区画"@ja	<https://ja.wikipedia.org/wiki/%E5%A4%A7%E5%AE%AE%E6%9D%91_(%E6%96%B0%E6%BD%9F%E7%9C%8C)>
