?s	?sLabel	?type	?typeLabel	?prop	?propLabel	?jwiki
<http://www.wikidata.org/entity/Q11563750>	"湯田上温泉"@ja	<http://www.wikidata.org/entity/Q655311>	"温泉"@ja	<http://www.wikidata.org/entity/P131>	"位置する行政区画"@ja	<https://ja.wikipedia.org/wiki/%E6%B9%AF%E7%94%B0%E4%B8%8A%E6%B8%A9%E6%B3%89>
<http://www.wikidata.org/entity/Q11575137>	"田上町立田上中学校"@ja	<http://www.wikidata.org/entity/Q55521176>	"日本の中学校"@ja	<http://www.wikidata.org/entity/P131>	"位置する行政区画"@ja	<https://ja.wikipedia.org/wiki/%E7%94%B0%E4%B8%8A%E7%94%BA%E7%AB%8B%E7%94%B0%E4%B8%8A%E4%B8%AD%E5%AD%A6%E6%A0%A1>
<http://www.wikidata.org/entity/Q11575137>	"田上町立田上中学校"@ja	<http://www.wikidata.org/entity/Q55521176>	"日本の中学校"@ja	<http://www.wikidata.org/entity/P126>	"管理者"@ja	<https://ja.wikipedia.org/wiki/%E7%94%B0%E4%B8%8A%E7%94%BA%E7%AB%8B%E7%94%B0%E4%B8%8A%E4%B8%AD%E5%AD%A6%E6%A0%A1>
<http://www.wikidata.org/entity/Q11610267>	"羽生田村"@ja	<http://www.wikidata.org/entity/Q18663566>	"日本の廃止市区町村"@ja	<http://www.wikidata.org/entity/P3842>	"位置する現在の行政区画"@ja	<https://ja.wikipedia.org/wiki/%E7%BE%BD%E7%94%9F%E7%94%B0%E6%9D%91>
<http://www.wikidata.org/entity/Q11610267>	"羽生田村"@ja	<http://www.wikidata.org/entity/Q18663566>	"日本の廃止市区町村"@ja	<http://www.wikidata.org/entity/P1366>	"後継"@ja	<https://ja.wikipedia.org/wiki/%E7%BE%BD%E7%94%9F%E7%94%B0%E6%9D%91>
<http://www.wikidata.org/entity/Q98083065>	"道の駅たがみ"@ja	<http://www.wikidata.org/entity/Q1187691>	"道の駅"@ja	<http://www.wikidata.org/entity/P131>	"位置する行政区画"@ja	<https://ja.wikipedia.org/wiki/%E9%81%93%E3%81%AE%E9%A7%85%E3%81%9F%E3%81%8C%E3%81%BF>
<http://www.wikidata.org/entity/Q179691>	"新潟市"@ja	<http://www.wikidata.org/entity/Q65589340>	"都道府県庁所在地"@ja	<http://www.wikidata.org/entity/P47>	"隣の国又は行政区画"@ja	<https://ja.wikipedia.org/wiki/%E6%96%B0%E6%BD%9F%E5%B8%82>
<http://www.wikidata.org/entity/Q179691>	"新潟市"@ja	<http://www.wikidata.org/entity/Q1749269>	"政令指定都市"@ja	<http://www.wikidata.org/entity/P47>	"隣の国又は行政区画"@ja	<https://ja.wikipedia.org/wiki/%E6%96%B0%E6%BD%9F%E5%B8%82>
<http://www.wikidata.org/entity/Q179691>	"新潟市"@ja	<http://www.wikidata.org/entity/Q1549591>	"10万都市"@ja	<http://www.wikidata.org/entity/P47>	"隣の国又は行政区画"@ja	<https://ja.wikipedia.org/wiki/%E6%96%B0%E6%BD%9F%E5%B8%82>
<http://www.wikidata.org/entity/Q179691>	"新潟市"@ja	<http://www.wikidata.org/entity/Q494721>	"日本の市"@ja	<http://www.wikidata.org/entity/P47>	"隣の国又は行政区画"@ja	<https://ja.wikipedia.org/wiki/%E6%96%B0%E6%BD%9F%E5%B8%82>
<http://www.wikidata.org/entity/Q775317>	"南蒲原郡"@ja	<http://www.wikidata.org/entity/Q1122846>	"郡"@ja	<http://www.wikidata.org/entity/P150>	"直下の行政区画"@ja	<https://ja.wikipedia.org/wiki/%E5%8D%97%E8%92%B2%E5%8E%9F%E9%83%A1>
<http://www.wikidata.org/entity/Q857293>	"加茂市"@ja	<http://www.wikidata.org/entity/Q494721>	"日本の市"@ja	<http://www.wikidata.org/entity/P47>	"隣の国又は行政区画"@ja	<https://ja.wikipedia.org/wiki/%E5%8A%A0%E8%8C%82%E5%B8%82>
<http://www.wikidata.org/entity/Q858364>	"五泉市"@ja	<http://www.wikidata.org/entity/Q494721>	"日本の市"@ja	<http://www.wikidata.org/entity/P47>	"隣の国又は行政区画"@ja	<https://ja.wikipedia.org/wiki/%E4%BA%94%E6%B3%89%E5%B8%82>
<http://www.wikidata.org/entity/Q5651465>	"羽生田駅"@ja	<http://www.wikidata.org/entity/Q55488>	"鉄道駅"@ja	<http://www.wikidata.org/entity/P131>	"位置する行政区画"@ja	<https://ja.wikipedia.org/wiki/%E7%BE%BD%E7%94%9F%E7%94%B0%E9%A7%85>
<http://www.wikidata.org/entity/Q7675148>	"田上駅"@ja	<http://www.wikidata.org/entity/Q55488>	"鉄道駅"@ja	<http://www.wikidata.org/entity/P131>	"位置する行政区画"@ja	<https://ja.wikipedia.org/wiki/%E7%94%B0%E4%B8%8A%E9%A7%85>
<http://www.wikidata.org/entity/Q8345340>	"松山勘十郎"@ja	<http://www.wikidata.org/entity/Q5>	"ヒト"@ja	<http://www.wikidata.org/entity/P19>	"出生地"@ja	<https://ja.wikipedia.org/wiki/%E6%9D%BE%E5%B1%B1%E5%8B%98%E5%8D%81%E9%83%8E>
<http://www.wikidata.org/entity/Q10187277>	"Category:田上町"@ja	<http://www.wikidata.org/entity/Q4167836>	"ウィキメディアのカテゴリ"@ja	<http://www.wikidata.org/entity/P301>	"カテゴリの中心主題"@ja	<https://ja.wikipedia.org/wiki/Category:%E7%94%B0%E4%B8%8A%E7%94%BA>
<http://www.wikidata.org/entity/Q11372224>	"五反田橋"@ja	<http://www.wikidata.org/entity/Q12280>	"橋"@ja	<http://www.wikidata.org/entity/P131>	"位置する行政区画"@ja	<https://ja.wikipedia.org/wiki/%E4%BA%94%E5%8F%8D%E7%94%B0%E6%A9%8B>
<http://www.wikidata.org/entity/Q11385831>	"保明村"@ja	<http://www.wikidata.org/entity/Q18663566>	"日本の廃止市区町村"@ja	<http://www.wikidata.org/entity/P3842>	"位置する現在の行政区画"@ja	<https://ja.wikipedia.org/wiki/%E4%BF%9D%E6%98%8E%E6%9D%91>
<http://www.wikidata.org/entity/Q11385831>	"保明村"@ja	<http://www.wikidata.org/entity/Q18663566>	"日本の廃止市区町村"@ja	<http://www.wikidata.org/entity/P1366>	"後継"@ja	<https://ja.wikipedia.org/wiki/%E4%BF%9D%E6%98%8E%E6%9D%91>
<http://www.wikidata.org/entity/Q11485924>	"庄瀬橋"@ja	<http://www.wikidata.org/entity/Q12280>	"橋"@ja	<http://www.wikidata.org/entity/P131>	"位置する行政区画"@ja	<https://ja.wikipedia.org/wiki/%E5%BA%84%E7%80%AC%E6%A9%8B>
<http://www.wikidata.org/entity/Q11503169>	"新潟県道104号"@ja	<http://www.wikidata.org/entity/Q34442>	"道路"@ja	<http://www.wikidata.org/entity/P609>	"起終点"@ja	<https://ja.wikipedia.org/wiki/%E6%96%B0%E6%BD%9F%E7%9C%8C%E9%81%93104%E5%8F%B7%E7%BE%BD%E7%94%9F%E7%94%B0%E5%81%9C%E8%BB%8A%E5%A0%B4%E7%B7%9A>
<http://www.wikidata.org/entity/Q11503169>	"新潟県道104号"@ja	<http://www.wikidata.org/entity/Q34442>	"道路"@ja	<http://www.wikidata.org/entity/P131>	"位置する行政区画"@ja	<https://ja.wikipedia.org/wiki/%E6%96%B0%E6%BD%9F%E7%9C%8C%E9%81%93104%E5%8F%B7%E7%BE%BD%E7%94%9F%E7%94%B0%E5%81%9C%E8%BB%8A%E5%A0%B4%E7%B7%9A>
<http://www.wikidata.org/entity/Q11503269>	"新潟県道1号"@ja	<http://www.wikidata.org/entity/Q34442>	"道路"@ja	<http://www.wikidata.org/entity/P131>	"位置する行政区画"@ja	<https://ja.wikipedia.org/wiki/%E6%96%B0%E6%BD%9F%E7%9C%8C%E9%81%931%E5%8F%B7%E6%96%B0%E6%BD%9F%E5%B0%8F%E9%A0%88%E6%88%B8%E4%B8%89%E6%9D%A1%E7%B7%9A>
<http://www.wikidata.org/entity/Q11503521>	"新潟県道55号"@ja	<http://www.wikidata.org/entity/Q34442>	"道路"@ja	<http://www.wikidata.org/entity/P131>	"位置する行政区画"@ja	<https://ja.wikipedia.org/wiki/%E6%96%B0%E6%BD%9F%E7%9C%8C%E9%81%9355%E5%8F%B7%E6%96%B0%E6%BD%9F%E4%BA%94%E6%B3%89%E9%96%93%E7%80%AC%E7%B7%9A>
<http://www.wikidata.org/entity/Q11503543>	"新潟県道67号"@ja	<http://www.wikidata.org/entity/Q34442>	"道路"@ja	<http://www.wikidata.org/entity/P609>	"起終点"@ja	<https://ja.wikipedia.org/wiki/%E6%96%B0%E6%BD%9F%E7%9C%8C%E9%81%9367%E5%8F%B7%E6%9D%91%E6%9D%BE%E7%94%B0%E4%B8%8A%E7%B7%9A>
<http://www.wikidata.org/entity/Q11503543>	"新潟県道67号"@ja	<http://www.wikidata.org/entity/Q34442>	"道路"@ja	<http://www.wikidata.org/entity/P131>	"位置する行政区画"@ja	<https://ja.wikipedia.org/wiki/%E6%96%B0%E6%BD%9F%E7%9C%8C%E9%81%9367%E5%8F%B7%E6%9D%91%E6%9D%BE%E7%94%B0%E4%B8%8A%E7%B7%9A>
<http://www.wikidata.org/entity/Q11503566>	"新潟県道9号"@ja	<http://www.wikidata.org/entity/Q34442>	"道路"@ja	<http://www.wikidata.org/entity/P131>	"位置する行政区画"@ja	<https://ja.wikipedia.org/wiki/%E6%96%B0%E6%BD%9F%E7%9C%8C%E9%81%939%E5%8F%B7%E9%95%B7%E5%B2%A1%E6%A0%83%E5%B0%BE%E5%B7%BB%E7%B7%9A>
<http://www.wikidata.org/entity/Q11542427>	"横場村"@ja	<http://www.wikidata.org/entity/Q18663566>	"日本の廃止市区町村"@ja	<http://www.wikidata.org/entity/P3842>	"位置する現在の行政区画"@ja	<https://ja.wikipedia.org/wiki/%E6%A8%AA%E5%A0%B4%E6%9D%91>
<http://www.wikidata.org/entity/Q11542427>	"横場村"@ja	<http://www.wikidata.org/entity/Q18663566>	"日本の廃止市区町村"@ja	<http://www.wikidata.org/entity/P1366>	"後継"@ja	<https://ja.wikipedia.org/wiki/%E6%A8%AA%E5%A0%B4%E6%9D%91>
<http://www.wikidata.org/entity/Q56437401>	"田上町長"@ja	<http://www.wikidata.org/entity/Q4164871>	"職位"@ja	<http://www.wikidata.org/entity/P1001>	"管轄・適用区域"@ja	
<http://www.wikidata.org/entity/Q85287595>	"田上町立田上小学校"@ja	<http://www.wikidata.org/entity/Q5358913>	"日本の小学校"@ja	<http://www.wikidata.org/entity/P131>	"位置する行政区画"@ja	
<http://www.wikidata.org/entity/Q85287595>	"田上町立田上小学校"@ja	<http://www.wikidata.org/entity/Q5358913>	"日本の小学校"@ja	<http://www.wikidata.org/entity/P126>	"管理者"@ja	
<http://www.wikidata.org/entity/Q85287597>	"田上町立羽生田小学校"@ja	<http://www.wikidata.org/entity/Q5358913>	"日本の小学校"@ja	<http://www.wikidata.org/entity/P131>	"位置する行政区画"@ja	
<http://www.wikidata.org/entity/Q85287597>	"田上町立羽生田小学校"@ja	<http://www.wikidata.org/entity/Q5358913>	"日本の小学校"@ja	<http://www.wikidata.org/entity/P126>	"管理者"@ja	
