?s	?sLabel	?type	?typeLabel	?prop	?propLabel	?jwiki
<http://www.wikidata.org/entity/Q390466>	"阿賀野市"@ja	<http://www.wikidata.org/entity/Q494721>	"日本の市"@ja	<http://www.wikidata.org/entity/P47>	"隣の国又は行政区画"@ja	<https://ja.wikipedia.org/wiki/%E9%98%BF%E8%B3%80%E9%87%8E%E5%B8%82>
<http://www.wikidata.org/entity/Q496506>	"喜多方市"@ja	<http://www.wikidata.org/entity/Q494721>	"日本の市"@ja	<http://www.wikidata.org/entity/P47>	"隣の国又は行政区画"@ja	<https://ja.wikipedia.org/wiki/%E5%96%9C%E5%A4%9A%E6%96%B9%E5%B8%82>
<http://www.wikidata.org/entity/Q601950>	"新発田市"@ja	<http://www.wikidata.org/entity/Q494721>	"日本の市"@ja	<http://www.wikidata.org/entity/P47>	"隣の国又は行政区画"@ja	<https://ja.wikipedia.org/wiki/%E6%96%B0%E7%99%BA%E7%94%B0%E5%B8%82>
<http://www.wikidata.org/entity/Q784402>	"西会津町"@ja	<http://www.wikidata.org/entity/Q1059478>	"日本の町"@ja	<http://www.wikidata.org/entity/P47>	"隣の国又は行政区画"@ja	<https://ja.wikipedia.org/wiki/%E8%A5%BF%E4%BC%9A%E6%B4%A5%E7%94%BA>
<http://www.wikidata.org/entity/Q817273>	"三条市"@ja	<http://www.wikidata.org/entity/Q494721>	"日本の市"@ja	<http://www.wikidata.org/entity/P47>	"隣の国又は行政区画"@ja	<https://ja.wikipedia.org/wiki/%E4%B8%89%E6%9D%A1%E5%B8%82>
<http://www.wikidata.org/entity/Q858364>	"五泉市"@ja	<http://www.wikidata.org/entity/Q494721>	"日本の市"@ja	<http://www.wikidata.org/entity/P47>	"隣の国又は行政区画"@ja	<https://ja.wikipedia.org/wiki/%E4%BA%94%E6%B3%89%E5%B8%82>
<http://www.wikidata.org/entity/Q109336853>	"かのせ温泉"@ja	<http://www.wikidata.org/entity/Q655311>	"温泉"@ja	<http://www.wikidata.org/entity/P131>	"位置する行政区画"@ja	<https://ja.wikipedia.org/wiki/%E3%81%8B%E3%81%AE%E3%81%9B%E6%B8%A9%E6%B3%89>
<http://www.wikidata.org/entity/Q113657144>	"五十嵐家住宅"@ja	<http://www.wikidata.org/entity/Q3947>	"住宅"@ja	<http://www.wikidata.org/entity/P131>	"位置する行政区画"@ja	<https://ja.wikipedia.org/wiki/%E4%BA%94%E5%8D%81%E5%B5%90%E5%AE%B6%E4%BD%8F%E5%AE%85>
<http://www.wikidata.org/entity/Q1155132>	"東蒲原郡"@ja	<http://www.wikidata.org/entity/Q1122846>	"郡"@ja	<http://www.wikidata.org/entity/P150>	"直下の行政区画"@ja	<https://ja.wikipedia.org/wiki/%E6%9D%B1%E8%92%B2%E5%8E%9F%E9%83%A1>
<http://www.wikidata.org/entity/Q1205033>	"金山町"@ja	<http://www.wikidata.org/entity/Q1059478>	"日本の町"@ja	<http://www.wikidata.org/entity/P47>	"隣の国又は行政区画"@ja	<https://ja.wikipedia.org/wiki/%E9%87%91%E5%B1%B1%E7%94%BA_(%E7%A6%8F%E5%B3%B6%E7%9C%8C)>
<http://www.wikidata.org/entity/Q1205514>	"只見町"@ja	<http://www.wikidata.org/entity/Q1059478>	"日本の町"@ja	<http://www.wikidata.org/entity/P47>	"隣の国又は行政区画"@ja	<https://ja.wikipedia.org/wiki/%E5%8F%AA%E8%A6%8B%E7%94%BA>
<http://www.wikidata.org/entity/Q3298610>	"鹿瀬町"@ja	<http://www.wikidata.org/entity/Q18663566>	"日本の廃止市区町村"@ja	<http://www.wikidata.org/entity/P3842>	"位置する現在の行政区画"@ja	<https://ja.wikipedia.org/wiki/%E9%B9%BF%E7%80%AC%E7%94%BA>
<http://www.wikidata.org/entity/Q3298610>	"鹿瀬町"@ja	<http://www.wikidata.org/entity/Q18663566>	"日本の廃止市区町村"@ja	<http://www.wikidata.org/entity/P1366>	"後継"@ja	<https://ja.wikipedia.org/wiki/%E9%B9%BF%E7%80%AC%E7%94%BA>
<http://www.wikidata.org/entity/Q5991525>	"五十島駅"@ja	<http://www.wikidata.org/entity/Q55488>	"鉄道駅"@ja	<http://www.wikidata.org/entity/P131>	"位置する行政区画"@ja	<https://ja.wikipedia.org/wiki/%E4%BA%94%E5%8D%81%E5%B3%B6%E9%A7%85>
<http://www.wikidata.org/entity/Q6364290>	"鹿瀬駅"@ja	<http://www.wikidata.org/entity/Q55488>	"鉄道駅"@ja	<http://www.wikidata.org/entity/P131>	"位置する行政区画"@ja	<https://ja.wikipedia.org/wiki/%E9%B9%BF%E7%80%AC%E9%A7%85>
<http://www.wikidata.org/entity/Q6845731>	"三川村"@ja	<http://www.wikidata.org/entity/Q18663566>	"日本の廃止市区町村"@ja	<http://www.wikidata.org/entity/P3842>	"位置する現在の行政区画"@ja	<https://ja.wikipedia.org/wiki/%E4%B8%89%E5%B7%9D%E6%9D%91_(%E6%96%B0%E6%BD%9F%E7%9C%8C%E6%9D%B1%E8%92%B2%E5%8E%9F%E9%83%A1)>
<http://www.wikidata.org/entity/Q6845731>	"三川村"@ja	<http://www.wikidata.org/entity/Q18663566>	"日本の廃止市区町村"@ja	<http://www.wikidata.org/entity/P1366>	"後継"@ja	<https://ja.wikipedia.org/wiki/%E4%B8%89%E5%B7%9D%E6%9D%91_(%E6%96%B0%E6%BD%9F%E7%9C%8C%E6%9D%B1%E8%92%B2%E5%8E%9F%E9%83%A1)>
<http://www.wikidata.org/entity/Q6845747>	"三川駅"@ja	<http://www.wikidata.org/entity/Q55488>	"鉄道駅"@ja	<http://www.wikidata.org/entity/P131>	"位置する行政区画"@ja	<https://ja.wikipedia.org/wiki/%E4%B8%89%E5%B7%9D%E9%A7%85_(%E6%96%B0%E6%BD%9F%E7%9C%8C)>
<http://www.wikidata.org/entity/Q7830688>	"豊実駅"@ja	<http://www.wikidata.org/entity/Q55488>	"鉄道駅"@ja	<http://www.wikidata.org/entity/P131>	"位置する行政区画"@ja	<https://ja.wikipedia.org/wiki/%E8%B1%8A%E5%AE%9F%E9%A7%85>
<http://www.wikidata.org/entity/Q7849990>	"津川駅"@ja	<http://www.wikidata.org/entity/Q55488>	"鉄道駅"@ja	<http://www.wikidata.org/entity/P131>	"位置する行政区画"@ja	<https://ja.wikipedia.org/wiki/%E6%B4%A5%E5%B7%9D%E9%A7%85>
<http://www.wikidata.org/entity/Q7849988>	"津川町"@ja	<http://www.wikidata.org/entity/Q18663566>	"日本の廃止市区町村"@ja	<http://www.wikidata.org/entity/P3842>	"位置する現在の行政区画"@ja	<https://ja.wikipedia.org/wiki/%E6%B4%A5%E5%B7%9D%E7%94%BA>
<http://www.wikidata.org/entity/Q7849988>	"津川町"@ja	<http://www.wikidata.org/entity/Q18663566>	"日本の廃止市区町村"@ja	<http://www.wikidata.org/entity/P1366>	"後継"@ja	<https://ja.wikipedia.org/wiki/%E6%B4%A5%E5%B7%9D%E7%94%BA>
<http://www.wikidata.org/entity/Q10865959>	"三川インターチェンジ"@ja	<http://www.wikidata.org/entity/Q2376564>	"インターチェンジ"@ja	<http://www.wikidata.org/entity/P131>	"位置する行政区画"@ja	<https://ja.wikipedia.org/wiki/%E4%B8%89%E5%B7%9D%E3%82%A4%E3%83%B3%E3%82%BF%E3%83%BC%E3%83%81%E3%82%A7%E3%83%B3%E3%82%B8>
<http://www.wikidata.org/entity/Q10867390>	"上川パーキングエリア"@ja	<http://www.wikidata.org/entity/Q785979>	"パーキングエリア"@ja	<http://www.wikidata.org/entity/P131>	"位置する行政区画"@ja	<https://ja.wikipedia.org/wiki/%E4%B8%8A%E5%B7%9D%E3%83%91%E3%83%BC%E3%82%AD%E3%83%B3%E3%82%B0%E3%82%A8%E3%83%AA%E3%82%A2>
<http://www.wikidata.org/entity/Q11146441>	"津川インターチェンジ"@ja	<http://www.wikidata.org/entity/Q2376564>	"インターチェンジ"@ja	<http://www.wikidata.org/entity/P131>	"位置する行政区画"@ja	<https://ja.wikipedia.org/wiki/%E6%B4%A5%E5%B7%9D%E3%82%A4%E3%83%B3%E3%82%BF%E3%83%BC%E3%83%81%E3%82%A7%E3%83%B3%E3%82%B8>
<http://www.wikidata.org/entity/Q11265200>	"麒麟橋"@ja	<http://www.wikidata.org/entity/Q12280>	"橋"@ja	<http://www.wikidata.org/entity/P131>	"位置する行政区画"@ja	<https://ja.wikipedia.org/wiki/%E9%BA%92%E9%BA%9F%E6%A9%8B>
<http://www.wikidata.org/entity/Q11358955>	"上川村"@ja	<http://www.wikidata.org/entity/Q18663566>	"日本の廃止市区町村"@ja	<http://www.wikidata.org/entity/P3842>	"位置する現在の行政区画"@ja	<https://ja.wikipedia.org/wiki/%E4%B8%8A%E5%B7%9D%E6%9D%91_(%E6%96%B0%E6%BD%9F%E7%9C%8C%E6%9D%B1%E8%92%B2%E5%8E%9F%E9%83%A1)>
<http://www.wikidata.org/entity/Q11358955>	"上川村"@ja	<http://www.wikidata.org/entity/Q18663566>	"日本の廃止市区町村"@ja	<http://www.wikidata.org/entity/P1366>	"後継"@ja	<https://ja.wikipedia.org/wiki/%E4%B8%8A%E5%B7%9D%E6%9D%91_(%E6%96%B0%E6%BD%9F%E7%9C%8C%E6%9D%B1%E8%92%B2%E5%8E%9F%E9%83%A1)>
<http://www.wikidata.org/entity/Q4691958>	"揚川ダム"@ja	<http://www.wikidata.org/entity/Q12323>	"ダム"@ja	<http://www.wikidata.org/entity/P131>	"位置する行政区画"@ja	
<http://www.wikidata.org/entity/Q29905790>	"新潟県道512号"@ja	<http://www.wikidata.org/entity/Q34442>	"道路"@ja	<http://www.wikidata.org/entity/P131>	"位置する行政区画"@ja	
<http://www.wikidata.org/entity/Q56437403>	"阿賀町長"@ja	<http://www.wikidata.org/entity/Q4164871>	"職位"@ja	<http://www.wikidata.org/entity/P1001>	"管轄・適用区域"@ja	
<http://www.wikidata.org/entity/Q85272738>	"阿賀町立阿賀津川中学校"@ja	<http://www.wikidata.org/entity/Q55521176>	"日本の中学校"@ja	<http://www.wikidata.org/entity/P131>	"位置する行政区画"@ja	
<http://www.wikidata.org/entity/Q85272738>	"阿賀町立阿賀津川中学校"@ja	<http://www.wikidata.org/entity/Q55521176>	"日本の中学校"@ja	<http://www.wikidata.org/entity/P126>	"管理者"@ja	
<http://www.wikidata.org/entity/Q85272740>	"阿賀町立三川中学校"@ja	<http://www.wikidata.org/entity/Q55521176>	"日本の中学校"@ja	<http://www.wikidata.org/entity/P131>	"位置する行政区画"@ja	
<http://www.wikidata.org/entity/Q85272740>	"阿賀町立三川中学校"@ja	<http://www.wikidata.org/entity/Q55521176>	"日本の中学校"@ja	<http://www.wikidata.org/entity/P126>	"管理者"@ja	
<http://www.wikidata.org/entity/Q85287939>	"阿賀町立津川小学校"@ja	<http://www.wikidata.org/entity/Q5358913>	"日本の小学校"@ja	<http://www.wikidata.org/entity/P131>	"位置する行政区画"@ja	
<http://www.wikidata.org/entity/Q85287939>	"阿賀町立津川小学校"@ja	<http://www.wikidata.org/entity/Q5358913>	"日本の小学校"@ja	<http://www.wikidata.org/entity/P126>	"管理者"@ja	
<http://www.wikidata.org/entity/Q85287942>	"阿賀町立上川小学校"@ja	<http://www.wikidata.org/entity/Q5358913>	"日本の小学校"@ja	<http://www.wikidata.org/entity/P131>	"位置する行政区画"@ja	
<http://www.wikidata.org/entity/Q85287942>	"阿賀町立上川小学校"@ja	<http://www.wikidata.org/entity/Q5358913>	"日本の小学校"@ja	<http://www.wikidata.org/entity/P126>	"管理者"@ja	
<http://www.wikidata.org/entity/Q85287944>	"阿賀町立三川小学校"@ja	<http://www.wikidata.org/entity/Q5358913>	"日本の小学校"@ja	<http://www.wikidata.org/entity/P131>	"位置する行政区画"@ja	
<http://www.wikidata.org/entity/Q85287944>	"阿賀町立三川小学校"@ja	<http://www.wikidata.org/entity/Q5358913>	"日本の小学校"@ja	<http://www.wikidata.org/entity/P126>	"管理者"@ja	
<http://www.wikidata.org/entity/Q11359353>	"上条村"@ja	<http://www.wikidata.org/entity/Q18663566>	"日本の廃止市区町村"@ja	<http://www.wikidata.org/entity/P3842>	"位置する現在の行政区画"@ja	<https://ja.wikipedia.org/wiki/%E4%B8%8A%E6%9D%A1%E6%9D%91_(%E6%96%B0%E6%BD%9F%E7%9C%8C%E6%9D%B1%E8%92%B2%E5%8E%9F%E9%83%A1)>
<http://www.wikidata.org/entity/Q11361014>	"下条村"@ja	<http://www.wikidata.org/entity/Q18663566>	"日本の廃止市区町村"@ja	<http://www.wikidata.org/entity/P3842>	"位置する現在の行政区画"@ja	<https://ja.wikipedia.org/wiki/%E4%B8%8B%E6%9D%A1%E6%9D%91_(%E6%96%B0%E6%BD%9F%E7%9C%8C%E6%9D%B1%E8%92%B2%E5%8E%9F%E9%83%A1)>
<http://www.wikidata.org/entity/Q11362695>	"両鹿瀬村"@ja	<http://www.wikidata.org/entity/Q18663566>	"日本の廃止市区町村"@ja	<http://www.wikidata.org/entity/P3842>	"位置する現在の行政区画"@ja	<https://ja.wikipedia.org/wiki/%E4%B8%A1%E9%B9%BF%E7%80%AC%E6%9D%91>
<http://www.wikidata.org/entity/Q11372065>	"五十島トンネル"@ja	<http://www.wikidata.org/entity/Q44377>	"トンネル"@ja	<http://www.wikidata.org/entity/P131>	"位置する行政区画"@ja	<https://ja.wikipedia.org/wiki/%E4%BA%94%E5%8D%81%E5%B3%B6%E3%83%88%E3%83%B3%E3%83%8D%E3%83%AB>
<http://www.wikidata.org/entity/Q11452738>	"実川橋梁"@ja	<http://www.wikidata.org/entity/Q12280>	"橋"@ja	<http://www.wikidata.org/entity/P131>	"位置する行政区画"@ja	<https://ja.wikipedia.org/wiki/%E5%AE%9F%E5%B7%9D%E6%A9%8B%E6%A2%81>
<http://www.wikidata.org/entity/Q11460499>	"小川村"@ja	<http://www.wikidata.org/entity/Q18663566>	"日本の廃止市区町村"@ja	<http://www.wikidata.org/entity/P3842>	"位置する現在の行政区画"@ja	<https://ja.wikipedia.org/wiki/%E5%B0%8F%E5%B7%9D%E6%9D%91_(%E6%96%B0%E6%BD%9F%E7%9C%8C)>
<http://www.wikidata.org/entity/Q11483253>	"平瀬トンネル"@ja	<http://www.wikidata.org/entity/Q1311958>	"鉄道トンネル"@ja	<http://www.wikidata.org/entity/P131>	"位置する行政区画"@ja	<https://ja.wikipedia.org/wiki/%E5%B9%B3%E7%80%AC%E3%83%88%E3%83%B3%E3%83%8D%E3%83%AB>
<http://www.wikidata.org/entity/Q11483474>	"平等寺 (阿賀町)"@ja	<http://www.wikidata.org/entity/Q5393308>	"仏教寺院"@ja	<http://www.wikidata.org/entity/P131>	"位置する行政区画"@ja	<https://ja.wikipedia.org/wiki/%E5%B9%B3%E7%AD%89%E5%AF%BA_(%E6%96%B0%E6%BD%9F%E7%9C%8C%E9%98%BF%E8%B3%80%E7%94%BA)>
<http://www.wikidata.org/entity/Q11492966>	"惣座峠"@ja	<http://www.wikidata.org/entity/Q133056>	"峠"@ja	<http://www.wikidata.org/entity/P131>	"位置する行政区画"@ja	<https://ja.wikipedia.org/wiki/%E6%83%A3%E5%BA%A7%E5%B3%A0>
<http://www.wikidata.org/entity/Q11498450>	"揚川村"@ja	<http://www.wikidata.org/entity/Q18663566>	"日本の廃止市区町村"@ja	<http://www.wikidata.org/entity/P3842>	"位置する現在の行政区画"@ja	<https://ja.wikipedia.org/wiki/%E6%8F%9A%E5%B7%9D%E6%9D%91>
<http://www.wikidata.org/entity/Q11498451>	"揚川隧道"@ja	<http://www.wikidata.org/entity/Q44377>	"トンネル"@ja	<http://www.wikidata.org/entity/P131>	"位置する行政区画"@ja	<https://ja.wikipedia.org/wiki/%E6%8F%9A%E5%B7%9D%E9%9A%A7%E9%81%93>
<http://www.wikidata.org/entity/Q11503140>	"新潟県立阿賀黎明高等学校"@ja	<http://www.wikidata.org/entity/Q56351315>	"日本の高等学校"@ja	<http://www.wikidata.org/entity/P131>	"位置する行政区画"@ja	<https://ja.wikipedia.org/wiki/%E6%96%B0%E6%BD%9F%E7%9C%8C%E7%AB%8B%E9%98%BF%E8%B3%80%E9%BB%8E%E6%98%8E%E9%AB%98%E7%AD%89%E5%AD%A6%E6%A0%A1>
<http://www.wikidata.org/entity/Q11503198>	"新潟県道135号"@ja	<http://www.wikidata.org/entity/Q34442>	"道路"@ja	<http://www.wikidata.org/entity/P609>	"起終点"@ja	<https://ja.wikipedia.org/wiki/%E6%96%B0%E6%BD%9F%E7%9C%8C%E9%81%93135%E5%8F%B7%E4%BA%94%E5%8D%81%E5%B3%B6%E5%81%9C%E8%BB%8A%E5%A0%B4%E7%B7%9A>
<http://www.wikidata.org/entity/Q11503198>	"新潟県道135号"@ja	<http://www.wikidata.org/entity/Q34442>	"道路"@ja	<http://www.wikidata.org/entity/P131>	"位置する行政区画"@ja	<https://ja.wikipedia.org/wiki/%E6%96%B0%E6%BD%9F%E7%9C%8C%E9%81%93135%E5%8F%B7%E4%BA%94%E5%8D%81%E5%B3%B6%E5%81%9C%E8%BB%8A%E5%A0%B4%E7%B7%9A>
<http://www.wikidata.org/entity/Q11503200>	"新潟県道136号"@ja	<http://www.wikidata.org/entity/Q34442>	"道路"@ja	<http://www.wikidata.org/entity/P609>	"起終点"@ja	<https://ja.wikipedia.org/wiki/%E6%96%B0%E6%BD%9F%E7%9C%8C%E9%81%93136%E5%8F%B7%E4%B8%89%E5%B7%9D%E5%81%9C%E8%BB%8A%E5%A0%B4%E7%B7%9A>
<http://www.wikidata.org/entity/Q11503200>	"新潟県道136号"@ja	<http://www.wikidata.org/entity/Q34442>	"道路"@ja	<http://www.wikidata.org/entity/P131>	"位置する行政区画"@ja	<https://ja.wikipedia.org/wiki/%E6%96%B0%E6%BD%9F%E7%9C%8C%E9%81%93136%E5%8F%B7%E4%B8%89%E5%B7%9D%E5%81%9C%E8%BB%8A%E5%A0%B4%E7%B7%9A>
<http://www.wikidata.org/entity/Q11503215>	"新潟県道14号"@ja	<http://www.wikidata.org/entity/Q34442>	"道路"@ja	<http://www.wikidata.org/entity/P609>	"起終点"@ja	<https://ja.wikipedia.org/wiki/%E6%96%B0%E6%BD%9F%E7%9C%8C%E9%81%9314%E5%8F%B7%E6%96%B0%E7%99%BA%E7%94%B0%E6%B4%A5%E5%B7%9D%E7%B7%9A>
<http://www.wikidata.org/entity/Q11503215>	"新潟県道14号"@ja	<http://www.wikidata.org/entity/Q34442>	"道路"@ja	<http://www.wikidata.org/entity/P131>	"位置する行政区画"@ja	<https://ja.wikipedia.org/wiki/%E6%96%B0%E6%BD%9F%E7%9C%8C%E9%81%9314%E5%8F%B7%E6%96%B0%E7%99%BA%E7%94%B0%E6%B4%A5%E5%B7%9D%E7%B7%9A>
<http://www.wikidata.org/entity/Q11503238>	"新潟県道174号"@ja	<http://www.wikidata.org/entity/Q34442>	"道路"@ja	<http://www.wikidata.org/entity/P609>	"起終点"@ja	<https://ja.wikipedia.org/wiki/%E6%96%B0%E6%BD%9F%E7%9C%8C%E9%81%93174%E5%8F%B7%E8%A7%92%E5%B3%B6%E9%B9%BF%E7%80%AC%E7%B7%9A>
<http://www.wikidata.org/entity/Q11503238>	"新潟県道174号"@ja	<http://www.wikidata.org/entity/Q34442>	"道路"@ja	<http://www.wikidata.org/entity/P131>	"位置する行政区画"@ja	<https://ja.wikipedia.org/wiki/%E6%96%B0%E6%BD%9F%E7%9C%8C%E9%81%93174%E5%8F%B7%E8%A7%92%E5%B3%B6%E9%B9%BF%E7%80%AC%E7%B7%9A>
<http://www.wikidata.org/entity/Q11503244>	"新潟県道17号"@ja	<http://www.wikidata.org/entity/Q34442>	"道路"@ja	<http://www.wikidata.org/entity/P609>	"起終点"@ja	<https://ja.wikipedia.org/wiki/%E6%96%B0%E6%BD%9F%E7%9C%8C%E9%81%9317%E5%8F%B7%E6%96%B0%E6%BD%9F%E6%9D%91%E6%9D%BE%E4%B8%89%E5%B7%9D%E7%B7%9A>
<http://www.wikidata.org/entity/Q11503244>	"新潟県道17号"@ja	<http://www.wikidata.org/entity/Q34442>	"道路"@ja	<http://www.wikidata.org/entity/P131>	"位置する行政区画"@ja	<https://ja.wikipedia.org/wiki/%E6%96%B0%E6%BD%9F%E7%9C%8C%E9%81%9317%E5%8F%B7%E6%96%B0%E6%BD%9F%E6%9D%91%E6%9D%BE%E4%B8%89%E5%B7%9D%E7%B7%9A>
<http://www.wikidata.org/entity/Q11503296>	"新潟県道227号"@ja	<http://www.wikidata.org/entity/Q34442>	"道路"@ja	<http://www.wikidata.org/entity/P609>	"起終点"@ja	<https://ja.wikipedia.org/wiki/%E6%96%B0%E6%BD%9F%E7%9C%8C%E9%81%93227%E5%8F%B7%E5%AE%A4%E8%B0%B7%E6%B4%A5%E5%B7%9D%E7%B7%9A>
<http://www.wikidata.org/entity/Q11503296>	"新潟県道227号"@ja	<http://www.wikidata.org/entity/Q34442>	"道路"@ja	<http://www.wikidata.org/entity/P131>	"位置する行政区画"@ja	<https://ja.wikipedia.org/wiki/%E6%96%B0%E6%BD%9F%E7%9C%8C%E9%81%93227%E5%8F%B7%E5%AE%A4%E8%B0%B7%E6%B4%A5%E5%B7%9D%E7%B7%9A>
<http://www.wikidata.org/entity/Q11503297>	"新潟県道228号"@ja	<http://www.wikidata.org/entity/Q34442>	"道路"@ja	<http://www.wikidata.org/entity/P609>	"起終点"@ja	<https://ja.wikipedia.org/wiki/%E6%96%B0%E6%BD%9F%E7%9C%8C%E9%81%93228%E5%8F%B7%E6%9F%B4%E5%80%89%E6%B4%A5%E5%B7%9D%E7%B7%9A>
<http://www.wikidata.org/entity/Q11503297>	"新潟県道228号"@ja	<http://www.wikidata.org/entity/Q34442>	"道路"@ja	<http://www.wikidata.org/entity/P131>	"位置する行政区画"@ja	<https://ja.wikipedia.org/wiki/%E6%96%B0%E6%BD%9F%E7%9C%8C%E9%81%93228%E5%8F%B7%E6%9F%B4%E5%80%89%E6%B4%A5%E5%B7%9D%E7%B7%9A>
<http://www.wikidata.org/entity/Q11503397>	"新潟県道322号"@ja	<http://www.wikidata.org/entity/Q34442>	"道路"@ja	<http://www.wikidata.org/entity/P609>	"起終点"@ja	<https://ja.wikipedia.org/wiki/%E6%96%B0%E6%BD%9F%E7%9C%8C%E9%81%93322%E5%8F%B7%E9%B9%BF%E7%80%AC%E6%97%A5%E5%87%BA%E8%B0%B7%E7%B7%9A>
<http://www.wikidata.org/entity/Q11503397>	"新潟県道322号"@ja	<http://www.wikidata.org/entity/Q34442>	"道路"@ja	<http://www.wikidata.org/entity/P131>	"位置する行政区画"@ja	<https://ja.wikipedia.org/wiki/%E6%96%B0%E6%BD%9F%E7%9C%8C%E9%81%93322%E5%8F%B7%E9%B9%BF%E7%80%AC%E6%97%A5%E5%87%BA%E8%B0%B7%E7%B7%9A>
<http://www.wikidata.org/entity/Q11503430>	"新潟県道354号"@ja	<http://www.wikidata.org/entity/Q34442>	"道路"@ja	<http://www.wikidata.org/entity/P609>	"起終点"@ja	<https://ja.wikipedia.org/wiki/%E6%96%B0%E6%BD%9F%E7%9C%8C%E9%81%93354%E5%8F%B7%E9%BB%92%E5%80%89%E9%87%8E%E4%B8%AD%E7%B7%9A>
<http://www.wikidata.org/entity/Q11503430>	"新潟県道354号"@ja	<http://www.wikidata.org/entity/Q34442>	"道路"@ja	<http://www.wikidata.org/entity/P131>	"位置する行政区画"@ja	<https://ja.wikipedia.org/wiki/%E6%96%B0%E6%BD%9F%E7%9C%8C%E9%81%93354%E5%8F%B7%E9%BB%92%E5%80%89%E9%87%8E%E4%B8%AD%E7%B7%9A>
<http://www.wikidata.org/entity/Q11504926>	"日出谷村"@ja	<http://www.wikidata.org/entity/Q18663566>	"日本の廃止市区町村"@ja	<http://www.wikidata.org/entity/P3842>	"位置する現在の行政区画"@ja	<https://ja.wikipedia.org/wiki/%E6%97%A5%E5%87%BA%E8%B0%B7%E6%9D%91>
<http://www.wikidata.org/entity/Q11504928>	"日出谷駅"@ja	<http://www.wikidata.org/entity/Q55488>	"鉄道駅"@ja	<http://www.wikidata.org/entity/P131>	"位置する行政区画"@ja	<https://ja.wikipedia.org/wiki/%E6%97%A5%E5%87%BA%E8%B0%B7%E9%A7%85>
<http://www.wikidata.org/entity/Q11520159>	"本尊岩隧道"@ja	<http://www.wikidata.org/entity/Q44377>	"トンネル"@ja	<http://www.wikidata.org/entity/P131>	"位置する行政区画"@ja	<https://ja.wikipedia.org/wiki/%E6%9C%AC%E5%B0%8A%E5%B2%A9%E9%9A%A7%E9%81%93>
<http://www.wikidata.org/entity/Q11523874>	"東下条駅"@ja	<http://www.wikidata.org/entity/Q55488>	"鉄道駅"@ja	<http://www.wikidata.org/entity/P131>	"位置する行政区画"@ja	<https://ja.wikipedia.org/wiki/%E6%9D%B1%E4%B8%8B%E6%9D%A1%E9%A7%85>
<http://www.wikidata.org/entity/Q11526797>	"東川村"@ja	<http://www.wikidata.org/entity/Q18663566>	"日本の廃止市区町村"@ja	<http://www.wikidata.org/entity/P3842>	"位置する現在の行政区画"@ja	<https://ja.wikipedia.org/wiki/%E6%9D%B1%E5%B7%9D%E6%9D%91_(%E6%96%B0%E6%BD%9F%E7%9C%8C)>
<http://www.wikidata.org/entity/Q11553145>	"沢尻橋梁"@ja	<http://www.wikidata.org/entity/Q12280>	"橋"@ja	<http://www.wikidata.org/entity/P131>	"位置する行政区画"@ja	<https://ja.wikipedia.org/wiki/%E6%B2%A2%E5%B0%BB%E6%A9%8B%E6%A2%81>
<http://www.wikidata.org/entity/Q11556093>	"津川トンネル"@ja	<http://www.wikidata.org/entity/Q44377>	"トンネル"@ja	<http://www.wikidata.org/entity/P131>	"位置する行政区画"@ja	<https://ja.wikipedia.org/wiki/%E6%B4%A5%E5%B7%9D%E3%83%88%E3%83%B3%E3%83%8D%E3%83%AB>
<http://www.wikidata.org/entity/Q11556101>	"津川城"@ja	<http://www.wikidata.org/entity/Q92026>	"日本の城"@ja	<http://www.wikidata.org/entity/P131>	"位置する行政区画"@ja	<https://ja.wikipedia.org/wiki/%E6%B4%A5%E5%B7%9D%E5%9F%8E>
<http://www.wikidata.org/entity/Q11607147>	"綱木村"@ja	<http://www.wikidata.org/entity/Q18663566>	"日本の廃止市区町村"@ja	<http://www.wikidata.org/entity/P3842>	"位置する現在の行政区画"@ja	<https://ja.wikipedia.org/wiki/%E7%B6%B1%E6%9C%A8%E6%9D%91>
<http://www.wikidata.org/entity/Q11628117>	"西川村"@ja	<http://www.wikidata.org/entity/Q18663566>	"日本の廃止市区町村"@ja	<http://www.wikidata.org/entity/P3842>	"位置する現在の行政区画"@ja	<https://ja.wikipedia.org/wiki/%E8%A5%BF%E5%B7%9D%E6%9D%91_(%E6%96%B0%E6%BD%9F%E7%9C%8C%E6%9D%B1%E8%92%B2%E5%8E%9F%E9%83%A1)>
<http://www.wikidata.org/entity/Q11631862>	"諏訪峠"@ja	<http://www.wikidata.org/entity/Q133056>	"峠"@ja	<http://www.wikidata.org/entity/P131>	"位置する行政区画"@ja	<https://ja.wikipedia.org/wiki/%E8%AB%8F%E8%A8%AA%E5%B3%A0>
<http://www.wikidata.org/entity/Q11633383>	"豊実村"@ja	<http://www.wikidata.org/entity/Q18663566>	"日本の廃止市区町村"@ja	<http://www.wikidata.org/entity/P3842>	"位置する現在の行政区画"@ja	<https://ja.wikipedia.org/wiki/%E8%B1%8A%E5%AE%9F%E6%9D%91_(%E6%96%B0%E6%BD%9F%E7%9C%8C)>
<http://www.wikidata.org/entity/Q11640933>	"道の駅みかわ"@ja	<http://www.wikidata.org/entity/Q1187691>	"道の駅"@ja	<http://www.wikidata.org/entity/P131>	"位置する行政区画"@ja	<https://ja.wikipedia.org/wiki/%E9%81%93%E3%81%AE%E9%A7%85%E3%81%BF%E3%81%8B%E3%82%8F_(%E6%96%B0%E6%BD%9F%E7%9C%8C)>
<http://www.wikidata.org/entity/Q11641547>	"道の駅阿賀の里"@ja	<http://www.wikidata.org/entity/Q1187691>	"道の駅"@ja	<http://www.wikidata.org/entity/P131>	"位置する行政区画"@ja	<https://ja.wikipedia.org/wiki/%E9%81%93%E3%81%AE%E9%A7%85%E9%98%BF%E8%B3%80%E3%81%AE%E9%87%8C>
<http://www.wikidata.org/entity/Q11657691>	"新潟県道89号"@ja	<http://www.wikidata.org/entity/Q34442>	"道路"@ja	<http://www.wikidata.org/entity/P609>	"起終点"@ja	<https://ja.wikipedia.org/wiki/%E6%96%B0%E6%BD%9F%E7%9C%8C%E9%81%9389%E5%8F%B7%E6%B4%A5%E5%B7%9D%E3%82%A4%E3%83%B3%E3%82%BF%E3%83%BC%E7%B7%9A>
<http://www.wikidata.org/entity/Q11657691>	"新潟県道89号"@ja	<http://www.wikidata.org/entity/Q34442>	"道路"@ja	<http://www.wikidata.org/entity/P131>	"位置する行政区画"@ja	<https://ja.wikipedia.org/wiki/%E6%96%B0%E6%BD%9F%E7%9C%8C%E9%81%9389%E5%8F%B7%E6%B4%A5%E5%B7%9D%E3%82%A4%E3%83%B3%E3%82%BF%E3%83%BC%E7%B7%9A>
<http://www.wikidata.org/entity/Q11657694>	"阿賀野川サービスエリア"@ja	<http://www.wikidata.org/entity/Q786014>	"休憩所 (道路施設)"@ja	<http://www.wikidata.org/entity/P131>	"位置する行政区画"@ja	<https://ja.wikipedia.org/wiki/%E9%98%BF%E8%B3%80%E9%87%8E%E5%B7%9D%E3%82%B5%E3%83%BC%E3%83%93%E3%82%B9%E3%82%A8%E3%83%AA%E3%82%A2>
<http://www.wikidata.org/entity/Q11657698>	"阿賀野川当麻橋梁"@ja	<http://www.wikidata.org/entity/Q12280>	"橋"@ja	<http://www.wikidata.org/entity/P131>	"位置する行政区画"@ja	<https://ja.wikipedia.org/wiki/%E9%98%BF%E8%B3%80%E9%87%8E%E5%B7%9D%E5%BD%93%E9%BA%BB%E6%A9%8B%E6%A2%81>
<http://www.wikidata.org/entity/Q11657700>	"阿賀野川御前橋梁"@ja	<http://www.wikidata.org/entity/Q12280>	"橋"@ja	<http://www.wikidata.org/entity/P131>	"位置する行政区画"@ja	<https://ja.wikipedia.org/wiki/%E9%98%BF%E8%B3%80%E9%87%8E%E5%B7%9D%E5%BE%A1%E5%89%8D%E6%A9%8B%E6%A2%81>
<http://www.wikidata.org/entity/Q11657705>	"阿賀野川深戸橋梁"@ja	<http://www.wikidata.org/entity/Q12280>	"橋"@ja	<http://www.wikidata.org/entity/P131>	"位置する行政区画"@ja	<https://ja.wikipedia.org/wiki/%E9%98%BF%E8%B3%80%E9%87%8E%E5%B7%9D%E6%B7%B1%E6%88%B8%E6%A9%8B%E6%A2%81>
<http://www.wikidata.org/entity/Q11677236>	"鹿瀬橋"@ja	<http://www.wikidata.org/entity/Q12280>	"橋"@ja	<http://www.wikidata.org/entity/P131>	"位置する行政区画"@ja	<https://ja.wikipedia.org/wiki/%E9%B9%BF%E7%80%AC%E6%A9%8B>
<http://www.wikidata.org/entity/Q15614427>	"Category:阿賀町"@ja	<http://www.wikidata.org/entity/Q4167836>	"ウィキメディアのカテゴリ"@ja	<http://www.wikidata.org/entity/P301>	"カテゴリの中心主題"@ja	<https://ja.wikipedia.org/wiki/Category:%E9%98%BF%E8%B3%80%E7%94%BA>
<http://www.wikidata.org/entity/Q17987770>	"麒麟山"@ja	<http://www.wikidata.org/entity/Q8502>	"山"@ja	<http://www.wikidata.org/entity/P131>	"位置する行政区画"@ja	<https://ja.wikipedia.org/wiki/%E9%BA%92%E9%BA%9F%E5%B1%B1>
<http://www.wikidata.org/entity/Q27804669>	"新潟県道587号"@ja	<http://www.wikidata.org/entity/Q34442>	"道路"@ja	<http://www.wikidata.org/entity/P609>	"起終点"@ja	<https://ja.wikipedia.org/wiki/%E6%96%B0%E6%BD%9F%E7%9C%8C%E9%81%93587%E5%8F%B7%E4%B8%89%E5%B7%9D%E3%82%A4%E3%83%B3%E3%82%BF%E3%83%BC%E7%B7%9A>
<http://www.wikidata.org/entity/Q27804669>	"新潟県道587号"@ja	<http://www.wikidata.org/entity/Q34442>	"道路"@ja	<http://www.wikidata.org/entity/P131>	"位置する行政区画"@ja	<https://ja.wikipedia.org/wiki/%E6%96%B0%E6%BD%9F%E7%9C%8C%E9%81%93587%E5%8F%B7%E4%B8%89%E5%B7%9D%E3%82%A4%E3%83%B3%E3%82%BF%E3%83%BC%E7%B7%9A>
<http://www.wikidata.org/entity/Q60753755>	"室谷洞窟"@ja	<http://www.wikidata.org/entity/Q839954>	"遺跡"@ja	<http://www.wikidata.org/entity/P131>	"位置する行政区画"@ja	<https://ja.wikipedia.org/wiki/%E5%AE%A4%E8%B0%B7%E6%B4%9E%E7%AA%9F>
<http://www.wikidata.org/entity/Q60753756>	"小瀬ヶ沢洞窟"@ja	<http://www.wikidata.org/entity/Q839954>	"遺跡"@ja	<http://www.wikidata.org/entity/P131>	"位置する行政区画"@ja	<https://ja.wikipedia.org/wiki/%E5%B0%8F%E7%80%AC%E3%83%B6%E6%B2%A2%E6%B4%9E%E7%AA%9F>
<http://www.wikidata.org/entity/Q60986788>	"護徳寺"@ja	<http://www.wikidata.org/entity/Q5393308>	"仏教寺院"@ja	<http://www.wikidata.org/entity/P131>	"位置する行政区画"@ja	<https://ja.wikipedia.org/wiki/%E8%AD%B7%E5%BE%B3%E5%AF%BA>
<http://www.wikidata.org/entity/Q63178877>	"三川温泉スキー場"@ja	<http://www.wikidata.org/entity/Q130003>	"スキー場"@ja	<http://www.wikidata.org/entity/P131>	"位置する行政区画"@ja	<https://ja.wikipedia.org/wiki/%E4%B8%89%E5%B7%9D%E6%B8%A9%E6%B3%89%E3%82%B9%E3%82%AD%E3%83%BC%E5%A0%B4>
<http://www.wikidata.org/entity/Q100450152>	"石間釣浜橋"@ja	<http://www.wikidata.org/entity/Q12280>	"橋"@ja	<http://www.wikidata.org/entity/P131>	"位置する行政区画"@ja	<https://ja.wikipedia.org/wiki/%E7%9F%B3%E9%96%93%E9%87%A3%E6%B5%9C%E6%A9%8B>
<http://www.wikidata.org/entity/Q100651169>	"徳石大橋"@ja	<http://www.wikidata.org/entity/Q12280>	"橋"@ja	<http://www.wikidata.org/entity/P131>	"位置する行政区画"@ja	<https://ja.wikipedia.org/wiki/%E5%BE%B3%E7%9F%B3%E5%A4%A7%E6%A9%8B>
<http://www.wikidata.org/entity/Q100651173>	"船渡大橋"@ja	<http://www.wikidata.org/entity/Q12280>	"橋"@ja	<http://www.wikidata.org/entity/P131>	"位置する行政区画"@ja	<https://ja.wikipedia.org/wiki/%E8%88%B9%E6%B8%A1%E5%A4%A7%E6%A9%8B>
<http://www.wikidata.org/entity/Q100651180>	"菱潟大橋"@ja	<http://www.wikidata.org/entity/Q12280>	"橋"@ja	<http://www.wikidata.org/entity/P131>	"位置する行政区画"@ja	<https://ja.wikipedia.org/wiki/%E8%8F%B1%E6%BD%9F%E5%A4%A7%E6%A9%8B>
<http://www.wikidata.org/entity/Q100700050>	"新渡大橋"@ja	<http://www.wikidata.org/entity/Q12280>	"橋"@ja	<http://www.wikidata.org/entity/P131>	"位置する行政区画"@ja	<https://ja.wikipedia.org/wiki/%E6%96%B0%E6%B8%A1%E5%A4%A7%E6%A9%8B>
<http://www.wikidata.org/entity/Q100701160>	"五十島橋"@ja	<http://www.wikidata.org/entity/Q12280>	"橋"@ja	<http://www.wikidata.org/entity/P131>	"位置する行政区画"@ja	<https://ja.wikipedia.org/wiki/%E4%BA%94%E5%8D%81%E5%B3%B6%E6%A9%8B>
<http://www.wikidata.org/entity/Q105975725>	"釣浜橋"@ja	<http://www.wikidata.org/entity/Q12280>	"橋"@ja	<http://www.wikidata.org/entity/P131>	"位置する行政区画"@ja	<https://ja.wikipedia.org/wiki/%E9%87%A3%E6%B5%9C%E6%A9%8B>
<http://www.wikidata.org/entity/Q105975735>	"取上橋"@ja	<http://www.wikidata.org/entity/Q12280>	"橋"@ja	<http://www.wikidata.org/entity/P131>	"位置する行政区画"@ja	<https://ja.wikipedia.org/wiki/%E5%8F%96%E4%B8%8A%E6%A9%8B>
<http://www.wikidata.org/entity/Q105975753>	"岩津橋"@ja	<http://www.wikidata.org/entity/Q12280>	"橋"@ja	<http://www.wikidata.org/entity/P131>	"位置する行政区画"@ja	<https://ja.wikipedia.org/wiki/%E5%B2%A9%E6%B4%A5%E6%A9%8B_(%E9%98%BF%E8%B3%80%E7%94%BA)>
<http://www.wikidata.org/entity/Q105975761>	"白崎橋"@ja	<http://www.wikidata.org/entity/Q12280>	"橋"@ja	<http://www.wikidata.org/entity/P131>	"位置する行政区画"@ja	<https://ja.wikipedia.org/wiki/%E7%99%BD%E5%B4%8E%E6%A9%8B>
<http://www.wikidata.org/entity/Q105990256>	"小花地大橋"@ja	<http://www.wikidata.org/entity/Q12280>	"橋"@ja	<http://www.wikidata.org/entity/P131>	"位置する行政区画"@ja	<https://ja.wikipedia.org/wiki/%E5%B0%8F%E8%8A%B1%E5%9C%B0%E5%A4%A7%E6%A9%8B>
<http://www.wikidata.org/entity/Q108520276>	"麒麟山温泉"@ja	<http://www.wikidata.org/entity/Q655311>	"温泉"@ja	<http://www.wikidata.org/entity/P131>	"位置する行政区画"@ja	<https://ja.wikipedia.org/wiki/%E9%BA%92%E9%BA%9F%E5%B1%B1%E6%B8%A9%E6%B3%89>
<http://www.wikidata.org/entity/Q108520299>	"角神温泉"@ja	<http://www.wikidata.org/entity/Q655311>	"温泉"@ja	<http://www.wikidata.org/entity/P131>	"位置する行政区画"@ja	<https://ja.wikipedia.org/wiki/%E8%A7%92%E7%A5%9E%E6%B8%A9%E6%B3%89>
<http://www.wikidata.org/entity/Q108520317>	"三川温泉"@ja	<http://www.wikidata.org/entity/Q655311>	"温泉"@ja	<http://www.wikidata.org/entity/P131>	"位置する行政区画"@ja	<https://ja.wikipedia.org/wiki/%E4%B8%89%E5%B7%9D%E6%B8%A9%E6%B3%89>
<http://www.wikidata.org/entity/Q108541216>	"七福温泉"@ja	<http://www.wikidata.org/entity/Q655311>	"温泉"@ja	<http://www.wikidata.org/entity/P131>	"位置する行政区画"@ja	<https://ja.wikipedia.org/wiki/%E4%B8%83%E7%A6%8F%E6%B8%A9%E6%B3%89>
<http://www.wikidata.org/entity/Q108541225>	"御神楽温泉"@ja	<http://www.wikidata.org/entity/Q655311>	"温泉"@ja	<http://www.wikidata.org/entity/P131>	"位置する行政区画"@ja	<https://ja.wikipedia.org/wiki/%E5%BE%A1%E7%A5%9E%E6%A5%BD%E6%B8%A9%E6%B3%89>
<http://www.wikidata.org/entity/Q108599062>	"奥阿賀温泉郷"@ja	<http://www.wikidata.org/entity/Q4946461>	"温泉街"@ja	<http://www.wikidata.org/entity/P131>	"位置する行政区画"@ja	<https://ja.wikipedia.org/wiki/%E5%A5%A5%E9%98%BF%E8%B3%80%E6%B8%A9%E6%B3%89%E9%83%B7>
