?s	?sLabel	?type	?typeLabel	?prop	?propLabel	?jwiki
<http://www.wikidata.org/entity/Q125980>	"石田正子"@ja	<http://www.wikidata.org/entity/Q5>	"ヒト"@ja	<http://www.wikidata.org/entity/P19>	"出生地"@ja	<https://ja.wikipedia.org/wiki/%E7%9F%B3%E7%94%B0%E6%AD%A3%E5%AD%90>
<http://www.wikidata.org/entity/Q265555>	"北見市"@ja	<http://www.wikidata.org/entity/Q1549591>	"10万都市"@ja	<http://www.wikidata.org/entity/P47>	"隣の国又は行政区画"@ja	<https://ja.wikipedia.org/wiki/%E5%8C%97%E8%A6%8B%E5%B8%82>
<http://www.wikidata.org/entity/Q265555>	"北見市"@ja	<http://www.wikidata.org/entity/Q494721>	"日本の市"@ja	<http://www.wikidata.org/entity/P47>	"隣の国又は行政区画"@ja	<https://ja.wikipedia.org/wiki/%E5%8C%97%E8%A6%8B%E5%B8%82>
<http://www.wikidata.org/entity/Q541488>	"円舘金"@ja	<http://www.wikidata.org/entity/Q5>	"ヒト"@ja	<http://www.wikidata.org/entity/P551>	"居住地"@ja	<https://ja.wikipedia.org/wiki/%E5%86%86%E8%88%98%E9%87%91>
<http://www.wikidata.org/entity/Q1186104>	"弟子屈町"@ja	<http://www.wikidata.org/entity/Q1059478>	"日本の町"@ja	<http://www.wikidata.org/entity/P47>	"隣の国又は行政区画"@ja	<https://ja.wikipedia.org/wiki/%E5%BC%9F%E5%AD%90%E5%B1%88%E7%94%BA>
<http://www.wikidata.org/entity/Q1186622>	"網走郡"@ja	<http://www.wikidata.org/entity/Q1122846>	"郡"@ja	<http://www.wikidata.org/entity/P150>	"直下の行政区画"@ja	<https://ja.wikipedia.org/wiki/%E7%B6%B2%E8%B5%B0%E9%83%A1>
<http://www.wikidata.org/entity/Q1208839>	"大空町"@ja	<http://www.wikidata.org/entity/Q1059478>	"日本の町"@ja	<http://www.wikidata.org/entity/P47>	"隣の国又は行政区画"@ja	<https://ja.wikipedia.org/wiki/%E5%A4%A7%E7%A9%BA%E7%94%BA>
<http://www.wikidata.org/entity/Q1357133>	"津別町"@ja	<http://www.wikidata.org/entity/Q1059478>	"日本の町"@ja	<http://www.wikidata.org/entity/P1365>	"先行"@ja	<https://ja.wikipedia.org/wiki/%E6%B4%A5%E5%88%A5%E7%94%BA>
<http://www.wikidata.org/entity/Q1357133>	"津別町"@ja	<http://www.wikidata.org/entity/Q1059478>	"日本の町"@ja	<http://www.wikidata.org/entity/P47>	"隣の国又は行政区画"@ja	<https://ja.wikipedia.org/wiki/%E6%B4%A5%E5%88%A5%E7%94%BA>
<http://www.wikidata.org/entity/Q1357492>	"小清水町"@ja	<http://www.wikidata.org/entity/Q1059478>	"日本の町"@ja	<http://www.wikidata.org/entity/P47>	"隣の国又は行政区画"@ja	<https://ja.wikipedia.org/wiki/%E5%B0%8F%E6%B8%85%E6%B0%B4%E7%94%BA>
<http://www.wikidata.org/entity/Q2498230>	"山口昌男"@ja	<http://www.wikidata.org/entity/Q5>	"ヒト"@ja	<http://www.wikidata.org/entity/P19>	"出生地"@ja	<https://ja.wikipedia.org/wiki/%E5%B1%B1%E5%8F%A3%E6%98%8C%E7%94%B7>
<http://www.wikidata.org/entity/Q4907123>	"美幌駅"@ja	<http://www.wikidata.org/entity/Q55488>	"鉄道駅"@ja	<http://www.wikidata.org/entity/P131>	"位置する行政区画"@ja	<https://ja.wikipedia.org/wiki/%E7%BE%8E%E5%B9%8C%E9%A7%85>
<http://www.wikidata.org/entity/Q6157012>	"国道240号"@ja	<http://www.wikidata.org/entity/Q34442>	"道路"@ja	<http://www.wikidata.org/entity/P1302>	"主な経由都市"@ja	<https://ja.wikipedia.org/wiki/%E5%9B%BD%E9%81%93240%E5%8F%B7>
<http://www.wikidata.org/entity/Q6157021>	"国道243号"@ja	<http://www.wikidata.org/entity/Q34442>	"道路"@ja	<http://www.wikidata.org/entity/P1302>	"主な経由都市"@ja	<https://ja.wikipedia.org/wiki/%E5%9B%BD%E9%81%93243%E5%8F%B7>
<http://www.wikidata.org/entity/Q6157274>	"国道334号"@ja	<http://www.wikidata.org/entity/Q34442>	"道路"@ja	<http://www.wikidata.org/entity/P609>	"起終点"@ja	<https://ja.wikipedia.org/wiki/%E5%9B%BD%E9%81%93334%E5%8F%B7>
<http://www.wikidata.org/entity/Q10903394>	"北海道道249号"@ja	<http://www.wikidata.org/entity/Q34442>	"道路"@ja	<http://www.wikidata.org/entity/P609>	"起終点"@ja	<https://ja.wikipedia.org/wiki/%E5%8C%97%E6%B5%B7%E9%81%93%E9%81%93249%E5%8F%B7%E7%A6%8F%E4%BD%8F%E5%A5%B3%E6%BA%80%E5%88%A5%E7%B7%9A>
<http://www.wikidata.org/entity/Q10903393>	"北海道道248号"@ja	<http://www.wikidata.org/entity/Q34442>	"道路"@ja	<http://www.wikidata.org/entity/P609>	"起終点"@ja	<https://ja.wikipedia.org/wiki/%E5%8C%97%E6%B5%B7%E9%81%93%E9%81%93248%E5%8F%B7%E5%98%89%E5%A4%9A%E5%B1%B1%E7%BE%8E%E5%B9%8C%E7%B7%9A>
<http://www.wikidata.org/entity/Q10903436>	"北海道道309号"@ja	<http://www.wikidata.org/entity/Q34442>	"道路"@ja	<http://www.wikidata.org/entity/P609>	"起終点"@ja	<https://ja.wikipedia.org/wiki/%E5%8C%97%E6%B5%B7%E9%81%93%E9%81%93309%E5%8F%B7%E7%BE%8E%E5%B9%8C%E5%81%9C%E8%BB%8A%E5%A0%B4%E7%B7%9A>
<http://www.wikidata.org/entity/Q10903662>	"北海道道995号"@ja	<http://www.wikidata.org/entity/Q34442>	"道路"@ja	<http://www.wikidata.org/entity/P609>	"起終点"@ja	<https://ja.wikipedia.org/wiki/%E5%8C%97%E6%B5%B7%E9%81%93%E9%81%93995%E5%8F%B7%E6%9D%B1%E8%97%BB%E7%90%B4%E8%B1%8A%E5%AF%8C%E7%B7%9A>
<http://www.wikidata.org/entity/Q11369008>	"久保恒造"@ja	<http://www.wikidata.org/entity/Q5>	"ヒト"@ja	<http://www.wikidata.org/entity/P19>	"出生地"@ja	<https://ja.wikipedia.org/wiki/%E4%B9%85%E4%BF%9D%E6%81%92%E9%80%A0>
<http://www.wikidata.org/entity/Q11381605>	"佃咲江"@ja	<http://www.wikidata.org/entity/Q5>	"ヒト"@ja	<http://www.wikidata.org/entity/P19>	"出生地"@ja	<https://ja.wikipedia.org/wiki/%E4%BD%83%E5%92%B2%E6%B1%9F>
<http://www.wikidata.org/entity/Q11403030>	"北海道美幌高等学校"@ja	<http://www.wikidata.org/entity/Q56351315>	"日本の高等学校"@ja	<http://www.wikidata.org/entity/P131>	"位置する行政区画"@ja	<https://ja.wikipedia.org/wiki/%E5%8C%97%E6%B5%B7%E9%81%93%E7%BE%8E%E5%B9%8C%E9%AB%98%E7%AD%89%E5%AD%A6%E6%A0%A1>
<http://www.wikidata.org/entity/Q11403028>	"北海道美幌農業高等学校"@ja	<http://www.wikidata.org/entity/Q56351315>	"日本の高等学校"@ja	<http://www.wikidata.org/entity/P131>	"位置する行政区画"@ja	<https://ja.wikipedia.org/wiki/%E5%8C%97%E6%B5%B7%E9%81%93%E7%BE%8E%E5%B9%8C%E8%BE%B2%E6%A5%AD%E9%AB%98%E7%AD%89%E5%AD%A6%E6%A0%A1>
<http://www.wikidata.org/entity/Q11403183>	"北海道道122号"@ja	<http://www.wikidata.org/entity/Q34442>	"道路"@ja	<http://www.wikidata.org/entity/P609>	"起終点"@ja	<https://ja.wikipedia.org/wiki/%E5%8C%97%E6%B5%B7%E9%81%93%E9%81%93122%E5%8F%B7%E5%8C%97%E8%A6%8B%E7%AB%AF%E9%87%8E%E7%BE%8E%E5%B9%8C%E7%B7%9A>
<http://www.wikidata.org/entity/Q11403227>	"北海道道217号"@ja	<http://www.wikidata.org/entity/Q34442>	"道路"@ja	<http://www.wikidata.org/entity/P609>	"起終点"@ja	<https://ja.wikipedia.org/wiki/%E5%8C%97%E6%B5%B7%E9%81%93%E9%81%93217%E5%8F%B7%E5%8C%97%E8%A6%8B%E7%BE%8E%E5%B9%8C%E7%B7%9A>
<http://www.wikidata.org/entity/Q11609075>	"美幌峠"@ja	<http://www.wikidata.org/entity/Q133056>	"峠"@ja	<http://www.wikidata.org/entity/P131>	"位置する行政区画"@ja	<https://ja.wikipedia.org/wiki/%E7%BE%8E%E5%B9%8C%E5%B3%A0>
<http://www.wikidata.org/entity/Q11609072>	"美幌インターチェンジ"@ja	<http://www.wikidata.org/entity/Q2376564>	"インターチェンジ"@ja	<http://www.wikidata.org/entity/P131>	"位置する行政区画"@ja	<https://ja.wikipedia.org/wiki/%E7%BE%8E%E5%B9%8C%E3%82%A4%E3%83%B3%E3%82%BF%E3%83%BC%E3%83%81%E3%82%A7%E3%83%B3%E3%82%B8>
<http://www.wikidata.org/entity/Q11609084>	"美幌高野インターチェンジ"@ja	<http://www.wikidata.org/entity/Q2376564>	"インターチェンジ"@ja	<http://www.wikidata.org/entity/P131>	"位置する行政区画"@ja	<https://ja.wikipedia.org/wiki/%E7%BE%8E%E5%B9%8C%E9%AB%98%E9%87%8E%E3%82%A4%E3%83%B3%E3%82%BF%E3%83%BC%E3%83%81%E3%82%A7%E3%83%B3%E3%82%B8>
<http://www.wikidata.org/entity/Q11640739>	"道の駅ぐるっとパノラマ美幌峠"@ja	<http://www.wikidata.org/entity/Q1187691>	"道の駅"@ja	<http://www.wikidata.org/entity/P131>	"位置する行政区画"@ja	<https://ja.wikipedia.org/wiki/%E9%81%93%E3%81%AE%E9%A7%85%E3%81%90%E3%82%8B%E3%81%A3%E3%81%A8%E3%83%91%E3%83%8E%E3%83%A9%E3%83%9E%E7%BE%8E%E5%B9%8C%E5%B3%A0>
<http://www.wikidata.org/entity/Q15615364>	"Category:美幌町"@ja	<http://www.wikidata.org/entity/Q4167836>	"ウィキメディアのカテゴリ"@ja	<http://www.wikidata.org/entity/P301>	"カテゴリの中心主題"@ja	<https://ja.wikipedia.org/wiki/Category:%E7%BE%8E%E5%B9%8C%E7%94%BA>
<http://www.wikidata.org/entity/Q40030782>	"八巻正治"@ja	<http://www.wikidata.org/entity/Q5>	"ヒト"@ja	<http://www.wikidata.org/entity/P19>	"出生地"@ja	<https://ja.wikipedia.org/wiki/%E5%85%AB%E5%B7%BB%E6%AD%A3%E6%B2%BB>
<http://www.wikidata.org/entity/Q48333106>	"一戸誠太郎"@ja	<http://www.wikidata.org/entity/Q5>	"ヒト"@ja	<http://www.wikidata.org/entity/P19>	"出生地"@ja	<https://ja.wikipedia.org/wiki/%E4%B8%80%E6%88%B8%E8%AA%A0%E5%A4%AA%E9%83%8E>
<http://www.wikidata.org/entity/Q154178>	"美幌"@ja	<http://www.wikidata.org/entity/Q3863>	"小惑星"@ja	<http://www.wikidata.org/entity/P138>	"名前の由来"@ja	
<http://www.wikidata.org/entity/Q15962006>	"三橋李奈"@ja	<http://www.wikidata.org/entity/Q5>	"ヒト"@ja	<http://www.wikidata.org/entity/P19>	"出生地"@ja	
<http://www.wikidata.org/entity/Q28154110>	"Q28154110"	<http://www.wikidata.org/entity/Q4828724>	"航空博物館"@ja	<http://www.wikidata.org/entity/P131>	"位置する行政区画"@ja	
<http://www.wikidata.org/entity/Q56436083>	"美幌町長"@ja	<http://www.wikidata.org/entity/Q4164871>	"職位"@ja	<http://www.wikidata.org/entity/P1001>	"管轄・適用区域"@ja	
<http://www.wikidata.org/entity/Q109287497>	"添"@ja	<http://www.wikidata.org/entity/Q5>	"ヒト"@ja	<http://www.wikidata.org/entity/P19>	"出生地"@ja	
<http://www.wikidata.org/entity/Q110894518>	"Q110894518"	<http://www.wikidata.org/entity/Q4167836>	"ウィキメディアのカテゴリ"@ja	<http://www.wikidata.org/entity/P971>	"以下の組み合わせカテゴリ"@ja	
<http://www.wikidata.org/entity/Q110894516>	"Q110894516"	<http://www.wikidata.org/entity/Q4167836>	"ウィキメディアのカテゴリ"@ja	<http://www.wikidata.org/entity/P971>	"以下の組み合わせカテゴリ"@ja	
