?s	?sLabel	?type	?typeLabel	?prop	?propLabel	?jwiki
<http://www.wikidata.org/entity/Q62593952>	"小坂凛"@ja	<http://www.wikidata.org/entity/Q5>	"ヒト"@ja	<http://www.wikidata.org/entity/P19>	"出生地"@ja	<https://ja.wikipedia.org/wiki/%E5%B0%8F%E5%9D%82%E5%87%9B>
<http://www.wikidata.org/entity/Q305640>	"網走市"@ja	<http://www.wikidata.org/entity/Q494721>	"日本の市"@ja	<http://www.wikidata.org/entity/P47>	"隣の国又は行政区画"@ja	<https://ja.wikipedia.org/wiki/%E7%B6%B2%E8%B5%B0%E5%B8%82>
<http://www.wikidata.org/entity/Q1186104>	"弟子屈町"@ja	<http://www.wikidata.org/entity/Q1059478>	"日本の町"@ja	<http://www.wikidata.org/entity/P47>	"隣の国又は行政区画"@ja	<https://ja.wikipedia.org/wiki/%E5%BC%9F%E5%AD%90%E5%B1%88%E7%94%BA>
<http://www.wikidata.org/entity/Q1186633>	"斜里郡"@ja	<http://www.wikidata.org/entity/Q1122846>	"郡"@ja	<http://www.wikidata.org/entity/P150>	"直下の行政区画"@ja	<https://ja.wikipedia.org/wiki/%E6%96%9C%E9%87%8C%E9%83%A1>
<http://www.wikidata.org/entity/Q1208839>	"大空町"@ja	<http://www.wikidata.org/entity/Q1059478>	"日本の町"@ja	<http://www.wikidata.org/entity/P47>	"隣の国又は行政区画"@ja	<https://ja.wikipedia.org/wiki/%E5%A4%A7%E7%A9%BA%E7%94%BA>
<http://www.wikidata.org/entity/Q1355074>	"美幌町"@ja	<http://www.wikidata.org/entity/Q1059478>	"日本の町"@ja	<http://www.wikidata.org/entity/P47>	"隣の国又は行政区画"@ja	<https://ja.wikipedia.org/wiki/%E7%BE%8E%E5%B9%8C%E7%94%BA>
<http://www.wikidata.org/entity/Q1365478>	"斜里町"@ja	<http://www.wikidata.org/entity/Q1059478>	"日本の町"@ja	<http://www.wikidata.org/entity/P1366>	"後継"@ja	<https://ja.wikipedia.org/wiki/%E6%96%9C%E9%87%8C%E7%94%BA>
<http://www.wikidata.org/entity/Q1365478>	"斜里町"@ja	<http://www.wikidata.org/entity/Q1059478>	"日本の町"@ja	<http://www.wikidata.org/entity/P47>	"隣の国又は行政区画"@ja	<https://ja.wikipedia.org/wiki/%E6%96%9C%E9%87%8C%E7%94%BA>
<http://www.wikidata.org/entity/Q1365488>	"清里町"@ja	<http://www.wikidata.org/entity/Q1059478>	"日本の町"@ja	<http://www.wikidata.org/entity/P1365>	"先行"@ja	<https://ja.wikipedia.org/wiki/%E6%B8%85%E9%87%8C%E7%94%BA>
<http://www.wikidata.org/entity/Q1365488>	"清里町"@ja	<http://www.wikidata.org/entity/Q1059478>	"日本の町"@ja	<http://www.wikidata.org/entity/P47>	"隣の国又は行政区画"@ja	<https://ja.wikipedia.org/wiki/%E6%B8%85%E9%87%8C%E7%94%BA>
<http://www.wikidata.org/entity/Q5533564>	"原生花園駅"@ja	<http://www.wikidata.org/entity/Q8015548>	"臨時駅"@ja	<http://www.wikidata.org/entity/P131>	"位置する行政区画"@ja	<https://ja.wikipedia.org/wiki/%E5%8E%9F%E7%94%9F%E8%8A%B1%E5%9C%92%E9%A7%85>
<http://www.wikidata.org/entity/Q6478187>	"濤沸湖"@ja	<http://www.wikidata.org/entity/Q23397>	"湖"@ja	<http://www.wikidata.org/entity/P131>	"位置する行政区画"@ja	<https://ja.wikipedia.org/wiki/%E6%BF%A4%E6%B2%B8%E6%B9%96>
<http://www.wikidata.org/entity/Q8048114>	"止別駅"@ja	<http://www.wikidata.org/entity/Q55488>	"鉄道駅"@ja	<http://www.wikidata.org/entity/P131>	"位置する行政区画"@ja	<https://ja.wikipedia.org/wiki/%E6%AD%A2%E5%88%A5%E9%A7%85>
<http://www.wikidata.org/entity/Q8190017>	"浜小清水駅"@ja	<http://www.wikidata.org/entity/Q55488>	"鉄道駅"@ja	<http://www.wikidata.org/entity/P131>	"位置する行政区画"@ja	<https://ja.wikipedia.org/wiki/%E6%B5%9C%E5%B0%8F%E6%B8%85%E6%B0%B4%E9%A7%85>
<http://www.wikidata.org/entity/Q9631259>	"Category:小清水町"@ja	<http://www.wikidata.org/entity/Q4167836>	"ウィキメディアのカテゴリ"@ja	<http://www.wikidata.org/entity/P301>	"カテゴリの中心主題"@ja	<https://ja.wikipedia.org/wiki/Category:%E5%B0%8F%E6%B8%85%E6%B0%B4%E7%94%BA>
<http://www.wikidata.org/entity/Q10903390>	"北海道道246号"@ja	<http://www.wikidata.org/entity/Q34442>	"道路"@ja	<http://www.wikidata.org/entity/P609>	"起終点"@ja	<https://ja.wikipedia.org/wiki/%E5%8C%97%E6%B5%B7%E9%81%93%E9%81%93246%E5%8F%B7%E5%B0%8F%E6%B8%85%E6%B0%B4%E5%A5%B3%E6%BA%80%E5%88%A5%E7%B7%9A>
<http://www.wikidata.org/entity/Q10903390>	"北海道道246号"@ja	<http://www.wikidata.org/entity/Q34442>	"道路"@ja	<http://www.wikidata.org/entity/P131>	"位置する行政区画"@ja	<https://ja.wikipedia.org/wiki/%E5%8C%97%E6%B5%B7%E9%81%93%E9%81%93246%E5%8F%B7%E5%B0%8F%E6%B8%85%E6%B0%B4%E5%A5%B3%E6%BA%80%E5%88%A5%E7%B7%9A>
<http://www.wikidata.org/entity/Q10903396>	"北海道道250号"@ja	<http://www.wikidata.org/entity/Q34442>	"道路"@ja	<http://www.wikidata.org/entity/P609>	"起終点"@ja	<https://ja.wikipedia.org/wiki/%E5%8C%97%E6%B5%B7%E9%81%93%E9%81%93250%E5%8F%B7%E6%B8%85%E9%87%8C%E6%AD%A2%E5%88%A5%E7%B7%9A>
<http://www.wikidata.org/entity/Q10903578>	"北海道道805号"@ja	<http://www.wikidata.org/entity/Q34442>	"道路"@ja	<http://www.wikidata.org/entity/P609>	"起終点"@ja	<https://ja.wikipedia.org/wiki/%E5%8C%97%E6%B5%B7%E9%81%93%E9%81%93805%E5%8F%B7%E6%9C%AD%E5%BC%A6%E5%81%9C%E8%BB%8A%E5%A0%B4%E6%B0%B4%E4%B8%8A%E7%B7%9A>
<http://www.wikidata.org/entity/Q11402704>	"北海道小清水高等学校"@ja	<http://www.wikidata.org/entity/Q56351315>	"日本の高等学校"@ja	<http://www.wikidata.org/entity/P131>	"位置する行政区画"@ja	<https://ja.wikipedia.org/wiki/%E5%8C%97%E6%B5%B7%E9%81%93%E5%B0%8F%E6%B8%85%E6%B0%B4%E9%AB%98%E7%AD%89%E5%AD%A6%E6%A0%A1>
<http://www.wikidata.org/entity/Q11403094>	"北海道道102号"@ja	<http://www.wikidata.org/entity/Q34442>	"道路"@ja	<http://www.wikidata.org/entity/P131>	"位置する行政区画"@ja	<https://ja.wikipedia.org/wiki/%E5%8C%97%E6%B5%B7%E9%81%93%E9%81%93102%E5%8F%B7%E7%B6%B2%E8%B5%B0%E5%B7%9D%E6%B9%AF%E7%B7%9A>
<http://www.wikidata.org/entity/Q11403356>	"北海道道467号"@ja	<http://www.wikidata.org/entity/Q34442>	"道路"@ja	<http://www.wikidata.org/entity/P609>	"起終点"@ja	<https://ja.wikipedia.org/wiki/%E5%8C%97%E6%B5%B7%E9%81%93%E9%81%93467%E5%8F%B7%E6%A0%84%E6%B5%9C%E5%B0%8F%E6%B8%85%E6%B0%B4%E7%B7%9A>
<http://www.wikidata.org/entity/Q11403356>	"北海道道467号"@ja	<http://www.wikidata.org/entity/Q34442>	"道路"@ja	<http://www.wikidata.org/entity/P131>	"位置する行政区画"@ja	<https://ja.wikipedia.org/wiki/%E5%8C%97%E6%B5%B7%E9%81%93%E9%81%93467%E5%8F%B7%E6%A0%84%E6%B5%9C%E5%B0%8F%E6%B8%85%E6%B0%B4%E7%B7%9A>
<http://www.wikidata.org/entity/Q11403417>	"北海道道557号"@ja	<http://www.wikidata.org/entity/Q34442>	"道路"@ja	<http://www.wikidata.org/entity/P609>	"起終点"@ja	<https://ja.wikipedia.org/wiki/%E5%8C%97%E6%B5%B7%E9%81%93%E9%81%93557%E5%8F%B7%E6%AD%A2%E5%88%A5%E5%81%9C%E8%BB%8A%E5%A0%B4%E7%B7%9A>
<http://www.wikidata.org/entity/Q11403417>	"北海道道557号"@ja	<http://www.wikidata.org/entity/Q34442>	"道路"@ja	<http://www.wikidata.org/entity/P131>	"位置する行政区画"@ja	<https://ja.wikipedia.org/wiki/%E5%8C%97%E6%B5%B7%E9%81%93%E9%81%93557%E5%8F%B7%E6%AD%A2%E5%88%A5%E5%81%9C%E8%BB%8A%E5%A0%B4%E7%B7%9A>
<http://www.wikidata.org/entity/Q11403445>	"北海道道587号"@ja	<http://www.wikidata.org/entity/Q34442>	"道路"@ja	<http://www.wikidata.org/entity/P609>	"起終点"@ja	<https://ja.wikipedia.org/wiki/%E5%8C%97%E6%B5%B7%E9%81%93%E9%81%93587%E5%8F%B7%E8%B7%A1%E4%BD%90%E7%99%BB%E5%B0%8F%E6%B8%85%E6%B0%B4%E7%B7%9A>
<http://www.wikidata.org/entity/Q11403445>	"北海道道587号"@ja	<http://www.wikidata.org/entity/Q34442>	"道路"@ja	<http://www.wikidata.org/entity/P131>	"位置する行政区画"@ja	<https://ja.wikipedia.org/wiki/%E5%8C%97%E6%B5%B7%E9%81%93%E9%81%93587%E5%8F%B7%E8%B7%A1%E4%BD%90%E7%99%BB%E5%B0%8F%E6%B8%85%E6%B0%B4%E7%B7%9A>
<http://www.wikidata.org/entity/Q11403644>	"北海道道944号"@ja	<http://www.wikidata.org/entity/Q34442>	"道路"@ja	<http://www.wikidata.org/entity/P609>	"起終点"@ja	<https://ja.wikipedia.org/wiki/%E5%8C%97%E6%B5%B7%E9%81%93%E9%81%93944%E5%8F%B7%E7%A5%9E%E5%A8%81%E5%B0%8F%E6%B8%85%E6%B0%B4%E7%B7%9A>
<http://www.wikidata.org/entity/Q11462666>	"小清水赤十字病院"@ja	<http://www.wikidata.org/entity/Q16917>	"病院"@ja	<http://www.wikidata.org/entity/P131>	"位置する行政区画"@ja	<https://ja.wikipedia.org/wiki/%E5%B0%8F%E6%B8%85%E6%B0%B4%E8%B5%A4%E5%8D%81%E5%AD%97%E7%97%85%E9%99%A2>
<http://www.wikidata.org/entity/Q11462664>	"小清水原生花園"@ja	<http://www.wikidata.org/entity/Q11409728>	"原生花園"@ja	<http://www.wikidata.org/entity/P131>	"位置する行政区画"@ja	<https://ja.wikipedia.org/wiki/%E5%B0%8F%E6%B8%85%E6%B0%B4%E5%8E%9F%E7%94%9F%E8%8A%B1%E5%9C%92>
<http://www.wikidata.org/entity/Q11640895>	"道の駅はなやか（葉菜野花）小清水"@ja	<http://www.wikidata.org/entity/Q1339195>	"駅ビル"@ja	<http://www.wikidata.org/entity/P131>	"位置する行政区画"@ja	<https://ja.wikipedia.org/wiki/%E9%81%93%E3%81%AE%E9%A7%85%E3%81%AF%E3%81%AA%E3%82%84%E3%81%8B%EF%BC%88%E8%91%89%E8%8F%9C%E9%87%8E%E8%8A%B1%EF%BC%89%E5%B0%8F%E6%B8%85%E6%B0%B4>
<http://www.wikidata.org/entity/Q11640895>	"道の駅はなやか（葉菜野花）小清水"@ja	<http://www.wikidata.org/entity/Q1187691>	"道の駅"@ja	<http://www.wikidata.org/entity/P131>	"位置する行政区画"@ja	<https://ja.wikipedia.org/wiki/%E9%81%93%E3%81%AE%E9%A7%85%E3%81%AF%E3%81%AA%E3%82%84%E3%81%8B%EF%BC%88%E8%91%89%E8%8F%9C%E9%87%8E%E8%8A%B1%EF%BC%89%E5%B0%8F%E6%B8%85%E6%B0%B4>
<http://www.wikidata.org/entity/Q56436091>	"小清水町長"@ja	<http://www.wikidata.org/entity/Q4164871>	"職位"@ja	<http://www.wikidata.org/entity/P1001>	"管轄・適用区域"@ja	
<http://www.wikidata.org/entity/Q115156759>	"小清水町立小清水小学校"@ja	<http://www.wikidata.org/entity/Q5358913>	"日本の小学校"@ja	<http://www.wikidata.org/entity/P131>	"位置する行政区画"@ja	
