?s	?sLabel	?type	?typeLabel	?prop	?propLabel	?jwiki
<http://www.wikidata.org/entity/Q11403466>	"北海道道609号"@ja	<http://www.wikidata.org/entity/Q34442>	"道路"@ja	<http://www.wikidata.org/entity/P609>	"起終点"@ja	<https://ja.wikipedia.org/wiki/%E5%8C%97%E6%B5%B7%E9%81%93%E9%81%93609%E5%8F%B7%E7%A4%BC%E6%96%87%E5%81%9C%E8%BB%8A%E5%A0%B4%E7%B7%9A>
<http://www.wikidata.org/entity/Q11403529>	"北海道道702号"@ja	<http://www.wikidata.org/entity/Q34442>	"道路"@ja	<http://www.wikidata.org/entity/P609>	"起終点"@ja	<https://ja.wikipedia.org/wiki/%E5%8C%97%E6%B5%B7%E9%81%93%E9%81%93702%E5%8F%B7%E7%BE%8E%E5%92%8C%E8%B1%8A%E6%B5%A6%E5%81%9C%E8%BB%8A%E5%A0%B4%E7%B7%9A>
<http://www.wikidata.org/entity/Q11403628>	"北海道道914号"@ja	<http://www.wikidata.org/entity/Q34442>	"道路"@ja	<http://www.wikidata.org/entity/P609>	"起終点"@ja	<https://ja.wikipedia.org/wiki/%E5%8C%97%E6%B5%B7%E9%81%93%E9%81%93914%E5%8F%B7%E6%96%B0%E5%AF%8C%E7%A5%9E%E9%87%8C%E7%B7%9A>
<http://www.wikidata.org/entity/Q11403667>	"北海道道97号"@ja	<http://www.wikidata.org/entity/Q34442>	"道路"@ja	<http://www.wikidata.org/entity/P609>	"起終点"@ja	<https://ja.wikipedia.org/wiki/%E5%8C%97%E6%B5%B7%E9%81%93%E9%81%9397%E5%8F%B7%E8%B1%8A%E6%B5%A6%E4%BA%AC%E6%A5%B5%E7%B7%9A>
<http://www.wikidata.org/entity/Q11633936>	"豊浦インターチェンジ"@ja	<http://www.wikidata.org/entity/Q2376564>	"インターチェンジ"@ja	<http://www.wikidata.org/entity/P131>	"位置する行政区画"@ja	<https://ja.wikipedia.org/wiki/%E8%B1%8A%E6%B5%A6%E3%82%A4%E3%83%B3%E3%82%BF%E3%83%BC%E3%83%81%E3%82%A7%E3%83%B3%E3%82%B8>
<http://www.wikidata.org/entity/Q11640850>	"道の駅とようら"@ja	<http://www.wikidata.org/entity/Q1187691>	"道の駅"@ja	<http://www.wikidata.org/entity/P131>	"位置する行政区画"@ja	<https://ja.wikipedia.org/wiki/%E9%81%93%E3%81%AE%E9%A7%85%E3%81%A8%E3%82%88%E3%81%86%E3%82%89>
<http://www.wikidata.org/entity/Q15615377>	"Category:豊浦町"@ja	<http://www.wikidata.org/entity/Q4167836>	"ウィキメディアのカテゴリ"@ja	<http://www.wikidata.org/entity/P301>	"カテゴリの中心主題"@ja	<https://ja.wikipedia.org/wiki/Category:%E8%B1%8A%E6%B5%A6%E7%94%BA>
<http://www.wikidata.org/entity/Q16105531>	"昆布岳"@ja	<http://www.wikidata.org/entity/Q8502>	"山"@ja	<http://www.wikidata.org/entity/P131>	"位置する行政区画"@ja	<https://ja.wikipedia.org/wiki/%E6%98%86%E5%B8%83%E5%B2%B3>
<http://www.wikidata.org/entity/Q867982>	"道央自動車道"@ja	<http://www.wikidata.org/entity/Q16939396>	"有料道路"@ja	<http://www.wikidata.org/entity/P131>	"位置する行政区画"@ja	<https://ja.wikipedia.org/wiki/%E9%81%93%E5%A4%AE%E8%87%AA%E5%8B%95%E8%BB%8A%E9%81%93>
<http://www.wikidata.org/entity/Q867982>	"道央自動車道"@ja	<http://www.wikidata.org/entity/Q46622>	"高速道路"@ja	<http://www.wikidata.org/entity/P131>	"位置する行政区画"@ja	<https://ja.wikipedia.org/wiki/%E9%81%93%E5%A4%AE%E8%87%AA%E5%8B%95%E8%BB%8A%E9%81%93>
<http://www.wikidata.org/entity/Q1022930>	"洞爺湖町"@ja	<http://www.wikidata.org/entity/Q1059478>	"日本の町"@ja	<http://www.wikidata.org/entity/P47>	"隣の国又は行政区画"@ja	<https://ja.wikipedia.org/wiki/%E6%B4%9E%E7%88%BA%E6%B9%96%E7%94%BA>
<http://www.wikidata.org/entity/Q1141552>	"胆振総合振興局"@ja	<http://www.wikidata.org/entity/Q850450>	"支庁"@ja	<http://www.wikidata.org/entity/P150>	"直下の行政区画"@ja	<https://ja.wikipedia.org/wiki/%E8%83%86%E6%8C%AF%E7%B7%8F%E5%90%88%E6%8C%AF%E8%88%88%E5%B1%80>
<http://www.wikidata.org/entity/Q1185421>	"虻田郡"@ja	<http://www.wikidata.org/entity/Q1122846>	"郡"@ja	<http://www.wikidata.org/entity/P150>	"直下の行政区画"@ja	<https://ja.wikipedia.org/wiki/%E8%99%BB%E7%94%B0%E9%83%A1>
<http://www.wikidata.org/entity/Q1204586>	"ニセコ町"@ja	<http://www.wikidata.org/entity/Q1059478>	"日本の町"@ja	<http://www.wikidata.org/entity/P1365>	"先行"@ja	<https://ja.wikipedia.org/wiki/%E3%83%8B%E3%82%BB%E3%82%B3%E7%94%BA>
<http://www.wikidata.org/entity/Q1204586>	"ニセコ町"@ja	<http://www.wikidata.org/entity/Q1059478>	"日本の町"@ja	<http://www.wikidata.org/entity/P47>	"隣の国又は行政区画"@ja	<https://ja.wikipedia.org/wiki/%E3%83%8B%E3%82%BB%E3%82%B3%E7%94%BA>
<http://www.wikidata.org/entity/Q1354333>	"長万部町"@ja	<http://www.wikidata.org/entity/Q1059478>	"日本の町"@ja	<http://www.wikidata.org/entity/P1365>	"先行"@ja	<https://ja.wikipedia.org/wiki/%E9%95%B7%E4%B8%87%E9%83%A8%E7%94%BA>
<http://www.wikidata.org/entity/Q1354333>	"長万部町"@ja	<http://www.wikidata.org/entity/Q1059478>	"日本の町"@ja	<http://www.wikidata.org/entity/P47>	"隣の国又は行政区画"@ja	<https://ja.wikipedia.org/wiki/%E9%95%B7%E4%B8%87%E9%83%A8%E7%94%BA>
<http://www.wikidata.org/entity/Q1354496>	"真狩村"@ja	<http://www.wikidata.org/entity/Q4174776>	"日本の村"@ja	<http://www.wikidata.org/entity/P47>	"隣の国又は行政区画"@ja	<https://ja.wikipedia.org/wiki/%E7%9C%9F%E7%8B%A9%E6%9D%91>
<http://www.wikidata.org/entity/Q1355416>	"蘭越町"@ja	<http://www.wikidata.org/entity/Q1059478>	"日本の町"@ja	<http://www.wikidata.org/entity/P47>	"隣の国又は行政区画"@ja	<https://ja.wikipedia.org/wiki/%E8%98%AD%E8%B6%8A%E7%94%BA>
<http://www.wikidata.org/entity/Q1355464>	"黒松内町"@ja	<http://www.wikidata.org/entity/Q1059478>	"日本の町"@ja	<http://www.wikidata.org/entity/P47>	"隣の国又は行政区画"@ja	<https://ja.wikipedia.org/wiki/%E9%BB%92%E6%9D%BE%E5%86%85%E7%94%BA>
<http://www.wikidata.org/entity/Q5370732>	"小幌駅"@ja	<http://www.wikidata.org/entity/Q85882206>	"無人駅"@ja	<http://www.wikidata.org/entity/P131>	"位置する行政区画"@ja	<https://ja.wikipedia.org/wiki/%E5%B0%8F%E5%B9%8C%E9%A7%85>
<http://www.wikidata.org/entity/Q5370732>	"小幌駅"@ja	<http://www.wikidata.org/entity/Q11424045>	"地上駅"@ja	<http://www.wikidata.org/entity/P131>	"位置する行政区画"@ja	<https://ja.wikipedia.org/wiki/%E5%B0%8F%E5%B9%8C%E9%A7%85>
<http://www.wikidata.org/entity/Q5370732>	"小幌駅"@ja	<http://www.wikidata.org/entity/Q55488>	"鉄道駅"@ja	<http://www.wikidata.org/entity/P131>	"位置する行政区画"@ja	<https://ja.wikipedia.org/wiki/%E5%B0%8F%E5%B9%8C%E9%A7%85>
<http://www.wikidata.org/entity/Q7302234>	"礼文駅"@ja	<http://www.wikidata.org/entity/Q55488>	"鉄道駅"@ja	<http://www.wikidata.org/entity/P131>	"位置する行政区画"@ja	<https://ja.wikipedia.org/wiki/%E7%A4%BC%E6%96%87%E9%A7%85>
<http://www.wikidata.org/entity/Q7830938>	"豊浦駅"@ja	<http://www.wikidata.org/entity/Q55488>	"鉄道駅"@ja	<http://www.wikidata.org/entity/P131>	"位置する行政区画"@ja	<https://ja.wikipedia.org/wiki/%E8%B1%8A%E6%B5%A6%E9%A7%85>
<http://www.wikidata.org/entity/Q8081565>	"大岸駅"@ja	<http://www.wikidata.org/entity/Q55488>	"鉄道駅"@ja	<http://www.wikidata.org/entity/P131>	"位置する行政区画"@ja	<https://ja.wikipedia.org/wiki/%E5%A4%A7%E5%B2%B8%E9%A7%85>
<http://www.wikidata.org/entity/Q10903414>	"北海道道285号"@ja	<http://www.wikidata.org/entity/Q34442>	"道路"@ja	<http://www.wikidata.org/entity/P609>	"起終点"@ja	<https://ja.wikipedia.org/wiki/%E5%8C%97%E6%B5%B7%E9%81%93%E9%81%93285%E5%8F%B7%E8%B1%8A%E6%B5%A6%E6%B4%9E%E7%88%BA%E7%B7%9A>
<http://www.wikidata.org/entity/Q11259357>	"いずみの学校初等部・中等部"@ja	<http://www.wikidata.org/entity/Q11458774>	"日本の小中一貫校"@ja	<http://www.wikidata.org/entity/P131>	"位置する行政区画"@ja	<https://ja.wikipedia.org/wiki/%E3%81%84%E3%81%9A%E3%81%BF%E3%81%AE%E5%AD%A6%E6%A0%A1%E5%88%9D%E7%AD%89%E9%83%A8%E3%83%BB%E4%B8%AD%E7%AD%89%E9%83%A8>
<http://www.wikidata.org/entity/Q11264618>	"湯浅倉平"@ja	<http://www.wikidata.org/entity/Q5>	"ヒト"@ja	<http://www.wikidata.org/entity/P19>	"出生地"@ja	<https://ja.wikipedia.org/wiki/%E6%B9%AF%E6%B5%85%E5%80%89%E5%B9%B3>
<http://www.wikidata.org/entity/Q11310232>	"ジャンボ秀克"@ja	<http://www.wikidata.org/entity/Q5>	"ヒト"@ja	<http://www.wikidata.org/entity/P19>	"出生地"@ja	<https://ja.wikipedia.org/wiki/%E3%82%B8%E3%83%A3%E3%83%B3%E3%83%9C%E7%A7%80%E5%85%8B>
<http://www.wikidata.org/entity/Q11403069>	"北海道豊浦高等学校"@ja	<http://www.wikidata.org/entity/Q56351315>	"日本の高等学校"@ja	<http://www.wikidata.org/entity/P131>	"位置する行政区画"@ja	<https://ja.wikipedia.org/wiki/%E5%8C%97%E6%B5%B7%E9%81%93%E8%B1%8A%E6%B5%A6%E9%AB%98%E7%AD%89%E5%AD%A6%E6%A0%A1>
<http://www.wikidata.org/entity/Q11403284>	"北海道道32号"@ja	<http://www.wikidata.org/entity/Q34442>	"道路"@ja	<http://www.wikidata.org/entity/P609>	"起終点"@ja	<https://ja.wikipedia.org/wiki/%E5%8C%97%E6%B5%B7%E9%81%93%E9%81%9332%E5%8F%B7%E8%B1%8A%E6%B5%A6%E3%83%8B%E3%82%BB%E3%82%B3%E7%B7%9A>
<http://www.wikidata.org/entity/Q11403294>	"北海道道344号"@ja	<http://www.wikidata.org/entity/Q34442>	"道路"@ja	<http://www.wikidata.org/entity/P609>	"起終点"@ja	<https://ja.wikipedia.org/wiki/%E5%8C%97%E6%B5%B7%E9%81%93%E9%81%93344%E5%8F%B7%E7%99%BD%E4%BA%95%E5%B7%9D%E8%B1%8A%E6%B5%A6%E7%B7%9A>
<http://www.wikidata.org/entity/Q11403294>	"北海道道344号"@ja	<http://www.wikidata.org/entity/Q34442>	"道路"@ja	<http://www.wikidata.org/entity/P131>	"位置する行政区画"@ja	<https://ja.wikipedia.org/wiki/%E5%8C%97%E6%B5%B7%E9%81%93%E9%81%93344%E5%8F%B7%E7%99%BD%E4%BA%95%E5%B7%9D%E8%B1%8A%E6%B5%A6%E7%B7%9A>
<http://www.wikidata.org/entity/Q11403464>	"北海道道608号"@ja	<http://www.wikidata.org/entity/Q34442>	"道路"@ja	<http://www.wikidata.org/entity/P609>	"起終点"@ja	<https://ja.wikipedia.org/wiki/%E5%8C%97%E6%B5%B7%E9%81%93%E9%81%93608%E5%8F%B7%E5%A4%A7%E5%B2%B8%E7%A4%BC%E6%96%87%E5%81%9C%E8%BB%8A%E5%A0%B4%E7%B7%9A>
<http://www.wikidata.org/entity/Q56436109>	"豊浦町長"@ja	<http://www.wikidata.org/entity/Q4164871>	"職位"@ja	<http://www.wikidata.org/entity/P1001>	"管轄・適用区域"@ja	
<http://www.wikidata.org/entity/Q115008758>	"いずみの学校初等部"@ja	<http://www.wikidata.org/entity/Q5358913>	"日本の小学校"@ja	<http://www.wikidata.org/entity/P131>	"位置する行政区画"@ja	
<http://www.wikidata.org/entity/Q115008756>	"いずみの学校中等部"@ja	<http://www.wikidata.org/entity/Q55521176>	"日本の中学校"@ja	<http://www.wikidata.org/entity/P131>	"位置する行政区画"@ja	
<http://www.wikidata.org/entity/Q115151094>	"豊浦町立豊浦中学校"@ja	<http://www.wikidata.org/entity/Q55521176>	"日本の中学校"@ja	<http://www.wikidata.org/entity/P131>	"位置する行政区画"@ja	
<http://www.wikidata.org/entity/Q115151094>	"豊浦町立豊浦中学校"@ja	<http://www.wikidata.org/entity/Q55521176>	"日本の中学校"@ja	<http://www.wikidata.org/entity/P126>	"管理者"@ja	
<http://www.wikidata.org/entity/Q115156763>	"豊浦町立豊浦小学校"@ja	<http://www.wikidata.org/entity/Q5358913>	"日本の小学校"@ja	<http://www.wikidata.org/entity/P131>	"位置する行政区画"@ja	
