?s	?sLabel	?type	?typeLabel	?prop	?propLabel	?jwiki
<http://www.wikidata.org/entity/Q390413>	"苫小牧市"@ja	<http://www.wikidata.org/entity/Q1549591>	"10万都市"@ja	<http://www.wikidata.org/entity/P47>	"隣の国又は行政区画"@ja	<https://ja.wikipedia.org/wiki/%E8%8B%AB%E5%B0%8F%E7%89%A7%E5%B8%82>
<http://www.wikidata.org/entity/Q390413>	"苫小牧市"@ja	<http://www.wikidata.org/entity/Q494721>	"日本の市"@ja	<http://www.wikidata.org/entity/P47>	"隣の国又は行政区画"@ja	<https://ja.wikipedia.org/wiki/%E8%8B%AB%E5%B0%8F%E7%89%A7%E5%B8%82>
<http://www.wikidata.org/entity/Q693237>	"千歳市"@ja	<http://www.wikidata.org/entity/Q494721>	"日本の市"@ja	<http://www.wikidata.org/entity/P47>	"隣の国又は行政区画"@ja	<https://ja.wikipedia.org/wiki/%E5%8D%83%E6%AD%B3%E5%B8%82>
<http://www.wikidata.org/entity/Q774645>	"追分町"@ja	<http://www.wikidata.org/entity/Q18663566>	"日本の廃止市区町村"@ja	<http://www.wikidata.org/entity/P3842>	"位置する現在の行政区画"@ja	<https://ja.wikipedia.org/wiki/%E8%BF%BD%E5%88%86%E7%94%BA>
<http://www.wikidata.org/entity/Q774645>	"追分町"@ja	<http://www.wikidata.org/entity/Q18663566>	"日本の廃止市区町村"@ja	<http://www.wikidata.org/entity/P1366>	"後継"@ja	<https://ja.wikipedia.org/wiki/%E8%BF%BD%E5%88%86%E7%94%BA>
<http://www.wikidata.org/entity/Q114923143>	"ラヴェル"@ja	<http://www.wikidata.org/entity/Q726>	"ウマ"@ja	<http://www.wikidata.org/entity/P19>	"出生地"@ja	<https://ja.wikipedia.org/wiki/%E3%83%A9%E3%83%B4%E3%82%A7%E3%83%AB_(%E7%AB%B6%E8%B5%B0%E9%A6%AC)>
<http://www.wikidata.org/entity/Q115265305>	"ブライトエンブレム"@ja	<http://www.wikidata.org/entity/Q726>	"ウマ"@ja	<http://www.wikidata.org/entity/P19>	"出生地"@ja	<https://ja.wikipedia.org/wiki/%E3%83%96%E3%83%A9%E3%82%A4%E3%83%88%E3%82%A8%E3%83%B3%E3%83%96%E3%83%AC%E3%83%A0>
<http://www.wikidata.org/entity/Q782607>	"早来町"@ja	<http://www.wikidata.org/entity/Q18663566>	"日本の廃止市区町村"@ja	<http://www.wikidata.org/entity/P3842>	"位置する現在の行政区画"@ja	<https://ja.wikipedia.org/wiki/%E6%97%A9%E6%9D%A5%E7%94%BA>
<http://www.wikidata.org/entity/Q782607>	"早来町"@ja	<http://www.wikidata.org/entity/Q18663566>	"日本の廃止市区町村"@ja	<http://www.wikidata.org/entity/P1366>	"後継"@ja	<https://ja.wikipedia.org/wiki/%E6%97%A9%E6%9D%A5%E7%94%BA>
<http://www.wikidata.org/entity/Q867944>	"道東自動車道"@ja	<http://www.wikidata.org/entity/Q46622>	"高速道路"@ja	<http://www.wikidata.org/entity/P131>	"位置する行政区画"@ja	<https://ja.wikipedia.org/wiki/%E9%81%93%E6%9D%B1%E8%87%AA%E5%8B%95%E8%BB%8A%E9%81%93>
<http://www.wikidata.org/entity/Q1141552>	"胆振総合振興局"@ja	<http://www.wikidata.org/entity/Q850450>	"支庁"@ja	<http://www.wikidata.org/entity/P150>	"直下の行政区画"@ja	<https://ja.wikipedia.org/wiki/%E8%83%86%E6%8C%AF%E7%B7%8F%E5%90%88%E6%8C%AF%E8%88%88%E5%B1%80>
<http://www.wikidata.org/entity/Q1185954>	"勇払郡"@ja	<http://www.wikidata.org/entity/Q1122846>	"郡"@ja	<http://www.wikidata.org/entity/P150>	"直下の行政区画"@ja	<https://ja.wikipedia.org/wiki/%E5%8B%87%E6%89%95%E9%83%A1>
<http://www.wikidata.org/entity/Q1354230>	"厚真町"@ja	<http://www.wikidata.org/entity/Q1059478>	"日本の町"@ja	<http://www.wikidata.org/entity/P47>	"隣の国又は行政区画"@ja	<https://ja.wikipedia.org/wiki/%E5%8E%9A%E7%9C%9F%E7%94%BA>
<http://www.wikidata.org/entity/Q1355570>	"由仁町"@ja	<http://www.wikidata.org/entity/Q1059478>	"日本の町"@ja	<http://www.wikidata.org/entity/P47>	"隣の国又は行政区画"@ja	<https://ja.wikipedia.org/wiki/%E7%94%B1%E4%BB%81%E7%94%BA>
<http://www.wikidata.org/entity/Q4667910>	"安平駅"@ja	<http://www.wikidata.org/entity/Q55488>	"鉄道駅"@ja	<http://www.wikidata.org/entity/P131>	"位置する行政区画"@ja	<https://ja.wikipedia.org/wiki/%E5%AE%89%E5%B9%B3%E9%A7%85>
<http://www.wikidata.org/entity/Q5685978>	"早来駅"@ja	<http://www.wikidata.org/entity/Q55488>	"鉄道駅"@ja	<http://www.wikidata.org/entity/P131>	"位置する行政区画"@ja	<https://ja.wikipedia.org/wiki/%E6%97%A9%E6%9D%A5%E9%A7%85>
<http://www.wikidata.org/entity/Q56436116>	"安平町長"@ja	<http://www.wikidata.org/entity/Q4164871>	"職位"@ja	<http://www.wikidata.org/entity/P1001>	"管轄・適用区域"@ja	
<http://www.wikidata.org/entity/Q62566998>	"Q62566998"	<http://www.wikidata.org/entity/Q5>	"ヒト"@ja	<http://www.wikidata.org/entity/P19>	"出生地"@ja	
<http://www.wikidata.org/entity/Q5753803>	"東追分信号場"@ja	<http://www.wikidata.org/entity/Q831844>	"信号場"@ja	<http://www.wikidata.org/entity/P131>	"位置する行政区画"@ja	<https://ja.wikipedia.org/wiki/%E6%9D%B1%E8%BF%BD%E5%88%86%E4%BF%A1%E5%8F%B7%E5%A0%B4>
<http://www.wikidata.org/entity/Q5753803>	"東追分信号場"@ja	<http://www.wikidata.org/entity/Q55488>	"鉄道駅"@ja	<http://www.wikidata.org/entity/P131>	"位置する行政区画"@ja	<https://ja.wikipedia.org/wiki/%E6%9D%B1%E8%BF%BD%E5%88%86%E4%BF%A1%E5%8F%B7%E5%A0%B4>
<http://www.wikidata.org/entity/Q7081573>	"追分駅"@ja	<http://www.wikidata.org/entity/Q55488>	"鉄道駅"@ja	<http://www.wikidata.org/entity/P131>	"位置する行政区画"@ja	<https://ja.wikipedia.org/wiki/%E8%BF%BD%E5%88%86%E9%A7%85_(%E5%8C%97%E6%B5%B7%E9%81%93)>
<http://www.wikidata.org/entity/Q7460230>	"社台スタリオンステーション"@ja	<http://www.wikidata.org/entity/Q18663765>	"Q18663765"	<http://www.wikidata.org/entity/P276>	"場所"@ja	<https://ja.wikipedia.org/wiki/%E7%A4%BE%E5%8F%B0%E3%82%B9%E3%82%BF%E3%83%AA%E3%82%AA%E3%83%B3%E3%82%B9%E3%83%86%E3%83%BC%E3%82%B7%E3%83%A7%E3%83%B3>
<http://www.wikidata.org/entity/Q7460230>	"社台スタリオンステーション"@ja	<http://www.wikidata.org/entity/Q108696>	"Q108696"	<http://www.wikidata.org/entity/P276>	"場所"@ja	<https://ja.wikipedia.org/wiki/%E7%A4%BE%E5%8F%B0%E3%82%B9%E3%82%BF%E3%83%AA%E3%82%AA%E3%83%B3%E3%82%B9%E3%83%86%E3%83%BC%E3%82%B7%E3%83%A7%E3%83%B3>
<http://www.wikidata.org/entity/Q7811407>	"遠浅駅"@ja	<http://www.wikidata.org/entity/Q55488>	"鉄道駅"@ja	<http://www.wikidata.org/entity/P131>	"位置する行政区画"@ja	<https://ja.wikipedia.org/wiki/%E9%81%A0%E6%B5%85%E9%A7%85>
<http://www.wikidata.org/entity/Q9623167>	"Category:安平町"@ja	<http://www.wikidata.org/entity/Q4167836>	"ウィキメディアのカテゴリ"@ja	<http://www.wikidata.org/entity/P301>	"カテゴリの中心主題"@ja	<https://ja.wikipedia.org/wiki/Category:%E5%AE%89%E5%B9%B3%E7%94%BA>
<http://www.wikidata.org/entity/Q10903420>	"北海道道290号"@ja	<http://www.wikidata.org/entity/Q34442>	"道路"@ja	<http://www.wikidata.org/entity/P609>	"起終点"@ja	<https://ja.wikipedia.org/wiki/%E5%8C%97%E6%B5%B7%E9%81%93%E9%81%93290%E5%8F%B7%E8%BF%BD%E5%88%86%E5%81%9C%E8%BB%8A%E5%A0%B4%E7%B7%9A>
<http://www.wikidata.org/entity/Q11363930>	"中尾則幸"@ja	<http://www.wikidata.org/entity/Q5>	"ヒト"@ja	<http://www.wikidata.org/entity/P19>	"出生地"@ja	<https://ja.wikipedia.org/wiki/%E4%B8%AD%E5%B0%BE%E5%89%87%E5%B9%B8>
<http://www.wikidata.org/entity/Q11403077>	"北海道追分高等学校"@ja	<http://www.wikidata.org/entity/Q56351315>	"日本の高等学校"@ja	<http://www.wikidata.org/entity/P131>	"位置する行政区画"@ja	<https://ja.wikipedia.org/wiki/%E5%8C%97%E6%B5%B7%E9%81%93%E8%BF%BD%E5%88%86%E9%AB%98%E7%AD%89%E5%AD%A6%E6%A0%A1>
<http://www.wikidata.org/entity/Q11403234>	"北海道道226号"@ja	<http://www.wikidata.org/entity/Q34442>	"道路"@ja	<http://www.wikidata.org/entity/P609>	"起終点"@ja	<https://ja.wikipedia.org/wiki/%E5%8C%97%E6%B5%B7%E9%81%93%E9%81%93226%E5%8F%B7%E8%88%9E%E9%B6%B4%E8%BF%BD%E5%88%86%E7%B7%9A>
<http://www.wikidata.org/entity/Q11403234>	"北海道道226号"@ja	<http://www.wikidata.org/entity/Q34442>	"道路"@ja	<http://www.wikidata.org/entity/P131>	"位置する行政区画"@ja	<https://ja.wikipedia.org/wiki/%E5%8C%97%E6%B5%B7%E9%81%93%E9%81%93226%E5%8F%B7%E8%88%9E%E9%B6%B4%E8%BF%BD%E5%88%86%E7%B7%9A>
<http://www.wikidata.org/entity/Q11403244>	"北海道道235号"@ja	<http://www.wikidata.org/entity/Q34442>	"道路"@ja	<http://www.wikidata.org/entity/P609>	"起終点"@ja	<https://ja.wikipedia.org/wiki/%E5%8C%97%E6%B5%B7%E9%81%93%E9%81%93235%E5%8F%B7%E4%B8%8A%E5%B9%8C%E5%86%85%E6%97%A9%E6%9D%A5%E5%81%9C%E8%BB%8A%E5%A0%B4%E7%B7%9A>
<http://www.wikidata.org/entity/Q11403255>	"北海道道258号"@ja	<http://www.wikidata.org/entity/Q34442>	"道路"@ja	<http://www.wikidata.org/entity/P609>	"起終点"@ja	<https://ja.wikipedia.org/wiki/%E5%8C%97%E6%B5%B7%E9%81%93%E9%81%93258%E5%8F%B7%E6%97%A9%E6%9D%A5%E5%8D%83%E6%AD%B3%E7%B7%9A>
<http://www.wikidata.org/entity/Q11403355>	"北海道道462号"@ja	<http://www.wikidata.org/entity/Q34442>	"道路"@ja	<http://www.wikidata.org/entity/P609>	"起終点"@ja	<https://ja.wikipedia.org/wiki/%E5%8C%97%E6%B5%B7%E9%81%93%E9%81%93462%E5%8F%B7%E5%B7%9D%E7%AB%AF%E8%BF%BD%E5%88%86%E7%B7%9A>
<http://www.wikidata.org/entity/Q11403355>	"北海道道462号"@ja	<http://www.wikidata.org/entity/Q34442>	"道路"@ja	<http://www.wikidata.org/entity/P131>	"位置する行政区画"@ja	<https://ja.wikipedia.org/wiki/%E5%8C%97%E6%B5%B7%E9%81%93%E9%81%93462%E5%8F%B7%E5%B7%9D%E7%AB%AF%E8%BF%BD%E5%88%86%E7%B7%9A>
<http://www.wikidata.org/entity/Q11403362>	"北海道道482号"@ja	<http://www.wikidata.org/entity/Q34442>	"道路"@ja	<http://www.wikidata.org/entity/P609>	"起終点"@ja	<https://ja.wikipedia.org/wiki/%E5%8C%97%E6%B5%B7%E9%81%93%E9%81%93482%E5%8F%B7%E8%B1%8A%E5%B7%9D%E9%81%A0%E6%B5%85%E5%81%9C%E8%BB%8A%E5%A0%B4%E7%B7%9A>
<http://www.wikidata.org/entity/Q11403432>	"北海道道576号"@ja	<http://www.wikidata.org/entity/Q34442>	"道路"@ja	<http://www.wikidata.org/entity/P609>	"起終点"@ja	<https://ja.wikipedia.org/wiki/%E5%8C%97%E6%B5%B7%E9%81%93%E9%81%93576%E5%8F%B7%E7%91%9E%E7%A9%82%E5%AE%89%E5%B9%B3%E5%81%9C%E8%BB%8A%E5%A0%B4%E7%B7%9A>
<http://www.wikidata.org/entity/Q11403636>	"北海道道933号"@ja	<http://www.wikidata.org/entity/Q34442>	"道路"@ja	<http://www.wikidata.org/entity/P609>	"起終点"@ja	<https://ja.wikipedia.org/wiki/%E5%8C%97%E6%B5%B7%E9%81%93%E9%81%93933%E5%8F%B7%E5%8C%97%E9%80%B2%E5%B9%B3%E5%8F%96%E7%B7%9A>
<http://www.wikidata.org/entity/Q11450665>	"安平町鹿公園"@ja	<http://www.wikidata.org/entity/Q22698>	"公園"@ja	<http://www.wikidata.org/entity/P131>	"位置する行政区画"@ja	<https://ja.wikipedia.org/wiki/%E5%AE%89%E5%B9%B3%E7%94%BA%E9%B9%BF%E5%85%AC%E5%9C%92>
<http://www.wikidata.org/entity/Q11639235>	"追分町インターチェンジ"@ja	<http://www.wikidata.org/entity/Q2376564>	"インターチェンジ"@ja	<http://www.wikidata.org/entity/P131>	"位置する行政区画"@ja	<https://ja.wikipedia.org/wiki/%E8%BF%BD%E5%88%86%E7%94%BA%E3%82%A4%E3%83%B3%E3%82%BF%E3%83%BC%E3%83%81%E3%82%A7%E3%83%B3%E3%82%B8>
<http://www.wikidata.org/entity/Q11639232>	"追分ファーム"@ja	<http://www.wikidata.org/entity/Q108696>	"Q108696"	<http://www.wikidata.org/entity/P276>	"場所"@ja	<https://ja.wikipedia.org/wiki/%E8%BF%BD%E5%88%86%E3%83%95%E3%82%A1%E3%83%BC%E3%83%A0>
<http://www.wikidata.org/entity/Q11675862>	"鶴の湯温泉 (北海道)"@ja	<http://www.wikidata.org/entity/Q11567142>	"炭酸水素塩泉"@ja	<http://www.wikidata.org/entity/P131>	"位置する行政区画"@ja	<https://ja.wikipedia.org/wiki/%E9%B6%B4%E3%81%AE%E6%B9%AF%E6%B8%A9%E6%B3%89_(%E5%8C%97%E6%B5%B7%E9%81%93)>
<http://www.wikidata.org/entity/Q11675862>	"鶴の湯温泉 (北海道)"@ja	<http://www.wikidata.org/entity/Q655311>	"温泉"@ja	<http://www.wikidata.org/entity/P131>	"位置する行政区画"@ja	<https://ja.wikipedia.org/wiki/%E9%B6%B4%E3%81%AE%E6%B9%AF%E6%B8%A9%E6%B3%89_(%E5%8C%97%E6%B5%B7%E9%81%93)>
<http://www.wikidata.org/entity/Q17215039>	"ノーザンファーム"@ja	<http://www.wikidata.org/entity/Q4830453>	"企業"@ja	<http://www.wikidata.org/entity/P276>	"場所"@ja	<https://ja.wikipedia.org/wiki/%E3%83%8E%E3%83%BC%E3%82%B6%E3%83%B3%E3%83%95%E3%82%A1%E3%83%BC%E3%83%A0>
<http://www.wikidata.org/entity/Q17215039>	"ノーザンファーム"@ja	<http://www.wikidata.org/entity/Q108696>	"Q108696"	<http://www.wikidata.org/entity/P276>	"場所"@ja	<https://ja.wikipedia.org/wiki/%E3%83%8E%E3%83%BC%E3%82%B6%E3%83%B3%E3%83%95%E3%82%A1%E3%83%BC%E3%83%A0>
<http://www.wikidata.org/entity/Q18236632>	"ディアデラマドレ"@ja	<http://www.wikidata.org/entity/Q726>	"ウマ"@ja	<http://www.wikidata.org/entity/P19>	"出生地"@ja	<https://ja.wikipedia.org/wiki/%E3%83%87%E3%82%A3%E3%82%A2%E3%83%87%E3%83%A9%E3%83%9E%E3%83%89%E3%83%AC>
<http://www.wikidata.org/entity/Q18336576>	"アドマイヤラクティ"@ja	<http://www.wikidata.org/entity/Q726>	"ウマ"@ja	<http://www.wikidata.org/entity/P19>	"出生地"@ja	<https://ja.wikipedia.org/wiki/%E3%82%A2%E3%83%89%E3%83%9E%E3%82%A4%E3%83%A4%E3%83%A9%E3%82%AF%E3%83%86%E3%82%A3>
<http://www.wikidata.org/entity/Q52716699>	"ステルヴィオ"@ja	<http://www.wikidata.org/entity/Q726>	"ウマ"@ja	<http://www.wikidata.org/entity/P19>	"出生地"@ja	<https://ja.wikipedia.org/wiki/%E3%82%B9%E3%83%86%E3%83%AB%E3%83%B4%E3%82%A3%E3%82%AA_(%E7%AB%B6%E8%B5%B0%E9%A6%AC)>
<http://www.wikidata.org/entity/Q63224861>	"道の駅あびら D51ステーション"@ja	<http://www.wikidata.org/entity/Q1187691>	"道の駅"@ja	<http://www.wikidata.org/entity/P131>	"位置する行政区画"@ja	<https://ja.wikipedia.org/wiki/%E9%81%93%E3%81%AE%E9%A7%85%E3%81%82%E3%81%B3%E3%82%89_D51%E3%82%B9%E3%83%86%E3%83%BC%E3%82%B7%E3%83%A7%E3%83%B3>
<http://www.wikidata.org/entity/Q64780110>	"ヴェロックス"@ja	<http://www.wikidata.org/entity/Q726>	"ウマ"@ja	<http://www.wikidata.org/entity/P19>	"出生地"@ja	<https://ja.wikipedia.org/wiki/%E3%83%B4%E3%82%A7%E3%83%AD%E3%83%83%E3%82%AF%E3%82%B9>
<http://www.wikidata.org/entity/Q76958806>	"サトノティターン"@ja	<http://www.wikidata.org/entity/Q726>	"ウマ"@ja	<http://www.wikidata.org/entity/P19>	"出生地"@ja	<https://ja.wikipedia.org/wiki/%E3%82%B5%E3%83%88%E3%83%8E%E3%83%86%E3%82%A3%E3%82%BF%E3%83%BC%E3%83%B3>
<http://www.wikidata.org/entity/Q92866996>	"クリプトグラム"@ja	<http://www.wikidata.org/entity/Q726>	"ウマ"@ja	<http://www.wikidata.org/entity/P19>	"出生地"@ja	<https://ja.wikipedia.org/wiki/%E3%82%AF%E3%83%AA%E3%83%97%E3%83%88%E3%82%B0%E3%83%A9%E3%83%A0>
<http://www.wikidata.org/entity/Q95158847>	"オーソリティ"@ja	<http://www.wikidata.org/entity/Q726>	"ウマ"@ja	<http://www.wikidata.org/entity/P19>	"出生地"@ja	<https://ja.wikipedia.org/wiki/%E3%82%AA%E3%83%BC%E3%82%BD%E3%83%AA%E3%83%86%E3%82%A3>
<http://www.wikidata.org/entity/Q101192578>	"アリストテレス"@ja	<http://www.wikidata.org/entity/Q726>	"ウマ"@ja	<http://www.wikidata.org/entity/P19>	"出生地"@ja	<https://ja.wikipedia.org/wiki/%E3%82%A2%E3%83%AA%E3%82%B9%E3%83%88%E3%83%86%E3%83%AC%E3%82%B9_(%E7%AB%B6%E8%B5%B0%E9%A6%AC)>
<http://www.wikidata.org/entity/Q102243151>	"ダノンザキッド"@ja	<http://www.wikidata.org/entity/Q726>	"ウマ"@ja	<http://www.wikidata.org/entity/P19>	"出生地"@ja	<https://ja.wikipedia.org/wiki/%E3%83%80%E3%83%8E%E3%83%B3%E3%82%B6%E3%82%AD%E3%83%83%E3%83%89>
<http://www.wikidata.org/entity/Q105669681>	"アカイトリノムスメ"@ja	<http://www.wikidata.org/entity/Q726>	"ウマ"@ja	<http://www.wikidata.org/entity/P19>	"出生地"@ja	<https://ja.wikipedia.org/wiki/%E3%82%A2%E3%82%AB%E3%82%A4%E3%83%88%E3%83%AA%E3%83%8E%E3%83%A0%E3%82%B9%E3%83%A1>
<http://www.wikidata.org/entity/Q105817223>	"マルシュロレーヌ"@ja	<http://www.wikidata.org/entity/Q726>	"ウマ"@ja	<http://www.wikidata.org/entity/P19>	"出生地"@ja	<https://ja.wikipedia.org/wiki/%E3%83%9E%E3%83%AB%E3%82%B7%E3%83%A5%E3%83%AD%E3%83%AC%E3%83%BC%E3%83%8C>
<http://www.wikidata.org/entity/Q108603890>	"アンドヴァラナウト"@ja	<http://www.wikidata.org/entity/Q726>	"ウマ"@ja	<http://www.wikidata.org/entity/P19>	"出生地"@ja	<https://ja.wikipedia.org/wiki/%E3%82%A2%E3%83%B3%E3%83%89%E3%83%B4%E3%82%A1%E3%83%A9%E3%83%8A%E3%82%A6%E3%83%88>
<http://www.wikidata.org/entity/Q109260505>	"ルークズネスト"@ja	<http://www.wikidata.org/entity/Q726>	"ウマ"@ja	<http://www.wikidata.org/entity/P19>	"出生地"@ja	<https://ja.wikipedia.org/wiki/%E3%83%AB%E3%83%BC%E3%82%AF%E3%82%BA%E3%83%8D%E3%82%B9%E3%83%88>
<http://www.wikidata.org/entity/Q109260575>	"ブチコ"@ja	<http://www.wikidata.org/entity/Q726>	"ウマ"@ja	<http://www.wikidata.org/entity/P19>	"出生地"@ja	<https://ja.wikipedia.org/wiki/%E3%83%96%E3%83%81%E3%82%B3>
<http://www.wikidata.org/entity/Q109260612>	"ヒシイグアス"@ja	<http://www.wikidata.org/entity/Q726>	"ウマ"@ja	<http://www.wikidata.org/entity/P19>	"出生地"@ja	<https://ja.wikipedia.org/wiki/%E3%83%92%E3%82%B7%E3%82%A4%E3%82%B0%E3%82%A2%E3%82%B9>
<http://www.wikidata.org/entity/Q109260792>	"ソングライン"@ja	<http://www.wikidata.org/entity/Q726>	"ウマ"@ja	<http://www.wikidata.org/entity/P19>	"出生地"@ja	<https://ja.wikipedia.org/wiki/%E3%82%BD%E3%83%B3%E3%82%B0%E3%83%A9%E3%82%A4%E3%83%B3>
<http://www.wikidata.org/entity/Q111099312>	"キラーアビリティ"@ja	<http://www.wikidata.org/entity/Q726>	"ウマ"@ja	<http://www.wikidata.org/entity/P19>	"出生地"@ja	<https://ja.wikipedia.org/wiki/%E3%82%AD%E3%83%A9%E3%83%BC%E3%82%A2%E3%83%93%E3%83%AA%E3%83%86%E3%82%A3>
<http://www.wikidata.org/entity/Q111472815>	"ポタジェ"@ja	<http://www.wikidata.org/entity/Q726>	"ウマ"@ja	<http://www.wikidata.org/entity/P19>	"出生地"@ja	<https://ja.wikipedia.org/wiki/%E3%83%9D%E3%82%BF%E3%82%B8%E3%82%A7_(%E7%AB%B6%E8%B5%B0%E9%A6%AC)>
<http://www.wikidata.org/entity/Q111796638>	"ドウデュース"@ja	<http://www.wikidata.org/entity/Q726>	"ウマ"@ja	<http://www.wikidata.org/entity/P19>	"出生地"@ja	<https://ja.wikipedia.org/wiki/%E3%83%89%E3%82%A6%E3%83%87%E3%83%A5%E3%83%BC%E3%82%B9>
<http://www.wikidata.org/entity/Q111931932>	"スタニングローズ"@ja	<http://www.wikidata.org/entity/Q726>	"ウマ"@ja	<http://www.wikidata.org/entity/P19>	"出生地"@ja	<https://ja.wikipedia.org/wiki/%E3%82%B9%E3%82%BF%E3%83%8B%E3%83%B3%E3%82%B0%E3%83%AD%E3%83%BC%E3%82%BA>
<http://www.wikidata.org/entity/Q111976844>	"ヨーホーレイク"@ja	<http://www.wikidata.org/entity/Q726>	"ウマ"@ja	<http://www.wikidata.org/entity/P19>	"出生地"@ja	<https://ja.wikipedia.org/wiki/%E3%83%A8%E3%83%BC%E3%83%9B%E3%83%BC%E3%83%AC%E3%82%A4%E3%82%AF>
<http://www.wikidata.org/entity/Q112175054>	"ダノンベルーガ"@ja	<http://www.wikidata.org/entity/Q726>	"ウマ"@ja	<http://www.wikidata.org/entity/P19>	"出生地"@ja	<https://ja.wikipedia.org/wiki/%E3%83%80%E3%83%8E%E3%83%B3%E3%83%99%E3%83%AB%E3%83%BC%E3%82%AC>
<http://www.wikidata.org/entity/Q112727108>	"アリーヴォ"@ja	<http://www.wikidata.org/entity/Q726>	"ウマ"@ja	<http://www.wikidata.org/entity/P19>	"出生地"@ja	<https://ja.wikipedia.org/wiki/%E3%82%A2%E3%83%AA%E3%83%BC%E3%83%B4%E3%82%A9>
<http://www.wikidata.org/entity/Q113128831>	"フェーングロッテン"@ja	<http://www.wikidata.org/entity/Q726>	"ウマ"@ja	<http://www.wikidata.org/entity/P19>	"出生地"@ja	<https://ja.wikipedia.org/wiki/%E3%83%95%E3%82%A7%E3%83%BC%E3%83%B3%E3%82%B0%E3%83%AD%E3%83%83%E3%83%86%E3%83%B3>
<http://www.wikidata.org/entity/Q113128847>	"ブトンドール"@ja	<http://www.wikidata.org/entity/Q726>	"ウマ"@ja	<http://www.wikidata.org/entity/P19>	"出生地"@ja	<https://ja.wikipedia.org/wiki/%E3%83%96%E3%83%88%E3%83%B3%E3%83%89%E3%83%BC%E3%83%AB>
<http://www.wikidata.org/entity/Q113166859>	"バーデンヴァイラー"@ja	<http://www.wikidata.org/entity/Q726>	"ウマ"@ja	<http://www.wikidata.org/entity/P19>	"出生地"@ja	<https://ja.wikipedia.org/wiki/%E3%83%90%E3%83%BC%E3%83%87%E3%83%B3%E3%83%B4%E3%82%A1%E3%82%A4%E3%83%A9%E3%83%BC_(%E7%AB%B6%E8%B5%B0%E9%A6%AC)>
<http://www.wikidata.org/entity/Q113279217>	"レピアーウィット"@ja	<http://www.wikidata.org/entity/Q726>	"ウマ"@ja	<http://www.wikidata.org/entity/P19>	"出生地"@ja	<https://ja.wikipedia.org/wiki/%E3%83%AC%E3%83%94%E3%82%A2%E3%83%BC%E3%82%A6%E3%82%A3%E3%83%83%E3%83%88>
<http://www.wikidata.org/entity/Q113279236>	"ベレヌス"@ja	<http://www.wikidata.org/entity/Q726>	"ウマ"@ja	<http://www.wikidata.org/entity/P19>	"出生地"@ja	<https://ja.wikipedia.org/wiki/%E3%83%99%E3%83%AC%E3%83%8C%E3%82%B9_(%E7%AB%B6%E8%B5%B0%E9%A6%AC)>
<http://www.wikidata.org/entity/Q113568281>	"グレートマジシャン"@ja	<http://www.wikidata.org/entity/Q726>	"ウマ"@ja	<http://www.wikidata.org/entity/P19>	"出生地"@ja	<https://ja.wikipedia.org/wiki/%E3%82%B0%E3%83%AC%E3%83%BC%E3%83%88%E3%83%9E%E3%82%B8%E3%82%B7%E3%83%A3%E3%83%B3>
<http://www.wikidata.org/entity/Q113945914>	"フェアリーポルカ"@ja	<http://www.wikidata.org/entity/Q726>	"ウマ"@ja	<http://www.wikidata.org/entity/P19>	"出生地"@ja	<https://ja.wikipedia.org/wiki/%E3%83%95%E3%82%A7%E3%82%A2%E3%83%AA%E3%83%BC%E3%83%9D%E3%83%AB%E3%82%AB>
<http://www.wikidata.org/entity/Q114061708>	"ガイアフォース"@ja	<http://www.wikidata.org/entity/Q726>	"ウマ"@ja	<http://www.wikidata.org/entity/P19>	"出生地"@ja	<https://ja.wikipedia.org/wiki/%E3%82%AC%E3%82%A4%E3%82%A2%E3%83%95%E3%82%A9%E3%83%BC%E3%82%B9>
<http://www.wikidata.org/entity/Q114062198>	"リラヴァティ"@ja	<http://www.wikidata.org/entity/Q726>	"ウマ"@ja	<http://www.wikidata.org/entity/P19>	"出生地"@ja	<https://ja.wikipedia.org/wiki/%E3%83%AA%E3%83%A9%E3%83%B4%E3%82%A1%E3%83%86%E3%82%A3_(%E7%AB%B6%E8%B5%B0%E9%A6%AC)>
<http://www.wikidata.org/entity/Q114269769>	"ジャスティンパレス"@ja	<http://www.wikidata.org/entity/Q726>	"ウマ"@ja	<http://www.wikidata.org/entity/P19>	"出生地"@ja	<https://ja.wikipedia.org/wiki/%E3%82%B8%E3%83%A3%E3%82%B9%E3%83%86%E3%82%A3%E3%83%B3%E3%83%91%E3%83%AC%E3%82%B9>
<http://www.wikidata.org/entity/Q114269797>	"ジェラルディーナ"@ja	<http://www.wikidata.org/entity/Q726>	"ウマ"@ja	<http://www.wikidata.org/entity/P19>	"出生地"@ja	<https://ja.wikipedia.org/wiki/%E3%82%B8%E3%82%A7%E3%83%A9%E3%83%AB%E3%83%87%E3%82%A3%E3%83%BC%E3%83%8A_(%E7%AB%B6%E8%B5%B0%E9%A6%AC)>
<http://www.wikidata.org/entity/Q114345940>	"ジュンライトボルト"@ja	<http://www.wikidata.org/entity/Q726>	"ウマ"@ja	<http://www.wikidata.org/entity/P19>	"出生地"@ja	<https://ja.wikipedia.org/wiki/%E3%82%B8%E3%83%A5%E3%83%B3%E3%83%A9%E3%82%A4%E3%83%88%E3%83%9C%E3%83%AB%E3%83%88>
<http://www.wikidata.org/entity/Q114348081>	"サンブルエミューズ"@ja	<http://www.wikidata.org/entity/Q726>	"ウマ"@ja	<http://www.wikidata.org/entity/P19>	"出生地"@ja	<https://ja.wikipedia.org/wiki/%E3%82%B5%E3%83%B3%E3%83%96%E3%83%AB%E3%82%A8%E3%83%9F%E3%83%A5%E3%83%BC%E3%82%BA>
<http://www.wikidata.org/entity/Q114584876>	"ゴースト"@ja	<http://www.wikidata.org/entity/Q726>	"ウマ"@ja	<http://www.wikidata.org/entity/P19>	"出生地"@ja	<https://ja.wikipedia.org/wiki/%E3%82%B4%E3%83%BC%E3%82%B9%E3%83%88_(%E7%AB%B6%E8%B5%B0%E9%A6%AC)>
<http://www.wikidata.org/entity/Q114585680>	"ショウリュウイクゾ"@ja	<http://www.wikidata.org/entity/Q726>	"ウマ"@ja	<http://www.wikidata.org/entity/P19>	"出生地"@ja	<https://ja.wikipedia.org/wiki/%E3%82%B7%E3%83%A7%E3%82%A6%E3%83%AA%E3%83%A5%E3%82%A6%E3%82%A4%E3%82%AF%E3%82%BE>
<http://www.wikidata.org/entity/Q114757281>	"アドマイヤロイヤル"@ja	<http://www.wikidata.org/entity/Q726>	"ウマ"@ja	<http://www.wikidata.org/entity/P19>	"出生地"@ja	<https://ja.wikipedia.org/wiki/%E3%82%A2%E3%83%89%E3%83%9E%E3%82%A4%E3%83%A4%E3%83%AD%E3%82%A4%E3%83%A4%E3%83%AB>
<http://www.wikidata.org/entity/Q114836493>	"ヴェルテックス"@ja	<http://www.wikidata.org/entity/Q726>	"ウマ"@ja	<http://www.wikidata.org/entity/P19>	"出生地"@ja	<https://ja.wikipedia.org/wiki/%E3%83%B4%E3%82%A7%E3%83%AB%E3%83%86%E3%83%83%E3%82%AF%E3%82%B9>
