?s	?sLabel	?type	?typeLabel	?prop	?propLabel	?jwiki
<http://www.wikidata.org/entity/Q177149>	"帯広市"@ja	<http://www.wikidata.org/entity/Q1549591>	"10万都市"@ja	<http://www.wikidata.org/entity/P47>	"隣の国又は行政区画"@ja	<https://ja.wikipedia.org/wiki/%E5%B8%AF%E5%BA%83%E5%B8%82>
<http://www.wikidata.org/entity/Q177149>	"帯広市"@ja	<http://www.wikidata.org/entity/Q494721>	"日本の市"@ja	<http://www.wikidata.org/entity/P47>	"隣の国又は行政区画"@ja	<https://ja.wikipedia.org/wiki/%E5%B8%AF%E5%BA%83%E5%B8%82>
<http://www.wikidata.org/entity/Q1185982>	"沙流郡"@ja	<http://www.wikidata.org/entity/Q1122846>	"郡"@ja	<http://www.wikidata.org/entity/P150>	"直下の行政区画"@ja	<https://ja.wikipedia.org/wiki/%E6%B2%99%E6%B5%81%E9%83%A1>
<http://www.wikidata.org/entity/Q1187152>	"むかわ町"@ja	<http://www.wikidata.org/entity/Q1059478>	"日本の町"@ja	<http://www.wikidata.org/entity/P47>	"隣の国又は行政区画"@ja	<https://ja.wikipedia.org/wiki/%E3%82%80%E3%81%8B%E3%82%8F%E7%94%BA>
<http://www.wikidata.org/entity/Q1354380>	"日高町"@ja	<http://www.wikidata.org/entity/Q1059478>	"日本の町"@ja	<http://www.wikidata.org/entity/P47>	"隣の国又は行政区画"@ja	<https://ja.wikipedia.org/wiki/%E6%97%A5%E9%AB%98%E7%94%BA_(%E5%8C%97%E6%B5%B7%E9%81%93)>
<http://www.wikidata.org/entity/Q1355583>	"新冠町"@ja	<http://www.wikidata.org/entity/Q1059478>	"日本の町"@ja	<http://www.wikidata.org/entity/P47>	"隣の国又は行政区画"@ja	<https://ja.wikipedia.org/wiki/%E6%96%B0%E5%86%A0%E7%94%BA>
<http://www.wikidata.org/entity/Q1356989>	"占冠村"@ja	<http://www.wikidata.org/entity/Q4174776>	"日本の村"@ja	<http://www.wikidata.org/entity/P47>	"隣の国又は行政区画"@ja	<https://ja.wikipedia.org/wiki/%E5%8D%A0%E5%86%A0%E6%9D%91>
<http://www.wikidata.org/entity/Q3453953>	"福居良"@ja	<http://www.wikidata.org/entity/Q5>	"ヒト"@ja	<http://www.wikidata.org/entity/P19>	"出生地"@ja	<https://ja.wikipedia.org/wiki/%E7%A6%8F%E5%B1%85%E8%89%AF>
<http://www.wikidata.org/entity/Q7024242>	"二風谷"@ja	<http://www.wikidata.org/entity/Q66752884>	"字"@ja	<http://www.wikidata.org/entity/P131>	"位置する行政区画"@ja	<https://ja.wikipedia.org/wiki/%E4%BA%8C%E9%A2%A8%E8%B0%B7>
<http://www.wikidata.org/entity/Q9643140>	"Category:平取町"@ja	<http://www.wikidata.org/entity/Q4167836>	"ウィキメディアのカテゴリ"@ja	<http://www.wikidata.org/entity/P301>	"カテゴリの中心主題"@ja	<https://ja.wikipedia.org/wiki/Category:%E5%B9%B3%E5%8F%96%E7%94%BA>
<http://www.wikidata.org/entity/Q10903311>	"北海道道1026号"@ja	<http://www.wikidata.org/entity/Q34442>	"道路"@ja	<http://www.wikidata.org/entity/P609>	"起終点"@ja	<https://ja.wikipedia.org/wiki/%E5%8C%97%E6%B5%B7%E9%81%93%E9%81%931026%E5%8F%B7%E6%96%B0%E5%86%A0%E5%B9%B3%E5%8F%96%E7%B7%9A>
<http://www.wikidata.org/entity/Q10903571>	"北海道道797号"@ja	<http://www.wikidata.org/entity/Q34442>	"道路"@ja	<http://www.wikidata.org/entity/P609>	"起終点"@ja	<https://ja.wikipedia.org/wiki/%E5%8C%97%E6%B5%B7%E9%81%93%E9%81%93797%E5%8F%B7%E8%B2%AB%E6%B0%97%E5%88%A5%E6%8C%AF%E5%86%85%E7%B7%9A>
<http://www.wikidata.org/entity/Q10903571>	"北海道道797号"@ja	<http://www.wikidata.org/entity/Q34442>	"道路"@ja	<http://www.wikidata.org/entity/P131>	"位置する行政区画"@ja	<https://ja.wikipedia.org/wiki/%E5%8C%97%E6%B5%B7%E9%81%93%E9%81%93797%E5%8F%B7%E8%B2%AB%E6%B0%97%E5%88%A5%E6%8C%AF%E5%86%85%E7%B7%9A>
<http://www.wikidata.org/entity/Q10903601>	"北海道道845号"@ja	<http://www.wikidata.org/entity/Q34442>	"道路"@ja	<http://www.wikidata.org/entity/P609>	"起終点"@ja	<https://ja.wikipedia.org/wiki/%E5%8C%97%E6%B5%B7%E9%81%93%E9%81%93845%E5%8F%B7%E8%8A%BD%E7%94%9F%E8%B2%AB%E6%B0%97%E5%88%A5%E7%B7%9A>
<http://www.wikidata.org/entity/Q10903601>	"北海道道845号"@ja	<http://www.wikidata.org/entity/Q34442>	"道路"@ja	<http://www.wikidata.org/entity/P131>	"位置する行政区画"@ja	<https://ja.wikipedia.org/wiki/%E5%8C%97%E6%B5%B7%E9%81%93%E9%81%93845%E5%8F%B7%E8%8A%BD%E7%94%9F%E8%B2%AB%E6%B0%97%E5%88%A5%E7%B7%9A>
<http://www.wikidata.org/entity/Q11402727>	"北海道平取高等学校"@ja	<http://www.wikidata.org/entity/Q56351315>	"日本の高等学校"@ja	<http://www.wikidata.org/entity/P131>	"位置する行政区画"@ja	<https://ja.wikipedia.org/wiki/%E5%8C%97%E6%B5%B7%E9%81%93%E5%B9%B3%E5%8F%96%E9%AB%98%E7%AD%89%E5%AD%A6%E6%A0%A1>
<http://www.wikidata.org/entity/Q11402725>	"北海道平取養護学校"@ja	<http://www.wikidata.org/entity/Q43271061>	"特別支援学校"@ja	<http://www.wikidata.org/entity/P131>	"位置する行政区画"@ja	<https://ja.wikipedia.org/wiki/%E5%8C%97%E6%B5%B7%E9%81%93%E5%B9%B3%E5%8F%96%E9%A4%8A%E8%AD%B7%E5%AD%A6%E6%A0%A1>
<http://www.wikidata.org/entity/Q11403193>	"北海道道131号"@ja	<http://www.wikidata.org/entity/Q34442>	"道路"@ja	<http://www.wikidata.org/entity/P609>	"起終点"@ja	<https://ja.wikipedia.org/wiki/%E5%8C%97%E6%B5%B7%E9%81%93%E9%81%93131%E5%8F%B7%E5%B9%B3%E5%8F%96%E7%A9%82%E5%88%A5%E7%B7%9A>
<http://www.wikidata.org/entity/Q11403193>	"北海道道131号"@ja	<http://www.wikidata.org/entity/Q34442>	"道路"@ja	<http://www.wikidata.org/entity/P131>	"位置する行政区画"@ja	<https://ja.wikipedia.org/wiki/%E5%8C%97%E6%B5%B7%E9%81%93%E9%81%93131%E5%8F%B7%E5%B9%B3%E5%8F%96%E7%A9%82%E5%88%A5%E7%B7%9A>
<http://www.wikidata.org/entity/Q11403454>	"北海道道59号"@ja	<http://www.wikidata.org/entity/Q34442>	"道路"@ja	<http://www.wikidata.org/entity/P609>	"起終点"@ja	<https://ja.wikipedia.org/wiki/%E5%8C%97%E6%B5%B7%E9%81%93%E9%81%9359%E5%8F%B7%E5%B9%B3%E5%8F%96%E5%8E%9A%E7%9C%9F%E7%B7%9A>
<http://www.wikidata.org/entity/Q11403454>	"北海道道59号"@ja	<http://www.wikidata.org/entity/Q34442>	"道路"@ja	<http://www.wikidata.org/entity/P131>	"位置する行政区画"@ja	<https://ja.wikipedia.org/wiki/%E5%8C%97%E6%B5%B7%E9%81%93%E9%81%9359%E5%8F%B7%E5%B9%B3%E5%8F%96%E5%8E%9A%E7%9C%9F%E7%B7%9A>
<http://www.wikidata.org/entity/Q11403487>	"北海道道638号"@ja	<http://www.wikidata.org/entity/Q34442>	"道路"@ja	<http://www.wikidata.org/entity/P609>	"起終点"@ja	<https://ja.wikipedia.org/wiki/%E5%8C%97%E6%B5%B7%E9%81%93%E9%81%93638%E5%8F%B7%E5%AE%BF%E5%BF%97%E5%88%A5%E6%8C%AF%E5%86%85%E5%81%9C%E8%BB%8A%E5%A0%B4%E7%B7%9A>
<http://www.wikidata.org/entity/Q11403487>	"北海道道638号"@ja	<http://www.wikidata.org/entity/Q34442>	"道路"@ja	<http://www.wikidata.org/entity/P131>	"位置する行政区画"@ja	<https://ja.wikipedia.org/wiki/%E5%8C%97%E6%B5%B7%E9%81%93%E9%81%93638%E5%8F%B7%E5%AE%BF%E5%BF%97%E5%88%A5%E6%8C%AF%E5%86%85%E5%81%9C%E8%BB%8A%E5%A0%B4%E7%B7%9A>
<http://www.wikidata.org/entity/Q11403544>	"北海道道71号"@ja	<http://www.wikidata.org/entity/Q34442>	"道路"@ja	<http://www.wikidata.org/entity/P609>	"起終点"@ja	<https://ja.wikipedia.org/wiki/%E5%8C%97%E6%B5%B7%E9%81%93%E9%81%9371%E5%8F%B7%E5%B9%B3%E5%8F%96%E9%9D%99%E5%86%85%E7%B7%9A>
<http://www.wikidata.org/entity/Q11403589>	"北海道道80号"@ja	<http://www.wikidata.org/entity/Q34442>	"道路"@ja	<http://www.wikidata.org/entity/P609>	"起終点"@ja	<https://ja.wikipedia.org/wiki/%E5%8C%97%E6%B5%B7%E9%81%93%E9%81%9380%E5%8F%B7%E5%B9%B3%E5%8F%96%E9%96%80%E5%88%A5%E7%B7%9A>
<http://www.wikidata.org/entity/Q11482154>	"平取町立二風谷小学校"@ja	<http://www.wikidata.org/entity/Q5358913>	"日本の小学校"@ja	<http://www.wikidata.org/entity/P131>	"位置する行政区画"@ja	<https://ja.wikipedia.org/wiki/%E5%B9%B3%E5%8F%96%E7%94%BA%E7%AB%8B%E4%BA%8C%E9%A2%A8%E8%B0%B7%E5%B0%8F%E5%AD%A6%E6%A0%A1>
<http://www.wikidata.org/entity/Q11482155>	"平取町立豊糠小中学校"@ja	<http://www.wikidata.org/entity/Q89612581>	"小中併設校"@ja	<http://www.wikidata.org/entity/P131>	"位置する行政区画"@ja	<https://ja.wikipedia.org/wiki/%E5%B9%B3%E5%8F%96%E7%94%BA%E7%AB%8B%E8%B1%8A%E7%B3%A0%E5%B0%8F%E4%B8%AD%E5%AD%A6%E6%A0%A1>
<http://www.wikidata.org/entity/Q11482155>	"平取町立豊糠小中学校"@ja	<http://www.wikidata.org/entity/Q89612581>	"小中併設校"@ja	<http://www.wikidata.org/entity/P126>	"管理者"@ja	<https://ja.wikipedia.org/wiki/%E5%B9%B3%E5%8F%96%E7%94%BA%E7%AB%8B%E8%B1%8A%E7%B3%A0%E5%B0%8F%E4%B8%AD%E5%AD%A6%E6%A0%A1>
<http://www.wikidata.org/entity/Q11482153>	"平取町立平取中学校"@ja	<http://www.wikidata.org/entity/Q55521176>	"日本の中学校"@ja	<http://www.wikidata.org/entity/P131>	"位置する行政区画"@ja	<https://ja.wikipedia.org/wiki/%E5%B9%B3%E5%8F%96%E7%94%BA%E7%AB%8B%E5%B9%B3%E5%8F%96%E4%B8%AD%E5%AD%A6%E6%A0%A1>
<http://www.wikidata.org/entity/Q11482153>	"平取町立平取中学校"@ja	<http://www.wikidata.org/entity/Q55521176>	"日本の中学校"@ja	<http://www.wikidata.org/entity/P126>	"管理者"@ja	<https://ja.wikipedia.org/wiki/%E5%B9%B3%E5%8F%96%E7%94%BA%E7%AB%8B%E5%B9%B3%E5%8F%96%E4%B8%AD%E5%AD%A6%E6%A0%A1>
<http://www.wikidata.org/entity/Q11609991>	"義経神社"@ja	<http://www.wikidata.org/entity/Q845945>	"神社"@ja	<http://www.wikidata.org/entity/P131>	"位置する行政区画"@ja	<https://ja.wikipedia.org/wiki/%E7%BE%A9%E7%B5%8C%E7%A5%9E%E7%A4%BE>
<http://www.wikidata.org/entity/Q11665045>	"額平川"@ja	<http://www.wikidata.org/entity/Q4022>	"川"@ja	<http://www.wikidata.org/entity/P131>	"位置する行政区画"@ja	<https://ja.wikipedia.org/wiki/%E9%A1%8D%E5%B9%B3%E5%B7%9D>
<http://www.wikidata.org/entity/Q28356799>	"平村ペンリウク"@ja	<http://www.wikidata.org/entity/Q5>	"ヒト"@ja	<http://www.wikidata.org/entity/P19>	"出生地"@ja	<https://ja.wikipedia.org/wiki/%E5%B9%B3%E6%9D%91%E3%83%9A%E3%83%B3%E3%83%AA%E3%82%A6%E3%82%AF>
<http://www.wikidata.org/entity/Q104528328>	"デルマルーヴル"@ja	<http://www.wikidata.org/entity/Q726>	"ウマ"@ja	<http://www.wikidata.org/entity/P19>	"出生地"@ja	<https://ja.wikipedia.org/wiki/%E3%83%87%E3%83%AB%E3%83%9E%E3%83%AB%E3%83%BC%E3%83%B4%E3%83%AB>
<http://www.wikidata.org/entity/Q114267750>	"ブライティアパルス"@ja	<http://www.wikidata.org/entity/Q726>	"ウマ"@ja	<http://www.wikidata.org/entity/P19>	"出生地"@ja	<https://ja.wikipedia.org/wiki/%E3%83%96%E3%83%A9%E3%82%A4%E3%83%86%E3%82%A3%E3%82%A2%E3%83%91%E3%83%AB%E3%82%B9>
<http://www.wikidata.org/entity/Q114269607>	"スズカドリーム"@ja	<http://www.wikidata.org/entity/Q726>	"ウマ"@ja	<http://www.wikidata.org/entity/P19>	"出生地"@ja	<https://ja.wikipedia.org/wiki/%E3%82%B9%E3%82%BA%E3%82%AB%E3%83%89%E3%83%AA%E3%83%BC%E3%83%A0>
<http://www.wikidata.org/entity/Q34911065>	"二風谷湖"@ja	<http://www.wikidata.org/entity/Q131681>	"貯水池"@ja	<http://www.wikidata.org/entity/P131>	"位置する行政区画"@ja	
<http://www.wikidata.org/entity/Q38441986>	"アイヌの伝統と近代開拓による沙流川流域の文化的景観"@ja	<http://www.wikidata.org/entity/Q1129474>	"文化的景観"@ja	<http://www.wikidata.org/entity/P131>	"位置する行政区画"@ja	
<http://www.wikidata.org/entity/Q56436120>	"平取町長"@ja	<http://www.wikidata.org/entity/Q4164871>	"職位"@ja	<http://www.wikidata.org/entity/P1001>	"管轄・適用区域"@ja	
<http://www.wikidata.org/entity/Q64686825>	"雅牧場"@ja	<http://www.wikidata.org/entity/Q108696>	"Q108696"	<http://www.wikidata.org/entity/P276>	"場所"@ja	
<http://www.wikidata.org/entity/Q66309965>	"千葉朋代"@ja	<http://www.wikidata.org/entity/Q5>	"ヒト"@ja	<http://www.wikidata.org/entity/P19>	"出生地"@ja	
<http://www.wikidata.org/entity/Q107621357>	"Q107621357"	<http://www.wikidata.org/entity/Q3253281>	"池"@ja	<http://www.wikidata.org/entity/P131>	"位置する行政区画"@ja	
<http://www.wikidata.org/entity/Q115003744>	"平取町立豊糠中学校"@ja	<http://www.wikidata.org/entity/Q55521176>	"日本の中学校"@ja	<http://www.wikidata.org/entity/P131>	"位置する行政区画"@ja	
<http://www.wikidata.org/entity/Q115003744>	"平取町立豊糠中学校"@ja	<http://www.wikidata.org/entity/Q55521176>	"日本の中学校"@ja	<http://www.wikidata.org/entity/P126>	"管理者"@ja	
<http://www.wikidata.org/entity/Q115003745>	"平取町立豊糠小学校"@ja	<http://www.wikidata.org/entity/Q5358913>	"日本の小学校"@ja	<http://www.wikidata.org/entity/P131>	"位置する行政区画"@ja	
<http://www.wikidata.org/entity/Q115003745>	"平取町立豊糠小学校"@ja	<http://www.wikidata.org/entity/Q5358913>	"日本の小学校"@ja	<http://www.wikidata.org/entity/P126>	"管理者"@ja	
<http://www.wikidata.org/entity/Q115156766>	"平取町立平取小学校"@ja	<http://www.wikidata.org/entity/Q5358913>	"日本の小学校"@ja	<http://www.wikidata.org/entity/P131>	"位置する行政区画"@ja	
<http://www.wikidata.org/entity/Q115523108>	"平取町立振内小学校"@ja	<http://www.wikidata.org/entity/Q5358913>	"日本の小学校"@ja	<http://www.wikidata.org/entity/P131>	"位置する行政区画"@ja	
<http://www.wikidata.org/entity/Q115523108>	"平取町立振内小学校"@ja	<http://www.wikidata.org/entity/Q5358913>	"日本の小学校"@ja	<http://www.wikidata.org/entity/P126>	"管理者"@ja	
