?s	?sLabel	?type	?typeLabel	?prop	?propLabel	?jwiki
<http://www.wikidata.org/entity/Q177149>	"帯広市"@ja	<http://www.wikidata.org/entity/Q1549591>	"10万都市"@ja	<http://www.wikidata.org/entity/P47>	"隣の国又は行政区画"@ja	<https://ja.wikipedia.org/wiki/%E5%B8%AF%E5%BA%83%E5%B8%82>
<http://www.wikidata.org/entity/Q177149>	"帯広市"@ja	<http://www.wikidata.org/entity/Q494721>	"日本の市"@ja	<http://www.wikidata.org/entity/P47>	"隣の国又は行政区画"@ja	<https://ja.wikipedia.org/wiki/%E5%B8%AF%E5%BA%83%E5%B8%82>
<http://www.wikidata.org/entity/Q1186072>	"新冠郡"@ja	<http://www.wikidata.org/entity/Q1122846>	"郡"@ja	<http://www.wikidata.org/entity/P150>	"直下の行政区画"@ja	<https://ja.wikipedia.org/wiki/%E6%96%B0%E5%86%A0%E9%83%A1>
<http://www.wikidata.org/entity/Q1210501>	"中札内村"@ja	<http://www.wikidata.org/entity/Q4174776>	"日本の村"@ja	<http://www.wikidata.org/entity/P47>	"隣の国又は行政区画"@ja	<https://ja.wikipedia.org/wiki/%E4%B8%AD%E6%9C%AD%E5%86%85%E6%9D%91>
<http://www.wikidata.org/entity/Q1210679>	"新ひだか町"@ja	<http://www.wikidata.org/entity/Q1059478>	"日本の町"@ja	<http://www.wikidata.org/entity/P47>	"隣の国又は行政区画"@ja	<https://ja.wikipedia.org/wiki/%E6%96%B0%E3%81%B2%E3%81%A0%E3%81%8B%E7%94%BA>
<http://www.wikidata.org/entity/Q114584962>	"フューチャサンデー"@ja	<http://www.wikidata.org/entity/Q726>	"ウマ"@ja	<http://www.wikidata.org/entity/P19>	"出生地"@ja	<https://ja.wikipedia.org/wiki/%E3%83%95%E3%83%A5%E3%83%BC%E3%83%81%E3%83%A3%E3%82%B5%E3%83%B3%E3%83%87%E3%83%BC>
<http://www.wikidata.org/entity/Q114757350>	"スノーエンデバー"@ja	<http://www.wikidata.org/entity/Q726>	"ウマ"@ja	<http://www.wikidata.org/entity/P19>	"出生地"@ja	<https://ja.wikipedia.org/wiki/%E3%82%B9%E3%83%8E%E3%83%BC%E3%82%A8%E3%83%B3%E3%83%87%E3%83%90%E3%83%BC>
<http://www.wikidata.org/entity/Q114757630>	"ゼノヴァース"@ja	<http://www.wikidata.org/entity/Q726>	"ウマ"@ja	<http://www.wikidata.org/entity/P19>	"出生地"@ja	<https://ja.wikipedia.org/wiki/%E3%82%BC%E3%83%8E%E3%83%B4%E3%82%A1%E3%83%BC%E3%82%B9>
<http://www.wikidata.org/entity/Q114900203>	"アースソニック"@ja	<http://www.wikidata.org/entity/Q726>	"ウマ"@ja	<http://www.wikidata.org/entity/P19>	"出生地"@ja	<https://ja.wikipedia.org/wiki/%E3%82%A2%E3%83%BC%E3%82%B9%E3%82%BD%E3%83%8B%E3%83%83%E3%82%AF>
<http://www.wikidata.org/entity/Q115265456>	"オーミアリス"@ja	<http://www.wikidata.org/entity/Q726>	"ウマ"@ja	<http://www.wikidata.org/entity/P19>	"出生地"@ja	<https://ja.wikipedia.org/wiki/%E3%82%AA%E3%83%BC%E3%83%9F%E3%82%A2%E3%83%AA%E3%82%B9>
<http://www.wikidata.org/entity/Q115299099>	"ワイドバッハ"@ja	<http://www.wikidata.org/entity/Q726>	"ウマ"@ja	<http://www.wikidata.org/entity/P19>	"出生地"@ja	<https://ja.wikipedia.org/wiki/%E3%83%AF%E3%82%A4%E3%83%89%E3%83%90%E3%83%83%E3%83%8F>
<http://www.wikidata.org/entity/Q115299247>	"ウインフルブルーム"@ja	<http://www.wikidata.org/entity/Q726>	"ウマ"@ja	<http://www.wikidata.org/entity/P19>	"出生地"@ja	<https://ja.wikipedia.org/wiki/%E3%82%A6%E3%82%A4%E3%83%B3%E3%83%95%E3%83%AB%E3%83%96%E3%83%AB%E3%83%BC%E3%83%A0>
<http://www.wikidata.org/entity/Q1354380>	"日高町"@ja	<http://www.wikidata.org/entity/Q1059478>	"日本の町"@ja	<http://www.wikidata.org/entity/P47>	"隣の国又は行政区画"@ja	<https://ja.wikipedia.org/wiki/%E6%97%A5%E9%AB%98%E7%94%BA_(%E5%8C%97%E6%B5%B7%E9%81%93)>
<http://www.wikidata.org/entity/Q1354447>	"平取町"@ja	<http://www.wikidata.org/entity/Q1059478>	"日本の町"@ja	<http://www.wikidata.org/entity/P47>	"隣の国又は行政区画"@ja	<https://ja.wikipedia.org/wiki/%E5%B9%B3%E5%8F%96%E7%94%BA>
<http://www.wikidata.org/entity/Q3280296>	"シャクシャイン"@ja	<http://www.wikidata.org/entity/Q5>	"ヒト"@ja	<http://www.wikidata.org/entity/P20>	"死没地"@ja	<https://ja.wikipedia.org/wiki/%E3%82%B7%E3%83%A3%E3%82%AF%E3%82%B7%E3%83%A3%E3%82%A4%E3%83%B3>
<http://www.wikidata.org/entity/Q5639650>	"ハイセイコー"@ja	<http://www.wikidata.org/entity/Q726>	"ウマ"@ja	<http://www.wikidata.org/entity/P20>	"死没地"@ja	<https://ja.wikipedia.org/wiki/%E3%83%8F%E3%82%A4%E3%82%BB%E3%82%A4%E3%82%B3%E3%83%BC>
<http://www.wikidata.org/entity/Q5639650>	"ハイセイコー"@ja	<http://www.wikidata.org/entity/Q726>	"ウマ"@ja	<http://www.wikidata.org/entity/P19>	"出生地"@ja	<https://ja.wikipedia.org/wiki/%E3%83%8F%E3%82%A4%E3%82%BB%E3%82%A4%E3%82%B3%E3%83%BC>
<http://www.wikidata.org/entity/Q7034432>	"新冠駅"@ja	<http://www.wikidata.org/entity/Q55488>	"鉄道駅"@ja	<http://www.wikidata.org/entity/P131>	"位置する行政区画"@ja	<https://ja.wikipedia.org/wiki/%E6%96%B0%E5%86%A0%E9%A7%85>
<http://www.wikidata.org/entity/Q7452008>	"節婦駅"@ja	<http://www.wikidata.org/entity/Q55488>	"鉄道駅"@ja	<http://www.wikidata.org/entity/P131>	"位置する行政区画"@ja	<https://ja.wikipedia.org/wiki/%E7%AF%80%E5%A9%A6%E9%A7%85>
<http://www.wikidata.org/entity/Q8081551>	"大狩部駅"@ja	<http://www.wikidata.org/entity/Q55488>	"鉄道駅"@ja	<http://www.wikidata.org/entity/P131>	"位置する行政区画"@ja	<https://ja.wikipedia.org/wiki/%E5%A4%A7%E7%8B%A9%E9%83%A8%E9%A7%85>
<http://www.wikidata.org/entity/Q9658544>	"Category:新冠町"@ja	<http://www.wikidata.org/entity/Q4167836>	"ウィキメディアのカテゴリ"@ja	<http://www.wikidata.org/entity/P301>	"カテゴリの中心主題"@ja	<https://ja.wikipedia.org/wiki/Category:%E6%96%B0%E5%86%A0%E7%94%BA>
<http://www.wikidata.org/entity/Q10903311>	"北海道道1026号"@ja	<http://www.wikidata.org/entity/Q34442>	"道路"@ja	<http://www.wikidata.org/entity/P609>	"起終点"@ja	<https://ja.wikipedia.org/wiki/%E5%8C%97%E6%B5%B7%E9%81%93%E9%81%931026%E5%8F%B7%E6%96%B0%E5%86%A0%E5%B9%B3%E5%8F%96%E7%B7%9A>
<http://www.wikidata.org/entity/Q10903311>	"北海道道1026号"@ja	<http://www.wikidata.org/entity/Q34442>	"道路"@ja	<http://www.wikidata.org/entity/P131>	"位置する行政区画"@ja	<https://ja.wikipedia.org/wiki/%E5%8C%97%E6%B5%B7%E9%81%93%E9%81%931026%E5%8F%B7%E6%96%B0%E5%86%A0%E5%B9%B3%E5%8F%96%E7%B7%9A>
<http://www.wikidata.org/entity/Q10903367>	"北海道道208号"@ja	<http://www.wikidata.org/entity/Q34442>	"道路"@ja	<http://www.wikidata.org/entity/P609>	"起終点"@ja	<https://ja.wikipedia.org/wiki/%E5%8C%97%E6%B5%B7%E9%81%93%E9%81%93208%E5%8F%B7%E6%AF%94%E5%AE%87%E5%8E%9A%E8%B3%80%E5%81%9C%E8%BB%8A%E5%A0%B4%E7%B7%9A>
<http://www.wikidata.org/entity/Q10903367>	"北海道道208号"@ja	<http://www.wikidata.org/entity/Q34442>	"道路"@ja	<http://www.wikidata.org/entity/P131>	"位置する行政区画"@ja	<https://ja.wikipedia.org/wiki/%E5%8C%97%E6%B5%B7%E9%81%93%E9%81%93208%E5%8F%B7%E6%AF%94%E5%AE%87%E5%8E%9A%E8%B3%80%E5%81%9C%E8%BB%8A%E5%A0%B4%E7%B7%9A>
<http://www.wikidata.org/entity/Q10903369>	"北海道道209号"@ja	<http://www.wikidata.org/entity/Q34442>	"道路"@ja	<http://www.wikidata.org/entity/P609>	"起終点"@ja	<https://ja.wikipedia.org/wiki/%E5%8C%97%E6%B5%B7%E9%81%93%E9%81%93209%E5%8F%B7%E6%BB%91%E8%8B%A5%E6%96%B0%E5%86%A0%E5%81%9C%E8%BB%8A%E5%A0%B4%E7%B7%9A>
<http://www.wikidata.org/entity/Q10903369>	"北海道道209号"@ja	<http://www.wikidata.org/entity/Q34442>	"道路"@ja	<http://www.wikidata.org/entity/P131>	"位置する行政区画"@ja	<https://ja.wikipedia.org/wiki/%E5%8C%97%E6%B5%B7%E9%81%93%E9%81%93209%E5%8F%B7%E6%BB%91%E8%8B%A5%E6%96%B0%E5%86%A0%E5%81%9C%E8%BB%8A%E5%A0%B4%E7%B7%9A>
<http://www.wikidata.org/entity/Q11286426>	"イクノディクタス"@ja	<http://www.wikidata.org/entity/Q726>	"ウマ"@ja	<http://www.wikidata.org/entity/P20>	"死没地"@ja	<https://ja.wikipedia.org/wiki/%E3%82%A4%E3%82%AF%E3%83%8E%E3%83%87%E3%82%A3%E3%82%AF%E3%82%BF%E3%82%B9>
<http://www.wikidata.org/entity/Q11297913>	"キングヘイロー"@ja	<http://www.wikidata.org/entity/Q726>	"ウマ"@ja	<http://www.wikidata.org/entity/P20>	"死没地"@ja	<https://ja.wikipedia.org/wiki/%E3%82%AD%E3%83%B3%E3%82%B0%E3%83%98%E3%82%A4%E3%83%AD%E3%83%BC>
<http://www.wikidata.org/entity/Q11324064>	"ナリタブライアン記念館"@ja	<http://www.wikidata.org/entity/Q33506>	"博物館"@ja	<http://www.wikidata.org/entity/P131>	"位置する行政区画"@ja	<https://ja.wikipedia.org/wiki/%E3%83%8A%E3%83%AA%E3%82%BF%E3%83%96%E3%83%A9%E3%82%A4%E3%82%A2%E3%83%B3%E8%A8%98%E5%BF%B5%E9%A4%A8>
<http://www.wikidata.org/entity/Q11328729>	"パカパカファーム"@ja	<http://www.wikidata.org/entity/Q108696>	"Q108696"	<http://www.wikidata.org/entity/P276>	"場所"@ja	<https://ja.wikipedia.org/wiki/%E3%83%91%E3%82%AB%E3%83%91%E3%82%AB%E3%83%95%E3%82%A1%E3%83%BC%E3%83%A0>
<http://www.wikidata.org/entity/Q11330793>	"ビッグレッドファーム"@ja	<http://www.wikidata.org/entity/Q108696>	"Q108696"	<http://www.wikidata.org/entity/P276>	"場所"@ja	<https://ja.wikipedia.org/wiki/%E3%83%93%E3%83%83%E3%82%B0%E3%83%AC%E3%83%83%E3%83%89%E3%83%95%E3%82%A1%E3%83%BC%E3%83%A0>
<http://www.wikidata.org/entity/Q11341810>	"マーベラスサンデー"@ja	<http://www.wikidata.org/entity/Q726>	"ウマ"@ja	<http://www.wikidata.org/entity/P19>	"出生地"@ja	<https://ja.wikipedia.org/wiki/%E3%83%9E%E3%83%BC%E3%83%99%E3%83%A9%E3%82%B9%E3%82%B5%E3%83%B3%E3%83%87%E3%83%BC>
<http://www.wikidata.org/entity/Q11345211>	"ヤマニンゼファー"@ja	<http://www.wikidata.org/entity/Q726>	"ウマ"@ja	<http://www.wikidata.org/entity/P19>	"出生地"@ja	<https://ja.wikipedia.org/wiki/%E3%83%A4%E3%83%9E%E3%83%8B%E3%83%B3%E3%82%BC%E3%83%95%E3%82%A1%E3%83%BC>
<http://www.wikidata.org/entity/Q11345568>	"ユキノビジン"@ja	<http://www.wikidata.org/entity/Q726>	"ウマ"@ja	<http://www.wikidata.org/entity/P19>	"出生地"@ja	<https://ja.wikipedia.org/wiki/%E3%83%A6%E3%82%AD%E3%83%8E%E3%83%93%E3%82%B8%E3%83%B3>
<http://www.wikidata.org/entity/Q11387746>	"優駿スタリオンステーション"@ja	<http://www.wikidata.org/entity/Q108696>	"Q108696"	<http://www.wikidata.org/entity/P276>	"場所"@ja	<https://ja.wikipedia.org/wiki/%E5%84%AA%E9%A7%BF%E3%82%B9%E3%82%BF%E3%83%AA%E3%82%AA%E3%83%B3%E3%82%B9%E3%83%86%E3%83%BC%E3%82%B7%E3%83%A7%E3%83%B3>
<http://www.wikidata.org/entity/Q11407232>	"協和牧場"@ja	<http://www.wikidata.org/entity/Q108696>	"Q108696"	<http://www.wikidata.org/entity/P276>	"場所"@ja	<https://ja.wikipedia.org/wiki/%E5%8D%94%E5%92%8C%E7%89%A7%E5%A0%B4>
<http://www.wikidata.org/entity/Q11516563>	"有沢賢持"@ja	<http://www.wikidata.org/entity/Q5>	"ヒト"@ja	<http://www.wikidata.org/entity/P19>	"出生地"@ja	<https://ja.wikipedia.org/wiki/%E6%9C%89%E6%B2%A2%E8%B3%A2%E6%8C%81>
<http://www.wikidata.org/entity/Q11641029>	"道の駅サラブレッドロード新冠"@ja	<http://www.wikidata.org/entity/Q1187691>	"道の駅"@ja	<http://www.wikidata.org/entity/P131>	"位置する行政区画"@ja	<https://ja.wikipedia.org/wiki/%E9%81%93%E3%81%AE%E9%A7%85%E3%82%B5%E3%83%A9%E3%83%96%E3%83%AC%E3%83%83%E3%83%89%E3%83%AD%E3%83%BC%E3%83%89%E6%96%B0%E5%86%A0>
<http://www.wikidata.org/entity/Q11650432>	"錦岡牧場"@ja	<http://www.wikidata.org/entity/Q108696>	"Q108696"	<http://www.wikidata.org/entity/P276>	"場所"@ja	<https://ja.wikipedia.org/wiki/%E9%8C%A6%E5%B2%A1%E7%89%A7%E5%A0%B4>
<http://www.wikidata.org/entity/Q17225027>	"マイネルフロスト"@ja	<http://www.wikidata.org/entity/Q726>	"ウマ"@ja	<http://www.wikidata.org/entity/P19>	"出生地"@ja	<https://ja.wikipedia.org/wiki/%E3%83%9E%E3%82%A4%E3%83%8D%E3%83%AB%E3%83%95%E3%83%AD%E3%82%B9%E3%83%88>
<http://www.wikidata.org/entity/Q22125068>	"日高中部消防組合"@ja	<http://www.wikidata.org/entity/Q11559533>	"消防組合"@ja	<http://www.wikidata.org/entity/P131>	"位置する行政区画"@ja	<https://ja.wikipedia.org/wiki/%E6%97%A5%E9%AB%98%E4%B8%AD%E9%83%A8%E6%B6%88%E9%98%B2%E7%B5%84%E5%90%88>
<http://www.wikidata.org/entity/Q22125068>	"日高中部消防組合"@ja	<http://www.wikidata.org/entity/Q5328616>	"一部事務組合"@ja	<http://www.wikidata.org/entity/P131>	"位置する行政区画"@ja	<https://ja.wikipedia.org/wiki/%E6%97%A5%E9%AB%98%E4%B8%AD%E9%83%A8%E6%B6%88%E9%98%B2%E7%B5%84%E5%90%88>
<http://www.wikidata.org/entity/Q83673260>	"クリスタルブラック"@ja	<http://www.wikidata.org/entity/Q726>	"ウマ"@ja	<http://www.wikidata.org/entity/P19>	"出生地"@ja	<https://ja.wikipedia.org/wiki/%E3%82%AF%E3%83%AA%E3%82%B9%E3%82%BF%E3%83%AB%E3%83%96%E3%83%A9%E3%83%83%E3%82%AF>
<http://www.wikidata.org/entity/Q92867048>	"ウインマリリン"@ja	<http://www.wikidata.org/entity/Q726>	"ウマ"@ja	<http://www.wikidata.org/entity/P19>	"出生地"@ja	<https://ja.wikipedia.org/wiki/%E3%82%A6%E3%82%A4%E3%83%B3%E3%83%9E%E3%83%AA%E3%83%AA%E3%83%B3>
<http://www.wikidata.org/entity/Q97613717>	"リンゴアメ"@ja	<http://www.wikidata.org/entity/Q726>	"ウマ"@ja	<http://www.wikidata.org/entity/P19>	"出生地"@ja	<https://ja.wikipedia.org/wiki/%E3%83%AA%E3%83%B3%E3%82%B4%E3%82%A2%E3%83%A1>
<http://www.wikidata.org/entity/Q99494922>	"ディープボンド"@ja	<http://www.wikidata.org/entity/Q726>	"ウマ"@ja	<http://www.wikidata.org/entity/P19>	"出生地"@ja	<https://ja.wikipedia.org/wiki/%E3%83%87%E3%82%A3%E3%83%BC%E3%83%97%E3%83%9C%E3%83%B3%E3%83%89>
<http://www.wikidata.org/entity/Q100450968>	"タガノエスプレッソ"@ja	<http://www.wikidata.org/entity/Q726>	"ウマ"@ja	<http://www.wikidata.org/entity/P19>	"出生地"@ja	<https://ja.wikipedia.org/wiki/%E3%82%BF%E3%82%AC%E3%83%8E%E3%82%A8%E3%82%B9%E3%83%97%E3%83%AC%E3%83%83%E3%82%BD>
<http://www.wikidata.org/entity/Q101192716>	"キングオブコージ"@ja	<http://www.wikidata.org/entity/Q726>	"ウマ"@ja	<http://www.wikidata.org/entity/P19>	"出生地"@ja	<https://ja.wikipedia.org/wiki/%E3%82%AD%E3%83%B3%E3%82%B0%E3%82%AA%E3%83%96%E3%82%B3%E3%83%BC%E3%82%B8>
<http://www.wikidata.org/entity/Q109260746>	"マイネテレジア"@ja	<http://www.wikidata.org/entity/Q726>	"ウマ"@ja	<http://www.wikidata.org/entity/P19>	"出生地"@ja	<https://ja.wikipedia.org/wiki/%E3%83%9E%E3%82%A4%E3%83%8D%E3%83%86%E3%83%AC%E3%82%B8%E3%82%A2>
<http://www.wikidata.org/entity/Q109260745>	"マイネルファンロン"@ja	<http://www.wikidata.org/entity/Q726>	"ウマ"@ja	<http://www.wikidata.org/entity/P19>	"出生地"@ja	<https://ja.wikipedia.org/wiki/%E3%83%9E%E3%82%A4%E3%83%8D%E3%83%AB%E3%83%95%E3%82%A1%E3%83%B3%E3%83%AD%E3%83%B3>
<http://www.wikidata.org/entity/Q109260752>	"ザダル"@ja	<http://www.wikidata.org/entity/Q726>	"ウマ"@ja	<http://www.wikidata.org/entity/P19>	"出生地"@ja	<https://ja.wikipedia.org/wiki/%E3%82%B6%E3%83%80%E3%83%AB_(%E7%AB%B6%E8%B5%B0%E9%A6%AC)>
<http://www.wikidata.org/entity/Q112175036>	"ウインマーベル"@ja	<http://www.wikidata.org/entity/Q726>	"ウマ"@ja	<http://www.wikidata.org/entity/P19>	"出生地"@ja	<https://ja.wikipedia.org/wiki/%E3%82%A6%E3%82%A4%E3%83%B3%E3%83%9E%E3%83%BC%E3%83%99%E3%83%AB>
<http://www.wikidata.org/entity/Q112629311>	"ノースブリッジ"@ja	<http://www.wikidata.org/entity/Q726>	"ウマ"@ja	<http://www.wikidata.org/entity/P19>	"出生地"@ja	<https://ja.wikipedia.org/wiki/%E3%83%8E%E3%83%BC%E3%82%B9%E3%83%96%E3%83%AA%E3%83%83%E3%82%B8_(%E7%AB%B6%E8%B5%B0%E9%A6%AC)>
<http://www.wikidata.org/entity/Q112629818>	"ウインマイティー"@ja	<http://www.wikidata.org/entity/Q726>	"ウマ"@ja	<http://www.wikidata.org/entity/P19>	"出生地"@ja	<https://ja.wikipedia.org/wiki/%E3%82%A6%E3%82%A4%E3%83%B3%E3%83%9E%E3%82%A4%E3%83%86%E3%82%A3%E3%83%BC>
<http://www.wikidata.org/entity/Q113945877>	"フルデプスリーダー"@ja	<http://www.wikidata.org/entity/Q726>	"ウマ"@ja	<http://www.wikidata.org/entity/P19>	"出生地"@ja	<https://ja.wikipedia.org/wiki/%E3%83%95%E3%83%AB%E3%83%87%E3%83%97%E3%82%B9%E3%83%AA%E3%83%BC%E3%83%80%E3%83%BC>
<http://www.wikidata.org/entity/Q113945965>	"ウインカーネリアン"@ja	<http://www.wikidata.org/entity/Q726>	"ウマ"@ja	<http://www.wikidata.org/entity/P19>	"出生地"@ja	<https://ja.wikipedia.org/wiki/%E3%82%A6%E3%82%A4%E3%83%B3%E3%82%AB%E3%83%BC%E3%83%8D%E3%83%AA%E3%82%A2%E3%83%B3>
<http://www.wikidata.org/entity/Q114061516>	"ウインユニファイド"@ja	<http://www.wikidata.org/entity/Q726>	"ウマ"@ja	<http://www.wikidata.org/entity/P19>	"出生地"@ja	<https://ja.wikipedia.org/wiki/%E3%82%A6%E3%82%A4%E3%83%B3%E3%83%A6%E3%83%8B%E3%83%95%E3%82%A1%E3%82%A4%E3%83%89>
<http://www.wikidata.org/entity/Q114268141>	"ミツワトップレディ"@ja	<http://www.wikidata.org/entity/Q726>	"ウマ"@ja	<http://www.wikidata.org/entity/P19>	"出生地"@ja	<https://ja.wikipedia.org/wiki/%E3%83%9F%E3%83%84%E3%83%AF%E3%83%88%E3%83%83%E3%83%97%E3%83%AC%E3%83%87%E3%82%A3>
<http://www.wikidata.org/entity/Q114269130>	"メイショウスザンナ"@ja	<http://www.wikidata.org/entity/Q726>	"ウマ"@ja	<http://www.wikidata.org/entity/P19>	"出生地"@ja	<https://ja.wikipedia.org/wiki/%E3%83%A1%E3%82%A4%E3%82%B7%E3%83%A7%E3%82%A6%E3%82%B9%E3%82%B6%E3%83%B3%E3%83%8A>
<http://www.wikidata.org/entity/Q114269862>	"タイムフェアレディ"@ja	<http://www.wikidata.org/entity/Q726>	"ウマ"@ja	<http://www.wikidata.org/entity/P19>	"出生地"@ja	<https://ja.wikipedia.org/wiki/%E3%82%BF%E3%82%A4%E3%83%A0%E3%83%95%E3%82%A7%E3%82%A2%E3%83%AC%E3%83%87%E3%82%A3>
<http://www.wikidata.org/entity/Q56436121>	"新冠町長"@ja	<http://www.wikidata.org/entity/Q4164871>	"職位"@ja	<http://www.wikidata.org/entity/P1001>	"管轄・適用区域"@ja	
<http://www.wikidata.org/entity/Q64686943>	"村田牧場"@ja	<http://www.wikidata.org/entity/Q108696>	"Q108696"	<http://www.wikidata.org/entity/P276>	"場所"@ja	
