?s	?sLabel	?type	?typeLabel	?prop	?propLabel	?jwiki
<http://www.wikidata.org/entity/Q844318>	"馳星周"@ja	<http://www.wikidata.org/entity/Q5>	"ヒト"@ja	<http://www.wikidata.org/entity/P19>	"出生地"@ja	<https://ja.wikipedia.org/wiki/%E9%A6%B3%E6%98%9F%E5%91%A8>
<http://www.wikidata.org/entity/Q1137954>	"日高振興局"@ja	<http://www.wikidata.org/entity/Q850450>	"支庁"@ja	<http://www.wikidata.org/entity/P36>	"行政中心地"@ja	<https://ja.wikipedia.org/wiki/%E6%97%A5%E9%AB%98%E6%8C%AF%E8%88%88%E5%B1%80>
<http://www.wikidata.org/entity/Q1186133>	"浦河郡"@ja	<http://www.wikidata.org/entity/Q1122846>	"郡"@ja	<http://www.wikidata.org/entity/P150>	"直下の行政区画"@ja	<https://ja.wikipedia.org/wiki/%E6%B5%A6%E6%B2%B3%E9%83%A1>
<http://www.wikidata.org/entity/Q1208030>	"様似町"@ja	<http://www.wikidata.org/entity/Q1059478>	"日本の町"@ja	<http://www.wikidata.org/entity/P47>	"隣の国又は行政区画"@ja	<https://ja.wikipedia.org/wiki/%E6%A7%98%E4%BC%BC%E7%94%BA>
<http://www.wikidata.org/entity/Q1210489>	"広尾町"@ja	<http://www.wikidata.org/entity/Q1059478>	"日本の町"@ja	<http://www.wikidata.org/entity/P47>	"隣の国又は行政区画"@ja	<https://ja.wikipedia.org/wiki/%E5%BA%83%E5%B0%BE%E7%94%BA>
<http://www.wikidata.org/entity/Q1210679>	"新ひだか町"@ja	<http://www.wikidata.org/entity/Q1059478>	"日本の町"@ja	<http://www.wikidata.org/entity/P47>	"隣の国又は行政区画"@ja	<https://ja.wikipedia.org/wiki/%E6%96%B0%E3%81%B2%E3%81%A0%E3%81%8B%E7%94%BA>
<http://www.wikidata.org/entity/Q1357479>	"大樹町"@ja	<http://www.wikidata.org/entity/Q1059478>	"日本の町"@ja	<http://www.wikidata.org/entity/P47>	"隣の国又は行政区画"@ja	<https://ja.wikipedia.org/wiki/%E5%A4%A7%E6%A8%B9%E7%94%BA>
<http://www.wikidata.org/entity/Q3544357>	"宮下ともみ"@ja	<http://www.wikidata.org/entity/Q5>	"ヒト"@ja	<http://www.wikidata.org/entity/P19>	"出生地"@ja	<https://ja.wikipedia.org/wiki/%E5%AE%AE%E4%B8%8B%E3%81%A8%E3%82%82%E3%81%BF>
<http://www.wikidata.org/entity/Q5347657>	"絵笛駅"@ja	<http://www.wikidata.org/entity/Q55488>	"鉄道駅"@ja	<http://www.wikidata.org/entity/P131>	"位置する行政区画"@ja	<https://ja.wikipedia.org/wiki/%E7%B5%B5%E7%AC%9B%E9%A7%85>
<http://www.wikidata.org/entity/Q5751523>	"日高幌別駅"@ja	<http://www.wikidata.org/entity/Q55488>	"鉄道駅"@ja	<http://www.wikidata.org/entity/P131>	"位置する行政区画"@ja	<https://ja.wikipedia.org/wiki/%E6%97%A5%E9%AB%98%E5%B9%8C%E5%88%A5%E9%A7%85>
<http://www.wikidata.org/entity/Q6157002>	"国道235号"@ja	<http://www.wikidata.org/entity/Q34442>	"道路"@ja	<http://www.wikidata.org/entity/P609>	"起終点"@ja	<https://ja.wikipedia.org/wiki/%E5%9B%BD%E9%81%93235%E5%8F%B7>
<http://www.wikidata.org/entity/Q6157006>	"国道237号"@ja	<http://www.wikidata.org/entity/Q34442>	"道路"@ja	<http://www.wikidata.org/entity/P609>	"起終点"@ja	<https://ja.wikipedia.org/wiki/%E5%9B%BD%E9%81%93237%E5%8F%B7>
<http://www.wikidata.org/entity/Q6157276>	"国道336号"@ja	<http://www.wikidata.org/entity/Q34442>	"道路"@ja	<http://www.wikidata.org/entity/P609>	"起終点"@ja	<https://ja.wikipedia.org/wiki/%E5%9B%BD%E9%81%93336%E5%8F%B7>
<http://www.wikidata.org/entity/Q7080039>	"荻伏駅"@ja	<http://www.wikidata.org/entity/Q55488>	"鉄道駅"@ja	<http://www.wikidata.org/entity/P131>	"位置する行政区画"@ja	<https://ja.wikipedia.org/wiki/%E8%8D%BB%E4%BC%8F%E9%A7%85>
<http://www.wikidata.org/entity/Q7899583>	"浦河駅"@ja	<http://www.wikidata.org/entity/Q55488>	"鉄道駅"@ja	<http://www.wikidata.org/entity/P131>	"位置する行政区画"@ja	<https://ja.wikipedia.org/wiki/%E6%B5%A6%E6%B2%B3%E9%A7%85>
<http://www.wikidata.org/entity/Q8190852>	"東町駅"@ja	<http://www.wikidata.org/entity/Q55488>	"鉄道駅"@ja	<http://www.wikidata.org/entity/P131>	"位置する行政区画"@ja	<https://ja.wikipedia.org/wiki/%E6%9D%B1%E7%94%BA%E9%A7%85>
<http://www.wikidata.org/entity/Q10903310>	"北海道道1025号"@ja	<http://www.wikidata.org/entity/Q34442>	"道路"@ja	<http://www.wikidata.org/entity/P609>	"起終点"@ja	<https://ja.wikipedia.org/wiki/%E5%8C%97%E6%B5%B7%E9%81%93%E9%81%931025%E5%8F%B7%E9%9D%99%E5%86%85%E6%B5%A6%E6%B2%B3%E7%B7%9A>
<http://www.wikidata.org/entity/Q10903310>	"北海道道1025号"@ja	<http://www.wikidata.org/entity/Q34442>	"道路"@ja	<http://www.wikidata.org/entity/P131>	"位置する行政区画"@ja	<https://ja.wikipedia.org/wiki/%E5%8C%97%E6%B5%B7%E9%81%93%E9%81%931025%E5%8F%B7%E9%9D%99%E5%86%85%E6%B5%A6%E6%B2%B3%E7%B7%9A>
<http://www.wikidata.org/entity/Q10903418>	"北海道道288号"@ja	<http://www.wikidata.org/entity/Q34442>	"道路"@ja	<http://www.wikidata.org/entity/P609>	"起終点"@ja	<https://ja.wikipedia.org/wiki/%E5%8C%97%E6%B5%B7%E9%81%93%E9%81%93288%E5%8F%B7%E6%B5%A6%E6%B2%B3%E6%B8%AF%E7%B7%9A>
<http://www.wikidata.org/entity/Q10903418>	"北海道道288号"@ja	<http://www.wikidata.org/entity/Q34442>	"道路"@ja	<http://www.wikidata.org/entity/P131>	"位置する行政区画"@ja	<https://ja.wikipedia.org/wiki/%E5%8C%97%E6%B5%B7%E9%81%93%E9%81%93288%E5%8F%B7%E6%B5%A6%E6%B2%B3%E6%B8%AF%E7%B7%9A>
<http://www.wikidata.org/entity/Q10903465>	"北海道道348号"@ja	<http://www.wikidata.org/entity/Q34442>	"道路"@ja	<http://www.wikidata.org/entity/P609>	"起終点"@ja	<https://ja.wikipedia.org/wiki/%E5%8C%97%E6%B5%B7%E9%81%93%E9%81%93348%E5%8F%B7%E9%87%8E%E6%B7%B1%E8%8D%BB%E4%BC%8F%E5%81%9C%E8%BB%8A%E5%A0%B4%E7%B7%9A>
<http://www.wikidata.org/entity/Q10903465>	"北海道道348号"@ja	<http://www.wikidata.org/entity/Q34442>	"道路"@ja	<http://www.wikidata.org/entity/P131>	"位置する行政区画"@ja	<https://ja.wikipedia.org/wiki/%E5%8C%97%E6%B5%B7%E9%81%93%E9%81%93348%E5%8F%B7%E9%87%8E%E6%B7%B1%E8%8D%BB%E4%BC%8F%E5%81%9C%E8%BB%8A%E5%A0%B4%E7%B7%9A>
<http://www.wikidata.org/entity/Q10903476>	"北海道道384号"@ja	<http://www.wikidata.org/entity/Q34442>	"道路"@ja	<http://www.wikidata.org/entity/P609>	"起終点"@ja	<https://ja.wikipedia.org/wiki/%E5%8C%97%E6%B5%B7%E9%81%93%E9%81%93384%E5%8F%B7%E8%8D%BB%E4%BC%8F%E5%81%9C%E8%BB%8A%E5%A0%B4%E7%B7%9A>
<http://www.wikidata.org/entity/Q10903476>	"北海道道384号"@ja	<http://www.wikidata.org/entity/Q34442>	"道路"@ja	<http://www.wikidata.org/entity/P131>	"位置する行政区画"@ja	<https://ja.wikipedia.org/wiki/%E5%8C%97%E6%B5%B7%E9%81%93%E9%81%93384%E5%8F%B7%E8%8D%BB%E4%BC%8F%E5%81%9C%E8%BB%8A%E5%A0%B4%E7%B7%9A>
<http://www.wikidata.org/entity/Q10903517>	"北海道道481号"@ja	<http://www.wikidata.org/entity/Q34442>	"道路"@ja	<http://www.wikidata.org/entity/P609>	"起終点"@ja	<https://ja.wikipedia.org/wiki/%E5%8C%97%E6%B5%B7%E9%81%93%E9%81%93481%E5%8F%B7%E4%B8%8A%E5%90%91%E5%88%A5%E6%B5%A6%E6%B2%B3%E5%81%9C%E8%BB%8A%E5%A0%B4%E7%B7%9A>
<http://www.wikidata.org/entity/Q10903517>	"北海道道481号"@ja	<http://www.wikidata.org/entity/Q34442>	"道路"@ja	<http://www.wikidata.org/entity/P131>	"位置する行政区画"@ja	<https://ja.wikipedia.org/wiki/%E5%8C%97%E6%B5%B7%E9%81%93%E9%81%93481%E5%8F%B7%E4%B8%8A%E5%90%91%E5%88%A5%E6%B5%A6%E6%B2%B3%E5%81%9C%E8%BB%8A%E5%A0%B4%E7%B7%9A>
<http://www.wikidata.org/entity/Q11287931>	"イーストスタッド"@ja	<http://www.wikidata.org/entity/Q108696>	"Q108696"	<http://www.wikidata.org/entity/P276>	"場所"@ja	<https://ja.wikipedia.org/wiki/%E3%82%A4%E3%83%BC%E3%82%B9%E3%83%88%E3%82%B9%E3%82%BF%E3%83%83%E3%83%89>
<http://www.wikidata.org/entity/Q11308129>	"ショウリュウムーン"@ja	<http://www.wikidata.org/entity/Q726>	"ウマ"@ja	<http://www.wikidata.org/entity/P19>	"出生地"@ja	<https://ja.wikipedia.org/wiki/%E3%82%B7%E3%83%A7%E3%82%A6%E3%83%AA%E3%83%A5%E3%82%A6%E3%83%A0%E3%83%BC%E3%83%B3>
<http://www.wikidata.org/entity/Q11308583>	"シンコウウインディ"@ja	<http://www.wikidata.org/entity/Q726>	"ウマ"@ja	<http://www.wikidata.org/entity/P19>	"出生地"@ja	<https://ja.wikipedia.org/wiki/%E3%82%B7%E3%83%B3%E3%82%B3%E3%82%A6%E3%82%A6%E3%82%A4%E3%83%B3%E3%83%87%E3%82%A3>
<http://www.wikidata.org/entity/Q11328460>	"バンブーメモリー"@ja	<http://www.wikidata.org/entity/Q726>	"ウマ"@ja	<http://www.wikidata.org/entity/P19>	"出生地"@ja	<https://ja.wikipedia.org/wiki/%E3%83%90%E3%83%B3%E3%83%96%E3%83%BC%E3%83%A1%E3%83%A2%E3%83%AA%E3%83%BC>
<http://www.wikidata.org/entity/Q11340387>	"マチカネフクキタル"@ja	<http://www.wikidata.org/entity/Q726>	"ウマ"@ja	<http://www.wikidata.org/entity/P19>	"出生地"@ja	<https://ja.wikipedia.org/wiki/%E3%83%9E%E3%83%81%E3%82%AB%E3%83%8D%E3%83%95%E3%82%AF%E3%82%AD%E3%82%BF%E3%83%AB>
<http://www.wikidata.org/entity/Q11342021>	"ミスターシービー"@ja	<http://www.wikidata.org/entity/Q726>	"ウマ"@ja	<http://www.wikidata.org/entity/P19>	"出生地"@ja	<https://ja.wikipedia.org/wiki/%E3%83%9F%E3%82%B9%E3%82%BF%E3%83%BC%E3%82%B7%E3%83%BC%E3%83%93%E3%83%BC>
<http://www.wikidata.org/entity/Q11344960>	"ヤエノムテキ"@ja	<http://www.wikidata.org/entity/Q726>	"ウマ"@ja	<http://www.wikidata.org/entity/P19>	"出生地"@ja	<https://ja.wikipedia.org/wiki/%E3%83%A4%E3%82%A8%E3%83%8E%E3%83%A0%E3%83%86%E3%82%AD>
<http://www.wikidata.org/entity/Q11354593>	"三友牧場"@ja	<http://www.wikidata.org/entity/Q108696>	"Q108696"	<http://www.wikidata.org/entity/P276>	"場所"@ja	<https://ja.wikipedia.org/wiki/%E4%B8%89%E5%8F%8B%E7%89%A7%E5%A0%B4>
<http://www.wikidata.org/entity/Q11402886>	"北海道浦河高等学校"@ja	<http://www.wikidata.org/entity/Q56351315>	"日本の高等学校"@ja	<http://www.wikidata.org/entity/P131>	"位置する行政区画"@ja	<https://ja.wikipedia.org/wiki/%E5%8C%97%E6%B5%B7%E9%81%93%E6%B5%A6%E6%B2%B3%E9%AB%98%E7%AD%89%E5%AD%A6%E6%A0%A1>
<http://www.wikidata.org/entity/Q11403149>	"北海道道1142号"@ja	<http://www.wikidata.org/entity/Q34442>	"道路"@ja	<http://www.wikidata.org/entity/P609>	"起終点"@ja	<https://ja.wikipedia.org/wiki/%E5%8C%97%E6%B5%B7%E9%81%93%E9%81%931142%E5%8F%B7%E3%81%88%E3%82%8A%E3%82%82%E6%B5%A6%E6%B2%B3%E7%B7%9A>
<http://www.wikidata.org/entity/Q11403149>	"北海道道1142号"@ja	<http://www.wikidata.org/entity/Q34442>	"道路"@ja	<http://www.wikidata.org/entity/P131>	"位置する行政区画"@ja	<https://ja.wikipedia.org/wiki/%E5%8C%97%E6%B5%B7%E9%81%93%E9%81%931142%E5%8F%B7%E3%81%88%E3%82%8A%E3%82%82%E6%B5%A6%E6%B2%B3%E7%B7%9A>
<http://www.wikidata.org/entity/Q11403551>	"北海道道746号"@ja	<http://www.wikidata.org/entity/Q34442>	"道路"@ja	<http://www.wikidata.org/entity/P609>	"起終点"@ja	<https://ja.wikipedia.org/wiki/%E5%8C%97%E6%B5%B7%E9%81%93%E9%81%93746%E5%8F%B7%E9%AB%98%E8%A6%8B%E8%A5%BF%E8%88%8E%E7%B7%9A>
<http://www.wikidata.org/entity/Q11403551>	"北海道道746号"@ja	<http://www.wikidata.org/entity/Q34442>	"道路"@ja	<http://www.wikidata.org/entity/P131>	"位置する行政区画"@ja	<https://ja.wikipedia.org/wiki/%E5%8C%97%E6%B5%B7%E9%81%93%E9%81%93746%E5%8F%B7%E9%AB%98%E8%A6%8B%E8%A5%BF%E8%88%8E%E7%B7%9A>
<http://www.wikidata.org/entity/Q11421427>	"国道236号"@ja	<http://www.wikidata.org/entity/Q34442>	"道路"@ja	<http://www.wikidata.org/entity/P609>	"起終点"@ja	<https://ja.wikipedia.org/wiki/%E5%9B%BD%E9%81%93236%E5%8F%B7>
<http://www.wikidata.org/entity/Q11528844>	"杵臼村"@ja	<http://www.wikidata.org/entity/Q18663566>	"日本の廃止市区町村"@ja	<http://www.wikidata.org/entity/P3842>	"位置する現在の行政区画"@ja	<https://ja.wikipedia.org/wiki/%E6%9D%B5%E8%87%BC%E6%9D%91>
<http://www.wikidata.org/entity/Q11528844>	"杵臼村"@ja	<http://www.wikidata.org/entity/Q18663566>	"日本の廃止市区町村"@ja	<http://www.wikidata.org/entity/P1366>	"後継"@ja	<https://ja.wikipedia.org/wiki/%E6%9D%B5%E8%87%BC%E6%9D%91>
<http://www.wikidata.org/entity/Q11532280>	"松谷栄司"@ja	<http://www.wikidata.org/entity/Q5>	"ヒト"@ja	<http://www.wikidata.org/entity/P19>	"出生地"@ja	<https://ja.wikipedia.org/wiki/%E6%9D%BE%E8%B0%B7%E6%A0%84%E5%8F%B8>
<http://www.wikidata.org/entity/Q11558277>	"浦河神社"@ja	<http://www.wikidata.org/entity/Q845945>	"神社"@ja	<http://www.wikidata.org/entity/P131>	"位置する行政区画"@ja	<https://ja.wikipedia.org/wiki/%E6%B5%A6%E6%B2%B3%E7%A5%9E%E7%A4%BE>
<http://www.wikidata.org/entity/Q11558280>	"浦河赤十字看護専門学校"@ja	<http://www.wikidata.org/entity/Q24898692>	"専修学校"@ja	<http://www.wikidata.org/entity/P131>	"位置する行政区画"@ja	<https://ja.wikipedia.org/wiki/%E6%B5%A6%E6%B2%B3%E8%B5%A4%E5%8D%81%E5%AD%97%E7%9C%8B%E8%AD%B7%E5%B0%82%E9%96%80%E5%AD%A6%E6%A0%A1>
<http://www.wikidata.org/entity/Q11558281>	"浦河赤十字病院"@ja	<http://www.wikidata.org/entity/Q16917>	"病院"@ja	<http://www.wikidata.org/entity/P131>	"位置する行政区画"@ja	<https://ja.wikipedia.org/wiki/%E6%B5%A6%E6%B2%B3%E8%B5%A4%E5%8D%81%E5%AD%97%E7%97%85%E9%99%A2>
<http://www.wikidata.org/entity/Q11575322>	"田中光敏"@ja	<http://www.wikidata.org/entity/Q5>	"ヒト"@ja	<http://www.wikidata.org/entity/P19>	"出生地"@ja	<https://ja.wikipedia.org/wiki/%E7%94%B0%E4%B8%AD%E5%85%89%E6%95%8F>
<http://www.wikidata.org/entity/Q11603291>	"管野暢昭"@ja	<http://www.wikidata.org/entity/Q5>	"ヒト"@ja	<http://www.wikidata.org/entity/P19>	"出生地"@ja	<https://ja.wikipedia.org/wiki/%E7%AE%A1%E9%87%8E%E6%9A%A2%E6%98%AD>
<http://www.wikidata.org/entity/Q56436123>	"浦河町長"@ja	<http://www.wikidata.org/entity/Q4164871>	"職位"@ja	<http://www.wikidata.org/entity/P1001>	"管轄・適用区域"@ja	
<http://www.wikidata.org/entity/Q64167906>	"梅田牧場"@ja	<http://www.wikidata.org/entity/Q108696>	"Q108696"	<http://www.wikidata.org/entity/P276>	"場所"@ja	
<http://www.wikidata.org/entity/Q64167949>	"伏木田牧場"@ja	<http://www.wikidata.org/entity/Q108696>	"Q108696"	<http://www.wikidata.org/entity/P276>	"場所"@ja	
<http://www.wikidata.org/entity/Q64686781>	"桑田牧場"@ja	<http://www.wikidata.org/entity/Q108696>	"Q108696"	<http://www.wikidata.org/entity/P276>	"場所"@ja	
<http://www.wikidata.org/entity/Q64720427>	"笠松牧場"@ja	<http://www.wikidata.org/entity/Q108696>	"Q108696"	<http://www.wikidata.org/entity/P276>	"場所"@ja	
<http://www.wikidata.org/entity/Q64720806>	"富田牧場"@ja	<http://www.wikidata.org/entity/Q108696>	"Q108696"	<http://www.wikidata.org/entity/P276>	"場所"@ja	
<http://www.wikidata.org/entity/Q64731588>	"杵臼牧場"@ja	<http://www.wikidata.org/entity/Q108696>	"Q108696"	<http://www.wikidata.org/entity/P276>	"場所"@ja	
<http://www.wikidata.org/entity/Q11618955>	"荻伏牧場"@ja	<http://www.wikidata.org/entity/Q108696>	"Q108696"	<http://www.wikidata.org/entity/P276>	"場所"@ja	<https://ja.wikipedia.org/wiki/%E8%8D%BB%E4%BC%8F%E7%89%A7%E5%A0%B4>
<http://www.wikidata.org/entity/Q11618953>	"荻伏村"@ja	<http://www.wikidata.org/entity/Q18663566>	"日本の廃止市区町村"@ja	<http://www.wikidata.org/entity/P3842>	"位置する現在の行政区画"@ja	<https://ja.wikipedia.org/wiki/%E8%8D%BB%E4%BC%8F%E6%9D%91>
<http://www.wikidata.org/entity/Q11618953>	"荻伏村"@ja	<http://www.wikidata.org/entity/Q18663566>	"日本の廃止市区町村"@ja	<http://www.wikidata.org/entity/P1366>	"後継"@ja	<https://ja.wikipedia.org/wiki/%E8%8D%BB%E4%BC%8F%E6%9D%91>
<http://www.wikidata.org/entity/Q11629436>	"西舎村"@ja	<http://www.wikidata.org/entity/Q18663566>	"日本の廃止市区町村"@ja	<http://www.wikidata.org/entity/P3842>	"位置する現在の行政区画"@ja	<https://ja.wikipedia.org/wiki/%E8%A5%BF%E8%88%8E%E6%9D%91>
<http://www.wikidata.org/entity/Q11629436>	"西舎村"@ja	<http://www.wikidata.org/entity/Q18663566>	"日本の廃止市区町村"@ja	<http://www.wikidata.org/entity/P1366>	"後継"@ja	<https://ja.wikipedia.org/wiki/%E8%A5%BF%E8%88%8E%E6%9D%91>
<http://www.wikidata.org/entity/Q11644213>	"酒井牧場"@ja	<http://www.wikidata.org/entity/Q108696>	"Q108696"	<http://www.wikidata.org/entity/P276>	"場所"@ja	<https://ja.wikipedia.org/wiki/%E9%85%92%E4%BA%95%E7%89%A7%E5%A0%B4>
<http://www.wikidata.org/entity/Q15615359>	"Category:浦河町"@ja	<http://www.wikidata.org/entity/Q4167836>	"ウィキメディアのカテゴリ"@ja	<http://www.wikidata.org/entity/P301>	"カテゴリの中心主題"@ja	<https://ja.wikipedia.org/wiki/Category:%E6%B5%A6%E6%B2%B3%E7%94%BA>
<http://www.wikidata.org/entity/Q15838486>	"ウィリアムソン師円"@ja	<http://www.wikidata.org/entity/Q5>	"ヒト"@ja	<http://www.wikidata.org/entity/P19>	"出生地"@ja	<https://ja.wikipedia.org/wiki/%E3%82%A6%E3%82%A4%E3%83%AA%E3%82%A2%E3%83%A0%E3%82%BD%E3%83%B3%E5%B8%AB%E5%86%86>
<http://www.wikidata.org/entity/Q28057535>	"小田卓朗"@ja	<http://www.wikidata.org/entity/Q5>	"ヒト"@ja	<http://www.wikidata.org/entity/P19>	"出生地"@ja	<https://ja.wikipedia.org/wiki/%E5%B0%8F%E7%94%B0%E5%8D%93%E6%9C%97>
<http://www.wikidata.org/entity/Q46553578>	"浦河港"@ja	<http://www.wikidata.org/entity/Q11424389>	"地方港湾"@ja	<http://www.wikidata.org/entity/P131>	"位置する行政区画"@ja	<https://ja.wikipedia.org/wiki/%E6%B5%A6%E6%B2%B3%E6%B8%AF>
<http://www.wikidata.org/entity/Q46553578>	"浦河港"@ja	<http://www.wikidata.org/entity/Q44782>	"港湾"@ja	<http://www.wikidata.org/entity/P131>	"位置する行政区画"@ja	<https://ja.wikipedia.org/wiki/%E6%B5%A6%E6%B2%B3%E6%B8%AF>
<http://www.wikidata.org/entity/Q56347031>	"谷川牧場"@ja	<http://www.wikidata.org/entity/Q108696>	"Q108696"	<http://www.wikidata.org/entity/P276>	"場所"@ja	<https://ja.wikipedia.org/wiki/%E8%B0%B7%E5%B7%9D%E7%89%A7%E5%A0%B4>
<http://www.wikidata.org/entity/Q77799136>	"マスターフェンサー"@ja	<http://www.wikidata.org/entity/Q726>	"ウマ"@ja	<http://www.wikidata.org/entity/P19>	"出生地"@ja	<https://ja.wikipedia.org/wiki/%E3%83%9E%E3%82%B9%E3%82%BF%E3%83%BC%E3%83%95%E3%82%A7%E3%83%B3%E3%82%B5%E3%83%BC>
<http://www.wikidata.org/entity/Q99495132>	"バビット"@ja	<http://www.wikidata.org/entity/Q726>	"ウマ"@ja	<http://www.wikidata.org/entity/P19>	"出生地"@ja	<https://ja.wikipedia.org/wiki/%E3%83%90%E3%83%93%E3%83%83%E3%83%88>
<http://www.wikidata.org/entity/Q102238499>	"飯田憲二"@ja	<http://www.wikidata.org/entity/Q5>	"ヒト"@ja	<http://www.wikidata.org/entity/P19>	"出生地"@ja	<https://ja.wikipedia.org/wiki/%E9%A3%AF%E7%94%B0%E6%86%B2%E4%BA%8C>
<http://www.wikidata.org/entity/Q106458129>	"浦河町立浦河小学校"@ja	<http://www.wikidata.org/entity/Q5358913>	"日本の小学校"@ja	<http://www.wikidata.org/entity/P131>	"位置する行政区画"@ja	<https://ja.wikipedia.org/wiki/%E6%B5%A6%E6%B2%B3%E7%94%BA%E7%AB%8B%E6%B5%A6%E6%B2%B3%E5%B0%8F%E5%AD%A6%E6%A0%A1>
<http://www.wikidata.org/entity/Q108732941>	"浦河町立浦河東部小学校"@ja	<http://www.wikidata.org/entity/Q5358913>	"日本の小学校"@ja	<http://www.wikidata.org/entity/P131>	"位置する行政区画"@ja	<https://ja.wikipedia.org/wiki/%E6%B5%A6%E6%B2%B3%E7%94%BA%E7%AB%8B%E6%B5%A6%E6%B2%B3%E6%9D%B1%E9%83%A8%E5%B0%8F%E5%AD%A6%E6%A0%A1>
<http://www.wikidata.org/entity/Q109600106>	"テオレーマ"@ja	<http://www.wikidata.org/entity/Q726>	"ウマ"@ja	<http://www.wikidata.org/entity/P19>	"出生地"@ja	<https://ja.wikipedia.org/wiki/%E3%83%86%E3%82%AA%E3%83%AC%E3%83%BC%E3%83%9E>
<http://www.wikidata.org/entity/Q111218158>	"エイシンクリック"@ja	<http://www.wikidata.org/entity/Q726>	"ウマ"@ja	<http://www.wikidata.org/entity/P19>	"出生地"@ja	<https://ja.wikipedia.org/wiki/%E3%82%A8%E3%82%A4%E3%82%B7%E3%83%B3%E3%82%AF%E3%83%AA%E3%83%83%E3%82%AF>
<http://www.wikidata.org/entity/Q111975389>	"ヨシオ"@ja	<http://www.wikidata.org/entity/Q726>	"ウマ"@ja	<http://www.wikidata.org/entity/P19>	"出生地"@ja	<https://ja.wikipedia.org/wiki/%E3%83%A8%E3%82%B7%E3%82%AA>
<http://www.wikidata.org/entity/Q113117649>	"テイエムスパーダ"@ja	<http://www.wikidata.org/entity/Q726>	"ウマ"@ja	<http://www.wikidata.org/entity/P19>	"出生地"@ja	<https://ja.wikipedia.org/wiki/%E3%83%86%E3%82%A4%E3%82%A8%E3%83%A0%E3%82%B9%E3%83%91%E3%83%BC%E3%83%80>
<http://www.wikidata.org/entity/Q113128886>	"ゲンパチルシファー"@ja	<http://www.wikidata.org/entity/Q726>	"ウマ"@ja	<http://www.wikidata.org/entity/P19>	"出生地"@ja	<https://ja.wikipedia.org/wiki/%E3%82%B2%E3%83%B3%E3%83%91%E3%83%81%E3%83%AB%E3%82%B7%E3%83%95%E3%82%A1%E3%83%BC>
<http://www.wikidata.org/entity/Q113382658>	"ビリーバー"@ja	<http://www.wikidata.org/entity/Q726>	"ウマ"@ja	<http://www.wikidata.org/entity/P19>	"出生地"@ja	<https://ja.wikipedia.org/wiki/%E3%83%93%E3%83%AA%E3%83%BC%E3%83%90%E3%83%BC_(%E7%AB%B6%E8%B5%B0%E9%A6%AC)>
<http://www.wikidata.org/entity/Q113422425>	"ホッコーメヴィウス"@ja	<http://www.wikidata.org/entity/Q726>	"ウマ"@ja	<http://www.wikidata.org/entity/P19>	"出生地"@ja	<https://ja.wikipedia.org/wiki/%E3%83%9B%E3%83%83%E3%82%B3%E3%83%BC%E3%83%A1%E3%83%B4%E3%82%A3%E3%82%A6%E3%82%B9>
<http://www.wikidata.org/entity/Q113945909>	"エイシンルーデンス"@ja	<http://www.wikidata.org/entity/Q726>	"ウマ"@ja	<http://www.wikidata.org/entity/P19>	"出生地"@ja	<https://ja.wikipedia.org/wiki/%E3%82%A8%E3%82%A4%E3%82%B7%E3%83%B3%E3%83%AB%E3%83%BC%E3%83%87%E3%83%B3%E3%82%B9>
<http://www.wikidata.org/entity/Q114061365>	"ドゥーラ"@ja	<http://www.wikidata.org/entity/Q726>	"ウマ"@ja	<http://www.wikidata.org/entity/P19>	"出生地"@ja	<https://ja.wikipedia.org/wiki/%E3%83%89%E3%82%A5%E3%83%BC%E3%83%A9>
<http://www.wikidata.org/entity/Q114061786>	"アートハウス"@ja	<http://www.wikidata.org/entity/Q726>	"ウマ"@ja	<http://www.wikidata.org/entity/P19>	"出生地"@ja	<https://ja.wikipedia.org/wiki/%E3%82%A2%E3%83%BC%E3%83%88%E3%83%8F%E3%82%A6%E3%82%B9>
<http://www.wikidata.org/entity/Q114268395>	"ピエナビーナス"@ja	<http://www.wikidata.org/entity/Q726>	"ウマ"@ja	<http://www.wikidata.org/entity/P19>	"出生地"@ja	<https://ja.wikipedia.org/wiki/%E3%83%94%E3%82%A8%E3%83%8A%E3%83%93%E3%83%BC%E3%83%8A%E3%82%B9>
<http://www.wikidata.org/entity/Q114269388>	"マルモセーラ"@ja	<http://www.wikidata.org/entity/Q726>	"ウマ"@ja	<http://www.wikidata.org/entity/P19>	"出生地"@ja	<https://ja.wikipedia.org/wiki/%E3%83%9E%E3%83%AB%E3%83%A2%E3%82%BB%E3%83%BC%E3%83%A9>
<http://www.wikidata.org/entity/Q114269924>	"ショウナンタレント"@ja	<http://www.wikidata.org/entity/Q726>	"ウマ"@ja	<http://www.wikidata.org/entity/P19>	"出生地"@ja	<https://ja.wikipedia.org/wiki/%E3%82%B7%E3%83%A7%E3%82%A6%E3%83%8A%E3%83%B3%E3%82%BF%E3%83%AC%E3%83%B3%E3%83%88>
<http://www.wikidata.org/entity/Q114436355>	"メイショウマシュウ"@ja	<http://www.wikidata.org/entity/Q726>	"ウマ"@ja	<http://www.wikidata.org/entity/P19>	"出生地"@ja	<https://ja.wikipedia.org/wiki/%E3%83%A1%E3%82%A4%E3%82%B7%E3%83%A7%E3%82%A6%E3%83%9E%E3%82%B7%E3%83%A5%E3%82%A6>
<http://www.wikidata.org/entity/Q114585143>	"タマモベストプレイ"@ja	<http://www.wikidata.org/entity/Q726>	"ウマ"@ja	<http://www.wikidata.org/entity/P19>	"出生地"@ja	<https://ja.wikipedia.org/wiki/%E3%82%BF%E3%83%9E%E3%83%A2%E3%83%99%E3%82%B9%E3%83%88%E3%83%97%E3%83%AC%E3%82%A4>
<http://www.wikidata.org/entity/Q114757983>	"メイショウナルト"@ja	<http://www.wikidata.org/entity/Q726>	"ウマ"@ja	<http://www.wikidata.org/entity/P19>	"出生地"@ja	<https://ja.wikipedia.org/wiki/%E3%83%A1%E3%82%A4%E3%82%B7%E3%83%A7%E3%82%A6%E3%83%8A%E3%83%AB%E3%83%88>
<http://www.wikidata.org/entity/Q114836641>	"ハカタビッグワン"@ja	<http://www.wikidata.org/entity/Q726>	"ウマ"@ja	<http://www.wikidata.org/entity/P19>	"出生地"@ja	<https://ja.wikipedia.org/wiki/%E3%83%8F%E3%82%AB%E3%82%BF%E3%83%93%E3%83%83%E3%82%B0%E3%83%AF%E3%83%B3>
<http://www.wikidata.org/entity/Q114876073>	"ケイアイレオーネ"@ja	<http://www.wikidata.org/entity/Q726>	"ウマ"@ja	<http://www.wikidata.org/entity/P19>	"出生地"@ja	<https://ja.wikipedia.org/wiki/%E3%82%B1%E3%82%A4%E3%82%A2%E3%82%A4%E3%83%AC%E3%82%AA%E3%83%BC%E3%83%8D>
<http://www.wikidata.org/entity/Q115299160>	"ガストリック"@ja	<http://www.wikidata.org/entity/Q726>	"ウマ"@ja	<http://www.wikidata.org/entity/P19>	"出生地"@ja	<https://ja.wikipedia.org/wiki/%E3%82%AC%E3%82%B9%E3%83%88%E3%83%AA%E3%83%83%E3%82%AF>
