?s	?sLabel	?type	?typeLabel	?prop	?propLabel	?jwiki
<http://www.wikidata.org/entity/Q7408595>	"様似駅"@ja	<http://www.wikidata.org/entity/Q55488>	"鉄道駅"@ja	<http://www.wikidata.org/entity/P131>	"位置する行政区画"@ja	<https://ja.wikipedia.org/wiki/%E6%A7%98%E4%BC%BC%E9%A7%85>
<http://www.wikidata.org/entity/Q7902922>	"鵜苫駅"@ja	<http://www.wikidata.org/entity/Q55488>	"鉄道駅"@ja	<http://www.wikidata.org/entity/P131>	"位置する行政区画"@ja	<https://ja.wikipedia.org/wiki/%E9%B5%9C%E8%8B%AB%E9%A7%85>
<http://www.wikidata.org/entity/Q10079622>	"Category:様似町"@ja	<http://www.wikidata.org/entity/Q4167836>	"ウィキメディアのカテゴリ"@ja	<http://www.wikidata.org/entity/P301>	"カテゴリの中心主題"@ja	<https://ja.wikipedia.org/wiki/Category:%E6%A7%98%E4%BC%BC%E7%94%BA>
<http://www.wikidata.org/entity/Q10903478>	"北海道道389号"@ja	<http://www.wikidata.org/entity/Q34442>	"道路"@ja	<http://www.wikidata.org/entity/P609>	"起終点"@ja	<https://ja.wikipedia.org/wiki/%E5%8C%97%E6%B5%B7%E9%81%93%E9%81%93389%E5%8F%B7%E6%A7%98%E4%BC%BC%E6%B8%AF%E7%B7%9A>
<http://www.wikidata.org/entity/Q10903478>	"北海道道389号"@ja	<http://www.wikidata.org/entity/Q34442>	"道路"@ja	<http://www.wikidata.org/entity/P131>	"位置する行政区画"@ja	<https://ja.wikipedia.org/wiki/%E5%8C%97%E6%B5%B7%E9%81%93%E9%81%93389%E5%8F%B7%E6%A7%98%E4%BC%BC%E6%B8%AF%E7%B7%9A>
<http://www.wikidata.org/entity/Q11402869>	"北海道様似高等学校"@ja	<http://www.wikidata.org/entity/Q56351315>	"日本の高等学校"@ja	<http://www.wikidata.org/entity/P131>	"位置する行政区画"@ja	<https://ja.wikipedia.org/wiki/%E5%8C%97%E6%B5%B7%E9%81%93%E6%A7%98%E4%BC%BC%E9%AB%98%E7%AD%89%E5%AD%A6%E6%A0%A1>
<http://www.wikidata.org/entity/Q11403149>	"北海道道1142号"@ja	<http://www.wikidata.org/entity/Q34442>	"道路"@ja	<http://www.wikidata.org/entity/P131>	"位置する行政区画"@ja	<https://ja.wikipedia.org/wiki/%E5%8C%97%E6%B5%B7%E9%81%93%E9%81%931142%E5%8F%B7%E3%81%88%E3%82%8A%E3%82%82%E6%B5%A6%E6%B2%B3%E7%B7%9A>
<http://www.wikidata.org/entity/Q11403241>	"北海道道233号"@ja	<http://www.wikidata.org/entity/Q34442>	"道路"@ja	<http://www.wikidata.org/entity/P609>	"起終点"@ja	<https://ja.wikipedia.org/wiki/%E5%8C%97%E6%B5%B7%E9%81%93%E9%81%93233%E5%8F%B7%E6%96%B0%E5%AF%8C%E6%A7%98%E4%BC%BC%E5%81%9C%E8%BB%8A%E5%A0%B4%E7%B7%9A>
<http://www.wikidata.org/entity/Q11403241>	"北海道道233号"@ja	<http://www.wikidata.org/entity/Q34442>	"道路"@ja	<http://www.wikidata.org/entity/P131>	"位置する行政区画"@ja	<https://ja.wikipedia.org/wiki/%E5%8C%97%E6%B5%B7%E9%81%93%E9%81%93233%E5%8F%B7%E6%96%B0%E5%AF%8C%E6%A7%98%E4%BC%BC%E5%81%9C%E8%BB%8A%E5%A0%B4%E7%B7%9A>
<http://www.wikidata.org/entity/Q11602729>	"等澍院"@ja	<http://www.wikidata.org/entity/Q5393308>	"仏教寺院"@ja	<http://www.wikidata.org/entity/P131>	"位置する行政区画"@ja	<https://ja.wikipedia.org/wiki/%E7%AD%89%E6%BE%8D%E9%99%A2>
<http://www.wikidata.org/entity/Q48744025>	"アポイ岳ジオパーク"@ja	<http://www.wikidata.org/entity/Q53444003>	"ユネスコ世界ジオパーク"@ja	<http://www.wikidata.org/entity/P131>	"位置する行政区画"@ja	<https://ja.wikipedia.org/wiki/%E3%82%A2%E3%83%9D%E3%82%A4%E5%B2%B3%E3%82%B8%E3%82%AA%E3%83%91%E3%83%BC%E3%82%AF>
<http://www.wikidata.org/entity/Q55541603>	"萩中美枝"@ja	<http://www.wikidata.org/entity/Q5>	"ヒト"@ja	<http://www.wikidata.org/entity/P19>	"出生地"@ja	<https://ja.wikipedia.org/wiki/%E8%90%A9%E4%B8%AD%E7%BE%8E%E6%9E%9D>
<http://www.wikidata.org/entity/Q100870342>	"エンルム岬"@ja	<http://www.wikidata.org/entity/Q185113>	"岬"@ja	<http://www.wikidata.org/entity/P131>	"位置する行政区画"@ja	<https://ja.wikipedia.org/wiki/%E3%82%A8%E3%83%B3%E3%83%AB%E3%83%A0%E5%B2%AC>
<http://www.wikidata.org/entity/Q108945203>	"様似町立様似小学校"@ja	<http://www.wikidata.org/entity/Q5358913>	"日本の小学校"@ja	<http://www.wikidata.org/entity/P131>	"位置する行政区画"@ja	<https://ja.wikipedia.org/wiki/%E6%A7%98%E4%BC%BC%E7%94%BA%E7%AB%8B%E6%A7%98%E4%BC%BC%E5%B0%8F%E5%AD%A6%E6%A0%A1>
<http://www.wikidata.org/entity/Q112629847>	"ペイシャエス"@ja	<http://www.wikidata.org/entity/Q726>	"ウマ"@ja	<http://www.wikidata.org/entity/P19>	"出生地"@ja	<https://ja.wikipedia.org/wiki/%E3%83%9A%E3%82%A4%E3%82%B7%E3%83%A3%E3%82%A8%E3%82%B9>
<http://www.wikidata.org/entity/Q113945961>	"マコトブリジャール"@ja	<http://www.wikidata.org/entity/Q726>	"ウマ"@ja	<http://www.wikidata.org/entity/P19>	"出生地"@ja	<https://ja.wikipedia.org/wiki/%E3%83%9E%E3%82%B3%E3%83%88%E3%83%96%E3%83%AA%E3%82%B8%E3%83%A3%E3%83%BC%E3%83%AB>
<http://www.wikidata.org/entity/Q113945971>	"スプリングドリュー"@ja	<http://www.wikidata.org/entity/Q726>	"ウマ"@ja	<http://www.wikidata.org/entity/P19>	"出生地"@ja	<https://ja.wikipedia.org/wiki/%E3%82%B9%E3%83%97%E3%83%AA%E3%83%B3%E3%82%B0%E3%83%89%E3%83%AA%E3%83%A5%E3%83%BC>
<http://www.wikidata.org/entity/Q114268891>	"タシロスプリング"@ja	<http://www.wikidata.org/entity/Q726>	"ウマ"@ja	<http://www.wikidata.org/entity/P19>	"出生地"@ja	<https://ja.wikipedia.org/wiki/%E3%82%BF%E3%82%B7%E3%83%AD%E3%82%B9%E3%83%97%E3%83%AA%E3%83%B3%E3%82%B0>
<http://www.wikidata.org/entity/Q187124>	"えりも町"@ja	<http://www.wikidata.org/entity/Q1059478>	"日本の町"@ja	<http://www.wikidata.org/entity/P47>	"隣の国又は行政区画"@ja	<https://ja.wikipedia.org/wiki/%E3%81%88%E3%82%8A%E3%82%82%E7%94%BA>
<http://www.wikidata.org/entity/Q618843>	"アポイ岳"@ja	<http://www.wikidata.org/entity/Q8502>	"山"@ja	<http://www.wikidata.org/entity/P131>	"位置する行政区画"@ja	<https://ja.wikipedia.org/wiki/%E3%82%A2%E3%83%9D%E3%82%A4%E5%B2%B3>
<http://www.wikidata.org/entity/Q733371>	"野田村"@ja	<http://www.wikidata.org/entity/Q4174776>	"日本の村"@ja	<http://www.wikidata.org/entity/P190>	"姉妹都市"@ja	<https://ja.wikipedia.org/wiki/%E9%87%8E%E7%94%B0%E6%9D%91>
<http://www.wikidata.org/entity/Q920980>	"様似郡"@ja	<http://www.wikidata.org/entity/Q1122846>	"郡"@ja	<http://www.wikidata.org/entity/P150>	"直下の行政区画"@ja	<https://ja.wikipedia.org/wiki/%E6%A7%98%E4%BC%BC%E9%83%A1>
<http://www.wikidata.org/entity/Q1210489>	"広尾町"@ja	<http://www.wikidata.org/entity/Q1059478>	"日本の町"@ja	<http://www.wikidata.org/entity/P47>	"隣の国又は行政区画"@ja	<https://ja.wikipedia.org/wiki/%E5%BA%83%E5%B0%BE%E7%94%BA>
<http://www.wikidata.org/entity/Q1355506>	"浦河町"@ja	<http://www.wikidata.org/entity/Q1059478>	"日本の町"@ja	<http://www.wikidata.org/entity/P47>	"隣の国又は行政区画"@ja	<https://ja.wikipedia.org/wiki/%E6%B5%A6%E6%B2%B3%E7%94%BA>
<http://www.wikidata.org/entity/Q7040395>	"西様似駅"@ja	<http://www.wikidata.org/entity/Q55488>	"鉄道駅"@ja	<http://www.wikidata.org/entity/P131>	"位置する行政区画"@ja	<https://ja.wikipedia.org/wiki/%E8%A5%BF%E6%A7%98%E4%BC%BC%E9%A7%85>
<http://www.wikidata.org/entity/Q7196350>	"ピンネシリ"@ja	<http://www.wikidata.org/entity/Q8502>	"山"@ja	<http://www.wikidata.org/entity/P131>	"位置する行政区画"@ja	
<http://www.wikidata.org/entity/Q56436124>	"様似町長"@ja	<http://www.wikidata.org/entity/Q4164871>	"職位"@ja	<http://www.wikidata.org/entity/P1001>	"管轄・適用区域"@ja	
<http://www.wikidata.org/entity/Q64141224>	"様似堀牧場"@ja	<http://www.wikidata.org/entity/Q108696>	"Q108696"	<http://www.wikidata.org/entity/P276>	"場所"@ja	
