?s	?sLabel	?type	?p	?pLabel	?jwiki	?wd
<http://ja.dbpedia.org/resource/YASU>	"YASU"@ja	<http://dbpedia.org/ontology/Person>	<http://ja.dbpedia.org/property/出生地>	"出生地"@ja	<http://ja.wikipedia.org/wiki/YASU>	<http://wikidata.dbpedia.org/resource/Q11254946>
<http://ja.dbpedia.org/resource/YASU>	"YASU"@ja	<http://dbpedia.org/ontology/Animal>	<http://ja.dbpedia.org/property/出生地>	"出生地"@ja	<http://ja.wikipedia.org/wiki/YASU>	<http://wikidata.dbpedia.org/resource/Q11254946>
<http://ja.dbpedia.org/resource/YASU>	"YASU"@ja	<http://dbpedia.org/ontology/Eukaryote>	<http://ja.dbpedia.org/property/出生地>	"出生地"@ja	<http://ja.wikipedia.org/wiki/YASU>	<http://wikidata.dbpedia.org/resource/Q11254946>
<http://ja.dbpedia.org/resource/YASU>	"YASU"@ja	<http://dbpedia.org/ontology/Actor>	<http://ja.dbpedia.org/property/出生地>	"出生地"@ja	<http://ja.wikipedia.org/wiki/YASU>	<http://wikidata.dbpedia.org/resource/Q11254946>
<http://ja.dbpedia.org/resource/YASU>	"YASU"@ja	<http://dbpedia.org/ontology/Species>	<http://ja.dbpedia.org/property/出生地>	"出生地"@ja	<http://ja.wikipedia.org/wiki/YASU>	<http://wikidata.dbpedia.org/resource/Q11254946>
<http://ja.dbpedia.org/resource/YASU>	"YASU"@ja	<http://dbpedia.org/ontology/Artist>	<http://ja.dbpedia.org/property/出生地>	"出生地"@ja	<http://ja.wikipedia.org/wiki/YASU>	<http://wikidata.dbpedia.org/resource/Q11254946>
<http://ja.dbpedia.org/resource/あかぎ信用組合>	"あかぎ信用組合"@ja	<http://dbpedia.org/ontology/Company>	<http://ja.dbpedia.org/property/関係する人物>	"関係する人物"@ja	<http://ja.wikipedia.org/wiki/あかぎ信用組合>	<http://wikidata.dbpedia.org/resource/Q11256845>
<http://ja.dbpedia.org/resource/あかぎ信用組合>	"あかぎ信用組合"@ja	<http://dbpedia.org/ontology/Agent>	<http://ja.dbpedia.org/property/関係する人物>	"関係する人物"@ja	<http://ja.wikipedia.org/wiki/あかぎ信用組合>	<http://wikidata.dbpedia.org/resource/Q11256845>
<http://ja.dbpedia.org/resource/あかぎ信用組合>	"あかぎ信用組合"@ja	<http://dbpedia.org/ontology/Organisation>	<http://ja.dbpedia.org/property/関係する人物>	"関係する人物"@ja	<http://ja.wikipedia.org/wiki/あかぎ信用組合>	<http://wikidata.dbpedia.org/resource/Q11256845>
<http://ja.dbpedia.org/resource/みどり市>	"みどり市"@ja	<http://dbpedia.org/ontology/Place>	<http://ja.dbpedia.org/property/隣接自治体>	"隣接自治体"@ja	<http://ja.wikipedia.org/wiki/みどり市>	<http://wikidata.dbpedia.org/resource/Q576556>
<http://ja.dbpedia.org/resource/みどり市>	"みどり市"@ja	<http://dbpedia.org/ontology/City>	<http://ja.dbpedia.org/property/隣接自治体>	"隣接自治体"@ja	<http://ja.wikipedia.org/wiki/みどり市>	<http://wikidata.dbpedia.org/resource/Q576556>
<http://ja.dbpedia.org/resource/みどり市>	"みどり市"@ja	<http://dbpedia.org/ontology/Settlement>	<http://ja.dbpedia.org/property/隣接自治体>	"隣接自治体"@ja	<http://ja.wikipedia.org/wiki/みどり市>	<http://wikidata.dbpedia.org/resource/Q576556>
<http://ja.dbpedia.org/resource/みどり市>	"みどり市"@ja	<http://dbpedia.org/ontology/PopulatedPlace>	<http://ja.dbpedia.org/property/隣接自治体>	"隣接自治体"@ja	<http://ja.wikipedia.org/wiki/みどり市>	<http://wikidata.dbpedia.org/resource/Q576556>
<http://ja.dbpedia.org/resource/みどり市>	"みどり市"@ja	<http://dbpedia.org/ontology/Location>	<http://ja.dbpedia.org/property/隣接自治体>	"隣接自治体"@ja	<http://ja.wikipedia.org/wiki/みどり市>	<http://wikidata.dbpedia.org/resource/Q576556>
<http://ja.dbpedia.org/resource/井野俊郎>	"井野俊郎"@ja	<http://dbpedia.org/ontology/Species>	<http://ja.dbpedia.org/property/選挙名>	"選挙名"@ja	<http://ja.wikipedia.org/wiki/井野俊郎>	<http://wikidata.dbpedia.org/resource/Q11373778>
<http://ja.dbpedia.org/resource/井野俊郎>	"井野俊郎"@ja	<http://dbpedia.org/ontology/Person>	<http://ja.dbpedia.org/property/選挙名>	"選挙名"@ja	<http://ja.wikipedia.org/wiki/井野俊郎>	<http://wikidata.dbpedia.org/resource/Q11373778>
<http://ja.dbpedia.org/resource/井野俊郎>	"井野俊郎"@ja	<http://dbpedia.org/ontology/Animal>	<http://ja.dbpedia.org/property/選挙名>	"選挙名"@ja	<http://ja.wikipedia.org/wiki/井野俊郎>	<http://wikidata.dbpedia.org/resource/Q11373778>
<http://ja.dbpedia.org/resource/井野俊郎>	"井野俊郎"@ja	<http://dbpedia.org/ontology/Eukaryote>	<http://ja.dbpedia.org/property/選挙名>	"選挙名"@ja	<http://ja.wikipedia.org/wiki/井野俊郎>	<http://wikidata.dbpedia.org/resource/Q11373778>
<http://ja.dbpedia.org/resource/井野俊郎>	"井野俊郎"@ja	<http://dbpedia.org/ontology/Politician>	<http://ja.dbpedia.org/property/選挙名>	"選挙名"@ja	<http://ja.wikipedia.org/wiki/井野俊郎>	<http://wikidata.dbpedia.org/resource/Q11373778>
<http://ja.dbpedia.org/resource/伊勢崎市立あずま中学校>	"伊勢崎市立あずま中学校"@ja	<http://dbpedia.org/ontology/EducationalInstitution>	<http://ja.dbpedia.org/property/設置者>	"設置者"@ja	<http://ja.wikipedia.org/wiki/伊勢崎市立あずま中学校>	<http://wikidata.dbpedia.org/resource/Q11378998>
<http://ja.dbpedia.org/resource/伊勢崎市立あずま中学校>	"伊勢崎市立あずま中学校"@ja	<http://dbpedia.org/ontology/School>	<http://ja.dbpedia.org/property/設置者>	"設置者"@ja	<http://ja.wikipedia.org/wiki/伊勢崎市立あずま中学校>	<http://wikidata.dbpedia.org/resource/Q11378998>
<http://ja.dbpedia.org/resource/伊勢崎市立あずま中学校>	"伊勢崎市立あずま中学校"@ja	<http://dbpedia.org/ontology/Organisation>	<http://ja.dbpedia.org/property/設置者>	"設置者"@ja	<http://ja.wikipedia.org/wiki/伊勢崎市立あずま中学校>	<http://wikidata.dbpedia.org/resource/Q11378998>
<http://ja.dbpedia.org/resource/伊勢崎市立あずま中学校>	"伊勢崎市立あずま中学校"@ja	<http://dbpedia.org/ontology/Agent>	<http://ja.dbpedia.org/property/設置者>	"設置者"@ja	<http://ja.wikipedia.org/wiki/伊勢崎市立あずま中学校>	<http://wikidata.dbpedia.org/resource/Q11378998>
<http://ja.dbpedia.org/resource/伊勢崎市立北小学校>	"伊勢崎市立北小学校"@ja	<http://dbpedia.org/ontology/School>	<http://ja.dbpedia.org/property/設置者>	"設置者"@ja	<http://ja.wikipedia.org/wiki/伊勢崎市立北小学校>	<http://wikidata.dbpedia.org/resource/Q38277119>
<http://ja.dbpedia.org/resource/伊勢崎市立北小学校>	"伊勢崎市立北小学校"@ja	<http://dbpedia.org/ontology/EducationalInstitution>	<http://ja.dbpedia.org/property/設置者>	"設置者"@ja	<http://ja.wikipedia.org/wiki/伊勢崎市立北小学校>	<http://wikidata.dbpedia.org/resource/Q38277119>
<http://ja.dbpedia.org/resource/伊勢崎市立北小学校>	"伊勢崎市立北小学校"@ja	<http://dbpedia.org/ontology/Agent>	<http://ja.dbpedia.org/property/設置者>	"設置者"@ja	<http://ja.wikipedia.org/wiki/伊勢崎市立北小学校>	<http://wikidata.dbpedia.org/resource/Q38277119>
<http://ja.dbpedia.org/resource/伊勢崎市立北小学校>	"伊勢崎市立北小学校"@ja	<http://dbpedia.org/ontology/Organisation>	<http://ja.dbpedia.org/property/設置者>	"設置者"@ja	<http://ja.wikipedia.org/wiki/伊勢崎市立北小学校>	<http://wikidata.dbpedia.org/resource/Q38277119>
<http://ja.dbpedia.org/resource/伊勢崎市立南小学校>	"伊勢崎市立南小学校"@ja	<http://dbpedia.org/ontology/Organisation>	<http://ja.dbpedia.org/property/設置者>	"設置者"@ja	<http://ja.wikipedia.org/wiki/伊勢崎市立南小学校>	<http://wikidata.dbpedia.org/resource/Q17213799>
<http://ja.dbpedia.org/resource/伊勢崎市立南小学校>	"伊勢崎市立南小学校"@ja	<http://dbpedia.org/ontology/Agent>	<http://ja.dbpedia.org/property/設置者>	"設置者"@ja	<http://ja.wikipedia.org/wiki/伊勢崎市立南小学校>	<http://wikidata.dbpedia.org/resource/Q17213799>
<http://ja.dbpedia.org/resource/伊勢崎市立南小学校>	"伊勢崎市立南小学校"@ja	<http://dbpedia.org/ontology/School>	<http://ja.dbpedia.org/property/設置者>	"設置者"@ja	<http://ja.wikipedia.org/wiki/伊勢崎市立南小学校>	<http://wikidata.dbpedia.org/resource/Q17213799>
<http://ja.dbpedia.org/resource/伊勢崎市立南小学校>	"伊勢崎市立南小学校"@ja	<http://dbpedia.org/ontology/EducationalInstitution>	<http://ja.dbpedia.org/property/設置者>	"設置者"@ja	<http://ja.wikipedia.org/wiki/伊勢崎市立南小学校>	<http://wikidata.dbpedia.org/resource/Q17213799>
<http://ja.dbpedia.org/resource/境島村>	"境島村"@ja	<http://dbpedia.org/ontology/Place>	<http://ja.dbpedia.org/property/subdivisionName>	"subdivision name"@ja	<http://ja.wikipedia.org/wiki/境島村>	<http://wikidata.dbpedia.org/resource/Q11429009>
<http://ja.dbpedia.org/resource/境島村>	"境島村"@ja	<http://dbpedia.org/ontology/Settlement>	<http://ja.dbpedia.org/property/subdivisionName>	"subdivision name"@ja	<http://ja.wikipedia.org/wiki/境島村>	<http://wikidata.dbpedia.org/resource/Q11429009>
<http://ja.dbpedia.org/resource/境島村>	"境島村"@ja	<http://dbpedia.org/ontology/PopulatedPlace>	<http://ja.dbpedia.org/property/subdivisionName>	"subdivision name"@ja	<http://ja.wikipedia.org/wiki/境島村>	<http://wikidata.dbpedia.org/resource/Q11429009>
<http://ja.dbpedia.org/resource/境島村>	"境島村"@ja	<http://dbpedia.org/ontology/Location>	<http://ja.dbpedia.org/property/subdivisionName>	"subdivision name"@ja	<http://ja.wikipedia.org/wiki/境島村>	<http://wikidata.dbpedia.org/resource/Q11429009>
<http://ja.dbpedia.org/resource/安堀町>	"安堀町"@ja	<http://dbpedia.org/ontology/Settlement>	<http://ja.dbpedia.org/property/subdivisionName>	"subdivision name"@ja	<http://ja.wikipedia.org/wiki/安堀町>	<http://wikidata.dbpedia.org/resource/Q11450490>
<http://ja.dbpedia.org/resource/安堀町>	"安堀町"@ja	<http://dbpedia.org/ontology/Place>	<http://ja.dbpedia.org/property/subdivisionName>	"subdivision name"@ja	<http://ja.wikipedia.org/wiki/安堀町>	<http://wikidata.dbpedia.org/resource/Q11450490>
<http://ja.dbpedia.org/resource/安堀町>	"安堀町"@ja	<http://dbpedia.org/ontology/Location>	<http://ja.dbpedia.org/property/subdivisionName>	"subdivision name"@ja	<http://ja.wikipedia.org/wiki/安堀町>	<http://wikidata.dbpedia.org/resource/Q11450490>
<http://ja.dbpedia.org/resource/安堀町>	"安堀町"@ja	<http://dbpedia.org/ontology/PopulatedPlace>	<http://ja.dbpedia.org/property/subdivisionName>	"subdivision name"@ja	<http://ja.wikipedia.org/wiki/安堀町>	<http://wikidata.dbpedia.org/resource/Q11450490>
<http://ja.dbpedia.org/resource/宮子町>	"宮子町"@ja	<http://dbpedia.org/ontology/Place>	<http://ja.dbpedia.org/property/subdivisionName>	"subdivision name"@ja	<http://ja.wikipedia.org/wiki/宮子町>	<http://wikidata.dbpedia.org/resource/Q11454046>
<http://ja.dbpedia.org/resource/宮子町>	"宮子町"@ja	<http://dbpedia.org/ontology/Settlement>	<http://ja.dbpedia.org/property/subdivisionName>	"subdivision name"@ja	<http://ja.wikipedia.org/wiki/宮子町>	<http://wikidata.dbpedia.org/resource/Q11454046>
<http://ja.dbpedia.org/resource/宮子町>	"宮子町"@ja	<http://dbpedia.org/ontology/PopulatedPlace>	<http://ja.dbpedia.org/property/subdivisionName>	"subdivision name"@ja	<http://ja.wikipedia.org/wiki/宮子町>	<http://wikidata.dbpedia.org/resource/Q11454046>
<http://ja.dbpedia.org/resource/宮子町>	"宮子町"@ja	<http://dbpedia.org/ontology/Location>	<http://ja.dbpedia.org/property/subdivisionName>	"subdivision name"@ja	<http://ja.wikipedia.org/wiki/宮子町>	<http://wikidata.dbpedia.org/resource/Q11454046>
<http://ja.dbpedia.org/resource/本町_(伊勢崎市)>	"本町 (伊勢崎市)"@ja	<http://dbpedia.org/ontology/Location>	<http://ja.dbpedia.org/property/subdivisionName>	"subdivision name"@ja	<http://ja.wikipedia.org/wiki/本町_(伊勢崎市)>	<http://wikidata.dbpedia.org/resource/Q86736629>
<http://ja.dbpedia.org/resource/本町_(伊勢崎市)>	"本町 (伊勢崎市)"@ja	<http://dbpedia.org/ontology/PopulatedPlace>	<http://ja.dbpedia.org/property/subdivisionName>	"subdivision name"@ja	<http://ja.wikipedia.org/wiki/本町_(伊勢崎市)>	<http://wikidata.dbpedia.org/resource/Q86736629>
<http://ja.dbpedia.org/resource/本町_(伊勢崎市)>	"本町 (伊勢崎市)"@ja	<http://dbpedia.org/ontology/Settlement>	<http://ja.dbpedia.org/property/subdivisionName>	"subdivision name"@ja	<http://ja.wikipedia.org/wiki/本町_(伊勢崎市)>	<http://wikidata.dbpedia.org/resource/Q86736629>
<http://ja.dbpedia.org/resource/本町_(伊勢崎市)>	"本町 (伊勢崎市)"@ja	<http://dbpedia.org/ontology/Place>	<http://ja.dbpedia.org/property/subdivisionName>	"subdivision name"@ja	<http://ja.wikipedia.org/wiki/本町_(伊勢崎市)>	<http://wikidata.dbpedia.org/resource/Q86736629>
<http://ja.dbpedia.org/resource/桐生市>	"桐生市"@ja	<http://dbpedia.org/ontology/Place>	<http://ja.dbpedia.org/property/隣接自治体>	"隣接自治体"@ja	<http://ja.wikipedia.org/wiki/桐生市>	<http://wikidata.dbpedia.org/resource/Q634022>
<http://ja.dbpedia.org/resource/桐生市>	"桐生市"@ja	<http://dbpedia.org/ontology/City>	<http://ja.dbpedia.org/property/隣接自治体>	"隣接自治体"@ja	<http://ja.wikipedia.org/wiki/桐生市>	<http://wikidata.dbpedia.org/resource/Q634022>
<http://ja.dbpedia.org/resource/桐生市>	"桐生市"@ja	<http://dbpedia.org/ontology/Settlement>	<http://ja.dbpedia.org/property/隣接自治体>	"隣接自治体"@ja	<http://ja.wikipedia.org/wiki/桐生市>	<http://wikidata.dbpedia.org/resource/Q634022>
<http://ja.dbpedia.org/resource/桐生市>	"桐生市"@ja	<http://dbpedia.org/ontology/PopulatedPlace>	<http://ja.dbpedia.org/property/隣接自治体>	"隣接自治体"@ja	<http://ja.wikipedia.org/wiki/桐生市>	<http://wikidata.dbpedia.org/resource/Q634022>
<http://ja.dbpedia.org/resource/桐生市>	"桐生市"@ja	<http://dbpedia.org/ontology/Location>	<http://ja.dbpedia.org/property/隣接自治体>	"隣接自治体"@ja	<http://ja.wikipedia.org/wiki/桐生市>	<http://wikidata.dbpedia.org/resource/Q634022>
<http://ja.dbpedia.org/resource/波志江町>	"波志江町"@ja	<http://dbpedia.org/ontology/PopulatedPlace>	<http://ja.dbpedia.org/property/subdivisionName>	"subdivision name"@ja	<http://ja.wikipedia.org/wiki/波志江町>	<http://wikidata.dbpedia.org/resource/Q11555540>
<http://ja.dbpedia.org/resource/波志江町>	"波志江町"@ja	<http://dbpedia.org/ontology/Location>	<http://ja.dbpedia.org/property/subdivisionName>	"subdivision name"@ja	<http://ja.wikipedia.org/wiki/波志江町>	<http://wikidata.dbpedia.org/resource/Q11555540>
<http://ja.dbpedia.org/resource/波志江町>	"波志江町"@ja	<http://dbpedia.org/ontology/Settlement>	<http://ja.dbpedia.org/property/subdivisionName>	"subdivision name"@ja	<http://ja.wikipedia.org/wiki/波志江町>	<http://wikidata.dbpedia.org/resource/Q11555540>
<http://ja.dbpedia.org/resource/波志江町>	"波志江町"@ja	<http://dbpedia.org/ontology/Place>	<http://ja.dbpedia.org/property/subdivisionName>	"subdivision name"@ja	<http://ja.wikipedia.org/wiki/波志江町>	<http://wikidata.dbpedia.org/resource/Q11555540>
<http://ja.dbpedia.org/resource/深谷市>	"深谷市"@ja	<http://dbpedia.org/ontology/PopulatedPlace>	<http://ja.dbpedia.org/property/隣接自治体>	"隣接自治体"@ja	<http://ja.wikipedia.org/wiki/深谷市>	<http://wikidata.dbpedia.org/resource/Q734532>
<http://ja.dbpedia.org/resource/深谷市>	"深谷市"@ja	<http://dbpedia.org/ontology/Settlement>	<http://ja.dbpedia.org/property/隣接自治体>	"隣接自治体"@ja	<http://ja.wikipedia.org/wiki/深谷市>	<http://wikidata.dbpedia.org/resource/Q734532>
<http://ja.dbpedia.org/resource/深谷市>	"深谷市"@ja	<http://dbpedia.org/ontology/Location>	<http://ja.dbpedia.org/property/隣接自治体>	"隣接自治体"@ja	<http://ja.wikipedia.org/wiki/深谷市>	<http://wikidata.dbpedia.org/resource/Q734532>
<http://ja.dbpedia.org/resource/深谷市>	"深谷市"@ja	<http://dbpedia.org/ontology/Place>	<http://ja.dbpedia.org/property/隣接自治体>	"隣接自治体"@ja	<http://ja.wikipedia.org/wiki/深谷市>	<http://wikidata.dbpedia.org/resource/Q734532>
<http://ja.dbpedia.org/resource/深谷市>	"深谷市"@ja	<http://dbpedia.org/ontology/City>	<http://ja.dbpedia.org/property/隣接自治体>	"隣接自治体"@ja	<http://ja.wikipedia.org/wiki/深谷市>	<http://wikidata.dbpedia.org/resource/Q734532>
<http://ja.dbpedia.org/resource/玉村町>	"玉村町"@ja	<http://dbpedia.org/ontology/Place>	<http://ja.dbpedia.org/property/隣接自治体>	"隣接自治体"@ja	<http://ja.wikipedia.org/wiki/玉村町>	<http://wikidata.dbpedia.org/resource/Q1203600>
<http://ja.dbpedia.org/resource/玉村町>	"玉村町"@ja	<http://dbpedia.org/ontology/City>	<http://ja.dbpedia.org/property/隣接自治体>	"隣接自治体"@ja	<http://ja.wikipedia.org/wiki/玉村町>	<http://wikidata.dbpedia.org/resource/Q1203600>
<http://ja.dbpedia.org/resource/玉村町>	"玉村町"@ja	<http://dbpedia.org/ontology/Location>	<http://ja.dbpedia.org/property/隣接自治体>	"隣接自治体"@ja	<http://ja.wikipedia.org/wiki/玉村町>	<http://wikidata.dbpedia.org/resource/Q1203600>
<http://ja.dbpedia.org/resource/玉村町>	"玉村町"@ja	<http://dbpedia.org/ontology/PopulatedPlace>	<http://ja.dbpedia.org/property/隣接自治体>	"隣接自治体"@ja	<http://ja.wikipedia.org/wiki/玉村町>	<http://wikidata.dbpedia.org/resource/Q1203600>
<http://ja.dbpedia.org/resource/玉村町>	"玉村町"@ja	<http://dbpedia.org/ontology/Settlement>	<http://ja.dbpedia.org/property/隣接自治体>	"隣接自治体"@ja	<http://ja.wikipedia.org/wiki/玉村町>	<http://wikidata.dbpedia.org/resource/Q1203600>
<http://ja.dbpedia.org/resource/田島雄一>	"田島雄一"@ja	<http://dbpedia.org/ontology/Animal>	<http://ja.dbpedia.org/property/選挙区>	"選挙区"@ja	<http://ja.wikipedia.org/wiki/田島雄一>	<http://wikidata.dbpedia.org/resource/Q108110737>
<http://ja.dbpedia.org/resource/田島雄一>	"田島雄一"@ja	<http://dbpedia.org/ontology/Politician>	<http://ja.dbpedia.org/property/選挙区>	"選挙区"@ja	<http://ja.wikipedia.org/wiki/田島雄一>	<http://wikidata.dbpedia.org/resource/Q108110737>
<http://ja.dbpedia.org/resource/田島雄一>	"田島雄一"@ja	<http://dbpedia.org/ontology/Eukaryote>	<http://ja.dbpedia.org/property/選挙区>	"選挙区"@ja	<http://ja.wikipedia.org/wiki/田島雄一>	<http://wikidata.dbpedia.org/resource/Q108110737>
<http://ja.dbpedia.org/resource/田島雄一>	"田島雄一"@ja	<http://dbpedia.org/ontology/Species>	<http://ja.dbpedia.org/property/選挙区>	"選挙区"@ja	<http://ja.wikipedia.org/wiki/田島雄一>	<http://wikidata.dbpedia.org/resource/Q108110737>
<http://ja.dbpedia.org/resource/田島雄一>	"田島雄一"@ja	<http://dbpedia.org/ontology/Person>	<http://ja.dbpedia.org/property/選挙区>	"選挙区"@ja	<http://ja.wikipedia.org/wiki/田島雄一>	<http://wikidata.dbpedia.org/resource/Q108110737>
<http://ja.dbpedia.org/resource/相川考古館>	"相川考古館"@ja	<http://dbpedia.org/ontology/Building>	<http://ja.dbpedia.org/property/専門分野>	"専門分野"@ja	<http://ja.wikipedia.org/wiki/相川考古館>	<http://wikidata.dbpedia.org/resource/Q98815260>
<http://ja.dbpedia.org/resource/相川考古館>	"相川考古館"@ja	<http://dbpedia.org/ontology/ArchitecturalStructure>	<http://ja.dbpedia.org/property/専門分野>	"専門分野"@ja	<http://ja.wikipedia.org/wiki/相川考古館>	<http://wikidata.dbpedia.org/resource/Q98815260>
<http://ja.dbpedia.org/resource/相川考古館>	"相川考古館"@ja	<http://dbpedia.org/ontology/Museum>	<http://ja.dbpedia.org/property/専門分野>	"専門分野"@ja	<http://ja.wikipedia.org/wiki/相川考古館>	<http://wikidata.dbpedia.org/resource/Q98815260>
<http://ja.dbpedia.org/resource/群馬県道298号平塚亀岡線>	"群馬県道298号平塚亀岡線"@ja	<http://dbpedia.org/ontology/Infrastructure>	<http://ja.dbpedia.org/property/startingTerminus>	"starting terminus"@ja	<http://ja.wikipedia.org/wiki/群馬県道298号平塚亀岡線>	<http://wikidata.dbpedia.org/resource/Q11609803>
<http://ja.dbpedia.org/resource/群馬県道298号平塚亀岡線>	"群馬県道298号平塚亀岡線"@ja	<http://dbpedia.org/ontology/RouteOfTransportation>	<http://ja.dbpedia.org/property/startingTerminus>	"starting terminus"@ja	<http://ja.wikipedia.org/wiki/群馬県道298号平塚亀岡線>	<http://wikidata.dbpedia.org/resource/Q11609803>
<http://ja.dbpedia.org/resource/群馬県道298号平塚亀岡線>	"群馬県道298号平塚亀岡線"@ja	<http://dbpedia.org/ontology/ArchitecturalStructure>	<http://ja.dbpedia.org/property/startingTerminus>	"starting terminus"@ja	<http://ja.wikipedia.org/wiki/群馬県道298号平塚亀岡線>	<http://wikidata.dbpedia.org/resource/Q11609803>
<http://ja.dbpedia.org/resource/群馬県道298号平塚亀岡線>	"群馬県道298号平塚亀岡線"@ja	<http://dbpedia.org/ontology/Road>	<http://ja.dbpedia.org/property/startingTerminus>	"starting terminus"@ja	<http://ja.wikipedia.org/wiki/群馬県道298号平塚亀岡線>	<http://wikidata.dbpedia.org/resource/Q11609803>
<http://ja.dbpedia.org/resource/群馬県道401号高崎伊勢崎自転車道線>	"群馬県道401号高崎伊勢崎自転車道線"@ja	<http://dbpedia.org/ontology/RouteOfTransportation>	<http://ja.dbpedia.org/property/endingTerminus>	"ending terminus"@ja	<http://ja.wikipedia.org/wiki/群馬県道401号高崎伊勢崎自転車道線>	<http://wikidata.dbpedia.org/resource/Q11609848>
<http://ja.dbpedia.org/resource/群馬県道401号高崎伊勢崎自転車道線>	"群馬県道401号高崎伊勢崎自転車道線"@ja	<http://dbpedia.org/ontology/Infrastructure>	<http://ja.dbpedia.org/property/endingTerminus>	"ending terminus"@ja	<http://ja.wikipedia.org/wiki/群馬県道401号高崎伊勢崎自転車道線>	<http://wikidata.dbpedia.org/resource/Q11609848>
<http://ja.dbpedia.org/resource/群馬県道401号高崎伊勢崎自転車道線>	"群馬県道401号高崎伊勢崎自転車道線"@ja	<http://dbpedia.org/ontology/Road>	<http://ja.dbpedia.org/property/endingTerminus>	"ending terminus"@ja	<http://ja.wikipedia.org/wiki/群馬県道401号高崎伊勢崎自転車道線>	<http://wikidata.dbpedia.org/resource/Q11609848>
<http://ja.dbpedia.org/resource/群馬県道401号高崎伊勢崎自転車道線>	"群馬県道401号高崎伊勢崎自転車道線"@ja	<http://dbpedia.org/ontology/ArchitecturalStructure>	<http://ja.dbpedia.org/property/endingTerminus>	"ending terminus"@ja	<http://ja.wikipedia.org/wiki/群馬県道401号高崎伊勢崎自転車道線>	<http://wikidata.dbpedia.org/resource/Q11609848>
<http://ja.dbpedia.org/resource/富塚町_(伊勢崎市)>	"富塚町 (伊勢崎市)"@ja	<http://dbpedia.org/ontology/Location>	<http://ja.dbpedia.org/property/subdivisionName>	"subdivision name"@ja	<http://ja.wikipedia.org/wiki/富塚町_(伊勢崎市)>	
<http://ja.dbpedia.org/resource/富塚町_(伊勢崎市)>	"富塚町 (伊勢崎市)"@ja	<http://dbpedia.org/ontology/Place>	<http://ja.dbpedia.org/property/subdivisionName>	"subdivision name"@ja	<http://ja.wikipedia.org/wiki/富塚町_(伊勢崎市)>	
<http://ja.dbpedia.org/resource/富塚町_(伊勢崎市)>	"富塚町 (伊勢崎市)"@ja	<http://dbpedia.org/ontology/PopulatedPlace>	<http://ja.dbpedia.org/property/subdivisionName>	"subdivision name"@ja	<http://ja.wikipedia.org/wiki/富塚町_(伊勢崎市)>	
<http://ja.dbpedia.org/resource/富塚町_(伊勢崎市)>	"富塚町 (伊勢崎市)"@ja	<http://dbpedia.org/ontology/Settlement>	<http://ja.dbpedia.org/property/subdivisionName>	"subdivision name"@ja	<http://ja.wikipedia.org/wiki/富塚町_(伊勢崎市)>	
<http://ja.dbpedia.org/resource/川久保町_(伊勢崎市)>	"川久保町 (伊勢崎市)"@ja	<http://dbpedia.org/ontology/Location>	<http://ja.dbpedia.org/property/subdivisionName>	"subdivision name"@ja	<http://ja.wikipedia.org/wiki/川久保町_(伊勢崎市)>	
<http://ja.dbpedia.org/resource/川久保町_(伊勢崎市)>	"川久保町 (伊勢崎市)"@ja	<http://dbpedia.org/ontology/Place>	<http://ja.dbpedia.org/property/subdivisionName>	"subdivision name"@ja	<http://ja.wikipedia.org/wiki/川久保町_(伊勢崎市)>	
<http://ja.dbpedia.org/resource/川久保町_(伊勢崎市)>	"川久保町 (伊勢崎市)"@ja	<http://dbpedia.org/ontology/PopulatedPlace>	<http://ja.dbpedia.org/property/subdivisionName>	"subdivision name"@ja	<http://ja.wikipedia.org/wiki/川久保町_(伊勢崎市)>	
<http://ja.dbpedia.org/resource/川久保町_(伊勢崎市)>	"川久保町 (伊勢崎市)"@ja	<http://dbpedia.org/ontology/Settlement>	<http://ja.dbpedia.org/property/subdivisionName>	"subdivision name"@ja	<http://ja.wikipedia.org/wiki/川久保町_(伊勢崎市)>	
<http://ja.dbpedia.org/resource/川岸町_(伊勢崎市)>	"川岸町 (伊勢崎市)"@ja	<http://dbpedia.org/ontology/Location>	<http://ja.dbpedia.org/property/subdivisionName>	"subdivision name"@ja	<http://ja.wikipedia.org/wiki/川岸町_(伊勢崎市)>	
<http://ja.dbpedia.org/resource/川岸町_(伊勢崎市)>	"川岸町 (伊勢崎市)"@ja	<http://dbpedia.org/ontology/Place>	<http://ja.dbpedia.org/property/subdivisionName>	"subdivision name"@ja	<http://ja.wikipedia.org/wiki/川岸町_(伊勢崎市)>	
<http://ja.dbpedia.org/resource/川岸町_(伊勢崎市)>	"川岸町 (伊勢崎市)"@ja	<http://dbpedia.org/ontology/PopulatedPlace>	<http://ja.dbpedia.org/property/subdivisionName>	"subdivision name"@ja	<http://ja.wikipedia.org/wiki/川岸町_(伊勢崎市)>	
<http://ja.dbpedia.org/resource/川岸町_(伊勢崎市)>	"川岸町 (伊勢崎市)"@ja	<http://dbpedia.org/ontology/Settlement>	<http://ja.dbpedia.org/property/subdivisionName>	"subdivision name"@ja	<http://ja.wikipedia.org/wiki/川岸町_(伊勢崎市)>	
<http://ja.dbpedia.org/resource/広瀬町_(伊勢崎市)>	"広瀬町 (伊勢崎市)"@ja	<http://dbpedia.org/ontology/Location>	<http://ja.dbpedia.org/property/subdivisionName>	"subdivision name"@ja	<http://ja.wikipedia.org/wiki/広瀬町_(伊勢崎市)>	
<http://ja.dbpedia.org/resource/広瀬町_(伊勢崎市)>	"広瀬町 (伊勢崎市)"@ja	<http://dbpedia.org/ontology/Place>	<http://ja.dbpedia.org/property/subdivisionName>	"subdivision name"@ja	<http://ja.wikipedia.org/wiki/広瀬町_(伊勢崎市)>	
<http://ja.dbpedia.org/resource/広瀬町_(伊勢崎市)>	"広瀬町 (伊勢崎市)"@ja	<http://dbpedia.org/ontology/PopulatedPlace>	<http://ja.dbpedia.org/property/subdivisionName>	"subdivision name"@ja	<http://ja.wikipedia.org/wiki/広瀬町_(伊勢崎市)>	
<http://ja.dbpedia.org/resource/広瀬町_(伊勢崎市)>	"広瀬町 (伊勢崎市)"@ja	<http://dbpedia.org/ontology/Settlement>	<http://ja.dbpedia.org/property/subdivisionName>	"subdivision name"@ja	<http://ja.wikipedia.org/wiki/広瀬町_(伊勢崎市)>	
<http://ja.dbpedia.org/resource/立花町_(伊勢崎市)>	"立花町 (伊勢崎市)"@ja	<http://dbpedia.org/ontology/Location>	<http://ja.dbpedia.org/property/subdivisionName>	"subdivision name"@ja	<http://ja.wikipedia.org/wiki/立花町_(伊勢崎市)>	
<http://ja.dbpedia.org/resource/立花町_(伊勢崎市)>	"立花町 (伊勢崎市)"@ja	<http://dbpedia.org/ontology/Place>	<http://ja.dbpedia.org/property/subdivisionName>	"subdivision name"@ja	<http://ja.wikipedia.org/wiki/立花町_(伊勢崎市)>	
<http://ja.dbpedia.org/resource/立花町_(伊勢崎市)>	"立花町 (伊勢崎市)"@ja	<http://dbpedia.org/ontology/PopulatedPlace>	<http://ja.dbpedia.org/property/subdivisionName>	"subdivision name"@ja	<http://ja.wikipedia.org/wiki/立花町_(伊勢崎市)>	
<http://ja.dbpedia.org/resource/立花町_(伊勢崎市)>	"立花町 (伊勢崎市)"@ja	<http://dbpedia.org/ontology/Settlement>	<http://ja.dbpedia.org/property/subdivisionName>	"subdivision name"@ja	<http://ja.wikipedia.org/wiki/立花町_(伊勢崎市)>	
<http://ja.dbpedia.org/resource/茂呂_(伊勢崎市)>	"茂呂 (伊勢崎市)"@ja	<http://dbpedia.org/ontology/Location>	<http://ja.dbpedia.org/property/subdivisionName>	"subdivision name"@ja	<http://ja.wikipedia.org/wiki/茂呂_(伊勢崎市)>	
<http://ja.dbpedia.org/resource/茂呂_(伊勢崎市)>	"茂呂 (伊勢崎市)"@ja	<http://dbpedia.org/ontology/Place>	<http://ja.dbpedia.org/property/subdivisionName>	"subdivision name"@ja	<http://ja.wikipedia.org/wiki/茂呂_(伊勢崎市)>	
<http://ja.dbpedia.org/resource/茂呂_(伊勢崎市)>	"茂呂 (伊勢崎市)"@ja	<http://dbpedia.org/ontology/PopulatedPlace>	<http://ja.dbpedia.org/property/subdivisionName>	"subdivision name"@ja	<http://ja.wikipedia.org/wiki/茂呂_(伊勢崎市)>	
<http://ja.dbpedia.org/resource/茂呂_(伊勢崎市)>	"茂呂 (伊勢崎市)"@ja	<http://dbpedia.org/ontology/Settlement>	<http://ja.dbpedia.org/property/subdivisionName>	"subdivision name"@ja	<http://ja.wikipedia.org/wiki/茂呂_(伊勢崎市)>	
<http://ja.dbpedia.org/resource/西町_(伊勢崎市)>	"西町 (伊勢崎市)"@ja	<http://dbpedia.org/ontology/Location>	<http://ja.dbpedia.org/property/subdivisionName>	"subdivision name"@ja	<http://ja.wikipedia.org/wiki/西町_(伊勢崎市)>	
<http://ja.dbpedia.org/resource/西町_(伊勢崎市)>	"西町 (伊勢崎市)"@ja	<http://dbpedia.org/ontology/Place>	<http://ja.dbpedia.org/property/subdivisionName>	"subdivision name"@ja	<http://ja.wikipedia.org/wiki/西町_(伊勢崎市)>	
<http://ja.dbpedia.org/resource/西町_(伊勢崎市)>	"西町 (伊勢崎市)"@ja	<http://dbpedia.org/ontology/PopulatedPlace>	<http://ja.dbpedia.org/property/subdivisionName>	"subdivision name"@ja	<http://ja.wikipedia.org/wiki/西町_(伊勢崎市)>	
<http://ja.dbpedia.org/resource/西町_(伊勢崎市)>	"西町 (伊勢崎市)"@ja	<http://dbpedia.org/ontology/Settlement>	<http://ja.dbpedia.org/property/subdivisionName>	"subdivision name"@ja	<http://ja.wikipedia.org/wiki/西町_(伊勢崎市)>	
<http://ja.dbpedia.org/resource/北関東自動車道>	"北関東自動車道"@ja	<http://dbpedia.org/ontology/Road>	<http://ja.dbpedia.org/property/主な経由都市>	"主な経由都市"@ja	<http://ja.wikipedia.org/wiki/北関東自動車道>	<http://wikidata.dbpedia.org/resource/Q11404370>
<http://ja.dbpedia.org/resource/北関東自動車道>	"北関東自動車道"@ja	<http://dbpedia.org/ontology/Infrastructure>	<http://ja.dbpedia.org/property/主な経由都市>	"主な経由都市"@ja	<http://ja.wikipedia.org/wiki/北関東自動車道>	<http://wikidata.dbpedia.org/resource/Q11404370>
<http://ja.dbpedia.org/resource/北関東自動車道>	"北関東自動車道"@ja	<http://dbpedia.org/ontology/ArchitecturalStructure>	<http://ja.dbpedia.org/property/主な経由都市>	"主な経由都市"@ja	<http://ja.wikipedia.org/wiki/北関東自動車道>	<http://wikidata.dbpedia.org/resource/Q11404370>
<http://ja.dbpedia.org/resource/北関東自動車道>	"北関東自動車道"@ja	<http://dbpedia.org/ontology/RouteOfTransportation>	<http://ja.dbpedia.org/property/主な経由都市>	"主な経由都市"@ja	<http://ja.wikipedia.org/wiki/北関東自動車道>	<http://wikidata.dbpedia.org/resource/Q11404370>
<http://ja.dbpedia.org/resource/東毛広域幹線道路>	"東毛広域幹線道路"@ja	<http://dbpedia.org/ontology/Road>	<http://ja.dbpedia.org/property/主な経由都市>	"主な経由都市"@ja	<http://ja.wikipedia.org/wiki/東毛広域幹線道路>	<http://wikidata.dbpedia.org/resource/Q11527557>
<http://ja.dbpedia.org/resource/東毛広域幹線道路>	"東毛広域幹線道路"@ja	<http://dbpedia.org/ontology/Infrastructure>	<http://ja.dbpedia.org/property/主な経由都市>	"主な経由都市"@ja	<http://ja.wikipedia.org/wiki/東毛広域幹線道路>	<http://wikidata.dbpedia.org/resource/Q11527557>
<http://ja.dbpedia.org/resource/東毛広域幹線道路>	"東毛広域幹線道路"@ja	<http://dbpedia.org/ontology/ArchitecturalStructure>	<http://ja.dbpedia.org/property/主な経由都市>	"主な経由都市"@ja	<http://ja.wikipedia.org/wiki/東毛広域幹線道路>	<http://wikidata.dbpedia.org/resource/Q11527557>
<http://ja.dbpedia.org/resource/東毛広域幹線道路>	"東毛広域幹線道路"@ja	<http://dbpedia.org/ontology/RouteOfTransportation>	<http://ja.dbpedia.org/property/主な経由都市>	"主な経由都市"@ja	<http://ja.wikipedia.org/wiki/東毛広域幹線道路>	<http://wikidata.dbpedia.org/resource/Q11527557>
