?s	?sLabel	?type	?p	?pLabel	?jwiki	?wd
<http://ja.dbpedia.org/resource/かみつけの里博物館>	"かみつけの里博物館"@ja	<http://dbpedia.org/ontology/Building>	<http://ja.dbpedia.org/property/事業主体>	"事業主体"@ja	<http://ja.wikipedia.org/wiki/かみつけの里博物館>	<http://wikidata.dbpedia.org/resource/Q96695273>
<http://ja.dbpedia.org/resource/かみつけの里博物館>	"かみつけの里博物館"@ja	<http://dbpedia.org/ontology/ArchitecturalStructure>	<http://ja.dbpedia.org/property/事業主体>	"事業主体"@ja	<http://ja.wikipedia.org/wiki/かみつけの里博物館>	<http://wikidata.dbpedia.org/resource/Q96695273>
<http://ja.dbpedia.org/resource/かみつけの里博物館>	"かみつけの里博物館"@ja	<http://dbpedia.org/ontology/Museum>	<http://ja.dbpedia.org/property/事業主体>	"事業主体"@ja	<http://ja.wikipedia.org/wiki/かみつけの里博物館>	<http://wikidata.dbpedia.org/resource/Q96695273>
<http://ja.dbpedia.org/resource/双葉町_(高崎市)>	"双葉町 (高崎市)"@ja	<http://dbpedia.org/ontology/PopulatedPlace>	<http://ja.dbpedia.org/property/subdivisionName>	"subdivision name"@ja	<http://ja.wikipedia.org/wiki/双葉町_(高崎市)>	<http://wikidata.dbpedia.org/resource/Q28688859>
<http://ja.dbpedia.org/resource/双葉町_(高崎市)>	"双葉町 (高崎市)"@ja	<http://dbpedia.org/ontology/Location>	<http://ja.dbpedia.org/property/subdivisionName>	"subdivision name"@ja	<http://ja.wikipedia.org/wiki/双葉町_(高崎市)>	<http://wikidata.dbpedia.org/resource/Q28688859>
<http://ja.dbpedia.org/resource/双葉町_(高崎市)>	"双葉町 (高崎市)"@ja	<http://dbpedia.org/ontology/Place>	<http://ja.dbpedia.org/property/subdivisionName>	"subdivision name"@ja	<http://ja.wikipedia.org/wiki/双葉町_(高崎市)>	<http://wikidata.dbpedia.org/resource/Q28688859>
<http://ja.dbpedia.org/resource/双葉町_(高崎市)>	"双葉町 (高崎市)"@ja	<http://dbpedia.org/ontology/Settlement>	<http://ja.dbpedia.org/property/subdivisionName>	"subdivision name"@ja	<http://ja.wikipedia.org/wiki/双葉町_(高崎市)>	<http://wikidata.dbpedia.org/resource/Q28688859>
<http://ja.dbpedia.org/resource/安中市>	"安中市"@ja	<http://dbpedia.org/ontology/PopulatedPlace>	<http://ja.dbpedia.org/property/east>	"East"@ja	<http://ja.wikipedia.org/wiki/安中市>	<http://wikidata.dbpedia.org/resource/Q564234>
<http://ja.dbpedia.org/resource/安中市>	"安中市"@ja	<http://dbpedia.org/ontology/Settlement>	<http://ja.dbpedia.org/property/east>	"East"@ja	<http://ja.wikipedia.org/wiki/安中市>	<http://wikidata.dbpedia.org/resource/Q564234>
<http://ja.dbpedia.org/resource/安中市>	"安中市"@ja	<http://dbpedia.org/ontology/Location>	<http://ja.dbpedia.org/property/east>	"East"@ja	<http://ja.wikipedia.org/wiki/安中市>	<http://wikidata.dbpedia.org/resource/Q564234>
<http://ja.dbpedia.org/resource/安中市>	"安中市"@ja	<http://dbpedia.org/ontology/Place>	<http://ja.dbpedia.org/property/east>	"East"@ja	<http://ja.wikipedia.org/wiki/安中市>	<http://wikidata.dbpedia.org/resource/Q564234>
<http://ja.dbpedia.org/resource/安中市>	"安中市"@ja	<http://dbpedia.org/ontology/City>	<http://ja.dbpedia.org/property/east>	"East"@ja	<http://ja.wikipedia.org/wiki/安中市>	<http://wikidata.dbpedia.org/resource/Q564234>
<http://ja.dbpedia.org/resource/橋爪洋介>	"橋爪洋介"@ja	<http://dbpedia.org/ontology/Person>	<http://ja.dbpedia.org/property/選挙区>	"選挙区"@ja	<http://ja.wikipedia.org/wiki/橋爪洋介>	<http://wikidata.dbpedia.org/resource/Q108110123>
<http://ja.dbpedia.org/resource/橋爪洋介>	"橋爪洋介"@ja	<http://dbpedia.org/ontology/Species>	<http://ja.dbpedia.org/property/選挙区>	"選挙区"@ja	<http://ja.wikipedia.org/wiki/橋爪洋介>	<http://wikidata.dbpedia.org/resource/Q108110123>
<http://ja.dbpedia.org/resource/橋爪洋介>	"橋爪洋介"@ja	<http://dbpedia.org/ontology/Animal>	<http://ja.dbpedia.org/property/選挙区>	"選挙区"@ja	<http://ja.wikipedia.org/wiki/橋爪洋介>	<http://wikidata.dbpedia.org/resource/Q108110123>
<http://ja.dbpedia.org/resource/橋爪洋介>	"橋爪洋介"@ja	<http://dbpedia.org/ontology/Politician>	<http://ja.dbpedia.org/property/選挙区>	"選挙区"@ja	<http://ja.wikipedia.org/wiki/橋爪洋介>	<http://wikidata.dbpedia.org/resource/Q108110123>
<http://ja.dbpedia.org/resource/橋爪洋介>	"橋爪洋介"@ja	<http://dbpedia.org/ontology/Eukaryote>	<http://ja.dbpedia.org/property/選挙区>	"選挙区"@ja	<http://ja.wikipedia.org/wiki/橋爪洋介>	<http://wikidata.dbpedia.org/resource/Q108110123>
<http://ja.dbpedia.org/resource/清水真人>	"清水真人"@ja	<http://dbpedia.org/ontology/Person>	<http://ja.dbpedia.org/property/選挙区>	"選挙区"@ja	<http://ja.wikipedia.org/wiki/清水真人>	<http://wikidata.dbpedia.org/resource/Q65556962>
<http://ja.dbpedia.org/resource/清水真人>	"清水真人"@ja	<http://dbpedia.org/ontology/Species>	<http://ja.dbpedia.org/property/選挙区>	"選挙区"@ja	<http://ja.wikipedia.org/wiki/清水真人>	<http://wikidata.dbpedia.org/resource/Q65556962>
<http://ja.dbpedia.org/resource/清水真人>	"清水真人"@ja	<http://dbpedia.org/ontology/Eukaryote>	<http://ja.dbpedia.org/property/選挙区>	"選挙区"@ja	<http://ja.wikipedia.org/wiki/清水真人>	<http://wikidata.dbpedia.org/resource/Q65556962>
<http://ja.dbpedia.org/resource/清水真人>	"清水真人"@ja	<http://dbpedia.org/ontology/Politician>	<http://ja.dbpedia.org/property/選挙区>	"選挙区"@ja	<http://ja.wikipedia.org/wiki/清水真人>	<http://wikidata.dbpedia.org/resource/Q65556962>
<http://ja.dbpedia.org/resource/清水真人>	"清水真人"@ja	<http://dbpedia.org/ontology/Animal>	<http://ja.dbpedia.org/property/選挙区>	"選挙区"@ja	<http://ja.wikipedia.org/wiki/清水真人>	<http://wikidata.dbpedia.org/resource/Q65556962>
<http://ja.dbpedia.org/resource/玉村町>	"玉村町"@ja	<http://dbpedia.org/ontology/City>	<http://ja.dbpedia.org/property/隣接自治体>	"隣接自治体"@ja	<http://ja.wikipedia.org/wiki/玉村町>	<http://wikidata.dbpedia.org/resource/Q1203600>
<http://ja.dbpedia.org/resource/玉村町>	"玉村町"@ja	<http://dbpedia.org/ontology/Place>	<http://ja.dbpedia.org/property/隣接自治体>	"隣接自治体"@ja	<http://ja.wikipedia.org/wiki/玉村町>	<http://wikidata.dbpedia.org/resource/Q1203600>
<http://ja.dbpedia.org/resource/玉村町>	"玉村町"@ja	<http://dbpedia.org/ontology/Location>	<http://ja.dbpedia.org/property/隣接自治体>	"隣接自治体"@ja	<http://ja.wikipedia.org/wiki/玉村町>	<http://wikidata.dbpedia.org/resource/Q1203600>
<http://ja.dbpedia.org/resource/玉村町>	"玉村町"@ja	<http://dbpedia.org/ontology/PopulatedPlace>	<http://ja.dbpedia.org/property/隣接自治体>	"隣接自治体"@ja	<http://ja.wikipedia.org/wiki/玉村町>	<http://wikidata.dbpedia.org/resource/Q1203600>
<http://ja.dbpedia.org/resource/玉村町>	"玉村町"@ja	<http://dbpedia.org/ontology/Settlement>	<http://ja.dbpedia.org/property/隣接自治体>	"隣接自治体"@ja	<http://ja.wikipedia.org/wiki/玉村町>	<http://wikidata.dbpedia.org/resource/Q1203600>
<http://ja.dbpedia.org/resource/甘楽町>	"甘楽町"@ja	<http://dbpedia.org/ontology/Location>	<http://ja.dbpedia.org/property/east>	"East"@ja	<http://ja.wikipedia.org/wiki/甘楽町>	<http://wikidata.dbpedia.org/resource/Q1203523>
<http://ja.dbpedia.org/resource/甘楽町>	"甘楽町"@ja	<http://dbpedia.org/ontology/PopulatedPlace>	<http://ja.dbpedia.org/property/east>	"East"@ja	<http://ja.wikipedia.org/wiki/甘楽町>	<http://wikidata.dbpedia.org/resource/Q1203523>
<http://ja.dbpedia.org/resource/甘楽町>	"甘楽町"@ja	<http://dbpedia.org/ontology/Settlement>	<http://ja.dbpedia.org/property/east>	"East"@ja	<http://ja.wikipedia.org/wiki/甘楽町>	<http://wikidata.dbpedia.org/resource/Q1203523>
<http://ja.dbpedia.org/resource/甘楽町>	"甘楽町"@ja	<http://dbpedia.org/ontology/City>	<http://ja.dbpedia.org/property/east>	"East"@ja	<http://ja.wikipedia.org/wiki/甘楽町>	<http://wikidata.dbpedia.org/resource/Q1203523>
<http://ja.dbpedia.org/resource/甘楽町>	"甘楽町"@ja	<http://dbpedia.org/ontology/Place>	<http://ja.dbpedia.org/property/east>	"East"@ja	<http://ja.wikipedia.org/wiki/甘楽町>	<http://wikidata.dbpedia.org/resource/Q1203523>
<http://ja.dbpedia.org/resource/碓氷川>	"碓氷川"@ja	<http://dbpedia.org/ontology/NaturalPlace>	<http://ja.dbpedia.org/property/河口>	"河口"@ja	<http://ja.wikipedia.org/wiki/碓氷川>	<http://wikidata.dbpedia.org/resource/Q11587748>
<http://ja.dbpedia.org/resource/碓氷川>	"碓氷川"@ja	<http://dbpedia.org/ontology/BodyOfWater>	<http://ja.dbpedia.org/property/河口>	"河口"@ja	<http://ja.wikipedia.org/wiki/碓氷川>	<http://wikidata.dbpedia.org/resource/Q11587748>
<http://ja.dbpedia.org/resource/碓氷川>	"碓氷川"@ja	<http://dbpedia.org/ontology/Stream>	<http://ja.dbpedia.org/property/河口>	"河口"@ja	<http://ja.wikipedia.org/wiki/碓氷川>	<http://wikidata.dbpedia.org/resource/Q11587748>
<http://ja.dbpedia.org/resource/碓氷川>	"碓氷川"@ja	<http://dbpedia.org/ontology/River>	<http://ja.dbpedia.org/property/河口>	"河口"@ja	<http://ja.wikipedia.org/wiki/碓氷川>	<http://wikidata.dbpedia.org/resource/Q11587748>
<http://ja.dbpedia.org/resource/碓氷川>	"碓氷川"@ja	<http://dbpedia.org/ontology/Place>	<http://ja.dbpedia.org/property/河口>	"河口"@ja	<http://ja.wikipedia.org/wiki/碓氷川>	<http://wikidata.dbpedia.org/resource/Q11587748>
<http://ja.dbpedia.org/resource/碓氷川>	"碓氷川"@ja	<http://dbpedia.org/ontology/Location>	<http://ja.dbpedia.org/property/河口>	"河口"@ja	<http://ja.wikipedia.org/wiki/碓氷川>	<http://wikidata.dbpedia.org/resource/Q11587748>
<http://ja.dbpedia.org/resource/福重隆浩>	"福重隆浩"@ja	<http://dbpedia.org/ontology/Species>	<http://ja.dbpedia.org/property/選挙区>	"選挙区"@ja	<http://ja.wikipedia.org/wiki/福重隆浩>	<http://wikidata.dbpedia.org/resource/Q109363078>
<http://ja.dbpedia.org/resource/福重隆浩>	"福重隆浩"@ja	<http://dbpedia.org/ontology/Person>	<http://ja.dbpedia.org/property/選挙区>	"選挙区"@ja	<http://ja.wikipedia.org/wiki/福重隆浩>	<http://wikidata.dbpedia.org/resource/Q109363078>
<http://ja.dbpedia.org/resource/福重隆浩>	"福重隆浩"@ja	<http://dbpedia.org/ontology/Animal>	<http://ja.dbpedia.org/property/選挙区>	"選挙区"@ja	<http://ja.wikipedia.org/wiki/福重隆浩>	<http://wikidata.dbpedia.org/resource/Q109363078>
<http://ja.dbpedia.org/resource/福重隆浩>	"福重隆浩"@ja	<http://dbpedia.org/ontology/Eukaryote>	<http://ja.dbpedia.org/property/選挙区>	"選挙区"@ja	<http://ja.wikipedia.org/wiki/福重隆浩>	<http://wikidata.dbpedia.org/resource/Q109363078>
<http://ja.dbpedia.org/resource/福重隆浩>	"福重隆浩"@ja	<http://dbpedia.org/ontology/Politician>	<http://ja.dbpedia.org/property/選挙区>	"選挙区"@ja	<http://ja.wikipedia.org/wiki/福重隆浩>	<http://wikidata.dbpedia.org/resource/Q109363078>
<http://ja.dbpedia.org/resource/群馬県道10号前橋安中富岡線>	"群馬県道10号前橋安中富岡線"@ja	<http://dbpedia.org/ontology/ArchitecturalStructure>	<http://ja.dbpedia.org/property/主な経由都市>	"主な経由都市"@ja	<http://ja.wikipedia.org/wiki/群馬県道10号前橋安中富岡線>	<http://wikidata.dbpedia.org/resource/Q11609720>
<http://ja.dbpedia.org/resource/群馬県道10号前橋安中富岡線>	"群馬県道10号前橋安中富岡線"@ja	<http://dbpedia.org/ontology/Road>	<http://ja.dbpedia.org/property/主な経由都市>	"主な経由都市"@ja	<http://ja.wikipedia.org/wiki/群馬県道10号前橋安中富岡線>	<http://wikidata.dbpedia.org/resource/Q11609720>
<http://ja.dbpedia.org/resource/群馬県道10号前橋安中富岡線>	"群馬県道10号前橋安中富岡線"@ja	<http://dbpedia.org/ontology/Infrastructure>	<http://ja.dbpedia.org/property/主な経由都市>	"主な経由都市"@ja	<http://ja.wikipedia.org/wiki/群馬県道10号前橋安中富岡線>	<http://wikidata.dbpedia.org/resource/Q11609720>
<http://ja.dbpedia.org/resource/群馬県道10号前橋安中富岡線>	"群馬県道10号前橋安中富岡線"@ja	<http://dbpedia.org/ontology/RouteOfTransportation>	<http://ja.dbpedia.org/property/主な経由都市>	"主な経由都市"@ja	<http://ja.wikipedia.org/wiki/群馬県道10号前橋安中富岡線>	<http://wikidata.dbpedia.org/resource/Q11609720>
<http://ja.dbpedia.org/resource/群馬県道211号安中榛名湖線>	"群馬県道211号安中榛名湖線"@ja	<http://dbpedia.org/ontology/Infrastructure>	<http://ja.dbpedia.org/property/終点>	"終点"@ja	<http://ja.wikipedia.org/wiki/群馬県道211号安中榛名湖線>	<http://wikidata.dbpedia.org/resource/Q11609769>
<http://ja.dbpedia.org/resource/群馬県道211号安中榛名湖線>	"群馬県道211号安中榛名湖線"@ja	<http://dbpedia.org/ontology/RouteOfTransportation>	<http://ja.dbpedia.org/property/終点>	"終点"@ja	<http://ja.wikipedia.org/wiki/群馬県道211号安中榛名湖線>	<http://wikidata.dbpedia.org/resource/Q11609769>
<http://ja.dbpedia.org/resource/群馬県道211号安中榛名湖線>	"群馬県道211号安中榛名湖線"@ja	<http://dbpedia.org/ontology/ArchitecturalStructure>	<http://ja.dbpedia.org/property/終点>	"終点"@ja	<http://ja.wikipedia.org/wiki/群馬県道211号安中榛名湖線>	<http://wikidata.dbpedia.org/resource/Q11609769>
<http://ja.dbpedia.org/resource/群馬県道211号安中榛名湖線>	"群馬県道211号安中榛名湖線"@ja	<http://dbpedia.org/ontology/Road>	<http://ja.dbpedia.org/property/終点>	"終点"@ja	<http://ja.wikipedia.org/wiki/群馬県道211号安中榛名湖線>	<http://wikidata.dbpedia.org/resource/Q11609769>
<http://ja.dbpedia.org/resource/群馬県道26号高崎安中渋川線>	"群馬県道26号高崎安中渋川線"@ja	<http://dbpedia.org/ontology/RouteOfTransportation>	<http://ja.dbpedia.org/property/起点>	"起点"@ja	<http://ja.wikipedia.org/wiki/群馬県道26号高崎安中渋川線>	<http://wikidata.dbpedia.org/resource/Q11609786>
<http://ja.dbpedia.org/resource/群馬県道26号高崎安中渋川線>	"群馬県道26号高崎安中渋川線"@ja	<http://dbpedia.org/ontology/Infrastructure>	<http://ja.dbpedia.org/property/起点>	"起点"@ja	<http://ja.wikipedia.org/wiki/群馬県道26号高崎安中渋川線>	<http://wikidata.dbpedia.org/resource/Q11609786>
<http://ja.dbpedia.org/resource/群馬県道26号高崎安中渋川線>	"群馬県道26号高崎安中渋川線"@ja	<http://dbpedia.org/ontology/Road>	<http://ja.dbpedia.org/property/起点>	"起点"@ja	<http://ja.wikipedia.org/wiki/群馬県道26号高崎安中渋川線>	<http://wikidata.dbpedia.org/resource/Q11609786>
<http://ja.dbpedia.org/resource/群馬県道26号高崎安中渋川線>	"群馬県道26号高崎安中渋川線"@ja	<http://dbpedia.org/ontology/ArchitecturalStructure>	<http://ja.dbpedia.org/property/起点>	"起点"@ja	<http://ja.wikipedia.org/wiki/群馬県道26号高崎安中渋川線>	<http://wikidata.dbpedia.org/resource/Q11609786>
<http://ja.dbpedia.org/resource/群馬県道27号高崎駒形線>	"群馬県道27号高崎駒形線"@ja	<http://dbpedia.org/ontology/Infrastructure>	<http://ja.dbpedia.org/property/起点>	"起点"@ja	<http://ja.wikipedia.org/wiki/群馬県道27号高崎駒形線>	<http://wikidata.dbpedia.org/resource/Q11609794>
<http://ja.dbpedia.org/resource/群馬県道27号高崎駒形線>	"群馬県道27号高崎駒形線"@ja	<http://dbpedia.org/ontology/RouteOfTransportation>	<http://ja.dbpedia.org/property/起点>	"起点"@ja	<http://ja.wikipedia.org/wiki/群馬県道27号高崎駒形線>	<http://wikidata.dbpedia.org/resource/Q11609794>
<http://ja.dbpedia.org/resource/群馬県道27号高崎駒形線>	"群馬県道27号高崎駒形線"@ja	<http://dbpedia.org/ontology/ArchitecturalStructure>	<http://ja.dbpedia.org/property/起点>	"起点"@ja	<http://ja.wikipedia.org/wiki/群馬県道27号高崎駒形線>	<http://wikidata.dbpedia.org/resource/Q11609794>
<http://ja.dbpedia.org/resource/群馬県道27号高崎駒形線>	"群馬県道27号高崎駒形線"@ja	<http://dbpedia.org/ontology/Road>	<http://ja.dbpedia.org/property/起点>	"起点"@ja	<http://ja.wikipedia.org/wiki/群馬県道27号高崎駒形線>	<http://wikidata.dbpedia.org/resource/Q11609794>
<http://ja.dbpedia.org/resource/群馬県道33号渋川松井田線>	"群馬県道33号渋川松井田線"@ja	<http://dbpedia.org/ontology/RouteOfTransportation>	<http://ja.dbpedia.org/property/主な経由都市>	"主な経由都市"@ja	<http://ja.wikipedia.org/wiki/群馬県道33号渋川松井田線>	<http://wikidata.dbpedia.org/resource/Q11609827>
<http://ja.dbpedia.org/resource/群馬県道33号渋川松井田線>	"群馬県道33号渋川松井田線"@ja	<http://dbpedia.org/ontology/Infrastructure>	<http://ja.dbpedia.org/property/主な経由都市>	"主な経由都市"@ja	<http://ja.wikipedia.org/wiki/群馬県道33号渋川松井田線>	<http://wikidata.dbpedia.org/resource/Q11609827>
<http://ja.dbpedia.org/resource/群馬県道33号渋川松井田線>	"群馬県道33号渋川松井田線"@ja	<http://dbpedia.org/ontology/Road>	<http://ja.dbpedia.org/property/主な経由都市>	"主な経由都市"@ja	<http://ja.wikipedia.org/wiki/群馬県道33号渋川松井田線>	<http://wikidata.dbpedia.org/resource/Q11609827>
<http://ja.dbpedia.org/resource/群馬県道33号渋川松井田線>	"群馬県道33号渋川松井田線"@ja	<http://dbpedia.org/ontology/ArchitecturalStructure>	<http://ja.dbpedia.org/property/主な経由都市>	"主な経由都市"@ja	<http://ja.wikipedia.org/wiki/群馬県道33号渋川松井田線>	<http://wikidata.dbpedia.org/resource/Q11609827>
<http://ja.dbpedia.org/resource/群馬県道401号高崎伊勢崎自転車道線>	"群馬県道401号高崎伊勢崎自転車道線"@ja	<http://dbpedia.org/ontology/Infrastructure>	<http://ja.dbpedia.org/property/startingTerminus>	"starting terminus"@ja	<http://ja.wikipedia.org/wiki/群馬県道401号高崎伊勢崎自転車道線>	<http://wikidata.dbpedia.org/resource/Q11609848>
<http://ja.dbpedia.org/resource/群馬県道401号高崎伊勢崎自転車道線>	"群馬県道401号高崎伊勢崎自転車道線"@ja	<http://dbpedia.org/ontology/RouteOfTransportation>	<http://ja.dbpedia.org/property/startingTerminus>	"starting terminus"@ja	<http://ja.wikipedia.org/wiki/群馬県道401号高崎伊勢崎自転車道線>	<http://wikidata.dbpedia.org/resource/Q11609848>
<http://ja.dbpedia.org/resource/群馬県道401号高崎伊勢崎自転車道線>	"群馬県道401号高崎伊勢崎自転車道線"@ja	<http://dbpedia.org/ontology/Road>	<http://ja.dbpedia.org/property/startingTerminus>	"starting terminus"@ja	<http://ja.wikipedia.org/wiki/群馬県道401号高崎伊勢崎自転車道線>	<http://wikidata.dbpedia.org/resource/Q11609848>
<http://ja.dbpedia.org/resource/群馬県道401号高崎伊勢崎自転車道線>	"群馬県道401号高崎伊勢崎自転車道線"@ja	<http://dbpedia.org/ontology/ArchitecturalStructure>	<http://ja.dbpedia.org/property/startingTerminus>	"starting terminus"@ja	<http://ja.wikipedia.org/wiki/群馬県道401号高崎伊勢崎自転車道線>	<http://wikidata.dbpedia.org/resource/Q11609848>
<http://ja.dbpedia.org/resource/群馬県道・埼玉県道13号前橋長瀞線>	"群馬県道・埼玉県道13号前橋長瀞線"@ja	<http://dbpedia.org/ontology/Infrastructure>	<http://ja.dbpedia.org/property/主な経由都市>	"主な経由都市"@ja	<http://ja.wikipedia.org/wiki/群馬県道・埼玉県道13号前橋長瀞線>	<http://wikidata.dbpedia.org/resource/Q11609878>
<http://ja.dbpedia.org/resource/群馬県道・埼玉県道13号前橋長瀞線>	"群馬県道・埼玉県道13号前橋長瀞線"@ja	<http://dbpedia.org/ontology/RouteOfTransportation>	<http://ja.dbpedia.org/property/主な経由都市>	"主な経由都市"@ja	<http://ja.wikipedia.org/wiki/群馬県道・埼玉県道13号前橋長瀞線>	<http://wikidata.dbpedia.org/resource/Q11609878>
<http://ja.dbpedia.org/resource/群馬県道・埼玉県道13号前橋長瀞線>	"群馬県道・埼玉県道13号前橋長瀞線"@ja	<http://dbpedia.org/ontology/ArchitecturalStructure>	<http://ja.dbpedia.org/property/主な経由都市>	"主な経由都市"@ja	<http://ja.wikipedia.org/wiki/群馬県道・埼玉県道13号前橋長瀞線>	<http://wikidata.dbpedia.org/resource/Q11609878>
<http://ja.dbpedia.org/resource/群馬県道・埼玉県道13号前橋長瀞線>	"群馬県道・埼玉県道13号前橋長瀞線"@ja	<http://dbpedia.org/ontology/Road>	<http://ja.dbpedia.org/property/主な経由都市>	"主な経由都市"@ja	<http://ja.wikipedia.org/wiki/群馬県道・埼玉県道13号前橋長瀞線>	<http://wikidata.dbpedia.org/resource/Q11609878>
<http://ja.dbpedia.org/resource/鏑川>	"鏑川"@ja	<http://dbpedia.org/ontology/Location>	<http://ja.dbpedia.org/property/河口>	"河口"@ja	<http://ja.wikipedia.org/wiki/鏑川>	<http://wikidata.dbpedia.org/resource/Q11651196>
<http://ja.dbpedia.org/resource/鏑川>	"鏑川"@ja	<http://dbpedia.org/ontology/Place>	<http://ja.dbpedia.org/property/河口>	"河口"@ja	<http://ja.wikipedia.org/wiki/鏑川>	<http://wikidata.dbpedia.org/resource/Q11651196>
<http://ja.dbpedia.org/resource/鏑川>	"鏑川"@ja	<http://dbpedia.org/ontology/River>	<http://ja.dbpedia.org/property/河口>	"河口"@ja	<http://ja.wikipedia.org/wiki/鏑川>	<http://wikidata.dbpedia.org/resource/Q11651196>
<http://ja.dbpedia.org/resource/鏑川>	"鏑川"@ja	<http://dbpedia.org/ontology/NaturalPlace>	<http://ja.dbpedia.org/property/河口>	"河口"@ja	<http://ja.wikipedia.org/wiki/鏑川>	<http://wikidata.dbpedia.org/resource/Q11651196>
<http://ja.dbpedia.org/resource/鏑川>	"鏑川"@ja	<http://dbpedia.org/ontology/BodyOfWater>	<http://ja.dbpedia.org/property/河口>	"河口"@ja	<http://ja.wikipedia.org/wiki/鏑川>	<http://wikidata.dbpedia.org/resource/Q11651196>
<http://ja.dbpedia.org/resource/鏑川>	"鏑川"@ja	<http://dbpedia.org/ontology/Stream>	<http://ja.dbpedia.org/property/河口>	"河口"@ja	<http://ja.wikipedia.org/wiki/鏑川>	<http://wikidata.dbpedia.org/resource/Q11651196>
<http://ja.dbpedia.org/resource/関越自動車道>	"関越自動車道"@ja	<http://dbpedia.org/ontology/Infrastructure>	<http://ja.dbpedia.org/property/主な経由都市>	"主な経由都市"@ja	<http://ja.wikipedia.org/wiki/関越自動車道>	<http://wikidata.dbpedia.org/resource/Q1059893>
<http://ja.dbpedia.org/resource/関越自動車道>	"関越自動車道"@ja	<http://dbpedia.org/ontology/RouteOfTransportation>	<http://ja.dbpedia.org/property/主な経由都市>	"主な経由都市"@ja	<http://ja.wikipedia.org/wiki/関越自動車道>	<http://wikidata.dbpedia.org/resource/Q1059893>
<http://ja.dbpedia.org/resource/関越自動車道>	"関越自動車道"@ja	<http://dbpedia.org/ontology/Road>	<http://ja.dbpedia.org/property/主な経由都市>	"主な経由都市"@ja	<http://ja.wikipedia.org/wiki/関越自動車道>	<http://wikidata.dbpedia.org/resource/Q1059893>
<http://ja.dbpedia.org/resource/関越自動車道>	"関越自動車道"@ja	<http://dbpedia.org/ontology/ArchitecturalStructure>	<http://ja.dbpedia.org/property/主な経由都市>	"主な経由都市"@ja	<http://ja.wikipedia.org/wiki/関越自動車道>	<http://wikidata.dbpedia.org/resource/Q1059893>
<http://ja.dbpedia.org/resource/高崎市立六郷小学校>	"高崎市立六郷小学校"@ja	<http://dbpedia.org/ontology/EducationalInstitution>	<http://ja.dbpedia.org/property/設置者>	"設置者"@ja	<http://ja.wikipedia.org/wiki/高崎市立六郷小学校>	<http://wikidata.dbpedia.org/resource/Q11669759>
<http://ja.dbpedia.org/resource/高崎市立六郷小学校>	"高崎市立六郷小学校"@ja	<http://dbpedia.org/ontology/School>	<http://ja.dbpedia.org/property/設置者>	"設置者"@ja	<http://ja.wikipedia.org/wiki/高崎市立六郷小学校>	<http://wikidata.dbpedia.org/resource/Q11669759>
<http://ja.dbpedia.org/resource/高崎市立六郷小学校>	"高崎市立六郷小学校"@ja	<http://dbpedia.org/ontology/Organisation>	<http://ja.dbpedia.org/property/設置者>	"設置者"@ja	<http://ja.wikipedia.org/wiki/高崎市立六郷小学校>	<http://wikidata.dbpedia.org/resource/Q11669759>
<http://ja.dbpedia.org/resource/高崎市立六郷小学校>	"高崎市立六郷小学校"@ja	<http://dbpedia.org/ontology/Agent>	<http://ja.dbpedia.org/property/設置者>	"設置者"@ja	<http://ja.wikipedia.org/wiki/高崎市立六郷小学校>	<http://wikidata.dbpedia.org/resource/Q11669759>
<http://ja.dbpedia.org/resource/高崎市立北部小学校>	"高崎市立北部小学校"@ja	<http://dbpedia.org/ontology/Organisation>	<http://ja.dbpedia.org/property/設置者>	"設置者"@ja	<http://ja.wikipedia.org/wiki/高崎市立北部小学校>	<http://wikidata.dbpedia.org/resource/Q48749167>
<http://ja.dbpedia.org/resource/高崎市立北部小学校>	"高崎市立北部小学校"@ja	<http://dbpedia.org/ontology/Agent>	<http://ja.dbpedia.org/property/設置者>	"設置者"@ja	<http://ja.wikipedia.org/wiki/高崎市立北部小学校>	<http://wikidata.dbpedia.org/resource/Q48749167>
<http://ja.dbpedia.org/resource/高崎市立北部小学校>	"高崎市立北部小学校"@ja	<http://dbpedia.org/ontology/School>	<http://ja.dbpedia.org/property/設置者>	"設置者"@ja	<http://ja.wikipedia.org/wiki/高崎市立北部小学校>	<http://wikidata.dbpedia.org/resource/Q48749167>
<http://ja.dbpedia.org/resource/高崎市立北部小学校>	"高崎市立北部小学校"@ja	<http://dbpedia.org/ontology/EducationalInstitution>	<http://ja.dbpedia.org/property/設置者>	"設置者"@ja	<http://ja.wikipedia.org/wiki/高崎市立北部小学校>	<http://wikidata.dbpedia.org/resource/Q48749167>
<http://ja.dbpedia.org/resource/高崎市立図書館>	"高崎市立図書館"@ja	<http://dbpedia.org/ontology/EducationalInstitution>	<http://ja.dbpedia.org/property/事業主体>	"事業主体"@ja	<http://ja.wikipedia.org/wiki/高崎市立図書館>	<http://wikidata.dbpedia.org/resource/Q88752985>
<http://ja.dbpedia.org/resource/高崎市立図書館>	"高崎市立図書館"@ja	<http://dbpedia.org/ontology/Organisation>	<http://ja.dbpedia.org/property/事業主体>	"事業主体"@ja	<http://ja.wikipedia.org/wiki/高崎市立図書館>	<http://wikidata.dbpedia.org/resource/Q88752985>
<http://ja.dbpedia.org/resource/高崎市立図書館>	"高崎市立図書館"@ja	<http://dbpedia.org/ontology/Library>	<http://ja.dbpedia.org/property/事業主体>	"事業主体"@ja	<http://ja.wikipedia.org/wiki/高崎市立図書館>	<http://wikidata.dbpedia.org/resource/Q88752985>
<http://ja.dbpedia.org/resource/高崎市立図書館>	"高崎市立図書館"@ja	<http://dbpedia.org/ontology/Agent>	<http://ja.dbpedia.org/property/事業主体>	"事業主体"@ja	<http://ja.wikipedia.org/wiki/高崎市立図書館>	<http://wikidata.dbpedia.org/resource/Q88752985>
<http://ja.dbpedia.org/resource/高崎市美術館>	"高崎市美術館"@ja	<http://dbpedia.org/ontology/Building>	<http://ja.dbpedia.org/property/事業主体>	"事業主体"@ja	<http://ja.wikipedia.org/wiki/高崎市美術館>	<http://wikidata.dbpedia.org/resource/Q11669765>
<http://ja.dbpedia.org/resource/高崎市美術館>	"高崎市美術館"@ja	<http://dbpedia.org/ontology/ArchitecturalStructure>	<http://ja.dbpedia.org/property/事業主体>	"事業主体"@ja	<http://ja.wikipedia.org/wiki/高崎市美術館>	<http://wikidata.dbpedia.org/resource/Q11669765>
<http://ja.dbpedia.org/resource/高崎市美術館>	"高崎市美術館"@ja	<http://dbpedia.org/ontology/Museum>	<http://ja.dbpedia.org/property/事業主体>	"事業主体"@ja	<http://ja.wikipedia.org/wiki/高崎市美術館>	<http://wikidata.dbpedia.org/resource/Q11669765>
