?s	?sLabel	?type	?p	?pLabel	?jwiki	?wd
<http://ja.dbpedia.org/resource/みどり市>	"みどり市"@ja	<http://dbpedia.org/ontology/City>	<http://ja.dbpedia.org/property/隣接自治体>	"隣接自治体"@ja	<http://ja.wikipedia.org/wiki/みどり市>	<http://wikidata.dbpedia.org/resource/Q576556>
<http://ja.dbpedia.org/resource/みどり市>	"みどり市"@ja	<http://dbpedia.org/ontology/PopulatedPlace>	<http://ja.dbpedia.org/property/隣接自治体>	"隣接自治体"@ja	<http://ja.wikipedia.org/wiki/みどり市>	<http://wikidata.dbpedia.org/resource/Q576556>
<http://ja.dbpedia.org/resource/みどり市>	"みどり市"@ja	<http://dbpedia.org/ontology/Place>	<http://ja.dbpedia.org/property/隣接自治体>	"隣接自治体"@ja	<http://ja.wikipedia.org/wiki/みどり市>	<http://wikidata.dbpedia.org/resource/Q576556>
<http://ja.dbpedia.org/resource/みどり市>	"みどり市"@ja	<http://dbpedia.org/ontology/Location>	<http://ja.dbpedia.org/property/隣接自治体>	"隣接自治体"@ja	<http://ja.wikipedia.org/wiki/みどり市>	<http://wikidata.dbpedia.org/resource/Q576556>
<http://ja.dbpedia.org/resource/みどり市>	"みどり市"@ja	<http://dbpedia.org/ontology/Settlement>	<http://ja.dbpedia.org/property/隣接自治体>	"隣接自治体"@ja	<http://ja.wikipedia.org/wiki/みどり市>	<http://wikidata.dbpedia.org/resource/Q576556>
<http://ja.dbpedia.org/resource/日光市>	"日光市"@ja	<http://dbpedia.org/ontology/Location>	<http://ja.dbpedia.org/property/southwest>	"Southwest"@ja	<http://ja.wikipedia.org/wiki/日光市>	<http://wikidata.dbpedia.org/resource/Q235753>
<http://ja.dbpedia.org/resource/日光市>	"日光市"@ja	<http://dbpedia.org/ontology/City>	<http://ja.dbpedia.org/property/southwest>	"Southwest"@ja	<http://ja.wikipedia.org/wiki/日光市>	<http://wikidata.dbpedia.org/resource/Q235753>
<http://ja.dbpedia.org/resource/日光市>	"日光市"@ja	<http://dbpedia.org/ontology/PopulatedPlace>	<http://ja.dbpedia.org/property/southwest>	"Southwest"@ja	<http://ja.wikipedia.org/wiki/日光市>	<http://wikidata.dbpedia.org/resource/Q235753>
<http://ja.dbpedia.org/resource/日光市>	"日光市"@ja	<http://dbpedia.org/ontology/Settlement>	<http://ja.dbpedia.org/property/southwest>	"Southwest"@ja	<http://ja.wikipedia.org/wiki/日光市>	<http://wikidata.dbpedia.org/resource/Q235753>
<http://ja.dbpedia.org/resource/日光市>	"日光市"@ja	<http://dbpedia.org/ontology/Place>	<http://ja.dbpedia.org/property/southwest>	"Southwest"@ja	<http://ja.wikipedia.org/wiki/日光市>	<http://wikidata.dbpedia.org/resource/Q235753>
<http://ja.dbpedia.org/resource/昭和村_(群馬県)>	"昭和村 (群馬県)"@ja	<http://dbpedia.org/ontology/City>	<http://ja.dbpedia.org/property/隣接自治体>	"隣接自治体"@ja	<http://ja.wikipedia.org/wiki/昭和村_(群馬県)>	<http://wikidata.dbpedia.org/resource/Q1203851>
<http://ja.dbpedia.org/resource/昭和村_(群馬県)>	"昭和村 (群馬県)"@ja	<http://dbpedia.org/ontology/PopulatedPlace>	<http://ja.dbpedia.org/property/隣接自治体>	"隣接自治体"@ja	<http://ja.wikipedia.org/wiki/昭和村_(群馬県)>	<http://wikidata.dbpedia.org/resource/Q1203851>
<http://ja.dbpedia.org/resource/昭和村_(群馬県)>	"昭和村 (群馬県)"@ja	<http://dbpedia.org/ontology/Location>	<http://ja.dbpedia.org/property/隣接自治体>	"隣接自治体"@ja	<http://ja.wikipedia.org/wiki/昭和村_(群馬県)>	<http://wikidata.dbpedia.org/resource/Q1203851>
<http://ja.dbpedia.org/resource/昭和村_(群馬県)>	"昭和村 (群馬県)"@ja	<http://dbpedia.org/ontology/Settlement>	<http://ja.dbpedia.org/property/隣接自治体>	"隣接自治体"@ja	<http://ja.wikipedia.org/wiki/昭和村_(群馬県)>	<http://wikidata.dbpedia.org/resource/Q1203851>
<http://ja.dbpedia.org/resource/昭和村_(群馬県)>	"昭和村 (群馬県)"@ja	<http://dbpedia.org/ontology/Place>	<http://ja.dbpedia.org/property/隣接自治体>	"隣接自治体"@ja	<http://ja.wikipedia.org/wiki/昭和村_(群馬県)>	<http://wikidata.dbpedia.org/resource/Q1203851>
<http://ja.dbpedia.org/resource/桐生市>	"桐生市"@ja	<http://dbpedia.org/ontology/City>	<http://ja.dbpedia.org/property/隣接自治体>	"隣接自治体"@ja	<http://ja.wikipedia.org/wiki/桐生市>	<http://wikidata.dbpedia.org/resource/Q634022>
<http://ja.dbpedia.org/resource/桐生市>	"桐生市"@ja	<http://dbpedia.org/ontology/Location>	<http://ja.dbpedia.org/property/隣接自治体>	"隣接自治体"@ja	<http://ja.wikipedia.org/wiki/桐生市>	<http://wikidata.dbpedia.org/resource/Q634022>
<http://ja.dbpedia.org/resource/桐生市>	"桐生市"@ja	<http://dbpedia.org/ontology/Settlement>	<http://ja.dbpedia.org/property/隣接自治体>	"隣接自治体"@ja	<http://ja.wikipedia.org/wiki/桐生市>	<http://wikidata.dbpedia.org/resource/Q634022>
<http://ja.dbpedia.org/resource/桐生市>	"桐生市"@ja	<http://dbpedia.org/ontology/PopulatedPlace>	<http://ja.dbpedia.org/property/隣接自治体>	"隣接自治体"@ja	<http://ja.wikipedia.org/wiki/桐生市>	<http://wikidata.dbpedia.org/resource/Q634022>
<http://ja.dbpedia.org/resource/桐生市>	"桐生市"@ja	<http://dbpedia.org/ontology/Place>	<http://ja.dbpedia.org/property/隣接自治体>	"隣接自治体"@ja	<http://ja.wikipedia.org/wiki/桐生市>	<http://wikidata.dbpedia.org/resource/Q634022>
<http://ja.dbpedia.org/resource/沼田市立利根小学校>	"沼田市立利根小学校"@ja	<http://dbpedia.org/ontology/Agent>	<http://ja.dbpedia.org/property/設置者>	"設置者"@ja	<http://ja.wikipedia.org/wiki/沼田市立利根小学校>	<http://wikidata.dbpedia.org/resource/Q86175969>
<http://ja.dbpedia.org/resource/沼田市立利根小学校>	"沼田市立利根小学校"@ja	<http://dbpedia.org/ontology/School>	<http://ja.dbpedia.org/property/設置者>	"設置者"@ja	<http://ja.wikipedia.org/wiki/沼田市立利根小学校>	<http://wikidata.dbpedia.org/resource/Q86175969>
<http://ja.dbpedia.org/resource/沼田市立利根小学校>	"沼田市立利根小学校"@ja	<http://dbpedia.org/ontology/EducationalInstitution>	<http://ja.dbpedia.org/property/設置者>	"設置者"@ja	<http://ja.wikipedia.org/wiki/沼田市立利根小学校>	<http://wikidata.dbpedia.org/resource/Q86175969>
<http://ja.dbpedia.org/resource/沼田市立利根小学校>	"沼田市立利根小学校"@ja	<http://dbpedia.org/ontology/Organisation>	<http://ja.dbpedia.org/property/設置者>	"設置者"@ja	<http://ja.wikipedia.org/wiki/沼田市立利根小学校>	<http://wikidata.dbpedia.org/resource/Q86175969>
<http://ja.dbpedia.org/resource/沼田市立沼田中学校>	"沼田市立沼田中学校"@ja	<http://dbpedia.org/ontology/Agent>	<http://ja.dbpedia.org/property/設置者>	"設置者"@ja	<http://ja.wikipedia.org/wiki/沼田市立沼田中学校>	<http://wikidata.dbpedia.org/resource/Q11554583>
<http://ja.dbpedia.org/resource/沼田市立沼田中学校>	"沼田市立沼田中学校"@ja	<http://dbpedia.org/ontology/School>	<http://ja.dbpedia.org/property/設置者>	"設置者"@ja	<http://ja.wikipedia.org/wiki/沼田市立沼田中学校>	<http://wikidata.dbpedia.org/resource/Q11554583>
<http://ja.dbpedia.org/resource/沼田市立沼田中学校>	"沼田市立沼田中学校"@ja	<http://dbpedia.org/ontology/EducationalInstitution>	<http://ja.dbpedia.org/property/設置者>	"設置者"@ja	<http://ja.wikipedia.org/wiki/沼田市立沼田中学校>	<http://wikidata.dbpedia.org/resource/Q11554583>
<http://ja.dbpedia.org/resource/沼田市立沼田中学校>	"沼田市立沼田中学校"@ja	<http://dbpedia.org/ontology/Organisation>	<http://ja.dbpedia.org/property/設置者>	"設置者"@ja	<http://ja.wikipedia.org/wiki/沼田市立沼田中学校>	<http://wikidata.dbpedia.org/resource/Q11554583>
<http://ja.dbpedia.org/resource/関越自動車道>	"関越自動車道"@ja	<http://dbpedia.org/ontology/Road>	<http://ja.dbpedia.org/property/主な経由都市>	"主な経由都市"@ja	<http://ja.wikipedia.org/wiki/関越自動車道>	<http://wikidata.dbpedia.org/resource/Q1059893>
<http://ja.dbpedia.org/resource/関越自動車道>	"関越自動車道"@ja	<http://dbpedia.org/ontology/Infrastructure>	<http://ja.dbpedia.org/property/主な経由都市>	"主な経由都市"@ja	<http://ja.wikipedia.org/wiki/関越自動車道>	<http://wikidata.dbpedia.org/resource/Q1059893>
<http://ja.dbpedia.org/resource/関越自動車道>	"関越自動車道"@ja	<http://dbpedia.org/ontology/ArchitecturalStructure>	<http://ja.dbpedia.org/property/主な経由都市>	"主な経由都市"@ja	<http://ja.wikipedia.org/wiki/関越自動車道>	<http://wikidata.dbpedia.org/resource/Q1059893>
<http://ja.dbpedia.org/resource/関越自動車道>	"関越自動車道"@ja	<http://dbpedia.org/ontology/RouteOfTransportation>	<http://ja.dbpedia.org/property/主な経由都市>	"主な経由都市"@ja	<http://ja.wikipedia.org/wiki/関越自動車道>	<http://wikidata.dbpedia.org/resource/Q1059893>
