?s	?sLabel	?type	?p	?pLabel	?jwiki	?wd
<http://ja.dbpedia.org/resource/不如帰駅>	"不如帰駅"@ja	<http://dbpedia.org/ontology/Infrastructure>	<http://ja.dbpedia.org/property/所属事業者>	"所属事業者"@ja	<http://ja.wikipedia.org/wiki/不如帰駅>	<http://wikidata.dbpedia.org/resource/Q11361681>
<http://ja.dbpedia.org/resource/不如帰駅>	"不如帰駅"@ja	<http://dbpedia.org/ontology/ArchitecturalStructure>	<http://ja.dbpedia.org/property/所属事業者>	"所属事業者"@ja	<http://ja.wikipedia.org/wiki/不如帰駅>	<http://wikidata.dbpedia.org/resource/Q11361681>
<http://ja.dbpedia.org/resource/不如帰駅>	"不如帰駅"@ja	<http://dbpedia.org/ontology/Station>	<http://ja.dbpedia.org/property/所属事業者>	"所属事業者"@ja	<http://ja.wikipedia.org/wiki/不如帰駅>	<http://wikidata.dbpedia.org/resource/Q11361681>
<http://ja.dbpedia.org/resource/吾妻川>	"吾妻川"@ja	<http://dbpedia.org/ontology/NaturalPlace>	<http://ja.dbpedia.org/property/河口>	"河口"@ja	<http://ja.wikipedia.org/wiki/吾妻川>	<http://wikidata.dbpedia.org/resource/Q1636255>
<http://ja.dbpedia.org/resource/吾妻川>	"吾妻川"@ja	<http://dbpedia.org/ontology/Stream>	<http://ja.dbpedia.org/property/河口>	"河口"@ja	<http://ja.wikipedia.org/wiki/吾妻川>	<http://wikidata.dbpedia.org/resource/Q1636255>
<http://ja.dbpedia.org/resource/吾妻川>	"吾妻川"@ja	<http://dbpedia.org/ontology/BodyOfWater>	<http://ja.dbpedia.org/property/河口>	"河口"@ja	<http://ja.wikipedia.org/wiki/吾妻川>	<http://wikidata.dbpedia.org/resource/Q1636255>
<http://ja.dbpedia.org/resource/吾妻川>	"吾妻川"@ja	<http://dbpedia.org/ontology/Location>	<http://ja.dbpedia.org/property/河口>	"河口"@ja	<http://ja.wikipedia.org/wiki/吾妻川>	<http://wikidata.dbpedia.org/resource/Q1636255>
<http://ja.dbpedia.org/resource/吾妻川>	"吾妻川"@ja	<http://dbpedia.org/ontology/River>	<http://ja.dbpedia.org/property/河口>	"河口"@ja	<http://ja.wikipedia.org/wiki/吾妻川>	<http://wikidata.dbpedia.org/resource/Q1636255>
<http://ja.dbpedia.org/resource/吾妻川>	"吾妻川"@ja	<http://dbpedia.org/ontology/Place>	<http://ja.dbpedia.org/property/河口>	"河口"@ja	<http://ja.wikipedia.org/wiki/吾妻川>	<http://wikidata.dbpedia.org/resource/Q1636255>
<http://ja.dbpedia.org/resource/埼玉県道・群馬県道416号利根川自転車道線>	"埼玉県道・群馬県道416号利根川自転車道線"@ja	<http://dbpedia.org/ontology/Infrastructure>	<http://ja.dbpedia.org/property/endingTerminus>	"ending terminus"@ja	<http://ja.wikipedia.org/wiki/埼玉県道・群馬県道416号利根川自転車道線>	<http://wikidata.dbpedia.org/resource/Q11427127>
<http://ja.dbpedia.org/resource/埼玉県道・群馬県道416号利根川自転車道線>	"埼玉県道・群馬県道416号利根川自転車道線"@ja	<http://dbpedia.org/ontology/RouteOfTransportation>	<http://ja.dbpedia.org/property/endingTerminus>	"ending terminus"@ja	<http://ja.wikipedia.org/wiki/埼玉県道・群馬県道416号利根川自転車道線>	<http://wikidata.dbpedia.org/resource/Q11427127>
<http://ja.dbpedia.org/resource/埼玉県道・群馬県道416号利根川自転車道線>	"埼玉県道・群馬県道416号利根川自転車道線"@ja	<http://dbpedia.org/ontology/ArchitecturalStructure>	<http://ja.dbpedia.org/property/endingTerminus>	"ending terminus"@ja	<http://ja.wikipedia.org/wiki/埼玉県道・群馬県道416号利根川自転車道線>	<http://wikidata.dbpedia.org/resource/Q11427127>
<http://ja.dbpedia.org/resource/埼玉県道・群馬県道416号利根川自転車道線>	"埼玉県道・群馬県道416号利根川自転車道線"@ja	<http://dbpedia.org/ontology/Road>	<http://ja.dbpedia.org/property/endingTerminus>	"ending terminus"@ja	<http://ja.wikipedia.org/wiki/埼玉県道・群馬県道416号利根川自転車道線>	<http://wikidata.dbpedia.org/resource/Q11427127>
<http://ja.dbpedia.org/resource/昭和村_(群馬県)>	"昭和村 (群馬県)"@ja	<http://dbpedia.org/ontology/Place>	<http://ja.dbpedia.org/property/隣接自治体>	"隣接自治体"@ja	<http://ja.wikipedia.org/wiki/昭和村_(群馬県)>	<http://wikidata.dbpedia.org/resource/Q1203851>
<http://ja.dbpedia.org/resource/昭和村_(群馬県)>	"昭和村 (群馬県)"@ja	<http://dbpedia.org/ontology/City>	<http://ja.dbpedia.org/property/隣接自治体>	"隣接自治体"@ja	<http://ja.wikipedia.org/wiki/昭和村_(群馬県)>	<http://wikidata.dbpedia.org/resource/Q1203851>
<http://ja.dbpedia.org/resource/昭和村_(群馬県)>	"昭和村 (群馬県)"@ja	<http://dbpedia.org/ontology/Settlement>	<http://ja.dbpedia.org/property/隣接自治体>	"隣接自治体"@ja	<http://ja.wikipedia.org/wiki/昭和村_(群馬県)>	<http://wikidata.dbpedia.org/resource/Q1203851>
<http://ja.dbpedia.org/resource/昭和村_(群馬県)>	"昭和村 (群馬県)"@ja	<http://dbpedia.org/ontology/PopulatedPlace>	<http://ja.dbpedia.org/property/隣接自治体>	"隣接自治体"@ja	<http://ja.wikipedia.org/wiki/昭和村_(群馬県)>	<http://wikidata.dbpedia.org/resource/Q1203851>
<http://ja.dbpedia.org/resource/昭和村_(群馬県)>	"昭和村 (群馬県)"@ja	<http://dbpedia.org/ontology/Location>	<http://ja.dbpedia.org/property/隣接自治体>	"隣接自治体"@ja	<http://ja.wikipedia.org/wiki/昭和村_(群馬県)>	<http://wikidata.dbpedia.org/resource/Q1203851>
<http://ja.dbpedia.org/resource/渋川市立渋川北中学校>	"渋川市立渋川北中学校"@ja	<http://dbpedia.org/ontology/School>	<http://ja.dbpedia.org/property/設置者>	"設置者"@ja	<http://ja.wikipedia.org/wiki/渋川市立渋川北中学校>	<http://wikidata.dbpedia.org/resource/Q11561567>
<http://ja.dbpedia.org/resource/渋川市立渋川北中学校>	"渋川市立渋川北中学校"@ja	<http://dbpedia.org/ontology/EducationalInstitution>	<http://ja.dbpedia.org/property/設置者>	"設置者"@ja	<http://ja.wikipedia.org/wiki/渋川市立渋川北中学校>	<http://wikidata.dbpedia.org/resource/Q11561567>
<http://ja.dbpedia.org/resource/渋川市立渋川北中学校>	"渋川市立渋川北中学校"@ja	<http://dbpedia.org/ontology/Agent>	<http://ja.dbpedia.org/property/設置者>	"設置者"@ja	<http://ja.wikipedia.org/wiki/渋川市立渋川北中学校>	<http://wikidata.dbpedia.org/resource/Q11561567>
<http://ja.dbpedia.org/resource/渋川市立渋川北中学校>	"渋川市立渋川北中学校"@ja	<http://dbpedia.org/ontology/Organisation>	<http://ja.dbpedia.org/property/設置者>	"設置者"@ja	<http://ja.wikipedia.org/wiki/渋川市立渋川北中学校>	<http://wikidata.dbpedia.org/resource/Q11561567>
<http://ja.dbpedia.org/resource/渋川市立渋川北小学校>	"渋川市立渋川北小学校"@ja	<http://dbpedia.org/ontology/EducationalInstitution>	<http://ja.dbpedia.org/property/設置者>	"設置者"@ja	<http://ja.wikipedia.org/wiki/渋川市立渋川北小学校>	<http://wikidata.dbpedia.org/resource/Q11561568>
<http://ja.dbpedia.org/resource/渋川市立渋川北小学校>	"渋川市立渋川北小学校"@ja	<http://dbpedia.org/ontology/School>	<http://ja.dbpedia.org/property/設置者>	"設置者"@ja	<http://ja.wikipedia.org/wiki/渋川市立渋川北小学校>	<http://wikidata.dbpedia.org/resource/Q11561568>
<http://ja.dbpedia.org/resource/渋川市立渋川北小学校>	"渋川市立渋川北小学校"@ja	<http://dbpedia.org/ontology/Agent>	<http://ja.dbpedia.org/property/設置者>	"設置者"@ja	<http://ja.wikipedia.org/wiki/渋川市立渋川北小学校>	<http://wikidata.dbpedia.org/resource/Q11561568>
<http://ja.dbpedia.org/resource/渋川市立渋川北小学校>	"渋川市立渋川北小学校"@ja	<http://dbpedia.org/ontology/Organisation>	<http://ja.dbpedia.org/property/設置者>	"設置者"@ja	<http://ja.wikipedia.org/wiki/渋川市立渋川北小学校>	<http://wikidata.dbpedia.org/resource/Q11561568>
<http://ja.dbpedia.org/resource/渋川市立渋川南小学校>	"渋川市立渋川南小学校"@ja	<http://dbpedia.org/ontology/EducationalInstitution>	<http://ja.dbpedia.org/property/設置者>	"設置者"@ja	<http://ja.wikipedia.org/wiki/渋川市立渋川南小学校>	<http://wikidata.dbpedia.org/resource/Q11561569>
<http://ja.dbpedia.org/resource/渋川市立渋川南小学校>	"渋川市立渋川南小学校"@ja	<http://dbpedia.org/ontology/School>	<http://ja.dbpedia.org/property/設置者>	"設置者"@ja	<http://ja.wikipedia.org/wiki/渋川市立渋川南小学校>	<http://wikidata.dbpedia.org/resource/Q11561569>
<http://ja.dbpedia.org/resource/渋川市立渋川南小学校>	"渋川市立渋川南小学校"@ja	<http://dbpedia.org/ontology/Organisation>	<http://ja.dbpedia.org/property/設置者>	"設置者"@ja	<http://ja.wikipedia.org/wiki/渋川市立渋川南小学校>	<http://wikidata.dbpedia.org/resource/Q11561569>
<http://ja.dbpedia.org/resource/渋川市立渋川南小学校>	"渋川市立渋川南小学校"@ja	<http://dbpedia.org/ontology/Agent>	<http://ja.dbpedia.org/property/設置者>	"設置者"@ja	<http://ja.wikipedia.org/wiki/渋川市立渋川南小学校>	<http://wikidata.dbpedia.org/resource/Q11561569>
<http://ja.dbpedia.org/resource/渋川市立赤城北中学校>	"渋川市立赤城北中学校"@ja	<http://dbpedia.org/ontology/School>	<http://ja.dbpedia.org/property/設置者>	"設置者"@ja	<http://ja.wikipedia.org/wiki/渋川市立赤城北中学校>	<http://wikidata.dbpedia.org/resource/Q65272526>
<http://ja.dbpedia.org/resource/渋川市立赤城北中学校>	"渋川市立赤城北中学校"@ja	<http://dbpedia.org/ontology/EducationalInstitution>	<http://ja.dbpedia.org/property/設置者>	"設置者"@ja	<http://ja.wikipedia.org/wiki/渋川市立赤城北中学校>	<http://wikidata.dbpedia.org/resource/Q65272526>
<http://ja.dbpedia.org/resource/渋川市立赤城北中学校>	"渋川市立赤城北中学校"@ja	<http://dbpedia.org/ontology/Agent>	<http://ja.dbpedia.org/property/設置者>	"設置者"@ja	<http://ja.wikipedia.org/wiki/渋川市立赤城北中学校>	<http://wikidata.dbpedia.org/resource/Q65272526>
<http://ja.dbpedia.org/resource/渋川市立赤城北中学校>	"渋川市立赤城北中学校"@ja	<http://dbpedia.org/ontology/Organisation>	<http://ja.dbpedia.org/property/設置者>	"設置者"@ja	<http://ja.wikipedia.org/wiki/渋川市立赤城北中学校>	<http://wikidata.dbpedia.org/resource/Q65272526>
<http://ja.dbpedia.org/resource/渋川市美術館・桑原巨守彫刻美術館>	"渋川市美術館・桑原巨守彫刻美術館"@ja	<http://dbpedia.org/ontology/ArchitecturalStructure>	<http://ja.dbpedia.org/property/事業主体>	"事業主体"@ja	<http://ja.wikipedia.org/wiki/渋川市美術館・桑原巨守彫刻美術館>	<http://wikidata.dbpedia.org/resource/Q11561571>
<http://ja.dbpedia.org/resource/渋川市美術館・桑原巨守彫刻美術館>	"渋川市美術館・桑原巨守彫刻美術館"@ja	<http://dbpedia.org/ontology/Museum>	<http://ja.dbpedia.org/property/事業主体>	"事業主体"@ja	<http://ja.wikipedia.org/wiki/渋川市美術館・桑原巨守彫刻美術館>	<http://wikidata.dbpedia.org/resource/Q11561571>
<http://ja.dbpedia.org/resource/渋川市美術館・桑原巨守彫刻美術館>	"渋川市美術館・桑原巨守彫刻美術館"@ja	<http://dbpedia.org/ontology/Building>	<http://ja.dbpedia.org/property/事業主体>	"事業主体"@ja	<http://ja.wikipedia.org/wiki/渋川市美術館・桑原巨守彫刻美術館>	<http://wikidata.dbpedia.org/resource/Q11561571>
<http://ja.dbpedia.org/resource/群馬県道26号高崎安中渋川線>	"群馬県道26号高崎安中渋川線"@ja	<http://dbpedia.org/ontology/Infrastructure>	<http://ja.dbpedia.org/property/終点>	"終点"@ja	<http://ja.wikipedia.org/wiki/群馬県道26号高崎安中渋川線>	<http://wikidata.dbpedia.org/resource/Q11609786>
<http://ja.dbpedia.org/resource/群馬県道26号高崎安中渋川線>	"群馬県道26号高崎安中渋川線"@ja	<http://dbpedia.org/ontology/RouteOfTransportation>	<http://ja.dbpedia.org/property/終点>	"終点"@ja	<http://ja.wikipedia.org/wiki/群馬県道26号高崎安中渋川線>	<http://wikidata.dbpedia.org/resource/Q11609786>
<http://ja.dbpedia.org/resource/群馬県道26号高崎安中渋川線>	"群馬県道26号高崎安中渋川線"@ja	<http://dbpedia.org/ontology/Road>	<http://ja.dbpedia.org/property/終点>	"終点"@ja	<http://ja.wikipedia.org/wiki/群馬県道26号高崎安中渋川線>	<http://wikidata.dbpedia.org/resource/Q11609786>
<http://ja.dbpedia.org/resource/群馬県道26号高崎安中渋川線>	"群馬県道26号高崎安中渋川線"@ja	<http://dbpedia.org/ontology/ArchitecturalStructure>	<http://ja.dbpedia.org/property/終点>	"終点"@ja	<http://ja.wikipedia.org/wiki/群馬県道26号高崎安中渋川線>	<http://wikidata.dbpedia.org/resource/Q11609786>
<http://ja.dbpedia.org/resource/見晴駅>	"見晴駅"@ja	<http://dbpedia.org/ontology/Station>	<http://ja.dbpedia.org/property/所属事業者>	"所属事業者"@ja	<http://ja.wikipedia.org/wiki/見晴駅>	<http://wikidata.dbpedia.org/resource/Q11630199>
<http://ja.dbpedia.org/resource/見晴駅>	"見晴駅"@ja	<http://dbpedia.org/ontology/ArchitecturalStructure>	<http://ja.dbpedia.org/property/所属事業者>	"所属事業者"@ja	<http://ja.wikipedia.org/wiki/見晴駅>	<http://wikidata.dbpedia.org/resource/Q11630199>
<http://ja.dbpedia.org/resource/見晴駅>	"見晴駅"@ja	<http://dbpedia.org/ontology/Infrastructure>	<http://ja.dbpedia.org/property/所属事業者>	"所属事業者"@ja	<http://ja.wikipedia.org/wiki/見晴駅>	<http://wikidata.dbpedia.org/resource/Q11630199>
<http://ja.dbpedia.org/resource/関越自動車道>	"関越自動車道"@ja	<http://dbpedia.org/ontology/RouteOfTransportation>	<http://ja.dbpedia.org/property/主な経由都市>	"主な経由都市"@ja	<http://ja.wikipedia.org/wiki/関越自動車道>	<http://wikidata.dbpedia.org/resource/Q1059893>
<http://ja.dbpedia.org/resource/関越自動車道>	"関越自動車道"@ja	<http://dbpedia.org/ontology/Infrastructure>	<http://ja.dbpedia.org/property/主な経由都市>	"主な経由都市"@ja	<http://ja.wikipedia.org/wiki/関越自動車道>	<http://wikidata.dbpedia.org/resource/Q1059893>
<http://ja.dbpedia.org/resource/関越自動車道>	"関越自動車道"@ja	<http://dbpedia.org/ontology/Road>	<http://ja.dbpedia.org/property/主な経由都市>	"主な経由都市"@ja	<http://ja.wikipedia.org/wiki/関越自動車道>	<http://wikidata.dbpedia.org/resource/Q1059893>
<http://ja.dbpedia.org/resource/関越自動車道>	"関越自動車道"@ja	<http://dbpedia.org/ontology/ArchitecturalStructure>	<http://ja.dbpedia.org/property/主な経由都市>	"主な経由都市"@ja	<http://ja.wikipedia.org/wiki/関越自動車道>	<http://wikidata.dbpedia.org/resource/Q1059893>
