?s	?sLabel	?type	?p	?pLabel	?jwiki	?wd
<http://ja.dbpedia.org/resource/上野村立上野中学校>	"上野村立上野中学校"@ja	<http://dbpedia.org/ontology/School>	<http://ja.dbpedia.org/property/設置者>	"設置者"@ja	<http://ja.wikipedia.org/wiki/上野村立上野中学校>	<http://wikidata.dbpedia.org/resource/Q22117977>
<http://ja.dbpedia.org/resource/上野村立上野中学校>	"上野村立上野中学校"@ja	<http://dbpedia.org/ontology/Organisation>	<http://ja.dbpedia.org/property/設置者>	"設置者"@ja	<http://ja.wikipedia.org/wiki/上野村立上野中学校>	<http://wikidata.dbpedia.org/resource/Q22117977>
<http://ja.dbpedia.org/resource/上野村立上野中学校>	"上野村立上野中学校"@ja	<http://dbpedia.org/ontology/EducationalInstitution>	<http://ja.dbpedia.org/property/設置者>	"設置者"@ja	<http://ja.wikipedia.org/wiki/上野村立上野中学校>	<http://wikidata.dbpedia.org/resource/Q22117977>
<http://ja.dbpedia.org/resource/上野村立上野中学校>	"上野村立上野中学校"@ja	<http://dbpedia.org/ontology/Agent>	<http://ja.dbpedia.org/property/設置者>	"設置者"@ja	<http://ja.wikipedia.org/wiki/上野村立上野中学校>	<http://wikidata.dbpedia.org/resource/Q22117977>
<http://ja.dbpedia.org/resource/黒沢丈夫>	"黒沢丈夫"@ja	<http://dbpedia.org/ontology/Species>	<http://ja.dbpedia.org/property/職名>	"職名"@ja	<http://ja.wikipedia.org/wiki/黒沢丈夫>	<http://wikidata.dbpedia.org/resource/Q11678401>
<http://ja.dbpedia.org/resource/黒沢丈夫>	"黒沢丈夫"@ja	<http://dbpedia.org/ontology/Eukaryote>	<http://ja.dbpedia.org/property/職名>	"職名"@ja	<http://ja.wikipedia.org/wiki/黒沢丈夫>	<http://wikidata.dbpedia.org/resource/Q11678401>
<http://ja.dbpedia.org/resource/黒沢丈夫>	"黒沢丈夫"@ja	<http://dbpedia.org/ontology/Person>	<http://ja.dbpedia.org/property/職名>	"職名"@ja	<http://ja.wikipedia.org/wiki/黒沢丈夫>	<http://wikidata.dbpedia.org/resource/Q11678401>
<http://ja.dbpedia.org/resource/黒沢丈夫>	"黒沢丈夫"@ja	<http://dbpedia.org/ontology/Politician>	<http://ja.dbpedia.org/property/職名>	"職名"@ja	<http://ja.wikipedia.org/wiki/黒沢丈夫>	<http://wikidata.dbpedia.org/resource/Q11678401>
<http://ja.dbpedia.org/resource/黒沢丈夫>	"黒沢丈夫"@ja	<http://dbpedia.org/ontology/Animal>	<http://ja.dbpedia.org/property/職名>	"職名"@ja	<http://ja.wikipedia.org/wiki/黒沢丈夫>	<http://wikidata.dbpedia.org/resource/Q11678401>
