?s	?sLabel	?type	?p	?pLabel	?jwiki	?wd
<http://ja.dbpedia.org/resource/軽井沢町>	"軽井沢町"@ja	<http://dbpedia.org/ontology/City>	<http://ja.dbpedia.org/property/south>	"South"@ja	<http://ja.wikipedia.org/wiki/軽井沢町>	<http://wikidata.dbpedia.org/resource/Q1012064>
<http://ja.dbpedia.org/resource/軽井沢町>	"軽井沢町"@ja	<http://dbpedia.org/ontology/Settlement>	<http://ja.dbpedia.org/property/south>	"South"@ja	<http://ja.wikipedia.org/wiki/軽井沢町>	<http://wikidata.dbpedia.org/resource/Q1012064>
<http://ja.dbpedia.org/resource/軽井沢町>	"軽井沢町"@ja	<http://dbpedia.org/ontology/Place>	<http://ja.dbpedia.org/property/south>	"South"@ja	<http://ja.wikipedia.org/wiki/軽井沢町>	<http://wikidata.dbpedia.org/resource/Q1012064>
<http://ja.dbpedia.org/resource/軽井沢町>	"軽井沢町"@ja	<http://dbpedia.org/ontology/PopulatedPlace>	<http://ja.dbpedia.org/property/south>	"South"@ja	<http://ja.wikipedia.org/wiki/軽井沢町>	<http://wikidata.dbpedia.org/resource/Q1012064>
<http://ja.dbpedia.org/resource/軽井沢町>	"軽井沢町"@ja	<http://dbpedia.org/ontology/Location>	<http://ja.dbpedia.org/property/south>	"South"@ja	<http://ja.wikipedia.org/wiki/軽井沢町>	<http://wikidata.dbpedia.org/resource/Q1012064>
