?s	?sLabel	?type	?p	?pLabel	?jwiki	?wd
<http://ja.dbpedia.org/resource/中之条町立中之条中学校>	"中之条町立中之条中学校"@ja	<http://dbpedia.org/ontology/School>	<http://ja.dbpedia.org/property/設置者>	"設置者"@ja	<http://ja.wikipedia.org/wiki/中之条町立中之条中学校>	<http://wikidata.dbpedia.org/resource/Q11362875>
<http://ja.dbpedia.org/resource/中之条町立中之条中学校>	"中之条町立中之条中学校"@ja	<http://dbpedia.org/ontology/Organisation>	<http://ja.dbpedia.org/property/設置者>	"設置者"@ja	<http://ja.wikipedia.org/wiki/中之条町立中之条中学校>	<http://wikidata.dbpedia.org/resource/Q11362875>
<http://ja.dbpedia.org/resource/中之条町立中之条中学校>	"中之条町立中之条中学校"@ja	<http://dbpedia.org/ontology/EducationalInstitution>	<http://ja.dbpedia.org/property/設置者>	"設置者"@ja	<http://ja.wikipedia.org/wiki/中之条町立中之条中学校>	<http://wikidata.dbpedia.org/resource/Q11362875>
<http://ja.dbpedia.org/resource/中之条町立中之条中学校>	"中之条町立中之条中学校"@ja	<http://dbpedia.org/ontology/Agent>	<http://ja.dbpedia.org/property/設置者>	"設置者"@ja	<http://ja.wikipedia.org/wiki/中之条町立中之条中学校>	<http://wikidata.dbpedia.org/resource/Q11362875>
<http://ja.dbpedia.org/resource/中之条町立中之条小学校>	"中之条町立中之条小学校"@ja	<http://dbpedia.org/ontology/School>	<http://ja.dbpedia.org/property/設置者>	"設置者"@ja	<http://ja.wikipedia.org/wiki/中之条町立中之条小学校>	<http://wikidata.dbpedia.org/resource/Q11362877>
<http://ja.dbpedia.org/resource/中之条町立中之条小学校>	"中之条町立中之条小学校"@ja	<http://dbpedia.org/ontology/Organisation>	<http://ja.dbpedia.org/property/設置者>	"設置者"@ja	<http://ja.wikipedia.org/wiki/中之条町立中之条小学校>	<http://wikidata.dbpedia.org/resource/Q11362877>
<http://ja.dbpedia.org/resource/中之条町立中之条小学校>	"中之条町立中之条小学校"@ja	<http://dbpedia.org/ontology/EducationalInstitution>	<http://ja.dbpedia.org/property/設置者>	"設置者"@ja	<http://ja.wikipedia.org/wiki/中之条町立中之条小学校>	<http://wikidata.dbpedia.org/resource/Q11362877>
<http://ja.dbpedia.org/resource/中之条町立中之条小学校>	"中之条町立中之条小学校"@ja	<http://dbpedia.org/ontology/Agent>	<http://ja.dbpedia.org/property/設置者>	"設置者"@ja	<http://ja.wikipedia.org/wiki/中之条町立中之条小学校>	<http://wikidata.dbpedia.org/resource/Q11362877>
<http://ja.dbpedia.org/resource/中之条町立六合小学校>	"中之条町立六合小学校"@ja	<http://dbpedia.org/ontology/Agent>	<http://ja.dbpedia.org/property/設置者>	"設置者"@ja	<http://ja.wikipedia.org/wiki/中之条町立六合小学校>	<http://wikidata.dbpedia.org/resource/Q86175995>
<http://ja.dbpedia.org/resource/中之条町立六合小学校>	"中之条町立六合小学校"@ja	<http://dbpedia.org/ontology/School>	<http://ja.dbpedia.org/property/設置者>	"設置者"@ja	<http://ja.wikipedia.org/wiki/中之条町立六合小学校>	<http://wikidata.dbpedia.org/resource/Q86175995>
<http://ja.dbpedia.org/resource/中之条町立六合小学校>	"中之条町立六合小学校"@ja	<http://dbpedia.org/ontology/EducationalInstitution>	<http://ja.dbpedia.org/property/設置者>	"設置者"@ja	<http://ja.wikipedia.org/wiki/中之条町立六合小学校>	<http://wikidata.dbpedia.org/resource/Q86175995>
<http://ja.dbpedia.org/resource/中之条町立六合小学校>	"中之条町立六合小学校"@ja	<http://dbpedia.org/ontology/Organisation>	<http://ja.dbpedia.org/property/設置者>	"設置者"@ja	<http://ja.wikipedia.org/wiki/中之条町立六合小学校>	<http://wikidata.dbpedia.org/resource/Q86175995>
<http://ja.dbpedia.org/resource/入内島道隆>	"入内島道隆"@ja	<http://dbpedia.org/ontology/Species>	<http://ja.dbpedia.org/property/前職>	"前職"@ja	<http://ja.wikipedia.org/wiki/入内島道隆>	<http://wikidata.dbpedia.org/resource/Q11388862>
<http://ja.dbpedia.org/resource/入内島道隆>	"入内島道隆"@ja	<http://dbpedia.org/ontology/Eukaryote>	<http://ja.dbpedia.org/property/前職>	"前職"@ja	<http://ja.wikipedia.org/wiki/入内島道隆>	<http://wikidata.dbpedia.org/resource/Q11388862>
<http://ja.dbpedia.org/resource/入内島道隆>	"入内島道隆"@ja	<http://dbpedia.org/ontology/Person>	<http://ja.dbpedia.org/property/前職>	"前職"@ja	<http://ja.wikipedia.org/wiki/入内島道隆>	<http://wikidata.dbpedia.org/resource/Q11388862>
<http://ja.dbpedia.org/resource/入内島道隆>	"入内島道隆"@ja	<http://dbpedia.org/ontology/Politician>	<http://ja.dbpedia.org/property/前職>	"前職"@ja	<http://ja.wikipedia.org/wiki/入内島道隆>	<http://wikidata.dbpedia.org/resource/Q11388862>
<http://ja.dbpedia.org/resource/入内島道隆>	"入内島道隆"@ja	<http://dbpedia.org/ontology/Animal>	<http://ja.dbpedia.org/property/前職>	"前職"@ja	<http://ja.wikipedia.org/wiki/入内島道隆>	<http://wikidata.dbpedia.org/resource/Q11388862>
<http://ja.dbpedia.org/resource/四万川>	"四万川"@ja	<http://dbpedia.org/ontology/BodyOfWater>	<http://ja.dbpedia.org/property/河口>	"河口"@ja	<http://ja.wikipedia.org/wiki/四万川>	<http://wikidata.dbpedia.org/resource/Q11419599>
<http://ja.dbpedia.org/resource/四万川>	"四万川"@ja	<http://dbpedia.org/ontology/Place>	<http://ja.dbpedia.org/property/河口>	"河口"@ja	<http://ja.wikipedia.org/wiki/四万川>	<http://wikidata.dbpedia.org/resource/Q11419599>
<http://ja.dbpedia.org/resource/四万川>	"四万川"@ja	<http://dbpedia.org/ontology/NaturalPlace>	<http://ja.dbpedia.org/property/河口>	"河口"@ja	<http://ja.wikipedia.org/wiki/四万川>	<http://wikidata.dbpedia.org/resource/Q11419599>
<http://ja.dbpedia.org/resource/四万川>	"四万川"@ja	<http://dbpedia.org/ontology/Location>	<http://ja.dbpedia.org/property/河口>	"河口"@ja	<http://ja.wikipedia.org/wiki/四万川>	<http://wikidata.dbpedia.org/resource/Q11419599>
<http://ja.dbpedia.org/resource/四万川>	"四万川"@ja	<http://dbpedia.org/ontology/River>	<http://ja.dbpedia.org/property/河口>	"河口"@ja	<http://ja.wikipedia.org/wiki/四万川>	<http://wikidata.dbpedia.org/resource/Q11419599>
<http://ja.dbpedia.org/resource/四万川>	"四万川"@ja	<http://dbpedia.org/ontology/Stream>	<http://ja.dbpedia.org/property/河口>	"河口"@ja	<http://ja.wikipedia.org/wiki/四万川>	<http://wikidata.dbpedia.org/resource/Q11419599>
<http://ja.dbpedia.org/resource/赤岩_(群馬県)>	"赤岩 (群馬県)"@ja	<http://dbpedia.org/ontology/PopulatedPlace>	<http://ja.dbpedia.org/property/subdivisionName>	"subdivision name"@ja	<http://ja.wikipedia.org/wiki/赤岩_(群馬県)>	<http://wikidata.dbpedia.org/resource/Q11635536>
<http://ja.dbpedia.org/resource/赤岩_(群馬県)>	"赤岩 (群馬県)"@ja	<http://dbpedia.org/ontology/Place>	<http://ja.dbpedia.org/property/subdivisionName>	"subdivision name"@ja	<http://ja.wikipedia.org/wiki/赤岩_(群馬県)>	<http://wikidata.dbpedia.org/resource/Q11635536>
<http://ja.dbpedia.org/resource/赤岩_(群馬県)>	"赤岩 (群馬県)"@ja	<http://dbpedia.org/ontology/Settlement>	<http://ja.dbpedia.org/property/subdivisionName>	"subdivision name"@ja	<http://ja.wikipedia.org/wiki/赤岩_(群馬県)>	<http://wikidata.dbpedia.org/resource/Q11635536>
<http://ja.dbpedia.org/resource/赤岩_(群馬県)>	"赤岩 (群馬県)"@ja	<http://dbpedia.org/ontology/Location>	<http://ja.dbpedia.org/property/subdivisionName>	"subdivision name"@ja	<http://ja.wikipedia.org/wiki/赤岩_(群馬県)>	<http://wikidata.dbpedia.org/resource/Q11635536>
<http://ja.dbpedia.org/resource/関大地>	"関大地"@ja	<http://dbpedia.org/ontology/Animal>	<http://ja.dbpedia.org/property/生誕地>	"生誕地"@ja	<http://ja.wikipedia.org/wiki/関大地>	<http://wikidata.dbpedia.org/resource/Q95162209>
<http://ja.dbpedia.org/resource/関大地>	"関大地"@ja	<http://dbpedia.org/ontology/Eukaryote>	<http://ja.dbpedia.org/property/生誕地>	"生誕地"@ja	<http://ja.wikipedia.org/wiki/関大地>	<http://wikidata.dbpedia.org/resource/Q95162209>
<http://ja.dbpedia.org/resource/関大地>	"関大地"@ja	<http://dbpedia.org/ontology/Person>	<http://ja.dbpedia.org/property/生誕地>	"生誕地"@ja	<http://ja.wikipedia.org/wiki/関大地>	<http://wikidata.dbpedia.org/resource/Q95162209>
<http://ja.dbpedia.org/resource/関大地>	"関大地"@ja	<http://dbpedia.org/ontology/Species>	<http://ja.dbpedia.org/property/生誕地>	"生誕地"@ja	<http://ja.wikipedia.org/wiki/関大地>	<http://wikidata.dbpedia.org/resource/Q95162209>
