?s	?sLabel	?type	?p	?pLabel	?jwiki	?wd
<http://ja.dbpedia.org/resource/館林市>	"館林市"@ja	<http://dbpedia.org/ontology/City>	<http://ja.dbpedia.org/property/southwest>	"Southwest"@ja	<http://ja.wikipedia.org/wiki/館林市>	<http://wikidata.dbpedia.org/resource/Q858016>
<http://ja.dbpedia.org/resource/館林市>	"館林市"@ja	<http://dbpedia.org/ontology/Settlement>	<http://ja.dbpedia.org/property/southwest>	"Southwest"@ja	<http://ja.wikipedia.org/wiki/館林市>	<http://wikidata.dbpedia.org/resource/Q858016>
<http://ja.dbpedia.org/resource/館林市>	"館林市"@ja	<http://dbpedia.org/ontology/Place>	<http://ja.dbpedia.org/property/southwest>	"Southwest"@ja	<http://ja.wikipedia.org/wiki/館林市>	<http://wikidata.dbpedia.org/resource/Q858016>
<http://ja.dbpedia.org/resource/館林市>	"館林市"@ja	<http://dbpedia.org/ontology/PopulatedPlace>	<http://ja.dbpedia.org/property/southwest>	"Southwest"@ja	<http://ja.wikipedia.org/wiki/館林市>	<http://wikidata.dbpedia.org/resource/Q858016>
<http://ja.dbpedia.org/resource/館林市>	"館林市"@ja	<http://dbpedia.org/ontology/Location>	<http://ja.dbpedia.org/property/southwest>	"Southwest"@ja	<http://ja.wikipedia.org/wiki/館林市>	<http://wikidata.dbpedia.org/resource/Q858016>
