?s	?sLabel	?type	?p	?pLabel	?jwiki	?wd
<http://ja.dbpedia.org/resource/二十四軒>	"二十四軒"@ja	<http://dbpedia.org/ontology/Place>	<http://ja.dbpedia.org/property/east>	"East"@ja	<http://ja.wikipedia.org/wiki/二十四軒>	<http://wikidata.dbpedia.org/resource/Q24554841>
<http://ja.dbpedia.org/resource/二十四軒>	"二十四軒"@ja	<http://dbpedia.org/ontology/Settlement>	<http://ja.dbpedia.org/property/east>	"East"@ja	<http://ja.wikipedia.org/wiki/二十四軒>	<http://wikidata.dbpedia.org/resource/Q24554841>
<http://ja.dbpedia.org/resource/二十四軒>	"二十四軒"@ja	<http://dbpedia.org/ontology/Location>	<http://ja.dbpedia.org/property/east>	"East"@ja	<http://ja.wikipedia.org/wiki/二十四軒>	<http://wikidata.dbpedia.org/resource/Q24554841>
<http://ja.dbpedia.org/resource/二十四軒>	"二十四軒"@ja	<http://dbpedia.org/ontology/PopulatedPlace>	<http://ja.dbpedia.org/property/east>	"East"@ja	<http://ja.wikipedia.org/wiki/二十四軒>	<http://wikidata.dbpedia.org/resource/Q24554841>
<http://ja.dbpedia.org/resource/伏見_(札幌市)>	"伏見 (札幌市)"@ja	<http://dbpedia.org/ontology/Place>	<http://ja.dbpedia.org/property/subdivisionName>	"subdivision name"@ja	<http://ja.wikipedia.org/wiki/伏見_(札幌市)>	<http://wikidata.dbpedia.org/resource/Q30933504>
<http://ja.dbpedia.org/resource/伏見_(札幌市)>	"伏見 (札幌市)"@ja	<http://dbpedia.org/ontology/Settlement>	<http://ja.dbpedia.org/property/subdivisionName>	"subdivision name"@ja	<http://ja.wikipedia.org/wiki/伏見_(札幌市)>	<http://wikidata.dbpedia.org/resource/Q30933504>
<http://ja.dbpedia.org/resource/伏見_(札幌市)>	"伏見 (札幌市)"@ja	<http://dbpedia.org/ontology/Location>	<http://ja.dbpedia.org/property/subdivisionName>	"subdivision name"@ja	<http://ja.wikipedia.org/wiki/伏見_(札幌市)>	<http://wikidata.dbpedia.org/resource/Q30933504>
<http://ja.dbpedia.org/resource/伏見_(札幌市)>	"伏見 (札幌市)"@ja	<http://dbpedia.org/ontology/PopulatedPlace>	<http://ja.dbpedia.org/property/subdivisionName>	"subdivision name"@ja	<http://ja.wikipedia.org/wiki/伏見_(札幌市)>	<http://wikidata.dbpedia.org/resource/Q30933504>
<http://ja.dbpedia.org/resource/八軒_(札幌市)>	"八軒 (札幌市)"@ja	<http://dbpedia.org/ontology/Place>	<http://ja.dbpedia.org/property/east>	"East"@ja	<http://ja.wikipedia.org/wiki/八軒_(札幌市)>	<http://wikidata.dbpedia.org/resource/Q11391757>
<http://ja.dbpedia.org/resource/八軒_(札幌市)>	"八軒 (札幌市)"@ja	<http://dbpedia.org/ontology/Settlement>	<http://ja.dbpedia.org/property/east>	"East"@ja	<http://ja.wikipedia.org/wiki/八軒_(札幌市)>	<http://wikidata.dbpedia.org/resource/Q11391757>
<http://ja.dbpedia.org/resource/八軒_(札幌市)>	"八軒 (札幌市)"@ja	<http://dbpedia.org/ontology/Location>	<http://ja.dbpedia.org/property/east>	"East"@ja	<http://ja.wikipedia.org/wiki/八軒_(札幌市)>	<http://wikidata.dbpedia.org/resource/Q11391757>
<http://ja.dbpedia.org/resource/八軒_(札幌市)>	"八軒 (札幌市)"@ja	<http://dbpedia.org/ontology/PopulatedPlace>	<http://ja.dbpedia.org/property/east>	"East"@ja	<http://ja.wikipedia.org/wiki/八軒_(札幌市)>	<http://wikidata.dbpedia.org/resource/Q11391757>
<http://ja.dbpedia.org/resource/円山西町>	"円山西町"@ja	<http://dbpedia.org/ontology/Location>	<http://ja.dbpedia.org/property/subdivisionName>	"subdivision name"@ja	<http://ja.wikipedia.org/wiki/円山西町>	<http://wikidata.dbpedia.org/resource/Q30928080>
<http://ja.dbpedia.org/resource/円山西町>	"円山西町"@ja	<http://dbpedia.org/ontology/PopulatedPlace>	<http://ja.dbpedia.org/property/subdivisionName>	"subdivision name"@ja	<http://ja.wikipedia.org/wiki/円山西町>	<http://wikidata.dbpedia.org/resource/Q30928080>
<http://ja.dbpedia.org/resource/円山西町>	"円山西町"@ja	<http://dbpedia.org/ontology/Settlement>	<http://ja.dbpedia.org/property/subdivisionName>	"subdivision name"@ja	<http://ja.wikipedia.org/wiki/円山西町>	<http://wikidata.dbpedia.org/resource/Q30928080>
<http://ja.dbpedia.org/resource/円山西町>	"円山西町"@ja	<http://dbpedia.org/ontology/Place>	<http://ja.dbpedia.org/property/subdivisionName>	"subdivision name"@ja	<http://ja.wikipedia.org/wiki/円山西町>	<http://wikidata.dbpedia.org/resource/Q30928080>
<http://ja.dbpedia.org/resource/双子山_(札幌市)>	"双子山 (札幌市)"@ja	<http://dbpedia.org/ontology/Location>	<http://ja.dbpedia.org/property/subdivisionName>	"subdivision name"@ja	<http://ja.wikipedia.org/wiki/双子山_(札幌市)>	<http://wikidata.dbpedia.org/resource/Q30932378>
<http://ja.dbpedia.org/resource/双子山_(札幌市)>	"双子山 (札幌市)"@ja	<http://dbpedia.org/ontology/PopulatedPlace>	<http://ja.dbpedia.org/property/subdivisionName>	"subdivision name"@ja	<http://ja.wikipedia.org/wiki/双子山_(札幌市)>	<http://wikidata.dbpedia.org/resource/Q30932378>
<http://ja.dbpedia.org/resource/双子山_(札幌市)>	"双子山 (札幌市)"@ja	<http://dbpedia.org/ontology/Settlement>	<http://ja.dbpedia.org/property/subdivisionName>	"subdivision name"@ja	<http://ja.wikipedia.org/wiki/双子山_(札幌市)>	<http://wikidata.dbpedia.org/resource/Q30932378>
<http://ja.dbpedia.org/resource/双子山_(札幌市)>	"双子山 (札幌市)"@ja	<http://dbpedia.org/ontology/Place>	<http://ja.dbpedia.org/property/subdivisionName>	"subdivision name"@ja	<http://ja.wikipedia.org/wiki/双子山_(札幌市)>	<http://wikidata.dbpedia.org/resource/Q30932378>
<http://ja.dbpedia.org/resource/大通東_(札幌市)>	"大通東 (札幌市)"@ja	<http://dbpedia.org/ontology/Place>	<http://ja.dbpedia.org/property/subdivisionName>	"subdivision name"@ja	<http://ja.wikipedia.org/wiki/大通東_(札幌市)>	<http://wikidata.dbpedia.org/resource/Q11439333>
<http://ja.dbpedia.org/resource/大通東_(札幌市)>	"大通東 (札幌市)"@ja	<http://dbpedia.org/ontology/Settlement>	<http://ja.dbpedia.org/property/subdivisionName>	"subdivision name"@ja	<http://ja.wikipedia.org/wiki/大通東_(札幌市)>	<http://wikidata.dbpedia.org/resource/Q11439333>
<http://ja.dbpedia.org/resource/大通東_(札幌市)>	"大通東 (札幌市)"@ja	<http://dbpedia.org/ontology/Location>	<http://ja.dbpedia.org/property/subdivisionName>	"subdivision name"@ja	<http://ja.wikipedia.org/wiki/大通東_(札幌市)>	<http://wikidata.dbpedia.org/resource/Q11439333>
<http://ja.dbpedia.org/resource/大通東_(札幌市)>	"大通東 (札幌市)"@ja	<http://dbpedia.org/ontology/PopulatedPlace>	<http://ja.dbpedia.org/property/subdivisionName>	"subdivision name"@ja	<http://ja.wikipedia.org/wiki/大通東_(札幌市)>	<http://wikidata.dbpedia.org/resource/Q11439333>
<http://ja.dbpedia.org/resource/大通西_(札幌市)>	"大通西 (札幌市)"@ja	<http://dbpedia.org/ontology/Location>	<http://ja.dbpedia.org/property/subdivisionName>	"subdivision name"@ja	<http://ja.wikipedia.org/wiki/大通西_(札幌市)>	<http://wikidata.dbpedia.org/resource/Q11439335>
<http://ja.dbpedia.org/resource/大通西_(札幌市)>	"大通西 (札幌市)"@ja	<http://dbpedia.org/ontology/PopulatedPlace>	<http://ja.dbpedia.org/property/subdivisionName>	"subdivision name"@ja	<http://ja.wikipedia.org/wiki/大通西_(札幌市)>	<http://wikidata.dbpedia.org/resource/Q11439335>
<http://ja.dbpedia.org/resource/大通西_(札幌市)>	"大通西 (札幌市)"@ja	<http://dbpedia.org/ontology/Settlement>	<http://ja.dbpedia.org/property/subdivisionName>	"subdivision name"@ja	<http://ja.wikipedia.org/wiki/大通西_(札幌市)>	<http://wikidata.dbpedia.org/resource/Q11439335>
<http://ja.dbpedia.org/resource/大通西_(札幌市)>	"大通西 (札幌市)"@ja	<http://dbpedia.org/ontology/Place>	<http://ja.dbpedia.org/property/subdivisionName>	"subdivision name"@ja	<http://ja.wikipedia.org/wiki/大通西_(札幌市)>	<http://wikidata.dbpedia.org/resource/Q11439335>
<http://ja.dbpedia.org/resource/宮の森>	"宮の森"@ja	<http://dbpedia.org/ontology/Location>	<http://ja.dbpedia.org/property/subdivisionName>	"subdivision name"@ja	<http://ja.wikipedia.org/wiki/宮の森>	<http://wikidata.dbpedia.org/resource/Q55536245>
<http://ja.dbpedia.org/resource/宮の森>	"宮の森"@ja	<http://dbpedia.org/ontology/PopulatedPlace>	<http://ja.dbpedia.org/property/subdivisionName>	"subdivision name"@ja	<http://ja.wikipedia.org/wiki/宮の森>	<http://wikidata.dbpedia.org/resource/Q55536245>
<http://ja.dbpedia.org/resource/宮の森>	"宮の森"@ja	<http://dbpedia.org/ontology/Settlement>	<http://ja.dbpedia.org/property/subdivisionName>	"subdivision name"@ja	<http://ja.wikipedia.org/wiki/宮の森>	<http://wikidata.dbpedia.org/resource/Q55536245>
<http://ja.dbpedia.org/resource/宮の森>	"宮の森"@ja	<http://dbpedia.org/ontology/Place>	<http://ja.dbpedia.org/property/subdivisionName>	"subdivision name"@ja	<http://ja.wikipedia.org/wiki/宮の森>	<http://wikidata.dbpedia.org/resource/Q55536245>
<http://ja.dbpedia.org/resource/宮ケ丘_(札幌市)>	"宮ケ丘 (札幌市)"@ja	<http://dbpedia.org/ontology/Location>	<http://ja.dbpedia.org/property/subdivisionName>	"subdivision name"@ja	<http://ja.wikipedia.org/wiki/宮ケ丘_(札幌市)>	<http://wikidata.dbpedia.org/resource/Q30930868>
<http://ja.dbpedia.org/resource/宮ケ丘_(札幌市)>	"宮ケ丘 (札幌市)"@ja	<http://dbpedia.org/ontology/PopulatedPlace>	<http://ja.dbpedia.org/property/subdivisionName>	"subdivision name"@ja	<http://ja.wikipedia.org/wiki/宮ケ丘_(札幌市)>	<http://wikidata.dbpedia.org/resource/Q30930868>
<http://ja.dbpedia.org/resource/宮ケ丘_(札幌市)>	"宮ケ丘 (札幌市)"@ja	<http://dbpedia.org/ontology/Settlement>	<http://ja.dbpedia.org/property/subdivisionName>	"subdivision name"@ja	<http://ja.wikipedia.org/wiki/宮ケ丘_(札幌市)>	<http://wikidata.dbpedia.org/resource/Q30930868>
<http://ja.dbpedia.org/resource/宮ケ丘_(札幌市)>	"宮ケ丘 (札幌市)"@ja	<http://dbpedia.org/ontology/Place>	<http://ja.dbpedia.org/property/subdivisionName>	"subdivision name"@ja	<http://ja.wikipedia.org/wiki/宮ケ丘_(札幌市)>	<http://wikidata.dbpedia.org/resource/Q30930868>
<http://ja.dbpedia.org/resource/小別沢>	"小別沢"@ja	<http://dbpedia.org/ontology/PopulatedPlace>	<http://ja.dbpedia.org/property/east>	"East"@ja	<http://ja.wikipedia.org/wiki/小別沢>	<http://wikidata.dbpedia.org/resource/Q55540331>
<http://ja.dbpedia.org/resource/小別沢>	"小別沢"@ja	<http://dbpedia.org/ontology/Location>	<http://ja.dbpedia.org/property/east>	"East"@ja	<http://ja.wikipedia.org/wiki/小別沢>	<http://wikidata.dbpedia.org/resource/Q55540331>
<http://ja.dbpedia.org/resource/小別沢>	"小別沢"@ja	<http://dbpedia.org/ontology/Place>	<http://ja.dbpedia.org/property/east>	"East"@ja	<http://ja.wikipedia.org/wiki/小別沢>	<http://wikidata.dbpedia.org/resource/Q55540331>
<http://ja.dbpedia.org/resource/小別沢>	"小別沢"@ja	<http://dbpedia.org/ontology/Settlement>	<http://ja.dbpedia.org/property/east>	"East"@ja	<http://ja.wikipedia.org/wiki/小別沢>	<http://wikidata.dbpedia.org/resource/Q55540331>
<http://ja.dbpedia.org/resource/山の手_(札幌市)>	"山の手 (札幌市)"@ja	<http://dbpedia.org/ontology/Place>	<http://ja.dbpedia.org/property/south>	"South"@ja	<http://ja.wikipedia.org/wiki/山の手_(札幌市)>	<http://wikidata.dbpedia.org/resource/Q55540117>
<http://ja.dbpedia.org/resource/山の手_(札幌市)>	"山の手 (札幌市)"@ja	<http://dbpedia.org/ontology/Settlement>	<http://ja.dbpedia.org/property/south>	"South"@ja	<http://ja.wikipedia.org/wiki/山の手_(札幌市)>	<http://wikidata.dbpedia.org/resource/Q55540117>
<http://ja.dbpedia.org/resource/山の手_(札幌市)>	"山の手 (札幌市)"@ja	<http://dbpedia.org/ontology/Location>	<http://ja.dbpedia.org/property/south>	"South"@ja	<http://ja.wikipedia.org/wiki/山の手_(札幌市)>	<http://wikidata.dbpedia.org/resource/Q55540117>
<http://ja.dbpedia.org/resource/山の手_(札幌市)>	"山の手 (札幌市)"@ja	<http://dbpedia.org/ontology/PopulatedPlace>	<http://ja.dbpedia.org/property/south>	"South"@ja	<http://ja.wikipedia.org/wiki/山の手_(札幌市)>	<http://wikidata.dbpedia.org/resource/Q55540117>
<http://ja.dbpedia.org/resource/山鼻川>	"山鼻川"@ja	<http://dbpedia.org/ontology/NaturalPlace>	<http://ja.dbpedia.org/property/河口>	"河口"@ja	<http://ja.wikipedia.org/wiki/山鼻川>	<http://wikidata.dbpedia.org/resource/Q11471260>
<http://ja.dbpedia.org/resource/山鼻川>	"山鼻川"@ja	<http://dbpedia.org/ontology/BodyOfWater>	<http://ja.dbpedia.org/property/河口>	"河口"@ja	<http://ja.wikipedia.org/wiki/山鼻川>	<http://wikidata.dbpedia.org/resource/Q11471260>
<http://ja.dbpedia.org/resource/山鼻川>	"山鼻川"@ja	<http://dbpedia.org/ontology/Stream>	<http://ja.dbpedia.org/property/河口>	"河口"@ja	<http://ja.wikipedia.org/wiki/山鼻川>	<http://wikidata.dbpedia.org/resource/Q11471260>
<http://ja.dbpedia.org/resource/山鼻川>	"山鼻川"@ja	<http://dbpedia.org/ontology/River>	<http://ja.dbpedia.org/property/河口>	"河口"@ja	<http://ja.wikipedia.org/wiki/山鼻川>	<http://wikidata.dbpedia.org/resource/Q11471260>
<http://ja.dbpedia.org/resource/山鼻川>	"山鼻川"@ja	<http://dbpedia.org/ontology/Place>	<http://ja.dbpedia.org/property/河口>	"河口"@ja	<http://ja.wikipedia.org/wiki/山鼻川>	<http://wikidata.dbpedia.org/resource/Q11471260>
<http://ja.dbpedia.org/resource/山鼻川>	"山鼻川"@ja	<http://dbpedia.org/ontology/Location>	<http://ja.dbpedia.org/property/河口>	"河口"@ja	<http://ja.wikipedia.org/wiki/山鼻川>	<http://wikidata.dbpedia.org/resource/Q11471260>
<http://ja.dbpedia.org/resource/平和_(札幌市)>	"平和 (札幌市)"@ja	<http://dbpedia.org/ontology/Settlement>	<http://ja.dbpedia.org/property/south>	"South"@ja	<http://ja.wikipedia.org/wiki/平和_(札幌市)>	<http://wikidata.dbpedia.org/resource/Q30926315>
<http://ja.dbpedia.org/resource/平和_(札幌市)>	"平和 (札幌市)"@ja	<http://dbpedia.org/ontology/Place>	<http://ja.dbpedia.org/property/south>	"South"@ja	<http://ja.wikipedia.org/wiki/平和_(札幌市)>	<http://wikidata.dbpedia.org/resource/Q30926315>
<http://ja.dbpedia.org/resource/平和_(札幌市)>	"平和 (札幌市)"@ja	<http://dbpedia.org/ontology/Location>	<http://ja.dbpedia.org/property/south>	"South"@ja	<http://ja.wikipedia.org/wiki/平和_(札幌市)>	<http://wikidata.dbpedia.org/resource/Q30926315>
<http://ja.dbpedia.org/resource/平和_(札幌市)>	"平和 (札幌市)"@ja	<http://dbpedia.org/ontology/PopulatedPlace>	<http://ja.dbpedia.org/property/south>	"South"@ja	<http://ja.wikipedia.org/wiki/平和_(札幌市)>	<http://wikidata.dbpedia.org/resource/Q30926315>
<http://ja.dbpedia.org/resource/旭ケ丘_(札幌市)>	"旭ケ丘 (札幌市)"@ja	<http://dbpedia.org/ontology/Place>	<http://ja.dbpedia.org/property/subdivisionName>	"subdivision name"@ja	<http://ja.wikipedia.org/wiki/旭ケ丘_(札幌市)>	<http://wikidata.dbpedia.org/resource/Q30931018>
<http://ja.dbpedia.org/resource/旭ケ丘_(札幌市)>	"旭ケ丘 (札幌市)"@ja	<http://dbpedia.org/ontology/Settlement>	<http://ja.dbpedia.org/property/subdivisionName>	"subdivision name"@ja	<http://ja.wikipedia.org/wiki/旭ケ丘_(札幌市)>	<http://wikidata.dbpedia.org/resource/Q30931018>
<http://ja.dbpedia.org/resource/旭ケ丘_(札幌市)>	"旭ケ丘 (札幌市)"@ja	<http://dbpedia.org/ontology/Location>	<http://ja.dbpedia.org/property/subdivisionName>	"subdivision name"@ja	<http://ja.wikipedia.org/wiki/旭ケ丘_(札幌市)>	<http://wikidata.dbpedia.org/resource/Q30931018>
<http://ja.dbpedia.org/resource/旭ケ丘_(札幌市)>	"旭ケ丘 (札幌市)"@ja	<http://dbpedia.org/ontology/PopulatedPlace>	<http://ja.dbpedia.org/property/subdivisionName>	"subdivision name"@ja	<http://ja.wikipedia.org/wiki/旭ケ丘_(札幌市)>	<http://wikidata.dbpedia.org/resource/Q30931018>
<http://ja.dbpedia.org/resource/曙_(札幌市中央区)>	"曙 (札幌市中央区)"@ja	<http://dbpedia.org/ontology/Location>	<http://ja.dbpedia.org/property/subdivisionName>	"subdivision name"@ja	<http://ja.wikipedia.org/wiki/曙_(札幌市中央区)>	<http://wikidata.dbpedia.org/resource/Q29425815>
<http://ja.dbpedia.org/resource/曙_(札幌市中央区)>	"曙 (札幌市中央区)"@ja	<http://dbpedia.org/ontology/PopulatedPlace>	<http://ja.dbpedia.org/property/subdivisionName>	"subdivision name"@ja	<http://ja.wikipedia.org/wiki/曙_(札幌市中央区)>	<http://wikidata.dbpedia.org/resource/Q29425815>
<http://ja.dbpedia.org/resource/曙_(札幌市中央区)>	"曙 (札幌市中央区)"@ja	<http://dbpedia.org/ontology/Settlement>	<http://ja.dbpedia.org/property/subdivisionName>	"subdivision name"@ja	<http://ja.wikipedia.org/wiki/曙_(札幌市中央区)>	<http://wikidata.dbpedia.org/resource/Q29425815>
<http://ja.dbpedia.org/resource/曙_(札幌市中央区)>	"曙 (札幌市中央区)"@ja	<http://dbpedia.org/ontology/Place>	<http://ja.dbpedia.org/property/subdivisionName>	"subdivision name"@ja	<http://ja.wikipedia.org/wiki/曙_(札幌市中央区)>	<http://wikidata.dbpedia.org/resource/Q29425815>
<http://ja.dbpedia.org/resource/桑園>	"桑園"@ja	<http://dbpedia.org/ontology/PopulatedPlace>	<http://ja.dbpedia.org/property/subdivisionName>	"subdivision name"@ja	<http://ja.wikipedia.org/wiki/桑園>	<http://wikidata.dbpedia.org/resource/Q30927935>
<http://ja.dbpedia.org/resource/桑園>	"桑園"@ja	<http://dbpedia.org/ontology/Location>	<http://ja.dbpedia.org/property/subdivisionName>	"subdivision name"@ja	<http://ja.wikipedia.org/wiki/桑園>	<http://wikidata.dbpedia.org/resource/Q30927935>
<http://ja.dbpedia.org/resource/桑園>	"桑園"@ja	<http://dbpedia.org/ontology/Settlement>	<http://ja.dbpedia.org/property/subdivisionName>	"subdivision name"@ja	<http://ja.wikipedia.org/wiki/桑園>	<http://wikidata.dbpedia.org/resource/Q30927935>
<http://ja.dbpedia.org/resource/桑園>	"桑園"@ja	<http://dbpedia.org/ontology/Place>	<http://ja.dbpedia.org/property/subdivisionName>	"subdivision name"@ja	<http://ja.wikipedia.org/wiki/桑園>	<http://wikidata.dbpedia.org/resource/Q30927935>
<http://ja.dbpedia.org/resource/界川>	"界川"@ja	<http://dbpedia.org/ontology/PopulatedPlace>	<http://ja.dbpedia.org/property/subdivisionName>	"subdivision name"@ja	<http://ja.wikipedia.org/wiki/界川>	<http://wikidata.dbpedia.org/resource/Q11578393>
<http://ja.dbpedia.org/resource/界川>	"界川"@ja	<http://dbpedia.org/ontology/Location>	<http://ja.dbpedia.org/property/subdivisionName>	"subdivision name"@ja	<http://ja.wikipedia.org/wiki/界川>	<http://wikidata.dbpedia.org/resource/Q11578393>
<http://ja.dbpedia.org/resource/界川>	"界川"@ja	<http://dbpedia.org/ontology/Place>	<http://ja.dbpedia.org/property/subdivisionName>	"subdivision name"@ja	<http://ja.wikipedia.org/wiki/界川>	<http://wikidata.dbpedia.org/resource/Q11578393>
<http://ja.dbpedia.org/resource/界川>	"界川"@ja	<http://dbpedia.org/ontology/Settlement>	<http://ja.dbpedia.org/property/subdivisionName>	"subdivision name"@ja	<http://ja.wikipedia.org/wiki/界川>	<http://wikidata.dbpedia.org/resource/Q11578393>
<http://ja.dbpedia.org/resource/盤渓>	"盤渓"@ja	<http://dbpedia.org/ontology/Location>	<http://ja.dbpedia.org/property/subdivisionName>	"subdivision name"@ja	<http://ja.wikipedia.org/wiki/盤渓>	<http://wikidata.dbpedia.org/resource/Q24867520>
<http://ja.dbpedia.org/resource/盤渓>	"盤渓"@ja	<http://dbpedia.org/ontology/PopulatedPlace>	<http://ja.dbpedia.org/property/subdivisionName>	"subdivision name"@ja	<http://ja.wikipedia.org/wiki/盤渓>	<http://wikidata.dbpedia.org/resource/Q24867520>
<http://ja.dbpedia.org/resource/盤渓>	"盤渓"@ja	<http://dbpedia.org/ontology/Settlement>	<http://ja.dbpedia.org/property/subdivisionName>	"subdivision name"@ja	<http://ja.wikipedia.org/wiki/盤渓>	<http://wikidata.dbpedia.org/resource/Q24867520>
<http://ja.dbpedia.org/resource/盤渓>	"盤渓"@ja	<http://dbpedia.org/ontology/Place>	<http://ja.dbpedia.org/property/subdivisionName>	"subdivision name"@ja	<http://ja.wikipedia.org/wiki/盤渓>	<http://wikidata.dbpedia.org/resource/Q24867520>
<http://ja.dbpedia.org/resource/福井_(札幌市)>	"福井 (札幌市)"@ja	<http://dbpedia.org/ontology/PopulatedPlace>	<http://ja.dbpedia.org/property/south>	"South"@ja	<http://ja.wikipedia.org/wiki/福井_(札幌市)>	<http://wikidata.dbpedia.org/resource/Q30925191>
<http://ja.dbpedia.org/resource/福井_(札幌市)>	"福井 (札幌市)"@ja	<http://dbpedia.org/ontology/Location>	<http://ja.dbpedia.org/property/south>	"South"@ja	<http://ja.wikipedia.org/wiki/福井_(札幌市)>	<http://wikidata.dbpedia.org/resource/Q30925191>
<http://ja.dbpedia.org/resource/福井_(札幌市)>	"福井 (札幌市)"@ja	<http://dbpedia.org/ontology/Settlement>	<http://ja.dbpedia.org/property/south>	"South"@ja	<http://ja.wikipedia.org/wiki/福井_(札幌市)>	<http://wikidata.dbpedia.org/resource/Q30925191>
<http://ja.dbpedia.org/resource/福井_(札幌市)>	"福井 (札幌市)"@ja	<http://dbpedia.org/ontology/Place>	<http://ja.dbpedia.org/property/south>	"South"@ja	<http://ja.wikipedia.org/wiki/福井_(札幌市)>	<http://wikidata.dbpedia.org/resource/Q30925191>
<http://ja.dbpedia.org/resource/山元町_(札幌市)>	"山元町 (札幌市)"@ja	<http://dbpedia.org/ontology/Location>	<http://ja.dbpedia.org/property/subdivisionName>	"subdivision name"@ja	<http://ja.wikipedia.org/wiki/山元町_(札幌市)>	
<http://ja.dbpedia.org/resource/山元町_(札幌市)>	"山元町 (札幌市)"@ja	<http://dbpedia.org/ontology/Place>	<http://ja.dbpedia.org/property/subdivisionName>	"subdivision name"@ja	<http://ja.wikipedia.org/wiki/山元町_(札幌市)>	
<http://ja.dbpedia.org/resource/山元町_(札幌市)>	"山元町 (札幌市)"@ja	<http://dbpedia.org/ontology/PopulatedPlace>	<http://ja.dbpedia.org/property/subdivisionName>	"subdivision name"@ja	<http://ja.wikipedia.org/wiki/山元町_(札幌市)>	
<http://ja.dbpedia.org/resource/山元町_(札幌市)>	"山元町 (札幌市)"@ja	<http://dbpedia.org/ontology/Settlement>	<http://ja.dbpedia.org/property/subdivisionName>	"subdivision name"@ja	<http://ja.wikipedia.org/wiki/山元町_(札幌市)>	
