?s	?sLabel	?type	?p	?pLabel	?jwiki	?wd
<http://ja.dbpedia.org/resource/あいの里>	"あいの里"@ja	<http://dbpedia.org/ontology/Place>	<http://ja.dbpedia.org/property/subdivisionName>	"subdivision name"@ja	<http://ja.wikipedia.org/wiki/あいの里>	<http://wikidata.dbpedia.org/resource/Q11256719>
<http://ja.dbpedia.org/resource/あいの里>	"あいの里"@ja	<http://dbpedia.org/ontology/Settlement>	<http://ja.dbpedia.org/property/subdivisionName>	"subdivision name"@ja	<http://ja.wikipedia.org/wiki/あいの里>	<http://wikidata.dbpedia.org/resource/Q11256719>
<http://ja.dbpedia.org/resource/あいの里>	"あいの里"@ja	<http://dbpedia.org/ontology/Location>	<http://ja.dbpedia.org/property/subdivisionName>	"subdivision name"@ja	<http://ja.wikipedia.org/wiki/あいの里>	<http://wikidata.dbpedia.org/resource/Q11256719>
<http://ja.dbpedia.org/resource/あいの里>	"あいの里"@ja	<http://dbpedia.org/ontology/PopulatedPlace>	<http://ja.dbpedia.org/property/subdivisionName>	"subdivision name"@ja	<http://ja.wikipedia.org/wiki/あいの里>	<http://wikidata.dbpedia.org/resource/Q11256719>
<http://ja.dbpedia.org/resource/上篠路>	"上篠路"@ja	<http://dbpedia.org/ontology/Place>	<http://ja.dbpedia.org/property/subdivisionName>	"subdivision name"@ja	<http://ja.wikipedia.org/wiki/上篠路>	<http://wikidata.dbpedia.org/resource/Q28693209>
<http://ja.dbpedia.org/resource/上篠路>	"上篠路"@ja	<http://dbpedia.org/ontology/Settlement>	<http://ja.dbpedia.org/property/subdivisionName>	"subdivision name"@ja	<http://ja.wikipedia.org/wiki/上篠路>	<http://wikidata.dbpedia.org/resource/Q28693209>
<http://ja.dbpedia.org/resource/上篠路>	"上篠路"@ja	<http://dbpedia.org/ontology/Location>	<http://ja.dbpedia.org/property/subdivisionName>	"subdivision name"@ja	<http://ja.wikipedia.org/wiki/上篠路>	<http://wikidata.dbpedia.org/resource/Q28693209>
<http://ja.dbpedia.org/resource/上篠路>	"上篠路"@ja	<http://dbpedia.org/ontology/PopulatedPlace>	<http://ja.dbpedia.org/property/subdivisionName>	"subdivision name"@ja	<http://ja.wikipedia.org/wiki/上篠路>	<http://wikidata.dbpedia.org/resource/Q28693209>
<http://ja.dbpedia.org/resource/八軒_(札幌市)>	"八軒 (札幌市)"@ja	<http://dbpedia.org/ontology/Place>	<http://ja.dbpedia.org/property/north>	"North"@ja	<http://ja.wikipedia.org/wiki/八軒_(札幌市)>	<http://wikidata.dbpedia.org/resource/Q11391757>
<http://ja.dbpedia.org/resource/八軒_(札幌市)>	"八軒 (札幌市)"@ja	<http://dbpedia.org/ontology/Settlement>	<http://ja.dbpedia.org/property/north>	"North"@ja	<http://ja.wikipedia.org/wiki/八軒_(札幌市)>	<http://wikidata.dbpedia.org/resource/Q11391757>
<http://ja.dbpedia.org/resource/八軒_(札幌市)>	"八軒 (札幌市)"@ja	<http://dbpedia.org/ontology/Location>	<http://ja.dbpedia.org/property/north>	"North"@ja	<http://ja.wikipedia.org/wiki/八軒_(札幌市)>	<http://wikidata.dbpedia.org/resource/Q11391757>
<http://ja.dbpedia.org/resource/八軒_(札幌市)>	"八軒 (札幌市)"@ja	<http://dbpedia.org/ontology/PopulatedPlace>	<http://ja.dbpedia.org/property/north>	"North"@ja	<http://ja.wikipedia.org/wiki/八軒_(札幌市)>	<http://wikidata.dbpedia.org/resource/Q11391757>
<http://ja.dbpedia.org/resource/前田_(札幌市)>	"前田 (札幌市)"@ja	<http://dbpedia.org/ontology/Location>	<http://ja.dbpedia.org/property/east>	"East"@ja	<http://ja.wikipedia.org/wiki/前田_(札幌市)>	<http://wikidata.dbpedia.org/resource/Q11397360>
<http://ja.dbpedia.org/resource/前田_(札幌市)>	"前田 (札幌市)"@ja	<http://dbpedia.org/ontology/PopulatedPlace>	<http://ja.dbpedia.org/property/east>	"East"@ja	<http://ja.wikipedia.org/wiki/前田_(札幌市)>	<http://wikidata.dbpedia.org/resource/Q11397360>
<http://ja.dbpedia.org/resource/前田_(札幌市)>	"前田 (札幌市)"@ja	<http://dbpedia.org/ontology/Settlement>	<http://ja.dbpedia.org/property/east>	"East"@ja	<http://ja.wikipedia.org/wiki/前田_(札幌市)>	<http://wikidata.dbpedia.org/resource/Q11397360>
<http://ja.dbpedia.org/resource/前田_(札幌市)>	"前田 (札幌市)"@ja	<http://dbpedia.org/ontology/Place>	<http://ja.dbpedia.org/property/east>	"East"@ja	<http://ja.wikipedia.org/wiki/前田_(札幌市)>	<http://wikidata.dbpedia.org/resource/Q11397360>
<http://ja.dbpedia.org/resource/太平_(札幌市)>	"太平 (札幌市)"@ja	<http://dbpedia.org/ontology/Place>	<http://ja.dbpedia.org/property/subdivisionName>	"subdivision name"@ja	<http://ja.wikipedia.org/wiki/太平_(札幌市)>	<http://wikidata.dbpedia.org/resource/Q30934146>
<http://ja.dbpedia.org/resource/太平_(札幌市)>	"太平 (札幌市)"@ja	<http://dbpedia.org/ontology/Settlement>	<http://ja.dbpedia.org/property/subdivisionName>	"subdivision name"@ja	<http://ja.wikipedia.org/wiki/太平_(札幌市)>	<http://wikidata.dbpedia.org/resource/Q30934146>
<http://ja.dbpedia.org/resource/太平_(札幌市)>	"太平 (札幌市)"@ja	<http://dbpedia.org/ontology/Location>	<http://ja.dbpedia.org/property/subdivisionName>	"subdivision name"@ja	<http://ja.wikipedia.org/wiki/太平_(札幌市)>	<http://wikidata.dbpedia.org/resource/Q30934146>
<http://ja.dbpedia.org/resource/太平_(札幌市)>	"太平 (札幌市)"@ja	<http://dbpedia.org/ontology/PopulatedPlace>	<http://ja.dbpedia.org/property/subdivisionName>	"subdivision name"@ja	<http://ja.wikipedia.org/wiki/太平_(札幌市)>	<http://wikidata.dbpedia.org/resource/Q30934146>
<http://ja.dbpedia.org/resource/屯田_(札幌市北区)>	"屯田 (札幌市北区)"@ja	<http://dbpedia.org/ontology/Location>	<http://ja.dbpedia.org/property/subdivisionName>	"subdivision name"@ja	<http://ja.wikipedia.org/wiki/屯田_(札幌市北区)>	<http://wikidata.dbpedia.org/resource/Q11465763>
<http://ja.dbpedia.org/resource/屯田_(札幌市北区)>	"屯田 (札幌市北区)"@ja	<http://dbpedia.org/ontology/PopulatedPlace>	<http://ja.dbpedia.org/property/subdivisionName>	"subdivision name"@ja	<http://ja.wikipedia.org/wiki/屯田_(札幌市北区)>	<http://wikidata.dbpedia.org/resource/Q11465763>
<http://ja.dbpedia.org/resource/屯田_(札幌市北区)>	"屯田 (札幌市北区)"@ja	<http://dbpedia.org/ontology/Settlement>	<http://ja.dbpedia.org/property/subdivisionName>	"subdivision name"@ja	<http://ja.wikipedia.org/wiki/屯田_(札幌市北区)>	<http://wikidata.dbpedia.org/resource/Q11465763>
<http://ja.dbpedia.org/resource/屯田_(札幌市北区)>	"屯田 (札幌市北区)"@ja	<http://dbpedia.org/ontology/Place>	<http://ja.dbpedia.org/property/subdivisionName>	"subdivision name"@ja	<http://ja.wikipedia.org/wiki/屯田_(札幌市北区)>	<http://wikidata.dbpedia.org/resource/Q11465763>
<http://ja.dbpedia.org/resource/拓北>	"拓北"@ja	<http://dbpedia.org/ontology/Location>	<http://ja.dbpedia.org/property/subdivisionName>	"subdivision name"@ja	<http://ja.wikipedia.org/wiki/拓北>	<http://wikidata.dbpedia.org/resource/Q65269105>
<http://ja.dbpedia.org/resource/拓北>	"拓北"@ja	<http://dbpedia.org/ontology/PopulatedPlace>	<http://ja.dbpedia.org/property/subdivisionName>	"subdivision name"@ja	<http://ja.wikipedia.org/wiki/拓北>	<http://wikidata.dbpedia.org/resource/Q65269105>
<http://ja.dbpedia.org/resource/拓北>	"拓北"@ja	<http://dbpedia.org/ontology/Settlement>	<http://ja.dbpedia.org/property/subdivisionName>	"subdivision name"@ja	<http://ja.wikipedia.org/wiki/拓北>	<http://wikidata.dbpedia.org/resource/Q65269105>
<http://ja.dbpedia.org/resource/拓北>	"拓北"@ja	<http://dbpedia.org/ontology/Place>	<http://ja.dbpedia.org/property/subdivisionName>	"subdivision name"@ja	<http://ja.wikipedia.org/wiki/拓北>	<http://wikidata.dbpedia.org/resource/Q65269105>
<http://ja.dbpedia.org/resource/新川_(札幌市)>	"新川 (札幌市)"@ja	<http://dbpedia.org/ontology/Location>	<http://ja.dbpedia.org/property/subdivisionName>	"subdivision name"@ja	<http://ja.wikipedia.org/wiki/新川_(札幌市)>	<http://wikidata.dbpedia.org/resource/Q24874940>
<http://ja.dbpedia.org/resource/新川_(札幌市)>	"新川 (札幌市)"@ja	<http://dbpedia.org/ontology/PopulatedPlace>	<http://ja.dbpedia.org/property/subdivisionName>	"subdivision name"@ja	<http://ja.wikipedia.org/wiki/新川_(札幌市)>	<http://wikidata.dbpedia.org/resource/Q24874940>
<http://ja.dbpedia.org/resource/新川_(札幌市)>	"新川 (札幌市)"@ja	<http://dbpedia.org/ontology/Settlement>	<http://ja.dbpedia.org/property/subdivisionName>	"subdivision name"@ja	<http://ja.wikipedia.org/wiki/新川_(札幌市)>	<http://wikidata.dbpedia.org/resource/Q24874940>
<http://ja.dbpedia.org/resource/新川_(札幌市)>	"新川 (札幌市)"@ja	<http://dbpedia.org/ontology/Place>	<http://ja.dbpedia.org/property/subdivisionName>	"subdivision name"@ja	<http://ja.wikipedia.org/wiki/新川_(札幌市)>	<http://wikidata.dbpedia.org/resource/Q24874940>
<http://ja.dbpedia.org/resource/新琴似>	"新琴似"@ja	<http://dbpedia.org/ontology/PopulatedPlace>	<http://ja.dbpedia.org/property/subdivisionName>	"subdivision name"@ja	<http://ja.wikipedia.org/wiki/新琴似>	<http://wikidata.dbpedia.org/resource/Q17217396>
<http://ja.dbpedia.org/resource/新琴似>	"新琴似"@ja	<http://dbpedia.org/ontology/Location>	<http://ja.dbpedia.org/property/subdivisionName>	"subdivision name"@ja	<http://ja.wikipedia.org/wiki/新琴似>	<http://wikidata.dbpedia.org/resource/Q17217396>
<http://ja.dbpedia.org/resource/新琴似>	"新琴似"@ja	<http://dbpedia.org/ontology/Place>	<http://ja.dbpedia.org/property/subdivisionName>	"subdivision name"@ja	<http://ja.wikipedia.org/wiki/新琴似>	<http://wikidata.dbpedia.org/resource/Q17217396>
<http://ja.dbpedia.org/resource/新琴似>	"新琴似"@ja	<http://dbpedia.org/ontology/Settlement>	<http://ja.dbpedia.org/property/subdivisionName>	"subdivision name"@ja	<http://ja.wikipedia.org/wiki/新琴似>	<http://wikidata.dbpedia.org/resource/Q17217396>
<http://ja.dbpedia.org/resource/新発寒>	"新発寒"@ja	<http://dbpedia.org/ontology/Place>	<http://ja.dbpedia.org/property/northeast>	"Northeast"@ja	<http://ja.wikipedia.org/wiki/新発寒>	<http://wikidata.dbpedia.org/resource/Q109366159>
<http://ja.dbpedia.org/resource/新発寒>	"新発寒"@ja	<http://dbpedia.org/ontology/Settlement>	<http://ja.dbpedia.org/property/northeast>	"Northeast"@ja	<http://ja.wikipedia.org/wiki/新発寒>	<http://wikidata.dbpedia.org/resource/Q109366159>
<http://ja.dbpedia.org/resource/新発寒>	"新発寒"@ja	<http://dbpedia.org/ontology/Location>	<http://ja.dbpedia.org/property/northeast>	"Northeast"@ja	<http://ja.wikipedia.org/wiki/新発寒>	<http://wikidata.dbpedia.org/resource/Q109366159>
<http://ja.dbpedia.org/resource/新発寒>	"新発寒"@ja	<http://dbpedia.org/ontology/PopulatedPlace>	<http://ja.dbpedia.org/property/northeast>	"Northeast"@ja	<http://ja.wikipedia.org/wiki/新発寒>	<http://wikidata.dbpedia.org/resource/Q109366159>
<http://ja.dbpedia.org/resource/札樽自動車道>	"札樽自動車道"@ja	<http://dbpedia.org/ontology/RouteOfTransportation>	<http://ja.dbpedia.org/property/主な経由都市>	"主な経由都市"@ja	<http://ja.wikipedia.org/wiki/札樽自動車道>	<http://wikidata.dbpedia.org/resource/Q867986>
<http://ja.dbpedia.org/resource/札樽自動車道>	"札樽自動車道"@ja	<http://dbpedia.org/ontology/Infrastructure>	<http://ja.dbpedia.org/property/主な経由都市>	"主な経由都市"@ja	<http://ja.wikipedia.org/wiki/札樽自動車道>	<http://wikidata.dbpedia.org/resource/Q867986>
<http://ja.dbpedia.org/resource/札樽自動車道>	"札樽自動車道"@ja	<http://dbpedia.org/ontology/Road>	<http://ja.dbpedia.org/property/主な経由都市>	"主な経由都市"@ja	<http://ja.wikipedia.org/wiki/札樽自動車道>	<http://wikidata.dbpedia.org/resource/Q867986>
<http://ja.dbpedia.org/resource/札樽自動車道>	"札樽自動車道"@ja	<http://dbpedia.org/ontology/ArchitecturalStructure>	<http://ja.dbpedia.org/property/主な経由都市>	"主な経由都市"@ja	<http://ja.wikipedia.org/wiki/札樽自動車道>	<http://wikidata.dbpedia.org/resource/Q867986>
<http://ja.dbpedia.org/resource/烈々布>	"烈々布"@ja	<http://dbpedia.org/ontology/Location>	<http://ja.dbpedia.org/property/subdivisionName>	"subdivision name"@ja	<http://ja.wikipedia.org/wiki/烈々布>	<http://wikidata.dbpedia.org/resource/Q30929151>
<http://ja.dbpedia.org/resource/烈々布>	"烈々布"@ja	<http://dbpedia.org/ontology/PopulatedPlace>	<http://ja.dbpedia.org/property/subdivisionName>	"subdivision name"@ja	<http://ja.wikipedia.org/wiki/烈々布>	<http://wikidata.dbpedia.org/resource/Q30929151>
<http://ja.dbpedia.org/resource/烈々布>	"烈々布"@ja	<http://dbpedia.org/ontology/Settlement>	<http://ja.dbpedia.org/property/subdivisionName>	"subdivision name"@ja	<http://ja.wikipedia.org/wiki/烈々布>	<http://wikidata.dbpedia.org/resource/Q30929151>
<http://ja.dbpedia.org/resource/烈々布>	"烈々布"@ja	<http://dbpedia.org/ontology/Place>	<http://ja.dbpedia.org/property/subdivisionName>	"subdivision name"@ja	<http://ja.wikipedia.org/wiki/烈々布>	<http://wikidata.dbpedia.org/resource/Q30929151>
<http://ja.dbpedia.org/resource/琴似川>	"琴似川"@ja	<http://dbpedia.org/ontology/NaturalPlace>	<http://ja.dbpedia.org/property/河口>	"河口"@ja	<http://ja.wikipedia.org/wiki/琴似川>	<http://wikidata.dbpedia.org/resource/Q11573742>
<http://ja.dbpedia.org/resource/琴似川>	"琴似川"@ja	<http://dbpedia.org/ontology/Stream>	<http://ja.dbpedia.org/property/河口>	"河口"@ja	<http://ja.wikipedia.org/wiki/琴似川>	<http://wikidata.dbpedia.org/resource/Q11573742>
<http://ja.dbpedia.org/resource/琴似川>	"琴似川"@ja	<http://dbpedia.org/ontology/BodyOfWater>	<http://ja.dbpedia.org/property/河口>	"河口"@ja	<http://ja.wikipedia.org/wiki/琴似川>	<http://wikidata.dbpedia.org/resource/Q11573742>
<http://ja.dbpedia.org/resource/琴似川>	"琴似川"@ja	<http://dbpedia.org/ontology/Place>	<http://ja.dbpedia.org/property/河口>	"河口"@ja	<http://ja.wikipedia.org/wiki/琴似川>	<http://wikidata.dbpedia.org/resource/Q11573742>
<http://ja.dbpedia.org/resource/琴似川>	"琴似川"@ja	<http://dbpedia.org/ontology/River>	<http://ja.dbpedia.org/property/河口>	"河口"@ja	<http://ja.wikipedia.org/wiki/琴似川>	<http://wikidata.dbpedia.org/resource/Q11573742>
<http://ja.dbpedia.org/resource/琴似川>	"琴似川"@ja	<http://dbpedia.org/ontology/Location>	<http://ja.dbpedia.org/property/河口>	"河口"@ja	<http://ja.wikipedia.org/wiki/琴似川>	<http://wikidata.dbpedia.org/resource/Q11573742>
<http://ja.dbpedia.org/resource/発寒>	"発寒"@ja	<http://dbpedia.org/ontology/Location>	<http://ja.dbpedia.org/property/north>	"North"@ja	<http://ja.wikipedia.org/wiki/発寒>	<http://wikidata.dbpedia.org/resource/Q11579030>
<http://ja.dbpedia.org/resource/発寒>	"発寒"@ja	<http://dbpedia.org/ontology/PopulatedPlace>	<http://ja.dbpedia.org/property/north>	"North"@ja	<http://ja.wikipedia.org/wiki/発寒>	<http://wikidata.dbpedia.org/resource/Q11579030>
<http://ja.dbpedia.org/resource/発寒>	"発寒"@ja	<http://dbpedia.org/ontology/Settlement>	<http://ja.dbpedia.org/property/north>	"North"@ja	<http://ja.wikipedia.org/wiki/発寒>	<http://wikidata.dbpedia.org/resource/Q11579030>
<http://ja.dbpedia.org/resource/発寒>	"発寒"@ja	<http://dbpedia.org/ontology/Place>	<http://ja.dbpedia.org/property/north>	"North"@ja	<http://ja.wikipedia.org/wiki/発寒>	<http://wikidata.dbpedia.org/resource/Q11579030>
<http://ja.dbpedia.org/resource/百合が原>	"百合が原"@ja	<http://dbpedia.org/ontology/PopulatedPlace>	<http://ja.dbpedia.org/property/subdivisionName>	"subdivision name"@ja	<http://ja.wikipedia.org/wiki/百合が原>	<http://wikidata.dbpedia.org/resource/Q17209108>
<http://ja.dbpedia.org/resource/百合が原>	"百合が原"@ja	<http://dbpedia.org/ontology/Location>	<http://ja.dbpedia.org/property/subdivisionName>	"subdivision name"@ja	<http://ja.wikipedia.org/wiki/百合が原>	<http://wikidata.dbpedia.org/resource/Q17209108>
<http://ja.dbpedia.org/resource/百合が原>	"百合が原"@ja	<http://dbpedia.org/ontology/Settlement>	<http://ja.dbpedia.org/property/subdivisionName>	"subdivision name"@ja	<http://ja.wikipedia.org/wiki/百合が原>	<http://wikidata.dbpedia.org/resource/Q17209108>
<http://ja.dbpedia.org/resource/百合が原>	"百合が原"@ja	<http://dbpedia.org/ontology/Place>	<http://ja.dbpedia.org/property/subdivisionName>	"subdivision name"@ja	<http://ja.wikipedia.org/wiki/百合が原>	<http://wikidata.dbpedia.org/resource/Q17209108>
<http://ja.dbpedia.org/resource/福移>	"福移"@ja	<http://dbpedia.org/ontology/PopulatedPlace>	<http://ja.dbpedia.org/property/subdivisionName>	"subdivision name"@ja	<http://ja.wikipedia.org/wiki/福移>	<http://wikidata.dbpedia.org/resource/Q17230043>
<http://ja.dbpedia.org/resource/福移>	"福移"@ja	<http://dbpedia.org/ontology/Location>	<http://ja.dbpedia.org/property/subdivisionName>	"subdivision name"@ja	<http://ja.wikipedia.org/wiki/福移>	<http://wikidata.dbpedia.org/resource/Q17230043>
<http://ja.dbpedia.org/resource/福移>	"福移"@ja	<http://dbpedia.org/ontology/Place>	<http://ja.dbpedia.org/property/subdivisionName>	"subdivision name"@ja	<http://ja.wikipedia.org/wiki/福移>	<http://wikidata.dbpedia.org/resource/Q17230043>
<http://ja.dbpedia.org/resource/福移>	"福移"@ja	<http://dbpedia.org/ontology/Settlement>	<http://ja.dbpedia.org/property/subdivisionName>	"subdivision name"@ja	<http://ja.wikipedia.org/wiki/福移>	<http://wikidata.dbpedia.org/resource/Q17230043>
<http://ja.dbpedia.org/resource/篠路>	"篠路"@ja	<http://dbpedia.org/ontology/Location>	<http://ja.dbpedia.org/property/subdivisionName>	"subdivision name"@ja	<http://ja.wikipedia.org/wiki/篠路>	<http://wikidata.dbpedia.org/resource/Q30934263>
<http://ja.dbpedia.org/resource/篠路>	"篠路"@ja	<http://dbpedia.org/ontology/PopulatedPlace>	<http://ja.dbpedia.org/property/subdivisionName>	"subdivision name"@ja	<http://ja.wikipedia.org/wiki/篠路>	<http://wikidata.dbpedia.org/resource/Q30934263>
<http://ja.dbpedia.org/resource/篠路>	"篠路"@ja	<http://dbpedia.org/ontology/Settlement>	<http://ja.dbpedia.org/property/subdivisionName>	"subdivision name"@ja	<http://ja.wikipedia.org/wiki/篠路>	<http://wikidata.dbpedia.org/resource/Q30934263>
<http://ja.dbpedia.org/resource/篠路>	"篠路"@ja	<http://dbpedia.org/ontology/Place>	<http://ja.dbpedia.org/property/subdivisionName>	"subdivision name"@ja	<http://ja.wikipedia.org/wiki/篠路>	<http://wikidata.dbpedia.org/resource/Q30934263>
<http://ja.dbpedia.org/resource/茨戸>	"茨戸"@ja	<http://dbpedia.org/ontology/PopulatedPlace>	<http://ja.dbpedia.org/property/subdivisionName>	"subdivision name"@ja	<http://ja.wikipedia.org/wiki/茨戸>	<http://wikidata.dbpedia.org/resource/Q24868449>
<http://ja.dbpedia.org/resource/茨戸>	"茨戸"@ja	<http://dbpedia.org/ontology/Location>	<http://ja.dbpedia.org/property/subdivisionName>	"subdivision name"@ja	<http://ja.wikipedia.org/wiki/茨戸>	<http://wikidata.dbpedia.org/resource/Q24868449>
<http://ja.dbpedia.org/resource/茨戸>	"茨戸"@ja	<http://dbpedia.org/ontology/Settlement>	<http://ja.dbpedia.org/property/subdivisionName>	"subdivision name"@ja	<http://ja.wikipedia.org/wiki/茨戸>	<http://wikidata.dbpedia.org/resource/Q24868449>
<http://ja.dbpedia.org/resource/茨戸>	"茨戸"@ja	<http://dbpedia.org/ontology/Place>	<http://ja.dbpedia.org/property/subdivisionName>	"subdivision name"@ja	<http://ja.wikipedia.org/wiki/茨戸>	<http://wikidata.dbpedia.org/resource/Q24868449>
