?s	?sLabel	?type	?p	?pLabel	?jwiki	?wd
<http://ja.dbpedia.org/resource/北郷_(札幌市)>	"北郷 (札幌市)"@ja	<http://dbpedia.org/ontology/Place>	<http://ja.dbpedia.org/property/subdivisionName>	"subdivision name"@ja	<http://ja.wikipedia.org/wiki/北郷_(札幌市)>	<http://wikidata.dbpedia.org/resource/Q11404188>
<http://ja.dbpedia.org/resource/北郷_(札幌市)>	"北郷 (札幌市)"@ja	<http://dbpedia.org/ontology/Settlement>	<http://ja.dbpedia.org/property/subdivisionName>	"subdivision name"@ja	<http://ja.wikipedia.org/wiki/北郷_(札幌市)>	<http://wikidata.dbpedia.org/resource/Q11404188>
<http://ja.dbpedia.org/resource/北郷_(札幌市)>	"北郷 (札幌市)"@ja	<http://dbpedia.org/ontology/Location>	<http://ja.dbpedia.org/property/subdivisionName>	"subdivision name"@ja	<http://ja.wikipedia.org/wiki/北郷_(札幌市)>	<http://wikidata.dbpedia.org/resource/Q11404188>
<http://ja.dbpedia.org/resource/北郷_(札幌市)>	"北郷 (札幌市)"@ja	<http://dbpedia.org/ontology/PopulatedPlace>	<http://ja.dbpedia.org/property/subdivisionName>	"subdivision name"@ja	<http://ja.wikipedia.org/wiki/北郷_(札幌市)>	<http://wikidata.dbpedia.org/resource/Q11404188>
<http://ja.dbpedia.org/resource/南郷通>	"南郷通"@ja	<http://dbpedia.org/ontology/ArchitecturalStructure>	<http://ja.dbpedia.org/property/subdivisionName>	"subdivision name"@ja	<http://ja.wikipedia.org/wiki/南郷通>	<http://wikidata.dbpedia.org/resource/Q11408652>
<http://ja.dbpedia.org/resource/南郷通>	"南郷通"@ja	<http://dbpedia.org/ontology/Road>	<http://ja.dbpedia.org/property/subdivisionName>	"subdivision name"@ja	<http://ja.wikipedia.org/wiki/南郷通>	<http://wikidata.dbpedia.org/resource/Q11408652>
<http://ja.dbpedia.org/resource/南郷通>	"南郷通"@ja	<http://dbpedia.org/ontology/RouteOfTransportation>	<http://ja.dbpedia.org/property/subdivisionName>	"subdivision name"@ja	<http://ja.wikipedia.org/wiki/南郷通>	<http://wikidata.dbpedia.org/resource/Q11408652>
<http://ja.dbpedia.org/resource/南郷通>	"南郷通"@ja	<http://dbpedia.org/ontology/Infrastructure>	<http://ja.dbpedia.org/property/subdivisionName>	"subdivision name"@ja	<http://ja.wikipedia.org/wiki/南郷通>	<http://wikidata.dbpedia.org/resource/Q11408652>
<http://ja.dbpedia.org/resource/川下_(札幌市)>	"川下 (札幌市)"@ja	<http://dbpedia.org/ontology/Place>	<http://ja.dbpedia.org/property/subdivisionName>	"subdivision name"@ja	<http://ja.wikipedia.org/wiki/川下_(札幌市)>	<http://wikidata.dbpedia.org/resource/Q11477610>
<http://ja.dbpedia.org/resource/川下_(札幌市)>	"川下 (札幌市)"@ja	<http://dbpedia.org/ontology/Settlement>	<http://ja.dbpedia.org/property/subdivisionName>	"subdivision name"@ja	<http://ja.wikipedia.org/wiki/川下_(札幌市)>	<http://wikidata.dbpedia.org/resource/Q11477610>
<http://ja.dbpedia.org/resource/川下_(札幌市)>	"川下 (札幌市)"@ja	<http://dbpedia.org/ontology/Location>	<http://ja.dbpedia.org/property/subdivisionName>	"subdivision name"@ja	<http://ja.wikipedia.org/wiki/川下_(札幌市)>	<http://wikidata.dbpedia.org/resource/Q11477610>
<http://ja.dbpedia.org/resource/川下_(札幌市)>	"川下 (札幌市)"@ja	<http://dbpedia.org/ontology/PopulatedPlace>	<http://ja.dbpedia.org/property/subdivisionName>	"subdivision name"@ja	<http://ja.wikipedia.org/wiki/川下_(札幌市)>	<http://wikidata.dbpedia.org/resource/Q11477610>
<http://ja.dbpedia.org/resource/川北_(札幌市)>	"川北 (札幌市)"@ja	<http://dbpedia.org/ontology/Place>	<http://ja.dbpedia.org/property/subdivisionName>	"subdivision name"@ja	<http://ja.wikipedia.org/wiki/川北_(札幌市)>	<http://wikidata.dbpedia.org/resource/Q11477818>
<http://ja.dbpedia.org/resource/川北_(札幌市)>	"川北 (札幌市)"@ja	<http://dbpedia.org/ontology/Settlement>	<http://ja.dbpedia.org/property/subdivisionName>	"subdivision name"@ja	<http://ja.wikipedia.org/wiki/川北_(札幌市)>	<http://wikidata.dbpedia.org/resource/Q11477818>
<http://ja.dbpedia.org/resource/川北_(札幌市)>	"川北 (札幌市)"@ja	<http://dbpedia.org/ontology/PopulatedPlace>	<http://ja.dbpedia.org/property/subdivisionName>	"subdivision name"@ja	<http://ja.wikipedia.org/wiki/川北_(札幌市)>	<http://wikidata.dbpedia.org/resource/Q11477818>
<http://ja.dbpedia.org/resource/川北_(札幌市)>	"川北 (札幌市)"@ja	<http://dbpedia.org/ontology/Location>	<http://ja.dbpedia.org/property/subdivisionName>	"subdivision name"@ja	<http://ja.wikipedia.org/wiki/川北_(札幌市)>	<http://wikidata.dbpedia.org/resource/Q11477818>
<http://ja.dbpedia.org/resource/平和通_(札幌市)>	"平和通 (札幌市)"@ja	<http://dbpedia.org/ontology/Place>	<http://ja.dbpedia.org/property/subdivisionName>	"subdivision name"@ja	<http://ja.wikipedia.org/wiki/平和通_(札幌市)>	<http://wikidata.dbpedia.org/resource/Q17216017>
<http://ja.dbpedia.org/resource/平和通_(札幌市)>	"平和通 (札幌市)"@ja	<http://dbpedia.org/ontology/Settlement>	<http://ja.dbpedia.org/property/subdivisionName>	"subdivision name"@ja	<http://ja.wikipedia.org/wiki/平和通_(札幌市)>	<http://wikidata.dbpedia.org/resource/Q17216017>
<http://ja.dbpedia.org/resource/平和通_(札幌市)>	"平和通 (札幌市)"@ja	<http://dbpedia.org/ontology/PopulatedPlace>	<http://ja.dbpedia.org/property/subdivisionName>	"subdivision name"@ja	<http://ja.wikipedia.org/wiki/平和通_(札幌市)>	<http://wikidata.dbpedia.org/resource/Q17216017>
<http://ja.dbpedia.org/resource/平和通_(札幌市)>	"平和通 (札幌市)"@ja	<http://dbpedia.org/ontology/Location>	<http://ja.dbpedia.org/property/subdivisionName>	"subdivision name"@ja	<http://ja.wikipedia.org/wiki/平和通_(札幌市)>	<http://wikidata.dbpedia.org/resource/Q17216017>
<http://ja.dbpedia.org/resource/月寒川>	"月寒川"@ja	<http://dbpedia.org/ontology/Place>	<http://ja.dbpedia.org/property/河口>	"河口"@ja	<http://ja.wikipedia.org/wiki/月寒川>	<http://wikidata.dbpedia.org/resource/Q11516036>
<http://ja.dbpedia.org/resource/月寒川>	"月寒川"@ja	<http://dbpedia.org/ontology/Location>	<http://ja.dbpedia.org/property/河口>	"河口"@ja	<http://ja.wikipedia.org/wiki/月寒川>	<http://wikidata.dbpedia.org/resource/Q11516036>
<http://ja.dbpedia.org/resource/月寒川>	"月寒川"@ja	<http://dbpedia.org/ontology/River>	<http://ja.dbpedia.org/property/河口>	"河口"@ja	<http://ja.wikipedia.org/wiki/月寒川>	<http://wikidata.dbpedia.org/resource/Q11516036>
<http://ja.dbpedia.org/resource/月寒川>	"月寒川"@ja	<http://dbpedia.org/ontology/BodyOfWater>	<http://ja.dbpedia.org/property/河口>	"河口"@ja	<http://ja.wikipedia.org/wiki/月寒川>	<http://wikidata.dbpedia.org/resource/Q11516036>
<http://ja.dbpedia.org/resource/月寒川>	"月寒川"@ja	<http://dbpedia.org/ontology/Stream>	<http://ja.dbpedia.org/property/河口>	"河口"@ja	<http://ja.wikipedia.org/wiki/月寒川>	<http://wikidata.dbpedia.org/resource/Q11516036>
<http://ja.dbpedia.org/resource/月寒川>	"月寒川"@ja	<http://dbpedia.org/ontology/NaturalPlace>	<http://ja.dbpedia.org/property/河口>	"河口"@ja	<http://ja.wikipedia.org/wiki/月寒川>	<http://wikidata.dbpedia.org/resource/Q11516036>
<http://ja.dbpedia.org/resource/望月寒川>	"望月寒川"@ja	<http://dbpedia.org/ontology/NaturalPlace>	<http://ja.dbpedia.org/property/河口>	"河口"@ja	<http://ja.wikipedia.org/wiki/望月寒川>	<http://wikidata.dbpedia.org/resource/Q11517084>
<http://ja.dbpedia.org/resource/望月寒川>	"望月寒川"@ja	<http://dbpedia.org/ontology/Stream>	<http://ja.dbpedia.org/property/河口>	"河口"@ja	<http://ja.wikipedia.org/wiki/望月寒川>	<http://wikidata.dbpedia.org/resource/Q11517084>
<http://ja.dbpedia.org/resource/望月寒川>	"望月寒川"@ja	<http://dbpedia.org/ontology/BodyOfWater>	<http://ja.dbpedia.org/property/河口>	"河口"@ja	<http://ja.wikipedia.org/wiki/望月寒川>	<http://wikidata.dbpedia.org/resource/Q11517084>
<http://ja.dbpedia.org/resource/望月寒川>	"望月寒川"@ja	<http://dbpedia.org/ontology/River>	<http://ja.dbpedia.org/property/河口>	"河口"@ja	<http://ja.wikipedia.org/wiki/望月寒川>	<http://wikidata.dbpedia.org/resource/Q11517084>
<http://ja.dbpedia.org/resource/望月寒川>	"望月寒川"@ja	<http://dbpedia.org/ontology/Place>	<http://ja.dbpedia.org/property/河口>	"河口"@ja	<http://ja.wikipedia.org/wiki/望月寒川>	<http://wikidata.dbpedia.org/resource/Q11517084>
<http://ja.dbpedia.org/resource/望月寒川>	"望月寒川"@ja	<http://dbpedia.org/ontology/Location>	<http://ja.dbpedia.org/property/河口>	"河口"@ja	<http://ja.wikipedia.org/wiki/望月寒川>	<http://wikidata.dbpedia.org/resource/Q11517084>
<http://ja.dbpedia.org/resource/本町_(札幌市)>	"本町 (札幌市)"@ja	<http://dbpedia.org/ontology/PopulatedPlace>	<http://ja.dbpedia.org/property/east>	"East"@ja	<http://ja.wikipedia.org/wiki/本町_(札幌市)>	<http://wikidata.dbpedia.org/resource/Q11520688>
<http://ja.dbpedia.org/resource/本町_(札幌市)>	"本町 (札幌市)"@ja	<http://dbpedia.org/ontology/Location>	<http://ja.dbpedia.org/property/east>	"East"@ja	<http://ja.wikipedia.org/wiki/本町_(札幌市)>	<http://wikidata.dbpedia.org/resource/Q11520688>
<http://ja.dbpedia.org/resource/本町_(札幌市)>	"本町 (札幌市)"@ja	<http://dbpedia.org/ontology/Settlement>	<http://ja.dbpedia.org/property/east>	"East"@ja	<http://ja.wikipedia.org/wiki/本町_(札幌市)>	<http://wikidata.dbpedia.org/resource/Q11520688>
<http://ja.dbpedia.org/resource/本町_(札幌市)>	"本町 (札幌市)"@ja	<http://dbpedia.org/ontology/Place>	<http://ja.dbpedia.org/property/east>	"East"@ja	<http://ja.wikipedia.org/wiki/本町_(札幌市)>	<http://wikidata.dbpedia.org/resource/Q11520688>
<http://ja.dbpedia.org/resource/本郷通_(札幌市)>	"本郷通 (札幌市)"@ja	<http://dbpedia.org/ontology/PopulatedPlace>	<http://ja.dbpedia.org/property/subdivisionName>	"subdivision name"@ja	<http://ja.wikipedia.org/wiki/本郷通_(札幌市)>	<http://wikidata.dbpedia.org/resource/Q11520909>
<http://ja.dbpedia.org/resource/本郷通_(札幌市)>	"本郷通 (札幌市)"@ja	<http://dbpedia.org/ontology/Location>	<http://ja.dbpedia.org/property/subdivisionName>	"subdivision name"@ja	<http://ja.wikipedia.org/wiki/本郷通_(札幌市)>	<http://wikidata.dbpedia.org/resource/Q11520909>
<http://ja.dbpedia.org/resource/本郷通_(札幌市)>	"本郷通 (札幌市)"@ja	<http://dbpedia.org/ontology/Settlement>	<http://ja.dbpedia.org/property/subdivisionName>	"subdivision name"@ja	<http://ja.wikipedia.org/wiki/本郷通_(札幌市)>	<http://wikidata.dbpedia.org/resource/Q11520909>
<http://ja.dbpedia.org/resource/本郷通_(札幌市)>	"本郷通 (札幌市)"@ja	<http://dbpedia.org/ontology/Place>	<http://ja.dbpedia.org/property/subdivisionName>	"subdivision name"@ja	<http://ja.wikipedia.org/wiki/本郷通_(札幌市)>	<http://wikidata.dbpedia.org/resource/Q11520909>
<http://ja.dbpedia.org/resource/札樽自動車道>	"札樽自動車道"@ja	<http://dbpedia.org/ontology/Infrastructure>	<http://ja.dbpedia.org/property/主な経由都市>	"主な経由都市"@ja	<http://ja.wikipedia.org/wiki/札樽自動車道>	<http://wikidata.dbpedia.org/resource/Q867986>
<http://ja.dbpedia.org/resource/札樽自動車道>	"札樽自動車道"@ja	<http://dbpedia.org/ontology/RouteOfTransportation>	<http://ja.dbpedia.org/property/主な経由都市>	"主な経由都市"@ja	<http://ja.wikipedia.org/wiki/札樽自動車道>	<http://wikidata.dbpedia.org/resource/Q867986>
<http://ja.dbpedia.org/resource/札樽自動車道>	"札樽自動車道"@ja	<http://dbpedia.org/ontology/ArchitecturalStructure>	<http://ja.dbpedia.org/property/主な経由都市>	"主な経由都市"@ja	<http://ja.wikipedia.org/wiki/札樽自動車道>	<http://wikidata.dbpedia.org/resource/Q867986>
<http://ja.dbpedia.org/resource/札樽自動車道>	"札樽自動車道"@ja	<http://dbpedia.org/ontology/Road>	<http://ja.dbpedia.org/property/主な経由都市>	"主な経由都市"@ja	<http://ja.wikipedia.org/wiki/札樽自動車道>	<http://wikidata.dbpedia.org/resource/Q867986>
<http://ja.dbpedia.org/resource/東札幌>	"東札幌"@ja	<http://dbpedia.org/ontology/Place>	<http://ja.dbpedia.org/property/subdivisionName>	"subdivision name"@ja	<http://ja.wikipedia.org/wiki/東札幌>	<http://wikidata.dbpedia.org/resource/Q11527278>
<http://ja.dbpedia.org/resource/東札幌>	"東札幌"@ja	<http://dbpedia.org/ontology/Settlement>	<http://ja.dbpedia.org/property/subdivisionName>	"subdivision name"@ja	<http://ja.wikipedia.org/wiki/東札幌>	<http://wikidata.dbpedia.org/resource/Q11527278>
<http://ja.dbpedia.org/resource/東札幌>	"東札幌"@ja	<http://dbpedia.org/ontology/Location>	<http://ja.dbpedia.org/property/subdivisionName>	"subdivision name"@ja	<http://ja.wikipedia.org/wiki/東札幌>	<http://wikidata.dbpedia.org/resource/Q11527278>
<http://ja.dbpedia.org/resource/東札幌>	"東札幌"@ja	<http://dbpedia.org/ontology/PopulatedPlace>	<http://ja.dbpedia.org/property/subdivisionName>	"subdivision name"@ja	<http://ja.wikipedia.org/wiki/東札幌>	<http://wikidata.dbpedia.org/resource/Q11527278>
<http://ja.dbpedia.org/resource/東米里>	"東米里"@ja	<http://dbpedia.org/ontology/Location>	<http://ja.dbpedia.org/property/subdivisionName>	"subdivision name"@ja	<http://ja.wikipedia.org/wiki/東米里>	<http://wikidata.dbpedia.org/resource/Q11528175>
<http://ja.dbpedia.org/resource/東米里>	"東米里"@ja	<http://dbpedia.org/ontology/PopulatedPlace>	<http://ja.dbpedia.org/property/subdivisionName>	"subdivision name"@ja	<http://ja.wikipedia.org/wiki/東米里>	<http://wikidata.dbpedia.org/resource/Q11528175>
<http://ja.dbpedia.org/resource/東米里>	"東米里"@ja	<http://dbpedia.org/ontology/Settlement>	<http://ja.dbpedia.org/property/subdivisionName>	"subdivision name"@ja	<http://ja.wikipedia.org/wiki/東米里>	<http://wikidata.dbpedia.org/resource/Q11528175>
<http://ja.dbpedia.org/resource/東米里>	"東米里"@ja	<http://dbpedia.org/ontology/Place>	<http://ja.dbpedia.org/property/subdivisionName>	"subdivision name"@ja	<http://ja.wikipedia.org/wiki/東米里>	<http://wikidata.dbpedia.org/resource/Q11528175>
<http://ja.dbpedia.org/resource/松浦忠>	"松浦忠"@ja	<http://dbpedia.org/ontology/Person>	<http://ja.dbpedia.org/property/選挙区>	"選挙区"@ja	<http://ja.wikipedia.org/wiki/松浦忠>	<http://wikidata.dbpedia.org/resource/Q108776931>
<http://ja.dbpedia.org/resource/松浦忠>	"松浦忠"@ja	<http://dbpedia.org/ontology/Species>	<http://ja.dbpedia.org/property/選挙区>	"選挙区"@ja	<http://ja.wikipedia.org/wiki/松浦忠>	<http://wikidata.dbpedia.org/resource/Q108776931>
<http://ja.dbpedia.org/resource/松浦忠>	"松浦忠"@ja	<http://dbpedia.org/ontology/Eukaryote>	<http://ja.dbpedia.org/property/選挙区>	"選挙区"@ja	<http://ja.wikipedia.org/wiki/松浦忠>	<http://wikidata.dbpedia.org/resource/Q108776931>
<http://ja.dbpedia.org/resource/松浦忠>	"松浦忠"@ja	<http://dbpedia.org/ontology/Politician>	<http://ja.dbpedia.org/property/選挙区>	"選挙区"@ja	<http://ja.wikipedia.org/wiki/松浦忠>	<http://wikidata.dbpedia.org/resource/Q108776931>
<http://ja.dbpedia.org/resource/松浦忠>	"松浦忠"@ja	<http://dbpedia.org/ontology/Animal>	<http://ja.dbpedia.org/property/選挙区>	"選挙区"@ja	<http://ja.wikipedia.org/wiki/松浦忠>	<http://wikidata.dbpedia.org/resource/Q108776931>
<http://ja.dbpedia.org/resource/栄通>	"栄通"@ja	<http://dbpedia.org/ontology/PopulatedPlace>	<http://ja.dbpedia.org/property/subdivisionName>	"subdivision name"@ja	<http://ja.wikipedia.org/wiki/栄通>	<http://wikidata.dbpedia.org/resource/Q11535746>
<http://ja.dbpedia.org/resource/栄通>	"栄通"@ja	<http://dbpedia.org/ontology/Location>	<http://ja.dbpedia.org/property/subdivisionName>	"subdivision name"@ja	<http://ja.wikipedia.org/wiki/栄通>	<http://wikidata.dbpedia.org/resource/Q11535746>
<http://ja.dbpedia.org/resource/栄通>	"栄通"@ja	<http://dbpedia.org/ontology/Settlement>	<http://ja.dbpedia.org/property/subdivisionName>	"subdivision name"@ja	<http://ja.wikipedia.org/wiki/栄通>	<http://wikidata.dbpedia.org/resource/Q11535746>
<http://ja.dbpedia.org/resource/栄通>	"栄通"@ja	<http://dbpedia.org/ontology/Place>	<http://ja.dbpedia.org/property/subdivisionName>	"subdivision name"@ja	<http://ja.wikipedia.org/wiki/栄通>	<http://wikidata.dbpedia.org/resource/Q11535746>
<http://ja.dbpedia.org/resource/流通センター_(札幌市)>	"流通センター (札幌市)"@ja	<http://dbpedia.org/ontology/PopulatedPlace>	<http://ja.dbpedia.org/property/subdivisionName>	"subdivision name"@ja	<http://ja.wikipedia.org/wiki/流通センター_(札幌市)>	<http://wikidata.dbpedia.org/resource/Q11556762>
<http://ja.dbpedia.org/resource/流通センター_(札幌市)>	"流通センター (札幌市)"@ja	<http://dbpedia.org/ontology/Location>	<http://ja.dbpedia.org/property/subdivisionName>	"subdivision name"@ja	<http://ja.wikipedia.org/wiki/流通センター_(札幌市)>	<http://wikidata.dbpedia.org/resource/Q11556762>
<http://ja.dbpedia.org/resource/流通センター_(札幌市)>	"流通センター (札幌市)"@ja	<http://dbpedia.org/ontology/Settlement>	<http://ja.dbpedia.org/property/subdivisionName>	"subdivision name"@ja	<http://ja.wikipedia.org/wiki/流通センター_(札幌市)>	<http://wikidata.dbpedia.org/resource/Q11556762>
<http://ja.dbpedia.org/resource/流通センター_(札幌市)>	"流通センター (札幌市)"@ja	<http://dbpedia.org/ontology/Place>	<http://ja.dbpedia.org/property/subdivisionName>	"subdivision name"@ja	<http://ja.wikipedia.org/wiki/流通センター_(札幌市)>	<http://wikidata.dbpedia.org/resource/Q11556762>
<http://ja.dbpedia.org/resource/白石中央>	"白石中央"@ja	<http://dbpedia.org/ontology/PopulatedPlace>	<http://ja.dbpedia.org/property/subdivisionName>	"subdivision name"@ja	<http://ja.wikipedia.org/wiki/白石中央>	<http://wikidata.dbpedia.org/resource/Q11580134>
<http://ja.dbpedia.org/resource/白石中央>	"白石中央"@ja	<http://dbpedia.org/ontology/Location>	<http://ja.dbpedia.org/property/subdivisionName>	"subdivision name"@ja	<http://ja.wikipedia.org/wiki/白石中央>	<http://wikidata.dbpedia.org/resource/Q11580134>
<http://ja.dbpedia.org/resource/白石中央>	"白石中央"@ja	<http://dbpedia.org/ontology/Place>	<http://ja.dbpedia.org/property/subdivisionName>	"subdivision name"@ja	<http://ja.wikipedia.org/wiki/白石中央>	<http://wikidata.dbpedia.org/resource/Q11580134>
<http://ja.dbpedia.org/resource/白石中央>	"白石中央"@ja	<http://dbpedia.org/ontology/Settlement>	<http://ja.dbpedia.org/property/subdivisionName>	"subdivision name"@ja	<http://ja.wikipedia.org/wiki/白石中央>	<http://wikidata.dbpedia.org/resource/Q11580134>
<http://ja.dbpedia.org/resource/白石本通>	"白石本通"@ja	<http://dbpedia.org/ontology/Location>	<http://ja.dbpedia.org/property/subdivisionName>	"subdivision name"@ja	<http://ja.wikipedia.org/wiki/白石本通>	<http://wikidata.dbpedia.org/resource/Q11580188>
<http://ja.dbpedia.org/resource/白石本通>	"白石本通"@ja	<http://dbpedia.org/ontology/PopulatedPlace>	<http://ja.dbpedia.org/property/subdivisionName>	"subdivision name"@ja	<http://ja.wikipedia.org/wiki/白石本通>	<http://wikidata.dbpedia.org/resource/Q11580188>
<http://ja.dbpedia.org/resource/白石本通>	"白石本通"@ja	<http://dbpedia.org/ontology/Settlement>	<http://ja.dbpedia.org/property/subdivisionName>	"subdivision name"@ja	<http://ja.wikipedia.org/wiki/白石本通>	<http://wikidata.dbpedia.org/resource/Q11580188>
<http://ja.dbpedia.org/resource/白石本通>	"白石本通"@ja	<http://dbpedia.org/ontology/Place>	<http://ja.dbpedia.org/property/subdivisionName>	"subdivision name"@ja	<http://ja.wikipedia.org/wiki/白石本通>	<http://wikidata.dbpedia.org/resource/Q11580188>
<http://ja.dbpedia.org/resource/米里_(札幌市)>	"米里 (札幌市)"@ja	<http://dbpedia.org/ontology/PopulatedPlace>	<http://ja.dbpedia.org/property/subdivisionName>	"subdivision name"@ja	<http://ja.wikipedia.org/wiki/米里_(札幌市)>	<http://wikidata.dbpedia.org/resource/Q11604412>
<http://ja.dbpedia.org/resource/米里_(札幌市)>	"米里 (札幌市)"@ja	<http://dbpedia.org/ontology/Location>	<http://ja.dbpedia.org/property/subdivisionName>	"subdivision name"@ja	<http://ja.wikipedia.org/wiki/米里_(札幌市)>	<http://wikidata.dbpedia.org/resource/Q11604412>
<http://ja.dbpedia.org/resource/米里_(札幌市)>	"米里 (札幌市)"@ja	<http://dbpedia.org/ontology/Settlement>	<http://ja.dbpedia.org/property/subdivisionName>	"subdivision name"@ja	<http://ja.wikipedia.org/wiki/米里_(札幌市)>	<http://wikidata.dbpedia.org/resource/Q11604412>
<http://ja.dbpedia.org/resource/米里_(札幌市)>	"米里 (札幌市)"@ja	<http://dbpedia.org/ontology/Place>	<http://ja.dbpedia.org/property/subdivisionName>	"subdivision name"@ja	<http://ja.wikipedia.org/wiki/米里_(札幌市)>	<http://wikidata.dbpedia.org/resource/Q11604412>
<http://ja.dbpedia.org/resource/美園_(札幌市)>	"美園 (札幌市)"@ja	<http://dbpedia.org/ontology/PopulatedPlace>	<http://ja.dbpedia.org/property/north>	"North"@ja	<http://ja.wikipedia.org/wiki/美園_(札幌市)>	<http://wikidata.dbpedia.org/resource/Q11608892>
<http://ja.dbpedia.org/resource/美園_(札幌市)>	"美園 (札幌市)"@ja	<http://dbpedia.org/ontology/Location>	<http://ja.dbpedia.org/property/north>	"North"@ja	<http://ja.wikipedia.org/wiki/美園_(札幌市)>	<http://wikidata.dbpedia.org/resource/Q11608892>
<http://ja.dbpedia.org/resource/美園_(札幌市)>	"美園 (札幌市)"@ja	<http://dbpedia.org/ontology/Settlement>	<http://ja.dbpedia.org/property/north>	"North"@ja	<http://ja.wikipedia.org/wiki/美園_(札幌市)>	<http://wikidata.dbpedia.org/resource/Q11608892>
<http://ja.dbpedia.org/resource/美園_(札幌市)>	"美園 (札幌市)"@ja	<http://dbpedia.org/ontology/Place>	<http://ja.dbpedia.org/property/north>	"North"@ja	<http://ja.wikipedia.org/wiki/美園_(札幌市)>	<http://wikidata.dbpedia.org/resource/Q11608892>
<http://ja.dbpedia.org/resource/菊水_(札幌市)>	"菊水 (札幌市)"@ja	<http://dbpedia.org/ontology/PopulatedPlace>	<http://ja.dbpedia.org/property/subdivisionName>	"subdivision name"@ja	<http://ja.wikipedia.org/wiki/菊水_(札幌市)>	<http://wikidata.dbpedia.org/resource/Q30929874>
<http://ja.dbpedia.org/resource/菊水_(札幌市)>	"菊水 (札幌市)"@ja	<http://dbpedia.org/ontology/Location>	<http://ja.dbpedia.org/property/subdivisionName>	"subdivision name"@ja	<http://ja.wikipedia.org/wiki/菊水_(札幌市)>	<http://wikidata.dbpedia.org/resource/Q30929874>
<http://ja.dbpedia.org/resource/菊水_(札幌市)>	"菊水 (札幌市)"@ja	<http://dbpedia.org/ontology/Place>	<http://ja.dbpedia.org/property/subdivisionName>	"subdivision name"@ja	<http://ja.wikipedia.org/wiki/菊水_(札幌市)>	<http://wikidata.dbpedia.org/resource/Q30929874>
<http://ja.dbpedia.org/resource/菊水_(札幌市)>	"菊水 (札幌市)"@ja	<http://dbpedia.org/ontology/Settlement>	<http://ja.dbpedia.org/property/subdivisionName>	"subdivision name"@ja	<http://ja.wikipedia.org/wiki/菊水_(札幌市)>	<http://wikidata.dbpedia.org/resource/Q30929874>
<http://ja.dbpedia.org/resource/菊水上町>	"菊水上町"@ja	<http://dbpedia.org/ontology/Location>	<http://ja.dbpedia.org/property/subdivisionName>	"subdivision name"@ja	<http://ja.wikipedia.org/wiki/菊水上町>	<http://wikidata.dbpedia.org/resource/Q11619685>
<http://ja.dbpedia.org/resource/菊水上町>	"菊水上町"@ja	<http://dbpedia.org/ontology/PopulatedPlace>	<http://ja.dbpedia.org/property/subdivisionName>	"subdivision name"@ja	<http://ja.wikipedia.org/wiki/菊水上町>	<http://wikidata.dbpedia.org/resource/Q11619685>
<http://ja.dbpedia.org/resource/菊水上町>	"菊水上町"@ja	<http://dbpedia.org/ontology/Settlement>	<http://ja.dbpedia.org/property/subdivisionName>	"subdivision name"@ja	<http://ja.wikipedia.org/wiki/菊水上町>	<http://wikidata.dbpedia.org/resource/Q11619685>
<http://ja.dbpedia.org/resource/菊水上町>	"菊水上町"@ja	<http://dbpedia.org/ontology/Place>	<http://ja.dbpedia.org/property/subdivisionName>	"subdivision name"@ja	<http://ja.wikipedia.org/wiki/菊水上町>	<http://wikidata.dbpedia.org/resource/Q11619685>
<http://ja.dbpedia.org/resource/菊水元町>	"菊水元町"@ja	<http://dbpedia.org/ontology/PopulatedPlace>	<http://ja.dbpedia.org/property/subdivisionName>	"subdivision name"@ja	<http://ja.wikipedia.org/wiki/菊水元町>	<http://wikidata.dbpedia.org/resource/Q11619684>
<http://ja.dbpedia.org/resource/菊水元町>	"菊水元町"@ja	<http://dbpedia.org/ontology/Location>	<http://ja.dbpedia.org/property/subdivisionName>	"subdivision name"@ja	<http://ja.wikipedia.org/wiki/菊水元町>	<http://wikidata.dbpedia.org/resource/Q11619684>
<http://ja.dbpedia.org/resource/菊水元町>	"菊水元町"@ja	<http://dbpedia.org/ontology/Settlement>	<http://ja.dbpedia.org/property/subdivisionName>	"subdivision name"@ja	<http://ja.wikipedia.org/wiki/菊水元町>	<http://wikidata.dbpedia.org/resource/Q11619684>
<http://ja.dbpedia.org/resource/菊水元町>	"菊水元町"@ja	<http://dbpedia.org/ontology/Place>	<http://ja.dbpedia.org/property/subdivisionName>	"subdivision name"@ja	<http://ja.wikipedia.org/wiki/菊水元町>	<http://wikidata.dbpedia.org/resource/Q11619684>
