?s	?sLabel	?type	?p	?pLabel	?jwiki	?wd
<http://ja.dbpedia.org/resource/もみじ台>	"もみじ台"@ja	<http://dbpedia.org/ontology/Place>	<http://ja.dbpedia.org/property/subdivisionName>	"subdivision name"@ja	<http://ja.wikipedia.org/wiki/もみじ台>	<http://wikidata.dbpedia.org/resource/Q28689009>
<http://ja.dbpedia.org/resource/もみじ台>	"もみじ台"@ja	<http://dbpedia.org/ontology/Settlement>	<http://ja.dbpedia.org/property/subdivisionName>	"subdivision name"@ja	<http://ja.wikipedia.org/wiki/もみじ台>	<http://wikidata.dbpedia.org/resource/Q28689009>
<http://ja.dbpedia.org/resource/もみじ台>	"もみじ台"@ja	<http://dbpedia.org/ontology/Location>	<http://ja.dbpedia.org/property/subdivisionName>	"subdivision name"@ja	<http://ja.wikipedia.org/wiki/もみじ台>	<http://wikidata.dbpedia.org/resource/Q28689009>
<http://ja.dbpedia.org/resource/もみじ台>	"もみじ台"@ja	<http://dbpedia.org/ontology/PopulatedPlace>	<http://ja.dbpedia.org/property/subdivisionName>	"subdivision name"@ja	<http://ja.wikipedia.org/wiki/もみじ台>	<http://wikidata.dbpedia.org/resource/Q28689009>
<http://ja.dbpedia.org/resource/上野幌>	"上野幌"@ja	<http://dbpedia.org/ontology/Place>	<http://ja.dbpedia.org/property/subdivisionName>	"subdivision name"@ja	<http://ja.wikipedia.org/wiki/上野幌>	<http://wikidata.dbpedia.org/resource/Q11360332>
<http://ja.dbpedia.org/resource/上野幌>	"上野幌"@ja	<http://dbpedia.org/ontology/Settlement>	<http://ja.dbpedia.org/property/subdivisionName>	"subdivision name"@ja	<http://ja.wikipedia.org/wiki/上野幌>	<http://wikidata.dbpedia.org/resource/Q11360332>
<http://ja.dbpedia.org/resource/上野幌>	"上野幌"@ja	<http://dbpedia.org/ontology/Location>	<http://ja.dbpedia.org/property/subdivisionName>	"subdivision name"@ja	<http://ja.wikipedia.org/wiki/上野幌>	<http://wikidata.dbpedia.org/resource/Q11360332>
<http://ja.dbpedia.org/resource/上野幌>	"上野幌"@ja	<http://dbpedia.org/ontology/PopulatedPlace>	<http://ja.dbpedia.org/property/subdivisionName>	"subdivision name"@ja	<http://ja.wikipedia.org/wiki/上野幌>	<http://wikidata.dbpedia.org/resource/Q11360332>
<http://ja.dbpedia.org/resource/厚別中央>	"厚別中央"@ja	<http://dbpedia.org/ontology/Place>	<http://ja.dbpedia.org/property/subdivisionName>	"subdivision name"@ja	<http://ja.wikipedia.org/wiki/厚別中央>	<http://wikidata.dbpedia.org/resource/Q30922080>
<http://ja.dbpedia.org/resource/厚別中央>	"厚別中央"@ja	<http://dbpedia.org/ontology/Settlement>	<http://ja.dbpedia.org/property/subdivisionName>	"subdivision name"@ja	<http://ja.wikipedia.org/wiki/厚別中央>	<http://wikidata.dbpedia.org/resource/Q30922080>
<http://ja.dbpedia.org/resource/厚別中央>	"厚別中央"@ja	<http://dbpedia.org/ontology/Location>	<http://ja.dbpedia.org/property/subdivisionName>	"subdivision name"@ja	<http://ja.wikipedia.org/wiki/厚別中央>	<http://wikidata.dbpedia.org/resource/Q30922080>
<http://ja.dbpedia.org/resource/厚別中央>	"厚別中央"@ja	<http://dbpedia.org/ontology/PopulatedPlace>	<http://ja.dbpedia.org/property/subdivisionName>	"subdivision name"@ja	<http://ja.wikipedia.org/wiki/厚別中央>	<http://wikidata.dbpedia.org/resource/Q30922080>
<http://ja.dbpedia.org/resource/厚別北>	"厚別北"@ja	<http://dbpedia.org/ontology/Location>	<http://ja.dbpedia.org/property/subdivisionName>	"subdivision name"@ja	<http://ja.wikipedia.org/wiki/厚別北>	<http://wikidata.dbpedia.org/resource/Q30935661>
<http://ja.dbpedia.org/resource/厚別北>	"厚別北"@ja	<http://dbpedia.org/ontology/PopulatedPlace>	<http://ja.dbpedia.org/property/subdivisionName>	"subdivision name"@ja	<http://ja.wikipedia.org/wiki/厚別北>	<http://wikidata.dbpedia.org/resource/Q30935661>
<http://ja.dbpedia.org/resource/厚別北>	"厚別北"@ja	<http://dbpedia.org/ontology/Settlement>	<http://ja.dbpedia.org/property/subdivisionName>	"subdivision name"@ja	<http://ja.wikipedia.org/wiki/厚別北>	<http://wikidata.dbpedia.org/resource/Q30935661>
<http://ja.dbpedia.org/resource/厚別北>	"厚別北"@ja	<http://dbpedia.org/ontology/Place>	<http://ja.dbpedia.org/property/subdivisionName>	"subdivision name"@ja	<http://ja.wikipedia.org/wiki/厚別北>	<http://wikidata.dbpedia.org/resource/Q30935661>
<http://ja.dbpedia.org/resource/厚別南>	"厚別南"@ja	<http://dbpedia.org/ontology/Place>	<http://ja.dbpedia.org/property/subdivisionName>	"subdivision name"@ja	<http://ja.wikipedia.org/wiki/厚別南>	<http://wikidata.dbpedia.org/resource/Q30935366>
<http://ja.dbpedia.org/resource/厚別南>	"厚別南"@ja	<http://dbpedia.org/ontology/Settlement>	<http://ja.dbpedia.org/property/subdivisionName>	"subdivision name"@ja	<http://ja.wikipedia.org/wiki/厚別南>	<http://wikidata.dbpedia.org/resource/Q30935366>
<http://ja.dbpedia.org/resource/厚別南>	"厚別南"@ja	<http://dbpedia.org/ontology/Location>	<http://ja.dbpedia.org/property/subdivisionName>	"subdivision name"@ja	<http://ja.wikipedia.org/wiki/厚別南>	<http://wikidata.dbpedia.org/resource/Q30935366>
<http://ja.dbpedia.org/resource/厚別南>	"厚別南"@ja	<http://dbpedia.org/ontology/PopulatedPlace>	<http://ja.dbpedia.org/property/subdivisionName>	"subdivision name"@ja	<http://ja.wikipedia.org/wiki/厚別南>	<http://wikidata.dbpedia.org/resource/Q30935366>
<http://ja.dbpedia.org/resource/厚別東>	"厚別東"@ja	<http://dbpedia.org/ontology/Location>	<http://ja.dbpedia.org/property/subdivisionName>	"subdivision name"@ja	<http://ja.wikipedia.org/wiki/厚別東>	<http://wikidata.dbpedia.org/resource/Q30935667>
<http://ja.dbpedia.org/resource/厚別東>	"厚別東"@ja	<http://dbpedia.org/ontology/PopulatedPlace>	<http://ja.dbpedia.org/property/subdivisionName>	"subdivision name"@ja	<http://ja.wikipedia.org/wiki/厚別東>	<http://wikidata.dbpedia.org/resource/Q30935667>
<http://ja.dbpedia.org/resource/厚別東>	"厚別東"@ja	<http://dbpedia.org/ontology/Settlement>	<http://ja.dbpedia.org/property/subdivisionName>	"subdivision name"@ja	<http://ja.wikipedia.org/wiki/厚別東>	<http://wikidata.dbpedia.org/resource/Q30935667>
<http://ja.dbpedia.org/resource/厚別東>	"厚別東"@ja	<http://dbpedia.org/ontology/Place>	<http://ja.dbpedia.org/property/subdivisionName>	"subdivision name"@ja	<http://ja.wikipedia.org/wiki/厚別東>	<http://wikidata.dbpedia.org/resource/Q30935667>
<http://ja.dbpedia.org/resource/厚別町下野幌>	"厚別町下野幌"@ja	<http://dbpedia.org/ontology/Location>	<http://ja.dbpedia.org/property/subdivisionName>	"subdivision name"@ja	<http://ja.wikipedia.org/wiki/厚別町下野幌>	<http://wikidata.dbpedia.org/resource/Q30935186>
<http://ja.dbpedia.org/resource/厚別町下野幌>	"厚別町下野幌"@ja	<http://dbpedia.org/ontology/PopulatedPlace>	<http://ja.dbpedia.org/property/subdivisionName>	"subdivision name"@ja	<http://ja.wikipedia.org/wiki/厚別町下野幌>	<http://wikidata.dbpedia.org/resource/Q30935186>
<http://ja.dbpedia.org/resource/厚別町下野幌>	"厚別町下野幌"@ja	<http://dbpedia.org/ontology/Settlement>	<http://ja.dbpedia.org/property/subdivisionName>	"subdivision name"@ja	<http://ja.wikipedia.org/wiki/厚別町下野幌>	<http://wikidata.dbpedia.org/resource/Q30935186>
<http://ja.dbpedia.org/resource/厚別町下野幌>	"厚別町下野幌"@ja	<http://dbpedia.org/ontology/Place>	<http://ja.dbpedia.org/property/subdivisionName>	"subdivision name"@ja	<http://ja.wikipedia.org/wiki/厚別町下野幌>	<http://wikidata.dbpedia.org/resource/Q30935186>
<http://ja.dbpedia.org/resource/厚別町小野幌>	"厚別町小野幌"@ja	<http://dbpedia.org/ontology/PopulatedPlace>	<http://ja.dbpedia.org/property/subdivisionName>	"subdivision name"@ja	<http://ja.wikipedia.org/wiki/厚別町小野幌>	<http://wikidata.dbpedia.org/resource/Q30935279>
<http://ja.dbpedia.org/resource/厚別町小野幌>	"厚別町小野幌"@ja	<http://dbpedia.org/ontology/Location>	<http://ja.dbpedia.org/property/subdivisionName>	"subdivision name"@ja	<http://ja.wikipedia.org/wiki/厚別町小野幌>	<http://wikidata.dbpedia.org/resource/Q30935279>
<http://ja.dbpedia.org/resource/厚別町小野幌>	"厚別町小野幌"@ja	<http://dbpedia.org/ontology/Place>	<http://ja.dbpedia.org/property/subdivisionName>	"subdivision name"@ja	<http://ja.wikipedia.org/wiki/厚別町小野幌>	<http://wikidata.dbpedia.org/resource/Q30935279>
<http://ja.dbpedia.org/resource/厚別町小野幌>	"厚別町小野幌"@ja	<http://dbpedia.org/ontology/Settlement>	<http://ja.dbpedia.org/property/subdivisionName>	"subdivision name"@ja	<http://ja.wikipedia.org/wiki/厚別町小野幌>	<http://wikidata.dbpedia.org/resource/Q30935279>
<http://ja.dbpedia.org/resource/厚別町山本>	"厚別町山本"@ja	<http://dbpedia.org/ontology/Place>	<http://ja.dbpedia.org/property/subdivisionName>	"subdivision name"@ja	<http://ja.wikipedia.org/wiki/厚別町山本>	<http://wikidata.dbpedia.org/resource/Q109370644>
<http://ja.dbpedia.org/resource/厚別町山本>	"厚別町山本"@ja	<http://dbpedia.org/ontology/Settlement>	<http://ja.dbpedia.org/property/subdivisionName>	"subdivision name"@ja	<http://ja.wikipedia.org/wiki/厚別町山本>	<http://wikidata.dbpedia.org/resource/Q109370644>
<http://ja.dbpedia.org/resource/厚別町山本>	"厚別町山本"@ja	<http://dbpedia.org/ontology/Location>	<http://ja.dbpedia.org/property/subdivisionName>	"subdivision name"@ja	<http://ja.wikipedia.org/wiki/厚別町山本>	<http://wikidata.dbpedia.org/resource/Q109370644>
<http://ja.dbpedia.org/resource/厚別町山本>	"厚別町山本"@ja	<http://dbpedia.org/ontology/PopulatedPlace>	<http://ja.dbpedia.org/property/subdivisionName>	"subdivision name"@ja	<http://ja.wikipedia.org/wiki/厚別町山本>	<http://wikidata.dbpedia.org/resource/Q109370644>
<http://ja.dbpedia.org/resource/厚別町旭町>	"厚別町旭町"@ja	<http://dbpedia.org/ontology/Location>	<http://ja.dbpedia.org/property/subdivisionName>	"subdivision name"@ja	<http://ja.wikipedia.org/wiki/厚別町旭町>	<http://wikidata.dbpedia.org/resource/Q109600380>
<http://ja.dbpedia.org/resource/厚別町旭町>	"厚別町旭町"@ja	<http://dbpedia.org/ontology/PopulatedPlace>	<http://ja.dbpedia.org/property/subdivisionName>	"subdivision name"@ja	<http://ja.wikipedia.org/wiki/厚別町旭町>	<http://wikidata.dbpedia.org/resource/Q109600380>
<http://ja.dbpedia.org/resource/厚別町旭町>	"厚別町旭町"@ja	<http://dbpedia.org/ontology/Settlement>	<http://ja.dbpedia.org/property/subdivisionName>	"subdivision name"@ja	<http://ja.wikipedia.org/wiki/厚別町旭町>	<http://wikidata.dbpedia.org/resource/Q109600380>
<http://ja.dbpedia.org/resource/厚別町旭町>	"厚別町旭町"@ja	<http://dbpedia.org/ontology/Place>	<http://ja.dbpedia.org/property/subdivisionName>	"subdivision name"@ja	<http://ja.wikipedia.org/wiki/厚別町旭町>	<http://wikidata.dbpedia.org/resource/Q109600380>
<http://ja.dbpedia.org/resource/厚別町東町>	"厚別町東町"@ja	<http://dbpedia.org/ontology/Location>	<http://ja.dbpedia.org/property/subdivisionName>	"subdivision name"@ja	<http://ja.wikipedia.org/wiki/厚別町東町>	<http://wikidata.dbpedia.org/resource/Q109600381>
<http://ja.dbpedia.org/resource/厚別町東町>	"厚別町東町"@ja	<http://dbpedia.org/ontology/PopulatedPlace>	<http://ja.dbpedia.org/property/subdivisionName>	"subdivision name"@ja	<http://ja.wikipedia.org/wiki/厚別町東町>	<http://wikidata.dbpedia.org/resource/Q109600381>
<http://ja.dbpedia.org/resource/厚別町東町>	"厚別町東町"@ja	<http://dbpedia.org/ontology/Settlement>	<http://ja.dbpedia.org/property/subdivisionName>	"subdivision name"@ja	<http://ja.wikipedia.org/wiki/厚別町東町>	<http://wikidata.dbpedia.org/resource/Q109600381>
<http://ja.dbpedia.org/resource/厚別町東町>	"厚別町東町"@ja	<http://dbpedia.org/ontology/Place>	<http://ja.dbpedia.org/property/subdivisionName>	"subdivision name"@ja	<http://ja.wikipedia.org/wiki/厚別町東町>	<http://wikidata.dbpedia.org/resource/Q109600381>
<http://ja.dbpedia.org/resource/厚別西>	"厚別西"@ja	<http://dbpedia.org/ontology/PopulatedPlace>	<http://ja.dbpedia.org/property/subdivisionName>	"subdivision name"@ja	<http://ja.wikipedia.org/wiki/厚別西>	<http://wikidata.dbpedia.org/resource/Q30934802>
<http://ja.dbpedia.org/resource/厚別西>	"厚別西"@ja	<http://dbpedia.org/ontology/Location>	<http://ja.dbpedia.org/property/subdivisionName>	"subdivision name"@ja	<http://ja.wikipedia.org/wiki/厚別西>	<http://wikidata.dbpedia.org/resource/Q30934802>
<http://ja.dbpedia.org/resource/厚別西>	"厚別西"@ja	<http://dbpedia.org/ontology/Place>	<http://ja.dbpedia.org/property/subdivisionName>	"subdivision name"@ja	<http://ja.wikipedia.org/wiki/厚別西>	<http://wikidata.dbpedia.org/resource/Q30934802>
<http://ja.dbpedia.org/resource/厚別西>	"厚別西"@ja	<http://dbpedia.org/ontology/Settlement>	<http://ja.dbpedia.org/property/subdivisionName>	"subdivision name"@ja	<http://ja.wikipedia.org/wiki/厚別西>	<http://wikidata.dbpedia.org/resource/Q30934802>
<http://ja.dbpedia.org/resource/大谷地>	"大谷地"@ja	<http://dbpedia.org/ontology/Location>	<http://ja.dbpedia.org/property/subdivisionName>	"subdivision name"@ja	<http://ja.wikipedia.org/wiki/大谷地>	<http://wikidata.dbpedia.org/resource/Q11439042>
<http://ja.dbpedia.org/resource/大谷地>	"大谷地"@ja	<http://dbpedia.org/ontology/PopulatedPlace>	<http://ja.dbpedia.org/property/subdivisionName>	"subdivision name"@ja	<http://ja.wikipedia.org/wiki/大谷地>	<http://wikidata.dbpedia.org/resource/Q11439042>
<http://ja.dbpedia.org/resource/大谷地>	"大谷地"@ja	<http://dbpedia.org/ontology/Settlement>	<http://ja.dbpedia.org/property/subdivisionName>	"subdivision name"@ja	<http://ja.wikipedia.org/wiki/大谷地>	<http://wikidata.dbpedia.org/resource/Q11439042>
<http://ja.dbpedia.org/resource/大谷地>	"大谷地"@ja	<http://dbpedia.org/ontology/Place>	<http://ja.dbpedia.org/property/subdivisionName>	"subdivision name"@ja	<http://ja.wikipedia.org/wiki/大谷地>	<http://wikidata.dbpedia.org/resource/Q11439042>
<http://ja.dbpedia.org/resource/札幌テクノパーク>	"札幌テクノパーク"@ja	<http://dbpedia.org/ontology/PopulatedPlace>	<http://ja.dbpedia.org/property/subdivisionName>	"subdivision name"@ja	<http://ja.wikipedia.org/wiki/札幌テクノパーク>	<http://wikidata.dbpedia.org/resource/Q17226397>
<http://ja.dbpedia.org/resource/札幌テクノパーク>	"札幌テクノパーク"@ja	<http://dbpedia.org/ontology/Location>	<http://ja.dbpedia.org/property/subdivisionName>	"subdivision name"@ja	<http://ja.wikipedia.org/wiki/札幌テクノパーク>	<http://wikidata.dbpedia.org/resource/Q17226397>
<http://ja.dbpedia.org/resource/札幌テクノパーク>	"札幌テクノパーク"@ja	<http://dbpedia.org/ontology/Settlement>	<http://ja.dbpedia.org/property/subdivisionName>	"subdivision name"@ja	<http://ja.wikipedia.org/wiki/札幌テクノパーク>	<http://wikidata.dbpedia.org/resource/Q17226397>
<http://ja.dbpedia.org/resource/札幌テクノパーク>	"札幌テクノパーク"@ja	<http://dbpedia.org/ontology/Place>	<http://ja.dbpedia.org/property/subdivisionName>	"subdivision name"@ja	<http://ja.wikipedia.org/wiki/札幌テクノパーク>	<http://wikidata.dbpedia.org/resource/Q17226397>
<http://ja.dbpedia.org/resource/青葉町_(札幌市)>	"青葉町 (札幌市)"@ja	<http://dbpedia.org/ontology/Location>	<http://ja.dbpedia.org/property/subdivisionName>	"subdivision name"@ja	<http://ja.wikipedia.org/wiki/青葉町_(札幌市)>	<http://wikidata.dbpedia.org/resource/Q30934634>
<http://ja.dbpedia.org/resource/青葉町_(札幌市)>	"青葉町 (札幌市)"@ja	<http://dbpedia.org/ontology/PopulatedPlace>	<http://ja.dbpedia.org/property/subdivisionName>	"subdivision name"@ja	<http://ja.wikipedia.org/wiki/青葉町_(札幌市)>	<http://wikidata.dbpedia.org/resource/Q30934634>
<http://ja.dbpedia.org/resource/青葉町_(札幌市)>	"青葉町 (札幌市)"@ja	<http://dbpedia.org/ontology/Settlement>	<http://ja.dbpedia.org/property/subdivisionName>	"subdivision name"@ja	<http://ja.wikipedia.org/wiki/青葉町_(札幌市)>	<http://wikidata.dbpedia.org/resource/Q30934634>
<http://ja.dbpedia.org/resource/青葉町_(札幌市)>	"青葉町 (札幌市)"@ja	<http://dbpedia.org/ontology/Place>	<http://ja.dbpedia.org/property/subdivisionName>	"subdivision name"@ja	<http://ja.wikipedia.org/wiki/青葉町_(札幌市)>	<http://wikidata.dbpedia.org/resource/Q30934634>
<http://ja.dbpedia.org/resource/釣橋_(札幌市)>	"釣橋 (札幌市)"@ja	<http://dbpedia.org/ontology/Location>	<http://ja.dbpedia.org/property/subdivisionName>	"subdivision name"@ja	<http://ja.wikipedia.org/wiki/釣橋_(札幌市)>	
<http://ja.dbpedia.org/resource/釣橋_(札幌市)>	"釣橋 (札幌市)"@ja	<http://dbpedia.org/ontology/Place>	<http://ja.dbpedia.org/property/subdivisionName>	"subdivision name"@ja	<http://ja.wikipedia.org/wiki/釣橋_(札幌市)>	
<http://ja.dbpedia.org/resource/釣橋_(札幌市)>	"釣橋 (札幌市)"@ja	<http://dbpedia.org/ontology/PopulatedPlace>	<http://ja.dbpedia.org/property/subdivisionName>	"subdivision name"@ja	<http://ja.wikipedia.org/wiki/釣橋_(札幌市)>	
<http://ja.dbpedia.org/resource/釣橋_(札幌市)>	"釣橋 (札幌市)"@ja	<http://dbpedia.org/ontology/Settlement>	<http://ja.dbpedia.org/property/subdivisionName>	"subdivision name"@ja	<http://ja.wikipedia.org/wiki/釣橋_(札幌市)>	
