?s	?sLabel	?type	?p	?pLabel	?jwiki	?wd
<http://ja.dbpedia.org/resource/北野_(札幌市)>	"北野 (札幌市)"@ja	<http://dbpedia.org/ontology/Place>	<http://ja.dbpedia.org/property/subdivisionName>	"subdivision name"@ja	<http://ja.wikipedia.org/wiki/北野_(札幌市)>	<http://wikidata.dbpedia.org/resource/Q11404255>
<http://ja.dbpedia.org/resource/北野_(札幌市)>	"北野 (札幌市)"@ja	<http://dbpedia.org/ontology/Settlement>	<http://ja.dbpedia.org/property/subdivisionName>	"subdivision name"@ja	<http://ja.wikipedia.org/wiki/北野_(札幌市)>	<http://wikidata.dbpedia.org/resource/Q11404255>
<http://ja.dbpedia.org/resource/北野_(札幌市)>	"北野 (札幌市)"@ja	<http://dbpedia.org/ontology/Location>	<http://ja.dbpedia.org/property/subdivisionName>	"subdivision name"@ja	<http://ja.wikipedia.org/wiki/北野_(札幌市)>	<http://wikidata.dbpedia.org/resource/Q11404255>
<http://ja.dbpedia.org/resource/北野_(札幌市)>	"北野 (札幌市)"@ja	<http://dbpedia.org/ontology/PopulatedPlace>	<http://ja.dbpedia.org/property/subdivisionName>	"subdivision name"@ja	<http://ja.wikipedia.org/wiki/北野_(札幌市)>	<http://wikidata.dbpedia.org/resource/Q11404255>
<http://ja.dbpedia.org/resource/平岡_(札幌市)>	"平岡 (札幌市)"@ja	<http://dbpedia.org/ontology/Place>	<http://ja.dbpedia.org/property/subdivisionName>	"subdivision name"@ja	<http://ja.wikipedia.org/wiki/平岡_(札幌市)>	<http://wikidata.dbpedia.org/resource/Q22127451>
<http://ja.dbpedia.org/resource/平岡_(札幌市)>	"平岡 (札幌市)"@ja	<http://dbpedia.org/ontology/Settlement>	<http://ja.dbpedia.org/property/subdivisionName>	"subdivision name"@ja	<http://ja.wikipedia.org/wiki/平岡_(札幌市)>	<http://wikidata.dbpedia.org/resource/Q22127451>
<http://ja.dbpedia.org/resource/平岡_(札幌市)>	"平岡 (札幌市)"@ja	<http://dbpedia.org/ontology/Location>	<http://ja.dbpedia.org/property/subdivisionName>	"subdivision name"@ja	<http://ja.wikipedia.org/wiki/平岡_(札幌市)>	<http://wikidata.dbpedia.org/resource/Q22127451>
<http://ja.dbpedia.org/resource/平岡_(札幌市)>	"平岡 (札幌市)"@ja	<http://dbpedia.org/ontology/PopulatedPlace>	<http://ja.dbpedia.org/property/subdivisionName>	"subdivision name"@ja	<http://ja.wikipedia.org/wiki/平岡_(札幌市)>	<http://wikidata.dbpedia.org/resource/Q22127451>
<http://ja.dbpedia.org/resource/平岡公園東>	"平岡公園東"@ja	<http://dbpedia.org/ontology/Place>	<http://ja.dbpedia.org/property/subdivisionName>	"subdivision name"@ja	<http://ja.wikipedia.org/wiki/平岡公園東>	<http://wikidata.dbpedia.org/resource/Q22127495>
<http://ja.dbpedia.org/resource/平岡公園東>	"平岡公園東"@ja	<http://dbpedia.org/ontology/Settlement>	<http://ja.dbpedia.org/property/subdivisionName>	"subdivision name"@ja	<http://ja.wikipedia.org/wiki/平岡公園東>	<http://wikidata.dbpedia.org/resource/Q22127495>
<http://ja.dbpedia.org/resource/平岡公園東>	"平岡公園東"@ja	<http://dbpedia.org/ontology/Location>	<http://ja.dbpedia.org/property/subdivisionName>	"subdivision name"@ja	<http://ja.wikipedia.org/wiki/平岡公園東>	<http://wikidata.dbpedia.org/resource/Q22127495>
<http://ja.dbpedia.org/resource/平岡公園東>	"平岡公園東"@ja	<http://dbpedia.org/ontology/PopulatedPlace>	<http://ja.dbpedia.org/property/subdivisionName>	"subdivision name"@ja	<http://ja.wikipedia.org/wiki/平岡公園東>	<http://wikidata.dbpedia.org/resource/Q22127495>
<http://ja.dbpedia.org/resource/有明_(札幌市)>	"有明 (札幌市)"@ja	<http://dbpedia.org/ontology/Location>	<http://ja.dbpedia.org/property/subdivisionName>	"subdivision name"@ja	<http://ja.wikipedia.org/wiki/有明_(札幌市)>	<http://wikidata.dbpedia.org/resource/Q20043018>
<http://ja.dbpedia.org/resource/有明_(札幌市)>	"有明 (札幌市)"@ja	<http://dbpedia.org/ontology/PopulatedPlace>	<http://ja.dbpedia.org/property/subdivisionName>	"subdivision name"@ja	<http://ja.wikipedia.org/wiki/有明_(札幌市)>	<http://wikidata.dbpedia.org/resource/Q20043018>
<http://ja.dbpedia.org/resource/有明_(札幌市)>	"有明 (札幌市)"@ja	<http://dbpedia.org/ontology/Settlement>	<http://ja.dbpedia.org/property/subdivisionName>	"subdivision name"@ja	<http://ja.wikipedia.org/wiki/有明_(札幌市)>	<http://wikidata.dbpedia.org/resource/Q20043018>
<http://ja.dbpedia.org/resource/有明_(札幌市)>	"有明 (札幌市)"@ja	<http://dbpedia.org/ontology/Place>	<http://ja.dbpedia.org/property/subdivisionName>	"subdivision name"@ja	<http://ja.wikipedia.org/wiki/有明_(札幌市)>	<http://wikidata.dbpedia.org/resource/Q20043018>
<http://ja.dbpedia.org/resource/滝野_(札幌市)>	"滝野 (札幌市)"@ja	<http://dbpedia.org/ontology/Place>	<http://ja.dbpedia.org/property/east>	"East"@ja	<http://ja.wikipedia.org/wiki/滝野_(札幌市)>	<http://wikidata.dbpedia.org/resource/Q24872469>
<http://ja.dbpedia.org/resource/滝野_(札幌市)>	"滝野 (札幌市)"@ja	<http://dbpedia.org/ontology/Settlement>	<http://ja.dbpedia.org/property/east>	"East"@ja	<http://ja.wikipedia.org/wiki/滝野_(札幌市)>	<http://wikidata.dbpedia.org/resource/Q24872469>
<http://ja.dbpedia.org/resource/滝野_(札幌市)>	"滝野 (札幌市)"@ja	<http://dbpedia.org/ontology/Location>	<http://ja.dbpedia.org/property/east>	"East"@ja	<http://ja.wikipedia.org/wiki/滝野_(札幌市)>	<http://wikidata.dbpedia.org/resource/Q24872469>
<http://ja.dbpedia.org/resource/滝野_(札幌市)>	"滝野 (札幌市)"@ja	<http://dbpedia.org/ontology/PopulatedPlace>	<http://ja.dbpedia.org/property/east>	"East"@ja	<http://ja.wikipedia.org/wiki/滝野_(札幌市)>	<http://wikidata.dbpedia.org/resource/Q24872469>
<http://ja.dbpedia.org/resource/真栄_(札幌市)>	"真栄 (札幌市)"@ja	<http://dbpedia.org/ontology/Location>	<http://ja.dbpedia.org/property/subdivisionName>	"subdivision name"@ja	<http://ja.wikipedia.org/wiki/真栄_(札幌市)>	<http://wikidata.dbpedia.org/resource/Q20044993>
<http://ja.dbpedia.org/resource/真栄_(札幌市)>	"真栄 (札幌市)"@ja	<http://dbpedia.org/ontology/PopulatedPlace>	<http://ja.dbpedia.org/property/subdivisionName>	"subdivision name"@ja	<http://ja.wikipedia.org/wiki/真栄_(札幌市)>	<http://wikidata.dbpedia.org/resource/Q20044993>
<http://ja.dbpedia.org/resource/真栄_(札幌市)>	"真栄 (札幌市)"@ja	<http://dbpedia.org/ontology/Settlement>	<http://ja.dbpedia.org/property/subdivisionName>	"subdivision name"@ja	<http://ja.wikipedia.org/wiki/真栄_(札幌市)>	<http://wikidata.dbpedia.org/resource/Q20044993>
<http://ja.dbpedia.org/resource/真栄_(札幌市)>	"真栄 (札幌市)"@ja	<http://dbpedia.org/ontology/Place>	<http://ja.dbpedia.org/property/subdivisionName>	"subdivision name"@ja	<http://ja.wikipedia.org/wiki/真栄_(札幌市)>	<http://wikidata.dbpedia.org/resource/Q20044993>
<http://ja.dbpedia.org/resource/美しが丘_(札幌市)>	"美しが丘 (札幌市)"@ja	<http://dbpedia.org/ontology/Location>	<http://ja.dbpedia.org/property/subdivisionName>	"subdivision name"@ja	<http://ja.wikipedia.org/wiki/美しが丘_(札幌市)>	<http://wikidata.dbpedia.org/resource/Q20043262>
<http://ja.dbpedia.org/resource/美しが丘_(札幌市)>	"美しが丘 (札幌市)"@ja	<http://dbpedia.org/ontology/PopulatedPlace>	<http://ja.dbpedia.org/property/subdivisionName>	"subdivision name"@ja	<http://ja.wikipedia.org/wiki/美しが丘_(札幌市)>	<http://wikidata.dbpedia.org/resource/Q20043262>
<http://ja.dbpedia.org/resource/美しが丘_(札幌市)>	"美しが丘 (札幌市)"@ja	<http://dbpedia.org/ontology/Settlement>	<http://ja.dbpedia.org/property/subdivisionName>	"subdivision name"@ja	<http://ja.wikipedia.org/wiki/美しが丘_(札幌市)>	<http://wikidata.dbpedia.org/resource/Q20043262>
<http://ja.dbpedia.org/resource/美しが丘_(札幌市)>	"美しが丘 (札幌市)"@ja	<http://dbpedia.org/ontology/Place>	<http://ja.dbpedia.org/property/subdivisionName>	"subdivision name"@ja	<http://ja.wikipedia.org/wiki/美しが丘_(札幌市)>	<http://wikidata.dbpedia.org/resource/Q20043262>
<http://ja.dbpedia.org/resource/西岡_(札幌市)>	"西岡 (札幌市)"@ja	<http://dbpedia.org/ontology/PopulatedPlace>	<http://ja.dbpedia.org/property/southeast>	"Southeast"@ja	<http://ja.wikipedia.org/wiki/西岡_(札幌市)>	<http://wikidata.dbpedia.org/resource/Q11627920>
<http://ja.dbpedia.org/resource/西岡_(札幌市)>	"西岡 (札幌市)"@ja	<http://dbpedia.org/ontology/Location>	<http://ja.dbpedia.org/property/southeast>	"Southeast"@ja	<http://ja.wikipedia.org/wiki/西岡_(札幌市)>	<http://wikidata.dbpedia.org/resource/Q11627920>
<http://ja.dbpedia.org/resource/西岡_(札幌市)>	"西岡 (札幌市)"@ja	<http://dbpedia.org/ontology/Place>	<http://ja.dbpedia.org/property/southeast>	"Southeast"@ja	<http://ja.wikipedia.org/wiki/西岡_(札幌市)>	<http://wikidata.dbpedia.org/resource/Q11627920>
<http://ja.dbpedia.org/resource/西岡_(札幌市)>	"西岡 (札幌市)"@ja	<http://dbpedia.org/ontology/Settlement>	<http://ja.dbpedia.org/property/southeast>	"Southeast"@ja	<http://ja.wikipedia.org/wiki/西岡_(札幌市)>	<http://wikidata.dbpedia.org/resource/Q11627920>
<http://ja.dbpedia.org/resource/里塚>	"里塚"@ja	<http://dbpedia.org/ontology/Location>	<http://ja.dbpedia.org/property/subdivisionName>	"subdivision name"@ja	<http://ja.wikipedia.org/wiki/里塚>	<http://wikidata.dbpedia.org/resource/Q20044570>
<http://ja.dbpedia.org/resource/里塚>	"里塚"@ja	<http://dbpedia.org/ontology/PopulatedPlace>	<http://ja.dbpedia.org/property/subdivisionName>	"subdivision name"@ja	<http://ja.wikipedia.org/wiki/里塚>	<http://wikidata.dbpedia.org/resource/Q20044570>
<http://ja.dbpedia.org/resource/里塚>	"里塚"@ja	<http://dbpedia.org/ontology/Settlement>	<http://ja.dbpedia.org/property/subdivisionName>	"subdivision name"@ja	<http://ja.wikipedia.org/wiki/里塚>	<http://wikidata.dbpedia.org/resource/Q20044570>
<http://ja.dbpedia.org/resource/里塚>	"里塚"@ja	<http://dbpedia.org/ontology/Place>	<http://ja.dbpedia.org/property/subdivisionName>	"subdivision name"@ja	<http://ja.wikipedia.org/wiki/里塚>	<http://wikidata.dbpedia.org/resource/Q20044570>
<http://ja.dbpedia.org/resource/清田_(札幌市)>	"清田 (札幌市)"@ja	<http://dbpedia.org/ontology/Location>	<http://ja.dbpedia.org/property/subdivisionName>	"subdivision name"@ja	<http://ja.wikipedia.org/wiki/清田_(札幌市)>	
<http://ja.dbpedia.org/resource/清田_(札幌市)>	"清田 (札幌市)"@ja	<http://dbpedia.org/ontology/Place>	<http://ja.dbpedia.org/property/subdivisionName>	"subdivision name"@ja	<http://ja.wikipedia.org/wiki/清田_(札幌市)>	
<http://ja.dbpedia.org/resource/清田_(札幌市)>	"清田 (札幌市)"@ja	<http://dbpedia.org/ontology/PopulatedPlace>	<http://ja.dbpedia.org/property/subdivisionName>	"subdivision name"@ja	<http://ja.wikipedia.org/wiki/清田_(札幌市)>	
<http://ja.dbpedia.org/resource/清田_(札幌市)>	"清田 (札幌市)"@ja	<http://dbpedia.org/ontology/Settlement>	<http://ja.dbpedia.org/property/subdivisionName>	"subdivision name"@ja	<http://ja.wikipedia.org/wiki/清田_(札幌市)>	
