?s	?sLabel	?type	?p	?pLabel	?jwiki	?wd
<http://ja.dbpedia.org/resource/三室_(さいたま市)>	"三室 (さいたま市)"@ja	<http://dbpedia.org/ontology/Place>	<http://ja.dbpedia.org/property/subdivisionName>	"subdivision name"@ja	<http://ja.wikipedia.org/wiki/三室_(さいたま市)>	<http://wikidata.dbpedia.org/resource/Q11355131>
<http://ja.dbpedia.org/resource/三室_(さいたま市)>	"三室 (さいたま市)"@ja	<http://dbpedia.org/ontology/Settlement>	<http://ja.dbpedia.org/property/subdivisionName>	"subdivision name"@ja	<http://ja.wikipedia.org/wiki/三室_(さいたま市)>	<http://wikidata.dbpedia.org/resource/Q11355131>
<http://ja.dbpedia.org/resource/三室_(さいたま市)>	"三室 (さいたま市)"@ja	<http://dbpedia.org/ontology/Location>	<http://ja.dbpedia.org/property/subdivisionName>	"subdivision name"@ja	<http://ja.wikipedia.org/wiki/三室_(さいたま市)>	<http://wikidata.dbpedia.org/resource/Q11355131>
<http://ja.dbpedia.org/resource/三室_(さいたま市)>	"三室 (さいたま市)"@ja	<http://dbpedia.org/ontology/PopulatedPlace>	<http://ja.dbpedia.org/property/subdivisionName>	"subdivision name"@ja	<http://ja.wikipedia.org/wiki/三室_(さいたま市)>	<http://wikidata.dbpedia.org/resource/Q11355131>
<http://ja.dbpedia.org/resource/上野田_(さいたま市)>	"上野田 (さいたま市)"@ja	<http://dbpedia.org/ontology/Place>	<http://ja.dbpedia.org/property/subdivisionName>	"subdivision name"@ja	<http://ja.wikipedia.org/wiki/上野田_(さいたま市)>	<http://wikidata.dbpedia.org/resource/Q17990213>
<http://ja.dbpedia.org/resource/上野田_(さいたま市)>	"上野田 (さいたま市)"@ja	<http://dbpedia.org/ontology/Settlement>	<http://ja.dbpedia.org/property/subdivisionName>	"subdivision name"@ja	<http://ja.wikipedia.org/wiki/上野田_(さいたま市)>	<http://wikidata.dbpedia.org/resource/Q17990213>
<http://ja.dbpedia.org/resource/上野田_(さいたま市)>	"上野田 (さいたま市)"@ja	<http://dbpedia.org/ontology/Location>	<http://ja.dbpedia.org/property/subdivisionName>	"subdivision name"@ja	<http://ja.wikipedia.org/wiki/上野田_(さいたま市)>	<http://wikidata.dbpedia.org/resource/Q17990213>
<http://ja.dbpedia.org/resource/上野田_(さいたま市)>	"上野田 (さいたま市)"@ja	<http://dbpedia.org/ontology/PopulatedPlace>	<http://ja.dbpedia.org/property/subdivisionName>	"subdivision name"@ja	<http://ja.wikipedia.org/wiki/上野田_(さいたま市)>	<http://wikidata.dbpedia.org/resource/Q17990213>
<http://ja.dbpedia.org/resource/下山口新田>	"下山口新田"@ja	<http://dbpedia.org/ontology/Place>	<http://ja.dbpedia.org/property/subdivisionName>	"subdivision name"@ja	<http://ja.wikipedia.org/wiki/下山口新田>	<http://wikidata.dbpedia.org/resource/Q17992907>
<http://ja.dbpedia.org/resource/下山口新田>	"下山口新田"@ja	<http://dbpedia.org/ontology/Settlement>	<http://ja.dbpedia.org/property/subdivisionName>	"subdivision name"@ja	<http://ja.wikipedia.org/wiki/下山口新田>	<http://wikidata.dbpedia.org/resource/Q17992907>
<http://ja.dbpedia.org/resource/下山口新田>	"下山口新田"@ja	<http://dbpedia.org/ontology/Location>	<http://ja.dbpedia.org/property/subdivisionName>	"subdivision name"@ja	<http://ja.wikipedia.org/wiki/下山口新田>	<http://wikidata.dbpedia.org/resource/Q17992907>
<http://ja.dbpedia.org/resource/下山口新田>	"下山口新田"@ja	<http://dbpedia.org/ontology/PopulatedPlace>	<http://ja.dbpedia.org/property/subdivisionName>	"subdivision name"@ja	<http://ja.wikipedia.org/wiki/下山口新田>	<http://wikidata.dbpedia.org/resource/Q17992907>
<http://ja.dbpedia.org/resource/下野田_(さいたま市)>	"下野田 (さいたま市)"@ja	<http://dbpedia.org/ontology/Location>	<http://ja.dbpedia.org/property/subdivisionName>	"subdivision name"@ja	<http://ja.wikipedia.org/wiki/下野田_(さいたま市)>	<http://wikidata.dbpedia.org/resource/Q17992901>
<http://ja.dbpedia.org/resource/下野田_(さいたま市)>	"下野田 (さいたま市)"@ja	<http://dbpedia.org/ontology/PopulatedPlace>	<http://ja.dbpedia.org/property/subdivisionName>	"subdivision name"@ja	<http://ja.wikipedia.org/wiki/下野田_(さいたま市)>	<http://wikidata.dbpedia.org/resource/Q17992901>
<http://ja.dbpedia.org/resource/下野田_(さいたま市)>	"下野田 (さいたま市)"@ja	<http://dbpedia.org/ontology/Settlement>	<http://ja.dbpedia.org/property/subdivisionName>	"subdivision name"@ja	<http://ja.wikipedia.org/wiki/下野田_(さいたま市)>	<http://wikidata.dbpedia.org/resource/Q17992901>
<http://ja.dbpedia.org/resource/下野田_(さいたま市)>	"下野田 (さいたま市)"@ja	<http://dbpedia.org/ontology/Place>	<http://ja.dbpedia.org/property/subdivisionName>	"subdivision name"@ja	<http://ja.wikipedia.org/wiki/下野田_(さいたま市)>	<http://wikidata.dbpedia.org/resource/Q17992901>
<http://ja.dbpedia.org/resource/中尾_(さいたま市)>	"中尾 (さいたま市)"@ja	<http://dbpedia.org/ontology/Place>	<http://ja.dbpedia.org/property/subdivisionName>	"subdivision name"@ja	<http://ja.wikipedia.org/wiki/中尾_(さいたま市)>	<http://wikidata.dbpedia.org/resource/Q21653864>
<http://ja.dbpedia.org/resource/中尾_(さいたま市)>	"中尾 (さいたま市)"@ja	<http://dbpedia.org/ontology/Settlement>	<http://ja.dbpedia.org/property/subdivisionName>	"subdivision name"@ja	<http://ja.wikipedia.org/wiki/中尾_(さいたま市)>	<http://wikidata.dbpedia.org/resource/Q21653864>
<http://ja.dbpedia.org/resource/中尾_(さいたま市)>	"中尾 (さいたま市)"@ja	<http://dbpedia.org/ontology/Location>	<http://ja.dbpedia.org/property/subdivisionName>	"subdivision name"@ja	<http://ja.wikipedia.org/wiki/中尾_(さいたま市)>	<http://wikidata.dbpedia.org/resource/Q21653864>
<http://ja.dbpedia.org/resource/中尾_(さいたま市)>	"中尾 (さいたま市)"@ja	<http://dbpedia.org/ontology/PopulatedPlace>	<http://ja.dbpedia.org/property/subdivisionName>	"subdivision name"@ja	<http://ja.wikipedia.org/wiki/中尾_(さいたま市)>	<http://wikidata.dbpedia.org/resource/Q21653864>
<http://ja.dbpedia.org/resource/中野田>	"中野田"@ja	<http://dbpedia.org/ontology/Location>	<http://ja.dbpedia.org/property/subdivisionName>	"subdivision name"@ja	<http://ja.wikipedia.org/wiki/中野田>	<http://wikidata.dbpedia.org/resource/Q21653916>
<http://ja.dbpedia.org/resource/中野田>	"中野田"@ja	<http://dbpedia.org/ontology/PopulatedPlace>	<http://ja.dbpedia.org/property/subdivisionName>	"subdivision name"@ja	<http://ja.wikipedia.org/wiki/中野田>	<http://wikidata.dbpedia.org/resource/Q21653916>
<http://ja.dbpedia.org/resource/中野田>	"中野田"@ja	<http://dbpedia.org/ontology/Settlement>	<http://ja.dbpedia.org/property/subdivisionName>	"subdivision name"@ja	<http://ja.wikipedia.org/wiki/中野田>	<http://wikidata.dbpedia.org/resource/Q21653916>
<http://ja.dbpedia.org/resource/中野田>	"中野田"@ja	<http://dbpedia.org/ontology/Place>	<http://ja.dbpedia.org/property/subdivisionName>	"subdivision name"@ja	<http://ja.wikipedia.org/wiki/中野田>	<http://wikidata.dbpedia.org/resource/Q21653916>
<http://ja.dbpedia.org/resource/代山>	"代山"@ja	<http://dbpedia.org/ontology/Location>	<http://ja.dbpedia.org/property/subdivisionName>	"subdivision name"@ja	<http://ja.wikipedia.org/wiki/代山>	<http://wikidata.dbpedia.org/resource/Q21653425>
<http://ja.dbpedia.org/resource/代山>	"代山"@ja	<http://dbpedia.org/ontology/PopulatedPlace>	<http://ja.dbpedia.org/property/subdivisionName>	"subdivision name"@ja	<http://ja.wikipedia.org/wiki/代山>	<http://wikidata.dbpedia.org/resource/Q21653425>
<http://ja.dbpedia.org/resource/代山>	"代山"@ja	<http://dbpedia.org/ontology/Settlement>	<http://ja.dbpedia.org/property/subdivisionName>	"subdivision name"@ja	<http://ja.wikipedia.org/wiki/代山>	<http://wikidata.dbpedia.org/resource/Q21653425>
<http://ja.dbpedia.org/resource/代山>	"代山"@ja	<http://dbpedia.org/ontology/Place>	<http://ja.dbpedia.org/property/subdivisionName>	"subdivision name"@ja	<http://ja.wikipedia.org/wiki/代山>	<http://wikidata.dbpedia.org/resource/Q21653425>
<http://ja.dbpedia.org/resource/前地>	"前地"@ja	<http://dbpedia.org/ontology/PopulatedPlace>	<http://ja.dbpedia.org/property/northeast>	"Northeast"@ja	<http://ja.wikipedia.org/wiki/前地>	<http://wikidata.dbpedia.org/resource/Q17221085>
<http://ja.dbpedia.org/resource/前地>	"前地"@ja	<http://dbpedia.org/ontology/Location>	<http://ja.dbpedia.org/property/northeast>	"Northeast"@ja	<http://ja.wikipedia.org/wiki/前地>	<http://wikidata.dbpedia.org/resource/Q17221085>
<http://ja.dbpedia.org/resource/前地>	"前地"@ja	<http://dbpedia.org/ontology/Place>	<http://ja.dbpedia.org/property/northeast>	"Northeast"@ja	<http://ja.wikipedia.org/wiki/前地>	<http://wikidata.dbpedia.org/resource/Q17221085>
<http://ja.dbpedia.org/resource/前地>	"前地"@ja	<http://dbpedia.org/ontology/Settlement>	<http://ja.dbpedia.org/property/northeast>	"Northeast"@ja	<http://ja.wikipedia.org/wiki/前地>	<http://wikidata.dbpedia.org/resource/Q17221085>
<http://ja.dbpedia.org/resource/北原_(さいたま市)>	"北原 (さいたま市)"@ja	<http://dbpedia.org/ontology/Place>	<http://ja.dbpedia.org/property/subdivisionName>	"subdivision name"@ja	<http://ja.wikipedia.org/wiki/北原_(さいたま市)>	<http://wikidata.dbpedia.org/resource/Q17990332>
<http://ja.dbpedia.org/resource/北原_(さいたま市)>	"北原 (さいたま市)"@ja	<http://dbpedia.org/ontology/Settlement>	<http://ja.dbpedia.org/property/subdivisionName>	"subdivision name"@ja	<http://ja.wikipedia.org/wiki/北原_(さいたま市)>	<http://wikidata.dbpedia.org/resource/Q17990332>
<http://ja.dbpedia.org/resource/北原_(さいたま市)>	"北原 (さいたま市)"@ja	<http://dbpedia.org/ontology/Location>	<http://ja.dbpedia.org/property/subdivisionName>	"subdivision name"@ja	<http://ja.wikipedia.org/wiki/北原_(さいたま市)>	<http://wikidata.dbpedia.org/resource/Q17990332>
<http://ja.dbpedia.org/resource/北原_(さいたま市)>	"北原 (さいたま市)"@ja	<http://dbpedia.org/ontology/PopulatedPlace>	<http://ja.dbpedia.org/property/subdivisionName>	"subdivision name"@ja	<http://ja.wikipedia.org/wiki/北原_(さいたま市)>	<http://wikidata.dbpedia.org/resource/Q17990332>
<http://ja.dbpedia.org/resource/南部領辻>	"南部領辻"@ja	<http://dbpedia.org/ontology/Location>	<http://ja.dbpedia.org/property/subdivisionName>	"subdivision name"@ja	<http://ja.wikipedia.org/wiki/南部領辻>	<http://wikidata.dbpedia.org/resource/Q18337646>
<http://ja.dbpedia.org/resource/南部領辻>	"南部領辻"@ja	<http://dbpedia.org/ontology/PopulatedPlace>	<http://ja.dbpedia.org/property/subdivisionName>	"subdivision name"@ja	<http://ja.wikipedia.org/wiki/南部領辻>	<http://wikidata.dbpedia.org/resource/Q18337646>
<http://ja.dbpedia.org/resource/南部領辻>	"南部領辻"@ja	<http://dbpedia.org/ontology/Settlement>	<http://ja.dbpedia.org/property/subdivisionName>	"subdivision name"@ja	<http://ja.wikipedia.org/wiki/南部領辻>	<http://wikidata.dbpedia.org/resource/Q18337646>
<http://ja.dbpedia.org/resource/南部領辻>	"南部領辻"@ja	<http://dbpedia.org/ontology/Place>	<http://ja.dbpedia.org/property/subdivisionName>	"subdivision name"@ja	<http://ja.wikipedia.org/wiki/南部領辻>	<http://wikidata.dbpedia.org/resource/Q18337646>
<http://ja.dbpedia.org/resource/原山_(さいたま市)>	"原山 (さいたま市)"@ja	<http://dbpedia.org/ontology/Location>	<http://ja.dbpedia.org/property/subdivisionName>	"subdivision name"@ja	<http://ja.wikipedia.org/wiki/原山_(さいたま市)>	<http://wikidata.dbpedia.org/resource/Q11409580>
<http://ja.dbpedia.org/resource/原山_(さいたま市)>	"原山 (さいたま市)"@ja	<http://dbpedia.org/ontology/PopulatedPlace>	<http://ja.dbpedia.org/property/subdivisionName>	"subdivision name"@ja	<http://ja.wikipedia.org/wiki/原山_(さいたま市)>	<http://wikidata.dbpedia.org/resource/Q11409580>
<http://ja.dbpedia.org/resource/原山_(さいたま市)>	"原山 (さいたま市)"@ja	<http://dbpedia.org/ontology/Settlement>	<http://ja.dbpedia.org/property/subdivisionName>	"subdivision name"@ja	<http://ja.wikipedia.org/wiki/原山_(さいたま市)>	<http://wikidata.dbpedia.org/resource/Q11409580>
<http://ja.dbpedia.org/resource/原山_(さいたま市)>	"原山 (さいたま市)"@ja	<http://dbpedia.org/ontology/Place>	<http://ja.dbpedia.org/property/subdivisionName>	"subdivision name"@ja	<http://ja.wikipedia.org/wiki/原山_(さいたま市)>	<http://wikidata.dbpedia.org/resource/Q11409580>
<http://ja.dbpedia.org/resource/大崎_(さいたま市)>	"大崎 (さいたま市)"@ja	<http://dbpedia.org/ontology/Location>	<http://ja.dbpedia.org/property/subdivisionName>	"subdivision name"@ja	<http://ja.wikipedia.org/wiki/大崎_(さいたま市)>	<http://wikidata.dbpedia.org/resource/Q17231985>
<http://ja.dbpedia.org/resource/大崎_(さいたま市)>	"大崎 (さいたま市)"@ja	<http://dbpedia.org/ontology/PopulatedPlace>	<http://ja.dbpedia.org/property/subdivisionName>	"subdivision name"@ja	<http://ja.wikipedia.org/wiki/大崎_(さいたま市)>	<http://wikidata.dbpedia.org/resource/Q17231985>
<http://ja.dbpedia.org/resource/大崎_(さいたま市)>	"大崎 (さいたま市)"@ja	<http://dbpedia.org/ontology/Settlement>	<http://ja.dbpedia.org/property/subdivisionName>	"subdivision name"@ja	<http://ja.wikipedia.org/wiki/大崎_(さいたま市)>	<http://wikidata.dbpedia.org/resource/Q17231985>
<http://ja.dbpedia.org/resource/大崎_(さいたま市)>	"大崎 (さいたま市)"@ja	<http://dbpedia.org/ontology/Place>	<http://ja.dbpedia.org/property/subdivisionName>	"subdivision name"@ja	<http://ja.wikipedia.org/wiki/大崎_(さいたま市)>	<http://wikidata.dbpedia.org/resource/Q17231985>
<http://ja.dbpedia.org/resource/大東_(さいたま市)>	"大東 (さいたま市)"@ja	<http://dbpedia.org/ontology/PopulatedPlace>	<http://ja.dbpedia.org/property/northeast>	"Northeast"@ja	<http://ja.wikipedia.org/wiki/大東_(さいたま市)>	<http://wikidata.dbpedia.org/resource/Q17224793>
<http://ja.dbpedia.org/resource/大東_(さいたま市)>	"大東 (さいたま市)"@ja	<http://dbpedia.org/ontology/Location>	<http://ja.dbpedia.org/property/northeast>	"Northeast"@ja	<http://ja.wikipedia.org/wiki/大東_(さいたま市)>	<http://wikidata.dbpedia.org/resource/Q17224793>
<http://ja.dbpedia.org/resource/大東_(さいたま市)>	"大東 (さいたま市)"@ja	<http://dbpedia.org/ontology/Place>	<http://ja.dbpedia.org/property/northeast>	"Northeast"@ja	<http://ja.wikipedia.org/wiki/大東_(さいたま市)>	<http://wikidata.dbpedia.org/resource/Q17224793>
<http://ja.dbpedia.org/resource/大東_(さいたま市)>	"大東 (さいたま市)"@ja	<http://dbpedia.org/ontology/Settlement>	<http://ja.dbpedia.org/property/northeast>	"Northeast"@ja	<http://ja.wikipedia.org/wiki/大東_(さいたま市)>	<http://wikidata.dbpedia.org/resource/Q17224793>
<http://ja.dbpedia.org/resource/大牧>	"大牧"@ja	<http://dbpedia.org/ontology/Location>	<http://ja.dbpedia.org/property/subdivisionName>	"subdivision name"@ja	<http://ja.wikipedia.org/wiki/大牧>	<http://wikidata.dbpedia.org/resource/Q20043468>
<http://ja.dbpedia.org/resource/大牧>	"大牧"@ja	<http://dbpedia.org/ontology/PopulatedPlace>	<http://ja.dbpedia.org/property/subdivisionName>	"subdivision name"@ja	<http://ja.wikipedia.org/wiki/大牧>	<http://wikidata.dbpedia.org/resource/Q20043468>
<http://ja.dbpedia.org/resource/大牧>	"大牧"@ja	<http://dbpedia.org/ontology/Settlement>	<http://ja.dbpedia.org/property/subdivisionName>	"subdivision name"@ja	<http://ja.wikipedia.org/wiki/大牧>	<http://wikidata.dbpedia.org/resource/Q20043468>
<http://ja.dbpedia.org/resource/大牧>	"大牧"@ja	<http://dbpedia.org/ontology/Place>	<http://ja.dbpedia.org/property/subdivisionName>	"subdivision name"@ja	<http://ja.wikipedia.org/wiki/大牧>	<http://wikidata.dbpedia.org/resource/Q20043468>
<http://ja.dbpedia.org/resource/大谷口_(さいたま市)>	"大谷口 (さいたま市)"@ja	<http://dbpedia.org/ontology/PopulatedPlace>	<http://ja.dbpedia.org/property/subdivisionName>	"subdivision name"@ja	<http://ja.wikipedia.org/wiki/大谷口_(さいたま市)>	<http://wikidata.dbpedia.org/resource/Q11439024>
<http://ja.dbpedia.org/resource/大谷口_(さいたま市)>	"大谷口 (さいたま市)"@ja	<http://dbpedia.org/ontology/Location>	<http://ja.dbpedia.org/property/subdivisionName>	"subdivision name"@ja	<http://ja.wikipedia.org/wiki/大谷口_(さいたま市)>	<http://wikidata.dbpedia.org/resource/Q11439024>
<http://ja.dbpedia.org/resource/大谷口_(さいたま市)>	"大谷口 (さいたま市)"@ja	<http://dbpedia.org/ontology/Settlement>	<http://ja.dbpedia.org/property/subdivisionName>	"subdivision name"@ja	<http://ja.wikipedia.org/wiki/大谷口_(さいたま市)>	<http://wikidata.dbpedia.org/resource/Q11439024>
<http://ja.dbpedia.org/resource/大谷口_(さいたま市)>	"大谷口 (さいたま市)"@ja	<http://dbpedia.org/ontology/Place>	<http://ja.dbpedia.org/property/subdivisionName>	"subdivision name"@ja	<http://ja.wikipedia.org/wiki/大谷口_(さいたま市)>	<http://wikidata.dbpedia.org/resource/Q11439024>
<http://ja.dbpedia.org/resource/大門_(さいたま市)>	"大門 (さいたま市)"@ja	<http://dbpedia.org/ontology/PopulatedPlace>	<http://ja.dbpedia.org/property/subdivisionName>	"subdivision name"@ja	<http://ja.wikipedia.org/wiki/大門_(さいたま市)>	<http://wikidata.dbpedia.org/resource/Q17996145>
<http://ja.dbpedia.org/resource/大門_(さいたま市)>	"大門 (さいたま市)"@ja	<http://dbpedia.org/ontology/Location>	<http://ja.dbpedia.org/property/subdivisionName>	"subdivision name"@ja	<http://ja.wikipedia.org/wiki/大門_(さいたま市)>	<http://wikidata.dbpedia.org/resource/Q17996145>
<http://ja.dbpedia.org/resource/大門_(さいたま市)>	"大門 (さいたま市)"@ja	<http://dbpedia.org/ontology/Place>	<http://ja.dbpedia.org/property/subdivisionName>	"subdivision name"@ja	<http://ja.wikipedia.org/wiki/大門_(さいたま市)>	<http://wikidata.dbpedia.org/resource/Q17996145>
<http://ja.dbpedia.org/resource/大門_(さいたま市)>	"大門 (さいたま市)"@ja	<http://dbpedia.org/ontology/Settlement>	<http://ja.dbpedia.org/property/subdivisionName>	"subdivision name"@ja	<http://ja.wikipedia.org/wiki/大門_(さいたま市)>	<http://wikidata.dbpedia.org/resource/Q17996145>
<http://ja.dbpedia.org/resource/大間木_(さいたま市)>	"大間木 (さいたま市)"@ja	<http://dbpedia.org/ontology/Location>	<http://ja.dbpedia.org/property/subdivisionName>	"subdivision name"@ja	<http://ja.wikipedia.org/wiki/大間木_(さいたま市)>	<http://wikidata.dbpedia.org/resource/Q20043469>
<http://ja.dbpedia.org/resource/大間木_(さいたま市)>	"大間木 (さいたま市)"@ja	<http://dbpedia.org/ontology/PopulatedPlace>	<http://ja.dbpedia.org/property/subdivisionName>	"subdivision name"@ja	<http://ja.wikipedia.org/wiki/大間木_(さいたま市)>	<http://wikidata.dbpedia.org/resource/Q20043469>
<http://ja.dbpedia.org/resource/大間木_(さいたま市)>	"大間木 (さいたま市)"@ja	<http://dbpedia.org/ontology/Settlement>	<http://ja.dbpedia.org/property/subdivisionName>	"subdivision name"@ja	<http://ja.wikipedia.org/wiki/大間木_(さいたま市)>	<http://wikidata.dbpedia.org/resource/Q20043469>
<http://ja.dbpedia.org/resource/大間木_(さいたま市)>	"大間木 (さいたま市)"@ja	<http://dbpedia.org/ontology/Place>	<http://ja.dbpedia.org/property/subdivisionName>	"subdivision name"@ja	<http://ja.wikipedia.org/wiki/大間木_(さいたま市)>	<http://wikidata.dbpedia.org/resource/Q20043469>
<http://ja.dbpedia.org/resource/太田窪>	"太田窪"@ja	<http://dbpedia.org/ontology/Place>	<http://ja.dbpedia.org/property/subdivisionName>	"subdivision name"@ja	<http://ja.wikipedia.org/wiki/太田窪>	<http://wikidata.dbpedia.org/resource/Q11444374>
<http://ja.dbpedia.org/resource/太田窪>	"太田窪"@ja	<http://dbpedia.org/ontology/Settlement>	<http://ja.dbpedia.org/property/subdivisionName>	"subdivision name"@ja	<http://ja.wikipedia.org/wiki/太田窪>	<http://wikidata.dbpedia.org/resource/Q11444374>
<http://ja.dbpedia.org/resource/太田窪>	"太田窪"@ja	<http://dbpedia.org/ontology/Location>	<http://ja.dbpedia.org/property/subdivisionName>	"subdivision name"@ja	<http://ja.wikipedia.org/wiki/太田窪>	<http://wikidata.dbpedia.org/resource/Q11444374>
<http://ja.dbpedia.org/resource/太田窪>	"太田窪"@ja	<http://dbpedia.org/ontology/PopulatedPlace>	<http://ja.dbpedia.org/property/subdivisionName>	"subdivision name"@ja	<http://ja.wikipedia.org/wiki/太田窪>	<http://wikidata.dbpedia.org/resource/Q11444374>
<http://ja.dbpedia.org/resource/宮本_(さいたま市)>	"宮本 (さいたま市)"@ja	<http://dbpedia.org/ontology/Place>	<http://ja.dbpedia.org/property/subdivisionName>	"subdivision name"@ja	<http://ja.wikipedia.org/wiki/宮本_(さいたま市)>	<http://wikidata.dbpedia.org/resource/Q17215859>
<http://ja.dbpedia.org/resource/宮本_(さいたま市)>	"宮本 (さいたま市)"@ja	<http://dbpedia.org/ontology/Settlement>	<http://ja.dbpedia.org/property/subdivisionName>	"subdivision name"@ja	<http://ja.wikipedia.org/wiki/宮本_(さいたま市)>	<http://wikidata.dbpedia.org/resource/Q17215859>
<http://ja.dbpedia.org/resource/宮本_(さいたま市)>	"宮本 (さいたま市)"@ja	<http://dbpedia.org/ontology/PopulatedPlace>	<http://ja.dbpedia.org/property/subdivisionName>	"subdivision name"@ja	<http://ja.wikipedia.org/wiki/宮本_(さいたま市)>	<http://wikidata.dbpedia.org/resource/Q17215859>
<http://ja.dbpedia.org/resource/宮本_(さいたま市)>	"宮本 (さいたま市)"@ja	<http://dbpedia.org/ontology/Location>	<http://ja.dbpedia.org/property/subdivisionName>	"subdivision name"@ja	<http://ja.wikipedia.org/wiki/宮本_(さいたま市)>	<http://wikidata.dbpedia.org/resource/Q17215859>
<http://ja.dbpedia.org/resource/寺山_(さいたま市)>	"寺山 (さいたま市)"@ja	<http://dbpedia.org/ontology/Place>	<http://ja.dbpedia.org/property/subdivisionName>	"subdivision name"@ja	<http://ja.wikipedia.org/wiki/寺山_(さいたま市)>	<http://wikidata.dbpedia.org/resource/Q21653675>
<http://ja.dbpedia.org/resource/寺山_(さいたま市)>	"寺山 (さいたま市)"@ja	<http://dbpedia.org/ontology/Settlement>	<http://ja.dbpedia.org/property/subdivisionName>	"subdivision name"@ja	<http://ja.wikipedia.org/wiki/寺山_(さいたま市)>	<http://wikidata.dbpedia.org/resource/Q21653675>
<http://ja.dbpedia.org/resource/寺山_(さいたま市)>	"寺山 (さいたま市)"@ja	<http://dbpedia.org/ontology/PopulatedPlace>	<http://ja.dbpedia.org/property/subdivisionName>	"subdivision name"@ja	<http://ja.wikipedia.org/wiki/寺山_(さいたま市)>	<http://wikidata.dbpedia.org/resource/Q21653675>
<http://ja.dbpedia.org/resource/寺山_(さいたま市)>	"寺山 (さいたま市)"@ja	<http://dbpedia.org/ontology/Location>	<http://ja.dbpedia.org/property/subdivisionName>	"subdivision name"@ja	<http://ja.wikipedia.org/wiki/寺山_(さいたま市)>	<http://wikidata.dbpedia.org/resource/Q21653675>
<http://ja.dbpedia.org/resource/山崎_(さいたま市)>	"山崎 (さいたま市)"@ja	<http://dbpedia.org/ontology/Settlement>	<http://ja.dbpedia.org/property/subdivisionName>	"subdivision name"@ja	<http://ja.wikipedia.org/wiki/山崎_(さいたま市)>	<http://wikidata.dbpedia.org/resource/Q21655038>
<http://ja.dbpedia.org/resource/山崎_(さいたま市)>	"山崎 (さいたま市)"@ja	<http://dbpedia.org/ontology/Place>	<http://ja.dbpedia.org/property/subdivisionName>	"subdivision name"@ja	<http://ja.wikipedia.org/wiki/山崎_(さいたま市)>	<http://wikidata.dbpedia.org/resource/Q21655038>
<http://ja.dbpedia.org/resource/山崎_(さいたま市)>	"山崎 (さいたま市)"@ja	<http://dbpedia.org/ontology/Location>	<http://ja.dbpedia.org/property/subdivisionName>	"subdivision name"@ja	<http://ja.wikipedia.org/wiki/山崎_(さいたま市)>	<http://wikidata.dbpedia.org/resource/Q21655038>
<http://ja.dbpedia.org/resource/山崎_(さいたま市)>	"山崎 (さいたま市)"@ja	<http://dbpedia.org/ontology/PopulatedPlace>	<http://ja.dbpedia.org/property/subdivisionName>	"subdivision name"@ja	<http://ja.wikipedia.org/wiki/山崎_(さいたま市)>	<http://wikidata.dbpedia.org/resource/Q21655038>
<http://ja.dbpedia.org/resource/東大門_(さいたま市)>	"東大門 (さいたま市)"@ja	<http://dbpedia.org/ontology/Place>	<http://ja.dbpedia.org/property/subdivisionName>	"subdivision name"@ja	<http://ja.wikipedia.org/wiki/東大門_(さいたま市)>	<http://wikidata.dbpedia.org/resource/Q21654262>
<http://ja.dbpedia.org/resource/東大門_(さいたま市)>	"東大門 (さいたま市)"@ja	<http://dbpedia.org/ontology/Settlement>	<http://ja.dbpedia.org/property/subdivisionName>	"subdivision name"@ja	<http://ja.wikipedia.org/wiki/東大門_(さいたま市)>	<http://wikidata.dbpedia.org/resource/Q21654262>
<http://ja.dbpedia.org/resource/東大門_(さいたま市)>	"東大門 (さいたま市)"@ja	<http://dbpedia.org/ontology/PopulatedPlace>	<http://ja.dbpedia.org/property/subdivisionName>	"subdivision name"@ja	<http://ja.wikipedia.org/wiki/東大門_(さいたま市)>	<http://wikidata.dbpedia.org/resource/Q21654262>
<http://ja.dbpedia.org/resource/東大門_(さいたま市)>	"東大門 (さいたま市)"@ja	<http://dbpedia.org/ontology/Location>	<http://ja.dbpedia.org/property/subdivisionName>	"subdivision name"@ja	<http://ja.wikipedia.org/wiki/東大門_(さいたま市)>	<http://wikidata.dbpedia.org/resource/Q21654262>
<http://ja.dbpedia.org/resource/東浦和>	"東浦和"@ja	<http://dbpedia.org/ontology/Settlement>	<http://ja.dbpedia.org/property/subdivisionName>	"subdivision name"@ja	<http://ja.wikipedia.org/wiki/東浦和>	<http://wikidata.dbpedia.org/resource/Q18338953>
<http://ja.dbpedia.org/resource/東浦和>	"東浦和"@ja	<http://dbpedia.org/ontology/Place>	<http://ja.dbpedia.org/property/subdivisionName>	"subdivision name"@ja	<http://ja.wikipedia.org/wiki/東浦和>	<http://wikidata.dbpedia.org/resource/Q18338953>
<http://ja.dbpedia.org/resource/東浦和>	"東浦和"@ja	<http://dbpedia.org/ontology/Location>	<http://ja.dbpedia.org/property/subdivisionName>	"subdivision name"@ja	<http://ja.wikipedia.org/wiki/東浦和>	<http://wikidata.dbpedia.org/resource/Q18338953>
<http://ja.dbpedia.org/resource/東浦和>	"東浦和"@ja	<http://dbpedia.org/ontology/PopulatedPlace>	<http://ja.dbpedia.org/property/subdivisionName>	"subdivision name"@ja	<http://ja.wikipedia.org/wiki/東浦和>	<http://wikidata.dbpedia.org/resource/Q18338953>
<http://ja.dbpedia.org/resource/松木_(さいたま市)>	"松木 (さいたま市)"@ja	<http://dbpedia.org/ontology/Place>	<http://ja.dbpedia.org/property/subdivisionName>	"subdivision name"@ja	<http://ja.wikipedia.org/wiki/松木_(さいたま市)>	<http://wikidata.dbpedia.org/resource/Q11530753>
<http://ja.dbpedia.org/resource/松木_(さいたま市)>	"松木 (さいたま市)"@ja	<http://dbpedia.org/ontology/Settlement>	<http://ja.dbpedia.org/property/subdivisionName>	"subdivision name"@ja	<http://ja.wikipedia.org/wiki/松木_(さいたま市)>	<http://wikidata.dbpedia.org/resource/Q11530753>
<http://ja.dbpedia.org/resource/松木_(さいたま市)>	"松木 (さいたま市)"@ja	<http://dbpedia.org/ontology/Location>	<http://ja.dbpedia.org/property/subdivisionName>	"subdivision name"@ja	<http://ja.wikipedia.org/wiki/松木_(さいたま市)>	<http://wikidata.dbpedia.org/resource/Q11530753>
<http://ja.dbpedia.org/resource/松木_(さいたま市)>	"松木 (さいたま市)"@ja	<http://dbpedia.org/ontology/PopulatedPlace>	<http://ja.dbpedia.org/property/subdivisionName>	"subdivision name"@ja	<http://ja.wikipedia.org/wiki/松木_(さいたま市)>	<http://wikidata.dbpedia.org/resource/Q11530753>
<http://ja.dbpedia.org/resource/玄蕃新田>	"玄蕃新田"@ja	<http://dbpedia.org/ontology/Place>	<http://ja.dbpedia.org/property/subdivisionName>	"subdivision name"@ja	<http://ja.wikipedia.org/wiki/玄蕃新田>	<http://wikidata.dbpedia.org/resource/Q17990888>
<http://ja.dbpedia.org/resource/玄蕃新田>	"玄蕃新田"@ja	<http://dbpedia.org/ontology/Settlement>	<http://ja.dbpedia.org/property/subdivisionName>	"subdivision name"@ja	<http://ja.wikipedia.org/wiki/玄蕃新田>	<http://wikidata.dbpedia.org/resource/Q17990888>
<http://ja.dbpedia.org/resource/玄蕃新田>	"玄蕃新田"@ja	<http://dbpedia.org/ontology/PopulatedPlace>	<http://ja.dbpedia.org/property/subdivisionName>	"subdivision name"@ja	<http://ja.wikipedia.org/wiki/玄蕃新田>	<http://wikidata.dbpedia.org/resource/Q17990888>
<http://ja.dbpedia.org/resource/玄蕃新田>	"玄蕃新田"@ja	<http://dbpedia.org/ontology/Location>	<http://ja.dbpedia.org/property/subdivisionName>	"subdivision name"@ja	<http://ja.wikipedia.org/wiki/玄蕃新田>	<http://wikidata.dbpedia.org/resource/Q17990888>
<http://ja.dbpedia.org/resource/美園_(さいたま市)>	"美園 (さいたま市)"@ja	<http://dbpedia.org/ontology/Place>	<http://ja.dbpedia.org/property/subdivisionName>	"subdivision name"@ja	<http://ja.wikipedia.org/wiki/美園_(さいたま市)>	<http://wikidata.dbpedia.org/resource/Q28684073>
<http://ja.dbpedia.org/resource/美園_(さいたま市)>	"美園 (さいたま市)"@ja	<http://dbpedia.org/ontology/Settlement>	<http://ja.dbpedia.org/property/subdivisionName>	"subdivision name"@ja	<http://ja.wikipedia.org/wiki/美園_(さいたま市)>	<http://wikidata.dbpedia.org/resource/Q28684073>
<http://ja.dbpedia.org/resource/美園_(さいたま市)>	"美園 (さいたま市)"@ja	<http://dbpedia.org/ontology/PopulatedPlace>	<http://ja.dbpedia.org/property/subdivisionName>	"subdivision name"@ja	<http://ja.wikipedia.org/wiki/美園_(さいたま市)>	<http://wikidata.dbpedia.org/resource/Q28684073>
<http://ja.dbpedia.org/resource/美園_(さいたま市)>	"美園 (さいたま市)"@ja	<http://dbpedia.org/ontology/Location>	<http://ja.dbpedia.org/property/subdivisionName>	"subdivision name"@ja	<http://ja.wikipedia.org/wiki/美園_(さいたま市)>	<http://wikidata.dbpedia.org/resource/Q28684073>
<http://ja.dbpedia.org/resource/芝原_(さいたま市)>	"芝原 (さいたま市)"@ja	<http://dbpedia.org/ontology/Settlement>	<http://ja.dbpedia.org/property/subdivisionName>	"subdivision name"@ja	<http://ja.wikipedia.org/wiki/芝原_(さいたま市)>	<http://wikidata.dbpedia.org/resource/Q17992787>
<http://ja.dbpedia.org/resource/芝原_(さいたま市)>	"芝原 (さいたま市)"@ja	<http://dbpedia.org/ontology/Place>	<http://ja.dbpedia.org/property/subdivisionName>	"subdivision name"@ja	<http://ja.wikipedia.org/wiki/芝原_(さいたま市)>	<http://wikidata.dbpedia.org/resource/Q17992787>
<http://ja.dbpedia.org/resource/芝原_(さいたま市)>	"芝原 (さいたま市)"@ja	<http://dbpedia.org/ontology/Location>	<http://ja.dbpedia.org/property/subdivisionName>	"subdivision name"@ja	<http://ja.wikipedia.org/wiki/芝原_(さいたま市)>	<http://wikidata.dbpedia.org/resource/Q17992787>
<http://ja.dbpedia.org/resource/芝原_(さいたま市)>	"芝原 (さいたま市)"@ja	<http://dbpedia.org/ontology/PopulatedPlace>	<http://ja.dbpedia.org/property/subdivisionName>	"subdivision name"@ja	<http://ja.wikipedia.org/wiki/芝原_(さいたま市)>	<http://wikidata.dbpedia.org/resource/Q17992787>
<http://ja.dbpedia.org/resource/蓮見新田>	"蓮見新田"@ja	<http://dbpedia.org/ontology/Place>	<http://ja.dbpedia.org/property/subdivisionName>	"subdivision name"@ja	<http://ja.wikipedia.org/wiki/蓮見新田>	<http://wikidata.dbpedia.org/resource/Q18338832>
<http://ja.dbpedia.org/resource/蓮見新田>	"蓮見新田"@ja	<http://dbpedia.org/ontology/Settlement>	<http://ja.dbpedia.org/property/subdivisionName>	"subdivision name"@ja	<http://ja.wikipedia.org/wiki/蓮見新田>	<http://wikidata.dbpedia.org/resource/Q18338832>
<http://ja.dbpedia.org/resource/蓮見新田>	"蓮見新田"@ja	<http://dbpedia.org/ontology/Location>	<http://ja.dbpedia.org/property/subdivisionName>	"subdivision name"@ja	<http://ja.wikipedia.org/wiki/蓮見新田>	<http://wikidata.dbpedia.org/resource/Q18338832>
<http://ja.dbpedia.org/resource/蓮見新田>	"蓮見新田"@ja	<http://dbpedia.org/ontology/PopulatedPlace>	<http://ja.dbpedia.org/property/subdivisionName>	"subdivision name"@ja	<http://ja.wikipedia.org/wiki/蓮見新田>	<http://wikidata.dbpedia.org/resource/Q18338832>
<http://ja.dbpedia.org/resource/見沼_(さいたま市緑区)>	"見沼 (さいたま市緑区)"@ja	<http://dbpedia.org/ontology/Location>	<http://ja.dbpedia.org/property/subdivisionName>	"subdivision name"@ja	<http://ja.wikipedia.org/wiki/見沼_(さいたま市緑区)>	<http://wikidata.dbpedia.org/resource/Q21654852>
<http://ja.dbpedia.org/resource/見沼_(さいたま市緑区)>	"見沼 (さいたま市緑区)"@ja	<http://dbpedia.org/ontology/PopulatedPlace>	<http://ja.dbpedia.org/property/subdivisionName>	"subdivision name"@ja	<http://ja.wikipedia.org/wiki/見沼_(さいたま市緑区)>	<http://wikidata.dbpedia.org/resource/Q21654852>
<http://ja.dbpedia.org/resource/見沼_(さいたま市緑区)>	"見沼 (さいたま市緑区)"@ja	<http://dbpedia.org/ontology/Settlement>	<http://ja.dbpedia.org/property/subdivisionName>	"subdivision name"@ja	<http://ja.wikipedia.org/wiki/見沼_(さいたま市緑区)>	<http://wikidata.dbpedia.org/resource/Q21654852>
<http://ja.dbpedia.org/resource/見沼_(さいたま市緑区)>	"見沼 (さいたま市緑区)"@ja	<http://dbpedia.org/ontology/Place>	<http://ja.dbpedia.org/property/subdivisionName>	"subdivision name"@ja	<http://ja.wikipedia.org/wiki/見沼_(さいたま市緑区)>	<http://wikidata.dbpedia.org/resource/Q21654852>
<http://ja.dbpedia.org/resource/道祖土>	"道祖土"@ja	<http://dbpedia.org/ontology/Place>	<http://ja.dbpedia.org/property/subdivisionName>	"subdivision name"@ja	<http://ja.wikipedia.org/wiki/道祖土>	<http://wikidata.dbpedia.org/resource/Q17223942>
<http://ja.dbpedia.org/resource/道祖土>	"道祖土"@ja	<http://dbpedia.org/ontology/Settlement>	<http://ja.dbpedia.org/property/subdivisionName>	"subdivision name"@ja	<http://ja.wikipedia.org/wiki/道祖土>	<http://wikidata.dbpedia.org/resource/Q17223942>
<http://ja.dbpedia.org/resource/道祖土>	"道祖土"@ja	<http://dbpedia.org/ontology/Location>	<http://ja.dbpedia.org/property/subdivisionName>	"subdivision name"@ja	<http://ja.wikipedia.org/wiki/道祖土>	<http://wikidata.dbpedia.org/resource/Q17223942>
<http://ja.dbpedia.org/resource/道祖土>	"道祖土"@ja	<http://dbpedia.org/ontology/PopulatedPlace>	<http://ja.dbpedia.org/property/subdivisionName>	"subdivision name"@ja	<http://ja.wikipedia.org/wiki/道祖土>	<http://wikidata.dbpedia.org/resource/Q17223942>
<http://ja.dbpedia.org/resource/都築龍太>	"都築龍太"@ja	<http://dbpedia.org/ontology/Person>	<http://ja.dbpedia.org/property/選挙区>	"選挙区"@ja	<http://ja.wikipedia.org/wiki/都築龍太>	<http://wikidata.dbpedia.org/resource/Q733503>
<http://ja.dbpedia.org/resource/都築龍太>	"都築龍太"@ja	<http://dbpedia.org/ontology/Species>	<http://ja.dbpedia.org/property/選挙区>	"選挙区"@ja	<http://ja.wikipedia.org/wiki/都築龍太>	<http://wikidata.dbpedia.org/resource/Q733503>
<http://ja.dbpedia.org/resource/都築龍太>	"都築龍太"@ja	<http://dbpedia.org/ontology/Eukaryote>	<http://ja.dbpedia.org/property/選挙区>	"選挙区"@ja	<http://ja.wikipedia.org/wiki/都築龍太>	<http://wikidata.dbpedia.org/resource/Q733503>
<http://ja.dbpedia.org/resource/都築龍太>	"都築龍太"@ja	<http://dbpedia.org/ontology/Politician>	<http://ja.dbpedia.org/property/選挙区>	"選挙区"@ja	<http://ja.wikipedia.org/wiki/都築龍太>	<http://wikidata.dbpedia.org/resource/Q733503>
<http://ja.dbpedia.org/resource/都築龍太>	"都築龍太"@ja	<http://dbpedia.org/ontology/Animal>	<http://ja.dbpedia.org/property/選挙区>	"選挙区"@ja	<http://ja.wikipedia.org/wiki/都築龍太>	<http://wikidata.dbpedia.org/resource/Q733503>
<http://ja.dbpedia.org/resource/間宮_(さいたま市)>	"間宮 (さいたま市)"@ja	<http://dbpedia.org/ontology/PopulatedPlace>	<http://ja.dbpedia.org/property/subdivisionName>	"subdivision name"@ja	<http://ja.wikipedia.org/wiki/間宮_(さいたま市)>	<http://wikidata.dbpedia.org/resource/Q17990889>
<http://ja.dbpedia.org/resource/間宮_(さいたま市)>	"間宮 (さいたま市)"@ja	<http://dbpedia.org/ontology/Location>	<http://ja.dbpedia.org/property/subdivisionName>	"subdivision name"@ja	<http://ja.wikipedia.org/wiki/間宮_(さいたま市)>	<http://wikidata.dbpedia.org/resource/Q17990889>
<http://ja.dbpedia.org/resource/間宮_(さいたま市)>	"間宮 (さいたま市)"@ja	<http://dbpedia.org/ontology/Settlement>	<http://ja.dbpedia.org/property/subdivisionName>	"subdivision name"@ja	<http://ja.wikipedia.org/wiki/間宮_(さいたま市)>	<http://wikidata.dbpedia.org/resource/Q17990889>
<http://ja.dbpedia.org/resource/間宮_(さいたま市)>	"間宮 (さいたま市)"@ja	<http://dbpedia.org/ontology/Place>	<http://ja.dbpedia.org/property/subdivisionName>	"subdivision name"@ja	<http://ja.wikipedia.org/wiki/間宮_(さいたま市)>	<http://wikidata.dbpedia.org/resource/Q17990889>
<http://ja.dbpedia.org/resource/馬場_(さいたま市)>	"馬場 (さいたま市)"@ja	<http://dbpedia.org/ontology/PopulatedPlace>	<http://ja.dbpedia.org/property/subdivisionName>	"subdivision name"@ja	<http://ja.wikipedia.org/wiki/馬場_(さいたま市)>	<http://wikidata.dbpedia.org/resource/Q11667839>
<http://ja.dbpedia.org/resource/馬場_(さいたま市)>	"馬場 (さいたま市)"@ja	<http://dbpedia.org/ontology/Location>	<http://ja.dbpedia.org/property/subdivisionName>	"subdivision name"@ja	<http://ja.wikipedia.org/wiki/馬場_(さいたま市)>	<http://wikidata.dbpedia.org/resource/Q11667839>
<http://ja.dbpedia.org/resource/馬場_(さいたま市)>	"馬場 (さいたま市)"@ja	<http://dbpedia.org/ontology/Place>	<http://ja.dbpedia.org/property/subdivisionName>	"subdivision name"@ja	<http://ja.wikipedia.org/wiki/馬場_(さいたま市)>	<http://wikidata.dbpedia.org/resource/Q11667839>
<http://ja.dbpedia.org/resource/馬場_(さいたま市)>	"馬場 (さいたま市)"@ja	<http://dbpedia.org/ontology/Settlement>	<http://ja.dbpedia.org/property/subdivisionName>	"subdivision name"@ja	<http://ja.wikipedia.org/wiki/馬場_(さいたま市)>	<http://wikidata.dbpedia.org/resource/Q11667839>
<http://ja.dbpedia.org/resource/高畑_(さいたま市)>	"高畑 (さいたま市)"@ja	<http://dbpedia.org/ontology/Location>	<http://ja.dbpedia.org/property/subdivisionName>	"subdivision name"@ja	<http://ja.wikipedia.org/wiki/高畑_(さいたま市)>	<http://wikidata.dbpedia.org/resource/Q21653472>
<http://ja.dbpedia.org/resource/高畑_(さいたま市)>	"高畑 (さいたま市)"@ja	<http://dbpedia.org/ontology/PopulatedPlace>	<http://ja.dbpedia.org/property/subdivisionName>	"subdivision name"@ja	<http://ja.wikipedia.org/wiki/高畑_(さいたま市)>	<http://wikidata.dbpedia.org/resource/Q21653472>
<http://ja.dbpedia.org/resource/高畑_(さいたま市)>	"高畑 (さいたま市)"@ja	<http://dbpedia.org/ontology/Settlement>	<http://ja.dbpedia.org/property/subdivisionName>	"subdivision name"@ja	<http://ja.wikipedia.org/wiki/高畑_(さいたま市)>	<http://wikidata.dbpedia.org/resource/Q21653472>
<http://ja.dbpedia.org/resource/高畑_(さいたま市)>	"高畑 (さいたま市)"@ja	<http://dbpedia.org/ontology/Place>	<http://ja.dbpedia.org/property/subdivisionName>	"subdivision name"@ja	<http://ja.wikipedia.org/wiki/高畑_(さいたま市)>	<http://wikidata.dbpedia.org/resource/Q21653472>
