?s	?sLabel	?type	?p	?pLabel	?jwiki	?wd
<http://ja.dbpedia.org/resource/中央_(行田市)>	"中央 (行田市)"@ja	<http://dbpedia.org/ontology/Place>	<http://ja.dbpedia.org/property/subdivisionName>	"subdivision name"@ja	<http://ja.wikipedia.org/wiki/中央_(行田市)>	<http://wikidata.dbpedia.org/resource/Q38277417>
<http://ja.dbpedia.org/resource/中央_(行田市)>	"中央 (行田市)"@ja	<http://dbpedia.org/ontology/Settlement>	<http://ja.dbpedia.org/property/subdivisionName>	"subdivision name"@ja	<http://ja.wikipedia.org/wiki/中央_(行田市)>	<http://wikidata.dbpedia.org/resource/Q38277417>
<http://ja.dbpedia.org/resource/中央_(行田市)>	"中央 (行田市)"@ja	<http://dbpedia.org/ontology/Location>	<http://ja.dbpedia.org/property/subdivisionName>	"subdivision name"@ja	<http://ja.wikipedia.org/wiki/中央_(行田市)>	<http://wikidata.dbpedia.org/resource/Q38277417>
<http://ja.dbpedia.org/resource/中央_(行田市)>	"中央 (行田市)"@ja	<http://dbpedia.org/ontology/PopulatedPlace>	<http://ja.dbpedia.org/property/subdivisionName>	"subdivision name"@ja	<http://ja.wikipedia.org/wiki/中央_(行田市)>	<http://wikidata.dbpedia.org/resource/Q38277417>
<http://ja.dbpedia.org/resource/加須市>	"加須市"@ja	<http://dbpedia.org/ontology/Place>	<http://ja.dbpedia.org/property/隣接自治体>	"隣接自治体"@ja	<http://ja.wikipedia.org/wiki/加須市>	<http://wikidata.dbpedia.org/resource/Q851680>
<http://ja.dbpedia.org/resource/加須市>	"加須市"@ja	<http://dbpedia.org/ontology/City>	<http://ja.dbpedia.org/property/隣接自治体>	"隣接自治体"@ja	<http://ja.wikipedia.org/wiki/加須市>	<http://wikidata.dbpedia.org/resource/Q851680>
<http://ja.dbpedia.org/resource/加須市>	"加須市"@ja	<http://dbpedia.org/ontology/Location>	<http://ja.dbpedia.org/property/隣接自治体>	"隣接自治体"@ja	<http://ja.wikipedia.org/wiki/加須市>	<http://wikidata.dbpedia.org/resource/Q851680>
<http://ja.dbpedia.org/resource/加須市>	"加須市"@ja	<http://dbpedia.org/ontology/PopulatedPlace>	<http://ja.dbpedia.org/property/隣接自治体>	"隣接自治体"@ja	<http://ja.wikipedia.org/wiki/加須市>	<http://wikidata.dbpedia.org/resource/Q851680>
<http://ja.dbpedia.org/resource/加須市>	"加須市"@ja	<http://dbpedia.org/ontology/Settlement>	<http://ja.dbpedia.org/property/隣接自治体>	"隣接自治体"@ja	<http://ja.wikipedia.org/wiki/加須市>	<http://wikidata.dbpedia.org/resource/Q851680>
<http://ja.dbpedia.org/resource/千代田町>	"千代田町"@ja	<http://dbpedia.org/ontology/PopulatedPlace>	<http://ja.dbpedia.org/property/隣接自治体>	"隣接自治体"@ja	<http://ja.wikipedia.org/wiki/千代田町>	<http://wikidata.dbpedia.org/resource/Q1023773>
<http://ja.dbpedia.org/resource/千代田町>	"千代田町"@ja	<http://dbpedia.org/ontology/Settlement>	<http://ja.dbpedia.org/property/隣接自治体>	"隣接自治体"@ja	<http://ja.wikipedia.org/wiki/千代田町>	<http://wikidata.dbpedia.org/resource/Q1023773>
<http://ja.dbpedia.org/resource/千代田町>	"千代田町"@ja	<http://dbpedia.org/ontology/Location>	<http://ja.dbpedia.org/property/隣接自治体>	"隣接自治体"@ja	<http://ja.wikipedia.org/wiki/千代田町>	<http://wikidata.dbpedia.org/resource/Q1023773>
<http://ja.dbpedia.org/resource/千代田町>	"千代田町"@ja	<http://dbpedia.org/ontology/Place>	<http://ja.dbpedia.org/property/隣接自治体>	"隣接自治体"@ja	<http://ja.wikipedia.org/wiki/千代田町>	<http://wikidata.dbpedia.org/resource/Q1023773>
<http://ja.dbpedia.org/resource/千代田町>	"千代田町"@ja	<http://dbpedia.org/ontology/City>	<http://ja.dbpedia.org/property/隣接自治体>	"隣接自治体"@ja	<http://ja.wikipedia.org/wiki/千代田町>	<http://wikidata.dbpedia.org/resource/Q1023773>
<http://ja.dbpedia.org/resource/埼玉県道178号北河原熊谷線>	"埼玉県道178号北河原熊谷線"@ja	<http://dbpedia.org/ontology/RouteOfTransportation>	<http://ja.dbpedia.org/property/起点>	"起点"@ja	<http://ja.wikipedia.org/wiki/埼玉県道178号北河原熊谷線>	<http://wikidata.dbpedia.org/resource/Q16145303>
<http://ja.dbpedia.org/resource/埼玉県道178号北河原熊谷線>	"埼玉県道178号北河原熊谷線"@ja	<http://dbpedia.org/ontology/Infrastructure>	<http://ja.dbpedia.org/property/起点>	"起点"@ja	<http://ja.wikipedia.org/wiki/埼玉県道178号北河原熊谷線>	<http://wikidata.dbpedia.org/resource/Q16145303>
<http://ja.dbpedia.org/resource/埼玉県道178号北河原熊谷線>	"埼玉県道178号北河原熊谷線"@ja	<http://dbpedia.org/ontology/Road>	<http://ja.dbpedia.org/property/起点>	"起点"@ja	<http://ja.wikipedia.org/wiki/埼玉県道178号北河原熊谷線>	<http://wikidata.dbpedia.org/resource/Q16145303>
<http://ja.dbpedia.org/resource/埼玉県道178号北河原熊谷線>	"埼玉県道178号北河原熊谷線"@ja	<http://dbpedia.org/ontology/ArchitecturalStructure>	<http://ja.dbpedia.org/property/起点>	"起点"@ja	<http://ja.wikipedia.org/wiki/埼玉県道178号北河原熊谷線>	<http://wikidata.dbpedia.org/resource/Q16145303>
<http://ja.dbpedia.org/resource/埼玉県道199号行田市停車場酒巻線>	"埼玉県道199号行田市停車場酒巻線"@ja	<http://dbpedia.org/ontology/Infrastructure>	<http://ja.dbpedia.org/property/起点>	"起点"@ja	<http://ja.wikipedia.org/wiki/埼玉県道199号行田市停車場酒巻線>	<http://wikidata.dbpedia.org/resource/Q11426897>
<http://ja.dbpedia.org/resource/埼玉県道199号行田市停車場酒巻線>	"埼玉県道199号行田市停車場酒巻線"@ja	<http://dbpedia.org/ontology/RouteOfTransportation>	<http://ja.dbpedia.org/property/起点>	"起点"@ja	<http://ja.wikipedia.org/wiki/埼玉県道199号行田市停車場酒巻線>	<http://wikidata.dbpedia.org/resource/Q11426897>
<http://ja.dbpedia.org/resource/埼玉県道199号行田市停車場酒巻線>	"埼玉県道199号行田市停車場酒巻線"@ja	<http://dbpedia.org/ontology/ArchitecturalStructure>	<http://ja.dbpedia.org/property/起点>	"起点"@ja	<http://ja.wikipedia.org/wiki/埼玉県道199号行田市停車場酒巻線>	<http://wikidata.dbpedia.org/resource/Q11426897>
<http://ja.dbpedia.org/resource/埼玉県道199号行田市停車場酒巻線>	"埼玉県道199号行田市停車場酒巻線"@ja	<http://dbpedia.org/ontology/Road>	<http://ja.dbpedia.org/property/起点>	"起点"@ja	<http://ja.wikipedia.org/wiki/埼玉県道199号行田市停車場酒巻線>	<http://wikidata.dbpedia.org/resource/Q11426897>
<http://ja.dbpedia.org/resource/埼玉県道66号行田東松山線>	"埼玉県道66号行田東松山線"@ja	<http://dbpedia.org/ontology/ArchitecturalStructure>	<http://ja.dbpedia.org/property/起点>	"起点"@ja	<http://ja.wikipedia.org/wiki/埼玉県道66号行田東松山線>	<http://wikidata.dbpedia.org/resource/Q11427078>
<http://ja.dbpedia.org/resource/埼玉県道66号行田東松山線>	"埼玉県道66号行田東松山線"@ja	<http://dbpedia.org/ontology/Road>	<http://ja.dbpedia.org/property/起点>	"起点"@ja	<http://ja.wikipedia.org/wiki/埼玉県道66号行田東松山線>	<http://wikidata.dbpedia.org/resource/Q11427078>
<http://ja.dbpedia.org/resource/埼玉県道66号行田東松山線>	"埼玉県道66号行田東松山線"@ja	<http://dbpedia.org/ontology/RouteOfTransportation>	<http://ja.dbpedia.org/property/起点>	"起点"@ja	<http://ja.wikipedia.org/wiki/埼玉県道66号行田東松山線>	<http://wikidata.dbpedia.org/resource/Q11427078>
<http://ja.dbpedia.org/resource/埼玉県道66号行田東松山線>	"埼玉県道66号行田東松山線"@ja	<http://dbpedia.org/ontology/Infrastructure>	<http://ja.dbpedia.org/property/起点>	"起点"@ja	<http://ja.wikipedia.org/wiki/埼玉県道66号行田東松山線>	<http://wikidata.dbpedia.org/resource/Q11427078>
<http://ja.dbpedia.org/resource/埼玉県道77号行田蓮田線>	"埼玉県道77号行田蓮田線"@ja	<http://dbpedia.org/ontology/RouteOfTransportation>	<http://ja.dbpedia.org/property/起点>	"起点"@ja	<http://ja.wikipedia.org/wiki/埼玉県道77号行田蓮田線>	<http://wikidata.dbpedia.org/resource/Q11427087>
<http://ja.dbpedia.org/resource/埼玉県道77号行田蓮田線>	"埼玉県道77号行田蓮田線"@ja	<http://dbpedia.org/ontology/Infrastructure>	<http://ja.dbpedia.org/property/起点>	"起点"@ja	<http://ja.wikipedia.org/wiki/埼玉県道77号行田蓮田線>	<http://wikidata.dbpedia.org/resource/Q11427087>
<http://ja.dbpedia.org/resource/埼玉県道77号行田蓮田線>	"埼玉県道77号行田蓮田線"@ja	<http://dbpedia.org/ontology/Road>	<http://ja.dbpedia.org/property/起点>	"起点"@ja	<http://ja.wikipedia.org/wiki/埼玉県道77号行田蓮田線>	<http://wikidata.dbpedia.org/resource/Q11427087>
<http://ja.dbpedia.org/resource/埼玉県道77号行田蓮田線>	"埼玉県道77号行田蓮田線"@ja	<http://dbpedia.org/ontology/ArchitecturalStructure>	<http://ja.dbpedia.org/property/起点>	"起点"@ja	<http://ja.wikipedia.org/wiki/埼玉県道77号行田蓮田線>	<http://wikidata.dbpedia.org/resource/Q11427087>
<http://ja.dbpedia.org/resource/宮本_(行田市)>	"宮本 (行田市)"@ja	<http://dbpedia.org/ontology/Location>	<http://ja.dbpedia.org/property/subdivisionName>	"subdivision name"@ja	<http://ja.wikipedia.org/wiki/宮本_(行田市)>	<http://wikidata.dbpedia.org/resource/Q38277422>
<http://ja.dbpedia.org/resource/宮本_(行田市)>	"宮本 (行田市)"@ja	<http://dbpedia.org/ontology/PopulatedPlace>	<http://ja.dbpedia.org/property/subdivisionName>	"subdivision name"@ja	<http://ja.wikipedia.org/wiki/宮本_(行田市)>	<http://wikidata.dbpedia.org/resource/Q38277422>
<http://ja.dbpedia.org/resource/宮本_(行田市)>	"宮本 (行田市)"@ja	<http://dbpedia.org/ontology/Settlement>	<http://ja.dbpedia.org/property/subdivisionName>	"subdivision name"@ja	<http://ja.wikipedia.org/wiki/宮本_(行田市)>	<http://wikidata.dbpedia.org/resource/Q38277422>
<http://ja.dbpedia.org/resource/宮本_(行田市)>	"宮本 (行田市)"@ja	<http://dbpedia.org/ontology/Place>	<http://ja.dbpedia.org/property/subdivisionName>	"subdivision name"@ja	<http://ja.wikipedia.org/wiki/宮本_(行田市)>	<http://wikidata.dbpedia.org/resource/Q38277422>
<http://ja.dbpedia.org/resource/斎条>	"斎条"@ja	<http://dbpedia.org/ontology/Location>	<http://ja.dbpedia.org/property/subdivisionName>	"subdivision name"@ja	<http://ja.wikipedia.org/wiki/斎条>	<http://wikidata.dbpedia.org/resource/Q38277427>
<http://ja.dbpedia.org/resource/斎条>	"斎条"@ja	<http://dbpedia.org/ontology/PopulatedPlace>	<http://ja.dbpedia.org/property/subdivisionName>	"subdivision name"@ja	<http://ja.wikipedia.org/wiki/斎条>	<http://wikidata.dbpedia.org/resource/Q38277427>
<http://ja.dbpedia.org/resource/斎条>	"斎条"@ja	<http://dbpedia.org/ontology/Settlement>	<http://ja.dbpedia.org/property/subdivisionName>	"subdivision name"@ja	<http://ja.wikipedia.org/wiki/斎条>	<http://wikidata.dbpedia.org/resource/Q38277427>
<http://ja.dbpedia.org/resource/斎条>	"斎条"@ja	<http://dbpedia.org/ontology/Place>	<http://ja.dbpedia.org/property/subdivisionName>	"subdivision name"@ja	<http://ja.wikipedia.org/wiki/斎条>	<http://wikidata.dbpedia.org/resource/Q38277427>
<http://ja.dbpedia.org/resource/旭町_(行田市)>	"旭町 (行田市)"@ja	<http://dbpedia.org/ontology/PopulatedPlace>	<http://ja.dbpedia.org/property/subdivisionName>	"subdivision name"@ja	<http://ja.wikipedia.org/wiki/旭町_(行田市)>	<http://wikidata.dbpedia.org/resource/Q38277419>
<http://ja.dbpedia.org/resource/旭町_(行田市)>	"旭町 (行田市)"@ja	<http://dbpedia.org/ontology/Location>	<http://ja.dbpedia.org/property/subdivisionName>	"subdivision name"@ja	<http://ja.wikipedia.org/wiki/旭町_(行田市)>	<http://wikidata.dbpedia.org/resource/Q38277419>
<http://ja.dbpedia.org/resource/旭町_(行田市)>	"旭町 (行田市)"@ja	<http://dbpedia.org/ontology/Place>	<http://ja.dbpedia.org/property/subdivisionName>	"subdivision name"@ja	<http://ja.wikipedia.org/wiki/旭町_(行田市)>	<http://wikidata.dbpedia.org/resource/Q38277419>
<http://ja.dbpedia.org/resource/旭町_(行田市)>	"旭町 (行田市)"@ja	<http://dbpedia.org/ontology/Settlement>	<http://ja.dbpedia.org/property/subdivisionName>	"subdivision name"@ja	<http://ja.wikipedia.org/wiki/旭町_(行田市)>	<http://wikidata.dbpedia.org/resource/Q38277419>
<http://ja.dbpedia.org/resource/明和町_(群馬県)>	"明和町 (群馬県)"@ja	<http://dbpedia.org/ontology/Place>	<http://ja.dbpedia.org/property/隣接自治体>	"隣接自治体"@ja	<http://ja.wikipedia.org/wiki/明和町_(群馬県)>	<http://wikidata.dbpedia.org/resource/Q1203274>
<http://ja.dbpedia.org/resource/明和町_(群馬県)>	"明和町 (群馬県)"@ja	<http://dbpedia.org/ontology/City>	<http://ja.dbpedia.org/property/隣接自治体>	"隣接自治体"@ja	<http://ja.wikipedia.org/wiki/明和町_(群馬県)>	<http://wikidata.dbpedia.org/resource/Q1203274>
<http://ja.dbpedia.org/resource/明和町_(群馬県)>	"明和町 (群馬県)"@ja	<http://dbpedia.org/ontology/Location>	<http://ja.dbpedia.org/property/隣接自治体>	"隣接自治体"@ja	<http://ja.wikipedia.org/wiki/明和町_(群馬県)>	<http://wikidata.dbpedia.org/resource/Q1203274>
<http://ja.dbpedia.org/resource/明和町_(群馬県)>	"明和町 (群馬県)"@ja	<http://dbpedia.org/ontology/Settlement>	<http://ja.dbpedia.org/property/隣接自治体>	"隣接自治体"@ja	<http://ja.wikipedia.org/wiki/明和町_(群馬県)>	<http://wikidata.dbpedia.org/resource/Q1203274>
<http://ja.dbpedia.org/resource/明和町_(群馬県)>	"明和町 (群馬県)"@ja	<http://dbpedia.org/ontology/PopulatedPlace>	<http://ja.dbpedia.org/property/隣接自治体>	"隣接自治体"@ja	<http://ja.wikipedia.org/wiki/明和町_(群馬県)>	<http://wikidata.dbpedia.org/resource/Q1203274>
<http://ja.dbpedia.org/resource/栄町_(行田市)>	"栄町 (行田市)"@ja	<http://dbpedia.org/ontology/Place>	<http://ja.dbpedia.org/property/subdivisionName>	"subdivision name"@ja	<http://ja.wikipedia.org/wiki/栄町_(行田市)>	<http://wikidata.dbpedia.org/resource/Q86728440>
<http://ja.dbpedia.org/resource/栄町_(行田市)>	"栄町 (行田市)"@ja	<http://dbpedia.org/ontology/Settlement>	<http://ja.dbpedia.org/property/subdivisionName>	"subdivision name"@ja	<http://ja.wikipedia.org/wiki/栄町_(行田市)>	<http://wikidata.dbpedia.org/resource/Q86728440>
<http://ja.dbpedia.org/resource/栄町_(行田市)>	"栄町 (行田市)"@ja	<http://dbpedia.org/ontology/PopulatedPlace>	<http://ja.dbpedia.org/property/subdivisionName>	"subdivision name"@ja	<http://ja.wikipedia.org/wiki/栄町_(行田市)>	<http://wikidata.dbpedia.org/resource/Q86728440>
<http://ja.dbpedia.org/resource/栄町_(行田市)>	"栄町 (行田市)"@ja	<http://dbpedia.org/ontology/Location>	<http://ja.dbpedia.org/property/subdivisionName>	"subdivision name"@ja	<http://ja.wikipedia.org/wiki/栄町_(行田市)>	<http://wikidata.dbpedia.org/resource/Q86728440>
<http://ja.dbpedia.org/resource/桜町_(行田市)>	"桜町 (行田市)"@ja	<http://dbpedia.org/ontology/Place>	<http://ja.dbpedia.org/property/subdivisionName>	"subdivision name"@ja	<http://ja.wikipedia.org/wiki/桜町_(行田市)>	<http://wikidata.dbpedia.org/resource/Q20044516>
<http://ja.dbpedia.org/resource/桜町_(行田市)>	"桜町 (行田市)"@ja	<http://dbpedia.org/ontology/Settlement>	<http://ja.dbpedia.org/property/subdivisionName>	"subdivision name"@ja	<http://ja.wikipedia.org/wiki/桜町_(行田市)>	<http://wikidata.dbpedia.org/resource/Q20044516>
<http://ja.dbpedia.org/resource/桜町_(行田市)>	"桜町 (行田市)"@ja	<http://dbpedia.org/ontology/PopulatedPlace>	<http://ja.dbpedia.org/property/subdivisionName>	"subdivision name"@ja	<http://ja.wikipedia.org/wiki/桜町_(行田市)>	<http://wikidata.dbpedia.org/resource/Q20044516>
<http://ja.dbpedia.org/resource/桜町_(行田市)>	"桜町 (行田市)"@ja	<http://dbpedia.org/ontology/Location>	<http://ja.dbpedia.org/property/subdivisionName>	"subdivision name"@ja	<http://ja.wikipedia.org/wiki/桜町_(行田市)>	<http://wikidata.dbpedia.org/resource/Q20044516>
<http://ja.dbpedia.org/resource/真名板>	"真名板"@ja	<http://dbpedia.org/ontology/Settlement>	<http://ja.dbpedia.org/property/subdivisionName>	"subdivision name"@ja	<http://ja.wikipedia.org/wiki/真名板>	<http://wikidata.dbpedia.org/resource/Q11582902>
<http://ja.dbpedia.org/resource/真名板>	"真名板"@ja	<http://dbpedia.org/ontology/Place>	<http://ja.dbpedia.org/property/subdivisionName>	"subdivision name"@ja	<http://ja.wikipedia.org/wiki/真名板>	<http://wikidata.dbpedia.org/resource/Q11582902>
<http://ja.dbpedia.org/resource/真名板>	"真名板"@ja	<http://dbpedia.org/ontology/Place>	<http://ja.dbpedia.org/property/現在の自治体>	"現在の自治体"@ja	<http://ja.wikipedia.org/wiki/真名板>	<http://wikidata.dbpedia.org/resource/Q11582902>
<http://ja.dbpedia.org/resource/真名板>	"真名板"@ja	<http://dbpedia.org/ontology/Settlement>	<http://ja.dbpedia.org/property/現在の自治体>	"現在の自治体"@ja	<http://ja.wikipedia.org/wiki/真名板>	<http://wikidata.dbpedia.org/resource/Q11582902>
<http://ja.dbpedia.org/resource/真名板>	"真名板"@ja	<http://dbpedia.org/ontology/PopulatedPlace>	<http://ja.dbpedia.org/property/subdivisionName>	"subdivision name"@ja	<http://ja.wikipedia.org/wiki/真名板>	<http://wikidata.dbpedia.org/resource/Q11582902>
<http://ja.dbpedia.org/resource/真名板>	"真名板"@ja	<http://dbpedia.org/ontology/PopulatedPlace>	<http://ja.dbpedia.org/property/現在の自治体>	"現在の自治体"@ja	<http://ja.wikipedia.org/wiki/真名板>	<http://wikidata.dbpedia.org/resource/Q11582902>
<http://ja.dbpedia.org/resource/真名板>	"真名板"@ja	<http://dbpedia.org/ontology/Location>	<http://ja.dbpedia.org/property/subdivisionName>	"subdivision name"@ja	<http://ja.wikipedia.org/wiki/真名板>	<http://wikidata.dbpedia.org/resource/Q11582902>
<http://ja.dbpedia.org/resource/真名板>	"真名板"@ja	<http://dbpedia.org/ontology/Location>	<http://ja.dbpedia.org/property/現在の自治体>	"現在の自治体"@ja	<http://ja.wikipedia.org/wiki/真名板>	<http://wikidata.dbpedia.org/resource/Q11582902>
<http://ja.dbpedia.org/resource/羽生市>	"羽生市"@ja	<http://dbpedia.org/ontology/Place>	<http://ja.dbpedia.org/property/隣接自治体>	"隣接自治体"@ja	<http://ja.wikipedia.org/wiki/羽生市>	<http://wikidata.dbpedia.org/resource/Q847565>
<http://ja.dbpedia.org/resource/羽生市>	"羽生市"@ja	<http://dbpedia.org/ontology/City>	<http://ja.dbpedia.org/property/隣接自治体>	"隣接自治体"@ja	<http://ja.wikipedia.org/wiki/羽生市>	<http://wikidata.dbpedia.org/resource/Q847565>
<http://ja.dbpedia.org/resource/羽生市>	"羽生市"@ja	<http://dbpedia.org/ontology/Location>	<http://ja.dbpedia.org/property/隣接自治体>	"隣接自治体"@ja	<http://ja.wikipedia.org/wiki/羽生市>	<http://wikidata.dbpedia.org/resource/Q847565>
<http://ja.dbpedia.org/resource/羽生市>	"羽生市"@ja	<http://dbpedia.org/ontology/PopulatedPlace>	<http://ja.dbpedia.org/property/隣接自治体>	"隣接自治体"@ja	<http://ja.wikipedia.org/wiki/羽生市>	<http://wikidata.dbpedia.org/resource/Q847565>
<http://ja.dbpedia.org/resource/羽生市>	"羽生市"@ja	<http://dbpedia.org/ontology/Settlement>	<http://ja.dbpedia.org/property/隣接自治体>	"隣接自治体"@ja	<http://ja.wikipedia.org/wiki/羽生市>	<http://wikidata.dbpedia.org/resource/Q847565>
<http://ja.dbpedia.org/resource/藤間_(行田市)>	"藤間 (行田市)"@ja	<http://dbpedia.org/ontology/Location>	<http://ja.dbpedia.org/property/subdivisionName>	"subdivision name"@ja	<http://ja.wikipedia.org/wiki/藤間_(行田市)>	<http://wikidata.dbpedia.org/resource/Q11625046>
<http://ja.dbpedia.org/resource/藤間_(行田市)>	"藤間 (行田市)"@ja	<http://dbpedia.org/ontology/Location>	<http://ja.dbpedia.org/property/現在の自治体>	"現在の自治体"@ja	<http://ja.wikipedia.org/wiki/藤間_(行田市)>	<http://wikidata.dbpedia.org/resource/Q11625046>
<http://ja.dbpedia.org/resource/藤間_(行田市)>	"藤間 (行田市)"@ja	<http://dbpedia.org/ontology/PopulatedPlace>	<http://ja.dbpedia.org/property/現在の自治体>	"現在の自治体"@ja	<http://ja.wikipedia.org/wiki/藤間_(行田市)>	<http://wikidata.dbpedia.org/resource/Q11625046>
<http://ja.dbpedia.org/resource/藤間_(行田市)>	"藤間 (行田市)"@ja	<http://dbpedia.org/ontology/PopulatedPlace>	<http://ja.dbpedia.org/property/subdivisionName>	"subdivision name"@ja	<http://ja.wikipedia.org/wiki/藤間_(行田市)>	<http://wikidata.dbpedia.org/resource/Q11625046>
<http://ja.dbpedia.org/resource/藤間_(行田市)>	"藤間 (行田市)"@ja	<http://dbpedia.org/ontology/Settlement>	<http://ja.dbpedia.org/property/現在の自治体>	"現在の自治体"@ja	<http://ja.wikipedia.org/wiki/藤間_(行田市)>	<http://wikidata.dbpedia.org/resource/Q11625046>
<http://ja.dbpedia.org/resource/藤間_(行田市)>	"藤間 (行田市)"@ja	<http://dbpedia.org/ontology/Settlement>	<http://ja.dbpedia.org/property/subdivisionName>	"subdivision name"@ja	<http://ja.wikipedia.org/wiki/藤間_(行田市)>	<http://wikidata.dbpedia.org/resource/Q11625046>
<http://ja.dbpedia.org/resource/藤間_(行田市)>	"藤間 (行田市)"@ja	<http://dbpedia.org/ontology/Place>	<http://ja.dbpedia.org/property/subdivisionName>	"subdivision name"@ja	<http://ja.wikipedia.org/wiki/藤間_(行田市)>	<http://wikidata.dbpedia.org/resource/Q11625046>
<http://ja.dbpedia.org/resource/藤間_(行田市)>	"藤間 (行田市)"@ja	<http://dbpedia.org/ontology/Place>	<http://ja.dbpedia.org/property/現在の自治体>	"現在の自治体"@ja	<http://ja.wikipedia.org/wiki/藤間_(行田市)>	<http://wikidata.dbpedia.org/resource/Q11625046>
<http://ja.dbpedia.org/resource/谷郷>	"谷郷"@ja	<http://dbpedia.org/ontology/PopulatedPlace>	<http://ja.dbpedia.org/property/subdivisionName>	"subdivision name"@ja	<http://ja.wikipedia.org/wiki/谷郷>	<http://wikidata.dbpedia.org/resource/Q28688121>
<http://ja.dbpedia.org/resource/谷郷>	"谷郷"@ja	<http://dbpedia.org/ontology/Location>	<http://ja.dbpedia.org/property/subdivisionName>	"subdivision name"@ja	<http://ja.wikipedia.org/wiki/谷郷>	<http://wikidata.dbpedia.org/resource/Q28688121>
<http://ja.dbpedia.org/resource/谷郷>	"谷郷"@ja	<http://dbpedia.org/ontology/Settlement>	<http://ja.dbpedia.org/property/subdivisionName>	"subdivision name"@ja	<http://ja.wikipedia.org/wiki/谷郷>	<http://wikidata.dbpedia.org/resource/Q28688121>
<http://ja.dbpedia.org/resource/谷郷>	"谷郷"@ja	<http://dbpedia.org/ontology/Place>	<http://ja.dbpedia.org/property/subdivisionName>	"subdivision name"@ja	<http://ja.wikipedia.org/wiki/谷郷>	<http://wikidata.dbpedia.org/resource/Q28688121>
<http://ja.dbpedia.org/resource/関根_(行田市)>	"関根 (行田市)"@ja	<http://dbpedia.org/ontology/Location>	<http://ja.dbpedia.org/property/現在の自治体>	"現在の自治体"@ja	<http://ja.wikipedia.org/wiki/関根_(行田市)>	<http://wikidata.dbpedia.org/resource/Q11656037>
<http://ja.dbpedia.org/resource/関根_(行田市)>	"関根 (行田市)"@ja	<http://dbpedia.org/ontology/PopulatedPlace>	<http://ja.dbpedia.org/property/現在の自治体>	"現在の自治体"@ja	<http://ja.wikipedia.org/wiki/関根_(行田市)>	<http://wikidata.dbpedia.org/resource/Q11656037>
<http://ja.dbpedia.org/resource/関根_(行田市)>	"関根 (行田市)"@ja	<http://dbpedia.org/ontology/PopulatedPlace>	<http://ja.dbpedia.org/property/subdivisionName>	"subdivision name"@ja	<http://ja.wikipedia.org/wiki/関根_(行田市)>	<http://wikidata.dbpedia.org/resource/Q11656037>
<http://ja.dbpedia.org/resource/関根_(行田市)>	"関根 (行田市)"@ja	<http://dbpedia.org/ontology/Location>	<http://ja.dbpedia.org/property/subdivisionName>	"subdivision name"@ja	<http://ja.wikipedia.org/wiki/関根_(行田市)>	<http://wikidata.dbpedia.org/resource/Q11656037>
<http://ja.dbpedia.org/resource/関根_(行田市)>	"関根 (行田市)"@ja	<http://dbpedia.org/ontology/Place>	<http://ja.dbpedia.org/property/現在の自治体>	"現在の自治体"@ja	<http://ja.wikipedia.org/wiki/関根_(行田市)>	<http://wikidata.dbpedia.org/resource/Q11656037>
<http://ja.dbpedia.org/resource/関根_(行田市)>	"関根 (行田市)"@ja	<http://dbpedia.org/ontology/Place>	<http://ja.dbpedia.org/property/subdivisionName>	"subdivision name"@ja	<http://ja.wikipedia.org/wiki/関根_(行田市)>	<http://wikidata.dbpedia.org/resource/Q11656037>
<http://ja.dbpedia.org/resource/関根_(行田市)>	"関根 (行田市)"@ja	<http://dbpedia.org/ontology/Settlement>	<http://ja.dbpedia.org/property/現在の自治体>	"現在の自治体"@ja	<http://ja.wikipedia.org/wiki/関根_(行田市)>	<http://wikidata.dbpedia.org/resource/Q11656037>
<http://ja.dbpedia.org/resource/関根_(行田市)>	"関根 (行田市)"@ja	<http://dbpedia.org/ontology/Settlement>	<http://ja.dbpedia.org/property/subdivisionName>	"subdivision name"@ja	<http://ja.wikipedia.org/wiki/関根_(行田市)>	<http://wikidata.dbpedia.org/resource/Q11656037>
<http://ja.dbpedia.org/resource/駒形_(行田市)>	"駒形 (行田市)"@ja	<http://dbpedia.org/ontology/PopulatedPlace>	<http://ja.dbpedia.org/property/subdivisionName>	"subdivision name"@ja	<http://ja.wikipedia.org/wiki/駒形_(行田市)>	<http://wikidata.dbpedia.org/resource/Q20044382>
<http://ja.dbpedia.org/resource/駒形_(行田市)>	"駒形 (行田市)"@ja	<http://dbpedia.org/ontology/Location>	<http://ja.dbpedia.org/property/subdivisionName>	"subdivision name"@ja	<http://ja.wikipedia.org/wiki/駒形_(行田市)>	<http://wikidata.dbpedia.org/resource/Q20044382>
<http://ja.dbpedia.org/resource/駒形_(行田市)>	"駒形 (行田市)"@ja	<http://dbpedia.org/ontology/Settlement>	<http://ja.dbpedia.org/property/subdivisionName>	"subdivision name"@ja	<http://ja.wikipedia.org/wiki/駒形_(行田市)>	<http://wikidata.dbpedia.org/resource/Q20044382>
<http://ja.dbpedia.org/resource/駒形_(行田市)>	"駒形 (行田市)"@ja	<http://dbpedia.org/ontology/Place>	<http://ja.dbpedia.org/property/subdivisionName>	"subdivision name"@ja	<http://ja.wikipedia.org/wiki/駒形_(行田市)>	<http://wikidata.dbpedia.org/resource/Q20044382>
