?s	?sLabel	?type	?p	?pLabel	?jwiki	?wd
<http://ja.dbpedia.org/resource/伊勢崎市>	"伊勢崎市"@ja	<http://dbpedia.org/ontology/Place>	<http://ja.dbpedia.org/property/隣接自治体>	"隣接自治体"@ja	<http://ja.wikipedia.org/wiki/伊勢崎市>	<http://wikidata.dbpedia.org/resource/Q328596>
<http://ja.dbpedia.org/resource/伊勢崎市>	"伊勢崎市"@ja	<http://dbpedia.org/ontology/City>	<http://ja.dbpedia.org/property/隣接自治体>	"隣接自治体"@ja	<http://ja.wikipedia.org/wiki/伊勢崎市>	<http://wikidata.dbpedia.org/resource/Q328596>
<http://ja.dbpedia.org/resource/伊勢崎市>	"伊勢崎市"@ja	<http://dbpedia.org/ontology/Location>	<http://ja.dbpedia.org/property/隣接自治体>	"隣接自治体"@ja	<http://ja.wikipedia.org/wiki/伊勢崎市>	<http://wikidata.dbpedia.org/resource/Q328596>
<http://ja.dbpedia.org/resource/伊勢崎市>	"伊勢崎市"@ja	<http://dbpedia.org/ontology/Settlement>	<http://ja.dbpedia.org/property/隣接自治体>	"隣接自治体"@ja	<http://ja.wikipedia.org/wiki/伊勢崎市>	<http://wikidata.dbpedia.org/resource/Q328596>
<http://ja.dbpedia.org/resource/伊勢崎市>	"伊勢崎市"@ja	<http://dbpedia.org/ontology/PopulatedPlace>	<http://ja.dbpedia.org/property/隣接自治体>	"隣接自治体"@ja	<http://ja.wikipedia.org/wiki/伊勢崎市>	<http://wikidata.dbpedia.org/resource/Q328596>
<http://ja.dbpedia.org/resource/埼玉県道127号深谷飯塚線>	"埼玉県道127号深谷飯塚線"@ja	<http://dbpedia.org/ontology/ArchitecturalStructure>	<http://ja.dbpedia.org/property/起点>	"起点"@ja	<http://ja.wikipedia.org/wiki/埼玉県道127号深谷飯塚線>	<http://wikidata.dbpedia.org/resource/Q11426833>
<http://ja.dbpedia.org/resource/埼玉県道127号深谷飯塚線>	"埼玉県道127号深谷飯塚線"@ja	<http://dbpedia.org/ontology/Road>	<http://ja.dbpedia.org/property/起点>	"起点"@ja	<http://ja.wikipedia.org/wiki/埼玉県道127号深谷飯塚線>	<http://wikidata.dbpedia.org/resource/Q11426833>
<http://ja.dbpedia.org/resource/埼玉県道127号深谷飯塚線>	"埼玉県道127号深谷飯塚線"@ja	<http://dbpedia.org/ontology/Infrastructure>	<http://ja.dbpedia.org/property/起点>	"起点"@ja	<http://ja.wikipedia.org/wiki/埼玉県道127号深谷飯塚線>	<http://wikidata.dbpedia.org/resource/Q11426833>
<http://ja.dbpedia.org/resource/埼玉県道127号深谷飯塚線>	"埼玉県道127号深谷飯塚線"@ja	<http://dbpedia.org/ontology/RouteOfTransportation>	<http://ja.dbpedia.org/property/起点>	"起点"@ja	<http://ja.wikipedia.org/wiki/埼玉県道127号深谷飯塚線>	<http://wikidata.dbpedia.org/resource/Q11426833>
<http://ja.dbpedia.org/resource/埼玉県道130号小江川本田線>	"埼玉県道130号小江川本田線"@ja	<http://dbpedia.org/ontology/Infrastructure>	<http://ja.dbpedia.org/property/終点>	"終点"@ja	<http://ja.wikipedia.org/wiki/埼玉県道130号小江川本田線>	<http://wikidata.dbpedia.org/resource/Q11426838>
<http://ja.dbpedia.org/resource/埼玉県道130号小江川本田線>	"埼玉県道130号小江川本田線"@ja	<http://dbpedia.org/ontology/RouteOfTransportation>	<http://ja.dbpedia.org/property/終点>	"終点"@ja	<http://ja.wikipedia.org/wiki/埼玉県道130号小江川本田線>	<http://wikidata.dbpedia.org/resource/Q11426838>
<http://ja.dbpedia.org/resource/埼玉県道130号小江川本田線>	"埼玉県道130号小江川本田線"@ja	<http://dbpedia.org/ontology/Road>	<http://ja.dbpedia.org/property/終点>	"終点"@ja	<http://ja.wikipedia.org/wiki/埼玉県道130号小江川本田線>	<http://wikidata.dbpedia.org/resource/Q11426838>
<http://ja.dbpedia.org/resource/埼玉県道130号小江川本田線>	"埼玉県道130号小江川本田線"@ja	<http://dbpedia.org/ontology/ArchitecturalStructure>	<http://ja.dbpedia.org/property/終点>	"終点"@ja	<http://ja.wikipedia.org/wiki/埼玉県道130号小江川本田線>	<http://wikidata.dbpedia.org/resource/Q11426838>
<http://ja.dbpedia.org/resource/埼玉県道184号本田小川線>	"埼玉県道184号本田小川線"@ja	<http://dbpedia.org/ontology/ArchitecturalStructure>	<http://ja.dbpedia.org/property/起点>	"起点"@ja	<http://ja.wikipedia.org/wiki/埼玉県道184号本田小川線>	<http://wikidata.dbpedia.org/resource/Q11426885>
<http://ja.dbpedia.org/resource/埼玉県道184号本田小川線>	"埼玉県道184号本田小川線"@ja	<http://dbpedia.org/ontology/Road>	<http://ja.dbpedia.org/property/起点>	"起点"@ja	<http://ja.wikipedia.org/wiki/埼玉県道184号本田小川線>	<http://wikidata.dbpedia.org/resource/Q11426885>
<http://ja.dbpedia.org/resource/埼玉県道184号本田小川線>	"埼玉県道184号本田小川線"@ja	<http://dbpedia.org/ontology/Infrastructure>	<http://ja.dbpedia.org/property/起点>	"起点"@ja	<http://ja.wikipedia.org/wiki/埼玉県道184号本田小川線>	<http://wikidata.dbpedia.org/resource/Q11426885>
<http://ja.dbpedia.org/resource/埼玉県道184号本田小川線>	"埼玉県道184号本田小川線"@ja	<http://dbpedia.org/ontology/RouteOfTransportation>	<http://ja.dbpedia.org/property/起点>	"起点"@ja	<http://ja.wikipedia.org/wiki/埼玉県道184号本田小川線>	<http://wikidata.dbpedia.org/resource/Q11426885>
<http://ja.dbpedia.org/resource/埼玉県道31号本庄寄居線>	"埼玉県道31号本庄寄居線"@ja	<http://dbpedia.org/ontology/Road>	<http://ja.dbpedia.org/property/主な経由都市>	"主な経由都市"@ja	<http://ja.wikipedia.org/wiki/埼玉県道31号本庄寄居線>	<http://wikidata.dbpedia.org/resource/Q11426977>
<http://ja.dbpedia.org/resource/埼玉県道31号本庄寄居線>	"埼玉県道31号本庄寄居線"@ja	<http://dbpedia.org/ontology/ArchitecturalStructure>	<http://ja.dbpedia.org/property/主な経由都市>	"主な経由都市"@ja	<http://ja.wikipedia.org/wiki/埼玉県道31号本庄寄居線>	<http://wikidata.dbpedia.org/resource/Q11426977>
<http://ja.dbpedia.org/resource/埼玉県道31号本庄寄居線>	"埼玉県道31号本庄寄居線"@ja	<http://dbpedia.org/ontology/RouteOfTransportation>	<http://ja.dbpedia.org/property/主な経由都市>	"主な経由都市"@ja	<http://ja.wikipedia.org/wiki/埼玉県道31号本庄寄居線>	<http://wikidata.dbpedia.org/resource/Q11426977>
<http://ja.dbpedia.org/resource/埼玉県道31号本庄寄居線>	"埼玉県道31号本庄寄居線"@ja	<http://dbpedia.org/ontology/Infrastructure>	<http://ja.dbpedia.org/property/主な経由都市>	"主な経由都市"@ja	<http://ja.wikipedia.org/wiki/埼玉県道31号本庄寄居線>	<http://wikidata.dbpedia.org/resource/Q11426977>
<http://ja.dbpedia.org/resource/埼玉県道353号針ケ谷岡線>	"埼玉県道353号針ケ谷岡線"@ja	<http://dbpedia.org/ontology/Infrastructure>	<http://ja.dbpedia.org/property/起点>	"起点"@ja	<http://ja.wikipedia.org/wiki/埼玉県道353号針ケ谷岡線>	<http://wikidata.dbpedia.org/resource/Q11427006>
<http://ja.dbpedia.org/resource/埼玉県道353号針ケ谷岡線>	"埼玉県道353号針ケ谷岡線"@ja	<http://dbpedia.org/ontology/RouteOfTransportation>	<http://ja.dbpedia.org/property/起点>	"起点"@ja	<http://ja.wikipedia.org/wiki/埼玉県道353号針ケ谷岡線>	<http://wikidata.dbpedia.org/resource/Q11427006>
<http://ja.dbpedia.org/resource/埼玉県道353号針ケ谷岡線>	"埼玉県道353号針ケ谷岡線"@ja	<http://dbpedia.org/ontology/Road>	<http://ja.dbpedia.org/property/起点>	"起点"@ja	<http://ja.wikipedia.org/wiki/埼玉県道353号針ケ谷岡線>	<http://wikidata.dbpedia.org/resource/Q11427006>
<http://ja.dbpedia.org/resource/埼玉県道353号針ケ谷岡線>	"埼玉県道353号針ケ谷岡線"@ja	<http://dbpedia.org/ontology/ArchitecturalStructure>	<http://ja.dbpedia.org/property/起点>	"起点"@ja	<http://ja.wikipedia.org/wiki/埼玉県道353号針ケ谷岡線>	<http://wikidata.dbpedia.org/resource/Q11427006>
<http://ja.dbpedia.org/resource/埼玉県道355号中瀬普済寺線>	"埼玉県道355号中瀬普済寺線"@ja	<http://dbpedia.org/ontology/ArchitecturalStructure>	<http://ja.dbpedia.org/property/起点>	"起点"@ja	<http://ja.wikipedia.org/wiki/埼玉県道355号中瀬普済寺線>	<http://wikidata.dbpedia.org/resource/Q11427007>
<http://ja.dbpedia.org/resource/埼玉県道355号中瀬普済寺線>	"埼玉県道355号中瀬普済寺線"@ja	<http://dbpedia.org/ontology/Road>	<http://ja.dbpedia.org/property/起点>	"起点"@ja	<http://ja.wikipedia.org/wiki/埼玉県道355号中瀬普済寺線>	<http://wikidata.dbpedia.org/resource/Q11427007>
<http://ja.dbpedia.org/resource/埼玉県道355号中瀬普済寺線>	"埼玉県道355号中瀬普済寺線"@ja	<http://dbpedia.org/ontology/Infrastructure>	<http://ja.dbpedia.org/property/起点>	"起点"@ja	<http://ja.wikipedia.org/wiki/埼玉県道355号中瀬普済寺線>	<http://wikidata.dbpedia.org/resource/Q11427007>
<http://ja.dbpedia.org/resource/埼玉県道355号中瀬普済寺線>	"埼玉県道355号中瀬普済寺線"@ja	<http://dbpedia.org/ontology/RouteOfTransportation>	<http://ja.dbpedia.org/property/起点>	"起点"@ja	<http://ja.wikipedia.org/wiki/埼玉県道355号中瀬普済寺線>	<http://wikidata.dbpedia.org/resource/Q11427007>
<http://ja.dbpedia.org/resource/埼玉県道356号成塚中瀬線>	"埼玉県道356号成塚中瀬線"@ja	<http://dbpedia.org/ontology/Road>	<http://ja.dbpedia.org/property/起点>	"起点"@ja	<http://ja.wikipedia.org/wiki/埼玉県道356号成塚中瀬線>	<http://wikidata.dbpedia.org/resource/Q11427008>
<http://ja.dbpedia.org/resource/埼玉県道356号成塚中瀬線>	"埼玉県道356号成塚中瀬線"@ja	<http://dbpedia.org/ontology/ArchitecturalStructure>	<http://ja.dbpedia.org/property/起点>	"起点"@ja	<http://ja.wikipedia.org/wiki/埼玉県道356号成塚中瀬線>	<http://wikidata.dbpedia.org/resource/Q11427008>
<http://ja.dbpedia.org/resource/埼玉県道356号成塚中瀬線>	"埼玉県道356号成塚中瀬線"@ja	<http://dbpedia.org/ontology/RouteOfTransportation>	<http://ja.dbpedia.org/property/起点>	"起点"@ja	<http://ja.wikipedia.org/wiki/埼玉県道356号成塚中瀬線>	<http://wikidata.dbpedia.org/resource/Q11427008>
<http://ja.dbpedia.org/resource/埼玉県道356号成塚中瀬線>	"埼玉県道356号成塚中瀬線"@ja	<http://dbpedia.org/ontology/Infrastructure>	<http://ja.dbpedia.org/property/起点>	"起点"@ja	<http://ja.wikipedia.org/wiki/埼玉県道356号成塚中瀬線>	<http://wikidata.dbpedia.org/resource/Q11427008>
<http://ja.dbpedia.org/resource/埼玉県道69号深谷嵐山線>	"埼玉県道69号深谷嵐山線"@ja	<http://dbpedia.org/ontology/ArchitecturalStructure>	<http://ja.dbpedia.org/property/起点>	"起点"@ja	<http://ja.wikipedia.org/wiki/埼玉県道69号深谷嵐山線>	<http://wikidata.dbpedia.org/resource/Q11427079>
<http://ja.dbpedia.org/resource/埼玉県道69号深谷嵐山線>	"埼玉県道69号深谷嵐山線"@ja	<http://dbpedia.org/ontology/Road>	<http://ja.dbpedia.org/property/起点>	"起点"@ja	<http://ja.wikipedia.org/wiki/埼玉県道69号深谷嵐山線>	<http://wikidata.dbpedia.org/resource/Q11427079>
<http://ja.dbpedia.org/resource/埼玉県道69号深谷嵐山線>	"埼玉県道69号深谷嵐山線"@ja	<http://dbpedia.org/ontology/Infrastructure>	<http://ja.dbpedia.org/property/起点>	"起点"@ja	<http://ja.wikipedia.org/wiki/埼玉県道69号深谷嵐山線>	<http://wikidata.dbpedia.org/resource/Q11427079>
<http://ja.dbpedia.org/resource/埼玉県道69号深谷嵐山線>	"埼玉県道69号深谷嵐山線"@ja	<http://dbpedia.org/ontology/RouteOfTransportation>	<http://ja.dbpedia.org/property/起点>	"起点"@ja	<http://ja.wikipedia.org/wiki/埼玉県道69号深谷嵐山線>	<http://wikidata.dbpedia.org/resource/Q11427079>
<http://ja.dbpedia.org/resource/埼玉県道86号花園本庄線>	"埼玉県道86号花園本庄線"@ja	<http://dbpedia.org/ontology/Road>	<http://ja.dbpedia.org/property/起点>	"起点"@ja	<http://ja.wikipedia.org/wiki/埼玉県道86号花園本庄線>	<http://wikidata.dbpedia.org/resource/Q11427094>
<http://ja.dbpedia.org/resource/埼玉県道86号花園本庄線>	"埼玉県道86号花園本庄線"@ja	<http://dbpedia.org/ontology/ArchitecturalStructure>	<http://ja.dbpedia.org/property/起点>	"起点"@ja	<http://ja.wikipedia.org/wiki/埼玉県道86号花園本庄線>	<http://wikidata.dbpedia.org/resource/Q11427094>
<http://ja.dbpedia.org/resource/埼玉県道86号花園本庄線>	"埼玉県道86号花園本庄線"@ja	<http://dbpedia.org/ontology/RouteOfTransportation>	<http://ja.dbpedia.org/property/起点>	"起点"@ja	<http://ja.wikipedia.org/wiki/埼玉県道86号花園本庄線>	<http://wikidata.dbpedia.org/resource/Q11427094>
<http://ja.dbpedia.org/resource/埼玉県道86号花園本庄線>	"埼玉県道86号花園本庄線"@ja	<http://dbpedia.org/ontology/Infrastructure>	<http://ja.dbpedia.org/property/起点>	"起点"@ja	<http://ja.wikipedia.org/wiki/埼玉県道86号花園本庄線>	<http://wikidata.dbpedia.org/resource/Q11427094>
<http://ja.dbpedia.org/resource/太田市>	"太田市"@ja	<http://dbpedia.org/ontology/Place>	<http://ja.dbpedia.org/property/隣接自治体>	"隣接自治体"@ja	<http://ja.wikipedia.org/wiki/太田市>	<http://wikidata.dbpedia.org/resource/Q386179>
<http://ja.dbpedia.org/resource/太田市>	"太田市"@ja	<http://dbpedia.org/ontology/City>	<http://ja.dbpedia.org/property/隣接自治体>	"隣接自治体"@ja	<http://ja.wikipedia.org/wiki/太田市>	<http://wikidata.dbpedia.org/resource/Q386179>
<http://ja.dbpedia.org/resource/太田市>	"太田市"@ja	<http://dbpedia.org/ontology/Location>	<http://ja.dbpedia.org/property/隣接自治体>	"隣接自治体"@ja	<http://ja.wikipedia.org/wiki/太田市>	<http://wikidata.dbpedia.org/resource/Q386179>
<http://ja.dbpedia.org/resource/太田市>	"太田市"@ja	<http://dbpedia.org/ontology/PopulatedPlace>	<http://ja.dbpedia.org/property/隣接自治体>	"隣接自治体"@ja	<http://ja.wikipedia.org/wiki/太田市>	<http://wikidata.dbpedia.org/resource/Q386179>
<http://ja.dbpedia.org/resource/太田市>	"太田市"@ja	<http://dbpedia.org/ontology/Settlement>	<http://ja.dbpedia.org/property/隣接自治体>	"隣接自治体"@ja	<http://ja.wikipedia.org/wiki/太田市>	<http://wikidata.dbpedia.org/resource/Q386179>
<http://ja.dbpedia.org/resource/寄居町>	"寄居町"@ja	<http://dbpedia.org/ontology/Place>	<http://ja.dbpedia.org/property/northeast>	"Northeast"@ja	<http://ja.wikipedia.org/wiki/寄居町>	<http://wikidata.dbpedia.org/resource/Q961604>
<http://ja.dbpedia.org/resource/寄居町>	"寄居町"@ja	<http://dbpedia.org/ontology/City>	<http://ja.dbpedia.org/property/northeast>	"Northeast"@ja	<http://ja.wikipedia.org/wiki/寄居町>	<http://wikidata.dbpedia.org/resource/Q961604>
<http://ja.dbpedia.org/resource/寄居町>	"寄居町"@ja	<http://dbpedia.org/ontology/Location>	<http://ja.dbpedia.org/property/northeast>	"Northeast"@ja	<http://ja.wikipedia.org/wiki/寄居町>	<http://wikidata.dbpedia.org/resource/Q961604>
<http://ja.dbpedia.org/resource/寄居町>	"寄居町"@ja	<http://dbpedia.org/ontology/PopulatedPlace>	<http://ja.dbpedia.org/property/northeast>	"Northeast"@ja	<http://ja.wikipedia.org/wiki/寄居町>	<http://wikidata.dbpedia.org/resource/Q961604>
<http://ja.dbpedia.org/resource/寄居町>	"寄居町"@ja	<http://dbpedia.org/ontology/Settlement>	<http://ja.dbpedia.org/property/northeast>	"Northeast"@ja	<http://ja.wikipedia.org/wiki/寄居町>	<http://wikidata.dbpedia.org/resource/Q961604>
<http://ja.dbpedia.org/resource/小島進>	"小島進"@ja	<http://dbpedia.org/ontology/Person>	<http://ja.dbpedia.org/property/選挙区>	"選挙区"@ja	<http://ja.wikipedia.org/wiki/小島進>	<http://wikidata.dbpedia.org/resource/Q11460238>
<http://ja.dbpedia.org/resource/小島進>	"小島進"@ja	<http://dbpedia.org/ontology/Animal>	<http://ja.dbpedia.org/property/前職>	"前職"@ja	<http://ja.wikipedia.org/wiki/小島進>	<http://wikidata.dbpedia.org/resource/Q11460238>
<http://ja.dbpedia.org/resource/小島進>	"小島進"@ja	<http://dbpedia.org/ontology/Politician>	<http://ja.dbpedia.org/property/前職>	"前職"@ja	<http://ja.wikipedia.org/wiki/小島進>	<http://wikidata.dbpedia.org/resource/Q11460238>
<http://ja.dbpedia.org/resource/小島進>	"小島進"@ja	<http://dbpedia.org/ontology/Species>	<http://ja.dbpedia.org/property/選挙区>	"選挙区"@ja	<http://ja.wikipedia.org/wiki/小島進>	<http://wikidata.dbpedia.org/resource/Q11460238>
<http://ja.dbpedia.org/resource/小島進>	"小島進"@ja	<http://dbpedia.org/ontology/Eukaryote>	<http://ja.dbpedia.org/property/前職>	"前職"@ja	<http://ja.wikipedia.org/wiki/小島進>	<http://wikidata.dbpedia.org/resource/Q11460238>
<http://ja.dbpedia.org/resource/小島進>	"小島進"@ja	<http://dbpedia.org/ontology/Politician>	<http://ja.dbpedia.org/property/選挙区>	"選挙区"@ja	<http://ja.wikipedia.org/wiki/小島進>	<http://wikidata.dbpedia.org/resource/Q11460238>
<http://ja.dbpedia.org/resource/小島進>	"小島進"@ja	<http://dbpedia.org/ontology/Person>	<http://ja.dbpedia.org/property/前職>	"前職"@ja	<http://ja.wikipedia.org/wiki/小島進>	<http://wikidata.dbpedia.org/resource/Q11460238>
<http://ja.dbpedia.org/resource/小島進>	"小島進"@ja	<http://dbpedia.org/ontology/Animal>	<http://ja.dbpedia.org/property/選挙区>	"選挙区"@ja	<http://ja.wikipedia.org/wiki/小島進>	<http://wikidata.dbpedia.org/resource/Q11460238>
<http://ja.dbpedia.org/resource/小島進>	"小島進"@ja	<http://dbpedia.org/ontology/Eukaryote>	<http://ja.dbpedia.org/property/選挙区>	"選挙区"@ja	<http://ja.wikipedia.org/wiki/小島進>	<http://wikidata.dbpedia.org/resource/Q11460238>
<http://ja.dbpedia.org/resource/小島進>	"小島進"@ja	<http://dbpedia.org/ontology/Species>	<http://ja.dbpedia.org/property/前職>	"前職"@ja	<http://ja.wikipedia.org/wiki/小島進>	<http://wikidata.dbpedia.org/resource/Q11460238>
<http://ja.dbpedia.org/resource/嵐山町>	"嵐山町"@ja	<http://dbpedia.org/ontology/PopulatedPlace>	<http://ja.dbpedia.org/property/north>	"North"@ja	<http://ja.wikipedia.org/wiki/嵐山町>	<http://wikidata.dbpedia.org/resource/Q1358642>
<http://ja.dbpedia.org/resource/嵐山町>	"嵐山町"@ja	<http://dbpedia.org/ontology/Settlement>	<http://ja.dbpedia.org/property/north>	"North"@ja	<http://ja.wikipedia.org/wiki/嵐山町>	<http://wikidata.dbpedia.org/resource/Q1358642>
<http://ja.dbpedia.org/resource/嵐山町>	"嵐山町"@ja	<http://dbpedia.org/ontology/Location>	<http://ja.dbpedia.org/property/north>	"North"@ja	<http://ja.wikipedia.org/wiki/嵐山町>	<http://wikidata.dbpedia.org/resource/Q1358642>
<http://ja.dbpedia.org/resource/嵐山町>	"嵐山町"@ja	<http://dbpedia.org/ontology/Place>	<http://ja.dbpedia.org/property/north>	"North"@ja	<http://ja.wikipedia.org/wiki/嵐山町>	<http://wikidata.dbpedia.org/resource/Q1358642>
<http://ja.dbpedia.org/resource/嵐山町>	"嵐山町"@ja	<http://dbpedia.org/ontology/City>	<http://ja.dbpedia.org/property/north>	"North"@ja	<http://ja.wikipedia.org/wiki/嵐山町>	<http://wikidata.dbpedia.org/resource/Q1358642>
<http://ja.dbpedia.org/resource/本庄市>	"本庄市"@ja	<http://dbpedia.org/ontology/Place>	<http://ja.dbpedia.org/property/northeast>	"Northeast"@ja	<http://ja.wikipedia.org/wiki/本庄市>	<http://wikidata.dbpedia.org/resource/Q873565>
<http://ja.dbpedia.org/resource/本庄市>	"本庄市"@ja	<http://dbpedia.org/ontology/Location>	<http://ja.dbpedia.org/property/隣接自治体>	"隣接自治体"@ja	<http://ja.wikipedia.org/wiki/本庄市>	<http://wikidata.dbpedia.org/resource/Q873565>
<http://ja.dbpedia.org/resource/本庄市>	"本庄市"@ja	<http://dbpedia.org/ontology/PopulatedPlace>	<http://ja.dbpedia.org/property/隣接自治体>	"隣接自治体"@ja	<http://ja.wikipedia.org/wiki/本庄市>	<http://wikidata.dbpedia.org/resource/Q873565>
<http://ja.dbpedia.org/resource/本庄市>	"本庄市"@ja	<http://dbpedia.org/ontology/City>	<http://ja.dbpedia.org/property/northeast>	"Northeast"@ja	<http://ja.wikipedia.org/wiki/本庄市>	<http://wikidata.dbpedia.org/resource/Q873565>
<http://ja.dbpedia.org/resource/本庄市>	"本庄市"@ja	<http://dbpedia.org/ontology/Settlement>	<http://ja.dbpedia.org/property/隣接自治体>	"隣接自治体"@ja	<http://ja.wikipedia.org/wiki/本庄市>	<http://wikidata.dbpedia.org/resource/Q873565>
<http://ja.dbpedia.org/resource/本庄市>	"本庄市"@ja	<http://dbpedia.org/ontology/PopulatedPlace>	<http://ja.dbpedia.org/property/northeast>	"Northeast"@ja	<http://ja.wikipedia.org/wiki/本庄市>	<http://wikidata.dbpedia.org/resource/Q873565>
<http://ja.dbpedia.org/resource/本庄市>	"本庄市"@ja	<http://dbpedia.org/ontology/Place>	<http://ja.dbpedia.org/property/隣接自治体>	"隣接自治体"@ja	<http://ja.wikipedia.org/wiki/本庄市>	<http://wikidata.dbpedia.org/resource/Q873565>
<http://ja.dbpedia.org/resource/本庄市>	"本庄市"@ja	<http://dbpedia.org/ontology/Location>	<http://ja.dbpedia.org/property/northeast>	"Northeast"@ja	<http://ja.wikipedia.org/wiki/本庄市>	<http://wikidata.dbpedia.org/resource/Q873565>
<http://ja.dbpedia.org/resource/本庄市>	"本庄市"@ja	<http://dbpedia.org/ontology/City>	<http://ja.dbpedia.org/property/隣接自治体>	"隣接自治体"@ja	<http://ja.wikipedia.org/wiki/本庄市>	<http://wikidata.dbpedia.org/resource/Q873565>
<http://ja.dbpedia.org/resource/本庄市>	"本庄市"@ja	<http://dbpedia.org/ontology/Settlement>	<http://ja.dbpedia.org/property/northeast>	"Northeast"@ja	<http://ja.wikipedia.org/wiki/本庄市>	<http://wikidata.dbpedia.org/resource/Q873565>
<http://ja.dbpedia.org/resource/深谷市立桜ヶ丘小学校>	"深谷市立桜ヶ丘小学校"@ja	<http://dbpedia.org/ontology/Organisation>	<http://ja.dbpedia.org/property/設置者>	"設置者"@ja	<http://ja.wikipedia.org/wiki/深谷市立桜ヶ丘小学校>	<http://wikidata.dbpedia.org/resource/Q17209908>
<http://ja.dbpedia.org/resource/深谷市立桜ヶ丘小学校>	"深谷市立桜ヶ丘小学校"@ja	<http://dbpedia.org/ontology/Agent>	<http://ja.dbpedia.org/property/設置者>	"設置者"@ja	<http://ja.wikipedia.org/wiki/深谷市立桜ヶ丘小学校>	<http://wikidata.dbpedia.org/resource/Q17209908>
<http://ja.dbpedia.org/resource/深谷市立桜ヶ丘小学校>	"深谷市立桜ヶ丘小学校"@ja	<http://dbpedia.org/ontology/EducationalInstitution>	<http://ja.dbpedia.org/property/設置者>	"設置者"@ja	<http://ja.wikipedia.org/wiki/深谷市立桜ヶ丘小学校>	<http://wikidata.dbpedia.org/resource/Q17209908>
<http://ja.dbpedia.org/resource/深谷市立桜ヶ丘小学校>	"深谷市立桜ヶ丘小学校"@ja	<http://dbpedia.org/ontology/School>	<http://ja.dbpedia.org/property/設置者>	"設置者"@ja	<http://ja.wikipedia.org/wiki/深谷市立桜ヶ丘小学校>	<http://wikidata.dbpedia.org/resource/Q17209908>
<http://ja.dbpedia.org/resource/深谷市立深谷西小学校>	"深谷市立深谷西小学校"@ja	<http://dbpedia.org/ontology/Agent>	<http://ja.dbpedia.org/property/設置者>	"設置者"@ja	<http://ja.wikipedia.org/wiki/深谷市立深谷西小学校>	<http://wikidata.dbpedia.org/resource/Q30926592>
<http://ja.dbpedia.org/resource/深谷市立深谷西小学校>	"深谷市立深谷西小学校"@ja	<http://dbpedia.org/ontology/Organisation>	<http://ja.dbpedia.org/property/設置者>	"設置者"@ja	<http://ja.wikipedia.org/wiki/深谷市立深谷西小学校>	<http://wikidata.dbpedia.org/resource/Q30926592>
<http://ja.dbpedia.org/resource/深谷市立深谷西小学校>	"深谷市立深谷西小学校"@ja	<http://dbpedia.org/ontology/School>	<http://ja.dbpedia.org/property/設置者>	"設置者"@ja	<http://ja.wikipedia.org/wiki/深谷市立深谷西小学校>	<http://wikidata.dbpedia.org/resource/Q30926592>
<http://ja.dbpedia.org/resource/深谷市立深谷西小学校>	"深谷市立深谷西小学校"@ja	<http://dbpedia.org/ontology/EducationalInstitution>	<http://ja.dbpedia.org/property/設置者>	"設置者"@ja	<http://ja.wikipedia.org/wiki/深谷市立深谷西小学校>	<http://wikidata.dbpedia.org/resource/Q30926592>
<http://ja.dbpedia.org/resource/美里町_(埼玉県)>	"美里町 (埼玉県)"@ja	<http://dbpedia.org/ontology/PopulatedPlace>	<http://ja.dbpedia.org/property/east>	"East"@ja	<http://ja.wikipedia.org/wiki/美里町_(埼玉県)>	<http://wikidata.dbpedia.org/resource/Q924129>
<http://ja.dbpedia.org/resource/美里町_(埼玉県)>	"美里町 (埼玉県)"@ja	<http://dbpedia.org/ontology/Settlement>	<http://ja.dbpedia.org/property/east>	"East"@ja	<http://ja.wikipedia.org/wiki/美里町_(埼玉県)>	<http://wikidata.dbpedia.org/resource/Q924129>
<http://ja.dbpedia.org/resource/美里町_(埼玉県)>	"美里町 (埼玉県)"@ja	<http://dbpedia.org/ontology/Location>	<http://ja.dbpedia.org/property/east>	"East"@ja	<http://ja.wikipedia.org/wiki/美里町_(埼玉県)>	<http://wikidata.dbpedia.org/resource/Q924129>
<http://ja.dbpedia.org/resource/美里町_(埼玉県)>	"美里町 (埼玉県)"@ja	<http://dbpedia.org/ontology/Place>	<http://ja.dbpedia.org/property/east>	"East"@ja	<http://ja.wikipedia.org/wiki/美里町_(埼玉県)>	<http://wikidata.dbpedia.org/resource/Q924129>
<http://ja.dbpedia.org/resource/美里町_(埼玉県)>	"美里町 (埼玉県)"@ja	<http://dbpedia.org/ontology/City>	<http://ja.dbpedia.org/property/east>	"East"@ja	<http://ja.wikipedia.org/wiki/美里町_(埼玉県)>	<http://wikidata.dbpedia.org/resource/Q924129>
<http://ja.dbpedia.org/resource/関越自動車道>	"関越自動車道"@ja	<http://dbpedia.org/ontology/RouteOfTransportation>	<http://ja.dbpedia.org/property/主な経由都市>	"主な経由都市"@ja	<http://ja.wikipedia.org/wiki/関越自動車道>	<http://wikidata.dbpedia.org/resource/Q1059893>
<http://ja.dbpedia.org/resource/関越自動車道>	"関越自動車道"@ja	<http://dbpedia.org/ontology/Infrastructure>	<http://ja.dbpedia.org/property/主な経由都市>	"主な経由都市"@ja	<http://ja.wikipedia.org/wiki/関越自動車道>	<http://wikidata.dbpedia.org/resource/Q1059893>
<http://ja.dbpedia.org/resource/関越自動車道>	"関越自動車道"@ja	<http://dbpedia.org/ontology/Road>	<http://ja.dbpedia.org/property/主な経由都市>	"主な経由都市"@ja	<http://ja.wikipedia.org/wiki/関越自動車道>	<http://wikidata.dbpedia.org/resource/Q1059893>
<http://ja.dbpedia.org/resource/関越自動車道>	"関越自動車道"@ja	<http://dbpedia.org/ontology/ArchitecturalStructure>	<http://ja.dbpedia.org/property/主な経由都市>	"主な経由都市"@ja	<http://ja.wikipedia.org/wiki/関越自動車道>	<http://wikidata.dbpedia.org/resource/Q1059893>
<http://ja.dbpedia.org/resource/黒田_(深谷市)>	"黒田 (深谷市)"@ja	<http://dbpedia.org/ontology/PopulatedPlace>	<http://ja.dbpedia.org/property/subdivisionName>	"subdivision name"@ja	<http://ja.wikipedia.org/wiki/黒田_(深谷市)>	<http://wikidata.dbpedia.org/resource/Q28686056>
<http://ja.dbpedia.org/resource/黒田_(深谷市)>	"黒田 (深谷市)"@ja	<http://dbpedia.org/ontology/Location>	<http://ja.dbpedia.org/property/subdivisionName>	"subdivision name"@ja	<http://ja.wikipedia.org/wiki/黒田_(深谷市)>	<http://wikidata.dbpedia.org/resource/Q28686056>
<http://ja.dbpedia.org/resource/黒田_(深谷市)>	"黒田 (深谷市)"@ja	<http://dbpedia.org/ontology/Settlement>	<http://ja.dbpedia.org/property/subdivisionName>	"subdivision name"@ja	<http://ja.wikipedia.org/wiki/黒田_(深谷市)>	<http://wikidata.dbpedia.org/resource/Q28686056>
<http://ja.dbpedia.org/resource/黒田_(深谷市)>	"黒田 (深谷市)"@ja	<http://dbpedia.org/ontology/Place>	<http://ja.dbpedia.org/property/subdivisionName>	"subdivision name"@ja	<http://ja.wikipedia.org/wiki/黒田_(深谷市)>	<http://wikidata.dbpedia.org/resource/Q28686056>
<http://ja.dbpedia.org/resource/下手計>	"下手計"@ja	<http://dbpedia.org/ontology/Location>	<http://ja.dbpedia.org/property/subdivisionName>	"subdivision name"@ja	<http://ja.wikipedia.org/wiki/下手計>	
<http://ja.dbpedia.org/resource/下手計>	"下手計"@ja	<http://dbpedia.org/ontology/Place>	<http://ja.dbpedia.org/property/subdivisionName>	"subdivision name"@ja	<http://ja.wikipedia.org/wiki/下手計>	
<http://ja.dbpedia.org/resource/下手計>	"下手計"@ja	<http://dbpedia.org/ontology/PopulatedPlace>	<http://ja.dbpedia.org/property/subdivisionName>	"subdivision name"@ja	<http://ja.wikipedia.org/wiki/下手計>	
<http://ja.dbpedia.org/resource/下手計>	"下手計"@ja	<http://dbpedia.org/ontology/Settlement>	<http://ja.dbpedia.org/property/subdivisionName>	"subdivision name"@ja	<http://ja.wikipedia.org/wiki/下手計>	
<http://ja.dbpedia.org/resource/血洗島>	"血洗島"@ja	<http://dbpedia.org/ontology/Location>	<http://ja.dbpedia.org/property/subdivisionName>	"subdivision name"@ja	<http://ja.wikipedia.org/wiki/血洗島>	
<http://ja.dbpedia.org/resource/血洗島>	"血洗島"@ja	<http://dbpedia.org/ontology/Place>	<http://ja.dbpedia.org/property/subdivisionName>	"subdivision name"@ja	<http://ja.wikipedia.org/wiki/血洗島>	
<http://ja.dbpedia.org/resource/血洗島>	"血洗島"@ja	<http://dbpedia.org/ontology/PopulatedPlace>	<http://ja.dbpedia.org/property/subdivisionName>	"subdivision name"@ja	<http://ja.wikipedia.org/wiki/血洗島>	
<http://ja.dbpedia.org/resource/血洗島>	"血洗島"@ja	<http://dbpedia.org/ontology/Settlement>	<http://ja.dbpedia.org/property/subdivisionName>	"subdivision name"@ja	<http://ja.wikipedia.org/wiki/血洗島>	
