?s	?sLabel	?type	?p	?pLabel	?jwiki	?wd
<http://ja.dbpedia.org/resource/中手子林>	"中手子林"@ja	<http://dbpedia.org/ontology/Settlement>	<http://ja.dbpedia.org/property/subdivisionName>	"subdivision name"@ja	<http://ja.wikipedia.org/wiki/中手子林>	<http://wikidata.dbpedia.org/resource/Q11365048>
<http://ja.dbpedia.org/resource/中手子林>	"中手子林"@ja	<http://dbpedia.org/ontology/Settlement>	<http://ja.dbpedia.org/property/現在の自治体>	"現在の自治体"@ja	<http://ja.wikipedia.org/wiki/中手子林>	<http://wikidata.dbpedia.org/resource/Q11365048>
<http://ja.dbpedia.org/resource/中手子林>	"中手子林"@ja	<http://dbpedia.org/ontology/Place>	<http://ja.dbpedia.org/property/subdivisionName>	"subdivision name"@ja	<http://ja.wikipedia.org/wiki/中手子林>	<http://wikidata.dbpedia.org/resource/Q11365048>
<http://ja.dbpedia.org/resource/中手子林>	"中手子林"@ja	<http://dbpedia.org/ontology/Place>	<http://ja.dbpedia.org/property/現在の自治体>	"現在の自治体"@ja	<http://ja.wikipedia.org/wiki/中手子林>	<http://wikidata.dbpedia.org/resource/Q11365048>
<http://ja.dbpedia.org/resource/中手子林>	"中手子林"@ja	<http://dbpedia.org/ontology/Location>	<http://ja.dbpedia.org/property/subdivisionName>	"subdivision name"@ja	<http://ja.wikipedia.org/wiki/中手子林>	<http://wikidata.dbpedia.org/resource/Q11365048>
<http://ja.dbpedia.org/resource/中手子林>	"中手子林"@ja	<http://dbpedia.org/ontology/Location>	<http://ja.dbpedia.org/property/現在の自治体>	"現在の自治体"@ja	<http://ja.wikipedia.org/wiki/中手子林>	<http://wikidata.dbpedia.org/resource/Q11365048>
<http://ja.dbpedia.org/resource/中手子林>	"中手子林"@ja	<http://dbpedia.org/ontology/PopulatedPlace>	<http://ja.dbpedia.org/property/現在の自治体>	"現在の自治体"@ja	<http://ja.wikipedia.org/wiki/中手子林>	<http://wikidata.dbpedia.org/resource/Q11365048>
<http://ja.dbpedia.org/resource/中手子林>	"中手子林"@ja	<http://dbpedia.org/ontology/PopulatedPlace>	<http://ja.dbpedia.org/property/subdivisionName>	"subdivision name"@ja	<http://ja.wikipedia.org/wiki/中手子林>	<http://wikidata.dbpedia.org/resource/Q11365048>
<http://ja.dbpedia.org/resource/加須市>	"加須市"@ja	<http://dbpedia.org/ontology/Place>	<http://ja.dbpedia.org/property/隣接自治体>	"隣接自治体"@ja	<http://ja.wikipedia.org/wiki/加須市>	<http://wikidata.dbpedia.org/resource/Q851680>
<http://ja.dbpedia.org/resource/加須市>	"加須市"@ja	<http://dbpedia.org/ontology/City>	<http://ja.dbpedia.org/property/隣接自治体>	"隣接自治体"@ja	<http://ja.wikipedia.org/wiki/加須市>	<http://wikidata.dbpedia.org/resource/Q851680>
<http://ja.dbpedia.org/resource/加須市>	"加須市"@ja	<http://dbpedia.org/ontology/Location>	<http://ja.dbpedia.org/property/隣接自治体>	"隣接自治体"@ja	<http://ja.wikipedia.org/wiki/加須市>	<http://wikidata.dbpedia.org/resource/Q851680>
<http://ja.dbpedia.org/resource/加須市>	"加須市"@ja	<http://dbpedia.org/ontology/Settlement>	<http://ja.dbpedia.org/property/隣接自治体>	"隣接自治体"@ja	<http://ja.wikipedia.org/wiki/加須市>	<http://wikidata.dbpedia.org/resource/Q851680>
<http://ja.dbpedia.org/resource/加須市>	"加須市"@ja	<http://dbpedia.org/ontology/PopulatedPlace>	<http://ja.dbpedia.org/property/隣接自治体>	"隣接自治体"@ja	<http://ja.wikipedia.org/wiki/加須市>	<http://wikidata.dbpedia.org/resource/Q851680>
<http://ja.dbpedia.org/resource/北荻島>	"北荻島"@ja	<http://dbpedia.org/ontology/Location>	<http://ja.dbpedia.org/property/現在の自治体>	"現在の自治体"@ja	<http://ja.wikipedia.org/wiki/北荻島>	<http://wikidata.dbpedia.org/resource/Q11403973>
<http://ja.dbpedia.org/resource/北荻島>	"北荻島"@ja	<http://dbpedia.org/ontology/PopulatedPlace>	<http://ja.dbpedia.org/property/現在の自治体>	"現在の自治体"@ja	<http://ja.wikipedia.org/wiki/北荻島>	<http://wikidata.dbpedia.org/resource/Q11403973>
<http://ja.dbpedia.org/resource/北荻島>	"北荻島"@ja	<http://dbpedia.org/ontology/PopulatedPlace>	<http://ja.dbpedia.org/property/subdivisionName>	"subdivision name"@ja	<http://ja.wikipedia.org/wiki/北荻島>	<http://wikidata.dbpedia.org/resource/Q11403973>
<http://ja.dbpedia.org/resource/北荻島>	"北荻島"@ja	<http://dbpedia.org/ontology/Location>	<http://ja.dbpedia.org/property/subdivisionName>	"subdivision name"@ja	<http://ja.wikipedia.org/wiki/北荻島>	<http://wikidata.dbpedia.org/resource/Q11403973>
<http://ja.dbpedia.org/resource/北荻島>	"北荻島"@ja	<http://dbpedia.org/ontology/Settlement>	<http://ja.dbpedia.org/property/subdivisionName>	"subdivision name"@ja	<http://ja.wikipedia.org/wiki/北荻島>	<http://wikidata.dbpedia.org/resource/Q11403973>
<http://ja.dbpedia.org/resource/北荻島>	"北荻島"@ja	<http://dbpedia.org/ontology/Settlement>	<http://ja.dbpedia.org/property/現在の自治体>	"現在の自治体"@ja	<http://ja.wikipedia.org/wiki/北荻島>	<http://wikidata.dbpedia.org/resource/Q11403973>
<http://ja.dbpedia.org/resource/北荻島>	"北荻島"@ja	<http://dbpedia.org/ontology/Place>	<http://ja.dbpedia.org/property/現在の自治体>	"現在の自治体"@ja	<http://ja.wikipedia.org/wiki/北荻島>	<http://wikidata.dbpedia.org/resource/Q11403973>
<http://ja.dbpedia.org/resource/北荻島>	"北荻島"@ja	<http://dbpedia.org/ontology/Place>	<http://ja.dbpedia.org/property/subdivisionName>	"subdivision name"@ja	<http://ja.wikipedia.org/wiki/北荻島>	<http://wikidata.dbpedia.org/resource/Q11403973>
<http://ja.dbpedia.org/resource/埼玉県道128号熊谷羽生線>	"埼玉県道128号熊谷羽生線"@ja	<http://dbpedia.org/ontology/ArchitecturalStructure>	<http://ja.dbpedia.org/property/終点>	"終点"@ja	<http://ja.wikipedia.org/wiki/埼玉県道128号熊谷羽生線>	<http://wikidata.dbpedia.org/resource/Q11426836>
<http://ja.dbpedia.org/resource/埼玉県道128号熊谷羽生線>	"埼玉県道128号熊谷羽生線"@ja	<http://dbpedia.org/ontology/Road>	<http://ja.dbpedia.org/property/終点>	"終点"@ja	<http://ja.wikipedia.org/wiki/埼玉県道128号熊谷羽生線>	<http://wikidata.dbpedia.org/resource/Q11426836>
<http://ja.dbpedia.org/resource/埼玉県道128号熊谷羽生線>	"埼玉県道128号熊谷羽生線"@ja	<http://dbpedia.org/ontology/Infrastructure>	<http://ja.dbpedia.org/property/終点>	"終点"@ja	<http://ja.wikipedia.org/wiki/埼玉県道128号熊谷羽生線>	<http://wikidata.dbpedia.org/resource/Q11426836>
<http://ja.dbpedia.org/resource/埼玉県道128号熊谷羽生線>	"埼玉県道128号熊谷羽生線"@ja	<http://dbpedia.org/ontology/RouteOfTransportation>	<http://ja.dbpedia.org/property/終点>	"終点"@ja	<http://ja.wikipedia.org/wiki/埼玉県道128号熊谷羽生線>	<http://wikidata.dbpedia.org/resource/Q11426836>
<http://ja.dbpedia.org/resource/埼玉県道129号加須羽生線>	"埼玉県道129号加須羽生線"@ja	<http://dbpedia.org/ontology/ArchitecturalStructure>	<http://ja.dbpedia.org/property/終点>	"終点"@ja	<http://ja.wikipedia.org/wiki/埼玉県道129号加須羽生線>	<http://wikidata.dbpedia.org/resource/Q11426835>
<http://ja.dbpedia.org/resource/埼玉県道129号加須羽生線>	"埼玉県道129号加須羽生線"@ja	<http://dbpedia.org/ontology/Road>	<http://ja.dbpedia.org/property/終点>	"終点"@ja	<http://ja.wikipedia.org/wiki/埼玉県道129号加須羽生線>	<http://wikidata.dbpedia.org/resource/Q11426835>
<http://ja.dbpedia.org/resource/埼玉県道129号加須羽生線>	"埼玉県道129号加須羽生線"@ja	<http://dbpedia.org/ontology/Infrastructure>	<http://ja.dbpedia.org/property/終点>	"終点"@ja	<http://ja.wikipedia.org/wiki/埼玉県道129号加須羽生線>	<http://wikidata.dbpedia.org/resource/Q11426835>
<http://ja.dbpedia.org/resource/埼玉県道129号加須羽生線>	"埼玉県道129号加須羽生線"@ja	<http://dbpedia.org/ontology/RouteOfTransportation>	<http://ja.dbpedia.org/property/終点>	"終点"@ja	<http://ja.wikipedia.org/wiki/埼玉県道129号加須羽生線>	<http://wikidata.dbpedia.org/resource/Q11426835>
<http://ja.dbpedia.org/resource/埼玉県道32号鴻巣羽生線>	"埼玉県道32号鴻巣羽生線"@ja	<http://dbpedia.org/ontology/Road>	<http://ja.dbpedia.org/property/終点>	"終点"@ja	<http://ja.wikipedia.org/wiki/埼玉県道32号鴻巣羽生線>	<http://wikidata.dbpedia.org/resource/Q11426986>
<http://ja.dbpedia.org/resource/埼玉県道32号鴻巣羽生線>	"埼玉県道32号鴻巣羽生線"@ja	<http://dbpedia.org/ontology/ArchitecturalStructure>	<http://ja.dbpedia.org/property/終点>	"終点"@ja	<http://ja.wikipedia.org/wiki/埼玉県道32号鴻巣羽生線>	<http://wikidata.dbpedia.org/resource/Q11426986>
<http://ja.dbpedia.org/resource/埼玉県道32号鴻巣羽生線>	"埼玉県道32号鴻巣羽生線"@ja	<http://dbpedia.org/ontology/RouteOfTransportation>	<http://ja.dbpedia.org/property/終点>	"終点"@ja	<http://ja.wikipedia.org/wiki/埼玉県道32号鴻巣羽生線>	<http://wikidata.dbpedia.org/resource/Q11426986>
<http://ja.dbpedia.org/resource/埼玉県道32号鴻巣羽生線>	"埼玉県道32号鴻巣羽生線"@ja	<http://dbpedia.org/ontology/Infrastructure>	<http://ja.dbpedia.org/property/終点>	"終点"@ja	<http://ja.wikipedia.org/wiki/埼玉県道32号鴻巣羽生線>	<http://wikidata.dbpedia.org/resource/Q11426986>
<http://ja.dbpedia.org/resource/埼玉県道60号羽生外野栗橋線>	"埼玉県道60号羽生外野栗橋線"@ja	<http://dbpedia.org/ontology/ArchitecturalStructure>	<http://ja.dbpedia.org/property/起点>	"起点"@ja	<http://ja.wikipedia.org/wiki/埼玉県道60号羽生外野栗橋線>	<http://wikidata.dbpedia.org/resource/Q11427073>
<http://ja.dbpedia.org/resource/埼玉県道60号羽生外野栗橋線>	"埼玉県道60号羽生外野栗橋線"@ja	<http://dbpedia.org/ontology/Road>	<http://ja.dbpedia.org/property/起点>	"起点"@ja	<http://ja.wikipedia.org/wiki/埼玉県道60号羽生外野栗橋線>	<http://wikidata.dbpedia.org/resource/Q11427073>
<http://ja.dbpedia.org/resource/埼玉県道60号羽生外野栗橋線>	"埼玉県道60号羽生外野栗橋線"@ja	<http://dbpedia.org/ontology/Infrastructure>	<http://ja.dbpedia.org/property/起点>	"起点"@ja	<http://ja.wikipedia.org/wiki/埼玉県道60号羽生外野栗橋線>	<http://wikidata.dbpedia.org/resource/Q11427073>
<http://ja.dbpedia.org/resource/埼玉県道60号羽生外野栗橋線>	"埼玉県道60号羽生外野栗橋線"@ja	<http://dbpedia.org/ontology/RouteOfTransportation>	<http://ja.dbpedia.org/property/起点>	"起点"@ja	<http://ja.wikipedia.org/wiki/埼玉県道60号羽生外野栗橋線>	<http://wikidata.dbpedia.org/resource/Q11427073>
<http://ja.dbpedia.org/resource/埼玉県道84号羽生栗橋線>	"埼玉県道84号羽生栗橋線"@ja	<http://dbpedia.org/ontology/Infrastructure>	<http://ja.dbpedia.org/property/起点>	"起点"@ja	<http://ja.wikipedia.org/wiki/埼玉県道84号羽生栗橋線>	<http://wikidata.dbpedia.org/resource/Q11427091>
<http://ja.dbpedia.org/resource/埼玉県道84号羽生栗橋線>	"埼玉県道84号羽生栗橋線"@ja	<http://dbpedia.org/ontology/RouteOfTransportation>	<http://ja.dbpedia.org/property/起点>	"起点"@ja	<http://ja.wikipedia.org/wiki/埼玉県道84号羽生栗橋線>	<http://wikidata.dbpedia.org/resource/Q11427091>
<http://ja.dbpedia.org/resource/埼玉県道84号羽生栗橋線>	"埼玉県道84号羽生栗橋線"@ja	<http://dbpedia.org/ontology/ArchitecturalStructure>	<http://ja.dbpedia.org/property/起点>	"起点"@ja	<http://ja.wikipedia.org/wiki/埼玉県道84号羽生栗橋線>	<http://wikidata.dbpedia.org/resource/Q11427091>
<http://ja.dbpedia.org/resource/埼玉県道84号羽生栗橋線>	"埼玉県道84号羽生栗橋線"@ja	<http://dbpedia.org/ontology/Road>	<http://ja.dbpedia.org/property/起点>	"起点"@ja	<http://ja.wikipedia.org/wiki/埼玉県道84号羽生栗橋線>	<http://wikidata.dbpedia.org/resource/Q11427091>
<http://ja.dbpedia.org/resource/明和町_(群馬県)>	"明和町 (群馬県)"@ja	<http://dbpedia.org/ontology/Place>	<http://ja.dbpedia.org/property/隣接自治体>	"隣接自治体"@ja	<http://ja.wikipedia.org/wiki/明和町_(群馬県)>	<http://wikidata.dbpedia.org/resource/Q1203274>
<http://ja.dbpedia.org/resource/明和町_(群馬県)>	"明和町 (群馬県)"@ja	<http://dbpedia.org/ontology/City>	<http://ja.dbpedia.org/property/隣接自治体>	"隣接自治体"@ja	<http://ja.wikipedia.org/wiki/明和町_(群馬県)>	<http://wikidata.dbpedia.org/resource/Q1203274>
<http://ja.dbpedia.org/resource/明和町_(群馬県)>	"明和町 (群馬県)"@ja	<http://dbpedia.org/ontology/Settlement>	<http://ja.dbpedia.org/property/隣接自治体>	"隣接自治体"@ja	<http://ja.wikipedia.org/wiki/明和町_(群馬県)>	<http://wikidata.dbpedia.org/resource/Q1203274>
<http://ja.dbpedia.org/resource/明和町_(群馬県)>	"明和町 (群馬県)"@ja	<http://dbpedia.org/ontology/PopulatedPlace>	<http://ja.dbpedia.org/property/隣接自治体>	"隣接自治体"@ja	<http://ja.wikipedia.org/wiki/明和町_(群馬県)>	<http://wikidata.dbpedia.org/resource/Q1203274>
<http://ja.dbpedia.org/resource/明和町_(群馬県)>	"明和町 (群馬県)"@ja	<http://dbpedia.org/ontology/Location>	<http://ja.dbpedia.org/property/隣接自治体>	"隣接自治体"@ja	<http://ja.wikipedia.org/wiki/明和町_(群馬県)>	<http://wikidata.dbpedia.org/resource/Q1203274>
<http://ja.dbpedia.org/resource/東_(羽生市)>	"東 (羽生市)"@ja	<http://dbpedia.org/ontology/PopulatedPlace>	<http://ja.dbpedia.org/property/subdivisionName>	"subdivision name"@ja	<http://ja.wikipedia.org/wiki/東_(羽生市)>	<http://wikidata.dbpedia.org/resource/Q42634496>
<http://ja.dbpedia.org/resource/東_(羽生市)>	"東 (羽生市)"@ja	<http://dbpedia.org/ontology/Location>	<http://ja.dbpedia.org/property/subdivisionName>	"subdivision name"@ja	<http://ja.wikipedia.org/wiki/東_(羽生市)>	<http://wikidata.dbpedia.org/resource/Q42634496>
<http://ja.dbpedia.org/resource/東_(羽生市)>	"東 (羽生市)"@ja	<http://dbpedia.org/ontology/Settlement>	<http://ja.dbpedia.org/property/subdivisionName>	"subdivision name"@ja	<http://ja.wikipedia.org/wiki/東_(羽生市)>	<http://wikidata.dbpedia.org/resource/Q42634496>
<http://ja.dbpedia.org/resource/東_(羽生市)>	"東 (羽生市)"@ja	<http://dbpedia.org/ontology/Place>	<http://ja.dbpedia.org/property/subdivisionName>	"subdivision name"@ja	<http://ja.wikipedia.org/wiki/東_(羽生市)>	<http://wikidata.dbpedia.org/resource/Q42634496>
<http://ja.dbpedia.org/resource/板倉町>	"板倉町"@ja	<http://dbpedia.org/ontology/PopulatedPlace>	<http://ja.dbpedia.org/property/隣接自治体>	"隣接自治体"@ja	<http://ja.wikipedia.org/wiki/板倉町>	<http://wikidata.dbpedia.org/resource/Q1203771>
<http://ja.dbpedia.org/resource/板倉町>	"板倉町"@ja	<http://dbpedia.org/ontology/Settlement>	<http://ja.dbpedia.org/property/隣接自治体>	"隣接自治体"@ja	<http://ja.wikipedia.org/wiki/板倉町>	<http://wikidata.dbpedia.org/resource/Q1203771>
<http://ja.dbpedia.org/resource/板倉町>	"板倉町"@ja	<http://dbpedia.org/ontology/Location>	<http://ja.dbpedia.org/property/隣接自治体>	"隣接自治体"@ja	<http://ja.wikipedia.org/wiki/板倉町>	<http://wikidata.dbpedia.org/resource/Q1203771>
<http://ja.dbpedia.org/resource/板倉町>	"板倉町"@ja	<http://dbpedia.org/ontology/City>	<http://ja.dbpedia.org/property/隣接自治体>	"隣接自治体"@ja	<http://ja.wikipedia.org/wiki/板倉町>	<http://wikidata.dbpedia.org/resource/Q1203771>
<http://ja.dbpedia.org/resource/板倉町>	"板倉町"@ja	<http://dbpedia.org/ontology/Place>	<http://ja.dbpedia.org/property/隣接自治体>	"隣接自治体"@ja	<http://ja.wikipedia.org/wiki/板倉町>	<http://wikidata.dbpedia.org/resource/Q1203771>
<http://ja.dbpedia.org/resource/栃木県道・群馬県道・埼玉県道7号佐野行田線>	"栃木県道・群馬県道・埼玉県道7号佐野行田線"@ja	<http://dbpedia.org/ontology/ArchitecturalStructure>	<http://ja.dbpedia.org/property/主な経由都市>	"主な経由都市"@ja	<http://ja.wikipedia.org/wiki/栃木県道・群馬県道・埼玉県道7号佐野行田線>	<http://wikidata.dbpedia.org/resource/Q11535572>
<http://ja.dbpedia.org/resource/栃木県道・群馬県道・埼玉県道7号佐野行田線>	"栃木県道・群馬県道・埼玉県道7号佐野行田線"@ja	<http://dbpedia.org/ontology/Road>	<http://ja.dbpedia.org/property/主な経由都市>	"主な経由都市"@ja	<http://ja.wikipedia.org/wiki/栃木県道・群馬県道・埼玉県道7号佐野行田線>	<http://wikidata.dbpedia.org/resource/Q11535572>
<http://ja.dbpedia.org/resource/栃木県道・群馬県道・埼玉県道7号佐野行田線>	"栃木県道・群馬県道・埼玉県道7号佐野行田線"@ja	<http://dbpedia.org/ontology/Infrastructure>	<http://ja.dbpedia.org/property/主な経由都市>	"主な経由都市"@ja	<http://ja.wikipedia.org/wiki/栃木県道・群馬県道・埼玉県道7号佐野行田線>	<http://wikidata.dbpedia.org/resource/Q11535572>
<http://ja.dbpedia.org/resource/栃木県道・群馬県道・埼玉県道7号佐野行田線>	"栃木県道・群馬県道・埼玉県道7号佐野行田線"@ja	<http://dbpedia.org/ontology/RouteOfTransportation>	<http://ja.dbpedia.org/property/主な経由都市>	"主な経由都市"@ja	<http://ja.wikipedia.org/wiki/栃木県道・群馬県道・埼玉県道7号佐野行田線>	<http://wikidata.dbpedia.org/resource/Q11535572>
<http://ja.dbpedia.org/resource/羽生市立手子林小学校>	"羽生市立手子林小学校"@ja	<http://dbpedia.org/ontology/School>	<http://ja.dbpedia.org/property/設置者>	"設置者"@ja	<http://ja.wikipedia.org/wiki/羽生市立手子林小学校>	<http://wikidata.dbpedia.org/resource/Q11610258>
<http://ja.dbpedia.org/resource/羽生市立手子林小学校>	"羽生市立手子林小学校"@ja	<http://dbpedia.org/ontology/EducationalInstitution>	<http://ja.dbpedia.org/property/設置者>	"設置者"@ja	<http://ja.wikipedia.org/wiki/羽生市立手子林小学校>	<http://wikidata.dbpedia.org/resource/Q11610258>
<http://ja.dbpedia.org/resource/羽生市立手子林小学校>	"羽生市立手子林小学校"@ja	<http://dbpedia.org/ontology/Agent>	<http://ja.dbpedia.org/property/設置者>	"設置者"@ja	<http://ja.wikipedia.org/wiki/羽生市立手子林小学校>	<http://wikidata.dbpedia.org/resource/Q11610258>
<http://ja.dbpedia.org/resource/羽生市立手子林小学校>	"羽生市立手子林小学校"@ja	<http://dbpedia.org/ontology/Organisation>	<http://ja.dbpedia.org/property/設置者>	"設置者"@ja	<http://ja.wikipedia.org/wiki/羽生市立手子林小学校>	<http://wikidata.dbpedia.org/resource/Q11610258>
<http://ja.dbpedia.org/resource/羽生市立東中学校>	"羽生市立東中学校"@ja	<http://dbpedia.org/ontology/EducationalInstitution>	<http://ja.dbpedia.org/property/設置者>	"設置者"@ja	<http://ja.wikipedia.org/wiki/羽生市立東中学校>	<http://wikidata.dbpedia.org/resource/Q11610257>
<http://ja.dbpedia.org/resource/羽生市立東中学校>	"羽生市立東中学校"@ja	<http://dbpedia.org/ontology/School>	<http://ja.dbpedia.org/property/設置者>	"設置者"@ja	<http://ja.wikipedia.org/wiki/羽生市立東中学校>	<http://wikidata.dbpedia.org/resource/Q11610257>
<http://ja.dbpedia.org/resource/羽生市立東中学校>	"羽生市立東中学校"@ja	<http://dbpedia.org/ontology/Agent>	<http://ja.dbpedia.org/property/設置者>	"設置者"@ja	<http://ja.wikipedia.org/wiki/羽生市立東中学校>	<http://wikidata.dbpedia.org/resource/Q11610257>
<http://ja.dbpedia.org/resource/羽生市立東中学校>	"羽生市立東中学校"@ja	<http://dbpedia.org/ontology/Organisation>	<http://ja.dbpedia.org/property/設置者>	"設置者"@ja	<http://ja.wikipedia.org/wiki/羽生市立東中学校>	<http://wikidata.dbpedia.org/resource/Q11610257>
<http://ja.dbpedia.org/resource/羽生市立羽生南小学校>	"羽生市立羽生南小学校"@ja	<http://dbpedia.org/ontology/EducationalInstitution>	<http://ja.dbpedia.org/property/設置者>	"設置者"@ja	<http://ja.wikipedia.org/wiki/羽生市立羽生南小学校>	<http://wikidata.dbpedia.org/resource/Q60985701>
<http://ja.dbpedia.org/resource/羽生市立羽生南小学校>	"羽生市立羽生南小学校"@ja	<http://dbpedia.org/ontology/School>	<http://ja.dbpedia.org/property/設置者>	"設置者"@ja	<http://ja.wikipedia.org/wiki/羽生市立羽生南小学校>	<http://wikidata.dbpedia.org/resource/Q60985701>
<http://ja.dbpedia.org/resource/羽生市立羽生南小学校>	"羽生市立羽生南小学校"@ja	<http://dbpedia.org/ontology/Organisation>	<http://ja.dbpedia.org/property/設置者>	"設置者"@ja	<http://ja.wikipedia.org/wiki/羽生市立羽生南小学校>	<http://wikidata.dbpedia.org/resource/Q60985701>
<http://ja.dbpedia.org/resource/羽生市立羽生南小学校>	"羽生市立羽生南小学校"@ja	<http://dbpedia.org/ontology/Agent>	<http://ja.dbpedia.org/property/設置者>	"設置者"@ja	<http://ja.wikipedia.org/wiki/羽生市立羽生南小学校>	<http://wikidata.dbpedia.org/resource/Q60985701>
<http://ja.dbpedia.org/resource/行田市>	"行田市"@ja	<http://dbpedia.org/ontology/City>	<http://ja.dbpedia.org/property/隣接自治体>	"隣接自治体"@ja	<http://ja.wikipedia.org/wiki/行田市>	<http://wikidata.dbpedia.org/resource/Q860659>
<http://ja.dbpedia.org/resource/行田市>	"行田市"@ja	<http://dbpedia.org/ontology/Place>	<http://ja.dbpedia.org/property/隣接自治体>	"隣接自治体"@ja	<http://ja.wikipedia.org/wiki/行田市>	<http://wikidata.dbpedia.org/resource/Q860659>
<http://ja.dbpedia.org/resource/行田市>	"行田市"@ja	<http://dbpedia.org/ontology/Location>	<http://ja.dbpedia.org/property/隣接自治体>	"隣接自治体"@ja	<http://ja.wikipedia.org/wiki/行田市>	<http://wikidata.dbpedia.org/resource/Q860659>
<http://ja.dbpedia.org/resource/行田市>	"行田市"@ja	<http://dbpedia.org/ontology/Settlement>	<http://ja.dbpedia.org/property/隣接自治体>	"隣接自治体"@ja	<http://ja.wikipedia.org/wiki/行田市>	<http://wikidata.dbpedia.org/resource/Q860659>
<http://ja.dbpedia.org/resource/行田市>	"行田市"@ja	<http://dbpedia.org/ontology/PopulatedPlace>	<http://ja.dbpedia.org/property/隣接自治体>	"隣接自治体"@ja	<http://ja.wikipedia.org/wiki/行田市>	<http://wikidata.dbpedia.org/resource/Q860659>
