?s	?sLabel	?type	?p	?pLabel	?jwiki	?wd
<http://ja.dbpedia.org/resource/さいたま市>	"さいたま市"@ja	<http://dbpedia.org/ontology/City>	<http://ja.dbpedia.org/property/east>	"East"@ja	<http://ja.wikipedia.org/wiki/さいたま市>	<http://wikidata.dbpedia.org/resource/Q134635>
<http://ja.dbpedia.org/resource/さいたま市>	"さいたま市"@ja	<http://dbpedia.org/ontology/PopulatedPlace>	<http://ja.dbpedia.org/property/隣接自治体>	"隣接自治体"@ja	<http://ja.wikipedia.org/wiki/さいたま市>	<http://wikidata.dbpedia.org/resource/Q134635>
<http://ja.dbpedia.org/resource/さいたま市>	"さいたま市"@ja	<http://dbpedia.org/ontology/Place>	<http://ja.dbpedia.org/property/east>	"East"@ja	<http://ja.wikipedia.org/wiki/さいたま市>	<http://wikidata.dbpedia.org/resource/Q134635>
<http://ja.dbpedia.org/resource/さいたま市>	"さいたま市"@ja	<http://dbpedia.org/ontology/Settlement>	<http://ja.dbpedia.org/property/隣接自治体>	"隣接自治体"@ja	<http://ja.wikipedia.org/wiki/さいたま市>	<http://wikidata.dbpedia.org/resource/Q134635>
<http://ja.dbpedia.org/resource/さいたま市>	"さいたま市"@ja	<http://dbpedia.org/ontology/Location>	<http://ja.dbpedia.org/property/隣接自治体>	"隣接自治体"@ja	<http://ja.wikipedia.org/wiki/さいたま市>	<http://wikidata.dbpedia.org/resource/Q134635>
<http://ja.dbpedia.org/resource/さいたま市>	"さいたま市"@ja	<http://dbpedia.org/ontology/Location>	<http://ja.dbpedia.org/property/east>	"East"@ja	<http://ja.wikipedia.org/wiki/さいたま市>	<http://wikidata.dbpedia.org/resource/Q134635>
<http://ja.dbpedia.org/resource/さいたま市>	"さいたま市"@ja	<http://dbpedia.org/ontology/Place>	<http://ja.dbpedia.org/property/隣接自治体>	"隣接自治体"@ja	<http://ja.wikipedia.org/wiki/さいたま市>	<http://wikidata.dbpedia.org/resource/Q134635>
<http://ja.dbpedia.org/resource/さいたま市>	"さいたま市"@ja	<http://dbpedia.org/ontology/PopulatedPlace>	<http://ja.dbpedia.org/property/east>	"East"@ja	<http://ja.wikipedia.org/wiki/さいたま市>	<http://wikidata.dbpedia.org/resource/Q134635>
<http://ja.dbpedia.org/resource/さいたま市>	"さいたま市"@ja	<http://dbpedia.org/ontology/City>	<http://ja.dbpedia.org/property/隣接自治体>	"隣接自治体"@ja	<http://ja.wikipedia.org/wiki/さいたま市>	<http://wikidata.dbpedia.org/resource/Q134635>
<http://ja.dbpedia.org/resource/さいたま市>	"さいたま市"@ja	<http://dbpedia.org/ontology/Settlement>	<http://ja.dbpedia.org/property/east>	"East"@ja	<http://ja.wikipedia.org/wiki/さいたま市>	<http://wikidata.dbpedia.org/resource/Q134635>
<http://ja.dbpedia.org/resource/中央_(春日部市)>	"中央 (春日部市)"@ja	<http://dbpedia.org/ontology/Location>	<http://ja.dbpedia.org/property/subdivisionName>	"subdivision name"@ja	<http://ja.wikipedia.org/wiki/中央_(春日部市)>	<http://wikidata.dbpedia.org/resource/Q11363555>
<http://ja.dbpedia.org/resource/中央_(春日部市)>	"中央 (春日部市)"@ja	<http://dbpedia.org/ontology/PopulatedPlace>	<http://ja.dbpedia.org/property/subdivisionName>	"subdivision name"@ja	<http://ja.wikipedia.org/wiki/中央_(春日部市)>	<http://wikidata.dbpedia.org/resource/Q11363555>
<http://ja.dbpedia.org/resource/中央_(春日部市)>	"中央 (春日部市)"@ja	<http://dbpedia.org/ontology/Settlement>	<http://ja.dbpedia.org/property/subdivisionName>	"subdivision name"@ja	<http://ja.wikipedia.org/wiki/中央_(春日部市)>	<http://wikidata.dbpedia.org/resource/Q11363555>
<http://ja.dbpedia.org/resource/中央_(春日部市)>	"中央 (春日部市)"@ja	<http://dbpedia.org/ontology/Place>	<http://ja.dbpedia.org/property/subdivisionName>	"subdivision name"@ja	<http://ja.wikipedia.org/wiki/中央_(春日部市)>	<http://wikidata.dbpedia.org/resource/Q11363555>
<http://ja.dbpedia.org/resource/南_(春日部市)>	"南 (春日部市)"@ja	<http://dbpedia.org/ontology/Place>	<http://ja.dbpedia.org/property/subdivisionName>	"subdivision name"@ja	<http://ja.wikipedia.org/wiki/南_(春日部市)>	<http://wikidata.dbpedia.org/resource/Q11407272>
<http://ja.dbpedia.org/resource/南_(春日部市)>	"南 (春日部市)"@ja	<http://dbpedia.org/ontology/Settlement>	<http://ja.dbpedia.org/property/subdivisionName>	"subdivision name"@ja	<http://ja.wikipedia.org/wiki/南_(春日部市)>	<http://wikidata.dbpedia.org/resource/Q11407272>
<http://ja.dbpedia.org/resource/南_(春日部市)>	"南 (春日部市)"@ja	<http://dbpedia.org/ontology/PopulatedPlace>	<http://ja.dbpedia.org/property/subdivisionName>	"subdivision name"@ja	<http://ja.wikipedia.org/wiki/南_(春日部市)>	<http://wikidata.dbpedia.org/resource/Q11407272>
<http://ja.dbpedia.org/resource/南_(春日部市)>	"南 (春日部市)"@ja	<http://dbpedia.org/ontology/Location>	<http://ja.dbpedia.org/property/subdivisionName>	"subdivision name"@ja	<http://ja.wikipedia.org/wiki/南_(春日部市)>	<http://wikidata.dbpedia.org/resource/Q11407272>
<http://ja.dbpedia.org/resource/四ヶ村落>	"四ヶ村落"@ja	<http://dbpedia.org/ontology/NaturalPlace>	<http://ja.dbpedia.org/property/流路>	"流路"@ja	<http://ja.wikipedia.org/wiki/四ヶ村落>	<http://wikidata.dbpedia.org/resource/Q11419578>
<http://ja.dbpedia.org/resource/四ヶ村落>	"四ヶ村落"@ja	<http://dbpedia.org/ontology/BodyOfWater>	<http://ja.dbpedia.org/property/流路>	"流路"@ja	<http://ja.wikipedia.org/wiki/四ヶ村落>	<http://wikidata.dbpedia.org/resource/Q11419578>
<http://ja.dbpedia.org/resource/四ヶ村落>	"四ヶ村落"@ja	<http://dbpedia.org/ontology/Stream>	<http://ja.dbpedia.org/property/流路>	"流路"@ja	<http://ja.wikipedia.org/wiki/四ヶ村落>	<http://wikidata.dbpedia.org/resource/Q11419578>
<http://ja.dbpedia.org/resource/四ヶ村落>	"四ヶ村落"@ja	<http://dbpedia.org/ontology/River>	<http://ja.dbpedia.org/property/流路>	"流路"@ja	<http://ja.wikipedia.org/wiki/四ヶ村落>	<http://wikidata.dbpedia.org/resource/Q11419578>
<http://ja.dbpedia.org/resource/四ヶ村落>	"四ヶ村落"@ja	<http://dbpedia.org/ontology/Place>	<http://ja.dbpedia.org/property/流路>	"流路"@ja	<http://ja.wikipedia.org/wiki/四ヶ村落>	<http://wikidata.dbpedia.org/resource/Q11419578>
<http://ja.dbpedia.org/resource/四ヶ村落>	"四ヶ村落"@ja	<http://dbpedia.org/ontology/Location>	<http://ja.dbpedia.org/property/流路>	"流路"@ja	<http://ja.wikipedia.org/wiki/四ヶ村落>	<http://wikidata.dbpedia.org/resource/Q11419578>
<http://ja.dbpedia.org/resource/国道16号>	"国道16号"@ja	<http://dbpedia.org/ontology/Road>	<http://ja.dbpedia.org/property/環状線通過都市>	"環状線通過都市"@ja	<http://ja.wikipedia.org/wiki/国道16号>	<http://wikidata.dbpedia.org/resource/Q1058005>
<http://ja.dbpedia.org/resource/国道16号>	"国道16号"@ja	<http://dbpedia.org/ontology/ArchitecturalStructure>	<http://ja.dbpedia.org/property/環状線通過都市>	"環状線通過都市"@ja	<http://ja.wikipedia.org/wiki/国道16号>	<http://wikidata.dbpedia.org/resource/Q1058005>
<http://ja.dbpedia.org/resource/国道16号>	"国道16号"@ja	<http://dbpedia.org/ontology/RouteOfTransportation>	<http://ja.dbpedia.org/property/環状線通過都市>	"環状線通過都市"@ja	<http://ja.wikipedia.org/wiki/国道16号>	<http://wikidata.dbpedia.org/resource/Q1058005>
<http://ja.dbpedia.org/resource/国道16号>	"国道16号"@ja	<http://dbpedia.org/ontology/Infrastructure>	<http://ja.dbpedia.org/property/環状線通過都市>	"環状線通過都市"@ja	<http://ja.wikipedia.org/wiki/国道16号>	<http://wikidata.dbpedia.org/resource/Q1058005>
<http://ja.dbpedia.org/resource/土屋義彦>	"土屋義彦"@ja	<http://dbpedia.org/ontology/Person>	<http://ja.dbpedia.org/property/選挙区>	"選挙区"@ja	<http://ja.wikipedia.org/wiki/土屋義彦>	<http://wikidata.dbpedia.org/resource/Q11423318>
<http://ja.dbpedia.org/resource/土屋義彦>	"土屋義彦"@ja	<http://dbpedia.org/ontology/Species>	<http://ja.dbpedia.org/property/選挙区>	"選挙区"@ja	<http://ja.wikipedia.org/wiki/土屋義彦>	<http://wikidata.dbpedia.org/resource/Q11423318>
<http://ja.dbpedia.org/resource/土屋義彦>	"土屋義彦"@ja	<http://dbpedia.org/ontology/Animal>	<http://ja.dbpedia.org/property/選挙区>	"選挙区"@ja	<http://ja.wikipedia.org/wiki/土屋義彦>	<http://wikidata.dbpedia.org/resource/Q11423318>
<http://ja.dbpedia.org/resource/土屋義彦>	"土屋義彦"@ja	<http://dbpedia.org/ontology/Politician>	<http://ja.dbpedia.org/property/選挙区>	"選挙区"@ja	<http://ja.wikipedia.org/wiki/土屋義彦>	<http://wikidata.dbpedia.org/resource/Q11423318>
<http://ja.dbpedia.org/resource/土屋義彦>	"土屋義彦"@ja	<http://dbpedia.org/ontology/Eukaryote>	<http://ja.dbpedia.org/property/選挙区>	"選挙区"@ja	<http://ja.wikipedia.org/wiki/土屋義彦>	<http://wikidata.dbpedia.org/resource/Q11423318>
<http://ja.dbpedia.org/resource/埼玉県道10号春日部松伏線>	"埼玉県道10号春日部松伏線"@ja	<http://dbpedia.org/ontology/RouteOfTransportation>	<http://ja.dbpedia.org/property/起点>	"起点"@ja	<http://ja.wikipedia.org/wiki/埼玉県道10号春日部松伏線>	<http://wikidata.dbpedia.org/resource/Q11426819>
<http://ja.dbpedia.org/resource/埼玉県道10号春日部松伏線>	"埼玉県道10号春日部松伏線"@ja	<http://dbpedia.org/ontology/Infrastructure>	<http://ja.dbpedia.org/property/起点>	"起点"@ja	<http://ja.wikipedia.org/wiki/埼玉県道10号春日部松伏線>	<http://wikidata.dbpedia.org/resource/Q11426819>
<http://ja.dbpedia.org/resource/埼玉県道10号春日部松伏線>	"埼玉県道10号春日部松伏線"@ja	<http://dbpedia.org/ontology/Road>	<http://ja.dbpedia.org/property/起点>	"起点"@ja	<http://ja.wikipedia.org/wiki/埼玉県道10号春日部松伏線>	<http://wikidata.dbpedia.org/resource/Q11426819>
<http://ja.dbpedia.org/resource/埼玉県道10号春日部松伏線>	"埼玉県道10号春日部松伏線"@ja	<http://dbpedia.org/ontology/ArchitecturalStructure>	<http://ja.dbpedia.org/property/起点>	"起点"@ja	<http://ja.wikipedia.org/wiki/埼玉県道10号春日部松伏線>	<http://wikidata.dbpedia.org/resource/Q11426819>
<http://ja.dbpedia.org/resource/埼玉県道78号春日部菖蒲線>	"埼玉県道78号春日部菖蒲線"@ja	<http://dbpedia.org/ontology/RouteOfTransportation>	<http://ja.dbpedia.org/property/起点>	"起点"@ja	<http://ja.wikipedia.org/wiki/埼玉県道78号春日部菖蒲線>	<http://wikidata.dbpedia.org/resource/Q11427088>
<http://ja.dbpedia.org/resource/埼玉県道78号春日部菖蒲線>	"埼玉県道78号春日部菖蒲線"@ja	<http://dbpedia.org/ontology/Infrastructure>	<http://ja.dbpedia.org/property/起点>	"起点"@ja	<http://ja.wikipedia.org/wiki/埼玉県道78号春日部菖蒲線>	<http://wikidata.dbpedia.org/resource/Q11427088>
<http://ja.dbpedia.org/resource/埼玉県道78号春日部菖蒲線>	"埼玉県道78号春日部菖蒲線"@ja	<http://dbpedia.org/ontology/Road>	<http://ja.dbpedia.org/property/起点>	"起点"@ja	<http://ja.wikipedia.org/wiki/埼玉県道78号春日部菖蒲線>	<http://wikidata.dbpedia.org/resource/Q11427088>
<http://ja.dbpedia.org/resource/埼玉県道78号春日部菖蒲線>	"埼玉県道78号春日部菖蒲線"@ja	<http://dbpedia.org/ontology/ArchitecturalStructure>	<http://ja.dbpedia.org/property/起点>	"起点"@ja	<http://ja.wikipedia.org/wiki/埼玉県道78号春日部菖蒲線>	<http://wikidata.dbpedia.org/resource/Q11427088>
<http://ja.dbpedia.org/resource/埼玉県道85号春日部久喜線>	"埼玉県道85号春日部久喜線"@ja	<http://dbpedia.org/ontology/Infrastructure>	<http://ja.dbpedia.org/property/起点>	"起点"@ja	<http://ja.wikipedia.org/wiki/埼玉県道85号春日部久喜線>	<http://wikidata.dbpedia.org/resource/Q11427093>
<http://ja.dbpedia.org/resource/埼玉県道85号春日部久喜線>	"埼玉県道85号春日部久喜線"@ja	<http://dbpedia.org/ontology/RouteOfTransportation>	<http://ja.dbpedia.org/property/起点>	"起点"@ja	<http://ja.wikipedia.org/wiki/埼玉県道85号春日部久喜線>	<http://wikidata.dbpedia.org/resource/Q11427093>
<http://ja.dbpedia.org/resource/埼玉県道85号春日部久喜線>	"埼玉県道85号春日部久喜線"@ja	<http://dbpedia.org/ontology/ArchitecturalStructure>	<http://ja.dbpedia.org/property/起点>	"起点"@ja	<http://ja.wikipedia.org/wiki/埼玉県道85号春日部久喜線>	<http://wikidata.dbpedia.org/resource/Q11427093>
<http://ja.dbpedia.org/resource/埼玉県道85号春日部久喜線>	"埼玉県道85号春日部久喜線"@ja	<http://dbpedia.org/ontology/Road>	<http://ja.dbpedia.org/property/起点>	"起点"@ja	<http://ja.wikipedia.org/wiki/埼玉県道85号春日部久喜線>	<http://wikidata.dbpedia.org/resource/Q11427093>
<http://ja.dbpedia.org/resource/増戸>	"増戸"@ja	<http://dbpedia.org/ontology/Location>	<http://ja.dbpedia.org/property/subdivisionName>	"subdivision name"@ja	<http://ja.wikipedia.org/wiki/増戸>	<http://wikidata.dbpedia.org/resource/Q28686453>
<http://ja.dbpedia.org/resource/増戸>	"増戸"@ja	<http://dbpedia.org/ontology/PopulatedPlace>	<http://ja.dbpedia.org/property/subdivisionName>	"subdivision name"@ja	<http://ja.wikipedia.org/wiki/増戸>	<http://wikidata.dbpedia.org/resource/Q28686453>
<http://ja.dbpedia.org/resource/増戸>	"増戸"@ja	<http://dbpedia.org/ontology/Settlement>	<http://ja.dbpedia.org/property/subdivisionName>	"subdivision name"@ja	<http://ja.wikipedia.org/wiki/増戸>	<http://wikidata.dbpedia.org/resource/Q28686453>
<http://ja.dbpedia.org/resource/増戸>	"増戸"@ja	<http://dbpedia.org/ontology/Place>	<http://ja.dbpedia.org/property/subdivisionName>	"subdivision name"@ja	<http://ja.wikipedia.org/wiki/増戸>	<http://wikidata.dbpedia.org/resource/Q28686453>
<http://ja.dbpedia.org/resource/安戸落悪水路>	"安戸落悪水路"@ja	<http://dbpedia.org/ontology/NaturalPlace>	<http://ja.dbpedia.org/property/流路>	"流路"@ja	<http://ja.wikipedia.org/wiki/安戸落悪水路>	<http://wikidata.dbpedia.org/resource/Q11450710>
<http://ja.dbpedia.org/resource/安戸落悪水路>	"安戸落悪水路"@ja	<http://dbpedia.org/ontology/Stream>	<http://ja.dbpedia.org/property/流路>	"流路"@ja	<http://ja.wikipedia.org/wiki/安戸落悪水路>	<http://wikidata.dbpedia.org/resource/Q11450710>
<http://ja.dbpedia.org/resource/安戸落悪水路>	"安戸落悪水路"@ja	<http://dbpedia.org/ontology/BodyOfWater>	<http://ja.dbpedia.org/property/流路>	"流路"@ja	<http://ja.wikipedia.org/wiki/安戸落悪水路>	<http://wikidata.dbpedia.org/resource/Q11450710>
<http://ja.dbpedia.org/resource/安戸落悪水路>	"安戸落悪水路"@ja	<http://dbpedia.org/ontology/Place>	<http://ja.dbpedia.org/property/流路>	"流路"@ja	<http://ja.wikipedia.org/wiki/安戸落悪水路>	<http://wikidata.dbpedia.org/resource/Q11450710>
<http://ja.dbpedia.org/resource/安戸落悪水路>	"安戸落悪水路"@ja	<http://dbpedia.org/ontology/River>	<http://ja.dbpedia.org/property/流路>	"流路"@ja	<http://ja.wikipedia.org/wiki/安戸落悪水路>	<http://wikidata.dbpedia.org/resource/Q11450710>
<http://ja.dbpedia.org/resource/安戸落悪水路>	"安戸落悪水路"@ja	<http://dbpedia.org/ontology/Location>	<http://ja.dbpedia.org/property/流路>	"流路"@ja	<http://ja.wikipedia.org/wiki/安戸落悪水路>	<http://wikidata.dbpedia.org/resource/Q11450710>
<http://ja.dbpedia.org/resource/岩槻市>	"岩槻市"@ja	<http://dbpedia.org/ontology/PopulatedPlace>	<http://ja.dbpedia.org/property/隣接自治体>	"隣接自治体"@ja	<http://ja.wikipedia.org/wiki/岩槻市>	<http://wikidata.dbpedia.org/resource/Q3156410>
<http://ja.dbpedia.org/resource/岩槻市>	"岩槻市"@ja	<http://dbpedia.org/ontology/Settlement>	<http://ja.dbpedia.org/property/隣接自治体>	"隣接自治体"@ja	<http://ja.wikipedia.org/wiki/岩槻市>	<http://wikidata.dbpedia.org/resource/Q3156410>
<http://ja.dbpedia.org/resource/岩槻市>	"岩槻市"@ja	<http://dbpedia.org/ontology/Location>	<http://ja.dbpedia.org/property/隣接自治体>	"隣接自治体"@ja	<http://ja.wikipedia.org/wiki/岩槻市>	<http://wikidata.dbpedia.org/resource/Q3156410>
<http://ja.dbpedia.org/resource/岩槻市>	"岩槻市"@ja	<http://dbpedia.org/ontology/Place>	<http://ja.dbpedia.org/property/隣接自治体>	"隣接自治体"@ja	<http://ja.wikipedia.org/wiki/岩槻市>	<http://wikidata.dbpedia.org/resource/Q3156410>
<http://ja.dbpedia.org/resource/岩槻市>	"岩槻市"@ja	<http://dbpedia.org/ontology/City>	<http://ja.dbpedia.org/property/隣接自治体>	"隣接自治体"@ja	<http://ja.wikipedia.org/wiki/岩槻市>	<http://wikidata.dbpedia.org/resource/Q3156410>
<http://ja.dbpedia.org/resource/岩谷一弘>	"岩谷一弘"@ja	<http://dbpedia.org/ontology/Species>	<http://ja.dbpedia.org/property/前職>	"前職"@ja	<http://ja.wikipedia.org/wiki/岩谷一弘>	<http://wikidata.dbpedia.org/resource/Q109595902>
<http://ja.dbpedia.org/resource/岩谷一弘>	"岩谷一弘"@ja	<http://dbpedia.org/ontology/Politician>	<http://ja.dbpedia.org/property/現職>	"現職"@ja	<http://ja.wikipedia.org/wiki/岩谷一弘>	<http://wikidata.dbpedia.org/resource/Q109595902>
<http://ja.dbpedia.org/resource/岩谷一弘>	"岩谷一弘"@ja	<http://dbpedia.org/ontology/Eukaryote>	<http://ja.dbpedia.org/property/現職>	"現職"@ja	<http://ja.wikipedia.org/wiki/岩谷一弘>	<http://wikidata.dbpedia.org/resource/Q109595902>
<http://ja.dbpedia.org/resource/岩谷一弘>	"岩谷一弘"@ja	<http://dbpedia.org/ontology/Person>	<http://ja.dbpedia.org/property/前職>	"前職"@ja	<http://ja.wikipedia.org/wiki/岩谷一弘>	<http://wikidata.dbpedia.org/resource/Q109595902>
<http://ja.dbpedia.org/resource/岩谷一弘>	"岩谷一弘"@ja	<http://dbpedia.org/ontology/Animal>	<http://ja.dbpedia.org/property/現職>	"現職"@ja	<http://ja.wikipedia.org/wiki/岩谷一弘>	<http://wikidata.dbpedia.org/resource/Q109595902>
<http://ja.dbpedia.org/resource/岩谷一弘>	"岩谷一弘"@ja	<http://dbpedia.org/ontology/Animal>	<http://ja.dbpedia.org/property/前職>	"前職"@ja	<http://ja.wikipedia.org/wiki/岩谷一弘>	<http://wikidata.dbpedia.org/resource/Q109595902>
<http://ja.dbpedia.org/resource/岩谷一弘>	"岩谷一弘"@ja	<http://dbpedia.org/ontology/Person>	<http://ja.dbpedia.org/property/現職>	"現職"@ja	<http://ja.wikipedia.org/wiki/岩谷一弘>	<http://wikidata.dbpedia.org/resource/Q109595902>
<http://ja.dbpedia.org/resource/岩谷一弘>	"岩谷一弘"@ja	<http://dbpedia.org/ontology/Politician>	<http://ja.dbpedia.org/property/前職>	"前職"@ja	<http://ja.wikipedia.org/wiki/岩谷一弘>	<http://wikidata.dbpedia.org/resource/Q109595902>
<http://ja.dbpedia.org/resource/岩谷一弘>	"岩谷一弘"@ja	<http://dbpedia.org/ontology/Species>	<http://ja.dbpedia.org/property/現職>	"現職"@ja	<http://ja.wikipedia.org/wiki/岩谷一弘>	<http://wikidata.dbpedia.org/resource/Q109595902>
<http://ja.dbpedia.org/resource/岩谷一弘>	"岩谷一弘"@ja	<http://dbpedia.org/ontology/Eukaryote>	<http://ja.dbpedia.org/property/前職>	"前職"@ja	<http://ja.wikipedia.org/wiki/岩谷一弘>	<http://wikidata.dbpedia.org/resource/Q109595902>
<http://ja.dbpedia.org/resource/新方川>	"新方川"@ja	<http://dbpedia.org/ontology/Location>	<http://ja.dbpedia.org/property/水源>	"水源"@ja	<http://ja.wikipedia.org/wiki/新方川>	<http://wikidata.dbpedia.org/resource/Q11502336>
<http://ja.dbpedia.org/resource/新方川>	"新方川"@ja	<http://dbpedia.org/ontology/Place>	<http://ja.dbpedia.org/property/水源>	"水源"@ja	<http://ja.wikipedia.org/wiki/新方川>	<http://wikidata.dbpedia.org/resource/Q11502336>
<http://ja.dbpedia.org/resource/新方川>	"新方川"@ja	<http://dbpedia.org/ontology/River>	<http://ja.dbpedia.org/property/水源>	"水源"@ja	<http://ja.wikipedia.org/wiki/新方川>	<http://wikidata.dbpedia.org/resource/Q11502336>
<http://ja.dbpedia.org/resource/新方川>	"新方川"@ja	<http://dbpedia.org/ontology/NaturalPlace>	<http://ja.dbpedia.org/property/水源>	"水源"@ja	<http://ja.wikipedia.org/wiki/新方川>	<http://wikidata.dbpedia.org/resource/Q11502336>
<http://ja.dbpedia.org/resource/新方川>	"新方川"@ja	<http://dbpedia.org/ontology/BodyOfWater>	<http://ja.dbpedia.org/property/水源>	"水源"@ja	<http://ja.wikipedia.org/wiki/新方川>	<http://wikidata.dbpedia.org/resource/Q11502336>
<http://ja.dbpedia.org/resource/新方川>	"新方川"@ja	<http://dbpedia.org/ontology/Stream>	<http://ja.dbpedia.org/property/水源>	"水源"@ja	<http://ja.wikipedia.org/wiki/新方川>	<http://wikidata.dbpedia.org/resource/Q11502336>
<http://ja.dbpedia.org/resource/春日部市立幸松小学校>	"春日部市立幸松小学校"@ja	<http://dbpedia.org/ontology/Organisation>	<http://ja.dbpedia.org/property/設置者>	"設置者"@ja	<http://ja.wikipedia.org/wiki/春日部市立幸松小学校>	<http://wikidata.dbpedia.org/resource/Q55531713>
<http://ja.dbpedia.org/resource/春日部市立幸松小学校>	"春日部市立幸松小学校"@ja	<http://dbpedia.org/ontology/Agent>	<http://ja.dbpedia.org/property/設置者>	"設置者"@ja	<http://ja.wikipedia.org/wiki/春日部市立幸松小学校>	<http://wikidata.dbpedia.org/resource/Q55531713>
<http://ja.dbpedia.org/resource/春日部市立幸松小学校>	"春日部市立幸松小学校"@ja	<http://dbpedia.org/ontology/School>	<http://ja.dbpedia.org/property/設置者>	"設置者"@ja	<http://ja.wikipedia.org/wiki/春日部市立幸松小学校>	<http://wikidata.dbpedia.org/resource/Q55531713>
<http://ja.dbpedia.org/resource/春日部市立幸松小学校>	"春日部市立幸松小学校"@ja	<http://dbpedia.org/ontology/EducationalInstitution>	<http://ja.dbpedia.org/property/設置者>	"設置者"@ja	<http://ja.wikipedia.org/wiki/春日部市立幸松小学校>	<http://wikidata.dbpedia.org/resource/Q55531713>
<http://ja.dbpedia.org/resource/春日部市立武里小学校>	"春日部市立武里小学校"@ja	<http://dbpedia.org/ontology/EducationalInstitution>	<http://ja.dbpedia.org/property/設置者>	"設置者"@ja	<http://ja.wikipedia.org/wiki/春日部市立武里小学校>	<http://wikidata.dbpedia.org/resource/Q107970435>
<http://ja.dbpedia.org/resource/春日部市立武里小学校>	"春日部市立武里小学校"@ja	<http://dbpedia.org/ontology/School>	<http://ja.dbpedia.org/property/設置者>	"設置者"@ja	<http://ja.wikipedia.org/wiki/春日部市立武里小学校>	<http://wikidata.dbpedia.org/resource/Q107970435>
<http://ja.dbpedia.org/resource/春日部市立武里小学校>	"春日部市立武里小学校"@ja	<http://dbpedia.org/ontology/Organisation>	<http://ja.dbpedia.org/property/設置者>	"設置者"@ja	<http://ja.wikipedia.org/wiki/春日部市立武里小学校>	<http://wikidata.dbpedia.org/resource/Q107970435>
<http://ja.dbpedia.org/resource/春日部市立武里小学校>	"春日部市立武里小学校"@ja	<http://dbpedia.org/ontology/Agent>	<http://ja.dbpedia.org/property/設置者>	"設置者"@ja	<http://ja.wikipedia.org/wiki/春日部市立武里小学校>	<http://wikidata.dbpedia.org/resource/Q107970435>
<http://ja.dbpedia.org/resource/春日部市立粕壁小学校>	"春日部市立粕壁小学校"@ja	<http://dbpedia.org/ontology/School>	<http://ja.dbpedia.org/property/設置者>	"設置者"@ja	<http://ja.wikipedia.org/wiki/春日部市立粕壁小学校>	<http://wikidata.dbpedia.org/resource/Q56348529>
<http://ja.dbpedia.org/resource/春日部市立粕壁小学校>	"春日部市立粕壁小学校"@ja	<http://dbpedia.org/ontology/EducationalInstitution>	<http://ja.dbpedia.org/property/設置者>	"設置者"@ja	<http://ja.wikipedia.org/wiki/春日部市立粕壁小学校>	<http://wikidata.dbpedia.org/resource/Q56348529>
<http://ja.dbpedia.org/resource/春日部市立粕壁小学校>	"春日部市立粕壁小学校"@ja	<http://dbpedia.org/ontology/Agent>	<http://ja.dbpedia.org/property/設置者>	"設置者"@ja	<http://ja.wikipedia.org/wiki/春日部市立粕壁小学校>	<http://wikidata.dbpedia.org/resource/Q56348529>
<http://ja.dbpedia.org/resource/春日部市立粕壁小学校>	"春日部市立粕壁小学校"@ja	<http://dbpedia.org/ontology/Organisation>	<http://ja.dbpedia.org/property/設置者>	"設置者"@ja	<http://ja.wikipedia.org/wiki/春日部市立粕壁小学校>	<http://wikidata.dbpedia.org/resource/Q56348529>
<http://ja.dbpedia.org/resource/春日部市立豊春小学校>	"春日部市立豊春小学校"@ja	<http://dbpedia.org/ontology/EducationalInstitution>	<http://ja.dbpedia.org/property/設置者>	"設置者"@ja	<http://ja.wikipedia.org/wiki/春日部市立豊春小学校>	<http://wikidata.dbpedia.org/resource/Q86498463>
<http://ja.dbpedia.org/resource/春日部市立豊春小学校>	"春日部市立豊春小学校"@ja	<http://dbpedia.org/ontology/School>	<http://ja.dbpedia.org/property/設置者>	"設置者"@ja	<http://ja.wikipedia.org/wiki/春日部市立豊春小学校>	<http://wikidata.dbpedia.org/resource/Q86498463>
<http://ja.dbpedia.org/resource/春日部市立豊春小学校>	"春日部市立豊春小学校"@ja	<http://dbpedia.org/ontology/Agent>	<http://ja.dbpedia.org/property/設置者>	"設置者"@ja	<http://ja.wikipedia.org/wiki/春日部市立豊春小学校>	<http://wikidata.dbpedia.org/resource/Q86498463>
<http://ja.dbpedia.org/resource/春日部市立豊春小学校>	"春日部市立豊春小学校"@ja	<http://dbpedia.org/ontology/Organisation>	<http://ja.dbpedia.org/property/設置者>	"設置者"@ja	<http://ja.wikipedia.org/wiki/春日部市立豊春小学校>	<http://wikidata.dbpedia.org/resource/Q86498463>
<http://ja.dbpedia.org/resource/松伏町>	"松伏町"@ja	<http://dbpedia.org/ontology/Place>	<http://ja.dbpedia.org/property/隣接自治体>	"隣接自治体"@ja	<http://ja.wikipedia.org/wiki/松伏町>	<http://wikidata.dbpedia.org/resource/Q1346963>
<http://ja.dbpedia.org/resource/松伏町>	"松伏町"@ja	<http://dbpedia.org/ontology/City>	<http://ja.dbpedia.org/property/隣接自治体>	"隣接自治体"@ja	<http://ja.wikipedia.org/wiki/松伏町>	<http://wikidata.dbpedia.org/resource/Q1346963>
<http://ja.dbpedia.org/resource/松伏町>	"松伏町"@ja	<http://dbpedia.org/ontology/Settlement>	<http://ja.dbpedia.org/property/隣接自治体>	"隣接自治体"@ja	<http://ja.wikipedia.org/wiki/松伏町>	<http://wikidata.dbpedia.org/resource/Q1346963>
<http://ja.dbpedia.org/resource/松伏町>	"松伏町"@ja	<http://dbpedia.org/ontology/PopulatedPlace>	<http://ja.dbpedia.org/property/隣接自治体>	"隣接自治体"@ja	<http://ja.wikipedia.org/wiki/松伏町>	<http://wikidata.dbpedia.org/resource/Q1346963>
<http://ja.dbpedia.org/resource/松伏町>	"松伏町"@ja	<http://dbpedia.org/ontology/Location>	<http://ja.dbpedia.org/property/隣接自治体>	"隣接自治体"@ja	<http://ja.wikipedia.org/wiki/松伏町>	<http://wikidata.dbpedia.org/resource/Q1346963>
<http://ja.dbpedia.org/resource/牛島_(春日部市)>	"牛島 (春日部市)"@ja	<http://dbpedia.org/ontology/PopulatedPlace>	<http://ja.dbpedia.org/property/subdivisionName>	"subdivision name"@ja	<http://ja.wikipedia.org/wiki/牛島_(春日部市)>	<http://wikidata.dbpedia.org/resource/Q65272723>
<http://ja.dbpedia.org/resource/牛島_(春日部市)>	"牛島 (春日部市)"@ja	<http://dbpedia.org/ontology/Location>	<http://ja.dbpedia.org/property/subdivisionName>	"subdivision name"@ja	<http://ja.wikipedia.org/wiki/牛島_(春日部市)>	<http://wikidata.dbpedia.org/resource/Q65272723>
<http://ja.dbpedia.org/resource/牛島_(春日部市)>	"牛島 (春日部市)"@ja	<http://dbpedia.org/ontology/Settlement>	<http://ja.dbpedia.org/property/subdivisionName>	"subdivision name"@ja	<http://ja.wikipedia.org/wiki/牛島_(春日部市)>	<http://wikidata.dbpedia.org/resource/Q65272723>
<http://ja.dbpedia.org/resource/牛島_(春日部市)>	"牛島 (春日部市)"@ja	<http://dbpedia.org/ontology/Place>	<http://ja.dbpedia.org/property/subdivisionName>	"subdivision name"@ja	<http://ja.wikipedia.org/wiki/牛島_(春日部市)>	<http://wikidata.dbpedia.org/resource/Q65272723>
<http://ja.dbpedia.org/resource/石川良三>	"石川良三"@ja	<http://dbpedia.org/ontology/Politician>	<http://ja.dbpedia.org/property/職名>	"職名"@ja	<http://ja.wikipedia.org/wiki/石川良三>	<http://wikidata.dbpedia.org/resource/Q16264033>
<http://ja.dbpedia.org/resource/石川良三>	"石川良三"@ja	<http://dbpedia.org/ontology/Eukaryote>	<http://ja.dbpedia.org/property/職名>	"職名"@ja	<http://ja.wikipedia.org/wiki/石川良三>	<http://wikidata.dbpedia.org/resource/Q16264033>
<http://ja.dbpedia.org/resource/石川良三>	"石川良三"@ja	<http://dbpedia.org/ontology/Animal>	<http://ja.dbpedia.org/property/職名>	"職名"@ja	<http://ja.wikipedia.org/wiki/石川良三>	<http://wikidata.dbpedia.org/resource/Q16264033>
<http://ja.dbpedia.org/resource/石川良三>	"石川良三"@ja	<http://dbpedia.org/ontology/Person>	<http://ja.dbpedia.org/property/職名>	"職名"@ja	<http://ja.wikipedia.org/wiki/石川良三>	<http://wikidata.dbpedia.org/resource/Q16264033>
<http://ja.dbpedia.org/resource/石川良三>	"石川良三"@ja	<http://dbpedia.org/ontology/Species>	<http://ja.dbpedia.org/property/職名>	"職名"@ja	<http://ja.wikipedia.org/wiki/石川良三>	<http://wikidata.dbpedia.org/resource/Q16264033>
<http://ja.dbpedia.org/resource/粕壁東>	"粕壁東"@ja	<http://dbpedia.org/ontology/Place>	<http://ja.dbpedia.org/property/subdivisionName>	"subdivision name"@ja	<http://ja.wikipedia.org/wiki/粕壁東>	<http://wikidata.dbpedia.org/resource/Q24868907>
<http://ja.dbpedia.org/resource/粕壁東>	"粕壁東"@ja	<http://dbpedia.org/ontology/Settlement>	<http://ja.dbpedia.org/property/subdivisionName>	"subdivision name"@ja	<http://ja.wikipedia.org/wiki/粕壁東>	<http://wikidata.dbpedia.org/resource/Q24868907>
<http://ja.dbpedia.org/resource/粕壁東>	"粕壁東"@ja	<http://dbpedia.org/ontology/Location>	<http://ja.dbpedia.org/property/subdivisionName>	"subdivision name"@ja	<http://ja.wikipedia.org/wiki/粕壁東>	<http://wikidata.dbpedia.org/resource/Q24868907>
<http://ja.dbpedia.org/resource/粕壁東>	"粕壁東"@ja	<http://dbpedia.org/ontology/PopulatedPlace>	<http://ja.dbpedia.org/property/subdivisionName>	"subdivision name"@ja	<http://ja.wikipedia.org/wiki/粕壁東>	<http://wikidata.dbpedia.org/resource/Q24868907>
<http://ja.dbpedia.org/resource/粕壁町>	"粕壁町"@ja	<http://dbpedia.org/ontology/Place>	<http://ja.dbpedia.org/property/subdivisionName>	"subdivision name"@ja	<http://ja.wikipedia.org/wiki/粕壁町>	<http://wikidata.dbpedia.org/resource/Q11604479>
<http://ja.dbpedia.org/resource/粕壁町>	"粕壁町"@ja	<http://dbpedia.org/ontology/Place>	<http://ja.dbpedia.org/property/現在の自治体>	"現在の自治体"@ja	<http://ja.wikipedia.org/wiki/粕壁町>	<http://wikidata.dbpedia.org/resource/Q11604479>
<http://ja.dbpedia.org/resource/粕壁町>	"粕壁町"@ja	<http://dbpedia.org/ontology/Settlement>	<http://ja.dbpedia.org/property/現在の自治体>	"現在の自治体"@ja	<http://ja.wikipedia.org/wiki/粕壁町>	<http://wikidata.dbpedia.org/resource/Q11604479>
<http://ja.dbpedia.org/resource/粕壁町>	"粕壁町"@ja	<http://dbpedia.org/ontology/Settlement>	<http://ja.dbpedia.org/property/subdivisionName>	"subdivision name"@ja	<http://ja.wikipedia.org/wiki/粕壁町>	<http://wikidata.dbpedia.org/resource/Q11604479>
<http://ja.dbpedia.org/resource/粕壁町>	"粕壁町"@ja	<http://dbpedia.org/ontology/Location>	<http://ja.dbpedia.org/property/subdivisionName>	"subdivision name"@ja	<http://ja.wikipedia.org/wiki/粕壁町>	<http://wikidata.dbpedia.org/resource/Q11604479>
<http://ja.dbpedia.org/resource/粕壁町>	"粕壁町"@ja	<http://dbpedia.org/ontology/Location>	<http://ja.dbpedia.org/property/現在の自治体>	"現在の自治体"@ja	<http://ja.wikipedia.org/wiki/粕壁町>	<http://wikidata.dbpedia.org/resource/Q11604479>
<http://ja.dbpedia.org/resource/粕壁町>	"粕壁町"@ja	<http://dbpedia.org/ontology/PopulatedPlace>	<http://ja.dbpedia.org/property/現在の自治体>	"現在の自治体"@ja	<http://ja.wikipedia.org/wiki/粕壁町>	<http://wikidata.dbpedia.org/resource/Q11604479>
<http://ja.dbpedia.org/resource/粕壁町>	"粕壁町"@ja	<http://dbpedia.org/ontology/PopulatedPlace>	<http://ja.dbpedia.org/property/subdivisionName>	"subdivision name"@ja	<http://ja.wikipedia.org/wiki/粕壁町>	<http://wikidata.dbpedia.org/resource/Q11604479>
<http://ja.dbpedia.org/resource/越谷市>	"越谷市"@ja	<http://dbpedia.org/ontology/Place>	<http://ja.dbpedia.org/property/north>	"North"@ja	<http://ja.wikipedia.org/wiki/越谷市>	<http://wikidata.dbpedia.org/resource/Q497952>
<http://ja.dbpedia.org/resource/越谷市>	"越谷市"@ja	<http://dbpedia.org/ontology/City>	<http://ja.dbpedia.org/property/north>	"North"@ja	<http://ja.wikipedia.org/wiki/越谷市>	<http://wikidata.dbpedia.org/resource/Q497952>
<http://ja.dbpedia.org/resource/越谷市>	"越谷市"@ja	<http://dbpedia.org/ontology/Settlement>	<http://ja.dbpedia.org/property/north>	"North"@ja	<http://ja.wikipedia.org/wiki/越谷市>	<http://wikidata.dbpedia.org/resource/Q497952>
<http://ja.dbpedia.org/resource/越谷市>	"越谷市"@ja	<http://dbpedia.org/ontology/PopulatedPlace>	<http://ja.dbpedia.org/property/north>	"North"@ja	<http://ja.wikipedia.org/wiki/越谷市>	<http://wikidata.dbpedia.org/resource/Q497952>
<http://ja.dbpedia.org/resource/越谷市>	"越谷市"@ja	<http://dbpedia.org/ontology/Location>	<http://ja.dbpedia.org/property/north>	"North"@ja	<http://ja.wikipedia.org/wiki/越谷市>	<http://wikidata.dbpedia.org/resource/Q497952>
<http://ja.dbpedia.org/resource/隼人堀川>	"隼人堀川"@ja	<http://dbpedia.org/ontology/Place>	<http://ja.dbpedia.org/property/河口>	"河口"@ja	<http://ja.wikipedia.org/wiki/隼人堀川>	<http://wikidata.dbpedia.org/resource/Q11659105>
<http://ja.dbpedia.org/resource/隼人堀川>	"隼人堀川"@ja	<http://dbpedia.org/ontology/Location>	<http://ja.dbpedia.org/property/河口>	"河口"@ja	<http://ja.wikipedia.org/wiki/隼人堀川>	<http://wikidata.dbpedia.org/resource/Q11659105>
<http://ja.dbpedia.org/resource/隼人堀川>	"隼人堀川"@ja	<http://dbpedia.org/ontology/River>	<http://ja.dbpedia.org/property/河口>	"河口"@ja	<http://ja.wikipedia.org/wiki/隼人堀川>	<http://wikidata.dbpedia.org/resource/Q11659105>
<http://ja.dbpedia.org/resource/隼人堀川>	"隼人堀川"@ja	<http://dbpedia.org/ontology/BodyOfWater>	<http://ja.dbpedia.org/property/河口>	"河口"@ja	<http://ja.wikipedia.org/wiki/隼人堀川>	<http://wikidata.dbpedia.org/resource/Q11659105>
<http://ja.dbpedia.org/resource/隼人堀川>	"隼人堀川"@ja	<http://dbpedia.org/ontology/Stream>	<http://ja.dbpedia.org/property/河口>	"河口"@ja	<http://ja.wikipedia.org/wiki/隼人堀川>	<http://wikidata.dbpedia.org/resource/Q11659105>
<http://ja.dbpedia.org/resource/隼人堀川>	"隼人堀川"@ja	<http://dbpedia.org/ontology/NaturalPlace>	<http://ja.dbpedia.org/property/河口>	"河口"@ja	<http://ja.wikipedia.org/wiki/隼人堀川>	<http://wikidata.dbpedia.org/resource/Q11659105>
<http://ja.dbpedia.org/resource/千間>	"千間"@ja	<http://dbpedia.org/ontology/Location>	<http://ja.dbpedia.org/property/subdivisionName>	"subdivision name"@ja	<http://ja.wikipedia.org/wiki/千間>	
<http://ja.dbpedia.org/resource/千間>	"千間"@ja	<http://dbpedia.org/ontology/Place>	<http://ja.dbpedia.org/property/subdivisionName>	"subdivision name"@ja	<http://ja.wikipedia.org/wiki/千間>	
<http://ja.dbpedia.org/resource/千間>	"千間"@ja	<http://dbpedia.org/ontology/PopulatedPlace>	<http://ja.dbpedia.org/property/subdivisionName>	"subdivision name"@ja	<http://ja.wikipedia.org/wiki/千間>	
<http://ja.dbpedia.org/resource/千間>	"千間"@ja	<http://dbpedia.org/ontology/Settlement>	<http://ja.dbpedia.org/property/subdivisionName>	"subdivision name"@ja	<http://ja.wikipedia.org/wiki/千間>	
