?s	?sLabel	?type	?p	?pLabel	?jwiki	?wd
<http://ja.dbpedia.org/resource/入間市立東金子中学校>	"入間市立東金子中学校"@ja	<http://dbpedia.org/ontology/EducationalInstitution>	<http://ja.dbpedia.org/property/設置者>	"設置者"@ja	<http://ja.wikipedia.org/wiki/入間市立東金子中学校>	<http://wikidata.dbpedia.org/resource/Q65248974>
<http://ja.dbpedia.org/resource/入間市立東金子中学校>	"入間市立東金子中学校"@ja	<http://dbpedia.org/ontology/School>	<http://ja.dbpedia.org/property/設置者>	"設置者"@ja	<http://ja.wikipedia.org/wiki/入間市立東金子中学校>	<http://wikidata.dbpedia.org/resource/Q65248974>
<http://ja.dbpedia.org/resource/入間市立東金子中学校>	"入間市立東金子中学校"@ja	<http://dbpedia.org/ontology/Agent>	<http://ja.dbpedia.org/property/設置者>	"設置者"@ja	<http://ja.wikipedia.org/wiki/入間市立東金子中学校>	<http://wikidata.dbpedia.org/resource/Q65248974>
<http://ja.dbpedia.org/resource/入間市立東金子中学校>	"入間市立東金子中学校"@ja	<http://dbpedia.org/ontology/Organisation>	<http://ja.dbpedia.org/property/設置者>	"設置者"@ja	<http://ja.wikipedia.org/wiki/入間市立東金子中学校>	<http://wikidata.dbpedia.org/resource/Q65248974>
<http://ja.dbpedia.org/resource/入間市立藤沢中学校>	"入間市立藤沢中学校"@ja	<http://dbpedia.org/ontology/EducationalInstitution>	<http://ja.dbpedia.org/property/設置者>	"設置者"@ja	<http://ja.wikipedia.org/wiki/入間市立藤沢中学校>	<http://wikidata.dbpedia.org/resource/Q17211526>
<http://ja.dbpedia.org/resource/入間市立藤沢中学校>	"入間市立藤沢中学校"@ja	<http://dbpedia.org/ontology/School>	<http://ja.dbpedia.org/property/設置者>	"設置者"@ja	<http://ja.wikipedia.org/wiki/入間市立藤沢中学校>	<http://wikidata.dbpedia.org/resource/Q17211526>
<http://ja.dbpedia.org/resource/入間市立藤沢中学校>	"入間市立藤沢中学校"@ja	<http://dbpedia.org/ontology/Agent>	<http://ja.dbpedia.org/property/設置者>	"設置者"@ja	<http://ja.wikipedia.org/wiki/入間市立藤沢中学校>	<http://wikidata.dbpedia.org/resource/Q17211526>
<http://ja.dbpedia.org/resource/入間市立藤沢中学校>	"入間市立藤沢中学校"@ja	<http://dbpedia.org/ontology/Organisation>	<http://ja.dbpedia.org/property/設置者>	"設置者"@ja	<http://ja.wikipedia.org/wiki/入間市立藤沢中学校>	<http://wikidata.dbpedia.org/resource/Q17211526>
<http://ja.dbpedia.org/resource/向陽台_(入間市)>	"向陽台 (入間市)"@ja	<http://dbpedia.org/ontology/Place>	<http://ja.dbpedia.org/property/subdivisionName>	"subdivision name"@ja	<http://ja.wikipedia.org/wiki/向陽台_(入間市)>	<http://wikidata.dbpedia.org/resource/Q24876519>
<http://ja.dbpedia.org/resource/向陽台_(入間市)>	"向陽台 (入間市)"@ja	<http://dbpedia.org/ontology/Settlement>	<http://ja.dbpedia.org/property/subdivisionName>	"subdivision name"@ja	<http://ja.wikipedia.org/wiki/向陽台_(入間市)>	<http://wikidata.dbpedia.org/resource/Q24876519>
<http://ja.dbpedia.org/resource/向陽台_(入間市)>	"向陽台 (入間市)"@ja	<http://dbpedia.org/ontology/Location>	<http://ja.dbpedia.org/property/subdivisionName>	"subdivision name"@ja	<http://ja.wikipedia.org/wiki/向陽台_(入間市)>	<http://wikidata.dbpedia.org/resource/Q24876519>
<http://ja.dbpedia.org/resource/向陽台_(入間市)>	"向陽台 (入間市)"@ja	<http://dbpedia.org/ontology/PopulatedPlace>	<http://ja.dbpedia.org/property/subdivisionName>	"subdivision name"@ja	<http://ja.wikipedia.org/wiki/向陽台_(入間市)>	<http://wikidata.dbpedia.org/resource/Q24876519>
<http://ja.dbpedia.org/resource/埼玉県道8号川越入間線>	"埼玉県道8号川越入間線"@ja	<http://dbpedia.org/ontology/RouteOfTransportation>	<http://ja.dbpedia.org/property/終点>	"終点"@ja	<http://ja.wikipedia.org/wiki/埼玉県道8号川越入間線>	<http://wikidata.dbpedia.org/resource/Q11427098>
<http://ja.dbpedia.org/resource/埼玉県道8号川越入間線>	"埼玉県道8号川越入間線"@ja	<http://dbpedia.org/ontology/Infrastructure>	<http://ja.dbpedia.org/property/終点>	"終点"@ja	<http://ja.wikipedia.org/wiki/埼玉県道8号川越入間線>	<http://wikidata.dbpedia.org/resource/Q11427098>
<http://ja.dbpedia.org/resource/埼玉県道8号川越入間線>	"埼玉県道8号川越入間線"@ja	<http://dbpedia.org/ontology/Road>	<http://ja.dbpedia.org/property/終点>	"終点"@ja	<http://ja.wikipedia.org/wiki/埼玉県道8号川越入間線>	<http://wikidata.dbpedia.org/resource/Q11427098>
<http://ja.dbpedia.org/resource/埼玉県道8号川越入間線>	"埼玉県道8号川越入間線"@ja	<http://dbpedia.org/ontology/ArchitecturalStructure>	<http://ja.dbpedia.org/property/終点>	"終点"@ja	<http://ja.wikipedia.org/wiki/埼玉県道8号川越入間線>	<http://wikidata.dbpedia.org/resource/Q11427098>
<http://ja.dbpedia.org/resource/小谷田>	"小谷田"@ja	<http://dbpedia.org/ontology/Place>	<http://ja.dbpedia.org/property/subdivisionName>	"subdivision name"@ja	<http://ja.wikipedia.org/wiki/小谷田>	<http://wikidata.dbpedia.org/resource/Q11463760>
<http://ja.dbpedia.org/resource/小谷田>	"小谷田"@ja	<http://dbpedia.org/ontology/Settlement>	<http://ja.dbpedia.org/property/subdivisionName>	"subdivision name"@ja	<http://ja.wikipedia.org/wiki/小谷田>	<http://wikidata.dbpedia.org/resource/Q11463760>
<http://ja.dbpedia.org/resource/小谷田>	"小谷田"@ja	<http://dbpedia.org/ontology/Location>	<http://ja.dbpedia.org/property/subdivisionName>	"subdivision name"@ja	<http://ja.wikipedia.org/wiki/小谷田>	<http://wikidata.dbpedia.org/resource/Q11463760>
<http://ja.dbpedia.org/resource/小谷田>	"小谷田"@ja	<http://dbpedia.org/ontology/PopulatedPlace>	<http://ja.dbpedia.org/property/subdivisionName>	"subdivision name"@ja	<http://ja.wikipedia.org/wiki/小谷田>	<http://wikidata.dbpedia.org/resource/Q11463760>
<http://ja.dbpedia.org/resource/所沢入間バイパス>	"所沢入間バイパス"@ja	<http://dbpedia.org/ontology/RouteOfTransportation>	<http://ja.dbpedia.org/property/終点>	"終点"@ja	<http://ja.wikipedia.org/wiki/所沢入間バイパス>	<http://wikidata.dbpedia.org/resource/Q11496770>
<http://ja.dbpedia.org/resource/所沢入間バイパス>	"所沢入間バイパス"@ja	<http://dbpedia.org/ontology/Infrastructure>	<http://ja.dbpedia.org/property/終点>	"終点"@ja	<http://ja.wikipedia.org/wiki/所沢入間バイパス>	<http://wikidata.dbpedia.org/resource/Q11496770>
<http://ja.dbpedia.org/resource/所沢入間バイパス>	"所沢入間バイパス"@ja	<http://dbpedia.org/ontology/Road>	<http://ja.dbpedia.org/property/終点>	"終点"@ja	<http://ja.wikipedia.org/wiki/所沢入間バイパス>	<http://wikidata.dbpedia.org/resource/Q11496770>
<http://ja.dbpedia.org/resource/所沢入間バイパス>	"所沢入間バイパス"@ja	<http://dbpedia.org/ontology/ArchitecturalStructure>	<http://ja.dbpedia.org/property/終点>	"終点"@ja	<http://ja.wikipedia.org/wiki/所沢入間バイパス>	<http://wikidata.dbpedia.org/resource/Q11496770>
<http://ja.dbpedia.org/resource/扇町屋>	"扇町屋"@ja	<http://dbpedia.org/ontology/Location>	<http://ja.dbpedia.org/property/subdivisionName>	"subdivision name"@ja	<http://ja.wikipedia.org/wiki/扇町屋>	<http://wikidata.dbpedia.org/resource/Q11496860>
<http://ja.dbpedia.org/resource/扇町屋>	"扇町屋"@ja	<http://dbpedia.org/ontology/PopulatedPlace>	<http://ja.dbpedia.org/property/subdivisionName>	"subdivision name"@ja	<http://ja.wikipedia.org/wiki/扇町屋>	<http://wikidata.dbpedia.org/resource/Q11496860>
<http://ja.dbpedia.org/resource/扇町屋>	"扇町屋"@ja	<http://dbpedia.org/ontology/Settlement>	<http://ja.dbpedia.org/property/subdivisionName>	"subdivision name"@ja	<http://ja.wikipedia.org/wiki/扇町屋>	<http://wikidata.dbpedia.org/resource/Q11496860>
<http://ja.dbpedia.org/resource/扇町屋>	"扇町屋"@ja	<http://dbpedia.org/ontology/Place>	<http://ja.dbpedia.org/property/subdivisionName>	"subdivision name"@ja	<http://ja.wikipedia.org/wiki/扇町屋>	<http://wikidata.dbpedia.org/resource/Q11496860>
<http://ja.dbpedia.org/resource/林_(所沢市)>	"林 (所沢市)"@ja	<http://dbpedia.org/ontology/PopulatedPlace>	<http://ja.dbpedia.org/property/north>	"North"@ja	<http://ja.wikipedia.org/wiki/林_(所沢市)>	<http://wikidata.dbpedia.org/resource/Q14085465>
<http://ja.dbpedia.org/resource/林_(所沢市)>	"林 (所沢市)"@ja	<http://dbpedia.org/ontology/Location>	<http://ja.dbpedia.org/property/north>	"North"@ja	<http://ja.wikipedia.org/wiki/林_(所沢市)>	<http://wikidata.dbpedia.org/resource/Q14085465>
<http://ja.dbpedia.org/resource/林_(所沢市)>	"林 (所沢市)"@ja	<http://dbpedia.org/ontology/Place>	<http://ja.dbpedia.org/property/north>	"North"@ja	<http://ja.wikipedia.org/wiki/林_(所沢市)>	<http://wikidata.dbpedia.org/resource/Q14085465>
<http://ja.dbpedia.org/resource/林_(所沢市)>	"林 (所沢市)"@ja	<http://dbpedia.org/ontology/Settlement>	<http://ja.dbpedia.org/property/north>	"North"@ja	<http://ja.wikipedia.org/wiki/林_(所沢市)>	<http://wikidata.dbpedia.org/resource/Q14085465>
<http://ja.dbpedia.org/resource/河原町_(入間市)>	"河原町 (入間市)"@ja	<http://dbpedia.org/ontology/Place>	<http://ja.dbpedia.org/property/subdivisionName>	"subdivision name"@ja	<http://ja.wikipedia.org/wiki/河原町_(入間市)>	<http://wikidata.dbpedia.org/resource/Q24876560>
<http://ja.dbpedia.org/resource/河原町_(入間市)>	"河原町 (入間市)"@ja	<http://dbpedia.org/ontology/Settlement>	<http://ja.dbpedia.org/property/subdivisionName>	"subdivision name"@ja	<http://ja.wikipedia.org/wiki/河原町_(入間市)>	<http://wikidata.dbpedia.org/resource/Q24876560>
<http://ja.dbpedia.org/resource/河原町_(入間市)>	"河原町 (入間市)"@ja	<http://dbpedia.org/ontology/Location>	<http://ja.dbpedia.org/property/subdivisionName>	"subdivision name"@ja	<http://ja.wikipedia.org/wiki/河原町_(入間市)>	<http://wikidata.dbpedia.org/resource/Q24876560>
<http://ja.dbpedia.org/resource/河原町_(入間市)>	"河原町 (入間市)"@ja	<http://dbpedia.org/ontology/PopulatedPlace>	<http://ja.dbpedia.org/property/subdivisionName>	"subdivision name"@ja	<http://ja.wikipedia.org/wiki/河原町_(入間市)>	<http://wikidata.dbpedia.org/resource/Q24876560>
<http://ja.dbpedia.org/resource/狭山ヶ丘>	"狭山ヶ丘"@ja	<http://dbpedia.org/ontology/Place>	<http://ja.dbpedia.org/property/northwest>	"Northwest"@ja	<http://ja.wikipedia.org/wiki/狭山ヶ丘>	<http://wikidata.dbpedia.org/resource/Q11571724>
<http://ja.dbpedia.org/resource/狭山ヶ丘>	"狭山ヶ丘"@ja	<http://dbpedia.org/ontology/Settlement>	<http://ja.dbpedia.org/property/northwest>	"Northwest"@ja	<http://ja.wikipedia.org/wiki/狭山ヶ丘>	<http://wikidata.dbpedia.org/resource/Q11571724>
<http://ja.dbpedia.org/resource/狭山ヶ丘>	"狭山ヶ丘"@ja	<http://dbpedia.org/ontology/PopulatedPlace>	<http://ja.dbpedia.org/property/northwest>	"Northwest"@ja	<http://ja.wikipedia.org/wiki/狭山ヶ丘>	<http://wikidata.dbpedia.org/resource/Q11571724>
<http://ja.dbpedia.org/resource/狭山ヶ丘>	"狭山ヶ丘"@ja	<http://dbpedia.org/ontology/Location>	<http://ja.dbpedia.org/property/northwest>	"Northwest"@ja	<http://ja.wikipedia.org/wiki/狭山ヶ丘>	<http://wikidata.dbpedia.org/resource/Q11571724>
<http://ja.dbpedia.org/resource/狭山市>	"狭山市"@ja	<http://dbpedia.org/ontology/Place>	<http://ja.dbpedia.org/property/隣接自治体>	"隣接自治体"@ja	<http://ja.wikipedia.org/wiki/狭山市>	<http://wikidata.dbpedia.org/resource/Q824009>
<http://ja.dbpedia.org/resource/狭山市>	"狭山市"@ja	<http://dbpedia.org/ontology/PopulatedPlace>	<http://ja.dbpedia.org/property/southwest>	"Southwest"@ja	<http://ja.wikipedia.org/wiki/狭山市>	<http://wikidata.dbpedia.org/resource/Q824009>
<http://ja.dbpedia.org/resource/狭山市>	"狭山市"@ja	<http://dbpedia.org/ontology/Location>	<http://ja.dbpedia.org/property/southwest>	"Southwest"@ja	<http://ja.wikipedia.org/wiki/狭山市>	<http://wikidata.dbpedia.org/resource/Q824009>
<http://ja.dbpedia.org/resource/狭山市>	"狭山市"@ja	<http://dbpedia.org/ontology/City>	<http://ja.dbpedia.org/property/隣接自治体>	"隣接自治体"@ja	<http://ja.wikipedia.org/wiki/狭山市>	<http://wikidata.dbpedia.org/resource/Q824009>
<http://ja.dbpedia.org/resource/狭山市>	"狭山市"@ja	<http://dbpedia.org/ontology/Settlement>	<http://ja.dbpedia.org/property/southwest>	"Southwest"@ja	<http://ja.wikipedia.org/wiki/狭山市>	<http://wikidata.dbpedia.org/resource/Q824009>
<http://ja.dbpedia.org/resource/狭山市>	"狭山市"@ja	<http://dbpedia.org/ontology/Settlement>	<http://ja.dbpedia.org/property/隣接自治体>	"隣接自治体"@ja	<http://ja.wikipedia.org/wiki/狭山市>	<http://wikidata.dbpedia.org/resource/Q824009>
<http://ja.dbpedia.org/resource/狭山市>	"狭山市"@ja	<http://dbpedia.org/ontology/City>	<http://ja.dbpedia.org/property/southwest>	"Southwest"@ja	<http://ja.wikipedia.org/wiki/狭山市>	<http://wikidata.dbpedia.org/resource/Q824009>
<http://ja.dbpedia.org/resource/狭山市>	"狭山市"@ja	<http://dbpedia.org/ontology/PopulatedPlace>	<http://ja.dbpedia.org/property/隣接自治体>	"隣接自治体"@ja	<http://ja.wikipedia.org/wiki/狭山市>	<http://wikidata.dbpedia.org/resource/Q824009>
<http://ja.dbpedia.org/resource/狭山市>	"狭山市"@ja	<http://dbpedia.org/ontology/Place>	<http://ja.dbpedia.org/property/southwest>	"Southwest"@ja	<http://ja.wikipedia.org/wiki/狭山市>	<http://wikidata.dbpedia.org/resource/Q824009>
<http://ja.dbpedia.org/resource/狭山市>	"狭山市"@ja	<http://dbpedia.org/ontology/Location>	<http://ja.dbpedia.org/property/隣接自治体>	"隣接自治体"@ja	<http://ja.wikipedia.org/wiki/狭山市>	<http://wikidata.dbpedia.org/resource/Q824009>
<http://ja.dbpedia.org/resource/瑞穂町>	"瑞穂町"@ja	<http://dbpedia.org/ontology/Place>	<http://ja.dbpedia.org/property/隣接自治体>	"隣接自治体"@ja	<http://ja.wikipedia.org/wiki/瑞穂町>	<http://wikidata.dbpedia.org/resource/Q975797>
<http://ja.dbpedia.org/resource/瑞穂町>	"瑞穂町"@ja	<http://dbpedia.org/ontology/City>	<http://ja.dbpedia.org/property/隣接自治体>	"隣接自治体"@ja	<http://ja.wikipedia.org/wiki/瑞穂町>	<http://wikidata.dbpedia.org/resource/Q975797>
<http://ja.dbpedia.org/resource/瑞穂町>	"瑞穂町"@ja	<http://dbpedia.org/ontology/Settlement>	<http://ja.dbpedia.org/property/隣接自治体>	"隣接自治体"@ja	<http://ja.wikipedia.org/wiki/瑞穂町>	<http://wikidata.dbpedia.org/resource/Q975797>
<http://ja.dbpedia.org/resource/瑞穂町>	"瑞穂町"@ja	<http://dbpedia.org/ontology/PopulatedPlace>	<http://ja.dbpedia.org/property/隣接自治体>	"隣接自治体"@ja	<http://ja.wikipedia.org/wiki/瑞穂町>	<http://wikidata.dbpedia.org/resource/Q975797>
<http://ja.dbpedia.org/resource/瑞穂町>	"瑞穂町"@ja	<http://dbpedia.org/ontology/Location>	<http://ja.dbpedia.org/property/隣接自治体>	"隣接自治体"@ja	<http://ja.wikipedia.org/wiki/瑞穂町>	<http://wikidata.dbpedia.org/resource/Q975797>
<http://ja.dbpedia.org/resource/野田_(入間市)>	"野田 (入間市)"@ja	<http://dbpedia.org/ontology/Settlement>	<http://ja.dbpedia.org/property/subdivisionName>	"subdivision name"@ja	<http://ja.wikipedia.org/wiki/野田_(入間市)>	<http://wikidata.dbpedia.org/resource/Q47393179>
<http://ja.dbpedia.org/resource/野田_(入間市)>	"野田 (入間市)"@ja	<http://dbpedia.org/ontology/Place>	<http://ja.dbpedia.org/property/subdivisionName>	"subdivision name"@ja	<http://ja.wikipedia.org/wiki/野田_(入間市)>	<http://wikidata.dbpedia.org/resource/Q47393179>
<http://ja.dbpedia.org/resource/野田_(入間市)>	"野田 (入間市)"@ja	<http://dbpedia.org/ontology/Location>	<http://ja.dbpedia.org/property/subdivisionName>	"subdivision name"@ja	<http://ja.wikipedia.org/wiki/野田_(入間市)>	<http://wikidata.dbpedia.org/resource/Q47393179>
<http://ja.dbpedia.org/resource/野田_(入間市)>	"野田 (入間市)"@ja	<http://dbpedia.org/ontology/PopulatedPlace>	<http://ja.dbpedia.org/property/subdivisionName>	"subdivision name"@ja	<http://ja.wikipedia.org/wiki/野田_(入間市)>	<http://wikidata.dbpedia.org/resource/Q47393179>
<http://ja.dbpedia.org/resource/青梅市>	"青梅市"@ja	<http://dbpedia.org/ontology/Place>	<http://ja.dbpedia.org/property/隣接自治体>	"隣接自治体"@ja	<http://ja.wikipedia.org/wiki/青梅市>	<http://wikidata.dbpedia.org/resource/Q237683>
<http://ja.dbpedia.org/resource/青梅市>	"青梅市"@ja	<http://dbpedia.org/ontology/City>	<http://ja.dbpedia.org/property/隣接自治体>	"隣接自治体"@ja	<http://ja.wikipedia.org/wiki/青梅市>	<http://wikidata.dbpedia.org/resource/Q237683>
<http://ja.dbpedia.org/resource/青梅市>	"青梅市"@ja	<http://dbpedia.org/ontology/Location>	<http://ja.dbpedia.org/property/隣接自治体>	"隣接自治体"@ja	<http://ja.wikipedia.org/wiki/青梅市>	<http://wikidata.dbpedia.org/resource/Q237683>
<http://ja.dbpedia.org/resource/青梅市>	"青梅市"@ja	<http://dbpedia.org/ontology/PopulatedPlace>	<http://ja.dbpedia.org/property/隣接自治体>	"隣接自治体"@ja	<http://ja.wikipedia.org/wiki/青梅市>	<http://wikidata.dbpedia.org/resource/Q237683>
<http://ja.dbpedia.org/resource/青梅市>	"青梅市"@ja	<http://dbpedia.org/ontology/Settlement>	<http://ja.dbpedia.org/property/隣接自治体>	"隣接自治体"@ja	<http://ja.wikipedia.org/wiki/青梅市>	<http://wikidata.dbpedia.org/resource/Q237683>
<http://ja.dbpedia.org/resource/飯能市>	"飯能市"@ja	<http://dbpedia.org/ontology/Place>	<http://ja.dbpedia.org/property/southeast>	"Southeast"@ja	<http://ja.wikipedia.org/wiki/飯能市>	<http://wikidata.dbpedia.org/resource/Q850472>
<http://ja.dbpedia.org/resource/飯能市>	"飯能市"@ja	<http://dbpedia.org/ontology/City>	<http://ja.dbpedia.org/property/southeast>	"Southeast"@ja	<http://ja.wikipedia.org/wiki/飯能市>	<http://wikidata.dbpedia.org/resource/Q850472>
<http://ja.dbpedia.org/resource/飯能市>	"飯能市"@ja	<http://dbpedia.org/ontology/Settlement>	<http://ja.dbpedia.org/property/southeast>	"Southeast"@ja	<http://ja.wikipedia.org/wiki/飯能市>	<http://wikidata.dbpedia.org/resource/Q850472>
<http://ja.dbpedia.org/resource/飯能市>	"飯能市"@ja	<http://dbpedia.org/ontology/Location>	<http://ja.dbpedia.org/property/southeast>	"Southeast"@ja	<http://ja.wikipedia.org/wiki/飯能市>	<http://wikidata.dbpedia.org/resource/Q850472>
<http://ja.dbpedia.org/resource/飯能市>	"飯能市"@ja	<http://dbpedia.org/ontology/PopulatedPlace>	<http://ja.dbpedia.org/property/southeast>	"Southeast"@ja	<http://ja.wikipedia.org/wiki/飯能市>	<http://wikidata.dbpedia.org/resource/Q850472>
