?s	?sLabel	?type	?p	?pLabel	?jwiki	?wd
<http://ja.dbpedia.org/resource/さいたま市>	"さいたま市"@ja	<http://dbpedia.org/ontology/City>	<http://ja.dbpedia.org/property/southwest>	"Southwest"@ja	<http://ja.wikipedia.org/wiki/さいたま市>	<http://wikidata.dbpedia.org/resource/Q134635>
<http://ja.dbpedia.org/resource/さいたま市>	"さいたま市"@ja	<http://dbpedia.org/ontology/PopulatedPlace>	<http://ja.dbpedia.org/property/隣接自治体>	"隣接自治体"@ja	<http://ja.wikipedia.org/wiki/さいたま市>	<http://wikidata.dbpedia.org/resource/Q134635>
<http://ja.dbpedia.org/resource/さいたま市>	"さいたま市"@ja	<http://dbpedia.org/ontology/Place>	<http://ja.dbpedia.org/property/southwest>	"Southwest"@ja	<http://ja.wikipedia.org/wiki/さいたま市>	<http://wikidata.dbpedia.org/resource/Q134635>
<http://ja.dbpedia.org/resource/さいたま市>	"さいたま市"@ja	<http://dbpedia.org/ontology/Settlement>	<http://ja.dbpedia.org/property/隣接自治体>	"隣接自治体"@ja	<http://ja.wikipedia.org/wiki/さいたま市>	<http://wikidata.dbpedia.org/resource/Q134635>
<http://ja.dbpedia.org/resource/さいたま市>	"さいたま市"@ja	<http://dbpedia.org/ontology/Location>	<http://ja.dbpedia.org/property/隣接自治体>	"隣接自治体"@ja	<http://ja.wikipedia.org/wiki/さいたま市>	<http://wikidata.dbpedia.org/resource/Q134635>
<http://ja.dbpedia.org/resource/さいたま市>	"さいたま市"@ja	<http://dbpedia.org/ontology/Location>	<http://ja.dbpedia.org/property/southwest>	"Southwest"@ja	<http://ja.wikipedia.org/wiki/さいたま市>	<http://wikidata.dbpedia.org/resource/Q134635>
<http://ja.dbpedia.org/resource/さいたま市>	"さいたま市"@ja	<http://dbpedia.org/ontology/Place>	<http://ja.dbpedia.org/property/隣接自治体>	"隣接自治体"@ja	<http://ja.wikipedia.org/wiki/さいたま市>	<http://wikidata.dbpedia.org/resource/Q134635>
<http://ja.dbpedia.org/resource/さいたま市>	"さいたま市"@ja	<http://dbpedia.org/ontology/PopulatedPlace>	<http://ja.dbpedia.org/property/southwest>	"Southwest"@ja	<http://ja.wikipedia.org/wiki/さいたま市>	<http://wikidata.dbpedia.org/resource/Q134635>
<http://ja.dbpedia.org/resource/さいたま市>	"さいたま市"@ja	<http://dbpedia.org/ontology/City>	<http://ja.dbpedia.org/property/隣接自治体>	"隣接自治体"@ja	<http://ja.wikipedia.org/wiki/さいたま市>	<http://wikidata.dbpedia.org/resource/Q134635>
<http://ja.dbpedia.org/resource/さいたま市>	"さいたま市"@ja	<http://dbpedia.org/ontology/Settlement>	<http://ja.dbpedia.org/property/southwest>	"Southwest"@ja	<http://ja.wikipedia.org/wiki/さいたま市>	<http://wikidata.dbpedia.org/resource/Q134635>
<http://ja.dbpedia.org/resource/上内間木>	"上内間木"@ja	<http://dbpedia.org/ontology/Place>	<http://ja.dbpedia.org/property/subdivisionName>	"subdivision name"@ja	<http://ja.wikipedia.org/wiki/上内間木>	<http://wikidata.dbpedia.org/resource/Q11358497>
<http://ja.dbpedia.org/resource/上内間木>	"上内間木"@ja	<http://dbpedia.org/ontology/Settlement>	<http://ja.dbpedia.org/property/subdivisionName>	"subdivision name"@ja	<http://ja.wikipedia.org/wiki/上内間木>	<http://wikidata.dbpedia.org/resource/Q11358497>
<http://ja.dbpedia.org/resource/上内間木>	"上内間木"@ja	<http://dbpedia.org/ontology/Location>	<http://ja.dbpedia.org/property/subdivisionName>	"subdivision name"@ja	<http://ja.wikipedia.org/wiki/上内間木>	<http://wikidata.dbpedia.org/resource/Q11358497>
<http://ja.dbpedia.org/resource/上内間木>	"上内間木"@ja	<http://dbpedia.org/ontology/PopulatedPlace>	<http://ja.dbpedia.org/property/subdivisionName>	"subdivision name"@ja	<http://ja.wikipedia.org/wiki/上内間木>	<http://wikidata.dbpedia.org/resource/Q11358497>
<http://ja.dbpedia.org/resource/下内間木>	"下内間木"@ja	<http://dbpedia.org/ontology/Location>	<http://ja.dbpedia.org/property/subdivisionName>	"subdivision name"@ja	<http://ja.wikipedia.org/wiki/下内間木>	<http://wikidata.dbpedia.org/resource/Q11360632>
<http://ja.dbpedia.org/resource/下内間木>	"下内間木"@ja	<http://dbpedia.org/ontology/PopulatedPlace>	<http://ja.dbpedia.org/property/subdivisionName>	"subdivision name"@ja	<http://ja.wikipedia.org/wiki/下内間木>	<http://wikidata.dbpedia.org/resource/Q11360632>
<http://ja.dbpedia.org/resource/下内間木>	"下内間木"@ja	<http://dbpedia.org/ontology/Settlement>	<http://ja.dbpedia.org/property/subdivisionName>	"subdivision name"@ja	<http://ja.wikipedia.org/wiki/下内間木>	<http://wikidata.dbpedia.org/resource/Q11360632>
<http://ja.dbpedia.org/resource/下内間木>	"下内間木"@ja	<http://dbpedia.org/ontology/Place>	<http://ja.dbpedia.org/property/subdivisionName>	"subdivision name"@ja	<http://ja.wikipedia.org/wiki/下内間木>	<http://wikidata.dbpedia.org/resource/Q11360632>
<http://ja.dbpedia.org/resource/北原_(朝霞市)>	"北原 (朝霞市)"@ja	<http://dbpedia.org/ontology/Location>	<http://ja.dbpedia.org/property/subdivisionName>	"subdivision name"@ja	<http://ja.wikipedia.org/wiki/北原_(朝霞市)>	<http://wikidata.dbpedia.org/resource/Q21652927>
<http://ja.dbpedia.org/resource/北原_(朝霞市)>	"北原 (朝霞市)"@ja	<http://dbpedia.org/ontology/PopulatedPlace>	<http://ja.dbpedia.org/property/subdivisionName>	"subdivision name"@ja	<http://ja.wikipedia.org/wiki/北原_(朝霞市)>	<http://wikidata.dbpedia.org/resource/Q21652927>
<http://ja.dbpedia.org/resource/北原_(朝霞市)>	"北原 (朝霞市)"@ja	<http://dbpedia.org/ontology/Settlement>	<http://ja.dbpedia.org/property/subdivisionName>	"subdivision name"@ja	<http://ja.wikipedia.org/wiki/北原_(朝霞市)>	<http://wikidata.dbpedia.org/resource/Q21652927>
<http://ja.dbpedia.org/resource/北原_(朝霞市)>	"北原 (朝霞市)"@ja	<http://dbpedia.org/ontology/Place>	<http://ja.dbpedia.org/property/subdivisionName>	"subdivision name"@ja	<http://ja.wikipedia.org/wiki/北原_(朝霞市)>	<http://wikidata.dbpedia.org/resource/Q21652927>
<http://ja.dbpedia.org/resource/台_(朝霞市)>	"台 (朝霞市)"@ja	<http://dbpedia.org/ontology/Place>	<http://ja.dbpedia.org/property/subdivisionName>	"subdivision name"@ja	<http://ja.wikipedia.org/wiki/台_(朝霞市)>	<http://wikidata.dbpedia.org/resource/Q11411873>
<http://ja.dbpedia.org/resource/台_(朝霞市)>	"台 (朝霞市)"@ja	<http://dbpedia.org/ontology/Settlement>	<http://ja.dbpedia.org/property/subdivisionName>	"subdivision name"@ja	<http://ja.wikipedia.org/wiki/台_(朝霞市)>	<http://wikidata.dbpedia.org/resource/Q11411873>
<http://ja.dbpedia.org/resource/台_(朝霞市)>	"台 (朝霞市)"@ja	<http://dbpedia.org/ontology/Location>	<http://ja.dbpedia.org/property/subdivisionName>	"subdivision name"@ja	<http://ja.wikipedia.org/wiki/台_(朝霞市)>	<http://wikidata.dbpedia.org/resource/Q11411873>
<http://ja.dbpedia.org/resource/台_(朝霞市)>	"台 (朝霞市)"@ja	<http://dbpedia.org/ontology/PopulatedPlace>	<http://ja.dbpedia.org/property/subdivisionName>	"subdivision name"@ja	<http://ja.wikipedia.org/wiki/台_(朝霞市)>	<http://wikidata.dbpedia.org/resource/Q11411873>
<http://ja.dbpedia.org/resource/和光市>	"和光市"@ja	<http://dbpedia.org/ontology/Location>	<http://ja.dbpedia.org/property/隣接自治体>	"隣接自治体"@ja	<http://ja.wikipedia.org/wiki/和光市>	<http://wikidata.dbpedia.org/resource/Q658058>
<http://ja.dbpedia.org/resource/和光市>	"和光市"@ja	<http://dbpedia.org/ontology/PopulatedPlace>	<http://ja.dbpedia.org/property/隣接自治体>	"隣接自治体"@ja	<http://ja.wikipedia.org/wiki/和光市>	<http://wikidata.dbpedia.org/resource/Q658058>
<http://ja.dbpedia.org/resource/和光市>	"和光市"@ja	<http://dbpedia.org/ontology/Settlement>	<http://ja.dbpedia.org/property/隣接自治体>	"隣接自治体"@ja	<http://ja.wikipedia.org/wiki/和光市>	<http://wikidata.dbpedia.org/resource/Q658058>
<http://ja.dbpedia.org/resource/和光市>	"和光市"@ja	<http://dbpedia.org/ontology/City>	<http://ja.dbpedia.org/property/隣接自治体>	"隣接自治体"@ja	<http://ja.wikipedia.org/wiki/和光市>	<http://wikidata.dbpedia.org/resource/Q658058>
<http://ja.dbpedia.org/resource/和光市>	"和光市"@ja	<http://dbpedia.org/ontology/Place>	<http://ja.dbpedia.org/property/隣接自治体>	"隣接自治体"@ja	<http://ja.wikipedia.org/wiki/和光市>	<http://wikidata.dbpedia.org/resource/Q658058>
<http://ja.dbpedia.org/resource/埼玉県道266号ふじみ野朝霞線>	"埼玉県道266号ふじみ野朝霞線"@ja	<http://dbpedia.org/ontology/Road>	<http://ja.dbpedia.org/property/終点>	"終点"@ja	<http://ja.wikipedia.org/wiki/埼玉県道266号ふじみ野朝霞線>	<http://wikidata.dbpedia.org/resource/Q11426948>
<http://ja.dbpedia.org/resource/埼玉県道266号ふじみ野朝霞線>	"埼玉県道266号ふじみ野朝霞線"@ja	<http://dbpedia.org/ontology/ArchitecturalStructure>	<http://ja.dbpedia.org/property/終点>	"終点"@ja	<http://ja.wikipedia.org/wiki/埼玉県道266号ふじみ野朝霞線>	<http://wikidata.dbpedia.org/resource/Q11426948>
<http://ja.dbpedia.org/resource/埼玉県道266号ふじみ野朝霞線>	"埼玉県道266号ふじみ野朝霞線"@ja	<http://dbpedia.org/ontology/RouteOfTransportation>	<http://ja.dbpedia.org/property/終点>	"終点"@ja	<http://ja.wikipedia.org/wiki/埼玉県道266号ふじみ野朝霞線>	<http://wikidata.dbpedia.org/resource/Q11426948>
<http://ja.dbpedia.org/resource/埼玉県道266号ふじみ野朝霞線>	"埼玉県道266号ふじみ野朝霞線"@ja	<http://dbpedia.org/ontology/Infrastructure>	<http://ja.dbpedia.org/property/終点>	"終点"@ja	<http://ja.wikipedia.org/wiki/埼玉県道266号ふじみ野朝霞線>	<http://wikidata.dbpedia.org/resource/Q11426948>
<http://ja.dbpedia.org/resource/埼玉県道79号朝霞蕨線>	"埼玉県道79号朝霞蕨線"@ja	<http://dbpedia.org/ontology/ArchitecturalStructure>	<http://ja.dbpedia.org/property/起点>	"起点"@ja	<http://ja.wikipedia.org/wiki/埼玉県道79号朝霞蕨線>	<http://wikidata.dbpedia.org/resource/Q11427090>
<http://ja.dbpedia.org/resource/埼玉県道79号朝霞蕨線>	"埼玉県道79号朝霞蕨線"@ja	<http://dbpedia.org/ontology/Road>	<http://ja.dbpedia.org/property/起点>	"起点"@ja	<http://ja.wikipedia.org/wiki/埼玉県道79号朝霞蕨線>	<http://wikidata.dbpedia.org/resource/Q11427090>
<http://ja.dbpedia.org/resource/埼玉県道79号朝霞蕨線>	"埼玉県道79号朝霞蕨線"@ja	<http://dbpedia.org/ontology/Infrastructure>	<http://ja.dbpedia.org/property/起点>	"起点"@ja	<http://ja.wikipedia.org/wiki/埼玉県道79号朝霞蕨線>	<http://wikidata.dbpedia.org/resource/Q11427090>
<http://ja.dbpedia.org/resource/埼玉県道79号朝霞蕨線>	"埼玉県道79号朝霞蕨線"@ja	<http://dbpedia.org/ontology/RouteOfTransportation>	<http://ja.dbpedia.org/property/起点>	"起点"@ja	<http://ja.wikipedia.org/wiki/埼玉県道79号朝霞蕨線>	<http://wikidata.dbpedia.org/resource/Q11427090>
<http://ja.dbpedia.org/resource/堤外_(さいたま市)>	"堤外 (さいたま市)"@ja	<http://dbpedia.org/ontology/Settlement>	<http://ja.dbpedia.org/property/west>	"West"@ja	<http://ja.wikipedia.org/wiki/堤外_(さいたま市)>	<http://wikidata.dbpedia.org/resource/Q17216937>
<http://ja.dbpedia.org/resource/堤外_(さいたま市)>	"堤外 (さいたま市)"@ja	<http://dbpedia.org/ontology/Place>	<http://ja.dbpedia.org/property/west>	"West"@ja	<http://ja.wikipedia.org/wiki/堤外_(さいたま市)>	<http://wikidata.dbpedia.org/resource/Q17216937>
<http://ja.dbpedia.org/resource/堤外_(さいたま市)>	"堤外 (さいたま市)"@ja	<http://dbpedia.org/ontology/Location>	<http://ja.dbpedia.org/property/west>	"West"@ja	<http://ja.wikipedia.org/wiki/堤外_(さいたま市)>	<http://wikidata.dbpedia.org/resource/Q17216937>
<http://ja.dbpedia.org/resource/堤外_(さいたま市)>	"堤外 (さいたま市)"@ja	<http://dbpedia.org/ontology/PopulatedPlace>	<http://ja.dbpedia.org/property/west>	"West"@ja	<http://ja.wikipedia.org/wiki/堤外_(さいたま市)>	<http://wikidata.dbpedia.org/resource/Q17216937>
<http://ja.dbpedia.org/resource/宮戸_(朝霞市)>	"宮戸 (朝霞市)"@ja	<http://dbpedia.org/ontology/Place>	<http://ja.dbpedia.org/property/subdivisionName>	"subdivision name"@ja	<http://ja.wikipedia.org/wiki/宮戸_(朝霞市)>	<http://wikidata.dbpedia.org/resource/Q21654880>
<http://ja.dbpedia.org/resource/宮戸_(朝霞市)>	"宮戸 (朝霞市)"@ja	<http://dbpedia.org/ontology/Settlement>	<http://ja.dbpedia.org/property/subdivisionName>	"subdivision name"@ja	<http://ja.wikipedia.org/wiki/宮戸_(朝霞市)>	<http://wikidata.dbpedia.org/resource/Q21654880>
<http://ja.dbpedia.org/resource/宮戸_(朝霞市)>	"宮戸 (朝霞市)"@ja	<http://dbpedia.org/ontology/PopulatedPlace>	<http://ja.dbpedia.org/property/subdivisionName>	"subdivision name"@ja	<http://ja.wikipedia.org/wiki/宮戸_(朝霞市)>	<http://wikidata.dbpedia.org/resource/Q21654880>
<http://ja.dbpedia.org/resource/宮戸_(朝霞市)>	"宮戸 (朝霞市)"@ja	<http://dbpedia.org/ontology/Location>	<http://ja.dbpedia.org/property/subdivisionName>	"subdivision name"@ja	<http://ja.wikipedia.org/wiki/宮戸_(朝霞市)>	<http://wikidata.dbpedia.org/resource/Q21654880>
<http://ja.dbpedia.org/resource/幸町_(朝霞市)>	"幸町 (朝霞市)"@ja	<http://dbpedia.org/ontology/PopulatedPlace>	<http://ja.dbpedia.org/property/subdivisionName>	"subdivision name"@ja	<http://ja.wikipedia.org/wiki/幸町_(朝霞市)>	<http://wikidata.dbpedia.org/resource/Q21653144>
<http://ja.dbpedia.org/resource/幸町_(朝霞市)>	"幸町 (朝霞市)"@ja	<http://dbpedia.org/ontology/Location>	<http://ja.dbpedia.org/property/subdivisionName>	"subdivision name"@ja	<http://ja.wikipedia.org/wiki/幸町_(朝霞市)>	<http://wikidata.dbpedia.org/resource/Q21653144>
<http://ja.dbpedia.org/resource/幸町_(朝霞市)>	"幸町 (朝霞市)"@ja	<http://dbpedia.org/ontology/Place>	<http://ja.dbpedia.org/property/subdivisionName>	"subdivision name"@ja	<http://ja.wikipedia.org/wiki/幸町_(朝霞市)>	<http://wikidata.dbpedia.org/resource/Q21653144>
<http://ja.dbpedia.org/resource/幸町_(朝霞市)>	"幸町 (朝霞市)"@ja	<http://dbpedia.org/ontology/Settlement>	<http://ja.dbpedia.org/property/subdivisionName>	"subdivision name"@ja	<http://ja.wikipedia.org/wiki/幸町_(朝霞市)>	<http://wikidata.dbpedia.org/resource/Q21653144>
<http://ja.dbpedia.org/resource/志木市>	"志木市"@ja	<http://dbpedia.org/ontology/Location>	<http://ja.dbpedia.org/property/south>	"South"@ja	<http://ja.wikipedia.org/wiki/志木市>	<http://wikidata.dbpedia.org/resource/Q877202>
<http://ja.dbpedia.org/resource/志木市>	"志木市"@ja	<http://dbpedia.org/ontology/PopulatedPlace>	<http://ja.dbpedia.org/property/south>	"South"@ja	<http://ja.wikipedia.org/wiki/志木市>	<http://wikidata.dbpedia.org/resource/Q877202>
<http://ja.dbpedia.org/resource/志木市>	"志木市"@ja	<http://dbpedia.org/ontology/Settlement>	<http://ja.dbpedia.org/property/south>	"South"@ja	<http://ja.wikipedia.org/wiki/志木市>	<http://wikidata.dbpedia.org/resource/Q877202>
<http://ja.dbpedia.org/resource/志木市>	"志木市"@ja	<http://dbpedia.org/ontology/City>	<http://ja.dbpedia.org/property/south>	"South"@ja	<http://ja.wikipedia.org/wiki/志木市>	<http://wikidata.dbpedia.org/resource/Q877202>
<http://ja.dbpedia.org/resource/志木市>	"志木市"@ja	<http://dbpedia.org/ontology/Place>	<http://ja.dbpedia.org/property/south>	"South"@ja	<http://ja.wikipedia.org/wiki/志木市>	<http://wikidata.dbpedia.org/resource/Q877202>
<http://ja.dbpedia.org/resource/戸田市>	"戸田市"@ja	<http://dbpedia.org/ontology/City>	<http://ja.dbpedia.org/property/隣接自治体>	"隣接自治体"@ja	<http://ja.wikipedia.org/wiki/戸田市>	<http://wikidata.dbpedia.org/resource/Q823874>
<http://ja.dbpedia.org/resource/戸田市>	"戸田市"@ja	<http://dbpedia.org/ontology/Place>	<http://ja.dbpedia.org/property/隣接自治体>	"隣接自治体"@ja	<http://ja.wikipedia.org/wiki/戸田市>	<http://wikidata.dbpedia.org/resource/Q823874>
<http://ja.dbpedia.org/resource/戸田市>	"戸田市"@ja	<http://dbpedia.org/ontology/Location>	<http://ja.dbpedia.org/property/隣接自治体>	"隣接自治体"@ja	<http://ja.wikipedia.org/wiki/戸田市>	<http://wikidata.dbpedia.org/resource/Q823874>
<http://ja.dbpedia.org/resource/戸田市>	"戸田市"@ja	<http://dbpedia.org/ontology/PopulatedPlace>	<http://ja.dbpedia.org/property/隣接自治体>	"隣接自治体"@ja	<http://ja.wikipedia.org/wiki/戸田市>	<http://wikidata.dbpedia.org/resource/Q823874>
<http://ja.dbpedia.org/resource/戸田市>	"戸田市"@ja	<http://dbpedia.org/ontology/Settlement>	<http://ja.dbpedia.org/property/隣接自治体>	"隣接自治体"@ja	<http://ja.wikipedia.org/wiki/戸田市>	<http://wikidata.dbpedia.org/resource/Q823874>
<http://ja.dbpedia.org/resource/新座市>	"新座市"@ja	<http://dbpedia.org/ontology/Location>	<http://ja.dbpedia.org/property/隣接自治体>	"隣接自治体"@ja	<http://ja.wikipedia.org/wiki/新座市>	<http://wikidata.dbpedia.org/resource/Q386691>
<http://ja.dbpedia.org/resource/新座市>	"新座市"@ja	<http://dbpedia.org/ontology/PopulatedPlace>	<http://ja.dbpedia.org/property/隣接自治体>	"隣接自治体"@ja	<http://ja.wikipedia.org/wiki/新座市>	<http://wikidata.dbpedia.org/resource/Q386691>
<http://ja.dbpedia.org/resource/新座市>	"新座市"@ja	<http://dbpedia.org/ontology/Settlement>	<http://ja.dbpedia.org/property/隣接自治体>	"隣接自治体"@ja	<http://ja.wikipedia.org/wiki/新座市>	<http://wikidata.dbpedia.org/resource/Q386691>
<http://ja.dbpedia.org/resource/新座市>	"新座市"@ja	<http://dbpedia.org/ontology/City>	<http://ja.dbpedia.org/property/隣接自治体>	"隣接自治体"@ja	<http://ja.wikipedia.org/wiki/新座市>	<http://wikidata.dbpedia.org/resource/Q386691>
<http://ja.dbpedia.org/resource/新座市>	"新座市"@ja	<http://dbpedia.org/ontology/Place>	<http://ja.dbpedia.org/property/隣接自治体>	"隣接自治体"@ja	<http://ja.wikipedia.org/wiki/新座市>	<http://wikidata.dbpedia.org/resource/Q386691>
<http://ja.dbpedia.org/resource/朝霞市立朝霞第一中学校>	"朝霞市立朝霞第一中学校"@ja	<http://dbpedia.org/ontology/School>	<http://ja.dbpedia.org/property/設置者>	"設置者"@ja	<http://ja.wikipedia.org/wiki/朝霞市立朝霞第一中学校>	<http://wikidata.dbpedia.org/resource/Q11517760>
<http://ja.dbpedia.org/resource/朝霞市立朝霞第一中学校>	"朝霞市立朝霞第一中学校"@ja	<http://dbpedia.org/ontology/EducationalInstitution>	<http://ja.dbpedia.org/property/設置者>	"設置者"@ja	<http://ja.wikipedia.org/wiki/朝霞市立朝霞第一中学校>	<http://wikidata.dbpedia.org/resource/Q11517760>
<http://ja.dbpedia.org/resource/朝霞市立朝霞第一中学校>	"朝霞市立朝霞第一中学校"@ja	<http://dbpedia.org/ontology/Agent>	<http://ja.dbpedia.org/property/設置者>	"設置者"@ja	<http://ja.wikipedia.org/wiki/朝霞市立朝霞第一中学校>	<http://wikidata.dbpedia.org/resource/Q11517760>
<http://ja.dbpedia.org/resource/朝霞市立朝霞第一中学校>	"朝霞市立朝霞第一中学校"@ja	<http://dbpedia.org/ontology/Organisation>	<http://ja.dbpedia.org/property/設置者>	"設置者"@ja	<http://ja.wikipedia.org/wiki/朝霞市立朝霞第一中学校>	<http://wikidata.dbpedia.org/resource/Q11517760>
<http://ja.dbpedia.org/resource/朝霞市立朝霞第五中学校>	"朝霞市立朝霞第五中学校"@ja	<http://dbpedia.org/ontology/EducationalInstitution>	<http://ja.dbpedia.org/property/設置者>	"設置者"@ja	<http://ja.wikipedia.org/wiki/朝霞市立朝霞第五中学校>	<http://wikidata.dbpedia.org/resource/Q11517765>
<http://ja.dbpedia.org/resource/朝霞市立朝霞第五中学校>	"朝霞市立朝霞第五中学校"@ja	<http://dbpedia.org/ontology/School>	<http://ja.dbpedia.org/property/設置者>	"設置者"@ja	<http://ja.wikipedia.org/wiki/朝霞市立朝霞第五中学校>	<http://wikidata.dbpedia.org/resource/Q11517765>
<http://ja.dbpedia.org/resource/朝霞市立朝霞第五中学校>	"朝霞市立朝霞第五中学校"@ja	<http://dbpedia.org/ontology/Organisation>	<http://ja.dbpedia.org/property/設置者>	"設置者"@ja	<http://ja.wikipedia.org/wiki/朝霞市立朝霞第五中学校>	<http://wikidata.dbpedia.org/resource/Q11517765>
<http://ja.dbpedia.org/resource/朝霞市立朝霞第五中学校>	"朝霞市立朝霞第五中学校"@ja	<http://dbpedia.org/ontology/Agent>	<http://ja.dbpedia.org/property/設置者>	"設置者"@ja	<http://ja.wikipedia.org/wiki/朝霞市立朝霞第五中学校>	<http://wikidata.dbpedia.org/resource/Q11517765>
<http://ja.dbpedia.org/resource/朝霞市立朝霞第四中学校>	"朝霞市立朝霞第四中学校"@ja	<http://dbpedia.org/ontology/EducationalInstitution>	<http://ja.dbpedia.org/property/設置者>	"設置者"@ja	<http://ja.wikipedia.org/wiki/朝霞市立朝霞第四中学校>	<http://wikidata.dbpedia.org/resource/Q11517766>
<http://ja.dbpedia.org/resource/朝霞市立朝霞第四中学校>	"朝霞市立朝霞第四中学校"@ja	<http://dbpedia.org/ontology/School>	<http://ja.dbpedia.org/property/設置者>	"設置者"@ja	<http://ja.wikipedia.org/wiki/朝霞市立朝霞第四中学校>	<http://wikidata.dbpedia.org/resource/Q11517766>
<http://ja.dbpedia.org/resource/朝霞市立朝霞第四中学校>	"朝霞市立朝霞第四中学校"@ja	<http://dbpedia.org/ontology/Organisation>	<http://ja.dbpedia.org/property/設置者>	"設置者"@ja	<http://ja.wikipedia.org/wiki/朝霞市立朝霞第四中学校>	<http://wikidata.dbpedia.org/resource/Q11517766>
<http://ja.dbpedia.org/resource/朝霞市立朝霞第四中学校>	"朝霞市立朝霞第四中学校"@ja	<http://dbpedia.org/ontology/Agent>	<http://ja.dbpedia.org/property/設置者>	"設置者"@ja	<http://ja.wikipedia.org/wiki/朝霞市立朝霞第四中学校>	<http://wikidata.dbpedia.org/resource/Q11517766>
<http://ja.dbpedia.org/resource/本町_(朝霞市)>	"本町 (朝霞市)"@ja	<http://dbpedia.org/ontology/Settlement>	<http://ja.dbpedia.org/property/subdivisionName>	"subdivision name"@ja	<http://ja.wikipedia.org/wiki/本町_(朝霞市)>	<http://wikidata.dbpedia.org/resource/Q24870512>
<http://ja.dbpedia.org/resource/本町_(朝霞市)>	"本町 (朝霞市)"@ja	<http://dbpedia.org/ontology/Place>	<http://ja.dbpedia.org/property/subdivisionName>	"subdivision name"@ja	<http://ja.wikipedia.org/wiki/本町_(朝霞市)>	<http://wikidata.dbpedia.org/resource/Q24870512>
<http://ja.dbpedia.org/resource/本町_(朝霞市)>	"本町 (朝霞市)"@ja	<http://dbpedia.org/ontology/Location>	<http://ja.dbpedia.org/property/subdivisionName>	"subdivision name"@ja	<http://ja.wikipedia.org/wiki/本町_(朝霞市)>	<http://wikidata.dbpedia.org/resource/Q24870512>
<http://ja.dbpedia.org/resource/本町_(朝霞市)>	"本町 (朝霞市)"@ja	<http://dbpedia.org/ontology/PopulatedPlace>	<http://ja.dbpedia.org/property/subdivisionName>	"subdivision name"@ja	<http://ja.wikipedia.org/wiki/本町_(朝霞市)>	<http://wikidata.dbpedia.org/resource/Q24870512>
<http://ja.dbpedia.org/resource/浦和市>	"浦和市"@ja	<http://dbpedia.org/ontology/Place>	<http://ja.dbpedia.org/property/隣接自治体>	"隣接自治体"@ja	<http://ja.wikipedia.org/wiki/浦和市>	<http://wikidata.dbpedia.org/resource/Q1076743>
<http://ja.dbpedia.org/resource/浦和市>	"浦和市"@ja	<http://dbpedia.org/ontology/City>	<http://ja.dbpedia.org/property/隣接自治体>	"隣接自治体"@ja	<http://ja.wikipedia.org/wiki/浦和市>	<http://wikidata.dbpedia.org/resource/Q1076743>
<http://ja.dbpedia.org/resource/浦和市>	"浦和市"@ja	<http://dbpedia.org/ontology/Location>	<http://ja.dbpedia.org/property/隣接自治体>	"隣接自治体"@ja	<http://ja.wikipedia.org/wiki/浦和市>	<http://wikidata.dbpedia.org/resource/Q1076743>
<http://ja.dbpedia.org/resource/浦和市>	"浦和市"@ja	<http://dbpedia.org/ontology/Settlement>	<http://ja.dbpedia.org/property/隣接自治体>	"隣接自治体"@ja	<http://ja.wikipedia.org/wiki/浦和市>	<http://wikidata.dbpedia.org/resource/Q1076743>
<http://ja.dbpedia.org/resource/浦和市>	"浦和市"@ja	<http://dbpedia.org/ontology/PopulatedPlace>	<http://ja.dbpedia.org/property/隣接自治体>	"隣接自治体"@ja	<http://ja.wikipedia.org/wiki/浦和市>	<http://wikidata.dbpedia.org/resource/Q1076743>
<http://ja.dbpedia.org/resource/溝沼>	"溝沼"@ja	<http://dbpedia.org/ontology/PopulatedPlace>	<http://ja.dbpedia.org/property/subdivisionName>	"subdivision name"@ja	<http://ja.wikipedia.org/wiki/溝沼>	<http://wikidata.dbpedia.org/resource/Q28683782>
<http://ja.dbpedia.org/resource/溝沼>	"溝沼"@ja	<http://dbpedia.org/ontology/Location>	<http://ja.dbpedia.org/property/subdivisionName>	"subdivision name"@ja	<http://ja.wikipedia.org/wiki/溝沼>	<http://wikidata.dbpedia.org/resource/Q28683782>
<http://ja.dbpedia.org/resource/溝沼>	"溝沼"@ja	<http://dbpedia.org/ontology/Place>	<http://ja.dbpedia.org/property/subdivisionName>	"subdivision name"@ja	<http://ja.wikipedia.org/wiki/溝沼>	<http://wikidata.dbpedia.org/resource/Q28683782>
<http://ja.dbpedia.org/resource/溝沼>	"溝沼"@ja	<http://dbpedia.org/ontology/Settlement>	<http://ja.dbpedia.org/property/subdivisionName>	"subdivision name"@ja	<http://ja.wikipedia.org/wiki/溝沼>	<http://wikidata.dbpedia.org/resource/Q28683782>
<http://ja.dbpedia.org/resource/膝折町>	"膝折町"@ja	<http://dbpedia.org/ontology/Location>	<http://ja.dbpedia.org/property/subdivisionName>	"subdivision name"@ja	<http://ja.wikipedia.org/wiki/膝折町>	<http://wikidata.dbpedia.org/resource/Q28683780>
<http://ja.dbpedia.org/resource/膝折町>	"膝折町"@ja	<http://dbpedia.org/ontology/PopulatedPlace>	<http://ja.dbpedia.org/property/subdivisionName>	"subdivision name"@ja	<http://ja.wikipedia.org/wiki/膝折町>	<http://wikidata.dbpedia.org/resource/Q28683780>
<http://ja.dbpedia.org/resource/膝折町>	"膝折町"@ja	<http://dbpedia.org/ontology/Settlement>	<http://ja.dbpedia.org/property/subdivisionName>	"subdivision name"@ja	<http://ja.wikipedia.org/wiki/膝折町>	<http://wikidata.dbpedia.org/resource/Q28683780>
<http://ja.dbpedia.org/resource/膝折町>	"膝折町"@ja	<http://dbpedia.org/ontology/Place>	<http://ja.dbpedia.org/property/subdivisionName>	"subdivision name"@ja	<http://ja.wikipedia.org/wiki/膝折町>	<http://wikidata.dbpedia.org/resource/Q28683780>
<http://ja.dbpedia.org/resource/鴨川_(埼玉県)>	"鴨川 (埼玉県)"@ja	<http://dbpedia.org/ontology/NaturalPlace>	<http://ja.dbpedia.org/property/河口>	"河口"@ja	<http://ja.wikipedia.org/wiki/鴨川_(埼玉県)>	<http://wikidata.dbpedia.org/resource/Q11675542>
<http://ja.dbpedia.org/resource/鴨川_(埼玉県)>	"鴨川 (埼玉県)"@ja	<http://dbpedia.org/ontology/Stream>	<http://ja.dbpedia.org/property/河口>	"河口"@ja	<http://ja.wikipedia.org/wiki/鴨川_(埼玉県)>	<http://wikidata.dbpedia.org/resource/Q11675542>
<http://ja.dbpedia.org/resource/鴨川_(埼玉県)>	"鴨川 (埼玉県)"@ja	<http://dbpedia.org/ontology/BodyOfWater>	<http://ja.dbpedia.org/property/河口>	"河口"@ja	<http://ja.wikipedia.org/wiki/鴨川_(埼玉県)>	<http://wikidata.dbpedia.org/resource/Q11675542>
<http://ja.dbpedia.org/resource/鴨川_(埼玉県)>	"鴨川 (埼玉県)"@ja	<http://dbpedia.org/ontology/Place>	<http://ja.dbpedia.org/property/河口>	"河口"@ja	<http://ja.wikipedia.org/wiki/鴨川_(埼玉県)>	<http://wikidata.dbpedia.org/resource/Q11675542>
<http://ja.dbpedia.org/resource/鴨川_(埼玉県)>	"鴨川 (埼玉県)"@ja	<http://dbpedia.org/ontology/River>	<http://ja.dbpedia.org/property/河口>	"河口"@ja	<http://ja.wikipedia.org/wiki/鴨川_(埼玉県)>	<http://wikidata.dbpedia.org/resource/Q11675542>
<http://ja.dbpedia.org/resource/鴨川_(埼玉県)>	"鴨川 (埼玉県)"@ja	<http://dbpedia.org/ontology/Location>	<http://ja.dbpedia.org/property/河口>	"河口"@ja	<http://ja.wikipedia.org/wiki/鴨川_(埼玉県)>	<http://wikidata.dbpedia.org/resource/Q11675542>
