?s	?sLabel	?type	?p	?pLabel	?jwiki	?wd
<http://ja.dbpedia.org/resource/坂戸市>	"坂戸市"@ja	<http://dbpedia.org/ontology/Place>	<http://ja.dbpedia.org/property/south>	"South"@ja	<http://ja.wikipedia.org/wiki/坂戸市>	<http://wikidata.dbpedia.org/resource/Q850344>
<http://ja.dbpedia.org/resource/坂戸市>	"坂戸市"@ja	<http://dbpedia.org/ontology/City>	<http://ja.dbpedia.org/property/south>	"South"@ja	<http://ja.wikipedia.org/wiki/坂戸市>	<http://wikidata.dbpedia.org/resource/Q850344>
<http://ja.dbpedia.org/resource/坂戸市>	"坂戸市"@ja	<http://dbpedia.org/ontology/Location>	<http://ja.dbpedia.org/property/south>	"South"@ja	<http://ja.wikipedia.org/wiki/坂戸市>	<http://wikidata.dbpedia.org/resource/Q850344>
<http://ja.dbpedia.org/resource/坂戸市>	"坂戸市"@ja	<http://dbpedia.org/ontology/PopulatedPlace>	<http://ja.dbpedia.org/property/south>	"South"@ja	<http://ja.wikipedia.org/wiki/坂戸市>	<http://wikidata.dbpedia.org/resource/Q850344>
<http://ja.dbpedia.org/resource/坂戸市>	"坂戸市"@ja	<http://dbpedia.org/ontology/Settlement>	<http://ja.dbpedia.org/property/south>	"South"@ja	<http://ja.wikipedia.org/wiki/坂戸市>	<http://wikidata.dbpedia.org/resource/Q850344>
<http://ja.dbpedia.org/resource/日高市>	"日高市"@ja	<http://dbpedia.org/ontology/PopulatedPlace>	<http://ja.dbpedia.org/property/northeast>	"Northeast"@ja	<http://ja.wikipedia.org/wiki/日高市>	<http://wikidata.dbpedia.org/resource/Q905721>
<http://ja.dbpedia.org/resource/日高市>	"日高市"@ja	<http://dbpedia.org/ontology/Settlement>	<http://ja.dbpedia.org/property/northeast>	"Northeast"@ja	<http://ja.wikipedia.org/wiki/日高市>	<http://wikidata.dbpedia.org/resource/Q905721>
<http://ja.dbpedia.org/resource/日高市>	"日高市"@ja	<http://dbpedia.org/ontology/Location>	<http://ja.dbpedia.org/property/northeast>	"Northeast"@ja	<http://ja.wikipedia.org/wiki/日高市>	<http://wikidata.dbpedia.org/resource/Q905721>
<http://ja.dbpedia.org/resource/日高市>	"日高市"@ja	<http://dbpedia.org/ontology/Place>	<http://ja.dbpedia.org/property/northeast>	"Northeast"@ja	<http://ja.wikipedia.org/wiki/日高市>	<http://wikidata.dbpedia.org/resource/Q905721>
<http://ja.dbpedia.org/resource/日高市>	"日高市"@ja	<http://dbpedia.org/ontology/City>	<http://ja.dbpedia.org/property/northeast>	"Northeast"@ja	<http://ja.wikipedia.org/wiki/日高市>	<http://wikidata.dbpedia.org/resource/Q905721>
<http://ja.dbpedia.org/resource/鶴ヶ島市立南中学校>	"鶴ヶ島市立南中学校"@ja	<http://dbpedia.org/ontology/EducationalInstitution>	<http://ja.dbpedia.org/property/設置者>	"設置者"@ja	<http://ja.wikipedia.org/wiki/鶴ヶ島市立南中学校>	<http://wikidata.dbpedia.org/resource/Q11675877>
<http://ja.dbpedia.org/resource/鶴ヶ島市立南中学校>	"鶴ヶ島市立南中学校"@ja	<http://dbpedia.org/ontology/School>	<http://ja.dbpedia.org/property/設置者>	"設置者"@ja	<http://ja.wikipedia.org/wiki/鶴ヶ島市立南中学校>	<http://wikidata.dbpedia.org/resource/Q11675877>
<http://ja.dbpedia.org/resource/鶴ヶ島市立南中学校>	"鶴ヶ島市立南中学校"@ja	<http://dbpedia.org/ontology/Agent>	<http://ja.dbpedia.org/property/設置者>	"設置者"@ja	<http://ja.wikipedia.org/wiki/鶴ヶ島市立南中学校>	<http://wikidata.dbpedia.org/resource/Q11675877>
<http://ja.dbpedia.org/resource/鶴ヶ島市立南中学校>	"鶴ヶ島市立南中学校"@ja	<http://dbpedia.org/ontology/Organisation>	<http://ja.dbpedia.org/property/設置者>	"設置者"@ja	<http://ja.wikipedia.org/wiki/鶴ヶ島市立南中学校>	<http://wikidata.dbpedia.org/resource/Q11675877>
<http://ja.dbpedia.org/resource/鶴ヶ島市立富士見中学校>	"鶴ヶ島市立富士見中学校"@ja	<http://dbpedia.org/ontology/Agent>	<http://ja.dbpedia.org/property/設置者>	"設置者"@ja	<http://ja.wikipedia.org/wiki/鶴ヶ島市立富士見中学校>	<http://wikidata.dbpedia.org/resource/Q11675876>
<http://ja.dbpedia.org/resource/鶴ヶ島市立富士見中学校>	"鶴ヶ島市立富士見中学校"@ja	<http://dbpedia.org/ontology/Organisation>	<http://ja.dbpedia.org/property/設置者>	"設置者"@ja	<http://ja.wikipedia.org/wiki/鶴ヶ島市立富士見中学校>	<http://wikidata.dbpedia.org/resource/Q11675876>
<http://ja.dbpedia.org/resource/鶴ヶ島市立富士見中学校>	"鶴ヶ島市立富士見中学校"@ja	<http://dbpedia.org/ontology/School>	<http://ja.dbpedia.org/property/設置者>	"設置者"@ja	<http://ja.wikipedia.org/wiki/鶴ヶ島市立富士見中学校>	<http://wikidata.dbpedia.org/resource/Q11675876>
<http://ja.dbpedia.org/resource/鶴ヶ島市立富士見中学校>	"鶴ヶ島市立富士見中学校"@ja	<http://dbpedia.org/ontology/EducationalInstitution>	<http://ja.dbpedia.org/property/設置者>	"設置者"@ja	<http://ja.wikipedia.org/wiki/鶴ヶ島市立富士見中学校>	<http://wikidata.dbpedia.org/resource/Q11675876>
<http://ja.dbpedia.org/resource/鶴ヶ島市立栄小学校>	"鶴ヶ島市立栄小学校"@ja	<http://dbpedia.org/ontology/EducationalInstitution>	<http://ja.dbpedia.org/property/設置者>	"設置者"@ja	<http://ja.wikipedia.org/wiki/鶴ヶ島市立栄小学校>	<http://wikidata.dbpedia.org/resource/Q86497306>
<http://ja.dbpedia.org/resource/鶴ヶ島市立栄小学校>	"鶴ヶ島市立栄小学校"@ja	<http://dbpedia.org/ontology/School>	<http://ja.dbpedia.org/property/設置者>	"設置者"@ja	<http://ja.wikipedia.org/wiki/鶴ヶ島市立栄小学校>	<http://wikidata.dbpedia.org/resource/Q86497306>
<http://ja.dbpedia.org/resource/鶴ヶ島市立栄小学校>	"鶴ヶ島市立栄小学校"@ja	<http://dbpedia.org/ontology/Agent>	<http://ja.dbpedia.org/property/設置者>	"設置者"@ja	<http://ja.wikipedia.org/wiki/鶴ヶ島市立栄小学校>	<http://wikidata.dbpedia.org/resource/Q86497306>
<http://ja.dbpedia.org/resource/鶴ヶ島市立栄小学校>	"鶴ヶ島市立栄小学校"@ja	<http://dbpedia.org/ontology/Organisation>	<http://ja.dbpedia.org/property/設置者>	"設置者"@ja	<http://ja.wikipedia.org/wiki/鶴ヶ島市立栄小学校>	<http://wikidata.dbpedia.org/resource/Q86497306>
<http://ja.dbpedia.org/resource/鶴ヶ島市立藤中学校>	"鶴ヶ島市立藤中学校"@ja	<http://dbpedia.org/ontology/Agent>	<http://ja.dbpedia.org/property/設置者>	"設置者"@ja	<http://ja.wikipedia.org/wiki/鶴ヶ島市立藤中学校>	<http://wikidata.dbpedia.org/resource/Q11675878>
<http://ja.dbpedia.org/resource/鶴ヶ島市立藤中学校>	"鶴ヶ島市立藤中学校"@ja	<http://dbpedia.org/ontology/Organisation>	<http://ja.dbpedia.org/property/設置者>	"設置者"@ja	<http://ja.wikipedia.org/wiki/鶴ヶ島市立藤中学校>	<http://wikidata.dbpedia.org/resource/Q11675878>
<http://ja.dbpedia.org/resource/鶴ヶ島市立藤中学校>	"鶴ヶ島市立藤中学校"@ja	<http://dbpedia.org/ontology/School>	<http://ja.dbpedia.org/property/設置者>	"設置者"@ja	<http://ja.wikipedia.org/wiki/鶴ヶ島市立藤中学校>	<http://wikidata.dbpedia.org/resource/Q11675878>
<http://ja.dbpedia.org/resource/鶴ヶ島市立藤中学校>	"鶴ヶ島市立藤中学校"@ja	<http://dbpedia.org/ontology/EducationalInstitution>	<http://ja.dbpedia.org/property/設置者>	"設置者"@ja	<http://ja.wikipedia.org/wiki/鶴ヶ島市立藤中学校>	<http://wikidata.dbpedia.org/resource/Q11675878>
<http://ja.dbpedia.org/resource/鶴ヶ島市立藤小学校>	"鶴ヶ島市立藤小学校"@ja	<http://dbpedia.org/ontology/Agent>	<http://ja.dbpedia.org/property/設置者>	"設置者"@ja	<http://ja.wikipedia.org/wiki/鶴ヶ島市立藤小学校>	<http://wikidata.dbpedia.org/resource/Q11675879>
<http://ja.dbpedia.org/resource/鶴ヶ島市立藤小学校>	"鶴ヶ島市立藤小学校"@ja	<http://dbpedia.org/ontology/Organisation>	<http://ja.dbpedia.org/property/設置者>	"設置者"@ja	<http://ja.wikipedia.org/wiki/鶴ヶ島市立藤小学校>	<http://wikidata.dbpedia.org/resource/Q11675879>
<http://ja.dbpedia.org/resource/鶴ヶ島市立藤小学校>	"鶴ヶ島市立藤小学校"@ja	<http://dbpedia.org/ontology/School>	<http://ja.dbpedia.org/property/設置者>	"設置者"@ja	<http://ja.wikipedia.org/wiki/鶴ヶ島市立藤小学校>	<http://wikidata.dbpedia.org/resource/Q11675879>
<http://ja.dbpedia.org/resource/鶴ヶ島市立藤小学校>	"鶴ヶ島市立藤小学校"@ja	<http://dbpedia.org/ontology/EducationalInstitution>	<http://ja.dbpedia.org/property/設置者>	"設置者"@ja	<http://ja.wikipedia.org/wiki/鶴ヶ島市立藤小学校>	<http://wikidata.dbpedia.org/resource/Q11675879>
<http://ja.dbpedia.org/resource/鶴ヶ島市立西中学校>	"鶴ヶ島市立西中学校"@ja	<http://dbpedia.org/ontology/Agent>	<http://ja.dbpedia.org/property/設置者>	"設置者"@ja	<http://ja.wikipedia.org/wiki/鶴ヶ島市立西中学校>	<http://wikidata.dbpedia.org/resource/Q11675881>
<http://ja.dbpedia.org/resource/鶴ヶ島市立西中学校>	"鶴ヶ島市立西中学校"@ja	<http://dbpedia.org/ontology/Organisation>	<http://ja.dbpedia.org/property/設置者>	"設置者"@ja	<http://ja.wikipedia.org/wiki/鶴ヶ島市立西中学校>	<http://wikidata.dbpedia.org/resource/Q11675881>
<http://ja.dbpedia.org/resource/鶴ヶ島市立西中学校>	"鶴ヶ島市立西中学校"@ja	<http://dbpedia.org/ontology/School>	<http://ja.dbpedia.org/property/設置者>	"設置者"@ja	<http://ja.wikipedia.org/wiki/鶴ヶ島市立西中学校>	<http://wikidata.dbpedia.org/resource/Q11675881>
<http://ja.dbpedia.org/resource/鶴ヶ島市立西中学校>	"鶴ヶ島市立西中学校"@ja	<http://dbpedia.org/ontology/EducationalInstitution>	<http://ja.dbpedia.org/property/設置者>	"設置者"@ja	<http://ja.wikipedia.org/wiki/鶴ヶ島市立西中学校>	<http://wikidata.dbpedia.org/resource/Q11675881>
<http://ja.dbpedia.org/resource/鶴ヶ島市立鶴ヶ島中学校>	"鶴ヶ島市立鶴ヶ島中学校"@ja	<http://dbpedia.org/ontology/Organisation>	<http://ja.dbpedia.org/property/設置者>	"設置者"@ja	<http://ja.wikipedia.org/wiki/鶴ヶ島市立鶴ヶ島中学校>	<http://wikidata.dbpedia.org/resource/Q11675880>
<http://ja.dbpedia.org/resource/鶴ヶ島市立鶴ヶ島中学校>	"鶴ヶ島市立鶴ヶ島中学校"@ja	<http://dbpedia.org/ontology/Agent>	<http://ja.dbpedia.org/property/設置者>	"設置者"@ja	<http://ja.wikipedia.org/wiki/鶴ヶ島市立鶴ヶ島中学校>	<http://wikidata.dbpedia.org/resource/Q11675880>
<http://ja.dbpedia.org/resource/鶴ヶ島市立鶴ヶ島中学校>	"鶴ヶ島市立鶴ヶ島中学校"@ja	<http://dbpedia.org/ontology/EducationalInstitution>	<http://ja.dbpedia.org/property/設置者>	"設置者"@ja	<http://ja.wikipedia.org/wiki/鶴ヶ島市立鶴ヶ島中学校>	<http://wikidata.dbpedia.org/resource/Q11675880>
<http://ja.dbpedia.org/resource/鶴ヶ島市立鶴ヶ島中学校>	"鶴ヶ島市立鶴ヶ島中学校"@ja	<http://dbpedia.org/ontology/School>	<http://ja.dbpedia.org/property/設置者>	"設置者"@ja	<http://ja.wikipedia.org/wiki/鶴ヶ島市立鶴ヶ島中学校>	<http://wikidata.dbpedia.org/resource/Q11675880>
<http://ja.dbpedia.org/resource/鶴ヶ島市立鶴ヶ島第一小学校>	"鶴ヶ島市立鶴ヶ島第一小学校"@ja	<http://dbpedia.org/ontology/Agent>	<http://ja.dbpedia.org/property/設置者>	"設置者"@ja	<http://ja.wikipedia.org/wiki/鶴ヶ島市立鶴ヶ島第一小学校>	<http://wikidata.dbpedia.org/resource/Q11675882>
<http://ja.dbpedia.org/resource/鶴ヶ島市立鶴ヶ島第一小学校>	"鶴ヶ島市立鶴ヶ島第一小学校"@ja	<http://dbpedia.org/ontology/Organisation>	<http://ja.dbpedia.org/property/設置者>	"設置者"@ja	<http://ja.wikipedia.org/wiki/鶴ヶ島市立鶴ヶ島第一小学校>	<http://wikidata.dbpedia.org/resource/Q11675882>
<http://ja.dbpedia.org/resource/鶴ヶ島市立鶴ヶ島第一小学校>	"鶴ヶ島市立鶴ヶ島第一小学校"@ja	<http://dbpedia.org/ontology/School>	<http://ja.dbpedia.org/property/設置者>	"設置者"@ja	<http://ja.wikipedia.org/wiki/鶴ヶ島市立鶴ヶ島第一小学校>	<http://wikidata.dbpedia.org/resource/Q11675882>
<http://ja.dbpedia.org/resource/鶴ヶ島市立鶴ヶ島第一小学校>	"鶴ヶ島市立鶴ヶ島第一小学校"@ja	<http://dbpedia.org/ontology/EducationalInstitution>	<http://ja.dbpedia.org/property/設置者>	"設置者"@ja	<http://ja.wikipedia.org/wiki/鶴ヶ島市立鶴ヶ島第一小学校>	<http://wikidata.dbpedia.org/resource/Q11675882>
