?s	?sLabel	?type	?p	?pLabel	?jwiki	?wd
<http://ja.dbpedia.org/resource/三郷市>	"三郷市"@ja	<http://dbpedia.org/ontology/Place>	<http://ja.dbpedia.org/property/隣接自治体>	"隣接自治体"@ja	<http://ja.wikipedia.org/wiki/三郷市>	<http://wikidata.dbpedia.org/resource/Q853061>
<http://ja.dbpedia.org/resource/三郷市>	"三郷市"@ja	<http://dbpedia.org/ontology/City>	<http://ja.dbpedia.org/property/隣接自治体>	"隣接自治体"@ja	<http://ja.wikipedia.org/wiki/三郷市>	<http://wikidata.dbpedia.org/resource/Q853061>
<http://ja.dbpedia.org/resource/三郷市>	"三郷市"@ja	<http://dbpedia.org/ontology/Location>	<http://ja.dbpedia.org/property/隣接自治体>	"隣接自治体"@ja	<http://ja.wikipedia.org/wiki/三郷市>	<http://wikidata.dbpedia.org/resource/Q853061>
<http://ja.dbpedia.org/resource/三郷市>	"三郷市"@ja	<http://dbpedia.org/ontology/Settlement>	<http://ja.dbpedia.org/property/隣接自治体>	"隣接自治体"@ja	<http://ja.wikipedia.org/wiki/三郷市>	<http://wikidata.dbpedia.org/resource/Q853061>
<http://ja.dbpedia.org/resource/三郷市>	"三郷市"@ja	<http://dbpedia.org/ontology/PopulatedPlace>	<http://ja.dbpedia.org/property/隣接自治体>	"隣接自治体"@ja	<http://ja.wikipedia.org/wiki/三郷市>	<http://wikidata.dbpedia.org/resource/Q853061>
<http://ja.dbpedia.org/resource/吉川団地>	"吉川団地"@ja	<http://dbpedia.org/ontology/PopulatedPlace>	<http://ja.dbpedia.org/property/subdivisionName>	"subdivision name"@ja	<http://ja.wikipedia.org/wiki/吉川団地>	<http://wikidata.dbpedia.org/resource/Q24867055>
<http://ja.dbpedia.org/resource/吉川団地>	"吉川団地"@ja	<http://dbpedia.org/ontology/Location>	<http://ja.dbpedia.org/property/subdivisionName>	"subdivision name"@ja	<http://ja.wikipedia.org/wiki/吉川団地>	<http://wikidata.dbpedia.org/resource/Q24867055>
<http://ja.dbpedia.org/resource/吉川団地>	"吉川団地"@ja	<http://dbpedia.org/ontology/Place>	<http://ja.dbpedia.org/property/subdivisionName>	"subdivision name"@ja	<http://ja.wikipedia.org/wiki/吉川団地>	<http://wikidata.dbpedia.org/resource/Q24867055>
<http://ja.dbpedia.org/resource/吉川団地>	"吉川団地"@ja	<http://dbpedia.org/ontology/Settlement>	<http://ja.dbpedia.org/property/subdivisionName>	"subdivision name"@ja	<http://ja.wikipedia.org/wiki/吉川団地>	<http://wikidata.dbpedia.org/resource/Q24867055>
<http://ja.dbpedia.org/resource/埼玉県道・千葉県道52号越谷流山線>	"埼玉県道・千葉県道52号越谷流山線"@ja	<http://dbpedia.org/ontology/RouteOfTransportation>	<http://ja.dbpedia.org/property/主な経由都市>	"主な経由都市"@ja	<http://ja.wikipedia.org/wiki/埼玉県道・千葉県道52号越谷流山線>	<http://wikidata.dbpedia.org/resource/Q16144934>
<http://ja.dbpedia.org/resource/埼玉県道・千葉県道52号越谷流山線>	"埼玉県道・千葉県道52号越谷流山線"@ja	<http://dbpedia.org/ontology/Infrastructure>	<http://ja.dbpedia.org/property/主な経由都市>	"主な経由都市"@ja	<http://ja.wikipedia.org/wiki/埼玉県道・千葉県道52号越谷流山線>	<http://wikidata.dbpedia.org/resource/Q16144934>
<http://ja.dbpedia.org/resource/埼玉県道・千葉県道52号越谷流山線>	"埼玉県道・千葉県道52号越谷流山線"@ja	<http://dbpedia.org/ontology/Road>	<http://ja.dbpedia.org/property/主な経由都市>	"主な経由都市"@ja	<http://ja.wikipedia.org/wiki/埼玉県道・千葉県道52号越谷流山線>	<http://wikidata.dbpedia.org/resource/Q16144934>
<http://ja.dbpedia.org/resource/埼玉県道・千葉県道52号越谷流山線>	"埼玉県道・千葉県道52号越谷流山線"@ja	<http://dbpedia.org/ontology/ArchitecturalStructure>	<http://ja.dbpedia.org/property/主な経由都市>	"主な経由都市"@ja	<http://ja.wikipedia.org/wiki/埼玉県道・千葉県道52号越谷流山線>	<http://wikidata.dbpedia.org/resource/Q16144934>
<http://ja.dbpedia.org/resource/大場川_(埼玉県)>	"大場川 (埼玉県)"@ja	<http://dbpedia.org/ontology/NaturalPlace>	<http://ja.dbpedia.org/property/水源>	"水源"@ja	<http://ja.wikipedia.org/wiki/大場川_(埼玉県)>	<http://wikidata.dbpedia.org/resource/Q11433884>
<http://ja.dbpedia.org/resource/大場川_(埼玉県)>	"大場川 (埼玉県)"@ja	<http://dbpedia.org/ontology/Stream>	<http://ja.dbpedia.org/property/水源>	"水源"@ja	<http://ja.wikipedia.org/wiki/大場川_(埼玉県)>	<http://wikidata.dbpedia.org/resource/Q11433884>
<http://ja.dbpedia.org/resource/大場川_(埼玉県)>	"大場川 (埼玉県)"@ja	<http://dbpedia.org/ontology/BodyOfWater>	<http://ja.dbpedia.org/property/水源>	"水源"@ja	<http://ja.wikipedia.org/wiki/大場川_(埼玉県)>	<http://wikidata.dbpedia.org/resource/Q11433884>
<http://ja.dbpedia.org/resource/大場川_(埼玉県)>	"大場川 (埼玉県)"@ja	<http://dbpedia.org/ontology/Place>	<http://ja.dbpedia.org/property/水源>	"水源"@ja	<http://ja.wikipedia.org/wiki/大場川_(埼玉県)>	<http://wikidata.dbpedia.org/resource/Q11433884>
<http://ja.dbpedia.org/resource/大場川_(埼玉県)>	"大場川 (埼玉県)"@ja	<http://dbpedia.org/ontology/River>	<http://ja.dbpedia.org/property/水源>	"水源"@ja	<http://ja.wikipedia.org/wiki/大場川_(埼玉県)>	<http://wikidata.dbpedia.org/resource/Q11433884>
<http://ja.dbpedia.org/resource/大場川_(埼玉県)>	"大場川 (埼玉県)"@ja	<http://dbpedia.org/ontology/Location>	<http://ja.dbpedia.org/property/水源>	"水源"@ja	<http://ja.wikipedia.org/wiki/大場川_(埼玉県)>	<http://wikidata.dbpedia.org/resource/Q11433884>
<http://ja.dbpedia.org/resource/松伏町>	"松伏町"@ja	<http://dbpedia.org/ontology/Location>	<http://ja.dbpedia.org/property/隣接自治体>	"隣接自治体"@ja	<http://ja.wikipedia.org/wiki/松伏町>	<http://wikidata.dbpedia.org/resource/Q1346963>
<http://ja.dbpedia.org/resource/松伏町>	"松伏町"@ja	<http://dbpedia.org/ontology/PopulatedPlace>	<http://ja.dbpedia.org/property/隣接自治体>	"隣接自治体"@ja	<http://ja.wikipedia.org/wiki/松伏町>	<http://wikidata.dbpedia.org/resource/Q1346963>
<http://ja.dbpedia.org/resource/松伏町>	"松伏町"@ja	<http://dbpedia.org/ontology/Settlement>	<http://ja.dbpedia.org/property/隣接自治体>	"隣接自治体"@ja	<http://ja.wikipedia.org/wiki/松伏町>	<http://wikidata.dbpedia.org/resource/Q1346963>
<http://ja.dbpedia.org/resource/松伏町>	"松伏町"@ja	<http://dbpedia.org/ontology/City>	<http://ja.dbpedia.org/property/隣接自治体>	"隣接自治体"@ja	<http://ja.wikipedia.org/wiki/松伏町>	<http://wikidata.dbpedia.org/resource/Q1346963>
<http://ja.dbpedia.org/resource/松伏町>	"松伏町"@ja	<http://dbpedia.org/ontology/Place>	<http://ja.dbpedia.org/property/隣接自治体>	"隣接自治体"@ja	<http://ja.wikipedia.org/wiki/松伏町>	<http://wikidata.dbpedia.org/resource/Q1346963>
<http://ja.dbpedia.org/resource/流山市>	"流山市"@ja	<http://dbpedia.org/ontology/PopulatedPlace>	<http://ja.dbpedia.org/property/northwest>	"Northwest"@ja	<http://ja.wikipedia.org/wiki/流山市>	<http://wikidata.dbpedia.org/resource/Q328625>
<http://ja.dbpedia.org/resource/流山市>	"流山市"@ja	<http://dbpedia.org/ontology/City>	<http://ja.dbpedia.org/property/隣接自治体>	"隣接自治体"@ja	<http://ja.wikipedia.org/wiki/流山市>	<http://wikidata.dbpedia.org/resource/Q328625>
<http://ja.dbpedia.org/resource/流山市>	"流山市"@ja	<http://dbpedia.org/ontology/Place>	<http://ja.dbpedia.org/property/隣接自治体>	"隣接自治体"@ja	<http://ja.wikipedia.org/wiki/流山市>	<http://wikidata.dbpedia.org/resource/Q328625>
<http://ja.dbpedia.org/resource/流山市>	"流山市"@ja	<http://dbpedia.org/ontology/Settlement>	<http://ja.dbpedia.org/property/northwest>	"Northwest"@ja	<http://ja.wikipedia.org/wiki/流山市>	<http://wikidata.dbpedia.org/resource/Q328625>
<http://ja.dbpedia.org/resource/流山市>	"流山市"@ja	<http://dbpedia.org/ontology/Location>	<http://ja.dbpedia.org/property/northwest>	"Northwest"@ja	<http://ja.wikipedia.org/wiki/流山市>	<http://wikidata.dbpedia.org/resource/Q328625>
<http://ja.dbpedia.org/resource/流山市>	"流山市"@ja	<http://dbpedia.org/ontology/Location>	<http://ja.dbpedia.org/property/隣接自治体>	"隣接自治体"@ja	<http://ja.wikipedia.org/wiki/流山市>	<http://wikidata.dbpedia.org/resource/Q328625>
<http://ja.dbpedia.org/resource/流山市>	"流山市"@ja	<http://dbpedia.org/ontology/Place>	<http://ja.dbpedia.org/property/northwest>	"Northwest"@ja	<http://ja.wikipedia.org/wiki/流山市>	<http://wikidata.dbpedia.org/resource/Q328625>
<http://ja.dbpedia.org/resource/流山市>	"流山市"@ja	<http://dbpedia.org/ontology/PopulatedPlace>	<http://ja.dbpedia.org/property/隣接自治体>	"隣接自治体"@ja	<http://ja.wikipedia.org/wiki/流山市>	<http://wikidata.dbpedia.org/resource/Q328625>
<http://ja.dbpedia.org/resource/流山市>	"流山市"@ja	<http://dbpedia.org/ontology/City>	<http://ja.dbpedia.org/property/northwest>	"Northwest"@ja	<http://ja.wikipedia.org/wiki/流山市>	<http://wikidata.dbpedia.org/resource/Q328625>
<http://ja.dbpedia.org/resource/流山市>	"流山市"@ja	<http://dbpedia.org/ontology/Settlement>	<http://ja.dbpedia.org/property/隣接自治体>	"隣接自治体"@ja	<http://ja.wikipedia.org/wiki/流山市>	<http://wikidata.dbpedia.org/resource/Q328625>
<http://ja.dbpedia.org/resource/深井新田_(吉川市)>	"深井新田 (吉川市)"@ja	<http://dbpedia.org/ontology/Location>	<http://ja.dbpedia.org/property/subdivisionName>	"subdivision name"@ja	<http://ja.wikipedia.org/wiki/深井新田_(吉川市)>	<http://wikidata.dbpedia.org/resource/Q28684283>
<http://ja.dbpedia.org/resource/深井新田_(吉川市)>	"深井新田 (吉川市)"@ja	<http://dbpedia.org/ontology/PopulatedPlace>	<http://ja.dbpedia.org/property/subdivisionName>	"subdivision name"@ja	<http://ja.wikipedia.org/wiki/深井新田_(吉川市)>	<http://wikidata.dbpedia.org/resource/Q28684283>
<http://ja.dbpedia.org/resource/深井新田_(吉川市)>	"深井新田 (吉川市)"@ja	<http://dbpedia.org/ontology/Settlement>	<http://ja.dbpedia.org/property/subdivisionName>	"subdivision name"@ja	<http://ja.wikipedia.org/wiki/深井新田_(吉川市)>	<http://wikidata.dbpedia.org/resource/Q28684283>
<http://ja.dbpedia.org/resource/深井新田_(吉川市)>	"深井新田 (吉川市)"@ja	<http://dbpedia.org/ontology/Place>	<http://ja.dbpedia.org/property/subdivisionName>	"subdivision name"@ja	<http://ja.wikipedia.org/wiki/深井新田_(吉川市)>	<http://wikidata.dbpedia.org/resource/Q28684283>
<http://ja.dbpedia.org/resource/美南>	"美南"@ja	<http://dbpedia.org/ontology/PopulatedPlace>	<http://ja.dbpedia.org/property/subdivisionName>	"subdivision name"@ja	<http://ja.wikipedia.org/wiki/美南>	<http://wikidata.dbpedia.org/resource/Q22130498>
<http://ja.dbpedia.org/resource/美南>	"美南"@ja	<http://dbpedia.org/ontology/Location>	<http://ja.dbpedia.org/property/subdivisionName>	"subdivision name"@ja	<http://ja.wikipedia.org/wiki/美南>	<http://wikidata.dbpedia.org/resource/Q22130498>
<http://ja.dbpedia.org/resource/美南>	"美南"@ja	<http://dbpedia.org/ontology/Place>	<http://ja.dbpedia.org/property/subdivisionName>	"subdivision name"@ja	<http://ja.wikipedia.org/wiki/美南>	<http://wikidata.dbpedia.org/resource/Q22130498>
<http://ja.dbpedia.org/resource/美南>	"美南"@ja	<http://dbpedia.org/ontology/Settlement>	<http://ja.dbpedia.org/property/subdivisionName>	"subdivision name"@ja	<http://ja.wikipedia.org/wiki/美南>	<http://wikidata.dbpedia.org/resource/Q22130498>
<http://ja.dbpedia.org/resource/草加市>	"草加市"@ja	<http://dbpedia.org/ontology/Place>	<http://ja.dbpedia.org/property/northeast>	"Northeast"@ja	<http://ja.wikipedia.org/wiki/草加市>	<http://wikidata.dbpedia.org/resource/Q734442>
<http://ja.dbpedia.org/resource/草加市>	"草加市"@ja	<http://dbpedia.org/ontology/Location>	<http://ja.dbpedia.org/property/隣接自治体>	"隣接自治体"@ja	<http://ja.wikipedia.org/wiki/草加市>	<http://wikidata.dbpedia.org/resource/Q734442>
<http://ja.dbpedia.org/resource/草加市>	"草加市"@ja	<http://dbpedia.org/ontology/PopulatedPlace>	<http://ja.dbpedia.org/property/隣接自治体>	"隣接自治体"@ja	<http://ja.wikipedia.org/wiki/草加市>	<http://wikidata.dbpedia.org/resource/Q734442>
<http://ja.dbpedia.org/resource/草加市>	"草加市"@ja	<http://dbpedia.org/ontology/City>	<http://ja.dbpedia.org/property/northeast>	"Northeast"@ja	<http://ja.wikipedia.org/wiki/草加市>	<http://wikidata.dbpedia.org/resource/Q734442>
<http://ja.dbpedia.org/resource/草加市>	"草加市"@ja	<http://dbpedia.org/ontology/Settlement>	<http://ja.dbpedia.org/property/隣接自治体>	"隣接自治体"@ja	<http://ja.wikipedia.org/wiki/草加市>	<http://wikidata.dbpedia.org/resource/Q734442>
<http://ja.dbpedia.org/resource/草加市>	"草加市"@ja	<http://dbpedia.org/ontology/PopulatedPlace>	<http://ja.dbpedia.org/property/northeast>	"Northeast"@ja	<http://ja.wikipedia.org/wiki/草加市>	<http://wikidata.dbpedia.org/resource/Q734442>
<http://ja.dbpedia.org/resource/草加市>	"草加市"@ja	<http://dbpedia.org/ontology/Place>	<http://ja.dbpedia.org/property/隣接自治体>	"隣接自治体"@ja	<http://ja.wikipedia.org/wiki/草加市>	<http://wikidata.dbpedia.org/resource/Q734442>
<http://ja.dbpedia.org/resource/草加市>	"草加市"@ja	<http://dbpedia.org/ontology/Location>	<http://ja.dbpedia.org/property/northeast>	"Northeast"@ja	<http://ja.wikipedia.org/wiki/草加市>	<http://wikidata.dbpedia.org/resource/Q734442>
<http://ja.dbpedia.org/resource/草加市>	"草加市"@ja	<http://dbpedia.org/ontology/Settlement>	<http://ja.dbpedia.org/property/northeast>	"Northeast"@ja	<http://ja.wikipedia.org/wiki/草加市>	<http://wikidata.dbpedia.org/resource/Q734442>
<http://ja.dbpedia.org/resource/草加市>	"草加市"@ja	<http://dbpedia.org/ontology/City>	<http://ja.dbpedia.org/property/隣接自治体>	"隣接自治体"@ja	<http://ja.wikipedia.org/wiki/草加市>	<http://wikidata.dbpedia.org/resource/Q734442>
<http://ja.dbpedia.org/resource/越谷市>	"越谷市"@ja	<http://dbpedia.org/ontology/PopulatedPlace>	<http://ja.dbpedia.org/property/east>	"East"@ja	<http://ja.wikipedia.org/wiki/越谷市>	<http://wikidata.dbpedia.org/resource/Q497952>
<http://ja.dbpedia.org/resource/越谷市>	"越谷市"@ja	<http://dbpedia.org/ontology/Settlement>	<http://ja.dbpedia.org/property/east>	"East"@ja	<http://ja.wikipedia.org/wiki/越谷市>	<http://wikidata.dbpedia.org/resource/Q497952>
<http://ja.dbpedia.org/resource/越谷市>	"越谷市"@ja	<http://dbpedia.org/ontology/Location>	<http://ja.dbpedia.org/property/east>	"East"@ja	<http://ja.wikipedia.org/wiki/越谷市>	<http://wikidata.dbpedia.org/resource/Q497952>
<http://ja.dbpedia.org/resource/越谷市>	"越谷市"@ja	<http://dbpedia.org/ontology/City>	<http://ja.dbpedia.org/property/east>	"East"@ja	<http://ja.wikipedia.org/wiki/越谷市>	<http://wikidata.dbpedia.org/resource/Q497952>
<http://ja.dbpedia.org/resource/越谷市>	"越谷市"@ja	<http://dbpedia.org/ontology/Place>	<http://ja.dbpedia.org/property/east>	"East"@ja	<http://ja.wikipedia.org/wiki/越谷市>	<http://wikidata.dbpedia.org/resource/Q497952>
