?s	?sLabel	?type	?p	?pLabel	?jwiki	?wd
<http://ja.dbpedia.org/resource/伊奈町立南中学校>	"伊奈町立南中学校"@ja	<http://dbpedia.org/ontology/School>	<http://ja.dbpedia.org/property/設置者>	"設置者"@ja	<http://ja.wikipedia.org/wiki/伊奈町立南中学校>	<http://wikidata.dbpedia.org/resource/Q17213815>
<http://ja.dbpedia.org/resource/伊奈町立南中学校>	"伊奈町立南中学校"@ja	<http://dbpedia.org/ontology/Organisation>	<http://ja.dbpedia.org/property/設置者>	"設置者"@ja	<http://ja.wikipedia.org/wiki/伊奈町立南中学校>	<http://wikidata.dbpedia.org/resource/Q17213815>
<http://ja.dbpedia.org/resource/伊奈町立南中学校>	"伊奈町立南中学校"@ja	<http://dbpedia.org/ontology/EducationalInstitution>	<http://ja.dbpedia.org/property/設置者>	"設置者"@ja	<http://ja.wikipedia.org/wiki/伊奈町立南中学校>	<http://wikidata.dbpedia.org/resource/Q17213815>
<http://ja.dbpedia.org/resource/伊奈町立南中学校>	"伊奈町立南中学校"@ja	<http://dbpedia.org/ontology/Agent>	<http://ja.dbpedia.org/property/設置者>	"設置者"@ja	<http://ja.wikipedia.org/wiki/伊奈町立南中学校>	<http://wikidata.dbpedia.org/resource/Q17213815>
<http://ja.dbpedia.org/resource/伊奈町立小針中学校>	"伊奈町立小針中学校"@ja	<http://dbpedia.org/ontology/School>	<http://ja.dbpedia.org/property/設置者>	"設置者"@ja	<http://ja.wikipedia.org/wiki/伊奈町立小針中学校>	<http://wikidata.dbpedia.org/resource/Q11379310>
<http://ja.dbpedia.org/resource/伊奈町立小針中学校>	"伊奈町立小針中学校"@ja	<http://dbpedia.org/ontology/Organisation>	<http://ja.dbpedia.org/property/設置者>	"設置者"@ja	<http://ja.wikipedia.org/wiki/伊奈町立小針中学校>	<http://wikidata.dbpedia.org/resource/Q11379310>
<http://ja.dbpedia.org/resource/伊奈町立小針中学校>	"伊奈町立小針中学校"@ja	<http://dbpedia.org/ontology/EducationalInstitution>	<http://ja.dbpedia.org/property/設置者>	"設置者"@ja	<http://ja.wikipedia.org/wiki/伊奈町立小針中学校>	<http://wikidata.dbpedia.org/resource/Q11379310>
<http://ja.dbpedia.org/resource/伊奈町立小針中学校>	"伊奈町立小針中学校"@ja	<http://dbpedia.org/ontology/Agent>	<http://ja.dbpedia.org/property/設置者>	"設置者"@ja	<http://ja.wikipedia.org/wiki/伊奈町立小針中学校>	<http://wikidata.dbpedia.org/resource/Q11379310>
<http://ja.dbpedia.org/resource/小室_(伊奈町)>	"小室 (伊奈町)"@ja	<http://dbpedia.org/ontology/Location>	<http://ja.dbpedia.org/property/subdivisionName>	"subdivision name"@ja	<http://ja.wikipedia.org/wiki/小室_(伊奈町)>	<http://wikidata.dbpedia.org/resource/Q21653075>
<http://ja.dbpedia.org/resource/小室_(伊奈町)>	"小室 (伊奈町)"@ja	<http://dbpedia.org/ontology/Settlement>	<http://ja.dbpedia.org/property/subdivisionName>	"subdivision name"@ja	<http://ja.wikipedia.org/wiki/小室_(伊奈町)>	<http://wikidata.dbpedia.org/resource/Q21653075>
<http://ja.dbpedia.org/resource/小室_(伊奈町)>	"小室 (伊奈町)"@ja	<http://dbpedia.org/ontology/Place>	<http://ja.dbpedia.org/property/subdivisionName>	"subdivision name"@ja	<http://ja.wikipedia.org/wiki/小室_(伊奈町)>	<http://wikidata.dbpedia.org/resource/Q21653075>
<http://ja.dbpedia.org/resource/小室_(伊奈町)>	"小室 (伊奈町)"@ja	<http://dbpedia.org/ontology/PopulatedPlace>	<http://ja.dbpedia.org/property/subdivisionName>	"subdivision name"@ja	<http://ja.wikipedia.org/wiki/小室_(伊奈町)>	<http://wikidata.dbpedia.org/resource/Q21653075>
