?s	?sLabel	?type	?p	?pLabel	?jwiki	?wd
<http://ja.dbpedia.org/resource/三芳町立唐沢小学校>	"三芳町立唐沢小学校"@ja	<http://dbpedia.org/ontology/School>	<http://ja.dbpedia.org/property/設置者>	"設置者"@ja	<http://ja.wikipedia.org/wiki/三芳町立唐沢小学校>	<http://wikidata.dbpedia.org/resource/Q60989580>
<http://ja.dbpedia.org/resource/三芳町立唐沢小学校>	"三芳町立唐沢小学校"@ja	<http://dbpedia.org/ontology/Organisation>	<http://ja.dbpedia.org/property/設置者>	"設置者"@ja	<http://ja.wikipedia.org/wiki/三芳町立唐沢小学校>	<http://wikidata.dbpedia.org/resource/Q60989580>
<http://ja.dbpedia.org/resource/三芳町立唐沢小学校>	"三芳町立唐沢小学校"@ja	<http://dbpedia.org/ontology/EducationalInstitution>	<http://ja.dbpedia.org/property/設置者>	"設置者"@ja	<http://ja.wikipedia.org/wiki/三芳町立唐沢小学校>	<http://wikidata.dbpedia.org/resource/Q60989580>
<http://ja.dbpedia.org/resource/三芳町立唐沢小学校>	"三芳町立唐沢小学校"@ja	<http://dbpedia.org/ontology/Agent>	<http://ja.dbpedia.org/property/設置者>	"設置者"@ja	<http://ja.wikipedia.org/wiki/三芳町立唐沢小学校>	<http://wikidata.dbpedia.org/resource/Q60989580>
<http://ja.dbpedia.org/resource/上富>	"上富"@ja	<http://dbpedia.org/ontology/Location>	<http://ja.dbpedia.org/property/subdivisionName>	"subdivision name"@ja	<http://ja.wikipedia.org/wiki/上富>	<http://wikidata.dbpedia.org/resource/Q17239887>
<http://ja.dbpedia.org/resource/上富>	"上富"@ja	<http://dbpedia.org/ontology/Settlement>	<http://ja.dbpedia.org/property/subdivisionName>	"subdivision name"@ja	<http://ja.wikipedia.org/wiki/上富>	<http://wikidata.dbpedia.org/resource/Q17239887>
<http://ja.dbpedia.org/resource/上富>	"上富"@ja	<http://dbpedia.org/ontology/Place>	<http://ja.dbpedia.org/property/subdivisionName>	"subdivision name"@ja	<http://ja.wikipedia.org/wiki/上富>	<http://wikidata.dbpedia.org/resource/Q17239887>
<http://ja.dbpedia.org/resource/上富>	"上富"@ja	<http://dbpedia.org/ontology/PopulatedPlace>	<http://ja.dbpedia.org/property/subdivisionName>	"subdivision name"@ja	<http://ja.wikipedia.org/wiki/上富>	<http://wikidata.dbpedia.org/resource/Q17239887>
<http://ja.dbpedia.org/resource/志木市>	"志木市"@ja	<http://dbpedia.org/ontology/City>	<http://ja.dbpedia.org/property/west>	"West"@ja	<http://ja.wikipedia.org/wiki/志木市>	<http://wikidata.dbpedia.org/resource/Q877202>
<http://ja.dbpedia.org/resource/志木市>	"志木市"@ja	<http://dbpedia.org/ontology/PopulatedPlace>	<http://ja.dbpedia.org/property/west>	"West"@ja	<http://ja.wikipedia.org/wiki/志木市>	<http://wikidata.dbpedia.org/resource/Q877202>
<http://ja.dbpedia.org/resource/志木市>	"志木市"@ja	<http://dbpedia.org/ontology/Place>	<http://ja.dbpedia.org/property/west>	"West"@ja	<http://ja.wikipedia.org/wiki/志木市>	<http://wikidata.dbpedia.org/resource/Q877202>
<http://ja.dbpedia.org/resource/志木市>	"志木市"@ja	<http://dbpedia.org/ontology/Location>	<http://ja.dbpedia.org/property/west>	"West"@ja	<http://ja.wikipedia.org/wiki/志木市>	<http://wikidata.dbpedia.org/resource/Q877202>
<http://ja.dbpedia.org/resource/志木市>	"志木市"@ja	<http://dbpedia.org/ontology/Settlement>	<http://ja.dbpedia.org/property/west>	"West"@ja	<http://ja.wikipedia.org/wiki/志木市>	<http://wikidata.dbpedia.org/resource/Q877202>
<http://ja.dbpedia.org/resource/みよし台>	"みよし台"@ja	<http://dbpedia.org/ontology/Place>	<http://ja.dbpedia.org/property/subdivisionName>	"subdivision name"@ja	<http://ja.wikipedia.org/wiki/みよし台>	
<http://ja.dbpedia.org/resource/みよし台>	"みよし台"@ja	<http://dbpedia.org/ontology/Settlement>	<http://ja.dbpedia.org/property/subdivisionName>	"subdivision name"@ja	<http://ja.wikipedia.org/wiki/みよし台>	
<http://ja.dbpedia.org/resource/みよし台>	"みよし台"@ja	<http://dbpedia.org/ontology/Location>	<http://ja.dbpedia.org/property/subdivisionName>	"subdivision name"@ja	<http://ja.wikipedia.org/wiki/みよし台>	
<http://ja.dbpedia.org/resource/みよし台>	"みよし台"@ja	<http://dbpedia.org/ontology/PopulatedPlace>	<http://ja.dbpedia.org/property/subdivisionName>	"subdivision name"@ja	<http://ja.wikipedia.org/wiki/みよし台>	
<http://ja.dbpedia.org/resource/竹間沢>	"竹間沢"@ja	<http://dbpedia.org/ontology/Location>	<http://ja.dbpedia.org/property/subdivisionName>	"subdivision name"@ja	<http://ja.wikipedia.org/wiki/竹間沢>	
<http://ja.dbpedia.org/resource/竹間沢>	"竹間沢"@ja	<http://dbpedia.org/ontology/PopulatedPlace>	<http://ja.dbpedia.org/property/subdivisionName>	"subdivision name"@ja	<http://ja.wikipedia.org/wiki/竹間沢>	
<http://ja.dbpedia.org/resource/竹間沢>	"竹間沢"@ja	<http://dbpedia.org/ontology/Settlement>	<http://ja.dbpedia.org/property/subdivisionName>	"subdivision name"@ja	<http://ja.wikipedia.org/wiki/竹間沢>	
<http://ja.dbpedia.org/resource/竹間沢>	"竹間沢"@ja	<http://dbpedia.org/ontology/Place>	<http://ja.dbpedia.org/property/subdivisionName>	"subdivision name"@ja	<http://ja.wikipedia.org/wiki/竹間沢>	
<http://ja.dbpedia.org/resource/藤久保>	"藤久保"@ja	<http://dbpedia.org/ontology/PopulatedPlace>	<http://ja.dbpedia.org/property/subdivisionName>	"subdivision name"@ja	<http://ja.wikipedia.org/wiki/藤久保>	
<http://ja.dbpedia.org/resource/藤久保>	"藤久保"@ja	<http://dbpedia.org/ontology/Location>	<http://ja.dbpedia.org/property/subdivisionName>	"subdivision name"@ja	<http://ja.wikipedia.org/wiki/藤久保>	
<http://ja.dbpedia.org/resource/藤久保>	"藤久保"@ja	<http://dbpedia.org/ontology/Settlement>	<http://ja.dbpedia.org/property/subdivisionName>	"subdivision name"@ja	<http://ja.wikipedia.org/wiki/藤久保>	
<http://ja.dbpedia.org/resource/藤久保>	"藤久保"@ja	<http://dbpedia.org/ontology/Place>	<http://ja.dbpedia.org/property/subdivisionName>	"subdivision name"@ja	<http://ja.wikipedia.org/wiki/藤久保>	
