?s	?sLabel	?type	?p	?pLabel	?jwiki	?wd
<http://ja.dbpedia.org/resource/リオグージョ旭川>	"リオグージョ旭川"@ja	<http://dbpedia.org/ontology/SportsClub>	<http://ja.dbpedia.org/property/ホームタウン>	"ホームタウン"@ja	<http://ja.wikipedia.org/wiki/リオグージョ旭川>	<http://wikidata.dbpedia.org/resource/Q11347854>
<http://ja.dbpedia.org/resource/リオグージョ旭川>	"リオグージョ旭川"@ja	<http://dbpedia.org/ontology/SoccerClub>	<http://ja.dbpedia.org/property/ホームタウン>	"ホームタウン"@ja	<http://ja.wikipedia.org/wiki/リオグージョ旭川>	<http://wikidata.dbpedia.org/resource/Q11347854>
<http://ja.dbpedia.org/resource/リオグージョ旭川>	"リオグージョ旭川"@ja	<http://dbpedia.org/ontology/Agent>	<http://ja.dbpedia.org/property/ホームタウン>	"ホームタウン"@ja	<http://ja.wikipedia.org/wiki/リオグージョ旭川>	<http://wikidata.dbpedia.org/resource/Q11347854>
<http://ja.dbpedia.org/resource/リオグージョ旭川>	"リオグージョ旭川"@ja	<http://dbpedia.org/ontology/Organisation>	<http://ja.dbpedia.org/property/ホームタウン>	"ホームタウン"@ja	<http://ja.wikipedia.org/wiki/リオグージョ旭川>	<http://wikidata.dbpedia.org/resource/Q11347854>
<http://ja.dbpedia.org/resource/井上靖記念館>	"井上靖記念館"@ja	<http://dbpedia.org/ontology/Building>	<http://ja.dbpedia.org/property/事業主体>	"事業主体"@ja	<http://ja.wikipedia.org/wiki/井上靖記念館>	<http://wikidata.dbpedia.org/resource/Q11373285>
<http://ja.dbpedia.org/resource/井上靖記念館>	"井上靖記念館"@ja	<http://dbpedia.org/ontology/ArchitecturalStructure>	<http://ja.dbpedia.org/property/事業主体>	"事業主体"@ja	<http://ja.wikipedia.org/wiki/井上靖記念館>	<http://wikidata.dbpedia.org/resource/Q11373285>
<http://ja.dbpedia.org/resource/井上靖記念館>	"井上靖記念館"@ja	<http://dbpedia.org/ontology/Museum>	<http://ja.dbpedia.org/property/事業主体>	"事業主体"@ja	<http://ja.wikipedia.org/wiki/井上靖記念館>	<http://wikidata.dbpedia.org/resource/Q11373285>
<http://ja.dbpedia.org/resource/今津寛>	"今津寛"@ja	<http://dbpedia.org/ontology/Politician>	<http://ja.dbpedia.org/property/選挙区>	"選挙区"@ja	<http://ja.wikipedia.org/wiki/今津寛>	<http://wikidata.dbpedia.org/resource/Q11377294>
<http://ja.dbpedia.org/resource/今津寛>	"今津寛"@ja	<http://dbpedia.org/ontology/Eukaryote>	<http://ja.dbpedia.org/property/選挙区>	"選挙区"@ja	<http://ja.wikipedia.org/wiki/今津寛>	<http://wikidata.dbpedia.org/resource/Q11377294>
<http://ja.dbpedia.org/resource/今津寛>	"今津寛"@ja	<http://dbpedia.org/ontology/Animal>	<http://ja.dbpedia.org/property/選挙区>	"選挙区"@ja	<http://ja.wikipedia.org/wiki/今津寛>	<http://wikidata.dbpedia.org/resource/Q11377294>
<http://ja.dbpedia.org/resource/今津寛>	"今津寛"@ja	<http://dbpedia.org/ontology/Person>	<http://ja.dbpedia.org/property/選挙区>	"選挙区"@ja	<http://ja.wikipedia.org/wiki/今津寛>	<http://wikidata.dbpedia.org/resource/Q11377294>
<http://ja.dbpedia.org/resource/今津寛>	"今津寛"@ja	<http://dbpedia.org/ontology/Species>	<http://ja.dbpedia.org/property/選挙区>	"選挙区"@ja	<http://ja.wikipedia.org/wiki/今津寛>	<http://wikidata.dbpedia.org/resource/Q11377294>
<http://ja.dbpedia.org/resource/北海道旭川北都商業高等学校>	"北海道旭川北都商業高等学校"@ja	<http://dbpedia.org/ontology/Agent>	<http://ja.dbpedia.org/property/設置者>	"設置者"@ja	<http://ja.wikipedia.org/wiki/北海道旭川北都商業高等学校>	<http://wikidata.dbpedia.org/resource/Q11402795>
<http://ja.dbpedia.org/resource/北海道旭川北都商業高等学校>	"北海道旭川北都商業高等学校"@ja	<http://dbpedia.org/ontology/Organisation>	<http://ja.dbpedia.org/property/設置者>	"設置者"@ja	<http://ja.wikipedia.org/wiki/北海道旭川北都商業高等学校>	<http://wikidata.dbpedia.org/resource/Q11402795>
<http://ja.dbpedia.org/resource/北海道旭川北都商業高等学校>	"北海道旭川北都商業高等学校"@ja	<http://dbpedia.org/ontology/School>	<http://ja.dbpedia.org/property/設置者>	"設置者"@ja	<http://ja.wikipedia.org/wiki/北海道旭川北都商業高等学校>	<http://wikidata.dbpedia.org/resource/Q11402795>
<http://ja.dbpedia.org/resource/北海道旭川北都商業高等学校>	"北海道旭川北都商業高等学校"@ja	<http://dbpedia.org/ontology/EducationalInstitution>	<http://ja.dbpedia.org/property/設置者>	"設置者"@ja	<http://ja.wikipedia.org/wiki/北海道旭川北都商業高等学校>	<http://wikidata.dbpedia.org/resource/Q11402795>
<http://ja.dbpedia.org/resource/幌加内町>	"幌加内町"@ja	<http://dbpedia.org/ontology/Place>	<http://ja.dbpedia.org/property/隣接自治体>	"隣接自治体"@ja	<http://ja.wikipedia.org/wiki/幌加内町>	<http://wikidata.dbpedia.org/resource/Q1355616>
<http://ja.dbpedia.org/resource/幌加内町>	"幌加内町"@ja	<http://dbpedia.org/ontology/City>	<http://ja.dbpedia.org/property/隣接自治体>	"隣接自治体"@ja	<http://ja.wikipedia.org/wiki/幌加内町>	<http://wikidata.dbpedia.org/resource/Q1355616>
<http://ja.dbpedia.org/resource/幌加内町>	"幌加内町"@ja	<http://dbpedia.org/ontology/Location>	<http://ja.dbpedia.org/property/隣接自治体>	"隣接自治体"@ja	<http://ja.wikipedia.org/wiki/幌加内町>	<http://wikidata.dbpedia.org/resource/Q1355616>
<http://ja.dbpedia.org/resource/幌加内町>	"幌加内町"@ja	<http://dbpedia.org/ontology/PopulatedPlace>	<http://ja.dbpedia.org/property/隣接自治体>	"隣接自治体"@ja	<http://ja.wikipedia.org/wiki/幌加内町>	<http://wikidata.dbpedia.org/resource/Q1355616>
<http://ja.dbpedia.org/resource/幌加内町>	"幌加内町"@ja	<http://dbpedia.org/ontology/Settlement>	<http://ja.dbpedia.org/property/隣接自治体>	"隣接自治体"@ja	<http://ja.wikipedia.org/wiki/幌加内町>	<http://wikidata.dbpedia.org/resource/Q1355616>
<http://ja.dbpedia.org/resource/当麻町>	"当麻町"@ja	<http://dbpedia.org/ontology/Place>	<http://ja.dbpedia.org/property/隣接自治体>	"隣接自治体"@ja	<http://ja.wikipedia.org/wiki/当麻町>	<http://wikidata.dbpedia.org/resource/Q1357085>
<http://ja.dbpedia.org/resource/当麻町>	"当麻町"@ja	<http://dbpedia.org/ontology/City>	<http://ja.dbpedia.org/property/隣接自治体>	"隣接自治体"@ja	<http://ja.wikipedia.org/wiki/当麻町>	<http://wikidata.dbpedia.org/resource/Q1357085>
<http://ja.dbpedia.org/resource/当麻町>	"当麻町"@ja	<http://dbpedia.org/ontology/Settlement>	<http://ja.dbpedia.org/property/隣接自治体>	"隣接自治体"@ja	<http://ja.wikipedia.org/wiki/当麻町>	<http://wikidata.dbpedia.org/resource/Q1357085>
<http://ja.dbpedia.org/resource/当麻町>	"当麻町"@ja	<http://dbpedia.org/ontology/PopulatedPlace>	<http://ja.dbpedia.org/property/隣接自治体>	"隣接自治体"@ja	<http://ja.wikipedia.org/wiki/当麻町>	<http://wikidata.dbpedia.org/resource/Q1357085>
<http://ja.dbpedia.org/resource/当麻町>	"当麻町"@ja	<http://dbpedia.org/ontology/Location>	<http://ja.dbpedia.org/property/隣接自治体>	"隣接自治体"@ja	<http://ja.wikipedia.org/wiki/当麻町>	<http://wikidata.dbpedia.org/resource/Q1357085>
<http://ja.dbpedia.org/resource/旭川市図書館>	"旭川市図書館"@ja	<http://dbpedia.org/ontology/Library>	<http://ja.dbpedia.org/property/事業主体>	"事業主体"@ja	<http://ja.wikipedia.org/wiki/旭川市図書館>	<http://wikidata.dbpedia.org/resource/Q66093893>
<http://ja.dbpedia.org/resource/旭川市図書館>	"旭川市図書館"@ja	<http://dbpedia.org/ontology/Agent>	<http://ja.dbpedia.org/property/事業主体>	"事業主体"@ja	<http://ja.wikipedia.org/wiki/旭川市図書館>	<http://wikidata.dbpedia.org/resource/Q66093893>
<http://ja.dbpedia.org/resource/旭川市図書館>	"旭川市図書館"@ja	<http://dbpedia.org/ontology/Organisation>	<http://ja.dbpedia.org/property/事業主体>	"事業主体"@ja	<http://ja.wikipedia.org/wiki/旭川市図書館>	<http://wikidata.dbpedia.org/resource/Q66093893>
<http://ja.dbpedia.org/resource/旭川市図書館>	"旭川市図書館"@ja	<http://dbpedia.org/ontology/EducationalInstitution>	<http://ja.dbpedia.org/property/事業主体>	"事業主体"@ja	<http://ja.wikipedia.org/wiki/旭川市図書館>	<http://wikidata.dbpedia.org/resource/Q66093893>
<http://ja.dbpedia.org/resource/旭川市立中央中学校>	"旭川市立中央中学校"@ja	<http://dbpedia.org/ontology/Organisation>	<http://ja.dbpedia.org/property/設置者>	"設置者"@ja	<http://ja.wikipedia.org/wiki/旭川市立中央中学校>	<http://wikidata.dbpedia.org/resource/Q109370104>
<http://ja.dbpedia.org/resource/旭川市立中央中学校>	"旭川市立中央中学校"@ja	<http://dbpedia.org/ontology/Agent>	<http://ja.dbpedia.org/property/設置者>	"設置者"@ja	<http://ja.wikipedia.org/wiki/旭川市立中央中学校>	<http://wikidata.dbpedia.org/resource/Q109370104>
<http://ja.dbpedia.org/resource/旭川市立中央中学校>	"旭川市立中央中学校"@ja	<http://dbpedia.org/ontology/EducationalInstitution>	<http://ja.dbpedia.org/property/設置者>	"設置者"@ja	<http://ja.wikipedia.org/wiki/旭川市立中央中学校>	<http://wikidata.dbpedia.org/resource/Q109370104>
<http://ja.dbpedia.org/resource/旭川市立中央中学校>	"旭川市立中央中学校"@ja	<http://dbpedia.org/ontology/School>	<http://ja.dbpedia.org/property/設置者>	"設置者"@ja	<http://ja.wikipedia.org/wiki/旭川市立中央中学校>	<http://wikidata.dbpedia.org/resource/Q109370104>
<http://ja.dbpedia.org/resource/旭川市立北光小学校>	"旭川市立北光小学校"@ja	<http://dbpedia.org/ontology/EducationalInstitution>	<http://ja.dbpedia.org/property/設置者>	"設置者"@ja	<http://ja.wikipedia.org/wiki/旭川市立北光小学校>	<http://wikidata.dbpedia.org/resource/Q65270427>
<http://ja.dbpedia.org/resource/旭川市立北光小学校>	"旭川市立北光小学校"@ja	<http://dbpedia.org/ontology/School>	<http://ja.dbpedia.org/property/設置者>	"設置者"@ja	<http://ja.wikipedia.org/wiki/旭川市立北光小学校>	<http://wikidata.dbpedia.org/resource/Q65270427>
<http://ja.dbpedia.org/resource/旭川市立北光小学校>	"旭川市立北光小学校"@ja	<http://dbpedia.org/ontology/Agent>	<http://ja.dbpedia.org/property/設置者>	"設置者"@ja	<http://ja.wikipedia.org/wiki/旭川市立北光小学校>	<http://wikidata.dbpedia.org/resource/Q65270427>
<http://ja.dbpedia.org/resource/旭川市立北光小学校>	"旭川市立北光小学校"@ja	<http://dbpedia.org/ontology/Organisation>	<http://ja.dbpedia.org/property/設置者>	"設置者"@ja	<http://ja.wikipedia.org/wiki/旭川市立北光小学校>	<http://wikidata.dbpedia.org/resource/Q65270427>
<http://ja.dbpedia.org/resource/旭川市立北星中学校>	"旭川市立北星中学校"@ja	<http://dbpedia.org/ontology/Agent>	<http://ja.dbpedia.org/property/設置者>	"設置者"@ja	<http://ja.wikipedia.org/wiki/旭川市立北星中学校>	<http://wikidata.dbpedia.org/resource/Q11511739>
<http://ja.dbpedia.org/resource/旭川市立北星中学校>	"旭川市立北星中学校"@ja	<http://dbpedia.org/ontology/Organisation>	<http://ja.dbpedia.org/property/設置者>	"設置者"@ja	<http://ja.wikipedia.org/wiki/旭川市立北星中学校>	<http://wikidata.dbpedia.org/resource/Q11511739>
<http://ja.dbpedia.org/resource/旭川市立北星中学校>	"旭川市立北星中学校"@ja	<http://dbpedia.org/ontology/School>	<http://ja.dbpedia.org/property/設置者>	"設置者"@ja	<http://ja.wikipedia.org/wiki/旭川市立北星中学校>	<http://wikidata.dbpedia.org/resource/Q11511739>
<http://ja.dbpedia.org/resource/旭川市立北星中学校>	"旭川市立北星中学校"@ja	<http://dbpedia.org/ontology/EducationalInstitution>	<http://ja.dbpedia.org/property/設置者>	"設置者"@ja	<http://ja.wikipedia.org/wiki/旭川市立北星中学校>	<http://wikidata.dbpedia.org/resource/Q11511739>
<http://ja.dbpedia.org/resource/旭川市立北都中学校>	"旭川市立北都中学校"@ja	<http://dbpedia.org/ontology/Agent>	<http://ja.dbpedia.org/property/設置者>	"設置者"@ja	<http://ja.wikipedia.org/wiki/旭川市立北都中学校>	<http://wikidata.dbpedia.org/resource/Q109370105>
<http://ja.dbpedia.org/resource/旭川市立北都中学校>	"旭川市立北都中学校"@ja	<http://dbpedia.org/ontology/Organisation>	<http://ja.dbpedia.org/property/設置者>	"設置者"@ja	<http://ja.wikipedia.org/wiki/旭川市立北都中学校>	<http://wikidata.dbpedia.org/resource/Q109370105>
<http://ja.dbpedia.org/resource/旭川市立北都中学校>	"旭川市立北都中学校"@ja	<http://dbpedia.org/ontology/School>	<http://ja.dbpedia.org/property/設置者>	"設置者"@ja	<http://ja.wikipedia.org/wiki/旭川市立北都中学校>	<http://wikidata.dbpedia.org/resource/Q109370105>
<http://ja.dbpedia.org/resource/旭川市立北都中学校>	"旭川市立北都中学校"@ja	<http://dbpedia.org/ontology/EducationalInstitution>	<http://ja.dbpedia.org/property/設置者>	"設置者"@ja	<http://ja.wikipedia.org/wiki/旭川市立北都中学校>	<http://wikidata.dbpedia.org/resource/Q109370105>
<http://ja.dbpedia.org/resource/旭川市立大有小学校>	"旭川市立大有小学校"@ja	<http://dbpedia.org/ontology/Organisation>	<http://ja.dbpedia.org/property/設置者>	"設置者"@ja	<http://ja.wikipedia.org/wiki/旭川市立大有小学校>	<http://wikidata.dbpedia.org/resource/Q65270435>
<http://ja.dbpedia.org/resource/旭川市立大有小学校>	"旭川市立大有小学校"@ja	<http://dbpedia.org/ontology/Agent>	<http://ja.dbpedia.org/property/設置者>	"設置者"@ja	<http://ja.wikipedia.org/wiki/旭川市立大有小学校>	<http://wikidata.dbpedia.org/resource/Q65270435>
<http://ja.dbpedia.org/resource/旭川市立大有小学校>	"旭川市立大有小学校"@ja	<http://dbpedia.org/ontology/EducationalInstitution>	<http://ja.dbpedia.org/property/設置者>	"設置者"@ja	<http://ja.wikipedia.org/wiki/旭川市立大有小学校>	<http://wikidata.dbpedia.org/resource/Q65270435>
<http://ja.dbpedia.org/resource/旭川市立大有小学校>	"旭川市立大有小学校"@ja	<http://dbpedia.org/ontology/School>	<http://ja.dbpedia.org/property/設置者>	"設置者"@ja	<http://ja.wikipedia.org/wiki/旭川市立大有小学校>	<http://wikidata.dbpedia.org/resource/Q65270435>
<http://ja.dbpedia.org/resource/旭川市立女子高等学校>	"旭川市立女子高等学校"@ja	<http://dbpedia.org/ontology/Agent>	<http://ja.dbpedia.org/property/設置者>	"設置者"@ja	<http://ja.wikipedia.org/wiki/旭川市立女子高等学校>	<http://wikidata.dbpedia.org/resource/Q17191216>
<http://ja.dbpedia.org/resource/旭川市立女子高等学校>	"旭川市立女子高等学校"@ja	<http://dbpedia.org/ontology/Organisation>	<http://ja.dbpedia.org/property/設置者>	"設置者"@ja	<http://ja.wikipedia.org/wiki/旭川市立女子高等学校>	<http://wikidata.dbpedia.org/resource/Q17191216>
<http://ja.dbpedia.org/resource/旭川市立女子高等学校>	"旭川市立女子高等学校"@ja	<http://dbpedia.org/ontology/School>	<http://ja.dbpedia.org/property/設置者>	"設置者"@ja	<http://ja.wikipedia.org/wiki/旭川市立女子高等学校>	<http://wikidata.dbpedia.org/resource/Q17191216>
<http://ja.dbpedia.org/resource/旭川市立女子高等学校>	"旭川市立女子高等学校"@ja	<http://dbpedia.org/ontology/EducationalInstitution>	<http://ja.dbpedia.org/property/設置者>	"設置者"@ja	<http://ja.wikipedia.org/wiki/旭川市立女子高等学校>	<http://wikidata.dbpedia.org/resource/Q17191216>
<http://ja.dbpedia.org/resource/旭川市立常盤中学校>	"旭川市立常盤中学校"@ja	<http://dbpedia.org/ontology/Organisation>	<http://ja.dbpedia.org/property/設置者>	"設置者"@ja	<http://ja.wikipedia.org/wiki/旭川市立常盤中学校>	<http://wikidata.dbpedia.org/resource/Q11511744>
<http://ja.dbpedia.org/resource/旭川市立常盤中学校>	"旭川市立常盤中学校"@ja	<http://dbpedia.org/ontology/Agent>	<http://ja.dbpedia.org/property/設置者>	"設置者"@ja	<http://ja.wikipedia.org/wiki/旭川市立常盤中学校>	<http://wikidata.dbpedia.org/resource/Q11511744>
<http://ja.dbpedia.org/resource/旭川市立常盤中学校>	"旭川市立常盤中学校"@ja	<http://dbpedia.org/ontology/School>	<http://ja.dbpedia.org/property/設置者>	"設置者"@ja	<http://ja.wikipedia.org/wiki/旭川市立常盤中学校>	<http://wikidata.dbpedia.org/resource/Q11511744>
<http://ja.dbpedia.org/resource/旭川市立常盤中学校>	"旭川市立常盤中学校"@ja	<http://dbpedia.org/ontology/EducationalInstitution>	<http://ja.dbpedia.org/property/設置者>	"設置者"@ja	<http://ja.wikipedia.org/wiki/旭川市立常盤中学校>	<http://wikidata.dbpedia.org/resource/Q11511744>
<http://ja.dbpedia.org/resource/旭川市立愛宕小学校>	"旭川市立愛宕小学校"@ja	<http://dbpedia.org/ontology/Organisation>	<http://ja.dbpedia.org/property/設置者>	"設置者"@ja	<http://ja.wikipedia.org/wiki/旭川市立愛宕小学校>	<http://wikidata.dbpedia.org/resource/Q11511743>
<http://ja.dbpedia.org/resource/旭川市立愛宕小学校>	"旭川市立愛宕小学校"@ja	<http://dbpedia.org/ontology/Agent>	<http://ja.dbpedia.org/property/設置者>	"設置者"@ja	<http://ja.wikipedia.org/wiki/旭川市立愛宕小学校>	<http://wikidata.dbpedia.org/resource/Q11511743>
<http://ja.dbpedia.org/resource/旭川市立愛宕小学校>	"旭川市立愛宕小学校"@ja	<http://dbpedia.org/ontology/EducationalInstitution>	<http://ja.dbpedia.org/property/設置者>	"設置者"@ja	<http://ja.wikipedia.org/wiki/旭川市立愛宕小学校>	<http://wikidata.dbpedia.org/resource/Q11511743>
<http://ja.dbpedia.org/resource/旭川市立愛宕小学校>	"旭川市立愛宕小学校"@ja	<http://dbpedia.org/ontology/School>	<http://ja.dbpedia.org/property/設置者>	"設置者"@ja	<http://ja.wikipedia.org/wiki/旭川市立愛宕小学校>	<http://wikidata.dbpedia.org/resource/Q11511743>
<http://ja.dbpedia.org/resource/旭川市立旭川中学校>	"旭川市立旭川中学校"@ja	<http://dbpedia.org/ontology/Agent>	<http://ja.dbpedia.org/property/設置者>	"設置者"@ja	<http://ja.wikipedia.org/wiki/旭川市立旭川中学校>	<http://wikidata.dbpedia.org/resource/Q65270441>
<http://ja.dbpedia.org/resource/旭川市立旭川中学校>	"旭川市立旭川中学校"@ja	<http://dbpedia.org/ontology/Organisation>	<http://ja.dbpedia.org/property/設置者>	"設置者"@ja	<http://ja.wikipedia.org/wiki/旭川市立旭川中学校>	<http://wikidata.dbpedia.org/resource/Q65270441>
<http://ja.dbpedia.org/resource/旭川市立旭川中学校>	"旭川市立旭川中学校"@ja	<http://dbpedia.org/ontology/School>	<http://ja.dbpedia.org/property/設置者>	"設置者"@ja	<http://ja.wikipedia.org/wiki/旭川市立旭川中学校>	<http://wikidata.dbpedia.org/resource/Q65270441>
<http://ja.dbpedia.org/resource/旭川市立旭川中学校>	"旭川市立旭川中学校"@ja	<http://dbpedia.org/ontology/EducationalInstitution>	<http://ja.dbpedia.org/property/設置者>	"設置者"@ja	<http://ja.wikipedia.org/wiki/旭川市立旭川中学校>	<http://wikidata.dbpedia.org/resource/Q65270441>
<http://ja.dbpedia.org/resource/旭川市立旭川小学校>	"旭川市立旭川小学校"@ja	<http://dbpedia.org/ontology/EducationalInstitution>	<http://ja.dbpedia.org/property/設置者>	"設置者"@ja	<http://ja.wikipedia.org/wiki/旭川市立旭川小学校>	<http://wikidata.dbpedia.org/resource/Q108090922>
<http://ja.dbpedia.org/resource/旭川市立旭川小学校>	"旭川市立旭川小学校"@ja	<http://dbpedia.org/ontology/School>	<http://ja.dbpedia.org/property/設置者>	"設置者"@ja	<http://ja.wikipedia.org/wiki/旭川市立旭川小学校>	<http://wikidata.dbpedia.org/resource/Q108090922>
<http://ja.dbpedia.org/resource/旭川市立旭川小学校>	"旭川市立旭川小学校"@ja	<http://dbpedia.org/ontology/Agent>	<http://ja.dbpedia.org/property/設置者>	"設置者"@ja	<http://ja.wikipedia.org/wiki/旭川市立旭川小学校>	<http://wikidata.dbpedia.org/resource/Q108090922>
<http://ja.dbpedia.org/resource/旭川市立旭川小学校>	"旭川市立旭川小学校"@ja	<http://dbpedia.org/ontology/Organisation>	<http://ja.dbpedia.org/property/設置者>	"設置者"@ja	<http://ja.wikipedia.org/wiki/旭川市立旭川小学校>	<http://wikidata.dbpedia.org/resource/Q108090922>
<http://ja.dbpedia.org/resource/旭川市立東鷹栖中学校>	"旭川市立東鷹栖中学校"@ja	<http://dbpedia.org/ontology/EducationalInstitution>	<http://ja.dbpedia.org/property/設置者>	"設置者"@ja	<http://ja.wikipedia.org/wiki/旭川市立東鷹栖中学校>	<http://wikidata.dbpedia.org/resource/Q11511745>
<http://ja.dbpedia.org/resource/旭川市立東鷹栖中学校>	"旭川市立東鷹栖中学校"@ja	<http://dbpedia.org/ontology/School>	<http://ja.dbpedia.org/property/設置者>	"設置者"@ja	<http://ja.wikipedia.org/wiki/旭川市立東鷹栖中学校>	<http://wikidata.dbpedia.org/resource/Q11511745>
<http://ja.dbpedia.org/resource/旭川市立東鷹栖中学校>	"旭川市立東鷹栖中学校"@ja	<http://dbpedia.org/ontology/Organisation>	<http://ja.dbpedia.org/property/設置者>	"設置者"@ja	<http://ja.wikipedia.org/wiki/旭川市立東鷹栖中学校>	<http://wikidata.dbpedia.org/resource/Q11511745>
<http://ja.dbpedia.org/resource/旭川市立東鷹栖中学校>	"旭川市立東鷹栖中学校"@ja	<http://dbpedia.org/ontology/Agent>	<http://ja.dbpedia.org/property/設置者>	"設置者"@ja	<http://ja.wikipedia.org/wiki/旭川市立東鷹栖中学校>	<http://wikidata.dbpedia.org/resource/Q11511745>
<http://ja.dbpedia.org/resource/旭川市立神居中学校>	"旭川市立神居中学校"@ja	<http://dbpedia.org/ontology/EducationalInstitution>	<http://ja.dbpedia.org/property/設置者>	"設置者"@ja	<http://ja.wikipedia.org/wiki/旭川市立神居中学校>	<http://wikidata.dbpedia.org/resource/Q28690525>
<http://ja.dbpedia.org/resource/旭川市立神居中学校>	"旭川市立神居中学校"@ja	<http://dbpedia.org/ontology/School>	<http://ja.dbpedia.org/property/設置者>	"設置者"@ja	<http://ja.wikipedia.org/wiki/旭川市立神居中学校>	<http://wikidata.dbpedia.org/resource/Q28690525>
<http://ja.dbpedia.org/resource/旭川市立神居中学校>	"旭川市立神居中学校"@ja	<http://dbpedia.org/ontology/Organisation>	<http://ja.dbpedia.org/property/設置者>	"設置者"@ja	<http://ja.wikipedia.org/wiki/旭川市立神居中学校>	<http://wikidata.dbpedia.org/resource/Q28690525>
<http://ja.dbpedia.org/resource/旭川市立神居中学校>	"旭川市立神居中学校"@ja	<http://dbpedia.org/ontology/Agent>	<http://ja.dbpedia.org/property/設置者>	"設置者"@ja	<http://ja.wikipedia.org/wiki/旭川市立神居中学校>	<http://wikidata.dbpedia.org/resource/Q28690525>
<http://ja.dbpedia.org/resource/旭川市立近文小学校>	"旭川市立近文小学校"@ja	<http://dbpedia.org/ontology/School>	<http://ja.dbpedia.org/property/設置者>	"設置者"@ja	<http://ja.wikipedia.org/wiki/旭川市立近文小学校>	<http://wikidata.dbpedia.org/resource/Q60989897>
<http://ja.dbpedia.org/resource/旭川市立近文小学校>	"旭川市立近文小学校"@ja	<http://dbpedia.org/ontology/EducationalInstitution>	<http://ja.dbpedia.org/property/設置者>	"設置者"@ja	<http://ja.wikipedia.org/wiki/旭川市立近文小学校>	<http://wikidata.dbpedia.org/resource/Q60989897>
<http://ja.dbpedia.org/resource/旭川市立近文小学校>	"旭川市立近文小学校"@ja	<http://dbpedia.org/ontology/Agent>	<http://ja.dbpedia.org/property/設置者>	"設置者"@ja	<http://ja.wikipedia.org/wiki/旭川市立近文小学校>	<http://wikidata.dbpedia.org/resource/Q60989897>
<http://ja.dbpedia.org/resource/旭川市立近文小学校>	"旭川市立近文小学校"@ja	<http://dbpedia.org/ontology/Organisation>	<http://ja.dbpedia.org/property/設置者>	"設置者"@ja	<http://ja.wikipedia.org/wiki/旭川市立近文小学校>	<http://wikidata.dbpedia.org/resource/Q60989897>
<http://ja.dbpedia.org/resource/旭川空港>	"旭川空港"@ja	<http://dbpedia.org/ontology/Airport>	<http://ja.dbpedia.org/property/母都市>	"母都市"@ja	<http://ja.wikipedia.org/wiki/旭川空港>	<http://wikidata.dbpedia.org/resource/Q387048>
<http://ja.dbpedia.org/resource/旭川空港>	"旭川空港"@ja	<http://dbpedia.org/ontology/Infrastructure>	<http://ja.dbpedia.org/property/母都市>	"母都市"@ja	<http://ja.wikipedia.org/wiki/旭川空港>	<http://wikidata.dbpedia.org/resource/Q387048>
<http://ja.dbpedia.org/resource/旭川空港>	"旭川空港"@ja	<http://dbpedia.org/ontology/ArchitecturalStructure>	<http://ja.dbpedia.org/property/母都市>	"母都市"@ja	<http://ja.wikipedia.org/wiki/旭川空港>	<http://wikidata.dbpedia.org/resource/Q387048>
<http://ja.dbpedia.org/resource/旭川駅>	"旭川駅"@ja	<http://dbpedia.org/ontology/Station>	<http://ja.dbpedia.org/property/建築主>	"建築主"@ja	<http://ja.wikipedia.org/wiki/旭川駅>	<http://wikidata.dbpedia.org/resource/Q1073617>
<http://ja.dbpedia.org/resource/旭川駅>	"旭川駅"@ja	<http://dbpedia.org/ontology/ArchitecturalStructure>	<http://ja.dbpedia.org/property/建築主>	"建築主"@ja	<http://ja.wikipedia.org/wiki/旭川駅>	<http://wikidata.dbpedia.org/resource/Q1073617>
<http://ja.dbpedia.org/resource/旭川駅>	"旭川駅"@ja	<http://dbpedia.org/ontology/Infrastructure>	<http://ja.dbpedia.org/property/建築主>	"建築主"@ja	<http://ja.wikipedia.org/wiki/旭川駅>	<http://wikidata.dbpedia.org/resource/Q1073617>
<http://ja.dbpedia.org/resource/東国幹>	"東国幹"@ja	<http://dbpedia.org/ontology/Person>	<http://ja.dbpedia.org/property/選挙区>	"選挙区"@ja	<http://ja.wikipedia.org/wiki/東国幹>	<http://wikidata.dbpedia.org/resource/Q109342279>
<http://ja.dbpedia.org/resource/東国幹>	"東国幹"@ja	<http://dbpedia.org/ontology/Species>	<http://ja.dbpedia.org/property/選挙区>	"選挙区"@ja	<http://ja.wikipedia.org/wiki/東国幹>	<http://wikidata.dbpedia.org/resource/Q109342279>
<http://ja.dbpedia.org/resource/東国幹>	"東国幹"@ja	<http://dbpedia.org/ontology/Animal>	<http://ja.dbpedia.org/property/選挙区>	"選挙区"@ja	<http://ja.wikipedia.org/wiki/東国幹>	<http://wikidata.dbpedia.org/resource/Q109342279>
<http://ja.dbpedia.org/resource/東国幹>	"東国幹"@ja	<http://dbpedia.org/ontology/Politician>	<http://ja.dbpedia.org/property/選挙区>	"選挙区"@ja	<http://ja.wikipedia.org/wiki/東国幹>	<http://wikidata.dbpedia.org/resource/Q109342279>
<http://ja.dbpedia.org/resource/東国幹>	"東国幹"@ja	<http://dbpedia.org/ontology/Eukaryote>	<http://ja.dbpedia.org/property/選挙区>	"選挙区"@ja	<http://ja.wikipedia.org/wiki/東国幹>	<http://wikidata.dbpedia.org/resource/Q109342279>
<http://ja.dbpedia.org/resource/比布町>	"比布町"@ja	<http://dbpedia.org/ontology/Place>	<http://ja.dbpedia.org/property/隣接自治体>	"隣接自治体"@ja	<http://ja.wikipedia.org/wiki/比布町>	<http://wikidata.dbpedia.org/resource/Q1355549>
<http://ja.dbpedia.org/resource/比布町>	"比布町"@ja	<http://dbpedia.org/ontology/City>	<http://ja.dbpedia.org/property/隣接自治体>	"隣接自治体"@ja	<http://ja.wikipedia.org/wiki/比布町>	<http://wikidata.dbpedia.org/resource/Q1355549>
<http://ja.dbpedia.org/resource/比布町>	"比布町"@ja	<http://dbpedia.org/ontology/Settlement>	<http://ja.dbpedia.org/property/隣接自治体>	"隣接自治体"@ja	<http://ja.wikipedia.org/wiki/比布町>	<http://wikidata.dbpedia.org/resource/Q1355549>
<http://ja.dbpedia.org/resource/比布町>	"比布町"@ja	<http://dbpedia.org/ontology/PopulatedPlace>	<http://ja.dbpedia.org/property/隣接自治体>	"隣接自治体"@ja	<http://ja.wikipedia.org/wiki/比布町>	<http://wikidata.dbpedia.org/resource/Q1355549>
<http://ja.dbpedia.org/resource/比布町>	"比布町"@ja	<http://dbpedia.org/ontology/Location>	<http://ja.dbpedia.org/property/隣接自治体>	"隣接自治体"@ja	<http://ja.wikipedia.org/wiki/比布町>	<http://wikidata.dbpedia.org/resource/Q1355549>
<http://ja.dbpedia.org/resource/牛朱別川>	"牛朱別川"@ja	<http://dbpedia.org/ontology/Place>	<http://ja.dbpedia.org/property/河口>	"河口"@ja	<http://ja.wikipedia.org/wiki/牛朱別川>	<http://wikidata.dbpedia.org/resource/Q11570148>
<http://ja.dbpedia.org/resource/牛朱別川>	"牛朱別川"@ja	<http://dbpedia.org/ontology/Location>	<http://ja.dbpedia.org/property/河口>	"河口"@ja	<http://ja.wikipedia.org/wiki/牛朱別川>	<http://wikidata.dbpedia.org/resource/Q11570148>
<http://ja.dbpedia.org/resource/牛朱別川>	"牛朱別川"@ja	<http://dbpedia.org/ontology/River>	<http://ja.dbpedia.org/property/河口>	"河口"@ja	<http://ja.wikipedia.org/wiki/牛朱別川>	<http://wikidata.dbpedia.org/resource/Q11570148>
<http://ja.dbpedia.org/resource/牛朱別川>	"牛朱別川"@ja	<http://dbpedia.org/ontology/NaturalPlace>	<http://ja.dbpedia.org/property/河口>	"河口"@ja	<http://ja.wikipedia.org/wiki/牛朱別川>	<http://wikidata.dbpedia.org/resource/Q11570148>
<http://ja.dbpedia.org/resource/牛朱別川>	"牛朱別川"@ja	<http://dbpedia.org/ontology/BodyOfWater>	<http://ja.dbpedia.org/property/河口>	"河口"@ja	<http://ja.wikipedia.org/wiki/牛朱別川>	<http://wikidata.dbpedia.org/resource/Q11570148>
<http://ja.dbpedia.org/resource/牛朱別川>	"牛朱別川"@ja	<http://dbpedia.org/ontology/Stream>	<http://ja.dbpedia.org/property/河口>	"河口"@ja	<http://ja.wikipedia.org/wiki/牛朱別川>	<http://wikidata.dbpedia.org/resource/Q11570148>
<http://ja.dbpedia.org/resource/美瑛町>	"美瑛町"@ja	<http://dbpedia.org/ontology/PopulatedPlace>	<http://ja.dbpedia.org/property/隣接自治体>	"隣接自治体"@ja	<http://ja.wikipedia.org/wiki/美瑛町>	<http://wikidata.dbpedia.org/resource/Q1355491>
<http://ja.dbpedia.org/resource/美瑛町>	"美瑛町"@ja	<http://dbpedia.org/ontology/Settlement>	<http://ja.dbpedia.org/property/隣接自治体>	"隣接自治体"@ja	<http://ja.wikipedia.org/wiki/美瑛町>	<http://wikidata.dbpedia.org/resource/Q1355491>
<http://ja.dbpedia.org/resource/美瑛町>	"美瑛町"@ja	<http://dbpedia.org/ontology/Location>	<http://ja.dbpedia.org/property/隣接自治体>	"隣接自治体"@ja	<http://ja.wikipedia.org/wiki/美瑛町>	<http://wikidata.dbpedia.org/resource/Q1355491>
<http://ja.dbpedia.org/resource/美瑛町>	"美瑛町"@ja	<http://dbpedia.org/ontology/Place>	<http://ja.dbpedia.org/property/隣接自治体>	"隣接自治体"@ja	<http://ja.wikipedia.org/wiki/美瑛町>	<http://wikidata.dbpedia.org/resource/Q1355491>
<http://ja.dbpedia.org/resource/美瑛町>	"美瑛町"@ja	<http://dbpedia.org/ontology/City>	<http://ja.dbpedia.org/property/隣接自治体>	"隣接自治体"@ja	<http://ja.wikipedia.org/wiki/美瑛町>	<http://wikidata.dbpedia.org/resource/Q1355491>
<http://ja.dbpedia.org/resource/芦別市>	"芦別市"@ja	<http://dbpedia.org/ontology/Location>	<http://ja.dbpedia.org/property/north>	"North"@ja	<http://ja.wikipedia.org/wiki/芦別市>	<http://wikidata.dbpedia.org/resource/Q725311>
<http://ja.dbpedia.org/resource/芦別市>	"芦別市"@ja	<http://dbpedia.org/ontology/PopulatedPlace>	<http://ja.dbpedia.org/property/north>	"North"@ja	<http://ja.wikipedia.org/wiki/芦別市>	<http://wikidata.dbpedia.org/resource/Q725311>
<http://ja.dbpedia.org/resource/芦別市>	"芦別市"@ja	<http://dbpedia.org/ontology/Settlement>	<http://ja.dbpedia.org/property/north>	"North"@ja	<http://ja.wikipedia.org/wiki/芦別市>	<http://wikidata.dbpedia.org/resource/Q725311>
<http://ja.dbpedia.org/resource/芦別市>	"芦別市"@ja	<http://dbpedia.org/ontology/City>	<http://ja.dbpedia.org/property/north>	"North"@ja	<http://ja.wikipedia.org/wiki/芦別市>	<http://wikidata.dbpedia.org/resource/Q725311>
<http://ja.dbpedia.org/resource/芦別市>	"芦別市"@ja	<http://dbpedia.org/ontology/Place>	<http://ja.dbpedia.org/property/north>	"North"@ja	<http://ja.wikipedia.org/wiki/芦別市>	<http://wikidata.dbpedia.org/resource/Q725311>
<http://ja.dbpedia.org/resource/谷口牧子>	"谷口牧子"@ja	<http://dbpedia.org/ontology/Species>	<http://ja.dbpedia.org/property/著名な実績>	"著名な実績"@ja	<http://ja.wikipedia.org/wiki/谷口牧子>	<http://wikidata.dbpedia.org/resource/Q11632727>
<http://ja.dbpedia.org/resource/谷口牧子>	"谷口牧子"@ja	<http://dbpedia.org/ontology/Animal>	<http://ja.dbpedia.org/property/著名な実績>	"著名な実績"@ja	<http://ja.wikipedia.org/wiki/谷口牧子>	<http://wikidata.dbpedia.org/resource/Q11632727>
<http://ja.dbpedia.org/resource/谷口牧子>	"谷口牧子"@ja	<http://dbpedia.org/ontology/Person>	<http://ja.dbpedia.org/property/著名な実績>	"著名な実績"@ja	<http://ja.wikipedia.org/wiki/谷口牧子>	<http://wikidata.dbpedia.org/resource/Q11632727>
<http://ja.dbpedia.org/resource/谷口牧子>	"谷口牧子"@ja	<http://dbpedia.org/ontology/Eukaryote>	<http://ja.dbpedia.org/property/著名な実績>	"著名な実績"@ja	<http://ja.wikipedia.org/wiki/谷口牧子>	<http://wikidata.dbpedia.org/resource/Q11632727>
<http://ja.dbpedia.org/resource/辺別川>	"辺別川"@ja	<http://dbpedia.org/ontology/Location>	<http://ja.dbpedia.org/property/河口>	"河口"@ja	<http://ja.wikipedia.org/wiki/辺別川>	<http://wikidata.dbpedia.org/resource/Q11638047>
<http://ja.dbpedia.org/resource/辺別川>	"辺別川"@ja	<http://dbpedia.org/ontology/Place>	<http://ja.dbpedia.org/property/河口>	"河口"@ja	<http://ja.wikipedia.org/wiki/辺別川>	<http://wikidata.dbpedia.org/resource/Q11638047>
<http://ja.dbpedia.org/resource/辺別川>	"辺別川"@ja	<http://dbpedia.org/ontology/River>	<http://ja.dbpedia.org/property/河口>	"河口"@ja	<http://ja.wikipedia.org/wiki/辺別川>	<http://wikidata.dbpedia.org/resource/Q11638047>
<http://ja.dbpedia.org/resource/辺別川>	"辺別川"@ja	<http://dbpedia.org/ontology/NaturalPlace>	<http://ja.dbpedia.org/property/河口>	"河口"@ja	<http://ja.wikipedia.org/wiki/辺別川>	<http://wikidata.dbpedia.org/resource/Q11638047>
<http://ja.dbpedia.org/resource/辺別川>	"辺別川"@ja	<http://dbpedia.org/ontology/BodyOfWater>	<http://ja.dbpedia.org/property/河口>	"河口"@ja	<http://ja.wikipedia.org/wiki/辺別川>	<http://wikidata.dbpedia.org/resource/Q11638047>
<http://ja.dbpedia.org/resource/辺別川>	"辺別川"@ja	<http://dbpedia.org/ontology/Stream>	<http://ja.dbpedia.org/property/河口>	"河口"@ja	<http://ja.wikipedia.org/wiki/辺別川>	<http://wikidata.dbpedia.org/resource/Q11638047>
<http://ja.dbpedia.org/resource/道央自動車道>	"道央自動車道"@ja	<http://dbpedia.org/ontology/ArchitecturalStructure>	<http://ja.dbpedia.org/property/主な経由都市>	"主な経由都市"@ja	<http://ja.wikipedia.org/wiki/道央自動車道>	<http://wikidata.dbpedia.org/resource/Q867982>
<http://ja.dbpedia.org/resource/道央自動車道>	"道央自動車道"@ja	<http://dbpedia.org/ontology/Road>	<http://ja.dbpedia.org/property/主な経由都市>	"主な経由都市"@ja	<http://ja.wikipedia.org/wiki/道央自動車道>	<http://wikidata.dbpedia.org/resource/Q867982>
<http://ja.dbpedia.org/resource/道央自動車道>	"道央自動車道"@ja	<http://dbpedia.org/ontology/Infrastructure>	<http://ja.dbpedia.org/property/主な経由都市>	"主な経由都市"@ja	<http://ja.wikipedia.org/wiki/道央自動車道>	<http://wikidata.dbpedia.org/resource/Q867982>
<http://ja.dbpedia.org/resource/道央自動車道>	"道央自動車道"@ja	<http://dbpedia.org/ontology/RouteOfTransportation>	<http://ja.dbpedia.org/property/主な経由都市>	"主な経由都市"@ja	<http://ja.wikipedia.org/wiki/道央自動車道>	<http://wikidata.dbpedia.org/resource/Q867982>
<http://ja.dbpedia.org/resource/鷹栖町>	"鷹栖町"@ja	<http://dbpedia.org/ontology/City>	<http://ja.dbpedia.org/property/隣接自治体>	"隣接自治体"@ja	<http://ja.wikipedia.org/wiki/鷹栖町>	<http://wikidata.dbpedia.org/resource/Q1348693>
<http://ja.dbpedia.org/resource/鷹栖町>	"鷹栖町"@ja	<http://dbpedia.org/ontology/Place>	<http://ja.dbpedia.org/property/隣接自治体>	"隣接自治体"@ja	<http://ja.wikipedia.org/wiki/鷹栖町>	<http://wikidata.dbpedia.org/resource/Q1348693>
<http://ja.dbpedia.org/resource/鷹栖町>	"鷹栖町"@ja	<http://dbpedia.org/ontology/Location>	<http://ja.dbpedia.org/property/隣接自治体>	"隣接自治体"@ja	<http://ja.wikipedia.org/wiki/鷹栖町>	<http://wikidata.dbpedia.org/resource/Q1348693>
<http://ja.dbpedia.org/resource/鷹栖町>	"鷹栖町"@ja	<http://dbpedia.org/ontology/Settlement>	<http://ja.dbpedia.org/property/隣接自治体>	"隣接自治体"@ja	<http://ja.wikipedia.org/wiki/鷹栖町>	<http://wikidata.dbpedia.org/resource/Q1348693>
<http://ja.dbpedia.org/resource/鷹栖町>	"鷹栖町"@ja	<http://dbpedia.org/ontology/PopulatedPlace>	<http://ja.dbpedia.org/property/隣接自治体>	"隣接自治体"@ja	<http://ja.wikipedia.org/wiki/鷹栖町>	<http://wikidata.dbpedia.org/resource/Q1348693>
