?s	?sLabel	?type	?p	?pLabel	?jwiki	?wd
<http://ja.dbpedia.org/resource/おびひろ市民ラジオ>	"おびひろ市民ラジオ"@ja	<http://dbpedia.org/ontology/Agent>	<http://ja.dbpedia.org/property/放送区域>	"放送区域"@ja	<http://ja.wikipedia.org/wiki/おびひろ市民ラジオ>	<http://wikidata.dbpedia.org/resource/Q11262349>
<http://ja.dbpedia.org/resource/おびひろ市民ラジオ>	"おびひろ市民ラジオ"@ja	<http://dbpedia.org/ontology/Company>	<http://ja.dbpedia.org/property/市区町村名>	"市区町村名"@ja	<http://ja.wikipedia.org/wiki/おびひろ市民ラジオ>	<http://wikidata.dbpedia.org/resource/Q11262349>
<http://ja.dbpedia.org/resource/おびひろ市民ラジオ>	"おびひろ市民ラジオ"@ja	<http://dbpedia.org/ontology/Organisation>	<http://ja.dbpedia.org/property/放送区域>	"放送区域"@ja	<http://ja.wikipedia.org/wiki/おびひろ市民ラジオ>	<http://wikidata.dbpedia.org/resource/Q11262349>
<http://ja.dbpedia.org/resource/おびひろ市民ラジオ>	"おびひろ市民ラジオ"@ja	<http://dbpedia.org/ontology/Agent>	<http://ja.dbpedia.org/property/市区町村名>	"市区町村名"@ja	<http://ja.wikipedia.org/wiki/おびひろ市民ラジオ>	<http://wikidata.dbpedia.org/resource/Q11262349>
<http://ja.dbpedia.org/resource/おびひろ市民ラジオ>	"おびひろ市民ラジオ"@ja	<http://dbpedia.org/ontology/Organisation>	<http://ja.dbpedia.org/property/市区町村名>	"市区町村名"@ja	<http://ja.wikipedia.org/wiki/おびひろ市民ラジオ>	<http://wikidata.dbpedia.org/resource/Q11262349>
<http://ja.dbpedia.org/resource/おびひろ市民ラジオ>	"おびひろ市民ラジオ"@ja	<http://dbpedia.org/ontology/Company>	<http://ja.dbpedia.org/property/放送区域>	"放送区域"@ja	<http://ja.wikipedia.org/wiki/おびひろ市民ラジオ>	<http://wikidata.dbpedia.org/resource/Q11262349>
<http://ja.dbpedia.org/resource/北海道道419号大正停車場線>	"北海道道419号大正停車場線"@ja	<http://dbpedia.org/ontology/ArchitecturalStructure>	<http://ja.dbpedia.org/property/起点>	"起点"@ja	<http://ja.wikipedia.org/wiki/北海道道419号大正停車場線>	<http://wikidata.dbpedia.org/resource/Q10903492>
<http://ja.dbpedia.org/resource/北海道道419号大正停車場線>	"北海道道419号大正停車場線"@ja	<http://dbpedia.org/ontology/Road>	<http://ja.dbpedia.org/property/起点>	"起点"@ja	<http://ja.wikipedia.org/wiki/北海道道419号大正停車場線>	<http://wikidata.dbpedia.org/resource/Q10903492>
<http://ja.dbpedia.org/resource/北海道道419号大正停車場線>	"北海道道419号大正停車場線"@ja	<http://dbpedia.org/ontology/RouteOfTransportation>	<http://ja.dbpedia.org/property/起点>	"起点"@ja	<http://ja.wikipedia.org/wiki/北海道道419号大正停車場線>	<http://wikidata.dbpedia.org/resource/Q10903492>
<http://ja.dbpedia.org/resource/北海道道419号大正停車場線>	"北海道道419号大正停車場線"@ja	<http://dbpedia.org/ontology/Infrastructure>	<http://ja.dbpedia.org/property/起点>	"起点"@ja	<http://ja.wikipedia.org/wiki/北海道道419号大正停車場線>	<http://wikidata.dbpedia.org/resource/Q10903492>
<http://ja.dbpedia.org/resource/北海道道62号豊頃糠内芽室線>	"北海道道62号豊頃糠内芽室線"@ja	<http://dbpedia.org/ontology/ArchitecturalStructure>	<http://ja.dbpedia.org/property/主な経由都市>	"主な経由都市"@ja	<http://ja.wikipedia.org/wiki/北海道道62号豊頃糠内芽室線>	<http://wikidata.dbpedia.org/resource/Q11403481>
<http://ja.dbpedia.org/resource/北海道道62号豊頃糠内芽室線>	"北海道道62号豊頃糠内芽室線"@ja	<http://dbpedia.org/ontology/Road>	<http://ja.dbpedia.org/property/主な経由都市>	"主な経由都市"@ja	<http://ja.wikipedia.org/wiki/北海道道62号豊頃糠内芽室線>	<http://wikidata.dbpedia.org/resource/Q11403481>
<http://ja.dbpedia.org/resource/北海道道62号豊頃糠内芽室線>	"北海道道62号豊頃糠内芽室線"@ja	<http://dbpedia.org/ontology/RouteOfTransportation>	<http://ja.dbpedia.org/property/主な経由都市>	"主な経由都市"@ja	<http://ja.wikipedia.org/wiki/北海道道62号豊頃糠内芽室線>	<http://wikidata.dbpedia.org/resource/Q11403481>
<http://ja.dbpedia.org/resource/北海道道62号豊頃糠内芽室線>	"北海道道62号豊頃糠内芽室線"@ja	<http://dbpedia.org/ontology/Infrastructure>	<http://ja.dbpedia.org/property/主な経由都市>	"主な経由都市"@ja	<http://ja.wikipedia.org/wiki/北海道道62号豊頃糠内芽室線>	<http://wikidata.dbpedia.org/resource/Q11403481>
<http://ja.dbpedia.org/resource/山田邦子>	"山田邦子"@ja	<http://dbpedia.org/ontology/Artist>	<http://ja.dbpedia.org/property/他の活動>	"他の活動"@ja	<http://ja.wikipedia.org/wiki/山田邦子>	<http://wikidata.dbpedia.org/resource/Q11470693>
<http://ja.dbpedia.org/resource/山田邦子>	"山田邦子"@ja	<http://dbpedia.org/ontology/Person>	<http://ja.dbpedia.org/property/他の活動>	"他の活動"@ja	<http://ja.wikipedia.org/wiki/山田邦子>	<http://wikidata.dbpedia.org/resource/Q11470693>
<http://ja.dbpedia.org/resource/山田邦子>	"山田邦子"@ja	<http://dbpedia.org/ontology/Eukaryote>	<http://ja.dbpedia.org/property/他の活動>	"他の活動"@ja	<http://ja.wikipedia.org/wiki/山田邦子>	<http://wikidata.dbpedia.org/resource/Q11470693>
<http://ja.dbpedia.org/resource/山田邦子>	"山田邦子"@ja	<http://dbpedia.org/ontology/Comedian>	<http://ja.dbpedia.org/property/他の活動>	"他の活動"@ja	<http://ja.wikipedia.org/wiki/山田邦子>	<http://wikidata.dbpedia.org/resource/Q11470693>
<http://ja.dbpedia.org/resource/山田邦子>	"山田邦子"@ja	<http://dbpedia.org/ontology/Animal>	<http://ja.dbpedia.org/property/他の活動>	"他の活動"@ja	<http://ja.wikipedia.org/wiki/山田邦子>	<http://wikidata.dbpedia.org/resource/Q11470693>
<http://ja.dbpedia.org/resource/山田邦子>	"山田邦子"@ja	<http://dbpedia.org/ontology/Species>	<http://ja.dbpedia.org/property/他の活動>	"他の活動"@ja	<http://ja.wikipedia.org/wiki/山田邦子>	<http://wikidata.dbpedia.org/resource/Q11470693>
<http://ja.dbpedia.org/resource/帯広川>	"帯広川"@ja	<http://dbpedia.org/ontology/River>	<http://ja.dbpedia.org/property/水源>	"水源"@ja	<http://ja.wikipedia.org/wiki/帯広川>	<http://wikidata.dbpedia.org/resource/Q11481172>
<http://ja.dbpedia.org/resource/帯広川>	"帯広川"@ja	<http://dbpedia.org/ontology/Location>	<http://ja.dbpedia.org/property/水源>	"水源"@ja	<http://ja.wikipedia.org/wiki/帯広川>	<http://wikidata.dbpedia.org/resource/Q11481172>
<http://ja.dbpedia.org/resource/帯広川>	"帯広川"@ja	<http://dbpedia.org/ontology/Place>	<http://ja.dbpedia.org/property/水源>	"水源"@ja	<http://ja.wikipedia.org/wiki/帯広川>	<http://wikidata.dbpedia.org/resource/Q11481172>
<http://ja.dbpedia.org/resource/帯広川>	"帯広川"@ja	<http://dbpedia.org/ontology/BodyOfWater>	<http://ja.dbpedia.org/property/水源>	"水源"@ja	<http://ja.wikipedia.org/wiki/帯広川>	<http://wikidata.dbpedia.org/resource/Q11481172>
<http://ja.dbpedia.org/resource/帯広川>	"帯広川"@ja	<http://dbpedia.org/ontology/Stream>	<http://ja.dbpedia.org/property/水源>	"水源"@ja	<http://ja.wikipedia.org/wiki/帯広川>	<http://wikidata.dbpedia.org/resource/Q11481172>
<http://ja.dbpedia.org/resource/帯広川>	"帯広川"@ja	<http://dbpedia.org/ontology/NaturalPlace>	<http://ja.dbpedia.org/property/水源>	"水源"@ja	<http://ja.wikipedia.org/wiki/帯広川>	<http://wikidata.dbpedia.org/resource/Q11481172>
<http://ja.dbpedia.org/resource/帯広市市歌>	"帯広市市歌"@ja	<http://dbpedia.org/ontology/Work>	<http://ja.dbpedia.org/property/採用共同体>	"採用共同体"@ja	<http://ja.wikipedia.org/wiki/帯広市市歌>	<http://wikidata.dbpedia.org/resource/Q110961443>
<http://ja.dbpedia.org/resource/帯広市市歌>	"帯広市市歌"@ja	<http://dbpedia.org/ontology/Single>	<http://ja.dbpedia.org/property/採用共同体>	"採用共同体"@ja	<http://ja.wikipedia.org/wiki/帯広市市歌>	<http://wikidata.dbpedia.org/resource/Q110961443>
<http://ja.dbpedia.org/resource/帯広市市歌>	"帯広市市歌"@ja	<http://dbpedia.org/ontology/MusicalWork>	<http://ja.dbpedia.org/property/採用共同体>	"採用共同体"@ja	<http://ja.wikipedia.org/wiki/帯広市市歌>	<http://wikidata.dbpedia.org/resource/Q110961443>
<http://ja.dbpedia.org/resource/帯広市立啓西小学校>	"帯広市立啓西小学校"@ja	<http://dbpedia.org/ontology/Agent>	<http://ja.dbpedia.org/property/設置者>	"設置者"@ja	<http://ja.wikipedia.org/wiki/帯広市立啓西小学校>	<http://wikidata.dbpedia.org/resource/Q11481175>
<http://ja.dbpedia.org/resource/帯広市立啓西小学校>	"帯広市立啓西小学校"@ja	<http://dbpedia.org/ontology/Organisation>	<http://ja.dbpedia.org/property/設置者>	"設置者"@ja	<http://ja.wikipedia.org/wiki/帯広市立啓西小学校>	<http://wikidata.dbpedia.org/resource/Q11481175>
<http://ja.dbpedia.org/resource/帯広市立啓西小学校>	"帯広市立啓西小学校"@ja	<http://dbpedia.org/ontology/School>	<http://ja.dbpedia.org/property/設置者>	"設置者"@ja	<http://ja.wikipedia.org/wiki/帯広市立啓西小学校>	<http://wikidata.dbpedia.org/resource/Q11481175>
<http://ja.dbpedia.org/resource/帯広市立啓西小学校>	"帯広市立啓西小学校"@ja	<http://dbpedia.org/ontology/EducationalInstitution>	<http://ja.dbpedia.org/property/設置者>	"設置者"@ja	<http://ja.wikipedia.org/wiki/帯広市立啓西小学校>	<http://wikidata.dbpedia.org/resource/Q11481175>
<http://ja.dbpedia.org/resource/帯広市立柏小学校>	"帯広市立柏小学校"@ja	<http://dbpedia.org/ontology/Agent>	<http://ja.dbpedia.org/property/設置者>	"設置者"@ja	<http://ja.wikipedia.org/wiki/帯広市立柏小学校>	<http://wikidata.dbpedia.org/resource/Q11481176>
<http://ja.dbpedia.org/resource/帯広市立柏小学校>	"帯広市立柏小学校"@ja	<http://dbpedia.org/ontology/Organisation>	<http://ja.dbpedia.org/property/設置者>	"設置者"@ja	<http://ja.wikipedia.org/wiki/帯広市立柏小学校>	<http://wikidata.dbpedia.org/resource/Q11481176>
<http://ja.dbpedia.org/resource/帯広市立柏小学校>	"帯広市立柏小学校"@ja	<http://dbpedia.org/ontology/School>	<http://ja.dbpedia.org/property/設置者>	"設置者"@ja	<http://ja.wikipedia.org/wiki/帯広市立柏小学校>	<http://wikidata.dbpedia.org/resource/Q11481176>
<http://ja.dbpedia.org/resource/帯広市立柏小学校>	"帯広市立柏小学校"@ja	<http://dbpedia.org/ontology/EducationalInstitution>	<http://ja.dbpedia.org/property/設置者>	"設置者"@ja	<http://ja.wikipedia.org/wiki/帯広市立柏小学校>	<http://wikidata.dbpedia.org/resource/Q11481176>
<http://ja.dbpedia.org/resource/帯広広尾自動車道>	"帯広広尾自動車道"@ja	<http://dbpedia.org/ontology/Infrastructure>	<http://ja.dbpedia.org/property/主な経由都市>	"主な経由都市"@ja	<http://ja.wikipedia.org/wiki/帯広広尾自動車道>	<http://wikidata.dbpedia.org/resource/Q11481179>
<http://ja.dbpedia.org/resource/帯広広尾自動車道>	"帯広広尾自動車道"@ja	<http://dbpedia.org/ontology/RouteOfTransportation>	<http://ja.dbpedia.org/property/主な経由都市>	"主な経由都市"@ja	<http://ja.wikipedia.org/wiki/帯広広尾自動車道>	<http://wikidata.dbpedia.org/resource/Q11481179>
<http://ja.dbpedia.org/resource/帯広広尾自動車道>	"帯広広尾自動車道"@ja	<http://dbpedia.org/ontology/Road>	<http://ja.dbpedia.org/property/主な経由都市>	"主な経由都市"@ja	<http://ja.wikipedia.org/wiki/帯広広尾自動車道>	<http://wikidata.dbpedia.org/resource/Q11481179>
<http://ja.dbpedia.org/resource/帯広広尾自動車道>	"帯広広尾自動車道"@ja	<http://dbpedia.org/ontology/ArchitecturalStructure>	<http://ja.dbpedia.org/property/主な経由都市>	"主な経由都市"@ja	<http://ja.wikipedia.org/wiki/帯広広尾自動車道>	<http://wikidata.dbpedia.org/resource/Q11481179>
<http://ja.dbpedia.org/resource/帯広空港>	"帯広空港"@ja	<http://dbpedia.org/ontology/Infrastructure>	<http://ja.dbpedia.org/property/母都市>	"母都市"@ja	<http://ja.wikipedia.org/wiki/帯広空港>	<http://wikidata.dbpedia.org/resource/Q1332254>
<http://ja.dbpedia.org/resource/帯広空港>	"帯広空港"@ja	<http://dbpedia.org/ontology/Airport>	<http://ja.dbpedia.org/property/母都市>	"母都市"@ja	<http://ja.wikipedia.org/wiki/帯広空港>	<http://wikidata.dbpedia.org/resource/Q1332254>
<http://ja.dbpedia.org/resource/帯広空港>	"帯広空港"@ja	<http://dbpedia.org/ontology/ArchitecturalStructure>	<http://ja.dbpedia.org/property/母都市>	"母都市"@ja	<http://ja.wikipedia.org/wiki/帯広空港>	<http://wikidata.dbpedia.org/resource/Q1332254>
<http://ja.dbpedia.org/resource/後藤翔平>	"後藤翔平"@ja	<http://dbpedia.org/ontology/Person>	<http://ja.dbpedia.org/property/出身>	"出身"@ja	<http://ja.wikipedia.org/wiki/後藤翔平>	<http://wikidata.dbpedia.org/resource/Q45819686>
<http://ja.dbpedia.org/resource/後藤翔平>	"後藤翔平"@ja	<http://dbpedia.org/ontology/Eukaryote>	<http://ja.dbpedia.org/property/出身>	"出身"@ja	<http://ja.wikipedia.org/wiki/後藤翔平>	<http://wikidata.dbpedia.org/resource/Q45819686>
<http://ja.dbpedia.org/resource/後藤翔平>	"後藤翔平"@ja	<http://dbpedia.org/ontology/Animal>	<http://ja.dbpedia.org/property/出身>	"出身"@ja	<http://ja.wikipedia.org/wiki/後藤翔平>	<http://wikidata.dbpedia.org/resource/Q45819686>
<http://ja.dbpedia.org/resource/後藤翔平>	"後藤翔平"@ja	<http://dbpedia.org/ontology/Athlete>	<http://ja.dbpedia.org/property/出身>	"出身"@ja	<http://ja.wikipedia.org/wiki/後藤翔平>	<http://wikidata.dbpedia.org/resource/Q45819686>
<http://ja.dbpedia.org/resource/後藤翔平>	"後藤翔平"@ja	<http://dbpedia.org/ontology/Species>	<http://ja.dbpedia.org/property/出身>	"出身"@ja	<http://ja.wikipedia.org/wiki/後藤翔平>	<http://wikidata.dbpedia.org/resource/Q45819686>
<http://ja.dbpedia.org/resource/後藤翔平>	"後藤翔平"@ja	<http://dbpedia.org/ontology/BasketballPlayer>	<http://ja.dbpedia.org/property/出身>	"出身"@ja	<http://ja.wikipedia.org/wiki/後藤翔平>	<http://wikidata.dbpedia.org/resource/Q45819686>
<http://ja.dbpedia.org/resource/戸蔦別川>	"戸蔦別川"@ja	<http://dbpedia.org/ontology/NaturalPlace>	<http://ja.dbpedia.org/property/水源>	"水源"@ja	<http://ja.wikipedia.org/wiki/戸蔦別川>	<http://wikidata.dbpedia.org/resource/Q11496607>
<http://ja.dbpedia.org/resource/戸蔦別川>	"戸蔦別川"@ja	<http://dbpedia.org/ontology/Stream>	<http://ja.dbpedia.org/property/水源>	"水源"@ja	<http://ja.wikipedia.org/wiki/戸蔦別川>	<http://wikidata.dbpedia.org/resource/Q11496607>
<http://ja.dbpedia.org/resource/戸蔦別川>	"戸蔦別川"@ja	<http://dbpedia.org/ontology/BodyOfWater>	<http://ja.dbpedia.org/property/水源>	"水源"@ja	<http://ja.wikipedia.org/wiki/戸蔦別川>	<http://wikidata.dbpedia.org/resource/Q11496607>
<http://ja.dbpedia.org/resource/戸蔦別川>	"戸蔦別川"@ja	<http://dbpedia.org/ontology/River>	<http://ja.dbpedia.org/property/水源>	"水源"@ja	<http://ja.wikipedia.org/wiki/戸蔦別川>	<http://wikidata.dbpedia.org/resource/Q11496607>
<http://ja.dbpedia.org/resource/戸蔦別川>	"戸蔦別川"@ja	<http://dbpedia.org/ontology/Place>	<http://ja.dbpedia.org/property/水源>	"水源"@ja	<http://ja.wikipedia.org/wiki/戸蔦別川>	<http://wikidata.dbpedia.org/resource/Q11496607>
<http://ja.dbpedia.org/resource/戸蔦別川>	"戸蔦別川"@ja	<http://dbpedia.org/ontology/Location>	<http://ja.dbpedia.org/property/水源>	"水源"@ja	<http://ja.wikipedia.org/wiki/戸蔦別川>	<http://wikidata.dbpedia.org/resource/Q11496607>
<http://ja.dbpedia.org/resource/札内川>	"札内川"@ja	<http://dbpedia.org/ontology/Place>	<http://ja.dbpedia.org/property/水源>	"水源"@ja	<http://ja.wikipedia.org/wiki/札内川>	<http://wikidata.dbpedia.org/resource/Q11521078>
<http://ja.dbpedia.org/resource/札内川>	"札内川"@ja	<http://dbpedia.org/ontology/Location>	<http://ja.dbpedia.org/property/水源>	"水源"@ja	<http://ja.wikipedia.org/wiki/札内川>	<http://wikidata.dbpedia.org/resource/Q11521078>
<http://ja.dbpedia.org/resource/札内川>	"札内川"@ja	<http://dbpedia.org/ontology/River>	<http://ja.dbpedia.org/property/水源>	"水源"@ja	<http://ja.wikipedia.org/wiki/札内川>	<http://wikidata.dbpedia.org/resource/Q11521078>
<http://ja.dbpedia.org/resource/札内川>	"札内川"@ja	<http://dbpedia.org/ontology/NaturalPlace>	<http://ja.dbpedia.org/property/水源>	"水源"@ja	<http://ja.wikipedia.org/wiki/札内川>	<http://wikidata.dbpedia.org/resource/Q11521078>
<http://ja.dbpedia.org/resource/札内川>	"札内川"@ja	<http://dbpedia.org/ontology/BodyOfWater>	<http://ja.dbpedia.org/property/水源>	"水源"@ja	<http://ja.wikipedia.org/wiki/札内川>	<http://wikidata.dbpedia.org/resource/Q11521078>
<http://ja.dbpedia.org/resource/札内川>	"札内川"@ja	<http://dbpedia.org/ontology/Stream>	<http://ja.dbpedia.org/property/水源>	"水源"@ja	<http://ja.wikipedia.org/wiki/札内川>	<http://wikidata.dbpedia.org/resource/Q11521078>
<http://ja.dbpedia.org/resource/清水誠一>	"清水誠一"@ja	<http://dbpedia.org/ontology/Politician>	<http://ja.dbpedia.org/property/選挙区>	"選挙区"@ja	<http://ja.wikipedia.org/wiki/清水誠一>	<http://wikidata.dbpedia.org/resource/Q11561174>
<http://ja.dbpedia.org/resource/清水誠一>	"清水誠一"@ja	<http://dbpedia.org/ontology/Eukaryote>	<http://ja.dbpedia.org/property/選挙区>	"選挙区"@ja	<http://ja.wikipedia.org/wiki/清水誠一>	<http://wikidata.dbpedia.org/resource/Q11561174>
<http://ja.dbpedia.org/resource/清水誠一>	"清水誠一"@ja	<http://dbpedia.org/ontology/Animal>	<http://ja.dbpedia.org/property/選挙区>	"選挙区"@ja	<http://ja.wikipedia.org/wiki/清水誠一>	<http://wikidata.dbpedia.org/resource/Q11561174>
<http://ja.dbpedia.org/resource/清水誠一>	"清水誠一"@ja	<http://dbpedia.org/ontology/Person>	<http://ja.dbpedia.org/property/選挙区>	"選挙区"@ja	<http://ja.wikipedia.org/wiki/清水誠一>	<http://wikidata.dbpedia.org/resource/Q11561174>
<http://ja.dbpedia.org/resource/清水誠一>	"清水誠一"@ja	<http://dbpedia.org/ontology/Species>	<http://ja.dbpedia.org/property/選挙区>	"選挙区"@ja	<http://ja.wikipedia.org/wiki/清水誠一>	<http://wikidata.dbpedia.org/resource/Q11561174>
<http://ja.dbpedia.org/resource/然別川>	"然別川"@ja	<http://dbpedia.org/ontology/Location>	<http://ja.dbpedia.org/property/河口>	"河口"@ja	<http://ja.wikipedia.org/wiki/然別川>	<http://wikidata.dbpedia.org/resource/Q11567610>
<http://ja.dbpedia.org/resource/然別川>	"然別川"@ja	<http://dbpedia.org/ontology/Place>	<http://ja.dbpedia.org/property/河口>	"河口"@ja	<http://ja.wikipedia.org/wiki/然別川>	<http://wikidata.dbpedia.org/resource/Q11567610>
<http://ja.dbpedia.org/resource/然別川>	"然別川"@ja	<http://dbpedia.org/ontology/River>	<http://ja.dbpedia.org/property/河口>	"河口"@ja	<http://ja.wikipedia.org/wiki/然別川>	<http://wikidata.dbpedia.org/resource/Q11567610>
<http://ja.dbpedia.org/resource/然別川>	"然別川"@ja	<http://dbpedia.org/ontology/NaturalPlace>	<http://ja.dbpedia.org/property/河口>	"河口"@ja	<http://ja.wikipedia.org/wiki/然別川>	<http://wikidata.dbpedia.org/resource/Q11567610>
<http://ja.dbpedia.org/resource/然別川>	"然別川"@ja	<http://dbpedia.org/ontology/BodyOfWater>	<http://ja.dbpedia.org/property/河口>	"河口"@ja	<http://ja.wikipedia.org/wiki/然別川>	<http://wikidata.dbpedia.org/resource/Q11567610>
<http://ja.dbpedia.org/resource/然別川>	"然別川"@ja	<http://dbpedia.org/ontology/Stream>	<http://ja.dbpedia.org/property/河口>	"河口"@ja	<http://ja.wikipedia.org/wiki/然別川>	<http://wikidata.dbpedia.org/resource/Q11567610>
<http://ja.dbpedia.org/resource/途別川>	"途別川"@ja	<http://dbpedia.org/ontology/NaturalPlace>	<http://ja.dbpedia.org/property/水源>	"水源"@ja	<http://ja.wikipedia.org/wiki/途別川>	<http://wikidata.dbpedia.org/resource/Q11639486>
<http://ja.dbpedia.org/resource/途別川>	"途別川"@ja	<http://dbpedia.org/ontology/Stream>	<http://ja.dbpedia.org/property/水源>	"水源"@ja	<http://ja.wikipedia.org/wiki/途別川>	<http://wikidata.dbpedia.org/resource/Q11639486>
<http://ja.dbpedia.org/resource/途別川>	"途別川"@ja	<http://dbpedia.org/ontology/BodyOfWater>	<http://ja.dbpedia.org/property/水源>	"水源"@ja	<http://ja.wikipedia.org/wiki/途別川>	<http://wikidata.dbpedia.org/resource/Q11639486>
<http://ja.dbpedia.org/resource/途別川>	"途別川"@ja	<http://dbpedia.org/ontology/Location>	<http://ja.dbpedia.org/property/水源>	"水源"@ja	<http://ja.wikipedia.org/wiki/途別川>	<http://wikidata.dbpedia.org/resource/Q11639486>
<http://ja.dbpedia.org/resource/途別川>	"途別川"@ja	<http://dbpedia.org/ontology/River>	<http://ja.dbpedia.org/property/水源>	"水源"@ja	<http://ja.wikipedia.org/wiki/途別川>	<http://wikidata.dbpedia.org/resource/Q11639486>
<http://ja.dbpedia.org/resource/途別川>	"途別川"@ja	<http://dbpedia.org/ontology/Place>	<http://ja.dbpedia.org/property/水源>	"水源"@ja	<http://ja.wikipedia.org/wiki/途別川>	<http://wikidata.dbpedia.org/resource/Q11639486>
<http://ja.dbpedia.org/resource/道東自動車道>	"道東自動車道"@ja	<http://dbpedia.org/ontology/Infrastructure>	<http://ja.dbpedia.org/property/主な経由都市>	"主な経由都市"@ja	<http://ja.wikipedia.org/wiki/道東自動車道>	<http://wikidata.dbpedia.org/resource/Q867944>
<http://ja.dbpedia.org/resource/道東自動車道>	"道東自動車道"@ja	<http://dbpedia.org/ontology/RouteOfTransportation>	<http://ja.dbpedia.org/property/主な経由都市>	"主な経由都市"@ja	<http://ja.wikipedia.org/wiki/道東自動車道>	<http://wikidata.dbpedia.org/resource/Q867944>
<http://ja.dbpedia.org/resource/道東自動車道>	"道東自動車道"@ja	<http://dbpedia.org/ontology/ArchitecturalStructure>	<http://ja.dbpedia.org/property/主な経由都市>	"主な経由都市"@ja	<http://ja.wikipedia.org/wiki/道東自動車道>	<http://wikidata.dbpedia.org/resource/Q867944>
<http://ja.dbpedia.org/resource/道東自動車道>	"道東自動車道"@ja	<http://dbpedia.org/ontology/Road>	<http://ja.dbpedia.org/property/主な経由都市>	"主な経由都市"@ja	<http://ja.wikipedia.org/wiki/道東自動車道>	<http://wikidata.dbpedia.org/resource/Q867944>
<http://ja.dbpedia.org/resource/音更町>	"音更町"@ja	<http://dbpedia.org/ontology/Place>	<http://ja.dbpedia.org/property/隣接自治体>	"隣接自治体"@ja	<http://ja.wikipedia.org/wiki/音更町>	<http://wikidata.dbpedia.org/resource/Q1210613>
<http://ja.dbpedia.org/resource/音更町>	"音更町"@ja	<http://dbpedia.org/ontology/City>	<http://ja.dbpedia.org/property/隣接自治体>	"隣接自治体"@ja	<http://ja.wikipedia.org/wiki/音更町>	<http://wikidata.dbpedia.org/resource/Q1210613>
<http://ja.dbpedia.org/resource/音更町>	"音更町"@ja	<http://dbpedia.org/ontology/Settlement>	<http://ja.dbpedia.org/property/隣接自治体>	"隣接自治体"@ja	<http://ja.wikipedia.org/wiki/音更町>	<http://wikidata.dbpedia.org/resource/Q1210613>
<http://ja.dbpedia.org/resource/音更町>	"音更町"@ja	<http://dbpedia.org/ontology/Location>	<http://ja.dbpedia.org/property/隣接自治体>	"隣接自治体"@ja	<http://ja.wikipedia.org/wiki/音更町>	<http://wikidata.dbpedia.org/resource/Q1210613>
<http://ja.dbpedia.org/resource/音更町>	"音更町"@ja	<http://dbpedia.org/ontology/PopulatedPlace>	<http://ja.dbpedia.org/property/隣接自治体>	"隣接自治体"@ja	<http://ja.wikipedia.org/wiki/音更町>	<http://wikidata.dbpedia.org/resource/Q1210613>
