?s	?sLabel	?type	?p	?pLabel	?jwiki	?wd
<http://ja.dbpedia.org/resource/ピアソン記念館>	"ピアソン記念館"@ja	<http://dbpedia.org/ontology/Building>	<http://ja.dbpedia.org/property/事業主体>	"事業主体"@ja	<http://ja.wikipedia.org/wiki/ピアソン記念館>	<http://wikidata.dbpedia.org/resource/Q11331252>
<http://ja.dbpedia.org/resource/ピアソン記念館>	"ピアソン記念館"@ja	<http://dbpedia.org/ontology/ArchitecturalStructure>	<http://ja.dbpedia.org/property/事業主体>	"事業主体"@ja	<http://ja.wikipedia.org/wiki/ピアソン記念館>	<http://wikidata.dbpedia.org/resource/Q11331252>
<http://ja.dbpedia.org/resource/ピアソン記念館>	"ピアソン記念館"@ja	<http://dbpedia.org/ontology/Museum>	<http://ja.dbpedia.org/property/事業主体>	"事業主体"@ja	<http://ja.wikipedia.org/wiki/ピアソン記念館>	<http://wikidata.dbpedia.org/resource/Q11331252>
<http://ja.dbpedia.org/resource/佐呂間町>	"佐呂間町"@ja	<http://dbpedia.org/ontology/PopulatedPlace>	<http://ja.dbpedia.org/property/southeast>	"Southeast"@ja	<http://ja.wikipedia.org/wiki/佐呂間町>	<http://wikidata.dbpedia.org/resource/Q1365521>
<http://ja.dbpedia.org/resource/佐呂間町>	"佐呂間町"@ja	<http://dbpedia.org/ontology/Settlement>	<http://ja.dbpedia.org/property/southeast>	"Southeast"@ja	<http://ja.wikipedia.org/wiki/佐呂間町>	<http://wikidata.dbpedia.org/resource/Q1365521>
<http://ja.dbpedia.org/resource/佐呂間町>	"佐呂間町"@ja	<http://dbpedia.org/ontology/Location>	<http://ja.dbpedia.org/property/southeast>	"Southeast"@ja	<http://ja.wikipedia.org/wiki/佐呂間町>	<http://wikidata.dbpedia.org/resource/Q1365521>
<http://ja.dbpedia.org/resource/佐呂間町>	"佐呂間町"@ja	<http://dbpedia.org/ontology/Place>	<http://ja.dbpedia.org/property/southeast>	"Southeast"@ja	<http://ja.wikipedia.org/wiki/佐呂間町>	<http://wikidata.dbpedia.org/resource/Q1365521>
<http://ja.dbpedia.org/resource/佐呂間町>	"佐呂間町"@ja	<http://dbpedia.org/ontology/City>	<http://ja.dbpedia.org/property/southeast>	"Southeast"@ja	<http://ja.wikipedia.org/wiki/佐呂間町>	<http://wikidata.dbpedia.org/resource/Q1365521>
<http://ja.dbpedia.org/resource/北海道北見仁頃高等学校>	"北海道北見仁頃高等学校"@ja	<http://dbpedia.org/ontology/EducationalInstitution>	<http://ja.dbpedia.org/property/設置者>	"設置者"@ja	<http://ja.wikipedia.org/wiki/北海道北見仁頃高等学校>	<http://wikidata.dbpedia.org/resource/Q11402608>
<http://ja.dbpedia.org/resource/北海道北見仁頃高等学校>	"北海道北見仁頃高等学校"@ja	<http://dbpedia.org/ontology/School>	<http://ja.dbpedia.org/property/設置者>	"設置者"@ja	<http://ja.wikipedia.org/wiki/北海道北見仁頃高等学校>	<http://wikidata.dbpedia.org/resource/Q11402608>
<http://ja.dbpedia.org/resource/北海道北見仁頃高等学校>	"北海道北見仁頃高等学校"@ja	<http://dbpedia.org/ontology/Agent>	<http://ja.dbpedia.org/property/設置者>	"設置者"@ja	<http://ja.wikipedia.org/wiki/北海道北見仁頃高等学校>	<http://wikidata.dbpedia.org/resource/Q11402608>
<http://ja.dbpedia.org/resource/北海道北見仁頃高等学校>	"北海道北見仁頃高等学校"@ja	<http://dbpedia.org/ontology/Organisation>	<http://ja.dbpedia.org/property/設置者>	"設置者"@ja	<http://ja.wikipedia.org/wiki/北海道北見仁頃高等学校>	<http://wikidata.dbpedia.org/resource/Q11402608>
<http://ja.dbpedia.org/resource/北見市立北中学校>	"北見市立北中学校"@ja	<http://dbpedia.org/ontology/Agent>	<http://ja.dbpedia.org/property/設置者>	"設置者"@ja	<http://ja.wikipedia.org/wiki/北見市立北中学校>	<http://wikidata.dbpedia.org/resource/Q65249545>
<http://ja.dbpedia.org/resource/北見市立北中学校>	"北見市立北中学校"@ja	<http://dbpedia.org/ontology/Organisation>	<http://ja.dbpedia.org/property/設置者>	"設置者"@ja	<http://ja.wikipedia.org/wiki/北見市立北中学校>	<http://wikidata.dbpedia.org/resource/Q65249545>
<http://ja.dbpedia.org/resource/北見市立北中学校>	"北見市立北中学校"@ja	<http://dbpedia.org/ontology/School>	<http://ja.dbpedia.org/property/設置者>	"設置者"@ja	<http://ja.wikipedia.org/wiki/北見市立北中学校>	<http://wikidata.dbpedia.org/resource/Q65249545>
<http://ja.dbpedia.org/resource/北見市立北中学校>	"北見市立北中学校"@ja	<http://dbpedia.org/ontology/EducationalInstitution>	<http://ja.dbpedia.org/property/設置者>	"設置者"@ja	<http://ja.wikipedia.org/wiki/北見市立北中学校>	<http://wikidata.dbpedia.org/resource/Q65249545>
<http://ja.dbpedia.org/resource/北見市立南小学校>	"北見市立南小学校"@ja	<http://dbpedia.org/ontology/Agent>	<http://ja.dbpedia.org/property/設置者>	"設置者"@ja	<http://ja.wikipedia.org/wiki/北見市立南小学校>	<http://wikidata.dbpedia.org/resource/Q97456335>
<http://ja.dbpedia.org/resource/北見市立南小学校>	"北見市立南小学校"@ja	<http://dbpedia.org/ontology/Organisation>	<http://ja.dbpedia.org/property/設置者>	"設置者"@ja	<http://ja.wikipedia.org/wiki/北見市立南小学校>	<http://wikidata.dbpedia.org/resource/Q97456335>
<http://ja.dbpedia.org/resource/北見市立南小学校>	"北見市立南小学校"@ja	<http://dbpedia.org/ontology/School>	<http://ja.dbpedia.org/property/設置者>	"設置者"@ja	<http://ja.wikipedia.org/wiki/北見市立南小学校>	<http://wikidata.dbpedia.org/resource/Q97456335>
<http://ja.dbpedia.org/resource/北見市立南小学校>	"北見市立南小学校"@ja	<http://dbpedia.org/ontology/EducationalInstitution>	<http://ja.dbpedia.org/property/設置者>	"設置者"@ja	<http://ja.wikipedia.org/wiki/北見市立南小学校>	<http://wikidata.dbpedia.org/resource/Q97456335>
<http://ja.dbpedia.org/resource/北見市立小泉小学校>	"北見市立小泉小学校"@ja	<http://dbpedia.org/ontology/EducationalInstitution>	<http://ja.dbpedia.org/property/設置者>	"設置者"@ja	<http://ja.wikipedia.org/wiki/北見市立小泉小学校>	<http://wikidata.dbpedia.org/resource/Q11404025>
<http://ja.dbpedia.org/resource/北見市立小泉小学校>	"北見市立小泉小学校"@ja	<http://dbpedia.org/ontology/School>	<http://ja.dbpedia.org/property/設置者>	"設置者"@ja	<http://ja.wikipedia.org/wiki/北見市立小泉小学校>	<http://wikidata.dbpedia.org/resource/Q11404025>
<http://ja.dbpedia.org/resource/北見市立小泉小学校>	"北見市立小泉小学校"@ja	<http://dbpedia.org/ontology/Agent>	<http://ja.dbpedia.org/property/設置者>	"設置者"@ja	<http://ja.wikipedia.org/wiki/北見市立小泉小学校>	<http://wikidata.dbpedia.org/resource/Q11404025>
<http://ja.dbpedia.org/resource/北見市立小泉小学校>	"北見市立小泉小学校"@ja	<http://dbpedia.org/ontology/Organisation>	<http://ja.dbpedia.org/property/設置者>	"設置者"@ja	<http://ja.wikipedia.org/wiki/北見市立小泉小学校>	<http://wikidata.dbpedia.org/resource/Q11404025>
<http://ja.dbpedia.org/resource/北見市立常呂中学校>	"北見市立常呂中学校"@ja	<http://dbpedia.org/ontology/Agent>	<http://ja.dbpedia.org/property/設置者>	"設置者"@ja	<http://ja.wikipedia.org/wiki/北見市立常呂中学校>	<http://wikidata.dbpedia.org/resource/Q86743522>
<http://ja.dbpedia.org/resource/北見市立常呂中学校>	"北見市立常呂中学校"@ja	<http://dbpedia.org/ontology/Organisation>	<http://ja.dbpedia.org/property/設置者>	"設置者"@ja	<http://ja.wikipedia.org/wiki/北見市立常呂中学校>	<http://wikidata.dbpedia.org/resource/Q86743522>
<http://ja.dbpedia.org/resource/北見市立常呂中学校>	"北見市立常呂中学校"@ja	<http://dbpedia.org/ontology/School>	<http://ja.dbpedia.org/property/設置者>	"設置者"@ja	<http://ja.wikipedia.org/wiki/北見市立常呂中学校>	<http://wikidata.dbpedia.org/resource/Q86743522>
<http://ja.dbpedia.org/resource/北見市立常呂中学校>	"北見市立常呂中学校"@ja	<http://dbpedia.org/ontology/EducationalInstitution>	<http://ja.dbpedia.org/property/設置者>	"設置者"@ja	<http://ja.wikipedia.org/wiki/北見市立常呂中学校>	<http://wikidata.dbpedia.org/resource/Q86743522>
<http://ja.dbpedia.org/resource/北見市立留辺蘂小学校>	"北見市立留辺蘂小学校"@ja	<http://dbpedia.org/ontology/Agent>	<http://ja.dbpedia.org/property/設置者>	"設置者"@ja	<http://ja.wikipedia.org/wiki/北見市立留辺蘂小学校>	<http://wikidata.dbpedia.org/resource/Q17990335>
<http://ja.dbpedia.org/resource/北見市立留辺蘂小学校>	"北見市立留辺蘂小学校"@ja	<http://dbpedia.org/ontology/Organisation>	<http://ja.dbpedia.org/property/設置者>	"設置者"@ja	<http://ja.wikipedia.org/wiki/北見市立留辺蘂小学校>	<http://wikidata.dbpedia.org/resource/Q17990335>
<http://ja.dbpedia.org/resource/北見市立留辺蘂小学校>	"北見市立留辺蘂小学校"@ja	<http://dbpedia.org/ontology/School>	<http://ja.dbpedia.org/property/設置者>	"設置者"@ja	<http://ja.wikipedia.org/wiki/北見市立留辺蘂小学校>	<http://wikidata.dbpedia.org/resource/Q17990335>
<http://ja.dbpedia.org/resource/北見市立留辺蘂小学校>	"北見市立留辺蘂小学校"@ja	<http://dbpedia.org/ontology/EducationalInstitution>	<http://ja.dbpedia.org/property/設置者>	"設置者"@ja	<http://ja.wikipedia.org/wiki/北見市立留辺蘂小学校>	<http://wikidata.dbpedia.org/resource/Q17990335>
<http://ja.dbpedia.org/resource/北見市立高栄中学校>	"北見市立高栄中学校"@ja	<http://dbpedia.org/ontology/Agent>	<http://ja.dbpedia.org/property/設置者>	"設置者"@ja	<http://ja.wikipedia.org/wiki/北見市立高栄中学校>	<http://wikidata.dbpedia.org/resource/Q108943114>
<http://ja.dbpedia.org/resource/北見市立高栄中学校>	"北見市立高栄中学校"@ja	<http://dbpedia.org/ontology/Organisation>	<http://ja.dbpedia.org/property/設置者>	"設置者"@ja	<http://ja.wikipedia.org/wiki/北見市立高栄中学校>	<http://wikidata.dbpedia.org/resource/Q108943114>
<http://ja.dbpedia.org/resource/北見市立高栄中学校>	"北見市立高栄中学校"@ja	<http://dbpedia.org/ontology/School>	<http://ja.dbpedia.org/property/設置者>	"設置者"@ja	<http://ja.wikipedia.org/wiki/北見市立高栄中学校>	<http://wikidata.dbpedia.org/resource/Q108943114>
<http://ja.dbpedia.org/resource/北見市立高栄中学校>	"北見市立高栄中学校"@ja	<http://dbpedia.org/ontology/EducationalInstitution>	<http://ja.dbpedia.org/property/設置者>	"設置者"@ja	<http://ja.wikipedia.org/wiki/北見市立高栄中学校>	<http://wikidata.dbpedia.org/resource/Q108943114>
<http://ja.dbpedia.org/resource/北見道路>	"北見道路"@ja	<http://dbpedia.org/ontology/Infrastructure>	<http://ja.dbpedia.org/property/起点>	"起点"@ja	<http://ja.wikipedia.org/wiki/北見道路>	<http://wikidata.dbpedia.org/resource/Q11404062>
<http://ja.dbpedia.org/resource/北見道路>	"北見道路"@ja	<http://dbpedia.org/ontology/RouteOfTransportation>	<http://ja.dbpedia.org/property/起点>	"起点"@ja	<http://ja.wikipedia.org/wiki/北見道路>	<http://wikidata.dbpedia.org/resource/Q11404062>
<http://ja.dbpedia.org/resource/北見道路>	"北見道路"@ja	<http://dbpedia.org/ontology/Road>	<http://ja.dbpedia.org/property/起点>	"起点"@ja	<http://ja.wikipedia.org/wiki/北見道路>	<http://wikidata.dbpedia.org/resource/Q11404062>
<http://ja.dbpedia.org/resource/北見道路>	"北見道路"@ja	<http://dbpedia.org/ontology/ArchitecturalStructure>	<http://ja.dbpedia.org/property/起点>	"起点"@ja	<http://ja.wikipedia.org/wiki/北見道路>	<http://wikidata.dbpedia.org/resource/Q11404062>
<http://ja.dbpedia.org/resource/十勝オホーツク自動車道>	"十勝オホーツク自動車道"@ja	<http://dbpedia.org/ontology/Infrastructure>	<http://ja.dbpedia.org/property/主な経由都市>	"主な経由都市"@ja	<http://ja.wikipedia.org/wiki/十勝オホーツク自動車道>	<http://wikidata.dbpedia.org/resource/Q22130271>
<http://ja.dbpedia.org/resource/十勝オホーツク自動車道>	"十勝オホーツク自動車道"@ja	<http://dbpedia.org/ontology/RouteOfTransportation>	<http://ja.dbpedia.org/property/主な経由都市>	"主な経由都市"@ja	<http://ja.wikipedia.org/wiki/十勝オホーツク自動車道>	<http://wikidata.dbpedia.org/resource/Q22130271>
<http://ja.dbpedia.org/resource/十勝オホーツク自動車道>	"十勝オホーツク自動車道"@ja	<http://dbpedia.org/ontology/ArchitecturalStructure>	<http://ja.dbpedia.org/property/主な経由都市>	"主な経由都市"@ja	<http://ja.wikipedia.org/wiki/十勝オホーツク自動車道>	<http://wikidata.dbpedia.org/resource/Q22130271>
<http://ja.dbpedia.org/resource/十勝オホーツク自動車道>	"十勝オホーツク自動車道"@ja	<http://dbpedia.org/ontology/Road>	<http://ja.dbpedia.org/property/主な経由都市>	"主な経由都市"@ja	<http://ja.wikipedia.org/wiki/十勝オホーツク自動車道>	<http://wikidata.dbpedia.org/resource/Q22130271>
<http://ja.dbpedia.org/resource/大空町>	"大空町"@ja	<http://dbpedia.org/ontology/Place>	<http://ja.dbpedia.org/property/northwest>	"Northwest"@ja	<http://ja.wikipedia.org/wiki/大空町>	<http://wikidata.dbpedia.org/resource/Q1208839>
<http://ja.dbpedia.org/resource/大空町>	"大空町"@ja	<http://dbpedia.org/ontology/City>	<http://ja.dbpedia.org/property/northwest>	"Northwest"@ja	<http://ja.wikipedia.org/wiki/大空町>	<http://wikidata.dbpedia.org/resource/Q1208839>
<http://ja.dbpedia.org/resource/大空町>	"大空町"@ja	<http://dbpedia.org/ontology/Location>	<http://ja.dbpedia.org/property/northwest>	"Northwest"@ja	<http://ja.wikipedia.org/wiki/大空町>	<http://wikidata.dbpedia.org/resource/Q1208839>
<http://ja.dbpedia.org/resource/大空町>	"大空町"@ja	<http://dbpedia.org/ontology/Settlement>	<http://ja.dbpedia.org/property/northwest>	"Northwest"@ja	<http://ja.wikipedia.org/wiki/大空町>	<http://wikidata.dbpedia.org/resource/Q1208839>
<http://ja.dbpedia.org/resource/大空町>	"大空町"@ja	<http://dbpedia.org/ontology/PopulatedPlace>	<http://ja.dbpedia.org/property/northwest>	"Northwest"@ja	<http://ja.wikipedia.org/wiki/大空町>	<http://wikidata.dbpedia.org/resource/Q1208839>
<http://ja.dbpedia.org/resource/女満別空港>	"女満別空港"@ja	<http://dbpedia.org/ontology/ArchitecturalStructure>	<http://ja.dbpedia.org/property/母都市>	"母都市"@ja	<http://ja.wikipedia.org/wiki/女満別空港>	<http://wikidata.dbpedia.org/resource/Q651482>
<http://ja.dbpedia.org/resource/女満別空港>	"女満別空港"@ja	<http://dbpedia.org/ontology/Infrastructure>	<http://ja.dbpedia.org/property/母都市>	"母都市"@ja	<http://ja.wikipedia.org/wiki/女満別空港>	<http://wikidata.dbpedia.org/resource/Q651482>
<http://ja.dbpedia.org/resource/女満別空港>	"女満別空港"@ja	<http://dbpedia.org/ontology/Airport>	<http://ja.dbpedia.org/property/母都市>	"母都市"@ja	<http://ja.wikipedia.org/wiki/女満別空港>	<http://wikidata.dbpedia.org/resource/Q651482>
<http://ja.dbpedia.org/resource/常呂川>	"常呂川"@ja	<http://dbpedia.org/ontology/Location>	<http://ja.dbpedia.org/property/河口>	"河口"@ja	<http://ja.wikipedia.org/wiki/常呂川>	<http://wikidata.dbpedia.org/resource/Q7813680>
<http://ja.dbpedia.org/resource/常呂川>	"常呂川"@ja	<http://dbpedia.org/ontology/Place>	<http://ja.dbpedia.org/property/河口>	"河口"@ja	<http://ja.wikipedia.org/wiki/常呂川>	<http://wikidata.dbpedia.org/resource/Q7813680>
<http://ja.dbpedia.org/resource/常呂川>	"常呂川"@ja	<http://dbpedia.org/ontology/River>	<http://ja.dbpedia.org/property/河口>	"河口"@ja	<http://ja.wikipedia.org/wiki/常呂川>	<http://wikidata.dbpedia.org/resource/Q7813680>
<http://ja.dbpedia.org/resource/常呂川>	"常呂川"@ja	<http://dbpedia.org/ontology/NaturalPlace>	<http://ja.dbpedia.org/property/河口>	"河口"@ja	<http://ja.wikipedia.org/wiki/常呂川>	<http://wikidata.dbpedia.org/resource/Q7813680>
<http://ja.dbpedia.org/resource/常呂川>	"常呂川"@ja	<http://dbpedia.org/ontology/BodyOfWater>	<http://ja.dbpedia.org/property/河口>	"河口"@ja	<http://ja.wikipedia.org/wiki/常呂川>	<http://wikidata.dbpedia.org/resource/Q7813680>
<http://ja.dbpedia.org/resource/常呂川>	"常呂川"@ja	<http://dbpedia.org/ontology/Stream>	<http://ja.dbpedia.org/property/河口>	"河口"@ja	<http://ja.wikipedia.org/wiki/常呂川>	<http://wikidata.dbpedia.org/resource/Q7813680>
<http://ja.dbpedia.org/resource/湧別町>	"湧別町"@ja	<http://dbpedia.org/ontology/PopulatedPlace>	<http://ja.dbpedia.org/property/south>	"South"@ja	<http://ja.wikipedia.org/wiki/湧別町>	<http://wikidata.dbpedia.org/resource/Q1348807>
<http://ja.dbpedia.org/resource/湧別町>	"湧別町"@ja	<http://dbpedia.org/ontology/Settlement>	<http://ja.dbpedia.org/property/south>	"South"@ja	<http://ja.wikipedia.org/wiki/湧別町>	<http://wikidata.dbpedia.org/resource/Q1348807>
<http://ja.dbpedia.org/resource/湧別町>	"湧別町"@ja	<http://dbpedia.org/ontology/Location>	<http://ja.dbpedia.org/property/south>	"South"@ja	<http://ja.wikipedia.org/wiki/湧別町>	<http://wikidata.dbpedia.org/resource/Q1348807>
<http://ja.dbpedia.org/resource/湧別町>	"湧別町"@ja	<http://dbpedia.org/ontology/Place>	<http://ja.dbpedia.org/property/south>	"South"@ja	<http://ja.wikipedia.org/wiki/湧別町>	<http://wikidata.dbpedia.org/resource/Q1348807>
<http://ja.dbpedia.org/resource/湧別町>	"湧別町"@ja	<http://dbpedia.org/ontology/City>	<http://ja.dbpedia.org/property/south>	"South"@ja	<http://ja.wikipedia.org/wiki/湧別町>	<http://wikidata.dbpedia.org/resource/Q1348807>
<http://ja.dbpedia.org/resource/端野高野道路>	"端野高野道路"@ja	<http://dbpedia.org/ontology/RouteOfTransportation>	<http://ja.dbpedia.org/property/起点>	"起点"@ja	<http://ja.wikipedia.org/wiki/端野高野道路>	<http://wikidata.dbpedia.org/resource/Q63114867>
<http://ja.dbpedia.org/resource/端野高野道路>	"端野高野道路"@ja	<http://dbpedia.org/ontology/Infrastructure>	<http://ja.dbpedia.org/property/起点>	"起点"@ja	<http://ja.wikipedia.org/wiki/端野高野道路>	<http://wikidata.dbpedia.org/resource/Q63114867>
<http://ja.dbpedia.org/resource/端野高野道路>	"端野高野道路"@ja	<http://dbpedia.org/ontology/Road>	<http://ja.dbpedia.org/property/起点>	"起点"@ja	<http://ja.wikipedia.org/wiki/端野高野道路>	<http://wikidata.dbpedia.org/resource/Q63114867>
<http://ja.dbpedia.org/resource/端野高野道路>	"端野高野道路"@ja	<http://dbpedia.org/ontology/ArchitecturalStructure>	<http://ja.dbpedia.org/property/起点>	"起点"@ja	<http://ja.wikipedia.org/wiki/端野高野道路>	<http://wikidata.dbpedia.org/resource/Q63114867>
<http://ja.dbpedia.org/resource/網走市>	"網走市"@ja	<http://dbpedia.org/ontology/Location>	<http://ja.dbpedia.org/property/west>	"West"@ja	<http://ja.wikipedia.org/wiki/網走市>	<http://wikidata.dbpedia.org/resource/Q305640>
<http://ja.dbpedia.org/resource/網走市>	"網走市"@ja	<http://dbpedia.org/ontology/PopulatedPlace>	<http://ja.dbpedia.org/property/west>	"West"@ja	<http://ja.wikipedia.org/wiki/網走市>	<http://wikidata.dbpedia.org/resource/Q305640>
<http://ja.dbpedia.org/resource/網走市>	"網走市"@ja	<http://dbpedia.org/ontology/Settlement>	<http://ja.dbpedia.org/property/west>	"West"@ja	<http://ja.wikipedia.org/wiki/網走市>	<http://wikidata.dbpedia.org/resource/Q305640>
<http://ja.dbpedia.org/resource/網走市>	"網走市"@ja	<http://dbpedia.org/ontology/City>	<http://ja.dbpedia.org/property/west>	"West"@ja	<http://ja.wikipedia.org/wiki/網走市>	<http://wikidata.dbpedia.org/resource/Q305640>
<http://ja.dbpedia.org/resource/網走市>	"網走市"@ja	<http://dbpedia.org/ontology/Place>	<http://ja.dbpedia.org/property/west>	"West"@ja	<http://ja.wikipedia.org/wiki/網走市>	<http://wikidata.dbpedia.org/resource/Q305640>
<http://ja.dbpedia.org/resource/置戸町>	"置戸町"@ja	<http://dbpedia.org/ontology/City>	<http://ja.dbpedia.org/property/north>	"North"@ja	<http://ja.wikipedia.org/wiki/置戸町>	<http://wikidata.dbpedia.org/resource/Q1365495>
<http://ja.dbpedia.org/resource/置戸町>	"置戸町"@ja	<http://dbpedia.org/ontology/Place>	<http://ja.dbpedia.org/property/north>	"North"@ja	<http://ja.wikipedia.org/wiki/置戸町>	<http://wikidata.dbpedia.org/resource/Q1365495>
<http://ja.dbpedia.org/resource/置戸町>	"置戸町"@ja	<http://dbpedia.org/ontology/Location>	<http://ja.dbpedia.org/property/north>	"North"@ja	<http://ja.wikipedia.org/wiki/置戸町>	<http://wikidata.dbpedia.org/resource/Q1365495>
<http://ja.dbpedia.org/resource/置戸町>	"置戸町"@ja	<http://dbpedia.org/ontology/PopulatedPlace>	<http://ja.dbpedia.org/property/north>	"North"@ja	<http://ja.wikipedia.org/wiki/置戸町>	<http://wikidata.dbpedia.org/resource/Q1365495>
<http://ja.dbpedia.org/resource/置戸町>	"置戸町"@ja	<http://dbpedia.org/ontology/Settlement>	<http://ja.dbpedia.org/property/north>	"North"@ja	<http://ja.wikipedia.org/wiki/置戸町>	<http://wikidata.dbpedia.org/resource/Q1365495>
<http://ja.dbpedia.org/resource/美幌町>	"美幌町"@ja	<http://dbpedia.org/ontology/PopulatedPlace>	<http://ja.dbpedia.org/property/隣接自治体>	"隣接自治体"@ja	<http://ja.wikipedia.org/wiki/美幌町>	<http://wikidata.dbpedia.org/resource/Q1355074>
<http://ja.dbpedia.org/resource/美幌町>	"美幌町"@ja	<http://dbpedia.org/ontology/Settlement>	<http://ja.dbpedia.org/property/隣接自治体>	"隣接自治体"@ja	<http://ja.wikipedia.org/wiki/美幌町>	<http://wikidata.dbpedia.org/resource/Q1355074>
<http://ja.dbpedia.org/resource/美幌町>	"美幌町"@ja	<http://dbpedia.org/ontology/Location>	<http://ja.dbpedia.org/property/隣接自治体>	"隣接自治体"@ja	<http://ja.wikipedia.org/wiki/美幌町>	<http://wikidata.dbpedia.org/resource/Q1355074>
<http://ja.dbpedia.org/resource/美幌町>	"美幌町"@ja	<http://dbpedia.org/ontology/Place>	<http://ja.dbpedia.org/property/隣接自治体>	"隣接自治体"@ja	<http://ja.wikipedia.org/wiki/美幌町>	<http://wikidata.dbpedia.org/resource/Q1355074>
<http://ja.dbpedia.org/resource/美幌町>	"美幌町"@ja	<http://dbpedia.org/ontology/City>	<http://ja.dbpedia.org/property/隣接自治体>	"隣接自治体"@ja	<http://ja.wikipedia.org/wiki/美幌町>	<http://wikidata.dbpedia.org/resource/Q1355074>
<http://ja.dbpedia.org/resource/船橋利実>	"船橋利実"@ja	<http://dbpedia.org/ontology/Person>	<http://ja.dbpedia.org/property/選挙区>	"選挙区"@ja	<http://ja.wikipedia.org/wiki/船橋利実>	<http://wikidata.dbpedia.org/resource/Q11614128>
<http://ja.dbpedia.org/resource/船橋利実>	"船橋利実"@ja	<http://dbpedia.org/ontology/Species>	<http://ja.dbpedia.org/property/選挙区>	"選挙区"@ja	<http://ja.wikipedia.org/wiki/船橋利実>	<http://wikidata.dbpedia.org/resource/Q11614128>
<http://ja.dbpedia.org/resource/船橋利実>	"船橋利実"@ja	<http://dbpedia.org/ontology/Animal>	<http://ja.dbpedia.org/property/選挙区>	"選挙区"@ja	<http://ja.wikipedia.org/wiki/船橋利実>	<http://wikidata.dbpedia.org/resource/Q11614128>
<http://ja.dbpedia.org/resource/船橋利実>	"船橋利実"@ja	<http://dbpedia.org/ontology/Politician>	<http://ja.dbpedia.org/property/選挙区>	"選挙区"@ja	<http://ja.wikipedia.org/wiki/船橋利実>	<http://wikidata.dbpedia.org/resource/Q11614128>
<http://ja.dbpedia.org/resource/船橋利実>	"船橋利実"@ja	<http://dbpedia.org/ontology/Eukaryote>	<http://ja.dbpedia.org/property/選挙区>	"選挙区"@ja	<http://ja.wikipedia.org/wiki/船橋利実>	<http://wikidata.dbpedia.org/resource/Q11614128>
<http://ja.dbpedia.org/resource/訓子府町>	"訓子府町"@ja	<http://dbpedia.org/ontology/Location>	<http://ja.dbpedia.org/property/north>	"North"@ja	<http://ja.wikipedia.org/wiki/訓子府町>	<http://wikidata.dbpedia.org/resource/Q1365442>
<http://ja.dbpedia.org/resource/訓子府町>	"訓子府町"@ja	<http://dbpedia.org/ontology/PopulatedPlace>	<http://ja.dbpedia.org/property/north>	"North"@ja	<http://ja.wikipedia.org/wiki/訓子府町>	<http://wikidata.dbpedia.org/resource/Q1365442>
<http://ja.dbpedia.org/resource/訓子府町>	"訓子府町"@ja	<http://dbpedia.org/ontology/Settlement>	<http://ja.dbpedia.org/property/north>	"North"@ja	<http://ja.wikipedia.org/wiki/訓子府町>	<http://wikidata.dbpedia.org/resource/Q1365442>
<http://ja.dbpedia.org/resource/訓子府町>	"訓子府町"@ja	<http://dbpedia.org/ontology/City>	<http://ja.dbpedia.org/property/north>	"North"@ja	<http://ja.wikipedia.org/wiki/訓子府町>	<http://wikidata.dbpedia.org/resource/Q1365442>
<http://ja.dbpedia.org/resource/訓子府町>	"訓子府町"@ja	<http://dbpedia.org/ontology/Place>	<http://ja.dbpedia.org/property/north>	"North"@ja	<http://ja.wikipedia.org/wiki/訓子府町>	<http://wikidata.dbpedia.org/resource/Q1365442>
<http://ja.dbpedia.org/resource/遠軽町>	"遠軽町"@ja	<http://dbpedia.org/ontology/City>	<http://ja.dbpedia.org/property/southeast>	"Southeast"@ja	<http://ja.wikipedia.org/wiki/遠軽町>	<http://wikidata.dbpedia.org/resource/Q1348788>
<http://ja.dbpedia.org/resource/遠軽町>	"遠軽町"@ja	<http://dbpedia.org/ontology/Place>	<http://ja.dbpedia.org/property/southeast>	"Southeast"@ja	<http://ja.wikipedia.org/wiki/遠軽町>	<http://wikidata.dbpedia.org/resource/Q1348788>
<http://ja.dbpedia.org/resource/遠軽町>	"遠軽町"@ja	<http://dbpedia.org/ontology/Location>	<http://ja.dbpedia.org/property/southeast>	"Southeast"@ja	<http://ja.wikipedia.org/wiki/遠軽町>	<http://wikidata.dbpedia.org/resource/Q1348788>
<http://ja.dbpedia.org/resource/遠軽町>	"遠軽町"@ja	<http://dbpedia.org/ontology/Settlement>	<http://ja.dbpedia.org/property/southeast>	"Southeast"@ja	<http://ja.wikipedia.org/wiki/遠軽町>	<http://wikidata.dbpedia.org/resource/Q1348788>
<http://ja.dbpedia.org/resource/遠軽町>	"遠軽町"@ja	<http://dbpedia.org/ontology/PopulatedPlace>	<http://ja.dbpedia.org/property/southeast>	"Southeast"@ja	<http://ja.wikipedia.org/wiki/遠軽町>	<http://wikidata.dbpedia.org/resource/Q1348788>
