?s	?sLabel	?type	?p	?pLabel	?jwiki	?wd
<http://ja.dbpedia.org/resource/中瀬_(千葉市)>	"中瀬 (千葉市)"@ja	<http://dbpedia.org/ontology/Settlement>	<http://ja.dbpedia.org/property/subdivisionName>	"subdivision name"@ja	<http://ja.wikipedia.org/wiki/中瀬_(千葉市)>	<http://wikidata.dbpedia.org/resource/Q28685710>
<http://ja.dbpedia.org/resource/中瀬_(千葉市)>	"中瀬 (千葉市)"@ja	<http://dbpedia.org/ontology/PopulatedPlace>	<http://ja.dbpedia.org/property/subdivisionName>	"subdivision name"@ja	<http://ja.wikipedia.org/wiki/中瀬_(千葉市)>	<http://wikidata.dbpedia.org/resource/Q28685710>
<http://ja.dbpedia.org/resource/中瀬_(千葉市)>	"中瀬 (千葉市)"@ja	<http://dbpedia.org/ontology/Place>	<http://ja.dbpedia.org/property/subdivisionName>	"subdivision name"@ja	<http://ja.wikipedia.org/wiki/中瀬_(千葉市)>	<http://wikidata.dbpedia.org/resource/Q28685710>
<http://ja.dbpedia.org/resource/中瀬_(千葉市)>	"中瀬 (千葉市)"@ja	<http://dbpedia.org/ontology/Location>	<http://ja.dbpedia.org/property/subdivisionName>	"subdivision name"@ja	<http://ja.wikipedia.org/wiki/中瀬_(千葉市)>	<http://wikidata.dbpedia.org/resource/Q28685710>
<http://ja.dbpedia.org/resource/幕張西>	"幕張西"@ja	<http://dbpedia.org/ontology/Settlement>	<http://ja.dbpedia.org/property/subdivisionName>	"subdivision name"@ja	<http://ja.wikipedia.org/wiki/幕張西>	<http://wikidata.dbpedia.org/resource/Q11481815>
<http://ja.dbpedia.org/resource/幕張西>	"幕張西"@ja	<http://dbpedia.org/ontology/PopulatedPlace>	<http://ja.dbpedia.org/property/subdivisionName>	"subdivision name"@ja	<http://ja.wikipedia.org/wiki/幕張西>	<http://wikidata.dbpedia.org/resource/Q11481815>
<http://ja.dbpedia.org/resource/幕張西>	"幕張西"@ja	<http://dbpedia.org/ontology/Place>	<http://ja.dbpedia.org/property/subdivisionName>	"subdivision name"@ja	<http://ja.wikipedia.org/wiki/幕張西>	<http://wikidata.dbpedia.org/resource/Q11481815>
<http://ja.dbpedia.org/resource/幕張西>	"幕張西"@ja	<http://dbpedia.org/ontology/Location>	<http://ja.dbpedia.org/property/subdivisionName>	"subdivision name"@ja	<http://ja.wikipedia.org/wiki/幕張西>	<http://wikidata.dbpedia.org/resource/Q11481815>
<http://ja.dbpedia.org/resource/幸町_(千葉市)>	"幸町 (千葉市)"@ja	<http://dbpedia.org/ontology/Settlement>	<http://ja.dbpedia.org/property/subdivisionName>	"subdivision name"@ja	<http://ja.wikipedia.org/wiki/幸町_(千葉市)>	<http://wikidata.dbpedia.org/resource/Q11484033>
<http://ja.dbpedia.org/resource/幸町_(千葉市)>	"幸町 (千葉市)"@ja	<http://dbpedia.org/ontology/PopulatedPlace>	<http://ja.dbpedia.org/property/subdivisionName>	"subdivision name"@ja	<http://ja.wikipedia.org/wiki/幸町_(千葉市)>	<http://wikidata.dbpedia.org/resource/Q11484033>
<http://ja.dbpedia.org/resource/幸町_(千葉市)>	"幸町 (千葉市)"@ja	<http://dbpedia.org/ontology/Place>	<http://ja.dbpedia.org/property/subdivisionName>	"subdivision name"@ja	<http://ja.wikipedia.org/wiki/幸町_(千葉市)>	<http://wikidata.dbpedia.org/resource/Q11484033>
<http://ja.dbpedia.org/resource/幸町_(千葉市)>	"幸町 (千葉市)"@ja	<http://dbpedia.org/ontology/Location>	<http://ja.dbpedia.org/property/subdivisionName>	"subdivision name"@ja	<http://ja.wikipedia.org/wiki/幸町_(千葉市)>	<http://wikidata.dbpedia.org/resource/Q11484033>
<http://ja.dbpedia.org/resource/新港_(千葉市)>	"新港 (千葉市)"@ja	<http://dbpedia.org/ontology/Location>	<http://ja.dbpedia.org/property/subdivisionName>	"subdivision name"@ja	<http://ja.wikipedia.org/wiki/新港_(千葉市)>	<http://wikidata.dbpedia.org/resource/Q11502759>
<http://ja.dbpedia.org/resource/新港_(千葉市)>	"新港 (千葉市)"@ja	<http://dbpedia.org/ontology/Settlement>	<http://ja.dbpedia.org/property/subdivisionName>	"subdivision name"@ja	<http://ja.wikipedia.org/wiki/新港_(千葉市)>	<http://wikidata.dbpedia.org/resource/Q11502759>
<http://ja.dbpedia.org/resource/新港_(千葉市)>	"新港 (千葉市)"@ja	<http://dbpedia.org/ontology/Place>	<http://ja.dbpedia.org/property/subdivisionName>	"subdivision name"@ja	<http://ja.wikipedia.org/wiki/新港_(千葉市)>	<http://wikidata.dbpedia.org/resource/Q11502759>
<http://ja.dbpedia.org/resource/新港_(千葉市)>	"新港 (千葉市)"@ja	<http://dbpedia.org/ontology/PopulatedPlace>	<http://ja.dbpedia.org/property/subdivisionName>	"subdivision name"@ja	<http://ja.wikipedia.org/wiki/新港_(千葉市)>	<http://wikidata.dbpedia.org/resource/Q11502759>
