?s	?sLabel	?type	?p	?pLabel	?jwiki	?wd
<http://ja.dbpedia.org/resource/中央_(千葉市)>	"中央 (千葉市)"@ja	<http://dbpedia.org/ontology/Place>	<http://ja.dbpedia.org/property/subdivisionName>	"subdivision name"@ja	<http://ja.wikipedia.org/wiki/中央_(千葉市)>	<http://wikidata.dbpedia.org/resource/Q28685705>
<http://ja.dbpedia.org/resource/中央_(千葉市)>	"中央 (千葉市)"@ja	<http://dbpedia.org/ontology/Settlement>	<http://ja.dbpedia.org/property/subdivisionName>	"subdivision name"@ja	<http://ja.wikipedia.org/wiki/中央_(千葉市)>	<http://wikidata.dbpedia.org/resource/Q28685705>
<http://ja.dbpedia.org/resource/中央_(千葉市)>	"中央 (千葉市)"@ja	<http://dbpedia.org/ontology/Location>	<http://ja.dbpedia.org/property/subdivisionName>	"subdivision name"@ja	<http://ja.wikipedia.org/wiki/中央_(千葉市)>	<http://wikidata.dbpedia.org/resource/Q28685705>
<http://ja.dbpedia.org/resource/中央_(千葉市)>	"中央 (千葉市)"@ja	<http://dbpedia.org/ontology/PopulatedPlace>	<http://ja.dbpedia.org/property/subdivisionName>	"subdivision name"@ja	<http://ja.wikipedia.org/wiki/中央_(千葉市)>	<http://wikidata.dbpedia.org/resource/Q28685705>
<http://ja.dbpedia.org/resource/亥鼻>	"亥鼻"@ja	<http://dbpedia.org/ontology/Place>	<http://ja.dbpedia.org/property/subdivisionName>	"subdivision name"@ja	<http://ja.wikipedia.org/wiki/亥鼻>	<http://wikidata.dbpedia.org/resource/Q11374159>
<http://ja.dbpedia.org/resource/亥鼻>	"亥鼻"@ja	<http://dbpedia.org/ontology/Settlement>	<http://ja.dbpedia.org/property/subdivisionName>	"subdivision name"@ja	<http://ja.wikipedia.org/wiki/亥鼻>	<http://wikidata.dbpedia.org/resource/Q11374159>
<http://ja.dbpedia.org/resource/亥鼻>	"亥鼻"@ja	<http://dbpedia.org/ontology/Location>	<http://ja.dbpedia.org/property/subdivisionName>	"subdivision name"@ja	<http://ja.wikipedia.org/wiki/亥鼻>	<http://wikidata.dbpedia.org/resource/Q11374159>
<http://ja.dbpedia.org/resource/亥鼻>	"亥鼻"@ja	<http://dbpedia.org/ontology/PopulatedPlace>	<http://ja.dbpedia.org/property/subdivisionName>	"subdivision name"@ja	<http://ja.wikipedia.org/wiki/亥鼻>	<http://wikidata.dbpedia.org/resource/Q11374159>
<http://ja.dbpedia.org/resource/今井_(千葉市)>	"今井 (千葉市)"@ja	<http://dbpedia.org/ontology/Location>	<http://ja.dbpedia.org/property/subdivisionName>	"subdivision name"@ja	<http://ja.wikipedia.org/wiki/今井_(千葉市)>	<http://wikidata.dbpedia.org/resource/Q28685970>
<http://ja.dbpedia.org/resource/今井_(千葉市)>	"今井 (千葉市)"@ja	<http://dbpedia.org/ontology/PopulatedPlace>	<http://ja.dbpedia.org/property/subdivisionName>	"subdivision name"@ja	<http://ja.wikipedia.org/wiki/今井_(千葉市)>	<http://wikidata.dbpedia.org/resource/Q28685970>
<http://ja.dbpedia.org/resource/今井_(千葉市)>	"今井 (千葉市)"@ja	<http://dbpedia.org/ontology/Settlement>	<http://ja.dbpedia.org/property/subdivisionName>	"subdivision name"@ja	<http://ja.wikipedia.org/wiki/今井_(千葉市)>	<http://wikidata.dbpedia.org/resource/Q28685970>
<http://ja.dbpedia.org/resource/今井_(千葉市)>	"今井 (千葉市)"@ja	<http://dbpedia.org/ontology/Place>	<http://ja.dbpedia.org/property/subdivisionName>	"subdivision name"@ja	<http://ja.wikipedia.org/wiki/今井_(千葉市)>	<http://wikidata.dbpedia.org/resource/Q28685970>
<http://ja.dbpedia.org/resource/南町_(千葉市)>	"南町 (千葉市)"@ja	<http://dbpedia.org/ontology/Place>	<http://ja.dbpedia.org/property/subdivisionName>	"subdivision name"@ja	<http://ja.wikipedia.org/wiki/南町_(千葉市)>	<http://wikidata.dbpedia.org/resource/Q11408267>
<http://ja.dbpedia.org/resource/南町_(千葉市)>	"南町 (千葉市)"@ja	<http://dbpedia.org/ontology/Settlement>	<http://ja.dbpedia.org/property/subdivisionName>	"subdivision name"@ja	<http://ja.wikipedia.org/wiki/南町_(千葉市)>	<http://wikidata.dbpedia.org/resource/Q11408267>
<http://ja.dbpedia.org/resource/南町_(千葉市)>	"南町 (千葉市)"@ja	<http://dbpedia.org/ontology/Location>	<http://ja.dbpedia.org/property/subdivisionName>	"subdivision name"@ja	<http://ja.wikipedia.org/wiki/南町_(千葉市)>	<http://wikidata.dbpedia.org/resource/Q11408267>
<http://ja.dbpedia.org/resource/南町_(千葉市)>	"南町 (千葉市)"@ja	<http://dbpedia.org/ontology/PopulatedPlace>	<http://ja.dbpedia.org/property/subdivisionName>	"subdivision name"@ja	<http://ja.wikipedia.org/wiki/南町_(千葉市)>	<http://wikidata.dbpedia.org/resource/Q11408267>
<http://ja.dbpedia.org/resource/大巌寺町>	"大巌寺町"@ja	<http://dbpedia.org/ontology/Location>	<http://ja.dbpedia.org/property/subdivisionName>	"subdivision name"@ja	<http://ja.wikipedia.org/wiki/大巌寺町>	<http://wikidata.dbpedia.org/resource/Q28684879>
<http://ja.dbpedia.org/resource/大巌寺町>	"大巌寺町"@ja	<http://dbpedia.org/ontology/PopulatedPlace>	<http://ja.dbpedia.org/property/subdivisionName>	"subdivision name"@ja	<http://ja.wikipedia.org/wiki/大巌寺町>	<http://wikidata.dbpedia.org/resource/Q28684879>
<http://ja.dbpedia.org/resource/大巌寺町>	"大巌寺町"@ja	<http://dbpedia.org/ontology/Settlement>	<http://ja.dbpedia.org/property/subdivisionName>	"subdivision name"@ja	<http://ja.wikipedia.org/wiki/大巌寺町>	<http://wikidata.dbpedia.org/resource/Q28684879>
<http://ja.dbpedia.org/resource/大巌寺町>	"大巌寺町"@ja	<http://dbpedia.org/ontology/Place>	<http://ja.dbpedia.org/property/subdivisionName>	"subdivision name"@ja	<http://ja.wikipedia.org/wiki/大巌寺町>	<http://wikidata.dbpedia.org/resource/Q28684879>
<http://ja.dbpedia.org/resource/川崎町_(千葉市)>	"川崎町 (千葉市)"@ja	<http://dbpedia.org/ontology/Location>	<http://ja.dbpedia.org/property/subdivisionName>	"subdivision name"@ja	<http://ja.wikipedia.org/wiki/川崎町_(千葉市)>	<http://wikidata.dbpedia.org/resource/Q11478534>
<http://ja.dbpedia.org/resource/川崎町_(千葉市)>	"川崎町 (千葉市)"@ja	<http://dbpedia.org/ontology/PopulatedPlace>	<http://ja.dbpedia.org/property/subdivisionName>	"subdivision name"@ja	<http://ja.wikipedia.org/wiki/川崎町_(千葉市)>	<http://wikidata.dbpedia.org/resource/Q11478534>
<http://ja.dbpedia.org/resource/川崎町_(千葉市)>	"川崎町 (千葉市)"@ja	<http://dbpedia.org/ontology/Settlement>	<http://ja.dbpedia.org/property/subdivisionName>	"subdivision name"@ja	<http://ja.wikipedia.org/wiki/川崎町_(千葉市)>	<http://wikidata.dbpedia.org/resource/Q11478534>
<http://ja.dbpedia.org/resource/川崎町_(千葉市)>	"川崎町 (千葉市)"@ja	<http://dbpedia.org/ontology/Place>	<http://ja.dbpedia.org/property/subdivisionName>	"subdivision name"@ja	<http://ja.wikipedia.org/wiki/川崎町_(千葉市)>	<http://wikidata.dbpedia.org/resource/Q11478534>
<http://ja.dbpedia.org/resource/川戸町>	"川戸町"@ja	<http://dbpedia.org/ontology/Place>	<http://ja.dbpedia.org/property/subdivisionName>	"subdivision name"@ja	<http://ja.wikipedia.org/wiki/川戸町>	<http://wikidata.dbpedia.org/resource/Q24876958>
<http://ja.dbpedia.org/resource/川戸町>	"川戸町"@ja	<http://dbpedia.org/ontology/Settlement>	<http://ja.dbpedia.org/property/subdivisionName>	"subdivision name"@ja	<http://ja.wikipedia.org/wiki/川戸町>	<http://wikidata.dbpedia.org/resource/Q24876958>
<http://ja.dbpedia.org/resource/川戸町>	"川戸町"@ja	<http://dbpedia.org/ontology/Location>	<http://ja.dbpedia.org/property/subdivisionName>	"subdivision name"@ja	<http://ja.wikipedia.org/wiki/川戸町>	<http://wikidata.dbpedia.org/resource/Q24876958>
<http://ja.dbpedia.org/resource/川戸町>	"川戸町"@ja	<http://dbpedia.org/ontology/PopulatedPlace>	<http://ja.dbpedia.org/property/subdivisionName>	"subdivision name"@ja	<http://ja.wikipedia.org/wiki/川戸町>	<http://wikidata.dbpedia.org/resource/Q24876958>
<http://ja.dbpedia.org/resource/新宿_(千葉市中央区)>	"新宿 (千葉市中央区)"@ja	<http://dbpedia.org/ontology/Location>	<http://ja.dbpedia.org/property/subdivisionName>	"subdivision name"@ja	<http://ja.wikipedia.org/wiki/新宿_(千葉市中央区)>	<http://wikidata.dbpedia.org/resource/Q11501776>
<http://ja.dbpedia.org/resource/新宿_(千葉市中央区)>	"新宿 (千葉市中央区)"@ja	<http://dbpedia.org/ontology/PopulatedPlace>	<http://ja.dbpedia.org/property/subdivisionName>	"subdivision name"@ja	<http://ja.wikipedia.org/wiki/新宿_(千葉市中央区)>	<http://wikidata.dbpedia.org/resource/Q11501776>
<http://ja.dbpedia.org/resource/新宿_(千葉市中央区)>	"新宿 (千葉市中央区)"@ja	<http://dbpedia.org/ontology/Settlement>	<http://ja.dbpedia.org/property/subdivisionName>	"subdivision name"@ja	<http://ja.wikipedia.org/wiki/新宿_(千葉市中央区)>	<http://wikidata.dbpedia.org/resource/Q11501776>
<http://ja.dbpedia.org/resource/新宿_(千葉市中央区)>	"新宿 (千葉市中央区)"@ja	<http://dbpedia.org/ontology/Place>	<http://ja.dbpedia.org/property/subdivisionName>	"subdivision name"@ja	<http://ja.wikipedia.org/wiki/新宿_(千葉市中央区)>	<http://wikidata.dbpedia.org/resource/Q11501776>
<http://ja.dbpedia.org/resource/本千葉町>	"本千葉町"@ja	<http://dbpedia.org/ontology/Location>	<http://ja.dbpedia.org/property/subdivisionName>	"subdivision name"@ja	<http://ja.wikipedia.org/wiki/本千葉町>	<http://wikidata.dbpedia.org/resource/Q28685691>
<http://ja.dbpedia.org/resource/本千葉町>	"本千葉町"@ja	<http://dbpedia.org/ontology/PopulatedPlace>	<http://ja.dbpedia.org/property/subdivisionName>	"subdivision name"@ja	<http://ja.wikipedia.org/wiki/本千葉町>	<http://wikidata.dbpedia.org/resource/Q28685691>
<http://ja.dbpedia.org/resource/本千葉町>	"本千葉町"@ja	<http://dbpedia.org/ontology/Settlement>	<http://ja.dbpedia.org/property/subdivisionName>	"subdivision name"@ja	<http://ja.wikipedia.org/wiki/本千葉町>	<http://wikidata.dbpedia.org/resource/Q28685691>
<http://ja.dbpedia.org/resource/本千葉町>	"本千葉町"@ja	<http://dbpedia.org/ontology/Place>	<http://ja.dbpedia.org/property/subdivisionName>	"subdivision name"@ja	<http://ja.wikipedia.org/wiki/本千葉町>	<http://wikidata.dbpedia.org/resource/Q28685691>
<http://ja.dbpedia.org/resource/村田町_(千葉市)>	"村田町 (千葉市)"@ja	<http://dbpedia.org/ontology/Location>	<http://ja.dbpedia.org/property/subdivisionName>	"subdivision name"@ja	<http://ja.wikipedia.org/wiki/村田町_(千葉市)>	<http://wikidata.dbpedia.org/resource/Q30926039>
<http://ja.dbpedia.org/resource/村田町_(千葉市)>	"村田町 (千葉市)"@ja	<http://dbpedia.org/ontology/PopulatedPlace>	<http://ja.dbpedia.org/property/subdivisionName>	"subdivision name"@ja	<http://ja.wikipedia.org/wiki/村田町_(千葉市)>	<http://wikidata.dbpedia.org/resource/Q30926039>
<http://ja.dbpedia.org/resource/村田町_(千葉市)>	"村田町 (千葉市)"@ja	<http://dbpedia.org/ontology/Settlement>	<http://ja.dbpedia.org/property/subdivisionName>	"subdivision name"@ja	<http://ja.wikipedia.org/wiki/村田町_(千葉市)>	<http://wikidata.dbpedia.org/resource/Q30926039>
<http://ja.dbpedia.org/resource/村田町_(千葉市)>	"村田町 (千葉市)"@ja	<http://dbpedia.org/ontology/Place>	<http://ja.dbpedia.org/property/subdivisionName>	"subdivision name"@ja	<http://ja.wikipedia.org/wiki/村田町_(千葉市)>	<http://wikidata.dbpedia.org/resource/Q30926039>
<http://ja.dbpedia.org/resource/浜野川>	"浜野川"@ja	<http://dbpedia.org/ontology/NaturalPlace>	<http://ja.dbpedia.org/property/河口>	"河口"@ja	<http://ja.wikipedia.org/wiki/浜野川>	<http://wikidata.dbpedia.org/resource/Q28685576>
<http://ja.dbpedia.org/resource/浜野川>	"浜野川"@ja	<http://dbpedia.org/ontology/Stream>	<http://ja.dbpedia.org/property/河口>	"河口"@ja	<http://ja.wikipedia.org/wiki/浜野川>	<http://wikidata.dbpedia.org/resource/Q28685576>
<http://ja.dbpedia.org/resource/浜野川>	"浜野川"@ja	<http://dbpedia.org/ontology/BodyOfWater>	<http://ja.dbpedia.org/property/河口>	"河口"@ja	<http://ja.wikipedia.org/wiki/浜野川>	<http://wikidata.dbpedia.org/resource/Q28685576>
<http://ja.dbpedia.org/resource/浜野川>	"浜野川"@ja	<http://dbpedia.org/ontology/Place>	<http://ja.dbpedia.org/property/河口>	"河口"@ja	<http://ja.wikipedia.org/wiki/浜野川>	<http://wikidata.dbpedia.org/resource/Q28685576>
<http://ja.dbpedia.org/resource/浜野川>	"浜野川"@ja	<http://dbpedia.org/ontology/River>	<http://ja.dbpedia.org/property/河口>	"河口"@ja	<http://ja.wikipedia.org/wiki/浜野川>	<http://wikidata.dbpedia.org/resource/Q28685576>
<http://ja.dbpedia.org/resource/浜野川>	"浜野川"@ja	<http://dbpedia.org/ontology/Location>	<http://ja.dbpedia.org/property/河口>	"河口"@ja	<http://ja.wikipedia.org/wiki/浜野川>	<http://wikidata.dbpedia.org/resource/Q28685576>
<http://ja.dbpedia.org/resource/都町_(千葉市)>	"都町 (千葉市)"@ja	<http://dbpedia.org/ontology/Location>	<http://ja.dbpedia.org/property/subdivisionName>	"subdivision name"@ja	<http://ja.wikipedia.org/wiki/都町_(千葉市)>	<http://wikidata.dbpedia.org/resource/Q28683788>
<http://ja.dbpedia.org/resource/都町_(千葉市)>	"都町 (千葉市)"@ja	<http://dbpedia.org/ontology/PopulatedPlace>	<http://ja.dbpedia.org/property/subdivisionName>	"subdivision name"@ja	<http://ja.wikipedia.org/wiki/都町_(千葉市)>	<http://wikidata.dbpedia.org/resource/Q28683788>
<http://ja.dbpedia.org/resource/都町_(千葉市)>	"都町 (千葉市)"@ja	<http://dbpedia.org/ontology/Settlement>	<http://ja.dbpedia.org/property/subdivisionName>	"subdivision name"@ja	<http://ja.wikipedia.org/wiki/都町_(千葉市)>	<http://wikidata.dbpedia.org/resource/Q28683788>
<http://ja.dbpedia.org/resource/都町_(千葉市)>	"都町 (千葉市)"@ja	<http://dbpedia.org/ontology/Place>	<http://ja.dbpedia.org/property/subdivisionName>	"subdivision name"@ja	<http://ja.wikipedia.org/wiki/都町_(千葉市)>	<http://wikidata.dbpedia.org/resource/Q28683788>
