?s	?sLabel	?type	?p	?pLabel	?jwiki	?wd
<http://ja.dbpedia.org/resource/LIA_(網走市)>	"LIA (網走市)"@ja	<http://dbpedia.org/ontology/Company>	<http://ja.dbpedia.org/property/市区町村名>	"市区町村名"@ja	<http://ja.wikipedia.org/wiki/LIA_(網走市)>	<http://wikidata.dbpedia.org/resource/Q60988724>
<http://ja.dbpedia.org/resource/LIA_(網走市)>	"LIA (網走市)"@ja	<http://dbpedia.org/ontology/Agent>	<http://ja.dbpedia.org/property/市区町村名>	"市区町村名"@ja	<http://ja.wikipedia.org/wiki/LIA_(網走市)>	<http://wikidata.dbpedia.org/resource/Q60988724>
<http://ja.dbpedia.org/resource/LIA_(網走市)>	"LIA (網走市)"@ja	<http://dbpedia.org/ontology/Organisation>	<http://ja.dbpedia.org/property/市区町村名>	"市区町村名"@ja	<http://ja.wikipedia.org/wiki/LIA_(網走市)>	<http://wikidata.dbpedia.org/resource/Q60988724>
<http://ja.dbpedia.org/resource/オホーツク流氷館>	"オホーツク流氷館"@ja	<http://dbpedia.org/ontology/Museum>	<http://ja.dbpedia.org/property/事業主体>	"事業主体"@ja	<http://ja.wikipedia.org/wiki/オホーツク流氷館>	<http://wikidata.dbpedia.org/resource/Q11292382>
<http://ja.dbpedia.org/resource/オホーツク流氷館>	"オホーツク流氷館"@ja	<http://dbpedia.org/ontology/ArchitecturalStructure>	<http://ja.dbpedia.org/property/事業主体>	"事業主体"@ja	<http://ja.wikipedia.org/wiki/オホーツク流氷館>	<http://wikidata.dbpedia.org/resource/Q11292382>
<http://ja.dbpedia.org/resource/オホーツク流氷館>	"オホーツク流氷館"@ja	<http://dbpedia.org/ontology/Building>	<http://ja.dbpedia.org/property/事業主体>	"事業主体"@ja	<http://ja.wikipedia.org/wiki/オホーツク流氷館>	<http://wikidata.dbpedia.org/resource/Q11292382>
<http://ja.dbpedia.org/resource/北海道道467号栄浜小清水線>	"北海道道467号栄浜小清水線"@ja	<http://dbpedia.org/ontology/ArchitecturalStructure>	<http://ja.dbpedia.org/property/起点>	"起点"@ja	<http://ja.wikipedia.org/wiki/北海道道467号栄浜小清水線>	<http://wikidata.dbpedia.org/resource/Q11403356>
<http://ja.dbpedia.org/resource/北海道道467号栄浜小清水線>	"北海道道467号栄浜小清水線"@ja	<http://dbpedia.org/ontology/Road>	<http://ja.dbpedia.org/property/起点>	"起点"@ja	<http://ja.wikipedia.org/wiki/北海道道467号栄浜小清水線>	<http://wikidata.dbpedia.org/resource/Q11403356>
<http://ja.dbpedia.org/resource/北海道道467号栄浜小清水線>	"北海道道467号栄浜小清水線"@ja	<http://dbpedia.org/ontology/RouteOfTransportation>	<http://ja.dbpedia.org/property/起点>	"起点"@ja	<http://ja.wikipedia.org/wiki/北海道道467号栄浜小清水線>	<http://wikidata.dbpedia.org/resource/Q11403356>
<http://ja.dbpedia.org/resource/北海道道467号栄浜小清水線>	"北海道道467号栄浜小清水線"@ja	<http://dbpedia.org/ontology/Infrastructure>	<http://ja.dbpedia.org/property/起点>	"起点"@ja	<http://ja.wikipedia.org/wiki/北海道道467号栄浜小清水線>	<http://wikidata.dbpedia.org/resource/Q11403356>
<http://ja.dbpedia.org/resource/北見市>	"北見市"@ja	<http://dbpedia.org/ontology/Place>	<http://ja.dbpedia.org/property/northeast>	"Northeast"@ja	<http://ja.wikipedia.org/wiki/北見市>	<http://wikidata.dbpedia.org/resource/Q265555>
<http://ja.dbpedia.org/resource/北見市>	"北見市"@ja	<http://dbpedia.org/ontology/City>	<http://ja.dbpedia.org/property/northeast>	"Northeast"@ja	<http://ja.wikipedia.org/wiki/北見市>	<http://wikidata.dbpedia.org/resource/Q265555>
<http://ja.dbpedia.org/resource/北見市>	"北見市"@ja	<http://dbpedia.org/ontology/Location>	<http://ja.dbpedia.org/property/northeast>	"Northeast"@ja	<http://ja.wikipedia.org/wiki/北見市>	<http://wikidata.dbpedia.org/resource/Q265555>
<http://ja.dbpedia.org/resource/北見市>	"北見市"@ja	<http://dbpedia.org/ontology/PopulatedPlace>	<http://ja.dbpedia.org/property/northeast>	"Northeast"@ja	<http://ja.wikipedia.org/wiki/北見市>	<http://wikidata.dbpedia.org/resource/Q265555>
<http://ja.dbpedia.org/resource/北見市>	"北見市"@ja	<http://dbpedia.org/ontology/Settlement>	<http://ja.dbpedia.org/property/northeast>	"Northeast"@ja	<http://ja.wikipedia.org/wiki/北見市>	<http://wikidata.dbpedia.org/resource/Q265555>
<http://ja.dbpedia.org/resource/大空町>	"大空町"@ja	<http://dbpedia.org/ontology/Location>	<http://ja.dbpedia.org/property/north>	"North"@ja	<http://ja.wikipedia.org/wiki/大空町>	<http://wikidata.dbpedia.org/resource/Q1208839>
<http://ja.dbpedia.org/resource/大空町>	"大空町"@ja	<http://dbpedia.org/ontology/PopulatedPlace>	<http://ja.dbpedia.org/property/north>	"North"@ja	<http://ja.wikipedia.org/wiki/大空町>	<http://wikidata.dbpedia.org/resource/Q1208839>
<http://ja.dbpedia.org/resource/大空町>	"大空町"@ja	<http://dbpedia.org/ontology/Settlement>	<http://ja.dbpedia.org/property/north>	"North"@ja	<http://ja.wikipedia.org/wiki/大空町>	<http://wikidata.dbpedia.org/resource/Q1208839>
<http://ja.dbpedia.org/resource/大空町>	"大空町"@ja	<http://dbpedia.org/ontology/City>	<http://ja.dbpedia.org/property/north>	"North"@ja	<http://ja.wikipedia.org/wiki/大空町>	<http://wikidata.dbpedia.org/resource/Q1208839>
<http://ja.dbpedia.org/resource/大空町>	"大空町"@ja	<http://dbpedia.org/ontology/Place>	<http://ja.dbpedia.org/property/north>	"North"@ja	<http://ja.wikipedia.org/wiki/大空町>	<http://wikidata.dbpedia.org/resource/Q1208839>
<http://ja.dbpedia.org/resource/女満別空港>	"女満別空港"@ja	<http://dbpedia.org/ontology/ArchitecturalStructure>	<http://ja.dbpedia.org/property/母都市>	"母都市"@ja	<http://ja.wikipedia.org/wiki/女満別空港>	<http://wikidata.dbpedia.org/resource/Q651482>
<http://ja.dbpedia.org/resource/女満別空港>	"女満別空港"@ja	<http://dbpedia.org/ontology/Airport>	<http://ja.dbpedia.org/property/母都市>	"母都市"@ja	<http://ja.wikipedia.org/wiki/女満別空港>	<http://wikidata.dbpedia.org/resource/Q651482>
<http://ja.dbpedia.org/resource/女満別空港>	"女満別空港"@ja	<http://dbpedia.org/ontology/Infrastructure>	<http://ja.dbpedia.org/property/母都市>	"母都市"@ja	<http://ja.wikipedia.org/wiki/女満別空港>	<http://wikidata.dbpedia.org/resource/Q651482>
<http://ja.dbpedia.org/resource/網走川>	"網走川"@ja	<http://dbpedia.org/ontology/Location>	<http://ja.dbpedia.org/property/河口>	"河口"@ja	<http://ja.wikipedia.org/wiki/網走川>	<http://wikidata.dbpedia.org/resource/Q3650456>
<http://ja.dbpedia.org/resource/網走川>	"網走川"@ja	<http://dbpedia.org/ontology/Place>	<http://ja.dbpedia.org/property/河口>	"河口"@ja	<http://ja.wikipedia.org/wiki/網走川>	<http://wikidata.dbpedia.org/resource/Q3650456>
<http://ja.dbpedia.org/resource/網走川>	"網走川"@ja	<http://dbpedia.org/ontology/River>	<http://ja.dbpedia.org/property/河口>	"河口"@ja	<http://ja.wikipedia.org/wiki/網走川>	<http://wikidata.dbpedia.org/resource/Q3650456>
<http://ja.dbpedia.org/resource/網走川>	"網走川"@ja	<http://dbpedia.org/ontology/NaturalPlace>	<http://ja.dbpedia.org/property/河口>	"河口"@ja	<http://ja.wikipedia.org/wiki/網走川>	<http://wikidata.dbpedia.org/resource/Q3650456>
<http://ja.dbpedia.org/resource/網走川>	"網走川"@ja	<http://dbpedia.org/ontology/BodyOfWater>	<http://ja.dbpedia.org/property/河口>	"河口"@ja	<http://ja.wikipedia.org/wiki/網走川>	<http://wikidata.dbpedia.org/resource/Q3650456>
<http://ja.dbpedia.org/resource/網走川>	"網走川"@ja	<http://dbpedia.org/ontology/Stream>	<http://ja.dbpedia.org/property/河口>	"河口"@ja	<http://ja.wikipedia.org/wiki/網走川>	<http://wikidata.dbpedia.org/resource/Q3650456>
<http://ja.dbpedia.org/resource/網走市立南小学校>	"網走市立南小学校"@ja	<http://dbpedia.org/ontology/EducationalInstitution>	<http://ja.dbpedia.org/property/設置者>	"設置者"@ja	<http://ja.wikipedia.org/wiki/網走市立南小学校>	<http://wikidata.dbpedia.org/resource/Q108535971>
<http://ja.dbpedia.org/resource/網走市立南小学校>	"網走市立南小学校"@ja	<http://dbpedia.org/ontology/School>	<http://ja.dbpedia.org/property/設置者>	"設置者"@ja	<http://ja.wikipedia.org/wiki/網走市立南小学校>	<http://wikidata.dbpedia.org/resource/Q108535971>
<http://ja.dbpedia.org/resource/網走市立南小学校>	"網走市立南小学校"@ja	<http://dbpedia.org/ontology/Organisation>	<http://ja.dbpedia.org/property/設置者>	"設置者"@ja	<http://ja.wikipedia.org/wiki/網走市立南小学校>	<http://wikidata.dbpedia.org/resource/Q108535971>
<http://ja.dbpedia.org/resource/網走市立南小学校>	"網走市立南小学校"@ja	<http://dbpedia.org/ontology/Agent>	<http://ja.dbpedia.org/property/設置者>	"設置者"@ja	<http://ja.wikipedia.org/wiki/網走市立南小学校>	<http://wikidata.dbpedia.org/resource/Q108535971>
<http://ja.dbpedia.org/resource/網走市立潮見小学校>	"網走市立潮見小学校"@ja	<http://dbpedia.org/ontology/School>	<http://ja.dbpedia.org/property/設置者>	"設置者"@ja	<http://ja.wikipedia.org/wiki/網走市立潮見小学校>	<http://wikidata.dbpedia.org/resource/Q108535987>
<http://ja.dbpedia.org/resource/網走市立潮見小学校>	"網走市立潮見小学校"@ja	<http://dbpedia.org/ontology/EducationalInstitution>	<http://ja.dbpedia.org/property/設置者>	"設置者"@ja	<http://ja.wikipedia.org/wiki/網走市立潮見小学校>	<http://wikidata.dbpedia.org/resource/Q108535987>
<http://ja.dbpedia.org/resource/網走市立潮見小学校>	"網走市立潮見小学校"@ja	<http://dbpedia.org/ontology/Agent>	<http://ja.dbpedia.org/property/設置者>	"設置者"@ja	<http://ja.wikipedia.org/wiki/網走市立潮見小学校>	<http://wikidata.dbpedia.org/resource/Q108535987>
<http://ja.dbpedia.org/resource/網走市立潮見小学校>	"網走市立潮見小学校"@ja	<http://dbpedia.org/ontology/Organisation>	<http://ja.dbpedia.org/property/設置者>	"設置者"@ja	<http://ja.wikipedia.org/wiki/網走市立潮見小学校>	<http://wikidata.dbpedia.org/resource/Q108535987>
<http://ja.dbpedia.org/resource/網走市立網走小学校>	"網走市立網走小学校"@ja	<http://dbpedia.org/ontology/EducationalInstitution>	<http://ja.dbpedia.org/property/設置者>	"設置者"@ja	<http://ja.wikipedia.org/wiki/網走市立網走小学校>	<http://wikidata.dbpedia.org/resource/Q108535999>
<http://ja.dbpedia.org/resource/網走市立網走小学校>	"網走市立網走小学校"@ja	<http://dbpedia.org/ontology/School>	<http://ja.dbpedia.org/property/設置者>	"設置者"@ja	<http://ja.wikipedia.org/wiki/網走市立網走小学校>	<http://wikidata.dbpedia.org/resource/Q108535999>
<http://ja.dbpedia.org/resource/網走市立網走小学校>	"網走市立網走小学校"@ja	<http://dbpedia.org/ontology/Agent>	<http://ja.dbpedia.org/property/設置者>	"設置者"@ja	<http://ja.wikipedia.org/wiki/網走市立網走小学校>	<http://wikidata.dbpedia.org/resource/Q108535999>
<http://ja.dbpedia.org/resource/網走市立網走小学校>	"網走市立網走小学校"@ja	<http://dbpedia.org/ontology/Organisation>	<http://ja.dbpedia.org/property/設置者>	"設置者"@ja	<http://ja.wikipedia.org/wiki/網走市立網走小学校>	<http://wikidata.dbpedia.org/resource/Q108535999>
<http://ja.dbpedia.org/resource/緑ダム>	"緑ダム"@ja	<http://dbpedia.org/ontology/Dam>	<http://ja.dbpedia.org/property/事業主体>	"事業主体"@ja	<http://ja.wikipedia.org/wiki/緑ダム>	<http://wikidata.dbpedia.org/resource/Q11607781>
<http://ja.dbpedia.org/resource/緑ダム>	"緑ダム"@ja	<http://dbpedia.org/ontology/Infrastructure>	<http://ja.dbpedia.org/property/事業主体>	"事業主体"@ja	<http://ja.wikipedia.org/wiki/緑ダム>	<http://wikidata.dbpedia.org/resource/Q11607781>
<http://ja.dbpedia.org/resource/緑ダム>	"緑ダム"@ja	<http://dbpedia.org/ontology/ArchitecturalStructure>	<http://ja.dbpedia.org/property/事業主体>	"事業主体"@ja	<http://ja.wikipedia.org/wiki/緑ダム>	<http://wikidata.dbpedia.org/resource/Q11607781>
