?s	?sLabel	?type	?p	?pLabel	?jwiki	?wd
<http://ja.dbpedia.org/resource/もみじ台>	"もみじ台"@ja	<http://dbpedia.org/ontology/Place>	<http://ja.dbpedia.org/property/southeast>	"Southeast"@ja	<http://ja.wikipedia.org/wiki/もみじ台>	<http://wikidata.dbpedia.org/resource/Q28689009>
<http://ja.dbpedia.org/resource/もみじ台>	"もみじ台"@ja	<http://dbpedia.org/ontology/Settlement>	<http://ja.dbpedia.org/property/southeast>	"Southeast"@ja	<http://ja.wikipedia.org/wiki/もみじ台>	<http://wikidata.dbpedia.org/resource/Q28689009>
<http://ja.dbpedia.org/resource/もみじ台>	"もみじ台"@ja	<http://dbpedia.org/ontology/Location>	<http://ja.dbpedia.org/property/southeast>	"Southeast"@ja	<http://ja.wikipedia.org/wiki/もみじ台>	<http://wikidata.dbpedia.org/resource/Q28689009>
<http://ja.dbpedia.org/resource/もみじ台>	"もみじ台"@ja	<http://dbpedia.org/ontology/PopulatedPlace>	<http://ja.dbpedia.org/property/southeast>	"Southeast"@ja	<http://ja.wikipedia.org/wiki/もみじ台>	<http://wikidata.dbpedia.org/resource/Q28689009>
<http://ja.dbpedia.org/resource/クラブフィールズ・リンダ>	"クラブフィールズ・リンダ"@ja	<http://dbpedia.org/ontology/SportsClub>	<http://ja.dbpedia.org/property/ホームタウン>	"ホームタウン"@ja	<http://ja.wikipedia.org/wiki/クラブフィールズ・リンダ>	<http://wikidata.dbpedia.org/resource/Q11299049>
<http://ja.dbpedia.org/resource/クラブフィールズ・リンダ>	"クラブフィールズ・リンダ"@ja	<http://dbpedia.org/ontology/SoccerClub>	<http://ja.dbpedia.org/property/ホームタウン>	"ホームタウン"@ja	<http://ja.wikipedia.org/wiki/クラブフィールズ・リンダ>	<http://wikidata.dbpedia.org/resource/Q11299049>
<http://ja.dbpedia.org/resource/クラブフィールズ・リンダ>	"クラブフィールズ・リンダ"@ja	<http://dbpedia.org/ontology/Agent>	<http://ja.dbpedia.org/property/ホームタウン>	"ホームタウン"@ja	<http://ja.wikipedia.org/wiki/クラブフィールズ・リンダ>	<http://wikidata.dbpedia.org/resource/Q11299049>
<http://ja.dbpedia.org/resource/クラブフィールズ・リンダ>	"クラブフィールズ・リンダ"@ja	<http://dbpedia.org/ontology/Organisation>	<http://ja.dbpedia.org/property/ホームタウン>	"ホームタウン"@ja	<http://ja.wikipedia.org/wiki/クラブフィールズ・リンダ>	<http://wikidata.dbpedia.org/resource/Q11299049>
<http://ja.dbpedia.org/resource/勝部賢志>	"勝部賢志"@ja	<http://dbpedia.org/ontology/Person>	<http://ja.dbpedia.org/property/選挙区>	"選挙区"@ja	<http://ja.wikipedia.org/wiki/勝部賢志>	<http://wikidata.dbpedia.org/resource/Q65556913>
<http://ja.dbpedia.org/resource/勝部賢志>	"勝部賢志"@ja	<http://dbpedia.org/ontology/Species>	<http://ja.dbpedia.org/property/選挙区>	"選挙区"@ja	<http://ja.wikipedia.org/wiki/勝部賢志>	<http://wikidata.dbpedia.org/resource/Q65556913>
<http://ja.dbpedia.org/resource/勝部賢志>	"勝部賢志"@ja	<http://dbpedia.org/ontology/Animal>	<http://ja.dbpedia.org/property/選挙区>	"選挙区"@ja	<http://ja.wikipedia.org/wiki/勝部賢志>	<http://wikidata.dbpedia.org/resource/Q65556913>
<http://ja.dbpedia.org/resource/勝部賢志>	"勝部賢志"@ja	<http://dbpedia.org/ontology/Politician>	<http://ja.dbpedia.org/property/選挙区>	"選挙区"@ja	<http://ja.wikipedia.org/wiki/勝部賢志>	<http://wikidata.dbpedia.org/resource/Q65556913>
<http://ja.dbpedia.org/resource/勝部賢志>	"勝部賢志"@ja	<http://dbpedia.org/ontology/Eukaryote>	<http://ja.dbpedia.org/property/選挙区>	"選挙区"@ja	<http://ja.wikipedia.org/wiki/勝部賢志>	<http://wikidata.dbpedia.org/resource/Q65556913>
<http://ja.dbpedia.org/resource/北広島市>	"北広島市"@ja	<http://dbpedia.org/ontology/Place>	<http://ja.dbpedia.org/property/north>	"North"@ja	<http://ja.wikipedia.org/wiki/北広島市>	<http://wikidata.dbpedia.org/resource/Q817278>
<http://ja.dbpedia.org/resource/北広島市>	"北広島市"@ja	<http://dbpedia.org/ontology/City>	<http://ja.dbpedia.org/property/north>	"North"@ja	<http://ja.wikipedia.org/wiki/北広島市>	<http://wikidata.dbpedia.org/resource/Q817278>
<http://ja.dbpedia.org/resource/北広島市>	"北広島市"@ja	<http://dbpedia.org/ontology/Settlement>	<http://ja.dbpedia.org/property/north>	"North"@ja	<http://ja.wikipedia.org/wiki/北広島市>	<http://wikidata.dbpedia.org/resource/Q817278>
<http://ja.dbpedia.org/resource/北広島市>	"北広島市"@ja	<http://dbpedia.org/ontology/PopulatedPlace>	<http://ja.dbpedia.org/property/north>	"North"@ja	<http://ja.wikipedia.org/wiki/北広島市>	<http://wikidata.dbpedia.org/resource/Q817278>
<http://ja.dbpedia.org/resource/北広島市>	"北広島市"@ja	<http://dbpedia.org/ontology/Location>	<http://ja.dbpedia.org/property/north>	"North"@ja	<http://ja.wikipedia.org/wiki/北広島市>	<http://wikidata.dbpedia.org/resource/Q817278>
<http://ja.dbpedia.org/resource/千歳川>	"千歳川"@ja	<http://dbpedia.org/ontology/Place>	<http://ja.dbpedia.org/property/河口>	"河口"@ja	<http://ja.wikipedia.org/wiki/千歳川>	<http://wikidata.dbpedia.org/resource/Q3650489>
<http://ja.dbpedia.org/resource/千歳川>	"千歳川"@ja	<http://dbpedia.org/ontology/Location>	<http://ja.dbpedia.org/property/河口>	"河口"@ja	<http://ja.wikipedia.org/wiki/千歳川>	<http://wikidata.dbpedia.org/resource/Q3650489>
<http://ja.dbpedia.org/resource/千歳川>	"千歳川"@ja	<http://dbpedia.org/ontology/River>	<http://ja.dbpedia.org/property/河口>	"河口"@ja	<http://ja.wikipedia.org/wiki/千歳川>	<http://wikidata.dbpedia.org/resource/Q3650489>
<http://ja.dbpedia.org/resource/千歳川>	"千歳川"@ja	<http://dbpedia.org/ontology/NaturalPlace>	<http://ja.dbpedia.org/property/河口>	"河口"@ja	<http://ja.wikipedia.org/wiki/千歳川>	<http://wikidata.dbpedia.org/resource/Q3650489>
<http://ja.dbpedia.org/resource/千歳川>	"千歳川"@ja	<http://dbpedia.org/ontology/BodyOfWater>	<http://ja.dbpedia.org/property/河口>	"河口"@ja	<http://ja.wikipedia.org/wiki/千歳川>	<http://wikidata.dbpedia.org/resource/Q3650489>
<http://ja.dbpedia.org/resource/千歳川>	"千歳川"@ja	<http://dbpedia.org/ontology/Stream>	<http://ja.dbpedia.org/property/河口>	"河口"@ja	<http://ja.wikipedia.org/wiki/千歳川>	<http://wikidata.dbpedia.org/resource/Q3650489>
<http://ja.dbpedia.org/resource/夕張川>	"夕張川"@ja	<http://dbpedia.org/ontology/River>	<http://ja.dbpedia.org/property/河口>	"河口"@ja	<http://ja.wikipedia.org/wiki/夕張川>	<http://wikidata.dbpedia.org/resource/Q8062707>
<http://ja.dbpedia.org/resource/夕張川>	"夕張川"@ja	<http://dbpedia.org/ontology/Location>	<http://ja.dbpedia.org/property/河口>	"河口"@ja	<http://ja.wikipedia.org/wiki/夕張川>	<http://wikidata.dbpedia.org/resource/Q8062707>
<http://ja.dbpedia.org/resource/夕張川>	"夕張川"@ja	<http://dbpedia.org/ontology/Place>	<http://ja.dbpedia.org/property/河口>	"河口"@ja	<http://ja.wikipedia.org/wiki/夕張川>	<http://wikidata.dbpedia.org/resource/Q8062707>
<http://ja.dbpedia.org/resource/夕張川>	"夕張川"@ja	<http://dbpedia.org/ontology/BodyOfWater>	<http://ja.dbpedia.org/property/河口>	"河口"@ja	<http://ja.wikipedia.org/wiki/夕張川>	<http://wikidata.dbpedia.org/resource/Q8062707>
<http://ja.dbpedia.org/resource/夕張川>	"夕張川"@ja	<http://dbpedia.org/ontology/Stream>	<http://ja.dbpedia.org/property/河口>	"河口"@ja	<http://ja.wikipedia.org/wiki/夕張川>	<http://wikidata.dbpedia.org/resource/Q8062707>
<http://ja.dbpedia.org/resource/夕張川>	"夕張川"@ja	<http://dbpedia.org/ontology/NaturalPlace>	<http://ja.dbpedia.org/property/河口>	"河口"@ja	<http://ja.wikipedia.org/wiki/夕張川>	<http://wikidata.dbpedia.org/resource/Q8062707>
<http://ja.dbpedia.org/resource/対雁>	"対雁"@ja	<http://dbpedia.org/ontology/Place>	<http://ja.dbpedia.org/property/subdivisionName>	"subdivision name"@ja	<http://ja.wikipedia.org/wiki/対雁>	<http://wikidata.dbpedia.org/resource/Q107070204>
<http://ja.dbpedia.org/resource/対雁>	"対雁"@ja	<http://dbpedia.org/ontology/Settlement>	<http://ja.dbpedia.org/property/subdivisionName>	"subdivision name"@ja	<http://ja.wikipedia.org/wiki/対雁>	<http://wikidata.dbpedia.org/resource/Q107070204>
<http://ja.dbpedia.org/resource/対雁>	"対雁"@ja	<http://dbpedia.org/ontology/PopulatedPlace>	<http://ja.dbpedia.org/property/subdivisionName>	"subdivision name"@ja	<http://ja.wikipedia.org/wiki/対雁>	<http://wikidata.dbpedia.org/resource/Q107070204>
<http://ja.dbpedia.org/resource/対雁>	"対雁"@ja	<http://dbpedia.org/ontology/Location>	<http://ja.dbpedia.org/property/subdivisionName>	"subdivision name"@ja	<http://ja.wikipedia.org/wiki/対雁>	<http://wikidata.dbpedia.org/resource/Q107070204>
<http://ja.dbpedia.org/resource/巴農場>	"巴農場"@ja	<http://dbpedia.org/ontology/Place>	<http://ja.dbpedia.org/property/subdivisionName>	"subdivision name"@ja	<http://ja.wikipedia.org/wiki/巴農場>	<http://wikidata.dbpedia.org/resource/Q65266121>
<http://ja.dbpedia.org/resource/巴農場>	"巴農場"@ja	<http://dbpedia.org/ontology/Settlement>	<http://ja.dbpedia.org/property/subdivisionName>	"subdivision name"@ja	<http://ja.wikipedia.org/wiki/巴農場>	<http://wikidata.dbpedia.org/resource/Q65266121>
<http://ja.dbpedia.org/resource/巴農場>	"巴農場"@ja	<http://dbpedia.org/ontology/PopulatedPlace>	<http://ja.dbpedia.org/property/subdivisionName>	"subdivision name"@ja	<http://ja.wikipedia.org/wiki/巴農場>	<http://wikidata.dbpedia.org/resource/Q65266121>
<http://ja.dbpedia.org/resource/巴農場>	"巴農場"@ja	<http://dbpedia.org/ontology/Location>	<http://ja.dbpedia.org/property/subdivisionName>	"subdivision name"@ja	<http://ja.wikipedia.org/wiki/巴農場>	<http://wikidata.dbpedia.org/resource/Q65266121>
<http://ja.dbpedia.org/resource/当別町>	"当別町"@ja	<http://dbpedia.org/ontology/Place>	<http://ja.dbpedia.org/property/south>	"South"@ja	<http://ja.wikipedia.org/wiki/当別町>	<http://wikidata.dbpedia.org/resource/Q1348675>
<http://ja.dbpedia.org/resource/当別町>	"当別町"@ja	<http://dbpedia.org/ontology/PopulatedPlace>	<http://ja.dbpedia.org/property/隣接自治体>	"隣接自治体"@ja	<http://ja.wikipedia.org/wiki/当別町>	<http://wikidata.dbpedia.org/resource/Q1348675>
<http://ja.dbpedia.org/resource/当別町>	"当別町"@ja	<http://dbpedia.org/ontology/Location>	<http://ja.dbpedia.org/property/隣接自治体>	"隣接自治体"@ja	<http://ja.wikipedia.org/wiki/当別町>	<http://wikidata.dbpedia.org/resource/Q1348675>
<http://ja.dbpedia.org/resource/当別町>	"当別町"@ja	<http://dbpedia.org/ontology/City>	<http://ja.dbpedia.org/property/south>	"South"@ja	<http://ja.wikipedia.org/wiki/当別町>	<http://wikidata.dbpedia.org/resource/Q1348675>
<http://ja.dbpedia.org/resource/当別町>	"当別町"@ja	<http://dbpedia.org/ontology/Settlement>	<http://ja.dbpedia.org/property/隣接自治体>	"隣接自治体"@ja	<http://ja.wikipedia.org/wiki/当別町>	<http://wikidata.dbpedia.org/resource/Q1348675>
<http://ja.dbpedia.org/resource/当別町>	"当別町"@ja	<http://dbpedia.org/ontology/Settlement>	<http://ja.dbpedia.org/property/south>	"South"@ja	<http://ja.wikipedia.org/wiki/当別町>	<http://wikidata.dbpedia.org/resource/Q1348675>
<http://ja.dbpedia.org/resource/当別町>	"当別町"@ja	<http://dbpedia.org/ontology/City>	<http://ja.dbpedia.org/property/隣接自治体>	"隣接自治体"@ja	<http://ja.wikipedia.org/wiki/当別町>	<http://wikidata.dbpedia.org/resource/Q1348675>
<http://ja.dbpedia.org/resource/当別町>	"当別町"@ja	<http://dbpedia.org/ontology/PopulatedPlace>	<http://ja.dbpedia.org/property/south>	"South"@ja	<http://ja.wikipedia.org/wiki/当別町>	<http://wikidata.dbpedia.org/resource/Q1348675>
<http://ja.dbpedia.org/resource/当別町>	"当別町"@ja	<http://dbpedia.org/ontology/Place>	<http://ja.dbpedia.org/property/隣接自治体>	"隣接自治体"@ja	<http://ja.wikipedia.org/wiki/当別町>	<http://wikidata.dbpedia.org/resource/Q1348675>
<http://ja.dbpedia.org/resource/当別町>	"当別町"@ja	<http://dbpedia.org/ontology/Location>	<http://ja.dbpedia.org/property/south>	"South"@ja	<http://ja.wikipedia.org/wiki/当別町>	<http://wikidata.dbpedia.org/resource/Q1348675>
<http://ja.dbpedia.org/resource/新篠津村>	"新篠津村"@ja	<http://dbpedia.org/ontology/Place>	<http://ja.dbpedia.org/property/隣接自治体>	"隣接自治体"@ja	<http://ja.wikipedia.org/wiki/新篠津村>	<http://wikidata.dbpedia.org/resource/Q1355454>
<http://ja.dbpedia.org/resource/新篠津村>	"新篠津村"@ja	<http://dbpedia.org/ontology/City>	<http://ja.dbpedia.org/property/隣接自治体>	"隣接自治体"@ja	<http://ja.wikipedia.org/wiki/新篠津村>	<http://wikidata.dbpedia.org/resource/Q1355454>
<http://ja.dbpedia.org/resource/新篠津村>	"新篠津村"@ja	<http://dbpedia.org/ontology/Location>	<http://ja.dbpedia.org/property/隣接自治体>	"隣接自治体"@ja	<http://ja.wikipedia.org/wiki/新篠津村>	<http://wikidata.dbpedia.org/resource/Q1355454>
<http://ja.dbpedia.org/resource/新篠津村>	"新篠津村"@ja	<http://dbpedia.org/ontology/PopulatedPlace>	<http://ja.dbpedia.org/property/隣接自治体>	"隣接自治体"@ja	<http://ja.wikipedia.org/wiki/新篠津村>	<http://wikidata.dbpedia.org/resource/Q1355454>
<http://ja.dbpedia.org/resource/新篠津村>	"新篠津村"@ja	<http://dbpedia.org/ontology/Settlement>	<http://ja.dbpedia.org/property/隣接自治体>	"隣接自治体"@ja	<http://ja.wikipedia.org/wiki/新篠津村>	<http://wikidata.dbpedia.org/resource/Q1355454>
<http://ja.dbpedia.org/resource/札幌市>	"札幌市"@ja	<http://dbpedia.org/ontology/Place>	<http://ja.dbpedia.org/property/east>	"East"@ja	<http://ja.wikipedia.org/wiki/札幌市>	<http://wikidata.dbpedia.org/resource/Q37951>
<http://ja.dbpedia.org/resource/札幌市>	"札幌市"@ja	<http://dbpedia.org/ontology/City>	<http://ja.dbpedia.org/property/east>	"East"@ja	<http://ja.wikipedia.org/wiki/札幌市>	<http://wikidata.dbpedia.org/resource/Q37951>
<http://ja.dbpedia.org/resource/札幌市>	"札幌市"@ja	<http://dbpedia.org/ontology/Settlement>	<http://ja.dbpedia.org/property/east>	"East"@ja	<http://ja.wikipedia.org/wiki/札幌市>	<http://wikidata.dbpedia.org/resource/Q37951>
<http://ja.dbpedia.org/resource/札幌市>	"札幌市"@ja	<http://dbpedia.org/ontology/PopulatedPlace>	<http://ja.dbpedia.org/property/east>	"East"@ja	<http://ja.wikipedia.org/wiki/札幌市>	<http://wikidata.dbpedia.org/resource/Q37951>
<http://ja.dbpedia.org/resource/札幌市>	"札幌市"@ja	<http://dbpedia.org/ontology/Location>	<http://ja.dbpedia.org/property/east>	"East"@ja	<http://ja.wikipedia.org/wiki/札幌市>	<http://wikidata.dbpedia.org/resource/Q37951>
<http://ja.dbpedia.org/resource/江別市立いずみ野小学校>	"江別市立いずみ野小学校"@ja	<http://dbpedia.org/ontology/School>	<http://ja.dbpedia.org/property/設置者>	"設置者"@ja	<http://ja.wikipedia.org/wiki/江別市立いずみ野小学校>	<http://wikidata.dbpedia.org/resource/Q48748011>
<http://ja.dbpedia.org/resource/江別市立いずみ野小学校>	"江別市立いずみ野小学校"@ja	<http://dbpedia.org/ontology/EducationalInstitution>	<http://ja.dbpedia.org/property/設置者>	"設置者"@ja	<http://ja.wikipedia.org/wiki/江別市立いずみ野小学校>	<http://wikidata.dbpedia.org/resource/Q48748011>
<http://ja.dbpedia.org/resource/江別市立いずみ野小学校>	"江別市立いずみ野小学校"@ja	<http://dbpedia.org/ontology/Agent>	<http://ja.dbpedia.org/property/設置者>	"設置者"@ja	<http://ja.wikipedia.org/wiki/江別市立いずみ野小学校>	<http://wikidata.dbpedia.org/resource/Q48748011>
<http://ja.dbpedia.org/resource/江別市立いずみ野小学校>	"江別市立いずみ野小学校"@ja	<http://dbpedia.org/ontology/Organisation>	<http://ja.dbpedia.org/property/設置者>	"設置者"@ja	<http://ja.wikipedia.org/wiki/江別市立いずみ野小学校>	<http://wikidata.dbpedia.org/resource/Q48748011>
<http://ja.dbpedia.org/resource/江別市立中央中学校>	"江別市立中央中学校"@ja	<http://dbpedia.org/ontology/EducationalInstitution>	<http://ja.dbpedia.org/property/設置者>	"設置者"@ja	<http://ja.wikipedia.org/wiki/江別市立中央中学校>	<http://wikidata.dbpedia.org/resource/Q11550634>
<http://ja.dbpedia.org/resource/江別市立中央中学校>	"江別市立中央中学校"@ja	<http://dbpedia.org/ontology/School>	<http://ja.dbpedia.org/property/設置者>	"設置者"@ja	<http://ja.wikipedia.org/wiki/江別市立中央中学校>	<http://wikidata.dbpedia.org/resource/Q11550634>
<http://ja.dbpedia.org/resource/江別市立中央中学校>	"江別市立中央中学校"@ja	<http://dbpedia.org/ontology/Organisation>	<http://ja.dbpedia.org/property/設置者>	"設置者"@ja	<http://ja.wikipedia.org/wiki/江別市立中央中学校>	<http://wikidata.dbpedia.org/resource/Q11550634>
<http://ja.dbpedia.org/resource/江別市立中央中学校>	"江別市立中央中学校"@ja	<http://dbpedia.org/ontology/Agent>	<http://ja.dbpedia.org/property/設置者>	"設置者"@ja	<http://ja.wikipedia.org/wiki/江別市立中央中学校>	<http://wikidata.dbpedia.org/resource/Q11550634>
<http://ja.dbpedia.org/resource/江別市立中央小学校>	"江別市立中央小学校"@ja	<http://dbpedia.org/ontology/EducationalInstitution>	<http://ja.dbpedia.org/property/設置者>	"設置者"@ja	<http://ja.wikipedia.org/wiki/江別市立中央小学校>	<http://wikidata.dbpedia.org/resource/Q11550635>
<http://ja.dbpedia.org/resource/江別市立中央小学校>	"江別市立中央小学校"@ja	<http://dbpedia.org/ontology/School>	<http://ja.dbpedia.org/property/設置者>	"設置者"@ja	<http://ja.wikipedia.org/wiki/江別市立中央小学校>	<http://wikidata.dbpedia.org/resource/Q11550635>
<http://ja.dbpedia.org/resource/江別市立中央小学校>	"江別市立中央小学校"@ja	<http://dbpedia.org/ontology/Organisation>	<http://ja.dbpedia.org/property/設置者>	"設置者"@ja	<http://ja.wikipedia.org/wiki/江別市立中央小学校>	<http://wikidata.dbpedia.org/resource/Q11550635>
<http://ja.dbpedia.org/resource/江別市立中央小学校>	"江別市立中央小学校"@ja	<http://dbpedia.org/ontology/Agent>	<http://ja.dbpedia.org/property/設置者>	"設置者"@ja	<http://ja.wikipedia.org/wiki/江別市立中央小学校>	<http://wikidata.dbpedia.org/resource/Q11550635>
<http://ja.dbpedia.org/resource/江別市立北光小学校>	"江別市立北光小学校"@ja	<http://dbpedia.org/ontology/School>	<http://ja.dbpedia.org/property/設置者>	"設置者"@ja	<http://ja.wikipedia.org/wiki/江別市立北光小学校>	<http://wikidata.dbpedia.org/resource/Q48748014>
<http://ja.dbpedia.org/resource/江別市立北光小学校>	"江別市立北光小学校"@ja	<http://dbpedia.org/ontology/EducationalInstitution>	<http://ja.dbpedia.org/property/設置者>	"設置者"@ja	<http://ja.wikipedia.org/wiki/江別市立北光小学校>	<http://wikidata.dbpedia.org/resource/Q48748014>
<http://ja.dbpedia.org/resource/江別市立北光小学校>	"江別市立北光小学校"@ja	<http://dbpedia.org/ontology/Agent>	<http://ja.dbpedia.org/property/設置者>	"設置者"@ja	<http://ja.wikipedia.org/wiki/江別市立北光小学校>	<http://wikidata.dbpedia.org/resource/Q48748014>
<http://ja.dbpedia.org/resource/江別市立北光小学校>	"江別市立北光小学校"@ja	<http://dbpedia.org/ontology/Organisation>	<http://ja.dbpedia.org/property/設置者>	"設置者"@ja	<http://ja.wikipedia.org/wiki/江別市立北光小学校>	<http://wikidata.dbpedia.org/resource/Q48748014>
<http://ja.dbpedia.org/resource/江別市立大麻中学校>	"江別市立大麻中学校"@ja	<http://dbpedia.org/ontology/EducationalInstitution>	<http://ja.dbpedia.org/property/設置者>	"設置者"@ja	<http://ja.wikipedia.org/wiki/江別市立大麻中学校>	<http://wikidata.dbpedia.org/resource/Q30925128>
<http://ja.dbpedia.org/resource/江別市立大麻中学校>	"江別市立大麻中学校"@ja	<http://dbpedia.org/ontology/School>	<http://ja.dbpedia.org/property/設置者>	"設置者"@ja	<http://ja.wikipedia.org/wiki/江別市立大麻中学校>	<http://wikidata.dbpedia.org/resource/Q30925128>
<http://ja.dbpedia.org/resource/江別市立大麻中学校>	"江別市立大麻中学校"@ja	<http://dbpedia.org/ontology/Organisation>	<http://ja.dbpedia.org/property/設置者>	"設置者"@ja	<http://ja.wikipedia.org/wiki/江別市立大麻中学校>	<http://wikidata.dbpedia.org/resource/Q30925128>
<http://ja.dbpedia.org/resource/江別市立大麻中学校>	"江別市立大麻中学校"@ja	<http://dbpedia.org/ontology/Agent>	<http://ja.dbpedia.org/property/設置者>	"設置者"@ja	<http://ja.wikipedia.org/wiki/江別市立大麻中学校>	<http://wikidata.dbpedia.org/resource/Q30925128>
<http://ja.dbpedia.org/resource/江別市立大麻東中学校>	"江別市立大麻東中学校"@ja	<http://dbpedia.org/ontology/School>	<http://ja.dbpedia.org/property/設置者>	"設置者"@ja	<http://ja.wikipedia.org/wiki/江別市立大麻東中学校>	<http://wikidata.dbpedia.org/resource/Q28690249>
<http://ja.dbpedia.org/resource/江別市立大麻東中学校>	"江別市立大麻東中学校"@ja	<http://dbpedia.org/ontology/EducationalInstitution>	<http://ja.dbpedia.org/property/設置者>	"設置者"@ja	<http://ja.wikipedia.org/wiki/江別市立大麻東中学校>	<http://wikidata.dbpedia.org/resource/Q28690249>
<http://ja.dbpedia.org/resource/江別市立大麻東中学校>	"江別市立大麻東中学校"@ja	<http://dbpedia.org/ontology/Agent>	<http://ja.dbpedia.org/property/設置者>	"設置者"@ja	<http://ja.wikipedia.org/wiki/江別市立大麻東中学校>	<http://wikidata.dbpedia.org/resource/Q28690249>
<http://ja.dbpedia.org/resource/江別市立大麻東中学校>	"江別市立大麻東中学校"@ja	<http://dbpedia.org/ontology/Organisation>	<http://ja.dbpedia.org/property/設置者>	"設置者"@ja	<http://ja.wikipedia.org/wiki/江別市立大麻東中学校>	<http://wikidata.dbpedia.org/resource/Q28690249>
<http://ja.dbpedia.org/resource/江別市立対雁小学校>	"江別市立対雁小学校"@ja	<http://dbpedia.org/ontology/EducationalInstitution>	<http://ja.dbpedia.org/property/設置者>	"設置者"@ja	<http://ja.wikipedia.org/wiki/江別市立対雁小学校>	<http://wikidata.dbpedia.org/resource/Q11550636>
<http://ja.dbpedia.org/resource/江別市立対雁小学校>	"江別市立対雁小学校"@ja	<http://dbpedia.org/ontology/School>	<http://ja.dbpedia.org/property/設置者>	"設置者"@ja	<http://ja.wikipedia.org/wiki/江別市立対雁小学校>	<http://wikidata.dbpedia.org/resource/Q11550636>
<http://ja.dbpedia.org/resource/江別市立対雁小学校>	"江別市立対雁小学校"@ja	<http://dbpedia.org/ontology/Agent>	<http://ja.dbpedia.org/property/設置者>	"設置者"@ja	<http://ja.wikipedia.org/wiki/江別市立対雁小学校>	<http://wikidata.dbpedia.org/resource/Q11550636>
<http://ja.dbpedia.org/resource/江別市立対雁小学校>	"江別市立対雁小学校"@ja	<http://dbpedia.org/ontology/Organisation>	<http://ja.dbpedia.org/property/設置者>	"設置者"@ja	<http://ja.wikipedia.org/wiki/江別市立対雁小学校>	<http://wikidata.dbpedia.org/resource/Q11550636>
<http://ja.dbpedia.org/resource/江別市立江別小学校>	"江別市立江別小学校"@ja	<http://dbpedia.org/ontology/EducationalInstitution>	<http://ja.dbpedia.org/property/設置者>	"設置者"@ja	<http://ja.wikipedia.org/wiki/江別市立江別小学校>	<http://wikidata.dbpedia.org/resource/Q65272113>
<http://ja.dbpedia.org/resource/江別市立江別小学校>	"江別市立江別小学校"@ja	<http://dbpedia.org/ontology/School>	<http://ja.dbpedia.org/property/設置者>	"設置者"@ja	<http://ja.wikipedia.org/wiki/江別市立江別小学校>	<http://wikidata.dbpedia.org/resource/Q65272113>
<http://ja.dbpedia.org/resource/江別市立江別小学校>	"江別市立江別小学校"@ja	<http://dbpedia.org/ontology/Organisation>	<http://ja.dbpedia.org/property/設置者>	"設置者"@ja	<http://ja.wikipedia.org/wiki/江別市立江別小学校>	<http://wikidata.dbpedia.org/resource/Q65272113>
<http://ja.dbpedia.org/resource/江別市立江別小学校>	"江別市立江別小学校"@ja	<http://dbpedia.org/ontology/Agent>	<http://ja.dbpedia.org/property/設置者>	"設置者"@ja	<http://ja.wikipedia.org/wiki/江別市立江別小学校>	<http://wikidata.dbpedia.org/resource/Q65272113>
<http://ja.dbpedia.org/resource/江別市立江別第一中学校>	"江別市立江別第一中学校"@ja	<http://dbpedia.org/ontology/EducationalInstitution>	<http://ja.dbpedia.org/property/設置者>	"設置者"@ja	<http://ja.wikipedia.org/wiki/江別市立江別第一中学校>	<http://wikidata.dbpedia.org/resource/Q38276345>
<http://ja.dbpedia.org/resource/江別市立江別第一中学校>	"江別市立江別第一中学校"@ja	<http://dbpedia.org/ontology/School>	<http://ja.dbpedia.org/property/設置者>	"設置者"@ja	<http://ja.wikipedia.org/wiki/江別市立江別第一中学校>	<http://wikidata.dbpedia.org/resource/Q38276345>
<http://ja.dbpedia.org/resource/江別市立江別第一中学校>	"江別市立江別第一中学校"@ja	<http://dbpedia.org/ontology/Organisation>	<http://ja.dbpedia.org/property/設置者>	"設置者"@ja	<http://ja.wikipedia.org/wiki/江別市立江別第一中学校>	<http://wikidata.dbpedia.org/resource/Q38276345>
<http://ja.dbpedia.org/resource/江別市立江別第一中学校>	"江別市立江別第一中学校"@ja	<http://dbpedia.org/ontology/Agent>	<http://ja.dbpedia.org/property/設置者>	"設置者"@ja	<http://ja.wikipedia.org/wiki/江別市立江別第一中学校>	<http://wikidata.dbpedia.org/resource/Q38276345>
<http://ja.dbpedia.org/resource/江別市立江別第三中学校>	"江別市立江別第三中学校"@ja	<http://dbpedia.org/ontology/School>	<http://ja.dbpedia.org/property/設置者>	"設置者"@ja	<http://ja.wikipedia.org/wiki/江別市立江別第三中学校>	<http://wikidata.dbpedia.org/resource/Q38276344>
<http://ja.dbpedia.org/resource/江別市立江別第三中学校>	"江別市立江別第三中学校"@ja	<http://dbpedia.org/ontology/EducationalInstitution>	<http://ja.dbpedia.org/property/設置者>	"設置者"@ja	<http://ja.wikipedia.org/wiki/江別市立江別第三中学校>	<http://wikidata.dbpedia.org/resource/Q38276344>
<http://ja.dbpedia.org/resource/江別市立江別第三中学校>	"江別市立江別第三中学校"@ja	<http://dbpedia.org/ontology/Agent>	<http://ja.dbpedia.org/property/設置者>	"設置者"@ja	<http://ja.wikipedia.org/wiki/江別市立江別第三中学校>	<http://wikidata.dbpedia.org/resource/Q38276344>
<http://ja.dbpedia.org/resource/江別市立江別第三中学校>	"江別市立江別第三中学校"@ja	<http://dbpedia.org/ontology/Organisation>	<http://ja.dbpedia.org/property/設置者>	"設置者"@ja	<http://ja.wikipedia.org/wiki/江別市立江別第三中学校>	<http://wikidata.dbpedia.org/resource/Q38276344>
<http://ja.dbpedia.org/resource/江別市立江別第二中学校>	"江別市立江別第二中学校"@ja	<http://dbpedia.org/ontology/EducationalInstitution>	<http://ja.dbpedia.org/property/設置者>	"設置者"@ja	<http://ja.wikipedia.org/wiki/江別市立江別第二中学校>	<http://wikidata.dbpedia.org/resource/Q38276346>
<http://ja.dbpedia.org/resource/江別市立江別第二中学校>	"江別市立江別第二中学校"@ja	<http://dbpedia.org/ontology/School>	<http://ja.dbpedia.org/property/設置者>	"設置者"@ja	<http://ja.wikipedia.org/wiki/江別市立江別第二中学校>	<http://wikidata.dbpedia.org/resource/Q38276346>
<http://ja.dbpedia.org/resource/江別市立江別第二中学校>	"江別市立江別第二中学校"@ja	<http://dbpedia.org/ontology/Agent>	<http://ja.dbpedia.org/property/設置者>	"設置者"@ja	<http://ja.wikipedia.org/wiki/江別市立江別第二中学校>	<http://wikidata.dbpedia.org/resource/Q38276346>
<http://ja.dbpedia.org/resource/江別市立江別第二中学校>	"江別市立江別第二中学校"@ja	<http://dbpedia.org/ontology/Organisation>	<http://ja.dbpedia.org/property/設置者>	"設置者"@ja	<http://ja.wikipedia.org/wiki/江別市立江別第二中学校>	<http://wikidata.dbpedia.org/resource/Q38276346>
<http://ja.dbpedia.org/resource/江別市立江陽中学校>	"江別市立江陽中学校"@ja	<http://dbpedia.org/ontology/Agent>	<http://ja.dbpedia.org/property/設置者>	"設置者"@ja	<http://ja.wikipedia.org/wiki/江別市立江陽中学校>	<http://wikidata.dbpedia.org/resource/Q38276347>
<http://ja.dbpedia.org/resource/江別市立江陽中学校>	"江別市立江陽中学校"@ja	<http://dbpedia.org/ontology/Organisation>	<http://ja.dbpedia.org/property/設置者>	"設置者"@ja	<http://ja.wikipedia.org/wiki/江別市立江陽中学校>	<http://wikidata.dbpedia.org/resource/Q38276347>
<http://ja.dbpedia.org/resource/江別市立江陽中学校>	"江別市立江陽中学校"@ja	<http://dbpedia.org/ontology/School>	<http://ja.dbpedia.org/property/設置者>	"設置者"@ja	<http://ja.wikipedia.org/wiki/江別市立江陽中学校>	<http://wikidata.dbpedia.org/resource/Q38276347>
<http://ja.dbpedia.org/resource/江別市立江陽中学校>	"江別市立江陽中学校"@ja	<http://dbpedia.org/ontology/EducationalInstitution>	<http://ja.dbpedia.org/property/設置者>	"設置者"@ja	<http://ja.wikipedia.org/wiki/江別市立江陽中学校>	<http://wikidata.dbpedia.org/resource/Q38276347>
<http://ja.dbpedia.org/resource/江別市立野幌中学校>	"江別市立野幌中学校"@ja	<http://dbpedia.org/ontology/EducationalInstitution>	<http://ja.dbpedia.org/property/設置者>	"設置者"@ja	<http://ja.wikipedia.org/wiki/江別市立野幌中学校>	<http://wikidata.dbpedia.org/resource/Q11550637>
<http://ja.dbpedia.org/resource/江別市立野幌中学校>	"江別市立野幌中学校"@ja	<http://dbpedia.org/ontology/School>	<http://ja.dbpedia.org/property/設置者>	"設置者"@ja	<http://ja.wikipedia.org/wiki/江別市立野幌中学校>	<http://wikidata.dbpedia.org/resource/Q11550637>
<http://ja.dbpedia.org/resource/江別市立野幌中学校>	"江別市立野幌中学校"@ja	<http://dbpedia.org/ontology/Agent>	<http://ja.dbpedia.org/property/設置者>	"設置者"@ja	<http://ja.wikipedia.org/wiki/江別市立野幌中学校>	<http://wikidata.dbpedia.org/resource/Q11550637>
<http://ja.dbpedia.org/resource/江別市立野幌中学校>	"江別市立野幌中学校"@ja	<http://dbpedia.org/ontology/Organisation>	<http://ja.dbpedia.org/property/設置者>	"設置者"@ja	<http://ja.wikipedia.org/wiki/江別市立野幌中学校>	<http://wikidata.dbpedia.org/resource/Q11550637>
<http://ja.dbpedia.org/resource/江別市立野幌若葉小学校>	"江別市立野幌若葉小学校"@ja	<http://dbpedia.org/ontology/EducationalInstitution>	<http://ja.dbpedia.org/property/設置者>	"設置者"@ja	<http://ja.wikipedia.org/wiki/江別市立野幌若葉小学校>	<http://wikidata.dbpedia.org/resource/Q11550639>
<http://ja.dbpedia.org/resource/江別市立野幌若葉小学校>	"江別市立野幌若葉小学校"@ja	<http://dbpedia.org/ontology/School>	<http://ja.dbpedia.org/property/設置者>	"設置者"@ja	<http://ja.wikipedia.org/wiki/江別市立野幌若葉小学校>	<http://wikidata.dbpedia.org/resource/Q11550639>
<http://ja.dbpedia.org/resource/江別市立野幌若葉小学校>	"江別市立野幌若葉小学校"@ja	<http://dbpedia.org/ontology/Organisation>	<http://ja.dbpedia.org/property/設置者>	"設置者"@ja	<http://ja.wikipedia.org/wiki/江別市立野幌若葉小学校>	<http://wikidata.dbpedia.org/resource/Q11550639>
<http://ja.dbpedia.org/resource/江別市立野幌若葉小学校>	"江別市立野幌若葉小学校"@ja	<http://dbpedia.org/ontology/Agent>	<http://ja.dbpedia.org/property/設置者>	"設置者"@ja	<http://ja.wikipedia.org/wiki/江別市立野幌若葉小学校>	<http://wikidata.dbpedia.org/resource/Q11550639>
<http://ja.dbpedia.org/resource/江別市郷土資料館>	"江別市郷土資料館"@ja	<http://dbpedia.org/ontology/Building>	<http://ja.dbpedia.org/property/事業主体>	"事業主体"@ja	<http://ja.wikipedia.org/wiki/江別市郷土資料館>	<http://wikidata.dbpedia.org/resource/Q85138042>
<http://ja.dbpedia.org/resource/江別市郷土資料館>	"江別市郷土資料館"@ja	<http://dbpedia.org/ontology/ArchitecturalStructure>	<http://ja.dbpedia.org/property/事業主体>	"事業主体"@ja	<http://ja.wikipedia.org/wiki/江別市郷土資料館>	<http://wikidata.dbpedia.org/resource/Q85138042>
<http://ja.dbpedia.org/resource/江別市郷土資料館>	"江別市郷土資料館"@ja	<http://dbpedia.org/ontology/Museum>	<http://ja.dbpedia.org/property/事業主体>	"事業主体"@ja	<http://ja.wikipedia.org/wiki/江別市郷土資料館>	<http://wikidata.dbpedia.org/resource/Q85138042>
<http://ja.dbpedia.org/resource/豊幌>	"豊幌"@ja	<http://dbpedia.org/ontology/Location>	<http://ja.dbpedia.org/property/subdivisionName>	"subdivision name"@ja	<http://ja.wikipedia.org/wiki/豊幌>	<http://wikidata.dbpedia.org/resource/Q11633667>
<http://ja.dbpedia.org/resource/豊幌>	"豊幌"@ja	<http://dbpedia.org/ontology/PopulatedPlace>	<http://ja.dbpedia.org/property/subdivisionName>	"subdivision name"@ja	<http://ja.wikipedia.org/wiki/豊幌>	<http://wikidata.dbpedia.org/resource/Q11633667>
<http://ja.dbpedia.org/resource/豊幌>	"豊幌"@ja	<http://dbpedia.org/ontology/Settlement>	<http://ja.dbpedia.org/property/subdivisionName>	"subdivision name"@ja	<http://ja.wikipedia.org/wiki/豊幌>	<http://wikidata.dbpedia.org/resource/Q11633667>
<http://ja.dbpedia.org/resource/豊幌>	"豊幌"@ja	<http://dbpedia.org/ontology/Place>	<http://ja.dbpedia.org/property/subdivisionName>	"subdivision name"@ja	<http://ja.wikipedia.org/wiki/豊幌>	<http://wikidata.dbpedia.org/resource/Q11633667>
<http://ja.dbpedia.org/resource/豊平川>	"豊平川"@ja	<http://dbpedia.org/ontology/NaturalPlace>	<http://ja.dbpedia.org/property/河口>	"河口"@ja	<http://ja.wikipedia.org/wiki/豊平川>	<http://wikidata.dbpedia.org/resource/Q1132961>
<http://ja.dbpedia.org/resource/豊平川>	"豊平川"@ja	<http://dbpedia.org/ontology/Stream>	<http://ja.dbpedia.org/property/河口>	"河口"@ja	<http://ja.wikipedia.org/wiki/豊平川>	<http://wikidata.dbpedia.org/resource/Q1132961>
<http://ja.dbpedia.org/resource/豊平川>	"豊平川"@ja	<http://dbpedia.org/ontology/BodyOfWater>	<http://ja.dbpedia.org/property/河口>	"河口"@ja	<http://ja.wikipedia.org/wiki/豊平川>	<http://wikidata.dbpedia.org/resource/Q1132961>
<http://ja.dbpedia.org/resource/豊平川>	"豊平川"@ja	<http://dbpedia.org/ontology/Place>	<http://ja.dbpedia.org/property/河口>	"河口"@ja	<http://ja.wikipedia.org/wiki/豊平川>	<http://wikidata.dbpedia.org/resource/Q1132961>
<http://ja.dbpedia.org/resource/豊平川>	"豊平川"@ja	<http://dbpedia.org/ontology/River>	<http://ja.dbpedia.org/property/河口>	"河口"@ja	<http://ja.wikipedia.org/wiki/豊平川>	<http://wikidata.dbpedia.org/resource/Q1132961>
<http://ja.dbpedia.org/resource/豊平川>	"豊平川"@ja	<http://dbpedia.org/ontology/Location>	<http://ja.dbpedia.org/property/河口>	"河口"@ja	<http://ja.wikipedia.org/wiki/豊平川>	<http://wikidata.dbpedia.org/resource/Q1132961>
<http://ja.dbpedia.org/resource/中島_(江別市)>	"中島 (江別市)"@ja	<http://dbpedia.org/ontology/Location>	<http://ja.dbpedia.org/property/subdivisionName>	"subdivision name"@ja	<http://ja.wikipedia.org/wiki/中島_(江別市)>	
<http://ja.dbpedia.org/resource/中島_(江別市)>	"中島 (江別市)"@ja	<http://dbpedia.org/ontology/Place>	<http://ja.dbpedia.org/property/subdivisionName>	"subdivision name"@ja	<http://ja.wikipedia.org/wiki/中島_(江別市)>	
<http://ja.dbpedia.org/resource/中島_(江別市)>	"中島 (江別市)"@ja	<http://dbpedia.org/ontology/PopulatedPlace>	<http://ja.dbpedia.org/property/subdivisionName>	"subdivision name"@ja	<http://ja.wikipedia.org/wiki/中島_(江別市)>	
<http://ja.dbpedia.org/resource/中島_(江別市)>	"中島 (江別市)"@ja	<http://dbpedia.org/ontology/Settlement>	<http://ja.dbpedia.org/property/subdivisionName>	"subdivision name"@ja	<http://ja.wikipedia.org/wiki/中島_(江別市)>	
