?s	?sLabel	?type	?p	?pLabel	?jwiki	?wd
<http://ja.dbpedia.org/resource/君津市>	"君津市"@ja	<http://dbpedia.org/ontology/Place>	<http://ja.dbpedia.org/property/north>	"North"@ja	<http://ja.wikipedia.org/wiki/君津市>	<http://wikidata.dbpedia.org/resource/Q637928>
<http://ja.dbpedia.org/resource/君津市>	"君津市"@ja	<http://dbpedia.org/ontology/City>	<http://ja.dbpedia.org/property/north>	"North"@ja	<http://ja.wikipedia.org/wiki/君津市>	<http://wikidata.dbpedia.org/resource/Q637928>
<http://ja.dbpedia.org/resource/君津市>	"君津市"@ja	<http://dbpedia.org/ontology/Location>	<http://ja.dbpedia.org/property/north>	"North"@ja	<http://ja.wikipedia.org/wiki/君津市>	<http://wikidata.dbpedia.org/resource/Q637928>
<http://ja.dbpedia.org/resource/君津市>	"君津市"@ja	<http://dbpedia.org/ontology/PopulatedPlace>	<http://ja.dbpedia.org/property/north>	"North"@ja	<http://ja.wikipedia.org/wiki/君津市>	<http://wikidata.dbpedia.org/resource/Q637928>
<http://ja.dbpedia.org/resource/君津市>	"君津市"@ja	<http://dbpedia.org/ontology/Settlement>	<http://ja.dbpedia.org/property/north>	"North"@ja	<http://ja.wikipedia.org/wiki/君津市>	<http://wikidata.dbpedia.org/resource/Q637928>
<http://ja.dbpedia.org/resource/小櫃川>	"小櫃川"@ja	<http://dbpedia.org/ontology/NaturalPlace>	<http://ja.dbpedia.org/property/河口>	"河口"@ja	<http://ja.wikipedia.org/wiki/小櫃川>	<http://wikidata.dbpedia.org/resource/Q7074982>
<http://ja.dbpedia.org/resource/小櫃川>	"小櫃川"@ja	<http://dbpedia.org/ontology/Stream>	<http://ja.dbpedia.org/property/河口>	"河口"@ja	<http://ja.wikipedia.org/wiki/小櫃川>	<http://wikidata.dbpedia.org/resource/Q7074982>
<http://ja.dbpedia.org/resource/小櫃川>	"小櫃川"@ja	<http://dbpedia.org/ontology/BodyOfWater>	<http://ja.dbpedia.org/property/河口>	"河口"@ja	<http://ja.wikipedia.org/wiki/小櫃川>	<http://wikidata.dbpedia.org/resource/Q7074982>
<http://ja.dbpedia.org/resource/小櫃川>	"小櫃川"@ja	<http://dbpedia.org/ontology/Location>	<http://ja.dbpedia.org/property/河口>	"河口"@ja	<http://ja.wikipedia.org/wiki/小櫃川>	<http://wikidata.dbpedia.org/resource/Q7074982>
<http://ja.dbpedia.org/resource/小櫃川>	"小櫃川"@ja	<http://dbpedia.org/ontology/River>	<http://ja.dbpedia.org/property/河口>	"河口"@ja	<http://ja.wikipedia.org/wiki/小櫃川>	<http://wikidata.dbpedia.org/resource/Q7074982>
<http://ja.dbpedia.org/resource/小櫃川>	"小櫃川"@ja	<http://dbpedia.org/ontology/Place>	<http://ja.dbpedia.org/property/河口>	"河口"@ja	<http://ja.wikipedia.org/wiki/小櫃川>	<http://wikidata.dbpedia.org/resource/Q7074982>
<http://ja.dbpedia.org/resource/岩根_(木更津市)>	"岩根 (木更津市)"@ja	<http://dbpedia.org/ontology/PopulatedPlace>	<http://ja.dbpedia.org/property/subdivisionName>	"subdivision name"@ja	<http://ja.wikipedia.org/wiki/岩根_(木更津市)>	<http://wikidata.dbpedia.org/resource/Q110225225>
<http://ja.dbpedia.org/resource/岩根_(木更津市)>	"岩根 (木更津市)"@ja	<http://dbpedia.org/ontology/Location>	<http://ja.dbpedia.org/property/subdivisionName>	"subdivision name"@ja	<http://ja.wikipedia.org/wiki/岩根_(木更津市)>	<http://wikidata.dbpedia.org/resource/Q110225225>
<http://ja.dbpedia.org/resource/岩根_(木更津市)>	"岩根 (木更津市)"@ja	<http://dbpedia.org/ontology/Place>	<http://ja.dbpedia.org/property/subdivisionName>	"subdivision name"@ja	<http://ja.wikipedia.org/wiki/岩根_(木更津市)>	<http://wikidata.dbpedia.org/resource/Q110225225>
<http://ja.dbpedia.org/resource/岩根_(木更津市)>	"岩根 (木更津市)"@ja	<http://dbpedia.org/ontology/Settlement>	<http://ja.dbpedia.org/property/subdivisionName>	"subdivision name"@ja	<http://ja.wikipedia.org/wiki/岩根_(木更津市)>	<http://wikidata.dbpedia.org/resource/Q110225225>
<http://ja.dbpedia.org/resource/市原市>	"市原市"@ja	<http://dbpedia.org/ontology/Place>	<http://ja.dbpedia.org/property/west>	"West"@ja	<http://ja.wikipedia.org/wiki/市原市>	<http://wikidata.dbpedia.org/resource/Q207881>
<http://ja.dbpedia.org/resource/市原市>	"市原市"@ja	<http://dbpedia.org/ontology/City>	<http://ja.dbpedia.org/property/west>	"West"@ja	<http://ja.wikipedia.org/wiki/市原市>	<http://wikidata.dbpedia.org/resource/Q207881>
<http://ja.dbpedia.org/resource/市原市>	"市原市"@ja	<http://dbpedia.org/ontology/Settlement>	<http://ja.dbpedia.org/property/west>	"West"@ja	<http://ja.wikipedia.org/wiki/市原市>	<http://wikidata.dbpedia.org/resource/Q207881>
<http://ja.dbpedia.org/resource/市原市>	"市原市"@ja	<http://dbpedia.org/ontology/PopulatedPlace>	<http://ja.dbpedia.org/property/west>	"West"@ja	<http://ja.wikipedia.org/wiki/市原市>	<http://wikidata.dbpedia.org/resource/Q207881>
<http://ja.dbpedia.org/resource/市原市>	"市原市"@ja	<http://dbpedia.org/ontology/Location>	<http://ja.dbpedia.org/property/west>	"West"@ja	<http://ja.wikipedia.org/wiki/市原市>	<http://wikidata.dbpedia.org/resource/Q207881>
<http://ja.dbpedia.org/resource/木更津市立太田中学校>	"木更津市立太田中学校"@ja	<http://dbpedia.org/ontology/School>	<http://ja.dbpedia.org/property/設置者>	"設置者"@ja	<http://ja.wikipedia.org/wiki/木更津市立太田中学校>	<http://wikidata.dbpedia.org/resource/Q80380341>
<http://ja.dbpedia.org/resource/木更津市立太田中学校>	"木更津市立太田中学校"@ja	<http://dbpedia.org/ontology/EducationalInstitution>	<http://ja.dbpedia.org/property/設置者>	"設置者"@ja	<http://ja.wikipedia.org/wiki/木更津市立太田中学校>	<http://wikidata.dbpedia.org/resource/Q80380341>
<http://ja.dbpedia.org/resource/木更津市立太田中学校>	"木更津市立太田中学校"@ja	<http://dbpedia.org/ontology/Agent>	<http://ja.dbpedia.org/property/設置者>	"設置者"@ja	<http://ja.wikipedia.org/wiki/木更津市立太田中学校>	<http://wikidata.dbpedia.org/resource/Q80380341>
<http://ja.dbpedia.org/resource/木更津市立太田中学校>	"木更津市立太田中学校"@ja	<http://dbpedia.org/ontology/Organisation>	<http://ja.dbpedia.org/property/設置者>	"設置者"@ja	<http://ja.wikipedia.org/wiki/木更津市立太田中学校>	<http://wikidata.dbpedia.org/resource/Q80380341>
<http://ja.dbpedia.org/resource/木更津市立岩根小学校>	"木更津市立岩根小学校"@ja	<http://dbpedia.org/ontology/EducationalInstitution>	<http://ja.dbpedia.org/property/設置者>	"設置者"@ja	<http://ja.wikipedia.org/wiki/木更津市立岩根小学校>	<http://wikidata.dbpedia.org/resource/Q80380309>
<http://ja.dbpedia.org/resource/木更津市立岩根小学校>	"木更津市立岩根小学校"@ja	<http://dbpedia.org/ontology/School>	<http://ja.dbpedia.org/property/設置者>	"設置者"@ja	<http://ja.wikipedia.org/wiki/木更津市立岩根小学校>	<http://wikidata.dbpedia.org/resource/Q80380309>
<http://ja.dbpedia.org/resource/木更津市立岩根小学校>	"木更津市立岩根小学校"@ja	<http://dbpedia.org/ontology/Organisation>	<http://ja.dbpedia.org/property/設置者>	"設置者"@ja	<http://ja.wikipedia.org/wiki/木更津市立岩根小学校>	<http://wikidata.dbpedia.org/resource/Q80380309>
<http://ja.dbpedia.org/resource/木更津市立岩根小学校>	"木更津市立岩根小学校"@ja	<http://dbpedia.org/ontology/Agent>	<http://ja.dbpedia.org/property/設置者>	"設置者"@ja	<http://ja.wikipedia.org/wiki/木更津市立岩根小学校>	<http://wikidata.dbpedia.org/resource/Q80380309>
<http://ja.dbpedia.org/resource/木更津市立岩根西中学校>	"木更津市立岩根西中学校"@ja	<http://dbpedia.org/ontology/EducationalInstitution>	<http://ja.dbpedia.org/property/設置者>	"設置者"@ja	<http://ja.wikipedia.org/wiki/木更津市立岩根西中学校>	<http://wikidata.dbpedia.org/resource/Q80380345>
<http://ja.dbpedia.org/resource/木更津市立岩根西中学校>	"木更津市立岩根西中学校"@ja	<http://dbpedia.org/ontology/School>	<http://ja.dbpedia.org/property/設置者>	"設置者"@ja	<http://ja.wikipedia.org/wiki/木更津市立岩根西中学校>	<http://wikidata.dbpedia.org/resource/Q80380345>
<http://ja.dbpedia.org/resource/木更津市立岩根西中学校>	"木更津市立岩根西中学校"@ja	<http://dbpedia.org/ontology/Organisation>	<http://ja.dbpedia.org/property/設置者>	"設置者"@ja	<http://ja.wikipedia.org/wiki/木更津市立岩根西中学校>	<http://wikidata.dbpedia.org/resource/Q80380345>
<http://ja.dbpedia.org/resource/木更津市立岩根西中学校>	"木更津市立岩根西中学校"@ja	<http://dbpedia.org/ontology/Agent>	<http://ja.dbpedia.org/property/設置者>	"設置者"@ja	<http://ja.wikipedia.org/wiki/木更津市立岩根西中学校>	<http://wikidata.dbpedia.org/resource/Q80380345>
<http://ja.dbpedia.org/resource/木更津市立木更津第一中学校>	"木更津市立木更津第一中学校"@ja	<http://dbpedia.org/ontology/School>	<http://ja.dbpedia.org/property/設置者>	"設置者"@ja	<http://ja.wikipedia.org/wiki/木更津市立木更津第一中学校>	<http://wikidata.dbpedia.org/resource/Q11518511>
<http://ja.dbpedia.org/resource/木更津市立木更津第一中学校>	"木更津市立木更津第一中学校"@ja	<http://dbpedia.org/ontology/EducationalInstitution>	<http://ja.dbpedia.org/property/設置者>	"設置者"@ja	<http://ja.wikipedia.org/wiki/木更津市立木更津第一中学校>	<http://wikidata.dbpedia.org/resource/Q11518511>
<http://ja.dbpedia.org/resource/木更津市立木更津第一中学校>	"木更津市立木更津第一中学校"@ja	<http://dbpedia.org/ontology/Agent>	<http://ja.dbpedia.org/property/設置者>	"設置者"@ja	<http://ja.wikipedia.org/wiki/木更津市立木更津第一中学校>	<http://wikidata.dbpedia.org/resource/Q11518511>
<http://ja.dbpedia.org/resource/木更津市立木更津第一中学校>	"木更津市立木更津第一中学校"@ja	<http://dbpedia.org/ontology/Organisation>	<http://ja.dbpedia.org/property/設置者>	"設置者"@ja	<http://ja.wikipedia.org/wiki/木更津市立木更津第一中学校>	<http://wikidata.dbpedia.org/resource/Q11518511>
<http://ja.dbpedia.org/resource/袖ケ浦市>	"袖ケ浦市"@ja	<http://dbpedia.org/ontology/Place>	<http://ja.dbpedia.org/property/southwest>	"Southwest"@ja	<http://ja.wikipedia.org/wiki/袖ケ浦市>	<http://wikidata.dbpedia.org/resource/Q646847>
<http://ja.dbpedia.org/resource/袖ケ浦市>	"袖ケ浦市"@ja	<http://dbpedia.org/ontology/City>	<http://ja.dbpedia.org/property/southwest>	"Southwest"@ja	<http://ja.wikipedia.org/wiki/袖ケ浦市>	<http://wikidata.dbpedia.org/resource/Q646847>
<http://ja.dbpedia.org/resource/袖ケ浦市>	"袖ケ浦市"@ja	<http://dbpedia.org/ontology/Settlement>	<http://ja.dbpedia.org/property/southwest>	"Southwest"@ja	<http://ja.wikipedia.org/wiki/袖ケ浦市>	<http://wikidata.dbpedia.org/resource/Q646847>
<http://ja.dbpedia.org/resource/袖ケ浦市>	"袖ケ浦市"@ja	<http://dbpedia.org/ontology/Location>	<http://ja.dbpedia.org/property/southwest>	"Southwest"@ja	<http://ja.wikipedia.org/wiki/袖ケ浦市>	<http://wikidata.dbpedia.org/resource/Q646847>
<http://ja.dbpedia.org/resource/袖ケ浦市>	"袖ケ浦市"@ja	<http://dbpedia.org/ontology/PopulatedPlace>	<http://ja.dbpedia.org/property/southwest>	"Southwest"@ja	<http://ja.wikipedia.org/wiki/袖ケ浦市>	<http://wikidata.dbpedia.org/resource/Q646847>
<http://ja.dbpedia.org/resource/君津市>	"君津市"@ja	<http://dbpedia.org/ontology/Place>	<http://ja.dbpedia.org/property/隣接自治体>	"隣接自治体"@ja	<http://ja.wikipedia.org/wiki/君津市>	<http://wikidata.dbpedia.org/resource/Q637928>
<http://ja.dbpedia.org/resource/君津市>	"君津市"@ja	<http://dbpedia.org/ontology/City>	<http://ja.dbpedia.org/property/隣接自治体>	"隣接自治体"@ja	<http://ja.wikipedia.org/wiki/君津市>	<http://wikidata.dbpedia.org/resource/Q637928>
<http://ja.dbpedia.org/resource/君津市>	"君津市"@ja	<http://dbpedia.org/ontology/Location>	<http://ja.dbpedia.org/property/隣接自治体>	"隣接自治体"@ja	<http://ja.wikipedia.org/wiki/君津市>	<http://wikidata.dbpedia.org/resource/Q637928>
<http://ja.dbpedia.org/resource/君津市>	"君津市"@ja	<http://dbpedia.org/ontology/Settlement>	<http://ja.dbpedia.org/property/隣接自治体>	"隣接自治体"@ja	<http://ja.wikipedia.org/wiki/君津市>	<http://wikidata.dbpedia.org/resource/Q637928>
<http://ja.dbpedia.org/resource/君津市>	"君津市"@ja	<http://dbpedia.org/ontology/PopulatedPlace>	<http://ja.dbpedia.org/property/隣接自治体>	"隣接自治体"@ja	<http://ja.wikipedia.org/wiki/君津市>	<http://wikidata.dbpedia.org/resource/Q637928>
<http://ja.dbpedia.org/resource/国道16号>	"国道16号"@ja	<http://dbpedia.org/ontology/Infrastructure>	<http://ja.dbpedia.org/property/環状線通過都市>	"環状線通過都市"@ja	<http://ja.wikipedia.org/wiki/国道16号>	<http://wikidata.dbpedia.org/resource/Q1058005>
<http://ja.dbpedia.org/resource/国道16号>	"国道16号"@ja	<http://dbpedia.org/ontology/RouteOfTransportation>	<http://ja.dbpedia.org/property/環状線通過都市>	"環状線通過都市"@ja	<http://ja.wikipedia.org/wiki/国道16号>	<http://wikidata.dbpedia.org/resource/Q1058005>
<http://ja.dbpedia.org/resource/国道16号>	"国道16号"@ja	<http://dbpedia.org/ontology/ArchitecturalStructure>	<http://ja.dbpedia.org/property/環状線通過都市>	"環状線通過都市"@ja	<http://ja.wikipedia.org/wiki/国道16号>	<http://wikidata.dbpedia.org/resource/Q1058005>
<http://ja.dbpedia.org/resource/国道16号>	"国道16号"@ja	<http://dbpedia.org/ontology/Road>	<http://ja.dbpedia.org/property/環状線通過都市>	"環状線通過都市"@ja	<http://ja.wikipedia.org/wiki/国道16号>	<http://wikidata.dbpedia.org/resource/Q1058005>
<http://ja.dbpedia.org/resource/市原市>	"市原市"@ja	<http://dbpedia.org/ontology/Place>	<http://ja.dbpedia.org/property/隣接自治体>	"隣接自治体"@ja	<http://ja.wikipedia.org/wiki/市原市>	<http://wikidata.dbpedia.org/resource/Q207881>
<http://ja.dbpedia.org/resource/市原市>	"市原市"@ja	<http://dbpedia.org/ontology/City>	<http://ja.dbpedia.org/property/隣接自治体>	"隣接自治体"@ja	<http://ja.wikipedia.org/wiki/市原市>	<http://wikidata.dbpedia.org/resource/Q207881>
<http://ja.dbpedia.org/resource/市原市>	"市原市"@ja	<http://dbpedia.org/ontology/Settlement>	<http://ja.dbpedia.org/property/隣接自治体>	"隣接自治体"@ja	<http://ja.wikipedia.org/wiki/市原市>	<http://wikidata.dbpedia.org/resource/Q207881>
<http://ja.dbpedia.org/resource/市原市>	"市原市"@ja	<http://dbpedia.org/ontology/PopulatedPlace>	<http://ja.dbpedia.org/property/隣接自治体>	"隣接自治体"@ja	<http://ja.wikipedia.org/wiki/市原市>	<http://wikidata.dbpedia.org/resource/Q207881>
<http://ja.dbpedia.org/resource/市原市>	"市原市"@ja	<http://dbpedia.org/ontology/Location>	<http://ja.dbpedia.org/property/隣接自治体>	"隣接自治体"@ja	<http://ja.wikipedia.org/wiki/市原市>	<http://wikidata.dbpedia.org/resource/Q207881>
<http://ja.dbpedia.org/resource/房総往還>	"房総往還"@ja	<http://dbpedia.org/ontology/Road>	<http://ja.dbpedia.org/property/主な経由都市>	"主な経由都市"@ja	<http://ja.wikipedia.org/wiki/房総往還>	<http://wikidata.dbpedia.org/resource/Q85880469>
<http://ja.dbpedia.org/resource/房総往還>	"房総往還"@ja	<http://dbpedia.org/ontology/ArchitecturalStructure>	<http://ja.dbpedia.org/property/主な経由都市>	"主な経由都市"@ja	<http://ja.wikipedia.org/wiki/房総往還>	<http://wikidata.dbpedia.org/resource/Q85880469>
<http://ja.dbpedia.org/resource/房総往還>	"房総往還"@ja	<http://dbpedia.org/ontology/RouteOfTransportation>	<http://ja.dbpedia.org/property/主な経由都市>	"主な経由都市"@ja	<http://ja.wikipedia.org/wiki/房総往還>	<http://wikidata.dbpedia.org/resource/Q85880469>
<http://ja.dbpedia.org/resource/房総往還>	"房総往還"@ja	<http://dbpedia.org/ontology/Infrastructure>	<http://ja.dbpedia.org/property/主な経由都市>	"主な経由都市"@ja	<http://ja.wikipedia.org/wiki/房総往還>	<http://wikidata.dbpedia.org/resource/Q85880469>
<http://ja.dbpedia.org/resource/木更津市立木更津第三中学校>	"木更津市立木更津第三中学校"@ja	<http://dbpedia.org/ontology/Agent>	<http://ja.dbpedia.org/property/設置者>	"設置者"@ja	<http://ja.wikipedia.org/wiki/木更津市立木更津第三中学校>	<http://wikidata.dbpedia.org/resource/Q80380332>
<http://ja.dbpedia.org/resource/木更津市立木更津第三中学校>	"木更津市立木更津第三中学校"@ja	<http://dbpedia.org/ontology/Organisation>	<http://ja.dbpedia.org/property/設置者>	"設置者"@ja	<http://ja.wikipedia.org/wiki/木更津市立木更津第三中学校>	<http://wikidata.dbpedia.org/resource/Q80380332>
<http://ja.dbpedia.org/resource/木更津市立木更津第三中学校>	"木更津市立木更津第三中学校"@ja	<http://dbpedia.org/ontology/School>	<http://ja.dbpedia.org/property/設置者>	"設置者"@ja	<http://ja.wikipedia.org/wiki/木更津市立木更津第三中学校>	<http://wikidata.dbpedia.org/resource/Q80380332>
<http://ja.dbpedia.org/resource/木更津市立木更津第三中学校>	"木更津市立木更津第三中学校"@ja	<http://dbpedia.org/ontology/EducationalInstitution>	<http://ja.dbpedia.org/property/設置者>	"設置者"@ja	<http://ja.wikipedia.org/wiki/木更津市立木更津第三中学校>	<http://wikidata.dbpedia.org/resource/Q80380332>
<http://ja.dbpedia.org/resource/木更津市立木更津第二中学校>	"木更津市立木更津第二中学校"@ja	<http://dbpedia.org/ontology/Agent>	<http://ja.dbpedia.org/property/設置者>	"設置者"@ja	<http://ja.wikipedia.org/wiki/木更津市立木更津第二中学校>	<http://wikidata.dbpedia.org/resource/Q11518512>
<http://ja.dbpedia.org/resource/木更津市立木更津第二中学校>	"木更津市立木更津第二中学校"@ja	<http://dbpedia.org/ontology/Organisation>	<http://ja.dbpedia.org/property/設置者>	"設置者"@ja	<http://ja.wikipedia.org/wiki/木更津市立木更津第二中学校>	<http://wikidata.dbpedia.org/resource/Q11518512>
<http://ja.dbpedia.org/resource/木更津市立木更津第二中学校>	"木更津市立木更津第二中学校"@ja	<http://dbpedia.org/ontology/School>	<http://ja.dbpedia.org/property/設置者>	"設置者"@ja	<http://ja.wikipedia.org/wiki/木更津市立木更津第二中学校>	<http://wikidata.dbpedia.org/resource/Q11518512>
<http://ja.dbpedia.org/resource/木更津市立木更津第二中学校>	"木更津市立木更津第二中学校"@ja	<http://dbpedia.org/ontology/EducationalInstitution>	<http://ja.dbpedia.org/property/設置者>	"設置者"@ja	<http://ja.wikipedia.org/wiki/木更津市立木更津第二中学校>	<http://wikidata.dbpedia.org/resource/Q11518512>
<http://ja.dbpedia.org/resource/木更津市立清川中学校>	"木更津市立清川中学校"@ja	<http://dbpedia.org/ontology/EducationalInstitution>	<http://ja.dbpedia.org/property/設置者>	"設置者"@ja	<http://ja.wikipedia.org/wiki/木更津市立清川中学校>	<http://wikidata.dbpedia.org/resource/Q11518513>
<http://ja.dbpedia.org/resource/木更津市立清川中学校>	"木更津市立清川中学校"@ja	<http://dbpedia.org/ontology/School>	<http://ja.dbpedia.org/property/設置者>	"設置者"@ja	<http://ja.wikipedia.org/wiki/木更津市立清川中学校>	<http://wikidata.dbpedia.org/resource/Q11518513>
<http://ja.dbpedia.org/resource/木更津市立清川中学校>	"木更津市立清川中学校"@ja	<http://dbpedia.org/ontology/Agent>	<http://ja.dbpedia.org/property/設置者>	"設置者"@ja	<http://ja.wikipedia.org/wiki/木更津市立清川中学校>	<http://wikidata.dbpedia.org/resource/Q11518513>
<http://ja.dbpedia.org/resource/木更津市立清川中学校>	"木更津市立清川中学校"@ja	<http://dbpedia.org/ontology/Organisation>	<http://ja.dbpedia.org/property/設置者>	"設置者"@ja	<http://ja.wikipedia.org/wiki/木更津市立清川中学校>	<http://wikidata.dbpedia.org/resource/Q11518513>
<http://ja.dbpedia.org/resource/木更津市立清見台小学校>	"木更津市立清見台小学校"@ja	<http://dbpedia.org/ontology/Agent>	<http://ja.dbpedia.org/property/設置者>	"設置者"@ja	<http://ja.wikipedia.org/wiki/木更津市立清見台小学校>	<http://wikidata.dbpedia.org/resource/Q80380303>
<http://ja.dbpedia.org/resource/木更津市立清見台小学校>	"木更津市立清見台小学校"@ja	<http://dbpedia.org/ontology/Organisation>	<http://ja.dbpedia.org/property/設置者>	"設置者"@ja	<http://ja.wikipedia.org/wiki/木更津市立清見台小学校>	<http://wikidata.dbpedia.org/resource/Q80380303>
<http://ja.dbpedia.org/resource/木更津市立清見台小学校>	"木更津市立清見台小学校"@ja	<http://dbpedia.org/ontology/School>	<http://ja.dbpedia.org/property/設置者>	"設置者"@ja	<http://ja.wikipedia.org/wiki/木更津市立清見台小学校>	<http://wikidata.dbpedia.org/resource/Q80380303>
<http://ja.dbpedia.org/resource/木更津市立清見台小学校>	"木更津市立清見台小学校"@ja	<http://dbpedia.org/ontology/EducationalInstitution>	<http://ja.dbpedia.org/property/設置者>	"設置者"@ja	<http://ja.wikipedia.org/wiki/木更津市立清見台小学校>	<http://wikidata.dbpedia.org/resource/Q80380303>
<http://ja.dbpedia.org/resource/木更津市立請西小学校>	"木更津市立請西小学校"@ja	<http://dbpedia.org/ontology/Agent>	<http://ja.dbpedia.org/property/設置者>	"設置者"@ja	<http://ja.wikipedia.org/wiki/木更津市立請西小学校>	<http://wikidata.dbpedia.org/resource/Q11518515>
<http://ja.dbpedia.org/resource/木更津市立請西小学校>	"木更津市立請西小学校"@ja	<http://dbpedia.org/ontology/Organisation>	<http://ja.dbpedia.org/property/設置者>	"設置者"@ja	<http://ja.wikipedia.org/wiki/木更津市立請西小学校>	<http://wikidata.dbpedia.org/resource/Q11518515>
<http://ja.dbpedia.org/resource/木更津市立請西小学校>	"木更津市立請西小学校"@ja	<http://dbpedia.org/ontology/School>	<http://ja.dbpedia.org/property/設置者>	"設置者"@ja	<http://ja.wikipedia.org/wiki/木更津市立請西小学校>	<http://wikidata.dbpedia.org/resource/Q11518515>
<http://ja.dbpedia.org/resource/木更津市立請西小学校>	"木更津市立請西小学校"@ja	<http://dbpedia.org/ontology/EducationalInstitution>	<http://ja.dbpedia.org/property/設置者>	"設置者"@ja	<http://ja.wikipedia.org/wiki/木更津市立請西小学校>	<http://wikidata.dbpedia.org/resource/Q11518515>
<http://ja.dbpedia.org/resource/木更津市立鎌足中学校>	"木更津市立鎌足中学校"@ja	<http://dbpedia.org/ontology/Organisation>	<http://ja.dbpedia.org/property/設置者>	"設置者"@ja	<http://ja.wikipedia.org/wiki/木更津市立鎌足中学校>	<http://wikidata.dbpedia.org/resource/Q48756006>
<http://ja.dbpedia.org/resource/木更津市立鎌足中学校>	"木更津市立鎌足中学校"@ja	<http://dbpedia.org/ontology/Agent>	<http://ja.dbpedia.org/property/設置者>	"設置者"@ja	<http://ja.wikipedia.org/wiki/木更津市立鎌足中学校>	<http://wikidata.dbpedia.org/resource/Q48756006>
<http://ja.dbpedia.org/resource/木更津市立鎌足中学校>	"木更津市立鎌足中学校"@ja	<http://dbpedia.org/ontology/EducationalInstitution>	<http://ja.dbpedia.org/property/設置者>	"設置者"@ja	<http://ja.wikipedia.org/wiki/木更津市立鎌足中学校>	<http://wikidata.dbpedia.org/resource/Q48756006>
<http://ja.dbpedia.org/resource/木更津市立鎌足中学校>	"木更津市立鎌足中学校"@ja	<http://dbpedia.org/ontology/School>	<http://ja.dbpedia.org/property/設置者>	"設置者"@ja	<http://ja.wikipedia.org/wiki/木更津市立鎌足中学校>	<http://wikidata.dbpedia.org/resource/Q48756006>
<http://ja.dbpedia.org/resource/木更津市立鎌足小学校>	"木更津市立鎌足小学校"@ja	<http://dbpedia.org/ontology/Agent>	<http://ja.dbpedia.org/property/設置者>	"設置者"@ja	<http://ja.wikipedia.org/wiki/木更津市立鎌足小学校>	<http://wikidata.dbpedia.org/resource/Q48756023>
<http://ja.dbpedia.org/resource/木更津市立鎌足小学校>	"木更津市立鎌足小学校"@ja	<http://dbpedia.org/ontology/Organisation>	<http://ja.dbpedia.org/property/設置者>	"設置者"@ja	<http://ja.wikipedia.org/wiki/木更津市立鎌足小学校>	<http://wikidata.dbpedia.org/resource/Q48756023>
<http://ja.dbpedia.org/resource/木更津市立鎌足小学校>	"木更津市立鎌足小学校"@ja	<http://dbpedia.org/ontology/School>	<http://ja.dbpedia.org/property/設置者>	"設置者"@ja	<http://ja.wikipedia.org/wiki/木更津市立鎌足小学校>	<http://wikidata.dbpedia.org/resource/Q48756023>
<http://ja.dbpedia.org/resource/木更津市立鎌足小学校>	"木更津市立鎌足小学校"@ja	<http://dbpedia.org/ontology/EducationalInstitution>	<http://ja.dbpedia.org/property/設置者>	"設置者"@ja	<http://ja.wikipedia.org/wiki/木更津市立鎌足小学校>	<http://wikidata.dbpedia.org/resource/Q48756023>
<http://ja.dbpedia.org/resource/木更津市郷土博物館金のすず>	"木更津市郷土博物館金のすず"@ja	<http://dbpedia.org/ontology/Museum>	<http://ja.dbpedia.org/property/事業主体>	"事業主体"@ja	<http://ja.wikipedia.org/wiki/木更津市郷土博物館金のすず>	<http://wikidata.dbpedia.org/resource/Q91380712>
<http://ja.dbpedia.org/resource/木更津市郷土博物館金のすず>	"木更津市郷土博物館金のすず"@ja	<http://dbpedia.org/ontology/ArchitecturalStructure>	<http://ja.dbpedia.org/property/事業主体>	"事業主体"@ja	<http://ja.wikipedia.org/wiki/木更津市郷土博物館金のすず>	<http://wikidata.dbpedia.org/resource/Q91380712>
<http://ja.dbpedia.org/resource/木更津市郷土博物館金のすず>	"木更津市郷土博物館金のすず"@ja	<http://dbpedia.org/ontology/Building>	<http://ja.dbpedia.org/property/事業主体>	"事業主体"@ja	<http://ja.wikipedia.org/wiki/木更津市郷土博物館金のすず>	<http://wikidata.dbpedia.org/resource/Q91380712>
<http://ja.dbpedia.org/resource/袖ケ浦市>	"袖ケ浦市"@ja	<http://dbpedia.org/ontology/Place>	<http://ja.dbpedia.org/property/隣接自治体>	"隣接自治体"@ja	<http://ja.wikipedia.org/wiki/袖ケ浦市>	<http://wikidata.dbpedia.org/resource/Q646847>
<http://ja.dbpedia.org/resource/袖ケ浦市>	"袖ケ浦市"@ja	<http://dbpedia.org/ontology/City>	<http://ja.dbpedia.org/property/隣接自治体>	"隣接自治体"@ja	<http://ja.wikipedia.org/wiki/袖ケ浦市>	<http://wikidata.dbpedia.org/resource/Q646847>
<http://ja.dbpedia.org/resource/袖ケ浦市>	"袖ケ浦市"@ja	<http://dbpedia.org/ontology/Location>	<http://ja.dbpedia.org/property/隣接自治体>	"隣接自治体"@ja	<http://ja.wikipedia.org/wiki/袖ケ浦市>	<http://wikidata.dbpedia.org/resource/Q646847>
<http://ja.dbpedia.org/resource/袖ケ浦市>	"袖ケ浦市"@ja	<http://dbpedia.org/ontology/PopulatedPlace>	<http://ja.dbpedia.org/property/隣接自治体>	"隣接自治体"@ja	<http://ja.wikipedia.org/wiki/袖ケ浦市>	<http://wikidata.dbpedia.org/resource/Q646847>
<http://ja.dbpedia.org/resource/袖ケ浦市>	"袖ケ浦市"@ja	<http://dbpedia.org/ontology/Settlement>	<http://ja.dbpedia.org/property/隣接自治体>	"隣接自治体"@ja	<http://ja.wikipedia.org/wiki/袖ケ浦市>	<http://wikidata.dbpedia.org/resource/Q646847>
<http://ja.dbpedia.org/resource/館山自動車道>	"館山自動車道"@ja	<http://dbpedia.org/ontology/RouteOfTransportation>	<http://ja.dbpedia.org/property/主な経由都市>	"主な経由都市"@ja	<http://ja.wikipedia.org/wiki/館山自動車道>	<http://wikidata.dbpedia.org/resource/Q7688020>
<http://ja.dbpedia.org/resource/館山自動車道>	"館山自動車道"@ja	<http://dbpedia.org/ontology/Infrastructure>	<http://ja.dbpedia.org/property/主な経由都市>	"主な経由都市"@ja	<http://ja.wikipedia.org/wiki/館山自動車道>	<http://wikidata.dbpedia.org/resource/Q7688020>
<http://ja.dbpedia.org/resource/館山自動車道>	"館山自動車道"@ja	<http://dbpedia.org/ontology/Road>	<http://ja.dbpedia.org/property/主な経由都市>	"主な経由都市"@ja	<http://ja.wikipedia.org/wiki/館山自動車道>	<http://wikidata.dbpedia.org/resource/Q7688020>
<http://ja.dbpedia.org/resource/館山自動車道>	"館山自動車道"@ja	<http://dbpedia.org/ontology/ArchitecturalStructure>	<http://ja.dbpedia.org/property/主な経由都市>	"主な経由都市"@ja	<http://ja.wikipedia.org/wiki/館山自動車道>	<http://wikidata.dbpedia.org/resource/Q7688020>
