?s	?sLabel	?type	?p	?pLabel	?jwiki	?wd
<http://ja.dbpedia.org/resource/千葉県道88号富津館山線>	"千葉県道88号富津館山線"@ja	<http://dbpedia.org/ontology/Road>	<http://ja.dbpedia.org/property/endingTerminus>	"ending terminus"@ja	<http://ja.wikipedia.org/wiki/千葉県道88号富津館山線>	<http://wikidata.dbpedia.org/resource/Q11406671>
<http://ja.dbpedia.org/resource/千葉県道88号富津館山線>	"千葉県道88号富津館山線"@ja	<http://dbpedia.org/ontology/Infrastructure>	<http://ja.dbpedia.org/property/endingTerminus>	"ending terminus"@ja	<http://ja.wikipedia.org/wiki/千葉県道88号富津館山線>	<http://wikidata.dbpedia.org/resource/Q11406671>
<http://ja.dbpedia.org/resource/千葉県道88号富津館山線>	"千葉県道88号富津館山線"@ja	<http://dbpedia.org/ontology/ArchitecturalStructure>	<http://ja.dbpedia.org/property/endingTerminus>	"ending terminus"@ja	<http://ja.wikipedia.org/wiki/千葉県道88号富津館山線>	<http://wikidata.dbpedia.org/resource/Q11406671>
<http://ja.dbpedia.org/resource/千葉県道88号富津館山線>	"千葉県道88号富津館山線"@ja	<http://dbpedia.org/ontology/RouteOfTransportation>	<http://ja.dbpedia.org/property/endingTerminus>	"ending terminus"@ja	<http://ja.wikipedia.org/wiki/千葉県道88号富津館山線>	<http://wikidata.dbpedia.org/resource/Q11406671>
<http://ja.dbpedia.org/resource/南房総市>	"南房総市"@ja	<http://dbpedia.org/ontology/City>	<http://ja.dbpedia.org/property/隣接自治体>	"隣接自治体"@ja	<http://ja.wikipedia.org/wiki/南房総市>	<http://wikidata.dbpedia.org/resource/Q873521>
<http://ja.dbpedia.org/resource/南房総市>	"南房総市"@ja	<http://dbpedia.org/ontology/Settlement>	<http://ja.dbpedia.org/property/隣接自治体>	"隣接自治体"@ja	<http://ja.wikipedia.org/wiki/南房総市>	<http://wikidata.dbpedia.org/resource/Q873521>
<http://ja.dbpedia.org/resource/南房総市>	"南房総市"@ja	<http://dbpedia.org/ontology/Place>	<http://ja.dbpedia.org/property/隣接自治体>	"隣接自治体"@ja	<http://ja.wikipedia.org/wiki/南房総市>	<http://wikidata.dbpedia.org/resource/Q873521>
<http://ja.dbpedia.org/resource/南房総市>	"南房総市"@ja	<http://dbpedia.org/ontology/PopulatedPlace>	<http://ja.dbpedia.org/property/隣接自治体>	"隣接自治体"@ja	<http://ja.wikipedia.org/wiki/南房総市>	<http://wikidata.dbpedia.org/resource/Q873521>
<http://ja.dbpedia.org/resource/南房総市>	"南房総市"@ja	<http://dbpedia.org/ontology/Location>	<http://ja.dbpedia.org/property/隣接自治体>	"隣接自治体"@ja	<http://ja.wikipedia.org/wiki/南房総市>	<http://wikidata.dbpedia.org/resource/Q873521>
<http://ja.dbpedia.org/resource/太平洋岸自転車道>	"太平洋岸自転車道"@ja	<http://dbpedia.org/ontology/Road>	<http://ja.dbpedia.org/property/主な経由都市>	"主な経由都市"@ja	<http://ja.wikipedia.org/wiki/太平洋岸自転車道>	<http://wikidata.dbpedia.org/resource/Q11443973>
<http://ja.dbpedia.org/resource/太平洋岸自転車道>	"太平洋岸自転車道"@ja	<http://dbpedia.org/ontology/Infrastructure>	<http://ja.dbpedia.org/property/主な経由都市>	"主な経由都市"@ja	<http://ja.wikipedia.org/wiki/太平洋岸自転車道>	<http://wikidata.dbpedia.org/resource/Q11443973>
<http://ja.dbpedia.org/resource/太平洋岸自転車道>	"太平洋岸自転車道"@ja	<http://dbpedia.org/ontology/ArchitecturalStructure>	<http://ja.dbpedia.org/property/主な経由都市>	"主な経由都市"@ja	<http://ja.wikipedia.org/wiki/太平洋岸自転車道>	<http://wikidata.dbpedia.org/resource/Q11443973>
<http://ja.dbpedia.org/resource/太平洋岸自転車道>	"太平洋岸自転車道"@ja	<http://dbpedia.org/ontology/RouteOfTransportation>	<http://ja.dbpedia.org/property/主な経由都市>	"主な経由都市"@ja	<http://ja.wikipedia.org/wiki/太平洋岸自転車道>	<http://wikidata.dbpedia.org/resource/Q11443973>
<http://ja.dbpedia.org/resource/布良>	"布良"@ja	<http://dbpedia.org/ontology/Settlement>	<http://ja.dbpedia.org/property/subdivisionName>	"subdivision name"@ja	<http://ja.wikipedia.org/wiki/布良>	<http://wikidata.dbpedia.org/resource/Q94608981>
<http://ja.dbpedia.org/resource/布良>	"布良"@ja	<http://dbpedia.org/ontology/Location>	<http://ja.dbpedia.org/property/subdivisionName>	"subdivision name"@ja	<http://ja.wikipedia.org/wiki/布良>	<http://wikidata.dbpedia.org/resource/Q94608981>
<http://ja.dbpedia.org/resource/布良>	"布良"@ja	<http://dbpedia.org/ontology/PopulatedPlace>	<http://ja.dbpedia.org/property/subdivisionName>	"subdivision name"@ja	<http://ja.wikipedia.org/wiki/布良>	<http://wikidata.dbpedia.org/resource/Q94608981>
<http://ja.dbpedia.org/resource/布良>	"布良"@ja	<http://dbpedia.org/ontology/Place>	<http://ja.dbpedia.org/property/subdivisionName>	"subdivision name"@ja	<http://ja.wikipedia.org/wiki/布良>	<http://wikidata.dbpedia.org/resource/Q94608981>
<http://ja.dbpedia.org/resource/洲崎_(千葉県)>	"洲崎 (千葉県)"@ja	<http://dbpedia.org/ontology/Settlement>	<http://ja.dbpedia.org/property/subdivisionName>	"subdivision name"@ja	<http://ja.wikipedia.org/wiki/洲崎_(千葉県)>	<http://wikidata.dbpedia.org/resource/Q5035076>
<http://ja.dbpedia.org/resource/洲崎_(千葉県)>	"洲崎 (千葉県)"@ja	<http://dbpedia.org/ontology/Location>	<http://ja.dbpedia.org/property/subdivisionName>	"subdivision name"@ja	<http://ja.wikipedia.org/wiki/洲崎_(千葉県)>	<http://wikidata.dbpedia.org/resource/Q5035076>
<http://ja.dbpedia.org/resource/洲崎_(千葉県)>	"洲崎 (千葉県)"@ja	<http://dbpedia.org/ontology/PopulatedPlace>	<http://ja.dbpedia.org/property/subdivisionName>	"subdivision name"@ja	<http://ja.wikipedia.org/wiki/洲崎_(千葉県)>	<http://wikidata.dbpedia.org/resource/Q5035076>
<http://ja.dbpedia.org/resource/洲崎_(千葉県)>	"洲崎 (千葉県)"@ja	<http://dbpedia.org/ontology/Place>	<http://ja.dbpedia.org/property/subdivisionName>	"subdivision name"@ja	<http://ja.wikipedia.org/wiki/洲崎_(千葉県)>	<http://wikidata.dbpedia.org/resource/Q5035076>
<http://ja.dbpedia.org/resource/館山城>	"館山城"@ja	<http://dbpedia.org/ontology/ArchitecturalStructure>	<http://ja.dbpedia.org/property/専門分野>	"専門分野"@ja	<http://ja.wikipedia.org/wiki/館山城>	<http://wikidata.dbpedia.org/resource/Q2970766>
<http://ja.dbpedia.org/resource/館山城>	"館山城"@ja	<http://dbpedia.org/ontology/Building>	<http://ja.dbpedia.org/property/専門分野>	"専門分野"@ja	<http://ja.wikipedia.org/wiki/館山城>	<http://wikidata.dbpedia.org/resource/Q2970766>
<http://ja.dbpedia.org/resource/館山城>	"館山城"@ja	<http://dbpedia.org/ontology/Museum>	<http://ja.dbpedia.org/property/専門分野>	"専門分野"@ja	<http://ja.wikipedia.org/wiki/館山城>	<http://wikidata.dbpedia.org/resource/Q2970766>
