?s	?sLabel	?type	?p	?pLabel	?jwiki	?wd
<http://ja.dbpedia.org/resource/剣淵町>	"剣淵町"@ja	<http://dbpedia.org/ontology/City>	<http://ja.dbpedia.org/property/隣接自治体>	"隣接自治体"@ja	<http://ja.wikipedia.org/wiki/剣淵町>	<http://wikidata.dbpedia.org/resource/Q1210574>
<http://ja.dbpedia.org/resource/剣淵町>	"剣淵町"@ja	<http://dbpedia.org/ontology/Settlement>	<http://ja.dbpedia.org/property/隣接自治体>	"隣接自治体"@ja	<http://ja.wikipedia.org/wiki/剣淵町>	<http://wikidata.dbpedia.org/resource/Q1210574>
<http://ja.dbpedia.org/resource/剣淵町>	"剣淵町"@ja	<http://dbpedia.org/ontology/Place>	<http://ja.dbpedia.org/property/隣接自治体>	"隣接自治体"@ja	<http://ja.wikipedia.org/wiki/剣淵町>	<http://wikidata.dbpedia.org/resource/Q1210574>
<http://ja.dbpedia.org/resource/剣淵町>	"剣淵町"@ja	<http://dbpedia.org/ontology/PopulatedPlace>	<http://ja.dbpedia.org/property/隣接自治体>	"隣接自治体"@ja	<http://ja.wikipedia.org/wiki/剣淵町>	<http://wikidata.dbpedia.org/resource/Q1210574>
<http://ja.dbpedia.org/resource/剣淵町>	"剣淵町"@ja	<http://dbpedia.org/ontology/Location>	<http://ja.dbpedia.org/property/隣接自治体>	"隣接自治体"@ja	<http://ja.wikipedia.org/wiki/剣淵町>	<http://wikidata.dbpedia.org/resource/Q1210574>
<http://ja.dbpedia.org/resource/士別市立博物館>	"士別市立博物館"@ja	<http://dbpedia.org/ontology/Building>	<http://ja.dbpedia.org/property/管理運営>	"管理運営"@ja	<http://ja.wikipedia.org/wiki/士別市立博物館>	<http://wikidata.dbpedia.org/resource/Q109524390>
<http://ja.dbpedia.org/resource/士別市立博物館>	"士別市立博物館"@ja	<http://dbpedia.org/ontology/Museum>	<http://ja.dbpedia.org/property/管理運営>	"管理運営"@ja	<http://ja.wikipedia.org/wiki/士別市立博物館>	<http://wikidata.dbpedia.org/resource/Q109524390>
<http://ja.dbpedia.org/resource/士別市立博物館>	"士別市立博物館"@ja	<http://dbpedia.org/ontology/ArchitecturalStructure>	<http://ja.dbpedia.org/property/管理運営>	"管理運営"@ja	<http://ja.wikipedia.org/wiki/士別市立博物館>	<http://wikidata.dbpedia.org/resource/Q109524390>
<http://ja.dbpedia.org/resource/士別市立士別小学校>	"士別市立士別小学校"@ja	<http://dbpedia.org/ontology/School>	<http://ja.dbpedia.org/property/設置者>	"設置者"@ja	<http://ja.wikipedia.org/wiki/士別市立士別小学校>	<http://wikidata.dbpedia.org/resource/Q105377464>
<http://ja.dbpedia.org/resource/士別市立士別小学校>	"士別市立士別小学校"@ja	<http://dbpedia.org/ontology/Organisation>	<http://ja.dbpedia.org/property/設置者>	"設置者"@ja	<http://ja.wikipedia.org/wiki/士別市立士別小学校>	<http://wikidata.dbpedia.org/resource/Q105377464>
<http://ja.dbpedia.org/resource/士別市立士別小学校>	"士別市立士別小学校"@ja	<http://dbpedia.org/ontology/EducationalInstitution>	<http://ja.dbpedia.org/property/設置者>	"設置者"@ja	<http://ja.wikipedia.org/wiki/士別市立士別小学校>	<http://wikidata.dbpedia.org/resource/Q105377464>
<http://ja.dbpedia.org/resource/士別市立士別小学校>	"士別市立士別小学校"@ja	<http://dbpedia.org/ontology/Agent>	<http://ja.dbpedia.org/property/設置者>	"設置者"@ja	<http://ja.wikipedia.org/wiki/士別市立士別小学校>	<http://wikidata.dbpedia.org/resource/Q105377464>
<http://ja.dbpedia.org/resource/士別市立士別西小学校>	"士別市立士別西小学校"@ja	<http://dbpedia.org/ontology/Agent>	<http://ja.dbpedia.org/property/設置者>	"設置者"@ja	<http://ja.wikipedia.org/wiki/士別市立士別西小学校>	<http://wikidata.dbpedia.org/resource/Q106371399>
<http://ja.dbpedia.org/resource/士別市立士別西小学校>	"士別市立士別西小学校"@ja	<http://dbpedia.org/ontology/School>	<http://ja.dbpedia.org/property/設置者>	"設置者"@ja	<http://ja.wikipedia.org/wiki/士別市立士別西小学校>	<http://wikidata.dbpedia.org/resource/Q106371399>
<http://ja.dbpedia.org/resource/士別市立士別西小学校>	"士別市立士別西小学校"@ja	<http://dbpedia.org/ontology/EducationalInstitution>	<http://ja.dbpedia.org/property/設置者>	"設置者"@ja	<http://ja.wikipedia.org/wiki/士別市立士別西小学校>	<http://wikidata.dbpedia.org/resource/Q106371399>
<http://ja.dbpedia.org/resource/士別市立士別西小学校>	"士別市立士別西小学校"@ja	<http://dbpedia.org/ontology/Organisation>	<http://ja.dbpedia.org/property/設置者>	"設置者"@ja	<http://ja.wikipedia.org/wiki/士別市立士別西小学校>	<http://wikidata.dbpedia.org/resource/Q106371399>
<http://ja.dbpedia.org/resource/幌加内町>	"幌加内町"@ja	<http://dbpedia.org/ontology/City>	<http://ja.dbpedia.org/property/隣接自治体>	"隣接自治体"@ja	<http://ja.wikipedia.org/wiki/幌加内町>	<http://wikidata.dbpedia.org/resource/Q1355616>
<http://ja.dbpedia.org/resource/幌加内町>	"幌加内町"@ja	<http://dbpedia.org/ontology/PopulatedPlace>	<http://ja.dbpedia.org/property/隣接自治体>	"隣接自治体"@ja	<http://ja.wikipedia.org/wiki/幌加内町>	<http://wikidata.dbpedia.org/resource/Q1355616>
<http://ja.dbpedia.org/resource/幌加内町>	"幌加内町"@ja	<http://dbpedia.org/ontology/Place>	<http://ja.dbpedia.org/property/隣接自治体>	"隣接自治体"@ja	<http://ja.wikipedia.org/wiki/幌加内町>	<http://wikidata.dbpedia.org/resource/Q1355616>
<http://ja.dbpedia.org/resource/幌加内町>	"幌加内町"@ja	<http://dbpedia.org/ontology/Location>	<http://ja.dbpedia.org/property/隣接自治体>	"隣接自治体"@ja	<http://ja.wikipedia.org/wiki/幌加内町>	<http://wikidata.dbpedia.org/resource/Q1355616>
<http://ja.dbpedia.org/resource/幌加内町>	"幌加内町"@ja	<http://dbpedia.org/ontology/Settlement>	<http://ja.dbpedia.org/property/隣接自治体>	"隣接自治体"@ja	<http://ja.wikipedia.org/wiki/幌加内町>	<http://wikidata.dbpedia.org/resource/Q1355616>
<http://ja.dbpedia.org/resource/愛別町>	"愛別町"@ja	<http://dbpedia.org/ontology/City>	<http://ja.dbpedia.org/property/隣接自治体>	"隣接自治体"@ja	<http://ja.wikipedia.org/wiki/愛別町>	<http://wikidata.dbpedia.org/resource/Q1355434>
<http://ja.dbpedia.org/resource/愛別町>	"愛別町"@ja	<http://dbpedia.org/ontology/PopulatedPlace>	<http://ja.dbpedia.org/property/隣接自治体>	"隣接自治体"@ja	<http://ja.wikipedia.org/wiki/愛別町>	<http://wikidata.dbpedia.org/resource/Q1355434>
<http://ja.dbpedia.org/resource/愛別町>	"愛別町"@ja	<http://dbpedia.org/ontology/Location>	<http://ja.dbpedia.org/property/隣接自治体>	"隣接自治体"@ja	<http://ja.wikipedia.org/wiki/愛別町>	<http://wikidata.dbpedia.org/resource/Q1355434>
<http://ja.dbpedia.org/resource/愛別町>	"愛別町"@ja	<http://dbpedia.org/ontology/Settlement>	<http://ja.dbpedia.org/property/隣接自治体>	"隣接自治体"@ja	<http://ja.wikipedia.org/wiki/愛別町>	<http://wikidata.dbpedia.org/resource/Q1355434>
<http://ja.dbpedia.org/resource/愛別町>	"愛別町"@ja	<http://dbpedia.org/ontology/Place>	<http://ja.dbpedia.org/property/隣接自治体>	"隣接自治体"@ja	<http://ja.wikipedia.org/wiki/愛別町>	<http://wikidata.dbpedia.org/resource/Q1355434>
<http://ja.dbpedia.org/resource/比布町>	"比布町"@ja	<http://dbpedia.org/ontology/Settlement>	<http://ja.dbpedia.org/property/隣接自治体>	"隣接自治体"@ja	<http://ja.wikipedia.org/wiki/比布町>	<http://wikidata.dbpedia.org/resource/Q1355549>
<http://ja.dbpedia.org/resource/比布町>	"比布町"@ja	<http://dbpedia.org/ontology/PopulatedPlace>	<http://ja.dbpedia.org/property/隣接自治体>	"隣接自治体"@ja	<http://ja.wikipedia.org/wiki/比布町>	<http://wikidata.dbpedia.org/resource/Q1355549>
<http://ja.dbpedia.org/resource/比布町>	"比布町"@ja	<http://dbpedia.org/ontology/Place>	<http://ja.dbpedia.org/property/隣接自治体>	"隣接自治体"@ja	<http://ja.wikipedia.org/wiki/比布町>	<http://wikidata.dbpedia.org/resource/Q1355549>
<http://ja.dbpedia.org/resource/比布町>	"比布町"@ja	<http://dbpedia.org/ontology/City>	<http://ja.dbpedia.org/property/隣接自治体>	"隣接自治体"@ja	<http://ja.wikipedia.org/wiki/比布町>	<http://wikidata.dbpedia.org/resource/Q1355549>
<http://ja.dbpedia.org/resource/比布町>	"比布町"@ja	<http://dbpedia.org/ontology/Location>	<http://ja.dbpedia.org/property/隣接自治体>	"隣接自治体"@ja	<http://ja.wikipedia.org/wiki/比布町>	<http://wikidata.dbpedia.org/resource/Q1355549>
<http://ja.dbpedia.org/resource/滝上町>	"滝上町"@ja	<http://dbpedia.org/ontology/Settlement>	<http://ja.dbpedia.org/property/隣接自治体>	"隣接自治体"@ja	<http://ja.wikipedia.org/wiki/滝上町>	<http://wikidata.dbpedia.org/resource/Q1348703>
<http://ja.dbpedia.org/resource/滝上町>	"滝上町"@ja	<http://dbpedia.org/ontology/Place>	<http://ja.dbpedia.org/property/隣接自治体>	"隣接自治体"@ja	<http://ja.wikipedia.org/wiki/滝上町>	<http://wikidata.dbpedia.org/resource/Q1348703>
<http://ja.dbpedia.org/resource/滝上町>	"滝上町"@ja	<http://dbpedia.org/ontology/City>	<http://ja.dbpedia.org/property/隣接自治体>	"隣接自治体"@ja	<http://ja.wikipedia.org/wiki/滝上町>	<http://wikidata.dbpedia.org/resource/Q1348703>
<http://ja.dbpedia.org/resource/滝上町>	"滝上町"@ja	<http://dbpedia.org/ontology/PopulatedPlace>	<http://ja.dbpedia.org/property/隣接自治体>	"隣接自治体"@ja	<http://ja.wikipedia.org/wiki/滝上町>	<http://wikidata.dbpedia.org/resource/Q1348703>
<http://ja.dbpedia.org/resource/滝上町>	"滝上町"@ja	<http://dbpedia.org/ontology/Location>	<http://ja.dbpedia.org/property/隣接自治体>	"隣接自治体"@ja	<http://ja.wikipedia.org/wiki/滝上町>	<http://wikidata.dbpedia.org/resource/Q1348703>
