?s	?sLabel	?type	?p	?pLabel	?jwiki	?wd
<http://ja.dbpedia.org/resource/匝瑳市>	"匝瑳市"@ja	<http://dbpedia.org/ontology/City>	<http://ja.dbpedia.org/property/隣接自治体>	"隣接自治体"@ja	<http://ja.wikipedia.org/wiki/匝瑳市>	<http://wikidata.dbpedia.org/resource/Q858367>
<http://ja.dbpedia.org/resource/匝瑳市>	"匝瑳市"@ja	<http://dbpedia.org/ontology/PopulatedPlace>	<http://ja.dbpedia.org/property/northeast>	"Northeast"@ja	<http://ja.wikipedia.org/wiki/匝瑳市>	<http://wikidata.dbpedia.org/resource/Q858367>
<http://ja.dbpedia.org/resource/匝瑳市>	"匝瑳市"@ja	<http://dbpedia.org/ontology/Place>	<http://ja.dbpedia.org/property/隣接自治体>	"隣接自治体"@ja	<http://ja.wikipedia.org/wiki/匝瑳市>	<http://wikidata.dbpedia.org/resource/Q858367>
<http://ja.dbpedia.org/resource/匝瑳市>	"匝瑳市"@ja	<http://dbpedia.org/ontology/Settlement>	<http://ja.dbpedia.org/property/northeast>	"Northeast"@ja	<http://ja.wikipedia.org/wiki/匝瑳市>	<http://wikidata.dbpedia.org/resource/Q858367>
<http://ja.dbpedia.org/resource/匝瑳市>	"匝瑳市"@ja	<http://dbpedia.org/ontology/Location>	<http://ja.dbpedia.org/property/northeast>	"Northeast"@ja	<http://ja.wikipedia.org/wiki/匝瑳市>	<http://wikidata.dbpedia.org/resource/Q858367>
<http://ja.dbpedia.org/resource/匝瑳市>	"匝瑳市"@ja	<http://dbpedia.org/ontology/Location>	<http://ja.dbpedia.org/property/隣接自治体>	"隣接自治体"@ja	<http://ja.wikipedia.org/wiki/匝瑳市>	<http://wikidata.dbpedia.org/resource/Q858367>
<http://ja.dbpedia.org/resource/匝瑳市>	"匝瑳市"@ja	<http://dbpedia.org/ontology/Place>	<http://ja.dbpedia.org/property/northeast>	"Northeast"@ja	<http://ja.wikipedia.org/wiki/匝瑳市>	<http://wikidata.dbpedia.org/resource/Q858367>
<http://ja.dbpedia.org/resource/匝瑳市>	"匝瑳市"@ja	<http://dbpedia.org/ontology/PopulatedPlace>	<http://ja.dbpedia.org/property/隣接自治体>	"隣接自治体"@ja	<http://ja.wikipedia.org/wiki/匝瑳市>	<http://wikidata.dbpedia.org/resource/Q858367>
<http://ja.dbpedia.org/resource/匝瑳市>	"匝瑳市"@ja	<http://dbpedia.org/ontology/City>	<http://ja.dbpedia.org/property/northeast>	"Northeast"@ja	<http://ja.wikipedia.org/wiki/匝瑳市>	<http://wikidata.dbpedia.org/resource/Q858367>
<http://ja.dbpedia.org/resource/匝瑳市>	"匝瑳市"@ja	<http://dbpedia.org/ontology/Settlement>	<http://ja.dbpedia.org/property/隣接自治体>	"隣接自治体"@ja	<http://ja.wikipedia.org/wiki/匝瑳市>	<http://wikidata.dbpedia.org/resource/Q858367>
<http://ja.dbpedia.org/resource/千葉県立九十九里自然公園>	"千葉県立九十九里自然公園"@ja	<http://dbpedia.org/ontology/Park>	<http://ja.dbpedia.org/property/都市>	"都市"@ja	<http://ja.wikipedia.org/wiki/千葉県立九十九里自然公園>	<http://wikidata.dbpedia.org/resource/Q6442390>
<http://ja.dbpedia.org/resource/千葉県立九十九里自然公園>	"千葉県立九十九里自然公園"@ja	<http://dbpedia.org/ontology/Location>	<http://ja.dbpedia.org/property/都市>	"都市"@ja	<http://ja.wikipedia.org/wiki/千葉県立九十九里自然公園>	<http://wikidata.dbpedia.org/resource/Q6442390>
<http://ja.dbpedia.org/resource/千葉県立九十九里自然公園>	"千葉県立九十九里自然公園"@ja	<http://dbpedia.org/ontology/Place>	<http://ja.dbpedia.org/property/都市>	"都市"@ja	<http://ja.wikipedia.org/wiki/千葉県立九十九里自然公園>	<http://wikidata.dbpedia.org/resource/Q6442390>
<http://ja.dbpedia.org/resource/千葉県道70号大栄栗源干潟線>	"千葉県道70号大栄栗源干潟線"@ja	<http://dbpedia.org/ontology/Infrastructure>	<http://ja.dbpedia.org/property/終点>	"終点"@ja	<http://ja.wikipedia.org/wiki/千葉県道70号大栄栗源干潟線>	<http://wikidata.dbpedia.org/resource/Q11406654>
<http://ja.dbpedia.org/resource/千葉県道70号大栄栗源干潟線>	"千葉県道70号大栄栗源干潟線"@ja	<http://dbpedia.org/ontology/RouteOfTransportation>	<http://ja.dbpedia.org/property/終点>	"終点"@ja	<http://ja.wikipedia.org/wiki/千葉県道70号大栄栗源干潟線>	<http://wikidata.dbpedia.org/resource/Q11406654>
<http://ja.dbpedia.org/resource/千葉県道70号大栄栗源干潟線>	"千葉県道70号大栄栗源干潟線"@ja	<http://dbpedia.org/ontology/ArchitecturalStructure>	<http://ja.dbpedia.org/property/終点>	"終点"@ja	<http://ja.wikipedia.org/wiki/千葉県道70号大栄栗源干潟線>	<http://wikidata.dbpedia.org/resource/Q11406654>
<http://ja.dbpedia.org/resource/千葉県道70号大栄栗源干潟線>	"千葉県道70号大栄栗源干潟線"@ja	<http://dbpedia.org/ontology/Road>	<http://ja.dbpedia.org/property/終点>	"終点"@ja	<http://ja.wikipedia.org/wiki/千葉県道70号大栄栗源干潟線>	<http://wikidata.dbpedia.org/resource/Q11406654>
<http://ja.dbpedia.org/resource/千葉県道73号銚子海上線>	"千葉県道73号銚子海上線"@ja	<http://dbpedia.org/ontology/RouteOfTransportation>	<http://ja.dbpedia.org/property/終点>	"終点"@ja	<http://ja.wikipedia.org/wiki/千葉県道73号銚子海上線>	<http://wikidata.dbpedia.org/resource/Q11406656>
<http://ja.dbpedia.org/resource/千葉県道73号銚子海上線>	"千葉県道73号銚子海上線"@ja	<http://dbpedia.org/ontology/Infrastructure>	<http://ja.dbpedia.org/property/終点>	"終点"@ja	<http://ja.wikipedia.org/wiki/千葉県道73号銚子海上線>	<http://wikidata.dbpedia.org/resource/Q11406656>
<http://ja.dbpedia.org/resource/千葉県道73号銚子海上線>	"千葉県道73号銚子海上線"@ja	<http://dbpedia.org/ontology/Road>	<http://ja.dbpedia.org/property/終点>	"終点"@ja	<http://ja.wikipedia.org/wiki/千葉県道73号銚子海上線>	<http://wikidata.dbpedia.org/resource/Q11406656>
<http://ja.dbpedia.org/resource/千葉県道73号銚子海上線>	"千葉県道73号銚子海上線"@ja	<http://dbpedia.org/ontology/ArchitecturalStructure>	<http://ja.dbpedia.org/property/終点>	"終点"@ja	<http://ja.wikipedia.org/wiki/千葉県道73号銚子海上線>	<http://wikidata.dbpedia.org/resource/Q11406656>
<http://ja.dbpedia.org/resource/旭市立海上中学校>	"旭市立海上中学校"@ja	<http://dbpedia.org/ontology/Agent>	<http://ja.dbpedia.org/property/設置者>	"設置者"@ja	<http://ja.wikipedia.org/wiki/旭市立海上中学校>	<http://wikidata.dbpedia.org/resource/Q97217977>
<http://ja.dbpedia.org/resource/旭市立海上中学校>	"旭市立海上中学校"@ja	<http://dbpedia.org/ontology/Organisation>	<http://ja.dbpedia.org/property/設置者>	"設置者"@ja	<http://ja.wikipedia.org/wiki/旭市立海上中学校>	<http://wikidata.dbpedia.org/resource/Q97217977>
<http://ja.dbpedia.org/resource/旭市立海上中学校>	"旭市立海上中学校"@ja	<http://dbpedia.org/ontology/School>	<http://ja.dbpedia.org/property/設置者>	"設置者"@ja	<http://ja.wikipedia.org/wiki/旭市立海上中学校>	<http://wikidata.dbpedia.org/resource/Q97217977>
<http://ja.dbpedia.org/resource/旭市立海上中学校>	"旭市立海上中学校"@ja	<http://dbpedia.org/ontology/EducationalInstitution>	<http://ja.dbpedia.org/property/設置者>	"設置者"@ja	<http://ja.wikipedia.org/wiki/旭市立海上中学校>	<http://wikidata.dbpedia.org/resource/Q97217977>
<http://ja.dbpedia.org/resource/東庄町>	"東庄町"@ja	<http://dbpedia.org/ontology/Place>	<http://ja.dbpedia.org/property/south>	"South"@ja	<http://ja.wikipedia.org/wiki/東庄町>	<http://wikidata.dbpedia.org/resource/Q1342834>
<http://ja.dbpedia.org/resource/東庄町>	"東庄町"@ja	<http://dbpedia.org/ontology/PopulatedPlace>	<http://ja.dbpedia.org/property/隣接自治体>	"隣接自治体"@ja	<http://ja.wikipedia.org/wiki/東庄町>	<http://wikidata.dbpedia.org/resource/Q1342834>
<http://ja.dbpedia.org/resource/東庄町>	"東庄町"@ja	<http://dbpedia.org/ontology/City>	<http://ja.dbpedia.org/property/south>	"South"@ja	<http://ja.wikipedia.org/wiki/東庄町>	<http://wikidata.dbpedia.org/resource/Q1342834>
<http://ja.dbpedia.org/resource/東庄町>	"東庄町"@ja	<http://dbpedia.org/ontology/Settlement>	<http://ja.dbpedia.org/property/隣接自治体>	"隣接自治体"@ja	<http://ja.wikipedia.org/wiki/東庄町>	<http://wikidata.dbpedia.org/resource/Q1342834>
<http://ja.dbpedia.org/resource/東庄町>	"東庄町"@ja	<http://dbpedia.org/ontology/Location>	<http://ja.dbpedia.org/property/隣接自治体>	"隣接自治体"@ja	<http://ja.wikipedia.org/wiki/東庄町>	<http://wikidata.dbpedia.org/resource/Q1342834>
<http://ja.dbpedia.org/resource/東庄町>	"東庄町"@ja	<http://dbpedia.org/ontology/PopulatedPlace>	<http://ja.dbpedia.org/property/south>	"South"@ja	<http://ja.wikipedia.org/wiki/東庄町>	<http://wikidata.dbpedia.org/resource/Q1342834>
<http://ja.dbpedia.org/resource/東庄町>	"東庄町"@ja	<http://dbpedia.org/ontology/City>	<http://ja.dbpedia.org/property/隣接自治体>	"隣接自治体"@ja	<http://ja.wikipedia.org/wiki/東庄町>	<http://wikidata.dbpedia.org/resource/Q1342834>
<http://ja.dbpedia.org/resource/東庄町>	"東庄町"@ja	<http://dbpedia.org/ontology/Settlement>	<http://ja.dbpedia.org/property/south>	"South"@ja	<http://ja.wikipedia.org/wiki/東庄町>	<http://wikidata.dbpedia.org/resource/Q1342834>
<http://ja.dbpedia.org/resource/東庄町>	"東庄町"@ja	<http://dbpedia.org/ontology/Location>	<http://ja.dbpedia.org/property/south>	"South"@ja	<http://ja.wikipedia.org/wiki/東庄町>	<http://wikidata.dbpedia.org/resource/Q1342834>
<http://ja.dbpedia.org/resource/東庄町>	"東庄町"@ja	<http://dbpedia.org/ontology/Place>	<http://ja.dbpedia.org/property/隣接自治体>	"隣接自治体"@ja	<http://ja.wikipedia.org/wiki/東庄町>	<http://wikidata.dbpedia.org/resource/Q1342834>
<http://ja.dbpedia.org/resource/銚子市>	"銚子市"@ja	<http://dbpedia.org/ontology/PopulatedPlace>	<http://ja.dbpedia.org/property/隣接自治体>	"隣接自治体"@ja	<http://ja.wikipedia.org/wiki/銚子市>	<http://wikidata.dbpedia.org/resource/Q694317>
<http://ja.dbpedia.org/resource/銚子市>	"銚子市"@ja	<http://dbpedia.org/ontology/City>	<http://ja.dbpedia.org/property/southwest>	"Southwest"@ja	<http://ja.wikipedia.org/wiki/銚子市>	<http://wikidata.dbpedia.org/resource/Q694317>
<http://ja.dbpedia.org/resource/銚子市>	"銚子市"@ja	<http://dbpedia.org/ontology/Place>	<http://ja.dbpedia.org/property/southwest>	"Southwest"@ja	<http://ja.wikipedia.org/wiki/銚子市>	<http://wikidata.dbpedia.org/resource/Q694317>
<http://ja.dbpedia.org/resource/銚子市>	"銚子市"@ja	<http://dbpedia.org/ontology/Location>	<http://ja.dbpedia.org/property/隣接自治体>	"隣接自治体"@ja	<http://ja.wikipedia.org/wiki/銚子市>	<http://wikidata.dbpedia.org/resource/Q694317>
<http://ja.dbpedia.org/resource/銚子市>	"銚子市"@ja	<http://dbpedia.org/ontology/Settlement>	<http://ja.dbpedia.org/property/隣接自治体>	"隣接自治体"@ja	<http://ja.wikipedia.org/wiki/銚子市>	<http://wikidata.dbpedia.org/resource/Q694317>
<http://ja.dbpedia.org/resource/銚子市>	"銚子市"@ja	<http://dbpedia.org/ontology/PopulatedPlace>	<http://ja.dbpedia.org/property/southwest>	"Southwest"@ja	<http://ja.wikipedia.org/wiki/銚子市>	<http://wikidata.dbpedia.org/resource/Q694317>
<http://ja.dbpedia.org/resource/銚子市>	"銚子市"@ja	<http://dbpedia.org/ontology/Place>	<http://ja.dbpedia.org/property/隣接自治体>	"隣接自治体"@ja	<http://ja.wikipedia.org/wiki/銚子市>	<http://wikidata.dbpedia.org/resource/Q694317>
<http://ja.dbpedia.org/resource/銚子市>	"銚子市"@ja	<http://dbpedia.org/ontology/Location>	<http://ja.dbpedia.org/property/southwest>	"Southwest"@ja	<http://ja.wikipedia.org/wiki/銚子市>	<http://wikidata.dbpedia.org/resource/Q694317>
<http://ja.dbpedia.org/resource/銚子市>	"銚子市"@ja	<http://dbpedia.org/ontology/Settlement>	<http://ja.dbpedia.org/property/southwest>	"Southwest"@ja	<http://ja.wikipedia.org/wiki/銚子市>	<http://wikidata.dbpedia.org/resource/Q694317>
<http://ja.dbpedia.org/resource/銚子市>	"銚子市"@ja	<http://dbpedia.org/ontology/City>	<http://ja.dbpedia.org/property/隣接自治体>	"隣接自治体"@ja	<http://ja.wikipedia.org/wiki/銚子市>	<http://wikidata.dbpedia.org/resource/Q694317>
<http://ja.dbpedia.org/resource/香取市>	"香取市"@ja	<http://dbpedia.org/ontology/Settlement>	<http://ja.dbpedia.org/property/southeast>	"Southeast"@ja	<http://ja.wikipedia.org/wiki/香取市>	<http://wikidata.dbpedia.org/resource/Q858357>
<http://ja.dbpedia.org/resource/香取市>	"香取市"@ja	<http://dbpedia.org/ontology/City>	<http://ja.dbpedia.org/property/隣接自治体>	"隣接自治体"@ja	<http://ja.wikipedia.org/wiki/香取市>	<http://wikidata.dbpedia.org/resource/Q858357>
<http://ja.dbpedia.org/resource/香取市>	"香取市"@ja	<http://dbpedia.org/ontology/Location>	<http://ja.dbpedia.org/property/southeast>	"Southeast"@ja	<http://ja.wikipedia.org/wiki/香取市>	<http://wikidata.dbpedia.org/resource/Q858357>
<http://ja.dbpedia.org/resource/香取市>	"香取市"@ja	<http://dbpedia.org/ontology/Place>	<http://ja.dbpedia.org/property/隣接自治体>	"隣接自治体"@ja	<http://ja.wikipedia.org/wiki/香取市>	<http://wikidata.dbpedia.org/resource/Q858357>
<http://ja.dbpedia.org/resource/香取市>	"香取市"@ja	<http://dbpedia.org/ontology/PopulatedPlace>	<http://ja.dbpedia.org/property/southeast>	"Southeast"@ja	<http://ja.wikipedia.org/wiki/香取市>	<http://wikidata.dbpedia.org/resource/Q858357>
<http://ja.dbpedia.org/resource/香取市>	"香取市"@ja	<http://dbpedia.org/ontology/Settlement>	<http://ja.dbpedia.org/property/隣接自治体>	"隣接自治体"@ja	<http://ja.wikipedia.org/wiki/香取市>	<http://wikidata.dbpedia.org/resource/Q858357>
<http://ja.dbpedia.org/resource/香取市>	"香取市"@ja	<http://dbpedia.org/ontology/City>	<http://ja.dbpedia.org/property/southeast>	"Southeast"@ja	<http://ja.wikipedia.org/wiki/香取市>	<http://wikidata.dbpedia.org/resource/Q858357>
<http://ja.dbpedia.org/resource/香取市>	"香取市"@ja	<http://dbpedia.org/ontology/PopulatedPlace>	<http://ja.dbpedia.org/property/隣接自治体>	"隣接自治体"@ja	<http://ja.wikipedia.org/wiki/香取市>	<http://wikidata.dbpedia.org/resource/Q858357>
<http://ja.dbpedia.org/resource/香取市>	"香取市"@ja	<http://dbpedia.org/ontology/Place>	<http://ja.dbpedia.org/property/southeast>	"Southeast"@ja	<http://ja.wikipedia.org/wiki/香取市>	<http://wikidata.dbpedia.org/resource/Q858357>
<http://ja.dbpedia.org/resource/香取市>	"香取市"@ja	<http://dbpedia.org/ontology/Location>	<http://ja.dbpedia.org/property/隣接自治体>	"隣接自治体"@ja	<http://ja.wikipedia.org/wiki/香取市>	<http://wikidata.dbpedia.org/resource/Q858357>
<http://ja.dbpedia.org/resource/黒部川_(千葉県)>	"黒部川 (千葉県)"@ja	<http://dbpedia.org/ontology/Place>	<http://ja.dbpedia.org/property/水源>	"水源"@ja	<http://ja.wikipedia.org/wiki/黒部川_(千葉県)>	<http://wikidata.dbpedia.org/resource/Q6446264>
<http://ja.dbpedia.org/resource/黒部川_(千葉県)>	"黒部川 (千葉県)"@ja	<http://dbpedia.org/ontology/River>	<http://ja.dbpedia.org/property/水源>	"水源"@ja	<http://ja.wikipedia.org/wiki/黒部川_(千葉県)>	<http://wikidata.dbpedia.org/resource/Q6446264>
<http://ja.dbpedia.org/resource/黒部川_(千葉県)>	"黒部川 (千葉県)"@ja	<http://dbpedia.org/ontology/Location>	<http://ja.dbpedia.org/property/水源>	"水源"@ja	<http://ja.wikipedia.org/wiki/黒部川_(千葉県)>	<http://wikidata.dbpedia.org/resource/Q6446264>
<http://ja.dbpedia.org/resource/黒部川_(千葉県)>	"黒部川 (千葉県)"@ja	<http://dbpedia.org/ontology/BodyOfWater>	<http://ja.dbpedia.org/property/水源>	"水源"@ja	<http://ja.wikipedia.org/wiki/黒部川_(千葉県)>	<http://wikidata.dbpedia.org/resource/Q6446264>
<http://ja.dbpedia.org/resource/黒部川_(千葉県)>	"黒部川 (千葉県)"@ja	<http://dbpedia.org/ontology/Stream>	<http://ja.dbpedia.org/property/水源>	"水源"@ja	<http://ja.wikipedia.org/wiki/黒部川_(千葉県)>	<http://wikidata.dbpedia.org/resource/Q6446264>
<http://ja.dbpedia.org/resource/黒部川_(千葉県)>	"黒部川 (千葉県)"@ja	<http://dbpedia.org/ontology/NaturalPlace>	<http://ja.dbpedia.org/property/水源>	"水源"@ja	<http://ja.wikipedia.org/wiki/黒部川_(千葉県)>	<http://wikidata.dbpedia.org/resource/Q6446264>
