?s	?sLabel	?type	?p	?pLabel	?jwiki	?wd
<http://ja.dbpedia.org/resource/今川_(浦安市)>	"今川 (浦安市)"@ja	<http://dbpedia.org/ontology/Place>	<http://ja.dbpedia.org/property/subdivisionName>	"subdivision name"@ja	<http://ja.wikipedia.org/wiki/今川_(浦安市)>	<http://wikidata.dbpedia.org/resource/Q11376903>
<http://ja.dbpedia.org/resource/今川_(浦安市)>	"今川 (浦安市)"@ja	<http://dbpedia.org/ontology/Settlement>	<http://ja.dbpedia.org/property/subdivisionName>	"subdivision name"@ja	<http://ja.wikipedia.org/wiki/今川_(浦安市)>	<http://wikidata.dbpedia.org/resource/Q11376903>
<http://ja.dbpedia.org/resource/今川_(浦安市)>	"今川 (浦安市)"@ja	<http://dbpedia.org/ontology/Location>	<http://ja.dbpedia.org/property/subdivisionName>	"subdivision name"@ja	<http://ja.wikipedia.org/wiki/今川_(浦安市)>	<http://wikidata.dbpedia.org/resource/Q11376903>
<http://ja.dbpedia.org/resource/今川_(浦安市)>	"今川 (浦安市)"@ja	<http://dbpedia.org/ontology/PopulatedPlace>	<http://ja.dbpedia.org/property/subdivisionName>	"subdivision name"@ja	<http://ja.wikipedia.org/wiki/今川_(浦安市)>	<http://wikidata.dbpedia.org/resource/Q11376903>
<http://ja.dbpedia.org/resource/入船_(浦安市)>	"入船 (浦安市)"@ja	<http://dbpedia.org/ontology/Place>	<http://ja.dbpedia.org/property/subdivisionName>	"subdivision name"@ja	<http://ja.wikipedia.org/wiki/入船_(浦安市)>	<http://wikidata.dbpedia.org/resource/Q11389015>
<http://ja.dbpedia.org/resource/入船_(浦安市)>	"入船 (浦安市)"@ja	<http://dbpedia.org/ontology/Settlement>	<http://ja.dbpedia.org/property/subdivisionName>	"subdivision name"@ja	<http://ja.wikipedia.org/wiki/入船_(浦安市)>	<http://wikidata.dbpedia.org/resource/Q11389015>
<http://ja.dbpedia.org/resource/入船_(浦安市)>	"入船 (浦安市)"@ja	<http://dbpedia.org/ontology/Location>	<http://ja.dbpedia.org/property/subdivisionName>	"subdivision name"@ja	<http://ja.wikipedia.org/wiki/入船_(浦安市)>	<http://wikidata.dbpedia.org/resource/Q11389015>
<http://ja.dbpedia.org/resource/入船_(浦安市)>	"入船 (浦安市)"@ja	<http://dbpedia.org/ontology/PopulatedPlace>	<http://ja.dbpedia.org/property/subdivisionName>	"subdivision name"@ja	<http://ja.wikipedia.org/wiki/入船_(浦安市)>	<http://wikidata.dbpedia.org/resource/Q11389015>
<http://ja.dbpedia.org/resource/北栄_(浦安市)>	"北栄 (浦安市)"@ja	<http://dbpedia.org/ontology/Place>	<http://ja.dbpedia.org/property/subdivisionName>	"subdivision name"@ja	<http://ja.wikipedia.org/wiki/北栄_(浦安市)>	<http://wikidata.dbpedia.org/resource/Q11402240>
<http://ja.dbpedia.org/resource/北栄_(浦安市)>	"北栄 (浦安市)"@ja	<http://dbpedia.org/ontology/Settlement>	<http://ja.dbpedia.org/property/subdivisionName>	"subdivision name"@ja	<http://ja.wikipedia.org/wiki/北栄_(浦安市)>	<http://wikidata.dbpedia.org/resource/Q11402240>
<http://ja.dbpedia.org/resource/北栄_(浦安市)>	"北栄 (浦安市)"@ja	<http://dbpedia.org/ontology/Location>	<http://ja.dbpedia.org/property/subdivisionName>	"subdivision name"@ja	<http://ja.wikipedia.org/wiki/北栄_(浦安市)>	<http://wikidata.dbpedia.org/resource/Q11402240>
<http://ja.dbpedia.org/resource/北栄_(浦安市)>	"北栄 (浦安市)"@ja	<http://dbpedia.org/ontology/PopulatedPlace>	<http://ja.dbpedia.org/property/subdivisionName>	"subdivision name"@ja	<http://ja.wikipedia.org/wiki/北栄_(浦安市)>	<http://wikidata.dbpedia.org/resource/Q11402240>
<http://ja.dbpedia.org/resource/千鳥_(浦安市)>	"千鳥 (浦安市)"@ja	<http://dbpedia.org/ontology/Location>	<http://ja.dbpedia.org/property/subdivisionName>	"subdivision name"@ja	<http://ja.wikipedia.org/wiki/千鳥_(浦安市)>	<http://wikidata.dbpedia.org/resource/Q11406897>
<http://ja.dbpedia.org/resource/千鳥_(浦安市)>	"千鳥 (浦安市)"@ja	<http://dbpedia.org/ontology/PopulatedPlace>	<http://ja.dbpedia.org/property/subdivisionName>	"subdivision name"@ja	<http://ja.wikipedia.org/wiki/千鳥_(浦安市)>	<http://wikidata.dbpedia.org/resource/Q11406897>
<http://ja.dbpedia.org/resource/千鳥_(浦安市)>	"千鳥 (浦安市)"@ja	<http://dbpedia.org/ontology/Settlement>	<http://ja.dbpedia.org/property/subdivisionName>	"subdivision name"@ja	<http://ja.wikipedia.org/wiki/千鳥_(浦安市)>	<http://wikidata.dbpedia.org/resource/Q11406897>
<http://ja.dbpedia.org/resource/千鳥_(浦安市)>	"千鳥 (浦安市)"@ja	<http://dbpedia.org/ontology/Place>	<http://ja.dbpedia.org/property/subdivisionName>	"subdivision name"@ja	<http://ja.wikipedia.org/wiki/千鳥_(浦安市)>	<http://wikidata.dbpedia.org/resource/Q11406897>
<http://ja.dbpedia.org/resource/堀江_(浦安市)>	"堀江 (浦安市)"@ja	<http://dbpedia.org/ontology/Place>	<http://ja.dbpedia.org/property/subdivisionName>	"subdivision name"@ja	<http://ja.wikipedia.org/wiki/堀江_(浦安市)>	<http://wikidata.dbpedia.org/resource/Q11427502>
<http://ja.dbpedia.org/resource/堀江_(浦安市)>	"堀江 (浦安市)"@ja	<http://dbpedia.org/ontology/Settlement>	<http://ja.dbpedia.org/property/subdivisionName>	"subdivision name"@ja	<http://ja.wikipedia.org/wiki/堀江_(浦安市)>	<http://wikidata.dbpedia.org/resource/Q11427502>
<http://ja.dbpedia.org/resource/堀江_(浦安市)>	"堀江 (浦安市)"@ja	<http://dbpedia.org/ontology/Location>	<http://ja.dbpedia.org/property/subdivisionName>	"subdivision name"@ja	<http://ja.wikipedia.org/wiki/堀江_(浦安市)>	<http://wikidata.dbpedia.org/resource/Q11427502>
<http://ja.dbpedia.org/resource/堀江_(浦安市)>	"堀江 (浦安市)"@ja	<http://dbpedia.org/ontology/PopulatedPlace>	<http://ja.dbpedia.org/property/subdivisionName>	"subdivision name"@ja	<http://ja.wikipedia.org/wiki/堀江_(浦安市)>	<http://wikidata.dbpedia.org/resource/Q11427502>
<http://ja.dbpedia.org/resource/富士見_(浦安市)>	"富士見 (浦安市)"@ja	<http://dbpedia.org/ontology/Place>	<http://ja.dbpedia.org/property/subdivisionName>	"subdivision name"@ja	<http://ja.wikipedia.org/wiki/富士見_(浦安市)>	<http://wikidata.dbpedia.org/resource/Q11456143>
<http://ja.dbpedia.org/resource/富士見_(浦安市)>	"富士見 (浦安市)"@ja	<http://dbpedia.org/ontology/Settlement>	<http://ja.dbpedia.org/property/subdivisionName>	"subdivision name"@ja	<http://ja.wikipedia.org/wiki/富士見_(浦安市)>	<http://wikidata.dbpedia.org/resource/Q11456143>
<http://ja.dbpedia.org/resource/富士見_(浦安市)>	"富士見 (浦安市)"@ja	<http://dbpedia.org/ontology/PopulatedPlace>	<http://ja.dbpedia.org/property/subdivisionName>	"subdivision name"@ja	<http://ja.wikipedia.org/wiki/富士見_(浦安市)>	<http://wikidata.dbpedia.org/resource/Q11456143>
<http://ja.dbpedia.org/resource/富士見_(浦安市)>	"富士見 (浦安市)"@ja	<http://dbpedia.org/ontology/Location>	<http://ja.dbpedia.org/property/subdivisionName>	"subdivision name"@ja	<http://ja.wikipedia.org/wiki/富士見_(浦安市)>	<http://wikidata.dbpedia.org/resource/Q11456143>
<http://ja.dbpedia.org/resource/富岡_(浦安市)>	"富岡 (浦安市)"@ja	<http://dbpedia.org/ontology/Place>	<http://ja.dbpedia.org/property/subdivisionName>	"subdivision name"@ja	<http://ja.wikipedia.org/wiki/富岡_(浦安市)>	<http://wikidata.dbpedia.org/resource/Q11456869>
<http://ja.dbpedia.org/resource/富岡_(浦安市)>	"富岡 (浦安市)"@ja	<http://dbpedia.org/ontology/Settlement>	<http://ja.dbpedia.org/property/subdivisionName>	"subdivision name"@ja	<http://ja.wikipedia.org/wiki/富岡_(浦安市)>	<http://wikidata.dbpedia.org/resource/Q11456869>
<http://ja.dbpedia.org/resource/富岡_(浦安市)>	"富岡 (浦安市)"@ja	<http://dbpedia.org/ontology/PopulatedPlace>	<http://ja.dbpedia.org/property/subdivisionName>	"subdivision name"@ja	<http://ja.wikipedia.org/wiki/富岡_(浦安市)>	<http://wikidata.dbpedia.org/resource/Q11456869>
<http://ja.dbpedia.org/resource/富岡_(浦安市)>	"富岡 (浦安市)"@ja	<http://dbpedia.org/ontology/Location>	<http://ja.dbpedia.org/property/subdivisionName>	"subdivision name"@ja	<http://ja.wikipedia.org/wiki/富岡_(浦安市)>	<http://wikidata.dbpedia.org/resource/Q11456869>
<http://ja.dbpedia.org/resource/市川市>	"市川市"@ja	<http://dbpedia.org/ontology/PopulatedPlace>	<http://ja.dbpedia.org/property/隣接自治体>	"隣接自治体"@ja	<http://ja.wikipedia.org/wiki/市川市>	<http://wikidata.dbpedia.org/resource/Q209785>
<http://ja.dbpedia.org/resource/市川市>	"市川市"@ja	<http://dbpedia.org/ontology/City>	<http://ja.dbpedia.org/property/south>	"South"@ja	<http://ja.wikipedia.org/wiki/市川市>	<http://wikidata.dbpedia.org/resource/Q209785>
<http://ja.dbpedia.org/resource/市川市>	"市川市"@ja	<http://dbpedia.org/ontology/Place>	<http://ja.dbpedia.org/property/south>	"South"@ja	<http://ja.wikipedia.org/wiki/市川市>	<http://wikidata.dbpedia.org/resource/Q209785>
<http://ja.dbpedia.org/resource/市川市>	"市川市"@ja	<http://dbpedia.org/ontology/Settlement>	<http://ja.dbpedia.org/property/隣接自治体>	"隣接自治体"@ja	<http://ja.wikipedia.org/wiki/市川市>	<http://wikidata.dbpedia.org/resource/Q209785>
<http://ja.dbpedia.org/resource/市川市>	"市川市"@ja	<http://dbpedia.org/ontology/Location>	<http://ja.dbpedia.org/property/隣接自治体>	"隣接自治体"@ja	<http://ja.wikipedia.org/wiki/市川市>	<http://wikidata.dbpedia.org/resource/Q209785>
<http://ja.dbpedia.org/resource/市川市>	"市川市"@ja	<http://dbpedia.org/ontology/Location>	<http://ja.dbpedia.org/property/south>	"South"@ja	<http://ja.wikipedia.org/wiki/市川市>	<http://wikidata.dbpedia.org/resource/Q209785>
<http://ja.dbpedia.org/resource/市川市>	"市川市"@ja	<http://dbpedia.org/ontology/Settlement>	<http://ja.dbpedia.org/property/south>	"South"@ja	<http://ja.wikipedia.org/wiki/市川市>	<http://wikidata.dbpedia.org/resource/Q209785>
<http://ja.dbpedia.org/resource/市川市>	"市川市"@ja	<http://dbpedia.org/ontology/City>	<http://ja.dbpedia.org/property/隣接自治体>	"隣接自治体"@ja	<http://ja.wikipedia.org/wiki/市川市>	<http://wikidata.dbpedia.org/resource/Q209785>
<http://ja.dbpedia.org/resource/市川市>	"市川市"@ja	<http://dbpedia.org/ontology/Place>	<http://ja.dbpedia.org/property/隣接自治体>	"隣接自治体"@ja	<http://ja.wikipedia.org/wiki/市川市>	<http://wikidata.dbpedia.org/resource/Q209785>
<http://ja.dbpedia.org/resource/市川市>	"市川市"@ja	<http://dbpedia.org/ontology/PopulatedPlace>	<http://ja.dbpedia.org/property/south>	"South"@ja	<http://ja.wikipedia.org/wiki/市川市>	<http://wikidata.dbpedia.org/resource/Q209785>
<http://ja.dbpedia.org/resource/弁天_(浦安市)>	"弁天 (浦安市)"@ja	<http://dbpedia.org/ontology/Place>	<http://ja.dbpedia.org/property/subdivisionName>	"subdivision name"@ja	<http://ja.wikipedia.org/wiki/弁天_(浦安市)>	<http://wikidata.dbpedia.org/resource/Q11486900>
<http://ja.dbpedia.org/resource/弁天_(浦安市)>	"弁天 (浦安市)"@ja	<http://dbpedia.org/ontology/Settlement>	<http://ja.dbpedia.org/property/subdivisionName>	"subdivision name"@ja	<http://ja.wikipedia.org/wiki/弁天_(浦安市)>	<http://wikidata.dbpedia.org/resource/Q11486900>
<http://ja.dbpedia.org/resource/弁天_(浦安市)>	"弁天 (浦安市)"@ja	<http://dbpedia.org/ontology/PopulatedPlace>	<http://ja.dbpedia.org/property/subdivisionName>	"subdivision name"@ja	<http://ja.wikipedia.org/wiki/弁天_(浦安市)>	<http://wikidata.dbpedia.org/resource/Q11486900>
<http://ja.dbpedia.org/resource/弁天_(浦安市)>	"弁天 (浦安市)"@ja	<http://dbpedia.org/ontology/Location>	<http://ja.dbpedia.org/property/subdivisionName>	"subdivision name"@ja	<http://ja.wikipedia.org/wiki/弁天_(浦安市)>	<http://wikidata.dbpedia.org/resource/Q11486900>
<http://ja.dbpedia.org/resource/当代島>	"当代島"@ja	<http://dbpedia.org/ontology/Place>	<http://ja.dbpedia.org/property/subdivisionName>	"subdivision name"@ja	<http://ja.wikipedia.org/wiki/当代島>	<http://wikidata.dbpedia.org/resource/Q11487811>
<http://ja.dbpedia.org/resource/当代島>	"当代島"@ja	<http://dbpedia.org/ontology/Settlement>	<http://ja.dbpedia.org/property/subdivisionName>	"subdivision name"@ja	<http://ja.wikipedia.org/wiki/当代島>	<http://wikidata.dbpedia.org/resource/Q11487811>
<http://ja.dbpedia.org/resource/当代島>	"当代島"@ja	<http://dbpedia.org/ontology/PopulatedPlace>	<http://ja.dbpedia.org/property/subdivisionName>	"subdivision name"@ja	<http://ja.wikipedia.org/wiki/当代島>	<http://wikidata.dbpedia.org/resource/Q11487811>
<http://ja.dbpedia.org/resource/当代島>	"当代島"@ja	<http://dbpedia.org/ontology/Location>	<http://ja.dbpedia.org/property/subdivisionName>	"subdivision name"@ja	<http://ja.wikipedia.org/wiki/当代島>	<http://wikidata.dbpedia.org/resource/Q11487811>
<http://ja.dbpedia.org/resource/日の出_(浦安市)>	"日の出 (浦安市)"@ja	<http://dbpedia.org/ontology/Settlement>	<http://ja.dbpedia.org/property/subdivisionName>	"subdivision name"@ja	<http://ja.wikipedia.org/wiki/日の出_(浦安市)>	<http://wikidata.dbpedia.org/resource/Q11504645>
<http://ja.dbpedia.org/resource/日の出_(浦安市)>	"日の出 (浦安市)"@ja	<http://dbpedia.org/ontology/Place>	<http://ja.dbpedia.org/property/subdivisionName>	"subdivision name"@ja	<http://ja.wikipedia.org/wiki/日の出_(浦安市)>	<http://wikidata.dbpedia.org/resource/Q11504645>
<http://ja.dbpedia.org/resource/日の出_(浦安市)>	"日の出 (浦安市)"@ja	<http://dbpedia.org/ontology/Location>	<http://ja.dbpedia.org/property/subdivisionName>	"subdivision name"@ja	<http://ja.wikipedia.org/wiki/日の出_(浦安市)>	<http://wikidata.dbpedia.org/resource/Q11504645>
<http://ja.dbpedia.org/resource/日の出_(浦安市)>	"日の出 (浦安市)"@ja	<http://dbpedia.org/ontology/PopulatedPlace>	<http://ja.dbpedia.org/property/subdivisionName>	"subdivision name"@ja	<http://ja.wikipedia.org/wiki/日の出_(浦安市)>	<http://wikidata.dbpedia.org/resource/Q11504645>
<http://ja.dbpedia.org/resource/旧江戸川>	"旧江戸川"@ja	<http://dbpedia.org/ontology/NaturalPlace>	<http://ja.dbpedia.org/property/河口>	"河口"@ja	<http://ja.wikipedia.org/wiki/旧江戸川>	<http://wikidata.dbpedia.org/resource/Q11511084>
<http://ja.dbpedia.org/resource/旧江戸川>	"旧江戸川"@ja	<http://dbpedia.org/ontology/Stream>	<http://ja.dbpedia.org/property/河口>	"河口"@ja	<http://ja.wikipedia.org/wiki/旧江戸川>	<http://wikidata.dbpedia.org/resource/Q11511084>
<http://ja.dbpedia.org/resource/旧江戸川>	"旧江戸川"@ja	<http://dbpedia.org/ontology/BodyOfWater>	<http://ja.dbpedia.org/property/河口>	"河口"@ja	<http://ja.wikipedia.org/wiki/旧江戸川>	<http://wikidata.dbpedia.org/resource/Q11511084>
<http://ja.dbpedia.org/resource/旧江戸川>	"旧江戸川"@ja	<http://dbpedia.org/ontology/River>	<http://ja.dbpedia.org/property/河口>	"河口"@ja	<http://ja.wikipedia.org/wiki/旧江戸川>	<http://wikidata.dbpedia.org/resource/Q11511084>
<http://ja.dbpedia.org/resource/旧江戸川>	"旧江戸川"@ja	<http://dbpedia.org/ontology/Place>	<http://ja.dbpedia.org/property/河口>	"河口"@ja	<http://ja.wikipedia.org/wiki/旧江戸川>	<http://wikidata.dbpedia.org/resource/Q11511084>
<http://ja.dbpedia.org/resource/旧江戸川>	"旧江戸川"@ja	<http://dbpedia.org/ontology/Location>	<http://ja.dbpedia.org/property/河口>	"河口"@ja	<http://ja.wikipedia.org/wiki/旧江戸川>	<http://wikidata.dbpedia.org/resource/Q11511084>
<http://ja.dbpedia.org/resource/明海_(浦安市)>	"明海 (浦安市)"@ja	<http://dbpedia.org/ontology/Settlement>	<http://ja.dbpedia.org/property/subdivisionName>	"subdivision name"@ja	<http://ja.wikipedia.org/wiki/明海_(浦安市)>	<http://wikidata.dbpedia.org/resource/Q11512429>
<http://ja.dbpedia.org/resource/明海_(浦安市)>	"明海 (浦安市)"@ja	<http://dbpedia.org/ontology/Place>	<http://ja.dbpedia.org/property/subdivisionName>	"subdivision name"@ja	<http://ja.wikipedia.org/wiki/明海_(浦安市)>	<http://wikidata.dbpedia.org/resource/Q11512429>
<http://ja.dbpedia.org/resource/明海_(浦安市)>	"明海 (浦安市)"@ja	<http://dbpedia.org/ontology/Location>	<http://ja.dbpedia.org/property/subdivisionName>	"subdivision name"@ja	<http://ja.wikipedia.org/wiki/明海_(浦安市)>	<http://wikidata.dbpedia.org/resource/Q11512429>
<http://ja.dbpedia.org/resource/明海_(浦安市)>	"明海 (浦安市)"@ja	<http://dbpedia.org/ontology/PopulatedPlace>	<http://ja.dbpedia.org/property/subdivisionName>	"subdivision name"@ja	<http://ja.wikipedia.org/wiki/明海_(浦安市)>	<http://wikidata.dbpedia.org/resource/Q11512429>
<http://ja.dbpedia.org/resource/東野_(浦安市)>	"東野 (浦安市)"@ja	<http://dbpedia.org/ontology/Place>	<http://ja.dbpedia.org/property/subdivisionName>	"subdivision name"@ja	<http://ja.wikipedia.org/wiki/東野_(浦安市)>	<http://wikidata.dbpedia.org/resource/Q11528581>
<http://ja.dbpedia.org/resource/東野_(浦安市)>	"東野 (浦安市)"@ja	<http://dbpedia.org/ontology/Settlement>	<http://ja.dbpedia.org/property/subdivisionName>	"subdivision name"@ja	<http://ja.wikipedia.org/wiki/東野_(浦安市)>	<http://wikidata.dbpedia.org/resource/Q11528581>
<http://ja.dbpedia.org/resource/東野_(浦安市)>	"東野 (浦安市)"@ja	<http://dbpedia.org/ontology/Location>	<http://ja.dbpedia.org/property/subdivisionName>	"subdivision name"@ja	<http://ja.wikipedia.org/wiki/東野_(浦安市)>	<http://wikidata.dbpedia.org/resource/Q11528581>
<http://ja.dbpedia.org/resource/東野_(浦安市)>	"東野 (浦安市)"@ja	<http://dbpedia.org/ontology/PopulatedPlace>	<http://ja.dbpedia.org/property/subdivisionName>	"subdivision name"@ja	<http://ja.wikipedia.org/wiki/東野_(浦安市)>	<http://wikidata.dbpedia.org/resource/Q11528581>
<http://ja.dbpedia.org/resource/浦安市立南小学校>	"浦安市立南小学校"@ja	<http://dbpedia.org/ontology/Agent>	<http://ja.dbpedia.org/property/設置者>	"設置者"@ja	<http://ja.wikipedia.org/wiki/浦安市立南小学校>	<http://wikidata.dbpedia.org/resource/Q81052203>
<http://ja.dbpedia.org/resource/浦安市立南小学校>	"浦安市立南小学校"@ja	<http://dbpedia.org/ontology/Organisation>	<http://ja.dbpedia.org/property/設置者>	"設置者"@ja	<http://ja.wikipedia.org/wiki/浦安市立南小学校>	<http://wikidata.dbpedia.org/resource/Q81052203>
<http://ja.dbpedia.org/resource/浦安市立南小学校>	"浦安市立南小学校"@ja	<http://dbpedia.org/ontology/School>	<http://ja.dbpedia.org/property/設置者>	"設置者"@ja	<http://ja.wikipedia.org/wiki/浦安市立南小学校>	<http://wikidata.dbpedia.org/resource/Q81052203>
<http://ja.dbpedia.org/resource/浦安市立南小学校>	"浦安市立南小学校"@ja	<http://dbpedia.org/ontology/EducationalInstitution>	<http://ja.dbpedia.org/property/設置者>	"設置者"@ja	<http://ja.wikipedia.org/wiki/浦安市立南小学校>	<http://wikidata.dbpedia.org/resource/Q81052203>
<http://ja.dbpedia.org/resource/浦安市立堀江中学校>	"浦安市立堀江中学校"@ja	<http://dbpedia.org/ontology/EducationalInstitution>	<http://ja.dbpedia.org/property/設置者>	"設置者"@ja	<http://ja.wikipedia.org/wiki/浦安市立堀江中学校>	<http://wikidata.dbpedia.org/resource/Q11558201>
<http://ja.dbpedia.org/resource/浦安市立堀江中学校>	"浦安市立堀江中学校"@ja	<http://dbpedia.org/ontology/School>	<http://ja.dbpedia.org/property/設置者>	"設置者"@ja	<http://ja.wikipedia.org/wiki/浦安市立堀江中学校>	<http://wikidata.dbpedia.org/resource/Q11558201>
<http://ja.dbpedia.org/resource/浦安市立堀江中学校>	"浦安市立堀江中学校"@ja	<http://dbpedia.org/ontology/Agent>	<http://ja.dbpedia.org/property/設置者>	"設置者"@ja	<http://ja.wikipedia.org/wiki/浦安市立堀江中学校>	<http://wikidata.dbpedia.org/resource/Q11558201>
<http://ja.dbpedia.org/resource/浦安市立堀江中学校>	"浦安市立堀江中学校"@ja	<http://dbpedia.org/ontology/Organisation>	<http://ja.dbpedia.org/property/設置者>	"設置者"@ja	<http://ja.wikipedia.org/wiki/浦安市立堀江中学校>	<http://wikidata.dbpedia.org/resource/Q11558201>
<http://ja.dbpedia.org/resource/浦安市立富岡中学校>	"浦安市立富岡中学校"@ja	<http://dbpedia.org/ontology/Agent>	<http://ja.dbpedia.org/property/設置者>	"設置者"@ja	<http://ja.wikipedia.org/wiki/浦安市立富岡中学校>	<http://wikidata.dbpedia.org/resource/Q11558200>
<http://ja.dbpedia.org/resource/浦安市立富岡中学校>	"浦安市立富岡中学校"@ja	<http://dbpedia.org/ontology/Organisation>	<http://ja.dbpedia.org/property/設置者>	"設置者"@ja	<http://ja.wikipedia.org/wiki/浦安市立富岡中学校>	<http://wikidata.dbpedia.org/resource/Q11558200>
<http://ja.dbpedia.org/resource/浦安市立富岡中学校>	"浦安市立富岡中学校"@ja	<http://dbpedia.org/ontology/School>	<http://ja.dbpedia.org/property/設置者>	"設置者"@ja	<http://ja.wikipedia.org/wiki/浦安市立富岡中学校>	<http://wikidata.dbpedia.org/resource/Q11558200>
<http://ja.dbpedia.org/resource/浦安市立富岡中学校>	"浦安市立富岡中学校"@ja	<http://dbpedia.org/ontology/EducationalInstitution>	<http://ja.dbpedia.org/property/設置者>	"設置者"@ja	<http://ja.wikipedia.org/wiki/浦安市立富岡中学校>	<http://wikidata.dbpedia.org/resource/Q11558200>
<http://ja.dbpedia.org/resource/浦安市立富岡小学校>	"浦安市立富岡小学校"@ja	<http://dbpedia.org/ontology/Agent>	<http://ja.dbpedia.org/property/設置者>	"設置者"@ja	<http://ja.wikipedia.org/wiki/浦安市立富岡小学校>	<http://wikidata.dbpedia.org/resource/Q11558202>
<http://ja.dbpedia.org/resource/浦安市立富岡小学校>	"浦安市立富岡小学校"@ja	<http://dbpedia.org/ontology/Organisation>	<http://ja.dbpedia.org/property/設置者>	"設置者"@ja	<http://ja.wikipedia.org/wiki/浦安市立富岡小学校>	<http://wikidata.dbpedia.org/resource/Q11558202>
<http://ja.dbpedia.org/resource/浦安市立富岡小学校>	"浦安市立富岡小学校"@ja	<http://dbpedia.org/ontology/School>	<http://ja.dbpedia.org/property/設置者>	"設置者"@ja	<http://ja.wikipedia.org/wiki/浦安市立富岡小学校>	<http://wikidata.dbpedia.org/resource/Q11558202>
<http://ja.dbpedia.org/resource/浦安市立富岡小学校>	"浦安市立富岡小学校"@ja	<http://dbpedia.org/ontology/EducationalInstitution>	<http://ja.dbpedia.org/property/設置者>	"設置者"@ja	<http://ja.wikipedia.org/wiki/浦安市立富岡小学校>	<http://wikidata.dbpedia.org/resource/Q11558202>
<http://ja.dbpedia.org/resource/浦安市立日の出中学校>	"浦安市立日の出中学校"@ja	<http://dbpedia.org/ontology/Agent>	<http://ja.dbpedia.org/property/設置者>	"設置者"@ja	<http://ja.wikipedia.org/wiki/浦安市立日の出中学校>	<http://wikidata.dbpedia.org/resource/Q11558203>
<http://ja.dbpedia.org/resource/浦安市立日の出中学校>	"浦安市立日の出中学校"@ja	<http://dbpedia.org/ontology/Organisation>	<http://ja.dbpedia.org/property/設置者>	"設置者"@ja	<http://ja.wikipedia.org/wiki/浦安市立日の出中学校>	<http://wikidata.dbpedia.org/resource/Q11558203>
<http://ja.dbpedia.org/resource/浦安市立日の出中学校>	"浦安市立日の出中学校"@ja	<http://dbpedia.org/ontology/School>	<http://ja.dbpedia.org/property/設置者>	"設置者"@ja	<http://ja.wikipedia.org/wiki/浦安市立日の出中学校>	<http://wikidata.dbpedia.org/resource/Q11558203>
<http://ja.dbpedia.org/resource/浦安市立日の出中学校>	"浦安市立日の出中学校"@ja	<http://dbpedia.org/ontology/EducationalInstitution>	<http://ja.dbpedia.org/property/設置者>	"設置者"@ja	<http://ja.wikipedia.org/wiki/浦安市立日の出中学校>	<http://wikidata.dbpedia.org/resource/Q11558203>
<http://ja.dbpedia.org/resource/浦安市立日の出南小学校>	"浦安市立日の出南小学校"@ja	<http://dbpedia.org/ontology/Organisation>	<http://ja.dbpedia.org/property/設置者>	"設置者"@ja	<http://ja.wikipedia.org/wiki/浦安市立日の出南小学校>	<http://wikidata.dbpedia.org/resource/Q11558204>
<http://ja.dbpedia.org/resource/浦安市立日の出南小学校>	"浦安市立日の出南小学校"@ja	<http://dbpedia.org/ontology/Agent>	<http://ja.dbpedia.org/property/設置者>	"設置者"@ja	<http://ja.wikipedia.org/wiki/浦安市立日の出南小学校>	<http://wikidata.dbpedia.org/resource/Q11558204>
<http://ja.dbpedia.org/resource/浦安市立日の出南小学校>	"浦安市立日の出南小学校"@ja	<http://dbpedia.org/ontology/EducationalInstitution>	<http://ja.dbpedia.org/property/設置者>	"設置者"@ja	<http://ja.wikipedia.org/wiki/浦安市立日の出南小学校>	<http://wikidata.dbpedia.org/resource/Q11558204>
<http://ja.dbpedia.org/resource/浦安市立日の出南小学校>	"浦安市立日の出南小学校"@ja	<http://dbpedia.org/ontology/School>	<http://ja.dbpedia.org/property/設置者>	"設置者"@ja	<http://ja.wikipedia.org/wiki/浦安市立日の出南小学校>	<http://wikidata.dbpedia.org/resource/Q11558204>
<http://ja.dbpedia.org/resource/浦安市立明海中学校>	"浦安市立明海中学校"@ja	<http://dbpedia.org/ontology/Agent>	<http://ja.dbpedia.org/property/設置者>	"設置者"@ja	<http://ja.wikipedia.org/wiki/浦安市立明海中学校>	<http://wikidata.dbpedia.org/resource/Q11558205>
<http://ja.dbpedia.org/resource/浦安市立明海中学校>	"浦安市立明海中学校"@ja	<http://dbpedia.org/ontology/Organisation>	<http://ja.dbpedia.org/property/設置者>	"設置者"@ja	<http://ja.wikipedia.org/wiki/浦安市立明海中学校>	<http://wikidata.dbpedia.org/resource/Q11558205>
<http://ja.dbpedia.org/resource/浦安市立明海中学校>	"浦安市立明海中学校"@ja	<http://dbpedia.org/ontology/School>	<http://ja.dbpedia.org/property/設置者>	"設置者"@ja	<http://ja.wikipedia.org/wiki/浦安市立明海中学校>	<http://wikidata.dbpedia.org/resource/Q11558205>
<http://ja.dbpedia.org/resource/浦安市立明海中学校>	"浦安市立明海中学校"@ja	<http://dbpedia.org/ontology/EducationalInstitution>	<http://ja.dbpedia.org/property/設置者>	"設置者"@ja	<http://ja.wikipedia.org/wiki/浦安市立明海中学校>	<http://wikidata.dbpedia.org/resource/Q11558205>
<http://ja.dbpedia.org/resource/浦安市立明海南小学校>	"浦安市立明海南小学校"@ja	<http://dbpedia.org/ontology/Organisation>	<http://ja.dbpedia.org/property/設置者>	"設置者"@ja	<http://ja.wikipedia.org/wiki/浦安市立明海南小学校>	<http://wikidata.dbpedia.org/resource/Q11558206>
<http://ja.dbpedia.org/resource/浦安市立明海南小学校>	"浦安市立明海南小学校"@ja	<http://dbpedia.org/ontology/Agent>	<http://ja.dbpedia.org/property/設置者>	"設置者"@ja	<http://ja.wikipedia.org/wiki/浦安市立明海南小学校>	<http://wikidata.dbpedia.org/resource/Q11558206>
<http://ja.dbpedia.org/resource/浦安市立明海南小学校>	"浦安市立明海南小学校"@ja	<http://dbpedia.org/ontology/School>	<http://ja.dbpedia.org/property/設置者>	"設置者"@ja	<http://ja.wikipedia.org/wiki/浦安市立明海南小学校>	<http://wikidata.dbpedia.org/resource/Q11558206>
<http://ja.dbpedia.org/resource/浦安市立明海南小学校>	"浦安市立明海南小学校"@ja	<http://dbpedia.org/ontology/EducationalInstitution>	<http://ja.dbpedia.org/property/設置者>	"設置者"@ja	<http://ja.wikipedia.org/wiki/浦安市立明海南小学校>	<http://wikidata.dbpedia.org/resource/Q11558206>
<http://ja.dbpedia.org/resource/浦安市立浦安中学校>	"浦安市立浦安中学校"@ja	<http://dbpedia.org/ontology/Organisation>	<http://ja.dbpedia.org/property/設置者>	"設置者"@ja	<http://ja.wikipedia.org/wiki/浦安市立浦安中学校>	<http://wikidata.dbpedia.org/resource/Q11558207>
<http://ja.dbpedia.org/resource/浦安市立浦安中学校>	"浦安市立浦安中学校"@ja	<http://dbpedia.org/ontology/Agent>	<http://ja.dbpedia.org/property/設置者>	"設置者"@ja	<http://ja.wikipedia.org/wiki/浦安市立浦安中学校>	<http://wikidata.dbpedia.org/resource/Q11558207>
<http://ja.dbpedia.org/resource/浦安市立浦安中学校>	"浦安市立浦安中学校"@ja	<http://dbpedia.org/ontology/EducationalInstitution>	<http://ja.dbpedia.org/property/設置者>	"設置者"@ja	<http://ja.wikipedia.org/wiki/浦安市立浦安中学校>	<http://wikidata.dbpedia.org/resource/Q11558207>
<http://ja.dbpedia.org/resource/浦安市立浦安中学校>	"浦安市立浦安中学校"@ja	<http://dbpedia.org/ontology/School>	<http://ja.dbpedia.org/property/設置者>	"設置者"@ja	<http://ja.wikipedia.org/wiki/浦安市立浦安中学校>	<http://wikidata.dbpedia.org/resource/Q11558207>
<http://ja.dbpedia.org/resource/浦安市立浦安小学校>	"浦安市立浦安小学校"@ja	<http://dbpedia.org/ontology/Agent>	<http://ja.dbpedia.org/property/設置者>	"設置者"@ja	<http://ja.wikipedia.org/wiki/浦安市立浦安小学校>	<http://wikidata.dbpedia.org/resource/Q81052200>
<http://ja.dbpedia.org/resource/浦安市立浦安小学校>	"浦安市立浦安小学校"@ja	<http://dbpedia.org/ontology/Organisation>	<http://ja.dbpedia.org/property/設置者>	"設置者"@ja	<http://ja.wikipedia.org/wiki/浦安市立浦安小学校>	<http://wikidata.dbpedia.org/resource/Q81052200>
<http://ja.dbpedia.org/resource/浦安市立浦安小学校>	"浦安市立浦安小学校"@ja	<http://dbpedia.org/ontology/School>	<http://ja.dbpedia.org/property/設置者>	"設置者"@ja	<http://ja.wikipedia.org/wiki/浦安市立浦安小学校>	<http://wikidata.dbpedia.org/resource/Q81052200>
<http://ja.dbpedia.org/resource/浦安市立浦安小学校>	"浦安市立浦安小学校"@ja	<http://dbpedia.org/ontology/EducationalInstitution>	<http://ja.dbpedia.org/property/設置者>	"設置者"@ja	<http://ja.wikipedia.org/wiki/浦安市立浦安小学校>	<http://wikidata.dbpedia.org/resource/Q81052200>
<http://ja.dbpedia.org/resource/浦安市立美浜南小学校>	"浦安市立美浜南小学校"@ja	<http://dbpedia.org/ontology/Agent>	<http://ja.dbpedia.org/property/設置者>	"設置者"@ja	<http://ja.wikipedia.org/wiki/浦安市立美浜南小学校>	<http://wikidata.dbpedia.org/resource/Q11558209>
<http://ja.dbpedia.org/resource/浦安市立美浜南小学校>	"浦安市立美浜南小学校"@ja	<http://dbpedia.org/ontology/Organisation>	<http://ja.dbpedia.org/property/設置者>	"設置者"@ja	<http://ja.wikipedia.org/wiki/浦安市立美浜南小学校>	<http://wikidata.dbpedia.org/resource/Q11558209>
<http://ja.dbpedia.org/resource/浦安市立美浜南小学校>	"浦安市立美浜南小学校"@ja	<http://dbpedia.org/ontology/School>	<http://ja.dbpedia.org/property/設置者>	"設置者"@ja	<http://ja.wikipedia.org/wiki/浦安市立美浜南小学校>	<http://wikidata.dbpedia.org/resource/Q11558209>
<http://ja.dbpedia.org/resource/浦安市立美浜南小学校>	"浦安市立美浜南小学校"@ja	<http://dbpedia.org/ontology/EducationalInstitution>	<http://ja.dbpedia.org/property/設置者>	"設置者"@ja	<http://ja.wikipedia.org/wiki/浦安市立美浜南小学校>	<http://wikidata.dbpedia.org/resource/Q11558209>
<http://ja.dbpedia.org/resource/浦安市立見明川中学校>	"浦安市立見明川中学校"@ja	<http://dbpedia.org/ontology/Organisation>	<http://ja.dbpedia.org/property/設置者>	"設置者"@ja	<http://ja.wikipedia.org/wiki/浦安市立見明川中学校>	<http://wikidata.dbpedia.org/resource/Q11558208>
<http://ja.dbpedia.org/resource/浦安市立見明川中学校>	"浦安市立見明川中学校"@ja	<http://dbpedia.org/ontology/Agent>	<http://ja.dbpedia.org/property/設置者>	"設置者"@ja	<http://ja.wikipedia.org/wiki/浦安市立見明川中学校>	<http://wikidata.dbpedia.org/resource/Q11558208>
<http://ja.dbpedia.org/resource/浦安市立見明川中学校>	"浦安市立見明川中学校"@ja	<http://dbpedia.org/ontology/School>	<http://ja.dbpedia.org/property/設置者>	"設置者"@ja	<http://ja.wikipedia.org/wiki/浦安市立見明川中学校>	<http://wikidata.dbpedia.org/resource/Q11558208>
<http://ja.dbpedia.org/resource/浦安市立見明川中学校>	"浦安市立見明川中学校"@ja	<http://dbpedia.org/ontology/EducationalInstitution>	<http://ja.dbpedia.org/property/設置者>	"設置者"@ja	<http://ja.wikipedia.org/wiki/浦安市立見明川中学校>	<http://wikidata.dbpedia.org/resource/Q11558208>
<http://ja.dbpedia.org/resource/海楽_(浦安市)>	"海楽 (浦安市)"@ja	<http://dbpedia.org/ontology/PopulatedPlace>	<http://ja.dbpedia.org/property/subdivisionName>	"subdivision name"@ja	<http://ja.wikipedia.org/wiki/海楽_(浦安市)>	<http://wikidata.dbpedia.org/resource/Q11558972>
<http://ja.dbpedia.org/resource/海楽_(浦安市)>	"海楽 (浦安市)"@ja	<http://dbpedia.org/ontology/Location>	<http://ja.dbpedia.org/property/subdivisionName>	"subdivision name"@ja	<http://ja.wikipedia.org/wiki/海楽_(浦安市)>	<http://wikidata.dbpedia.org/resource/Q11558972>
<http://ja.dbpedia.org/resource/海楽_(浦安市)>	"海楽 (浦安市)"@ja	<http://dbpedia.org/ontology/Settlement>	<http://ja.dbpedia.org/property/subdivisionName>	"subdivision name"@ja	<http://ja.wikipedia.org/wiki/海楽_(浦安市)>	<http://wikidata.dbpedia.org/resource/Q11558972>
<http://ja.dbpedia.org/resource/海楽_(浦安市)>	"海楽 (浦安市)"@ja	<http://dbpedia.org/ontology/Place>	<http://ja.dbpedia.org/property/subdivisionName>	"subdivision name"@ja	<http://ja.wikipedia.org/wiki/海楽_(浦安市)>	<http://wikidata.dbpedia.org/resource/Q11558972>
<http://ja.dbpedia.org/resource/港_(浦安市)>	"港 (浦安市)"@ja	<http://dbpedia.org/ontology/Place>	<http://ja.dbpedia.org/property/subdivisionName>	"subdivision name"@ja	<http://ja.wikipedia.org/wiki/港_(浦安市)>	<http://wikidata.dbpedia.org/resource/Q11563010>
<http://ja.dbpedia.org/resource/港_(浦安市)>	"港 (浦安市)"@ja	<http://dbpedia.org/ontology/Settlement>	<http://ja.dbpedia.org/property/subdivisionName>	"subdivision name"@ja	<http://ja.wikipedia.org/wiki/港_(浦安市)>	<http://wikidata.dbpedia.org/resource/Q11563010>
<http://ja.dbpedia.org/resource/港_(浦安市)>	"港 (浦安市)"@ja	<http://dbpedia.org/ontology/PopulatedPlace>	<http://ja.dbpedia.org/property/subdivisionName>	"subdivision name"@ja	<http://ja.wikipedia.org/wiki/港_(浦安市)>	<http://wikidata.dbpedia.org/resource/Q11563010>
<http://ja.dbpedia.org/resource/港_(浦安市)>	"港 (浦安市)"@ja	<http://dbpedia.org/ontology/Location>	<http://ja.dbpedia.org/property/subdivisionName>	"subdivision name"@ja	<http://ja.wikipedia.org/wiki/港_(浦安市)>	<http://wikidata.dbpedia.org/resource/Q11563010>
<http://ja.dbpedia.org/resource/猫実_(浦安市)>	"猫実 (浦安市)"@ja	<http://dbpedia.org/ontology/PopulatedPlace>	<http://ja.dbpedia.org/property/subdivisionName>	"subdivision name"@ja	<http://ja.wikipedia.org/wiki/猫実_(浦安市)>	<http://wikidata.dbpedia.org/resource/Q11572009>
<http://ja.dbpedia.org/resource/猫実_(浦安市)>	"猫実 (浦安市)"@ja	<http://dbpedia.org/ontology/Location>	<http://ja.dbpedia.org/property/subdivisionName>	"subdivision name"@ja	<http://ja.wikipedia.org/wiki/猫実_(浦安市)>	<http://wikidata.dbpedia.org/resource/Q11572009>
<http://ja.dbpedia.org/resource/猫実_(浦安市)>	"猫実 (浦安市)"@ja	<http://dbpedia.org/ontology/Place>	<http://ja.dbpedia.org/property/subdivisionName>	"subdivision name"@ja	<http://ja.wikipedia.org/wiki/猫実_(浦安市)>	<http://wikidata.dbpedia.org/resource/Q11572009>
<http://ja.dbpedia.org/resource/猫実_(浦安市)>	"猫実 (浦安市)"@ja	<http://dbpedia.org/ontology/Settlement>	<http://ja.dbpedia.org/property/subdivisionName>	"subdivision name"@ja	<http://ja.wikipedia.org/wiki/猫実_(浦安市)>	<http://wikidata.dbpedia.org/resource/Q11572009>
<http://ja.dbpedia.org/resource/美浜_(浦安市)>	"美浜 (浦安市)"@ja	<http://dbpedia.org/ontology/Location>	<http://ja.dbpedia.org/property/subdivisionName>	"subdivision name"@ja	<http://ja.wikipedia.org/wiki/美浜_(浦安市)>	<http://wikidata.dbpedia.org/resource/Q11609167>
<http://ja.dbpedia.org/resource/美浜_(浦安市)>	"美浜 (浦安市)"@ja	<http://dbpedia.org/ontology/PopulatedPlace>	<http://ja.dbpedia.org/property/subdivisionName>	"subdivision name"@ja	<http://ja.wikipedia.org/wiki/美浜_(浦安市)>	<http://wikidata.dbpedia.org/resource/Q11609167>
<http://ja.dbpedia.org/resource/美浜_(浦安市)>	"美浜 (浦安市)"@ja	<http://dbpedia.org/ontology/Settlement>	<http://ja.dbpedia.org/property/subdivisionName>	"subdivision name"@ja	<http://ja.wikipedia.org/wiki/美浜_(浦安市)>	<http://wikidata.dbpedia.org/resource/Q11609167>
<http://ja.dbpedia.org/resource/美浜_(浦安市)>	"美浜 (浦安市)"@ja	<http://dbpedia.org/ontology/Place>	<http://ja.dbpedia.org/property/subdivisionName>	"subdivision name"@ja	<http://ja.wikipedia.org/wiki/美浜_(浦安市)>	<http://wikidata.dbpedia.org/resource/Q11609167>
<http://ja.dbpedia.org/resource/舞浜>	"舞浜"@ja	<http://dbpedia.org/ontology/Location>	<http://ja.dbpedia.org/property/subdivisionName>	"subdivision name"@ja	<http://ja.wikipedia.org/wiki/舞浜>	<http://wikidata.dbpedia.org/resource/Q11613640>
<http://ja.dbpedia.org/resource/舞浜>	"舞浜"@ja	<http://dbpedia.org/ontology/PopulatedPlace>	<http://ja.dbpedia.org/property/subdivisionName>	"subdivision name"@ja	<http://ja.wikipedia.org/wiki/舞浜>	<http://wikidata.dbpedia.org/resource/Q11613640>
<http://ja.dbpedia.org/resource/舞浜>	"舞浜"@ja	<http://dbpedia.org/ontology/Settlement>	<http://ja.dbpedia.org/property/subdivisionName>	"subdivision name"@ja	<http://ja.wikipedia.org/wiki/舞浜>	<http://wikidata.dbpedia.org/resource/Q11613640>
<http://ja.dbpedia.org/resource/舞浜>	"舞浜"@ja	<http://dbpedia.org/ontology/Place>	<http://ja.dbpedia.org/property/subdivisionName>	"subdivision name"@ja	<http://ja.wikipedia.org/wiki/舞浜>	<http://wikidata.dbpedia.org/resource/Q11613640>
<http://ja.dbpedia.org/resource/鉄鋼通り>	"鉄鋼通り"@ja	<http://dbpedia.org/ontology/PopulatedPlace>	<http://ja.dbpedia.org/property/subdivisionName>	"subdivision name"@ja	<http://ja.wikipedia.org/wiki/鉄鋼通り>	<http://wikidata.dbpedia.org/resource/Q11649794>
<http://ja.dbpedia.org/resource/鉄鋼通り>	"鉄鋼通り"@ja	<http://dbpedia.org/ontology/Location>	<http://ja.dbpedia.org/property/subdivisionName>	"subdivision name"@ja	<http://ja.wikipedia.org/wiki/鉄鋼通り>	<http://wikidata.dbpedia.org/resource/Q11649794>
<http://ja.dbpedia.org/resource/鉄鋼通り>	"鉄鋼通り"@ja	<http://dbpedia.org/ontology/Place>	<http://ja.dbpedia.org/property/subdivisionName>	"subdivision name"@ja	<http://ja.wikipedia.org/wiki/鉄鋼通り>	<http://wikidata.dbpedia.org/resource/Q11649794>
<http://ja.dbpedia.org/resource/鉄鋼通り>	"鉄鋼通り"@ja	<http://dbpedia.org/ontology/Settlement>	<http://ja.dbpedia.org/property/subdivisionName>	"subdivision name"@ja	<http://ja.wikipedia.org/wiki/鉄鋼通り>	<http://wikidata.dbpedia.org/resource/Q11649794>
<http://ja.dbpedia.org/resource/高洲_(浦安市)>	"高洲 (浦安市)"@ja	<http://dbpedia.org/ontology/Location>	<http://ja.dbpedia.org/property/subdivisionName>	"subdivision name"@ja	<http://ja.wikipedia.org/wiki/高洲_(浦安市)>	<http://wikidata.dbpedia.org/resource/Q11671819>
<http://ja.dbpedia.org/resource/高洲_(浦安市)>	"高洲 (浦安市)"@ja	<http://dbpedia.org/ontology/PopulatedPlace>	<http://ja.dbpedia.org/property/subdivisionName>	"subdivision name"@ja	<http://ja.wikipedia.org/wiki/高洲_(浦安市)>	<http://wikidata.dbpedia.org/resource/Q11671819>
<http://ja.dbpedia.org/resource/高洲_(浦安市)>	"高洲 (浦安市)"@ja	<http://dbpedia.org/ontology/Settlement>	<http://ja.dbpedia.org/property/subdivisionName>	"subdivision name"@ja	<http://ja.wikipedia.org/wiki/高洲_(浦安市)>	<http://wikidata.dbpedia.org/resource/Q11671819>
<http://ja.dbpedia.org/resource/高洲_(浦安市)>	"高洲 (浦安市)"@ja	<http://dbpedia.org/ontology/Place>	<http://ja.dbpedia.org/property/subdivisionName>	"subdivision name"@ja	<http://ja.wikipedia.org/wiki/高洲_(浦安市)>	<http://wikidata.dbpedia.org/resource/Q11671819>
