?s	?sLabel	?type	?p	?pLabel	?jwiki	?wd
<http://ja.dbpedia.org/resource/下ケ戸>	"下ケ戸"@ja	<http://dbpedia.org/ontology/Place>	<http://ja.dbpedia.org/property/subdivisionName>	"subdivision name"@ja	<http://ja.wikipedia.org/wiki/下ケ戸>	<http://wikidata.dbpedia.org/resource/Q11360568>
<http://ja.dbpedia.org/resource/下ケ戸>	"下ケ戸"@ja	<http://dbpedia.org/ontology/Settlement>	<http://ja.dbpedia.org/property/subdivisionName>	"subdivision name"@ja	<http://ja.wikipedia.org/wiki/下ケ戸>	<http://wikidata.dbpedia.org/resource/Q11360568>
<http://ja.dbpedia.org/resource/下ケ戸>	"下ケ戸"@ja	<http://dbpedia.org/ontology/Location>	<http://ja.dbpedia.org/property/subdivisionName>	"subdivision name"@ja	<http://ja.wikipedia.org/wiki/下ケ戸>	<http://wikidata.dbpedia.org/resource/Q11360568>
<http://ja.dbpedia.org/resource/下ケ戸>	"下ケ戸"@ja	<http://dbpedia.org/ontology/PopulatedPlace>	<http://ja.dbpedia.org/property/subdivisionName>	"subdivision name"@ja	<http://ja.wikipedia.org/wiki/下ケ戸>	<http://wikidata.dbpedia.org/resource/Q11360568>
<http://ja.dbpedia.org/resource/並木_(我孫子市)>	"並木 (我孫子市)"@ja	<http://dbpedia.org/ontology/Location>	<http://ja.dbpedia.org/property/subdivisionName>	"subdivision name"@ja	<http://ja.wikipedia.org/wiki/並木_(我孫子市)>	<http://wikidata.dbpedia.org/resource/Q17227100>
<http://ja.dbpedia.org/resource/並木_(我孫子市)>	"並木 (我孫子市)"@ja	<http://dbpedia.org/ontology/PopulatedPlace>	<http://ja.dbpedia.org/property/subdivisionName>	"subdivision name"@ja	<http://ja.wikipedia.org/wiki/並木_(我孫子市)>	<http://wikidata.dbpedia.org/resource/Q17227100>
<http://ja.dbpedia.org/resource/並木_(我孫子市)>	"並木 (我孫子市)"@ja	<http://dbpedia.org/ontology/Settlement>	<http://ja.dbpedia.org/property/subdivisionName>	"subdivision name"@ja	<http://ja.wikipedia.org/wiki/並木_(我孫子市)>	<http://wikidata.dbpedia.org/resource/Q17227100>
<http://ja.dbpedia.org/resource/並木_(我孫子市)>	"並木 (我孫子市)"@ja	<http://dbpedia.org/ontology/Place>	<http://ja.dbpedia.org/property/subdivisionName>	"subdivision name"@ja	<http://ja.wikipedia.org/wiki/並木_(我孫子市)>	<http://wikidata.dbpedia.org/resource/Q17227100>
<http://ja.dbpedia.org/resource/千葉県道・茨城県道4号千葉竜ヶ崎線>	"千葉県道・茨城県道4号千葉竜ヶ崎線"@ja	<http://dbpedia.org/ontology/ArchitecturalStructure>	<http://ja.dbpedia.org/property/主な経由都市>	"主な経由都市"@ja	<http://ja.wikipedia.org/wiki/千葉県道・茨城県道4号千葉竜ヶ崎線>	<http://wikidata.dbpedia.org/resource/Q11406688>
<http://ja.dbpedia.org/resource/千葉県道・茨城県道4号千葉竜ヶ崎線>	"千葉県道・茨城県道4号千葉竜ヶ崎線"@ja	<http://dbpedia.org/ontology/Road>	<http://ja.dbpedia.org/property/主な経由都市>	"主な経由都市"@ja	<http://ja.wikipedia.org/wiki/千葉県道・茨城県道4号千葉竜ヶ崎線>	<http://wikidata.dbpedia.org/resource/Q11406688>
<http://ja.dbpedia.org/resource/千葉県道・茨城県道4号千葉竜ヶ崎線>	"千葉県道・茨城県道4号千葉竜ヶ崎線"@ja	<http://dbpedia.org/ontology/RouteOfTransportation>	<http://ja.dbpedia.org/property/主な経由都市>	"主な経由都市"@ja	<http://ja.wikipedia.org/wiki/千葉県道・茨城県道4号千葉竜ヶ崎線>	<http://wikidata.dbpedia.org/resource/Q11406688>
<http://ja.dbpedia.org/resource/千葉県道・茨城県道4号千葉竜ヶ崎線>	"千葉県道・茨城県道4号千葉竜ヶ崎線"@ja	<http://dbpedia.org/ontology/Infrastructure>	<http://ja.dbpedia.org/property/主な経由都市>	"主な経由都市"@ja	<http://ja.wikipedia.org/wiki/千葉県道・茨城県道4号千葉竜ヶ崎線>	<http://wikidata.dbpedia.org/resource/Q11406688>
<http://ja.dbpedia.org/resource/南青山_(我孫子市)>	"南青山 (我孫子市)"@ja	<http://dbpedia.org/ontology/Place>	<http://ja.dbpedia.org/property/subdivisionName>	"subdivision name"@ja	<http://ja.wikipedia.org/wiki/南青山_(我孫子市)>	<http://wikidata.dbpedia.org/resource/Q17213732>
<http://ja.dbpedia.org/resource/南青山_(我孫子市)>	"南青山 (我孫子市)"@ja	<http://dbpedia.org/ontology/Settlement>	<http://ja.dbpedia.org/property/subdivisionName>	"subdivision name"@ja	<http://ja.wikipedia.org/wiki/南青山_(我孫子市)>	<http://wikidata.dbpedia.org/resource/Q17213732>
<http://ja.dbpedia.org/resource/南青山_(我孫子市)>	"南青山 (我孫子市)"@ja	<http://dbpedia.org/ontology/PopulatedPlace>	<http://ja.dbpedia.org/property/subdivisionName>	"subdivision name"@ja	<http://ja.wikipedia.org/wiki/南青山_(我孫子市)>	<http://wikidata.dbpedia.org/resource/Q17213732>
<http://ja.dbpedia.org/resource/南青山_(我孫子市)>	"南青山 (我孫子市)"@ja	<http://dbpedia.org/ontology/Location>	<http://ja.dbpedia.org/property/subdivisionName>	"subdivision name"@ja	<http://ja.wikipedia.org/wiki/南青山_(我孫子市)>	<http://wikidata.dbpedia.org/resource/Q17213732>
<http://ja.dbpedia.org/resource/印西市>	"印西市"@ja	<http://dbpedia.org/ontology/PopulatedPlace>	<http://ja.dbpedia.org/property/隣接自治体>	"隣接自治体"@ja	<http://ja.wikipedia.org/wiki/印西市>	<http://wikidata.dbpedia.org/resource/Q637901>
<http://ja.dbpedia.org/resource/印西市>	"印西市"@ja	<http://dbpedia.org/ontology/City>	<http://ja.dbpedia.org/property/northwest>	"Northwest"@ja	<http://ja.wikipedia.org/wiki/印西市>	<http://wikidata.dbpedia.org/resource/Q637901>
<http://ja.dbpedia.org/resource/印西市>	"印西市"@ja	<http://dbpedia.org/ontology/Place>	<http://ja.dbpedia.org/property/northwest>	"Northwest"@ja	<http://ja.wikipedia.org/wiki/印西市>	<http://wikidata.dbpedia.org/resource/Q637901>
<http://ja.dbpedia.org/resource/印西市>	"印西市"@ja	<http://dbpedia.org/ontology/Settlement>	<http://ja.dbpedia.org/property/隣接自治体>	"隣接自治体"@ja	<http://ja.wikipedia.org/wiki/印西市>	<http://wikidata.dbpedia.org/resource/Q637901>
<http://ja.dbpedia.org/resource/印西市>	"印西市"@ja	<http://dbpedia.org/ontology/Location>	<http://ja.dbpedia.org/property/隣接自治体>	"隣接自治体"@ja	<http://ja.wikipedia.org/wiki/印西市>	<http://wikidata.dbpedia.org/resource/Q637901>
<http://ja.dbpedia.org/resource/印西市>	"印西市"@ja	<http://dbpedia.org/ontology/Location>	<http://ja.dbpedia.org/property/northwest>	"Northwest"@ja	<http://ja.wikipedia.org/wiki/印西市>	<http://wikidata.dbpedia.org/resource/Q637901>
<http://ja.dbpedia.org/resource/印西市>	"印西市"@ja	<http://dbpedia.org/ontology/Place>	<http://ja.dbpedia.org/property/隣接自治体>	"隣接自治体"@ja	<http://ja.wikipedia.org/wiki/印西市>	<http://wikidata.dbpedia.org/resource/Q637901>
<http://ja.dbpedia.org/resource/印西市>	"印西市"@ja	<http://dbpedia.org/ontology/PopulatedPlace>	<http://ja.dbpedia.org/property/northwest>	"Northwest"@ja	<http://ja.wikipedia.org/wiki/印西市>	<http://wikidata.dbpedia.org/resource/Q637901>
<http://ja.dbpedia.org/resource/印西市>	"印西市"@ja	<http://dbpedia.org/ontology/City>	<http://ja.dbpedia.org/property/隣接自治体>	"隣接自治体"@ja	<http://ja.wikipedia.org/wiki/印西市>	<http://wikidata.dbpedia.org/resource/Q637901>
<http://ja.dbpedia.org/resource/印西市>	"印西市"@ja	<http://dbpedia.org/ontology/Settlement>	<http://ja.dbpedia.org/property/northwest>	"Northwest"@ja	<http://ja.wikipedia.org/wiki/印西市>	<http://wikidata.dbpedia.org/resource/Q637901>
<http://ja.dbpedia.org/resource/取手市>	"取手市"@ja	<http://dbpedia.org/ontology/Location>	<http://ja.dbpedia.org/property/隣接自治体>	"隣接自治体"@ja	<http://ja.wikipedia.org/wiki/取手市>	<http://wikidata.dbpedia.org/resource/Q638312>
<http://ja.dbpedia.org/resource/取手市>	"取手市"@ja	<http://dbpedia.org/ontology/PopulatedPlace>	<http://ja.dbpedia.org/property/隣接自治体>	"隣接自治体"@ja	<http://ja.wikipedia.org/wiki/取手市>	<http://wikidata.dbpedia.org/resource/Q638312>
<http://ja.dbpedia.org/resource/取手市>	"取手市"@ja	<http://dbpedia.org/ontology/Settlement>	<http://ja.dbpedia.org/property/隣接自治体>	"隣接自治体"@ja	<http://ja.wikipedia.org/wiki/取手市>	<http://wikidata.dbpedia.org/resource/Q638312>
<http://ja.dbpedia.org/resource/取手市>	"取手市"@ja	<http://dbpedia.org/ontology/City>	<http://ja.dbpedia.org/property/隣接自治体>	"隣接自治体"@ja	<http://ja.wikipedia.org/wiki/取手市>	<http://wikidata.dbpedia.org/resource/Q638312>
<http://ja.dbpedia.org/resource/取手市>	"取手市"@ja	<http://dbpedia.org/ontology/Place>	<http://ja.dbpedia.org/property/隣接自治体>	"隣接自治体"@ja	<http://ja.wikipedia.org/wiki/取手市>	<http://wikidata.dbpedia.org/resource/Q638312>
<http://ja.dbpedia.org/resource/天王台_(我孫子市)>	"天王台 (我孫子市)"@ja	<http://dbpedia.org/ontology/Settlement>	<http://ja.dbpedia.org/property/subdivisionName>	"subdivision name"@ja	<http://ja.wikipedia.org/wiki/天王台_(我孫子市)>	<http://wikidata.dbpedia.org/resource/Q11442958>
<http://ja.dbpedia.org/resource/天王台_(我孫子市)>	"天王台 (我孫子市)"@ja	<http://dbpedia.org/ontology/Place>	<http://ja.dbpedia.org/property/subdivisionName>	"subdivision name"@ja	<http://ja.wikipedia.org/wiki/天王台_(我孫子市)>	<http://wikidata.dbpedia.org/resource/Q11442958>
<http://ja.dbpedia.org/resource/天王台_(我孫子市)>	"天王台 (我孫子市)"@ja	<http://dbpedia.org/ontology/Location>	<http://ja.dbpedia.org/property/subdivisionName>	"subdivision name"@ja	<http://ja.wikipedia.org/wiki/天王台_(我孫子市)>	<http://wikidata.dbpedia.org/resource/Q11442958>
<http://ja.dbpedia.org/resource/天王台_(我孫子市)>	"天王台 (我孫子市)"@ja	<http://dbpedia.org/ontology/PopulatedPlace>	<http://ja.dbpedia.org/property/subdivisionName>	"subdivision name"@ja	<http://ja.wikipedia.org/wiki/天王台_(我孫子市)>	<http://wikidata.dbpedia.org/resource/Q11442958>
<http://ja.dbpedia.org/resource/寿_(我孫子市)>	"寿 (我孫子市)"@ja	<http://dbpedia.org/ontology/PopulatedPlace>	<http://ja.dbpedia.org/property/subdivisionName>	"subdivision name"@ja	<http://ja.wikipedia.org/wiki/寿_(我孫子市)>	<http://wikidata.dbpedia.org/resource/Q17221873>
<http://ja.dbpedia.org/resource/寿_(我孫子市)>	"寿 (我孫子市)"@ja	<http://dbpedia.org/ontology/Location>	<http://ja.dbpedia.org/property/subdivisionName>	"subdivision name"@ja	<http://ja.wikipedia.org/wiki/寿_(我孫子市)>	<http://wikidata.dbpedia.org/resource/Q17221873>
<http://ja.dbpedia.org/resource/寿_(我孫子市)>	"寿 (我孫子市)"@ja	<http://dbpedia.org/ontology/Settlement>	<http://ja.dbpedia.org/property/subdivisionName>	"subdivision name"@ja	<http://ja.wikipedia.org/wiki/寿_(我孫子市)>	<http://wikidata.dbpedia.org/resource/Q17221873>
<http://ja.dbpedia.org/resource/寿_(我孫子市)>	"寿 (我孫子市)"@ja	<http://dbpedia.org/ontology/Place>	<http://ja.dbpedia.org/property/subdivisionName>	"subdivision name"@ja	<http://ja.wikipedia.org/wiki/寿_(我孫子市)>	<http://wikidata.dbpedia.org/resource/Q17221873>
<http://ja.dbpedia.org/resource/布佐_(我孫子市)>	"布佐 (我孫子市)"@ja	<http://dbpedia.org/ontology/Place>	<http://ja.dbpedia.org/property/subdivisionName>	"subdivision name"@ja	<http://ja.wikipedia.org/wiki/布佐_(我孫子市)>	<http://wikidata.dbpedia.org/resource/Q17210985>
<http://ja.dbpedia.org/resource/布佐_(我孫子市)>	"布佐 (我孫子市)"@ja	<http://dbpedia.org/ontology/Settlement>	<http://ja.dbpedia.org/property/subdivisionName>	"subdivision name"@ja	<http://ja.wikipedia.org/wiki/布佐_(我孫子市)>	<http://wikidata.dbpedia.org/resource/Q17210985>
<http://ja.dbpedia.org/resource/布佐_(我孫子市)>	"布佐 (我孫子市)"@ja	<http://dbpedia.org/ontology/PopulatedPlace>	<http://ja.dbpedia.org/property/subdivisionName>	"subdivision name"@ja	<http://ja.wikipedia.org/wiki/布佐_(我孫子市)>	<http://wikidata.dbpedia.org/resource/Q17210985>
<http://ja.dbpedia.org/resource/布佐_(我孫子市)>	"布佐 (我孫子市)"@ja	<http://dbpedia.org/ontology/Location>	<http://ja.dbpedia.org/property/subdivisionName>	"subdivision name"@ja	<http://ja.wikipedia.org/wiki/布佐_(我孫子市)>	<http://wikidata.dbpedia.org/resource/Q17210985>
<http://ja.dbpedia.org/resource/布佐平和台>	"布佐平和台"@ja	<http://dbpedia.org/ontology/Place>	<http://ja.dbpedia.org/property/subdivisionName>	"subdivision name"@ja	<http://ja.wikipedia.org/wiki/布佐平和台>	<http://wikidata.dbpedia.org/resource/Q11480758>
<http://ja.dbpedia.org/resource/布佐平和台>	"布佐平和台"@ja	<http://dbpedia.org/ontology/Settlement>	<http://ja.dbpedia.org/property/subdivisionName>	"subdivision name"@ja	<http://ja.wikipedia.org/wiki/布佐平和台>	<http://wikidata.dbpedia.org/resource/Q11480758>
<http://ja.dbpedia.org/resource/布佐平和台>	"布佐平和台"@ja	<http://dbpedia.org/ontology/PopulatedPlace>	<http://ja.dbpedia.org/property/subdivisionName>	"subdivision name"@ja	<http://ja.wikipedia.org/wiki/布佐平和台>	<http://wikidata.dbpedia.org/resource/Q11480758>
<http://ja.dbpedia.org/resource/布佐平和台>	"布佐平和台"@ja	<http://dbpedia.org/ontology/Location>	<http://ja.dbpedia.org/property/subdivisionName>	"subdivision name"@ja	<http://ja.wikipedia.org/wiki/布佐平和台>	<http://wikidata.dbpedia.org/resource/Q11480758>
<http://ja.dbpedia.org/resource/布佐酉町>	"布佐酉町"@ja	<http://dbpedia.org/ontology/Settlement>	<http://ja.dbpedia.org/property/subdivisionName>	"subdivision name"@ja	<http://ja.wikipedia.org/wiki/布佐酉町>	<http://wikidata.dbpedia.org/resource/Q17211002>
<http://ja.dbpedia.org/resource/布佐酉町>	"布佐酉町"@ja	<http://dbpedia.org/ontology/Place>	<http://ja.dbpedia.org/property/subdivisionName>	"subdivision name"@ja	<http://ja.wikipedia.org/wiki/布佐酉町>	<http://wikidata.dbpedia.org/resource/Q17211002>
<http://ja.dbpedia.org/resource/布佐酉町>	"布佐酉町"@ja	<http://dbpedia.org/ontology/Location>	<http://ja.dbpedia.org/property/subdivisionName>	"subdivision name"@ja	<http://ja.wikipedia.org/wiki/布佐酉町>	<http://wikidata.dbpedia.org/resource/Q17211002>
<http://ja.dbpedia.org/resource/布佐酉町>	"布佐酉町"@ja	<http://dbpedia.org/ontology/PopulatedPlace>	<http://ja.dbpedia.org/property/subdivisionName>	"subdivision name"@ja	<http://ja.wikipedia.org/wiki/布佐酉町>	<http://wikidata.dbpedia.org/resource/Q17211002>
<http://ja.dbpedia.org/resource/我孫子_(我孫子市)>	"我孫子 (我孫子市)"@ja	<http://dbpedia.org/ontology/Place>	<http://ja.dbpedia.org/property/subdivisionName>	"subdivision name"@ja	<http://ja.wikipedia.org/wiki/我孫子_(我孫子市)>	<http://wikidata.dbpedia.org/resource/Q11495852>
<http://ja.dbpedia.org/resource/我孫子_(我孫子市)>	"我孫子 (我孫子市)"@ja	<http://dbpedia.org/ontology/Settlement>	<http://ja.dbpedia.org/property/subdivisionName>	"subdivision name"@ja	<http://ja.wikipedia.org/wiki/我孫子_(我孫子市)>	<http://wikidata.dbpedia.org/resource/Q11495852>
<http://ja.dbpedia.org/resource/我孫子_(我孫子市)>	"我孫子 (我孫子市)"@ja	<http://dbpedia.org/ontology/PopulatedPlace>	<http://ja.dbpedia.org/property/subdivisionName>	"subdivision name"@ja	<http://ja.wikipedia.org/wiki/我孫子_(我孫子市)>	<http://wikidata.dbpedia.org/resource/Q11495852>
<http://ja.dbpedia.org/resource/我孫子_(我孫子市)>	"我孫子 (我孫子市)"@ja	<http://dbpedia.org/ontology/Location>	<http://ja.dbpedia.org/property/subdivisionName>	"subdivision name"@ja	<http://ja.wikipedia.org/wiki/我孫子_(我孫子市)>	<http://wikidata.dbpedia.org/resource/Q11495852>
<http://ja.dbpedia.org/resource/我孫子市立我孫子中学校>	"我孫子市立我孫子中学校"@ja	<http://dbpedia.org/ontology/EducationalInstitution>	<http://ja.dbpedia.org/property/設置者>	"設置者"@ja	<http://ja.wikipedia.org/wiki/我孫子市立我孫子中学校>	<http://wikidata.dbpedia.org/resource/Q11495865>
<http://ja.dbpedia.org/resource/我孫子市立我孫子中学校>	"我孫子市立我孫子中学校"@ja	<http://dbpedia.org/ontology/School>	<http://ja.dbpedia.org/property/設置者>	"設置者"@ja	<http://ja.wikipedia.org/wiki/我孫子市立我孫子中学校>	<http://wikidata.dbpedia.org/resource/Q11495865>
<http://ja.dbpedia.org/resource/我孫子市立我孫子中学校>	"我孫子市立我孫子中学校"@ja	<http://dbpedia.org/ontology/Organisation>	<http://ja.dbpedia.org/property/設置者>	"設置者"@ja	<http://ja.wikipedia.org/wiki/我孫子市立我孫子中学校>	<http://wikidata.dbpedia.org/resource/Q11495865>
<http://ja.dbpedia.org/resource/我孫子市立我孫子中学校>	"我孫子市立我孫子中学校"@ja	<http://dbpedia.org/ontology/Agent>	<http://ja.dbpedia.org/property/設置者>	"設置者"@ja	<http://ja.wikipedia.org/wiki/我孫子市立我孫子中学校>	<http://wikidata.dbpedia.org/resource/Q11495865>
<http://ja.dbpedia.org/resource/我孫子市立湖北台中学校>	"我孫子市立湖北台中学校"@ja	<http://dbpedia.org/ontology/School>	<http://ja.dbpedia.org/property/設置者>	"設置者"@ja	<http://ja.wikipedia.org/wiki/我孫子市立湖北台中学校>	<http://wikidata.dbpedia.org/resource/Q11495872>
<http://ja.dbpedia.org/resource/我孫子市立湖北台中学校>	"我孫子市立湖北台中学校"@ja	<http://dbpedia.org/ontology/EducationalInstitution>	<http://ja.dbpedia.org/property/設置者>	"設置者"@ja	<http://ja.wikipedia.org/wiki/我孫子市立湖北台中学校>	<http://wikidata.dbpedia.org/resource/Q11495872>
<http://ja.dbpedia.org/resource/我孫子市立湖北台中学校>	"我孫子市立湖北台中学校"@ja	<http://dbpedia.org/ontology/Agent>	<http://ja.dbpedia.org/property/設置者>	"設置者"@ja	<http://ja.wikipedia.org/wiki/我孫子市立湖北台中学校>	<http://wikidata.dbpedia.org/resource/Q11495872>
<http://ja.dbpedia.org/resource/我孫子市立湖北台中学校>	"我孫子市立湖北台中学校"@ja	<http://dbpedia.org/ontology/Organisation>	<http://ja.dbpedia.org/property/設置者>	"設置者"@ja	<http://ja.wikipedia.org/wiki/我孫子市立湖北台中学校>	<http://wikidata.dbpedia.org/resource/Q11495872>
<http://ja.dbpedia.org/resource/我孫子新田>	"我孫子新田"@ja	<http://dbpedia.org/ontology/Place>	<http://ja.dbpedia.org/property/subdivisionName>	"subdivision name"@ja	<http://ja.wikipedia.org/wiki/我孫子新田>	<http://wikidata.dbpedia.org/resource/Q17191650>
<http://ja.dbpedia.org/resource/我孫子新田>	"我孫子新田"@ja	<http://dbpedia.org/ontology/Settlement>	<http://ja.dbpedia.org/property/subdivisionName>	"subdivision name"@ja	<http://ja.wikipedia.org/wiki/我孫子新田>	<http://wikidata.dbpedia.org/resource/Q17191650>
<http://ja.dbpedia.org/resource/我孫子新田>	"我孫子新田"@ja	<http://dbpedia.org/ontology/PopulatedPlace>	<http://ja.dbpedia.org/property/subdivisionName>	"subdivision name"@ja	<http://ja.wikipedia.org/wiki/我孫子新田>	<http://wikidata.dbpedia.org/resource/Q17191650>
<http://ja.dbpedia.org/resource/我孫子新田>	"我孫子新田"@ja	<http://dbpedia.org/ontology/Location>	<http://ja.dbpedia.org/property/subdivisionName>	"subdivision name"@ja	<http://ja.wikipedia.org/wiki/我孫子新田>	<http://wikidata.dbpedia.org/resource/Q17191650>
<http://ja.dbpedia.org/resource/我孫子谷津ミュージアム>	"我孫子谷津ミュージアム"@ja	<http://dbpedia.org/ontology/Place>	<http://ja.dbpedia.org/property/都市>	"都市"@ja	<http://ja.wikipedia.org/wiki/我孫子谷津ミュージアム>	<http://wikidata.dbpedia.org/resource/Q11495880>
<http://ja.dbpedia.org/resource/我孫子谷津ミュージアム>	"我孫子谷津ミュージアム"@ja	<http://dbpedia.org/ontology/Location>	<http://ja.dbpedia.org/property/都市>	"都市"@ja	<http://ja.wikipedia.org/wiki/我孫子谷津ミュージアム>	<http://wikidata.dbpedia.org/resource/Q11495880>
<http://ja.dbpedia.org/resource/我孫子谷津ミュージアム>	"我孫子谷津ミュージアム"@ja	<http://dbpedia.org/ontology/Park>	<http://ja.dbpedia.org/property/都市>	"都市"@ja	<http://ja.wikipedia.org/wiki/我孫子谷津ミュージアム>	<http://wikidata.dbpedia.org/resource/Q11495880>
<http://ja.dbpedia.org/resource/新々田>	"新々田"@ja	<http://dbpedia.org/ontology/Location>	<http://ja.dbpedia.org/property/subdivisionName>	"subdivision name"@ja	<http://ja.wikipedia.org/wiki/新々田>	<http://wikidata.dbpedia.org/resource/Q11500906>
<http://ja.dbpedia.org/resource/新々田>	"新々田"@ja	<http://dbpedia.org/ontology/PopulatedPlace>	<http://ja.dbpedia.org/property/subdivisionName>	"subdivision name"@ja	<http://ja.wikipedia.org/wiki/新々田>	<http://wikidata.dbpedia.org/resource/Q11500906>
<http://ja.dbpedia.org/resource/新々田>	"新々田"@ja	<http://dbpedia.org/ontology/Settlement>	<http://ja.dbpedia.org/property/subdivisionName>	"subdivision name"@ja	<http://ja.wikipedia.org/wiki/新々田>	<http://wikidata.dbpedia.org/resource/Q11500906>
<http://ja.dbpedia.org/resource/新々田>	"新々田"@ja	<http://dbpedia.org/ontology/Place>	<http://ja.dbpedia.org/property/subdivisionName>	"subdivision name"@ja	<http://ja.wikipedia.org/wiki/新々田>	<http://wikidata.dbpedia.org/resource/Q11500906>
<http://ja.dbpedia.org/resource/日の出_(我孫子市)>	"日の出 (我孫子市)"@ja	<http://dbpedia.org/ontology/Location>	<http://ja.dbpedia.org/property/subdivisionName>	"subdivision name"@ja	<http://ja.wikipedia.org/wiki/日の出_(我孫子市)>	<http://wikidata.dbpedia.org/resource/Q17225267>
<http://ja.dbpedia.org/resource/日の出_(我孫子市)>	"日の出 (我孫子市)"@ja	<http://dbpedia.org/ontology/PopulatedPlace>	<http://ja.dbpedia.org/property/subdivisionName>	"subdivision name"@ja	<http://ja.wikipedia.org/wiki/日の出_(我孫子市)>	<http://wikidata.dbpedia.org/resource/Q17225267>
<http://ja.dbpedia.org/resource/日の出_(我孫子市)>	"日の出 (我孫子市)"@ja	<http://dbpedia.org/ontology/Settlement>	<http://ja.dbpedia.org/property/subdivisionName>	"subdivision name"@ja	<http://ja.wikipedia.org/wiki/日の出_(我孫子市)>	<http://wikidata.dbpedia.org/resource/Q17225267>
<http://ja.dbpedia.org/resource/日の出_(我孫子市)>	"日の出 (我孫子市)"@ja	<http://dbpedia.org/ontology/Place>	<http://ja.dbpedia.org/property/subdivisionName>	"subdivision name"@ja	<http://ja.wikipedia.org/wiki/日の出_(我孫子市)>	<http://wikidata.dbpedia.org/resource/Q17225267>
<http://ja.dbpedia.org/resource/本町_(我孫子市)>	"本町 (我孫子市)"@ja	<http://dbpedia.org/ontology/Place>	<http://ja.dbpedia.org/property/subdivisionName>	"subdivision name"@ja	<http://ja.wikipedia.org/wiki/本町_(我孫子市)>	<http://wikidata.dbpedia.org/resource/Q11520686>
<http://ja.dbpedia.org/resource/本町_(我孫子市)>	"本町 (我孫子市)"@ja	<http://dbpedia.org/ontology/Settlement>	<http://ja.dbpedia.org/property/subdivisionName>	"subdivision name"@ja	<http://ja.wikipedia.org/wiki/本町_(我孫子市)>	<http://wikidata.dbpedia.org/resource/Q11520686>
<http://ja.dbpedia.org/resource/本町_(我孫子市)>	"本町 (我孫子市)"@ja	<http://dbpedia.org/ontology/Location>	<http://ja.dbpedia.org/property/subdivisionName>	"subdivision name"@ja	<http://ja.wikipedia.org/wiki/本町_(我孫子市)>	<http://wikidata.dbpedia.org/resource/Q11520686>
<http://ja.dbpedia.org/resource/本町_(我孫子市)>	"本町 (我孫子市)"@ja	<http://dbpedia.org/ontology/PopulatedPlace>	<http://ja.dbpedia.org/property/subdivisionName>	"subdivision name"@ja	<http://ja.wikipedia.org/wiki/本町_(我孫子市)>	<http://wikidata.dbpedia.org/resource/Q11520686>
<http://ja.dbpedia.org/resource/東我孫子>	"東我孫子"@ja	<http://dbpedia.org/ontology/Place>	<http://ja.dbpedia.org/property/subdivisionName>	"subdivision name"@ja	<http://ja.wikipedia.org/wiki/東我孫子>	<http://wikidata.dbpedia.org/resource/Q11527042>
<http://ja.dbpedia.org/resource/東我孫子>	"東我孫子"@ja	<http://dbpedia.org/ontology/Settlement>	<http://ja.dbpedia.org/property/subdivisionName>	"subdivision name"@ja	<http://ja.wikipedia.org/wiki/東我孫子>	<http://wikidata.dbpedia.org/resource/Q11527042>
<http://ja.dbpedia.org/resource/東我孫子>	"東我孫子"@ja	<http://dbpedia.org/ontology/PopulatedPlace>	<http://ja.dbpedia.org/property/subdivisionName>	"subdivision name"@ja	<http://ja.wikipedia.org/wiki/東我孫子>	<http://wikidata.dbpedia.org/resource/Q11527042>
<http://ja.dbpedia.org/resource/東我孫子>	"東我孫子"@ja	<http://dbpedia.org/ontology/Location>	<http://ja.dbpedia.org/property/subdivisionName>	"subdivision name"@ja	<http://ja.wikipedia.org/wiki/東我孫子>	<http://wikidata.dbpedia.org/resource/Q11527042>
<http://ja.dbpedia.org/resource/柏市>	"柏市"@ja	<http://dbpedia.org/ontology/Place>	<http://ja.dbpedia.org/property/隣接自治体>	"隣接自治体"@ja	<http://ja.wikipedia.org/wiki/柏市>	<http://wikidata.dbpedia.org/resource/Q319743>
<http://ja.dbpedia.org/resource/柏市>	"柏市"@ja	<http://dbpedia.org/ontology/PopulatedPlace>	<http://ja.dbpedia.org/property/east>	"East"@ja	<http://ja.wikipedia.org/wiki/柏市>	<http://wikidata.dbpedia.org/resource/Q319743>
<http://ja.dbpedia.org/resource/柏市>	"柏市"@ja	<http://dbpedia.org/ontology/Location>	<http://ja.dbpedia.org/property/east>	"East"@ja	<http://ja.wikipedia.org/wiki/柏市>	<http://wikidata.dbpedia.org/resource/Q319743>
<http://ja.dbpedia.org/resource/柏市>	"柏市"@ja	<http://dbpedia.org/ontology/City>	<http://ja.dbpedia.org/property/隣接自治体>	"隣接自治体"@ja	<http://ja.wikipedia.org/wiki/柏市>	<http://wikidata.dbpedia.org/resource/Q319743>
<http://ja.dbpedia.org/resource/柏市>	"柏市"@ja	<http://dbpedia.org/ontology/Settlement>	<http://ja.dbpedia.org/property/east>	"East"@ja	<http://ja.wikipedia.org/wiki/柏市>	<http://wikidata.dbpedia.org/resource/Q319743>
<http://ja.dbpedia.org/resource/柏市>	"柏市"@ja	<http://dbpedia.org/ontology/Settlement>	<http://ja.dbpedia.org/property/隣接自治体>	"隣接自治体"@ja	<http://ja.wikipedia.org/wiki/柏市>	<http://wikidata.dbpedia.org/resource/Q319743>
<http://ja.dbpedia.org/resource/柏市>	"柏市"@ja	<http://dbpedia.org/ontology/City>	<http://ja.dbpedia.org/property/east>	"East"@ja	<http://ja.wikipedia.org/wiki/柏市>	<http://wikidata.dbpedia.org/resource/Q319743>
<http://ja.dbpedia.org/resource/柏市>	"柏市"@ja	<http://dbpedia.org/ontology/PopulatedPlace>	<http://ja.dbpedia.org/property/隣接自治体>	"隣接自治体"@ja	<http://ja.wikipedia.org/wiki/柏市>	<http://wikidata.dbpedia.org/resource/Q319743>
<http://ja.dbpedia.org/resource/柏市>	"柏市"@ja	<http://dbpedia.org/ontology/Place>	<http://ja.dbpedia.org/property/east>	"East"@ja	<http://ja.wikipedia.org/wiki/柏市>	<http://wikidata.dbpedia.org/resource/Q319743>
<http://ja.dbpedia.org/resource/柏市>	"柏市"@ja	<http://dbpedia.org/ontology/Location>	<http://ja.dbpedia.org/property/隣接自治体>	"隣接自治体"@ja	<http://ja.wikipedia.org/wiki/柏市>	<http://wikidata.dbpedia.org/resource/Q319743>
<http://ja.dbpedia.org/resource/柴崎台>	"柴崎台"@ja	<http://dbpedia.org/ontology/Place>	<http://ja.dbpedia.org/property/subdivisionName>	"subdivision name"@ja	<http://ja.wikipedia.org/wiki/柴崎台>	<http://wikidata.dbpedia.org/resource/Q11534681>
<http://ja.dbpedia.org/resource/柴崎台>	"柴崎台"@ja	<http://dbpedia.org/ontology/Settlement>	<http://ja.dbpedia.org/property/subdivisionName>	"subdivision name"@ja	<http://ja.wikipedia.org/wiki/柴崎台>	<http://wikidata.dbpedia.org/resource/Q11534681>
<http://ja.dbpedia.org/resource/柴崎台>	"柴崎台"@ja	<http://dbpedia.org/ontology/Location>	<http://ja.dbpedia.org/property/subdivisionName>	"subdivision name"@ja	<http://ja.wikipedia.org/wiki/柴崎台>	<http://wikidata.dbpedia.org/resource/Q11534681>
<http://ja.dbpedia.org/resource/柴崎台>	"柴崎台"@ja	<http://dbpedia.org/ontology/PopulatedPlace>	<http://ja.dbpedia.org/property/subdivisionName>	"subdivision name"@ja	<http://ja.wikipedia.org/wiki/柴崎台>	<http://wikidata.dbpedia.org/resource/Q11534681>
<http://ja.dbpedia.org/resource/栄_(我孫子市)>	"栄 (我孫子市)"@ja	<http://dbpedia.org/ontology/Location>	<http://ja.dbpedia.org/property/subdivisionName>	"subdivision name"@ja	<http://ja.wikipedia.org/wiki/栄_(我孫子市)>	<http://wikidata.dbpedia.org/resource/Q17224518>
<http://ja.dbpedia.org/resource/栄_(我孫子市)>	"栄 (我孫子市)"@ja	<http://dbpedia.org/ontology/PopulatedPlace>	<http://ja.dbpedia.org/property/subdivisionName>	"subdivision name"@ja	<http://ja.wikipedia.org/wiki/栄_(我孫子市)>	<http://wikidata.dbpedia.org/resource/Q17224518>
<http://ja.dbpedia.org/resource/栄_(我孫子市)>	"栄 (我孫子市)"@ja	<http://dbpedia.org/ontology/Settlement>	<http://ja.dbpedia.org/property/subdivisionName>	"subdivision name"@ja	<http://ja.wikipedia.org/wiki/栄_(我孫子市)>	<http://wikidata.dbpedia.org/resource/Q17224518>
<http://ja.dbpedia.org/resource/栄_(我孫子市)>	"栄 (我孫子市)"@ja	<http://dbpedia.org/ontology/Place>	<http://ja.dbpedia.org/property/subdivisionName>	"subdivision name"@ja	<http://ja.wikipedia.org/wiki/栄_(我孫子市)>	<http://wikidata.dbpedia.org/resource/Q17224518>
<http://ja.dbpedia.org/resource/泉_(我孫子市)>	"泉 (我孫子市)"@ja	<http://dbpedia.org/ontology/PopulatedPlace>	<http://ja.dbpedia.org/property/subdivisionName>	"subdivision name"@ja	<http://ja.wikipedia.org/wiki/泉_(我孫子市)>	<http://wikidata.dbpedia.org/resource/Q17193092>
<http://ja.dbpedia.org/resource/泉_(我孫子市)>	"泉 (我孫子市)"@ja	<http://dbpedia.org/ontology/Location>	<http://ja.dbpedia.org/property/subdivisionName>	"subdivision name"@ja	<http://ja.wikipedia.org/wiki/泉_(我孫子市)>	<http://wikidata.dbpedia.org/resource/Q17193092>
<http://ja.dbpedia.org/resource/泉_(我孫子市)>	"泉 (我孫子市)"@ja	<http://dbpedia.org/ontology/Settlement>	<http://ja.dbpedia.org/property/subdivisionName>	"subdivision name"@ja	<http://ja.wikipedia.org/wiki/泉_(我孫子市)>	<http://wikidata.dbpedia.org/resource/Q17193092>
<http://ja.dbpedia.org/resource/泉_(我孫子市)>	"泉 (我孫子市)"@ja	<http://dbpedia.org/ontology/Place>	<http://ja.dbpedia.org/property/subdivisionName>	"subdivision name"@ja	<http://ja.wikipedia.org/wiki/泉_(我孫子市)>	<http://wikidata.dbpedia.org/resource/Q17193092>
<http://ja.dbpedia.org/resource/浅間前_(我孫子市)>	"浅間前 (我孫子市)"@ja	<http://dbpedia.org/ontology/PopulatedPlace>	<http://ja.dbpedia.org/property/subdivisionName>	"subdivision name"@ja	<http://ja.wikipedia.org/wiki/浅間前_(我孫子市)>	<http://wikidata.dbpedia.org/resource/Q17222122>
<http://ja.dbpedia.org/resource/浅間前_(我孫子市)>	"浅間前 (我孫子市)"@ja	<http://dbpedia.org/ontology/Location>	<http://ja.dbpedia.org/property/subdivisionName>	"subdivision name"@ja	<http://ja.wikipedia.org/wiki/浅間前_(我孫子市)>	<http://wikidata.dbpedia.org/resource/Q17222122>
<http://ja.dbpedia.org/resource/浅間前_(我孫子市)>	"浅間前 (我孫子市)"@ja	<http://dbpedia.org/ontology/Settlement>	<http://ja.dbpedia.org/property/subdivisionName>	"subdivision name"@ja	<http://ja.wikipedia.org/wiki/浅間前_(我孫子市)>	<http://wikidata.dbpedia.org/resource/Q17222122>
<http://ja.dbpedia.org/resource/浅間前_(我孫子市)>	"浅間前 (我孫子市)"@ja	<http://dbpedia.org/ontology/Place>	<http://ja.dbpedia.org/property/subdivisionName>	"subdivision name"@ja	<http://ja.wikipedia.org/wiki/浅間前_(我孫子市)>	<http://wikidata.dbpedia.org/resource/Q17222122>
<http://ja.dbpedia.org/resource/浅間前新田>	"浅間前新田"@ja	<http://dbpedia.org/ontology/PopulatedPlace>	<http://ja.dbpedia.org/property/subdivisionName>	"subdivision name"@ja	<http://ja.wikipedia.org/wiki/浅間前新田>	<http://wikidata.dbpedia.org/resource/Q17222132>
<http://ja.dbpedia.org/resource/浅間前新田>	"浅間前新田"@ja	<http://dbpedia.org/ontology/Location>	<http://ja.dbpedia.org/property/subdivisionName>	"subdivision name"@ja	<http://ja.wikipedia.org/wiki/浅間前新田>	<http://wikidata.dbpedia.org/resource/Q17222132>
<http://ja.dbpedia.org/resource/浅間前新田>	"浅間前新田"@ja	<http://dbpedia.org/ontology/Settlement>	<http://ja.dbpedia.org/property/subdivisionName>	"subdivision name"@ja	<http://ja.wikipedia.org/wiki/浅間前新田>	<http://wikidata.dbpedia.org/resource/Q17222132>
<http://ja.dbpedia.org/resource/浅間前新田>	"浅間前新田"@ja	<http://dbpedia.org/ontology/Place>	<http://ja.dbpedia.org/property/subdivisionName>	"subdivision name"@ja	<http://ja.wikipedia.org/wiki/浅間前新田>	<http://wikidata.dbpedia.org/resource/Q17222132>
<http://ja.dbpedia.org/resource/澤田敦士>	"澤田敦士"@ja	<http://dbpedia.org/ontology/Person>	<http://ja.dbpedia.org/property/職名>	"職名"@ja	<http://ja.wikipedia.org/wiki/澤田敦士>	<http://wikidata.dbpedia.org/resource/Q11565961>
<http://ja.dbpedia.org/resource/澤田敦士>	"澤田敦士"@ja	<http://dbpedia.org/ontology/Wrestler>	<http://ja.dbpedia.org/property/職名>	"職名"@ja	<http://ja.wikipedia.org/wiki/澤田敦士>	<http://wikidata.dbpedia.org/resource/Q11565961>
<http://ja.dbpedia.org/resource/澤田敦士>	"澤田敦士"@ja	<http://dbpedia.org/ontology/Athlete>	<http://ja.dbpedia.org/property/職名>	"職名"@ja	<http://ja.wikipedia.org/wiki/澤田敦士>	<http://wikidata.dbpedia.org/resource/Q11565961>
<http://ja.dbpedia.org/resource/澤田敦士>	"澤田敦士"@ja	<http://dbpedia.org/ontology/Eukaryote>	<http://ja.dbpedia.org/property/職名>	"職名"@ja	<http://ja.wikipedia.org/wiki/澤田敦士>	<http://wikidata.dbpedia.org/resource/Q11565961>
<http://ja.dbpedia.org/resource/澤田敦士>	"澤田敦士"@ja	<http://dbpedia.org/ontology/Species>	<http://ja.dbpedia.org/property/職名>	"職名"@ja	<http://ja.wikipedia.org/wiki/澤田敦士>	<http://wikidata.dbpedia.org/resource/Q11565961>
<http://ja.dbpedia.org/resource/澤田敦士>	"澤田敦士"@ja	<http://dbpedia.org/ontology/Animal>	<http://ja.dbpedia.org/property/職名>	"職名"@ja	<http://ja.wikipedia.org/wiki/澤田敦士>	<http://wikidata.dbpedia.org/resource/Q11565961>
<http://ja.dbpedia.org/resource/白山_(我孫子市)>	"白山 (我孫子市)"@ja	<http://dbpedia.org/ontology/PopulatedPlace>	<http://ja.dbpedia.org/property/subdivisionName>	"subdivision name"@ja	<http://ja.wikipedia.org/wiki/白山_(我孫子市)>	<http://wikidata.dbpedia.org/resource/Q11579537>
<http://ja.dbpedia.org/resource/白山_(我孫子市)>	"白山 (我孫子市)"@ja	<http://dbpedia.org/ontology/Location>	<http://ja.dbpedia.org/property/subdivisionName>	"subdivision name"@ja	<http://ja.wikipedia.org/wiki/白山_(我孫子市)>	<http://wikidata.dbpedia.org/resource/Q11579537>
<http://ja.dbpedia.org/resource/白山_(我孫子市)>	"白山 (我孫子市)"@ja	<http://dbpedia.org/ontology/Settlement>	<http://ja.dbpedia.org/property/subdivisionName>	"subdivision name"@ja	<http://ja.wikipedia.org/wiki/白山_(我孫子市)>	<http://wikidata.dbpedia.org/resource/Q11579537>
<http://ja.dbpedia.org/resource/白山_(我孫子市)>	"白山 (我孫子市)"@ja	<http://dbpedia.org/ontology/Place>	<http://ja.dbpedia.org/property/subdivisionName>	"subdivision name"@ja	<http://ja.wikipedia.org/wiki/白山_(我孫子市)>	<http://wikidata.dbpedia.org/resource/Q11579537>
<http://ja.dbpedia.org/resource/相島_(我孫子市)>	"相島 (我孫子市)"@ja	<http://dbpedia.org/ontology/PopulatedPlace>	<http://ja.dbpedia.org/property/subdivisionName>	"subdivision name"@ja	<http://ja.wikipedia.org/wiki/相島_(我孫子市)>	<http://wikidata.dbpedia.org/resource/Q17190646>
<http://ja.dbpedia.org/resource/相島_(我孫子市)>	"相島 (我孫子市)"@ja	<http://dbpedia.org/ontology/Location>	<http://ja.dbpedia.org/property/subdivisionName>	"subdivision name"@ja	<http://ja.wikipedia.org/wiki/相島_(我孫子市)>	<http://wikidata.dbpedia.org/resource/Q17190646>
<http://ja.dbpedia.org/resource/相島_(我孫子市)>	"相島 (我孫子市)"@ja	<http://dbpedia.org/ontology/Settlement>	<http://ja.dbpedia.org/property/subdivisionName>	"subdivision name"@ja	<http://ja.wikipedia.org/wiki/相島_(我孫子市)>	<http://wikidata.dbpedia.org/resource/Q17190646>
<http://ja.dbpedia.org/resource/相島_(我孫子市)>	"相島 (我孫子市)"@ja	<http://dbpedia.org/ontology/Place>	<http://ja.dbpedia.org/property/subdivisionName>	"subdivision name"@ja	<http://ja.wikipedia.org/wiki/相島_(我孫子市)>	<http://wikidata.dbpedia.org/resource/Q17190646>
<http://ja.dbpedia.org/resource/相島新田>	"相島新田"@ja	<http://dbpedia.org/ontology/PopulatedPlace>	<http://ja.dbpedia.org/property/subdivisionName>	"subdivision name"@ja	<http://ja.wikipedia.org/wiki/相島新田>	<http://wikidata.dbpedia.org/resource/Q17190650>
<http://ja.dbpedia.org/resource/相島新田>	"相島新田"@ja	<http://dbpedia.org/ontology/Location>	<http://ja.dbpedia.org/property/subdivisionName>	"subdivision name"@ja	<http://ja.wikipedia.org/wiki/相島新田>	<http://wikidata.dbpedia.org/resource/Q17190650>
<http://ja.dbpedia.org/resource/相島新田>	"相島新田"@ja	<http://dbpedia.org/ontology/Settlement>	<http://ja.dbpedia.org/property/subdivisionName>	"subdivision name"@ja	<http://ja.wikipedia.org/wiki/相島新田>	<http://wikidata.dbpedia.org/resource/Q17190650>
<http://ja.dbpedia.org/resource/相島新田>	"相島新田"@ja	<http://dbpedia.org/ontology/Place>	<http://ja.dbpedia.org/property/subdivisionName>	"subdivision name"@ja	<http://ja.wikipedia.org/wiki/相島新田>	<http://wikidata.dbpedia.org/resource/Q17190650>
<http://ja.dbpedia.org/resource/緑_(我孫子市)>	"緑 (我孫子市)"@ja	<http://dbpedia.org/ontology/PopulatedPlace>	<http://ja.dbpedia.org/property/subdivisionName>	"subdivision name"@ja	<http://ja.wikipedia.org/wiki/緑_(我孫子市)>	<http://wikidata.dbpedia.org/resource/Q17213397>
<http://ja.dbpedia.org/resource/緑_(我孫子市)>	"緑 (我孫子市)"@ja	<http://dbpedia.org/ontology/Location>	<http://ja.dbpedia.org/property/subdivisionName>	"subdivision name"@ja	<http://ja.wikipedia.org/wiki/緑_(我孫子市)>	<http://wikidata.dbpedia.org/resource/Q17213397>
<http://ja.dbpedia.org/resource/緑_(我孫子市)>	"緑 (我孫子市)"@ja	<http://dbpedia.org/ontology/Settlement>	<http://ja.dbpedia.org/property/subdivisionName>	"subdivision name"@ja	<http://ja.wikipedia.org/wiki/緑_(我孫子市)>	<http://wikidata.dbpedia.org/resource/Q17213397>
<http://ja.dbpedia.org/resource/緑_(我孫子市)>	"緑 (我孫子市)"@ja	<http://dbpedia.org/ontology/Place>	<http://ja.dbpedia.org/property/subdivisionName>	"subdivision name"@ja	<http://ja.wikipedia.org/wiki/緑_(我孫子市)>	<http://wikidata.dbpedia.org/resource/Q17213397>
<http://ja.dbpedia.org/resource/船戸>	"船戸"@ja	<http://dbpedia.org/ontology/Place>	<http://ja.dbpedia.org/property/subdivisionName>	"subdivision name"@ja	<http://ja.wikipedia.org/wiki/船戸>	<http://wikidata.dbpedia.org/resource/Q24902054>
<http://ja.dbpedia.org/resource/船戸>	"船戸"@ja	<http://dbpedia.org/ontology/Settlement>	<http://ja.dbpedia.org/property/subdivisionName>	"subdivision name"@ja	<http://ja.wikipedia.org/wiki/船戸>	<http://wikidata.dbpedia.org/resource/Q24902054>
<http://ja.dbpedia.org/resource/船戸>	"船戸"@ja	<http://dbpedia.org/ontology/PopulatedPlace>	<http://ja.dbpedia.org/property/subdivisionName>	"subdivision name"@ja	<http://ja.wikipedia.org/wiki/船戸>	<http://wikidata.dbpedia.org/resource/Q24902054>
<http://ja.dbpedia.org/resource/船戸>	"船戸"@ja	<http://dbpedia.org/ontology/Location>	<http://ja.dbpedia.org/property/subdivisionName>	"subdivision name"@ja	<http://ja.wikipedia.org/wiki/船戸>	<http://wikidata.dbpedia.org/resource/Q24902054>
<http://ja.dbpedia.org/resource/若松_(我孫子市)>	"若松 (我孫子市)"@ja	<http://dbpedia.org/ontology/PopulatedPlace>	<http://ja.dbpedia.org/property/subdivisionName>	"subdivision name"@ja	<http://ja.wikipedia.org/wiki/若松_(我孫子市)>	<http://wikidata.dbpedia.org/resource/Q17216408>
<http://ja.dbpedia.org/resource/若松_(我孫子市)>	"若松 (我孫子市)"@ja	<http://dbpedia.org/ontology/Location>	<http://ja.dbpedia.org/property/subdivisionName>	"subdivision name"@ja	<http://ja.wikipedia.org/wiki/若松_(我孫子市)>	<http://wikidata.dbpedia.org/resource/Q17216408>
<http://ja.dbpedia.org/resource/若松_(我孫子市)>	"若松 (我孫子市)"@ja	<http://dbpedia.org/ontology/Place>	<http://ja.dbpedia.org/property/subdivisionName>	"subdivision name"@ja	<http://ja.wikipedia.org/wiki/若松_(我孫子市)>	<http://wikidata.dbpedia.org/resource/Q17216408>
<http://ja.dbpedia.org/resource/若松_(我孫子市)>	"若松 (我孫子市)"@ja	<http://dbpedia.org/ontology/Settlement>	<http://ja.dbpedia.org/property/subdivisionName>	"subdivision name"@ja	<http://ja.wikipedia.org/wiki/若松_(我孫子市)>	<http://wikidata.dbpedia.org/resource/Q17216408>
<http://ja.dbpedia.org/resource/都_(我孫子市)>	"都 (我孫子市)"@ja	<http://dbpedia.org/ontology/Location>	<http://ja.dbpedia.org/property/subdivisionName>	"subdivision name"@ja	<http://ja.wikipedia.org/wiki/都_(我孫子市)>	<http://wikidata.dbpedia.org/resource/Q17215136>
<http://ja.dbpedia.org/resource/都_(我孫子市)>	"都 (我孫子市)"@ja	<http://dbpedia.org/ontology/PopulatedPlace>	<http://ja.dbpedia.org/property/subdivisionName>	"subdivision name"@ja	<http://ja.wikipedia.org/wiki/都_(我孫子市)>	<http://wikidata.dbpedia.org/resource/Q17215136>
<http://ja.dbpedia.org/resource/都_(我孫子市)>	"都 (我孫子市)"@ja	<http://dbpedia.org/ontology/Settlement>	<http://ja.dbpedia.org/property/subdivisionName>	"subdivision name"@ja	<http://ja.wikipedia.org/wiki/都_(我孫子市)>	<http://wikidata.dbpedia.org/resource/Q17215136>
<http://ja.dbpedia.org/resource/都_(我孫子市)>	"都 (我孫子市)"@ja	<http://dbpedia.org/ontology/Place>	<http://ja.dbpedia.org/property/subdivisionName>	"subdivision name"@ja	<http://ja.wikipedia.org/wiki/都_(我孫子市)>	<http://wikidata.dbpedia.org/resource/Q17215136>
<http://ja.dbpedia.org/resource/青山_(我孫子市)>	"青山 (我孫子市)"@ja	<http://dbpedia.org/ontology/PopulatedPlace>	<http://ja.dbpedia.org/property/subdivisionName>	"subdivision name"@ja	<http://ja.wikipedia.org/wiki/青山_(我孫子市)>	<http://wikidata.dbpedia.org/resource/Q17190899>
<http://ja.dbpedia.org/resource/青山_(我孫子市)>	"青山 (我孫子市)"@ja	<http://dbpedia.org/ontology/Location>	<http://ja.dbpedia.org/property/subdivisionName>	"subdivision name"@ja	<http://ja.wikipedia.org/wiki/青山_(我孫子市)>	<http://wikidata.dbpedia.org/resource/Q17190899>
<http://ja.dbpedia.org/resource/青山_(我孫子市)>	"青山 (我孫子市)"@ja	<http://dbpedia.org/ontology/Place>	<http://ja.dbpedia.org/property/subdivisionName>	"subdivision name"@ja	<http://ja.wikipedia.org/wiki/青山_(我孫子市)>	<http://wikidata.dbpedia.org/resource/Q17190899>
<http://ja.dbpedia.org/resource/青山_(我孫子市)>	"青山 (我孫子市)"@ja	<http://dbpedia.org/ontology/Settlement>	<http://ja.dbpedia.org/property/subdivisionName>	"subdivision name"@ja	<http://ja.wikipedia.org/wiki/青山_(我孫子市)>	<http://wikidata.dbpedia.org/resource/Q17190899>
<http://ja.dbpedia.org/resource/青山台_(我孫子市)>	"青山台 (我孫子市)"@ja	<http://dbpedia.org/ontology/Location>	<http://ja.dbpedia.org/property/subdivisionName>	"subdivision name"@ja	<http://ja.wikipedia.org/wiki/青山台_(我孫子市)>	<http://wikidata.dbpedia.org/resource/Q17190905>
<http://ja.dbpedia.org/resource/青山台_(我孫子市)>	"青山台 (我孫子市)"@ja	<http://dbpedia.org/ontology/PopulatedPlace>	<http://ja.dbpedia.org/property/subdivisionName>	"subdivision name"@ja	<http://ja.wikipedia.org/wiki/青山台_(我孫子市)>	<http://wikidata.dbpedia.org/resource/Q17190905>
<http://ja.dbpedia.org/resource/青山台_(我孫子市)>	"青山台 (我孫子市)"@ja	<http://dbpedia.org/ontology/Settlement>	<http://ja.dbpedia.org/property/subdivisionName>	"subdivision name"@ja	<http://ja.wikipedia.org/wiki/青山台_(我孫子市)>	<http://wikidata.dbpedia.org/resource/Q17190905>
<http://ja.dbpedia.org/resource/青山台_(我孫子市)>	"青山台 (我孫子市)"@ja	<http://dbpedia.org/ontology/Place>	<http://ja.dbpedia.org/property/subdivisionName>	"subdivision name"@ja	<http://ja.wikipedia.org/wiki/青山台_(我孫子市)>	<http://wikidata.dbpedia.org/resource/Q17190905>
<http://ja.dbpedia.org/resource/高野山_(我孫子市)>	"高野山 (我孫子市)"@ja	<http://dbpedia.org/ontology/PopulatedPlace>	<http://ja.dbpedia.org/property/subdivisionName>	"subdivision name"@ja	<http://ja.wikipedia.org/wiki/高野山_(我孫子市)>	<http://wikidata.dbpedia.org/resource/Q17219134>
<http://ja.dbpedia.org/resource/高野山_(我孫子市)>	"高野山 (我孫子市)"@ja	<http://dbpedia.org/ontology/Location>	<http://ja.dbpedia.org/property/subdivisionName>	"subdivision name"@ja	<http://ja.wikipedia.org/wiki/高野山_(我孫子市)>	<http://wikidata.dbpedia.org/resource/Q17219134>
<http://ja.dbpedia.org/resource/高野山_(我孫子市)>	"高野山 (我孫子市)"@ja	<http://dbpedia.org/ontology/Place>	<http://ja.dbpedia.org/property/subdivisionName>	"subdivision name"@ja	<http://ja.wikipedia.org/wiki/高野山_(我孫子市)>	<http://wikidata.dbpedia.org/resource/Q17219134>
<http://ja.dbpedia.org/resource/高野山_(我孫子市)>	"高野山 (我孫子市)"@ja	<http://dbpedia.org/ontology/Settlement>	<http://ja.dbpedia.org/property/subdivisionName>	"subdivision name"@ja	<http://ja.wikipedia.org/wiki/高野山_(我孫子市)>	<http://wikidata.dbpedia.org/resource/Q17219134>
<http://ja.dbpedia.org/resource/高野山新田>	"高野山新田"@ja	<http://dbpedia.org/ontology/Location>	<http://ja.dbpedia.org/property/subdivisionName>	"subdivision name"@ja	<http://ja.wikipedia.org/wiki/高野山新田>	<http://wikidata.dbpedia.org/resource/Q17209031>
<http://ja.dbpedia.org/resource/高野山新田>	"高野山新田"@ja	<http://dbpedia.org/ontology/PopulatedPlace>	<http://ja.dbpedia.org/property/subdivisionName>	"subdivision name"@ja	<http://ja.wikipedia.org/wiki/高野山新田>	<http://wikidata.dbpedia.org/resource/Q17209031>
<http://ja.dbpedia.org/resource/高野山新田>	"高野山新田"@ja	<http://dbpedia.org/ontology/Settlement>	<http://ja.dbpedia.org/property/subdivisionName>	"subdivision name"@ja	<http://ja.wikipedia.org/wiki/高野山新田>	<http://wikidata.dbpedia.org/resource/Q17209031>
<http://ja.dbpedia.org/resource/高野山新田>	"高野山新田"@ja	<http://dbpedia.org/ontology/Place>	<http://ja.dbpedia.org/property/subdivisionName>	"subdivision name"@ja	<http://ja.wikipedia.org/wiki/高野山新田>	<http://wikidata.dbpedia.org/resource/Q17209031>
<http://ja.dbpedia.org/resource/つくし野_(我孫子市)>	"つくし野 (我孫子市)"@ja	<http://dbpedia.org/ontology/Location>	<http://ja.dbpedia.org/property/subdivisionName>	"subdivision name"@ja	<http://ja.wikipedia.org/wiki/つくし野_(我孫子市)>	
<http://ja.dbpedia.org/resource/つくし野_(我孫子市)>	"つくし野 (我孫子市)"@ja	<http://dbpedia.org/ontology/Place>	<http://ja.dbpedia.org/property/subdivisionName>	"subdivision name"@ja	<http://ja.wikipedia.org/wiki/つくし野_(我孫子市)>	
<http://ja.dbpedia.org/resource/つくし野_(我孫子市)>	"つくし野 (我孫子市)"@ja	<http://dbpedia.org/ontology/PopulatedPlace>	<http://ja.dbpedia.org/property/subdivisionName>	"subdivision name"@ja	<http://ja.wikipedia.org/wiki/つくし野_(我孫子市)>	
<http://ja.dbpedia.org/resource/つくし野_(我孫子市)>	"つくし野 (我孫子市)"@ja	<http://dbpedia.org/ontology/Settlement>	<http://ja.dbpedia.org/property/subdivisionName>	"subdivision name"@ja	<http://ja.wikipedia.org/wiki/つくし野_(我孫子市)>	
