?s	?sLabel	?type	?p	?pLabel	?jwiki	?wd
<http://ja.dbpedia.org/resource/おおたかの森北>	"おおたかの森北"@ja	<http://dbpedia.org/ontology/Place>	<http://ja.dbpedia.org/property/subdivisionName>	"subdivision name"@ja	<http://ja.wikipedia.org/wiki/おおたかの森北>	<http://wikidata.dbpedia.org/resource/Q109357096>
<http://ja.dbpedia.org/resource/おおたかの森北>	"おおたかの森北"@ja	<http://dbpedia.org/ontology/Settlement>	<http://ja.dbpedia.org/property/subdivisionName>	"subdivision name"@ja	<http://ja.wikipedia.org/wiki/おおたかの森北>	<http://wikidata.dbpedia.org/resource/Q109357096>
<http://ja.dbpedia.org/resource/おおたかの森北>	"おおたかの森北"@ja	<http://dbpedia.org/ontology/Location>	<http://ja.dbpedia.org/property/subdivisionName>	"subdivision name"@ja	<http://ja.wikipedia.org/wiki/おおたかの森北>	<http://wikidata.dbpedia.org/resource/Q109357096>
<http://ja.dbpedia.org/resource/おおたかの森北>	"おおたかの森北"@ja	<http://dbpedia.org/ontology/PopulatedPlace>	<http://ja.dbpedia.org/property/subdivisionName>	"subdivision name"@ja	<http://ja.wikipedia.org/wiki/おおたかの森北>	<http://wikidata.dbpedia.org/resource/Q109357096>
<http://ja.dbpedia.org/resource/おおたかの森南>	"おおたかの森南"@ja	<http://dbpedia.org/ontology/Place>	<http://ja.dbpedia.org/property/subdivisionName>	"subdivision name"@ja	<http://ja.wikipedia.org/wiki/おおたかの森南>	<http://wikidata.dbpedia.org/resource/Q86729250>
<http://ja.dbpedia.org/resource/おおたかの森南>	"おおたかの森南"@ja	<http://dbpedia.org/ontology/Settlement>	<http://ja.dbpedia.org/property/subdivisionName>	"subdivision name"@ja	<http://ja.wikipedia.org/wiki/おおたかの森南>	<http://wikidata.dbpedia.org/resource/Q86729250>
<http://ja.dbpedia.org/resource/おおたかの森南>	"おおたかの森南"@ja	<http://dbpedia.org/ontology/Location>	<http://ja.dbpedia.org/property/subdivisionName>	"subdivision name"@ja	<http://ja.wikipedia.org/wiki/おおたかの森南>	<http://wikidata.dbpedia.org/resource/Q86729250>
<http://ja.dbpedia.org/resource/おおたかの森南>	"おおたかの森南"@ja	<http://dbpedia.org/ontology/PopulatedPlace>	<http://ja.dbpedia.org/property/subdivisionName>	"subdivision name"@ja	<http://ja.wikipedia.org/wiki/おおたかの森南>	<http://wikidata.dbpedia.org/resource/Q86729250>
<http://ja.dbpedia.org/resource/おおたかの森東>	"おおたかの森東"@ja	<http://dbpedia.org/ontology/Place>	<http://ja.dbpedia.org/property/subdivisionName>	"subdivision name"@ja	<http://ja.wikipedia.org/wiki/おおたかの森東>	<http://wikidata.dbpedia.org/resource/Q109357100>
<http://ja.dbpedia.org/resource/おおたかの森東>	"おおたかの森東"@ja	<http://dbpedia.org/ontology/Settlement>	<http://ja.dbpedia.org/property/subdivisionName>	"subdivision name"@ja	<http://ja.wikipedia.org/wiki/おおたかの森東>	<http://wikidata.dbpedia.org/resource/Q109357100>
<http://ja.dbpedia.org/resource/おおたかの森東>	"おおたかの森東"@ja	<http://dbpedia.org/ontology/Location>	<http://ja.dbpedia.org/property/subdivisionName>	"subdivision name"@ja	<http://ja.wikipedia.org/wiki/おおたかの森東>	<http://wikidata.dbpedia.org/resource/Q109357100>
<http://ja.dbpedia.org/resource/おおたかの森東>	"おおたかの森東"@ja	<http://dbpedia.org/ontology/PopulatedPlace>	<http://ja.dbpedia.org/property/subdivisionName>	"subdivision name"@ja	<http://ja.wikipedia.org/wiki/おおたかの森東>	<http://wikidata.dbpedia.org/resource/Q109357100>
<http://ja.dbpedia.org/resource/おおたかの森西>	"おおたかの森西"@ja	<http://dbpedia.org/ontology/Location>	<http://ja.dbpedia.org/property/subdivisionName>	"subdivision name"@ja	<http://ja.wikipedia.org/wiki/おおたかの森西>	<http://wikidata.dbpedia.org/resource/Q109357098>
<http://ja.dbpedia.org/resource/おおたかの森西>	"おおたかの森西"@ja	<http://dbpedia.org/ontology/PopulatedPlace>	<http://ja.dbpedia.org/property/subdivisionName>	"subdivision name"@ja	<http://ja.wikipedia.org/wiki/おおたかの森西>	<http://wikidata.dbpedia.org/resource/Q109357098>
<http://ja.dbpedia.org/resource/おおたかの森西>	"おおたかの森西"@ja	<http://dbpedia.org/ontology/Settlement>	<http://ja.dbpedia.org/property/subdivisionName>	"subdivision name"@ja	<http://ja.wikipedia.org/wiki/おおたかの森西>	<http://wikidata.dbpedia.org/resource/Q109357098>
<http://ja.dbpedia.org/resource/おおたかの森西>	"おおたかの森西"@ja	<http://dbpedia.org/ontology/Place>	<http://ja.dbpedia.org/property/subdivisionName>	"subdivision name"@ja	<http://ja.wikipedia.org/wiki/おおたかの森西>	<http://wikidata.dbpedia.org/resource/Q109357098>
<http://ja.dbpedia.org/resource/こうのす台>	"こうのす台"@ja	<http://dbpedia.org/ontology/Place>	<http://ja.dbpedia.org/property/subdivisionName>	"subdivision name"@ja	<http://ja.wikipedia.org/wiki/こうのす台>	<http://wikidata.dbpedia.org/resource/Q11266188>
<http://ja.dbpedia.org/resource/こうのす台>	"こうのす台"@ja	<http://dbpedia.org/ontology/Settlement>	<http://ja.dbpedia.org/property/subdivisionName>	"subdivision name"@ja	<http://ja.wikipedia.org/wiki/こうのす台>	<http://wikidata.dbpedia.org/resource/Q11266188>
<http://ja.dbpedia.org/resource/こうのす台>	"こうのす台"@ja	<http://dbpedia.org/ontology/Location>	<http://ja.dbpedia.org/property/subdivisionName>	"subdivision name"@ja	<http://ja.wikipedia.org/wiki/こうのす台>	<http://wikidata.dbpedia.org/resource/Q11266188>
<http://ja.dbpedia.org/resource/こうのす台>	"こうのす台"@ja	<http://dbpedia.org/ontology/PopulatedPlace>	<http://ja.dbpedia.org/property/subdivisionName>	"subdivision name"@ja	<http://ja.wikipedia.org/wiki/こうのす台>	<http://wikidata.dbpedia.org/resource/Q11266188>
<http://ja.dbpedia.org/resource/三輪野山>	"三輪野山"@ja	<http://dbpedia.org/ontology/Location>	<http://ja.dbpedia.org/property/subdivisionName>	"subdivision name"@ja	<http://ja.wikipedia.org/wiki/三輪野山>	<http://wikidata.dbpedia.org/resource/Q11357427>
<http://ja.dbpedia.org/resource/三輪野山>	"三輪野山"@ja	<http://dbpedia.org/ontology/PopulatedPlace>	<http://ja.dbpedia.org/property/subdivisionName>	"subdivision name"@ja	<http://ja.wikipedia.org/wiki/三輪野山>	<http://wikidata.dbpedia.org/resource/Q11357427>
<http://ja.dbpedia.org/resource/三輪野山>	"三輪野山"@ja	<http://dbpedia.org/ontology/Settlement>	<http://ja.dbpedia.org/property/subdivisionName>	"subdivision name"@ja	<http://ja.wikipedia.org/wiki/三輪野山>	<http://wikidata.dbpedia.org/resource/Q11357427>
<http://ja.dbpedia.org/resource/三輪野山>	"三輪野山"@ja	<http://dbpedia.org/ontology/Place>	<http://ja.dbpedia.org/property/subdivisionName>	"subdivision name"@ja	<http://ja.wikipedia.org/wiki/三輪野山>	<http://wikidata.dbpedia.org/resource/Q11357427>
<http://ja.dbpedia.org/resource/三郷市>	"三郷市"@ja	<http://dbpedia.org/ontology/Location>	<http://ja.dbpedia.org/property/隣接自治体>	"隣接自治体"@ja	<http://ja.wikipedia.org/wiki/三郷市>	<http://wikidata.dbpedia.org/resource/Q853061>
<http://ja.dbpedia.org/resource/三郷市>	"三郷市"@ja	<http://dbpedia.org/ontology/PopulatedPlace>	<http://ja.dbpedia.org/property/隣接自治体>	"隣接自治体"@ja	<http://ja.wikipedia.org/wiki/三郷市>	<http://wikidata.dbpedia.org/resource/Q853061>
<http://ja.dbpedia.org/resource/三郷市>	"三郷市"@ja	<http://dbpedia.org/ontology/Settlement>	<http://ja.dbpedia.org/property/隣接自治体>	"隣接自治体"@ja	<http://ja.wikipedia.org/wiki/三郷市>	<http://wikidata.dbpedia.org/resource/Q853061>
<http://ja.dbpedia.org/resource/三郷市>	"三郷市"@ja	<http://dbpedia.org/ontology/City>	<http://ja.dbpedia.org/property/隣接自治体>	"隣接自治体"@ja	<http://ja.wikipedia.org/wiki/三郷市>	<http://wikidata.dbpedia.org/resource/Q853061>
<http://ja.dbpedia.org/resource/三郷市>	"三郷市"@ja	<http://dbpedia.org/ontology/Place>	<http://ja.dbpedia.org/property/隣接自治体>	"隣接自治体"@ja	<http://ja.wikipedia.org/wiki/三郷市>	<http://wikidata.dbpedia.org/resource/Q853061>
<http://ja.dbpedia.org/resource/上新宿>	"上新宿"@ja	<http://dbpedia.org/ontology/Settlement>	<http://ja.dbpedia.org/property/subdivisionName>	"subdivision name"@ja	<http://ja.wikipedia.org/wiki/上新宿>	<http://wikidata.dbpedia.org/resource/Q11359055>
<http://ja.dbpedia.org/resource/上新宿>	"上新宿"@ja	<http://dbpedia.org/ontology/Place>	<http://ja.dbpedia.org/property/subdivisionName>	"subdivision name"@ja	<http://ja.wikipedia.org/wiki/上新宿>	<http://wikidata.dbpedia.org/resource/Q11359055>
<http://ja.dbpedia.org/resource/上新宿>	"上新宿"@ja	<http://dbpedia.org/ontology/Location>	<http://ja.dbpedia.org/property/subdivisionName>	"subdivision name"@ja	<http://ja.wikipedia.org/wiki/上新宿>	<http://wikidata.dbpedia.org/resource/Q11359055>
<http://ja.dbpedia.org/resource/上新宿>	"上新宿"@ja	<http://dbpedia.org/ontology/PopulatedPlace>	<http://ja.dbpedia.org/property/subdivisionName>	"subdivision name"@ja	<http://ja.wikipedia.org/wiki/上新宿>	<http://wikidata.dbpedia.org/resource/Q11359055>
<http://ja.dbpedia.org/resource/上新宿新田>	"上新宿新田"@ja	<http://dbpedia.org/ontology/PopulatedPlace>	<http://ja.dbpedia.org/property/subdivisionName>	"subdivision name"@ja	<http://ja.wikipedia.org/wiki/上新宿新田>	<http://wikidata.dbpedia.org/resource/Q11359056>
<http://ja.dbpedia.org/resource/上新宿新田>	"上新宿新田"@ja	<http://dbpedia.org/ontology/Location>	<http://ja.dbpedia.org/property/subdivisionName>	"subdivision name"@ja	<http://ja.wikipedia.org/wiki/上新宿新田>	<http://wikidata.dbpedia.org/resource/Q11359056>
<http://ja.dbpedia.org/resource/上新宿新田>	"上新宿新田"@ja	<http://dbpedia.org/ontology/Settlement>	<http://ja.dbpedia.org/property/subdivisionName>	"subdivision name"@ja	<http://ja.wikipedia.org/wiki/上新宿新田>	<http://wikidata.dbpedia.org/resource/Q11359056>
<http://ja.dbpedia.org/resource/上新宿新田>	"上新宿新田"@ja	<http://dbpedia.org/ontology/Place>	<http://ja.dbpedia.org/property/subdivisionName>	"subdivision name"@ja	<http://ja.wikipedia.org/wiki/上新宿新田>	<http://wikidata.dbpedia.org/resource/Q11359056>
<http://ja.dbpedia.org/resource/上貝塚_(流山市)>	"上貝塚 (流山市)"@ja	<http://dbpedia.org/ontology/Place>	<http://ja.dbpedia.org/property/subdivisionName>	"subdivision name"@ja	<http://ja.wikipedia.org/wiki/上貝塚_(流山市)>	<http://wikidata.dbpedia.org/resource/Q11360133>
<http://ja.dbpedia.org/resource/上貝塚_(流山市)>	"上貝塚 (流山市)"@ja	<http://dbpedia.org/ontology/Settlement>	<http://ja.dbpedia.org/property/subdivisionName>	"subdivision name"@ja	<http://ja.wikipedia.org/wiki/上貝塚_(流山市)>	<http://wikidata.dbpedia.org/resource/Q11360133>
<http://ja.dbpedia.org/resource/上貝塚_(流山市)>	"上貝塚 (流山市)"@ja	<http://dbpedia.org/ontology/PopulatedPlace>	<http://ja.dbpedia.org/property/subdivisionName>	"subdivision name"@ja	<http://ja.wikipedia.org/wiki/上貝塚_(流山市)>	<http://wikidata.dbpedia.org/resource/Q11360133>
<http://ja.dbpedia.org/resource/上貝塚_(流山市)>	"上貝塚 (流山市)"@ja	<http://dbpedia.org/ontology/Location>	<http://ja.dbpedia.org/property/subdivisionName>	"subdivision name"@ja	<http://ja.wikipedia.org/wiki/上貝塚_(流山市)>	<http://wikidata.dbpedia.org/resource/Q11360133>
<http://ja.dbpedia.org/resource/下花輪>	"下花輪"@ja	<http://dbpedia.org/ontology/Place>	<http://ja.dbpedia.org/property/subdivisionName>	"subdivision name"@ja	<http://ja.wikipedia.org/wiki/下花輪>	<http://wikidata.dbpedia.org/resource/Q11361302>
<http://ja.dbpedia.org/resource/下花輪>	"下花輪"@ja	<http://dbpedia.org/ontology/Settlement>	<http://ja.dbpedia.org/property/subdivisionName>	"subdivision name"@ja	<http://ja.wikipedia.org/wiki/下花輪>	<http://wikidata.dbpedia.org/resource/Q11361302>
<http://ja.dbpedia.org/resource/下花輪>	"下花輪"@ja	<http://dbpedia.org/ontology/PopulatedPlace>	<http://ja.dbpedia.org/property/subdivisionName>	"subdivision name"@ja	<http://ja.wikipedia.org/wiki/下花輪>	<http://wikidata.dbpedia.org/resource/Q11361302>
<http://ja.dbpedia.org/resource/下花輪>	"下花輪"@ja	<http://dbpedia.org/ontology/Location>	<http://ja.dbpedia.org/property/subdivisionName>	"subdivision name"@ja	<http://ja.wikipedia.org/wiki/下花輪>	<http://wikidata.dbpedia.org/resource/Q11361302>
<http://ja.dbpedia.org/resource/中_(流山市)>	"中 (流山市)"@ja	<http://dbpedia.org/ontology/Settlement>	<http://ja.dbpedia.org/property/subdivisionName>	"subdivision name"@ja	<http://ja.wikipedia.org/wiki/中_(流山市)>	<http://wikidata.dbpedia.org/resource/Q11362760>
<http://ja.dbpedia.org/resource/中_(流山市)>	"中 (流山市)"@ja	<http://dbpedia.org/ontology/Place>	<http://ja.dbpedia.org/property/subdivisionName>	"subdivision name"@ja	<http://ja.wikipedia.org/wiki/中_(流山市)>	<http://wikidata.dbpedia.org/resource/Q11362760>
<http://ja.dbpedia.org/resource/中_(流山市)>	"中 (流山市)"@ja	<http://dbpedia.org/ontology/Location>	<http://ja.dbpedia.org/property/subdivisionName>	"subdivision name"@ja	<http://ja.wikipedia.org/wiki/中_(流山市)>	<http://wikidata.dbpedia.org/resource/Q11362760>
<http://ja.dbpedia.org/resource/中_(流山市)>	"中 (流山市)"@ja	<http://dbpedia.org/ontology/PopulatedPlace>	<http://ja.dbpedia.org/property/subdivisionName>	"subdivision name"@ja	<http://ja.wikipedia.org/wiki/中_(流山市)>	<http://wikidata.dbpedia.org/resource/Q11362760>
<http://ja.dbpedia.org/resource/中野久木>	"中野久木"@ja	<http://dbpedia.org/ontology/Place>	<http://ja.dbpedia.org/property/subdivisionName>	"subdivision name"@ja	<http://ja.wikipedia.org/wiki/中野久木>	<http://wikidata.dbpedia.org/resource/Q11367462>
<http://ja.dbpedia.org/resource/中野久木>	"中野久木"@ja	<http://dbpedia.org/ontology/Settlement>	<http://ja.dbpedia.org/property/subdivisionName>	"subdivision name"@ja	<http://ja.wikipedia.org/wiki/中野久木>	<http://wikidata.dbpedia.org/resource/Q11367462>
<http://ja.dbpedia.org/resource/中野久木>	"中野久木"@ja	<http://dbpedia.org/ontology/PopulatedPlace>	<http://ja.dbpedia.org/property/subdivisionName>	"subdivision name"@ja	<http://ja.wikipedia.org/wiki/中野久木>	<http://wikidata.dbpedia.org/resource/Q11367462>
<http://ja.dbpedia.org/resource/中野久木>	"中野久木"@ja	<http://dbpedia.org/ontology/Location>	<http://ja.dbpedia.org/property/subdivisionName>	"subdivision name"@ja	<http://ja.wikipedia.org/wiki/中野久木>	<http://wikidata.dbpedia.org/resource/Q11367462>
<http://ja.dbpedia.org/resource/前平井>	"前平井"@ja	<http://dbpedia.org/ontology/Settlement>	<http://ja.dbpedia.org/property/subdivisionName>	"subdivision name"@ja	<http://ja.wikipedia.org/wiki/前平井>	<http://wikidata.dbpedia.org/resource/Q11397215>
<http://ja.dbpedia.org/resource/前平井>	"前平井"@ja	<http://dbpedia.org/ontology/Place>	<http://ja.dbpedia.org/property/subdivisionName>	"subdivision name"@ja	<http://ja.wikipedia.org/wiki/前平井>	<http://wikidata.dbpedia.org/resource/Q11397215>
<http://ja.dbpedia.org/resource/前平井>	"前平井"@ja	<http://dbpedia.org/ontology/Location>	<http://ja.dbpedia.org/property/subdivisionName>	"subdivision name"@ja	<http://ja.wikipedia.org/wiki/前平井>	<http://wikidata.dbpedia.org/resource/Q11397215>
<http://ja.dbpedia.org/resource/前平井>	"前平井"@ja	<http://dbpedia.org/ontology/PopulatedPlace>	<http://ja.dbpedia.org/property/subdivisionName>	"subdivision name"@ja	<http://ja.wikipedia.org/wiki/前平井>	<http://wikidata.dbpedia.org/resource/Q11397215>
<http://ja.dbpedia.org/resource/加_(流山市)>	"加 (流山市)"@ja	<http://dbpedia.org/ontology/Place>	<http://ja.dbpedia.org/property/subdivisionName>	"subdivision name"@ja	<http://ja.wikipedia.org/wiki/加_(流山市)>	<http://wikidata.dbpedia.org/resource/Q11398444>
<http://ja.dbpedia.org/resource/加_(流山市)>	"加 (流山市)"@ja	<http://dbpedia.org/ontology/Settlement>	<http://ja.dbpedia.org/property/subdivisionName>	"subdivision name"@ja	<http://ja.wikipedia.org/wiki/加_(流山市)>	<http://wikidata.dbpedia.org/resource/Q11398444>
<http://ja.dbpedia.org/resource/加_(流山市)>	"加 (流山市)"@ja	<http://dbpedia.org/ontology/Location>	<http://ja.dbpedia.org/property/subdivisionName>	"subdivision name"@ja	<http://ja.wikipedia.org/wiki/加_(流山市)>	<http://wikidata.dbpedia.org/resource/Q11398444>
<http://ja.dbpedia.org/resource/加_(流山市)>	"加 (流山市)"@ja	<http://dbpedia.org/ontology/PopulatedPlace>	<http://ja.dbpedia.org/property/subdivisionName>	"subdivision name"@ja	<http://ja.wikipedia.org/wiki/加_(流山市)>	<http://wikidata.dbpedia.org/resource/Q11398444>
<http://ja.dbpedia.org/resource/北_(流山市)>	"北 (流山市)"@ja	<http://dbpedia.org/ontology/Place>	<http://ja.dbpedia.org/property/subdivisionName>	"subdivision name"@ja	<http://ja.wikipedia.org/wiki/北_(流山市)>	<http://wikidata.dbpedia.org/resource/Q11400767>
<http://ja.dbpedia.org/resource/北_(流山市)>	"北 (流山市)"@ja	<http://dbpedia.org/ontology/Settlement>	<http://ja.dbpedia.org/property/subdivisionName>	"subdivision name"@ja	<http://ja.wikipedia.org/wiki/北_(流山市)>	<http://wikidata.dbpedia.org/resource/Q11400767>
<http://ja.dbpedia.org/resource/北_(流山市)>	"北 (流山市)"@ja	<http://dbpedia.org/ontology/PopulatedPlace>	<http://ja.dbpedia.org/property/subdivisionName>	"subdivision name"@ja	<http://ja.wikipedia.org/wiki/北_(流山市)>	<http://wikidata.dbpedia.org/resource/Q11400767>
<http://ja.dbpedia.org/resource/北_(流山市)>	"北 (流山市)"@ja	<http://dbpedia.org/ontology/Location>	<http://ja.dbpedia.org/property/subdivisionName>	"subdivision name"@ja	<http://ja.wikipedia.org/wiki/北_(流山市)>	<http://wikidata.dbpedia.org/resource/Q11400767>
<http://ja.dbpedia.org/resource/十太夫>	"十太夫"@ja	<http://dbpedia.org/ontology/Settlement>	<http://ja.dbpedia.org/property/subdivisionName>	"subdivision name"@ja	<http://ja.wikipedia.org/wiki/十太夫>	<http://wikidata.dbpedia.org/resource/Q11404989>
<http://ja.dbpedia.org/resource/十太夫>	"十太夫"@ja	<http://dbpedia.org/ontology/Place>	<http://ja.dbpedia.org/property/subdivisionName>	"subdivision name"@ja	<http://ja.wikipedia.org/wiki/十太夫>	<http://wikidata.dbpedia.org/resource/Q11404989>
<http://ja.dbpedia.org/resource/十太夫>	"十太夫"@ja	<http://dbpedia.org/ontology/Location>	<http://ja.dbpedia.org/property/subdivisionName>	"subdivision name"@ja	<http://ja.wikipedia.org/wiki/十太夫>	<http://wikidata.dbpedia.org/resource/Q11404989>
<http://ja.dbpedia.org/resource/十太夫>	"十太夫"@ja	<http://dbpedia.org/ontology/PopulatedPlace>	<http://ja.dbpedia.org/property/subdivisionName>	"subdivision name"@ja	<http://ja.wikipedia.org/wiki/十太夫>	<http://wikidata.dbpedia.org/resource/Q11404989>
<http://ja.dbpedia.org/resource/南_(流山市)>	"南 (流山市)"@ja	<http://dbpedia.org/ontology/PopulatedPlace>	<http://ja.dbpedia.org/property/subdivisionName>	"subdivision name"@ja	<http://ja.wikipedia.org/wiki/南_(流山市)>	<http://wikidata.dbpedia.org/resource/Q11407274>
<http://ja.dbpedia.org/resource/南_(流山市)>	"南 (流山市)"@ja	<http://dbpedia.org/ontology/Location>	<http://ja.dbpedia.org/property/subdivisionName>	"subdivision name"@ja	<http://ja.wikipedia.org/wiki/南_(流山市)>	<http://wikidata.dbpedia.org/resource/Q11407274>
<http://ja.dbpedia.org/resource/南_(流山市)>	"南 (流山市)"@ja	<http://dbpedia.org/ontology/Place>	<http://ja.dbpedia.org/property/subdivisionName>	"subdivision name"@ja	<http://ja.wikipedia.org/wiki/南_(流山市)>	<http://wikidata.dbpedia.org/resource/Q11407274>
<http://ja.dbpedia.org/resource/南_(流山市)>	"南 (流山市)"@ja	<http://dbpedia.org/ontology/Settlement>	<http://ja.dbpedia.org/property/subdivisionName>	"subdivision name"@ja	<http://ja.wikipedia.org/wiki/南_(流山市)>	<http://wikidata.dbpedia.org/resource/Q11407274>
<http://ja.dbpedia.org/resource/南流山>	"南流山"@ja	<http://dbpedia.org/ontology/Location>	<http://ja.dbpedia.org/property/subdivisionName>	"subdivision name"@ja	<http://ja.wikipedia.org/wiki/南流山>	<http://wikidata.dbpedia.org/resource/Q11408101>
<http://ja.dbpedia.org/resource/南流山>	"南流山"@ja	<http://dbpedia.org/ontology/PopulatedPlace>	<http://ja.dbpedia.org/property/subdivisionName>	"subdivision name"@ja	<http://ja.wikipedia.org/wiki/南流山>	<http://wikidata.dbpedia.org/resource/Q11408101>
<http://ja.dbpedia.org/resource/南流山>	"南流山"@ja	<http://dbpedia.org/ontology/Settlement>	<http://ja.dbpedia.org/property/subdivisionName>	"subdivision name"@ja	<http://ja.wikipedia.org/wiki/南流山>	<http://wikidata.dbpedia.org/resource/Q11408101>
<http://ja.dbpedia.org/resource/南流山>	"南流山"@ja	<http://dbpedia.org/ontology/Place>	<http://ja.dbpedia.org/property/subdivisionName>	"subdivision name"@ja	<http://ja.wikipedia.org/wiki/南流山>	<http://wikidata.dbpedia.org/resource/Q11408101>
<http://ja.dbpedia.org/resource/吉川市>	"吉川市"@ja	<http://dbpedia.org/ontology/Place>	<http://ja.dbpedia.org/property/隣接自治体>	"隣接自治体"@ja	<http://ja.wikipedia.org/wiki/吉川市>	<http://wikidata.dbpedia.org/resource/Q873546>
<http://ja.dbpedia.org/resource/吉川市>	"吉川市"@ja	<http://dbpedia.org/ontology/City>	<http://ja.dbpedia.org/property/隣接自治体>	"隣接自治体"@ja	<http://ja.wikipedia.org/wiki/吉川市>	<http://wikidata.dbpedia.org/resource/Q873546>
<http://ja.dbpedia.org/resource/吉川市>	"吉川市"@ja	<http://dbpedia.org/ontology/Settlement>	<http://ja.dbpedia.org/property/隣接自治体>	"隣接自治体"@ja	<http://ja.wikipedia.org/wiki/吉川市>	<http://wikidata.dbpedia.org/resource/Q873546>
<http://ja.dbpedia.org/resource/吉川市>	"吉川市"@ja	<http://dbpedia.org/ontology/PopulatedPlace>	<http://ja.dbpedia.org/property/隣接自治体>	"隣接自治体"@ja	<http://ja.wikipedia.org/wiki/吉川市>	<http://wikidata.dbpedia.org/resource/Q873546>
<http://ja.dbpedia.org/resource/吉川市>	"吉川市"@ja	<http://dbpedia.org/ontology/Location>	<http://ja.dbpedia.org/property/隣接自治体>	"隣接自治体"@ja	<http://ja.wikipedia.org/wiki/吉川市>	<http://wikidata.dbpedia.org/resource/Q873546>
<http://ja.dbpedia.org/resource/名都借>	"名都借"@ja	<http://dbpedia.org/ontology/Settlement>	<http://ja.dbpedia.org/property/subdivisionName>	"subdivision name"@ja	<http://ja.wikipedia.org/wiki/名都借>	<http://wikidata.dbpedia.org/resource/Q11415658>
<http://ja.dbpedia.org/resource/名都借>	"名都借"@ja	<http://dbpedia.org/ontology/Place>	<http://ja.dbpedia.org/property/subdivisionName>	"subdivision name"@ja	<http://ja.wikipedia.org/wiki/名都借>	<http://wikidata.dbpedia.org/resource/Q11415658>
<http://ja.dbpedia.org/resource/名都借>	"名都借"@ja	<http://dbpedia.org/ontology/Location>	<http://ja.dbpedia.org/property/subdivisionName>	"subdivision name"@ja	<http://ja.wikipedia.org/wiki/名都借>	<http://wikidata.dbpedia.org/resource/Q11415658>
<http://ja.dbpedia.org/resource/名都借>	"名都借"@ja	<http://dbpedia.org/ontology/PopulatedPlace>	<http://ja.dbpedia.org/property/subdivisionName>	"subdivision name"@ja	<http://ja.wikipedia.org/wiki/名都借>	<http://wikidata.dbpedia.org/resource/Q11415658>
<http://ja.dbpedia.org/resource/向小金>	"向小金"@ja	<http://dbpedia.org/ontology/Location>	<http://ja.dbpedia.org/property/subdivisionName>	"subdivision name"@ja	<http://ja.wikipedia.org/wiki/向小金>	<http://wikidata.dbpedia.org/resource/Q11415927>
<http://ja.dbpedia.org/resource/向小金>	"向小金"@ja	<http://dbpedia.org/ontology/PopulatedPlace>	<http://ja.dbpedia.org/property/subdivisionName>	"subdivision name"@ja	<http://ja.wikipedia.org/wiki/向小金>	<http://wikidata.dbpedia.org/resource/Q11415927>
<http://ja.dbpedia.org/resource/向小金>	"向小金"@ja	<http://dbpedia.org/ontology/Settlement>	<http://ja.dbpedia.org/property/subdivisionName>	"subdivision name"@ja	<http://ja.wikipedia.org/wiki/向小金>	<http://wikidata.dbpedia.org/resource/Q11415927>
<http://ja.dbpedia.org/resource/向小金>	"向小金"@ja	<http://dbpedia.org/ontology/Place>	<http://ja.dbpedia.org/property/subdivisionName>	"subdivision name"@ja	<http://ja.wikipedia.org/wiki/向小金>	<http://wikidata.dbpedia.org/resource/Q11415927>
<http://ja.dbpedia.org/resource/大畔>	"大畔"@ja	<http://dbpedia.org/ontology/PopulatedPlace>	<http://ja.dbpedia.org/property/subdivisionName>	"subdivision name"@ja	<http://ja.wikipedia.org/wiki/大畔>	<http://wikidata.dbpedia.org/resource/Q11438030>
<http://ja.dbpedia.org/resource/大畔>	"大畔"@ja	<http://dbpedia.org/ontology/Location>	<http://ja.dbpedia.org/property/subdivisionName>	"subdivision name"@ja	<http://ja.wikipedia.org/wiki/大畔>	<http://wikidata.dbpedia.org/resource/Q11438030>
<http://ja.dbpedia.org/resource/大畔>	"大畔"@ja	<http://dbpedia.org/ontology/Settlement>	<http://ja.dbpedia.org/property/subdivisionName>	"subdivision name"@ja	<http://ja.wikipedia.org/wiki/大畔>	<http://wikidata.dbpedia.org/resource/Q11438030>
<http://ja.dbpedia.org/resource/大畔>	"大畔"@ja	<http://dbpedia.org/ontology/Place>	<http://ja.dbpedia.org/property/subdivisionName>	"subdivision name"@ja	<http://ja.wikipedia.org/wiki/大畔>	<http://wikidata.dbpedia.org/resource/Q11438030>
<http://ja.dbpedia.org/resource/宮園_(流山市)>	"宮園 (流山市)"@ja	<http://dbpedia.org/ontology/PopulatedPlace>	<http://ja.dbpedia.org/property/subdivisionName>	"subdivision name"@ja	<http://ja.wikipedia.org/wiki/宮園_(流山市)>	<http://wikidata.dbpedia.org/resource/Q11453507>
<http://ja.dbpedia.org/resource/宮園_(流山市)>	"宮園 (流山市)"@ja	<http://dbpedia.org/ontology/Location>	<http://ja.dbpedia.org/property/subdivisionName>	"subdivision name"@ja	<http://ja.wikipedia.org/wiki/宮園_(流山市)>	<http://wikidata.dbpedia.org/resource/Q11453507>
<http://ja.dbpedia.org/resource/宮園_(流山市)>	"宮園 (流山市)"@ja	<http://dbpedia.org/ontology/Settlement>	<http://ja.dbpedia.org/property/subdivisionName>	"subdivision name"@ja	<http://ja.wikipedia.org/wiki/宮園_(流山市)>	<http://wikidata.dbpedia.org/resource/Q11453507>
<http://ja.dbpedia.org/resource/宮園_(流山市)>	"宮園 (流山市)"@ja	<http://dbpedia.org/ontology/Place>	<http://ja.dbpedia.org/property/subdivisionName>	"subdivision name"@ja	<http://ja.wikipedia.org/wiki/宮園_(流山市)>	<http://wikidata.dbpedia.org/resource/Q11453507>
<http://ja.dbpedia.org/resource/富士川_(千葉県)>	"富士川 (千葉県)"@ja	<http://dbpedia.org/ontology/NaturalPlace>	<http://ja.dbpedia.org/property/河口>	"河口"@ja	<http://ja.wikipedia.org/wiki/富士川_(千葉県)>	<http://wikidata.dbpedia.org/resource/Q17230072>
<http://ja.dbpedia.org/resource/富士川_(千葉県)>	"富士川 (千葉県)"@ja	<http://dbpedia.org/ontology/Stream>	<http://ja.dbpedia.org/property/河口>	"河口"@ja	<http://ja.wikipedia.org/wiki/富士川_(千葉県)>	<http://wikidata.dbpedia.org/resource/Q17230072>
<http://ja.dbpedia.org/resource/富士川_(千葉県)>	"富士川 (千葉県)"@ja	<http://dbpedia.org/ontology/BodyOfWater>	<http://ja.dbpedia.org/property/河口>	"河口"@ja	<http://ja.wikipedia.org/wiki/富士川_(千葉県)>	<http://wikidata.dbpedia.org/resource/Q17230072>
<http://ja.dbpedia.org/resource/富士川_(千葉県)>	"富士川 (千葉県)"@ja	<http://dbpedia.org/ontology/River>	<http://ja.dbpedia.org/property/河口>	"河口"@ja	<http://ja.wikipedia.org/wiki/富士川_(千葉県)>	<http://wikidata.dbpedia.org/resource/Q17230072>
<http://ja.dbpedia.org/resource/富士川_(千葉県)>	"富士川 (千葉県)"@ja	<http://dbpedia.org/ontology/Place>	<http://ja.dbpedia.org/property/河口>	"河口"@ja	<http://ja.wikipedia.org/wiki/富士川_(千葉県)>	<http://wikidata.dbpedia.org/resource/Q17230072>
<http://ja.dbpedia.org/resource/富士川_(千葉県)>	"富士川 (千葉県)"@ja	<http://dbpedia.org/ontology/Location>	<http://ja.dbpedia.org/property/河口>	"河口"@ja	<http://ja.wikipedia.org/wiki/富士川_(千葉県)>	<http://wikidata.dbpedia.org/resource/Q17230072>
<http://ja.dbpedia.org/resource/富士見台_(流山市)>	"富士見台 (流山市)"@ja	<http://dbpedia.org/ontology/PopulatedPlace>	<http://ja.dbpedia.org/property/subdivisionName>	"subdivision name"@ja	<http://ja.wikipedia.org/wiki/富士見台_(流山市)>	<http://wikidata.dbpedia.org/resource/Q11456164>
<http://ja.dbpedia.org/resource/富士見台_(流山市)>	"富士見台 (流山市)"@ja	<http://dbpedia.org/ontology/Location>	<http://ja.dbpedia.org/property/subdivisionName>	"subdivision name"@ja	<http://ja.wikipedia.org/wiki/富士見台_(流山市)>	<http://wikidata.dbpedia.org/resource/Q11456164>
<http://ja.dbpedia.org/resource/富士見台_(流山市)>	"富士見台 (流山市)"@ja	<http://dbpedia.org/ontology/Settlement>	<http://ja.dbpedia.org/property/subdivisionName>	"subdivision name"@ja	<http://ja.wikipedia.org/wiki/富士見台_(流山市)>	<http://wikidata.dbpedia.org/resource/Q11456164>
<http://ja.dbpedia.org/resource/富士見台_(流山市)>	"富士見台 (流山市)"@ja	<http://dbpedia.org/ontology/Place>	<http://ja.dbpedia.org/property/subdivisionName>	"subdivision name"@ja	<http://ja.wikipedia.org/wiki/富士見台_(流山市)>	<http://wikidata.dbpedia.org/resource/Q11456164>
<http://ja.dbpedia.org/resource/小屋_(流山市)>	"小屋 (流山市)"@ja	<http://dbpedia.org/ontology/PopulatedPlace>	<http://ja.dbpedia.org/property/subdivisionName>	"subdivision name"@ja	<http://ja.wikipedia.org/wiki/小屋_(流山市)>	<http://wikidata.dbpedia.org/resource/Q11459760>
<http://ja.dbpedia.org/resource/小屋_(流山市)>	"小屋 (流山市)"@ja	<http://dbpedia.org/ontology/Location>	<http://ja.dbpedia.org/property/subdivisionName>	"subdivision name"@ja	<http://ja.wikipedia.org/wiki/小屋_(流山市)>	<http://wikidata.dbpedia.org/resource/Q11459760>
<http://ja.dbpedia.org/resource/小屋_(流山市)>	"小屋 (流山市)"@ja	<http://dbpedia.org/ontology/Settlement>	<http://ja.dbpedia.org/property/subdivisionName>	"subdivision name"@ja	<http://ja.wikipedia.org/wiki/小屋_(流山市)>	<http://wikidata.dbpedia.org/resource/Q11459760>
<http://ja.dbpedia.org/resource/小屋_(流山市)>	"小屋 (流山市)"@ja	<http://dbpedia.org/ontology/Place>	<http://ja.dbpedia.org/property/subdivisionName>	"subdivision name"@ja	<http://ja.wikipedia.org/wiki/小屋_(流山市)>	<http://wikidata.dbpedia.org/resource/Q11459760>
<http://ja.dbpedia.org/resource/市野谷_(流山市)>	"市野谷 (流山市)"@ja	<http://dbpedia.org/ontology/PopulatedPlace>	<http://ja.dbpedia.org/property/subdivisionName>	"subdivision name"@ja	<http://ja.wikipedia.org/wiki/市野谷_(流山市)>	<http://wikidata.dbpedia.org/resource/Q11480743>
<http://ja.dbpedia.org/resource/市野谷_(流山市)>	"市野谷 (流山市)"@ja	<http://dbpedia.org/ontology/Location>	<http://ja.dbpedia.org/property/subdivisionName>	"subdivision name"@ja	<http://ja.wikipedia.org/wiki/市野谷_(流山市)>	<http://wikidata.dbpedia.org/resource/Q11480743>
<http://ja.dbpedia.org/resource/市野谷_(流山市)>	"市野谷 (流山市)"@ja	<http://dbpedia.org/ontology/Settlement>	<http://ja.dbpedia.org/property/subdivisionName>	"subdivision name"@ja	<http://ja.wikipedia.org/wiki/市野谷_(流山市)>	<http://wikidata.dbpedia.org/resource/Q11480743>
<http://ja.dbpedia.org/resource/市野谷_(流山市)>	"市野谷 (流山市)"@ja	<http://dbpedia.org/ontology/Place>	<http://ja.dbpedia.org/property/subdivisionName>	"subdivision name"@ja	<http://ja.wikipedia.org/wiki/市野谷_(流山市)>	<http://wikidata.dbpedia.org/resource/Q11480743>
<http://ja.dbpedia.org/resource/平和台_(流山市)>	"平和台 (流山市)"@ja	<http://dbpedia.org/ontology/Place>	<http://ja.dbpedia.org/property/subdivisionName>	"subdivision name"@ja	<http://ja.wikipedia.org/wiki/平和台_(流山市)>	<http://wikidata.dbpedia.org/resource/Q11482218>
<http://ja.dbpedia.org/resource/平和台_(流山市)>	"平和台 (流山市)"@ja	<http://dbpedia.org/ontology/Settlement>	<http://ja.dbpedia.org/property/subdivisionName>	"subdivision name"@ja	<http://ja.wikipedia.org/wiki/平和台_(流山市)>	<http://wikidata.dbpedia.org/resource/Q11482218>
<http://ja.dbpedia.org/resource/平和台_(流山市)>	"平和台 (流山市)"@ja	<http://dbpedia.org/ontology/PopulatedPlace>	<http://ja.dbpedia.org/property/subdivisionName>	"subdivision name"@ja	<http://ja.wikipedia.org/wiki/平和台_(流山市)>	<http://wikidata.dbpedia.org/resource/Q11482218>
<http://ja.dbpedia.org/resource/平和台_(流山市)>	"平和台 (流山市)"@ja	<http://dbpedia.org/ontology/Location>	<http://ja.dbpedia.org/property/subdivisionName>	"subdivision name"@ja	<http://ja.wikipedia.org/wiki/平和台_(流山市)>	<http://wikidata.dbpedia.org/resource/Q11482218>
<http://ja.dbpedia.org/resource/平方_(流山市)>	"平方 (流山市)"@ja	<http://dbpedia.org/ontology/PopulatedPlace>	<http://ja.dbpedia.org/property/subdivisionName>	"subdivision name"@ja	<http://ja.wikipedia.org/wiki/平方_(流山市)>	<http://wikidata.dbpedia.org/resource/Q11483008>
<http://ja.dbpedia.org/resource/平方_(流山市)>	"平方 (流山市)"@ja	<http://dbpedia.org/ontology/Location>	<http://ja.dbpedia.org/property/subdivisionName>	"subdivision name"@ja	<http://ja.wikipedia.org/wiki/平方_(流山市)>	<http://wikidata.dbpedia.org/resource/Q11483008>
<http://ja.dbpedia.org/resource/平方_(流山市)>	"平方 (流山市)"@ja	<http://dbpedia.org/ontology/Place>	<http://ja.dbpedia.org/property/subdivisionName>	"subdivision name"@ja	<http://ja.wikipedia.org/wiki/平方_(流山市)>	<http://wikidata.dbpedia.org/resource/Q11483008>
<http://ja.dbpedia.org/resource/平方_(流山市)>	"平方 (流山市)"@ja	<http://dbpedia.org/ontology/Settlement>	<http://ja.dbpedia.org/property/subdivisionName>	"subdivision name"@ja	<http://ja.wikipedia.org/wiki/平方_(流山市)>	<http://wikidata.dbpedia.org/resource/Q11483008>
<http://ja.dbpedia.org/resource/平方村新田>	"平方村新田"@ja	<http://dbpedia.org/ontology/Location>	<http://ja.dbpedia.org/property/subdivisionName>	"subdivision name"@ja	<http://ja.wikipedia.org/wiki/平方村新田>	<http://wikidata.dbpedia.org/resource/Q11483016>
<http://ja.dbpedia.org/resource/平方村新田>	"平方村新田"@ja	<http://dbpedia.org/ontology/PopulatedPlace>	<http://ja.dbpedia.org/property/subdivisionName>	"subdivision name"@ja	<http://ja.wikipedia.org/wiki/平方村新田>	<http://wikidata.dbpedia.org/resource/Q11483016>
<http://ja.dbpedia.org/resource/平方村新田>	"平方村新田"@ja	<http://dbpedia.org/ontology/Settlement>	<http://ja.dbpedia.org/property/subdivisionName>	"subdivision name"@ja	<http://ja.wikipedia.org/wiki/平方村新田>	<http://wikidata.dbpedia.org/resource/Q11483016>
<http://ja.dbpedia.org/resource/平方村新田>	"平方村新田"@ja	<http://dbpedia.org/ontology/Place>	<http://ja.dbpedia.org/property/subdivisionName>	"subdivision name"@ja	<http://ja.wikipedia.org/wiki/平方村新田>	<http://wikidata.dbpedia.org/resource/Q11483016>
<http://ja.dbpedia.org/resource/後平井>	"後平井"@ja	<http://dbpedia.org/ontology/Location>	<http://ja.dbpedia.org/property/subdivisionName>	"subdivision name"@ja	<http://ja.wikipedia.org/wiki/後平井>	<http://wikidata.dbpedia.org/resource/Q11488333>
<http://ja.dbpedia.org/resource/後平井>	"後平井"@ja	<http://dbpedia.org/ontology/PopulatedPlace>	<http://ja.dbpedia.org/property/subdivisionName>	"subdivision name"@ja	<http://ja.wikipedia.org/wiki/後平井>	<http://wikidata.dbpedia.org/resource/Q11488333>
<http://ja.dbpedia.org/resource/後平井>	"後平井"@ja	<http://dbpedia.org/ontology/Settlement>	<http://ja.dbpedia.org/property/subdivisionName>	"subdivision name"@ja	<http://ja.wikipedia.org/wiki/後平井>	<http://wikidata.dbpedia.org/resource/Q11488333>
<http://ja.dbpedia.org/resource/後平井>	"後平井"@ja	<http://dbpedia.org/ontology/Place>	<http://ja.dbpedia.org/property/subdivisionName>	"subdivision name"@ja	<http://ja.wikipedia.org/wiki/後平井>	<http://wikidata.dbpedia.org/resource/Q11488333>
<http://ja.dbpedia.org/resource/思井>	"思井"@ja	<http://dbpedia.org/ontology/PopulatedPlace>	<http://ja.dbpedia.org/property/subdivisionName>	"subdivision name"@ja	<http://ja.wikipedia.org/wiki/思井>	<http://wikidata.dbpedia.org/resource/Q11491511>
<http://ja.dbpedia.org/resource/思井>	"思井"@ja	<http://dbpedia.org/ontology/Location>	<http://ja.dbpedia.org/property/subdivisionName>	"subdivision name"@ja	<http://ja.wikipedia.org/wiki/思井>	<http://wikidata.dbpedia.org/resource/Q11491511>
<http://ja.dbpedia.org/resource/思井>	"思井"@ja	<http://dbpedia.org/ontology/Place>	<http://ja.dbpedia.org/property/subdivisionName>	"subdivision name"@ja	<http://ja.wikipedia.org/wiki/思井>	<http://wikidata.dbpedia.org/resource/Q11491511>
<http://ja.dbpedia.org/resource/思井>	"思井"@ja	<http://dbpedia.org/ontology/Settlement>	<http://ja.dbpedia.org/property/subdivisionName>	"subdivision name"@ja	<http://ja.wikipedia.org/wiki/思井>	<http://wikidata.dbpedia.org/resource/Q11491511>
<http://ja.dbpedia.org/resource/木_(流山市)>	"木 (流山市)"@ja	<http://dbpedia.org/ontology/Place>	<http://ja.dbpedia.org/property/subdivisionName>	"subdivision name"@ja	<http://ja.wikipedia.org/wiki/木_(流山市)>	<http://wikidata.dbpedia.org/resource/Q11517894>
<http://ja.dbpedia.org/resource/木_(流山市)>	"木 (流山市)"@ja	<http://dbpedia.org/ontology/Settlement>	<http://ja.dbpedia.org/property/subdivisionName>	"subdivision name"@ja	<http://ja.wikipedia.org/wiki/木_(流山市)>	<http://wikidata.dbpedia.org/resource/Q11517894>
<http://ja.dbpedia.org/resource/木_(流山市)>	"木 (流山市)"@ja	<http://dbpedia.org/ontology/Location>	<http://ja.dbpedia.org/property/subdivisionName>	"subdivision name"@ja	<http://ja.wikipedia.org/wiki/木_(流山市)>	<http://wikidata.dbpedia.org/resource/Q11517894>
<http://ja.dbpedia.org/resource/木_(流山市)>	"木 (流山市)"@ja	<http://dbpedia.org/ontology/PopulatedPlace>	<http://ja.dbpedia.org/property/subdivisionName>	"subdivision name"@ja	<http://ja.wikipedia.org/wiki/木_(流山市)>	<http://wikidata.dbpedia.org/resource/Q11517894>
<http://ja.dbpedia.org/resource/東初石>	"東初石"@ja	<http://dbpedia.org/ontology/Place>	<http://ja.dbpedia.org/property/subdivisionName>	"subdivision name"@ja	<http://ja.wikipedia.org/wiki/東初石>	<http://wikidata.dbpedia.org/resource/Q11526076>
<http://ja.dbpedia.org/resource/東初石>	"東初石"@ja	<http://dbpedia.org/ontology/Settlement>	<http://ja.dbpedia.org/property/subdivisionName>	"subdivision name"@ja	<http://ja.wikipedia.org/wiki/東初石>	<http://wikidata.dbpedia.org/resource/Q11526076>
<http://ja.dbpedia.org/resource/東初石>	"東初石"@ja	<http://dbpedia.org/ontology/PopulatedPlace>	<http://ja.dbpedia.org/property/subdivisionName>	"subdivision name"@ja	<http://ja.wikipedia.org/wiki/東初石>	<http://wikidata.dbpedia.org/resource/Q11526076>
<http://ja.dbpedia.org/resource/東初石>	"東初石"@ja	<http://dbpedia.org/ontology/Location>	<http://ja.dbpedia.org/property/subdivisionName>	"subdivision name"@ja	<http://ja.wikipedia.org/wiki/東初石>	<http://wikidata.dbpedia.org/resource/Q11526076>
<http://ja.dbpedia.org/resource/東深井>	"東深井"@ja	<http://dbpedia.org/ontology/Place>	<http://ja.dbpedia.org/property/subdivisionName>	"subdivision name"@ja	<http://ja.wikipedia.org/wiki/東深井>	<http://wikidata.dbpedia.org/resource/Q11527990>
<http://ja.dbpedia.org/resource/東深井>	"東深井"@ja	<http://dbpedia.org/ontology/Settlement>	<http://ja.dbpedia.org/property/subdivisionName>	"subdivision name"@ja	<http://ja.wikipedia.org/wiki/東深井>	<http://wikidata.dbpedia.org/resource/Q11527990>
<http://ja.dbpedia.org/resource/東深井>	"東深井"@ja	<http://dbpedia.org/ontology/PopulatedPlace>	<http://ja.dbpedia.org/property/subdivisionName>	"subdivision name"@ja	<http://ja.wikipedia.org/wiki/東深井>	<http://wikidata.dbpedia.org/resource/Q11527990>
<http://ja.dbpedia.org/resource/東深井>	"東深井"@ja	<http://dbpedia.org/ontology/Location>	<http://ja.dbpedia.org/property/subdivisionName>	"subdivision name"@ja	<http://ja.wikipedia.org/wiki/東深井>	<http://wikidata.dbpedia.org/resource/Q11527990>
<http://ja.dbpedia.org/resource/松ケ丘_(流山市)>	"松ケ丘 (流山市)"@ja	<http://dbpedia.org/ontology/Settlement>	<http://ja.dbpedia.org/property/subdivisionName>	"subdivision name"@ja	<http://ja.wikipedia.org/wiki/松ケ丘_(流山市)>	<http://wikidata.dbpedia.org/resource/Q11528869>
<http://ja.dbpedia.org/resource/松ケ丘_(流山市)>	"松ケ丘 (流山市)"@ja	<http://dbpedia.org/ontology/Place>	<http://ja.dbpedia.org/property/subdivisionName>	"subdivision name"@ja	<http://ja.wikipedia.org/wiki/松ケ丘_(流山市)>	<http://wikidata.dbpedia.org/resource/Q11528869>
<http://ja.dbpedia.org/resource/松ケ丘_(流山市)>	"松ケ丘 (流山市)"@ja	<http://dbpedia.org/ontology/Location>	<http://ja.dbpedia.org/property/subdivisionName>	"subdivision name"@ja	<http://ja.wikipedia.org/wiki/松ケ丘_(流山市)>	<http://wikidata.dbpedia.org/resource/Q11528869>
<http://ja.dbpedia.org/resource/松ケ丘_(流山市)>	"松ケ丘 (流山市)"@ja	<http://dbpedia.org/ontology/PopulatedPlace>	<http://ja.dbpedia.org/property/subdivisionName>	"subdivision name"@ja	<http://ja.wikipedia.org/wiki/松ケ丘_(流山市)>	<http://wikidata.dbpedia.org/resource/Q11528869>
<http://ja.dbpedia.org/resource/松戸市>	"松戸市"@ja	<http://dbpedia.org/ontology/PopulatedPlace>	<http://ja.dbpedia.org/property/north>	"North"@ja	<http://ja.wikipedia.org/wiki/松戸市>	<http://wikidata.dbpedia.org/resource/Q320943>
<http://ja.dbpedia.org/resource/松戸市>	"松戸市"@ja	<http://dbpedia.org/ontology/Place>	<http://ja.dbpedia.org/property/隣接自治体>	"隣接自治体"@ja	<http://ja.wikipedia.org/wiki/松戸市>	<http://wikidata.dbpedia.org/resource/Q320943>
<http://ja.dbpedia.org/resource/松戸市>	"松戸市"@ja	<http://dbpedia.org/ontology/City>	<http://ja.dbpedia.org/property/隣接自治体>	"隣接自治体"@ja	<http://ja.wikipedia.org/wiki/松戸市>	<http://wikidata.dbpedia.org/resource/Q320943>
<http://ja.dbpedia.org/resource/松戸市>	"松戸市"@ja	<http://dbpedia.org/ontology/Location>	<http://ja.dbpedia.org/property/north>	"North"@ja	<http://ja.wikipedia.org/wiki/松戸市>	<http://wikidata.dbpedia.org/resource/Q320943>
<http://ja.dbpedia.org/resource/松戸市>	"松戸市"@ja	<http://dbpedia.org/ontology/Settlement>	<http://ja.dbpedia.org/property/north>	"North"@ja	<http://ja.wikipedia.org/wiki/松戸市>	<http://wikidata.dbpedia.org/resource/Q320943>
<http://ja.dbpedia.org/resource/松戸市>	"松戸市"@ja	<http://dbpedia.org/ontology/Settlement>	<http://ja.dbpedia.org/property/隣接自治体>	"隣接自治体"@ja	<http://ja.wikipedia.org/wiki/松戸市>	<http://wikidata.dbpedia.org/resource/Q320943>
<http://ja.dbpedia.org/resource/松戸市>	"松戸市"@ja	<http://dbpedia.org/ontology/City>	<http://ja.dbpedia.org/property/north>	"North"@ja	<http://ja.wikipedia.org/wiki/松戸市>	<http://wikidata.dbpedia.org/resource/Q320943>
<http://ja.dbpedia.org/resource/松戸市>	"松戸市"@ja	<http://dbpedia.org/ontology/PopulatedPlace>	<http://ja.dbpedia.org/property/隣接自治体>	"隣接自治体"@ja	<http://ja.wikipedia.org/wiki/松戸市>	<http://wikidata.dbpedia.org/resource/Q320943>
<http://ja.dbpedia.org/resource/松戸市>	"松戸市"@ja	<http://dbpedia.org/ontology/Place>	<http://ja.dbpedia.org/property/north>	"North"@ja	<http://ja.wikipedia.org/wiki/松戸市>	<http://wikidata.dbpedia.org/resource/Q320943>
<http://ja.dbpedia.org/resource/松戸市>	"松戸市"@ja	<http://dbpedia.org/ontology/Location>	<http://ja.dbpedia.org/property/隣接自治体>	"隣接自治体"@ja	<http://ja.wikipedia.org/wiki/松戸市>	<http://wikidata.dbpedia.org/resource/Q320943>
<http://ja.dbpedia.org/resource/柏市>	"柏市"@ja	<http://dbpedia.org/ontology/City>	<http://ja.dbpedia.org/property/west>	"West"@ja	<http://ja.wikipedia.org/wiki/柏市>	<http://wikidata.dbpedia.org/resource/Q319743>
<http://ja.dbpedia.org/resource/柏市>	"柏市"@ja	<http://dbpedia.org/ontology/PopulatedPlace>	<http://ja.dbpedia.org/property/隣接自治体>	"隣接自治体"@ja	<http://ja.wikipedia.org/wiki/柏市>	<http://wikidata.dbpedia.org/resource/Q319743>
<http://ja.dbpedia.org/resource/柏市>	"柏市"@ja	<http://dbpedia.org/ontology/Place>	<http://ja.dbpedia.org/property/west>	"West"@ja	<http://ja.wikipedia.org/wiki/柏市>	<http://wikidata.dbpedia.org/resource/Q319743>
<http://ja.dbpedia.org/resource/柏市>	"柏市"@ja	<http://dbpedia.org/ontology/Settlement>	<http://ja.dbpedia.org/property/隣接自治体>	"隣接自治体"@ja	<http://ja.wikipedia.org/wiki/柏市>	<http://wikidata.dbpedia.org/resource/Q319743>
<http://ja.dbpedia.org/resource/柏市>	"柏市"@ja	<http://dbpedia.org/ontology/Location>	<http://ja.dbpedia.org/property/隣接自治体>	"隣接自治体"@ja	<http://ja.wikipedia.org/wiki/柏市>	<http://wikidata.dbpedia.org/resource/Q319743>
<http://ja.dbpedia.org/resource/柏市>	"柏市"@ja	<http://dbpedia.org/ontology/Location>	<http://ja.dbpedia.org/property/west>	"West"@ja	<http://ja.wikipedia.org/wiki/柏市>	<http://wikidata.dbpedia.org/resource/Q319743>
<http://ja.dbpedia.org/resource/柏市>	"柏市"@ja	<http://dbpedia.org/ontology/Place>	<http://ja.dbpedia.org/property/隣接自治体>	"隣接自治体"@ja	<http://ja.wikipedia.org/wiki/柏市>	<http://wikidata.dbpedia.org/resource/Q319743>
<http://ja.dbpedia.org/resource/柏市>	"柏市"@ja	<http://dbpedia.org/ontology/PopulatedPlace>	<http://ja.dbpedia.org/property/west>	"West"@ja	<http://ja.wikipedia.org/wiki/柏市>	<http://wikidata.dbpedia.org/resource/Q319743>
<http://ja.dbpedia.org/resource/柏市>	"柏市"@ja	<http://dbpedia.org/ontology/City>	<http://ja.dbpedia.org/property/隣接自治体>	"隣接自治体"@ja	<http://ja.wikipedia.org/wiki/柏市>	<http://wikidata.dbpedia.org/resource/Q319743>
<http://ja.dbpedia.org/resource/柏市>	"柏市"@ja	<http://dbpedia.org/ontology/Settlement>	<http://ja.dbpedia.org/property/west>	"West"@ja	<http://ja.wikipedia.org/wiki/柏市>	<http://wikidata.dbpedia.org/resource/Q319743>
<http://ja.dbpedia.org/resource/桐ケ谷>	"桐ケ谷"@ja	<http://dbpedia.org/ontology/Location>	<http://ja.dbpedia.org/property/subdivisionName>	"subdivision name"@ja	<http://ja.wikipedia.org/wiki/桐ケ谷>	<http://wikidata.dbpedia.org/resource/Q11537158>
<http://ja.dbpedia.org/resource/桐ケ谷>	"桐ケ谷"@ja	<http://dbpedia.org/ontology/PopulatedPlace>	<http://ja.dbpedia.org/property/subdivisionName>	"subdivision name"@ja	<http://ja.wikipedia.org/wiki/桐ケ谷>	<http://wikidata.dbpedia.org/resource/Q11537158>
<http://ja.dbpedia.org/resource/桐ケ谷>	"桐ケ谷"@ja	<http://dbpedia.org/ontology/Settlement>	<http://ja.dbpedia.org/property/subdivisionName>	"subdivision name"@ja	<http://ja.wikipedia.org/wiki/桐ケ谷>	<http://wikidata.dbpedia.org/resource/Q11537158>
<http://ja.dbpedia.org/resource/桐ケ谷>	"桐ケ谷"@ja	<http://dbpedia.org/ontology/Place>	<http://ja.dbpedia.org/property/subdivisionName>	"subdivision name"@ja	<http://ja.wikipedia.org/wiki/桐ケ谷>	<http://wikidata.dbpedia.org/resource/Q11537158>
<http://ja.dbpedia.org/resource/江戸川台>	"江戸川台"@ja	<http://dbpedia.org/ontology/PopulatedPlace>	<http://ja.dbpedia.org/property/subdivisionName>	"subdivision name"@ja	<http://ja.wikipedia.org/wiki/江戸川台>	<http://wikidata.dbpedia.org/resource/Q5340179>
<http://ja.dbpedia.org/resource/江戸川台>	"江戸川台"@ja	<http://dbpedia.org/ontology/Location>	<http://ja.dbpedia.org/property/subdivisionName>	"subdivision name"@ja	<http://ja.wikipedia.org/wiki/江戸川台>	<http://wikidata.dbpedia.org/resource/Q5340179>
<http://ja.dbpedia.org/resource/江戸川台>	"江戸川台"@ja	<http://dbpedia.org/ontology/Settlement>	<http://ja.dbpedia.org/property/subdivisionName>	"subdivision name"@ja	<http://ja.wikipedia.org/wiki/江戸川台>	<http://wikidata.dbpedia.org/resource/Q5340179>
<http://ja.dbpedia.org/resource/江戸川台>	"江戸川台"@ja	<http://dbpedia.org/ontology/Place>	<http://ja.dbpedia.org/property/subdivisionName>	"subdivision name"@ja	<http://ja.wikipedia.org/wiki/江戸川台>	<http://wikidata.dbpedia.org/resource/Q5340179>
<http://ja.dbpedia.org/resource/流山_(流山市)>	"流山 (流山市)"@ja	<http://dbpedia.org/ontology/PopulatedPlace>	<http://ja.dbpedia.org/property/subdivisionName>	"subdivision name"@ja	<http://ja.wikipedia.org/wiki/流山_(流山市)>	<http://wikidata.dbpedia.org/resource/Q11556643>
<http://ja.dbpedia.org/resource/流山_(流山市)>	"流山 (流山市)"@ja	<http://dbpedia.org/ontology/Location>	<http://ja.dbpedia.org/property/subdivisionName>	"subdivision name"@ja	<http://ja.wikipedia.org/wiki/流山_(流山市)>	<http://wikidata.dbpedia.org/resource/Q11556643>
<http://ja.dbpedia.org/resource/流山_(流山市)>	"流山 (流山市)"@ja	<http://dbpedia.org/ontology/Settlement>	<http://ja.dbpedia.org/property/subdivisionName>	"subdivision name"@ja	<http://ja.wikipedia.org/wiki/流山_(流山市)>	<http://wikidata.dbpedia.org/resource/Q11556643>
<http://ja.dbpedia.org/resource/流山_(流山市)>	"流山 (流山市)"@ja	<http://dbpedia.org/ontology/Place>	<http://ja.dbpedia.org/property/subdivisionName>	"subdivision name"@ja	<http://ja.wikipedia.org/wiki/流山_(流山市)>	<http://wikidata.dbpedia.org/resource/Q11556643>
<http://ja.dbpedia.org/resource/流山市立北部中学校>	"流山市立北部中学校"@ja	<http://dbpedia.org/ontology/EducationalInstitution>	<http://ja.dbpedia.org/property/設置者>	"設置者"@ja	<http://ja.wikipedia.org/wiki/流山市立北部中学校>	<http://wikidata.dbpedia.org/resource/Q11556652>
<http://ja.dbpedia.org/resource/流山市立北部中学校>	"流山市立北部中学校"@ja	<http://dbpedia.org/ontology/School>	<http://ja.dbpedia.org/property/設置者>	"設置者"@ja	<http://ja.wikipedia.org/wiki/流山市立北部中学校>	<http://wikidata.dbpedia.org/resource/Q11556652>
<http://ja.dbpedia.org/resource/流山市立北部中学校>	"流山市立北部中学校"@ja	<http://dbpedia.org/ontology/Organisation>	<http://ja.dbpedia.org/property/設置者>	"設置者"@ja	<http://ja.wikipedia.org/wiki/流山市立北部中学校>	<http://wikidata.dbpedia.org/resource/Q11556652>
<http://ja.dbpedia.org/resource/流山市立北部中学校>	"流山市立北部中学校"@ja	<http://dbpedia.org/ontology/Agent>	<http://ja.dbpedia.org/property/設置者>	"設置者"@ja	<http://ja.wikipedia.org/wiki/流山市立北部中学校>	<http://wikidata.dbpedia.org/resource/Q11556652>
<http://ja.dbpedia.org/resource/流山市立南流山中学校>	"流山市立南流山中学校"@ja	<http://dbpedia.org/ontology/Organisation>	<http://ja.dbpedia.org/property/設置者>	"設置者"@ja	<http://ja.wikipedia.org/wiki/流山市立南流山中学校>	<http://wikidata.dbpedia.org/resource/Q80427919>
<http://ja.dbpedia.org/resource/流山市立南流山中学校>	"流山市立南流山中学校"@ja	<http://dbpedia.org/ontology/Agent>	<http://ja.dbpedia.org/property/設置者>	"設置者"@ja	<http://ja.wikipedia.org/wiki/流山市立南流山中学校>	<http://wikidata.dbpedia.org/resource/Q80427919>
<http://ja.dbpedia.org/resource/流山市立南流山中学校>	"流山市立南流山中学校"@ja	<http://dbpedia.org/ontology/School>	<http://ja.dbpedia.org/property/設置者>	"設置者"@ja	<http://ja.wikipedia.org/wiki/流山市立南流山中学校>	<http://wikidata.dbpedia.org/resource/Q80427919>
<http://ja.dbpedia.org/resource/流山市立南流山中学校>	"流山市立南流山中学校"@ja	<http://dbpedia.org/ontology/EducationalInstitution>	<http://ja.dbpedia.org/property/設置者>	"設置者"@ja	<http://ja.wikipedia.org/wiki/流山市立南流山中学校>	<http://wikidata.dbpedia.org/resource/Q80427919>
<http://ja.dbpedia.org/resource/流山市立南部中学校>	"流山市立南部中学校"@ja	<http://dbpedia.org/ontology/EducationalInstitution>	<http://ja.dbpedia.org/property/設置者>	"設置者"@ja	<http://ja.wikipedia.org/wiki/流山市立南部中学校>	<http://wikidata.dbpedia.org/resource/Q11556654>
<http://ja.dbpedia.org/resource/流山市立南部中学校>	"流山市立南部中学校"@ja	<http://dbpedia.org/ontology/School>	<http://ja.dbpedia.org/property/設置者>	"設置者"@ja	<http://ja.wikipedia.org/wiki/流山市立南部中学校>	<http://wikidata.dbpedia.org/resource/Q11556654>
<http://ja.dbpedia.org/resource/流山市立南部中学校>	"流山市立南部中学校"@ja	<http://dbpedia.org/ontology/Organisation>	<http://ja.dbpedia.org/property/設置者>	"設置者"@ja	<http://ja.wikipedia.org/wiki/流山市立南部中学校>	<http://wikidata.dbpedia.org/resource/Q11556654>
<http://ja.dbpedia.org/resource/流山市立南部中学校>	"流山市立南部中学校"@ja	<http://dbpedia.org/ontology/Agent>	<http://ja.dbpedia.org/property/設置者>	"設置者"@ja	<http://ja.wikipedia.org/wiki/流山市立南部中学校>	<http://wikidata.dbpedia.org/resource/Q11556654>
<http://ja.dbpedia.org/resource/流山市立博物館>	"流山市立博物館"@ja	<http://dbpedia.org/ontology/ArchitecturalStructure>	<http://ja.dbpedia.org/property/事業主体>	"事業主体"@ja	<http://ja.wikipedia.org/wiki/流山市立博物館>	<http://wikidata.dbpedia.org/resource/Q11556656>
<http://ja.dbpedia.org/resource/流山市立博物館>	"流山市立博物館"@ja	<http://dbpedia.org/ontology/Museum>	<http://ja.dbpedia.org/property/事業主体>	"事業主体"@ja	<http://ja.wikipedia.org/wiki/流山市立博物館>	<http://wikidata.dbpedia.org/resource/Q11556656>
<http://ja.dbpedia.org/resource/流山市立博物館>	"流山市立博物館"@ja	<http://dbpedia.org/ontology/Building>	<http://ja.dbpedia.org/property/事業主体>	"事業主体"@ja	<http://ja.wikipedia.org/wiki/流山市立博物館>	<http://wikidata.dbpedia.org/resource/Q11556656>
<http://ja.dbpedia.org/resource/流山市立新川小学校>	"流山市立新川小学校"@ja	<http://dbpedia.org/ontology/Organisation>	<http://ja.dbpedia.org/property/設置者>	"設置者"@ja	<http://ja.wikipedia.org/wiki/流山市立新川小学校>	<http://wikidata.dbpedia.org/resource/Q80427879>
<http://ja.dbpedia.org/resource/流山市立新川小学校>	"流山市立新川小学校"@ja	<http://dbpedia.org/ontology/Agent>	<http://ja.dbpedia.org/property/設置者>	"設置者"@ja	<http://ja.wikipedia.org/wiki/流山市立新川小学校>	<http://wikidata.dbpedia.org/resource/Q80427879>
<http://ja.dbpedia.org/resource/流山市立新川小学校>	"流山市立新川小学校"@ja	<http://dbpedia.org/ontology/School>	<http://ja.dbpedia.org/property/設置者>	"設置者"@ja	<http://ja.wikipedia.org/wiki/流山市立新川小学校>	<http://wikidata.dbpedia.org/resource/Q80427879>
<http://ja.dbpedia.org/resource/流山市立新川小学校>	"流山市立新川小学校"@ja	<http://dbpedia.org/ontology/EducationalInstitution>	<http://ja.dbpedia.org/property/設置者>	"設置者"@ja	<http://ja.wikipedia.org/wiki/流山市立新川小学校>	<http://wikidata.dbpedia.org/resource/Q80427879>
<http://ja.dbpedia.org/resource/流山市立東深井中学校>	"流山市立東深井中学校"@ja	<http://dbpedia.org/ontology/Organisation>	<http://ja.dbpedia.org/property/設置者>	"設置者"@ja	<http://ja.wikipedia.org/wiki/流山市立東深井中学校>	<http://wikidata.dbpedia.org/resource/Q11556657>
<http://ja.dbpedia.org/resource/流山市立東深井中学校>	"流山市立東深井中学校"@ja	<http://dbpedia.org/ontology/Agent>	<http://ja.dbpedia.org/property/設置者>	"設置者"@ja	<http://ja.wikipedia.org/wiki/流山市立東深井中学校>	<http://wikidata.dbpedia.org/resource/Q11556657>
<http://ja.dbpedia.org/resource/流山市立東深井中学校>	"流山市立東深井中学校"@ja	<http://dbpedia.org/ontology/School>	<http://ja.dbpedia.org/property/設置者>	"設置者"@ja	<http://ja.wikipedia.org/wiki/流山市立東深井中学校>	<http://wikidata.dbpedia.org/resource/Q11556657>
<http://ja.dbpedia.org/resource/流山市立東深井中学校>	"流山市立東深井中学校"@ja	<http://dbpedia.org/ontology/EducationalInstitution>	<http://ja.dbpedia.org/property/設置者>	"設置者"@ja	<http://ja.wikipedia.org/wiki/流山市立東深井中学校>	<http://wikidata.dbpedia.org/resource/Q11556657>
<http://ja.dbpedia.org/resource/流山市立流山小学校>	"流山市立流山小学校"@ja	<http://dbpedia.org/ontology/EducationalInstitution>	<http://ja.dbpedia.org/property/設置者>	"設置者"@ja	<http://ja.wikipedia.org/wiki/流山市立流山小学校>	<http://wikidata.dbpedia.org/resource/Q11556658>
<http://ja.dbpedia.org/resource/流山市立流山小学校>	"流山市立流山小学校"@ja	<http://dbpedia.org/ontology/School>	<http://ja.dbpedia.org/property/設置者>	"設置者"@ja	<http://ja.wikipedia.org/wiki/流山市立流山小学校>	<http://wikidata.dbpedia.org/resource/Q11556658>
<http://ja.dbpedia.org/resource/流山市立流山小学校>	"流山市立流山小学校"@ja	<http://dbpedia.org/ontology/Organisation>	<http://ja.dbpedia.org/property/設置者>	"設置者"@ja	<http://ja.wikipedia.org/wiki/流山市立流山小学校>	<http://wikidata.dbpedia.org/resource/Q11556658>
<http://ja.dbpedia.org/resource/流山市立流山小学校>	"流山市立流山小学校"@ja	<http://dbpedia.org/ontology/Agent>	<http://ja.dbpedia.org/property/設置者>	"設置者"@ja	<http://ja.wikipedia.org/wiki/流山市立流山小学校>	<http://wikidata.dbpedia.org/resource/Q11556658>
<http://ja.dbpedia.org/resource/流山市立西初石中学校>	"流山市立西初石中学校"@ja	<http://dbpedia.org/ontology/School>	<http://ja.dbpedia.org/property/設置者>	"設置者"@ja	<http://ja.wikipedia.org/wiki/流山市立西初石中学校>	<http://wikidata.dbpedia.org/resource/Q11556659>
<http://ja.dbpedia.org/resource/流山市立西初石中学校>	"流山市立西初石中学校"@ja	<http://dbpedia.org/ontology/EducationalInstitution>	<http://ja.dbpedia.org/property/設置者>	"設置者"@ja	<http://ja.wikipedia.org/wiki/流山市立西初石中学校>	<http://wikidata.dbpedia.org/resource/Q11556659>
<http://ja.dbpedia.org/resource/流山市立西初石中学校>	"流山市立西初石中学校"@ja	<http://dbpedia.org/ontology/Agent>	<http://ja.dbpedia.org/property/設置者>	"設置者"@ja	<http://ja.wikipedia.org/wiki/流山市立西初石中学校>	<http://wikidata.dbpedia.org/resource/Q11556659>
<http://ja.dbpedia.org/resource/流山市立西初石中学校>	"流山市立西初石中学校"@ja	<http://dbpedia.org/ontology/Organisation>	<http://ja.dbpedia.org/property/設置者>	"設置者"@ja	<http://ja.wikipedia.org/wiki/流山市立西初石中学校>	<http://wikidata.dbpedia.org/resource/Q11556659>
<http://ja.dbpedia.org/resource/深井新田_(流山市)>	"深井新田 (流山市)"@ja	<http://dbpedia.org/ontology/Place>	<http://ja.dbpedia.org/property/subdivisionName>	"subdivision name"@ja	<http://ja.wikipedia.org/wiki/深井新田_(流山市)>	<http://wikidata.dbpedia.org/resource/Q28692891>
<http://ja.dbpedia.org/resource/深井新田_(流山市)>	"深井新田 (流山市)"@ja	<http://dbpedia.org/ontology/Settlement>	<http://ja.dbpedia.org/property/subdivisionName>	"subdivision name"@ja	<http://ja.wikipedia.org/wiki/深井新田_(流山市)>	<http://wikidata.dbpedia.org/resource/Q28692891>
<http://ja.dbpedia.org/resource/深井新田_(流山市)>	"深井新田 (流山市)"@ja	<http://dbpedia.org/ontology/Location>	<http://ja.dbpedia.org/property/subdivisionName>	"subdivision name"@ja	<http://ja.wikipedia.org/wiki/深井新田_(流山市)>	<http://wikidata.dbpedia.org/resource/Q28692891>
<http://ja.dbpedia.org/resource/深井新田_(流山市)>	"深井新田 (流山市)"@ja	<http://dbpedia.org/ontology/PopulatedPlace>	<http://ja.dbpedia.org/property/subdivisionName>	"subdivision name"@ja	<http://ja.wikipedia.org/wiki/深井新田_(流山市)>	<http://wikidata.dbpedia.org/resource/Q28692891>
<http://ja.dbpedia.org/resource/美原_(流山市)>	"美原 (流山市)"@ja	<http://dbpedia.org/ontology/Location>	<http://ja.dbpedia.org/property/subdivisionName>	"subdivision name"@ja	<http://ja.wikipedia.org/wiki/美原_(流山市)>	<http://wikidata.dbpedia.org/resource/Q11608787>
<http://ja.dbpedia.org/resource/美原_(流山市)>	"美原 (流山市)"@ja	<http://dbpedia.org/ontology/PopulatedPlace>	<http://ja.dbpedia.org/property/subdivisionName>	"subdivision name"@ja	<http://ja.wikipedia.org/wiki/美原_(流山市)>	<http://wikidata.dbpedia.org/resource/Q11608787>
<http://ja.dbpedia.org/resource/美原_(流山市)>	"美原 (流山市)"@ja	<http://dbpedia.org/ontology/Settlement>	<http://ja.dbpedia.org/property/subdivisionName>	"subdivision name"@ja	<http://ja.wikipedia.org/wiki/美原_(流山市)>	<http://wikidata.dbpedia.org/resource/Q11608787>
<http://ja.dbpedia.org/resource/美原_(流山市)>	"美原 (流山市)"@ja	<http://dbpedia.org/ontology/Place>	<http://ja.dbpedia.org/property/subdivisionName>	"subdivision name"@ja	<http://ja.wikipedia.org/wiki/美原_(流山市)>	<http://wikidata.dbpedia.org/resource/Q11608787>
<http://ja.dbpedia.org/resource/美田_(流山市)>	"美田 (流山市)"@ja	<http://dbpedia.org/ontology/Place>	<http://ja.dbpedia.org/property/subdivisionName>	"subdivision name"@ja	<http://ja.wikipedia.org/wiki/美田_(流山市)>	<http://wikidata.dbpedia.org/resource/Q11609292>
<http://ja.dbpedia.org/resource/美田_(流山市)>	"美田 (流山市)"@ja	<http://dbpedia.org/ontology/Settlement>	<http://ja.dbpedia.org/property/subdivisionName>	"subdivision name"@ja	<http://ja.wikipedia.org/wiki/美田_(流山市)>	<http://wikidata.dbpedia.org/resource/Q11609292>
<http://ja.dbpedia.org/resource/美田_(流山市)>	"美田 (流山市)"@ja	<http://dbpedia.org/ontology/Location>	<http://ja.dbpedia.org/property/subdivisionName>	"subdivision name"@ja	<http://ja.wikipedia.org/wiki/美田_(流山市)>	<http://wikidata.dbpedia.org/resource/Q11609292>
<http://ja.dbpedia.org/resource/美田_(流山市)>	"美田 (流山市)"@ja	<http://dbpedia.org/ontology/PopulatedPlace>	<http://ja.dbpedia.org/property/subdivisionName>	"subdivision name"@ja	<http://ja.wikipedia.org/wiki/美田_(流山市)>	<http://wikidata.dbpedia.org/resource/Q11609292>
<http://ja.dbpedia.org/resource/芝崎_(流山市)>	"芝崎 (流山市)"@ja	<http://dbpedia.org/ontology/Location>	<http://ja.dbpedia.org/property/subdivisionName>	"subdivision name"@ja	<http://ja.wikipedia.org/wiki/芝崎_(流山市)>	<http://wikidata.dbpedia.org/resource/Q11614645>
<http://ja.dbpedia.org/resource/芝崎_(流山市)>	"芝崎 (流山市)"@ja	<http://dbpedia.org/ontology/PopulatedPlace>	<http://ja.dbpedia.org/property/subdivisionName>	"subdivision name"@ja	<http://ja.wikipedia.org/wiki/芝崎_(流山市)>	<http://wikidata.dbpedia.org/resource/Q11614645>
<http://ja.dbpedia.org/resource/芝崎_(流山市)>	"芝崎 (流山市)"@ja	<http://dbpedia.org/ontology/Settlement>	<http://ja.dbpedia.org/property/subdivisionName>	"subdivision name"@ja	<http://ja.wikipedia.org/wiki/芝崎_(流山市)>	<http://wikidata.dbpedia.org/resource/Q11614645>
<http://ja.dbpedia.org/resource/芝崎_(流山市)>	"芝崎 (流山市)"@ja	<http://dbpedia.org/ontology/Place>	<http://ja.dbpedia.org/property/subdivisionName>	"subdivision name"@ja	<http://ja.wikipedia.org/wiki/芝崎_(流山市)>	<http://wikidata.dbpedia.org/resource/Q11614645>
<http://ja.dbpedia.org/resource/若葉台_(流山市)>	"若葉台 (流山市)"@ja	<http://dbpedia.org/ontology/Location>	<http://ja.dbpedia.org/property/subdivisionName>	"subdivision name"@ja	<http://ja.wikipedia.org/wiki/若葉台_(流山市)>	<http://wikidata.dbpedia.org/resource/Q11616747>
<http://ja.dbpedia.org/resource/若葉台_(流山市)>	"若葉台 (流山市)"@ja	<http://dbpedia.org/ontology/PopulatedPlace>	<http://ja.dbpedia.org/property/subdivisionName>	"subdivision name"@ja	<http://ja.wikipedia.org/wiki/若葉台_(流山市)>	<http://wikidata.dbpedia.org/resource/Q11616747>
<http://ja.dbpedia.org/resource/若葉台_(流山市)>	"若葉台 (流山市)"@ja	<http://dbpedia.org/ontology/Settlement>	<http://ja.dbpedia.org/property/subdivisionName>	"subdivision name"@ja	<http://ja.wikipedia.org/wiki/若葉台_(流山市)>	<http://wikidata.dbpedia.org/resource/Q11616747>
<http://ja.dbpedia.org/resource/若葉台_(流山市)>	"若葉台 (流山市)"@ja	<http://dbpedia.org/ontology/Place>	<http://ja.dbpedia.org/property/subdivisionName>	"subdivision name"@ja	<http://ja.wikipedia.org/wiki/若葉台_(流山市)>	<http://wikidata.dbpedia.org/resource/Q11616747>
<http://ja.dbpedia.org/resource/西初石>	"西初石"@ja	<http://dbpedia.org/ontology/PopulatedPlace>	<http://ja.dbpedia.org/property/subdivisionName>	"subdivision name"@ja	<http://ja.wikipedia.org/wiki/西初石>	<http://wikidata.dbpedia.org/resource/Q11627285>
<http://ja.dbpedia.org/resource/西初石>	"西初石"@ja	<http://dbpedia.org/ontology/Location>	<http://ja.dbpedia.org/property/subdivisionName>	"subdivision name"@ja	<http://ja.wikipedia.org/wiki/西初石>	<http://wikidata.dbpedia.org/resource/Q11627285>
<http://ja.dbpedia.org/resource/西初石>	"西初石"@ja	<http://dbpedia.org/ontology/Place>	<http://ja.dbpedia.org/property/subdivisionName>	"subdivision name"@ja	<http://ja.wikipedia.org/wiki/西初石>	<http://wikidata.dbpedia.org/resource/Q11627285>
<http://ja.dbpedia.org/resource/西初石>	"西初石"@ja	<http://dbpedia.org/ontology/Settlement>	<http://ja.dbpedia.org/property/subdivisionName>	"subdivision name"@ja	<http://ja.wikipedia.org/wiki/西初石>	<http://wikidata.dbpedia.org/resource/Q11627285>
<http://ja.dbpedia.org/resource/西平井_(流山市)>	"西平井 (流山市)"@ja	<http://dbpedia.org/ontology/Place>	<http://ja.dbpedia.org/property/subdivisionName>	"subdivision name"@ja	<http://ja.wikipedia.org/wiki/西平井_(流山市)>	<http://wikidata.dbpedia.org/resource/Q11628215>
<http://ja.dbpedia.org/resource/西平井_(流山市)>	"西平井 (流山市)"@ja	<http://dbpedia.org/ontology/Settlement>	<http://ja.dbpedia.org/property/subdivisionName>	"subdivision name"@ja	<http://ja.wikipedia.org/wiki/西平井_(流山市)>	<http://wikidata.dbpedia.org/resource/Q11628215>
<http://ja.dbpedia.org/resource/西平井_(流山市)>	"西平井 (流山市)"@ja	<http://dbpedia.org/ontology/Location>	<http://ja.dbpedia.org/property/subdivisionName>	"subdivision name"@ja	<http://ja.wikipedia.org/wiki/西平井_(流山市)>	<http://wikidata.dbpedia.org/resource/Q11628215>
<http://ja.dbpedia.org/resource/西平井_(流山市)>	"西平井 (流山市)"@ja	<http://dbpedia.org/ontology/PopulatedPlace>	<http://ja.dbpedia.org/property/subdivisionName>	"subdivision name"@ja	<http://ja.wikipedia.org/wiki/西平井_(流山市)>	<http://wikidata.dbpedia.org/resource/Q11628215>
<http://ja.dbpedia.org/resource/西深井>	"西深井"@ja	<http://dbpedia.org/ontology/Place>	<http://ja.dbpedia.org/property/subdivisionName>	"subdivision name"@ja	<http://ja.wikipedia.org/wiki/西深井>	<http://wikidata.dbpedia.org/resource/Q11629107>
<http://ja.dbpedia.org/resource/西深井>	"西深井"@ja	<http://dbpedia.org/ontology/Settlement>	<http://ja.dbpedia.org/property/subdivisionName>	"subdivision name"@ja	<http://ja.wikipedia.org/wiki/西深井>	<http://wikidata.dbpedia.org/resource/Q11629107>
<http://ja.dbpedia.org/resource/西深井>	"西深井"@ja	<http://dbpedia.org/ontology/PopulatedPlace>	<http://ja.dbpedia.org/property/subdivisionName>	"subdivision name"@ja	<http://ja.wikipedia.org/wiki/西深井>	<http://wikidata.dbpedia.org/resource/Q11629107>
<http://ja.dbpedia.org/resource/西深井>	"西深井"@ja	<http://dbpedia.org/ontology/Location>	<http://ja.dbpedia.org/property/subdivisionName>	"subdivision name"@ja	<http://ja.wikipedia.org/wiki/西深井>	<http://wikidata.dbpedia.org/resource/Q11629107>
<http://ja.dbpedia.org/resource/谷_(流山市)>	"谷 (流山市)"@ja	<http://dbpedia.org/ontology/Place>	<http://ja.dbpedia.org/property/subdivisionName>	"subdivision name"@ja	<http://ja.wikipedia.org/wiki/谷_(流山市)>	<http://wikidata.dbpedia.org/resource/Q11632575>
<http://ja.dbpedia.org/resource/谷_(流山市)>	"谷 (流山市)"@ja	<http://dbpedia.org/ontology/Settlement>	<http://ja.dbpedia.org/property/subdivisionName>	"subdivision name"@ja	<http://ja.wikipedia.org/wiki/谷_(流山市)>	<http://wikidata.dbpedia.org/resource/Q11632575>
<http://ja.dbpedia.org/resource/谷_(流山市)>	"谷 (流山市)"@ja	<http://dbpedia.org/ontology/PopulatedPlace>	<http://ja.dbpedia.org/property/subdivisionName>	"subdivision name"@ja	<http://ja.wikipedia.org/wiki/谷_(流山市)>	<http://wikidata.dbpedia.org/resource/Q11632575>
<http://ja.dbpedia.org/resource/谷_(流山市)>	"谷 (流山市)"@ja	<http://dbpedia.org/ontology/Location>	<http://ja.dbpedia.org/property/subdivisionName>	"subdivision name"@ja	<http://ja.wikipedia.org/wiki/谷_(流山市)>	<http://wikidata.dbpedia.org/resource/Q11632575>
<http://ja.dbpedia.org/resource/野田市>	"野田市"@ja	<http://dbpedia.org/ontology/City>	<http://ja.dbpedia.org/property/隣接自治体>	"隣接自治体"@ja	<http://ja.wikipedia.org/wiki/野田市>	<http://wikidata.dbpedia.org/resource/Q328619>
<http://ja.dbpedia.org/resource/野田市>	"野田市"@ja	<http://dbpedia.org/ontology/Place>	<http://ja.dbpedia.org/property/隣接自治体>	"隣接自治体"@ja	<http://ja.wikipedia.org/wiki/野田市>	<http://wikidata.dbpedia.org/resource/Q328619>
<http://ja.dbpedia.org/resource/野田市>	"野田市"@ja	<http://dbpedia.org/ontology/Location>	<http://ja.dbpedia.org/property/隣接自治体>	"隣接自治体"@ja	<http://ja.wikipedia.org/wiki/野田市>	<http://wikidata.dbpedia.org/resource/Q328619>
<http://ja.dbpedia.org/resource/野田市>	"野田市"@ja	<http://dbpedia.org/ontology/PopulatedPlace>	<http://ja.dbpedia.org/property/隣接自治体>	"隣接自治体"@ja	<http://ja.wikipedia.org/wiki/野田市>	<http://wikidata.dbpedia.org/resource/Q328619>
<http://ja.dbpedia.org/resource/野田市>	"野田市"@ja	<http://dbpedia.org/ontology/Settlement>	<http://ja.dbpedia.org/property/隣接自治体>	"隣接自治体"@ja	<http://ja.wikipedia.org/wiki/野田市>	<http://wikidata.dbpedia.org/resource/Q328619>
<http://ja.dbpedia.org/resource/長崎_(流山市)>	"長崎 (流山市)"@ja	<http://dbpedia.org/ontology/Location>	<http://ja.dbpedia.org/property/subdivisionName>	"subdivision name"@ja	<http://ja.wikipedia.org/wiki/長崎_(流山市)>	<http://wikidata.dbpedia.org/resource/Q11652304>
<http://ja.dbpedia.org/resource/長崎_(流山市)>	"長崎 (流山市)"@ja	<http://dbpedia.org/ontology/PopulatedPlace>	<http://ja.dbpedia.org/property/subdivisionName>	"subdivision name"@ja	<http://ja.wikipedia.org/wiki/長崎_(流山市)>	<http://wikidata.dbpedia.org/resource/Q11652304>
<http://ja.dbpedia.org/resource/長崎_(流山市)>	"長崎 (流山市)"@ja	<http://dbpedia.org/ontology/Settlement>	<http://ja.dbpedia.org/property/subdivisionName>	"subdivision name"@ja	<http://ja.wikipedia.org/wiki/長崎_(流山市)>	<http://wikidata.dbpedia.org/resource/Q11652304>
<http://ja.dbpedia.org/resource/長崎_(流山市)>	"長崎 (流山市)"@ja	<http://dbpedia.org/ontology/Place>	<http://ja.dbpedia.org/property/subdivisionName>	"subdivision name"@ja	<http://ja.wikipedia.org/wiki/長崎_(流山市)>	<http://wikidata.dbpedia.org/resource/Q11652304>
<http://ja.dbpedia.org/resource/青田_(流山市)>	"青田 (流山市)"@ja	<http://dbpedia.org/ontology/PopulatedPlace>	<http://ja.dbpedia.org/property/subdivisionName>	"subdivision name"@ja	<http://ja.wikipedia.org/wiki/青田_(流山市)>	<http://wikidata.dbpedia.org/resource/Q11662612>
<http://ja.dbpedia.org/resource/青田_(流山市)>	"青田 (流山市)"@ja	<http://dbpedia.org/ontology/Location>	<http://ja.dbpedia.org/property/subdivisionName>	"subdivision name"@ja	<http://ja.wikipedia.org/wiki/青田_(流山市)>	<http://wikidata.dbpedia.org/resource/Q11662612>
<http://ja.dbpedia.org/resource/青田_(流山市)>	"青田 (流山市)"@ja	<http://dbpedia.org/ontology/Settlement>	<http://ja.dbpedia.org/property/subdivisionName>	"subdivision name"@ja	<http://ja.wikipedia.org/wiki/青田_(流山市)>	<http://wikidata.dbpedia.org/resource/Q11662612>
<http://ja.dbpedia.org/resource/青田_(流山市)>	"青田 (流山市)"@ja	<http://dbpedia.org/ontology/Place>	<http://ja.dbpedia.org/property/subdivisionName>	"subdivision name"@ja	<http://ja.wikipedia.org/wiki/青田_(流山市)>	<http://wikidata.dbpedia.org/resource/Q11662612>
<http://ja.dbpedia.org/resource/駒木_(流山市)>	"駒木 (流山市)"@ja	<http://dbpedia.org/ontology/PopulatedPlace>	<http://ja.dbpedia.org/property/subdivisionName>	"subdivision name"@ja	<http://ja.wikipedia.org/wiki/駒木_(流山市)>	<http://wikidata.dbpedia.org/resource/Q11668380>
<http://ja.dbpedia.org/resource/駒木_(流山市)>	"駒木 (流山市)"@ja	<http://dbpedia.org/ontology/Location>	<http://ja.dbpedia.org/property/subdivisionName>	"subdivision name"@ja	<http://ja.wikipedia.org/wiki/駒木_(流山市)>	<http://wikidata.dbpedia.org/resource/Q11668380>
<http://ja.dbpedia.org/resource/駒木_(流山市)>	"駒木 (流山市)"@ja	<http://dbpedia.org/ontology/Place>	<http://ja.dbpedia.org/property/subdivisionName>	"subdivision name"@ja	<http://ja.wikipedia.org/wiki/駒木_(流山市)>	<http://wikidata.dbpedia.org/resource/Q11668380>
<http://ja.dbpedia.org/resource/駒木_(流山市)>	"駒木 (流山市)"@ja	<http://dbpedia.org/ontology/Settlement>	<http://ja.dbpedia.org/property/subdivisionName>	"subdivision name"@ja	<http://ja.wikipedia.org/wiki/駒木_(流山市)>	<http://wikidata.dbpedia.org/resource/Q11668380>
<http://ja.dbpedia.org/resource/駒木台>	"駒木台"@ja	<http://dbpedia.org/ontology/Location>	<http://ja.dbpedia.org/property/subdivisionName>	"subdivision name"@ja	<http://ja.wikipedia.org/wiki/駒木台>	<http://wikidata.dbpedia.org/resource/Q11668382>
<http://ja.dbpedia.org/resource/駒木台>	"駒木台"@ja	<http://dbpedia.org/ontology/PopulatedPlace>	<http://ja.dbpedia.org/property/subdivisionName>	"subdivision name"@ja	<http://ja.wikipedia.org/wiki/駒木台>	<http://wikidata.dbpedia.org/resource/Q11668382>
<http://ja.dbpedia.org/resource/駒木台>	"駒木台"@ja	<http://dbpedia.org/ontology/Settlement>	<http://ja.dbpedia.org/property/subdivisionName>	"subdivision name"@ja	<http://ja.wikipedia.org/wiki/駒木台>	<http://wikidata.dbpedia.org/resource/Q11668382>
<http://ja.dbpedia.org/resource/駒木台>	"駒木台"@ja	<http://dbpedia.org/ontology/Place>	<http://ja.dbpedia.org/property/subdivisionName>	"subdivision name"@ja	<http://ja.wikipedia.org/wiki/駒木台>	<http://wikidata.dbpedia.org/resource/Q11668382>
<http://ja.dbpedia.org/resource/鰭ケ崎>	"鰭ケ崎"@ja	<http://dbpedia.org/ontology/PopulatedPlace>	<http://ja.dbpedia.org/property/subdivisionName>	"subdivision name"@ja	<http://ja.wikipedia.org/wiki/鰭ケ崎>	<http://wikidata.dbpedia.org/resource/Q11674328>
<http://ja.dbpedia.org/resource/鰭ケ崎>	"鰭ケ崎"@ja	<http://dbpedia.org/ontology/Location>	<http://ja.dbpedia.org/property/subdivisionName>	"subdivision name"@ja	<http://ja.wikipedia.org/wiki/鰭ケ崎>	<http://wikidata.dbpedia.org/resource/Q11674328>
<http://ja.dbpedia.org/resource/鰭ケ崎>	"鰭ケ崎"@ja	<http://dbpedia.org/ontology/Settlement>	<http://ja.dbpedia.org/property/subdivisionName>	"subdivision name"@ja	<http://ja.wikipedia.org/wiki/鰭ケ崎>	<http://wikidata.dbpedia.org/resource/Q11674328>
<http://ja.dbpedia.org/resource/鰭ケ崎>	"鰭ケ崎"@ja	<http://dbpedia.org/ontology/Place>	<http://ja.dbpedia.org/property/subdivisionName>	"subdivision name"@ja	<http://ja.wikipedia.org/wiki/鰭ケ崎>	<http://wikidata.dbpedia.org/resource/Q11674328>
