?s	?sLabel	?type	?p	?pLabel	?jwiki	?wd
<http://ja.dbpedia.org/resource/かずさエフエム>	"かずさエフエム"@ja	<http://dbpedia.org/ontology/Company>	<http://ja.dbpedia.org/property/可聴範囲>	"可聴範囲"@ja	<http://ja.wikipedia.org/wiki/かずさエフエム>	<http://wikidata.dbpedia.org/resource/Q11263827>
<http://ja.dbpedia.org/resource/かずさエフエム>	"かずさエフエム"@ja	<http://dbpedia.org/ontology/Agent>	<http://ja.dbpedia.org/property/可聴範囲>	"可聴範囲"@ja	<http://ja.wikipedia.org/wiki/かずさエフエム>	<http://wikidata.dbpedia.org/resource/Q11263827>
<http://ja.dbpedia.org/resource/かずさエフエム>	"かずさエフエム"@ja	<http://dbpedia.org/ontology/Organisation>	<http://ja.dbpedia.org/property/可聴範囲>	"可聴範囲"@ja	<http://ja.wikipedia.org/wiki/かずさエフエム>	<http://wikidata.dbpedia.org/resource/Q11263827>
<http://ja.dbpedia.org/resource/三直>	"三直"@ja	<http://dbpedia.org/ontology/PopulatedPlace>	<http://ja.dbpedia.org/property/subdivisionName>	"subdivision name"@ja	<http://ja.wikipedia.org/wiki/三直>	<http://wikidata.dbpedia.org/resource/Q28691463>
<http://ja.dbpedia.org/resource/三直>	"三直"@ja	<http://dbpedia.org/ontology/Location>	<http://ja.dbpedia.org/property/subdivisionName>	"subdivision name"@ja	<http://ja.wikipedia.org/wiki/三直>	<http://wikidata.dbpedia.org/resource/Q28691463>
<http://ja.dbpedia.org/resource/三直>	"三直"@ja	<http://dbpedia.org/ontology/Settlement>	<http://ja.dbpedia.org/property/subdivisionName>	"subdivision name"@ja	<http://ja.wikipedia.org/wiki/三直>	<http://wikidata.dbpedia.org/resource/Q28691463>
<http://ja.dbpedia.org/resource/三直>	"三直"@ja	<http://dbpedia.org/ontology/Place>	<http://ja.dbpedia.org/property/subdivisionName>	"subdivision name"@ja	<http://ja.wikipedia.org/wiki/三直>	<http://wikidata.dbpedia.org/resource/Q28691463>
<http://ja.dbpedia.org/resource/上_(君津市)>	"上 (君津市)"@ja	<http://dbpedia.org/ontology/PopulatedPlace>	<http://ja.dbpedia.org/property/subdivisionName>	"subdivision name"@ja	<http://ja.wikipedia.org/wiki/上_(君津市)>	<http://wikidata.dbpedia.org/resource/Q81398643>
<http://ja.dbpedia.org/resource/上_(君津市)>	"上 (君津市)"@ja	<http://dbpedia.org/ontology/Location>	<http://ja.dbpedia.org/property/subdivisionName>	"subdivision name"@ja	<http://ja.wikipedia.org/wiki/上_(君津市)>	<http://wikidata.dbpedia.org/resource/Q81398643>
<http://ja.dbpedia.org/resource/上_(君津市)>	"上 (君津市)"@ja	<http://dbpedia.org/ontology/Settlement>	<http://ja.dbpedia.org/property/subdivisionName>	"subdivision name"@ja	<http://ja.wikipedia.org/wiki/上_(君津市)>	<http://wikidata.dbpedia.org/resource/Q81398643>
<http://ja.dbpedia.org/resource/上_(君津市)>	"上 (君津市)"@ja	<http://dbpedia.org/ontology/Place>	<http://ja.dbpedia.org/property/subdivisionName>	"subdivision name"@ja	<http://ja.wikipedia.org/wiki/上_(君津市)>	<http://wikidata.dbpedia.org/resource/Q81398643>
<http://ja.dbpedia.org/resource/上湯江>	"上湯江"@ja	<http://dbpedia.org/ontology/Place>	<http://ja.dbpedia.org/property/subdivisionName>	"subdivision name"@ja	<http://ja.wikipedia.org/wiki/上湯江>	<http://wikidata.dbpedia.org/resource/Q21652803>
<http://ja.dbpedia.org/resource/上湯江>	"上湯江"@ja	<http://dbpedia.org/ontology/Settlement>	<http://ja.dbpedia.org/property/subdivisionName>	"subdivision name"@ja	<http://ja.wikipedia.org/wiki/上湯江>	<http://wikidata.dbpedia.org/resource/Q21652803>
<http://ja.dbpedia.org/resource/上湯江>	"上湯江"@ja	<http://dbpedia.org/ontology/PopulatedPlace>	<http://ja.dbpedia.org/property/subdivisionName>	"subdivision name"@ja	<http://ja.wikipedia.org/wiki/上湯江>	<http://wikidata.dbpedia.org/resource/Q21652803>
<http://ja.dbpedia.org/resource/上湯江>	"上湯江"@ja	<http://dbpedia.org/ontology/Location>	<http://ja.dbpedia.org/property/subdivisionName>	"subdivision name"@ja	<http://ja.wikipedia.org/wiki/上湯江>	<http://wikidata.dbpedia.org/resource/Q21652803>
<http://ja.dbpedia.org/resource/下湯江>	"下湯江"@ja	<http://dbpedia.org/ontology/PopulatedPlace>	<http://ja.dbpedia.org/property/subdivisionName>	"subdivision name"@ja	<http://ja.wikipedia.org/wiki/下湯江>	<http://wikidata.dbpedia.org/resource/Q21653272>
<http://ja.dbpedia.org/resource/下湯江>	"下湯江"@ja	<http://dbpedia.org/ontology/Location>	<http://ja.dbpedia.org/property/subdivisionName>	"subdivision name"@ja	<http://ja.wikipedia.org/wiki/下湯江>	<http://wikidata.dbpedia.org/resource/Q21653272>
<http://ja.dbpedia.org/resource/下湯江>	"下湯江"@ja	<http://dbpedia.org/ontology/Settlement>	<http://ja.dbpedia.org/property/subdivisionName>	"subdivision name"@ja	<http://ja.wikipedia.org/wiki/下湯江>	<http://wikidata.dbpedia.org/resource/Q21653272>
<http://ja.dbpedia.org/resource/下湯江>	"下湯江"@ja	<http://dbpedia.org/ontology/Place>	<http://ja.dbpedia.org/property/subdivisionName>	"subdivision name"@ja	<http://ja.wikipedia.org/wiki/下湯江>	<http://wikidata.dbpedia.org/resource/Q21653272>
<http://ja.dbpedia.org/resource/中富_(君津市)>	"中富 (君津市)"@ja	<http://dbpedia.org/ontology/Place>	<http://ja.dbpedia.org/property/subdivisionName>	"subdivision name"@ja	<http://ja.wikipedia.org/wiki/中富_(君津市)>	<http://wikidata.dbpedia.org/resource/Q18337579>
<http://ja.dbpedia.org/resource/中富_(君津市)>	"中富 (君津市)"@ja	<http://dbpedia.org/ontology/Settlement>	<http://ja.dbpedia.org/property/subdivisionName>	"subdivision name"@ja	<http://ja.wikipedia.org/wiki/中富_(君津市)>	<http://wikidata.dbpedia.org/resource/Q18337579>
<http://ja.dbpedia.org/resource/中富_(君津市)>	"中富 (君津市)"@ja	<http://dbpedia.org/ontology/PopulatedPlace>	<http://ja.dbpedia.org/property/subdivisionName>	"subdivision name"@ja	<http://ja.wikipedia.org/wiki/中富_(君津市)>	<http://wikidata.dbpedia.org/resource/Q18337579>
<http://ja.dbpedia.org/resource/中富_(君津市)>	"中富 (君津市)"@ja	<http://dbpedia.org/ontology/Location>	<http://ja.dbpedia.org/property/subdivisionName>	"subdivision name"@ja	<http://ja.wikipedia.org/wiki/中富_(君津市)>	<http://wikidata.dbpedia.org/resource/Q18337579>
<http://ja.dbpedia.org/resource/中島_(君津市)>	"中島 (君津市)"@ja	<http://dbpedia.org/ontology/Place>	<http://ja.dbpedia.org/property/subdivisionName>	"subdivision name"@ja	<http://ja.wikipedia.org/wiki/中島_(君津市)>	<http://wikidata.dbpedia.org/resource/Q75808274>
<http://ja.dbpedia.org/resource/中島_(君津市)>	"中島 (君津市)"@ja	<http://dbpedia.org/ontology/Settlement>	<http://ja.dbpedia.org/property/subdivisionName>	"subdivision name"@ja	<http://ja.wikipedia.org/wiki/中島_(君津市)>	<http://wikidata.dbpedia.org/resource/Q75808274>
<http://ja.dbpedia.org/resource/中島_(君津市)>	"中島 (君津市)"@ja	<http://dbpedia.org/ontology/PopulatedPlace>	<http://ja.dbpedia.org/property/subdivisionName>	"subdivision name"@ja	<http://ja.wikipedia.org/wiki/中島_(君津市)>	<http://wikidata.dbpedia.org/resource/Q75808274>
<http://ja.dbpedia.org/resource/中島_(君津市)>	"中島 (君津市)"@ja	<http://dbpedia.org/ontology/Location>	<http://ja.dbpedia.org/property/subdivisionName>	"subdivision name"@ja	<http://ja.wikipedia.org/wiki/中島_(君津市)>	<http://wikidata.dbpedia.org/resource/Q75808274>
<http://ja.dbpedia.org/resource/中野_(君津市)>	"中野 (君津市)"@ja	<http://dbpedia.org/ontology/Settlement>	<http://ja.dbpedia.org/property/subdivisionName>	"subdivision name"@ja	<http://ja.wikipedia.org/wiki/中野_(君津市)>	<http://wikidata.dbpedia.org/resource/Q21653902>
<http://ja.dbpedia.org/resource/中野_(君津市)>	"中野 (君津市)"@ja	<http://dbpedia.org/ontology/Place>	<http://ja.dbpedia.org/property/subdivisionName>	"subdivision name"@ja	<http://ja.wikipedia.org/wiki/中野_(君津市)>	<http://wikidata.dbpedia.org/resource/Q21653902>
<http://ja.dbpedia.org/resource/中野_(君津市)>	"中野 (君津市)"@ja	<http://dbpedia.org/ontology/Location>	<http://ja.dbpedia.org/property/subdivisionName>	"subdivision name"@ja	<http://ja.wikipedia.org/wiki/中野_(君津市)>	<http://wikidata.dbpedia.org/resource/Q21653902>
<http://ja.dbpedia.org/resource/中野_(君津市)>	"中野 (君津市)"@ja	<http://dbpedia.org/ontology/PopulatedPlace>	<http://ja.dbpedia.org/property/subdivisionName>	"subdivision name"@ja	<http://ja.wikipedia.org/wiki/中野_(君津市)>	<http://wikidata.dbpedia.org/resource/Q21653902>
<http://ja.dbpedia.org/resource/久保_(君津市)>	"久保 (君津市)"@ja	<http://dbpedia.org/ontology/Place>	<http://ja.dbpedia.org/property/subdivisionName>	"subdivision name"@ja	<http://ja.wikipedia.org/wiki/久保_(君津市)>	<http://wikidata.dbpedia.org/resource/Q20044024>
<http://ja.dbpedia.org/resource/久保_(君津市)>	"久保 (君津市)"@ja	<http://dbpedia.org/ontology/Settlement>	<http://ja.dbpedia.org/property/subdivisionName>	"subdivision name"@ja	<http://ja.wikipedia.org/wiki/久保_(君津市)>	<http://wikidata.dbpedia.org/resource/Q20044024>
<http://ja.dbpedia.org/resource/久保_(君津市)>	"久保 (君津市)"@ja	<http://dbpedia.org/ontology/PopulatedPlace>	<http://ja.dbpedia.org/property/subdivisionName>	"subdivision name"@ja	<http://ja.wikipedia.org/wiki/久保_(君津市)>	<http://wikidata.dbpedia.org/resource/Q20044024>
<http://ja.dbpedia.org/resource/久保_(君津市)>	"久保 (君津市)"@ja	<http://dbpedia.org/ontology/Location>	<http://ja.dbpedia.org/property/subdivisionName>	"subdivision name"@ja	<http://ja.wikipedia.org/wiki/久保_(君津市)>	<http://wikidata.dbpedia.org/resource/Q20044024>
<http://ja.dbpedia.org/resource/久留里>	"久留里"@ja	<http://dbpedia.org/ontology/PopulatedPlace>	<http://ja.dbpedia.org/property/subdivisionName>	"subdivision name"@ja	<http://ja.wikipedia.org/wiki/久留里>	<http://wikidata.dbpedia.org/resource/Q11369556>
<http://ja.dbpedia.org/resource/久留里>	"久留里"@ja	<http://dbpedia.org/ontology/Location>	<http://ja.dbpedia.org/property/subdivisionName>	"subdivision name"@ja	<http://ja.wikipedia.org/wiki/久留里>	<http://wikidata.dbpedia.org/resource/Q11369556>
<http://ja.dbpedia.org/resource/久留里>	"久留里"@ja	<http://dbpedia.org/ontology/Settlement>	<http://ja.dbpedia.org/property/subdivisionName>	"subdivision name"@ja	<http://ja.wikipedia.org/wiki/久留里>	<http://wikidata.dbpedia.org/resource/Q11369556>
<http://ja.dbpedia.org/resource/久留里>	"久留里"@ja	<http://dbpedia.org/ontology/Place>	<http://ja.dbpedia.org/property/subdivisionName>	"subdivision name"@ja	<http://ja.wikipedia.org/wiki/久留里>	<http://wikidata.dbpedia.org/resource/Q11369556>
<http://ja.dbpedia.org/resource/久留里市場>	"久留里市場"@ja	<http://dbpedia.org/ontology/Place>	<http://ja.dbpedia.org/property/subdivisionName>	"subdivision name"@ja	<http://ja.wikipedia.org/wiki/久留里市場>	<http://wikidata.dbpedia.org/resource/Q11369558>
<http://ja.dbpedia.org/resource/久留里市場>	"久留里市場"@ja	<http://dbpedia.org/ontology/Settlement>	<http://ja.dbpedia.org/property/subdivisionName>	"subdivision name"@ja	<http://ja.wikipedia.org/wiki/久留里市場>	<http://wikidata.dbpedia.org/resource/Q11369558>
<http://ja.dbpedia.org/resource/久留里市場>	"久留里市場"@ja	<http://dbpedia.org/ontology/PopulatedPlace>	<http://ja.dbpedia.org/property/subdivisionName>	"subdivision name"@ja	<http://ja.wikipedia.org/wiki/久留里市場>	<http://wikidata.dbpedia.org/resource/Q11369558>
<http://ja.dbpedia.org/resource/久留里市場>	"久留里市場"@ja	<http://dbpedia.org/ontology/Location>	<http://ja.dbpedia.org/property/subdivisionName>	"subdivision name"@ja	<http://ja.wikipedia.org/wiki/久留里市場>	<http://wikidata.dbpedia.org/resource/Q11369558>
<http://ja.dbpedia.org/resource/人見_(君津市)>	"人見 (君津市)"@ja	<http://dbpedia.org/ontology/Place>	<http://ja.dbpedia.org/property/subdivisionName>	"subdivision name"@ja	<http://ja.wikipedia.org/wiki/人見_(君津市)>	<http://wikidata.dbpedia.org/resource/Q18338987>
<http://ja.dbpedia.org/resource/人見_(君津市)>	"人見 (君津市)"@ja	<http://dbpedia.org/ontology/Settlement>	<http://ja.dbpedia.org/property/subdivisionName>	"subdivision name"@ja	<http://ja.wikipedia.org/wiki/人見_(君津市)>	<http://wikidata.dbpedia.org/resource/Q18338987>
<http://ja.dbpedia.org/resource/人見_(君津市)>	"人見 (君津市)"@ja	<http://dbpedia.org/ontology/PopulatedPlace>	<http://ja.dbpedia.org/property/subdivisionName>	"subdivision name"@ja	<http://ja.wikipedia.org/wiki/人見_(君津市)>	<http://wikidata.dbpedia.org/resource/Q18338987>
<http://ja.dbpedia.org/resource/人見_(君津市)>	"人見 (君津市)"@ja	<http://dbpedia.org/ontology/Location>	<http://ja.dbpedia.org/property/subdivisionName>	"subdivision name"@ja	<http://ja.wikipedia.org/wiki/人見_(君津市)>	<http://wikidata.dbpedia.org/resource/Q18338987>
<http://ja.dbpedia.org/resource/作木>	"作木"@ja	<http://dbpedia.org/ontology/Settlement>	<http://ja.dbpedia.org/property/subdivisionName>	"subdivision name"@ja	<http://ja.wikipedia.org/wiki/作木>	<http://wikidata.dbpedia.org/resource/Q97609911>
<http://ja.dbpedia.org/resource/作木>	"作木"@ja	<http://dbpedia.org/ontology/Place>	<http://ja.dbpedia.org/property/subdivisionName>	"subdivision name"@ja	<http://ja.wikipedia.org/wiki/作木>	<http://wikidata.dbpedia.org/resource/Q97609911>
<http://ja.dbpedia.org/resource/作木>	"作木"@ja	<http://dbpedia.org/ontology/Location>	<http://ja.dbpedia.org/property/subdivisionName>	"subdivision name"@ja	<http://ja.wikipedia.org/wiki/作木>	<http://wikidata.dbpedia.org/resource/Q97609911>
<http://ja.dbpedia.org/resource/作木>	"作木"@ja	<http://dbpedia.org/ontology/PopulatedPlace>	<http://ja.dbpedia.org/property/subdivisionName>	"subdivision name"@ja	<http://ja.wikipedia.org/wiki/作木>	<http://wikidata.dbpedia.org/resource/Q97609911>
<http://ja.dbpedia.org/resource/八幡_(君津市)>	"八幡 (君津市)"@ja	<http://dbpedia.org/ontology/Place>	<http://ja.dbpedia.org/property/subdivisionName>	"subdivision name"@ja	<http://ja.wikipedia.org/wiki/八幡_(君津市)>	<http://wikidata.dbpedia.org/resource/Q21655072>
<http://ja.dbpedia.org/resource/八幡_(君津市)>	"八幡 (君津市)"@ja	<http://dbpedia.org/ontology/Settlement>	<http://ja.dbpedia.org/property/subdivisionName>	"subdivision name"@ja	<http://ja.wikipedia.org/wiki/八幡_(君津市)>	<http://wikidata.dbpedia.org/resource/Q21655072>
<http://ja.dbpedia.org/resource/八幡_(君津市)>	"八幡 (君津市)"@ja	<http://dbpedia.org/ontology/PopulatedPlace>	<http://ja.dbpedia.org/property/subdivisionName>	"subdivision name"@ja	<http://ja.wikipedia.org/wiki/八幡_(君津市)>	<http://wikidata.dbpedia.org/resource/Q21655072>
<http://ja.dbpedia.org/resource/八幡_(君津市)>	"八幡 (君津市)"@ja	<http://dbpedia.org/ontology/Location>	<http://ja.dbpedia.org/property/subdivisionName>	"subdivision name"@ja	<http://ja.wikipedia.org/wiki/八幡_(君津市)>	<http://wikidata.dbpedia.org/resource/Q21655072>
<http://ja.dbpedia.org/resource/八重原_(君津市)>	"八重原 (君津市)"@ja	<http://dbpedia.org/ontology/Settlement>	<http://ja.dbpedia.org/property/subdivisionName>	"subdivision name"@ja	<http://ja.wikipedia.org/wiki/八重原_(君津市)>	<http://wikidata.dbpedia.org/resource/Q28691467>
<http://ja.dbpedia.org/resource/八重原_(君津市)>	"八重原 (君津市)"@ja	<http://dbpedia.org/ontology/Place>	<http://ja.dbpedia.org/property/subdivisionName>	"subdivision name"@ja	<http://ja.wikipedia.org/wiki/八重原_(君津市)>	<http://wikidata.dbpedia.org/resource/Q28691467>
<http://ja.dbpedia.org/resource/八重原_(君津市)>	"八重原 (君津市)"@ja	<http://dbpedia.org/ontology/Location>	<http://ja.dbpedia.org/property/subdivisionName>	"subdivision name"@ja	<http://ja.wikipedia.org/wiki/八重原_(君津市)>	<http://wikidata.dbpedia.org/resource/Q28691467>
<http://ja.dbpedia.org/resource/八重原_(君津市)>	"八重原 (君津市)"@ja	<http://dbpedia.org/ontology/PopulatedPlace>	<http://ja.dbpedia.org/property/subdivisionName>	"subdivision name"@ja	<http://ja.wikipedia.org/wiki/八重原_(君津市)>	<http://wikidata.dbpedia.org/resource/Q28691467>
<http://ja.dbpedia.org/resource/六手>	"六手"@ja	<http://dbpedia.org/ontology/Place>	<http://ja.dbpedia.org/property/subdivisionName>	"subdivision name"@ja	<http://ja.wikipedia.org/wiki/六手>	<http://wikidata.dbpedia.org/resource/Q76098549>
<http://ja.dbpedia.org/resource/六手>	"六手"@ja	<http://dbpedia.org/ontology/Settlement>	<http://ja.dbpedia.org/property/subdivisionName>	"subdivision name"@ja	<http://ja.wikipedia.org/wiki/六手>	<http://wikidata.dbpedia.org/resource/Q76098549>
<http://ja.dbpedia.org/resource/六手>	"六手"@ja	<http://dbpedia.org/ontology/Location>	<http://ja.dbpedia.org/property/subdivisionName>	"subdivision name"@ja	<http://ja.wikipedia.org/wiki/六手>	<http://wikidata.dbpedia.org/resource/Q76098549>
<http://ja.dbpedia.org/resource/六手>	"六手"@ja	<http://dbpedia.org/ontology/PopulatedPlace>	<http://ja.dbpedia.org/property/subdivisionName>	"subdivision name"@ja	<http://ja.wikipedia.org/wiki/六手>	<http://wikidata.dbpedia.org/resource/Q76098549>
<http://ja.dbpedia.org/resource/内蓑輪>	"内蓑輪"@ja	<http://dbpedia.org/ontology/Place>	<http://ja.dbpedia.org/property/subdivisionName>	"subdivision name"@ja	<http://ja.wikipedia.org/wiki/内蓑輪>	<http://wikidata.dbpedia.org/resource/Q28682625>
<http://ja.dbpedia.org/resource/内蓑輪>	"内蓑輪"@ja	<http://dbpedia.org/ontology/Settlement>	<http://ja.dbpedia.org/property/subdivisionName>	"subdivision name"@ja	<http://ja.wikipedia.org/wiki/内蓑輪>	<http://wikidata.dbpedia.org/resource/Q28682625>
<http://ja.dbpedia.org/resource/内蓑輪>	"内蓑輪"@ja	<http://dbpedia.org/ontology/PopulatedPlace>	<http://ja.dbpedia.org/property/subdivisionName>	"subdivision name"@ja	<http://ja.wikipedia.org/wiki/内蓑輪>	<http://wikidata.dbpedia.org/resource/Q28682625>
<http://ja.dbpedia.org/resource/内蓑輪>	"内蓑輪"@ja	<http://dbpedia.org/ontology/Location>	<http://ja.dbpedia.org/property/subdivisionName>	"subdivision name"@ja	<http://ja.wikipedia.org/wiki/内蓑輪>	<http://wikidata.dbpedia.org/resource/Q28682625>
<http://ja.dbpedia.org/resource/北久保_(君津市)>	"北久保 (君津市)"@ja	<http://dbpedia.org/ontology/Settlement>	<http://ja.dbpedia.org/property/subdivisionName>	"subdivision name"@ja	<http://ja.wikipedia.org/wiki/北久保_(君津市)>	<http://wikidata.dbpedia.org/resource/Q21652923>
<http://ja.dbpedia.org/resource/北久保_(君津市)>	"北久保 (君津市)"@ja	<http://dbpedia.org/ontology/Place>	<http://ja.dbpedia.org/property/subdivisionName>	"subdivision name"@ja	<http://ja.wikipedia.org/wiki/北久保_(君津市)>	<http://wikidata.dbpedia.org/resource/Q21652923>
<http://ja.dbpedia.org/resource/北久保_(君津市)>	"北久保 (君津市)"@ja	<http://dbpedia.org/ontology/Location>	<http://ja.dbpedia.org/property/subdivisionName>	"subdivision name"@ja	<http://ja.wikipedia.org/wiki/北久保_(君津市)>	<http://wikidata.dbpedia.org/resource/Q21652923>
<http://ja.dbpedia.org/resource/北久保_(君津市)>	"北久保 (君津市)"@ja	<http://dbpedia.org/ontology/PopulatedPlace>	<http://ja.dbpedia.org/property/subdivisionName>	"subdivision name"@ja	<http://ja.wikipedia.org/wiki/北久保_(君津市)>	<http://wikidata.dbpedia.org/resource/Q21652923>
<http://ja.dbpedia.org/resource/北子安>	"北子安"@ja	<http://dbpedia.org/ontology/PopulatedPlace>	<http://ja.dbpedia.org/property/subdivisionName>	"subdivision name"@ja	<http://ja.wikipedia.org/wiki/北子安>	<http://wikidata.dbpedia.org/resource/Q24863021>
<http://ja.dbpedia.org/resource/北子安>	"北子安"@ja	<http://dbpedia.org/ontology/Location>	<http://ja.dbpedia.org/property/subdivisionName>	"subdivision name"@ja	<http://ja.wikipedia.org/wiki/北子安>	<http://wikidata.dbpedia.org/resource/Q24863021>
<http://ja.dbpedia.org/resource/北子安>	"北子安"@ja	<http://dbpedia.org/ontology/Settlement>	<http://ja.dbpedia.org/property/subdivisionName>	"subdivision name"@ja	<http://ja.wikipedia.org/wiki/北子安>	<http://wikidata.dbpedia.org/resource/Q24863021>
<http://ja.dbpedia.org/resource/北子安>	"北子安"@ja	<http://dbpedia.org/ontology/Place>	<http://ja.dbpedia.org/property/subdivisionName>	"subdivision name"@ja	<http://ja.wikipedia.org/wiki/北子安>	<http://wikidata.dbpedia.org/resource/Q24863021>
<http://ja.dbpedia.org/resource/南久保_(君津市)>	"南久保 (君津市)"@ja	<http://dbpedia.org/ontology/Place>	<http://ja.dbpedia.org/property/subdivisionName>	"subdivision name"@ja	<http://ja.wikipedia.org/wiki/南久保_(君津市)>	<http://wikidata.dbpedia.org/resource/Q21654828>
<http://ja.dbpedia.org/resource/南久保_(君津市)>	"南久保 (君津市)"@ja	<http://dbpedia.org/ontology/Settlement>	<http://ja.dbpedia.org/property/subdivisionName>	"subdivision name"@ja	<http://ja.wikipedia.org/wiki/南久保_(君津市)>	<http://wikidata.dbpedia.org/resource/Q21654828>
<http://ja.dbpedia.org/resource/南久保_(君津市)>	"南久保 (君津市)"@ja	<http://dbpedia.org/ontology/PopulatedPlace>	<http://ja.dbpedia.org/property/subdivisionName>	"subdivision name"@ja	<http://ja.wikipedia.org/wiki/南久保_(君津市)>	<http://wikidata.dbpedia.org/resource/Q21654828>
<http://ja.dbpedia.org/resource/南久保_(君津市)>	"南久保 (君津市)"@ja	<http://dbpedia.org/ontology/Location>	<http://ja.dbpedia.org/property/subdivisionName>	"subdivision name"@ja	<http://ja.wikipedia.org/wiki/南久保_(君津市)>	<http://wikidata.dbpedia.org/resource/Q21654828>
<http://ja.dbpedia.org/resource/南子安>	"南子安"@ja	<http://dbpedia.org/ontology/Place>	<http://ja.dbpedia.org/property/subdivisionName>	"subdivision name"@ja	<http://ja.wikipedia.org/wiki/南子安>	<http://wikidata.dbpedia.org/resource/Q24863172>
<http://ja.dbpedia.org/resource/南子安>	"南子安"@ja	<http://dbpedia.org/ontology/Settlement>	<http://ja.dbpedia.org/property/subdivisionName>	"subdivision name"@ja	<http://ja.wikipedia.org/wiki/南子安>	<http://wikidata.dbpedia.org/resource/Q24863172>
<http://ja.dbpedia.org/resource/南子安>	"南子安"@ja	<http://dbpedia.org/ontology/PopulatedPlace>	<http://ja.dbpedia.org/property/subdivisionName>	"subdivision name"@ja	<http://ja.wikipedia.org/wiki/南子安>	<http://wikidata.dbpedia.org/resource/Q24863172>
<http://ja.dbpedia.org/resource/南子安>	"南子安"@ja	<http://dbpedia.org/ontology/Location>	<http://ja.dbpedia.org/property/subdivisionName>	"subdivision name"@ja	<http://ja.wikipedia.org/wiki/南子安>	<http://wikidata.dbpedia.org/resource/Q24863172>
<http://ja.dbpedia.org/resource/台_(君津市)>	"台 (君津市)"@ja	<http://dbpedia.org/ontology/Settlement>	<http://ja.dbpedia.org/property/subdivisionName>	"subdivision name"@ja	<http://ja.wikipedia.org/wiki/台_(君津市)>	<http://wikidata.dbpedia.org/resource/Q21653405>
<http://ja.dbpedia.org/resource/台_(君津市)>	"台 (君津市)"@ja	<http://dbpedia.org/ontology/Place>	<http://ja.dbpedia.org/property/subdivisionName>	"subdivision name"@ja	<http://ja.wikipedia.org/wiki/台_(君津市)>	<http://wikidata.dbpedia.org/resource/Q21653405>
<http://ja.dbpedia.org/resource/台_(君津市)>	"台 (君津市)"@ja	<http://dbpedia.org/ontology/Location>	<http://ja.dbpedia.org/property/subdivisionName>	"subdivision name"@ja	<http://ja.wikipedia.org/wiki/台_(君津市)>	<http://wikidata.dbpedia.org/resource/Q21653405>
<http://ja.dbpedia.org/resource/台_(君津市)>	"台 (君津市)"@ja	<http://dbpedia.org/ontology/PopulatedPlace>	<http://ja.dbpedia.org/property/subdivisionName>	"subdivision name"@ja	<http://ja.wikipedia.org/wiki/台_(君津市)>	<http://wikidata.dbpedia.org/resource/Q21653405>
<http://ja.dbpedia.org/resource/君津_(君津市)>	"君津 (君津市)"@ja	<http://dbpedia.org/ontology/Place>	<http://ja.dbpedia.org/property/subdivisionName>	"subdivision name"@ja	<http://ja.wikipedia.org/wiki/君津_(君津市)>	<http://wikidata.dbpedia.org/resource/Q21652939>
<http://ja.dbpedia.org/resource/君津_(君津市)>	"君津 (君津市)"@ja	<http://dbpedia.org/ontology/Settlement>	<http://ja.dbpedia.org/property/subdivisionName>	"subdivision name"@ja	<http://ja.wikipedia.org/wiki/君津_(君津市)>	<http://wikidata.dbpedia.org/resource/Q21652939>
<http://ja.dbpedia.org/resource/君津_(君津市)>	"君津 (君津市)"@ja	<http://dbpedia.org/ontology/PopulatedPlace>	<http://ja.dbpedia.org/property/subdivisionName>	"subdivision name"@ja	<http://ja.wikipedia.org/wiki/君津_(君津市)>	<http://wikidata.dbpedia.org/resource/Q21652939>
<http://ja.dbpedia.org/resource/君津_(君津市)>	"君津 (君津市)"@ja	<http://dbpedia.org/ontology/Location>	<http://ja.dbpedia.org/property/subdivisionName>	"subdivision name"@ja	<http://ja.wikipedia.org/wiki/君津_(君津市)>	<http://wikidata.dbpedia.org/resource/Q21652939>
<http://ja.dbpedia.org/resource/君津台>	"君津台"@ja	<http://dbpedia.org/ontology/Settlement>	<http://ja.dbpedia.org/property/subdivisionName>	"subdivision name"@ja	<http://ja.wikipedia.org/wiki/君津台>	<http://wikidata.dbpedia.org/resource/Q21652942>
<http://ja.dbpedia.org/resource/君津台>	"君津台"@ja	<http://dbpedia.org/ontology/Place>	<http://ja.dbpedia.org/property/subdivisionName>	"subdivision name"@ja	<http://ja.wikipedia.org/wiki/君津台>	<http://wikidata.dbpedia.org/resource/Q21652942>
<http://ja.dbpedia.org/resource/君津台>	"君津台"@ja	<http://dbpedia.org/ontology/Location>	<http://ja.dbpedia.org/property/subdivisionName>	"subdivision name"@ja	<http://ja.wikipedia.org/wiki/君津台>	<http://wikidata.dbpedia.org/resource/Q21652942>
<http://ja.dbpedia.org/resource/君津台>	"君津台"@ja	<http://dbpedia.org/ontology/PopulatedPlace>	<http://ja.dbpedia.org/property/subdivisionName>	"subdivision name"@ja	<http://ja.wikipedia.org/wiki/君津台>	<http://wikidata.dbpedia.org/resource/Q21652942>
<http://ja.dbpedia.org/resource/君津市立君津中学校>	"君津市立君津中学校"@ja	<http://dbpedia.org/ontology/EducationalInstitution>	<http://ja.dbpedia.org/property/設置者>	"設置者"@ja	<http://ja.wikipedia.org/wiki/君津市立君津中学校>	<http://wikidata.dbpedia.org/resource/Q28688505>
<http://ja.dbpedia.org/resource/君津市立君津中学校>	"君津市立君津中学校"@ja	<http://dbpedia.org/ontology/School>	<http://ja.dbpedia.org/property/設置者>	"設置者"@ja	<http://ja.wikipedia.org/wiki/君津市立君津中学校>	<http://wikidata.dbpedia.org/resource/Q28688505>
<http://ja.dbpedia.org/resource/君津市立君津中学校>	"君津市立君津中学校"@ja	<http://dbpedia.org/ontology/Agent>	<http://ja.dbpedia.org/property/設置者>	"設置者"@ja	<http://ja.wikipedia.org/wiki/君津市立君津中学校>	<http://wikidata.dbpedia.org/resource/Q28688505>
<http://ja.dbpedia.org/resource/君津市立君津中学校>	"君津市立君津中学校"@ja	<http://dbpedia.org/ontology/Organisation>	<http://ja.dbpedia.org/property/設置者>	"設置者"@ja	<http://ja.wikipedia.org/wiki/君津市立君津中学校>	<http://wikidata.dbpedia.org/resource/Q28688505>
<http://ja.dbpedia.org/resource/君津市立周東中学校>	"君津市立周東中学校"@ja	<http://dbpedia.org/ontology/EducationalInstitution>	<http://ja.dbpedia.org/property/設置者>	"設置者"@ja	<http://ja.wikipedia.org/wiki/君津市立周東中学校>	<http://wikidata.dbpedia.org/resource/Q80607602>
<http://ja.dbpedia.org/resource/君津市立周東中学校>	"君津市立周東中学校"@ja	<http://dbpedia.org/ontology/School>	<http://ja.dbpedia.org/property/設置者>	"設置者"@ja	<http://ja.wikipedia.org/wiki/君津市立周東中学校>	<http://wikidata.dbpedia.org/resource/Q80607602>
<http://ja.dbpedia.org/resource/君津市立周東中学校>	"君津市立周東中学校"@ja	<http://dbpedia.org/ontology/Organisation>	<http://ja.dbpedia.org/property/設置者>	"設置者"@ja	<http://ja.wikipedia.org/wiki/君津市立周東中学校>	<http://wikidata.dbpedia.org/resource/Q80607602>
<http://ja.dbpedia.org/resource/君津市立周東中学校>	"君津市立周東中学校"@ja	<http://dbpedia.org/ontology/Agent>	<http://ja.dbpedia.org/property/設置者>	"設置者"@ja	<http://ja.wikipedia.org/wiki/君津市立周東中学校>	<http://wikidata.dbpedia.org/resource/Q80607602>
<http://ja.dbpedia.org/resource/君津市立周西中学校>	"君津市立周西中学校"@ja	<http://dbpedia.org/ontology/School>	<http://ja.dbpedia.org/property/設置者>	"設置者"@ja	<http://ja.wikipedia.org/wiki/君津市立周西中学校>	<http://wikidata.dbpedia.org/resource/Q28688759>
<http://ja.dbpedia.org/resource/君津市立周西中学校>	"君津市立周西中学校"@ja	<http://dbpedia.org/ontology/EducationalInstitution>	<http://ja.dbpedia.org/property/設置者>	"設置者"@ja	<http://ja.wikipedia.org/wiki/君津市立周西中学校>	<http://wikidata.dbpedia.org/resource/Q28688759>
<http://ja.dbpedia.org/resource/君津市立周西中学校>	"君津市立周西中学校"@ja	<http://dbpedia.org/ontology/Agent>	<http://ja.dbpedia.org/property/設置者>	"設置者"@ja	<http://ja.wikipedia.org/wiki/君津市立周西中学校>	<http://wikidata.dbpedia.org/resource/Q28688759>
<http://ja.dbpedia.org/resource/君津市立周西中学校>	"君津市立周西中学校"@ja	<http://dbpedia.org/ontology/Organisation>	<http://ja.dbpedia.org/property/設置者>	"設置者"@ja	<http://ja.wikipedia.org/wiki/君津市立周西中学校>	<http://wikidata.dbpedia.org/resource/Q28688759>
<http://ja.dbpedia.org/resource/君津市立周西小学校>	"君津市立周西小学校"@ja	<http://dbpedia.org/ontology/EducationalInstitution>	<http://ja.dbpedia.org/property/設置者>	"設置者"@ja	<http://ja.wikipedia.org/wiki/君津市立周西小学校>	<http://wikidata.dbpedia.org/resource/Q21652941>
<http://ja.dbpedia.org/resource/君津市立周西小学校>	"君津市立周西小学校"@ja	<http://dbpedia.org/ontology/School>	<http://ja.dbpedia.org/property/設置者>	"設置者"@ja	<http://ja.wikipedia.org/wiki/君津市立周西小学校>	<http://wikidata.dbpedia.org/resource/Q21652941>
<http://ja.dbpedia.org/resource/君津市立周西小学校>	"君津市立周西小学校"@ja	<http://dbpedia.org/ontology/Organisation>	<http://ja.dbpedia.org/property/設置者>	"設置者"@ja	<http://ja.wikipedia.org/wiki/君津市立周西小学校>	<http://wikidata.dbpedia.org/resource/Q21652941>
<http://ja.dbpedia.org/resource/君津市立周西小学校>	"君津市立周西小学校"@ja	<http://dbpedia.org/ontology/Agent>	<http://ja.dbpedia.org/property/設置者>	"設置者"@ja	<http://ja.wikipedia.org/wiki/君津市立周西小学校>	<http://wikidata.dbpedia.org/resource/Q21652941>
<http://ja.dbpedia.org/resource/君津市立坂田小学校>	"君津市立坂田小学校"@ja	<http://dbpedia.org/ontology/School>	<http://ja.dbpedia.org/property/設置者>	"設置者"@ja	<http://ja.wikipedia.org/wiki/君津市立坂田小学校>	<http://wikidata.dbpedia.org/resource/Q21652940>
<http://ja.dbpedia.org/resource/君津市立坂田小学校>	"君津市立坂田小学校"@ja	<http://dbpedia.org/ontology/EducationalInstitution>	<http://ja.dbpedia.org/property/設置者>	"設置者"@ja	<http://ja.wikipedia.org/wiki/君津市立坂田小学校>	<http://wikidata.dbpedia.org/resource/Q21652940>
<http://ja.dbpedia.org/resource/君津市立坂田小学校>	"君津市立坂田小学校"@ja	<http://dbpedia.org/ontology/Agent>	<http://ja.dbpedia.org/property/設置者>	"設置者"@ja	<http://ja.wikipedia.org/wiki/君津市立坂田小学校>	<http://wikidata.dbpedia.org/resource/Q21652940>
<http://ja.dbpedia.org/resource/君津市立坂田小学校>	"君津市立坂田小学校"@ja	<http://dbpedia.org/ontology/Organisation>	<http://ja.dbpedia.org/property/設置者>	"設置者"@ja	<http://ja.wikipedia.org/wiki/君津市立坂田小学校>	<http://wikidata.dbpedia.org/resource/Q21652940>
<http://ja.dbpedia.org/resource/君津市立大和田小学校>	"君津市立大和田小学校"@ja	<http://dbpedia.org/ontology/EducationalInstitution>	<http://ja.dbpedia.org/property/設置者>	"設置者"@ja	<http://ja.wikipedia.org/wiki/君津市立大和田小学校>	<http://wikidata.dbpedia.org/resource/Q11416392>
<http://ja.dbpedia.org/resource/君津市立大和田小学校>	"君津市立大和田小学校"@ja	<http://dbpedia.org/ontology/School>	<http://ja.dbpedia.org/property/設置者>	"設置者"@ja	<http://ja.wikipedia.org/wiki/君津市立大和田小学校>	<http://wikidata.dbpedia.org/resource/Q11416392>
<http://ja.dbpedia.org/resource/君津市立大和田小学校>	"君津市立大和田小学校"@ja	<http://dbpedia.org/ontology/Agent>	<http://ja.dbpedia.org/property/設置者>	"設置者"@ja	<http://ja.wikipedia.org/wiki/君津市立大和田小学校>	<http://wikidata.dbpedia.org/resource/Q11416392>
<http://ja.dbpedia.org/resource/君津市立大和田小学校>	"君津市立大和田小学校"@ja	<http://dbpedia.org/ontology/Organisation>	<http://ja.dbpedia.org/property/設置者>	"設置者"@ja	<http://ja.wikipedia.org/wiki/君津市立大和田小学校>	<http://wikidata.dbpedia.org/resource/Q11416392>
<http://ja.dbpedia.org/resource/君津市立清和小学校>	"君津市立清和小学校"@ja	<http://dbpedia.org/ontology/EducationalInstitution>	<http://ja.dbpedia.org/property/設置者>	"設置者"@ja	<http://ja.wikipedia.org/wiki/君津市立清和小学校>	<http://wikidata.dbpedia.org/resource/Q106512706>
<http://ja.dbpedia.org/resource/君津市立清和小学校>	"君津市立清和小学校"@ja	<http://dbpedia.org/ontology/School>	<http://ja.dbpedia.org/property/設置者>	"設置者"@ja	<http://ja.wikipedia.org/wiki/君津市立清和小学校>	<http://wikidata.dbpedia.org/resource/Q106512706>
<http://ja.dbpedia.org/resource/君津市立清和小学校>	"君津市立清和小学校"@ja	<http://dbpedia.org/ontology/Agent>	<http://ja.dbpedia.org/property/設置者>	"設置者"@ja	<http://ja.wikipedia.org/wiki/君津市立清和小学校>	<http://wikidata.dbpedia.org/resource/Q106512706>
<http://ja.dbpedia.org/resource/君津市立清和小学校>	"君津市立清和小学校"@ja	<http://dbpedia.org/ontology/Organisation>	<http://ja.dbpedia.org/property/設置者>	"設置者"@ja	<http://ja.wikipedia.org/wiki/君津市立清和小学校>	<http://wikidata.dbpedia.org/resource/Q106512706>
<http://ja.dbpedia.org/resource/国道465号>	"国道465号"@ja	<http://dbpedia.org/ontology/RouteOfTransportation>	<http://ja.dbpedia.org/property/cities>	"cities"@ja	<http://ja.wikipedia.org/wiki/国道465号>	<http://wikidata.dbpedia.org/resource/Q6157622>
<http://ja.dbpedia.org/resource/国道465号>	"国道465号"@ja	<http://dbpedia.org/ontology/Infrastructure>	<http://ja.dbpedia.org/property/cities>	"cities"@ja	<http://ja.wikipedia.org/wiki/国道465号>	<http://wikidata.dbpedia.org/resource/Q6157622>
<http://ja.dbpedia.org/resource/国道465号>	"国道465号"@ja	<http://dbpedia.org/ontology/Road>	<http://ja.dbpedia.org/property/cities>	"cities"@ja	<http://ja.wikipedia.org/wiki/国道465号>	<http://wikidata.dbpedia.org/resource/Q6157622>
<http://ja.dbpedia.org/resource/国道465号>	"国道465号"@ja	<http://dbpedia.org/ontology/ArchitecturalStructure>	<http://ja.dbpedia.org/property/cities>	"cities"@ja	<http://ja.wikipedia.org/wiki/国道465号>	<http://wikidata.dbpedia.org/resource/Q6157622>
<http://ja.dbpedia.org/resource/坂田_(君津市)>	"坂田 (君津市)"@ja	<http://dbpedia.org/ontology/Place>	<http://ja.dbpedia.org/property/subdivisionName>	"subdivision name"@ja	<http://ja.wikipedia.org/wiki/坂田_(君津市)>	<http://wikidata.dbpedia.org/resource/Q84068434>
<http://ja.dbpedia.org/resource/坂田_(君津市)>	"坂田 (君津市)"@ja	<http://dbpedia.org/ontology/Settlement>	<http://ja.dbpedia.org/property/subdivisionName>	"subdivision name"@ja	<http://ja.wikipedia.org/wiki/坂田_(君津市)>	<http://wikidata.dbpedia.org/resource/Q84068434>
<http://ja.dbpedia.org/resource/坂田_(君津市)>	"坂田 (君津市)"@ja	<http://dbpedia.org/ontology/Location>	<http://ja.dbpedia.org/property/subdivisionName>	"subdivision name"@ja	<http://ja.wikipedia.org/wiki/坂田_(君津市)>	<http://wikidata.dbpedia.org/resource/Q84068434>
<http://ja.dbpedia.org/resource/坂田_(君津市)>	"坂田 (君津市)"@ja	<http://dbpedia.org/ontology/PopulatedPlace>	<http://ja.dbpedia.org/property/subdivisionName>	"subdivision name"@ja	<http://ja.wikipedia.org/wiki/坂田_(君津市)>	<http://wikidata.dbpedia.org/resource/Q84068434>
<http://ja.dbpedia.org/resource/外箕輪>	"外箕輪"@ja	<http://dbpedia.org/ontology/Place>	<http://ja.dbpedia.org/property/subdivisionName>	"subdivision name"@ja	<http://ja.wikipedia.org/wiki/外箕輪>	<http://wikidata.dbpedia.org/resource/Q28683121>
<http://ja.dbpedia.org/resource/外箕輪>	"外箕輪"@ja	<http://dbpedia.org/ontology/Settlement>	<http://ja.dbpedia.org/property/subdivisionName>	"subdivision name"@ja	<http://ja.wikipedia.org/wiki/外箕輪>	<http://wikidata.dbpedia.org/resource/Q28683121>
<http://ja.dbpedia.org/resource/外箕輪>	"外箕輪"@ja	<http://dbpedia.org/ontology/PopulatedPlace>	<http://ja.dbpedia.org/property/subdivisionName>	"subdivision name"@ja	<http://ja.wikipedia.org/wiki/外箕輪>	<http://wikidata.dbpedia.org/resource/Q28683121>
<http://ja.dbpedia.org/resource/外箕輪>	"外箕輪"@ja	<http://dbpedia.org/ontology/Location>	<http://ja.dbpedia.org/property/subdivisionName>	"subdivision name"@ja	<http://ja.wikipedia.org/wiki/外箕輪>	<http://wikidata.dbpedia.org/resource/Q28683121>
<http://ja.dbpedia.org/resource/大和田_(君津市)>	"大和田 (君津市)"@ja	<http://dbpedia.org/ontology/Place>	<http://ja.dbpedia.org/property/subdivisionName>	"subdivision name"@ja	<http://ja.wikipedia.org/wiki/大和田_(君津市)>	<http://wikidata.dbpedia.org/resource/Q17989690>
<http://ja.dbpedia.org/resource/大和田_(君津市)>	"大和田 (君津市)"@ja	<http://dbpedia.org/ontology/Settlement>	<http://ja.dbpedia.org/property/subdivisionName>	"subdivision name"@ja	<http://ja.wikipedia.org/wiki/大和田_(君津市)>	<http://wikidata.dbpedia.org/resource/Q17989690>
<http://ja.dbpedia.org/resource/大和田_(君津市)>	"大和田 (君津市)"@ja	<http://dbpedia.org/ontology/PopulatedPlace>	<http://ja.dbpedia.org/property/subdivisionName>	"subdivision name"@ja	<http://ja.wikipedia.org/wiki/大和田_(君津市)>	<http://wikidata.dbpedia.org/resource/Q17989690>
<http://ja.dbpedia.org/resource/大和田_(君津市)>	"大和田 (君津市)"@ja	<http://dbpedia.org/ontology/Location>	<http://ja.dbpedia.org/property/subdivisionName>	"subdivision name"@ja	<http://ja.wikipedia.org/wiki/大和田_(君津市)>	<http://wikidata.dbpedia.org/resource/Q17989690>
<http://ja.dbpedia.org/resource/大多喜町>	"大多喜町"@ja	<http://dbpedia.org/ontology/City>	<http://ja.dbpedia.org/property/隣接自治体>	"隣接自治体"@ja	<http://ja.wikipedia.org/wiki/大多喜町>	<http://wikidata.dbpedia.org/resource/Q1346191>
<http://ja.dbpedia.org/resource/大多喜町>	"大多喜町"@ja	<http://dbpedia.org/ontology/Place>	<http://ja.dbpedia.org/property/隣接自治体>	"隣接自治体"@ja	<http://ja.wikipedia.org/wiki/大多喜町>	<http://wikidata.dbpedia.org/resource/Q1346191>
<http://ja.dbpedia.org/resource/大多喜町>	"大多喜町"@ja	<http://dbpedia.org/ontology/Location>	<http://ja.dbpedia.org/property/隣接自治体>	"隣接自治体"@ja	<http://ja.wikipedia.org/wiki/大多喜町>	<http://wikidata.dbpedia.org/resource/Q1346191>
<http://ja.dbpedia.org/resource/大多喜町>	"大多喜町"@ja	<http://dbpedia.org/ontology/PopulatedPlace>	<http://ja.dbpedia.org/property/隣接自治体>	"隣接自治体"@ja	<http://ja.wikipedia.org/wiki/大多喜町>	<http://wikidata.dbpedia.org/resource/Q1346191>
<http://ja.dbpedia.org/resource/大多喜町>	"大多喜町"@ja	<http://dbpedia.org/ontology/Settlement>	<http://ja.dbpedia.org/property/隣接自治体>	"隣接自治体"@ja	<http://ja.wikipedia.org/wiki/大多喜町>	<http://wikidata.dbpedia.org/resource/Q1346191>
<http://ja.dbpedia.org/resource/大山野>	"大山野"@ja	<http://dbpedia.org/ontology/Place>	<http://ja.dbpedia.org/property/subdivisionName>	"subdivision name"@ja	<http://ja.wikipedia.org/wiki/大山野>	<http://wikidata.dbpedia.org/resource/Q87162847>
<http://ja.dbpedia.org/resource/大山野>	"大山野"@ja	<http://dbpedia.org/ontology/Settlement>	<http://ja.dbpedia.org/property/subdivisionName>	"subdivision name"@ja	<http://ja.wikipedia.org/wiki/大山野>	<http://wikidata.dbpedia.org/resource/Q87162847>
<http://ja.dbpedia.org/resource/大山野>	"大山野"@ja	<http://dbpedia.org/ontology/Location>	<http://ja.dbpedia.org/property/subdivisionName>	"subdivision name"@ja	<http://ja.wikipedia.org/wiki/大山野>	<http://wikidata.dbpedia.org/resource/Q87162847>
<http://ja.dbpedia.org/resource/大山野>	"大山野"@ja	<http://dbpedia.org/ontology/PopulatedPlace>	<http://ja.dbpedia.org/property/subdivisionName>	"subdivision name"@ja	<http://ja.wikipedia.org/wiki/大山野>	<http://wikidata.dbpedia.org/resource/Q87162847>
<http://ja.dbpedia.org/resource/宮下_(君津市)>	"宮下 (君津市)"@ja	<http://dbpedia.org/ontology/Location>	<http://ja.dbpedia.org/property/subdivisionName>	"subdivision name"@ja	<http://ja.wikipedia.org/wiki/宮下_(君津市)>	<http://wikidata.dbpedia.org/resource/Q60988428>
<http://ja.dbpedia.org/resource/宮下_(君津市)>	"宮下 (君津市)"@ja	<http://dbpedia.org/ontology/PopulatedPlace>	<http://ja.dbpedia.org/property/subdivisionName>	"subdivision name"@ja	<http://ja.wikipedia.org/wiki/宮下_(君津市)>	<http://wikidata.dbpedia.org/resource/Q60988428>
<http://ja.dbpedia.org/resource/宮下_(君津市)>	"宮下 (君津市)"@ja	<http://dbpedia.org/ontology/Settlement>	<http://ja.dbpedia.org/property/subdivisionName>	"subdivision name"@ja	<http://ja.wikipedia.org/wiki/宮下_(君津市)>	<http://wikidata.dbpedia.org/resource/Q60988428>
<http://ja.dbpedia.org/resource/宮下_(君津市)>	"宮下 (君津市)"@ja	<http://dbpedia.org/ontology/Place>	<http://ja.dbpedia.org/property/subdivisionName>	"subdivision name"@ja	<http://ja.wikipedia.org/wiki/宮下_(君津市)>	<http://wikidata.dbpedia.org/resource/Q60988428>
<http://ja.dbpedia.org/resource/富津市>	"富津市"@ja	<http://dbpedia.org/ontology/Place>	<http://ja.dbpedia.org/property/隣接自治体>	"隣接自治体"@ja	<http://ja.wikipedia.org/wiki/富津市>	<http://wikidata.dbpedia.org/resource/Q498023>
<http://ja.dbpedia.org/resource/富津市>	"富津市"@ja	<http://dbpedia.org/ontology/City>	<http://ja.dbpedia.org/property/隣接自治体>	"隣接自治体"@ja	<http://ja.wikipedia.org/wiki/富津市>	<http://wikidata.dbpedia.org/resource/Q498023>
<http://ja.dbpedia.org/resource/富津市>	"富津市"@ja	<http://dbpedia.org/ontology/Settlement>	<http://ja.dbpedia.org/property/隣接自治体>	"隣接自治体"@ja	<http://ja.wikipedia.org/wiki/富津市>	<http://wikidata.dbpedia.org/resource/Q498023>
<http://ja.dbpedia.org/resource/富津市>	"富津市"@ja	<http://dbpedia.org/ontology/PopulatedPlace>	<http://ja.dbpedia.org/property/隣接自治体>	"隣接自治体"@ja	<http://ja.wikipedia.org/wiki/富津市>	<http://wikidata.dbpedia.org/resource/Q498023>
<http://ja.dbpedia.org/resource/富津市>	"富津市"@ja	<http://dbpedia.org/ontology/Location>	<http://ja.dbpedia.org/property/隣接自治体>	"隣接自治体"@ja	<http://ja.wikipedia.org/wiki/富津市>	<http://wikidata.dbpedia.org/resource/Q498023>
<http://ja.dbpedia.org/resource/小山野>	"小山野"@ja	<http://dbpedia.org/ontology/Settlement>	<http://ja.dbpedia.org/property/subdivisionName>	"subdivision name"@ja	<http://ja.wikipedia.org/wiki/小山野>	<http://wikidata.dbpedia.org/resource/Q96095367>
<http://ja.dbpedia.org/resource/小山野>	"小山野"@ja	<http://dbpedia.org/ontology/Place>	<http://ja.dbpedia.org/property/subdivisionName>	"subdivision name"@ja	<http://ja.wikipedia.org/wiki/小山野>	<http://wikidata.dbpedia.org/resource/Q96095367>
<http://ja.dbpedia.org/resource/小山野>	"小山野"@ja	<http://dbpedia.org/ontology/Location>	<http://ja.dbpedia.org/property/subdivisionName>	"subdivision name"@ja	<http://ja.wikipedia.org/wiki/小山野>	<http://wikidata.dbpedia.org/resource/Q96095367>
<http://ja.dbpedia.org/resource/小山野>	"小山野"@ja	<http://dbpedia.org/ontology/PopulatedPlace>	<http://ja.dbpedia.org/property/subdivisionName>	"subdivision name"@ja	<http://ja.wikipedia.org/wiki/小山野>	<http://wikidata.dbpedia.org/resource/Q96095367>
<http://ja.dbpedia.org/resource/小香>	"小香"@ja	<http://dbpedia.org/ontology/Location>	<http://ja.dbpedia.org/property/subdivisionName>	"subdivision name"@ja	<http://ja.wikipedia.org/wiki/小香>	<http://wikidata.dbpedia.org/resource/Q24875172>
<http://ja.dbpedia.org/resource/小香>	"小香"@ja	<http://dbpedia.org/ontology/PopulatedPlace>	<http://ja.dbpedia.org/property/subdivisionName>	"subdivision name"@ja	<http://ja.wikipedia.org/wiki/小香>	<http://wikidata.dbpedia.org/resource/Q24875172>
<http://ja.dbpedia.org/resource/小香>	"小香"@ja	<http://dbpedia.org/ontology/Settlement>	<http://ja.dbpedia.org/property/subdivisionName>	"subdivision name"@ja	<http://ja.wikipedia.org/wiki/小香>	<http://wikidata.dbpedia.org/resource/Q24875172>
<http://ja.dbpedia.org/resource/小香>	"小香"@ja	<http://dbpedia.org/ontology/Place>	<http://ja.dbpedia.org/property/subdivisionName>	"subdivision name"@ja	<http://ja.wikipedia.org/wiki/小香>	<http://wikidata.dbpedia.org/resource/Q24875172>
<http://ja.dbpedia.org/resource/尾車_(君津市)>	"尾車 (君津市)"@ja	<http://dbpedia.org/ontology/PopulatedPlace>	<http://ja.dbpedia.org/property/subdivisionName>	"subdivision name"@ja	<http://ja.wikipedia.org/wiki/尾車_(君津市)>	<http://wikidata.dbpedia.org/resource/Q107580290>
<http://ja.dbpedia.org/resource/尾車_(君津市)>	"尾車 (君津市)"@ja	<http://dbpedia.org/ontology/Location>	<http://ja.dbpedia.org/property/subdivisionName>	"subdivision name"@ja	<http://ja.wikipedia.org/wiki/尾車_(君津市)>	<http://wikidata.dbpedia.org/resource/Q107580290>
<http://ja.dbpedia.org/resource/尾車_(君津市)>	"尾車 (君津市)"@ja	<http://dbpedia.org/ontology/Settlement>	<http://ja.dbpedia.org/property/subdivisionName>	"subdivision name"@ja	<http://ja.wikipedia.org/wiki/尾車_(君津市)>	<http://wikidata.dbpedia.org/resource/Q107580290>
<http://ja.dbpedia.org/resource/尾車_(君津市)>	"尾車 (君津市)"@ja	<http://dbpedia.org/ontology/Place>	<http://ja.dbpedia.org/property/subdivisionName>	"subdivision name"@ja	<http://ja.wikipedia.org/wiki/尾車_(君津市)>	<http://wikidata.dbpedia.org/resource/Q107580290>
<http://ja.dbpedia.org/resource/山本_(君津市)>	"山本 (君津市)"@ja	<http://dbpedia.org/ontology/PopulatedPlace>	<http://ja.dbpedia.org/property/subdivisionName>	"subdivision name"@ja	<http://ja.wikipedia.org/wiki/山本_(君津市)>	<http://wikidata.dbpedia.org/resource/Q96026692>
<http://ja.dbpedia.org/resource/山本_(君津市)>	"山本 (君津市)"@ja	<http://dbpedia.org/ontology/Location>	<http://ja.dbpedia.org/property/subdivisionName>	"subdivision name"@ja	<http://ja.wikipedia.org/wiki/山本_(君津市)>	<http://wikidata.dbpedia.org/resource/Q96026692>
<http://ja.dbpedia.org/resource/山本_(君津市)>	"山本 (君津市)"@ja	<http://dbpedia.org/ontology/Place>	<http://ja.dbpedia.org/property/subdivisionName>	"subdivision name"@ja	<http://ja.wikipedia.org/wiki/山本_(君津市)>	<http://wikidata.dbpedia.org/resource/Q96026692>
<http://ja.dbpedia.org/resource/山本_(君津市)>	"山本 (君津市)"@ja	<http://dbpedia.org/ontology/Settlement>	<http://ja.dbpedia.org/property/subdivisionName>	"subdivision name"@ja	<http://ja.wikipedia.org/wiki/山本_(君津市)>	<http://wikidata.dbpedia.org/resource/Q96026692>
<http://ja.dbpedia.org/resource/山高原>	"山高原"@ja	<http://dbpedia.org/ontology/Location>	<http://ja.dbpedia.org/property/subdivisionName>	"subdivision name"@ja	<http://ja.wikipedia.org/wiki/山高原>	<http://wikidata.dbpedia.org/resource/Q96481429>
<http://ja.dbpedia.org/resource/山高原>	"山高原"@ja	<http://dbpedia.org/ontology/PopulatedPlace>	<http://ja.dbpedia.org/property/subdivisionName>	"subdivision name"@ja	<http://ja.wikipedia.org/wiki/山高原>	<http://wikidata.dbpedia.org/resource/Q96481429>
<http://ja.dbpedia.org/resource/山高原>	"山高原"@ja	<http://dbpedia.org/ontology/Settlement>	<http://ja.dbpedia.org/property/subdivisionName>	"subdivision name"@ja	<http://ja.wikipedia.org/wiki/山高原>	<http://wikidata.dbpedia.org/resource/Q96481429>
<http://ja.dbpedia.org/resource/山高原>	"山高原"@ja	<http://dbpedia.org/ontology/Place>	<http://ja.dbpedia.org/property/subdivisionName>	"subdivision name"@ja	<http://ja.wikipedia.org/wiki/山高原>	<http://wikidata.dbpedia.org/resource/Q96481429>
<http://ja.dbpedia.org/resource/市原市>	"市原市"@ja	<http://dbpedia.org/ontology/Location>	<http://ja.dbpedia.org/property/隣接自治体>	"隣接自治体"@ja	<http://ja.wikipedia.org/wiki/市原市>	<http://wikidata.dbpedia.org/resource/Q207881>
<http://ja.dbpedia.org/resource/市原市>	"市原市"@ja	<http://dbpedia.org/ontology/Place>	<http://ja.dbpedia.org/property/southwest>	"Southwest"@ja	<http://ja.wikipedia.org/wiki/市原市>	<http://wikidata.dbpedia.org/resource/Q207881>
<http://ja.dbpedia.org/resource/市原市>	"市原市"@ja	<http://dbpedia.org/ontology/PopulatedPlace>	<http://ja.dbpedia.org/property/隣接自治体>	"隣接自治体"@ja	<http://ja.wikipedia.org/wiki/市原市>	<http://wikidata.dbpedia.org/resource/Q207881>
<http://ja.dbpedia.org/resource/市原市>	"市原市"@ja	<http://dbpedia.org/ontology/City>	<http://ja.dbpedia.org/property/southwest>	"Southwest"@ja	<http://ja.wikipedia.org/wiki/市原市>	<http://wikidata.dbpedia.org/resource/Q207881>
<http://ja.dbpedia.org/resource/市原市>	"市原市"@ja	<http://dbpedia.org/ontology/Settlement>	<http://ja.dbpedia.org/property/隣接自治体>	"隣接自治体"@ja	<http://ja.wikipedia.org/wiki/市原市>	<http://wikidata.dbpedia.org/resource/Q207881>
<http://ja.dbpedia.org/resource/市原市>	"市原市"@ja	<http://dbpedia.org/ontology/PopulatedPlace>	<http://ja.dbpedia.org/property/southwest>	"Southwest"@ja	<http://ja.wikipedia.org/wiki/市原市>	<http://wikidata.dbpedia.org/resource/Q207881>
<http://ja.dbpedia.org/resource/市原市>	"市原市"@ja	<http://dbpedia.org/ontology/Place>	<http://ja.dbpedia.org/property/隣接自治体>	"隣接自治体"@ja	<http://ja.wikipedia.org/wiki/市原市>	<http://wikidata.dbpedia.org/resource/Q207881>
<http://ja.dbpedia.org/resource/市原市>	"市原市"@ja	<http://dbpedia.org/ontology/Location>	<http://ja.dbpedia.org/property/southwest>	"Southwest"@ja	<http://ja.wikipedia.org/wiki/市原市>	<http://wikidata.dbpedia.org/resource/Q207881>
<http://ja.dbpedia.org/resource/市原市>	"市原市"@ja	<http://dbpedia.org/ontology/City>	<http://ja.dbpedia.org/property/隣接自治体>	"隣接自治体"@ja	<http://ja.wikipedia.org/wiki/市原市>	<http://wikidata.dbpedia.org/resource/Q207881>
<http://ja.dbpedia.org/resource/市原市>	"市原市"@ja	<http://dbpedia.org/ontology/Settlement>	<http://ja.dbpedia.org/property/southwest>	"Southwest"@ja	<http://ja.wikipedia.org/wiki/市原市>	<http://wikidata.dbpedia.org/resource/Q207881>
<http://ja.dbpedia.org/resource/常代>	"常代"@ja	<http://dbpedia.org/ontology/PopulatedPlace>	<http://ja.dbpedia.org/property/subdivisionName>	"subdivision name"@ja	<http://ja.wikipedia.org/wiki/常代>	<http://wikidata.dbpedia.org/resource/Q21653736>
<http://ja.dbpedia.org/resource/常代>	"常代"@ja	<http://dbpedia.org/ontology/Location>	<http://ja.dbpedia.org/property/subdivisionName>	"subdivision name"@ja	<http://ja.wikipedia.org/wiki/常代>	<http://wikidata.dbpedia.org/resource/Q21653736>
<http://ja.dbpedia.org/resource/常代>	"常代"@ja	<http://dbpedia.org/ontology/Place>	<http://ja.dbpedia.org/property/subdivisionName>	"subdivision name"@ja	<http://ja.wikipedia.org/wiki/常代>	<http://wikidata.dbpedia.org/resource/Q21653736>
<http://ja.dbpedia.org/resource/常代>	"常代"@ja	<http://dbpedia.org/ontology/Settlement>	<http://ja.dbpedia.org/property/subdivisionName>	"subdivision name"@ja	<http://ja.wikipedia.org/wiki/常代>	<http://wikidata.dbpedia.org/resource/Q21653736>
<http://ja.dbpedia.org/resource/新御堂_(君津市)>	"新御堂 (君津市)"@ja	<http://dbpedia.org/ontology/Location>	<http://ja.dbpedia.org/property/subdivisionName>	"subdivision name"@ja	<http://ja.wikipedia.org/wiki/新御堂_(君津市)>	<http://wikidata.dbpedia.org/resource/Q24875164>
<http://ja.dbpedia.org/resource/新御堂_(君津市)>	"新御堂 (君津市)"@ja	<http://dbpedia.org/ontology/PopulatedPlace>	<http://ja.dbpedia.org/property/subdivisionName>	"subdivision name"@ja	<http://ja.wikipedia.org/wiki/新御堂_(君津市)>	<http://wikidata.dbpedia.org/resource/Q24875164>
<http://ja.dbpedia.org/resource/新御堂_(君津市)>	"新御堂 (君津市)"@ja	<http://dbpedia.org/ontology/Settlement>	<http://ja.dbpedia.org/property/subdivisionName>	"subdivision name"@ja	<http://ja.wikipedia.org/wiki/新御堂_(君津市)>	<http://wikidata.dbpedia.org/resource/Q24875164>
<http://ja.dbpedia.org/resource/新御堂_(君津市)>	"新御堂 (君津市)"@ja	<http://dbpedia.org/ontology/Place>	<http://ja.dbpedia.org/property/subdivisionName>	"subdivision name"@ja	<http://ja.wikipedia.org/wiki/新御堂_(君津市)>	<http://wikidata.dbpedia.org/resource/Q24875164>
<http://ja.dbpedia.org/resource/木更津市>	"木更津市"@ja	<http://dbpedia.org/ontology/Place>	<http://ja.dbpedia.org/property/隣接自治体>	"隣接自治体"@ja	<http://ja.wikipedia.org/wiki/木更津市>	<http://wikidata.dbpedia.org/resource/Q335427>
<http://ja.dbpedia.org/resource/木更津市>	"木更津市"@ja	<http://dbpedia.org/ontology/PopulatedPlace>	<http://ja.dbpedia.org/property/south>	"South"@ja	<http://ja.wikipedia.org/wiki/木更津市>	<http://wikidata.dbpedia.org/resource/Q335427>
<http://ja.dbpedia.org/resource/木更津市>	"木更津市"@ja	<http://dbpedia.org/ontology/City>	<http://ja.dbpedia.org/property/隣接自治体>	"隣接自治体"@ja	<http://ja.wikipedia.org/wiki/木更津市>	<http://wikidata.dbpedia.org/resource/Q335427>
<http://ja.dbpedia.org/resource/木更津市>	"木更津市"@ja	<http://dbpedia.org/ontology/Settlement>	<http://ja.dbpedia.org/property/south>	"South"@ja	<http://ja.wikipedia.org/wiki/木更津市>	<http://wikidata.dbpedia.org/resource/Q335427>
<http://ja.dbpedia.org/resource/木更津市>	"木更津市"@ja	<http://dbpedia.org/ontology/Location>	<http://ja.dbpedia.org/property/south>	"South"@ja	<http://ja.wikipedia.org/wiki/木更津市>	<http://wikidata.dbpedia.org/resource/Q335427>
<http://ja.dbpedia.org/resource/木更津市>	"木更津市"@ja	<http://dbpedia.org/ontology/Location>	<http://ja.dbpedia.org/property/隣接自治体>	"隣接自治体"@ja	<http://ja.wikipedia.org/wiki/木更津市>	<http://wikidata.dbpedia.org/resource/Q335427>
<http://ja.dbpedia.org/resource/木更津市>	"木更津市"@ja	<http://dbpedia.org/ontology/Place>	<http://ja.dbpedia.org/property/south>	"South"@ja	<http://ja.wikipedia.org/wiki/木更津市>	<http://wikidata.dbpedia.org/resource/Q335427>
<http://ja.dbpedia.org/resource/木更津市>	"木更津市"@ja	<http://dbpedia.org/ontology/Settlement>	<http://ja.dbpedia.org/property/隣接自治体>	"隣接自治体"@ja	<http://ja.wikipedia.org/wiki/木更津市>	<http://wikidata.dbpedia.org/resource/Q335427>
<http://ja.dbpedia.org/resource/木更津市>	"木更津市"@ja	<http://dbpedia.org/ontology/PopulatedPlace>	<http://ja.dbpedia.org/property/隣接自治体>	"隣接自治体"@ja	<http://ja.wikipedia.org/wiki/木更津市>	<http://wikidata.dbpedia.org/resource/Q335427>
<http://ja.dbpedia.org/resource/木更津市>	"木更津市"@ja	<http://dbpedia.org/ontology/City>	<http://ja.dbpedia.org/property/south>	"South"@ja	<http://ja.wikipedia.org/wiki/木更津市>	<http://wikidata.dbpedia.org/resource/Q335427>
<http://ja.dbpedia.org/resource/杉谷_(君津市)>	"杉谷 (君津市)"@ja	<http://dbpedia.org/ontology/Place>	<http://ja.dbpedia.org/property/subdivisionName>	"subdivision name"@ja	<http://ja.wikipedia.org/wiki/杉谷_(君津市)>	<http://wikidata.dbpedia.org/resource/Q24864028>
<http://ja.dbpedia.org/resource/杉谷_(君津市)>	"杉谷 (君津市)"@ja	<http://dbpedia.org/ontology/Settlement>	<http://ja.dbpedia.org/property/subdivisionName>	"subdivision name"@ja	<http://ja.wikipedia.org/wiki/杉谷_(君津市)>	<http://wikidata.dbpedia.org/resource/Q24864028>
<http://ja.dbpedia.org/resource/杉谷_(君津市)>	"杉谷 (君津市)"@ja	<http://dbpedia.org/ontology/PopulatedPlace>	<http://ja.dbpedia.org/property/subdivisionName>	"subdivision name"@ja	<http://ja.wikipedia.org/wiki/杉谷_(君津市)>	<http://wikidata.dbpedia.org/resource/Q24864028>
<http://ja.dbpedia.org/resource/杉谷_(君津市)>	"杉谷 (君津市)"@ja	<http://dbpedia.org/ontology/Location>	<http://ja.dbpedia.org/property/subdivisionName>	"subdivision name"@ja	<http://ja.wikipedia.org/wiki/杉谷_(君津市)>	<http://wikidata.dbpedia.org/resource/Q24864028>
<http://ja.dbpedia.org/resource/杢師>	"杢師"@ja	<http://dbpedia.org/ontology/Settlement>	<http://ja.dbpedia.org/property/subdivisionName>	"subdivision name"@ja	<http://ja.wikipedia.org/wiki/杢師>	<http://wikidata.dbpedia.org/resource/Q24865817>
<http://ja.dbpedia.org/resource/杢師>	"杢師"@ja	<http://dbpedia.org/ontology/Place>	<http://ja.dbpedia.org/property/subdivisionName>	"subdivision name"@ja	<http://ja.wikipedia.org/wiki/杢師>	<http://wikidata.dbpedia.org/resource/Q24865817>
<http://ja.dbpedia.org/resource/杢師>	"杢師"@ja	<http://dbpedia.org/ontology/Location>	<http://ja.dbpedia.org/property/subdivisionName>	"subdivision name"@ja	<http://ja.wikipedia.org/wiki/杢師>	<http://wikidata.dbpedia.org/resource/Q24865817>
<http://ja.dbpedia.org/resource/杢師>	"杢師"@ja	<http://dbpedia.org/ontology/PopulatedPlace>	<http://ja.dbpedia.org/property/subdivisionName>	"subdivision name"@ja	<http://ja.wikipedia.org/wiki/杢師>	<http://wikidata.dbpedia.org/resource/Q24865817>
<http://ja.dbpedia.org/resource/東坂田>	"東坂田"@ja	<http://dbpedia.org/ontology/Place>	<http://ja.dbpedia.org/property/subdivisionName>	"subdivision name"@ja	<http://ja.wikipedia.org/wiki/東坂田>	<http://wikidata.dbpedia.org/resource/Q18338959>
<http://ja.dbpedia.org/resource/東坂田>	"東坂田"@ja	<http://dbpedia.org/ontology/Settlement>	<http://ja.dbpedia.org/property/subdivisionName>	"subdivision name"@ja	<http://ja.wikipedia.org/wiki/東坂田>	<http://wikidata.dbpedia.org/resource/Q18338959>
<http://ja.dbpedia.org/resource/東坂田>	"東坂田"@ja	<http://dbpedia.org/ontology/PopulatedPlace>	<http://ja.dbpedia.org/property/subdivisionName>	"subdivision name"@ja	<http://ja.wikipedia.org/wiki/東坂田>	<http://wikidata.dbpedia.org/resource/Q18338959>
<http://ja.dbpedia.org/resource/東坂田>	"東坂田"@ja	<http://dbpedia.org/ontology/Location>	<http://ja.dbpedia.org/property/subdivisionName>	"subdivision name"@ja	<http://ja.wikipedia.org/wiki/東坂田>	<http://wikidata.dbpedia.org/resource/Q18338959>
<http://ja.dbpedia.org/resource/泉_(君津市)>	"泉 (君津市)"@ja	<http://dbpedia.org/ontology/Place>	<http://ja.dbpedia.org/property/subdivisionName>	"subdivision name"@ja	<http://ja.wikipedia.org/wiki/泉_(君津市)>	<http://wikidata.dbpedia.org/resource/Q76100108>
<http://ja.dbpedia.org/resource/泉_(君津市)>	"泉 (君津市)"@ja	<http://dbpedia.org/ontology/Settlement>	<http://ja.dbpedia.org/property/subdivisionName>	"subdivision name"@ja	<http://ja.wikipedia.org/wiki/泉_(君津市)>	<http://wikidata.dbpedia.org/resource/Q76100108>
<http://ja.dbpedia.org/resource/泉_(君津市)>	"泉 (君津市)"@ja	<http://dbpedia.org/ontology/PopulatedPlace>	<http://ja.dbpedia.org/property/subdivisionName>	"subdivision name"@ja	<http://ja.wikipedia.org/wiki/泉_(君津市)>	<http://wikidata.dbpedia.org/resource/Q76100108>
<http://ja.dbpedia.org/resource/泉_(君津市)>	"泉 (君津市)"@ja	<http://dbpedia.org/ontology/Location>	<http://ja.dbpedia.org/property/subdivisionName>	"subdivision name"@ja	<http://ja.wikipedia.org/wiki/泉_(君津市)>	<http://wikidata.dbpedia.org/resource/Q76100108>
<http://ja.dbpedia.org/resource/法木>	"法木"@ja	<http://dbpedia.org/ontology/Settlement>	<http://ja.dbpedia.org/property/subdivisionName>	"subdivision name"@ja	<http://ja.wikipedia.org/wiki/法木>	<http://wikidata.dbpedia.org/resource/Q28687094>
<http://ja.dbpedia.org/resource/法木>	"法木"@ja	<http://dbpedia.org/ontology/Place>	<http://ja.dbpedia.org/property/subdivisionName>	"subdivision name"@ja	<http://ja.wikipedia.org/wiki/法木>	<http://wikidata.dbpedia.org/resource/Q28687094>
<http://ja.dbpedia.org/resource/法木>	"法木"@ja	<http://dbpedia.org/ontology/Location>	<http://ja.dbpedia.org/property/subdivisionName>	"subdivision name"@ja	<http://ja.wikipedia.org/wiki/法木>	<http://wikidata.dbpedia.org/resource/Q28687094>
<http://ja.dbpedia.org/resource/法木>	"法木"@ja	<http://dbpedia.org/ontology/PopulatedPlace>	<http://ja.dbpedia.org/property/subdivisionName>	"subdivision name"@ja	<http://ja.wikipedia.org/wiki/法木>	<http://wikidata.dbpedia.org/resource/Q28687094>
<http://ja.dbpedia.org/resource/法木作>	"法木作"@ja	<http://dbpedia.org/ontology/Place>	<http://ja.dbpedia.org/property/subdivisionName>	"subdivision name"@ja	<http://ja.wikipedia.org/wiki/法木作>	<http://wikidata.dbpedia.org/resource/Q28686233>
<http://ja.dbpedia.org/resource/法木作>	"法木作"@ja	<http://dbpedia.org/ontology/Settlement>	<http://ja.dbpedia.org/property/subdivisionName>	"subdivision name"@ja	<http://ja.wikipedia.org/wiki/法木作>	<http://wikidata.dbpedia.org/resource/Q28686233>
<http://ja.dbpedia.org/resource/法木作>	"法木作"@ja	<http://dbpedia.org/ontology/Location>	<http://ja.dbpedia.org/property/subdivisionName>	"subdivision name"@ja	<http://ja.wikipedia.org/wiki/法木作>	<http://wikidata.dbpedia.org/resource/Q28686233>
<http://ja.dbpedia.org/resource/法木作>	"法木作"@ja	<http://dbpedia.org/ontology/PopulatedPlace>	<http://ja.dbpedia.org/property/subdivisionName>	"subdivision name"@ja	<http://ja.wikipedia.org/wiki/法木作>	<http://wikidata.dbpedia.org/resource/Q28686233>
<http://ja.dbpedia.org/resource/浜子_(君津市)>	"浜子 (君津市)"@ja	<http://dbpedia.org/ontology/Place>	<http://ja.dbpedia.org/property/subdivisionName>	"subdivision name"@ja	<http://ja.wikipedia.org/wiki/浜子_(君津市)>	<http://wikidata.dbpedia.org/resource/Q65272386>
<http://ja.dbpedia.org/resource/浜子_(君津市)>	"浜子 (君津市)"@ja	<http://dbpedia.org/ontology/Settlement>	<http://ja.dbpedia.org/property/subdivisionName>	"subdivision name"@ja	<http://ja.wikipedia.org/wiki/浜子_(君津市)>	<http://wikidata.dbpedia.org/resource/Q65272386>
<http://ja.dbpedia.org/resource/浜子_(君津市)>	"浜子 (君津市)"@ja	<http://dbpedia.org/ontology/Location>	<http://ja.dbpedia.org/property/subdivisionName>	"subdivision name"@ja	<http://ja.wikipedia.org/wiki/浜子_(君津市)>	<http://wikidata.dbpedia.org/resource/Q65272386>
<http://ja.dbpedia.org/resource/浜子_(君津市)>	"浜子 (君津市)"@ja	<http://dbpedia.org/ontology/PopulatedPlace>	<http://ja.dbpedia.org/property/subdivisionName>	"subdivision name"@ja	<http://ja.wikipedia.org/wiki/浜子_(君津市)>	<http://wikidata.dbpedia.org/resource/Q65272386>
<http://ja.dbpedia.org/resource/皿引>	"皿引"@ja	<http://dbpedia.org/ontology/Location>	<http://ja.dbpedia.org/property/subdivisionName>	"subdivision name"@ja	<http://ja.wikipedia.org/wiki/皿引>	<http://wikidata.dbpedia.org/resource/Q105546695>
<http://ja.dbpedia.org/resource/皿引>	"皿引"@ja	<http://dbpedia.org/ontology/PopulatedPlace>	<http://ja.dbpedia.org/property/subdivisionName>	"subdivision name"@ja	<http://ja.wikipedia.org/wiki/皿引>	<http://wikidata.dbpedia.org/resource/Q105546695>
<http://ja.dbpedia.org/resource/皿引>	"皿引"@ja	<http://dbpedia.org/ontology/Settlement>	<http://ja.dbpedia.org/property/subdivisionName>	"subdivision name"@ja	<http://ja.wikipedia.org/wiki/皿引>	<http://wikidata.dbpedia.org/resource/Q105546695>
<http://ja.dbpedia.org/resource/皿引>	"皿引"@ja	<http://dbpedia.org/ontology/Place>	<http://ja.dbpedia.org/property/subdivisionName>	"subdivision name"@ja	<http://ja.wikipedia.org/wiki/皿引>	<http://wikidata.dbpedia.org/resource/Q105546695>
<http://ja.dbpedia.org/resource/練木>	"練木"@ja	<http://dbpedia.org/ontology/Place>	<http://ja.dbpedia.org/property/subdivisionName>	"subdivision name"@ja	<http://ja.wikipedia.org/wiki/練木>	<http://wikidata.dbpedia.org/resource/Q108917409>
<http://ja.dbpedia.org/resource/練木>	"練木"@ja	<http://dbpedia.org/ontology/Settlement>	<http://ja.dbpedia.org/property/subdivisionName>	"subdivision name"@ja	<http://ja.wikipedia.org/wiki/練木>	<http://wikidata.dbpedia.org/resource/Q108917409>
<http://ja.dbpedia.org/resource/練木>	"練木"@ja	<http://dbpedia.org/ontology/Location>	<http://ja.dbpedia.org/property/subdivisionName>	"subdivision name"@ja	<http://ja.wikipedia.org/wiki/練木>	<http://wikidata.dbpedia.org/resource/Q108917409>
<http://ja.dbpedia.org/resource/練木>	"練木"@ja	<http://dbpedia.org/ontology/PopulatedPlace>	<http://ja.dbpedia.org/property/subdivisionName>	"subdivision name"@ja	<http://ja.wikipedia.org/wiki/練木>	<http://wikidata.dbpedia.org/resource/Q108917409>
<http://ja.dbpedia.org/resource/草牛>	"草牛"@ja	<http://dbpedia.org/ontology/Location>	<http://ja.dbpedia.org/property/subdivisionName>	"subdivision name"@ja	<http://ja.wikipedia.org/wiki/草牛>	<http://wikidata.dbpedia.org/resource/Q108305368>
<http://ja.dbpedia.org/resource/草牛>	"草牛"@ja	<http://dbpedia.org/ontology/PopulatedPlace>	<http://ja.dbpedia.org/property/subdivisionName>	"subdivision name"@ja	<http://ja.wikipedia.org/wiki/草牛>	<http://wikidata.dbpedia.org/resource/Q108305368>
<http://ja.dbpedia.org/resource/草牛>	"草牛"@ja	<http://dbpedia.org/ontology/Settlement>	<http://ja.dbpedia.org/property/subdivisionName>	"subdivision name"@ja	<http://ja.wikipedia.org/wiki/草牛>	<http://wikidata.dbpedia.org/resource/Q108305368>
<http://ja.dbpedia.org/resource/草牛>	"草牛"@ja	<http://dbpedia.org/ontology/Place>	<http://ja.dbpedia.org/property/subdivisionName>	"subdivision name"@ja	<http://ja.wikipedia.org/wiki/草牛>	<http://wikidata.dbpedia.org/resource/Q108305368>
<http://ja.dbpedia.org/resource/蔵玉>	"蔵玉"@ja	<http://dbpedia.org/ontology/Location>	<http://ja.dbpedia.org/property/subdivisionName>	"subdivision name"@ja	<http://ja.wikipedia.org/wiki/蔵玉>	<http://wikidata.dbpedia.org/resource/Q56347999>
<http://ja.dbpedia.org/resource/蔵玉>	"蔵玉"@ja	<http://dbpedia.org/ontology/PopulatedPlace>	<http://ja.dbpedia.org/property/subdivisionName>	"subdivision name"@ja	<http://ja.wikipedia.org/wiki/蔵玉>	<http://wikidata.dbpedia.org/resource/Q56347999>
<http://ja.dbpedia.org/resource/蔵玉>	"蔵玉"@ja	<http://dbpedia.org/ontology/Settlement>	<http://ja.dbpedia.org/property/subdivisionName>	"subdivision name"@ja	<http://ja.wikipedia.org/wiki/蔵玉>	<http://wikidata.dbpedia.org/resource/Q56347999>
<http://ja.dbpedia.org/resource/蔵玉>	"蔵玉"@ja	<http://dbpedia.org/ontology/Place>	<http://ja.dbpedia.org/property/subdivisionName>	"subdivision name"@ja	<http://ja.wikipedia.org/wiki/蔵玉>	<http://wikidata.dbpedia.org/resource/Q56347999>
<http://ja.dbpedia.org/resource/西君津>	"西君津"@ja	<http://dbpedia.org/ontology/PopulatedPlace>	<http://ja.dbpedia.org/property/subdivisionName>	"subdivision name"@ja	<http://ja.wikipedia.org/wiki/西君津>	<http://wikidata.dbpedia.org/resource/Q21654032>
<http://ja.dbpedia.org/resource/西君津>	"西君津"@ja	<http://dbpedia.org/ontology/Location>	<http://ja.dbpedia.org/property/subdivisionName>	"subdivision name"@ja	<http://ja.wikipedia.org/wiki/西君津>	<http://wikidata.dbpedia.org/resource/Q21654032>
<http://ja.dbpedia.org/resource/西君津>	"西君津"@ja	<http://dbpedia.org/ontology/Place>	<http://ja.dbpedia.org/property/subdivisionName>	"subdivision name"@ja	<http://ja.wikipedia.org/wiki/西君津>	<http://wikidata.dbpedia.org/resource/Q21654032>
<http://ja.dbpedia.org/resource/西君津>	"西君津"@ja	<http://dbpedia.org/ontology/Settlement>	<http://ja.dbpedia.org/property/subdivisionName>	"subdivision name"@ja	<http://ja.wikipedia.org/wiki/西君津>	<http://wikidata.dbpedia.org/resource/Q21654032>
<http://ja.dbpedia.org/resource/西坂田>	"西坂田"@ja	<http://dbpedia.org/ontology/Place>	<http://ja.dbpedia.org/property/subdivisionName>	"subdivision name"@ja	<http://ja.wikipedia.org/wiki/西坂田>	<http://wikidata.dbpedia.org/resource/Q18337672>
<http://ja.dbpedia.org/resource/西坂田>	"西坂田"@ja	<http://dbpedia.org/ontology/Settlement>	<http://ja.dbpedia.org/property/subdivisionName>	"subdivision name"@ja	<http://ja.wikipedia.org/wiki/西坂田>	<http://wikidata.dbpedia.org/resource/Q18337672>
<http://ja.dbpedia.org/resource/西坂田>	"西坂田"@ja	<http://dbpedia.org/ontology/Location>	<http://ja.dbpedia.org/property/subdivisionName>	"subdivision name"@ja	<http://ja.wikipedia.org/wiki/西坂田>	<http://wikidata.dbpedia.org/resource/Q18337672>
<http://ja.dbpedia.org/resource/西坂田>	"西坂田"@ja	<http://dbpedia.org/ontology/PopulatedPlace>	<http://ja.dbpedia.org/property/subdivisionName>	"subdivision name"@ja	<http://ja.wikipedia.org/wiki/西坂田>	<http://wikidata.dbpedia.org/resource/Q18337672>
<http://ja.dbpedia.org/resource/豊英>	"豊英"@ja	<http://dbpedia.org/ontology/Place>	<http://ja.dbpedia.org/property/subdivisionName>	"subdivision name"@ja	<http://ja.wikipedia.org/wiki/豊英>	<http://wikidata.dbpedia.org/resource/Q38277638>
<http://ja.dbpedia.org/resource/豊英>	"豊英"@ja	<http://dbpedia.org/ontology/Settlement>	<http://ja.dbpedia.org/property/subdivisionName>	"subdivision name"@ja	<http://ja.wikipedia.org/wiki/豊英>	<http://wikidata.dbpedia.org/resource/Q38277638>
<http://ja.dbpedia.org/resource/豊英>	"豊英"@ja	<http://dbpedia.org/ontology/PopulatedPlace>	<http://ja.dbpedia.org/property/subdivisionName>	"subdivision name"@ja	<http://ja.wikipedia.org/wiki/豊英>	<http://wikidata.dbpedia.org/resource/Q38277638>
<http://ja.dbpedia.org/resource/豊英>	"豊英"@ja	<http://dbpedia.org/ontology/Location>	<http://ja.dbpedia.org/property/subdivisionName>	"subdivision name"@ja	<http://ja.wikipedia.org/wiki/豊英>	<http://wikidata.dbpedia.org/resource/Q38277638>
<http://ja.dbpedia.org/resource/貞元_(君津市)>	"貞元 (君津市)"@ja	<http://dbpedia.org/ontology/Place>	<http://ja.dbpedia.org/property/subdivisionName>	"subdivision name"@ja	<http://ja.wikipedia.org/wiki/貞元_(君津市)>	<http://wikidata.dbpedia.org/resource/Q20044551>
<http://ja.dbpedia.org/resource/貞元_(君津市)>	"貞元 (君津市)"@ja	<http://dbpedia.org/ontology/Settlement>	<http://ja.dbpedia.org/property/subdivisionName>	"subdivision name"@ja	<http://ja.wikipedia.org/wiki/貞元_(君津市)>	<http://wikidata.dbpedia.org/resource/Q20044551>
<http://ja.dbpedia.org/resource/貞元_(君津市)>	"貞元 (君津市)"@ja	<http://dbpedia.org/ontology/PopulatedPlace>	<http://ja.dbpedia.org/property/subdivisionName>	"subdivision name"@ja	<http://ja.wikipedia.org/wiki/貞元_(君津市)>	<http://wikidata.dbpedia.org/resource/Q20044551>
<http://ja.dbpedia.org/resource/貞元_(君津市)>	"貞元 (君津市)"@ja	<http://dbpedia.org/ontology/Location>	<http://ja.dbpedia.org/property/subdivisionName>	"subdivision name"@ja	<http://ja.wikipedia.org/wiki/貞元_(君津市)>	<http://wikidata.dbpedia.org/resource/Q20044551>
<http://ja.dbpedia.org/resource/郡_(君津市)>	"郡 (君津市)"@ja	<http://dbpedia.org/ontology/Settlement>	<http://ja.dbpedia.org/property/subdivisionName>	"subdivision name"@ja	<http://ja.wikipedia.org/wiki/郡_(君津市)>	<http://wikidata.dbpedia.org/resource/Q21653028>
<http://ja.dbpedia.org/resource/郡_(君津市)>	"郡 (君津市)"@ja	<http://dbpedia.org/ontology/Place>	<http://ja.dbpedia.org/property/subdivisionName>	"subdivision name"@ja	<http://ja.wikipedia.org/wiki/郡_(君津市)>	<http://wikidata.dbpedia.org/resource/Q21653028>
<http://ja.dbpedia.org/resource/郡_(君津市)>	"郡 (君津市)"@ja	<http://dbpedia.org/ontology/Location>	<http://ja.dbpedia.org/property/subdivisionName>	"subdivision name"@ja	<http://ja.wikipedia.org/wiki/郡_(君津市)>	<http://wikidata.dbpedia.org/resource/Q21653028>
<http://ja.dbpedia.org/resource/郡_(君津市)>	"郡 (君津市)"@ja	<http://dbpedia.org/ontology/PopulatedPlace>	<http://ja.dbpedia.org/property/subdivisionName>	"subdivision name"@ja	<http://ja.wikipedia.org/wiki/郡_(君津市)>	<http://wikidata.dbpedia.org/resource/Q21653028>
<http://ja.dbpedia.org/resource/陽光台_(君津市)>	"陽光台 (君津市)"@ja	<http://dbpedia.org/ontology/Place>	<http://ja.dbpedia.org/property/subdivisionName>	"subdivision name"@ja	<http://ja.wikipedia.org/wiki/陽光台_(君津市)>	<http://wikidata.dbpedia.org/resource/Q24871114>
<http://ja.dbpedia.org/resource/陽光台_(君津市)>	"陽光台 (君津市)"@ja	<http://dbpedia.org/ontology/Settlement>	<http://ja.dbpedia.org/property/subdivisionName>	"subdivision name"@ja	<http://ja.wikipedia.org/wiki/陽光台_(君津市)>	<http://wikidata.dbpedia.org/resource/Q24871114>
<http://ja.dbpedia.org/resource/陽光台_(君津市)>	"陽光台 (君津市)"@ja	<http://dbpedia.org/ontology/PopulatedPlace>	<http://ja.dbpedia.org/property/subdivisionName>	"subdivision name"@ja	<http://ja.wikipedia.org/wiki/陽光台_(君津市)>	<http://wikidata.dbpedia.org/resource/Q24871114>
<http://ja.dbpedia.org/resource/陽光台_(君津市)>	"陽光台 (君津市)"@ja	<http://dbpedia.org/ontology/Location>	<http://ja.dbpedia.org/property/subdivisionName>	"subdivision name"@ja	<http://ja.wikipedia.org/wiki/陽光台_(君津市)>	<http://wikidata.dbpedia.org/resource/Q24871114>
<http://ja.dbpedia.org/resource/館山自動車道>	"館山自動車道"@ja	<http://dbpedia.org/ontology/Road>	<http://ja.dbpedia.org/property/主な経由都市>	"主な経由都市"@ja	<http://ja.wikipedia.org/wiki/館山自動車道>	<http://wikidata.dbpedia.org/resource/Q7688020>
<http://ja.dbpedia.org/resource/館山自動車道>	"館山自動車道"@ja	<http://dbpedia.org/ontology/ArchitecturalStructure>	<http://ja.dbpedia.org/property/主な経由都市>	"主な経由都市"@ja	<http://ja.wikipedia.org/wiki/館山自動車道>	<http://wikidata.dbpedia.org/resource/Q7688020>
<http://ja.dbpedia.org/resource/館山自動車道>	"館山自動車道"@ja	<http://dbpedia.org/ontology/RouteOfTransportation>	<http://ja.dbpedia.org/property/主な経由都市>	"主な経由都市"@ja	<http://ja.wikipedia.org/wiki/館山自動車道>	<http://wikidata.dbpedia.org/resource/Q7688020>
<http://ja.dbpedia.org/resource/館山自動車道>	"館山自動車道"@ja	<http://dbpedia.org/ontology/Infrastructure>	<http://ja.dbpedia.org/property/主な経由都市>	"主な経由都市"@ja	<http://ja.wikipedia.org/wiki/館山自動車道>	<http://wikidata.dbpedia.org/resource/Q7688020>
<http://ja.dbpedia.org/resource/馬登>	"馬登"@ja	<http://dbpedia.org/ontology/Place>	<http://ja.dbpedia.org/property/subdivisionName>	"subdivision name"@ja	<http://ja.wikipedia.org/wiki/馬登>	<http://wikidata.dbpedia.org/resource/Q108683954>
<http://ja.dbpedia.org/resource/馬登>	"馬登"@ja	<http://dbpedia.org/ontology/Settlement>	<http://ja.dbpedia.org/property/subdivisionName>	"subdivision name"@ja	<http://ja.wikipedia.org/wiki/馬登>	<http://wikidata.dbpedia.org/resource/Q108683954>
<http://ja.dbpedia.org/resource/馬登>	"馬登"@ja	<http://dbpedia.org/ontology/Location>	<http://ja.dbpedia.org/property/subdivisionName>	"subdivision name"@ja	<http://ja.wikipedia.org/wiki/馬登>	<http://wikidata.dbpedia.org/resource/Q108683954>
<http://ja.dbpedia.org/resource/馬登>	"馬登"@ja	<http://dbpedia.org/ontology/PopulatedPlace>	<http://ja.dbpedia.org/property/subdivisionName>	"subdivision name"@ja	<http://ja.wikipedia.org/wiki/馬登>	<http://wikidata.dbpedia.org/resource/Q108683954>
<http://ja.dbpedia.org/resource/高坂_(君津市)>	"高坂 (君津市)"@ja	<http://dbpedia.org/ontology/Place>	<http://ja.dbpedia.org/property/subdivisionName>	"subdivision name"@ja	<http://ja.wikipedia.org/wiki/高坂_(君津市)>	<http://wikidata.dbpedia.org/resource/Q21653013>
<http://ja.dbpedia.org/resource/高坂_(君津市)>	"高坂 (君津市)"@ja	<http://dbpedia.org/ontology/Settlement>	<http://ja.dbpedia.org/property/subdivisionName>	"subdivision name"@ja	<http://ja.wikipedia.org/wiki/高坂_(君津市)>	<http://wikidata.dbpedia.org/resource/Q21653013>
<http://ja.dbpedia.org/resource/高坂_(君津市)>	"高坂 (君津市)"@ja	<http://dbpedia.org/ontology/PopulatedPlace>	<http://ja.dbpedia.org/property/subdivisionName>	"subdivision name"@ja	<http://ja.wikipedia.org/wiki/高坂_(君津市)>	<http://wikidata.dbpedia.org/resource/Q21653013>
<http://ja.dbpedia.org/resource/高坂_(君津市)>	"高坂 (君津市)"@ja	<http://dbpedia.org/ontology/Location>	<http://ja.dbpedia.org/property/subdivisionName>	"subdivision name"@ja	<http://ja.wikipedia.org/wiki/高坂_(君津市)>	<http://wikidata.dbpedia.org/resource/Q21653013>
<http://ja.dbpedia.org/resource/鴨川市>	"鴨川市"@ja	<http://dbpedia.org/ontology/City>	<http://ja.dbpedia.org/property/隣接自治体>	"隣接自治体"@ja	<http://ja.wikipedia.org/wiki/鴨川市>	<http://wikidata.dbpedia.org/resource/Q387211>
<http://ja.dbpedia.org/resource/鴨川市>	"鴨川市"@ja	<http://dbpedia.org/ontology/Place>	<http://ja.dbpedia.org/property/隣接自治体>	"隣接自治体"@ja	<http://ja.wikipedia.org/wiki/鴨川市>	<http://wikidata.dbpedia.org/resource/Q387211>
<http://ja.dbpedia.org/resource/鴨川市>	"鴨川市"@ja	<http://dbpedia.org/ontology/Location>	<http://ja.dbpedia.org/property/隣接自治体>	"隣接自治体"@ja	<http://ja.wikipedia.org/wiki/鴨川市>	<http://wikidata.dbpedia.org/resource/Q387211>
<http://ja.dbpedia.org/resource/鴨川市>	"鴨川市"@ja	<http://dbpedia.org/ontology/Settlement>	<http://ja.dbpedia.org/property/隣接自治体>	"隣接自治体"@ja	<http://ja.wikipedia.org/wiki/鴨川市>	<http://wikidata.dbpedia.org/resource/Q387211>
<http://ja.dbpedia.org/resource/鴨川市>	"鴨川市"@ja	<http://dbpedia.org/ontology/PopulatedPlace>	<http://ja.dbpedia.org/property/隣接自治体>	"隣接自治体"@ja	<http://ja.wikipedia.org/wiki/鴨川市>	<http://wikidata.dbpedia.org/resource/Q387211>
