?s	?sLabel	?type	?p	?pLabel	?jwiki	?wd
<http://ja.dbpedia.org/resource/佐倉市>	"佐倉市"@ja	<http://dbpedia.org/ontology/Place>	<http://ja.dbpedia.org/property/隣接自治体>	"隣接自治体"@ja	<http://ja.wikipedia.org/wiki/佐倉市>	<http://wikidata.dbpedia.org/resource/Q498011>
<http://ja.dbpedia.org/resource/佐倉市>	"佐倉市"@ja	<http://dbpedia.org/ontology/City>	<http://ja.dbpedia.org/property/隣接自治体>	"隣接自治体"@ja	<http://ja.wikipedia.org/wiki/佐倉市>	<http://wikidata.dbpedia.org/resource/Q498011>
<http://ja.dbpedia.org/resource/佐倉市>	"佐倉市"@ja	<http://dbpedia.org/ontology/Location>	<http://ja.dbpedia.org/property/隣接自治体>	"隣接自治体"@ja	<http://ja.wikipedia.org/wiki/佐倉市>	<http://wikidata.dbpedia.org/resource/Q498011>
<http://ja.dbpedia.org/resource/佐倉市>	"佐倉市"@ja	<http://dbpedia.org/ontology/PopulatedPlace>	<http://ja.dbpedia.org/property/隣接自治体>	"隣接自治体"@ja	<http://ja.wikipedia.org/wiki/佐倉市>	<http://wikidata.dbpedia.org/resource/Q498011>
<http://ja.dbpedia.org/resource/佐倉市>	"佐倉市"@ja	<http://dbpedia.org/ontology/Settlement>	<http://ja.dbpedia.org/property/隣接自治体>	"隣接自治体"@ja	<http://ja.wikipedia.org/wiki/佐倉市>	<http://wikidata.dbpedia.org/resource/Q498011>
<http://ja.dbpedia.org/resource/千葉市>	"千葉市"@ja	<http://dbpedia.org/ontology/PopulatedPlace>	<http://ja.dbpedia.org/property/隣接自治体>	"隣接自治体"@ja	<http://ja.wikipedia.org/wiki/千葉市>	<http://wikidata.dbpedia.org/resource/Q170616>
<http://ja.dbpedia.org/resource/千葉市>	"千葉市"@ja	<http://dbpedia.org/ontology/Place>	<http://ja.dbpedia.org/property/north>	"North"@ja	<http://ja.wikipedia.org/wiki/千葉市>	<http://wikidata.dbpedia.org/resource/Q170616>
<http://ja.dbpedia.org/resource/千葉市>	"千葉市"@ja	<http://dbpedia.org/ontology/City>	<http://ja.dbpedia.org/property/north>	"North"@ja	<http://ja.wikipedia.org/wiki/千葉市>	<http://wikidata.dbpedia.org/resource/Q170616>
<http://ja.dbpedia.org/resource/千葉市>	"千葉市"@ja	<http://dbpedia.org/ontology/Settlement>	<http://ja.dbpedia.org/property/隣接自治体>	"隣接自治体"@ja	<http://ja.wikipedia.org/wiki/千葉市>	<http://wikidata.dbpedia.org/resource/Q170616>
<http://ja.dbpedia.org/resource/千葉市>	"千葉市"@ja	<http://dbpedia.org/ontology/Location>	<http://ja.dbpedia.org/property/隣接自治体>	"隣接自治体"@ja	<http://ja.wikipedia.org/wiki/千葉市>	<http://wikidata.dbpedia.org/resource/Q170616>
<http://ja.dbpedia.org/resource/千葉市>	"千葉市"@ja	<http://dbpedia.org/ontology/Location>	<http://ja.dbpedia.org/property/north>	"North"@ja	<http://ja.wikipedia.org/wiki/千葉市>	<http://wikidata.dbpedia.org/resource/Q170616>
<http://ja.dbpedia.org/resource/千葉市>	"千葉市"@ja	<http://dbpedia.org/ontology/Place>	<http://ja.dbpedia.org/property/隣接自治体>	"隣接自治体"@ja	<http://ja.wikipedia.org/wiki/千葉市>	<http://wikidata.dbpedia.org/resource/Q170616>
<http://ja.dbpedia.org/resource/千葉市>	"千葉市"@ja	<http://dbpedia.org/ontology/Settlement>	<http://ja.dbpedia.org/property/north>	"North"@ja	<http://ja.wikipedia.org/wiki/千葉市>	<http://wikidata.dbpedia.org/resource/Q170616>
<http://ja.dbpedia.org/resource/千葉市>	"千葉市"@ja	<http://dbpedia.org/ontology/PopulatedPlace>	<http://ja.dbpedia.org/property/north>	"North"@ja	<http://ja.wikipedia.org/wiki/千葉市>	<http://wikidata.dbpedia.org/resource/Q170616>
<http://ja.dbpedia.org/resource/千葉市>	"千葉市"@ja	<http://dbpedia.org/ontology/City>	<http://ja.dbpedia.org/property/隣接自治体>	"隣接自治体"@ja	<http://ja.wikipedia.org/wiki/千葉市>	<http://wikidata.dbpedia.org/resource/Q170616>
<http://ja.dbpedia.org/resource/四街道市立中央小学校>	"四街道市立中央小学校"@ja	<http://dbpedia.org/ontology/EducationalInstitution>	<http://ja.dbpedia.org/property/設置者>	"設置者"@ja	<http://ja.wikipedia.org/wiki/四街道市立中央小学校>	<http://wikidata.dbpedia.org/resource/Q11420111>
<http://ja.dbpedia.org/resource/四街道市立中央小学校>	"四街道市立中央小学校"@ja	<http://dbpedia.org/ontology/School>	<http://ja.dbpedia.org/property/設置者>	"設置者"@ja	<http://ja.wikipedia.org/wiki/四街道市立中央小学校>	<http://wikidata.dbpedia.org/resource/Q11420111>
<http://ja.dbpedia.org/resource/四街道市立中央小学校>	"四街道市立中央小学校"@ja	<http://dbpedia.org/ontology/Organisation>	<http://ja.dbpedia.org/property/設置者>	"設置者"@ja	<http://ja.wikipedia.org/wiki/四街道市立中央小学校>	<http://wikidata.dbpedia.org/resource/Q11420111>
<http://ja.dbpedia.org/resource/四街道市立中央小学校>	"四街道市立中央小学校"@ja	<http://dbpedia.org/ontology/Agent>	<http://ja.dbpedia.org/property/設置者>	"設置者"@ja	<http://ja.wikipedia.org/wiki/四街道市立中央小学校>	<http://wikidata.dbpedia.org/resource/Q11420111>
<http://ja.dbpedia.org/resource/四街道市立四街道中学校>	"四街道市立四街道中学校"@ja	<http://dbpedia.org/ontology/School>	<http://ja.dbpedia.org/property/設置者>	"設置者"@ja	<http://ja.wikipedia.org/wiki/四街道市立四街道中学校>	<http://wikidata.dbpedia.org/resource/Q11420110>
<http://ja.dbpedia.org/resource/四街道市立四街道中学校>	"四街道市立四街道中学校"@ja	<http://dbpedia.org/ontology/EducationalInstitution>	<http://ja.dbpedia.org/property/設置者>	"設置者"@ja	<http://ja.wikipedia.org/wiki/四街道市立四街道中学校>	<http://wikidata.dbpedia.org/resource/Q11420110>
<http://ja.dbpedia.org/resource/四街道市立四街道中学校>	"四街道市立四街道中学校"@ja	<http://dbpedia.org/ontology/Agent>	<http://ja.dbpedia.org/property/設置者>	"設置者"@ja	<http://ja.wikipedia.org/wiki/四街道市立四街道中学校>	<http://wikidata.dbpedia.org/resource/Q11420110>
<http://ja.dbpedia.org/resource/四街道市立四街道中学校>	"四街道市立四街道中学校"@ja	<http://dbpedia.org/ontology/Organisation>	<http://ja.dbpedia.org/property/設置者>	"設置者"@ja	<http://ja.wikipedia.org/wiki/四街道市立四街道中学校>	<http://wikidata.dbpedia.org/resource/Q11420110>
<http://ja.dbpedia.org/resource/四街道市立四街道北中学校>	"四街道市立四街道北中学校"@ja	<http://dbpedia.org/ontology/EducationalInstitution>	<http://ja.dbpedia.org/property/設置者>	"設置者"@ja	<http://ja.wikipedia.org/wiki/四街道市立四街道北中学校>	<http://wikidata.dbpedia.org/resource/Q11420112>
<http://ja.dbpedia.org/resource/四街道市立四街道北中学校>	"四街道市立四街道北中学校"@ja	<http://dbpedia.org/ontology/School>	<http://ja.dbpedia.org/property/設置者>	"設置者"@ja	<http://ja.wikipedia.org/wiki/四街道市立四街道北中学校>	<http://wikidata.dbpedia.org/resource/Q11420112>
<http://ja.dbpedia.org/resource/四街道市立四街道北中学校>	"四街道市立四街道北中学校"@ja	<http://dbpedia.org/ontology/Organisation>	<http://ja.dbpedia.org/property/設置者>	"設置者"@ja	<http://ja.wikipedia.org/wiki/四街道市立四街道北中学校>	<http://wikidata.dbpedia.org/resource/Q11420112>
<http://ja.dbpedia.org/resource/四街道市立四街道北中学校>	"四街道市立四街道北中学校"@ja	<http://dbpedia.org/ontology/Agent>	<http://ja.dbpedia.org/property/設置者>	"設置者"@ja	<http://ja.wikipedia.org/wiki/四街道市立四街道北中学校>	<http://wikidata.dbpedia.org/resource/Q11420112>
<http://ja.dbpedia.org/resource/四街道市立栗山小学校>	"四街道市立栗山小学校"@ja	<http://dbpedia.org/ontology/Organisation>	<http://ja.dbpedia.org/property/設置者>	"設置者"@ja	<http://ja.wikipedia.org/wiki/四街道市立栗山小学校>	<http://wikidata.dbpedia.org/resource/Q11420115>
<http://ja.dbpedia.org/resource/四街道市立栗山小学校>	"四街道市立栗山小学校"@ja	<http://dbpedia.org/ontology/Agent>	<http://ja.dbpedia.org/property/設置者>	"設置者"@ja	<http://ja.wikipedia.org/wiki/四街道市立栗山小学校>	<http://wikidata.dbpedia.org/resource/Q11420115>
<http://ja.dbpedia.org/resource/四街道市立栗山小学校>	"四街道市立栗山小学校"@ja	<http://dbpedia.org/ontology/School>	<http://ja.dbpedia.org/property/設置者>	"設置者"@ja	<http://ja.wikipedia.org/wiki/四街道市立栗山小学校>	<http://wikidata.dbpedia.org/resource/Q11420115>
<http://ja.dbpedia.org/resource/四街道市立栗山小学校>	"四街道市立栗山小学校"@ja	<http://dbpedia.org/ontology/EducationalInstitution>	<http://ja.dbpedia.org/property/設置者>	"設置者"@ja	<http://ja.wikipedia.org/wiki/四街道市立栗山小学校>	<http://wikidata.dbpedia.org/resource/Q11420115>
<http://ja.dbpedia.org/resource/手繰川>	"手繰川"@ja	<http://dbpedia.org/ontology/Stream>	<http://ja.dbpedia.org/property/水源>	"水源"@ja	<http://ja.wikipedia.org/wiki/手繰川>	<http://wikidata.dbpedia.org/resource/Q11497125>
<http://ja.dbpedia.org/resource/手繰川>	"手繰川"@ja	<http://dbpedia.org/ontology/BodyOfWater>	<http://ja.dbpedia.org/property/水源>	"水源"@ja	<http://ja.wikipedia.org/wiki/手繰川>	<http://wikidata.dbpedia.org/resource/Q11497125>
<http://ja.dbpedia.org/resource/手繰川>	"手繰川"@ja	<http://dbpedia.org/ontology/NaturalPlace>	<http://ja.dbpedia.org/property/水源>	"水源"@ja	<http://ja.wikipedia.org/wiki/手繰川>	<http://wikidata.dbpedia.org/resource/Q11497125>
<http://ja.dbpedia.org/resource/手繰川>	"手繰川"@ja	<http://dbpedia.org/ontology/River>	<http://ja.dbpedia.org/property/水源>	"水源"@ja	<http://ja.wikipedia.org/wiki/手繰川>	<http://wikidata.dbpedia.org/resource/Q11497125>
<http://ja.dbpedia.org/resource/手繰川>	"手繰川"@ja	<http://dbpedia.org/ontology/Place>	<http://ja.dbpedia.org/property/水源>	"水源"@ja	<http://ja.wikipedia.org/wiki/手繰川>	<http://wikidata.dbpedia.org/resource/Q11497125>
<http://ja.dbpedia.org/resource/手繰川>	"手繰川"@ja	<http://dbpedia.org/ontology/Location>	<http://ja.dbpedia.org/property/水源>	"水源"@ja	<http://ja.wikipedia.org/wiki/手繰川>	<http://wikidata.dbpedia.org/resource/Q11497125>
<http://ja.dbpedia.org/resource/東関東自動車道>	"東関東自動車道"@ja	<http://dbpedia.org/ontology/Road>	<http://ja.dbpedia.org/property/主な経由都市>	"主な経由都市"@ja	<http://ja.wikipedia.org/wiki/東関東自動車道>	<http://wikidata.dbpedia.org/resource/Q864875>
<http://ja.dbpedia.org/resource/東関東自動車道>	"東関東自動車道"@ja	<http://dbpedia.org/ontology/ArchitecturalStructure>	<http://ja.dbpedia.org/property/主な経由都市>	"主な経由都市"@ja	<http://ja.wikipedia.org/wiki/東関東自動車道>	<http://wikidata.dbpedia.org/resource/Q864875>
<http://ja.dbpedia.org/resource/東関東自動車道>	"東関東自動車道"@ja	<http://dbpedia.org/ontology/RouteOfTransportation>	<http://ja.dbpedia.org/property/主な経由都市>	"主な経由都市"@ja	<http://ja.wikipedia.org/wiki/東関東自動車道>	<http://wikidata.dbpedia.org/resource/Q864875>
<http://ja.dbpedia.org/resource/東関東自動車道>	"東関東自動車道"@ja	<http://dbpedia.org/ontology/Infrastructure>	<http://ja.dbpedia.org/property/主な経由都市>	"主な経由都市"@ja	<http://ja.wikipedia.org/wiki/東関東自動車道>	<http://wikidata.dbpedia.org/resource/Q864875>
<http://ja.dbpedia.org/resource/田沼隆志>	"田沼隆志"@ja	<http://dbpedia.org/ontology/Person>	<http://ja.dbpedia.org/property/選挙区>	"選挙区"@ja	<http://ja.wikipedia.org/wiki/田沼隆志>	<http://wikidata.dbpedia.org/resource/Q11577094>
<http://ja.dbpedia.org/resource/田沼隆志>	"田沼隆志"@ja	<http://dbpedia.org/ontology/Species>	<http://ja.dbpedia.org/property/選挙区>	"選挙区"@ja	<http://ja.wikipedia.org/wiki/田沼隆志>	<http://wikidata.dbpedia.org/resource/Q11577094>
<http://ja.dbpedia.org/resource/田沼隆志>	"田沼隆志"@ja	<http://dbpedia.org/ontology/Eukaryote>	<http://ja.dbpedia.org/property/選挙区>	"選挙区"@ja	<http://ja.wikipedia.org/wiki/田沼隆志>	<http://wikidata.dbpedia.org/resource/Q11577094>
<http://ja.dbpedia.org/resource/田沼隆志>	"田沼隆志"@ja	<http://dbpedia.org/ontology/Politician>	<http://ja.dbpedia.org/property/選挙区>	"選挙区"@ja	<http://ja.wikipedia.org/wiki/田沼隆志>	<http://wikidata.dbpedia.org/resource/Q11577094>
<http://ja.dbpedia.org/resource/田沼隆志>	"田沼隆志"@ja	<http://dbpedia.org/ontology/Animal>	<http://ja.dbpedia.org/property/選挙区>	"選挙区"@ja	<http://ja.wikipedia.org/wiki/田沼隆志>	<http://wikidata.dbpedia.org/resource/Q11577094>
<http://ja.dbpedia.org/resource/鹿島川_(千葉県)>	"鹿島川 (千葉県)"@ja	<http://dbpedia.org/ontology/Place>	<http://ja.dbpedia.org/property/流路>	"流路"@ja	<http://ja.wikipedia.org/wiki/鹿島川_(千葉県)>	<http://wikidata.dbpedia.org/resource/Q11677118>
<http://ja.dbpedia.org/resource/鹿島川_(千葉県)>	"鹿島川 (千葉県)"@ja	<http://dbpedia.org/ontology/Location>	<http://ja.dbpedia.org/property/流路>	"流路"@ja	<http://ja.wikipedia.org/wiki/鹿島川_(千葉県)>	<http://wikidata.dbpedia.org/resource/Q11677118>
<http://ja.dbpedia.org/resource/鹿島川_(千葉県)>	"鹿島川 (千葉県)"@ja	<http://dbpedia.org/ontology/River>	<http://ja.dbpedia.org/property/流路>	"流路"@ja	<http://ja.wikipedia.org/wiki/鹿島川_(千葉県)>	<http://wikidata.dbpedia.org/resource/Q11677118>
<http://ja.dbpedia.org/resource/鹿島川_(千葉県)>	"鹿島川 (千葉県)"@ja	<http://dbpedia.org/ontology/BodyOfWater>	<http://ja.dbpedia.org/property/流路>	"流路"@ja	<http://ja.wikipedia.org/wiki/鹿島川_(千葉県)>	<http://wikidata.dbpedia.org/resource/Q11677118>
<http://ja.dbpedia.org/resource/鹿島川_(千葉県)>	"鹿島川 (千葉県)"@ja	<http://dbpedia.org/ontology/NaturalPlace>	<http://ja.dbpedia.org/property/流路>	"流路"@ja	<http://ja.wikipedia.org/wiki/鹿島川_(千葉県)>	<http://wikidata.dbpedia.org/resource/Q11677118>
<http://ja.dbpedia.org/resource/鹿島川_(千葉県)>	"鹿島川 (千葉県)"@ja	<http://dbpedia.org/ontology/Stream>	<http://ja.dbpedia.org/property/流路>	"流路"@ja	<http://ja.wikipedia.org/wiki/鹿島川_(千葉県)>	<http://wikidata.dbpedia.org/resource/Q11677118>
<http://ja.dbpedia.org/resource/志村けんとドリフの大爆笑物語>	"志村けんとドリフの大爆笑物語"@ja	<http://dbpedia.org/ontology/Work>	<http://ja.dbpedia.org/property/撮影地>	"撮影地"@ja	<http://ja.wikipedia.org/wiki/志村けんとドリフの大爆笑物語>	
<http://ja.dbpedia.org/resource/志村けんとドリフの大爆笑物語>	"志村けんとドリフの大爆笑物語"@ja	<http://dbpedia.org/ontology/TelevisionShow>	<http://ja.dbpedia.org/property/撮影地>	"撮影地"@ja	<http://ja.wikipedia.org/wiki/志村けんとドリフの大爆笑物語>	
<http://ja.dbpedia.org/resource/鹿渡_(四街道市)>	"鹿渡 (四街道市)"@ja	<http://dbpedia.org/ontology/Location>	<http://ja.dbpedia.org/property/subdivisionName>	"subdivision name"@ja	<http://ja.wikipedia.org/wiki/鹿渡_(四街道市)>	
<http://ja.dbpedia.org/resource/鹿渡_(四街道市)>	"鹿渡 (四街道市)"@ja	<http://dbpedia.org/ontology/Place>	<http://ja.dbpedia.org/property/subdivisionName>	"subdivision name"@ja	<http://ja.wikipedia.org/wiki/鹿渡_(四街道市)>	
<http://ja.dbpedia.org/resource/鹿渡_(四街道市)>	"鹿渡 (四街道市)"@ja	<http://dbpedia.org/ontology/PopulatedPlace>	<http://ja.dbpedia.org/property/subdivisionName>	"subdivision name"@ja	<http://ja.wikipedia.org/wiki/鹿渡_(四街道市)>	
<http://ja.dbpedia.org/resource/鹿渡_(四街道市)>	"鹿渡 (四街道市)"@ja	<http://dbpedia.org/ontology/Settlement>	<http://ja.dbpedia.org/property/subdivisionName>	"subdivision name"@ja	<http://ja.wikipedia.org/wiki/鹿渡_(四街道市)>	
