?s	?sLabel	?type	?p	?pLabel	?jwiki	?wd
<http://ja.dbpedia.org/resource/くぬぎ山>	"くぬぎ山"@ja	<http://dbpedia.org/ontology/Place>	<http://ja.dbpedia.org/property/subdivisionName>	"subdivision name"@ja	<http://ja.wikipedia.org/wiki/くぬぎ山>	<http://wikidata.dbpedia.org/resource/Q11265478>
<http://ja.dbpedia.org/resource/くぬぎ山>	"くぬぎ山"@ja	<http://dbpedia.org/ontology/Settlement>	<http://ja.dbpedia.org/property/subdivisionName>	"subdivision name"@ja	<http://ja.wikipedia.org/wiki/くぬぎ山>	<http://wikidata.dbpedia.org/resource/Q11265478>
<http://ja.dbpedia.org/resource/くぬぎ山>	"くぬぎ山"@ja	<http://dbpedia.org/ontology/Location>	<http://ja.dbpedia.org/property/subdivisionName>	"subdivision name"@ja	<http://ja.wikipedia.org/wiki/くぬぎ山>	<http://wikidata.dbpedia.org/resource/Q11265478>
<http://ja.dbpedia.org/resource/くぬぎ山>	"くぬぎ山"@ja	<http://dbpedia.org/ontology/PopulatedPlace>	<http://ja.dbpedia.org/property/subdivisionName>	"subdivision name"@ja	<http://ja.wikipedia.org/wiki/くぬぎ山>	<http://wikidata.dbpedia.org/resource/Q11265478>
<http://ja.dbpedia.org/resource/中央_(鎌ケ谷市)>	"中央 (鎌ケ谷市)"@ja	<http://dbpedia.org/ontology/Place>	<http://ja.dbpedia.org/property/subdivisionName>	"subdivision name"@ja	<http://ja.wikipedia.org/wiki/中央_(鎌ケ谷市)>	<http://wikidata.dbpedia.org/resource/Q11363561>
<http://ja.dbpedia.org/resource/中央_(鎌ケ谷市)>	"中央 (鎌ケ谷市)"@ja	<http://dbpedia.org/ontology/Settlement>	<http://ja.dbpedia.org/property/subdivisionName>	"subdivision name"@ja	<http://ja.wikipedia.org/wiki/中央_(鎌ケ谷市)>	<http://wikidata.dbpedia.org/resource/Q11363561>
<http://ja.dbpedia.org/resource/中央_(鎌ケ谷市)>	"中央 (鎌ケ谷市)"@ja	<http://dbpedia.org/ontology/Location>	<http://ja.dbpedia.org/property/subdivisionName>	"subdivision name"@ja	<http://ja.wikipedia.org/wiki/中央_(鎌ケ谷市)>	<http://wikidata.dbpedia.org/resource/Q11363561>
<http://ja.dbpedia.org/resource/中央_(鎌ケ谷市)>	"中央 (鎌ケ谷市)"@ja	<http://dbpedia.org/ontology/PopulatedPlace>	<http://ja.dbpedia.org/property/subdivisionName>	"subdivision name"@ja	<http://ja.wikipedia.org/wiki/中央_(鎌ケ谷市)>	<http://wikidata.dbpedia.org/resource/Q11363561>
<http://ja.dbpedia.org/resource/中沢_(鎌ケ谷市)>	"中沢 (鎌ケ谷市)"@ja	<http://dbpedia.org/ontology/Place>	<http://ja.dbpedia.org/property/subdivisionName>	"subdivision name"@ja	<http://ja.wikipedia.org/wiki/中沢_(鎌ケ谷市)>	<http://wikidata.dbpedia.org/resource/Q11366350>
<http://ja.dbpedia.org/resource/中沢_(鎌ケ谷市)>	"中沢 (鎌ケ谷市)"@ja	<http://dbpedia.org/ontology/Settlement>	<http://ja.dbpedia.org/property/subdivisionName>	"subdivision name"@ja	<http://ja.wikipedia.org/wiki/中沢_(鎌ケ谷市)>	<http://wikidata.dbpedia.org/resource/Q11366350>
<http://ja.dbpedia.org/resource/中沢_(鎌ケ谷市)>	"中沢 (鎌ケ谷市)"@ja	<http://dbpedia.org/ontology/Location>	<http://ja.dbpedia.org/property/subdivisionName>	"subdivision name"@ja	<http://ja.wikipedia.org/wiki/中沢_(鎌ケ谷市)>	<http://wikidata.dbpedia.org/resource/Q11366350>
<http://ja.dbpedia.org/resource/中沢_(鎌ケ谷市)>	"中沢 (鎌ケ谷市)"@ja	<http://dbpedia.org/ontology/PopulatedPlace>	<http://ja.dbpedia.org/property/subdivisionName>	"subdivision name"@ja	<http://ja.wikipedia.org/wiki/中沢_(鎌ケ谷市)>	<http://wikidata.dbpedia.org/resource/Q11366350>
<http://ja.dbpedia.org/resource/串崎新田>	"串崎新田"@ja	<http://dbpedia.org/ontology/Location>	<http://ja.dbpedia.org/property/subdivisionName>	"subdivision name"@ja	<http://ja.wikipedia.org/wiki/串崎新田>	<http://wikidata.dbpedia.org/resource/Q11367875>
<http://ja.dbpedia.org/resource/串崎新田>	"串崎新田"@ja	<http://dbpedia.org/ontology/PopulatedPlace>	<http://ja.dbpedia.org/property/subdivisionName>	"subdivision name"@ja	<http://ja.wikipedia.org/wiki/串崎新田>	<http://wikidata.dbpedia.org/resource/Q11367875>
<http://ja.dbpedia.org/resource/串崎新田>	"串崎新田"@ja	<http://dbpedia.org/ontology/Settlement>	<http://ja.dbpedia.org/property/subdivisionName>	"subdivision name"@ja	<http://ja.wikipedia.org/wiki/串崎新田>	<http://wikidata.dbpedia.org/resource/Q11367875>
<http://ja.dbpedia.org/resource/串崎新田>	"串崎新田"@ja	<http://dbpedia.org/ontology/Place>	<http://ja.dbpedia.org/property/subdivisionName>	"subdivision name"@ja	<http://ja.wikipedia.org/wiki/串崎新田>	<http://wikidata.dbpedia.org/resource/Q11367875>
<http://ja.dbpedia.org/resource/丸山_(鎌ケ谷市)>	"丸山 (鎌ケ谷市)"@ja	<http://dbpedia.org/ontology/Place>	<http://ja.dbpedia.org/property/subdivisionName>	"subdivision name"@ja	<http://ja.wikipedia.org/wiki/丸山_(鎌ケ谷市)>	<http://wikidata.dbpedia.org/resource/Q11368136>
<http://ja.dbpedia.org/resource/丸山_(鎌ケ谷市)>	"丸山 (鎌ケ谷市)"@ja	<http://dbpedia.org/ontology/Settlement>	<http://ja.dbpedia.org/property/subdivisionName>	"subdivision name"@ja	<http://ja.wikipedia.org/wiki/丸山_(鎌ケ谷市)>	<http://wikidata.dbpedia.org/resource/Q11368136>
<http://ja.dbpedia.org/resource/丸山_(鎌ケ谷市)>	"丸山 (鎌ケ谷市)"@ja	<http://dbpedia.org/ontology/Location>	<http://ja.dbpedia.org/property/subdivisionName>	"subdivision name"@ja	<http://ja.wikipedia.org/wiki/丸山_(鎌ケ谷市)>	<http://wikidata.dbpedia.org/resource/Q11368136>
<http://ja.dbpedia.org/resource/丸山_(鎌ケ谷市)>	"丸山 (鎌ケ谷市)"@ja	<http://dbpedia.org/ontology/PopulatedPlace>	<http://ja.dbpedia.org/property/subdivisionName>	"subdivision name"@ja	<http://ja.wikipedia.org/wiki/丸山_(鎌ケ谷市)>	<http://wikidata.dbpedia.org/resource/Q11368136>
<http://ja.dbpedia.org/resource/二重川_(千葉県)>	"二重川 (千葉県)"@ja	<http://dbpedia.org/ontology/NaturalPlace>	<http://ja.dbpedia.org/property/水源>	"水源"@ja	<http://ja.wikipedia.org/wiki/二重川_(千葉県)>	<http://wikidata.dbpedia.org/resource/Q17212826>
<http://ja.dbpedia.org/resource/二重川_(千葉県)>	"二重川 (千葉県)"@ja	<http://dbpedia.org/ontology/Stream>	<http://ja.dbpedia.org/property/水源>	"水源"@ja	<http://ja.wikipedia.org/wiki/二重川_(千葉県)>	<http://wikidata.dbpedia.org/resource/Q17212826>
<http://ja.dbpedia.org/resource/二重川_(千葉県)>	"二重川 (千葉県)"@ja	<http://dbpedia.org/ontology/BodyOfWater>	<http://ja.dbpedia.org/property/水源>	"水源"@ja	<http://ja.wikipedia.org/wiki/二重川_(千葉県)>	<http://wikidata.dbpedia.org/resource/Q17212826>
<http://ja.dbpedia.org/resource/二重川_(千葉県)>	"二重川 (千葉県)"@ja	<http://dbpedia.org/ontology/River>	<http://ja.dbpedia.org/property/水源>	"水源"@ja	<http://ja.wikipedia.org/wiki/二重川_(千葉県)>	<http://wikidata.dbpedia.org/resource/Q17212826>
<http://ja.dbpedia.org/resource/二重川_(千葉県)>	"二重川 (千葉県)"@ja	<http://dbpedia.org/ontology/Place>	<http://ja.dbpedia.org/property/水源>	"水源"@ja	<http://ja.wikipedia.org/wiki/二重川_(千葉県)>	<http://wikidata.dbpedia.org/resource/Q17212826>
<http://ja.dbpedia.org/resource/二重川_(千葉県)>	"二重川 (千葉県)"@ja	<http://dbpedia.org/ontology/Location>	<http://ja.dbpedia.org/property/水源>	"水源"@ja	<http://ja.wikipedia.org/wiki/二重川_(千葉県)>	<http://wikidata.dbpedia.org/resource/Q17212826>
<http://ja.dbpedia.org/resource/佐津間>	"佐津間"@ja	<http://dbpedia.org/ontology/PopulatedPlace>	<http://ja.dbpedia.org/property/subdivisionName>	"subdivision name"@ja	<http://ja.wikipedia.org/wiki/佐津間>	<http://wikidata.dbpedia.org/resource/Q767379>
<http://ja.dbpedia.org/resource/佐津間>	"佐津間"@ja	<http://dbpedia.org/ontology/Location>	<http://ja.dbpedia.org/property/subdivisionName>	"subdivision name"@ja	<http://ja.wikipedia.org/wiki/佐津間>	<http://wikidata.dbpedia.org/resource/Q767379>
<http://ja.dbpedia.org/resource/佐津間>	"佐津間"@ja	<http://dbpedia.org/ontology/Settlement>	<http://ja.dbpedia.org/property/subdivisionName>	"subdivision name"@ja	<http://ja.wikipedia.org/wiki/佐津間>	<http://wikidata.dbpedia.org/resource/Q767379>
<http://ja.dbpedia.org/resource/佐津間>	"佐津間"@ja	<http://dbpedia.org/ontology/Place>	<http://ja.dbpedia.org/property/subdivisionName>	"subdivision name"@ja	<http://ja.wikipedia.org/wiki/佐津間>	<http://wikidata.dbpedia.org/resource/Q767379>
<http://ja.dbpedia.org/resource/初富>	"初富"@ja	<http://dbpedia.org/ontology/PopulatedPlace>	<http://ja.dbpedia.org/property/subdivisionName>	"subdivision name"@ja	<http://ja.wikipedia.org/wiki/初富>	<http://wikidata.dbpedia.org/resource/Q11396462>
<http://ja.dbpedia.org/resource/初富>	"初富"@ja	<http://dbpedia.org/ontology/Location>	<http://ja.dbpedia.org/property/subdivisionName>	"subdivision name"@ja	<http://ja.wikipedia.org/wiki/初富>	<http://wikidata.dbpedia.org/resource/Q11396462>
<http://ja.dbpedia.org/resource/初富>	"初富"@ja	<http://dbpedia.org/ontology/Place>	<http://ja.dbpedia.org/property/subdivisionName>	"subdivision name"@ja	<http://ja.wikipedia.org/wiki/初富>	<http://wikidata.dbpedia.org/resource/Q11396462>
<http://ja.dbpedia.org/resource/初富>	"初富"@ja	<http://dbpedia.org/ontology/Settlement>	<http://ja.dbpedia.org/property/subdivisionName>	"subdivision name"@ja	<http://ja.wikipedia.org/wiki/初富>	<http://wikidata.dbpedia.org/resource/Q11396462>
<http://ja.dbpedia.org/resource/千葉県道57号千葉鎌ケ谷松戸線>	"千葉県道57号千葉鎌ケ谷松戸線"@ja	<http://dbpedia.org/ontology/ArchitecturalStructure>	<http://ja.dbpedia.org/property/主な経由都市>	"主な経由都市"@ja	<http://ja.wikipedia.org/wiki/千葉県道57号千葉鎌ケ谷松戸線>	<http://wikidata.dbpedia.org/resource/Q11406640>
<http://ja.dbpedia.org/resource/千葉県道57号千葉鎌ケ谷松戸線>	"千葉県道57号千葉鎌ケ谷松戸線"@ja	<http://dbpedia.org/ontology/Road>	<http://ja.dbpedia.org/property/主な経由都市>	"主な経由都市"@ja	<http://ja.wikipedia.org/wiki/千葉県道57号千葉鎌ケ谷松戸線>	<http://wikidata.dbpedia.org/resource/Q11406640>
<http://ja.dbpedia.org/resource/千葉県道57号千葉鎌ケ谷松戸線>	"千葉県道57号千葉鎌ケ谷松戸線"@ja	<http://dbpedia.org/ontology/RouteOfTransportation>	<http://ja.dbpedia.org/property/主な経由都市>	"主な経由都市"@ja	<http://ja.wikipedia.org/wiki/千葉県道57号千葉鎌ケ谷松戸線>	<http://wikidata.dbpedia.org/resource/Q11406640>
<http://ja.dbpedia.org/resource/千葉県道57号千葉鎌ケ谷松戸線>	"千葉県道57号千葉鎌ケ谷松戸線"@ja	<http://dbpedia.org/ontology/Infrastructure>	<http://ja.dbpedia.org/property/主な経由都市>	"主な経由都市"@ja	<http://ja.wikipedia.org/wiki/千葉県道57号千葉鎌ケ谷松戸線>	<http://wikidata.dbpedia.org/resource/Q11406640>
<http://ja.dbpedia.org/resource/右京塚>	"右京塚"@ja	<http://dbpedia.org/ontology/Place>	<http://ja.dbpedia.org/property/subdivisionName>	"subdivision name"@ja	<http://ja.wikipedia.org/wiki/右京塚>	<http://wikidata.dbpedia.org/resource/Q11412138>
<http://ja.dbpedia.org/resource/右京塚>	"右京塚"@ja	<http://dbpedia.org/ontology/Settlement>	<http://ja.dbpedia.org/property/subdivisionName>	"subdivision name"@ja	<http://ja.wikipedia.org/wiki/右京塚>	<http://wikidata.dbpedia.org/resource/Q11412138>
<http://ja.dbpedia.org/resource/右京塚>	"右京塚"@ja	<http://dbpedia.org/ontology/PopulatedPlace>	<http://ja.dbpedia.org/property/subdivisionName>	"subdivision name"@ja	<http://ja.wikipedia.org/wiki/右京塚>	<http://wikidata.dbpedia.org/resource/Q11412138>
<http://ja.dbpedia.org/resource/右京塚>	"右京塚"@ja	<http://dbpedia.org/ontology/Location>	<http://ja.dbpedia.org/property/subdivisionName>	"subdivision name"@ja	<http://ja.wikipedia.org/wiki/右京塚>	<http://wikidata.dbpedia.org/resource/Q11412138>
<http://ja.dbpedia.org/resource/大柏川>	"大柏川"@ja	<http://dbpedia.org/ontology/NaturalPlace>	<http://ja.dbpedia.org/property/流域>	"流域"@ja	<http://ja.wikipedia.org/wiki/大柏川>	<http://wikidata.dbpedia.org/resource/Q11436228>
<http://ja.dbpedia.org/resource/大柏川>	"大柏川"@ja	<http://dbpedia.org/ontology/BodyOfWater>	<http://ja.dbpedia.org/property/流域>	"流域"@ja	<http://ja.wikipedia.org/wiki/大柏川>	<http://wikidata.dbpedia.org/resource/Q11436228>
<http://ja.dbpedia.org/resource/大柏川>	"大柏川"@ja	<http://dbpedia.org/ontology/Stream>	<http://ja.dbpedia.org/property/流域>	"流域"@ja	<http://ja.wikipedia.org/wiki/大柏川>	<http://wikidata.dbpedia.org/resource/Q11436228>
<http://ja.dbpedia.org/resource/大柏川>	"大柏川"@ja	<http://dbpedia.org/ontology/River>	<http://ja.dbpedia.org/property/流域>	"流域"@ja	<http://ja.wikipedia.org/wiki/大柏川>	<http://wikidata.dbpedia.org/resource/Q11436228>
<http://ja.dbpedia.org/resource/大柏川>	"大柏川"@ja	<http://dbpedia.org/ontology/Place>	<http://ja.dbpedia.org/property/流域>	"流域"@ja	<http://ja.wikipedia.org/wiki/大柏川>	<http://wikidata.dbpedia.org/resource/Q11436228>
<http://ja.dbpedia.org/resource/大柏川>	"大柏川"@ja	<http://dbpedia.org/ontology/Location>	<http://ja.dbpedia.org/property/流域>	"流域"@ja	<http://ja.wikipedia.org/wiki/大柏川>	<http://wikidata.dbpedia.org/resource/Q11436228>
<http://ja.dbpedia.org/resource/富岡_(鎌ケ谷市)>	"富岡 (鎌ケ谷市)"@ja	<http://dbpedia.org/ontology/Settlement>	<http://ja.dbpedia.org/property/subdivisionName>	"subdivision name"@ja	<http://ja.wikipedia.org/wiki/富岡_(鎌ケ谷市)>	<http://wikidata.dbpedia.org/resource/Q11456871>
<http://ja.dbpedia.org/resource/富岡_(鎌ケ谷市)>	"富岡 (鎌ケ谷市)"@ja	<http://dbpedia.org/ontology/Place>	<http://ja.dbpedia.org/property/subdivisionName>	"subdivision name"@ja	<http://ja.wikipedia.org/wiki/富岡_(鎌ケ谷市)>	<http://wikidata.dbpedia.org/resource/Q11456871>
<http://ja.dbpedia.org/resource/富岡_(鎌ケ谷市)>	"富岡 (鎌ケ谷市)"@ja	<http://dbpedia.org/ontology/Location>	<http://ja.dbpedia.org/property/subdivisionName>	"subdivision name"@ja	<http://ja.wikipedia.org/wiki/富岡_(鎌ケ谷市)>	<http://wikidata.dbpedia.org/resource/Q11456871>
<http://ja.dbpedia.org/resource/富岡_(鎌ケ谷市)>	"富岡 (鎌ケ谷市)"@ja	<http://dbpedia.org/ontology/PopulatedPlace>	<http://ja.dbpedia.org/property/subdivisionName>	"subdivision name"@ja	<http://ja.wikipedia.org/wiki/富岡_(鎌ケ谷市)>	<http://wikidata.dbpedia.org/resource/Q11456871>
<http://ja.dbpedia.org/resource/市川市>	"市川市"@ja	<http://dbpedia.org/ontology/Place>	<http://ja.dbpedia.org/property/northeast>	"Northeast"@ja	<http://ja.wikipedia.org/wiki/市川市>	<http://wikidata.dbpedia.org/resource/Q209785>
<http://ja.dbpedia.org/resource/市川市>	"市川市"@ja	<http://dbpedia.org/ontology/Location>	<http://ja.dbpedia.org/property/隣接自治体>	"隣接自治体"@ja	<http://ja.wikipedia.org/wiki/市川市>	<http://wikidata.dbpedia.org/resource/Q209785>
<http://ja.dbpedia.org/resource/市川市>	"市川市"@ja	<http://dbpedia.org/ontology/PopulatedPlace>	<http://ja.dbpedia.org/property/隣接自治体>	"隣接自治体"@ja	<http://ja.wikipedia.org/wiki/市川市>	<http://wikidata.dbpedia.org/resource/Q209785>
<http://ja.dbpedia.org/resource/市川市>	"市川市"@ja	<http://dbpedia.org/ontology/City>	<http://ja.dbpedia.org/property/northeast>	"Northeast"@ja	<http://ja.wikipedia.org/wiki/市川市>	<http://wikidata.dbpedia.org/resource/Q209785>
<http://ja.dbpedia.org/resource/市川市>	"市川市"@ja	<http://dbpedia.org/ontology/Settlement>	<http://ja.dbpedia.org/property/隣接自治体>	"隣接自治体"@ja	<http://ja.wikipedia.org/wiki/市川市>	<http://wikidata.dbpedia.org/resource/Q209785>
<http://ja.dbpedia.org/resource/市川市>	"市川市"@ja	<http://dbpedia.org/ontology/PopulatedPlace>	<http://ja.dbpedia.org/property/northeast>	"Northeast"@ja	<http://ja.wikipedia.org/wiki/市川市>	<http://wikidata.dbpedia.org/resource/Q209785>
<http://ja.dbpedia.org/resource/市川市>	"市川市"@ja	<http://dbpedia.org/ontology/Place>	<http://ja.dbpedia.org/property/隣接自治体>	"隣接自治体"@ja	<http://ja.wikipedia.org/wiki/市川市>	<http://wikidata.dbpedia.org/resource/Q209785>
<http://ja.dbpedia.org/resource/市川市>	"市川市"@ja	<http://dbpedia.org/ontology/Location>	<http://ja.dbpedia.org/property/northeast>	"Northeast"@ja	<http://ja.wikipedia.org/wiki/市川市>	<http://wikidata.dbpedia.org/resource/Q209785>
<http://ja.dbpedia.org/resource/市川市>	"市川市"@ja	<http://dbpedia.org/ontology/City>	<http://ja.dbpedia.org/property/隣接自治体>	"隣接自治体"@ja	<http://ja.wikipedia.org/wiki/市川市>	<http://wikidata.dbpedia.org/resource/Q209785>
<http://ja.dbpedia.org/resource/市川市>	"市川市"@ja	<http://dbpedia.org/ontology/Settlement>	<http://ja.dbpedia.org/property/northeast>	"Northeast"@ja	<http://ja.wikipedia.org/wiki/市川市>	<http://wikidata.dbpedia.org/resource/Q209785>
<http://ja.dbpedia.org/resource/新鎌ケ谷>	"新鎌ケ谷"@ja	<http://dbpedia.org/ontology/PopulatedPlace>	<http://ja.dbpedia.org/property/subdivisionName>	"subdivision name"@ja	<http://ja.wikipedia.org/wiki/新鎌ケ谷>	<http://wikidata.dbpedia.org/resource/Q11504249>
<http://ja.dbpedia.org/resource/新鎌ケ谷>	"新鎌ケ谷"@ja	<http://dbpedia.org/ontology/Location>	<http://ja.dbpedia.org/property/subdivisionName>	"subdivision name"@ja	<http://ja.wikipedia.org/wiki/新鎌ケ谷>	<http://wikidata.dbpedia.org/resource/Q11504249>
<http://ja.dbpedia.org/resource/新鎌ケ谷>	"新鎌ケ谷"@ja	<http://dbpedia.org/ontology/Place>	<http://ja.dbpedia.org/property/subdivisionName>	"subdivision name"@ja	<http://ja.wikipedia.org/wiki/新鎌ケ谷>	<http://wikidata.dbpedia.org/resource/Q11504249>
<http://ja.dbpedia.org/resource/新鎌ケ谷>	"新鎌ケ谷"@ja	<http://dbpedia.org/ontology/Settlement>	<http://ja.dbpedia.org/property/subdivisionName>	"subdivision name"@ja	<http://ja.wikipedia.org/wiki/新鎌ケ谷>	<http://wikidata.dbpedia.org/resource/Q11504249>
<http://ja.dbpedia.org/resource/松戸市>	"松戸市"@ja	<http://dbpedia.org/ontology/City>	<http://ja.dbpedia.org/property/east>	"East"@ja	<http://ja.wikipedia.org/wiki/松戸市>	<http://wikidata.dbpedia.org/resource/Q320943>
<http://ja.dbpedia.org/resource/松戸市>	"松戸市"@ja	<http://dbpedia.org/ontology/PopulatedPlace>	<http://ja.dbpedia.org/property/隣接自治体>	"隣接自治体"@ja	<http://ja.wikipedia.org/wiki/松戸市>	<http://wikidata.dbpedia.org/resource/Q320943>
<http://ja.dbpedia.org/resource/松戸市>	"松戸市"@ja	<http://dbpedia.org/ontology/Settlement>	<http://ja.dbpedia.org/property/隣接自治体>	"隣接自治体"@ja	<http://ja.wikipedia.org/wiki/松戸市>	<http://wikidata.dbpedia.org/resource/Q320943>
<http://ja.dbpedia.org/resource/松戸市>	"松戸市"@ja	<http://dbpedia.org/ontology/Place>	<http://ja.dbpedia.org/property/east>	"East"@ja	<http://ja.wikipedia.org/wiki/松戸市>	<http://wikidata.dbpedia.org/resource/Q320943>
<http://ja.dbpedia.org/resource/松戸市>	"松戸市"@ja	<http://dbpedia.org/ontology/Location>	<http://ja.dbpedia.org/property/隣接自治体>	"隣接自治体"@ja	<http://ja.wikipedia.org/wiki/松戸市>	<http://wikidata.dbpedia.org/resource/Q320943>
<http://ja.dbpedia.org/resource/松戸市>	"松戸市"@ja	<http://dbpedia.org/ontology/Location>	<http://ja.dbpedia.org/property/east>	"East"@ja	<http://ja.wikipedia.org/wiki/松戸市>	<http://wikidata.dbpedia.org/resource/Q320943>
<http://ja.dbpedia.org/resource/松戸市>	"松戸市"@ja	<http://dbpedia.org/ontology/Place>	<http://ja.dbpedia.org/property/隣接自治体>	"隣接自治体"@ja	<http://ja.wikipedia.org/wiki/松戸市>	<http://wikidata.dbpedia.org/resource/Q320943>
<http://ja.dbpedia.org/resource/松戸市>	"松戸市"@ja	<http://dbpedia.org/ontology/PopulatedPlace>	<http://ja.dbpedia.org/property/east>	"East"@ja	<http://ja.wikipedia.org/wiki/松戸市>	<http://wikidata.dbpedia.org/resource/Q320943>
<http://ja.dbpedia.org/resource/松戸市>	"松戸市"@ja	<http://dbpedia.org/ontology/City>	<http://ja.dbpedia.org/property/隣接自治体>	"隣接自治体"@ja	<http://ja.wikipedia.org/wiki/松戸市>	<http://wikidata.dbpedia.org/resource/Q320943>
<http://ja.dbpedia.org/resource/松戸市>	"松戸市"@ja	<http://dbpedia.org/ontology/Settlement>	<http://ja.dbpedia.org/property/east>	"East"@ja	<http://ja.wikipedia.org/wiki/松戸市>	<http://wikidata.dbpedia.org/resource/Q320943>
<http://ja.dbpedia.org/resource/柏市>	"柏市"@ja	<http://dbpedia.org/ontology/PopulatedPlace>	<http://ja.dbpedia.org/property/隣接自治体>	"隣接自治体"@ja	<http://ja.wikipedia.org/wiki/柏市>	<http://wikidata.dbpedia.org/resource/Q319743>
<http://ja.dbpedia.org/resource/柏市>	"柏市"@ja	<http://dbpedia.org/ontology/Place>	<http://ja.dbpedia.org/property/south>	"South"@ja	<http://ja.wikipedia.org/wiki/柏市>	<http://wikidata.dbpedia.org/resource/Q319743>
<http://ja.dbpedia.org/resource/柏市>	"柏市"@ja	<http://dbpedia.org/ontology/City>	<http://ja.dbpedia.org/property/south>	"South"@ja	<http://ja.wikipedia.org/wiki/柏市>	<http://wikidata.dbpedia.org/resource/Q319743>
<http://ja.dbpedia.org/resource/柏市>	"柏市"@ja	<http://dbpedia.org/ontology/Location>	<http://ja.dbpedia.org/property/隣接自治体>	"隣接自治体"@ja	<http://ja.wikipedia.org/wiki/柏市>	<http://wikidata.dbpedia.org/resource/Q319743>
<http://ja.dbpedia.org/resource/柏市>	"柏市"@ja	<http://dbpedia.org/ontology/Settlement>	<http://ja.dbpedia.org/property/隣接自治体>	"隣接自治体"@ja	<http://ja.wikipedia.org/wiki/柏市>	<http://wikidata.dbpedia.org/resource/Q319743>
<http://ja.dbpedia.org/resource/柏市>	"柏市"@ja	<http://dbpedia.org/ontology/Settlement>	<http://ja.dbpedia.org/property/south>	"South"@ja	<http://ja.wikipedia.org/wiki/柏市>	<http://wikidata.dbpedia.org/resource/Q319743>
<http://ja.dbpedia.org/resource/柏市>	"柏市"@ja	<http://dbpedia.org/ontology/City>	<http://ja.dbpedia.org/property/隣接自治体>	"隣接自治体"@ja	<http://ja.wikipedia.org/wiki/柏市>	<http://wikidata.dbpedia.org/resource/Q319743>
<http://ja.dbpedia.org/resource/柏市>	"柏市"@ja	<http://dbpedia.org/ontology/PopulatedPlace>	<http://ja.dbpedia.org/property/south>	"South"@ja	<http://ja.wikipedia.org/wiki/柏市>	<http://wikidata.dbpedia.org/resource/Q319743>
<http://ja.dbpedia.org/resource/柏市>	"柏市"@ja	<http://dbpedia.org/ontology/Place>	<http://ja.dbpedia.org/property/隣接自治体>	"隣接自治体"@ja	<http://ja.wikipedia.org/wiki/柏市>	<http://wikidata.dbpedia.org/resource/Q319743>
<http://ja.dbpedia.org/resource/柏市>	"柏市"@ja	<http://dbpedia.org/ontology/Location>	<http://ja.dbpedia.org/property/south>	"South"@ja	<http://ja.wikipedia.org/wiki/柏市>	<http://wikidata.dbpedia.org/resource/Q319743>
<http://ja.dbpedia.org/resource/根郷川>	"根郷川"@ja	<http://dbpedia.org/ontology/Place>	<http://ja.dbpedia.org/property/水源>	"水源"@ja	<http://ja.wikipedia.org/wiki/根郷川>	<http://wikidata.dbpedia.org/resource/Q11536479>
<http://ja.dbpedia.org/resource/根郷川>	"根郷川"@ja	<http://dbpedia.org/ontology/River>	<http://ja.dbpedia.org/property/水源>	"水源"@ja	<http://ja.wikipedia.org/wiki/根郷川>	<http://wikidata.dbpedia.org/resource/Q11536479>
<http://ja.dbpedia.org/resource/根郷川>	"根郷川"@ja	<http://dbpedia.org/ontology/Location>	<http://ja.dbpedia.org/property/水源>	"水源"@ja	<http://ja.wikipedia.org/wiki/根郷川>	<http://wikidata.dbpedia.org/resource/Q11536479>
<http://ja.dbpedia.org/resource/根郷川>	"根郷川"@ja	<http://dbpedia.org/ontology/BodyOfWater>	<http://ja.dbpedia.org/property/水源>	"水源"@ja	<http://ja.wikipedia.org/wiki/根郷川>	<http://wikidata.dbpedia.org/resource/Q11536479>
<http://ja.dbpedia.org/resource/根郷川>	"根郷川"@ja	<http://dbpedia.org/ontology/NaturalPlace>	<http://ja.dbpedia.org/property/水源>	"水源"@ja	<http://ja.wikipedia.org/wiki/根郷川>	<http://wikidata.dbpedia.org/resource/Q11536479>
<http://ja.dbpedia.org/resource/根郷川>	"根郷川"@ja	<http://dbpedia.org/ontology/Stream>	<http://ja.dbpedia.org/property/水源>	"水源"@ja	<http://ja.wikipedia.org/wiki/根郷川>	<http://wikidata.dbpedia.org/resource/Q11536479>
<http://ja.dbpedia.org/resource/白井市>	"白井市"@ja	<http://dbpedia.org/ontology/Place>	<http://ja.dbpedia.org/property/隣接自治体>	"隣接自治体"@ja	<http://ja.wikipedia.org/wiki/白井市>	<http://wikidata.dbpedia.org/resource/Q519187>
<http://ja.dbpedia.org/resource/白井市>	"白井市"@ja	<http://dbpedia.org/ontology/City>	<http://ja.dbpedia.org/property/隣接自治体>	"隣接自治体"@ja	<http://ja.wikipedia.org/wiki/白井市>	<http://wikidata.dbpedia.org/resource/Q519187>
<http://ja.dbpedia.org/resource/白井市>	"白井市"@ja	<http://dbpedia.org/ontology/Settlement>	<http://ja.dbpedia.org/property/隣接自治体>	"隣接自治体"@ja	<http://ja.wikipedia.org/wiki/白井市>	<http://wikidata.dbpedia.org/resource/Q519187>
<http://ja.dbpedia.org/resource/白井市>	"白井市"@ja	<http://dbpedia.org/ontology/PopulatedPlace>	<http://ja.dbpedia.org/property/隣接自治体>	"隣接自治体"@ja	<http://ja.wikipedia.org/wiki/白井市>	<http://wikidata.dbpedia.org/resource/Q519187>
<http://ja.dbpedia.org/resource/白井市>	"白井市"@ja	<http://dbpedia.org/ontology/Location>	<http://ja.dbpedia.org/property/隣接自治体>	"隣接自治体"@ja	<http://ja.wikipedia.org/wiki/白井市>	<http://wikidata.dbpedia.org/resource/Q519187>
<http://ja.dbpedia.org/resource/粟野_(鎌ケ谷市)>	"粟野 (鎌ケ谷市)"@ja	<http://dbpedia.org/ontology/Settlement>	<http://ja.dbpedia.org/property/subdivisionName>	"subdivision name"@ja	<http://ja.wikipedia.org/wiki/粟野_(鎌ケ谷市)>	<http://wikidata.dbpedia.org/resource/Q11604638>
<http://ja.dbpedia.org/resource/粟野_(鎌ケ谷市)>	"粟野 (鎌ケ谷市)"@ja	<http://dbpedia.org/ontology/Place>	<http://ja.dbpedia.org/property/subdivisionName>	"subdivision name"@ja	<http://ja.wikipedia.org/wiki/粟野_(鎌ケ谷市)>	<http://wikidata.dbpedia.org/resource/Q11604638>
<http://ja.dbpedia.org/resource/粟野_(鎌ケ谷市)>	"粟野 (鎌ケ谷市)"@ja	<http://dbpedia.org/ontology/Location>	<http://ja.dbpedia.org/property/subdivisionName>	"subdivision name"@ja	<http://ja.wikipedia.org/wiki/粟野_(鎌ケ谷市)>	<http://wikidata.dbpedia.org/resource/Q11604638>
<http://ja.dbpedia.org/resource/粟野_(鎌ケ谷市)>	"粟野 (鎌ケ谷市)"@ja	<http://dbpedia.org/ontology/PopulatedPlace>	<http://ja.dbpedia.org/property/subdivisionName>	"subdivision name"@ja	<http://ja.wikipedia.org/wiki/粟野_(鎌ケ谷市)>	<http://wikidata.dbpedia.org/resource/Q11604638>
<http://ja.dbpedia.org/resource/船橋市>	"船橋市"@ja	<http://dbpedia.org/ontology/City>	<http://ja.dbpedia.org/property/隣接自治体>	"隣接自治体"@ja	<http://ja.wikipedia.org/wiki/船橋市>	<http://wikidata.dbpedia.org/resource/Q271417>
<http://ja.dbpedia.org/resource/船橋市>	"船橋市"@ja	<http://dbpedia.org/ontology/PopulatedPlace>	<http://ja.dbpedia.org/property/north>	"North"@ja	<http://ja.wikipedia.org/wiki/船橋市>	<http://wikidata.dbpedia.org/resource/Q271417>
<http://ja.dbpedia.org/resource/船橋市>	"船橋市"@ja	<http://dbpedia.org/ontology/Settlement>	<http://ja.dbpedia.org/property/north>	"North"@ja	<http://ja.wikipedia.org/wiki/船橋市>	<http://wikidata.dbpedia.org/resource/Q271417>
<http://ja.dbpedia.org/resource/船橋市>	"船橋市"@ja	<http://dbpedia.org/ontology/Place>	<http://ja.dbpedia.org/property/隣接自治体>	"隣接自治体"@ja	<http://ja.wikipedia.org/wiki/船橋市>	<http://wikidata.dbpedia.org/resource/Q271417>
<http://ja.dbpedia.org/resource/船橋市>	"船橋市"@ja	<http://dbpedia.org/ontology/Location>	<http://ja.dbpedia.org/property/north>	"North"@ja	<http://ja.wikipedia.org/wiki/船橋市>	<http://wikidata.dbpedia.org/resource/Q271417>
<http://ja.dbpedia.org/resource/船橋市>	"船橋市"@ja	<http://dbpedia.org/ontology/Location>	<http://ja.dbpedia.org/property/隣接自治体>	"隣接自治体"@ja	<http://ja.wikipedia.org/wiki/船橋市>	<http://wikidata.dbpedia.org/resource/Q271417>
<http://ja.dbpedia.org/resource/船橋市>	"船橋市"@ja	<http://dbpedia.org/ontology/Place>	<http://ja.dbpedia.org/property/north>	"North"@ja	<http://ja.wikipedia.org/wiki/船橋市>	<http://wikidata.dbpedia.org/resource/Q271417>
<http://ja.dbpedia.org/resource/船橋市>	"船橋市"@ja	<http://dbpedia.org/ontology/PopulatedPlace>	<http://ja.dbpedia.org/property/隣接自治体>	"隣接自治体"@ja	<http://ja.wikipedia.org/wiki/船橋市>	<http://wikidata.dbpedia.org/resource/Q271417>
<http://ja.dbpedia.org/resource/船橋市>	"船橋市"@ja	<http://dbpedia.org/ontology/City>	<http://ja.dbpedia.org/property/north>	"North"@ja	<http://ja.wikipedia.org/wiki/船橋市>	<http://wikidata.dbpedia.org/resource/Q271417>
<http://ja.dbpedia.org/resource/船橋市>	"船橋市"@ja	<http://dbpedia.org/ontology/Settlement>	<http://ja.dbpedia.org/property/隣接自治体>	"隣接自治体"@ja	<http://ja.wikipedia.org/wiki/船橋市>	<http://wikidata.dbpedia.org/resource/Q271417>
<http://ja.dbpedia.org/resource/軽井沢_(鎌ケ谷市)>	"軽井沢 (鎌ケ谷市)"@ja	<http://dbpedia.org/ontology/Location>	<http://ja.dbpedia.org/property/subdivisionName>	"subdivision name"@ja	<http://ja.wikipedia.org/wiki/軽井沢_(鎌ケ谷市)>	<http://wikidata.dbpedia.org/resource/Q11637552>
<http://ja.dbpedia.org/resource/軽井沢_(鎌ケ谷市)>	"軽井沢 (鎌ケ谷市)"@ja	<http://dbpedia.org/ontology/PopulatedPlace>	<http://ja.dbpedia.org/property/subdivisionName>	"subdivision name"@ja	<http://ja.wikipedia.org/wiki/軽井沢_(鎌ケ谷市)>	<http://wikidata.dbpedia.org/resource/Q11637552>
<http://ja.dbpedia.org/resource/軽井沢_(鎌ケ谷市)>	"軽井沢 (鎌ケ谷市)"@ja	<http://dbpedia.org/ontology/Settlement>	<http://ja.dbpedia.org/property/subdivisionName>	"subdivision name"@ja	<http://ja.wikipedia.org/wiki/軽井沢_(鎌ケ谷市)>	<http://wikidata.dbpedia.org/resource/Q11637552>
<http://ja.dbpedia.org/resource/軽井沢_(鎌ケ谷市)>	"軽井沢 (鎌ケ谷市)"@ja	<http://dbpedia.org/ontology/Place>	<http://ja.dbpedia.org/property/subdivisionName>	"subdivision name"@ja	<http://ja.wikipedia.org/wiki/軽井沢_(鎌ケ谷市)>	<http://wikidata.dbpedia.org/resource/Q11637552>
<http://ja.dbpedia.org/resource/道野辺>	"道野辺"@ja	<http://dbpedia.org/ontology/PopulatedPlace>	<http://ja.dbpedia.org/property/subdivisionName>	"subdivision name"@ja	<http://ja.wikipedia.org/wiki/道野辺>	<http://wikidata.dbpedia.org/resource/Q11641852>
<http://ja.dbpedia.org/resource/道野辺>	"道野辺"@ja	<http://dbpedia.org/ontology/Location>	<http://ja.dbpedia.org/property/subdivisionName>	"subdivision name"@ja	<http://ja.wikipedia.org/wiki/道野辺>	<http://wikidata.dbpedia.org/resource/Q11641852>
<http://ja.dbpedia.org/resource/道野辺>	"道野辺"@ja	<http://dbpedia.org/ontology/Settlement>	<http://ja.dbpedia.org/property/subdivisionName>	"subdivision name"@ja	<http://ja.wikipedia.org/wiki/道野辺>	<http://wikidata.dbpedia.org/resource/Q11641852>
<http://ja.dbpedia.org/resource/道野辺>	"道野辺"@ja	<http://dbpedia.org/ontology/Place>	<http://ja.dbpedia.org/property/subdivisionName>	"subdivision name"@ja	<http://ja.wikipedia.org/wiki/道野辺>	<http://wikidata.dbpedia.org/resource/Q11641852>
<http://ja.dbpedia.org/resource/鎌ケ谷_(鎌ケ谷市)>	"鎌ケ谷 (鎌ケ谷市)"@ja	<http://dbpedia.org/ontology/PopulatedPlace>	<http://ja.dbpedia.org/property/subdivisionName>	"subdivision name"@ja	<http://ja.wikipedia.org/wiki/鎌ケ谷_(鎌ケ谷市)>	<http://wikidata.dbpedia.org/resource/Q11650823>
<http://ja.dbpedia.org/resource/鎌ケ谷_(鎌ケ谷市)>	"鎌ケ谷 (鎌ケ谷市)"@ja	<http://dbpedia.org/ontology/Location>	<http://ja.dbpedia.org/property/subdivisionName>	"subdivision name"@ja	<http://ja.wikipedia.org/wiki/鎌ケ谷_(鎌ケ谷市)>	<http://wikidata.dbpedia.org/resource/Q11650823>
<http://ja.dbpedia.org/resource/鎌ケ谷_(鎌ケ谷市)>	"鎌ケ谷 (鎌ケ谷市)"@ja	<http://dbpedia.org/ontology/Settlement>	<http://ja.dbpedia.org/property/subdivisionName>	"subdivision name"@ja	<http://ja.wikipedia.org/wiki/鎌ケ谷_(鎌ケ谷市)>	<http://wikidata.dbpedia.org/resource/Q11650823>
<http://ja.dbpedia.org/resource/鎌ケ谷_(鎌ケ谷市)>	"鎌ケ谷 (鎌ケ谷市)"@ja	<http://dbpedia.org/ontology/Place>	<http://ja.dbpedia.org/property/subdivisionName>	"subdivision name"@ja	<http://ja.wikipedia.org/wiki/鎌ケ谷_(鎌ケ谷市)>	<http://wikidata.dbpedia.org/resource/Q11650823>
<http://ja.dbpedia.org/resource/鎌ケ谷市立五本松小学校>	"鎌ケ谷市立五本松小学校"@ja	<http://dbpedia.org/ontology/Organisation>	<http://ja.dbpedia.org/property/設置者>	"設置者"@ja	<http://ja.wikipedia.org/wiki/鎌ケ谷市立五本松小学校>	<http://wikidata.dbpedia.org/resource/Q11650826>
<http://ja.dbpedia.org/resource/鎌ケ谷市立五本松小学校>	"鎌ケ谷市立五本松小学校"@ja	<http://dbpedia.org/ontology/Agent>	<http://ja.dbpedia.org/property/設置者>	"設置者"@ja	<http://ja.wikipedia.org/wiki/鎌ケ谷市立五本松小学校>	<http://wikidata.dbpedia.org/resource/Q11650826>
<http://ja.dbpedia.org/resource/鎌ケ谷市立五本松小学校>	"鎌ケ谷市立五本松小学校"@ja	<http://dbpedia.org/ontology/School>	<http://ja.dbpedia.org/property/設置者>	"設置者"@ja	<http://ja.wikipedia.org/wiki/鎌ケ谷市立五本松小学校>	<http://wikidata.dbpedia.org/resource/Q11650826>
<http://ja.dbpedia.org/resource/鎌ケ谷市立五本松小学校>	"鎌ケ谷市立五本松小学校"@ja	<http://dbpedia.org/ontology/EducationalInstitution>	<http://ja.dbpedia.org/property/設置者>	"設置者"@ja	<http://ja.wikipedia.org/wiki/鎌ケ谷市立五本松小学校>	<http://wikidata.dbpedia.org/resource/Q11650826>
<http://ja.dbpedia.org/resource/鎌ケ谷市立第三中学校>	"鎌ケ谷市立第三中学校"@ja	<http://dbpedia.org/ontology/EducationalInstitution>	<http://ja.dbpedia.org/property/設置者>	"設置者"@ja	<http://ja.wikipedia.org/wiki/鎌ケ谷市立第三中学校>	<http://wikidata.dbpedia.org/resource/Q11650829>
<http://ja.dbpedia.org/resource/鎌ケ谷市立第三中学校>	"鎌ケ谷市立第三中学校"@ja	<http://dbpedia.org/ontology/School>	<http://ja.dbpedia.org/property/設置者>	"設置者"@ja	<http://ja.wikipedia.org/wiki/鎌ケ谷市立第三中学校>	<http://wikidata.dbpedia.org/resource/Q11650829>
<http://ja.dbpedia.org/resource/鎌ケ谷市立第三中学校>	"鎌ケ谷市立第三中学校"@ja	<http://dbpedia.org/ontology/Organisation>	<http://ja.dbpedia.org/property/設置者>	"設置者"@ja	<http://ja.wikipedia.org/wiki/鎌ケ谷市立第三中学校>	<http://wikidata.dbpedia.org/resource/Q11650829>
<http://ja.dbpedia.org/resource/鎌ケ谷市立第三中学校>	"鎌ケ谷市立第三中学校"@ja	<http://dbpedia.org/ontology/Agent>	<http://ja.dbpedia.org/property/設置者>	"設置者"@ja	<http://ja.wikipedia.org/wiki/鎌ケ谷市立第三中学校>	<http://wikidata.dbpedia.org/resource/Q11650829>
<http://ja.dbpedia.org/resource/鎌ケ谷市立第五中学校>	"鎌ケ谷市立第五中学校"@ja	<http://dbpedia.org/ontology/Organisation>	<http://ja.dbpedia.org/property/設置者>	"設置者"@ja	<http://ja.wikipedia.org/wiki/鎌ケ谷市立第五中学校>	<http://wikidata.dbpedia.org/resource/Q11650832>
<http://ja.dbpedia.org/resource/鎌ケ谷市立第五中学校>	"鎌ケ谷市立第五中学校"@ja	<http://dbpedia.org/ontology/Agent>	<http://ja.dbpedia.org/property/設置者>	"設置者"@ja	<http://ja.wikipedia.org/wiki/鎌ケ谷市立第五中学校>	<http://wikidata.dbpedia.org/resource/Q11650832>
<http://ja.dbpedia.org/resource/鎌ケ谷市立第五中学校>	"鎌ケ谷市立第五中学校"@ja	<http://dbpedia.org/ontology/EducationalInstitution>	<http://ja.dbpedia.org/property/設置者>	"設置者"@ja	<http://ja.wikipedia.org/wiki/鎌ケ谷市立第五中学校>	<http://wikidata.dbpedia.org/resource/Q11650832>
<http://ja.dbpedia.org/resource/鎌ケ谷市立第五中学校>	"鎌ケ谷市立第五中学校"@ja	<http://dbpedia.org/ontology/School>	<http://ja.dbpedia.org/property/設置者>	"設置者"@ja	<http://ja.wikipedia.org/wiki/鎌ケ谷市立第五中学校>	<http://wikidata.dbpedia.org/resource/Q11650832>
<http://ja.dbpedia.org/resource/鎌ケ谷市立第四中学校>	"鎌ケ谷市立第四中学校"@ja	<http://dbpedia.org/ontology/Agent>	<http://ja.dbpedia.org/property/設置者>	"設置者"@ja	<http://ja.wikipedia.org/wiki/鎌ケ谷市立第四中学校>	<http://wikidata.dbpedia.org/resource/Q11650831>
<http://ja.dbpedia.org/resource/鎌ケ谷市立第四中学校>	"鎌ケ谷市立第四中学校"@ja	<http://dbpedia.org/ontology/Organisation>	<http://ja.dbpedia.org/property/設置者>	"設置者"@ja	<http://ja.wikipedia.org/wiki/鎌ケ谷市立第四中学校>	<http://wikidata.dbpedia.org/resource/Q11650831>
<http://ja.dbpedia.org/resource/鎌ケ谷市立第四中学校>	"鎌ケ谷市立第四中学校"@ja	<http://dbpedia.org/ontology/School>	<http://ja.dbpedia.org/property/設置者>	"設置者"@ja	<http://ja.wikipedia.org/wiki/鎌ケ谷市立第四中学校>	<http://wikidata.dbpedia.org/resource/Q11650831>
<http://ja.dbpedia.org/resource/鎌ケ谷市立第四中学校>	"鎌ケ谷市立第四中学校"@ja	<http://dbpedia.org/ontology/EducationalInstitution>	<http://ja.dbpedia.org/property/設置者>	"設置者"@ja	<http://ja.wikipedia.org/wiki/鎌ケ谷市立第四中学校>	<http://wikidata.dbpedia.org/resource/Q11650831>
<http://ja.dbpedia.org/resource/鎌ケ谷市立鎌ケ谷中学校>	"鎌ケ谷市立鎌ケ谷中学校"@ja	<http://dbpedia.org/ontology/Agent>	<http://ja.dbpedia.org/property/設置者>	"設置者"@ja	<http://ja.wikipedia.org/wiki/鎌ケ谷市立鎌ケ谷中学校>	<http://wikidata.dbpedia.org/resource/Q11650833>
<http://ja.dbpedia.org/resource/鎌ケ谷市立鎌ケ谷中学校>	"鎌ケ谷市立鎌ケ谷中学校"@ja	<http://dbpedia.org/ontology/Organisation>	<http://ja.dbpedia.org/property/設置者>	"設置者"@ja	<http://ja.wikipedia.org/wiki/鎌ケ谷市立鎌ケ谷中学校>	<http://wikidata.dbpedia.org/resource/Q11650833>
<http://ja.dbpedia.org/resource/鎌ケ谷市立鎌ケ谷中学校>	"鎌ケ谷市立鎌ケ谷中学校"@ja	<http://dbpedia.org/ontology/School>	<http://ja.dbpedia.org/property/設置者>	"設置者"@ja	<http://ja.wikipedia.org/wiki/鎌ケ谷市立鎌ケ谷中学校>	<http://wikidata.dbpedia.org/resource/Q11650833>
<http://ja.dbpedia.org/resource/鎌ケ谷市立鎌ケ谷中学校>	"鎌ケ谷市立鎌ケ谷中学校"@ja	<http://dbpedia.org/ontology/EducationalInstitution>	<http://ja.dbpedia.org/property/設置者>	"設置者"@ja	<http://ja.wikipedia.org/wiki/鎌ケ谷市立鎌ケ谷中学校>	<http://wikidata.dbpedia.org/resource/Q11650833>
<http://ja.dbpedia.org/resource/鎌ケ谷市立鎌ケ谷小学校>	"鎌ケ谷市立鎌ケ谷小学校"@ja	<http://dbpedia.org/ontology/Organisation>	<http://ja.dbpedia.org/property/設置者>	"設置者"@ja	<http://ja.wikipedia.org/wiki/鎌ケ谷市立鎌ケ谷小学校>	<http://wikidata.dbpedia.org/resource/Q11650834>
<http://ja.dbpedia.org/resource/鎌ケ谷市立鎌ケ谷小学校>	"鎌ケ谷市立鎌ケ谷小学校"@ja	<http://dbpedia.org/ontology/Agent>	<http://ja.dbpedia.org/property/設置者>	"設置者"@ja	<http://ja.wikipedia.org/wiki/鎌ケ谷市立鎌ケ谷小学校>	<http://wikidata.dbpedia.org/resource/Q11650834>
<http://ja.dbpedia.org/resource/鎌ケ谷市立鎌ケ谷小学校>	"鎌ケ谷市立鎌ケ谷小学校"@ja	<http://dbpedia.org/ontology/EducationalInstitution>	<http://ja.dbpedia.org/property/設置者>	"設置者"@ja	<http://ja.wikipedia.org/wiki/鎌ケ谷市立鎌ケ谷小学校>	<http://wikidata.dbpedia.org/resource/Q11650834>
<http://ja.dbpedia.org/resource/鎌ケ谷市立鎌ケ谷小学校>	"鎌ケ谷市立鎌ケ谷小学校"@ja	<http://dbpedia.org/ontology/School>	<http://ja.dbpedia.org/property/設置者>	"設置者"@ja	<http://ja.wikipedia.org/wiki/鎌ケ谷市立鎌ケ谷小学校>	<http://wikidata.dbpedia.org/resource/Q11650834>
<http://ja.dbpedia.org/resource/馬込沢>	"馬込沢"@ja	<http://dbpedia.org/ontology/Location>	<http://ja.dbpedia.org/property/subdivisionName>	"subdivision name"@ja	<http://ja.wikipedia.org/wiki/馬込沢>	<http://wikidata.dbpedia.org/resource/Q11668085>
<http://ja.dbpedia.org/resource/馬込沢>	"馬込沢"@ja	<http://dbpedia.org/ontology/PopulatedPlace>	<http://ja.dbpedia.org/property/subdivisionName>	"subdivision name"@ja	<http://ja.wikipedia.org/wiki/馬込沢>	<http://wikidata.dbpedia.org/resource/Q11668085>
<http://ja.dbpedia.org/resource/馬込沢>	"馬込沢"@ja	<http://dbpedia.org/ontology/Settlement>	<http://ja.dbpedia.org/property/subdivisionName>	"subdivision name"@ja	<http://ja.wikipedia.org/wiki/馬込沢>	<http://wikidata.dbpedia.org/resource/Q11668085>
<http://ja.dbpedia.org/resource/馬込沢>	"馬込沢"@ja	<http://dbpedia.org/ontology/Place>	<http://ja.dbpedia.org/property/subdivisionName>	"subdivision name"@ja	<http://ja.wikipedia.org/wiki/馬込沢>	<http://wikidata.dbpedia.org/resource/Q11668085>
