?s	?sLabel	?type	?p	?pLabel	?jwiki	?wd
<http://ja.dbpedia.org/resource/中川愛理沙>	"中川愛理沙"@ja	<http://dbpedia.org/ontology/Model>	<http://ja.dbpedia.org/property/他の活動>	"他の活動"@ja	<http://ja.wikipedia.org/wiki/中川愛理沙>	<http://wikidata.dbpedia.org/resource/Q22123394>
<http://ja.dbpedia.org/resource/中川愛理沙>	"中川愛理沙"@ja	<http://dbpedia.org/ontology/Species>	<http://ja.dbpedia.org/property/他の活動>	"他の活動"@ja	<http://ja.wikipedia.org/wiki/中川愛理沙>	<http://wikidata.dbpedia.org/resource/Q22123394>
<http://ja.dbpedia.org/resource/中川愛理沙>	"中川愛理沙"@ja	<http://dbpedia.org/ontology/Animal>	<http://ja.dbpedia.org/property/他の活動>	"他の活動"@ja	<http://ja.wikipedia.org/wiki/中川愛理沙>	<http://wikidata.dbpedia.org/resource/Q22123394>
<http://ja.dbpedia.org/resource/中川愛理沙>	"中川愛理沙"@ja	<http://dbpedia.org/ontology/Person>	<http://ja.dbpedia.org/property/他の活動>	"他の活動"@ja	<http://ja.wikipedia.org/wiki/中川愛理沙>	<http://wikidata.dbpedia.org/resource/Q22123394>
<http://ja.dbpedia.org/resource/中川愛理沙>	"中川愛理沙"@ja	<http://dbpedia.org/ontology/Eukaryote>	<http://ja.dbpedia.org/property/他の活動>	"他の活動"@ja	<http://ja.wikipedia.org/wiki/中川愛理沙>	<http://wikidata.dbpedia.org/resource/Q22123394>
<http://ja.dbpedia.org/resource/九十九里町>	"九十九里町"@ja	<http://dbpedia.org/ontology/PopulatedPlace>	<http://ja.dbpedia.org/property/隣接自治体>	"隣接自治体"@ja	<http://ja.wikipedia.org/wiki/九十九里町>	<http://wikidata.dbpedia.org/resource/Q1202775>
<http://ja.dbpedia.org/resource/九十九里町>	"九十九里町"@ja	<http://dbpedia.org/ontology/Settlement>	<http://ja.dbpedia.org/property/隣接自治体>	"隣接自治体"@ja	<http://ja.wikipedia.org/wiki/九十九里町>	<http://wikidata.dbpedia.org/resource/Q1202775>
<http://ja.dbpedia.org/resource/九十九里町>	"九十九里町"@ja	<http://dbpedia.org/ontology/Location>	<http://ja.dbpedia.org/property/隣接自治体>	"隣接自治体"@ja	<http://ja.wikipedia.org/wiki/九十九里町>	<http://wikidata.dbpedia.org/resource/Q1202775>
<http://ja.dbpedia.org/resource/九十九里町>	"九十九里町"@ja	<http://dbpedia.org/ontology/City>	<http://ja.dbpedia.org/property/隣接自治体>	"隣接自治体"@ja	<http://ja.wikipedia.org/wiki/九十九里町>	<http://wikidata.dbpedia.org/resource/Q1202775>
<http://ja.dbpedia.org/resource/九十九里町>	"九十九里町"@ja	<http://dbpedia.org/ontology/Place>	<http://ja.dbpedia.org/property/隣接自治体>	"隣接自治体"@ja	<http://ja.wikipedia.org/wiki/九十九里町>	<http://wikidata.dbpedia.org/resource/Q1202775>
<http://ja.dbpedia.org/resource/伊南房州通往還>	"伊南房州通往還"@ja	<http://dbpedia.org/ontology/ArchitecturalStructure>	<http://ja.dbpedia.org/property/主な経由都市>	"主な経由都市"@ja	<http://ja.wikipedia.org/wiki/伊南房州通往還>	<http://wikidata.dbpedia.org/resource/Q93876050>
<http://ja.dbpedia.org/resource/伊南房州通往還>	"伊南房州通往還"@ja	<http://dbpedia.org/ontology/Road>	<http://ja.dbpedia.org/property/主な経由都市>	"主な経由都市"@ja	<http://ja.wikipedia.org/wiki/伊南房州通往還>	<http://wikidata.dbpedia.org/resource/Q93876050>
<http://ja.dbpedia.org/resource/伊南房州通往還>	"伊南房州通往還"@ja	<http://dbpedia.org/ontology/Infrastructure>	<http://ja.dbpedia.org/property/主な経由都市>	"主な経由都市"@ja	<http://ja.wikipedia.org/wiki/伊南房州通往還>	<http://wikidata.dbpedia.org/resource/Q93876050>
<http://ja.dbpedia.org/resource/伊南房州通往還>	"伊南房州通往還"@ja	<http://dbpedia.org/ontology/RouteOfTransportation>	<http://ja.dbpedia.org/property/主な経由都市>	"主な経由都市"@ja	<http://ja.wikipedia.org/wiki/伊南房州通往還>	<http://wikidata.dbpedia.org/resource/Q93876050>
<http://ja.dbpedia.org/resource/千葉市>	"千葉市"@ja	<http://dbpedia.org/ontology/PopulatedPlace>	<http://ja.dbpedia.org/property/隣接自治体>	"隣接自治体"@ja	<http://ja.wikipedia.org/wiki/千葉市>	<http://wikidata.dbpedia.org/resource/Q170616>
<http://ja.dbpedia.org/resource/千葉市>	"千葉市"@ja	<http://dbpedia.org/ontology/City>	<http://ja.dbpedia.org/property/southeast>	"Southeast"@ja	<http://ja.wikipedia.org/wiki/千葉市>	<http://wikidata.dbpedia.org/resource/Q170616>
<http://ja.dbpedia.org/resource/千葉市>	"千葉市"@ja	<http://dbpedia.org/ontology/Place>	<http://ja.dbpedia.org/property/southeast>	"Southeast"@ja	<http://ja.wikipedia.org/wiki/千葉市>	<http://wikidata.dbpedia.org/resource/Q170616>
<http://ja.dbpedia.org/resource/千葉市>	"千葉市"@ja	<http://dbpedia.org/ontology/Settlement>	<http://ja.dbpedia.org/property/隣接自治体>	"隣接自治体"@ja	<http://ja.wikipedia.org/wiki/千葉市>	<http://wikidata.dbpedia.org/resource/Q170616>
<http://ja.dbpedia.org/resource/千葉市>	"千葉市"@ja	<http://dbpedia.org/ontology/Location>	<http://ja.dbpedia.org/property/隣接自治体>	"隣接自治体"@ja	<http://ja.wikipedia.org/wiki/千葉市>	<http://wikidata.dbpedia.org/resource/Q170616>
<http://ja.dbpedia.org/resource/千葉市>	"千葉市"@ja	<http://dbpedia.org/ontology/Location>	<http://ja.dbpedia.org/property/southeast>	"Southeast"@ja	<http://ja.wikipedia.org/wiki/千葉市>	<http://wikidata.dbpedia.org/resource/Q170616>
<http://ja.dbpedia.org/resource/千葉市>	"千葉市"@ja	<http://dbpedia.org/ontology/Place>	<http://ja.dbpedia.org/property/隣接自治体>	"隣接自治体"@ja	<http://ja.wikipedia.org/wiki/千葉市>	<http://wikidata.dbpedia.org/resource/Q170616>
<http://ja.dbpedia.org/resource/千葉市>	"千葉市"@ja	<http://dbpedia.org/ontology/PopulatedPlace>	<http://ja.dbpedia.org/property/southeast>	"Southeast"@ja	<http://ja.wikipedia.org/wiki/千葉市>	<http://wikidata.dbpedia.org/resource/Q170616>
<http://ja.dbpedia.org/resource/千葉市>	"千葉市"@ja	<http://dbpedia.org/ontology/City>	<http://ja.dbpedia.org/property/隣接自治体>	"隣接自治体"@ja	<http://ja.wikipedia.org/wiki/千葉市>	<http://wikidata.dbpedia.org/resource/Q170616>
<http://ja.dbpedia.org/resource/千葉市>	"千葉市"@ja	<http://dbpedia.org/ontology/Settlement>	<http://ja.dbpedia.org/property/southeast>	"Southeast"@ja	<http://ja.wikipedia.org/wiki/千葉市>	<http://wikidata.dbpedia.org/resource/Q170616>
<http://ja.dbpedia.org/resource/千葉県立九十九里自然公園>	"千葉県立九十九里自然公園"@ja	<http://dbpedia.org/ontology/Park>	<http://ja.dbpedia.org/property/都市>	"都市"@ja	<http://ja.wikipedia.org/wiki/千葉県立九十九里自然公園>	<http://wikidata.dbpedia.org/resource/Q6442390>
<http://ja.dbpedia.org/resource/千葉県立九十九里自然公園>	"千葉県立九十九里自然公園"@ja	<http://dbpedia.org/ontology/Location>	<http://ja.dbpedia.org/property/都市>	"都市"@ja	<http://ja.wikipedia.org/wiki/千葉県立九十九里自然公園>	<http://wikidata.dbpedia.org/resource/Q6442390>
<http://ja.dbpedia.org/resource/千葉県立九十九里自然公園>	"千葉県立九十九里自然公園"@ja	<http://dbpedia.org/ontology/Place>	<http://ja.dbpedia.org/property/都市>	"都市"@ja	<http://ja.wikipedia.org/wiki/千葉県立九十九里自然公園>	<http://wikidata.dbpedia.org/resource/Q6442390>
<http://ja.dbpedia.org/resource/千葉県道20号千葉大網線>	"千葉県道20号千葉大網線"@ja	<http://dbpedia.org/ontology/ArchitecturalStructure>	<http://ja.dbpedia.org/property/終点>	"終点"@ja	<http://ja.wikipedia.org/wiki/千葉県道20号千葉大網線>	<http://wikidata.dbpedia.org/resource/Q11406512>
<http://ja.dbpedia.org/resource/千葉県道20号千葉大網線>	"千葉県道20号千葉大網線"@ja	<http://dbpedia.org/ontology/Road>	<http://ja.dbpedia.org/property/終点>	"終点"@ja	<http://ja.wikipedia.org/wiki/千葉県道20号千葉大網線>	<http://wikidata.dbpedia.org/resource/Q11406512>
<http://ja.dbpedia.org/resource/千葉県道20号千葉大網線>	"千葉県道20号千葉大網線"@ja	<http://dbpedia.org/ontology/Infrastructure>	<http://ja.dbpedia.org/property/終点>	"終点"@ja	<http://ja.wikipedia.org/wiki/千葉県道20号千葉大網線>	<http://wikidata.dbpedia.org/resource/Q11406512>
<http://ja.dbpedia.org/resource/千葉県道20号千葉大網線>	"千葉県道20号千葉大網線"@ja	<http://dbpedia.org/ontology/RouteOfTransportation>	<http://ja.dbpedia.org/property/終点>	"終点"@ja	<http://ja.wikipedia.org/wiki/千葉県道20号千葉大網線>	<http://wikidata.dbpedia.org/resource/Q11406512>
<http://ja.dbpedia.org/resource/南白亀川>	"南白亀川"@ja	<http://dbpedia.org/ontology/Place>	<http://ja.dbpedia.org/property/水源>	"水源"@ja	<http://ja.wikipedia.org/wiki/南白亀川>	<http://wikidata.dbpedia.org/resource/Q11408284>
<http://ja.dbpedia.org/resource/南白亀川>	"南白亀川"@ja	<http://dbpedia.org/ontology/Location>	<http://ja.dbpedia.org/property/水源>	"水源"@ja	<http://ja.wikipedia.org/wiki/南白亀川>	<http://wikidata.dbpedia.org/resource/Q11408284>
<http://ja.dbpedia.org/resource/南白亀川>	"南白亀川"@ja	<http://dbpedia.org/ontology/River>	<http://ja.dbpedia.org/property/水源>	"水源"@ja	<http://ja.wikipedia.org/wiki/南白亀川>	<http://wikidata.dbpedia.org/resource/Q11408284>
<http://ja.dbpedia.org/resource/南白亀川>	"南白亀川"@ja	<http://dbpedia.org/ontology/BodyOfWater>	<http://ja.dbpedia.org/property/水源>	"水源"@ja	<http://ja.wikipedia.org/wiki/南白亀川>	<http://wikidata.dbpedia.org/resource/Q11408284>
<http://ja.dbpedia.org/resource/南白亀川>	"南白亀川"@ja	<http://dbpedia.org/ontology/Stream>	<http://ja.dbpedia.org/property/水源>	"水源"@ja	<http://ja.wikipedia.org/wiki/南白亀川>	<http://wikidata.dbpedia.org/resource/Q11408284>
<http://ja.dbpedia.org/resource/南白亀川>	"南白亀川"@ja	<http://dbpedia.org/ontology/NaturalPlace>	<http://ja.dbpedia.org/property/水源>	"水源"@ja	<http://ja.wikipedia.org/wiki/南白亀川>	<http://wikidata.dbpedia.org/resource/Q11408284>
<http://ja.dbpedia.org/resource/大網白里市立増穂小学校>	"大網白里市立増穂小学校"@ja	<http://dbpedia.org/ontology/EducationalInstitution>	<http://ja.dbpedia.org/property/設置者>	"設置者"@ja	<http://ja.wikipedia.org/wiki/大網白里市立増穂小学校>	<http://wikidata.dbpedia.org/resource/Q11438497>
<http://ja.dbpedia.org/resource/大網白里市立増穂小学校>	"大網白里市立増穂小学校"@ja	<http://dbpedia.org/ontology/School>	<http://ja.dbpedia.org/property/設置者>	"設置者"@ja	<http://ja.wikipedia.org/wiki/大網白里市立増穂小学校>	<http://wikidata.dbpedia.org/resource/Q11438497>
<http://ja.dbpedia.org/resource/大網白里市立増穂小学校>	"大網白里市立増穂小学校"@ja	<http://dbpedia.org/ontology/Organisation>	<http://ja.dbpedia.org/property/設置者>	"設置者"@ja	<http://ja.wikipedia.org/wiki/大網白里市立増穂小学校>	<http://wikidata.dbpedia.org/resource/Q11438497>
<http://ja.dbpedia.org/resource/大網白里市立増穂小学校>	"大網白里市立増穂小学校"@ja	<http://dbpedia.org/ontology/Agent>	<http://ja.dbpedia.org/property/設置者>	"設置者"@ja	<http://ja.wikipedia.org/wiki/大網白里市立増穂小学校>	<http://wikidata.dbpedia.org/resource/Q11438497>
<http://ja.dbpedia.org/resource/大網白里市立大網中学校>	"大網白里市立大網中学校"@ja	<http://dbpedia.org/ontology/Organisation>	<http://ja.dbpedia.org/property/設置者>	"設置者"@ja	<http://ja.wikipedia.org/wiki/大網白里市立大網中学校>	<http://wikidata.dbpedia.org/resource/Q11438496>
<http://ja.dbpedia.org/resource/大網白里市立大網中学校>	"大網白里市立大網中学校"@ja	<http://dbpedia.org/ontology/Agent>	<http://ja.dbpedia.org/property/設置者>	"設置者"@ja	<http://ja.wikipedia.org/wiki/大網白里市立大網中学校>	<http://wikidata.dbpedia.org/resource/Q11438496>
<http://ja.dbpedia.org/resource/大網白里市立大網中学校>	"大網白里市立大網中学校"@ja	<http://dbpedia.org/ontology/EducationalInstitution>	<http://ja.dbpedia.org/property/設置者>	"設置者"@ja	<http://ja.wikipedia.org/wiki/大網白里市立大網中学校>	<http://wikidata.dbpedia.org/resource/Q11438496>
<http://ja.dbpedia.org/resource/大網白里市立大網中学校>	"大網白里市立大網中学校"@ja	<http://dbpedia.org/ontology/School>	<http://ja.dbpedia.org/property/設置者>	"設置者"@ja	<http://ja.wikipedia.org/wiki/大網白里市立大網中学校>	<http://wikidata.dbpedia.org/resource/Q11438496>
<http://ja.dbpedia.org/resource/大網白里市立白里中学校>	"大網白里市立白里中学校"@ja	<http://dbpedia.org/ontology/Agent>	<http://ja.dbpedia.org/property/設置者>	"設置者"@ja	<http://ja.wikipedia.org/wiki/大網白里市立白里中学校>	<http://wikidata.dbpedia.org/resource/Q11438499>
<http://ja.dbpedia.org/resource/大網白里市立白里中学校>	"大網白里市立白里中学校"@ja	<http://dbpedia.org/ontology/Organisation>	<http://ja.dbpedia.org/property/設置者>	"設置者"@ja	<http://ja.wikipedia.org/wiki/大網白里市立白里中学校>	<http://wikidata.dbpedia.org/resource/Q11438499>
<http://ja.dbpedia.org/resource/大網白里市立白里中学校>	"大網白里市立白里中学校"@ja	<http://dbpedia.org/ontology/School>	<http://ja.dbpedia.org/property/設置者>	"設置者"@ja	<http://ja.wikipedia.org/wiki/大網白里市立白里中学校>	<http://wikidata.dbpedia.org/resource/Q11438499>
<http://ja.dbpedia.org/resource/大網白里市立白里中学校>	"大網白里市立白里中学校"@ja	<http://dbpedia.org/ontology/EducationalInstitution>	<http://ja.dbpedia.org/property/設置者>	"設置者"@ja	<http://ja.wikipedia.org/wiki/大網白里市立白里中学校>	<http://wikidata.dbpedia.org/resource/Q11438499>
<http://ja.dbpedia.org/resource/大網白里市立白里小学校>	"大網白里市立白里小学校"@ja	<http://dbpedia.org/ontology/Agent>	<http://ja.dbpedia.org/property/設置者>	"設置者"@ja	<http://ja.wikipedia.org/wiki/大網白里市立白里小学校>	<http://wikidata.dbpedia.org/resource/Q21652578>
<http://ja.dbpedia.org/resource/大網白里市立白里小学校>	"大網白里市立白里小学校"@ja	<http://dbpedia.org/ontology/Organisation>	<http://ja.dbpedia.org/property/設置者>	"設置者"@ja	<http://ja.wikipedia.org/wiki/大網白里市立白里小学校>	<http://wikidata.dbpedia.org/resource/Q21652578>
<http://ja.dbpedia.org/resource/大網白里市立白里小学校>	"大網白里市立白里小学校"@ja	<http://dbpedia.org/ontology/School>	<http://ja.dbpedia.org/property/設置者>	"設置者"@ja	<http://ja.wikipedia.org/wiki/大網白里市立白里小学校>	<http://wikidata.dbpedia.org/resource/Q21652578>
<http://ja.dbpedia.org/resource/大網白里市立白里小学校>	"大網白里市立白里小学校"@ja	<http://dbpedia.org/ontology/EducationalInstitution>	<http://ja.dbpedia.org/property/設置者>	"設置者"@ja	<http://ja.wikipedia.org/wiki/大網白里市立白里小学校>	<http://wikidata.dbpedia.org/resource/Q21652578>
<http://ja.dbpedia.org/resource/東金市>	"東金市"@ja	<http://dbpedia.org/ontology/Location>	<http://ja.dbpedia.org/property/隣接自治体>	"隣接自治体"@ja	<http://ja.wikipedia.org/wiki/東金市>	<http://wikidata.dbpedia.org/resource/Q637913>
<http://ja.dbpedia.org/resource/東金市>	"東金市"@ja	<http://dbpedia.org/ontology/Place>	<http://ja.dbpedia.org/property/south>	"South"@ja	<http://ja.wikipedia.org/wiki/東金市>	<http://wikidata.dbpedia.org/resource/Q637913>
<http://ja.dbpedia.org/resource/東金市>	"東金市"@ja	<http://dbpedia.org/ontology/PopulatedPlace>	<http://ja.dbpedia.org/property/隣接自治体>	"隣接自治体"@ja	<http://ja.wikipedia.org/wiki/東金市>	<http://wikidata.dbpedia.org/resource/Q637913>
<http://ja.dbpedia.org/resource/東金市>	"東金市"@ja	<http://dbpedia.org/ontology/City>	<http://ja.dbpedia.org/property/south>	"South"@ja	<http://ja.wikipedia.org/wiki/東金市>	<http://wikidata.dbpedia.org/resource/Q637913>
<http://ja.dbpedia.org/resource/東金市>	"東金市"@ja	<http://dbpedia.org/ontology/Settlement>	<http://ja.dbpedia.org/property/隣接自治体>	"隣接自治体"@ja	<http://ja.wikipedia.org/wiki/東金市>	<http://wikidata.dbpedia.org/resource/Q637913>
<http://ja.dbpedia.org/resource/東金市>	"東金市"@ja	<http://dbpedia.org/ontology/PopulatedPlace>	<http://ja.dbpedia.org/property/south>	"South"@ja	<http://ja.wikipedia.org/wiki/東金市>	<http://wikidata.dbpedia.org/resource/Q637913>
<http://ja.dbpedia.org/resource/東金市>	"東金市"@ja	<http://dbpedia.org/ontology/Place>	<http://ja.dbpedia.org/property/隣接自治体>	"隣接自治体"@ja	<http://ja.wikipedia.org/wiki/東金市>	<http://wikidata.dbpedia.org/resource/Q637913>
<http://ja.dbpedia.org/resource/東金市>	"東金市"@ja	<http://dbpedia.org/ontology/Location>	<http://ja.dbpedia.org/property/south>	"South"@ja	<http://ja.wikipedia.org/wiki/東金市>	<http://wikidata.dbpedia.org/resource/Q637913>
<http://ja.dbpedia.org/resource/東金市>	"東金市"@ja	<http://dbpedia.org/ontology/Settlement>	<http://ja.dbpedia.org/property/south>	"South"@ja	<http://ja.wikipedia.org/wiki/東金市>	<http://wikidata.dbpedia.org/resource/Q637913>
<http://ja.dbpedia.org/resource/東金市>	"東金市"@ja	<http://dbpedia.org/ontology/City>	<http://ja.dbpedia.org/property/隣接自治体>	"隣接自治体"@ja	<http://ja.wikipedia.org/wiki/東金市>	<http://wikidata.dbpedia.org/resource/Q637913>
<http://ja.dbpedia.org/resource/白子町>	"白子町"@ja	<http://dbpedia.org/ontology/PopulatedPlace>	<http://ja.dbpedia.org/property/隣接自治体>	"隣接自治体"@ja	<http://ja.wikipedia.org/wiki/白子町>	<http://wikidata.dbpedia.org/resource/Q1203293>
<http://ja.dbpedia.org/resource/白子町>	"白子町"@ja	<http://dbpedia.org/ontology/Settlement>	<http://ja.dbpedia.org/property/隣接自治体>	"隣接自治体"@ja	<http://ja.wikipedia.org/wiki/白子町>	<http://wikidata.dbpedia.org/resource/Q1203293>
<http://ja.dbpedia.org/resource/白子町>	"白子町"@ja	<http://dbpedia.org/ontology/Location>	<http://ja.dbpedia.org/property/隣接自治体>	"隣接自治体"@ja	<http://ja.wikipedia.org/wiki/白子町>	<http://wikidata.dbpedia.org/resource/Q1203293>
<http://ja.dbpedia.org/resource/白子町>	"白子町"@ja	<http://dbpedia.org/ontology/Place>	<http://ja.dbpedia.org/property/隣接自治体>	"隣接自治体"@ja	<http://ja.wikipedia.org/wiki/白子町>	<http://wikidata.dbpedia.org/resource/Q1203293>
<http://ja.dbpedia.org/resource/白子町>	"白子町"@ja	<http://dbpedia.org/ontology/City>	<http://ja.dbpedia.org/property/隣接自治体>	"隣接自治体"@ja	<http://ja.wikipedia.org/wiki/白子町>	<http://wikidata.dbpedia.org/resource/Q1203293>
<http://ja.dbpedia.org/resource/茂原市>	"茂原市"@ja	<http://dbpedia.org/ontology/Place>	<http://ja.dbpedia.org/property/隣接自治体>	"隣接自治体"@ja	<http://ja.wikipedia.org/wiki/茂原市>	<http://wikidata.dbpedia.org/resource/Q502486>
<http://ja.dbpedia.org/resource/茂原市>	"茂原市"@ja	<http://dbpedia.org/ontology/City>	<http://ja.dbpedia.org/property/隣接自治体>	"隣接自治体"@ja	<http://ja.wikipedia.org/wiki/茂原市>	<http://wikidata.dbpedia.org/resource/Q502486>
<http://ja.dbpedia.org/resource/茂原市>	"茂原市"@ja	<http://dbpedia.org/ontology/Location>	<http://ja.dbpedia.org/property/隣接自治体>	"隣接自治体"@ja	<http://ja.wikipedia.org/wiki/茂原市>	<http://wikidata.dbpedia.org/resource/Q502486>
<http://ja.dbpedia.org/resource/茂原市>	"茂原市"@ja	<http://dbpedia.org/ontology/PopulatedPlace>	<http://ja.dbpedia.org/property/隣接自治体>	"隣接自治体"@ja	<http://ja.wikipedia.org/wiki/茂原市>	<http://wikidata.dbpedia.org/resource/Q502486>
<http://ja.dbpedia.org/resource/茂原市>	"茂原市"@ja	<http://dbpedia.org/ontology/Settlement>	<http://ja.dbpedia.org/property/隣接自治体>	"隣接自治体"@ja	<http://ja.wikipedia.org/wiki/茂原市>	<http://wikidata.dbpedia.org/resource/Q502486>
<http://ja.dbpedia.org/resource/金坂昌典>	"金坂昌典"@ja	<http://dbpedia.org/ontology/Person>	<http://ja.dbpedia.org/property/title>	"title"@ja	<http://ja.wikipedia.org/wiki/金坂昌典>	<http://wikidata.dbpedia.org/resource/Q18701041>
<http://ja.dbpedia.org/resource/金坂昌典>	"金坂昌典"@ja	<http://dbpedia.org/ontology/Species>	<http://ja.dbpedia.org/property/title>	"title"@ja	<http://ja.wikipedia.org/wiki/金坂昌典>	<http://wikidata.dbpedia.org/resource/Q18701041>
<http://ja.dbpedia.org/resource/金坂昌典>	"金坂昌典"@ja	<http://dbpedia.org/ontology/Eukaryote>	<http://ja.dbpedia.org/property/title>	"title"@ja	<http://ja.wikipedia.org/wiki/金坂昌典>	<http://wikidata.dbpedia.org/resource/Q18701041>
<http://ja.dbpedia.org/resource/金坂昌典>	"金坂昌典"@ja	<http://dbpedia.org/ontology/Politician>	<http://ja.dbpedia.org/property/title>	"title"@ja	<http://ja.wikipedia.org/wiki/金坂昌典>	<http://wikidata.dbpedia.org/resource/Q18701041>
<http://ja.dbpedia.org/resource/金坂昌典>	"金坂昌典"@ja	<http://dbpedia.org/ontology/Animal>	<http://ja.dbpedia.org/property/title>	"title"@ja	<http://ja.wikipedia.org/wiki/金坂昌典>	<http://wikidata.dbpedia.org/resource/Q18701041>
<http://ja.dbpedia.org/resource/銚子道・銚子街道>	"銚子道・銚子街道"@ja	<http://dbpedia.org/ontology/Road>	<http://ja.dbpedia.org/property/起点>	"起点"@ja	<http://ja.wikipedia.org/wiki/銚子道・銚子街道>	<http://wikidata.dbpedia.org/resource/Q85884166>
<http://ja.dbpedia.org/resource/銚子道・銚子街道>	"銚子道・銚子街道"@ja	<http://dbpedia.org/ontology/ArchitecturalStructure>	<http://ja.dbpedia.org/property/起点>	"起点"@ja	<http://ja.wikipedia.org/wiki/銚子道・銚子街道>	<http://wikidata.dbpedia.org/resource/Q85884166>
<http://ja.dbpedia.org/resource/銚子道・銚子街道>	"銚子道・銚子街道"@ja	<http://dbpedia.org/ontology/RouteOfTransportation>	<http://ja.dbpedia.org/property/起点>	"起点"@ja	<http://ja.wikipedia.org/wiki/銚子道・銚子街道>	<http://wikidata.dbpedia.org/resource/Q85884166>
<http://ja.dbpedia.org/resource/銚子道・銚子街道>	"銚子道・銚子街道"@ja	<http://dbpedia.org/ontology/Infrastructure>	<http://ja.dbpedia.org/property/起点>	"起点"@ja	<http://ja.wikipedia.org/wiki/銚子道・銚子街道>	<http://wikidata.dbpedia.org/resource/Q85884166>
