?s	?sLabel	?type	?p	?pLabel	?jwiki	?wd
<http://ja.dbpedia.org/resource/ロシア語>	"ロシア語"@ja	<http://dbpedia.org/ontology/Language>	<http://ja.dbpedia.org/property/説明>	"説明"@ja	<http://ja.wikipedia.org/wiki/ロシア語>	<http://wikidata.dbpedia.org/resource/Q7737>
<http://ja.dbpedia.org/resource/中標津空港>	"中標津空港"@ja	<http://dbpedia.org/ontology/ArchitecturalStructure>	<http://ja.dbpedia.org/property/母都市>	"母都市"@ja	<http://ja.wikipedia.org/wiki/中標津空港>	<http://wikidata.dbpedia.org/resource/Q1432123>
<http://ja.dbpedia.org/resource/中標津空港>	"中標津空港"@ja	<http://dbpedia.org/ontology/Infrastructure>	<http://ja.dbpedia.org/property/母都市>	"母都市"@ja	<http://ja.wikipedia.org/wiki/中標津空港>	<http://wikidata.dbpedia.org/resource/Q1432123>
<http://ja.dbpedia.org/resource/中標津空港>	"中標津空港"@ja	<http://dbpedia.org/ontology/Airport>	<http://ja.dbpedia.org/property/母都市>	"母都市"@ja	<http://ja.wikipedia.org/wiki/中標津空港>	<http://wikidata.dbpedia.org/resource/Q1432123>
<http://ja.dbpedia.org/resource/仲野博子>	"仲野博子"@ja	<http://dbpedia.org/ontology/Species>	<http://ja.dbpedia.org/property/職名>	"職名"@ja	<http://ja.wikipedia.org/wiki/仲野博子>	<http://wikidata.dbpedia.org/resource/Q5770397>
<http://ja.dbpedia.org/resource/仲野博子>	"仲野博子"@ja	<http://dbpedia.org/ontology/Eukaryote>	<http://ja.dbpedia.org/property/職名>	"職名"@ja	<http://ja.wikipedia.org/wiki/仲野博子>	<http://wikidata.dbpedia.org/resource/Q5770397>
<http://ja.dbpedia.org/resource/仲野博子>	"仲野博子"@ja	<http://dbpedia.org/ontology/Person>	<http://ja.dbpedia.org/property/職名>	"職名"@ja	<http://ja.wikipedia.org/wiki/仲野博子>	<http://wikidata.dbpedia.org/resource/Q5770397>
<http://ja.dbpedia.org/resource/仲野博子>	"仲野博子"@ja	<http://dbpedia.org/ontology/Politician>	<http://ja.dbpedia.org/property/職名>	"職名"@ja	<http://ja.wikipedia.org/wiki/仲野博子>	<http://wikidata.dbpedia.org/resource/Q5770397>
<http://ja.dbpedia.org/resource/仲野博子>	"仲野博子"@ja	<http://dbpedia.org/ontology/Animal>	<http://ja.dbpedia.org/property/職名>	"職名"@ja	<http://ja.wikipedia.org/wiki/仲野博子>	<http://wikidata.dbpedia.org/resource/Q5770397>
<http://ja.dbpedia.org/resource/根室市立珸瑤瑁小学校>	"根室市立珸瑤瑁小学校"@ja	<http://dbpedia.org/ontology/School>	<http://ja.dbpedia.org/property/設置者>	"設置者"@ja	<http://ja.wikipedia.org/wiki/根室市立珸瑤瑁小学校>	<http://wikidata.dbpedia.org/resource/Q11536268>
<http://ja.dbpedia.org/resource/根室市立珸瑤瑁小学校>	"根室市立珸瑤瑁小学校"@ja	<http://dbpedia.org/ontology/Organisation>	<http://ja.dbpedia.org/property/設置者>	"設置者"@ja	<http://ja.wikipedia.org/wiki/根室市立珸瑤瑁小学校>	<http://wikidata.dbpedia.org/resource/Q11536268>
<http://ja.dbpedia.org/resource/根室市立珸瑤瑁小学校>	"根室市立珸瑤瑁小学校"@ja	<http://dbpedia.org/ontology/EducationalInstitution>	<http://ja.dbpedia.org/property/設置者>	"設置者"@ja	<http://ja.wikipedia.org/wiki/根室市立珸瑤瑁小学校>	<http://wikidata.dbpedia.org/resource/Q11536268>
<http://ja.dbpedia.org/resource/根室市立珸瑤瑁小学校>	"根室市立珸瑤瑁小学校"@ja	<http://dbpedia.org/ontology/Agent>	<http://ja.dbpedia.org/property/設置者>	"設置者"@ja	<http://ja.wikipedia.org/wiki/根室市立珸瑤瑁小学校>	<http://wikidata.dbpedia.org/resource/Q11536268>
<http://ja.dbpedia.org/resource/根室市立花咲港小学校>	"根室市立花咲港小学校"@ja	<http://dbpedia.org/ontology/School>	<http://ja.dbpedia.org/property/設置者>	"設置者"@ja	<http://ja.wikipedia.org/wiki/根室市立花咲港小学校>	<http://wikidata.dbpedia.org/resource/Q108732891>
<http://ja.dbpedia.org/resource/根室市立花咲港小学校>	"根室市立花咲港小学校"@ja	<http://dbpedia.org/ontology/Agent>	<http://ja.dbpedia.org/property/設置者>	"設置者"@ja	<http://ja.wikipedia.org/wiki/根室市立花咲港小学校>	<http://wikidata.dbpedia.org/resource/Q108732891>
<http://ja.dbpedia.org/resource/根室市立花咲港小学校>	"根室市立花咲港小学校"@ja	<http://dbpedia.org/ontology/Organisation>	<http://ja.dbpedia.org/property/設置者>	"設置者"@ja	<http://ja.wikipedia.org/wiki/根室市立花咲港小学校>	<http://wikidata.dbpedia.org/resource/Q108732891>
<http://ja.dbpedia.org/resource/根室市立花咲港小学校>	"根室市立花咲港小学校"@ja	<http://dbpedia.org/ontology/EducationalInstitution>	<http://ja.dbpedia.org/property/設置者>	"設置者"@ja	<http://ja.wikipedia.org/wiki/根室市立花咲港小学校>	<http://wikidata.dbpedia.org/resource/Q108732891>
<http://ja.dbpedia.org/resource/槍昔>	"槍昔"@ja	<http://dbpedia.org/ontology/Settlement>	<http://ja.dbpedia.org/property/subdivisionName>	"subdivision name"@ja	<http://ja.wikipedia.org/wiki/槍昔>	<http://wikidata.dbpedia.org/resource/Q21655071>
<http://ja.dbpedia.org/resource/槍昔>	"槍昔"@ja	<http://dbpedia.org/ontology/Location>	<http://ja.dbpedia.org/property/subdivisionName>	"subdivision name"@ja	<http://ja.wikipedia.org/wiki/槍昔>	<http://wikidata.dbpedia.org/resource/Q21655071>
<http://ja.dbpedia.org/resource/槍昔>	"槍昔"@ja	<http://dbpedia.org/ontology/PopulatedPlace>	<http://ja.dbpedia.org/property/subdivisionName>	"subdivision name"@ja	<http://ja.wikipedia.org/wiki/槍昔>	<http://wikidata.dbpedia.org/resource/Q21655071>
<http://ja.dbpedia.org/resource/槍昔>	"槍昔"@ja	<http://dbpedia.org/ontology/Place>	<http://ja.dbpedia.org/property/subdivisionName>	"subdivision name"@ja	<http://ja.wikipedia.org/wiki/槍昔>	<http://wikidata.dbpedia.org/resource/Q21655071>
<http://ja.dbpedia.org/resource/牧の内ダム>	"牧の内ダム"@ja	<http://dbpedia.org/ontology/ArchitecturalStructure>	<http://ja.dbpedia.org/property/事業主体>	"事業主体"@ja	<http://ja.wikipedia.org/wiki/牧の内ダム>	<http://wikidata.dbpedia.org/resource/Q11570331>
<http://ja.dbpedia.org/resource/牧の内ダム>	"牧の内ダム"@ja	<http://dbpedia.org/ontology/Dam>	<http://ja.dbpedia.org/property/事業主体>	"事業主体"@ja	<http://ja.wikipedia.org/wiki/牧の内ダム>	<http://wikidata.dbpedia.org/resource/Q11570331>
<http://ja.dbpedia.org/resource/牧の内ダム>	"牧の内ダム"@ja	<http://dbpedia.org/ontology/Infrastructure>	<http://ja.dbpedia.org/property/事業主体>	"事業主体"@ja	<http://ja.wikipedia.org/wiki/牧の内ダム>	<http://wikidata.dbpedia.org/resource/Q11570331>
