?s	?sLabel	?type	?p	?pLabel	?jwiki	?wd
<http://ja.dbpedia.org/resource/えにわコミュニティ放送>	"えにわコミュニティ放送"@ja	<http://dbpedia.org/ontology/Company>	<http://ja.dbpedia.org/property/自治体名>	"自治体名"@ja	<http://ja.wikipedia.org/wiki/えにわコミュニティ放送>	<http://wikidata.dbpedia.org/resource/Q11260980>
<http://ja.dbpedia.org/resource/えにわコミュニティ放送>	"えにわコミュニティ放送"@ja	<http://dbpedia.org/ontology/Agent>	<http://ja.dbpedia.org/property/自治体名>	"自治体名"@ja	<http://ja.wikipedia.org/wiki/えにわコミュニティ放送>	<http://wikidata.dbpedia.org/resource/Q11260980>
<http://ja.dbpedia.org/resource/えにわコミュニティ放送>	"えにわコミュニティ放送"@ja	<http://dbpedia.org/ontology/Organisation>	<http://ja.dbpedia.org/property/自治体名>	"自治体名"@ja	<http://ja.wikipedia.org/wiki/えにわコミュニティ放送>	<http://wikidata.dbpedia.org/resource/Q11260980>
<http://ja.dbpedia.org/resource/中島興世>	"中島興世"@ja	<http://dbpedia.org/ontology/Politician>	<http://ja.dbpedia.org/property/前職>	"前職"@ja	<http://ja.wikipedia.org/wiki/中島興世>	<http://wikidata.dbpedia.org/resource/Q17687093>
<http://ja.dbpedia.org/resource/中島興世>	"中島興世"@ja	<http://dbpedia.org/ontology/Eukaryote>	<http://ja.dbpedia.org/property/前職>	"前職"@ja	<http://ja.wikipedia.org/wiki/中島興世>	<http://wikidata.dbpedia.org/resource/Q17687093>
<http://ja.dbpedia.org/resource/中島興世>	"中島興世"@ja	<http://dbpedia.org/ontology/Animal>	<http://ja.dbpedia.org/property/前職>	"前職"@ja	<http://ja.wikipedia.org/wiki/中島興世>	<http://wikidata.dbpedia.org/resource/Q17687093>
<http://ja.dbpedia.org/resource/中島興世>	"中島興世"@ja	<http://dbpedia.org/ontology/Person>	<http://ja.dbpedia.org/property/前職>	"前職"@ja	<http://ja.wikipedia.org/wiki/中島興世>	<http://wikidata.dbpedia.org/resource/Q17687093>
<http://ja.dbpedia.org/resource/中島興世>	"中島興世"@ja	<http://dbpedia.org/ontology/Species>	<http://ja.dbpedia.org/property/前職>	"前職"@ja	<http://ja.wikipedia.org/wiki/中島興世>	<http://wikidata.dbpedia.org/resource/Q17687093>
<http://ja.dbpedia.org/resource/北広島市>	"北広島市"@ja	<http://dbpedia.org/ontology/Place>	<http://ja.dbpedia.org/property/south>	"South"@ja	<http://ja.wikipedia.org/wiki/北広島市>	<http://wikidata.dbpedia.org/resource/Q817278>
<http://ja.dbpedia.org/resource/北広島市>	"北広島市"@ja	<http://dbpedia.org/ontology/City>	<http://ja.dbpedia.org/property/south>	"South"@ja	<http://ja.wikipedia.org/wiki/北広島市>	<http://wikidata.dbpedia.org/resource/Q817278>
<http://ja.dbpedia.org/resource/北広島市>	"北広島市"@ja	<http://dbpedia.org/ontology/Location>	<http://ja.dbpedia.org/property/south>	"South"@ja	<http://ja.wikipedia.org/wiki/北広島市>	<http://wikidata.dbpedia.org/resource/Q817278>
<http://ja.dbpedia.org/resource/北広島市>	"北広島市"@ja	<http://dbpedia.org/ontology/Settlement>	<http://ja.dbpedia.org/property/south>	"South"@ja	<http://ja.wikipedia.org/wiki/北広島市>	<http://wikidata.dbpedia.org/resource/Q817278>
<http://ja.dbpedia.org/resource/北広島市>	"北広島市"@ja	<http://dbpedia.org/ontology/PopulatedPlace>	<http://ja.dbpedia.org/property/south>	"South"@ja	<http://ja.wikipedia.org/wiki/北広島市>	<http://wikidata.dbpedia.org/resource/Q817278>
<http://ja.dbpedia.org/resource/恵庭市立和光小学校>	"恵庭市立和光小学校"@ja	<http://dbpedia.org/ontology/EducationalInstitution>	<http://ja.dbpedia.org/property/設置者>	"設置者"@ja	<http://ja.wikipedia.org/wiki/恵庭市立和光小学校>	<http://wikidata.dbpedia.org/resource/Q11492370>
<http://ja.dbpedia.org/resource/恵庭市立和光小学校>	"恵庭市立和光小学校"@ja	<http://dbpedia.org/ontology/School>	<http://ja.dbpedia.org/property/設置者>	"設置者"@ja	<http://ja.wikipedia.org/wiki/恵庭市立和光小学校>	<http://wikidata.dbpedia.org/resource/Q11492370>
<http://ja.dbpedia.org/resource/恵庭市立和光小学校>	"恵庭市立和光小学校"@ja	<http://dbpedia.org/ontology/Organisation>	<http://ja.dbpedia.org/property/設置者>	"設置者"@ja	<http://ja.wikipedia.org/wiki/恵庭市立和光小学校>	<http://wikidata.dbpedia.org/resource/Q11492370>
<http://ja.dbpedia.org/resource/恵庭市立和光小学校>	"恵庭市立和光小学校"@ja	<http://dbpedia.org/ontology/Agent>	<http://ja.dbpedia.org/property/設置者>	"設置者"@ja	<http://ja.wikipedia.org/wiki/恵庭市立和光小学校>	<http://wikidata.dbpedia.org/resource/Q11492370>
<http://ja.dbpedia.org/resource/恵庭市立図書館>	"恵庭市立図書館"@ja	<http://dbpedia.org/ontology/Organisation>	<http://ja.dbpedia.org/property/事業主体>	"事業主体"@ja	<http://ja.wikipedia.org/wiki/恵庭市立図書館>	<http://wikidata.dbpedia.org/resource/Q11492371>
<http://ja.dbpedia.org/resource/恵庭市立図書館>	"恵庭市立図書館"@ja	<http://dbpedia.org/ontology/EducationalInstitution>	<http://ja.dbpedia.org/property/事業主体>	"事業主体"@ja	<http://ja.wikipedia.org/wiki/恵庭市立図書館>	<http://wikidata.dbpedia.org/resource/Q11492371>
<http://ja.dbpedia.org/resource/恵庭市立図書館>	"恵庭市立図書館"@ja	<http://dbpedia.org/ontology/Agent>	<http://ja.dbpedia.org/property/事業主体>	"事業主体"@ja	<http://ja.wikipedia.org/wiki/恵庭市立図書館>	<http://wikidata.dbpedia.org/resource/Q11492371>
<http://ja.dbpedia.org/resource/恵庭市立図書館>	"恵庭市立図書館"@ja	<http://dbpedia.org/ontology/Library>	<http://ja.dbpedia.org/property/事業主体>	"事業主体"@ja	<http://ja.wikipedia.org/wiki/恵庭市立図書館>	<http://wikidata.dbpedia.org/resource/Q11492371>
<http://ja.dbpedia.org/resource/恵庭市立島松小学校>	"恵庭市立島松小学校"@ja	<http://dbpedia.org/ontology/Organisation>	<http://ja.dbpedia.org/property/設置者>	"設置者"@ja	<http://ja.wikipedia.org/wiki/恵庭市立島松小学校>	<http://wikidata.dbpedia.org/resource/Q11492372>
<http://ja.dbpedia.org/resource/恵庭市立島松小学校>	"恵庭市立島松小学校"@ja	<http://dbpedia.org/ontology/Agent>	<http://ja.dbpedia.org/property/設置者>	"設置者"@ja	<http://ja.wikipedia.org/wiki/恵庭市立島松小学校>	<http://wikidata.dbpedia.org/resource/Q11492372>
<http://ja.dbpedia.org/resource/恵庭市立島松小学校>	"恵庭市立島松小学校"@ja	<http://dbpedia.org/ontology/School>	<http://ja.dbpedia.org/property/設置者>	"設置者"@ja	<http://ja.wikipedia.org/wiki/恵庭市立島松小学校>	<http://wikidata.dbpedia.org/resource/Q11492372>
<http://ja.dbpedia.org/resource/恵庭市立島松小学校>	"恵庭市立島松小学校"@ja	<http://dbpedia.org/ontology/EducationalInstitution>	<http://ja.dbpedia.org/property/設置者>	"設置者"@ja	<http://ja.wikipedia.org/wiki/恵庭市立島松小学校>	<http://wikidata.dbpedia.org/resource/Q11492372>
<http://ja.dbpedia.org/resource/恵庭市立恵み野中学校>	"恵庭市立恵み野中学校"@ja	<http://dbpedia.org/ontology/EducationalInstitution>	<http://ja.dbpedia.org/property/設置者>	"設置者"@ja	<http://ja.wikipedia.org/wiki/恵庭市立恵み野中学校>	<http://wikidata.dbpedia.org/resource/Q11492373>
<http://ja.dbpedia.org/resource/恵庭市立恵み野中学校>	"恵庭市立恵み野中学校"@ja	<http://dbpedia.org/ontology/School>	<http://ja.dbpedia.org/property/設置者>	"設置者"@ja	<http://ja.wikipedia.org/wiki/恵庭市立恵み野中学校>	<http://wikidata.dbpedia.org/resource/Q11492373>
<http://ja.dbpedia.org/resource/恵庭市立恵み野中学校>	"恵庭市立恵み野中学校"@ja	<http://dbpedia.org/ontology/Organisation>	<http://ja.dbpedia.org/property/設置者>	"設置者"@ja	<http://ja.wikipedia.org/wiki/恵庭市立恵み野中学校>	<http://wikidata.dbpedia.org/resource/Q11492373>
<http://ja.dbpedia.org/resource/恵庭市立恵み野中学校>	"恵庭市立恵み野中学校"@ja	<http://dbpedia.org/ontology/Agent>	<http://ja.dbpedia.org/property/設置者>	"設置者"@ja	<http://ja.wikipedia.org/wiki/恵庭市立恵み野中学校>	<http://wikidata.dbpedia.org/resource/Q11492373>
<http://ja.dbpedia.org/resource/恵庭市立恵み野小学校>	"恵庭市立恵み野小学校"@ja	<http://dbpedia.org/ontology/EducationalInstitution>	<http://ja.dbpedia.org/property/設置者>	"設置者"@ja	<http://ja.wikipedia.org/wiki/恵庭市立恵み野小学校>	<http://wikidata.dbpedia.org/resource/Q11492374>
<http://ja.dbpedia.org/resource/恵庭市立恵み野小学校>	"恵庭市立恵み野小学校"@ja	<http://dbpedia.org/ontology/School>	<http://ja.dbpedia.org/property/設置者>	"設置者"@ja	<http://ja.wikipedia.org/wiki/恵庭市立恵み野小学校>	<http://wikidata.dbpedia.org/resource/Q11492374>
<http://ja.dbpedia.org/resource/恵庭市立恵み野小学校>	"恵庭市立恵み野小学校"@ja	<http://dbpedia.org/ontology/Organisation>	<http://ja.dbpedia.org/property/設置者>	"設置者"@ja	<http://ja.wikipedia.org/wiki/恵庭市立恵み野小学校>	<http://wikidata.dbpedia.org/resource/Q11492374>
<http://ja.dbpedia.org/resource/恵庭市立恵み野小学校>	"恵庭市立恵み野小学校"@ja	<http://dbpedia.org/ontology/Agent>	<http://ja.dbpedia.org/property/設置者>	"設置者"@ja	<http://ja.wikipedia.org/wiki/恵庭市立恵み野小学校>	<http://wikidata.dbpedia.org/resource/Q11492374>
<http://ja.dbpedia.org/resource/恵庭市立恵み野旭小学校>	"恵庭市立恵み野旭小学校"@ja	<http://dbpedia.org/ontology/School>	<http://ja.dbpedia.org/property/設置者>	"設置者"@ja	<http://ja.wikipedia.org/wiki/恵庭市立恵み野旭小学校>	<http://wikidata.dbpedia.org/resource/Q11492375>
<http://ja.dbpedia.org/resource/恵庭市立恵み野旭小学校>	"恵庭市立恵み野旭小学校"@ja	<http://dbpedia.org/ontology/EducationalInstitution>	<http://ja.dbpedia.org/property/設置者>	"設置者"@ja	<http://ja.wikipedia.org/wiki/恵庭市立恵み野旭小学校>	<http://wikidata.dbpedia.org/resource/Q11492375>
<http://ja.dbpedia.org/resource/恵庭市立恵み野旭小学校>	"恵庭市立恵み野旭小学校"@ja	<http://dbpedia.org/ontology/Agent>	<http://ja.dbpedia.org/property/設置者>	"設置者"@ja	<http://ja.wikipedia.org/wiki/恵庭市立恵み野旭小学校>	<http://wikidata.dbpedia.org/resource/Q11492375>
<http://ja.dbpedia.org/resource/恵庭市立恵み野旭小学校>	"恵庭市立恵み野旭小学校"@ja	<http://dbpedia.org/ontology/Organisation>	<http://ja.dbpedia.org/property/設置者>	"設置者"@ja	<http://ja.wikipedia.org/wiki/恵庭市立恵み野旭小学校>	<http://wikidata.dbpedia.org/resource/Q11492375>
<http://ja.dbpedia.org/resource/恵庭市立恵北中学校>	"恵庭市立恵北中学校"@ja	<http://dbpedia.org/ontology/EducationalInstitution>	<http://ja.dbpedia.org/property/設置者>	"設置者"@ja	<http://ja.wikipedia.org/wiki/恵庭市立恵北中学校>	<http://wikidata.dbpedia.org/resource/Q11492376>
<http://ja.dbpedia.org/resource/恵庭市立恵北中学校>	"恵庭市立恵北中学校"@ja	<http://dbpedia.org/ontology/School>	<http://ja.dbpedia.org/property/設置者>	"設置者"@ja	<http://ja.wikipedia.org/wiki/恵庭市立恵北中学校>	<http://wikidata.dbpedia.org/resource/Q11492376>
<http://ja.dbpedia.org/resource/恵庭市立恵北中学校>	"恵庭市立恵北中学校"@ja	<http://dbpedia.org/ontology/Organisation>	<http://ja.dbpedia.org/property/設置者>	"設置者"@ja	<http://ja.wikipedia.org/wiki/恵庭市立恵北中学校>	<http://wikidata.dbpedia.org/resource/Q11492376>
<http://ja.dbpedia.org/resource/恵庭市立恵北中学校>	"恵庭市立恵北中学校"@ja	<http://dbpedia.org/ontology/Agent>	<http://ja.dbpedia.org/property/設置者>	"設置者"@ja	<http://ja.wikipedia.org/wiki/恵庭市立恵北中学校>	<http://wikidata.dbpedia.org/resource/Q11492376>
<http://ja.dbpedia.org/resource/恵庭市立恵庭中学校>	"恵庭市立恵庭中学校"@ja	<http://dbpedia.org/ontology/Organisation>	<http://ja.dbpedia.org/property/設置者>	"設置者"@ja	<http://ja.wikipedia.org/wiki/恵庭市立恵庭中学校>	<http://wikidata.dbpedia.org/resource/Q11492378>
<http://ja.dbpedia.org/resource/恵庭市立恵庭中学校>	"恵庭市立恵庭中学校"@ja	<http://dbpedia.org/ontology/Agent>	<http://ja.dbpedia.org/property/設置者>	"設置者"@ja	<http://ja.wikipedia.org/wiki/恵庭市立恵庭中学校>	<http://wikidata.dbpedia.org/resource/Q11492378>
<http://ja.dbpedia.org/resource/恵庭市立恵庭中学校>	"恵庭市立恵庭中学校"@ja	<http://dbpedia.org/ontology/School>	<http://ja.dbpedia.org/property/設置者>	"設置者"@ja	<http://ja.wikipedia.org/wiki/恵庭市立恵庭中学校>	<http://wikidata.dbpedia.org/resource/Q11492378>
<http://ja.dbpedia.org/resource/恵庭市立恵庭中学校>	"恵庭市立恵庭中学校"@ja	<http://dbpedia.org/ontology/EducationalInstitution>	<http://ja.dbpedia.org/property/設置者>	"設置者"@ja	<http://ja.wikipedia.org/wiki/恵庭市立恵庭中学校>	<http://wikidata.dbpedia.org/resource/Q11492378>
<http://ja.dbpedia.org/resource/恵庭市立恵庭小学校>	"恵庭市立恵庭小学校"@ja	<http://dbpedia.org/ontology/EducationalInstitution>	<http://ja.dbpedia.org/property/設置者>	"設置者"@ja	<http://ja.wikipedia.org/wiki/恵庭市立恵庭小学校>	<http://wikidata.dbpedia.org/resource/Q17219409>
<http://ja.dbpedia.org/resource/恵庭市立恵庭小学校>	"恵庭市立恵庭小学校"@ja	<http://dbpedia.org/ontology/School>	<http://ja.dbpedia.org/property/設置者>	"設置者"@ja	<http://ja.wikipedia.org/wiki/恵庭市立恵庭小学校>	<http://wikidata.dbpedia.org/resource/Q17219409>
<http://ja.dbpedia.org/resource/恵庭市立恵庭小学校>	"恵庭市立恵庭小学校"@ja	<http://dbpedia.org/ontology/Organisation>	<http://ja.dbpedia.org/property/設置者>	"設置者"@ja	<http://ja.wikipedia.org/wiki/恵庭市立恵庭小学校>	<http://wikidata.dbpedia.org/resource/Q17219409>
<http://ja.dbpedia.org/resource/恵庭市立恵庭小学校>	"恵庭市立恵庭小学校"@ja	<http://dbpedia.org/ontology/Agent>	<http://ja.dbpedia.org/property/設置者>	"設置者"@ja	<http://ja.wikipedia.org/wiki/恵庭市立恵庭小学校>	<http://wikidata.dbpedia.org/resource/Q17219409>
<http://ja.dbpedia.org/resource/恵庭市立恵明中学校>	"恵庭市立恵明中学校"@ja	<http://dbpedia.org/ontology/School>	<http://ja.dbpedia.org/property/設置者>	"設置者"@ja	<http://ja.wikipedia.org/wiki/恵庭市立恵明中学校>	<http://wikidata.dbpedia.org/resource/Q11492377>
<http://ja.dbpedia.org/resource/恵庭市立恵明中学校>	"恵庭市立恵明中学校"@ja	<http://dbpedia.org/ontology/EducationalInstitution>	<http://ja.dbpedia.org/property/設置者>	"設置者"@ja	<http://ja.wikipedia.org/wiki/恵庭市立恵明中学校>	<http://wikidata.dbpedia.org/resource/Q11492377>
<http://ja.dbpedia.org/resource/恵庭市立恵明中学校>	"恵庭市立恵明中学校"@ja	<http://dbpedia.org/ontology/Agent>	<http://ja.dbpedia.org/property/設置者>	"設置者"@ja	<http://ja.wikipedia.org/wiki/恵庭市立恵明中学校>	<http://wikidata.dbpedia.org/resource/Q11492377>
<http://ja.dbpedia.org/resource/恵庭市立恵明中学校>	"恵庭市立恵明中学校"@ja	<http://dbpedia.org/ontology/Organisation>	<http://ja.dbpedia.org/property/設置者>	"設置者"@ja	<http://ja.wikipedia.org/wiki/恵庭市立恵明中学校>	<http://wikidata.dbpedia.org/resource/Q11492377>
<http://ja.dbpedia.org/resource/恵庭市立松恵小学校>	"恵庭市立松恵小学校"@ja	<http://dbpedia.org/ontology/EducationalInstitution>	<http://ja.dbpedia.org/property/設置者>	"設置者"@ja	<http://ja.wikipedia.org/wiki/恵庭市立松恵小学校>	<http://wikidata.dbpedia.org/resource/Q17219423>
<http://ja.dbpedia.org/resource/恵庭市立松恵小学校>	"恵庭市立松恵小学校"@ja	<http://dbpedia.org/ontology/School>	<http://ja.dbpedia.org/property/設置者>	"設置者"@ja	<http://ja.wikipedia.org/wiki/恵庭市立松恵小学校>	<http://wikidata.dbpedia.org/resource/Q17219423>
<http://ja.dbpedia.org/resource/恵庭市立松恵小学校>	"恵庭市立松恵小学校"@ja	<http://dbpedia.org/ontology/Organisation>	<http://ja.dbpedia.org/property/設置者>	"設置者"@ja	<http://ja.wikipedia.org/wiki/恵庭市立松恵小学校>	<http://wikidata.dbpedia.org/resource/Q17219423>
<http://ja.dbpedia.org/resource/恵庭市立松恵小学校>	"恵庭市立松恵小学校"@ja	<http://dbpedia.org/ontology/Agent>	<http://ja.dbpedia.org/property/設置者>	"設置者"@ja	<http://ja.wikipedia.org/wiki/恵庭市立松恵小学校>	<http://wikidata.dbpedia.org/resource/Q17219423>
<http://ja.dbpedia.org/resource/恵庭市立柏小学校>	"恵庭市立柏小学校"@ja	<http://dbpedia.org/ontology/School>	<http://ja.dbpedia.org/property/設置者>	"設置者"@ja	<http://ja.wikipedia.org/wiki/恵庭市立柏小学校>	<http://wikidata.dbpedia.org/resource/Q17219419>
<http://ja.dbpedia.org/resource/恵庭市立柏小学校>	"恵庭市立柏小学校"@ja	<http://dbpedia.org/ontology/EducationalInstitution>	<http://ja.dbpedia.org/property/設置者>	"設置者"@ja	<http://ja.wikipedia.org/wiki/恵庭市立柏小学校>	<http://wikidata.dbpedia.org/resource/Q17219419>
<http://ja.dbpedia.org/resource/恵庭市立柏小学校>	"恵庭市立柏小学校"@ja	<http://dbpedia.org/ontology/Agent>	<http://ja.dbpedia.org/property/設置者>	"設置者"@ja	<http://ja.wikipedia.org/wiki/恵庭市立柏小学校>	<http://wikidata.dbpedia.org/resource/Q17219419>
<http://ja.dbpedia.org/resource/恵庭市立柏小学校>	"恵庭市立柏小学校"@ja	<http://dbpedia.org/ontology/Organisation>	<http://ja.dbpedia.org/property/設置者>	"設置者"@ja	<http://ja.wikipedia.org/wiki/恵庭市立柏小学校>	<http://wikidata.dbpedia.org/resource/Q17219419>
<http://ja.dbpedia.org/resource/恵庭市立柏陽中学校>	"恵庭市立柏陽中学校"@ja	<http://dbpedia.org/ontology/EducationalInstitution>	<http://ja.dbpedia.org/property/設置者>	"設置者"@ja	<http://ja.wikipedia.org/wiki/恵庭市立柏陽中学校>	<http://wikidata.dbpedia.org/resource/Q11492379>
<http://ja.dbpedia.org/resource/恵庭市立柏陽中学校>	"恵庭市立柏陽中学校"@ja	<http://dbpedia.org/ontology/School>	<http://ja.dbpedia.org/property/設置者>	"設置者"@ja	<http://ja.wikipedia.org/wiki/恵庭市立柏陽中学校>	<http://wikidata.dbpedia.org/resource/Q11492379>
<http://ja.dbpedia.org/resource/恵庭市立柏陽中学校>	"恵庭市立柏陽中学校"@ja	<http://dbpedia.org/ontology/Organisation>	<http://ja.dbpedia.org/property/設置者>	"設置者"@ja	<http://ja.wikipedia.org/wiki/恵庭市立柏陽中学校>	<http://wikidata.dbpedia.org/resource/Q11492379>
<http://ja.dbpedia.org/resource/恵庭市立柏陽中学校>	"恵庭市立柏陽中学校"@ja	<http://dbpedia.org/ontology/Agent>	<http://ja.dbpedia.org/property/設置者>	"設置者"@ja	<http://ja.wikipedia.org/wiki/恵庭市立柏陽中学校>	<http://wikidata.dbpedia.org/resource/Q11492379>
<http://ja.dbpedia.org/resource/恵庭市立若草小学校>	"恵庭市立若草小学校"@ja	<http://dbpedia.org/ontology/EducationalInstitution>	<http://ja.dbpedia.org/property/設置者>	"設置者"@ja	<http://ja.wikipedia.org/wiki/恵庭市立若草小学校>	<http://wikidata.dbpedia.org/resource/Q11492380>
<http://ja.dbpedia.org/resource/恵庭市立若草小学校>	"恵庭市立若草小学校"@ja	<http://dbpedia.org/ontology/School>	<http://ja.dbpedia.org/property/設置者>	"設置者"@ja	<http://ja.wikipedia.org/wiki/恵庭市立若草小学校>	<http://wikidata.dbpedia.org/resource/Q11492380>
<http://ja.dbpedia.org/resource/恵庭市立若草小学校>	"恵庭市立若草小学校"@ja	<http://dbpedia.org/ontology/Organisation>	<http://ja.dbpedia.org/property/設置者>	"設置者"@ja	<http://ja.wikipedia.org/wiki/恵庭市立若草小学校>	<http://wikidata.dbpedia.org/resource/Q11492380>
<http://ja.dbpedia.org/resource/恵庭市立若草小学校>	"恵庭市立若草小学校"@ja	<http://dbpedia.org/ontology/Agent>	<http://ja.dbpedia.org/property/設置者>	"設置者"@ja	<http://ja.wikipedia.org/wiki/恵庭市立若草小学校>	<http://wikidata.dbpedia.org/resource/Q11492380>
<http://ja.dbpedia.org/resource/恵庭市郷土資料館>	"恵庭市郷土資料館"@ja	<http://dbpedia.org/ontology/ArchitecturalStructure>	<http://ja.dbpedia.org/property/管理運営>	"管理運営"@ja	<http://ja.wikipedia.org/wiki/恵庭市郷土資料館>	<http://wikidata.dbpedia.org/resource/Q17219401>
<http://ja.dbpedia.org/resource/恵庭市郷土資料館>	"恵庭市郷土資料館"@ja	<http://dbpedia.org/ontology/Building>	<http://ja.dbpedia.org/property/事業主体>	"事業主体"@ja	<http://ja.wikipedia.org/wiki/恵庭市郷土資料館>	<http://wikidata.dbpedia.org/resource/Q17219401>
<http://ja.dbpedia.org/resource/恵庭市郷土資料館>	"恵庭市郷土資料館"@ja	<http://dbpedia.org/ontology/Museum>	<http://ja.dbpedia.org/property/管理運営>	"管理運営"@ja	<http://ja.wikipedia.org/wiki/恵庭市郷土資料館>	<http://wikidata.dbpedia.org/resource/Q17219401>
<http://ja.dbpedia.org/resource/恵庭市郷土資料館>	"恵庭市郷土資料館"@ja	<http://dbpedia.org/ontology/ArchitecturalStructure>	<http://ja.dbpedia.org/property/事業主体>	"事業主体"@ja	<http://ja.wikipedia.org/wiki/恵庭市郷土資料館>	<http://wikidata.dbpedia.org/resource/Q17219401>
<http://ja.dbpedia.org/resource/恵庭市郷土資料館>	"恵庭市郷土資料館"@ja	<http://dbpedia.org/ontology/Museum>	<http://ja.dbpedia.org/property/事業主体>	"事業主体"@ja	<http://ja.wikipedia.org/wiki/恵庭市郷土資料館>	<http://wikidata.dbpedia.org/resource/Q17219401>
<http://ja.dbpedia.org/resource/恵庭市郷土資料館>	"恵庭市郷土資料館"@ja	<http://dbpedia.org/ontology/Building>	<http://ja.dbpedia.org/property/管理運営>	"管理運営"@ja	<http://ja.wikipedia.org/wiki/恵庭市郷土資料館>	<http://wikidata.dbpedia.org/resource/Q17219401>
<http://ja.dbpedia.org/resource/有明_(札幌市)>	"有明 (札幌市)"@ja	<http://dbpedia.org/ontology/Place>	<http://ja.dbpedia.org/property/south>	"South"@ja	<http://ja.wikipedia.org/wiki/有明_(札幌市)>	<http://wikidata.dbpedia.org/resource/Q20043018>
<http://ja.dbpedia.org/resource/有明_(札幌市)>	"有明 (札幌市)"@ja	<http://dbpedia.org/ontology/Settlement>	<http://ja.dbpedia.org/property/south>	"South"@ja	<http://ja.wikipedia.org/wiki/有明_(札幌市)>	<http://wikidata.dbpedia.org/resource/Q20043018>
<http://ja.dbpedia.org/resource/有明_(札幌市)>	"有明 (札幌市)"@ja	<http://dbpedia.org/ontology/Location>	<http://ja.dbpedia.org/property/south>	"South"@ja	<http://ja.wikipedia.org/wiki/有明_(札幌市)>	<http://wikidata.dbpedia.org/resource/Q20043018>
<http://ja.dbpedia.org/resource/有明_(札幌市)>	"有明 (札幌市)"@ja	<http://dbpedia.org/ontology/PopulatedPlace>	<http://ja.dbpedia.org/property/south>	"South"@ja	<http://ja.wikipedia.org/wiki/有明_(札幌市)>	<http://wikidata.dbpedia.org/resource/Q20043018>
<http://ja.dbpedia.org/resource/札幌市>	"札幌市"@ja	<http://dbpedia.org/ontology/Place>	<http://ja.dbpedia.org/property/southeast>	"Southeast"@ja	<http://ja.wikipedia.org/wiki/札幌市>	<http://wikidata.dbpedia.org/resource/Q37951>
<http://ja.dbpedia.org/resource/札幌市>	"札幌市"@ja	<http://dbpedia.org/ontology/City>	<http://ja.dbpedia.org/property/southeast>	"Southeast"@ja	<http://ja.wikipedia.org/wiki/札幌市>	<http://wikidata.dbpedia.org/resource/Q37951>
<http://ja.dbpedia.org/resource/札幌市>	"札幌市"@ja	<http://dbpedia.org/ontology/Settlement>	<http://ja.dbpedia.org/property/southeast>	"Southeast"@ja	<http://ja.wikipedia.org/wiki/札幌市>	<http://wikidata.dbpedia.org/resource/Q37951>
<http://ja.dbpedia.org/resource/札幌市>	"札幌市"@ja	<http://dbpedia.org/ontology/PopulatedPlace>	<http://ja.dbpedia.org/property/southeast>	"Southeast"@ja	<http://ja.wikipedia.org/wiki/札幌市>	<http://wikidata.dbpedia.org/resource/Q37951>
<http://ja.dbpedia.org/resource/札幌市>	"札幌市"@ja	<http://dbpedia.org/ontology/Location>	<http://ja.dbpedia.org/property/southeast>	"Southeast"@ja	<http://ja.wikipedia.org/wiki/札幌市>	<http://wikidata.dbpedia.org/resource/Q37951>
<http://ja.dbpedia.org/resource/滝野_(札幌市)>	"滝野 (札幌市)"@ja	<http://dbpedia.org/ontology/Settlement>	<http://ja.dbpedia.org/property/south>	"South"@ja	<http://ja.wikipedia.org/wiki/滝野_(札幌市)>	<http://wikidata.dbpedia.org/resource/Q24872469>
<http://ja.dbpedia.org/resource/滝野_(札幌市)>	"滝野 (札幌市)"@ja	<http://dbpedia.org/ontology/Place>	<http://ja.dbpedia.org/property/south>	"South"@ja	<http://ja.wikipedia.org/wiki/滝野_(札幌市)>	<http://wikidata.dbpedia.org/resource/Q24872469>
<http://ja.dbpedia.org/resource/滝野_(札幌市)>	"滝野 (札幌市)"@ja	<http://dbpedia.org/ontology/Location>	<http://ja.dbpedia.org/property/south>	"South"@ja	<http://ja.wikipedia.org/wiki/滝野_(札幌市)>	<http://wikidata.dbpedia.org/resource/Q24872469>
<http://ja.dbpedia.org/resource/滝野_(札幌市)>	"滝野 (札幌市)"@ja	<http://dbpedia.org/ontology/PopulatedPlace>	<http://ja.dbpedia.org/property/south>	"South"@ja	<http://ja.wikipedia.org/wiki/滝野_(札幌市)>	<http://wikidata.dbpedia.org/resource/Q24872469>
