?s	?sLabel	?type	?p	?pLabel	?jwiki	?wd
<http://ja.dbpedia.org/resource/一鍬田>	"一鍬田"@ja	<http://dbpedia.org/ontology/Place>	<http://ja.dbpedia.org/property/subdivisionName>	"subdivision name"@ja	<http://ja.wikipedia.org/wiki/一鍬田>	<http://wikidata.dbpedia.org/resource/Q47392984>
<http://ja.dbpedia.org/resource/一鍬田>	"一鍬田"@ja	<http://dbpedia.org/ontology/Settlement>	<http://ja.dbpedia.org/property/subdivisionName>	"subdivision name"@ja	<http://ja.wikipedia.org/wiki/一鍬田>	<http://wikidata.dbpedia.org/resource/Q47392984>
<http://ja.dbpedia.org/resource/一鍬田>	"一鍬田"@ja	<http://dbpedia.org/ontology/Location>	<http://ja.dbpedia.org/property/subdivisionName>	"subdivision name"@ja	<http://ja.wikipedia.org/wiki/一鍬田>	<http://wikidata.dbpedia.org/resource/Q47392984>
<http://ja.dbpedia.org/resource/一鍬田>	"一鍬田"@ja	<http://dbpedia.org/ontology/PopulatedPlace>	<http://ja.dbpedia.org/property/subdivisionName>	"subdivision name"@ja	<http://ja.wikipedia.org/wiki/一鍬田>	<http://wikidata.dbpedia.org/resource/Q47392984>
<http://ja.dbpedia.org/resource/匝瑳市>	"匝瑳市"@ja	<http://dbpedia.org/ontology/City>	<http://ja.dbpedia.org/property/隣接自治体>	"隣接自治体"@ja	<http://ja.wikipedia.org/wiki/匝瑳市>	<http://wikidata.dbpedia.org/resource/Q858367>
<http://ja.dbpedia.org/resource/匝瑳市>	"匝瑳市"@ja	<http://dbpedia.org/ontology/PopulatedPlace>	<http://ja.dbpedia.org/property/northwest>	"Northwest"@ja	<http://ja.wikipedia.org/wiki/匝瑳市>	<http://wikidata.dbpedia.org/resource/Q858367>
<http://ja.dbpedia.org/resource/匝瑳市>	"匝瑳市"@ja	<http://dbpedia.org/ontology/Place>	<http://ja.dbpedia.org/property/隣接自治体>	"隣接自治体"@ja	<http://ja.wikipedia.org/wiki/匝瑳市>	<http://wikidata.dbpedia.org/resource/Q858367>
<http://ja.dbpedia.org/resource/匝瑳市>	"匝瑳市"@ja	<http://dbpedia.org/ontology/Settlement>	<http://ja.dbpedia.org/property/northwest>	"Northwest"@ja	<http://ja.wikipedia.org/wiki/匝瑳市>	<http://wikidata.dbpedia.org/resource/Q858367>
<http://ja.dbpedia.org/resource/匝瑳市>	"匝瑳市"@ja	<http://dbpedia.org/ontology/Location>	<http://ja.dbpedia.org/property/northwest>	"Northwest"@ja	<http://ja.wikipedia.org/wiki/匝瑳市>	<http://wikidata.dbpedia.org/resource/Q858367>
<http://ja.dbpedia.org/resource/匝瑳市>	"匝瑳市"@ja	<http://dbpedia.org/ontology/Location>	<http://ja.dbpedia.org/property/隣接自治体>	"隣接自治体"@ja	<http://ja.wikipedia.org/wiki/匝瑳市>	<http://wikidata.dbpedia.org/resource/Q858367>
<http://ja.dbpedia.org/resource/匝瑳市>	"匝瑳市"@ja	<http://dbpedia.org/ontology/Settlement>	<http://ja.dbpedia.org/property/隣接自治体>	"隣接自治体"@ja	<http://ja.wikipedia.org/wiki/匝瑳市>	<http://wikidata.dbpedia.org/resource/Q858367>
<http://ja.dbpedia.org/resource/匝瑳市>	"匝瑳市"@ja	<http://dbpedia.org/ontology/City>	<http://ja.dbpedia.org/property/northwest>	"Northwest"@ja	<http://ja.wikipedia.org/wiki/匝瑳市>	<http://wikidata.dbpedia.org/resource/Q858367>
<http://ja.dbpedia.org/resource/匝瑳市>	"匝瑳市"@ja	<http://dbpedia.org/ontology/Place>	<http://ja.dbpedia.org/property/northwest>	"Northwest"@ja	<http://ja.wikipedia.org/wiki/匝瑳市>	<http://wikidata.dbpedia.org/resource/Q858367>
<http://ja.dbpedia.org/resource/匝瑳市>	"匝瑳市"@ja	<http://dbpedia.org/ontology/PopulatedPlace>	<http://ja.dbpedia.org/property/隣接自治体>	"隣接自治体"@ja	<http://ja.wikipedia.org/wiki/匝瑳市>	<http://wikidata.dbpedia.org/resource/Q858367>
<http://ja.dbpedia.org/resource/多古町立多古第一小学校>	"多古町立多古第一小学校"@ja	<http://dbpedia.org/ontology/EducationalInstitution>	<http://ja.dbpedia.org/property/設置者>	"設置者"@ja	<http://ja.wikipedia.org/wiki/多古町立多古第一小学校>	<http://wikidata.dbpedia.org/resource/Q17210633>
<http://ja.dbpedia.org/resource/多古町立多古第一小学校>	"多古町立多古第一小学校"@ja	<http://dbpedia.org/ontology/School>	<http://ja.dbpedia.org/property/設置者>	"設置者"@ja	<http://ja.wikipedia.org/wiki/多古町立多古第一小学校>	<http://wikidata.dbpedia.org/resource/Q17210633>
<http://ja.dbpedia.org/resource/多古町立多古第一小学校>	"多古町立多古第一小学校"@ja	<http://dbpedia.org/ontology/Organisation>	<http://ja.dbpedia.org/property/設置者>	"設置者"@ja	<http://ja.wikipedia.org/wiki/多古町立多古第一小学校>	<http://wikidata.dbpedia.org/resource/Q17210633>
<http://ja.dbpedia.org/resource/多古町立多古第一小学校>	"多古町立多古第一小学校"@ja	<http://dbpedia.org/ontology/Agent>	<http://ja.dbpedia.org/property/設置者>	"設置者"@ja	<http://ja.wikipedia.org/wiki/多古町立多古第一小学校>	<http://wikidata.dbpedia.org/resource/Q17210633>
<http://ja.dbpedia.org/resource/川上_(成田市)>	"川上 (成田市)"@ja	<http://dbpedia.org/ontology/Place>	<http://ja.dbpedia.org/property/south>	"South"@ja	<http://ja.wikipedia.org/wiki/川上_(成田市)>	<http://wikidata.dbpedia.org/resource/Q47393030>
<http://ja.dbpedia.org/resource/川上_(成田市)>	"川上 (成田市)"@ja	<http://dbpedia.org/ontology/Settlement>	<http://ja.dbpedia.org/property/south>	"South"@ja	<http://ja.wikipedia.org/wiki/川上_(成田市)>	<http://wikidata.dbpedia.org/resource/Q47393030>
<http://ja.dbpedia.org/resource/川上_(成田市)>	"川上 (成田市)"@ja	<http://dbpedia.org/ontology/PopulatedPlace>	<http://ja.dbpedia.org/property/south>	"South"@ja	<http://ja.wikipedia.org/wiki/川上_(成田市)>	<http://wikidata.dbpedia.org/resource/Q47393030>
<http://ja.dbpedia.org/resource/川上_(成田市)>	"川上 (成田市)"@ja	<http://dbpedia.org/ontology/Location>	<http://ja.dbpedia.org/property/south>	"South"@ja	<http://ja.wikipedia.org/wiki/川上_(成田市)>	<http://wikidata.dbpedia.org/resource/Q47393030>
<http://ja.dbpedia.org/resource/成田市>	"成田市"@ja	<http://dbpedia.org/ontology/PopulatedPlace>	<http://ja.dbpedia.org/property/隣接自治体>	"隣接自治体"@ja	<http://ja.wikipedia.org/wiki/成田市>	<http://wikidata.dbpedia.org/resource/Q273798>
<http://ja.dbpedia.org/resource/成田市>	"成田市"@ja	<http://dbpedia.org/ontology/City>	<http://ja.dbpedia.org/property/southeast>	"Southeast"@ja	<http://ja.wikipedia.org/wiki/成田市>	<http://wikidata.dbpedia.org/resource/Q273798>
<http://ja.dbpedia.org/resource/成田市>	"成田市"@ja	<http://dbpedia.org/ontology/Place>	<http://ja.dbpedia.org/property/southeast>	"Southeast"@ja	<http://ja.wikipedia.org/wiki/成田市>	<http://wikidata.dbpedia.org/resource/Q273798>
<http://ja.dbpedia.org/resource/成田市>	"成田市"@ja	<http://dbpedia.org/ontology/Settlement>	<http://ja.dbpedia.org/property/隣接自治体>	"隣接自治体"@ja	<http://ja.wikipedia.org/wiki/成田市>	<http://wikidata.dbpedia.org/resource/Q273798>
<http://ja.dbpedia.org/resource/成田市>	"成田市"@ja	<http://dbpedia.org/ontology/Location>	<http://ja.dbpedia.org/property/隣接自治体>	"隣接自治体"@ja	<http://ja.wikipedia.org/wiki/成田市>	<http://wikidata.dbpedia.org/resource/Q273798>
<http://ja.dbpedia.org/resource/成田市>	"成田市"@ja	<http://dbpedia.org/ontology/Location>	<http://ja.dbpedia.org/property/southeast>	"Southeast"@ja	<http://ja.wikipedia.org/wiki/成田市>	<http://wikidata.dbpedia.org/resource/Q273798>
<http://ja.dbpedia.org/resource/成田市>	"成田市"@ja	<http://dbpedia.org/ontology/Place>	<http://ja.dbpedia.org/property/隣接自治体>	"隣接自治体"@ja	<http://ja.wikipedia.org/wiki/成田市>	<http://wikidata.dbpedia.org/resource/Q273798>
<http://ja.dbpedia.org/resource/成田市>	"成田市"@ja	<http://dbpedia.org/ontology/PopulatedPlace>	<http://ja.dbpedia.org/property/southeast>	"Southeast"@ja	<http://ja.wikipedia.org/wiki/成田市>	<http://wikidata.dbpedia.org/resource/Q273798>
<http://ja.dbpedia.org/resource/成田市>	"成田市"@ja	<http://dbpedia.org/ontology/City>	<http://ja.dbpedia.org/property/隣接自治体>	"隣接自治体"@ja	<http://ja.wikipedia.org/wiki/成田市>	<http://wikidata.dbpedia.org/resource/Q273798>
<http://ja.dbpedia.org/resource/成田市>	"成田市"@ja	<http://dbpedia.org/ontology/Settlement>	<http://ja.dbpedia.org/property/southeast>	"Southeast"@ja	<http://ja.wikipedia.org/wiki/成田市>	<http://wikidata.dbpedia.org/resource/Q273798>
<http://ja.dbpedia.org/resource/東峰_(成田市)>	"東峰 (成田市)"@ja	<http://dbpedia.org/ontology/Location>	<http://ja.dbpedia.org/property/east>	"East"@ja	<http://ja.wikipedia.org/wiki/東峰_(成田市)>	<http://wikidata.dbpedia.org/resource/Q47392901>
<http://ja.dbpedia.org/resource/東峰_(成田市)>	"東峰 (成田市)"@ja	<http://dbpedia.org/ontology/PopulatedPlace>	<http://ja.dbpedia.org/property/east>	"East"@ja	<http://ja.wikipedia.org/wiki/東峰_(成田市)>	<http://wikidata.dbpedia.org/resource/Q47392901>
<http://ja.dbpedia.org/resource/東峰_(成田市)>	"東峰 (成田市)"@ja	<http://dbpedia.org/ontology/Settlement>	<http://ja.dbpedia.org/property/east>	"East"@ja	<http://ja.wikipedia.org/wiki/東峰_(成田市)>	<http://wikidata.dbpedia.org/resource/Q47392901>
<http://ja.dbpedia.org/resource/東峰_(成田市)>	"東峰 (成田市)"@ja	<http://dbpedia.org/ontology/Place>	<http://ja.dbpedia.org/property/east>	"East"@ja	<http://ja.wikipedia.org/wiki/東峰_(成田市)>	<http://wikidata.dbpedia.org/resource/Q47392901>
<http://ja.dbpedia.org/resource/芝山町>	"芝山町"@ja	<http://dbpedia.org/ontology/Place>	<http://ja.dbpedia.org/property/隣接自治体>	"隣接自治体"@ja	<http://ja.wikipedia.org/wiki/芝山町>	<http://wikidata.dbpedia.org/resource/Q1203689>
<http://ja.dbpedia.org/resource/芝山町>	"芝山町"@ja	<http://dbpedia.org/ontology/City>	<http://ja.dbpedia.org/property/隣接自治体>	"隣接自治体"@ja	<http://ja.wikipedia.org/wiki/芝山町>	<http://wikidata.dbpedia.org/resource/Q1203689>
<http://ja.dbpedia.org/resource/芝山町>	"芝山町"@ja	<http://dbpedia.org/ontology/Settlement>	<http://ja.dbpedia.org/property/隣接自治体>	"隣接自治体"@ja	<http://ja.wikipedia.org/wiki/芝山町>	<http://wikidata.dbpedia.org/resource/Q1203689>
<http://ja.dbpedia.org/resource/芝山町>	"芝山町"@ja	<http://dbpedia.org/ontology/PopulatedPlace>	<http://ja.dbpedia.org/property/隣接自治体>	"隣接自治体"@ja	<http://ja.wikipedia.org/wiki/芝山町>	<http://wikidata.dbpedia.org/resource/Q1203689>
<http://ja.dbpedia.org/resource/芝山町>	"芝山町"@ja	<http://dbpedia.org/ontology/Location>	<http://ja.dbpedia.org/property/隣接自治体>	"隣接自治体"@ja	<http://ja.wikipedia.org/wiki/芝山町>	<http://wikidata.dbpedia.org/resource/Q1203689>
<http://ja.dbpedia.org/resource/菱田_(芝山町)>	"菱田 (芝山町)"@ja	<http://dbpedia.org/ontology/PopulatedPlace>	<http://ja.dbpedia.org/property/north>	"North"@ja	<http://ja.wikipedia.org/wiki/菱田_(芝山町)>	<http://wikidata.dbpedia.org/resource/Q47392988>
<http://ja.dbpedia.org/resource/菱田_(芝山町)>	"菱田 (芝山町)"@ja	<http://dbpedia.org/ontology/PopulatedPlace>	<http://ja.dbpedia.org/property/east>	"East"@ja	<http://ja.wikipedia.org/wiki/菱田_(芝山町)>	<http://wikidata.dbpedia.org/resource/Q47392988>
<http://ja.dbpedia.org/resource/菱田_(芝山町)>	"菱田 (芝山町)"@ja	<http://dbpedia.org/ontology/Location>	<http://ja.dbpedia.org/property/east>	"East"@ja	<http://ja.wikipedia.org/wiki/菱田_(芝山町)>	<http://wikidata.dbpedia.org/resource/Q47392988>
<http://ja.dbpedia.org/resource/菱田_(芝山町)>	"菱田 (芝山町)"@ja	<http://dbpedia.org/ontology/Location>	<http://ja.dbpedia.org/property/north>	"North"@ja	<http://ja.wikipedia.org/wiki/菱田_(芝山町)>	<http://wikidata.dbpedia.org/resource/Q47392988>
<http://ja.dbpedia.org/resource/菱田_(芝山町)>	"菱田 (芝山町)"@ja	<http://dbpedia.org/ontology/Settlement>	<http://ja.dbpedia.org/property/north>	"North"@ja	<http://ja.wikipedia.org/wiki/菱田_(芝山町)>	<http://wikidata.dbpedia.org/resource/Q47392988>
<http://ja.dbpedia.org/resource/菱田_(芝山町)>	"菱田 (芝山町)"@ja	<http://dbpedia.org/ontology/Settlement>	<http://ja.dbpedia.org/property/east>	"East"@ja	<http://ja.wikipedia.org/wiki/菱田_(芝山町)>	<http://wikidata.dbpedia.org/resource/Q47392988>
<http://ja.dbpedia.org/resource/菱田_(芝山町)>	"菱田 (芝山町)"@ja	<http://dbpedia.org/ontology/Place>	<http://ja.dbpedia.org/property/east>	"East"@ja	<http://ja.wikipedia.org/wiki/菱田_(芝山町)>	<http://wikidata.dbpedia.org/resource/Q47392988>
<http://ja.dbpedia.org/resource/菱田_(芝山町)>	"菱田 (芝山町)"@ja	<http://dbpedia.org/ontology/Place>	<http://ja.dbpedia.org/property/north>	"North"@ja	<http://ja.wikipedia.org/wiki/菱田_(芝山町)>	<http://wikidata.dbpedia.org/resource/Q47392988>
<http://ja.dbpedia.org/resource/香取市>	"香取市"@ja	<http://dbpedia.org/ontology/Place>	<http://ja.dbpedia.org/property/隣接自治体>	"隣接自治体"@ja	<http://ja.wikipedia.org/wiki/香取市>	<http://wikidata.dbpedia.org/resource/Q858357>
<http://ja.dbpedia.org/resource/香取市>	"香取市"@ja	<http://dbpedia.org/ontology/PopulatedPlace>	<http://ja.dbpedia.org/property/southwest>	"Southwest"@ja	<http://ja.wikipedia.org/wiki/香取市>	<http://wikidata.dbpedia.org/resource/Q858357>
<http://ja.dbpedia.org/resource/香取市>	"香取市"@ja	<http://dbpedia.org/ontology/City>	<http://ja.dbpedia.org/property/隣接自治体>	"隣接自治体"@ja	<http://ja.wikipedia.org/wiki/香取市>	<http://wikidata.dbpedia.org/resource/Q858357>
<http://ja.dbpedia.org/resource/香取市>	"香取市"@ja	<http://dbpedia.org/ontology/Settlement>	<http://ja.dbpedia.org/property/southwest>	"Southwest"@ja	<http://ja.wikipedia.org/wiki/香取市>	<http://wikidata.dbpedia.org/resource/Q858357>
<http://ja.dbpedia.org/resource/香取市>	"香取市"@ja	<http://dbpedia.org/ontology/Location>	<http://ja.dbpedia.org/property/southwest>	"Southwest"@ja	<http://ja.wikipedia.org/wiki/香取市>	<http://wikidata.dbpedia.org/resource/Q858357>
<http://ja.dbpedia.org/resource/香取市>	"香取市"@ja	<http://dbpedia.org/ontology/PopulatedPlace>	<http://ja.dbpedia.org/property/隣接自治体>	"隣接自治体"@ja	<http://ja.wikipedia.org/wiki/香取市>	<http://wikidata.dbpedia.org/resource/Q858357>
<http://ja.dbpedia.org/resource/香取市>	"香取市"@ja	<http://dbpedia.org/ontology/City>	<http://ja.dbpedia.org/property/southwest>	"Southwest"@ja	<http://ja.wikipedia.org/wiki/香取市>	<http://wikidata.dbpedia.org/resource/Q858357>
<http://ja.dbpedia.org/resource/香取市>	"香取市"@ja	<http://dbpedia.org/ontology/Settlement>	<http://ja.dbpedia.org/property/隣接自治体>	"隣接自治体"@ja	<http://ja.wikipedia.org/wiki/香取市>	<http://wikidata.dbpedia.org/resource/Q858357>
<http://ja.dbpedia.org/resource/香取市>	"香取市"@ja	<http://dbpedia.org/ontology/Place>	<http://ja.dbpedia.org/property/southwest>	"Southwest"@ja	<http://ja.wikipedia.org/wiki/香取市>	<http://wikidata.dbpedia.org/resource/Q858357>
<http://ja.dbpedia.org/resource/香取市>	"香取市"@ja	<http://dbpedia.org/ontology/Location>	<http://ja.dbpedia.org/property/隣接自治体>	"隣接自治体"@ja	<http://ja.wikipedia.org/wiki/香取市>	<http://wikidata.dbpedia.org/resource/Q858357>
