?s	?sLabel	?type	?p	?pLabel	?jwiki	?wd
<http://ja.dbpedia.org/resource/匝瑳市>	"匝瑳市"@ja	<http://dbpedia.org/ontology/Settlement>	<http://ja.dbpedia.org/property/southwest>	"Southwest"@ja	<http://ja.wikipedia.org/wiki/匝瑳市>	<http://wikidata.dbpedia.org/resource/Q858367>
<http://ja.dbpedia.org/resource/匝瑳市>	"匝瑳市"@ja	<http://dbpedia.org/ontology/PopulatedPlace>	<http://ja.dbpedia.org/property/隣接自治体>	"隣接自治体"@ja	<http://ja.wikipedia.org/wiki/匝瑳市>	<http://wikidata.dbpedia.org/resource/Q858367>
<http://ja.dbpedia.org/resource/匝瑳市>	"匝瑳市"@ja	<http://dbpedia.org/ontology/PopulatedPlace>	<http://ja.dbpedia.org/property/southwest>	"Southwest"@ja	<http://ja.wikipedia.org/wiki/匝瑳市>	<http://wikidata.dbpedia.org/resource/Q858367>
<http://ja.dbpedia.org/resource/匝瑳市>	"匝瑳市"@ja	<http://dbpedia.org/ontology/Settlement>	<http://ja.dbpedia.org/property/隣接自治体>	"隣接自治体"@ja	<http://ja.wikipedia.org/wiki/匝瑳市>	<http://wikidata.dbpedia.org/resource/Q858367>
<http://ja.dbpedia.org/resource/匝瑳市>	"匝瑳市"@ja	<http://dbpedia.org/ontology/Location>	<http://ja.dbpedia.org/property/隣接自治体>	"隣接自治体"@ja	<http://ja.wikipedia.org/wiki/匝瑳市>	<http://wikidata.dbpedia.org/resource/Q858367>
<http://ja.dbpedia.org/resource/匝瑳市>	"匝瑳市"@ja	<http://dbpedia.org/ontology/City>	<http://ja.dbpedia.org/property/隣接自治体>	"隣接自治体"@ja	<http://ja.wikipedia.org/wiki/匝瑳市>	<http://wikidata.dbpedia.org/resource/Q858367>
<http://ja.dbpedia.org/resource/匝瑳市>	"匝瑳市"@ja	<http://dbpedia.org/ontology/Place>	<http://ja.dbpedia.org/property/southwest>	"Southwest"@ja	<http://ja.wikipedia.org/wiki/匝瑳市>	<http://wikidata.dbpedia.org/resource/Q858367>
<http://ja.dbpedia.org/resource/匝瑳市>	"匝瑳市"@ja	<http://dbpedia.org/ontology/Place>	<http://ja.dbpedia.org/property/隣接自治体>	"隣接自治体"@ja	<http://ja.wikipedia.org/wiki/匝瑳市>	<http://wikidata.dbpedia.org/resource/Q858367>
<http://ja.dbpedia.org/resource/匝瑳市>	"匝瑳市"@ja	<http://dbpedia.org/ontology/City>	<http://ja.dbpedia.org/property/southwest>	"Southwest"@ja	<http://ja.wikipedia.org/wiki/匝瑳市>	<http://wikidata.dbpedia.org/resource/Q858367>
<http://ja.dbpedia.org/resource/匝瑳市>	"匝瑳市"@ja	<http://dbpedia.org/ontology/Location>	<http://ja.dbpedia.org/property/southwest>	"Southwest"@ja	<http://ja.wikipedia.org/wiki/匝瑳市>	<http://wikidata.dbpedia.org/resource/Q858367>
<http://ja.dbpedia.org/resource/多古町>	"多古町"@ja	<http://dbpedia.org/ontology/Place>	<http://ja.dbpedia.org/property/隣接自治体>	"隣接自治体"@ja	<http://ja.wikipedia.org/wiki/多古町>	<http://wikidata.dbpedia.org/resource/Q1202807>
<http://ja.dbpedia.org/resource/多古町>	"多古町"@ja	<http://dbpedia.org/ontology/PopulatedPlace>	<http://ja.dbpedia.org/property/隣接自治体>	"隣接自治体"@ja	<http://ja.wikipedia.org/wiki/多古町>	<http://wikidata.dbpedia.org/resource/Q1202807>
<http://ja.dbpedia.org/resource/多古町>	"多古町"@ja	<http://dbpedia.org/ontology/Settlement>	<http://ja.dbpedia.org/property/隣接自治体>	"隣接自治体"@ja	<http://ja.wikipedia.org/wiki/多古町>	<http://wikidata.dbpedia.org/resource/Q1202807>
<http://ja.dbpedia.org/resource/多古町>	"多古町"@ja	<http://dbpedia.org/ontology/PopulatedPlace>	<http://ja.dbpedia.org/property/south>	"South"@ja	<http://ja.wikipedia.org/wiki/多古町>	<http://wikidata.dbpedia.org/resource/Q1202807>
<http://ja.dbpedia.org/resource/多古町>	"多古町"@ja	<http://dbpedia.org/ontology/Location>	<http://ja.dbpedia.org/property/隣接自治体>	"隣接自治体"@ja	<http://ja.wikipedia.org/wiki/多古町>	<http://wikidata.dbpedia.org/resource/Q1202807>
<http://ja.dbpedia.org/resource/多古町>	"多古町"@ja	<http://dbpedia.org/ontology/City>	<http://ja.dbpedia.org/property/隣接自治体>	"隣接自治体"@ja	<http://ja.wikipedia.org/wiki/多古町>	<http://wikidata.dbpedia.org/resource/Q1202807>
<http://ja.dbpedia.org/resource/多古町>	"多古町"@ja	<http://dbpedia.org/ontology/Place>	<http://ja.dbpedia.org/property/south>	"South"@ja	<http://ja.wikipedia.org/wiki/多古町>	<http://wikidata.dbpedia.org/resource/Q1202807>
<http://ja.dbpedia.org/resource/多古町>	"多古町"@ja	<http://dbpedia.org/ontology/Settlement>	<http://ja.dbpedia.org/property/south>	"South"@ja	<http://ja.wikipedia.org/wiki/多古町>	<http://wikidata.dbpedia.org/resource/Q1202807>
<http://ja.dbpedia.org/resource/多古町>	"多古町"@ja	<http://dbpedia.org/ontology/City>	<http://ja.dbpedia.org/property/south>	"South"@ja	<http://ja.wikipedia.org/wiki/多古町>	<http://wikidata.dbpedia.org/resource/Q1202807>
<http://ja.dbpedia.org/resource/多古町>	"多古町"@ja	<http://dbpedia.org/ontology/Location>	<http://ja.dbpedia.org/property/south>	"South"@ja	<http://ja.wikipedia.org/wiki/多古町>	<http://wikidata.dbpedia.org/resource/Q1202807>
<http://ja.dbpedia.org/resource/山武市>	"山武市"@ja	<http://dbpedia.org/ontology/PopulatedPlace>	<http://ja.dbpedia.org/property/northeast>	"Northeast"@ja	<http://ja.wikipedia.org/wiki/山武市>	<http://wikidata.dbpedia.org/resource/Q873528>
<http://ja.dbpedia.org/resource/山武市>	"山武市"@ja	<http://dbpedia.org/ontology/Place>	<http://ja.dbpedia.org/property/northeast>	"Northeast"@ja	<http://ja.wikipedia.org/wiki/山武市>	<http://wikidata.dbpedia.org/resource/Q873528>
<http://ja.dbpedia.org/resource/山武市>	"山武市"@ja	<http://dbpedia.org/ontology/Location>	<http://ja.dbpedia.org/property/northeast>	"Northeast"@ja	<http://ja.wikipedia.org/wiki/山武市>	<http://wikidata.dbpedia.org/resource/Q873528>
<http://ja.dbpedia.org/resource/山武市>	"山武市"@ja	<http://dbpedia.org/ontology/City>	<http://ja.dbpedia.org/property/northeast>	"Northeast"@ja	<http://ja.wikipedia.org/wiki/山武市>	<http://wikidata.dbpedia.org/resource/Q873528>
<http://ja.dbpedia.org/resource/山武市>	"山武市"@ja	<http://dbpedia.org/ontology/City>	<http://ja.dbpedia.org/property/隣接自治体>	"隣接自治体"@ja	<http://ja.wikipedia.org/wiki/山武市>	<http://wikidata.dbpedia.org/resource/Q873528>
<http://ja.dbpedia.org/resource/山武市>	"山武市"@ja	<http://dbpedia.org/ontology/PopulatedPlace>	<http://ja.dbpedia.org/property/隣接自治体>	"隣接自治体"@ja	<http://ja.wikipedia.org/wiki/山武市>	<http://wikidata.dbpedia.org/resource/Q873528>
<http://ja.dbpedia.org/resource/山武市>	"山武市"@ja	<http://dbpedia.org/ontology/Place>	<http://ja.dbpedia.org/property/隣接自治体>	"隣接自治体"@ja	<http://ja.wikipedia.org/wiki/山武市>	<http://wikidata.dbpedia.org/resource/Q873528>
<http://ja.dbpedia.org/resource/山武市>	"山武市"@ja	<http://dbpedia.org/ontology/Location>	<http://ja.dbpedia.org/property/隣接自治体>	"隣接自治体"@ja	<http://ja.wikipedia.org/wiki/山武市>	<http://wikidata.dbpedia.org/resource/Q873528>
<http://ja.dbpedia.org/resource/山武市>	"山武市"@ja	<http://dbpedia.org/ontology/Settlement>	<http://ja.dbpedia.org/property/隣接自治体>	"隣接自治体"@ja	<http://ja.wikipedia.org/wiki/山武市>	<http://wikidata.dbpedia.org/resource/Q873528>
<http://ja.dbpedia.org/resource/山武市>	"山武市"@ja	<http://dbpedia.org/ontology/Settlement>	<http://ja.dbpedia.org/property/northeast>	"Northeast"@ja	<http://ja.wikipedia.org/wiki/山武市>	<http://wikidata.dbpedia.org/resource/Q873528>
<http://ja.dbpedia.org/resource/芝山町>	"芝山町"@ja	<http://dbpedia.org/ontology/Location>	<http://ja.dbpedia.org/property/隣接自治体>	"隣接自治体"@ja	<http://ja.wikipedia.org/wiki/芝山町>	<http://wikidata.dbpedia.org/resource/Q1203689>
<http://ja.dbpedia.org/resource/芝山町>	"芝山町"@ja	<http://dbpedia.org/ontology/Place>	<http://ja.dbpedia.org/property/隣接自治体>	"隣接自治体"@ja	<http://ja.wikipedia.org/wiki/芝山町>	<http://wikidata.dbpedia.org/resource/Q1203689>
<http://ja.dbpedia.org/resource/芝山町>	"芝山町"@ja	<http://dbpedia.org/ontology/PopulatedPlace>	<http://ja.dbpedia.org/property/隣接自治体>	"隣接自治体"@ja	<http://ja.wikipedia.org/wiki/芝山町>	<http://wikidata.dbpedia.org/resource/Q1203689>
<http://ja.dbpedia.org/resource/芝山町>	"芝山町"@ja	<http://dbpedia.org/ontology/City>	<http://ja.dbpedia.org/property/隣接自治体>	"隣接自治体"@ja	<http://ja.wikipedia.org/wiki/芝山町>	<http://wikidata.dbpedia.org/resource/Q1203689>
<http://ja.dbpedia.org/resource/芝山町>	"芝山町"@ja	<http://dbpedia.org/ontology/Settlement>	<http://ja.dbpedia.org/property/隣接自治体>	"隣接自治体"@ja	<http://ja.wikipedia.org/wiki/芝山町>	<http://wikidata.dbpedia.org/resource/Q1203689>
