?s	?sLabel	?type	?p	?pLabel	?jwiki	?wd
<http://ja.dbpedia.org/resource/南房総市>	"南房総市"@ja	<http://dbpedia.org/ontology/City>	<http://ja.dbpedia.org/property/隣接自治体>	"隣接自治体"@ja	<http://ja.wikipedia.org/wiki/南房総市>	<http://wikidata.dbpedia.org/resource/Q873521>
<http://ja.dbpedia.org/resource/南房総市>	"南房総市"@ja	<http://dbpedia.org/ontology/PopulatedPlace>	<http://ja.dbpedia.org/property/隣接自治体>	"隣接自治体"@ja	<http://ja.wikipedia.org/wiki/南房総市>	<http://wikidata.dbpedia.org/resource/Q873521>
<http://ja.dbpedia.org/resource/南房総市>	"南房総市"@ja	<http://dbpedia.org/ontology/Place>	<http://ja.dbpedia.org/property/隣接自治体>	"隣接自治体"@ja	<http://ja.wikipedia.org/wiki/南房総市>	<http://wikidata.dbpedia.org/resource/Q873521>
<http://ja.dbpedia.org/resource/南房総市>	"南房総市"@ja	<http://dbpedia.org/ontology/Location>	<http://ja.dbpedia.org/property/隣接自治体>	"隣接自治体"@ja	<http://ja.wikipedia.org/wiki/南房総市>	<http://wikidata.dbpedia.org/resource/Q873521>
<http://ja.dbpedia.org/resource/南房総市>	"南房総市"@ja	<http://dbpedia.org/ontology/Settlement>	<http://ja.dbpedia.org/property/隣接自治体>	"隣接自治体"@ja	<http://ja.wikipedia.org/wiki/南房総市>	<http://wikidata.dbpedia.org/resource/Q873521>
<http://ja.dbpedia.org/resource/富津市>	"富津市"@ja	<http://dbpedia.org/ontology/Location>	<http://ja.dbpedia.org/property/隣接自治体>	"隣接自治体"@ja	<http://ja.wikipedia.org/wiki/富津市>	<http://wikidata.dbpedia.org/resource/Q498023>
<http://ja.dbpedia.org/resource/富津市>	"富津市"@ja	<http://dbpedia.org/ontology/City>	<http://ja.dbpedia.org/property/隣接自治体>	"隣接自治体"@ja	<http://ja.wikipedia.org/wiki/富津市>	<http://wikidata.dbpedia.org/resource/Q498023>
<http://ja.dbpedia.org/resource/富津市>	"富津市"@ja	<http://dbpedia.org/ontology/PopulatedPlace>	<http://ja.dbpedia.org/property/隣接自治体>	"隣接自治体"@ja	<http://ja.wikipedia.org/wiki/富津市>	<http://wikidata.dbpedia.org/resource/Q498023>
<http://ja.dbpedia.org/resource/富津市>	"富津市"@ja	<http://dbpedia.org/ontology/Settlement>	<http://ja.dbpedia.org/property/隣接自治体>	"隣接自治体"@ja	<http://ja.wikipedia.org/wiki/富津市>	<http://wikidata.dbpedia.org/resource/Q498023>
<http://ja.dbpedia.org/resource/富津市>	"富津市"@ja	<http://dbpedia.org/ontology/Place>	<http://ja.dbpedia.org/property/隣接自治体>	"隣接自治体"@ja	<http://ja.wikipedia.org/wiki/富津市>	<http://wikidata.dbpedia.org/resource/Q498023>
<http://ja.dbpedia.org/resource/鴨川市>	"鴨川市"@ja	<http://dbpedia.org/ontology/City>	<http://ja.dbpedia.org/property/隣接自治体>	"隣接自治体"@ja	<http://ja.wikipedia.org/wiki/鴨川市>	<http://wikidata.dbpedia.org/resource/Q387211>
<http://ja.dbpedia.org/resource/鴨川市>	"鴨川市"@ja	<http://dbpedia.org/ontology/Location>	<http://ja.dbpedia.org/property/隣接自治体>	"隣接自治体"@ja	<http://ja.wikipedia.org/wiki/鴨川市>	<http://wikidata.dbpedia.org/resource/Q387211>
<http://ja.dbpedia.org/resource/鴨川市>	"鴨川市"@ja	<http://dbpedia.org/ontology/PopulatedPlace>	<http://ja.dbpedia.org/property/隣接自治体>	"隣接自治体"@ja	<http://ja.wikipedia.org/wiki/鴨川市>	<http://wikidata.dbpedia.org/resource/Q387211>
<http://ja.dbpedia.org/resource/鴨川市>	"鴨川市"@ja	<http://dbpedia.org/ontology/Place>	<http://ja.dbpedia.org/property/隣接自治体>	"隣接自治体"@ja	<http://ja.wikipedia.org/wiki/鴨川市>	<http://wikidata.dbpedia.org/resource/Q387211>
<http://ja.dbpedia.org/resource/鴨川市>	"鴨川市"@ja	<http://dbpedia.org/ontology/Settlement>	<http://ja.dbpedia.org/property/隣接自治体>	"隣接自治体"@ja	<http://ja.wikipedia.org/wiki/鴨川市>	<http://wikidata.dbpedia.org/resource/Q387211>
