?s	?sLabel	?type	?p	?pLabel	?jwiki	?wd
<http://ja.dbpedia.org/resource/FC.駒沢Griffin>	"FC.駒沢Griffin"@ja	<http://dbpedia.org/ontology/SportsClub>	<http://ja.dbpedia.org/property/ホームタウン>	"ホームタウン"@ja	<http://ja.wikipedia.org/wiki/FC.駒沢Griffin>	<http://wikidata.dbpedia.org/resource/Q11199027>
<http://ja.dbpedia.org/resource/FC.駒沢Griffin>	"FC.駒沢Griffin"@ja	<http://dbpedia.org/ontology/SoccerClub>	<http://ja.dbpedia.org/property/ホームタウン>	"ホームタウン"@ja	<http://ja.wikipedia.org/wiki/FC.駒沢Griffin>	<http://wikidata.dbpedia.org/resource/Q11199027>
<http://ja.dbpedia.org/resource/FC.駒沢Griffin>	"FC.駒沢Griffin"@ja	<http://dbpedia.org/ontology/Agent>	<http://ja.dbpedia.org/property/ホームタウン>	"ホームタウン"@ja	<http://ja.wikipedia.org/wiki/FC.駒沢Griffin>	<http://wikidata.dbpedia.org/resource/Q11199027>
<http://ja.dbpedia.org/resource/FC.駒沢Griffin>	"FC.駒沢Griffin"@ja	<http://dbpedia.org/ontology/Organisation>	<http://ja.dbpedia.org/property/ホームタウン>	"ホームタウン"@ja	<http://ja.wikipedia.org/wiki/FC.駒沢Griffin>	<http://wikidata.dbpedia.org/resource/Q11199027>
<http://ja.dbpedia.org/resource/チャールズ・ウェスト>	"チャールズ・ウェスト"@ja	<http://dbpedia.org/ontology/Person>	<http://ja.dbpedia.org/property/墓地>	"墓地"@ja	<http://ja.wikipedia.org/wiki/チャールズ・ウェスト>	<http://wikidata.dbpedia.org/resource/Q2958912>
<http://ja.dbpedia.org/resource/チャールズ・ウェスト>	"チャールズ・ウェスト"@ja	<http://dbpedia.org/ontology/Eukaryote>	<http://ja.dbpedia.org/property/墓地>	"墓地"@ja	<http://ja.wikipedia.org/wiki/チャールズ・ウェスト>	<http://wikidata.dbpedia.org/resource/Q2958912>
<http://ja.dbpedia.org/resource/チャールズ・ウェスト>	"チャールズ・ウェスト"@ja	<http://dbpedia.org/ontology/Animal>	<http://ja.dbpedia.org/property/墓地>	"墓地"@ja	<http://ja.wikipedia.org/wiki/チャールズ・ウェスト>	<http://wikidata.dbpedia.org/resource/Q2958912>
<http://ja.dbpedia.org/resource/チャールズ・ウェスト>	"チャールズ・ウェスト"@ja	<http://dbpedia.org/ontology/Species>	<http://ja.dbpedia.org/property/墓地>	"墓地"@ja	<http://ja.wikipedia.org/wiki/チャールズ・ウェスト>	<http://wikidata.dbpedia.org/resource/Q2958912>
<http://ja.dbpedia.org/resource/三田_(東京都港区)>	"三田 (東京都港区)"@ja	<http://dbpedia.org/ontology/Location>	<http://ja.dbpedia.org/property/subdivisionName>	"subdivision name"@ja	<http://ja.wikipedia.org/wiki/三田_(東京都港区)>	<http://wikidata.dbpedia.org/resource/Q3317048>
<http://ja.dbpedia.org/resource/三田_(東京都港区)>	"三田 (東京都港区)"@ja	<http://dbpedia.org/ontology/PopulatedPlace>	<http://ja.dbpedia.org/property/subdivisionName>	"subdivision name"@ja	<http://ja.wikipedia.org/wiki/三田_(東京都港区)>	<http://wikidata.dbpedia.org/resource/Q3317048>
<http://ja.dbpedia.org/resource/三田_(東京都港区)>	"三田 (東京都港区)"@ja	<http://dbpedia.org/ontology/Settlement>	<http://ja.dbpedia.org/property/subdivisionName>	"subdivision name"@ja	<http://ja.wikipedia.org/wiki/三田_(東京都港区)>	<http://wikidata.dbpedia.org/resource/Q3317048>
<http://ja.dbpedia.org/resource/三田_(東京都港区)>	"三田 (東京都港区)"@ja	<http://dbpedia.org/ontology/Place>	<http://ja.dbpedia.org/property/subdivisionName>	"subdivision name"@ja	<http://ja.wikipedia.org/wiki/三田_(東京都港区)>	<http://wikidata.dbpedia.org/resource/Q3317048>
<http://ja.dbpedia.org/resource/中西敏二>	"中西敏二"@ja	<http://dbpedia.org/ontology/Person>	<http://ja.dbpedia.org/property/選挙区>	"選挙区"@ja	<http://ja.wikipedia.org/wiki/中西敏二>	<http://wikidata.dbpedia.org/resource/Q108111026>
<http://ja.dbpedia.org/resource/中西敏二>	"中西敏二"@ja	<http://dbpedia.org/ontology/Species>	<http://ja.dbpedia.org/property/選挙区>	"選挙区"@ja	<http://ja.wikipedia.org/wiki/中西敏二>	<http://wikidata.dbpedia.org/resource/Q108111026>
<http://ja.dbpedia.org/resource/中西敏二>	"中西敏二"@ja	<http://dbpedia.org/ontology/Animal>	<http://ja.dbpedia.org/property/選挙区>	"選挙区"@ja	<http://ja.wikipedia.org/wiki/中西敏二>	<http://wikidata.dbpedia.org/resource/Q108111026>
<http://ja.dbpedia.org/resource/中西敏二>	"中西敏二"@ja	<http://dbpedia.org/ontology/Eukaryote>	<http://ja.dbpedia.org/property/選挙区>	"選挙区"@ja	<http://ja.wikipedia.org/wiki/中西敏二>	<http://wikidata.dbpedia.org/resource/Q108111026>
<http://ja.dbpedia.org/resource/中西敏二>	"中西敏二"@ja	<http://dbpedia.org/ontology/Politician>	<http://ja.dbpedia.org/property/選挙区>	"選挙区"@ja	<http://ja.wikipedia.org/wiki/中西敏二>	<http://wikidata.dbpedia.org/resource/Q108111026>
<http://ja.dbpedia.org/resource/元赤坂>	"元赤坂"@ja	<http://dbpedia.org/ontology/Place>	<http://ja.dbpedia.org/property/subdivisionName>	"subdivision name"@ja	<http://ja.wikipedia.org/wiki/元赤坂>	<http://wikidata.dbpedia.org/resource/Q864557>
<http://ja.dbpedia.org/resource/元赤坂>	"元赤坂"@ja	<http://dbpedia.org/ontology/Settlement>	<http://ja.dbpedia.org/property/subdivisionName>	"subdivision name"@ja	<http://ja.wikipedia.org/wiki/元赤坂>	<http://wikidata.dbpedia.org/resource/Q864557>
<http://ja.dbpedia.org/resource/元赤坂>	"元赤坂"@ja	<http://dbpedia.org/ontology/PopulatedPlace>	<http://ja.dbpedia.org/property/subdivisionName>	"subdivision name"@ja	<http://ja.wikipedia.org/wiki/元赤坂>	<http://wikidata.dbpedia.org/resource/Q864557>
<http://ja.dbpedia.org/resource/元赤坂>	"元赤坂"@ja	<http://dbpedia.org/ontology/Location>	<http://ja.dbpedia.org/property/subdivisionName>	"subdivision name"@ja	<http://ja.wikipedia.org/wiki/元赤坂>	<http://wikidata.dbpedia.org/resource/Q864557>
<http://ja.dbpedia.org/resource/元麻布>	"元麻布"@ja	<http://dbpedia.org/ontology/Settlement>	<http://ja.dbpedia.org/property/subdivisionName>	"subdivision name"@ja	<http://ja.wikipedia.org/wiki/元麻布>	<http://wikidata.dbpedia.org/resource/Q6917930>
<http://ja.dbpedia.org/resource/元麻布>	"元麻布"@ja	<http://dbpedia.org/ontology/Place>	<http://ja.dbpedia.org/property/subdivisionName>	"subdivision name"@ja	<http://ja.wikipedia.org/wiki/元麻布>	<http://wikidata.dbpedia.org/resource/Q6917930>
<http://ja.dbpedia.org/resource/元麻布>	"元麻布"@ja	<http://dbpedia.org/ontology/Location>	<http://ja.dbpedia.org/property/subdivisionName>	"subdivision name"@ja	<http://ja.wikipedia.org/wiki/元麻布>	<http://wikidata.dbpedia.org/resource/Q6917930>
<http://ja.dbpedia.org/resource/元麻布>	"元麻布"@ja	<http://dbpedia.org/ontology/PopulatedPlace>	<http://ja.dbpedia.org/property/subdivisionName>	"subdivision name"@ja	<http://ja.wikipedia.org/wiki/元麻布>	<http://wikidata.dbpedia.org/resource/Q6917930>
<http://ja.dbpedia.org/resource/六本木>	"六本木"@ja	<http://dbpedia.org/ontology/PopulatedPlace>	<http://ja.dbpedia.org/property/subdivisionName>	"subdivision name"@ja	<http://ja.wikipedia.org/wiki/六本木>	<http://wikidata.dbpedia.org/resource/Q265071>
<http://ja.dbpedia.org/resource/六本木>	"六本木"@ja	<http://dbpedia.org/ontology/Location>	<http://ja.dbpedia.org/property/subdivisionName>	"subdivision name"@ja	<http://ja.wikipedia.org/wiki/六本木>	<http://wikidata.dbpedia.org/resource/Q265071>
<http://ja.dbpedia.org/resource/六本木>	"六本木"@ja	<http://dbpedia.org/ontology/Settlement>	<http://ja.dbpedia.org/property/subdivisionName>	"subdivision name"@ja	<http://ja.wikipedia.org/wiki/六本木>	<http://wikidata.dbpedia.org/resource/Q265071>
<http://ja.dbpedia.org/resource/六本木>	"六本木"@ja	<http://dbpedia.org/ontology/Place>	<http://ja.dbpedia.org/property/subdivisionName>	"subdivision name"@ja	<http://ja.wikipedia.org/wiki/六本木>	<http://wikidata.dbpedia.org/resource/Q265071>
<http://ja.dbpedia.org/resource/北青山>	"北青山"@ja	<http://dbpedia.org/ontology/Place>	<http://ja.dbpedia.org/property/subdivisionName>	"subdivision name"@ja	<http://ja.wikipedia.org/wiki/北青山>	<http://wikidata.dbpedia.org/resource/Q11404504>
<http://ja.dbpedia.org/resource/北青山>	"北青山"@ja	<http://dbpedia.org/ontology/Settlement>	<http://ja.dbpedia.org/property/subdivisionName>	"subdivision name"@ja	<http://ja.wikipedia.org/wiki/北青山>	<http://wikidata.dbpedia.org/resource/Q11404504>
<http://ja.dbpedia.org/resource/北青山>	"北青山"@ja	<http://dbpedia.org/ontology/PopulatedPlace>	<http://ja.dbpedia.org/property/subdivisionName>	"subdivision name"@ja	<http://ja.wikipedia.org/wiki/北青山>	<http://wikidata.dbpedia.org/resource/Q11404504>
<http://ja.dbpedia.org/resource/北青山>	"北青山"@ja	<http://dbpedia.org/ontology/Location>	<http://ja.dbpedia.org/property/subdivisionName>	"subdivision name"@ja	<http://ja.wikipedia.org/wiki/北青山>	<http://wikidata.dbpedia.org/resource/Q11404504>
<http://ja.dbpedia.org/resource/協同バス>	"協同バス"@ja	<http://dbpedia.org/ontology/Company>	<http://ja.dbpedia.org/property/画像説明>	"画像説明"@ja	<http://ja.wikipedia.org/wiki/協同バス>	<http://wikidata.dbpedia.org/resource/Q11407213>
<http://ja.dbpedia.org/resource/協同バス>	"協同バス"@ja	<http://dbpedia.org/ontology/Organisation>	<http://ja.dbpedia.org/property/画像説明>	"画像説明"@ja	<http://ja.wikipedia.org/wiki/協同バス>	<http://wikidata.dbpedia.org/resource/Q11407213>
<http://ja.dbpedia.org/resource/協同バス>	"協同バス"@ja	<http://dbpedia.org/ontology/Agent>	<http://ja.dbpedia.org/property/画像説明>	"画像説明"@ja	<http://ja.wikipedia.org/wiki/協同バス>	<http://wikidata.dbpedia.org/resource/Q11407213>
<http://ja.dbpedia.org/resource/南青山>	"南青山"@ja	<http://dbpedia.org/ontology/PopulatedPlace>	<http://ja.dbpedia.org/property/subdivisionName>	"subdivision name"@ja	<http://ja.wikipedia.org/wiki/南青山>	<http://wikidata.dbpedia.org/resource/Q11408761>
<http://ja.dbpedia.org/resource/南青山>	"南青山"@ja	<http://dbpedia.org/ontology/Location>	<http://ja.dbpedia.org/property/subdivisionName>	"subdivision name"@ja	<http://ja.wikipedia.org/wiki/南青山>	<http://wikidata.dbpedia.org/resource/Q11408761>
<http://ja.dbpedia.org/resource/南青山>	"南青山"@ja	<http://dbpedia.org/ontology/Place>	<http://ja.dbpedia.org/property/subdivisionName>	"subdivision name"@ja	<http://ja.wikipedia.org/wiki/南青山>	<http://wikidata.dbpedia.org/resource/Q11408761>
<http://ja.dbpedia.org/resource/南青山>	"南青山"@ja	<http://dbpedia.org/ontology/Settlement>	<http://ja.dbpedia.org/property/subdivisionName>	"subdivision name"@ja	<http://ja.wikipedia.org/wiki/南青山>	<http://wikidata.dbpedia.org/resource/Q11408761>
<http://ja.dbpedia.org/resource/南麻布>	"南麻布"@ja	<http://dbpedia.org/ontology/Location>	<http://ja.dbpedia.org/property/subdivisionName>	"subdivision name"@ja	<http://ja.wikipedia.org/wiki/南麻布>	<http://wikidata.dbpedia.org/resource/Q11408823>
<http://ja.dbpedia.org/resource/南麻布>	"南麻布"@ja	<http://dbpedia.org/ontology/PopulatedPlace>	<http://ja.dbpedia.org/property/subdivisionName>	"subdivision name"@ja	<http://ja.wikipedia.org/wiki/南麻布>	<http://wikidata.dbpedia.org/resource/Q11408823>
<http://ja.dbpedia.org/resource/南麻布>	"南麻布"@ja	<http://dbpedia.org/ontology/Settlement>	<http://ja.dbpedia.org/property/subdivisionName>	"subdivision name"@ja	<http://ja.wikipedia.org/wiki/南麻布>	<http://wikidata.dbpedia.org/resource/Q11408823>
<http://ja.dbpedia.org/resource/南麻布>	"南麻布"@ja	<http://dbpedia.org/ontology/Place>	<http://ja.dbpedia.org/property/subdivisionName>	"subdivision name"@ja	<http://ja.wikipedia.org/wiki/南麻布>	<http://wikidata.dbpedia.org/resource/Q11408823>
<http://ja.dbpedia.org/resource/台場_(東京都港区)>	"台場 (東京都港区)"@ja	<http://dbpedia.org/ontology/PopulatedPlace>	<http://ja.dbpedia.org/property/subdivisionName>	"subdivision name"@ja	<http://ja.wikipedia.org/wiki/台場_(東京都港区)>	<http://wikidata.dbpedia.org/resource/Q17224919>
<http://ja.dbpedia.org/resource/台場_(東京都港区)>	"台場 (東京都港区)"@ja	<http://dbpedia.org/ontology/Location>	<http://ja.dbpedia.org/property/subdivisionName>	"subdivision name"@ja	<http://ja.wikipedia.org/wiki/台場_(東京都港区)>	<http://wikidata.dbpedia.org/resource/Q17224919>
<http://ja.dbpedia.org/resource/台場_(東京都港区)>	"台場 (東京都港区)"@ja	<http://dbpedia.org/ontology/Place>	<http://ja.dbpedia.org/property/subdivisionName>	"subdivision name"@ja	<http://ja.wikipedia.org/wiki/台場_(東京都港区)>	<http://wikidata.dbpedia.org/resource/Q17224919>
<http://ja.dbpedia.org/resource/台場_(東京都港区)>	"台場 (東京都港区)"@ja	<http://dbpedia.org/ontology/Settlement>	<http://ja.dbpedia.org/property/subdivisionName>	"subdivision name"@ja	<http://ja.wikipedia.org/wiki/台場_(東京都港区)>	<http://wikidata.dbpedia.org/resource/Q17224919>
<http://ja.dbpedia.org/resource/山川浩>	"山川浩"@ja	<http://dbpedia.org/ontology/Person>	<http://ja.dbpedia.org/property/墓所>	"墓所"@ja	<http://ja.wikipedia.org/wiki/山川浩>	<http://wikidata.dbpedia.org/resource/Q3571445>
<http://ja.dbpedia.org/resource/山川浩>	"山川浩"@ja	<http://dbpedia.org/ontology/Eukaryote>	<http://ja.dbpedia.org/property/墓所>	"墓所"@ja	<http://ja.wikipedia.org/wiki/山川浩>	<http://wikidata.dbpedia.org/resource/Q3571445>
<http://ja.dbpedia.org/resource/山川浩>	"山川浩"@ja	<http://dbpedia.org/ontology/Animal>	<http://ja.dbpedia.org/property/墓所>	"墓所"@ja	<http://ja.wikipedia.org/wiki/山川浩>	<http://wikidata.dbpedia.org/resource/Q3571445>
<http://ja.dbpedia.org/resource/山川浩>	"山川浩"@ja	<http://dbpedia.org/ontology/Species>	<http://ja.dbpedia.org/property/墓所>	"墓所"@ja	<http://ja.wikipedia.org/wiki/山川浩>	<http://wikidata.dbpedia.org/resource/Q3571445>
<http://ja.dbpedia.org/resource/山川浩>	"山川浩"@ja	<http://dbpedia.org/ontology/MilitaryPerson>	<http://ja.dbpedia.org/property/墓所>	"墓所"@ja	<http://ja.wikipedia.org/wiki/山川浩>	<http://wikidata.dbpedia.org/resource/Q3571445>
<http://ja.dbpedia.org/resource/後藤輝樹>	"後藤輝樹"@ja	<http://dbpedia.org/ontology/Species>	<http://ja.dbpedia.org/property/選挙名>	"選挙名"@ja	<http://ja.wikipedia.org/wiki/後藤輝樹>	<http://wikidata.dbpedia.org/resource/Q26251515>
<http://ja.dbpedia.org/resource/後藤輝樹>	"後藤輝樹"@ja	<http://dbpedia.org/ontology/Animal>	<http://ja.dbpedia.org/property/選挙名>	"選挙名"@ja	<http://ja.wikipedia.org/wiki/後藤輝樹>	<http://wikidata.dbpedia.org/resource/Q26251515>
<http://ja.dbpedia.org/resource/後藤輝樹>	"後藤輝樹"@ja	<http://dbpedia.org/ontology/Eukaryote>	<http://ja.dbpedia.org/property/選挙名>	"選挙名"@ja	<http://ja.wikipedia.org/wiki/後藤輝樹>	<http://wikidata.dbpedia.org/resource/Q26251515>
<http://ja.dbpedia.org/resource/後藤輝樹>	"後藤輝樹"@ja	<http://dbpedia.org/ontology/Person>	<http://ja.dbpedia.org/property/選挙名>	"選挙名"@ja	<http://ja.wikipedia.org/wiki/後藤輝樹>	<http://wikidata.dbpedia.org/resource/Q26251515>
<http://ja.dbpedia.org/resource/愛宕_(東京都港区)>	"愛宕 (東京都港区)"@ja	<http://dbpedia.org/ontology/Place>	<http://ja.dbpedia.org/property/subdivisionName>	"subdivision name"@ja	<http://ja.wikipedia.org/wiki/愛宕_(東京都港区)>	<http://wikidata.dbpedia.org/resource/Q4812642>
<http://ja.dbpedia.org/resource/愛宕_(東京都港区)>	"愛宕 (東京都港区)"@ja	<http://dbpedia.org/ontology/Settlement>	<http://ja.dbpedia.org/property/subdivisionName>	"subdivision name"@ja	<http://ja.wikipedia.org/wiki/愛宕_(東京都港区)>	<http://wikidata.dbpedia.org/resource/Q4812642>
<http://ja.dbpedia.org/resource/愛宕_(東京都港区)>	"愛宕 (東京都港区)"@ja	<http://dbpedia.org/ontology/PopulatedPlace>	<http://ja.dbpedia.org/property/subdivisionName>	"subdivision name"@ja	<http://ja.wikipedia.org/wiki/愛宕_(東京都港区)>	<http://wikidata.dbpedia.org/resource/Q4812642>
<http://ja.dbpedia.org/resource/愛宕_(東京都港区)>	"愛宕 (東京都港区)"@ja	<http://dbpedia.org/ontology/Location>	<http://ja.dbpedia.org/property/subdivisionName>	"subdivision name"@ja	<http://ja.wikipedia.org/wiki/愛宕_(東京都港区)>	<http://wikidata.dbpedia.org/resource/Q4812642>
<http://ja.dbpedia.org/resource/新橋_(東京都港区)>	"新橋 (東京都港区)"@ja	<http://dbpedia.org/ontology/Place>	<http://ja.dbpedia.org/property/subdivisionName>	"subdivision name"@ja	<http://ja.wikipedia.org/wiki/新橋_(東京都港区)>	<http://wikidata.dbpedia.org/resource/Q1347299>
<http://ja.dbpedia.org/resource/新橋_(東京都港区)>	"新橋 (東京都港区)"@ja	<http://dbpedia.org/ontology/Settlement>	<http://ja.dbpedia.org/property/subdivisionName>	"subdivision name"@ja	<http://ja.wikipedia.org/wiki/新橋_(東京都港区)>	<http://wikidata.dbpedia.org/resource/Q1347299>
<http://ja.dbpedia.org/resource/新橋_(東京都港区)>	"新橋 (東京都港区)"@ja	<http://dbpedia.org/ontology/PopulatedPlace>	<http://ja.dbpedia.org/property/subdivisionName>	"subdivision name"@ja	<http://ja.wikipedia.org/wiki/新橋_(東京都港区)>	<http://wikidata.dbpedia.org/resource/Q1347299>
<http://ja.dbpedia.org/resource/新橋_(東京都港区)>	"新橋 (東京都港区)"@ja	<http://dbpedia.org/ontology/Location>	<http://ja.dbpedia.org/property/subdivisionName>	"subdivision name"@ja	<http://ja.wikipedia.org/wiki/新橋_(東京都港区)>	<http://wikidata.dbpedia.org/resource/Q1347299>
<http://ja.dbpedia.org/resource/東京都立図書館>	"東京都立図書館"@ja	<http://dbpedia.org/ontology/Organisation>	<http://ja.dbpedia.org/property/所在地>	"所在地"@ja	<http://ja.wikipedia.org/wiki/東京都立図書館>	<http://wikidata.dbpedia.org/resource/Q7813956>
<http://ja.dbpedia.org/resource/東京都立図書館>	"東京都立図書館"@ja	<http://dbpedia.org/ontology/EducationalInstitution>	<http://ja.dbpedia.org/property/所在地>	"所在地"@ja	<http://ja.wikipedia.org/wiki/東京都立図書館>	<http://wikidata.dbpedia.org/resource/Q7813956>
<http://ja.dbpedia.org/resource/東京都立図書館>	"東京都立図書館"@ja	<http://dbpedia.org/ontology/Agent>	<http://ja.dbpedia.org/property/所在地>	"所在地"@ja	<http://ja.wikipedia.org/wiki/東京都立図書館>	<http://wikidata.dbpedia.org/resource/Q7813956>
<http://ja.dbpedia.org/resource/東京都立図書館>	"東京都立図書館"@ja	<http://dbpedia.org/ontology/Library>	<http://ja.dbpedia.org/property/所在地>	"所在地"@ja	<http://ja.wikipedia.org/wiki/東京都立図書館>	<http://wikidata.dbpedia.org/resource/Q7813956>
<http://ja.dbpedia.org/resource/東新橋>	"東新橋"@ja	<http://dbpedia.org/ontology/Place>	<http://ja.dbpedia.org/property/subdivisionName>	"subdivision name"@ja	<http://ja.wikipedia.org/wiki/東新橋>	<http://wikidata.dbpedia.org/resource/Q5753819>
<http://ja.dbpedia.org/resource/東新橋>	"東新橋"@ja	<http://dbpedia.org/ontology/Settlement>	<http://ja.dbpedia.org/property/subdivisionName>	"subdivision name"@ja	<http://ja.wikipedia.org/wiki/東新橋>	<http://wikidata.dbpedia.org/resource/Q5753819>
<http://ja.dbpedia.org/resource/東新橋>	"東新橋"@ja	<http://dbpedia.org/ontology/PopulatedPlace>	<http://ja.dbpedia.org/property/subdivisionName>	"subdivision name"@ja	<http://ja.wikipedia.org/wiki/東新橋>	<http://wikidata.dbpedia.org/resource/Q5753819>
<http://ja.dbpedia.org/resource/東新橋>	"東新橋"@ja	<http://dbpedia.org/ontology/Location>	<http://ja.dbpedia.org/property/subdivisionName>	"subdivision name"@ja	<http://ja.wikipedia.org/wiki/東新橋>	<http://wikidata.dbpedia.org/resource/Q5753819>
<http://ja.dbpedia.org/resource/東麻布>	"東麻布"@ja	<http://dbpedia.org/ontology/Settlement>	<http://ja.dbpedia.org/property/subdivisionName>	"subdivision name"@ja	<http://ja.wikipedia.org/wiki/東麻布>	<http://wikidata.dbpedia.org/resource/Q11528788>
<http://ja.dbpedia.org/resource/東麻布>	"東麻布"@ja	<http://dbpedia.org/ontology/Place>	<http://ja.dbpedia.org/property/subdivisionName>	"subdivision name"@ja	<http://ja.wikipedia.org/wiki/東麻布>	<http://wikidata.dbpedia.org/resource/Q11528788>
<http://ja.dbpedia.org/resource/東麻布>	"東麻布"@ja	<http://dbpedia.org/ontology/Location>	<http://ja.dbpedia.org/property/subdivisionName>	"subdivision name"@ja	<http://ja.wikipedia.org/wiki/東麻布>	<http://wikidata.dbpedia.org/resource/Q11528788>
<http://ja.dbpedia.org/resource/東麻布>	"東麻布"@ja	<http://dbpedia.org/ontology/PopulatedPlace>	<http://ja.dbpedia.org/property/subdivisionName>	"subdivision name"@ja	<http://ja.wikipedia.org/wiki/東麻布>	<http://wikidata.dbpedia.org/resource/Q11528788>
<http://ja.dbpedia.org/resource/横尾俊成>	"横尾俊成"@ja	<http://dbpedia.org/ontology/Person>	<http://ja.dbpedia.org/property/現職>	"現職"@ja	<http://ja.wikipedia.org/wiki/横尾俊成>	<http://wikidata.dbpedia.org/resource/Q11542441>
<http://ja.dbpedia.org/resource/横尾俊成>	"横尾俊成"@ja	<http://dbpedia.org/ontology/Species>	<http://ja.dbpedia.org/property/現職>	"現職"@ja	<http://ja.wikipedia.org/wiki/横尾俊成>	<http://wikidata.dbpedia.org/resource/Q11542441>
<http://ja.dbpedia.org/resource/横尾俊成>	"横尾俊成"@ja	<http://dbpedia.org/ontology/Animal>	<http://ja.dbpedia.org/property/現職>	"現職"@ja	<http://ja.wikipedia.org/wiki/横尾俊成>	<http://wikidata.dbpedia.org/resource/Q11542441>
<http://ja.dbpedia.org/resource/横尾俊成>	"横尾俊成"@ja	<http://dbpedia.org/ontology/Politician>	<http://ja.dbpedia.org/property/現職>	"現職"@ja	<http://ja.wikipedia.org/wiki/横尾俊成>	<http://wikidata.dbpedia.org/resource/Q11542441>
<http://ja.dbpedia.org/resource/横尾俊成>	"横尾俊成"@ja	<http://dbpedia.org/ontology/Eukaryote>	<http://ja.dbpedia.org/property/現職>	"現職"@ja	<http://ja.wikipedia.org/wiki/横尾俊成>	<http://wikidata.dbpedia.org/resource/Q11542441>
<http://ja.dbpedia.org/resource/浜松町>	"浜松町"@ja	<http://dbpedia.org/ontology/Location>	<http://ja.dbpedia.org/property/subdivisionName>	"subdivision name"@ja	<http://ja.wikipedia.org/wiki/浜松町>	<http://wikidata.dbpedia.org/resource/Q3097720>
<http://ja.dbpedia.org/resource/浜松町>	"浜松町"@ja	<http://dbpedia.org/ontology/PopulatedPlace>	<http://ja.dbpedia.org/property/subdivisionName>	"subdivision name"@ja	<http://ja.wikipedia.org/wiki/浜松町>	<http://wikidata.dbpedia.org/resource/Q3097720>
<http://ja.dbpedia.org/resource/浜松町>	"浜松町"@ja	<http://dbpedia.org/ontology/Settlement>	<http://ja.dbpedia.org/property/subdivisionName>	"subdivision name"@ja	<http://ja.wikipedia.org/wiki/浜松町>	<http://wikidata.dbpedia.org/resource/Q3097720>
<http://ja.dbpedia.org/resource/浜松町>	"浜松町"@ja	<http://dbpedia.org/ontology/Place>	<http://ja.dbpedia.org/property/subdivisionName>	"subdivision name"@ja	<http://ja.wikipedia.org/wiki/浜松町>	<http://wikidata.dbpedia.org/resource/Q3097720>
<http://ja.dbpedia.org/resource/海岸_(東京都港区)>	"海岸 (東京都港区)"@ja	<http://dbpedia.org/ontology/PopulatedPlace>	<http://ja.dbpedia.org/property/subdivisionName>	"subdivision name"@ja	<http://ja.wikipedia.org/wiki/海岸_(東京都港区)>	<http://wikidata.dbpedia.org/resource/Q11558878>
<http://ja.dbpedia.org/resource/海岸_(東京都港区)>	"海岸 (東京都港区)"@ja	<http://dbpedia.org/ontology/Location>	<http://ja.dbpedia.org/property/subdivisionName>	"subdivision name"@ja	<http://ja.wikipedia.org/wiki/海岸_(東京都港区)>	<http://wikidata.dbpedia.org/resource/Q11558878>
<http://ja.dbpedia.org/resource/海岸_(東京都港区)>	"海岸 (東京都港区)"@ja	<http://dbpedia.org/ontology/Settlement>	<http://ja.dbpedia.org/property/subdivisionName>	"subdivision name"@ja	<http://ja.wikipedia.org/wiki/海岸_(東京都港区)>	<http://wikidata.dbpedia.org/resource/Q11558878>
<http://ja.dbpedia.org/resource/海岸_(東京都港区)>	"海岸 (東京都港区)"@ja	<http://dbpedia.org/ontology/Place>	<http://ja.dbpedia.org/property/subdivisionName>	"subdivision name"@ja	<http://ja.wikipedia.org/wiki/海岸_(東京都港区)>	<http://wikidata.dbpedia.org/resource/Q11558878>
<http://ja.dbpedia.org/resource/港区立三光小学校>	"港区立三光小学校"@ja	<http://dbpedia.org/ontology/Organisation>	<http://ja.dbpedia.org/property/設置者>	"設置者"@ja	<http://ja.wikipedia.org/wiki/港区立三光小学校>	<http://wikidata.dbpedia.org/resource/Q21019643>
<http://ja.dbpedia.org/resource/港区立三光小学校>	"港区立三光小学校"@ja	<http://dbpedia.org/ontology/Agent>	<http://ja.dbpedia.org/property/設置者>	"設置者"@ja	<http://ja.wikipedia.org/wiki/港区立三光小学校>	<http://wikidata.dbpedia.org/resource/Q21019643>
<http://ja.dbpedia.org/resource/港区立三光小学校>	"港区立三光小学校"@ja	<http://dbpedia.org/ontology/School>	<http://ja.dbpedia.org/property/設置者>	"設置者"@ja	<http://ja.wikipedia.org/wiki/港区立三光小学校>	<http://wikidata.dbpedia.org/resource/Q21019643>
<http://ja.dbpedia.org/resource/港区立三光小学校>	"港区立三光小学校"@ja	<http://dbpedia.org/ontology/EducationalInstitution>	<http://ja.dbpedia.org/property/設置者>	"設置者"@ja	<http://ja.wikipedia.org/wiki/港区立三光小学校>	<http://wikidata.dbpedia.org/resource/Q21019643>
<http://ja.dbpedia.org/resource/港区立三田中学校>	"港区立三田中学校"@ja	<http://dbpedia.org/ontology/EducationalInstitution>	<http://ja.dbpedia.org/property/設置者>	"設置者"@ja	<http://ja.wikipedia.org/wiki/港区立三田中学校>	<http://wikidata.dbpedia.org/resource/Q17230439>
<http://ja.dbpedia.org/resource/港区立三田中学校>	"港区立三田中学校"@ja	<http://dbpedia.org/ontology/School>	<http://ja.dbpedia.org/property/設置者>	"設置者"@ja	<http://ja.wikipedia.org/wiki/港区立三田中学校>	<http://wikidata.dbpedia.org/resource/Q17230439>
<http://ja.dbpedia.org/resource/港区立三田中学校>	"港区立三田中学校"@ja	<http://dbpedia.org/ontology/Organisation>	<http://ja.dbpedia.org/property/設置者>	"設置者"@ja	<http://ja.wikipedia.org/wiki/港区立三田中学校>	<http://wikidata.dbpedia.org/resource/Q17230439>
<http://ja.dbpedia.org/resource/港区立三田中学校>	"港区立三田中学校"@ja	<http://dbpedia.org/ontology/Agent>	<http://ja.dbpedia.org/property/設置者>	"設置者"@ja	<http://ja.wikipedia.org/wiki/港区立三田中学校>	<http://wikidata.dbpedia.org/resource/Q17230439>
<http://ja.dbpedia.org/resource/港区立六本木中学校>	"港区立六本木中学校"@ja	<http://dbpedia.org/ontology/Organisation>	<http://ja.dbpedia.org/property/設置者>	"設置者"@ja	<http://ja.wikipedia.org/wiki/港区立六本木中学校>	<http://wikidata.dbpedia.org/resource/Q11563038>
<http://ja.dbpedia.org/resource/港区立六本木中学校>	"港区立六本木中学校"@ja	<http://dbpedia.org/ontology/Agent>	<http://ja.dbpedia.org/property/設置者>	"設置者"@ja	<http://ja.wikipedia.org/wiki/港区立六本木中学校>	<http://wikidata.dbpedia.org/resource/Q11563038>
<http://ja.dbpedia.org/resource/港区立六本木中学校>	"港区立六本木中学校"@ja	<http://dbpedia.org/ontology/EducationalInstitution>	<http://ja.dbpedia.org/property/設置者>	"設置者"@ja	<http://ja.wikipedia.org/wiki/港区立六本木中学校>	<http://wikidata.dbpedia.org/resource/Q11563038>
<http://ja.dbpedia.org/resource/港区立六本木中学校>	"港区立六本木中学校"@ja	<http://dbpedia.org/ontology/School>	<http://ja.dbpedia.org/property/設置者>	"設置者"@ja	<http://ja.wikipedia.org/wiki/港区立六本木中学校>	<http://wikidata.dbpedia.org/resource/Q11563038>
<http://ja.dbpedia.org/resource/港区立御成門中学校>	"港区立御成門中学校"@ja	<http://dbpedia.org/ontology/Agent>	<http://ja.dbpedia.org/property/設置者>	"設置者"@ja	<http://ja.wikipedia.org/wiki/港区立御成門中学校>	<http://wikidata.dbpedia.org/resource/Q11563037>
<http://ja.dbpedia.org/resource/港区立御成門中学校>	"港区立御成門中学校"@ja	<http://dbpedia.org/ontology/Organisation>	<http://ja.dbpedia.org/property/設置者>	"設置者"@ja	<http://ja.wikipedia.org/wiki/港区立御成門中学校>	<http://wikidata.dbpedia.org/resource/Q11563037>
<http://ja.dbpedia.org/resource/港区立御成門中学校>	"港区立御成門中学校"@ja	<http://dbpedia.org/ontology/School>	<http://ja.dbpedia.org/property/設置者>	"設置者"@ja	<http://ja.wikipedia.org/wiki/港区立御成門中学校>	<http://wikidata.dbpedia.org/resource/Q11563037>
<http://ja.dbpedia.org/resource/港区立御成門中学校>	"港区立御成門中学校"@ja	<http://dbpedia.org/ontology/EducationalInstitution>	<http://ja.dbpedia.org/property/設置者>	"設置者"@ja	<http://ja.wikipedia.org/wiki/港区立御成門中学校>	<http://wikidata.dbpedia.org/resource/Q11563037>
<http://ja.dbpedia.org/resource/港区立朝日中学校>	"港区立朝日中学校"@ja	<http://dbpedia.org/ontology/Organisation>	<http://ja.dbpedia.org/property/設置者>	"設置者"@ja	<http://ja.wikipedia.org/wiki/港区立朝日中学校>	<http://wikidata.dbpedia.org/resource/Q11563041>
<http://ja.dbpedia.org/resource/港区立朝日中学校>	"港区立朝日中学校"@ja	<http://dbpedia.org/ontology/Agent>	<http://ja.dbpedia.org/property/設置者>	"設置者"@ja	<http://ja.wikipedia.org/wiki/港区立朝日中学校>	<http://wikidata.dbpedia.org/resource/Q11563041>
<http://ja.dbpedia.org/resource/港区立朝日中学校>	"港区立朝日中学校"@ja	<http://dbpedia.org/ontology/EducationalInstitution>	<http://ja.dbpedia.org/property/設置者>	"設置者"@ja	<http://ja.wikipedia.org/wiki/港区立朝日中学校>	<http://wikidata.dbpedia.org/resource/Q11563041>
<http://ja.dbpedia.org/resource/港区立朝日中学校>	"港区立朝日中学校"@ja	<http://dbpedia.org/ontology/School>	<http://ja.dbpedia.org/property/設置者>	"設置者"@ja	<http://ja.wikipedia.org/wiki/港区立朝日中学校>	<http://wikidata.dbpedia.org/resource/Q11563041>
<http://ja.dbpedia.org/resource/港区立港南中学校>	"港区立港南中学校"@ja	<http://dbpedia.org/ontology/EducationalInstitution>	<http://ja.dbpedia.org/property/設置者>	"設置者"@ja	<http://ja.wikipedia.org/wiki/港区立港南中学校>	<http://wikidata.dbpedia.org/resource/Q11563042>
<http://ja.dbpedia.org/resource/港区立港南中学校>	"港区立港南中学校"@ja	<http://dbpedia.org/ontology/School>	<http://ja.dbpedia.org/property/設置者>	"設置者"@ja	<http://ja.wikipedia.org/wiki/港区立港南中学校>	<http://wikidata.dbpedia.org/resource/Q11563042>
<http://ja.dbpedia.org/resource/港区立港南中学校>	"港区立港南中学校"@ja	<http://dbpedia.org/ontology/Agent>	<http://ja.dbpedia.org/property/設置者>	"設置者"@ja	<http://ja.wikipedia.org/wiki/港区立港南中学校>	<http://wikidata.dbpedia.org/resource/Q11563042>
<http://ja.dbpedia.org/resource/港区立港南中学校>	"港区立港南中学校"@ja	<http://dbpedia.org/ontology/Organisation>	<http://ja.dbpedia.org/property/設置者>	"設置者"@ja	<http://ja.wikipedia.org/wiki/港区立港南中学校>	<http://wikidata.dbpedia.org/resource/Q11563042>
<http://ja.dbpedia.org/resource/港区立港陽中学校>	"港区立港陽中学校"@ja	<http://dbpedia.org/ontology/EducationalInstitution>	<http://ja.dbpedia.org/property/設置者>	"設置者"@ja	<http://ja.wikipedia.org/wiki/港区立港陽中学校>	<http://wikidata.dbpedia.org/resource/Q11563043>
<http://ja.dbpedia.org/resource/港区立港陽中学校>	"港区立港陽中学校"@ja	<http://dbpedia.org/ontology/School>	<http://ja.dbpedia.org/property/設置者>	"設置者"@ja	<http://ja.wikipedia.org/wiki/港区立港陽中学校>	<http://wikidata.dbpedia.org/resource/Q11563043>
<http://ja.dbpedia.org/resource/港区立港陽中学校>	"港区立港陽中学校"@ja	<http://dbpedia.org/ontology/Organisation>	<http://ja.dbpedia.org/property/設置者>	"設置者"@ja	<http://ja.wikipedia.org/wiki/港区立港陽中学校>	<http://wikidata.dbpedia.org/resource/Q11563043>
<http://ja.dbpedia.org/resource/港区立港陽中学校>	"港区立港陽中学校"@ja	<http://dbpedia.org/ontology/Agent>	<http://ja.dbpedia.org/property/設置者>	"設置者"@ja	<http://ja.wikipedia.org/wiki/港区立港陽中学校>	<http://wikidata.dbpedia.org/resource/Q11563043>
<http://ja.dbpedia.org/resource/港区立神応小学校>	"港区立神応小学校"@ja	<http://dbpedia.org/ontology/School>	<http://ja.dbpedia.org/property/設置者>	"設置者"@ja	<http://ja.wikipedia.org/wiki/港区立神応小学校>	<http://wikidata.dbpedia.org/resource/Q21019644>
<http://ja.dbpedia.org/resource/港区立神応小学校>	"港区立神応小学校"@ja	<http://dbpedia.org/ontology/EducationalInstitution>	<http://ja.dbpedia.org/property/設置者>	"設置者"@ja	<http://ja.wikipedia.org/wiki/港区立神応小学校>	<http://wikidata.dbpedia.org/resource/Q21019644>
<http://ja.dbpedia.org/resource/港区立神応小学校>	"港区立神応小学校"@ja	<http://dbpedia.org/ontology/Agent>	<http://ja.dbpedia.org/property/設置者>	"設置者"@ja	<http://ja.wikipedia.org/wiki/港区立神応小学校>	<http://wikidata.dbpedia.org/resource/Q21019644>
<http://ja.dbpedia.org/resource/港区立神応小学校>	"港区立神応小学校"@ja	<http://dbpedia.org/ontology/Organisation>	<http://ja.dbpedia.org/property/設置者>	"設置者"@ja	<http://ja.wikipedia.org/wiki/港区立神応小学校>	<http://wikidata.dbpedia.org/resource/Q21019644>
<http://ja.dbpedia.org/resource/港区立赤坂中学校>	"港区立赤坂中学校"@ja	<http://dbpedia.org/ontology/EducationalInstitution>	<http://ja.dbpedia.org/property/設置者>	"設置者"@ja	<http://ja.wikipedia.org/wiki/港区立赤坂中学校>	<http://wikidata.dbpedia.org/resource/Q11563047>
<http://ja.dbpedia.org/resource/港区立赤坂中学校>	"港区立赤坂中学校"@ja	<http://dbpedia.org/ontology/School>	<http://ja.dbpedia.org/property/設置者>	"設置者"@ja	<http://ja.wikipedia.org/wiki/港区立赤坂中学校>	<http://wikidata.dbpedia.org/resource/Q11563047>
<http://ja.dbpedia.org/resource/港区立赤坂中学校>	"港区立赤坂中学校"@ja	<http://dbpedia.org/ontology/Organisation>	<http://ja.dbpedia.org/property/設置者>	"設置者"@ja	<http://ja.wikipedia.org/wiki/港区立赤坂中学校>	<http://wikidata.dbpedia.org/resource/Q11563047>
<http://ja.dbpedia.org/resource/港区立赤坂中学校>	"港区立赤坂中学校"@ja	<http://dbpedia.org/ontology/Agent>	<http://ja.dbpedia.org/property/設置者>	"設置者"@ja	<http://ja.wikipedia.org/wiki/港区立赤坂中学校>	<http://wikidata.dbpedia.org/resource/Q11563047>
<http://ja.dbpedia.org/resource/港区立青山中学校>	"港区立青山中学校"@ja	<http://dbpedia.org/ontology/School>	<http://ja.dbpedia.org/property/設置者>	"設置者"@ja	<http://ja.wikipedia.org/wiki/港区立青山中学校>	<http://wikidata.dbpedia.org/resource/Q11563050>
<http://ja.dbpedia.org/resource/港区立青山中学校>	"港区立青山中学校"@ja	<http://dbpedia.org/ontology/EducationalInstitution>	<http://ja.dbpedia.org/property/設置者>	"設置者"@ja	<http://ja.wikipedia.org/wiki/港区立青山中学校>	<http://wikidata.dbpedia.org/resource/Q11563050>
<http://ja.dbpedia.org/resource/港区立青山中学校>	"港区立青山中学校"@ja	<http://dbpedia.org/ontology/Agent>	<http://ja.dbpedia.org/property/設置者>	"設置者"@ja	<http://ja.wikipedia.org/wiki/港区立青山中学校>	<http://wikidata.dbpedia.org/resource/Q11563050>
<http://ja.dbpedia.org/resource/港区立青山中学校>	"港区立青山中学校"@ja	<http://dbpedia.org/ontology/Organisation>	<http://ja.dbpedia.org/property/設置者>	"設置者"@ja	<http://ja.wikipedia.org/wiki/港区立青山中学校>	<http://wikidata.dbpedia.org/resource/Q11563050>
<http://ja.dbpedia.org/resource/港区立高松中学校>	"港区立高松中学校"@ja	<http://dbpedia.org/ontology/EducationalInstitution>	<http://ja.dbpedia.org/property/設置者>	"設置者"@ja	<http://ja.wikipedia.org/wiki/港区立高松中学校>	<http://wikidata.dbpedia.org/resource/Q11563052>
<http://ja.dbpedia.org/resource/港区立高松中学校>	"港区立高松中学校"@ja	<http://dbpedia.org/ontology/School>	<http://ja.dbpedia.org/property/設置者>	"設置者"@ja	<http://ja.wikipedia.org/wiki/港区立高松中学校>	<http://wikidata.dbpedia.org/resource/Q11563052>
<http://ja.dbpedia.org/resource/港区立高松中学校>	"港区立高松中学校"@ja	<http://dbpedia.org/ontology/Agent>	<http://ja.dbpedia.org/property/設置者>	"設置者"@ja	<http://ja.wikipedia.org/wiki/港区立高松中学校>	<http://wikidata.dbpedia.org/resource/Q11563052>
<http://ja.dbpedia.org/resource/港区立高松中学校>	"港区立高松中学校"@ja	<http://dbpedia.org/ontology/Organisation>	<http://ja.dbpedia.org/property/設置者>	"設置者"@ja	<http://ja.wikipedia.org/wiki/港区立高松中学校>	<http://wikidata.dbpedia.org/resource/Q11563052>
<http://ja.dbpedia.org/resource/港区立高陵中学校>	"港区立高陵中学校"@ja	<http://dbpedia.org/ontology/EducationalInstitution>	<http://ja.dbpedia.org/property/設置者>	"設置者"@ja	<http://ja.wikipedia.org/wiki/港区立高陵中学校>	<http://wikidata.dbpedia.org/resource/Q11563054>
<http://ja.dbpedia.org/resource/港区立高陵中学校>	"港区立高陵中学校"@ja	<http://dbpedia.org/ontology/School>	<http://ja.dbpedia.org/property/設置者>	"設置者"@ja	<http://ja.wikipedia.org/wiki/港区立高陵中学校>	<http://wikidata.dbpedia.org/resource/Q11563054>
<http://ja.dbpedia.org/resource/港区立高陵中学校>	"港区立高陵中学校"@ja	<http://dbpedia.org/ontology/Organisation>	<http://ja.dbpedia.org/property/設置者>	"設置者"@ja	<http://ja.wikipedia.org/wiki/港区立高陵中学校>	<http://wikidata.dbpedia.org/resource/Q11563054>
<http://ja.dbpedia.org/resource/港区立高陵中学校>	"港区立高陵中学校"@ja	<http://dbpedia.org/ontology/Agent>	<http://ja.dbpedia.org/property/設置者>	"設置者"@ja	<http://ja.wikipedia.org/wiki/港区立高陵中学校>	<http://wikidata.dbpedia.org/resource/Q11563054>
<http://ja.dbpedia.org/resource/港南_(東京都港区)>	"港南 (東京都港区)"@ja	<http://dbpedia.org/ontology/Place>	<http://ja.dbpedia.org/property/subdivisionName>	"subdivision name"@ja	<http://ja.wikipedia.org/wiki/港南_(東京都港区)>	<http://wikidata.dbpedia.org/resource/Q11563057>
<http://ja.dbpedia.org/resource/港南_(東京都港区)>	"港南 (東京都港区)"@ja	<http://dbpedia.org/ontology/Settlement>	<http://ja.dbpedia.org/property/subdivisionName>	"subdivision name"@ja	<http://ja.wikipedia.org/wiki/港南_(東京都港区)>	<http://wikidata.dbpedia.org/resource/Q11563057>
<http://ja.dbpedia.org/resource/港南_(東京都港区)>	"港南 (東京都港区)"@ja	<http://dbpedia.org/ontology/PopulatedPlace>	<http://ja.dbpedia.org/property/subdivisionName>	"subdivision name"@ja	<http://ja.wikipedia.org/wiki/港南_(東京都港区)>	<http://wikidata.dbpedia.org/resource/Q11563057>
<http://ja.dbpedia.org/resource/港南_(東京都港区)>	"港南 (東京都港区)"@ja	<http://dbpedia.org/ontology/Location>	<http://ja.dbpedia.org/property/subdivisionName>	"subdivision name"@ja	<http://ja.wikipedia.org/wiki/港南_(東京都港区)>	<http://wikidata.dbpedia.org/resource/Q11563057>
<http://ja.dbpedia.org/resource/白金_(東京都港区)>	"白金 (東京都港区)"@ja	<http://dbpedia.org/ontology/Settlement>	<http://ja.dbpedia.org/property/subdivisionName>	"subdivision name"@ja	<http://ja.wikipedia.org/wiki/白金_(東京都港区)>	<http://wikidata.dbpedia.org/resource/Q7498922>
<http://ja.dbpedia.org/resource/白金_(東京都港区)>	"白金 (東京都港区)"@ja	<http://dbpedia.org/ontology/Place>	<http://ja.dbpedia.org/property/subdivisionName>	"subdivision name"@ja	<http://ja.wikipedia.org/wiki/白金_(東京都港区)>	<http://wikidata.dbpedia.org/resource/Q7498922>
<http://ja.dbpedia.org/resource/白金_(東京都港区)>	"白金 (東京都港区)"@ja	<http://dbpedia.org/ontology/Location>	<http://ja.dbpedia.org/property/subdivisionName>	"subdivision name"@ja	<http://ja.wikipedia.org/wiki/白金_(東京都港区)>	<http://wikidata.dbpedia.org/resource/Q7498922>
<http://ja.dbpedia.org/resource/白金_(東京都港区)>	"白金 (東京都港区)"@ja	<http://dbpedia.org/ontology/PopulatedPlace>	<http://ja.dbpedia.org/property/subdivisionName>	"subdivision name"@ja	<http://ja.wikipedia.org/wiki/白金_(東京都港区)>	<http://wikidata.dbpedia.org/resource/Q7498922>
<http://ja.dbpedia.org/resource/白金台>	"白金台"@ja	<http://dbpedia.org/ontology/Place>	<http://ja.dbpedia.org/property/subdivisionName>	"subdivision name"@ja	<http://ja.wikipedia.org/wiki/白金台>	<http://wikidata.dbpedia.org/resource/Q7498925>
<http://ja.dbpedia.org/resource/白金台>	"白金台"@ja	<http://dbpedia.org/ontology/Settlement>	<http://ja.dbpedia.org/property/subdivisionName>	"subdivision name"@ja	<http://ja.wikipedia.org/wiki/白金台>	<http://wikidata.dbpedia.org/resource/Q7498925>
<http://ja.dbpedia.org/resource/白金台>	"白金台"@ja	<http://dbpedia.org/ontology/Location>	<http://ja.dbpedia.org/property/subdivisionName>	"subdivision name"@ja	<http://ja.wikipedia.org/wiki/白金台>	<http://wikidata.dbpedia.org/resource/Q7498925>
<http://ja.dbpedia.org/resource/白金台>	"白金台"@ja	<http://dbpedia.org/ontology/PopulatedPlace>	<http://ja.dbpedia.org/property/subdivisionName>	"subdivision name"@ja	<http://ja.wikipedia.org/wiki/白金台>	<http://wikidata.dbpedia.org/resource/Q7498925>
<http://ja.dbpedia.org/resource/芝_(東京都港区)>	"芝 (東京都港区)"@ja	<http://dbpedia.org/ontology/Place>	<http://ja.dbpedia.org/property/subdivisionName>	"subdivision name"@ja	<http://ja.wikipedia.org/wiki/芝_(東京都港区)>	<http://wikidata.dbpedia.org/resource/Q2631862>
<http://ja.dbpedia.org/resource/芝_(東京都港区)>	"芝 (東京都港区)"@ja	<http://dbpedia.org/ontology/Settlement>	<http://ja.dbpedia.org/property/subdivisionName>	"subdivision name"@ja	<http://ja.wikipedia.org/wiki/芝_(東京都港区)>	<http://wikidata.dbpedia.org/resource/Q2631862>
<http://ja.dbpedia.org/resource/芝_(東京都港区)>	"芝 (東京都港区)"@ja	<http://dbpedia.org/ontology/Location>	<http://ja.dbpedia.org/property/subdivisionName>	"subdivision name"@ja	<http://ja.wikipedia.org/wiki/芝_(東京都港区)>	<http://wikidata.dbpedia.org/resource/Q2631862>
<http://ja.dbpedia.org/resource/芝_(東京都港区)>	"芝 (東京都港区)"@ja	<http://dbpedia.org/ontology/PopulatedPlace>	<http://ja.dbpedia.org/property/subdivisionName>	"subdivision name"@ja	<http://ja.wikipedia.org/wiki/芝_(東京都港区)>	<http://wikidata.dbpedia.org/resource/Q2631862>
<http://ja.dbpedia.org/resource/芝公園>	"芝公園"@ja	<http://dbpedia.org/ontology/Place>	<http://ja.dbpedia.org/property/subdivisionName>	"subdivision name"@ja	<http://ja.wikipedia.org/wiki/芝公園>	<http://wikidata.dbpedia.org/resource/Q3266956>
<http://ja.dbpedia.org/resource/芝公園>	"芝公園"@ja	<http://dbpedia.org/ontology/Park>	<http://ja.dbpedia.org/property/subdivisionName>	"subdivision name"@ja	<http://ja.wikipedia.org/wiki/芝公園>	<http://wikidata.dbpedia.org/resource/Q3266956>
<http://ja.dbpedia.org/resource/芝公園>	"芝公園"@ja	<http://dbpedia.org/ontology/Location>	<http://ja.dbpedia.org/property/subdivisionName>	"subdivision name"@ja	<http://ja.wikipedia.org/wiki/芝公園>	<http://wikidata.dbpedia.org/resource/Q3266956>
<http://ja.dbpedia.org/resource/芝大門>	"芝大門"@ja	<http://dbpedia.org/ontology/Location>	<http://ja.dbpedia.org/property/subdivisionName>	"subdivision name"@ja	<http://ja.wikipedia.org/wiki/芝大門>	<http://wikidata.dbpedia.org/resource/Q11614621>
<http://ja.dbpedia.org/resource/芝大門>	"芝大門"@ja	<http://dbpedia.org/ontology/PopulatedPlace>	<http://ja.dbpedia.org/property/subdivisionName>	"subdivision name"@ja	<http://ja.wikipedia.org/wiki/芝大門>	<http://wikidata.dbpedia.org/resource/Q11614621>
<http://ja.dbpedia.org/resource/芝大門>	"芝大門"@ja	<http://dbpedia.org/ontology/Settlement>	<http://ja.dbpedia.org/property/subdivisionName>	"subdivision name"@ja	<http://ja.wikipedia.org/wiki/芝大門>	<http://wikidata.dbpedia.org/resource/Q11614621>
<http://ja.dbpedia.org/resource/芝大門>	"芝大門"@ja	<http://dbpedia.org/ontology/Place>	<http://ja.dbpedia.org/property/subdivisionName>	"subdivision name"@ja	<http://ja.wikipedia.org/wiki/芝大門>	<http://wikidata.dbpedia.org/resource/Q11614621>
<http://ja.dbpedia.org/resource/芝浦>	"芝浦"@ja	<http://dbpedia.org/ontology/PopulatedPlace>	<http://ja.dbpedia.org/property/subdivisionName>	"subdivision name"@ja	<http://ja.wikipedia.org/wiki/芝浦>	<http://wikidata.dbpedia.org/resource/Q13489497>
<http://ja.dbpedia.org/resource/芝浦>	"芝浦"@ja	<http://dbpedia.org/ontology/Location>	<http://ja.dbpedia.org/property/subdivisionName>	"subdivision name"@ja	<http://ja.wikipedia.org/wiki/芝浦>	<http://wikidata.dbpedia.org/resource/Q13489497>
<http://ja.dbpedia.org/resource/芝浦>	"芝浦"@ja	<http://dbpedia.org/ontology/Place>	<http://ja.dbpedia.org/property/subdivisionName>	"subdivision name"@ja	<http://ja.wikipedia.org/wiki/芝浦>	<http://wikidata.dbpedia.org/resource/Q13489497>
<http://ja.dbpedia.org/resource/芝浦>	"芝浦"@ja	<http://dbpedia.org/ontology/Settlement>	<http://ja.dbpedia.org/property/subdivisionName>	"subdivision name"@ja	<http://ja.wikipedia.org/wiki/芝浦>	<http://wikidata.dbpedia.org/resource/Q13489497>
<http://ja.dbpedia.org/resource/菊地正彦>	"菊地正彦"@ja	<http://dbpedia.org/ontology/Person>	<http://ja.dbpedia.org/property/選挙区>	"選挙区"@ja	<http://ja.wikipedia.org/wiki/菊地正彦>	<http://wikidata.dbpedia.org/resource/Q11619583>
<http://ja.dbpedia.org/resource/菊地正彦>	"菊地正彦"@ja	<http://dbpedia.org/ontology/Species>	<http://ja.dbpedia.org/property/選挙区>	"選挙区"@ja	<http://ja.wikipedia.org/wiki/菊地正彦>	<http://wikidata.dbpedia.org/resource/Q11619583>
<http://ja.dbpedia.org/resource/菊地正彦>	"菊地正彦"@ja	<http://dbpedia.org/ontology/Eukaryote>	<http://ja.dbpedia.org/property/選挙区>	"選挙区"@ja	<http://ja.wikipedia.org/wiki/菊地正彦>	<http://wikidata.dbpedia.org/resource/Q11619583>
<http://ja.dbpedia.org/resource/菊地正彦>	"菊地正彦"@ja	<http://dbpedia.org/ontology/Politician>	<http://ja.dbpedia.org/property/選挙区>	"選挙区"@ja	<http://ja.wikipedia.org/wiki/菊地正彦>	<http://wikidata.dbpedia.org/resource/Q11619583>
<http://ja.dbpedia.org/resource/菊地正彦>	"菊地正彦"@ja	<http://dbpedia.org/ontology/Animal>	<http://ja.dbpedia.org/property/選挙区>	"選挙区"@ja	<http://ja.wikipedia.org/wiki/菊地正彦>	<http://wikidata.dbpedia.org/resource/Q11619583>
<http://ja.dbpedia.org/resource/虎ノ門>	"虎ノ門"@ja	<http://dbpedia.org/ontology/Settlement>	<http://ja.dbpedia.org/property/subdivisionName>	"subdivision name"@ja	<http://ja.wikipedia.org/wiki/虎ノ門>	<http://wikidata.dbpedia.org/resource/Q7825412>
<http://ja.dbpedia.org/resource/虎ノ門>	"虎ノ門"@ja	<http://dbpedia.org/ontology/Place>	<http://ja.dbpedia.org/property/subdivisionName>	"subdivision name"@ja	<http://ja.wikipedia.org/wiki/虎ノ門>	<http://wikidata.dbpedia.org/resource/Q7825412>
<http://ja.dbpedia.org/resource/虎ノ門>	"虎ノ門"@ja	<http://dbpedia.org/ontology/Location>	<http://ja.dbpedia.org/property/subdivisionName>	"subdivision name"@ja	<http://ja.wikipedia.org/wiki/虎ノ門>	<http://wikidata.dbpedia.org/resource/Q7825412>
<http://ja.dbpedia.org/resource/虎ノ門>	"虎ノ門"@ja	<http://dbpedia.org/ontology/PopulatedPlace>	<http://ja.dbpedia.org/property/subdivisionName>	"subdivision name"@ja	<http://ja.wikipedia.org/wiki/虎ノ門>	<http://wikidata.dbpedia.org/resource/Q7825412>
<http://ja.dbpedia.org/resource/蝶乃舞>	"蝶乃舞"@ja	<http://dbpedia.org/ontology/Person>	<http://ja.dbpedia.org/property/birthPlace>	"birth place"@ja	<http://ja.wikipedia.org/wiki/蝶乃舞>	<http://wikidata.dbpedia.org/resource/Q105670842>
<http://ja.dbpedia.org/resource/蝶乃舞>	"蝶乃舞"@ja	<http://dbpedia.org/ontology/Eukaryote>	<http://ja.dbpedia.org/property/birthPlace>	"birth place"@ja	<http://ja.wikipedia.org/wiki/蝶乃舞>	<http://wikidata.dbpedia.org/resource/Q105670842>
<http://ja.dbpedia.org/resource/蝶乃舞>	"蝶乃舞"@ja	<http://dbpedia.org/ontology/Animal>	<http://ja.dbpedia.org/property/birthPlace>	"birth place"@ja	<http://ja.wikipedia.org/wiki/蝶乃舞>	<http://wikidata.dbpedia.org/resource/Q105670842>
<http://ja.dbpedia.org/resource/蝶乃舞>	"蝶乃舞"@ja	<http://dbpedia.org/ontology/Actor>	<http://ja.dbpedia.org/property/birthPlace>	"birth place"@ja	<http://ja.wikipedia.org/wiki/蝶乃舞>	<http://wikidata.dbpedia.org/resource/Q105670842>
<http://ja.dbpedia.org/resource/蝶乃舞>	"蝶乃舞"@ja	<http://dbpedia.org/ontology/Artist>	<http://ja.dbpedia.org/property/birthPlace>	"birth place"@ja	<http://ja.wikipedia.org/wiki/蝶乃舞>	<http://wikidata.dbpedia.org/resource/Q105670842>
<http://ja.dbpedia.org/resource/蝶乃舞>	"蝶乃舞"@ja	<http://dbpedia.org/ontology/Species>	<http://ja.dbpedia.org/property/birthPlace>	"birth place"@ja	<http://ja.wikipedia.org/wiki/蝶乃舞>	<http://wikidata.dbpedia.org/resource/Q105670842>
<http://ja.dbpedia.org/resource/西新橋>	"西新橋"@ja	<http://dbpedia.org/ontology/Place>	<http://ja.dbpedia.org/property/subdivisionName>	"subdivision name"@ja	<http://ja.wikipedia.org/wiki/西新橋>	<http://wikidata.dbpedia.org/resource/Q7040402>
<http://ja.dbpedia.org/resource/西新橋>	"西新橋"@ja	<http://dbpedia.org/ontology/Settlement>	<http://ja.dbpedia.org/property/subdivisionName>	"subdivision name"@ja	<http://ja.wikipedia.org/wiki/西新橋>	<http://wikidata.dbpedia.org/resource/Q7040402>
<http://ja.dbpedia.org/resource/西新橋>	"西新橋"@ja	<http://dbpedia.org/ontology/Location>	<http://ja.dbpedia.org/property/subdivisionName>	"subdivision name"@ja	<http://ja.wikipedia.org/wiki/西新橋>	<http://wikidata.dbpedia.org/resource/Q7040402>
<http://ja.dbpedia.org/resource/西新橋>	"西新橋"@ja	<http://dbpedia.org/ontology/PopulatedPlace>	<http://ja.dbpedia.org/property/subdivisionName>	"subdivision name"@ja	<http://ja.wikipedia.org/wiki/西新橋>	<http://wikidata.dbpedia.org/resource/Q7040402>
<http://ja.dbpedia.org/resource/西麻布>	"西麻布"@ja	<http://dbpedia.org/ontology/Location>	<http://ja.dbpedia.org/property/subdivisionName>	"subdivision name"@ja	<http://ja.wikipedia.org/wiki/西麻布>	<http://wikidata.dbpedia.org/resource/Q5358662>
<http://ja.dbpedia.org/resource/西麻布>	"西麻布"@ja	<http://dbpedia.org/ontology/PopulatedPlace>	<http://ja.dbpedia.org/property/subdivisionName>	"subdivision name"@ja	<http://ja.wikipedia.org/wiki/西麻布>	<http://wikidata.dbpedia.org/resource/Q5358662>
<http://ja.dbpedia.org/resource/西麻布>	"西麻布"@ja	<http://dbpedia.org/ontology/Settlement>	<http://ja.dbpedia.org/property/subdivisionName>	"subdivision name"@ja	<http://ja.wikipedia.org/wiki/西麻布>	<http://wikidata.dbpedia.org/resource/Q5358662>
<http://ja.dbpedia.org/resource/西麻布>	"西麻布"@ja	<http://dbpedia.org/ontology/Place>	<http://ja.dbpedia.org/property/subdivisionName>	"subdivision name"@ja	<http://ja.wikipedia.org/wiki/西麻布>	<http://wikidata.dbpedia.org/resource/Q5358662>
<http://ja.dbpedia.org/resource/赤坂_(東京都港区)>	"赤坂 (東京都港区)"@ja	<http://dbpedia.org/ontology/Location>	<http://ja.dbpedia.org/property/subdivisionName>	"subdivision name"@ja	<http://ja.wikipedia.org/wiki/赤坂_(東京都港区)>	<http://wikidata.dbpedia.org/resource/Q416131>
<http://ja.dbpedia.org/resource/赤坂_(東京都港区)>	"赤坂 (東京都港区)"@ja	<http://dbpedia.org/ontology/PopulatedPlace>	<http://ja.dbpedia.org/property/subdivisionName>	"subdivision name"@ja	<http://ja.wikipedia.org/wiki/赤坂_(東京都港区)>	<http://wikidata.dbpedia.org/resource/Q416131>
<http://ja.dbpedia.org/resource/赤坂_(東京都港区)>	"赤坂 (東京都港区)"@ja	<http://dbpedia.org/ontology/Settlement>	<http://ja.dbpedia.org/property/subdivisionName>	"subdivision name"@ja	<http://ja.wikipedia.org/wiki/赤坂_(東京都港区)>	<http://wikidata.dbpedia.org/resource/Q416131>
<http://ja.dbpedia.org/resource/赤坂_(東京都港区)>	"赤坂 (東京都港区)"@ja	<http://dbpedia.org/ontology/Place>	<http://ja.dbpedia.org/property/subdivisionName>	"subdivision name"@ja	<http://ja.wikipedia.org/wiki/赤坂_(東京都港区)>	<http://wikidata.dbpedia.org/resource/Q416131>
<http://ja.dbpedia.org/resource/赤坂区>	"赤坂区"@ja	<http://dbpedia.org/ontology/PopulatedPlace>	<http://ja.dbpedia.org/property/現在の自治体>	"現在の自治体"@ja	<http://ja.wikipedia.org/wiki/赤坂区>	<http://wikidata.dbpedia.org/resource/Q11635404>
<http://ja.dbpedia.org/resource/赤坂区>	"赤坂区"@ja	<http://dbpedia.org/ontology/Settlement>	<http://ja.dbpedia.org/property/現在の自治体>	"現在の自治体"@ja	<http://ja.wikipedia.org/wiki/赤坂区>	<http://wikidata.dbpedia.org/resource/Q11635404>
<http://ja.dbpedia.org/resource/赤坂区>	"赤坂区"@ja	<http://dbpedia.org/ontology/Location>	<http://ja.dbpedia.org/property/現在の自治体>	"現在の自治体"@ja	<http://ja.wikipedia.org/wiki/赤坂区>	<http://wikidata.dbpedia.org/resource/Q11635404>
<http://ja.dbpedia.org/resource/赤坂区>	"赤坂区"@ja	<http://dbpedia.org/ontology/City>	<http://ja.dbpedia.org/property/現在の自治体>	"現在の自治体"@ja	<http://ja.wikipedia.org/wiki/赤坂区>	<http://wikidata.dbpedia.org/resource/Q11635404>
<http://ja.dbpedia.org/resource/赤坂区>	"赤坂区"@ja	<http://dbpedia.org/ontology/Place>	<http://ja.dbpedia.org/property/現在の自治体>	"現在の自治体"@ja	<http://ja.wikipedia.org/wiki/赤坂区>	<http://wikidata.dbpedia.org/resource/Q11635404>
<http://ja.dbpedia.org/resource/面高昌義>	"面高昌義"@ja	<http://dbpedia.org/ontology/Species>	<http://ja.dbpedia.org/property/死没地>	"死没地"@ja	<http://ja.wikipedia.org/wiki/面高昌義>	<http://wikidata.dbpedia.org/resource/Q11663813>
<http://ja.dbpedia.org/resource/面高昌義>	"面高昌義"@ja	<http://dbpedia.org/ontology/Animal>	<http://ja.dbpedia.org/property/死没地>	"死没地"@ja	<http://ja.wikipedia.org/wiki/面高昌義>	<http://wikidata.dbpedia.org/resource/Q11663813>
<http://ja.dbpedia.org/resource/面高昌義>	"面高昌義"@ja	<http://dbpedia.org/ontology/Person>	<http://ja.dbpedia.org/property/死没地>	"死没地"@ja	<http://ja.wikipedia.org/wiki/面高昌義>	<http://wikidata.dbpedia.org/resource/Q11663813>
<http://ja.dbpedia.org/resource/面高昌義>	"面高昌義"@ja	<http://dbpedia.org/ontology/Eukaryote>	<http://ja.dbpedia.org/property/死没地>	"死没地"@ja	<http://ja.wikipedia.org/wiki/面高昌義>	<http://wikidata.dbpedia.org/resource/Q11663813>
<http://ja.dbpedia.org/resource/高輪>	"高輪"@ja	<http://dbpedia.org/ontology/Location>	<http://ja.dbpedia.org/property/subdivisionName>	"subdivision name"@ja	<http://ja.wikipedia.org/wiki/高輪>	<http://wikidata.dbpedia.org/resource/Q2749804>
<http://ja.dbpedia.org/resource/高輪>	"高輪"@ja	<http://dbpedia.org/ontology/PopulatedPlace>	<http://ja.dbpedia.org/property/subdivisionName>	"subdivision name"@ja	<http://ja.wikipedia.org/wiki/高輪>	<http://wikidata.dbpedia.org/resource/Q2749804>
<http://ja.dbpedia.org/resource/高輪>	"高輪"@ja	<http://dbpedia.org/ontology/Settlement>	<http://ja.dbpedia.org/property/subdivisionName>	"subdivision name"@ja	<http://ja.wikipedia.org/wiki/高輪>	<http://wikidata.dbpedia.org/resource/Q2749804>
<http://ja.dbpedia.org/resource/高輪>	"高輪"@ja	<http://dbpedia.org/ontology/Place>	<http://ja.dbpedia.org/property/subdivisionName>	"subdivision name"@ja	<http://ja.wikipedia.org/wiki/高輪>	<http://wikidata.dbpedia.org/resource/Q2749804>
<http://ja.dbpedia.org/resource/麻布区>	"麻布区"@ja	<http://dbpedia.org/ontology/Place>	<http://ja.dbpedia.org/property/現在の自治体>	"現在の自治体"@ja	<http://ja.wikipedia.org/wiki/麻布区>	<http://wikidata.dbpedia.org/resource/Q11677479>
<http://ja.dbpedia.org/resource/麻布区>	"麻布区"@ja	<http://dbpedia.org/ontology/City>	<http://ja.dbpedia.org/property/現在の自治体>	"現在の自治体"@ja	<http://ja.wikipedia.org/wiki/麻布区>	<http://wikidata.dbpedia.org/resource/Q11677479>
<http://ja.dbpedia.org/resource/麻布区>	"麻布区"@ja	<http://dbpedia.org/ontology/Settlement>	<http://ja.dbpedia.org/property/現在の自治体>	"現在の自治体"@ja	<http://ja.wikipedia.org/wiki/麻布区>	<http://wikidata.dbpedia.org/resource/Q11677479>
<http://ja.dbpedia.org/resource/麻布区>	"麻布区"@ja	<http://dbpedia.org/ontology/PopulatedPlace>	<http://ja.dbpedia.org/property/現在の自治体>	"現在の自治体"@ja	<http://ja.wikipedia.org/wiki/麻布区>	<http://wikidata.dbpedia.org/resource/Q11677479>
<http://ja.dbpedia.org/resource/麻布区>	"麻布区"@ja	<http://dbpedia.org/ontology/Location>	<http://ja.dbpedia.org/property/現在の自治体>	"現在の自治体"@ja	<http://ja.wikipedia.org/wiki/麻布区>	<http://wikidata.dbpedia.org/resource/Q11677479>
<http://ja.dbpedia.org/resource/麻布十番>	"麻布十番"@ja	<http://dbpedia.org/ontology/PopulatedPlace>	<http://ja.dbpedia.org/property/subdivisionName>	"subdivision name"@ja	<http://ja.wikipedia.org/wiki/麻布十番>	<http://wikidata.dbpedia.org/resource/Q4832008>
<http://ja.dbpedia.org/resource/麻布十番>	"麻布十番"@ja	<http://dbpedia.org/ontology/Location>	<http://ja.dbpedia.org/property/subdivisionName>	"subdivision name"@ja	<http://ja.wikipedia.org/wiki/麻布十番>	<http://wikidata.dbpedia.org/resource/Q4832008>
<http://ja.dbpedia.org/resource/麻布十番>	"麻布十番"@ja	<http://dbpedia.org/ontology/Settlement>	<http://ja.dbpedia.org/property/subdivisionName>	"subdivision name"@ja	<http://ja.wikipedia.org/wiki/麻布十番>	<http://wikidata.dbpedia.org/resource/Q4832008>
<http://ja.dbpedia.org/resource/麻布十番>	"麻布十番"@ja	<http://dbpedia.org/ontology/Place>	<http://ja.dbpedia.org/property/subdivisionName>	"subdivision name"@ja	<http://ja.wikipedia.org/wiki/麻布十番>	<http://wikidata.dbpedia.org/resource/Q4832008>
<http://ja.dbpedia.org/resource/麻布台>	"麻布台"@ja	<http://dbpedia.org/ontology/PopulatedPlace>	<http://ja.dbpedia.org/property/subdivisionName>	"subdivision name"@ja	<http://ja.wikipedia.org/wiki/麻布台>	<http://wikidata.dbpedia.org/resource/Q4832010>
<http://ja.dbpedia.org/resource/麻布台>	"麻布台"@ja	<http://dbpedia.org/ontology/Location>	<http://ja.dbpedia.org/property/subdivisionName>	"subdivision name"@ja	<http://ja.wikipedia.org/wiki/麻布台>	<http://wikidata.dbpedia.org/resource/Q4832010>
<http://ja.dbpedia.org/resource/麻布台>	"麻布台"@ja	<http://dbpedia.org/ontology/Settlement>	<http://ja.dbpedia.org/property/subdivisionName>	"subdivision name"@ja	<http://ja.wikipedia.org/wiki/麻布台>	<http://wikidata.dbpedia.org/resource/Q4832010>
<http://ja.dbpedia.org/resource/麻布台>	"麻布台"@ja	<http://dbpedia.org/ontology/Place>	<http://ja.dbpedia.org/property/subdivisionName>	"subdivision name"@ja	<http://ja.wikipedia.org/wiki/麻布台>	<http://wikidata.dbpedia.org/resource/Q4832010>
<http://ja.dbpedia.org/resource/麻布永坂町>	"麻布永坂町"@ja	<http://dbpedia.org/ontology/PopulatedPlace>	<http://ja.dbpedia.org/property/subdivisionName>	"subdivision name"@ja	<http://ja.wikipedia.org/wiki/麻布永坂町>	<http://wikidata.dbpedia.org/resource/Q4832007>
<http://ja.dbpedia.org/resource/麻布永坂町>	"麻布永坂町"@ja	<http://dbpedia.org/ontology/Location>	<http://ja.dbpedia.org/property/subdivisionName>	"subdivision name"@ja	<http://ja.wikipedia.org/wiki/麻布永坂町>	<http://wikidata.dbpedia.org/resource/Q4832007>
<http://ja.dbpedia.org/resource/麻布永坂町>	"麻布永坂町"@ja	<http://dbpedia.org/ontology/Place>	<http://ja.dbpedia.org/property/subdivisionName>	"subdivision name"@ja	<http://ja.wikipedia.org/wiki/麻布永坂町>	<http://wikidata.dbpedia.org/resource/Q4832007>
<http://ja.dbpedia.org/resource/麻布永坂町>	"麻布永坂町"@ja	<http://dbpedia.org/ontology/Settlement>	<http://ja.dbpedia.org/property/subdivisionName>	"subdivision name"@ja	<http://ja.wikipedia.org/wiki/麻布永坂町>	<http://wikidata.dbpedia.org/resource/Q4832007>
<http://ja.dbpedia.org/resource/麻布狸穴町>	"麻布狸穴町"@ja	<http://dbpedia.org/ontology/Location>	<http://ja.dbpedia.org/property/subdivisionName>	"subdivision name"@ja	<http://ja.wikipedia.org/wiki/麻布狸穴町>	<http://wikidata.dbpedia.org/resource/Q2875066>
<http://ja.dbpedia.org/resource/麻布狸穴町>	"麻布狸穴町"@ja	<http://dbpedia.org/ontology/PopulatedPlace>	<http://ja.dbpedia.org/property/subdivisionName>	"subdivision name"@ja	<http://ja.wikipedia.org/wiki/麻布狸穴町>	<http://wikidata.dbpedia.org/resource/Q2875066>
<http://ja.dbpedia.org/resource/麻布狸穴町>	"麻布狸穴町"@ja	<http://dbpedia.org/ontology/Settlement>	<http://ja.dbpedia.org/property/subdivisionName>	"subdivision name"@ja	<http://ja.wikipedia.org/wiki/麻布狸穴町>	<http://wikidata.dbpedia.org/resource/Q2875066>
<http://ja.dbpedia.org/resource/麻布狸穴町>	"麻布狸穴町"@ja	<http://dbpedia.org/ontology/Place>	<http://ja.dbpedia.org/property/subdivisionName>	"subdivision name"@ja	<http://ja.wikipedia.org/wiki/麻布狸穴町>	<http://wikidata.dbpedia.org/resource/Q2875066>
