?s	?sLabel	?type	?p	?pLabel	?jwiki	?wd
<http://ja.dbpedia.org/resource/らくらくゴーゴー!>	"らくらくゴーゴー!"@ja	<http://dbpedia.org/ontology/TelevisionShow>	<http://ja.dbpedia.org/property/画像説明>	"画像説明"@ja	<http://ja.wikipedia.org/wiki/らくらくゴーゴー!>	<http://wikidata.dbpedia.org/resource/Q11281299>
<http://ja.dbpedia.org/resource/らくらくゴーゴー!>	"らくらくゴーゴー!"@ja	<http://dbpedia.org/ontology/Work>	<http://ja.dbpedia.org/property/画像説明>	"画像説明"@ja	<http://ja.wikipedia.org/wiki/らくらくゴーゴー!>	<http://wikidata.dbpedia.org/resource/Q11281299>
<http://ja.dbpedia.org/resource/三好_(江東区)>	"三好 (江東区)"@ja	<http://dbpedia.org/ontology/Settlement>	<http://ja.dbpedia.org/property/subdivisionName>	"subdivision name"@ja	<http://ja.wikipedia.org/wiki/三好_(江東区)>	<http://wikidata.dbpedia.org/resource/Q11354848>
<http://ja.dbpedia.org/resource/三好_(江東区)>	"三好 (江東区)"@ja	<http://dbpedia.org/ontology/Place>	<http://ja.dbpedia.org/property/subdivisionName>	"subdivision name"@ja	<http://ja.wikipedia.org/wiki/三好_(江東区)>	<http://wikidata.dbpedia.org/resource/Q11354848>
<http://ja.dbpedia.org/resource/三好_(江東区)>	"三好 (江東区)"@ja	<http://dbpedia.org/ontology/Location>	<http://ja.dbpedia.org/property/subdivisionName>	"subdivision name"@ja	<http://ja.wikipedia.org/wiki/三好_(江東区)>	<http://wikidata.dbpedia.org/resource/Q11354848>
<http://ja.dbpedia.org/resource/三好_(江東区)>	"三好 (江東区)"@ja	<http://dbpedia.org/ontology/PopulatedPlace>	<http://ja.dbpedia.org/property/subdivisionName>	"subdivision name"@ja	<http://ja.wikipedia.org/wiki/三好_(江東区)>	<http://wikidata.dbpedia.org/resource/Q11354848>
<http://ja.dbpedia.org/resource/亀戸>	"亀戸"@ja	<http://dbpedia.org/ontology/Place>	<http://ja.dbpedia.org/property/subdivisionName>	"subdivision name"@ja	<http://ja.wikipedia.org/wiki/亀戸>	<http://wikidata.dbpedia.org/resource/Q11370950>
<http://ja.dbpedia.org/resource/亀戸>	"亀戸"@ja	<http://dbpedia.org/ontology/Settlement>	<http://ja.dbpedia.org/property/subdivisionName>	"subdivision name"@ja	<http://ja.wikipedia.org/wiki/亀戸>	<http://wikidata.dbpedia.org/resource/Q11370950>
<http://ja.dbpedia.org/resource/亀戸>	"亀戸"@ja	<http://dbpedia.org/ontology/Location>	<http://ja.dbpedia.org/property/subdivisionName>	"subdivision name"@ja	<http://ja.wikipedia.org/wiki/亀戸>	<http://wikidata.dbpedia.org/resource/Q11370950>
<http://ja.dbpedia.org/resource/亀戸>	"亀戸"@ja	<http://dbpedia.org/ontology/PopulatedPlace>	<http://ja.dbpedia.org/property/subdivisionName>	"subdivision name"@ja	<http://ja.wikipedia.org/wiki/亀戸>	<http://wikidata.dbpedia.org/resource/Q11370950>
<http://ja.dbpedia.org/resource/住吉_(江東区)>	"住吉 (江東区)"@ja	<http://dbpedia.org/ontology/Place>	<http://ja.dbpedia.org/property/subdivisionName>	"subdivision name"@ja	<http://ja.wikipedia.org/wiki/住吉_(江東区)>	<http://wikidata.dbpedia.org/resource/Q11381802>
<http://ja.dbpedia.org/resource/住吉_(江東区)>	"住吉 (江東区)"@ja	<http://dbpedia.org/ontology/Settlement>	<http://ja.dbpedia.org/property/subdivisionName>	"subdivision name"@ja	<http://ja.wikipedia.org/wiki/住吉_(江東区)>	<http://wikidata.dbpedia.org/resource/Q11381802>
<http://ja.dbpedia.org/resource/住吉_(江東区)>	"住吉 (江東区)"@ja	<http://dbpedia.org/ontology/Location>	<http://ja.dbpedia.org/property/subdivisionName>	"subdivision name"@ja	<http://ja.wikipedia.org/wiki/住吉_(江東区)>	<http://wikidata.dbpedia.org/resource/Q11381802>
<http://ja.dbpedia.org/resource/住吉_(江東区)>	"住吉 (江東区)"@ja	<http://dbpedia.org/ontology/PopulatedPlace>	<http://ja.dbpedia.org/property/subdivisionName>	"subdivision name"@ja	<http://ja.wikipedia.org/wiki/住吉_(江東区)>	<http://wikidata.dbpedia.org/resource/Q11381802>
<http://ja.dbpedia.org/resource/佐賀_(江東区)>	"佐賀 (江東区)"@ja	<http://dbpedia.org/ontology/Location>	<http://ja.dbpedia.org/property/subdivisionName>	"subdivision name"@ja	<http://ja.wikipedia.org/wiki/佐賀_(江東区)>	<http://wikidata.dbpedia.org/resource/Q11384604>
<http://ja.dbpedia.org/resource/佐賀_(江東区)>	"佐賀 (江東区)"@ja	<http://dbpedia.org/ontology/PopulatedPlace>	<http://ja.dbpedia.org/property/subdivisionName>	"subdivision name"@ja	<http://ja.wikipedia.org/wiki/佐賀_(江東区)>	<http://wikidata.dbpedia.org/resource/Q11384604>
<http://ja.dbpedia.org/resource/佐賀_(江東区)>	"佐賀 (江東区)"@ja	<http://dbpedia.org/ontology/Settlement>	<http://ja.dbpedia.org/property/subdivisionName>	"subdivision name"@ja	<http://ja.wikipedia.org/wiki/佐賀_(江東区)>	<http://wikidata.dbpedia.org/resource/Q11384604>
<http://ja.dbpedia.org/resource/佐賀_(江東区)>	"佐賀 (江東区)"@ja	<http://dbpedia.org/ontology/Place>	<http://ja.dbpedia.org/property/subdivisionName>	"subdivision name"@ja	<http://ja.wikipedia.org/wiki/佐賀_(江東区)>	<http://wikidata.dbpedia.org/resource/Q11384604>
<http://ja.dbpedia.org/resource/冬木>	"冬木"@ja	<http://dbpedia.org/ontology/Place>	<http://ja.dbpedia.org/property/subdivisionName>	"subdivision name"@ja	<http://ja.wikipedia.org/wiki/冬木>	<http://wikidata.dbpedia.org/resource/Q11395236>
<http://ja.dbpedia.org/resource/冬木>	"冬木"@ja	<http://dbpedia.org/ontology/Settlement>	<http://ja.dbpedia.org/property/subdivisionName>	"subdivision name"@ja	<http://ja.wikipedia.org/wiki/冬木>	<http://wikidata.dbpedia.org/resource/Q11395236>
<http://ja.dbpedia.org/resource/冬木>	"冬木"@ja	<http://dbpedia.org/ontology/Location>	<http://ja.dbpedia.org/property/subdivisionName>	"subdivision name"@ja	<http://ja.wikipedia.org/wiki/冬木>	<http://wikidata.dbpedia.org/resource/Q11395236>
<http://ja.dbpedia.org/resource/冬木>	"冬木"@ja	<http://dbpedia.org/ontology/PopulatedPlace>	<http://ja.dbpedia.org/property/subdivisionName>	"subdivision name"@ja	<http://ja.wikipedia.org/wiki/冬木>	<http://wikidata.dbpedia.org/resource/Q11395236>
<http://ja.dbpedia.org/resource/北砂>	"北砂"@ja	<http://dbpedia.org/ontology/Location>	<http://ja.dbpedia.org/property/subdivisionName>	"subdivision name"@ja	<http://ja.wikipedia.org/wiki/北砂>	<http://wikidata.dbpedia.org/resource/Q11403882>
<http://ja.dbpedia.org/resource/北砂>	"北砂"@ja	<http://dbpedia.org/ontology/PopulatedPlace>	<http://ja.dbpedia.org/property/subdivisionName>	"subdivision name"@ja	<http://ja.wikipedia.org/wiki/北砂>	<http://wikidata.dbpedia.org/resource/Q11403882>
<http://ja.dbpedia.org/resource/北砂>	"北砂"@ja	<http://dbpedia.org/ontology/Settlement>	<http://ja.dbpedia.org/property/subdivisionName>	"subdivision name"@ja	<http://ja.wikipedia.org/wiki/北砂>	<http://wikidata.dbpedia.org/resource/Q11403882>
<http://ja.dbpedia.org/resource/北砂>	"北砂"@ja	<http://dbpedia.org/ontology/Place>	<http://ja.dbpedia.org/property/subdivisionName>	"subdivision name"@ja	<http://ja.wikipedia.org/wiki/北砂>	<http://wikidata.dbpedia.org/resource/Q11403882>
<http://ja.dbpedia.org/resource/千田_(江東区)>	"千田 (江東区)"@ja	<http://dbpedia.org/ontology/Location>	<http://ja.dbpedia.org/property/subdivisionName>	"subdivision name"@ja	<http://ja.wikipedia.org/wiki/千田_(江東区)>	<http://wikidata.dbpedia.org/resource/Q11405701>
<http://ja.dbpedia.org/resource/千田_(江東区)>	"千田 (江東区)"@ja	<http://dbpedia.org/ontology/PopulatedPlace>	<http://ja.dbpedia.org/property/subdivisionName>	"subdivision name"@ja	<http://ja.wikipedia.org/wiki/千田_(江東区)>	<http://wikidata.dbpedia.org/resource/Q11405701>
<http://ja.dbpedia.org/resource/千田_(江東区)>	"千田 (江東区)"@ja	<http://dbpedia.org/ontology/Settlement>	<http://ja.dbpedia.org/property/subdivisionName>	"subdivision name"@ja	<http://ja.wikipedia.org/wiki/千田_(江東区)>	<http://wikidata.dbpedia.org/resource/Q11405701>
<http://ja.dbpedia.org/resource/千田_(江東区)>	"千田 (江東区)"@ja	<http://dbpedia.org/ontology/Place>	<http://ja.dbpedia.org/property/subdivisionName>	"subdivision name"@ja	<http://ja.wikipedia.org/wiki/千田_(江東区)>	<http://wikidata.dbpedia.org/resource/Q11405701>
<http://ja.dbpedia.org/resource/千石_(江東区)>	"千石 (江東区)"@ja	<http://dbpedia.org/ontology/PopulatedPlace>	<http://ja.dbpedia.org/property/subdivisionName>	"subdivision name"@ja	<http://ja.wikipedia.org/wiki/千石_(江東区)>	<http://wikidata.dbpedia.org/resource/Q11405772>
<http://ja.dbpedia.org/resource/千石_(江東区)>	"千石 (江東区)"@ja	<http://dbpedia.org/ontology/Location>	<http://ja.dbpedia.org/property/subdivisionName>	"subdivision name"@ja	<http://ja.wikipedia.org/wiki/千石_(江東区)>	<http://wikidata.dbpedia.org/resource/Q11405772>
<http://ja.dbpedia.org/resource/千石_(江東区)>	"千石 (江東区)"@ja	<http://dbpedia.org/ontology/Place>	<http://ja.dbpedia.org/property/subdivisionName>	"subdivision name"@ja	<http://ja.wikipedia.org/wiki/千石_(江東区)>	<http://wikidata.dbpedia.org/resource/Q11405772>
<http://ja.dbpedia.org/resource/千石_(江東区)>	"千石 (江東区)"@ja	<http://dbpedia.org/ontology/Settlement>	<http://ja.dbpedia.org/property/subdivisionName>	"subdivision name"@ja	<http://ja.wikipedia.org/wiki/千石_(江東区)>	<http://wikidata.dbpedia.org/resource/Q11405772>
<http://ja.dbpedia.org/resource/南砂>	"南砂"@ja	<http://dbpedia.org/ontology/Place>	<http://ja.dbpedia.org/property/subdivisionName>	"subdivision name"@ja	<http://ja.wikipedia.org/wiki/南砂>	<http://wikidata.dbpedia.org/resource/Q11408313>
<http://ja.dbpedia.org/resource/南砂>	"南砂"@ja	<http://dbpedia.org/ontology/Settlement>	<http://ja.dbpedia.org/property/subdivisionName>	"subdivision name"@ja	<http://ja.wikipedia.org/wiki/南砂>	<http://wikidata.dbpedia.org/resource/Q11408313>
<http://ja.dbpedia.org/resource/南砂>	"南砂"@ja	<http://dbpedia.org/ontology/Location>	<http://ja.dbpedia.org/property/subdivisionName>	"subdivision name"@ja	<http://ja.wikipedia.org/wiki/南砂>	<http://wikidata.dbpedia.org/resource/Q11408313>
<http://ja.dbpedia.org/resource/南砂>	"南砂"@ja	<http://dbpedia.org/ontology/PopulatedPlace>	<http://ja.dbpedia.org/property/subdivisionName>	"subdivision name"@ja	<http://ja.wikipedia.org/wiki/南砂>	<http://wikidata.dbpedia.org/resource/Q11408313>
<http://ja.dbpedia.org/resource/古石場>	"古石場"@ja	<http://dbpedia.org/ontology/Location>	<http://ja.dbpedia.org/property/subdivisionName>	"subdivision name"@ja	<http://ja.wikipedia.org/wiki/古石場>	<http://wikidata.dbpedia.org/resource/Q11411550>
<http://ja.dbpedia.org/resource/古石場>	"古石場"@ja	<http://dbpedia.org/ontology/PopulatedPlace>	<http://ja.dbpedia.org/property/subdivisionName>	"subdivision name"@ja	<http://ja.wikipedia.org/wiki/古石場>	<http://wikidata.dbpedia.org/resource/Q11411550>
<http://ja.dbpedia.org/resource/古石場>	"古石場"@ja	<http://dbpedia.org/ontology/Settlement>	<http://ja.dbpedia.org/property/subdivisionName>	"subdivision name"@ja	<http://ja.wikipedia.org/wiki/古石場>	<http://wikidata.dbpedia.org/resource/Q11411550>
<http://ja.dbpedia.org/resource/古石場>	"古石場"@ja	<http://dbpedia.org/ontology/Place>	<http://ja.dbpedia.org/property/subdivisionName>	"subdivision name"@ja	<http://ja.wikipedia.org/wiki/古石場>	<http://wikidata.dbpedia.org/resource/Q11411550>
<http://ja.dbpedia.org/resource/坂部広勝>	"坂部広勝"@ja	<http://dbpedia.org/ontology/Animal>	<http://ja.dbpedia.org/property/墓所>	"墓所"@ja	<http://ja.wikipedia.org/wiki/坂部広勝>	<http://wikidata.dbpedia.org/resource/Q58139862>
<http://ja.dbpedia.org/resource/坂部広勝>	"坂部広勝"@ja	<http://dbpedia.org/ontology/Person>	<http://ja.dbpedia.org/property/墓所>	"墓所"@ja	<http://ja.wikipedia.org/wiki/坂部広勝>	<http://wikidata.dbpedia.org/resource/Q58139862>
<http://ja.dbpedia.org/resource/坂部広勝>	"坂部広勝"@ja	<http://dbpedia.org/ontology/Eukaryote>	<http://ja.dbpedia.org/property/墓所>	"墓所"@ja	<http://ja.wikipedia.org/wiki/坂部広勝>	<http://wikidata.dbpedia.org/resource/Q58139862>
<http://ja.dbpedia.org/resource/坂部広勝>	"坂部広勝"@ja	<http://dbpedia.org/ontology/Species>	<http://ja.dbpedia.org/property/墓所>	"墓所"@ja	<http://ja.wikipedia.org/wiki/坂部広勝>	<http://wikidata.dbpedia.org/resource/Q58139862>
<http://ja.dbpedia.org/resource/坂部広勝>	"坂部広勝"@ja	<http://dbpedia.org/ontology/MilitaryPerson>	<http://ja.dbpedia.org/property/墓所>	"墓所"@ja	<http://ja.wikipedia.org/wiki/坂部広勝>	<http://wikidata.dbpedia.org/resource/Q58139862>
<http://ja.dbpedia.org/resource/城東区_(東京都)>	"城東区 (東京都)"@ja	<http://dbpedia.org/ontology/City>	<http://ja.dbpedia.org/property/現在の自治体>	"現在の自治体"@ja	<http://ja.wikipedia.org/wiki/城東区_(東京都)>	<http://wikidata.dbpedia.org/resource/Q11426199>
<http://ja.dbpedia.org/resource/城東区_(東京都)>	"城東区 (東京都)"@ja	<http://dbpedia.org/ontology/Place>	<http://ja.dbpedia.org/property/現在の自治体>	"現在の自治体"@ja	<http://ja.wikipedia.org/wiki/城東区_(東京都)>	<http://wikidata.dbpedia.org/resource/Q11426199>
<http://ja.dbpedia.org/resource/城東区_(東京都)>	"城東区 (東京都)"@ja	<http://dbpedia.org/ontology/Location>	<http://ja.dbpedia.org/property/現在の自治体>	"現在の自治体"@ja	<http://ja.wikipedia.org/wiki/城東区_(東京都)>	<http://wikidata.dbpedia.org/resource/Q11426199>
<http://ja.dbpedia.org/resource/城東区_(東京都)>	"城東区 (東京都)"@ja	<http://dbpedia.org/ontology/PopulatedPlace>	<http://ja.dbpedia.org/property/現在の自治体>	"現在の自治体"@ja	<http://ja.wikipedia.org/wiki/城東区_(東京都)>	<http://wikidata.dbpedia.org/resource/Q11426199>
<http://ja.dbpedia.org/resource/城東区_(東京都)>	"城東区 (東京都)"@ja	<http://dbpedia.org/ontology/Settlement>	<http://ja.dbpedia.org/property/現在の自治体>	"現在の自治体"@ja	<http://ja.wikipedia.org/wiki/城東区_(東京都)>	<http://wikidata.dbpedia.org/resource/Q11426199>
<http://ja.dbpedia.org/resource/塩浜_(江東区)>	"塩浜 (江東区)"@ja	<http://dbpedia.org/ontology/Location>	<http://ja.dbpedia.org/property/subdivisionName>	"subdivision name"@ja	<http://ja.wikipedia.org/wiki/塩浜_(江東区)>	<http://wikidata.dbpedia.org/resource/Q11428783>
<http://ja.dbpedia.org/resource/塩浜_(江東区)>	"塩浜 (江東区)"@ja	<http://dbpedia.org/ontology/PopulatedPlace>	<http://ja.dbpedia.org/property/subdivisionName>	"subdivision name"@ja	<http://ja.wikipedia.org/wiki/塩浜_(江東区)>	<http://wikidata.dbpedia.org/resource/Q11428783>
<http://ja.dbpedia.org/resource/塩浜_(江東区)>	"塩浜 (江東区)"@ja	<http://dbpedia.org/ontology/Settlement>	<http://ja.dbpedia.org/property/subdivisionName>	"subdivision name"@ja	<http://ja.wikipedia.org/wiki/塩浜_(江東区)>	<http://wikidata.dbpedia.org/resource/Q11428783>
<http://ja.dbpedia.org/resource/塩浜_(江東区)>	"塩浜 (江東区)"@ja	<http://dbpedia.org/ontology/Place>	<http://ja.dbpedia.org/property/subdivisionName>	"subdivision name"@ja	<http://ja.wikipedia.org/wiki/塩浜_(江東区)>	<http://wikidata.dbpedia.org/resource/Q11428783>
<http://ja.dbpedia.org/resource/夢の島>	"夢の島"@ja	<http://dbpedia.org/ontology/PopulatedPlace>	<http://ja.dbpedia.org/property/subdivisionName>	"subdivision name"@ja	<http://ja.wikipedia.org/wiki/夢の島>	<http://wikidata.dbpedia.org/resource/Q11431451>
<http://ja.dbpedia.org/resource/夢の島>	"夢の島"@ja	<http://dbpedia.org/ontology/Location>	<http://ja.dbpedia.org/property/subdivisionName>	"subdivision name"@ja	<http://ja.wikipedia.org/wiki/夢の島>	<http://wikidata.dbpedia.org/resource/Q11431451>
<http://ja.dbpedia.org/resource/夢の島>	"夢の島"@ja	<http://dbpedia.org/ontology/Settlement>	<http://ja.dbpedia.org/property/subdivisionName>	"subdivision name"@ja	<http://ja.wikipedia.org/wiki/夢の島>	<http://wikidata.dbpedia.org/resource/Q11431451>
<http://ja.dbpedia.org/resource/夢の島>	"夢の島"@ja	<http://dbpedia.org/ontology/Place>	<http://ja.dbpedia.org/property/subdivisionName>	"subdivision name"@ja	<http://ja.wikipedia.org/wiki/夢の島>	<http://wikidata.dbpedia.org/resource/Q11431451>
<http://ja.dbpedia.org/resource/大島_(江東区)>	"大島 (江東区)"@ja	<http://dbpedia.org/ontology/PopulatedPlace>	<http://ja.dbpedia.org/property/subdivisionName>	"subdivision name"@ja	<http://ja.wikipedia.org/wiki/大島_(江東区)>	<http://wikidata.dbpedia.org/resource/Q11434810>
<http://ja.dbpedia.org/resource/大島_(江東区)>	"大島 (江東区)"@ja	<http://dbpedia.org/ontology/Location>	<http://ja.dbpedia.org/property/subdivisionName>	"subdivision name"@ja	<http://ja.wikipedia.org/wiki/大島_(江東区)>	<http://wikidata.dbpedia.org/resource/Q11434810>
<http://ja.dbpedia.org/resource/大島_(江東区)>	"大島 (江東区)"@ja	<http://dbpedia.org/ontology/Settlement>	<http://ja.dbpedia.org/property/subdivisionName>	"subdivision name"@ja	<http://ja.wikipedia.org/wiki/大島_(江東区)>	<http://wikidata.dbpedia.org/resource/Q11434810>
<http://ja.dbpedia.org/resource/大島_(江東区)>	"大島 (江東区)"@ja	<http://dbpedia.org/ontology/Place>	<http://ja.dbpedia.org/property/subdivisionName>	"subdivision name"@ja	<http://ja.wikipedia.org/wiki/大島_(江東区)>	<http://wikidata.dbpedia.org/resource/Q11434810>
<http://ja.dbpedia.org/resource/富岡_(江東区)>	"富岡 (江東区)"@ja	<http://dbpedia.org/ontology/PopulatedPlace>	<http://ja.dbpedia.org/property/subdivisionName>	"subdivision name"@ja	<http://ja.wikipedia.org/wiki/富岡_(江東区)>	<http://wikidata.dbpedia.org/resource/Q11456868>
<http://ja.dbpedia.org/resource/富岡_(江東区)>	"富岡 (江東区)"@ja	<http://dbpedia.org/ontology/Location>	<http://ja.dbpedia.org/property/subdivisionName>	"subdivision name"@ja	<http://ja.wikipedia.org/wiki/富岡_(江東区)>	<http://wikidata.dbpedia.org/resource/Q11456868>
<http://ja.dbpedia.org/resource/富岡_(江東区)>	"富岡 (江東区)"@ja	<http://dbpedia.org/ontology/Place>	<http://ja.dbpedia.org/property/subdivisionName>	"subdivision name"@ja	<http://ja.wikipedia.org/wiki/富岡_(江東区)>	<http://wikidata.dbpedia.org/resource/Q11456868>
<http://ja.dbpedia.org/resource/富岡_(江東区)>	"富岡 (江東区)"@ja	<http://dbpedia.org/ontology/Settlement>	<http://ja.dbpedia.org/property/subdivisionName>	"subdivision name"@ja	<http://ja.wikipedia.org/wiki/富岡_(江東区)>	<http://wikidata.dbpedia.org/resource/Q11456868>
<http://ja.dbpedia.org/resource/常盤_(江東区)>	"常盤 (江東区)"@ja	<http://dbpedia.org/ontology/Location>	<http://ja.dbpedia.org/property/subdivisionName>	"subdivision name"@ja	<http://ja.wikipedia.org/wiki/常盤_(江東区)>	<http://wikidata.dbpedia.org/resource/Q11481476>
<http://ja.dbpedia.org/resource/常盤_(江東区)>	"常盤 (江東区)"@ja	<http://dbpedia.org/ontology/PopulatedPlace>	<http://ja.dbpedia.org/property/subdivisionName>	"subdivision name"@ja	<http://ja.wikipedia.org/wiki/常盤_(江東区)>	<http://wikidata.dbpedia.org/resource/Q11481476>
<http://ja.dbpedia.org/resource/常盤_(江東区)>	"常盤 (江東区)"@ja	<http://dbpedia.org/ontology/Settlement>	<http://ja.dbpedia.org/property/subdivisionName>	"subdivision name"@ja	<http://ja.wikipedia.org/wiki/常盤_(江東区)>	<http://wikidata.dbpedia.org/resource/Q11481476>
<http://ja.dbpedia.org/resource/常盤_(江東区)>	"常盤 (江東区)"@ja	<http://dbpedia.org/ontology/Place>	<http://ja.dbpedia.org/property/subdivisionName>	"subdivision name"@ja	<http://ja.wikipedia.org/wiki/常盤_(江東区)>	<http://wikidata.dbpedia.org/resource/Q11481476>
<http://ja.dbpedia.org/resource/平野_(江東区)>	"平野 (江東区)"@ja	<http://dbpedia.org/ontology/Place>	<http://ja.dbpedia.org/property/subdivisionName>	"subdivision name"@ja	<http://ja.wikipedia.org/wiki/平野_(江東区)>	<http://wikidata.dbpedia.org/resource/Q11483600>
<http://ja.dbpedia.org/resource/平野_(江東区)>	"平野 (江東区)"@ja	<http://dbpedia.org/ontology/Settlement>	<http://ja.dbpedia.org/property/subdivisionName>	"subdivision name"@ja	<http://ja.wikipedia.org/wiki/平野_(江東区)>	<http://wikidata.dbpedia.org/resource/Q11483600>
<http://ja.dbpedia.org/resource/平野_(江東区)>	"平野 (江東区)"@ja	<http://dbpedia.org/ontology/Location>	<http://ja.dbpedia.org/property/subdivisionName>	"subdivision name"@ja	<http://ja.wikipedia.org/wiki/平野_(江東区)>	<http://wikidata.dbpedia.org/resource/Q11483600>
<http://ja.dbpedia.org/resource/平野_(江東区)>	"平野 (江東区)"@ja	<http://dbpedia.org/ontology/PopulatedPlace>	<http://ja.dbpedia.org/property/subdivisionName>	"subdivision name"@ja	<http://ja.wikipedia.org/wiki/平野_(江東区)>	<http://wikidata.dbpedia.org/resource/Q11483600>
<http://ja.dbpedia.org/resource/扇橋>	"扇橋"@ja	<http://dbpedia.org/ontology/Location>	<http://ja.dbpedia.org/property/subdivisionName>	"subdivision name"@ja	<http://ja.wikipedia.org/wiki/扇橋>	<http://wikidata.dbpedia.org/resource/Q11496844>
<http://ja.dbpedia.org/resource/扇橋>	"扇橋"@ja	<http://dbpedia.org/ontology/PopulatedPlace>	<http://ja.dbpedia.org/property/subdivisionName>	"subdivision name"@ja	<http://ja.wikipedia.org/wiki/扇橋>	<http://wikidata.dbpedia.org/resource/Q11496844>
<http://ja.dbpedia.org/resource/扇橋>	"扇橋"@ja	<http://dbpedia.org/ontology/Settlement>	<http://ja.dbpedia.org/property/subdivisionName>	"subdivision name"@ja	<http://ja.wikipedia.org/wiki/扇橋>	<http://wikidata.dbpedia.org/resource/Q11496844>
<http://ja.dbpedia.org/resource/扇橋>	"扇橋"@ja	<http://dbpedia.org/ontology/Place>	<http://ja.dbpedia.org/property/subdivisionName>	"subdivision name"@ja	<http://ja.wikipedia.org/wiki/扇橋>	<http://wikidata.dbpedia.org/resource/Q11496844>
<http://ja.dbpedia.org/resource/新大橋_(江東区)>	"新大橋 (江東区)"@ja	<http://dbpedia.org/ontology/Location>	<http://ja.dbpedia.org/property/subdivisionName>	"subdivision name"@ja	<http://ja.wikipedia.org/wiki/新大橋_(江東区)>	<http://wikidata.dbpedia.org/resource/Q11501661>
<http://ja.dbpedia.org/resource/新大橋_(江東区)>	"新大橋 (江東区)"@ja	<http://dbpedia.org/ontology/PopulatedPlace>	<http://ja.dbpedia.org/property/subdivisionName>	"subdivision name"@ja	<http://ja.wikipedia.org/wiki/新大橋_(江東区)>	<http://wikidata.dbpedia.org/resource/Q11501661>
<http://ja.dbpedia.org/resource/新大橋_(江東区)>	"新大橋 (江東区)"@ja	<http://dbpedia.org/ontology/Settlement>	<http://ja.dbpedia.org/property/subdivisionName>	"subdivision name"@ja	<http://ja.wikipedia.org/wiki/新大橋_(江東区)>	<http://wikidata.dbpedia.org/resource/Q11501661>
<http://ja.dbpedia.org/resource/新大橋_(江東区)>	"新大橋 (江東区)"@ja	<http://dbpedia.org/ontology/Place>	<http://ja.dbpedia.org/property/subdivisionName>	"subdivision name"@ja	<http://ja.wikipedia.org/wiki/新大橋_(江東区)>	<http://wikidata.dbpedia.org/resource/Q11501661>
<http://ja.dbpedia.org/resource/新木場>	"新木場"@ja	<http://dbpedia.org/ontology/Location>	<http://ja.dbpedia.org/property/subdivisionName>	"subdivision name"@ja	<http://ja.wikipedia.org/wiki/新木場>	<http://wikidata.dbpedia.org/resource/Q11502514>
<http://ja.dbpedia.org/resource/新木場>	"新木場"@ja	<http://dbpedia.org/ontology/PopulatedPlace>	<http://ja.dbpedia.org/property/subdivisionName>	"subdivision name"@ja	<http://ja.wikipedia.org/wiki/新木場>	<http://wikidata.dbpedia.org/resource/Q11502514>
<http://ja.dbpedia.org/resource/新木場>	"新木場"@ja	<http://dbpedia.org/ontology/Settlement>	<http://ja.dbpedia.org/property/subdivisionName>	"subdivision name"@ja	<http://ja.wikipedia.org/wiki/新木場>	<http://wikidata.dbpedia.org/resource/Q11502514>
<http://ja.dbpedia.org/resource/新木場>	"新木場"@ja	<http://dbpedia.org/ontology/Place>	<http://ja.dbpedia.org/property/subdivisionName>	"subdivision name"@ja	<http://ja.wikipedia.org/wiki/新木場>	<http://wikidata.dbpedia.org/resource/Q11502514>
<http://ja.dbpedia.org/resource/新砂>	"新砂"@ja	<http://dbpedia.org/ontology/PopulatedPlace>	<http://ja.dbpedia.org/property/subdivisionName>	"subdivision name"@ja	<http://ja.wikipedia.org/wiki/新砂>	<http://wikidata.dbpedia.org/resource/Q11503866>
<http://ja.dbpedia.org/resource/新砂>	"新砂"@ja	<http://dbpedia.org/ontology/Location>	<http://ja.dbpedia.org/property/subdivisionName>	"subdivision name"@ja	<http://ja.wikipedia.org/wiki/新砂>	<http://wikidata.dbpedia.org/resource/Q11503866>
<http://ja.dbpedia.org/resource/新砂>	"新砂"@ja	<http://dbpedia.org/ontology/Place>	<http://ja.dbpedia.org/property/subdivisionName>	"subdivision name"@ja	<http://ja.wikipedia.org/wiki/新砂>	<http://wikidata.dbpedia.org/resource/Q11503866>
<http://ja.dbpedia.org/resource/新砂>	"新砂"@ja	<http://dbpedia.org/ontology/Settlement>	<http://ja.dbpedia.org/property/subdivisionName>	"subdivision name"@ja	<http://ja.wikipedia.org/wiki/新砂>	<http://wikidata.dbpedia.org/resource/Q11503866>
<http://ja.dbpedia.org/resource/有明_(江東区)>	"有明 (江東区)"@ja	<http://dbpedia.org/ontology/Location>	<http://ja.dbpedia.org/property/subdivisionName>	"subdivision name"@ja	<http://ja.wikipedia.org/wiki/有明_(江東区)>	<http://wikidata.dbpedia.org/resource/Q2861159>
<http://ja.dbpedia.org/resource/有明_(江東区)>	"有明 (江東区)"@ja	<http://dbpedia.org/ontology/PopulatedPlace>	<http://ja.dbpedia.org/property/subdivisionName>	"subdivision name"@ja	<http://ja.wikipedia.org/wiki/有明_(江東区)>	<http://wikidata.dbpedia.org/resource/Q2861159>
<http://ja.dbpedia.org/resource/有明_(江東区)>	"有明 (江東区)"@ja	<http://dbpedia.org/ontology/Settlement>	<http://ja.dbpedia.org/property/subdivisionName>	"subdivision name"@ja	<http://ja.wikipedia.org/wiki/有明_(江東区)>	<http://wikidata.dbpedia.org/resource/Q2861159>
<http://ja.dbpedia.org/resource/有明_(江東区)>	"有明 (江東区)"@ja	<http://dbpedia.org/ontology/Place>	<http://ja.dbpedia.org/property/subdivisionName>	"subdivision name"@ja	<http://ja.wikipedia.org/wiki/有明_(江東区)>	<http://wikidata.dbpedia.org/resource/Q2861159>
<http://ja.dbpedia.org/resource/木場>	"木場"@ja	<http://dbpedia.org/ontology/PopulatedPlace>	<http://ja.dbpedia.org/property/subdivisionName>	"subdivision name"@ja	<http://ja.wikipedia.org/wiki/木場>	<http://wikidata.dbpedia.org/resource/Q11518258>
<http://ja.dbpedia.org/resource/木場>	"木場"@ja	<http://dbpedia.org/ontology/Location>	<http://ja.dbpedia.org/property/subdivisionName>	"subdivision name"@ja	<http://ja.wikipedia.org/wiki/木場>	<http://wikidata.dbpedia.org/resource/Q11518258>
<http://ja.dbpedia.org/resource/木場>	"木場"@ja	<http://dbpedia.org/ontology/Place>	<http://ja.dbpedia.org/property/subdivisionName>	"subdivision name"@ja	<http://ja.wikipedia.org/wiki/木場>	<http://wikidata.dbpedia.org/resource/Q11518258>
<http://ja.dbpedia.org/resource/木場>	"木場"@ja	<http://dbpedia.org/ontology/Settlement>	<http://ja.dbpedia.org/property/subdivisionName>	"subdivision name"@ja	<http://ja.wikipedia.org/wiki/木場>	<http://wikidata.dbpedia.org/resource/Q11518258>
<http://ja.dbpedia.org/resource/木村勉_(政治家)>	"木村勉 (政治家)"@ja	<http://dbpedia.org/ontology/Politician>	<http://ja.dbpedia.org/property/選挙区>	"選挙区"@ja	<http://ja.wikipedia.org/wiki/木村勉_(政治家)>	<http://wikidata.dbpedia.org/resource/Q4885997>
<http://ja.dbpedia.org/resource/木村勉_(政治家)>	"木村勉 (政治家)"@ja	<http://dbpedia.org/ontology/Eukaryote>	<http://ja.dbpedia.org/property/選挙区>	"選挙区"@ja	<http://ja.wikipedia.org/wiki/木村勉_(政治家)>	<http://wikidata.dbpedia.org/resource/Q4885997>
<http://ja.dbpedia.org/resource/木村勉_(政治家)>	"木村勉 (政治家)"@ja	<http://dbpedia.org/ontology/Animal>	<http://ja.dbpedia.org/property/選挙区>	"選挙区"@ja	<http://ja.wikipedia.org/wiki/木村勉_(政治家)>	<http://wikidata.dbpedia.org/resource/Q4885997>
<http://ja.dbpedia.org/resource/木村勉_(政治家)>	"木村勉 (政治家)"@ja	<http://dbpedia.org/ontology/Species>	<http://ja.dbpedia.org/property/選挙区>	"選挙区"@ja	<http://ja.wikipedia.org/wiki/木村勉_(政治家)>	<http://wikidata.dbpedia.org/resource/Q4885997>
<http://ja.dbpedia.org/resource/木村勉_(政治家)>	"木村勉 (政治家)"@ja	<http://dbpedia.org/ontology/Person>	<http://ja.dbpedia.org/property/選挙区>	"選挙区"@ja	<http://ja.wikipedia.org/wiki/木村勉_(政治家)>	<http://wikidata.dbpedia.org/resource/Q4885997>
<http://ja.dbpedia.org/resource/東京都道306号王子千住夢の島線>	"東京都道306号王子千住夢の島線"@ja	<http://dbpedia.org/ontology/ArchitecturalStructure>	<http://ja.dbpedia.org/property/終点>	"終点"@ja	<http://ja.wikipedia.org/wiki/東京都道306号王子千住夢の島線>	<http://wikidata.dbpedia.org/resource/Q11525778>
<http://ja.dbpedia.org/resource/東京都道306号王子千住夢の島線>	"東京都道306号王子千住夢の島線"@ja	<http://dbpedia.org/ontology/Road>	<http://ja.dbpedia.org/property/終点>	"終点"@ja	<http://ja.wikipedia.org/wiki/東京都道306号王子千住夢の島線>	<http://wikidata.dbpedia.org/resource/Q11525778>
<http://ja.dbpedia.org/resource/東京都道306号王子千住夢の島線>	"東京都道306号王子千住夢の島線"@ja	<http://dbpedia.org/ontology/Infrastructure>	<http://ja.dbpedia.org/property/終点>	"終点"@ja	<http://ja.wikipedia.org/wiki/東京都道306号王子千住夢の島線>	<http://wikidata.dbpedia.org/resource/Q11525778>
<http://ja.dbpedia.org/resource/東京都道306号王子千住夢の島線>	"東京都道306号王子千住夢の島線"@ja	<http://dbpedia.org/ontology/RouteOfTransportation>	<http://ja.dbpedia.org/property/終点>	"終点"@ja	<http://ja.wikipedia.org/wiki/東京都道306号王子千住夢の島線>	<http://wikidata.dbpedia.org/resource/Q11525778>
<http://ja.dbpedia.org/resource/東京都道315号御徒町小岩線>	"東京都道315号御徒町小岩線"@ja	<http://dbpedia.org/ontology/ArchitecturalStructure>	<http://ja.dbpedia.org/property/主な経由都市>	"主な経由都市"@ja	<http://ja.wikipedia.org/wiki/東京都道315号御徒町小岩線>	<http://wikidata.dbpedia.org/resource/Q11525784>
<http://ja.dbpedia.org/resource/東京都道315号御徒町小岩線>	"東京都道315号御徒町小岩線"@ja	<http://dbpedia.org/ontology/Road>	<http://ja.dbpedia.org/property/主な経由都市>	"主な経由都市"@ja	<http://ja.wikipedia.org/wiki/東京都道315号御徒町小岩線>	<http://wikidata.dbpedia.org/resource/Q11525784>
<http://ja.dbpedia.org/resource/東京都道315号御徒町小岩線>	"東京都道315号御徒町小岩線"@ja	<http://dbpedia.org/ontology/Infrastructure>	<http://ja.dbpedia.org/property/主な経由都市>	"主な経由都市"@ja	<http://ja.wikipedia.org/wiki/東京都道315号御徒町小岩線>	<http://wikidata.dbpedia.org/resource/Q11525784>
<http://ja.dbpedia.org/resource/東京都道315号御徒町小岩線>	"東京都道315号御徒町小岩線"@ja	<http://dbpedia.org/ontology/RouteOfTransportation>	<http://ja.dbpedia.org/property/主な経由都市>	"主な経由都市"@ja	<http://ja.wikipedia.org/wiki/東京都道315号御徒町小岩線>	<http://wikidata.dbpedia.org/resource/Q11525784>
<http://ja.dbpedia.org/resource/東京都道・千葉県道50号東京市川線>	"東京都道・千葉県道50号東京市川線"@ja	<http://dbpedia.org/ontology/Road>	<http://ja.dbpedia.org/property/主な経由都市>	"主な経由都市"@ja	<http://ja.wikipedia.org/wiki/東京都道・千葉県道50号東京市川線>	<http://wikidata.dbpedia.org/resource/Q11525844>
<http://ja.dbpedia.org/resource/東京都道・千葉県道50号東京市川線>	"東京都道・千葉県道50号東京市川線"@ja	<http://dbpedia.org/ontology/ArchitecturalStructure>	<http://ja.dbpedia.org/property/主な経由都市>	"主な経由都市"@ja	<http://ja.wikipedia.org/wiki/東京都道・千葉県道50号東京市川線>	<http://wikidata.dbpedia.org/resource/Q11525844>
<http://ja.dbpedia.org/resource/東京都道・千葉県道50号東京市川線>	"東京都道・千葉県道50号東京市川線"@ja	<http://dbpedia.org/ontology/RouteOfTransportation>	<http://ja.dbpedia.org/property/主な経由都市>	"主な経由都市"@ja	<http://ja.wikipedia.org/wiki/東京都道・千葉県道50号東京市川線>	<http://wikidata.dbpedia.org/resource/Q11525844>
<http://ja.dbpedia.org/resource/東京都道・千葉県道50号東京市川線>	"東京都道・千葉県道50号東京市川線"@ja	<http://dbpedia.org/ontology/Infrastructure>	<http://ja.dbpedia.org/property/主な経由都市>	"主な経由都市"@ja	<http://ja.wikipedia.org/wiki/東京都道・千葉県道50号東京市川線>	<http://wikidata.dbpedia.org/resource/Q11525844>
<http://ja.dbpedia.org/resource/東砂>	"東砂"@ja	<http://dbpedia.org/ontology/Place>	<http://ja.dbpedia.org/property/subdivisionName>	"subdivision name"@ja	<http://ja.wikipedia.org/wiki/東砂>	<http://wikidata.dbpedia.org/resource/Q11528126>
<http://ja.dbpedia.org/resource/東砂>	"東砂"@ja	<http://dbpedia.org/ontology/Settlement>	<http://ja.dbpedia.org/property/subdivisionName>	"subdivision name"@ja	<http://ja.wikipedia.org/wiki/東砂>	<http://wikidata.dbpedia.org/resource/Q11528126>
<http://ja.dbpedia.org/resource/東砂>	"東砂"@ja	<http://dbpedia.org/ontology/Location>	<http://ja.dbpedia.org/property/subdivisionName>	"subdivision name"@ja	<http://ja.wikipedia.org/wiki/東砂>	<http://wikidata.dbpedia.org/resource/Q11528126>
<http://ja.dbpedia.org/resource/東砂>	"東砂"@ja	<http://dbpedia.org/ontology/PopulatedPlace>	<http://ja.dbpedia.org/property/subdivisionName>	"subdivision name"@ja	<http://ja.wikipedia.org/wiki/東砂>	<http://wikidata.dbpedia.org/resource/Q11528126>
<http://ja.dbpedia.org/resource/東陽_(江東区)>	"東陽 (江東区)"@ja	<http://dbpedia.org/ontology/Place>	<http://ja.dbpedia.org/property/subdivisionName>	"subdivision name"@ja	<http://ja.wikipedia.org/wiki/東陽_(江東区)>	<http://wikidata.dbpedia.org/resource/Q11528671>
<http://ja.dbpedia.org/resource/東陽_(江東区)>	"東陽 (江東区)"@ja	<http://dbpedia.org/ontology/Settlement>	<http://ja.dbpedia.org/property/subdivisionName>	"subdivision name"@ja	<http://ja.wikipedia.org/wiki/東陽_(江東区)>	<http://wikidata.dbpedia.org/resource/Q11528671>
<http://ja.dbpedia.org/resource/東陽_(江東区)>	"東陽 (江東区)"@ja	<http://dbpedia.org/ontology/Location>	<http://ja.dbpedia.org/property/subdivisionName>	"subdivision name"@ja	<http://ja.wikipedia.org/wiki/東陽_(江東区)>	<http://wikidata.dbpedia.org/resource/Q11528671>
<http://ja.dbpedia.org/resource/東陽_(江東区)>	"東陽 (江東区)"@ja	<http://dbpedia.org/ontology/PopulatedPlace>	<http://ja.dbpedia.org/property/subdivisionName>	"subdivision name"@ja	<http://ja.wikipedia.org/wiki/東陽_(江東区)>	<http://wikidata.dbpedia.org/resource/Q11528671>
<http://ja.dbpedia.org/resource/東雲_(江東区)>	"東雲 (江東区)"@ja	<http://dbpedia.org/ontology/Location>	<http://ja.dbpedia.org/property/subdivisionName>	"subdivision name"@ja	<http://ja.wikipedia.org/wiki/東雲_(江東区)>	<http://wikidata.dbpedia.org/resource/Q11528697>
<http://ja.dbpedia.org/resource/東雲_(江東区)>	"東雲 (江東区)"@ja	<http://dbpedia.org/ontology/PopulatedPlace>	<http://ja.dbpedia.org/property/subdivisionName>	"subdivision name"@ja	<http://ja.wikipedia.org/wiki/東雲_(江東区)>	<http://wikidata.dbpedia.org/resource/Q11528697>
<http://ja.dbpedia.org/resource/東雲_(江東区)>	"東雲 (江東区)"@ja	<http://dbpedia.org/ontology/Settlement>	<http://ja.dbpedia.org/property/subdivisionName>	"subdivision name"@ja	<http://ja.wikipedia.org/wiki/東雲_(江東区)>	<http://wikidata.dbpedia.org/resource/Q11528697>
<http://ja.dbpedia.org/resource/東雲_(江東区)>	"東雲 (江東区)"@ja	<http://dbpedia.org/ontology/Place>	<http://ja.dbpedia.org/property/subdivisionName>	"subdivision name"@ja	<http://ja.wikipedia.org/wiki/東雲_(江東区)>	<http://wikidata.dbpedia.org/resource/Q11528697>
<http://ja.dbpedia.org/resource/枝川_(江東区)>	"枝川 (江東区)"@ja	<http://dbpedia.org/ontology/Place>	<http://ja.dbpedia.org/property/subdivisionName>	"subdivision name"@ja	<http://ja.wikipedia.org/wiki/枝川_(江東区)>	<http://wikidata.dbpedia.org/resource/Q11533527>
<http://ja.dbpedia.org/resource/枝川_(江東区)>	"枝川 (江東区)"@ja	<http://dbpedia.org/ontology/Settlement>	<http://ja.dbpedia.org/property/subdivisionName>	"subdivision name"@ja	<http://ja.wikipedia.org/wiki/枝川_(江東区)>	<http://wikidata.dbpedia.org/resource/Q11533527>
<http://ja.dbpedia.org/resource/枝川_(江東区)>	"枝川 (江東区)"@ja	<http://dbpedia.org/ontology/Location>	<http://ja.dbpedia.org/property/subdivisionName>	"subdivision name"@ja	<http://ja.wikipedia.org/wiki/枝川_(江東区)>	<http://wikidata.dbpedia.org/resource/Q11533527>
<http://ja.dbpedia.org/resource/枝川_(江東区)>	"枝川 (江東区)"@ja	<http://dbpedia.org/ontology/PopulatedPlace>	<http://ja.dbpedia.org/property/subdivisionName>	"subdivision name"@ja	<http://ja.wikipedia.org/wiki/枝川_(江東区)>	<http://wikidata.dbpedia.org/resource/Q11533527>
<http://ja.dbpedia.org/resource/柿沢未途>	"柿沢未途"@ja	<http://dbpedia.org/ontology/Person>	<http://ja.dbpedia.org/property/選挙区>	"選挙区"@ja	<http://ja.wikipedia.org/wiki/柿沢未途>	<http://wikidata.dbpedia.org/resource/Q11535033>
<http://ja.dbpedia.org/resource/柿沢未途>	"柿沢未途"@ja	<http://dbpedia.org/ontology/Species>	<http://ja.dbpedia.org/property/選挙区>	"選挙区"@ja	<http://ja.wikipedia.org/wiki/柿沢未途>	<http://wikidata.dbpedia.org/resource/Q11535033>
<http://ja.dbpedia.org/resource/柿沢未途>	"柿沢未途"@ja	<http://dbpedia.org/ontology/Eukaryote>	<http://ja.dbpedia.org/property/選挙区>	"選挙区"@ja	<http://ja.wikipedia.org/wiki/柿沢未途>	<http://wikidata.dbpedia.org/resource/Q11535033>
<http://ja.dbpedia.org/resource/柿沢未途>	"柿沢未途"@ja	<http://dbpedia.org/ontology/Politician>	<http://ja.dbpedia.org/property/選挙区>	"選挙区"@ja	<http://ja.wikipedia.org/wiki/柿沢未途>	<http://wikidata.dbpedia.org/resource/Q11535033>
<http://ja.dbpedia.org/resource/柿沢未途>	"柿沢未途"@ja	<http://dbpedia.org/ontology/Animal>	<http://ja.dbpedia.org/property/選挙区>	"選挙区"@ja	<http://ja.wikipedia.org/wiki/柿沢未途>	<http://wikidata.dbpedia.org/resource/Q11535033>
<http://ja.dbpedia.org/resource/森下_(江東区)>	"森下 (江東区)"@ja	<http://dbpedia.org/ontology/PopulatedPlace>	<http://ja.dbpedia.org/property/subdivisionName>	"subdivision name"@ja	<http://ja.wikipedia.org/wiki/森下_(江東区)>	<http://wikidata.dbpedia.org/resource/Q11539155>
<http://ja.dbpedia.org/resource/森下_(江東区)>	"森下 (江東区)"@ja	<http://dbpedia.org/ontology/Location>	<http://ja.dbpedia.org/property/subdivisionName>	"subdivision name"@ja	<http://ja.wikipedia.org/wiki/森下_(江東区)>	<http://wikidata.dbpedia.org/resource/Q11539155>
<http://ja.dbpedia.org/resource/森下_(江東区)>	"森下 (江東区)"@ja	<http://dbpedia.org/ontology/Settlement>	<http://ja.dbpedia.org/property/subdivisionName>	"subdivision name"@ja	<http://ja.wikipedia.org/wiki/森下_(江東区)>	<http://wikidata.dbpedia.org/resource/Q11539155>
<http://ja.dbpedia.org/resource/森下_(江東区)>	"森下 (江東区)"@ja	<http://dbpedia.org/ontology/Place>	<http://ja.dbpedia.org/property/subdivisionName>	"subdivision name"@ja	<http://ja.wikipedia.org/wiki/森下_(江東区)>	<http://wikidata.dbpedia.org/resource/Q11539155>
<http://ja.dbpedia.org/resource/毛利_(江東区)>	"毛利 (江東区)"@ja	<http://dbpedia.org/ontology/PopulatedPlace>	<http://ja.dbpedia.org/property/subdivisionName>	"subdivision name"@ja	<http://ja.wikipedia.org/wiki/毛利_(江東区)>	<http://wikidata.dbpedia.org/resource/Q11547521>
<http://ja.dbpedia.org/resource/毛利_(江東区)>	"毛利 (江東区)"@ja	<http://dbpedia.org/ontology/Location>	<http://ja.dbpedia.org/property/subdivisionName>	"subdivision name"@ja	<http://ja.wikipedia.org/wiki/毛利_(江東区)>	<http://wikidata.dbpedia.org/resource/Q11547521>
<http://ja.dbpedia.org/resource/毛利_(江東区)>	"毛利 (江東区)"@ja	<http://dbpedia.org/ontology/Place>	<http://ja.dbpedia.org/property/subdivisionName>	"subdivision name"@ja	<http://ja.wikipedia.org/wiki/毛利_(江東区)>	<http://wikidata.dbpedia.org/resource/Q11547521>
<http://ja.dbpedia.org/resource/毛利_(江東区)>	"毛利 (江東区)"@ja	<http://dbpedia.org/ontology/Settlement>	<http://ja.dbpedia.org/property/subdivisionName>	"subdivision name"@ja	<http://ja.wikipedia.org/wiki/毛利_(江東区)>	<http://wikidata.dbpedia.org/resource/Q11547521>
<http://ja.dbpedia.org/resource/永代>	"永代"@ja	<http://dbpedia.org/ontology/Place>	<http://ja.dbpedia.org/property/subdivisionName>	"subdivision name"@ja	<http://ja.wikipedia.org/wiki/永代>	<http://wikidata.dbpedia.org/resource/Q11549869>
<http://ja.dbpedia.org/resource/永代>	"永代"@ja	<http://dbpedia.org/ontology/Settlement>	<http://ja.dbpedia.org/property/subdivisionName>	"subdivision name"@ja	<http://ja.wikipedia.org/wiki/永代>	<http://wikidata.dbpedia.org/resource/Q11549869>
<http://ja.dbpedia.org/resource/永代>	"永代"@ja	<http://dbpedia.org/ontology/Location>	<http://ja.dbpedia.org/property/subdivisionName>	"subdivision name"@ja	<http://ja.wikipedia.org/wiki/永代>	<http://wikidata.dbpedia.org/resource/Q11549869>
<http://ja.dbpedia.org/resource/永代>	"永代"@ja	<http://dbpedia.org/ontology/PopulatedPlace>	<http://ja.dbpedia.org/property/subdivisionName>	"subdivision name"@ja	<http://ja.wikipedia.org/wiki/永代>	<http://wikidata.dbpedia.org/resource/Q11549869>
<http://ja.dbpedia.org/resource/江東区立亀戸中学校>	"江東区立亀戸中学校"@ja	<http://dbpedia.org/ontology/Agent>	<http://ja.dbpedia.org/property/設置者>	"設置者"@ja	<http://ja.wikipedia.org/wiki/江東区立亀戸中学校>	<http://wikidata.dbpedia.org/resource/Q23985620>
<http://ja.dbpedia.org/resource/江東区立亀戸中学校>	"江東区立亀戸中学校"@ja	<http://dbpedia.org/ontology/Organisation>	<http://ja.dbpedia.org/property/設置者>	"設置者"@ja	<http://ja.wikipedia.org/wiki/江東区立亀戸中学校>	<http://wikidata.dbpedia.org/resource/Q23985620>
<http://ja.dbpedia.org/resource/江東区立亀戸中学校>	"江東区立亀戸中学校"@ja	<http://dbpedia.org/ontology/School>	<http://ja.dbpedia.org/property/設置者>	"設置者"@ja	<http://ja.wikipedia.org/wiki/江東区立亀戸中学校>	<http://wikidata.dbpedia.org/resource/Q23985620>
<http://ja.dbpedia.org/resource/江東区立亀戸中学校>	"江東区立亀戸中学校"@ja	<http://dbpedia.org/ontology/EducationalInstitution>	<http://ja.dbpedia.org/property/設置者>	"設置者"@ja	<http://ja.wikipedia.org/wiki/江東区立亀戸中学校>	<http://wikidata.dbpedia.org/resource/Q23985620>
<http://ja.dbpedia.org/resource/江東区立図書館>	"江東区立図書館"@ja	<http://dbpedia.org/ontology/Agent>	<http://ja.dbpedia.org/property/事業主体>	"事業主体"@ja	<http://ja.wikipedia.org/wiki/江東区立図書館>	<http://wikidata.dbpedia.org/resource/Q11551176>
<http://ja.dbpedia.org/resource/江東区立図書館>	"江東区立図書館"@ja	<http://dbpedia.org/ontology/Library>	<http://ja.dbpedia.org/property/事業主体>	"事業主体"@ja	<http://ja.wikipedia.org/wiki/江東区立図書館>	<http://wikidata.dbpedia.org/resource/Q11551176>
<http://ja.dbpedia.org/resource/江東区立図書館>	"江東区立図書館"@ja	<http://dbpedia.org/ontology/Organisation>	<http://ja.dbpedia.org/property/事業主体>	"事業主体"@ja	<http://ja.wikipedia.org/wiki/江東区立図書館>	<http://wikidata.dbpedia.org/resource/Q11551176>
<http://ja.dbpedia.org/resource/江東区立図書館>	"江東区立図書館"@ja	<http://dbpedia.org/ontology/EducationalInstitution>	<http://ja.dbpedia.org/property/事業主体>	"事業主体"@ja	<http://ja.wikipedia.org/wiki/江東区立図書館>	<http://wikidata.dbpedia.org/resource/Q11551176>
<http://ja.dbpedia.org/resource/江東区立大島中学校>	"江東区立大島中学校"@ja	<http://dbpedia.org/ontology/Agent>	<http://ja.dbpedia.org/property/設置者>	"設置者"@ja	<http://ja.wikipedia.org/wiki/江東区立大島中学校>	<http://wikidata.dbpedia.org/resource/Q11551177>
<http://ja.dbpedia.org/resource/江東区立大島中学校>	"江東区立大島中学校"@ja	<http://dbpedia.org/ontology/Organisation>	<http://ja.dbpedia.org/property/設置者>	"設置者"@ja	<http://ja.wikipedia.org/wiki/江東区立大島中学校>	<http://wikidata.dbpedia.org/resource/Q11551177>
<http://ja.dbpedia.org/resource/江東区立大島中学校>	"江東区立大島中学校"@ja	<http://dbpedia.org/ontology/School>	<http://ja.dbpedia.org/property/設置者>	"設置者"@ja	<http://ja.wikipedia.org/wiki/江東区立大島中学校>	<http://wikidata.dbpedia.org/resource/Q11551177>
<http://ja.dbpedia.org/resource/江東区立大島中学校>	"江東区立大島中学校"@ja	<http://dbpedia.org/ontology/EducationalInstitution>	<http://ja.dbpedia.org/property/設置者>	"設置者"@ja	<http://ja.wikipedia.org/wiki/江東区立大島中学校>	<http://wikidata.dbpedia.org/resource/Q11551177>
<http://ja.dbpedia.org/resource/江東区立大島西中学校>	"江東区立大島西中学校"@ja	<http://dbpedia.org/ontology/Organisation>	<http://ja.dbpedia.org/property/設置者>	"設置者"@ja	<http://ja.wikipedia.org/wiki/江東区立大島西中学校>	<http://wikidata.dbpedia.org/resource/Q11551179>
<http://ja.dbpedia.org/resource/江東区立大島西中学校>	"江東区立大島西中学校"@ja	<http://dbpedia.org/ontology/Agent>	<http://ja.dbpedia.org/property/設置者>	"設置者"@ja	<http://ja.wikipedia.org/wiki/江東区立大島西中学校>	<http://wikidata.dbpedia.org/resource/Q11551179>
<http://ja.dbpedia.org/resource/江東区立大島西中学校>	"江東区立大島西中学校"@ja	<http://dbpedia.org/ontology/EducationalInstitution>	<http://ja.dbpedia.org/property/設置者>	"設置者"@ja	<http://ja.wikipedia.org/wiki/江東区立大島西中学校>	<http://wikidata.dbpedia.org/resource/Q11551179>
<http://ja.dbpedia.org/resource/江東区立大島西中学校>	"江東区立大島西中学校"@ja	<http://dbpedia.org/ontology/School>	<http://ja.dbpedia.org/property/設置者>	"設置者"@ja	<http://ja.wikipedia.org/wiki/江東区立大島西中学校>	<http://wikidata.dbpedia.org/resource/Q11551179>
<http://ja.dbpedia.org/resource/江東区立有明西学園>	"江東区立有明西学園"@ja	<http://dbpedia.org/ontology/Agent>	<http://ja.dbpedia.org/property/設置者>	"設置者"@ja	<http://ja.wikipedia.org/wiki/江東区立有明西学園>	<http://wikidata.dbpedia.org/resource/Q106512639>
<http://ja.dbpedia.org/resource/江東区立有明西学園>	"江東区立有明西学園"@ja	<http://dbpedia.org/ontology/Organisation>	<http://ja.dbpedia.org/property/設置者>	"設置者"@ja	<http://ja.wikipedia.org/wiki/江東区立有明西学園>	<http://wikidata.dbpedia.org/resource/Q106512639>
<http://ja.dbpedia.org/resource/江東区立有明西学園>	"江東区立有明西学園"@ja	<http://dbpedia.org/ontology/School>	<http://ja.dbpedia.org/property/設置者>	"設置者"@ja	<http://ja.wikipedia.org/wiki/江東区立有明西学園>	<http://wikidata.dbpedia.org/resource/Q106512639>
<http://ja.dbpedia.org/resource/江東区立有明西学園>	"江東区立有明西学園"@ja	<http://dbpedia.org/ontology/EducationalInstitution>	<http://ja.dbpedia.org/property/設置者>	"設置者"@ja	<http://ja.wikipedia.org/wiki/江東区立有明西学園>	<http://wikidata.dbpedia.org/resource/Q106512639>
<http://ja.dbpedia.org/resource/江東区立東陽中学校>	"江東区立東陽中学校"@ja	<http://dbpedia.org/ontology/Organisation>	<http://ja.dbpedia.org/property/設置者>	"設置者"@ja	<http://ja.wikipedia.org/wiki/江東区立東陽中学校>	<http://wikidata.dbpedia.org/resource/Q11551184>
<http://ja.dbpedia.org/resource/江東区立東陽中学校>	"江東区立東陽中学校"@ja	<http://dbpedia.org/ontology/Agent>	<http://ja.dbpedia.org/property/設置者>	"設置者"@ja	<http://ja.wikipedia.org/wiki/江東区立東陽中学校>	<http://wikidata.dbpedia.org/resource/Q11551184>
<http://ja.dbpedia.org/resource/江東区立東陽中学校>	"江東区立東陽中学校"@ja	<http://dbpedia.org/ontology/School>	<http://ja.dbpedia.org/property/設置者>	"設置者"@ja	<http://ja.wikipedia.org/wiki/江東区立東陽中学校>	<http://wikidata.dbpedia.org/resource/Q11551184>
<http://ja.dbpedia.org/resource/江東区立東陽中学校>	"江東区立東陽中学校"@ja	<http://dbpedia.org/ontology/EducationalInstitution>	<http://ja.dbpedia.org/property/設置者>	"設置者"@ja	<http://ja.wikipedia.org/wiki/江東区立東陽中学校>	<http://wikidata.dbpedia.org/resource/Q11551184>
<http://ja.dbpedia.org/resource/江東区立深川第一中学校>	"江東区立深川第一中学校"@ja	<http://dbpedia.org/ontology/Organisation>	<http://ja.dbpedia.org/property/設置者>	"設置者"@ja	<http://ja.wikipedia.org/wiki/江東区立深川第一中学校>	<http://wikidata.dbpedia.org/resource/Q11551187>
<http://ja.dbpedia.org/resource/江東区立深川第一中学校>	"江東区立深川第一中学校"@ja	<http://dbpedia.org/ontology/Agent>	<http://ja.dbpedia.org/property/設置者>	"設置者"@ja	<http://ja.wikipedia.org/wiki/江東区立深川第一中学校>	<http://wikidata.dbpedia.org/resource/Q11551187>
<http://ja.dbpedia.org/resource/江東区立深川第一中学校>	"江東区立深川第一中学校"@ja	<http://dbpedia.org/ontology/School>	<http://ja.dbpedia.org/property/設置者>	"設置者"@ja	<http://ja.wikipedia.org/wiki/江東区立深川第一中学校>	<http://wikidata.dbpedia.org/resource/Q11551187>
<http://ja.dbpedia.org/resource/江東区立深川第一中学校>	"江東区立深川第一中学校"@ja	<http://dbpedia.org/ontology/EducationalInstitution>	<http://ja.dbpedia.org/property/設置者>	"設置者"@ja	<http://ja.wikipedia.org/wiki/江東区立深川第一中学校>	<http://wikidata.dbpedia.org/resource/Q11551187>
<http://ja.dbpedia.org/resource/江東区立深川第三中学校>	"江東区立深川第三中学校"@ja	<http://dbpedia.org/ontology/Organisation>	<http://ja.dbpedia.org/property/設置者>	"設置者"@ja	<http://ja.wikipedia.org/wiki/江東区立深川第三中学校>	<http://wikidata.dbpedia.org/resource/Q11551189>
<http://ja.dbpedia.org/resource/江東区立深川第三中学校>	"江東区立深川第三中学校"@ja	<http://dbpedia.org/ontology/Agent>	<http://ja.dbpedia.org/property/設置者>	"設置者"@ja	<http://ja.wikipedia.org/wiki/江東区立深川第三中学校>	<http://wikidata.dbpedia.org/resource/Q11551189>
<http://ja.dbpedia.org/resource/江東区立深川第三中学校>	"江東区立深川第三中学校"@ja	<http://dbpedia.org/ontology/EducationalInstitution>	<http://ja.dbpedia.org/property/設置者>	"設置者"@ja	<http://ja.wikipedia.org/wiki/江東区立深川第三中学校>	<http://wikidata.dbpedia.org/resource/Q11551189>
<http://ja.dbpedia.org/resource/江東区立深川第三中学校>	"江東区立深川第三中学校"@ja	<http://dbpedia.org/ontology/School>	<http://ja.dbpedia.org/property/設置者>	"設置者"@ja	<http://ja.wikipedia.org/wiki/江東区立深川第三中学校>	<http://wikidata.dbpedia.org/resource/Q11551189>
<http://ja.dbpedia.org/resource/江東区立深川第二中学校>	"江東区立深川第二中学校"@ja	<http://dbpedia.org/ontology/Agent>	<http://ja.dbpedia.org/property/設置者>	"設置者"@ja	<http://ja.wikipedia.org/wiki/江東区立深川第二中学校>	<http://wikidata.dbpedia.org/resource/Q11551190>
<http://ja.dbpedia.org/resource/江東区立深川第二中学校>	"江東区立深川第二中学校"@ja	<http://dbpedia.org/ontology/Organisation>	<http://ja.dbpedia.org/property/設置者>	"設置者"@ja	<http://ja.wikipedia.org/wiki/江東区立深川第二中学校>	<http://wikidata.dbpedia.org/resource/Q11551190>
<http://ja.dbpedia.org/resource/江東区立深川第二中学校>	"江東区立深川第二中学校"@ja	<http://dbpedia.org/ontology/School>	<http://ja.dbpedia.org/property/設置者>	"設置者"@ja	<http://ja.wikipedia.org/wiki/江東区立深川第二中学校>	<http://wikidata.dbpedia.org/resource/Q11551190>
<http://ja.dbpedia.org/resource/江東区立深川第二中学校>	"江東区立深川第二中学校"@ja	<http://dbpedia.org/ontology/EducationalInstitution>	<http://ja.dbpedia.org/property/設置者>	"設置者"@ja	<http://ja.wikipedia.org/wiki/江東区立深川第二中学校>	<http://wikidata.dbpedia.org/resource/Q11551190>
<http://ja.dbpedia.org/resource/江東区立深川第五中学校>	"江東区立深川第五中学校"@ja	<http://dbpedia.org/ontology/Agent>	<http://ja.dbpedia.org/property/設置者>	"設置者"@ja	<http://ja.wikipedia.org/wiki/江東区立深川第五中学校>	<http://wikidata.dbpedia.org/resource/Q11551191>
<http://ja.dbpedia.org/resource/江東区立深川第五中学校>	"江東区立深川第五中学校"@ja	<http://dbpedia.org/ontology/Organisation>	<http://ja.dbpedia.org/property/設置者>	"設置者"@ja	<http://ja.wikipedia.org/wiki/江東区立深川第五中学校>	<http://wikidata.dbpedia.org/resource/Q11551191>
<http://ja.dbpedia.org/resource/江東区立深川第五中学校>	"江東区立深川第五中学校"@ja	<http://dbpedia.org/ontology/School>	<http://ja.dbpedia.org/property/設置者>	"設置者"@ja	<http://ja.wikipedia.org/wiki/江東区立深川第五中学校>	<http://wikidata.dbpedia.org/resource/Q11551191>
<http://ja.dbpedia.org/resource/江東区立深川第五中学校>	"江東区立深川第五中学校"@ja	<http://dbpedia.org/ontology/EducationalInstitution>	<http://ja.dbpedia.org/property/設置者>	"設置者"@ja	<http://ja.wikipedia.org/wiki/江東区立深川第五中学校>	<http://wikidata.dbpedia.org/resource/Q11551191>
<http://ja.dbpedia.org/resource/江東区立深川第八中学校>	"江東区立深川第八中学校"@ja	<http://dbpedia.org/ontology/Organisation>	<http://ja.dbpedia.org/property/設置者>	"設置者"@ja	<http://ja.wikipedia.org/wiki/江東区立深川第八中学校>	<http://wikidata.dbpedia.org/resource/Q11551192>
<http://ja.dbpedia.org/resource/江東区立深川第八中学校>	"江東区立深川第八中学校"@ja	<http://dbpedia.org/ontology/Agent>	<http://ja.dbpedia.org/property/設置者>	"設置者"@ja	<http://ja.wikipedia.org/wiki/江東区立深川第八中学校>	<http://wikidata.dbpedia.org/resource/Q11551192>
<http://ja.dbpedia.org/resource/江東区立深川第八中学校>	"江東区立深川第八中学校"@ja	<http://dbpedia.org/ontology/School>	<http://ja.dbpedia.org/property/設置者>	"設置者"@ja	<http://ja.wikipedia.org/wiki/江東区立深川第八中学校>	<http://wikidata.dbpedia.org/resource/Q11551192>
<http://ja.dbpedia.org/resource/江東区立深川第八中学校>	"江東区立深川第八中学校"@ja	<http://dbpedia.org/ontology/EducationalInstitution>	<http://ja.dbpedia.org/property/設置者>	"設置者"@ja	<http://ja.wikipedia.org/wiki/江東区立深川第八中学校>	<http://wikidata.dbpedia.org/resource/Q11551192>
<http://ja.dbpedia.org/resource/江東区立深川第六中学校>	"江東区立深川第六中学校"@ja	<http://dbpedia.org/ontology/Organisation>	<http://ja.dbpedia.org/property/設置者>	"設置者"@ja	<http://ja.wikipedia.org/wiki/江東区立深川第六中学校>	<http://wikidata.dbpedia.org/resource/Q11551193>
<http://ja.dbpedia.org/resource/江東区立深川第六中学校>	"江東区立深川第六中学校"@ja	<http://dbpedia.org/ontology/Agent>	<http://ja.dbpedia.org/property/設置者>	"設置者"@ja	<http://ja.wikipedia.org/wiki/江東区立深川第六中学校>	<http://wikidata.dbpedia.org/resource/Q11551193>
<http://ja.dbpedia.org/resource/江東区立深川第六中学校>	"江東区立深川第六中学校"@ja	<http://dbpedia.org/ontology/School>	<http://ja.dbpedia.org/property/設置者>	"設置者"@ja	<http://ja.wikipedia.org/wiki/江東区立深川第六中学校>	<http://wikidata.dbpedia.org/resource/Q11551193>
<http://ja.dbpedia.org/resource/江東区立深川第六中学校>	"江東区立深川第六中学校"@ja	<http://dbpedia.org/ontology/EducationalInstitution>	<http://ja.dbpedia.org/property/設置者>	"設置者"@ja	<http://ja.wikipedia.org/wiki/江東区立深川第六中学校>	<http://wikidata.dbpedia.org/resource/Q11551193>
<http://ja.dbpedia.org/resource/江東区立深川第四中学校>	"江東区立深川第四中学校"@ja	<http://dbpedia.org/ontology/Organisation>	<http://ja.dbpedia.org/property/設置者>	"設置者"@ja	<http://ja.wikipedia.org/wiki/江東区立深川第四中学校>	<http://wikidata.dbpedia.org/resource/Q11551194>
<http://ja.dbpedia.org/resource/江東区立深川第四中学校>	"江東区立深川第四中学校"@ja	<http://dbpedia.org/ontology/Agent>	<http://ja.dbpedia.org/property/設置者>	"設置者"@ja	<http://ja.wikipedia.org/wiki/江東区立深川第四中学校>	<http://wikidata.dbpedia.org/resource/Q11551194>
<http://ja.dbpedia.org/resource/江東区立深川第四中学校>	"江東区立深川第四中学校"@ja	<http://dbpedia.org/ontology/School>	<http://ja.dbpedia.org/property/設置者>	"設置者"@ja	<http://ja.wikipedia.org/wiki/江東区立深川第四中学校>	<http://wikidata.dbpedia.org/resource/Q11551194>
<http://ja.dbpedia.org/resource/江東区立深川第四中学校>	"江東区立深川第四中学校"@ja	<http://dbpedia.org/ontology/EducationalInstitution>	<http://ja.dbpedia.org/property/設置者>	"設置者"@ja	<http://ja.wikipedia.org/wiki/江東区立深川第四中学校>	<http://wikidata.dbpedia.org/resource/Q11551194>
<http://ja.dbpedia.org/resource/江東区立第七砂町小学校>	"江東区立第七砂町小学校"@ja	<http://dbpedia.org/ontology/EducationalInstitution>	<http://ja.dbpedia.org/property/設置者>	"設置者"@ja	<http://ja.wikipedia.org/wiki/江東区立第七砂町小学校>	<http://wikidata.dbpedia.org/resource/Q81916578>
<http://ja.dbpedia.org/resource/江東区立第七砂町小学校>	"江東区立第七砂町小学校"@ja	<http://dbpedia.org/ontology/School>	<http://ja.dbpedia.org/property/設置者>	"設置者"@ja	<http://ja.wikipedia.org/wiki/江東区立第七砂町小学校>	<http://wikidata.dbpedia.org/resource/Q81916578>
<http://ja.dbpedia.org/resource/江東区立第七砂町小学校>	"江東区立第七砂町小学校"@ja	<http://dbpedia.org/ontology/Organisation>	<http://ja.dbpedia.org/property/設置者>	"設置者"@ja	<http://ja.wikipedia.org/wiki/江東区立第七砂町小学校>	<http://wikidata.dbpedia.org/resource/Q81916578>
<http://ja.dbpedia.org/resource/江東区立第七砂町小学校>	"江東区立第七砂町小学校"@ja	<http://dbpedia.org/ontology/Agent>	<http://ja.dbpedia.org/property/設置者>	"設置者"@ja	<http://ja.wikipedia.org/wiki/江東区立第七砂町小学校>	<http://wikidata.dbpedia.org/resource/Q81916578>
<http://ja.dbpedia.org/resource/江東区立第三大島小学校>	"江東区立第三大島小学校"@ja	<http://dbpedia.org/ontology/Organisation>	<http://ja.dbpedia.org/property/設置者>	"設置者"@ja	<http://ja.wikipedia.org/wiki/江東区立第三大島小学校>	<http://wikidata.dbpedia.org/resource/Q81916561>
<http://ja.dbpedia.org/resource/江東区立第三大島小学校>	"江東区立第三大島小学校"@ja	<http://dbpedia.org/ontology/Agent>	<http://ja.dbpedia.org/property/設置者>	"設置者"@ja	<http://ja.wikipedia.org/wiki/江東区立第三大島小学校>	<http://wikidata.dbpedia.org/resource/Q81916561>
<http://ja.dbpedia.org/resource/江東区立第三大島小学校>	"江東区立第三大島小学校"@ja	<http://dbpedia.org/ontology/EducationalInstitution>	<http://ja.dbpedia.org/property/設置者>	"設置者"@ja	<http://ja.wikipedia.org/wiki/江東区立第三大島小学校>	<http://wikidata.dbpedia.org/resource/Q81916561>
<http://ja.dbpedia.org/resource/江東区立第三大島小学校>	"江東区立第三大島小学校"@ja	<http://dbpedia.org/ontology/School>	<http://ja.dbpedia.org/property/設置者>	"設置者"@ja	<http://ja.wikipedia.org/wiki/江東区立第三大島小学校>	<http://wikidata.dbpedia.org/resource/Q81916561>
<http://ja.dbpedia.org/resource/海の森>	"海の森"@ja	<http://dbpedia.org/ontology/Location>	<http://ja.dbpedia.org/property/subdivisionName>	"subdivision name"@ja	<http://ja.wikipedia.org/wiki/海の森>	<http://wikidata.dbpedia.org/resource/Q11363816>
<http://ja.dbpedia.org/resource/海の森>	"海の森"@ja	<http://dbpedia.org/ontology/PopulatedPlace>	<http://ja.dbpedia.org/property/subdivisionName>	"subdivision name"@ja	<http://ja.wikipedia.org/wiki/海の森>	<http://wikidata.dbpedia.org/resource/Q11363816>
<http://ja.dbpedia.org/resource/海の森>	"海の森"@ja	<http://dbpedia.org/ontology/Settlement>	<http://ja.dbpedia.org/property/subdivisionName>	"subdivision name"@ja	<http://ja.wikipedia.org/wiki/海の森>	<http://wikidata.dbpedia.org/resource/Q11363816>
<http://ja.dbpedia.org/resource/海の森>	"海の森"@ja	<http://dbpedia.org/ontology/Place>	<http://ja.dbpedia.org/property/subdivisionName>	"subdivision name"@ja	<http://ja.wikipedia.org/wiki/海の森>	<http://wikidata.dbpedia.org/resource/Q11363816>
<http://ja.dbpedia.org/resource/海辺_(江東区)>	"海辺 (江東区)"@ja	<http://dbpedia.org/ontology/Location>	<http://ja.dbpedia.org/property/subdivisionName>	"subdivision name"@ja	<http://ja.wikipedia.org/wiki/海辺_(江東区)>	<http://wikidata.dbpedia.org/resource/Q11559301>
<http://ja.dbpedia.org/resource/海辺_(江東区)>	"海辺 (江東区)"@ja	<http://dbpedia.org/ontology/PopulatedPlace>	<http://ja.dbpedia.org/property/subdivisionName>	"subdivision name"@ja	<http://ja.wikipedia.org/wiki/海辺_(江東区)>	<http://wikidata.dbpedia.org/resource/Q11559301>
<http://ja.dbpedia.org/resource/海辺_(江東区)>	"海辺 (江東区)"@ja	<http://dbpedia.org/ontology/Settlement>	<http://ja.dbpedia.org/property/subdivisionName>	"subdivision name"@ja	<http://ja.wikipedia.org/wiki/海辺_(江東区)>	<http://wikidata.dbpedia.org/resource/Q11559301>
<http://ja.dbpedia.org/resource/海辺_(江東区)>	"海辺 (江東区)"@ja	<http://dbpedia.org/ontology/Place>	<http://ja.dbpedia.org/property/subdivisionName>	"subdivision name"@ja	<http://ja.wikipedia.org/wiki/海辺_(江東区)>	<http://wikidata.dbpedia.org/resource/Q11559301>
<http://ja.dbpedia.org/resource/深川_(江東区)>	"深川 (江東区)"@ja	<http://dbpedia.org/ontology/PopulatedPlace>	<http://ja.dbpedia.org/property/subdivisionName>	"subdivision name"@ja	<http://ja.wikipedia.org/wiki/深川_(江東区)>	<http://wikidata.dbpedia.org/resource/Q3090689>
<http://ja.dbpedia.org/resource/深川_(江東区)>	"深川 (江東区)"@ja	<http://dbpedia.org/ontology/Location>	<http://ja.dbpedia.org/property/subdivisionName>	"subdivision name"@ja	<http://ja.wikipedia.org/wiki/深川_(江東区)>	<http://wikidata.dbpedia.org/resource/Q3090689>
<http://ja.dbpedia.org/resource/深川_(江東区)>	"深川 (江東区)"@ja	<http://dbpedia.org/ontology/Place>	<http://ja.dbpedia.org/property/subdivisionName>	"subdivision name"@ja	<http://ja.wikipedia.org/wiki/深川_(江東区)>	<http://wikidata.dbpedia.org/resource/Q3090689>
<http://ja.dbpedia.org/resource/深川_(江東区)>	"深川 (江東区)"@ja	<http://dbpedia.org/ontology/Settlement>	<http://ja.dbpedia.org/property/subdivisionName>	"subdivision name"@ja	<http://ja.wikipedia.org/wiki/深川_(江東区)>	<http://wikidata.dbpedia.org/resource/Q3090689>
<http://ja.dbpedia.org/resource/深川区>	"深川区"@ja	<http://dbpedia.org/ontology/Location>	<http://ja.dbpedia.org/property/現在の自治体>	"現在の自治体"@ja	<http://ja.wikipedia.org/wiki/深川区>	<http://wikidata.dbpedia.org/resource/Q11559997>
<http://ja.dbpedia.org/resource/深川区>	"深川区"@ja	<http://dbpedia.org/ontology/PopulatedPlace>	<http://ja.dbpedia.org/property/現在の自治体>	"現在の自治体"@ja	<http://ja.wikipedia.org/wiki/深川区>	<http://wikidata.dbpedia.org/resource/Q11559997>
<http://ja.dbpedia.org/resource/深川区>	"深川区"@ja	<http://dbpedia.org/ontology/Settlement>	<http://ja.dbpedia.org/property/現在の自治体>	"現在の自治体"@ja	<http://ja.wikipedia.org/wiki/深川区>	<http://wikidata.dbpedia.org/resource/Q11559997>
<http://ja.dbpedia.org/resource/深川区>	"深川区"@ja	<http://dbpedia.org/ontology/City>	<http://ja.dbpedia.org/property/現在の自治体>	"現在の自治体"@ja	<http://ja.wikipedia.org/wiki/深川区>	<http://wikidata.dbpedia.org/resource/Q11559997>
<http://ja.dbpedia.org/resource/深川区>	"深川区"@ja	<http://dbpedia.org/ontology/Place>	<http://ja.dbpedia.org/property/現在の自治体>	"現在の自治体"@ja	<http://ja.wikipedia.org/wiki/深川区>	<http://wikidata.dbpedia.org/resource/Q11559997>
<http://ja.dbpedia.org/resource/深川江戸資料館>	"深川江戸資料館"@ja	<http://dbpedia.org/ontology/Building>	<http://ja.dbpedia.org/property/事業主体>	"事業主体"@ja	<http://ja.wikipedia.org/wiki/深川江戸資料館>	<http://wikidata.dbpedia.org/resource/Q3090685>
<http://ja.dbpedia.org/resource/深川江戸資料館>	"深川江戸資料館"@ja	<http://dbpedia.org/ontology/ArchitecturalStructure>	<http://ja.dbpedia.org/property/事業主体>	"事業主体"@ja	<http://ja.wikipedia.org/wiki/深川江戸資料館>	<http://wikidata.dbpedia.org/resource/Q3090685>
<http://ja.dbpedia.org/resource/深川江戸資料館>	"深川江戸資料館"@ja	<http://dbpedia.org/ontology/Museum>	<http://ja.dbpedia.org/property/事業主体>	"事業主体"@ja	<http://ja.wikipedia.org/wiki/深川江戸資料館>	<http://wikidata.dbpedia.org/resource/Q3090685>
<http://ja.dbpedia.org/resource/清澄_(江東区)>	"清澄 (江東区)"@ja	<http://dbpedia.org/ontology/PopulatedPlace>	<http://ja.dbpedia.org/property/subdivisionName>	"subdivision name"@ja	<http://ja.wikipedia.org/wiki/清澄_(江東区)>	<http://wikidata.dbpedia.org/resource/Q11561314>
<http://ja.dbpedia.org/resource/清澄_(江東区)>	"清澄 (江東区)"@ja	<http://dbpedia.org/ontology/Location>	<http://ja.dbpedia.org/property/subdivisionName>	"subdivision name"@ja	<http://ja.wikipedia.org/wiki/清澄_(江東区)>	<http://wikidata.dbpedia.org/resource/Q11561314>
<http://ja.dbpedia.org/resource/清澄_(江東区)>	"清澄 (江東区)"@ja	<http://dbpedia.org/ontology/Settlement>	<http://ja.dbpedia.org/property/subdivisionName>	"subdivision name"@ja	<http://ja.wikipedia.org/wiki/清澄_(江東区)>	<http://wikidata.dbpedia.org/resource/Q11561314>
<http://ja.dbpedia.org/resource/清澄_(江東区)>	"清澄 (江東区)"@ja	<http://dbpedia.org/ontology/Place>	<http://ja.dbpedia.org/property/subdivisionName>	"subdivision name"@ja	<http://ja.wikipedia.org/wiki/清澄_(江東区)>	<http://wikidata.dbpedia.org/resource/Q11561314>
<http://ja.dbpedia.org/resource/潮見>	"潮見"@ja	<http://dbpedia.org/ontology/PopulatedPlace>	<http://ja.dbpedia.org/property/subdivisionName>	"subdivision name"@ja	<http://ja.wikipedia.org/wiki/潮見>	<http://wikidata.dbpedia.org/resource/Q11565732>
<http://ja.dbpedia.org/resource/潮見>	"潮見"@ja	<http://dbpedia.org/ontology/Location>	<http://ja.dbpedia.org/property/subdivisionName>	"subdivision name"@ja	<http://ja.wikipedia.org/wiki/潮見>	<http://wikidata.dbpedia.org/resource/Q11565732>
<http://ja.dbpedia.org/resource/潮見>	"潮見"@ja	<http://dbpedia.org/ontology/Settlement>	<http://ja.dbpedia.org/property/subdivisionName>	"subdivision name"@ja	<http://ja.wikipedia.org/wiki/潮見>	<http://wikidata.dbpedia.org/resource/Q11565732>
<http://ja.dbpedia.org/resource/潮見>	"潮見"@ja	<http://dbpedia.org/ontology/Place>	<http://ja.dbpedia.org/property/subdivisionName>	"subdivision name"@ja	<http://ja.wikipedia.org/wiki/潮見>	<http://wikidata.dbpedia.org/resource/Q11565732>
<http://ja.dbpedia.org/resource/牡丹_(江東区)>	"牡丹 (江東区)"@ja	<http://dbpedia.org/ontology/Place>	<http://ja.dbpedia.org/property/subdivisionName>	"subdivision name"@ja	<http://ja.wikipedia.org/wiki/牡丹_(江東区)>	<http://wikidata.dbpedia.org/resource/Q11570309>
<http://ja.dbpedia.org/resource/牡丹_(江東区)>	"牡丹 (江東区)"@ja	<http://dbpedia.org/ontology/Settlement>	<http://ja.dbpedia.org/property/subdivisionName>	"subdivision name"@ja	<http://ja.wikipedia.org/wiki/牡丹_(江東区)>	<http://wikidata.dbpedia.org/resource/Q11570309>
<http://ja.dbpedia.org/resource/牡丹_(江東区)>	"牡丹 (江東区)"@ja	<http://dbpedia.org/ontology/PopulatedPlace>	<http://ja.dbpedia.org/property/subdivisionName>	"subdivision name"@ja	<http://ja.wikipedia.org/wiki/牡丹_(江東区)>	<http://wikidata.dbpedia.org/resource/Q11570309>
<http://ja.dbpedia.org/resource/牡丹_(江東区)>	"牡丹 (江東区)"@ja	<http://dbpedia.org/ontology/Location>	<http://ja.dbpedia.org/property/subdivisionName>	"subdivision name"@ja	<http://ja.wikipedia.org/wiki/牡丹_(江東区)>	<http://wikidata.dbpedia.org/resource/Q11570309>
<http://ja.dbpedia.org/resource/猿江>	"猿江"@ja	<http://dbpedia.org/ontology/PopulatedPlace>	<http://ja.dbpedia.org/property/subdivisionName>	"subdivision name"@ja	<http://ja.wikipedia.org/wiki/猿江>	<http://wikidata.dbpedia.org/resource/Q11572127>
<http://ja.dbpedia.org/resource/猿江>	"猿江"@ja	<http://dbpedia.org/ontology/Location>	<http://ja.dbpedia.org/property/subdivisionName>	"subdivision name"@ja	<http://ja.wikipedia.org/wiki/猿江>	<http://wikidata.dbpedia.org/resource/Q11572127>
<http://ja.dbpedia.org/resource/猿江>	"猿江"@ja	<http://dbpedia.org/ontology/Settlement>	<http://ja.dbpedia.org/property/subdivisionName>	"subdivision name"@ja	<http://ja.wikipedia.org/wiki/猿江>	<http://wikidata.dbpedia.org/resource/Q11572127>
<http://ja.dbpedia.org/resource/猿江>	"猿江"@ja	<http://dbpedia.org/ontology/Place>	<http://ja.dbpedia.org/property/subdivisionName>	"subdivision name"@ja	<http://ja.wikipedia.org/wiki/猿江>	<http://wikidata.dbpedia.org/resource/Q11572127>
<http://ja.dbpedia.org/resource/田河水泡・のらくろ館>	"田河水泡・のらくろ館"@ja	<http://dbpedia.org/ontology/Building>	<http://ja.dbpedia.org/property/事業主体>	"事業主体"@ja	<http://ja.wikipedia.org/wiki/田河水泡・のらくろ館>	<http://wikidata.dbpedia.org/resource/Q17209701>
<http://ja.dbpedia.org/resource/田河水泡・のらくろ館>	"田河水泡・のらくろ館"@ja	<http://dbpedia.org/ontology/Museum>	<http://ja.dbpedia.org/property/事業主体>	"事業主体"@ja	<http://ja.wikipedia.org/wiki/田河水泡・のらくろ館>	<http://wikidata.dbpedia.org/resource/Q17209701>
<http://ja.dbpedia.org/resource/田河水泡・のらくろ館>	"田河水泡・のらくろ館"@ja	<http://dbpedia.org/ontology/ArchitecturalStructure>	<http://ja.dbpedia.org/property/事業主体>	"事業主体"@ja	<http://ja.wikipedia.org/wiki/田河水泡・のらくろ館>	<http://wikidata.dbpedia.org/resource/Q17209701>
<http://ja.dbpedia.org/resource/白戸太朗>	"白戸太朗"@ja	<http://dbpedia.org/ontology/Animal>	<http://ja.dbpedia.org/property/選挙区>	"選挙区"@ja	<http://ja.wikipedia.org/wiki/白戸太朗>	<http://wikidata.dbpedia.org/resource/Q11579775>
<http://ja.dbpedia.org/resource/白戸太朗>	"白戸太朗"@ja	<http://dbpedia.org/ontology/Politician>	<http://ja.dbpedia.org/property/選挙区>	"選挙区"@ja	<http://ja.wikipedia.org/wiki/白戸太朗>	<http://wikidata.dbpedia.org/resource/Q11579775>
<http://ja.dbpedia.org/resource/白戸太朗>	"白戸太朗"@ja	<http://dbpedia.org/ontology/Eukaryote>	<http://ja.dbpedia.org/property/選挙区>	"選挙区"@ja	<http://ja.wikipedia.org/wiki/白戸太朗>	<http://wikidata.dbpedia.org/resource/Q11579775>
<http://ja.dbpedia.org/resource/白戸太朗>	"白戸太朗"@ja	<http://dbpedia.org/ontology/Species>	<http://ja.dbpedia.org/property/選挙区>	"選挙区"@ja	<http://ja.wikipedia.org/wiki/白戸太朗>	<http://wikidata.dbpedia.org/resource/Q11579775>
<http://ja.dbpedia.org/resource/白戸太朗>	"白戸太朗"@ja	<http://dbpedia.org/ontology/Person>	<http://ja.dbpedia.org/property/選挙区>	"選挙区"@ja	<http://ja.wikipedia.org/wiki/白戸太朗>	<http://wikidata.dbpedia.org/resource/Q11579775>
<http://ja.dbpedia.org/resource/白河_(江東区)>	"白河 (江東区)"@ja	<http://dbpedia.org/ontology/Settlement>	<http://ja.dbpedia.org/property/subdivisionName>	"subdivision name"@ja	<http://ja.wikipedia.org/wiki/白河_(江東区)>	<http://wikidata.dbpedia.org/resource/Q11579942>
<http://ja.dbpedia.org/resource/白河_(江東区)>	"白河 (江東区)"@ja	<http://dbpedia.org/ontology/Place>	<http://ja.dbpedia.org/property/subdivisionName>	"subdivision name"@ja	<http://ja.wikipedia.org/wiki/白河_(江東区)>	<http://wikidata.dbpedia.org/resource/Q11579942>
<http://ja.dbpedia.org/resource/白河_(江東区)>	"白河 (江東区)"@ja	<http://dbpedia.org/ontology/Location>	<http://ja.dbpedia.org/property/subdivisionName>	"subdivision name"@ja	<http://ja.wikipedia.org/wiki/白河_(江東区)>	<http://wikidata.dbpedia.org/resource/Q11579942>
<http://ja.dbpedia.org/resource/白河_(江東区)>	"白河 (江東区)"@ja	<http://dbpedia.org/ontology/PopulatedPlace>	<http://ja.dbpedia.org/property/subdivisionName>	"subdivision name"@ja	<http://ja.wikipedia.org/wiki/白河_(江東区)>	<http://wikidata.dbpedia.org/resource/Q11579942>
<http://ja.dbpedia.org/resource/石島_(江東区)>	"石島 (江東区)"@ja	<http://dbpedia.org/ontology/PopulatedPlace>	<http://ja.dbpedia.org/property/subdivisionName>	"subdivision name"@ja	<http://ja.wikipedia.org/wiki/石島_(江東区)>	<http://wikidata.dbpedia.org/resource/Q11585588>
<http://ja.dbpedia.org/resource/石島_(江東区)>	"石島 (江東区)"@ja	<http://dbpedia.org/ontology/Location>	<http://ja.dbpedia.org/property/subdivisionName>	"subdivision name"@ja	<http://ja.wikipedia.org/wiki/石島_(江東区)>	<http://wikidata.dbpedia.org/resource/Q11585588>
<http://ja.dbpedia.org/resource/石島_(江東区)>	"石島 (江東区)"@ja	<http://dbpedia.org/ontology/Place>	<http://ja.dbpedia.org/property/subdivisionName>	"subdivision name"@ja	<http://ja.wikipedia.org/wiki/石島_(江東区)>	<http://wikidata.dbpedia.org/resource/Q11585588>
<http://ja.dbpedia.org/resource/石島_(江東区)>	"石島 (江東区)"@ja	<http://dbpedia.org/ontology/Settlement>	<http://ja.dbpedia.org/property/subdivisionName>	"subdivision name"@ja	<http://ja.wikipedia.org/wiki/石島_(江東区)>	<http://wikidata.dbpedia.org/resource/Q11585588>
<http://ja.dbpedia.org/resource/福住_(江東区)>	"福住 (江東区)"@ja	<http://dbpedia.org/ontology/Location>	<http://ja.dbpedia.org/property/subdivisionName>	"subdivision name"@ja	<http://ja.wikipedia.org/wiki/福住_(江東区)>	<http://wikidata.dbpedia.org/resource/Q11591781>
<http://ja.dbpedia.org/resource/福住_(江東区)>	"福住 (江東区)"@ja	<http://dbpedia.org/ontology/PopulatedPlace>	<http://ja.dbpedia.org/property/subdivisionName>	"subdivision name"@ja	<http://ja.wikipedia.org/wiki/福住_(江東区)>	<http://wikidata.dbpedia.org/resource/Q11591781>
<http://ja.dbpedia.org/resource/福住_(江東区)>	"福住 (江東区)"@ja	<http://dbpedia.org/ontology/Settlement>	<http://ja.dbpedia.org/property/subdivisionName>	"subdivision name"@ja	<http://ja.wikipedia.org/wiki/福住_(江東区)>	<http://wikidata.dbpedia.org/resource/Q11591781>
<http://ja.dbpedia.org/resource/福住_(江東区)>	"福住 (江東区)"@ja	<http://dbpedia.org/ontology/Place>	<http://ja.dbpedia.org/property/subdivisionName>	"subdivision name"@ja	<http://ja.wikipedia.org/wiki/福住_(江東区)>	<http://wikidata.dbpedia.org/resource/Q11591781>
<http://ja.dbpedia.org/resource/笑点_特大号>	"笑点 特大号"@ja	<http://dbpedia.org/ontology/Work>	<http://ja.dbpedia.org/property/画像説明>	"画像説明"@ja	<http://ja.wikipedia.org/wiki/笑点_特大号>	<http://wikidata.dbpedia.org/resource/Q11599608>
<http://ja.dbpedia.org/resource/笑点_特大号>	"笑点 特大号"@ja	<http://dbpedia.org/ontology/TelevisionShow>	<http://ja.dbpedia.org/property/画像説明>	"画像説明"@ja	<http://ja.wikipedia.org/wiki/笑点_特大号>	<http://wikidata.dbpedia.org/resource/Q11599608>
<http://ja.dbpedia.org/resource/若洲>	"若洲"@ja	<http://dbpedia.org/ontology/Location>	<http://ja.dbpedia.org/property/subdivisionName>	"subdivision name"@ja	<http://ja.wikipedia.org/wiki/若洲>	<http://wikidata.dbpedia.org/resource/Q542110>
<http://ja.dbpedia.org/resource/若洲>	"若洲"@ja	<http://dbpedia.org/ontology/PopulatedPlace>	<http://ja.dbpedia.org/property/subdivisionName>	"subdivision name"@ja	<http://ja.wikipedia.org/wiki/若洲>	<http://wikidata.dbpedia.org/resource/Q542110>
<http://ja.dbpedia.org/resource/若洲>	"若洲"@ja	<http://dbpedia.org/ontology/Settlement>	<http://ja.dbpedia.org/property/subdivisionName>	"subdivision name"@ja	<http://ja.wikipedia.org/wiki/若洲>	<http://wikidata.dbpedia.org/resource/Q542110>
<http://ja.dbpedia.org/resource/若洲>	"若洲"@ja	<http://dbpedia.org/ontology/Place>	<http://ja.dbpedia.org/property/subdivisionName>	"subdivision name"@ja	<http://ja.wikipedia.org/wiki/若洲>	<http://wikidata.dbpedia.org/resource/Q542110>
<http://ja.dbpedia.org/resource/豊洲>	"豊洲"@ja	<http://dbpedia.org/ontology/PopulatedPlace>	<http://ja.dbpedia.org/property/subdivisionName>	"subdivision name"@ja	<http://ja.wikipedia.org/wiki/豊洲>	<http://wikidata.dbpedia.org/resource/Q3536037>
<http://ja.dbpedia.org/resource/豊洲>	"豊洲"@ja	<http://dbpedia.org/ontology/Location>	<http://ja.dbpedia.org/property/subdivisionName>	"subdivision name"@ja	<http://ja.wikipedia.org/wiki/豊洲>	<http://wikidata.dbpedia.org/resource/Q3536037>
<http://ja.dbpedia.org/resource/豊洲>	"豊洲"@ja	<http://dbpedia.org/ontology/Place>	<http://ja.dbpedia.org/property/subdivisionName>	"subdivision name"@ja	<http://ja.wikipedia.org/wiki/豊洲>	<http://wikidata.dbpedia.org/resource/Q3536037>
<http://ja.dbpedia.org/resource/豊洲>	"豊洲"@ja	<http://dbpedia.org/ontology/Settlement>	<http://ja.dbpedia.org/property/subdivisionName>	"subdivision name"@ja	<http://ja.wikipedia.org/wiki/豊洲>	<http://wikidata.dbpedia.org/resource/Q3536037>
<http://ja.dbpedia.org/resource/越中島>	"越中島"@ja	<http://dbpedia.org/ontology/Location>	<http://ja.dbpedia.org/property/subdivisionName>	"subdivision name"@ja	<http://ja.wikipedia.org/wiki/越中島>	<http://wikidata.dbpedia.org/resource/Q11636385>
<http://ja.dbpedia.org/resource/越中島>	"越中島"@ja	<http://dbpedia.org/ontology/PopulatedPlace>	<http://ja.dbpedia.org/property/subdivisionName>	"subdivision name"@ja	<http://ja.wikipedia.org/wiki/越中島>	<http://wikidata.dbpedia.org/resource/Q11636385>
<http://ja.dbpedia.org/resource/越中島>	"越中島"@ja	<http://dbpedia.org/ontology/Settlement>	<http://ja.dbpedia.org/property/subdivisionName>	"subdivision name"@ja	<http://ja.wikipedia.org/wiki/越中島>	<http://wikidata.dbpedia.org/resource/Q11636385>
<http://ja.dbpedia.org/resource/越中島>	"越中島"@ja	<http://dbpedia.org/ontology/Place>	<http://ja.dbpedia.org/property/subdivisionName>	"subdivision name"@ja	<http://ja.wikipedia.org/wiki/越中島>	<http://wikidata.dbpedia.org/resource/Q11636385>
<http://ja.dbpedia.org/resource/辰巳_(江東区)>	"辰巳 (江東区)"@ja	<http://dbpedia.org/ontology/PopulatedPlace>	<http://ja.dbpedia.org/property/subdivisionName>	"subdivision name"@ja	<http://ja.wikipedia.org/wiki/辰巳_(江東区)>	<http://wikidata.dbpedia.org/resource/Q11637858>
<http://ja.dbpedia.org/resource/辰巳_(江東区)>	"辰巳 (江東区)"@ja	<http://dbpedia.org/ontology/Location>	<http://ja.dbpedia.org/property/subdivisionName>	"subdivision name"@ja	<http://ja.wikipedia.org/wiki/辰巳_(江東区)>	<http://wikidata.dbpedia.org/resource/Q11637858>
<http://ja.dbpedia.org/resource/辰巳_(江東区)>	"辰巳 (江東区)"@ja	<http://dbpedia.org/ontology/Settlement>	<http://ja.dbpedia.org/property/subdivisionName>	"subdivision name"@ja	<http://ja.wikipedia.org/wiki/辰巳_(江東区)>	<http://wikidata.dbpedia.org/resource/Q11637858>
<http://ja.dbpedia.org/resource/辰巳_(江東区)>	"辰巳 (江東区)"@ja	<http://dbpedia.org/ontology/Place>	<http://ja.dbpedia.org/property/subdivisionName>	"subdivision name"@ja	<http://ja.wikipedia.org/wiki/辰巳_(江東区)>	<http://wikidata.dbpedia.org/resource/Q11637858>
<http://ja.dbpedia.org/resource/門前仲町>	"門前仲町"@ja	<http://dbpedia.org/ontology/PopulatedPlace>	<http://ja.dbpedia.org/property/subdivisionName>	"subdivision name"@ja	<http://ja.wikipedia.org/wiki/門前仲町>	<http://wikidata.dbpedia.org/resource/Q11654956>
<http://ja.dbpedia.org/resource/門前仲町>	"門前仲町"@ja	<http://dbpedia.org/ontology/Location>	<http://ja.dbpedia.org/property/subdivisionName>	"subdivision name"@ja	<http://ja.wikipedia.org/wiki/門前仲町>	<http://wikidata.dbpedia.org/resource/Q11654956>
<http://ja.dbpedia.org/resource/門前仲町>	"門前仲町"@ja	<http://dbpedia.org/ontology/Place>	<http://ja.dbpedia.org/property/subdivisionName>	"subdivision name"@ja	<http://ja.wikipedia.org/wiki/門前仲町>	<http://wikidata.dbpedia.org/resource/Q11654956>
<http://ja.dbpedia.org/resource/門前仲町>	"門前仲町"@ja	<http://dbpedia.org/ontology/Settlement>	<http://ja.dbpedia.org/property/subdivisionName>	"subdivision name"@ja	<http://ja.wikipedia.org/wiki/門前仲町>	<http://wikidata.dbpedia.org/resource/Q11654956>
<http://ja.dbpedia.org/resource/青海_(江東区)>	"青海 (江東区)"@ja	<http://dbpedia.org/ontology/Location>	<http://ja.dbpedia.org/property/subdivisionName>	"subdivision name"@ja	<http://ja.wikipedia.org/wiki/青海_(江東区)>	<http://wikidata.dbpedia.org/resource/Q4778662>
<http://ja.dbpedia.org/resource/青海_(江東区)>	"青海 (江東区)"@ja	<http://dbpedia.org/ontology/PopulatedPlace>	<http://ja.dbpedia.org/property/subdivisionName>	"subdivision name"@ja	<http://ja.wikipedia.org/wiki/青海_(江東区)>	<http://wikidata.dbpedia.org/resource/Q4778662>
<http://ja.dbpedia.org/resource/青海_(江東区)>	"青海 (江東区)"@ja	<http://dbpedia.org/ontology/Settlement>	<http://ja.dbpedia.org/property/subdivisionName>	"subdivision name"@ja	<http://ja.wikipedia.org/wiki/青海_(江東区)>	<http://wikidata.dbpedia.org/resource/Q4778662>
<http://ja.dbpedia.org/resource/青海_(江東区)>	"青海 (江東区)"@ja	<http://dbpedia.org/ontology/Place>	<http://ja.dbpedia.org/property/subdivisionName>	"subdivision name"@ja	<http://ja.wikipedia.org/wiki/青海_(江東区)>	<http://wikidata.dbpedia.org/resource/Q4778662>
<http://ja.dbpedia.org/resource/高橋_(江東区)>	"高橋 (江東区)"@ja	<http://dbpedia.org/ontology/PopulatedPlace>	<http://ja.dbpedia.org/property/subdivisionName>	"subdivision name"@ja	<http://ja.wikipedia.org/wiki/高橋_(江東区)>	<http://wikidata.dbpedia.org/resource/Q11670864>
<http://ja.dbpedia.org/resource/高橋_(江東区)>	"高橋 (江東区)"@ja	<http://dbpedia.org/ontology/Location>	<http://ja.dbpedia.org/property/subdivisionName>	"subdivision name"@ja	<http://ja.wikipedia.org/wiki/高橋_(江東区)>	<http://wikidata.dbpedia.org/resource/Q11670864>
<http://ja.dbpedia.org/resource/高橋_(江東区)>	"高橋 (江東区)"@ja	<http://dbpedia.org/ontology/Settlement>	<http://ja.dbpedia.org/property/subdivisionName>	"subdivision name"@ja	<http://ja.wikipedia.org/wiki/高橋_(江東区)>	<http://wikidata.dbpedia.org/resource/Q11670864>
<http://ja.dbpedia.org/resource/高橋_(江東区)>	"高橋 (江東区)"@ja	<http://dbpedia.org/ontology/Place>	<http://ja.dbpedia.org/property/subdivisionName>	"subdivision name"@ja	<http://ja.wikipedia.org/wiki/高橋_(江東区)>	<http://wikidata.dbpedia.org/resource/Q11670864>
