?s	?sLabel	?type	?p	?pLabel	?jwiki	?wd
<http://ja.dbpedia.org/resource/上池袋>	"上池袋"@ja	<http://dbpedia.org/ontology/Place>	<http://ja.dbpedia.org/property/subdivisionName>	"subdivision name"@ja	<http://ja.wikipedia.org/wiki/上池袋>	<http://wikidata.dbpedia.org/resource/Q11359503>
<http://ja.dbpedia.org/resource/上池袋>	"上池袋"@ja	<http://dbpedia.org/ontology/Settlement>	<http://ja.dbpedia.org/property/subdivisionName>	"subdivision name"@ja	<http://ja.wikipedia.org/wiki/上池袋>	<http://wikidata.dbpedia.org/resource/Q11359503>
<http://ja.dbpedia.org/resource/上池袋>	"上池袋"@ja	<http://dbpedia.org/ontology/Location>	<http://ja.dbpedia.org/property/subdivisionName>	"subdivision name"@ja	<http://ja.wikipedia.org/wiki/上池袋>	<http://wikidata.dbpedia.org/resource/Q11359503>
<http://ja.dbpedia.org/resource/上池袋>	"上池袋"@ja	<http://dbpedia.org/ontology/PopulatedPlace>	<http://ja.dbpedia.org/property/subdivisionName>	"subdivision name"@ja	<http://ja.wikipedia.org/wiki/上池袋>	<http://wikidata.dbpedia.org/resource/Q11359503>
<http://ja.dbpedia.org/resource/北大塚>	"北大塚"@ja	<http://dbpedia.org/ontology/Place>	<http://ja.dbpedia.org/property/subdivisionName>	"subdivision name"@ja	<http://ja.wikipedia.org/wiki/北大塚>	<http://wikidata.dbpedia.org/resource/Q11401341>
<http://ja.dbpedia.org/resource/北大塚>	"北大塚"@ja	<http://dbpedia.org/ontology/Settlement>	<http://ja.dbpedia.org/property/subdivisionName>	"subdivision name"@ja	<http://ja.wikipedia.org/wiki/北大塚>	<http://wikidata.dbpedia.org/resource/Q11401341>
<http://ja.dbpedia.org/resource/北大塚>	"北大塚"@ja	<http://dbpedia.org/ontology/Location>	<http://ja.dbpedia.org/property/subdivisionName>	"subdivision name"@ja	<http://ja.wikipedia.org/wiki/北大塚>	<http://wikidata.dbpedia.org/resource/Q11401341>
<http://ja.dbpedia.org/resource/北大塚>	"北大塚"@ja	<http://dbpedia.org/ontology/PopulatedPlace>	<http://ja.dbpedia.org/property/subdivisionName>	"subdivision name"@ja	<http://ja.wikipedia.org/wiki/北大塚>	<http://wikidata.dbpedia.org/resource/Q11401341>
<http://ja.dbpedia.org/resource/千川_(豊島区)>	"千川 (豊島区)"@ja	<http://dbpedia.org/ontology/Place>	<http://ja.dbpedia.org/property/subdivisionName>	"subdivision name"@ja	<http://ja.wikipedia.org/wiki/千川_(豊島区)>	<http://wikidata.dbpedia.org/resource/Q11405467>
<http://ja.dbpedia.org/resource/千川_(豊島区)>	"千川 (豊島区)"@ja	<http://dbpedia.org/ontology/Settlement>	<http://ja.dbpedia.org/property/subdivisionName>	"subdivision name"@ja	<http://ja.wikipedia.org/wiki/千川_(豊島区)>	<http://wikidata.dbpedia.org/resource/Q11405467>
<http://ja.dbpedia.org/resource/千川_(豊島区)>	"千川 (豊島区)"@ja	<http://dbpedia.org/ontology/Location>	<http://ja.dbpedia.org/property/subdivisionName>	"subdivision name"@ja	<http://ja.wikipedia.org/wiki/千川_(豊島区)>	<http://wikidata.dbpedia.org/resource/Q11405467>
<http://ja.dbpedia.org/resource/千川_(豊島区)>	"千川 (豊島区)"@ja	<http://dbpedia.org/ontology/PopulatedPlace>	<http://ja.dbpedia.org/property/subdivisionName>	"subdivision name"@ja	<http://ja.wikipedia.org/wiki/千川_(豊島区)>	<http://wikidata.dbpedia.org/resource/Q11405467>
<http://ja.dbpedia.org/resource/千早_(豊島区)>	"千早 (豊島区)"@ja	<http://dbpedia.org/ontology/Location>	<http://ja.dbpedia.org/property/subdivisionName>	"subdivision name"@ja	<http://ja.wikipedia.org/wiki/千早_(豊島区)>	<http://wikidata.dbpedia.org/resource/Q11405541>
<http://ja.dbpedia.org/resource/千早_(豊島区)>	"千早 (豊島区)"@ja	<http://dbpedia.org/ontology/PopulatedPlace>	<http://ja.dbpedia.org/property/subdivisionName>	"subdivision name"@ja	<http://ja.wikipedia.org/wiki/千早_(豊島区)>	<http://wikidata.dbpedia.org/resource/Q11405541>
<http://ja.dbpedia.org/resource/千早_(豊島区)>	"千早 (豊島区)"@ja	<http://dbpedia.org/ontology/Settlement>	<http://ja.dbpedia.org/property/subdivisionName>	"subdivision name"@ja	<http://ja.wikipedia.org/wiki/千早_(豊島区)>	<http://wikidata.dbpedia.org/resource/Q11405541>
<http://ja.dbpedia.org/resource/千早_(豊島区)>	"千早 (豊島区)"@ja	<http://dbpedia.org/ontology/Place>	<http://ja.dbpedia.org/property/subdivisionName>	"subdivision name"@ja	<http://ja.wikipedia.org/wiki/千早_(豊島区)>	<http://wikidata.dbpedia.org/resource/Q11405541>
<http://ja.dbpedia.org/resource/南大塚_(豊島区)>	"南大塚 (豊島区)"@ja	<http://dbpedia.org/ontology/Location>	<http://ja.dbpedia.org/property/subdivisionName>	"subdivision name"@ja	<http://ja.wikipedia.org/wiki/南大塚_(豊島区)>	<http://wikidata.dbpedia.org/resource/Q11407671>
<http://ja.dbpedia.org/resource/南大塚_(豊島区)>	"南大塚 (豊島区)"@ja	<http://dbpedia.org/ontology/PopulatedPlace>	<http://ja.dbpedia.org/property/subdivisionName>	"subdivision name"@ja	<http://ja.wikipedia.org/wiki/南大塚_(豊島区)>	<http://wikidata.dbpedia.org/resource/Q11407671>
<http://ja.dbpedia.org/resource/南大塚_(豊島区)>	"南大塚 (豊島区)"@ja	<http://dbpedia.org/ontology/Settlement>	<http://ja.dbpedia.org/property/subdivisionName>	"subdivision name"@ja	<http://ja.wikipedia.org/wiki/南大塚_(豊島区)>	<http://wikidata.dbpedia.org/resource/Q11407671>
<http://ja.dbpedia.org/resource/南大塚_(豊島区)>	"南大塚 (豊島区)"@ja	<http://dbpedia.org/ontology/Place>	<http://ja.dbpedia.org/property/subdivisionName>	"subdivision name"@ja	<http://ja.wikipedia.org/wiki/南大塚_(豊島区)>	<http://wikidata.dbpedia.org/resource/Q11407671>
<http://ja.dbpedia.org/resource/南池袋>	"南池袋"@ja	<http://dbpedia.org/ontology/Place>	<http://ja.dbpedia.org/property/subdivisionName>	"subdivision name"@ja	<http://ja.wikipedia.org/wiki/南池袋>	<http://wikidata.dbpedia.org/resource/Q11408044>
<http://ja.dbpedia.org/resource/南池袋>	"南池袋"@ja	<http://dbpedia.org/ontology/Settlement>	<http://ja.dbpedia.org/property/subdivisionName>	"subdivision name"@ja	<http://ja.wikipedia.org/wiki/南池袋>	<http://wikidata.dbpedia.org/resource/Q11408044>
<http://ja.dbpedia.org/resource/南池袋>	"南池袋"@ja	<http://dbpedia.org/ontology/Location>	<http://ja.dbpedia.org/property/subdivisionName>	"subdivision name"@ja	<http://ja.wikipedia.org/wiki/南池袋>	<http://wikidata.dbpedia.org/resource/Q11408044>
<http://ja.dbpedia.org/resource/南池袋>	"南池袋"@ja	<http://dbpedia.org/ontology/PopulatedPlace>	<http://ja.dbpedia.org/property/subdivisionName>	"subdivision name"@ja	<http://ja.wikipedia.org/wiki/南池袋>	<http://wikidata.dbpedia.org/resource/Q11408044>
<http://ja.dbpedia.org/resource/南長崎>	"南長崎"@ja	<http://dbpedia.org/ontology/Place>	<http://ja.dbpedia.org/property/subdivisionName>	"subdivision name"@ja	<http://ja.wikipedia.org/wiki/南長崎>	<http://wikidata.dbpedia.org/resource/Q11408694>
<http://ja.dbpedia.org/resource/南長崎>	"南長崎"@ja	<http://dbpedia.org/ontology/Settlement>	<http://ja.dbpedia.org/property/subdivisionName>	"subdivision name"@ja	<http://ja.wikipedia.org/wiki/南長崎>	<http://wikidata.dbpedia.org/resource/Q11408694>
<http://ja.dbpedia.org/resource/南長崎>	"南長崎"@ja	<http://dbpedia.org/ontology/PopulatedPlace>	<http://ja.dbpedia.org/property/subdivisionName>	"subdivision name"@ja	<http://ja.wikipedia.org/wiki/南長崎>	<http://wikidata.dbpedia.org/resource/Q11408694>
<http://ja.dbpedia.org/resource/南長崎>	"南長崎"@ja	<http://dbpedia.org/ontology/Location>	<http://ja.dbpedia.org/property/subdivisionName>	"subdivision name"@ja	<http://ja.wikipedia.org/wiki/南長崎>	<http://wikidata.dbpedia.org/resource/Q11408694>
<http://ja.dbpedia.org/resource/小石川区>	"小石川区"@ja	<http://dbpedia.org/ontology/Place>	<http://ja.dbpedia.org/property/隣接自治体>	"隣接自治体"@ja	<http://ja.wikipedia.org/wiki/小石川区>	<http://wikidata.dbpedia.org/resource/Q11463266>
<http://ja.dbpedia.org/resource/小石川区>	"小石川区"@ja	<http://dbpedia.org/ontology/PopulatedPlace>	<http://ja.dbpedia.org/property/northwest>	"Northwest"@ja	<http://ja.wikipedia.org/wiki/小石川区>	<http://wikidata.dbpedia.org/resource/Q11463266>
<http://ja.dbpedia.org/resource/小石川区>	"小石川区"@ja	<http://dbpedia.org/ontology/Location>	<http://ja.dbpedia.org/property/northwest>	"Northwest"@ja	<http://ja.wikipedia.org/wiki/小石川区>	<http://wikidata.dbpedia.org/resource/Q11463266>
<http://ja.dbpedia.org/resource/小石川区>	"小石川区"@ja	<http://dbpedia.org/ontology/City>	<http://ja.dbpedia.org/property/隣接自治体>	"隣接自治体"@ja	<http://ja.wikipedia.org/wiki/小石川区>	<http://wikidata.dbpedia.org/resource/Q11463266>
<http://ja.dbpedia.org/resource/小石川区>	"小石川区"@ja	<http://dbpedia.org/ontology/Settlement>	<http://ja.dbpedia.org/property/northwest>	"Northwest"@ja	<http://ja.wikipedia.org/wiki/小石川区>	<http://wikidata.dbpedia.org/resource/Q11463266>
<http://ja.dbpedia.org/resource/小石川区>	"小石川区"@ja	<http://dbpedia.org/ontology/Settlement>	<http://ja.dbpedia.org/property/隣接自治体>	"隣接自治体"@ja	<http://ja.wikipedia.org/wiki/小石川区>	<http://wikidata.dbpedia.org/resource/Q11463266>
<http://ja.dbpedia.org/resource/小石川区>	"小石川区"@ja	<http://dbpedia.org/ontology/City>	<http://ja.dbpedia.org/property/northwest>	"Northwest"@ja	<http://ja.wikipedia.org/wiki/小石川区>	<http://wikidata.dbpedia.org/resource/Q11463266>
<http://ja.dbpedia.org/resource/小石川区>	"小石川区"@ja	<http://dbpedia.org/ontology/PopulatedPlace>	<http://ja.dbpedia.org/property/隣接自治体>	"隣接自治体"@ja	<http://ja.wikipedia.org/wiki/小石川区>	<http://wikidata.dbpedia.org/resource/Q11463266>
<http://ja.dbpedia.org/resource/小石川区>	"小石川区"@ja	<http://dbpedia.org/ontology/Place>	<http://ja.dbpedia.org/property/northwest>	"Northwest"@ja	<http://ja.wikipedia.org/wiki/小石川区>	<http://wikidata.dbpedia.org/resource/Q11463266>
<http://ja.dbpedia.org/resource/小石川区>	"小石川区"@ja	<http://dbpedia.org/ontology/Location>	<http://ja.dbpedia.org/property/隣接自治体>	"隣接自治体"@ja	<http://ja.wikipedia.org/wiki/小石川区>	<http://wikidata.dbpedia.org/resource/Q11463266>
<http://ja.dbpedia.org/resource/巣鴨>	"巣鴨"@ja	<http://dbpedia.org/ontology/Place>	<http://ja.dbpedia.org/property/subdivisionName>	"subdivision name"@ja	<http://ja.wikipedia.org/wiki/巣鴨>	<http://wikidata.dbpedia.org/resource/Q2469308>
<http://ja.dbpedia.org/resource/巣鴨>	"巣鴨"@ja	<http://dbpedia.org/ontology/Settlement>	<http://ja.dbpedia.org/property/subdivisionName>	"subdivision name"@ja	<http://ja.wikipedia.org/wiki/巣鴨>	<http://wikidata.dbpedia.org/resource/Q2469308>
<http://ja.dbpedia.org/resource/巣鴨>	"巣鴨"@ja	<http://dbpedia.org/ontology/Location>	<http://ja.dbpedia.org/property/subdivisionName>	"subdivision name"@ja	<http://ja.wikipedia.org/wiki/巣鴨>	<http://wikidata.dbpedia.org/resource/Q2469308>
<http://ja.dbpedia.org/resource/巣鴨>	"巣鴨"@ja	<http://dbpedia.org/ontology/PopulatedPlace>	<http://ja.dbpedia.org/property/subdivisionName>	"subdivision name"@ja	<http://ja.wikipedia.org/wiki/巣鴨>	<http://wikidata.dbpedia.org/resource/Q2469308>
<http://ja.dbpedia.org/resource/本橋弘隆>	"本橋弘隆"@ja	<http://dbpedia.org/ontology/Person>	<http://ja.dbpedia.org/property/選挙区>	"選挙区"@ja	<http://ja.wikipedia.org/wiki/本橋弘隆>	<http://wikidata.dbpedia.org/resource/Q108110016>
<http://ja.dbpedia.org/resource/本橋弘隆>	"本橋弘隆"@ja	<http://dbpedia.org/ontology/Species>	<http://ja.dbpedia.org/property/選挙区>	"選挙区"@ja	<http://ja.wikipedia.org/wiki/本橋弘隆>	<http://wikidata.dbpedia.org/resource/Q108110016>
<http://ja.dbpedia.org/resource/本橋弘隆>	"本橋弘隆"@ja	<http://dbpedia.org/ontology/Animal>	<http://ja.dbpedia.org/property/選挙区>	"選挙区"@ja	<http://ja.wikipedia.org/wiki/本橋弘隆>	<http://wikidata.dbpedia.org/resource/Q108110016>
<http://ja.dbpedia.org/resource/本橋弘隆>	"本橋弘隆"@ja	<http://dbpedia.org/ontology/Politician>	<http://ja.dbpedia.org/property/選挙区>	"選挙区"@ja	<http://ja.wikipedia.org/wiki/本橋弘隆>	<http://wikidata.dbpedia.org/resource/Q108110016>
<http://ja.dbpedia.org/resource/本橋弘隆>	"本橋弘隆"@ja	<http://dbpedia.org/ontology/Eukaryote>	<http://ja.dbpedia.org/property/選挙区>	"選挙区"@ja	<http://ja.wikipedia.org/wiki/本橋弘隆>	<http://wikidata.dbpedia.org/resource/Q108110016>
<http://ja.dbpedia.org/resource/本郷区>	"本郷区"@ja	<http://dbpedia.org/ontology/Place>	<http://ja.dbpedia.org/property/隣接自治体>	"隣接自治体"@ja	<http://ja.wikipedia.org/wiki/本郷区>	<http://wikidata.dbpedia.org/resource/Q11520865>
<http://ja.dbpedia.org/resource/本郷区>	"本郷区"@ja	<http://dbpedia.org/ontology/City>	<http://ja.dbpedia.org/property/隣接自治体>	"隣接自治体"@ja	<http://ja.wikipedia.org/wiki/本郷区>	<http://wikidata.dbpedia.org/resource/Q11520865>
<http://ja.dbpedia.org/resource/本郷区>	"本郷区"@ja	<http://dbpedia.org/ontology/Settlement>	<http://ja.dbpedia.org/property/隣接自治体>	"隣接自治体"@ja	<http://ja.wikipedia.org/wiki/本郷区>	<http://wikidata.dbpedia.org/resource/Q11520865>
<http://ja.dbpedia.org/resource/本郷区>	"本郷区"@ja	<http://dbpedia.org/ontology/PopulatedPlace>	<http://ja.dbpedia.org/property/隣接自治体>	"隣接自治体"@ja	<http://ja.wikipedia.org/wiki/本郷区>	<http://wikidata.dbpedia.org/resource/Q11520865>
<http://ja.dbpedia.org/resource/本郷区>	"本郷区"@ja	<http://dbpedia.org/ontology/Location>	<http://ja.dbpedia.org/property/隣接自治体>	"隣接自治体"@ja	<http://ja.wikipedia.org/wiki/本郷区>	<http://wikidata.dbpedia.org/resource/Q11520865>
<http://ja.dbpedia.org/resource/杉柾夫>	"杉柾夫"@ja	<http://dbpedia.org/ontology/Politician>	<http://ja.dbpedia.org/property/選挙区>	"選挙区"@ja	<http://ja.wikipedia.org/wiki/杉柾夫>	<http://wikidata.dbpedia.org/resource/Q11522169>
<http://ja.dbpedia.org/resource/杉柾夫>	"杉柾夫"@ja	<http://dbpedia.org/ontology/Animal>	<http://ja.dbpedia.org/property/選挙区>	"選挙区"@ja	<http://ja.wikipedia.org/wiki/杉柾夫>	<http://wikidata.dbpedia.org/resource/Q11522169>
<http://ja.dbpedia.org/resource/杉柾夫>	"杉柾夫"@ja	<http://dbpedia.org/ontology/Eukaryote>	<http://ja.dbpedia.org/property/選挙区>	"選挙区"@ja	<http://ja.wikipedia.org/wiki/杉柾夫>	<http://wikidata.dbpedia.org/resource/Q11522169>
<http://ja.dbpedia.org/resource/杉柾夫>	"杉柾夫"@ja	<http://dbpedia.org/ontology/Species>	<http://ja.dbpedia.org/property/選挙区>	"選挙区"@ja	<http://ja.wikipedia.org/wiki/杉柾夫>	<http://wikidata.dbpedia.org/resource/Q11522169>
<http://ja.dbpedia.org/resource/杉柾夫>	"杉柾夫"@ja	<http://dbpedia.org/ontology/Person>	<http://ja.dbpedia.org/property/選挙区>	"選挙区"@ja	<http://ja.wikipedia.org/wiki/杉柾夫>	<http://wikidata.dbpedia.org/resource/Q11522169>
<http://ja.dbpedia.org/resource/東池袋>	"東池袋"@ja	<http://dbpedia.org/ontology/Settlement>	<http://ja.dbpedia.org/property/subdivisionName>	"subdivision name"@ja	<http://ja.wikipedia.org/wiki/東池袋>	<http://wikidata.dbpedia.org/resource/Q11527572>
<http://ja.dbpedia.org/resource/東池袋>	"東池袋"@ja	<http://dbpedia.org/ontology/Place>	<http://ja.dbpedia.org/property/subdivisionName>	"subdivision name"@ja	<http://ja.wikipedia.org/wiki/東池袋>	<http://wikidata.dbpedia.org/resource/Q11527572>
<http://ja.dbpedia.org/resource/東池袋>	"東池袋"@ja	<http://dbpedia.org/ontology/Location>	<http://ja.dbpedia.org/property/subdivisionName>	"subdivision name"@ja	<http://ja.wikipedia.org/wiki/東池袋>	<http://wikidata.dbpedia.org/resource/Q11527572>
<http://ja.dbpedia.org/resource/東池袋>	"東池袋"@ja	<http://dbpedia.org/ontology/PopulatedPlace>	<http://ja.dbpedia.org/property/subdivisionName>	"subdivision name"@ja	<http://ja.wikipedia.org/wiki/東池袋>	<http://wikidata.dbpedia.org/resource/Q11527572>
<http://ja.dbpedia.org/resource/池袋>	"池袋"@ja	<http://dbpedia.org/ontology/Place>	<http://ja.dbpedia.org/property/subdivisionName>	"subdivision name"@ja	<http://ja.wikipedia.org/wiki/池袋>	<http://wikidata.dbpedia.org/resource/Q542366>
<http://ja.dbpedia.org/resource/池袋>	"池袋"@ja	<http://dbpedia.org/ontology/Settlement>	<http://ja.dbpedia.org/property/subdivisionName>	"subdivision name"@ja	<http://ja.wikipedia.org/wiki/池袋>	<http://wikidata.dbpedia.org/resource/Q542366>
<http://ja.dbpedia.org/resource/池袋>	"池袋"@ja	<http://dbpedia.org/ontology/PopulatedPlace>	<http://ja.dbpedia.org/property/subdivisionName>	"subdivision name"@ja	<http://ja.wikipedia.org/wiki/池袋>	<http://wikidata.dbpedia.org/resource/Q542366>
<http://ja.dbpedia.org/resource/池袋>	"池袋"@ja	<http://dbpedia.org/ontology/Location>	<http://ja.dbpedia.org/property/subdivisionName>	"subdivision name"@ja	<http://ja.wikipedia.org/wiki/池袋>	<http://wikidata.dbpedia.org/resource/Q542366>
<http://ja.dbpedia.org/resource/池袋本町>	"池袋本町"@ja	<http://dbpedia.org/ontology/Place>	<http://ja.dbpedia.org/property/subdivisionName>	"subdivision name"@ja	<http://ja.wikipedia.org/wiki/池袋本町>	<http://wikidata.dbpedia.org/resource/Q11552240>
<http://ja.dbpedia.org/resource/池袋本町>	"池袋本町"@ja	<http://dbpedia.org/ontology/Settlement>	<http://ja.dbpedia.org/property/subdivisionName>	"subdivision name"@ja	<http://ja.wikipedia.org/wiki/池袋本町>	<http://wikidata.dbpedia.org/resource/Q11552240>
<http://ja.dbpedia.org/resource/池袋本町>	"池袋本町"@ja	<http://dbpedia.org/ontology/PopulatedPlace>	<http://ja.dbpedia.org/property/subdivisionName>	"subdivision name"@ja	<http://ja.wikipedia.org/wiki/池袋本町>	<http://wikidata.dbpedia.org/resource/Q11552240>
<http://ja.dbpedia.org/resource/池袋本町>	"池袋本町"@ja	<http://dbpedia.org/ontology/Location>	<http://ja.dbpedia.org/property/subdivisionName>	"subdivision name"@ja	<http://ja.wikipedia.org/wiki/池袋本町>	<http://wikidata.dbpedia.org/resource/Q11552240>
<http://ja.dbpedia.org/resource/淀橋区>	"淀橋区"@ja	<http://dbpedia.org/ontology/PopulatedPlace>	<http://ja.dbpedia.org/property/隣接自治体>	"隣接自治体"@ja	<http://ja.wikipedia.org/wiki/淀橋区>	<http://wikidata.dbpedia.org/resource/Q1258165>
<http://ja.dbpedia.org/resource/淀橋区>	"淀橋区"@ja	<http://dbpedia.org/ontology/City>	<http://ja.dbpedia.org/property/north>	"North"@ja	<http://ja.wikipedia.org/wiki/淀橋区>	<http://wikidata.dbpedia.org/resource/Q1258165>
<http://ja.dbpedia.org/resource/淀橋区>	"淀橋区"@ja	<http://dbpedia.org/ontology/Place>	<http://ja.dbpedia.org/property/north>	"North"@ja	<http://ja.wikipedia.org/wiki/淀橋区>	<http://wikidata.dbpedia.org/resource/Q1258165>
<http://ja.dbpedia.org/resource/淀橋区>	"淀橋区"@ja	<http://dbpedia.org/ontology/Settlement>	<http://ja.dbpedia.org/property/隣接自治体>	"隣接自治体"@ja	<http://ja.wikipedia.org/wiki/淀橋区>	<http://wikidata.dbpedia.org/resource/Q1258165>
<http://ja.dbpedia.org/resource/淀橋区>	"淀橋区"@ja	<http://dbpedia.org/ontology/Location>	<http://ja.dbpedia.org/property/隣接自治体>	"隣接自治体"@ja	<http://ja.wikipedia.org/wiki/淀橋区>	<http://wikidata.dbpedia.org/resource/Q1258165>
<http://ja.dbpedia.org/resource/淀橋区>	"淀橋区"@ja	<http://dbpedia.org/ontology/Location>	<http://ja.dbpedia.org/property/north>	"North"@ja	<http://ja.wikipedia.org/wiki/淀橋区>	<http://wikidata.dbpedia.org/resource/Q1258165>
<http://ja.dbpedia.org/resource/淀橋区>	"淀橋区"@ja	<http://dbpedia.org/ontology/Place>	<http://ja.dbpedia.org/property/隣接自治体>	"隣接自治体"@ja	<http://ja.wikipedia.org/wiki/淀橋区>	<http://wikidata.dbpedia.org/resource/Q1258165>
<http://ja.dbpedia.org/resource/淀橋区>	"淀橋区"@ja	<http://dbpedia.org/ontology/PopulatedPlace>	<http://ja.dbpedia.org/property/north>	"North"@ja	<http://ja.wikipedia.org/wiki/淀橋区>	<http://wikidata.dbpedia.org/resource/Q1258165>
<http://ja.dbpedia.org/resource/淀橋区>	"淀橋区"@ja	<http://dbpedia.org/ontology/City>	<http://ja.dbpedia.org/property/隣接自治体>	"隣接自治体"@ja	<http://ja.wikipedia.org/wiki/淀橋区>	<http://wikidata.dbpedia.org/resource/Q1258165>
<http://ja.dbpedia.org/resource/淀橋区>	"淀橋区"@ja	<http://dbpedia.org/ontology/Settlement>	<http://ja.dbpedia.org/property/north>	"North"@ja	<http://ja.wikipedia.org/wiki/淀橋区>	<http://wikidata.dbpedia.org/resource/Q1258165>
<http://ja.dbpedia.org/resource/滝野川区>	"滝野川区"@ja	<http://dbpedia.org/ontology/Place>	<http://ja.dbpedia.org/property/隣接自治体>	"隣接自治体"@ja	<http://ja.wikipedia.org/wiki/滝野川区>	<http://wikidata.dbpedia.org/resource/Q11565315>
<http://ja.dbpedia.org/resource/滝野川区>	"滝野川区"@ja	<http://dbpedia.org/ontology/City>	<http://ja.dbpedia.org/property/隣接自治体>	"隣接自治体"@ja	<http://ja.wikipedia.org/wiki/滝野川区>	<http://wikidata.dbpedia.org/resource/Q11565315>
<http://ja.dbpedia.org/resource/滝野川区>	"滝野川区"@ja	<http://dbpedia.org/ontology/Settlement>	<http://ja.dbpedia.org/property/隣接自治体>	"隣接自治体"@ja	<http://ja.wikipedia.org/wiki/滝野川区>	<http://wikidata.dbpedia.org/resource/Q11565315>
<http://ja.dbpedia.org/resource/滝野川区>	"滝野川区"@ja	<http://dbpedia.org/ontology/PopulatedPlace>	<http://ja.dbpedia.org/property/隣接自治体>	"隣接自治体"@ja	<http://ja.wikipedia.org/wiki/滝野川区>	<http://wikidata.dbpedia.org/resource/Q11565315>
<http://ja.dbpedia.org/resource/滝野川区>	"滝野川区"@ja	<http://dbpedia.org/ontology/Location>	<http://ja.dbpedia.org/property/隣接自治体>	"隣接自治体"@ja	<http://ja.wikipedia.org/wiki/滝野川区>	<http://wikidata.dbpedia.org/resource/Q11565315>
<http://ja.dbpedia.org/resource/目白>	"目白"@ja	<http://dbpedia.org/ontology/Settlement>	<http://ja.dbpedia.org/property/subdivisionName>	"subdivision name"@ja	<http://ja.wikipedia.org/wiki/目白>	<http://wikidata.dbpedia.org/resource/Q3304792>
<http://ja.dbpedia.org/resource/目白>	"目白"@ja	<http://dbpedia.org/ontology/Place>	<http://ja.dbpedia.org/property/subdivisionName>	"subdivision name"@ja	<http://ja.wikipedia.org/wiki/目白>	<http://wikidata.dbpedia.org/resource/Q3304792>
<http://ja.dbpedia.org/resource/目白>	"目白"@ja	<http://dbpedia.org/ontology/Location>	<http://ja.dbpedia.org/property/subdivisionName>	"subdivision name"@ja	<http://ja.wikipedia.org/wiki/目白>	<http://wikidata.dbpedia.org/resource/Q3304792>
<http://ja.dbpedia.org/resource/目白>	"目白"@ja	<http://dbpedia.org/ontology/PopulatedPlace>	<http://ja.dbpedia.org/property/subdivisionName>	"subdivision name"@ja	<http://ja.wikipedia.org/wiki/目白>	<http://wikidata.dbpedia.org/resource/Q3304792>
<http://ja.dbpedia.org/resource/西巣鴨>	"西巣鴨"@ja	<http://dbpedia.org/ontology/Location>	<http://ja.dbpedia.org/property/subdivisionName>	"subdivision name"@ja	<http://ja.wikipedia.org/wiki/西巣鴨>	<http://wikidata.dbpedia.org/resource/Q11628206>
<http://ja.dbpedia.org/resource/西巣鴨>	"西巣鴨"@ja	<http://dbpedia.org/ontology/PopulatedPlace>	<http://ja.dbpedia.org/property/subdivisionName>	"subdivision name"@ja	<http://ja.wikipedia.org/wiki/西巣鴨>	<http://wikidata.dbpedia.org/resource/Q11628206>
<http://ja.dbpedia.org/resource/西巣鴨>	"西巣鴨"@ja	<http://dbpedia.org/ontology/Settlement>	<http://ja.dbpedia.org/property/subdivisionName>	"subdivision name"@ja	<http://ja.wikipedia.org/wiki/西巣鴨>	<http://wikidata.dbpedia.org/resource/Q11628206>
<http://ja.dbpedia.org/resource/西巣鴨>	"西巣鴨"@ja	<http://dbpedia.org/ontology/Place>	<http://ja.dbpedia.org/property/subdivisionName>	"subdivision name"@ja	<http://ja.wikipedia.org/wiki/西巣鴨>	<http://wikidata.dbpedia.org/resource/Q11628206>
<http://ja.dbpedia.org/resource/西池袋>	"西池袋"@ja	<http://dbpedia.org/ontology/Location>	<http://ja.dbpedia.org/property/subdivisionName>	"subdivision name"@ja	<http://ja.wikipedia.org/wiki/西池袋>	<http://wikidata.dbpedia.org/resource/Q11628970>
<http://ja.dbpedia.org/resource/西池袋>	"西池袋"@ja	<http://dbpedia.org/ontology/PopulatedPlace>	<http://ja.dbpedia.org/property/subdivisionName>	"subdivision name"@ja	<http://ja.wikipedia.org/wiki/西池袋>	<http://wikidata.dbpedia.org/resource/Q11628970>
<http://ja.dbpedia.org/resource/西池袋>	"西池袋"@ja	<http://dbpedia.org/ontology/Settlement>	<http://ja.dbpedia.org/property/subdivisionName>	"subdivision name"@ja	<http://ja.wikipedia.org/wiki/西池袋>	<http://wikidata.dbpedia.org/resource/Q11628970>
<http://ja.dbpedia.org/resource/西池袋>	"西池袋"@ja	<http://dbpedia.org/ontology/Place>	<http://ja.dbpedia.org/property/subdivisionName>	"subdivision name"@ja	<http://ja.wikipedia.org/wiki/西池袋>	<http://wikidata.dbpedia.org/resource/Q11628970>
<http://ja.dbpedia.org/resource/要町_(豊島区)>	"要町 (豊島区)"@ja	<http://dbpedia.org/ontology/Location>	<http://ja.dbpedia.org/property/subdivisionName>	"subdivision name"@ja	<http://ja.wikipedia.org/wiki/要町_(豊島区)>	<http://wikidata.dbpedia.org/resource/Q11630052>
<http://ja.dbpedia.org/resource/要町_(豊島区)>	"要町 (豊島区)"@ja	<http://dbpedia.org/ontology/PopulatedPlace>	<http://ja.dbpedia.org/property/subdivisionName>	"subdivision name"@ja	<http://ja.wikipedia.org/wiki/要町_(豊島区)>	<http://wikidata.dbpedia.org/resource/Q11630052>
<http://ja.dbpedia.org/resource/要町_(豊島区)>	"要町 (豊島区)"@ja	<http://dbpedia.org/ontology/Settlement>	<http://ja.dbpedia.org/property/subdivisionName>	"subdivision name"@ja	<http://ja.wikipedia.org/wiki/要町_(豊島区)>	<http://wikidata.dbpedia.org/resource/Q11630052>
<http://ja.dbpedia.org/resource/要町_(豊島区)>	"要町 (豊島区)"@ja	<http://dbpedia.org/ontology/Place>	<http://ja.dbpedia.org/property/subdivisionName>	"subdivision name"@ja	<http://ja.wikipedia.org/wiki/要町_(豊島区)>	<http://wikidata.dbpedia.org/resource/Q11630052>
<http://ja.dbpedia.org/resource/豊島区立さくら小学校>	"豊島区立さくら小学校"@ja	<http://dbpedia.org/ontology/Organisation>	<http://ja.dbpedia.org/property/設置者>	"設置者"@ja	<http://ja.wikipedia.org/wiki/豊島区立さくら小学校>	<http://wikidata.dbpedia.org/resource/Q97170188>
<http://ja.dbpedia.org/resource/豊島区立さくら小学校>	"豊島区立さくら小学校"@ja	<http://dbpedia.org/ontology/Agent>	<http://ja.dbpedia.org/property/設置者>	"設置者"@ja	<http://ja.wikipedia.org/wiki/豊島区立さくら小学校>	<http://wikidata.dbpedia.org/resource/Q97170188>
<http://ja.dbpedia.org/resource/豊島区立さくら小学校>	"豊島区立さくら小学校"@ja	<http://dbpedia.org/ontology/School>	<http://ja.dbpedia.org/property/設置者>	"設置者"@ja	<http://ja.wikipedia.org/wiki/豊島区立さくら小学校>	<http://wikidata.dbpedia.org/resource/Q97170188>
<http://ja.dbpedia.org/resource/豊島区立さくら小学校>	"豊島区立さくら小学校"@ja	<http://dbpedia.org/ontology/EducationalInstitution>	<http://ja.dbpedia.org/property/設置者>	"設置者"@ja	<http://ja.wikipedia.org/wiki/豊島区立さくら小学校>	<http://wikidata.dbpedia.org/resource/Q97170188>
<http://ja.dbpedia.org/resource/豊島区立仰高小学校>	"豊島区立仰高小学校"@ja	<http://dbpedia.org/ontology/Organisation>	<http://ja.dbpedia.org/property/設置者>	"設置者"@ja	<http://ja.wikipedia.org/wiki/豊島区立仰高小学校>	<http://wikidata.dbpedia.org/resource/Q21019242>
<http://ja.dbpedia.org/resource/豊島区立仰高小学校>	"豊島区立仰高小学校"@ja	<http://dbpedia.org/ontology/Agent>	<http://ja.dbpedia.org/property/設置者>	"設置者"@ja	<http://ja.wikipedia.org/wiki/豊島区立仰高小学校>	<http://wikidata.dbpedia.org/resource/Q21019242>
<http://ja.dbpedia.org/resource/豊島区立仰高小学校>	"豊島区立仰高小学校"@ja	<http://dbpedia.org/ontology/EducationalInstitution>	<http://ja.dbpedia.org/property/設置者>	"設置者"@ja	<http://ja.wikipedia.org/wiki/豊島区立仰高小学校>	<http://wikidata.dbpedia.org/resource/Q21019242>
<http://ja.dbpedia.org/resource/豊島区立仰高小学校>	"豊島区立仰高小学校"@ja	<http://dbpedia.org/ontology/School>	<http://ja.dbpedia.org/property/設置者>	"設置者"@ja	<http://ja.wikipedia.org/wiki/豊島区立仰高小学校>	<http://wikidata.dbpedia.org/resource/Q21019242>
<http://ja.dbpedia.org/resource/豊島区立千川中学校>	"豊島区立千川中学校"@ja	<http://dbpedia.org/ontology/Agent>	<http://ja.dbpedia.org/property/設置者>	"設置者"@ja	<http://ja.wikipedia.org/wiki/豊島区立千川中学校>	<http://wikidata.dbpedia.org/resource/Q11633511>
<http://ja.dbpedia.org/resource/豊島区立千川中学校>	"豊島区立千川中学校"@ja	<http://dbpedia.org/ontology/Organisation>	<http://ja.dbpedia.org/property/設置者>	"設置者"@ja	<http://ja.wikipedia.org/wiki/豊島区立千川中学校>	<http://wikidata.dbpedia.org/resource/Q11633511>
<http://ja.dbpedia.org/resource/豊島区立千川中学校>	"豊島区立千川中学校"@ja	<http://dbpedia.org/ontology/School>	<http://ja.dbpedia.org/property/設置者>	"設置者"@ja	<http://ja.wikipedia.org/wiki/豊島区立千川中学校>	<http://wikidata.dbpedia.org/resource/Q11633511>
<http://ja.dbpedia.org/resource/豊島区立千川中学校>	"豊島区立千川中学校"@ja	<http://dbpedia.org/ontology/EducationalInstitution>	<http://ja.dbpedia.org/property/設置者>	"設置者"@ja	<http://ja.wikipedia.org/wiki/豊島区立千川中学校>	<http://wikidata.dbpedia.org/resource/Q11633511>
<http://ja.dbpedia.org/resource/豊島区立千早小学校>	"豊島区立千早小学校"@ja	<http://dbpedia.org/ontology/Organisation>	<http://ja.dbpedia.org/property/設置者>	"設置者"@ja	<http://ja.wikipedia.org/wiki/豊島区立千早小学校>	<http://wikidata.dbpedia.org/resource/Q97754578>
<http://ja.dbpedia.org/resource/豊島区立千早小学校>	"豊島区立千早小学校"@ja	<http://dbpedia.org/ontology/Agent>	<http://ja.dbpedia.org/property/設置者>	"設置者"@ja	<http://ja.wikipedia.org/wiki/豊島区立千早小学校>	<http://wikidata.dbpedia.org/resource/Q97754578>
<http://ja.dbpedia.org/resource/豊島区立千早小学校>	"豊島区立千早小学校"@ja	<http://dbpedia.org/ontology/School>	<http://ja.dbpedia.org/property/設置者>	"設置者"@ja	<http://ja.wikipedia.org/wiki/豊島区立千早小学校>	<http://wikidata.dbpedia.org/resource/Q97754578>
<http://ja.dbpedia.org/resource/豊島区立千早小学校>	"豊島区立千早小学校"@ja	<http://dbpedia.org/ontology/EducationalInstitution>	<http://ja.dbpedia.org/property/設置者>	"設置者"@ja	<http://ja.wikipedia.org/wiki/豊島区立千早小学校>	<http://wikidata.dbpedia.org/resource/Q97754578>
<http://ja.dbpedia.org/resource/豊島区立大塚中学校>	"豊島区立大塚中学校"@ja	<http://dbpedia.org/ontology/Organisation>	<http://ja.dbpedia.org/property/設置者>	"設置者"@ja	<http://ja.wikipedia.org/wiki/豊島区立大塚中学校>	<http://wikidata.dbpedia.org/resource/Q11633514>
<http://ja.dbpedia.org/resource/豊島区立大塚中学校>	"豊島区立大塚中学校"@ja	<http://dbpedia.org/ontology/Agent>	<http://ja.dbpedia.org/property/設置者>	"設置者"@ja	<http://ja.wikipedia.org/wiki/豊島区立大塚中学校>	<http://wikidata.dbpedia.org/resource/Q11633514>
<http://ja.dbpedia.org/resource/豊島区立大塚中学校>	"豊島区立大塚中学校"@ja	<http://dbpedia.org/ontology/School>	<http://ja.dbpedia.org/property/設置者>	"設置者"@ja	<http://ja.wikipedia.org/wiki/豊島区立大塚中学校>	<http://wikidata.dbpedia.org/resource/Q11633514>
<http://ja.dbpedia.org/resource/豊島区立大塚中学校>	"豊島区立大塚中学校"@ja	<http://dbpedia.org/ontology/EducationalInstitution>	<http://ja.dbpedia.org/property/設置者>	"設置者"@ja	<http://ja.wikipedia.org/wiki/豊島区立大塚中学校>	<http://wikidata.dbpedia.org/resource/Q11633514>
<http://ja.dbpedia.org/resource/豊島区立巣鴨北中学校>	"豊島区立巣鴨北中学校"@ja	<http://dbpedia.org/ontology/Organisation>	<http://ja.dbpedia.org/property/設置者>	"設置者"@ja	<http://ja.wikipedia.org/wiki/豊島区立巣鴨北中学校>	<http://wikidata.dbpedia.org/resource/Q11633513>
<http://ja.dbpedia.org/resource/豊島区立巣鴨北中学校>	"豊島区立巣鴨北中学校"@ja	<http://dbpedia.org/ontology/Agent>	<http://ja.dbpedia.org/property/設置者>	"設置者"@ja	<http://ja.wikipedia.org/wiki/豊島区立巣鴨北中学校>	<http://wikidata.dbpedia.org/resource/Q11633513>
<http://ja.dbpedia.org/resource/豊島区立巣鴨北中学校>	"豊島区立巣鴨北中学校"@ja	<http://dbpedia.org/ontology/EducationalInstitution>	<http://ja.dbpedia.org/property/設置者>	"設置者"@ja	<http://ja.wikipedia.org/wiki/豊島区立巣鴨北中学校>	<http://wikidata.dbpedia.org/resource/Q11633513>
<http://ja.dbpedia.org/resource/豊島区立巣鴨北中学校>	"豊島区立巣鴨北中学校"@ja	<http://dbpedia.org/ontology/School>	<http://ja.dbpedia.org/property/設置者>	"設置者"@ja	<http://ja.wikipedia.org/wiki/豊島区立巣鴨北中学校>	<http://wikidata.dbpedia.org/resource/Q11633513>
<http://ja.dbpedia.org/resource/豊島区立明豊中学校>	"豊島区立明豊中学校"@ja	<http://dbpedia.org/ontology/Agent>	<http://ja.dbpedia.org/property/設置者>	"設置者"@ja	<http://ja.wikipedia.org/wiki/豊島区立明豊中学校>	<http://wikidata.dbpedia.org/resource/Q81964127>
<http://ja.dbpedia.org/resource/豊島区立明豊中学校>	"豊島区立明豊中学校"@ja	<http://dbpedia.org/ontology/Organisation>	<http://ja.dbpedia.org/property/設置者>	"設置者"@ja	<http://ja.wikipedia.org/wiki/豊島区立明豊中学校>	<http://wikidata.dbpedia.org/resource/Q81964127>
<http://ja.dbpedia.org/resource/豊島区立明豊中学校>	"豊島区立明豊中学校"@ja	<http://dbpedia.org/ontology/School>	<http://ja.dbpedia.org/property/設置者>	"設置者"@ja	<http://ja.wikipedia.org/wiki/豊島区立明豊中学校>	<http://wikidata.dbpedia.org/resource/Q81964127>
<http://ja.dbpedia.org/resource/豊島区立明豊中学校>	"豊島区立明豊中学校"@ja	<http://dbpedia.org/ontology/EducationalInstitution>	<http://ja.dbpedia.org/property/設置者>	"設置者"@ja	<http://ja.wikipedia.org/wiki/豊島区立明豊中学校>	<http://wikidata.dbpedia.org/resource/Q81964127>
<http://ja.dbpedia.org/resource/豊島区立池袋本町小学校>	"豊島区立池袋本町小学校"@ja	<http://dbpedia.org/ontology/Agent>	<http://ja.dbpedia.org/property/設置者>	"設置者"@ja	<http://ja.wikipedia.org/wiki/豊島区立池袋本町小学校>	<http://wikidata.dbpedia.org/resource/Q107561707>
<http://ja.dbpedia.org/resource/豊島区立池袋本町小学校>	"豊島区立池袋本町小学校"@ja	<http://dbpedia.org/ontology/Organisation>	<http://ja.dbpedia.org/property/設置者>	"設置者"@ja	<http://ja.wikipedia.org/wiki/豊島区立池袋本町小学校>	<http://wikidata.dbpedia.org/resource/Q107561707>
<http://ja.dbpedia.org/resource/豊島区立池袋本町小学校>	"豊島区立池袋本町小学校"@ja	<http://dbpedia.org/ontology/School>	<http://ja.dbpedia.org/property/設置者>	"設置者"@ja	<http://ja.wikipedia.org/wiki/豊島区立池袋本町小学校>	<http://wikidata.dbpedia.org/resource/Q107561707>
<http://ja.dbpedia.org/resource/豊島区立池袋本町小学校>	"豊島区立池袋本町小学校"@ja	<http://dbpedia.org/ontology/EducationalInstitution>	<http://ja.dbpedia.org/property/設置者>	"設置者"@ja	<http://ja.wikipedia.org/wiki/豊島区立池袋本町小学校>	<http://wikidata.dbpedia.org/resource/Q107561707>
<http://ja.dbpedia.org/resource/豊島区立熊谷守一美術館>	"豊島区立熊谷守一美術館"@ja	<http://dbpedia.org/ontology/Museum>	<http://ja.dbpedia.org/property/事業主体>	"事業主体"@ja	<http://ja.wikipedia.org/wiki/豊島区立熊谷守一美術館>	<http://wikidata.dbpedia.org/resource/Q109597345>
<http://ja.dbpedia.org/resource/豊島区立熊谷守一美術館>	"豊島区立熊谷守一美術館"@ja	<http://dbpedia.org/ontology/ArchitecturalStructure>	<http://ja.dbpedia.org/property/事業主体>	"事業主体"@ja	<http://ja.wikipedia.org/wiki/豊島区立熊谷守一美術館>	<http://wikidata.dbpedia.org/resource/Q109597345>
<http://ja.dbpedia.org/resource/豊島区立熊谷守一美術館>	"豊島区立熊谷守一美術館"@ja	<http://dbpedia.org/ontology/Building>	<http://ja.dbpedia.org/property/事業主体>	"事業主体"@ja	<http://ja.wikipedia.org/wiki/豊島区立熊谷守一美術館>	<http://wikidata.dbpedia.org/resource/Q109597345>
<http://ja.dbpedia.org/resource/豊島区立目白小学校>	"豊島区立目白小学校"@ja	<http://dbpedia.org/ontology/EducationalInstitution>	<http://ja.dbpedia.org/property/設置者>	"設置者"@ja	<http://ja.wikipedia.org/wiki/豊島区立目白小学校>	<http://wikidata.dbpedia.org/resource/Q17221867>
<http://ja.dbpedia.org/resource/豊島区立目白小学校>	"豊島区立目白小学校"@ja	<http://dbpedia.org/ontology/School>	<http://ja.dbpedia.org/property/設置者>	"設置者"@ja	<http://ja.wikipedia.org/wiki/豊島区立目白小学校>	<http://wikidata.dbpedia.org/resource/Q17221867>
<http://ja.dbpedia.org/resource/豊島区立目白小学校>	"豊島区立目白小学校"@ja	<http://dbpedia.org/ontology/Agent>	<http://ja.dbpedia.org/property/設置者>	"設置者"@ja	<http://ja.wikipedia.org/wiki/豊島区立目白小学校>	<http://wikidata.dbpedia.org/resource/Q17221867>
<http://ja.dbpedia.org/resource/豊島区立目白小学校>	"豊島区立目白小学校"@ja	<http://dbpedia.org/ontology/Organisation>	<http://ja.dbpedia.org/property/設置者>	"設置者"@ja	<http://ja.wikipedia.org/wiki/豊島区立目白小学校>	<http://wikidata.dbpedia.org/resource/Q17221867>
<http://ja.dbpedia.org/resource/豊島区立郷土資料館>	"豊島区立郷土資料館"@ja	<http://dbpedia.org/ontology/ArchitecturalStructure>	<http://ja.dbpedia.org/property/管理運営>	"管理運営"@ja	<http://ja.wikipedia.org/wiki/豊島区立郷土資料館>	<http://wikidata.dbpedia.org/resource/Q104698258>
<http://ja.dbpedia.org/resource/豊島区立郷土資料館>	"豊島区立郷土資料館"@ja	<http://dbpedia.org/ontology/Museum>	<http://ja.dbpedia.org/property/管理運営>	"管理運営"@ja	<http://ja.wikipedia.org/wiki/豊島区立郷土資料館>	<http://wikidata.dbpedia.org/resource/Q104698258>
<http://ja.dbpedia.org/resource/豊島区立郷土資料館>	"豊島区立郷土資料館"@ja	<http://dbpedia.org/ontology/Building>	<http://ja.dbpedia.org/property/管理運営>	"管理運営"@ja	<http://ja.wikipedia.org/wiki/豊島区立郷土資料館>	<http://wikidata.dbpedia.org/resource/Q104698258>
<http://ja.dbpedia.org/resource/長崎_(豊島区)>	"長崎 (豊島区)"@ja	<http://dbpedia.org/ontology/PopulatedPlace>	<http://ja.dbpedia.org/property/subdivisionName>	"subdivision name"@ja	<http://ja.wikipedia.org/wiki/長崎_(豊島区)>	<http://wikidata.dbpedia.org/resource/Q11652305>
<http://ja.dbpedia.org/resource/長崎_(豊島区)>	"長崎 (豊島区)"@ja	<http://dbpedia.org/ontology/Location>	<http://ja.dbpedia.org/property/subdivisionName>	"subdivision name"@ja	<http://ja.wikipedia.org/wiki/長崎_(豊島区)>	<http://wikidata.dbpedia.org/resource/Q11652305>
<http://ja.dbpedia.org/resource/長崎_(豊島区)>	"長崎 (豊島区)"@ja	<http://dbpedia.org/ontology/Place>	<http://ja.dbpedia.org/property/subdivisionName>	"subdivision name"@ja	<http://ja.wikipedia.org/wiki/長崎_(豊島区)>	<http://wikidata.dbpedia.org/resource/Q11652305>
<http://ja.dbpedia.org/resource/長崎_(豊島区)>	"長崎 (豊島区)"@ja	<http://dbpedia.org/ontology/Settlement>	<http://ja.dbpedia.org/property/subdivisionName>	"subdivision name"@ja	<http://ja.wikipedia.org/wiki/長崎_(豊島区)>	<http://wikidata.dbpedia.org/resource/Q11652305>
<http://ja.dbpedia.org/resource/長橋桂一>	"長橋桂一"@ja	<http://dbpedia.org/ontology/Person>	<http://ja.dbpedia.org/property/選挙区>	"選挙区"@ja	<http://ja.wikipedia.org/wiki/長橋桂一>	<http://wikidata.dbpedia.org/resource/Q38279119>
<http://ja.dbpedia.org/resource/長橋桂一>	"長橋桂一"@ja	<http://dbpedia.org/ontology/Species>	<http://ja.dbpedia.org/property/選挙区>	"選挙区"@ja	<http://ja.wikipedia.org/wiki/長橋桂一>	<http://wikidata.dbpedia.org/resource/Q38279119>
<http://ja.dbpedia.org/resource/長橋桂一>	"長橋桂一"@ja	<http://dbpedia.org/ontology/Eukaryote>	<http://ja.dbpedia.org/property/選挙区>	"選挙区"@ja	<http://ja.wikipedia.org/wiki/長橋桂一>	<http://wikidata.dbpedia.org/resource/Q38279119>
<http://ja.dbpedia.org/resource/長橋桂一>	"長橋桂一"@ja	<http://dbpedia.org/ontology/Politician>	<http://ja.dbpedia.org/property/選挙区>	"選挙区"@ja	<http://ja.wikipedia.org/wiki/長橋桂一>	<http://wikidata.dbpedia.org/resource/Q38279119>
<http://ja.dbpedia.org/resource/長橋桂一>	"長橋桂一"@ja	<http://dbpedia.org/ontology/Animal>	<http://ja.dbpedia.org/property/選挙区>	"選挙区"@ja	<http://ja.wikipedia.org/wiki/長橋桂一>	<http://wikidata.dbpedia.org/resource/Q38279119>
<http://ja.dbpedia.org/resource/雑司が谷>	"雑司が谷"@ja	<http://dbpedia.org/ontology/Settlement>	<http://ja.dbpedia.org/property/subdivisionName>	"subdivision name"@ja	<http://ja.wikipedia.org/wiki/雑司が谷>	<http://wikidata.dbpedia.org/resource/Q8076242>
<http://ja.dbpedia.org/resource/雑司が谷>	"雑司が谷"@ja	<http://dbpedia.org/ontology/Place>	<http://ja.dbpedia.org/property/subdivisionName>	"subdivision name"@ja	<http://ja.wikipedia.org/wiki/雑司が谷>	<http://wikidata.dbpedia.org/resource/Q8076242>
<http://ja.dbpedia.org/resource/雑司が谷>	"雑司が谷"@ja	<http://dbpedia.org/ontology/Location>	<http://ja.dbpedia.org/property/subdivisionName>	"subdivision name"@ja	<http://ja.wikipedia.org/wiki/雑司が谷>	<http://wikidata.dbpedia.org/resource/Q8076242>
<http://ja.dbpedia.org/resource/雑司が谷>	"雑司が谷"@ja	<http://dbpedia.org/ontology/PopulatedPlace>	<http://ja.dbpedia.org/property/subdivisionName>	"subdivision name"@ja	<http://ja.wikipedia.org/wiki/雑司が谷>	<http://wikidata.dbpedia.org/resource/Q8076242>
<http://ja.dbpedia.org/resource/駒込>	"駒込"@ja	<http://dbpedia.org/ontology/Place>	<http://ja.dbpedia.org/property/subdivisionName>	"subdivision name"@ja	<http://ja.wikipedia.org/wiki/駒込>	<http://wikidata.dbpedia.org/resource/Q11668439>
<http://ja.dbpedia.org/resource/駒込>	"駒込"@ja	<http://dbpedia.org/ontology/Settlement>	<http://ja.dbpedia.org/property/subdivisionName>	"subdivision name"@ja	<http://ja.wikipedia.org/wiki/駒込>	<http://wikidata.dbpedia.org/resource/Q11668439>
<http://ja.dbpedia.org/resource/駒込>	"駒込"@ja	<http://dbpedia.org/ontology/PopulatedPlace>	<http://ja.dbpedia.org/property/subdivisionName>	"subdivision name"@ja	<http://ja.wikipedia.org/wiki/駒込>	<http://wikidata.dbpedia.org/resource/Q11668439>
<http://ja.dbpedia.org/resource/駒込>	"駒込"@ja	<http://dbpedia.org/ontology/Location>	<http://ja.dbpedia.org/property/subdivisionName>	"subdivision name"@ja	<http://ja.wikipedia.org/wiki/駒込>	<http://wikidata.dbpedia.org/resource/Q11668439>
<http://ja.dbpedia.org/resource/高松_(豊島区)>	"高松 (豊島区)"@ja	<http://dbpedia.org/ontology/Place>	<http://ja.dbpedia.org/property/subdivisionName>	"subdivision name"@ja	<http://ja.wikipedia.org/wiki/高松_(豊島区)>	<http://wikidata.dbpedia.org/resource/Q11670258>
<http://ja.dbpedia.org/resource/高松_(豊島区)>	"高松 (豊島区)"@ja	<http://dbpedia.org/ontology/Settlement>	<http://ja.dbpedia.org/property/subdivisionName>	"subdivision name"@ja	<http://ja.wikipedia.org/wiki/高松_(豊島区)>	<http://wikidata.dbpedia.org/resource/Q11670258>
<http://ja.dbpedia.org/resource/高松_(豊島区)>	"高松 (豊島区)"@ja	<http://dbpedia.org/ontology/PopulatedPlace>	<http://ja.dbpedia.org/property/subdivisionName>	"subdivision name"@ja	<http://ja.wikipedia.org/wiki/高松_(豊島区)>	<http://wikidata.dbpedia.org/resource/Q11670258>
<http://ja.dbpedia.org/resource/高松_(豊島区)>	"高松 (豊島区)"@ja	<http://dbpedia.org/ontology/Location>	<http://ja.dbpedia.org/property/subdivisionName>	"subdivision name"@ja	<http://ja.wikipedia.org/wiki/高松_(豊島区)>	<http://wikidata.dbpedia.org/resource/Q11670258>
<http://ja.dbpedia.org/resource/高田_(豊島区)>	"高田 (豊島区)"@ja	<http://dbpedia.org/ontology/Settlement>	<http://ja.dbpedia.org/property/subdivisionName>	"subdivision name"@ja	<http://ja.wikipedia.org/wiki/高田_(豊島区)>	<http://wikidata.dbpedia.org/resource/Q11672004>
<http://ja.dbpedia.org/resource/高田_(豊島区)>	"高田 (豊島区)"@ja	<http://dbpedia.org/ontology/Place>	<http://ja.dbpedia.org/property/subdivisionName>	"subdivision name"@ja	<http://ja.wikipedia.org/wiki/高田_(豊島区)>	<http://wikidata.dbpedia.org/resource/Q11672004>
<http://ja.dbpedia.org/resource/高田_(豊島区)>	"高田 (豊島区)"@ja	<http://dbpedia.org/ontology/Location>	<http://ja.dbpedia.org/property/subdivisionName>	"subdivision name"@ja	<http://ja.wikipedia.org/wiki/高田_(豊島区)>	<http://wikidata.dbpedia.org/resource/Q11672004>
<http://ja.dbpedia.org/resource/高田_(豊島区)>	"高田 (豊島区)"@ja	<http://dbpedia.org/ontology/PopulatedPlace>	<http://ja.dbpedia.org/property/subdivisionName>	"subdivision name"@ja	<http://ja.wikipedia.org/wiki/高田_(豊島区)>	<http://wikidata.dbpedia.org/resource/Q11672004>
<http://ja.dbpedia.org/resource/高野之夫>	"高野之夫"@ja	<http://dbpedia.org/ontology/Person>	<http://ja.dbpedia.org/property/選挙区>	"選挙区"@ja	<http://ja.wikipedia.org/wiki/高野之夫>	<http://wikidata.dbpedia.org/resource/Q11672995>
<http://ja.dbpedia.org/resource/高野之夫>	"高野之夫"@ja	<http://dbpedia.org/ontology/Species>	<http://ja.dbpedia.org/property/選挙区>	"選挙区"@ja	<http://ja.wikipedia.org/wiki/高野之夫>	<http://wikidata.dbpedia.org/resource/Q11672995>
<http://ja.dbpedia.org/resource/高野之夫>	"高野之夫"@ja	<http://dbpedia.org/ontology/Eukaryote>	<http://ja.dbpedia.org/property/選挙区>	"選挙区"@ja	<http://ja.wikipedia.org/wiki/高野之夫>	<http://wikidata.dbpedia.org/resource/Q11672995>
<http://ja.dbpedia.org/resource/高野之夫>	"高野之夫"@ja	<http://dbpedia.org/ontology/Animal>	<http://ja.dbpedia.org/property/選挙区>	"選挙区"@ja	<http://ja.wikipedia.org/wiki/高野之夫>	<http://wikidata.dbpedia.org/resource/Q11672995>
<http://ja.dbpedia.org/resource/高野之夫>	"高野之夫"@ja	<http://dbpedia.org/ontology/Politician>	<http://ja.dbpedia.org/property/選挙区>	"選挙区"@ja	<http://ja.wikipedia.org/wiki/高野之夫>	<http://wikidata.dbpedia.org/resource/Q11672995>
