?s	?sLabel	?type	?p	?pLabel	?jwiki	?wd
<http://ja.dbpedia.org/resource/三鷹市立中原小学校>	"三鷹市立中原小学校"@ja	<http://dbpedia.org/ontology/EducationalInstitution>	<http://ja.dbpedia.org/property/設置者>	"設置者"@ja	<http://ja.wikipedia.org/wiki/三鷹市立中原小学校>	<http://wikidata.dbpedia.org/resource/Q81971091>
<http://ja.dbpedia.org/resource/三鷹市立中原小学校>	"三鷹市立中原小学校"@ja	<http://dbpedia.org/ontology/School>	<http://ja.dbpedia.org/property/設置者>	"設置者"@ja	<http://ja.wikipedia.org/wiki/三鷹市立中原小学校>	<http://wikidata.dbpedia.org/resource/Q81971091>
<http://ja.dbpedia.org/resource/三鷹市立中原小学校>	"三鷹市立中原小学校"@ja	<http://dbpedia.org/ontology/Agent>	<http://ja.dbpedia.org/property/設置者>	"設置者"@ja	<http://ja.wikipedia.org/wiki/三鷹市立中原小学校>	<http://wikidata.dbpedia.org/resource/Q81971091>
<http://ja.dbpedia.org/resource/三鷹市立中原小学校>	"三鷹市立中原小学校"@ja	<http://dbpedia.org/ontology/Organisation>	<http://ja.dbpedia.org/property/設置者>	"設置者"@ja	<http://ja.wikipedia.org/wiki/三鷹市立中原小学校>	<http://wikidata.dbpedia.org/resource/Q81971091>
<http://ja.dbpedia.org/resource/三鷹市立北野小学校>	"三鷹市立北野小学校"@ja	<http://dbpedia.org/ontology/EducationalInstitution>	<http://ja.dbpedia.org/property/設置者>	"設置者"@ja	<http://ja.wikipedia.org/wiki/三鷹市立北野小学校>	<http://wikidata.dbpedia.org/resource/Q38277626>
<http://ja.dbpedia.org/resource/三鷹市立北野小学校>	"三鷹市立北野小学校"@ja	<http://dbpedia.org/ontology/School>	<http://ja.dbpedia.org/property/設置者>	"設置者"@ja	<http://ja.wikipedia.org/wiki/三鷹市立北野小学校>	<http://wikidata.dbpedia.org/resource/Q38277626>
<http://ja.dbpedia.org/resource/三鷹市立北野小学校>	"三鷹市立北野小学校"@ja	<http://dbpedia.org/ontology/Agent>	<http://ja.dbpedia.org/property/設置者>	"設置者"@ja	<http://ja.wikipedia.org/wiki/三鷹市立北野小学校>	<http://wikidata.dbpedia.org/resource/Q38277626>
<http://ja.dbpedia.org/resource/三鷹市立北野小学校>	"三鷹市立北野小学校"@ja	<http://dbpedia.org/ontology/Organisation>	<http://ja.dbpedia.org/property/設置者>	"設置者"@ja	<http://ja.wikipedia.org/wiki/三鷹市立北野小学校>	<http://wikidata.dbpedia.org/resource/Q38277626>
<http://ja.dbpedia.org/resource/三鷹市立第四小学校>	"三鷹市立第四小学校"@ja	<http://dbpedia.org/ontology/Agent>	<http://ja.dbpedia.org/property/設置者>	"設置者"@ja	<http://ja.wikipedia.org/wiki/三鷹市立第四小学校>	<http://wikidata.dbpedia.org/resource/Q17224139>
<http://ja.dbpedia.org/resource/三鷹市立第四小学校>	"三鷹市立第四小学校"@ja	<http://dbpedia.org/ontology/Organisation>	<http://ja.dbpedia.org/property/設置者>	"設置者"@ja	<http://ja.wikipedia.org/wiki/三鷹市立第四小学校>	<http://wikidata.dbpedia.org/resource/Q17224139>
<http://ja.dbpedia.org/resource/三鷹市立第四小学校>	"三鷹市立第四小学校"@ja	<http://dbpedia.org/ontology/School>	<http://ja.dbpedia.org/property/設置者>	"設置者"@ja	<http://ja.wikipedia.org/wiki/三鷹市立第四小学校>	<http://wikidata.dbpedia.org/resource/Q17224139>
<http://ja.dbpedia.org/resource/三鷹市立第四小学校>	"三鷹市立第四小学校"@ja	<http://dbpedia.org/ontology/EducationalInstitution>	<http://ja.dbpedia.org/property/設置者>	"設置者"@ja	<http://ja.wikipedia.org/wiki/三鷹市立第四小学校>	<http://wikidata.dbpedia.org/resource/Q17224139>
<http://ja.dbpedia.org/resource/上連雀>	"上連雀"@ja	<http://dbpedia.org/ontology/Place>	<http://ja.dbpedia.org/property/subdivisionName>	"subdivision name"@ja	<http://ja.wikipedia.org/wiki/上連雀>	<http://wikidata.dbpedia.org/resource/Q11360191>
<http://ja.dbpedia.org/resource/上連雀>	"上連雀"@ja	<http://dbpedia.org/ontology/Settlement>	<http://ja.dbpedia.org/property/subdivisionName>	"subdivision name"@ja	<http://ja.wikipedia.org/wiki/上連雀>	<http://wikidata.dbpedia.org/resource/Q11360191>
<http://ja.dbpedia.org/resource/上連雀>	"上連雀"@ja	<http://dbpedia.org/ontology/Location>	<http://ja.dbpedia.org/property/subdivisionName>	"subdivision name"@ja	<http://ja.wikipedia.org/wiki/上連雀>	<http://wikidata.dbpedia.org/resource/Q11360191>
<http://ja.dbpedia.org/resource/上連雀>	"上連雀"@ja	<http://dbpedia.org/ontology/PopulatedPlace>	<http://ja.dbpedia.org/property/subdivisionName>	"subdivision name"@ja	<http://ja.wikipedia.org/wiki/上連雀>	<http://wikidata.dbpedia.org/resource/Q11360191>
<http://ja.dbpedia.org/resource/下連雀>	"下連雀"@ja	<http://dbpedia.org/ontology/Location>	<http://ja.dbpedia.org/property/subdivisionName>	"subdivision name"@ja	<http://ja.wikipedia.org/wiki/下連雀>	<http://wikidata.dbpedia.org/resource/Q11361351>
<http://ja.dbpedia.org/resource/下連雀>	"下連雀"@ja	<http://dbpedia.org/ontology/PopulatedPlace>	<http://ja.dbpedia.org/property/subdivisionName>	"subdivision name"@ja	<http://ja.wikipedia.org/wiki/下連雀>	<http://wikidata.dbpedia.org/resource/Q11361351>
<http://ja.dbpedia.org/resource/下連雀>	"下連雀"@ja	<http://dbpedia.org/ontology/Settlement>	<http://ja.dbpedia.org/property/subdivisionName>	"subdivision name"@ja	<http://ja.wikipedia.org/wiki/下連雀>	<http://wikidata.dbpedia.org/resource/Q11361351>
<http://ja.dbpedia.org/resource/下連雀>	"下連雀"@ja	<http://dbpedia.org/ontology/Place>	<http://ja.dbpedia.org/property/subdivisionName>	"subdivision name"@ja	<http://ja.wikipedia.org/wiki/下連雀>	<http://wikidata.dbpedia.org/resource/Q11361351>
<http://ja.dbpedia.org/resource/中原_(三鷹市)>	"中原 (三鷹市)"@ja	<http://dbpedia.org/ontology/Location>	<http://ja.dbpedia.org/property/subdivisionName>	"subdivision name"@ja	<http://ja.wikipedia.org/wiki/中原_(三鷹市)>	<http://wikidata.dbpedia.org/resource/Q11363094>
<http://ja.dbpedia.org/resource/中原_(三鷹市)>	"中原 (三鷹市)"@ja	<http://dbpedia.org/ontology/PopulatedPlace>	<http://ja.dbpedia.org/property/subdivisionName>	"subdivision name"@ja	<http://ja.wikipedia.org/wiki/中原_(三鷹市)>	<http://wikidata.dbpedia.org/resource/Q11363094>
<http://ja.dbpedia.org/resource/中原_(三鷹市)>	"中原 (三鷹市)"@ja	<http://dbpedia.org/ontology/Settlement>	<http://ja.dbpedia.org/property/subdivisionName>	"subdivision name"@ja	<http://ja.wikipedia.org/wiki/中原_(三鷹市)>	<http://wikidata.dbpedia.org/resource/Q11363094>
<http://ja.dbpedia.org/resource/中原_(三鷹市)>	"中原 (三鷹市)"@ja	<http://dbpedia.org/ontology/Place>	<http://ja.dbpedia.org/property/subdivisionName>	"subdivision name"@ja	<http://ja.wikipedia.org/wiki/中原_(三鷹市)>	<http://wikidata.dbpedia.org/resource/Q11363094>
<http://ja.dbpedia.org/resource/井の頭>	"井の頭"@ja	<http://dbpedia.org/ontology/Place>	<http://ja.dbpedia.org/property/subdivisionName>	"subdivision name"@ja	<http://ja.wikipedia.org/wiki/井の頭>	<http://wikidata.dbpedia.org/resource/Q11372745>
<http://ja.dbpedia.org/resource/井の頭>	"井の頭"@ja	<http://dbpedia.org/ontology/Settlement>	<http://ja.dbpedia.org/property/subdivisionName>	"subdivision name"@ja	<http://ja.wikipedia.org/wiki/井の頭>	<http://wikidata.dbpedia.org/resource/Q11372745>
<http://ja.dbpedia.org/resource/井の頭>	"井の頭"@ja	<http://dbpedia.org/ontology/Location>	<http://ja.dbpedia.org/property/subdivisionName>	"subdivision name"@ja	<http://ja.wikipedia.org/wiki/井の頭>	<http://wikidata.dbpedia.org/resource/Q11372745>
<http://ja.dbpedia.org/resource/井の頭>	"井の頭"@ja	<http://dbpedia.org/ontology/PopulatedPlace>	<http://ja.dbpedia.org/property/subdivisionName>	"subdivision name"@ja	<http://ja.wikipedia.org/wiki/井の頭>	<http://wikidata.dbpedia.org/resource/Q11372745>
<http://ja.dbpedia.org/resource/井口_(三鷹市)>	"井口 (三鷹市)"@ja	<http://dbpedia.org/ontology/Location>	<http://ja.dbpedia.org/property/subdivisionName>	"subdivision name"@ja	<http://ja.wikipedia.org/wiki/井口_(三鷹市)>	<http://wikidata.dbpedia.org/resource/Q11373404>
<http://ja.dbpedia.org/resource/井口_(三鷹市)>	"井口 (三鷹市)"@ja	<http://dbpedia.org/ontology/PopulatedPlace>	<http://ja.dbpedia.org/property/subdivisionName>	"subdivision name"@ja	<http://ja.wikipedia.org/wiki/井口_(三鷹市)>	<http://wikidata.dbpedia.org/resource/Q11373404>
<http://ja.dbpedia.org/resource/井口_(三鷹市)>	"井口 (三鷹市)"@ja	<http://dbpedia.org/ontology/Settlement>	<http://ja.dbpedia.org/property/subdivisionName>	"subdivision name"@ja	<http://ja.wikipedia.org/wiki/井口_(三鷹市)>	<http://wikidata.dbpedia.org/resource/Q11373404>
<http://ja.dbpedia.org/resource/井口_(三鷹市)>	"井口 (三鷹市)"@ja	<http://dbpedia.org/ontology/Place>	<http://ja.dbpedia.org/property/subdivisionName>	"subdivision name"@ja	<http://ja.wikipedia.org/wiki/井口_(三鷹市)>	<http://wikidata.dbpedia.org/resource/Q11373404>
<http://ja.dbpedia.org/resource/北野_(三鷹市)>	"北野 (三鷹市)"@ja	<http://dbpedia.org/ontology/Location>	<http://ja.dbpedia.org/property/subdivisionName>	"subdivision name"@ja	<http://ja.wikipedia.org/wiki/北野_(三鷹市)>	<http://wikidata.dbpedia.org/resource/Q11404252>
<http://ja.dbpedia.org/resource/北野_(三鷹市)>	"北野 (三鷹市)"@ja	<http://dbpedia.org/ontology/PopulatedPlace>	<http://ja.dbpedia.org/property/subdivisionName>	"subdivision name"@ja	<http://ja.wikipedia.org/wiki/北野_(三鷹市)>	<http://wikidata.dbpedia.org/resource/Q11404252>
<http://ja.dbpedia.org/resource/北野_(三鷹市)>	"北野 (三鷹市)"@ja	<http://dbpedia.org/ontology/Settlement>	<http://ja.dbpedia.org/property/subdivisionName>	"subdivision name"@ja	<http://ja.wikipedia.org/wiki/北野_(三鷹市)>	<http://wikidata.dbpedia.org/resource/Q11404252>
<http://ja.dbpedia.org/resource/北野_(三鷹市)>	"北野 (三鷹市)"@ja	<http://dbpedia.org/ontology/Place>	<http://ja.dbpedia.org/property/subdivisionName>	"subdivision name"@ja	<http://ja.wikipedia.org/wiki/北野_(三鷹市)>	<http://wikidata.dbpedia.org/resource/Q11404252>
<http://ja.dbpedia.org/resource/吉野利明>	"吉野利明"@ja	<http://dbpedia.org/ontology/Person>	<http://ja.dbpedia.org/property/選挙区>	"選挙区"@ja	<http://ja.wikipedia.org/wiki/吉野利明>	<http://wikidata.dbpedia.org/resource/Q38279121>
<http://ja.dbpedia.org/resource/吉野利明>	"吉野利明"@ja	<http://dbpedia.org/ontology/Species>	<http://ja.dbpedia.org/property/選挙区>	"選挙区"@ja	<http://ja.wikipedia.org/wiki/吉野利明>	<http://wikidata.dbpedia.org/resource/Q38279121>
<http://ja.dbpedia.org/resource/吉野利明>	"吉野利明"@ja	<http://dbpedia.org/ontology/Eukaryote>	<http://ja.dbpedia.org/property/選挙区>	"選挙区"@ja	<http://ja.wikipedia.org/wiki/吉野利明>	<http://wikidata.dbpedia.org/resource/Q38279121>
<http://ja.dbpedia.org/resource/吉野利明>	"吉野利明"@ja	<http://dbpedia.org/ontology/Politician>	<http://ja.dbpedia.org/property/選挙区>	"選挙区"@ja	<http://ja.wikipedia.org/wiki/吉野利明>	<http://wikidata.dbpedia.org/resource/Q38279121>
<http://ja.dbpedia.org/resource/吉野利明>	"吉野利明"@ja	<http://dbpedia.org/ontology/Animal>	<http://ja.dbpedia.org/property/選挙区>	"選挙区"@ja	<http://ja.wikipedia.org/wiki/吉野利明>	<http://wikidata.dbpedia.org/resource/Q38279121>
<http://ja.dbpedia.org/resource/大沢_(三鷹市)>	"大沢 (三鷹市)"@ja	<http://dbpedia.org/ontology/Settlement>	<http://ja.dbpedia.org/property/subdivisionName>	"subdivision name"@ja	<http://ja.wikipedia.org/wiki/大沢_(三鷹市)>	<http://wikidata.dbpedia.org/resource/Q11436918>
<http://ja.dbpedia.org/resource/大沢_(三鷹市)>	"大沢 (三鷹市)"@ja	<http://dbpedia.org/ontology/Place>	<http://ja.dbpedia.org/property/subdivisionName>	"subdivision name"@ja	<http://ja.wikipedia.org/wiki/大沢_(三鷹市)>	<http://wikidata.dbpedia.org/resource/Q11436918>
<http://ja.dbpedia.org/resource/大沢_(三鷹市)>	"大沢 (三鷹市)"@ja	<http://dbpedia.org/ontology/Location>	<http://ja.dbpedia.org/property/subdivisionName>	"subdivision name"@ja	<http://ja.wikipedia.org/wiki/大沢_(三鷹市)>	<http://wikidata.dbpedia.org/resource/Q11436918>
<http://ja.dbpedia.org/resource/大沢_(三鷹市)>	"大沢 (三鷹市)"@ja	<http://dbpedia.org/ontology/PopulatedPlace>	<http://ja.dbpedia.org/property/subdivisionName>	"subdivision name"@ja	<http://ja.wikipedia.org/wiki/大沢_(三鷹市)>	<http://wikidata.dbpedia.org/resource/Q11436918>
<http://ja.dbpedia.org/resource/小金井市>	"小金井市"@ja	<http://dbpedia.org/ontology/PopulatedPlace>	<http://ja.dbpedia.org/property/隣接自治体>	"隣接自治体"@ja	<http://ja.wikipedia.org/wiki/小金井市>	<http://wikidata.dbpedia.org/resource/Q242874>
<http://ja.dbpedia.org/resource/小金井市>	"小金井市"@ja	<http://dbpedia.org/ontology/Place>	<http://ja.dbpedia.org/property/east>	"East"@ja	<http://ja.wikipedia.org/wiki/小金井市>	<http://wikidata.dbpedia.org/resource/Q242874>
<http://ja.dbpedia.org/resource/小金井市>	"小金井市"@ja	<http://dbpedia.org/ontology/City>	<http://ja.dbpedia.org/property/east>	"East"@ja	<http://ja.wikipedia.org/wiki/小金井市>	<http://wikidata.dbpedia.org/resource/Q242874>
<http://ja.dbpedia.org/resource/小金井市>	"小金井市"@ja	<http://dbpedia.org/ontology/Settlement>	<http://ja.dbpedia.org/property/隣接自治体>	"隣接自治体"@ja	<http://ja.wikipedia.org/wiki/小金井市>	<http://wikidata.dbpedia.org/resource/Q242874>
<http://ja.dbpedia.org/resource/小金井市>	"小金井市"@ja	<http://dbpedia.org/ontology/Location>	<http://ja.dbpedia.org/property/隣接自治体>	"隣接自治体"@ja	<http://ja.wikipedia.org/wiki/小金井市>	<http://wikidata.dbpedia.org/resource/Q242874>
<http://ja.dbpedia.org/resource/小金井市>	"小金井市"@ja	<http://dbpedia.org/ontology/Location>	<http://ja.dbpedia.org/property/east>	"East"@ja	<http://ja.wikipedia.org/wiki/小金井市>	<http://wikidata.dbpedia.org/resource/Q242874>
<http://ja.dbpedia.org/resource/小金井市>	"小金井市"@ja	<http://dbpedia.org/ontology/Place>	<http://ja.dbpedia.org/property/隣接自治体>	"隣接自治体"@ja	<http://ja.wikipedia.org/wiki/小金井市>	<http://wikidata.dbpedia.org/resource/Q242874>
<http://ja.dbpedia.org/resource/小金井市>	"小金井市"@ja	<http://dbpedia.org/ontology/Settlement>	<http://ja.dbpedia.org/property/east>	"East"@ja	<http://ja.wikipedia.org/wiki/小金井市>	<http://wikidata.dbpedia.org/resource/Q242874>
<http://ja.dbpedia.org/resource/小金井市>	"小金井市"@ja	<http://dbpedia.org/ontology/PopulatedPlace>	<http://ja.dbpedia.org/property/east>	"East"@ja	<http://ja.wikipedia.org/wiki/小金井市>	<http://wikidata.dbpedia.org/resource/Q242874>
<http://ja.dbpedia.org/resource/小金井市>	"小金井市"@ja	<http://dbpedia.org/ontology/City>	<http://ja.dbpedia.org/property/隣接自治体>	"隣接自治体"@ja	<http://ja.wikipedia.org/wiki/小金井市>	<http://wikidata.dbpedia.org/resource/Q242874>
<http://ja.dbpedia.org/resource/新川_(三鷹市)>	"新川 (三鷹市)"@ja	<http://dbpedia.org/ontology/Settlement>	<http://ja.dbpedia.org/property/subdivisionName>	"subdivision name"@ja	<http://ja.wikipedia.org/wiki/新川_(三鷹市)>	<http://wikidata.dbpedia.org/resource/Q11502050>
<http://ja.dbpedia.org/resource/新川_(三鷹市)>	"新川 (三鷹市)"@ja	<http://dbpedia.org/ontology/Place>	<http://ja.dbpedia.org/property/subdivisionName>	"subdivision name"@ja	<http://ja.wikipedia.org/wiki/新川_(三鷹市)>	<http://wikidata.dbpedia.org/resource/Q11502050>
<http://ja.dbpedia.org/resource/新川_(三鷹市)>	"新川 (三鷹市)"@ja	<http://dbpedia.org/ontology/Location>	<http://ja.dbpedia.org/property/subdivisionName>	"subdivision name"@ja	<http://ja.wikipedia.org/wiki/新川_(三鷹市)>	<http://wikidata.dbpedia.org/resource/Q11502050>
<http://ja.dbpedia.org/resource/新川_(三鷹市)>	"新川 (三鷹市)"@ja	<http://dbpedia.org/ontology/PopulatedPlace>	<http://ja.dbpedia.org/property/subdivisionName>	"subdivision name"@ja	<http://ja.wikipedia.org/wiki/新川_(三鷹市)>	<http://wikidata.dbpedia.org/resource/Q11502050>
<http://ja.dbpedia.org/resource/東京私鉄自動車協同組合>	"東京私鉄自動車協同組合"@ja	<http://dbpedia.org/ontology/Company>	<http://ja.dbpedia.org/property/事業内容>	"事業内容"@ja	<http://ja.wikipedia.org/wiki/東京私鉄自動車協同組合>	<http://wikidata.dbpedia.org/resource/Q11525067>
<http://ja.dbpedia.org/resource/東京私鉄自動車協同組合>	"東京私鉄自動車協同組合"@ja	<http://dbpedia.org/ontology/Organisation>	<http://ja.dbpedia.org/property/事業内容>	"事業内容"@ja	<http://ja.wikipedia.org/wiki/東京私鉄自動車協同組合>	<http://wikidata.dbpedia.org/resource/Q11525067>
<http://ja.dbpedia.org/resource/東京私鉄自動車協同組合>	"東京私鉄自動車協同組合"@ja	<http://dbpedia.org/ontology/Agent>	<http://ja.dbpedia.org/property/事業内容>	"事業内容"@ja	<http://ja.wikipedia.org/wiki/東京私鉄自動車協同組合>	<http://wikidata.dbpedia.org/resource/Q11525067>
<http://ja.dbpedia.org/resource/武蔵野市>	"武蔵野市"@ja	<http://dbpedia.org/ontology/Place>	<http://ja.dbpedia.org/property/south>	"South"@ja	<http://ja.wikipedia.org/wiki/武蔵野市>	<http://wikidata.dbpedia.org/resource/Q210661>
<http://ja.dbpedia.org/resource/武蔵野市>	"武蔵野市"@ja	<http://dbpedia.org/ontology/PopulatedPlace>	<http://ja.dbpedia.org/property/隣接自治体>	"隣接自治体"@ja	<http://ja.wikipedia.org/wiki/武蔵野市>	<http://wikidata.dbpedia.org/resource/Q210661>
<http://ja.dbpedia.org/resource/武蔵野市>	"武蔵野市"@ja	<http://dbpedia.org/ontology/City>	<http://ja.dbpedia.org/property/south>	"South"@ja	<http://ja.wikipedia.org/wiki/武蔵野市>	<http://wikidata.dbpedia.org/resource/Q210661>
<http://ja.dbpedia.org/resource/武蔵野市>	"武蔵野市"@ja	<http://dbpedia.org/ontology/Settlement>	<http://ja.dbpedia.org/property/隣接自治体>	"隣接自治体"@ja	<http://ja.wikipedia.org/wiki/武蔵野市>	<http://wikidata.dbpedia.org/resource/Q210661>
<http://ja.dbpedia.org/resource/武蔵野市>	"武蔵野市"@ja	<http://dbpedia.org/ontology/Location>	<http://ja.dbpedia.org/property/隣接自治体>	"隣接自治体"@ja	<http://ja.wikipedia.org/wiki/武蔵野市>	<http://wikidata.dbpedia.org/resource/Q210661>
<http://ja.dbpedia.org/resource/武蔵野市>	"武蔵野市"@ja	<http://dbpedia.org/ontology/PopulatedPlace>	<http://ja.dbpedia.org/property/south>	"South"@ja	<http://ja.wikipedia.org/wiki/武蔵野市>	<http://wikidata.dbpedia.org/resource/Q210661>
<http://ja.dbpedia.org/resource/武蔵野市>	"武蔵野市"@ja	<http://dbpedia.org/ontology/City>	<http://ja.dbpedia.org/property/隣接自治体>	"隣接自治体"@ja	<http://ja.wikipedia.org/wiki/武蔵野市>	<http://wikidata.dbpedia.org/resource/Q210661>
<http://ja.dbpedia.org/resource/武蔵野市>	"武蔵野市"@ja	<http://dbpedia.org/ontology/Settlement>	<http://ja.dbpedia.org/property/south>	"South"@ja	<http://ja.wikipedia.org/wiki/武蔵野市>	<http://wikidata.dbpedia.org/resource/Q210661>
<http://ja.dbpedia.org/resource/武蔵野市>	"武蔵野市"@ja	<http://dbpedia.org/ontology/Location>	<http://ja.dbpedia.org/property/south>	"South"@ja	<http://ja.wikipedia.org/wiki/武蔵野市>	<http://wikidata.dbpedia.org/resource/Q210661>
<http://ja.dbpedia.org/resource/武蔵野市>	"武蔵野市"@ja	<http://dbpedia.org/ontology/Place>	<http://ja.dbpedia.org/property/隣接自治体>	"隣接自治体"@ja	<http://ja.wikipedia.org/wiki/武蔵野市>	<http://wikidata.dbpedia.org/resource/Q210661>
<http://ja.dbpedia.org/resource/深大寺_(三鷹市)>	"深大寺 (三鷹市)"@ja	<http://dbpedia.org/ontology/PopulatedPlace>	<http://ja.dbpedia.org/property/subdivisionName>	"subdivision name"@ja	<http://ja.wikipedia.org/wiki/深大寺_(三鷹市)>	<http://wikidata.dbpedia.org/resource/Q11559935>
<http://ja.dbpedia.org/resource/深大寺_(三鷹市)>	"深大寺 (三鷹市)"@ja	<http://dbpedia.org/ontology/Location>	<http://ja.dbpedia.org/property/subdivisionName>	"subdivision name"@ja	<http://ja.wikipedia.org/wiki/深大寺_(三鷹市)>	<http://wikidata.dbpedia.org/resource/Q11559935>
<http://ja.dbpedia.org/resource/深大寺_(三鷹市)>	"深大寺 (三鷹市)"@ja	<http://dbpedia.org/ontology/Settlement>	<http://ja.dbpedia.org/property/subdivisionName>	"subdivision name"@ja	<http://ja.wikipedia.org/wiki/深大寺_(三鷹市)>	<http://wikidata.dbpedia.org/resource/Q11559935>
<http://ja.dbpedia.org/resource/深大寺_(三鷹市)>	"深大寺 (三鷹市)"@ja	<http://dbpedia.org/ontology/Place>	<http://ja.dbpedia.org/property/subdivisionName>	"subdivision name"@ja	<http://ja.wikipedia.org/wiki/深大寺_(三鷹市)>	<http://wikidata.dbpedia.org/resource/Q11559935>
<http://ja.dbpedia.org/resource/牟礼_(三鷹市)>	"牟礼 (三鷹市)"@ja	<http://dbpedia.org/ontology/PopulatedPlace>	<http://ja.dbpedia.org/property/subdivisionName>	"subdivision name"@ja	<http://ja.wikipedia.org/wiki/牟礼_(三鷹市)>	<http://wikidata.dbpedia.org/resource/Q11570294>
<http://ja.dbpedia.org/resource/牟礼_(三鷹市)>	"牟礼 (三鷹市)"@ja	<http://dbpedia.org/ontology/Location>	<http://ja.dbpedia.org/property/subdivisionName>	"subdivision name"@ja	<http://ja.wikipedia.org/wiki/牟礼_(三鷹市)>	<http://wikidata.dbpedia.org/resource/Q11570294>
<http://ja.dbpedia.org/resource/牟礼_(三鷹市)>	"牟礼 (三鷹市)"@ja	<http://dbpedia.org/ontology/Place>	<http://ja.dbpedia.org/property/subdivisionName>	"subdivision name"@ja	<http://ja.wikipedia.org/wiki/牟礼_(三鷹市)>	<http://wikidata.dbpedia.org/resource/Q11570294>
<http://ja.dbpedia.org/resource/牟礼_(三鷹市)>	"牟礼 (三鷹市)"@ja	<http://dbpedia.org/ontology/Settlement>	<http://ja.dbpedia.org/property/subdivisionName>	"subdivision name"@ja	<http://ja.wikipedia.org/wiki/牟礼_(三鷹市)>	<http://wikidata.dbpedia.org/resource/Q11570294>
<http://ja.dbpedia.org/resource/蝶野正洋>	"蝶野正洋"@ja	<http://dbpedia.org/ontology/Person>	<http://ja.dbpedia.org/property/出身地>	"出身地"@ja	<http://ja.wikipedia.org/wiki/蝶野正洋>	<http://wikidata.dbpedia.org/resource/Q3090501>
<http://ja.dbpedia.org/resource/蝶野正洋>	"蝶野正洋"@ja	<http://dbpedia.org/ontology/Wrestler>	<http://ja.dbpedia.org/property/出身地>	"出身地"@ja	<http://ja.wikipedia.org/wiki/蝶野正洋>	<http://wikidata.dbpedia.org/resource/Q3090501>
<http://ja.dbpedia.org/resource/蝶野正洋>	"蝶野正洋"@ja	<http://dbpedia.org/ontology/Athlete>	<http://ja.dbpedia.org/property/出身地>	"出身地"@ja	<http://ja.wikipedia.org/wiki/蝶野正洋>	<http://wikidata.dbpedia.org/resource/Q3090501>
<http://ja.dbpedia.org/resource/蝶野正洋>	"蝶野正洋"@ja	<http://dbpedia.org/ontology/Species>	<http://ja.dbpedia.org/property/出身地>	"出身地"@ja	<http://ja.wikipedia.org/wiki/蝶野正洋>	<http://wikidata.dbpedia.org/resource/Q3090501>
<http://ja.dbpedia.org/resource/蝶野正洋>	"蝶野正洋"@ja	<http://dbpedia.org/ontology/Eukaryote>	<http://ja.dbpedia.org/property/出身地>	"出身地"@ja	<http://ja.wikipedia.org/wiki/蝶野正洋>	<http://wikidata.dbpedia.org/resource/Q3090501>
<http://ja.dbpedia.org/resource/蝶野正洋>	"蝶野正洋"@ja	<http://dbpedia.org/ontology/Animal>	<http://ja.dbpedia.org/property/出身地>	"出身地"@ja	<http://ja.wikipedia.org/wiki/蝶野正洋>	<http://wikidata.dbpedia.org/resource/Q3090501>
<http://ja.dbpedia.org/resource/調布市>	"調布市"@ja	<http://dbpedia.org/ontology/PopulatedPlace>	<http://ja.dbpedia.org/property/north>	"North"@ja	<http://ja.wikipedia.org/wiki/調布市>	<http://wikidata.dbpedia.org/resource/Q210667>
<http://ja.dbpedia.org/resource/調布市>	"調布市"@ja	<http://dbpedia.org/ontology/Place>	<http://ja.dbpedia.org/property/隣接自治体>	"隣接自治体"@ja	<http://ja.wikipedia.org/wiki/調布市>	<http://wikidata.dbpedia.org/resource/Q210667>
<http://ja.dbpedia.org/resource/調布市>	"調布市"@ja	<http://dbpedia.org/ontology/City>	<http://ja.dbpedia.org/property/隣接自治体>	"隣接自治体"@ja	<http://ja.wikipedia.org/wiki/調布市>	<http://wikidata.dbpedia.org/resource/Q210667>
<http://ja.dbpedia.org/resource/調布市>	"調布市"@ja	<http://dbpedia.org/ontology/Settlement>	<http://ja.dbpedia.org/property/north>	"North"@ja	<http://ja.wikipedia.org/wiki/調布市>	<http://wikidata.dbpedia.org/resource/Q210667>
<http://ja.dbpedia.org/resource/調布市>	"調布市"@ja	<http://dbpedia.org/ontology/Location>	<http://ja.dbpedia.org/property/north>	"North"@ja	<http://ja.wikipedia.org/wiki/調布市>	<http://wikidata.dbpedia.org/resource/Q210667>
<http://ja.dbpedia.org/resource/調布市>	"調布市"@ja	<http://dbpedia.org/ontology/PopulatedPlace>	<http://ja.dbpedia.org/property/隣接自治体>	"隣接自治体"@ja	<http://ja.wikipedia.org/wiki/調布市>	<http://wikidata.dbpedia.org/resource/Q210667>
<http://ja.dbpedia.org/resource/調布市>	"調布市"@ja	<http://dbpedia.org/ontology/City>	<http://ja.dbpedia.org/property/north>	"North"@ja	<http://ja.wikipedia.org/wiki/調布市>	<http://wikidata.dbpedia.org/resource/Q210667>
<http://ja.dbpedia.org/resource/調布市>	"調布市"@ja	<http://dbpedia.org/ontology/Settlement>	<http://ja.dbpedia.org/property/隣接自治体>	"隣接自治体"@ja	<http://ja.wikipedia.org/wiki/調布市>	<http://wikidata.dbpedia.org/resource/Q210667>
<http://ja.dbpedia.org/resource/調布市>	"調布市"@ja	<http://dbpedia.org/ontology/Location>	<http://ja.dbpedia.org/property/隣接自治体>	"隣接自治体"@ja	<http://ja.wikipedia.org/wiki/調布市>	<http://wikidata.dbpedia.org/resource/Q210667>
<http://ja.dbpedia.org/resource/調布市>	"調布市"@ja	<http://dbpedia.org/ontology/Place>	<http://ja.dbpedia.org/property/north>	"North"@ja	<http://ja.wikipedia.org/wiki/調布市>	<http://wikidata.dbpedia.org/resource/Q210667>
<http://ja.dbpedia.org/resource/野崎_(三鷹市)>	"野崎 (三鷹市)"@ja	<http://dbpedia.org/ontology/Settlement>	<http://ja.dbpedia.org/property/subdivisionName>	"subdivision name"@ja	<http://ja.wikipedia.org/wiki/野崎_(三鷹市)>	<http://wikidata.dbpedia.org/resource/Q11645364>
<http://ja.dbpedia.org/resource/野崎_(三鷹市)>	"野崎 (三鷹市)"@ja	<http://dbpedia.org/ontology/Place>	<http://ja.dbpedia.org/property/subdivisionName>	"subdivision name"@ja	<http://ja.wikipedia.org/wiki/野崎_(三鷹市)>	<http://wikidata.dbpedia.org/resource/Q11645364>
<http://ja.dbpedia.org/resource/野崎_(三鷹市)>	"野崎 (三鷹市)"@ja	<http://dbpedia.org/ontology/Location>	<http://ja.dbpedia.org/property/subdivisionName>	"subdivision name"@ja	<http://ja.wikipedia.org/wiki/野崎_(三鷹市)>	<http://wikidata.dbpedia.org/resource/Q11645364>
<http://ja.dbpedia.org/resource/野崎_(三鷹市)>	"野崎 (三鷹市)"@ja	<http://dbpedia.org/ontology/PopulatedPlace>	<http://ja.dbpedia.org/property/subdivisionName>	"subdivision name"@ja	<http://ja.wikipedia.org/wiki/野崎_(三鷹市)>	<http://wikidata.dbpedia.org/resource/Q11645364>
