?s	?sLabel	?type	?p	?pLabel	?jwiki	?wd
<http://ja.dbpedia.org/resource/ずんずん!>	"ずんずん!"@ja	<http://dbpedia.org/ontology/WrittenWork>	<http://ja.dbpedia.org/property/撮影地>	"撮影地"@ja	<http://ja.wikipedia.org/wiki/ずんずん!>	<http://wikidata.dbpedia.org/resource/Q109595332>
<http://ja.dbpedia.org/resource/ずんずん!>	"ずんずん!"@ja	<http://dbpedia.org/ontology/Work>	<http://ja.dbpedia.org/property/撮影地>	"撮影地"@ja	<http://ja.wikipedia.org/wiki/ずんずん!>	<http://wikidata.dbpedia.org/resource/Q109595332>
<http://ja.dbpedia.org/resource/ずんずん!>	"ずんずん!"@ja	<http://dbpedia.org/ontology/Book>	<http://ja.dbpedia.org/property/撮影地>	"撮影地"@ja	<http://ja.wikipedia.org/wiki/ずんずん!>	<http://wikidata.dbpedia.org/resource/Q109595332>
<http://ja.dbpedia.org/resource/八王子市>	"八王子市"@ja	<http://dbpedia.org/ontology/PopulatedPlace>	<http://ja.dbpedia.org/property/east>	"East"@ja	<http://ja.wikipedia.org/wiki/八王子市>	<http://wikidata.dbpedia.org/resource/Q208863>
<http://ja.dbpedia.org/resource/八王子市>	"八王子市"@ja	<http://dbpedia.org/ontology/Settlement>	<http://ja.dbpedia.org/property/east>	"East"@ja	<http://ja.wikipedia.org/wiki/八王子市>	<http://wikidata.dbpedia.org/resource/Q208863>
<http://ja.dbpedia.org/resource/八王子市>	"八王子市"@ja	<http://dbpedia.org/ontology/Location>	<http://ja.dbpedia.org/property/east>	"East"@ja	<http://ja.wikipedia.org/wiki/八王子市>	<http://wikidata.dbpedia.org/resource/Q208863>
<http://ja.dbpedia.org/resource/八王子市>	"八王子市"@ja	<http://dbpedia.org/ontology/Place>	<http://ja.dbpedia.org/property/east>	"East"@ja	<http://ja.wikipedia.org/wiki/八王子市>	<http://wikidata.dbpedia.org/resource/Q208863>
<http://ja.dbpedia.org/resource/八王子市>	"八王子市"@ja	<http://dbpedia.org/ontology/City>	<http://ja.dbpedia.org/property/east>	"East"@ja	<http://ja.wikipedia.org/wiki/八王子市>	<http://wikidata.dbpedia.org/resource/Q208863>
<http://ja.dbpedia.org/resource/南平_(日野市)>	"南平 (日野市)"@ja	<http://dbpedia.org/ontology/Location>	<http://ja.dbpedia.org/property/subdivisionName>	"subdivision name"@ja	<http://ja.wikipedia.org/wiki/南平_(日野市)>	<http://wikidata.dbpedia.org/resource/Q11407812>
<http://ja.dbpedia.org/resource/南平_(日野市)>	"南平 (日野市)"@ja	<http://dbpedia.org/ontology/PopulatedPlace>	<http://ja.dbpedia.org/property/subdivisionName>	"subdivision name"@ja	<http://ja.wikipedia.org/wiki/南平_(日野市)>	<http://wikidata.dbpedia.org/resource/Q11407812>
<http://ja.dbpedia.org/resource/南平_(日野市)>	"南平 (日野市)"@ja	<http://dbpedia.org/ontology/Settlement>	<http://ja.dbpedia.org/property/subdivisionName>	"subdivision name"@ja	<http://ja.wikipedia.org/wiki/南平_(日野市)>	<http://wikidata.dbpedia.org/resource/Q11407812>
<http://ja.dbpedia.org/resource/南平_(日野市)>	"南平 (日野市)"@ja	<http://dbpedia.org/ontology/Place>	<http://ja.dbpedia.org/property/subdivisionName>	"subdivision name"@ja	<http://ja.wikipedia.org/wiki/南平_(日野市)>	<http://wikidata.dbpedia.org/resource/Q11407812>
<http://ja.dbpedia.org/resource/古賀俊昭>	"古賀俊昭"@ja	<http://dbpedia.org/ontology/Person>	<http://ja.dbpedia.org/property/選挙区>	"選挙区"@ja	<http://ja.wikipedia.org/wiki/古賀俊昭>	<http://wikidata.dbpedia.org/resource/Q11411644>
<http://ja.dbpedia.org/resource/古賀俊昭>	"古賀俊昭"@ja	<http://dbpedia.org/ontology/Species>	<http://ja.dbpedia.org/property/選挙区>	"選挙区"@ja	<http://ja.wikipedia.org/wiki/古賀俊昭>	<http://wikidata.dbpedia.org/resource/Q11411644>
<http://ja.dbpedia.org/resource/古賀俊昭>	"古賀俊昭"@ja	<http://dbpedia.org/ontology/Animal>	<http://ja.dbpedia.org/property/選挙区>	"選挙区"@ja	<http://ja.wikipedia.org/wiki/古賀俊昭>	<http://wikidata.dbpedia.org/resource/Q11411644>
<http://ja.dbpedia.org/resource/古賀俊昭>	"古賀俊昭"@ja	<http://dbpedia.org/ontology/Politician>	<http://ja.dbpedia.org/property/選挙区>	"選挙区"@ja	<http://ja.wikipedia.org/wiki/古賀俊昭>	<http://wikidata.dbpedia.org/resource/Q11411644>
<http://ja.dbpedia.org/resource/古賀俊昭>	"古賀俊昭"@ja	<http://dbpedia.org/ontology/Eukaryote>	<http://ja.dbpedia.org/property/選挙区>	"選挙区"@ja	<http://ja.wikipedia.org/wiki/古賀俊昭>	<http://wikidata.dbpedia.org/resource/Q11411644>
<http://ja.dbpedia.org/resource/国立市>	"国立市"@ja	<http://dbpedia.org/ontology/PopulatedPlace>	<http://ja.dbpedia.org/property/southwest>	"Southwest"@ja	<http://ja.wikipedia.org/wiki/国立市>	<http://wikidata.dbpedia.org/resource/Q330007>
<http://ja.dbpedia.org/resource/国立市>	"国立市"@ja	<http://dbpedia.org/ontology/Place>	<http://ja.dbpedia.org/property/隣接自治体>	"隣接自治体"@ja	<http://ja.wikipedia.org/wiki/国立市>	<http://wikidata.dbpedia.org/resource/Q330007>
<http://ja.dbpedia.org/resource/国立市>	"国立市"@ja	<http://dbpedia.org/ontology/City>	<http://ja.dbpedia.org/property/隣接自治体>	"隣接自治体"@ja	<http://ja.wikipedia.org/wiki/国立市>	<http://wikidata.dbpedia.org/resource/Q330007>
<http://ja.dbpedia.org/resource/国立市>	"国立市"@ja	<http://dbpedia.org/ontology/Location>	<http://ja.dbpedia.org/property/southwest>	"Southwest"@ja	<http://ja.wikipedia.org/wiki/国立市>	<http://wikidata.dbpedia.org/resource/Q330007>
<http://ja.dbpedia.org/resource/国立市>	"国立市"@ja	<http://dbpedia.org/ontology/Settlement>	<http://ja.dbpedia.org/property/southwest>	"Southwest"@ja	<http://ja.wikipedia.org/wiki/国立市>	<http://wikidata.dbpedia.org/resource/Q330007>
<http://ja.dbpedia.org/resource/国立市>	"国立市"@ja	<http://dbpedia.org/ontology/Settlement>	<http://ja.dbpedia.org/property/隣接自治体>	"隣接自治体"@ja	<http://ja.wikipedia.org/wiki/国立市>	<http://wikidata.dbpedia.org/resource/Q330007>
<http://ja.dbpedia.org/resource/国立市>	"国立市"@ja	<http://dbpedia.org/ontology/City>	<http://ja.dbpedia.org/property/southwest>	"Southwest"@ja	<http://ja.wikipedia.org/wiki/国立市>	<http://wikidata.dbpedia.org/resource/Q330007>
<http://ja.dbpedia.org/resource/国立市>	"国立市"@ja	<http://dbpedia.org/ontology/PopulatedPlace>	<http://ja.dbpedia.org/property/隣接自治体>	"隣接自治体"@ja	<http://ja.wikipedia.org/wiki/国立市>	<http://wikidata.dbpedia.org/resource/Q330007>
<http://ja.dbpedia.org/resource/国立市>	"国立市"@ja	<http://dbpedia.org/ontology/Place>	<http://ja.dbpedia.org/property/southwest>	"Southwest"@ja	<http://ja.wikipedia.org/wiki/国立市>	<http://wikidata.dbpedia.org/resource/Q330007>
<http://ja.dbpedia.org/resource/国立市>	"国立市"@ja	<http://dbpedia.org/ontology/Location>	<http://ja.dbpedia.org/property/隣接自治体>	"隣接自治体"@ja	<http://ja.wikipedia.org/wiki/国立市>	<http://wikidata.dbpedia.org/resource/Q330007>
<http://ja.dbpedia.org/resource/多摩市>	"多摩市"@ja	<http://dbpedia.org/ontology/Settlement>	<http://ja.dbpedia.org/property/northwest>	"Northwest"@ja	<http://ja.wikipedia.org/wiki/多摩市>	<http://wikidata.dbpedia.org/resource/Q213263>
<http://ja.dbpedia.org/resource/多摩市>	"多摩市"@ja	<http://dbpedia.org/ontology/City>	<http://ja.dbpedia.org/property/隣接自治体>	"隣接自治体"@ja	<http://ja.wikipedia.org/wiki/多摩市>	<http://wikidata.dbpedia.org/resource/Q213263>
<http://ja.dbpedia.org/resource/多摩市>	"多摩市"@ja	<http://dbpedia.org/ontology/PopulatedPlace>	<http://ja.dbpedia.org/property/northwest>	"Northwest"@ja	<http://ja.wikipedia.org/wiki/多摩市>	<http://wikidata.dbpedia.org/resource/Q213263>
<http://ja.dbpedia.org/resource/多摩市>	"多摩市"@ja	<http://dbpedia.org/ontology/Place>	<http://ja.dbpedia.org/property/隣接自治体>	"隣接自治体"@ja	<http://ja.wikipedia.org/wiki/多摩市>	<http://wikidata.dbpedia.org/resource/Q213263>
<http://ja.dbpedia.org/resource/多摩市>	"多摩市"@ja	<http://dbpedia.org/ontology/Location>	<http://ja.dbpedia.org/property/northwest>	"Northwest"@ja	<http://ja.wikipedia.org/wiki/多摩市>	<http://wikidata.dbpedia.org/resource/Q213263>
<http://ja.dbpedia.org/resource/多摩市>	"多摩市"@ja	<http://dbpedia.org/ontology/Location>	<http://ja.dbpedia.org/property/隣接自治体>	"隣接自治体"@ja	<http://ja.wikipedia.org/wiki/多摩市>	<http://wikidata.dbpedia.org/resource/Q213263>
<http://ja.dbpedia.org/resource/多摩市>	"多摩市"@ja	<http://dbpedia.org/ontology/Place>	<http://ja.dbpedia.org/property/northwest>	"Northwest"@ja	<http://ja.wikipedia.org/wiki/多摩市>	<http://wikidata.dbpedia.org/resource/Q213263>
<http://ja.dbpedia.org/resource/多摩市>	"多摩市"@ja	<http://dbpedia.org/ontology/Settlement>	<http://ja.dbpedia.org/property/隣接自治体>	"隣接自治体"@ja	<http://ja.wikipedia.org/wiki/多摩市>	<http://wikidata.dbpedia.org/resource/Q213263>
<http://ja.dbpedia.org/resource/多摩市>	"多摩市"@ja	<http://dbpedia.org/ontology/PopulatedPlace>	<http://ja.dbpedia.org/property/隣接自治体>	"隣接自治体"@ja	<http://ja.wikipedia.org/wiki/多摩市>	<http://wikidata.dbpedia.org/resource/Q213263>
<http://ja.dbpedia.org/resource/多摩市>	"多摩市"@ja	<http://dbpedia.org/ontology/City>	<http://ja.dbpedia.org/property/northwest>	"Northwest"@ja	<http://ja.wikipedia.org/wiki/多摩市>	<http://wikidata.dbpedia.org/resource/Q213263>
<http://ja.dbpedia.org/resource/多摩平>	"多摩平"@ja	<http://dbpedia.org/ontology/Settlement>	<http://ja.dbpedia.org/property/subdivisionName>	"subdivision name"@ja	<http://ja.wikipedia.org/wiki/多摩平>	<http://wikidata.dbpedia.org/resource/Q13642246>
<http://ja.dbpedia.org/resource/多摩平>	"多摩平"@ja	<http://dbpedia.org/ontology/Place>	<http://ja.dbpedia.org/property/subdivisionName>	"subdivision name"@ja	<http://ja.wikipedia.org/wiki/多摩平>	<http://wikidata.dbpedia.org/resource/Q13642246>
<http://ja.dbpedia.org/resource/多摩平>	"多摩平"@ja	<http://dbpedia.org/ontology/Location>	<http://ja.dbpedia.org/property/subdivisionName>	"subdivision name"@ja	<http://ja.wikipedia.org/wiki/多摩平>	<http://wikidata.dbpedia.org/resource/Q13642246>
<http://ja.dbpedia.org/resource/多摩平>	"多摩平"@ja	<http://dbpedia.org/ontology/PopulatedPlace>	<http://ja.dbpedia.org/property/subdivisionName>	"subdivision name"@ja	<http://ja.wikipedia.org/wiki/多摩平>	<http://wikidata.dbpedia.org/resource/Q13642246>
<http://ja.dbpedia.org/resource/大坂上>	"大坂上"@ja	<http://dbpedia.org/ontology/Place>	<http://ja.dbpedia.org/property/subdivisionName>	"subdivision name"@ja	<http://ja.wikipedia.org/wiki/大坂上>	<http://wikidata.dbpedia.org/resource/Q17221687>
<http://ja.dbpedia.org/resource/大坂上>	"大坂上"@ja	<http://dbpedia.org/ontology/Settlement>	<http://ja.dbpedia.org/property/subdivisionName>	"subdivision name"@ja	<http://ja.wikipedia.org/wiki/大坂上>	<http://wikidata.dbpedia.org/resource/Q17221687>
<http://ja.dbpedia.org/resource/大坂上>	"大坂上"@ja	<http://dbpedia.org/ontology/PopulatedPlace>	<http://ja.dbpedia.org/property/subdivisionName>	"subdivision name"@ja	<http://ja.wikipedia.org/wiki/大坂上>	<http://wikidata.dbpedia.org/resource/Q17221687>
<http://ja.dbpedia.org/resource/大坂上>	"大坂上"@ja	<http://dbpedia.org/ontology/Location>	<http://ja.dbpedia.org/property/subdivisionName>	"subdivision name"@ja	<http://ja.wikipedia.org/wiki/大坂上>	<http://wikidata.dbpedia.org/resource/Q17221687>
<http://ja.dbpedia.org/resource/大坪冬彦>	"大坪冬彦"@ja	<http://dbpedia.org/ontology/Species>	<http://ja.dbpedia.org/property/前職>	"前職"@ja	<http://ja.wikipedia.org/wiki/大坪冬彦>	<http://wikidata.dbpedia.org/resource/Q16264801>
<http://ja.dbpedia.org/resource/大坪冬彦>	"大坪冬彦"@ja	<http://dbpedia.org/ontology/Person>	<http://ja.dbpedia.org/property/前職>	"前職"@ja	<http://ja.wikipedia.org/wiki/大坪冬彦>	<http://wikidata.dbpedia.org/resource/Q16264801>
<http://ja.dbpedia.org/resource/大坪冬彦>	"大坪冬彦"@ja	<http://dbpedia.org/ontology/Animal>	<http://ja.dbpedia.org/property/前職>	"前職"@ja	<http://ja.wikipedia.org/wiki/大坪冬彦>	<http://wikidata.dbpedia.org/resource/Q16264801>
<http://ja.dbpedia.org/resource/大坪冬彦>	"大坪冬彦"@ja	<http://dbpedia.org/ontology/Politician>	<http://ja.dbpedia.org/property/前職>	"前職"@ja	<http://ja.wikipedia.org/wiki/大坪冬彦>	<http://wikidata.dbpedia.org/resource/Q16264801>
<http://ja.dbpedia.org/resource/大坪冬彦>	"大坪冬彦"@ja	<http://dbpedia.org/ontology/Eukaryote>	<http://ja.dbpedia.org/property/前職>	"前職"@ja	<http://ja.wikipedia.org/wiki/大坪冬彦>	<http://wikidata.dbpedia.org/resource/Q16264801>
<http://ja.dbpedia.org/resource/大栗川>	"大栗川"@ja	<http://dbpedia.org/ontology/Location>	<http://ja.dbpedia.org/property/流域>	"流域"@ja	<http://ja.wikipedia.org/wiki/大栗川>	<http://wikidata.dbpedia.org/resource/Q11436256>
<http://ja.dbpedia.org/resource/大栗川>	"大栗川"@ja	<http://dbpedia.org/ontology/Place>	<http://ja.dbpedia.org/property/流域>	"流域"@ja	<http://ja.wikipedia.org/wiki/大栗川>	<http://wikidata.dbpedia.org/resource/Q11436256>
<http://ja.dbpedia.org/resource/大栗川>	"大栗川"@ja	<http://dbpedia.org/ontology/River>	<http://ja.dbpedia.org/property/流域>	"流域"@ja	<http://ja.wikipedia.org/wiki/大栗川>	<http://wikidata.dbpedia.org/resource/Q11436256>
<http://ja.dbpedia.org/resource/大栗川>	"大栗川"@ja	<http://dbpedia.org/ontology/NaturalPlace>	<http://ja.dbpedia.org/property/流域>	"流域"@ja	<http://ja.wikipedia.org/wiki/大栗川>	<http://wikidata.dbpedia.org/resource/Q11436256>
<http://ja.dbpedia.org/resource/大栗川>	"大栗川"@ja	<http://dbpedia.org/ontology/BodyOfWater>	<http://ja.dbpedia.org/property/流域>	"流域"@ja	<http://ja.wikipedia.org/wiki/大栗川>	<http://wikidata.dbpedia.org/resource/Q11436256>
<http://ja.dbpedia.org/resource/大栗川>	"大栗川"@ja	<http://dbpedia.org/ontology/Stream>	<http://ja.dbpedia.org/property/流域>	"流域"@ja	<http://ja.wikipedia.org/wiki/大栗川>	<http://wikidata.dbpedia.org/resource/Q11436256>
<http://ja.dbpedia.org/resource/川辺堀之内>	"川辺堀之内"@ja	<http://dbpedia.org/ontology/PopulatedPlace>	<http://ja.dbpedia.org/property/subdivisionName>	"subdivision name"@ja	<http://ja.wikipedia.org/wiki/川辺堀之内>	<http://wikidata.dbpedia.org/resource/Q13642229>
<http://ja.dbpedia.org/resource/川辺堀之内>	"川辺堀之内"@ja	<http://dbpedia.org/ontology/Location>	<http://ja.dbpedia.org/property/subdivisionName>	"subdivision name"@ja	<http://ja.wikipedia.org/wiki/川辺堀之内>	<http://wikidata.dbpedia.org/resource/Q13642229>
<http://ja.dbpedia.org/resource/川辺堀之内>	"川辺堀之内"@ja	<http://dbpedia.org/ontology/Place>	<http://ja.dbpedia.org/property/subdivisionName>	"subdivision name"@ja	<http://ja.wikipedia.org/wiki/川辺堀之内>	<http://wikidata.dbpedia.org/resource/Q13642229>
<http://ja.dbpedia.org/resource/川辺堀之内>	"川辺堀之内"@ja	<http://dbpedia.org/ontology/Settlement>	<http://ja.dbpedia.org/property/subdivisionName>	"subdivision name"@ja	<http://ja.wikipedia.org/wiki/川辺堀之内>	<http://wikidata.dbpedia.org/resource/Q13642229>
<http://ja.dbpedia.org/resource/平山季重>	"平山季重"@ja	<http://dbpedia.org/ontology/Person>	<http://ja.dbpedia.org/property/墓所>	"墓所"@ja	<http://ja.wikipedia.org/wiki/平山季重>	<http://wikidata.dbpedia.org/resource/Q11482505>
<http://ja.dbpedia.org/resource/平山季重>	"平山季重"@ja	<http://dbpedia.org/ontology/Eukaryote>	<http://ja.dbpedia.org/property/墓所>	"墓所"@ja	<http://ja.wikipedia.org/wiki/平山季重>	<http://wikidata.dbpedia.org/resource/Q11482505>
<http://ja.dbpedia.org/resource/平山季重>	"平山季重"@ja	<http://dbpedia.org/ontology/Animal>	<http://ja.dbpedia.org/property/墓所>	"墓所"@ja	<http://ja.wikipedia.org/wiki/平山季重>	<http://wikidata.dbpedia.org/resource/Q11482505>
<http://ja.dbpedia.org/resource/平山季重>	"平山季重"@ja	<http://dbpedia.org/ontology/MilitaryPerson>	<http://ja.dbpedia.org/property/墓所>	"墓所"@ja	<http://ja.wikipedia.org/wiki/平山季重>	<http://wikidata.dbpedia.org/resource/Q11482505>
<http://ja.dbpedia.org/resource/平山季重>	"平山季重"@ja	<http://dbpedia.org/ontology/Species>	<http://ja.dbpedia.org/property/墓所>	"墓所"@ja	<http://ja.wikipedia.org/wiki/平山季重>	<http://wikidata.dbpedia.org/resource/Q11482505>
<http://ja.dbpedia.org/resource/府中市_(東京都)>	"府中市 (東京都)"@ja	<http://dbpedia.org/ontology/PopulatedPlace>	<http://ja.dbpedia.org/property/west>	"West"@ja	<http://ja.wikipedia.org/wiki/府中市_(東京都)>	<http://wikidata.dbpedia.org/resource/Q208818>
<http://ja.dbpedia.org/resource/府中市_(東京都)>	"府中市 (東京都)"@ja	<http://dbpedia.org/ontology/Place>	<http://ja.dbpedia.org/property/隣接自治体>	"隣接自治体"@ja	<http://ja.wikipedia.org/wiki/府中市_(東京都)>	<http://wikidata.dbpedia.org/resource/Q208818>
<http://ja.dbpedia.org/resource/府中市_(東京都)>	"府中市 (東京都)"@ja	<http://dbpedia.org/ontology/City>	<http://ja.dbpedia.org/property/隣接自治体>	"隣接自治体"@ja	<http://ja.wikipedia.org/wiki/府中市_(東京都)>	<http://wikidata.dbpedia.org/resource/Q208818>
<http://ja.dbpedia.org/resource/府中市_(東京都)>	"府中市 (東京都)"@ja	<http://dbpedia.org/ontology/Settlement>	<http://ja.dbpedia.org/property/west>	"West"@ja	<http://ja.wikipedia.org/wiki/府中市_(東京都)>	<http://wikidata.dbpedia.org/resource/Q208818>
<http://ja.dbpedia.org/resource/府中市_(東京都)>	"府中市 (東京都)"@ja	<http://dbpedia.org/ontology/Location>	<http://ja.dbpedia.org/property/west>	"West"@ja	<http://ja.wikipedia.org/wiki/府中市_(東京都)>	<http://wikidata.dbpedia.org/resource/Q208818>
<http://ja.dbpedia.org/resource/府中市_(東京都)>	"府中市 (東京都)"@ja	<http://dbpedia.org/ontology/Location>	<http://ja.dbpedia.org/property/隣接自治体>	"隣接自治体"@ja	<http://ja.wikipedia.org/wiki/府中市_(東京都)>	<http://wikidata.dbpedia.org/resource/Q208818>
<http://ja.dbpedia.org/resource/府中市_(東京都)>	"府中市 (東京都)"@ja	<http://dbpedia.org/ontology/Place>	<http://ja.dbpedia.org/property/west>	"West"@ja	<http://ja.wikipedia.org/wiki/府中市_(東京都)>	<http://wikidata.dbpedia.org/resource/Q208818>
<http://ja.dbpedia.org/resource/府中市_(東京都)>	"府中市 (東京都)"@ja	<http://dbpedia.org/ontology/Settlement>	<http://ja.dbpedia.org/property/隣接自治体>	"隣接自治体"@ja	<http://ja.wikipedia.org/wiki/府中市_(東京都)>	<http://wikidata.dbpedia.org/resource/Q208818>
<http://ja.dbpedia.org/resource/府中市_(東京都)>	"府中市 (東京都)"@ja	<http://dbpedia.org/ontology/PopulatedPlace>	<http://ja.dbpedia.org/property/隣接自治体>	"隣接自治体"@ja	<http://ja.wikipedia.org/wiki/府中市_(東京都)>	<http://wikidata.dbpedia.org/resource/Q208818>
<http://ja.dbpedia.org/resource/府中市_(東京都)>	"府中市 (東京都)"@ja	<http://dbpedia.org/ontology/City>	<http://ja.dbpedia.org/property/west>	"West"@ja	<http://ja.wikipedia.org/wiki/府中市_(東京都)>	<http://wikidata.dbpedia.org/resource/Q208818>
<http://ja.dbpedia.org/resource/日野バイパス>	"日野バイパス"@ja	<http://dbpedia.org/ontology/ArchitecturalStructure>	<http://ja.dbpedia.org/property/主な経由都市>	"主な経由都市"@ja	<http://ja.wikipedia.org/wiki/日野バイパス>	<http://wikidata.dbpedia.org/resource/Q11510543>
<http://ja.dbpedia.org/resource/日野バイパス>	"日野バイパス"@ja	<http://dbpedia.org/ontology/Road>	<http://ja.dbpedia.org/property/主な経由都市>	"主な経由都市"@ja	<http://ja.wikipedia.org/wiki/日野バイパス>	<http://wikidata.dbpedia.org/resource/Q11510543>
<http://ja.dbpedia.org/resource/日野バイパス>	"日野バイパス"@ja	<http://dbpedia.org/ontology/Infrastructure>	<http://ja.dbpedia.org/property/主な経由都市>	"主な経由都市"@ja	<http://ja.wikipedia.org/wiki/日野バイパス>	<http://wikidata.dbpedia.org/resource/Q11510543>
<http://ja.dbpedia.org/resource/日野バイパス>	"日野バイパス"@ja	<http://dbpedia.org/ontology/RouteOfTransportation>	<http://ja.dbpedia.org/property/主な経由都市>	"主な経由都市"@ja	<http://ja.wikipedia.org/wiki/日野バイパス>	<http://wikidata.dbpedia.org/resource/Q11510543>
<http://ja.dbpedia.org/resource/日野市立図書館>	"日野市立図書館"@ja	<http://dbpedia.org/ontology/Organisation>	<http://ja.dbpedia.org/property/事業主体>	"事業主体"@ja	<http://ja.wikipedia.org/wiki/日野市立図書館>	<http://wikidata.dbpedia.org/resource/Q85880782>
<http://ja.dbpedia.org/resource/日野市立図書館>	"日野市立図書館"@ja	<http://dbpedia.org/ontology/EducationalInstitution>	<http://ja.dbpedia.org/property/事業主体>	"事業主体"@ja	<http://ja.wikipedia.org/wiki/日野市立図書館>	<http://wikidata.dbpedia.org/resource/Q85880782>
<http://ja.dbpedia.org/resource/日野市立図書館>	"日野市立図書館"@ja	<http://dbpedia.org/ontology/Agent>	<http://ja.dbpedia.org/property/事業主体>	"事業主体"@ja	<http://ja.wikipedia.org/wiki/日野市立図書館>	<http://wikidata.dbpedia.org/resource/Q85880782>
<http://ja.dbpedia.org/resource/日野市立図書館>	"日野市立図書館"@ja	<http://dbpedia.org/ontology/Library>	<http://ja.dbpedia.org/property/事業主体>	"事業主体"@ja	<http://ja.wikipedia.org/wiki/日野市立図書館>	<http://wikidata.dbpedia.org/resource/Q85880782>
<http://ja.dbpedia.org/resource/日野市立大坂上中学校>	"日野市立大坂上中学校"@ja	<http://dbpedia.org/ontology/EducationalInstitution>	<http://ja.dbpedia.org/property/設置者>	"設置者"@ja	<http://ja.wikipedia.org/wiki/日野市立大坂上中学校>	<http://wikidata.dbpedia.org/resource/Q11510588>
<http://ja.dbpedia.org/resource/日野市立大坂上中学校>	"日野市立大坂上中学校"@ja	<http://dbpedia.org/ontology/School>	<http://ja.dbpedia.org/property/設置者>	"設置者"@ja	<http://ja.wikipedia.org/wiki/日野市立大坂上中学校>	<http://wikidata.dbpedia.org/resource/Q11510588>
<http://ja.dbpedia.org/resource/日野市立大坂上中学校>	"日野市立大坂上中学校"@ja	<http://dbpedia.org/ontology/Organisation>	<http://ja.dbpedia.org/property/設置者>	"設置者"@ja	<http://ja.wikipedia.org/wiki/日野市立大坂上中学校>	<http://wikidata.dbpedia.org/resource/Q11510588>
<http://ja.dbpedia.org/resource/日野市立大坂上中学校>	"日野市立大坂上中学校"@ja	<http://dbpedia.org/ontology/Agent>	<http://ja.dbpedia.org/property/設置者>	"設置者"@ja	<http://ja.wikipedia.org/wiki/日野市立大坂上中学校>	<http://wikidata.dbpedia.org/resource/Q11510588>
<http://ja.dbpedia.org/resource/日野市立日野第二中学校>	"日野市立日野第二中学校"@ja	<http://dbpedia.org/ontology/School>	<http://ja.dbpedia.org/property/設置者>	"設置者"@ja	<http://ja.wikipedia.org/wiki/日野市立日野第二中学校>	<http://wikidata.dbpedia.org/resource/Q17225248>
<http://ja.dbpedia.org/resource/日野市立日野第二中学校>	"日野市立日野第二中学校"@ja	<http://dbpedia.org/ontology/EducationalInstitution>	<http://ja.dbpedia.org/property/設置者>	"設置者"@ja	<http://ja.wikipedia.org/wiki/日野市立日野第二中学校>	<http://wikidata.dbpedia.org/resource/Q17225248>
<http://ja.dbpedia.org/resource/日野市立日野第二中学校>	"日野市立日野第二中学校"@ja	<http://dbpedia.org/ontology/Agent>	<http://ja.dbpedia.org/property/設置者>	"設置者"@ja	<http://ja.wikipedia.org/wiki/日野市立日野第二中学校>	<http://wikidata.dbpedia.org/resource/Q17225248>
<http://ja.dbpedia.org/resource/日野市立日野第二中学校>	"日野市立日野第二中学校"@ja	<http://dbpedia.org/ontology/Organisation>	<http://ja.dbpedia.org/property/設置者>	"設置者"@ja	<http://ja.wikipedia.org/wiki/日野市立日野第二中学校>	<http://wikidata.dbpedia.org/resource/Q17225248>
<http://ja.dbpedia.org/resource/日野市立日野第四中学校>	"日野市立日野第四中学校"@ja	<http://dbpedia.org/ontology/EducationalInstitution>	<http://ja.dbpedia.org/property/設置者>	"設置者"@ja	<http://ja.wikipedia.org/wiki/日野市立日野第四中学校>	<http://wikidata.dbpedia.org/resource/Q11510589>
<http://ja.dbpedia.org/resource/日野市立日野第四中学校>	"日野市立日野第四中学校"@ja	<http://dbpedia.org/ontology/School>	<http://ja.dbpedia.org/property/設置者>	"設置者"@ja	<http://ja.wikipedia.org/wiki/日野市立日野第四中学校>	<http://wikidata.dbpedia.org/resource/Q11510589>
<http://ja.dbpedia.org/resource/日野市立日野第四中学校>	"日野市立日野第四中学校"@ja	<http://dbpedia.org/ontology/Agent>	<http://ja.dbpedia.org/property/設置者>	"設置者"@ja	<http://ja.wikipedia.org/wiki/日野市立日野第四中学校>	<http://wikidata.dbpedia.org/resource/Q11510589>
<http://ja.dbpedia.org/resource/日野市立日野第四中学校>	"日野市立日野第四中学校"@ja	<http://dbpedia.org/ontology/Organisation>	<http://ja.dbpedia.org/property/設置者>	"設置者"@ja	<http://ja.wikipedia.org/wiki/日野市立日野第四中学校>	<http://wikidata.dbpedia.org/resource/Q11510589>
<http://ja.dbpedia.org/resource/旭が丘_(日野市)>	"旭が丘 (日野市)"@ja	<http://dbpedia.org/ontology/Place>	<http://ja.dbpedia.org/property/subdivisionName>	"subdivision name"@ja	<http://ja.wikipedia.org/wiki/旭が丘_(日野市)>	<http://wikidata.dbpedia.org/resource/Q86727797>
<http://ja.dbpedia.org/resource/旭が丘_(日野市)>	"旭が丘 (日野市)"@ja	<http://dbpedia.org/ontology/Settlement>	<http://ja.dbpedia.org/property/subdivisionName>	"subdivision name"@ja	<http://ja.wikipedia.org/wiki/旭が丘_(日野市)>	<http://wikidata.dbpedia.org/resource/Q86727797>
<http://ja.dbpedia.org/resource/旭が丘_(日野市)>	"旭が丘 (日野市)"@ja	<http://dbpedia.org/ontology/PopulatedPlace>	<http://ja.dbpedia.org/property/subdivisionName>	"subdivision name"@ja	<http://ja.wikipedia.org/wiki/旭が丘_(日野市)>	<http://wikidata.dbpedia.org/resource/Q86727797>
<http://ja.dbpedia.org/resource/旭が丘_(日野市)>	"旭が丘 (日野市)"@ja	<http://dbpedia.org/ontology/Location>	<http://ja.dbpedia.org/property/subdivisionName>	"subdivision name"@ja	<http://ja.wikipedia.org/wiki/旭が丘_(日野市)>	<http://wikidata.dbpedia.org/resource/Q86727797>
<http://ja.dbpedia.org/resource/昭島市>	"昭島市"@ja	<http://dbpedia.org/ontology/Place>	<http://ja.dbpedia.org/property/隣接自治体>	"隣接自治体"@ja	<http://ja.wikipedia.org/wiki/昭島市>	<http://wikidata.dbpedia.org/resource/Q212494>
<http://ja.dbpedia.org/resource/昭島市>	"昭島市"@ja	<http://dbpedia.org/ontology/PopulatedPlace>	<http://ja.dbpedia.org/property/southeast>	"Southeast"@ja	<http://ja.wikipedia.org/wiki/昭島市>	<http://wikidata.dbpedia.org/resource/Q212494>
<http://ja.dbpedia.org/resource/昭島市>	"昭島市"@ja	<http://dbpedia.org/ontology/Location>	<http://ja.dbpedia.org/property/southeast>	"Southeast"@ja	<http://ja.wikipedia.org/wiki/昭島市>	<http://wikidata.dbpedia.org/resource/Q212494>
<http://ja.dbpedia.org/resource/昭島市>	"昭島市"@ja	<http://dbpedia.org/ontology/City>	<http://ja.dbpedia.org/property/隣接自治体>	"隣接自治体"@ja	<http://ja.wikipedia.org/wiki/昭島市>	<http://wikidata.dbpedia.org/resource/Q212494>
<http://ja.dbpedia.org/resource/昭島市>	"昭島市"@ja	<http://dbpedia.org/ontology/Settlement>	<http://ja.dbpedia.org/property/southeast>	"Southeast"@ja	<http://ja.wikipedia.org/wiki/昭島市>	<http://wikidata.dbpedia.org/resource/Q212494>
<http://ja.dbpedia.org/resource/昭島市>	"昭島市"@ja	<http://dbpedia.org/ontology/Settlement>	<http://ja.dbpedia.org/property/隣接自治体>	"隣接自治体"@ja	<http://ja.wikipedia.org/wiki/昭島市>	<http://wikidata.dbpedia.org/resource/Q212494>
<http://ja.dbpedia.org/resource/昭島市>	"昭島市"@ja	<http://dbpedia.org/ontology/City>	<http://ja.dbpedia.org/property/southeast>	"Southeast"@ja	<http://ja.wikipedia.org/wiki/昭島市>	<http://wikidata.dbpedia.org/resource/Q212494>
<http://ja.dbpedia.org/resource/昭島市>	"昭島市"@ja	<http://dbpedia.org/ontology/PopulatedPlace>	<http://ja.dbpedia.org/property/隣接自治体>	"隣接自治体"@ja	<http://ja.wikipedia.org/wiki/昭島市>	<http://wikidata.dbpedia.org/resource/Q212494>
<http://ja.dbpedia.org/resource/昭島市>	"昭島市"@ja	<http://dbpedia.org/ontology/Place>	<http://ja.dbpedia.org/property/southeast>	"Southeast"@ja	<http://ja.wikipedia.org/wiki/昭島市>	<http://wikidata.dbpedia.org/resource/Q212494>
<http://ja.dbpedia.org/resource/昭島市>	"昭島市"@ja	<http://dbpedia.org/ontology/Location>	<http://ja.dbpedia.org/property/隣接自治体>	"隣接自治体"@ja	<http://ja.wikipedia.org/wiki/昭島市>	<http://wikidata.dbpedia.org/resource/Q212494>
<http://ja.dbpedia.org/resource/浅川_(東京都)>	"浅川 (東京都)"@ja	<http://dbpedia.org/ontology/Place>	<http://ja.dbpedia.org/property/河口>	"河口"@ja	<http://ja.wikipedia.org/wiki/浅川_(東京都)>	<http://wikidata.dbpedia.org/resource/Q4803153>
<http://ja.dbpedia.org/resource/浅川_(東京都)>	"浅川 (東京都)"@ja	<http://dbpedia.org/ontology/River>	<http://ja.dbpedia.org/property/河口>	"河口"@ja	<http://ja.wikipedia.org/wiki/浅川_(東京都)>	<http://wikidata.dbpedia.org/resource/Q4803153>
<http://ja.dbpedia.org/resource/浅川_(東京都)>	"浅川 (東京都)"@ja	<http://dbpedia.org/ontology/Location>	<http://ja.dbpedia.org/property/河口>	"河口"@ja	<http://ja.wikipedia.org/wiki/浅川_(東京都)>	<http://wikidata.dbpedia.org/resource/Q4803153>
<http://ja.dbpedia.org/resource/浅川_(東京都)>	"浅川 (東京都)"@ja	<http://dbpedia.org/ontology/BodyOfWater>	<http://ja.dbpedia.org/property/河口>	"河口"@ja	<http://ja.wikipedia.org/wiki/浅川_(東京都)>	<http://wikidata.dbpedia.org/resource/Q4803153>
<http://ja.dbpedia.org/resource/浅川_(東京都)>	"浅川 (東京都)"@ja	<http://dbpedia.org/ontology/Stream>	<http://ja.dbpedia.org/property/河口>	"河口"@ja	<http://ja.wikipedia.org/wiki/浅川_(東京都)>	<http://wikidata.dbpedia.org/resource/Q4803153>
<http://ja.dbpedia.org/resource/浅川_(東京都)>	"浅川 (東京都)"@ja	<http://dbpedia.org/ontology/NaturalPlace>	<http://ja.dbpedia.org/property/河口>	"河口"@ja	<http://ja.wikipedia.org/wiki/浅川_(東京都)>	<http://wikidata.dbpedia.org/resource/Q4803153>
<http://ja.dbpedia.org/resource/百草_(日野市)>	"百草 (日野市)"@ja	<http://dbpedia.org/ontology/Place>	<http://ja.dbpedia.org/property/subdivisionName>	"subdivision name"@ja	<http://ja.wikipedia.org/wiki/百草_(日野市)>	<http://wikidata.dbpedia.org/resource/Q21019727>
<http://ja.dbpedia.org/resource/百草_(日野市)>	"百草 (日野市)"@ja	<http://dbpedia.org/ontology/Settlement>	<http://ja.dbpedia.org/property/subdivisionName>	"subdivision name"@ja	<http://ja.wikipedia.org/wiki/百草_(日野市)>	<http://wikidata.dbpedia.org/resource/Q21019727>
<http://ja.dbpedia.org/resource/百草_(日野市)>	"百草 (日野市)"@ja	<http://dbpedia.org/ontology/PopulatedPlace>	<http://ja.dbpedia.org/property/subdivisionName>	"subdivision name"@ja	<http://ja.wikipedia.org/wiki/百草_(日野市)>	<http://wikidata.dbpedia.org/resource/Q21019727>
<http://ja.dbpedia.org/resource/百草_(日野市)>	"百草 (日野市)"@ja	<http://dbpedia.org/ontology/Location>	<http://ja.dbpedia.org/property/subdivisionName>	"subdivision name"@ja	<http://ja.wikipedia.org/wiki/百草_(日野市)>	<http://wikidata.dbpedia.org/resource/Q21019727>
<http://ja.dbpedia.org/resource/程久保川>	"程久保川"@ja	<http://dbpedia.org/ontology/Place>	<http://ja.dbpedia.org/property/流路>	"流路"@ja	<http://ja.wikipedia.org/wiki/程久保川>	<http://wikidata.dbpedia.org/resource/Q11596246>
<http://ja.dbpedia.org/resource/程久保川>	"程久保川"@ja	<http://dbpedia.org/ontology/Location>	<http://ja.dbpedia.org/property/流路>	"流路"@ja	<http://ja.wikipedia.org/wiki/程久保川>	<http://wikidata.dbpedia.org/resource/Q11596246>
<http://ja.dbpedia.org/resource/程久保川>	"程久保川"@ja	<http://dbpedia.org/ontology/River>	<http://ja.dbpedia.org/property/流路>	"流路"@ja	<http://ja.wikipedia.org/wiki/程久保川>	<http://wikidata.dbpedia.org/resource/Q11596246>
<http://ja.dbpedia.org/resource/程久保川>	"程久保川"@ja	<http://dbpedia.org/ontology/BodyOfWater>	<http://ja.dbpedia.org/property/流路>	"流路"@ja	<http://ja.wikipedia.org/wiki/程久保川>	<http://wikidata.dbpedia.org/resource/Q11596246>
<http://ja.dbpedia.org/resource/程久保川>	"程久保川"@ja	<http://dbpedia.org/ontology/NaturalPlace>	<http://ja.dbpedia.org/property/流路>	"流路"@ja	<http://ja.wikipedia.org/wiki/程久保川>	<http://wikidata.dbpedia.org/resource/Q11596246>
<http://ja.dbpedia.org/resource/程久保川>	"程久保川"@ja	<http://dbpedia.org/ontology/Stream>	<http://ja.dbpedia.org/property/流路>	"流路"@ja	<http://ja.wikipedia.org/wiki/程久保川>	<http://wikidata.dbpedia.org/resource/Q11596246>
<http://ja.dbpedia.org/resource/立川市>	"立川市"@ja	<http://dbpedia.org/ontology/PopulatedPlace>	<http://ja.dbpedia.org/property/south>	"South"@ja	<http://ja.wikipedia.org/wiki/立川市>	<http://wikidata.dbpedia.org/resource/Q269634>
<http://ja.dbpedia.org/resource/立川市>	"立川市"@ja	<http://dbpedia.org/ontology/Place>	<http://ja.dbpedia.org/property/隣接自治体>	"隣接自治体"@ja	<http://ja.wikipedia.org/wiki/立川市>	<http://wikidata.dbpedia.org/resource/Q269634>
<http://ja.dbpedia.org/resource/立川市>	"立川市"@ja	<http://dbpedia.org/ontology/City>	<http://ja.dbpedia.org/property/隣接自治体>	"隣接自治体"@ja	<http://ja.wikipedia.org/wiki/立川市>	<http://wikidata.dbpedia.org/resource/Q269634>
<http://ja.dbpedia.org/resource/立川市>	"立川市"@ja	<http://dbpedia.org/ontology/Location>	<http://ja.dbpedia.org/property/south>	"South"@ja	<http://ja.wikipedia.org/wiki/立川市>	<http://wikidata.dbpedia.org/resource/Q269634>
<http://ja.dbpedia.org/resource/立川市>	"立川市"@ja	<http://dbpedia.org/ontology/Settlement>	<http://ja.dbpedia.org/property/south>	"South"@ja	<http://ja.wikipedia.org/wiki/立川市>	<http://wikidata.dbpedia.org/resource/Q269634>
<http://ja.dbpedia.org/resource/立川市>	"立川市"@ja	<http://dbpedia.org/ontology/Settlement>	<http://ja.dbpedia.org/property/隣接自治体>	"隣接自治体"@ja	<http://ja.wikipedia.org/wiki/立川市>	<http://wikidata.dbpedia.org/resource/Q269634>
<http://ja.dbpedia.org/resource/立川市>	"立川市"@ja	<http://dbpedia.org/ontology/City>	<http://ja.dbpedia.org/property/south>	"South"@ja	<http://ja.wikipedia.org/wiki/立川市>	<http://wikidata.dbpedia.org/resource/Q269634>
<http://ja.dbpedia.org/resource/立川市>	"立川市"@ja	<http://dbpedia.org/ontology/PopulatedPlace>	<http://ja.dbpedia.org/property/隣接自治体>	"隣接自治体"@ja	<http://ja.wikipedia.org/wiki/立川市>	<http://wikidata.dbpedia.org/resource/Q269634>
<http://ja.dbpedia.org/resource/立川市>	"立川市"@ja	<http://dbpedia.org/ontology/Place>	<http://ja.dbpedia.org/property/south>	"South"@ja	<http://ja.wikipedia.org/wiki/立川市>	<http://wikidata.dbpedia.org/resource/Q269634>
<http://ja.dbpedia.org/resource/立川市>	"立川市"@ja	<http://dbpedia.org/ontology/Location>	<http://ja.dbpedia.org/property/隣接自治体>	"隣接自治体"@ja	<http://ja.wikipedia.org/wiki/立川市>	<http://wikidata.dbpedia.org/resource/Q269634>
<http://ja.dbpedia.org/resource/谷地川_(東京都)>	"谷地川 (東京都)"@ja	<http://dbpedia.org/ontology/Place>	<http://ja.dbpedia.org/property/河口>	"河口"@ja	<http://ja.wikipedia.org/wiki/谷地川_(東京都)>	<http://wikidata.dbpedia.org/resource/Q21655006>
<http://ja.dbpedia.org/resource/谷地川_(東京都)>	"谷地川 (東京都)"@ja	<http://dbpedia.org/ontology/River>	<http://ja.dbpedia.org/property/河口>	"河口"@ja	<http://ja.wikipedia.org/wiki/谷地川_(東京都)>	<http://wikidata.dbpedia.org/resource/Q21655006>
<http://ja.dbpedia.org/resource/谷地川_(東京都)>	"谷地川 (東京都)"@ja	<http://dbpedia.org/ontology/Location>	<http://ja.dbpedia.org/property/河口>	"河口"@ja	<http://ja.wikipedia.org/wiki/谷地川_(東京都)>	<http://wikidata.dbpedia.org/resource/Q21655006>
<http://ja.dbpedia.org/resource/谷地川_(東京都)>	"谷地川 (東京都)"@ja	<http://dbpedia.org/ontology/BodyOfWater>	<http://ja.dbpedia.org/property/河口>	"河口"@ja	<http://ja.wikipedia.org/wiki/谷地川_(東京都)>	<http://wikidata.dbpedia.org/resource/Q21655006>
<http://ja.dbpedia.org/resource/谷地川_(東京都)>	"谷地川 (東京都)"@ja	<http://dbpedia.org/ontology/Stream>	<http://ja.dbpedia.org/property/河口>	"河口"@ja	<http://ja.wikipedia.org/wiki/谷地川_(東京都)>	<http://wikidata.dbpedia.org/resource/Q21655006>
<http://ja.dbpedia.org/resource/谷地川_(東京都)>	"谷地川 (東京都)"@ja	<http://dbpedia.org/ontology/NaturalPlace>	<http://ja.dbpedia.org/property/河口>	"河口"@ja	<http://ja.wikipedia.org/wiki/谷地川_(東京都)>	<http://wikidata.dbpedia.org/resource/Q21655006>
