?s	?sLabel	?type	?p	?pLabel	?jwiki	?wd
<http://ja.dbpedia.org/resource/小平市>	"小平市"@ja	<http://dbpedia.org/ontology/City>	<http://ja.dbpedia.org/property/隣接自治体>	"隣接自治体"@ja	<http://ja.wikipedia.org/wiki/小平市>	<http://wikidata.dbpedia.org/resource/Q213278>
<http://ja.dbpedia.org/resource/小平市>	"小平市"@ja	<http://dbpedia.org/ontology/PopulatedPlace>	<http://ja.dbpedia.org/property/northeast>	"Northeast"@ja	<http://ja.wikipedia.org/wiki/小平市>	<http://wikidata.dbpedia.org/resource/Q213278>
<http://ja.dbpedia.org/resource/小平市>	"小平市"@ja	<http://dbpedia.org/ontology/Place>	<http://ja.dbpedia.org/property/隣接自治体>	"隣接自治体"@ja	<http://ja.wikipedia.org/wiki/小平市>	<http://wikidata.dbpedia.org/resource/Q213278>
<http://ja.dbpedia.org/resource/小平市>	"小平市"@ja	<http://dbpedia.org/ontology/Settlement>	<http://ja.dbpedia.org/property/northeast>	"Northeast"@ja	<http://ja.wikipedia.org/wiki/小平市>	<http://wikidata.dbpedia.org/resource/Q213278>
<http://ja.dbpedia.org/resource/小平市>	"小平市"@ja	<http://dbpedia.org/ontology/Location>	<http://ja.dbpedia.org/property/northeast>	"Northeast"@ja	<http://ja.wikipedia.org/wiki/小平市>	<http://wikidata.dbpedia.org/resource/Q213278>
<http://ja.dbpedia.org/resource/小平市>	"小平市"@ja	<http://dbpedia.org/ontology/Location>	<http://ja.dbpedia.org/property/隣接自治体>	"隣接自治体"@ja	<http://ja.wikipedia.org/wiki/小平市>	<http://wikidata.dbpedia.org/resource/Q213278>
<http://ja.dbpedia.org/resource/小平市>	"小平市"@ja	<http://dbpedia.org/ontology/Place>	<http://ja.dbpedia.org/property/northeast>	"Northeast"@ja	<http://ja.wikipedia.org/wiki/小平市>	<http://wikidata.dbpedia.org/resource/Q213278>
<http://ja.dbpedia.org/resource/小平市>	"小平市"@ja	<http://dbpedia.org/ontology/PopulatedPlace>	<http://ja.dbpedia.org/property/隣接自治体>	"隣接自治体"@ja	<http://ja.wikipedia.org/wiki/小平市>	<http://wikidata.dbpedia.org/resource/Q213278>
<http://ja.dbpedia.org/resource/小平市>	"小平市"@ja	<http://dbpedia.org/ontology/City>	<http://ja.dbpedia.org/property/northeast>	"Northeast"@ja	<http://ja.wikipedia.org/wiki/小平市>	<http://wikidata.dbpedia.org/resource/Q213278>
<http://ja.dbpedia.org/resource/小平市>	"小平市"@ja	<http://dbpedia.org/ontology/Settlement>	<http://ja.dbpedia.org/property/隣接自治体>	"隣接自治体"@ja	<http://ja.wikipedia.org/wiki/小平市>	<http://wikidata.dbpedia.org/resource/Q213278>
<http://ja.dbpedia.org/resource/新座市>	"新座市"@ja	<http://dbpedia.org/ontology/Location>	<http://ja.dbpedia.org/property/隣接自治体>	"隣接自治体"@ja	<http://ja.wikipedia.org/wiki/新座市>	<http://wikidata.dbpedia.org/resource/Q386691>
<http://ja.dbpedia.org/resource/新座市>	"新座市"@ja	<http://dbpedia.org/ontology/PopulatedPlace>	<http://ja.dbpedia.org/property/隣接自治体>	"隣接自治体"@ja	<http://ja.wikipedia.org/wiki/新座市>	<http://wikidata.dbpedia.org/resource/Q386691>
<http://ja.dbpedia.org/resource/新座市>	"新座市"@ja	<http://dbpedia.org/ontology/Settlement>	<http://ja.dbpedia.org/property/隣接自治体>	"隣接自治体"@ja	<http://ja.wikipedia.org/wiki/新座市>	<http://wikidata.dbpedia.org/resource/Q386691>
<http://ja.dbpedia.org/resource/新座市>	"新座市"@ja	<http://dbpedia.org/ontology/City>	<http://ja.dbpedia.org/property/隣接自治体>	"隣接自治体"@ja	<http://ja.wikipedia.org/wiki/新座市>	<http://wikidata.dbpedia.org/resource/Q386691>
<http://ja.dbpedia.org/resource/新座市>	"新座市"@ja	<http://dbpedia.org/ontology/Place>	<http://ja.dbpedia.org/property/隣接自治体>	"隣接自治体"@ja	<http://ja.wikipedia.org/wiki/新座市>	<http://wikidata.dbpedia.org/resource/Q386691>
<http://ja.dbpedia.org/resource/東久留米市立南町小学校>	"東久留米市立南町小学校"@ja	<http://dbpedia.org/ontology/Organisation>	<http://ja.dbpedia.org/property/設置者>	"設置者"@ja	<http://ja.wikipedia.org/wiki/東久留米市立南町小学校>	<http://wikidata.dbpedia.org/resource/Q11523903>
<http://ja.dbpedia.org/resource/東久留米市立南町小学校>	"東久留米市立南町小学校"@ja	<http://dbpedia.org/ontology/Agent>	<http://ja.dbpedia.org/property/設置者>	"設置者"@ja	<http://ja.wikipedia.org/wiki/東久留米市立南町小学校>	<http://wikidata.dbpedia.org/resource/Q11523903>
<http://ja.dbpedia.org/resource/東久留米市立南町小学校>	"東久留米市立南町小学校"@ja	<http://dbpedia.org/ontology/EducationalInstitution>	<http://ja.dbpedia.org/property/設置者>	"設置者"@ja	<http://ja.wikipedia.org/wiki/東久留米市立南町小学校>	<http://wikidata.dbpedia.org/resource/Q11523903>
<http://ja.dbpedia.org/resource/東久留米市立南町小学校>	"東久留米市立南町小学校"@ja	<http://dbpedia.org/ontology/School>	<http://ja.dbpedia.org/property/設置者>	"設置者"@ja	<http://ja.wikipedia.org/wiki/東久留米市立南町小学校>	<http://wikidata.dbpedia.org/resource/Q11523903>
<http://ja.dbpedia.org/resource/東久留米市立図書館>	"東久留米市立図書館"@ja	<http://dbpedia.org/ontology/Agent>	<http://ja.dbpedia.org/property/管理運営>	"管理運営"@ja	<http://ja.wikipedia.org/wiki/東久留米市立図書館>	<http://wikidata.dbpedia.org/resource/Q28684670>
<http://ja.dbpedia.org/resource/東久留米市立図書館>	"東久留米市立図書館"@ja	<http://dbpedia.org/ontology/Agent>	<http://ja.dbpedia.org/property/事業主体>	"事業主体"@ja	<http://ja.wikipedia.org/wiki/東久留米市立図書館>	<http://wikidata.dbpedia.org/resource/Q28684670>
<http://ja.dbpedia.org/resource/東久留米市立図書館>	"東久留米市立図書館"@ja	<http://dbpedia.org/ontology/Library>	<http://ja.dbpedia.org/property/事業主体>	"事業主体"@ja	<http://ja.wikipedia.org/wiki/東久留米市立図書館>	<http://wikidata.dbpedia.org/resource/Q28684670>
<http://ja.dbpedia.org/resource/東久留米市立図書館>	"東久留米市立図書館"@ja	<http://dbpedia.org/ontology/Library>	<http://ja.dbpedia.org/property/管理運営>	"管理運営"@ja	<http://ja.wikipedia.org/wiki/東久留米市立図書館>	<http://wikidata.dbpedia.org/resource/Q28684670>
<http://ja.dbpedia.org/resource/東久留米市立図書館>	"東久留米市立図書館"@ja	<http://dbpedia.org/ontology/Organisation>	<http://ja.dbpedia.org/property/事業主体>	"事業主体"@ja	<http://ja.wikipedia.org/wiki/東久留米市立図書館>	<http://wikidata.dbpedia.org/resource/Q28684670>
<http://ja.dbpedia.org/resource/東久留米市立図書館>	"東久留米市立図書館"@ja	<http://dbpedia.org/ontology/Organisation>	<http://ja.dbpedia.org/property/管理運営>	"管理運営"@ja	<http://ja.wikipedia.org/wiki/東久留米市立図書館>	<http://wikidata.dbpedia.org/resource/Q28684670>
<http://ja.dbpedia.org/resource/東久留米市立図書館>	"東久留米市立図書館"@ja	<http://dbpedia.org/ontology/EducationalInstitution>	<http://ja.dbpedia.org/property/管理運営>	"管理運営"@ja	<http://ja.wikipedia.org/wiki/東久留米市立図書館>	<http://wikidata.dbpedia.org/resource/Q28684670>
<http://ja.dbpedia.org/resource/東久留米市立図書館>	"東久留米市立図書館"@ja	<http://dbpedia.org/ontology/EducationalInstitution>	<http://ja.dbpedia.org/property/事業主体>	"事業主体"@ja	<http://ja.wikipedia.org/wiki/東久留米市立図書館>	<http://wikidata.dbpedia.org/resource/Q28684670>
<http://ja.dbpedia.org/resource/東久留米市立第五小学校>	"東久留米市立第五小学校"@ja	<http://dbpedia.org/ontology/Agent>	<http://ja.dbpedia.org/property/設置者>	"設置者"@ja	<http://ja.wikipedia.org/wiki/東久留米市立第五小学校>	<http://wikidata.dbpedia.org/resource/Q11523904>
<http://ja.dbpedia.org/resource/東久留米市立第五小学校>	"東久留米市立第五小学校"@ja	<http://dbpedia.org/ontology/Organisation>	<http://ja.dbpedia.org/property/設置者>	"設置者"@ja	<http://ja.wikipedia.org/wiki/東久留米市立第五小学校>	<http://wikidata.dbpedia.org/resource/Q11523904>
<http://ja.dbpedia.org/resource/東久留米市立第五小学校>	"東久留米市立第五小学校"@ja	<http://dbpedia.org/ontology/School>	<http://ja.dbpedia.org/property/設置者>	"設置者"@ja	<http://ja.wikipedia.org/wiki/東久留米市立第五小学校>	<http://wikidata.dbpedia.org/resource/Q11523904>
<http://ja.dbpedia.org/resource/東久留米市立第五小学校>	"東久留米市立第五小学校"@ja	<http://dbpedia.org/ontology/EducationalInstitution>	<http://ja.dbpedia.org/property/設置者>	"設置者"@ja	<http://ja.wikipedia.org/wiki/東久留米市立第五小学校>	<http://wikidata.dbpedia.org/resource/Q11523904>
<http://ja.dbpedia.org/resource/東久留米市立西中学校>	"東久留米市立西中学校"@ja	<http://dbpedia.org/ontology/Organisation>	<http://ja.dbpedia.org/property/設置者>	"設置者"@ja	<http://ja.wikipedia.org/wiki/東久留米市立西中学校>	<http://wikidata.dbpedia.org/resource/Q11523906>
<http://ja.dbpedia.org/resource/東久留米市立西中学校>	"東久留米市立西中学校"@ja	<http://dbpedia.org/ontology/Agent>	<http://ja.dbpedia.org/property/設置者>	"設置者"@ja	<http://ja.wikipedia.org/wiki/東久留米市立西中学校>	<http://wikidata.dbpedia.org/resource/Q11523906>
<http://ja.dbpedia.org/resource/東久留米市立西中学校>	"東久留米市立西中学校"@ja	<http://dbpedia.org/ontology/School>	<http://ja.dbpedia.org/property/設置者>	"設置者"@ja	<http://ja.wikipedia.org/wiki/東久留米市立西中学校>	<http://wikidata.dbpedia.org/resource/Q11523906>
<http://ja.dbpedia.org/resource/東久留米市立西中学校>	"東久留米市立西中学校"@ja	<http://dbpedia.org/ontology/EducationalInstitution>	<http://ja.dbpedia.org/property/設置者>	"設置者"@ja	<http://ja.wikipedia.org/wiki/東久留米市立西中学校>	<http://wikidata.dbpedia.org/resource/Q11523906>
<http://ja.dbpedia.org/resource/東本町_(東久留米市)>	"東本町 (東久留米市)"@ja	<http://dbpedia.org/ontology/PopulatedPlace>	<http://ja.dbpedia.org/property/subdivisionName>	"subdivision name"@ja	<http://ja.wikipedia.org/wiki/東本町_(東久留米市)>	<http://wikidata.dbpedia.org/resource/Q11527270>
<http://ja.dbpedia.org/resource/東本町_(東久留米市)>	"東本町 (東久留米市)"@ja	<http://dbpedia.org/ontology/Location>	<http://ja.dbpedia.org/property/subdivisionName>	"subdivision name"@ja	<http://ja.wikipedia.org/wiki/東本町_(東久留米市)>	<http://wikidata.dbpedia.org/resource/Q11527270>
<http://ja.dbpedia.org/resource/東本町_(東久留米市)>	"東本町 (東久留米市)"@ja	<http://dbpedia.org/ontology/Place>	<http://ja.dbpedia.org/property/subdivisionName>	"subdivision name"@ja	<http://ja.wikipedia.org/wiki/東本町_(東久留米市)>	<http://wikidata.dbpedia.org/resource/Q11527270>
<http://ja.dbpedia.org/resource/東本町_(東久留米市)>	"東本町 (東久留米市)"@ja	<http://dbpedia.org/ontology/Settlement>	<http://ja.dbpedia.org/property/subdivisionName>	"subdivision name"@ja	<http://ja.wikipedia.org/wiki/東本町_(東久留米市)>	<http://wikidata.dbpedia.org/resource/Q11527270>
<http://ja.dbpedia.org/resource/東村山市>	"東村山市"@ja	<http://dbpedia.org/ontology/PopulatedPlace>	<http://ja.dbpedia.org/property/隣接自治体>	"隣接自治体"@ja	<http://ja.wikipedia.org/wiki/東村山市>	<http://wikidata.dbpedia.org/resource/Q240489>
<http://ja.dbpedia.org/resource/東村山市>	"東村山市"@ja	<http://dbpedia.org/ontology/Place>	<http://ja.dbpedia.org/property/east>	"East"@ja	<http://ja.wikipedia.org/wiki/東村山市>	<http://wikidata.dbpedia.org/resource/Q240489>
<http://ja.dbpedia.org/resource/東村山市>	"東村山市"@ja	<http://dbpedia.org/ontology/City>	<http://ja.dbpedia.org/property/east>	"East"@ja	<http://ja.wikipedia.org/wiki/東村山市>	<http://wikidata.dbpedia.org/resource/Q240489>
<http://ja.dbpedia.org/resource/東村山市>	"東村山市"@ja	<http://dbpedia.org/ontology/Settlement>	<http://ja.dbpedia.org/property/隣接自治体>	"隣接自治体"@ja	<http://ja.wikipedia.org/wiki/東村山市>	<http://wikidata.dbpedia.org/resource/Q240489>
<http://ja.dbpedia.org/resource/東村山市>	"東村山市"@ja	<http://dbpedia.org/ontology/Location>	<http://ja.dbpedia.org/property/隣接自治体>	"隣接自治体"@ja	<http://ja.wikipedia.org/wiki/東村山市>	<http://wikidata.dbpedia.org/resource/Q240489>
<http://ja.dbpedia.org/resource/東村山市>	"東村山市"@ja	<http://dbpedia.org/ontology/Location>	<http://ja.dbpedia.org/property/east>	"East"@ja	<http://ja.wikipedia.org/wiki/東村山市>	<http://wikidata.dbpedia.org/resource/Q240489>
<http://ja.dbpedia.org/resource/東村山市>	"東村山市"@ja	<http://dbpedia.org/ontology/Place>	<http://ja.dbpedia.org/property/隣接自治体>	"隣接自治体"@ja	<http://ja.wikipedia.org/wiki/東村山市>	<http://wikidata.dbpedia.org/resource/Q240489>
<http://ja.dbpedia.org/resource/東村山市>	"東村山市"@ja	<http://dbpedia.org/ontology/Settlement>	<http://ja.dbpedia.org/property/east>	"East"@ja	<http://ja.wikipedia.org/wiki/東村山市>	<http://wikidata.dbpedia.org/resource/Q240489>
<http://ja.dbpedia.org/resource/東村山市>	"東村山市"@ja	<http://dbpedia.org/ontology/PopulatedPlace>	<http://ja.dbpedia.org/property/east>	"East"@ja	<http://ja.wikipedia.org/wiki/東村山市>	<http://wikidata.dbpedia.org/resource/Q240489>
<http://ja.dbpedia.org/resource/東村山市>	"東村山市"@ja	<http://dbpedia.org/ontology/City>	<http://ja.dbpedia.org/property/隣接自治体>	"隣接自治体"@ja	<http://ja.wikipedia.org/wiki/東村山市>	<http://wikidata.dbpedia.org/resource/Q240489>
<http://ja.dbpedia.org/resource/柳窪_(東久留米市)>	"柳窪 (東久留米市)"@ja	<http://dbpedia.org/ontology/Place>	<http://ja.dbpedia.org/property/subdivisionName>	"subdivision name"@ja	<http://ja.wikipedia.org/wiki/柳窪_(東久留米市)>	<http://wikidata.dbpedia.org/resource/Q29654103>
<http://ja.dbpedia.org/resource/柳窪_(東久留米市)>	"柳窪 (東久留米市)"@ja	<http://dbpedia.org/ontology/Settlement>	<http://ja.dbpedia.org/property/subdivisionName>	"subdivision name"@ja	<http://ja.wikipedia.org/wiki/柳窪_(東久留米市)>	<http://wikidata.dbpedia.org/resource/Q29654103>
<http://ja.dbpedia.org/resource/柳窪_(東久留米市)>	"柳窪 (東久留米市)"@ja	<http://dbpedia.org/ontology/PopulatedPlace>	<http://ja.dbpedia.org/property/subdivisionName>	"subdivision name"@ja	<http://ja.wikipedia.org/wiki/柳窪_(東久留米市)>	<http://wikidata.dbpedia.org/resource/Q29654103>
<http://ja.dbpedia.org/resource/柳窪_(東久留米市)>	"柳窪 (東久留米市)"@ja	<http://dbpedia.org/ontology/Location>	<http://ja.dbpedia.org/property/subdivisionName>	"subdivision name"@ja	<http://ja.wikipedia.org/wiki/柳窪_(東久留米市)>	<http://wikidata.dbpedia.org/resource/Q29654103>
<http://ja.dbpedia.org/resource/清瀬市>	"清瀬市"@ja	<http://dbpedia.org/ontology/Place>	<http://ja.dbpedia.org/property/隣接自治体>	"隣接自治体"@ja	<http://ja.wikipedia.org/wiki/清瀬市>	<http://wikidata.dbpedia.org/resource/Q329754>
<http://ja.dbpedia.org/resource/清瀬市>	"清瀬市"@ja	<http://dbpedia.org/ontology/PopulatedPlace>	<http://ja.dbpedia.org/property/south>	"South"@ja	<http://ja.wikipedia.org/wiki/清瀬市>	<http://wikidata.dbpedia.org/resource/Q329754>
<http://ja.dbpedia.org/resource/清瀬市>	"清瀬市"@ja	<http://dbpedia.org/ontology/Location>	<http://ja.dbpedia.org/property/south>	"South"@ja	<http://ja.wikipedia.org/wiki/清瀬市>	<http://wikidata.dbpedia.org/resource/Q329754>
<http://ja.dbpedia.org/resource/清瀬市>	"清瀬市"@ja	<http://dbpedia.org/ontology/City>	<http://ja.dbpedia.org/property/隣接自治体>	"隣接自治体"@ja	<http://ja.wikipedia.org/wiki/清瀬市>	<http://wikidata.dbpedia.org/resource/Q329754>
<http://ja.dbpedia.org/resource/清瀬市>	"清瀬市"@ja	<http://dbpedia.org/ontology/Settlement>	<http://ja.dbpedia.org/property/south>	"South"@ja	<http://ja.wikipedia.org/wiki/清瀬市>	<http://wikidata.dbpedia.org/resource/Q329754>
<http://ja.dbpedia.org/resource/清瀬市>	"清瀬市"@ja	<http://dbpedia.org/ontology/Settlement>	<http://ja.dbpedia.org/property/隣接自治体>	"隣接自治体"@ja	<http://ja.wikipedia.org/wiki/清瀬市>	<http://wikidata.dbpedia.org/resource/Q329754>
<http://ja.dbpedia.org/resource/清瀬市>	"清瀬市"@ja	<http://dbpedia.org/ontology/City>	<http://ja.dbpedia.org/property/south>	"South"@ja	<http://ja.wikipedia.org/wiki/清瀬市>	<http://wikidata.dbpedia.org/resource/Q329754>
<http://ja.dbpedia.org/resource/清瀬市>	"清瀬市"@ja	<http://dbpedia.org/ontology/PopulatedPlace>	<http://ja.dbpedia.org/property/隣接自治体>	"隣接自治体"@ja	<http://ja.wikipedia.org/wiki/清瀬市>	<http://wikidata.dbpedia.org/resource/Q329754>
<http://ja.dbpedia.org/resource/清瀬市>	"清瀬市"@ja	<http://dbpedia.org/ontology/Place>	<http://ja.dbpedia.org/property/south>	"South"@ja	<http://ja.wikipedia.org/wiki/清瀬市>	<http://wikidata.dbpedia.org/resource/Q329754>
<http://ja.dbpedia.org/resource/清瀬市>	"清瀬市"@ja	<http://dbpedia.org/ontology/Location>	<http://ja.dbpedia.org/property/隣接自治体>	"隣接自治体"@ja	<http://ja.wikipedia.org/wiki/清瀬市>	<http://wikidata.dbpedia.org/resource/Q329754>
<http://ja.dbpedia.org/resource/田無市>	"田無市"@ja	<http://dbpedia.org/ontology/Place>	<http://ja.dbpedia.org/property/隣接自治体>	"隣接自治体"@ja	<http://ja.wikipedia.org/wiki/田無市>	<http://wikidata.dbpedia.org/resource/Q851236>
<http://ja.dbpedia.org/resource/田無市>	"田無市"@ja	<http://dbpedia.org/ontology/City>	<http://ja.dbpedia.org/property/隣接自治体>	"隣接自治体"@ja	<http://ja.wikipedia.org/wiki/田無市>	<http://wikidata.dbpedia.org/resource/Q851236>
<http://ja.dbpedia.org/resource/田無市>	"田無市"@ja	<http://dbpedia.org/ontology/Settlement>	<http://ja.dbpedia.org/property/隣接自治体>	"隣接自治体"@ja	<http://ja.wikipedia.org/wiki/田無市>	<http://wikidata.dbpedia.org/resource/Q851236>
<http://ja.dbpedia.org/resource/田無市>	"田無市"@ja	<http://dbpedia.org/ontology/PopulatedPlace>	<http://ja.dbpedia.org/property/隣接自治体>	"隣接自治体"@ja	<http://ja.wikipedia.org/wiki/田無市>	<http://wikidata.dbpedia.org/resource/Q851236>
<http://ja.dbpedia.org/resource/田無市>	"田無市"@ja	<http://dbpedia.org/ontology/Location>	<http://ja.dbpedia.org/property/隣接自治体>	"隣接自治体"@ja	<http://ja.wikipedia.org/wiki/田無市>	<http://wikidata.dbpedia.org/resource/Q851236>
<http://ja.dbpedia.org/resource/落合川_(東京都)>	"落合川 (東京都)"@ja	<http://dbpedia.org/ontology/Location>	<http://ja.dbpedia.org/property/水源>	"水源"@ja	<http://ja.wikipedia.org/wiki/落合川_(東京都)>	<http://wikidata.dbpedia.org/resource/Q28684664>
<http://ja.dbpedia.org/resource/落合川_(東京都)>	"落合川 (東京都)"@ja	<http://dbpedia.org/ontology/Place>	<http://ja.dbpedia.org/property/流域>	"流域"@ja	<http://ja.wikipedia.org/wiki/落合川_(東京都)>	<http://wikidata.dbpedia.org/resource/Q28684664>
<http://ja.dbpedia.org/resource/落合川_(東京都)>	"落合川 (東京都)"@ja	<http://dbpedia.org/ontology/River>	<http://ja.dbpedia.org/property/水源>	"水源"@ja	<http://ja.wikipedia.org/wiki/落合川_(東京都)>	<http://wikidata.dbpedia.org/resource/Q28684664>
<http://ja.dbpedia.org/resource/落合川_(東京都)>	"落合川 (東京都)"@ja	<http://dbpedia.org/ontology/Location>	<http://ja.dbpedia.org/property/流域>	"流域"@ja	<http://ja.wikipedia.org/wiki/落合川_(東京都)>	<http://wikidata.dbpedia.org/resource/Q28684664>
<http://ja.dbpedia.org/resource/落合川_(東京都)>	"落合川 (東京都)"@ja	<http://dbpedia.org/ontology/Place>	<http://ja.dbpedia.org/property/水源>	"水源"@ja	<http://ja.wikipedia.org/wiki/落合川_(東京都)>	<http://wikidata.dbpedia.org/resource/Q28684664>
<http://ja.dbpedia.org/resource/落合川_(東京都)>	"落合川 (東京都)"@ja	<http://dbpedia.org/ontology/River>	<http://ja.dbpedia.org/property/流域>	"流域"@ja	<http://ja.wikipedia.org/wiki/落合川_(東京都)>	<http://wikidata.dbpedia.org/resource/Q28684664>
<http://ja.dbpedia.org/resource/落合川_(東京都)>	"落合川 (東京都)"@ja	<http://dbpedia.org/ontology/BodyOfWater>	<http://ja.dbpedia.org/property/流域>	"流域"@ja	<http://ja.wikipedia.org/wiki/落合川_(東京都)>	<http://wikidata.dbpedia.org/resource/Q28684664>
<http://ja.dbpedia.org/resource/落合川_(東京都)>	"落合川 (東京都)"@ja	<http://dbpedia.org/ontology/BodyOfWater>	<http://ja.dbpedia.org/property/水源>	"水源"@ja	<http://ja.wikipedia.org/wiki/落合川_(東京都)>	<http://wikidata.dbpedia.org/resource/Q28684664>
<http://ja.dbpedia.org/resource/落合川_(東京都)>	"落合川 (東京都)"@ja	<http://dbpedia.org/ontology/NaturalPlace>	<http://ja.dbpedia.org/property/流域>	"流域"@ja	<http://ja.wikipedia.org/wiki/落合川_(東京都)>	<http://wikidata.dbpedia.org/resource/Q28684664>
<http://ja.dbpedia.org/resource/落合川_(東京都)>	"落合川 (東京都)"@ja	<http://dbpedia.org/ontology/Stream>	<http://ja.dbpedia.org/property/水源>	"水源"@ja	<http://ja.wikipedia.org/wiki/落合川_(東京都)>	<http://wikidata.dbpedia.org/resource/Q28684664>
<http://ja.dbpedia.org/resource/落合川_(東京都)>	"落合川 (東京都)"@ja	<http://dbpedia.org/ontology/NaturalPlace>	<http://ja.dbpedia.org/property/水源>	"水源"@ja	<http://ja.wikipedia.org/wiki/落合川_(東京都)>	<http://wikidata.dbpedia.org/resource/Q28684664>
<http://ja.dbpedia.org/resource/落合川_(東京都)>	"落合川 (東京都)"@ja	<http://dbpedia.org/ontology/Stream>	<http://ja.dbpedia.org/property/流域>	"流域"@ja	<http://ja.wikipedia.org/wiki/落合川_(東京都)>	<http://wikidata.dbpedia.org/resource/Q28684664>
<http://ja.dbpedia.org/resource/西東京市>	"西東京市"@ja	<http://dbpedia.org/ontology/Place>	<http://ja.dbpedia.org/property/northwest>	"Northwest"@ja	<http://ja.wikipedia.org/wiki/西東京市>	<http://wikidata.dbpedia.org/resource/Q242882>
<http://ja.dbpedia.org/resource/西東京市>	"西東京市"@ja	<http://dbpedia.org/ontology/PopulatedPlace>	<http://ja.dbpedia.org/property/隣接自治体>	"隣接自治体"@ja	<http://ja.wikipedia.org/wiki/西東京市>	<http://wikidata.dbpedia.org/resource/Q242882>
<http://ja.dbpedia.org/resource/西東京市>	"西東京市"@ja	<http://dbpedia.org/ontology/Location>	<http://ja.dbpedia.org/property/隣接自治体>	"隣接自治体"@ja	<http://ja.wikipedia.org/wiki/西東京市>	<http://wikidata.dbpedia.org/resource/Q242882>
<http://ja.dbpedia.org/resource/西東京市>	"西東京市"@ja	<http://dbpedia.org/ontology/City>	<http://ja.dbpedia.org/property/northwest>	"Northwest"@ja	<http://ja.wikipedia.org/wiki/西東京市>	<http://wikidata.dbpedia.org/resource/Q242882>
<http://ja.dbpedia.org/resource/西東京市>	"西東京市"@ja	<http://dbpedia.org/ontology/Settlement>	<http://ja.dbpedia.org/property/隣接自治体>	"隣接自治体"@ja	<http://ja.wikipedia.org/wiki/西東京市>	<http://wikidata.dbpedia.org/resource/Q242882>
<http://ja.dbpedia.org/resource/西東京市>	"西東京市"@ja	<http://dbpedia.org/ontology/Settlement>	<http://ja.dbpedia.org/property/northwest>	"Northwest"@ja	<http://ja.wikipedia.org/wiki/西東京市>	<http://wikidata.dbpedia.org/resource/Q242882>
<http://ja.dbpedia.org/resource/西東京市>	"西東京市"@ja	<http://dbpedia.org/ontology/City>	<http://ja.dbpedia.org/property/隣接自治体>	"隣接自治体"@ja	<http://ja.wikipedia.org/wiki/西東京市>	<http://wikidata.dbpedia.org/resource/Q242882>
<http://ja.dbpedia.org/resource/西東京市>	"西東京市"@ja	<http://dbpedia.org/ontology/PopulatedPlace>	<http://ja.dbpedia.org/property/northwest>	"Northwest"@ja	<http://ja.wikipedia.org/wiki/西東京市>	<http://wikidata.dbpedia.org/resource/Q242882>
<http://ja.dbpedia.org/resource/西東京市>	"西東京市"@ja	<http://dbpedia.org/ontology/Place>	<http://ja.dbpedia.org/property/隣接自治体>	"隣接自治体"@ja	<http://ja.wikipedia.org/wiki/西東京市>	<http://wikidata.dbpedia.org/resource/Q242882>
<http://ja.dbpedia.org/resource/西東京市>	"西東京市"@ja	<http://dbpedia.org/ontology/Location>	<http://ja.dbpedia.org/property/northwest>	"Northwest"@ja	<http://ja.wikipedia.org/wiki/西東京市>	<http://wikidata.dbpedia.org/resource/Q242882>
<http://ja.dbpedia.org/resource/南沢_(東久留米市)>	"南沢 (東久留米市)"@ja	<http://dbpedia.org/ontology/Location>	<http://ja.dbpedia.org/property/subdivisionName>	"subdivision name"@ja	<http://ja.wikipedia.org/wiki/南沢_(東久留米市)>	
<http://ja.dbpedia.org/resource/南沢_(東久留米市)>	"南沢 (東久留米市)"@ja	<http://dbpedia.org/ontology/Place>	<http://ja.dbpedia.org/property/subdivisionName>	"subdivision name"@ja	<http://ja.wikipedia.org/wiki/南沢_(東久留米市)>	
<http://ja.dbpedia.org/resource/南沢_(東久留米市)>	"南沢 (東久留米市)"@ja	<http://dbpedia.org/ontology/PopulatedPlace>	<http://ja.dbpedia.org/property/subdivisionName>	"subdivision name"@ja	<http://ja.wikipedia.org/wiki/南沢_(東久留米市)>	
<http://ja.dbpedia.org/resource/南沢_(東久留米市)>	"南沢 (東久留米市)"@ja	<http://dbpedia.org/ontology/Settlement>	<http://ja.dbpedia.org/property/subdivisionName>	"subdivision name"@ja	<http://ja.wikipedia.org/wiki/南沢_(東久留米市)>	
<http://ja.dbpedia.org/resource/本町_(東久留米市)>	"本町 (東久留米市)"@ja	<http://dbpedia.org/ontology/Location>	<http://ja.dbpedia.org/property/subdivisionName>	"subdivision name"@ja	<http://ja.wikipedia.org/wiki/本町_(東久留米市)>	
<http://ja.dbpedia.org/resource/本町_(東久留米市)>	"本町 (東久留米市)"@ja	<http://dbpedia.org/ontology/Place>	<http://ja.dbpedia.org/property/subdivisionName>	"subdivision name"@ja	<http://ja.wikipedia.org/wiki/本町_(東久留米市)>	
<http://ja.dbpedia.org/resource/本町_(東久留米市)>	"本町 (東久留米市)"@ja	<http://dbpedia.org/ontology/PopulatedPlace>	<http://ja.dbpedia.org/property/subdivisionName>	"subdivision name"@ja	<http://ja.wikipedia.org/wiki/本町_(東久留米市)>	
<http://ja.dbpedia.org/resource/本町_(東久留米市)>	"本町 (東久留米市)"@ja	<http://dbpedia.org/ontology/Settlement>	<http://ja.dbpedia.org/property/subdivisionName>	"subdivision name"@ja	<http://ja.wikipedia.org/wiki/本町_(東久留米市)>	
