?s	?sLabel	?type	?p	?pLabel	?jwiki	?wd
<http://ja.dbpedia.org/resource/中央_(東大和市)>	"中央 (東大和市)"@ja	<http://dbpedia.org/ontology/Place>	<http://ja.dbpedia.org/property/subdivisionName>	"subdivision name"@ja	<http://ja.wikipedia.org/wiki/中央_(東大和市)>	<http://wikidata.dbpedia.org/resource/Q108348281>
<http://ja.dbpedia.org/resource/中央_(東大和市)>	"中央 (東大和市)"@ja	<http://dbpedia.org/ontology/Settlement>	<http://ja.dbpedia.org/property/subdivisionName>	"subdivision name"@ja	<http://ja.wikipedia.org/wiki/中央_(東大和市)>	<http://wikidata.dbpedia.org/resource/Q108348281>
<http://ja.dbpedia.org/resource/中央_(東大和市)>	"中央 (東大和市)"@ja	<http://dbpedia.org/ontology/Location>	<http://ja.dbpedia.org/property/subdivisionName>	"subdivision name"@ja	<http://ja.wikipedia.org/wiki/中央_(東大和市)>	<http://wikidata.dbpedia.org/resource/Q108348281>
<http://ja.dbpedia.org/resource/中央_(東大和市)>	"中央 (東大和市)"@ja	<http://dbpedia.org/ontology/PopulatedPlace>	<http://ja.dbpedia.org/property/subdivisionName>	"subdivision name"@ja	<http://ja.wikipedia.org/wiki/中央_(東大和市)>	<http://wikidata.dbpedia.org/resource/Q108348281>
<http://ja.dbpedia.org/resource/小平市>	"小平市"@ja	<http://dbpedia.org/ontology/City>	<http://ja.dbpedia.org/property/northwest>	"Northwest"@ja	<http://ja.wikipedia.org/wiki/小平市>	<http://wikidata.dbpedia.org/resource/Q213278>
<http://ja.dbpedia.org/resource/小平市>	"小平市"@ja	<http://dbpedia.org/ontology/PopulatedPlace>	<http://ja.dbpedia.org/property/隣接自治体>	"隣接自治体"@ja	<http://ja.wikipedia.org/wiki/小平市>	<http://wikidata.dbpedia.org/resource/Q213278>
<http://ja.dbpedia.org/resource/小平市>	"小平市"@ja	<http://dbpedia.org/ontology/Settlement>	<http://ja.dbpedia.org/property/隣接自治体>	"隣接自治体"@ja	<http://ja.wikipedia.org/wiki/小平市>	<http://wikidata.dbpedia.org/resource/Q213278>
<http://ja.dbpedia.org/resource/小平市>	"小平市"@ja	<http://dbpedia.org/ontology/Place>	<http://ja.dbpedia.org/property/northwest>	"Northwest"@ja	<http://ja.wikipedia.org/wiki/小平市>	<http://wikidata.dbpedia.org/resource/Q213278>
<http://ja.dbpedia.org/resource/小平市>	"小平市"@ja	<http://dbpedia.org/ontology/Location>	<http://ja.dbpedia.org/property/隣接自治体>	"隣接自治体"@ja	<http://ja.wikipedia.org/wiki/小平市>	<http://wikidata.dbpedia.org/resource/Q213278>
<http://ja.dbpedia.org/resource/小平市>	"小平市"@ja	<http://dbpedia.org/ontology/Location>	<http://ja.dbpedia.org/property/northwest>	"Northwest"@ja	<http://ja.wikipedia.org/wiki/小平市>	<http://wikidata.dbpedia.org/resource/Q213278>
<http://ja.dbpedia.org/resource/小平市>	"小平市"@ja	<http://dbpedia.org/ontology/Place>	<http://ja.dbpedia.org/property/隣接自治体>	"隣接自治体"@ja	<http://ja.wikipedia.org/wiki/小平市>	<http://wikidata.dbpedia.org/resource/Q213278>
<http://ja.dbpedia.org/resource/小平市>	"小平市"@ja	<http://dbpedia.org/ontology/PopulatedPlace>	<http://ja.dbpedia.org/property/northwest>	"Northwest"@ja	<http://ja.wikipedia.org/wiki/小平市>	<http://wikidata.dbpedia.org/resource/Q213278>
<http://ja.dbpedia.org/resource/小平市>	"小平市"@ja	<http://dbpedia.org/ontology/City>	<http://ja.dbpedia.org/property/隣接自治体>	"隣接自治体"@ja	<http://ja.wikipedia.org/wiki/小平市>	<http://wikidata.dbpedia.org/resource/Q213278>
<http://ja.dbpedia.org/resource/小平市>	"小平市"@ja	<http://dbpedia.org/ontology/Settlement>	<http://ja.dbpedia.org/property/northwest>	"Northwest"@ja	<http://ja.wikipedia.org/wiki/小平市>	<http://wikidata.dbpedia.org/resource/Q213278>
<http://ja.dbpedia.org/resource/旧日立航空機立川工場変電所>	"旧日立航空機立川工場変電所"@ja	<http://dbpedia.org/ontology/ArchitecturalStructure>	<http://ja.dbpedia.org/property/管理運営>	"管理運営"@ja	<http://ja.wikipedia.org/wiki/旧日立航空機立川工場変電所>	<http://wikidata.dbpedia.org/resource/Q11511064>
<http://ja.dbpedia.org/resource/旧日立航空機立川工場変電所>	"旧日立航空機立川工場変電所"@ja	<http://dbpedia.org/ontology/Building>	<http://ja.dbpedia.org/property/管理運営>	"管理運営"@ja	<http://ja.wikipedia.org/wiki/旧日立航空機立川工場変電所>	<http://wikidata.dbpedia.org/resource/Q11511064>
<http://ja.dbpedia.org/resource/東大和市立第一小学校>	"東大和市立第一小学校"@ja	<http://dbpedia.org/ontology/EducationalInstitution>	<http://ja.dbpedia.org/property/設置者>	"設置者"@ja	<http://ja.wikipedia.org/wiki/東大和市立第一小学校>	<http://wikidata.dbpedia.org/resource/Q65271316>
<http://ja.dbpedia.org/resource/東大和市立第一小学校>	"東大和市立第一小学校"@ja	<http://dbpedia.org/ontology/School>	<http://ja.dbpedia.org/property/設置者>	"設置者"@ja	<http://ja.wikipedia.org/wiki/東大和市立第一小学校>	<http://wikidata.dbpedia.org/resource/Q65271316>
<http://ja.dbpedia.org/resource/東大和市立第一小学校>	"東大和市立第一小学校"@ja	<http://dbpedia.org/ontology/Agent>	<http://ja.dbpedia.org/property/設置者>	"設置者"@ja	<http://ja.wikipedia.org/wiki/東大和市立第一小学校>	<http://wikidata.dbpedia.org/resource/Q65271316>
<http://ja.dbpedia.org/resource/東大和市立第一小学校>	"東大和市立第一小学校"@ja	<http://dbpedia.org/ontology/Organisation>	<http://ja.dbpedia.org/property/設置者>	"設置者"@ja	<http://ja.wikipedia.org/wiki/東大和市立第一小学校>	<http://wikidata.dbpedia.org/resource/Q65271316>
<http://ja.dbpedia.org/resource/東大和市立第七小学校>	"東大和市立第七小学校"@ja	<http://dbpedia.org/ontology/Agent>	<http://ja.dbpedia.org/property/設置者>	"設置者"@ja	<http://ja.wikipedia.org/wiki/東大和市立第七小学校>	<http://wikidata.dbpedia.org/resource/Q81918143>
<http://ja.dbpedia.org/resource/東大和市立第七小学校>	"東大和市立第七小学校"@ja	<http://dbpedia.org/ontology/Organisation>	<http://ja.dbpedia.org/property/設置者>	"設置者"@ja	<http://ja.wikipedia.org/wiki/東大和市立第七小学校>	<http://wikidata.dbpedia.org/resource/Q81918143>
<http://ja.dbpedia.org/resource/東大和市立第七小学校>	"東大和市立第七小学校"@ja	<http://dbpedia.org/ontology/School>	<http://ja.dbpedia.org/property/設置者>	"設置者"@ja	<http://ja.wikipedia.org/wiki/東大和市立第七小学校>	<http://wikidata.dbpedia.org/resource/Q81918143>
<http://ja.dbpedia.org/resource/東大和市立第七小学校>	"東大和市立第七小学校"@ja	<http://dbpedia.org/ontology/EducationalInstitution>	<http://ja.dbpedia.org/property/設置者>	"設置者"@ja	<http://ja.wikipedia.org/wiki/東大和市立第七小学校>	<http://wikidata.dbpedia.org/resource/Q81918143>
<http://ja.dbpedia.org/resource/東大和市立第三小学校>	"東大和市立第三小学校"@ja	<http://dbpedia.org/ontology/Agent>	<http://ja.dbpedia.org/property/設置者>	"設置者"@ja	<http://ja.wikipedia.org/wiki/東大和市立第三小学校>	<http://wikidata.dbpedia.org/resource/Q81720715>
<http://ja.dbpedia.org/resource/東大和市立第三小学校>	"東大和市立第三小学校"@ja	<http://dbpedia.org/ontology/Organisation>	<http://ja.dbpedia.org/property/設置者>	"設置者"@ja	<http://ja.wikipedia.org/wiki/東大和市立第三小学校>	<http://wikidata.dbpedia.org/resource/Q81720715>
<http://ja.dbpedia.org/resource/東大和市立第三小学校>	"東大和市立第三小学校"@ja	<http://dbpedia.org/ontology/School>	<http://ja.dbpedia.org/property/設置者>	"設置者"@ja	<http://ja.wikipedia.org/wiki/東大和市立第三小学校>	<http://wikidata.dbpedia.org/resource/Q81720715>
<http://ja.dbpedia.org/resource/東大和市立第三小学校>	"東大和市立第三小学校"@ja	<http://dbpedia.org/ontology/EducationalInstitution>	<http://ja.dbpedia.org/property/設置者>	"設置者"@ja	<http://ja.wikipedia.org/wiki/東大和市立第三小学校>	<http://wikidata.dbpedia.org/resource/Q81720715>
<http://ja.dbpedia.org/resource/東大和市立第九小学校>	"東大和市立第九小学校"@ja	<http://dbpedia.org/ontology/Agent>	<http://ja.dbpedia.org/property/設置者>	"設置者"@ja	<http://ja.wikipedia.org/wiki/東大和市立第九小学校>	<http://wikidata.dbpedia.org/resource/Q81918147>
<http://ja.dbpedia.org/resource/東大和市立第九小学校>	"東大和市立第九小学校"@ja	<http://dbpedia.org/ontology/Organisation>	<http://ja.dbpedia.org/property/設置者>	"設置者"@ja	<http://ja.wikipedia.org/wiki/東大和市立第九小学校>	<http://wikidata.dbpedia.org/resource/Q81918147>
<http://ja.dbpedia.org/resource/東大和市立第九小学校>	"東大和市立第九小学校"@ja	<http://dbpedia.org/ontology/School>	<http://ja.dbpedia.org/property/設置者>	"設置者"@ja	<http://ja.wikipedia.org/wiki/東大和市立第九小学校>	<http://wikidata.dbpedia.org/resource/Q81918147>
<http://ja.dbpedia.org/resource/東大和市立第九小学校>	"東大和市立第九小学校"@ja	<http://dbpedia.org/ontology/EducationalInstitution>	<http://ja.dbpedia.org/property/設置者>	"設置者"@ja	<http://ja.wikipedia.org/wiki/東大和市立第九小学校>	<http://wikidata.dbpedia.org/resource/Q81918147>
<http://ja.dbpedia.org/resource/東大和市立第二小学校>	"東大和市立第二小学校"@ja	<http://dbpedia.org/ontology/Organisation>	<http://ja.dbpedia.org/property/設置者>	"設置者"@ja	<http://ja.wikipedia.org/wiki/東大和市立第二小学校>	<http://wikidata.dbpedia.org/resource/Q80081461>
<http://ja.dbpedia.org/resource/東大和市立第二小学校>	"東大和市立第二小学校"@ja	<http://dbpedia.org/ontology/Agent>	<http://ja.dbpedia.org/property/設置者>	"設置者"@ja	<http://ja.wikipedia.org/wiki/東大和市立第二小学校>	<http://wikidata.dbpedia.org/resource/Q80081461>
<http://ja.dbpedia.org/resource/東大和市立第二小学校>	"東大和市立第二小学校"@ja	<http://dbpedia.org/ontology/School>	<http://ja.dbpedia.org/property/設置者>	"設置者"@ja	<http://ja.wikipedia.org/wiki/東大和市立第二小学校>	<http://wikidata.dbpedia.org/resource/Q80081461>
<http://ja.dbpedia.org/resource/東大和市立第二小学校>	"東大和市立第二小学校"@ja	<http://dbpedia.org/ontology/EducationalInstitution>	<http://ja.dbpedia.org/property/設置者>	"設置者"@ja	<http://ja.wikipedia.org/wiki/東大和市立第二小学校>	<http://wikidata.dbpedia.org/resource/Q80081461>
<http://ja.dbpedia.org/resource/東大和市立第五小学校>	"東大和市立第五小学校"@ja	<http://dbpedia.org/ontology/Organisation>	<http://ja.dbpedia.org/property/設置者>	"設置者"@ja	<http://ja.wikipedia.org/wiki/東大和市立第五小学校>	<http://wikidata.dbpedia.org/resource/Q75226435>
<http://ja.dbpedia.org/resource/東大和市立第五小学校>	"東大和市立第五小学校"@ja	<http://dbpedia.org/ontology/Agent>	<http://ja.dbpedia.org/property/設置者>	"設置者"@ja	<http://ja.wikipedia.org/wiki/東大和市立第五小学校>	<http://wikidata.dbpedia.org/resource/Q75226435>
<http://ja.dbpedia.org/resource/東大和市立第五小学校>	"東大和市立第五小学校"@ja	<http://dbpedia.org/ontology/EducationalInstitution>	<http://ja.dbpedia.org/property/設置者>	"設置者"@ja	<http://ja.wikipedia.org/wiki/東大和市立第五小学校>	<http://wikidata.dbpedia.org/resource/Q75226435>
<http://ja.dbpedia.org/resource/東大和市立第五小学校>	"東大和市立第五小学校"@ja	<http://dbpedia.org/ontology/School>	<http://ja.dbpedia.org/property/設置者>	"設置者"@ja	<http://ja.wikipedia.org/wiki/東大和市立第五小学校>	<http://wikidata.dbpedia.org/resource/Q75226435>
<http://ja.dbpedia.org/resource/東大和市立第八小学校>	"東大和市立第八小学校"@ja	<http://dbpedia.org/ontology/EducationalInstitution>	<http://ja.dbpedia.org/property/設置者>	"設置者"@ja	<http://ja.wikipedia.org/wiki/東大和市立第八小学校>	<http://wikidata.dbpedia.org/resource/Q81918145>
<http://ja.dbpedia.org/resource/東大和市立第八小学校>	"東大和市立第八小学校"@ja	<http://dbpedia.org/ontology/School>	<http://ja.dbpedia.org/property/設置者>	"設置者"@ja	<http://ja.wikipedia.org/wiki/東大和市立第八小学校>	<http://wikidata.dbpedia.org/resource/Q81918145>
<http://ja.dbpedia.org/resource/東大和市立第八小学校>	"東大和市立第八小学校"@ja	<http://dbpedia.org/ontology/Agent>	<http://ja.dbpedia.org/property/設置者>	"設置者"@ja	<http://ja.wikipedia.org/wiki/東大和市立第八小学校>	<http://wikidata.dbpedia.org/resource/Q81918145>
<http://ja.dbpedia.org/resource/東大和市立第八小学校>	"東大和市立第八小学校"@ja	<http://dbpedia.org/ontology/Organisation>	<http://ja.dbpedia.org/property/設置者>	"設置者"@ja	<http://ja.wikipedia.org/wiki/東大和市立第八小学校>	<http://wikidata.dbpedia.org/resource/Q81918145>
<http://ja.dbpedia.org/resource/東大和市立第六小学校>	"東大和市立第六小学校"@ja	<http://dbpedia.org/ontology/Agent>	<http://ja.dbpedia.org/property/設置者>	"設置者"@ja	<http://ja.wikipedia.org/wiki/東大和市立第六小学校>	<http://wikidata.dbpedia.org/resource/Q81918141>
<http://ja.dbpedia.org/resource/東大和市立第六小学校>	"東大和市立第六小学校"@ja	<http://dbpedia.org/ontology/Organisation>	<http://ja.dbpedia.org/property/設置者>	"設置者"@ja	<http://ja.wikipedia.org/wiki/東大和市立第六小学校>	<http://wikidata.dbpedia.org/resource/Q81918141>
<http://ja.dbpedia.org/resource/東大和市立第六小学校>	"東大和市立第六小学校"@ja	<http://dbpedia.org/ontology/School>	<http://ja.dbpedia.org/property/設置者>	"設置者"@ja	<http://ja.wikipedia.org/wiki/東大和市立第六小学校>	<http://wikidata.dbpedia.org/resource/Q81918141>
<http://ja.dbpedia.org/resource/東大和市立第六小学校>	"東大和市立第六小学校"@ja	<http://dbpedia.org/ontology/EducationalInstitution>	<http://ja.dbpedia.org/property/設置者>	"設置者"@ja	<http://ja.wikipedia.org/wiki/東大和市立第六小学校>	<http://wikidata.dbpedia.org/resource/Q81918141>
<http://ja.dbpedia.org/resource/東大和市立第十小学校>	"東大和市立第十小学校"@ja	<http://dbpedia.org/ontology/Agent>	<http://ja.dbpedia.org/property/設置者>	"設置者"@ja	<http://ja.wikipedia.org/wiki/東大和市立第十小学校>	<http://wikidata.dbpedia.org/resource/Q65271320>
<http://ja.dbpedia.org/resource/東大和市立第十小学校>	"東大和市立第十小学校"@ja	<http://dbpedia.org/ontology/Organisation>	<http://ja.dbpedia.org/property/設置者>	"設置者"@ja	<http://ja.wikipedia.org/wiki/東大和市立第十小学校>	<http://wikidata.dbpedia.org/resource/Q65271320>
<http://ja.dbpedia.org/resource/東大和市立第十小学校>	"東大和市立第十小学校"@ja	<http://dbpedia.org/ontology/School>	<http://ja.dbpedia.org/property/設置者>	"設置者"@ja	<http://ja.wikipedia.org/wiki/東大和市立第十小学校>	<http://wikidata.dbpedia.org/resource/Q65271320>
<http://ja.dbpedia.org/resource/東大和市立第十小学校>	"東大和市立第十小学校"@ja	<http://dbpedia.org/ontology/EducationalInstitution>	<http://ja.dbpedia.org/property/設置者>	"設置者"@ja	<http://ja.wikipedia.org/wiki/東大和市立第十小学校>	<http://wikidata.dbpedia.org/resource/Q65271320>
<http://ja.dbpedia.org/resource/東大和市立第四小学校>	"東大和市立第四小学校"@ja	<http://dbpedia.org/ontology/Organisation>	<http://ja.dbpedia.org/property/設置者>	"設置者"@ja	<http://ja.wikipedia.org/wiki/東大和市立第四小学校>	<http://wikidata.dbpedia.org/resource/Q81721082>
<http://ja.dbpedia.org/resource/東大和市立第四小学校>	"東大和市立第四小学校"@ja	<http://dbpedia.org/ontology/Agent>	<http://ja.dbpedia.org/property/設置者>	"設置者"@ja	<http://ja.wikipedia.org/wiki/東大和市立第四小学校>	<http://wikidata.dbpedia.org/resource/Q81721082>
<http://ja.dbpedia.org/resource/東大和市立第四小学校>	"東大和市立第四小学校"@ja	<http://dbpedia.org/ontology/EducationalInstitution>	<http://ja.dbpedia.org/property/設置者>	"設置者"@ja	<http://ja.wikipedia.org/wiki/東大和市立第四小学校>	<http://wikidata.dbpedia.org/resource/Q81721082>
<http://ja.dbpedia.org/resource/東大和市立第四小学校>	"東大和市立第四小学校"@ja	<http://dbpedia.org/ontology/School>	<http://ja.dbpedia.org/property/設置者>	"設置者"@ja	<http://ja.wikipedia.org/wiki/東大和市立第四小学校>	<http://wikidata.dbpedia.org/resource/Q81721082>
<http://ja.dbpedia.org/resource/東村山市>	"東村山市"@ja	<http://dbpedia.org/ontology/Place>	<http://ja.dbpedia.org/property/west>	"West"@ja	<http://ja.wikipedia.org/wiki/東村山市>	<http://wikidata.dbpedia.org/resource/Q240489>
<http://ja.dbpedia.org/resource/東村山市>	"東村山市"@ja	<http://dbpedia.org/ontology/Location>	<http://ja.dbpedia.org/property/隣接自治体>	"隣接自治体"@ja	<http://ja.wikipedia.org/wiki/東村山市>	<http://wikidata.dbpedia.org/resource/Q240489>
<http://ja.dbpedia.org/resource/東村山市>	"東村山市"@ja	<http://dbpedia.org/ontology/PopulatedPlace>	<http://ja.dbpedia.org/property/隣接自治体>	"隣接自治体"@ja	<http://ja.wikipedia.org/wiki/東村山市>	<http://wikidata.dbpedia.org/resource/Q240489>
<http://ja.dbpedia.org/resource/東村山市>	"東村山市"@ja	<http://dbpedia.org/ontology/City>	<http://ja.dbpedia.org/property/west>	"West"@ja	<http://ja.wikipedia.org/wiki/東村山市>	<http://wikidata.dbpedia.org/resource/Q240489>
<http://ja.dbpedia.org/resource/東村山市>	"東村山市"@ja	<http://dbpedia.org/ontology/Settlement>	<http://ja.dbpedia.org/property/隣接自治体>	"隣接自治体"@ja	<http://ja.wikipedia.org/wiki/東村山市>	<http://wikidata.dbpedia.org/resource/Q240489>
<http://ja.dbpedia.org/resource/東村山市>	"東村山市"@ja	<http://dbpedia.org/ontology/PopulatedPlace>	<http://ja.dbpedia.org/property/west>	"West"@ja	<http://ja.wikipedia.org/wiki/東村山市>	<http://wikidata.dbpedia.org/resource/Q240489>
<http://ja.dbpedia.org/resource/東村山市>	"東村山市"@ja	<http://dbpedia.org/ontology/Place>	<http://ja.dbpedia.org/property/隣接自治体>	"隣接自治体"@ja	<http://ja.wikipedia.org/wiki/東村山市>	<http://wikidata.dbpedia.org/resource/Q240489>
<http://ja.dbpedia.org/resource/東村山市>	"東村山市"@ja	<http://dbpedia.org/ontology/Location>	<http://ja.dbpedia.org/property/west>	"West"@ja	<http://ja.wikipedia.org/wiki/東村山市>	<http://wikidata.dbpedia.org/resource/Q240489>
<http://ja.dbpedia.org/resource/東村山市>	"東村山市"@ja	<http://dbpedia.org/ontology/City>	<http://ja.dbpedia.org/property/隣接自治体>	"隣接自治体"@ja	<http://ja.wikipedia.org/wiki/東村山市>	<http://wikidata.dbpedia.org/resource/Q240489>
<http://ja.dbpedia.org/resource/東村山市>	"東村山市"@ja	<http://dbpedia.org/ontology/Settlement>	<http://ja.dbpedia.org/property/west>	"West"@ja	<http://ja.wikipedia.org/wiki/東村山市>	<http://wikidata.dbpedia.org/resource/Q240489>
<http://ja.dbpedia.org/resource/桜が丘_(東大和市)>	"桜が丘 (東大和市)"@ja	<http://dbpedia.org/ontology/PopulatedPlace>	<http://ja.dbpedia.org/property/subdivisionName>	"subdivision name"@ja	<http://ja.wikipedia.org/wiki/桜が丘_(東大和市)>	<http://wikidata.dbpedia.org/resource/Q108348130>
<http://ja.dbpedia.org/resource/桜が丘_(東大和市)>	"桜が丘 (東大和市)"@ja	<http://dbpedia.org/ontology/Location>	<http://ja.dbpedia.org/property/subdivisionName>	"subdivision name"@ja	<http://ja.wikipedia.org/wiki/桜が丘_(東大和市)>	<http://wikidata.dbpedia.org/resource/Q108348130>
<http://ja.dbpedia.org/resource/桜が丘_(東大和市)>	"桜が丘 (東大和市)"@ja	<http://dbpedia.org/ontology/Place>	<http://ja.dbpedia.org/property/subdivisionName>	"subdivision name"@ja	<http://ja.wikipedia.org/wiki/桜が丘_(東大和市)>	<http://wikidata.dbpedia.org/resource/Q108348130>
<http://ja.dbpedia.org/resource/桜が丘_(東大和市)>	"桜が丘 (東大和市)"@ja	<http://dbpedia.org/ontology/Settlement>	<http://ja.dbpedia.org/property/subdivisionName>	"subdivision name"@ja	<http://ja.wikipedia.org/wiki/桜が丘_(東大和市)>	<http://wikidata.dbpedia.org/resource/Q108348130>
<http://ja.dbpedia.org/resource/武蔵村山市>	"武蔵村山市"@ja	<http://dbpedia.org/ontology/PopulatedPlace>	<http://ja.dbpedia.org/property/east>	"East"@ja	<http://ja.wikipedia.org/wiki/武蔵村山市>	<http://wikidata.dbpedia.org/resource/Q390806>
<http://ja.dbpedia.org/resource/武蔵村山市>	"武蔵村山市"@ja	<http://dbpedia.org/ontology/Settlement>	<http://ja.dbpedia.org/property/east>	"East"@ja	<http://ja.wikipedia.org/wiki/武蔵村山市>	<http://wikidata.dbpedia.org/resource/Q390806>
<http://ja.dbpedia.org/resource/武蔵村山市>	"武蔵村山市"@ja	<http://dbpedia.org/ontology/Location>	<http://ja.dbpedia.org/property/east>	"East"@ja	<http://ja.wikipedia.org/wiki/武蔵村山市>	<http://wikidata.dbpedia.org/resource/Q390806>
<http://ja.dbpedia.org/resource/武蔵村山市>	"武蔵村山市"@ja	<http://dbpedia.org/ontology/Place>	<http://ja.dbpedia.org/property/east>	"East"@ja	<http://ja.wikipedia.org/wiki/武蔵村山市>	<http://wikidata.dbpedia.org/resource/Q390806>
<http://ja.dbpedia.org/resource/武蔵村山市>	"武蔵村山市"@ja	<http://dbpedia.org/ontology/City>	<http://ja.dbpedia.org/property/east>	"East"@ja	<http://ja.wikipedia.org/wiki/武蔵村山市>	<http://wikidata.dbpedia.org/resource/Q390806>
<http://ja.dbpedia.org/resource/立川市>	"立川市"@ja	<http://dbpedia.org/ontology/PopulatedPlace>	<http://ja.dbpedia.org/property/north>	"North"@ja	<http://ja.wikipedia.org/wiki/立川市>	<http://wikidata.dbpedia.org/resource/Q269634>
<http://ja.dbpedia.org/resource/立川市>	"立川市"@ja	<http://dbpedia.org/ontology/Place>	<http://ja.dbpedia.org/property/隣接自治体>	"隣接自治体"@ja	<http://ja.wikipedia.org/wiki/立川市>	<http://wikidata.dbpedia.org/resource/Q269634>
<http://ja.dbpedia.org/resource/立川市>	"立川市"@ja	<http://dbpedia.org/ontology/City>	<http://ja.dbpedia.org/property/隣接自治体>	"隣接自治体"@ja	<http://ja.wikipedia.org/wiki/立川市>	<http://wikidata.dbpedia.org/resource/Q269634>
<http://ja.dbpedia.org/resource/立川市>	"立川市"@ja	<http://dbpedia.org/ontology/Location>	<http://ja.dbpedia.org/property/north>	"North"@ja	<http://ja.wikipedia.org/wiki/立川市>	<http://wikidata.dbpedia.org/resource/Q269634>
<http://ja.dbpedia.org/resource/立川市>	"立川市"@ja	<http://dbpedia.org/ontology/Settlement>	<http://ja.dbpedia.org/property/north>	"North"@ja	<http://ja.wikipedia.org/wiki/立川市>	<http://wikidata.dbpedia.org/resource/Q269634>
<http://ja.dbpedia.org/resource/立川市>	"立川市"@ja	<http://dbpedia.org/ontology/Settlement>	<http://ja.dbpedia.org/property/隣接自治体>	"隣接自治体"@ja	<http://ja.wikipedia.org/wiki/立川市>	<http://wikidata.dbpedia.org/resource/Q269634>
<http://ja.dbpedia.org/resource/立川市>	"立川市"@ja	<http://dbpedia.org/ontology/City>	<http://ja.dbpedia.org/property/north>	"North"@ja	<http://ja.wikipedia.org/wiki/立川市>	<http://wikidata.dbpedia.org/resource/Q269634>
<http://ja.dbpedia.org/resource/立川市>	"立川市"@ja	<http://dbpedia.org/ontology/PopulatedPlace>	<http://ja.dbpedia.org/property/隣接自治体>	"隣接自治体"@ja	<http://ja.wikipedia.org/wiki/立川市>	<http://wikidata.dbpedia.org/resource/Q269634>
<http://ja.dbpedia.org/resource/立川市>	"立川市"@ja	<http://dbpedia.org/ontology/Place>	<http://ja.dbpedia.org/property/north>	"North"@ja	<http://ja.wikipedia.org/wiki/立川市>	<http://wikidata.dbpedia.org/resource/Q269634>
<http://ja.dbpedia.org/resource/立川市>	"立川市"@ja	<http://dbpedia.org/ontology/Location>	<http://ja.dbpedia.org/property/隣接自治体>	"隣接自治体"@ja	<http://ja.wikipedia.org/wiki/立川市>	<http://wikidata.dbpedia.org/resource/Q269634>
<http://ja.dbpedia.org/resource/多摩湖_(東大和市)>	"多摩湖 (東大和市)"@ja	<http://dbpedia.org/ontology/Location>	<http://ja.dbpedia.org/property/subdivisionName>	"subdivision name"@ja	<http://ja.wikipedia.org/wiki/多摩湖_(東大和市)>	
<http://ja.dbpedia.org/resource/多摩湖_(東大和市)>	"多摩湖 (東大和市)"@ja	<http://dbpedia.org/ontology/Place>	<http://ja.dbpedia.org/property/subdivisionName>	"subdivision name"@ja	<http://ja.wikipedia.org/wiki/多摩湖_(東大和市)>	
<http://ja.dbpedia.org/resource/多摩湖_(東大和市)>	"多摩湖 (東大和市)"@ja	<http://dbpedia.org/ontology/PopulatedPlace>	<http://ja.dbpedia.org/property/subdivisionName>	"subdivision name"@ja	<http://ja.wikipedia.org/wiki/多摩湖_(東大和市)>	
<http://ja.dbpedia.org/resource/多摩湖_(東大和市)>	"多摩湖 (東大和市)"@ja	<http://dbpedia.org/ontology/Settlement>	<http://ja.dbpedia.org/property/subdivisionName>	"subdivision name"@ja	<http://ja.wikipedia.org/wiki/多摩湖_(東大和市)>	
