?s	?sLabel	?type	?p	?pLabel	?jwiki	?wd
<http://ja.dbpedia.org/resource/八王子市>	"八王子市"@ja	<http://dbpedia.org/ontology/City>	<http://ja.dbpedia.org/property/northwest>	"Northwest"@ja	<http://ja.wikipedia.org/wiki/八王子市>	<http://wikidata.dbpedia.org/resource/Q208863>
<http://ja.dbpedia.org/resource/八王子市>	"八王子市"@ja	<http://dbpedia.org/ontology/Settlement>	<http://ja.dbpedia.org/property/northwest>	"Northwest"@ja	<http://ja.wikipedia.org/wiki/八王子市>	<http://wikidata.dbpedia.org/resource/Q208863>
<http://ja.dbpedia.org/resource/八王子市>	"八王子市"@ja	<http://dbpedia.org/ontology/Place>	<http://ja.dbpedia.org/property/northwest>	"Northwest"@ja	<http://ja.wikipedia.org/wiki/八王子市>	<http://wikidata.dbpedia.org/resource/Q208863>
<http://ja.dbpedia.org/resource/八王子市>	"八王子市"@ja	<http://dbpedia.org/ontology/PopulatedPlace>	<http://ja.dbpedia.org/property/northwest>	"Northwest"@ja	<http://ja.wikipedia.org/wiki/八王子市>	<http://wikidata.dbpedia.org/resource/Q208863>
<http://ja.dbpedia.org/resource/八王子市>	"八王子市"@ja	<http://dbpedia.org/ontology/Location>	<http://ja.dbpedia.org/property/northwest>	"Northwest"@ja	<http://ja.wikipedia.org/wiki/八王子市>	<http://wikidata.dbpedia.org/resource/Q208863>
<http://ja.dbpedia.org/resource/数馬>	"数馬"@ja	<http://dbpedia.org/ontology/Place>	<http://ja.dbpedia.org/property/subdivisionName>	"subdivision name"@ja	<http://ja.wikipedia.org/wiki/数馬>	<http://wikidata.dbpedia.org/resource/Q11499645>
<http://ja.dbpedia.org/resource/数馬>	"数馬"@ja	<http://dbpedia.org/ontology/PopulatedPlace>	<http://ja.dbpedia.org/property/subdivisionName>	"subdivision name"@ja	<http://ja.wikipedia.org/wiki/数馬>	<http://wikidata.dbpedia.org/resource/Q11499645>
<http://ja.dbpedia.org/resource/数馬>	"数馬"@ja	<http://dbpedia.org/ontology/Location>	<http://ja.dbpedia.org/property/subdivisionName>	"subdivision name"@ja	<http://ja.wikipedia.org/wiki/数馬>	<http://wikidata.dbpedia.org/resource/Q11499645>
<http://ja.dbpedia.org/resource/数馬>	"数馬"@ja	<http://dbpedia.org/ontology/Settlement>	<http://ja.dbpedia.org/property/subdivisionName>	"subdivision name"@ja	<http://ja.wikipedia.org/wiki/数馬>	<http://wikidata.dbpedia.org/resource/Q11499645>
<http://ja.dbpedia.org/resource/檜原村立檜原中学校>	"檜原村立檜原中学校"@ja	<http://dbpedia.org/ontology/Agent>	<http://ja.dbpedia.org/property/設置者>	"設置者"@ja	<http://ja.wikipedia.org/wiki/檜原村立檜原中学校>	<http://wikidata.dbpedia.org/resource/Q30924886>
<http://ja.dbpedia.org/resource/檜原村立檜原中学校>	"檜原村立檜原中学校"@ja	<http://dbpedia.org/ontology/School>	<http://ja.dbpedia.org/property/設置者>	"設置者"@ja	<http://ja.wikipedia.org/wiki/檜原村立檜原中学校>	<http://wikidata.dbpedia.org/resource/Q30924886>
<http://ja.dbpedia.org/resource/檜原村立檜原中学校>	"檜原村立檜原中学校"@ja	<http://dbpedia.org/ontology/EducationalInstitution>	<http://ja.dbpedia.org/property/設置者>	"設置者"@ja	<http://ja.wikipedia.org/wiki/檜原村立檜原中学校>	<http://wikidata.dbpedia.org/resource/Q30924886>
<http://ja.dbpedia.org/resource/檜原村立檜原中学校>	"檜原村立檜原中学校"@ja	<http://dbpedia.org/ontology/Organisation>	<http://ja.dbpedia.org/property/設置者>	"設置者"@ja	<http://ja.wikipedia.org/wiki/檜原村立檜原中学校>	<http://wikidata.dbpedia.org/resource/Q30924886>
<http://ja.dbpedia.org/resource/檜原村立檜原小学校>	"檜原村立檜原小学校"@ja	<http://dbpedia.org/ontology/School>	<http://ja.dbpedia.org/property/設置者>	"設置者"@ja	<http://ja.wikipedia.org/wiki/檜原村立檜原小学校>	<http://wikidata.dbpedia.org/resource/Q23985460>
<http://ja.dbpedia.org/resource/檜原村立檜原小学校>	"檜原村立檜原小学校"@ja	<http://dbpedia.org/ontology/Organisation>	<http://ja.dbpedia.org/property/設置者>	"設置者"@ja	<http://ja.wikipedia.org/wiki/檜原村立檜原小学校>	<http://wikidata.dbpedia.org/resource/Q23985460>
<http://ja.dbpedia.org/resource/檜原村立檜原小学校>	"檜原村立檜原小学校"@ja	<http://dbpedia.org/ontology/EducationalInstitution>	<http://ja.dbpedia.org/property/設置者>	"設置者"@ja	<http://ja.wikipedia.org/wiki/檜原村立檜原小学校>	<http://wikidata.dbpedia.org/resource/Q23985460>
<http://ja.dbpedia.org/resource/檜原村立檜原小学校>	"檜原村立檜原小学校"@ja	<http://dbpedia.org/ontology/Agent>	<http://ja.dbpedia.org/property/設置者>	"設置者"@ja	<http://ja.wikipedia.org/wiki/檜原村立檜原小学校>	<http://wikidata.dbpedia.org/resource/Q23985460>
