?s	?sLabel	?type	?p	?pLabel	?jwiki	?wd
<http://ja.dbpedia.org/resource/下田市>	"下田市"@ja	<http://dbpedia.org/ontology/City>	<http://ja.dbpedia.org/property/隣接自治体>	"隣接自治体"@ja	<http://ja.wikipedia.org/wiki/下田市>	<http://wikidata.dbpedia.org/resource/Q653402>
<http://ja.dbpedia.org/resource/下田市>	"下田市"@ja	<http://dbpedia.org/ontology/Settlement>	<http://ja.dbpedia.org/property/隣接自治体>	"隣接自治体"@ja	<http://ja.wikipedia.org/wiki/下田市>	<http://wikidata.dbpedia.org/resource/Q653402>
<http://ja.dbpedia.org/resource/下田市>	"下田市"@ja	<http://dbpedia.org/ontology/Place>	<http://ja.dbpedia.org/property/隣接自治体>	"隣接自治体"@ja	<http://ja.wikipedia.org/wiki/下田市>	<http://wikidata.dbpedia.org/resource/Q653402>
<http://ja.dbpedia.org/resource/下田市>	"下田市"@ja	<http://dbpedia.org/ontology/PopulatedPlace>	<http://ja.dbpedia.org/property/隣接自治体>	"隣接自治体"@ja	<http://ja.wikipedia.org/wiki/下田市>	<http://wikidata.dbpedia.org/resource/Q653402>
<http://ja.dbpedia.org/resource/下田市>	"下田市"@ja	<http://dbpedia.org/ontology/Location>	<http://ja.dbpedia.org/property/隣接自治体>	"隣接自治体"@ja	<http://ja.wikipedia.org/wiki/下田市>	<http://wikidata.dbpedia.org/resource/Q653402>
<http://ja.dbpedia.org/resource/元町_(大島町)>	"元町 (大島町)"@ja	<http://dbpedia.org/ontology/Place>	<http://ja.dbpedia.org/property/subdivisionName>	"subdivision name"@ja	<http://ja.wikipedia.org/wiki/元町_(大島町)>	<http://wikidata.dbpedia.org/resource/Q11387975>
<http://ja.dbpedia.org/resource/元町_(大島町)>	"元町 (大島町)"@ja	<http://dbpedia.org/ontology/PopulatedPlace>	<http://ja.dbpedia.org/property/subdivisionName>	"subdivision name"@ja	<http://ja.wikipedia.org/wiki/元町_(大島町)>	<http://wikidata.dbpedia.org/resource/Q11387975>
<http://ja.dbpedia.org/resource/元町_(大島町)>	"元町 (大島町)"@ja	<http://dbpedia.org/ontology/Location>	<http://ja.dbpedia.org/property/subdivisionName>	"subdivision name"@ja	<http://ja.wikipedia.org/wiki/元町_(大島町)>	<http://wikidata.dbpedia.org/resource/Q11387975>
<http://ja.dbpedia.org/resource/元町_(大島町)>	"元町 (大島町)"@ja	<http://dbpedia.org/ontology/Settlement>	<http://ja.dbpedia.org/property/subdivisionName>	"subdivision name"@ja	<http://ja.wikipedia.org/wiki/元町_(大島町)>	<http://wikidata.dbpedia.org/resource/Q11387975>
<http://ja.dbpedia.org/resource/利島村>	"利島村"@ja	<http://dbpedia.org/ontology/Location>	<http://ja.dbpedia.org/property/隣接自治体>	"隣接自治体"@ja	<http://ja.wikipedia.org/wiki/利島村>	<http://wikidata.dbpedia.org/resource/Q1143112>
<http://ja.dbpedia.org/resource/利島村>	"利島村"@ja	<http://dbpedia.org/ontology/City>	<http://ja.dbpedia.org/property/隣接自治体>	"隣接自治体"@ja	<http://ja.wikipedia.org/wiki/利島村>	<http://wikidata.dbpedia.org/resource/Q1143112>
<http://ja.dbpedia.org/resource/利島村>	"利島村"@ja	<http://dbpedia.org/ontology/PopulatedPlace>	<http://ja.dbpedia.org/property/隣接自治体>	"隣接自治体"@ja	<http://ja.wikipedia.org/wiki/利島村>	<http://wikidata.dbpedia.org/resource/Q1143112>
<http://ja.dbpedia.org/resource/利島村>	"利島村"@ja	<http://dbpedia.org/ontology/Settlement>	<http://ja.dbpedia.org/property/隣接自治体>	"隣接自治体"@ja	<http://ja.wikipedia.org/wiki/利島村>	<http://wikidata.dbpedia.org/resource/Q1143112>
<http://ja.dbpedia.org/resource/利島村>	"利島村"@ja	<http://dbpedia.org/ontology/Place>	<http://ja.dbpedia.org/property/隣接自治体>	"隣接自治体"@ja	<http://ja.wikipedia.org/wiki/利島村>	<http://wikidata.dbpedia.org/resource/Q1143112>
<http://ja.dbpedia.org/resource/大島町立さくら小学校>	"大島町立さくら小学校"@ja	<http://dbpedia.org/ontology/Agent>	<http://ja.dbpedia.org/property/設置者>	"設置者"@ja	<http://ja.wikipedia.org/wiki/大島町立さくら小学校>	<http://wikidata.dbpedia.org/resource/Q97276591>
<http://ja.dbpedia.org/resource/大島町立さくら小学校>	"大島町立さくら小学校"@ja	<http://dbpedia.org/ontology/School>	<http://ja.dbpedia.org/property/設置者>	"設置者"@ja	<http://ja.wikipedia.org/wiki/大島町立さくら小学校>	<http://wikidata.dbpedia.org/resource/Q97276591>
<http://ja.dbpedia.org/resource/大島町立さくら小学校>	"大島町立さくら小学校"@ja	<http://dbpedia.org/ontology/EducationalInstitution>	<http://ja.dbpedia.org/property/設置者>	"設置者"@ja	<http://ja.wikipedia.org/wiki/大島町立さくら小学校>	<http://wikidata.dbpedia.org/resource/Q97276591>
<http://ja.dbpedia.org/resource/大島町立さくら小学校>	"大島町立さくら小学校"@ja	<http://dbpedia.org/ontology/Organisation>	<http://ja.dbpedia.org/property/設置者>	"設置者"@ja	<http://ja.wikipedia.org/wiki/大島町立さくら小学校>	<http://wikidata.dbpedia.org/resource/Q97276591>
<http://ja.dbpedia.org/resource/大島町立つつじ小学校>	"大島町立つつじ小学校"@ja	<http://dbpedia.org/ontology/School>	<http://ja.dbpedia.org/property/設置者>	"設置者"@ja	<http://ja.wikipedia.org/wiki/大島町立つつじ小学校>	<http://wikidata.dbpedia.org/resource/Q97310189>
<http://ja.dbpedia.org/resource/大島町立つつじ小学校>	"大島町立つつじ小学校"@ja	<http://dbpedia.org/ontology/Organisation>	<http://ja.dbpedia.org/property/設置者>	"設置者"@ja	<http://ja.wikipedia.org/wiki/大島町立つつじ小学校>	<http://wikidata.dbpedia.org/resource/Q97310189>
<http://ja.dbpedia.org/resource/大島町立つつじ小学校>	"大島町立つつじ小学校"@ja	<http://dbpedia.org/ontology/EducationalInstitution>	<http://ja.dbpedia.org/property/設置者>	"設置者"@ja	<http://ja.wikipedia.org/wiki/大島町立つつじ小学校>	<http://wikidata.dbpedia.org/resource/Q97310189>
<http://ja.dbpedia.org/resource/大島町立つつじ小学校>	"大島町立つつじ小学校"@ja	<http://dbpedia.org/ontology/Agent>	<http://ja.dbpedia.org/property/設置者>	"設置者"@ja	<http://ja.wikipedia.org/wiki/大島町立つつじ小学校>	<http://wikidata.dbpedia.org/resource/Q97310189>
<http://ja.dbpedia.org/resource/大島町立つばき小学校>	"大島町立つばき小学校"@ja	<http://dbpedia.org/ontology/School>	<http://ja.dbpedia.org/property/設置者>	"設置者"@ja	<http://ja.wikipedia.org/wiki/大島町立つばき小学校>	<http://wikidata.dbpedia.org/resource/Q80997538>
<http://ja.dbpedia.org/resource/大島町立つばき小学校>	"大島町立つばき小学校"@ja	<http://dbpedia.org/ontology/Agent>	<http://ja.dbpedia.org/property/設置者>	"設置者"@ja	<http://ja.wikipedia.org/wiki/大島町立つばき小学校>	<http://wikidata.dbpedia.org/resource/Q80997538>
<http://ja.dbpedia.org/resource/大島町立つばき小学校>	"大島町立つばき小学校"@ja	<http://dbpedia.org/ontology/Organisation>	<http://ja.dbpedia.org/property/設置者>	"設置者"@ja	<http://ja.wikipedia.org/wiki/大島町立つばき小学校>	<http://wikidata.dbpedia.org/resource/Q80997538>
<http://ja.dbpedia.org/resource/大島町立つばき小学校>	"大島町立つばき小学校"@ja	<http://dbpedia.org/ontology/EducationalInstitution>	<http://ja.dbpedia.org/property/設置者>	"設置者"@ja	<http://ja.wikipedia.org/wiki/大島町立つばき小学校>	<http://wikidata.dbpedia.org/resource/Q80997538>
<http://ja.dbpedia.org/resource/大島町立第三中学校>	"大島町立第三中学校"@ja	<http://dbpedia.org/ontology/School>	<http://ja.dbpedia.org/property/設置者>	"設置者"@ja	<http://ja.wikipedia.org/wiki/大島町立第三中学校>	<http://wikidata.dbpedia.org/resource/Q97274691>
<http://ja.dbpedia.org/resource/大島町立第三中学校>	"大島町立第三中学校"@ja	<http://dbpedia.org/ontology/Agent>	<http://ja.dbpedia.org/property/設置者>	"設置者"@ja	<http://ja.wikipedia.org/wiki/大島町立第三中学校>	<http://wikidata.dbpedia.org/resource/Q97274691>
<http://ja.dbpedia.org/resource/大島町立第三中学校>	"大島町立第三中学校"@ja	<http://dbpedia.org/ontology/Organisation>	<http://ja.dbpedia.org/property/設置者>	"設置者"@ja	<http://ja.wikipedia.org/wiki/大島町立第三中学校>	<http://wikidata.dbpedia.org/resource/Q97274691>
<http://ja.dbpedia.org/resource/大島町立第三中学校>	"大島町立第三中学校"@ja	<http://dbpedia.org/ontology/EducationalInstitution>	<http://ja.dbpedia.org/property/設置者>	"設置者"@ja	<http://ja.wikipedia.org/wiki/大島町立第三中学校>	<http://wikidata.dbpedia.org/resource/Q97274691>
<http://ja.dbpedia.org/resource/大島町立第二中学校>	"大島町立第二中学校"@ja	<http://dbpedia.org/ontology/Organisation>	<http://ja.dbpedia.org/property/設置者>	"設置者"@ja	<http://ja.wikipedia.org/wiki/大島町立第二中学校>	<http://wikidata.dbpedia.org/resource/Q97168697>
<http://ja.dbpedia.org/resource/大島町立第二中学校>	"大島町立第二中学校"@ja	<http://dbpedia.org/ontology/EducationalInstitution>	<http://ja.dbpedia.org/property/設置者>	"設置者"@ja	<http://ja.wikipedia.org/wiki/大島町立第二中学校>	<http://wikidata.dbpedia.org/resource/Q97168697>
<http://ja.dbpedia.org/resource/大島町立第二中学校>	"大島町立第二中学校"@ja	<http://dbpedia.org/ontology/School>	<http://ja.dbpedia.org/property/設置者>	"設置者"@ja	<http://ja.wikipedia.org/wiki/大島町立第二中学校>	<http://wikidata.dbpedia.org/resource/Q97168697>
<http://ja.dbpedia.org/resource/大島町立第二中学校>	"大島町立第二中学校"@ja	<http://dbpedia.org/ontology/Agent>	<http://ja.dbpedia.org/property/設置者>	"設置者"@ja	<http://ja.wikipedia.org/wiki/大島町立第二中学校>	<http://wikidata.dbpedia.org/resource/Q97168697>
<http://ja.dbpedia.org/resource/大島空港>	"大島空港"@ja	<http://dbpedia.org/ontology/Infrastructure>	<http://ja.dbpedia.org/property/母都市>	"母都市"@ja	<http://ja.wikipedia.org/wiki/大島空港>	<http://wikidata.dbpedia.org/resource/Q1196909>
<http://ja.dbpedia.org/resource/大島空港>	"大島空港"@ja	<http://dbpedia.org/ontology/Airport>	<http://ja.dbpedia.org/property/母都市>	"母都市"@ja	<http://ja.wikipedia.org/wiki/大島空港>	<http://wikidata.dbpedia.org/resource/Q1196909>
<http://ja.dbpedia.org/resource/大島空港>	"大島空港"@ja	<http://dbpedia.org/ontology/ArchitecturalStructure>	<http://ja.dbpedia.org/property/母都市>	"母都市"@ja	<http://ja.wikipedia.org/wiki/大島空港>	<http://wikidata.dbpedia.org/resource/Q1196909>
