?s	?sLabel	?type	?p	?pLabel	?jwiki	?wd
<http://ja.dbpedia.org/resource/伊達市_(北海道)>	"伊達市 (北海道)"@ja	<http://dbpedia.org/ontology/City>	<http://ja.dbpedia.org/property/隣接自治体>	"隣接自治体"@ja	<http://ja.wikipedia.org/wiki/伊達市_(北海道)>	<http://wikidata.dbpedia.org/resource/Q693178>
<http://ja.dbpedia.org/resource/伊達市_(北海道)>	"伊達市 (北海道)"@ja	<http://dbpedia.org/ontology/PopulatedPlace>	<http://ja.dbpedia.org/property/隣接自治体>	"隣接自治体"@ja	<http://ja.wikipedia.org/wiki/伊達市_(北海道)>	<http://wikidata.dbpedia.org/resource/Q693178>
<http://ja.dbpedia.org/resource/伊達市_(北海道)>	"伊達市 (北海道)"@ja	<http://dbpedia.org/ontology/Place>	<http://ja.dbpedia.org/property/隣接自治体>	"隣接自治体"@ja	<http://ja.wikipedia.org/wiki/伊達市_(北海道)>	<http://wikidata.dbpedia.org/resource/Q693178>
<http://ja.dbpedia.org/resource/伊達市_(北海道)>	"伊達市 (北海道)"@ja	<http://dbpedia.org/ontology/Location>	<http://ja.dbpedia.org/property/隣接自治体>	"隣接自治体"@ja	<http://ja.wikipedia.org/wiki/伊達市_(北海道)>	<http://wikidata.dbpedia.org/resource/Q693178>
<http://ja.dbpedia.org/resource/伊達市_(北海道)>	"伊達市 (北海道)"@ja	<http://dbpedia.org/ontology/Settlement>	<http://ja.dbpedia.org/property/隣接自治体>	"隣接自治体"@ja	<http://ja.wikipedia.org/wiki/伊達市_(北海道)>	<http://wikidata.dbpedia.org/resource/Q693178>
<http://ja.dbpedia.org/resource/札幌市>	"札幌市"@ja	<http://dbpedia.org/ontology/Location>	<http://ja.dbpedia.org/property/southwest>	"Southwest"@ja	<http://ja.wikipedia.org/wiki/札幌市>	<http://wikidata.dbpedia.org/resource/Q37951>
<http://ja.dbpedia.org/resource/札幌市>	"札幌市"@ja	<http://dbpedia.org/ontology/City>	<http://ja.dbpedia.org/property/southwest>	"Southwest"@ja	<http://ja.wikipedia.org/wiki/札幌市>	<http://wikidata.dbpedia.org/resource/Q37951>
<http://ja.dbpedia.org/resource/札幌市>	"札幌市"@ja	<http://dbpedia.org/ontology/PopulatedPlace>	<http://ja.dbpedia.org/property/southwest>	"Southwest"@ja	<http://ja.wikipedia.org/wiki/札幌市>	<http://wikidata.dbpedia.org/resource/Q37951>
<http://ja.dbpedia.org/resource/札幌市>	"札幌市"@ja	<http://dbpedia.org/ontology/Settlement>	<http://ja.dbpedia.org/property/southwest>	"Southwest"@ja	<http://ja.wikipedia.org/wiki/札幌市>	<http://wikidata.dbpedia.org/resource/Q37951>
<http://ja.dbpedia.org/resource/札幌市>	"札幌市"@ja	<http://dbpedia.org/ontology/Place>	<http://ja.dbpedia.org/property/southwest>	"Southwest"@ja	<http://ja.wikipedia.org/wiki/札幌市>	<http://wikidata.dbpedia.org/resource/Q37951>
<http://ja.dbpedia.org/resource/羊蹄山>	"羊蹄山"@ja	<http://dbpedia.org/ontology/Location>	<http://ja.dbpedia.org/property/所在地>	"所在地"@ja	<http://ja.wikipedia.org/wiki/羊蹄山>	<http://wikidata.dbpedia.org/resource/Q713619>
<http://ja.dbpedia.org/resource/羊蹄山>	"羊蹄山"@ja	<http://dbpedia.org/ontology/Mountain>	<http://ja.dbpedia.org/property/所在地>	"所在地"@ja	<http://ja.wikipedia.org/wiki/羊蹄山>	<http://wikidata.dbpedia.org/resource/Q713619>
<http://ja.dbpedia.org/resource/羊蹄山>	"羊蹄山"@ja	<http://dbpedia.org/ontology/NaturalPlace>	<http://ja.dbpedia.org/property/所在地>	"所在地"@ja	<http://ja.wikipedia.org/wiki/羊蹄山>	<http://wikidata.dbpedia.org/resource/Q713619>
<http://ja.dbpedia.org/resource/羊蹄山>	"羊蹄山"@ja	<http://dbpedia.org/ontology/Place>	<http://ja.dbpedia.org/property/所在地>	"所在地"@ja	<http://ja.wikipedia.org/wiki/羊蹄山>	<http://wikidata.dbpedia.org/resource/Q713619>
