?s	?sLabel	?type	?p	?pLabel	?jwiki	?wd
<http://ja.dbpedia.org/resource/倶知安町立東小学校>	"倶知安町立東小学校"@ja	<http://dbpedia.org/ontology/School>	<http://ja.dbpedia.org/property/設置者>	"設置者"@ja	<http://ja.wikipedia.org/wiki/倶知安町立東小学校>	<http://wikidata.dbpedia.org/resource/Q108991026>
<http://ja.dbpedia.org/resource/倶知安町立東小学校>	"倶知安町立東小学校"@ja	<http://dbpedia.org/ontology/Organisation>	<http://ja.dbpedia.org/property/設置者>	"設置者"@ja	<http://ja.wikipedia.org/wiki/倶知安町立東小学校>	<http://wikidata.dbpedia.org/resource/Q108991026>
<http://ja.dbpedia.org/resource/倶知安町立東小学校>	"倶知安町立東小学校"@ja	<http://dbpedia.org/ontology/EducationalInstitution>	<http://ja.dbpedia.org/property/設置者>	"設置者"@ja	<http://ja.wikipedia.org/wiki/倶知安町立東小学校>	<http://wikidata.dbpedia.org/resource/Q108991026>
<http://ja.dbpedia.org/resource/倶知安町立東小学校>	"倶知安町立東小学校"@ja	<http://dbpedia.org/ontology/Agent>	<http://ja.dbpedia.org/property/設置者>	"設置者"@ja	<http://ja.wikipedia.org/wiki/倶知安町立東小学校>	<http://wikidata.dbpedia.org/resource/Q108991026>
<http://ja.dbpedia.org/resource/羊蹄山>	"羊蹄山"@ja	<http://dbpedia.org/ontology/Mountain>	<http://ja.dbpedia.org/property/所在地>	"所在地"@ja	<http://ja.wikipedia.org/wiki/羊蹄山>	<http://wikidata.dbpedia.org/resource/Q713619>
<http://ja.dbpedia.org/resource/羊蹄山>	"羊蹄山"@ja	<http://dbpedia.org/ontology/Place>	<http://ja.dbpedia.org/property/所在地>	"所在地"@ja	<http://ja.wikipedia.org/wiki/羊蹄山>	<http://wikidata.dbpedia.org/resource/Q713619>
<http://ja.dbpedia.org/resource/羊蹄山>	"羊蹄山"@ja	<http://dbpedia.org/ontology/NaturalPlace>	<http://ja.dbpedia.org/property/所在地>	"所在地"@ja	<http://ja.wikipedia.org/wiki/羊蹄山>	<http://wikidata.dbpedia.org/resource/Q713619>
<http://ja.dbpedia.org/resource/羊蹄山>	"羊蹄山"@ja	<http://dbpedia.org/ontology/Location>	<http://ja.dbpedia.org/property/所在地>	"所在地"@ja	<http://ja.wikipedia.org/wiki/羊蹄山>	<http://wikidata.dbpedia.org/resource/Q713619>
<http://ja.dbpedia.org/resource/赤井川村>	"赤井川村"@ja	<http://dbpedia.org/ontology/City>	<http://ja.dbpedia.org/property/southwest>	"Southwest"@ja	<http://ja.wikipedia.org/wiki/赤井川村>	<http://wikidata.dbpedia.org/resource/Q1354513>
<http://ja.dbpedia.org/resource/赤井川村>	"赤井川村"@ja	<http://dbpedia.org/ontology/Location>	<http://ja.dbpedia.org/property/southwest>	"Southwest"@ja	<http://ja.wikipedia.org/wiki/赤井川村>	<http://wikidata.dbpedia.org/resource/Q1354513>
<http://ja.dbpedia.org/resource/赤井川村>	"赤井川村"@ja	<http://dbpedia.org/ontology/PopulatedPlace>	<http://ja.dbpedia.org/property/southwest>	"Southwest"@ja	<http://ja.wikipedia.org/wiki/赤井川村>	<http://wikidata.dbpedia.org/resource/Q1354513>
<http://ja.dbpedia.org/resource/赤井川村>	"赤井川村"@ja	<http://dbpedia.org/ontology/Place>	<http://ja.dbpedia.org/property/southwest>	"Southwest"@ja	<http://ja.wikipedia.org/wiki/赤井川村>	<http://wikidata.dbpedia.org/resource/Q1354513>
<http://ja.dbpedia.org/resource/赤井川村>	"赤井川村"@ja	<http://dbpedia.org/ontology/Settlement>	<http://ja.dbpedia.org/property/southwest>	"Southwest"@ja	<http://ja.wikipedia.org/wiki/赤井川村>	<http://wikidata.dbpedia.org/resource/Q1354513>
