?s	?sLabel	?type	?p	?pLabel	?jwiki	?wd
<http://ja.dbpedia.org/resource/佐藤聖一郎>	"佐藤聖一郎"@ja	<http://dbpedia.org/ontology/Species>	<http://ja.dbpedia.org/property/選挙区>	"選挙区"@ja	<http://ja.wikipedia.org/wiki/佐藤聖一郎>	<http://wikidata.dbpedia.org/resource/Q17159044>
<http://ja.dbpedia.org/resource/佐藤聖一郎>	"佐藤聖一郎"@ja	<http://dbpedia.org/ontology/Politician>	<http://ja.dbpedia.org/property/選挙区>	"選挙区"@ja	<http://ja.wikipedia.org/wiki/佐藤聖一郎>	<http://wikidata.dbpedia.org/resource/Q17159044>
<http://ja.dbpedia.org/resource/佐藤聖一郎>	"佐藤聖一郎"@ja	<http://dbpedia.org/ontology/Person>	<http://ja.dbpedia.org/property/選挙区>	"選挙区"@ja	<http://ja.wikipedia.org/wiki/佐藤聖一郎>	<http://wikidata.dbpedia.org/resource/Q17159044>
<http://ja.dbpedia.org/resource/佐藤聖一郎>	"佐藤聖一郎"@ja	<http://dbpedia.org/ontology/Animal>	<http://ja.dbpedia.org/property/選挙区>	"選挙区"@ja	<http://ja.wikipedia.org/wiki/佐藤聖一郎>	<http://wikidata.dbpedia.org/resource/Q17159044>
<http://ja.dbpedia.org/resource/佐藤聖一郎>	"佐藤聖一郎"@ja	<http://dbpedia.org/ontology/Eukaryote>	<http://ja.dbpedia.org/property/選挙区>	"選挙区"@ja	<http://ja.wikipedia.org/wiki/佐藤聖一郎>	<http://wikidata.dbpedia.org/resource/Q17159044>
<http://ja.dbpedia.org/resource/余市川>	"余市川"@ja	<http://dbpedia.org/ontology/BodyOfWater>	<http://ja.dbpedia.org/property/流域>	"流域"@ja	<http://ja.wikipedia.org/wiki/余市川>	<http://wikidata.dbpedia.org/resource/Q17209230>
<http://ja.dbpedia.org/resource/余市川>	"余市川"@ja	<http://dbpedia.org/ontology/River>	<http://ja.dbpedia.org/property/流域>	"流域"@ja	<http://ja.wikipedia.org/wiki/余市川>	<http://wikidata.dbpedia.org/resource/Q17209230>
<http://ja.dbpedia.org/resource/余市川>	"余市川"@ja	<http://dbpedia.org/ontology/NaturalPlace>	<http://ja.dbpedia.org/property/流域>	"流域"@ja	<http://ja.wikipedia.org/wiki/余市川>	<http://wikidata.dbpedia.org/resource/Q17209230>
<http://ja.dbpedia.org/resource/余市川>	"余市川"@ja	<http://dbpedia.org/ontology/Place>	<http://ja.dbpedia.org/property/流域>	"流域"@ja	<http://ja.wikipedia.org/wiki/余市川>	<http://wikidata.dbpedia.org/resource/Q17209230>
<http://ja.dbpedia.org/resource/余市川>	"余市川"@ja	<http://dbpedia.org/ontology/Location>	<http://ja.dbpedia.org/property/流域>	"流域"@ja	<http://ja.wikipedia.org/wiki/余市川>	<http://wikidata.dbpedia.org/resource/Q17209230>
<http://ja.dbpedia.org/resource/余市川>	"余市川"@ja	<http://dbpedia.org/ontology/Stream>	<http://ja.dbpedia.org/property/流域>	"流域"@ja	<http://ja.wikipedia.org/wiki/余市川>	<http://wikidata.dbpedia.org/resource/Q17209230>
<http://ja.dbpedia.org/resource/余市町>	"余市町"@ja	<http://dbpedia.org/ontology/Location>	<http://ja.dbpedia.org/property/隣接自治体>	"隣接自治体"@ja	<http://ja.wikipedia.org/wiki/余市町>	<http://wikidata.dbpedia.org/resource/Q1348748>
<http://ja.dbpedia.org/resource/余市町>	"余市町"@ja	<http://dbpedia.org/ontology/Settlement>	<http://ja.dbpedia.org/property/隣接自治体>	"隣接自治体"@ja	<http://ja.wikipedia.org/wiki/余市町>	<http://wikidata.dbpedia.org/resource/Q1348748>
<http://ja.dbpedia.org/resource/余市町>	"余市町"@ja	<http://dbpedia.org/ontology/Place>	<http://ja.dbpedia.org/property/隣接自治体>	"隣接自治体"@ja	<http://ja.wikipedia.org/wiki/余市町>	<http://wikidata.dbpedia.org/resource/Q1348748>
<http://ja.dbpedia.org/resource/余市町>	"余市町"@ja	<http://dbpedia.org/ontology/City>	<http://ja.dbpedia.org/property/隣接自治体>	"隣接自治体"@ja	<http://ja.wikipedia.org/wiki/余市町>	<http://wikidata.dbpedia.org/resource/Q1348748>
<http://ja.dbpedia.org/resource/余市町>	"余市町"@ja	<http://dbpedia.org/ontology/PopulatedPlace>	<http://ja.dbpedia.org/property/隣接自治体>	"隣接自治体"@ja	<http://ja.wikipedia.org/wiki/余市町>	<http://wikidata.dbpedia.org/resource/Q1348748>
<http://ja.dbpedia.org/resource/赤井川村>	"赤井川村"@ja	<http://dbpedia.org/ontology/Settlement>	<http://ja.dbpedia.org/property/west>	"West"@ja	<http://ja.wikipedia.org/wiki/赤井川村>	<http://wikidata.dbpedia.org/resource/Q1354513>
<http://ja.dbpedia.org/resource/赤井川村>	"赤井川村"@ja	<http://dbpedia.org/ontology/Place>	<http://ja.dbpedia.org/property/west>	"West"@ja	<http://ja.wikipedia.org/wiki/赤井川村>	<http://wikidata.dbpedia.org/resource/Q1354513>
<http://ja.dbpedia.org/resource/赤井川村>	"赤井川村"@ja	<http://dbpedia.org/ontology/City>	<http://ja.dbpedia.org/property/west>	"West"@ja	<http://ja.wikipedia.org/wiki/赤井川村>	<http://wikidata.dbpedia.org/resource/Q1354513>
<http://ja.dbpedia.org/resource/赤井川村>	"赤井川村"@ja	<http://dbpedia.org/ontology/PopulatedPlace>	<http://ja.dbpedia.org/property/west>	"West"@ja	<http://ja.wikipedia.org/wiki/赤井川村>	<http://wikidata.dbpedia.org/resource/Q1354513>
<http://ja.dbpedia.org/resource/赤井川村>	"赤井川村"@ja	<http://dbpedia.org/ontology/Location>	<http://ja.dbpedia.org/property/west>	"West"@ja	<http://ja.wikipedia.org/wiki/赤井川村>	<http://wikidata.dbpedia.org/resource/Q1354513>
