?s	?sLabel	?type	?p	?pLabel	?jwiki	?wd
<http://ja.dbpedia.org/resource/万世町_(横浜市)>	"万世町 (横浜市)"@ja	<http://dbpedia.org/ontology/Place>	<http://ja.dbpedia.org/property/subdivisionName>	"subdivision name"@ja	<http://ja.wikipedia.org/wiki/万世町_(横浜市)>	<http://wikidata.dbpedia.org/resource/Q97187516>
<http://ja.dbpedia.org/resource/万世町_(横浜市)>	"万世町 (横浜市)"@ja	<http://dbpedia.org/ontology/Settlement>	<http://ja.dbpedia.org/property/subdivisionName>	"subdivision name"@ja	<http://ja.wikipedia.org/wiki/万世町_(横浜市)>	<http://wikidata.dbpedia.org/resource/Q97187516>
<http://ja.dbpedia.org/resource/万世町_(横浜市)>	"万世町 (横浜市)"@ja	<http://dbpedia.org/ontology/Location>	<http://ja.dbpedia.org/property/subdivisionName>	"subdivision name"@ja	<http://ja.wikipedia.org/wiki/万世町_(横浜市)>	<http://wikidata.dbpedia.org/resource/Q97187516>
<http://ja.dbpedia.org/resource/万世町_(横浜市)>	"万世町 (横浜市)"@ja	<http://dbpedia.org/ontology/PopulatedPlace>	<http://ja.dbpedia.org/property/subdivisionName>	"subdivision name"@ja	<http://ja.wikipedia.org/wiki/万世町_(横浜市)>	<http://wikidata.dbpedia.org/resource/Q97187516>
<http://ja.dbpedia.org/resource/三春台>	"三春台"@ja	<http://dbpedia.org/ontology/Place>	<http://ja.dbpedia.org/property/subdivisionName>	"subdivision name"@ja	<http://ja.wikipedia.org/wiki/三春台>	<http://wikidata.dbpedia.org/resource/Q11355536>
<http://ja.dbpedia.org/resource/三春台>	"三春台"@ja	<http://dbpedia.org/ontology/Settlement>	<http://ja.dbpedia.org/property/subdivisionName>	"subdivision name"@ja	<http://ja.wikipedia.org/wiki/三春台>	<http://wikidata.dbpedia.org/resource/Q11355536>
<http://ja.dbpedia.org/resource/三春台>	"三春台"@ja	<http://dbpedia.org/ontology/Location>	<http://ja.dbpedia.org/property/subdivisionName>	"subdivision name"@ja	<http://ja.wikipedia.org/wiki/三春台>	<http://wikidata.dbpedia.org/resource/Q11355536>
<http://ja.dbpedia.org/resource/三春台>	"三春台"@ja	<http://dbpedia.org/ontology/PopulatedPlace>	<http://ja.dbpedia.org/property/subdivisionName>	"subdivision name"@ja	<http://ja.wikipedia.org/wiki/三春台>	<http://wikidata.dbpedia.org/resource/Q11355536>
<http://ja.dbpedia.org/resource/中島町_(横浜市)>	"中島町 (横浜市)"@ja	<http://dbpedia.org/ontology/Location>	<http://ja.dbpedia.org/property/subdivisionName>	"subdivision name"@ja	<http://ja.wikipedia.org/wiki/中島町_(横浜市)>	<http://wikidata.dbpedia.org/resource/Q110027073>
<http://ja.dbpedia.org/resource/中島町_(横浜市)>	"中島町 (横浜市)"@ja	<http://dbpedia.org/ontology/PopulatedPlace>	<http://ja.dbpedia.org/property/subdivisionName>	"subdivision name"@ja	<http://ja.wikipedia.org/wiki/中島町_(横浜市)>	<http://wikidata.dbpedia.org/resource/Q110027073>
<http://ja.dbpedia.org/resource/中島町_(横浜市)>	"中島町 (横浜市)"@ja	<http://dbpedia.org/ontology/Settlement>	<http://ja.dbpedia.org/property/subdivisionName>	"subdivision name"@ja	<http://ja.wikipedia.org/wiki/中島町_(横浜市)>	<http://wikidata.dbpedia.org/resource/Q110027073>
<http://ja.dbpedia.org/resource/中島町_(横浜市)>	"中島町 (横浜市)"@ja	<http://dbpedia.org/ontology/Place>	<http://ja.dbpedia.org/property/subdivisionName>	"subdivision name"@ja	<http://ja.wikipedia.org/wiki/中島町_(横浜市)>	<http://wikidata.dbpedia.org/resource/Q110027073>
<http://ja.dbpedia.org/resource/中村町_(横浜市)>	"中村町 (横浜市)"@ja	<http://dbpedia.org/ontology/Place>	<http://ja.dbpedia.org/property/subdivisionName>	"subdivision name"@ja	<http://ja.wikipedia.org/wiki/中村町_(横浜市)>	<http://wikidata.dbpedia.org/resource/Q97187630>
<http://ja.dbpedia.org/resource/中村町_(横浜市)>	"中村町 (横浜市)"@ja	<http://dbpedia.org/ontology/Settlement>	<http://ja.dbpedia.org/property/subdivisionName>	"subdivision name"@ja	<http://ja.wikipedia.org/wiki/中村町_(横浜市)>	<http://wikidata.dbpedia.org/resource/Q97187630>
<http://ja.dbpedia.org/resource/中村町_(横浜市)>	"中村町 (横浜市)"@ja	<http://dbpedia.org/ontology/Location>	<http://ja.dbpedia.org/property/subdivisionName>	"subdivision name"@ja	<http://ja.wikipedia.org/wiki/中村町_(横浜市)>	<http://wikidata.dbpedia.org/resource/Q97187630>
<http://ja.dbpedia.org/resource/中村町_(横浜市)>	"中村町 (横浜市)"@ja	<http://dbpedia.org/ontology/PopulatedPlace>	<http://ja.dbpedia.org/property/subdivisionName>	"subdivision name"@ja	<http://ja.wikipedia.org/wiki/中村町_(横浜市)>	<http://wikidata.dbpedia.org/resource/Q97187630>
<http://ja.dbpedia.org/resource/中里_(横浜市)>	"中里 (横浜市)"@ja	<http://dbpedia.org/ontology/Location>	<http://ja.dbpedia.org/property/subdivisionName>	"subdivision name"@ja	<http://ja.wikipedia.org/wiki/中里_(横浜市)>	<http://wikidata.dbpedia.org/resource/Q97278848>
<http://ja.dbpedia.org/resource/中里_(横浜市)>	"中里 (横浜市)"@ja	<http://dbpedia.org/ontology/PopulatedPlace>	<http://ja.dbpedia.org/property/subdivisionName>	"subdivision name"@ja	<http://ja.wikipedia.org/wiki/中里_(横浜市)>	<http://wikidata.dbpedia.org/resource/Q97278848>
<http://ja.dbpedia.org/resource/中里_(横浜市)>	"中里 (横浜市)"@ja	<http://dbpedia.org/ontology/Settlement>	<http://ja.dbpedia.org/property/subdivisionName>	"subdivision name"@ja	<http://ja.wikipedia.org/wiki/中里_(横浜市)>	<http://wikidata.dbpedia.org/resource/Q97278848>
<http://ja.dbpedia.org/resource/中里_(横浜市)>	"中里 (横浜市)"@ja	<http://dbpedia.org/ontology/Place>	<http://ja.dbpedia.org/property/subdivisionName>	"subdivision name"@ja	<http://ja.wikipedia.org/wiki/中里_(横浜市)>	<http://wikidata.dbpedia.org/resource/Q97278848>
<http://ja.dbpedia.org/resource/二葉町_(横浜市)>	"二葉町 (横浜市)"@ja	<http://dbpedia.org/ontology/PopulatedPlace>	<http://ja.dbpedia.org/property/subdivisionName>	"subdivision name"@ja	<http://ja.wikipedia.org/wiki/二葉町_(横浜市)>	<http://wikidata.dbpedia.org/resource/Q110028144>
<http://ja.dbpedia.org/resource/二葉町_(横浜市)>	"二葉町 (横浜市)"@ja	<http://dbpedia.org/ontology/Location>	<http://ja.dbpedia.org/property/subdivisionName>	"subdivision name"@ja	<http://ja.wikipedia.org/wiki/二葉町_(横浜市)>	<http://wikidata.dbpedia.org/resource/Q110028144>
<http://ja.dbpedia.org/resource/二葉町_(横浜市)>	"二葉町 (横浜市)"@ja	<http://dbpedia.org/ontology/Place>	<http://ja.dbpedia.org/property/subdivisionName>	"subdivision name"@ja	<http://ja.wikipedia.org/wiki/二葉町_(横浜市)>	<http://wikidata.dbpedia.org/resource/Q110028144>
<http://ja.dbpedia.org/resource/二葉町_(横浜市)>	"二葉町 (横浜市)"@ja	<http://dbpedia.org/ontology/Settlement>	<http://ja.dbpedia.org/property/subdivisionName>	"subdivision name"@ja	<http://ja.wikipedia.org/wiki/二葉町_(横浜市)>	<http://wikidata.dbpedia.org/resource/Q110028144>
<http://ja.dbpedia.org/resource/井土ケ谷上町>	"井土ケ谷上町"@ja	<http://dbpedia.org/ontology/Place>	<http://ja.dbpedia.org/property/subdivisionName>	"subdivision name"@ja	<http://ja.wikipedia.org/wiki/井土ケ谷上町>	<http://wikidata.dbpedia.org/resource/Q97278862>
<http://ja.dbpedia.org/resource/井土ケ谷上町>	"井土ケ谷上町"@ja	<http://dbpedia.org/ontology/Settlement>	<http://ja.dbpedia.org/property/subdivisionName>	"subdivision name"@ja	<http://ja.wikipedia.org/wiki/井土ケ谷上町>	<http://wikidata.dbpedia.org/resource/Q97278862>
<http://ja.dbpedia.org/resource/井土ケ谷上町>	"井土ケ谷上町"@ja	<http://dbpedia.org/ontology/Location>	<http://ja.dbpedia.org/property/subdivisionName>	"subdivision name"@ja	<http://ja.wikipedia.org/wiki/井土ケ谷上町>	<http://wikidata.dbpedia.org/resource/Q97278862>
<http://ja.dbpedia.org/resource/井土ケ谷上町>	"井土ケ谷上町"@ja	<http://dbpedia.org/ontology/PopulatedPlace>	<http://ja.dbpedia.org/property/subdivisionName>	"subdivision name"@ja	<http://ja.wikipedia.org/wiki/井土ケ谷上町>	<http://wikidata.dbpedia.org/resource/Q97278862>
<http://ja.dbpedia.org/resource/井土ケ谷下町>	"井土ケ谷下町"@ja	<http://dbpedia.org/ontology/Location>	<http://ja.dbpedia.org/property/subdivisionName>	"subdivision name"@ja	<http://ja.wikipedia.org/wiki/井土ケ谷下町>	<http://wikidata.dbpedia.org/resource/Q97278869>
<http://ja.dbpedia.org/resource/井土ケ谷下町>	"井土ケ谷下町"@ja	<http://dbpedia.org/ontology/PopulatedPlace>	<http://ja.dbpedia.org/property/subdivisionName>	"subdivision name"@ja	<http://ja.wikipedia.org/wiki/井土ケ谷下町>	<http://wikidata.dbpedia.org/resource/Q97278869>
<http://ja.dbpedia.org/resource/井土ケ谷下町>	"井土ケ谷下町"@ja	<http://dbpedia.org/ontology/Settlement>	<http://ja.dbpedia.org/property/subdivisionName>	"subdivision name"@ja	<http://ja.wikipedia.org/wiki/井土ケ谷下町>	<http://wikidata.dbpedia.org/resource/Q97278869>
<http://ja.dbpedia.org/resource/井土ケ谷下町>	"井土ケ谷下町"@ja	<http://dbpedia.org/ontology/Place>	<http://ja.dbpedia.org/property/subdivisionName>	"subdivision name"@ja	<http://ja.wikipedia.org/wiki/井土ケ谷下町>	<http://wikidata.dbpedia.org/resource/Q97278869>
<http://ja.dbpedia.org/resource/井土ケ谷中町>	"井土ケ谷中町"@ja	<http://dbpedia.org/ontology/Location>	<http://ja.dbpedia.org/property/subdivisionName>	"subdivision name"@ja	<http://ja.wikipedia.org/wiki/井土ケ谷中町>	<http://wikidata.dbpedia.org/resource/Q97278878>
<http://ja.dbpedia.org/resource/井土ケ谷中町>	"井土ケ谷中町"@ja	<http://dbpedia.org/ontology/PopulatedPlace>	<http://ja.dbpedia.org/property/subdivisionName>	"subdivision name"@ja	<http://ja.wikipedia.org/wiki/井土ケ谷中町>	<http://wikidata.dbpedia.org/resource/Q97278878>
<http://ja.dbpedia.org/resource/井土ケ谷中町>	"井土ケ谷中町"@ja	<http://dbpedia.org/ontology/Settlement>	<http://ja.dbpedia.org/property/subdivisionName>	"subdivision name"@ja	<http://ja.wikipedia.org/wiki/井土ケ谷中町>	<http://wikidata.dbpedia.org/resource/Q97278878>
<http://ja.dbpedia.org/resource/井土ケ谷中町>	"井土ケ谷中町"@ja	<http://dbpedia.org/ontology/Place>	<http://ja.dbpedia.org/property/subdivisionName>	"subdivision name"@ja	<http://ja.wikipedia.org/wiki/井土ケ谷中町>	<http://wikidata.dbpedia.org/resource/Q97278878>
<http://ja.dbpedia.org/resource/伏見町_(横浜市)>	"伏見町 (横浜市)"@ja	<http://dbpedia.org/ontology/PopulatedPlace>	<http://ja.dbpedia.org/property/subdivisionName>	"subdivision name"@ja	<http://ja.wikipedia.org/wiki/伏見町_(横浜市)>	<http://wikidata.dbpedia.org/resource/Q95592534>
<http://ja.dbpedia.org/resource/伏見町_(横浜市)>	"伏見町 (横浜市)"@ja	<http://dbpedia.org/ontology/Location>	<http://ja.dbpedia.org/property/subdivisionName>	"subdivision name"@ja	<http://ja.wikipedia.org/wiki/伏見町_(横浜市)>	<http://wikidata.dbpedia.org/resource/Q95592534>
<http://ja.dbpedia.org/resource/伏見町_(横浜市)>	"伏見町 (横浜市)"@ja	<http://dbpedia.org/ontology/Place>	<http://ja.dbpedia.org/property/subdivisionName>	"subdivision name"@ja	<http://ja.wikipedia.org/wiki/伏見町_(横浜市)>	<http://wikidata.dbpedia.org/resource/Q95592534>
<http://ja.dbpedia.org/resource/伏見町_(横浜市)>	"伏見町 (横浜市)"@ja	<http://dbpedia.org/ontology/Settlement>	<http://ja.dbpedia.org/property/subdivisionName>	"subdivision name"@ja	<http://ja.wikipedia.org/wiki/伏見町_(横浜市)>	<http://wikidata.dbpedia.org/resource/Q95592534>
<http://ja.dbpedia.org/resource/八幡町_(横浜市)>	"八幡町 (横浜市)"@ja	<http://dbpedia.org/ontology/Location>	<http://ja.dbpedia.org/property/subdivisionName>	"subdivision name"@ja	<http://ja.wikipedia.org/wiki/八幡町_(横浜市)>	<http://wikidata.dbpedia.org/resource/Q110027907>
<http://ja.dbpedia.org/resource/八幡町_(横浜市)>	"八幡町 (横浜市)"@ja	<http://dbpedia.org/ontology/PopulatedPlace>	<http://ja.dbpedia.org/property/subdivisionName>	"subdivision name"@ja	<http://ja.wikipedia.org/wiki/八幡町_(横浜市)>	<http://wikidata.dbpedia.org/resource/Q110027907>
<http://ja.dbpedia.org/resource/八幡町_(横浜市)>	"八幡町 (横浜市)"@ja	<http://dbpedia.org/ontology/Settlement>	<http://ja.dbpedia.org/property/subdivisionName>	"subdivision name"@ja	<http://ja.wikipedia.org/wiki/八幡町_(横浜市)>	<http://wikidata.dbpedia.org/resource/Q110027907>
<http://ja.dbpedia.org/resource/八幡町_(横浜市)>	"八幡町 (横浜市)"@ja	<http://dbpedia.org/ontology/Place>	<http://ja.dbpedia.org/property/subdivisionName>	"subdivision name"@ja	<http://ja.wikipedia.org/wiki/八幡町_(横浜市)>	<http://wikidata.dbpedia.org/resource/Q110027907>
<http://ja.dbpedia.org/resource/六ツ川>	"六ツ川"@ja	<http://dbpedia.org/ontology/PopulatedPlace>	<http://ja.dbpedia.org/property/subdivisionName>	"subdivision name"@ja	<http://ja.wikipedia.org/wiki/六ツ川>	<http://wikidata.dbpedia.org/resource/Q11392253>
<http://ja.dbpedia.org/resource/六ツ川>	"六ツ川"@ja	<http://dbpedia.org/ontology/Location>	<http://ja.dbpedia.org/property/subdivisionName>	"subdivision name"@ja	<http://ja.wikipedia.org/wiki/六ツ川>	<http://wikidata.dbpedia.org/resource/Q11392253>
<http://ja.dbpedia.org/resource/六ツ川>	"六ツ川"@ja	<http://dbpedia.org/ontology/Settlement>	<http://ja.dbpedia.org/property/subdivisionName>	"subdivision name"@ja	<http://ja.wikipedia.org/wiki/六ツ川>	<http://wikidata.dbpedia.org/resource/Q11392253>
<http://ja.dbpedia.org/resource/六ツ川>	"六ツ川"@ja	<http://dbpedia.org/ontology/Place>	<http://ja.dbpedia.org/property/subdivisionName>	"subdivision name"@ja	<http://ja.wikipedia.org/wiki/六ツ川>	<http://wikidata.dbpedia.org/resource/Q11392253>
<http://ja.dbpedia.org/resource/共進町>	"共進町"@ja	<http://dbpedia.org/ontology/PopulatedPlace>	<http://ja.dbpedia.org/property/subdivisionName>	"subdivision name"@ja	<http://ja.wikipedia.org/wiki/共進町>	<http://wikidata.dbpedia.org/resource/Q11392788>
<http://ja.dbpedia.org/resource/共進町>	"共進町"@ja	<http://dbpedia.org/ontology/Location>	<http://ja.dbpedia.org/property/subdivisionName>	"subdivision name"@ja	<http://ja.wikipedia.org/wiki/共進町>	<http://wikidata.dbpedia.org/resource/Q11392788>
<http://ja.dbpedia.org/resource/共進町>	"共進町"@ja	<http://dbpedia.org/ontology/Place>	<http://ja.dbpedia.org/property/subdivisionName>	"subdivision name"@ja	<http://ja.wikipedia.org/wiki/共進町>	<http://wikidata.dbpedia.org/resource/Q11392788>
<http://ja.dbpedia.org/resource/共進町>	"共進町"@ja	<http://dbpedia.org/ontology/Settlement>	<http://ja.dbpedia.org/property/subdivisionName>	"subdivision name"@ja	<http://ja.wikipedia.org/wiki/共進町>	<http://wikidata.dbpedia.org/resource/Q11392788>
<http://ja.dbpedia.org/resource/別所_(横浜市)>	"別所 (横浜市)"@ja	<http://dbpedia.org/ontology/Place>	<http://ja.dbpedia.org/property/subdivisionName>	"subdivision name"@ja	<http://ja.wikipedia.org/wiki/別所_(横浜市)>	<http://wikidata.dbpedia.org/resource/Q97278951>
<http://ja.dbpedia.org/resource/別所_(横浜市)>	"別所 (横浜市)"@ja	<http://dbpedia.org/ontology/Settlement>	<http://ja.dbpedia.org/property/subdivisionName>	"subdivision name"@ja	<http://ja.wikipedia.org/wiki/別所_(横浜市)>	<http://wikidata.dbpedia.org/resource/Q97278951>
<http://ja.dbpedia.org/resource/別所_(横浜市)>	"別所 (横浜市)"@ja	<http://dbpedia.org/ontology/Location>	<http://ja.dbpedia.org/property/subdivisionName>	"subdivision name"@ja	<http://ja.wikipedia.org/wiki/別所_(横浜市)>	<http://wikidata.dbpedia.org/resource/Q97278951>
<http://ja.dbpedia.org/resource/別所_(横浜市)>	"別所 (横浜市)"@ja	<http://dbpedia.org/ontology/PopulatedPlace>	<http://ja.dbpedia.org/property/subdivisionName>	"subdivision name"@ja	<http://ja.wikipedia.org/wiki/別所_(横浜市)>	<http://wikidata.dbpedia.org/resource/Q97278951>
<http://ja.dbpedia.org/resource/別所中里台>	"別所中里台"@ja	<http://dbpedia.org/ontology/Location>	<http://ja.dbpedia.org/property/subdivisionName>	"subdivision name"@ja	<http://ja.wikipedia.org/wiki/別所中里台>	<http://wikidata.dbpedia.org/resource/Q97278960>
<http://ja.dbpedia.org/resource/別所中里台>	"別所中里台"@ja	<http://dbpedia.org/ontology/PopulatedPlace>	<http://ja.dbpedia.org/property/subdivisionName>	"subdivision name"@ja	<http://ja.wikipedia.org/wiki/別所中里台>	<http://wikidata.dbpedia.org/resource/Q97278960>
<http://ja.dbpedia.org/resource/別所中里台>	"別所中里台"@ja	<http://dbpedia.org/ontology/Settlement>	<http://ja.dbpedia.org/property/subdivisionName>	"subdivision name"@ja	<http://ja.wikipedia.org/wiki/別所中里台>	<http://wikidata.dbpedia.org/resource/Q97278960>
<http://ja.dbpedia.org/resource/別所中里台>	"別所中里台"@ja	<http://dbpedia.org/ontology/Place>	<http://ja.dbpedia.org/property/subdivisionName>	"subdivision name"@ja	<http://ja.wikipedia.org/wiki/別所中里台>	<http://wikidata.dbpedia.org/resource/Q97278960>
<http://ja.dbpedia.org/resource/前里町>	"前里町"@ja	<http://dbpedia.org/ontology/Location>	<http://ja.dbpedia.org/property/subdivisionName>	"subdivision name"@ja	<http://ja.wikipedia.org/wiki/前里町>	<http://wikidata.dbpedia.org/resource/Q97187862>
<http://ja.dbpedia.org/resource/前里町>	"前里町"@ja	<http://dbpedia.org/ontology/PopulatedPlace>	<http://ja.dbpedia.org/property/subdivisionName>	"subdivision name"@ja	<http://ja.wikipedia.org/wiki/前里町>	<http://wikidata.dbpedia.org/resource/Q97187862>
<http://ja.dbpedia.org/resource/前里町>	"前里町"@ja	<http://dbpedia.org/ontology/Settlement>	<http://ja.dbpedia.org/property/subdivisionName>	"subdivision name"@ja	<http://ja.wikipedia.org/wiki/前里町>	<http://wikidata.dbpedia.org/resource/Q97187862>
<http://ja.dbpedia.org/resource/前里町>	"前里町"@ja	<http://dbpedia.org/ontology/Place>	<http://ja.dbpedia.org/property/subdivisionName>	"subdivision name"@ja	<http://ja.wikipedia.org/wiki/前里町>	<http://wikidata.dbpedia.org/resource/Q97187862>
<http://ja.dbpedia.org/resource/南吉田町_(横浜市)>	"南吉田町 (横浜市)"@ja	<http://dbpedia.org/ontology/PopulatedPlace>	<http://ja.dbpedia.org/property/subdivisionName>	"subdivision name"@ja	<http://ja.wikipedia.org/wiki/南吉田町_(横浜市)>	<http://wikidata.dbpedia.org/resource/Q97187931>
<http://ja.dbpedia.org/resource/南吉田町_(横浜市)>	"南吉田町 (横浜市)"@ja	<http://dbpedia.org/ontology/Location>	<http://ja.dbpedia.org/property/subdivisionName>	"subdivision name"@ja	<http://ja.wikipedia.org/wiki/南吉田町_(横浜市)>	<http://wikidata.dbpedia.org/resource/Q97187931>
<http://ja.dbpedia.org/resource/南吉田町_(横浜市)>	"南吉田町 (横浜市)"@ja	<http://dbpedia.org/ontology/Place>	<http://ja.dbpedia.org/property/subdivisionName>	"subdivision name"@ja	<http://ja.wikipedia.org/wiki/南吉田町_(横浜市)>	<http://wikidata.dbpedia.org/resource/Q97187931>
<http://ja.dbpedia.org/resource/南吉田町_(横浜市)>	"南吉田町 (横浜市)"@ja	<http://dbpedia.org/ontology/Settlement>	<http://ja.dbpedia.org/property/subdivisionName>	"subdivision name"@ja	<http://ja.wikipedia.org/wiki/南吉田町_(横浜市)>	<http://wikidata.dbpedia.org/resource/Q97187931>
<http://ja.dbpedia.org/resource/南太田_(横浜市)>	"南太田 (横浜市)"@ja	<http://dbpedia.org/ontology/Location>	<http://ja.dbpedia.org/property/subdivisionName>	"subdivision name"@ja	<http://ja.wikipedia.org/wiki/南太田_(横浜市)>	<http://wikidata.dbpedia.org/resource/Q11407702>
<http://ja.dbpedia.org/resource/南太田_(横浜市)>	"南太田 (横浜市)"@ja	<http://dbpedia.org/ontology/PopulatedPlace>	<http://ja.dbpedia.org/property/subdivisionName>	"subdivision name"@ja	<http://ja.wikipedia.org/wiki/南太田_(横浜市)>	<http://wikidata.dbpedia.org/resource/Q11407702>
<http://ja.dbpedia.org/resource/南太田_(横浜市)>	"南太田 (横浜市)"@ja	<http://dbpedia.org/ontology/Settlement>	<http://ja.dbpedia.org/property/subdivisionName>	"subdivision name"@ja	<http://ja.wikipedia.org/wiki/南太田_(横浜市)>	<http://wikidata.dbpedia.org/resource/Q11407702>
<http://ja.dbpedia.org/resource/南太田_(横浜市)>	"南太田 (横浜市)"@ja	<http://dbpedia.org/ontology/Place>	<http://ja.dbpedia.org/property/subdivisionName>	"subdivision name"@ja	<http://ja.wikipedia.org/wiki/南太田_(横浜市)>	<http://wikidata.dbpedia.org/resource/Q11407702>
<http://ja.dbpedia.org/resource/吉野町_(横浜市)>	"吉野町 (横浜市)"@ja	<http://dbpedia.org/ontology/PopulatedPlace>	<http://ja.dbpedia.org/property/subdivisionName>	"subdivision name"@ja	<http://ja.wikipedia.org/wiki/吉野町_(横浜市)>	<http://wikidata.dbpedia.org/resource/Q28682481>
<http://ja.dbpedia.org/resource/吉野町_(横浜市)>	"吉野町 (横浜市)"@ja	<http://dbpedia.org/ontology/Location>	<http://ja.dbpedia.org/property/subdivisionName>	"subdivision name"@ja	<http://ja.wikipedia.org/wiki/吉野町_(横浜市)>	<http://wikidata.dbpedia.org/resource/Q28682481>
<http://ja.dbpedia.org/resource/吉野町_(横浜市)>	"吉野町 (横浜市)"@ja	<http://dbpedia.org/ontology/Settlement>	<http://ja.dbpedia.org/property/subdivisionName>	"subdivision name"@ja	<http://ja.wikipedia.org/wiki/吉野町_(横浜市)>	<http://wikidata.dbpedia.org/resource/Q28682481>
<http://ja.dbpedia.org/resource/吉野町_(横浜市)>	"吉野町 (横浜市)"@ja	<http://dbpedia.org/ontology/Place>	<http://ja.dbpedia.org/property/subdivisionName>	"subdivision name"@ja	<http://ja.wikipedia.org/wiki/吉野町_(横浜市)>	<http://wikidata.dbpedia.org/resource/Q28682481>
<http://ja.dbpedia.org/resource/唐沢>	"唐沢"@ja	<http://dbpedia.org/ontology/PopulatedPlace>	<http://ja.dbpedia.org/property/subdivisionName>	"subdivision name"@ja	<http://ja.wikipedia.org/wiki/唐沢>	<http://wikidata.dbpedia.org/resource/Q94720459>
<http://ja.dbpedia.org/resource/唐沢>	"唐沢"@ja	<http://dbpedia.org/ontology/Location>	<http://ja.dbpedia.org/property/subdivisionName>	"subdivision name"@ja	<http://ja.wikipedia.org/wiki/唐沢>	<http://wikidata.dbpedia.org/resource/Q94720459>
<http://ja.dbpedia.org/resource/唐沢>	"唐沢"@ja	<http://dbpedia.org/ontology/Place>	<http://ja.dbpedia.org/property/subdivisionName>	"subdivision name"@ja	<http://ja.wikipedia.org/wiki/唐沢>	<http://wikidata.dbpedia.org/resource/Q94720459>
<http://ja.dbpedia.org/resource/唐沢>	"唐沢"@ja	<http://dbpedia.org/ontology/Settlement>	<http://ja.dbpedia.org/property/subdivisionName>	"subdivision name"@ja	<http://ja.wikipedia.org/wiki/唐沢>	<http://wikidata.dbpedia.org/resource/Q94720459>
<http://ja.dbpedia.org/resource/堀ノ内町_(横浜市)>	"堀ノ内町 (横浜市)"@ja	<http://dbpedia.org/ontology/Location>	<http://ja.dbpedia.org/property/subdivisionName>	"subdivision name"@ja	<http://ja.wikipedia.org/wiki/堀ノ内町_(横浜市)>	<http://wikidata.dbpedia.org/resource/Q97188058>
<http://ja.dbpedia.org/resource/堀ノ内町_(横浜市)>	"堀ノ内町 (横浜市)"@ja	<http://dbpedia.org/ontology/PopulatedPlace>	<http://ja.dbpedia.org/property/subdivisionName>	"subdivision name"@ja	<http://ja.wikipedia.org/wiki/堀ノ内町_(横浜市)>	<http://wikidata.dbpedia.org/resource/Q97188058>
<http://ja.dbpedia.org/resource/堀ノ内町_(横浜市)>	"堀ノ内町 (横浜市)"@ja	<http://dbpedia.org/ontology/Settlement>	<http://ja.dbpedia.org/property/subdivisionName>	"subdivision name"@ja	<http://ja.wikipedia.org/wiki/堀ノ内町_(横浜市)>	<http://wikidata.dbpedia.org/resource/Q97188058>
<http://ja.dbpedia.org/resource/堀ノ内町_(横浜市)>	"堀ノ内町 (横浜市)"@ja	<http://dbpedia.org/ontology/Place>	<http://ja.dbpedia.org/property/subdivisionName>	"subdivision name"@ja	<http://ja.wikipedia.org/wiki/堀ノ内町_(横浜市)>	<http://wikidata.dbpedia.org/resource/Q97188058>
<http://ja.dbpedia.org/resource/大岡_(横浜市)>	"大岡 (横浜市)"@ja	<http://dbpedia.org/ontology/PopulatedPlace>	<http://ja.dbpedia.org/property/subdivisionName>	"subdivision name"@ja	<http://ja.wikipedia.org/wiki/大岡_(横浜市)>	<http://wikidata.dbpedia.org/resource/Q28686598>
<http://ja.dbpedia.org/resource/大岡_(横浜市)>	"大岡 (横浜市)"@ja	<http://dbpedia.org/ontology/Location>	<http://ja.dbpedia.org/property/subdivisionName>	"subdivision name"@ja	<http://ja.wikipedia.org/wiki/大岡_(横浜市)>	<http://wikidata.dbpedia.org/resource/Q28686598>
<http://ja.dbpedia.org/resource/大岡_(横浜市)>	"大岡 (横浜市)"@ja	<http://dbpedia.org/ontology/Settlement>	<http://ja.dbpedia.org/property/subdivisionName>	"subdivision name"@ja	<http://ja.wikipedia.org/wiki/大岡_(横浜市)>	<http://wikidata.dbpedia.org/resource/Q28686598>
<http://ja.dbpedia.org/resource/大岡_(横浜市)>	"大岡 (横浜市)"@ja	<http://dbpedia.org/ontology/Place>	<http://ja.dbpedia.org/property/subdivisionName>	"subdivision name"@ja	<http://ja.wikipedia.org/wiki/大岡_(横浜市)>	<http://wikidata.dbpedia.org/resource/Q28686598>
<http://ja.dbpedia.org/resource/大橋町_(横浜市)>	"大橋町 (横浜市)"@ja	<http://dbpedia.org/ontology/PopulatedPlace>	<http://ja.dbpedia.org/property/subdivisionName>	"subdivision name"@ja	<http://ja.wikipedia.org/wiki/大橋町_(横浜市)>	<http://wikidata.dbpedia.org/resource/Q109943662>
<http://ja.dbpedia.org/resource/大橋町_(横浜市)>	"大橋町 (横浜市)"@ja	<http://dbpedia.org/ontology/Location>	<http://ja.dbpedia.org/property/subdivisionName>	"subdivision name"@ja	<http://ja.wikipedia.org/wiki/大橋町_(横浜市)>	<http://wikidata.dbpedia.org/resource/Q109943662>
<http://ja.dbpedia.org/resource/大橋町_(横浜市)>	"大橋町 (横浜市)"@ja	<http://dbpedia.org/ontology/Settlement>	<http://ja.dbpedia.org/property/subdivisionName>	"subdivision name"@ja	<http://ja.wikipedia.org/wiki/大橋町_(横浜市)>	<http://wikidata.dbpedia.org/resource/Q109943662>
<http://ja.dbpedia.org/resource/大橋町_(横浜市)>	"大橋町 (横浜市)"@ja	<http://dbpedia.org/ontology/Place>	<http://ja.dbpedia.org/property/subdivisionName>	"subdivision name"@ja	<http://ja.wikipedia.org/wiki/大橋町_(横浜市)>	<http://wikidata.dbpedia.org/resource/Q109943662>
<http://ja.dbpedia.org/resource/宮元町_(横浜市)>	"宮元町 (横浜市)"@ja	<http://dbpedia.org/ontology/Place>	<http://ja.dbpedia.org/property/subdivisionName>	"subdivision name"@ja	<http://ja.wikipedia.org/wiki/宮元町_(横浜市)>	<http://wikidata.dbpedia.org/resource/Q11453265>
<http://ja.dbpedia.org/resource/宮元町_(横浜市)>	"宮元町 (横浜市)"@ja	<http://dbpedia.org/ontology/Settlement>	<http://ja.dbpedia.org/property/subdivisionName>	"subdivision name"@ja	<http://ja.wikipedia.org/wiki/宮元町_(横浜市)>	<http://wikidata.dbpedia.org/resource/Q11453265>
<http://ja.dbpedia.org/resource/宮元町_(横浜市)>	"宮元町 (横浜市)"@ja	<http://dbpedia.org/ontology/PopulatedPlace>	<http://ja.dbpedia.org/property/subdivisionName>	"subdivision name"@ja	<http://ja.wikipedia.org/wiki/宮元町_(横浜市)>	<http://wikidata.dbpedia.org/resource/Q11453265>
<http://ja.dbpedia.org/resource/宮元町_(横浜市)>	"宮元町 (横浜市)"@ja	<http://dbpedia.org/ontology/Location>	<http://ja.dbpedia.org/property/subdivisionName>	"subdivision name"@ja	<http://ja.wikipedia.org/wiki/宮元町_(横浜市)>	<http://wikidata.dbpedia.org/resource/Q11453265>
<http://ja.dbpedia.org/resource/宿町_(横浜市)>	"宿町 (横浜市)"@ja	<http://dbpedia.org/ontology/PopulatedPlace>	<http://ja.dbpedia.org/property/subdivisionName>	"subdivision name"@ja	<http://ja.wikipedia.org/wiki/宿町_(横浜市)>	<http://wikidata.dbpedia.org/resource/Q11455648>
<http://ja.dbpedia.org/resource/宿町_(横浜市)>	"宿町 (横浜市)"@ja	<http://dbpedia.org/ontology/Location>	<http://ja.dbpedia.org/property/subdivisionName>	"subdivision name"@ja	<http://ja.wikipedia.org/wiki/宿町_(横浜市)>	<http://wikidata.dbpedia.org/resource/Q11455648>
<http://ja.dbpedia.org/resource/宿町_(横浜市)>	"宿町 (横浜市)"@ja	<http://dbpedia.org/ontology/Place>	<http://ja.dbpedia.org/property/subdivisionName>	"subdivision name"@ja	<http://ja.wikipedia.org/wiki/宿町_(横浜市)>	<http://wikidata.dbpedia.org/resource/Q11455648>
<http://ja.dbpedia.org/resource/宿町_(横浜市)>	"宿町 (横浜市)"@ja	<http://dbpedia.org/ontology/Settlement>	<http://ja.dbpedia.org/property/subdivisionName>	"subdivision name"@ja	<http://ja.wikipedia.org/wiki/宿町_(横浜市)>	<http://wikidata.dbpedia.org/resource/Q11455648>
<http://ja.dbpedia.org/resource/山王町_(横浜市)>	"山王町 (横浜市)"@ja	<http://dbpedia.org/ontology/Location>	<http://ja.dbpedia.org/property/subdivisionName>	"subdivision name"@ja	<http://ja.wikipedia.org/wiki/山王町_(横浜市)>	<http://wikidata.dbpedia.org/resource/Q109993551>
<http://ja.dbpedia.org/resource/山王町_(横浜市)>	"山王町 (横浜市)"@ja	<http://dbpedia.org/ontology/PopulatedPlace>	<http://ja.dbpedia.org/property/subdivisionName>	"subdivision name"@ja	<http://ja.wikipedia.org/wiki/山王町_(横浜市)>	<http://wikidata.dbpedia.org/resource/Q109993551>
<http://ja.dbpedia.org/resource/山王町_(横浜市)>	"山王町 (横浜市)"@ja	<http://dbpedia.org/ontology/Settlement>	<http://ja.dbpedia.org/property/subdivisionName>	"subdivision name"@ja	<http://ja.wikipedia.org/wiki/山王町_(横浜市)>	<http://wikidata.dbpedia.org/resource/Q109993551>
<http://ja.dbpedia.org/resource/山王町_(横浜市)>	"山王町 (横浜市)"@ja	<http://dbpedia.org/ontology/Place>	<http://ja.dbpedia.org/property/subdivisionName>	"subdivision name"@ja	<http://ja.wikipedia.org/wiki/山王町_(横浜市)>	<http://wikidata.dbpedia.org/resource/Q109993551>
<http://ja.dbpedia.org/resource/山谷_(横浜市)>	"山谷 (横浜市)"@ja	<http://dbpedia.org/ontology/PopulatedPlace>	<http://ja.dbpedia.org/property/subdivisionName>	"subdivision name"@ja	<http://ja.wikipedia.org/wiki/山谷_(横浜市)>	<http://wikidata.dbpedia.org/resource/Q109994078>
<http://ja.dbpedia.org/resource/山谷_(横浜市)>	"山谷 (横浜市)"@ja	<http://dbpedia.org/ontology/Location>	<http://ja.dbpedia.org/property/subdivisionName>	"subdivision name"@ja	<http://ja.wikipedia.org/wiki/山谷_(横浜市)>	<http://wikidata.dbpedia.org/resource/Q109994078>
<http://ja.dbpedia.org/resource/山谷_(横浜市)>	"山谷 (横浜市)"@ja	<http://dbpedia.org/ontology/Place>	<http://ja.dbpedia.org/property/subdivisionName>	"subdivision name"@ja	<http://ja.wikipedia.org/wiki/山谷_(横浜市)>	<http://wikidata.dbpedia.org/resource/Q109994078>
<http://ja.dbpedia.org/resource/山谷_(横浜市)>	"山谷 (横浜市)"@ja	<http://dbpedia.org/ontology/Settlement>	<http://ja.dbpedia.org/property/subdivisionName>	"subdivision name"@ja	<http://ja.wikipedia.org/wiki/山谷_(横浜市)>	<http://wikidata.dbpedia.org/resource/Q109994078>
<http://ja.dbpedia.org/resource/平楽_(横浜市)>	"平楽 (横浜市)"@ja	<http://dbpedia.org/ontology/Place>	<http://ja.dbpedia.org/property/subdivisionName>	"subdivision name"@ja	<http://ja.wikipedia.org/wiki/平楽_(横浜市)>	<http://wikidata.dbpedia.org/resource/Q96590702>
<http://ja.dbpedia.org/resource/平楽_(横浜市)>	"平楽 (横浜市)"@ja	<http://dbpedia.org/ontology/Settlement>	<http://ja.dbpedia.org/property/subdivisionName>	"subdivision name"@ja	<http://ja.wikipedia.org/wiki/平楽_(横浜市)>	<http://wikidata.dbpedia.org/resource/Q96590702>
<http://ja.dbpedia.org/resource/平楽_(横浜市)>	"平楽 (横浜市)"@ja	<http://dbpedia.org/ontology/Location>	<http://ja.dbpedia.org/property/subdivisionName>	"subdivision name"@ja	<http://ja.wikipedia.org/wiki/平楽_(横浜市)>	<http://wikidata.dbpedia.org/resource/Q96590702>
<http://ja.dbpedia.org/resource/平楽_(横浜市)>	"平楽 (横浜市)"@ja	<http://dbpedia.org/ontology/PopulatedPlace>	<http://ja.dbpedia.org/property/subdivisionName>	"subdivision name"@ja	<http://ja.wikipedia.org/wiki/平楽_(横浜市)>	<http://wikidata.dbpedia.org/resource/Q96590702>
<http://ja.dbpedia.org/resource/庚台>	"庚台"@ja	<http://dbpedia.org/ontology/Location>	<http://ja.dbpedia.org/property/subdivisionName>	"subdivision name"@ja	<http://ja.wikipedia.org/wiki/庚台>	<http://wikidata.dbpedia.org/resource/Q97188383>
<http://ja.dbpedia.org/resource/庚台>	"庚台"@ja	<http://dbpedia.org/ontology/PopulatedPlace>	<http://ja.dbpedia.org/property/subdivisionName>	"subdivision name"@ja	<http://ja.wikipedia.org/wiki/庚台>	<http://wikidata.dbpedia.org/resource/Q97188383>
<http://ja.dbpedia.org/resource/庚台>	"庚台"@ja	<http://dbpedia.org/ontology/Settlement>	<http://ja.dbpedia.org/property/subdivisionName>	"subdivision name"@ja	<http://ja.wikipedia.org/wiki/庚台>	<http://wikidata.dbpedia.org/resource/Q97188383>
<http://ja.dbpedia.org/resource/庚台>	"庚台"@ja	<http://dbpedia.org/ontology/Place>	<http://ja.dbpedia.org/property/subdivisionName>	"subdivision name"@ja	<http://ja.wikipedia.org/wiki/庚台>	<http://wikidata.dbpedia.org/resource/Q97188383>
<http://ja.dbpedia.org/resource/弘明寺町>	"弘明寺町"@ja	<http://dbpedia.org/ontology/Location>	<http://ja.dbpedia.org/property/subdivisionName>	"subdivision name"@ja	<http://ja.wikipedia.org/wiki/弘明寺町>	<http://wikidata.dbpedia.org/resource/Q5618272>
<http://ja.dbpedia.org/resource/弘明寺町>	"弘明寺町"@ja	<http://dbpedia.org/ontology/PopulatedPlace>	<http://ja.dbpedia.org/property/subdivisionName>	"subdivision name"@ja	<http://ja.wikipedia.org/wiki/弘明寺町>	<http://wikidata.dbpedia.org/resource/Q5618272>
<http://ja.dbpedia.org/resource/弘明寺町>	"弘明寺町"@ja	<http://dbpedia.org/ontology/Settlement>	<http://ja.dbpedia.org/property/subdivisionName>	"subdivision name"@ja	<http://ja.wikipedia.org/wiki/弘明寺町>	<http://wikidata.dbpedia.org/resource/Q5618272>
<http://ja.dbpedia.org/resource/弘明寺町>	"弘明寺町"@ja	<http://dbpedia.org/ontology/Place>	<http://ja.dbpedia.org/property/subdivisionName>	"subdivision name"@ja	<http://ja.wikipedia.org/wiki/弘明寺町>	<http://wikidata.dbpedia.org/resource/Q5618272>
<http://ja.dbpedia.org/resource/後藤輝樹>	"後藤輝樹"@ja	<http://dbpedia.org/ontology/Species>	<http://ja.dbpedia.org/property/選挙区>	"選挙区"@ja	<http://ja.wikipedia.org/wiki/後藤輝樹>	<http://wikidata.dbpedia.org/resource/Q26251515>
<http://ja.dbpedia.org/resource/後藤輝樹>	"後藤輝樹"@ja	<http://dbpedia.org/ontology/Animal>	<http://ja.dbpedia.org/property/選挙区>	"選挙区"@ja	<http://ja.wikipedia.org/wiki/後藤輝樹>	<http://wikidata.dbpedia.org/resource/Q26251515>
<http://ja.dbpedia.org/resource/後藤輝樹>	"後藤輝樹"@ja	<http://dbpedia.org/ontology/Person>	<http://ja.dbpedia.org/property/選挙区>	"選挙区"@ja	<http://ja.wikipedia.org/wiki/後藤輝樹>	<http://wikidata.dbpedia.org/resource/Q26251515>
<http://ja.dbpedia.org/resource/後藤輝樹>	"後藤輝樹"@ja	<http://dbpedia.org/ontology/Eukaryote>	<http://ja.dbpedia.org/property/選挙区>	"選挙区"@ja	<http://ja.wikipedia.org/wiki/後藤輝樹>	<http://wikidata.dbpedia.org/resource/Q26251515>
<http://ja.dbpedia.org/resource/斎藤勁>	"斎藤勁"@ja	<http://dbpedia.org/ontology/Person>	<http://ja.dbpedia.org/property/選挙区>	"選挙区"@ja	<http://ja.wikipedia.org/wiki/斎藤勁>	<http://wikidata.dbpedia.org/resource/Q2458627>
<http://ja.dbpedia.org/resource/斎藤勁>	"斎藤勁"@ja	<http://dbpedia.org/ontology/Species>	<http://ja.dbpedia.org/property/選挙区>	"選挙区"@ja	<http://ja.wikipedia.org/wiki/斎藤勁>	<http://wikidata.dbpedia.org/resource/Q2458627>
<http://ja.dbpedia.org/resource/斎藤勁>	"斎藤勁"@ja	<http://dbpedia.org/ontology/Eukaryote>	<http://ja.dbpedia.org/property/選挙区>	"選挙区"@ja	<http://ja.wikipedia.org/wiki/斎藤勁>	<http://wikidata.dbpedia.org/resource/Q2458627>
<http://ja.dbpedia.org/resource/斎藤勁>	"斎藤勁"@ja	<http://dbpedia.org/ontology/Politician>	<http://ja.dbpedia.org/property/選挙区>	"選挙区"@ja	<http://ja.wikipedia.org/wiki/斎藤勁>	<http://wikidata.dbpedia.org/resource/Q2458627>
<http://ja.dbpedia.org/resource/斎藤勁>	"斎藤勁"@ja	<http://dbpedia.org/ontology/Animal>	<http://ja.dbpedia.org/property/選挙区>	"選挙区"@ja	<http://ja.wikipedia.org/wiki/斎藤勁>	<http://wikidata.dbpedia.org/resource/Q2458627>
<http://ja.dbpedia.org/resource/新川町_(横浜市)>	"新川町 (横浜市)"@ja	<http://dbpedia.org/ontology/Settlement>	<http://ja.dbpedia.org/property/subdivisionName>	"subdivision name"@ja	<http://ja.wikipedia.org/wiki/新川町_(横浜市)>	<http://wikidata.dbpedia.org/resource/Q110014994>
<http://ja.dbpedia.org/resource/新川町_(横浜市)>	"新川町 (横浜市)"@ja	<http://dbpedia.org/ontology/Place>	<http://ja.dbpedia.org/property/subdivisionName>	"subdivision name"@ja	<http://ja.wikipedia.org/wiki/新川町_(横浜市)>	<http://wikidata.dbpedia.org/resource/Q110014994>
<http://ja.dbpedia.org/resource/新川町_(横浜市)>	"新川町 (横浜市)"@ja	<http://dbpedia.org/ontology/Location>	<http://ja.dbpedia.org/property/subdivisionName>	"subdivision name"@ja	<http://ja.wikipedia.org/wiki/新川町_(横浜市)>	<http://wikidata.dbpedia.org/resource/Q110014994>
<http://ja.dbpedia.org/resource/新川町_(横浜市)>	"新川町 (横浜市)"@ja	<http://dbpedia.org/ontology/PopulatedPlace>	<http://ja.dbpedia.org/property/subdivisionName>	"subdivision name"@ja	<http://ja.wikipedia.org/wiki/新川町_(横浜市)>	<http://wikidata.dbpedia.org/resource/Q110014994>
<http://ja.dbpedia.org/resource/日枝町_(横浜市)>	"日枝町 (横浜市)"@ja	<http://dbpedia.org/ontology/Place>	<http://ja.dbpedia.org/property/subdivisionName>	"subdivision name"@ja	<http://ja.wikipedia.org/wiki/日枝町_(横浜市)>	<http://wikidata.dbpedia.org/resource/Q97188501>
<http://ja.dbpedia.org/resource/日枝町_(横浜市)>	"日枝町 (横浜市)"@ja	<http://dbpedia.org/ontology/Settlement>	<http://ja.dbpedia.org/property/subdivisionName>	"subdivision name"@ja	<http://ja.wikipedia.org/wiki/日枝町_(横浜市)>	<http://wikidata.dbpedia.org/resource/Q97188501>
<http://ja.dbpedia.org/resource/日枝町_(横浜市)>	"日枝町 (横浜市)"@ja	<http://dbpedia.org/ontology/Location>	<http://ja.dbpedia.org/property/subdivisionName>	"subdivision name"@ja	<http://ja.wikipedia.org/wiki/日枝町_(横浜市)>	<http://wikidata.dbpedia.org/resource/Q97188501>
<http://ja.dbpedia.org/resource/日枝町_(横浜市)>	"日枝町 (横浜市)"@ja	<http://dbpedia.org/ontology/PopulatedPlace>	<http://ja.dbpedia.org/property/subdivisionName>	"subdivision name"@ja	<http://ja.wikipedia.org/wiki/日枝町_(横浜市)>	<http://wikidata.dbpedia.org/resource/Q97188501>
<http://ja.dbpedia.org/resource/東蒔田町>	"東蒔田町"@ja	<http://dbpedia.org/ontology/Location>	<http://ja.dbpedia.org/property/subdivisionName>	"subdivision name"@ja	<http://ja.wikipedia.org/wiki/東蒔田町>	<http://wikidata.dbpedia.org/resource/Q110028086>
<http://ja.dbpedia.org/resource/東蒔田町>	"東蒔田町"@ja	<http://dbpedia.org/ontology/PopulatedPlace>	<http://ja.dbpedia.org/property/subdivisionName>	"subdivision name"@ja	<http://ja.wikipedia.org/wiki/東蒔田町>	<http://wikidata.dbpedia.org/resource/Q110028086>
<http://ja.dbpedia.org/resource/東蒔田町>	"東蒔田町"@ja	<http://dbpedia.org/ontology/Settlement>	<http://ja.dbpedia.org/property/subdivisionName>	"subdivision name"@ja	<http://ja.wikipedia.org/wiki/東蒔田町>	<http://wikidata.dbpedia.org/resource/Q110028086>
<http://ja.dbpedia.org/resource/東蒔田町>	"東蒔田町"@ja	<http://dbpedia.org/ontology/Place>	<http://ja.dbpedia.org/property/subdivisionName>	"subdivision name"@ja	<http://ja.wikipedia.org/wiki/東蒔田町>	<http://wikidata.dbpedia.org/resource/Q110028086>
<http://ja.dbpedia.org/resource/榎町_(横浜市)>	"榎町 (横浜市)"@ja	<http://dbpedia.org/ontology/PopulatedPlace>	<http://ja.dbpedia.org/property/subdivisionName>	"subdivision name"@ja	<http://ja.wikipedia.org/wiki/榎町_(横浜市)>	<http://wikidata.dbpedia.org/resource/Q109926414>
<http://ja.dbpedia.org/resource/榎町_(横浜市)>	"榎町 (横浜市)"@ja	<http://dbpedia.org/ontology/Location>	<http://ja.dbpedia.org/property/subdivisionName>	"subdivision name"@ja	<http://ja.wikipedia.org/wiki/榎町_(横浜市)>	<http://wikidata.dbpedia.org/resource/Q109926414>
<http://ja.dbpedia.org/resource/榎町_(横浜市)>	"榎町 (横浜市)"@ja	<http://dbpedia.org/ontology/Settlement>	<http://ja.dbpedia.org/property/subdivisionName>	"subdivision name"@ja	<http://ja.wikipedia.org/wiki/榎町_(横浜市)>	<http://wikidata.dbpedia.org/resource/Q109926414>
<http://ja.dbpedia.org/resource/榎町_(横浜市)>	"榎町 (横浜市)"@ja	<http://dbpedia.org/ontology/Place>	<http://ja.dbpedia.org/property/subdivisionName>	"subdivision name"@ja	<http://ja.wikipedia.org/wiki/榎町_(横浜市)>	<http://wikidata.dbpedia.org/resource/Q109926414>
<http://ja.dbpedia.org/resource/永楽町_(横浜市)>	"永楽町 (横浜市)"@ja	<http://dbpedia.org/ontology/PopulatedPlace>	<http://ja.dbpedia.org/property/subdivisionName>	"subdivision name"@ja	<http://ja.wikipedia.org/wiki/永楽町_(横浜市)>	<http://wikidata.dbpedia.org/resource/Q97188745>
<http://ja.dbpedia.org/resource/永楽町_(横浜市)>	"永楽町 (横浜市)"@ja	<http://dbpedia.org/ontology/Location>	<http://ja.dbpedia.org/property/subdivisionName>	"subdivision name"@ja	<http://ja.wikipedia.org/wiki/永楽町_(横浜市)>	<http://wikidata.dbpedia.org/resource/Q97188745>
<http://ja.dbpedia.org/resource/永楽町_(横浜市)>	"永楽町 (横浜市)"@ja	<http://dbpedia.org/ontology/Settlement>	<http://ja.dbpedia.org/property/subdivisionName>	"subdivision name"@ja	<http://ja.wikipedia.org/wiki/永楽町_(横浜市)>	<http://wikidata.dbpedia.org/resource/Q97188745>
<http://ja.dbpedia.org/resource/永楽町_(横浜市)>	"永楽町 (横浜市)"@ja	<http://dbpedia.org/ontology/Place>	<http://ja.dbpedia.org/property/subdivisionName>	"subdivision name"@ja	<http://ja.wikipedia.org/wiki/永楽町_(横浜市)>	<http://wikidata.dbpedia.org/resource/Q97188745>
<http://ja.dbpedia.org/resource/永田みなみ台>	"永田みなみ台"@ja	<http://dbpedia.org/ontology/Place>	<http://ja.dbpedia.org/property/subdivisionName>	"subdivision name"@ja	<http://ja.wikipedia.org/wiki/永田みなみ台>	<http://wikidata.dbpedia.org/resource/Q47393075>
<http://ja.dbpedia.org/resource/永田みなみ台>	"永田みなみ台"@ja	<http://dbpedia.org/ontology/Settlement>	<http://ja.dbpedia.org/property/subdivisionName>	"subdivision name"@ja	<http://ja.wikipedia.org/wiki/永田みなみ台>	<http://wikidata.dbpedia.org/resource/Q47393075>
<http://ja.dbpedia.org/resource/永田みなみ台>	"永田みなみ台"@ja	<http://dbpedia.org/ontology/PopulatedPlace>	<http://ja.dbpedia.org/property/subdivisionName>	"subdivision name"@ja	<http://ja.wikipedia.org/wiki/永田みなみ台>	<http://wikidata.dbpedia.org/resource/Q47393075>
<http://ja.dbpedia.org/resource/永田みなみ台>	"永田みなみ台"@ja	<http://dbpedia.org/ontology/Location>	<http://ja.dbpedia.org/property/subdivisionName>	"subdivision name"@ja	<http://ja.wikipedia.org/wiki/永田みなみ台>	<http://wikidata.dbpedia.org/resource/Q47393075>
<http://ja.dbpedia.org/resource/永田北>	"永田北"@ja	<http://dbpedia.org/ontology/PopulatedPlace>	<http://ja.dbpedia.org/property/subdivisionName>	"subdivision name"@ja	<http://ja.wikipedia.org/wiki/永田北>	<http://wikidata.dbpedia.org/resource/Q97188753>
<http://ja.dbpedia.org/resource/永田北>	"永田北"@ja	<http://dbpedia.org/ontology/Location>	<http://ja.dbpedia.org/property/subdivisionName>	"subdivision name"@ja	<http://ja.wikipedia.org/wiki/永田北>	<http://wikidata.dbpedia.org/resource/Q97188753>
<http://ja.dbpedia.org/resource/永田北>	"永田北"@ja	<http://dbpedia.org/ontology/Place>	<http://ja.dbpedia.org/property/subdivisionName>	"subdivision name"@ja	<http://ja.wikipedia.org/wiki/永田北>	<http://wikidata.dbpedia.org/resource/Q97188753>
<http://ja.dbpedia.org/resource/永田北>	"永田北"@ja	<http://dbpedia.org/ontology/Settlement>	<http://ja.dbpedia.org/property/subdivisionName>	"subdivision name"@ja	<http://ja.wikipedia.org/wiki/永田北>	<http://wikidata.dbpedia.org/resource/Q97188753>
<http://ja.dbpedia.org/resource/永田南>	"永田南"@ja	<http://dbpedia.org/ontology/Location>	<http://ja.dbpedia.org/property/subdivisionName>	"subdivision name"@ja	<http://ja.wikipedia.org/wiki/永田南>	<http://wikidata.dbpedia.org/resource/Q97188762>
<http://ja.dbpedia.org/resource/永田南>	"永田南"@ja	<http://dbpedia.org/ontology/PopulatedPlace>	<http://ja.dbpedia.org/property/subdivisionName>	"subdivision name"@ja	<http://ja.wikipedia.org/wiki/永田南>	<http://wikidata.dbpedia.org/resource/Q97188762>
<http://ja.dbpedia.org/resource/永田南>	"永田南"@ja	<http://dbpedia.org/ontology/Settlement>	<http://ja.dbpedia.org/property/subdivisionName>	"subdivision name"@ja	<http://ja.wikipedia.org/wiki/永田南>	<http://wikidata.dbpedia.org/resource/Q97188762>
<http://ja.dbpedia.org/resource/永田南>	"永田南"@ja	<http://dbpedia.org/ontology/Place>	<http://ja.dbpedia.org/property/subdivisionName>	"subdivision name"@ja	<http://ja.wikipedia.org/wiki/永田南>	<http://wikidata.dbpedia.org/resource/Q97188762>
<http://ja.dbpedia.org/resource/永田台_(横浜市)>	"永田台 (横浜市)"@ja	<http://dbpedia.org/ontology/PopulatedPlace>	<http://ja.dbpedia.org/property/subdivisionName>	"subdivision name"@ja	<http://ja.wikipedia.org/wiki/永田台_(横浜市)>	<http://wikidata.dbpedia.org/resource/Q97279292>
<http://ja.dbpedia.org/resource/永田台_(横浜市)>	"永田台 (横浜市)"@ja	<http://dbpedia.org/ontology/Location>	<http://ja.dbpedia.org/property/subdivisionName>	"subdivision name"@ja	<http://ja.wikipedia.org/wiki/永田台_(横浜市)>	<http://wikidata.dbpedia.org/resource/Q97279292>
<http://ja.dbpedia.org/resource/永田台_(横浜市)>	"永田台 (横浜市)"@ja	<http://dbpedia.org/ontology/Place>	<http://ja.dbpedia.org/property/subdivisionName>	"subdivision name"@ja	<http://ja.wikipedia.org/wiki/永田台_(横浜市)>	<http://wikidata.dbpedia.org/resource/Q97279292>
<http://ja.dbpedia.org/resource/永田台_(横浜市)>	"永田台 (横浜市)"@ja	<http://dbpedia.org/ontology/Settlement>	<http://ja.dbpedia.org/property/subdivisionName>	"subdivision name"@ja	<http://ja.wikipedia.org/wiki/永田台_(横浜市)>	<http://wikidata.dbpedia.org/resource/Q97279292>
<http://ja.dbpedia.org/resource/永田山王台>	"永田山王台"@ja	<http://dbpedia.org/ontology/Location>	<http://ja.dbpedia.org/property/subdivisionName>	"subdivision name"@ja	<http://ja.wikipedia.org/wiki/永田山王台>	<http://wikidata.dbpedia.org/resource/Q97279301>
<http://ja.dbpedia.org/resource/永田山王台>	"永田山王台"@ja	<http://dbpedia.org/ontology/PopulatedPlace>	<http://ja.dbpedia.org/property/subdivisionName>	"subdivision name"@ja	<http://ja.wikipedia.org/wiki/永田山王台>	<http://wikidata.dbpedia.org/resource/Q97279301>
<http://ja.dbpedia.org/resource/永田山王台>	"永田山王台"@ja	<http://dbpedia.org/ontology/Settlement>	<http://ja.dbpedia.org/property/subdivisionName>	"subdivision name"@ja	<http://ja.wikipedia.org/wiki/永田山王台>	<http://wikidata.dbpedia.org/resource/Q97279301>
<http://ja.dbpedia.org/resource/永田山王台>	"永田山王台"@ja	<http://dbpedia.org/ontology/Place>	<http://ja.dbpedia.org/property/subdivisionName>	"subdivision name"@ja	<http://ja.wikipedia.org/wiki/永田山王台>	<http://wikidata.dbpedia.org/resource/Q97279301>
<http://ja.dbpedia.org/resource/永田東>	"永田東"@ja	<http://dbpedia.org/ontology/PopulatedPlace>	<http://ja.dbpedia.org/property/subdivisionName>	"subdivision name"@ja	<http://ja.wikipedia.org/wiki/永田東>	<http://wikidata.dbpedia.org/resource/Q97188770>
<http://ja.dbpedia.org/resource/永田東>	"永田東"@ja	<http://dbpedia.org/ontology/Location>	<http://ja.dbpedia.org/property/subdivisionName>	"subdivision name"@ja	<http://ja.wikipedia.org/wiki/永田東>	<http://wikidata.dbpedia.org/resource/Q97188770>
<http://ja.dbpedia.org/resource/永田東>	"永田東"@ja	<http://dbpedia.org/ontology/Settlement>	<http://ja.dbpedia.org/property/subdivisionName>	"subdivision name"@ja	<http://ja.wikipedia.org/wiki/永田東>	<http://wikidata.dbpedia.org/resource/Q97188770>
<http://ja.dbpedia.org/resource/永田東>	"永田東"@ja	<http://dbpedia.org/ontology/Place>	<http://ja.dbpedia.org/property/subdivisionName>	"subdivision name"@ja	<http://ja.wikipedia.org/wiki/永田東>	<http://wikidata.dbpedia.org/resource/Q97188770>
<http://ja.dbpedia.org/resource/浦舟町>	"浦舟町"@ja	<http://dbpedia.org/ontology/PopulatedPlace>	<http://ja.dbpedia.org/property/subdivisionName>	"subdivision name"@ja	<http://ja.wikipedia.org/wiki/浦舟町>	<http://wikidata.dbpedia.org/resource/Q28682319>
<http://ja.dbpedia.org/resource/浦舟町>	"浦舟町"@ja	<http://dbpedia.org/ontology/Location>	<http://ja.dbpedia.org/property/subdivisionName>	"subdivision name"@ja	<http://ja.wikipedia.org/wiki/浦舟町>	<http://wikidata.dbpedia.org/resource/Q28682319>
<http://ja.dbpedia.org/resource/浦舟町>	"浦舟町"@ja	<http://dbpedia.org/ontology/Settlement>	<http://ja.dbpedia.org/property/subdivisionName>	"subdivision name"@ja	<http://ja.wikipedia.org/wiki/浦舟町>	<http://wikidata.dbpedia.org/resource/Q28682319>
<http://ja.dbpedia.org/resource/浦舟町>	"浦舟町"@ja	<http://dbpedia.org/ontology/Place>	<http://ja.dbpedia.org/property/subdivisionName>	"subdivision name"@ja	<http://ja.wikipedia.org/wiki/浦舟町>	<http://wikidata.dbpedia.org/resource/Q28682319>
<http://ja.dbpedia.org/resource/清水ケ丘_(横浜市)>	"清水ケ丘 (横浜市)"@ja	<http://dbpedia.org/ontology/Place>	<http://ja.dbpedia.org/property/subdivisionName>	"subdivision name"@ja	<http://ja.wikipedia.org/wiki/清水ケ丘_(横浜市)>	<http://wikidata.dbpedia.org/resource/Q86743490>
<http://ja.dbpedia.org/resource/清水ケ丘_(横浜市)>	"清水ケ丘 (横浜市)"@ja	<http://dbpedia.org/ontology/Settlement>	<http://ja.dbpedia.org/property/subdivisionName>	"subdivision name"@ja	<http://ja.wikipedia.org/wiki/清水ケ丘_(横浜市)>	<http://wikidata.dbpedia.org/resource/Q86743490>
<http://ja.dbpedia.org/resource/清水ケ丘_(横浜市)>	"清水ケ丘 (横浜市)"@ja	<http://dbpedia.org/ontology/PopulatedPlace>	<http://ja.dbpedia.org/property/subdivisionName>	"subdivision name"@ja	<http://ja.wikipedia.org/wiki/清水ケ丘_(横浜市)>	<http://wikidata.dbpedia.org/resource/Q86743490>
<http://ja.dbpedia.org/resource/清水ケ丘_(横浜市)>	"清水ケ丘 (横浜市)"@ja	<http://dbpedia.org/ontology/Location>	<http://ja.dbpedia.org/property/subdivisionName>	"subdivision name"@ja	<http://ja.wikipedia.org/wiki/清水ケ丘_(横浜市)>	<http://wikidata.dbpedia.org/resource/Q86743490>
<http://ja.dbpedia.org/resource/白妙町>	"白妙町"@ja	<http://dbpedia.org/ontology/PopulatedPlace>	<http://ja.dbpedia.org/property/subdivisionName>	"subdivision name"@ja	<http://ja.wikipedia.org/wiki/白妙町>	<http://wikidata.dbpedia.org/resource/Q97188929>
<http://ja.dbpedia.org/resource/白妙町>	"白妙町"@ja	<http://dbpedia.org/ontology/Location>	<http://ja.dbpedia.org/property/subdivisionName>	"subdivision name"@ja	<http://ja.wikipedia.org/wiki/白妙町>	<http://wikidata.dbpedia.org/resource/Q97188929>
<http://ja.dbpedia.org/resource/白妙町>	"白妙町"@ja	<http://dbpedia.org/ontology/Settlement>	<http://ja.dbpedia.org/property/subdivisionName>	"subdivision name"@ja	<http://ja.wikipedia.org/wiki/白妙町>	<http://wikidata.dbpedia.org/resource/Q97188929>
<http://ja.dbpedia.org/resource/白妙町>	"白妙町"@ja	<http://dbpedia.org/ontology/Place>	<http://ja.dbpedia.org/property/subdivisionName>	"subdivision name"@ja	<http://ja.wikipedia.org/wiki/白妙町>	<http://wikidata.dbpedia.org/resource/Q97188929>
<http://ja.dbpedia.org/resource/白金町_(横浜市)>	"白金町 (横浜市)"@ja	<http://dbpedia.org/ontology/Place>	<http://ja.dbpedia.org/property/subdivisionName>	"subdivision name"@ja	<http://ja.wikipedia.org/wiki/白金町_(横浜市)>	<http://wikidata.dbpedia.org/resource/Q95296894>
<http://ja.dbpedia.org/resource/白金町_(横浜市)>	"白金町 (横浜市)"@ja	<http://dbpedia.org/ontology/Settlement>	<http://ja.dbpedia.org/property/subdivisionName>	"subdivision name"@ja	<http://ja.wikipedia.org/wiki/白金町_(横浜市)>	<http://wikidata.dbpedia.org/resource/Q95296894>
<http://ja.dbpedia.org/resource/白金町_(横浜市)>	"白金町 (横浜市)"@ja	<http://dbpedia.org/ontology/PopulatedPlace>	<http://ja.dbpedia.org/property/subdivisionName>	"subdivision name"@ja	<http://ja.wikipedia.org/wiki/白金町_(横浜市)>	<http://wikidata.dbpedia.org/resource/Q95296894>
<http://ja.dbpedia.org/resource/白金町_(横浜市)>	"白金町 (横浜市)"@ja	<http://dbpedia.org/ontology/Location>	<http://ja.dbpedia.org/property/subdivisionName>	"subdivision name"@ja	<http://ja.wikipedia.org/wiki/白金町_(横浜市)>	<http://wikidata.dbpedia.org/resource/Q95296894>
<http://ja.dbpedia.org/resource/真金町>	"真金町"@ja	<http://dbpedia.org/ontology/Settlement>	<http://ja.dbpedia.org/property/subdivisionName>	"subdivision name"@ja	<http://ja.wikipedia.org/wiki/真金町>	<http://wikidata.dbpedia.org/resource/Q11583588>
<http://ja.dbpedia.org/resource/真金町>	"真金町"@ja	<http://dbpedia.org/ontology/Place>	<http://ja.dbpedia.org/property/subdivisionName>	"subdivision name"@ja	<http://ja.wikipedia.org/wiki/真金町>	<http://wikidata.dbpedia.org/resource/Q11583588>
<http://ja.dbpedia.org/resource/真金町>	"真金町"@ja	<http://dbpedia.org/ontology/Location>	<http://ja.dbpedia.org/property/subdivisionName>	"subdivision name"@ja	<http://ja.wikipedia.org/wiki/真金町>	<http://wikidata.dbpedia.org/resource/Q11583588>
<http://ja.dbpedia.org/resource/真金町>	"真金町"@ja	<http://dbpedia.org/ontology/PopulatedPlace>	<http://ja.dbpedia.org/property/subdivisionName>	"subdivision name"@ja	<http://ja.wikipedia.org/wiki/真金町>	<http://wikidata.dbpedia.org/resource/Q11583588>
<http://ja.dbpedia.org/resource/睦町_(横浜市)>	"睦町 (横浜市)"@ja	<http://dbpedia.org/ontology/PopulatedPlace>	<http://ja.dbpedia.org/property/subdivisionName>	"subdivision name"@ja	<http://ja.wikipedia.org/wiki/睦町_(横浜市)>	<http://wikidata.dbpedia.org/resource/Q97188959>
<http://ja.dbpedia.org/resource/睦町_(横浜市)>	"睦町 (横浜市)"@ja	<http://dbpedia.org/ontology/Location>	<http://ja.dbpedia.org/property/subdivisionName>	"subdivision name"@ja	<http://ja.wikipedia.org/wiki/睦町_(横浜市)>	<http://wikidata.dbpedia.org/resource/Q97188959>
<http://ja.dbpedia.org/resource/睦町_(横浜市)>	"睦町 (横浜市)"@ja	<http://dbpedia.org/ontology/Place>	<http://ja.dbpedia.org/property/subdivisionName>	"subdivision name"@ja	<http://ja.wikipedia.org/wiki/睦町_(横浜市)>	<http://wikidata.dbpedia.org/resource/Q97188959>
<http://ja.dbpedia.org/resource/睦町_(横浜市)>	"睦町 (横浜市)"@ja	<http://dbpedia.org/ontology/Settlement>	<http://ja.dbpedia.org/property/subdivisionName>	"subdivision name"@ja	<http://ja.wikipedia.org/wiki/睦町_(横浜市)>	<http://wikidata.dbpedia.org/resource/Q97188959>
<http://ja.dbpedia.org/resource/花之木町>	"花之木町"@ja	<http://dbpedia.org/ontology/Location>	<http://ja.dbpedia.org/property/subdivisionName>	"subdivision name"@ja	<http://ja.wikipedia.org/wiki/花之木町>	<http://wikidata.dbpedia.org/resource/Q11615109>
<http://ja.dbpedia.org/resource/花之木町>	"花之木町"@ja	<http://dbpedia.org/ontology/PopulatedPlace>	<http://ja.dbpedia.org/property/subdivisionName>	"subdivision name"@ja	<http://ja.wikipedia.org/wiki/花之木町>	<http://wikidata.dbpedia.org/resource/Q11615109>
<http://ja.dbpedia.org/resource/花之木町>	"花之木町"@ja	<http://dbpedia.org/ontology/Settlement>	<http://ja.dbpedia.org/property/subdivisionName>	"subdivision name"@ja	<http://ja.wikipedia.org/wiki/花之木町>	<http://wikidata.dbpedia.org/resource/Q11615109>
<http://ja.dbpedia.org/resource/花之木町>	"花之木町"@ja	<http://dbpedia.org/ontology/Place>	<http://ja.dbpedia.org/property/subdivisionName>	"subdivision name"@ja	<http://ja.wikipedia.org/wiki/花之木町>	<http://wikidata.dbpedia.org/resource/Q11615109>
<http://ja.dbpedia.org/resource/若宮町_(横浜市)>	"若宮町 (横浜市)"@ja	<http://dbpedia.org/ontology/Location>	<http://ja.dbpedia.org/property/subdivisionName>	"subdivision name"@ja	<http://ja.wikipedia.org/wiki/若宮町_(横浜市)>	<http://wikidata.dbpedia.org/resource/Q110050519>
<http://ja.dbpedia.org/resource/若宮町_(横浜市)>	"若宮町 (横浜市)"@ja	<http://dbpedia.org/ontology/PopulatedPlace>	<http://ja.dbpedia.org/property/subdivisionName>	"subdivision name"@ja	<http://ja.wikipedia.org/wiki/若宮町_(横浜市)>	<http://wikidata.dbpedia.org/resource/Q110050519>
<http://ja.dbpedia.org/resource/若宮町_(横浜市)>	"若宮町 (横浜市)"@ja	<http://dbpedia.org/ontology/Settlement>	<http://ja.dbpedia.org/property/subdivisionName>	"subdivision name"@ja	<http://ja.wikipedia.org/wiki/若宮町_(横浜市)>	<http://wikidata.dbpedia.org/resource/Q110050519>
<http://ja.dbpedia.org/resource/若宮町_(横浜市)>	"若宮町 (横浜市)"@ja	<http://dbpedia.org/ontology/Place>	<http://ja.dbpedia.org/property/subdivisionName>	"subdivision name"@ja	<http://ja.wikipedia.org/wiki/若宮町_(横浜市)>	<http://wikidata.dbpedia.org/resource/Q110050519>
<http://ja.dbpedia.org/resource/蒔田町_(横浜市)>	"蒔田町 (横浜市)"@ja	<http://dbpedia.org/ontology/PopulatedPlace>	<http://ja.dbpedia.org/property/subdivisionName>	"subdivision name"@ja	<http://ja.wikipedia.org/wiki/蒔田町_(横浜市)>	<http://wikidata.dbpedia.org/resource/Q28686299>
<http://ja.dbpedia.org/resource/蒔田町_(横浜市)>	"蒔田町 (横浜市)"@ja	<http://dbpedia.org/ontology/Location>	<http://ja.dbpedia.org/property/subdivisionName>	"subdivision name"@ja	<http://ja.wikipedia.org/wiki/蒔田町_(横浜市)>	<http://wikidata.dbpedia.org/resource/Q28686299>
<http://ja.dbpedia.org/resource/蒔田町_(横浜市)>	"蒔田町 (横浜市)"@ja	<http://dbpedia.org/ontology/Place>	<http://ja.dbpedia.org/property/subdivisionName>	"subdivision name"@ja	<http://ja.wikipedia.org/wiki/蒔田町_(横浜市)>	<http://wikidata.dbpedia.org/resource/Q28686299>
<http://ja.dbpedia.org/resource/蒔田町_(横浜市)>	"蒔田町 (横浜市)"@ja	<http://dbpedia.org/ontology/Settlement>	<http://ja.dbpedia.org/property/subdivisionName>	"subdivision name"@ja	<http://ja.wikipedia.org/wiki/蒔田町_(横浜市)>	<http://wikidata.dbpedia.org/resource/Q28686299>
<http://ja.dbpedia.org/resource/西中町_(横浜市)>	"西中町 (横浜市)"@ja	<http://dbpedia.org/ontology/Location>	<http://ja.dbpedia.org/property/subdivisionName>	"subdivision name"@ja	<http://ja.wikipedia.org/wiki/西中町_(横浜市)>	<http://wikidata.dbpedia.org/resource/Q110027857>
<http://ja.dbpedia.org/resource/西中町_(横浜市)>	"西中町 (横浜市)"@ja	<http://dbpedia.org/ontology/PopulatedPlace>	<http://ja.dbpedia.org/property/subdivisionName>	"subdivision name"@ja	<http://ja.wikipedia.org/wiki/西中町_(横浜市)>	<http://wikidata.dbpedia.org/resource/Q110027857>
<http://ja.dbpedia.org/resource/西中町_(横浜市)>	"西中町 (横浜市)"@ja	<http://dbpedia.org/ontology/Settlement>	<http://ja.dbpedia.org/property/subdivisionName>	"subdivision name"@ja	<http://ja.wikipedia.org/wiki/西中町_(横浜市)>	<http://wikidata.dbpedia.org/resource/Q110027857>
<http://ja.dbpedia.org/resource/西中町_(横浜市)>	"西中町 (横浜市)"@ja	<http://dbpedia.org/ontology/Place>	<http://ja.dbpedia.org/property/subdivisionName>	"subdivision name"@ja	<http://ja.wikipedia.org/wiki/西中町_(横浜市)>	<http://wikidata.dbpedia.org/resource/Q110027857>
<http://ja.dbpedia.org/resource/通町_(横浜市)>	"通町 (横浜市)"@ja	<http://dbpedia.org/ontology/PopulatedPlace>	<http://ja.dbpedia.org/property/subdivisionName>	"subdivision name"@ja	<http://ja.wikipedia.org/wiki/通町_(横浜市)>	<http://wikidata.dbpedia.org/resource/Q11639596>
<http://ja.dbpedia.org/resource/通町_(横浜市)>	"通町 (横浜市)"@ja	<http://dbpedia.org/ontology/Location>	<http://ja.dbpedia.org/property/subdivisionName>	"subdivision name"@ja	<http://ja.wikipedia.org/wiki/通町_(横浜市)>	<http://wikidata.dbpedia.org/resource/Q11639596>
<http://ja.dbpedia.org/resource/通町_(横浜市)>	"通町 (横浜市)"@ja	<http://dbpedia.org/ontology/Settlement>	<http://ja.dbpedia.org/property/subdivisionName>	"subdivision name"@ja	<http://ja.wikipedia.org/wiki/通町_(横浜市)>	<http://wikidata.dbpedia.org/resource/Q11639596>
<http://ja.dbpedia.org/resource/通町_(横浜市)>	"通町 (横浜市)"@ja	<http://dbpedia.org/ontology/Place>	<http://ja.dbpedia.org/property/subdivisionName>	"subdivision name"@ja	<http://ja.wikipedia.org/wiki/通町_(横浜市)>	<http://wikidata.dbpedia.org/resource/Q11639596>
<http://ja.dbpedia.org/resource/高根町_(横浜市)>	"高根町 (横浜市)"@ja	<http://dbpedia.org/ontology/PopulatedPlace>	<http://ja.dbpedia.org/property/subdivisionName>	"subdivision name"@ja	<http://ja.wikipedia.org/wiki/高根町_(横浜市)>	<http://wikidata.dbpedia.org/resource/Q97279525>
<http://ja.dbpedia.org/resource/高根町_(横浜市)>	"高根町 (横浜市)"@ja	<http://dbpedia.org/ontology/Location>	<http://ja.dbpedia.org/property/subdivisionName>	"subdivision name"@ja	<http://ja.wikipedia.org/wiki/高根町_(横浜市)>	<http://wikidata.dbpedia.org/resource/Q97279525>
<http://ja.dbpedia.org/resource/高根町_(横浜市)>	"高根町 (横浜市)"@ja	<http://dbpedia.org/ontology/Place>	<http://ja.dbpedia.org/property/subdivisionName>	"subdivision name"@ja	<http://ja.wikipedia.org/wiki/高根町_(横浜市)>	<http://wikidata.dbpedia.org/resource/Q97279525>
<http://ja.dbpedia.org/resource/高根町_(横浜市)>	"高根町 (横浜市)"@ja	<http://dbpedia.org/ontology/Settlement>	<http://ja.dbpedia.org/property/subdivisionName>	"subdivision name"@ja	<http://ja.wikipedia.org/wiki/高根町_(横浜市)>	<http://wikidata.dbpedia.org/resource/Q97279525>
<http://ja.dbpedia.org/resource/中里町_(横浜市)>	"中里町 (横浜市)"@ja	<http://dbpedia.org/ontology/Location>	<http://ja.dbpedia.org/property/subdivisionName>	"subdivision name"@ja	<http://ja.wikipedia.org/wiki/中里町_(横浜市)>	
<http://ja.dbpedia.org/resource/中里町_(横浜市)>	"中里町 (横浜市)"@ja	<http://dbpedia.org/ontology/Place>	<http://ja.dbpedia.org/property/subdivisionName>	"subdivision name"@ja	<http://ja.wikipedia.org/wiki/中里町_(横浜市)>	
<http://ja.dbpedia.org/resource/中里町_(横浜市)>	"中里町 (横浜市)"@ja	<http://dbpedia.org/ontology/PopulatedPlace>	<http://ja.dbpedia.org/property/subdivisionName>	"subdivision name"@ja	<http://ja.wikipedia.org/wiki/中里町_(横浜市)>	
<http://ja.dbpedia.org/resource/中里町_(横浜市)>	"中里町 (横浜市)"@ja	<http://dbpedia.org/ontology/Settlement>	<http://ja.dbpedia.org/property/subdivisionName>	"subdivision name"@ja	<http://ja.wikipedia.org/wiki/中里町_(横浜市)>	
<http://ja.dbpedia.org/resource/高砂町_(横浜市)>	"高砂町 (横浜市)"@ja	<http://dbpedia.org/ontology/Location>	<http://ja.dbpedia.org/property/subdivisionName>	"subdivision name"@ja	<http://ja.wikipedia.org/wiki/高砂町_(横浜市)>	
<http://ja.dbpedia.org/resource/高砂町_(横浜市)>	"高砂町 (横浜市)"@ja	<http://dbpedia.org/ontology/Place>	<http://ja.dbpedia.org/property/subdivisionName>	"subdivision name"@ja	<http://ja.wikipedia.org/wiki/高砂町_(横浜市)>	
<http://ja.dbpedia.org/resource/高砂町_(横浜市)>	"高砂町 (横浜市)"@ja	<http://dbpedia.org/ontology/PopulatedPlace>	<http://ja.dbpedia.org/property/subdivisionName>	"subdivision name"@ja	<http://ja.wikipedia.org/wiki/高砂町_(横浜市)>	
<http://ja.dbpedia.org/resource/高砂町_(横浜市)>	"高砂町 (横浜市)"@ja	<http://dbpedia.org/ontology/Settlement>	<http://ja.dbpedia.org/property/subdivisionName>	"subdivision name"@ja	<http://ja.wikipedia.org/wiki/高砂町_(横浜市)>	
