?s	?sLabel	?type	?p	?pLabel	?jwiki	?wd
<http://ja.dbpedia.org/resource/上星川>	"上星川"@ja	<http://dbpedia.org/ontology/Place>	<http://ja.dbpedia.org/property/subdivisionName>	"subdivision name"@ja	<http://ja.wikipedia.org/wiki/上星川>	<http://wikidata.dbpedia.org/resource/Q11359094>
<http://ja.dbpedia.org/resource/上星川>	"上星川"@ja	<http://dbpedia.org/ontology/Settlement>	<http://ja.dbpedia.org/property/subdivisionName>	"subdivision name"@ja	<http://ja.wikipedia.org/wiki/上星川>	<http://wikidata.dbpedia.org/resource/Q11359094>
<http://ja.dbpedia.org/resource/上星川>	"上星川"@ja	<http://dbpedia.org/ontology/Location>	<http://ja.dbpedia.org/property/subdivisionName>	"subdivision name"@ja	<http://ja.wikipedia.org/wiki/上星川>	<http://wikidata.dbpedia.org/resource/Q11359094>
<http://ja.dbpedia.org/resource/上星川>	"上星川"@ja	<http://dbpedia.org/ontology/PopulatedPlace>	<http://ja.dbpedia.org/property/subdivisionName>	"subdivision name"@ja	<http://ja.wikipedia.org/wiki/上星川>	<http://wikidata.dbpedia.org/resource/Q11359094>
<http://ja.dbpedia.org/resource/上菅田町>	"上菅田町"@ja	<http://dbpedia.org/ontology/Place>	<http://ja.dbpedia.org/property/subdivisionName>	"subdivision name"@ja	<http://ja.wikipedia.org/wiki/上菅田町>	<http://wikidata.dbpedia.org/resource/Q11360079>
<http://ja.dbpedia.org/resource/上菅田町>	"上菅田町"@ja	<http://dbpedia.org/ontology/Settlement>	<http://ja.dbpedia.org/property/subdivisionName>	"subdivision name"@ja	<http://ja.wikipedia.org/wiki/上菅田町>	<http://wikidata.dbpedia.org/resource/Q11360079>
<http://ja.dbpedia.org/resource/上菅田町>	"上菅田町"@ja	<http://dbpedia.org/ontology/Location>	<http://ja.dbpedia.org/property/subdivisionName>	"subdivision name"@ja	<http://ja.wikipedia.org/wiki/上菅田町>	<http://wikidata.dbpedia.org/resource/Q11360079>
<http://ja.dbpedia.org/resource/上菅田町>	"上菅田町"@ja	<http://dbpedia.org/ontology/PopulatedPlace>	<http://ja.dbpedia.org/property/subdivisionName>	"subdivision name"@ja	<http://ja.wikipedia.org/wiki/上菅田町>	<http://wikidata.dbpedia.org/resource/Q11360079>
<http://ja.dbpedia.org/resource/今井町_(横浜市)>	"今井町 (横浜市)"@ja	<http://dbpedia.org/ontology/Place>	<http://ja.dbpedia.org/property/subdivisionName>	"subdivision name"@ja	<http://ja.wikipedia.org/wiki/今井町_(横浜市)>	<http://wikidata.dbpedia.org/resource/Q97187707>
<http://ja.dbpedia.org/resource/今井町_(横浜市)>	"今井町 (横浜市)"@ja	<http://dbpedia.org/ontology/Settlement>	<http://ja.dbpedia.org/property/subdivisionName>	"subdivision name"@ja	<http://ja.wikipedia.org/wiki/今井町_(横浜市)>	<http://wikidata.dbpedia.org/resource/Q97187707>
<http://ja.dbpedia.org/resource/今井町_(横浜市)>	"今井町 (横浜市)"@ja	<http://dbpedia.org/ontology/Location>	<http://ja.dbpedia.org/property/subdivisionName>	"subdivision name"@ja	<http://ja.wikipedia.org/wiki/今井町_(横浜市)>	<http://wikidata.dbpedia.org/resource/Q97187707>
<http://ja.dbpedia.org/resource/今井町_(横浜市)>	"今井町 (横浜市)"@ja	<http://dbpedia.org/ontology/PopulatedPlace>	<http://ja.dbpedia.org/property/subdivisionName>	"subdivision name"@ja	<http://ja.wikipedia.org/wiki/今井町_(横浜市)>	<http://wikidata.dbpedia.org/resource/Q97187707>
<http://ja.dbpedia.org/resource/仏向町>	"仏向町"@ja	<http://dbpedia.org/ontology/Location>	<http://ja.dbpedia.org/property/subdivisionName>	"subdivision name"@ja	<http://ja.wikipedia.org/wiki/仏向町>	<http://wikidata.dbpedia.org/resource/Q11377506>
<http://ja.dbpedia.org/resource/仏向町>	"仏向町"@ja	<http://dbpedia.org/ontology/PopulatedPlace>	<http://ja.dbpedia.org/property/subdivisionName>	"subdivision name"@ja	<http://ja.wikipedia.org/wiki/仏向町>	<http://wikidata.dbpedia.org/resource/Q11377506>
<http://ja.dbpedia.org/resource/仏向町>	"仏向町"@ja	<http://dbpedia.org/ontology/Settlement>	<http://ja.dbpedia.org/property/subdivisionName>	"subdivision name"@ja	<http://ja.wikipedia.org/wiki/仏向町>	<http://wikidata.dbpedia.org/resource/Q11377506>
<http://ja.dbpedia.org/resource/仏向町>	"仏向町"@ja	<http://dbpedia.org/ontology/Place>	<http://ja.dbpedia.org/property/subdivisionName>	"subdivision name"@ja	<http://ja.wikipedia.org/wiki/仏向町>	<http://wikidata.dbpedia.org/resource/Q11377506>
<http://ja.dbpedia.org/resource/仏向西>	"仏向西"@ja	<http://dbpedia.org/ontology/Location>	<http://ja.dbpedia.org/property/subdivisionName>	"subdivision name"@ja	<http://ja.wikipedia.org/wiki/仏向西>	<http://wikidata.dbpedia.org/resource/Q85876134>
<http://ja.dbpedia.org/resource/仏向西>	"仏向西"@ja	<http://dbpedia.org/ontology/PopulatedPlace>	<http://ja.dbpedia.org/property/subdivisionName>	"subdivision name"@ja	<http://ja.wikipedia.org/wiki/仏向西>	<http://wikidata.dbpedia.org/resource/Q85876134>
<http://ja.dbpedia.org/resource/仏向西>	"仏向西"@ja	<http://dbpedia.org/ontology/Settlement>	<http://ja.dbpedia.org/property/subdivisionName>	"subdivision name"@ja	<http://ja.wikipedia.org/wiki/仏向西>	<http://wikidata.dbpedia.org/resource/Q85876134>
<http://ja.dbpedia.org/resource/仏向西>	"仏向西"@ja	<http://dbpedia.org/ontology/Place>	<http://ja.dbpedia.org/property/subdivisionName>	"subdivision name"@ja	<http://ja.wikipedia.org/wiki/仏向西>	<http://wikidata.dbpedia.org/resource/Q85876134>
<http://ja.dbpedia.org/resource/保土ケ谷町_(横浜市)>	"保土ケ谷町 (横浜市)"@ja	<http://dbpedia.org/ontology/Place>	<http://ja.dbpedia.org/property/subdivisionName>	"subdivision name"@ja	<http://ja.wikipedia.org/wiki/保土ケ谷町_(横浜市)>	<http://wikidata.dbpedia.org/resource/Q55523352>
<http://ja.dbpedia.org/resource/保土ケ谷町_(横浜市)>	"保土ケ谷町 (横浜市)"@ja	<http://dbpedia.org/ontology/Settlement>	<http://ja.dbpedia.org/property/subdivisionName>	"subdivision name"@ja	<http://ja.wikipedia.org/wiki/保土ケ谷町_(横浜市)>	<http://wikidata.dbpedia.org/resource/Q55523352>
<http://ja.dbpedia.org/resource/保土ケ谷町_(横浜市)>	"保土ケ谷町 (横浜市)"@ja	<http://dbpedia.org/ontology/Location>	<http://ja.dbpedia.org/property/subdivisionName>	"subdivision name"@ja	<http://ja.wikipedia.org/wiki/保土ケ谷町_(横浜市)>	<http://wikidata.dbpedia.org/resource/Q55523352>
<http://ja.dbpedia.org/resource/保土ケ谷町_(横浜市)>	"保土ケ谷町 (横浜市)"@ja	<http://dbpedia.org/ontology/PopulatedPlace>	<http://ja.dbpedia.org/property/subdivisionName>	"subdivision name"@ja	<http://ja.wikipedia.org/wiki/保土ケ谷町_(横浜市)>	<http://wikidata.dbpedia.org/resource/Q55523352>
<http://ja.dbpedia.org/resource/初音ケ丘>	"初音ケ丘"@ja	<http://dbpedia.org/ontology/Location>	<http://ja.dbpedia.org/property/subdivisionName>	"subdivision name"@ja	<http://ja.wikipedia.org/wiki/初音ケ丘>	<http://wikidata.dbpedia.org/resource/Q85470493>
<http://ja.dbpedia.org/resource/初音ケ丘>	"初音ケ丘"@ja	<http://dbpedia.org/ontology/PopulatedPlace>	<http://ja.dbpedia.org/property/subdivisionName>	"subdivision name"@ja	<http://ja.wikipedia.org/wiki/初音ケ丘>	<http://wikidata.dbpedia.org/resource/Q85470493>
<http://ja.dbpedia.org/resource/初音ケ丘>	"初音ケ丘"@ja	<http://dbpedia.org/ontology/Settlement>	<http://ja.dbpedia.org/property/subdivisionName>	"subdivision name"@ja	<http://ja.wikipedia.org/wiki/初音ケ丘>	<http://wikidata.dbpedia.org/resource/Q85470493>
<http://ja.dbpedia.org/resource/初音ケ丘>	"初音ケ丘"@ja	<http://dbpedia.org/ontology/Place>	<http://ja.dbpedia.org/property/subdivisionName>	"subdivision name"@ja	<http://ja.wikipedia.org/wiki/初音ケ丘>	<http://wikidata.dbpedia.org/resource/Q85470493>
<http://ja.dbpedia.org/resource/和田_(横浜市)>	"和田 (横浜市)"@ja	<http://dbpedia.org/ontology/Location>	<http://ja.dbpedia.org/property/subdivisionName>	"subdivision name"@ja	<http://ja.wikipedia.org/wiki/和田_(横浜市)>	<http://wikidata.dbpedia.org/resource/Q17216949>
<http://ja.dbpedia.org/resource/和田_(横浜市)>	"和田 (横浜市)"@ja	<http://dbpedia.org/ontology/PopulatedPlace>	<http://ja.dbpedia.org/property/subdivisionName>	"subdivision name"@ja	<http://ja.wikipedia.org/wiki/和田_(横浜市)>	<http://wikidata.dbpedia.org/resource/Q17216949>
<http://ja.dbpedia.org/resource/和田_(横浜市)>	"和田 (横浜市)"@ja	<http://dbpedia.org/ontology/Settlement>	<http://ja.dbpedia.org/property/subdivisionName>	"subdivision name"@ja	<http://ja.wikipedia.org/wiki/和田_(横浜市)>	<http://wikidata.dbpedia.org/resource/Q17216949>
<http://ja.dbpedia.org/resource/和田_(横浜市)>	"和田 (横浜市)"@ja	<http://dbpedia.org/ontology/Place>	<http://ja.dbpedia.org/property/subdivisionName>	"subdivision name"@ja	<http://ja.wikipedia.org/wiki/和田_(横浜市)>	<http://wikidata.dbpedia.org/resource/Q17216949>
<http://ja.dbpedia.org/resource/坂本町_(横浜市)>	"坂本町 (横浜市)"@ja	<http://dbpedia.org/ontology/Location>	<http://ja.dbpedia.org/property/subdivisionName>	"subdivision name"@ja	<http://ja.wikipedia.org/wiki/坂本町_(横浜市)>	<http://wikidata.dbpedia.org/resource/Q97188018>
<http://ja.dbpedia.org/resource/坂本町_(横浜市)>	"坂本町 (横浜市)"@ja	<http://dbpedia.org/ontology/PopulatedPlace>	<http://ja.dbpedia.org/property/subdivisionName>	"subdivision name"@ja	<http://ja.wikipedia.org/wiki/坂本町_(横浜市)>	<http://wikidata.dbpedia.org/resource/Q97188018>
<http://ja.dbpedia.org/resource/坂本町_(横浜市)>	"坂本町 (横浜市)"@ja	<http://dbpedia.org/ontology/Settlement>	<http://ja.dbpedia.org/property/subdivisionName>	"subdivision name"@ja	<http://ja.wikipedia.org/wiki/坂本町_(横浜市)>	<http://wikidata.dbpedia.org/resource/Q97188018>
<http://ja.dbpedia.org/resource/坂本町_(横浜市)>	"坂本町 (横浜市)"@ja	<http://dbpedia.org/ontology/Place>	<http://ja.dbpedia.org/property/subdivisionName>	"subdivision name"@ja	<http://ja.wikipedia.org/wiki/坂本町_(横浜市)>	<http://wikidata.dbpedia.org/resource/Q97188018>
<http://ja.dbpedia.org/resource/境木本町>	"境木本町"@ja	<http://dbpedia.org/ontology/PopulatedPlace>	<http://ja.dbpedia.org/property/subdivisionName>	"subdivision name"@ja	<http://ja.wikipedia.org/wiki/境木本町>	<http://wikidata.dbpedia.org/resource/Q85878473>
<http://ja.dbpedia.org/resource/境木本町>	"境木本町"@ja	<http://dbpedia.org/ontology/Location>	<http://ja.dbpedia.org/property/subdivisionName>	"subdivision name"@ja	<http://ja.wikipedia.org/wiki/境木本町>	<http://wikidata.dbpedia.org/resource/Q85878473>
<http://ja.dbpedia.org/resource/境木本町>	"境木本町"@ja	<http://dbpedia.org/ontology/Place>	<http://ja.dbpedia.org/property/subdivisionName>	"subdivision name"@ja	<http://ja.wikipedia.org/wiki/境木本町>	<http://wikidata.dbpedia.org/resource/Q85878473>
<http://ja.dbpedia.org/resource/境木本町>	"境木本町"@ja	<http://dbpedia.org/ontology/Settlement>	<http://ja.dbpedia.org/property/subdivisionName>	"subdivision name"@ja	<http://ja.wikipedia.org/wiki/境木本町>	<http://wikidata.dbpedia.org/resource/Q85878473>
<http://ja.dbpedia.org/resource/境木町>	"境木町"@ja	<http://dbpedia.org/ontology/Place>	<http://ja.dbpedia.org/property/subdivisionName>	"subdivision name"@ja	<http://ja.wikipedia.org/wiki/境木町>	<http://wikidata.dbpedia.org/resource/Q85878477>
<http://ja.dbpedia.org/resource/境木町>	"境木町"@ja	<http://dbpedia.org/ontology/Settlement>	<http://ja.dbpedia.org/property/subdivisionName>	"subdivision name"@ja	<http://ja.wikipedia.org/wiki/境木町>	<http://wikidata.dbpedia.org/resource/Q85878477>
<http://ja.dbpedia.org/resource/境木町>	"境木町"@ja	<http://dbpedia.org/ontology/Location>	<http://ja.dbpedia.org/property/subdivisionName>	"subdivision name"@ja	<http://ja.wikipedia.org/wiki/境木町>	<http://wikidata.dbpedia.org/resource/Q85878477>
<http://ja.dbpedia.org/resource/境木町>	"境木町"@ja	<http://dbpedia.org/ontology/PopulatedPlace>	<http://ja.dbpedia.org/property/subdivisionName>	"subdivision name"@ja	<http://ja.wikipedia.org/wiki/境木町>	<http://wikidata.dbpedia.org/resource/Q85878477>
<http://ja.dbpedia.org/resource/天王町_(横浜市)>	"天王町 (横浜市)"@ja	<http://dbpedia.org/ontology/Location>	<http://ja.dbpedia.org/property/subdivisionName>	"subdivision name"@ja	<http://ja.wikipedia.org/wiki/天王町_(横浜市)>	<http://wikidata.dbpedia.org/resource/Q48765425>
<http://ja.dbpedia.org/resource/天王町_(横浜市)>	"天王町 (横浜市)"@ja	<http://dbpedia.org/ontology/PopulatedPlace>	<http://ja.dbpedia.org/property/subdivisionName>	"subdivision name"@ja	<http://ja.wikipedia.org/wiki/天王町_(横浜市)>	<http://wikidata.dbpedia.org/resource/Q48765425>
<http://ja.dbpedia.org/resource/天王町_(横浜市)>	"天王町 (横浜市)"@ja	<http://dbpedia.org/ontology/Settlement>	<http://ja.dbpedia.org/property/subdivisionName>	"subdivision name"@ja	<http://ja.wikipedia.org/wiki/天王町_(横浜市)>	<http://wikidata.dbpedia.org/resource/Q48765425>
<http://ja.dbpedia.org/resource/天王町_(横浜市)>	"天王町 (横浜市)"@ja	<http://dbpedia.org/ontology/Place>	<http://ja.dbpedia.org/property/subdivisionName>	"subdivision name"@ja	<http://ja.wikipedia.org/wiki/天王町_(横浜市)>	<http://wikidata.dbpedia.org/resource/Q48765425>
<http://ja.dbpedia.org/resource/宮田町_(横浜市)>	"宮田町 (横浜市)"@ja	<http://dbpedia.org/ontology/Location>	<http://ja.dbpedia.org/property/subdivisionName>	"subdivision name"@ja	<http://ja.wikipedia.org/wiki/宮田町_(横浜市)>	<http://wikidata.dbpedia.org/resource/Q55523315>
<http://ja.dbpedia.org/resource/宮田町_(横浜市)>	"宮田町 (横浜市)"@ja	<http://dbpedia.org/ontology/PopulatedPlace>	<http://ja.dbpedia.org/property/subdivisionName>	"subdivision name"@ja	<http://ja.wikipedia.org/wiki/宮田町_(横浜市)>	<http://wikidata.dbpedia.org/resource/Q55523315>
<http://ja.dbpedia.org/resource/宮田町_(横浜市)>	"宮田町 (横浜市)"@ja	<http://dbpedia.org/ontology/Settlement>	<http://ja.dbpedia.org/property/subdivisionName>	"subdivision name"@ja	<http://ja.wikipedia.org/wiki/宮田町_(横浜市)>	<http://wikidata.dbpedia.org/resource/Q55523315>
<http://ja.dbpedia.org/resource/宮田町_(横浜市)>	"宮田町 (横浜市)"@ja	<http://dbpedia.org/ontology/Place>	<http://ja.dbpedia.org/property/subdivisionName>	"subdivision name"@ja	<http://ja.wikipedia.org/wiki/宮田町_(横浜市)>	<http://wikidata.dbpedia.org/resource/Q55523315>
<http://ja.dbpedia.org/resource/岡沢町>	"岡沢町"@ja	<http://dbpedia.org/ontology/Location>	<http://ja.dbpedia.org/property/subdivisionName>	"subdivision name"@ja	<http://ja.wikipedia.org/wiki/岡沢町>	<http://wikidata.dbpedia.org/resource/Q85879910>
<http://ja.dbpedia.org/resource/岡沢町>	"岡沢町"@ja	<http://dbpedia.org/ontology/PopulatedPlace>	<http://ja.dbpedia.org/property/subdivisionName>	"subdivision name"@ja	<http://ja.wikipedia.org/wiki/岡沢町>	<http://wikidata.dbpedia.org/resource/Q85879910>
<http://ja.dbpedia.org/resource/岡沢町>	"岡沢町"@ja	<http://dbpedia.org/ontology/Settlement>	<http://ja.dbpedia.org/property/subdivisionName>	"subdivision name"@ja	<http://ja.wikipedia.org/wiki/岡沢町>	<http://wikidata.dbpedia.org/resource/Q85879910>
<http://ja.dbpedia.org/resource/岡沢町>	"岡沢町"@ja	<http://dbpedia.org/ontology/Place>	<http://ja.dbpedia.org/property/subdivisionName>	"subdivision name"@ja	<http://ja.wikipedia.org/wiki/岡沢町>	<http://wikidata.dbpedia.org/resource/Q85879910>
<http://ja.dbpedia.org/resource/岩井町_(横浜市)>	"岩井町 (横浜市)"@ja	<http://dbpedia.org/ontology/PopulatedPlace>	<http://ja.dbpedia.org/property/subdivisionName>	"subdivision name"@ja	<http://ja.wikipedia.org/wiki/岩井町_(横浜市)>	<http://wikidata.dbpedia.org/resource/Q48765432>
<http://ja.dbpedia.org/resource/岩井町_(横浜市)>	"岩井町 (横浜市)"@ja	<http://dbpedia.org/ontology/Location>	<http://ja.dbpedia.org/property/subdivisionName>	"subdivision name"@ja	<http://ja.wikipedia.org/wiki/岩井町_(横浜市)>	<http://wikidata.dbpedia.org/resource/Q48765432>
<http://ja.dbpedia.org/resource/岩井町_(横浜市)>	"岩井町 (横浜市)"@ja	<http://dbpedia.org/ontology/Settlement>	<http://ja.dbpedia.org/property/subdivisionName>	"subdivision name"@ja	<http://ja.wikipedia.org/wiki/岩井町_(横浜市)>	<http://wikidata.dbpedia.org/resource/Q48765432>
<http://ja.dbpedia.org/resource/岩井町_(横浜市)>	"岩井町 (横浜市)"@ja	<http://dbpedia.org/ontology/Place>	<http://ja.dbpedia.org/property/subdivisionName>	"subdivision name"@ja	<http://ja.wikipedia.org/wiki/岩井町_(横浜市)>	<http://wikidata.dbpedia.org/resource/Q48765432>
<http://ja.dbpedia.org/resource/岩崎町_(横浜市)>	"岩崎町 (横浜市)"@ja	<http://dbpedia.org/ontology/PopulatedPlace>	<http://ja.dbpedia.org/property/subdivisionName>	"subdivision name"@ja	<http://ja.wikipedia.org/wiki/岩崎町_(横浜市)>	<http://wikidata.dbpedia.org/resource/Q97188265>
<http://ja.dbpedia.org/resource/岩崎町_(横浜市)>	"岩崎町 (横浜市)"@ja	<http://dbpedia.org/ontology/Location>	<http://ja.dbpedia.org/property/subdivisionName>	"subdivision name"@ja	<http://ja.wikipedia.org/wiki/岩崎町_(横浜市)>	<http://wikidata.dbpedia.org/resource/Q97188265>
<http://ja.dbpedia.org/resource/岩崎町_(横浜市)>	"岩崎町 (横浜市)"@ja	<http://dbpedia.org/ontology/Place>	<http://ja.dbpedia.org/property/subdivisionName>	"subdivision name"@ja	<http://ja.wikipedia.org/wiki/岩崎町_(横浜市)>	<http://wikidata.dbpedia.org/resource/Q97188265>
<http://ja.dbpedia.org/resource/岩崎町_(横浜市)>	"岩崎町 (横浜市)"@ja	<http://dbpedia.org/ontology/Settlement>	<http://ja.dbpedia.org/property/subdivisionName>	"subdivision name"@ja	<http://ja.wikipedia.org/wiki/岩崎町_(横浜市)>	<http://wikidata.dbpedia.org/resource/Q97188265>
<http://ja.dbpedia.org/resource/岩間町_(横浜市)>	"岩間町 (横浜市)"@ja	<http://dbpedia.org/ontology/Location>	<http://ja.dbpedia.org/property/subdivisionName>	"subdivision name"@ja	<http://ja.wikipedia.org/wiki/岩間町_(横浜市)>	<http://wikidata.dbpedia.org/resource/Q97188281>
<http://ja.dbpedia.org/resource/岩間町_(横浜市)>	"岩間町 (横浜市)"@ja	<http://dbpedia.org/ontology/PopulatedPlace>	<http://ja.dbpedia.org/property/subdivisionName>	"subdivision name"@ja	<http://ja.wikipedia.org/wiki/岩間町_(横浜市)>	<http://wikidata.dbpedia.org/resource/Q97188281>
<http://ja.dbpedia.org/resource/岩間町_(横浜市)>	"岩間町 (横浜市)"@ja	<http://dbpedia.org/ontology/Settlement>	<http://ja.dbpedia.org/property/subdivisionName>	"subdivision name"@ja	<http://ja.wikipedia.org/wiki/岩間町_(横浜市)>	<http://wikidata.dbpedia.org/resource/Q97188281>
<http://ja.dbpedia.org/resource/岩間町_(横浜市)>	"岩間町 (横浜市)"@ja	<http://dbpedia.org/ontology/Place>	<http://ja.dbpedia.org/property/subdivisionName>	"subdivision name"@ja	<http://ja.wikipedia.org/wiki/岩間町_(横浜市)>	<http://wikidata.dbpedia.org/resource/Q97188281>
<http://ja.dbpedia.org/resource/峰岡町>	"峰岡町"@ja	<http://dbpedia.org/ontology/PopulatedPlace>	<http://ja.dbpedia.org/property/subdivisionName>	"subdivision name"@ja	<http://ja.wikipedia.org/wiki/峰岡町>	<http://wikidata.dbpedia.org/resource/Q85879949>
<http://ja.dbpedia.org/resource/峰岡町>	"峰岡町"@ja	<http://dbpedia.org/ontology/Location>	<http://ja.dbpedia.org/property/subdivisionName>	"subdivision name"@ja	<http://ja.wikipedia.org/wiki/峰岡町>	<http://wikidata.dbpedia.org/resource/Q85879949>
<http://ja.dbpedia.org/resource/峰岡町>	"峰岡町"@ja	<http://dbpedia.org/ontology/Settlement>	<http://ja.dbpedia.org/property/subdivisionName>	"subdivision name"@ja	<http://ja.wikipedia.org/wiki/峰岡町>	<http://wikidata.dbpedia.org/resource/Q85879949>
<http://ja.dbpedia.org/resource/峰岡町>	"峰岡町"@ja	<http://dbpedia.org/ontology/Place>	<http://ja.dbpedia.org/property/subdivisionName>	"subdivision name"@ja	<http://ja.wikipedia.org/wiki/峰岡町>	<http://wikidata.dbpedia.org/resource/Q85879949>
<http://ja.dbpedia.org/resource/峰沢町>	"峰沢町"@ja	<http://dbpedia.org/ontology/PopulatedPlace>	<http://ja.dbpedia.org/property/subdivisionName>	"subdivision name"@ja	<http://ja.wikipedia.org/wiki/峰沢町>	<http://wikidata.dbpedia.org/resource/Q85879951>
<http://ja.dbpedia.org/resource/峰沢町>	"峰沢町"@ja	<http://dbpedia.org/ontology/Location>	<http://ja.dbpedia.org/property/subdivisionName>	"subdivision name"@ja	<http://ja.wikipedia.org/wiki/峰沢町>	<http://wikidata.dbpedia.org/resource/Q85879951>
<http://ja.dbpedia.org/resource/峰沢町>	"峰沢町"@ja	<http://dbpedia.org/ontology/Settlement>	<http://ja.dbpedia.org/property/subdivisionName>	"subdivision name"@ja	<http://ja.wikipedia.org/wiki/峰沢町>	<http://wikidata.dbpedia.org/resource/Q85879951>
<http://ja.dbpedia.org/resource/峰沢町>	"峰沢町"@ja	<http://dbpedia.org/ontology/Place>	<http://ja.dbpedia.org/property/subdivisionName>	"subdivision name"@ja	<http://ja.wikipedia.org/wiki/峰沢町>	<http://wikidata.dbpedia.org/resource/Q85879951>
<http://ja.dbpedia.org/resource/川島町_(横浜市保土ケ谷区)>	"川島町 (横浜市保土ケ谷区)"@ja	<http://dbpedia.org/ontology/PopulatedPlace>	<http://ja.dbpedia.org/property/subdivisionName>	"subdivision name"@ja	<http://ja.wikipedia.org/wiki/川島町_(横浜市保土ケ谷区)>	<http://wikidata.dbpedia.org/resource/Q97188325>
<http://ja.dbpedia.org/resource/川島町_(横浜市保土ケ谷区)>	"川島町 (横浜市保土ケ谷区)"@ja	<http://dbpedia.org/ontology/Location>	<http://ja.dbpedia.org/property/subdivisionName>	"subdivision name"@ja	<http://ja.wikipedia.org/wiki/川島町_(横浜市保土ケ谷区)>	<http://wikidata.dbpedia.org/resource/Q97188325>
<http://ja.dbpedia.org/resource/川島町_(横浜市保土ケ谷区)>	"川島町 (横浜市保土ケ谷区)"@ja	<http://dbpedia.org/ontology/Place>	<http://ja.dbpedia.org/property/subdivisionName>	"subdivision name"@ja	<http://ja.wikipedia.org/wiki/川島町_(横浜市保土ケ谷区)>	<http://wikidata.dbpedia.org/resource/Q97188325>
<http://ja.dbpedia.org/resource/川島町_(横浜市保土ケ谷区)>	"川島町 (横浜市保土ケ谷区)"@ja	<http://dbpedia.org/ontology/Settlement>	<http://ja.dbpedia.org/property/subdivisionName>	"subdivision name"@ja	<http://ja.wikipedia.org/wiki/川島町_(横浜市保土ケ谷区)>	<http://wikidata.dbpedia.org/resource/Q97188325>
<http://ja.dbpedia.org/resource/川辺町_(横浜市)>	"川辺町 (横浜市)"@ja	<http://dbpedia.org/ontology/Location>	<http://ja.dbpedia.org/property/subdivisionName>	"subdivision name"@ja	<http://ja.wikipedia.org/wiki/川辺町_(横浜市)>	<http://wikidata.dbpedia.org/resource/Q48765419>
<http://ja.dbpedia.org/resource/川辺町_(横浜市)>	"川辺町 (横浜市)"@ja	<http://dbpedia.org/ontology/PopulatedPlace>	<http://ja.dbpedia.org/property/subdivisionName>	"subdivision name"@ja	<http://ja.wikipedia.org/wiki/川辺町_(横浜市)>	<http://wikidata.dbpedia.org/resource/Q48765419>
<http://ja.dbpedia.org/resource/川辺町_(横浜市)>	"川辺町 (横浜市)"@ja	<http://dbpedia.org/ontology/Settlement>	<http://ja.dbpedia.org/property/subdivisionName>	"subdivision name"@ja	<http://ja.wikipedia.org/wiki/川辺町_(横浜市)>	<http://wikidata.dbpedia.org/resource/Q48765419>
<http://ja.dbpedia.org/resource/川辺町_(横浜市)>	"川辺町 (横浜市)"@ja	<http://dbpedia.org/ontology/Place>	<http://ja.dbpedia.org/property/subdivisionName>	"subdivision name"@ja	<http://ja.wikipedia.org/wiki/川辺町_(横浜市)>	<http://wikidata.dbpedia.org/resource/Q48765419>
<http://ja.dbpedia.org/resource/帷子町>	"帷子町"@ja	<http://dbpedia.org/ontology/Place>	<http://ja.dbpedia.org/property/subdivisionName>	"subdivision name"@ja	<http://ja.wikipedia.org/wiki/帷子町>	<http://wikidata.dbpedia.org/resource/Q48765435>
<http://ja.dbpedia.org/resource/帷子町>	"帷子町"@ja	<http://dbpedia.org/ontology/Settlement>	<http://ja.dbpedia.org/property/subdivisionName>	"subdivision name"@ja	<http://ja.wikipedia.org/wiki/帷子町>	<http://wikidata.dbpedia.org/resource/Q48765435>
<http://ja.dbpedia.org/resource/帷子町>	"帷子町"@ja	<http://dbpedia.org/ontology/Location>	<http://ja.dbpedia.org/property/subdivisionName>	"subdivision name"@ja	<http://ja.wikipedia.org/wiki/帷子町>	<http://wikidata.dbpedia.org/resource/Q48765435>
<http://ja.dbpedia.org/resource/帷子町>	"帷子町"@ja	<http://dbpedia.org/ontology/PopulatedPlace>	<http://ja.dbpedia.org/property/subdivisionName>	"subdivision name"@ja	<http://ja.wikipedia.org/wiki/帷子町>	<http://wikidata.dbpedia.org/resource/Q48765435>
<http://ja.dbpedia.org/resource/常盤台_(横浜市)>	"常盤台 (横浜市)"@ja	<http://dbpedia.org/ontology/Location>	<http://ja.dbpedia.org/property/subdivisionName>	"subdivision name"@ja	<http://ja.wikipedia.org/wiki/常盤台_(横浜市)>	<http://wikidata.dbpedia.org/resource/Q85880082>
<http://ja.dbpedia.org/resource/常盤台_(横浜市)>	"常盤台 (横浜市)"@ja	<http://dbpedia.org/ontology/PopulatedPlace>	<http://ja.dbpedia.org/property/subdivisionName>	"subdivision name"@ja	<http://ja.wikipedia.org/wiki/常盤台_(横浜市)>	<http://wikidata.dbpedia.org/resource/Q85880082>
<http://ja.dbpedia.org/resource/常盤台_(横浜市)>	"常盤台 (横浜市)"@ja	<http://dbpedia.org/ontology/Settlement>	<http://ja.dbpedia.org/property/subdivisionName>	"subdivision name"@ja	<http://ja.wikipedia.org/wiki/常盤台_(横浜市)>	<http://wikidata.dbpedia.org/resource/Q85880082>
<http://ja.dbpedia.org/resource/常盤台_(横浜市)>	"常盤台 (横浜市)"@ja	<http://dbpedia.org/ontology/Place>	<http://ja.dbpedia.org/property/subdivisionName>	"subdivision name"@ja	<http://ja.wikipedia.org/wiki/常盤台_(横浜市)>	<http://wikidata.dbpedia.org/resource/Q85880082>
<http://ja.dbpedia.org/resource/新井町_(横浜市)>	"新井町 (横浜市)"@ja	<http://dbpedia.org/ontology/Location>	<http://ja.dbpedia.org/property/subdivisionName>	"subdivision name"@ja	<http://ja.wikipedia.org/wiki/新井町_(横浜市)>	<http://wikidata.dbpedia.org/resource/Q97188479>
<http://ja.dbpedia.org/resource/新井町_(横浜市)>	"新井町 (横浜市)"@ja	<http://dbpedia.org/ontology/PopulatedPlace>	<http://ja.dbpedia.org/property/subdivisionName>	"subdivision name"@ja	<http://ja.wikipedia.org/wiki/新井町_(横浜市)>	<http://wikidata.dbpedia.org/resource/Q97188479>
<http://ja.dbpedia.org/resource/新井町_(横浜市)>	"新井町 (横浜市)"@ja	<http://dbpedia.org/ontology/Settlement>	<http://ja.dbpedia.org/property/subdivisionName>	"subdivision name"@ja	<http://ja.wikipedia.org/wiki/新井町_(横浜市)>	<http://wikidata.dbpedia.org/resource/Q97188479>
<http://ja.dbpedia.org/resource/新井町_(横浜市)>	"新井町 (横浜市)"@ja	<http://dbpedia.org/ontology/Place>	<http://ja.dbpedia.org/property/subdivisionName>	"subdivision name"@ja	<http://ja.wikipedia.org/wiki/新井町_(横浜市)>	<http://wikidata.dbpedia.org/resource/Q97188479>
<http://ja.dbpedia.org/resource/新桜ケ丘>	"新桜ケ丘"@ja	<http://dbpedia.org/ontology/Location>	<http://ja.dbpedia.org/property/subdivisionName>	"subdivision name"@ja	<http://ja.wikipedia.org/wiki/新桜ケ丘>	<http://wikidata.dbpedia.org/resource/Q85880592>
<http://ja.dbpedia.org/resource/新桜ケ丘>	"新桜ケ丘"@ja	<http://dbpedia.org/ontology/PopulatedPlace>	<http://ja.dbpedia.org/property/subdivisionName>	"subdivision name"@ja	<http://ja.wikipedia.org/wiki/新桜ケ丘>	<http://wikidata.dbpedia.org/resource/Q85880592>
<http://ja.dbpedia.org/resource/新桜ケ丘>	"新桜ケ丘"@ja	<http://dbpedia.org/ontology/Settlement>	<http://ja.dbpedia.org/property/subdivisionName>	"subdivision name"@ja	<http://ja.wikipedia.org/wiki/新桜ケ丘>	<http://wikidata.dbpedia.org/resource/Q85880592>
<http://ja.dbpedia.org/resource/新桜ケ丘>	"新桜ケ丘"@ja	<http://dbpedia.org/ontology/Place>	<http://ja.dbpedia.org/property/subdivisionName>	"subdivision name"@ja	<http://ja.wikipedia.org/wiki/新桜ケ丘>	<http://wikidata.dbpedia.org/resource/Q85880592>
<http://ja.dbpedia.org/resource/明神台>	"明神台"@ja	<http://dbpedia.org/ontology/PopulatedPlace>	<http://ja.dbpedia.org/property/subdivisionName>	"subdivision name"@ja	<http://ja.wikipedia.org/wiki/明神台>	<http://wikidata.dbpedia.org/resource/Q85880864>
<http://ja.dbpedia.org/resource/明神台>	"明神台"@ja	<http://dbpedia.org/ontology/Location>	<http://ja.dbpedia.org/property/subdivisionName>	"subdivision name"@ja	<http://ja.wikipedia.org/wiki/明神台>	<http://wikidata.dbpedia.org/resource/Q85880864>
<http://ja.dbpedia.org/resource/明神台>	"明神台"@ja	<http://dbpedia.org/ontology/Settlement>	<http://ja.dbpedia.org/property/subdivisionName>	"subdivision name"@ja	<http://ja.wikipedia.org/wiki/明神台>	<http://wikidata.dbpedia.org/resource/Q85880864>
<http://ja.dbpedia.org/resource/明神台>	"明神台"@ja	<http://dbpedia.org/ontology/Place>	<http://ja.dbpedia.org/property/subdivisionName>	"subdivision name"@ja	<http://ja.wikipedia.org/wiki/明神台>	<http://wikidata.dbpedia.org/resource/Q85880864>
<http://ja.dbpedia.org/resource/星川_(横浜市)>	"星川 (横浜市)"@ja	<http://dbpedia.org/ontology/PopulatedPlace>	<http://ja.dbpedia.org/property/subdivisionName>	"subdivision name"@ja	<http://ja.wikipedia.org/wiki/星川_(横浜市)>	<http://wikidata.dbpedia.org/resource/Q11512884>
<http://ja.dbpedia.org/resource/星川_(横浜市)>	"星川 (横浜市)"@ja	<http://dbpedia.org/ontology/Location>	<http://ja.dbpedia.org/property/subdivisionName>	"subdivision name"@ja	<http://ja.wikipedia.org/wiki/星川_(横浜市)>	<http://wikidata.dbpedia.org/resource/Q11512884>
<http://ja.dbpedia.org/resource/星川_(横浜市)>	"星川 (横浜市)"@ja	<http://dbpedia.org/ontology/Place>	<http://ja.dbpedia.org/property/subdivisionName>	"subdivision name"@ja	<http://ja.wikipedia.org/wiki/星川_(横浜市)>	<http://wikidata.dbpedia.org/resource/Q11512884>
<http://ja.dbpedia.org/resource/星川_(横浜市)>	"星川 (横浜市)"@ja	<http://dbpedia.org/ontology/Settlement>	<http://ja.dbpedia.org/property/subdivisionName>	"subdivision name"@ja	<http://ja.wikipedia.org/wiki/星川_(横浜市)>	<http://wikidata.dbpedia.org/resource/Q11512884>
<http://ja.dbpedia.org/resource/月見台_(横浜市)>	"月見台 (横浜市)"@ja	<http://dbpedia.org/ontology/Location>	<http://ja.dbpedia.org/property/subdivisionName>	"subdivision name"@ja	<http://ja.wikipedia.org/wiki/月見台_(横浜市)>	<http://wikidata.dbpedia.org/resource/Q85880983>
<http://ja.dbpedia.org/resource/月見台_(横浜市)>	"月見台 (横浜市)"@ja	<http://dbpedia.org/ontology/PopulatedPlace>	<http://ja.dbpedia.org/property/subdivisionName>	"subdivision name"@ja	<http://ja.wikipedia.org/wiki/月見台_(横浜市)>	<http://wikidata.dbpedia.org/resource/Q85880983>
<http://ja.dbpedia.org/resource/月見台_(横浜市)>	"月見台 (横浜市)"@ja	<http://dbpedia.org/ontology/Settlement>	<http://ja.dbpedia.org/property/subdivisionName>	"subdivision name"@ja	<http://ja.wikipedia.org/wiki/月見台_(横浜市)>	<http://wikidata.dbpedia.org/resource/Q85880983>
<http://ja.dbpedia.org/resource/月見台_(横浜市)>	"月見台 (横浜市)"@ja	<http://dbpedia.org/ontology/Place>	<http://ja.dbpedia.org/property/subdivisionName>	"subdivision name"@ja	<http://ja.wikipedia.org/wiki/月見台_(横浜市)>	<http://wikidata.dbpedia.org/resource/Q85880983>
<http://ja.dbpedia.org/resource/東川島町>	"東川島町"@ja	<http://dbpedia.org/ontology/PopulatedPlace>	<http://ja.dbpedia.org/property/subdivisionName>	"subdivision name"@ja	<http://ja.wikipedia.org/wiki/東川島町>	<http://wikidata.dbpedia.org/resource/Q85881246>
<http://ja.dbpedia.org/resource/東川島町>	"東川島町"@ja	<http://dbpedia.org/ontology/Location>	<http://ja.dbpedia.org/property/subdivisionName>	"subdivision name"@ja	<http://ja.wikipedia.org/wiki/東川島町>	<http://wikidata.dbpedia.org/resource/Q85881246>
<http://ja.dbpedia.org/resource/東川島町>	"東川島町"@ja	<http://dbpedia.org/ontology/Settlement>	<http://ja.dbpedia.org/property/subdivisionName>	"subdivision name"@ja	<http://ja.wikipedia.org/wiki/東川島町>	<http://wikidata.dbpedia.org/resource/Q85881246>
<http://ja.dbpedia.org/resource/東川島町>	"東川島町"@ja	<http://dbpedia.org/ontology/Place>	<http://ja.dbpedia.org/property/subdivisionName>	"subdivision name"@ja	<http://ja.wikipedia.org/wiki/東川島町>	<http://wikidata.dbpedia.org/resource/Q85881246>
<http://ja.dbpedia.org/resource/桜ケ丘_(横浜市)>	"桜ケ丘 (横浜市)"@ja	<http://dbpedia.org/ontology/PopulatedPlace>	<http://ja.dbpedia.org/property/subdivisionName>	"subdivision name"@ja	<http://ja.wikipedia.org/wiki/桜ケ丘_(横浜市)>	<http://wikidata.dbpedia.org/resource/Q11537698>
<http://ja.dbpedia.org/resource/桜ケ丘_(横浜市)>	"桜ケ丘 (横浜市)"@ja	<http://dbpedia.org/ontology/Location>	<http://ja.dbpedia.org/property/subdivisionName>	"subdivision name"@ja	<http://ja.wikipedia.org/wiki/桜ケ丘_(横浜市)>	<http://wikidata.dbpedia.org/resource/Q11537698>
<http://ja.dbpedia.org/resource/桜ケ丘_(横浜市)>	"桜ケ丘 (横浜市)"@ja	<http://dbpedia.org/ontology/Settlement>	<http://ja.dbpedia.org/property/subdivisionName>	"subdivision name"@ja	<http://ja.wikipedia.org/wiki/桜ケ丘_(横浜市)>	<http://wikidata.dbpedia.org/resource/Q11537698>
<http://ja.dbpedia.org/resource/桜ケ丘_(横浜市)>	"桜ケ丘 (横浜市)"@ja	<http://dbpedia.org/ontology/Place>	<http://ja.dbpedia.org/property/subdivisionName>	"subdivision name"@ja	<http://ja.wikipedia.org/wiki/桜ケ丘_(横浜市)>	<http://wikidata.dbpedia.org/resource/Q11537698>
<http://ja.dbpedia.org/resource/権太坂>	"権太坂"@ja	<http://dbpedia.org/ontology/PopulatedPlace>	<http://ja.dbpedia.org/property/subdivisionName>	"subdivision name"@ja	<http://ja.wikipedia.org/wiki/権太坂>	<http://wikidata.dbpedia.org/resource/Q11542304>
<http://ja.dbpedia.org/resource/権太坂>	"権太坂"@ja	<http://dbpedia.org/ontology/Location>	<http://ja.dbpedia.org/property/subdivisionName>	"subdivision name"@ja	<http://ja.wikipedia.org/wiki/権太坂>	<http://wikidata.dbpedia.org/resource/Q11542304>
<http://ja.dbpedia.org/resource/権太坂>	"権太坂"@ja	<http://dbpedia.org/ontology/Place>	<http://ja.dbpedia.org/property/subdivisionName>	"subdivision name"@ja	<http://ja.wikipedia.org/wiki/権太坂>	<http://wikidata.dbpedia.org/resource/Q11542304>
<http://ja.dbpedia.org/resource/権太坂>	"権太坂"@ja	<http://dbpedia.org/ontology/Settlement>	<http://ja.dbpedia.org/property/subdivisionName>	"subdivision name"@ja	<http://ja.wikipedia.org/wiki/権太坂>	<http://wikidata.dbpedia.org/resource/Q11542304>
<http://ja.dbpedia.org/resource/法泉>	"法泉"@ja	<http://dbpedia.org/ontology/Location>	<http://ja.dbpedia.org/property/subdivisionName>	"subdivision name"@ja	<http://ja.wikipedia.org/wiki/法泉>	<http://wikidata.dbpedia.org/resource/Q85881902>
<http://ja.dbpedia.org/resource/法泉>	"法泉"@ja	<http://dbpedia.org/ontology/PopulatedPlace>	<http://ja.dbpedia.org/property/subdivisionName>	"subdivision name"@ja	<http://ja.wikipedia.org/wiki/法泉>	<http://wikidata.dbpedia.org/resource/Q85881902>
<http://ja.dbpedia.org/resource/法泉>	"法泉"@ja	<http://dbpedia.org/ontology/Settlement>	<http://ja.dbpedia.org/property/subdivisionName>	"subdivision name"@ja	<http://ja.wikipedia.org/wiki/法泉>	<http://wikidata.dbpedia.org/resource/Q85881902>
<http://ja.dbpedia.org/resource/法泉>	"法泉"@ja	<http://dbpedia.org/ontology/Place>	<http://ja.dbpedia.org/property/subdivisionName>	"subdivision name"@ja	<http://ja.wikipedia.org/wiki/法泉>	<http://wikidata.dbpedia.org/resource/Q85881902>
<http://ja.dbpedia.org/resource/瀬戸ケ谷町>	"瀬戸ケ谷町"@ja	<http://dbpedia.org/ontology/Location>	<http://ja.dbpedia.org/property/subdivisionName>	"subdivision name"@ja	<http://ja.wikipedia.org/wiki/瀬戸ケ谷町>	<http://wikidata.dbpedia.org/resource/Q55524451>
<http://ja.dbpedia.org/resource/瀬戸ケ谷町>	"瀬戸ケ谷町"@ja	<http://dbpedia.org/ontology/PopulatedPlace>	<http://ja.dbpedia.org/property/subdivisionName>	"subdivision name"@ja	<http://ja.wikipedia.org/wiki/瀬戸ケ谷町>	<http://wikidata.dbpedia.org/resource/Q55524451>
<http://ja.dbpedia.org/resource/瀬戸ケ谷町>	"瀬戸ケ谷町"@ja	<http://dbpedia.org/ontology/Settlement>	<http://ja.dbpedia.org/property/subdivisionName>	"subdivision name"@ja	<http://ja.wikipedia.org/wiki/瀬戸ケ谷町>	<http://wikidata.dbpedia.org/resource/Q55524451>
<http://ja.dbpedia.org/resource/瀬戸ケ谷町>	"瀬戸ケ谷町"@ja	<http://dbpedia.org/ontology/Place>	<http://ja.dbpedia.org/property/subdivisionName>	"subdivision name"@ja	<http://ja.wikipedia.org/wiki/瀬戸ケ谷町>	<http://wikidata.dbpedia.org/resource/Q55524451>
<http://ja.dbpedia.org/resource/狩場町>	"狩場町"@ja	<http://dbpedia.org/ontology/PopulatedPlace>	<http://ja.dbpedia.org/property/subdivisionName>	"subdivision name"@ja	<http://ja.wikipedia.org/wiki/狩場町>	<http://wikidata.dbpedia.org/resource/Q11571426>
<http://ja.dbpedia.org/resource/狩場町>	"狩場町"@ja	<http://dbpedia.org/ontology/Location>	<http://ja.dbpedia.org/property/subdivisionName>	"subdivision name"@ja	<http://ja.wikipedia.org/wiki/狩場町>	<http://wikidata.dbpedia.org/resource/Q11571426>
<http://ja.dbpedia.org/resource/狩場町>	"狩場町"@ja	<http://dbpedia.org/ontology/Settlement>	<http://ja.dbpedia.org/property/subdivisionName>	"subdivision name"@ja	<http://ja.wikipedia.org/wiki/狩場町>	<http://wikidata.dbpedia.org/resource/Q11571426>
<http://ja.dbpedia.org/resource/狩場町>	"狩場町"@ja	<http://dbpedia.org/ontology/Place>	<http://ja.dbpedia.org/property/subdivisionName>	"subdivision name"@ja	<http://ja.wikipedia.org/wiki/狩場町>	<http://wikidata.dbpedia.org/resource/Q11571426>
<http://ja.dbpedia.org/resource/神戸町_(横浜市)>	"神戸町 (横浜市)"@ja	<http://dbpedia.org/ontology/PopulatedPlace>	<http://ja.dbpedia.org/property/subdivisionName>	"subdivision name"@ja	<http://ja.wikipedia.org/wiki/神戸町_(横浜市)>	<http://wikidata.dbpedia.org/resource/Q48765427>
<http://ja.dbpedia.org/resource/神戸町_(横浜市)>	"神戸町 (横浜市)"@ja	<http://dbpedia.org/ontology/Location>	<http://ja.dbpedia.org/property/subdivisionName>	"subdivision name"@ja	<http://ja.wikipedia.org/wiki/神戸町_(横浜市)>	<http://wikidata.dbpedia.org/resource/Q48765427>
<http://ja.dbpedia.org/resource/神戸町_(横浜市)>	"神戸町 (横浜市)"@ja	<http://dbpedia.org/ontology/Settlement>	<http://ja.dbpedia.org/property/subdivisionName>	"subdivision name"@ja	<http://ja.wikipedia.org/wiki/神戸町_(横浜市)>	<http://wikidata.dbpedia.org/resource/Q48765427>
<http://ja.dbpedia.org/resource/神戸町_(横浜市)>	"神戸町 (横浜市)"@ja	<http://dbpedia.org/ontology/Place>	<http://ja.dbpedia.org/property/subdivisionName>	"subdivision name"@ja	<http://ja.wikipedia.org/wiki/神戸町_(横浜市)>	<http://wikidata.dbpedia.org/resource/Q48765427>
<http://ja.dbpedia.org/resource/花見台_(横浜市)>	"花見台 (横浜市)"@ja	<http://dbpedia.org/ontology/PopulatedPlace>	<http://ja.dbpedia.org/property/subdivisionName>	"subdivision name"@ja	<http://ja.wikipedia.org/wiki/花見台_(横浜市)>	<http://wikidata.dbpedia.org/resource/Q85883360>
<http://ja.dbpedia.org/resource/花見台_(横浜市)>	"花見台 (横浜市)"@ja	<http://dbpedia.org/ontology/Location>	<http://ja.dbpedia.org/property/subdivisionName>	"subdivision name"@ja	<http://ja.wikipedia.org/wiki/花見台_(横浜市)>	<http://wikidata.dbpedia.org/resource/Q85883360>
<http://ja.dbpedia.org/resource/花見台_(横浜市)>	"花見台 (横浜市)"@ja	<http://dbpedia.org/ontology/Settlement>	<http://ja.dbpedia.org/property/subdivisionName>	"subdivision name"@ja	<http://ja.wikipedia.org/wiki/花見台_(横浜市)>	<http://wikidata.dbpedia.org/resource/Q85883360>
<http://ja.dbpedia.org/resource/花見台_(横浜市)>	"花見台 (横浜市)"@ja	<http://dbpedia.org/ontology/Place>	<http://ja.dbpedia.org/property/subdivisionName>	"subdivision name"@ja	<http://ja.wikipedia.org/wiki/花見台_(横浜市)>	<http://wikidata.dbpedia.org/resource/Q85883360>
<http://ja.dbpedia.org/resource/藤塚町_(横浜市)>	"藤塚町 (横浜市)"@ja	<http://dbpedia.org/ontology/Place>	<http://ja.dbpedia.org/property/subdivisionName>	"subdivision name"@ja	<http://ja.wikipedia.org/wiki/藤塚町_(横浜市)>	<http://wikidata.dbpedia.org/resource/Q11623773>
<http://ja.dbpedia.org/resource/藤塚町_(横浜市)>	"藤塚町 (横浜市)"@ja	<http://dbpedia.org/ontology/Settlement>	<http://ja.dbpedia.org/property/subdivisionName>	"subdivision name"@ja	<http://ja.wikipedia.org/wiki/藤塚町_(横浜市)>	<http://wikidata.dbpedia.org/resource/Q11623773>
<http://ja.dbpedia.org/resource/藤塚町_(横浜市)>	"藤塚町 (横浜市)"@ja	<http://dbpedia.org/ontology/PopulatedPlace>	<http://ja.dbpedia.org/property/subdivisionName>	"subdivision name"@ja	<http://ja.wikipedia.org/wiki/藤塚町_(横浜市)>	<http://wikidata.dbpedia.org/resource/Q11623773>
<http://ja.dbpedia.org/resource/藤塚町_(横浜市)>	"藤塚町 (横浜市)"@ja	<http://dbpedia.org/ontology/Location>	<http://ja.dbpedia.org/property/subdivisionName>	"subdivision name"@ja	<http://ja.wikipedia.org/wiki/藤塚町_(横浜市)>	<http://wikidata.dbpedia.org/resource/Q11623773>
<http://ja.dbpedia.org/resource/西久保町_(横浜市)>	"西久保町 (横浜市)"@ja	<http://dbpedia.org/ontology/PopulatedPlace>	<http://ja.dbpedia.org/property/subdivisionName>	"subdivision name"@ja	<http://ja.wikipedia.org/wiki/西久保町_(横浜市)>	<http://wikidata.dbpedia.org/resource/Q85883633>
<http://ja.dbpedia.org/resource/西久保町_(横浜市)>	"西久保町 (横浜市)"@ja	<http://dbpedia.org/ontology/Location>	<http://ja.dbpedia.org/property/subdivisionName>	"subdivision name"@ja	<http://ja.wikipedia.org/wiki/西久保町_(横浜市)>	<http://wikidata.dbpedia.org/resource/Q85883633>
<http://ja.dbpedia.org/resource/西久保町_(横浜市)>	"西久保町 (横浜市)"@ja	<http://dbpedia.org/ontology/Place>	<http://ja.dbpedia.org/property/subdivisionName>	"subdivision name"@ja	<http://ja.wikipedia.org/wiki/西久保町_(横浜市)>	<http://wikidata.dbpedia.org/resource/Q85883633>
<http://ja.dbpedia.org/resource/西久保町_(横浜市)>	"西久保町 (横浜市)"@ja	<http://dbpedia.org/ontology/Settlement>	<http://ja.dbpedia.org/property/subdivisionName>	"subdivision name"@ja	<http://ja.wikipedia.org/wiki/西久保町_(横浜市)>	<http://wikidata.dbpedia.org/resource/Q85883633>
<http://ja.dbpedia.org/resource/西谷_(横浜市)>	"西谷 (横浜市)"@ja	<http://dbpedia.org/ontology/Location>	<http://ja.dbpedia.org/property/subdivisionName>	"subdivision name"@ja	<http://ja.wikipedia.org/wiki/西谷_(横浜市)>	<http://wikidata.dbpedia.org/resource/Q109747076>
<http://ja.dbpedia.org/resource/西谷_(横浜市)>	"西谷 (横浜市)"@ja	<http://dbpedia.org/ontology/PopulatedPlace>	<http://ja.dbpedia.org/property/subdivisionName>	"subdivision name"@ja	<http://ja.wikipedia.org/wiki/西谷_(横浜市)>	<http://wikidata.dbpedia.org/resource/Q109747076>
<http://ja.dbpedia.org/resource/西谷_(横浜市)>	"西谷 (横浜市)"@ja	<http://dbpedia.org/ontology/Settlement>	<http://ja.dbpedia.org/property/subdivisionName>	"subdivision name"@ja	<http://ja.wikipedia.org/wiki/西谷_(横浜市)>	<http://wikidata.dbpedia.org/resource/Q109747076>
<http://ja.dbpedia.org/resource/西谷_(横浜市)>	"西谷 (横浜市)"@ja	<http://dbpedia.org/ontology/Place>	<http://ja.dbpedia.org/property/subdivisionName>	"subdivision name"@ja	<http://ja.wikipedia.org/wiki/西谷_(横浜市)>	<http://wikidata.dbpedia.org/resource/Q109747076>
<http://ja.dbpedia.org/resource/西谷町_(横浜市)>	"西谷町 (横浜市)"@ja	<http://dbpedia.org/ontology/PopulatedPlace>	<http://ja.dbpedia.org/property/subdivisionName>	"subdivision name"@ja	<http://ja.wikipedia.org/wiki/西谷町_(横浜市)>	<http://wikidata.dbpedia.org/resource/Q11629535>
<http://ja.dbpedia.org/resource/西谷町_(横浜市)>	"西谷町 (横浜市)"@ja	<http://dbpedia.org/ontology/Location>	<http://ja.dbpedia.org/property/subdivisionName>	"subdivision name"@ja	<http://ja.wikipedia.org/wiki/西谷町_(横浜市)>	<http://wikidata.dbpedia.org/resource/Q11629535>
<http://ja.dbpedia.org/resource/西谷町_(横浜市)>	"西谷町 (横浜市)"@ja	<http://dbpedia.org/ontology/Place>	<http://ja.dbpedia.org/property/subdivisionName>	"subdivision name"@ja	<http://ja.wikipedia.org/wiki/西谷町_(横浜市)>	<http://wikidata.dbpedia.org/resource/Q11629535>
<http://ja.dbpedia.org/resource/西谷町_(横浜市)>	"西谷町 (横浜市)"@ja	<http://dbpedia.org/ontology/Settlement>	<http://ja.dbpedia.org/property/subdivisionName>	"subdivision name"@ja	<http://ja.wikipedia.org/wiki/西谷町_(横浜市)>	<http://wikidata.dbpedia.org/resource/Q11629535>
<http://ja.dbpedia.org/resource/釜台町>	"釜台町"@ja	<http://dbpedia.org/ontology/Location>	<http://ja.dbpedia.org/property/subdivisionName>	"subdivision name"@ja	<http://ja.wikipedia.org/wiki/釜台町>	<http://wikidata.dbpedia.org/resource/Q85884120>
<http://ja.dbpedia.org/resource/釜台町>	"釜台町"@ja	<http://dbpedia.org/ontology/PopulatedPlace>	<http://ja.dbpedia.org/property/subdivisionName>	"subdivision name"@ja	<http://ja.wikipedia.org/wiki/釜台町>	<http://wikidata.dbpedia.org/resource/Q85884120>
<http://ja.dbpedia.org/resource/釜台町>	"釜台町"@ja	<http://dbpedia.org/ontology/Settlement>	<http://ja.dbpedia.org/property/subdivisionName>	"subdivision name"@ja	<http://ja.wikipedia.org/wiki/釜台町>	<http://wikidata.dbpedia.org/resource/Q85884120>
<http://ja.dbpedia.org/resource/釜台町>	"釜台町"@ja	<http://dbpedia.org/ontology/Place>	<http://ja.dbpedia.org/property/subdivisionName>	"subdivision name"@ja	<http://ja.wikipedia.org/wiki/釜台町>	<http://wikidata.dbpedia.org/resource/Q85884120>
<http://ja.dbpedia.org/resource/鎌谷町_(横浜市)>	"鎌谷町 (横浜市)"@ja	<http://dbpedia.org/ontology/PopulatedPlace>	<http://ja.dbpedia.org/property/subdivisionName>	"subdivision name"@ja	<http://ja.wikipedia.org/wiki/鎌谷町_(横浜市)>	<http://wikidata.dbpedia.org/resource/Q85884188>
<http://ja.dbpedia.org/resource/鎌谷町_(横浜市)>	"鎌谷町 (横浜市)"@ja	<http://dbpedia.org/ontology/Location>	<http://ja.dbpedia.org/property/subdivisionName>	"subdivision name"@ja	<http://ja.wikipedia.org/wiki/鎌谷町_(横浜市)>	<http://wikidata.dbpedia.org/resource/Q85884188>
<http://ja.dbpedia.org/resource/鎌谷町_(横浜市)>	"鎌谷町 (横浜市)"@ja	<http://dbpedia.org/ontology/Place>	<http://ja.dbpedia.org/property/subdivisionName>	"subdivision name"@ja	<http://ja.wikipedia.org/wiki/鎌谷町_(横浜市)>	<http://wikidata.dbpedia.org/resource/Q85884188>
<http://ja.dbpedia.org/resource/鎌谷町_(横浜市)>	"鎌谷町 (横浜市)"@ja	<http://dbpedia.org/ontology/Settlement>	<http://ja.dbpedia.org/property/subdivisionName>	"subdivision name"@ja	<http://ja.wikipedia.org/wiki/鎌谷町_(横浜市)>	<http://wikidata.dbpedia.org/resource/Q85884188>
<http://ja.dbpedia.org/resource/霞台_(横浜市)>	"霞台 (横浜市)"@ja	<http://dbpedia.org/ontology/Location>	<http://ja.dbpedia.org/property/subdivisionName>	"subdivision name"@ja	<http://ja.wikipedia.org/wiki/霞台_(横浜市)>	<http://wikidata.dbpedia.org/resource/Q85884434>
<http://ja.dbpedia.org/resource/霞台_(横浜市)>	"霞台 (横浜市)"@ja	<http://dbpedia.org/ontology/PopulatedPlace>	<http://ja.dbpedia.org/property/subdivisionName>	"subdivision name"@ja	<http://ja.wikipedia.org/wiki/霞台_(横浜市)>	<http://wikidata.dbpedia.org/resource/Q85884434>
<http://ja.dbpedia.org/resource/霞台_(横浜市)>	"霞台 (横浜市)"@ja	<http://dbpedia.org/ontology/Settlement>	<http://ja.dbpedia.org/property/subdivisionName>	"subdivision name"@ja	<http://ja.wikipedia.org/wiki/霞台_(横浜市)>	<http://wikidata.dbpedia.org/resource/Q85884434>
<http://ja.dbpedia.org/resource/霞台_(横浜市)>	"霞台 (横浜市)"@ja	<http://dbpedia.org/ontology/Place>	<http://ja.dbpedia.org/property/subdivisionName>	"subdivision name"@ja	<http://ja.wikipedia.org/wiki/霞台_(横浜市)>	<http://wikidata.dbpedia.org/resource/Q85884434>
