?s	?sLabel	?type	?p	?pLabel	?jwiki	?wd
<http://ja.dbpedia.org/resource/みず木町>	"みず木町"@ja	<http://dbpedia.org/ontology/Place>	<http://ja.dbpedia.org/property/subdivisionName>	"subdivision name"@ja	<http://ja.wikipedia.org/wiki/みず木町>	<http://wikidata.dbpedia.org/resource/Q97187093>
<http://ja.dbpedia.org/resource/みず木町>	"みず木町"@ja	<http://dbpedia.org/ontology/Settlement>	<http://ja.dbpedia.org/property/subdivisionName>	"subdivision name"@ja	<http://ja.wikipedia.org/wiki/みず木町>	<http://wikidata.dbpedia.org/resource/Q97187093>
<http://ja.dbpedia.org/resource/みず木町>	"みず木町"@ja	<http://dbpedia.org/ontology/Location>	<http://ja.dbpedia.org/property/subdivisionName>	"subdivision name"@ja	<http://ja.wikipedia.org/wiki/みず木町>	<http://wikidata.dbpedia.org/resource/Q97187093>
<http://ja.dbpedia.org/resource/みず木町>	"みず木町"@ja	<http://dbpedia.org/ontology/PopulatedPlace>	<http://ja.dbpedia.org/property/subdivisionName>	"subdivision name"@ja	<http://ja.wikipedia.org/wiki/みず木町>	<http://wikidata.dbpedia.org/resource/Q97187093>
<http://ja.dbpedia.org/resource/並木_(横浜市)>	"並木 (横浜市)"@ja	<http://dbpedia.org/ontology/Place>	<http://ja.dbpedia.org/property/subdivisionName>	"subdivision name"@ja	<http://ja.wikipedia.org/wiki/並木_(横浜市)>	<http://wikidata.dbpedia.org/resource/Q11362707>
<http://ja.dbpedia.org/resource/並木_(横浜市)>	"並木 (横浜市)"@ja	<http://dbpedia.org/ontology/Settlement>	<http://ja.dbpedia.org/property/subdivisionName>	"subdivision name"@ja	<http://ja.wikipedia.org/wiki/並木_(横浜市)>	<http://wikidata.dbpedia.org/resource/Q11362707>
<http://ja.dbpedia.org/resource/並木_(横浜市)>	"並木 (横浜市)"@ja	<http://dbpedia.org/ontology/Location>	<http://ja.dbpedia.org/property/subdivisionName>	"subdivision name"@ja	<http://ja.wikipedia.org/wiki/並木_(横浜市)>	<http://wikidata.dbpedia.org/resource/Q11362707>
<http://ja.dbpedia.org/resource/並木_(横浜市)>	"並木 (横浜市)"@ja	<http://dbpedia.org/ontology/PopulatedPlace>	<http://ja.dbpedia.org/property/subdivisionName>	"subdivision name"@ja	<http://ja.wikipedia.org/wiki/並木_(横浜市)>	<http://wikidata.dbpedia.org/resource/Q11362707>
<http://ja.dbpedia.org/resource/乙舳町>	"乙舳町"@ja	<http://dbpedia.org/ontology/Place>	<http://ja.dbpedia.org/property/subdivisionName>	"subdivision name"@ja	<http://ja.wikipedia.org/wiki/乙舳町>	<http://wikidata.dbpedia.org/resource/Q95029111>
<http://ja.dbpedia.org/resource/乙舳町>	"乙舳町"@ja	<http://dbpedia.org/ontology/Settlement>	<http://ja.dbpedia.org/property/subdivisionName>	"subdivision name"@ja	<http://ja.wikipedia.org/wiki/乙舳町>	<http://wikidata.dbpedia.org/resource/Q95029111>
<http://ja.dbpedia.org/resource/乙舳町>	"乙舳町"@ja	<http://dbpedia.org/ontology/Location>	<http://ja.dbpedia.org/property/subdivisionName>	"subdivision name"@ja	<http://ja.wikipedia.org/wiki/乙舳町>	<http://wikidata.dbpedia.org/resource/Q95029111>
<http://ja.dbpedia.org/resource/乙舳町>	"乙舳町"@ja	<http://dbpedia.org/ontology/PopulatedPlace>	<http://ja.dbpedia.org/property/subdivisionName>	"subdivision name"@ja	<http://ja.wikipedia.org/wiki/乙舳町>	<http://wikidata.dbpedia.org/resource/Q95029111>
<http://ja.dbpedia.org/resource/六浦>	"六浦"@ja	<http://dbpedia.org/ontology/Location>	<http://ja.dbpedia.org/property/subdivisionName>	"subdivision name"@ja	<http://ja.wikipedia.org/wiki/六浦>	<http://wikidata.dbpedia.org/resource/Q11392428>
<http://ja.dbpedia.org/resource/六浦>	"六浦"@ja	<http://dbpedia.org/ontology/PopulatedPlace>	<http://ja.dbpedia.org/property/subdivisionName>	"subdivision name"@ja	<http://ja.wikipedia.org/wiki/六浦>	<http://wikidata.dbpedia.org/resource/Q11392428>
<http://ja.dbpedia.org/resource/六浦>	"六浦"@ja	<http://dbpedia.org/ontology/Settlement>	<http://ja.dbpedia.org/property/subdivisionName>	"subdivision name"@ja	<http://ja.wikipedia.org/wiki/六浦>	<http://wikidata.dbpedia.org/resource/Q11392428>
<http://ja.dbpedia.org/resource/六浦>	"六浦"@ja	<http://dbpedia.org/ontology/Place>	<http://ja.dbpedia.org/property/subdivisionName>	"subdivision name"@ja	<http://ja.wikipedia.org/wiki/六浦>	<http://wikidata.dbpedia.org/resource/Q11392428>
<http://ja.dbpedia.org/resource/堀口_(横浜市)>	"堀口 (横浜市)"@ja	<http://dbpedia.org/ontology/Location>	<http://ja.dbpedia.org/property/subdivisionName>	"subdivision name"@ja	<http://ja.wikipedia.org/wiki/堀口_(横浜市)>	<http://wikidata.dbpedia.org/resource/Q96650186>
<http://ja.dbpedia.org/resource/堀口_(横浜市)>	"堀口 (横浜市)"@ja	<http://dbpedia.org/ontology/PopulatedPlace>	<http://ja.dbpedia.org/property/subdivisionName>	"subdivision name"@ja	<http://ja.wikipedia.org/wiki/堀口_(横浜市)>	<http://wikidata.dbpedia.org/resource/Q96650186>
<http://ja.dbpedia.org/resource/堀口_(横浜市)>	"堀口 (横浜市)"@ja	<http://dbpedia.org/ontology/Settlement>	<http://ja.dbpedia.org/property/subdivisionName>	"subdivision name"@ja	<http://ja.wikipedia.org/wiki/堀口_(横浜市)>	<http://wikidata.dbpedia.org/resource/Q96650186>
<http://ja.dbpedia.org/resource/堀口_(横浜市)>	"堀口 (横浜市)"@ja	<http://dbpedia.org/ontology/Place>	<http://ja.dbpedia.org/property/subdivisionName>	"subdivision name"@ja	<http://ja.wikipedia.org/wiki/堀口_(横浜市)>	<http://wikidata.dbpedia.org/resource/Q96650186>
<http://ja.dbpedia.org/resource/大川_(横浜市)>	"大川 (横浜市)"@ja	<http://dbpedia.org/ontology/Location>	<http://ja.dbpedia.org/property/subdivisionName>	"subdivision name"@ja	<http://ja.wikipedia.org/wiki/大川_(横浜市)>	<http://wikidata.dbpedia.org/resource/Q97188103>
<http://ja.dbpedia.org/resource/大川_(横浜市)>	"大川 (横浜市)"@ja	<http://dbpedia.org/ontology/PopulatedPlace>	<http://ja.dbpedia.org/property/subdivisionName>	"subdivision name"@ja	<http://ja.wikipedia.org/wiki/大川_(横浜市)>	<http://wikidata.dbpedia.org/resource/Q97188103>
<http://ja.dbpedia.org/resource/大川_(横浜市)>	"大川 (横浜市)"@ja	<http://dbpedia.org/ontology/Settlement>	<http://ja.dbpedia.org/property/subdivisionName>	"subdivision name"@ja	<http://ja.wikipedia.org/wiki/大川_(横浜市)>	<http://wikidata.dbpedia.org/resource/Q97188103>
<http://ja.dbpedia.org/resource/大川_(横浜市)>	"大川 (横浜市)"@ja	<http://dbpedia.org/ontology/Place>	<http://ja.dbpedia.org/property/subdivisionName>	"subdivision name"@ja	<http://ja.wikipedia.org/wiki/大川_(横浜市)>	<http://wikidata.dbpedia.org/resource/Q97188103>
<http://ja.dbpedia.org/resource/大道_(横浜市)>	"大道 (横浜市)"@ja	<http://dbpedia.org/ontology/Location>	<http://ja.dbpedia.org/property/subdivisionName>	"subdivision name"@ja	<http://ja.wikipedia.org/wiki/大道_(横浜市)>	<http://wikidata.dbpedia.org/resource/Q97188156>
<http://ja.dbpedia.org/resource/大道_(横浜市)>	"大道 (横浜市)"@ja	<http://dbpedia.org/ontology/PopulatedPlace>	<http://ja.dbpedia.org/property/subdivisionName>	"subdivision name"@ja	<http://ja.wikipedia.org/wiki/大道_(横浜市)>	<http://wikidata.dbpedia.org/resource/Q97188156>
<http://ja.dbpedia.org/resource/大道_(横浜市)>	"大道 (横浜市)"@ja	<http://dbpedia.org/ontology/Settlement>	<http://ja.dbpedia.org/property/subdivisionName>	"subdivision name"@ja	<http://ja.wikipedia.org/wiki/大道_(横浜市)>	<http://wikidata.dbpedia.org/resource/Q97188156>
<http://ja.dbpedia.org/resource/大道_(横浜市)>	"大道 (横浜市)"@ja	<http://dbpedia.org/ontology/Place>	<http://ja.dbpedia.org/property/subdivisionName>	"subdivision name"@ja	<http://ja.wikipedia.org/wiki/大道_(横浜市)>	<http://wikidata.dbpedia.org/resource/Q97188156>
<http://ja.dbpedia.org/resource/富岡東_(横浜市)>	"富岡東 (横浜市)"@ja	<http://dbpedia.org/ontology/PopulatedPlace>	<http://ja.dbpedia.org/property/subdivisionName>	"subdivision name"@ja	<http://ja.wikipedia.org/wiki/富岡東_(横浜市)>	<http://wikidata.dbpedia.org/resource/Q11456900>
<http://ja.dbpedia.org/resource/富岡東_(横浜市)>	"富岡東 (横浜市)"@ja	<http://dbpedia.org/ontology/Location>	<http://ja.dbpedia.org/property/subdivisionName>	"subdivision name"@ja	<http://ja.wikipedia.org/wiki/富岡東_(横浜市)>	<http://wikidata.dbpedia.org/resource/Q11456900>
<http://ja.dbpedia.org/resource/富岡東_(横浜市)>	"富岡東 (横浜市)"@ja	<http://dbpedia.org/ontology/Place>	<http://ja.dbpedia.org/property/subdivisionName>	"subdivision name"@ja	<http://ja.wikipedia.org/wiki/富岡東_(横浜市)>	<http://wikidata.dbpedia.org/resource/Q11456900>
<http://ja.dbpedia.org/resource/富岡東_(横浜市)>	"富岡東 (横浜市)"@ja	<http://dbpedia.org/ontology/Settlement>	<http://ja.dbpedia.org/property/subdivisionName>	"subdivision name"@ja	<http://ja.wikipedia.org/wiki/富岡東_(横浜市)>	<http://wikidata.dbpedia.org/resource/Q11456900>
<http://ja.dbpedia.org/resource/富岡西>	"富岡西"@ja	<http://dbpedia.org/ontology/Place>	<http://ja.dbpedia.org/property/subdivisionName>	"subdivision name"@ja	<http://ja.wikipedia.org/wiki/富岡西>	<http://wikidata.dbpedia.org/resource/Q11456921>
<http://ja.dbpedia.org/resource/富岡西>	"富岡西"@ja	<http://dbpedia.org/ontology/Settlement>	<http://ja.dbpedia.org/property/subdivisionName>	"subdivision name"@ja	<http://ja.wikipedia.org/wiki/富岡西>	<http://wikidata.dbpedia.org/resource/Q11456921>
<http://ja.dbpedia.org/resource/富岡西>	"富岡西"@ja	<http://dbpedia.org/ontology/Location>	<http://ja.dbpedia.org/property/subdivisionName>	"subdivision name"@ja	<http://ja.wikipedia.org/wiki/富岡西>	<http://wikidata.dbpedia.org/resource/Q11456921>
<http://ja.dbpedia.org/resource/富岡西>	"富岡西"@ja	<http://dbpedia.org/ontology/PopulatedPlace>	<http://ja.dbpedia.org/property/subdivisionName>	"subdivision name"@ja	<http://ja.wikipedia.org/wiki/富岡西>	<http://wikidata.dbpedia.org/resource/Q11456921>
<http://ja.dbpedia.org/resource/寺前>	"寺前"@ja	<http://dbpedia.org/ontology/Location>	<http://ja.dbpedia.org/property/subdivisionName>	"subdivision name"@ja	<http://ja.wikipedia.org/wiki/寺前>	<http://wikidata.dbpedia.org/resource/Q97188211>
<http://ja.dbpedia.org/resource/寺前>	"寺前"@ja	<http://dbpedia.org/ontology/PopulatedPlace>	<http://ja.dbpedia.org/property/subdivisionName>	"subdivision name"@ja	<http://ja.wikipedia.org/wiki/寺前>	<http://wikidata.dbpedia.org/resource/Q97188211>
<http://ja.dbpedia.org/resource/寺前>	"寺前"@ja	<http://dbpedia.org/ontology/Settlement>	<http://ja.dbpedia.org/property/subdivisionName>	"subdivision name"@ja	<http://ja.wikipedia.org/wiki/寺前>	<http://wikidata.dbpedia.org/resource/Q97188211>
<http://ja.dbpedia.org/resource/寺前>	"寺前"@ja	<http://dbpedia.org/ontology/Place>	<http://ja.dbpedia.org/property/subdivisionName>	"subdivision name"@ja	<http://ja.wikipedia.org/wiki/寺前>	<http://wikidata.dbpedia.org/resource/Q97188211>
<http://ja.dbpedia.org/resource/平潟町_(横浜市)>	"平潟町 (横浜市)"@ja	<http://dbpedia.org/ontology/Location>	<http://ja.dbpedia.org/property/subdivisionName>	"subdivision name"@ja	<http://ja.wikipedia.org/wiki/平潟町_(横浜市)>	<http://wikidata.dbpedia.org/resource/Q97188371>
<http://ja.dbpedia.org/resource/平潟町_(横浜市)>	"平潟町 (横浜市)"@ja	<http://dbpedia.org/ontology/PopulatedPlace>	<http://ja.dbpedia.org/property/subdivisionName>	"subdivision name"@ja	<http://ja.wikipedia.org/wiki/平潟町_(横浜市)>	<http://wikidata.dbpedia.org/resource/Q97188371>
<http://ja.dbpedia.org/resource/平潟町_(横浜市)>	"平潟町 (横浜市)"@ja	<http://dbpedia.org/ontology/Settlement>	<http://ja.dbpedia.org/property/subdivisionName>	"subdivision name"@ja	<http://ja.wikipedia.org/wiki/平潟町_(横浜市)>	<http://wikidata.dbpedia.org/resource/Q97188371>
<http://ja.dbpedia.org/resource/平潟町_(横浜市)>	"平潟町 (横浜市)"@ja	<http://dbpedia.org/ontology/Place>	<http://ja.dbpedia.org/property/subdivisionName>	"subdivision name"@ja	<http://ja.wikipedia.org/wiki/平潟町_(横浜市)>	<http://wikidata.dbpedia.org/resource/Q97188371>
<http://ja.dbpedia.org/resource/幸浦>	"幸浦"@ja	<http://dbpedia.org/ontology/Location>	<http://ja.dbpedia.org/property/subdivisionName>	"subdivision name"@ja	<http://ja.wikipedia.org/wiki/幸浦>	<http://wikidata.dbpedia.org/resource/Q11484009>
<http://ja.dbpedia.org/resource/幸浦>	"幸浦"@ja	<http://dbpedia.org/ontology/PopulatedPlace>	<http://ja.dbpedia.org/property/subdivisionName>	"subdivision name"@ja	<http://ja.wikipedia.org/wiki/幸浦>	<http://wikidata.dbpedia.org/resource/Q11484009>
<http://ja.dbpedia.org/resource/幸浦>	"幸浦"@ja	<http://dbpedia.org/ontology/Settlement>	<http://ja.dbpedia.org/property/subdivisionName>	"subdivision name"@ja	<http://ja.wikipedia.org/wiki/幸浦>	<http://wikidata.dbpedia.org/resource/Q11484009>
<http://ja.dbpedia.org/resource/幸浦>	"幸浦"@ja	<http://dbpedia.org/ontology/Place>	<http://ja.dbpedia.org/property/subdivisionName>	"subdivision name"@ja	<http://ja.wikipedia.org/wiki/幸浦>	<http://wikidata.dbpedia.org/resource/Q11484009>
<http://ja.dbpedia.org/resource/昭和町_(横浜市)>	"昭和町 (横浜市)"@ja	<http://dbpedia.org/ontology/PopulatedPlace>	<http://ja.dbpedia.org/property/subdivisionName>	"subdivision name"@ja	<http://ja.wikipedia.org/wiki/昭和町_(横浜市)>	<http://wikidata.dbpedia.org/resource/Q30923860>
<http://ja.dbpedia.org/resource/昭和町_(横浜市)>	"昭和町 (横浜市)"@ja	<http://dbpedia.org/ontology/Location>	<http://ja.dbpedia.org/property/subdivisionName>	"subdivision name"@ja	<http://ja.wikipedia.org/wiki/昭和町_(横浜市)>	<http://wikidata.dbpedia.org/resource/Q30923860>
<http://ja.dbpedia.org/resource/昭和町_(横浜市)>	"昭和町 (横浜市)"@ja	<http://dbpedia.org/ontology/Settlement>	<http://ja.dbpedia.org/property/subdivisionName>	"subdivision name"@ja	<http://ja.wikipedia.org/wiki/昭和町_(横浜市)>	<http://wikidata.dbpedia.org/resource/Q30923860>
<http://ja.dbpedia.org/resource/昭和町_(横浜市)>	"昭和町 (横浜市)"@ja	<http://dbpedia.org/ontology/Place>	<http://ja.dbpedia.org/property/subdivisionName>	"subdivision name"@ja	<http://ja.wikipedia.org/wiki/昭和町_(横浜市)>	<http://wikidata.dbpedia.org/resource/Q30923860>
<http://ja.dbpedia.org/resource/朝比奈町>	"朝比奈町"@ja	<http://dbpedia.org/ontology/PopulatedPlace>	<http://ja.dbpedia.org/property/subdivisionName>	"subdivision name"@ja	<http://ja.wikipedia.org/wiki/朝比奈町>	<http://wikidata.dbpedia.org/resource/Q97188540>
<http://ja.dbpedia.org/resource/朝比奈町>	"朝比奈町"@ja	<http://dbpedia.org/ontology/Location>	<http://ja.dbpedia.org/property/subdivisionName>	"subdivision name"@ja	<http://ja.wikipedia.org/wiki/朝比奈町>	<http://wikidata.dbpedia.org/resource/Q97188540>
<http://ja.dbpedia.org/resource/朝比奈町>	"朝比奈町"@ja	<http://dbpedia.org/ontology/Place>	<http://ja.dbpedia.org/property/subdivisionName>	"subdivision name"@ja	<http://ja.wikipedia.org/wiki/朝比奈町>	<http://wikidata.dbpedia.org/resource/Q97188540>
<http://ja.dbpedia.org/resource/朝比奈町>	"朝比奈町"@ja	<http://dbpedia.org/ontology/Settlement>	<http://ja.dbpedia.org/property/subdivisionName>	"subdivision name"@ja	<http://ja.wikipedia.org/wiki/朝比奈町>	<http://wikidata.dbpedia.org/resource/Q97188540>
<http://ja.dbpedia.org/resource/東朝比奈>	"東朝比奈"@ja	<http://dbpedia.org/ontology/Location>	<http://ja.dbpedia.org/property/subdivisionName>	"subdivision name"@ja	<http://ja.wikipedia.org/wiki/東朝比奈>	<http://wikidata.dbpedia.org/resource/Q97188621>
<http://ja.dbpedia.org/resource/東朝比奈>	"東朝比奈"@ja	<http://dbpedia.org/ontology/PopulatedPlace>	<http://ja.dbpedia.org/property/subdivisionName>	"subdivision name"@ja	<http://ja.wikipedia.org/wiki/東朝比奈>	<http://wikidata.dbpedia.org/resource/Q97188621>
<http://ja.dbpedia.org/resource/東朝比奈>	"東朝比奈"@ja	<http://dbpedia.org/ontology/Settlement>	<http://ja.dbpedia.org/property/subdivisionName>	"subdivision name"@ja	<http://ja.wikipedia.org/wiki/東朝比奈>	<http://wikidata.dbpedia.org/resource/Q97188621>
<http://ja.dbpedia.org/resource/東朝比奈>	"東朝比奈"@ja	<http://dbpedia.org/ontology/Place>	<http://ja.dbpedia.org/property/subdivisionName>	"subdivision name"@ja	<http://ja.wikipedia.org/wiki/東朝比奈>	<http://wikidata.dbpedia.org/resource/Q97188621>
<http://ja.dbpedia.org/resource/柳町_(横浜市)>	"柳町 (横浜市)"@ja	<http://dbpedia.org/ontology/PopulatedPlace>	<http://ja.dbpedia.org/property/subdivisionName>	"subdivision name"@ja	<http://ja.wikipedia.org/wiki/柳町_(横浜市)>	<http://wikidata.dbpedia.org/resource/Q30923305>
<http://ja.dbpedia.org/resource/柳町_(横浜市)>	"柳町 (横浜市)"@ja	<http://dbpedia.org/ontology/Location>	<http://ja.dbpedia.org/property/subdivisionName>	"subdivision name"@ja	<http://ja.wikipedia.org/wiki/柳町_(横浜市)>	<http://wikidata.dbpedia.org/resource/Q30923305>
<http://ja.dbpedia.org/resource/柳町_(横浜市)>	"柳町 (横浜市)"@ja	<http://dbpedia.org/ontology/Settlement>	<http://ja.dbpedia.org/property/subdivisionName>	"subdivision name"@ja	<http://ja.wikipedia.org/wiki/柳町_(横浜市)>	<http://wikidata.dbpedia.org/resource/Q30923305>
<http://ja.dbpedia.org/resource/柳町_(横浜市)>	"柳町 (横浜市)"@ja	<http://dbpedia.org/ontology/Place>	<http://ja.dbpedia.org/property/subdivisionName>	"subdivision name"@ja	<http://ja.wikipedia.org/wiki/柳町_(横浜市)>	<http://wikidata.dbpedia.org/resource/Q30923305>
<http://ja.dbpedia.org/resource/柴町_(横浜市)>	"柴町 (横浜市)"@ja	<http://dbpedia.org/ontology/PopulatedPlace>	<http://ja.dbpedia.org/property/subdivisionName>	"subdivision name"@ja	<http://ja.wikipedia.org/wiki/柴町_(横浜市)>	<http://wikidata.dbpedia.org/resource/Q11534935>
<http://ja.dbpedia.org/resource/柴町_(横浜市)>	"柴町 (横浜市)"@ja	<http://dbpedia.org/ontology/Location>	<http://ja.dbpedia.org/property/subdivisionName>	"subdivision name"@ja	<http://ja.wikipedia.org/wiki/柴町_(横浜市)>	<http://wikidata.dbpedia.org/resource/Q11534935>
<http://ja.dbpedia.org/resource/柴町_(横浜市)>	"柴町 (横浜市)"@ja	<http://dbpedia.org/ontology/Settlement>	<http://ja.dbpedia.org/property/subdivisionName>	"subdivision name"@ja	<http://ja.wikipedia.org/wiki/柴町_(横浜市)>	<http://wikidata.dbpedia.org/resource/Q11534935>
<http://ja.dbpedia.org/resource/柴町_(横浜市)>	"柴町 (横浜市)"@ja	<http://dbpedia.org/ontology/Place>	<http://ja.dbpedia.org/property/subdivisionName>	"subdivision name"@ja	<http://ja.wikipedia.org/wiki/柴町_(横浜市)>	<http://wikidata.dbpedia.org/resource/Q11534935>
<http://ja.dbpedia.org/resource/泥亀>	"泥亀"@ja	<http://dbpedia.org/ontology/PopulatedPlace>	<http://ja.dbpedia.org/property/subdivisionName>	"subdivision name"@ja	<http://ja.wikipedia.org/wiki/泥亀>	<http://wikidata.dbpedia.org/resource/Q11555666>
<http://ja.dbpedia.org/resource/泥亀>	"泥亀"@ja	<http://dbpedia.org/ontology/Location>	<http://ja.dbpedia.org/property/subdivisionName>	"subdivision name"@ja	<http://ja.wikipedia.org/wiki/泥亀>	<http://wikidata.dbpedia.org/resource/Q11555666>
<http://ja.dbpedia.org/resource/泥亀>	"泥亀"@ja	<http://dbpedia.org/ontology/Place>	<http://ja.dbpedia.org/property/subdivisionName>	"subdivision name"@ja	<http://ja.wikipedia.org/wiki/泥亀>	<http://wikidata.dbpedia.org/resource/Q11555666>
<http://ja.dbpedia.org/resource/泥亀>	"泥亀"@ja	<http://dbpedia.org/ontology/Settlement>	<http://ja.dbpedia.org/property/subdivisionName>	"subdivision name"@ja	<http://ja.wikipedia.org/wiki/泥亀>	<http://wikidata.dbpedia.org/resource/Q11555666>
<http://ja.dbpedia.org/resource/洲崎町>	"洲崎町"@ja	<http://dbpedia.org/ontology/Location>	<http://ja.dbpedia.org/property/subdivisionName>	"subdivision name"@ja	<http://ja.wikipedia.org/wiki/洲崎町>	<http://wikidata.dbpedia.org/resource/Q97188827>
<http://ja.dbpedia.org/resource/洲崎町>	"洲崎町"@ja	<http://dbpedia.org/ontology/PopulatedPlace>	<http://ja.dbpedia.org/property/subdivisionName>	"subdivision name"@ja	<http://ja.wikipedia.org/wiki/洲崎町>	<http://wikidata.dbpedia.org/resource/Q97188827>
<http://ja.dbpedia.org/resource/洲崎町>	"洲崎町"@ja	<http://dbpedia.org/ontology/Settlement>	<http://ja.dbpedia.org/property/subdivisionName>	"subdivision name"@ja	<http://ja.wikipedia.org/wiki/洲崎町>	<http://wikidata.dbpedia.org/resource/Q97188827>
<http://ja.dbpedia.org/resource/洲崎町>	"洲崎町"@ja	<http://dbpedia.org/ontology/Place>	<http://ja.dbpedia.org/property/subdivisionName>	"subdivision name"@ja	<http://ja.wikipedia.org/wiki/洲崎町>	<http://wikidata.dbpedia.org/resource/Q97188827>
<http://ja.dbpedia.org/resource/海の公園_(横浜市の町名)>	"海の公園 (横浜市の町名)"@ja	<http://dbpedia.org/ontology/Place>	<http://ja.dbpedia.org/property/subdivisionName>	"subdivision name"@ja	<http://ja.wikipedia.org/wiki/海の公園_(横浜市の町名)>	<http://wikidata.dbpedia.org/resource/Q97188833>
<http://ja.dbpedia.org/resource/海の公園_(横浜市の町名)>	"海の公園 (横浜市の町名)"@ja	<http://dbpedia.org/ontology/Settlement>	<http://ja.dbpedia.org/property/subdivisionName>	"subdivision name"@ja	<http://ja.wikipedia.org/wiki/海の公園_(横浜市の町名)>	<http://wikidata.dbpedia.org/resource/Q97188833>
<http://ja.dbpedia.org/resource/海の公園_(横浜市の町名)>	"海の公園 (横浜市の町名)"@ja	<http://dbpedia.org/ontology/Location>	<http://ja.dbpedia.org/property/subdivisionName>	"subdivision name"@ja	<http://ja.wikipedia.org/wiki/海の公園_(横浜市の町名)>	<http://wikidata.dbpedia.org/resource/Q97188833>
<http://ja.dbpedia.org/resource/海の公園_(横浜市の町名)>	"海の公園 (横浜市の町名)"@ja	<http://dbpedia.org/ontology/PopulatedPlace>	<http://ja.dbpedia.org/property/subdivisionName>	"subdivision name"@ja	<http://ja.wikipedia.org/wiki/海の公園_(横浜市の町名)>	<http://wikidata.dbpedia.org/resource/Q97188833>
<http://ja.dbpedia.org/resource/瀬戸_(横浜市)>	"瀬戸 (横浜市)"@ja	<http://dbpedia.org/ontology/Location>	<http://ja.dbpedia.org/property/subdivisionName>	"subdivision name"@ja	<http://ja.wikipedia.org/wiki/瀬戸_(横浜市)>	<http://wikidata.dbpedia.org/resource/Q97188851>
<http://ja.dbpedia.org/resource/瀬戸_(横浜市)>	"瀬戸 (横浜市)"@ja	<http://dbpedia.org/ontology/PopulatedPlace>	<http://ja.dbpedia.org/property/subdivisionName>	"subdivision name"@ja	<http://ja.wikipedia.org/wiki/瀬戸_(横浜市)>	<http://wikidata.dbpedia.org/resource/Q97188851>
<http://ja.dbpedia.org/resource/瀬戸_(横浜市)>	"瀬戸 (横浜市)"@ja	<http://dbpedia.org/ontology/Settlement>	<http://ja.dbpedia.org/property/subdivisionName>	"subdivision name"@ja	<http://ja.wikipedia.org/wiki/瀬戸_(横浜市)>	<http://wikidata.dbpedia.org/resource/Q97188851>
<http://ja.dbpedia.org/resource/瀬戸_(横浜市)>	"瀬戸 (横浜市)"@ja	<http://dbpedia.org/ontology/Place>	<http://ja.dbpedia.org/property/subdivisionName>	"subdivision name"@ja	<http://ja.wikipedia.org/wiki/瀬戸_(横浜市)>	<http://wikidata.dbpedia.org/resource/Q97188851>
<http://ja.dbpedia.org/resource/片吹>	"片吹"@ja	<http://dbpedia.org/ontology/Location>	<http://ja.dbpedia.org/property/subdivisionName>	"subdivision name"@ja	<http://ja.wikipedia.org/wiki/片吹>	<http://wikidata.dbpedia.org/resource/Q60997553>
<http://ja.dbpedia.org/resource/片吹>	"片吹"@ja	<http://dbpedia.org/ontology/PopulatedPlace>	<http://ja.dbpedia.org/property/subdivisionName>	"subdivision name"@ja	<http://ja.wikipedia.org/wiki/片吹>	<http://wikidata.dbpedia.org/resource/Q60997553>
<http://ja.dbpedia.org/resource/片吹>	"片吹"@ja	<http://dbpedia.org/ontology/Settlement>	<http://ja.dbpedia.org/property/subdivisionName>	"subdivision name"@ja	<http://ja.wikipedia.org/wiki/片吹>	<http://wikidata.dbpedia.org/resource/Q60997553>
<http://ja.dbpedia.org/resource/片吹>	"片吹"@ja	<http://dbpedia.org/ontology/Place>	<http://ja.dbpedia.org/property/subdivisionName>	"subdivision name"@ja	<http://ja.wikipedia.org/wiki/片吹>	<http://wikidata.dbpedia.org/resource/Q60997553>
<http://ja.dbpedia.org/resource/町屋町_(横浜市)>	"町屋町 (横浜市)"@ja	<http://dbpedia.org/ontology/Location>	<http://ja.dbpedia.org/property/subdivisionName>	"subdivision name"@ja	<http://ja.wikipedia.org/wiki/町屋町_(横浜市)>	<http://wikidata.dbpedia.org/resource/Q97188915>
<http://ja.dbpedia.org/resource/町屋町_(横浜市)>	"町屋町 (横浜市)"@ja	<http://dbpedia.org/ontology/PopulatedPlace>	<http://ja.dbpedia.org/property/subdivisionName>	"subdivision name"@ja	<http://ja.wikipedia.org/wiki/町屋町_(横浜市)>	<http://wikidata.dbpedia.org/resource/Q97188915>
<http://ja.dbpedia.org/resource/町屋町_(横浜市)>	"町屋町 (横浜市)"@ja	<http://dbpedia.org/ontology/Settlement>	<http://ja.dbpedia.org/property/subdivisionName>	"subdivision name"@ja	<http://ja.wikipedia.org/wiki/町屋町_(横浜市)>	<http://wikidata.dbpedia.org/resource/Q97188915>
<http://ja.dbpedia.org/resource/町屋町_(横浜市)>	"町屋町 (横浜市)"@ja	<http://dbpedia.org/ontology/Place>	<http://ja.dbpedia.org/property/subdivisionName>	"subdivision name"@ja	<http://ja.wikipedia.org/wiki/町屋町_(横浜市)>	<http://wikidata.dbpedia.org/resource/Q97188915>
<http://ja.dbpedia.org/resource/白帆_(横浜市)>	"白帆 (横浜市)"@ja	<http://dbpedia.org/ontology/PopulatedPlace>	<http://ja.dbpedia.org/property/subdivisionName>	"subdivision name"@ja	<http://ja.wikipedia.org/wiki/白帆_(横浜市)>	<http://wikidata.dbpedia.org/resource/Q96349257>
<http://ja.dbpedia.org/resource/白帆_(横浜市)>	"白帆 (横浜市)"@ja	<http://dbpedia.org/ontology/Location>	<http://ja.dbpedia.org/property/subdivisionName>	"subdivision name"@ja	<http://ja.wikipedia.org/wiki/白帆_(横浜市)>	<http://wikidata.dbpedia.org/resource/Q96349257>
<http://ja.dbpedia.org/resource/白帆_(横浜市)>	"白帆 (横浜市)"@ja	<http://dbpedia.org/ontology/Place>	<http://ja.dbpedia.org/property/subdivisionName>	"subdivision name"@ja	<http://ja.wikipedia.org/wiki/白帆_(横浜市)>	<http://wikidata.dbpedia.org/resource/Q96349257>
<http://ja.dbpedia.org/resource/白帆_(横浜市)>	"白帆 (横浜市)"@ja	<http://dbpedia.org/ontology/Settlement>	<http://ja.dbpedia.org/property/subdivisionName>	"subdivision name"@ja	<http://ja.wikipedia.org/wiki/白帆_(横浜市)>	<http://wikidata.dbpedia.org/resource/Q96349257>
<http://ja.dbpedia.org/resource/福浦_(横浜市)>	"福浦 (横浜市)"@ja	<http://dbpedia.org/ontology/Location>	<http://ja.dbpedia.org/property/subdivisionName>	"subdivision name"@ja	<http://ja.wikipedia.org/wiki/福浦_(横浜市)>	<http://wikidata.dbpedia.org/resource/Q11593974>
<http://ja.dbpedia.org/resource/福浦_(横浜市)>	"福浦 (横浜市)"@ja	<http://dbpedia.org/ontology/PopulatedPlace>	<http://ja.dbpedia.org/property/subdivisionName>	"subdivision name"@ja	<http://ja.wikipedia.org/wiki/福浦_(横浜市)>	<http://wikidata.dbpedia.org/resource/Q11593974>
<http://ja.dbpedia.org/resource/福浦_(横浜市)>	"福浦 (横浜市)"@ja	<http://dbpedia.org/ontology/Settlement>	<http://ja.dbpedia.org/property/subdivisionName>	"subdivision name"@ja	<http://ja.wikipedia.org/wiki/福浦_(横浜市)>	<http://wikidata.dbpedia.org/resource/Q11593974>
<http://ja.dbpedia.org/resource/福浦_(横浜市)>	"福浦 (横浜市)"@ja	<http://dbpedia.org/ontology/Place>	<http://ja.dbpedia.org/property/subdivisionName>	"subdivision name"@ja	<http://ja.wikipedia.org/wiki/福浦_(横浜市)>	<http://wikidata.dbpedia.org/resource/Q11593974>
<http://ja.dbpedia.org/resource/篠原豪>	"篠原豪"@ja	<http://dbpedia.org/ontology/Politician>	<http://ja.dbpedia.org/property/選挙区>	"選挙区"@ja	<http://ja.wikipedia.org/wiki/篠原豪>	<http://wikidata.dbpedia.org/resource/Q20040516>
<http://ja.dbpedia.org/resource/篠原豪>	"篠原豪"@ja	<http://dbpedia.org/ontology/Eukaryote>	<http://ja.dbpedia.org/property/選挙区>	"選挙区"@ja	<http://ja.wikipedia.org/wiki/篠原豪>	<http://wikidata.dbpedia.org/resource/Q20040516>
<http://ja.dbpedia.org/resource/篠原豪>	"篠原豪"@ja	<http://dbpedia.org/ontology/Animal>	<http://ja.dbpedia.org/property/選挙区>	"選挙区"@ja	<http://ja.wikipedia.org/wiki/篠原豪>	<http://wikidata.dbpedia.org/resource/Q20040516>
<http://ja.dbpedia.org/resource/篠原豪>	"篠原豪"@ja	<http://dbpedia.org/ontology/Person>	<http://ja.dbpedia.org/property/選挙区>	"選挙区"@ja	<http://ja.wikipedia.org/wiki/篠原豪>	<http://wikidata.dbpedia.org/resource/Q20040516>
<http://ja.dbpedia.org/resource/篠原豪>	"篠原豪"@ja	<http://dbpedia.org/ontology/Species>	<http://ja.dbpedia.org/property/選挙区>	"選挙区"@ja	<http://ja.wikipedia.org/wiki/篠原豪>	<http://wikidata.dbpedia.org/resource/Q20040516>
<http://ja.dbpedia.org/resource/能見台>	"能見台"@ja	<http://dbpedia.org/ontology/Place>	<http://ja.dbpedia.org/property/subdivisionName>	"subdivision name"@ja	<http://ja.wikipedia.org/wiki/能見台>	<http://wikidata.dbpedia.org/resource/Q11612068>
<http://ja.dbpedia.org/resource/能見台>	"能見台"@ja	<http://dbpedia.org/ontology/Settlement>	<http://ja.dbpedia.org/property/subdivisionName>	"subdivision name"@ja	<http://ja.wikipedia.org/wiki/能見台>	<http://wikidata.dbpedia.org/resource/Q11612068>
<http://ja.dbpedia.org/resource/能見台>	"能見台"@ja	<http://dbpedia.org/ontology/Location>	<http://ja.dbpedia.org/property/subdivisionName>	"subdivision name"@ja	<http://ja.wikipedia.org/wiki/能見台>	<http://wikidata.dbpedia.org/resource/Q11612068>
<http://ja.dbpedia.org/resource/能見台>	"能見台"@ja	<http://dbpedia.org/ontology/PopulatedPlace>	<http://ja.dbpedia.org/property/subdivisionName>	"subdivision name"@ja	<http://ja.wikipedia.org/wiki/能見台>	<http://wikidata.dbpedia.org/resource/Q11612068>
<http://ja.dbpedia.org/resource/能見台東>	"能見台東"@ja	<http://dbpedia.org/ontology/Place>	<http://ja.dbpedia.org/property/subdivisionName>	"subdivision name"@ja	<http://ja.wikipedia.org/wiki/能見台東>	<http://wikidata.dbpedia.org/resource/Q109360359>
<http://ja.dbpedia.org/resource/能見台東>	"能見台東"@ja	<http://dbpedia.org/ontology/Settlement>	<http://ja.dbpedia.org/property/subdivisionName>	"subdivision name"@ja	<http://ja.wikipedia.org/wiki/能見台東>	<http://wikidata.dbpedia.org/resource/Q109360359>
<http://ja.dbpedia.org/resource/能見台東>	"能見台東"@ja	<http://dbpedia.org/ontology/PopulatedPlace>	<http://ja.dbpedia.org/property/subdivisionName>	"subdivision name"@ja	<http://ja.wikipedia.org/wiki/能見台東>	<http://wikidata.dbpedia.org/resource/Q109360359>
<http://ja.dbpedia.org/resource/能見台東>	"能見台東"@ja	<http://dbpedia.org/ontology/Location>	<http://ja.dbpedia.org/property/subdivisionName>	"subdivision name"@ja	<http://ja.wikipedia.org/wiki/能見台東>	<http://wikidata.dbpedia.org/resource/Q109360359>
<http://ja.dbpedia.org/resource/能見台通>	"能見台通"@ja	<http://dbpedia.org/ontology/Settlement>	<http://ja.dbpedia.org/property/subdivisionName>	"subdivision name"@ja	<http://ja.wikipedia.org/wiki/能見台通>	<http://wikidata.dbpedia.org/resource/Q109360358>
<http://ja.dbpedia.org/resource/能見台通>	"能見台通"@ja	<http://dbpedia.org/ontology/Place>	<http://ja.dbpedia.org/property/subdivisionName>	"subdivision name"@ja	<http://ja.wikipedia.org/wiki/能見台通>	<http://wikidata.dbpedia.org/resource/Q109360358>
<http://ja.dbpedia.org/resource/能見台通>	"能見台通"@ja	<http://dbpedia.org/ontology/Location>	<http://ja.dbpedia.org/property/subdivisionName>	"subdivision name"@ja	<http://ja.wikipedia.org/wiki/能見台通>	<http://wikidata.dbpedia.org/resource/Q109360358>
<http://ja.dbpedia.org/resource/能見台通>	"能見台通"@ja	<http://dbpedia.org/ontology/PopulatedPlace>	<http://ja.dbpedia.org/property/subdivisionName>	"subdivision name"@ja	<http://ja.wikipedia.org/wiki/能見台通>	<http://wikidata.dbpedia.org/resource/Q109360358>
<http://ja.dbpedia.org/resource/西柴>	"西柴"@ja	<http://dbpedia.org/ontology/Place>	<http://ja.dbpedia.org/property/subdivisionName>	"subdivision name"@ja	<http://ja.wikipedia.org/wiki/西柴>	<http://wikidata.dbpedia.org/resource/Q11628775>
<http://ja.dbpedia.org/resource/西柴>	"西柴"@ja	<http://dbpedia.org/ontology/Settlement>	<http://ja.dbpedia.org/property/subdivisionName>	"subdivision name"@ja	<http://ja.wikipedia.org/wiki/西柴>	<http://wikidata.dbpedia.org/resource/Q11628775>
<http://ja.dbpedia.org/resource/西柴>	"西柴"@ja	<http://dbpedia.org/ontology/PopulatedPlace>	<http://ja.dbpedia.org/property/subdivisionName>	"subdivision name"@ja	<http://ja.wikipedia.org/wiki/西柴>	<http://wikidata.dbpedia.org/resource/Q11628775>
<http://ja.dbpedia.org/resource/西柴>	"西柴"@ja	<http://dbpedia.org/ontology/Location>	<http://ja.dbpedia.org/property/subdivisionName>	"subdivision name"@ja	<http://ja.wikipedia.org/wiki/西柴>	<http://wikidata.dbpedia.org/resource/Q11628775>
<http://ja.dbpedia.org/resource/谷津町_(横浜市)>	"谷津町 (横浜市)"@ja	<http://dbpedia.org/ontology/Settlement>	<http://ja.dbpedia.org/property/subdivisionName>	"subdivision name"@ja	<http://ja.wikipedia.org/wiki/谷津町_(横浜市)>	<http://wikidata.dbpedia.org/resource/Q95968262>
<http://ja.dbpedia.org/resource/谷津町_(横浜市)>	"谷津町 (横浜市)"@ja	<http://dbpedia.org/ontology/Place>	<http://ja.dbpedia.org/property/subdivisionName>	"subdivision name"@ja	<http://ja.wikipedia.org/wiki/谷津町_(横浜市)>	<http://wikidata.dbpedia.org/resource/Q95968262>
<http://ja.dbpedia.org/resource/谷津町_(横浜市)>	"谷津町 (横浜市)"@ja	<http://dbpedia.org/ontology/Location>	<http://ja.dbpedia.org/property/subdivisionName>	"subdivision name"@ja	<http://ja.wikipedia.org/wiki/谷津町_(横浜市)>	<http://wikidata.dbpedia.org/resource/Q95968262>
<http://ja.dbpedia.org/resource/谷津町_(横浜市)>	"谷津町 (横浜市)"@ja	<http://dbpedia.org/ontology/PopulatedPlace>	<http://ja.dbpedia.org/property/subdivisionName>	"subdivision name"@ja	<http://ja.wikipedia.org/wiki/谷津町_(横浜市)>	<http://wikidata.dbpedia.org/resource/Q95968262>
<http://ja.dbpedia.org/resource/逗子市>	"逗子市"@ja	<http://dbpedia.org/ontology/Place>	<http://ja.dbpedia.org/property/northeast>	"Northeast"@ja	<http://ja.wikipedia.org/wiki/逗子市>	<http://wikidata.dbpedia.org/resource/Q230843>
<http://ja.dbpedia.org/resource/逗子市>	"逗子市"@ja	<http://dbpedia.org/ontology/City>	<http://ja.dbpedia.org/property/northeast>	"Northeast"@ja	<http://ja.wikipedia.org/wiki/逗子市>	<http://wikidata.dbpedia.org/resource/Q230843>
<http://ja.dbpedia.org/resource/逗子市>	"逗子市"@ja	<http://dbpedia.org/ontology/Location>	<http://ja.dbpedia.org/property/northeast>	"Northeast"@ja	<http://ja.wikipedia.org/wiki/逗子市>	<http://wikidata.dbpedia.org/resource/Q230843>
<http://ja.dbpedia.org/resource/逗子市>	"逗子市"@ja	<http://dbpedia.org/ontology/Settlement>	<http://ja.dbpedia.org/property/northeast>	"Northeast"@ja	<http://ja.wikipedia.org/wiki/逗子市>	<http://wikidata.dbpedia.org/resource/Q230843>
<http://ja.dbpedia.org/resource/逗子市>	"逗子市"@ja	<http://dbpedia.org/ontology/PopulatedPlace>	<http://ja.dbpedia.org/property/northeast>	"Northeast"@ja	<http://ja.wikipedia.org/wiki/逗子市>	<http://wikidata.dbpedia.org/resource/Q230843>
<http://ja.dbpedia.org/resource/野島町>	"野島町"@ja	<http://dbpedia.org/ontology/Place>	<http://ja.dbpedia.org/property/subdivisionName>	"subdivision name"@ja	<http://ja.wikipedia.org/wiki/野島町>	<http://wikidata.dbpedia.org/resource/Q95030815>
<http://ja.dbpedia.org/resource/野島町>	"野島町"@ja	<http://dbpedia.org/ontology/Settlement>	<http://ja.dbpedia.org/property/subdivisionName>	"subdivision name"@ja	<http://ja.wikipedia.org/wiki/野島町>	<http://wikidata.dbpedia.org/resource/Q95030815>
<http://ja.dbpedia.org/resource/野島町>	"野島町"@ja	<http://dbpedia.org/ontology/PopulatedPlace>	<http://ja.dbpedia.org/property/subdivisionName>	"subdivision name"@ja	<http://ja.wikipedia.org/wiki/野島町>	<http://wikidata.dbpedia.org/resource/Q95030815>
<http://ja.dbpedia.org/resource/野島町>	"野島町"@ja	<http://dbpedia.org/ontology/Location>	<http://ja.dbpedia.org/property/subdivisionName>	"subdivision name"@ja	<http://ja.wikipedia.org/wiki/野島町>	<http://wikidata.dbpedia.org/resource/Q95030815>
<http://ja.dbpedia.org/resource/金沢町_(横浜市)>	"金沢町 (横浜市)"@ja	<http://dbpedia.org/ontology/Settlement>	<http://ja.dbpedia.org/property/subdivisionName>	"subdivision name"@ja	<http://ja.wikipedia.org/wiki/金沢町_(横浜市)>	<http://wikidata.dbpedia.org/resource/Q97189250>
<http://ja.dbpedia.org/resource/金沢町_(横浜市)>	"金沢町 (横浜市)"@ja	<http://dbpedia.org/ontology/Place>	<http://ja.dbpedia.org/property/subdivisionName>	"subdivision name"@ja	<http://ja.wikipedia.org/wiki/金沢町_(横浜市)>	<http://wikidata.dbpedia.org/resource/Q97189250>
<http://ja.dbpedia.org/resource/金沢町_(横浜市)>	"金沢町 (横浜市)"@ja	<http://dbpedia.org/ontology/Location>	<http://ja.dbpedia.org/property/subdivisionName>	"subdivision name"@ja	<http://ja.wikipedia.org/wiki/金沢町_(横浜市)>	<http://wikidata.dbpedia.org/resource/Q97189250>
<http://ja.dbpedia.org/resource/金沢町_(横浜市)>	"金沢町 (横浜市)"@ja	<http://dbpedia.org/ontology/PopulatedPlace>	<http://ja.dbpedia.org/property/subdivisionName>	"subdivision name"@ja	<http://ja.wikipedia.org/wiki/金沢町_(横浜市)>	<http://wikidata.dbpedia.org/resource/Q97189250>
<http://ja.dbpedia.org/resource/釜利谷町>	"釜利谷町"@ja	<http://dbpedia.org/ontology/PopulatedPlace>	<http://ja.dbpedia.org/property/subdivisionName>	"subdivision name"@ja	<http://ja.wikipedia.org/wiki/釜利谷町>	<http://wikidata.dbpedia.org/resource/Q11648069>
<http://ja.dbpedia.org/resource/釜利谷町>	"釜利谷町"@ja	<http://dbpedia.org/ontology/Location>	<http://ja.dbpedia.org/property/subdivisionName>	"subdivision name"@ja	<http://ja.wikipedia.org/wiki/釜利谷町>	<http://wikidata.dbpedia.org/resource/Q11648069>
<http://ja.dbpedia.org/resource/釜利谷町>	"釜利谷町"@ja	<http://dbpedia.org/ontology/Place>	<http://ja.dbpedia.org/property/subdivisionName>	"subdivision name"@ja	<http://ja.wikipedia.org/wiki/釜利谷町>	<http://wikidata.dbpedia.org/resource/Q11648069>
<http://ja.dbpedia.org/resource/釜利谷町>	"釜利谷町"@ja	<http://dbpedia.org/ontology/Settlement>	<http://ja.dbpedia.org/property/subdivisionName>	"subdivision name"@ja	<http://ja.wikipedia.org/wiki/釜利谷町>	<http://wikidata.dbpedia.org/resource/Q11648069>
<http://ja.dbpedia.org/resource/長浜_(横浜市)>	"長浜 (横浜市)"@ja	<http://dbpedia.org/ontology/Location>	<http://ja.dbpedia.org/property/subdivisionName>	"subdivision name"@ja	<http://ja.wikipedia.org/wiki/長浜_(横浜市)>	<http://wikidata.dbpedia.org/resource/Q30925359>
<http://ja.dbpedia.org/resource/長浜_(横浜市)>	"長浜 (横浜市)"@ja	<http://dbpedia.org/ontology/PopulatedPlace>	<http://ja.dbpedia.org/property/subdivisionName>	"subdivision name"@ja	<http://ja.wikipedia.org/wiki/長浜_(横浜市)>	<http://wikidata.dbpedia.org/resource/Q30925359>
<http://ja.dbpedia.org/resource/長浜_(横浜市)>	"長浜 (横浜市)"@ja	<http://dbpedia.org/ontology/Settlement>	<http://ja.dbpedia.org/property/subdivisionName>	"subdivision name"@ja	<http://ja.wikipedia.org/wiki/長浜_(横浜市)>	<http://wikidata.dbpedia.org/resource/Q30925359>
<http://ja.dbpedia.org/resource/長浜_(横浜市)>	"長浜 (横浜市)"@ja	<http://dbpedia.org/ontology/Place>	<http://ja.dbpedia.org/property/subdivisionName>	"subdivision name"@ja	<http://ja.wikipedia.org/wiki/長浜_(横浜市)>	<http://wikidata.dbpedia.org/resource/Q30925359>
<http://ja.dbpedia.org/resource/高舟台>	"高舟台"@ja	<http://dbpedia.org/ontology/PopulatedPlace>	<http://ja.dbpedia.org/property/subdivisionName>	"subdivision name"@ja	<http://ja.wikipedia.org/wiki/高舟台>	<http://wikidata.dbpedia.org/resource/Q97189434>
<http://ja.dbpedia.org/resource/高舟台>	"高舟台"@ja	<http://dbpedia.org/ontology/Location>	<http://ja.dbpedia.org/property/subdivisionName>	"subdivision name"@ja	<http://ja.wikipedia.org/wiki/高舟台>	<http://wikidata.dbpedia.org/resource/Q97189434>
<http://ja.dbpedia.org/resource/高舟台>	"高舟台"@ja	<http://dbpedia.org/ontology/Place>	<http://ja.dbpedia.org/property/subdivisionName>	"subdivision name"@ja	<http://ja.wikipedia.org/wiki/高舟台>	<http://wikidata.dbpedia.org/resource/Q97189434>
<http://ja.dbpedia.org/resource/高舟台>	"高舟台"@ja	<http://dbpedia.org/ontology/Settlement>	<http://ja.dbpedia.org/property/subdivisionName>	"subdivision name"@ja	<http://ja.wikipedia.org/wiki/高舟台>	<http://wikidata.dbpedia.org/resource/Q97189434>
<http://ja.dbpedia.org/resource/鳥浜町>	"鳥浜町"@ja	<http://dbpedia.org/ontology/Location>	<http://ja.dbpedia.org/property/subdivisionName>	"subdivision name"@ja	<http://ja.wikipedia.org/wiki/鳥浜町>	<http://wikidata.dbpedia.org/resource/Q11675020>
<http://ja.dbpedia.org/resource/鳥浜町>	"鳥浜町"@ja	<http://dbpedia.org/ontology/PopulatedPlace>	<http://ja.dbpedia.org/property/subdivisionName>	"subdivision name"@ja	<http://ja.wikipedia.org/wiki/鳥浜町>	<http://wikidata.dbpedia.org/resource/Q11675020>
<http://ja.dbpedia.org/resource/鳥浜町>	"鳥浜町"@ja	<http://dbpedia.org/ontology/Settlement>	<http://ja.dbpedia.org/property/subdivisionName>	"subdivision name"@ja	<http://ja.wikipedia.org/wiki/鳥浜町>	<http://wikidata.dbpedia.org/resource/Q11675020>
<http://ja.dbpedia.org/resource/鳥浜町>	"鳥浜町"@ja	<http://dbpedia.org/ontology/Place>	<http://ja.dbpedia.org/property/subdivisionName>	"subdivision name"@ja	<http://ja.wikipedia.org/wiki/鳥浜町>	<http://wikidata.dbpedia.org/resource/Q11675020>
<http://ja.dbpedia.org/resource/六浦南>	"六浦南"@ja	<http://dbpedia.org/ontology/Location>	<http://ja.dbpedia.org/property/subdivisionName>	"subdivision name"@ja	<http://ja.wikipedia.org/wiki/六浦南>	
<http://ja.dbpedia.org/resource/六浦南>	"六浦南"@ja	<http://dbpedia.org/ontology/Place>	<http://ja.dbpedia.org/property/subdivisionName>	"subdivision name"@ja	<http://ja.wikipedia.org/wiki/六浦南>	
<http://ja.dbpedia.org/resource/六浦南>	"六浦南"@ja	<http://dbpedia.org/ontology/PopulatedPlace>	<http://ja.dbpedia.org/property/subdivisionName>	"subdivision name"@ja	<http://ja.wikipedia.org/wiki/六浦南>	
<http://ja.dbpedia.org/resource/六浦南>	"六浦南"@ja	<http://dbpedia.org/ontology/Settlement>	<http://ja.dbpedia.org/property/subdivisionName>	"subdivision name"@ja	<http://ja.wikipedia.org/wiki/六浦南>	
<http://ja.dbpedia.org/resource/六浦東>	"六浦東"@ja	<http://dbpedia.org/ontology/Location>	<http://ja.dbpedia.org/property/subdivisionName>	"subdivision name"@ja	<http://ja.wikipedia.org/wiki/六浦東>	
<http://ja.dbpedia.org/resource/六浦東>	"六浦東"@ja	<http://dbpedia.org/ontology/Place>	<http://ja.dbpedia.org/property/subdivisionName>	"subdivision name"@ja	<http://ja.wikipedia.org/wiki/六浦東>	
<http://ja.dbpedia.org/resource/六浦東>	"六浦東"@ja	<http://dbpedia.org/ontology/PopulatedPlace>	<http://ja.dbpedia.org/property/subdivisionName>	"subdivision name"@ja	<http://ja.wikipedia.org/wiki/六浦東>	
<http://ja.dbpedia.org/resource/六浦東>	"六浦東"@ja	<http://dbpedia.org/ontology/Settlement>	<http://ja.dbpedia.org/property/subdivisionName>	"subdivision name"@ja	<http://ja.wikipedia.org/wiki/六浦東>	
<http://ja.dbpedia.org/resource/釜利谷南>	"釜利谷南"@ja	<http://dbpedia.org/ontology/Location>	<http://ja.dbpedia.org/property/subdivisionName>	"subdivision name"@ja	<http://ja.wikipedia.org/wiki/釜利谷南>	
<http://ja.dbpedia.org/resource/釜利谷南>	"釜利谷南"@ja	<http://dbpedia.org/ontology/Place>	<http://ja.dbpedia.org/property/subdivisionName>	"subdivision name"@ja	<http://ja.wikipedia.org/wiki/釜利谷南>	
<http://ja.dbpedia.org/resource/釜利谷南>	"釜利谷南"@ja	<http://dbpedia.org/ontology/PopulatedPlace>	<http://ja.dbpedia.org/property/subdivisionName>	"subdivision name"@ja	<http://ja.wikipedia.org/wiki/釜利谷南>	
<http://ja.dbpedia.org/resource/釜利谷南>	"釜利谷南"@ja	<http://dbpedia.org/ontology/Settlement>	<http://ja.dbpedia.org/property/subdivisionName>	"subdivision name"@ja	<http://ja.wikipedia.org/wiki/釜利谷南>	
<http://ja.dbpedia.org/resource/釜利谷東>	"釜利谷東"@ja	<http://dbpedia.org/ontology/Location>	<http://ja.dbpedia.org/property/subdivisionName>	"subdivision name"@ja	<http://ja.wikipedia.org/wiki/釜利谷東>	
<http://ja.dbpedia.org/resource/釜利谷東>	"釜利谷東"@ja	<http://dbpedia.org/ontology/Place>	<http://ja.dbpedia.org/property/subdivisionName>	"subdivision name"@ja	<http://ja.wikipedia.org/wiki/釜利谷東>	
<http://ja.dbpedia.org/resource/釜利谷東>	"釜利谷東"@ja	<http://dbpedia.org/ontology/PopulatedPlace>	<http://ja.dbpedia.org/property/subdivisionName>	"subdivision name"@ja	<http://ja.wikipedia.org/wiki/釜利谷東>	
<http://ja.dbpedia.org/resource/釜利谷東>	"釜利谷東"@ja	<http://dbpedia.org/ontology/Settlement>	<http://ja.dbpedia.org/property/subdivisionName>	"subdivision name"@ja	<http://ja.wikipedia.org/wiki/釜利谷東>	
