?s	?sLabel	?type	?p	?pLabel	?jwiki	?wd
<http://ja.dbpedia.org/resource/あかね台_(横浜市)>	"あかね台 (横浜市)"@ja	<http://dbpedia.org/ontology/Place>	<http://ja.dbpedia.org/property/subdivisionName>	"subdivision name"@ja	<http://ja.wikipedia.org/wiki/あかね台_(横浜市)>	<http://wikidata.dbpedia.org/resource/Q11256888>
<http://ja.dbpedia.org/resource/あかね台_(横浜市)>	"あかね台 (横浜市)"@ja	<http://dbpedia.org/ontology/Settlement>	<http://ja.dbpedia.org/property/subdivisionName>	"subdivision name"@ja	<http://ja.wikipedia.org/wiki/あかね台_(横浜市)>	<http://wikidata.dbpedia.org/resource/Q11256888>
<http://ja.dbpedia.org/resource/あかね台_(横浜市)>	"あかね台 (横浜市)"@ja	<http://dbpedia.org/ontology/Location>	<http://ja.dbpedia.org/property/subdivisionName>	"subdivision name"@ja	<http://ja.wikipedia.org/wiki/あかね台_(横浜市)>	<http://wikidata.dbpedia.org/resource/Q11256888>
<http://ja.dbpedia.org/resource/あかね台_(横浜市)>	"あかね台 (横浜市)"@ja	<http://dbpedia.org/ontology/PopulatedPlace>	<http://ja.dbpedia.org/property/subdivisionName>	"subdivision name"@ja	<http://ja.wikipedia.org/wiki/あかね台_(横浜市)>	<http://wikidata.dbpedia.org/resource/Q11256888>
<http://ja.dbpedia.org/resource/あざみ野>	"あざみ野"@ja	<http://dbpedia.org/ontology/Place>	<http://ja.dbpedia.org/property/subdivisionName>	"subdivision name"@ja	<http://ja.wikipedia.org/wiki/あざみ野>	<http://wikidata.dbpedia.org/resource/Q4832207>
<http://ja.dbpedia.org/resource/あざみ野>	"あざみ野"@ja	<http://dbpedia.org/ontology/Settlement>	<http://ja.dbpedia.org/property/subdivisionName>	"subdivision name"@ja	<http://ja.wikipedia.org/wiki/あざみ野>	<http://wikidata.dbpedia.org/resource/Q4832207>
<http://ja.dbpedia.org/resource/あざみ野>	"あざみ野"@ja	<http://dbpedia.org/ontology/Location>	<http://ja.dbpedia.org/property/subdivisionName>	"subdivision name"@ja	<http://ja.wikipedia.org/wiki/あざみ野>	<http://wikidata.dbpedia.org/resource/Q4832207>
<http://ja.dbpedia.org/resource/あざみ野>	"あざみ野"@ja	<http://dbpedia.org/ontology/PopulatedPlace>	<http://ja.dbpedia.org/property/subdivisionName>	"subdivision name"@ja	<http://ja.wikipedia.org/wiki/あざみ野>	<http://wikidata.dbpedia.org/resource/Q4832207>
<http://ja.dbpedia.org/resource/あざみ野南>	"あざみ野南"@ja	<http://dbpedia.org/ontology/Place>	<http://ja.dbpedia.org/property/subdivisionName>	"subdivision name"@ja	<http://ja.wikipedia.org/wiki/あざみ野南>	<http://wikidata.dbpedia.org/resource/Q11257277>
<http://ja.dbpedia.org/resource/あざみ野南>	"あざみ野南"@ja	<http://dbpedia.org/ontology/Settlement>	<http://ja.dbpedia.org/property/subdivisionName>	"subdivision name"@ja	<http://ja.wikipedia.org/wiki/あざみ野南>	<http://wikidata.dbpedia.org/resource/Q11257277>
<http://ja.dbpedia.org/resource/あざみ野南>	"あざみ野南"@ja	<http://dbpedia.org/ontology/Location>	<http://ja.dbpedia.org/property/subdivisionName>	"subdivision name"@ja	<http://ja.wikipedia.org/wiki/あざみ野南>	<http://wikidata.dbpedia.org/resource/Q11257277>
<http://ja.dbpedia.org/resource/あざみ野南>	"あざみ野南"@ja	<http://dbpedia.org/ontology/PopulatedPlace>	<http://ja.dbpedia.org/property/subdivisionName>	"subdivision name"@ja	<http://ja.wikipedia.org/wiki/あざみ野南>	<http://wikidata.dbpedia.org/resource/Q11257277>
<http://ja.dbpedia.org/resource/さつきが丘_(横浜市)>	"さつきが丘 (横浜市)"@ja	<http://dbpedia.org/ontology/Location>	<http://ja.dbpedia.org/property/subdivisionName>	"subdivision name"@ja	<http://ja.wikipedia.org/wiki/さつきが丘_(横浜市)>	<http://wikidata.dbpedia.org/resource/Q11268038>
<http://ja.dbpedia.org/resource/さつきが丘_(横浜市)>	"さつきが丘 (横浜市)"@ja	<http://dbpedia.org/ontology/PopulatedPlace>	<http://ja.dbpedia.org/property/subdivisionName>	"subdivision name"@ja	<http://ja.wikipedia.org/wiki/さつきが丘_(横浜市)>	<http://wikidata.dbpedia.org/resource/Q11268038>
<http://ja.dbpedia.org/resource/さつきが丘_(横浜市)>	"さつきが丘 (横浜市)"@ja	<http://dbpedia.org/ontology/Settlement>	<http://ja.dbpedia.org/property/subdivisionName>	"subdivision name"@ja	<http://ja.wikipedia.org/wiki/さつきが丘_(横浜市)>	<http://wikidata.dbpedia.org/resource/Q11268038>
<http://ja.dbpedia.org/resource/さつきが丘_(横浜市)>	"さつきが丘 (横浜市)"@ja	<http://dbpedia.org/ontology/Place>	<http://ja.dbpedia.org/property/subdivisionName>	"subdivision name"@ja	<http://ja.wikipedia.org/wiki/さつきが丘_(横浜市)>	<http://wikidata.dbpedia.org/resource/Q11268038>
<http://ja.dbpedia.org/resource/しらとり台>	"しらとり台"@ja	<http://dbpedia.org/ontology/Location>	<http://ja.dbpedia.org/property/subdivisionName>	"subdivision name"@ja	<http://ja.wikipedia.org/wiki/しらとり台>	<http://wikidata.dbpedia.org/resource/Q11269211>
<http://ja.dbpedia.org/resource/しらとり台>	"しらとり台"@ja	<http://dbpedia.org/ontology/PopulatedPlace>	<http://ja.dbpedia.org/property/subdivisionName>	"subdivision name"@ja	<http://ja.wikipedia.org/wiki/しらとり台>	<http://wikidata.dbpedia.org/resource/Q11269211>
<http://ja.dbpedia.org/resource/しらとり台>	"しらとり台"@ja	<http://dbpedia.org/ontology/Settlement>	<http://ja.dbpedia.org/property/subdivisionName>	"subdivision name"@ja	<http://ja.wikipedia.org/wiki/しらとり台>	<http://wikidata.dbpedia.org/resource/Q11269211>
<http://ja.dbpedia.org/resource/しらとり台>	"しらとり台"@ja	<http://dbpedia.org/ontology/Place>	<http://ja.dbpedia.org/property/subdivisionName>	"subdivision name"@ja	<http://ja.wikipedia.org/wiki/しらとり台>	<http://wikidata.dbpedia.org/resource/Q11269211>
<http://ja.dbpedia.org/resource/すすき野>	"すすき野"@ja	<http://dbpedia.org/ontology/Place>	<http://ja.dbpedia.org/property/subdivisionName>	"subdivision name"@ja	<http://ja.wikipedia.org/wiki/すすき野>	<http://wikidata.dbpedia.org/resource/Q11269673>
<http://ja.dbpedia.org/resource/すすき野>	"すすき野"@ja	<http://dbpedia.org/ontology/Settlement>	<http://ja.dbpedia.org/property/subdivisionName>	"subdivision name"@ja	<http://ja.wikipedia.org/wiki/すすき野>	<http://wikidata.dbpedia.org/resource/Q11269673>
<http://ja.dbpedia.org/resource/すすき野>	"すすき野"@ja	<http://dbpedia.org/ontology/Location>	<http://ja.dbpedia.org/property/subdivisionName>	"subdivision name"@ja	<http://ja.wikipedia.org/wiki/すすき野>	<http://wikidata.dbpedia.org/resource/Q11269673>
<http://ja.dbpedia.org/resource/すすき野>	"すすき野"@ja	<http://dbpedia.org/ontology/PopulatedPlace>	<http://ja.dbpedia.org/property/subdivisionName>	"subdivision name"@ja	<http://ja.wikipedia.org/wiki/すすき野>	<http://wikidata.dbpedia.org/resource/Q11269673>
<http://ja.dbpedia.org/resource/すみよし台>	"すみよし台"@ja	<http://dbpedia.org/ontology/Location>	<http://ja.dbpedia.org/property/subdivisionName>	"subdivision name"@ja	<http://ja.wikipedia.org/wiki/すみよし台>	<http://wikidata.dbpedia.org/resource/Q85869025>
<http://ja.dbpedia.org/resource/すみよし台>	"すみよし台"@ja	<http://dbpedia.org/ontology/PopulatedPlace>	<http://ja.dbpedia.org/property/subdivisionName>	"subdivision name"@ja	<http://ja.wikipedia.org/wiki/すみよし台>	<http://wikidata.dbpedia.org/resource/Q85869025>
<http://ja.dbpedia.org/resource/すみよし台>	"すみよし台"@ja	<http://dbpedia.org/ontology/Settlement>	<http://ja.dbpedia.org/property/subdivisionName>	"subdivision name"@ja	<http://ja.wikipedia.org/wiki/すみよし台>	<http://wikidata.dbpedia.org/resource/Q85869025>
<http://ja.dbpedia.org/resource/すみよし台>	"すみよし台"@ja	<http://dbpedia.org/ontology/Place>	<http://ja.dbpedia.org/property/subdivisionName>	"subdivision name"@ja	<http://ja.wikipedia.org/wiki/すみよし台>	<http://wikidata.dbpedia.org/resource/Q85869025>
<http://ja.dbpedia.org/resource/たちばな台>	"たちばな台"@ja	<http://dbpedia.org/ontology/Location>	<http://ja.dbpedia.org/property/subdivisionName>	"subdivision name"@ja	<http://ja.wikipedia.org/wiki/たちばな台>	<http://wikidata.dbpedia.org/resource/Q48761778>
<http://ja.dbpedia.org/resource/たちばな台>	"たちばな台"@ja	<http://dbpedia.org/ontology/PopulatedPlace>	<http://ja.dbpedia.org/property/subdivisionName>	"subdivision name"@ja	<http://ja.wikipedia.org/wiki/たちばな台>	<http://wikidata.dbpedia.org/resource/Q48761778>
<http://ja.dbpedia.org/resource/たちばな台>	"たちばな台"@ja	<http://dbpedia.org/ontology/Settlement>	<http://ja.dbpedia.org/property/subdivisionName>	"subdivision name"@ja	<http://ja.wikipedia.org/wiki/たちばな台>	<http://wikidata.dbpedia.org/resource/Q48761778>
<http://ja.dbpedia.org/resource/たちばな台>	"たちばな台"@ja	<http://dbpedia.org/ontology/Place>	<http://ja.dbpedia.org/property/subdivisionName>	"subdivision name"@ja	<http://ja.wikipedia.org/wiki/たちばな台>	<http://wikidata.dbpedia.org/resource/Q48761778>
<http://ja.dbpedia.org/resource/つつじが丘_(横浜市)>	"つつじが丘 (横浜市)"@ja	<http://dbpedia.org/ontology/Location>	<http://ja.dbpedia.org/property/subdivisionName>	"subdivision name"@ja	<http://ja.wikipedia.org/wiki/つつじが丘_(横浜市)>	<http://wikidata.dbpedia.org/resource/Q11272353>
<http://ja.dbpedia.org/resource/つつじが丘_(横浜市)>	"つつじが丘 (横浜市)"@ja	<http://dbpedia.org/ontology/PopulatedPlace>	<http://ja.dbpedia.org/property/subdivisionName>	"subdivision name"@ja	<http://ja.wikipedia.org/wiki/つつじが丘_(横浜市)>	<http://wikidata.dbpedia.org/resource/Q11272353>
<http://ja.dbpedia.org/resource/つつじが丘_(横浜市)>	"つつじが丘 (横浜市)"@ja	<http://dbpedia.org/ontology/Settlement>	<http://ja.dbpedia.org/property/subdivisionName>	"subdivision name"@ja	<http://ja.wikipedia.org/wiki/つつじが丘_(横浜市)>	<http://wikidata.dbpedia.org/resource/Q11272353>
<http://ja.dbpedia.org/resource/つつじが丘_(横浜市)>	"つつじが丘 (横浜市)"@ja	<http://dbpedia.org/ontology/Place>	<http://ja.dbpedia.org/property/subdivisionName>	"subdivision name"@ja	<http://ja.wikipedia.org/wiki/つつじが丘_(横浜市)>	<http://wikidata.dbpedia.org/resource/Q11272353>
<http://ja.dbpedia.org/resource/みすずが丘>	"みすずが丘"@ja	<http://dbpedia.org/ontology/PopulatedPlace>	<http://ja.dbpedia.org/property/subdivisionName>	"subdivision name"@ja	<http://ja.wikipedia.org/wiki/みすずが丘>	<http://wikidata.dbpedia.org/resource/Q11278852>
<http://ja.dbpedia.org/resource/みすずが丘>	"みすずが丘"@ja	<http://dbpedia.org/ontology/Location>	<http://ja.dbpedia.org/property/subdivisionName>	"subdivision name"@ja	<http://ja.wikipedia.org/wiki/みすずが丘>	<http://wikidata.dbpedia.org/resource/Q11278852>
<http://ja.dbpedia.org/resource/みすずが丘>	"みすずが丘"@ja	<http://dbpedia.org/ontology/Settlement>	<http://ja.dbpedia.org/property/subdivisionName>	"subdivision name"@ja	<http://ja.wikipedia.org/wiki/みすずが丘>	<http://wikidata.dbpedia.org/resource/Q11278852>
<http://ja.dbpedia.org/resource/みすずが丘>	"みすずが丘"@ja	<http://dbpedia.org/ontology/Place>	<http://ja.dbpedia.org/property/subdivisionName>	"subdivision name"@ja	<http://ja.wikipedia.org/wiki/みすずが丘>	<http://wikidata.dbpedia.org/resource/Q11278852>
<http://ja.dbpedia.org/resource/みたけ台>	"みたけ台"@ja	<http://dbpedia.org/ontology/PopulatedPlace>	<http://ja.dbpedia.org/property/subdivisionName>	"subdivision name"@ja	<http://ja.wikipedia.org/wiki/みたけ台>	<http://wikidata.dbpedia.org/resource/Q11278945>
<http://ja.dbpedia.org/resource/みたけ台>	"みたけ台"@ja	<http://dbpedia.org/ontology/Location>	<http://ja.dbpedia.org/property/subdivisionName>	"subdivision name"@ja	<http://ja.wikipedia.org/wiki/みたけ台>	<http://wikidata.dbpedia.org/resource/Q11278945>
<http://ja.dbpedia.org/resource/みたけ台>	"みたけ台"@ja	<http://dbpedia.org/ontology/Place>	<http://ja.dbpedia.org/property/subdivisionName>	"subdivision name"@ja	<http://ja.wikipedia.org/wiki/みたけ台>	<http://wikidata.dbpedia.org/resource/Q11278945>
<http://ja.dbpedia.org/resource/みたけ台>	"みたけ台"@ja	<http://dbpedia.org/ontology/Settlement>	<http://ja.dbpedia.org/property/subdivisionName>	"subdivision name"@ja	<http://ja.wikipedia.org/wiki/みたけ台>	<http://wikidata.dbpedia.org/resource/Q11278945>
<http://ja.dbpedia.org/resource/もえぎ野_(横浜市)>	"もえぎ野 (横浜市)"@ja	<http://dbpedia.org/ontology/Place>	<http://ja.dbpedia.org/property/subdivisionName>	"subdivision name"@ja	<http://ja.wikipedia.org/wiki/もえぎ野_(横浜市)>	<http://wikidata.dbpedia.org/resource/Q11279887>
<http://ja.dbpedia.org/resource/もえぎ野_(横浜市)>	"もえぎ野 (横浜市)"@ja	<http://dbpedia.org/ontology/Settlement>	<http://ja.dbpedia.org/property/subdivisionName>	"subdivision name"@ja	<http://ja.wikipedia.org/wiki/もえぎ野_(横浜市)>	<http://wikidata.dbpedia.org/resource/Q11279887>
<http://ja.dbpedia.org/resource/もえぎ野_(横浜市)>	"もえぎ野 (横浜市)"@ja	<http://dbpedia.org/ontology/Location>	<http://ja.dbpedia.org/property/subdivisionName>	"subdivision name"@ja	<http://ja.wikipedia.org/wiki/もえぎ野_(横浜市)>	<http://wikidata.dbpedia.org/resource/Q11279887>
<http://ja.dbpedia.org/resource/もえぎ野_(横浜市)>	"もえぎ野 (横浜市)"@ja	<http://dbpedia.org/ontology/PopulatedPlace>	<http://ja.dbpedia.org/property/subdivisionName>	"subdivision name"@ja	<http://ja.wikipedia.org/wiki/もえぎ野_(横浜市)>	<http://wikidata.dbpedia.org/resource/Q11279887>
<http://ja.dbpedia.org/resource/もみの木台>	"もみの木台"@ja	<http://dbpedia.org/ontology/Location>	<http://ja.dbpedia.org/property/subdivisionName>	"subdivision name"@ja	<http://ja.wikipedia.org/wiki/もみの木台>	<http://wikidata.dbpedia.org/resource/Q11280109>
<http://ja.dbpedia.org/resource/もみの木台>	"もみの木台"@ja	<http://dbpedia.org/ontology/PopulatedPlace>	<http://ja.dbpedia.org/property/subdivisionName>	"subdivision name"@ja	<http://ja.wikipedia.org/wiki/もみの木台>	<http://wikidata.dbpedia.org/resource/Q11280109>
<http://ja.dbpedia.org/resource/もみの木台>	"もみの木台"@ja	<http://dbpedia.org/ontology/Settlement>	<http://ja.dbpedia.org/property/subdivisionName>	"subdivision name"@ja	<http://ja.wikipedia.org/wiki/もみの木台>	<http://wikidata.dbpedia.org/resource/Q11280109>
<http://ja.dbpedia.org/resource/もみの木台>	"もみの木台"@ja	<http://dbpedia.org/ontology/Place>	<http://ja.dbpedia.org/property/subdivisionName>	"subdivision name"@ja	<http://ja.wikipedia.org/wiki/もみの木台>	<http://wikidata.dbpedia.org/resource/Q11280109>
<http://ja.dbpedia.org/resource/上谷本町>	"上谷本町"@ja	<http://dbpedia.org/ontology/Location>	<http://ja.dbpedia.org/property/subdivisionName>	"subdivision name"@ja	<http://ja.wikipedia.org/wiki/上谷本町>	<http://wikidata.dbpedia.org/resource/Q11360129>
<http://ja.dbpedia.org/resource/上谷本町>	"上谷本町"@ja	<http://dbpedia.org/ontology/PopulatedPlace>	<http://ja.dbpedia.org/property/subdivisionName>	"subdivision name"@ja	<http://ja.wikipedia.org/wiki/上谷本町>	<http://wikidata.dbpedia.org/resource/Q11360129>
<http://ja.dbpedia.org/resource/上谷本町>	"上谷本町"@ja	<http://dbpedia.org/ontology/Settlement>	<http://ja.dbpedia.org/property/subdivisionName>	"subdivision name"@ja	<http://ja.wikipedia.org/wiki/上谷本町>	<http://wikidata.dbpedia.org/resource/Q11360129>
<http://ja.dbpedia.org/resource/上谷本町>	"上谷本町"@ja	<http://dbpedia.org/ontology/Place>	<http://ja.dbpedia.org/property/subdivisionName>	"subdivision name"@ja	<http://ja.wikipedia.org/wiki/上谷本町>	<http://wikidata.dbpedia.org/resource/Q11360129>
<http://ja.dbpedia.org/resource/下谷本町>	"下谷本町"@ja	<http://dbpedia.org/ontology/Location>	<http://ja.dbpedia.org/property/subdivisionName>	"subdivision name"@ja	<http://ja.wikipedia.org/wiki/下谷本町>	<http://wikidata.dbpedia.org/resource/Q48761761>
<http://ja.dbpedia.org/resource/下谷本町>	"下谷本町"@ja	<http://dbpedia.org/ontology/PopulatedPlace>	<http://ja.dbpedia.org/property/subdivisionName>	"subdivision name"@ja	<http://ja.wikipedia.org/wiki/下谷本町>	<http://wikidata.dbpedia.org/resource/Q48761761>
<http://ja.dbpedia.org/resource/下谷本町>	"下谷本町"@ja	<http://dbpedia.org/ontology/Settlement>	<http://ja.dbpedia.org/property/subdivisionName>	"subdivision name"@ja	<http://ja.wikipedia.org/wiki/下谷本町>	<http://wikidata.dbpedia.org/resource/Q48761761>
<http://ja.dbpedia.org/resource/下谷本町>	"下谷本町"@ja	<http://dbpedia.org/ontology/Place>	<http://ja.dbpedia.org/property/subdivisionName>	"subdivision name"@ja	<http://ja.wikipedia.org/wiki/下谷本町>	<http://wikidata.dbpedia.org/resource/Q48761761>
<http://ja.dbpedia.org/resource/元石川町_(横浜市)>	"元石川町 (横浜市)"@ja	<http://dbpedia.org/ontology/PopulatedPlace>	<http://ja.dbpedia.org/property/subdivisionName>	"subdivision name"@ja	<http://ja.wikipedia.org/wiki/元石川町_(横浜市)>	<http://wikidata.dbpedia.org/resource/Q11387990>
<http://ja.dbpedia.org/resource/元石川町_(横浜市)>	"元石川町 (横浜市)"@ja	<http://dbpedia.org/ontology/Location>	<http://ja.dbpedia.org/property/subdivisionName>	"subdivision name"@ja	<http://ja.wikipedia.org/wiki/元石川町_(横浜市)>	<http://wikidata.dbpedia.org/resource/Q11387990>
<http://ja.dbpedia.org/resource/元石川町_(横浜市)>	"元石川町 (横浜市)"@ja	<http://dbpedia.org/ontology/Settlement>	<http://ja.dbpedia.org/property/subdivisionName>	"subdivision name"@ja	<http://ja.wikipedia.org/wiki/元石川町_(横浜市)>	<http://wikidata.dbpedia.org/resource/Q11387990>
<http://ja.dbpedia.org/resource/元石川町_(横浜市)>	"元石川町 (横浜市)"@ja	<http://dbpedia.org/ontology/Place>	<http://ja.dbpedia.org/property/subdivisionName>	"subdivision name"@ja	<http://ja.wikipedia.org/wiki/元石川町_(横浜市)>	<http://wikidata.dbpedia.org/resource/Q11387990>
<http://ja.dbpedia.org/resource/千草台_(横浜市)>	"千草台 (横浜市)"@ja	<http://dbpedia.org/ontology/PopulatedPlace>	<http://ja.dbpedia.org/property/subdivisionName>	"subdivision name"@ja	<http://ja.wikipedia.org/wiki/千草台_(横浜市)>	<http://wikidata.dbpedia.org/resource/Q97202087>
<http://ja.dbpedia.org/resource/千草台_(横浜市)>	"千草台 (横浜市)"@ja	<http://dbpedia.org/ontology/Location>	<http://ja.dbpedia.org/property/subdivisionName>	"subdivision name"@ja	<http://ja.wikipedia.org/wiki/千草台_(横浜市)>	<http://wikidata.dbpedia.org/resource/Q97202087>
<http://ja.dbpedia.org/resource/千草台_(横浜市)>	"千草台 (横浜市)"@ja	<http://dbpedia.org/ontology/Place>	<http://ja.dbpedia.org/property/subdivisionName>	"subdivision name"@ja	<http://ja.wikipedia.org/wiki/千草台_(横浜市)>	<http://wikidata.dbpedia.org/resource/Q97202087>
<http://ja.dbpedia.org/resource/千草台_(横浜市)>	"千草台 (横浜市)"@ja	<http://dbpedia.org/ontology/Settlement>	<http://ja.dbpedia.org/property/subdivisionName>	"subdivision name"@ja	<http://ja.wikipedia.org/wiki/千草台_(横浜市)>	<http://wikidata.dbpedia.org/resource/Q97202087>
<http://ja.dbpedia.org/resource/大場町_(横浜市)>	"大場町 (横浜市)"@ja	<http://dbpedia.org/ontology/Location>	<http://ja.dbpedia.org/property/subdivisionName>	"subdivision name"@ja	<http://ja.wikipedia.org/wiki/大場町_(横浜市)>	<http://wikidata.dbpedia.org/resource/Q11433901>
<http://ja.dbpedia.org/resource/大場町_(横浜市)>	"大場町 (横浜市)"@ja	<http://dbpedia.org/ontology/PopulatedPlace>	<http://ja.dbpedia.org/property/subdivisionName>	"subdivision name"@ja	<http://ja.wikipedia.org/wiki/大場町_(横浜市)>	<http://wikidata.dbpedia.org/resource/Q11433901>
<http://ja.dbpedia.org/resource/大場町_(横浜市)>	"大場町 (横浜市)"@ja	<http://dbpedia.org/ontology/Settlement>	<http://ja.dbpedia.org/property/subdivisionName>	"subdivision name"@ja	<http://ja.wikipedia.org/wiki/大場町_(横浜市)>	<http://wikidata.dbpedia.org/resource/Q11433901>
<http://ja.dbpedia.org/resource/大場町_(横浜市)>	"大場町 (横浜市)"@ja	<http://dbpedia.org/ontology/Place>	<http://ja.dbpedia.org/property/subdivisionName>	"subdivision name"@ja	<http://ja.wikipedia.org/wiki/大場町_(横浜市)>	<http://wikidata.dbpedia.org/resource/Q11433901>
<http://ja.dbpedia.org/resource/奈良_(横浜市)>	"奈良 (横浜市)"@ja	<http://dbpedia.org/ontology/PopulatedPlace>	<http://ja.dbpedia.org/property/subdivisionName>	"subdivision name"@ja	<http://ja.wikipedia.org/wiki/奈良_(横浜市)>	<http://wikidata.dbpedia.org/resource/Q11444976>
<http://ja.dbpedia.org/resource/奈良_(横浜市)>	"奈良 (横浜市)"@ja	<http://dbpedia.org/ontology/Location>	<http://ja.dbpedia.org/property/subdivisionName>	"subdivision name"@ja	<http://ja.wikipedia.org/wiki/奈良_(横浜市)>	<http://wikidata.dbpedia.org/resource/Q11444976>
<http://ja.dbpedia.org/resource/奈良_(横浜市)>	"奈良 (横浜市)"@ja	<http://dbpedia.org/ontology/Settlement>	<http://ja.dbpedia.org/property/subdivisionName>	"subdivision name"@ja	<http://ja.wikipedia.org/wiki/奈良_(横浜市)>	<http://wikidata.dbpedia.org/resource/Q11444976>
<http://ja.dbpedia.org/resource/奈良_(横浜市)>	"奈良 (横浜市)"@ja	<http://dbpedia.org/ontology/Place>	<http://ja.dbpedia.org/property/subdivisionName>	"subdivision name"@ja	<http://ja.wikipedia.org/wiki/奈良_(横浜市)>	<http://wikidata.dbpedia.org/resource/Q11444976>
<http://ja.dbpedia.org/resource/奈良町_(横浜市)>	"奈良町 (横浜市)"@ja	<http://dbpedia.org/ontology/PopulatedPlace>	<http://ja.dbpedia.org/property/subdivisionName>	"subdivision name"@ja	<http://ja.wikipedia.org/wiki/奈良町_(横浜市)>	<http://wikidata.dbpedia.org/resource/Q11445138>
<http://ja.dbpedia.org/resource/奈良町_(横浜市)>	"奈良町 (横浜市)"@ja	<http://dbpedia.org/ontology/Location>	<http://ja.dbpedia.org/property/subdivisionName>	"subdivision name"@ja	<http://ja.wikipedia.org/wiki/奈良町_(横浜市)>	<http://wikidata.dbpedia.org/resource/Q11445138>
<http://ja.dbpedia.org/resource/奈良町_(横浜市)>	"奈良町 (横浜市)"@ja	<http://dbpedia.org/ontology/Settlement>	<http://ja.dbpedia.org/property/subdivisionName>	"subdivision name"@ja	<http://ja.wikipedia.org/wiki/奈良町_(横浜市)>	<http://wikidata.dbpedia.org/resource/Q11445138>
<http://ja.dbpedia.org/resource/奈良町_(横浜市)>	"奈良町 (横浜市)"@ja	<http://dbpedia.org/ontology/Place>	<http://ja.dbpedia.org/property/subdivisionName>	"subdivision name"@ja	<http://ja.wikipedia.org/wiki/奈良町_(横浜市)>	<http://wikidata.dbpedia.org/resource/Q11445138>
<http://ja.dbpedia.org/resource/寺家町_(横浜市)>	"寺家町 (横浜市)"@ja	<http://dbpedia.org/ontology/PopulatedPlace>	<http://ja.dbpedia.org/property/subdivisionName>	"subdivision name"@ja	<http://ja.wikipedia.org/wiki/寺家町_(横浜市)>	<http://wikidata.dbpedia.org/resource/Q48761601>
<http://ja.dbpedia.org/resource/寺家町_(横浜市)>	"寺家町 (横浜市)"@ja	<http://dbpedia.org/ontology/Location>	<http://ja.dbpedia.org/property/subdivisionName>	"subdivision name"@ja	<http://ja.wikipedia.org/wiki/寺家町_(横浜市)>	<http://wikidata.dbpedia.org/resource/Q48761601>
<http://ja.dbpedia.org/resource/寺家町_(横浜市)>	"寺家町 (横浜市)"@ja	<http://dbpedia.org/ontology/Place>	<http://ja.dbpedia.org/property/subdivisionName>	"subdivision name"@ja	<http://ja.wikipedia.org/wiki/寺家町_(横浜市)>	<http://wikidata.dbpedia.org/resource/Q48761601>
<http://ja.dbpedia.org/resource/寺家町_(横浜市)>	"寺家町 (横浜市)"@ja	<http://dbpedia.org/ontology/Settlement>	<http://ja.dbpedia.org/property/subdivisionName>	"subdivision name"@ja	<http://ja.wikipedia.org/wiki/寺家町_(横浜市)>	<http://wikidata.dbpedia.org/resource/Q48761601>
<http://ja.dbpedia.org/resource/山崎誠>	"山崎誠"@ja	<http://dbpedia.org/ontology/Animal>	<http://ja.dbpedia.org/property/選挙区>	"選挙区"@ja	<http://ja.wikipedia.org/wiki/山崎誠>	<http://wikidata.dbpedia.org/resource/Q11468214>
<http://ja.dbpedia.org/resource/山崎誠>	"山崎誠"@ja	<http://dbpedia.org/ontology/Politician>	<http://ja.dbpedia.org/property/選挙区>	"選挙区"@ja	<http://ja.wikipedia.org/wiki/山崎誠>	<http://wikidata.dbpedia.org/resource/Q11468214>
<http://ja.dbpedia.org/resource/山崎誠>	"山崎誠"@ja	<http://dbpedia.org/ontology/Eukaryote>	<http://ja.dbpedia.org/property/選挙区>	"選挙区"@ja	<http://ja.wikipedia.org/wiki/山崎誠>	<http://wikidata.dbpedia.org/resource/Q11468214>
<http://ja.dbpedia.org/resource/山崎誠>	"山崎誠"@ja	<http://dbpedia.org/ontology/Species>	<http://ja.dbpedia.org/property/選挙区>	"選挙区"@ja	<http://ja.wikipedia.org/wiki/山崎誠>	<http://wikidata.dbpedia.org/resource/Q11468214>
<http://ja.dbpedia.org/resource/山崎誠>	"山崎誠"@ja	<http://dbpedia.org/ontology/Person>	<http://ja.dbpedia.org/property/選挙区>	"選挙区"@ja	<http://ja.wikipedia.org/wiki/山崎誠>	<http://wikidata.dbpedia.org/resource/Q11468214>
<http://ja.dbpedia.org/resource/市ケ尾町>	"市ケ尾町"@ja	<http://dbpedia.org/ontology/Settlement>	<http://ja.dbpedia.org/property/subdivisionName>	"subdivision name"@ja	<http://ja.wikipedia.org/wiki/市ケ尾町>	<http://wikidata.dbpedia.org/resource/Q11479968>
<http://ja.dbpedia.org/resource/市ケ尾町>	"市ケ尾町"@ja	<http://dbpedia.org/ontology/Place>	<http://ja.dbpedia.org/property/subdivisionName>	"subdivision name"@ja	<http://ja.wikipedia.org/wiki/市ケ尾町>	<http://wikidata.dbpedia.org/resource/Q11479968>
<http://ja.dbpedia.org/resource/市ケ尾町>	"市ケ尾町"@ja	<http://dbpedia.org/ontology/Location>	<http://ja.dbpedia.org/property/subdivisionName>	"subdivision name"@ja	<http://ja.wikipedia.org/wiki/市ケ尾町>	<http://wikidata.dbpedia.org/resource/Q11479968>
<http://ja.dbpedia.org/resource/市ケ尾町>	"市ケ尾町"@ja	<http://dbpedia.org/ontology/PopulatedPlace>	<http://ja.dbpedia.org/property/subdivisionName>	"subdivision name"@ja	<http://ja.wikipedia.org/wiki/市ケ尾町>	<http://wikidata.dbpedia.org/resource/Q11479968>
<http://ja.dbpedia.org/resource/恩田町_(横浜市)>	"恩田町 (横浜市)"@ja	<http://dbpedia.org/ontology/PopulatedPlace>	<http://ja.dbpedia.org/property/subdivisionName>	"subdivision name"@ja	<http://ja.wikipedia.org/wiki/恩田町_(横浜市)>	<http://wikidata.dbpedia.org/resource/Q11492277>
<http://ja.dbpedia.org/resource/恩田町_(横浜市)>	"恩田町 (横浜市)"@ja	<http://dbpedia.org/ontology/Location>	<http://ja.dbpedia.org/property/subdivisionName>	"subdivision name"@ja	<http://ja.wikipedia.org/wiki/恩田町_(横浜市)>	<http://wikidata.dbpedia.org/resource/Q11492277>
<http://ja.dbpedia.org/resource/恩田町_(横浜市)>	"恩田町 (横浜市)"@ja	<http://dbpedia.org/ontology/Settlement>	<http://ja.dbpedia.org/property/subdivisionName>	"subdivision name"@ja	<http://ja.wikipedia.org/wiki/恩田町_(横浜市)>	<http://wikidata.dbpedia.org/resource/Q11492277>
<http://ja.dbpedia.org/resource/恩田町_(横浜市)>	"恩田町 (横浜市)"@ja	<http://dbpedia.org/ontology/Place>	<http://ja.dbpedia.org/property/subdivisionName>	"subdivision name"@ja	<http://ja.wikipedia.org/wiki/恩田町_(横浜市)>	<http://wikidata.dbpedia.org/resource/Q11492277>
<http://ja.dbpedia.org/resource/成合町_(横浜市)>	"成合町 (横浜市)"@ja	<http://dbpedia.org/ontology/Place>	<http://ja.dbpedia.org/property/subdivisionName>	"subdivision name"@ja	<http://ja.wikipedia.org/wiki/成合町_(横浜市)>	<http://wikidata.dbpedia.org/resource/Q11495393>
<http://ja.dbpedia.org/resource/成合町_(横浜市)>	"成合町 (横浜市)"@ja	<http://dbpedia.org/ontology/Settlement>	<http://ja.dbpedia.org/property/subdivisionName>	"subdivision name"@ja	<http://ja.wikipedia.org/wiki/成合町_(横浜市)>	<http://wikidata.dbpedia.org/resource/Q11495393>
<http://ja.dbpedia.org/resource/成合町_(横浜市)>	"成合町 (横浜市)"@ja	<http://dbpedia.org/ontology/PopulatedPlace>	<http://ja.dbpedia.org/property/subdivisionName>	"subdivision name"@ja	<http://ja.wikipedia.org/wiki/成合町_(横浜市)>	<http://wikidata.dbpedia.org/resource/Q11495393>
<http://ja.dbpedia.org/resource/成合町_(横浜市)>	"成合町 (横浜市)"@ja	<http://dbpedia.org/ontology/Location>	<http://ja.dbpedia.org/property/subdivisionName>	"subdivision name"@ja	<http://ja.wikipedia.org/wiki/成合町_(横浜市)>	<http://wikidata.dbpedia.org/resource/Q11495393>
<http://ja.dbpedia.org/resource/新石川>	"新石川"@ja	<http://dbpedia.org/ontology/Settlement>	<http://ja.dbpedia.org/property/subdivisionName>	"subdivision name"@ja	<http://ja.wikipedia.org/wiki/新石川>	<http://wikidata.dbpedia.org/resource/Q11503863>
<http://ja.dbpedia.org/resource/新石川>	"新石川"@ja	<http://dbpedia.org/ontology/Place>	<http://ja.dbpedia.org/property/subdivisionName>	"subdivision name"@ja	<http://ja.wikipedia.org/wiki/新石川>	<http://wikidata.dbpedia.org/resource/Q11503863>
<http://ja.dbpedia.org/resource/新石川>	"新石川"@ja	<http://dbpedia.org/ontology/Location>	<http://ja.dbpedia.org/property/subdivisionName>	"subdivision name"@ja	<http://ja.wikipedia.org/wiki/新石川>	<http://wikidata.dbpedia.org/resource/Q11503863>
<http://ja.dbpedia.org/resource/新石川>	"新石川"@ja	<http://dbpedia.org/ontology/PopulatedPlace>	<http://ja.dbpedia.org/property/subdivisionName>	"subdivision name"@ja	<http://ja.wikipedia.org/wiki/新石川>	<http://wikidata.dbpedia.org/resource/Q11503863>
<http://ja.dbpedia.org/resource/松風台_(横浜市)>	"松風台 (横浜市)"@ja	<http://dbpedia.org/ontology/Place>	<http://ja.dbpedia.org/property/subdivisionName>	"subdivision name"@ja	<http://ja.wikipedia.org/wiki/松風台_(横浜市)>	<http://wikidata.dbpedia.org/resource/Q48761788>
<http://ja.dbpedia.org/resource/松風台_(横浜市)>	"松風台 (横浜市)"@ja	<http://dbpedia.org/ontology/Settlement>	<http://ja.dbpedia.org/property/subdivisionName>	"subdivision name"@ja	<http://ja.wikipedia.org/wiki/松風台_(横浜市)>	<http://wikidata.dbpedia.org/resource/Q48761788>
<http://ja.dbpedia.org/resource/松風台_(横浜市)>	"松風台 (横浜市)"@ja	<http://dbpedia.org/ontology/PopulatedPlace>	<http://ja.dbpedia.org/property/subdivisionName>	"subdivision name"@ja	<http://ja.wikipedia.org/wiki/松風台_(横浜市)>	<http://wikidata.dbpedia.org/resource/Q48761788>
<http://ja.dbpedia.org/resource/松風台_(横浜市)>	"松風台 (横浜市)"@ja	<http://dbpedia.org/ontology/Location>	<http://ja.dbpedia.org/property/subdivisionName>	"subdivision name"@ja	<http://ja.wikipedia.org/wiki/松風台_(横浜市)>	<http://wikidata.dbpedia.org/resource/Q48761788>
<http://ja.dbpedia.org/resource/柿の木台>	"柿の木台"@ja	<http://dbpedia.org/ontology/Settlement>	<http://ja.dbpedia.org/property/subdivisionName>	"subdivision name"@ja	<http://ja.wikipedia.org/wiki/柿の木台>	<http://wikidata.dbpedia.org/resource/Q11534974>
<http://ja.dbpedia.org/resource/柿の木台>	"柿の木台"@ja	<http://dbpedia.org/ontology/Place>	<http://ja.dbpedia.org/property/subdivisionName>	"subdivision name"@ja	<http://ja.wikipedia.org/wiki/柿の木台>	<http://wikidata.dbpedia.org/resource/Q11534974>
<http://ja.dbpedia.org/resource/柿の木台>	"柿の木台"@ja	<http://dbpedia.org/ontology/Location>	<http://ja.dbpedia.org/property/subdivisionName>	"subdivision name"@ja	<http://ja.wikipedia.org/wiki/柿の木台>	<http://wikidata.dbpedia.org/resource/Q11534974>
<http://ja.dbpedia.org/resource/柿の木台>	"柿の木台"@ja	<http://dbpedia.org/ontology/PopulatedPlace>	<http://ja.dbpedia.org/property/subdivisionName>	"subdivision name"@ja	<http://ja.wikipedia.org/wiki/柿の木台>	<http://wikidata.dbpedia.org/resource/Q11534974>
<http://ja.dbpedia.org/resource/桂台_(横浜市)>	"桂台 (横浜市)"@ja	<http://dbpedia.org/ontology/Place>	<http://ja.dbpedia.org/property/subdivisionName>	"subdivision name"@ja	<http://ja.wikipedia.org/wiki/桂台_(横浜市)>	<http://wikidata.dbpedia.org/resource/Q11536610>
<http://ja.dbpedia.org/resource/桂台_(横浜市)>	"桂台 (横浜市)"@ja	<http://dbpedia.org/ontology/Settlement>	<http://ja.dbpedia.org/property/subdivisionName>	"subdivision name"@ja	<http://ja.wikipedia.org/wiki/桂台_(横浜市)>	<http://wikidata.dbpedia.org/resource/Q11536610>
<http://ja.dbpedia.org/resource/桂台_(横浜市)>	"桂台 (横浜市)"@ja	<http://dbpedia.org/ontology/PopulatedPlace>	<http://ja.dbpedia.org/property/subdivisionName>	"subdivision name"@ja	<http://ja.wikipedia.org/wiki/桂台_(横浜市)>	<http://wikidata.dbpedia.org/resource/Q11536610>
<http://ja.dbpedia.org/resource/桂台_(横浜市)>	"桂台 (横浜市)"@ja	<http://dbpedia.org/ontology/Location>	<http://ja.dbpedia.org/property/subdivisionName>	"subdivision name"@ja	<http://ja.wikipedia.org/wiki/桂台_(横浜市)>	<http://wikidata.dbpedia.org/resource/Q11536610>
<http://ja.dbpedia.org/resource/桜台_(横浜市)>	"桜台 (横浜市)"@ja	<http://dbpedia.org/ontology/Place>	<http://ja.dbpedia.org/property/subdivisionName>	"subdivision name"@ja	<http://ja.wikipedia.org/wiki/桜台_(横浜市)>	<http://wikidata.dbpedia.org/resource/Q48761595>
<http://ja.dbpedia.org/resource/桜台_(横浜市)>	"桜台 (横浜市)"@ja	<http://dbpedia.org/ontology/Settlement>	<http://ja.dbpedia.org/property/subdivisionName>	"subdivision name"@ja	<http://ja.wikipedia.org/wiki/桜台_(横浜市)>	<http://wikidata.dbpedia.org/resource/Q48761595>
<http://ja.dbpedia.org/resource/桜台_(横浜市)>	"桜台 (横浜市)"@ja	<http://dbpedia.org/ontology/PopulatedPlace>	<http://ja.dbpedia.org/property/subdivisionName>	"subdivision name"@ja	<http://ja.wikipedia.org/wiki/桜台_(横浜市)>	<http://wikidata.dbpedia.org/resource/Q48761595>
<http://ja.dbpedia.org/resource/桜台_(横浜市)>	"桜台 (横浜市)"@ja	<http://dbpedia.org/ontology/Location>	<http://ja.dbpedia.org/property/subdivisionName>	"subdivision name"@ja	<http://ja.wikipedia.org/wiki/桜台_(横浜市)>	<http://wikidata.dbpedia.org/resource/Q48761595>
<http://ja.dbpedia.org/resource/梅が丘_(横浜市)>	"梅が丘 (横浜市)"@ja	<http://dbpedia.org/ontology/Settlement>	<http://ja.dbpedia.org/property/subdivisionName>	"subdivision name"@ja	<http://ja.wikipedia.org/wiki/梅が丘_(横浜市)>	<http://wikidata.dbpedia.org/resource/Q11538363>
<http://ja.dbpedia.org/resource/梅が丘_(横浜市)>	"梅が丘 (横浜市)"@ja	<http://dbpedia.org/ontology/Place>	<http://ja.dbpedia.org/property/subdivisionName>	"subdivision name"@ja	<http://ja.wikipedia.org/wiki/梅が丘_(横浜市)>	<http://wikidata.dbpedia.org/resource/Q11538363>
<http://ja.dbpedia.org/resource/梅が丘_(横浜市)>	"梅が丘 (横浜市)"@ja	<http://dbpedia.org/ontology/Location>	<http://ja.dbpedia.org/property/subdivisionName>	"subdivision name"@ja	<http://ja.wikipedia.org/wiki/梅が丘_(横浜市)>	<http://wikidata.dbpedia.org/resource/Q11538363>
<http://ja.dbpedia.org/resource/梅が丘_(横浜市)>	"梅が丘 (横浜市)"@ja	<http://dbpedia.org/ontology/PopulatedPlace>	<http://ja.dbpedia.org/property/subdivisionName>	"subdivision name"@ja	<http://ja.wikipedia.org/wiki/梅が丘_(横浜市)>	<http://wikidata.dbpedia.org/resource/Q11538363>
<http://ja.dbpedia.org/resource/榎が丘>	"榎が丘"@ja	<http://dbpedia.org/ontology/Place>	<http://ja.dbpedia.org/property/subdivisionName>	"subdivision name"@ja	<http://ja.wikipedia.org/wiki/榎が丘>	<http://wikidata.dbpedia.org/resource/Q17219618>
<http://ja.dbpedia.org/resource/榎が丘>	"榎が丘"@ja	<http://dbpedia.org/ontology/Settlement>	<http://ja.dbpedia.org/property/subdivisionName>	"subdivision name"@ja	<http://ja.wikipedia.org/wiki/榎が丘>	<http://wikidata.dbpedia.org/resource/Q17219618>
<http://ja.dbpedia.org/resource/榎が丘>	"榎が丘"@ja	<http://dbpedia.org/ontology/Location>	<http://ja.dbpedia.org/property/subdivisionName>	"subdivision name"@ja	<http://ja.wikipedia.org/wiki/榎が丘>	<http://wikidata.dbpedia.org/resource/Q17219618>
<http://ja.dbpedia.org/resource/榎が丘>	"榎が丘"@ja	<http://dbpedia.org/ontology/PopulatedPlace>	<http://ja.dbpedia.org/property/subdivisionName>	"subdivision name"@ja	<http://ja.wikipedia.org/wiki/榎が丘>	<http://wikidata.dbpedia.org/resource/Q17219618>
<http://ja.dbpedia.org/resource/田奈>	"田奈"@ja	<http://dbpedia.org/ontology/Place>	<http://ja.dbpedia.org/property/subdivisionName>	"subdivision name"@ja	<http://ja.wikipedia.org/wiki/田奈>	<http://wikidata.dbpedia.org/resource/Q11576462>
<http://ja.dbpedia.org/resource/田奈>	"田奈"@ja	<http://dbpedia.org/ontology/Settlement>	<http://ja.dbpedia.org/property/subdivisionName>	"subdivision name"@ja	<http://ja.wikipedia.org/wiki/田奈>	<http://wikidata.dbpedia.org/resource/Q11576462>
<http://ja.dbpedia.org/resource/田奈>	"田奈"@ja	<http://dbpedia.org/ontology/Location>	<http://ja.dbpedia.org/property/subdivisionName>	"subdivision name"@ja	<http://ja.wikipedia.org/wiki/田奈>	<http://wikidata.dbpedia.org/resource/Q11576462>
<http://ja.dbpedia.org/resource/田奈>	"田奈"@ja	<http://dbpedia.org/ontology/PopulatedPlace>	<http://ja.dbpedia.org/property/subdivisionName>	"subdivision name"@ja	<http://ja.wikipedia.org/wiki/田奈>	<http://wikidata.dbpedia.org/resource/Q11576462>
<http://ja.dbpedia.org/resource/福田峰之>	"福田峰之"@ja	<http://dbpedia.org/ontology/Person>	<http://ja.dbpedia.org/property/選挙区>	"選挙区"@ja	<http://ja.wikipedia.org/wiki/福田峰之>	<http://wikidata.dbpedia.org/resource/Q6864590>
<http://ja.dbpedia.org/resource/福田峰之>	"福田峰之"@ja	<http://dbpedia.org/ontology/Species>	<http://ja.dbpedia.org/property/選挙区>	"選挙区"@ja	<http://ja.wikipedia.org/wiki/福田峰之>	<http://wikidata.dbpedia.org/resource/Q6864590>
<http://ja.dbpedia.org/resource/福田峰之>	"福田峰之"@ja	<http://dbpedia.org/ontology/Eukaryote>	<http://ja.dbpedia.org/property/選挙区>	"選挙区"@ja	<http://ja.wikipedia.org/wiki/福田峰之>	<http://wikidata.dbpedia.org/resource/Q6864590>
<http://ja.dbpedia.org/resource/福田峰之>	"福田峰之"@ja	<http://dbpedia.org/ontology/Politician>	<http://ja.dbpedia.org/property/選挙区>	"選挙区"@ja	<http://ja.wikipedia.org/wiki/福田峰之>	<http://wikidata.dbpedia.org/resource/Q6864590>
<http://ja.dbpedia.org/resource/福田峰之>	"福田峰之"@ja	<http://dbpedia.org/ontology/Animal>	<http://ja.dbpedia.org/property/選挙区>	"選挙区"@ja	<http://ja.wikipedia.org/wiki/福田峰之>	<http://wikidata.dbpedia.org/resource/Q6864590>
<http://ja.dbpedia.org/resource/緑山_(横浜市)>	"緑山 (横浜市)"@ja	<http://dbpedia.org/ontology/Settlement>	<http://ja.dbpedia.org/property/subdivisionName>	"subdivision name"@ja	<http://ja.wikipedia.org/wiki/緑山_(横浜市)>	<http://wikidata.dbpedia.org/resource/Q11607813>
<http://ja.dbpedia.org/resource/緑山_(横浜市)>	"緑山 (横浜市)"@ja	<http://dbpedia.org/ontology/Place>	<http://ja.dbpedia.org/property/subdivisionName>	"subdivision name"@ja	<http://ja.wikipedia.org/wiki/緑山_(横浜市)>	<http://wikidata.dbpedia.org/resource/Q11607813>
<http://ja.dbpedia.org/resource/緑山_(横浜市)>	"緑山 (横浜市)"@ja	<http://dbpedia.org/ontology/Location>	<http://ja.dbpedia.org/property/subdivisionName>	"subdivision name"@ja	<http://ja.wikipedia.org/wiki/緑山_(横浜市)>	<http://wikidata.dbpedia.org/resource/Q11607813>
<http://ja.dbpedia.org/resource/緑山_(横浜市)>	"緑山 (横浜市)"@ja	<http://dbpedia.org/ontology/PopulatedPlace>	<http://ja.dbpedia.org/property/subdivisionName>	"subdivision name"@ja	<http://ja.wikipedia.org/wiki/緑山_(横浜市)>	<http://wikidata.dbpedia.org/resource/Q11607813>
<http://ja.dbpedia.org/resource/美しが丘_(横浜市)>	"美しが丘 (横浜市)"@ja	<http://dbpedia.org/ontology/Location>	<http://ja.dbpedia.org/property/subdivisionName>	"subdivision name"@ja	<http://ja.wikipedia.org/wiki/美しが丘_(横浜市)>	<http://wikidata.dbpedia.org/resource/Q11608687>
<http://ja.dbpedia.org/resource/美しが丘_(横浜市)>	"美しが丘 (横浜市)"@ja	<http://dbpedia.org/ontology/PopulatedPlace>	<http://ja.dbpedia.org/property/subdivisionName>	"subdivision name"@ja	<http://ja.wikipedia.org/wiki/美しが丘_(横浜市)>	<http://wikidata.dbpedia.org/resource/Q11608687>
<http://ja.dbpedia.org/resource/美しが丘_(横浜市)>	"美しが丘 (横浜市)"@ja	<http://dbpedia.org/ontology/Settlement>	<http://ja.dbpedia.org/property/subdivisionName>	"subdivision name"@ja	<http://ja.wikipedia.org/wiki/美しが丘_(横浜市)>	<http://wikidata.dbpedia.org/resource/Q11608687>
<http://ja.dbpedia.org/resource/美しが丘_(横浜市)>	"美しが丘 (横浜市)"@ja	<http://dbpedia.org/ontology/Place>	<http://ja.dbpedia.org/property/subdivisionName>	"subdivision name"@ja	<http://ja.wikipedia.org/wiki/美しが丘_(横浜市)>	<http://wikidata.dbpedia.org/resource/Q11608687>
<http://ja.dbpedia.org/resource/美しが丘西>	"美しが丘西"@ja	<http://dbpedia.org/ontology/PopulatedPlace>	<http://ja.dbpedia.org/property/subdivisionName>	"subdivision name"@ja	<http://ja.wikipedia.org/wiki/美しが丘西>	<http://wikidata.dbpedia.org/resource/Q11608688>
<http://ja.dbpedia.org/resource/美しが丘西>	"美しが丘西"@ja	<http://dbpedia.org/ontology/Location>	<http://ja.dbpedia.org/property/subdivisionName>	"subdivision name"@ja	<http://ja.wikipedia.org/wiki/美しが丘西>	<http://wikidata.dbpedia.org/resource/Q11608688>
<http://ja.dbpedia.org/resource/美しが丘西>	"美しが丘西"@ja	<http://dbpedia.org/ontology/Settlement>	<http://ja.dbpedia.org/property/subdivisionName>	"subdivision name"@ja	<http://ja.wikipedia.org/wiki/美しが丘西>	<http://wikidata.dbpedia.org/resource/Q11608688>
<http://ja.dbpedia.org/resource/美しが丘西>	"美しが丘西"@ja	<http://dbpedia.org/ontology/Place>	<http://ja.dbpedia.org/property/subdivisionName>	"subdivision name"@ja	<http://ja.wikipedia.org/wiki/美しが丘西>	<http://wikidata.dbpedia.org/resource/Q11608688>
<http://ja.dbpedia.org/resource/若草台>	"若草台"@ja	<http://dbpedia.org/ontology/PopulatedPlace>	<http://ja.dbpedia.org/property/subdivisionName>	"subdivision name"@ja	<http://ja.wikipedia.org/wiki/若草台>	<http://wikidata.dbpedia.org/resource/Q48761792>
<http://ja.dbpedia.org/resource/若草台>	"若草台"@ja	<http://dbpedia.org/ontology/Location>	<http://ja.dbpedia.org/property/subdivisionName>	"subdivision name"@ja	<http://ja.wikipedia.org/wiki/若草台>	<http://wikidata.dbpedia.org/resource/Q48761792>
<http://ja.dbpedia.org/resource/若草台>	"若草台"@ja	<http://dbpedia.org/ontology/Settlement>	<http://ja.dbpedia.org/property/subdivisionName>	"subdivision name"@ja	<http://ja.wikipedia.org/wiki/若草台>	<http://wikidata.dbpedia.org/resource/Q48761792>
<http://ja.dbpedia.org/resource/若草台>	"若草台"@ja	<http://dbpedia.org/ontology/Place>	<http://ja.dbpedia.org/property/subdivisionName>	"subdivision name"@ja	<http://ja.wikipedia.org/wiki/若草台>	<http://wikidata.dbpedia.org/resource/Q48761792>
<http://ja.dbpedia.org/resource/荏子田>	"荏子田"@ja	<http://dbpedia.org/ontology/PopulatedPlace>	<http://ja.dbpedia.org/property/subdivisionName>	"subdivision name"@ja	<http://ja.wikipedia.org/wiki/荏子田>	<http://wikidata.dbpedia.org/resource/Q11618318>
<http://ja.dbpedia.org/resource/荏子田>	"荏子田"@ja	<http://dbpedia.org/ontology/Location>	<http://ja.dbpedia.org/property/subdivisionName>	"subdivision name"@ja	<http://ja.wikipedia.org/wiki/荏子田>	<http://wikidata.dbpedia.org/resource/Q11618318>
<http://ja.dbpedia.org/resource/荏子田>	"荏子田"@ja	<http://dbpedia.org/ontology/Settlement>	<http://ja.dbpedia.org/property/subdivisionName>	"subdivision name"@ja	<http://ja.wikipedia.org/wiki/荏子田>	<http://wikidata.dbpedia.org/resource/Q11618318>
<http://ja.dbpedia.org/resource/荏子田>	"荏子田"@ja	<http://dbpedia.org/ontology/Place>	<http://ja.dbpedia.org/property/subdivisionName>	"subdivision name"@ja	<http://ja.wikipedia.org/wiki/荏子田>	<http://wikidata.dbpedia.org/resource/Q11618318>
<http://ja.dbpedia.org/resource/荏田北>	"荏田北"@ja	<http://dbpedia.org/ontology/Place>	<http://ja.dbpedia.org/property/subdivisionName>	"subdivision name"@ja	<http://ja.wikipedia.org/wiki/荏田北>	<http://wikidata.dbpedia.org/resource/Q11618321>
<http://ja.dbpedia.org/resource/荏田北>	"荏田北"@ja	<http://dbpedia.org/ontology/Settlement>	<http://ja.dbpedia.org/property/subdivisionName>	"subdivision name"@ja	<http://ja.wikipedia.org/wiki/荏田北>	<http://wikidata.dbpedia.org/resource/Q11618321>
<http://ja.dbpedia.org/resource/荏田北>	"荏田北"@ja	<http://dbpedia.org/ontology/PopulatedPlace>	<http://ja.dbpedia.org/property/subdivisionName>	"subdivision name"@ja	<http://ja.wikipedia.org/wiki/荏田北>	<http://wikidata.dbpedia.org/resource/Q11618321>
<http://ja.dbpedia.org/resource/荏田北>	"荏田北"@ja	<http://dbpedia.org/ontology/Location>	<http://ja.dbpedia.org/property/subdivisionName>	"subdivision name"@ja	<http://ja.wikipedia.org/wiki/荏田北>	<http://wikidata.dbpedia.org/resource/Q11618321>
<http://ja.dbpedia.org/resource/荏田町>	"荏田町"@ja	<http://dbpedia.org/ontology/Settlement>	<http://ja.dbpedia.org/property/subdivisionName>	"subdivision name"@ja	<http://ja.wikipedia.org/wiki/荏田町>	<http://wikidata.dbpedia.org/resource/Q11618320>
<http://ja.dbpedia.org/resource/荏田町>	"荏田町"@ja	<http://dbpedia.org/ontology/Place>	<http://ja.dbpedia.org/property/subdivisionName>	"subdivision name"@ja	<http://ja.wikipedia.org/wiki/荏田町>	<http://wikidata.dbpedia.org/resource/Q11618320>
<http://ja.dbpedia.org/resource/荏田町>	"荏田町"@ja	<http://dbpedia.org/ontology/Location>	<http://ja.dbpedia.org/property/subdivisionName>	"subdivision name"@ja	<http://ja.wikipedia.org/wiki/荏田町>	<http://wikidata.dbpedia.org/resource/Q11618320>
<http://ja.dbpedia.org/resource/荏田町>	"荏田町"@ja	<http://dbpedia.org/ontology/PopulatedPlace>	<http://ja.dbpedia.org/property/subdivisionName>	"subdivision name"@ja	<http://ja.wikipedia.org/wiki/荏田町>	<http://wikidata.dbpedia.org/resource/Q11618320>
<http://ja.dbpedia.org/resource/荏田西>	"荏田西"@ja	<http://dbpedia.org/ontology/PopulatedPlace>	<http://ja.dbpedia.org/property/subdivisionName>	"subdivision name"@ja	<http://ja.wikipedia.org/wiki/荏田西>	<http://wikidata.dbpedia.org/resource/Q11618323>
<http://ja.dbpedia.org/resource/荏田西>	"荏田西"@ja	<http://dbpedia.org/ontology/Location>	<http://ja.dbpedia.org/property/subdivisionName>	"subdivision name"@ja	<http://ja.wikipedia.org/wiki/荏田西>	<http://wikidata.dbpedia.org/resource/Q11618323>
<http://ja.dbpedia.org/resource/荏田西>	"荏田西"@ja	<http://dbpedia.org/ontology/Place>	<http://ja.dbpedia.org/property/subdivisionName>	"subdivision name"@ja	<http://ja.wikipedia.org/wiki/荏田西>	<http://wikidata.dbpedia.org/resource/Q11618323>
<http://ja.dbpedia.org/resource/荏田西>	"荏田西"@ja	<http://dbpedia.org/ontology/Settlement>	<http://ja.dbpedia.org/property/subdivisionName>	"subdivision name"@ja	<http://ja.wikipedia.org/wiki/荏田西>	<http://wikidata.dbpedia.org/resource/Q11618323>
<http://ja.dbpedia.org/resource/藤が丘_(横浜市)>	"藤が丘 (横浜市)"@ja	<http://dbpedia.org/ontology/Location>	<http://ja.dbpedia.org/property/subdivisionName>	"subdivision name"@ja	<http://ja.wikipedia.org/wiki/藤が丘_(横浜市)>	<http://wikidata.dbpedia.org/resource/Q11622620>
<http://ja.dbpedia.org/resource/藤が丘_(横浜市)>	"藤が丘 (横浜市)"@ja	<http://dbpedia.org/ontology/PopulatedPlace>	<http://ja.dbpedia.org/property/subdivisionName>	"subdivision name"@ja	<http://ja.wikipedia.org/wiki/藤が丘_(横浜市)>	<http://wikidata.dbpedia.org/resource/Q11622620>
<http://ja.dbpedia.org/resource/藤が丘_(横浜市)>	"藤が丘 (横浜市)"@ja	<http://dbpedia.org/ontology/Settlement>	<http://ja.dbpedia.org/property/subdivisionName>	"subdivision name"@ja	<http://ja.wikipedia.org/wiki/藤が丘_(横浜市)>	<http://wikidata.dbpedia.org/resource/Q11622620>
<http://ja.dbpedia.org/resource/藤が丘_(横浜市)>	"藤が丘 (横浜市)"@ja	<http://dbpedia.org/ontology/Place>	<http://ja.dbpedia.org/property/subdivisionName>	"subdivision name"@ja	<http://ja.wikipedia.org/wiki/藤が丘_(横浜市)>	<http://wikidata.dbpedia.org/resource/Q11622620>
<http://ja.dbpedia.org/resource/鉄町>	"鉄町"@ja	<http://dbpedia.org/ontology/PopulatedPlace>	<http://ja.dbpedia.org/property/subdivisionName>	"subdivision name"@ja	<http://ja.wikipedia.org/wiki/鉄町>	<http://wikidata.dbpedia.org/resource/Q11649584>
<http://ja.dbpedia.org/resource/鉄町>	"鉄町"@ja	<http://dbpedia.org/ontology/Location>	<http://ja.dbpedia.org/property/subdivisionName>	"subdivision name"@ja	<http://ja.wikipedia.org/wiki/鉄町>	<http://wikidata.dbpedia.org/resource/Q11649584>
<http://ja.dbpedia.org/resource/鉄町>	"鉄町"@ja	<http://dbpedia.org/ontology/Place>	<http://ja.dbpedia.org/property/subdivisionName>	"subdivision name"@ja	<http://ja.wikipedia.org/wiki/鉄町>	<http://wikidata.dbpedia.org/resource/Q11649584>
<http://ja.dbpedia.org/resource/鉄町>	"鉄町"@ja	<http://dbpedia.org/ontology/Settlement>	<http://ja.dbpedia.org/property/subdivisionName>	"subdivision name"@ja	<http://ja.wikipedia.org/wiki/鉄町>	<http://wikidata.dbpedia.org/resource/Q11649584>
<http://ja.dbpedia.org/resource/青葉台_(横浜市)>	"青葉台 (横浜市)"@ja	<http://dbpedia.org/ontology/Location>	<http://ja.dbpedia.org/property/subdivisionName>	"subdivision name"@ja	<http://ja.wikipedia.org/wiki/青葉台_(横浜市)>	<http://wikidata.dbpedia.org/resource/Q11662723>
<http://ja.dbpedia.org/resource/青葉台_(横浜市)>	"青葉台 (横浜市)"@ja	<http://dbpedia.org/ontology/PopulatedPlace>	<http://ja.dbpedia.org/property/subdivisionName>	"subdivision name"@ja	<http://ja.wikipedia.org/wiki/青葉台_(横浜市)>	<http://wikidata.dbpedia.org/resource/Q11662723>
<http://ja.dbpedia.org/resource/青葉台_(横浜市)>	"青葉台 (横浜市)"@ja	<http://dbpedia.org/ontology/Settlement>	<http://ja.dbpedia.org/property/subdivisionName>	"subdivision name"@ja	<http://ja.wikipedia.org/wiki/青葉台_(横浜市)>	<http://wikidata.dbpedia.org/resource/Q11662723>
<http://ja.dbpedia.org/resource/青葉台_(横浜市)>	"青葉台 (横浜市)"@ja	<http://dbpedia.org/ontology/Place>	<http://ja.dbpedia.org/property/subdivisionName>	"subdivision name"@ja	<http://ja.wikipedia.org/wiki/青葉台_(横浜市)>	<http://wikidata.dbpedia.org/resource/Q11662723>
<http://ja.dbpedia.org/resource/鴨志田町>	"鴨志田町"@ja	<http://dbpedia.org/ontology/PopulatedPlace>	<http://ja.dbpedia.org/property/subdivisionName>	"subdivision name"@ja	<http://ja.wikipedia.org/wiki/鴨志田町>	<http://wikidata.dbpedia.org/resource/Q11675576>
<http://ja.dbpedia.org/resource/鴨志田町>	"鴨志田町"@ja	<http://dbpedia.org/ontology/Location>	<http://ja.dbpedia.org/property/subdivisionName>	"subdivision name"@ja	<http://ja.wikipedia.org/wiki/鴨志田町>	<http://wikidata.dbpedia.org/resource/Q11675576>
<http://ja.dbpedia.org/resource/鴨志田町>	"鴨志田町"@ja	<http://dbpedia.org/ontology/Place>	<http://ja.dbpedia.org/property/subdivisionName>	"subdivision name"@ja	<http://ja.wikipedia.org/wiki/鴨志田町>	<http://wikidata.dbpedia.org/resource/Q11675576>
<http://ja.dbpedia.org/resource/鴨志田町>	"鴨志田町"@ja	<http://dbpedia.org/ontology/Settlement>	<http://ja.dbpedia.org/property/subdivisionName>	"subdivision name"@ja	<http://ja.wikipedia.org/wiki/鴨志田町>	<http://wikidata.dbpedia.org/resource/Q11675576>
<http://ja.dbpedia.org/resource/黒須田>	"黒須田"@ja	<http://dbpedia.org/ontology/Location>	<http://ja.dbpedia.org/property/subdivisionName>	"subdivision name"@ja	<http://ja.wikipedia.org/wiki/黒須田>	<http://wikidata.dbpedia.org/resource/Q11678895>
<http://ja.dbpedia.org/resource/黒須田>	"黒須田"@ja	<http://dbpedia.org/ontology/PopulatedPlace>	<http://ja.dbpedia.org/property/subdivisionName>	"subdivision name"@ja	<http://ja.wikipedia.org/wiki/黒須田>	<http://wikidata.dbpedia.org/resource/Q11678895>
<http://ja.dbpedia.org/resource/黒須田>	"黒須田"@ja	<http://dbpedia.org/ontology/Settlement>	<http://ja.dbpedia.org/property/subdivisionName>	"subdivision name"@ja	<http://ja.wikipedia.org/wiki/黒須田>	<http://wikidata.dbpedia.org/resource/Q11678895>
<http://ja.dbpedia.org/resource/黒須田>	"黒須田"@ja	<http://dbpedia.org/ontology/Place>	<http://ja.dbpedia.org/property/subdivisionName>	"subdivision name"@ja	<http://ja.wikipedia.org/wiki/黒須田>	<http://wikidata.dbpedia.org/resource/Q11678895>
