?s	?sLabel	?type	?p	?pLabel	?jwiki	?wd
<http://ja.dbpedia.org/resource/中野島_(川崎市)>	"中野島 (川崎市)"@ja	<http://dbpedia.org/ontology/Place>	<http://ja.dbpedia.org/property/subdivisionName>	"subdivision name"@ja	<http://ja.wikipedia.org/wiki/中野島_(川崎市)>	<http://wikidata.dbpedia.org/resource/Q11367567>
<http://ja.dbpedia.org/resource/中野島_(川崎市)>	"中野島 (川崎市)"@ja	<http://dbpedia.org/ontology/Settlement>	<http://ja.dbpedia.org/property/subdivisionName>	"subdivision name"@ja	<http://ja.wikipedia.org/wiki/中野島_(川崎市)>	<http://wikidata.dbpedia.org/resource/Q11367567>
<http://ja.dbpedia.org/resource/中野島_(川崎市)>	"中野島 (川崎市)"@ja	<http://dbpedia.org/ontology/Location>	<http://ja.dbpedia.org/property/subdivisionName>	"subdivision name"@ja	<http://ja.wikipedia.org/wiki/中野島_(川崎市)>	<http://wikidata.dbpedia.org/resource/Q11367567>
<http://ja.dbpedia.org/resource/中野島_(川崎市)>	"中野島 (川崎市)"@ja	<http://dbpedia.org/ontology/PopulatedPlace>	<http://ja.dbpedia.org/property/subdivisionName>	"subdivision name"@ja	<http://ja.wikipedia.org/wiki/中野島_(川崎市)>	<http://wikidata.dbpedia.org/resource/Q11367567>
<http://ja.dbpedia.org/resource/南生田>	"南生田"@ja	<http://dbpedia.org/ontology/Place>	<http://ja.dbpedia.org/property/subdivisionName>	"subdivision name"@ja	<http://ja.wikipedia.org/wiki/南生田>	<http://wikidata.dbpedia.org/resource/Q97280283>
<http://ja.dbpedia.org/resource/南生田>	"南生田"@ja	<http://dbpedia.org/ontology/Settlement>	<http://ja.dbpedia.org/property/subdivisionName>	"subdivision name"@ja	<http://ja.wikipedia.org/wiki/南生田>	<http://wikidata.dbpedia.org/resource/Q97280283>
<http://ja.dbpedia.org/resource/南生田>	"南生田"@ja	<http://dbpedia.org/ontology/Location>	<http://ja.dbpedia.org/property/subdivisionName>	"subdivision name"@ja	<http://ja.wikipedia.org/wiki/南生田>	<http://wikidata.dbpedia.org/resource/Q97280283>
<http://ja.dbpedia.org/resource/南生田>	"南生田"@ja	<http://dbpedia.org/ontology/PopulatedPlace>	<http://ja.dbpedia.org/property/subdivisionName>	"subdivision name"@ja	<http://ja.wikipedia.org/wiki/南生田>	<http://wikidata.dbpedia.org/resource/Q97280283>
<http://ja.dbpedia.org/resource/和泉_(川崎市)>	"和泉 (川崎市)"@ja	<http://dbpedia.org/ontology/Place>	<http://ja.dbpedia.org/property/subdivisionName>	"subdivision name"@ja	<http://ja.wikipedia.org/wiki/和泉_(川崎市)>	<http://wikidata.dbpedia.org/resource/Q11417756>
<http://ja.dbpedia.org/resource/和泉_(川崎市)>	"和泉 (川崎市)"@ja	<http://dbpedia.org/ontology/Settlement>	<http://ja.dbpedia.org/property/subdivisionName>	"subdivision name"@ja	<http://ja.wikipedia.org/wiki/和泉_(川崎市)>	<http://wikidata.dbpedia.org/resource/Q11417756>
<http://ja.dbpedia.org/resource/和泉_(川崎市)>	"和泉 (川崎市)"@ja	<http://dbpedia.org/ontology/Location>	<http://ja.dbpedia.org/property/subdivisionName>	"subdivision name"@ja	<http://ja.wikipedia.org/wiki/和泉_(川崎市)>	<http://wikidata.dbpedia.org/resource/Q11417756>
<http://ja.dbpedia.org/resource/和泉_(川崎市)>	"和泉 (川崎市)"@ja	<http://dbpedia.org/ontology/PopulatedPlace>	<http://ja.dbpedia.org/property/subdivisionName>	"subdivision name"@ja	<http://ja.wikipedia.org/wiki/和泉_(川崎市)>	<http://wikidata.dbpedia.org/resource/Q11417756>
<http://ja.dbpedia.org/resource/堰_(川崎市)>	"堰 (川崎市)"@ja	<http://dbpedia.org/ontology/Location>	<http://ja.dbpedia.org/property/subdivisionName>	"subdivision name"@ja	<http://ja.wikipedia.org/wiki/堰_(川崎市)>	<http://wikidata.dbpedia.org/resource/Q11428023>
<http://ja.dbpedia.org/resource/堰_(川崎市)>	"堰 (川崎市)"@ja	<http://dbpedia.org/ontology/PopulatedPlace>	<http://ja.dbpedia.org/property/subdivisionName>	"subdivision name"@ja	<http://ja.wikipedia.org/wiki/堰_(川崎市)>	<http://wikidata.dbpedia.org/resource/Q11428023>
<http://ja.dbpedia.org/resource/堰_(川崎市)>	"堰 (川崎市)"@ja	<http://dbpedia.org/ontology/Settlement>	<http://ja.dbpedia.org/property/subdivisionName>	"subdivision name"@ja	<http://ja.wikipedia.org/wiki/堰_(川崎市)>	<http://wikidata.dbpedia.org/resource/Q11428023>
<http://ja.dbpedia.org/resource/堰_(川崎市)>	"堰 (川崎市)"@ja	<http://dbpedia.org/ontology/Place>	<http://ja.dbpedia.org/property/subdivisionName>	"subdivision name"@ja	<http://ja.wikipedia.org/wiki/堰_(川崎市)>	<http://wikidata.dbpedia.org/resource/Q11428023>
<http://ja.dbpedia.org/resource/宿河原>	"宿河原"@ja	<http://dbpedia.org/ontology/Location>	<http://ja.dbpedia.org/property/subdivisionName>	"subdivision name"@ja	<http://ja.wikipedia.org/wiki/宿河原>	<http://wikidata.dbpedia.org/resource/Q11455643>
<http://ja.dbpedia.org/resource/宿河原>	"宿河原"@ja	<http://dbpedia.org/ontology/PopulatedPlace>	<http://ja.dbpedia.org/property/subdivisionName>	"subdivision name"@ja	<http://ja.wikipedia.org/wiki/宿河原>	<http://wikidata.dbpedia.org/resource/Q11455643>
<http://ja.dbpedia.org/resource/宿河原>	"宿河原"@ja	<http://dbpedia.org/ontology/Settlement>	<http://ja.dbpedia.org/property/subdivisionName>	"subdivision name"@ja	<http://ja.wikipedia.org/wiki/宿河原>	<http://wikidata.dbpedia.org/resource/Q11455643>
<http://ja.dbpedia.org/resource/宿河原>	"宿河原"@ja	<http://dbpedia.org/ontology/Place>	<http://ja.dbpedia.org/property/subdivisionName>	"subdivision name"@ja	<http://ja.wikipedia.org/wiki/宿河原>	<http://wikidata.dbpedia.org/resource/Q11455643>
<http://ja.dbpedia.org/resource/寺尾台_(川崎市)>	"寺尾台 (川崎市)"@ja	<http://dbpedia.org/ontology/Place>	<http://ja.dbpedia.org/property/subdivisionName>	"subdivision name"@ja	<http://ja.wikipedia.org/wiki/寺尾台_(川崎市)>	<http://wikidata.dbpedia.org/resource/Q97280402>
<http://ja.dbpedia.org/resource/寺尾台_(川崎市)>	"寺尾台 (川崎市)"@ja	<http://dbpedia.org/ontology/Settlement>	<http://ja.dbpedia.org/property/subdivisionName>	"subdivision name"@ja	<http://ja.wikipedia.org/wiki/寺尾台_(川崎市)>	<http://wikidata.dbpedia.org/resource/Q97280402>
<http://ja.dbpedia.org/resource/寺尾台_(川崎市)>	"寺尾台 (川崎市)"@ja	<http://dbpedia.org/ontology/Location>	<http://ja.dbpedia.org/property/subdivisionName>	"subdivision name"@ja	<http://ja.wikipedia.org/wiki/寺尾台_(川崎市)>	<http://wikidata.dbpedia.org/resource/Q97280402>
<http://ja.dbpedia.org/resource/寺尾台_(川崎市)>	"寺尾台 (川崎市)"@ja	<http://dbpedia.org/ontology/PopulatedPlace>	<http://ja.dbpedia.org/property/subdivisionName>	"subdivision name"@ja	<http://ja.wikipedia.org/wiki/寺尾台_(川崎市)>	<http://wikidata.dbpedia.org/resource/Q97280402>
<http://ja.dbpedia.org/resource/布田_(川崎市)>	"布田 (川崎市)"@ja	<http://dbpedia.org/ontology/Location>	<http://ja.dbpedia.org/property/subdivisionName>	"subdivision name"@ja	<http://ja.wikipedia.org/wiki/布田_(川崎市)>	<http://wikidata.dbpedia.org/resource/Q11480853>
<http://ja.dbpedia.org/resource/布田_(川崎市)>	"布田 (川崎市)"@ja	<http://dbpedia.org/ontology/PopulatedPlace>	<http://ja.dbpedia.org/property/subdivisionName>	"subdivision name"@ja	<http://ja.wikipedia.org/wiki/布田_(川崎市)>	<http://wikidata.dbpedia.org/resource/Q11480853>
<http://ja.dbpedia.org/resource/布田_(川崎市)>	"布田 (川崎市)"@ja	<http://dbpedia.org/ontology/Settlement>	<http://ja.dbpedia.org/property/subdivisionName>	"subdivision name"@ja	<http://ja.wikipedia.org/wiki/布田_(川崎市)>	<http://wikidata.dbpedia.org/resource/Q11480853>
<http://ja.dbpedia.org/resource/布田_(川崎市)>	"布田 (川崎市)"@ja	<http://dbpedia.org/ontology/Place>	<http://ja.dbpedia.org/property/subdivisionName>	"subdivision name"@ja	<http://ja.wikipedia.org/wiki/布田_(川崎市)>	<http://wikidata.dbpedia.org/resource/Q11480853>
<http://ja.dbpedia.org/resource/東三田>	"東三田"@ja	<http://dbpedia.org/ontology/Location>	<http://ja.dbpedia.org/property/subdivisionName>	"subdivision name"@ja	<http://ja.wikipedia.org/wiki/東三田>	<http://wikidata.dbpedia.org/resource/Q97280555>
<http://ja.dbpedia.org/resource/東三田>	"東三田"@ja	<http://dbpedia.org/ontology/PopulatedPlace>	<http://ja.dbpedia.org/property/subdivisionName>	"subdivision name"@ja	<http://ja.wikipedia.org/wiki/東三田>	<http://wikidata.dbpedia.org/resource/Q97280555>
<http://ja.dbpedia.org/resource/東三田>	"東三田"@ja	<http://dbpedia.org/ontology/Settlement>	<http://ja.dbpedia.org/property/subdivisionName>	"subdivision name"@ja	<http://ja.wikipedia.org/wiki/東三田>	<http://wikidata.dbpedia.org/resource/Q97280555>
<http://ja.dbpedia.org/resource/東三田>	"東三田"@ja	<http://dbpedia.org/ontology/Place>	<http://ja.dbpedia.org/property/subdivisionName>	"subdivision name"@ja	<http://ja.wikipedia.org/wiki/東三田>	<http://wikidata.dbpedia.org/resource/Q97280555>
<http://ja.dbpedia.org/resource/東生田>	"東生田"@ja	<http://dbpedia.org/ontology/Location>	<http://ja.dbpedia.org/property/subdivisionName>	"subdivision name"@ja	<http://ja.wikipedia.org/wiki/東生田>	<http://wikidata.dbpedia.org/resource/Q97280562>
<http://ja.dbpedia.org/resource/東生田>	"東生田"@ja	<http://dbpedia.org/ontology/PopulatedPlace>	<http://ja.dbpedia.org/property/subdivisionName>	"subdivision name"@ja	<http://ja.wikipedia.org/wiki/東生田>	<http://wikidata.dbpedia.org/resource/Q97280562>
<http://ja.dbpedia.org/resource/東生田>	"東生田"@ja	<http://dbpedia.org/ontology/Settlement>	<http://ja.dbpedia.org/property/subdivisionName>	"subdivision name"@ja	<http://ja.wikipedia.org/wiki/東生田>	<http://wikidata.dbpedia.org/resource/Q97280562>
<http://ja.dbpedia.org/resource/東生田>	"東生田"@ja	<http://dbpedia.org/ontology/Place>	<http://ja.dbpedia.org/property/subdivisionName>	"subdivision name"@ja	<http://ja.wikipedia.org/wiki/東生田>	<http://wikidata.dbpedia.org/resource/Q97280562>
<http://ja.dbpedia.org/resource/栗谷_(川崎市)>	"栗谷 (川崎市)"@ja	<http://dbpedia.org/ontology/PopulatedPlace>	<http://ja.dbpedia.org/property/subdivisionName>	"subdivision name"@ja	<http://ja.wikipedia.org/wiki/栗谷_(川崎市)>	<http://wikidata.dbpedia.org/resource/Q97280575>
<http://ja.dbpedia.org/resource/栗谷_(川崎市)>	"栗谷 (川崎市)"@ja	<http://dbpedia.org/ontology/Location>	<http://ja.dbpedia.org/property/subdivisionName>	"subdivision name"@ja	<http://ja.wikipedia.org/wiki/栗谷_(川崎市)>	<http://wikidata.dbpedia.org/resource/Q97280575>
<http://ja.dbpedia.org/resource/栗谷_(川崎市)>	"栗谷 (川崎市)"@ja	<http://dbpedia.org/ontology/Place>	<http://ja.dbpedia.org/property/subdivisionName>	"subdivision name"@ja	<http://ja.wikipedia.org/wiki/栗谷_(川崎市)>	<http://wikidata.dbpedia.org/resource/Q97280575>
<http://ja.dbpedia.org/resource/栗谷_(川崎市)>	"栗谷 (川崎市)"@ja	<http://dbpedia.org/ontology/Settlement>	<http://ja.dbpedia.org/property/subdivisionName>	"subdivision name"@ja	<http://ja.wikipedia.org/wiki/栗谷_(川崎市)>	<http://wikidata.dbpedia.org/resource/Q97280575>
<http://ja.dbpedia.org/resource/登戸_(川崎市)>	"登戸 (川崎市)"@ja	<http://dbpedia.org/ontology/Place>	<http://ja.dbpedia.org/property/subdivisionName>	"subdivision name"@ja	<http://ja.wikipedia.org/wiki/登戸_(川崎市)>	<http://wikidata.dbpedia.org/resource/Q3815602>
<http://ja.dbpedia.org/resource/登戸_(川崎市)>	"登戸 (川崎市)"@ja	<http://dbpedia.org/ontology/Settlement>	<http://ja.dbpedia.org/property/subdivisionName>	"subdivision name"@ja	<http://ja.wikipedia.org/wiki/登戸_(川崎市)>	<http://wikidata.dbpedia.org/resource/Q3815602>
<http://ja.dbpedia.org/resource/登戸_(川崎市)>	"登戸 (川崎市)"@ja	<http://dbpedia.org/ontology/Location>	<http://ja.dbpedia.org/property/subdivisionName>	"subdivision name"@ja	<http://ja.wikipedia.org/wiki/登戸_(川崎市)>	<http://wikidata.dbpedia.org/resource/Q3815602>
<http://ja.dbpedia.org/resource/登戸_(川崎市)>	"登戸 (川崎市)"@ja	<http://dbpedia.org/ontology/PopulatedPlace>	<http://ja.dbpedia.org/property/subdivisionName>	"subdivision name"@ja	<http://ja.wikipedia.org/wiki/登戸_(川崎市)>	<http://wikidata.dbpedia.org/resource/Q3815602>
<http://ja.dbpedia.org/resource/登戸新町>	"登戸新町"@ja	<http://dbpedia.org/ontology/Location>	<http://ja.dbpedia.org/property/subdivisionName>	"subdivision name"@ja	<http://ja.wikipedia.org/wiki/登戸新町>	<http://wikidata.dbpedia.org/resource/Q95974926>
<http://ja.dbpedia.org/resource/登戸新町>	"登戸新町"@ja	<http://dbpedia.org/ontology/PopulatedPlace>	<http://ja.dbpedia.org/property/subdivisionName>	"subdivision name"@ja	<http://ja.wikipedia.org/wiki/登戸新町>	<http://wikidata.dbpedia.org/resource/Q95974926>
<http://ja.dbpedia.org/resource/登戸新町>	"登戸新町"@ja	<http://dbpedia.org/ontology/Settlement>	<http://ja.dbpedia.org/property/subdivisionName>	"subdivision name"@ja	<http://ja.wikipedia.org/wiki/登戸新町>	<http://wikidata.dbpedia.org/resource/Q95974926>
<http://ja.dbpedia.org/resource/登戸新町>	"登戸新町"@ja	<http://dbpedia.org/ontology/Place>	<http://ja.dbpedia.org/property/subdivisionName>	"subdivision name"@ja	<http://ja.wikipedia.org/wiki/登戸新町>	<http://wikidata.dbpedia.org/resource/Q95974926>
<http://ja.dbpedia.org/resource/稲城市>	"稲城市"@ja	<http://dbpedia.org/ontology/Place>	<http://ja.dbpedia.org/property/southeast>	"Southeast"@ja	<http://ja.wikipedia.org/wiki/稲城市>	<http://wikidata.dbpedia.org/resource/Q317847>
<http://ja.dbpedia.org/resource/稲城市>	"稲城市"@ja	<http://dbpedia.org/ontology/City>	<http://ja.dbpedia.org/property/southeast>	"Southeast"@ja	<http://ja.wikipedia.org/wiki/稲城市>	<http://wikidata.dbpedia.org/resource/Q317847>
<http://ja.dbpedia.org/resource/稲城市>	"稲城市"@ja	<http://dbpedia.org/ontology/Settlement>	<http://ja.dbpedia.org/property/southeast>	"Southeast"@ja	<http://ja.wikipedia.org/wiki/稲城市>	<http://wikidata.dbpedia.org/resource/Q317847>
<http://ja.dbpedia.org/resource/稲城市>	"稲城市"@ja	<http://dbpedia.org/ontology/PopulatedPlace>	<http://ja.dbpedia.org/property/southeast>	"Southeast"@ja	<http://ja.wikipedia.org/wiki/稲城市>	<http://wikidata.dbpedia.org/resource/Q317847>
<http://ja.dbpedia.org/resource/稲城市>	"稲城市"@ja	<http://dbpedia.org/ontology/Location>	<http://ja.dbpedia.org/property/southeast>	"Southeast"@ja	<http://ja.wikipedia.org/wiki/稲城市>	<http://wikidata.dbpedia.org/resource/Q317847>
<http://ja.dbpedia.org/resource/菅_(川崎市)>	"菅 (川崎市)"@ja	<http://dbpedia.org/ontology/Settlement>	<http://ja.dbpedia.org/property/subdivisionName>	"subdivision name"@ja	<http://ja.wikipedia.org/wiki/菅_(川崎市)>	<http://wikidata.dbpedia.org/resource/Q11619094>
<http://ja.dbpedia.org/resource/菅_(川崎市)>	"菅 (川崎市)"@ja	<http://dbpedia.org/ontology/Place>	<http://ja.dbpedia.org/property/subdivisionName>	"subdivision name"@ja	<http://ja.wikipedia.org/wiki/菅_(川崎市)>	<http://wikidata.dbpedia.org/resource/Q11619094>
<http://ja.dbpedia.org/resource/菅_(川崎市)>	"菅 (川崎市)"@ja	<http://dbpedia.org/ontology/Location>	<http://ja.dbpedia.org/property/subdivisionName>	"subdivision name"@ja	<http://ja.wikipedia.org/wiki/菅_(川崎市)>	<http://wikidata.dbpedia.org/resource/Q11619094>
<http://ja.dbpedia.org/resource/菅_(川崎市)>	"菅 (川崎市)"@ja	<http://dbpedia.org/ontology/PopulatedPlace>	<http://ja.dbpedia.org/property/subdivisionName>	"subdivision name"@ja	<http://ja.wikipedia.org/wiki/菅_(川崎市)>	<http://wikidata.dbpedia.org/resource/Q11619094>
<http://ja.dbpedia.org/resource/菅仙谷>	"菅仙谷"@ja	<http://dbpedia.org/ontology/Place>	<http://ja.dbpedia.org/property/subdivisionName>	"subdivision name"@ja	<http://ja.wikipedia.org/wiki/菅仙谷>	<http://wikidata.dbpedia.org/resource/Q11619111>
<http://ja.dbpedia.org/resource/菅仙谷>	"菅仙谷"@ja	<http://dbpedia.org/ontology/Settlement>	<http://ja.dbpedia.org/property/subdivisionName>	"subdivision name"@ja	<http://ja.wikipedia.org/wiki/菅仙谷>	<http://wikidata.dbpedia.org/resource/Q11619111>
<http://ja.dbpedia.org/resource/菅仙谷>	"菅仙谷"@ja	<http://dbpedia.org/ontology/Location>	<http://ja.dbpedia.org/property/subdivisionName>	"subdivision name"@ja	<http://ja.wikipedia.org/wiki/菅仙谷>	<http://wikidata.dbpedia.org/resource/Q11619111>
<http://ja.dbpedia.org/resource/菅仙谷>	"菅仙谷"@ja	<http://dbpedia.org/ontology/PopulatedPlace>	<http://ja.dbpedia.org/property/subdivisionName>	"subdivision name"@ja	<http://ja.wikipedia.org/wiki/菅仙谷>	<http://wikidata.dbpedia.org/resource/Q11619111>
<http://ja.dbpedia.org/resource/菅北浦>	"菅北浦"@ja	<http://dbpedia.org/ontology/Location>	<http://ja.dbpedia.org/property/subdivisionName>	"subdivision name"@ja	<http://ja.wikipedia.org/wiki/菅北浦>	<http://wikidata.dbpedia.org/resource/Q97280855>
<http://ja.dbpedia.org/resource/菅北浦>	"菅北浦"@ja	<http://dbpedia.org/ontology/PopulatedPlace>	<http://ja.dbpedia.org/property/subdivisionName>	"subdivision name"@ja	<http://ja.wikipedia.org/wiki/菅北浦>	<http://wikidata.dbpedia.org/resource/Q97280855>
<http://ja.dbpedia.org/resource/菅北浦>	"菅北浦"@ja	<http://dbpedia.org/ontology/Settlement>	<http://ja.dbpedia.org/property/subdivisionName>	"subdivision name"@ja	<http://ja.wikipedia.org/wiki/菅北浦>	<http://wikidata.dbpedia.org/resource/Q97280855>
<http://ja.dbpedia.org/resource/菅北浦>	"菅北浦"@ja	<http://dbpedia.org/ontology/Place>	<http://ja.dbpedia.org/property/subdivisionName>	"subdivision name"@ja	<http://ja.wikipedia.org/wiki/菅北浦>	<http://wikidata.dbpedia.org/resource/Q97280855>
<http://ja.dbpedia.org/resource/菅城下>	"菅城下"@ja	<http://dbpedia.org/ontology/PopulatedPlace>	<http://ja.dbpedia.org/property/subdivisionName>	"subdivision name"@ja	<http://ja.wikipedia.org/wiki/菅城下>	<http://wikidata.dbpedia.org/resource/Q11619253>
<http://ja.dbpedia.org/resource/菅城下>	"菅城下"@ja	<http://dbpedia.org/ontology/Location>	<http://ja.dbpedia.org/property/subdivisionName>	"subdivision name"@ja	<http://ja.wikipedia.org/wiki/菅城下>	<http://wikidata.dbpedia.org/resource/Q11619253>
<http://ja.dbpedia.org/resource/菅城下>	"菅城下"@ja	<http://dbpedia.org/ontology/Settlement>	<http://ja.dbpedia.org/property/subdivisionName>	"subdivision name"@ja	<http://ja.wikipedia.org/wiki/菅城下>	<http://wikidata.dbpedia.org/resource/Q11619253>
<http://ja.dbpedia.org/resource/菅城下>	"菅城下"@ja	<http://dbpedia.org/ontology/Place>	<http://ja.dbpedia.org/property/subdivisionName>	"subdivision name"@ja	<http://ja.wikipedia.org/wiki/菅城下>	<http://wikidata.dbpedia.org/resource/Q11619253>
<http://ja.dbpedia.org/resource/菅野戸呂>	"菅野戸呂"@ja	<http://dbpedia.org/ontology/PopulatedPlace>	<http://ja.dbpedia.org/property/subdivisionName>	"subdivision name"@ja	<http://ja.wikipedia.org/wiki/菅野戸呂>	<http://wikidata.dbpedia.org/resource/Q97280860>
<http://ja.dbpedia.org/resource/菅野戸呂>	"菅野戸呂"@ja	<http://dbpedia.org/ontology/Location>	<http://ja.dbpedia.org/property/subdivisionName>	"subdivision name"@ja	<http://ja.wikipedia.org/wiki/菅野戸呂>	<http://wikidata.dbpedia.org/resource/Q97280860>
<http://ja.dbpedia.org/resource/菅野戸呂>	"菅野戸呂"@ja	<http://dbpedia.org/ontology/Settlement>	<http://ja.dbpedia.org/property/subdivisionName>	"subdivision name"@ja	<http://ja.wikipedia.org/wiki/菅野戸呂>	<http://wikidata.dbpedia.org/resource/Q97280860>
<http://ja.dbpedia.org/resource/菅野戸呂>	"菅野戸呂"@ja	<http://dbpedia.org/ontology/Place>	<http://ja.dbpedia.org/property/subdivisionName>	"subdivision name"@ja	<http://ja.wikipedia.org/wiki/菅野戸呂>	<http://wikidata.dbpedia.org/resource/Q97280860>
<http://ja.dbpedia.org/resource/菅馬場>	"菅馬場"@ja	<http://dbpedia.org/ontology/PopulatedPlace>	<http://ja.dbpedia.org/property/subdivisionName>	"subdivision name"@ja	<http://ja.wikipedia.org/wiki/菅馬場>	<http://wikidata.dbpedia.org/resource/Q97280866>
<http://ja.dbpedia.org/resource/菅馬場>	"菅馬場"@ja	<http://dbpedia.org/ontology/Location>	<http://ja.dbpedia.org/property/subdivisionName>	"subdivision name"@ja	<http://ja.wikipedia.org/wiki/菅馬場>	<http://wikidata.dbpedia.org/resource/Q97280866>
<http://ja.dbpedia.org/resource/菅馬場>	"菅馬場"@ja	<http://dbpedia.org/ontology/Place>	<http://ja.dbpedia.org/property/subdivisionName>	"subdivision name"@ja	<http://ja.wikipedia.org/wiki/菅馬場>	<http://wikidata.dbpedia.org/resource/Q97280866>
<http://ja.dbpedia.org/resource/菅馬場>	"菅馬場"@ja	<http://dbpedia.org/ontology/Settlement>	<http://ja.dbpedia.org/property/subdivisionName>	"subdivision name"@ja	<http://ja.wikipedia.org/wiki/菅馬場>	<http://wikidata.dbpedia.org/resource/Q97280866>
<http://ja.dbpedia.org/resource/西生田>	"西生田"@ja	<http://dbpedia.org/ontology/Location>	<http://ja.dbpedia.org/property/subdivisionName>	"subdivision name"@ja	<http://ja.wikipedia.org/wiki/西生田>	<http://wikidata.dbpedia.org/resource/Q97280904>
<http://ja.dbpedia.org/resource/西生田>	"西生田"@ja	<http://dbpedia.org/ontology/PopulatedPlace>	<http://ja.dbpedia.org/property/subdivisionName>	"subdivision name"@ja	<http://ja.wikipedia.org/wiki/西生田>	<http://wikidata.dbpedia.org/resource/Q97280904>
<http://ja.dbpedia.org/resource/西生田>	"西生田"@ja	<http://dbpedia.org/ontology/Settlement>	<http://ja.dbpedia.org/property/subdivisionName>	"subdivision name"@ja	<http://ja.wikipedia.org/wiki/西生田>	<http://wikidata.dbpedia.org/resource/Q97280904>
<http://ja.dbpedia.org/resource/西生田>	"西生田"@ja	<http://dbpedia.org/ontology/Place>	<http://ja.dbpedia.org/property/subdivisionName>	"subdivision name"@ja	<http://ja.wikipedia.org/wiki/西生田>	<http://wikidata.dbpedia.org/resource/Q97280904>
<http://ja.dbpedia.org/resource/長尾_(川崎市)>	"長尾 (川崎市)"@ja	<http://dbpedia.org/ontology/PopulatedPlace>	<http://ja.dbpedia.org/property/subdivisionName>	"subdivision name"@ja	<http://ja.wikipedia.org/wiki/長尾_(川崎市)>	<http://wikidata.dbpedia.org/resource/Q11651730>
<http://ja.dbpedia.org/resource/長尾_(川崎市)>	"長尾 (川崎市)"@ja	<http://dbpedia.org/ontology/Location>	<http://ja.dbpedia.org/property/subdivisionName>	"subdivision name"@ja	<http://ja.wikipedia.org/wiki/長尾_(川崎市)>	<http://wikidata.dbpedia.org/resource/Q11651730>
<http://ja.dbpedia.org/resource/長尾_(川崎市)>	"長尾 (川崎市)"@ja	<http://dbpedia.org/ontology/Settlement>	<http://ja.dbpedia.org/property/subdivisionName>	"subdivision name"@ja	<http://ja.wikipedia.org/wiki/長尾_(川崎市)>	<http://wikidata.dbpedia.org/resource/Q11651730>
<http://ja.dbpedia.org/resource/長尾_(川崎市)>	"長尾 (川崎市)"@ja	<http://dbpedia.org/ontology/Place>	<http://ja.dbpedia.org/property/subdivisionName>	"subdivision name"@ja	<http://ja.wikipedia.org/wiki/長尾_(川崎市)>	<http://wikidata.dbpedia.org/resource/Q11651730>
