?s	?sLabel	?type	?p	?pLabel	?jwiki	?wd
<http://ja.dbpedia.org/resource/上丸子_(川崎市)>	"上丸子 (川崎市)"@ja	<http://dbpedia.org/ontology/Place>	<http://ja.dbpedia.org/property/subdivisionName>	"subdivision name"@ja	<http://ja.wikipedia.org/wiki/上丸子_(川崎市)>	<http://wikidata.dbpedia.org/resource/Q11358410>
<http://ja.dbpedia.org/resource/上丸子_(川崎市)>	"上丸子 (川崎市)"@ja	<http://dbpedia.org/ontology/Settlement>	<http://ja.dbpedia.org/property/subdivisionName>	"subdivision name"@ja	<http://ja.wikipedia.org/wiki/上丸子_(川崎市)>	<http://wikidata.dbpedia.org/resource/Q11358410>
<http://ja.dbpedia.org/resource/上丸子_(川崎市)>	"上丸子 (川崎市)"@ja	<http://dbpedia.org/ontology/Location>	<http://ja.dbpedia.org/property/subdivisionName>	"subdivision name"@ja	<http://ja.wikipedia.org/wiki/上丸子_(川崎市)>	<http://wikidata.dbpedia.org/resource/Q11358410>
<http://ja.dbpedia.org/resource/上丸子_(川崎市)>	"上丸子 (川崎市)"@ja	<http://dbpedia.org/ontology/PopulatedPlace>	<http://ja.dbpedia.org/property/subdivisionName>	"subdivision name"@ja	<http://ja.wikipedia.org/wiki/上丸子_(川崎市)>	<http://wikidata.dbpedia.org/resource/Q11358410>
<http://ja.dbpedia.org/resource/上丸子八幡町>	"上丸子八幡町"@ja	<http://dbpedia.org/ontology/Place>	<http://ja.dbpedia.org/property/subdivisionName>	"subdivision name"@ja	<http://ja.wikipedia.org/wiki/上丸子八幡町>	<http://wikidata.dbpedia.org/resource/Q97310800>
<http://ja.dbpedia.org/resource/上丸子八幡町>	"上丸子八幡町"@ja	<http://dbpedia.org/ontology/Settlement>	<http://ja.dbpedia.org/property/subdivisionName>	"subdivision name"@ja	<http://ja.wikipedia.org/wiki/上丸子八幡町>	<http://wikidata.dbpedia.org/resource/Q97310800>
<http://ja.dbpedia.org/resource/上丸子八幡町>	"上丸子八幡町"@ja	<http://dbpedia.org/ontology/Location>	<http://ja.dbpedia.org/property/subdivisionName>	"subdivision name"@ja	<http://ja.wikipedia.org/wiki/上丸子八幡町>	<http://wikidata.dbpedia.org/resource/Q97310800>
<http://ja.dbpedia.org/resource/上丸子八幡町>	"上丸子八幡町"@ja	<http://dbpedia.org/ontology/PopulatedPlace>	<http://ja.dbpedia.org/property/subdivisionName>	"subdivision name"@ja	<http://ja.wikipedia.org/wiki/上丸子八幡町>	<http://wikidata.dbpedia.org/resource/Q97310800>
<http://ja.dbpedia.org/resource/上丸子天神町>	"上丸子天神町"@ja	<http://dbpedia.org/ontology/Place>	<http://ja.dbpedia.org/property/subdivisionName>	"subdivision name"@ja	<http://ja.wikipedia.org/wiki/上丸子天神町>	<http://wikidata.dbpedia.org/resource/Q17990215>
<http://ja.dbpedia.org/resource/上丸子天神町>	"上丸子天神町"@ja	<http://dbpedia.org/ontology/Settlement>	<http://ja.dbpedia.org/property/subdivisionName>	"subdivision name"@ja	<http://ja.wikipedia.org/wiki/上丸子天神町>	<http://wikidata.dbpedia.org/resource/Q17990215>
<http://ja.dbpedia.org/resource/上丸子天神町>	"上丸子天神町"@ja	<http://dbpedia.org/ontology/Location>	<http://ja.dbpedia.org/property/subdivisionName>	"subdivision name"@ja	<http://ja.wikipedia.org/wiki/上丸子天神町>	<http://wikidata.dbpedia.org/resource/Q17990215>
<http://ja.dbpedia.org/resource/上丸子天神町>	"上丸子天神町"@ja	<http://dbpedia.org/ontology/PopulatedPlace>	<http://ja.dbpedia.org/property/subdivisionName>	"subdivision name"@ja	<http://ja.wikipedia.org/wiki/上丸子天神町>	<http://wikidata.dbpedia.org/resource/Q17990215>
<http://ja.dbpedia.org/resource/上丸子山王町>	"上丸子山王町"@ja	<http://dbpedia.org/ontology/Location>	<http://ja.dbpedia.org/property/subdivisionName>	"subdivision name"@ja	<http://ja.wikipedia.org/wiki/上丸子山王町>	<http://wikidata.dbpedia.org/resource/Q97310801>
<http://ja.dbpedia.org/resource/上丸子山王町>	"上丸子山王町"@ja	<http://dbpedia.org/ontology/PopulatedPlace>	<http://ja.dbpedia.org/property/subdivisionName>	"subdivision name"@ja	<http://ja.wikipedia.org/wiki/上丸子山王町>	<http://wikidata.dbpedia.org/resource/Q97310801>
<http://ja.dbpedia.org/resource/上丸子山王町>	"上丸子山王町"@ja	<http://dbpedia.org/ontology/Settlement>	<http://ja.dbpedia.org/property/subdivisionName>	"subdivision name"@ja	<http://ja.wikipedia.org/wiki/上丸子山王町>	<http://wikidata.dbpedia.org/resource/Q97310801>
<http://ja.dbpedia.org/resource/上丸子山王町>	"上丸子山王町"@ja	<http://dbpedia.org/ontology/Place>	<http://ja.dbpedia.org/property/subdivisionName>	"subdivision name"@ja	<http://ja.wikipedia.org/wiki/上丸子山王町>	<http://wikidata.dbpedia.org/resource/Q97310801>
<http://ja.dbpedia.org/resource/上小田中>	"上小田中"@ja	<http://dbpedia.org/ontology/Location>	<http://ja.dbpedia.org/property/subdivisionName>	"subdivision name"@ja	<http://ja.wikipedia.org/wiki/上小田中>	<http://wikidata.dbpedia.org/resource/Q11358808>
<http://ja.dbpedia.org/resource/上小田中>	"上小田中"@ja	<http://dbpedia.org/ontology/PopulatedPlace>	<http://ja.dbpedia.org/property/subdivisionName>	"subdivision name"@ja	<http://ja.wikipedia.org/wiki/上小田中>	<http://wikidata.dbpedia.org/resource/Q11358808>
<http://ja.dbpedia.org/resource/上小田中>	"上小田中"@ja	<http://dbpedia.org/ontology/Settlement>	<http://ja.dbpedia.org/property/subdivisionName>	"subdivision name"@ja	<http://ja.wikipedia.org/wiki/上小田中>	<http://wikidata.dbpedia.org/resource/Q11358808>
<http://ja.dbpedia.org/resource/上小田中>	"上小田中"@ja	<http://dbpedia.org/ontology/Place>	<http://ja.dbpedia.org/property/subdivisionName>	"subdivision name"@ja	<http://ja.wikipedia.org/wiki/上小田中>	<http://wikidata.dbpedia.org/resource/Q11358808>
<http://ja.dbpedia.org/resource/上平間_(川崎市)>	"上平間 (川崎市)"@ja	<http://dbpedia.org/ontology/Place>	<http://ja.dbpedia.org/property/subdivisionName>	"subdivision name"@ja	<http://ja.wikipedia.org/wiki/上平間_(川崎市)>	<http://wikidata.dbpedia.org/resource/Q11358997>
<http://ja.dbpedia.org/resource/上平間_(川崎市)>	"上平間 (川崎市)"@ja	<http://dbpedia.org/ontology/Settlement>	<http://ja.dbpedia.org/property/subdivisionName>	"subdivision name"@ja	<http://ja.wikipedia.org/wiki/上平間_(川崎市)>	<http://wikidata.dbpedia.org/resource/Q11358997>
<http://ja.dbpedia.org/resource/上平間_(川崎市)>	"上平間 (川崎市)"@ja	<http://dbpedia.org/ontology/Location>	<http://ja.dbpedia.org/property/subdivisionName>	"subdivision name"@ja	<http://ja.wikipedia.org/wiki/上平間_(川崎市)>	<http://wikidata.dbpedia.org/resource/Q11358997>
<http://ja.dbpedia.org/resource/上平間_(川崎市)>	"上平間 (川崎市)"@ja	<http://dbpedia.org/ontology/PopulatedPlace>	<http://ja.dbpedia.org/property/subdivisionName>	"subdivision name"@ja	<http://ja.wikipedia.org/wiki/上平間_(川崎市)>	<http://wikidata.dbpedia.org/resource/Q11358997>
<http://ja.dbpedia.org/resource/上新城_(川崎市)>	"上新城 (川崎市)"@ja	<http://dbpedia.org/ontology/Location>	<http://ja.dbpedia.org/property/subdivisionName>	"subdivision name"@ja	<http://ja.wikipedia.org/wiki/上新城_(川崎市)>	<http://wikidata.dbpedia.org/resource/Q17990205>
<http://ja.dbpedia.org/resource/上新城_(川崎市)>	"上新城 (川崎市)"@ja	<http://dbpedia.org/ontology/PopulatedPlace>	<http://ja.dbpedia.org/property/subdivisionName>	"subdivision name"@ja	<http://ja.wikipedia.org/wiki/上新城_(川崎市)>	<http://wikidata.dbpedia.org/resource/Q17990205>
<http://ja.dbpedia.org/resource/上新城_(川崎市)>	"上新城 (川崎市)"@ja	<http://dbpedia.org/ontology/Settlement>	<http://ja.dbpedia.org/property/subdivisionName>	"subdivision name"@ja	<http://ja.wikipedia.org/wiki/上新城_(川崎市)>	<http://wikidata.dbpedia.org/resource/Q17990205>
<http://ja.dbpedia.org/resource/上新城_(川崎市)>	"上新城 (川崎市)"@ja	<http://dbpedia.org/ontology/Place>	<http://ja.dbpedia.org/property/subdivisionName>	"subdivision name"@ja	<http://ja.wikipedia.org/wiki/上新城_(川崎市)>	<http://wikidata.dbpedia.org/resource/Q17990205>
<http://ja.dbpedia.org/resource/下小田中>	"下小田中"@ja	<http://dbpedia.org/ontology/Location>	<http://ja.dbpedia.org/property/subdivisionName>	"subdivision name"@ja	<http://ja.wikipedia.org/wiki/下小田中>	<http://wikidata.dbpedia.org/resource/Q11360799>
<http://ja.dbpedia.org/resource/下小田中>	"下小田中"@ja	<http://dbpedia.org/ontology/PopulatedPlace>	<http://ja.dbpedia.org/property/subdivisionName>	"subdivision name"@ja	<http://ja.wikipedia.org/wiki/下小田中>	<http://wikidata.dbpedia.org/resource/Q11360799>
<http://ja.dbpedia.org/resource/下小田中>	"下小田中"@ja	<http://dbpedia.org/ontology/Settlement>	<http://ja.dbpedia.org/property/subdivisionName>	"subdivision name"@ja	<http://ja.wikipedia.org/wiki/下小田中>	<http://wikidata.dbpedia.org/resource/Q11360799>
<http://ja.dbpedia.org/resource/下小田中>	"下小田中"@ja	<http://dbpedia.org/ontology/Place>	<http://ja.dbpedia.org/property/subdivisionName>	"subdivision name"@ja	<http://ja.wikipedia.org/wiki/下小田中>	<http://wikidata.dbpedia.org/resource/Q11360799>
<http://ja.dbpedia.org/resource/下新城_(川崎市)>	"下新城 (川崎市)"@ja	<http://dbpedia.org/ontology/Location>	<http://ja.dbpedia.org/property/subdivisionName>	"subdivision name"@ja	<http://ja.wikipedia.org/wiki/下新城_(川崎市)>	<http://wikidata.dbpedia.org/resource/Q11360930>
<http://ja.dbpedia.org/resource/下新城_(川崎市)>	"下新城 (川崎市)"@ja	<http://dbpedia.org/ontology/PopulatedPlace>	<http://ja.dbpedia.org/property/subdivisionName>	"subdivision name"@ja	<http://ja.wikipedia.org/wiki/下新城_(川崎市)>	<http://wikidata.dbpedia.org/resource/Q11360930>
<http://ja.dbpedia.org/resource/下新城_(川崎市)>	"下新城 (川崎市)"@ja	<http://dbpedia.org/ontology/Settlement>	<http://ja.dbpedia.org/property/subdivisionName>	"subdivision name"@ja	<http://ja.wikipedia.org/wiki/下新城_(川崎市)>	<http://wikidata.dbpedia.org/resource/Q11360930>
<http://ja.dbpedia.org/resource/下新城_(川崎市)>	"下新城 (川崎市)"@ja	<http://dbpedia.org/ontology/Place>	<http://ja.dbpedia.org/property/subdivisionName>	"subdivision name"@ja	<http://ja.wikipedia.org/wiki/下新城_(川崎市)>	<http://wikidata.dbpedia.org/resource/Q11360930>
<http://ja.dbpedia.org/resource/下沼部>	"下沼部"@ja	<http://dbpedia.org/ontology/PopulatedPlace>	<http://ja.dbpedia.org/property/subdivisionName>	"subdivision name"@ja	<http://ja.wikipedia.org/wiki/下沼部>	<http://wikidata.dbpedia.org/resource/Q86735391>
<http://ja.dbpedia.org/resource/下沼部>	"下沼部"@ja	<http://dbpedia.org/ontology/Location>	<http://ja.dbpedia.org/property/subdivisionName>	"subdivision name"@ja	<http://ja.wikipedia.org/wiki/下沼部>	<http://wikidata.dbpedia.org/resource/Q86735391>
<http://ja.dbpedia.org/resource/下沼部>	"下沼部"@ja	<http://dbpedia.org/ontology/Place>	<http://ja.dbpedia.org/property/subdivisionName>	"subdivision name"@ja	<http://ja.wikipedia.org/wiki/下沼部>	<http://wikidata.dbpedia.org/resource/Q86735391>
<http://ja.dbpedia.org/resource/下沼部>	"下沼部"@ja	<http://dbpedia.org/ontology/Settlement>	<http://ja.dbpedia.org/property/subdivisionName>	"subdivision name"@ja	<http://ja.wikipedia.org/wiki/下沼部>	<http://wikidata.dbpedia.org/resource/Q86735391>
<http://ja.dbpedia.org/resource/中丸子_(川崎市)>	"中丸子 (川崎市)"@ja	<http://dbpedia.org/ontology/Place>	<http://ja.dbpedia.org/property/subdivisionName>	"subdivision name"@ja	<http://ja.wikipedia.org/wiki/中丸子_(川崎市)>	<http://wikidata.dbpedia.org/resource/Q38276973>
<http://ja.dbpedia.org/resource/中丸子_(川崎市)>	"中丸子 (川崎市)"@ja	<http://dbpedia.org/ontology/Settlement>	<http://ja.dbpedia.org/property/subdivisionName>	"subdivision name"@ja	<http://ja.wikipedia.org/wiki/中丸子_(川崎市)>	<http://wikidata.dbpedia.org/resource/Q38276973>
<http://ja.dbpedia.org/resource/中丸子_(川崎市)>	"中丸子 (川崎市)"@ja	<http://dbpedia.org/ontology/Location>	<http://ja.dbpedia.org/property/subdivisionName>	"subdivision name"@ja	<http://ja.wikipedia.org/wiki/中丸子_(川崎市)>	<http://wikidata.dbpedia.org/resource/Q38276973>
<http://ja.dbpedia.org/resource/中丸子_(川崎市)>	"中丸子 (川崎市)"@ja	<http://dbpedia.org/ontology/PopulatedPlace>	<http://ja.dbpedia.org/property/subdivisionName>	"subdivision name"@ja	<http://ja.wikipedia.org/wiki/中丸子_(川崎市)>	<http://wikidata.dbpedia.org/resource/Q38276973>
<http://ja.dbpedia.org/resource/丸子通>	"丸子通"@ja	<http://dbpedia.org/ontology/Location>	<http://ja.dbpedia.org/property/subdivisionName>	"subdivision name"@ja	<http://ja.wikipedia.org/wiki/丸子通>	<http://wikidata.dbpedia.org/resource/Q18339414>
<http://ja.dbpedia.org/resource/丸子通>	"丸子通"@ja	<http://dbpedia.org/ontology/PopulatedPlace>	<http://ja.dbpedia.org/property/subdivisionName>	"subdivision name"@ja	<http://ja.wikipedia.org/wiki/丸子通>	<http://wikidata.dbpedia.org/resource/Q18339414>
<http://ja.dbpedia.org/resource/丸子通>	"丸子通"@ja	<http://dbpedia.org/ontology/Settlement>	<http://ja.dbpedia.org/property/subdivisionName>	"subdivision name"@ja	<http://ja.wikipedia.org/wiki/丸子通>	<http://wikidata.dbpedia.org/resource/Q18339414>
<http://ja.dbpedia.org/resource/丸子通>	"丸子通"@ja	<http://dbpedia.org/ontology/Place>	<http://ja.dbpedia.org/property/subdivisionName>	"subdivision name"@ja	<http://ja.wikipedia.org/wiki/丸子通>	<http://wikidata.dbpedia.org/resource/Q18339414>
<http://ja.dbpedia.org/resource/井田_(川崎市)>	"井田 (川崎市)"@ja	<http://dbpedia.org/ontology/Location>	<http://ja.dbpedia.org/property/subdivisionName>	"subdivision name"@ja	<http://ja.wikipedia.org/wiki/井田_(川崎市)>	<http://wikidata.dbpedia.org/resource/Q11373690>
<http://ja.dbpedia.org/resource/井田_(川崎市)>	"井田 (川崎市)"@ja	<http://dbpedia.org/ontology/PopulatedPlace>	<http://ja.dbpedia.org/property/subdivisionName>	"subdivision name"@ja	<http://ja.wikipedia.org/wiki/井田_(川崎市)>	<http://wikidata.dbpedia.org/resource/Q11373690>
<http://ja.dbpedia.org/resource/井田_(川崎市)>	"井田 (川崎市)"@ja	<http://dbpedia.org/ontology/Settlement>	<http://ja.dbpedia.org/property/subdivisionName>	"subdivision name"@ja	<http://ja.wikipedia.org/wiki/井田_(川崎市)>	<http://wikidata.dbpedia.org/resource/Q11373690>
<http://ja.dbpedia.org/resource/井田_(川崎市)>	"井田 (川崎市)"@ja	<http://dbpedia.org/ontology/Place>	<http://ja.dbpedia.org/property/subdivisionName>	"subdivision name"@ja	<http://ja.wikipedia.org/wiki/井田_(川崎市)>	<http://wikidata.dbpedia.org/resource/Q11373690>
<http://ja.dbpedia.org/resource/井田三舞町>	"井田三舞町"@ja	<http://dbpedia.org/ontology/Location>	<http://ja.dbpedia.org/property/subdivisionName>	"subdivision name"@ja	<http://ja.wikipedia.org/wiki/井田三舞町>	<http://wikidata.dbpedia.org/resource/Q97187665>
<http://ja.dbpedia.org/resource/井田三舞町>	"井田三舞町"@ja	<http://dbpedia.org/ontology/PopulatedPlace>	<http://ja.dbpedia.org/property/subdivisionName>	"subdivision name"@ja	<http://ja.wikipedia.org/wiki/井田三舞町>	<http://wikidata.dbpedia.org/resource/Q97187665>
<http://ja.dbpedia.org/resource/井田三舞町>	"井田三舞町"@ja	<http://dbpedia.org/ontology/Settlement>	<http://ja.dbpedia.org/property/subdivisionName>	"subdivision name"@ja	<http://ja.wikipedia.org/wiki/井田三舞町>	<http://wikidata.dbpedia.org/resource/Q97187665>
<http://ja.dbpedia.org/resource/井田三舞町>	"井田三舞町"@ja	<http://dbpedia.org/ontology/Place>	<http://ja.dbpedia.org/property/subdivisionName>	"subdivision name"@ja	<http://ja.wikipedia.org/wiki/井田三舞町>	<http://wikidata.dbpedia.org/resource/Q97187665>
<http://ja.dbpedia.org/resource/井田中ノ町>	"井田中ノ町"@ja	<http://dbpedia.org/ontology/PopulatedPlace>	<http://ja.dbpedia.org/property/subdivisionName>	"subdivision name"@ja	<http://ja.wikipedia.org/wiki/井田中ノ町>	<http://wikidata.dbpedia.org/resource/Q97187675>
<http://ja.dbpedia.org/resource/井田中ノ町>	"井田中ノ町"@ja	<http://dbpedia.org/ontology/Location>	<http://ja.dbpedia.org/property/subdivisionName>	"subdivision name"@ja	<http://ja.wikipedia.org/wiki/井田中ノ町>	<http://wikidata.dbpedia.org/resource/Q97187675>
<http://ja.dbpedia.org/resource/井田中ノ町>	"井田中ノ町"@ja	<http://dbpedia.org/ontology/Settlement>	<http://ja.dbpedia.org/property/subdivisionName>	"subdivision name"@ja	<http://ja.wikipedia.org/wiki/井田中ノ町>	<http://wikidata.dbpedia.org/resource/Q97187675>
<http://ja.dbpedia.org/resource/井田中ノ町>	"井田中ノ町"@ja	<http://dbpedia.org/ontology/Place>	<http://ja.dbpedia.org/property/subdivisionName>	"subdivision name"@ja	<http://ja.wikipedia.org/wiki/井田中ノ町>	<http://wikidata.dbpedia.org/resource/Q97187675>
<http://ja.dbpedia.org/resource/井田杉山町>	"井田杉山町"@ja	<http://dbpedia.org/ontology/PopulatedPlace>	<http://ja.dbpedia.org/property/subdivisionName>	"subdivision name"@ja	<http://ja.wikipedia.org/wiki/井田杉山町>	<http://wikidata.dbpedia.org/resource/Q11373707>
<http://ja.dbpedia.org/resource/井田杉山町>	"井田杉山町"@ja	<http://dbpedia.org/ontology/Location>	<http://ja.dbpedia.org/property/subdivisionName>	"subdivision name"@ja	<http://ja.wikipedia.org/wiki/井田杉山町>	<http://wikidata.dbpedia.org/resource/Q11373707>
<http://ja.dbpedia.org/resource/井田杉山町>	"井田杉山町"@ja	<http://dbpedia.org/ontology/Place>	<http://ja.dbpedia.org/property/subdivisionName>	"subdivision name"@ja	<http://ja.wikipedia.org/wiki/井田杉山町>	<http://wikidata.dbpedia.org/resource/Q11373707>
<http://ja.dbpedia.org/resource/井田杉山町>	"井田杉山町"@ja	<http://dbpedia.org/ontology/Settlement>	<http://ja.dbpedia.org/property/subdivisionName>	"subdivision name"@ja	<http://ja.wikipedia.org/wiki/井田杉山町>	<http://wikidata.dbpedia.org/resource/Q11373707>
<http://ja.dbpedia.org/resource/今井_(川崎市)>	"今井 (川崎市)"@ja	<http://dbpedia.org/ontology/Location>	<http://ja.dbpedia.org/property/subdivisionName>	"subdivision name"@ja	<http://ja.wikipedia.org/wiki/今井_(川崎市)>	<http://wikidata.dbpedia.org/resource/Q11376537>
<http://ja.dbpedia.org/resource/今井_(川崎市)>	"今井 (川崎市)"@ja	<http://dbpedia.org/ontology/PopulatedPlace>	<http://ja.dbpedia.org/property/subdivisionName>	"subdivision name"@ja	<http://ja.wikipedia.org/wiki/今井_(川崎市)>	<http://wikidata.dbpedia.org/resource/Q11376537>
<http://ja.dbpedia.org/resource/今井_(川崎市)>	"今井 (川崎市)"@ja	<http://dbpedia.org/ontology/Settlement>	<http://ja.dbpedia.org/property/subdivisionName>	"subdivision name"@ja	<http://ja.wikipedia.org/wiki/今井_(川崎市)>	<http://wikidata.dbpedia.org/resource/Q11376537>
<http://ja.dbpedia.org/resource/今井_(川崎市)>	"今井 (川崎市)"@ja	<http://dbpedia.org/ontology/Place>	<http://ja.dbpedia.org/property/subdivisionName>	"subdivision name"@ja	<http://ja.wikipedia.org/wiki/今井_(川崎市)>	<http://wikidata.dbpedia.org/resource/Q11376537>
<http://ja.dbpedia.org/resource/今井上町>	"今井上町"@ja	<http://dbpedia.org/ontology/PopulatedPlace>	<http://ja.dbpedia.org/property/subdivisionName>	"subdivision name"@ja	<http://ja.wikipedia.org/wiki/今井上町>	<http://wikidata.dbpedia.org/resource/Q11376558>
<http://ja.dbpedia.org/resource/今井上町>	"今井上町"@ja	<http://dbpedia.org/ontology/Location>	<http://ja.dbpedia.org/property/subdivisionName>	"subdivision name"@ja	<http://ja.wikipedia.org/wiki/今井上町>	<http://wikidata.dbpedia.org/resource/Q11376558>
<http://ja.dbpedia.org/resource/今井上町>	"今井上町"@ja	<http://dbpedia.org/ontology/Settlement>	<http://ja.dbpedia.org/property/subdivisionName>	"subdivision name"@ja	<http://ja.wikipedia.org/wiki/今井上町>	<http://wikidata.dbpedia.org/resource/Q11376558>
<http://ja.dbpedia.org/resource/今井上町>	"今井上町"@ja	<http://dbpedia.org/ontology/Place>	<http://ja.dbpedia.org/property/subdivisionName>	"subdivision name"@ja	<http://ja.wikipedia.org/wiki/今井上町>	<http://wikidata.dbpedia.org/resource/Q11376558>
<http://ja.dbpedia.org/resource/今井仲町>	"今井仲町"@ja	<http://dbpedia.org/ontology/PopulatedPlace>	<http://ja.dbpedia.org/property/subdivisionName>	"subdivision name"@ja	<http://ja.wikipedia.org/wiki/今井仲町>	<http://wikidata.dbpedia.org/resource/Q97310807>
<http://ja.dbpedia.org/resource/今井仲町>	"今井仲町"@ja	<http://dbpedia.org/ontology/Location>	<http://ja.dbpedia.org/property/subdivisionName>	"subdivision name"@ja	<http://ja.wikipedia.org/wiki/今井仲町>	<http://wikidata.dbpedia.org/resource/Q97310807>
<http://ja.dbpedia.org/resource/今井仲町>	"今井仲町"@ja	<http://dbpedia.org/ontology/Settlement>	<http://ja.dbpedia.org/property/subdivisionName>	"subdivision name"@ja	<http://ja.wikipedia.org/wiki/今井仲町>	<http://wikidata.dbpedia.org/resource/Q97310807>
<http://ja.dbpedia.org/resource/今井仲町>	"今井仲町"@ja	<http://dbpedia.org/ontology/Place>	<http://ja.dbpedia.org/property/subdivisionName>	"subdivision name"@ja	<http://ja.wikipedia.org/wiki/今井仲町>	<http://wikidata.dbpedia.org/resource/Q97310807>
<http://ja.dbpedia.org/resource/今井南町>	"今井南町"@ja	<http://dbpedia.org/ontology/PopulatedPlace>	<http://ja.dbpedia.org/property/subdivisionName>	"subdivision name"@ja	<http://ja.wikipedia.org/wiki/今井南町>	<http://wikidata.dbpedia.org/resource/Q97310808>
<http://ja.dbpedia.org/resource/今井南町>	"今井南町"@ja	<http://dbpedia.org/ontology/Location>	<http://ja.dbpedia.org/property/subdivisionName>	"subdivision name"@ja	<http://ja.wikipedia.org/wiki/今井南町>	<http://wikidata.dbpedia.org/resource/Q97310808>
<http://ja.dbpedia.org/resource/今井南町>	"今井南町"@ja	<http://dbpedia.org/ontology/Place>	<http://ja.dbpedia.org/property/subdivisionName>	"subdivision name"@ja	<http://ja.wikipedia.org/wiki/今井南町>	<http://wikidata.dbpedia.org/resource/Q97310808>
<http://ja.dbpedia.org/resource/今井南町>	"今井南町"@ja	<http://dbpedia.org/ontology/Settlement>	<http://ja.dbpedia.org/property/subdivisionName>	"subdivision name"@ja	<http://ja.wikipedia.org/wiki/今井南町>	<http://wikidata.dbpedia.org/resource/Q97310808>
<http://ja.dbpedia.org/resource/今井西町>	"今井西町"@ja	<http://dbpedia.org/ontology/Location>	<http://ja.dbpedia.org/property/subdivisionName>	"subdivision name"@ja	<http://ja.wikipedia.org/wiki/今井西町>	<http://wikidata.dbpedia.org/resource/Q97310809>
<http://ja.dbpedia.org/resource/今井西町>	"今井西町"@ja	<http://dbpedia.org/ontology/PopulatedPlace>	<http://ja.dbpedia.org/property/subdivisionName>	"subdivision name"@ja	<http://ja.wikipedia.org/wiki/今井西町>	<http://wikidata.dbpedia.org/resource/Q97310809>
<http://ja.dbpedia.org/resource/今井西町>	"今井西町"@ja	<http://dbpedia.org/ontology/Settlement>	<http://ja.dbpedia.org/property/subdivisionName>	"subdivision name"@ja	<http://ja.wikipedia.org/wiki/今井西町>	<http://wikidata.dbpedia.org/resource/Q97310809>
<http://ja.dbpedia.org/resource/今井西町>	"今井西町"@ja	<http://dbpedia.org/ontology/Place>	<http://ja.dbpedia.org/property/subdivisionName>	"subdivision name"@ja	<http://ja.wikipedia.org/wiki/今井西町>	<http://wikidata.dbpedia.org/resource/Q97310809>
<http://ja.dbpedia.org/resource/北谷町_(川崎市)>	"北谷町 (川崎市)"@ja	<http://dbpedia.org/ontology/Place>	<http://ja.dbpedia.org/property/subdivisionName>	"subdivision name"@ja	<http://ja.wikipedia.org/wiki/北谷町_(川崎市)>	<http://wikidata.dbpedia.org/resource/Q97280222>
<http://ja.dbpedia.org/resource/北谷町_(川崎市)>	"北谷町 (川崎市)"@ja	<http://dbpedia.org/ontology/Settlement>	<http://ja.dbpedia.org/property/subdivisionName>	"subdivision name"@ja	<http://ja.wikipedia.org/wiki/北谷町_(川崎市)>	<http://wikidata.dbpedia.org/resource/Q97280222>
<http://ja.dbpedia.org/resource/北谷町_(川崎市)>	"北谷町 (川崎市)"@ja	<http://dbpedia.org/ontology/Location>	<http://ja.dbpedia.org/property/subdivisionName>	"subdivision name"@ja	<http://ja.wikipedia.org/wiki/北谷町_(川崎市)>	<http://wikidata.dbpedia.org/resource/Q97280222>
<http://ja.dbpedia.org/resource/北谷町_(川崎市)>	"北谷町 (川崎市)"@ja	<http://dbpedia.org/ontology/PopulatedPlace>	<http://ja.dbpedia.org/property/subdivisionName>	"subdivision name"@ja	<http://ja.wikipedia.org/wiki/北谷町_(川崎市)>	<http://wikidata.dbpedia.org/resource/Q97280222>
<http://ja.dbpedia.org/resource/大倉町_(川崎市)>	"大倉町 (川崎市)"@ja	<http://dbpedia.org/ontology/Location>	<http://ja.dbpedia.org/property/subdivisionName>	"subdivision name"@ja	<http://ja.wikipedia.org/wiki/大倉町_(川崎市)>	<http://wikidata.dbpedia.org/resource/Q97310828>
<http://ja.dbpedia.org/resource/大倉町_(川崎市)>	"大倉町 (川崎市)"@ja	<http://dbpedia.org/ontology/PopulatedPlace>	<http://ja.dbpedia.org/property/subdivisionName>	"subdivision name"@ja	<http://ja.wikipedia.org/wiki/大倉町_(川崎市)>	<http://wikidata.dbpedia.org/resource/Q97310828>
<http://ja.dbpedia.org/resource/大倉町_(川崎市)>	"大倉町 (川崎市)"@ja	<http://dbpedia.org/ontology/Settlement>	<http://ja.dbpedia.org/property/subdivisionName>	"subdivision name"@ja	<http://ja.wikipedia.org/wiki/大倉町_(川崎市)>	<http://wikidata.dbpedia.org/resource/Q97310828>
<http://ja.dbpedia.org/resource/大倉町_(川崎市)>	"大倉町 (川崎市)"@ja	<http://dbpedia.org/ontology/Place>	<http://ja.dbpedia.org/property/subdivisionName>	"subdivision name"@ja	<http://ja.wikipedia.org/wiki/大倉町_(川崎市)>	<http://wikidata.dbpedia.org/resource/Q97310828>
<http://ja.dbpedia.org/resource/宮内_(川崎市)>	"宮内 (川崎市)"@ja	<http://dbpedia.org/ontology/Location>	<http://ja.dbpedia.org/property/subdivisionName>	"subdivision name"@ja	<http://ja.wikipedia.org/wiki/宮内_(川崎市)>	<http://wikidata.dbpedia.org/resource/Q11453277>
<http://ja.dbpedia.org/resource/宮内_(川崎市)>	"宮内 (川崎市)"@ja	<http://dbpedia.org/ontology/PopulatedPlace>	<http://ja.dbpedia.org/property/subdivisionName>	"subdivision name"@ja	<http://ja.wikipedia.org/wiki/宮内_(川崎市)>	<http://wikidata.dbpedia.org/resource/Q11453277>
<http://ja.dbpedia.org/resource/宮内_(川崎市)>	"宮内 (川崎市)"@ja	<http://dbpedia.org/ontology/Settlement>	<http://ja.dbpedia.org/property/subdivisionName>	"subdivision name"@ja	<http://ja.wikipedia.org/wiki/宮内_(川崎市)>	<http://wikidata.dbpedia.org/resource/Q11453277>
<http://ja.dbpedia.org/resource/宮内_(川崎市)>	"宮内 (川崎市)"@ja	<http://dbpedia.org/ontology/Place>	<http://ja.dbpedia.org/property/subdivisionName>	"subdivision name"@ja	<http://ja.wikipedia.org/wiki/宮内_(川崎市)>	<http://wikidata.dbpedia.org/resource/Q11453277>
<http://ja.dbpedia.org/resource/小杉御殿町>	"小杉御殿町"@ja	<http://dbpedia.org/ontology/Location>	<http://ja.dbpedia.org/property/subdivisionName>	"subdivision name"@ja	<http://ja.wikipedia.org/wiki/小杉御殿町>	<http://wikidata.dbpedia.org/resource/Q11460979>
<http://ja.dbpedia.org/resource/小杉御殿町>	"小杉御殿町"@ja	<http://dbpedia.org/ontology/PopulatedPlace>	<http://ja.dbpedia.org/property/subdivisionName>	"subdivision name"@ja	<http://ja.wikipedia.org/wiki/小杉御殿町>	<http://wikidata.dbpedia.org/resource/Q11460979>
<http://ja.dbpedia.org/resource/小杉御殿町>	"小杉御殿町"@ja	<http://dbpedia.org/ontology/Settlement>	<http://ja.dbpedia.org/property/subdivisionName>	"subdivision name"@ja	<http://ja.wikipedia.org/wiki/小杉御殿町>	<http://wikidata.dbpedia.org/resource/Q11460979>
<http://ja.dbpedia.org/resource/小杉御殿町>	"小杉御殿町"@ja	<http://dbpedia.org/ontology/Place>	<http://ja.dbpedia.org/property/subdivisionName>	"subdivision name"@ja	<http://ja.wikipedia.org/wiki/小杉御殿町>	<http://wikidata.dbpedia.org/resource/Q11460979>
<http://ja.dbpedia.org/resource/小杉町_(川崎市)>	"小杉町 (川崎市)"@ja	<http://dbpedia.org/ontology/PopulatedPlace>	<http://ja.dbpedia.org/property/subdivisionName>	"subdivision name"@ja	<http://ja.wikipedia.org/wiki/小杉町_(川崎市)>	<http://wikidata.dbpedia.org/resource/Q17991319>
<http://ja.dbpedia.org/resource/小杉町_(川崎市)>	"小杉町 (川崎市)"@ja	<http://dbpedia.org/ontology/Location>	<http://ja.dbpedia.org/property/subdivisionName>	"subdivision name"@ja	<http://ja.wikipedia.org/wiki/小杉町_(川崎市)>	<http://wikidata.dbpedia.org/resource/Q17991319>
<http://ja.dbpedia.org/resource/小杉町_(川崎市)>	"小杉町 (川崎市)"@ja	<http://dbpedia.org/ontology/Settlement>	<http://ja.dbpedia.org/property/subdivisionName>	"subdivision name"@ja	<http://ja.wikipedia.org/wiki/小杉町_(川崎市)>	<http://wikidata.dbpedia.org/resource/Q17991319>
<http://ja.dbpedia.org/resource/小杉町_(川崎市)>	"小杉町 (川崎市)"@ja	<http://dbpedia.org/ontology/Place>	<http://ja.dbpedia.org/property/subdivisionName>	"subdivision name"@ja	<http://ja.wikipedia.org/wiki/小杉町_(川崎市)>	<http://wikidata.dbpedia.org/resource/Q17991319>
<http://ja.dbpedia.org/resource/小杉陣屋町>	"小杉陣屋町"@ja	<http://dbpedia.org/ontology/PopulatedPlace>	<http://ja.dbpedia.org/property/subdivisionName>	"subdivision name"@ja	<http://ja.wikipedia.org/wiki/小杉陣屋町>	<http://wikidata.dbpedia.org/resource/Q97310839>
<http://ja.dbpedia.org/resource/小杉陣屋町>	"小杉陣屋町"@ja	<http://dbpedia.org/ontology/Location>	<http://ja.dbpedia.org/property/subdivisionName>	"subdivision name"@ja	<http://ja.wikipedia.org/wiki/小杉陣屋町>	<http://wikidata.dbpedia.org/resource/Q97310839>
<http://ja.dbpedia.org/resource/小杉陣屋町>	"小杉陣屋町"@ja	<http://dbpedia.org/ontology/Place>	<http://ja.dbpedia.org/property/subdivisionName>	"subdivision name"@ja	<http://ja.wikipedia.org/wiki/小杉陣屋町>	<http://wikidata.dbpedia.org/resource/Q97310839>
<http://ja.dbpedia.org/resource/小杉陣屋町>	"小杉陣屋町"@ja	<http://dbpedia.org/ontology/Settlement>	<http://ja.dbpedia.org/property/subdivisionName>	"subdivision name"@ja	<http://ja.wikipedia.org/wiki/小杉陣屋町>	<http://wikidata.dbpedia.org/resource/Q97310839>
<http://ja.dbpedia.org/resource/市ノ坪_(川崎市)>	"市ノ坪 (川崎市)"@ja	<http://dbpedia.org/ontology/Location>	<http://ja.dbpedia.org/property/subdivisionName>	"subdivision name"@ja	<http://ja.wikipedia.org/wiki/市ノ坪_(川崎市)>	<http://wikidata.dbpedia.org/resource/Q11479969>
<http://ja.dbpedia.org/resource/市ノ坪_(川崎市)>	"市ノ坪 (川崎市)"@ja	<http://dbpedia.org/ontology/PopulatedPlace>	<http://ja.dbpedia.org/property/subdivisionName>	"subdivision name"@ja	<http://ja.wikipedia.org/wiki/市ノ坪_(川崎市)>	<http://wikidata.dbpedia.org/resource/Q11479969>
<http://ja.dbpedia.org/resource/市ノ坪_(川崎市)>	"市ノ坪 (川崎市)"@ja	<http://dbpedia.org/ontology/Settlement>	<http://ja.dbpedia.org/property/subdivisionName>	"subdivision name"@ja	<http://ja.wikipedia.org/wiki/市ノ坪_(川崎市)>	<http://wikidata.dbpedia.org/resource/Q11479969>
<http://ja.dbpedia.org/resource/市ノ坪_(川崎市)>	"市ノ坪 (川崎市)"@ja	<http://dbpedia.org/ontology/Place>	<http://ja.dbpedia.org/property/subdivisionName>	"subdivision name"@ja	<http://ja.wikipedia.org/wiki/市ノ坪_(川崎市)>	<http://wikidata.dbpedia.org/resource/Q11479969>
<http://ja.dbpedia.org/resource/新丸子東>	"新丸子東"@ja	<http://dbpedia.org/ontology/PopulatedPlace>	<http://ja.dbpedia.org/property/subdivisionName>	"subdivision name"@ja	<http://ja.wikipedia.org/wiki/新丸子東>	<http://wikidata.dbpedia.org/resource/Q17994044>
<http://ja.dbpedia.org/resource/新丸子東>	"新丸子東"@ja	<http://dbpedia.org/ontology/Location>	<http://ja.dbpedia.org/property/subdivisionName>	"subdivision name"@ja	<http://ja.wikipedia.org/wiki/新丸子東>	<http://wikidata.dbpedia.org/resource/Q17994044>
<http://ja.dbpedia.org/resource/新丸子東>	"新丸子東"@ja	<http://dbpedia.org/ontology/Settlement>	<http://ja.dbpedia.org/property/subdivisionName>	"subdivision name"@ja	<http://ja.wikipedia.org/wiki/新丸子東>	<http://wikidata.dbpedia.org/resource/Q17994044>
<http://ja.dbpedia.org/resource/新丸子東>	"新丸子東"@ja	<http://dbpedia.org/ontology/Place>	<http://ja.dbpedia.org/property/subdivisionName>	"subdivision name"@ja	<http://ja.wikipedia.org/wiki/新丸子東>	<http://wikidata.dbpedia.org/resource/Q17994044>
<http://ja.dbpedia.org/resource/新丸子町>	"新丸子町"@ja	<http://dbpedia.org/ontology/PopulatedPlace>	<http://ja.dbpedia.org/property/subdivisionName>	"subdivision name"@ja	<http://ja.wikipedia.org/wiki/新丸子町>	<http://wikidata.dbpedia.org/resource/Q17994047>
<http://ja.dbpedia.org/resource/新丸子町>	"新丸子町"@ja	<http://dbpedia.org/ontology/Location>	<http://ja.dbpedia.org/property/subdivisionName>	"subdivision name"@ja	<http://ja.wikipedia.org/wiki/新丸子町>	<http://wikidata.dbpedia.org/resource/Q17994047>
<http://ja.dbpedia.org/resource/新丸子町>	"新丸子町"@ja	<http://dbpedia.org/ontology/Settlement>	<http://ja.dbpedia.org/property/subdivisionName>	"subdivision name"@ja	<http://ja.wikipedia.org/wiki/新丸子町>	<http://wikidata.dbpedia.org/resource/Q17994047>
<http://ja.dbpedia.org/resource/新丸子町>	"新丸子町"@ja	<http://dbpedia.org/ontology/Place>	<http://ja.dbpedia.org/property/subdivisionName>	"subdivision name"@ja	<http://ja.wikipedia.org/wiki/新丸子町>	<http://wikidata.dbpedia.org/resource/Q17994047>
<http://ja.dbpedia.org/resource/新城_(川崎市)>	"新城 (川崎市)"@ja	<http://dbpedia.org/ontology/PopulatedPlace>	<http://ja.dbpedia.org/property/subdivisionName>	"subdivision name"@ja	<http://ja.wikipedia.org/wiki/新城_(川崎市)>	<http://wikidata.dbpedia.org/resource/Q11501559>
<http://ja.dbpedia.org/resource/新城_(川崎市)>	"新城 (川崎市)"@ja	<http://dbpedia.org/ontology/Location>	<http://ja.dbpedia.org/property/subdivisionName>	"subdivision name"@ja	<http://ja.wikipedia.org/wiki/新城_(川崎市)>	<http://wikidata.dbpedia.org/resource/Q11501559>
<http://ja.dbpedia.org/resource/新城_(川崎市)>	"新城 (川崎市)"@ja	<http://dbpedia.org/ontology/Place>	<http://ja.dbpedia.org/property/subdivisionName>	"subdivision name"@ja	<http://ja.wikipedia.org/wiki/新城_(川崎市)>	<http://wikidata.dbpedia.org/resource/Q11501559>
<http://ja.dbpedia.org/resource/新城_(川崎市)>	"新城 (川崎市)"@ja	<http://dbpedia.org/ontology/Settlement>	<http://ja.dbpedia.org/property/subdivisionName>	"subdivision name"@ja	<http://ja.wikipedia.org/wiki/新城_(川崎市)>	<http://wikidata.dbpedia.org/resource/Q11501559>
<http://ja.dbpedia.org/resource/新城中町>	"新城中町"@ja	<http://dbpedia.org/ontology/Location>	<http://ja.dbpedia.org/property/subdivisionName>	"subdivision name"@ja	<http://ja.wikipedia.org/wiki/新城中町>	<http://wikidata.dbpedia.org/resource/Q97310849>
<http://ja.dbpedia.org/resource/新城中町>	"新城中町"@ja	<http://dbpedia.org/ontology/PopulatedPlace>	<http://ja.dbpedia.org/property/subdivisionName>	"subdivision name"@ja	<http://ja.wikipedia.org/wiki/新城中町>	<http://wikidata.dbpedia.org/resource/Q97310849>
<http://ja.dbpedia.org/resource/新城中町>	"新城中町"@ja	<http://dbpedia.org/ontology/Settlement>	<http://ja.dbpedia.org/property/subdivisionName>	"subdivision name"@ja	<http://ja.wikipedia.org/wiki/新城中町>	<http://wikidata.dbpedia.org/resource/Q97310849>
<http://ja.dbpedia.org/resource/新城中町>	"新城中町"@ja	<http://dbpedia.org/ontology/Place>	<http://ja.dbpedia.org/property/subdivisionName>	"subdivision name"@ja	<http://ja.wikipedia.org/wiki/新城中町>	<http://wikidata.dbpedia.org/resource/Q97310849>
<http://ja.dbpedia.org/resource/木月_(川崎市)>	"木月 (川崎市)"@ja	<http://dbpedia.org/ontology/Location>	<http://ja.dbpedia.org/property/subdivisionName>	"subdivision name"@ja	<http://ja.wikipedia.org/wiki/木月_(川崎市)>	<http://wikidata.dbpedia.org/resource/Q11518601>
<http://ja.dbpedia.org/resource/木月_(川崎市)>	"木月 (川崎市)"@ja	<http://dbpedia.org/ontology/PopulatedPlace>	<http://ja.dbpedia.org/property/subdivisionName>	"subdivision name"@ja	<http://ja.wikipedia.org/wiki/木月_(川崎市)>	<http://wikidata.dbpedia.org/resource/Q11518601>
<http://ja.dbpedia.org/resource/木月_(川崎市)>	"木月 (川崎市)"@ja	<http://dbpedia.org/ontology/Settlement>	<http://ja.dbpedia.org/property/subdivisionName>	"subdivision name"@ja	<http://ja.wikipedia.org/wiki/木月_(川崎市)>	<http://wikidata.dbpedia.org/resource/Q11518601>
<http://ja.dbpedia.org/resource/木月_(川崎市)>	"木月 (川崎市)"@ja	<http://dbpedia.org/ontology/Place>	<http://ja.dbpedia.org/property/subdivisionName>	"subdivision name"@ja	<http://ja.wikipedia.org/wiki/木月_(川崎市)>	<http://wikidata.dbpedia.org/resource/Q11518601>
<http://ja.dbpedia.org/resource/木月伊勢町>	"木月伊勢町"@ja	<http://dbpedia.org/ontology/PopulatedPlace>	<http://ja.dbpedia.org/property/subdivisionName>	"subdivision name"@ja	<http://ja.wikipedia.org/wiki/木月伊勢町>	<http://wikidata.dbpedia.org/resource/Q11518603>
<http://ja.dbpedia.org/resource/木月伊勢町>	"木月伊勢町"@ja	<http://dbpedia.org/ontology/Location>	<http://ja.dbpedia.org/property/subdivisionName>	"subdivision name"@ja	<http://ja.wikipedia.org/wiki/木月伊勢町>	<http://wikidata.dbpedia.org/resource/Q11518603>
<http://ja.dbpedia.org/resource/木月伊勢町>	"木月伊勢町"@ja	<http://dbpedia.org/ontology/Settlement>	<http://ja.dbpedia.org/property/subdivisionName>	"subdivision name"@ja	<http://ja.wikipedia.org/wiki/木月伊勢町>	<http://wikidata.dbpedia.org/resource/Q11518603>
<http://ja.dbpedia.org/resource/木月伊勢町>	"木月伊勢町"@ja	<http://dbpedia.org/ontology/Place>	<http://ja.dbpedia.org/property/subdivisionName>	"subdivision name"@ja	<http://ja.wikipedia.org/wiki/木月伊勢町>	<http://wikidata.dbpedia.org/resource/Q11518603>
<http://ja.dbpedia.org/resource/木月住吉町>	"木月住吉町"@ja	<http://dbpedia.org/ontology/PopulatedPlace>	<http://ja.dbpedia.org/property/subdivisionName>	"subdivision name"@ja	<http://ja.wikipedia.org/wiki/木月住吉町>	<http://wikidata.dbpedia.org/resource/Q11518604>
<http://ja.dbpedia.org/resource/木月住吉町>	"木月住吉町"@ja	<http://dbpedia.org/ontology/Location>	<http://ja.dbpedia.org/property/subdivisionName>	"subdivision name"@ja	<http://ja.wikipedia.org/wiki/木月住吉町>	<http://wikidata.dbpedia.org/resource/Q11518604>
<http://ja.dbpedia.org/resource/木月住吉町>	"木月住吉町"@ja	<http://dbpedia.org/ontology/Settlement>	<http://ja.dbpedia.org/property/subdivisionName>	"subdivision name"@ja	<http://ja.wikipedia.org/wiki/木月住吉町>	<http://wikidata.dbpedia.org/resource/Q11518604>
<http://ja.dbpedia.org/resource/木月住吉町>	"木月住吉町"@ja	<http://dbpedia.org/ontology/Place>	<http://ja.dbpedia.org/property/subdivisionName>	"subdivision name"@ja	<http://ja.wikipedia.org/wiki/木月住吉町>	<http://wikidata.dbpedia.org/resource/Q11518604>
<http://ja.dbpedia.org/resource/木月大町>	"木月大町"@ja	<http://dbpedia.org/ontology/PopulatedPlace>	<http://ja.dbpedia.org/property/subdivisionName>	"subdivision name"@ja	<http://ja.wikipedia.org/wiki/木月大町>	<http://wikidata.dbpedia.org/resource/Q11518605>
<http://ja.dbpedia.org/resource/木月大町>	"木月大町"@ja	<http://dbpedia.org/ontology/Location>	<http://ja.dbpedia.org/property/subdivisionName>	"subdivision name"@ja	<http://ja.wikipedia.org/wiki/木月大町>	<http://wikidata.dbpedia.org/resource/Q11518605>
<http://ja.dbpedia.org/resource/木月大町>	"木月大町"@ja	<http://dbpedia.org/ontology/Settlement>	<http://ja.dbpedia.org/property/subdivisionName>	"subdivision name"@ja	<http://ja.wikipedia.org/wiki/木月大町>	<http://wikidata.dbpedia.org/resource/Q11518605>
<http://ja.dbpedia.org/resource/木月大町>	"木月大町"@ja	<http://dbpedia.org/ontology/Place>	<http://ja.dbpedia.org/property/subdivisionName>	"subdivision name"@ja	<http://ja.wikipedia.org/wiki/木月大町>	<http://wikidata.dbpedia.org/resource/Q11518605>
<http://ja.dbpedia.org/resource/木月祗園町>	"木月祗園町"@ja	<http://dbpedia.org/ontology/Place>	<http://ja.dbpedia.org/property/subdivisionName>	"subdivision name"@ja	<http://ja.wikipedia.org/wiki/木月祗園町>	<http://wikidata.dbpedia.org/resource/Q11518607>
<http://ja.dbpedia.org/resource/木月祗園町>	"木月祗園町"@ja	<http://dbpedia.org/ontology/Settlement>	<http://ja.dbpedia.org/property/subdivisionName>	"subdivision name"@ja	<http://ja.wikipedia.org/wiki/木月祗園町>	<http://wikidata.dbpedia.org/resource/Q11518607>
<http://ja.dbpedia.org/resource/木月祗園町>	"木月祗園町"@ja	<http://dbpedia.org/ontology/PopulatedPlace>	<http://ja.dbpedia.org/property/subdivisionName>	"subdivision name"@ja	<http://ja.wikipedia.org/wiki/木月祗園町>	<http://wikidata.dbpedia.org/resource/Q11518607>
<http://ja.dbpedia.org/resource/木月祗園町>	"木月祗園町"@ja	<http://dbpedia.org/ontology/Location>	<http://ja.dbpedia.org/property/subdivisionName>	"subdivision name"@ja	<http://ja.wikipedia.org/wiki/木月祗園町>	<http://wikidata.dbpedia.org/resource/Q11518607>
<http://ja.dbpedia.org/resource/武蔵小杉>	"武蔵小杉"@ja	<http://dbpedia.org/ontology/Location>	<http://ja.dbpedia.org/property/subdivisionName>	"subdivision name"@ja	<http://ja.wikipedia.org/wiki/武蔵小杉>	<http://wikidata.dbpedia.org/resource/Q11546354>
<http://ja.dbpedia.org/resource/武蔵小杉>	"武蔵小杉"@ja	<http://dbpedia.org/ontology/PopulatedPlace>	<http://ja.dbpedia.org/property/行政区>	"行政区"@ja	<http://ja.wikipedia.org/wiki/武蔵小杉>	<http://wikidata.dbpedia.org/resource/Q11546354>
<http://ja.dbpedia.org/resource/武蔵小杉>	"武蔵小杉"@ja	<http://dbpedia.org/ontology/PopulatedPlace>	<http://ja.dbpedia.org/property/subdivisionName>	"subdivision name"@ja	<http://ja.wikipedia.org/wiki/武蔵小杉>	<http://wikidata.dbpedia.org/resource/Q11546354>
<http://ja.dbpedia.org/resource/武蔵小杉>	"武蔵小杉"@ja	<http://dbpedia.org/ontology/Location>	<http://ja.dbpedia.org/property/行政区>	"行政区"@ja	<http://ja.wikipedia.org/wiki/武蔵小杉>	<http://wikidata.dbpedia.org/resource/Q11546354>
<http://ja.dbpedia.org/resource/武蔵小杉>	"武蔵小杉"@ja	<http://dbpedia.org/ontology/Place>	<http://ja.dbpedia.org/property/subdivisionName>	"subdivision name"@ja	<http://ja.wikipedia.org/wiki/武蔵小杉>	<http://wikidata.dbpedia.org/resource/Q11546354>
<http://ja.dbpedia.org/resource/武蔵小杉>	"武蔵小杉"@ja	<http://dbpedia.org/ontology/Place>	<http://ja.dbpedia.org/property/行政区>	"行政区"@ja	<http://ja.wikipedia.org/wiki/武蔵小杉>	<http://wikidata.dbpedia.org/resource/Q11546354>
<http://ja.dbpedia.org/resource/武蔵小杉>	"武蔵小杉"@ja	<http://dbpedia.org/ontology/Settlement>	<http://ja.dbpedia.org/property/subdivisionName>	"subdivision name"@ja	<http://ja.wikipedia.org/wiki/武蔵小杉>	<http://wikidata.dbpedia.org/resource/Q11546354>
<http://ja.dbpedia.org/resource/武蔵小杉>	"武蔵小杉"@ja	<http://dbpedia.org/ontology/Settlement>	<http://ja.dbpedia.org/property/行政区>	"行政区"@ja	<http://ja.wikipedia.org/wiki/武蔵小杉>	<http://wikidata.dbpedia.org/resource/Q11546354>
<http://ja.dbpedia.org/resource/田尻町_(川崎市)>	"田尻町 (川崎市)"@ja	<http://dbpedia.org/ontology/Location>	<http://ja.dbpedia.org/property/subdivisionName>	"subdivision name"@ja	<http://ja.wikipedia.org/wiki/田尻町_(川崎市)>	<http://wikidata.dbpedia.org/resource/Q97280712>
<http://ja.dbpedia.org/resource/田尻町_(川崎市)>	"田尻町 (川崎市)"@ja	<http://dbpedia.org/ontology/PopulatedPlace>	<http://ja.dbpedia.org/property/subdivisionName>	"subdivision name"@ja	<http://ja.wikipedia.org/wiki/田尻町_(川崎市)>	<http://wikidata.dbpedia.org/resource/Q97280712>
<http://ja.dbpedia.org/resource/田尻町_(川崎市)>	"田尻町 (川崎市)"@ja	<http://dbpedia.org/ontology/Settlement>	<http://ja.dbpedia.org/property/subdivisionName>	"subdivision name"@ja	<http://ja.wikipedia.org/wiki/田尻町_(川崎市)>	<http://wikidata.dbpedia.org/resource/Q97280712>
<http://ja.dbpedia.org/resource/田尻町_(川崎市)>	"田尻町 (川崎市)"@ja	<http://dbpedia.org/ontology/Place>	<http://ja.dbpedia.org/property/subdivisionName>	"subdivision name"@ja	<http://ja.wikipedia.org/wiki/田尻町_(川崎市)>	<http://wikidata.dbpedia.org/resource/Q97280712>
<http://ja.dbpedia.org/resource/等々力_(川崎市)>	"等々力 (川崎市)"@ja	<http://dbpedia.org/ontology/Location>	<http://ja.dbpedia.org/property/subdivisionName>	"subdivision name"@ja	<http://ja.wikipedia.org/wiki/等々力_(川崎市)>	<http://wikidata.dbpedia.org/resource/Q11602712>
<http://ja.dbpedia.org/resource/等々力_(川崎市)>	"等々力 (川崎市)"@ja	<http://dbpedia.org/ontology/PopulatedPlace>	<http://ja.dbpedia.org/property/subdivisionName>	"subdivision name"@ja	<http://ja.wikipedia.org/wiki/等々力_(川崎市)>	<http://wikidata.dbpedia.org/resource/Q11602712>
<http://ja.dbpedia.org/resource/等々力_(川崎市)>	"等々力 (川崎市)"@ja	<http://dbpedia.org/ontology/Settlement>	<http://ja.dbpedia.org/property/subdivisionName>	"subdivision name"@ja	<http://ja.wikipedia.org/wiki/等々力_(川崎市)>	<http://wikidata.dbpedia.org/resource/Q11602712>
<http://ja.dbpedia.org/resource/等々力_(川崎市)>	"等々力 (川崎市)"@ja	<http://dbpedia.org/ontology/Place>	<http://ja.dbpedia.org/property/subdivisionName>	"subdivision name"@ja	<http://ja.wikipedia.org/wiki/等々力_(川崎市)>	<http://wikidata.dbpedia.org/resource/Q11602712>
<http://ja.dbpedia.org/resource/苅宿_(川崎市)>	"苅宿 (川崎市)"@ja	<http://dbpedia.org/ontology/PopulatedPlace>	<http://ja.dbpedia.org/property/subdivisionName>	"subdivision name"@ja	<http://ja.wikipedia.org/wiki/苅宿_(川崎市)>	<http://wikidata.dbpedia.org/resource/Q11616070>
<http://ja.dbpedia.org/resource/苅宿_(川崎市)>	"苅宿 (川崎市)"@ja	<http://dbpedia.org/ontology/Location>	<http://ja.dbpedia.org/property/subdivisionName>	"subdivision name"@ja	<http://ja.wikipedia.org/wiki/苅宿_(川崎市)>	<http://wikidata.dbpedia.org/resource/Q11616070>
<http://ja.dbpedia.org/resource/苅宿_(川崎市)>	"苅宿 (川崎市)"@ja	<http://dbpedia.org/ontology/Place>	<http://ja.dbpedia.org/property/subdivisionName>	"subdivision name"@ja	<http://ja.wikipedia.org/wiki/苅宿_(川崎市)>	<http://wikidata.dbpedia.org/resource/Q11616070>
<http://ja.dbpedia.org/resource/苅宿_(川崎市)>	"苅宿 (川崎市)"@ja	<http://dbpedia.org/ontology/Settlement>	<http://ja.dbpedia.org/property/subdivisionName>	"subdivision name"@ja	<http://ja.wikipedia.org/wiki/苅宿_(川崎市)>	<http://wikidata.dbpedia.org/resource/Q11616070>
<http://ja.dbpedia.org/resource/西加瀬>	"西加瀬"@ja	<http://dbpedia.org/ontology/Location>	<http://ja.dbpedia.org/property/subdivisionName>	"subdivision name"@ja	<http://ja.wikipedia.org/wiki/西加瀬>	<http://wikidata.dbpedia.org/resource/Q111034102>
<http://ja.dbpedia.org/resource/西加瀬>	"西加瀬"@ja	<http://dbpedia.org/ontology/PopulatedPlace>	<http://ja.dbpedia.org/property/subdivisionName>	"subdivision name"@ja	<http://ja.wikipedia.org/wiki/西加瀬>	<http://wikidata.dbpedia.org/resource/Q111034102>
<http://ja.dbpedia.org/resource/西加瀬>	"西加瀬"@ja	<http://dbpedia.org/ontology/Settlement>	<http://ja.dbpedia.org/property/subdivisionName>	"subdivision name"@ja	<http://ja.wikipedia.org/wiki/西加瀬>	<http://wikidata.dbpedia.org/resource/Q111034102>
<http://ja.dbpedia.org/resource/西加瀬>	"西加瀬"@ja	<http://dbpedia.org/ontology/Place>	<http://ja.dbpedia.org/property/subdivisionName>	"subdivision name"@ja	<http://ja.wikipedia.org/wiki/西加瀬>	<http://wikidata.dbpedia.org/resource/Q111034102>
