?s	?sLabel	?type	?p	?pLabel	?jwiki	?wd
<http://ja.dbpedia.org/resource/下並木>	"下並木"@ja	<http://dbpedia.org/ontology/Place>	<http://ja.dbpedia.org/property/subdivisionName>	"subdivision name"@ja	<http://ja.wikipedia.org/wiki/下並木>	<http://wikidata.dbpedia.org/resource/Q109599532>
<http://ja.dbpedia.org/resource/下並木>	"下並木"@ja	<http://dbpedia.org/ontology/Settlement>	<http://ja.dbpedia.org/property/subdivisionName>	"subdivision name"@ja	<http://ja.wikipedia.org/wiki/下並木>	<http://wikidata.dbpedia.org/resource/Q109599532>
<http://ja.dbpedia.org/resource/下並木>	"下並木"@ja	<http://dbpedia.org/ontology/Location>	<http://ja.dbpedia.org/property/subdivisionName>	"subdivision name"@ja	<http://ja.wikipedia.org/wiki/下並木>	<http://wikidata.dbpedia.org/resource/Q109599532>
<http://ja.dbpedia.org/resource/下並木>	"下並木"@ja	<http://dbpedia.org/ontology/PopulatedPlace>	<http://ja.dbpedia.org/property/subdivisionName>	"subdivision name"@ja	<http://ja.wikipedia.org/wiki/下並木>	<http://wikidata.dbpedia.org/resource/Q109599532>
<http://ja.dbpedia.org/resource/中島_(川崎市)>	"中島 (川崎市)"@ja	<http://dbpedia.org/ontology/Place>	<http://ja.dbpedia.org/property/subdivisionName>	"subdivision name"@ja	<http://ja.wikipedia.org/wiki/中島_(川崎市)>	<http://wikidata.dbpedia.org/resource/Q110224214>
<http://ja.dbpedia.org/resource/中島_(川崎市)>	"中島 (川崎市)"@ja	<http://dbpedia.org/ontology/Settlement>	<http://ja.dbpedia.org/property/subdivisionName>	"subdivision name"@ja	<http://ja.wikipedia.org/wiki/中島_(川崎市)>	<http://wikidata.dbpedia.org/resource/Q110224214>
<http://ja.dbpedia.org/resource/中島_(川崎市)>	"中島 (川崎市)"@ja	<http://dbpedia.org/ontology/Location>	<http://ja.dbpedia.org/property/subdivisionName>	"subdivision name"@ja	<http://ja.wikipedia.org/wiki/中島_(川崎市)>	<http://wikidata.dbpedia.org/resource/Q110224214>
<http://ja.dbpedia.org/resource/中島_(川崎市)>	"中島 (川崎市)"@ja	<http://dbpedia.org/ontology/PopulatedPlace>	<http://ja.dbpedia.org/property/subdivisionName>	"subdivision name"@ja	<http://ja.wikipedia.org/wiki/中島_(川崎市)>	<http://wikidata.dbpedia.org/resource/Q110224214>
<http://ja.dbpedia.org/resource/中瀬_(川崎市)>	"中瀬 (川崎市)"@ja	<http://dbpedia.org/ontology/Place>	<http://ja.dbpedia.org/property/subdivisionName>	"subdivision name"@ja	<http://ja.wikipedia.org/wiki/中瀬_(川崎市)>	<http://wikidata.dbpedia.org/resource/Q110577319>
<http://ja.dbpedia.org/resource/中瀬_(川崎市)>	"中瀬 (川崎市)"@ja	<http://dbpedia.org/ontology/Settlement>	<http://ja.dbpedia.org/property/subdivisionName>	"subdivision name"@ja	<http://ja.wikipedia.org/wiki/中瀬_(川崎市)>	<http://wikidata.dbpedia.org/resource/Q110577319>
<http://ja.dbpedia.org/resource/中瀬_(川崎市)>	"中瀬 (川崎市)"@ja	<http://dbpedia.org/ontology/Location>	<http://ja.dbpedia.org/property/subdivisionName>	"subdivision name"@ja	<http://ja.wikipedia.org/wiki/中瀬_(川崎市)>	<http://wikidata.dbpedia.org/resource/Q110577319>
<http://ja.dbpedia.org/resource/中瀬_(川崎市)>	"中瀬 (川崎市)"@ja	<http://dbpedia.org/ontology/PopulatedPlace>	<http://ja.dbpedia.org/property/subdivisionName>	"subdivision name"@ja	<http://ja.wikipedia.org/wiki/中瀬_(川崎市)>	<http://wikidata.dbpedia.org/resource/Q110577319>
<http://ja.dbpedia.org/resource/京町_(川崎市)>	"京町 (川崎市)"@ja	<http://dbpedia.org/ontology/Location>	<http://ja.dbpedia.org/property/subdivisionName>	"subdivision name"@ja	<http://ja.wikipedia.org/wiki/京町_(川崎市)>	<http://wikidata.dbpedia.org/resource/Q110191869>
<http://ja.dbpedia.org/resource/京町_(川崎市)>	"京町 (川崎市)"@ja	<http://dbpedia.org/ontology/PopulatedPlace>	<http://ja.dbpedia.org/property/subdivisionName>	"subdivision name"@ja	<http://ja.wikipedia.org/wiki/京町_(川崎市)>	<http://wikidata.dbpedia.org/resource/Q110191869>
<http://ja.dbpedia.org/resource/京町_(川崎市)>	"京町 (川崎市)"@ja	<http://dbpedia.org/ontology/Settlement>	<http://ja.dbpedia.org/property/subdivisionName>	"subdivision name"@ja	<http://ja.wikipedia.org/wiki/京町_(川崎市)>	<http://wikidata.dbpedia.org/resource/Q110191869>
<http://ja.dbpedia.org/resource/京町_(川崎市)>	"京町 (川崎市)"@ja	<http://dbpedia.org/ontology/Place>	<http://ja.dbpedia.org/property/subdivisionName>	"subdivision name"@ja	<http://ja.wikipedia.org/wiki/京町_(川崎市)>	<http://wikidata.dbpedia.org/resource/Q110191869>
<http://ja.dbpedia.org/resource/伊勢町_(川崎市)>	"伊勢町 (川崎市)"@ja	<http://dbpedia.org/ontology/Place>	<http://ja.dbpedia.org/property/subdivisionName>	"subdivision name"@ja	<http://ja.wikipedia.org/wiki/伊勢町_(川崎市)>	<http://wikidata.dbpedia.org/resource/Q110265510>
<http://ja.dbpedia.org/resource/伊勢町_(川崎市)>	"伊勢町 (川崎市)"@ja	<http://dbpedia.org/ontology/Settlement>	<http://ja.dbpedia.org/property/subdivisionName>	"subdivision name"@ja	<http://ja.wikipedia.org/wiki/伊勢町_(川崎市)>	<http://wikidata.dbpedia.org/resource/Q110265510>
<http://ja.dbpedia.org/resource/伊勢町_(川崎市)>	"伊勢町 (川崎市)"@ja	<http://dbpedia.org/ontology/Location>	<http://ja.dbpedia.org/property/subdivisionName>	"subdivision name"@ja	<http://ja.wikipedia.org/wiki/伊勢町_(川崎市)>	<http://wikidata.dbpedia.org/resource/Q110265510>
<http://ja.dbpedia.org/resource/伊勢町_(川崎市)>	"伊勢町 (川崎市)"@ja	<http://dbpedia.org/ontology/PopulatedPlace>	<http://ja.dbpedia.org/property/subdivisionName>	"subdivision name"@ja	<http://ja.wikipedia.org/wiki/伊勢町_(川崎市)>	<http://wikidata.dbpedia.org/resource/Q110265510>
<http://ja.dbpedia.org/resource/元木_(川崎市)>	"元木 (川崎市)"@ja	<http://dbpedia.org/ontology/Location>	<http://ja.dbpedia.org/property/subdivisionName>	"subdivision name"@ja	<http://ja.wikipedia.org/wiki/元木_(川崎市)>	<http://wikidata.dbpedia.org/resource/Q110256326>
<http://ja.dbpedia.org/resource/元木_(川崎市)>	"元木 (川崎市)"@ja	<http://dbpedia.org/ontology/PopulatedPlace>	<http://ja.dbpedia.org/property/subdivisionName>	"subdivision name"@ja	<http://ja.wikipedia.org/wiki/元木_(川崎市)>	<http://wikidata.dbpedia.org/resource/Q110256326>
<http://ja.dbpedia.org/resource/元木_(川崎市)>	"元木 (川崎市)"@ja	<http://dbpedia.org/ontology/Settlement>	<http://ja.dbpedia.org/property/subdivisionName>	"subdivision name"@ja	<http://ja.wikipedia.org/wiki/元木_(川崎市)>	<http://wikidata.dbpedia.org/resource/Q110256326>
<http://ja.dbpedia.org/resource/元木_(川崎市)>	"元木 (川崎市)"@ja	<http://dbpedia.org/ontology/Place>	<http://ja.dbpedia.org/property/subdivisionName>	"subdivision name"@ja	<http://ja.wikipedia.org/wiki/元木_(川崎市)>	<http://wikidata.dbpedia.org/resource/Q110256326>
<http://ja.dbpedia.org/resource/出来野>	"出来野"@ja	<http://dbpedia.org/ontology/Location>	<http://ja.dbpedia.org/property/subdivisionName>	"subdivision name"@ja	<http://ja.wikipedia.org/wiki/出来野>	<http://wikidata.dbpedia.org/resource/Q110577279>
<http://ja.dbpedia.org/resource/出来野>	"出来野"@ja	<http://dbpedia.org/ontology/PopulatedPlace>	<http://ja.dbpedia.org/property/subdivisionName>	"subdivision name"@ja	<http://ja.wikipedia.org/wiki/出来野>	<http://wikidata.dbpedia.org/resource/Q110577279>
<http://ja.dbpedia.org/resource/出来野>	"出来野"@ja	<http://dbpedia.org/ontology/Settlement>	<http://ja.dbpedia.org/property/subdivisionName>	"subdivision name"@ja	<http://ja.wikipedia.org/wiki/出来野>	<http://wikidata.dbpedia.org/resource/Q110577279>
<http://ja.dbpedia.org/resource/出来野>	"出来野"@ja	<http://dbpedia.org/ontology/Place>	<http://ja.dbpedia.org/property/subdivisionName>	"subdivision name"@ja	<http://ja.wikipedia.org/wiki/出来野>	<http://wikidata.dbpedia.org/resource/Q110577279>
<http://ja.dbpedia.org/resource/千鳥町_(川崎市)>	"千鳥町 (川崎市)"@ja	<http://dbpedia.org/ontology/Location>	<http://ja.dbpedia.org/property/subdivisionName>	"subdivision name"@ja	<http://ja.wikipedia.org/wiki/千鳥町_(川崎市)>	<http://wikidata.dbpedia.org/resource/Q11406910>
<http://ja.dbpedia.org/resource/千鳥町_(川崎市)>	"千鳥町 (川崎市)"@ja	<http://dbpedia.org/ontology/PopulatedPlace>	<http://ja.dbpedia.org/property/subdivisionName>	"subdivision name"@ja	<http://ja.wikipedia.org/wiki/千鳥町_(川崎市)>	<http://wikidata.dbpedia.org/resource/Q11406910>
<http://ja.dbpedia.org/resource/千鳥町_(川崎市)>	"千鳥町 (川崎市)"@ja	<http://dbpedia.org/ontology/Settlement>	<http://ja.dbpedia.org/property/subdivisionName>	"subdivision name"@ja	<http://ja.wikipedia.org/wiki/千鳥町_(川崎市)>	<http://wikidata.dbpedia.org/resource/Q11406910>
<http://ja.dbpedia.org/resource/千鳥町_(川崎市)>	"千鳥町 (川崎市)"@ja	<http://dbpedia.org/ontology/Place>	<http://ja.dbpedia.org/property/subdivisionName>	"subdivision name"@ja	<http://ja.wikipedia.org/wiki/千鳥町_(川崎市)>	<http://wikidata.dbpedia.org/resource/Q11406910>
<http://ja.dbpedia.org/resource/南渡田町>	"南渡田町"@ja	<http://dbpedia.org/ontology/PopulatedPlace>	<http://ja.dbpedia.org/property/subdivisionName>	"subdivision name"@ja	<http://ja.wikipedia.org/wiki/南渡田町>	<http://wikidata.dbpedia.org/resource/Q109362810>
<http://ja.dbpedia.org/resource/南渡田町>	"南渡田町"@ja	<http://dbpedia.org/ontology/Location>	<http://ja.dbpedia.org/property/subdivisionName>	"subdivision name"@ja	<http://ja.wikipedia.org/wiki/南渡田町>	<http://wikidata.dbpedia.org/resource/Q109362810>
<http://ja.dbpedia.org/resource/南渡田町>	"南渡田町"@ja	<http://dbpedia.org/ontology/Place>	<http://ja.dbpedia.org/property/subdivisionName>	"subdivision name"@ja	<http://ja.wikipedia.org/wiki/南渡田町>	<http://wikidata.dbpedia.org/resource/Q109362810>
<http://ja.dbpedia.org/resource/南渡田町>	"南渡田町"@ja	<http://dbpedia.org/ontology/Settlement>	<http://ja.dbpedia.org/property/subdivisionName>	"subdivision name"@ja	<http://ja.wikipedia.org/wiki/南渡田町>	<http://wikidata.dbpedia.org/resource/Q109362810>
<http://ja.dbpedia.org/resource/南町_(川崎市)>	"南町 (川崎市)"@ja	<http://dbpedia.org/ontology/Place>	<http://ja.dbpedia.org/property/subdivisionName>	"subdivision name"@ja	<http://ja.wikipedia.org/wiki/南町_(川崎市)>	<http://wikidata.dbpedia.org/resource/Q11408269>
<http://ja.dbpedia.org/resource/南町_(川崎市)>	"南町 (川崎市)"@ja	<http://dbpedia.org/ontology/Settlement>	<http://ja.dbpedia.org/property/subdivisionName>	"subdivision name"@ja	<http://ja.wikipedia.org/wiki/南町_(川崎市)>	<http://wikidata.dbpedia.org/resource/Q11408269>
<http://ja.dbpedia.org/resource/南町_(川崎市)>	"南町 (川崎市)"@ja	<http://dbpedia.org/ontology/Location>	<http://ja.dbpedia.org/property/subdivisionName>	"subdivision name"@ja	<http://ja.wikipedia.org/wiki/南町_(川崎市)>	<http://wikidata.dbpedia.org/resource/Q11408269>
<http://ja.dbpedia.org/resource/南町_(川崎市)>	"南町 (川崎市)"@ja	<http://dbpedia.org/ontology/PopulatedPlace>	<http://ja.dbpedia.org/property/subdivisionName>	"subdivision name"@ja	<http://ja.wikipedia.org/wiki/南町_(川崎市)>	<http://wikidata.dbpedia.org/resource/Q11408269>
<http://ja.dbpedia.org/resource/台町_(川崎市)>	"台町 (川崎市)"@ja	<http://dbpedia.org/ontology/Location>	<http://ja.dbpedia.org/property/subdivisionName>	"subdivision name"@ja	<http://ja.wikipedia.org/wiki/台町_(川崎市)>	<http://wikidata.dbpedia.org/resource/Q110577139>
<http://ja.dbpedia.org/resource/台町_(川崎市)>	"台町 (川崎市)"@ja	<http://dbpedia.org/ontology/PopulatedPlace>	<http://ja.dbpedia.org/property/subdivisionName>	"subdivision name"@ja	<http://ja.wikipedia.org/wiki/台町_(川崎市)>	<http://wikidata.dbpedia.org/resource/Q110577139>
<http://ja.dbpedia.org/resource/台町_(川崎市)>	"台町 (川崎市)"@ja	<http://dbpedia.org/ontology/Settlement>	<http://ja.dbpedia.org/property/subdivisionName>	"subdivision name"@ja	<http://ja.wikipedia.org/wiki/台町_(川崎市)>	<http://wikidata.dbpedia.org/resource/Q110577139>
<http://ja.dbpedia.org/resource/台町_(川崎市)>	"台町 (川崎市)"@ja	<http://dbpedia.org/ontology/Place>	<http://ja.dbpedia.org/property/subdivisionName>	"subdivision name"@ja	<http://ja.wikipedia.org/wiki/台町_(川崎市)>	<http://wikidata.dbpedia.org/resource/Q110577139>
<http://ja.dbpedia.org/resource/四谷上町>	"四谷上町"@ja	<http://dbpedia.org/ontology/Location>	<http://ja.dbpedia.org/property/subdivisionName>	"subdivision name"@ja	<http://ja.wikipedia.org/wiki/四谷上町>	<http://wikidata.dbpedia.org/resource/Q110577623>
<http://ja.dbpedia.org/resource/四谷上町>	"四谷上町"@ja	<http://dbpedia.org/ontology/PopulatedPlace>	<http://ja.dbpedia.org/property/subdivisionName>	"subdivision name"@ja	<http://ja.wikipedia.org/wiki/四谷上町>	<http://wikidata.dbpedia.org/resource/Q110577623>
<http://ja.dbpedia.org/resource/四谷上町>	"四谷上町"@ja	<http://dbpedia.org/ontology/Settlement>	<http://ja.dbpedia.org/property/subdivisionName>	"subdivision name"@ja	<http://ja.wikipedia.org/wiki/四谷上町>	<http://wikidata.dbpedia.org/resource/Q110577623>
<http://ja.dbpedia.org/resource/四谷上町>	"四谷上町"@ja	<http://dbpedia.org/ontology/Place>	<http://ja.dbpedia.org/property/subdivisionName>	"subdivision name"@ja	<http://ja.wikipedia.org/wiki/四谷上町>	<http://wikidata.dbpedia.org/resource/Q110577623>
<http://ja.dbpedia.org/resource/四谷下町>	"四谷下町"@ja	<http://dbpedia.org/ontology/Location>	<http://ja.dbpedia.org/property/subdivisionName>	"subdivision name"@ja	<http://ja.wikipedia.org/wiki/四谷下町>	<http://wikidata.dbpedia.org/resource/Q110578175>
<http://ja.dbpedia.org/resource/四谷下町>	"四谷下町"@ja	<http://dbpedia.org/ontology/PopulatedPlace>	<http://ja.dbpedia.org/property/subdivisionName>	"subdivision name"@ja	<http://ja.wikipedia.org/wiki/四谷下町>	<http://wikidata.dbpedia.org/resource/Q110578175>
<http://ja.dbpedia.org/resource/四谷下町>	"四谷下町"@ja	<http://dbpedia.org/ontology/Settlement>	<http://ja.dbpedia.org/property/subdivisionName>	"subdivision name"@ja	<http://ja.wikipedia.org/wiki/四谷下町>	<http://wikidata.dbpedia.org/resource/Q110578175>
<http://ja.dbpedia.org/resource/四谷下町>	"四谷下町"@ja	<http://dbpedia.org/ontology/Place>	<http://ja.dbpedia.org/property/subdivisionName>	"subdivision name"@ja	<http://ja.wikipedia.org/wiki/四谷下町>	<http://wikidata.dbpedia.org/resource/Q110578175>
<http://ja.dbpedia.org/resource/堀之内_(川崎市)>	"堀之内 (川崎市)"@ja	<http://dbpedia.org/ontology/PopulatedPlace>	<http://ja.dbpedia.org/property/subdivisionName>	"subdivision name"@ja	<http://ja.wikipedia.org/wiki/堀之内_(川崎市)>	<http://wikidata.dbpedia.org/resource/Q11427189>
<http://ja.dbpedia.org/resource/堀之内_(川崎市)>	"堀之内 (川崎市)"@ja	<http://dbpedia.org/ontology/Location>	<http://ja.dbpedia.org/property/subdivisionName>	"subdivision name"@ja	<http://ja.wikipedia.org/wiki/堀之内_(川崎市)>	<http://wikidata.dbpedia.org/resource/Q11427189>
<http://ja.dbpedia.org/resource/堀之内_(川崎市)>	"堀之内 (川崎市)"@ja	<http://dbpedia.org/ontology/Place>	<http://ja.dbpedia.org/property/subdivisionName>	"subdivision name"@ja	<http://ja.wikipedia.org/wiki/堀之内_(川崎市)>	<http://wikidata.dbpedia.org/resource/Q11427189>
<http://ja.dbpedia.org/resource/堀之内_(川崎市)>	"堀之内 (川崎市)"@ja	<http://dbpedia.org/ontology/Settlement>	<http://ja.dbpedia.org/property/subdivisionName>	"subdivision name"@ja	<http://ja.wikipedia.org/wiki/堀之内_(川崎市)>	<http://wikidata.dbpedia.org/resource/Q11427189>
<http://ja.dbpedia.org/resource/塩浜_(川崎市)>	"塩浜 (川崎市)"@ja	<http://dbpedia.org/ontology/PopulatedPlace>	<http://ja.dbpedia.org/property/subdivisionName>	"subdivision name"@ja	<http://ja.wikipedia.org/wiki/塩浜_(川崎市)>	<http://wikidata.dbpedia.org/resource/Q110409730>
<http://ja.dbpedia.org/resource/塩浜_(川崎市)>	"塩浜 (川崎市)"@ja	<http://dbpedia.org/ontology/Location>	<http://ja.dbpedia.org/property/subdivisionName>	"subdivision name"@ja	<http://ja.wikipedia.org/wiki/塩浜_(川崎市)>	<http://wikidata.dbpedia.org/resource/Q110409730>
<http://ja.dbpedia.org/resource/塩浜_(川崎市)>	"塩浜 (川崎市)"@ja	<http://dbpedia.org/ontology/Settlement>	<http://ja.dbpedia.org/property/subdivisionName>	"subdivision name"@ja	<http://ja.wikipedia.org/wiki/塩浜_(川崎市)>	<http://wikidata.dbpedia.org/resource/Q110409730>
<http://ja.dbpedia.org/resource/塩浜_(川崎市)>	"塩浜 (川崎市)"@ja	<http://dbpedia.org/ontology/Place>	<http://ja.dbpedia.org/property/subdivisionName>	"subdivision name"@ja	<http://ja.wikipedia.org/wiki/塩浜_(川崎市)>	<http://wikidata.dbpedia.org/resource/Q110409730>
<http://ja.dbpedia.org/resource/境町_(川崎市)>	"境町 (川崎市)"@ja	<http://dbpedia.org/ontology/PopulatedPlace>	<http://ja.dbpedia.org/property/subdivisionName>	"subdivision name"@ja	<http://ja.wikipedia.org/wiki/境町_(川崎市)>	<http://wikidata.dbpedia.org/resource/Q110193434>
<http://ja.dbpedia.org/resource/境町_(川崎市)>	"境町 (川崎市)"@ja	<http://dbpedia.org/ontology/Location>	<http://ja.dbpedia.org/property/subdivisionName>	"subdivision name"@ja	<http://ja.wikipedia.org/wiki/境町_(川崎市)>	<http://wikidata.dbpedia.org/resource/Q110193434>
<http://ja.dbpedia.org/resource/境町_(川崎市)>	"境町 (川崎市)"@ja	<http://dbpedia.org/ontology/Place>	<http://ja.dbpedia.org/property/subdivisionName>	"subdivision name"@ja	<http://ja.wikipedia.org/wiki/境町_(川崎市)>	<http://wikidata.dbpedia.org/resource/Q110193434>
<http://ja.dbpedia.org/resource/境町_(川崎市)>	"境町 (川崎市)"@ja	<http://dbpedia.org/ontology/Settlement>	<http://ja.dbpedia.org/property/subdivisionName>	"subdivision name"@ja	<http://ja.wikipedia.org/wiki/境町_(川崎市)>	<http://wikidata.dbpedia.org/resource/Q110193434>
<http://ja.dbpedia.org/resource/夜光>	"夜光"@ja	<http://dbpedia.org/ontology/Location>	<http://ja.dbpedia.org/property/subdivisionName>	"subdivision name"@ja	<http://ja.wikipedia.org/wiki/夜光>	<http://wikidata.dbpedia.org/resource/Q11431231>
<http://ja.dbpedia.org/resource/夜光>	"夜光"@ja	<http://dbpedia.org/ontology/PopulatedPlace>	<http://ja.dbpedia.org/property/subdivisionName>	"subdivision name"@ja	<http://ja.wikipedia.org/wiki/夜光>	<http://wikidata.dbpedia.org/resource/Q11431231>
<http://ja.dbpedia.org/resource/夜光>	"夜光"@ja	<http://dbpedia.org/ontology/Settlement>	<http://ja.dbpedia.org/property/subdivisionName>	"subdivision name"@ja	<http://ja.wikipedia.org/wiki/夜光>	<http://wikidata.dbpedia.org/resource/Q11431231>
<http://ja.dbpedia.org/resource/夜光>	"夜光"@ja	<http://dbpedia.org/ontology/Place>	<http://ja.dbpedia.org/property/subdivisionName>	"subdivision name"@ja	<http://ja.wikipedia.org/wiki/夜光>	<http://wikidata.dbpedia.org/resource/Q11431231>
<http://ja.dbpedia.org/resource/大島_(川崎市)>	"大島 (川崎市)"@ja	<http://dbpedia.org/ontology/Place>	<http://ja.dbpedia.org/property/subdivisionName>	"subdivision name"@ja	<http://ja.wikipedia.org/wiki/大島_(川崎市)>	<http://wikidata.dbpedia.org/resource/Q11434808>
<http://ja.dbpedia.org/resource/大島_(川崎市)>	"大島 (川崎市)"@ja	<http://dbpedia.org/ontology/Settlement>	<http://ja.dbpedia.org/property/subdivisionName>	"subdivision name"@ja	<http://ja.wikipedia.org/wiki/大島_(川崎市)>	<http://wikidata.dbpedia.org/resource/Q11434808>
<http://ja.dbpedia.org/resource/大島_(川崎市)>	"大島 (川崎市)"@ja	<http://dbpedia.org/ontology/Location>	<http://ja.dbpedia.org/property/subdivisionName>	"subdivision name"@ja	<http://ja.wikipedia.org/wiki/大島_(川崎市)>	<http://wikidata.dbpedia.org/resource/Q11434808>
<http://ja.dbpedia.org/resource/大島_(川崎市)>	"大島 (川崎市)"@ja	<http://dbpedia.org/ontology/PopulatedPlace>	<http://ja.dbpedia.org/property/subdivisionName>	"subdivision name"@ja	<http://ja.wikipedia.org/wiki/大島_(川崎市)>	<http://wikidata.dbpedia.org/resource/Q11434808>
<http://ja.dbpedia.org/resource/大島上町>	"大島上町"@ja	<http://dbpedia.org/ontology/Location>	<http://ja.dbpedia.org/property/subdivisionName>	"subdivision name"@ja	<http://ja.wikipedia.org/wiki/大島上町>	<http://wikidata.dbpedia.org/resource/Q110191636>
<http://ja.dbpedia.org/resource/大島上町>	"大島上町"@ja	<http://dbpedia.org/ontology/PopulatedPlace>	<http://ja.dbpedia.org/property/subdivisionName>	"subdivision name"@ja	<http://ja.wikipedia.org/wiki/大島上町>	<http://wikidata.dbpedia.org/resource/Q110191636>
<http://ja.dbpedia.org/resource/大島上町>	"大島上町"@ja	<http://dbpedia.org/ontology/Settlement>	<http://ja.dbpedia.org/property/subdivisionName>	"subdivision name"@ja	<http://ja.wikipedia.org/wiki/大島上町>	<http://wikidata.dbpedia.org/resource/Q110191636>
<http://ja.dbpedia.org/resource/大島上町>	"大島上町"@ja	<http://dbpedia.org/ontology/Place>	<http://ja.dbpedia.org/property/subdivisionName>	"subdivision name"@ja	<http://ja.wikipedia.org/wiki/大島上町>	<http://wikidata.dbpedia.org/resource/Q110191636>
<http://ja.dbpedia.org/resource/大川町_(川崎市)>	"大川町 (川崎市)"@ja	<http://dbpedia.org/ontology/Location>	<http://ja.dbpedia.org/property/subdivisionName>	"subdivision name"@ja	<http://ja.wikipedia.org/wiki/大川町_(川崎市)>	<http://wikidata.dbpedia.org/resource/Q106626719>
<http://ja.dbpedia.org/resource/大川町_(川崎市)>	"大川町 (川崎市)"@ja	<http://dbpedia.org/ontology/PopulatedPlace>	<http://ja.dbpedia.org/property/subdivisionName>	"subdivision name"@ja	<http://ja.wikipedia.org/wiki/大川町_(川崎市)>	<http://wikidata.dbpedia.org/resource/Q106626719>
<http://ja.dbpedia.org/resource/大川町_(川崎市)>	"大川町 (川崎市)"@ja	<http://dbpedia.org/ontology/Settlement>	<http://ja.dbpedia.org/property/subdivisionName>	"subdivision name"@ja	<http://ja.wikipedia.org/wiki/大川町_(川崎市)>	<http://wikidata.dbpedia.org/resource/Q106626719>
<http://ja.dbpedia.org/resource/大川町_(川崎市)>	"大川町 (川崎市)"@ja	<http://dbpedia.org/ontology/Place>	<http://ja.dbpedia.org/property/subdivisionName>	"subdivision name"@ja	<http://ja.wikipedia.org/wiki/大川町_(川崎市)>	<http://wikidata.dbpedia.org/resource/Q106626719>
<http://ja.dbpedia.org/resource/大師本町>	"大師本町"@ja	<http://dbpedia.org/ontology/Location>	<http://ja.dbpedia.org/property/subdivisionName>	"subdivision name"@ja	<http://ja.wikipedia.org/wiki/大師本町>	<http://wikidata.dbpedia.org/resource/Q110577058>
<http://ja.dbpedia.org/resource/大師本町>	"大師本町"@ja	<http://dbpedia.org/ontology/PopulatedPlace>	<http://ja.dbpedia.org/property/subdivisionName>	"subdivision name"@ja	<http://ja.wikipedia.org/wiki/大師本町>	<http://wikidata.dbpedia.org/resource/Q110577058>
<http://ja.dbpedia.org/resource/大師本町>	"大師本町"@ja	<http://dbpedia.org/ontology/Settlement>	<http://ja.dbpedia.org/property/subdivisionName>	"subdivision name"@ja	<http://ja.wikipedia.org/wiki/大師本町>	<http://wikidata.dbpedia.org/resource/Q110577058>
<http://ja.dbpedia.org/resource/大師本町>	"大師本町"@ja	<http://dbpedia.org/ontology/Place>	<http://ja.dbpedia.org/property/subdivisionName>	"subdivision name"@ja	<http://ja.wikipedia.org/wiki/大師本町>	<http://wikidata.dbpedia.org/resource/Q110577058>
<http://ja.dbpedia.org/resource/大師河原>	"大師河原"@ja	<http://dbpedia.org/ontology/PopulatedPlace>	<http://ja.dbpedia.org/property/subdivisionName>	"subdivision name"@ja	<http://ja.wikipedia.org/wiki/大師河原>	<http://wikidata.dbpedia.org/resource/Q110476158>
<http://ja.dbpedia.org/resource/大師河原>	"大師河原"@ja	<http://dbpedia.org/ontology/Location>	<http://ja.dbpedia.org/property/subdivisionName>	"subdivision name"@ja	<http://ja.wikipedia.org/wiki/大師河原>	<http://wikidata.dbpedia.org/resource/Q110476158>
<http://ja.dbpedia.org/resource/大師河原>	"大師河原"@ja	<http://dbpedia.org/ontology/Place>	<http://ja.dbpedia.org/property/subdivisionName>	"subdivision name"@ja	<http://ja.wikipedia.org/wiki/大師河原>	<http://wikidata.dbpedia.org/resource/Q110476158>
<http://ja.dbpedia.org/resource/大師河原>	"大師河原"@ja	<http://dbpedia.org/ontology/Settlement>	<http://ja.dbpedia.org/property/subdivisionName>	"subdivision name"@ja	<http://ja.wikipedia.org/wiki/大師河原>	<http://wikidata.dbpedia.org/resource/Q110476158>
<http://ja.dbpedia.org/resource/大師町_(川崎市)>	"大師町 (川崎市)"@ja	<http://dbpedia.org/ontology/Location>	<http://ja.dbpedia.org/property/subdivisionName>	"subdivision name"@ja	<http://ja.wikipedia.org/wiki/大師町_(川崎市)>	<http://wikidata.dbpedia.org/resource/Q110577111>
<http://ja.dbpedia.org/resource/大師町_(川崎市)>	"大師町 (川崎市)"@ja	<http://dbpedia.org/ontology/PopulatedPlace>	<http://ja.dbpedia.org/property/subdivisionName>	"subdivision name"@ja	<http://ja.wikipedia.org/wiki/大師町_(川崎市)>	<http://wikidata.dbpedia.org/resource/Q110577111>
<http://ja.dbpedia.org/resource/大師町_(川崎市)>	"大師町 (川崎市)"@ja	<http://dbpedia.org/ontology/Settlement>	<http://ja.dbpedia.org/property/subdivisionName>	"subdivision name"@ja	<http://ja.wikipedia.org/wiki/大師町_(川崎市)>	<http://wikidata.dbpedia.org/resource/Q110577111>
<http://ja.dbpedia.org/resource/大師町_(川崎市)>	"大師町 (川崎市)"@ja	<http://dbpedia.org/ontology/Place>	<http://ja.dbpedia.org/property/subdivisionName>	"subdivision name"@ja	<http://ja.wikipedia.org/wiki/大師町_(川崎市)>	<http://wikidata.dbpedia.org/resource/Q110577111>
<http://ja.dbpedia.org/resource/大師駅前>	"大師駅前"@ja	<http://dbpedia.org/ontology/PopulatedPlace>	<http://ja.dbpedia.org/property/subdivisionName>	"subdivision name"@ja	<http://ja.wikipedia.org/wiki/大師駅前>	<http://wikidata.dbpedia.org/resource/Q110476046>
<http://ja.dbpedia.org/resource/大師駅前>	"大師駅前"@ja	<http://dbpedia.org/ontology/Location>	<http://ja.dbpedia.org/property/subdivisionName>	"subdivision name"@ja	<http://ja.wikipedia.org/wiki/大師駅前>	<http://wikidata.dbpedia.org/resource/Q110476046>
<http://ja.dbpedia.org/resource/大師駅前>	"大師駅前"@ja	<http://dbpedia.org/ontology/Settlement>	<http://ja.dbpedia.org/property/subdivisionName>	"subdivision name"@ja	<http://ja.wikipedia.org/wiki/大師駅前>	<http://wikidata.dbpedia.org/resource/Q110476046>
<http://ja.dbpedia.org/resource/大師駅前>	"大師駅前"@ja	<http://dbpedia.org/ontology/Place>	<http://ja.dbpedia.org/property/subdivisionName>	"subdivision name"@ja	<http://ja.wikipedia.org/wiki/大師駅前>	<http://wikidata.dbpedia.org/resource/Q110476046>
<http://ja.dbpedia.org/resource/宮前町_(川崎市)>	"宮前町 (川崎市)"@ja	<http://dbpedia.org/ontology/PopulatedPlace>	<http://ja.dbpedia.org/property/subdivisionName>	"subdivision name"@ja	<http://ja.wikipedia.org/wiki/宮前町_(川崎市)>	<http://wikidata.dbpedia.org/resource/Q30934486>
<http://ja.dbpedia.org/resource/宮前町_(川崎市)>	"宮前町 (川崎市)"@ja	<http://dbpedia.org/ontology/Location>	<http://ja.dbpedia.org/property/subdivisionName>	"subdivision name"@ja	<http://ja.wikipedia.org/wiki/宮前町_(川崎市)>	<http://wikidata.dbpedia.org/resource/Q30934486>
<http://ja.dbpedia.org/resource/宮前町_(川崎市)>	"宮前町 (川崎市)"@ja	<http://dbpedia.org/ontology/Place>	<http://ja.dbpedia.org/property/subdivisionName>	"subdivision name"@ja	<http://ja.wikipedia.org/wiki/宮前町_(川崎市)>	<http://wikidata.dbpedia.org/resource/Q30934486>
<http://ja.dbpedia.org/resource/宮前町_(川崎市)>	"宮前町 (川崎市)"@ja	<http://dbpedia.org/ontology/Settlement>	<http://ja.dbpedia.org/property/subdivisionName>	"subdivision name"@ja	<http://ja.wikipedia.org/wiki/宮前町_(川崎市)>	<http://wikidata.dbpedia.org/resource/Q30934486>
<http://ja.dbpedia.org/resource/宮本町_(川崎市)>	"宮本町 (川崎市)"@ja	<http://dbpedia.org/ontology/Location>	<http://ja.dbpedia.org/property/subdivisionName>	"subdivision name"@ja	<http://ja.wikipedia.org/wiki/宮本町_(川崎市)>	<http://wikidata.dbpedia.org/resource/Q30934481>
<http://ja.dbpedia.org/resource/宮本町_(川崎市)>	"宮本町 (川崎市)"@ja	<http://dbpedia.org/ontology/PopulatedPlace>	<http://ja.dbpedia.org/property/subdivisionName>	"subdivision name"@ja	<http://ja.wikipedia.org/wiki/宮本町_(川崎市)>	<http://wikidata.dbpedia.org/resource/Q30934481>
<http://ja.dbpedia.org/resource/宮本町_(川崎市)>	"宮本町 (川崎市)"@ja	<http://dbpedia.org/ontology/Settlement>	<http://ja.dbpedia.org/property/subdivisionName>	"subdivision name"@ja	<http://ja.wikipedia.org/wiki/宮本町_(川崎市)>	<http://wikidata.dbpedia.org/resource/Q30934481>
<http://ja.dbpedia.org/resource/宮本町_(川崎市)>	"宮本町 (川崎市)"@ja	<http://dbpedia.org/ontology/Place>	<http://ja.dbpedia.org/property/subdivisionName>	"subdivision name"@ja	<http://ja.wikipedia.org/wiki/宮本町_(川崎市)>	<http://wikidata.dbpedia.org/resource/Q30934481>
<http://ja.dbpedia.org/resource/富士見_(川崎市)>	"富士見 (川崎市)"@ja	<http://dbpedia.org/ontology/Location>	<http://ja.dbpedia.org/property/subdivisionName>	"subdivision name"@ja	<http://ja.wikipedia.org/wiki/富士見_(川崎市)>	<http://wikidata.dbpedia.org/resource/Q110236391>
<http://ja.dbpedia.org/resource/富士見_(川崎市)>	"富士見 (川崎市)"@ja	<http://dbpedia.org/ontology/PopulatedPlace>	<http://ja.dbpedia.org/property/subdivisionName>	"subdivision name"@ja	<http://ja.wikipedia.org/wiki/富士見_(川崎市)>	<http://wikidata.dbpedia.org/resource/Q110236391>
<http://ja.dbpedia.org/resource/富士見_(川崎市)>	"富士見 (川崎市)"@ja	<http://dbpedia.org/ontology/Settlement>	<http://ja.dbpedia.org/property/subdivisionName>	"subdivision name"@ja	<http://ja.wikipedia.org/wiki/富士見_(川崎市)>	<http://wikidata.dbpedia.org/resource/Q110236391>
<http://ja.dbpedia.org/resource/富士見_(川崎市)>	"富士見 (川崎市)"@ja	<http://dbpedia.org/ontology/Place>	<http://ja.dbpedia.org/property/subdivisionName>	"subdivision name"@ja	<http://ja.wikipedia.org/wiki/富士見_(川崎市)>	<http://wikidata.dbpedia.org/resource/Q110236391>
<http://ja.dbpedia.org/resource/小島町_(川崎市)>	"小島町 (川崎市)"@ja	<http://dbpedia.org/ontology/PopulatedPlace>	<http://ja.dbpedia.org/property/subdivisionName>	"subdivision name"@ja	<http://ja.wikipedia.org/wiki/小島町_(川崎市)>	<http://wikidata.dbpedia.org/resource/Q47392955>
<http://ja.dbpedia.org/resource/小島町_(川崎市)>	"小島町 (川崎市)"@ja	<http://dbpedia.org/ontology/Location>	<http://ja.dbpedia.org/property/subdivisionName>	"subdivision name"@ja	<http://ja.wikipedia.org/wiki/小島町_(川崎市)>	<http://wikidata.dbpedia.org/resource/Q47392955>
<http://ja.dbpedia.org/resource/小島町_(川崎市)>	"小島町 (川崎市)"@ja	<http://dbpedia.org/ontology/Settlement>	<http://ja.dbpedia.org/property/subdivisionName>	"subdivision name"@ja	<http://ja.wikipedia.org/wiki/小島町_(川崎市)>	<http://wikidata.dbpedia.org/resource/Q47392955>
<http://ja.dbpedia.org/resource/小島町_(川崎市)>	"小島町 (川崎市)"@ja	<http://dbpedia.org/ontology/Place>	<http://ja.dbpedia.org/property/subdivisionName>	"subdivision name"@ja	<http://ja.wikipedia.org/wiki/小島町_(川崎市)>	<http://wikidata.dbpedia.org/resource/Q47392955>
<http://ja.dbpedia.org/resource/小田_(川崎市)>	"小田 (川崎市)"@ja	<http://dbpedia.org/ontology/PopulatedPlace>	<http://ja.dbpedia.org/property/subdivisionName>	"subdivision name"@ja	<http://ja.wikipedia.org/wiki/小田_(川崎市)>	<http://wikidata.dbpedia.org/resource/Q110191715>
<http://ja.dbpedia.org/resource/小田_(川崎市)>	"小田 (川崎市)"@ja	<http://dbpedia.org/ontology/Location>	<http://ja.dbpedia.org/property/subdivisionName>	"subdivision name"@ja	<http://ja.wikipedia.org/wiki/小田_(川崎市)>	<http://wikidata.dbpedia.org/resource/Q110191715>
<http://ja.dbpedia.org/resource/小田_(川崎市)>	"小田 (川崎市)"@ja	<http://dbpedia.org/ontology/Settlement>	<http://ja.dbpedia.org/property/subdivisionName>	"subdivision name"@ja	<http://ja.wikipedia.org/wiki/小田_(川崎市)>	<http://wikidata.dbpedia.org/resource/Q110191715>
<http://ja.dbpedia.org/resource/小田_(川崎市)>	"小田 (川崎市)"@ja	<http://dbpedia.org/ontology/Place>	<http://ja.dbpedia.org/property/subdivisionName>	"subdivision name"@ja	<http://ja.wikipedia.org/wiki/小田_(川崎市)>	<http://wikidata.dbpedia.org/resource/Q110191715>
<http://ja.dbpedia.org/resource/小田栄_(川崎市)>	"小田栄 (川崎市)"@ja	<http://dbpedia.org/ontology/Place>	<http://ja.dbpedia.org/property/subdivisionName>	"subdivision name"@ja	<http://ja.wikipedia.org/wiki/小田栄_(川崎市)>	<http://wikidata.dbpedia.org/resource/Q110698531>
<http://ja.dbpedia.org/resource/小田栄_(川崎市)>	"小田栄 (川崎市)"@ja	<http://dbpedia.org/ontology/Settlement>	<http://ja.dbpedia.org/property/subdivisionName>	"subdivision name"@ja	<http://ja.wikipedia.org/wiki/小田栄_(川崎市)>	<http://wikidata.dbpedia.org/resource/Q110698531>
<http://ja.dbpedia.org/resource/小田栄_(川崎市)>	"小田栄 (川崎市)"@ja	<http://dbpedia.org/ontology/PopulatedPlace>	<http://ja.dbpedia.org/property/subdivisionName>	"subdivision name"@ja	<http://ja.wikipedia.org/wiki/小田栄_(川崎市)>	<http://wikidata.dbpedia.org/resource/Q110698531>
<http://ja.dbpedia.org/resource/小田栄_(川崎市)>	"小田栄 (川崎市)"@ja	<http://dbpedia.org/ontology/Location>	<http://ja.dbpedia.org/property/subdivisionName>	"subdivision name"@ja	<http://ja.wikipedia.org/wiki/小田栄_(川崎市)>	<http://wikidata.dbpedia.org/resource/Q110698531>
<http://ja.dbpedia.org/resource/川中島_(川崎市)>	"川中島 (川崎市)"@ja	<http://dbpedia.org/ontology/PopulatedPlace>	<http://ja.dbpedia.org/property/subdivisionName>	"subdivision name"@ja	<http://ja.wikipedia.org/wiki/川中島_(川崎市)>	<http://wikidata.dbpedia.org/resource/Q11477629>
<http://ja.dbpedia.org/resource/川中島_(川崎市)>	"川中島 (川崎市)"@ja	<http://dbpedia.org/ontology/Location>	<http://ja.dbpedia.org/property/subdivisionName>	"subdivision name"@ja	<http://ja.wikipedia.org/wiki/川中島_(川崎市)>	<http://wikidata.dbpedia.org/resource/Q11477629>
<http://ja.dbpedia.org/resource/川中島_(川崎市)>	"川中島 (川崎市)"@ja	<http://dbpedia.org/ontology/Place>	<http://ja.dbpedia.org/property/subdivisionName>	"subdivision name"@ja	<http://ja.wikipedia.org/wiki/川中島_(川崎市)>	<http://wikidata.dbpedia.org/resource/Q11477629>
<http://ja.dbpedia.org/resource/川中島_(川崎市)>	"川中島 (川崎市)"@ja	<http://dbpedia.org/ontology/Settlement>	<http://ja.dbpedia.org/property/subdivisionName>	"subdivision name"@ja	<http://ja.wikipedia.org/wiki/川中島_(川崎市)>	<http://wikidata.dbpedia.org/resource/Q11477629>
<http://ja.dbpedia.org/resource/扇町_(川崎市)>	"扇町 (川崎市)"@ja	<http://dbpedia.org/ontology/Location>	<http://ja.dbpedia.org/property/subdivisionName>	"subdivision name"@ja	<http://ja.wikipedia.org/wiki/扇町_(川崎市)>	<http://wikidata.dbpedia.org/resource/Q11496853>
<http://ja.dbpedia.org/resource/扇町_(川崎市)>	"扇町 (川崎市)"@ja	<http://dbpedia.org/ontology/PopulatedPlace>	<http://ja.dbpedia.org/property/subdivisionName>	"subdivision name"@ja	<http://ja.wikipedia.org/wiki/扇町_(川崎市)>	<http://wikidata.dbpedia.org/resource/Q11496853>
<http://ja.dbpedia.org/resource/扇町_(川崎市)>	"扇町 (川崎市)"@ja	<http://dbpedia.org/ontology/Settlement>	<http://ja.dbpedia.org/property/subdivisionName>	"subdivision name"@ja	<http://ja.wikipedia.org/wiki/扇町_(川崎市)>	<http://wikidata.dbpedia.org/resource/Q11496853>
<http://ja.dbpedia.org/resource/扇町_(川崎市)>	"扇町 (川崎市)"@ja	<http://dbpedia.org/ontology/Place>	<http://ja.dbpedia.org/property/subdivisionName>	"subdivision name"@ja	<http://ja.wikipedia.org/wiki/扇町_(川崎市)>	<http://wikidata.dbpedia.org/resource/Q11496853>
<http://ja.dbpedia.org/resource/日ノ出_(川崎市)>	"日ノ出 (川崎市)"@ja	<http://dbpedia.org/ontology/PopulatedPlace>	<http://ja.dbpedia.org/property/subdivisionName>	"subdivision name"@ja	<http://ja.wikipedia.org/wiki/日ノ出_(川崎市)>	<http://wikidata.dbpedia.org/resource/Q110577487>
<http://ja.dbpedia.org/resource/日ノ出_(川崎市)>	"日ノ出 (川崎市)"@ja	<http://dbpedia.org/ontology/Location>	<http://ja.dbpedia.org/property/subdivisionName>	"subdivision name"@ja	<http://ja.wikipedia.org/wiki/日ノ出_(川崎市)>	<http://wikidata.dbpedia.org/resource/Q110577487>
<http://ja.dbpedia.org/resource/日ノ出_(川崎市)>	"日ノ出 (川崎市)"@ja	<http://dbpedia.org/ontology/Place>	<http://ja.dbpedia.org/property/subdivisionName>	"subdivision name"@ja	<http://ja.wikipedia.org/wiki/日ノ出_(川崎市)>	<http://wikidata.dbpedia.org/resource/Q110577487>
<http://ja.dbpedia.org/resource/日ノ出_(川崎市)>	"日ノ出 (川崎市)"@ja	<http://dbpedia.org/ontology/Settlement>	<http://ja.dbpedia.org/property/subdivisionName>	"subdivision name"@ja	<http://ja.wikipedia.org/wiki/日ノ出_(川崎市)>	<http://wikidata.dbpedia.org/resource/Q110577487>
<http://ja.dbpedia.org/resource/日進町_(川崎市)>	"日進町 (川崎市)"@ja	<http://dbpedia.org/ontology/Place>	<http://ja.dbpedia.org/property/subdivisionName>	"subdivision name"@ja	<http://ja.wikipedia.org/wiki/日進町_(川崎市)>	<http://wikidata.dbpedia.org/resource/Q30925292>
<http://ja.dbpedia.org/resource/日進町_(川崎市)>	"日進町 (川崎市)"@ja	<http://dbpedia.org/ontology/Settlement>	<http://ja.dbpedia.org/property/subdivisionName>	"subdivision name"@ja	<http://ja.wikipedia.org/wiki/日進町_(川崎市)>	<http://wikidata.dbpedia.org/resource/Q30925292>
<http://ja.dbpedia.org/resource/日進町_(川崎市)>	"日進町 (川崎市)"@ja	<http://dbpedia.org/ontology/Location>	<http://ja.dbpedia.org/property/subdivisionName>	"subdivision name"@ja	<http://ja.wikipedia.org/wiki/日進町_(川崎市)>	<http://wikidata.dbpedia.org/resource/Q30925292>
<http://ja.dbpedia.org/resource/日進町_(川崎市)>	"日進町 (川崎市)"@ja	<http://dbpedia.org/ontology/PopulatedPlace>	<http://ja.dbpedia.org/property/subdivisionName>	"subdivision name"@ja	<http://ja.wikipedia.org/wiki/日進町_(川崎市)>	<http://wikidata.dbpedia.org/resource/Q30925292>
<http://ja.dbpedia.org/resource/旭町_(川崎市)>	"旭町 (川崎市)"@ja	<http://dbpedia.org/ontology/Location>	<http://ja.dbpedia.org/property/subdivisionName>	"subdivision name"@ja	<http://ja.wikipedia.org/wiki/旭町_(川崎市)>	<http://wikidata.dbpedia.org/resource/Q110175212>
<http://ja.dbpedia.org/resource/旭町_(川崎市)>	"旭町 (川崎市)"@ja	<http://dbpedia.org/ontology/PopulatedPlace>	<http://ja.dbpedia.org/property/subdivisionName>	"subdivision name"@ja	<http://ja.wikipedia.org/wiki/旭町_(川崎市)>	<http://wikidata.dbpedia.org/resource/Q110175212>
<http://ja.dbpedia.org/resource/旭町_(川崎市)>	"旭町 (川崎市)"@ja	<http://dbpedia.org/ontology/Settlement>	<http://ja.dbpedia.org/property/subdivisionName>	"subdivision name"@ja	<http://ja.wikipedia.org/wiki/旭町_(川崎市)>	<http://wikidata.dbpedia.org/resource/Q110175212>
<http://ja.dbpedia.org/resource/旭町_(川崎市)>	"旭町 (川崎市)"@ja	<http://dbpedia.org/ontology/Place>	<http://ja.dbpedia.org/property/subdivisionName>	"subdivision name"@ja	<http://ja.wikipedia.org/wiki/旭町_(川崎市)>	<http://wikidata.dbpedia.org/resource/Q110175212>
<http://ja.dbpedia.org/resource/昭和_(川崎市)>	"昭和 (川崎市)"@ja	<http://dbpedia.org/ontology/Location>	<http://ja.dbpedia.org/property/subdivisionName>	"subdivision name"@ja	<http://ja.wikipedia.org/wiki/昭和_(川崎市)>	<http://wikidata.dbpedia.org/resource/Q110475875>
<http://ja.dbpedia.org/resource/昭和_(川崎市)>	"昭和 (川崎市)"@ja	<http://dbpedia.org/ontology/PopulatedPlace>	<http://ja.dbpedia.org/property/subdivisionName>	"subdivision name"@ja	<http://ja.wikipedia.org/wiki/昭和_(川崎市)>	<http://wikidata.dbpedia.org/resource/Q110475875>
<http://ja.dbpedia.org/resource/昭和_(川崎市)>	"昭和 (川崎市)"@ja	<http://dbpedia.org/ontology/Settlement>	<http://ja.dbpedia.org/property/subdivisionName>	"subdivision name"@ja	<http://ja.wikipedia.org/wiki/昭和_(川崎市)>	<http://wikidata.dbpedia.org/resource/Q110475875>
<http://ja.dbpedia.org/resource/昭和_(川崎市)>	"昭和 (川崎市)"@ja	<http://dbpedia.org/ontology/Place>	<http://ja.dbpedia.org/property/subdivisionName>	"subdivision name"@ja	<http://ja.wikipedia.org/wiki/昭和_(川崎市)>	<http://wikidata.dbpedia.org/resource/Q110475875>
<http://ja.dbpedia.org/resource/本町_(川崎市)>	"本町 (川崎市)"@ja	<http://dbpedia.org/ontology/Location>	<http://ja.dbpedia.org/property/subdivisionName>	"subdivision name"@ja	<http://ja.wikipedia.org/wiki/本町_(川崎市)>	<http://wikidata.dbpedia.org/resource/Q110236624>
<http://ja.dbpedia.org/resource/本町_(川崎市)>	"本町 (川崎市)"@ja	<http://dbpedia.org/ontology/PopulatedPlace>	<http://ja.dbpedia.org/property/subdivisionName>	"subdivision name"@ja	<http://ja.wikipedia.org/wiki/本町_(川崎市)>	<http://wikidata.dbpedia.org/resource/Q110236624>
<http://ja.dbpedia.org/resource/本町_(川崎市)>	"本町 (川崎市)"@ja	<http://dbpedia.org/ontology/Settlement>	<http://ja.dbpedia.org/property/subdivisionName>	"subdivision name"@ja	<http://ja.wikipedia.org/wiki/本町_(川崎市)>	<http://wikidata.dbpedia.org/resource/Q110236624>
<http://ja.dbpedia.org/resource/本町_(川崎市)>	"本町 (川崎市)"@ja	<http://dbpedia.org/ontology/Place>	<http://ja.dbpedia.org/property/subdivisionName>	"subdivision name"@ja	<http://ja.wikipedia.org/wiki/本町_(川崎市)>	<http://wikidata.dbpedia.org/resource/Q110236624>
<http://ja.dbpedia.org/resource/東扇島>	"東扇島"@ja	<http://dbpedia.org/ontology/PopulatedPlace>	<http://ja.dbpedia.org/property/subdivisionName>	"subdivision name"@ja	<http://ja.wikipedia.org/wiki/東扇島>	<http://wikidata.dbpedia.org/resource/Q11527048>
<http://ja.dbpedia.org/resource/東扇島>	"東扇島"@ja	<http://dbpedia.org/ontology/Location>	<http://ja.dbpedia.org/property/subdivisionName>	"subdivision name"@ja	<http://ja.wikipedia.org/wiki/東扇島>	<http://wikidata.dbpedia.org/resource/Q11527048>
<http://ja.dbpedia.org/resource/東扇島>	"東扇島"@ja	<http://dbpedia.org/ontology/Place>	<http://ja.dbpedia.org/property/subdivisionName>	"subdivision name"@ja	<http://ja.wikipedia.org/wiki/東扇島>	<http://wikidata.dbpedia.org/resource/Q11527048>
<http://ja.dbpedia.org/resource/東扇島>	"東扇島"@ja	<http://dbpedia.org/ontology/Settlement>	<http://ja.dbpedia.org/property/subdivisionName>	"subdivision name"@ja	<http://ja.wikipedia.org/wiki/東扇島>	<http://wikidata.dbpedia.org/resource/Q11527048>
<http://ja.dbpedia.org/resource/東田町_(川崎市)>	"東田町 (川崎市)"@ja	<http://dbpedia.org/ontology/Location>	<http://ja.dbpedia.org/property/subdivisionName>	"subdivision name"@ja	<http://ja.wikipedia.org/wiki/東田町_(川崎市)>	<http://wikidata.dbpedia.org/resource/Q110224795>
<http://ja.dbpedia.org/resource/東田町_(川崎市)>	"東田町 (川崎市)"@ja	<http://dbpedia.org/ontology/PopulatedPlace>	<http://ja.dbpedia.org/property/subdivisionName>	"subdivision name"@ja	<http://ja.wikipedia.org/wiki/東田町_(川崎市)>	<http://wikidata.dbpedia.org/resource/Q110224795>
<http://ja.dbpedia.org/resource/東田町_(川崎市)>	"東田町 (川崎市)"@ja	<http://dbpedia.org/ontology/Settlement>	<http://ja.dbpedia.org/property/subdivisionName>	"subdivision name"@ja	<http://ja.wikipedia.org/wiki/東田町_(川崎市)>	<http://wikidata.dbpedia.org/resource/Q110224795>
<http://ja.dbpedia.org/resource/東田町_(川崎市)>	"東田町 (川崎市)"@ja	<http://dbpedia.org/ontology/Place>	<http://ja.dbpedia.org/property/subdivisionName>	"subdivision name"@ja	<http://ja.wikipedia.org/wiki/東田町_(川崎市)>	<http://wikidata.dbpedia.org/resource/Q110224795>
<http://ja.dbpedia.org/resource/東門前_(川崎市)>	"東門前 (川崎市)"@ja	<http://dbpedia.org/ontology/PopulatedPlace>	<http://ja.dbpedia.org/property/subdivisionName>	"subdivision name"@ja	<http://ja.wikipedia.org/wiki/東門前_(川崎市)>	<http://wikidata.dbpedia.org/resource/Q110577412>
<http://ja.dbpedia.org/resource/東門前_(川崎市)>	"東門前 (川崎市)"@ja	<http://dbpedia.org/ontology/Location>	<http://ja.dbpedia.org/property/subdivisionName>	"subdivision name"@ja	<http://ja.wikipedia.org/wiki/東門前_(川崎市)>	<http://wikidata.dbpedia.org/resource/Q110577412>
<http://ja.dbpedia.org/resource/東門前_(川崎市)>	"東門前 (川崎市)"@ja	<http://dbpedia.org/ontology/Settlement>	<http://ja.dbpedia.org/property/subdivisionName>	"subdivision name"@ja	<http://ja.wikipedia.org/wiki/東門前_(川崎市)>	<http://wikidata.dbpedia.org/resource/Q110577412>
<http://ja.dbpedia.org/resource/東門前_(川崎市)>	"東門前 (川崎市)"@ja	<http://dbpedia.org/ontology/Place>	<http://ja.dbpedia.org/property/subdivisionName>	"subdivision name"@ja	<http://ja.wikipedia.org/wiki/東門前_(川崎市)>	<http://wikidata.dbpedia.org/resource/Q110577412>
<http://ja.dbpedia.org/resource/桜本_(川崎市)>	"桜本 (川崎市)"@ja	<http://dbpedia.org/ontology/PopulatedPlace>	<http://ja.dbpedia.org/property/subdivisionName>	"subdivision name"@ja	<http://ja.wikipedia.org/wiki/桜本_(川崎市)>	<http://wikidata.dbpedia.org/resource/Q110730434>
<http://ja.dbpedia.org/resource/桜本_(川崎市)>	"桜本 (川崎市)"@ja	<http://dbpedia.org/ontology/Location>	<http://ja.dbpedia.org/property/subdivisionName>	"subdivision name"@ja	<http://ja.wikipedia.org/wiki/桜本_(川崎市)>	<http://wikidata.dbpedia.org/resource/Q110730434>
<http://ja.dbpedia.org/resource/桜本_(川崎市)>	"桜本 (川崎市)"@ja	<http://dbpedia.org/ontology/Place>	<http://ja.dbpedia.org/property/subdivisionName>	"subdivision name"@ja	<http://ja.wikipedia.org/wiki/桜本_(川崎市)>	<http://wikidata.dbpedia.org/resource/Q110730434>
<http://ja.dbpedia.org/resource/桜本_(川崎市)>	"桜本 (川崎市)"@ja	<http://dbpedia.org/ontology/Settlement>	<http://ja.dbpedia.org/property/subdivisionName>	"subdivision name"@ja	<http://ja.wikipedia.org/wiki/桜本_(川崎市)>	<http://wikidata.dbpedia.org/resource/Q110730434>
<http://ja.dbpedia.org/resource/榎町_(川崎市)>	"榎町 (川崎市)"@ja	<http://dbpedia.org/ontology/Location>	<http://ja.dbpedia.org/property/subdivisionName>	"subdivision name"@ja	<http://ja.wikipedia.org/wiki/榎町_(川崎市)>	<http://wikidata.dbpedia.org/resource/Q110191609>
<http://ja.dbpedia.org/resource/榎町_(川崎市)>	"榎町 (川崎市)"@ja	<http://dbpedia.org/ontology/PopulatedPlace>	<http://ja.dbpedia.org/property/subdivisionName>	"subdivision name"@ja	<http://ja.wikipedia.org/wiki/榎町_(川崎市)>	<http://wikidata.dbpedia.org/resource/Q110191609>
<http://ja.dbpedia.org/resource/榎町_(川崎市)>	"榎町 (川崎市)"@ja	<http://dbpedia.org/ontology/Settlement>	<http://ja.dbpedia.org/property/subdivisionName>	"subdivision name"@ja	<http://ja.wikipedia.org/wiki/榎町_(川崎市)>	<http://wikidata.dbpedia.org/resource/Q110191609>
<http://ja.dbpedia.org/resource/榎町_(川崎市)>	"榎町 (川崎市)"@ja	<http://dbpedia.org/ontology/Place>	<http://ja.dbpedia.org/property/subdivisionName>	"subdivision name"@ja	<http://ja.wikipedia.org/wiki/榎町_(川崎市)>	<http://wikidata.dbpedia.org/resource/Q110191609>
<http://ja.dbpedia.org/resource/殿町_(川崎市)>	"殿町 (川崎市)"@ja	<http://dbpedia.org/ontology/Location>	<http://ja.dbpedia.org/property/subdivisionName>	"subdivision name"@ja	<http://ja.wikipedia.org/wiki/殿町_(川崎市)>	<http://wikidata.dbpedia.org/resource/Q47392960>
<http://ja.dbpedia.org/resource/殿町_(川崎市)>	"殿町 (川崎市)"@ja	<http://dbpedia.org/ontology/PopulatedPlace>	<http://ja.dbpedia.org/property/subdivisionName>	"subdivision name"@ja	<http://ja.wikipedia.org/wiki/殿町_(川崎市)>	<http://wikidata.dbpedia.org/resource/Q47392960>
<http://ja.dbpedia.org/resource/殿町_(川崎市)>	"殿町 (川崎市)"@ja	<http://dbpedia.org/ontology/Settlement>	<http://ja.dbpedia.org/property/subdivisionName>	"subdivision name"@ja	<http://ja.wikipedia.org/wiki/殿町_(川崎市)>	<http://wikidata.dbpedia.org/resource/Q47392960>
<http://ja.dbpedia.org/resource/殿町_(川崎市)>	"殿町 (川崎市)"@ja	<http://dbpedia.org/ontology/Place>	<http://ja.dbpedia.org/property/subdivisionName>	"subdivision name"@ja	<http://ja.wikipedia.org/wiki/殿町_(川崎市)>	<http://wikidata.dbpedia.org/resource/Q47392960>
<http://ja.dbpedia.org/resource/水江町>	"水江町"@ja	<http://dbpedia.org/ontology/PopulatedPlace>	<http://ja.dbpedia.org/property/subdivisionName>	"subdivision name"@ja	<http://ja.wikipedia.org/wiki/水江町>	<http://wikidata.dbpedia.org/resource/Q109364219>
<http://ja.dbpedia.org/resource/水江町>	"水江町"@ja	<http://dbpedia.org/ontology/Location>	<http://ja.dbpedia.org/property/subdivisionName>	"subdivision name"@ja	<http://ja.wikipedia.org/wiki/水江町>	<http://wikidata.dbpedia.org/resource/Q109364219>
<http://ja.dbpedia.org/resource/水江町>	"水江町"@ja	<http://dbpedia.org/ontology/Settlement>	<http://ja.dbpedia.org/property/subdivisionName>	"subdivision name"@ja	<http://ja.wikipedia.org/wiki/水江町>	<http://wikidata.dbpedia.org/resource/Q109364219>
<http://ja.dbpedia.org/resource/水江町>	"水江町"@ja	<http://dbpedia.org/ontology/Place>	<http://ja.dbpedia.org/property/subdivisionName>	"subdivision name"@ja	<http://ja.wikipedia.org/wiki/水江町>	<http://wikidata.dbpedia.org/resource/Q109364219>
<http://ja.dbpedia.org/resource/江川_(川崎市)>	"江川 (川崎市)"@ja	<http://dbpedia.org/ontology/PopulatedPlace>	<http://ja.dbpedia.org/property/subdivisionName>	"subdivision name"@ja	<http://ja.wikipedia.org/wiki/江川_(川崎市)>	<http://wikidata.dbpedia.org/resource/Q110265595>
<http://ja.dbpedia.org/resource/江川_(川崎市)>	"江川 (川崎市)"@ja	<http://dbpedia.org/ontology/Location>	<http://ja.dbpedia.org/property/subdivisionName>	"subdivision name"@ja	<http://ja.wikipedia.org/wiki/江川_(川崎市)>	<http://wikidata.dbpedia.org/resource/Q110265595>
<http://ja.dbpedia.org/resource/江川_(川崎市)>	"江川 (川崎市)"@ja	<http://dbpedia.org/ontology/Settlement>	<http://ja.dbpedia.org/property/subdivisionName>	"subdivision name"@ja	<http://ja.wikipedia.org/wiki/江川_(川崎市)>	<http://wikidata.dbpedia.org/resource/Q110265595>
<http://ja.dbpedia.org/resource/江川_(川崎市)>	"江川 (川崎市)"@ja	<http://dbpedia.org/ontology/Place>	<http://ja.dbpedia.org/property/subdivisionName>	"subdivision name"@ja	<http://ja.wikipedia.org/wiki/江川_(川崎市)>	<http://wikidata.dbpedia.org/resource/Q110265595>
<http://ja.dbpedia.org/resource/池上新町>	"池上新町"@ja	<http://dbpedia.org/ontology/PopulatedPlace>	<http://ja.dbpedia.org/property/subdivisionName>	"subdivision name"@ja	<http://ja.wikipedia.org/wiki/池上新町>	<http://wikidata.dbpedia.org/resource/Q110265427>
<http://ja.dbpedia.org/resource/池上新町>	"池上新町"@ja	<http://dbpedia.org/ontology/Location>	<http://ja.dbpedia.org/property/subdivisionName>	"subdivision name"@ja	<http://ja.wikipedia.org/wiki/池上新町>	<http://wikidata.dbpedia.org/resource/Q110265427>
<http://ja.dbpedia.org/resource/池上新町>	"池上新町"@ja	<http://dbpedia.org/ontology/Settlement>	<http://ja.dbpedia.org/property/subdivisionName>	"subdivision name"@ja	<http://ja.wikipedia.org/wiki/池上新町>	<http://wikidata.dbpedia.org/resource/Q110265427>
<http://ja.dbpedia.org/resource/池上新町>	"池上新町"@ja	<http://dbpedia.org/ontology/Place>	<http://ja.dbpedia.org/property/subdivisionName>	"subdivision name"@ja	<http://ja.wikipedia.org/wiki/池上新町>	<http://wikidata.dbpedia.org/resource/Q110265427>
<http://ja.dbpedia.org/resource/池上町_(川崎市)>	"池上町 (川崎市)"@ja	<http://dbpedia.org/ontology/Place>	<http://ja.dbpedia.org/property/subdivisionName>	"subdivision name"@ja	<http://ja.wikipedia.org/wiki/池上町_(川崎市)>	<http://wikidata.dbpedia.org/resource/Q110584495>
<http://ja.dbpedia.org/resource/池上町_(川崎市)>	"池上町 (川崎市)"@ja	<http://dbpedia.org/ontology/Settlement>	<http://ja.dbpedia.org/property/subdivisionName>	"subdivision name"@ja	<http://ja.wikipedia.org/wiki/池上町_(川崎市)>	<http://wikidata.dbpedia.org/resource/Q110584495>
<http://ja.dbpedia.org/resource/池上町_(川崎市)>	"池上町 (川崎市)"@ja	<http://dbpedia.org/ontology/PopulatedPlace>	<http://ja.dbpedia.org/property/subdivisionName>	"subdivision name"@ja	<http://ja.wikipedia.org/wiki/池上町_(川崎市)>	<http://wikidata.dbpedia.org/resource/Q110584495>
<http://ja.dbpedia.org/resource/池上町_(川崎市)>	"池上町 (川崎市)"@ja	<http://dbpedia.org/ontology/Location>	<http://ja.dbpedia.org/property/subdivisionName>	"subdivision name"@ja	<http://ja.wikipedia.org/wiki/池上町_(川崎市)>	<http://wikidata.dbpedia.org/resource/Q110584495>
<http://ja.dbpedia.org/resource/池田_(川崎市)>	"池田 (川崎市)"@ja	<http://dbpedia.org/ontology/PopulatedPlace>	<http://ja.dbpedia.org/property/subdivisionName>	"subdivision name"@ja	<http://ja.wikipedia.org/wiki/池田_(川崎市)>	<http://wikidata.dbpedia.org/resource/Q110175728>
<http://ja.dbpedia.org/resource/池田_(川崎市)>	"池田 (川崎市)"@ja	<http://dbpedia.org/ontology/Location>	<http://ja.dbpedia.org/property/subdivisionName>	"subdivision name"@ja	<http://ja.wikipedia.org/wiki/池田_(川崎市)>	<http://wikidata.dbpedia.org/resource/Q110175728>
<http://ja.dbpedia.org/resource/池田_(川崎市)>	"池田 (川崎市)"@ja	<http://dbpedia.org/ontology/Place>	<http://ja.dbpedia.org/property/subdivisionName>	"subdivision name"@ja	<http://ja.wikipedia.org/wiki/池田_(川崎市)>	<http://wikidata.dbpedia.org/resource/Q110175728>
<http://ja.dbpedia.org/resource/池田_(川崎市)>	"池田 (川崎市)"@ja	<http://dbpedia.org/ontology/Settlement>	<http://ja.dbpedia.org/property/subdivisionName>	"subdivision name"@ja	<http://ja.wikipedia.org/wiki/池田_(川崎市)>	<http://wikidata.dbpedia.org/resource/Q110175728>
<http://ja.dbpedia.org/resource/浅田_(川崎市)>	"浅田 (川崎市)"@ja	<http://dbpedia.org/ontology/Location>	<http://ja.dbpedia.org/property/subdivisionName>	"subdivision name"@ja	<http://ja.wikipedia.org/wiki/浅田_(川崎市)>	<http://wikidata.dbpedia.org/resource/Q110584382>
<http://ja.dbpedia.org/resource/浅田_(川崎市)>	"浅田 (川崎市)"@ja	<http://dbpedia.org/ontology/PopulatedPlace>	<http://ja.dbpedia.org/property/subdivisionName>	"subdivision name"@ja	<http://ja.wikipedia.org/wiki/浅田_(川崎市)>	<http://wikidata.dbpedia.org/resource/Q110584382>
<http://ja.dbpedia.org/resource/浅田_(川崎市)>	"浅田 (川崎市)"@ja	<http://dbpedia.org/ontology/Settlement>	<http://ja.dbpedia.org/property/subdivisionName>	"subdivision name"@ja	<http://ja.wikipedia.org/wiki/浅田_(川崎市)>	<http://wikidata.dbpedia.org/resource/Q110584382>
<http://ja.dbpedia.org/resource/浅田_(川崎市)>	"浅田 (川崎市)"@ja	<http://dbpedia.org/ontology/Place>	<http://ja.dbpedia.org/property/subdivisionName>	"subdivision name"@ja	<http://ja.wikipedia.org/wiki/浅田_(川崎市)>	<http://wikidata.dbpedia.org/resource/Q110584382>
<http://ja.dbpedia.org/resource/浜町_(川崎市)>	"浜町 (川崎市)"@ja	<http://dbpedia.org/ontology/PopulatedPlace>	<http://ja.dbpedia.org/property/subdivisionName>	"subdivision name"@ja	<http://ja.wikipedia.org/wiki/浜町_(川崎市)>	<http://wikidata.dbpedia.org/resource/Q110730683>
<http://ja.dbpedia.org/resource/浜町_(川崎市)>	"浜町 (川崎市)"@ja	<http://dbpedia.org/ontology/Location>	<http://ja.dbpedia.org/property/subdivisionName>	"subdivision name"@ja	<http://ja.wikipedia.org/wiki/浜町_(川崎市)>	<http://wikidata.dbpedia.org/resource/Q110730683>
<http://ja.dbpedia.org/resource/浜町_(川崎市)>	"浜町 (川崎市)"@ja	<http://dbpedia.org/ontology/Place>	<http://ja.dbpedia.org/property/subdivisionName>	"subdivision name"@ja	<http://ja.wikipedia.org/wiki/浜町_(川崎市)>	<http://wikidata.dbpedia.org/resource/Q110730683>
<http://ja.dbpedia.org/resource/浜町_(川崎市)>	"浜町 (川崎市)"@ja	<http://dbpedia.org/ontology/Settlement>	<http://ja.dbpedia.org/property/subdivisionName>	"subdivision name"@ja	<http://ja.wikipedia.org/wiki/浜町_(川崎市)>	<http://wikidata.dbpedia.org/resource/Q110730683>
<http://ja.dbpedia.org/resource/浮島町_(川崎市)>	"浮島町 (川崎市)"@ja	<http://dbpedia.org/ontology/Location>	<http://ja.dbpedia.org/property/subdivisionName>	"subdivision name"@ja	<http://ja.wikipedia.org/wiki/浮島町_(川崎市)>	<http://wikidata.dbpedia.org/resource/Q11558523>
<http://ja.dbpedia.org/resource/浮島町_(川崎市)>	"浮島町 (川崎市)"@ja	<http://dbpedia.org/ontology/PopulatedPlace>	<http://ja.dbpedia.org/property/subdivisionName>	"subdivision name"@ja	<http://ja.wikipedia.org/wiki/浮島町_(川崎市)>	<http://wikidata.dbpedia.org/resource/Q11558523>
<http://ja.dbpedia.org/resource/浮島町_(川崎市)>	"浮島町 (川崎市)"@ja	<http://dbpedia.org/ontology/Settlement>	<http://ja.dbpedia.org/property/subdivisionName>	"subdivision name"@ja	<http://ja.wikipedia.org/wiki/浮島町_(川崎市)>	<http://wikidata.dbpedia.org/resource/Q11558523>
<http://ja.dbpedia.org/resource/浮島町_(川崎市)>	"浮島町 (川崎市)"@ja	<http://dbpedia.org/ontology/Place>	<http://ja.dbpedia.org/property/subdivisionName>	"subdivision name"@ja	<http://ja.wikipedia.org/wiki/浮島町_(川崎市)>	<http://wikidata.dbpedia.org/resource/Q11558523>
<http://ja.dbpedia.org/resource/渡田>	"渡田"@ja	<http://dbpedia.org/ontology/PopulatedPlace>	<http://ja.dbpedia.org/property/subdivisionName>	"subdivision name"@ja	<http://ja.wikipedia.org/wiki/渡田>	<http://wikidata.dbpedia.org/resource/Q11561955>
<http://ja.dbpedia.org/resource/渡田>	"渡田"@ja	<http://dbpedia.org/ontology/Location>	<http://ja.dbpedia.org/property/subdivisionName>	"subdivision name"@ja	<http://ja.wikipedia.org/wiki/渡田>	<http://wikidata.dbpedia.org/resource/Q11561955>
<http://ja.dbpedia.org/resource/渡田>	"渡田"@ja	<http://dbpedia.org/ontology/Settlement>	<http://ja.dbpedia.org/property/subdivisionName>	"subdivision name"@ja	<http://ja.wikipedia.org/wiki/渡田>	<http://wikidata.dbpedia.org/resource/Q11561955>
<http://ja.dbpedia.org/resource/渡田>	"渡田"@ja	<http://dbpedia.org/ontology/Place>	<http://ja.dbpedia.org/property/subdivisionName>	"subdivision name"@ja	<http://ja.wikipedia.org/wiki/渡田>	<http://wikidata.dbpedia.org/resource/Q11561955>
<http://ja.dbpedia.org/resource/渡田向町>	"渡田向町"@ja	<http://dbpedia.org/ontology/PopulatedPlace>	<http://ja.dbpedia.org/property/subdivisionName>	"subdivision name"@ja	<http://ja.wikipedia.org/wiki/渡田向町>	<http://wikidata.dbpedia.org/resource/Q110256507>
<http://ja.dbpedia.org/resource/渡田向町>	"渡田向町"@ja	<http://dbpedia.org/ontology/Location>	<http://ja.dbpedia.org/property/subdivisionName>	"subdivision name"@ja	<http://ja.wikipedia.org/wiki/渡田向町>	<http://wikidata.dbpedia.org/resource/Q110256507>
<http://ja.dbpedia.org/resource/渡田向町>	"渡田向町"@ja	<http://dbpedia.org/ontology/Settlement>	<http://ja.dbpedia.org/property/subdivisionName>	"subdivision name"@ja	<http://ja.wikipedia.org/wiki/渡田向町>	<http://wikidata.dbpedia.org/resource/Q110256507>
<http://ja.dbpedia.org/resource/渡田向町>	"渡田向町"@ja	<http://dbpedia.org/ontology/Place>	<http://ja.dbpedia.org/property/subdivisionName>	"subdivision name"@ja	<http://ja.wikipedia.org/wiki/渡田向町>	<http://wikidata.dbpedia.org/resource/Q110256507>
<http://ja.dbpedia.org/resource/渡田山王町>	"渡田山王町"@ja	<http://dbpedia.org/ontology/PopulatedPlace>	<http://ja.dbpedia.org/property/subdivisionName>	"subdivision name"@ja	<http://ja.wikipedia.org/wiki/渡田山王町>	<http://wikidata.dbpedia.org/resource/Q110256348>
<http://ja.dbpedia.org/resource/渡田山王町>	"渡田山王町"@ja	<http://dbpedia.org/ontology/Location>	<http://ja.dbpedia.org/property/subdivisionName>	"subdivision name"@ja	<http://ja.wikipedia.org/wiki/渡田山王町>	<http://wikidata.dbpedia.org/resource/Q110256348>
<http://ja.dbpedia.org/resource/渡田山王町>	"渡田山王町"@ja	<http://dbpedia.org/ontology/Settlement>	<http://ja.dbpedia.org/property/subdivisionName>	"subdivision name"@ja	<http://ja.wikipedia.org/wiki/渡田山王町>	<http://wikidata.dbpedia.org/resource/Q110256348>
<http://ja.dbpedia.org/resource/渡田山王町>	"渡田山王町"@ja	<http://dbpedia.org/ontology/Place>	<http://ja.dbpedia.org/property/subdivisionName>	"subdivision name"@ja	<http://ja.wikipedia.org/wiki/渡田山王町>	<http://wikidata.dbpedia.org/resource/Q110256348>
<http://ja.dbpedia.org/resource/渡田新町>	"渡田新町"@ja	<http://dbpedia.org/ontology/Place>	<http://ja.dbpedia.org/property/subdivisionName>	"subdivision name"@ja	<http://ja.wikipedia.org/wiki/渡田新町>	<http://wikidata.dbpedia.org/resource/Q110256438>
<http://ja.dbpedia.org/resource/渡田新町>	"渡田新町"@ja	<http://dbpedia.org/ontology/Settlement>	<http://ja.dbpedia.org/property/subdivisionName>	"subdivision name"@ja	<http://ja.wikipedia.org/wiki/渡田新町>	<http://wikidata.dbpedia.org/resource/Q110256438>
<http://ja.dbpedia.org/resource/渡田新町>	"渡田新町"@ja	<http://dbpedia.org/ontology/PopulatedPlace>	<http://ja.dbpedia.org/property/subdivisionName>	"subdivision name"@ja	<http://ja.wikipedia.org/wiki/渡田新町>	<http://wikidata.dbpedia.org/resource/Q110256438>
<http://ja.dbpedia.org/resource/渡田新町>	"渡田新町"@ja	<http://dbpedia.org/ontology/Location>	<http://ja.dbpedia.org/property/subdivisionName>	"subdivision name"@ja	<http://ja.wikipedia.org/wiki/渡田新町>	<http://wikidata.dbpedia.org/resource/Q110256438>
<http://ja.dbpedia.org/resource/渡田東町>	"渡田東町"@ja	<http://dbpedia.org/ontology/PopulatedPlace>	<http://ja.dbpedia.org/property/subdivisionName>	"subdivision name"@ja	<http://ja.wikipedia.org/wiki/渡田東町>	<http://wikidata.dbpedia.org/resource/Q110256448>
<http://ja.dbpedia.org/resource/渡田東町>	"渡田東町"@ja	<http://dbpedia.org/ontology/Location>	<http://ja.dbpedia.org/property/subdivisionName>	"subdivision name"@ja	<http://ja.wikipedia.org/wiki/渡田東町>	<http://wikidata.dbpedia.org/resource/Q110256448>
<http://ja.dbpedia.org/resource/渡田東町>	"渡田東町"@ja	<http://dbpedia.org/ontology/Settlement>	<http://ja.dbpedia.org/property/subdivisionName>	"subdivision name"@ja	<http://ja.wikipedia.org/wiki/渡田東町>	<http://wikidata.dbpedia.org/resource/Q110256448>
<http://ja.dbpedia.org/resource/渡田東町>	"渡田東町"@ja	<http://dbpedia.org/ontology/Place>	<http://ja.dbpedia.org/property/subdivisionName>	"subdivision name"@ja	<http://ja.wikipedia.org/wiki/渡田東町>	<http://wikidata.dbpedia.org/resource/Q110256448>
<http://ja.dbpedia.org/resource/港町_(川崎市)>	"港町 (川崎市)"@ja	<http://dbpedia.org/ontology/Place>	<http://ja.dbpedia.org/property/subdivisionName>	"subdivision name"@ja	<http://ja.wikipedia.org/wiki/港町_(川崎市)>	<http://wikidata.dbpedia.org/resource/Q30925293>
<http://ja.dbpedia.org/resource/港町_(川崎市)>	"港町 (川崎市)"@ja	<http://dbpedia.org/ontology/Settlement>	<http://ja.dbpedia.org/property/subdivisionName>	"subdivision name"@ja	<http://ja.wikipedia.org/wiki/港町_(川崎市)>	<http://wikidata.dbpedia.org/resource/Q30925293>
<http://ja.dbpedia.org/resource/港町_(川崎市)>	"港町 (川崎市)"@ja	<http://dbpedia.org/ontology/PopulatedPlace>	<http://ja.dbpedia.org/property/subdivisionName>	"subdivision name"@ja	<http://ja.wikipedia.org/wiki/港町_(川崎市)>	<http://wikidata.dbpedia.org/resource/Q30925293>
<http://ja.dbpedia.org/resource/港町_(川崎市)>	"港町 (川崎市)"@ja	<http://dbpedia.org/ontology/Location>	<http://ja.dbpedia.org/property/subdivisionName>	"subdivision name"@ja	<http://ja.wikipedia.org/wiki/港町_(川崎市)>	<http://wikidata.dbpedia.org/resource/Q30925293>
<http://ja.dbpedia.org/resource/田島町_(川崎市)>	"田島町 (川崎市)"@ja	<http://dbpedia.org/ontology/Place>	<http://ja.dbpedia.org/property/subdivisionName>	"subdivision name"@ja	<http://ja.wikipedia.org/wiki/田島町_(川崎市)>	<http://wikidata.dbpedia.org/resource/Q110730579>
<http://ja.dbpedia.org/resource/田島町_(川崎市)>	"田島町 (川崎市)"@ja	<http://dbpedia.org/ontology/Settlement>	<http://ja.dbpedia.org/property/subdivisionName>	"subdivision name"@ja	<http://ja.wikipedia.org/wiki/田島町_(川崎市)>	<http://wikidata.dbpedia.org/resource/Q110730579>
<http://ja.dbpedia.org/resource/田島町_(川崎市)>	"田島町 (川崎市)"@ja	<http://dbpedia.org/ontology/PopulatedPlace>	<http://ja.dbpedia.org/property/subdivisionName>	"subdivision name"@ja	<http://ja.wikipedia.org/wiki/田島町_(川崎市)>	<http://wikidata.dbpedia.org/resource/Q110730579>
<http://ja.dbpedia.org/resource/田島町_(川崎市)>	"田島町 (川崎市)"@ja	<http://dbpedia.org/ontology/Location>	<http://ja.dbpedia.org/property/subdivisionName>	"subdivision name"@ja	<http://ja.wikipedia.org/wiki/田島町_(川崎市)>	<http://wikidata.dbpedia.org/resource/Q110730579>
<http://ja.dbpedia.org/resource/田町_(川崎市)>	"田町 (川崎市)"@ja	<http://dbpedia.org/ontology/Settlement>	<http://ja.dbpedia.org/property/subdivisionName>	"subdivision name"@ja	<http://ja.wikipedia.org/wiki/田町_(川崎市)>	<http://wikidata.dbpedia.org/resource/Q110577189>
<http://ja.dbpedia.org/resource/田町_(川崎市)>	"田町 (川崎市)"@ja	<http://dbpedia.org/ontology/Place>	<http://ja.dbpedia.org/property/subdivisionName>	"subdivision name"@ja	<http://ja.wikipedia.org/wiki/田町_(川崎市)>	<http://wikidata.dbpedia.org/resource/Q110577189>
<http://ja.dbpedia.org/resource/田町_(川崎市)>	"田町 (川崎市)"@ja	<http://dbpedia.org/ontology/Location>	<http://ja.dbpedia.org/property/subdivisionName>	"subdivision name"@ja	<http://ja.wikipedia.org/wiki/田町_(川崎市)>	<http://wikidata.dbpedia.org/resource/Q110577189>
<http://ja.dbpedia.org/resource/田町_(川崎市)>	"田町 (川崎市)"@ja	<http://dbpedia.org/ontology/PopulatedPlace>	<http://ja.dbpedia.org/property/subdivisionName>	"subdivision name"@ja	<http://ja.wikipedia.org/wiki/田町_(川崎市)>	<http://wikidata.dbpedia.org/resource/Q110577189>
<http://ja.dbpedia.org/resource/田辺新田>	"田辺新田"@ja	<http://dbpedia.org/ontology/PopulatedPlace>	<http://ja.dbpedia.org/property/subdivisionName>	"subdivision name"@ja	<http://ja.wikipedia.org/wiki/田辺新田>	<http://wikidata.dbpedia.org/resource/Q11577346>
<http://ja.dbpedia.org/resource/田辺新田>	"田辺新田"@ja	<http://dbpedia.org/ontology/Location>	<http://ja.dbpedia.org/property/subdivisionName>	"subdivision name"@ja	<http://ja.wikipedia.org/wiki/田辺新田>	<http://wikidata.dbpedia.org/resource/Q11577346>
<http://ja.dbpedia.org/resource/田辺新田>	"田辺新田"@ja	<http://dbpedia.org/ontology/Place>	<http://ja.dbpedia.org/property/subdivisionName>	"subdivision name"@ja	<http://ja.wikipedia.org/wiki/田辺新田>	<http://wikidata.dbpedia.org/resource/Q11577346>
<http://ja.dbpedia.org/resource/田辺新田>	"田辺新田"@ja	<http://dbpedia.org/ontology/Settlement>	<http://ja.dbpedia.org/property/subdivisionName>	"subdivision name"@ja	<http://ja.wikipedia.org/wiki/田辺新田>	<http://wikidata.dbpedia.org/resource/Q11577346>
<http://ja.dbpedia.org/resource/砂子_(川崎市)>	"砂子 (川崎市)"@ja	<http://dbpedia.org/ontology/Location>	<http://ja.dbpedia.org/property/subdivisionName>	"subdivision name"@ja	<http://ja.wikipedia.org/wiki/砂子_(川崎市)>	<http://wikidata.dbpedia.org/resource/Q11587392>
<http://ja.dbpedia.org/resource/砂子_(川崎市)>	"砂子 (川崎市)"@ja	<http://dbpedia.org/ontology/PopulatedPlace>	<http://ja.dbpedia.org/property/subdivisionName>	"subdivision name"@ja	<http://ja.wikipedia.org/wiki/砂子_(川崎市)>	<http://wikidata.dbpedia.org/resource/Q11587392>
<http://ja.dbpedia.org/resource/砂子_(川崎市)>	"砂子 (川崎市)"@ja	<http://dbpedia.org/ontology/Settlement>	<http://ja.dbpedia.org/property/subdivisionName>	"subdivision name"@ja	<http://ja.wikipedia.org/wiki/砂子_(川崎市)>	<http://wikidata.dbpedia.org/resource/Q11587392>
<http://ja.dbpedia.org/resource/砂子_(川崎市)>	"砂子 (川崎市)"@ja	<http://dbpedia.org/ontology/Place>	<http://ja.dbpedia.org/property/subdivisionName>	"subdivision name"@ja	<http://ja.wikipedia.org/wiki/砂子_(川崎市)>	<http://wikidata.dbpedia.org/resource/Q11587392>
<http://ja.dbpedia.org/resource/藤崎_(川崎市)>	"藤崎 (川崎市)"@ja	<http://dbpedia.org/ontology/PopulatedPlace>	<http://ja.dbpedia.org/property/subdivisionName>	"subdivision name"@ja	<http://ja.wikipedia.org/wiki/藤崎_(川崎市)>	<http://wikidata.dbpedia.org/resource/Q110577586>
<http://ja.dbpedia.org/resource/藤崎_(川崎市)>	"藤崎 (川崎市)"@ja	<http://dbpedia.org/ontology/Location>	<http://ja.dbpedia.org/property/subdivisionName>	"subdivision name"@ja	<http://ja.wikipedia.org/wiki/藤崎_(川崎市)>	<http://wikidata.dbpedia.org/resource/Q110577586>
<http://ja.dbpedia.org/resource/藤崎_(川崎市)>	"藤崎 (川崎市)"@ja	<http://dbpedia.org/ontology/Settlement>	<http://ja.dbpedia.org/property/subdivisionName>	"subdivision name"@ja	<http://ja.wikipedia.org/wiki/藤崎_(川崎市)>	<http://wikidata.dbpedia.org/resource/Q110577586>
<http://ja.dbpedia.org/resource/藤崎_(川崎市)>	"藤崎 (川崎市)"@ja	<http://dbpedia.org/ontology/Place>	<http://ja.dbpedia.org/property/subdivisionName>	"subdivision name"@ja	<http://ja.wikipedia.org/wiki/藤崎_(川崎市)>	<http://wikidata.dbpedia.org/resource/Q110577586>
<http://ja.dbpedia.org/resource/観音_(川崎市)>	"観音 (川崎市)"@ja	<http://dbpedia.org/ontology/PopulatedPlace>	<http://ja.dbpedia.org/property/subdivisionName>	"subdivision name"@ja	<http://ja.wikipedia.org/wiki/観音_(川崎市)>	<http://wikidata.dbpedia.org/resource/Q110409491>
<http://ja.dbpedia.org/resource/観音_(川崎市)>	"観音 (川崎市)"@ja	<http://dbpedia.org/ontology/Location>	<http://ja.dbpedia.org/property/subdivisionName>	"subdivision name"@ja	<http://ja.wikipedia.org/wiki/観音_(川崎市)>	<http://wikidata.dbpedia.org/resource/Q110409491>
<http://ja.dbpedia.org/resource/観音_(川崎市)>	"観音 (川崎市)"@ja	<http://dbpedia.org/ontology/Place>	<http://ja.dbpedia.org/property/subdivisionName>	"subdivision name"@ja	<http://ja.wikipedia.org/wiki/観音_(川崎市)>	<http://wikidata.dbpedia.org/resource/Q110409491>
<http://ja.dbpedia.org/resource/観音_(川崎市)>	"観音 (川崎市)"@ja	<http://dbpedia.org/ontology/Settlement>	<http://ja.dbpedia.org/property/subdivisionName>	"subdivision name"@ja	<http://ja.wikipedia.org/wiki/観音_(川崎市)>	<http://wikidata.dbpedia.org/resource/Q110409491>
<http://ja.dbpedia.org/resource/貝塚_(川崎市)>	"貝塚 (川崎市)"@ja	<http://dbpedia.org/ontology/Location>	<http://ja.dbpedia.org/property/subdivisionName>	"subdivision name"@ja	<http://ja.wikipedia.org/wiki/貝塚_(川崎市)>	<http://wikidata.dbpedia.org/resource/Q110191738>
<http://ja.dbpedia.org/resource/貝塚_(川崎市)>	"貝塚 (川崎市)"@ja	<http://dbpedia.org/ontology/PopulatedPlace>	<http://ja.dbpedia.org/property/subdivisionName>	"subdivision name"@ja	<http://ja.wikipedia.org/wiki/貝塚_(川崎市)>	<http://wikidata.dbpedia.org/resource/Q110191738>
<http://ja.dbpedia.org/resource/貝塚_(川崎市)>	"貝塚 (川崎市)"@ja	<http://dbpedia.org/ontology/Settlement>	<http://ja.dbpedia.org/property/subdivisionName>	"subdivision name"@ja	<http://ja.wikipedia.org/wiki/貝塚_(川崎市)>	<http://wikidata.dbpedia.org/resource/Q110191738>
<http://ja.dbpedia.org/resource/貝塚_(川崎市)>	"貝塚 (川崎市)"@ja	<http://dbpedia.org/ontology/Place>	<http://ja.dbpedia.org/property/subdivisionName>	"subdivision name"@ja	<http://ja.wikipedia.org/wiki/貝塚_(川崎市)>	<http://wikidata.dbpedia.org/resource/Q110191738>
<http://ja.dbpedia.org/resource/追分町_(川崎市)>	"追分町 (川崎市)"@ja	<http://dbpedia.org/ontology/PopulatedPlace>	<http://ja.dbpedia.org/property/subdivisionName>	"subdivision name"@ja	<http://ja.wikipedia.org/wiki/追分町_(川崎市)>	<http://wikidata.dbpedia.org/resource/Q110697958>
<http://ja.dbpedia.org/resource/追分町_(川崎市)>	"追分町 (川崎市)"@ja	<http://dbpedia.org/ontology/Location>	<http://ja.dbpedia.org/property/subdivisionName>	"subdivision name"@ja	<http://ja.wikipedia.org/wiki/追分町_(川崎市)>	<http://wikidata.dbpedia.org/resource/Q110697958>
<http://ja.dbpedia.org/resource/追分町_(川崎市)>	"追分町 (川崎市)"@ja	<http://dbpedia.org/ontology/Settlement>	<http://ja.dbpedia.org/property/subdivisionName>	"subdivision name"@ja	<http://ja.wikipedia.org/wiki/追分町_(川崎市)>	<http://wikidata.dbpedia.org/resource/Q110697958>
<http://ja.dbpedia.org/resource/追分町_(川崎市)>	"追分町 (川崎市)"@ja	<http://dbpedia.org/ontology/Place>	<http://ja.dbpedia.org/property/subdivisionName>	"subdivision name"@ja	<http://ja.wikipedia.org/wiki/追分町_(川崎市)>	<http://wikidata.dbpedia.org/resource/Q110697958>
<http://ja.dbpedia.org/resource/鈴木町_(川崎市)>	"鈴木町 (川崎市)"@ja	<http://dbpedia.org/ontology/PopulatedPlace>	<http://ja.dbpedia.org/property/subdivisionName>	"subdivision name"@ja	<http://ja.wikipedia.org/wiki/鈴木町_(川崎市)>	<http://wikidata.dbpedia.org/resource/Q30925289>
<http://ja.dbpedia.org/resource/鈴木町_(川崎市)>	"鈴木町 (川崎市)"@ja	<http://dbpedia.org/ontology/Location>	<http://ja.dbpedia.org/property/subdivisionName>	"subdivision name"@ja	<http://ja.wikipedia.org/wiki/鈴木町_(川崎市)>	<http://wikidata.dbpedia.org/resource/Q30925289>
<http://ja.dbpedia.org/resource/鈴木町_(川崎市)>	"鈴木町 (川崎市)"@ja	<http://dbpedia.org/ontology/Place>	<http://ja.dbpedia.org/property/subdivisionName>	"subdivision name"@ja	<http://ja.wikipedia.org/wiki/鈴木町_(川崎市)>	<http://wikidata.dbpedia.org/resource/Q30925289>
<http://ja.dbpedia.org/resource/鈴木町_(川崎市)>	"鈴木町 (川崎市)"@ja	<http://dbpedia.org/ontology/Settlement>	<http://ja.dbpedia.org/property/subdivisionName>	"subdivision name"@ja	<http://ja.wikipedia.org/wiki/鈴木町_(川崎市)>	<http://wikidata.dbpedia.org/resource/Q30925289>
<http://ja.dbpedia.org/resource/鋼管通>	"鋼管通"@ja	<http://dbpedia.org/ontology/Location>	<http://ja.dbpedia.org/property/subdivisionName>	"subdivision name"@ja	<http://ja.wikipedia.org/wiki/鋼管通>	<http://wikidata.dbpedia.org/resource/Q106377166>
<http://ja.dbpedia.org/resource/鋼管通>	"鋼管通"@ja	<http://dbpedia.org/ontology/PopulatedPlace>	<http://ja.dbpedia.org/property/subdivisionName>	"subdivision name"@ja	<http://ja.wikipedia.org/wiki/鋼管通>	<http://wikidata.dbpedia.org/resource/Q106377166>
<http://ja.dbpedia.org/resource/鋼管通>	"鋼管通"@ja	<http://dbpedia.org/ontology/Settlement>	<http://ja.dbpedia.org/property/subdivisionName>	"subdivision name"@ja	<http://ja.wikipedia.org/wiki/鋼管通>	<http://wikidata.dbpedia.org/resource/Q106377166>
<http://ja.dbpedia.org/resource/鋼管通>	"鋼管通"@ja	<http://dbpedia.org/ontology/Place>	<http://ja.dbpedia.org/property/subdivisionName>	"subdivision name"@ja	<http://ja.wikipedia.org/wiki/鋼管通>	<http://wikidata.dbpedia.org/resource/Q106377166>
<http://ja.dbpedia.org/resource/駅前本町_(川崎市)>	"駅前本町 (川崎市)"@ja	<http://dbpedia.org/ontology/PopulatedPlace>	<http://ja.dbpedia.org/property/subdivisionName>	"subdivision name"@ja	<http://ja.wikipedia.org/wiki/駅前本町_(川崎市)>	<http://wikidata.dbpedia.org/resource/Q30924745>
<http://ja.dbpedia.org/resource/駅前本町_(川崎市)>	"駅前本町 (川崎市)"@ja	<http://dbpedia.org/ontology/Location>	<http://ja.dbpedia.org/property/subdivisionName>	"subdivision name"@ja	<http://ja.wikipedia.org/wiki/駅前本町_(川崎市)>	<http://wikidata.dbpedia.org/resource/Q30924745>
<http://ja.dbpedia.org/resource/駅前本町_(川崎市)>	"駅前本町 (川崎市)"@ja	<http://dbpedia.org/ontology/Settlement>	<http://ja.dbpedia.org/property/subdivisionName>	"subdivision name"@ja	<http://ja.wikipedia.org/wiki/駅前本町_(川崎市)>	<http://wikidata.dbpedia.org/resource/Q30924745>
<http://ja.dbpedia.org/resource/駅前本町_(川崎市)>	"駅前本町 (川崎市)"@ja	<http://dbpedia.org/ontology/Place>	<http://ja.dbpedia.org/property/subdivisionName>	"subdivision name"@ja	<http://ja.wikipedia.org/wiki/駅前本町_(川崎市)>	<http://wikidata.dbpedia.org/resource/Q30924745>
<http://ja.dbpedia.org/resource/堤根_(川崎市)>	"堤根 (川崎市)"@ja	<http://dbpedia.org/ontology/Location>	<http://ja.dbpedia.org/property/subdivisionName>	"subdivision name"@ja	<http://ja.wikipedia.org/wiki/堤根_(川崎市)>	
<http://ja.dbpedia.org/resource/堤根_(川崎市)>	"堤根 (川崎市)"@ja	<http://dbpedia.org/ontology/Place>	<http://ja.dbpedia.org/property/subdivisionName>	"subdivision name"@ja	<http://ja.wikipedia.org/wiki/堤根_(川崎市)>	
<http://ja.dbpedia.org/resource/堤根_(川崎市)>	"堤根 (川崎市)"@ja	<http://dbpedia.org/ontology/PopulatedPlace>	<http://ja.dbpedia.org/property/subdivisionName>	"subdivision name"@ja	<http://ja.wikipedia.org/wiki/堤根_(川崎市)>	
<http://ja.dbpedia.org/resource/堤根_(川崎市)>	"堤根 (川崎市)"@ja	<http://dbpedia.org/ontology/Settlement>	<http://ja.dbpedia.org/property/subdivisionName>	"subdivision name"@ja	<http://ja.wikipedia.org/wiki/堤根_(川崎市)>	
<http://ja.dbpedia.org/resource/小川町_(川崎市)>	"小川町 (川崎市)"@ja	<http://dbpedia.org/ontology/Location>	<http://ja.dbpedia.org/property/subdivisionName>	"subdivision name"@ja	<http://ja.wikipedia.org/wiki/小川町_(川崎市)>	
<http://ja.dbpedia.org/resource/小川町_(川崎市)>	"小川町 (川崎市)"@ja	<http://dbpedia.org/ontology/Place>	<http://ja.dbpedia.org/property/subdivisionName>	"subdivision name"@ja	<http://ja.wikipedia.org/wiki/小川町_(川崎市)>	
<http://ja.dbpedia.org/resource/小川町_(川崎市)>	"小川町 (川崎市)"@ja	<http://dbpedia.org/ontology/PopulatedPlace>	<http://ja.dbpedia.org/property/subdivisionName>	"subdivision name"@ja	<http://ja.wikipedia.org/wiki/小川町_(川崎市)>	
<http://ja.dbpedia.org/resource/小川町_(川崎市)>	"小川町 (川崎市)"@ja	<http://dbpedia.org/ontology/Settlement>	<http://ja.dbpedia.org/property/subdivisionName>	"subdivision name"@ja	<http://ja.wikipedia.org/wiki/小川町_(川崎市)>	
<http://ja.dbpedia.org/resource/新川通_(川崎市)>	"新川通 (川崎市)"@ja	<http://dbpedia.org/ontology/Location>	<http://ja.dbpedia.org/property/subdivisionName>	"subdivision name"@ja	<http://ja.wikipedia.org/wiki/新川通_(川崎市)>	
<http://ja.dbpedia.org/resource/新川通_(川崎市)>	"新川通 (川崎市)"@ja	<http://dbpedia.org/ontology/Place>	<http://ja.dbpedia.org/property/subdivisionName>	"subdivision name"@ja	<http://ja.wikipedia.org/wiki/新川通_(川崎市)>	
<http://ja.dbpedia.org/resource/新川通_(川崎市)>	"新川通 (川崎市)"@ja	<http://dbpedia.org/ontology/PopulatedPlace>	<http://ja.dbpedia.org/property/subdivisionName>	"subdivision name"@ja	<http://ja.wikipedia.org/wiki/新川通_(川崎市)>	
<http://ja.dbpedia.org/resource/新川通_(川崎市)>	"新川通 (川崎市)"@ja	<http://dbpedia.org/ontology/Settlement>	<http://ja.dbpedia.org/property/subdivisionName>	"subdivision name"@ja	<http://ja.wikipedia.org/wiki/新川通_(川崎市)>	
<http://ja.dbpedia.org/resource/浅野町_(川崎市)>	"浅野町 (川崎市)"@ja	<http://dbpedia.org/ontology/Location>	<http://ja.dbpedia.org/property/subdivisionName>	"subdivision name"@ja	<http://ja.wikipedia.org/wiki/浅野町_(川崎市)>	
<http://ja.dbpedia.org/resource/浅野町_(川崎市)>	"浅野町 (川崎市)"@ja	<http://dbpedia.org/ontology/Place>	<http://ja.dbpedia.org/property/subdivisionName>	"subdivision name"@ja	<http://ja.wikipedia.org/wiki/浅野町_(川崎市)>	
<http://ja.dbpedia.org/resource/浅野町_(川崎市)>	"浅野町 (川崎市)"@ja	<http://dbpedia.org/ontology/PopulatedPlace>	<http://ja.dbpedia.org/property/subdivisionName>	"subdivision name"@ja	<http://ja.wikipedia.org/wiki/浅野町_(川崎市)>	
<http://ja.dbpedia.org/resource/浅野町_(川崎市)>	"浅野町 (川崎市)"@ja	<http://dbpedia.org/ontology/Settlement>	<http://ja.dbpedia.org/property/subdivisionName>	"subdivision name"@ja	<http://ja.wikipedia.org/wiki/浅野町_(川崎市)>	
<http://ja.dbpedia.org/resource/白石町_(川崎市)>	"白石町 (川崎市)"@ja	<http://dbpedia.org/ontology/Location>	<http://ja.dbpedia.org/property/subdivisionName>	"subdivision name"@ja	<http://ja.wikipedia.org/wiki/白石町_(川崎市)>	
<http://ja.dbpedia.org/resource/白石町_(川崎市)>	"白石町 (川崎市)"@ja	<http://dbpedia.org/ontology/Place>	<http://ja.dbpedia.org/property/subdivisionName>	"subdivision name"@ja	<http://ja.wikipedia.org/wiki/白石町_(川崎市)>	
<http://ja.dbpedia.org/resource/白石町_(川崎市)>	"白石町 (川崎市)"@ja	<http://dbpedia.org/ontology/PopulatedPlace>	<http://ja.dbpedia.org/property/subdivisionName>	"subdivision name"@ja	<http://ja.wikipedia.org/wiki/白石町_(川崎市)>	
<http://ja.dbpedia.org/resource/白石町_(川崎市)>	"白石町 (川崎市)"@ja	<http://dbpedia.org/ontology/Settlement>	<http://ja.dbpedia.org/property/subdivisionName>	"subdivision name"@ja	<http://ja.wikipedia.org/wiki/白石町_(川崎市)>	
