?s	?sLabel	?type	?p	?pLabel	?jwiki	?wd
<http://ja.dbpedia.org/resource/上作延>	"上作延"@ja	<http://dbpedia.org/ontology/Place>	<http://ja.dbpedia.org/property/subdivisionName>	"subdivision name"@ja	<http://ja.wikipedia.org/wiki/上作延>	<http://wikidata.dbpedia.org/resource/Q101244845>
<http://ja.dbpedia.org/resource/上作延>	"上作延"@ja	<http://dbpedia.org/ontology/Settlement>	<http://ja.dbpedia.org/property/subdivisionName>	"subdivision name"@ja	<http://ja.wikipedia.org/wiki/上作延>	<http://wikidata.dbpedia.org/resource/Q101244845>
<http://ja.dbpedia.org/resource/上作延>	"上作延"@ja	<http://dbpedia.org/ontology/Location>	<http://ja.dbpedia.org/property/subdivisionName>	"subdivision name"@ja	<http://ja.wikipedia.org/wiki/上作延>	<http://wikidata.dbpedia.org/resource/Q101244845>
<http://ja.dbpedia.org/resource/上作延>	"上作延"@ja	<http://dbpedia.org/ontology/PopulatedPlace>	<http://ja.dbpedia.org/property/subdivisionName>	"subdivision name"@ja	<http://ja.wikipedia.org/wiki/上作延>	<http://wikidata.dbpedia.org/resource/Q101244845>
<http://ja.dbpedia.org/resource/下作延>	"下作延"@ja	<http://dbpedia.org/ontology/Place>	<http://ja.dbpedia.org/property/subdivisionName>	"subdivision name"@ja	<http://ja.wikipedia.org/wiki/下作延>	<http://wikidata.dbpedia.org/resource/Q11360619>
<http://ja.dbpedia.org/resource/下作延>	"下作延"@ja	<http://dbpedia.org/ontology/Settlement>	<http://ja.dbpedia.org/property/subdivisionName>	"subdivision name"@ja	<http://ja.wikipedia.org/wiki/下作延>	<http://wikidata.dbpedia.org/resource/Q11360619>
<http://ja.dbpedia.org/resource/下作延>	"下作延"@ja	<http://dbpedia.org/ontology/Location>	<http://ja.dbpedia.org/property/subdivisionName>	"subdivision name"@ja	<http://ja.wikipedia.org/wiki/下作延>	<http://wikidata.dbpedia.org/resource/Q11360619>
<http://ja.dbpedia.org/resource/下作延>	"下作延"@ja	<http://dbpedia.org/ontology/PopulatedPlace>	<http://ja.dbpedia.org/property/subdivisionName>	"subdivision name"@ja	<http://ja.wikipedia.org/wiki/下作延>	<http://wikidata.dbpedia.org/resource/Q11360619>
<http://ja.dbpedia.org/resource/下野毛>	"下野毛"@ja	<http://dbpedia.org/ontology/Place>	<http://ja.dbpedia.org/property/subdivisionName>	"subdivision name"@ja	<http://ja.wikipedia.org/wiki/下野毛>	<http://wikidata.dbpedia.org/resource/Q97280118>
<http://ja.dbpedia.org/resource/下野毛>	"下野毛"@ja	<http://dbpedia.org/ontology/Settlement>	<http://ja.dbpedia.org/property/subdivisionName>	"subdivision name"@ja	<http://ja.wikipedia.org/wiki/下野毛>	<http://wikidata.dbpedia.org/resource/Q97280118>
<http://ja.dbpedia.org/resource/下野毛>	"下野毛"@ja	<http://dbpedia.org/ontology/Location>	<http://ja.dbpedia.org/property/subdivisionName>	"subdivision name"@ja	<http://ja.wikipedia.org/wiki/下野毛>	<http://wikidata.dbpedia.org/resource/Q97280118>
<http://ja.dbpedia.org/resource/下野毛>	"下野毛"@ja	<http://dbpedia.org/ontology/PopulatedPlace>	<http://ja.dbpedia.org/property/subdivisionName>	"subdivision name"@ja	<http://ja.wikipedia.org/wiki/下野毛>	<http://wikidata.dbpedia.org/resource/Q97280118>
<http://ja.dbpedia.org/resource/久地>	"久地"@ja	<http://dbpedia.org/ontology/Location>	<http://ja.dbpedia.org/property/subdivisionName>	"subdivision name"@ja	<http://ja.wikipedia.org/wiki/久地>	<http://wikidata.dbpedia.org/resource/Q11369251>
<http://ja.dbpedia.org/resource/久地>	"久地"@ja	<http://dbpedia.org/ontology/PopulatedPlace>	<http://ja.dbpedia.org/property/subdivisionName>	"subdivision name"@ja	<http://ja.wikipedia.org/wiki/久地>	<http://wikidata.dbpedia.org/resource/Q11369251>
<http://ja.dbpedia.org/resource/久地>	"久地"@ja	<http://dbpedia.org/ontology/Settlement>	<http://ja.dbpedia.org/property/subdivisionName>	"subdivision name"@ja	<http://ja.wikipedia.org/wiki/久地>	<http://wikidata.dbpedia.org/resource/Q11369251>
<http://ja.dbpedia.org/resource/久地>	"久地"@ja	<http://dbpedia.org/ontology/Place>	<http://ja.dbpedia.org/property/subdivisionName>	"subdivision name"@ja	<http://ja.wikipedia.org/wiki/久地>	<http://wikidata.dbpedia.org/resource/Q11369251>
<http://ja.dbpedia.org/resource/久末_(川崎市)>	"久末 (川崎市)"@ja	<http://dbpedia.org/ontology/Location>	<http://ja.dbpedia.org/property/subdivisionName>	"subdivision name"@ja	<http://ja.wikipedia.org/wiki/久末_(川崎市)>	<http://wikidata.dbpedia.org/resource/Q11369413>
<http://ja.dbpedia.org/resource/久末_(川崎市)>	"久末 (川崎市)"@ja	<http://dbpedia.org/ontology/PopulatedPlace>	<http://ja.dbpedia.org/property/subdivisionName>	"subdivision name"@ja	<http://ja.wikipedia.org/wiki/久末_(川崎市)>	<http://wikidata.dbpedia.org/resource/Q11369413>
<http://ja.dbpedia.org/resource/久末_(川崎市)>	"久末 (川崎市)"@ja	<http://dbpedia.org/ontology/Settlement>	<http://ja.dbpedia.org/property/subdivisionName>	"subdivision name"@ja	<http://ja.wikipedia.org/wiki/久末_(川崎市)>	<http://wikidata.dbpedia.org/resource/Q11369413>
<http://ja.dbpedia.org/resource/久末_(川崎市)>	"久末 (川崎市)"@ja	<http://dbpedia.org/ontology/Place>	<http://ja.dbpedia.org/property/subdivisionName>	"subdivision name"@ja	<http://ja.wikipedia.org/wiki/久末_(川崎市)>	<http://wikidata.dbpedia.org/resource/Q11369413>
<http://ja.dbpedia.org/resource/久本_(川崎市)>	"久本 (川崎市)"@ja	<http://dbpedia.org/ontology/Place>	<http://ja.dbpedia.org/property/subdivisionName>	"subdivision name"@ja	<http://ja.wikipedia.org/wiki/久本_(川崎市)>	<http://wikidata.dbpedia.org/resource/Q97280128>
<http://ja.dbpedia.org/resource/久本_(川崎市)>	"久本 (川崎市)"@ja	<http://dbpedia.org/ontology/Settlement>	<http://ja.dbpedia.org/property/subdivisionName>	"subdivision name"@ja	<http://ja.wikipedia.org/wiki/久本_(川崎市)>	<http://wikidata.dbpedia.org/resource/Q97280128>
<http://ja.dbpedia.org/resource/久本_(川崎市)>	"久本 (川崎市)"@ja	<http://dbpedia.org/ontology/Location>	<http://ja.dbpedia.org/property/subdivisionName>	"subdivision name"@ja	<http://ja.wikipedia.org/wiki/久本_(川崎市)>	<http://wikidata.dbpedia.org/resource/Q97280128>
<http://ja.dbpedia.org/resource/久本_(川崎市)>	"久本 (川崎市)"@ja	<http://dbpedia.org/ontology/PopulatedPlace>	<http://ja.dbpedia.org/property/subdivisionName>	"subdivision name"@ja	<http://ja.wikipedia.org/wiki/久本_(川崎市)>	<http://wikidata.dbpedia.org/resource/Q97280128>
<http://ja.dbpedia.org/resource/二子>	"二子"@ja	<http://dbpedia.org/ontology/Location>	<http://ja.dbpedia.org/property/subdivisionName>	"subdivision name"@ja	<http://ja.wikipedia.org/wiki/二子>	<http://wikidata.dbpedia.org/resource/Q11371440>
<http://ja.dbpedia.org/resource/二子>	"二子"@ja	<http://dbpedia.org/ontology/PopulatedPlace>	<http://ja.dbpedia.org/property/subdivisionName>	"subdivision name"@ja	<http://ja.wikipedia.org/wiki/二子>	<http://wikidata.dbpedia.org/resource/Q11371440>
<http://ja.dbpedia.org/resource/二子>	"二子"@ja	<http://dbpedia.org/ontology/Settlement>	<http://ja.dbpedia.org/property/subdivisionName>	"subdivision name"@ja	<http://ja.wikipedia.org/wiki/二子>	<http://wikidata.dbpedia.org/resource/Q11371440>
<http://ja.dbpedia.org/resource/二子>	"二子"@ja	<http://dbpedia.org/ontology/Place>	<http://ja.dbpedia.org/property/subdivisionName>	"subdivision name"@ja	<http://ja.wikipedia.org/wiki/二子>	<http://wikidata.dbpedia.org/resource/Q11371440>
<http://ja.dbpedia.org/resource/北見方>	"北見方"@ja	<http://dbpedia.org/ontology/Location>	<http://ja.dbpedia.org/property/subdivisionName>	"subdivision name"@ja	<http://ja.wikipedia.org/wiki/北見方>	<http://wikidata.dbpedia.org/resource/Q97280214>
<http://ja.dbpedia.org/resource/北見方>	"北見方"@ja	<http://dbpedia.org/ontology/PopulatedPlace>	<http://ja.dbpedia.org/property/subdivisionName>	"subdivision name"@ja	<http://ja.wikipedia.org/wiki/北見方>	<http://wikidata.dbpedia.org/resource/Q97280214>
<http://ja.dbpedia.org/resource/北見方>	"北見方"@ja	<http://dbpedia.org/ontology/Settlement>	<http://ja.dbpedia.org/property/subdivisionName>	"subdivision name"@ja	<http://ja.wikipedia.org/wiki/北見方>	<http://wikidata.dbpedia.org/resource/Q97280214>
<http://ja.dbpedia.org/resource/北見方>	"北見方"@ja	<http://dbpedia.org/ontology/Place>	<http://ja.dbpedia.org/property/subdivisionName>	"subdivision name"@ja	<http://ja.wikipedia.org/wiki/北見方>	<http://wikidata.dbpedia.org/resource/Q97280214>
<http://ja.dbpedia.org/resource/千年_(川崎市)>	"千年 (川崎市)"@ja	<http://dbpedia.org/ontology/Location>	<http://ja.dbpedia.org/property/subdivisionName>	"subdivision name"@ja	<http://ja.wikipedia.org/wiki/千年_(川崎市)>	<http://wikidata.dbpedia.org/resource/Q11405474>
<http://ja.dbpedia.org/resource/千年_(川崎市)>	"千年 (川崎市)"@ja	<http://dbpedia.org/ontology/PopulatedPlace>	<http://ja.dbpedia.org/property/subdivisionName>	"subdivision name"@ja	<http://ja.wikipedia.org/wiki/千年_(川崎市)>	<http://wikidata.dbpedia.org/resource/Q11405474>
<http://ja.dbpedia.org/resource/千年_(川崎市)>	"千年 (川崎市)"@ja	<http://dbpedia.org/ontology/Settlement>	<http://ja.dbpedia.org/property/subdivisionName>	"subdivision name"@ja	<http://ja.wikipedia.org/wiki/千年_(川崎市)>	<http://wikidata.dbpedia.org/resource/Q11405474>
<http://ja.dbpedia.org/resource/千年_(川崎市)>	"千年 (川崎市)"@ja	<http://dbpedia.org/ontology/Place>	<http://ja.dbpedia.org/property/subdivisionName>	"subdivision name"@ja	<http://ja.wikipedia.org/wiki/千年_(川崎市)>	<http://wikidata.dbpedia.org/resource/Q11405474>
<http://ja.dbpedia.org/resource/千年新町>	"千年新町"@ja	<http://dbpedia.org/ontology/PopulatedPlace>	<http://ja.dbpedia.org/property/subdivisionName>	"subdivision name"@ja	<http://ja.wikipedia.org/wiki/千年新町>	<http://wikidata.dbpedia.org/resource/Q97280239>
<http://ja.dbpedia.org/resource/千年新町>	"千年新町"@ja	<http://dbpedia.org/ontology/Location>	<http://ja.dbpedia.org/property/subdivisionName>	"subdivision name"@ja	<http://ja.wikipedia.org/wiki/千年新町>	<http://wikidata.dbpedia.org/resource/Q97280239>
<http://ja.dbpedia.org/resource/千年新町>	"千年新町"@ja	<http://dbpedia.org/ontology/Settlement>	<http://ja.dbpedia.org/property/subdivisionName>	"subdivision name"@ja	<http://ja.wikipedia.org/wiki/千年新町>	<http://wikidata.dbpedia.org/resource/Q97280239>
<http://ja.dbpedia.org/resource/千年新町>	"千年新町"@ja	<http://dbpedia.org/ontology/Place>	<http://ja.dbpedia.org/property/subdivisionName>	"subdivision name"@ja	<http://ja.wikipedia.org/wiki/千年新町>	<http://wikidata.dbpedia.org/resource/Q97280239>
<http://ja.dbpedia.org/resource/向ヶ丘_(川崎市)>	"向ヶ丘 (川崎市)"@ja	<http://dbpedia.org/ontology/PopulatedPlace>	<http://ja.dbpedia.org/property/subdivisionName>	"subdivision name"@ja	<http://ja.wikipedia.org/wiki/向ヶ丘_(川崎市)>	<http://wikidata.dbpedia.org/resource/Q11415858>
<http://ja.dbpedia.org/resource/向ヶ丘_(川崎市)>	"向ヶ丘 (川崎市)"@ja	<http://dbpedia.org/ontology/Location>	<http://ja.dbpedia.org/property/subdivisionName>	"subdivision name"@ja	<http://ja.wikipedia.org/wiki/向ヶ丘_(川崎市)>	<http://wikidata.dbpedia.org/resource/Q11415858>
<http://ja.dbpedia.org/resource/向ヶ丘_(川崎市)>	"向ヶ丘 (川崎市)"@ja	<http://dbpedia.org/ontology/Place>	<http://ja.dbpedia.org/property/subdivisionName>	"subdivision name"@ja	<http://ja.wikipedia.org/wiki/向ヶ丘_(川崎市)>	<http://wikidata.dbpedia.org/resource/Q11415858>
<http://ja.dbpedia.org/resource/向ヶ丘_(川崎市)>	"向ヶ丘 (川崎市)"@ja	<http://dbpedia.org/ontology/Settlement>	<http://ja.dbpedia.org/property/subdivisionName>	"subdivision name"@ja	<http://ja.wikipedia.org/wiki/向ヶ丘_(川崎市)>	<http://wikidata.dbpedia.org/resource/Q11415858>
<http://ja.dbpedia.org/resource/坂戸_(川崎市)>	"坂戸 (川崎市)"@ja	<http://dbpedia.org/ontology/Place>	<http://ja.dbpedia.org/property/subdivisionName>	"subdivision name"@ja	<http://ja.wikipedia.org/wiki/坂戸_(川崎市)>	<http://wikidata.dbpedia.org/resource/Q11425140>
<http://ja.dbpedia.org/resource/坂戸_(川崎市)>	"坂戸 (川崎市)"@ja	<http://dbpedia.org/ontology/Settlement>	<http://ja.dbpedia.org/property/subdivisionName>	"subdivision name"@ja	<http://ja.wikipedia.org/wiki/坂戸_(川崎市)>	<http://wikidata.dbpedia.org/resource/Q11425140>
<http://ja.dbpedia.org/resource/坂戸_(川崎市)>	"坂戸 (川崎市)"@ja	<http://dbpedia.org/ontology/Location>	<http://ja.dbpedia.org/property/subdivisionName>	"subdivision name"@ja	<http://ja.wikipedia.org/wiki/坂戸_(川崎市)>	<http://wikidata.dbpedia.org/resource/Q11425140>
<http://ja.dbpedia.org/resource/坂戸_(川崎市)>	"坂戸 (川崎市)"@ja	<http://dbpedia.org/ontology/PopulatedPlace>	<http://ja.dbpedia.org/property/subdivisionName>	"subdivision name"@ja	<http://ja.wikipedia.org/wiki/坂戸_(川崎市)>	<http://wikidata.dbpedia.org/resource/Q11425140>
<http://ja.dbpedia.org/resource/子母口>	"子母口"@ja	<http://dbpedia.org/ontology/Location>	<http://ja.dbpedia.org/property/subdivisionName>	"subdivision name"@ja	<http://ja.wikipedia.org/wiki/子母口>	<http://wikidata.dbpedia.org/resource/Q96003040>
<http://ja.dbpedia.org/resource/子母口>	"子母口"@ja	<http://dbpedia.org/ontology/PopulatedPlace>	<http://ja.dbpedia.org/property/subdivisionName>	"subdivision name"@ja	<http://ja.wikipedia.org/wiki/子母口>	<http://wikidata.dbpedia.org/resource/Q96003040>
<http://ja.dbpedia.org/resource/子母口>	"子母口"@ja	<http://dbpedia.org/ontology/Settlement>	<http://ja.dbpedia.org/property/subdivisionName>	"subdivision name"@ja	<http://ja.wikipedia.org/wiki/子母口>	<http://wikidata.dbpedia.org/resource/Q96003040>
<http://ja.dbpedia.org/resource/子母口>	"子母口"@ja	<http://dbpedia.org/ontology/Place>	<http://ja.dbpedia.org/property/subdivisionName>	"subdivision name"@ja	<http://ja.wikipedia.org/wiki/子母口>	<http://wikidata.dbpedia.org/resource/Q96003040>
<http://ja.dbpedia.org/resource/宇奈根>	"宇奈根"@ja	<http://dbpedia.org/ontology/Location>	<http://ja.dbpedia.org/property/subdivisionName>	"subdivision name"@ja	<http://ja.wikipedia.org/wiki/宇奈根>	<http://wikidata.dbpedia.org/resource/Q11449262>
<http://ja.dbpedia.org/resource/宇奈根>	"宇奈根"@ja	<http://dbpedia.org/ontology/PopulatedPlace>	<http://ja.dbpedia.org/property/subdivisionName>	"subdivision name"@ja	<http://ja.wikipedia.org/wiki/宇奈根>	<http://wikidata.dbpedia.org/resource/Q11449262>
<http://ja.dbpedia.org/resource/宇奈根>	"宇奈根"@ja	<http://dbpedia.org/ontology/Settlement>	<http://ja.dbpedia.org/property/subdivisionName>	"subdivision name"@ja	<http://ja.wikipedia.org/wiki/宇奈根>	<http://wikidata.dbpedia.org/resource/Q11449262>
<http://ja.dbpedia.org/resource/宇奈根>	"宇奈根"@ja	<http://dbpedia.org/ontology/Place>	<http://ja.dbpedia.org/property/subdivisionName>	"subdivision name"@ja	<http://ja.wikipedia.org/wiki/宇奈根>	<http://wikidata.dbpedia.org/resource/Q11449262>
<http://ja.dbpedia.org/resource/新作_(川崎市)>	"新作 (川崎市)"@ja	<http://dbpedia.org/ontology/Location>	<http://ja.dbpedia.org/property/subdivisionName>	"subdivision name"@ja	<http://ja.wikipedia.org/wiki/新作_(川崎市)>	<http://wikidata.dbpedia.org/resource/Q97280484>
<http://ja.dbpedia.org/resource/新作_(川崎市)>	"新作 (川崎市)"@ja	<http://dbpedia.org/ontology/PopulatedPlace>	<http://ja.dbpedia.org/property/subdivisionName>	"subdivision name"@ja	<http://ja.wikipedia.org/wiki/新作_(川崎市)>	<http://wikidata.dbpedia.org/resource/Q97280484>
<http://ja.dbpedia.org/resource/新作_(川崎市)>	"新作 (川崎市)"@ja	<http://dbpedia.org/ontology/Settlement>	<http://ja.dbpedia.org/property/subdivisionName>	"subdivision name"@ja	<http://ja.wikipedia.org/wiki/新作_(川崎市)>	<http://wikidata.dbpedia.org/resource/Q97280484>
<http://ja.dbpedia.org/resource/新作_(川崎市)>	"新作 (川崎市)"@ja	<http://dbpedia.org/ontology/Place>	<http://ja.dbpedia.org/property/subdivisionName>	"subdivision name"@ja	<http://ja.wikipedia.org/wiki/新作_(川崎市)>	<http://wikidata.dbpedia.org/resource/Q97280484>
<http://ja.dbpedia.org/resource/明津>	"明津"@ja	<http://dbpedia.org/ontology/PopulatedPlace>	<http://ja.dbpedia.org/property/subdivisionName>	"subdivision name"@ja	<http://ja.wikipedia.org/wiki/明津>	<http://wikidata.dbpedia.org/resource/Q11512426>
<http://ja.dbpedia.org/resource/明津>	"明津"@ja	<http://dbpedia.org/ontology/Location>	<http://ja.dbpedia.org/property/subdivisionName>	"subdivision name"@ja	<http://ja.wikipedia.org/wiki/明津>	<http://wikidata.dbpedia.org/resource/Q11512426>
<http://ja.dbpedia.org/resource/明津>	"明津"@ja	<http://dbpedia.org/ontology/Settlement>	<http://ja.dbpedia.org/property/subdivisionName>	"subdivision name"@ja	<http://ja.wikipedia.org/wiki/明津>	<http://wikidata.dbpedia.org/resource/Q11512426>
<http://ja.dbpedia.org/resource/明津>	"明津"@ja	<http://dbpedia.org/ontology/Place>	<http://ja.dbpedia.org/property/subdivisionName>	"subdivision name"@ja	<http://ja.wikipedia.org/wiki/明津>	<http://wikidata.dbpedia.org/resource/Q11512426>
<http://ja.dbpedia.org/resource/末長_(川崎市)>	"末長 (川崎市)"@ja	<http://dbpedia.org/ontology/PopulatedPlace>	<http://ja.dbpedia.org/property/subdivisionName>	"subdivision name"@ja	<http://ja.wikipedia.org/wiki/末長_(川崎市)>	<http://wikidata.dbpedia.org/resource/Q11519801>
<http://ja.dbpedia.org/resource/末長_(川崎市)>	"末長 (川崎市)"@ja	<http://dbpedia.org/ontology/Location>	<http://ja.dbpedia.org/property/subdivisionName>	"subdivision name"@ja	<http://ja.wikipedia.org/wiki/末長_(川崎市)>	<http://wikidata.dbpedia.org/resource/Q11519801>
<http://ja.dbpedia.org/resource/末長_(川崎市)>	"末長 (川崎市)"@ja	<http://dbpedia.org/ontology/Place>	<http://ja.dbpedia.org/property/subdivisionName>	"subdivision name"@ja	<http://ja.wikipedia.org/wiki/末長_(川崎市)>	<http://wikidata.dbpedia.org/resource/Q11519801>
<http://ja.dbpedia.org/resource/末長_(川崎市)>	"末長 (川崎市)"@ja	<http://dbpedia.org/ontology/Settlement>	<http://ja.dbpedia.org/property/subdivisionName>	"subdivision name"@ja	<http://ja.wikipedia.org/wiki/末長_(川崎市)>	<http://wikidata.dbpedia.org/resource/Q11519801>
<http://ja.dbpedia.org/resource/梶ケ谷>	"梶ケ谷"@ja	<http://dbpedia.org/ontology/Location>	<http://ja.dbpedia.org/property/subdivisionName>	"subdivision name"@ja	<http://ja.wikipedia.org/wiki/梶ケ谷>	<http://wikidata.dbpedia.org/resource/Q11538789>
<http://ja.dbpedia.org/resource/梶ケ谷>	"梶ケ谷"@ja	<http://dbpedia.org/ontology/PopulatedPlace>	<http://ja.dbpedia.org/property/subdivisionName>	"subdivision name"@ja	<http://ja.wikipedia.org/wiki/梶ケ谷>	<http://wikidata.dbpedia.org/resource/Q11538789>
<http://ja.dbpedia.org/resource/梶ケ谷>	"梶ケ谷"@ja	<http://dbpedia.org/ontology/Settlement>	<http://ja.dbpedia.org/property/subdivisionName>	"subdivision name"@ja	<http://ja.wikipedia.org/wiki/梶ケ谷>	<http://wikidata.dbpedia.org/resource/Q11538789>
<http://ja.dbpedia.org/resource/梶ケ谷>	"梶ケ谷"@ja	<http://dbpedia.org/ontology/Place>	<http://ja.dbpedia.org/property/subdivisionName>	"subdivision name"@ja	<http://ja.wikipedia.org/wiki/梶ケ谷>	<http://wikidata.dbpedia.org/resource/Q11538789>
<http://ja.dbpedia.org/resource/溝口_(川崎市)>	"溝口 (川崎市)"@ja	<http://dbpedia.org/ontology/PopulatedPlace>	<http://ja.dbpedia.org/property/subdivisionName>	"subdivision name"@ja	<http://ja.wikipedia.org/wiki/溝口_(川崎市)>	<http://wikidata.dbpedia.org/resource/Q11564436>
<http://ja.dbpedia.org/resource/溝口_(川崎市)>	"溝口 (川崎市)"@ja	<http://dbpedia.org/ontology/Location>	<http://ja.dbpedia.org/property/subdivisionName>	"subdivision name"@ja	<http://ja.wikipedia.org/wiki/溝口_(川崎市)>	<http://wikidata.dbpedia.org/resource/Q11564436>
<http://ja.dbpedia.org/resource/溝口_(川崎市)>	"溝口 (川崎市)"@ja	<http://dbpedia.org/ontology/Settlement>	<http://ja.dbpedia.org/property/subdivisionName>	"subdivision name"@ja	<http://ja.wikipedia.org/wiki/溝口_(川崎市)>	<http://wikidata.dbpedia.org/resource/Q11564436>
<http://ja.dbpedia.org/resource/溝口_(川崎市)>	"溝口 (川崎市)"@ja	<http://dbpedia.org/ontology/Place>	<http://ja.dbpedia.org/property/subdivisionName>	"subdivision name"@ja	<http://ja.wikipedia.org/wiki/溝口_(川崎市)>	<http://wikidata.dbpedia.org/resource/Q11564436>
<http://ja.dbpedia.org/resource/瀬田_(世田谷区・川崎市)>	"瀬田 (世田谷区・川崎市)"@ja	<http://dbpedia.org/ontology/PopulatedPlace>	<http://ja.dbpedia.org/property/subdivisionName>	"subdivision name"@ja	<http://ja.wikipedia.org/wiki/瀬田_(世田谷区・川崎市)>	<http://wikidata.dbpedia.org/resource/Q11566711>
<http://ja.dbpedia.org/resource/瀬田_(世田谷区・川崎市)>	"瀬田 (世田谷区・川崎市)"@ja	<http://dbpedia.org/ontology/Location>	<http://ja.dbpedia.org/property/subdivisionName>	"subdivision name"@ja	<http://ja.wikipedia.org/wiki/瀬田_(世田谷区・川崎市)>	<http://wikidata.dbpedia.org/resource/Q11566711>
<http://ja.dbpedia.org/resource/瀬田_(世田谷区・川崎市)>	"瀬田 (世田谷区・川崎市)"@ja	<http://dbpedia.org/ontology/Settlement>	<http://ja.dbpedia.org/property/subdivisionName>	"subdivision name"@ja	<http://ja.wikipedia.org/wiki/瀬田_(世田谷区・川崎市)>	<http://wikidata.dbpedia.org/resource/Q11566711>
<http://ja.dbpedia.org/resource/瀬田_(世田谷区・川崎市)>	"瀬田 (世田谷区・川崎市)"@ja	<http://dbpedia.org/ontology/Place>	<http://ja.dbpedia.org/property/subdivisionName>	"subdivision name"@ja	<http://ja.wikipedia.org/wiki/瀬田_(世田谷区・川崎市)>	<http://wikidata.dbpedia.org/resource/Q11566711>
<http://ja.dbpedia.org/resource/蟹ケ谷>	"蟹ケ谷"@ja	<http://dbpedia.org/ontology/PopulatedPlace>	<http://ja.dbpedia.org/property/subdivisionName>	"subdivision name"@ja	<http://ja.wikipedia.org/wiki/蟹ケ谷>	<http://wikidata.dbpedia.org/resource/Q11625860>
<http://ja.dbpedia.org/resource/蟹ケ谷>	"蟹ケ谷"@ja	<http://dbpedia.org/ontology/Location>	<http://ja.dbpedia.org/property/subdivisionName>	"subdivision name"@ja	<http://ja.wikipedia.org/wiki/蟹ケ谷>	<http://wikidata.dbpedia.org/resource/Q11625860>
<http://ja.dbpedia.org/resource/蟹ケ谷>	"蟹ケ谷"@ja	<http://dbpedia.org/ontology/Place>	<http://ja.dbpedia.org/property/subdivisionName>	"subdivision name"@ja	<http://ja.wikipedia.org/wiki/蟹ケ谷>	<http://wikidata.dbpedia.org/resource/Q11625860>
<http://ja.dbpedia.org/resource/蟹ケ谷>	"蟹ケ谷"@ja	<http://dbpedia.org/ontology/Settlement>	<http://ja.dbpedia.org/property/subdivisionName>	"subdivision name"@ja	<http://ja.wikipedia.org/wiki/蟹ケ谷>	<http://wikidata.dbpedia.org/resource/Q11625860>
<http://ja.dbpedia.org/resource/諏訪_(川崎市)>	"諏訪 (川崎市)"@ja	<http://dbpedia.org/ontology/Location>	<http://ja.dbpedia.org/property/subdivisionName>	"subdivision name"@ja	<http://ja.wikipedia.org/wiki/諏訪_(川崎市)>	<http://wikidata.dbpedia.org/resource/Q97280918>
<http://ja.dbpedia.org/resource/諏訪_(川崎市)>	"諏訪 (川崎市)"@ja	<http://dbpedia.org/ontology/PopulatedPlace>	<http://ja.dbpedia.org/property/subdivisionName>	"subdivision name"@ja	<http://ja.wikipedia.org/wiki/諏訪_(川崎市)>	<http://wikidata.dbpedia.org/resource/Q97280918>
<http://ja.dbpedia.org/resource/諏訪_(川崎市)>	"諏訪 (川崎市)"@ja	<http://dbpedia.org/ontology/Settlement>	<http://ja.dbpedia.org/property/subdivisionName>	"subdivision name"@ja	<http://ja.wikipedia.org/wiki/諏訪_(川崎市)>	<http://wikidata.dbpedia.org/resource/Q97280918>
<http://ja.dbpedia.org/resource/諏訪_(川崎市)>	"諏訪 (川崎市)"@ja	<http://dbpedia.org/ontology/Place>	<http://ja.dbpedia.org/property/subdivisionName>	"subdivision name"@ja	<http://ja.wikipedia.org/wiki/諏訪_(川崎市)>	<http://wikidata.dbpedia.org/resource/Q97280918>
<http://ja.dbpedia.org/resource/野川_(川崎市)>	"野川 (川崎市)"@ja	<http://dbpedia.org/ontology/PopulatedPlace>	<http://ja.dbpedia.org/property/subdivisionName>	"subdivision name"@ja	<http://ja.wikipedia.org/wiki/野川_(川崎市)>	<http://wikidata.dbpedia.org/resource/Q11645424>
<http://ja.dbpedia.org/resource/野川_(川崎市)>	"野川 (川崎市)"@ja	<http://dbpedia.org/ontology/Location>	<http://ja.dbpedia.org/property/subdivisionName>	"subdivision name"@ja	<http://ja.wikipedia.org/wiki/野川_(川崎市)>	<http://wikidata.dbpedia.org/resource/Q11645424>
<http://ja.dbpedia.org/resource/野川_(川崎市)>	"野川 (川崎市)"@ja	<http://dbpedia.org/ontology/Settlement>	<http://ja.dbpedia.org/property/subdivisionName>	"subdivision name"@ja	<http://ja.wikipedia.org/wiki/野川_(川崎市)>	<http://wikidata.dbpedia.org/resource/Q11645424>
<http://ja.dbpedia.org/resource/野川_(川崎市)>	"野川 (川崎市)"@ja	<http://dbpedia.org/ontology/Place>	<http://ja.dbpedia.org/property/subdivisionName>	"subdivision name"@ja	<http://ja.wikipedia.org/wiki/野川_(川崎市)>	<http://wikidata.dbpedia.org/resource/Q11645424>
