?s	?sLabel	?type	?p	?pLabel	?jwiki	?wd
<http://ja.dbpedia.org/resource/不動川_(神奈川県)>	"不動川 (神奈川県)"@ja	<http://dbpedia.org/ontology/Place>	<http://ja.dbpedia.org/property/水源>	"水源"@ja	<http://ja.wikipedia.org/wiki/不動川_(神奈川県)>	<http://wikidata.dbpedia.org/resource/Q11361611>
<http://ja.dbpedia.org/resource/不動川_(神奈川県)>	"不動川 (神奈川県)"@ja	<http://dbpedia.org/ontology/Location>	<http://ja.dbpedia.org/property/水源>	"水源"@ja	<http://ja.wikipedia.org/wiki/不動川_(神奈川県)>	<http://wikidata.dbpedia.org/resource/Q11361611>
<http://ja.dbpedia.org/resource/不動川_(神奈川県)>	"不動川 (神奈川県)"@ja	<http://dbpedia.org/ontology/River>	<http://ja.dbpedia.org/property/水源>	"水源"@ja	<http://ja.wikipedia.org/wiki/不動川_(神奈川県)>	<http://wikidata.dbpedia.org/resource/Q11361611>
<http://ja.dbpedia.org/resource/不動川_(神奈川県)>	"不動川 (神奈川県)"@ja	<http://dbpedia.org/ontology/BodyOfWater>	<http://ja.dbpedia.org/property/水源>	"水源"@ja	<http://ja.wikipedia.org/wiki/不動川_(神奈川県)>	<http://wikidata.dbpedia.org/resource/Q11361611>
<http://ja.dbpedia.org/resource/不動川_(神奈川県)>	"不動川 (神奈川県)"@ja	<http://dbpedia.org/ontology/NaturalPlace>	<http://ja.dbpedia.org/property/水源>	"水源"@ja	<http://ja.wikipedia.org/wiki/不動川_(神奈川県)>	<http://wikidata.dbpedia.org/resource/Q11361611>
<http://ja.dbpedia.org/resource/不動川_(神奈川県)>	"不動川 (神奈川県)"@ja	<http://dbpedia.org/ontology/Stream>	<http://ja.dbpedia.org/property/水源>	"水源"@ja	<http://ja.wikipedia.org/wiki/不動川_(神奈川県)>	<http://wikidata.dbpedia.org/resource/Q11361611>
<http://ja.dbpedia.org/resource/伊勢原市>	"伊勢原市"@ja	<http://dbpedia.org/ontology/Place>	<http://ja.dbpedia.org/property/隣接自治体>	"隣接自治体"@ja	<http://ja.wikipedia.org/wiki/伊勢原市>	<http://wikidata.dbpedia.org/resource/Q734520>
<http://ja.dbpedia.org/resource/伊勢原市>	"伊勢原市"@ja	<http://dbpedia.org/ontology/City>	<http://ja.dbpedia.org/property/隣接自治体>	"隣接自治体"@ja	<http://ja.wikipedia.org/wiki/伊勢原市>	<http://wikidata.dbpedia.org/resource/Q734520>
<http://ja.dbpedia.org/resource/伊勢原市>	"伊勢原市"@ja	<http://dbpedia.org/ontology/Location>	<http://ja.dbpedia.org/property/隣接自治体>	"隣接自治体"@ja	<http://ja.wikipedia.org/wiki/伊勢原市>	<http://wikidata.dbpedia.org/resource/Q734520>
<http://ja.dbpedia.org/resource/伊勢原市>	"伊勢原市"@ja	<http://dbpedia.org/ontology/Settlement>	<http://ja.dbpedia.org/property/隣接自治体>	"隣接自治体"@ja	<http://ja.wikipedia.org/wiki/伊勢原市>	<http://wikidata.dbpedia.org/resource/Q734520>
<http://ja.dbpedia.org/resource/伊勢原市>	"伊勢原市"@ja	<http://dbpedia.org/ontology/PopulatedPlace>	<http://ja.dbpedia.org/property/隣接自治体>	"隣接自治体"@ja	<http://ja.wikipedia.org/wiki/伊勢原市>	<http://wikidata.dbpedia.org/resource/Q734520>
<http://ja.dbpedia.org/resource/南原_(平塚市)>	"南原 (平塚市)"@ja	<http://dbpedia.org/ontology/Place>	<http://ja.dbpedia.org/property/subdivisionName>	"subdivision name"@ja	<http://ja.wikipedia.org/wiki/南原_(平塚市)>	<http://wikidata.dbpedia.org/resource/Q28690092>
<http://ja.dbpedia.org/resource/南原_(平塚市)>	"南原 (平塚市)"@ja	<http://dbpedia.org/ontology/Settlement>	<http://ja.dbpedia.org/property/subdivisionName>	"subdivision name"@ja	<http://ja.wikipedia.org/wiki/南原_(平塚市)>	<http://wikidata.dbpedia.org/resource/Q28690092>
<http://ja.dbpedia.org/resource/南原_(平塚市)>	"南原 (平塚市)"@ja	<http://dbpedia.org/ontology/PopulatedPlace>	<http://ja.dbpedia.org/property/subdivisionName>	"subdivision name"@ja	<http://ja.wikipedia.org/wiki/南原_(平塚市)>	<http://wikidata.dbpedia.org/resource/Q28690092>
<http://ja.dbpedia.org/resource/南原_(平塚市)>	"南原 (平塚市)"@ja	<http://dbpedia.org/ontology/Location>	<http://ja.dbpedia.org/property/subdivisionName>	"subdivision name"@ja	<http://ja.wikipedia.org/wiki/南原_(平塚市)>	<http://wikidata.dbpedia.org/resource/Q28690092>
<http://ja.dbpedia.org/resource/四之宮_(平塚市)>	"四之宮 (平塚市)"@ja	<http://dbpedia.org/ontology/PopulatedPlace>	<http://ja.dbpedia.org/property/subdivisionName>	"subdivision name"@ja	<http://ja.wikipedia.org/wiki/四之宮_(平塚市)>	<http://wikidata.dbpedia.org/resource/Q28688491>
<http://ja.dbpedia.org/resource/四之宮_(平塚市)>	"四之宮 (平塚市)"@ja	<http://dbpedia.org/ontology/Location>	<http://ja.dbpedia.org/property/subdivisionName>	"subdivision name"@ja	<http://ja.wikipedia.org/wiki/四之宮_(平塚市)>	<http://wikidata.dbpedia.org/resource/Q28688491>
<http://ja.dbpedia.org/resource/四之宮_(平塚市)>	"四之宮 (平塚市)"@ja	<http://dbpedia.org/ontology/Place>	<http://ja.dbpedia.org/property/subdivisionName>	"subdivision name"@ja	<http://ja.wikipedia.org/wiki/四之宮_(平塚市)>	<http://wikidata.dbpedia.org/resource/Q28688491>
<http://ja.dbpedia.org/resource/四之宮_(平塚市)>	"四之宮 (平塚市)"@ja	<http://dbpedia.org/ontology/Settlement>	<http://ja.dbpedia.org/property/subdivisionName>	"subdivision name"@ja	<http://ja.wikipedia.org/wiki/四之宮_(平塚市)>	<http://wikidata.dbpedia.org/resource/Q28688491>
<http://ja.dbpedia.org/resource/大原_(平塚市)>	"大原 (平塚市)"@ja	<http://dbpedia.org/ontology/Location>	<http://ja.dbpedia.org/property/subdivisionName>	"subdivision name"@ja	<http://ja.wikipedia.org/wiki/大原_(平塚市)>	<http://wikidata.dbpedia.org/resource/Q24876446>
<http://ja.dbpedia.org/resource/大原_(平塚市)>	"大原 (平塚市)"@ja	<http://dbpedia.org/ontology/PopulatedPlace>	<http://ja.dbpedia.org/property/subdivisionName>	"subdivision name"@ja	<http://ja.wikipedia.org/wiki/大原_(平塚市)>	<http://wikidata.dbpedia.org/resource/Q24876446>
<http://ja.dbpedia.org/resource/大原_(平塚市)>	"大原 (平塚市)"@ja	<http://dbpedia.org/ontology/Settlement>	<http://ja.dbpedia.org/property/subdivisionName>	"subdivision name"@ja	<http://ja.wikipedia.org/wiki/大原_(平塚市)>	<http://wikidata.dbpedia.org/resource/Q24876446>
<http://ja.dbpedia.org/resource/大原_(平塚市)>	"大原 (平塚市)"@ja	<http://dbpedia.org/ontology/Place>	<http://ja.dbpedia.org/property/subdivisionName>	"subdivision name"@ja	<http://ja.wikipedia.org/wiki/大原_(平塚市)>	<http://wikidata.dbpedia.org/resource/Q24876446>
<http://ja.dbpedia.org/resource/大磯町>	"大磯町"@ja	<http://dbpedia.org/ontology/Place>	<http://ja.dbpedia.org/property/隣接自治体>	"隣接自治体"@ja	<http://ja.wikipedia.org/wiki/大磯町>	<http://wikidata.dbpedia.org/resource/Q385023>
<http://ja.dbpedia.org/resource/大磯町>	"大磯町"@ja	<http://dbpedia.org/ontology/City>	<http://ja.dbpedia.org/property/隣接自治体>	"隣接自治体"@ja	<http://ja.wikipedia.org/wiki/大磯町>	<http://wikidata.dbpedia.org/resource/Q385023>
<http://ja.dbpedia.org/resource/大磯町>	"大磯町"@ja	<http://dbpedia.org/ontology/Settlement>	<http://ja.dbpedia.org/property/隣接自治体>	"隣接自治体"@ja	<http://ja.wikipedia.org/wiki/大磯町>	<http://wikidata.dbpedia.org/resource/Q385023>
<http://ja.dbpedia.org/resource/大磯町>	"大磯町"@ja	<http://dbpedia.org/ontology/PopulatedPlace>	<http://ja.dbpedia.org/property/隣接自治体>	"隣接自治体"@ja	<http://ja.wikipedia.org/wiki/大磯町>	<http://wikidata.dbpedia.org/resource/Q385023>
<http://ja.dbpedia.org/resource/大磯町>	"大磯町"@ja	<http://dbpedia.org/ontology/Location>	<http://ja.dbpedia.org/property/隣接自治体>	"隣接自治体"@ja	<http://ja.wikipedia.org/wiki/大磯町>	<http://wikidata.dbpedia.org/resource/Q385023>
<http://ja.dbpedia.org/resource/寒川町>	"寒川町"@ja	<http://dbpedia.org/ontology/City>	<http://ja.dbpedia.org/property/隣接自治体>	"隣接自治体"@ja	<http://ja.wikipedia.org/wiki/寒川町>	<http://wikidata.dbpedia.org/resource/Q1342787>
<http://ja.dbpedia.org/resource/寒川町>	"寒川町"@ja	<http://dbpedia.org/ontology/Place>	<http://ja.dbpedia.org/property/隣接自治体>	"隣接自治体"@ja	<http://ja.wikipedia.org/wiki/寒川町>	<http://wikidata.dbpedia.org/resource/Q1342787>
<http://ja.dbpedia.org/resource/寒川町>	"寒川町"@ja	<http://dbpedia.org/ontology/Location>	<http://ja.dbpedia.org/property/隣接自治体>	"隣接自治体"@ja	<http://ja.wikipedia.org/wiki/寒川町>	<http://wikidata.dbpedia.org/resource/Q1342787>
<http://ja.dbpedia.org/resource/寒川町>	"寒川町"@ja	<http://dbpedia.org/ontology/PopulatedPlace>	<http://ja.dbpedia.org/property/隣接自治体>	"隣接自治体"@ja	<http://ja.wikipedia.org/wiki/寒川町>	<http://wikidata.dbpedia.org/resource/Q1342787>
<http://ja.dbpedia.org/resource/寒川町>	"寒川町"@ja	<http://dbpedia.org/ontology/Settlement>	<http://ja.dbpedia.org/property/隣接自治体>	"隣接自治体"@ja	<http://ja.wikipedia.org/wiki/寒川町>	<http://wikidata.dbpedia.org/resource/Q1342787>
<http://ja.dbpedia.org/resource/小出川>	"小出川"@ja	<http://dbpedia.org/ontology/Location>	<http://ja.dbpedia.org/property/河口>	"河口"@ja	<http://ja.wikipedia.org/wiki/小出川>	<http://wikidata.dbpedia.org/resource/Q11459098>
<http://ja.dbpedia.org/resource/小出川>	"小出川"@ja	<http://dbpedia.org/ontology/Place>	<http://ja.dbpedia.org/property/河口>	"河口"@ja	<http://ja.wikipedia.org/wiki/小出川>	<http://wikidata.dbpedia.org/resource/Q11459098>
<http://ja.dbpedia.org/resource/小出川>	"小出川"@ja	<http://dbpedia.org/ontology/River>	<http://ja.dbpedia.org/property/河口>	"河口"@ja	<http://ja.wikipedia.org/wiki/小出川>	<http://wikidata.dbpedia.org/resource/Q11459098>
<http://ja.dbpedia.org/resource/小出川>	"小出川"@ja	<http://dbpedia.org/ontology/NaturalPlace>	<http://ja.dbpedia.org/property/河口>	"河口"@ja	<http://ja.wikipedia.org/wiki/小出川>	<http://wikidata.dbpedia.org/resource/Q11459098>
<http://ja.dbpedia.org/resource/小出川>	"小出川"@ja	<http://dbpedia.org/ontology/BodyOfWater>	<http://ja.dbpedia.org/property/河口>	"河口"@ja	<http://ja.wikipedia.org/wiki/小出川>	<http://wikidata.dbpedia.org/resource/Q11459098>
<http://ja.dbpedia.org/resource/小出川>	"小出川"@ja	<http://dbpedia.org/ontology/Stream>	<http://ja.dbpedia.org/property/河口>	"河口"@ja	<http://ja.wikipedia.org/wiki/小出川>	<http://wikidata.dbpedia.org/resource/Q11459098>
<http://ja.dbpedia.org/resource/平塚市立大野小学校>	"平塚市立大野小学校"@ja	<http://dbpedia.org/ontology/Organisation>	<http://ja.dbpedia.org/property/設置者>	"設置者"@ja	<http://ja.wikipedia.org/wiki/平塚市立大野小学校>	<http://wikidata.dbpedia.org/resource/Q17223008>
<http://ja.dbpedia.org/resource/平塚市立大野小学校>	"平塚市立大野小学校"@ja	<http://dbpedia.org/ontology/Agent>	<http://ja.dbpedia.org/property/設置者>	"設置者"@ja	<http://ja.wikipedia.org/wiki/平塚市立大野小学校>	<http://wikidata.dbpedia.org/resource/Q17223008>
<http://ja.dbpedia.org/resource/平塚市立大野小学校>	"平塚市立大野小学校"@ja	<http://dbpedia.org/ontology/School>	<http://ja.dbpedia.org/property/設置者>	"設置者"@ja	<http://ja.wikipedia.org/wiki/平塚市立大野小学校>	<http://wikidata.dbpedia.org/resource/Q17223008>
<http://ja.dbpedia.org/resource/平塚市立大野小学校>	"平塚市立大野小学校"@ja	<http://dbpedia.org/ontology/EducationalInstitution>	<http://ja.dbpedia.org/property/設置者>	"設置者"@ja	<http://ja.wikipedia.org/wiki/平塚市立大野小学校>	<http://wikidata.dbpedia.org/resource/Q17223008>
<http://ja.dbpedia.org/resource/平塚市立富士見小学校>	"平塚市立富士見小学校"@ja	<http://dbpedia.org/ontology/EducationalInstitution>	<http://ja.dbpedia.org/property/設置者>	"設置者"@ja	<http://ja.wikipedia.org/wiki/平塚市立富士見小学校>	<http://wikidata.dbpedia.org/resource/Q11482346>
<http://ja.dbpedia.org/resource/平塚市立富士見小学校>	"平塚市立富士見小学校"@ja	<http://dbpedia.org/ontology/School>	<http://ja.dbpedia.org/property/設置者>	"設置者"@ja	<http://ja.wikipedia.org/wiki/平塚市立富士見小学校>	<http://wikidata.dbpedia.org/resource/Q11482346>
<http://ja.dbpedia.org/resource/平塚市立富士見小学校>	"平塚市立富士見小学校"@ja	<http://dbpedia.org/ontology/Organisation>	<http://ja.dbpedia.org/property/設置者>	"設置者"@ja	<http://ja.wikipedia.org/wiki/平塚市立富士見小学校>	<http://wikidata.dbpedia.org/resource/Q11482346>
<http://ja.dbpedia.org/resource/平塚市立富士見小学校>	"平塚市立富士見小学校"@ja	<http://dbpedia.org/ontology/Agent>	<http://ja.dbpedia.org/property/設置者>	"設置者"@ja	<http://ja.wikipedia.org/wiki/平塚市立富士見小学校>	<http://wikidata.dbpedia.org/resource/Q11482346>
<http://ja.dbpedia.org/resource/平塚市立神明中学校>	"平塚市立神明中学校"@ja	<http://dbpedia.org/ontology/School>	<http://ja.dbpedia.org/property/設置者>	"設置者"@ja	<http://ja.wikipedia.org/wiki/平塚市立神明中学校>	<http://wikidata.dbpedia.org/resource/Q18338686>
<http://ja.dbpedia.org/resource/平塚市立神明中学校>	"平塚市立神明中学校"@ja	<http://dbpedia.org/ontology/EducationalInstitution>	<http://ja.dbpedia.org/property/設置者>	"設置者"@ja	<http://ja.wikipedia.org/wiki/平塚市立神明中学校>	<http://wikidata.dbpedia.org/resource/Q18338686>
<http://ja.dbpedia.org/resource/平塚市立神明中学校>	"平塚市立神明中学校"@ja	<http://dbpedia.org/ontology/Agent>	<http://ja.dbpedia.org/property/設置者>	"設置者"@ja	<http://ja.wikipedia.org/wiki/平塚市立神明中学校>	<http://wikidata.dbpedia.org/resource/Q18338686>
<http://ja.dbpedia.org/resource/平塚市立神明中学校>	"平塚市立神明中学校"@ja	<http://dbpedia.org/ontology/Organisation>	<http://ja.dbpedia.org/property/設置者>	"設置者"@ja	<http://ja.wikipedia.org/wiki/平塚市立神明中学校>	<http://wikidata.dbpedia.org/resource/Q18338686>
<http://ja.dbpedia.org/resource/平塚市立神田中学校>	"平塚市立神田中学校"@ja	<http://dbpedia.org/ontology/EducationalInstitution>	<http://ja.dbpedia.org/property/設置者>	"設置者"@ja	<http://ja.wikipedia.org/wiki/平塚市立神田中学校>	<http://wikidata.dbpedia.org/resource/Q11482347>
<http://ja.dbpedia.org/resource/平塚市立神田中学校>	"平塚市立神田中学校"@ja	<http://dbpedia.org/ontology/School>	<http://ja.dbpedia.org/property/設置者>	"設置者"@ja	<http://ja.wikipedia.org/wiki/平塚市立神田中学校>	<http://wikidata.dbpedia.org/resource/Q11482347>
<http://ja.dbpedia.org/resource/平塚市立神田中学校>	"平塚市立神田中学校"@ja	<http://dbpedia.org/ontology/Agent>	<http://ja.dbpedia.org/property/設置者>	"設置者"@ja	<http://ja.wikipedia.org/wiki/平塚市立神田中学校>	<http://wikidata.dbpedia.org/resource/Q11482347>
<http://ja.dbpedia.org/resource/平塚市立神田中学校>	"平塚市立神田中学校"@ja	<http://dbpedia.org/ontology/Organisation>	<http://ja.dbpedia.org/property/設置者>	"設置者"@ja	<http://ja.wikipedia.org/wiki/平塚市立神田中学校>	<http://wikidata.dbpedia.org/resource/Q11482347>
<http://ja.dbpedia.org/resource/平塚市立花水小学校>	"平塚市立花水小学校"@ja	<http://dbpedia.org/ontology/EducationalInstitution>	<http://ja.dbpedia.org/property/設置者>	"設置者"@ja	<http://ja.wikipedia.org/wiki/平塚市立花水小学校>	<http://wikidata.dbpedia.org/resource/Q47512231>
<http://ja.dbpedia.org/resource/平塚市立花水小学校>	"平塚市立花水小学校"@ja	<http://dbpedia.org/ontology/School>	<http://ja.dbpedia.org/property/設置者>	"設置者"@ja	<http://ja.wikipedia.org/wiki/平塚市立花水小学校>	<http://wikidata.dbpedia.org/resource/Q47512231>
<http://ja.dbpedia.org/resource/平塚市立花水小学校>	"平塚市立花水小学校"@ja	<http://dbpedia.org/ontology/Organisation>	<http://ja.dbpedia.org/property/設置者>	"設置者"@ja	<http://ja.wikipedia.org/wiki/平塚市立花水小学校>	<http://wikidata.dbpedia.org/resource/Q47512231>
<http://ja.dbpedia.org/resource/平塚市立花水小学校>	"平塚市立花水小学校"@ja	<http://dbpedia.org/ontology/Agent>	<http://ja.dbpedia.org/property/設置者>	"設置者"@ja	<http://ja.wikipedia.org/wiki/平塚市立花水小学校>	<http://wikidata.dbpedia.org/resource/Q47512231>
<http://ja.dbpedia.org/resource/平塚市立豊田小学校>	"平塚市立豊田小学校"@ja	<http://dbpedia.org/ontology/Organisation>	<http://ja.dbpedia.org/property/設置者>	"設置者"@ja	<http://ja.wikipedia.org/wiki/平塚市立豊田小学校>	<http://wikidata.dbpedia.org/resource/Q22119699>
<http://ja.dbpedia.org/resource/平塚市立豊田小学校>	"平塚市立豊田小学校"@ja	<http://dbpedia.org/ontology/Agent>	<http://ja.dbpedia.org/property/設置者>	"設置者"@ja	<http://ja.wikipedia.org/wiki/平塚市立豊田小学校>	<http://wikidata.dbpedia.org/resource/Q22119699>
<http://ja.dbpedia.org/resource/平塚市立豊田小学校>	"平塚市立豊田小学校"@ja	<http://dbpedia.org/ontology/EducationalInstitution>	<http://ja.dbpedia.org/property/設置者>	"設置者"@ja	<http://ja.wikipedia.org/wiki/平塚市立豊田小学校>	<http://wikidata.dbpedia.org/resource/Q22119699>
<http://ja.dbpedia.org/resource/平塚市立豊田小学校>	"平塚市立豊田小学校"@ja	<http://dbpedia.org/ontology/School>	<http://ja.dbpedia.org/property/設置者>	"設置者"@ja	<http://ja.wikipedia.org/wiki/平塚市立豊田小学校>	<http://wikidata.dbpedia.org/resource/Q22119699>
<http://ja.dbpedia.org/resource/御殿_(平塚市)>	"御殿 (平塚市)"@ja	<http://dbpedia.org/ontology/Location>	<http://ja.dbpedia.org/property/subdivisionName>	"subdivision name"@ja	<http://ja.wikipedia.org/wiki/御殿_(平塚市)>	<http://wikidata.dbpedia.org/resource/Q28690504>
<http://ja.dbpedia.org/resource/御殿_(平塚市)>	"御殿 (平塚市)"@ja	<http://dbpedia.org/ontology/PopulatedPlace>	<http://ja.dbpedia.org/property/subdivisionName>	"subdivision name"@ja	<http://ja.wikipedia.org/wiki/御殿_(平塚市)>	<http://wikidata.dbpedia.org/resource/Q28690504>
<http://ja.dbpedia.org/resource/御殿_(平塚市)>	"御殿 (平塚市)"@ja	<http://dbpedia.org/ontology/Settlement>	<http://ja.dbpedia.org/property/subdivisionName>	"subdivision name"@ja	<http://ja.wikipedia.org/wiki/御殿_(平塚市)>	<http://wikidata.dbpedia.org/resource/Q28690504>
<http://ja.dbpedia.org/resource/御殿_(平塚市)>	"御殿 (平塚市)"@ja	<http://dbpedia.org/ontology/Place>	<http://ja.dbpedia.org/property/subdivisionName>	"subdivision name"@ja	<http://ja.wikipedia.org/wiki/御殿_(平塚市)>	<http://wikidata.dbpedia.org/resource/Q28690504>
<http://ja.dbpedia.org/resource/旧横浜ゴム平塚製造所記念館>	"旧横浜ゴム平塚製造所記念館"@ja	<http://dbpedia.org/ontology/Building>	<http://ja.dbpedia.org/property/管理運営>	"管理運営"@ja	<http://ja.wikipedia.org/wiki/旧横浜ゴム平塚製造所記念館>	<http://wikidata.dbpedia.org/resource/Q11511076>
<http://ja.dbpedia.org/resource/旧横浜ゴム平塚製造所記念館>	"旧横浜ゴム平塚製造所記念館"@ja	<http://dbpedia.org/ontology/ArchitecturalStructure>	<http://ja.dbpedia.org/property/管理運営>	"管理運営"@ja	<http://ja.wikipedia.org/wiki/旧横浜ゴム平塚製造所記念館>	<http://wikidata.dbpedia.org/resource/Q11511076>
<http://ja.dbpedia.org/resource/東中原_(平塚市)>	"東中原 (平塚市)"@ja	<http://dbpedia.org/ontology/PopulatedPlace>	<http://ja.dbpedia.org/property/subdivisionName>	"subdivision name"@ja	<http://ja.wikipedia.org/wiki/東中原_(平塚市)>	<http://wikidata.dbpedia.org/resource/Q28689801>
<http://ja.dbpedia.org/resource/東中原_(平塚市)>	"東中原 (平塚市)"@ja	<http://dbpedia.org/ontology/Location>	<http://ja.dbpedia.org/property/subdivisionName>	"subdivision name"@ja	<http://ja.wikipedia.org/wiki/東中原_(平塚市)>	<http://wikidata.dbpedia.org/resource/Q28689801>
<http://ja.dbpedia.org/resource/東中原_(平塚市)>	"東中原 (平塚市)"@ja	<http://dbpedia.org/ontology/Settlement>	<http://ja.dbpedia.org/property/subdivisionName>	"subdivision name"@ja	<http://ja.wikipedia.org/wiki/東中原_(平塚市)>	<http://wikidata.dbpedia.org/resource/Q28689801>
<http://ja.dbpedia.org/resource/東中原_(平塚市)>	"東中原 (平塚市)"@ja	<http://dbpedia.org/ontology/Place>	<http://ja.dbpedia.org/property/subdivisionName>	"subdivision name"@ja	<http://ja.wikipedia.org/wiki/東中原_(平塚市)>	<http://wikidata.dbpedia.org/resource/Q28689801>
<http://ja.dbpedia.org/resource/東八幡_(平塚市)>	"東八幡 (平塚市)"@ja	<http://dbpedia.org/ontology/Place>	<http://ja.dbpedia.org/property/subdivisionName>	"subdivision name"@ja	<http://ja.wikipedia.org/wiki/東八幡_(平塚市)>	<http://wikidata.dbpedia.org/resource/Q24876471>
<http://ja.dbpedia.org/resource/東八幡_(平塚市)>	"東八幡 (平塚市)"@ja	<http://dbpedia.org/ontology/Settlement>	<http://ja.dbpedia.org/property/subdivisionName>	"subdivision name"@ja	<http://ja.wikipedia.org/wiki/東八幡_(平塚市)>	<http://wikidata.dbpedia.org/resource/Q24876471>
<http://ja.dbpedia.org/resource/東八幡_(平塚市)>	"東八幡 (平塚市)"@ja	<http://dbpedia.org/ontology/PopulatedPlace>	<http://ja.dbpedia.org/property/subdivisionName>	"subdivision name"@ja	<http://ja.wikipedia.org/wiki/東八幡_(平塚市)>	<http://wikidata.dbpedia.org/resource/Q24876471>
<http://ja.dbpedia.org/resource/東八幡_(平塚市)>	"東八幡 (平塚市)"@ja	<http://dbpedia.org/ontology/Location>	<http://ja.dbpedia.org/property/subdivisionName>	"subdivision name"@ja	<http://ja.wikipedia.org/wiki/東八幡_(平塚市)>	<http://wikidata.dbpedia.org/resource/Q24876471>
<http://ja.dbpedia.org/resource/東真土>	"東真土"@ja	<http://dbpedia.org/ontology/Settlement>	<http://ja.dbpedia.org/property/subdivisionName>	"subdivision name"@ja	<http://ja.wikipedia.org/wiki/東真土>	<http://wikidata.dbpedia.org/resource/Q28689733>
<http://ja.dbpedia.org/resource/東真土>	"東真土"@ja	<http://dbpedia.org/ontology/Place>	<http://ja.dbpedia.org/property/subdivisionName>	"subdivision name"@ja	<http://ja.wikipedia.org/wiki/東真土>	<http://wikidata.dbpedia.org/resource/Q28689733>
<http://ja.dbpedia.org/resource/東真土>	"東真土"@ja	<http://dbpedia.org/ontology/Location>	<http://ja.dbpedia.org/property/subdivisionName>	"subdivision name"@ja	<http://ja.wikipedia.org/wiki/東真土>	<http://wikidata.dbpedia.org/resource/Q28689733>
<http://ja.dbpedia.org/resource/東真土>	"東真土"@ja	<http://dbpedia.org/ontology/PopulatedPlace>	<http://ja.dbpedia.org/property/subdivisionName>	"subdivision name"@ja	<http://ja.wikipedia.org/wiki/東真土>	<http://wikidata.dbpedia.org/resource/Q28689733>
<http://ja.dbpedia.org/resource/森正明>	"森正明"@ja	<http://dbpedia.org/ontology/SoccerPlayer>	<http://ja.dbpedia.org/property/選挙区>	"選挙区"@ja	<http://ja.wikipedia.org/wiki/森正明>	<http://wikidata.dbpedia.org/resource/Q2398084>
<http://ja.dbpedia.org/resource/森正明>	"森正明"@ja	<http://dbpedia.org/ontology/Eukaryote>	<http://ja.dbpedia.org/property/選挙区>	"選挙区"@ja	<http://ja.wikipedia.org/wiki/森正明>	<http://wikidata.dbpedia.org/resource/Q2398084>
<http://ja.dbpedia.org/resource/森正明>	"森正明"@ja	<http://dbpedia.org/ontology/Animal>	<http://ja.dbpedia.org/property/選挙区>	"選挙区"@ja	<http://ja.wikipedia.org/wiki/森正明>	<http://wikidata.dbpedia.org/resource/Q2398084>
<http://ja.dbpedia.org/resource/森正明>	"森正明"@ja	<http://dbpedia.org/ontology/Athlete>	<http://ja.dbpedia.org/property/選挙区>	"選挙区"@ja	<http://ja.wikipedia.org/wiki/森正明>	<http://wikidata.dbpedia.org/resource/Q2398084>
<http://ja.dbpedia.org/resource/森正明>	"森正明"@ja	<http://dbpedia.org/ontology/Species>	<http://ja.dbpedia.org/property/選挙区>	"選挙区"@ja	<http://ja.wikipedia.org/wiki/森正明>	<http://wikidata.dbpedia.org/resource/Q2398084>
<http://ja.dbpedia.org/resource/森正明>	"森正明"@ja	<http://dbpedia.org/ontology/Person>	<http://ja.dbpedia.org/property/選挙区>	"選挙区"@ja	<http://ja.wikipedia.org/wiki/森正明>	<http://wikidata.dbpedia.org/resource/Q2398084>
<http://ja.dbpedia.org/resource/湘南ケーブルネットワーク>	"湘南ケーブルネットワーク"@ja	<http://dbpedia.org/ontology/Agent>	<http://ja.dbpedia.org/property/主要株主>	"主要株主"@ja	<http://ja.wikipedia.org/wiki/湘南ケーブルネットワーク>	<http://wikidata.dbpedia.org/resource/Q11563283>
<http://ja.dbpedia.org/resource/湘南ケーブルネットワーク>	"湘南ケーブルネットワーク"@ja	<http://dbpedia.org/ontology/Organisation>	<http://ja.dbpedia.org/property/主要株主>	"主要株主"@ja	<http://ja.wikipedia.org/wiki/湘南ケーブルネットワーク>	<http://wikidata.dbpedia.org/resource/Q11563283>
<http://ja.dbpedia.org/resource/湘南ケーブルネットワーク>	"湘南ケーブルネットワーク"@ja	<http://dbpedia.org/ontology/Company>	<http://ja.dbpedia.org/property/主要株主>	"主要株主"@ja	<http://ja.wikipedia.org/wiki/湘南ケーブルネットワーク>	<http://wikidata.dbpedia.org/resource/Q11563283>
<http://ja.dbpedia.org/resource/湘南平>	"湘南平"@ja	<http://dbpedia.org/ontology/Park>	<http://ja.dbpedia.org/property/都市>	"都市"@ja	<http://ja.wikipedia.org/wiki/湘南平>	<http://wikidata.dbpedia.org/resource/Q10395095>
<http://ja.dbpedia.org/resource/湘南平>	"湘南平"@ja	<http://dbpedia.org/ontology/Location>	<http://ja.dbpedia.org/property/都市>	"都市"@ja	<http://ja.wikipedia.org/wiki/湘南平>	<http://wikidata.dbpedia.org/resource/Q10395095>
<http://ja.dbpedia.org/resource/湘南平>	"湘南平"@ja	<http://dbpedia.org/ontology/Place>	<http://ja.dbpedia.org/property/都市>	"都市"@ja	<http://ja.wikipedia.org/wiki/湘南平>	<http://wikidata.dbpedia.org/resource/Q10395095>
<http://ja.dbpedia.org/resource/湘南平塚コミュニティ放送>	"湘南平塚コミュニティ放送"@ja	<http://dbpedia.org/ontology/Agent>	<http://ja.dbpedia.org/property/自治体名>	"自治体名"@ja	<http://ja.wikipedia.org/wiki/湘南平塚コミュニティ放送>	<http://wikidata.dbpedia.org/resource/Q11563332>
<http://ja.dbpedia.org/resource/湘南平塚コミュニティ放送>	"湘南平塚コミュニティ放送"@ja	<http://dbpedia.org/ontology/Organisation>	<http://ja.dbpedia.org/property/自治体名>	"自治体名"@ja	<http://ja.wikipedia.org/wiki/湘南平塚コミュニティ放送>	<http://wikidata.dbpedia.org/resource/Q11563332>
<http://ja.dbpedia.org/resource/湘南平塚コミュニティ放送>	"湘南平塚コミュニティ放送"@ja	<http://dbpedia.org/ontology/Company>	<http://ja.dbpedia.org/property/可聴範囲>	"可聴範囲"@ja	<http://ja.wikipedia.org/wiki/湘南平塚コミュニティ放送>	<http://wikidata.dbpedia.org/resource/Q11563332>
<http://ja.dbpedia.org/resource/湘南平塚コミュニティ放送>	"湘南平塚コミュニティ放送"@ja	<http://dbpedia.org/ontology/Agent>	<http://ja.dbpedia.org/property/可聴範囲>	"可聴範囲"@ja	<http://ja.wikipedia.org/wiki/湘南平塚コミュニティ放送>	<http://wikidata.dbpedia.org/resource/Q11563332>
<http://ja.dbpedia.org/resource/湘南平塚コミュニティ放送>	"湘南平塚コミュニティ放送"@ja	<http://dbpedia.org/ontology/Organisation>	<http://ja.dbpedia.org/property/可聴範囲>	"可聴範囲"@ja	<http://ja.wikipedia.org/wiki/湘南平塚コミュニティ放送>	<http://wikidata.dbpedia.org/resource/Q11563332>
<http://ja.dbpedia.org/resource/湘南平塚コミュニティ放送>	"湘南平塚コミュニティ放送"@ja	<http://dbpedia.org/ontology/Company>	<http://ja.dbpedia.org/property/自治体名>	"自治体名"@ja	<http://ja.wikipedia.org/wiki/湘南平塚コミュニティ放送>	<http://wikidata.dbpedia.org/resource/Q11563332>
<http://ja.dbpedia.org/resource/神奈川県道44号伊勢原藤沢線>	"神奈川県道44号伊勢原藤沢線"@ja	<http://dbpedia.org/ontology/RouteOfTransportation>	<http://ja.dbpedia.org/property/主な経由都市>	"主な経由都市"@ja	<http://ja.wikipedia.org/wiki/神奈川県道44号伊勢原藤沢線>	<http://wikidata.dbpedia.org/resource/Q11589296>
<http://ja.dbpedia.org/resource/神奈川県道44号伊勢原藤沢線>	"神奈川県道44号伊勢原藤沢線"@ja	<http://dbpedia.org/ontology/Infrastructure>	<http://ja.dbpedia.org/property/主な経由都市>	"主な経由都市"@ja	<http://ja.wikipedia.org/wiki/神奈川県道44号伊勢原藤沢線>	<http://wikidata.dbpedia.org/resource/Q11589296>
<http://ja.dbpedia.org/resource/神奈川県道44号伊勢原藤沢線>	"神奈川県道44号伊勢原藤沢線"@ja	<http://dbpedia.org/ontology/Road>	<http://ja.dbpedia.org/property/主な経由都市>	"主な経由都市"@ja	<http://ja.wikipedia.org/wiki/神奈川県道44号伊勢原藤沢線>	<http://wikidata.dbpedia.org/resource/Q11589296>
<http://ja.dbpedia.org/resource/神奈川県道44号伊勢原藤沢線>	"神奈川県道44号伊勢原藤沢線"@ja	<http://dbpedia.org/ontology/ArchitecturalStructure>	<http://ja.dbpedia.org/property/主な経由都市>	"主な経由都市"@ja	<http://ja.wikipedia.org/wiki/神奈川県道44号伊勢原藤沢線>	<http://wikidata.dbpedia.org/resource/Q11589296>
<http://ja.dbpedia.org/resource/西八幡_(平塚市)>	"西八幡 (平塚市)"@ja	<http://dbpedia.org/ontology/Location>	<http://ja.dbpedia.org/property/subdivisionName>	"subdivision name"@ja	<http://ja.wikipedia.org/wiki/西八幡_(平塚市)>	<http://wikidata.dbpedia.org/resource/Q24876448>
<http://ja.dbpedia.org/resource/西八幡_(平塚市)>	"西八幡 (平塚市)"@ja	<http://dbpedia.org/ontology/PopulatedPlace>	<http://ja.dbpedia.org/property/subdivisionName>	"subdivision name"@ja	<http://ja.wikipedia.org/wiki/西八幡_(平塚市)>	<http://wikidata.dbpedia.org/resource/Q24876448>
<http://ja.dbpedia.org/resource/西八幡_(平塚市)>	"西八幡 (平塚市)"@ja	<http://dbpedia.org/ontology/Settlement>	<http://ja.dbpedia.org/property/subdivisionName>	"subdivision name"@ja	<http://ja.wikipedia.org/wiki/西八幡_(平塚市)>	<http://wikidata.dbpedia.org/resource/Q24876448>
<http://ja.dbpedia.org/resource/西八幡_(平塚市)>	"西八幡 (平塚市)"@ja	<http://dbpedia.org/ontology/Place>	<http://ja.dbpedia.org/property/subdivisionName>	"subdivision name"@ja	<http://ja.wikipedia.org/wiki/西八幡_(平塚市)>	<http://wikidata.dbpedia.org/resource/Q24876448>
<http://ja.dbpedia.org/resource/西真土>	"西真土"@ja	<http://dbpedia.org/ontology/Location>	<http://ja.dbpedia.org/property/subdivisionName>	"subdivision name"@ja	<http://ja.wikipedia.org/wiki/西真土>	<http://wikidata.dbpedia.org/resource/Q28688844>
<http://ja.dbpedia.org/resource/西真土>	"西真土"@ja	<http://dbpedia.org/ontology/PopulatedPlace>	<http://ja.dbpedia.org/property/subdivisionName>	"subdivision name"@ja	<http://ja.wikipedia.org/wiki/西真土>	<http://wikidata.dbpedia.org/resource/Q28688844>
<http://ja.dbpedia.org/resource/西真土>	"西真土"@ja	<http://dbpedia.org/ontology/Settlement>	<http://ja.dbpedia.org/property/subdivisionName>	"subdivision name"@ja	<http://ja.wikipedia.org/wiki/西真土>	<http://wikidata.dbpedia.org/resource/Q28688844>
<http://ja.dbpedia.org/resource/西真土>	"西真土"@ja	<http://dbpedia.org/ontology/Place>	<http://ja.dbpedia.org/property/subdivisionName>	"subdivision name"@ja	<http://ja.wikipedia.org/wiki/西真土>	<http://wikidata.dbpedia.org/resource/Q28688844>
<http://ja.dbpedia.org/resource/纒_(平塚市)>	"纒 (平塚市)"@ja	<http://dbpedia.org/ontology/Location>	<http://ja.dbpedia.org/property/subdivisionName>	"subdivision name"@ja	<http://ja.wikipedia.org/wiki/纒_(平塚市)>	
<http://ja.dbpedia.org/resource/纒_(平塚市)>	"纒 (平塚市)"@ja	<http://dbpedia.org/ontology/Place>	<http://ja.dbpedia.org/property/subdivisionName>	"subdivision name"@ja	<http://ja.wikipedia.org/wiki/纒_(平塚市)>	
<http://ja.dbpedia.org/resource/纒_(平塚市)>	"纒 (平塚市)"@ja	<http://dbpedia.org/ontology/PopulatedPlace>	<http://ja.dbpedia.org/property/subdivisionName>	"subdivision name"@ja	<http://ja.wikipedia.org/wiki/纒_(平塚市)>	
<http://ja.dbpedia.org/resource/纒_(平塚市)>	"纒 (平塚市)"@ja	<http://dbpedia.org/ontology/Settlement>	<http://ja.dbpedia.org/property/subdivisionName>	"subdivision name"@ja	<http://ja.wikipedia.org/wiki/纒_(平塚市)>	
<http://ja.dbpedia.org/resource/長持_(平塚市)>	"長持 (平塚市)"@ja	<http://dbpedia.org/ontology/Location>	<http://ja.dbpedia.org/property/subdivisionName>	"subdivision name"@ja	<http://ja.wikipedia.org/wiki/長持_(平塚市)>	
<http://ja.dbpedia.org/resource/長持_(平塚市)>	"長持 (平塚市)"@ja	<http://dbpedia.org/ontology/Place>	<http://ja.dbpedia.org/property/subdivisionName>	"subdivision name"@ja	<http://ja.wikipedia.org/wiki/長持_(平塚市)>	
<http://ja.dbpedia.org/resource/長持_(平塚市)>	"長持 (平塚市)"@ja	<http://dbpedia.org/ontology/PopulatedPlace>	<http://ja.dbpedia.org/property/subdivisionName>	"subdivision name"@ja	<http://ja.wikipedia.org/wiki/長持_(平塚市)>	
<http://ja.dbpedia.org/resource/長持_(平塚市)>	"長持 (平塚市)"@ja	<http://dbpedia.org/ontology/Settlement>	<http://ja.dbpedia.org/property/subdivisionName>	"subdivision name"@ja	<http://ja.wikipedia.org/wiki/長持_(平塚市)>	
