?s	?sLabel	?type	?p	?pLabel	?jwiki	?wd
<http://ja.dbpedia.org/resource/入谷_(座間市)>	"入谷 (座間市)"@ja	<http://dbpedia.org/ontology/Place>	<http://ja.dbpedia.org/property/subdivisionName>	"subdivision name"@ja	<http://ja.wikipedia.org/wiki/入谷_(座間市)>	<http://wikidata.dbpedia.org/resource/Q55522019>
<http://ja.dbpedia.org/resource/入谷_(座間市)>	"入谷 (座間市)"@ja	<http://dbpedia.org/ontology/Settlement>	<http://ja.dbpedia.org/property/subdivisionName>	"subdivision name"@ja	<http://ja.wikipedia.org/wiki/入谷_(座間市)>	<http://wikidata.dbpedia.org/resource/Q55522019>
<http://ja.dbpedia.org/resource/入谷_(座間市)>	"入谷 (座間市)"@ja	<http://dbpedia.org/ontology/Location>	<http://ja.dbpedia.org/property/subdivisionName>	"subdivision name"@ja	<http://ja.wikipedia.org/wiki/入谷_(座間市)>	<http://wikidata.dbpedia.org/resource/Q55522019>
<http://ja.dbpedia.org/resource/入谷_(座間市)>	"入谷 (座間市)"@ja	<http://dbpedia.org/ontology/PopulatedPlace>	<http://ja.dbpedia.org/property/subdivisionName>	"subdivision name"@ja	<http://ja.wikipedia.org/wiki/入谷_(座間市)>	<http://wikidata.dbpedia.org/resource/Q55522019>
<http://ja.dbpedia.org/resource/入谷東>	"入谷東"@ja	<http://dbpedia.org/ontology/Place>	<http://ja.dbpedia.org/property/subdivisionName>	"subdivision name"@ja	<http://ja.wikipedia.org/wiki/入谷東>	<http://wikidata.dbpedia.org/resource/Q97495839>
<http://ja.dbpedia.org/resource/入谷東>	"入谷東"@ja	<http://dbpedia.org/ontology/Settlement>	<http://ja.dbpedia.org/property/subdivisionName>	"subdivision name"@ja	<http://ja.wikipedia.org/wiki/入谷東>	<http://wikidata.dbpedia.org/resource/Q97495839>
<http://ja.dbpedia.org/resource/入谷東>	"入谷東"@ja	<http://dbpedia.org/ontology/Location>	<http://ja.dbpedia.org/property/subdivisionName>	"subdivision name"@ja	<http://ja.wikipedia.org/wiki/入谷東>	<http://wikidata.dbpedia.org/resource/Q97495839>
<http://ja.dbpedia.org/resource/入谷東>	"入谷東"@ja	<http://dbpedia.org/ontology/PopulatedPlace>	<http://ja.dbpedia.org/property/subdivisionName>	"subdivision name"@ja	<http://ja.wikipedia.org/wiki/入谷東>	<http://wikidata.dbpedia.org/resource/Q97495839>
<http://ja.dbpedia.org/resource/入谷西>	"入谷西"@ja	<http://dbpedia.org/ontology/Place>	<http://ja.dbpedia.org/property/subdivisionName>	"subdivision name"@ja	<http://ja.wikipedia.org/wiki/入谷西>	<http://wikidata.dbpedia.org/resource/Q97495852>
<http://ja.dbpedia.org/resource/入谷西>	"入谷西"@ja	<http://dbpedia.org/ontology/Place>	<http://ja.dbpedia.org/property/northwest>	"Northwest"@ja	<http://ja.wikipedia.org/wiki/入谷西>	<http://wikidata.dbpedia.org/resource/Q97495852>
<http://ja.dbpedia.org/resource/入谷西>	"入谷西"@ja	<http://dbpedia.org/ontology/Place>	<http://ja.dbpedia.org/property/southwest>	"Southwest"@ja	<http://ja.wikipedia.org/wiki/入谷西>	<http://wikidata.dbpedia.org/resource/Q97495852>
<http://ja.dbpedia.org/resource/入谷西>	"入谷西"@ja	<http://dbpedia.org/ontology/Settlement>	<http://ja.dbpedia.org/property/northwest>	"Northwest"@ja	<http://ja.wikipedia.org/wiki/入谷西>	<http://wikidata.dbpedia.org/resource/Q97495852>
<http://ja.dbpedia.org/resource/入谷西>	"入谷西"@ja	<http://dbpedia.org/ontology/Settlement>	<http://ja.dbpedia.org/property/southwest>	"Southwest"@ja	<http://ja.wikipedia.org/wiki/入谷西>	<http://wikidata.dbpedia.org/resource/Q97495852>
<http://ja.dbpedia.org/resource/入谷西>	"入谷西"@ja	<http://dbpedia.org/ontology/Settlement>	<http://ja.dbpedia.org/property/subdivisionName>	"subdivision name"@ja	<http://ja.wikipedia.org/wiki/入谷西>	<http://wikidata.dbpedia.org/resource/Q97495852>
<http://ja.dbpedia.org/resource/入谷西>	"入谷西"@ja	<http://dbpedia.org/ontology/Location>	<http://ja.dbpedia.org/property/southwest>	"Southwest"@ja	<http://ja.wikipedia.org/wiki/入谷西>	<http://wikidata.dbpedia.org/resource/Q97495852>
<http://ja.dbpedia.org/resource/入谷西>	"入谷西"@ja	<http://dbpedia.org/ontology/PopulatedPlace>	<http://ja.dbpedia.org/property/subdivisionName>	"subdivision name"@ja	<http://ja.wikipedia.org/wiki/入谷西>	<http://wikidata.dbpedia.org/resource/Q97495852>
<http://ja.dbpedia.org/resource/入谷西>	"入谷西"@ja	<http://dbpedia.org/ontology/PopulatedPlace>	<http://ja.dbpedia.org/property/southwest>	"Southwest"@ja	<http://ja.wikipedia.org/wiki/入谷西>	<http://wikidata.dbpedia.org/resource/Q97495852>
<http://ja.dbpedia.org/resource/入谷西>	"入谷西"@ja	<http://dbpedia.org/ontology/PopulatedPlace>	<http://ja.dbpedia.org/property/northwest>	"Northwest"@ja	<http://ja.wikipedia.org/wiki/入谷西>	<http://wikidata.dbpedia.org/resource/Q97495852>
<http://ja.dbpedia.org/resource/入谷西>	"入谷西"@ja	<http://dbpedia.org/ontology/Location>	<http://ja.dbpedia.org/property/northwest>	"Northwest"@ja	<http://ja.wikipedia.org/wiki/入谷西>	<http://wikidata.dbpedia.org/resource/Q97495852>
<http://ja.dbpedia.org/resource/入谷西>	"入谷西"@ja	<http://dbpedia.org/ontology/Location>	<http://ja.dbpedia.org/property/subdivisionName>	"subdivision name"@ja	<http://ja.wikipedia.org/wiki/入谷西>	<http://wikidata.dbpedia.org/resource/Q97495852>
<http://ja.dbpedia.org/resource/大和厚木バイパス>	"大和厚木バイパス"@ja	<http://dbpedia.org/ontology/ArchitecturalStructure>	<http://ja.dbpedia.org/property/主な経由都市>	"主な経由都市"@ja	<http://ja.wikipedia.org/wiki/大和厚木バイパス>	<http://wikidata.dbpedia.org/resource/Q11433420>
<http://ja.dbpedia.org/resource/大和厚木バイパス>	"大和厚木バイパス"@ja	<http://dbpedia.org/ontology/Road>	<http://ja.dbpedia.org/property/主な経由都市>	"主な経由都市"@ja	<http://ja.wikipedia.org/wiki/大和厚木バイパス>	<http://wikidata.dbpedia.org/resource/Q11433420>
<http://ja.dbpedia.org/resource/大和厚木バイパス>	"大和厚木バイパス"@ja	<http://dbpedia.org/ontology/Infrastructure>	<http://ja.dbpedia.org/property/主な経由都市>	"主な経由都市"@ja	<http://ja.wikipedia.org/wiki/大和厚木バイパス>	<http://wikidata.dbpedia.org/resource/Q11433420>
<http://ja.dbpedia.org/resource/大和厚木バイパス>	"大和厚木バイパス"@ja	<http://dbpedia.org/ontology/RouteOfTransportation>	<http://ja.dbpedia.org/property/主な経由都市>	"主な経由都市"@ja	<http://ja.wikipedia.org/wiki/大和厚木バイパス>	<http://wikidata.dbpedia.org/resource/Q11433420>
<http://ja.dbpedia.org/resource/大和市>	"大和市"@ja	<http://dbpedia.org/ontology/PopulatedPlace>	<http://ja.dbpedia.org/property/northwest>	"Northwest"@ja	<http://ja.wikipedia.org/wiki/大和市>	<http://wikidata.dbpedia.org/resource/Q386697>
<http://ja.dbpedia.org/resource/大和市>	"大和市"@ja	<http://dbpedia.org/ontology/City>	<http://ja.dbpedia.org/property/隣接自治体>	"隣接自治体"@ja	<http://ja.wikipedia.org/wiki/大和市>	<http://wikidata.dbpedia.org/resource/Q386697>
<http://ja.dbpedia.org/resource/大和市>	"大和市"@ja	<http://dbpedia.org/ontology/Place>	<http://ja.dbpedia.org/property/隣接自治体>	"隣接自治体"@ja	<http://ja.wikipedia.org/wiki/大和市>	<http://wikidata.dbpedia.org/resource/Q386697>
<http://ja.dbpedia.org/resource/大和市>	"大和市"@ja	<http://dbpedia.org/ontology/Settlement>	<http://ja.dbpedia.org/property/northwest>	"Northwest"@ja	<http://ja.wikipedia.org/wiki/大和市>	<http://wikidata.dbpedia.org/resource/Q386697>
<http://ja.dbpedia.org/resource/大和市>	"大和市"@ja	<http://dbpedia.org/ontology/Location>	<http://ja.dbpedia.org/property/northwest>	"Northwest"@ja	<http://ja.wikipedia.org/wiki/大和市>	<http://wikidata.dbpedia.org/resource/Q386697>
<http://ja.dbpedia.org/resource/大和市>	"大和市"@ja	<http://dbpedia.org/ontology/Location>	<http://ja.dbpedia.org/property/隣接自治体>	"隣接自治体"@ja	<http://ja.wikipedia.org/wiki/大和市>	<http://wikidata.dbpedia.org/resource/Q386697>
<http://ja.dbpedia.org/resource/大和市>	"大和市"@ja	<http://dbpedia.org/ontology/Place>	<http://ja.dbpedia.org/property/northwest>	"Northwest"@ja	<http://ja.wikipedia.org/wiki/大和市>	<http://wikidata.dbpedia.org/resource/Q386697>
<http://ja.dbpedia.org/resource/大和市>	"大和市"@ja	<http://dbpedia.org/ontology/PopulatedPlace>	<http://ja.dbpedia.org/property/隣接自治体>	"隣接自治体"@ja	<http://ja.wikipedia.org/wiki/大和市>	<http://wikidata.dbpedia.org/resource/Q386697>
<http://ja.dbpedia.org/resource/大和市>	"大和市"@ja	<http://dbpedia.org/ontology/City>	<http://ja.dbpedia.org/property/northwest>	"Northwest"@ja	<http://ja.wikipedia.org/wiki/大和市>	<http://wikidata.dbpedia.org/resource/Q386697>
<http://ja.dbpedia.org/resource/大和市>	"大和市"@ja	<http://dbpedia.org/ontology/Settlement>	<http://ja.dbpedia.org/property/隣接自治体>	"隣接自治体"@ja	<http://ja.wikipedia.org/wiki/大和市>	<http://wikidata.dbpedia.org/resource/Q386697>
<http://ja.dbpedia.org/resource/座間市立ひばりが丘小学校>	"座間市立ひばりが丘小学校"@ja	<http://dbpedia.org/ontology/Agent>	<http://ja.dbpedia.org/property/設置者>	"設置者"@ja	<http://ja.wikipedia.org/wiki/座間市立ひばりが丘小学校>	<http://wikidata.dbpedia.org/resource/Q87267608>
<http://ja.dbpedia.org/resource/座間市立ひばりが丘小学校>	"座間市立ひばりが丘小学校"@ja	<http://dbpedia.org/ontology/Organisation>	<http://ja.dbpedia.org/property/設置者>	"設置者"@ja	<http://ja.wikipedia.org/wiki/座間市立ひばりが丘小学校>	<http://wikidata.dbpedia.org/resource/Q87267608>
<http://ja.dbpedia.org/resource/座間市立ひばりが丘小学校>	"座間市立ひばりが丘小学校"@ja	<http://dbpedia.org/ontology/School>	<http://ja.dbpedia.org/property/設置者>	"設置者"@ja	<http://ja.wikipedia.org/wiki/座間市立ひばりが丘小学校>	<http://wikidata.dbpedia.org/resource/Q87267608>
<http://ja.dbpedia.org/resource/座間市立ひばりが丘小学校>	"座間市立ひばりが丘小学校"@ja	<http://dbpedia.org/ontology/EducationalInstitution>	<http://ja.dbpedia.org/property/設置者>	"設置者"@ja	<http://ja.wikipedia.org/wiki/座間市立ひばりが丘小学校>	<http://wikidata.dbpedia.org/resource/Q87267608>
<http://ja.dbpedia.org/resource/座間市立中原小学校>	"座間市立中原小学校"@ja	<http://dbpedia.org/ontology/Agent>	<http://ja.dbpedia.org/property/設置者>	"設置者"@ja	<http://ja.wikipedia.org/wiki/座間市立中原小学校>	<http://wikidata.dbpedia.org/resource/Q87267619>
<http://ja.dbpedia.org/resource/座間市立中原小学校>	"座間市立中原小学校"@ja	<http://dbpedia.org/ontology/Organisation>	<http://ja.dbpedia.org/property/設置者>	"設置者"@ja	<http://ja.wikipedia.org/wiki/座間市立中原小学校>	<http://wikidata.dbpedia.org/resource/Q87267619>
<http://ja.dbpedia.org/resource/座間市立中原小学校>	"座間市立中原小学校"@ja	<http://dbpedia.org/ontology/School>	<http://ja.dbpedia.org/property/設置者>	"設置者"@ja	<http://ja.wikipedia.org/wiki/座間市立中原小学校>	<http://wikidata.dbpedia.org/resource/Q87267619>
<http://ja.dbpedia.org/resource/座間市立中原小学校>	"座間市立中原小学校"@ja	<http://dbpedia.org/ontology/EducationalInstitution>	<http://ja.dbpedia.org/property/設置者>	"設置者"@ja	<http://ja.wikipedia.org/wiki/座間市立中原小学校>	<http://wikidata.dbpedia.org/resource/Q87267619>
<http://ja.dbpedia.org/resource/座間市立入谷小学校>	"座間市立入谷小学校"@ja	<http://dbpedia.org/ontology/Organisation>	<http://ja.dbpedia.org/property/設置者>	"設置者"@ja	<http://ja.wikipedia.org/wiki/座間市立入谷小学校>	<http://wikidata.dbpedia.org/resource/Q87267616>
<http://ja.dbpedia.org/resource/座間市立入谷小学校>	"座間市立入谷小学校"@ja	<http://dbpedia.org/ontology/Agent>	<http://ja.dbpedia.org/property/設置者>	"設置者"@ja	<http://ja.wikipedia.org/wiki/座間市立入谷小学校>	<http://wikidata.dbpedia.org/resource/Q87267616>
<http://ja.dbpedia.org/resource/座間市立入谷小学校>	"座間市立入谷小学校"@ja	<http://dbpedia.org/ontology/EducationalInstitution>	<http://ja.dbpedia.org/property/設置者>	"設置者"@ja	<http://ja.wikipedia.org/wiki/座間市立入谷小学校>	<http://wikidata.dbpedia.org/resource/Q87267616>
<http://ja.dbpedia.org/resource/座間市立入谷小学校>	"座間市立入谷小学校"@ja	<http://dbpedia.org/ontology/School>	<http://ja.dbpedia.org/property/設置者>	"設置者"@ja	<http://ja.wikipedia.org/wiki/座間市立入谷小学校>	<http://wikidata.dbpedia.org/resource/Q87267616>
<http://ja.dbpedia.org/resource/座間市立南中学校>	"座間市立南中学校"@ja	<http://dbpedia.org/ontology/Agent>	<http://ja.dbpedia.org/property/設置者>	"設置者"@ja	<http://ja.wikipedia.org/wiki/座間市立南中学校>	<http://wikidata.dbpedia.org/resource/Q87319516>
<http://ja.dbpedia.org/resource/座間市立南中学校>	"座間市立南中学校"@ja	<http://dbpedia.org/ontology/Organisation>	<http://ja.dbpedia.org/property/設置者>	"設置者"@ja	<http://ja.wikipedia.org/wiki/座間市立南中学校>	<http://wikidata.dbpedia.org/resource/Q87319516>
<http://ja.dbpedia.org/resource/座間市立南中学校>	"座間市立南中学校"@ja	<http://dbpedia.org/ontology/School>	<http://ja.dbpedia.org/property/設置者>	"設置者"@ja	<http://ja.wikipedia.org/wiki/座間市立南中学校>	<http://wikidata.dbpedia.org/resource/Q87319516>
<http://ja.dbpedia.org/resource/座間市立南中学校>	"座間市立南中学校"@ja	<http://dbpedia.org/ontology/EducationalInstitution>	<http://ja.dbpedia.org/property/設置者>	"設置者"@ja	<http://ja.wikipedia.org/wiki/座間市立南中学校>	<http://wikidata.dbpedia.org/resource/Q87319516>
<http://ja.dbpedia.org/resource/座間市立座間中学校>	"座間市立座間中学校"@ja	<http://dbpedia.org/ontology/Organisation>	<http://ja.dbpedia.org/property/設置者>	"設置者"@ja	<http://ja.wikipedia.org/wiki/座間市立座間中学校>	<http://wikidata.dbpedia.org/resource/Q11486163>
<http://ja.dbpedia.org/resource/座間市立座間中学校>	"座間市立座間中学校"@ja	<http://dbpedia.org/ontology/Agent>	<http://ja.dbpedia.org/property/設置者>	"設置者"@ja	<http://ja.wikipedia.org/wiki/座間市立座間中学校>	<http://wikidata.dbpedia.org/resource/Q11486163>
<http://ja.dbpedia.org/resource/座間市立座間中学校>	"座間市立座間中学校"@ja	<http://dbpedia.org/ontology/School>	<http://ja.dbpedia.org/property/設置者>	"設置者"@ja	<http://ja.wikipedia.org/wiki/座間市立座間中学校>	<http://wikidata.dbpedia.org/resource/Q11486163>
<http://ja.dbpedia.org/resource/座間市立座間中学校>	"座間市立座間中学校"@ja	<http://dbpedia.org/ontology/EducationalInstitution>	<http://ja.dbpedia.org/property/設置者>	"設置者"@ja	<http://ja.wikipedia.org/wiki/座間市立座間中学校>	<http://wikidata.dbpedia.org/resource/Q11486163>
<http://ja.dbpedia.org/resource/座間市立座間小学校>	"座間市立座間小学校"@ja	<http://dbpedia.org/ontology/Organisation>	<http://ja.dbpedia.org/property/設置者>	"設置者"@ja	<http://ja.wikipedia.org/wiki/座間市立座間小学校>	<http://wikidata.dbpedia.org/resource/Q87267601>
<http://ja.dbpedia.org/resource/座間市立座間小学校>	"座間市立座間小学校"@ja	<http://dbpedia.org/ontology/Agent>	<http://ja.dbpedia.org/property/設置者>	"設置者"@ja	<http://ja.wikipedia.org/wiki/座間市立座間小学校>	<http://wikidata.dbpedia.org/resource/Q87267601>
<http://ja.dbpedia.org/resource/座間市立座間小学校>	"座間市立座間小学校"@ja	<http://dbpedia.org/ontology/EducationalInstitution>	<http://ja.dbpedia.org/property/設置者>	"設置者"@ja	<http://ja.wikipedia.org/wiki/座間市立座間小学校>	<http://wikidata.dbpedia.org/resource/Q87267601>
<http://ja.dbpedia.org/resource/座間市立座間小学校>	"座間市立座間小学校"@ja	<http://dbpedia.org/ontology/School>	<http://ja.dbpedia.org/property/設置者>	"設置者"@ja	<http://ja.wikipedia.org/wiki/座間市立座間小学校>	<http://wikidata.dbpedia.org/resource/Q87267601>
<http://ja.dbpedia.org/resource/座間市立東中学校>	"座間市立東中学校"@ja	<http://dbpedia.org/ontology/Agent>	<http://ja.dbpedia.org/property/設置者>	"設置者"@ja	<http://ja.wikipedia.org/wiki/座間市立東中学校>	<http://wikidata.dbpedia.org/resource/Q87319514>
<http://ja.dbpedia.org/resource/座間市立東中学校>	"座間市立東中学校"@ja	<http://dbpedia.org/ontology/Organisation>	<http://ja.dbpedia.org/property/設置者>	"設置者"@ja	<http://ja.wikipedia.org/wiki/座間市立東中学校>	<http://wikidata.dbpedia.org/resource/Q87319514>
<http://ja.dbpedia.org/resource/座間市立東中学校>	"座間市立東中学校"@ja	<http://dbpedia.org/ontology/School>	<http://ja.dbpedia.org/property/設置者>	"設置者"@ja	<http://ja.wikipedia.org/wiki/座間市立東中学校>	<http://wikidata.dbpedia.org/resource/Q87319514>
<http://ja.dbpedia.org/resource/座間市立東中学校>	"座間市立東中学校"@ja	<http://dbpedia.org/ontology/EducationalInstitution>	<http://ja.dbpedia.org/property/設置者>	"設置者"@ja	<http://ja.wikipedia.org/wiki/座間市立東中学校>	<http://wikidata.dbpedia.org/resource/Q87319514>
<http://ja.dbpedia.org/resource/座間市立東原小学校>	"座間市立東原小学校"@ja	<http://dbpedia.org/ontology/EducationalInstitution>	<http://ja.dbpedia.org/property/設置者>	"設置者"@ja	<http://ja.wikipedia.org/wiki/座間市立東原小学校>	<http://wikidata.dbpedia.org/resource/Q87267611>
<http://ja.dbpedia.org/resource/座間市立東原小学校>	"座間市立東原小学校"@ja	<http://dbpedia.org/ontology/School>	<http://ja.dbpedia.org/property/設置者>	"設置者"@ja	<http://ja.wikipedia.org/wiki/座間市立東原小学校>	<http://wikidata.dbpedia.org/resource/Q87267611>
<http://ja.dbpedia.org/resource/座間市立東原小学校>	"座間市立東原小学校"@ja	<http://dbpedia.org/ontology/Agent>	<http://ja.dbpedia.org/property/設置者>	"設置者"@ja	<http://ja.wikipedia.org/wiki/座間市立東原小学校>	<http://wikidata.dbpedia.org/resource/Q87267611>
<http://ja.dbpedia.org/resource/座間市立東原小学校>	"座間市立東原小学校"@ja	<http://dbpedia.org/ontology/Organisation>	<http://ja.dbpedia.org/property/設置者>	"設置者"@ja	<http://ja.wikipedia.org/wiki/座間市立東原小学校>	<http://wikidata.dbpedia.org/resource/Q87267611>
<http://ja.dbpedia.org/resource/座間市立栗原中学校>	"座間市立栗原中学校"@ja	<http://dbpedia.org/ontology/Agent>	<http://ja.dbpedia.org/property/設置者>	"設置者"@ja	<http://ja.wikipedia.org/wiki/座間市立栗原中学校>	<http://wikidata.dbpedia.org/resource/Q17215826>
<http://ja.dbpedia.org/resource/座間市立栗原中学校>	"座間市立栗原中学校"@ja	<http://dbpedia.org/ontology/Organisation>	<http://ja.dbpedia.org/property/設置者>	"設置者"@ja	<http://ja.wikipedia.org/wiki/座間市立栗原中学校>	<http://wikidata.dbpedia.org/resource/Q17215826>
<http://ja.dbpedia.org/resource/座間市立栗原中学校>	"座間市立栗原中学校"@ja	<http://dbpedia.org/ontology/School>	<http://ja.dbpedia.org/property/設置者>	"設置者"@ja	<http://ja.wikipedia.org/wiki/座間市立栗原中学校>	<http://wikidata.dbpedia.org/resource/Q17215826>
<http://ja.dbpedia.org/resource/座間市立栗原中学校>	"座間市立栗原中学校"@ja	<http://dbpedia.org/ontology/EducationalInstitution>	<http://ja.dbpedia.org/property/設置者>	"設置者"@ja	<http://ja.wikipedia.org/wiki/座間市立栗原中学校>	<http://wikidata.dbpedia.org/resource/Q17215826>
<http://ja.dbpedia.org/resource/座間市立栗原小学校>	"座間市立栗原小学校"@ja	<http://dbpedia.org/ontology/Agent>	<http://ja.dbpedia.org/property/設置者>	"設置者"@ja	<http://ja.wikipedia.org/wiki/座間市立栗原小学校>	<http://wikidata.dbpedia.org/resource/Q87267604>
<http://ja.dbpedia.org/resource/座間市立栗原小学校>	"座間市立栗原小学校"@ja	<http://dbpedia.org/ontology/Organisation>	<http://ja.dbpedia.org/property/設置者>	"設置者"@ja	<http://ja.wikipedia.org/wiki/座間市立栗原小学校>	<http://wikidata.dbpedia.org/resource/Q87267604>
<http://ja.dbpedia.org/resource/座間市立栗原小学校>	"座間市立栗原小学校"@ja	<http://dbpedia.org/ontology/School>	<http://ja.dbpedia.org/property/設置者>	"設置者"@ja	<http://ja.wikipedia.org/wiki/座間市立栗原小学校>	<http://wikidata.dbpedia.org/resource/Q87267604>
<http://ja.dbpedia.org/resource/座間市立栗原小学校>	"座間市立栗原小学校"@ja	<http://dbpedia.org/ontology/EducationalInstitution>	<http://ja.dbpedia.org/property/設置者>	"設置者"@ja	<http://ja.wikipedia.org/wiki/座間市立栗原小学校>	<http://wikidata.dbpedia.org/resource/Q87267604>
<http://ja.dbpedia.org/resource/座間市立相模が丘小学校>	"座間市立相模が丘小学校"@ja	<http://dbpedia.org/ontology/Organisation>	<http://ja.dbpedia.org/property/設置者>	"設置者"@ja	<http://ja.wikipedia.org/wiki/座間市立相模が丘小学校>	<http://wikidata.dbpedia.org/resource/Q17228604>
<http://ja.dbpedia.org/resource/座間市立相模が丘小学校>	"座間市立相模が丘小学校"@ja	<http://dbpedia.org/ontology/Agent>	<http://ja.dbpedia.org/property/設置者>	"設置者"@ja	<http://ja.wikipedia.org/wiki/座間市立相模が丘小学校>	<http://wikidata.dbpedia.org/resource/Q17228604>
<http://ja.dbpedia.org/resource/座間市立相模が丘小学校>	"座間市立相模が丘小学校"@ja	<http://dbpedia.org/ontology/EducationalInstitution>	<http://ja.dbpedia.org/property/設置者>	"設置者"@ja	<http://ja.wikipedia.org/wiki/座間市立相模が丘小学校>	<http://wikidata.dbpedia.org/resource/Q17228604>
<http://ja.dbpedia.org/resource/座間市立相模が丘小学校>	"座間市立相模が丘小学校"@ja	<http://dbpedia.org/ontology/School>	<http://ja.dbpedia.org/property/設置者>	"設置者"@ja	<http://ja.wikipedia.org/wiki/座間市立相模が丘小学校>	<http://wikidata.dbpedia.org/resource/Q17228604>
<http://ja.dbpedia.org/resource/座間市立相模中学校>	"座間市立相模中学校"@ja	<http://dbpedia.org/ontology/Agent>	<http://ja.dbpedia.org/property/設置者>	"設置者"@ja	<http://ja.wikipedia.org/wiki/座間市立相模中学校>	<http://wikidata.dbpedia.org/resource/Q17224862>
<http://ja.dbpedia.org/resource/座間市立相模中学校>	"座間市立相模中学校"@ja	<http://dbpedia.org/ontology/Organisation>	<http://ja.dbpedia.org/property/設置者>	"設置者"@ja	<http://ja.wikipedia.org/wiki/座間市立相模中学校>	<http://wikidata.dbpedia.org/resource/Q17224862>
<http://ja.dbpedia.org/resource/座間市立相模中学校>	"座間市立相模中学校"@ja	<http://dbpedia.org/ontology/School>	<http://ja.dbpedia.org/property/設置者>	"設置者"@ja	<http://ja.wikipedia.org/wiki/座間市立相模中学校>	<http://wikidata.dbpedia.org/resource/Q17224862>
<http://ja.dbpedia.org/resource/座間市立相模中学校>	"座間市立相模中学校"@ja	<http://dbpedia.org/ontology/EducationalInstitution>	<http://ja.dbpedia.org/property/設置者>	"設置者"@ja	<http://ja.wikipedia.org/wiki/座間市立相模中学校>	<http://wikidata.dbpedia.org/resource/Q17224862>
<http://ja.dbpedia.org/resource/座間市立相模野小学校>	"座間市立相模野小学校"@ja	<http://dbpedia.org/ontology/Organisation>	<http://ja.dbpedia.org/property/設置者>	"設置者"@ja	<http://ja.wikipedia.org/wiki/座間市立相模野小学校>	<http://wikidata.dbpedia.org/resource/Q87267607>
<http://ja.dbpedia.org/resource/座間市立相模野小学校>	"座間市立相模野小学校"@ja	<http://dbpedia.org/ontology/Agent>	<http://ja.dbpedia.org/property/設置者>	"設置者"@ja	<http://ja.wikipedia.org/wiki/座間市立相模野小学校>	<http://wikidata.dbpedia.org/resource/Q87267607>
<http://ja.dbpedia.org/resource/座間市立相模野小学校>	"座間市立相模野小学校"@ja	<http://dbpedia.org/ontology/School>	<http://ja.dbpedia.org/property/設置者>	"設置者"@ja	<http://ja.wikipedia.org/wiki/座間市立相模野小学校>	<http://wikidata.dbpedia.org/resource/Q87267607>
<http://ja.dbpedia.org/resource/座間市立相模野小学校>	"座間市立相模野小学校"@ja	<http://dbpedia.org/ontology/EducationalInstitution>	<http://ja.dbpedia.org/property/設置者>	"設置者"@ja	<http://ja.wikipedia.org/wiki/座間市立相模野小学校>	<http://wikidata.dbpedia.org/resource/Q87267607>
<http://ja.dbpedia.org/resource/座間市立相武台東小学校>	"座間市立相武台東小学校"@ja	<http://dbpedia.org/ontology/Organisation>	<http://ja.dbpedia.org/property/設置者>	"設置者"@ja	<http://ja.wikipedia.org/wiki/座間市立相武台東小学校>	<http://wikidata.dbpedia.org/resource/Q11486165>
<http://ja.dbpedia.org/resource/座間市立相武台東小学校>	"座間市立相武台東小学校"@ja	<http://dbpedia.org/ontology/Agent>	<http://ja.dbpedia.org/property/設置者>	"設置者"@ja	<http://ja.wikipedia.org/wiki/座間市立相武台東小学校>	<http://wikidata.dbpedia.org/resource/Q11486165>
<http://ja.dbpedia.org/resource/座間市立相武台東小学校>	"座間市立相武台東小学校"@ja	<http://dbpedia.org/ontology/EducationalInstitution>	<http://ja.dbpedia.org/property/設置者>	"設置者"@ja	<http://ja.wikipedia.org/wiki/座間市立相武台東小学校>	<http://wikidata.dbpedia.org/resource/Q11486165>
<http://ja.dbpedia.org/resource/座間市立相武台東小学校>	"座間市立相武台東小学校"@ja	<http://dbpedia.org/ontology/School>	<http://ja.dbpedia.org/property/設置者>	"設置者"@ja	<http://ja.wikipedia.org/wiki/座間市立相武台東小学校>	<http://wikidata.dbpedia.org/resource/Q11486165>
<http://ja.dbpedia.org/resource/座間市立立野台小学校>	"座間市立立野台小学校"@ja	<http://dbpedia.org/ontology/Agent>	<http://ja.dbpedia.org/property/設置者>	"設置者"@ja	<http://ja.wikipedia.org/wiki/座間市立立野台小学校>	<http://wikidata.dbpedia.org/resource/Q87267614>
<http://ja.dbpedia.org/resource/座間市立立野台小学校>	"座間市立立野台小学校"@ja	<http://dbpedia.org/ontology/Organisation>	<http://ja.dbpedia.org/property/設置者>	"設置者"@ja	<http://ja.wikipedia.org/wiki/座間市立立野台小学校>	<http://wikidata.dbpedia.org/resource/Q87267614>
<http://ja.dbpedia.org/resource/座間市立立野台小学校>	"座間市立立野台小学校"@ja	<http://dbpedia.org/ontology/School>	<http://ja.dbpedia.org/property/設置者>	"設置者"@ja	<http://ja.wikipedia.org/wiki/座間市立立野台小学校>	<http://wikidata.dbpedia.org/resource/Q87267614>
<http://ja.dbpedia.org/resource/座間市立立野台小学校>	"座間市立立野台小学校"@ja	<http://dbpedia.org/ontology/EducationalInstitution>	<http://ja.dbpedia.org/property/設置者>	"設置者"@ja	<http://ja.wikipedia.org/wiki/座間市立立野台小学校>	<http://wikidata.dbpedia.org/resource/Q87267614>
<http://ja.dbpedia.org/resource/座間市立西中学校>	"座間市立西中学校"@ja	<http://dbpedia.org/ontology/Agent>	<http://ja.dbpedia.org/property/設置者>	"設置者"@ja	<http://ja.wikipedia.org/wiki/座間市立西中学校>	<http://wikidata.dbpedia.org/resource/Q87319512>
<http://ja.dbpedia.org/resource/座間市立西中学校>	"座間市立西中学校"@ja	<http://dbpedia.org/ontology/Organisation>	<http://ja.dbpedia.org/property/設置者>	"設置者"@ja	<http://ja.wikipedia.org/wiki/座間市立西中学校>	<http://wikidata.dbpedia.org/resource/Q87319512>
<http://ja.dbpedia.org/resource/座間市立西中学校>	"座間市立西中学校"@ja	<http://dbpedia.org/ontology/School>	<http://ja.dbpedia.org/property/設置者>	"設置者"@ja	<http://ja.wikipedia.org/wiki/座間市立西中学校>	<http://wikidata.dbpedia.org/resource/Q87319512>
<http://ja.dbpedia.org/resource/座間市立西中学校>	"座間市立西中学校"@ja	<http://dbpedia.org/ontology/EducationalInstitution>	<http://ja.dbpedia.org/property/設置者>	"設置者"@ja	<http://ja.wikipedia.org/wiki/座間市立西中学校>	<http://wikidata.dbpedia.org/resource/Q87319512>
<http://ja.dbpedia.org/resource/海老名市>	"海老名市"@ja	<http://dbpedia.org/ontology/PopulatedPlace>	<http://ja.dbpedia.org/property/north>	"North"@ja	<http://ja.wikipedia.org/wiki/海老名市>	<http://wikidata.dbpedia.org/resource/Q734390>
<http://ja.dbpedia.org/resource/海老名市>	"海老名市"@ja	<http://dbpedia.org/ontology/Settlement>	<http://ja.dbpedia.org/property/north>	"North"@ja	<http://ja.wikipedia.org/wiki/海老名市>	<http://wikidata.dbpedia.org/resource/Q734390>
<http://ja.dbpedia.org/resource/海老名市>	"海老名市"@ja	<http://dbpedia.org/ontology/Location>	<http://ja.dbpedia.org/property/north>	"North"@ja	<http://ja.wikipedia.org/wiki/海老名市>	<http://wikidata.dbpedia.org/resource/Q734390>
<http://ja.dbpedia.org/resource/海老名市>	"海老名市"@ja	<http://dbpedia.org/ontology/Place>	<http://ja.dbpedia.org/property/north>	"North"@ja	<http://ja.wikipedia.org/wiki/海老名市>	<http://wikidata.dbpedia.org/resource/Q734390>
<http://ja.dbpedia.org/resource/海老名市>	"海老名市"@ja	<http://dbpedia.org/ontology/City>	<http://ja.dbpedia.org/property/north>	"North"@ja	<http://ja.wikipedia.org/wiki/海老名市>	<http://wikidata.dbpedia.org/resource/Q734390>
<http://ja.dbpedia.org/resource/田名>	"田名"@ja	<http://dbpedia.org/ontology/Place>	<http://ja.dbpedia.org/property/廃止詳細>	"廃止詳細"@ja	<http://ja.wikipedia.org/wiki/田名>	<http://wikidata.dbpedia.org/resource/Q11576406>
<http://ja.dbpedia.org/resource/田名>	"田名"@ja	<http://dbpedia.org/ontology/Settlement>	<http://ja.dbpedia.org/property/廃止詳細>	"廃止詳細"@ja	<http://ja.wikipedia.org/wiki/田名>	<http://wikidata.dbpedia.org/resource/Q11576406>
<http://ja.dbpedia.org/resource/田名>	"田名"@ja	<http://dbpedia.org/ontology/Location>	<http://ja.dbpedia.org/property/廃止詳細>	"廃止詳細"@ja	<http://ja.wikipedia.org/wiki/田名>	<http://wikidata.dbpedia.org/resource/Q11576406>
<http://ja.dbpedia.org/resource/田名>	"田名"@ja	<http://dbpedia.org/ontology/PopulatedPlace>	<http://ja.dbpedia.org/property/廃止詳細>	"廃止詳細"@ja	<http://ja.wikipedia.org/wiki/田名>	<http://wikidata.dbpedia.org/resource/Q11576406>
<http://ja.dbpedia.org/resource/相模原市>	"相模原市"@ja	<http://dbpedia.org/ontology/Place>	<http://ja.dbpedia.org/property/隣接自治体>	"隣接自治体"@ja	<http://ja.wikipedia.org/wiki/相模原市>	<http://wikidata.dbpedia.org/resource/Q209779>
<http://ja.dbpedia.org/resource/相模原市>	"相模原市"@ja	<http://dbpedia.org/ontology/City>	<http://ja.dbpedia.org/property/隣接自治体>	"隣接自治体"@ja	<http://ja.wikipedia.org/wiki/相模原市>	<http://wikidata.dbpedia.org/resource/Q209779>
<http://ja.dbpedia.org/resource/相模原市>	"相模原市"@ja	<http://dbpedia.org/ontology/Location>	<http://ja.dbpedia.org/property/隣接自治体>	"隣接自治体"@ja	<http://ja.wikipedia.org/wiki/相模原市>	<http://wikidata.dbpedia.org/resource/Q209779>
<http://ja.dbpedia.org/resource/相模原市>	"相模原市"@ja	<http://dbpedia.org/ontology/PopulatedPlace>	<http://ja.dbpedia.org/property/隣接自治体>	"隣接自治体"@ja	<http://ja.wikipedia.org/wiki/相模原市>	<http://wikidata.dbpedia.org/resource/Q209779>
<http://ja.dbpedia.org/resource/相模原市>	"相模原市"@ja	<http://dbpedia.org/ontology/Settlement>	<http://ja.dbpedia.org/property/隣接自治体>	"隣接自治体"@ja	<http://ja.wikipedia.org/wiki/相模原市>	<http://wikidata.dbpedia.org/resource/Q209779>
<http://ja.dbpedia.org/resource/相武台>	"相武台"@ja	<http://dbpedia.org/ontology/Location>	<http://ja.dbpedia.org/property/subdivisionName>	"subdivision name"@ja	<http://ja.wikipedia.org/wiki/相武台>	<http://wikidata.dbpedia.org/resource/Q11582188>
<http://ja.dbpedia.org/resource/相武台>	"相武台"@ja	<http://dbpedia.org/ontology/PopulatedPlace>	<http://ja.dbpedia.org/property/subdivisionName>	"subdivision name"@ja	<http://ja.wikipedia.org/wiki/相武台>	<http://wikidata.dbpedia.org/resource/Q11582188>
<http://ja.dbpedia.org/resource/相武台>	"相武台"@ja	<http://dbpedia.org/ontology/Settlement>	<http://ja.dbpedia.org/property/subdivisionName>	"subdivision name"@ja	<http://ja.wikipedia.org/wiki/相武台>	<http://wikidata.dbpedia.org/resource/Q11582188>
<http://ja.dbpedia.org/resource/相武台>	"相武台"@ja	<http://dbpedia.org/ontology/Place>	<http://ja.dbpedia.org/property/subdivisionName>	"subdivision name"@ja	<http://ja.wikipedia.org/wiki/相武台>	<http://wikidata.dbpedia.org/resource/Q11582188>
<http://ja.dbpedia.org/resource/神奈川県道42号藤沢座間厚木線>	"神奈川県道42号藤沢座間厚木線"@ja	<http://dbpedia.org/ontology/RouteOfTransportation>	<http://ja.dbpedia.org/property/主な経由都市>	"主な経由都市"@ja	<http://ja.wikipedia.org/wiki/神奈川県道42号藤沢座間厚木線>	<http://wikidata.dbpedia.org/resource/Q11589292>
<http://ja.dbpedia.org/resource/神奈川県道42号藤沢座間厚木線>	"神奈川県道42号藤沢座間厚木線"@ja	<http://dbpedia.org/ontology/Infrastructure>	<http://ja.dbpedia.org/property/主な経由都市>	"主な経由都市"@ja	<http://ja.wikipedia.org/wiki/神奈川県道42号藤沢座間厚木線>	<http://wikidata.dbpedia.org/resource/Q11589292>
<http://ja.dbpedia.org/resource/神奈川県道42号藤沢座間厚木線>	"神奈川県道42号藤沢座間厚木線"@ja	<http://dbpedia.org/ontology/Road>	<http://ja.dbpedia.org/property/主な経由都市>	"主な経由都市"@ja	<http://ja.wikipedia.org/wiki/神奈川県道42号藤沢座間厚木線>	<http://wikidata.dbpedia.org/resource/Q11589292>
<http://ja.dbpedia.org/resource/神奈川県道42号藤沢座間厚木線>	"神奈川県道42号藤沢座間厚木線"@ja	<http://dbpedia.org/ontology/ArchitecturalStructure>	<http://ja.dbpedia.org/property/主な経由都市>	"主な経由都市"@ja	<http://ja.wikipedia.org/wiki/神奈川県道42号藤沢座間厚木線>	<http://wikidata.dbpedia.org/resource/Q11589292>
<http://ja.dbpedia.org/resource/緑ケ丘_(座間市)>	"緑ケ丘 (座間市)"@ja	<http://dbpedia.org/ontology/PopulatedPlace>	<http://ja.dbpedia.org/property/subdivisionName>	"subdivision name"@ja	<http://ja.wikipedia.org/wiki/緑ケ丘_(座間市)>	<http://wikidata.dbpedia.org/resource/Q55522018>
<http://ja.dbpedia.org/resource/緑ケ丘_(座間市)>	"緑ケ丘 (座間市)"@ja	<http://dbpedia.org/ontology/Location>	<http://ja.dbpedia.org/property/subdivisionName>	"subdivision name"@ja	<http://ja.wikipedia.org/wiki/緑ケ丘_(座間市)>	<http://wikidata.dbpedia.org/resource/Q55522018>
<http://ja.dbpedia.org/resource/緑ケ丘_(座間市)>	"緑ケ丘 (座間市)"@ja	<http://dbpedia.org/ontology/Settlement>	<http://ja.dbpedia.org/property/subdivisionName>	"subdivision name"@ja	<http://ja.wikipedia.org/wiki/緑ケ丘_(座間市)>	<http://wikidata.dbpedia.org/resource/Q55522018>
<http://ja.dbpedia.org/resource/緑ケ丘_(座間市)>	"緑ケ丘 (座間市)"@ja	<http://dbpedia.org/ontology/Place>	<http://ja.dbpedia.org/property/subdivisionName>	"subdivision name"@ja	<http://ja.wikipedia.org/wiki/緑ケ丘_(座間市)>	<http://wikidata.dbpedia.org/resource/Q55522018>
