?s	?sLabel	?type	?p	?pLabel	?jwiki	?wd
<http://ja.dbpedia.org/resource/厚真町>	"厚真町"@ja	<http://dbpedia.org/ontology/City>	<http://ja.dbpedia.org/property/north>	"North"@ja	<http://ja.wikipedia.org/wiki/厚真町>	<http://wikidata.dbpedia.org/resource/Q1354230>
<http://ja.dbpedia.org/resource/厚真町>	"厚真町"@ja	<http://dbpedia.org/ontology/Settlement>	<http://ja.dbpedia.org/property/north>	"North"@ja	<http://ja.wikipedia.org/wiki/厚真町>	<http://wikidata.dbpedia.org/resource/Q1354230>
<http://ja.dbpedia.org/resource/厚真町>	"厚真町"@ja	<http://dbpedia.org/ontology/Place>	<http://ja.dbpedia.org/property/north>	"North"@ja	<http://ja.wikipedia.org/wiki/厚真町>	<http://wikidata.dbpedia.org/resource/Q1354230>
<http://ja.dbpedia.org/resource/厚真町>	"厚真町"@ja	<http://dbpedia.org/ontology/PopulatedPlace>	<http://ja.dbpedia.org/property/north>	"North"@ja	<http://ja.wikipedia.org/wiki/厚真町>	<http://wikidata.dbpedia.org/resource/Q1354230>
<http://ja.dbpedia.org/resource/厚真町>	"厚真町"@ja	<http://dbpedia.org/ontology/Location>	<http://ja.dbpedia.org/property/north>	"North"@ja	<http://ja.wikipedia.org/wiki/厚真町>	<http://wikidata.dbpedia.org/resource/Q1354230>
