?s	?sLabel	?type	?p	?pLabel	?jwiki	?wd
<http://ja.dbpedia.org/resource/ガッチャンコバラエティ>	"ガッチャンコバラエティ"@ja	<http://dbpedia.org/ontology/Work>	<http://ja.dbpedia.org/property/title>	"title"@ja	<http://ja.wikipedia.org/wiki/ガッチャンコバラエティ>	<http://wikidata.dbpedia.org/resource/Q24874375>
<http://ja.dbpedia.org/resource/ガッチャンコバラエティ>	"ガッチャンコバラエティ"@ja	<http://dbpedia.org/ontology/TelevisionShow>	<http://ja.dbpedia.org/property/title>	"title"@ja	<http://ja.wikipedia.org/wiki/ガッチャンコバラエティ>	<http://wikidata.dbpedia.org/resource/Q24874375>
<http://ja.dbpedia.org/resource/北広島市>	"北広島市"@ja	<http://dbpedia.org/ontology/Settlement>	<http://ja.dbpedia.org/property/east>	"East"@ja	<http://ja.wikipedia.org/wiki/北広島市>	<http://wikidata.dbpedia.org/resource/Q817278>
<http://ja.dbpedia.org/resource/北広島市>	"北広島市"@ja	<http://dbpedia.org/ontology/Place>	<http://ja.dbpedia.org/property/east>	"East"@ja	<http://ja.wikipedia.org/wiki/北広島市>	<http://wikidata.dbpedia.org/resource/Q817278>
<http://ja.dbpedia.org/resource/北広島市>	"北広島市"@ja	<http://dbpedia.org/ontology/City>	<http://ja.dbpedia.org/property/east>	"East"@ja	<http://ja.wikipedia.org/wiki/北広島市>	<http://wikidata.dbpedia.org/resource/Q817278>
<http://ja.dbpedia.org/resource/北広島市>	"北広島市"@ja	<http://dbpedia.org/ontology/PopulatedPlace>	<http://ja.dbpedia.org/property/east>	"East"@ja	<http://ja.wikipedia.org/wiki/北広島市>	<http://wikidata.dbpedia.org/resource/Q817278>
<http://ja.dbpedia.org/resource/北広島市>	"北広島市"@ja	<http://dbpedia.org/ontology/Location>	<http://ja.dbpedia.org/property/east>	"East"@ja	<http://ja.wikipedia.org/wiki/北広島市>	<http://wikidata.dbpedia.org/resource/Q817278>
<http://ja.dbpedia.org/resource/長沼町営バス>	"長沼町営バス"@ja	<http://dbpedia.org/ontology/ArchitecturalStructure>	<http://ja.dbpedia.org/property/管理運営>	"管理運営"@ja	<http://ja.wikipedia.org/wiki/長沼町営バス>	<http://wikidata.dbpedia.org/resource/Q11653222>
<http://ja.dbpedia.org/resource/長沼町営バス>	"長沼町営バス"@ja	<http://dbpedia.org/ontology/Building>	<http://ja.dbpedia.org/property/管理運営>	"管理運営"@ja	<http://ja.wikipedia.org/wiki/長沼町営バス>	<http://wikidata.dbpedia.org/resource/Q11653222>
<http://ja.dbpedia.org/resource/長沼町立長沼小学校>	"長沼町立長沼小学校"@ja	<http://dbpedia.org/ontology/School>	<http://ja.dbpedia.org/property/設置者>	"設置者"@ja	<http://ja.wikipedia.org/wiki/長沼町立長沼小学校>	<http://wikidata.dbpedia.org/resource/Q108732503>
<http://ja.dbpedia.org/resource/長沼町立長沼小学校>	"長沼町立長沼小学校"@ja	<http://dbpedia.org/ontology/Organisation>	<http://ja.dbpedia.org/property/設置者>	"設置者"@ja	<http://ja.wikipedia.org/wiki/長沼町立長沼小学校>	<http://wikidata.dbpedia.org/resource/Q108732503>
<http://ja.dbpedia.org/resource/長沼町立長沼小学校>	"長沼町立長沼小学校"@ja	<http://dbpedia.org/ontology/EducationalInstitution>	<http://ja.dbpedia.org/property/設置者>	"設置者"@ja	<http://ja.wikipedia.org/wiki/長沼町立長沼小学校>	<http://wikidata.dbpedia.org/resource/Q108732503>
<http://ja.dbpedia.org/resource/長沼町立長沼小学校>	"長沼町立長沼小学校"@ja	<http://dbpedia.org/ontology/Agent>	<http://ja.dbpedia.org/property/設置者>	"設置者"@ja	<http://ja.wikipedia.org/wiki/長沼町立長沼小学校>	<http://wikidata.dbpedia.org/resource/Q108732503>
