?s	?sLabel	?type	?p	?pLabel	?jwiki	?wd
<http://ja.dbpedia.org/resource/中島久万吉>	"中島久万吉"@ja	<http://dbpedia.org/ontology/Species>	<http://ja.dbpedia.org/property/死没地>	"死没地"@ja	<http://ja.wikipedia.org/wiki/中島久万吉>	<http://wikidata.dbpedia.org/resource/Q5631309>
<http://ja.dbpedia.org/resource/中島久万吉>	"中島久万吉"@ja	<http://dbpedia.org/ontology/Eukaryote>	<http://ja.dbpedia.org/property/死没地>	"死没地"@ja	<http://ja.wikipedia.org/wiki/中島久万吉>	<http://wikidata.dbpedia.org/resource/Q5631309>
<http://ja.dbpedia.org/resource/中島久万吉>	"中島久万吉"@ja	<http://dbpedia.org/ontology/Person>	<http://ja.dbpedia.org/property/死没地>	"死没地"@ja	<http://ja.wikipedia.org/wiki/中島久万吉>	<http://wikidata.dbpedia.org/resource/Q5631309>
<http://ja.dbpedia.org/resource/中島久万吉>	"中島久万吉"@ja	<http://dbpedia.org/ontology/Politician>	<http://ja.dbpedia.org/property/死没地>	"死没地"@ja	<http://ja.wikipedia.org/wiki/中島久万吉>	<http://wikidata.dbpedia.org/resource/Q5631309>
<http://ja.dbpedia.org/resource/中島久万吉>	"中島久万吉"@ja	<http://dbpedia.org/ontology/Animal>	<http://ja.dbpedia.org/property/死没地>	"死没地"@ja	<http://ja.wikipedia.org/wiki/中島久万吉>	<http://wikidata.dbpedia.org/resource/Q5631309>
<http://ja.dbpedia.org/resource/横須賀インターチェンジ_(神奈川県)>	"横須賀インターチェンジ (神奈川県)"@ja	<http://dbpedia.org/ontology/ArchitecturalStructure>	<http://ja.dbpedia.org/property/標識>	"標識"@ja	<http://ja.wikipedia.org/wiki/横須賀インターチェンジ_(神奈川県)>	<http://wikidata.dbpedia.org/resource/Q11122334>
<http://ja.dbpedia.org/resource/横須賀インターチェンジ_(神奈川県)>	"横須賀インターチェンジ (神奈川県)"@ja	<http://dbpedia.org/ontology/Infrastructure>	<http://ja.dbpedia.org/property/標識>	"標識"@ja	<http://ja.wikipedia.org/wiki/横須賀インターチェンジ_(神奈川県)>	<http://wikidata.dbpedia.org/resource/Q11122334>
<http://ja.dbpedia.org/resource/葉山町立南郷中学校>	"葉山町立南郷中学校"@ja	<http://dbpedia.org/ontology/School>	<http://ja.dbpedia.org/property/設置者>	"設置者"@ja	<http://ja.wikipedia.org/wiki/葉山町立南郷中学校>	<http://wikidata.dbpedia.org/resource/Q11620767>
<http://ja.dbpedia.org/resource/葉山町立南郷中学校>	"葉山町立南郷中学校"@ja	<http://dbpedia.org/ontology/Agent>	<http://ja.dbpedia.org/property/設置者>	"設置者"@ja	<http://ja.wikipedia.org/wiki/葉山町立南郷中学校>	<http://wikidata.dbpedia.org/resource/Q11620767>
<http://ja.dbpedia.org/resource/葉山町立南郷中学校>	"葉山町立南郷中学校"@ja	<http://dbpedia.org/ontology/Organisation>	<http://ja.dbpedia.org/property/設置者>	"設置者"@ja	<http://ja.wikipedia.org/wiki/葉山町立南郷中学校>	<http://wikidata.dbpedia.org/resource/Q11620767>
<http://ja.dbpedia.org/resource/葉山町立南郷中学校>	"葉山町立南郷中学校"@ja	<http://dbpedia.org/ontology/EducationalInstitution>	<http://ja.dbpedia.org/property/設置者>	"設置者"@ja	<http://ja.wikipedia.org/wiki/葉山町立南郷中学校>	<http://wikidata.dbpedia.org/resource/Q11620767>
<http://ja.dbpedia.org/resource/葉山町立葉山中学校>	"葉山町立葉山中学校"@ja	<http://dbpedia.org/ontology/School>	<http://ja.dbpedia.org/property/設置者>	"設置者"@ja	<http://ja.wikipedia.org/wiki/葉山町立葉山中学校>	<http://wikidata.dbpedia.org/resource/Q11620768>
<http://ja.dbpedia.org/resource/葉山町立葉山中学校>	"葉山町立葉山中学校"@ja	<http://dbpedia.org/ontology/Organisation>	<http://ja.dbpedia.org/property/設置者>	"設置者"@ja	<http://ja.wikipedia.org/wiki/葉山町立葉山中学校>	<http://wikidata.dbpedia.org/resource/Q11620768>
<http://ja.dbpedia.org/resource/葉山町立葉山中学校>	"葉山町立葉山中学校"@ja	<http://dbpedia.org/ontology/EducationalInstitution>	<http://ja.dbpedia.org/property/設置者>	"設置者"@ja	<http://ja.wikipedia.org/wiki/葉山町立葉山中学校>	<http://wikidata.dbpedia.org/resource/Q11620768>
<http://ja.dbpedia.org/resource/葉山町立葉山中学校>	"葉山町立葉山中学校"@ja	<http://dbpedia.org/ontology/Agent>	<http://ja.dbpedia.org/property/設置者>	"設置者"@ja	<http://ja.wikipedia.org/wiki/葉山町立葉山中学校>	<http://wikidata.dbpedia.org/resource/Q11620768>
<http://ja.dbpedia.org/resource/葉山町立長柄小学校>	"葉山町立長柄小学校"@ja	<http://dbpedia.org/ontology/School>	<http://ja.dbpedia.org/property/設置者>	"設置者"@ja	<http://ja.wikipedia.org/wiki/葉山町立長柄小学校>	<http://wikidata.dbpedia.org/resource/Q11620769>
<http://ja.dbpedia.org/resource/葉山町立長柄小学校>	"葉山町立長柄小学校"@ja	<http://dbpedia.org/ontology/Agent>	<http://ja.dbpedia.org/property/設置者>	"設置者"@ja	<http://ja.wikipedia.org/wiki/葉山町立長柄小学校>	<http://wikidata.dbpedia.org/resource/Q11620769>
<http://ja.dbpedia.org/resource/葉山町立長柄小学校>	"葉山町立長柄小学校"@ja	<http://dbpedia.org/ontology/Organisation>	<http://ja.dbpedia.org/property/設置者>	"設置者"@ja	<http://ja.wikipedia.org/wiki/葉山町立長柄小学校>	<http://wikidata.dbpedia.org/resource/Q11620769>
<http://ja.dbpedia.org/resource/葉山町立長柄小学校>	"葉山町立長柄小学校"@ja	<http://dbpedia.org/ontology/EducationalInstitution>	<http://ja.dbpedia.org/property/設置者>	"設置者"@ja	<http://ja.wikipedia.org/wiki/葉山町立長柄小学校>	<http://wikidata.dbpedia.org/resource/Q11620769>
<http://ja.dbpedia.org/resource/逗子市>	"逗子市"@ja	<http://dbpedia.org/ontology/Settlement>	<http://ja.dbpedia.org/property/south>	"South"@ja	<http://ja.wikipedia.org/wiki/逗子市>	<http://wikidata.dbpedia.org/resource/Q230843>
<http://ja.dbpedia.org/resource/逗子市>	"逗子市"@ja	<http://dbpedia.org/ontology/Place>	<http://ja.dbpedia.org/property/south>	"South"@ja	<http://ja.wikipedia.org/wiki/逗子市>	<http://wikidata.dbpedia.org/resource/Q230843>
<http://ja.dbpedia.org/resource/逗子市>	"逗子市"@ja	<http://dbpedia.org/ontology/City>	<http://ja.dbpedia.org/property/south>	"South"@ja	<http://ja.wikipedia.org/wiki/逗子市>	<http://wikidata.dbpedia.org/resource/Q230843>
<http://ja.dbpedia.org/resource/逗子市>	"逗子市"@ja	<http://dbpedia.org/ontology/PopulatedPlace>	<http://ja.dbpedia.org/property/south>	"South"@ja	<http://ja.wikipedia.org/wiki/逗子市>	<http://wikidata.dbpedia.org/resource/Q230843>
<http://ja.dbpedia.org/resource/逗子市>	"逗子市"@ja	<http://dbpedia.org/ontology/Location>	<http://ja.dbpedia.org/property/south>	"South"@ja	<http://ja.wikipedia.org/wiki/逗子市>	<http://wikidata.dbpedia.org/resource/Q230843>
