?s	?sLabel	?type	?p	?pLabel	?jwiki	?wd
<http://ja.dbpedia.org/resource/当別町>	"当別町"@ja	<http://dbpedia.org/ontology/City>	<http://ja.dbpedia.org/property/northeast>	"Northeast"@ja	<http://ja.wikipedia.org/wiki/当別町>	<http://wikidata.dbpedia.org/resource/Q1348675>
<http://ja.dbpedia.org/resource/当別町>	"当別町"@ja	<http://dbpedia.org/ontology/Settlement>	<http://ja.dbpedia.org/property/northeast>	"Northeast"@ja	<http://ja.wikipedia.org/wiki/当別町>	<http://wikidata.dbpedia.org/resource/Q1348675>
<http://ja.dbpedia.org/resource/当別町>	"当別町"@ja	<http://dbpedia.org/ontology/Place>	<http://ja.dbpedia.org/property/northeast>	"Northeast"@ja	<http://ja.wikipedia.org/wiki/当別町>	<http://wikidata.dbpedia.org/resource/Q1348675>
<http://ja.dbpedia.org/resource/当別町>	"当別町"@ja	<http://dbpedia.org/ontology/PopulatedPlace>	<http://ja.dbpedia.org/property/northeast>	"Northeast"@ja	<http://ja.wikipedia.org/wiki/当別町>	<http://wikidata.dbpedia.org/resource/Q1348675>
<http://ja.dbpedia.org/resource/当別町>	"当別町"@ja	<http://dbpedia.org/ontology/Location>	<http://ja.dbpedia.org/property/northeast>	"Northeast"@ja	<http://ja.wikipedia.org/wiki/当別町>	<http://wikidata.dbpedia.org/resource/Q1348675>
<http://ja.dbpedia.org/resource/月形樺戸博物館>	"月形樺戸博物館"@ja	<http://dbpedia.org/ontology/Museum>	<http://ja.dbpedia.org/property/事業主体>	"事業主体"@ja	<http://ja.wikipedia.org/wiki/月形樺戸博物館>	<http://wikidata.dbpedia.org/resource/Q11516088>
<http://ja.dbpedia.org/resource/月形樺戸博物館>	"月形樺戸博物館"@ja	<http://dbpedia.org/ontology/ArchitecturalStructure>	<http://ja.dbpedia.org/property/事業主体>	"事業主体"@ja	<http://ja.wikipedia.org/wiki/月形樺戸博物館>	<http://wikidata.dbpedia.org/resource/Q11516088>
<http://ja.dbpedia.org/resource/月形樺戸博物館>	"月形樺戸博物館"@ja	<http://dbpedia.org/ontology/Building>	<http://ja.dbpedia.org/property/事業主体>	"事業主体"@ja	<http://ja.wikipedia.org/wiki/月形樺戸博物館>	<http://wikidata.dbpedia.org/resource/Q11516088>
