?s	?sLabel	?type	?p	?pLabel	?jwiki	?wd
<http://ja.dbpedia.org/resource/お林展望公園>	"お林展望公園"@ja	<http://dbpedia.org/ontology/Location>	<http://ja.dbpedia.org/property/運営者>	"運営者"@ja	<http://ja.wikipedia.org/wiki/お林展望公園>	<http://wikidata.dbpedia.org/resource/Q48746867>
<http://ja.dbpedia.org/resource/お林展望公園>	"お林展望公園"@ja	<http://dbpedia.org/ontology/Place>	<http://ja.dbpedia.org/property/運営者>	"運営者"@ja	<http://ja.wikipedia.org/wiki/お林展望公園>	<http://wikidata.dbpedia.org/resource/Q48746867>
<http://ja.dbpedia.org/resource/お林展望公園>	"お林展望公園"@ja	<http://dbpedia.org/ontology/Park>	<http://ja.dbpedia.org/property/運営者>	"運営者"@ja	<http://ja.wikipedia.org/wiki/お林展望公園>	<http://wikidata.dbpedia.org/resource/Q48746867>
<http://ja.dbpedia.org/resource/岩_(真鶴町)>	"岩 (真鶴町)"@ja	<http://dbpedia.org/ontology/Place>	<http://ja.dbpedia.org/property/subdivisionName>	"subdivision name"@ja	<http://ja.wikipedia.org/wiki/岩_(真鶴町)>	<http://wikidata.dbpedia.org/resource/Q42633841>
<http://ja.dbpedia.org/resource/岩_(真鶴町)>	"岩 (真鶴町)"@ja	<http://dbpedia.org/ontology/Location>	<http://ja.dbpedia.org/property/subdivisionName>	"subdivision name"@ja	<http://ja.wikipedia.org/wiki/岩_(真鶴町)>	<http://wikidata.dbpedia.org/resource/Q42633841>
<http://ja.dbpedia.org/resource/岩_(真鶴町)>	"岩 (真鶴町)"@ja	<http://dbpedia.org/ontology/Settlement>	<http://ja.dbpedia.org/property/south>	"South"@ja	<http://ja.wikipedia.org/wiki/岩_(真鶴町)>	<http://wikidata.dbpedia.org/resource/Q42633841>
<http://ja.dbpedia.org/resource/岩_(真鶴町)>	"岩 (真鶴町)"@ja	<http://dbpedia.org/ontology/PopulatedPlace>	<http://ja.dbpedia.org/property/subdivisionName>	"subdivision name"@ja	<http://ja.wikipedia.org/wiki/岩_(真鶴町)>	<http://wikidata.dbpedia.org/resource/Q42633841>
<http://ja.dbpedia.org/resource/岩_(真鶴町)>	"岩 (真鶴町)"@ja	<http://dbpedia.org/ontology/Location>	<http://ja.dbpedia.org/property/south>	"South"@ja	<http://ja.wikipedia.org/wiki/岩_(真鶴町)>	<http://wikidata.dbpedia.org/resource/Q42633841>
<http://ja.dbpedia.org/resource/岩_(真鶴町)>	"岩 (真鶴町)"@ja	<http://dbpedia.org/ontology/Place>	<http://ja.dbpedia.org/property/south>	"South"@ja	<http://ja.wikipedia.org/wiki/岩_(真鶴町)>	<http://wikidata.dbpedia.org/resource/Q42633841>
<http://ja.dbpedia.org/resource/岩_(真鶴町)>	"岩 (真鶴町)"@ja	<http://dbpedia.org/ontology/Settlement>	<http://ja.dbpedia.org/property/subdivisionName>	"subdivision name"@ja	<http://ja.wikipedia.org/wiki/岩_(真鶴町)>	<http://wikidata.dbpedia.org/resource/Q42633841>
<http://ja.dbpedia.org/resource/岩_(真鶴町)>	"岩 (真鶴町)"@ja	<http://dbpedia.org/ontology/PopulatedPlace>	<http://ja.dbpedia.org/property/south>	"South"@ja	<http://ja.wikipedia.org/wiki/岩_(真鶴町)>	<http://wikidata.dbpedia.org/resource/Q42633841>
<http://ja.dbpedia.org/resource/真鶴町立まなづる小学校>	"真鶴町立まなづる小学校"@ja	<http://dbpedia.org/ontology/School>	<http://ja.dbpedia.org/property/設置者>	"設置者"@ja	<http://ja.wikipedia.org/wiki/真鶴町立まなづる小学校>	<http://wikidata.dbpedia.org/resource/Q23985445>
<http://ja.dbpedia.org/resource/真鶴町立まなづる小学校>	"真鶴町立まなづる小学校"@ja	<http://dbpedia.org/ontology/Organisation>	<http://ja.dbpedia.org/property/設置者>	"設置者"@ja	<http://ja.wikipedia.org/wiki/真鶴町立まなづる小学校>	<http://wikidata.dbpedia.org/resource/Q23985445>
<http://ja.dbpedia.org/resource/真鶴町立まなづる小学校>	"真鶴町立まなづる小学校"@ja	<http://dbpedia.org/ontology/EducationalInstitution>	<http://ja.dbpedia.org/property/設置者>	"設置者"@ja	<http://ja.wikipedia.org/wiki/真鶴町立まなづる小学校>	<http://wikidata.dbpedia.org/resource/Q23985445>
<http://ja.dbpedia.org/resource/真鶴町立まなづる小学校>	"真鶴町立まなづる小学校"@ja	<http://dbpedia.org/ontology/Agent>	<http://ja.dbpedia.org/property/設置者>	"設置者"@ja	<http://ja.wikipedia.org/wiki/真鶴町立まなづる小学校>	<http://wikidata.dbpedia.org/resource/Q23985445>
<http://ja.dbpedia.org/resource/真鶴町立岩小学校>	"真鶴町立岩小学校"@ja	<http://dbpedia.org/ontology/School>	<http://ja.dbpedia.org/property/設置者>	"設置者"@ja	<http://ja.wikipedia.org/wiki/真鶴町立岩小学校>	<http://wikidata.dbpedia.org/resource/Q48744257>
<http://ja.dbpedia.org/resource/真鶴町立岩小学校>	"真鶴町立岩小学校"@ja	<http://dbpedia.org/ontology/Agent>	<http://ja.dbpedia.org/property/設置者>	"設置者"@ja	<http://ja.wikipedia.org/wiki/真鶴町立岩小学校>	<http://wikidata.dbpedia.org/resource/Q48744257>
<http://ja.dbpedia.org/resource/真鶴町立岩小学校>	"真鶴町立岩小学校"@ja	<http://dbpedia.org/ontology/Organisation>	<http://ja.dbpedia.org/property/設置者>	"設置者"@ja	<http://ja.wikipedia.org/wiki/真鶴町立岩小学校>	<http://wikidata.dbpedia.org/resource/Q48744257>
<http://ja.dbpedia.org/resource/真鶴町立岩小学校>	"真鶴町立岩小学校"@ja	<http://dbpedia.org/ontology/EducationalInstitution>	<http://ja.dbpedia.org/property/設置者>	"設置者"@ja	<http://ja.wikipedia.org/wiki/真鶴町立岩小学校>	<http://wikidata.dbpedia.org/resource/Q48744257>
<http://ja.dbpedia.org/resource/真鶴町立真鶴中学校>	"真鶴町立真鶴中学校"@ja	<http://dbpedia.org/ontology/School>	<http://ja.dbpedia.org/property/設置者>	"設置者"@ja	<http://ja.wikipedia.org/wiki/真鶴町立真鶴中学校>	<http://wikidata.dbpedia.org/resource/Q48748594>
<http://ja.dbpedia.org/resource/真鶴町立真鶴中学校>	"真鶴町立真鶴中学校"@ja	<http://dbpedia.org/ontology/Agent>	<http://ja.dbpedia.org/property/設置者>	"設置者"@ja	<http://ja.wikipedia.org/wiki/真鶴町立真鶴中学校>	<http://wikidata.dbpedia.org/resource/Q48748594>
<http://ja.dbpedia.org/resource/真鶴町立真鶴中学校>	"真鶴町立真鶴中学校"@ja	<http://dbpedia.org/ontology/Organisation>	<http://ja.dbpedia.org/property/設置者>	"設置者"@ja	<http://ja.wikipedia.org/wiki/真鶴町立真鶴中学校>	<http://wikidata.dbpedia.org/resource/Q48748594>
<http://ja.dbpedia.org/resource/真鶴町立真鶴中学校>	"真鶴町立真鶴中学校"@ja	<http://dbpedia.org/ontology/EducationalInstitution>	<http://ja.dbpedia.org/property/設置者>	"設置者"@ja	<http://ja.wikipedia.org/wiki/真鶴町立真鶴中学校>	<http://wikidata.dbpedia.org/resource/Q48748594>
<http://ja.dbpedia.org/resource/荒井城址公園>	"荒井城址公園"@ja	<http://dbpedia.org/ontology/Location>	<http://ja.dbpedia.org/property/運営者>	"運営者"@ja	<http://ja.wikipedia.org/wiki/荒井城址公園>	<http://wikidata.dbpedia.org/resource/Q24871465>
<http://ja.dbpedia.org/resource/荒井城址公園>	"荒井城址公園"@ja	<http://dbpedia.org/ontology/Place>	<http://ja.dbpedia.org/property/運営者>	"運営者"@ja	<http://ja.wikipedia.org/wiki/荒井城址公園>	<http://wikidata.dbpedia.org/resource/Q24871465>
<http://ja.dbpedia.org/resource/荒井城址公園>	"荒井城址公園"@ja	<http://dbpedia.org/ontology/Park>	<http://ja.dbpedia.org/property/運営者>	"運営者"@ja	<http://ja.wikipedia.org/wiki/荒井城址公園>	<http://wikidata.dbpedia.org/resource/Q24871465>
