?s	?sLabel	?type	?p	?pLabel	?jwiki	?wd
<http://ja.dbpedia.org/resource/ツルネン・マルテイ>	"ツルネン・マルテイ"@ja	<http://dbpedia.org/ontology/Species>	<http://ja.dbpedia.org/property/前職>	"前職"@ja	<http://ja.wikipedia.org/wiki/ツルネン・マルテイ>	<http://wikidata.dbpedia.org/resource/Q498238>
<http://ja.dbpedia.org/resource/ツルネン・マルテイ>	"ツルネン・マルテイ"@ja	<http://dbpedia.org/ontology/Politician>	<http://ja.dbpedia.org/property/職名>	"職名"@ja	<http://ja.wikipedia.org/wiki/ツルネン・マルテイ>	<http://wikidata.dbpedia.org/resource/Q498238>
<http://ja.dbpedia.org/resource/ツルネン・マルテイ>	"ツルネン・マルテイ"@ja	<http://dbpedia.org/ontology/Person>	<http://ja.dbpedia.org/property/前職>	"前職"@ja	<http://ja.wikipedia.org/wiki/ツルネン・マルテイ>	<http://wikidata.dbpedia.org/resource/Q498238>
<http://ja.dbpedia.org/resource/ツルネン・マルテイ>	"ツルネン・マルテイ"@ja	<http://dbpedia.org/ontology/Eukaryote>	<http://ja.dbpedia.org/property/職名>	"職名"@ja	<http://ja.wikipedia.org/wiki/ツルネン・マルテイ>	<http://wikidata.dbpedia.org/resource/Q498238>
<http://ja.dbpedia.org/resource/ツルネン・マルテイ>	"ツルネン・マルテイ"@ja	<http://dbpedia.org/ontology/Animal>	<http://ja.dbpedia.org/property/職名>	"職名"@ja	<http://ja.wikipedia.org/wiki/ツルネン・マルテイ>	<http://wikidata.dbpedia.org/resource/Q498238>
<http://ja.dbpedia.org/resource/ツルネン・マルテイ>	"ツルネン・マルテイ"@ja	<http://dbpedia.org/ontology/Animal>	<http://ja.dbpedia.org/property/前職>	"前職"@ja	<http://ja.wikipedia.org/wiki/ツルネン・マルテイ>	<http://wikidata.dbpedia.org/resource/Q498238>
<http://ja.dbpedia.org/resource/ツルネン・マルテイ>	"ツルネン・マルテイ"@ja	<http://dbpedia.org/ontology/Person>	<http://ja.dbpedia.org/property/職名>	"職名"@ja	<http://ja.wikipedia.org/wiki/ツルネン・マルテイ>	<http://wikidata.dbpedia.org/resource/Q498238>
<http://ja.dbpedia.org/resource/ツルネン・マルテイ>	"ツルネン・マルテイ"@ja	<http://dbpedia.org/ontology/Politician>	<http://ja.dbpedia.org/property/前職>	"前職"@ja	<http://ja.wikipedia.org/wiki/ツルネン・マルテイ>	<http://wikidata.dbpedia.org/resource/Q498238>
<http://ja.dbpedia.org/resource/ツルネン・マルテイ>	"ツルネン・マルテイ"@ja	<http://dbpedia.org/ontology/Species>	<http://ja.dbpedia.org/property/職名>	"職名"@ja	<http://ja.wikipedia.org/wiki/ツルネン・マルテイ>	<http://wikidata.dbpedia.org/resource/Q498238>
<http://ja.dbpedia.org/resource/ツルネン・マルテイ>	"ツルネン・マルテイ"@ja	<http://dbpedia.org/ontology/Eukaryote>	<http://ja.dbpedia.org/property/前職>	"前職"@ja	<http://ja.wikipedia.org/wiki/ツルネン・マルテイ>	<http://wikidata.dbpedia.org/resource/Q498238>
<http://ja.dbpedia.org/resource/万葉公園_(湯河原町)>	"万葉公園 (湯河原町)"@ja	<http://dbpedia.org/ontology/Park>	<http://ja.dbpedia.org/property/運営者>	"運営者"@ja	<http://ja.wikipedia.org/wiki/万葉公園_(湯河原町)>	<http://wikidata.dbpedia.org/resource/Q97377088>
<http://ja.dbpedia.org/resource/万葉公園_(湯河原町)>	"万葉公園 (湯河原町)"@ja	<http://dbpedia.org/ontology/Location>	<http://ja.dbpedia.org/property/運営者>	"運営者"@ja	<http://ja.wikipedia.org/wiki/万葉公園_(湯河原町)>	<http://wikidata.dbpedia.org/resource/Q97377088>
<http://ja.dbpedia.org/resource/万葉公園_(湯河原町)>	"万葉公園 (湯河原町)"@ja	<http://dbpedia.org/ontology/Place>	<http://ja.dbpedia.org/property/運営者>	"運営者"@ja	<http://ja.wikipedia.org/wiki/万葉公園_(湯河原町)>	<http://wikidata.dbpedia.org/resource/Q97377088>
<http://ja.dbpedia.org/resource/岩_(真鶴町)>	"岩 (真鶴町)"@ja	<http://dbpedia.org/ontology/PopulatedPlace>	<http://ja.dbpedia.org/property/west>	"West"@ja	<http://ja.wikipedia.org/wiki/岩_(真鶴町)>	<http://wikidata.dbpedia.org/resource/Q42633841>
<http://ja.dbpedia.org/resource/岩_(真鶴町)>	"岩 (真鶴町)"@ja	<http://dbpedia.org/ontology/Location>	<http://ja.dbpedia.org/property/west>	"West"@ja	<http://ja.wikipedia.org/wiki/岩_(真鶴町)>	<http://wikidata.dbpedia.org/resource/Q42633841>
<http://ja.dbpedia.org/resource/岩_(真鶴町)>	"岩 (真鶴町)"@ja	<http://dbpedia.org/ontology/Settlement>	<http://ja.dbpedia.org/property/west>	"West"@ja	<http://ja.wikipedia.org/wiki/岩_(真鶴町)>	<http://wikidata.dbpedia.org/resource/Q42633841>
<http://ja.dbpedia.org/resource/岩_(真鶴町)>	"岩 (真鶴町)"@ja	<http://dbpedia.org/ontology/Place>	<http://ja.dbpedia.org/property/west>	"West"@ja	<http://ja.wikipedia.org/wiki/岩_(真鶴町)>	<http://wikidata.dbpedia.org/resource/Q42633841>
<http://ja.dbpedia.org/resource/幕山公園>	"幕山公園"@ja	<http://dbpedia.org/ontology/Place>	<http://ja.dbpedia.org/property/運営者>	"運営者"@ja	<http://ja.wikipedia.org/wiki/幕山公園>	<http://wikidata.dbpedia.org/resource/Q85880092>
<http://ja.dbpedia.org/resource/幕山公園>	"幕山公園"@ja	<http://dbpedia.org/ontology/Park>	<http://ja.dbpedia.org/property/運営者>	"運営者"@ja	<http://ja.wikipedia.org/wiki/幕山公園>	<http://wikidata.dbpedia.org/resource/Q85880092>
<http://ja.dbpedia.org/resource/幕山公園>	"幕山公園"@ja	<http://dbpedia.org/ontology/Location>	<http://ja.dbpedia.org/property/運営者>	"運営者"@ja	<http://ja.wikipedia.org/wiki/幕山公園>	<http://wikidata.dbpedia.org/resource/Q85880092>
<http://ja.dbpedia.org/resource/平野洋子>	"平野洋子"@ja	<http://dbpedia.org/ontology/Animal>	<http://ja.dbpedia.org/property/著名な実績>	"著名な実績"@ja	<http://ja.wikipedia.org/wiki/平野洋子>	<http://wikidata.dbpedia.org/resource/Q20042557>
<http://ja.dbpedia.org/resource/平野洋子>	"平野洋子"@ja	<http://dbpedia.org/ontology/Species>	<http://ja.dbpedia.org/property/著名な実績>	"著名な実績"@ja	<http://ja.wikipedia.org/wiki/平野洋子>	<http://wikidata.dbpedia.org/resource/Q20042557>
<http://ja.dbpedia.org/resource/平野洋子>	"平野洋子"@ja	<http://dbpedia.org/ontology/Eukaryote>	<http://ja.dbpedia.org/property/著名な実績>	"著名な実績"@ja	<http://ja.wikipedia.org/wiki/平野洋子>	<http://wikidata.dbpedia.org/resource/Q20042557>
<http://ja.dbpedia.org/resource/平野洋子>	"平野洋子"@ja	<http://dbpedia.org/ontology/Person>	<http://ja.dbpedia.org/property/著名な実績>	"著名な実績"@ja	<http://ja.wikipedia.org/wiki/平野洋子>	<http://wikidata.dbpedia.org/resource/Q20042557>
<http://ja.dbpedia.org/resource/湯河原町立吉浜小学校>	"湯河原町立吉浜小学校"@ja	<http://dbpedia.org/ontology/EducationalInstitution>	<http://ja.dbpedia.org/property/設置者>	"設置者"@ja	<http://ja.wikipedia.org/wiki/湯河原町立吉浜小学校>	<http://wikidata.dbpedia.org/resource/Q23985447>
<http://ja.dbpedia.org/resource/湯河原町立吉浜小学校>	"湯河原町立吉浜小学校"@ja	<http://dbpedia.org/ontology/School>	<http://ja.dbpedia.org/property/設置者>	"設置者"@ja	<http://ja.wikipedia.org/wiki/湯河原町立吉浜小学校>	<http://wikidata.dbpedia.org/resource/Q23985447>
<http://ja.dbpedia.org/resource/湯河原町立吉浜小学校>	"湯河原町立吉浜小学校"@ja	<http://dbpedia.org/ontology/Agent>	<http://ja.dbpedia.org/property/設置者>	"設置者"@ja	<http://ja.wikipedia.org/wiki/湯河原町立吉浜小学校>	<http://wikidata.dbpedia.org/resource/Q23985447>
<http://ja.dbpedia.org/resource/湯河原町立吉浜小学校>	"湯河原町立吉浜小学校"@ja	<http://dbpedia.org/ontology/Organisation>	<http://ja.dbpedia.org/property/設置者>	"設置者"@ja	<http://ja.wikipedia.org/wiki/湯河原町立吉浜小学校>	<http://wikidata.dbpedia.org/resource/Q23985447>
<http://ja.dbpedia.org/resource/湯河原町立東台福浦小学校>	"湯河原町立東台福浦小学校"@ja	<http://dbpedia.org/ontology/EducationalInstitution>	<http://ja.dbpedia.org/property/設置者>	"設置者"@ja	<http://ja.wikipedia.org/wiki/湯河原町立東台福浦小学校>	<http://wikidata.dbpedia.org/resource/Q23985446>
<http://ja.dbpedia.org/resource/湯河原町立東台福浦小学校>	"湯河原町立東台福浦小学校"@ja	<http://dbpedia.org/ontology/School>	<http://ja.dbpedia.org/property/設置者>	"設置者"@ja	<http://ja.wikipedia.org/wiki/湯河原町立東台福浦小学校>	<http://wikidata.dbpedia.org/resource/Q23985446>
<http://ja.dbpedia.org/resource/湯河原町立東台福浦小学校>	"湯河原町立東台福浦小学校"@ja	<http://dbpedia.org/ontology/Organisation>	<http://ja.dbpedia.org/property/設置者>	"設置者"@ja	<http://ja.wikipedia.org/wiki/湯河原町立東台福浦小学校>	<http://wikidata.dbpedia.org/resource/Q23985446>
<http://ja.dbpedia.org/resource/湯河原町立東台福浦小学校>	"湯河原町立東台福浦小学校"@ja	<http://dbpedia.org/ontology/Agent>	<http://ja.dbpedia.org/property/設置者>	"設置者"@ja	<http://ja.wikipedia.org/wiki/湯河原町立東台福浦小学校>	<http://wikidata.dbpedia.org/resource/Q23985446>
<http://ja.dbpedia.org/resource/湯河原町立湯河原中学校>	"湯河原町立湯河原中学校"@ja	<http://dbpedia.org/ontology/School>	<http://ja.dbpedia.org/property/設置者>	"設置者"@ja	<http://ja.wikipedia.org/wiki/湯河原町立湯河原中学校>	<http://wikidata.dbpedia.org/resource/Q17225539>
<http://ja.dbpedia.org/resource/湯河原町立湯河原中学校>	"湯河原町立湯河原中学校"@ja	<http://dbpedia.org/ontology/EducationalInstitution>	<http://ja.dbpedia.org/property/設置者>	"設置者"@ja	<http://ja.wikipedia.org/wiki/湯河原町立湯河原中学校>	<http://wikidata.dbpedia.org/resource/Q17225539>
<http://ja.dbpedia.org/resource/湯河原町立湯河原中学校>	"湯河原町立湯河原中学校"@ja	<http://dbpedia.org/ontology/Agent>	<http://ja.dbpedia.org/property/設置者>	"設置者"@ja	<http://ja.wikipedia.org/wiki/湯河原町立湯河原中学校>	<http://wikidata.dbpedia.org/resource/Q17225539>
<http://ja.dbpedia.org/resource/湯河原町立湯河原中学校>	"湯河原町立湯河原中学校"@ja	<http://dbpedia.org/ontology/Organisation>	<http://ja.dbpedia.org/property/設置者>	"設置者"@ja	<http://ja.wikipedia.org/wiki/湯河原町立湯河原中学校>	<http://wikidata.dbpedia.org/resource/Q17225539>
<http://ja.dbpedia.org/resource/町立湯河原美術館>	"町立湯河原美術館"@ja	<http://dbpedia.org/ontology/Building>	<http://ja.dbpedia.org/property/事業主体>	"事業主体"@ja	<http://ja.wikipedia.org/wiki/町立湯河原美術館>	<http://wikidata.dbpedia.org/resource/Q61058198>
<http://ja.dbpedia.org/resource/町立湯河原美術館>	"町立湯河原美術館"@ja	<http://dbpedia.org/ontology/Museum>	<http://ja.dbpedia.org/property/事業主体>	"事業主体"@ja	<http://ja.wikipedia.org/wiki/町立湯河原美術館>	<http://wikidata.dbpedia.org/resource/Q61058198>
<http://ja.dbpedia.org/resource/町立湯河原美術館>	"町立湯河原美術館"@ja	<http://dbpedia.org/ontology/ArchitecturalStructure>	<http://ja.dbpedia.org/property/事業主体>	"事業主体"@ja	<http://ja.wikipedia.org/wiki/町立湯河原美術館>	<http://wikidata.dbpedia.org/resource/Q61058198>
<http://ja.dbpedia.org/resource/真鶴町>	"真鶴町"@ja	<http://dbpedia.org/ontology/PopulatedPlace>	<http://ja.dbpedia.org/property/隣接自治体>	"隣接自治体"@ja	<http://ja.wikipedia.org/wiki/真鶴町>	<http://wikidata.dbpedia.org/resource/Q1202786>
<http://ja.dbpedia.org/resource/真鶴町>	"真鶴町"@ja	<http://dbpedia.org/ontology/Settlement>	<http://ja.dbpedia.org/property/隣接自治体>	"隣接自治体"@ja	<http://ja.wikipedia.org/wiki/真鶴町>	<http://wikidata.dbpedia.org/resource/Q1202786>
<http://ja.dbpedia.org/resource/真鶴町>	"真鶴町"@ja	<http://dbpedia.org/ontology/Location>	<http://ja.dbpedia.org/property/隣接自治体>	"隣接自治体"@ja	<http://ja.wikipedia.org/wiki/真鶴町>	<http://wikidata.dbpedia.org/resource/Q1202786>
<http://ja.dbpedia.org/resource/真鶴町>	"真鶴町"@ja	<http://dbpedia.org/ontology/Place>	<http://ja.dbpedia.org/property/隣接自治体>	"隣接自治体"@ja	<http://ja.wikipedia.org/wiki/真鶴町>	<http://wikidata.dbpedia.org/resource/Q1202786>
<http://ja.dbpedia.org/resource/真鶴町>	"真鶴町"@ja	<http://dbpedia.org/ontology/City>	<http://ja.dbpedia.org/property/隣接自治体>	"隣接自治体"@ja	<http://ja.wikipedia.org/wiki/真鶴町>	<http://wikidata.dbpedia.org/resource/Q1202786>
<http://ja.dbpedia.org/resource/箱根町>	"箱根町"@ja	<http://dbpedia.org/ontology/Place>	<http://ja.dbpedia.org/property/southeast>	"Southeast"@ja	<http://ja.wikipedia.org/wiki/箱根町>	<http://wikidata.dbpedia.org/resource/Q671040>
<http://ja.dbpedia.org/resource/箱根町>	"箱根町"@ja	<http://dbpedia.org/ontology/City>	<http://ja.dbpedia.org/property/southeast>	"Southeast"@ja	<http://ja.wikipedia.org/wiki/箱根町>	<http://wikidata.dbpedia.org/resource/Q671040>
<http://ja.dbpedia.org/resource/箱根町>	"箱根町"@ja	<http://dbpedia.org/ontology/Settlement>	<http://ja.dbpedia.org/property/southeast>	"Southeast"@ja	<http://ja.wikipedia.org/wiki/箱根町>	<http://wikidata.dbpedia.org/resource/Q671040>
<http://ja.dbpedia.org/resource/箱根町>	"箱根町"@ja	<http://dbpedia.org/ontology/Location>	<http://ja.dbpedia.org/property/southeast>	"Southeast"@ja	<http://ja.wikipedia.org/wiki/箱根町>	<http://wikidata.dbpedia.org/resource/Q671040>
<http://ja.dbpedia.org/resource/箱根町>	"箱根町"@ja	<http://dbpedia.org/ontology/PopulatedPlace>	<http://ja.dbpedia.org/property/southeast>	"Southeast"@ja	<http://ja.wikipedia.org/wiki/箱根町>	<http://wikidata.dbpedia.org/resource/Q671040>
