?s	?sLabel	?type	?p	?pLabel	?jwiki	?wd
<http://ja.dbpedia.org/resource/愛川町立半原小学校>	"愛川町立半原小学校"@ja	<http://dbpedia.org/ontology/School>	<http://ja.dbpedia.org/property/設置者>	"設置者"@ja	<http://ja.wikipedia.org/wiki/愛川町立半原小学校>	<http://wikidata.dbpedia.org/resource/Q23985468>
<http://ja.dbpedia.org/resource/愛川町立半原小学校>	"愛川町立半原小学校"@ja	<http://dbpedia.org/ontology/Organisation>	<http://ja.dbpedia.org/property/設置者>	"設置者"@ja	<http://ja.wikipedia.org/wiki/愛川町立半原小学校>	<http://wikidata.dbpedia.org/resource/Q23985468>
<http://ja.dbpedia.org/resource/愛川町立半原小学校>	"愛川町立半原小学校"@ja	<http://dbpedia.org/ontology/EducationalInstitution>	<http://ja.dbpedia.org/property/設置者>	"設置者"@ja	<http://ja.wikipedia.org/wiki/愛川町立半原小学校>	<http://wikidata.dbpedia.org/resource/Q23985468>
<http://ja.dbpedia.org/resource/愛川町立半原小学校>	"愛川町立半原小学校"@ja	<http://dbpedia.org/ontology/Agent>	<http://ja.dbpedia.org/property/設置者>	"設置者"@ja	<http://ja.wikipedia.org/wiki/愛川町立半原小学校>	<http://wikidata.dbpedia.org/resource/Q23985468>
<http://ja.dbpedia.org/resource/愛川町立愛川中原中学校>	"愛川町立愛川中原中学校"@ja	<http://dbpedia.org/ontology/School>	<http://ja.dbpedia.org/property/設置者>	"設置者"@ja	<http://ja.wikipedia.org/wiki/愛川町立愛川中原中学校>	<http://wikidata.dbpedia.org/resource/Q87319556>
<http://ja.dbpedia.org/resource/愛川町立愛川中原中学校>	"愛川町立愛川中原中学校"@ja	<http://dbpedia.org/ontology/Organisation>	<http://ja.dbpedia.org/property/設置者>	"設置者"@ja	<http://ja.wikipedia.org/wiki/愛川町立愛川中原中学校>	<http://wikidata.dbpedia.org/resource/Q87319556>
<http://ja.dbpedia.org/resource/愛川町立愛川中原中学校>	"愛川町立愛川中原中学校"@ja	<http://dbpedia.org/ontology/EducationalInstitution>	<http://ja.dbpedia.org/property/設置者>	"設置者"@ja	<http://ja.wikipedia.org/wiki/愛川町立愛川中原中学校>	<http://wikidata.dbpedia.org/resource/Q87319556>
<http://ja.dbpedia.org/resource/愛川町立愛川中原中学校>	"愛川町立愛川中原中学校"@ja	<http://dbpedia.org/ontology/Agent>	<http://ja.dbpedia.org/property/設置者>	"設置者"@ja	<http://ja.wikipedia.org/wiki/愛川町立愛川中原中学校>	<http://wikidata.dbpedia.org/resource/Q87319556>
<http://ja.dbpedia.org/resource/愛川町立愛川中学校>	"愛川町立愛川中学校"@ja	<http://dbpedia.org/ontology/School>	<http://ja.dbpedia.org/property/設置者>	"設置者"@ja	<http://ja.wikipedia.org/wiki/愛川町立愛川中学校>	<http://wikidata.dbpedia.org/resource/Q60987856>
<http://ja.dbpedia.org/resource/愛川町立愛川中学校>	"愛川町立愛川中学校"@ja	<http://dbpedia.org/ontology/Organisation>	<http://ja.dbpedia.org/property/設置者>	"設置者"@ja	<http://ja.wikipedia.org/wiki/愛川町立愛川中学校>	<http://wikidata.dbpedia.org/resource/Q60987856>
<http://ja.dbpedia.org/resource/愛川町立愛川中学校>	"愛川町立愛川中学校"@ja	<http://dbpedia.org/ontology/EducationalInstitution>	<http://ja.dbpedia.org/property/設置者>	"設置者"@ja	<http://ja.wikipedia.org/wiki/愛川町立愛川中学校>	<http://wikidata.dbpedia.org/resource/Q60987856>
<http://ja.dbpedia.org/resource/愛川町立愛川中学校>	"愛川町立愛川中学校"@ja	<http://dbpedia.org/ontology/Agent>	<http://ja.dbpedia.org/property/設置者>	"設置者"@ja	<http://ja.wikipedia.org/wiki/愛川町立愛川中学校>	<http://wikidata.dbpedia.org/resource/Q60987856>
<http://ja.dbpedia.org/resource/愛川町立愛川東中学校>	"愛川町立愛川東中学校"@ja	<http://dbpedia.org/ontology/Agent>	<http://ja.dbpedia.org/property/設置者>	"設置者"@ja	<http://ja.wikipedia.org/wiki/愛川町立愛川東中学校>	<http://wikidata.dbpedia.org/resource/Q23985651>
<http://ja.dbpedia.org/resource/愛川町立愛川東中学校>	"愛川町立愛川東中学校"@ja	<http://dbpedia.org/ontology/School>	<http://ja.dbpedia.org/property/設置者>	"設置者"@ja	<http://ja.wikipedia.org/wiki/愛川町立愛川東中学校>	<http://wikidata.dbpedia.org/resource/Q23985651>
<http://ja.dbpedia.org/resource/愛川町立愛川東中学校>	"愛川町立愛川東中学校"@ja	<http://dbpedia.org/ontology/EducationalInstitution>	<http://ja.dbpedia.org/property/設置者>	"設置者"@ja	<http://ja.wikipedia.org/wiki/愛川町立愛川東中学校>	<http://wikidata.dbpedia.org/resource/Q23985651>
<http://ja.dbpedia.org/resource/愛川町立愛川東中学校>	"愛川町立愛川東中学校"@ja	<http://dbpedia.org/ontology/Organisation>	<http://ja.dbpedia.org/property/設置者>	"設置者"@ja	<http://ja.wikipedia.org/wiki/愛川町立愛川東中学校>	<http://wikidata.dbpedia.org/resource/Q23985651>
<http://ja.dbpedia.org/resource/愛川町立田代小学校>	"愛川町立田代小学校"@ja	<http://dbpedia.org/ontology/School>	<http://ja.dbpedia.org/property/設置者>	"設置者"@ja	<http://ja.wikipedia.org/wiki/愛川町立田代小学校>	<http://wikidata.dbpedia.org/resource/Q17190631>
<http://ja.dbpedia.org/resource/愛川町立田代小学校>	"愛川町立田代小学校"@ja	<http://dbpedia.org/ontology/Organisation>	<http://ja.dbpedia.org/property/設置者>	"設置者"@ja	<http://ja.wikipedia.org/wiki/愛川町立田代小学校>	<http://wikidata.dbpedia.org/resource/Q17190631>
<http://ja.dbpedia.org/resource/愛川町立田代小学校>	"愛川町立田代小学校"@ja	<http://dbpedia.org/ontology/EducationalInstitution>	<http://ja.dbpedia.org/property/設置者>	"設置者"@ja	<http://ja.wikipedia.org/wiki/愛川町立田代小学校>	<http://wikidata.dbpedia.org/resource/Q17190631>
<http://ja.dbpedia.org/resource/愛川町立田代小学校>	"愛川町立田代小学校"@ja	<http://dbpedia.org/ontology/Agent>	<http://ja.dbpedia.org/property/設置者>	"設置者"@ja	<http://ja.wikipedia.org/wiki/愛川町立田代小学校>	<http://wikidata.dbpedia.org/resource/Q17190631>
