?s	?sLabel	?type	?p	?pLabel	?jwiki	?wd
<http://ja.dbpedia.org/resource/比布町立中央小学校>	"比布町立中央小学校"@ja	<http://dbpedia.org/ontology/School>	<http://ja.dbpedia.org/property/設置者>	"設置者"@ja	<http://ja.wikipedia.org/wiki/比布町立中央小学校>	<http://wikidata.dbpedia.org/resource/Q108908763>
<http://ja.dbpedia.org/resource/比布町立中央小学校>	"比布町立中央小学校"@ja	<http://dbpedia.org/ontology/Organisation>	<http://ja.dbpedia.org/property/設置者>	"設置者"@ja	<http://ja.wikipedia.org/wiki/比布町立中央小学校>	<http://wikidata.dbpedia.org/resource/Q108908763>
<http://ja.dbpedia.org/resource/比布町立中央小学校>	"比布町立中央小学校"@ja	<http://dbpedia.org/ontology/EducationalInstitution>	<http://ja.dbpedia.org/property/設置者>	"設置者"@ja	<http://ja.wikipedia.org/wiki/比布町立中央小学校>	<http://wikidata.dbpedia.org/resource/Q108908763>
<http://ja.dbpedia.org/resource/比布町立中央小学校>	"比布町立中央小学校"@ja	<http://dbpedia.org/ontology/Agent>	<http://ja.dbpedia.org/property/設置者>	"設置者"@ja	<http://ja.wikipedia.org/wiki/比布町立中央小学校>	<http://wikidata.dbpedia.org/resource/Q108908763>
