?s	?sLabel	?type	?p	?pLabel	?jwiki	?wd
<http://ja.dbpedia.org/resource/ガッチャンコバラエティ>	"ガッチャンコバラエティ"@ja	<http://dbpedia.org/ontology/Work>	<http://ja.dbpedia.org/property/title>	"title"@ja	<http://ja.wikipedia.org/wiki/ガッチャンコバラエティ>	<http://wikidata.dbpedia.org/resource/Q24874375>
<http://ja.dbpedia.org/resource/ガッチャンコバラエティ>	"ガッチャンコバラエティ"@ja	<http://dbpedia.org/ontology/TelevisionShow>	<http://ja.dbpedia.org/property/title>	"title"@ja	<http://ja.wikipedia.org/wiki/ガッチャンコバラエティ>	<http://wikidata.dbpedia.org/resource/Q24874375>
<http://ja.dbpedia.org/resource/上富良野町>	"上富良野町"@ja	<http://dbpedia.org/ontology/PopulatedPlace>	<http://ja.dbpedia.org/property/隣接自治体>	"隣接自治体"@ja	<http://ja.wikipedia.org/wiki/上富良野町>	<http://wikidata.dbpedia.org/resource/Q1357226>
<http://ja.dbpedia.org/resource/上富良野町>	"上富良野町"@ja	<http://dbpedia.org/ontology/Place>	<http://ja.dbpedia.org/property/隣接自治体>	"隣接自治体"@ja	<http://ja.wikipedia.org/wiki/上富良野町>	<http://wikidata.dbpedia.org/resource/Q1357226>
<http://ja.dbpedia.org/resource/上富良野町>	"上富良野町"@ja	<http://dbpedia.org/ontology/City>	<http://ja.dbpedia.org/property/隣接自治体>	"隣接自治体"@ja	<http://ja.wikipedia.org/wiki/上富良野町>	<http://wikidata.dbpedia.org/resource/Q1357226>
<http://ja.dbpedia.org/resource/上富良野町>	"上富良野町"@ja	<http://dbpedia.org/ontology/Location>	<http://ja.dbpedia.org/property/隣接自治体>	"隣接自治体"@ja	<http://ja.wikipedia.org/wiki/上富良野町>	<http://wikidata.dbpedia.org/resource/Q1357226>
<http://ja.dbpedia.org/resource/上富良野町>	"上富良野町"@ja	<http://dbpedia.org/ontology/Settlement>	<http://ja.dbpedia.org/property/隣接自治体>	"隣接自治体"@ja	<http://ja.wikipedia.org/wiki/上富良野町>	<http://wikidata.dbpedia.org/resource/Q1357226>
<http://ja.dbpedia.org/resource/中富良野町>	"中富良野町"@ja	<http://dbpedia.org/ontology/Location>	<http://ja.dbpedia.org/property/隣接自治体>	"隣接自治体"@ja	<http://ja.wikipedia.org/wiki/中富良野町>	<http://wikidata.dbpedia.org/resource/Q680384>
<http://ja.dbpedia.org/resource/中富良野町>	"中富良野町"@ja	<http://dbpedia.org/ontology/City>	<http://ja.dbpedia.org/property/隣接自治体>	"隣接自治体"@ja	<http://ja.wikipedia.org/wiki/中富良野町>	<http://wikidata.dbpedia.org/resource/Q680384>
<http://ja.dbpedia.org/resource/中富良野町>	"中富良野町"@ja	<http://dbpedia.org/ontology/PopulatedPlace>	<http://ja.dbpedia.org/property/隣接自治体>	"隣接自治体"@ja	<http://ja.wikipedia.org/wiki/中富良野町>	<http://wikidata.dbpedia.org/resource/Q680384>
<http://ja.dbpedia.org/resource/中富良野町>	"中富良野町"@ja	<http://dbpedia.org/ontology/Settlement>	<http://ja.dbpedia.org/property/隣接自治体>	"隣接自治体"@ja	<http://ja.wikipedia.org/wiki/中富良野町>	<http://wikidata.dbpedia.org/resource/Q680384>
<http://ja.dbpedia.org/resource/中富良野町>	"中富良野町"@ja	<http://dbpedia.org/ontology/Place>	<http://ja.dbpedia.org/property/隣接自治体>	"隣接自治体"@ja	<http://ja.wikipedia.org/wiki/中富良野町>	<http://wikidata.dbpedia.org/resource/Q680384>
<http://ja.dbpedia.org/resource/新得町>	"新得町"@ja	<http://dbpedia.org/ontology/Location>	<http://ja.dbpedia.org/property/southwest>	"Southwest"@ja	<http://ja.wikipedia.org/wiki/新得町>	<http://wikidata.dbpedia.org/resource/Q1210175>
<http://ja.dbpedia.org/resource/新得町>	"新得町"@ja	<http://dbpedia.org/ontology/Settlement>	<http://ja.dbpedia.org/property/southwest>	"Southwest"@ja	<http://ja.wikipedia.org/wiki/新得町>	<http://wikidata.dbpedia.org/resource/Q1210175>
<http://ja.dbpedia.org/resource/新得町>	"新得町"@ja	<http://dbpedia.org/ontology/Place>	<http://ja.dbpedia.org/property/southwest>	"Southwest"@ja	<http://ja.wikipedia.org/wiki/新得町>	<http://wikidata.dbpedia.org/resource/Q1210175>
<http://ja.dbpedia.org/resource/新得町>	"新得町"@ja	<http://dbpedia.org/ontology/City>	<http://ja.dbpedia.org/property/southwest>	"Southwest"@ja	<http://ja.wikipedia.org/wiki/新得町>	<http://wikidata.dbpedia.org/resource/Q1210175>
<http://ja.dbpedia.org/resource/新得町>	"新得町"@ja	<http://dbpedia.org/ontology/PopulatedPlace>	<http://ja.dbpedia.org/property/southwest>	"Southwest"@ja	<http://ja.wikipedia.org/wiki/新得町>	<http://wikidata.dbpedia.org/resource/Q1210175>
<http://ja.dbpedia.org/resource/芦別市>	"芦別市"@ja	<http://dbpedia.org/ontology/Settlement>	<http://ja.dbpedia.org/property/east>	"East"@ja	<http://ja.wikipedia.org/wiki/芦別市>	<http://wikidata.dbpedia.org/resource/Q725311>
<http://ja.dbpedia.org/resource/芦別市>	"芦別市"@ja	<http://dbpedia.org/ontology/Place>	<http://ja.dbpedia.org/property/east>	"East"@ja	<http://ja.wikipedia.org/wiki/芦別市>	<http://wikidata.dbpedia.org/resource/Q725311>
<http://ja.dbpedia.org/resource/芦別市>	"芦別市"@ja	<http://dbpedia.org/ontology/City>	<http://ja.dbpedia.org/property/east>	"East"@ja	<http://ja.wikipedia.org/wiki/芦別市>	<http://wikidata.dbpedia.org/resource/Q725311>
<http://ja.dbpedia.org/resource/芦別市>	"芦別市"@ja	<http://dbpedia.org/ontology/PopulatedPlace>	<http://ja.dbpedia.org/property/east>	"East"@ja	<http://ja.wikipedia.org/wiki/芦別市>	<http://wikidata.dbpedia.org/resource/Q725311>
<http://ja.dbpedia.org/resource/芦別市>	"芦別市"@ja	<http://dbpedia.org/ontology/Location>	<http://ja.dbpedia.org/property/east>	"East"@ja	<http://ja.wikipedia.org/wiki/芦別市>	<http://wikidata.dbpedia.org/resource/Q725311>
