?s	?sLabel	?type	?p	?pLabel	?jwiki	?wd
<http://ja.dbpedia.org/resource/南富良野町>	"南富良野町"@ja	<http://dbpedia.org/ontology/City>	<http://ja.dbpedia.org/property/northeast>	"Northeast"@ja	<http://ja.wikipedia.org/wiki/南富良野町>	<http://wikidata.dbpedia.org/resource/Q1357254>
<http://ja.dbpedia.org/resource/南富良野町>	"南富良野町"@ja	<http://dbpedia.org/ontology/Settlement>	<http://ja.dbpedia.org/property/northeast>	"Northeast"@ja	<http://ja.wikipedia.org/wiki/南富良野町>	<http://wikidata.dbpedia.org/resource/Q1357254>
<http://ja.dbpedia.org/resource/南富良野町>	"南富良野町"@ja	<http://dbpedia.org/ontology/Place>	<http://ja.dbpedia.org/property/northeast>	"Northeast"@ja	<http://ja.wikipedia.org/wiki/南富良野町>	<http://wikidata.dbpedia.org/resource/Q1357254>
<http://ja.dbpedia.org/resource/南富良野町>	"南富良野町"@ja	<http://dbpedia.org/ontology/PopulatedPlace>	<http://ja.dbpedia.org/property/northeast>	"Northeast"@ja	<http://ja.wikipedia.org/wiki/南富良野町>	<http://wikidata.dbpedia.org/resource/Q1357254>
<http://ja.dbpedia.org/resource/南富良野町>	"南富良野町"@ja	<http://dbpedia.org/ontology/Location>	<http://ja.dbpedia.org/property/northeast>	"Northeast"@ja	<http://ja.wikipedia.org/wiki/南富良野町>	<http://wikidata.dbpedia.org/resource/Q1357254>
<http://ja.dbpedia.org/resource/大麦畑でつかまえて>	"大麦畑でつかまえて"@ja	<http://dbpedia.org/ontology/Work>	<http://ja.dbpedia.org/property/撮影地>	"撮影地"@ja	<http://ja.wikipedia.org/wiki/大麦畑でつかまえて>	<http://wikidata.dbpedia.org/resource/Q108693978>
<http://ja.dbpedia.org/resource/大麦畑でつかまえて>	"大麦畑でつかまえて"@ja	<http://dbpedia.org/ontology/TelevisionShow>	<http://ja.dbpedia.org/property/撮影地>	"撮影地"@ja	<http://ja.wikipedia.org/wiki/大麦畑でつかまえて>	<http://wikidata.dbpedia.org/resource/Q108693978>
<http://ja.dbpedia.org/resource/富良野市>	"富良野市"@ja	<http://dbpedia.org/ontology/Location>	<http://ja.dbpedia.org/property/隣接自治体>	"隣接自治体"@ja	<http://ja.wikipedia.org/wiki/富良野市>	<http://wikidata.dbpedia.org/resource/Q654738>
<http://ja.dbpedia.org/resource/富良野市>	"富良野市"@ja	<http://dbpedia.org/ontology/City>	<http://ja.dbpedia.org/property/隣接自治体>	"隣接自治体"@ja	<http://ja.wikipedia.org/wiki/富良野市>	<http://wikidata.dbpedia.org/resource/Q654738>
<http://ja.dbpedia.org/resource/富良野市>	"富良野市"@ja	<http://dbpedia.org/ontology/PopulatedPlace>	<http://ja.dbpedia.org/property/隣接自治体>	"隣接自治体"@ja	<http://ja.wikipedia.org/wiki/富良野市>	<http://wikidata.dbpedia.org/resource/Q654738>
<http://ja.dbpedia.org/resource/富良野市>	"富良野市"@ja	<http://dbpedia.org/ontology/Settlement>	<http://ja.dbpedia.org/property/隣接自治体>	"隣接自治体"@ja	<http://ja.wikipedia.org/wiki/富良野市>	<http://wikidata.dbpedia.org/resource/Q654738>
<http://ja.dbpedia.org/resource/富良野市>	"富良野市"@ja	<http://dbpedia.org/ontology/Place>	<http://ja.dbpedia.org/property/隣接自治体>	"隣接自治体"@ja	<http://ja.wikipedia.org/wiki/富良野市>	<http://wikidata.dbpedia.org/resource/Q654738>
<http://ja.dbpedia.org/resource/新得町>	"新得町"@ja	<http://dbpedia.org/ontology/Location>	<http://ja.dbpedia.org/property/west>	"West"@ja	<http://ja.wikipedia.org/wiki/新得町>	<http://wikidata.dbpedia.org/resource/Q1210175>
<http://ja.dbpedia.org/resource/新得町>	"新得町"@ja	<http://dbpedia.org/ontology/Settlement>	<http://ja.dbpedia.org/property/west>	"West"@ja	<http://ja.wikipedia.org/wiki/新得町>	<http://wikidata.dbpedia.org/resource/Q1210175>
<http://ja.dbpedia.org/resource/新得町>	"新得町"@ja	<http://dbpedia.org/ontology/Place>	<http://ja.dbpedia.org/property/west>	"West"@ja	<http://ja.wikipedia.org/wiki/新得町>	<http://wikidata.dbpedia.org/resource/Q1210175>
<http://ja.dbpedia.org/resource/新得町>	"新得町"@ja	<http://dbpedia.org/ontology/City>	<http://ja.dbpedia.org/property/west>	"West"@ja	<http://ja.wikipedia.org/wiki/新得町>	<http://wikidata.dbpedia.org/resource/Q1210175>
<http://ja.dbpedia.org/resource/新得町>	"新得町"@ja	<http://dbpedia.org/ontology/PopulatedPlace>	<http://ja.dbpedia.org/property/west>	"West"@ja	<http://ja.wikipedia.org/wiki/新得町>	<http://wikidata.dbpedia.org/resource/Q1210175>
<http://ja.dbpedia.org/resource/美瑛町>	"美瑛町"@ja	<http://dbpedia.org/ontology/Settlement>	<http://ja.dbpedia.org/property/隣接自治体>	"隣接自治体"@ja	<http://ja.wikipedia.org/wiki/美瑛町>	<http://wikidata.dbpedia.org/resource/Q1355491>
<http://ja.dbpedia.org/resource/美瑛町>	"美瑛町"@ja	<http://dbpedia.org/ontology/Place>	<http://ja.dbpedia.org/property/隣接自治体>	"隣接自治体"@ja	<http://ja.wikipedia.org/wiki/美瑛町>	<http://wikidata.dbpedia.org/resource/Q1355491>
<http://ja.dbpedia.org/resource/美瑛町>	"美瑛町"@ja	<http://dbpedia.org/ontology/City>	<http://ja.dbpedia.org/property/隣接自治体>	"隣接自治体"@ja	<http://ja.wikipedia.org/wiki/美瑛町>	<http://wikidata.dbpedia.org/resource/Q1355491>
<http://ja.dbpedia.org/resource/美瑛町>	"美瑛町"@ja	<http://dbpedia.org/ontology/PopulatedPlace>	<http://ja.dbpedia.org/property/隣接自治体>	"隣接自治体"@ja	<http://ja.wikipedia.org/wiki/美瑛町>	<http://wikidata.dbpedia.org/resource/Q1355491>
<http://ja.dbpedia.org/resource/美瑛町>	"美瑛町"@ja	<http://dbpedia.org/ontology/Location>	<http://ja.dbpedia.org/property/隣接自治体>	"隣接自治体"@ja	<http://ja.wikipedia.org/wiki/美瑛町>	<http://wikidata.dbpedia.org/resource/Q1355491>
