?s	?sLabel	?type	?p	?pLabel	?jwiki	?wd
<http://ja.dbpedia.org/resource/占冠村>	"占冠村"@ja	<http://dbpedia.org/ontology/City>	<http://ja.dbpedia.org/property/隣接自治体>	"隣接自治体"@ja	<http://ja.wikipedia.org/wiki/占冠村>	<http://wikidata.dbpedia.org/resource/Q1356989>
<http://ja.dbpedia.org/resource/占冠村>	"占冠村"@ja	<http://dbpedia.org/ontology/PopulatedPlace>	<http://ja.dbpedia.org/property/隣接自治体>	"隣接自治体"@ja	<http://ja.wikipedia.org/wiki/占冠村>	<http://wikidata.dbpedia.org/resource/Q1356989>
<http://ja.dbpedia.org/resource/占冠村>	"占冠村"@ja	<http://dbpedia.org/ontology/Place>	<http://ja.dbpedia.org/property/隣接自治体>	"隣接自治体"@ja	<http://ja.wikipedia.org/wiki/占冠村>	<http://wikidata.dbpedia.org/resource/Q1356989>
<http://ja.dbpedia.org/resource/占冠村>	"占冠村"@ja	<http://dbpedia.org/ontology/Location>	<http://ja.dbpedia.org/property/隣接自治体>	"隣接自治体"@ja	<http://ja.wikipedia.org/wiki/占冠村>	<http://wikidata.dbpedia.org/resource/Q1356989>
<http://ja.dbpedia.org/resource/占冠村>	"占冠村"@ja	<http://dbpedia.org/ontology/Settlement>	<http://ja.dbpedia.org/property/隣接自治体>	"隣接自治体"@ja	<http://ja.wikipedia.org/wiki/占冠村>	<http://wikidata.dbpedia.org/resource/Q1356989>
<http://ja.dbpedia.org/resource/富良野市>	"富良野市"@ja	<http://dbpedia.org/ontology/Location>	<http://ja.dbpedia.org/property/隣接自治体>	"隣接自治体"@ja	<http://ja.wikipedia.org/wiki/富良野市>	<http://wikidata.dbpedia.org/resource/Q654738>
<http://ja.dbpedia.org/resource/富良野市>	"富良野市"@ja	<http://dbpedia.org/ontology/City>	<http://ja.dbpedia.org/property/隣接自治体>	"隣接自治体"@ja	<http://ja.wikipedia.org/wiki/富良野市>	<http://wikidata.dbpedia.org/resource/Q654738>
<http://ja.dbpedia.org/resource/富良野市>	"富良野市"@ja	<http://dbpedia.org/ontology/PopulatedPlace>	<http://ja.dbpedia.org/property/隣接自治体>	"隣接自治体"@ja	<http://ja.wikipedia.org/wiki/富良野市>	<http://wikidata.dbpedia.org/resource/Q654738>
<http://ja.dbpedia.org/resource/富良野市>	"富良野市"@ja	<http://dbpedia.org/ontology/Settlement>	<http://ja.dbpedia.org/property/隣接自治体>	"隣接自治体"@ja	<http://ja.wikipedia.org/wiki/富良野市>	<http://wikidata.dbpedia.org/resource/Q654738>
<http://ja.dbpedia.org/resource/富良野市>	"富良野市"@ja	<http://dbpedia.org/ontology/Place>	<http://ja.dbpedia.org/property/隣接自治体>	"隣接自治体"@ja	<http://ja.wikipedia.org/wiki/富良野市>	<http://wikidata.dbpedia.org/resource/Q654738>
<http://ja.dbpedia.org/resource/新得町>	"新得町"@ja	<http://dbpedia.org/ontology/City>	<http://ja.dbpedia.org/property/west>	"West"@ja	<http://ja.wikipedia.org/wiki/新得町>	<http://wikidata.dbpedia.org/resource/Q1210175>
<http://ja.dbpedia.org/resource/新得町>	"新得町"@ja	<http://dbpedia.org/ontology/PopulatedPlace>	<http://ja.dbpedia.org/property/west>	"West"@ja	<http://ja.wikipedia.org/wiki/新得町>	<http://wikidata.dbpedia.org/resource/Q1210175>
<http://ja.dbpedia.org/resource/新得町>	"新得町"@ja	<http://dbpedia.org/ontology/Place>	<http://ja.dbpedia.org/property/west>	"West"@ja	<http://ja.wikipedia.org/wiki/新得町>	<http://wikidata.dbpedia.org/resource/Q1210175>
<http://ja.dbpedia.org/resource/新得町>	"新得町"@ja	<http://dbpedia.org/ontology/Location>	<http://ja.dbpedia.org/property/west>	"West"@ja	<http://ja.wikipedia.org/wiki/新得町>	<http://wikidata.dbpedia.org/resource/Q1210175>
<http://ja.dbpedia.org/resource/新得町>	"新得町"@ja	<http://dbpedia.org/ontology/Settlement>	<http://ja.dbpedia.org/property/west>	"West"@ja	<http://ja.wikipedia.org/wiki/新得町>	<http://wikidata.dbpedia.org/resource/Q1210175>
<http://ja.dbpedia.org/resource/清水町_(北海道)>	"清水町 (北海道)"@ja	<http://dbpedia.org/ontology/Location>	<http://ja.dbpedia.org/property/northwest>	"Northwest"@ja	<http://ja.wikipedia.org/wiki/清水町_(北海道)>	<http://wikidata.dbpedia.org/resource/Q1210528>
<http://ja.dbpedia.org/resource/清水町_(北海道)>	"清水町 (北海道)"@ja	<http://dbpedia.org/ontology/Settlement>	<http://ja.dbpedia.org/property/northwest>	"Northwest"@ja	<http://ja.wikipedia.org/wiki/清水町_(北海道)>	<http://wikidata.dbpedia.org/resource/Q1210528>
<http://ja.dbpedia.org/resource/清水町_(北海道)>	"清水町 (北海道)"@ja	<http://dbpedia.org/ontology/Place>	<http://ja.dbpedia.org/property/northwest>	"Northwest"@ja	<http://ja.wikipedia.org/wiki/清水町_(北海道)>	<http://wikidata.dbpedia.org/resource/Q1210528>
<http://ja.dbpedia.org/resource/清水町_(北海道)>	"清水町 (北海道)"@ja	<http://dbpedia.org/ontology/City>	<http://ja.dbpedia.org/property/northwest>	"Northwest"@ja	<http://ja.wikipedia.org/wiki/清水町_(北海道)>	<http://wikidata.dbpedia.org/resource/Q1210528>
<http://ja.dbpedia.org/resource/清水町_(北海道)>	"清水町 (北海道)"@ja	<http://dbpedia.org/ontology/PopulatedPlace>	<http://ja.dbpedia.org/property/northwest>	"Northwest"@ja	<http://ja.wikipedia.org/wiki/清水町_(北海道)>	<http://wikidata.dbpedia.org/resource/Q1210528>
<http://ja.dbpedia.org/resource/芦別市>	"芦別市"@ja	<http://dbpedia.org/ontology/Settlement>	<http://ja.dbpedia.org/property/southeast>	"Southeast"@ja	<http://ja.wikipedia.org/wiki/芦別市>	<http://wikidata.dbpedia.org/resource/Q725311>
<http://ja.dbpedia.org/resource/芦別市>	"芦別市"@ja	<http://dbpedia.org/ontology/Place>	<http://ja.dbpedia.org/property/southeast>	"Southeast"@ja	<http://ja.wikipedia.org/wiki/芦別市>	<http://wikidata.dbpedia.org/resource/Q725311>
<http://ja.dbpedia.org/resource/芦別市>	"芦別市"@ja	<http://dbpedia.org/ontology/City>	<http://ja.dbpedia.org/property/southeast>	"Southeast"@ja	<http://ja.wikipedia.org/wiki/芦別市>	<http://wikidata.dbpedia.org/resource/Q725311>
<http://ja.dbpedia.org/resource/芦別市>	"芦別市"@ja	<http://dbpedia.org/ontology/PopulatedPlace>	<http://ja.dbpedia.org/property/southeast>	"Southeast"@ja	<http://ja.wikipedia.org/wiki/芦別市>	<http://wikidata.dbpedia.org/resource/Q725311>
<http://ja.dbpedia.org/resource/芦別市>	"芦別市"@ja	<http://dbpedia.org/ontology/Location>	<http://ja.dbpedia.org/property/southeast>	"Southeast"@ja	<http://ja.wikipedia.org/wiki/芦別市>	<http://wikidata.dbpedia.org/resource/Q725311>
