?s	?sLabel	?type	?p	?pLabel	?jwiki	?wd
<http://ja.dbpedia.org/resource/サロベツ川>	"サロベツ川"@ja	<http://dbpedia.org/ontology/BodyOfWater>	<http://ja.dbpedia.org/property/水源>	"水源"@ja	<http://ja.wikipedia.org/wiki/サロベツ川>	<http://wikidata.dbpedia.org/resource/Q11305417>
<http://ja.dbpedia.org/resource/サロベツ川>	"サロベツ川"@ja	<http://dbpedia.org/ontology/Location>	<http://ja.dbpedia.org/property/水源>	"水源"@ja	<http://ja.wikipedia.org/wiki/サロベツ川>	<http://wikidata.dbpedia.org/resource/Q11305417>
<http://ja.dbpedia.org/resource/サロベツ川>	"サロベツ川"@ja	<http://dbpedia.org/ontology/NaturalPlace>	<http://ja.dbpedia.org/property/水源>	"水源"@ja	<http://ja.wikipedia.org/wiki/サロベツ川>	<http://wikidata.dbpedia.org/resource/Q11305417>
<http://ja.dbpedia.org/resource/サロベツ川>	"サロベツ川"@ja	<http://dbpedia.org/ontology/Place>	<http://ja.dbpedia.org/property/水源>	"水源"@ja	<http://ja.wikipedia.org/wiki/サロベツ川>	<http://wikidata.dbpedia.org/resource/Q11305417>
<http://ja.dbpedia.org/resource/サロベツ川>	"サロベツ川"@ja	<http://dbpedia.org/ontology/Stream>	<http://ja.dbpedia.org/property/水源>	"水源"@ja	<http://ja.wikipedia.org/wiki/サロベツ川>	<http://wikidata.dbpedia.org/resource/Q11305417>
<http://ja.dbpedia.org/resource/サロベツ川>	"サロベツ川"@ja	<http://dbpedia.org/ontology/River>	<http://ja.dbpedia.org/property/水源>	"水源"@ja	<http://ja.wikipedia.org/wiki/サロベツ川>	<http://wikidata.dbpedia.org/resource/Q11305417>
