?s	?sLabel	?type	?p	?pLabel	?jwiki	?wd
<http://ja.dbpedia.org/resource/サロベツ川>	"サロベツ川"@ja	<http://dbpedia.org/ontology/BodyOfWater>	<http://ja.dbpedia.org/property/河口>	"河口"@ja	<http://ja.wikipedia.org/wiki/サロベツ川>	<http://wikidata.dbpedia.org/resource/Q11305417>
<http://ja.dbpedia.org/resource/サロベツ川>	"サロベツ川"@ja	<http://dbpedia.org/ontology/Location>	<http://ja.dbpedia.org/property/河口>	"河口"@ja	<http://ja.wikipedia.org/wiki/サロベツ川>	<http://wikidata.dbpedia.org/resource/Q11305417>
<http://ja.dbpedia.org/resource/サロベツ川>	"サロベツ川"@ja	<http://dbpedia.org/ontology/Stream>	<http://ja.dbpedia.org/property/河口>	"河口"@ja	<http://ja.wikipedia.org/wiki/サロベツ川>	<http://wikidata.dbpedia.org/resource/Q11305417>
<http://ja.dbpedia.org/resource/サロベツ川>	"サロベツ川"@ja	<http://dbpedia.org/ontology/Place>	<http://ja.dbpedia.org/property/河口>	"河口"@ja	<http://ja.wikipedia.org/wiki/サロベツ川>	<http://wikidata.dbpedia.org/resource/Q11305417>
<http://ja.dbpedia.org/resource/サロベツ川>	"サロベツ川"@ja	<http://dbpedia.org/ontology/River>	<http://ja.dbpedia.org/property/河口>	"河口"@ja	<http://ja.wikipedia.org/wiki/サロベツ川>	<http://wikidata.dbpedia.org/resource/Q11305417>
<http://ja.dbpedia.org/resource/サロベツ川>	"サロベツ川"@ja	<http://dbpedia.org/ontology/NaturalPlace>	<http://ja.dbpedia.org/property/河口>	"河口"@ja	<http://ja.wikipedia.org/wiki/サロベツ川>	<http://wikidata.dbpedia.org/resource/Q11305417>
<http://ja.dbpedia.org/resource/中川町>	"中川町"@ja	<http://dbpedia.org/ontology/City>	<http://ja.dbpedia.org/property/隣接自治体>	"隣接自治体"@ja	<http://ja.wikipedia.org/wiki/中川町>	<http://wikidata.dbpedia.org/resource/Q1210568>
<http://ja.dbpedia.org/resource/中川町>	"中川町"@ja	<http://dbpedia.org/ontology/PopulatedPlace>	<http://ja.dbpedia.org/property/隣接自治体>	"隣接自治体"@ja	<http://ja.wikipedia.org/wiki/中川町>	<http://wikidata.dbpedia.org/resource/Q1210568>
<http://ja.dbpedia.org/resource/中川町>	"中川町"@ja	<http://dbpedia.org/ontology/Place>	<http://ja.dbpedia.org/property/隣接自治体>	"隣接自治体"@ja	<http://ja.wikipedia.org/wiki/中川町>	<http://wikidata.dbpedia.org/resource/Q1210568>
<http://ja.dbpedia.org/resource/中川町>	"中川町"@ja	<http://dbpedia.org/ontology/Location>	<http://ja.dbpedia.org/property/隣接自治体>	"隣接自治体"@ja	<http://ja.wikipedia.org/wiki/中川町>	<http://wikidata.dbpedia.org/resource/Q1210568>
<http://ja.dbpedia.org/resource/中川町>	"中川町"@ja	<http://dbpedia.org/ontology/Settlement>	<http://ja.dbpedia.org/property/隣接自治体>	"隣接自治体"@ja	<http://ja.wikipedia.org/wiki/中川町>	<http://wikidata.dbpedia.org/resource/Q1210568>
<http://ja.dbpedia.org/resource/中頓別町>	"中頓別町"@ja	<http://dbpedia.org/ontology/Location>	<http://ja.dbpedia.org/property/隣接自治体>	"隣接自治体"@ja	<http://ja.wikipedia.org/wiki/中頓別町>	<http://wikidata.dbpedia.org/resource/Q1211211>
<http://ja.dbpedia.org/resource/中頓別町>	"中頓別町"@ja	<http://dbpedia.org/ontology/City>	<http://ja.dbpedia.org/property/隣接自治体>	"隣接自治体"@ja	<http://ja.wikipedia.org/wiki/中頓別町>	<http://wikidata.dbpedia.org/resource/Q1211211>
<http://ja.dbpedia.org/resource/中頓別町>	"中頓別町"@ja	<http://dbpedia.org/ontology/PopulatedPlace>	<http://ja.dbpedia.org/property/隣接自治体>	"隣接自治体"@ja	<http://ja.wikipedia.org/wiki/中頓別町>	<http://wikidata.dbpedia.org/resource/Q1211211>
<http://ja.dbpedia.org/resource/中頓別町>	"中頓別町"@ja	<http://dbpedia.org/ontology/Settlement>	<http://ja.dbpedia.org/property/隣接自治体>	"隣接自治体"@ja	<http://ja.wikipedia.org/wiki/中頓別町>	<http://wikidata.dbpedia.org/resource/Q1211211>
<http://ja.dbpedia.org/resource/中頓別町>	"中頓別町"@ja	<http://dbpedia.org/ontology/Place>	<http://ja.dbpedia.org/property/隣接自治体>	"隣接自治体"@ja	<http://ja.wikipedia.org/wiki/中頓別町>	<http://wikidata.dbpedia.org/resource/Q1211211>
<http://ja.dbpedia.org/resource/浜頓別町>	"浜頓別町"@ja	<http://dbpedia.org/ontology/Location>	<http://ja.dbpedia.org/property/west>	"West"@ja	<http://ja.wikipedia.org/wiki/浜頓別町>	<http://wikidata.dbpedia.org/resource/Q1210124>
<http://ja.dbpedia.org/resource/浜頓別町>	"浜頓別町"@ja	<http://dbpedia.org/ontology/PopulatedPlace>	<http://ja.dbpedia.org/property/隣接自治体>	"隣接自治体"@ja	<http://ja.wikipedia.org/wiki/浜頓別町>	<http://wikidata.dbpedia.org/resource/Q1210124>
<http://ja.dbpedia.org/resource/浜頓別町>	"浜頓別町"@ja	<http://dbpedia.org/ontology/Location>	<http://ja.dbpedia.org/property/隣接自治体>	"隣接自治体"@ja	<http://ja.wikipedia.org/wiki/浜頓別町>	<http://wikidata.dbpedia.org/resource/Q1210124>
<http://ja.dbpedia.org/resource/浜頓別町>	"浜頓別町"@ja	<http://dbpedia.org/ontology/City>	<http://ja.dbpedia.org/property/隣接自治体>	"隣接自治体"@ja	<http://ja.wikipedia.org/wiki/浜頓別町>	<http://wikidata.dbpedia.org/resource/Q1210124>
<http://ja.dbpedia.org/resource/浜頓別町>	"浜頓別町"@ja	<http://dbpedia.org/ontology/City>	<http://ja.dbpedia.org/property/west>	"West"@ja	<http://ja.wikipedia.org/wiki/浜頓別町>	<http://wikidata.dbpedia.org/resource/Q1210124>
<http://ja.dbpedia.org/resource/浜頓別町>	"浜頓別町"@ja	<http://dbpedia.org/ontology/PopulatedPlace>	<http://ja.dbpedia.org/property/west>	"West"@ja	<http://ja.wikipedia.org/wiki/浜頓別町>	<http://wikidata.dbpedia.org/resource/Q1210124>
<http://ja.dbpedia.org/resource/浜頓別町>	"浜頓別町"@ja	<http://dbpedia.org/ontology/Place>	<http://ja.dbpedia.org/property/west>	"West"@ja	<http://ja.wikipedia.org/wiki/浜頓別町>	<http://wikidata.dbpedia.org/resource/Q1210124>
<http://ja.dbpedia.org/resource/浜頓別町>	"浜頓別町"@ja	<http://dbpedia.org/ontology/Place>	<http://ja.dbpedia.org/property/隣接自治体>	"隣接自治体"@ja	<http://ja.wikipedia.org/wiki/浜頓別町>	<http://wikidata.dbpedia.org/resource/Q1210124>
<http://ja.dbpedia.org/resource/浜頓別町>	"浜頓別町"@ja	<http://dbpedia.org/ontology/Settlement>	<http://ja.dbpedia.org/property/west>	"West"@ja	<http://ja.wikipedia.org/wiki/浜頓別町>	<http://wikidata.dbpedia.org/resource/Q1210124>
<http://ja.dbpedia.org/resource/浜頓別町>	"浜頓別町"@ja	<http://dbpedia.org/ontology/Settlement>	<http://ja.dbpedia.org/property/隣接自治体>	"隣接自治体"@ja	<http://ja.wikipedia.org/wiki/浜頓別町>	<http://wikidata.dbpedia.org/resource/Q1210124>
<http://ja.dbpedia.org/resource/豊富町>	"豊富町"@ja	<http://dbpedia.org/ontology/Location>	<http://ja.dbpedia.org/property/隣接自治体>	"隣接自治体"@ja	<http://ja.wikipedia.org/wiki/豊富町>	<http://wikidata.dbpedia.org/resource/Q1210534>
<http://ja.dbpedia.org/resource/豊富町>	"豊富町"@ja	<http://dbpedia.org/ontology/Place>	<http://ja.dbpedia.org/property/隣接自治体>	"隣接自治体"@ja	<http://ja.wikipedia.org/wiki/豊富町>	<http://wikidata.dbpedia.org/resource/Q1210534>
<http://ja.dbpedia.org/resource/豊富町>	"豊富町"@ja	<http://dbpedia.org/ontology/PopulatedPlace>	<http://ja.dbpedia.org/property/隣接自治体>	"隣接自治体"@ja	<http://ja.wikipedia.org/wiki/豊富町>	<http://wikidata.dbpedia.org/resource/Q1210534>
<http://ja.dbpedia.org/resource/豊富町>	"豊富町"@ja	<http://dbpedia.org/ontology/City>	<http://ja.dbpedia.org/property/隣接自治体>	"隣接自治体"@ja	<http://ja.wikipedia.org/wiki/豊富町>	<http://wikidata.dbpedia.org/resource/Q1210534>
<http://ja.dbpedia.org/resource/豊富町>	"豊富町"@ja	<http://dbpedia.org/ontology/Settlement>	<http://ja.dbpedia.org/property/隣接自治体>	"隣接自治体"@ja	<http://ja.wikipedia.org/wiki/豊富町>	<http://wikidata.dbpedia.org/resource/Q1210534>
