?s	?sLabel	?type	?p	?pLabel	?jwiki	?wd
<http://ja.dbpedia.org/resource/国道291号>	"国道291号"@ja	<http://dbpedia.org/ontology/ArchitecturalStructure>	<http://ja.dbpedia.org/property/cities>	"cities"@ja	<http://ja.wikipedia.org/wiki/国道291号>	<http://wikidata.dbpedia.org/resource/Q6157145>
<http://ja.dbpedia.org/resource/国道291号>	"国道291号"@ja	<http://dbpedia.org/ontology/Road>	<http://ja.dbpedia.org/property/cities>	"cities"@ja	<http://ja.wikipedia.org/wiki/国道291号>	<http://wikidata.dbpedia.org/resource/Q6157145>
<http://ja.dbpedia.org/resource/国道291号>	"国道291号"@ja	<http://dbpedia.org/ontology/RouteOfTransportation>	<http://ja.dbpedia.org/property/cities>	"cities"@ja	<http://ja.wikipedia.org/wiki/国道291号>	<http://wikidata.dbpedia.org/resource/Q6157145>
<http://ja.dbpedia.org/resource/国道291号>	"国道291号"@ja	<http://dbpedia.org/ontology/Infrastructure>	<http://ja.dbpedia.org/property/cities>	"cities"@ja	<http://ja.wikipedia.org/wiki/国道291号>	<http://wikidata.dbpedia.org/resource/Q6157145>
<http://ja.dbpedia.org/resource/城内_(小千谷市)>	"城内 (小千谷市)"@ja	<http://dbpedia.org/ontology/Location>	<http://ja.dbpedia.org/property/subdivisionName>	"subdivision name"@ja	<http://ja.wikipedia.org/wiki/城内_(小千谷市)>	<http://wikidata.dbpedia.org/resource/Q11425984>
<http://ja.dbpedia.org/resource/城内_(小千谷市)>	"城内 (小千谷市)"@ja	<http://dbpedia.org/ontology/PopulatedPlace>	<http://ja.dbpedia.org/property/subdivisionName>	"subdivision name"@ja	<http://ja.wikipedia.org/wiki/城内_(小千谷市)>	<http://wikidata.dbpedia.org/resource/Q11425984>
<http://ja.dbpedia.org/resource/城内_(小千谷市)>	"城内 (小千谷市)"@ja	<http://dbpedia.org/ontology/Settlement>	<http://ja.dbpedia.org/property/subdivisionName>	"subdivision name"@ja	<http://ja.wikipedia.org/wiki/城内_(小千谷市)>	<http://wikidata.dbpedia.org/resource/Q11425984>
<http://ja.dbpedia.org/resource/城内_(小千谷市)>	"城内 (小千谷市)"@ja	<http://dbpedia.org/ontology/Place>	<http://ja.dbpedia.org/property/subdivisionName>	"subdivision name"@ja	<http://ja.wikipedia.org/wiki/城内_(小千谷市)>	<http://wikidata.dbpedia.org/resource/Q11425984>
<http://ja.dbpedia.org/resource/塩殿>	"塩殿"@ja	<http://dbpedia.org/ontology/Place>	<http://ja.dbpedia.org/property/subdivisionName>	"subdivision name"@ja	<http://ja.wikipedia.org/wiki/塩殿>	<http://wikidata.dbpedia.org/resource/Q11428745>
<http://ja.dbpedia.org/resource/塩殿>	"塩殿"@ja	<http://dbpedia.org/ontology/Settlement>	<http://ja.dbpedia.org/property/subdivisionName>	"subdivision name"@ja	<http://ja.wikipedia.org/wiki/塩殿>	<http://wikidata.dbpedia.org/resource/Q11428745>
<http://ja.dbpedia.org/resource/塩殿>	"塩殿"@ja	<http://dbpedia.org/ontology/Location>	<http://ja.dbpedia.org/property/subdivisionName>	"subdivision name"@ja	<http://ja.wikipedia.org/wiki/塩殿>	<http://wikidata.dbpedia.org/resource/Q11428745>
<http://ja.dbpedia.org/resource/塩殿>	"塩殿"@ja	<http://dbpedia.org/ontology/PopulatedPlace>	<http://ja.dbpedia.org/property/subdivisionName>	"subdivision name"@ja	<http://ja.wikipedia.org/wiki/塩殿>	<http://wikidata.dbpedia.org/resource/Q11428745>
<http://ja.dbpedia.org/resource/小千谷市立千田中学校>	"小千谷市立千田中学校"@ja	<http://dbpedia.org/ontology/Agent>	<http://ja.dbpedia.org/property/設置者>	"設置者"@ja	<http://ja.wikipedia.org/wiki/小千谷市立千田中学校>	<http://wikidata.dbpedia.org/resource/Q11459171>
<http://ja.dbpedia.org/resource/小千谷市立千田中学校>	"小千谷市立千田中学校"@ja	<http://dbpedia.org/ontology/Organisation>	<http://ja.dbpedia.org/property/設置者>	"設置者"@ja	<http://ja.wikipedia.org/wiki/小千谷市立千田中学校>	<http://wikidata.dbpedia.org/resource/Q11459171>
<http://ja.dbpedia.org/resource/小千谷市立千田中学校>	"小千谷市立千田中学校"@ja	<http://dbpedia.org/ontology/School>	<http://ja.dbpedia.org/property/設置者>	"設置者"@ja	<http://ja.wikipedia.org/wiki/小千谷市立千田中学校>	<http://wikidata.dbpedia.org/resource/Q11459171>
<http://ja.dbpedia.org/resource/小千谷市立千田中学校>	"小千谷市立千田中学校"@ja	<http://dbpedia.org/ontology/EducationalInstitution>	<http://ja.dbpedia.org/property/設置者>	"設置者"@ja	<http://ja.wikipedia.org/wiki/小千谷市立千田中学校>	<http://wikidata.dbpedia.org/resource/Q11459171>
<http://ja.dbpedia.org/resource/小千谷市立図書館>	"小千谷市立図書館"@ja	<http://dbpedia.org/ontology/EducationalInstitution>	<http://ja.dbpedia.org/property/管理運営>	"管理運営"@ja	<http://ja.wikipedia.org/wiki/小千谷市立図書館>	<http://wikidata.dbpedia.org/resource/Q11459172>
<http://ja.dbpedia.org/resource/小千谷市立図書館>	"小千谷市立図書館"@ja	<http://dbpedia.org/ontology/EducationalInstitution>	<http://ja.dbpedia.org/property/事業主体>	"事業主体"@ja	<http://ja.wikipedia.org/wiki/小千谷市立図書館>	<http://wikidata.dbpedia.org/resource/Q11459172>
<http://ja.dbpedia.org/resource/小千谷市立図書館>	"小千谷市立図書館"@ja	<http://dbpedia.org/ontology/Organisation>	<http://ja.dbpedia.org/property/管理運営>	"管理運営"@ja	<http://ja.wikipedia.org/wiki/小千谷市立図書館>	<http://wikidata.dbpedia.org/resource/Q11459172>
<http://ja.dbpedia.org/resource/小千谷市立図書館>	"小千谷市立図書館"@ja	<http://dbpedia.org/ontology/Organisation>	<http://ja.dbpedia.org/property/事業主体>	"事業主体"@ja	<http://ja.wikipedia.org/wiki/小千谷市立図書館>	<http://wikidata.dbpedia.org/resource/Q11459172>
<http://ja.dbpedia.org/resource/小千谷市立図書館>	"小千谷市立図書館"@ja	<http://dbpedia.org/ontology/Agent>	<http://ja.dbpedia.org/property/事業主体>	"事業主体"@ja	<http://ja.wikipedia.org/wiki/小千谷市立図書館>	<http://wikidata.dbpedia.org/resource/Q11459172>
<http://ja.dbpedia.org/resource/小千谷市立図書館>	"小千谷市立図書館"@ja	<http://dbpedia.org/ontology/Agent>	<http://ja.dbpedia.org/property/管理運営>	"管理運営"@ja	<http://ja.wikipedia.org/wiki/小千谷市立図書館>	<http://wikidata.dbpedia.org/resource/Q11459172>
<http://ja.dbpedia.org/resource/小千谷市立図書館>	"小千谷市立図書館"@ja	<http://dbpedia.org/ontology/Library>	<http://ja.dbpedia.org/property/管理運営>	"管理運営"@ja	<http://ja.wikipedia.org/wiki/小千谷市立図書館>	<http://wikidata.dbpedia.org/resource/Q11459172>
<http://ja.dbpedia.org/resource/小千谷市立図書館>	"小千谷市立図書館"@ja	<http://dbpedia.org/ontology/Library>	<http://ja.dbpedia.org/property/事業主体>	"事業主体"@ja	<http://ja.wikipedia.org/wiki/小千谷市立図書館>	<http://wikidata.dbpedia.org/resource/Q11459172>
<http://ja.dbpedia.org/resource/小千谷市立小千谷中学校>	"小千谷市立小千谷中学校"@ja	<http://dbpedia.org/ontology/Agent>	<http://ja.dbpedia.org/property/設置者>	"設置者"@ja	<http://ja.wikipedia.org/wiki/小千谷市立小千谷中学校>	<http://wikidata.dbpedia.org/resource/Q11459173>
<http://ja.dbpedia.org/resource/小千谷市立小千谷中学校>	"小千谷市立小千谷中学校"@ja	<http://dbpedia.org/ontology/Organisation>	<http://ja.dbpedia.org/property/設置者>	"設置者"@ja	<http://ja.wikipedia.org/wiki/小千谷市立小千谷中学校>	<http://wikidata.dbpedia.org/resource/Q11459173>
<http://ja.dbpedia.org/resource/小千谷市立小千谷中学校>	"小千谷市立小千谷中学校"@ja	<http://dbpedia.org/ontology/School>	<http://ja.dbpedia.org/property/設置者>	"設置者"@ja	<http://ja.wikipedia.org/wiki/小千谷市立小千谷中学校>	<http://wikidata.dbpedia.org/resource/Q11459173>
<http://ja.dbpedia.org/resource/小千谷市立小千谷中学校>	"小千谷市立小千谷中学校"@ja	<http://dbpedia.org/ontology/EducationalInstitution>	<http://ja.dbpedia.org/property/設置者>	"設置者"@ja	<http://ja.wikipedia.org/wiki/小千谷市立小千谷中学校>	<http://wikidata.dbpedia.org/resource/Q11459173>
<http://ja.dbpedia.org/resource/小千谷市立小千谷小学校>	"小千谷市立小千谷小学校"@ja	<http://dbpedia.org/ontology/Agent>	<http://ja.dbpedia.org/property/設置者>	"設置者"@ja	<http://ja.wikipedia.org/wiki/小千谷市立小千谷小学校>	<http://wikidata.dbpedia.org/resource/Q11459174>
<http://ja.dbpedia.org/resource/小千谷市立小千谷小学校>	"小千谷市立小千谷小学校"@ja	<http://dbpedia.org/ontology/Organisation>	<http://ja.dbpedia.org/property/設置者>	"設置者"@ja	<http://ja.wikipedia.org/wiki/小千谷市立小千谷小学校>	<http://wikidata.dbpedia.org/resource/Q11459174>
<http://ja.dbpedia.org/resource/小千谷市立小千谷小学校>	"小千谷市立小千谷小学校"@ja	<http://dbpedia.org/ontology/School>	<http://ja.dbpedia.org/property/設置者>	"設置者"@ja	<http://ja.wikipedia.org/wiki/小千谷市立小千谷小学校>	<http://wikidata.dbpedia.org/resource/Q11459174>
<http://ja.dbpedia.org/resource/小千谷市立小千谷小学校>	"小千谷市立小千谷小学校"@ja	<http://dbpedia.org/ontology/EducationalInstitution>	<http://ja.dbpedia.org/property/設置者>	"設置者"@ja	<http://ja.wikipedia.org/wiki/小千谷市立小千谷小学校>	<http://wikidata.dbpedia.org/resource/Q11459174>
<http://ja.dbpedia.org/resource/小千谷市立東小千谷中学校>	"小千谷市立東小千谷中学校"@ja	<http://dbpedia.org/ontology/Organisation>	<http://ja.dbpedia.org/property/設置者>	"設置者"@ja	<http://ja.wikipedia.org/wiki/小千谷市立東小千谷中学校>	<http://wikidata.dbpedia.org/resource/Q11459175>
<http://ja.dbpedia.org/resource/小千谷市立東小千谷中学校>	"小千谷市立東小千谷中学校"@ja	<http://dbpedia.org/ontology/Agent>	<http://ja.dbpedia.org/property/設置者>	"設置者"@ja	<http://ja.wikipedia.org/wiki/小千谷市立東小千谷中学校>	<http://wikidata.dbpedia.org/resource/Q11459175>
<http://ja.dbpedia.org/resource/小千谷市立東小千谷中学校>	"小千谷市立東小千谷中学校"@ja	<http://dbpedia.org/ontology/EducationalInstitution>	<http://ja.dbpedia.org/property/設置者>	"設置者"@ja	<http://ja.wikipedia.org/wiki/小千谷市立東小千谷中学校>	<http://wikidata.dbpedia.org/resource/Q11459175>
<http://ja.dbpedia.org/resource/小千谷市立東小千谷中学校>	"小千谷市立東小千谷中学校"@ja	<http://dbpedia.org/ontology/School>	<http://ja.dbpedia.org/property/設置者>	"設置者"@ja	<http://ja.wikipedia.org/wiki/小千谷市立東小千谷中学校>	<http://wikidata.dbpedia.org/resource/Q11459175>
<http://ja.dbpedia.org/resource/小千谷市立片貝小学校>	"小千谷市立片貝小学校"@ja	<http://dbpedia.org/ontology/EducationalInstitution>	<http://ja.dbpedia.org/property/設置者>	"設置者"@ja	<http://ja.wikipedia.org/wiki/小千谷市立片貝小学校>	<http://wikidata.dbpedia.org/resource/Q11459177>
<http://ja.dbpedia.org/resource/小千谷市立片貝小学校>	"小千谷市立片貝小学校"@ja	<http://dbpedia.org/ontology/School>	<http://ja.dbpedia.org/property/設置者>	"設置者"@ja	<http://ja.wikipedia.org/wiki/小千谷市立片貝小学校>	<http://wikidata.dbpedia.org/resource/Q11459177>
<http://ja.dbpedia.org/resource/小千谷市立片貝小学校>	"小千谷市立片貝小学校"@ja	<http://dbpedia.org/ontology/Agent>	<http://ja.dbpedia.org/property/設置者>	"設置者"@ja	<http://ja.wikipedia.org/wiki/小千谷市立片貝小学校>	<http://wikidata.dbpedia.org/resource/Q11459177>
<http://ja.dbpedia.org/resource/小千谷市立片貝小学校>	"小千谷市立片貝小学校"@ja	<http://dbpedia.org/ontology/Organisation>	<http://ja.dbpedia.org/property/設置者>	"設置者"@ja	<http://ja.wikipedia.org/wiki/小千谷市立片貝小学校>	<http://wikidata.dbpedia.org/resource/Q11459177>
<http://ja.dbpedia.org/resource/小千谷市錦鯉の里>	"小千谷市錦鯉の里"@ja	<http://dbpedia.org/ontology/Building>	<http://ja.dbpedia.org/property/事業主体>	"事業主体"@ja	<http://ja.wikipedia.org/wiki/小千谷市錦鯉の里>	<http://wikidata.dbpedia.org/resource/Q11650572>
<http://ja.dbpedia.org/resource/小千谷市錦鯉の里>	"小千谷市錦鯉の里"@ja	<http://dbpedia.org/ontology/Museum>	<http://ja.dbpedia.org/property/事業主体>	"事業主体"@ja	<http://ja.wikipedia.org/wiki/小千谷市錦鯉の里>	<http://wikidata.dbpedia.org/resource/Q11650572>
<http://ja.dbpedia.org/resource/小千谷市錦鯉の里>	"小千谷市錦鯉の里"@ja	<http://dbpedia.org/ontology/ArchitecturalStructure>	<http://ja.dbpedia.org/property/事業主体>	"事業主体"@ja	<http://ja.wikipedia.org/wiki/小千谷市錦鯉の里>	<http://wikidata.dbpedia.org/resource/Q11650572>
<http://ja.dbpedia.org/resource/小粟田>	"小粟田"@ja	<http://dbpedia.org/ontology/Location>	<http://ja.dbpedia.org/property/subdivisionName>	"subdivision name"@ja	<http://ja.wikipedia.org/wiki/小粟田>	<http://wikidata.dbpedia.org/resource/Q11463448>
<http://ja.dbpedia.org/resource/小粟田>	"小粟田"@ja	<http://dbpedia.org/ontology/PopulatedPlace>	<http://ja.dbpedia.org/property/subdivisionName>	"subdivision name"@ja	<http://ja.wikipedia.org/wiki/小粟田>	<http://wikidata.dbpedia.org/resource/Q11463448>
<http://ja.dbpedia.org/resource/小粟田>	"小粟田"@ja	<http://dbpedia.org/ontology/Settlement>	<http://ja.dbpedia.org/property/subdivisionName>	"subdivision name"@ja	<http://ja.wikipedia.org/wiki/小粟田>	<http://wikidata.dbpedia.org/resource/Q11463448>
<http://ja.dbpedia.org/resource/小粟田>	"小粟田"@ja	<http://dbpedia.org/ontology/Place>	<http://ja.dbpedia.org/property/subdivisionName>	"subdivision name"@ja	<http://ja.wikipedia.org/wiki/小粟田>	<http://wikidata.dbpedia.org/resource/Q11463448>
<http://ja.dbpedia.org/resource/広井忠男>	"広井忠男"@ja	<http://dbpedia.org/ontology/Animal>	<http://ja.dbpedia.org/property/選挙区>	"選挙区"@ja	<http://ja.wikipedia.org/wiki/広井忠男>	<http://wikidata.dbpedia.org/resource/Q11484297>
<http://ja.dbpedia.org/resource/広井忠男>	"広井忠男"@ja	<http://dbpedia.org/ontology/Politician>	<http://ja.dbpedia.org/property/選挙区>	"選挙区"@ja	<http://ja.wikipedia.org/wiki/広井忠男>	<http://wikidata.dbpedia.org/resource/Q11484297>
<http://ja.dbpedia.org/resource/広井忠男>	"広井忠男"@ja	<http://dbpedia.org/ontology/Eukaryote>	<http://ja.dbpedia.org/property/選挙区>	"選挙区"@ja	<http://ja.wikipedia.org/wiki/広井忠男>	<http://wikidata.dbpedia.org/resource/Q11484297>
<http://ja.dbpedia.org/resource/広井忠男>	"広井忠男"@ja	<http://dbpedia.org/ontology/Species>	<http://ja.dbpedia.org/property/選挙区>	"選挙区"@ja	<http://ja.wikipedia.org/wiki/広井忠男>	<http://wikidata.dbpedia.org/resource/Q11484297>
<http://ja.dbpedia.org/resource/広井忠男>	"広井忠男"@ja	<http://dbpedia.org/ontology/Person>	<http://ja.dbpedia.org/property/選挙区>	"選挙区"@ja	<http://ja.wikipedia.org/wiki/広井忠男>	<http://wikidata.dbpedia.org/resource/Q11484297>
<http://ja.dbpedia.org/resource/新潟県道10号長岡片貝小千谷線>	"新潟県道10号長岡片貝小千谷線"@ja	<http://dbpedia.org/ontology/Road>	<http://ja.dbpedia.org/property/終点>	"終点"@ja	<http://ja.wikipedia.org/wiki/新潟県道10号長岡片貝小千谷線>	<http://wikidata.dbpedia.org/resource/Q11503173>
<http://ja.dbpedia.org/resource/新潟県道10号長岡片貝小千谷線>	"新潟県道10号長岡片貝小千谷線"@ja	<http://dbpedia.org/ontology/ArchitecturalStructure>	<http://ja.dbpedia.org/property/終点>	"終点"@ja	<http://ja.wikipedia.org/wiki/新潟県道10号長岡片貝小千谷線>	<http://wikidata.dbpedia.org/resource/Q11503173>
<http://ja.dbpedia.org/resource/新潟県道10号長岡片貝小千谷線>	"新潟県道10号長岡片貝小千谷線"@ja	<http://dbpedia.org/ontology/RouteOfTransportation>	<http://ja.dbpedia.org/property/終点>	"終点"@ja	<http://ja.wikipedia.org/wiki/新潟県道10号長岡片貝小千谷線>	<http://wikidata.dbpedia.org/resource/Q11503173>
<http://ja.dbpedia.org/resource/新潟県道10号長岡片貝小千谷線>	"新潟県道10号長岡片貝小千谷線"@ja	<http://dbpedia.org/ontology/Infrastructure>	<http://ja.dbpedia.org/property/終点>	"終点"@ja	<http://ja.wikipedia.org/wiki/新潟県道10号長岡片貝小千谷線>	<http://wikidata.dbpedia.org/resource/Q11503173>
<http://ja.dbpedia.org/resource/本町_(小千谷市)>	"本町 (小千谷市)"@ja	<http://dbpedia.org/ontology/Place>	<http://ja.dbpedia.org/property/subdivisionName>	"subdivision name"@ja	<http://ja.wikipedia.org/wiki/本町_(小千谷市)>	<http://wikidata.dbpedia.org/resource/Q11520681>
<http://ja.dbpedia.org/resource/本町_(小千谷市)>	"本町 (小千谷市)"@ja	<http://dbpedia.org/ontology/Settlement>	<http://ja.dbpedia.org/property/subdivisionName>	"subdivision name"@ja	<http://ja.wikipedia.org/wiki/本町_(小千谷市)>	<http://wikidata.dbpedia.org/resource/Q11520681>
<http://ja.dbpedia.org/resource/本町_(小千谷市)>	"本町 (小千谷市)"@ja	<http://dbpedia.org/ontology/PopulatedPlace>	<http://ja.dbpedia.org/property/subdivisionName>	"subdivision name"@ja	<http://ja.wikipedia.org/wiki/本町_(小千谷市)>	<http://wikidata.dbpedia.org/resource/Q11520681>
<http://ja.dbpedia.org/resource/本町_(小千谷市)>	"本町 (小千谷市)"@ja	<http://dbpedia.org/ontology/Location>	<http://ja.dbpedia.org/property/subdivisionName>	"subdivision name"@ja	<http://ja.wikipedia.org/wiki/本町_(小千谷市)>	<http://wikidata.dbpedia.org/resource/Q11520681>
<http://ja.dbpedia.org/resource/片貝町_(小千谷市)>	"片貝町 (小千谷市)"@ja	<http://dbpedia.org/ontology/Settlement>	<http://ja.dbpedia.org/property/subdivisionName>	"subdivision name"@ja	<http://ja.wikipedia.org/wiki/片貝町_(小千谷市)>	<http://wikidata.dbpedia.org/resource/Q6375026>
<http://ja.dbpedia.org/resource/片貝町_(小千谷市)>	"片貝町 (小千谷市)"@ja	<http://dbpedia.org/ontology/Place>	<http://ja.dbpedia.org/property/subdivisionName>	"subdivision name"@ja	<http://ja.wikipedia.org/wiki/片貝町_(小千谷市)>	<http://wikidata.dbpedia.org/resource/Q6375026>
<http://ja.dbpedia.org/resource/片貝町_(小千谷市)>	"片貝町 (小千谷市)"@ja	<http://dbpedia.org/ontology/Location>	<http://ja.dbpedia.org/property/subdivisionName>	"subdivision name"@ja	<http://ja.wikipedia.org/wiki/片貝町_(小千谷市)>	<http://wikidata.dbpedia.org/resource/Q6375026>
<http://ja.dbpedia.org/resource/片貝町_(小千谷市)>	"片貝町 (小千谷市)"@ja	<http://dbpedia.org/ontology/PopulatedPlace>	<http://ja.dbpedia.org/property/subdivisionName>	"subdivision name"@ja	<http://ja.wikipedia.org/wiki/片貝町_(小千谷市)>	<http://wikidata.dbpedia.org/resource/Q6375026>
<http://ja.dbpedia.org/resource/真人町>	"真人町"@ja	<http://dbpedia.org/ontology/Place>	<http://ja.dbpedia.org/property/subdivisionName>	"subdivision name"@ja	<http://ja.wikipedia.org/wiki/真人町>	<http://wikidata.dbpedia.org/resource/Q109602886>
<http://ja.dbpedia.org/resource/真人町>	"真人町"@ja	<http://dbpedia.org/ontology/Settlement>	<http://ja.dbpedia.org/property/subdivisionName>	"subdivision name"@ja	<http://ja.wikipedia.org/wiki/真人町>	<http://wikidata.dbpedia.org/resource/Q109602886>
<http://ja.dbpedia.org/resource/真人町>	"真人町"@ja	<http://dbpedia.org/ontology/Location>	<http://ja.dbpedia.org/property/subdivisionName>	"subdivision name"@ja	<http://ja.wikipedia.org/wiki/真人町>	<http://wikidata.dbpedia.org/resource/Q109602886>
<http://ja.dbpedia.org/resource/真人町>	"真人町"@ja	<http://dbpedia.org/ontology/PopulatedPlace>	<http://ja.dbpedia.org/property/subdivisionName>	"subdivision name"@ja	<http://ja.wikipedia.org/wiki/真人町>	<http://wikidata.dbpedia.org/resource/Q109602886>
<http://ja.dbpedia.org/resource/若栃>	"若栃"@ja	<http://dbpedia.org/ontology/Place>	<http://ja.dbpedia.org/property/subdivisionName>	"subdivision name"@ja	<http://ja.wikipedia.org/wiki/若栃>	<http://wikidata.dbpedia.org/resource/Q105101501>
<http://ja.dbpedia.org/resource/若栃>	"若栃"@ja	<http://dbpedia.org/ontology/Settlement>	<http://ja.dbpedia.org/property/subdivisionName>	"subdivision name"@ja	<http://ja.wikipedia.org/wiki/若栃>	<http://wikidata.dbpedia.org/resource/Q105101501>
<http://ja.dbpedia.org/resource/若栃>	"若栃"@ja	<http://dbpedia.org/ontology/Location>	<http://ja.dbpedia.org/property/subdivisionName>	"subdivision name"@ja	<http://ja.wikipedia.org/wiki/若栃>	<http://wikidata.dbpedia.org/resource/Q105101501>
<http://ja.dbpedia.org/resource/若栃>	"若栃"@ja	<http://dbpedia.org/ontology/PopulatedPlace>	<http://ja.dbpedia.org/property/subdivisionName>	"subdivision name"@ja	<http://ja.wikipedia.org/wiki/若栃>	<http://wikidata.dbpedia.org/resource/Q105101501>
<http://ja.dbpedia.org/resource/関越自動車道>	"関越自動車道"@ja	<http://dbpedia.org/ontology/ArchitecturalStructure>	<http://ja.dbpedia.org/property/主な経由都市>	"主な経由都市"@ja	<http://ja.wikipedia.org/wiki/関越自動車道>	<http://wikidata.dbpedia.org/resource/Q1059893>
<http://ja.dbpedia.org/resource/関越自動車道>	"関越自動車道"@ja	<http://dbpedia.org/ontology/Road>	<http://ja.dbpedia.org/property/主な経由都市>	"主な経由都市"@ja	<http://ja.wikipedia.org/wiki/関越自動車道>	<http://wikidata.dbpedia.org/resource/Q1059893>
<http://ja.dbpedia.org/resource/関越自動車道>	"関越自動車道"@ja	<http://dbpedia.org/ontology/Infrastructure>	<http://ja.dbpedia.org/property/主な経由都市>	"主な経由都市"@ja	<http://ja.wikipedia.org/wiki/関越自動車道>	<http://wikidata.dbpedia.org/resource/Q1059893>
<http://ja.dbpedia.org/resource/関越自動車道>	"関越自動車道"@ja	<http://dbpedia.org/ontology/RouteOfTransportation>	<http://ja.dbpedia.org/property/主な経由都市>	"主な経由都市"@ja	<http://ja.wikipedia.org/wiki/関越自動車道>	<http://wikidata.dbpedia.org/resource/Q1059893>
<http://ja.dbpedia.org/resource/魚沼市>	"魚沼市"@ja	<http://dbpedia.org/ontology/City>	<http://ja.dbpedia.org/property/隣接自治体>	"隣接自治体"@ja	<http://ja.wikipedia.org/wiki/魚沼市>	<http://wikidata.dbpedia.org/resource/Q850352>
<http://ja.dbpedia.org/resource/魚沼市>	"魚沼市"@ja	<http://dbpedia.org/ontology/Place>	<http://ja.dbpedia.org/property/隣接自治体>	"隣接自治体"@ja	<http://ja.wikipedia.org/wiki/魚沼市>	<http://wikidata.dbpedia.org/resource/Q850352>
<http://ja.dbpedia.org/resource/魚沼市>	"魚沼市"@ja	<http://dbpedia.org/ontology/Location>	<http://ja.dbpedia.org/property/隣接自治体>	"隣接自治体"@ja	<http://ja.wikipedia.org/wiki/魚沼市>	<http://wikidata.dbpedia.org/resource/Q850352>
<http://ja.dbpedia.org/resource/魚沼市>	"魚沼市"@ja	<http://dbpedia.org/ontology/Settlement>	<http://ja.dbpedia.org/property/隣接自治体>	"隣接自治体"@ja	<http://ja.wikipedia.org/wiki/魚沼市>	<http://wikidata.dbpedia.org/resource/Q850352>
<http://ja.dbpedia.org/resource/魚沼市>	"魚沼市"@ja	<http://dbpedia.org/ontology/PopulatedPlace>	<http://ja.dbpedia.org/property/隣接自治体>	"隣接自治体"@ja	<http://ja.wikipedia.org/wiki/魚沼市>	<http://wikidata.dbpedia.org/resource/Q850352>
<http://ja.dbpedia.org/resource/北山_(小千谷市)>	"北山 (小千谷市)"@ja	<http://dbpedia.org/ontology/Location>	<http://ja.dbpedia.org/property/subdivisionName>	"subdivision name"@ja	<http://ja.wikipedia.org/wiki/北山_(小千谷市)>	
<http://ja.dbpedia.org/resource/北山_(小千谷市)>	"北山 (小千谷市)"@ja	<http://dbpedia.org/ontology/Place>	<http://ja.dbpedia.org/property/subdivisionName>	"subdivision name"@ja	<http://ja.wikipedia.org/wiki/北山_(小千谷市)>	
<http://ja.dbpedia.org/resource/北山_(小千谷市)>	"北山 (小千谷市)"@ja	<http://dbpedia.org/ontology/PopulatedPlace>	<http://ja.dbpedia.org/property/subdivisionName>	"subdivision name"@ja	<http://ja.wikipedia.org/wiki/北山_(小千谷市)>	
<http://ja.dbpedia.org/resource/北山_(小千谷市)>	"北山 (小千谷市)"@ja	<http://dbpedia.org/ontology/Settlement>	<http://ja.dbpedia.org/property/subdivisionName>	"subdivision name"@ja	<http://ja.wikipedia.org/wiki/北山_(小千谷市)>	
