?s	?sLabel	?type	?p	?pLabel	?jwiki	?wd
<http://ja.dbpedia.org/resource/五泉市立愛宕中学校>	"五泉市立愛宕中学校"@ja	<http://dbpedia.org/ontology/School>	<http://ja.dbpedia.org/property/設置者>	"設置者"@ja	<http://ja.wikipedia.org/wiki/五泉市立愛宕中学校>	<http://wikidata.dbpedia.org/resource/Q108923436>
<http://ja.dbpedia.org/resource/五泉市立愛宕中学校>	"五泉市立愛宕中学校"@ja	<http://dbpedia.org/ontology/Organisation>	<http://ja.dbpedia.org/property/設置者>	"設置者"@ja	<http://ja.wikipedia.org/wiki/五泉市立愛宕中学校>	<http://wikidata.dbpedia.org/resource/Q108923436>
<http://ja.dbpedia.org/resource/五泉市立愛宕中学校>	"五泉市立愛宕中学校"@ja	<http://dbpedia.org/ontology/EducationalInstitution>	<http://ja.dbpedia.org/property/設置者>	"設置者"@ja	<http://ja.wikipedia.org/wiki/五泉市立愛宕中学校>	<http://wikidata.dbpedia.org/resource/Q108923436>
<http://ja.dbpedia.org/resource/五泉市立愛宕中学校>	"五泉市立愛宕中学校"@ja	<http://dbpedia.org/ontology/Agent>	<http://ja.dbpedia.org/property/設置者>	"設置者"@ja	<http://ja.wikipedia.org/wiki/五泉市立愛宕中学校>	<http://wikidata.dbpedia.org/resource/Q108923436>
<http://ja.dbpedia.org/resource/新潟市>	"新潟市"@ja	<http://dbpedia.org/ontology/City>	<http://ja.dbpedia.org/property/southeast>	"Southeast"@ja	<http://ja.wikipedia.org/wiki/新潟市>	<http://wikidata.dbpedia.org/resource/Q179691>
<http://ja.dbpedia.org/resource/新潟市>	"新潟市"@ja	<http://dbpedia.org/ontology/Settlement>	<http://ja.dbpedia.org/property/southeast>	"Southeast"@ja	<http://ja.wikipedia.org/wiki/新潟市>	<http://wikidata.dbpedia.org/resource/Q179691>
<http://ja.dbpedia.org/resource/新潟市>	"新潟市"@ja	<http://dbpedia.org/ontology/Place>	<http://ja.dbpedia.org/property/southeast>	"Southeast"@ja	<http://ja.wikipedia.org/wiki/新潟市>	<http://wikidata.dbpedia.org/resource/Q179691>
<http://ja.dbpedia.org/resource/新潟市>	"新潟市"@ja	<http://dbpedia.org/ontology/PopulatedPlace>	<http://ja.dbpedia.org/property/southeast>	"Southeast"@ja	<http://ja.wikipedia.org/wiki/新潟市>	<http://wikidata.dbpedia.org/resource/Q179691>
<http://ja.dbpedia.org/resource/新潟市>	"新潟市"@ja	<http://dbpedia.org/ontology/Location>	<http://ja.dbpedia.org/property/southeast>	"Southeast"@ja	<http://ja.wikipedia.org/wiki/新潟市>	<http://wikidata.dbpedia.org/resource/Q179691>
<http://ja.dbpedia.org/resource/新潟県道41号白根安田線>	"新潟県道41号白根安田線"@ja	<http://dbpedia.org/ontology/ArchitecturalStructure>	<http://ja.dbpedia.org/property/主な経由都市>	"主な経由都市"@ja	<http://ja.wikipedia.org/wiki/新潟県道41号白根安田線>	<http://wikidata.dbpedia.org/resource/Q11503472>
<http://ja.dbpedia.org/resource/新潟県道41号白根安田線>	"新潟県道41号白根安田線"@ja	<http://dbpedia.org/ontology/Infrastructure>	<http://ja.dbpedia.org/property/主な経由都市>	"主な経由都市"@ja	<http://ja.wikipedia.org/wiki/新潟県道41号白根安田線>	<http://wikidata.dbpedia.org/resource/Q11503472>
<http://ja.dbpedia.org/resource/新潟県道41号白根安田線>	"新潟県道41号白根安田線"@ja	<http://dbpedia.org/ontology/RouteOfTransportation>	<http://ja.dbpedia.org/property/主な経由都市>	"主な経由都市"@ja	<http://ja.wikipedia.org/wiki/新潟県道41号白根安田線>	<http://wikidata.dbpedia.org/resource/Q11503472>
<http://ja.dbpedia.org/resource/新潟県道41号白根安田線>	"新潟県道41号白根安田線"@ja	<http://dbpedia.org/ontology/Road>	<http://ja.dbpedia.org/property/主な経由都市>	"主な経由都市"@ja	<http://ja.wikipedia.org/wiki/新潟県道41号白根安田線>	<http://wikidata.dbpedia.org/resource/Q11503472>
<http://ja.dbpedia.org/resource/新潟県道55号新潟五泉間瀬線>	"新潟県道55号新潟五泉間瀬線"@ja	<http://dbpedia.org/ontology/RouteOfTransportation>	<http://ja.dbpedia.org/property/主な経由都市>	"主な経由都市"@ja	<http://ja.wikipedia.org/wiki/新潟県道55号新潟五泉間瀬線>	<http://wikidata.dbpedia.org/resource/Q11503521>
<http://ja.dbpedia.org/resource/新潟県道55号新潟五泉間瀬線>	"新潟県道55号新潟五泉間瀬線"@ja	<http://dbpedia.org/ontology/Road>	<http://ja.dbpedia.org/property/主な経由都市>	"主な経由都市"@ja	<http://ja.wikipedia.org/wiki/新潟県道55号新潟五泉間瀬線>	<http://wikidata.dbpedia.org/resource/Q11503521>
<http://ja.dbpedia.org/resource/新潟県道55号新潟五泉間瀬線>	"新潟県道55号新潟五泉間瀬線"@ja	<http://dbpedia.org/ontology/ArchitecturalStructure>	<http://ja.dbpedia.org/property/主な経由都市>	"主な経由都市"@ja	<http://ja.wikipedia.org/wiki/新潟県道55号新潟五泉間瀬線>	<http://wikidata.dbpedia.org/resource/Q11503521>
<http://ja.dbpedia.org/resource/新潟県道55号新潟五泉間瀬線>	"新潟県道55号新潟五泉間瀬線"@ja	<http://dbpedia.org/ontology/Infrastructure>	<http://ja.dbpedia.org/property/主な経由都市>	"主な経由都市"@ja	<http://ja.wikipedia.org/wiki/新潟県道55号新潟五泉間瀬線>	<http://wikidata.dbpedia.org/resource/Q11503521>
<http://ja.dbpedia.org/resource/田上町>	"田上町"@ja	<http://dbpedia.org/ontology/Location>	<http://ja.dbpedia.org/property/隣接自治体>	"隣接自治体"@ja	<http://ja.wikipedia.org/wiki/田上町>	<http://wikidata.dbpedia.org/resource/Q1155155>
<http://ja.dbpedia.org/resource/田上町>	"田上町"@ja	<http://dbpedia.org/ontology/Place>	<http://ja.dbpedia.org/property/隣接自治体>	"隣接自治体"@ja	<http://ja.wikipedia.org/wiki/田上町>	<http://wikidata.dbpedia.org/resource/Q1155155>
<http://ja.dbpedia.org/resource/田上町>	"田上町"@ja	<http://dbpedia.org/ontology/PopulatedPlace>	<http://ja.dbpedia.org/property/隣接自治体>	"隣接自治体"@ja	<http://ja.wikipedia.org/wiki/田上町>	<http://wikidata.dbpedia.org/resource/Q1155155>
<http://ja.dbpedia.org/resource/田上町>	"田上町"@ja	<http://dbpedia.org/ontology/City>	<http://ja.dbpedia.org/property/隣接自治体>	"隣接自治体"@ja	<http://ja.wikipedia.org/wiki/田上町>	<http://wikidata.dbpedia.org/resource/Q1155155>
<http://ja.dbpedia.org/resource/田上町>	"田上町"@ja	<http://dbpedia.org/ontology/Settlement>	<http://ja.dbpedia.org/property/隣接自治体>	"隣接自治体"@ja	<http://ja.wikipedia.org/wiki/田上町>	<http://wikidata.dbpedia.org/resource/Q1155155>
<http://ja.dbpedia.org/resource/磐越自動車道>	"磐越自動車道"@ja	<http://dbpedia.org/ontology/Road>	<http://ja.dbpedia.org/property/主な経由都市>	"主な経由都市"@ja	<http://ja.wikipedia.org/wiki/磐越自動車道>	<http://wikidata.dbpedia.org/resource/Q1059200>
<http://ja.dbpedia.org/resource/磐越自動車道>	"磐越自動車道"@ja	<http://dbpedia.org/ontology/RouteOfTransportation>	<http://ja.dbpedia.org/property/主な経由都市>	"主な経由都市"@ja	<http://ja.wikipedia.org/wiki/磐越自動車道>	<http://wikidata.dbpedia.org/resource/Q1059200>
<http://ja.dbpedia.org/resource/磐越自動車道>	"磐越自動車道"@ja	<http://dbpedia.org/ontology/Infrastructure>	<http://ja.dbpedia.org/property/主な経由都市>	"主な経由都市"@ja	<http://ja.wikipedia.org/wiki/磐越自動車道>	<http://wikidata.dbpedia.org/resource/Q1059200>
<http://ja.dbpedia.org/resource/磐越自動車道>	"磐越自動車道"@ja	<http://dbpedia.org/ontology/ArchitecturalStructure>	<http://ja.dbpedia.org/property/主な経由都市>	"主な経由都市"@ja	<http://ja.wikipedia.org/wiki/磐越自動車道>	<http://wikidata.dbpedia.org/resource/Q1059200>
<http://ja.dbpedia.org/resource/萬歳章>	"萬歳章"@ja	<http://dbpedia.org/ontology/Eukaryote>	<http://ja.dbpedia.org/property/代表作>	"代表作"@ja	<http://ja.wikipedia.org/wiki/萬歳章>	<http://wikidata.dbpedia.org/resource/Q20042415>
<http://ja.dbpedia.org/resource/萬歳章>	"萬歳章"@ja	<http://dbpedia.org/ontology/Animal>	<http://ja.dbpedia.org/property/代表作>	"代表作"@ja	<http://ja.wikipedia.org/wiki/萬歳章>	<http://wikidata.dbpedia.org/resource/Q20042415>
<http://ja.dbpedia.org/resource/萬歳章>	"萬歳章"@ja	<http://dbpedia.org/ontology/Species>	<http://ja.dbpedia.org/property/代表作>	"代表作"@ja	<http://ja.wikipedia.org/wiki/萬歳章>	<http://wikidata.dbpedia.org/resource/Q20042415>
<http://ja.dbpedia.org/resource/萬歳章>	"萬歳章"@ja	<http://dbpedia.org/ontology/Person>	<http://ja.dbpedia.org/property/代表作>	"代表作"@ja	<http://ja.wikipedia.org/wiki/萬歳章>	<http://wikidata.dbpedia.org/resource/Q20042415>
<http://ja.dbpedia.org/resource/阿賀町>	"阿賀町"@ja	<http://dbpedia.org/ontology/Settlement>	<http://ja.dbpedia.org/property/隣接自治体>	"隣接自治体"@ja	<http://ja.wikipedia.org/wiki/阿賀町>	<http://wikidata.dbpedia.org/resource/Q1204671>
<http://ja.dbpedia.org/resource/阿賀町>	"阿賀町"@ja	<http://dbpedia.org/ontology/Place>	<http://ja.dbpedia.org/property/隣接自治体>	"隣接自治体"@ja	<http://ja.wikipedia.org/wiki/阿賀町>	<http://wikidata.dbpedia.org/resource/Q1204671>
<http://ja.dbpedia.org/resource/阿賀町>	"阿賀町"@ja	<http://dbpedia.org/ontology/City>	<http://ja.dbpedia.org/property/隣接自治体>	"隣接自治体"@ja	<http://ja.wikipedia.org/wiki/阿賀町>	<http://wikidata.dbpedia.org/resource/Q1204671>
<http://ja.dbpedia.org/resource/阿賀町>	"阿賀町"@ja	<http://dbpedia.org/ontology/PopulatedPlace>	<http://ja.dbpedia.org/property/隣接自治体>	"隣接自治体"@ja	<http://ja.wikipedia.org/wiki/阿賀町>	<http://wikidata.dbpedia.org/resource/Q1204671>
<http://ja.dbpedia.org/resource/阿賀町>	"阿賀町"@ja	<http://dbpedia.org/ontology/Location>	<http://ja.dbpedia.org/property/隣接自治体>	"隣接自治体"@ja	<http://ja.wikipedia.org/wiki/阿賀町>	<http://wikidata.dbpedia.org/resource/Q1204671>
