?s	?sLabel	?type	?p	?pLabel	?jwiki	?wd
<http://ja.dbpedia.org/resource/上越市>	"上越市"@ja	<http://dbpedia.org/ontology/City>	<http://ja.dbpedia.org/property/隣接自治体>	"隣接自治体"@ja	<http://ja.wikipedia.org/wiki/上越市>	<http://wikidata.dbpedia.org/resource/Q582289>
<http://ja.dbpedia.org/resource/上越市>	"上越市"@ja	<http://dbpedia.org/ontology/PopulatedPlace>	<http://ja.dbpedia.org/property/隣接自治体>	"隣接自治体"@ja	<http://ja.wikipedia.org/wiki/上越市>	<http://wikidata.dbpedia.org/resource/Q582289>
<http://ja.dbpedia.org/resource/上越市>	"上越市"@ja	<http://dbpedia.org/ontology/Place>	<http://ja.dbpedia.org/property/隣接自治体>	"隣接自治体"@ja	<http://ja.wikipedia.org/wiki/上越市>	<http://wikidata.dbpedia.org/resource/Q582289>
<http://ja.dbpedia.org/resource/上越市>	"上越市"@ja	<http://dbpedia.org/ontology/Location>	<http://ja.dbpedia.org/property/隣接自治体>	"隣接自治体"@ja	<http://ja.wikipedia.org/wiki/上越市>	<http://wikidata.dbpedia.org/resource/Q582289>
<http://ja.dbpedia.org/resource/上越市>	"上越市"@ja	<http://dbpedia.org/ontology/Settlement>	<http://ja.dbpedia.org/property/隣接自治体>	"隣接自治体"@ja	<http://ja.wikipedia.org/wiki/上越市>	<http://wikidata.dbpedia.org/resource/Q582289>
<http://ja.dbpedia.org/resource/両津市>	"両津市"@ja	<http://dbpedia.org/ontology/Location>	<http://ja.dbpedia.org/property/現在の自治体>	"現在の自治体"@ja	<http://ja.wikipedia.org/wiki/両津市>	<http://wikidata.dbpedia.org/resource/Q1042710>
<http://ja.dbpedia.org/resource/両津市>	"両津市"@ja	<http://dbpedia.org/ontology/City>	<http://ja.dbpedia.org/property/現在の自治体>	"現在の自治体"@ja	<http://ja.wikipedia.org/wiki/両津市>	<http://wikidata.dbpedia.org/resource/Q1042710>
<http://ja.dbpedia.org/resource/両津市>	"両津市"@ja	<http://dbpedia.org/ontology/PopulatedPlace>	<http://ja.dbpedia.org/property/現在の自治体>	"現在の自治体"@ja	<http://ja.wikipedia.org/wiki/両津市>	<http://wikidata.dbpedia.org/resource/Q1042710>
<http://ja.dbpedia.org/resource/両津市>	"両津市"@ja	<http://dbpedia.org/ontology/Settlement>	<http://ja.dbpedia.org/property/現在の自治体>	"現在の自治体"@ja	<http://ja.wikipedia.org/wiki/両津市>	<http://wikidata.dbpedia.org/resource/Q1042710>
<http://ja.dbpedia.org/resource/両津市>	"両津市"@ja	<http://dbpedia.org/ontology/Place>	<http://ja.dbpedia.org/property/現在の自治体>	"現在の自治体"@ja	<http://ja.wikipedia.org/wiki/両津市>	<http://wikidata.dbpedia.org/resource/Q1042710>
<http://ja.dbpedia.org/resource/佐渡市立新穂中学校>	"佐渡市立新穂中学校"@ja	<http://dbpedia.org/ontology/Agent>	<http://ja.dbpedia.org/property/設置者>	"設置者"@ja	<http://ja.wikipedia.org/wiki/佐渡市立新穂中学校>	<http://wikidata.dbpedia.org/resource/Q18458296>
<http://ja.dbpedia.org/resource/佐渡市立新穂中学校>	"佐渡市立新穂中学校"@ja	<http://dbpedia.org/ontology/School>	<http://ja.dbpedia.org/property/設置者>	"設置者"@ja	<http://ja.wikipedia.org/wiki/佐渡市立新穂中学校>	<http://wikidata.dbpedia.org/resource/Q18458296>
<http://ja.dbpedia.org/resource/佐渡市立新穂中学校>	"佐渡市立新穂中学校"@ja	<http://dbpedia.org/ontology/EducationalInstitution>	<http://ja.dbpedia.org/property/設置者>	"設置者"@ja	<http://ja.wikipedia.org/wiki/佐渡市立新穂中学校>	<http://wikidata.dbpedia.org/resource/Q18458296>
<http://ja.dbpedia.org/resource/佐渡市立新穂中学校>	"佐渡市立新穂中学校"@ja	<http://dbpedia.org/ontology/Organisation>	<http://ja.dbpedia.org/property/設置者>	"設置者"@ja	<http://ja.wikipedia.org/wiki/佐渡市立新穂中学校>	<http://wikidata.dbpedia.org/resource/Q18458296>
<http://ja.dbpedia.org/resource/宿根木>	"宿根木"@ja	<http://dbpedia.org/ontology/Settlement>	<http://ja.dbpedia.org/property/subdivisionName>	"subdivision name"@ja	<http://ja.wikipedia.org/wiki/宿根木>	<http://wikidata.dbpedia.org/resource/Q11455626>
<http://ja.dbpedia.org/resource/宿根木>	"宿根木"@ja	<http://dbpedia.org/ontology/PopulatedPlace>	<http://ja.dbpedia.org/property/subdivisionName>	"subdivision name"@ja	<http://ja.wikipedia.org/wiki/宿根木>	<http://wikidata.dbpedia.org/resource/Q11455626>
<http://ja.dbpedia.org/resource/宿根木>	"宿根木"@ja	<http://dbpedia.org/ontology/Place>	<http://ja.dbpedia.org/property/subdivisionName>	"subdivision name"@ja	<http://ja.wikipedia.org/wiki/宿根木>	<http://wikidata.dbpedia.org/resource/Q11455626>
<http://ja.dbpedia.org/resource/宿根木>	"宿根木"@ja	<http://dbpedia.org/ontology/Location>	<http://ja.dbpedia.org/property/subdivisionName>	"subdivision name"@ja	<http://ja.wikipedia.org/wiki/宿根木>	<http://wikidata.dbpedia.org/resource/Q11455626>
<http://ja.dbpedia.org/resource/渡辺竜五>	"渡辺竜五"@ja	<http://dbpedia.org/ontology/Animal>	<http://ja.dbpedia.org/property/前職>	"前職"@ja	<http://ja.wikipedia.org/wiki/渡辺竜五>	<http://wikidata.dbpedia.org/resource/Q92663963>
<http://ja.dbpedia.org/resource/渡辺竜五>	"渡辺竜五"@ja	<http://dbpedia.org/ontology/Eukaryote>	<http://ja.dbpedia.org/property/前職>	"前職"@ja	<http://ja.wikipedia.org/wiki/渡辺竜五>	<http://wikidata.dbpedia.org/resource/Q92663963>
<http://ja.dbpedia.org/resource/渡辺竜五>	"渡辺竜五"@ja	<http://dbpedia.org/ontology/Person>	<http://ja.dbpedia.org/property/前職>	"前職"@ja	<http://ja.wikipedia.org/wiki/渡辺竜五>	<http://wikidata.dbpedia.org/resource/Q92663963>
<http://ja.dbpedia.org/resource/渡辺竜五>	"渡辺竜五"@ja	<http://dbpedia.org/ontology/Species>	<http://ja.dbpedia.org/property/前職>	"前職"@ja	<http://ja.wikipedia.org/wiki/渡辺竜五>	<http://wikidata.dbpedia.org/resource/Q92663963>
<http://ja.dbpedia.org/resource/渡辺竜五>	"渡辺竜五"@ja	<http://dbpedia.org/ontology/Politician>	<http://ja.dbpedia.org/property/前職>	"前職"@ja	<http://ja.wikipedia.org/wiki/渡辺竜五>	<http://wikidata.dbpedia.org/resource/Q92663963>
<http://ja.dbpedia.org/resource/田中葵園>	"田中葵園"@ja	<http://dbpedia.org/ontology/Eukaryote>	<http://ja.dbpedia.org/property/画像説明>	"画像説明"@ja	<http://ja.wikipedia.org/wiki/田中葵園>	<http://wikidata.dbpedia.org/resource/Q45830376>
<http://ja.dbpedia.org/resource/田中葵園>	"田中葵園"@ja	<http://dbpedia.org/ontology/MilitaryPerson>	<http://ja.dbpedia.org/property/画像説明>	"画像説明"@ja	<http://ja.wikipedia.org/wiki/田中葵園>	<http://wikidata.dbpedia.org/resource/Q45830376>
<http://ja.dbpedia.org/resource/田中葵園>	"田中葵園"@ja	<http://dbpedia.org/ontology/Species>	<http://ja.dbpedia.org/property/画像説明>	"画像説明"@ja	<http://ja.wikipedia.org/wiki/田中葵園>	<http://wikidata.dbpedia.org/resource/Q45830376>
<http://ja.dbpedia.org/resource/田中葵園>	"田中葵園"@ja	<http://dbpedia.org/ontology/Person>	<http://ja.dbpedia.org/property/画像説明>	"画像説明"@ja	<http://ja.wikipedia.org/wiki/田中葵園>	<http://wikidata.dbpedia.org/resource/Q45830376>
<http://ja.dbpedia.org/resource/田中葵園>	"田中葵園"@ja	<http://dbpedia.org/ontology/Animal>	<http://ja.dbpedia.org/property/画像説明>	"画像説明"@ja	<http://ja.wikipedia.org/wiki/田中葵園>	<http://wikidata.dbpedia.org/resource/Q45830376>
<http://ja.dbpedia.org/resource/佐渡島>	"佐渡島"@ja	<http://dbpedia.org/ontology/Island>	<http://ja.dbpedia.org/property/最大都市>	"最大都市"@ja	<http://ja.wikipedia.org/wiki/佐渡島>	<http://wikidata.dbpedia.org/resource/Q998623>
<http://ja.dbpedia.org/resource/佐渡島>	"佐渡島"@ja	<http://dbpedia.org/ontology/PopulatedPlace>	<http://ja.dbpedia.org/property/最大都市>	"最大都市"@ja	<http://ja.wikipedia.org/wiki/佐渡島>	<http://wikidata.dbpedia.org/resource/Q998623>
<http://ja.dbpedia.org/resource/佐渡島>	"佐渡島"@ja	<http://dbpedia.org/ontology/Place>	<http://ja.dbpedia.org/property/最大都市>	"最大都市"@ja	<http://ja.wikipedia.org/wiki/佐渡島>	<http://wikidata.dbpedia.org/resource/Q998623>
<http://ja.dbpedia.org/resource/佐渡島>	"佐渡島"@ja	<http://dbpedia.org/ontology/Location>	<http://ja.dbpedia.org/property/最大都市>	"最大都市"@ja	<http://ja.wikipedia.org/wiki/佐渡島>	<http://wikidata.dbpedia.org/resource/Q998623>
<http://ja.dbpedia.org/resource/国道350号>	"国道350号"@ja	<http://dbpedia.org/ontology/Road>	<http://ja.dbpedia.org/property/主な経由都市>	"主な経由都市"@ja	<http://ja.wikipedia.org/wiki/国道350号>	<http://wikidata.dbpedia.org/resource/Q6157308>
<http://ja.dbpedia.org/resource/国道350号>	"国道350号"@ja	<http://dbpedia.org/ontology/Infrastructure>	<http://ja.dbpedia.org/property/主な経由都市>	"主な経由都市"@ja	<http://ja.wikipedia.org/wiki/国道350号>	<http://wikidata.dbpedia.org/resource/Q6157308>
<http://ja.dbpedia.org/resource/国道350号>	"国道350号"@ja	<http://dbpedia.org/ontology/ArchitecturalStructure>	<http://ja.dbpedia.org/property/主な経由都市>	"主な経由都市"@ja	<http://ja.wikipedia.org/wiki/国道350号>	<http://wikidata.dbpedia.org/resource/Q6157308>
<http://ja.dbpedia.org/resource/国道350号>	"国道350号"@ja	<http://dbpedia.org/ontology/RouteOfTransportation>	<http://ja.dbpedia.org/property/主な経由都市>	"主な経由都市"@ja	<http://ja.wikipedia.org/wiki/国道350号>	<http://wikidata.dbpedia.org/resource/Q6157308>
<http://ja.dbpedia.org/resource/鎮目惟明>	"鎮目惟明"@ja	<http://dbpedia.org/ontology/Species>	<http://ja.dbpedia.org/property/墓所>	"墓所"@ja	<http://ja.wikipedia.org/wiki/鎮目惟明>	<http://wikidata.dbpedia.org/resource/Q11651174>
<http://ja.dbpedia.org/resource/鎮目惟明>	"鎮目惟明"@ja	<http://dbpedia.org/ontology/Animal>	<http://ja.dbpedia.org/property/墓所>	"墓所"@ja	<http://ja.wikipedia.org/wiki/鎮目惟明>	<http://wikidata.dbpedia.org/resource/Q11651174>
<http://ja.dbpedia.org/resource/鎮目惟明>	"鎮目惟明"@ja	<http://dbpedia.org/ontology/Person>	<http://ja.dbpedia.org/property/墓所>	"墓所"@ja	<http://ja.wikipedia.org/wiki/鎮目惟明>	<http://wikidata.dbpedia.org/resource/Q11651174>
<http://ja.dbpedia.org/resource/鎮目惟明>	"鎮目惟明"@ja	<http://dbpedia.org/ontology/MilitaryPerson>	<http://ja.dbpedia.org/property/墓所>	"墓所"@ja	<http://ja.wikipedia.org/wiki/鎮目惟明>	<http://wikidata.dbpedia.org/resource/Q11651174>
<http://ja.dbpedia.org/resource/鎮目惟明>	"鎮目惟明"@ja	<http://dbpedia.org/ontology/Eukaryote>	<http://ja.dbpedia.org/property/墓所>	"墓所"@ja	<http://ja.wikipedia.org/wiki/鎮目惟明>	<http://wikidata.dbpedia.org/resource/Q11651174>
