?s	?sLabel	?type	?p	?pLabel	?jwiki	?wd
<http://ja.dbpedia.org/resource/佐呂間町>	"佐呂間町"@ja	<http://dbpedia.org/ontology/Place>	<http://ja.dbpedia.org/property/west>	"West"@ja	<http://ja.wikipedia.org/wiki/佐呂間町>	<http://wikidata.dbpedia.org/resource/Q1365521>
<http://ja.dbpedia.org/resource/佐呂間町>	"佐呂間町"@ja	<http://dbpedia.org/ontology/City>	<http://ja.dbpedia.org/property/west>	"West"@ja	<http://ja.wikipedia.org/wiki/佐呂間町>	<http://wikidata.dbpedia.org/resource/Q1365521>
<http://ja.dbpedia.org/resource/佐呂間町>	"佐呂間町"@ja	<http://dbpedia.org/ontology/Location>	<http://ja.dbpedia.org/property/west>	"West"@ja	<http://ja.wikipedia.org/wiki/佐呂間町>	<http://wikidata.dbpedia.org/resource/Q1365521>
<http://ja.dbpedia.org/resource/佐呂間町>	"佐呂間町"@ja	<http://dbpedia.org/ontology/PopulatedPlace>	<http://ja.dbpedia.org/property/west>	"West"@ja	<http://ja.wikipedia.org/wiki/佐呂間町>	<http://wikidata.dbpedia.org/resource/Q1365521>
<http://ja.dbpedia.org/resource/佐呂間町>	"佐呂間町"@ja	<http://dbpedia.org/ontology/Settlement>	<http://ja.dbpedia.org/property/west>	"West"@ja	<http://ja.wikipedia.org/wiki/佐呂間町>	<http://wikidata.dbpedia.org/resource/Q1365521>
<http://ja.dbpedia.org/resource/北海道遠軽郁凌高等学校>	"北海道遠軽郁凌高等学校"@ja	<http://dbpedia.org/ontology/Agent>	<http://ja.dbpedia.org/property/設置者>	"設置者"@ja	<http://ja.wikipedia.org/wiki/北海道遠軽郁凌高等学校>	<http://wikidata.dbpedia.org/resource/Q11403682>
<http://ja.dbpedia.org/resource/北海道遠軽郁凌高等学校>	"北海道遠軽郁凌高等学校"@ja	<http://dbpedia.org/ontology/Organisation>	<http://ja.dbpedia.org/property/設置者>	"設置者"@ja	<http://ja.wikipedia.org/wiki/北海道遠軽郁凌高等学校>	<http://wikidata.dbpedia.org/resource/Q11403682>
<http://ja.dbpedia.org/resource/北海道遠軽郁凌高等学校>	"北海道遠軽郁凌高等学校"@ja	<http://dbpedia.org/ontology/School>	<http://ja.dbpedia.org/property/設置者>	"設置者"@ja	<http://ja.wikipedia.org/wiki/北海道遠軽郁凌高等学校>	<http://wikidata.dbpedia.org/resource/Q11403682>
<http://ja.dbpedia.org/resource/北海道遠軽郁凌高等学校>	"北海道遠軽郁凌高等学校"@ja	<http://dbpedia.org/ontology/EducationalInstitution>	<http://ja.dbpedia.org/property/設置者>	"設置者"@ja	<http://ja.wikipedia.org/wiki/北海道遠軽郁凌高等学校>	<http://wikidata.dbpedia.org/resource/Q11403682>
<http://ja.dbpedia.org/resource/北見市>	"北見市"@ja	<http://dbpedia.org/ontology/PopulatedPlace>	<http://ja.dbpedia.org/property/west>	"West"@ja	<http://ja.wikipedia.org/wiki/北見市>	<http://wikidata.dbpedia.org/resource/Q265555>
<http://ja.dbpedia.org/resource/北見市>	"北見市"@ja	<http://dbpedia.org/ontology/Settlement>	<http://ja.dbpedia.org/property/west>	"West"@ja	<http://ja.wikipedia.org/wiki/北見市>	<http://wikidata.dbpedia.org/resource/Q265555>
<http://ja.dbpedia.org/resource/北見市>	"北見市"@ja	<http://dbpedia.org/ontology/Location>	<http://ja.dbpedia.org/property/west>	"West"@ja	<http://ja.wikipedia.org/wiki/北見市>	<http://wikidata.dbpedia.org/resource/Q265555>
<http://ja.dbpedia.org/resource/北見市>	"北見市"@ja	<http://dbpedia.org/ontology/City>	<http://ja.dbpedia.org/property/west>	"West"@ja	<http://ja.wikipedia.org/wiki/北見市>	<http://wikidata.dbpedia.org/resource/Q265555>
<http://ja.dbpedia.org/resource/北見市>	"北見市"@ja	<http://dbpedia.org/ontology/Place>	<http://ja.dbpedia.org/property/west>	"West"@ja	<http://ja.wikipedia.org/wiki/北見市>	<http://wikidata.dbpedia.org/resource/Q265555>
<http://ja.dbpedia.org/resource/湧別川>	"湧別川"@ja	<http://dbpedia.org/ontology/NaturalPlace>	<http://ja.dbpedia.org/property/水源>	"水源"@ja	<http://ja.wikipedia.org/wiki/湧別川>	<http://wikidata.dbpedia.org/resource/Q1104640>
<http://ja.dbpedia.org/resource/湧別川>	"湧別川"@ja	<http://dbpedia.org/ontology/Stream>	<http://ja.dbpedia.org/property/水源>	"水源"@ja	<http://ja.wikipedia.org/wiki/湧別川>	<http://wikidata.dbpedia.org/resource/Q1104640>
<http://ja.dbpedia.org/resource/湧別川>	"湧別川"@ja	<http://dbpedia.org/ontology/BodyOfWater>	<http://ja.dbpedia.org/property/水源>	"水源"@ja	<http://ja.wikipedia.org/wiki/湧別川>	<http://wikidata.dbpedia.org/resource/Q1104640>
<http://ja.dbpedia.org/resource/湧別川>	"湧別川"@ja	<http://dbpedia.org/ontology/River>	<http://ja.dbpedia.org/property/水源>	"水源"@ja	<http://ja.wikipedia.org/wiki/湧別川>	<http://wikidata.dbpedia.org/resource/Q1104640>
<http://ja.dbpedia.org/resource/湧別川>	"湧別川"@ja	<http://dbpedia.org/ontology/Place>	<http://ja.dbpedia.org/property/水源>	"水源"@ja	<http://ja.wikipedia.org/wiki/湧別川>	<http://wikidata.dbpedia.org/resource/Q1104640>
<http://ja.dbpedia.org/resource/湧別川>	"湧別川"@ja	<http://dbpedia.org/ontology/Location>	<http://ja.dbpedia.org/property/水源>	"水源"@ja	<http://ja.wikipedia.org/wiki/湧別川>	<http://wikidata.dbpedia.org/resource/Q1104640>
<http://ja.dbpedia.org/resource/湧別町>	"湧別町"@ja	<http://dbpedia.org/ontology/City>	<http://ja.dbpedia.org/property/southwest>	"Southwest"@ja	<http://ja.wikipedia.org/wiki/湧別町>	<http://wikidata.dbpedia.org/resource/Q1348807>
<http://ja.dbpedia.org/resource/湧別町>	"湧別町"@ja	<http://dbpedia.org/ontology/Place>	<http://ja.dbpedia.org/property/southwest>	"Southwest"@ja	<http://ja.wikipedia.org/wiki/湧別町>	<http://wikidata.dbpedia.org/resource/Q1348807>
<http://ja.dbpedia.org/resource/湧別町>	"湧別町"@ja	<http://dbpedia.org/ontology/Location>	<http://ja.dbpedia.org/property/southwest>	"Southwest"@ja	<http://ja.wikipedia.org/wiki/湧別町>	<http://wikidata.dbpedia.org/resource/Q1348807>
<http://ja.dbpedia.org/resource/湧別町>	"湧別町"@ja	<http://dbpedia.org/ontology/PopulatedPlace>	<http://ja.dbpedia.org/property/southwest>	"Southwest"@ja	<http://ja.wikipedia.org/wiki/湧別町>	<http://wikidata.dbpedia.org/resource/Q1348807>
<http://ja.dbpedia.org/resource/湧別町>	"湧別町"@ja	<http://dbpedia.org/ontology/Settlement>	<http://ja.dbpedia.org/property/southwest>	"Southwest"@ja	<http://ja.wikipedia.org/wiki/湧別町>	<http://wikidata.dbpedia.org/resource/Q1348807>
<http://ja.dbpedia.org/resource/紋別市>	"紋別市"@ja	<http://dbpedia.org/ontology/Place>	<http://ja.dbpedia.org/property/south>	"South"@ja	<http://ja.wikipedia.org/wiki/紋別市>	<http://wikidata.dbpedia.org/resource/Q692745>
<http://ja.dbpedia.org/resource/紋別市>	"紋別市"@ja	<http://dbpedia.org/ontology/City>	<http://ja.dbpedia.org/property/south>	"South"@ja	<http://ja.wikipedia.org/wiki/紋別市>	<http://wikidata.dbpedia.org/resource/Q692745>
<http://ja.dbpedia.org/resource/紋別市>	"紋別市"@ja	<http://dbpedia.org/ontology/Settlement>	<http://ja.dbpedia.org/property/south>	"South"@ja	<http://ja.wikipedia.org/wiki/紋別市>	<http://wikidata.dbpedia.org/resource/Q692745>
<http://ja.dbpedia.org/resource/紋別市>	"紋別市"@ja	<http://dbpedia.org/ontology/PopulatedPlace>	<http://ja.dbpedia.org/property/south>	"South"@ja	<http://ja.wikipedia.org/wiki/紋別市>	<http://wikidata.dbpedia.org/resource/Q692745>
<http://ja.dbpedia.org/resource/紋別市>	"紋別市"@ja	<http://dbpedia.org/ontology/Location>	<http://ja.dbpedia.org/property/south>	"South"@ja	<http://ja.wikipedia.org/wiki/紋別市>	<http://wikidata.dbpedia.org/resource/Q692745>
<http://ja.dbpedia.org/resource/遠軽町立東小学校望の岡分校>	"遠軽町立東小学校望の岡分校"@ja	<http://dbpedia.org/ontology/Organisation>	<http://ja.dbpedia.org/property/設置者>	"設置者"@ja	<http://ja.wikipedia.org/wiki/遠軽町立東小学校望の岡分校>	<http://wikidata.dbpedia.org/resource/Q110143818>
<http://ja.dbpedia.org/resource/遠軽町立東小学校望の岡分校>	"遠軽町立東小学校望の岡分校"@ja	<http://dbpedia.org/ontology/Agent>	<http://ja.dbpedia.org/property/設置者>	"設置者"@ja	<http://ja.wikipedia.org/wiki/遠軽町立東小学校望の岡分校>	<http://wikidata.dbpedia.org/resource/Q110143818>
<http://ja.dbpedia.org/resource/遠軽町立東小学校望の岡分校>	"遠軽町立東小学校望の岡分校"@ja	<http://dbpedia.org/ontology/School>	<http://ja.dbpedia.org/property/設置者>	"設置者"@ja	<http://ja.wikipedia.org/wiki/遠軽町立東小学校望の岡分校>	<http://wikidata.dbpedia.org/resource/Q110143818>
<http://ja.dbpedia.org/resource/遠軽町立東小学校望の岡分校>	"遠軽町立東小学校望の岡分校"@ja	<http://dbpedia.org/ontology/EducationalInstitution>	<http://ja.dbpedia.org/property/設置者>	"設置者"@ja	<http://ja.wikipedia.org/wiki/遠軽町立東小学校望の岡分校>	<http://wikidata.dbpedia.org/resource/Q110143818>
<http://ja.dbpedia.org/resource/遠軽町立遠軽中学校>	"遠軽町立遠軽中学校"@ja	<http://dbpedia.org/ontology/Organisation>	<http://ja.dbpedia.org/property/設置者>	"設置者"@ja	<http://ja.wikipedia.org/wiki/遠軽町立遠軽中学校>	<http://wikidata.dbpedia.org/resource/Q17989489>
<http://ja.dbpedia.org/resource/遠軽町立遠軽中学校>	"遠軽町立遠軽中学校"@ja	<http://dbpedia.org/ontology/Agent>	<http://ja.dbpedia.org/property/設置者>	"設置者"@ja	<http://ja.wikipedia.org/wiki/遠軽町立遠軽中学校>	<http://wikidata.dbpedia.org/resource/Q17989489>
<http://ja.dbpedia.org/resource/遠軽町立遠軽中学校>	"遠軽町立遠軽中学校"@ja	<http://dbpedia.org/ontology/EducationalInstitution>	<http://ja.dbpedia.org/property/設置者>	"設置者"@ja	<http://ja.wikipedia.org/wiki/遠軽町立遠軽中学校>	<http://wikidata.dbpedia.org/resource/Q17989489>
<http://ja.dbpedia.org/resource/遠軽町立遠軽中学校>	"遠軽町立遠軽中学校"@ja	<http://dbpedia.org/ontology/School>	<http://ja.dbpedia.org/property/設置者>	"設置者"@ja	<http://ja.wikipedia.org/wiki/遠軽町立遠軽中学校>	<http://wikidata.dbpedia.org/resource/Q17989489>
<http://ja.dbpedia.org/resource/遠軽町立遠軽中学校望の岡分校>	"遠軽町立遠軽中学校望の岡分校"@ja	<http://dbpedia.org/ontology/Agent>	<http://ja.dbpedia.org/property/設置者>	"設置者"@ja	<http://ja.wikipedia.org/wiki/遠軽町立遠軽中学校望の岡分校>	<http://wikidata.dbpedia.org/resource/Q110143849>
<http://ja.dbpedia.org/resource/遠軽町立遠軽中学校望の岡分校>	"遠軽町立遠軽中学校望の岡分校"@ja	<http://dbpedia.org/ontology/Organisation>	<http://ja.dbpedia.org/property/設置者>	"設置者"@ja	<http://ja.wikipedia.org/wiki/遠軽町立遠軽中学校望の岡分校>	<http://wikidata.dbpedia.org/resource/Q110143849>
<http://ja.dbpedia.org/resource/遠軽町立遠軽中学校望の岡分校>	"遠軽町立遠軽中学校望の岡分校"@ja	<http://dbpedia.org/ontology/School>	<http://ja.dbpedia.org/property/設置者>	"設置者"@ja	<http://ja.wikipedia.org/wiki/遠軽町立遠軽中学校望の岡分校>	<http://wikidata.dbpedia.org/resource/Q110143849>
<http://ja.dbpedia.org/resource/遠軽町立遠軽中学校望の岡分校>	"遠軽町立遠軽中学校望の岡分校"@ja	<http://dbpedia.org/ontology/EducationalInstitution>	<http://ja.dbpedia.org/property/設置者>	"設置者"@ja	<http://ja.wikipedia.org/wiki/遠軽町立遠軽中学校望の岡分校>	<http://wikidata.dbpedia.org/resource/Q110143849>
<http://ja.dbpedia.org/resource/丸瀬布>	"丸瀬布"@ja	<http://dbpedia.org/ontology/Location>	<http://ja.dbpedia.org/property/subdivisionName>	"subdivision name"@ja	<http://ja.wikipedia.org/wiki/丸瀬布>	
<http://ja.dbpedia.org/resource/丸瀬布>	"丸瀬布"@ja	<http://dbpedia.org/ontology/Place>	<http://ja.dbpedia.org/property/subdivisionName>	"subdivision name"@ja	<http://ja.wikipedia.org/wiki/丸瀬布>	
<http://ja.dbpedia.org/resource/丸瀬布>	"丸瀬布"@ja	<http://dbpedia.org/ontology/PopulatedPlace>	<http://ja.dbpedia.org/property/subdivisionName>	"subdivision name"@ja	<http://ja.wikipedia.org/wiki/丸瀬布>	
<http://ja.dbpedia.org/resource/丸瀬布>	"丸瀬布"@ja	<http://dbpedia.org/ontology/Settlement>	<http://ja.dbpedia.org/property/subdivisionName>	"subdivision name"@ja	<http://ja.wikipedia.org/wiki/丸瀬布>	
<http://ja.dbpedia.org/resource/生田原>	"生田原"@ja	<http://dbpedia.org/ontology/Location>	<http://ja.dbpedia.org/property/subdivisionName>	"subdivision name"@ja	<http://ja.wikipedia.org/wiki/生田原>	
<http://ja.dbpedia.org/resource/生田原>	"生田原"@ja	<http://dbpedia.org/ontology/Place>	<http://ja.dbpedia.org/property/subdivisionName>	"subdivision name"@ja	<http://ja.wikipedia.org/wiki/生田原>	
<http://ja.dbpedia.org/resource/生田原>	"生田原"@ja	<http://dbpedia.org/ontology/PopulatedPlace>	<http://ja.dbpedia.org/property/subdivisionName>	"subdivision name"@ja	<http://ja.wikipedia.org/wiki/生田原>	
<http://ja.dbpedia.org/resource/生田原>	"生田原"@ja	<http://dbpedia.org/ontology/Settlement>	<http://ja.dbpedia.org/property/subdivisionName>	"subdivision name"@ja	<http://ja.wikipedia.org/wiki/生田原>	
