?s	?sLabel	?type	?p	?pLabel	?jwiki	?wd
<http://ja.dbpedia.org/resource/佐呂間町>	"佐呂間町"@ja	<http://dbpedia.org/ontology/City>	<http://ja.dbpedia.org/property/northwest>	"Northwest"@ja	<http://ja.wikipedia.org/wiki/佐呂間町>	<http://wikidata.dbpedia.org/resource/Q1365521>
<http://ja.dbpedia.org/resource/佐呂間町>	"佐呂間町"@ja	<http://dbpedia.org/ontology/PopulatedPlace>	<http://ja.dbpedia.org/property/northwest>	"Northwest"@ja	<http://ja.wikipedia.org/wiki/佐呂間町>	<http://wikidata.dbpedia.org/resource/Q1365521>
<http://ja.dbpedia.org/resource/佐呂間町>	"佐呂間町"@ja	<http://dbpedia.org/ontology/Place>	<http://ja.dbpedia.org/property/northwest>	"Northwest"@ja	<http://ja.wikipedia.org/wiki/佐呂間町>	<http://wikidata.dbpedia.org/resource/Q1365521>
<http://ja.dbpedia.org/resource/佐呂間町>	"佐呂間町"@ja	<http://dbpedia.org/ontology/Location>	<http://ja.dbpedia.org/property/northwest>	"Northwest"@ja	<http://ja.wikipedia.org/wiki/佐呂間町>	<http://wikidata.dbpedia.org/resource/Q1365521>
<http://ja.dbpedia.org/resource/佐呂間町>	"佐呂間町"@ja	<http://dbpedia.org/ontology/Settlement>	<http://ja.dbpedia.org/property/northwest>	"Northwest"@ja	<http://ja.wikipedia.org/wiki/佐呂間町>	<http://wikidata.dbpedia.org/resource/Q1365521>
<http://ja.dbpedia.org/resource/北見市>	"北見市"@ja	<http://dbpedia.org/ontology/Location>	<http://ja.dbpedia.org/property/northwest>	"Northwest"@ja	<http://ja.wikipedia.org/wiki/北見市>	<http://wikidata.dbpedia.org/resource/Q265555>
<http://ja.dbpedia.org/resource/北見市>	"北見市"@ja	<http://dbpedia.org/ontology/Place>	<http://ja.dbpedia.org/property/northwest>	"Northwest"@ja	<http://ja.wikipedia.org/wiki/北見市>	<http://wikidata.dbpedia.org/resource/Q265555>
<http://ja.dbpedia.org/resource/北見市>	"北見市"@ja	<http://dbpedia.org/ontology/PopulatedPlace>	<http://ja.dbpedia.org/property/northwest>	"Northwest"@ja	<http://ja.wikipedia.org/wiki/北見市>	<http://wikidata.dbpedia.org/resource/Q265555>
<http://ja.dbpedia.org/resource/北見市>	"北見市"@ja	<http://dbpedia.org/ontology/City>	<http://ja.dbpedia.org/property/northwest>	"Northwest"@ja	<http://ja.wikipedia.org/wiki/北見市>	<http://wikidata.dbpedia.org/resource/Q265555>
<http://ja.dbpedia.org/resource/北見市>	"北見市"@ja	<http://dbpedia.org/ontology/Settlement>	<http://ja.dbpedia.org/property/northwest>	"Northwest"@ja	<http://ja.wikipedia.org/wiki/北見市>	<http://wikidata.dbpedia.org/resource/Q265555>
<http://ja.dbpedia.org/resource/湧別川>	"湧別川"@ja	<http://dbpedia.org/ontology/BodyOfWater>	<http://ja.dbpedia.org/property/河口>	"河口"@ja	<http://ja.wikipedia.org/wiki/湧別川>	<http://wikidata.dbpedia.org/resource/Q1104640>
<http://ja.dbpedia.org/resource/湧別川>	"湧別川"@ja	<http://dbpedia.org/ontology/Stream>	<http://ja.dbpedia.org/property/河口>	"河口"@ja	<http://ja.wikipedia.org/wiki/湧別川>	<http://wikidata.dbpedia.org/resource/Q1104640>
<http://ja.dbpedia.org/resource/湧別川>	"湧別川"@ja	<http://dbpedia.org/ontology/River>	<http://ja.dbpedia.org/property/河口>	"河口"@ja	<http://ja.wikipedia.org/wiki/湧別川>	<http://wikidata.dbpedia.org/resource/Q1104640>
<http://ja.dbpedia.org/resource/湧別川>	"湧別川"@ja	<http://dbpedia.org/ontology/Place>	<http://ja.dbpedia.org/property/河口>	"河口"@ja	<http://ja.wikipedia.org/wiki/湧別川>	<http://wikidata.dbpedia.org/resource/Q1104640>
<http://ja.dbpedia.org/resource/湧別川>	"湧別川"@ja	<http://dbpedia.org/ontology/Location>	<http://ja.dbpedia.org/property/河口>	"河口"@ja	<http://ja.wikipedia.org/wiki/湧別川>	<http://wikidata.dbpedia.org/resource/Q1104640>
<http://ja.dbpedia.org/resource/湧別川>	"湧別川"@ja	<http://dbpedia.org/ontology/NaturalPlace>	<http://ja.dbpedia.org/property/河口>	"河口"@ja	<http://ja.wikipedia.org/wiki/湧別川>	<http://wikidata.dbpedia.org/resource/Q1104640>
<http://ja.dbpedia.org/resource/紋別市>	"紋別市"@ja	<http://dbpedia.org/ontology/Location>	<http://ja.dbpedia.org/property/east>	"East"@ja	<http://ja.wikipedia.org/wiki/紋別市>	<http://wikidata.dbpedia.org/resource/Q692745>
<http://ja.dbpedia.org/resource/紋別市>	"紋別市"@ja	<http://dbpedia.org/ontology/Settlement>	<http://ja.dbpedia.org/property/east>	"East"@ja	<http://ja.wikipedia.org/wiki/紋別市>	<http://wikidata.dbpedia.org/resource/Q692745>
<http://ja.dbpedia.org/resource/紋別市>	"紋別市"@ja	<http://dbpedia.org/ontology/Place>	<http://ja.dbpedia.org/property/east>	"East"@ja	<http://ja.wikipedia.org/wiki/紋別市>	<http://wikidata.dbpedia.org/resource/Q692745>
<http://ja.dbpedia.org/resource/紋別市>	"紋別市"@ja	<http://dbpedia.org/ontology/City>	<http://ja.dbpedia.org/property/east>	"East"@ja	<http://ja.wikipedia.org/wiki/紋別市>	<http://wikidata.dbpedia.org/resource/Q692745>
<http://ja.dbpedia.org/resource/紋別市>	"紋別市"@ja	<http://dbpedia.org/ontology/PopulatedPlace>	<http://ja.dbpedia.org/property/east>	"East"@ja	<http://ja.wikipedia.org/wiki/紋別市>	<http://wikidata.dbpedia.org/resource/Q692745>
<http://ja.dbpedia.org/resource/遠軽町>	"遠軽町"@ja	<http://dbpedia.org/ontology/Settlement>	<http://ja.dbpedia.org/property/northeast>	"Northeast"@ja	<http://ja.wikipedia.org/wiki/遠軽町>	<http://wikidata.dbpedia.org/resource/Q1348788>
<http://ja.dbpedia.org/resource/遠軽町>	"遠軽町"@ja	<http://dbpedia.org/ontology/Place>	<http://ja.dbpedia.org/property/northeast>	"Northeast"@ja	<http://ja.wikipedia.org/wiki/遠軽町>	<http://wikidata.dbpedia.org/resource/Q1348788>
<http://ja.dbpedia.org/resource/遠軽町>	"遠軽町"@ja	<http://dbpedia.org/ontology/City>	<http://ja.dbpedia.org/property/northeast>	"Northeast"@ja	<http://ja.wikipedia.org/wiki/遠軽町>	<http://wikidata.dbpedia.org/resource/Q1348788>
<http://ja.dbpedia.org/resource/遠軽町>	"遠軽町"@ja	<http://dbpedia.org/ontology/PopulatedPlace>	<http://ja.dbpedia.org/property/northeast>	"Northeast"@ja	<http://ja.wikipedia.org/wiki/遠軽町>	<http://wikidata.dbpedia.org/resource/Q1348788>
<http://ja.dbpedia.org/resource/遠軽町>	"遠軽町"@ja	<http://dbpedia.org/ontology/Location>	<http://ja.dbpedia.org/property/northeast>	"Northeast"@ja	<http://ja.wikipedia.org/wiki/遠軽町>	<http://wikidata.dbpedia.org/resource/Q1348788>
