?s	?sLabel	?type	?p	?pLabel	?jwiki	?wd
<http://ja.dbpedia.org/resource/アカエゾマツ>	"アカエゾマツ"@ja	<http://dbpedia.org/ontology/Species>	<http://ja.dbpedia.org/property/木>	"木"@ja	<http://ja.wikipedia.org/wiki/アカエゾマツ>	<http://wikidata.dbpedia.org/resource/Q1151932>
<http://ja.dbpedia.org/resource/エゾマツ>	"エゾマツ"@ja	<http://dbpedia.org/ontology/Species>	<http://ja.dbpedia.org/property/木>	"木"@ja	<http://ja.wikipedia.org/wiki/エゾマツ>	<http://wikidata.dbpedia.org/resource/Q1190084>
<http://ja.dbpedia.org/resource/タンチョウ>	"タンチョウ"@ja	<http://dbpedia.org/ontology/Species>	<http://ja.dbpedia.org/property/鳥>	"鳥"@ja	<http://ja.wikipedia.org/wiki/タンチョウ>	<http://wikidata.dbpedia.org/resource/Q232906>
<http://ja.dbpedia.org/resource/ハマナス>	"ハマナス"@ja	<http://dbpedia.org/ontology/Species>	<http://ja.dbpedia.org/property/花>	"花"@ja	<http://ja.wikipedia.org/wiki/ハマナス>	<http://wikidata.dbpedia.org/resource/Q634975>
<http://ja.dbpedia.org/resource/旭岳>	"旭岳"@ja	<http://dbpedia.org/ontology/Place>	<http://ja.dbpedia.org/property/最高峰>	"最高峰"@ja	<http://ja.wikipedia.org/wiki/旭岳>	<http://wikidata.dbpedia.org/resource/Q2271725>
<http://ja.dbpedia.org/resource/旭岳>	"旭岳"@ja	<http://dbpedia.org/ontology/NaturalPlace>	<http://ja.dbpedia.org/property/最高峰>	"最高峰"@ja	<http://ja.wikipedia.org/wiki/旭岳>	<http://wikidata.dbpedia.org/resource/Q2271725>
<http://ja.dbpedia.org/resource/旭岳>	"旭岳"@ja	<http://dbpedia.org/ontology/Mountain>	<http://ja.dbpedia.org/property/最高峰>	"最高峰"@ja	<http://ja.wikipedia.org/wiki/旭岳>	<http://wikidata.dbpedia.org/resource/Q2271725>
<http://ja.dbpedia.org/resource/旭岳>	"旭岳"@ja	<http://dbpedia.org/ontology/Location>	<http://ja.dbpedia.org/property/最高峰>	"最高峰"@ja	<http://ja.wikipedia.org/wiki/旭岳>	<http://wikidata.dbpedia.org/resource/Q2271725>
<http://ja.dbpedia.org/resource/札幌市>	"札幌市"@ja	<http://dbpedia.org/ontology/City>	<http://ja.dbpedia.org/property/最大都市>	"最大都市"@ja	<http://ja.wikipedia.org/wiki/札幌市>	<http://wikidata.dbpedia.org/resource/Q37951>
<http://ja.dbpedia.org/resource/札幌市>	"札幌市"@ja	<http://dbpedia.org/ontology/Location>	<http://ja.dbpedia.org/property/最大都市>	"最大都市"@ja	<http://ja.wikipedia.org/wiki/札幌市>	<http://wikidata.dbpedia.org/resource/Q37951>
<http://ja.dbpedia.org/resource/札幌市>	"札幌市"@ja	<http://dbpedia.org/ontology/PopulatedPlace>	<http://ja.dbpedia.org/property/最大都市>	"最大都市"@ja	<http://ja.wikipedia.org/wiki/札幌市>	<http://wikidata.dbpedia.org/resource/Q37951>
<http://ja.dbpedia.org/resource/札幌市>	"札幌市"@ja	<http://dbpedia.org/ontology/Place>	<http://ja.dbpedia.org/property/最大都市>	"最大都市"@ja	<http://ja.wikipedia.org/wiki/札幌市>	<http://wikidata.dbpedia.org/resource/Q37951>
<http://ja.dbpedia.org/resource/札幌市>	"札幌市"@ja	<http://dbpedia.org/ontology/Settlement>	<http://ja.dbpedia.org/property/最大都市>	"最大都市"@ja	<http://ja.wikipedia.org/wiki/札幌市>	<http://wikidata.dbpedia.org/resource/Q37951>
