?s	?sLabel	?type	?p	?pLabel	?jwiki	?wd
<http://ja.dbpedia.org/resource/ヤマドリ>	"ヤマドリ"@ja	<http://dbpedia.org/ontology/Species>	<http://ja.dbpedia.org/property/鳥>	"鳥"@ja	<http://ja.wikipedia.org/wiki/ヤマドリ>	<http://wikidata.dbpedia.org/resource/Q731600>
<http://ja.dbpedia.org/resource/栃木県>	"栃木県"@ja	<http://dbpedia.org/ontology/AdministrativeRegion>	<http://ja.dbpedia.org/property/before>	"before"@ja	<http://ja.wikipedia.org/wiki/栃木県>	<http://wikidata.dbpedia.org/resource/Q44843>
<http://ja.dbpedia.org/resource/栃木県>	"栃木県"@ja	<http://dbpedia.org/ontology/Region>	<http://ja.dbpedia.org/property/before>	"before"@ja	<http://ja.wikipedia.org/wiki/栃木県>	<http://wikidata.dbpedia.org/resource/Q44843>
<http://ja.dbpedia.org/resource/栃木県>	"栃木県"@ja	<http://dbpedia.org/ontology/Location>	<http://ja.dbpedia.org/property/before>	"before"@ja	<http://ja.wikipedia.org/wiki/栃木県>	<http://wikidata.dbpedia.org/resource/Q44843>
<http://ja.dbpedia.org/resource/栃木県>	"栃木県"@ja	<http://dbpedia.org/ontology/Place>	<http://ja.dbpedia.org/property/before>	"before"@ja	<http://ja.wikipedia.org/wiki/栃木県>	<http://wikidata.dbpedia.org/resource/Q44843>
<http://ja.dbpedia.org/resource/栃木県>	"栃木県"@ja	<http://dbpedia.org/ontology/PopulatedPlace>	<http://ja.dbpedia.org/property/before>	"before"@ja	<http://ja.wikipedia.org/wiki/栃木県>	<http://wikidata.dbpedia.org/resource/Q44843>
<http://ja.dbpedia.org/resource/クロマツ>	"クロマツ"@ja	<http://dbpedia.org/ontology/Species>	<http://ja.dbpedia.org/property/木>	"木"@ja	<http://ja.wikipedia.org/wiki/クロマツ>	<http://wikidata.dbpedia.org/resource/Q854884>
<http://ja.dbpedia.org/resource/レンゲツツジ>	"レンゲツツジ"@ja	<http://dbpedia.org/ontology/Eukaryote>	<http://ja.dbpedia.org/property/花>	"花"@ja	<http://ja.wikipedia.org/wiki/レンゲツツジ>	<http://wikidata.dbpedia.org/resource/Q104395995>
<http://ja.dbpedia.org/resource/レンゲツツジ>	"レンゲツツジ"@ja	<http://dbpedia.org/ontology/Plant>	<http://ja.dbpedia.org/property/花>	"花"@ja	<http://ja.wikipedia.org/wiki/レンゲツツジ>	<http://wikidata.dbpedia.org/resource/Q104395995>
<http://ja.dbpedia.org/resource/レンゲツツジ>	"レンゲツツジ"@ja	<http://dbpedia.org/ontology/Species>	<http://ja.dbpedia.org/property/花>	"花"@ja	<http://ja.wikipedia.org/wiki/レンゲツツジ>	<http://wikidata.dbpedia.org/resource/Q104395995>
