?s	?sLabel	?type	?p	?pLabel	?jwiki	?wd
<http://ja.dbpedia.org/resource/キク>	"キク"@ja	<http://dbpedia.org/ontology/Species>	<http://ja.dbpedia.org/property/花>	"花"@ja	<http://ja.wikipedia.org/wiki/キク>	<http://wikidata.dbpedia.org/resource/Q15530181>
<http://ja.dbpedia.org/resource/サルビア>	"サルビア"@ja	<http://dbpedia.org/ontology/Species>	<http://ja.dbpedia.org/property/花>	"花"@ja	<http://ja.wikipedia.org/wiki/サルビア>	<http://wikidata.dbpedia.org/resource/Q161080>
<http://ja.dbpedia.org/resource/スイセン属>	"スイセン属"@ja	<http://dbpedia.org/ontology/Species>	<http://ja.dbpedia.org/property/花>	"花"@ja	<http://ja.wikipedia.org/wiki/スイセン属>	<http://wikidata.dbpedia.org/resource/Q29465>
<http://ja.dbpedia.org/resource/ツツジ>	"ツツジ"@ja	<http://dbpedia.org/ontology/Species>	<http://ja.dbpedia.org/property/花>	"花"@ja	<http://ja.wikipedia.org/wiki/ツツジ>	<http://wikidata.dbpedia.org/resource/Q189393>
<http://ja.dbpedia.org/resource/マツ>	"マツ"@ja	<http://dbpedia.org/ontology/Species>	<http://ja.dbpedia.org/property/木>	"木"@ja	<http://ja.wikipedia.org/wiki/マツ>	<http://wikidata.dbpedia.org/resource/Q12024>
<http://ja.dbpedia.org/resource/埼玉県>	"埼玉県"@ja	<http://dbpedia.org/ontology/AdministrativeRegion>	<http://ja.dbpedia.org/property/隣接自治体>	"隣接自治体"@ja	<http://ja.wikipedia.org/wiki/埼玉県>	<http://wikidata.dbpedia.org/resource/Q128186>
<http://ja.dbpedia.org/resource/埼玉県>	"埼玉県"@ja	<http://dbpedia.org/ontology/Place>	<http://ja.dbpedia.org/property/隣接自治体>	"隣接自治体"@ja	<http://ja.wikipedia.org/wiki/埼玉県>	<http://wikidata.dbpedia.org/resource/Q128186>
<http://ja.dbpedia.org/resource/埼玉県>	"埼玉県"@ja	<http://dbpedia.org/ontology/Location>	<http://ja.dbpedia.org/property/隣接自治体>	"隣接自治体"@ja	<http://ja.wikipedia.org/wiki/埼玉県>	<http://wikidata.dbpedia.org/resource/Q128186>
<http://ja.dbpedia.org/resource/埼玉県>	"埼玉県"@ja	<http://dbpedia.org/ontology/PopulatedPlace>	<http://ja.dbpedia.org/property/隣接自治体>	"隣接自治体"@ja	<http://ja.wikipedia.org/wiki/埼玉県>	<http://wikidata.dbpedia.org/resource/Q128186>
<http://ja.dbpedia.org/resource/埼玉県>	"埼玉県"@ja	<http://dbpedia.org/ontology/Region>	<http://ja.dbpedia.org/property/隣接自治体>	"隣接自治体"@ja	<http://ja.wikipedia.org/wiki/埼玉県>	<http://wikidata.dbpedia.org/resource/Q128186>
<http://ja.dbpedia.org/resource/本庄市>	"本庄市"@ja	<http://dbpedia.org/ontology/City>	<http://ja.dbpedia.org/property/隣接自治体>	"隣接自治体"@ja	<http://ja.wikipedia.org/wiki/本庄市>	<http://wikidata.dbpedia.org/resource/Q873565>
<http://ja.dbpedia.org/resource/本庄市>	"本庄市"@ja	<http://dbpedia.org/ontology/PopulatedPlace>	<http://ja.dbpedia.org/property/隣接自治体>	"隣接自治体"@ja	<http://ja.wikipedia.org/wiki/本庄市>	<http://wikidata.dbpedia.org/resource/Q873565>
<http://ja.dbpedia.org/resource/本庄市>	"本庄市"@ja	<http://dbpedia.org/ontology/Place>	<http://ja.dbpedia.org/property/隣接自治体>	"隣接自治体"@ja	<http://ja.wikipedia.org/wiki/本庄市>	<http://wikidata.dbpedia.org/resource/Q873565>
<http://ja.dbpedia.org/resource/本庄市>	"本庄市"@ja	<http://dbpedia.org/ontology/Location>	<http://ja.dbpedia.org/property/隣接自治体>	"隣接自治体"@ja	<http://ja.wikipedia.org/wiki/本庄市>	<http://wikidata.dbpedia.org/resource/Q873565>
<http://ja.dbpedia.org/resource/本庄市>	"本庄市"@ja	<http://dbpedia.org/ontology/Settlement>	<http://ja.dbpedia.org/property/隣接自治体>	"隣接自治体"@ja	<http://ja.wikipedia.org/wiki/本庄市>	<http://wikidata.dbpedia.org/resource/Q873565>
<http://ja.dbpedia.org/resource/深谷市>	"深谷市"@ja	<http://dbpedia.org/ontology/City>	<http://ja.dbpedia.org/property/隣接自治体>	"隣接自治体"@ja	<http://ja.wikipedia.org/wiki/深谷市>	<http://wikidata.dbpedia.org/resource/Q734532>
<http://ja.dbpedia.org/resource/深谷市>	"深谷市"@ja	<http://dbpedia.org/ontology/Location>	<http://ja.dbpedia.org/property/隣接自治体>	"隣接自治体"@ja	<http://ja.wikipedia.org/wiki/深谷市>	<http://wikidata.dbpedia.org/resource/Q734532>
<http://ja.dbpedia.org/resource/深谷市>	"深谷市"@ja	<http://dbpedia.org/ontology/PopulatedPlace>	<http://ja.dbpedia.org/property/隣接自治体>	"隣接自治体"@ja	<http://ja.wikipedia.org/wiki/深谷市>	<http://wikidata.dbpedia.org/resource/Q734532>
<http://ja.dbpedia.org/resource/深谷市>	"深谷市"@ja	<http://dbpedia.org/ontology/Place>	<http://ja.dbpedia.org/property/隣接自治体>	"隣接自治体"@ja	<http://ja.wikipedia.org/wiki/深谷市>	<http://wikidata.dbpedia.org/resource/Q734532>
<http://ja.dbpedia.org/resource/深谷市>	"深谷市"@ja	<http://dbpedia.org/ontology/Settlement>	<http://ja.dbpedia.org/property/隣接自治体>	"隣接自治体"@ja	<http://ja.wikipedia.org/wiki/深谷市>	<http://wikidata.dbpedia.org/resource/Q734532>
