?s	?sLabel	?type	?p	?pLabel	?jwiki	?wd
<http://ja.dbpedia.org/resource/カルガモ>	"カルガモ"@ja	<http://dbpedia.org/ontology/Species>	<http://ja.dbpedia.org/property/鳥など>	"鳥など"@ja	<http://ja.wikipedia.org/wiki/カルガモ>	<http://wikidata.dbpedia.org/resource/Q839542>
<http://ja.dbpedia.org/resource/クロマツ>	"クロマツ"@ja	<http://dbpedia.org/ontology/Species>	<http://ja.dbpedia.org/property/木>	"木"@ja	<http://ja.wikipedia.org/wiki/クロマツ>	<http://wikidata.dbpedia.org/resource/Q854884>
<http://ja.dbpedia.org/resource/ヤマツツジ>	"ヤマツツジ"@ja	<http://dbpedia.org/ontology/Eukaryote>	<http://ja.dbpedia.org/property/花>	"花"@ja	<http://ja.wikipedia.org/wiki/ヤマツツジ>	<http://wikidata.dbpedia.org/resource/Q11345163>
<http://ja.dbpedia.org/resource/ヤマツツジ>	"ヤマツツジ"@ja	<http://dbpedia.org/ontology/Species>	<http://ja.dbpedia.org/property/花>	"花"@ja	<http://ja.wikipedia.org/wiki/ヤマツツジ>	<http://wikidata.dbpedia.org/resource/Q11345163>
<http://ja.dbpedia.org/resource/ヤマツツジ>	"ヤマツツジ"@ja	<http://dbpedia.org/ontology/Plant>	<http://ja.dbpedia.org/property/花>	"花"@ja	<http://ja.wikipedia.org/wiki/ヤマツツジ>	<http://wikidata.dbpedia.org/resource/Q11345163>
<http://ja.dbpedia.org/resource/佐野市>	"佐野市"@ja	<http://dbpedia.org/ontology/PopulatedPlace>	<http://ja.dbpedia.org/property/隣接自治体>	"隣接自治体"@ja	<http://ja.wikipedia.org/wiki/佐野市>	<http://wikidata.dbpedia.org/resource/Q646912>
<http://ja.dbpedia.org/resource/佐野市>	"佐野市"@ja	<http://dbpedia.org/ontology/Settlement>	<http://ja.dbpedia.org/property/隣接自治体>	"隣接自治体"@ja	<http://ja.wikipedia.org/wiki/佐野市>	<http://wikidata.dbpedia.org/resource/Q646912>
<http://ja.dbpedia.org/resource/佐野市>	"佐野市"@ja	<http://dbpedia.org/ontology/Location>	<http://ja.dbpedia.org/property/隣接自治体>	"隣接自治体"@ja	<http://ja.wikipedia.org/wiki/佐野市>	<http://wikidata.dbpedia.org/resource/Q646912>
<http://ja.dbpedia.org/resource/佐野市>	"佐野市"@ja	<http://dbpedia.org/ontology/Place>	<http://ja.dbpedia.org/property/隣接自治体>	"隣接自治体"@ja	<http://ja.wikipedia.org/wiki/佐野市>	<http://wikidata.dbpedia.org/resource/Q646912>
<http://ja.dbpedia.org/resource/佐野市>	"佐野市"@ja	<http://dbpedia.org/ontology/City>	<http://ja.dbpedia.org/property/隣接自治体>	"隣接自治体"@ja	<http://ja.wikipedia.org/wiki/佐野市>	<http://wikidata.dbpedia.org/resource/Q646912>
<http://ja.dbpedia.org/resource/千代田町>	"千代田町"@ja	<http://dbpedia.org/ontology/Place>	<http://ja.dbpedia.org/property/southwest>	"Southwest"@ja	<http://ja.wikipedia.org/wiki/千代田町>	<http://wikidata.dbpedia.org/resource/Q1023773>
<http://ja.dbpedia.org/resource/千代田町>	"千代田町"@ja	<http://dbpedia.org/ontology/City>	<http://ja.dbpedia.org/property/southwest>	"Southwest"@ja	<http://ja.wikipedia.org/wiki/千代田町>	<http://wikidata.dbpedia.org/resource/Q1023773>
<http://ja.dbpedia.org/resource/千代田町>	"千代田町"@ja	<http://dbpedia.org/ontology/Location>	<http://ja.dbpedia.org/property/southwest>	"Southwest"@ja	<http://ja.wikipedia.org/wiki/千代田町>	<http://wikidata.dbpedia.org/resource/Q1023773>
<http://ja.dbpedia.org/resource/千代田町>	"千代田町"@ja	<http://dbpedia.org/ontology/PopulatedPlace>	<http://ja.dbpedia.org/property/southwest>	"Southwest"@ja	<http://ja.wikipedia.org/wiki/千代田町>	<http://wikidata.dbpedia.org/resource/Q1023773>
<http://ja.dbpedia.org/resource/千代田町>	"千代田町"@ja	<http://dbpedia.org/ontology/Settlement>	<http://ja.dbpedia.org/property/southwest>	"Southwest"@ja	<http://ja.wikipedia.org/wiki/千代田町>	<http://wikidata.dbpedia.org/resource/Q1023773>
<http://ja.dbpedia.org/resource/明和町_(群馬県)>	"明和町 (群馬県)"@ja	<http://dbpedia.org/ontology/Place>	<http://ja.dbpedia.org/property/south>	"South"@ja	<http://ja.wikipedia.org/wiki/明和町_(群馬県)>	<http://wikidata.dbpedia.org/resource/Q1203274>
<http://ja.dbpedia.org/resource/明和町_(群馬県)>	"明和町 (群馬県)"@ja	<http://dbpedia.org/ontology/City>	<http://ja.dbpedia.org/property/south>	"South"@ja	<http://ja.wikipedia.org/wiki/明和町_(群馬県)>	<http://wikidata.dbpedia.org/resource/Q1203274>
<http://ja.dbpedia.org/resource/明和町_(群馬県)>	"明和町 (群馬県)"@ja	<http://dbpedia.org/ontology/Settlement>	<http://ja.dbpedia.org/property/south>	"South"@ja	<http://ja.wikipedia.org/wiki/明和町_(群馬県)>	<http://wikidata.dbpedia.org/resource/Q1203274>
<http://ja.dbpedia.org/resource/明和町_(群馬県)>	"明和町 (群馬県)"@ja	<http://dbpedia.org/ontology/PopulatedPlace>	<http://ja.dbpedia.org/property/south>	"South"@ja	<http://ja.wikipedia.org/wiki/明和町_(群馬県)>	<http://wikidata.dbpedia.org/resource/Q1203274>
<http://ja.dbpedia.org/resource/明和町_(群馬県)>	"明和町 (群馬県)"@ja	<http://dbpedia.org/ontology/Location>	<http://ja.dbpedia.org/property/south>	"South"@ja	<http://ja.wikipedia.org/wiki/明和町_(群馬県)>	<http://wikidata.dbpedia.org/resource/Q1203274>
<http://ja.dbpedia.org/resource/板倉町>	"板倉町"@ja	<http://dbpedia.org/ontology/City>	<http://ja.dbpedia.org/property/east>	"East"@ja	<http://ja.wikipedia.org/wiki/板倉町>	<http://wikidata.dbpedia.org/resource/Q1203771>
<http://ja.dbpedia.org/resource/板倉町>	"板倉町"@ja	<http://dbpedia.org/ontology/Place>	<http://ja.dbpedia.org/property/east>	"East"@ja	<http://ja.wikipedia.org/wiki/板倉町>	<http://wikidata.dbpedia.org/resource/Q1203771>
<http://ja.dbpedia.org/resource/板倉町>	"板倉町"@ja	<http://dbpedia.org/ontology/Location>	<http://ja.dbpedia.org/property/east>	"East"@ja	<http://ja.wikipedia.org/wiki/板倉町>	<http://wikidata.dbpedia.org/resource/Q1203771>
<http://ja.dbpedia.org/resource/板倉町>	"板倉町"@ja	<http://dbpedia.org/ontology/PopulatedPlace>	<http://ja.dbpedia.org/property/east>	"East"@ja	<http://ja.wikipedia.org/wiki/板倉町>	<http://wikidata.dbpedia.org/resource/Q1203771>
<http://ja.dbpedia.org/resource/板倉町>	"板倉町"@ja	<http://dbpedia.org/ontology/Settlement>	<http://ja.dbpedia.org/property/east>	"East"@ja	<http://ja.wikipedia.org/wiki/板倉町>	<http://wikidata.dbpedia.org/resource/Q1203771>
<http://ja.dbpedia.org/resource/栃木県>	"栃木県"@ja	<http://dbpedia.org/ontology/Region>	<http://ja.dbpedia.org/property/隣接自治体>	"隣接自治体"@ja	<http://ja.wikipedia.org/wiki/栃木県>	<http://wikidata.dbpedia.org/resource/Q44843>
<http://ja.dbpedia.org/resource/栃木県>	"栃木県"@ja	<http://dbpedia.org/ontology/Place>	<http://ja.dbpedia.org/property/隣接自治体>	"隣接自治体"@ja	<http://ja.wikipedia.org/wiki/栃木県>	<http://wikidata.dbpedia.org/resource/Q44843>
<http://ja.dbpedia.org/resource/栃木県>	"栃木県"@ja	<http://dbpedia.org/ontology/PopulatedPlace>	<http://ja.dbpedia.org/property/隣接自治体>	"隣接自治体"@ja	<http://ja.wikipedia.org/wiki/栃木県>	<http://wikidata.dbpedia.org/resource/Q44843>
<http://ja.dbpedia.org/resource/栃木県>	"栃木県"@ja	<http://dbpedia.org/ontology/Location>	<http://ja.dbpedia.org/property/隣接自治体>	"隣接自治体"@ja	<http://ja.wikipedia.org/wiki/栃木県>	<http://wikidata.dbpedia.org/resource/Q44843>
<http://ja.dbpedia.org/resource/栃木県>	"栃木県"@ja	<http://dbpedia.org/ontology/AdministrativeRegion>	<http://ja.dbpedia.org/property/隣接自治体>	"隣接自治体"@ja	<http://ja.wikipedia.org/wiki/栃木県>	<http://wikidata.dbpedia.org/resource/Q44843>
<http://ja.dbpedia.org/resource/茂林寺>	"茂林寺"@ja	<http://dbpedia.org/ontology/Building>	<http://ja.dbpedia.org/property/画像の説明>	"画像の説明"@ja	<http://ja.wikipedia.org/wiki/茂林寺>	<http://wikidata.dbpedia.org/resource/Q11617116>
<http://ja.dbpedia.org/resource/茂林寺>	"茂林寺"@ja	<http://dbpedia.org/ontology/ReligiousBuilding>	<http://ja.dbpedia.org/property/画像の説明>	"画像の説明"@ja	<http://ja.wikipedia.org/wiki/茂林寺>	<http://wikidata.dbpedia.org/resource/Q11617116>
<http://ja.dbpedia.org/resource/茂林寺>	"茂林寺"@ja	<http://dbpedia.org/ontology/Temple>	<http://ja.dbpedia.org/property/画像の説明>	"画像の説明"@ja	<http://ja.wikipedia.org/wiki/茂林寺>	<http://wikidata.dbpedia.org/resource/Q11617116>
<http://ja.dbpedia.org/resource/茂林寺>	"茂林寺"@ja	<http://dbpedia.org/ontology/ArchitecturalStructure>	<http://ja.dbpedia.org/property/画像の説明>	"画像の説明"@ja	<http://ja.wikipedia.org/wiki/茂林寺>	<http://wikidata.dbpedia.org/resource/Q11617116>
<http://ja.dbpedia.org/resource/足利市>	"足利市"@ja	<http://dbpedia.org/ontology/PopulatedPlace>	<http://ja.dbpedia.org/property/隣接自治体>	"隣接自治体"@ja	<http://ja.wikipedia.org/wiki/足利市>	<http://wikidata.dbpedia.org/resource/Q374477>
<http://ja.dbpedia.org/resource/足利市>	"足利市"@ja	<http://dbpedia.org/ontology/Settlement>	<http://ja.dbpedia.org/property/隣接自治体>	"隣接自治体"@ja	<http://ja.wikipedia.org/wiki/足利市>	<http://wikidata.dbpedia.org/resource/Q374477>
<http://ja.dbpedia.org/resource/足利市>	"足利市"@ja	<http://dbpedia.org/ontology/Location>	<http://ja.dbpedia.org/property/隣接自治体>	"隣接自治体"@ja	<http://ja.wikipedia.org/wiki/足利市>	<http://wikidata.dbpedia.org/resource/Q374477>
<http://ja.dbpedia.org/resource/足利市>	"足利市"@ja	<http://dbpedia.org/ontology/Place>	<http://ja.dbpedia.org/property/隣接自治体>	"隣接自治体"@ja	<http://ja.wikipedia.org/wiki/足利市>	<http://wikidata.dbpedia.org/resource/Q374477>
<http://ja.dbpedia.org/resource/足利市>	"足利市"@ja	<http://dbpedia.org/ontology/City>	<http://ja.dbpedia.org/property/隣接自治体>	"隣接自治体"@ja	<http://ja.wikipedia.org/wiki/足利市>	<http://wikidata.dbpedia.org/resource/Q374477>
<http://ja.dbpedia.org/resource/邑楽町>	"邑楽町"@ja	<http://dbpedia.org/ontology/Place>	<http://ja.dbpedia.org/property/west>	"West"@ja	<http://ja.wikipedia.org/wiki/邑楽町>	<http://wikidata.dbpedia.org/resource/Q656774>
<http://ja.dbpedia.org/resource/邑楽町>	"邑楽町"@ja	<http://dbpedia.org/ontology/City>	<http://ja.dbpedia.org/property/west>	"West"@ja	<http://ja.wikipedia.org/wiki/邑楽町>	<http://wikidata.dbpedia.org/resource/Q656774>
<http://ja.dbpedia.org/resource/邑楽町>	"邑楽町"@ja	<http://dbpedia.org/ontology/Settlement>	<http://ja.dbpedia.org/property/west>	"West"@ja	<http://ja.wikipedia.org/wiki/邑楽町>	<http://wikidata.dbpedia.org/resource/Q656774>
<http://ja.dbpedia.org/resource/邑楽町>	"邑楽町"@ja	<http://dbpedia.org/ontology/Location>	<http://ja.dbpedia.org/property/west>	"West"@ja	<http://ja.wikipedia.org/wiki/邑楽町>	<http://wikidata.dbpedia.org/resource/Q656774>
<http://ja.dbpedia.org/resource/邑楽町>	"邑楽町"@ja	<http://dbpedia.org/ontology/PopulatedPlace>	<http://ja.dbpedia.org/property/west>	"West"@ja	<http://ja.wikipedia.org/wiki/邑楽町>	<http://wikidata.dbpedia.org/resource/Q656774>
