?s	?sLabel	?type	?p	?pLabel	?jwiki	?wd
<http://ja.dbpedia.org/resource/キキョウ>	"キキョウ"@ja	<http://dbpedia.org/ontology/Species>	<http://ja.dbpedia.org/property/花>	"花"@ja	<http://ja.wikipedia.org/wiki/キキョウ>	<http://wikidata.dbpedia.org/resource/Q805322>
<http://ja.dbpedia.org/resource/キキョウ>	"キキョウ"@ja	<http://dbpedia.org/ontology/Eukaryote>	<http://ja.dbpedia.org/property/花>	"花"@ja	<http://ja.wikipedia.org/wiki/キキョウ>	<http://wikidata.dbpedia.org/resource/Q805322>
<http://ja.dbpedia.org/resource/キキョウ>	"キキョウ"@ja	<http://dbpedia.org/ontology/Plant>	<http://ja.dbpedia.org/property/花>	"花"@ja	<http://ja.wikipedia.org/wiki/キキョウ>	<http://wikidata.dbpedia.org/resource/Q805322>
<http://ja.dbpedia.org/resource/サクラ>	"サクラ"@ja	<http://dbpedia.org/ontology/Species>	<http://ja.dbpedia.org/property/木>	"木"@ja	<http://ja.wikipedia.org/wiki/サクラ>	<http://wikidata.dbpedia.org/resource/Q871991>
<http://ja.dbpedia.org/resource/迦葉山龍華院>	"迦葉山龍華院"@ja	<http://dbpedia.org/ontology/Building>	<http://ja.dbpedia.org/property/画像の説明>	"画像の説明"@ja	<http://ja.wikipedia.org/wiki/迦葉山龍華院>	<http://wikidata.dbpedia.org/resource/Q11639140>
<http://ja.dbpedia.org/resource/迦葉山龍華院>	"迦葉山龍華院"@ja	<http://dbpedia.org/ontology/ArchitecturalStructure>	<http://ja.dbpedia.org/property/画像の説明>	"画像の説明"@ja	<http://ja.wikipedia.org/wiki/迦葉山龍華院>	<http://wikidata.dbpedia.org/resource/Q11639140>
<http://ja.dbpedia.org/resource/迦葉山龍華院>	"迦葉山龍華院"@ja	<http://dbpedia.org/ontology/Temple>	<http://ja.dbpedia.org/property/画像の説明>	"画像の説明"@ja	<http://ja.wikipedia.org/wiki/迦葉山龍華院>	<http://wikidata.dbpedia.org/resource/Q11639140>
<http://ja.dbpedia.org/resource/迦葉山龍華院>	"迦葉山龍華院"@ja	<http://dbpedia.org/ontology/ReligiousBuilding>	<http://ja.dbpedia.org/property/画像の説明>	"画像の説明"@ja	<http://ja.wikipedia.org/wiki/迦葉山龍華院>	<http://wikidata.dbpedia.org/resource/Q11639140>
