?s	?sLabel	?type	?p	?pLabel	?jwiki	?wd
<http://ja.dbpedia.org/resource/みどり市>	"みどり市"@ja	<http://dbpedia.org/ontology/Place>	<http://ja.dbpedia.org/property/隣接自治体>	"隣接自治体"@ja	<http://ja.wikipedia.org/wiki/みどり市>	<http://wikidata.dbpedia.org/resource/Q576556>
<http://ja.dbpedia.org/resource/みどり市>	"みどり市"@ja	<http://dbpedia.org/ontology/City>	<http://ja.dbpedia.org/property/隣接自治体>	"隣接自治体"@ja	<http://ja.wikipedia.org/wiki/みどり市>	<http://wikidata.dbpedia.org/resource/Q576556>
<http://ja.dbpedia.org/resource/みどり市>	"みどり市"@ja	<http://dbpedia.org/ontology/Location>	<http://ja.dbpedia.org/property/隣接自治体>	"隣接自治体"@ja	<http://ja.wikipedia.org/wiki/みどり市>	<http://wikidata.dbpedia.org/resource/Q576556>
<http://ja.dbpedia.org/resource/みどり市>	"みどり市"@ja	<http://dbpedia.org/ontology/Settlement>	<http://ja.dbpedia.org/property/隣接自治体>	"隣接自治体"@ja	<http://ja.wikipedia.org/wiki/みどり市>	<http://wikidata.dbpedia.org/resource/Q576556>
<http://ja.dbpedia.org/resource/みどり市>	"みどり市"@ja	<http://dbpedia.org/ontology/PopulatedPlace>	<http://ja.dbpedia.org/property/隣接自治体>	"隣接自治体"@ja	<http://ja.wikipedia.org/wiki/みどり市>	<http://wikidata.dbpedia.org/resource/Q576556>
<http://ja.dbpedia.org/resource/キリ>	"キリ"@ja	<http://dbpedia.org/ontology/Species>	<http://ja.dbpedia.org/property/鳥など>	"鳥など"@ja	<http://ja.wikipedia.org/wiki/キリ>	<http://wikidata.dbpedia.org/resource/Q157393>
<http://ja.dbpedia.org/resource/サルビア>	"サルビア"@ja	<http://dbpedia.org/ontology/Species>	<http://ja.dbpedia.org/property/花>	"花"@ja	<http://ja.wikipedia.org/wiki/サルビア>	<http://wikidata.dbpedia.org/resource/Q161080>
<http://ja.dbpedia.org/resource/モクセイ>	"モクセイ"@ja	<http://dbpedia.org/ontology/Species>	<http://ja.dbpedia.org/property/木>	"木"@ja	<http://ja.wikipedia.org/wiki/モクセイ>	<http://wikidata.dbpedia.org/resource/Q1209922>
<http://ja.dbpedia.org/resource/伊勢崎市>	"伊勢崎市"@ja	<http://dbpedia.org/ontology/Place>	<http://ja.dbpedia.org/property/隣接自治体>	"隣接自治体"@ja	<http://ja.wikipedia.org/wiki/伊勢崎市>	<http://wikidata.dbpedia.org/resource/Q328596>
<http://ja.dbpedia.org/resource/伊勢崎市>	"伊勢崎市"@ja	<http://dbpedia.org/ontology/City>	<http://ja.dbpedia.org/property/隣接自治体>	"隣接自治体"@ja	<http://ja.wikipedia.org/wiki/伊勢崎市>	<http://wikidata.dbpedia.org/resource/Q328596>
<http://ja.dbpedia.org/resource/伊勢崎市>	"伊勢崎市"@ja	<http://dbpedia.org/ontology/Location>	<http://ja.dbpedia.org/property/隣接自治体>	"隣接自治体"@ja	<http://ja.wikipedia.org/wiki/伊勢崎市>	<http://wikidata.dbpedia.org/resource/Q328596>
<http://ja.dbpedia.org/resource/伊勢崎市>	"伊勢崎市"@ja	<http://dbpedia.org/ontology/PopulatedPlace>	<http://ja.dbpedia.org/property/隣接自治体>	"隣接自治体"@ja	<http://ja.wikipedia.org/wiki/伊勢崎市>	<http://wikidata.dbpedia.org/resource/Q328596>
<http://ja.dbpedia.org/resource/伊勢崎市>	"伊勢崎市"@ja	<http://dbpedia.org/ontology/Settlement>	<http://ja.dbpedia.org/property/隣接自治体>	"隣接自治体"@ja	<http://ja.wikipedia.org/wiki/伊勢崎市>	<http://wikidata.dbpedia.org/resource/Q328596>
<http://ja.dbpedia.org/resource/佐野市>	"佐野市"@ja	<http://dbpedia.org/ontology/Place>	<http://ja.dbpedia.org/property/隣接自治体>	"隣接自治体"@ja	<http://ja.wikipedia.org/wiki/佐野市>	<http://wikidata.dbpedia.org/resource/Q646912>
<http://ja.dbpedia.org/resource/佐野市>	"佐野市"@ja	<http://dbpedia.org/ontology/City>	<http://ja.dbpedia.org/property/隣接自治体>	"隣接自治体"@ja	<http://ja.wikipedia.org/wiki/佐野市>	<http://wikidata.dbpedia.org/resource/Q646912>
<http://ja.dbpedia.org/resource/佐野市>	"佐野市"@ja	<http://dbpedia.org/ontology/Settlement>	<http://ja.dbpedia.org/property/隣接自治体>	"隣接自治体"@ja	<http://ja.wikipedia.org/wiki/佐野市>	<http://wikidata.dbpedia.org/resource/Q646912>
<http://ja.dbpedia.org/resource/佐野市>	"佐野市"@ja	<http://dbpedia.org/ontology/PopulatedPlace>	<http://ja.dbpedia.org/property/隣接自治体>	"隣接自治体"@ja	<http://ja.wikipedia.org/wiki/佐野市>	<http://wikidata.dbpedia.org/resource/Q646912>
<http://ja.dbpedia.org/resource/佐野市>	"佐野市"@ja	<http://dbpedia.org/ontology/Location>	<http://ja.dbpedia.org/property/隣接自治体>	"隣接自治体"@ja	<http://ja.wikipedia.org/wiki/佐野市>	<http://wikidata.dbpedia.org/resource/Q646912>
<http://ja.dbpedia.org/resource/前橋市>	"前橋市"@ja	<http://dbpedia.org/ontology/City>	<http://ja.dbpedia.org/property/隣接自治体>	"隣接自治体"@ja	<http://ja.wikipedia.org/wiki/前橋市>	<http://wikidata.dbpedia.org/resource/Q201613>
<http://ja.dbpedia.org/resource/前橋市>	"前橋市"@ja	<http://dbpedia.org/ontology/Place>	<http://ja.dbpedia.org/property/隣接自治体>	"隣接自治体"@ja	<http://ja.wikipedia.org/wiki/前橋市>	<http://wikidata.dbpedia.org/resource/Q201613>
<http://ja.dbpedia.org/resource/前橋市>	"前橋市"@ja	<http://dbpedia.org/ontology/Location>	<http://ja.dbpedia.org/property/隣接自治体>	"隣接自治体"@ja	<http://ja.wikipedia.org/wiki/前橋市>	<http://wikidata.dbpedia.org/resource/Q201613>
<http://ja.dbpedia.org/resource/前橋市>	"前橋市"@ja	<http://dbpedia.org/ontology/PopulatedPlace>	<http://ja.dbpedia.org/property/隣接自治体>	"隣接自治体"@ja	<http://ja.wikipedia.org/wiki/前橋市>	<http://wikidata.dbpedia.org/resource/Q201613>
<http://ja.dbpedia.org/resource/前橋市>	"前橋市"@ja	<http://dbpedia.org/ontology/Settlement>	<http://ja.dbpedia.org/property/隣接自治体>	"隣接自治体"@ja	<http://ja.wikipedia.org/wiki/前橋市>	<http://wikidata.dbpedia.org/resource/Q201613>
<http://ja.dbpedia.org/resource/太田市>	"太田市"@ja	<http://dbpedia.org/ontology/Place>	<http://ja.dbpedia.org/property/隣接自治体>	"隣接自治体"@ja	<http://ja.wikipedia.org/wiki/太田市>	<http://wikidata.dbpedia.org/resource/Q386179>
<http://ja.dbpedia.org/resource/太田市>	"太田市"@ja	<http://dbpedia.org/ontology/City>	<http://ja.dbpedia.org/property/隣接自治体>	"隣接自治体"@ja	<http://ja.wikipedia.org/wiki/太田市>	<http://wikidata.dbpedia.org/resource/Q386179>
<http://ja.dbpedia.org/resource/太田市>	"太田市"@ja	<http://dbpedia.org/ontology/Settlement>	<http://ja.dbpedia.org/property/隣接自治体>	"隣接自治体"@ja	<http://ja.wikipedia.org/wiki/太田市>	<http://wikidata.dbpedia.org/resource/Q386179>
<http://ja.dbpedia.org/resource/太田市>	"太田市"@ja	<http://dbpedia.org/ontology/PopulatedPlace>	<http://ja.dbpedia.org/property/隣接自治体>	"隣接自治体"@ja	<http://ja.wikipedia.org/wiki/太田市>	<http://wikidata.dbpedia.org/resource/Q386179>
<http://ja.dbpedia.org/resource/太田市>	"太田市"@ja	<http://dbpedia.org/ontology/Location>	<http://ja.dbpedia.org/property/隣接自治体>	"隣接自治体"@ja	<http://ja.wikipedia.org/wiki/太田市>	<http://wikidata.dbpedia.org/resource/Q386179>
<http://ja.dbpedia.org/resource/栃木県>	"栃木県"@ja	<http://dbpedia.org/ontology/Place>	<http://ja.dbpedia.org/property/隣接自治体>	"隣接自治体"@ja	<http://ja.wikipedia.org/wiki/栃木県>	<http://wikidata.dbpedia.org/resource/Q44843>
<http://ja.dbpedia.org/resource/栃木県>	"栃木県"@ja	<http://dbpedia.org/ontology/Region>	<http://ja.dbpedia.org/property/隣接自治体>	"隣接自治体"@ja	<http://ja.wikipedia.org/wiki/栃木県>	<http://wikidata.dbpedia.org/resource/Q44843>
<http://ja.dbpedia.org/resource/栃木県>	"栃木県"@ja	<http://dbpedia.org/ontology/PopulatedPlace>	<http://ja.dbpedia.org/property/隣接自治体>	"隣接自治体"@ja	<http://ja.wikipedia.org/wiki/栃木県>	<http://wikidata.dbpedia.org/resource/Q44843>
<http://ja.dbpedia.org/resource/栃木県>	"栃木県"@ja	<http://dbpedia.org/ontology/Location>	<http://ja.dbpedia.org/property/隣接自治体>	"隣接自治体"@ja	<http://ja.wikipedia.org/wiki/栃木県>	<http://wikidata.dbpedia.org/resource/Q44843>
<http://ja.dbpedia.org/resource/栃木県>	"栃木県"@ja	<http://dbpedia.org/ontology/AdministrativeRegion>	<http://ja.dbpedia.org/property/隣接自治体>	"隣接自治体"@ja	<http://ja.wikipedia.org/wiki/栃木県>	<http://wikidata.dbpedia.org/resource/Q44843>
<http://ja.dbpedia.org/resource/沼田市>	"沼田市"@ja	<http://dbpedia.org/ontology/City>	<http://ja.dbpedia.org/property/隣接自治体>	"隣接自治体"@ja	<http://ja.wikipedia.org/wiki/沼田市>	<http://wikidata.dbpedia.org/resource/Q666317>
<http://ja.dbpedia.org/resource/沼田市>	"沼田市"@ja	<http://dbpedia.org/ontology/Place>	<http://ja.dbpedia.org/property/隣接自治体>	"隣接自治体"@ja	<http://ja.wikipedia.org/wiki/沼田市>	<http://wikidata.dbpedia.org/resource/Q666317>
<http://ja.dbpedia.org/resource/沼田市>	"沼田市"@ja	<http://dbpedia.org/ontology/Location>	<http://ja.dbpedia.org/property/隣接自治体>	"隣接自治体"@ja	<http://ja.wikipedia.org/wiki/沼田市>	<http://wikidata.dbpedia.org/resource/Q666317>
<http://ja.dbpedia.org/resource/沼田市>	"沼田市"@ja	<http://dbpedia.org/ontology/PopulatedPlace>	<http://ja.dbpedia.org/property/隣接自治体>	"隣接自治体"@ja	<http://ja.wikipedia.org/wiki/沼田市>	<http://wikidata.dbpedia.org/resource/Q666317>
<http://ja.dbpedia.org/resource/沼田市>	"沼田市"@ja	<http://dbpedia.org/ontology/Settlement>	<http://ja.dbpedia.org/property/隣接自治体>	"隣接自治体"@ja	<http://ja.wikipedia.org/wiki/沼田市>	<http://wikidata.dbpedia.org/resource/Q666317>
<http://ja.dbpedia.org/resource/足利市>	"足利市"@ja	<http://dbpedia.org/ontology/Place>	<http://ja.dbpedia.org/property/隣接自治体>	"隣接自治体"@ja	<http://ja.wikipedia.org/wiki/足利市>	<http://wikidata.dbpedia.org/resource/Q374477>
<http://ja.dbpedia.org/resource/足利市>	"足利市"@ja	<http://dbpedia.org/ontology/City>	<http://ja.dbpedia.org/property/隣接自治体>	"隣接自治体"@ja	<http://ja.wikipedia.org/wiki/足利市>	<http://wikidata.dbpedia.org/resource/Q374477>
<http://ja.dbpedia.org/resource/足利市>	"足利市"@ja	<http://dbpedia.org/ontology/Settlement>	<http://ja.dbpedia.org/property/隣接自治体>	"隣接自治体"@ja	<http://ja.wikipedia.org/wiki/足利市>	<http://wikidata.dbpedia.org/resource/Q374477>
<http://ja.dbpedia.org/resource/足利市>	"足利市"@ja	<http://dbpedia.org/ontology/Location>	<http://ja.dbpedia.org/property/隣接自治体>	"隣接自治体"@ja	<http://ja.wikipedia.org/wiki/足利市>	<http://wikidata.dbpedia.org/resource/Q374477>
<http://ja.dbpedia.org/resource/足利市>	"足利市"@ja	<http://dbpedia.org/ontology/PopulatedPlace>	<http://ja.dbpedia.org/property/隣接自治体>	"隣接自治体"@ja	<http://ja.wikipedia.org/wiki/足利市>	<http://wikidata.dbpedia.org/resource/Q374477>
