?s	?sLabel	?type	?p	?pLabel	?jwiki	?wd
<http://ja.dbpedia.org/resource/カタクリ>	"カタクリ"@ja	<http://dbpedia.org/ontology/Species>	<http://ja.dbpedia.org/property/花>	"花"@ja	<http://ja.wikipedia.org/wiki/カタクリ>	<http://wikidata.dbpedia.org/resource/Q163120>
<http://ja.dbpedia.org/resource/キク>	"キク"@ja	<http://dbpedia.org/ontology/Species>	<http://ja.dbpedia.org/property/花>	"花"@ja	<http://ja.wikipedia.org/wiki/キク>	<http://wikidata.dbpedia.org/resource/Q15530181>
<http://ja.dbpedia.org/resource/キジ>	"キジ"@ja	<http://dbpedia.org/ontology/Species>	<http://ja.dbpedia.org/property/鳥など>	"鳥など"@ja	<http://ja.wikipedia.org/wiki/キジ>	<http://wikidata.dbpedia.org/resource/Q425900>
<http://ja.dbpedia.org/resource/サクラ>	"サクラ"@ja	<http://dbpedia.org/ontology/Species>	<http://ja.dbpedia.org/property/木>	"木"@ja	<http://ja.wikipedia.org/wiki/サクラ>	<http://wikidata.dbpedia.org/resource/Q871991>
<http://ja.dbpedia.org/resource/ソメイヨシノ>	"ソメイヨシノ"@ja	<http://dbpedia.org/ontology/Species>	<http://ja.dbpedia.org/property/木>	"木"@ja	<http://ja.wikipedia.org/wiki/ソメイヨシノ>	<http://wikidata.dbpedia.org/resource/Q163078>
<http://ja.dbpedia.org/resource/伊勢崎市>	"伊勢崎市"@ja	<http://dbpedia.org/ontology/PopulatedPlace>	<http://ja.dbpedia.org/property/隣接自治体>	"隣接自治体"@ja	<http://ja.wikipedia.org/wiki/伊勢崎市>	<http://wikidata.dbpedia.org/resource/Q328596>
<http://ja.dbpedia.org/resource/伊勢崎市>	"伊勢崎市"@ja	<http://dbpedia.org/ontology/Settlement>	<http://ja.dbpedia.org/property/隣接自治体>	"隣接自治体"@ja	<http://ja.wikipedia.org/wiki/伊勢崎市>	<http://wikidata.dbpedia.org/resource/Q328596>
<http://ja.dbpedia.org/resource/伊勢崎市>	"伊勢崎市"@ja	<http://dbpedia.org/ontology/Location>	<http://ja.dbpedia.org/property/隣接自治体>	"隣接自治体"@ja	<http://ja.wikipedia.org/wiki/伊勢崎市>	<http://wikidata.dbpedia.org/resource/Q328596>
<http://ja.dbpedia.org/resource/伊勢崎市>	"伊勢崎市"@ja	<http://dbpedia.org/ontology/Place>	<http://ja.dbpedia.org/property/隣接自治体>	"隣接自治体"@ja	<http://ja.wikipedia.org/wiki/伊勢崎市>	<http://wikidata.dbpedia.org/resource/Q328596>
<http://ja.dbpedia.org/resource/伊勢崎市>	"伊勢崎市"@ja	<http://dbpedia.org/ontology/City>	<http://ja.dbpedia.org/property/隣接自治体>	"隣接自治体"@ja	<http://ja.wikipedia.org/wiki/伊勢崎市>	<http://wikidata.dbpedia.org/resource/Q328596>
<http://ja.dbpedia.org/resource/佐野市>	"佐野市"@ja	<http://dbpedia.org/ontology/Place>	<http://ja.dbpedia.org/property/隣接自治体>	"隣接自治体"@ja	<http://ja.wikipedia.org/wiki/佐野市>	<http://wikidata.dbpedia.org/resource/Q646912>
<http://ja.dbpedia.org/resource/佐野市>	"佐野市"@ja	<http://dbpedia.org/ontology/City>	<http://ja.dbpedia.org/property/隣接自治体>	"隣接自治体"@ja	<http://ja.wikipedia.org/wiki/佐野市>	<http://wikidata.dbpedia.org/resource/Q646912>
<http://ja.dbpedia.org/resource/佐野市>	"佐野市"@ja	<http://dbpedia.org/ontology/Location>	<http://ja.dbpedia.org/property/隣接自治体>	"隣接自治体"@ja	<http://ja.wikipedia.org/wiki/佐野市>	<http://wikidata.dbpedia.org/resource/Q646912>
<http://ja.dbpedia.org/resource/佐野市>	"佐野市"@ja	<http://dbpedia.org/ontology/PopulatedPlace>	<http://ja.dbpedia.org/property/隣接自治体>	"隣接自治体"@ja	<http://ja.wikipedia.org/wiki/佐野市>	<http://wikidata.dbpedia.org/resource/Q646912>
<http://ja.dbpedia.org/resource/佐野市>	"佐野市"@ja	<http://dbpedia.org/ontology/Settlement>	<http://ja.dbpedia.org/property/隣接自治体>	"隣接自治体"@ja	<http://ja.wikipedia.org/wiki/佐野市>	<http://wikidata.dbpedia.org/resource/Q646912>
<http://ja.dbpedia.org/resource/太田市>	"太田市"@ja	<http://dbpedia.org/ontology/Place>	<http://ja.dbpedia.org/property/隣接自治体>	"隣接自治体"@ja	<http://ja.wikipedia.org/wiki/太田市>	<http://wikidata.dbpedia.org/resource/Q386179>
<http://ja.dbpedia.org/resource/太田市>	"太田市"@ja	<http://dbpedia.org/ontology/City>	<http://ja.dbpedia.org/property/隣接自治体>	"隣接自治体"@ja	<http://ja.wikipedia.org/wiki/太田市>	<http://wikidata.dbpedia.org/resource/Q386179>
<http://ja.dbpedia.org/resource/太田市>	"太田市"@ja	<http://dbpedia.org/ontology/Settlement>	<http://ja.dbpedia.org/property/隣接自治体>	"隣接自治体"@ja	<http://ja.wikipedia.org/wiki/太田市>	<http://wikidata.dbpedia.org/resource/Q386179>
<http://ja.dbpedia.org/resource/太田市>	"太田市"@ja	<http://dbpedia.org/ontology/PopulatedPlace>	<http://ja.dbpedia.org/property/隣接自治体>	"隣接自治体"@ja	<http://ja.wikipedia.org/wiki/太田市>	<http://wikidata.dbpedia.org/resource/Q386179>
<http://ja.dbpedia.org/resource/太田市>	"太田市"@ja	<http://dbpedia.org/ontology/Location>	<http://ja.dbpedia.org/property/隣接自治体>	"隣接自治体"@ja	<http://ja.wikipedia.org/wiki/太田市>	<http://wikidata.dbpedia.org/resource/Q386179>
<http://ja.dbpedia.org/resource/日光市>	"日光市"@ja	<http://dbpedia.org/ontology/City>	<http://ja.dbpedia.org/property/隣接自治体>	"隣接自治体"@ja	<http://ja.wikipedia.org/wiki/日光市>	<http://wikidata.dbpedia.org/resource/Q235753>
<http://ja.dbpedia.org/resource/日光市>	"日光市"@ja	<http://dbpedia.org/ontology/Place>	<http://ja.dbpedia.org/property/隣接自治体>	"隣接自治体"@ja	<http://ja.wikipedia.org/wiki/日光市>	<http://wikidata.dbpedia.org/resource/Q235753>
<http://ja.dbpedia.org/resource/日光市>	"日光市"@ja	<http://dbpedia.org/ontology/Location>	<http://ja.dbpedia.org/property/隣接自治体>	"隣接自治体"@ja	<http://ja.wikipedia.org/wiki/日光市>	<http://wikidata.dbpedia.org/resource/Q235753>
<http://ja.dbpedia.org/resource/日光市>	"日光市"@ja	<http://dbpedia.org/ontology/PopulatedPlace>	<http://ja.dbpedia.org/property/隣接自治体>	"隣接自治体"@ja	<http://ja.wikipedia.org/wiki/日光市>	<http://wikidata.dbpedia.org/resource/Q235753>
<http://ja.dbpedia.org/resource/日光市>	"日光市"@ja	<http://dbpedia.org/ontology/Settlement>	<http://ja.dbpedia.org/property/隣接自治体>	"隣接自治体"@ja	<http://ja.wikipedia.org/wiki/日光市>	<http://wikidata.dbpedia.org/resource/Q235753>
<http://ja.dbpedia.org/resource/栃木県>	"栃木県"@ja	<http://dbpedia.org/ontology/Region>	<http://ja.dbpedia.org/property/隣接自治体>	"隣接自治体"@ja	<http://ja.wikipedia.org/wiki/栃木県>	<http://wikidata.dbpedia.org/resource/Q44843>
<http://ja.dbpedia.org/resource/栃木県>	"栃木県"@ja	<http://dbpedia.org/ontology/Place>	<http://ja.dbpedia.org/property/隣接自治体>	"隣接自治体"@ja	<http://ja.wikipedia.org/wiki/栃木県>	<http://wikidata.dbpedia.org/resource/Q44843>
<http://ja.dbpedia.org/resource/栃木県>	"栃木県"@ja	<http://dbpedia.org/ontology/PopulatedPlace>	<http://ja.dbpedia.org/property/隣接自治体>	"隣接自治体"@ja	<http://ja.wikipedia.org/wiki/栃木県>	<http://wikidata.dbpedia.org/resource/Q44843>
<http://ja.dbpedia.org/resource/栃木県>	"栃木県"@ja	<http://dbpedia.org/ontology/Location>	<http://ja.dbpedia.org/property/隣接自治体>	"隣接自治体"@ja	<http://ja.wikipedia.org/wiki/栃木県>	<http://wikidata.dbpedia.org/resource/Q44843>
<http://ja.dbpedia.org/resource/栃木県>	"栃木県"@ja	<http://dbpedia.org/ontology/AdministrativeRegion>	<http://ja.dbpedia.org/property/隣接自治体>	"隣接自治体"@ja	<http://ja.wikipedia.org/wiki/栃木県>	<http://wikidata.dbpedia.org/resource/Q44843>
<http://ja.dbpedia.org/resource/桐生市>	"桐生市"@ja	<http://dbpedia.org/ontology/City>	<http://ja.dbpedia.org/property/隣接自治体>	"隣接自治体"@ja	<http://ja.wikipedia.org/wiki/桐生市>	<http://wikidata.dbpedia.org/resource/Q634022>
<http://ja.dbpedia.org/resource/桐生市>	"桐生市"@ja	<http://dbpedia.org/ontology/Place>	<http://ja.dbpedia.org/property/隣接自治体>	"隣接自治体"@ja	<http://ja.wikipedia.org/wiki/桐生市>	<http://wikidata.dbpedia.org/resource/Q634022>
<http://ja.dbpedia.org/resource/桐生市>	"桐生市"@ja	<http://dbpedia.org/ontology/Settlement>	<http://ja.dbpedia.org/property/隣接自治体>	"隣接自治体"@ja	<http://ja.wikipedia.org/wiki/桐生市>	<http://wikidata.dbpedia.org/resource/Q634022>
<http://ja.dbpedia.org/resource/桐生市>	"桐生市"@ja	<http://dbpedia.org/ontology/PopulatedPlace>	<http://ja.dbpedia.org/property/隣接自治体>	"隣接自治体"@ja	<http://ja.wikipedia.org/wiki/桐生市>	<http://wikidata.dbpedia.org/resource/Q634022>
<http://ja.dbpedia.org/resource/桐生市>	"桐生市"@ja	<http://dbpedia.org/ontology/Location>	<http://ja.dbpedia.org/property/隣接自治体>	"隣接自治体"@ja	<http://ja.wikipedia.org/wiki/桐生市>	<http://wikidata.dbpedia.org/resource/Q634022>
<http://ja.dbpedia.org/resource/沼田市>	"沼田市"@ja	<http://dbpedia.org/ontology/City>	<http://ja.dbpedia.org/property/隣接自治体>	"隣接自治体"@ja	<http://ja.wikipedia.org/wiki/沼田市>	<http://wikidata.dbpedia.org/resource/Q666317>
<http://ja.dbpedia.org/resource/沼田市>	"沼田市"@ja	<http://dbpedia.org/ontology/Place>	<http://ja.dbpedia.org/property/隣接自治体>	"隣接自治体"@ja	<http://ja.wikipedia.org/wiki/沼田市>	<http://wikidata.dbpedia.org/resource/Q666317>
<http://ja.dbpedia.org/resource/沼田市>	"沼田市"@ja	<http://dbpedia.org/ontology/Location>	<http://ja.dbpedia.org/property/隣接自治体>	"隣接自治体"@ja	<http://ja.wikipedia.org/wiki/沼田市>	<http://wikidata.dbpedia.org/resource/Q666317>
<http://ja.dbpedia.org/resource/沼田市>	"沼田市"@ja	<http://dbpedia.org/ontology/PopulatedPlace>	<http://ja.dbpedia.org/property/隣接自治体>	"隣接自治体"@ja	<http://ja.wikipedia.org/wiki/沼田市>	<http://wikidata.dbpedia.org/resource/Q666317>
<http://ja.dbpedia.org/resource/沼田市>	"沼田市"@ja	<http://dbpedia.org/ontology/Settlement>	<http://ja.dbpedia.org/property/隣接自治体>	"隣接自治体"@ja	<http://ja.wikipedia.org/wiki/沼田市>	<http://wikidata.dbpedia.org/resource/Q666317>
<http://ja.dbpedia.org/resource/鹿沼市>	"鹿沼市"@ja	<http://dbpedia.org/ontology/Place>	<http://ja.dbpedia.org/property/隣接自治体>	"隣接自治体"@ja	<http://ja.wikipedia.org/wiki/鹿沼市>	<http://wikidata.dbpedia.org/resource/Q390792>
<http://ja.dbpedia.org/resource/鹿沼市>	"鹿沼市"@ja	<http://dbpedia.org/ontology/City>	<http://ja.dbpedia.org/property/隣接自治体>	"隣接自治体"@ja	<http://ja.wikipedia.org/wiki/鹿沼市>	<http://wikidata.dbpedia.org/resource/Q390792>
<http://ja.dbpedia.org/resource/鹿沼市>	"鹿沼市"@ja	<http://dbpedia.org/ontology/Settlement>	<http://ja.dbpedia.org/property/隣接自治体>	"隣接自治体"@ja	<http://ja.wikipedia.org/wiki/鹿沼市>	<http://wikidata.dbpedia.org/resource/Q390792>
<http://ja.dbpedia.org/resource/鹿沼市>	"鹿沼市"@ja	<http://dbpedia.org/ontology/Location>	<http://ja.dbpedia.org/property/隣接自治体>	"隣接自治体"@ja	<http://ja.wikipedia.org/wiki/鹿沼市>	<http://wikidata.dbpedia.org/resource/Q390792>
<http://ja.dbpedia.org/resource/鹿沼市>	"鹿沼市"@ja	<http://dbpedia.org/ontology/PopulatedPlace>	<http://ja.dbpedia.org/property/隣接自治体>	"隣接自治体"@ja	<http://ja.wikipedia.org/wiki/鹿沼市>	<http://wikidata.dbpedia.org/resource/Q390792>
