?s	?sLabel	?type	?p	?pLabel	?jwiki	?wd
<http://ja.dbpedia.org/resource/カエデ>	"カエデ"@ja	<http://dbpedia.org/ontology/Species>	<http://ja.dbpedia.org/property/木>	"木"@ja	<http://ja.wikipedia.org/wiki/カエデ>	<http://wikidata.dbpedia.org/resource/Q42292>
<http://ja.dbpedia.org/resource/カエデ>	"カエデ"@ja	<http://dbpedia.org/ontology/Eukaryote>	<http://ja.dbpedia.org/property/木>	"木"@ja	<http://ja.wikipedia.org/wiki/カエデ>	<http://wikidata.dbpedia.org/resource/Q42292>
<http://ja.dbpedia.org/resource/カエデ>	"カエデ"@ja	<http://dbpedia.org/ontology/Plant>	<http://ja.dbpedia.org/property/木>	"木"@ja	<http://ja.wikipedia.org/wiki/カエデ>	<http://wikidata.dbpedia.org/resource/Q42292>
<http://ja.dbpedia.org/resource/ツツジ>	"ツツジ"@ja	<http://dbpedia.org/ontology/Species>	<http://ja.dbpedia.org/property/花>	"花"@ja	<http://ja.wikipedia.org/wiki/ツツジ>	<http://wikidata.dbpedia.org/resource/Q189393>
<http://ja.dbpedia.org/resource/前橋市>	"前橋市"@ja	<http://dbpedia.org/ontology/Settlement>	<http://ja.dbpedia.org/property/現在の自治体>	"現在の自治体"@ja	<http://ja.wikipedia.org/wiki/前橋市>	<http://wikidata.dbpedia.org/resource/Q201613>
<http://ja.dbpedia.org/resource/前橋市>	"前橋市"@ja	<http://dbpedia.org/ontology/Place>	<http://ja.dbpedia.org/property/現在の自治体>	"現在の自治体"@ja	<http://ja.wikipedia.org/wiki/前橋市>	<http://wikidata.dbpedia.org/resource/Q201613>
<http://ja.dbpedia.org/resource/前橋市>	"前橋市"@ja	<http://dbpedia.org/ontology/City>	<http://ja.dbpedia.org/property/現在の自治体>	"現在の自治体"@ja	<http://ja.wikipedia.org/wiki/前橋市>	<http://wikidata.dbpedia.org/resource/Q201613>
<http://ja.dbpedia.org/resource/前橋市>	"前橋市"@ja	<http://dbpedia.org/ontology/PopulatedPlace>	<http://ja.dbpedia.org/property/現在の自治体>	"現在の自治体"@ja	<http://ja.wikipedia.org/wiki/前橋市>	<http://wikidata.dbpedia.org/resource/Q201613>
<http://ja.dbpedia.org/resource/前橋市>	"前橋市"@ja	<http://dbpedia.org/ontology/Location>	<http://ja.dbpedia.org/property/現在の自治体>	"現在の自治体"@ja	<http://ja.wikipedia.org/wiki/前橋市>	<http://wikidata.dbpedia.org/resource/Q201613>
