?s	?sLabel	?type	?p	?pLabel	?jwiki	?wd
<http://ja.dbpedia.org/resource/ウグイス>	"ウグイス"@ja	<http://dbpedia.org/ontology/Species>	<http://ja.dbpedia.org/property/鳥など>	"鳥など"@ja	<http://ja.wikipedia.org/wiki/ウグイス>	<http://wikidata.dbpedia.org/resource/Q27075456>
<http://ja.dbpedia.org/resource/サクラ>	"サクラ"@ja	<http://dbpedia.org/ontology/Species>	<http://ja.dbpedia.org/property/花>	"花"@ja	<http://ja.wikipedia.org/wiki/サクラ>	<http://wikidata.dbpedia.org/resource/Q871991>
<http://ja.dbpedia.org/resource/スギ>	"スギ"@ja	<http://dbpedia.org/ontology/Species>	<http://ja.dbpedia.org/property/木>	"木"@ja	<http://ja.wikipedia.org/wiki/スギ>	<http://wikidata.dbpedia.org/resource/Q147388>
<http://ja.dbpedia.org/resource/安中市>	"安中市"@ja	<http://dbpedia.org/ontology/City>	<http://ja.dbpedia.org/property/north>	"North"@ja	<http://ja.wikipedia.org/wiki/安中市>	<http://wikidata.dbpedia.org/resource/Q564234>
<http://ja.dbpedia.org/resource/安中市>	"安中市"@ja	<http://dbpedia.org/ontology/Location>	<http://ja.dbpedia.org/property/north>	"North"@ja	<http://ja.wikipedia.org/wiki/安中市>	<http://wikidata.dbpedia.org/resource/Q564234>
<http://ja.dbpedia.org/resource/安中市>	"安中市"@ja	<http://dbpedia.org/ontology/Settlement>	<http://ja.dbpedia.org/property/north>	"North"@ja	<http://ja.wikipedia.org/wiki/安中市>	<http://wikidata.dbpedia.org/resource/Q564234>
<http://ja.dbpedia.org/resource/安中市>	"安中市"@ja	<http://dbpedia.org/ontology/PopulatedPlace>	<http://ja.dbpedia.org/property/north>	"North"@ja	<http://ja.wikipedia.org/wiki/安中市>	<http://wikidata.dbpedia.org/resource/Q564234>
<http://ja.dbpedia.org/resource/安中市>	"安中市"@ja	<http://dbpedia.org/ontology/Place>	<http://ja.dbpedia.org/property/north>	"North"@ja	<http://ja.wikipedia.org/wiki/安中市>	<http://wikidata.dbpedia.org/resource/Q564234>
<http://ja.dbpedia.org/resource/藤岡市>	"藤岡市"@ja	<http://dbpedia.org/ontology/City>	<http://ja.dbpedia.org/property/southeast>	"Southeast"@ja	<http://ja.wikipedia.org/wiki/藤岡市>	<http://wikidata.dbpedia.org/resource/Q596486>
<http://ja.dbpedia.org/resource/藤岡市>	"藤岡市"@ja	<http://dbpedia.org/ontology/Location>	<http://ja.dbpedia.org/property/southeast>	"Southeast"@ja	<http://ja.wikipedia.org/wiki/藤岡市>	<http://wikidata.dbpedia.org/resource/Q596486>
<http://ja.dbpedia.org/resource/藤岡市>	"藤岡市"@ja	<http://dbpedia.org/ontology/PopulatedPlace>	<http://ja.dbpedia.org/property/southeast>	"Southeast"@ja	<http://ja.wikipedia.org/wiki/藤岡市>	<http://wikidata.dbpedia.org/resource/Q596486>
<http://ja.dbpedia.org/resource/藤岡市>	"藤岡市"@ja	<http://dbpedia.org/ontology/Place>	<http://ja.dbpedia.org/property/southeast>	"Southeast"@ja	<http://ja.wikipedia.org/wiki/藤岡市>	<http://wikidata.dbpedia.org/resource/Q596486>
<http://ja.dbpedia.org/resource/藤岡市>	"藤岡市"@ja	<http://dbpedia.org/ontology/Settlement>	<http://ja.dbpedia.org/property/southeast>	"Southeast"@ja	<http://ja.wikipedia.org/wiki/藤岡市>	<http://wikidata.dbpedia.org/resource/Q596486>
