?s	?sLabel	?type	?p	?pLabel	?jwiki	?wd
<http://ja.dbpedia.org/resource/ウグイス>	"ウグイス"@ja	<http://dbpedia.org/ontology/Species>	<http://ja.dbpedia.org/property/鳥など>	"鳥など"@ja	<http://ja.wikipedia.org/wiki/ウグイス>	<http://wikidata.dbpedia.org/resource/Q27075456>
<http://ja.dbpedia.org/resource/スギ>	"スギ"@ja	<http://dbpedia.org/ontology/Species>	<http://ja.dbpedia.org/property/木>	"木"@ja	<http://ja.wikipedia.org/wiki/スギ>	<http://wikidata.dbpedia.org/resource/Q147388>
<http://ja.dbpedia.org/resource/ヤシオツツジ>	"ヤシオツツジ"@ja	<http://dbpedia.org/ontology/Eukaryote>	<http://ja.dbpedia.org/property/花>	"花"@ja	<http://ja.wikipedia.org/wiki/ヤシオツツジ>	<http://wikidata.dbpedia.org/resource/Q11345018>
<http://ja.dbpedia.org/resource/ヤシオツツジ>	"ヤシオツツジ"@ja	<http://dbpedia.org/ontology/Species>	<http://ja.dbpedia.org/property/花>	"花"@ja	<http://ja.wikipedia.org/wiki/ヤシオツツジ>	<http://wikidata.dbpedia.org/resource/Q11345018>
<http://ja.dbpedia.org/resource/ヤシオツツジ>	"ヤシオツツジ"@ja	<http://dbpedia.org/ontology/Plant>	<http://ja.dbpedia.org/property/花>	"花"@ja	<http://ja.wikipedia.org/wiki/ヤシオツツジ>	<http://wikidata.dbpedia.org/resource/Q11345018>
<http://ja.dbpedia.org/resource/ヤシオツツジ>	"ヤシオツツジ"@ja	<http://dbpedia.org/ontology/FloweringPlant>	<http://ja.dbpedia.org/property/花>	"花"@ja	<http://ja.wikipedia.org/wiki/ヤシオツツジ>	<http://wikidata.dbpedia.org/resource/Q11345018>
