?s	?sLabel	?type	?p	?pLabel	?jwiki	?wd
<http://ja.dbpedia.org/resource/シラカンバ>	"シラカンバ"@ja	<http://dbpedia.org/ontology/Species>	<http://ja.dbpedia.org/property/木>	"木"@ja	<http://ja.wikipedia.org/wiki/シラカンバ>	<http://wikidata.dbpedia.org/resource/Q1373854>
<http://ja.dbpedia.org/resource/ヤマメ>	"ヤマメ"@ja	<http://dbpedia.org/ontology/Fish>	<http://ja.dbpedia.org/property/鳥など>	"鳥など"@ja	<http://ja.wikipedia.org/wiki/ヤマメ>	<http://wikidata.dbpedia.org/resource/Q9052432>
<http://ja.dbpedia.org/resource/ヤマメ>	"ヤマメ"@ja	<http://dbpedia.org/ontology/Eukaryote>	<http://ja.dbpedia.org/property/鳥など>	"鳥など"@ja	<http://ja.wikipedia.org/wiki/ヤマメ>	<http://wikidata.dbpedia.org/resource/Q9052432>
<http://ja.dbpedia.org/resource/ヤマメ>	"ヤマメ"@ja	<http://dbpedia.org/ontology/Species>	<http://ja.dbpedia.org/property/鳥など>	"鳥など"@ja	<http://ja.wikipedia.org/wiki/ヤマメ>	<http://wikidata.dbpedia.org/resource/Q9052432>
<http://ja.dbpedia.org/resource/ヤマメ>	"ヤマメ"@ja	<http://dbpedia.org/ontology/Animal>	<http://ja.dbpedia.org/property/鳥など>	"鳥など"@ja	<http://ja.wikipedia.org/wiki/ヤマメ>	<http://wikidata.dbpedia.org/resource/Q9052432>
<http://ja.dbpedia.org/resource/リンドウ>	"リンドウ"@ja	<http://dbpedia.org/ontology/Species>	<http://ja.dbpedia.org/property/花>	"花"@ja	<http://ja.wikipedia.org/wiki/リンドウ>	<http://wikidata.dbpedia.org/resource/Q926053>
