?s	?sLabel	?type	?p	?pLabel	?jwiki	?wd
<http://ja.dbpedia.org/resource/ナラ>	"ナラ"@ja	<http://dbpedia.org/ontology/Species>	<http://ja.dbpedia.org/property/木>	"木"@ja	<http://ja.wikipedia.org/wiki/ナラ>	<http://wikidata.dbpedia.org/resource/Q3245263>
<http://ja.dbpedia.org/resource/ナラ>	"ナラ"@ja	<http://dbpedia.org/ontology/Eukaryote>	<http://ja.dbpedia.org/property/木>	"木"@ja	<http://ja.wikipedia.org/wiki/ナラ>	<http://wikidata.dbpedia.org/resource/Q3245263>
<http://ja.dbpedia.org/resource/ナラ>	"ナラ"@ja	<http://dbpedia.org/ontology/Plant>	<http://ja.dbpedia.org/property/木>	"木"@ja	<http://ja.wikipedia.org/wiki/ナラ>	<http://wikidata.dbpedia.org/resource/Q3245263>
<http://ja.dbpedia.org/resource/ヤマドリ>	"ヤマドリ"@ja	<http://dbpedia.org/ontology/Species>	<http://ja.dbpedia.org/property/鳥など>	"鳥など"@ja	<http://ja.wikipedia.org/wiki/ヤマドリ>	<http://wikidata.dbpedia.org/resource/Q731600>
<http://ja.dbpedia.org/resource/リンドウ>	"リンドウ"@ja	<http://dbpedia.org/ontology/Species>	<http://ja.dbpedia.org/property/花>	"花"@ja	<http://ja.wikipedia.org/wiki/リンドウ>	<http://wikidata.dbpedia.org/resource/Q926053>
<http://ja.dbpedia.org/resource/大理石村ロックハート城>	"大理石村ロックハート城"@ja	<http://dbpedia.org/ontology/ArchitecturalStructure>	<http://ja.dbpedia.org/property/画像の説明>	"画像の説明"@ja	<http://ja.wikipedia.org/wiki/大理石村ロックハート城>	<http://wikidata.dbpedia.org/resource/Q11437813>
