?s	?sLabel	?type	?p	?pLabel	?jwiki	?wd
<http://ja.dbpedia.org/resource/シャクナゲ>	"シャクナゲ"@ja	<http://dbpedia.org/ontology/Species>	<http://ja.dbpedia.org/property/花>	"花"@ja	<http://ja.wikipedia.org/wiki/シャクナゲ>	<http://wikidata.dbpedia.org/resource/Q4389817>
<http://ja.dbpedia.org/resource/草津温泉>	"草津温泉"@ja	<http://dbpedia.org/ontology/HotSpring>	<http://ja.dbpedia.org/property/画像の説明>	"画像の説明"@ja	<http://ja.wikipedia.org/wiki/草津温泉>	<http://wikidata.dbpedia.org/resource/Q3137477>
<http://ja.dbpedia.org/resource/草津温泉>	"草津温泉"@ja	<http://dbpedia.org/ontology/Place>	<http://ja.dbpedia.org/property/画像の説明>	"画像の説明"@ja	<http://ja.wikipedia.org/wiki/草津温泉>	<http://wikidata.dbpedia.org/resource/Q3137477>
<http://ja.dbpedia.org/resource/草津温泉>	"草津温泉"@ja	<http://dbpedia.org/ontology/NaturalPlace>	<http://ja.dbpedia.org/property/画像の説明>	"画像の説明"@ja	<http://ja.wikipedia.org/wiki/草津温泉>	<http://wikidata.dbpedia.org/resource/Q3137477>
<http://ja.dbpedia.org/resource/草津温泉>	"草津温泉"@ja	<http://dbpedia.org/ontology/Location>	<http://ja.dbpedia.org/property/画像の説明>	"画像の説明"@ja	<http://ja.wikipedia.org/wiki/草津温泉>	<http://wikidata.dbpedia.org/resource/Q3137477>
