?s	?sLabel	?type	?p	?pLabel	?jwiki	?wd
<http://ja.dbpedia.org/resource/ゴヨウマツ>	"ゴヨウマツ"@ja	<http://dbpedia.org/ontology/Species>	<http://ja.dbpedia.org/property/木>	"木"@ja	<http://ja.wikipedia.org/wiki/ゴヨウマツ>	<http://wikidata.dbpedia.org/resource/Q178116>
<http://ja.dbpedia.org/resource/シャクナゲ>	"シャクナゲ"@ja	<http://dbpedia.org/ontology/Species>	<http://ja.dbpedia.org/property/花>	"花"@ja	<http://ja.wikipedia.org/wiki/シャクナゲ>	<http://wikidata.dbpedia.org/resource/Q4389817>
<http://ja.dbpedia.org/resource/川場スキー場>	"川場スキー場"@ja	<http://dbpedia.org/ontology/SportFacility>	<http://ja.dbpedia.org/property/画像の説明>	"画像の説明"@ja	<http://ja.wikipedia.org/wiki/川場スキー場>	<http://wikidata.dbpedia.org/resource/Q11478144>
<http://ja.dbpedia.org/resource/川場スキー場>	"川場スキー場"@ja	<http://dbpedia.org/ontology/ArchitecturalStructure>	<http://ja.dbpedia.org/property/画像の説明>	"画像の説明"@ja	<http://ja.wikipedia.org/wiki/川場スキー場>	<http://wikidata.dbpedia.org/resource/Q11478144>
<http://ja.dbpedia.org/resource/川場スキー場>	"川場スキー場"@ja	<http://dbpedia.org/ontology/SkiArea>	<http://ja.dbpedia.org/property/画像の説明>	"画像の説明"@ja	<http://ja.wikipedia.org/wiki/川場スキー場>	<http://wikidata.dbpedia.org/resource/Q11478144>
