?s	?sLabel	?type	?p	?pLabel	?jwiki	?wd
<http://ja.dbpedia.org/resource/キジ>	"キジ"@ja	<http://dbpedia.org/ontology/Species>	<http://ja.dbpedia.org/property/鳥など>	"鳥など"@ja	<http://ja.wikipedia.org/wiki/キジ>	<http://wikidata.dbpedia.org/resource/Q425900>
<http://ja.dbpedia.org/resource/サクラ>	"サクラ"@ja	<http://dbpedia.org/ontology/Species>	<http://ja.dbpedia.org/property/木>	"木"@ja	<http://ja.wikipedia.org/wiki/サクラ>	<http://wikidata.dbpedia.org/resource/Q871991>
<http://ja.dbpedia.org/resource/ツツジ>	"ツツジ"@ja	<http://dbpedia.org/ontology/Species>	<http://ja.dbpedia.org/property/花>	"花"@ja	<http://ja.wikipedia.org/wiki/ツツジ>	<http://wikidata.dbpedia.org/resource/Q189393>
<http://ja.dbpedia.org/resource/沼田市>	"沼田市"@ja	<http://dbpedia.org/ontology/City>	<http://ja.dbpedia.org/property/隣接自治体>	"隣接自治体"@ja	<http://ja.wikipedia.org/wiki/沼田市>	<http://wikidata.dbpedia.org/resource/Q666317>
<http://ja.dbpedia.org/resource/沼田市>	"沼田市"@ja	<http://dbpedia.org/ontology/Location>	<http://ja.dbpedia.org/property/隣接自治体>	"隣接自治体"@ja	<http://ja.wikipedia.org/wiki/沼田市>	<http://wikidata.dbpedia.org/resource/Q666317>
<http://ja.dbpedia.org/resource/沼田市>	"沼田市"@ja	<http://dbpedia.org/ontology/Settlement>	<http://ja.dbpedia.org/property/隣接自治体>	"隣接自治体"@ja	<http://ja.wikipedia.org/wiki/沼田市>	<http://wikidata.dbpedia.org/resource/Q666317>
<http://ja.dbpedia.org/resource/沼田市>	"沼田市"@ja	<http://dbpedia.org/ontology/PopulatedPlace>	<http://ja.dbpedia.org/property/隣接自治体>	"隣接自治体"@ja	<http://ja.wikipedia.org/wiki/沼田市>	<http://wikidata.dbpedia.org/resource/Q666317>
<http://ja.dbpedia.org/resource/沼田市>	"沼田市"@ja	<http://dbpedia.org/ontology/Place>	<http://ja.dbpedia.org/property/隣接自治体>	"隣接自治体"@ja	<http://ja.wikipedia.org/wiki/沼田市>	<http://wikidata.dbpedia.org/resource/Q666317>
<http://ja.dbpedia.org/resource/渋川市>	"渋川市"@ja	<http://dbpedia.org/ontology/City>	<http://ja.dbpedia.org/property/隣接自治体>	"隣接自治体"@ja	<http://ja.wikipedia.org/wiki/渋川市>	<http://wikidata.dbpedia.org/resource/Q851492>
<http://ja.dbpedia.org/resource/渋川市>	"渋川市"@ja	<http://dbpedia.org/ontology/Settlement>	<http://ja.dbpedia.org/property/隣接自治体>	"隣接自治体"@ja	<http://ja.wikipedia.org/wiki/渋川市>	<http://wikidata.dbpedia.org/resource/Q851492>
<http://ja.dbpedia.org/resource/渋川市>	"渋川市"@ja	<http://dbpedia.org/ontology/Place>	<http://ja.dbpedia.org/property/隣接自治体>	"隣接自治体"@ja	<http://ja.wikipedia.org/wiki/渋川市>	<http://wikidata.dbpedia.org/resource/Q851492>
<http://ja.dbpedia.org/resource/渋川市>	"渋川市"@ja	<http://dbpedia.org/ontology/PopulatedPlace>	<http://ja.dbpedia.org/property/隣接自治体>	"隣接自治体"@ja	<http://ja.wikipedia.org/wiki/渋川市>	<http://wikidata.dbpedia.org/resource/Q851492>
<http://ja.dbpedia.org/resource/渋川市>	"渋川市"@ja	<http://dbpedia.org/ontology/Location>	<http://ja.dbpedia.org/property/隣接自治体>	"隣接自治体"@ja	<http://ja.wikipedia.org/wiki/渋川市>	<http://wikidata.dbpedia.org/resource/Q851492>
<http://ja.dbpedia.org/resource/道の駅あぐりーむ昭和>	"道の駅あぐりーむ昭和"@ja	<http://dbpedia.org/ontology/Station>	<http://ja.dbpedia.org/property/画像の説明>	"画像の説明"@ja	<http://ja.wikipedia.org/wiki/道の駅あぐりーむ昭和>	<http://wikidata.dbpedia.org/resource/Q11640612>
<http://ja.dbpedia.org/resource/道の駅あぐりーむ昭和>	"道の駅あぐりーむ昭和"@ja	<http://dbpedia.org/ontology/ArchitecturalStructure>	<http://ja.dbpedia.org/property/画像の説明>	"画像の説明"@ja	<http://ja.wikipedia.org/wiki/道の駅あぐりーむ昭和>	<http://wikidata.dbpedia.org/resource/Q11640612>
<http://ja.dbpedia.org/resource/道の駅あぐりーむ昭和>	"道の駅あぐりーむ昭和"@ja	<http://dbpedia.org/ontology/Infrastructure>	<http://ja.dbpedia.org/property/画像の説明>	"画像の説明"@ja	<http://ja.wikipedia.org/wiki/道の駅あぐりーむ昭和>	<http://wikidata.dbpedia.org/resource/Q11640612>
