?s	?sLabel	?type	?p	?pLabel	?jwiki	?wd
<http://ja.dbpedia.org/resource/シラカンバ>	"シラカンバ"@ja	<http://dbpedia.org/ontology/Species>	<http://ja.dbpedia.org/property/木>	"木"@ja	<http://ja.wikipedia.org/wiki/シラカンバ>	<http://wikidata.dbpedia.org/resource/Q1373854>
<http://ja.dbpedia.org/resource/ミズバショウ>	"ミズバショウ"@ja	<http://dbpedia.org/ontology/Species>	<http://ja.dbpedia.org/property/花>	"花"@ja	<http://ja.wikipedia.org/wiki/ミズバショウ>	<http://wikidata.dbpedia.org/resource/Q772647>
<http://ja.dbpedia.org/resource/ヤマドリ>	"ヤマドリ"@ja	<http://dbpedia.org/ontology/Species>	<http://ja.dbpedia.org/property/鳥など>	"鳥など"@ja	<http://ja.wikipedia.org/wiki/ヤマドリ>	<http://wikidata.dbpedia.org/resource/Q731600>
<http://ja.dbpedia.org/resource/至仏山>	"至仏山"@ja	<http://dbpedia.org/ontology/Mountain>	<http://ja.dbpedia.org/property/画像の説明>	"画像の説明"@ja	<http://ja.wikipedia.org/wiki/至仏山>	<http://wikidata.dbpedia.org/resource/Q11613163>
<http://ja.dbpedia.org/resource/至仏山>	"至仏山"@ja	<http://dbpedia.org/ontology/Place>	<http://ja.dbpedia.org/property/画像の説明>	"画像の説明"@ja	<http://ja.wikipedia.org/wiki/至仏山>	<http://wikidata.dbpedia.org/resource/Q11613163>
<http://ja.dbpedia.org/resource/至仏山>	"至仏山"@ja	<http://dbpedia.org/ontology/NaturalPlace>	<http://ja.dbpedia.org/property/画像の説明>	"画像の説明"@ja	<http://ja.wikipedia.org/wiki/至仏山>	<http://wikidata.dbpedia.org/resource/Q11613163>
<http://ja.dbpedia.org/resource/至仏山>	"至仏山"@ja	<http://dbpedia.org/ontology/Location>	<http://ja.dbpedia.org/property/画像の説明>	"画像の説明"@ja	<http://ja.wikipedia.org/wiki/至仏山>	<http://wikidata.dbpedia.org/resource/Q11613163>
