?s	?sLabel	?type	?p	?pLabel	?jwiki	?wd
<http://ja.dbpedia.org/resource/バラ>	"バラ"@ja	<http://dbpedia.org/ontology/Species>	<http://ja.dbpedia.org/property/花>	"花"@ja	<http://ja.wikipedia.org/wiki/バラ>	<http://wikidata.dbpedia.org/resource/Q64140922>
<http://ja.dbpedia.org/resource/モクセイ>	"モクセイ"@ja	<http://dbpedia.org/ontology/Species>	<http://ja.dbpedia.org/property/木>	"木"@ja	<http://ja.wikipedia.org/wiki/モクセイ>	<http://wikidata.dbpedia.org/resource/Q1209922>
<http://ja.dbpedia.org/resource/伊勢崎市>	"伊勢崎市"@ja	<http://dbpedia.org/ontology/PopulatedPlace>	<http://ja.dbpedia.org/property/隣接自治体>	"隣接自治体"@ja	<http://ja.wikipedia.org/wiki/伊勢崎市>	<http://wikidata.dbpedia.org/resource/Q328596>
<http://ja.dbpedia.org/resource/伊勢崎市>	"伊勢崎市"@ja	<http://dbpedia.org/ontology/Place>	<http://ja.dbpedia.org/property/隣接自治体>	"隣接自治体"@ja	<http://ja.wikipedia.org/wiki/伊勢崎市>	<http://wikidata.dbpedia.org/resource/Q328596>
<http://ja.dbpedia.org/resource/伊勢崎市>	"伊勢崎市"@ja	<http://dbpedia.org/ontology/City>	<http://ja.dbpedia.org/property/隣接自治体>	"隣接自治体"@ja	<http://ja.wikipedia.org/wiki/伊勢崎市>	<http://wikidata.dbpedia.org/resource/Q328596>
<http://ja.dbpedia.org/resource/伊勢崎市>	"伊勢崎市"@ja	<http://dbpedia.org/ontology/Location>	<http://ja.dbpedia.org/property/隣接自治体>	"隣接自治体"@ja	<http://ja.wikipedia.org/wiki/伊勢崎市>	<http://wikidata.dbpedia.org/resource/Q328596>
<http://ja.dbpedia.org/resource/伊勢崎市>	"伊勢崎市"@ja	<http://dbpedia.org/ontology/Settlement>	<http://ja.dbpedia.org/property/隣接自治体>	"隣接自治体"@ja	<http://ja.wikipedia.org/wiki/伊勢崎市>	<http://wikidata.dbpedia.org/resource/Q328596>
<http://ja.dbpedia.org/resource/前橋市>	"前橋市"@ja	<http://dbpedia.org/ontology/Location>	<http://ja.dbpedia.org/property/隣接自治体>	"隣接自治体"@ja	<http://ja.wikipedia.org/wiki/前橋市>	<http://wikidata.dbpedia.org/resource/Q201613>
<http://ja.dbpedia.org/resource/前橋市>	"前橋市"@ja	<http://dbpedia.org/ontology/City>	<http://ja.dbpedia.org/property/隣接自治体>	"隣接自治体"@ja	<http://ja.wikipedia.org/wiki/前橋市>	<http://wikidata.dbpedia.org/resource/Q201613>
<http://ja.dbpedia.org/resource/前橋市>	"前橋市"@ja	<http://dbpedia.org/ontology/PopulatedPlace>	<http://ja.dbpedia.org/property/隣接自治体>	"隣接自治体"@ja	<http://ja.wikipedia.org/wiki/前橋市>	<http://wikidata.dbpedia.org/resource/Q201613>
<http://ja.dbpedia.org/resource/前橋市>	"前橋市"@ja	<http://dbpedia.org/ontology/Settlement>	<http://ja.dbpedia.org/property/隣接自治体>	"隣接自治体"@ja	<http://ja.wikipedia.org/wiki/前橋市>	<http://wikidata.dbpedia.org/resource/Q201613>
<http://ja.dbpedia.org/resource/前橋市>	"前橋市"@ja	<http://dbpedia.org/ontology/Place>	<http://ja.dbpedia.org/property/隣接自治体>	"隣接自治体"@ja	<http://ja.wikipedia.org/wiki/前橋市>	<http://wikidata.dbpedia.org/resource/Q201613>
<http://ja.dbpedia.org/resource/火雷神社_(玉村町)>	"火雷神社 (玉村町)"@ja	<http://dbpedia.org/ontology/Shrine>	<http://ja.dbpedia.org/property/画像の説明>	"画像の説明"@ja	<http://ja.wikipedia.org/wiki/火雷神社_(玉村町)>	<http://wikidata.dbpedia.org/resource/Q17220848>
<http://ja.dbpedia.org/resource/火雷神社_(玉村町)>	"火雷神社 (玉村町)"@ja	<http://dbpedia.org/ontology/Building>	<http://ja.dbpedia.org/property/画像の説明>	"画像の説明"@ja	<http://ja.wikipedia.org/wiki/火雷神社_(玉村町)>	<http://wikidata.dbpedia.org/resource/Q17220848>
<http://ja.dbpedia.org/resource/火雷神社_(玉村町)>	"火雷神社 (玉村町)"@ja	<http://dbpedia.org/ontology/ArchitecturalStructure>	<http://ja.dbpedia.org/property/画像の説明>	"画像の説明"@ja	<http://ja.wikipedia.org/wiki/火雷神社_(玉村町)>	<http://wikidata.dbpedia.org/resource/Q17220848>
<http://ja.dbpedia.org/resource/火雷神社_(玉村町)>	"火雷神社 (玉村町)"@ja	<http://dbpedia.org/ontology/ReligiousBuilding>	<http://ja.dbpedia.org/property/画像の説明>	"画像の説明"@ja	<http://ja.wikipedia.org/wiki/火雷神社_(玉村町)>	<http://wikidata.dbpedia.org/resource/Q17220848>
<http://ja.dbpedia.org/resource/藤岡市>	"藤岡市"@ja	<http://dbpedia.org/ontology/Location>	<http://ja.dbpedia.org/property/隣接自治体>	"隣接自治体"@ja	<http://ja.wikipedia.org/wiki/藤岡市>	<http://wikidata.dbpedia.org/resource/Q596486>
<http://ja.dbpedia.org/resource/藤岡市>	"藤岡市"@ja	<http://dbpedia.org/ontology/Settlement>	<http://ja.dbpedia.org/property/隣接自治体>	"隣接自治体"@ja	<http://ja.wikipedia.org/wiki/藤岡市>	<http://wikidata.dbpedia.org/resource/Q596486>
<http://ja.dbpedia.org/resource/藤岡市>	"藤岡市"@ja	<http://dbpedia.org/ontology/Place>	<http://ja.dbpedia.org/property/隣接自治体>	"隣接自治体"@ja	<http://ja.wikipedia.org/wiki/藤岡市>	<http://wikidata.dbpedia.org/resource/Q596486>
<http://ja.dbpedia.org/resource/藤岡市>	"藤岡市"@ja	<http://dbpedia.org/ontology/City>	<http://ja.dbpedia.org/property/隣接自治体>	"隣接自治体"@ja	<http://ja.wikipedia.org/wiki/藤岡市>	<http://wikidata.dbpedia.org/resource/Q596486>
<http://ja.dbpedia.org/resource/藤岡市>	"藤岡市"@ja	<http://dbpedia.org/ontology/PopulatedPlace>	<http://ja.dbpedia.org/property/隣接自治体>	"隣接自治体"@ja	<http://ja.wikipedia.org/wiki/藤岡市>	<http://wikidata.dbpedia.org/resource/Q596486>
<http://ja.dbpedia.org/resource/高崎市>	"高崎市"@ja	<http://dbpedia.org/ontology/Settlement>	<http://ja.dbpedia.org/property/隣接自治体>	"隣接自治体"@ja	<http://ja.wikipedia.org/wiki/高崎市>	<http://wikidata.dbpedia.org/resource/Q336438>
<http://ja.dbpedia.org/resource/高崎市>	"高崎市"@ja	<http://dbpedia.org/ontology/Place>	<http://ja.dbpedia.org/property/隣接自治体>	"隣接自治体"@ja	<http://ja.wikipedia.org/wiki/高崎市>	<http://wikidata.dbpedia.org/resource/Q336438>
<http://ja.dbpedia.org/resource/高崎市>	"高崎市"@ja	<http://dbpedia.org/ontology/City>	<http://ja.dbpedia.org/property/隣接自治体>	"隣接自治体"@ja	<http://ja.wikipedia.org/wiki/高崎市>	<http://wikidata.dbpedia.org/resource/Q336438>
<http://ja.dbpedia.org/resource/高崎市>	"高崎市"@ja	<http://dbpedia.org/ontology/PopulatedPlace>	<http://ja.dbpedia.org/property/隣接自治体>	"隣接自治体"@ja	<http://ja.wikipedia.org/wiki/高崎市>	<http://wikidata.dbpedia.org/resource/Q336438>
<http://ja.dbpedia.org/resource/高崎市>	"高崎市"@ja	<http://dbpedia.org/ontology/Location>	<http://ja.dbpedia.org/property/隣接自治体>	"隣接自治体"@ja	<http://ja.wikipedia.org/wiki/高崎市>	<http://wikidata.dbpedia.org/resource/Q336438>
