?s	?sLabel	?type	?p	?pLabel	?jwiki	?wd
<http://ja.dbpedia.org/resource/サクラ>	"サクラ"@ja	<http://dbpedia.org/ontology/Species>	<http://ja.dbpedia.org/property/花>	"花"@ja	<http://ja.wikipedia.org/wiki/サクラ>	<http://wikidata.dbpedia.org/resource/Q871991>
<http://ja.dbpedia.org/resource/ヒバリ>	"ヒバリ"@ja	<http://dbpedia.org/ontology/Species>	<http://ja.dbpedia.org/property/鳥など>	"鳥など"@ja	<http://ja.wikipedia.org/wiki/ヒバリ>	<http://wikidata.dbpedia.org/resource/Q25961>
<http://ja.dbpedia.org/resource/モクセイ>	"モクセイ"@ja	<http://dbpedia.org/ontology/Species>	<http://ja.dbpedia.org/property/木>	"木"@ja	<http://ja.wikipedia.org/wiki/モクセイ>	<http://wikidata.dbpedia.org/resource/Q1209922>
<http://ja.dbpedia.org/resource/佐野市>	"佐野市"@ja	<http://dbpedia.org/ontology/Settlement>	<http://ja.dbpedia.org/property/隣接自治体>	"隣接自治体"@ja	<http://ja.wikipedia.org/wiki/佐野市>	<http://wikidata.dbpedia.org/resource/Q646912>
<http://ja.dbpedia.org/resource/佐野市>	"佐野市"@ja	<http://dbpedia.org/ontology/PopulatedPlace>	<http://ja.dbpedia.org/property/隣接自治体>	"隣接自治体"@ja	<http://ja.wikipedia.org/wiki/佐野市>	<http://wikidata.dbpedia.org/resource/Q646912>
<http://ja.dbpedia.org/resource/佐野市>	"佐野市"@ja	<http://dbpedia.org/ontology/Location>	<http://ja.dbpedia.org/property/隣接自治体>	"隣接自治体"@ja	<http://ja.wikipedia.org/wiki/佐野市>	<http://wikidata.dbpedia.org/resource/Q646912>
<http://ja.dbpedia.org/resource/佐野市>	"佐野市"@ja	<http://dbpedia.org/ontology/Place>	<http://ja.dbpedia.org/property/隣接自治体>	"隣接自治体"@ja	<http://ja.wikipedia.org/wiki/佐野市>	<http://wikidata.dbpedia.org/resource/Q646912>
<http://ja.dbpedia.org/resource/佐野市>	"佐野市"@ja	<http://dbpedia.org/ontology/City>	<http://ja.dbpedia.org/property/隣接自治体>	"隣接自治体"@ja	<http://ja.wikipedia.org/wiki/佐野市>	<http://wikidata.dbpedia.org/resource/Q646912>
<http://ja.dbpedia.org/resource/加須市>	"加須市"@ja	<http://dbpedia.org/ontology/Place>	<http://ja.dbpedia.org/property/隣接自治体>	"隣接自治体"@ja	<http://ja.wikipedia.org/wiki/加須市>	<http://wikidata.dbpedia.org/resource/Q851680>
<http://ja.dbpedia.org/resource/加須市>	"加須市"@ja	<http://dbpedia.org/ontology/City>	<http://ja.dbpedia.org/property/隣接自治体>	"隣接自治体"@ja	<http://ja.wikipedia.org/wiki/加須市>	<http://wikidata.dbpedia.org/resource/Q851680>
<http://ja.dbpedia.org/resource/加須市>	"加須市"@ja	<http://dbpedia.org/ontology/Location>	<http://ja.dbpedia.org/property/隣接自治体>	"隣接自治体"@ja	<http://ja.wikipedia.org/wiki/加須市>	<http://wikidata.dbpedia.org/resource/Q851680>
<http://ja.dbpedia.org/resource/加須市>	"加須市"@ja	<http://dbpedia.org/ontology/PopulatedPlace>	<http://ja.dbpedia.org/property/隣接自治体>	"隣接自治体"@ja	<http://ja.wikipedia.org/wiki/加須市>	<http://wikidata.dbpedia.org/resource/Q851680>
<http://ja.dbpedia.org/resource/加須市>	"加須市"@ja	<http://dbpedia.org/ontology/Settlement>	<http://ja.dbpedia.org/property/隣接自治体>	"隣接自治体"@ja	<http://ja.wikipedia.org/wiki/加須市>	<http://wikidata.dbpedia.org/resource/Q851680>
<http://ja.dbpedia.org/resource/埼玉県>	"埼玉県"@ja	<http://dbpedia.org/ontology/Region>	<http://ja.dbpedia.org/property/隣接自治体>	"隣接自治体"@ja	<http://ja.wikipedia.org/wiki/埼玉県>	<http://wikidata.dbpedia.org/resource/Q128186>
<http://ja.dbpedia.org/resource/埼玉県>	"埼玉県"@ja	<http://dbpedia.org/ontology/Place>	<http://ja.dbpedia.org/property/隣接自治体>	"隣接自治体"@ja	<http://ja.wikipedia.org/wiki/埼玉県>	<http://wikidata.dbpedia.org/resource/Q128186>
<http://ja.dbpedia.org/resource/埼玉県>	"埼玉県"@ja	<http://dbpedia.org/ontology/PopulatedPlace>	<http://ja.dbpedia.org/property/隣接自治体>	"隣接自治体"@ja	<http://ja.wikipedia.org/wiki/埼玉県>	<http://wikidata.dbpedia.org/resource/Q128186>
<http://ja.dbpedia.org/resource/埼玉県>	"埼玉県"@ja	<http://dbpedia.org/ontology/Location>	<http://ja.dbpedia.org/property/隣接自治体>	"隣接自治体"@ja	<http://ja.wikipedia.org/wiki/埼玉県>	<http://wikidata.dbpedia.org/resource/Q128186>
<http://ja.dbpedia.org/resource/埼玉県>	"埼玉県"@ja	<http://dbpedia.org/ontology/AdministrativeRegion>	<http://ja.dbpedia.org/property/隣接自治体>	"隣接自治体"@ja	<http://ja.wikipedia.org/wiki/埼玉県>	<http://wikidata.dbpedia.org/resource/Q128186>
<http://ja.dbpedia.org/resource/明和町_(群馬県)>	"明和町 (群馬県)"@ja	<http://dbpedia.org/ontology/City>	<http://ja.dbpedia.org/property/隣接自治体>	"隣接自治体"@ja	<http://ja.wikipedia.org/wiki/明和町_(群馬県)>	<http://wikidata.dbpedia.org/resource/Q1203274>
<http://ja.dbpedia.org/resource/明和町_(群馬県)>	"明和町 (群馬県)"@ja	<http://dbpedia.org/ontology/Place>	<http://ja.dbpedia.org/property/隣接自治体>	"隣接自治体"@ja	<http://ja.wikipedia.org/wiki/明和町_(群馬県)>	<http://wikidata.dbpedia.org/resource/Q1203274>
<http://ja.dbpedia.org/resource/明和町_(群馬県)>	"明和町 (群馬県)"@ja	<http://dbpedia.org/ontology/Location>	<http://ja.dbpedia.org/property/隣接自治体>	"隣接自治体"@ja	<http://ja.wikipedia.org/wiki/明和町_(群馬県)>	<http://wikidata.dbpedia.org/resource/Q1203274>
<http://ja.dbpedia.org/resource/明和町_(群馬県)>	"明和町 (群馬県)"@ja	<http://dbpedia.org/ontology/PopulatedPlace>	<http://ja.dbpedia.org/property/隣接自治体>	"隣接自治体"@ja	<http://ja.wikipedia.org/wiki/明和町_(群馬県)>	<http://wikidata.dbpedia.org/resource/Q1203274>
<http://ja.dbpedia.org/resource/明和町_(群馬県)>	"明和町 (群馬県)"@ja	<http://dbpedia.org/ontology/Settlement>	<http://ja.dbpedia.org/property/隣接自治体>	"隣接自治体"@ja	<http://ja.wikipedia.org/wiki/明和町_(群馬県)>	<http://wikidata.dbpedia.org/resource/Q1203274>
<http://ja.dbpedia.org/resource/栃木市>	"栃木市"@ja	<http://dbpedia.org/ontology/Place>	<http://ja.dbpedia.org/property/隣接自治体>	"隣接自治体"@ja	<http://ja.wikipedia.org/wiki/栃木市>	<http://wikidata.dbpedia.org/resource/Q44830>
<http://ja.dbpedia.org/resource/栃木市>	"栃木市"@ja	<http://dbpedia.org/ontology/City>	<http://ja.dbpedia.org/property/隣接自治体>	"隣接自治体"@ja	<http://ja.wikipedia.org/wiki/栃木市>	<http://wikidata.dbpedia.org/resource/Q44830>
<http://ja.dbpedia.org/resource/栃木市>	"栃木市"@ja	<http://dbpedia.org/ontology/Settlement>	<http://ja.dbpedia.org/property/隣接自治体>	"隣接自治体"@ja	<http://ja.wikipedia.org/wiki/栃木市>	<http://wikidata.dbpedia.org/resource/Q44830>
<http://ja.dbpedia.org/resource/栃木市>	"栃木市"@ja	<http://dbpedia.org/ontology/PopulatedPlace>	<http://ja.dbpedia.org/property/隣接自治体>	"隣接自治体"@ja	<http://ja.wikipedia.org/wiki/栃木市>	<http://wikidata.dbpedia.org/resource/Q44830>
<http://ja.dbpedia.org/resource/栃木市>	"栃木市"@ja	<http://dbpedia.org/ontology/Location>	<http://ja.dbpedia.org/property/隣接自治体>	"隣接自治体"@ja	<http://ja.wikipedia.org/wiki/栃木市>	<http://wikidata.dbpedia.org/resource/Q44830>
<http://ja.dbpedia.org/resource/栃木県>	"栃木県"@ja	<http://dbpedia.org/ontology/Place>	<http://ja.dbpedia.org/property/隣接自治体>	"隣接自治体"@ja	<http://ja.wikipedia.org/wiki/栃木県>	<http://wikidata.dbpedia.org/resource/Q44843>
<http://ja.dbpedia.org/resource/栃木県>	"栃木県"@ja	<http://dbpedia.org/ontology/Region>	<http://ja.dbpedia.org/property/隣接自治体>	"隣接自治体"@ja	<http://ja.wikipedia.org/wiki/栃木県>	<http://wikidata.dbpedia.org/resource/Q44843>
<http://ja.dbpedia.org/resource/栃木県>	"栃木県"@ja	<http://dbpedia.org/ontology/PopulatedPlace>	<http://ja.dbpedia.org/property/隣接自治体>	"隣接自治体"@ja	<http://ja.wikipedia.org/wiki/栃木県>	<http://wikidata.dbpedia.org/resource/Q44843>
<http://ja.dbpedia.org/resource/栃木県>	"栃木県"@ja	<http://dbpedia.org/ontology/Location>	<http://ja.dbpedia.org/property/隣接自治体>	"隣接自治体"@ja	<http://ja.wikipedia.org/wiki/栃木県>	<http://wikidata.dbpedia.org/resource/Q44843>
<http://ja.dbpedia.org/resource/栃木県>	"栃木県"@ja	<http://dbpedia.org/ontology/AdministrativeRegion>	<http://ja.dbpedia.org/property/隣接自治体>	"隣接自治体"@ja	<http://ja.wikipedia.org/wiki/栃木県>	<http://wikidata.dbpedia.org/resource/Q44843>
<http://ja.dbpedia.org/resource/羽生市>	"羽生市"@ja	<http://dbpedia.org/ontology/City>	<http://ja.dbpedia.org/property/隣接自治体>	"隣接自治体"@ja	<http://ja.wikipedia.org/wiki/羽生市>	<http://wikidata.dbpedia.org/resource/Q847565>
<http://ja.dbpedia.org/resource/羽生市>	"羽生市"@ja	<http://dbpedia.org/ontology/Place>	<http://ja.dbpedia.org/property/隣接自治体>	"隣接自治体"@ja	<http://ja.wikipedia.org/wiki/羽生市>	<http://wikidata.dbpedia.org/resource/Q847565>
<http://ja.dbpedia.org/resource/羽生市>	"羽生市"@ja	<http://dbpedia.org/ontology/Location>	<http://ja.dbpedia.org/property/隣接自治体>	"隣接自治体"@ja	<http://ja.wikipedia.org/wiki/羽生市>	<http://wikidata.dbpedia.org/resource/Q847565>
<http://ja.dbpedia.org/resource/羽生市>	"羽生市"@ja	<http://dbpedia.org/ontology/PopulatedPlace>	<http://ja.dbpedia.org/property/隣接自治体>	"隣接自治体"@ja	<http://ja.wikipedia.org/wiki/羽生市>	<http://wikidata.dbpedia.org/resource/Q847565>
<http://ja.dbpedia.org/resource/羽生市>	"羽生市"@ja	<http://dbpedia.org/ontology/Settlement>	<http://ja.dbpedia.org/property/隣接自治体>	"隣接自治体"@ja	<http://ja.wikipedia.org/wiki/羽生市>	<http://wikidata.dbpedia.org/resource/Q847565>
<http://ja.dbpedia.org/resource/館林市>	"館林市"@ja	<http://dbpedia.org/ontology/Place>	<http://ja.dbpedia.org/property/隣接自治体>	"隣接自治体"@ja	<http://ja.wikipedia.org/wiki/館林市>	<http://wikidata.dbpedia.org/resource/Q858016>
<http://ja.dbpedia.org/resource/館林市>	"館林市"@ja	<http://dbpedia.org/ontology/City>	<http://ja.dbpedia.org/property/隣接自治体>	"隣接自治体"@ja	<http://ja.wikipedia.org/wiki/館林市>	<http://wikidata.dbpedia.org/resource/Q858016>
<http://ja.dbpedia.org/resource/館林市>	"館林市"@ja	<http://dbpedia.org/ontology/Settlement>	<http://ja.dbpedia.org/property/隣接自治体>	"隣接自治体"@ja	<http://ja.wikipedia.org/wiki/館林市>	<http://wikidata.dbpedia.org/resource/Q858016>
<http://ja.dbpedia.org/resource/館林市>	"館林市"@ja	<http://dbpedia.org/ontology/Location>	<http://ja.dbpedia.org/property/隣接自治体>	"隣接自治体"@ja	<http://ja.wikipedia.org/wiki/館林市>	<http://wikidata.dbpedia.org/resource/Q858016>
<http://ja.dbpedia.org/resource/館林市>	"館林市"@ja	<http://dbpedia.org/ontology/PopulatedPlace>	<http://ja.dbpedia.org/property/隣接自治体>	"隣接自治体"@ja	<http://ja.wikipedia.org/wiki/館林市>	<http://wikidata.dbpedia.org/resource/Q858016>
