?s	?sLabel	?type	?p	?pLabel	?jwiki	?wd
<http://ja.dbpedia.org/resource/アカマツ>	"アカマツ"@ja	<http://dbpedia.org/ontology/Species>	<http://ja.dbpedia.org/property/木>	"木"@ja	<http://ja.wikipedia.org/wiki/アカマツ>	<http://wikidata.dbpedia.org/resource/Q1044186>
<http://ja.dbpedia.org/resource/ヤマツツジ>	"ヤマツツジ"@ja	<http://dbpedia.org/ontology/Eukaryote>	<http://ja.dbpedia.org/property/花>	"花"@ja	<http://ja.wikipedia.org/wiki/ヤマツツジ>	<http://wikidata.dbpedia.org/resource/Q11345163>
<http://ja.dbpedia.org/resource/ヤマツツジ>	"ヤマツツジ"@ja	<http://dbpedia.org/ontology/Plant>	<http://ja.dbpedia.org/property/花>	"花"@ja	<http://ja.wikipedia.org/wiki/ヤマツツジ>	<http://wikidata.dbpedia.org/resource/Q11345163>
<http://ja.dbpedia.org/resource/ヤマツツジ>	"ヤマツツジ"@ja	<http://dbpedia.org/ontology/Species>	<http://ja.dbpedia.org/property/花>	"花"@ja	<http://ja.wikipedia.org/wiki/ヤマツツジ>	<http://wikidata.dbpedia.org/resource/Q11345163>
