?s	?sLabel	?type	?p	?pLabel	?jwiki	?wd
<http://ja.dbpedia.org/resource/キク>	"キク"@ja	<http://dbpedia.org/ontology/Species>	<http://ja.dbpedia.org/property/花>	"花"@ja	<http://ja.wikipedia.org/wiki/キク>	<http://wikidata.dbpedia.org/resource/Q15530181>
<http://ja.dbpedia.org/resource/モクセイ>	"モクセイ"@ja	<http://dbpedia.org/ontology/Species>	<http://ja.dbpedia.org/property/木>	"木"@ja	<http://ja.wikipedia.org/wiki/モクセイ>	<http://wikidata.dbpedia.org/resource/Q1209922>
<http://ja.dbpedia.org/resource/利根大堰>	"利根大堰"@ja	<http://dbpedia.org/ontology/ArchitecturalStructure>	<http://ja.dbpedia.org/property/画像の説明>	"画像の説明"@ja	<http://ja.wikipedia.org/wiki/利根大堰>	<http://wikidata.dbpedia.org/resource/Q11396892>
<http://ja.dbpedia.org/resource/利根大堰>	"利根大堰"@ja	<http://dbpedia.org/ontology/Dam>	<http://ja.dbpedia.org/property/画像の説明>	"画像の説明"@ja	<http://ja.wikipedia.org/wiki/利根大堰>	<http://wikidata.dbpedia.org/resource/Q11396892>
<http://ja.dbpedia.org/resource/利根大堰>	"利根大堰"@ja	<http://dbpedia.org/ontology/Infrastructure>	<http://ja.dbpedia.org/property/画像の説明>	"画像の説明"@ja	<http://ja.wikipedia.org/wiki/利根大堰>	<http://wikidata.dbpedia.org/resource/Q11396892>
<http://ja.dbpedia.org/resource/埼玉県>	"埼玉県"@ja	<http://dbpedia.org/ontology/AdministrativeRegion>	<http://ja.dbpedia.org/property/隣接自治体>	"隣接自治体"@ja	<http://ja.wikipedia.org/wiki/埼玉県>	<http://wikidata.dbpedia.org/resource/Q128186>
<http://ja.dbpedia.org/resource/埼玉県>	"埼玉県"@ja	<http://dbpedia.org/ontology/Place>	<http://ja.dbpedia.org/property/隣接自治体>	"隣接自治体"@ja	<http://ja.wikipedia.org/wiki/埼玉県>	<http://wikidata.dbpedia.org/resource/Q128186>
<http://ja.dbpedia.org/resource/埼玉県>	"埼玉県"@ja	<http://dbpedia.org/ontology/Location>	<http://ja.dbpedia.org/property/隣接自治体>	"隣接自治体"@ja	<http://ja.wikipedia.org/wiki/埼玉県>	<http://wikidata.dbpedia.org/resource/Q128186>
<http://ja.dbpedia.org/resource/埼玉県>	"埼玉県"@ja	<http://dbpedia.org/ontology/PopulatedPlace>	<http://ja.dbpedia.org/property/隣接自治体>	"隣接自治体"@ja	<http://ja.wikipedia.org/wiki/埼玉県>	<http://wikidata.dbpedia.org/resource/Q128186>
<http://ja.dbpedia.org/resource/埼玉県>	"埼玉県"@ja	<http://dbpedia.org/ontology/Region>	<http://ja.dbpedia.org/property/隣接自治体>	"隣接自治体"@ja	<http://ja.wikipedia.org/wiki/埼玉県>	<http://wikidata.dbpedia.org/resource/Q128186>
<http://ja.dbpedia.org/resource/熊谷市>	"熊谷市"@ja	<http://dbpedia.org/ontology/City>	<http://ja.dbpedia.org/property/隣接自治体>	"隣接自治体"@ja	<http://ja.wikipedia.org/wiki/熊谷市>	<http://wikidata.dbpedia.org/resource/Q41106>
<http://ja.dbpedia.org/resource/熊谷市>	"熊谷市"@ja	<http://dbpedia.org/ontology/PopulatedPlace>	<http://ja.dbpedia.org/property/隣接自治体>	"隣接自治体"@ja	<http://ja.wikipedia.org/wiki/熊谷市>	<http://wikidata.dbpedia.org/resource/Q41106>
<http://ja.dbpedia.org/resource/熊谷市>	"熊谷市"@ja	<http://dbpedia.org/ontology/Place>	<http://ja.dbpedia.org/property/隣接自治体>	"隣接自治体"@ja	<http://ja.wikipedia.org/wiki/熊谷市>	<http://wikidata.dbpedia.org/resource/Q41106>
<http://ja.dbpedia.org/resource/熊谷市>	"熊谷市"@ja	<http://dbpedia.org/ontology/Location>	<http://ja.dbpedia.org/property/隣接自治体>	"隣接自治体"@ja	<http://ja.wikipedia.org/wiki/熊谷市>	<http://wikidata.dbpedia.org/resource/Q41106>
<http://ja.dbpedia.org/resource/熊谷市>	"熊谷市"@ja	<http://dbpedia.org/ontology/Settlement>	<http://ja.dbpedia.org/property/隣接自治体>	"隣接自治体"@ja	<http://ja.wikipedia.org/wiki/熊谷市>	<http://wikidata.dbpedia.org/resource/Q41106>
<http://ja.dbpedia.org/resource/群馬県>	"群馬県"@ja	<http://dbpedia.org/ontology/AdministrativeRegion>	<http://ja.dbpedia.org/property/地域>	"地域"@ja	<http://ja.wikipedia.org/wiki/群馬県>	<http://wikidata.dbpedia.org/resource/Q129499>
<http://ja.dbpedia.org/resource/群馬県>	"群馬県"@ja	<http://dbpedia.org/ontology/PopulatedPlace>	<http://ja.dbpedia.org/property/地域>	"地域"@ja	<http://ja.wikipedia.org/wiki/群馬県>	<http://wikidata.dbpedia.org/resource/Q129499>
<http://ja.dbpedia.org/resource/群馬県>	"群馬県"@ja	<http://dbpedia.org/ontology/Region>	<http://ja.dbpedia.org/property/地域>	"地域"@ja	<http://ja.wikipedia.org/wiki/群馬県>	<http://wikidata.dbpedia.org/resource/Q129499>
<http://ja.dbpedia.org/resource/群馬県>	"群馬県"@ja	<http://dbpedia.org/ontology/Place>	<http://ja.dbpedia.org/property/地域>	"地域"@ja	<http://ja.wikipedia.org/wiki/群馬県>	<http://wikidata.dbpedia.org/resource/Q129499>
<http://ja.dbpedia.org/resource/群馬県>	"群馬県"@ja	<http://dbpedia.org/ontology/Location>	<http://ja.dbpedia.org/property/地域>	"地域"@ja	<http://ja.wikipedia.org/wiki/群馬県>	<http://wikidata.dbpedia.org/resource/Q129499>
<http://ja.dbpedia.org/resource/行田市>	"行田市"@ja	<http://dbpedia.org/ontology/Settlement>	<http://ja.dbpedia.org/property/隣接自治体>	"隣接自治体"@ja	<http://ja.wikipedia.org/wiki/行田市>	<http://wikidata.dbpedia.org/resource/Q860659>
<http://ja.dbpedia.org/resource/行田市>	"行田市"@ja	<http://dbpedia.org/ontology/Place>	<http://ja.dbpedia.org/property/隣接自治体>	"隣接自治体"@ja	<http://ja.wikipedia.org/wiki/行田市>	<http://wikidata.dbpedia.org/resource/Q860659>
<http://ja.dbpedia.org/resource/行田市>	"行田市"@ja	<http://dbpedia.org/ontology/City>	<http://ja.dbpedia.org/property/隣接自治体>	"隣接自治体"@ja	<http://ja.wikipedia.org/wiki/行田市>	<http://wikidata.dbpedia.org/resource/Q860659>
<http://ja.dbpedia.org/resource/行田市>	"行田市"@ja	<http://dbpedia.org/ontology/PopulatedPlace>	<http://ja.dbpedia.org/property/隣接自治体>	"隣接自治体"@ja	<http://ja.wikipedia.org/wiki/行田市>	<http://wikidata.dbpedia.org/resource/Q860659>
<http://ja.dbpedia.org/resource/行田市>	"行田市"@ja	<http://dbpedia.org/ontology/Location>	<http://ja.dbpedia.org/property/隣接自治体>	"隣接自治体"@ja	<http://ja.wikipedia.org/wiki/行田市>	<http://wikidata.dbpedia.org/resource/Q860659>
