?s	?sLabel	?type	?p	?pLabel	?jwiki	?wd
<http://ja.dbpedia.org/resource/ケヤキ>	"ケヤキ"@ja	<http://dbpedia.org/ontology/Species>	<http://ja.dbpedia.org/property/木>	"木"@ja	<http://ja.wikipedia.org/wiki/ケヤキ>	<http://wikidata.dbpedia.org/resource/Q920344>
<http://ja.dbpedia.org/resource/サクラソウ>	"サクラソウ"@ja	<http://dbpedia.org/ontology/Eukaryote>	<http://ja.dbpedia.org/property/花>	"花"@ja	<http://ja.wikipedia.org/wiki/サクラソウ>	<http://wikidata.dbpedia.org/resource/Q1151677>
<http://ja.dbpedia.org/resource/サクラソウ>	"サクラソウ"@ja	<http://dbpedia.org/ontology/Plant>	<http://ja.dbpedia.org/property/花>	"花"@ja	<http://ja.wikipedia.org/wiki/サクラソウ>	<http://wikidata.dbpedia.org/resource/Q1151677>
<http://ja.dbpedia.org/resource/サクラソウ>	"サクラソウ"@ja	<http://dbpedia.org/ontology/Species>	<http://ja.dbpedia.org/property/花>	"花"@ja	<http://ja.wikipedia.org/wiki/サクラソウ>	<http://wikidata.dbpedia.org/resource/Q1151677>
<http://ja.dbpedia.org/resource/シラコバト>	"シラコバト"@ja	<http://dbpedia.org/ontology/Species>	<http://ja.dbpedia.org/property/鳥>	"鳥"@ja	<http://ja.wikipedia.org/wiki/シラコバト>	<http://wikidata.dbpedia.org/resource/Q54696>
