?s	?sLabel	?type	?p	?pLabel	?jwiki	?wd
<http://ja.dbpedia.org/resource/カッコウ>	"カッコウ"@ja	<http://dbpedia.org/ontology/Species>	<http://ja.dbpedia.org/property/鳥など>	"鳥など"@ja	<http://ja.wikipedia.org/wiki/カッコウ>	<http://wikidata.dbpedia.org/resource/Q18845>
<http://ja.dbpedia.org/resource/スズラン>	"スズラン"@ja	<http://dbpedia.org/ontology/Species>	<http://ja.dbpedia.org/property/花>	"花"@ja	<http://ja.wikipedia.org/wiki/スズラン>	<http://wikidata.dbpedia.org/resource/Q101711>
<http://ja.dbpedia.org/resource/ライラック>	"ライラック"@ja	<http://dbpedia.org/ontology/Species>	<http://ja.dbpedia.org/property/木>	"木"@ja	<http://ja.wikipedia.org/wiki/ライラック>	<http://wikidata.dbpedia.org/resource/Q6565319>
<http://ja.dbpedia.org/resource/京極町>	"京極町"@ja	<http://dbpedia.org/ontology/Settlement>	<http://ja.dbpedia.org/property/west>	"West"@ja	<http://ja.wikipedia.org/wiki/京極町>	<http://wikidata.dbpedia.org/resource/Q1354396>
<http://ja.dbpedia.org/resource/京極町>	"京極町"@ja	<http://dbpedia.org/ontology/PopulatedPlace>	<http://ja.dbpedia.org/property/west>	"West"@ja	<http://ja.wikipedia.org/wiki/京極町>	<http://wikidata.dbpedia.org/resource/Q1354396>
<http://ja.dbpedia.org/resource/京極町>	"京極町"@ja	<http://dbpedia.org/ontology/Location>	<http://ja.dbpedia.org/property/west>	"West"@ja	<http://ja.wikipedia.org/wiki/京極町>	<http://wikidata.dbpedia.org/resource/Q1354396>
<http://ja.dbpedia.org/resource/京極町>	"京極町"@ja	<http://dbpedia.org/ontology/Place>	<http://ja.dbpedia.org/property/west>	"West"@ja	<http://ja.wikipedia.org/wiki/京極町>	<http://wikidata.dbpedia.org/resource/Q1354396>
<http://ja.dbpedia.org/resource/京極町>	"京極町"@ja	<http://dbpedia.org/ontology/City>	<http://ja.dbpedia.org/property/west>	"West"@ja	<http://ja.wikipedia.org/wiki/京極町>	<http://wikidata.dbpedia.org/resource/Q1354396>
<http://ja.dbpedia.org/resource/伊達市_(北海道)>	"伊達市 (北海道)"@ja	<http://dbpedia.org/ontology/Place>	<http://ja.dbpedia.org/property/south>	"South"@ja	<http://ja.wikipedia.org/wiki/伊達市_(北海道)>	<http://wikidata.dbpedia.org/resource/Q693178>
<http://ja.dbpedia.org/resource/伊達市_(北海道)>	"伊達市 (北海道)"@ja	<http://dbpedia.org/ontology/City>	<http://ja.dbpedia.org/property/south>	"South"@ja	<http://ja.wikipedia.org/wiki/伊達市_(北海道)>	<http://wikidata.dbpedia.org/resource/Q693178>
<http://ja.dbpedia.org/resource/伊達市_(北海道)>	"伊達市 (北海道)"@ja	<http://dbpedia.org/ontology/Settlement>	<http://ja.dbpedia.org/property/south>	"South"@ja	<http://ja.wikipedia.org/wiki/伊達市_(北海道)>	<http://wikidata.dbpedia.org/resource/Q693178>
<http://ja.dbpedia.org/resource/伊達市_(北海道)>	"伊達市 (北海道)"@ja	<http://dbpedia.org/ontology/PopulatedPlace>	<http://ja.dbpedia.org/property/south>	"South"@ja	<http://ja.wikipedia.org/wiki/伊達市_(北海道)>	<http://wikidata.dbpedia.org/resource/Q693178>
<http://ja.dbpedia.org/resource/伊達市_(北海道)>	"伊達市 (北海道)"@ja	<http://dbpedia.org/ontology/Location>	<http://ja.dbpedia.org/property/south>	"South"@ja	<http://ja.wikipedia.org/wiki/伊達市_(北海道)>	<http://wikidata.dbpedia.org/resource/Q693178>
<http://ja.dbpedia.org/resource/北広島市>	"北広島市"@ja	<http://dbpedia.org/ontology/Settlement>	<http://ja.dbpedia.org/property/east>	"East"@ja	<http://ja.wikipedia.org/wiki/北広島市>	<http://wikidata.dbpedia.org/resource/Q817278>
<http://ja.dbpedia.org/resource/北広島市>	"北広島市"@ja	<http://dbpedia.org/ontology/PopulatedPlace>	<http://ja.dbpedia.org/property/east>	"East"@ja	<http://ja.wikipedia.org/wiki/北広島市>	<http://wikidata.dbpedia.org/resource/Q817278>
<http://ja.dbpedia.org/resource/北広島市>	"北広島市"@ja	<http://dbpedia.org/ontology/Location>	<http://ja.dbpedia.org/property/east>	"East"@ja	<http://ja.wikipedia.org/wiki/北広島市>	<http://wikidata.dbpedia.org/resource/Q817278>
<http://ja.dbpedia.org/resource/北広島市>	"北広島市"@ja	<http://dbpedia.org/ontology/Place>	<http://ja.dbpedia.org/property/east>	"East"@ja	<http://ja.wikipedia.org/wiki/北広島市>	<http://wikidata.dbpedia.org/resource/Q817278>
<http://ja.dbpedia.org/resource/北広島市>	"北広島市"@ja	<http://dbpedia.org/ontology/City>	<http://ja.dbpedia.org/property/east>	"East"@ja	<http://ja.wikipedia.org/wiki/北広島市>	<http://wikidata.dbpedia.org/resource/Q817278>
<http://ja.dbpedia.org/resource/千歳市>	"千歳市"@ja	<http://dbpedia.org/ontology/Location>	<http://ja.dbpedia.org/property/south>	"South"@ja	<http://ja.wikipedia.org/wiki/千歳市>	<http://wikidata.dbpedia.org/resource/Q693237>
<http://ja.dbpedia.org/resource/千歳市>	"千歳市"@ja	<http://dbpedia.org/ontology/PopulatedPlace>	<http://ja.dbpedia.org/property/south>	"South"@ja	<http://ja.wikipedia.org/wiki/千歳市>	<http://wikidata.dbpedia.org/resource/Q693237>
<http://ja.dbpedia.org/resource/千歳市>	"千歳市"@ja	<http://dbpedia.org/ontology/Settlement>	<http://ja.dbpedia.org/property/south>	"South"@ja	<http://ja.wikipedia.org/wiki/千歳市>	<http://wikidata.dbpedia.org/resource/Q693237>
<http://ja.dbpedia.org/resource/千歳市>	"千歳市"@ja	<http://dbpedia.org/ontology/City>	<http://ja.dbpedia.org/property/south>	"South"@ja	<http://ja.wikipedia.org/wiki/千歳市>	<http://wikidata.dbpedia.org/resource/Q693237>
<http://ja.dbpedia.org/resource/千歳市>	"千歳市"@ja	<http://dbpedia.org/ontology/Place>	<http://ja.dbpedia.org/property/south>	"South"@ja	<http://ja.wikipedia.org/wiki/千歳市>	<http://wikidata.dbpedia.org/resource/Q693237>
<http://ja.dbpedia.org/resource/喜茂別町>	"喜茂別町"@ja	<http://dbpedia.org/ontology/City>	<http://ja.dbpedia.org/property/southwest>	"Southwest"@ja	<http://ja.wikipedia.org/wiki/喜茂別町>	<http://wikidata.dbpedia.org/resource/Q1355478>
<http://ja.dbpedia.org/resource/喜茂別町>	"喜茂別町"@ja	<http://dbpedia.org/ontology/Place>	<http://ja.dbpedia.org/property/southwest>	"Southwest"@ja	<http://ja.wikipedia.org/wiki/喜茂別町>	<http://wikidata.dbpedia.org/resource/Q1355478>
<http://ja.dbpedia.org/resource/喜茂別町>	"喜茂別町"@ja	<http://dbpedia.org/ontology/Location>	<http://ja.dbpedia.org/property/southwest>	"Southwest"@ja	<http://ja.wikipedia.org/wiki/喜茂別町>	<http://wikidata.dbpedia.org/resource/Q1355478>
<http://ja.dbpedia.org/resource/喜茂別町>	"喜茂別町"@ja	<http://dbpedia.org/ontology/PopulatedPlace>	<http://ja.dbpedia.org/property/southwest>	"Southwest"@ja	<http://ja.wikipedia.org/wiki/喜茂別町>	<http://wikidata.dbpedia.org/resource/Q1355478>
<http://ja.dbpedia.org/resource/喜茂別町>	"喜茂別町"@ja	<http://dbpedia.org/ontology/Settlement>	<http://ja.dbpedia.org/property/southwest>	"Southwest"@ja	<http://ja.wikipedia.org/wiki/喜茂別町>	<http://wikidata.dbpedia.org/resource/Q1355478>
<http://ja.dbpedia.org/resource/小樽市>	"小樽市"@ja	<http://dbpedia.org/ontology/Place>	<http://ja.dbpedia.org/property/north>	"North"@ja	<http://ja.wikipedia.org/wiki/小樽市>	<http://wikidata.dbpedia.org/resource/Q242108>
<http://ja.dbpedia.org/resource/小樽市>	"小樽市"@ja	<http://dbpedia.org/ontology/City>	<http://ja.dbpedia.org/property/north>	"North"@ja	<http://ja.wikipedia.org/wiki/小樽市>	<http://wikidata.dbpedia.org/resource/Q242108>
<http://ja.dbpedia.org/resource/小樽市>	"小樽市"@ja	<http://dbpedia.org/ontology/Location>	<http://ja.dbpedia.org/property/north>	"North"@ja	<http://ja.wikipedia.org/wiki/小樽市>	<http://wikidata.dbpedia.org/resource/Q242108>
<http://ja.dbpedia.org/resource/小樽市>	"小樽市"@ja	<http://dbpedia.org/ontology/PopulatedPlace>	<http://ja.dbpedia.org/property/north>	"North"@ja	<http://ja.wikipedia.org/wiki/小樽市>	<http://wikidata.dbpedia.org/resource/Q242108>
<http://ja.dbpedia.org/resource/小樽市>	"小樽市"@ja	<http://dbpedia.org/ontology/Settlement>	<http://ja.dbpedia.org/property/north>	"North"@ja	<http://ja.wikipedia.org/wiki/小樽市>	<http://wikidata.dbpedia.org/resource/Q242108>
<http://ja.dbpedia.org/resource/当別町>	"当別町"@ja	<http://dbpedia.org/ontology/Location>	<http://ja.dbpedia.org/property/northeast>	"Northeast"@ja	<http://ja.wikipedia.org/wiki/当別町>	<http://wikidata.dbpedia.org/resource/Q1348675>
<http://ja.dbpedia.org/resource/当別町>	"当別町"@ja	<http://dbpedia.org/ontology/PopulatedPlace>	<http://ja.dbpedia.org/property/northeast>	"Northeast"@ja	<http://ja.wikipedia.org/wiki/当別町>	<http://wikidata.dbpedia.org/resource/Q1348675>
<http://ja.dbpedia.org/resource/当別町>	"当別町"@ja	<http://dbpedia.org/ontology/Settlement>	<http://ja.dbpedia.org/property/northeast>	"Northeast"@ja	<http://ja.wikipedia.org/wiki/当別町>	<http://wikidata.dbpedia.org/resource/Q1348675>
<http://ja.dbpedia.org/resource/当別町>	"当別町"@ja	<http://dbpedia.org/ontology/City>	<http://ja.dbpedia.org/property/northeast>	"Northeast"@ja	<http://ja.wikipedia.org/wiki/当別町>	<http://wikidata.dbpedia.org/resource/Q1348675>
<http://ja.dbpedia.org/resource/当別町>	"当別町"@ja	<http://dbpedia.org/ontology/Place>	<http://ja.dbpedia.org/property/northeast>	"Northeast"@ja	<http://ja.wikipedia.org/wiki/当別町>	<http://wikidata.dbpedia.org/resource/Q1348675>
<http://ja.dbpedia.org/resource/恵庭市>	"恵庭市"@ja	<http://dbpedia.org/ontology/City>	<http://ja.dbpedia.org/property/southeast>	"Southeast"@ja	<http://ja.wikipedia.org/wiki/恵庭市>	<http://wikidata.dbpedia.org/resource/Q733979>
<http://ja.dbpedia.org/resource/恵庭市>	"恵庭市"@ja	<http://dbpedia.org/ontology/Place>	<http://ja.dbpedia.org/property/southeast>	"Southeast"@ja	<http://ja.wikipedia.org/wiki/恵庭市>	<http://wikidata.dbpedia.org/resource/Q733979>
<http://ja.dbpedia.org/resource/恵庭市>	"恵庭市"@ja	<http://dbpedia.org/ontology/Location>	<http://ja.dbpedia.org/property/southeast>	"Southeast"@ja	<http://ja.wikipedia.org/wiki/恵庭市>	<http://wikidata.dbpedia.org/resource/Q733979>
<http://ja.dbpedia.org/resource/恵庭市>	"恵庭市"@ja	<http://dbpedia.org/ontology/PopulatedPlace>	<http://ja.dbpedia.org/property/southeast>	"Southeast"@ja	<http://ja.wikipedia.org/wiki/恵庭市>	<http://wikidata.dbpedia.org/resource/Q733979>
<http://ja.dbpedia.org/resource/恵庭市>	"恵庭市"@ja	<http://dbpedia.org/ontology/Settlement>	<http://ja.dbpedia.org/property/southeast>	"Southeast"@ja	<http://ja.wikipedia.org/wiki/恵庭市>	<http://wikidata.dbpedia.org/resource/Q733979>
<http://ja.dbpedia.org/resource/江別市>	"江別市"@ja	<http://dbpedia.org/ontology/Place>	<http://ja.dbpedia.org/property/east>	"East"@ja	<http://ja.wikipedia.org/wiki/江別市>	<http://wikidata.dbpedia.org/resource/Q496681>
<http://ja.dbpedia.org/resource/江別市>	"江別市"@ja	<http://dbpedia.org/ontology/City>	<http://ja.dbpedia.org/property/east>	"East"@ja	<http://ja.wikipedia.org/wiki/江別市>	<http://wikidata.dbpedia.org/resource/Q496681>
<http://ja.dbpedia.org/resource/江別市>	"江別市"@ja	<http://dbpedia.org/ontology/Settlement>	<http://ja.dbpedia.org/property/east>	"East"@ja	<http://ja.wikipedia.org/wiki/江別市>	<http://wikidata.dbpedia.org/resource/Q496681>
<http://ja.dbpedia.org/resource/江別市>	"江別市"@ja	<http://dbpedia.org/ontology/PopulatedPlace>	<http://ja.dbpedia.org/property/east>	"East"@ja	<http://ja.wikipedia.org/wiki/江別市>	<http://wikidata.dbpedia.org/resource/Q496681>
<http://ja.dbpedia.org/resource/江別市>	"江別市"@ja	<http://dbpedia.org/ontology/Location>	<http://ja.dbpedia.org/property/east>	"East"@ja	<http://ja.wikipedia.org/wiki/江別市>	<http://wikidata.dbpedia.org/resource/Q496681>
<http://ja.dbpedia.org/resource/石狩市>	"石狩市"@ja	<http://dbpedia.org/ontology/City>	<http://ja.dbpedia.org/property/north>	"North"@ja	<http://ja.wikipedia.org/wiki/石狩市>	<http://wikidata.dbpedia.org/resource/Q693221>
<http://ja.dbpedia.org/resource/石狩市>	"石狩市"@ja	<http://dbpedia.org/ontology/Place>	<http://ja.dbpedia.org/property/north>	"North"@ja	<http://ja.wikipedia.org/wiki/石狩市>	<http://wikidata.dbpedia.org/resource/Q693221>
<http://ja.dbpedia.org/resource/石狩市>	"石狩市"@ja	<http://dbpedia.org/ontology/Location>	<http://ja.dbpedia.org/property/north>	"North"@ja	<http://ja.wikipedia.org/wiki/石狩市>	<http://wikidata.dbpedia.org/resource/Q693221>
<http://ja.dbpedia.org/resource/石狩市>	"石狩市"@ja	<http://dbpedia.org/ontology/PopulatedPlace>	<http://ja.dbpedia.org/property/north>	"North"@ja	<http://ja.wikipedia.org/wiki/石狩市>	<http://wikidata.dbpedia.org/resource/Q693221>
<http://ja.dbpedia.org/resource/石狩市>	"石狩市"@ja	<http://dbpedia.org/ontology/Settlement>	<http://ja.dbpedia.org/property/north>	"North"@ja	<http://ja.wikipedia.org/wiki/石狩市>	<http://wikidata.dbpedia.org/resource/Q693221>
<http://ja.dbpedia.org/resource/赤井川村>	"赤井川村"@ja	<http://dbpedia.org/ontology/Place>	<http://ja.dbpedia.org/property/west>	"West"@ja	<http://ja.wikipedia.org/wiki/赤井川村>	<http://wikidata.dbpedia.org/resource/Q1354513>
<http://ja.dbpedia.org/resource/赤井川村>	"赤井川村"@ja	<http://dbpedia.org/ontology/City>	<http://ja.dbpedia.org/property/west>	"West"@ja	<http://ja.wikipedia.org/wiki/赤井川村>	<http://wikidata.dbpedia.org/resource/Q1354513>
<http://ja.dbpedia.org/resource/赤井川村>	"赤井川村"@ja	<http://dbpedia.org/ontology/Settlement>	<http://ja.dbpedia.org/property/west>	"West"@ja	<http://ja.wikipedia.org/wiki/赤井川村>	<http://wikidata.dbpedia.org/resource/Q1354513>
<http://ja.dbpedia.org/resource/赤井川村>	"赤井川村"@ja	<http://dbpedia.org/ontology/Location>	<http://ja.dbpedia.org/property/west>	"West"@ja	<http://ja.wikipedia.org/wiki/赤井川村>	<http://wikidata.dbpedia.org/resource/Q1354513>
<http://ja.dbpedia.org/resource/赤井川村>	"赤井川村"@ja	<http://dbpedia.org/ontology/PopulatedPlace>	<http://ja.dbpedia.org/property/west>	"West"@ja	<http://ja.wikipedia.org/wiki/赤井川村>	<http://wikidata.dbpedia.org/resource/Q1354513>
