?s	?sLabel	?type	?p	?pLabel	?jwiki	?wd
<http://ja.dbpedia.org/resource/ナナカマド>	"ナナカマド"@ja	<http://dbpedia.org/ontology/Species>	<http://ja.dbpedia.org/property/木>	"木"@ja	<http://ja.wikipedia.org/wiki/ナナカマド>	<http://wikidata.dbpedia.org/resource/Q1210209>
<http://ja.dbpedia.org/resource/バラ>	"バラ"@ja	<http://dbpedia.org/ontology/Species>	<http://ja.dbpedia.org/property/花>	"花"@ja	<http://ja.wikipedia.org/wiki/バラ>	<http://wikidata.dbpedia.org/resource/Q64140922>
<http://ja.dbpedia.org/resource/ポプラ>	"ポプラ"@ja	<http://dbpedia.org/ontology/Species>	<http://ja.dbpedia.org/property/木>	"木"@ja	<http://ja.wikipedia.org/wiki/ポプラ>	<http://wikidata.dbpedia.org/resource/Q25356>
<http://ja.dbpedia.org/resource/川下公園>	"川下公園"@ja	<http://dbpedia.org/ontology/Place>	<http://ja.dbpedia.org/property/画像の説明>	"画像の説明"@ja	<http://ja.wikipedia.org/wiki/川下公園>	<http://wikidata.dbpedia.org/resource/Q11477611>
<http://ja.dbpedia.org/resource/川下公園>	"川下公園"@ja	<http://dbpedia.org/ontology/Park>	<http://ja.dbpedia.org/property/画像の説明>	"画像の説明"@ja	<http://ja.wikipedia.org/wiki/川下公園>	<http://wikidata.dbpedia.org/resource/Q11477611>
<http://ja.dbpedia.org/resource/川下公園>	"川下公園"@ja	<http://dbpedia.org/ontology/Location>	<http://ja.dbpedia.org/property/画像の説明>	"画像の説明"@ja	<http://ja.wikipedia.org/wiki/川下公園>	<http://wikidata.dbpedia.org/resource/Q11477611>
<http://ja.dbpedia.org/resource/江別市>	"江別市"@ja	<http://dbpedia.org/ontology/City>	<http://ja.dbpedia.org/property/隣接自治体・行政区>	"隣接自治体・行政区"@ja	<http://ja.wikipedia.org/wiki/江別市>	<http://wikidata.dbpedia.org/resource/Q496681>
<http://ja.dbpedia.org/resource/江別市>	"江別市"@ja	<http://dbpedia.org/ontology/Location>	<http://ja.dbpedia.org/property/隣接自治体・行政区>	"隣接自治体・行政区"@ja	<http://ja.wikipedia.org/wiki/江別市>	<http://wikidata.dbpedia.org/resource/Q496681>
<http://ja.dbpedia.org/resource/江別市>	"江別市"@ja	<http://dbpedia.org/ontology/PopulatedPlace>	<http://ja.dbpedia.org/property/隣接自治体・行政区>	"隣接自治体・行政区"@ja	<http://ja.wikipedia.org/wiki/江別市>	<http://wikidata.dbpedia.org/resource/Q496681>
<http://ja.dbpedia.org/resource/江別市>	"江別市"@ja	<http://dbpedia.org/ontology/Place>	<http://ja.dbpedia.org/property/隣接自治体・行政区>	"隣接自治体・行政区"@ja	<http://ja.wikipedia.org/wiki/江別市>	<http://wikidata.dbpedia.org/resource/Q496681>
<http://ja.dbpedia.org/resource/江別市>	"江別市"@ja	<http://dbpedia.org/ontology/Settlement>	<http://ja.dbpedia.org/property/隣接自治体・行政区>	"隣接自治体・行政区"@ja	<http://ja.wikipedia.org/wiki/江別市>	<http://wikidata.dbpedia.org/resource/Q496681>
