?s	?sLabel	?type	?p	?pLabel	?jwiki	?wd
<http://ja.dbpedia.org/resource/ウィリアム・スミス・クラーク>	"ウィリアム・スミス・クラーク"@ja	<http://dbpedia.org/ontology/Eukaryote>	<http://ja.dbpedia.org/property/画像の説明>	"画像の説明"@ja	<http://ja.wikipedia.org/wiki/ウィリアム・スミス・クラーク>	<http://wikidata.dbpedia.org/resource/Q901202>
<http://ja.dbpedia.org/resource/ウィリアム・スミス・クラーク>	"ウィリアム・スミス・クラーク"@ja	<http://dbpedia.org/ontology/Species>	<http://ja.dbpedia.org/property/画像の説明>	"画像の説明"@ja	<http://ja.wikipedia.org/wiki/ウィリアム・スミス・クラーク>	<http://wikidata.dbpedia.org/resource/Q901202>
<http://ja.dbpedia.org/resource/ウィリアム・スミス・クラーク>	"ウィリアム・スミス・クラーク"@ja	<http://dbpedia.org/ontology/Person>	<http://ja.dbpedia.org/property/画像の説明>	"画像の説明"@ja	<http://ja.wikipedia.org/wiki/ウィリアム・スミス・クラーク>	<http://wikidata.dbpedia.org/resource/Q901202>
<http://ja.dbpedia.org/resource/ウィリアム・スミス・クラーク>	"ウィリアム・スミス・クラーク"@ja	<http://dbpedia.org/ontology/Animal>	<http://ja.dbpedia.org/property/画像の説明>	"画像の説明"@ja	<http://ja.wikipedia.org/wiki/ウィリアム・スミス・クラーク>	<http://wikidata.dbpedia.org/resource/Q901202>
<http://ja.dbpedia.org/resource/ペチュニア>	"ペチュニア"@ja	<http://dbpedia.org/ontology/Plant>	<http://ja.dbpedia.org/property/花>	"花"@ja	<http://ja.wikipedia.org/wiki/ペチュニア>	<http://wikidata.dbpedia.org/resource/Q161103>
<http://ja.dbpedia.org/resource/ペチュニア>	"ペチュニア"@ja	<http://dbpedia.org/ontology/Eukaryote>	<http://ja.dbpedia.org/property/花>	"花"@ja	<http://ja.wikipedia.org/wiki/ペチュニア>	<http://wikidata.dbpedia.org/resource/Q161103>
<http://ja.dbpedia.org/resource/ペチュニア>	"ペチュニア"@ja	<http://dbpedia.org/ontology/Species>	<http://ja.dbpedia.org/property/花>	"花"@ja	<http://ja.wikipedia.org/wiki/ペチュニア>	<http://wikidata.dbpedia.org/resource/Q161103>
<http://ja.dbpedia.org/resource/ペチュニア>	"ペチュニア"@ja	<http://dbpedia.org/ontology/FloweringPlant>	<http://ja.dbpedia.org/property/花>	"花"@ja	<http://ja.wikipedia.org/wiki/ペチュニア>	<http://wikidata.dbpedia.org/resource/Q161103>
