?s	?sLabel	?type	?p	?pLabel	?jwiki	?wd
<http://ja.dbpedia.org/resource/コスモス>	"コスモス"@ja	<http://dbpedia.org/ontology/Species>	<http://ja.dbpedia.org/property/花>	"花"@ja	<http://ja.wikipedia.org/wiki/コスモス>	<http://wikidata.dbpedia.org/resource/Q476937>
<http://ja.dbpedia.org/resource/シラカンバ>	"シラカンバ"@ja	<http://dbpedia.org/ontology/Species>	<http://ja.dbpedia.org/property/木>	"木"@ja	<http://ja.wikipedia.org/wiki/シラカンバ>	<http://wikidata.dbpedia.org/resource/Q1373854>
<http://ja.dbpedia.org/resource/セキレイ>	"セキレイ"@ja	<http://dbpedia.org/ontology/Species>	<http://ja.dbpedia.org/property/鳥など>	"鳥など"@ja	<http://ja.wikipedia.org/wiki/セキレイ>	<http://wikidata.dbpedia.org/resource/Q230042>
<http://ja.dbpedia.org/resource/伊達市_(北海道)>	"伊達市 (北海道)"@ja	<http://dbpedia.org/ontology/City>	<http://ja.dbpedia.org/property/隣接自治体・行政区>	"隣接自治体・行政区"@ja	<http://ja.wikipedia.org/wiki/伊達市_(北海道)>	<http://wikidata.dbpedia.org/resource/Q693178>
<http://ja.dbpedia.org/resource/伊達市_(北海道)>	"伊達市 (北海道)"@ja	<http://dbpedia.org/ontology/Location>	<http://ja.dbpedia.org/property/隣接自治体・行政区>	"隣接自治体・行政区"@ja	<http://ja.wikipedia.org/wiki/伊達市_(北海道)>	<http://wikidata.dbpedia.org/resource/Q693178>
<http://ja.dbpedia.org/resource/伊達市_(北海道)>	"伊達市 (北海道)"@ja	<http://dbpedia.org/ontology/Settlement>	<http://ja.dbpedia.org/property/隣接自治体・行政区>	"隣接自治体・行政区"@ja	<http://ja.wikipedia.org/wiki/伊達市_(北海道)>	<http://wikidata.dbpedia.org/resource/Q693178>
<http://ja.dbpedia.org/resource/伊達市_(北海道)>	"伊達市 (北海道)"@ja	<http://dbpedia.org/ontology/PopulatedPlace>	<http://ja.dbpedia.org/property/隣接自治体・行政区>	"隣接自治体・行政区"@ja	<http://ja.wikipedia.org/wiki/伊達市_(北海道)>	<http://wikidata.dbpedia.org/resource/Q693178>
<http://ja.dbpedia.org/resource/伊達市_(北海道)>	"伊達市 (北海道)"@ja	<http://dbpedia.org/ontology/Place>	<http://ja.dbpedia.org/property/隣接自治体・行政区>	"隣接自治体・行政区"@ja	<http://ja.wikipedia.org/wiki/伊達市_(北海道)>	<http://wikidata.dbpedia.org/resource/Q693178>
<http://ja.dbpedia.org/resource/千歳市>	"千歳市"@ja	<http://dbpedia.org/ontology/Location>	<http://ja.dbpedia.org/property/隣接自治体・行政区>	"隣接自治体・行政区"@ja	<http://ja.wikipedia.org/wiki/千歳市>	<http://wikidata.dbpedia.org/resource/Q693237>
<http://ja.dbpedia.org/resource/千歳市>	"千歳市"@ja	<http://dbpedia.org/ontology/Settlement>	<http://ja.dbpedia.org/property/隣接自治体・行政区>	"隣接自治体・行政区"@ja	<http://ja.wikipedia.org/wiki/千歳市>	<http://wikidata.dbpedia.org/resource/Q693237>
<http://ja.dbpedia.org/resource/千歳市>	"千歳市"@ja	<http://dbpedia.org/ontology/Place>	<http://ja.dbpedia.org/property/隣接自治体・行政区>	"隣接自治体・行政区"@ja	<http://ja.wikipedia.org/wiki/千歳市>	<http://wikidata.dbpedia.org/resource/Q693237>
<http://ja.dbpedia.org/resource/千歳市>	"千歳市"@ja	<http://dbpedia.org/ontology/City>	<http://ja.dbpedia.org/property/隣接自治体・行政区>	"隣接自治体・行政区"@ja	<http://ja.wikipedia.org/wiki/千歳市>	<http://wikidata.dbpedia.org/resource/Q693237>
<http://ja.dbpedia.org/resource/千歳市>	"千歳市"@ja	<http://dbpedia.org/ontology/PopulatedPlace>	<http://ja.dbpedia.org/property/隣接自治体・行政区>	"隣接自治体・行政区"@ja	<http://ja.wikipedia.org/wiki/千歳市>	<http://wikidata.dbpedia.org/resource/Q693237>
<http://ja.dbpedia.org/resource/定山渓温泉>	"定山渓温泉"@ja	<http://dbpedia.org/ontology/NaturalPlace>	<http://ja.dbpedia.org/property/画像の説明>	"画像の説明"@ja	<http://ja.wikipedia.org/wiki/定山渓温泉>	<http://wikidata.dbpedia.org/resource/Q11452192>
<http://ja.dbpedia.org/resource/定山渓温泉>	"定山渓温泉"@ja	<http://dbpedia.org/ontology/Place>	<http://ja.dbpedia.org/property/画像の説明>	"画像の説明"@ja	<http://ja.wikipedia.org/wiki/定山渓温泉>	<http://wikidata.dbpedia.org/resource/Q11452192>
<http://ja.dbpedia.org/resource/定山渓温泉>	"定山渓温泉"@ja	<http://dbpedia.org/ontology/Location>	<http://ja.dbpedia.org/property/画像の説明>	"画像の説明"@ja	<http://ja.wikipedia.org/wiki/定山渓温泉>	<http://wikidata.dbpedia.org/resource/Q11452192>
<http://ja.dbpedia.org/resource/定山渓温泉>	"定山渓温泉"@ja	<http://dbpedia.org/ontology/HotSpring>	<http://ja.dbpedia.org/property/画像の説明>	"画像の説明"@ja	<http://ja.wikipedia.org/wiki/定山渓温泉>	<http://wikidata.dbpedia.org/resource/Q11452192>
<http://ja.dbpedia.org/resource/小樽市>	"小樽市"@ja	<http://dbpedia.org/ontology/Location>	<http://ja.dbpedia.org/property/隣接自治体・行政区>	"隣接自治体・行政区"@ja	<http://ja.wikipedia.org/wiki/小樽市>	<http://wikidata.dbpedia.org/resource/Q242108>
<http://ja.dbpedia.org/resource/小樽市>	"小樽市"@ja	<http://dbpedia.org/ontology/Settlement>	<http://ja.dbpedia.org/property/隣接自治体・行政区>	"隣接自治体・行政区"@ja	<http://ja.wikipedia.org/wiki/小樽市>	<http://wikidata.dbpedia.org/resource/Q242108>
<http://ja.dbpedia.org/resource/小樽市>	"小樽市"@ja	<http://dbpedia.org/ontology/Place>	<http://ja.dbpedia.org/property/隣接自治体・行政区>	"隣接自治体・行政区"@ja	<http://ja.wikipedia.org/wiki/小樽市>	<http://wikidata.dbpedia.org/resource/Q242108>
<http://ja.dbpedia.org/resource/小樽市>	"小樽市"@ja	<http://dbpedia.org/ontology/City>	<http://ja.dbpedia.org/property/隣接自治体・行政区>	"隣接自治体・行政区"@ja	<http://ja.wikipedia.org/wiki/小樽市>	<http://wikidata.dbpedia.org/resource/Q242108>
<http://ja.dbpedia.org/resource/小樽市>	"小樽市"@ja	<http://dbpedia.org/ontology/PopulatedPlace>	<http://ja.dbpedia.org/property/隣接自治体・行政区>	"隣接自治体・行政区"@ja	<http://ja.wikipedia.org/wiki/小樽市>	<http://wikidata.dbpedia.org/resource/Q242108>
<http://ja.dbpedia.org/resource/恵庭市>	"恵庭市"@ja	<http://dbpedia.org/ontology/Settlement>	<http://ja.dbpedia.org/property/隣接自治体・行政区>	"隣接自治体・行政区"@ja	<http://ja.wikipedia.org/wiki/恵庭市>	<http://wikidata.dbpedia.org/resource/Q733979>
<http://ja.dbpedia.org/resource/恵庭市>	"恵庭市"@ja	<http://dbpedia.org/ontology/Place>	<http://ja.dbpedia.org/property/隣接自治体・行政区>	"隣接自治体・行政区"@ja	<http://ja.wikipedia.org/wiki/恵庭市>	<http://wikidata.dbpedia.org/resource/Q733979>
<http://ja.dbpedia.org/resource/恵庭市>	"恵庭市"@ja	<http://dbpedia.org/ontology/City>	<http://ja.dbpedia.org/property/隣接自治体・行政区>	"隣接自治体・行政区"@ja	<http://ja.wikipedia.org/wiki/恵庭市>	<http://wikidata.dbpedia.org/resource/Q733979>
<http://ja.dbpedia.org/resource/恵庭市>	"恵庭市"@ja	<http://dbpedia.org/ontology/PopulatedPlace>	<http://ja.dbpedia.org/property/隣接自治体・行政区>	"隣接自治体・行政区"@ja	<http://ja.wikipedia.org/wiki/恵庭市>	<http://wikidata.dbpedia.org/resource/Q733979>
<http://ja.dbpedia.org/resource/恵庭市>	"恵庭市"@ja	<http://dbpedia.org/ontology/Location>	<http://ja.dbpedia.org/property/隣接自治体・行政区>	"隣接自治体・行政区"@ja	<http://ja.wikipedia.org/wiki/恵庭市>	<http://wikidata.dbpedia.org/resource/Q733979>
