?s	?sLabel	?type	?p	?pLabel	?jwiki	?wd
<http://ja.dbpedia.org/resource/北広島市>	"北広島市"@ja	<http://dbpedia.org/ontology/City>	<http://ja.dbpedia.org/property/隣接自治体・行政区>	"隣接自治体・行政区"@ja	<http://ja.wikipedia.org/wiki/北広島市>	<http://wikidata.dbpedia.org/resource/Q817278>
<http://ja.dbpedia.org/resource/北広島市>	"北広島市"@ja	<http://dbpedia.org/ontology/PopulatedPlace>	<http://ja.dbpedia.org/property/隣接自治体・行政区>	"隣接自治体・行政区"@ja	<http://ja.wikipedia.org/wiki/北広島市>	<http://wikidata.dbpedia.org/resource/Q817278>
<http://ja.dbpedia.org/resource/北広島市>	"北広島市"@ja	<http://dbpedia.org/ontology/Place>	<http://ja.dbpedia.org/property/隣接自治体・行政区>	"隣接自治体・行政区"@ja	<http://ja.wikipedia.org/wiki/北広島市>	<http://wikidata.dbpedia.org/resource/Q817278>
<http://ja.dbpedia.org/resource/北広島市>	"北広島市"@ja	<http://dbpedia.org/ontology/Location>	<http://ja.dbpedia.org/property/隣接自治体・行政区>	"隣接自治体・行政区"@ja	<http://ja.wikipedia.org/wiki/北広島市>	<http://wikidata.dbpedia.org/resource/Q817278>
<http://ja.dbpedia.org/resource/北広島市>	"北広島市"@ja	<http://dbpedia.org/ontology/Settlement>	<http://ja.dbpedia.org/property/隣接自治体・行政区>	"隣接自治体・行政区"@ja	<http://ja.wikipedia.org/wiki/北広島市>	<http://wikidata.dbpedia.org/resource/Q817278>
<http://ja.dbpedia.org/resource/江別市>	"江別市"@ja	<http://dbpedia.org/ontology/Location>	<http://ja.dbpedia.org/property/隣接自治体・行政区>	"隣接自治体・行政区"@ja	<http://ja.wikipedia.org/wiki/江別市>	<http://wikidata.dbpedia.org/resource/Q496681>
<http://ja.dbpedia.org/resource/江別市>	"江別市"@ja	<http://dbpedia.org/ontology/Place>	<http://ja.dbpedia.org/property/隣接自治体・行政区>	"隣接自治体・行政区"@ja	<http://ja.wikipedia.org/wiki/江別市>	<http://wikidata.dbpedia.org/resource/Q496681>
<http://ja.dbpedia.org/resource/江別市>	"江別市"@ja	<http://dbpedia.org/ontology/PopulatedPlace>	<http://ja.dbpedia.org/property/隣接自治体・行政区>	"隣接自治体・行政区"@ja	<http://ja.wikipedia.org/wiki/江別市>	<http://wikidata.dbpedia.org/resource/Q496681>
<http://ja.dbpedia.org/resource/江別市>	"江別市"@ja	<http://dbpedia.org/ontology/City>	<http://ja.dbpedia.org/property/隣接自治体・行政区>	"隣接自治体・行政区"@ja	<http://ja.wikipedia.org/wiki/江別市>	<http://wikidata.dbpedia.org/resource/Q496681>
<http://ja.dbpedia.org/resource/江別市>	"江別市"@ja	<http://dbpedia.org/ontology/Settlement>	<http://ja.dbpedia.org/property/隣接自治体・行政区>	"隣接自治体・行政区"@ja	<http://ja.wikipedia.org/wiki/江別市>	<http://wikidata.dbpedia.org/resource/Q496681>
