?s	?sLabel	?type	?p	?pLabel	?jwiki	?wd
<http://ja.dbpedia.org/resource/前田森林公園>	"前田森林公園"@ja	<http://dbpedia.org/ontology/Location>	<http://ja.dbpedia.org/property/画像の説明>	"画像の説明"@ja	<http://ja.wikipedia.org/wiki/前田森林公園>	<http://wikidata.dbpedia.org/resource/Q11397618>
<http://ja.dbpedia.org/resource/前田森林公園>	"前田森林公園"@ja	<http://dbpedia.org/ontology/Place>	<http://ja.dbpedia.org/property/画像の説明>	"画像の説明"@ja	<http://ja.wikipedia.org/wiki/前田森林公園>	<http://wikidata.dbpedia.org/resource/Q11397618>
<http://ja.dbpedia.org/resource/前田森林公園>	"前田森林公園"@ja	<http://dbpedia.org/ontology/Park>	<http://ja.dbpedia.org/property/画像の説明>	"画像の説明"@ja	<http://ja.wikipedia.org/wiki/前田森林公園>	<http://wikidata.dbpedia.org/resource/Q11397618>
<http://ja.dbpedia.org/resource/小樽市>	"小樽市"@ja	<http://dbpedia.org/ontology/Place>	<http://ja.dbpedia.org/property/west>	"West"@ja	<http://ja.wikipedia.org/wiki/小樽市>	<http://wikidata.dbpedia.org/resource/Q242108>
<http://ja.dbpedia.org/resource/小樽市>	"小樽市"@ja	<http://dbpedia.org/ontology/City>	<http://ja.dbpedia.org/property/隣接自治体・行政区>	"隣接自治体・行政区"@ja	<http://ja.wikipedia.org/wiki/小樽市>	<http://wikidata.dbpedia.org/resource/Q242108>
<http://ja.dbpedia.org/resource/小樽市>	"小樽市"@ja	<http://dbpedia.org/ontology/PopulatedPlace>	<http://ja.dbpedia.org/property/隣接自治体・行政区>	"隣接自治体・行政区"@ja	<http://ja.wikipedia.org/wiki/小樽市>	<http://wikidata.dbpedia.org/resource/Q242108>
<http://ja.dbpedia.org/resource/小樽市>	"小樽市"@ja	<http://dbpedia.org/ontology/Location>	<http://ja.dbpedia.org/property/west>	"West"@ja	<http://ja.wikipedia.org/wiki/小樽市>	<http://wikidata.dbpedia.org/resource/Q242108>
<http://ja.dbpedia.org/resource/小樽市>	"小樽市"@ja	<http://dbpedia.org/ontology/Place>	<http://ja.dbpedia.org/property/隣接自治体・行政区>	"隣接自治体・行政区"@ja	<http://ja.wikipedia.org/wiki/小樽市>	<http://wikidata.dbpedia.org/resource/Q242108>
<http://ja.dbpedia.org/resource/小樽市>	"小樽市"@ja	<http://dbpedia.org/ontology/Location>	<http://ja.dbpedia.org/property/隣接自治体・行政区>	"隣接自治体・行政区"@ja	<http://ja.wikipedia.org/wiki/小樽市>	<http://wikidata.dbpedia.org/resource/Q242108>
<http://ja.dbpedia.org/resource/小樽市>	"小樽市"@ja	<http://dbpedia.org/ontology/PopulatedPlace>	<http://ja.dbpedia.org/property/west>	"West"@ja	<http://ja.wikipedia.org/wiki/小樽市>	<http://wikidata.dbpedia.org/resource/Q242108>
<http://ja.dbpedia.org/resource/小樽市>	"小樽市"@ja	<http://dbpedia.org/ontology/City>	<http://ja.dbpedia.org/property/west>	"West"@ja	<http://ja.wikipedia.org/wiki/小樽市>	<http://wikidata.dbpedia.org/resource/Q242108>
<http://ja.dbpedia.org/resource/小樽市>	"小樽市"@ja	<http://dbpedia.org/ontology/Settlement>	<http://ja.dbpedia.org/property/隣接自治体・行政区>	"隣接自治体・行政区"@ja	<http://ja.wikipedia.org/wiki/小樽市>	<http://wikidata.dbpedia.org/resource/Q242108>
<http://ja.dbpedia.org/resource/小樽市>	"小樽市"@ja	<http://dbpedia.org/ontology/Settlement>	<http://ja.dbpedia.org/property/west>	"West"@ja	<http://ja.wikipedia.org/wiki/小樽市>	<http://wikidata.dbpedia.org/resource/Q242108>
<http://ja.dbpedia.org/resource/石狩市>	"石狩市"@ja	<http://dbpedia.org/ontology/City>	<http://ja.dbpedia.org/property/隣接自治体・行政区>	"隣接自治体・行政区"@ja	<http://ja.wikipedia.org/wiki/石狩市>	<http://wikidata.dbpedia.org/resource/Q693221>
<http://ja.dbpedia.org/resource/石狩市>	"石狩市"@ja	<http://dbpedia.org/ontology/Location>	<http://ja.dbpedia.org/property/隣接自治体・行政区>	"隣接自治体・行政区"@ja	<http://ja.wikipedia.org/wiki/石狩市>	<http://wikidata.dbpedia.org/resource/Q693221>
<http://ja.dbpedia.org/resource/石狩市>	"石狩市"@ja	<http://dbpedia.org/ontology/Place>	<http://ja.dbpedia.org/property/northeast>	"Northeast"@ja	<http://ja.wikipedia.org/wiki/石狩市>	<http://wikidata.dbpedia.org/resource/Q693221>
<http://ja.dbpedia.org/resource/石狩市>	"石狩市"@ja	<http://dbpedia.org/ontology/Place>	<http://ja.dbpedia.org/property/隣接自治体・行政区>	"隣接自治体・行政区"@ja	<http://ja.wikipedia.org/wiki/石狩市>	<http://wikidata.dbpedia.org/resource/Q693221>
<http://ja.dbpedia.org/resource/石狩市>	"石狩市"@ja	<http://dbpedia.org/ontology/Settlement>	<http://ja.dbpedia.org/property/隣接自治体・行政区>	"隣接自治体・行政区"@ja	<http://ja.wikipedia.org/wiki/石狩市>	<http://wikidata.dbpedia.org/resource/Q693221>
<http://ja.dbpedia.org/resource/石狩市>	"石狩市"@ja	<http://dbpedia.org/ontology/Location>	<http://ja.dbpedia.org/property/northeast>	"Northeast"@ja	<http://ja.wikipedia.org/wiki/石狩市>	<http://wikidata.dbpedia.org/resource/Q693221>
<http://ja.dbpedia.org/resource/石狩市>	"石狩市"@ja	<http://dbpedia.org/ontology/City>	<http://ja.dbpedia.org/property/northeast>	"Northeast"@ja	<http://ja.wikipedia.org/wiki/石狩市>	<http://wikidata.dbpedia.org/resource/Q693221>
<http://ja.dbpedia.org/resource/石狩市>	"石狩市"@ja	<http://dbpedia.org/ontology/PopulatedPlace>	<http://ja.dbpedia.org/property/northeast>	"Northeast"@ja	<http://ja.wikipedia.org/wiki/石狩市>	<http://wikidata.dbpedia.org/resource/Q693221>
<http://ja.dbpedia.org/resource/石狩市>	"石狩市"@ja	<http://dbpedia.org/ontology/PopulatedPlace>	<http://ja.dbpedia.org/property/隣接自治体・行政区>	"隣接自治体・行政区"@ja	<http://ja.wikipedia.org/wiki/石狩市>	<http://wikidata.dbpedia.org/resource/Q693221>
<http://ja.dbpedia.org/resource/石狩市>	"石狩市"@ja	<http://dbpedia.org/ontology/Settlement>	<http://ja.dbpedia.org/property/northeast>	"Northeast"@ja	<http://ja.wikipedia.org/wiki/石狩市>	<http://wikidata.dbpedia.org/resource/Q693221>
