?s	?sLabel	?type	?p	?pLabel	?jwiki	?wd
<http://ja.dbpedia.org/resource/氷川神社>	"氷川神社"@ja	<http://dbpedia.org/ontology/Shrine>	<http://ja.dbpedia.org/property/画像の説明>	"画像の説明"@ja	<http://ja.wikipedia.org/wiki/氷川神社>	<http://wikidata.dbpedia.org/resource/Q703633>
<http://ja.dbpedia.org/resource/氷川神社>	"氷川神社"@ja	<http://dbpedia.org/ontology/Building>	<http://ja.dbpedia.org/property/画像の説明>	"画像の説明"@ja	<http://ja.wikipedia.org/wiki/氷川神社>	<http://wikidata.dbpedia.org/resource/Q703633>
<http://ja.dbpedia.org/resource/氷川神社>	"氷川神社"@ja	<http://dbpedia.org/ontology/ArchitecturalStructure>	<http://ja.dbpedia.org/property/画像の説明>	"画像の説明"@ja	<http://ja.wikipedia.org/wiki/氷川神社>	<http://wikidata.dbpedia.org/resource/Q703633>
<http://ja.dbpedia.org/resource/氷川神社>	"氷川神社"@ja	<http://dbpedia.org/ontology/ReligiousBuilding>	<http://ja.dbpedia.org/property/画像の説明>	"画像の説明"@ja	<http://ja.wikipedia.org/wiki/氷川神社>	<http://wikidata.dbpedia.org/resource/Q703633>
