?s	?sLabel	?type	?p	?pLabel	?jwiki	?wd
<http://ja.dbpedia.org/resource/クマガイソウ>	"クマガイソウ"@ja	<http://dbpedia.org/ontology/Species>	<http://ja.dbpedia.org/property/花>	"花"@ja	<http://ja.wikipedia.org/wiki/クマガイソウ>	<http://wikidata.dbpedia.org/resource/Q161441>
<http://ja.dbpedia.org/resource/クマガイソウ>	"クマガイソウ"@ja	<http://dbpedia.org/ontology/Eukaryote>	<http://ja.dbpedia.org/property/花>	"花"@ja	<http://ja.wikipedia.org/wiki/クマガイソウ>	<http://wikidata.dbpedia.org/resource/Q161441>
<http://ja.dbpedia.org/resource/クマガイソウ>	"クマガイソウ"@ja	<http://dbpedia.org/ontology/Plant>	<http://ja.dbpedia.org/property/花>	"花"@ja	<http://ja.wikipedia.org/wiki/クマガイソウ>	<http://wikidata.dbpedia.org/resource/Q161441>
<http://ja.dbpedia.org/resource/上尾市>	"上尾市"@ja	<http://dbpedia.org/ontology/Location>	<http://ja.dbpedia.org/property/隣接自治体・行政区>	"隣接自治体・行政区"@ja	<http://ja.wikipedia.org/wiki/上尾市>	<http://wikidata.dbpedia.org/resource/Q163888>
<http://ja.dbpedia.org/resource/上尾市>	"上尾市"@ja	<http://dbpedia.org/ontology/Place>	<http://ja.dbpedia.org/property/隣接自治体・行政区>	"隣接自治体・行政区"@ja	<http://ja.wikipedia.org/wiki/上尾市>	<http://wikidata.dbpedia.org/resource/Q163888>
<http://ja.dbpedia.org/resource/上尾市>	"上尾市"@ja	<http://dbpedia.org/ontology/PopulatedPlace>	<http://ja.dbpedia.org/property/隣接自治体・行政区>	"隣接自治体・行政区"@ja	<http://ja.wikipedia.org/wiki/上尾市>	<http://wikidata.dbpedia.org/resource/Q163888>
<http://ja.dbpedia.org/resource/上尾市>	"上尾市"@ja	<http://dbpedia.org/ontology/City>	<http://ja.dbpedia.org/property/隣接自治体・行政区>	"隣接自治体・行政区"@ja	<http://ja.wikipedia.org/wiki/上尾市>	<http://wikidata.dbpedia.org/resource/Q163888>
<http://ja.dbpedia.org/resource/上尾市>	"上尾市"@ja	<http://dbpedia.org/ontology/Settlement>	<http://ja.dbpedia.org/property/隣接自治体・行政区>	"隣接自治体・行政区"@ja	<http://ja.wikipedia.org/wiki/上尾市>	<http://wikidata.dbpedia.org/resource/Q163888>
<http://ja.dbpedia.org/resource/旧坂東家住宅見沼くらしっく館>	"旧坂東家住宅見沼くらしっく館"@ja	<http://dbpedia.org/ontology/ArchitecturalStructure>	<http://ja.dbpedia.org/property/画像の説明>	"画像の説明"@ja	<http://ja.wikipedia.org/wiki/旧坂東家住宅見沼くらしっく館>	<http://wikidata.dbpedia.org/resource/Q30934286>
<http://ja.dbpedia.org/resource/旧坂東家住宅見沼くらしっく館>	"旧坂東家住宅見沼くらしっく館"@ja	<http://dbpedia.org/ontology/Building>	<http://ja.dbpedia.org/property/画像の説明>	"画像の説明"@ja	<http://ja.wikipedia.org/wiki/旧坂東家住宅見沼くらしっく館>	<http://wikidata.dbpedia.org/resource/Q30934286>
<http://ja.dbpedia.org/resource/旧坂東家住宅見沼くらしっく館>	"旧坂東家住宅見沼くらしっく館"@ja	<http://dbpedia.org/ontology/Museum>	<http://ja.dbpedia.org/property/画像の説明>	"画像の説明"@ja	<http://ja.wikipedia.org/wiki/旧坂東家住宅見沼くらしっく館>	<http://wikidata.dbpedia.org/resource/Q30934286>
<http://ja.dbpedia.org/resource/蓮田市>	"蓮田市"@ja	<http://dbpedia.org/ontology/City>	<http://ja.dbpedia.org/property/隣接自治体・行政区>	"隣接自治体・行政区"@ja	<http://ja.wikipedia.org/wiki/蓮田市>	<http://wikidata.dbpedia.org/resource/Q857256>
<http://ja.dbpedia.org/resource/蓮田市>	"蓮田市"@ja	<http://dbpedia.org/ontology/Location>	<http://ja.dbpedia.org/property/隣接自治体・行政区>	"隣接自治体・行政区"@ja	<http://ja.wikipedia.org/wiki/蓮田市>	<http://wikidata.dbpedia.org/resource/Q857256>
<http://ja.dbpedia.org/resource/蓮田市>	"蓮田市"@ja	<http://dbpedia.org/ontology/PopulatedPlace>	<http://ja.dbpedia.org/property/隣接自治体・行政区>	"隣接自治体・行政区"@ja	<http://ja.wikipedia.org/wiki/蓮田市>	<http://wikidata.dbpedia.org/resource/Q857256>
<http://ja.dbpedia.org/resource/蓮田市>	"蓮田市"@ja	<http://dbpedia.org/ontology/Place>	<http://ja.dbpedia.org/property/隣接自治体・行政区>	"隣接自治体・行政区"@ja	<http://ja.wikipedia.org/wiki/蓮田市>	<http://wikidata.dbpedia.org/resource/Q857256>
<http://ja.dbpedia.org/resource/蓮田市>	"蓮田市"@ja	<http://dbpedia.org/ontology/Settlement>	<http://ja.dbpedia.org/property/隣接自治体・行政区>	"隣接自治体・行政区"@ja	<http://ja.wikipedia.org/wiki/蓮田市>	<http://wikidata.dbpedia.org/resource/Q857256>
