?s	?sLabel	?type	?p	?pLabel	?jwiki	?wd
<http://ja.dbpedia.org/resource/ニチニチソウ>	"ニチニチソウ"@ja	<http://dbpedia.org/ontology/Species>	<http://ja.dbpedia.org/property/花>	"花"@ja	<http://ja.wikipedia.org/wiki/ニチニチソウ>	<http://wikidata.dbpedia.org/resource/Q161093>
<http://ja.dbpedia.org/resource/調神社>	"調神社"@ja	<http://dbpedia.org/ontology/Shrine>	<http://ja.dbpedia.org/property/画像の説明>	"画像の説明"@ja	<http://ja.wikipedia.org/wiki/調神社>	<http://wikidata.dbpedia.org/resource/Q11631781>
<http://ja.dbpedia.org/resource/調神社>	"調神社"@ja	<http://dbpedia.org/ontology/Building>	<http://ja.dbpedia.org/property/画像の説明>	"画像の説明"@ja	<http://ja.wikipedia.org/wiki/調神社>	<http://wikidata.dbpedia.org/resource/Q11631781>
<http://ja.dbpedia.org/resource/調神社>	"調神社"@ja	<http://dbpedia.org/ontology/ArchitecturalStructure>	<http://ja.dbpedia.org/property/画像の説明>	"画像の説明"@ja	<http://ja.wikipedia.org/wiki/調神社>	<http://wikidata.dbpedia.org/resource/Q11631781>
<http://ja.dbpedia.org/resource/調神社>	"調神社"@ja	<http://dbpedia.org/ontology/ReligiousBuilding>	<http://ja.dbpedia.org/property/画像の説明>	"画像の説明"@ja	<http://ja.wikipedia.org/wiki/調神社>	<http://wikidata.dbpedia.org/resource/Q11631781>
