?s	?sLabel	?type	?p	?pLabel	?jwiki	?wd
<http://ja.dbpedia.org/resource/上尾市>	"上尾市"@ja	<http://dbpedia.org/ontology/City>	<http://ja.dbpedia.org/property/隣接自治体・行政区>	"隣接自治体・行政区"@ja	<http://ja.wikipedia.org/wiki/上尾市>	<http://wikidata.dbpedia.org/resource/Q163888>
<http://ja.dbpedia.org/resource/上尾市>	"上尾市"@ja	<http://dbpedia.org/ontology/Settlement>	<http://ja.dbpedia.org/property/隣接自治体・行政区>	"隣接自治体・行政区"@ja	<http://ja.wikipedia.org/wiki/上尾市>	<http://wikidata.dbpedia.org/resource/Q163888>
<http://ja.dbpedia.org/resource/上尾市>	"上尾市"@ja	<http://dbpedia.org/ontology/Place>	<http://ja.dbpedia.org/property/隣接自治体・行政区>	"隣接自治体・行政区"@ja	<http://ja.wikipedia.org/wiki/上尾市>	<http://wikidata.dbpedia.org/resource/Q163888>
<http://ja.dbpedia.org/resource/上尾市>	"上尾市"@ja	<http://dbpedia.org/ontology/PopulatedPlace>	<http://ja.dbpedia.org/property/隣接自治体・行政区>	"隣接自治体・行政区"@ja	<http://ja.wikipedia.org/wiki/上尾市>	<http://wikidata.dbpedia.org/resource/Q163888>
<http://ja.dbpedia.org/resource/上尾市>	"上尾市"@ja	<http://dbpedia.org/ontology/Location>	<http://ja.dbpedia.org/property/隣接自治体・行政区>	"隣接自治体・行政区"@ja	<http://ja.wikipedia.org/wiki/上尾市>	<http://wikidata.dbpedia.org/resource/Q163888>
