?s	?sLabel	?type	?p	?pLabel	?jwiki	?wd
<http://ja.dbpedia.org/resource/バラ>	"バラ"@ja	<http://dbpedia.org/ontology/Species>	<http://ja.dbpedia.org/property/花>	"花"@ja	<http://ja.wikipedia.org/wiki/バラ>	<http://wikidata.dbpedia.org/resource/Q64140922>
<http://ja.dbpedia.org/resource/与野公園>	"与野公園"@ja	<http://dbpedia.org/ontology/Place>	<http://ja.dbpedia.org/property/画像の説明>	"画像の説明"@ja	<http://ja.wikipedia.org/wiki/与野公園>	<http://wikidata.dbpedia.org/resource/Q11361959>
<http://ja.dbpedia.org/resource/与野公園>	"与野公園"@ja	<http://dbpedia.org/ontology/Park>	<http://ja.dbpedia.org/property/画像の説明>	"画像の説明"@ja	<http://ja.wikipedia.org/wiki/与野公園>	<http://wikidata.dbpedia.org/resource/Q11361959>
<http://ja.dbpedia.org/resource/与野公園>	"与野公園"@ja	<http://dbpedia.org/ontology/Location>	<http://ja.dbpedia.org/property/画像の説明>	"画像の説明"@ja	<http://ja.wikipedia.org/wiki/与野公園>	<http://wikidata.dbpedia.org/resource/Q11361959>
