?s	?sLabel	?type	?p	?pLabel	?jwiki	?wd
<http://ja.dbpedia.org/resource/アジサイ>	"アジサイ"@ja	<http://dbpedia.org/ontology/Species>	<http://ja.dbpedia.org/property/花>	"花"@ja	<http://ja.wikipedia.org/wiki/アジサイ>	<http://wikidata.dbpedia.org/resource/Q159219>
<http://ja.dbpedia.org/resource/上尾市>	"上尾市"@ja	<http://dbpedia.org/ontology/Location>	<http://ja.dbpedia.org/property/隣接自治体・行政区>	"隣接自治体・行政区"@ja	<http://ja.wikipedia.org/wiki/上尾市>	<http://wikidata.dbpedia.org/resource/Q163888>
<http://ja.dbpedia.org/resource/上尾市>	"上尾市"@ja	<http://dbpedia.org/ontology/City>	<http://ja.dbpedia.org/property/隣接自治体・行政区>	"隣接自治体・行政区"@ja	<http://ja.wikipedia.org/wiki/上尾市>	<http://wikidata.dbpedia.org/resource/Q163888>
<http://ja.dbpedia.org/resource/上尾市>	"上尾市"@ja	<http://dbpedia.org/ontology/PopulatedPlace>	<http://ja.dbpedia.org/property/隣接自治体・行政区>	"隣接自治体・行政区"@ja	<http://ja.wikipedia.org/wiki/上尾市>	<http://wikidata.dbpedia.org/resource/Q163888>
<http://ja.dbpedia.org/resource/上尾市>	"上尾市"@ja	<http://dbpedia.org/ontology/Settlement>	<http://ja.dbpedia.org/property/隣接自治体・行政区>	"隣接自治体・行政区"@ja	<http://ja.wikipedia.org/wiki/上尾市>	<http://wikidata.dbpedia.org/resource/Q163888>
<http://ja.dbpedia.org/resource/上尾市>	"上尾市"@ja	<http://dbpedia.org/ontology/Place>	<http://ja.dbpedia.org/property/隣接自治体・行政区>	"隣接自治体・行政区"@ja	<http://ja.wikipedia.org/wiki/上尾市>	<http://wikidata.dbpedia.org/resource/Q163888>
<http://ja.dbpedia.org/resource/富士見市>	"富士見市"@ja	<http://dbpedia.org/ontology/City>	<http://ja.dbpedia.org/property/隣接自治体・行政区>	"隣接自治体・行政区"@ja	<http://ja.wikipedia.org/wiki/富士見市>	<http://wikidata.dbpedia.org/resource/Q495809>
<http://ja.dbpedia.org/resource/富士見市>	"富士見市"@ja	<http://dbpedia.org/ontology/PopulatedPlace>	<http://ja.dbpedia.org/property/隣接自治体・行政区>	"隣接自治体・行政区"@ja	<http://ja.wikipedia.org/wiki/富士見市>	<http://wikidata.dbpedia.org/resource/Q495809>
<http://ja.dbpedia.org/resource/富士見市>	"富士見市"@ja	<http://dbpedia.org/ontology/Place>	<http://ja.dbpedia.org/property/隣接自治体・行政区>	"隣接自治体・行政区"@ja	<http://ja.wikipedia.org/wiki/富士見市>	<http://wikidata.dbpedia.org/resource/Q495809>
<http://ja.dbpedia.org/resource/富士見市>	"富士見市"@ja	<http://dbpedia.org/ontology/Location>	<http://ja.dbpedia.org/property/隣接自治体・行政区>	"隣接自治体・行政区"@ja	<http://ja.wikipedia.org/wiki/富士見市>	<http://wikidata.dbpedia.org/resource/Q495809>
<http://ja.dbpedia.org/resource/富士見市>	"富士見市"@ja	<http://dbpedia.org/ontology/Settlement>	<http://ja.dbpedia.org/property/隣接自治体・行政区>	"隣接自治体・行政区"@ja	<http://ja.wikipedia.org/wiki/富士見市>	<http://wikidata.dbpedia.org/resource/Q495809>
<http://ja.dbpedia.org/resource/川越市>	"川越市"@ja	<http://dbpedia.org/ontology/City>	<http://ja.dbpedia.org/property/隣接自治体・行政区>	"隣接自治体・行政区"@ja	<http://ja.wikipedia.org/wiki/川越市>	<http://wikidata.dbpedia.org/resource/Q319740>
<http://ja.dbpedia.org/resource/川越市>	"川越市"@ja	<http://dbpedia.org/ontology/PopulatedPlace>	<http://ja.dbpedia.org/property/隣接自治体・行政区>	"隣接自治体・行政区"@ja	<http://ja.wikipedia.org/wiki/川越市>	<http://wikidata.dbpedia.org/resource/Q319740>
<http://ja.dbpedia.org/resource/川越市>	"川越市"@ja	<http://dbpedia.org/ontology/Location>	<http://ja.dbpedia.org/property/隣接自治体・行政区>	"隣接自治体・行政区"@ja	<http://ja.wikipedia.org/wiki/川越市>	<http://wikidata.dbpedia.org/resource/Q319740>
<http://ja.dbpedia.org/resource/川越市>	"川越市"@ja	<http://dbpedia.org/ontology/Settlement>	<http://ja.dbpedia.org/property/隣接自治体・行政区>	"隣接自治体・行政区"@ja	<http://ja.wikipedia.org/wiki/川越市>	<http://wikidata.dbpedia.org/resource/Q319740>
<http://ja.dbpedia.org/resource/川越市>	"川越市"@ja	<http://dbpedia.org/ontology/Place>	<http://ja.dbpedia.org/property/隣接自治体・行政区>	"隣接自治体・行政区"@ja	<http://ja.wikipedia.org/wiki/川越市>	<http://wikidata.dbpedia.org/resource/Q319740>
<http://ja.dbpedia.org/resource/秋葉神社_(さいたま市西区)>	"秋葉神社 (さいたま市西区)"@ja	<http://dbpedia.org/ontology/Building>	<http://ja.dbpedia.org/property/画像の説明>	"画像の説明"@ja	<http://ja.wikipedia.org/wiki/秋葉神社_(さいたま市西区)>	<http://wikidata.dbpedia.org/resource/Q110197348>
<http://ja.dbpedia.org/resource/秋葉神社_(さいたま市西区)>	"秋葉神社 (さいたま市西区)"@ja	<http://dbpedia.org/ontology/ArchitecturalStructure>	<http://ja.dbpedia.org/property/画像の説明>	"画像の説明"@ja	<http://ja.wikipedia.org/wiki/秋葉神社_(さいたま市西区)>	<http://wikidata.dbpedia.org/resource/Q110197348>
<http://ja.dbpedia.org/resource/秋葉神社_(さいたま市西区)>	"秋葉神社 (さいたま市西区)"@ja	<http://dbpedia.org/ontology/Shrine>	<http://ja.dbpedia.org/property/画像の説明>	"画像の説明"@ja	<http://ja.wikipedia.org/wiki/秋葉神社_(さいたま市西区)>	<http://wikidata.dbpedia.org/resource/Q110197348>
<http://ja.dbpedia.org/resource/秋葉神社_(さいたま市西区)>	"秋葉神社 (さいたま市西区)"@ja	<http://dbpedia.org/ontology/ReligiousBuilding>	<http://ja.dbpedia.org/property/画像の説明>	"画像の説明"@ja	<http://ja.wikipedia.org/wiki/秋葉神社_(さいたま市西区)>	<http://wikidata.dbpedia.org/resource/Q110197348>
