?s	?sLabel	?type	?p	?pLabel	?jwiki	?wd
<http://ja.dbpedia.org/resource/ヤマブキ>	"ヤマブキ"@ja	<http://dbpedia.org/ontology/Species>	<http://ja.dbpedia.org/property/花>	"花"@ja	<http://ja.wikipedia.org/wiki/ヤマブキ>	<http://wikidata.dbpedia.org/resource/Q157401>
<http://ja.dbpedia.org/resource/川口市>	"川口市"@ja	<http://dbpedia.org/ontology/Location>	<http://ja.dbpedia.org/property/隣接自治体・行政区>	"隣接自治体・行政区"@ja	<http://ja.wikipedia.org/wiki/川口市>	<http://wikidata.dbpedia.org/resource/Q387136>
<http://ja.dbpedia.org/resource/川口市>	"川口市"@ja	<http://dbpedia.org/ontology/City>	<http://ja.dbpedia.org/property/隣接自治体・行政区>	"隣接自治体・行政区"@ja	<http://ja.wikipedia.org/wiki/川口市>	<http://wikidata.dbpedia.org/resource/Q387136>
<http://ja.dbpedia.org/resource/川口市>	"川口市"@ja	<http://dbpedia.org/ontology/PopulatedPlace>	<http://ja.dbpedia.org/property/隣接自治体・行政区>	"隣接自治体・行政区"@ja	<http://ja.wikipedia.org/wiki/川口市>	<http://wikidata.dbpedia.org/resource/Q387136>
<http://ja.dbpedia.org/resource/川口市>	"川口市"@ja	<http://dbpedia.org/ontology/Settlement>	<http://ja.dbpedia.org/property/隣接自治体・行政区>	"隣接自治体・行政区"@ja	<http://ja.wikipedia.org/wiki/川口市>	<http://wikidata.dbpedia.org/resource/Q387136>
<http://ja.dbpedia.org/resource/川口市>	"川口市"@ja	<http://dbpedia.org/ontology/Place>	<http://ja.dbpedia.org/property/隣接自治体・行政区>	"隣接自治体・行政区"@ja	<http://ja.wikipedia.org/wiki/川口市>	<http://wikidata.dbpedia.org/resource/Q387136>
<http://ja.dbpedia.org/resource/春日部市>	"春日部市"@ja	<http://dbpedia.org/ontology/City>	<http://ja.dbpedia.org/property/隣接自治体・行政区>	"隣接自治体・行政区"@ja	<http://ja.wikipedia.org/wiki/春日部市>	<http://wikidata.dbpedia.org/resource/Q376023>
<http://ja.dbpedia.org/resource/春日部市>	"春日部市"@ja	<http://dbpedia.org/ontology/PopulatedPlace>	<http://ja.dbpedia.org/property/隣接自治体・行政区>	"隣接自治体・行政区"@ja	<http://ja.wikipedia.org/wiki/春日部市>	<http://wikidata.dbpedia.org/resource/Q376023>
<http://ja.dbpedia.org/resource/春日部市>	"春日部市"@ja	<http://dbpedia.org/ontology/Place>	<http://ja.dbpedia.org/property/隣接自治体・行政区>	"隣接自治体・行政区"@ja	<http://ja.wikipedia.org/wiki/春日部市>	<http://wikidata.dbpedia.org/resource/Q376023>
<http://ja.dbpedia.org/resource/春日部市>	"春日部市"@ja	<http://dbpedia.org/ontology/Location>	<http://ja.dbpedia.org/property/隣接自治体・行政区>	"隣接自治体・行政区"@ja	<http://ja.wikipedia.org/wiki/春日部市>	<http://wikidata.dbpedia.org/resource/Q376023>
<http://ja.dbpedia.org/resource/春日部市>	"春日部市"@ja	<http://dbpedia.org/ontology/Settlement>	<http://ja.dbpedia.org/property/隣接自治体・行政区>	"隣接自治体・行政区"@ja	<http://ja.wikipedia.org/wiki/春日部市>	<http://wikidata.dbpedia.org/resource/Q376023>
<http://ja.dbpedia.org/resource/白岡市>	"白岡市"@ja	<http://dbpedia.org/ontology/Location>	<http://ja.dbpedia.org/property/隣接自治体・行政区>	"隣接自治体・行政区"@ja	<http://ja.wikipedia.org/wiki/白岡市>	<http://wikidata.dbpedia.org/resource/Q1345322>
<http://ja.dbpedia.org/resource/白岡市>	"白岡市"@ja	<http://dbpedia.org/ontology/City>	<http://ja.dbpedia.org/property/隣接自治体・行政区>	"隣接自治体・行政区"@ja	<http://ja.wikipedia.org/wiki/白岡市>	<http://wikidata.dbpedia.org/resource/Q1345322>
<http://ja.dbpedia.org/resource/白岡市>	"白岡市"@ja	<http://dbpedia.org/ontology/PopulatedPlace>	<http://ja.dbpedia.org/property/隣接自治体・行政区>	"隣接自治体・行政区"@ja	<http://ja.wikipedia.org/wiki/白岡市>	<http://wikidata.dbpedia.org/resource/Q1345322>
<http://ja.dbpedia.org/resource/白岡市>	"白岡市"@ja	<http://dbpedia.org/ontology/Settlement>	<http://ja.dbpedia.org/property/隣接自治体・行政区>	"隣接自治体・行政区"@ja	<http://ja.wikipedia.org/wiki/白岡市>	<http://wikidata.dbpedia.org/resource/Q1345322>
<http://ja.dbpedia.org/resource/白岡市>	"白岡市"@ja	<http://dbpedia.org/ontology/Place>	<http://ja.dbpedia.org/property/隣接自治体・行政区>	"隣接自治体・行政区"@ja	<http://ja.wikipedia.org/wiki/白岡市>	<http://wikidata.dbpedia.org/resource/Q1345322>
<http://ja.dbpedia.org/resource/蓮田市>	"蓮田市"@ja	<http://dbpedia.org/ontology/Location>	<http://ja.dbpedia.org/property/隣接自治体・行政区>	"隣接自治体・行政区"@ja	<http://ja.wikipedia.org/wiki/蓮田市>	<http://wikidata.dbpedia.org/resource/Q857256>
<http://ja.dbpedia.org/resource/蓮田市>	"蓮田市"@ja	<http://dbpedia.org/ontology/Settlement>	<http://ja.dbpedia.org/property/隣接自治体・行政区>	"隣接自治体・行政区"@ja	<http://ja.wikipedia.org/wiki/蓮田市>	<http://wikidata.dbpedia.org/resource/Q857256>
<http://ja.dbpedia.org/resource/蓮田市>	"蓮田市"@ja	<http://dbpedia.org/ontology/Place>	<http://ja.dbpedia.org/property/隣接自治体・行政区>	"隣接自治体・行政区"@ja	<http://ja.wikipedia.org/wiki/蓮田市>	<http://wikidata.dbpedia.org/resource/Q857256>
<http://ja.dbpedia.org/resource/蓮田市>	"蓮田市"@ja	<http://dbpedia.org/ontology/City>	<http://ja.dbpedia.org/property/隣接自治体・行政区>	"隣接自治体・行政区"@ja	<http://ja.wikipedia.org/wiki/蓮田市>	<http://wikidata.dbpedia.org/resource/Q857256>
<http://ja.dbpedia.org/resource/蓮田市>	"蓮田市"@ja	<http://dbpedia.org/ontology/PopulatedPlace>	<http://ja.dbpedia.org/property/隣接自治体・行政区>	"隣接自治体・行政区"@ja	<http://ja.wikipedia.org/wiki/蓮田市>	<http://wikidata.dbpedia.org/resource/Q857256>
<http://ja.dbpedia.org/resource/越谷市>	"越谷市"@ja	<http://dbpedia.org/ontology/Settlement>	<http://ja.dbpedia.org/property/隣接自治体・行政区>	"隣接自治体・行政区"@ja	<http://ja.wikipedia.org/wiki/越谷市>	<http://wikidata.dbpedia.org/resource/Q497952>
<http://ja.dbpedia.org/resource/越谷市>	"越谷市"@ja	<http://dbpedia.org/ontology/Place>	<http://ja.dbpedia.org/property/隣接自治体・行政区>	"隣接自治体・行政区"@ja	<http://ja.wikipedia.org/wiki/越谷市>	<http://wikidata.dbpedia.org/resource/Q497952>
<http://ja.dbpedia.org/resource/越谷市>	"越谷市"@ja	<http://dbpedia.org/ontology/City>	<http://ja.dbpedia.org/property/隣接自治体・行政区>	"隣接自治体・行政区"@ja	<http://ja.wikipedia.org/wiki/越谷市>	<http://wikidata.dbpedia.org/resource/Q497952>
<http://ja.dbpedia.org/resource/越谷市>	"越谷市"@ja	<http://dbpedia.org/ontology/PopulatedPlace>	<http://ja.dbpedia.org/property/隣接自治体・行政区>	"隣接自治体・行政区"@ja	<http://ja.wikipedia.org/wiki/越谷市>	<http://wikidata.dbpedia.org/resource/Q497952>
<http://ja.dbpedia.org/resource/越谷市>	"越谷市"@ja	<http://dbpedia.org/ontology/Location>	<http://ja.dbpedia.org/property/隣接自治体・行政区>	"隣接自治体・行政区"@ja	<http://ja.wikipedia.org/wiki/越谷市>	<http://wikidata.dbpedia.org/resource/Q497952>
