?s	?sLabel	?type	?p	?pLabel	?jwiki	?wd
<http://ja.dbpedia.org/resource/イチョウ>	"イチョウ"@ja	<http://dbpedia.org/ontology/Species>	<http://ja.dbpedia.org/property/木>	"木"@ja	<http://ja.wikipedia.org/wiki/イチョウ>	<http://wikidata.dbpedia.org/resource/Q43284>
<http://ja.dbpedia.org/resource/キク>	"キク"@ja	<http://dbpedia.org/ontology/Species>	<http://ja.dbpedia.org/property/花>	"花"@ja	<http://ja.wikipedia.org/wiki/キク>	<http://wikidata.dbpedia.org/resource/Q15530181>
<http://ja.dbpedia.org/resource/加須市>	"加須市"@ja	<http://dbpedia.org/ontology/PopulatedPlace>	<http://ja.dbpedia.org/property/隣接自治体>	"隣接自治体"@ja	<http://ja.wikipedia.org/wiki/加須市>	<http://wikidata.dbpedia.org/resource/Q851680>
<http://ja.dbpedia.org/resource/加須市>	"加須市"@ja	<http://dbpedia.org/ontology/Place>	<http://ja.dbpedia.org/property/隣接自治体>	"隣接自治体"@ja	<http://ja.wikipedia.org/wiki/加須市>	<http://wikidata.dbpedia.org/resource/Q851680>
<http://ja.dbpedia.org/resource/加須市>	"加須市"@ja	<http://dbpedia.org/ontology/City>	<http://ja.dbpedia.org/property/隣接自治体>	"隣接自治体"@ja	<http://ja.wikipedia.org/wiki/加須市>	<http://wikidata.dbpedia.org/resource/Q851680>
<http://ja.dbpedia.org/resource/加須市>	"加須市"@ja	<http://dbpedia.org/ontology/Location>	<http://ja.dbpedia.org/property/隣接自治体>	"隣接自治体"@ja	<http://ja.wikipedia.org/wiki/加須市>	<http://wikidata.dbpedia.org/resource/Q851680>
<http://ja.dbpedia.org/resource/加須市>	"加須市"@ja	<http://dbpedia.org/ontology/Settlement>	<http://ja.dbpedia.org/property/隣接自治体>	"隣接自治体"@ja	<http://ja.wikipedia.org/wiki/加須市>	<http://wikidata.dbpedia.org/resource/Q851680>
<http://ja.dbpedia.org/resource/熊谷市>	"熊谷市"@ja	<http://dbpedia.org/ontology/Location>	<http://ja.dbpedia.org/property/隣接自治体>	"隣接自治体"@ja	<http://ja.wikipedia.org/wiki/熊谷市>	<http://wikidata.dbpedia.org/resource/Q41106>
<http://ja.dbpedia.org/resource/熊谷市>	"熊谷市"@ja	<http://dbpedia.org/ontology/City>	<http://ja.dbpedia.org/property/隣接自治体>	"隣接自治体"@ja	<http://ja.wikipedia.org/wiki/熊谷市>	<http://wikidata.dbpedia.org/resource/Q41106>
<http://ja.dbpedia.org/resource/熊谷市>	"熊谷市"@ja	<http://dbpedia.org/ontology/PopulatedPlace>	<http://ja.dbpedia.org/property/隣接自治体>	"隣接自治体"@ja	<http://ja.wikipedia.org/wiki/熊谷市>	<http://wikidata.dbpedia.org/resource/Q41106>
<http://ja.dbpedia.org/resource/熊谷市>	"熊谷市"@ja	<http://dbpedia.org/ontology/Settlement>	<http://ja.dbpedia.org/property/隣接自治体>	"隣接自治体"@ja	<http://ja.wikipedia.org/wiki/熊谷市>	<http://wikidata.dbpedia.org/resource/Q41106>
<http://ja.dbpedia.org/resource/熊谷市>	"熊谷市"@ja	<http://dbpedia.org/ontology/Place>	<http://ja.dbpedia.org/property/隣接自治体>	"隣接自治体"@ja	<http://ja.wikipedia.org/wiki/熊谷市>	<http://wikidata.dbpedia.org/resource/Q41106>
<http://ja.dbpedia.org/resource/羽生市>	"羽生市"@ja	<http://dbpedia.org/ontology/Location>	<http://ja.dbpedia.org/property/隣接自治体>	"隣接自治体"@ja	<http://ja.wikipedia.org/wiki/羽生市>	<http://wikidata.dbpedia.org/resource/Q847565>
<http://ja.dbpedia.org/resource/羽生市>	"羽生市"@ja	<http://dbpedia.org/ontology/Settlement>	<http://ja.dbpedia.org/property/隣接自治体>	"隣接自治体"@ja	<http://ja.wikipedia.org/wiki/羽生市>	<http://wikidata.dbpedia.org/resource/Q847565>
<http://ja.dbpedia.org/resource/羽生市>	"羽生市"@ja	<http://dbpedia.org/ontology/Place>	<http://ja.dbpedia.org/property/隣接自治体>	"隣接自治体"@ja	<http://ja.wikipedia.org/wiki/羽生市>	<http://wikidata.dbpedia.org/resource/Q847565>
<http://ja.dbpedia.org/resource/羽生市>	"羽生市"@ja	<http://dbpedia.org/ontology/City>	<http://ja.dbpedia.org/property/隣接自治体>	"隣接自治体"@ja	<http://ja.wikipedia.org/wiki/羽生市>	<http://wikidata.dbpedia.org/resource/Q847565>
<http://ja.dbpedia.org/resource/羽生市>	"羽生市"@ja	<http://dbpedia.org/ontology/PopulatedPlace>	<http://ja.dbpedia.org/property/隣接自治体>	"隣接自治体"@ja	<http://ja.wikipedia.org/wiki/羽生市>	<http://wikidata.dbpedia.org/resource/Q847565>
<http://ja.dbpedia.org/resource/鴻巣市>	"鴻巣市"@ja	<http://dbpedia.org/ontology/Settlement>	<http://ja.dbpedia.org/property/隣接自治体>	"隣接自治体"@ja	<http://ja.wikipedia.org/wiki/鴻巣市>	<http://wikidata.dbpedia.org/resource/Q734541>
<http://ja.dbpedia.org/resource/鴻巣市>	"鴻巣市"@ja	<http://dbpedia.org/ontology/Place>	<http://ja.dbpedia.org/property/隣接自治体>	"隣接自治体"@ja	<http://ja.wikipedia.org/wiki/鴻巣市>	<http://wikidata.dbpedia.org/resource/Q734541>
<http://ja.dbpedia.org/resource/鴻巣市>	"鴻巣市"@ja	<http://dbpedia.org/ontology/City>	<http://ja.dbpedia.org/property/隣接自治体>	"隣接自治体"@ja	<http://ja.wikipedia.org/wiki/鴻巣市>	<http://wikidata.dbpedia.org/resource/Q734541>
<http://ja.dbpedia.org/resource/鴻巣市>	"鴻巣市"@ja	<http://dbpedia.org/ontology/PopulatedPlace>	<http://ja.dbpedia.org/property/隣接自治体>	"隣接自治体"@ja	<http://ja.wikipedia.org/wiki/鴻巣市>	<http://wikidata.dbpedia.org/resource/Q734541>
<http://ja.dbpedia.org/resource/鴻巣市>	"鴻巣市"@ja	<http://dbpedia.org/ontology/Location>	<http://ja.dbpedia.org/property/隣接自治体>	"隣接自治体"@ja	<http://ja.wikipedia.org/wiki/鴻巣市>	<http://wikidata.dbpedia.org/resource/Q734541>
