?s	?sLabel	?type	?p	?pLabel	?jwiki	?wd
<http://ja.dbpedia.org/resource/オオルリ>	"オオルリ"@ja	<http://dbpedia.org/ontology/Species>	<http://ja.dbpedia.org/property/鳥など>	"鳥など"@ja	<http://ja.wikipedia.org/wiki/オオルリ>	<http://wikidata.dbpedia.org/resource/Q73477>
<http://ja.dbpedia.org/resource/カエデ>	"カエデ"@ja	<http://dbpedia.org/ontology/Eukaryote>	<http://ja.dbpedia.org/property/木>	"木"@ja	<http://ja.wikipedia.org/wiki/カエデ>	<http://wikidata.dbpedia.org/resource/Q42292>
<http://ja.dbpedia.org/resource/カエデ>	"カエデ"@ja	<http://dbpedia.org/ontology/Plant>	<http://ja.dbpedia.org/property/木>	"木"@ja	<http://ja.wikipedia.org/wiki/カエデ>	<http://wikidata.dbpedia.org/resource/Q42292>
<http://ja.dbpedia.org/resource/カエデ>	"カエデ"@ja	<http://dbpedia.org/ontology/Species>	<http://ja.dbpedia.org/property/木>	"木"@ja	<http://ja.wikipedia.org/wiki/カエデ>	<http://wikidata.dbpedia.org/resource/Q42292>
<http://ja.dbpedia.org/resource/シバザクラ>	"シバザクラ"@ja	<http://dbpedia.org/ontology/Plant>	<http://ja.dbpedia.org/property/花>	"花"@ja	<http://ja.wikipedia.org/wiki/シバザクラ>	<http://wikidata.dbpedia.org/resource/Q1045366>
<http://ja.dbpedia.org/resource/シバザクラ>	"シバザクラ"@ja	<http://dbpedia.org/ontology/Eukaryote>	<http://ja.dbpedia.org/property/花>	"花"@ja	<http://ja.wikipedia.org/wiki/シバザクラ>	<http://wikidata.dbpedia.org/resource/Q1045366>
<http://ja.dbpedia.org/resource/シバザクラ>	"シバザクラ"@ja	<http://dbpedia.org/ontology/Species>	<http://ja.dbpedia.org/property/花>	"花"@ja	<http://ja.wikipedia.org/wiki/シバザクラ>	<http://wikidata.dbpedia.org/resource/Q1045366>
<http://ja.dbpedia.org/resource/シバザクラ>	"シバザクラ"@ja	<http://dbpedia.org/ontology/FloweringPlant>	<http://ja.dbpedia.org/property/花>	"花"@ja	<http://ja.wikipedia.org/wiki/シバザクラ>	<http://wikidata.dbpedia.org/resource/Q1045366>
<http://ja.dbpedia.org/resource/北堀篤>	"北堀篤"@ja	<http://dbpedia.org/ontology/Species>	<http://ja.dbpedia.org/property/市長>	"市長"@ja	<http://ja.wikipedia.org/wiki/北堀篤>	<http://wikidata.dbpedia.org/resource/Q30928838>
<http://ja.dbpedia.org/resource/北堀篤>	"北堀篤"@ja	<http://dbpedia.org/ontology/Animal>	<http://ja.dbpedia.org/property/市長>	"市長"@ja	<http://ja.wikipedia.org/wiki/北堀篤>	<http://wikidata.dbpedia.org/resource/Q30928838>
<http://ja.dbpedia.org/resource/北堀篤>	"北堀篤"@ja	<http://dbpedia.org/ontology/Politician>	<http://ja.dbpedia.org/property/市長>	"市長"@ja	<http://ja.wikipedia.org/wiki/北堀篤>	<http://wikidata.dbpedia.org/resource/Q30928838>
<http://ja.dbpedia.org/resource/北堀篤>	"北堀篤"@ja	<http://dbpedia.org/ontology/Person>	<http://ja.dbpedia.org/property/市長>	"市長"@ja	<http://ja.wikipedia.org/wiki/北堀篤>	<http://wikidata.dbpedia.org/resource/Q30928838>
<http://ja.dbpedia.org/resource/北堀篤>	"北堀篤"@ja	<http://dbpedia.org/ontology/Eukaryote>	<http://ja.dbpedia.org/property/市長>	"市長"@ja	<http://ja.wikipedia.org/wiki/北堀篤>	<http://wikidata.dbpedia.org/resource/Q30928838>
