?s	?sLabel	?type	?p	?pLabel	?jwiki	?wd
<http://ja.dbpedia.org/resource/あけぼの子どもの森公園>	"あけぼの子どもの森公園"@ja	<http://dbpedia.org/ontology/Location>	<http://ja.dbpedia.org/property/画像の説明>	"画像の説明"@ja	<http://ja.wikipedia.org/wiki/あけぼの子どもの森公園>	<http://wikidata.dbpedia.org/resource/Q21652340>
<http://ja.dbpedia.org/resource/あけぼの子どもの森公園>	"あけぼの子どもの森公園"@ja	<http://dbpedia.org/ontology/Place>	<http://ja.dbpedia.org/property/画像の説明>	"画像の説明"@ja	<http://ja.wikipedia.org/wiki/あけぼの子どもの森公園>	<http://wikidata.dbpedia.org/resource/Q21652340>
<http://ja.dbpedia.org/resource/あけぼの子どもの森公園>	"あけぼの子どもの森公園"@ja	<http://dbpedia.org/ontology/Park>	<http://ja.dbpedia.org/property/画像の説明>	"画像の説明"@ja	<http://ja.wikipedia.org/wiki/あけぼの子どもの森公園>	<http://wikidata.dbpedia.org/resource/Q21652340>
<http://ja.dbpedia.org/resource/ウグイス>	"ウグイス"@ja	<http://dbpedia.org/ontology/Species>	<http://ja.dbpedia.org/property/鳥など>	"鳥など"@ja	<http://ja.wikipedia.org/wiki/ウグイス>	<http://wikidata.dbpedia.org/resource/Q27075456>
<http://ja.dbpedia.org/resource/スギ>	"スギ"@ja	<http://dbpedia.org/ontology/Species>	<http://ja.dbpedia.org/property/木>	"木"@ja	<http://ja.wikipedia.org/wiki/スギ>	<http://wikidata.dbpedia.org/resource/Q147388>
<http://ja.dbpedia.org/resource/ツツジ>	"ツツジ"@ja	<http://dbpedia.org/ontology/Species>	<http://ja.dbpedia.org/property/花>	"花"@ja	<http://ja.wikipedia.org/wiki/ツツジ>	<http://wikidata.dbpedia.org/resource/Q189393>
<http://ja.dbpedia.org/resource/入間市>	"入間市"@ja	<http://dbpedia.org/ontology/City>	<http://ja.dbpedia.org/property/southeast>	"Southeast"@ja	<http://ja.wikipedia.org/wiki/入間市>	<http://wikidata.dbpedia.org/resource/Q696925>
<http://ja.dbpedia.org/resource/入間市>	"入間市"@ja	<http://dbpedia.org/ontology/PopulatedPlace>	<http://ja.dbpedia.org/property/southeast>	"Southeast"@ja	<http://ja.wikipedia.org/wiki/入間市>	<http://wikidata.dbpedia.org/resource/Q696925>
<http://ja.dbpedia.org/resource/入間市>	"入間市"@ja	<http://dbpedia.org/ontology/Place>	<http://ja.dbpedia.org/property/southeast>	"Southeast"@ja	<http://ja.wikipedia.org/wiki/入間市>	<http://wikidata.dbpedia.org/resource/Q696925>
<http://ja.dbpedia.org/resource/入間市>	"入間市"@ja	<http://dbpedia.org/ontology/Location>	<http://ja.dbpedia.org/property/southeast>	"Southeast"@ja	<http://ja.wikipedia.org/wiki/入間市>	<http://wikidata.dbpedia.org/resource/Q696925>
<http://ja.dbpedia.org/resource/入間市>	"入間市"@ja	<http://dbpedia.org/ontology/Settlement>	<http://ja.dbpedia.org/property/southeast>	"Southeast"@ja	<http://ja.wikipedia.org/wiki/入間市>	<http://wikidata.dbpedia.org/resource/Q696925>
<http://ja.dbpedia.org/resource/日高市>	"日高市"@ja	<http://dbpedia.org/ontology/Location>	<http://ja.dbpedia.org/property/east>	"East"@ja	<http://ja.wikipedia.org/wiki/日高市>	<http://wikidata.dbpedia.org/resource/Q905721>
<http://ja.dbpedia.org/resource/日高市>	"日高市"@ja	<http://dbpedia.org/ontology/City>	<http://ja.dbpedia.org/property/east>	"East"@ja	<http://ja.wikipedia.org/wiki/日高市>	<http://wikidata.dbpedia.org/resource/Q905721>
<http://ja.dbpedia.org/resource/日高市>	"日高市"@ja	<http://dbpedia.org/ontology/PopulatedPlace>	<http://ja.dbpedia.org/property/east>	"East"@ja	<http://ja.wikipedia.org/wiki/日高市>	<http://wikidata.dbpedia.org/resource/Q905721>
<http://ja.dbpedia.org/resource/日高市>	"日高市"@ja	<http://dbpedia.org/ontology/Settlement>	<http://ja.dbpedia.org/property/east>	"East"@ja	<http://ja.wikipedia.org/wiki/日高市>	<http://wikidata.dbpedia.org/resource/Q905721>
<http://ja.dbpedia.org/resource/日高市>	"日高市"@ja	<http://dbpedia.org/ontology/Place>	<http://ja.dbpedia.org/property/east>	"East"@ja	<http://ja.wikipedia.org/wiki/日高市>	<http://wikidata.dbpedia.org/resource/Q905721>
<http://ja.dbpedia.org/resource/狭山市>	"狭山市"@ja	<http://dbpedia.org/ontology/Location>	<http://ja.dbpedia.org/property/east>	"East"@ja	<http://ja.wikipedia.org/wiki/狭山市>	<http://wikidata.dbpedia.org/resource/Q824009>
<http://ja.dbpedia.org/resource/狭山市>	"狭山市"@ja	<http://dbpedia.org/ontology/Settlement>	<http://ja.dbpedia.org/property/east>	"East"@ja	<http://ja.wikipedia.org/wiki/狭山市>	<http://wikidata.dbpedia.org/resource/Q824009>
<http://ja.dbpedia.org/resource/狭山市>	"狭山市"@ja	<http://dbpedia.org/ontology/Place>	<http://ja.dbpedia.org/property/east>	"East"@ja	<http://ja.wikipedia.org/wiki/狭山市>	<http://wikidata.dbpedia.org/resource/Q824009>
<http://ja.dbpedia.org/resource/狭山市>	"狭山市"@ja	<http://dbpedia.org/ontology/City>	<http://ja.dbpedia.org/property/east>	"East"@ja	<http://ja.wikipedia.org/wiki/狭山市>	<http://wikidata.dbpedia.org/resource/Q824009>
<http://ja.dbpedia.org/resource/狭山市>	"狭山市"@ja	<http://dbpedia.org/ontology/PopulatedPlace>	<http://ja.dbpedia.org/property/east>	"East"@ja	<http://ja.wikipedia.org/wiki/狭山市>	<http://wikidata.dbpedia.org/resource/Q824009>
<http://ja.dbpedia.org/resource/秩父市>	"秩父市"@ja	<http://dbpedia.org/ontology/Settlement>	<http://ja.dbpedia.org/property/west>	"West"@ja	<http://ja.wikipedia.org/wiki/秩父市>	<http://wikidata.dbpedia.org/resource/Q647079>
<http://ja.dbpedia.org/resource/秩父市>	"秩父市"@ja	<http://dbpedia.org/ontology/Place>	<http://ja.dbpedia.org/property/west>	"West"@ja	<http://ja.wikipedia.org/wiki/秩父市>	<http://wikidata.dbpedia.org/resource/Q647079>
<http://ja.dbpedia.org/resource/秩父市>	"秩父市"@ja	<http://dbpedia.org/ontology/City>	<http://ja.dbpedia.org/property/west>	"West"@ja	<http://ja.wikipedia.org/wiki/秩父市>	<http://wikidata.dbpedia.org/resource/Q647079>
<http://ja.dbpedia.org/resource/秩父市>	"秩父市"@ja	<http://dbpedia.org/ontology/PopulatedPlace>	<http://ja.dbpedia.org/property/west>	"West"@ja	<http://ja.wikipedia.org/wiki/秩父市>	<http://wikidata.dbpedia.org/resource/Q647079>
<http://ja.dbpedia.org/resource/秩父市>	"秩父市"@ja	<http://dbpedia.org/ontology/Location>	<http://ja.dbpedia.org/property/west>	"West"@ja	<http://ja.wikipedia.org/wiki/秩父市>	<http://wikidata.dbpedia.org/resource/Q647079>
