?s	?sLabel	?type	?p	?pLabel	?jwiki	?wd
<http://ja.dbpedia.org/resource/カシ>	"カシ"@ja	<http://dbpedia.org/ontology/Species>	<http://ja.dbpedia.org/property/木>	"木"@ja	<http://ja.wikipedia.org/wiki/カシ>	<http://wikidata.dbpedia.org/resource/Q796117>
<http://ja.dbpedia.org/resource/ヤマブキ>	"ヤマブキ"@ja	<http://dbpedia.org/ontology/Species>	<http://ja.dbpedia.org/property/花>	"花"@ja	<http://ja.wikipedia.org/wiki/ヤマブキ>	<http://wikidata.dbpedia.org/resource/Q157401>
<http://ja.dbpedia.org/resource/時の鐘_(川越市)>	"時の鐘 (川越市)"@ja	<http://dbpedia.org/ontology/ArchitecturalStructure>	<http://ja.dbpedia.org/property/画像の説明>	"画像の説明"@ja	<http://ja.wikipedia.org/wiki/時の鐘_(川越市)>	<http://wikidata.dbpedia.org/resource/Q17221309>
<http://ja.dbpedia.org/resource/時の鐘_(川越市)>	"時の鐘 (川越市)"@ja	<http://dbpedia.org/ontology/Building>	<http://ja.dbpedia.org/property/画像の説明>	"画像の説明"@ja	<http://ja.wikipedia.org/wiki/時の鐘_(川越市)>	<http://wikidata.dbpedia.org/resource/Q17221309>
