?s	?sLabel	?type	?p	?pLabel	?jwiki	?wd
<http://ja.dbpedia.org/resource/オナガ>	"オナガ"@ja	<http://dbpedia.org/ontology/Species>	<http://ja.dbpedia.org/property/鳥など>	"鳥など"@ja	<http://ja.wikipedia.org/wiki/オナガ>	<http://wikidata.dbpedia.org/resource/Q503807>
<http://ja.dbpedia.org/resource/ツツジ>	"ツツジ"@ja	<http://dbpedia.org/ontology/Species>	<http://ja.dbpedia.org/property/花>	"花"@ja	<http://ja.wikipedia.org/wiki/ツツジ>	<http://wikidata.dbpedia.org/resource/Q189393>
<http://ja.dbpedia.org/resource/入間市>	"入間市"@ja	<http://dbpedia.org/ontology/PopulatedPlace>	<http://ja.dbpedia.org/property/隣接自治体>	"隣接自治体"@ja	<http://ja.wikipedia.org/wiki/入間市>	<http://wikidata.dbpedia.org/resource/Q696925>
<http://ja.dbpedia.org/resource/入間市>	"入間市"@ja	<http://dbpedia.org/ontology/City>	<http://ja.dbpedia.org/property/southwest>	"Southwest"@ja	<http://ja.wikipedia.org/wiki/入間市>	<http://wikidata.dbpedia.org/resource/Q696925>
<http://ja.dbpedia.org/resource/入間市>	"入間市"@ja	<http://dbpedia.org/ontology/Place>	<http://ja.dbpedia.org/property/southwest>	"Southwest"@ja	<http://ja.wikipedia.org/wiki/入間市>	<http://wikidata.dbpedia.org/resource/Q696925>
<http://ja.dbpedia.org/resource/入間市>	"入間市"@ja	<http://dbpedia.org/ontology/Settlement>	<http://ja.dbpedia.org/property/隣接自治体>	"隣接自治体"@ja	<http://ja.wikipedia.org/wiki/入間市>	<http://wikidata.dbpedia.org/resource/Q696925>
<http://ja.dbpedia.org/resource/入間市>	"入間市"@ja	<http://dbpedia.org/ontology/Location>	<http://ja.dbpedia.org/property/隣接自治体>	"隣接自治体"@ja	<http://ja.wikipedia.org/wiki/入間市>	<http://wikidata.dbpedia.org/resource/Q696925>
<http://ja.dbpedia.org/resource/入間市>	"入間市"@ja	<http://dbpedia.org/ontology/Location>	<http://ja.dbpedia.org/property/southwest>	"Southwest"@ja	<http://ja.wikipedia.org/wiki/入間市>	<http://wikidata.dbpedia.org/resource/Q696925>
<http://ja.dbpedia.org/resource/入間市>	"入間市"@ja	<http://dbpedia.org/ontology/Place>	<http://ja.dbpedia.org/property/隣接自治体>	"隣接自治体"@ja	<http://ja.wikipedia.org/wiki/入間市>	<http://wikidata.dbpedia.org/resource/Q696925>
<http://ja.dbpedia.org/resource/入間市>	"入間市"@ja	<http://dbpedia.org/ontology/PopulatedPlace>	<http://ja.dbpedia.org/property/southwest>	"Southwest"@ja	<http://ja.wikipedia.org/wiki/入間市>	<http://wikidata.dbpedia.org/resource/Q696925>
<http://ja.dbpedia.org/resource/入間市>	"入間市"@ja	<http://dbpedia.org/ontology/City>	<http://ja.dbpedia.org/property/隣接自治体>	"隣接自治体"@ja	<http://ja.wikipedia.org/wiki/入間市>	<http://wikidata.dbpedia.org/resource/Q696925>
<http://ja.dbpedia.org/resource/入間市>	"入間市"@ja	<http://dbpedia.org/ontology/Settlement>	<http://ja.dbpedia.org/property/southwest>	"Southwest"@ja	<http://ja.wikipedia.org/wiki/入間市>	<http://wikidata.dbpedia.org/resource/Q696925>
<http://ja.dbpedia.org/resource/川越市>	"川越市"@ja	<http://dbpedia.org/ontology/City>	<http://ja.dbpedia.org/property/northeast>	"Northeast"@ja	<http://ja.wikipedia.org/wiki/川越市>	<http://wikidata.dbpedia.org/resource/Q319740>
<http://ja.dbpedia.org/resource/川越市>	"川越市"@ja	<http://dbpedia.org/ontology/PopulatedPlace>	<http://ja.dbpedia.org/property/隣接自治体>	"隣接自治体"@ja	<http://ja.wikipedia.org/wiki/川越市>	<http://wikidata.dbpedia.org/resource/Q319740>
<http://ja.dbpedia.org/resource/川越市>	"川越市"@ja	<http://dbpedia.org/ontology/Settlement>	<http://ja.dbpedia.org/property/隣接自治体>	"隣接自治体"@ja	<http://ja.wikipedia.org/wiki/川越市>	<http://wikidata.dbpedia.org/resource/Q319740>
<http://ja.dbpedia.org/resource/川越市>	"川越市"@ja	<http://dbpedia.org/ontology/Place>	<http://ja.dbpedia.org/property/northeast>	"Northeast"@ja	<http://ja.wikipedia.org/wiki/川越市>	<http://wikidata.dbpedia.org/resource/Q319740>
<http://ja.dbpedia.org/resource/川越市>	"川越市"@ja	<http://dbpedia.org/ontology/Location>	<http://ja.dbpedia.org/property/隣接自治体>	"隣接自治体"@ja	<http://ja.wikipedia.org/wiki/川越市>	<http://wikidata.dbpedia.org/resource/Q319740>
<http://ja.dbpedia.org/resource/川越市>	"川越市"@ja	<http://dbpedia.org/ontology/Location>	<http://ja.dbpedia.org/property/northeast>	"Northeast"@ja	<http://ja.wikipedia.org/wiki/川越市>	<http://wikidata.dbpedia.org/resource/Q319740>
<http://ja.dbpedia.org/resource/川越市>	"川越市"@ja	<http://dbpedia.org/ontology/Place>	<http://ja.dbpedia.org/property/隣接自治体>	"隣接自治体"@ja	<http://ja.wikipedia.org/wiki/川越市>	<http://wikidata.dbpedia.org/resource/Q319740>
<http://ja.dbpedia.org/resource/川越市>	"川越市"@ja	<http://dbpedia.org/ontology/PopulatedPlace>	<http://ja.dbpedia.org/property/northeast>	"Northeast"@ja	<http://ja.wikipedia.org/wiki/川越市>	<http://wikidata.dbpedia.org/resource/Q319740>
<http://ja.dbpedia.org/resource/川越市>	"川越市"@ja	<http://dbpedia.org/ontology/City>	<http://ja.dbpedia.org/property/隣接自治体>	"隣接自治体"@ja	<http://ja.wikipedia.org/wiki/川越市>	<http://wikidata.dbpedia.org/resource/Q319740>
<http://ja.dbpedia.org/resource/川越市>	"川越市"@ja	<http://dbpedia.org/ontology/Settlement>	<http://ja.dbpedia.org/property/northeast>	"Northeast"@ja	<http://ja.wikipedia.org/wiki/川越市>	<http://wikidata.dbpedia.org/resource/Q319740>
<http://ja.dbpedia.org/resource/所沢市>	"所沢市"@ja	<http://dbpedia.org/ontology/City>	<http://ja.dbpedia.org/property/隣接自治体>	"隣接自治体"@ja	<http://ja.wikipedia.org/wiki/所沢市>	<http://wikidata.dbpedia.org/resource/Q165857>
<http://ja.dbpedia.org/resource/所沢市>	"所沢市"@ja	<http://dbpedia.org/ontology/PopulatedPlace>	<http://ja.dbpedia.org/property/southeast>	"Southeast"@ja	<http://ja.wikipedia.org/wiki/所沢市>	<http://wikidata.dbpedia.org/resource/Q165857>
<http://ja.dbpedia.org/resource/所沢市>	"所沢市"@ja	<http://dbpedia.org/ontology/Settlement>	<http://ja.dbpedia.org/property/southeast>	"Southeast"@ja	<http://ja.wikipedia.org/wiki/所沢市>	<http://wikidata.dbpedia.org/resource/Q165857>
<http://ja.dbpedia.org/resource/所沢市>	"所沢市"@ja	<http://dbpedia.org/ontology/Place>	<http://ja.dbpedia.org/property/隣接自治体>	"隣接自治体"@ja	<http://ja.wikipedia.org/wiki/所沢市>	<http://wikidata.dbpedia.org/resource/Q165857>
<http://ja.dbpedia.org/resource/所沢市>	"所沢市"@ja	<http://dbpedia.org/ontology/Location>	<http://ja.dbpedia.org/property/southeast>	"Southeast"@ja	<http://ja.wikipedia.org/wiki/所沢市>	<http://wikidata.dbpedia.org/resource/Q165857>
<http://ja.dbpedia.org/resource/所沢市>	"所沢市"@ja	<http://dbpedia.org/ontology/Location>	<http://ja.dbpedia.org/property/隣接自治体>	"隣接自治体"@ja	<http://ja.wikipedia.org/wiki/所沢市>	<http://wikidata.dbpedia.org/resource/Q165857>
<http://ja.dbpedia.org/resource/所沢市>	"所沢市"@ja	<http://dbpedia.org/ontology/Place>	<http://ja.dbpedia.org/property/southeast>	"Southeast"@ja	<http://ja.wikipedia.org/wiki/所沢市>	<http://wikidata.dbpedia.org/resource/Q165857>
<http://ja.dbpedia.org/resource/所沢市>	"所沢市"@ja	<http://dbpedia.org/ontology/PopulatedPlace>	<http://ja.dbpedia.org/property/隣接自治体>	"隣接自治体"@ja	<http://ja.wikipedia.org/wiki/所沢市>	<http://wikidata.dbpedia.org/resource/Q165857>
<http://ja.dbpedia.org/resource/所沢市>	"所沢市"@ja	<http://dbpedia.org/ontology/City>	<http://ja.dbpedia.org/property/southeast>	"Southeast"@ja	<http://ja.wikipedia.org/wiki/所沢市>	<http://wikidata.dbpedia.org/resource/Q165857>
<http://ja.dbpedia.org/resource/所沢市>	"所沢市"@ja	<http://dbpedia.org/ontology/Settlement>	<http://ja.dbpedia.org/property/隣接自治体>	"隣接自治体"@ja	<http://ja.wikipedia.org/wiki/所沢市>	<http://wikidata.dbpedia.org/resource/Q165857>
<http://ja.dbpedia.org/resource/日高市>	"日高市"@ja	<http://dbpedia.org/ontology/Location>	<http://ja.dbpedia.org/property/northwest>	"Northwest"@ja	<http://ja.wikipedia.org/wiki/日高市>	<http://wikidata.dbpedia.org/resource/Q905721>
<http://ja.dbpedia.org/resource/日高市>	"日高市"@ja	<http://dbpedia.org/ontology/Place>	<http://ja.dbpedia.org/property/隣接自治体>	"隣接自治体"@ja	<http://ja.wikipedia.org/wiki/日高市>	<http://wikidata.dbpedia.org/resource/Q905721>
<http://ja.dbpedia.org/resource/日高市>	"日高市"@ja	<http://dbpedia.org/ontology/PopulatedPlace>	<http://ja.dbpedia.org/property/northwest>	"Northwest"@ja	<http://ja.wikipedia.org/wiki/日高市>	<http://wikidata.dbpedia.org/resource/Q905721>
<http://ja.dbpedia.org/resource/日高市>	"日高市"@ja	<http://dbpedia.org/ontology/City>	<http://ja.dbpedia.org/property/隣接自治体>	"隣接自治体"@ja	<http://ja.wikipedia.org/wiki/日高市>	<http://wikidata.dbpedia.org/resource/Q905721>
<http://ja.dbpedia.org/resource/日高市>	"日高市"@ja	<http://dbpedia.org/ontology/Settlement>	<http://ja.dbpedia.org/property/northwest>	"Northwest"@ja	<http://ja.wikipedia.org/wiki/日高市>	<http://wikidata.dbpedia.org/resource/Q905721>
<http://ja.dbpedia.org/resource/日高市>	"日高市"@ja	<http://dbpedia.org/ontology/PopulatedPlace>	<http://ja.dbpedia.org/property/隣接自治体>	"隣接自治体"@ja	<http://ja.wikipedia.org/wiki/日高市>	<http://wikidata.dbpedia.org/resource/Q905721>
<http://ja.dbpedia.org/resource/日高市>	"日高市"@ja	<http://dbpedia.org/ontology/Place>	<http://ja.dbpedia.org/property/northwest>	"Northwest"@ja	<http://ja.wikipedia.org/wiki/日高市>	<http://wikidata.dbpedia.org/resource/Q905721>
<http://ja.dbpedia.org/resource/日高市>	"日高市"@ja	<http://dbpedia.org/ontology/Location>	<http://ja.dbpedia.org/property/隣接自治体>	"隣接自治体"@ja	<http://ja.wikipedia.org/wiki/日高市>	<http://wikidata.dbpedia.org/resource/Q905721>
<http://ja.dbpedia.org/resource/日高市>	"日高市"@ja	<http://dbpedia.org/ontology/City>	<http://ja.dbpedia.org/property/northwest>	"Northwest"@ja	<http://ja.wikipedia.org/wiki/日高市>	<http://wikidata.dbpedia.org/resource/Q905721>
<http://ja.dbpedia.org/resource/日高市>	"日高市"@ja	<http://dbpedia.org/ontology/Settlement>	<http://ja.dbpedia.org/property/隣接自治体>	"隣接自治体"@ja	<http://ja.wikipedia.org/wiki/日高市>	<http://wikidata.dbpedia.org/resource/Q905721>
<http://ja.dbpedia.org/resource/狭山稲荷山公園>	"狭山稲荷山公園"@ja	<http://dbpedia.org/ontology/Park>	<http://ja.dbpedia.org/property/画像の説明>	"画像の説明"@ja	<http://ja.wikipedia.org/wiki/狭山稲荷山公園>	<http://wikidata.dbpedia.org/resource/Q11571748>
<http://ja.dbpedia.org/resource/狭山稲荷山公園>	"狭山稲荷山公園"@ja	<http://dbpedia.org/ontology/Location>	<http://ja.dbpedia.org/property/画像の説明>	"画像の説明"@ja	<http://ja.wikipedia.org/wiki/狭山稲荷山公園>	<http://wikidata.dbpedia.org/resource/Q11571748>
<http://ja.dbpedia.org/resource/狭山稲荷山公園>	"狭山稲荷山公園"@ja	<http://dbpedia.org/ontology/Place>	<http://ja.dbpedia.org/property/画像の説明>	"画像の説明"@ja	<http://ja.wikipedia.org/wiki/狭山稲荷山公園>	<http://wikidata.dbpedia.org/resource/Q11571748>
<http://ja.dbpedia.org/resource/飯能市>	"飯能市"@ja	<http://dbpedia.org/ontology/City>	<http://ja.dbpedia.org/property/隣接自治体>	"隣接自治体"@ja	<http://ja.wikipedia.org/wiki/飯能市>	<http://wikidata.dbpedia.org/resource/Q850472>
<http://ja.dbpedia.org/resource/飯能市>	"飯能市"@ja	<http://dbpedia.org/ontology/PopulatedPlace>	<http://ja.dbpedia.org/property/west>	"West"@ja	<http://ja.wikipedia.org/wiki/飯能市>	<http://wikidata.dbpedia.org/resource/Q850472>
<http://ja.dbpedia.org/resource/飯能市>	"飯能市"@ja	<http://dbpedia.org/ontology/Settlement>	<http://ja.dbpedia.org/property/west>	"West"@ja	<http://ja.wikipedia.org/wiki/飯能市>	<http://wikidata.dbpedia.org/resource/Q850472>
<http://ja.dbpedia.org/resource/飯能市>	"飯能市"@ja	<http://dbpedia.org/ontology/Place>	<http://ja.dbpedia.org/property/隣接自治体>	"隣接自治体"@ja	<http://ja.wikipedia.org/wiki/飯能市>	<http://wikidata.dbpedia.org/resource/Q850472>
<http://ja.dbpedia.org/resource/飯能市>	"飯能市"@ja	<http://dbpedia.org/ontology/Location>	<http://ja.dbpedia.org/property/west>	"West"@ja	<http://ja.wikipedia.org/wiki/飯能市>	<http://wikidata.dbpedia.org/resource/Q850472>
<http://ja.dbpedia.org/resource/飯能市>	"飯能市"@ja	<http://dbpedia.org/ontology/Location>	<http://ja.dbpedia.org/property/隣接自治体>	"隣接自治体"@ja	<http://ja.wikipedia.org/wiki/飯能市>	<http://wikidata.dbpedia.org/resource/Q850472>
<http://ja.dbpedia.org/resource/飯能市>	"飯能市"@ja	<http://dbpedia.org/ontology/Place>	<http://ja.dbpedia.org/property/west>	"West"@ja	<http://ja.wikipedia.org/wiki/飯能市>	<http://wikidata.dbpedia.org/resource/Q850472>
<http://ja.dbpedia.org/resource/飯能市>	"飯能市"@ja	<http://dbpedia.org/ontology/PopulatedPlace>	<http://ja.dbpedia.org/property/隣接自治体>	"隣接自治体"@ja	<http://ja.wikipedia.org/wiki/飯能市>	<http://wikidata.dbpedia.org/resource/Q850472>
<http://ja.dbpedia.org/resource/飯能市>	"飯能市"@ja	<http://dbpedia.org/ontology/City>	<http://ja.dbpedia.org/property/west>	"West"@ja	<http://ja.wikipedia.org/wiki/飯能市>	<http://wikidata.dbpedia.org/resource/Q850472>
<http://ja.dbpedia.org/resource/飯能市>	"飯能市"@ja	<http://dbpedia.org/ontology/Settlement>	<http://ja.dbpedia.org/property/隣接自治体>	"隣接自治体"@ja	<http://ja.wikipedia.org/wiki/飯能市>	<http://wikidata.dbpedia.org/resource/Q850472>
