?s	?sLabel	?type	?p	?pLabel	?jwiki	?wd
<http://ja.dbpedia.org/resource/アオキ_(植物)>	"アオキ (植物)"@ja	<http://dbpedia.org/ontology/Species>	<http://ja.dbpedia.org/property/鳥など>	"鳥など"@ja	<http://ja.wikipedia.org/wiki/アオキ_(植物)>	<http://wikidata.dbpedia.org/resource/Q163114>
<http://ja.dbpedia.org/resource/カシ>	"カシ"@ja	<http://dbpedia.org/ontology/Species>	<http://ja.dbpedia.org/property/木>	"木"@ja	<http://ja.wikipedia.org/wiki/カシ>	<http://wikidata.dbpedia.org/resource/Q796117>
<http://ja.dbpedia.org/resource/ツツジ>	"ツツジ"@ja	<http://dbpedia.org/ontology/Species>	<http://ja.dbpedia.org/property/花>	"花"@ja	<http://ja.wikipedia.org/wiki/ツツジ>	<http://wikidata.dbpedia.org/resource/Q189393>
<http://ja.dbpedia.org/resource/平方_(上尾市)>	"平方 (上尾市)"@ja	<http://dbpedia.org/ontology/Settlement>	<http://ja.dbpedia.org/property/画像の説明>	"画像の説明"@ja	<http://ja.wikipedia.org/wiki/平方_(上尾市)>	<http://wikidata.dbpedia.org/resource/Q28682575>
<http://ja.dbpedia.org/resource/平方_(上尾市)>	"平方 (上尾市)"@ja	<http://dbpedia.org/ontology/PopulatedPlace>	<http://ja.dbpedia.org/property/画像の説明>	"画像の説明"@ja	<http://ja.wikipedia.org/wiki/平方_(上尾市)>	<http://wikidata.dbpedia.org/resource/Q28682575>
<http://ja.dbpedia.org/resource/平方_(上尾市)>	"平方 (上尾市)"@ja	<http://dbpedia.org/ontology/Place>	<http://ja.dbpedia.org/property/画像の説明>	"画像の説明"@ja	<http://ja.wikipedia.org/wiki/平方_(上尾市)>	<http://wikidata.dbpedia.org/resource/Q28682575>
<http://ja.dbpedia.org/resource/平方_(上尾市)>	"平方 (上尾市)"@ja	<http://dbpedia.org/ontology/Location>	<http://ja.dbpedia.org/property/画像の説明>	"画像の説明"@ja	<http://ja.wikipedia.org/wiki/平方_(上尾市)>	<http://wikidata.dbpedia.org/resource/Q28682575>
