?s	?sLabel	?type	?p	?pLabel	?jwiki	?wd
<http://ja.dbpedia.org/resource/チューリップ>	"チューリップ"@ja	<http://dbpedia.org/ontology/Species>	<http://ja.dbpedia.org/property/花>	"花"@ja	<http://ja.wikipedia.org/wiki/チューリップ>	<http://wikidata.dbpedia.org/resource/Q93201>
<http://ja.dbpedia.org/resource/伊勢崎市>	"伊勢崎市"@ja	<http://dbpedia.org/ontology/Location>	<http://ja.dbpedia.org/property/隣接自治体>	"隣接自治体"@ja	<http://ja.wikipedia.org/wiki/伊勢崎市>	<http://wikidata.dbpedia.org/resource/Q328596>
<http://ja.dbpedia.org/resource/伊勢崎市>	"伊勢崎市"@ja	<http://dbpedia.org/ontology/City>	<http://ja.dbpedia.org/property/隣接自治体>	"隣接自治体"@ja	<http://ja.wikipedia.org/wiki/伊勢崎市>	<http://wikidata.dbpedia.org/resource/Q328596>
<http://ja.dbpedia.org/resource/伊勢崎市>	"伊勢崎市"@ja	<http://dbpedia.org/ontology/PopulatedPlace>	<http://ja.dbpedia.org/property/隣接自治体>	"隣接自治体"@ja	<http://ja.wikipedia.org/wiki/伊勢崎市>	<http://wikidata.dbpedia.org/resource/Q328596>
<http://ja.dbpedia.org/resource/伊勢崎市>	"伊勢崎市"@ja	<http://dbpedia.org/ontology/Settlement>	<http://ja.dbpedia.org/property/隣接自治体>	"隣接自治体"@ja	<http://ja.wikipedia.org/wiki/伊勢崎市>	<http://wikidata.dbpedia.org/resource/Q328596>
<http://ja.dbpedia.org/resource/伊勢崎市>	"伊勢崎市"@ja	<http://dbpedia.org/ontology/Place>	<http://ja.dbpedia.org/property/隣接自治体>	"隣接自治体"@ja	<http://ja.wikipedia.org/wiki/伊勢崎市>	<http://wikidata.dbpedia.org/resource/Q328596>
<http://ja.dbpedia.org/resource/太田市>	"太田市"@ja	<http://dbpedia.org/ontology/City>	<http://ja.dbpedia.org/property/隣接自治体>	"隣接自治体"@ja	<http://ja.wikipedia.org/wiki/太田市>	<http://wikidata.dbpedia.org/resource/Q386179>
<http://ja.dbpedia.org/resource/太田市>	"太田市"@ja	<http://dbpedia.org/ontology/PopulatedPlace>	<http://ja.dbpedia.org/property/隣接自治体>	"隣接自治体"@ja	<http://ja.wikipedia.org/wiki/太田市>	<http://wikidata.dbpedia.org/resource/Q386179>
<http://ja.dbpedia.org/resource/太田市>	"太田市"@ja	<http://dbpedia.org/ontology/Place>	<http://ja.dbpedia.org/property/隣接自治体>	"隣接自治体"@ja	<http://ja.wikipedia.org/wiki/太田市>	<http://wikidata.dbpedia.org/resource/Q386179>
<http://ja.dbpedia.org/resource/太田市>	"太田市"@ja	<http://dbpedia.org/ontology/Location>	<http://ja.dbpedia.org/property/隣接自治体>	"隣接自治体"@ja	<http://ja.wikipedia.org/wiki/太田市>	<http://wikidata.dbpedia.org/resource/Q386179>
<http://ja.dbpedia.org/resource/太田市>	"太田市"@ja	<http://dbpedia.org/ontology/Settlement>	<http://ja.dbpedia.org/property/隣接自治体>	"隣接自治体"@ja	<http://ja.wikipedia.org/wiki/太田市>	<http://wikidata.dbpedia.org/resource/Q386179>
<http://ja.dbpedia.org/resource/本庄市>	"本庄市"@ja	<http://dbpedia.org/ontology/Location>	<http://ja.dbpedia.org/property/northwest>	"Northwest"@ja	<http://ja.wikipedia.org/wiki/本庄市>	<http://wikidata.dbpedia.org/resource/Q873565>
<http://ja.dbpedia.org/resource/本庄市>	"本庄市"@ja	<http://dbpedia.org/ontology/City>	<http://ja.dbpedia.org/property/northwest>	"Northwest"@ja	<http://ja.wikipedia.org/wiki/本庄市>	<http://wikidata.dbpedia.org/resource/Q873565>
<http://ja.dbpedia.org/resource/本庄市>	"本庄市"@ja	<http://dbpedia.org/ontology/PopulatedPlace>	<http://ja.dbpedia.org/property/northwest>	"Northwest"@ja	<http://ja.wikipedia.org/wiki/本庄市>	<http://wikidata.dbpedia.org/resource/Q873565>
<http://ja.dbpedia.org/resource/本庄市>	"本庄市"@ja	<http://dbpedia.org/ontology/Settlement>	<http://ja.dbpedia.org/property/northwest>	"Northwest"@ja	<http://ja.wikipedia.org/wiki/本庄市>	<http://wikidata.dbpedia.org/resource/Q873565>
<http://ja.dbpedia.org/resource/本庄市>	"本庄市"@ja	<http://dbpedia.org/ontology/Place>	<http://ja.dbpedia.org/property/northwest>	"Northwest"@ja	<http://ja.wikipedia.org/wiki/本庄市>	<http://wikidata.dbpedia.org/resource/Q873565>
<http://ja.dbpedia.org/resource/熊谷市>	"熊谷市"@ja	<http://dbpedia.org/ontology/Location>	<http://ja.dbpedia.org/property/east>	"East"@ja	<http://ja.wikipedia.org/wiki/熊谷市>	<http://wikidata.dbpedia.org/resource/Q41106>
<http://ja.dbpedia.org/resource/熊谷市>	"熊谷市"@ja	<http://dbpedia.org/ontology/Settlement>	<http://ja.dbpedia.org/property/east>	"East"@ja	<http://ja.wikipedia.org/wiki/熊谷市>	<http://wikidata.dbpedia.org/resource/Q41106>
<http://ja.dbpedia.org/resource/熊谷市>	"熊谷市"@ja	<http://dbpedia.org/ontology/Place>	<http://ja.dbpedia.org/property/east>	"East"@ja	<http://ja.wikipedia.org/wiki/熊谷市>	<http://wikidata.dbpedia.org/resource/Q41106>
<http://ja.dbpedia.org/resource/熊谷市>	"熊谷市"@ja	<http://dbpedia.org/ontology/City>	<http://ja.dbpedia.org/property/east>	"East"@ja	<http://ja.wikipedia.org/wiki/熊谷市>	<http://wikidata.dbpedia.org/resource/Q41106>
<http://ja.dbpedia.org/resource/熊谷市>	"熊谷市"@ja	<http://dbpedia.org/ontology/PopulatedPlace>	<http://ja.dbpedia.org/property/east>	"East"@ja	<http://ja.wikipedia.org/wiki/熊谷市>	<http://wikidata.dbpedia.org/resource/Q41106>
<http://ja.dbpedia.org/resource/群馬県>	"群馬県"@ja	<http://dbpedia.org/ontology/PopulatedPlace>	<http://ja.dbpedia.org/property/隣接自治体>	"隣接自治体"@ja	<http://ja.wikipedia.org/wiki/群馬県>	<http://wikidata.dbpedia.org/resource/Q129499>
<http://ja.dbpedia.org/resource/群馬県>	"群馬県"@ja	<http://dbpedia.org/ontology/Region>	<http://ja.dbpedia.org/property/隣接自治体>	"隣接自治体"@ja	<http://ja.wikipedia.org/wiki/群馬県>	<http://wikidata.dbpedia.org/resource/Q129499>
<http://ja.dbpedia.org/resource/群馬県>	"群馬県"@ja	<http://dbpedia.org/ontology/Place>	<http://ja.dbpedia.org/property/隣接自治体>	"隣接自治体"@ja	<http://ja.wikipedia.org/wiki/群馬県>	<http://wikidata.dbpedia.org/resource/Q129499>
<http://ja.dbpedia.org/resource/群馬県>	"群馬県"@ja	<http://dbpedia.org/ontology/Location>	<http://ja.dbpedia.org/property/隣接自治体>	"隣接自治体"@ja	<http://ja.wikipedia.org/wiki/群馬県>	<http://wikidata.dbpedia.org/resource/Q129499>
<http://ja.dbpedia.org/resource/群馬県>	"群馬県"@ja	<http://dbpedia.org/ontology/AdministrativeRegion>	<http://ja.dbpedia.org/property/隣接自治体>	"隣接自治体"@ja	<http://ja.wikipedia.org/wiki/群馬県>	<http://wikidata.dbpedia.org/resource/Q129499>
