?s	?sLabel	?type	?p	?pLabel	?jwiki	?wd
<http://ja.dbpedia.org/resource/ツキミソウ>	"ツキミソウ"@ja	<http://dbpedia.org/ontology/Plant>	<http://ja.dbpedia.org/property/花>	"花"@ja	<http://ja.wikipedia.org/wiki/ツキミソウ>	<http://wikidata.dbpedia.org/resource/Q10925261>
<http://ja.dbpedia.org/resource/ツキミソウ>	"ツキミソウ"@ja	<http://dbpedia.org/ontology/Eukaryote>	<http://ja.dbpedia.org/property/花>	"花"@ja	<http://ja.wikipedia.org/wiki/ツキミソウ>	<http://wikidata.dbpedia.org/resource/Q10925261>
<http://ja.dbpedia.org/resource/ツキミソウ>	"ツキミソウ"@ja	<http://dbpedia.org/ontology/Species>	<http://ja.dbpedia.org/property/花>	"花"@ja	<http://ja.wikipedia.org/wiki/ツキミソウ>	<http://wikidata.dbpedia.org/resource/Q10925261>
<http://ja.dbpedia.org/resource/ツキミソウ>	"ツキミソウ"@ja	<http://dbpedia.org/ontology/FloweringPlant>	<http://ja.dbpedia.org/property/花>	"花"@ja	<http://ja.wikipedia.org/wiki/ツキミソウ>	<http://wikidata.dbpedia.org/resource/Q10925261>
<http://ja.dbpedia.org/resource/モクセイ>	"モクセイ"@ja	<http://dbpedia.org/ontology/Species>	<http://ja.dbpedia.org/property/木>	"木"@ja	<http://ja.wikipedia.org/wiki/モクセイ>	<http://wikidata.dbpedia.org/resource/Q1209922>
<http://ja.dbpedia.org/resource/上里町>	"上里町"@ja	<http://dbpedia.org/ontology/Location>	<http://ja.dbpedia.org/property/隣接自治体>	"隣接自治体"@ja	<http://ja.wikipedia.org/wiki/上里町>	<http://wikidata.dbpedia.org/resource/Q1345287>
<http://ja.dbpedia.org/resource/上里町>	"上里町"@ja	<http://dbpedia.org/ontology/City>	<http://ja.dbpedia.org/property/隣接自治体>	"隣接自治体"@ja	<http://ja.wikipedia.org/wiki/上里町>	<http://wikidata.dbpedia.org/resource/Q1345287>
<http://ja.dbpedia.org/resource/上里町>	"上里町"@ja	<http://dbpedia.org/ontology/PopulatedPlace>	<http://ja.dbpedia.org/property/隣接自治体>	"隣接自治体"@ja	<http://ja.wikipedia.org/wiki/上里町>	<http://wikidata.dbpedia.org/resource/Q1345287>
<http://ja.dbpedia.org/resource/上里町>	"上里町"@ja	<http://dbpedia.org/ontology/Settlement>	<http://ja.dbpedia.org/property/隣接自治体>	"隣接自治体"@ja	<http://ja.wikipedia.org/wiki/上里町>	<http://wikidata.dbpedia.org/resource/Q1345287>
<http://ja.dbpedia.org/resource/上里町>	"上里町"@ja	<http://dbpedia.org/ontology/Place>	<http://ja.dbpedia.org/property/隣接自治体>	"隣接自治体"@ja	<http://ja.wikipedia.org/wiki/上里町>	<http://wikidata.dbpedia.org/resource/Q1345287>
<http://ja.dbpedia.org/resource/深谷市>	"深谷市"@ja	<http://dbpedia.org/ontology/Place>	<http://ja.dbpedia.org/property/隣接自治体>	"隣接自治体"@ja	<http://ja.wikipedia.org/wiki/深谷市>	<http://wikidata.dbpedia.org/resource/Q734532>
<http://ja.dbpedia.org/resource/深谷市>	"深谷市"@ja	<http://dbpedia.org/ontology/PopulatedPlace>	<http://ja.dbpedia.org/property/隣接自治体>	"隣接自治体"@ja	<http://ja.wikipedia.org/wiki/深谷市>	<http://wikidata.dbpedia.org/resource/Q734532>
<http://ja.dbpedia.org/resource/深谷市>	"深谷市"@ja	<http://dbpedia.org/ontology/Settlement>	<http://ja.dbpedia.org/property/隣接自治体>	"隣接自治体"@ja	<http://ja.wikipedia.org/wiki/深谷市>	<http://wikidata.dbpedia.org/resource/Q734532>
<http://ja.dbpedia.org/resource/深谷市>	"深谷市"@ja	<http://dbpedia.org/ontology/PopulatedPlace>	<http://ja.dbpedia.org/property/northeast>	"Northeast"@ja	<http://ja.wikipedia.org/wiki/深谷市>	<http://wikidata.dbpedia.org/resource/Q734532>
<http://ja.dbpedia.org/resource/深谷市>	"深谷市"@ja	<http://dbpedia.org/ontology/Location>	<http://ja.dbpedia.org/property/隣接自治体>	"隣接自治体"@ja	<http://ja.wikipedia.org/wiki/深谷市>	<http://wikidata.dbpedia.org/resource/Q734532>
<http://ja.dbpedia.org/resource/深谷市>	"深谷市"@ja	<http://dbpedia.org/ontology/City>	<http://ja.dbpedia.org/property/隣接自治体>	"隣接自治体"@ja	<http://ja.wikipedia.org/wiki/深谷市>	<http://wikidata.dbpedia.org/resource/Q734532>
<http://ja.dbpedia.org/resource/深谷市>	"深谷市"@ja	<http://dbpedia.org/ontology/Place>	<http://ja.dbpedia.org/property/northeast>	"Northeast"@ja	<http://ja.wikipedia.org/wiki/深谷市>	<http://wikidata.dbpedia.org/resource/Q734532>
<http://ja.dbpedia.org/resource/深谷市>	"深谷市"@ja	<http://dbpedia.org/ontology/Settlement>	<http://ja.dbpedia.org/property/northeast>	"Northeast"@ja	<http://ja.wikipedia.org/wiki/深谷市>	<http://wikidata.dbpedia.org/resource/Q734532>
<http://ja.dbpedia.org/resource/深谷市>	"深谷市"@ja	<http://dbpedia.org/ontology/City>	<http://ja.dbpedia.org/property/northeast>	"Northeast"@ja	<http://ja.wikipedia.org/wiki/深谷市>	<http://wikidata.dbpedia.org/resource/Q734532>
<http://ja.dbpedia.org/resource/深谷市>	"深谷市"@ja	<http://dbpedia.org/ontology/Location>	<http://ja.dbpedia.org/property/northeast>	"Northeast"@ja	<http://ja.wikipedia.org/wiki/深谷市>	<http://wikidata.dbpedia.org/resource/Q734532>
<http://ja.dbpedia.org/resource/神川町>	"神川町"@ja	<http://dbpedia.org/ontology/Location>	<http://ja.dbpedia.org/property/隣接自治体>	"隣接自治体"@ja	<http://ja.wikipedia.org/wiki/神川町>	<http://wikidata.dbpedia.org/resource/Q1346757>
<http://ja.dbpedia.org/resource/神川町>	"神川町"@ja	<http://dbpedia.org/ontology/Settlement>	<http://ja.dbpedia.org/property/隣接自治体>	"隣接自治体"@ja	<http://ja.wikipedia.org/wiki/神川町>	<http://wikidata.dbpedia.org/resource/Q1346757>
<http://ja.dbpedia.org/resource/神川町>	"神川町"@ja	<http://dbpedia.org/ontology/Place>	<http://ja.dbpedia.org/property/隣接自治体>	"隣接自治体"@ja	<http://ja.wikipedia.org/wiki/神川町>	<http://wikidata.dbpedia.org/resource/Q1346757>
<http://ja.dbpedia.org/resource/神川町>	"神川町"@ja	<http://dbpedia.org/ontology/City>	<http://ja.dbpedia.org/property/隣接自治体>	"隣接自治体"@ja	<http://ja.wikipedia.org/wiki/神川町>	<http://wikidata.dbpedia.org/resource/Q1346757>
<http://ja.dbpedia.org/resource/神川町>	"神川町"@ja	<http://dbpedia.org/ontology/PopulatedPlace>	<http://ja.dbpedia.org/property/隣接自治体>	"隣接自治体"@ja	<http://ja.wikipedia.org/wiki/神川町>	<http://wikidata.dbpedia.org/resource/Q1346757>
<http://ja.dbpedia.org/resource/美里町_(埼玉県)>	"美里町 (埼玉県)"@ja	<http://dbpedia.org/ontology/Settlement>	<http://ja.dbpedia.org/property/隣接自治体>	"隣接自治体"@ja	<http://ja.wikipedia.org/wiki/美里町_(埼玉県)>	<http://wikidata.dbpedia.org/resource/Q924129>
<http://ja.dbpedia.org/resource/美里町_(埼玉県)>	"美里町 (埼玉県)"@ja	<http://dbpedia.org/ontology/Place>	<http://ja.dbpedia.org/property/隣接自治体>	"隣接自治体"@ja	<http://ja.wikipedia.org/wiki/美里町_(埼玉県)>	<http://wikidata.dbpedia.org/resource/Q924129>
<http://ja.dbpedia.org/resource/美里町_(埼玉県)>	"美里町 (埼玉県)"@ja	<http://dbpedia.org/ontology/City>	<http://ja.dbpedia.org/property/隣接自治体>	"隣接自治体"@ja	<http://ja.wikipedia.org/wiki/美里町_(埼玉県)>	<http://wikidata.dbpedia.org/resource/Q924129>
<http://ja.dbpedia.org/resource/美里町_(埼玉県)>	"美里町 (埼玉県)"@ja	<http://dbpedia.org/ontology/PopulatedPlace>	<http://ja.dbpedia.org/property/隣接自治体>	"隣接自治体"@ja	<http://ja.wikipedia.org/wiki/美里町_(埼玉県)>	<http://wikidata.dbpedia.org/resource/Q924129>
<http://ja.dbpedia.org/resource/美里町_(埼玉県)>	"美里町 (埼玉県)"@ja	<http://dbpedia.org/ontology/Location>	<http://ja.dbpedia.org/property/隣接自治体>	"隣接自治体"@ja	<http://ja.wikipedia.org/wiki/美里町_(埼玉県)>	<http://wikidata.dbpedia.org/resource/Q924129>
