?s	?sLabel	?type	?p	?pLabel	?jwiki	?wd
<http://ja.dbpedia.org/resource/フジ_(植物)>	"フジ (植物)"@ja	<http://dbpedia.org/ontology/Species>	<http://ja.dbpedia.org/property/花>	"花"@ja	<http://ja.wikipedia.org/wiki/フジ_(植物)>	<http://wikidata.dbpedia.org/resource/Q1329209>
<http://ja.dbpedia.org/resource/モクセイ>	"モクセイ"@ja	<http://dbpedia.org/ontology/Species>	<http://ja.dbpedia.org/property/木>	"木"@ja	<http://ja.wikipedia.org/wiki/モクセイ>	<http://wikidata.dbpedia.org/resource/Q1209922>
<http://ja.dbpedia.org/resource/加須市>	"加須市"@ja	<http://dbpedia.org/ontology/PopulatedPlace>	<http://ja.dbpedia.org/property/隣接自治体>	"隣接自治体"@ja	<http://ja.wikipedia.org/wiki/加須市>	<http://wikidata.dbpedia.org/resource/Q851680>
<http://ja.dbpedia.org/resource/加須市>	"加須市"@ja	<http://dbpedia.org/ontology/Place>	<http://ja.dbpedia.org/property/隣接自治体>	"隣接自治体"@ja	<http://ja.wikipedia.org/wiki/加須市>	<http://wikidata.dbpedia.org/resource/Q851680>
<http://ja.dbpedia.org/resource/加須市>	"加須市"@ja	<http://dbpedia.org/ontology/City>	<http://ja.dbpedia.org/property/隣接自治体>	"隣接自治体"@ja	<http://ja.wikipedia.org/wiki/加須市>	<http://wikidata.dbpedia.org/resource/Q851680>
<http://ja.dbpedia.org/resource/加須市>	"加須市"@ja	<http://dbpedia.org/ontology/Location>	<http://ja.dbpedia.org/property/隣接自治体>	"隣接自治体"@ja	<http://ja.wikipedia.org/wiki/加須市>	<http://wikidata.dbpedia.org/resource/Q851680>
<http://ja.dbpedia.org/resource/加須市>	"加須市"@ja	<http://dbpedia.org/ontology/Settlement>	<http://ja.dbpedia.org/property/隣接自治体>	"隣接自治体"@ja	<http://ja.wikipedia.org/wiki/加須市>	<http://wikidata.dbpedia.org/resource/Q851680>
<http://ja.dbpedia.org/resource/行田市>	"行田市"@ja	<http://dbpedia.org/ontology/City>	<http://ja.dbpedia.org/property/隣接自治体>	"隣接自治体"@ja	<http://ja.wikipedia.org/wiki/行田市>	<http://wikidata.dbpedia.org/resource/Q860659>
<http://ja.dbpedia.org/resource/行田市>	"行田市"@ja	<http://dbpedia.org/ontology/Location>	<http://ja.dbpedia.org/property/隣接自治体>	"隣接自治体"@ja	<http://ja.wikipedia.org/wiki/行田市>	<http://wikidata.dbpedia.org/resource/Q860659>
<http://ja.dbpedia.org/resource/行田市>	"行田市"@ja	<http://dbpedia.org/ontology/PopulatedPlace>	<http://ja.dbpedia.org/property/隣接自治体>	"隣接自治体"@ja	<http://ja.wikipedia.org/wiki/行田市>	<http://wikidata.dbpedia.org/resource/Q860659>
<http://ja.dbpedia.org/resource/行田市>	"行田市"@ja	<http://dbpedia.org/ontology/Place>	<http://ja.dbpedia.org/property/隣接自治体>	"隣接自治体"@ja	<http://ja.wikipedia.org/wiki/行田市>	<http://wikidata.dbpedia.org/resource/Q860659>
<http://ja.dbpedia.org/resource/行田市>	"行田市"@ja	<http://dbpedia.org/ontology/Settlement>	<http://ja.dbpedia.org/property/隣接自治体>	"隣接自治体"@ja	<http://ja.wikipedia.org/wiki/行田市>	<http://wikidata.dbpedia.org/resource/Q860659>
