?s	?sLabel	?type	?p	?pLabel	?jwiki	?wd
<http://ja.dbpedia.org/resource/ボタン_(植物)>	"ボタン (植物)"@ja	<http://dbpedia.org/ontology/Species>	<http://ja.dbpedia.org/property/花>	"花"@ja	<http://ja.wikipedia.org/wiki/ボタン_(植物)>	<http://wikidata.dbpedia.org/resource/Q163018>
<http://ja.dbpedia.org/resource/マツ>	"マツ"@ja	<http://dbpedia.org/ontology/Species>	<http://ja.dbpedia.org/property/木>	"木"@ja	<http://ja.wikipedia.org/wiki/マツ>	<http://wikidata.dbpedia.org/resource/Q12024>
<http://ja.dbpedia.org/resource/坂戸市>	"坂戸市"@ja	<http://dbpedia.org/ontology/PopulatedPlace>	<http://ja.dbpedia.org/property/south>	"South"@ja	<http://ja.wikipedia.org/wiki/坂戸市>	<http://wikidata.dbpedia.org/resource/Q850344>
<http://ja.dbpedia.org/resource/坂戸市>	"坂戸市"@ja	<http://dbpedia.org/ontology/Place>	<http://ja.dbpedia.org/property/south>	"South"@ja	<http://ja.wikipedia.org/wiki/坂戸市>	<http://wikidata.dbpedia.org/resource/Q850344>
<http://ja.dbpedia.org/resource/坂戸市>	"坂戸市"@ja	<http://dbpedia.org/ontology/City>	<http://ja.dbpedia.org/property/south>	"South"@ja	<http://ja.wikipedia.org/wiki/坂戸市>	<http://wikidata.dbpedia.org/resource/Q850344>
<http://ja.dbpedia.org/resource/坂戸市>	"坂戸市"@ja	<http://dbpedia.org/ontology/Location>	<http://ja.dbpedia.org/property/south>	"South"@ja	<http://ja.wikipedia.org/wiki/坂戸市>	<http://wikidata.dbpedia.org/resource/Q850344>
<http://ja.dbpedia.org/resource/坂戸市>	"坂戸市"@ja	<http://dbpedia.org/ontology/Settlement>	<http://ja.dbpedia.org/property/south>	"South"@ja	<http://ja.wikipedia.org/wiki/坂戸市>	<http://wikidata.dbpedia.org/resource/Q850344>
<http://ja.dbpedia.org/resource/熊谷市>	"熊谷市"@ja	<http://dbpedia.org/ontology/City>	<http://ja.dbpedia.org/property/north>	"North"@ja	<http://ja.wikipedia.org/wiki/熊谷市>	<http://wikidata.dbpedia.org/resource/Q41106>
<http://ja.dbpedia.org/resource/熊谷市>	"熊谷市"@ja	<http://dbpedia.org/ontology/Location>	<http://ja.dbpedia.org/property/north>	"North"@ja	<http://ja.wikipedia.org/wiki/熊谷市>	<http://wikidata.dbpedia.org/resource/Q41106>
<http://ja.dbpedia.org/resource/熊谷市>	"熊谷市"@ja	<http://dbpedia.org/ontology/PopulatedPlace>	<http://ja.dbpedia.org/property/north>	"North"@ja	<http://ja.wikipedia.org/wiki/熊谷市>	<http://wikidata.dbpedia.org/resource/Q41106>
<http://ja.dbpedia.org/resource/熊谷市>	"熊谷市"@ja	<http://dbpedia.org/ontology/Place>	<http://ja.dbpedia.org/property/north>	"North"@ja	<http://ja.wikipedia.org/wiki/熊谷市>	<http://wikidata.dbpedia.org/resource/Q41106>
<http://ja.dbpedia.org/resource/熊谷市>	"熊谷市"@ja	<http://dbpedia.org/ontology/Settlement>	<http://ja.dbpedia.org/property/north>	"North"@ja	<http://ja.wikipedia.org/wiki/熊谷市>	<http://wikidata.dbpedia.org/resource/Q41106>
