?s	?sLabel	?type	?p	?pLabel	?jwiki	?wd
<http://ja.dbpedia.org/resource/コスモス>	"コスモス"@ja	<http://dbpedia.org/ontology/Species>	<http://ja.dbpedia.org/property/花>	"花"@ja	<http://ja.wikipedia.org/wiki/コスモス>	<http://wikidata.dbpedia.org/resource/Q476937>
<http://ja.dbpedia.org/resource/サクラ>	"サクラ"@ja	<http://dbpedia.org/ontology/Species>	<http://ja.dbpedia.org/property/木>	"木"@ja	<http://ja.wikipedia.org/wiki/サクラ>	<http://wikidata.dbpedia.org/resource/Q871991>
<http://ja.dbpedia.org/resource/久喜市>	"久喜市"@ja	<http://dbpedia.org/ontology/PopulatedPlace>	<http://ja.dbpedia.org/property/隣接自治体>	"隣接自治体"@ja	<http://ja.wikipedia.org/wiki/久喜市>	<http://wikidata.dbpedia.org/resource/Q47535>
<http://ja.dbpedia.org/resource/久喜市>	"久喜市"@ja	<http://dbpedia.org/ontology/Place>	<http://ja.dbpedia.org/property/隣接自治体>	"隣接自治体"@ja	<http://ja.wikipedia.org/wiki/久喜市>	<http://wikidata.dbpedia.org/resource/Q47535>
<http://ja.dbpedia.org/resource/久喜市>	"久喜市"@ja	<http://dbpedia.org/ontology/City>	<http://ja.dbpedia.org/property/隣接自治体>	"隣接自治体"@ja	<http://ja.wikipedia.org/wiki/久喜市>	<http://wikidata.dbpedia.org/resource/Q47535>
<http://ja.dbpedia.org/resource/久喜市>	"久喜市"@ja	<http://dbpedia.org/ontology/Location>	<http://ja.dbpedia.org/property/隣接自治体>	"隣接自治体"@ja	<http://ja.wikipedia.org/wiki/久喜市>	<http://wikidata.dbpedia.org/resource/Q47535>
<http://ja.dbpedia.org/resource/久喜市>	"久喜市"@ja	<http://dbpedia.org/ontology/Settlement>	<http://ja.dbpedia.org/property/隣接自治体>	"隣接自治体"@ja	<http://ja.wikipedia.org/wiki/久喜市>	<http://wikidata.dbpedia.org/resource/Q47535>
<http://ja.dbpedia.org/resource/總願寺>	"總願寺"@ja	<http://dbpedia.org/ontology/ReligiousBuilding>	<http://ja.dbpedia.org/property/画像の説明>	"画像の説明"@ja	<http://ja.wikipedia.org/wiki/總願寺>	<http://wikidata.dbpedia.org/resource/Q11608175>
<http://ja.dbpedia.org/resource/總願寺>	"總願寺"@ja	<http://dbpedia.org/ontology/Temple>	<http://ja.dbpedia.org/property/画像の説明>	"画像の説明"@ja	<http://ja.wikipedia.org/wiki/總願寺>	<http://wikidata.dbpedia.org/resource/Q11608175>
<http://ja.dbpedia.org/resource/總願寺>	"總願寺"@ja	<http://dbpedia.org/ontology/ArchitecturalStructure>	<http://ja.dbpedia.org/property/画像の説明>	"画像の説明"@ja	<http://ja.wikipedia.org/wiki/總願寺>	<http://wikidata.dbpedia.org/resource/Q11608175>
<http://ja.dbpedia.org/resource/總願寺>	"總願寺"@ja	<http://dbpedia.org/ontology/Building>	<http://ja.dbpedia.org/property/画像の説明>	"画像の説明"@ja	<http://ja.wikipedia.org/wiki/總願寺>	<http://wikidata.dbpedia.org/resource/Q11608175>
<http://ja.dbpedia.org/resource/羽生市>	"羽生市"@ja	<http://dbpedia.org/ontology/Location>	<http://ja.dbpedia.org/property/隣接自治体>	"隣接自治体"@ja	<http://ja.wikipedia.org/wiki/羽生市>	<http://wikidata.dbpedia.org/resource/Q847565>
<http://ja.dbpedia.org/resource/羽生市>	"羽生市"@ja	<http://dbpedia.org/ontology/City>	<http://ja.dbpedia.org/property/隣接自治体>	"隣接自治体"@ja	<http://ja.wikipedia.org/wiki/羽生市>	<http://wikidata.dbpedia.org/resource/Q847565>
<http://ja.dbpedia.org/resource/羽生市>	"羽生市"@ja	<http://dbpedia.org/ontology/PopulatedPlace>	<http://ja.dbpedia.org/property/隣接自治体>	"隣接自治体"@ja	<http://ja.wikipedia.org/wiki/羽生市>	<http://wikidata.dbpedia.org/resource/Q847565>
<http://ja.dbpedia.org/resource/羽生市>	"羽生市"@ja	<http://dbpedia.org/ontology/Settlement>	<http://ja.dbpedia.org/property/隣接自治体>	"隣接自治体"@ja	<http://ja.wikipedia.org/wiki/羽生市>	<http://wikidata.dbpedia.org/resource/Q847565>
<http://ja.dbpedia.org/resource/羽生市>	"羽生市"@ja	<http://dbpedia.org/ontology/Place>	<http://ja.dbpedia.org/property/隣接自治体>	"隣接自治体"@ja	<http://ja.wikipedia.org/wiki/羽生市>	<http://wikidata.dbpedia.org/resource/Q847565>
<http://ja.dbpedia.org/resource/行田市>	"行田市"@ja	<http://dbpedia.org/ontology/Location>	<http://ja.dbpedia.org/property/隣接自治体>	"隣接自治体"@ja	<http://ja.wikipedia.org/wiki/行田市>	<http://wikidata.dbpedia.org/resource/Q860659>
<http://ja.dbpedia.org/resource/行田市>	"行田市"@ja	<http://dbpedia.org/ontology/Settlement>	<http://ja.dbpedia.org/property/隣接自治体>	"隣接自治体"@ja	<http://ja.wikipedia.org/wiki/行田市>	<http://wikidata.dbpedia.org/resource/Q860659>
<http://ja.dbpedia.org/resource/行田市>	"行田市"@ja	<http://dbpedia.org/ontology/Place>	<http://ja.dbpedia.org/property/隣接自治体>	"隣接自治体"@ja	<http://ja.wikipedia.org/wiki/行田市>	<http://wikidata.dbpedia.org/resource/Q860659>
<http://ja.dbpedia.org/resource/行田市>	"行田市"@ja	<http://dbpedia.org/ontology/City>	<http://ja.dbpedia.org/property/隣接自治体>	"隣接自治体"@ja	<http://ja.wikipedia.org/wiki/行田市>	<http://wikidata.dbpedia.org/resource/Q860659>
<http://ja.dbpedia.org/resource/行田市>	"行田市"@ja	<http://dbpedia.org/ontology/PopulatedPlace>	<http://ja.dbpedia.org/property/隣接自治体>	"隣接自治体"@ja	<http://ja.wikipedia.org/wiki/行田市>	<http://wikidata.dbpedia.org/resource/Q860659>
<http://ja.dbpedia.org/resource/鴻巣市>	"鴻巣市"@ja	<http://dbpedia.org/ontology/Settlement>	<http://ja.dbpedia.org/property/隣接自治体>	"隣接自治体"@ja	<http://ja.wikipedia.org/wiki/鴻巣市>	<http://wikidata.dbpedia.org/resource/Q734541>
<http://ja.dbpedia.org/resource/鴻巣市>	"鴻巣市"@ja	<http://dbpedia.org/ontology/Place>	<http://ja.dbpedia.org/property/隣接自治体>	"隣接自治体"@ja	<http://ja.wikipedia.org/wiki/鴻巣市>	<http://wikidata.dbpedia.org/resource/Q734541>
<http://ja.dbpedia.org/resource/鴻巣市>	"鴻巣市"@ja	<http://dbpedia.org/ontology/City>	<http://ja.dbpedia.org/property/隣接自治体>	"隣接自治体"@ja	<http://ja.wikipedia.org/wiki/鴻巣市>	<http://wikidata.dbpedia.org/resource/Q734541>
<http://ja.dbpedia.org/resource/鴻巣市>	"鴻巣市"@ja	<http://dbpedia.org/ontology/PopulatedPlace>	<http://ja.dbpedia.org/property/隣接自治体>	"隣接自治体"@ja	<http://ja.wikipedia.org/wiki/鴻巣市>	<http://wikidata.dbpedia.org/resource/Q734541>
<http://ja.dbpedia.org/resource/鴻巣市>	"鴻巣市"@ja	<http://dbpedia.org/ontology/Location>	<http://ja.dbpedia.org/property/隣接自治体>	"隣接自治体"@ja	<http://ja.wikipedia.org/wiki/鴻巣市>	<http://wikidata.dbpedia.org/resource/Q734541>
