?s	?sLabel	?type	?p	?pLabel	?jwiki	?wd
<http://ja.dbpedia.org/resource/イチョウ>	"イチョウ"@ja	<http://dbpedia.org/ontology/Species>	<http://ja.dbpedia.org/property/木>	"木"@ja	<http://ja.wikipedia.org/wiki/イチョウ>	<http://wikidata.dbpedia.org/resource/Q43284>
<http://ja.dbpedia.org/resource/サツキ>	"サツキ"@ja	<http://dbpedia.org/ontology/Species>	<http://ja.dbpedia.org/property/花>	"花"@ja	<http://ja.wikipedia.org/wiki/サツキ>	<http://wikidata.dbpedia.org/resource/Q5366359>
<http://ja.dbpedia.org/resource/和光樹林公園>	"和光樹林公園"@ja	<http://dbpedia.org/ontology/Location>	<http://ja.dbpedia.org/property/画像の説明>	"画像の説明"@ja	<http://ja.wikipedia.org/wiki/和光樹林公園>	<http://wikidata.dbpedia.org/resource/Q28683334>
<http://ja.dbpedia.org/resource/和光樹林公園>	"和光樹林公園"@ja	<http://dbpedia.org/ontology/Place>	<http://ja.dbpedia.org/property/画像の説明>	"画像の説明"@ja	<http://ja.wikipedia.org/wiki/和光樹林公園>	<http://wikidata.dbpedia.org/resource/Q28683334>
<http://ja.dbpedia.org/resource/和光樹林公園>	"和光樹林公園"@ja	<http://dbpedia.org/ontology/Park>	<http://ja.dbpedia.org/property/画像の説明>	"画像の説明"@ja	<http://ja.wikipedia.org/wiki/和光樹林公園>	<http://wikidata.dbpedia.org/resource/Q28683334>
<http://ja.dbpedia.org/resource/戸田市>	"戸田市"@ja	<http://dbpedia.org/ontology/Location>	<http://ja.dbpedia.org/property/隣接自治体>	"隣接自治体"@ja	<http://ja.wikipedia.org/wiki/戸田市>	<http://wikidata.dbpedia.org/resource/Q823874>
<http://ja.dbpedia.org/resource/戸田市>	"戸田市"@ja	<http://dbpedia.org/ontology/City>	<http://ja.dbpedia.org/property/隣接自治体>	"隣接自治体"@ja	<http://ja.wikipedia.org/wiki/戸田市>	<http://wikidata.dbpedia.org/resource/Q823874>
<http://ja.dbpedia.org/resource/戸田市>	"戸田市"@ja	<http://dbpedia.org/ontology/PopulatedPlace>	<http://ja.dbpedia.org/property/隣接自治体>	"隣接自治体"@ja	<http://ja.wikipedia.org/wiki/戸田市>	<http://wikidata.dbpedia.org/resource/Q823874>
<http://ja.dbpedia.org/resource/戸田市>	"戸田市"@ja	<http://dbpedia.org/ontology/Settlement>	<http://ja.dbpedia.org/property/隣接自治体>	"隣接自治体"@ja	<http://ja.wikipedia.org/wiki/戸田市>	<http://wikidata.dbpedia.org/resource/Q823874>
<http://ja.dbpedia.org/resource/戸田市>	"戸田市"@ja	<http://dbpedia.org/ontology/Place>	<http://ja.dbpedia.org/property/隣接自治体>	"隣接自治体"@ja	<http://ja.wikipedia.org/wiki/戸田市>	<http://wikidata.dbpedia.org/resource/Q823874>
<http://ja.dbpedia.org/resource/朝霞市>	"朝霞市"@ja	<http://dbpedia.org/ontology/City>	<http://ja.dbpedia.org/property/隣接自治体>	"隣接自治体"@ja	<http://ja.wikipedia.org/wiki/朝霞市>	<http://wikidata.dbpedia.org/resource/Q646834>
<http://ja.dbpedia.org/resource/朝霞市>	"朝霞市"@ja	<http://dbpedia.org/ontology/PopulatedPlace>	<http://ja.dbpedia.org/property/隣接自治体>	"隣接自治体"@ja	<http://ja.wikipedia.org/wiki/朝霞市>	<http://wikidata.dbpedia.org/resource/Q646834>
<http://ja.dbpedia.org/resource/朝霞市>	"朝霞市"@ja	<http://dbpedia.org/ontology/Place>	<http://ja.dbpedia.org/property/隣接自治体>	"隣接自治体"@ja	<http://ja.wikipedia.org/wiki/朝霞市>	<http://wikidata.dbpedia.org/resource/Q646834>
<http://ja.dbpedia.org/resource/朝霞市>	"朝霞市"@ja	<http://dbpedia.org/ontology/Location>	<http://ja.dbpedia.org/property/隣接自治体>	"隣接自治体"@ja	<http://ja.wikipedia.org/wiki/朝霞市>	<http://wikidata.dbpedia.org/resource/Q646834>
<http://ja.dbpedia.org/resource/朝霞市>	"朝霞市"@ja	<http://dbpedia.org/ontology/Settlement>	<http://ja.dbpedia.org/property/隣接自治体>	"隣接自治体"@ja	<http://ja.wikipedia.org/wiki/朝霞市>	<http://wikidata.dbpedia.org/resource/Q646834>
<http://ja.dbpedia.org/resource/東京都>	"東京都"@ja	<http://dbpedia.org/ontology/Place>	<http://ja.dbpedia.org/property/隣接自治体>	"隣接自治体"@ja	<http://ja.wikipedia.org/wiki/東京都>	<http://wikidata.dbpedia.org/resource/Q1490>
<http://ja.dbpedia.org/resource/東京都>	"東京都"@ja	<http://dbpedia.org/ontology/AdministrativeRegion>	<http://ja.dbpedia.org/property/隣接自治体>	"隣接自治体"@ja	<http://ja.wikipedia.org/wiki/東京都>	<http://wikidata.dbpedia.org/resource/Q1490>
<http://ja.dbpedia.org/resource/東京都>	"東京都"@ja	<http://dbpedia.org/ontology/Location>	<http://ja.dbpedia.org/property/隣接自治体>	"隣接自治体"@ja	<http://ja.wikipedia.org/wiki/東京都>	<http://wikidata.dbpedia.org/resource/Q1490>
<http://ja.dbpedia.org/resource/東京都>	"東京都"@ja	<http://dbpedia.org/ontology/Region>	<http://ja.dbpedia.org/property/隣接自治体>	"隣接自治体"@ja	<http://ja.wikipedia.org/wiki/東京都>	<http://wikidata.dbpedia.org/resource/Q1490>
<http://ja.dbpedia.org/resource/東京都>	"東京都"@ja	<http://dbpedia.org/ontology/PopulatedPlace>	<http://ja.dbpedia.org/property/隣接自治体>	"隣接自治体"@ja	<http://ja.wikipedia.org/wiki/東京都>	<http://wikidata.dbpedia.org/resource/Q1490>
