?s	?sLabel	?type	?p	?pLabel	?jwiki	?wd
<http://ja.dbpedia.org/resource/キク>	"キク"@ja	<http://dbpedia.org/ontology/Species>	<http://ja.dbpedia.org/property/花>	"花"@ja	<http://ja.wikipedia.org/wiki/キク>	<http://wikidata.dbpedia.org/resource/Q15530181>
<http://ja.dbpedia.org/resource/マツ>	"マツ"@ja	<http://dbpedia.org/ontology/Species>	<http://ja.dbpedia.org/property/木>	"木"@ja	<http://ja.wikipedia.org/wiki/マツ>	<http://wikidata.dbpedia.org/resource/Q12024>
<http://ja.dbpedia.org/resource/三郷市>	"三郷市"@ja	<http://dbpedia.org/ontology/PopulatedPlace>	<http://ja.dbpedia.org/property/northeast>	"Northeast"@ja	<http://ja.wikipedia.org/wiki/三郷市>	<http://wikidata.dbpedia.org/resource/Q853061>
<http://ja.dbpedia.org/resource/三郷市>	"三郷市"@ja	<http://dbpedia.org/ontology/City>	<http://ja.dbpedia.org/property/隣接自治体>	"隣接自治体"@ja	<http://ja.wikipedia.org/wiki/三郷市>	<http://wikidata.dbpedia.org/resource/Q853061>
<http://ja.dbpedia.org/resource/三郷市>	"三郷市"@ja	<http://dbpedia.org/ontology/Place>	<http://ja.dbpedia.org/property/隣接自治体>	"隣接自治体"@ja	<http://ja.wikipedia.org/wiki/三郷市>	<http://wikidata.dbpedia.org/resource/Q853061>
<http://ja.dbpedia.org/resource/三郷市>	"三郷市"@ja	<http://dbpedia.org/ontology/Settlement>	<http://ja.dbpedia.org/property/northeast>	"Northeast"@ja	<http://ja.wikipedia.org/wiki/三郷市>	<http://wikidata.dbpedia.org/resource/Q853061>
<http://ja.dbpedia.org/resource/三郷市>	"三郷市"@ja	<http://dbpedia.org/ontology/Location>	<http://ja.dbpedia.org/property/northeast>	"Northeast"@ja	<http://ja.wikipedia.org/wiki/三郷市>	<http://wikidata.dbpedia.org/resource/Q853061>
<http://ja.dbpedia.org/resource/三郷市>	"三郷市"@ja	<http://dbpedia.org/ontology/Location>	<http://ja.dbpedia.org/property/隣接自治体>	"隣接自治体"@ja	<http://ja.wikipedia.org/wiki/三郷市>	<http://wikidata.dbpedia.org/resource/Q853061>
<http://ja.dbpedia.org/resource/三郷市>	"三郷市"@ja	<http://dbpedia.org/ontology/Place>	<http://ja.dbpedia.org/property/northeast>	"Northeast"@ja	<http://ja.wikipedia.org/wiki/三郷市>	<http://wikidata.dbpedia.org/resource/Q853061>
<http://ja.dbpedia.org/resource/三郷市>	"三郷市"@ja	<http://dbpedia.org/ontology/PopulatedPlace>	<http://ja.dbpedia.org/property/隣接自治体>	"隣接自治体"@ja	<http://ja.wikipedia.org/wiki/三郷市>	<http://wikidata.dbpedia.org/resource/Q853061>
<http://ja.dbpedia.org/resource/三郷市>	"三郷市"@ja	<http://dbpedia.org/ontology/City>	<http://ja.dbpedia.org/property/northeast>	"Northeast"@ja	<http://ja.wikipedia.org/wiki/三郷市>	<http://wikidata.dbpedia.org/resource/Q853061>
<http://ja.dbpedia.org/resource/三郷市>	"三郷市"@ja	<http://dbpedia.org/ontology/Settlement>	<http://ja.dbpedia.org/property/隣接自治体>	"隣接自治体"@ja	<http://ja.wikipedia.org/wiki/三郷市>	<http://wikidata.dbpedia.org/resource/Q853061>
<http://ja.dbpedia.org/resource/八潮市>	"八潮市"@ja	<http://dbpedia.org/ontology/City>	<http://ja.dbpedia.org/property/east>	"East"@ja	<http://ja.wikipedia.org/wiki/八潮市>	<http://wikidata.dbpedia.org/resource/Q869032>
<http://ja.dbpedia.org/resource/八潮市>	"八潮市"@ja	<http://dbpedia.org/ontology/PopulatedPlace>	<http://ja.dbpedia.org/property/隣接自治体>	"隣接自治体"@ja	<http://ja.wikipedia.org/wiki/八潮市>	<http://wikidata.dbpedia.org/resource/Q869032>
<http://ja.dbpedia.org/resource/八潮市>	"八潮市"@ja	<http://dbpedia.org/ontology/Settlement>	<http://ja.dbpedia.org/property/隣接自治体>	"隣接自治体"@ja	<http://ja.wikipedia.org/wiki/八潮市>	<http://wikidata.dbpedia.org/resource/Q869032>
<http://ja.dbpedia.org/resource/八潮市>	"八潮市"@ja	<http://dbpedia.org/ontology/Place>	<http://ja.dbpedia.org/property/east>	"East"@ja	<http://ja.wikipedia.org/wiki/八潮市>	<http://wikidata.dbpedia.org/resource/Q869032>
<http://ja.dbpedia.org/resource/八潮市>	"八潮市"@ja	<http://dbpedia.org/ontology/Location>	<http://ja.dbpedia.org/property/隣接自治体>	"隣接自治体"@ja	<http://ja.wikipedia.org/wiki/八潮市>	<http://wikidata.dbpedia.org/resource/Q869032>
<http://ja.dbpedia.org/resource/八潮市>	"八潮市"@ja	<http://dbpedia.org/ontology/Location>	<http://ja.dbpedia.org/property/east>	"East"@ja	<http://ja.wikipedia.org/wiki/八潮市>	<http://wikidata.dbpedia.org/resource/Q869032>
<http://ja.dbpedia.org/resource/八潮市>	"八潮市"@ja	<http://dbpedia.org/ontology/Place>	<http://ja.dbpedia.org/property/隣接自治体>	"隣接自治体"@ja	<http://ja.wikipedia.org/wiki/八潮市>	<http://wikidata.dbpedia.org/resource/Q869032>
<http://ja.dbpedia.org/resource/八潮市>	"八潮市"@ja	<http://dbpedia.org/ontology/PopulatedPlace>	<http://ja.dbpedia.org/property/east>	"East"@ja	<http://ja.wikipedia.org/wiki/八潮市>	<http://wikidata.dbpedia.org/resource/Q869032>
<http://ja.dbpedia.org/resource/八潮市>	"八潮市"@ja	<http://dbpedia.org/ontology/City>	<http://ja.dbpedia.org/property/隣接自治体>	"隣接自治体"@ja	<http://ja.wikipedia.org/wiki/八潮市>	<http://wikidata.dbpedia.org/resource/Q869032>
<http://ja.dbpedia.org/resource/八潮市>	"八潮市"@ja	<http://dbpedia.org/ontology/Settlement>	<http://ja.dbpedia.org/property/east>	"East"@ja	<http://ja.wikipedia.org/wiki/八潮市>	<http://wikidata.dbpedia.org/resource/Q869032>
<http://ja.dbpedia.org/resource/吉川市>	"吉川市"@ja	<http://dbpedia.org/ontology/City>	<http://ja.dbpedia.org/property/northeast>	"Northeast"@ja	<http://ja.wikipedia.org/wiki/吉川市>	<http://wikidata.dbpedia.org/resource/Q873546>
<http://ja.dbpedia.org/resource/吉川市>	"吉川市"@ja	<http://dbpedia.org/ontology/PopulatedPlace>	<http://ja.dbpedia.org/property/隣接自治体>	"隣接自治体"@ja	<http://ja.wikipedia.org/wiki/吉川市>	<http://wikidata.dbpedia.org/resource/Q873546>
<http://ja.dbpedia.org/resource/吉川市>	"吉川市"@ja	<http://dbpedia.org/ontology/Settlement>	<http://ja.dbpedia.org/property/隣接自治体>	"隣接自治体"@ja	<http://ja.wikipedia.org/wiki/吉川市>	<http://wikidata.dbpedia.org/resource/Q873546>
<http://ja.dbpedia.org/resource/吉川市>	"吉川市"@ja	<http://dbpedia.org/ontology/Place>	<http://ja.dbpedia.org/property/northeast>	"Northeast"@ja	<http://ja.wikipedia.org/wiki/吉川市>	<http://wikidata.dbpedia.org/resource/Q873546>
<http://ja.dbpedia.org/resource/吉川市>	"吉川市"@ja	<http://dbpedia.org/ontology/Location>	<http://ja.dbpedia.org/property/隣接自治体>	"隣接自治体"@ja	<http://ja.wikipedia.org/wiki/吉川市>	<http://wikidata.dbpedia.org/resource/Q873546>
<http://ja.dbpedia.org/resource/吉川市>	"吉川市"@ja	<http://dbpedia.org/ontology/Location>	<http://ja.dbpedia.org/property/northeast>	"Northeast"@ja	<http://ja.wikipedia.org/wiki/吉川市>	<http://wikidata.dbpedia.org/resource/Q873546>
<http://ja.dbpedia.org/resource/吉川市>	"吉川市"@ja	<http://dbpedia.org/ontology/Place>	<http://ja.dbpedia.org/property/隣接自治体>	"隣接自治体"@ja	<http://ja.wikipedia.org/wiki/吉川市>	<http://wikidata.dbpedia.org/resource/Q873546>
<http://ja.dbpedia.org/resource/吉川市>	"吉川市"@ja	<http://dbpedia.org/ontology/PopulatedPlace>	<http://ja.dbpedia.org/property/northeast>	"Northeast"@ja	<http://ja.wikipedia.org/wiki/吉川市>	<http://wikidata.dbpedia.org/resource/Q873546>
<http://ja.dbpedia.org/resource/吉川市>	"吉川市"@ja	<http://dbpedia.org/ontology/City>	<http://ja.dbpedia.org/property/隣接自治体>	"隣接自治体"@ja	<http://ja.wikipedia.org/wiki/吉川市>	<http://wikidata.dbpedia.org/resource/Q873546>
<http://ja.dbpedia.org/resource/吉川市>	"吉川市"@ja	<http://dbpedia.org/ontology/Settlement>	<http://ja.dbpedia.org/property/northeast>	"Northeast"@ja	<http://ja.wikipedia.org/wiki/吉川市>	<http://wikidata.dbpedia.org/resource/Q873546>
<http://ja.dbpedia.org/resource/川口市>	"川口市"@ja	<http://dbpedia.org/ontology/PopulatedPlace>	<http://ja.dbpedia.org/property/隣接自治体>	"隣接自治体"@ja	<http://ja.wikipedia.org/wiki/川口市>	<http://wikidata.dbpedia.org/resource/Q387136>
<http://ja.dbpedia.org/resource/川口市>	"川口市"@ja	<http://dbpedia.org/ontology/Place>	<http://ja.dbpedia.org/property/west>	"West"@ja	<http://ja.wikipedia.org/wiki/川口市>	<http://wikidata.dbpedia.org/resource/Q387136>
<http://ja.dbpedia.org/resource/川口市>	"川口市"@ja	<http://dbpedia.org/ontology/City>	<http://ja.dbpedia.org/property/west>	"West"@ja	<http://ja.wikipedia.org/wiki/川口市>	<http://wikidata.dbpedia.org/resource/Q387136>
<http://ja.dbpedia.org/resource/川口市>	"川口市"@ja	<http://dbpedia.org/ontology/Location>	<http://ja.dbpedia.org/property/隣接自治体>	"隣接自治体"@ja	<http://ja.wikipedia.org/wiki/川口市>	<http://wikidata.dbpedia.org/resource/Q387136>
<http://ja.dbpedia.org/resource/川口市>	"川口市"@ja	<http://dbpedia.org/ontology/Settlement>	<http://ja.dbpedia.org/property/隣接自治体>	"隣接自治体"@ja	<http://ja.wikipedia.org/wiki/川口市>	<http://wikidata.dbpedia.org/resource/Q387136>
<http://ja.dbpedia.org/resource/川口市>	"川口市"@ja	<http://dbpedia.org/ontology/Settlement>	<http://ja.dbpedia.org/property/west>	"West"@ja	<http://ja.wikipedia.org/wiki/川口市>	<http://wikidata.dbpedia.org/resource/Q387136>
<http://ja.dbpedia.org/resource/川口市>	"川口市"@ja	<http://dbpedia.org/ontology/City>	<http://ja.dbpedia.org/property/隣接自治体>	"隣接自治体"@ja	<http://ja.wikipedia.org/wiki/川口市>	<http://wikidata.dbpedia.org/resource/Q387136>
<http://ja.dbpedia.org/resource/川口市>	"川口市"@ja	<http://dbpedia.org/ontology/PopulatedPlace>	<http://ja.dbpedia.org/property/west>	"West"@ja	<http://ja.wikipedia.org/wiki/川口市>	<http://wikidata.dbpedia.org/resource/Q387136>
<http://ja.dbpedia.org/resource/川口市>	"川口市"@ja	<http://dbpedia.org/ontology/Place>	<http://ja.dbpedia.org/property/隣接自治体>	"隣接自治体"@ja	<http://ja.wikipedia.org/wiki/川口市>	<http://wikidata.dbpedia.org/resource/Q387136>
<http://ja.dbpedia.org/resource/川口市>	"川口市"@ja	<http://dbpedia.org/ontology/Location>	<http://ja.dbpedia.org/property/west>	"West"@ja	<http://ja.wikipedia.org/wiki/川口市>	<http://wikidata.dbpedia.org/resource/Q387136>
<http://ja.dbpedia.org/resource/越谷市>	"越谷市"@ja	<http://dbpedia.org/ontology/City>	<http://ja.dbpedia.org/property/north>	"North"@ja	<http://ja.wikipedia.org/wiki/越谷市>	<http://wikidata.dbpedia.org/resource/Q497952>
<http://ja.dbpedia.org/resource/越谷市>	"越谷市"@ja	<http://dbpedia.org/ontology/PopulatedPlace>	<http://ja.dbpedia.org/property/隣接自治体>	"隣接自治体"@ja	<http://ja.wikipedia.org/wiki/越谷市>	<http://wikidata.dbpedia.org/resource/Q497952>
<http://ja.dbpedia.org/resource/越谷市>	"越谷市"@ja	<http://dbpedia.org/ontology/Place>	<http://ja.dbpedia.org/property/north>	"North"@ja	<http://ja.wikipedia.org/wiki/越谷市>	<http://wikidata.dbpedia.org/resource/Q497952>
<http://ja.dbpedia.org/resource/越谷市>	"越谷市"@ja	<http://dbpedia.org/ontology/Settlement>	<http://ja.dbpedia.org/property/隣接自治体>	"隣接自治体"@ja	<http://ja.wikipedia.org/wiki/越谷市>	<http://wikidata.dbpedia.org/resource/Q497952>
<http://ja.dbpedia.org/resource/越谷市>	"越谷市"@ja	<http://dbpedia.org/ontology/Location>	<http://ja.dbpedia.org/property/隣接自治体>	"隣接自治体"@ja	<http://ja.wikipedia.org/wiki/越谷市>	<http://wikidata.dbpedia.org/resource/Q497952>
<http://ja.dbpedia.org/resource/越谷市>	"越谷市"@ja	<http://dbpedia.org/ontology/Location>	<http://ja.dbpedia.org/property/north>	"North"@ja	<http://ja.wikipedia.org/wiki/越谷市>	<http://wikidata.dbpedia.org/resource/Q497952>
<http://ja.dbpedia.org/resource/越谷市>	"越谷市"@ja	<http://dbpedia.org/ontology/Place>	<http://ja.dbpedia.org/property/隣接自治体>	"隣接自治体"@ja	<http://ja.wikipedia.org/wiki/越谷市>	<http://wikidata.dbpedia.org/resource/Q497952>
<http://ja.dbpedia.org/resource/越谷市>	"越谷市"@ja	<http://dbpedia.org/ontology/PopulatedPlace>	<http://ja.dbpedia.org/property/north>	"North"@ja	<http://ja.wikipedia.org/wiki/越谷市>	<http://wikidata.dbpedia.org/resource/Q497952>
<http://ja.dbpedia.org/resource/越谷市>	"越谷市"@ja	<http://dbpedia.org/ontology/City>	<http://ja.dbpedia.org/property/隣接自治体>	"隣接自治体"@ja	<http://ja.wikipedia.org/wiki/越谷市>	<http://wikidata.dbpedia.org/resource/Q497952>
<http://ja.dbpedia.org/resource/越谷市>	"越谷市"@ja	<http://dbpedia.org/ontology/Settlement>	<http://ja.dbpedia.org/property/north>	"North"@ja	<http://ja.wikipedia.org/wiki/越谷市>	<http://wikidata.dbpedia.org/resource/Q497952>
