?s	?sLabel	?type	?p	?pLabel	?jwiki	?wd
<http://ja.dbpedia.org/resource/さいたま市>	"さいたま市"@ja	<http://dbpedia.org/ontology/City>	<http://ja.dbpedia.org/property/隣接自治体>	"隣接自治体"@ja	<http://ja.wikipedia.org/wiki/さいたま市>	<http://wikidata.dbpedia.org/resource/Q134635>
<http://ja.dbpedia.org/resource/さいたま市>	"さいたま市"@ja	<http://dbpedia.org/ontology/Settlement>	<http://ja.dbpedia.org/property/隣接自治体>	"隣接自治体"@ja	<http://ja.wikipedia.org/wiki/さいたま市>	<http://wikidata.dbpedia.org/resource/Q134635>
<http://ja.dbpedia.org/resource/さいたま市>	"さいたま市"@ja	<http://dbpedia.org/ontology/Place>	<http://ja.dbpedia.org/property/隣接自治体>	"隣接自治体"@ja	<http://ja.wikipedia.org/wiki/さいたま市>	<http://wikidata.dbpedia.org/resource/Q134635>
<http://ja.dbpedia.org/resource/さいたま市>	"さいたま市"@ja	<http://dbpedia.org/ontology/PopulatedPlace>	<http://ja.dbpedia.org/property/隣接自治体>	"隣接自治体"@ja	<http://ja.wikipedia.org/wiki/さいたま市>	<http://wikidata.dbpedia.org/resource/Q134635>
<http://ja.dbpedia.org/resource/さいたま市>	"さいたま市"@ja	<http://dbpedia.org/ontology/Location>	<http://ja.dbpedia.org/property/隣接自治体>	"隣接自治体"@ja	<http://ja.wikipedia.org/wiki/さいたま市>	<http://wikidata.dbpedia.org/resource/Q134635>
<http://ja.dbpedia.org/resource/サクラソウ>	"サクラソウ"@ja	<http://dbpedia.org/ontology/Plant>	<http://ja.dbpedia.org/property/花>	"花"@ja	<http://ja.wikipedia.org/wiki/サクラソウ>	<http://wikidata.dbpedia.org/resource/Q1151677>
<http://ja.dbpedia.org/resource/サクラソウ>	"サクラソウ"@ja	<http://dbpedia.org/ontology/Species>	<http://ja.dbpedia.org/property/花>	"花"@ja	<http://ja.wikipedia.org/wiki/サクラソウ>	<http://wikidata.dbpedia.org/resource/Q1151677>
<http://ja.dbpedia.org/resource/サクラソウ>	"サクラソウ"@ja	<http://dbpedia.org/ontology/Eukaryote>	<http://ja.dbpedia.org/property/花>	"花"@ja	<http://ja.wikipedia.org/wiki/サクラソウ>	<http://wikidata.dbpedia.org/resource/Q1151677>
<http://ja.dbpedia.org/resource/モクセイ>	"モクセイ"@ja	<http://dbpedia.org/ontology/Species>	<http://ja.dbpedia.org/property/木>	"木"@ja	<http://ja.wikipedia.org/wiki/モクセイ>	<http://wikidata.dbpedia.org/resource/Q1209922>
<http://ja.dbpedia.org/resource/和光市>	"和光市"@ja	<http://dbpedia.org/ontology/PopulatedPlace>	<http://ja.dbpedia.org/property/隣接自治体>	"隣接自治体"@ja	<http://ja.wikipedia.org/wiki/和光市>	<http://wikidata.dbpedia.org/resource/Q658058>
<http://ja.dbpedia.org/resource/和光市>	"和光市"@ja	<http://dbpedia.org/ontology/Place>	<http://ja.dbpedia.org/property/隣接自治体>	"隣接自治体"@ja	<http://ja.wikipedia.org/wiki/和光市>	<http://wikidata.dbpedia.org/resource/Q658058>
<http://ja.dbpedia.org/resource/和光市>	"和光市"@ja	<http://dbpedia.org/ontology/Location>	<http://ja.dbpedia.org/property/隣接自治体>	"隣接自治体"@ja	<http://ja.wikipedia.org/wiki/和光市>	<http://wikidata.dbpedia.org/resource/Q658058>
<http://ja.dbpedia.org/resource/和光市>	"和光市"@ja	<http://dbpedia.org/ontology/Settlement>	<http://ja.dbpedia.org/property/隣接自治体>	"隣接自治体"@ja	<http://ja.wikipedia.org/wiki/和光市>	<http://wikidata.dbpedia.org/resource/Q658058>
<http://ja.dbpedia.org/resource/和光市>	"和光市"@ja	<http://dbpedia.org/ontology/City>	<http://ja.dbpedia.org/property/隣接自治体>	"隣接自治体"@ja	<http://ja.wikipedia.org/wiki/和光市>	<http://wikidata.dbpedia.org/resource/Q658058>
<http://ja.dbpedia.org/resource/川口市>	"川口市"@ja	<http://dbpedia.org/ontology/Settlement>	<http://ja.dbpedia.org/property/隣接自治体>	"隣接自治体"@ja	<http://ja.wikipedia.org/wiki/川口市>	<http://wikidata.dbpedia.org/resource/Q387136>
<http://ja.dbpedia.org/resource/川口市>	"川口市"@ja	<http://dbpedia.org/ontology/Place>	<http://ja.dbpedia.org/property/隣接自治体>	"隣接自治体"@ja	<http://ja.wikipedia.org/wiki/川口市>	<http://wikidata.dbpedia.org/resource/Q387136>
<http://ja.dbpedia.org/resource/川口市>	"川口市"@ja	<http://dbpedia.org/ontology/City>	<http://ja.dbpedia.org/property/隣接自治体>	"隣接自治体"@ja	<http://ja.wikipedia.org/wiki/川口市>	<http://wikidata.dbpedia.org/resource/Q387136>
<http://ja.dbpedia.org/resource/川口市>	"川口市"@ja	<http://dbpedia.org/ontology/PopulatedPlace>	<http://ja.dbpedia.org/property/隣接自治体>	"隣接自治体"@ja	<http://ja.wikipedia.org/wiki/川口市>	<http://wikidata.dbpedia.org/resource/Q387136>
<http://ja.dbpedia.org/resource/川口市>	"川口市"@ja	<http://dbpedia.org/ontology/Location>	<http://ja.dbpedia.org/property/隣接自治体>	"隣接自治体"@ja	<http://ja.wikipedia.org/wiki/川口市>	<http://wikidata.dbpedia.org/resource/Q387136>
<http://ja.dbpedia.org/resource/彩湖・道満グリーンパーク>	"彩湖・道満グリーンパーク"@ja	<http://dbpedia.org/ontology/Park>	<http://ja.dbpedia.org/property/画像の説明>	"画像の説明"@ja	<http://ja.wikipedia.org/wiki/彩湖・道満グリーンパーク>	<http://wikidata.dbpedia.org/resource/Q11488014>
<http://ja.dbpedia.org/resource/彩湖・道満グリーンパーク>	"彩湖・道満グリーンパーク"@ja	<http://dbpedia.org/ontology/Location>	<http://ja.dbpedia.org/property/画像の説明>	"画像の説明"@ja	<http://ja.wikipedia.org/wiki/彩湖・道満グリーンパーク>	<http://wikidata.dbpedia.org/resource/Q11488014>
<http://ja.dbpedia.org/resource/彩湖・道満グリーンパーク>	"彩湖・道満グリーンパーク"@ja	<http://dbpedia.org/ontology/Place>	<http://ja.dbpedia.org/property/画像の説明>	"画像の説明"@ja	<http://ja.wikipedia.org/wiki/彩湖・道満グリーンパーク>	<http://wikidata.dbpedia.org/resource/Q11488014>
<http://ja.dbpedia.org/resource/朝霞市>	"朝霞市"@ja	<http://dbpedia.org/ontology/City>	<http://ja.dbpedia.org/property/隣接自治体>	"隣接自治体"@ja	<http://ja.wikipedia.org/wiki/朝霞市>	<http://wikidata.dbpedia.org/resource/Q646834>
<http://ja.dbpedia.org/resource/朝霞市>	"朝霞市"@ja	<http://dbpedia.org/ontology/PopulatedPlace>	<http://ja.dbpedia.org/property/隣接自治体>	"隣接自治体"@ja	<http://ja.wikipedia.org/wiki/朝霞市>	<http://wikidata.dbpedia.org/resource/Q646834>
<http://ja.dbpedia.org/resource/朝霞市>	"朝霞市"@ja	<http://dbpedia.org/ontology/Location>	<http://ja.dbpedia.org/property/隣接自治体>	"隣接自治体"@ja	<http://ja.wikipedia.org/wiki/朝霞市>	<http://wikidata.dbpedia.org/resource/Q646834>
<http://ja.dbpedia.org/resource/朝霞市>	"朝霞市"@ja	<http://dbpedia.org/ontology/Settlement>	<http://ja.dbpedia.org/property/隣接自治体>	"隣接自治体"@ja	<http://ja.wikipedia.org/wiki/朝霞市>	<http://wikidata.dbpedia.org/resource/Q646834>
<http://ja.dbpedia.org/resource/朝霞市>	"朝霞市"@ja	<http://dbpedia.org/ontology/Place>	<http://ja.dbpedia.org/property/隣接自治体>	"隣接自治体"@ja	<http://ja.wikipedia.org/wiki/朝霞市>	<http://wikidata.dbpedia.org/resource/Q646834>
<http://ja.dbpedia.org/resource/東京都>	"東京都"@ja	<http://dbpedia.org/ontology/Location>	<http://ja.dbpedia.org/property/隣接自治体>	"隣接自治体"@ja	<http://ja.wikipedia.org/wiki/東京都>	<http://wikidata.dbpedia.org/resource/Q1490>
<http://ja.dbpedia.org/resource/東京都>	"東京都"@ja	<http://dbpedia.org/ontology/Region>	<http://ja.dbpedia.org/property/隣接自治体>	"隣接自治体"@ja	<http://ja.wikipedia.org/wiki/東京都>	<http://wikidata.dbpedia.org/resource/Q1490>
<http://ja.dbpedia.org/resource/東京都>	"東京都"@ja	<http://dbpedia.org/ontology/Place>	<http://ja.dbpedia.org/property/隣接自治体>	"隣接自治体"@ja	<http://ja.wikipedia.org/wiki/東京都>	<http://wikidata.dbpedia.org/resource/Q1490>
<http://ja.dbpedia.org/resource/東京都>	"東京都"@ja	<http://dbpedia.org/ontology/AdministrativeRegion>	<http://ja.dbpedia.org/property/隣接自治体>	"隣接自治体"@ja	<http://ja.wikipedia.org/wiki/東京都>	<http://wikidata.dbpedia.org/resource/Q1490>
<http://ja.dbpedia.org/resource/東京都>	"東京都"@ja	<http://dbpedia.org/ontology/PopulatedPlace>	<http://ja.dbpedia.org/property/隣接自治体>	"隣接自治体"@ja	<http://ja.wikipedia.org/wiki/東京都>	<http://wikidata.dbpedia.org/resource/Q1490>
<http://ja.dbpedia.org/resource/蕨市>	"蕨市"@ja	<http://dbpedia.org/ontology/City>	<http://ja.dbpedia.org/property/隣接自治体>	"隣接自治体"@ja	<http://ja.wikipedia.org/wiki/蕨市>	<http://wikidata.dbpedia.org/resource/Q673010>
<http://ja.dbpedia.org/resource/蕨市>	"蕨市"@ja	<http://dbpedia.org/ontology/Location>	<http://ja.dbpedia.org/property/隣接自治体>	"隣接自治体"@ja	<http://ja.wikipedia.org/wiki/蕨市>	<http://wikidata.dbpedia.org/resource/Q673010>
<http://ja.dbpedia.org/resource/蕨市>	"蕨市"@ja	<http://dbpedia.org/ontology/PopulatedPlace>	<http://ja.dbpedia.org/property/隣接自治体>	"隣接自治体"@ja	<http://ja.wikipedia.org/wiki/蕨市>	<http://wikidata.dbpedia.org/resource/Q673010>
<http://ja.dbpedia.org/resource/蕨市>	"蕨市"@ja	<http://dbpedia.org/ontology/Place>	<http://ja.dbpedia.org/property/隣接自治体>	"隣接自治体"@ja	<http://ja.wikipedia.org/wiki/蕨市>	<http://wikidata.dbpedia.org/resource/Q673010>
<http://ja.dbpedia.org/resource/蕨市>	"蕨市"@ja	<http://dbpedia.org/ontology/Settlement>	<http://ja.dbpedia.org/property/隣接自治体>	"隣接自治体"@ja	<http://ja.wikipedia.org/wiki/蕨市>	<http://wikidata.dbpedia.org/resource/Q673010>
