?s	?sLabel	?type	?p	?pLabel	?jwiki	?wd
<http://ja.dbpedia.org/resource/ケヤキ>	"ケヤキ"@ja	<http://dbpedia.org/ontology/Species>	<http://ja.dbpedia.org/property/木>	"木"@ja	<http://ja.wikipedia.org/wiki/ケヤキ>	<http://wikidata.dbpedia.org/resource/Q920344>
<http://ja.dbpedia.org/resource/チャノキ>	"チャノキ"@ja	<http://dbpedia.org/ontology/Eukaryote>	<http://ja.dbpedia.org/property/花>	"花"@ja	<http://ja.wikipedia.org/wiki/チャノキ>	<http://wikidata.dbpedia.org/resource/Q101815>
<http://ja.dbpedia.org/resource/チャノキ>	"チャノキ"@ja	<http://dbpedia.org/ontology/Plant>	<http://ja.dbpedia.org/property/花>	"花"@ja	<http://ja.wikipedia.org/wiki/チャノキ>	<http://wikidata.dbpedia.org/resource/Q101815>
<http://ja.dbpedia.org/resource/チャノキ>	"チャノキ"@ja	<http://dbpedia.org/ontology/Species>	<http://ja.dbpedia.org/property/花>	"花"@ja	<http://ja.wikipedia.org/wiki/チャノキ>	<http://wikidata.dbpedia.org/resource/Q101815>
<http://ja.dbpedia.org/resource/ヒバリ>	"ヒバリ"@ja	<http://dbpedia.org/ontology/Species>	<http://ja.dbpedia.org/property/鳥など>	"鳥など"@ja	<http://ja.wikipedia.org/wiki/ヒバリ>	<http://wikidata.dbpedia.org/resource/Q25961>
<http://ja.dbpedia.org/resource/所沢市>	"所沢市"@ja	<http://dbpedia.org/ontology/City>	<http://ja.dbpedia.org/property/隣接自治体>	"隣接自治体"@ja	<http://ja.wikipedia.org/wiki/所沢市>	<http://wikidata.dbpedia.org/resource/Q165857>
<http://ja.dbpedia.org/resource/所沢市>	"所沢市"@ja	<http://dbpedia.org/ontology/City>	<http://ja.dbpedia.org/property/east>	"East"@ja	<http://ja.wikipedia.org/wiki/所沢市>	<http://wikidata.dbpedia.org/resource/Q165857>
<http://ja.dbpedia.org/resource/所沢市>	"所沢市"@ja	<http://dbpedia.org/ontology/Location>	<http://ja.dbpedia.org/property/east>	"East"@ja	<http://ja.wikipedia.org/wiki/所沢市>	<http://wikidata.dbpedia.org/resource/Q165857>
<http://ja.dbpedia.org/resource/所沢市>	"所沢市"@ja	<http://dbpedia.org/ontology/Location>	<http://ja.dbpedia.org/property/隣接自治体>	"隣接自治体"@ja	<http://ja.wikipedia.org/wiki/所沢市>	<http://wikidata.dbpedia.org/resource/Q165857>
<http://ja.dbpedia.org/resource/所沢市>	"所沢市"@ja	<http://dbpedia.org/ontology/Place>	<http://ja.dbpedia.org/property/east>	"East"@ja	<http://ja.wikipedia.org/wiki/所沢市>	<http://wikidata.dbpedia.org/resource/Q165857>
<http://ja.dbpedia.org/resource/所沢市>	"所沢市"@ja	<http://dbpedia.org/ontology/Settlement>	<http://ja.dbpedia.org/property/east>	"East"@ja	<http://ja.wikipedia.org/wiki/所沢市>	<http://wikidata.dbpedia.org/resource/Q165857>
<http://ja.dbpedia.org/resource/所沢市>	"所沢市"@ja	<http://dbpedia.org/ontology/Settlement>	<http://ja.dbpedia.org/property/隣接自治体>	"隣接自治体"@ja	<http://ja.wikipedia.org/wiki/所沢市>	<http://wikidata.dbpedia.org/resource/Q165857>
<http://ja.dbpedia.org/resource/所沢市>	"所沢市"@ja	<http://dbpedia.org/ontology/Place>	<http://ja.dbpedia.org/property/隣接自治体>	"隣接自治体"@ja	<http://ja.wikipedia.org/wiki/所沢市>	<http://wikidata.dbpedia.org/resource/Q165857>
<http://ja.dbpedia.org/resource/所沢市>	"所沢市"@ja	<http://dbpedia.org/ontology/PopulatedPlace>	<http://ja.dbpedia.org/property/east>	"East"@ja	<http://ja.wikipedia.org/wiki/所沢市>	<http://wikidata.dbpedia.org/resource/Q165857>
<http://ja.dbpedia.org/resource/所沢市>	"所沢市"@ja	<http://dbpedia.org/ontology/PopulatedPlace>	<http://ja.dbpedia.org/property/隣接自治体>	"隣接自治体"@ja	<http://ja.wikipedia.org/wiki/所沢市>	<http://wikidata.dbpedia.org/resource/Q165857>
<http://ja.dbpedia.org/resource/狭山市>	"狭山市"@ja	<http://dbpedia.org/ontology/PopulatedPlace>	<http://ja.dbpedia.org/property/隣接自治体>	"隣接自治体"@ja	<http://ja.wikipedia.org/wiki/狭山市>	<http://wikidata.dbpedia.org/resource/Q824009>
<http://ja.dbpedia.org/resource/狭山市>	"狭山市"@ja	<http://dbpedia.org/ontology/Location>	<http://ja.dbpedia.org/property/northeast>	"Northeast"@ja	<http://ja.wikipedia.org/wiki/狭山市>	<http://wikidata.dbpedia.org/resource/Q824009>
<http://ja.dbpedia.org/resource/狭山市>	"狭山市"@ja	<http://dbpedia.org/ontology/PopulatedPlace>	<http://ja.dbpedia.org/property/northeast>	"Northeast"@ja	<http://ja.wikipedia.org/wiki/狭山市>	<http://wikidata.dbpedia.org/resource/Q824009>
<http://ja.dbpedia.org/resource/狭山市>	"狭山市"@ja	<http://dbpedia.org/ontology/Place>	<http://ja.dbpedia.org/property/northeast>	"Northeast"@ja	<http://ja.wikipedia.org/wiki/狭山市>	<http://wikidata.dbpedia.org/resource/Q824009>
<http://ja.dbpedia.org/resource/狭山市>	"狭山市"@ja	<http://dbpedia.org/ontology/City>	<http://ja.dbpedia.org/property/隣接自治体>	"隣接自治体"@ja	<http://ja.wikipedia.org/wiki/狭山市>	<http://wikidata.dbpedia.org/resource/Q824009>
<http://ja.dbpedia.org/resource/狭山市>	"狭山市"@ja	<http://dbpedia.org/ontology/Location>	<http://ja.dbpedia.org/property/隣接自治体>	"隣接自治体"@ja	<http://ja.wikipedia.org/wiki/狭山市>	<http://wikidata.dbpedia.org/resource/Q824009>
<http://ja.dbpedia.org/resource/狭山市>	"狭山市"@ja	<http://dbpedia.org/ontology/Settlement>	<http://ja.dbpedia.org/property/northeast>	"Northeast"@ja	<http://ja.wikipedia.org/wiki/狭山市>	<http://wikidata.dbpedia.org/resource/Q824009>
<http://ja.dbpedia.org/resource/狭山市>	"狭山市"@ja	<http://dbpedia.org/ontology/City>	<http://ja.dbpedia.org/property/northeast>	"Northeast"@ja	<http://ja.wikipedia.org/wiki/狭山市>	<http://wikidata.dbpedia.org/resource/Q824009>
<http://ja.dbpedia.org/resource/狭山市>	"狭山市"@ja	<http://dbpedia.org/ontology/Settlement>	<http://ja.dbpedia.org/property/隣接自治体>	"隣接自治体"@ja	<http://ja.wikipedia.org/wiki/狭山市>	<http://wikidata.dbpedia.org/resource/Q824009>
<http://ja.dbpedia.org/resource/狭山市>	"狭山市"@ja	<http://dbpedia.org/ontology/Place>	<http://ja.dbpedia.org/property/隣接自治体>	"隣接自治体"@ja	<http://ja.wikipedia.org/wiki/狭山市>	<http://wikidata.dbpedia.org/resource/Q824009>
<http://ja.dbpedia.org/resource/飯能市>	"飯能市"@ja	<http://dbpedia.org/ontology/City>	<http://ja.dbpedia.org/property/northwest>	"Northwest"@ja	<http://ja.wikipedia.org/wiki/飯能市>	<http://wikidata.dbpedia.org/resource/Q850472>
<http://ja.dbpedia.org/resource/飯能市>	"飯能市"@ja	<http://dbpedia.org/ontology/Location>	<http://ja.dbpedia.org/property/northwest>	"Northwest"@ja	<http://ja.wikipedia.org/wiki/飯能市>	<http://wikidata.dbpedia.org/resource/Q850472>
<http://ja.dbpedia.org/resource/飯能市>	"飯能市"@ja	<http://dbpedia.org/ontology/Place>	<http://ja.dbpedia.org/property/隣接自治体>	"隣接自治体"@ja	<http://ja.wikipedia.org/wiki/飯能市>	<http://wikidata.dbpedia.org/resource/Q850472>
<http://ja.dbpedia.org/resource/飯能市>	"飯能市"@ja	<http://dbpedia.org/ontology/Place>	<http://ja.dbpedia.org/property/northwest>	"Northwest"@ja	<http://ja.wikipedia.org/wiki/飯能市>	<http://wikidata.dbpedia.org/resource/Q850472>
<http://ja.dbpedia.org/resource/飯能市>	"飯能市"@ja	<http://dbpedia.org/ontology/Settlement>	<http://ja.dbpedia.org/property/northwest>	"Northwest"@ja	<http://ja.wikipedia.org/wiki/飯能市>	<http://wikidata.dbpedia.org/resource/Q850472>
<http://ja.dbpedia.org/resource/飯能市>	"飯能市"@ja	<http://dbpedia.org/ontology/Location>	<http://ja.dbpedia.org/property/隣接自治体>	"隣接自治体"@ja	<http://ja.wikipedia.org/wiki/飯能市>	<http://wikidata.dbpedia.org/resource/Q850472>
<http://ja.dbpedia.org/resource/飯能市>	"飯能市"@ja	<http://dbpedia.org/ontology/City>	<http://ja.dbpedia.org/property/隣接自治体>	"隣接自治体"@ja	<http://ja.wikipedia.org/wiki/飯能市>	<http://wikidata.dbpedia.org/resource/Q850472>
<http://ja.dbpedia.org/resource/飯能市>	"飯能市"@ja	<http://dbpedia.org/ontology/PopulatedPlace>	<http://ja.dbpedia.org/property/隣接自治体>	"隣接自治体"@ja	<http://ja.wikipedia.org/wiki/飯能市>	<http://wikidata.dbpedia.org/resource/Q850472>
<http://ja.dbpedia.org/resource/飯能市>	"飯能市"@ja	<http://dbpedia.org/ontology/PopulatedPlace>	<http://ja.dbpedia.org/property/northwest>	"Northwest"@ja	<http://ja.wikipedia.org/wiki/飯能市>	<http://wikidata.dbpedia.org/resource/Q850472>
<http://ja.dbpedia.org/resource/飯能市>	"飯能市"@ja	<http://dbpedia.org/ontology/Settlement>	<http://ja.dbpedia.org/property/隣接自治体>	"隣接自治体"@ja	<http://ja.wikipedia.org/wiki/飯能市>	<http://wikidata.dbpedia.org/resource/Q850472>
