?s	?sLabel	?type	?p	?pLabel	?jwiki	?wd
<http://ja.dbpedia.org/resource/イチョウ>	"イチョウ"@ja	<http://dbpedia.org/ontology/Species>	<http://ja.dbpedia.org/property/木>	"木"@ja	<http://ja.wikipedia.org/wiki/イチョウ>	<http://wikidata.dbpedia.org/resource/Q43284>
<http://ja.dbpedia.org/resource/コスモス>	"コスモス"@ja	<http://dbpedia.org/ontology/Species>	<http://ja.dbpedia.org/property/花>	"花"@ja	<http://ja.wikipedia.org/wiki/コスモス>	<http://wikidata.dbpedia.org/resource/Q476937>
<http://ja.dbpedia.org/resource/加須市>	"加須市"@ja	<http://dbpedia.org/ontology/City>	<http://ja.dbpedia.org/property/north>	"North"@ja	<http://ja.wikipedia.org/wiki/加須市>	<http://wikidata.dbpedia.org/resource/Q851680>
<http://ja.dbpedia.org/resource/加須市>	"加須市"@ja	<http://dbpedia.org/ontology/Place>	<http://ja.dbpedia.org/property/north>	"North"@ja	<http://ja.wikipedia.org/wiki/加須市>	<http://wikidata.dbpedia.org/resource/Q851680>
<http://ja.dbpedia.org/resource/加須市>	"加須市"@ja	<http://dbpedia.org/ontology/Location>	<http://ja.dbpedia.org/property/north>	"North"@ja	<http://ja.wikipedia.org/wiki/加須市>	<http://wikidata.dbpedia.org/resource/Q851680>
<http://ja.dbpedia.org/resource/加須市>	"加須市"@ja	<http://dbpedia.org/ontology/PopulatedPlace>	<http://ja.dbpedia.org/property/north>	"North"@ja	<http://ja.wikipedia.org/wiki/加須市>	<http://wikidata.dbpedia.org/resource/Q851680>
<http://ja.dbpedia.org/resource/加須市>	"加須市"@ja	<http://dbpedia.org/ontology/Settlement>	<http://ja.dbpedia.org/property/north>	"North"@ja	<http://ja.wikipedia.org/wiki/加須市>	<http://wikidata.dbpedia.org/resource/Q851680>
<http://ja.dbpedia.org/resource/宮代町>	"宮代町"@ja	<http://dbpedia.org/ontology/PopulatedPlace>	<http://ja.dbpedia.org/property/south>	"South"@ja	<http://ja.wikipedia.org/wiki/宮代町>	<http://wikidata.dbpedia.org/resource/Q155317>
<http://ja.dbpedia.org/resource/宮代町>	"宮代町"@ja	<http://dbpedia.org/ontology/Settlement>	<http://ja.dbpedia.org/property/south>	"South"@ja	<http://ja.wikipedia.org/wiki/宮代町>	<http://wikidata.dbpedia.org/resource/Q155317>
<http://ja.dbpedia.org/resource/宮代町>	"宮代町"@ja	<http://dbpedia.org/ontology/Location>	<http://ja.dbpedia.org/property/south>	"South"@ja	<http://ja.wikipedia.org/wiki/宮代町>	<http://wikidata.dbpedia.org/resource/Q155317>
<http://ja.dbpedia.org/resource/宮代町>	"宮代町"@ja	<http://dbpedia.org/ontology/Place>	<http://ja.dbpedia.org/property/south>	"South"@ja	<http://ja.wikipedia.org/wiki/宮代町>	<http://wikidata.dbpedia.org/resource/Q155317>
<http://ja.dbpedia.org/resource/宮代町>	"宮代町"@ja	<http://dbpedia.org/ontology/City>	<http://ja.dbpedia.org/property/south>	"South"@ja	<http://ja.wikipedia.org/wiki/宮代町>	<http://wikidata.dbpedia.org/resource/Q155317>
<http://ja.dbpedia.org/resource/幸手市>	"幸手市"@ja	<http://dbpedia.org/ontology/Place>	<http://ja.dbpedia.org/property/southeast>	"Southeast"@ja	<http://ja.wikipedia.org/wiki/幸手市>	<http://wikidata.dbpedia.org/resource/Q868971>
<http://ja.dbpedia.org/resource/幸手市>	"幸手市"@ja	<http://dbpedia.org/ontology/City>	<http://ja.dbpedia.org/property/southeast>	"Southeast"@ja	<http://ja.wikipedia.org/wiki/幸手市>	<http://wikidata.dbpedia.org/resource/Q868971>
<http://ja.dbpedia.org/resource/幸手市>	"幸手市"@ja	<http://dbpedia.org/ontology/Location>	<http://ja.dbpedia.org/property/southeast>	"Southeast"@ja	<http://ja.wikipedia.org/wiki/幸手市>	<http://wikidata.dbpedia.org/resource/Q868971>
<http://ja.dbpedia.org/resource/幸手市>	"幸手市"@ja	<http://dbpedia.org/ontology/PopulatedPlace>	<http://ja.dbpedia.org/property/southeast>	"Southeast"@ja	<http://ja.wikipedia.org/wiki/幸手市>	<http://wikidata.dbpedia.org/resource/Q868971>
<http://ja.dbpedia.org/resource/幸手市>	"幸手市"@ja	<http://dbpedia.org/ontology/Settlement>	<http://ja.dbpedia.org/property/southeast>	"Southeast"@ja	<http://ja.wikipedia.org/wiki/幸手市>	<http://wikidata.dbpedia.org/resource/Q868971>
<http://ja.dbpedia.org/resource/杉戸町>	"杉戸町"@ja	<http://dbpedia.org/ontology/Place>	<http://ja.dbpedia.org/property/south>	"South"@ja	<http://ja.wikipedia.org/wiki/杉戸町>	<http://wikidata.dbpedia.org/resource/Q1345351>
<http://ja.dbpedia.org/resource/杉戸町>	"杉戸町"@ja	<http://dbpedia.org/ontology/City>	<http://ja.dbpedia.org/property/south>	"South"@ja	<http://ja.wikipedia.org/wiki/杉戸町>	<http://wikidata.dbpedia.org/resource/Q1345351>
<http://ja.dbpedia.org/resource/杉戸町>	"杉戸町"@ja	<http://dbpedia.org/ontology/Settlement>	<http://ja.dbpedia.org/property/south>	"South"@ja	<http://ja.wikipedia.org/wiki/杉戸町>	<http://wikidata.dbpedia.org/resource/Q1345351>
<http://ja.dbpedia.org/resource/杉戸町>	"杉戸町"@ja	<http://dbpedia.org/ontology/PopulatedPlace>	<http://ja.dbpedia.org/property/south>	"South"@ja	<http://ja.wikipedia.org/wiki/杉戸町>	<http://wikidata.dbpedia.org/resource/Q1345351>
<http://ja.dbpedia.org/resource/杉戸町>	"杉戸町"@ja	<http://dbpedia.org/ontology/Location>	<http://ja.dbpedia.org/property/south>	"South"@ja	<http://ja.wikipedia.org/wiki/杉戸町>	<http://wikidata.dbpedia.org/resource/Q1345351>
<http://ja.dbpedia.org/resource/桶川市>	"桶川市"@ja	<http://dbpedia.org/ontology/City>	<http://ja.dbpedia.org/property/southwest>	"Southwest"@ja	<http://ja.wikipedia.org/wiki/桶川市>	<http://wikidata.dbpedia.org/resource/Q570333>
<http://ja.dbpedia.org/resource/桶川市>	"桶川市"@ja	<http://dbpedia.org/ontology/Place>	<http://ja.dbpedia.org/property/southwest>	"Southwest"@ja	<http://ja.wikipedia.org/wiki/桶川市>	<http://wikidata.dbpedia.org/resource/Q570333>
<http://ja.dbpedia.org/resource/桶川市>	"桶川市"@ja	<http://dbpedia.org/ontology/Location>	<http://ja.dbpedia.org/property/southwest>	"Southwest"@ja	<http://ja.wikipedia.org/wiki/桶川市>	<http://wikidata.dbpedia.org/resource/Q570333>
<http://ja.dbpedia.org/resource/桶川市>	"桶川市"@ja	<http://dbpedia.org/ontology/PopulatedPlace>	<http://ja.dbpedia.org/property/southwest>	"Southwest"@ja	<http://ja.wikipedia.org/wiki/桶川市>	<http://wikidata.dbpedia.org/resource/Q570333>
<http://ja.dbpedia.org/resource/桶川市>	"桶川市"@ja	<http://dbpedia.org/ontology/Settlement>	<http://ja.dbpedia.org/property/southwest>	"Southwest"@ja	<http://ja.wikipedia.org/wiki/桶川市>	<http://wikidata.dbpedia.org/resource/Q570333>
<http://ja.dbpedia.org/resource/白岡市>	"白岡市"@ja	<http://dbpedia.org/ontology/Place>	<http://ja.dbpedia.org/property/south>	"South"@ja	<http://ja.wikipedia.org/wiki/白岡市>	<http://wikidata.dbpedia.org/resource/Q1345322>
<http://ja.dbpedia.org/resource/白岡市>	"白岡市"@ja	<http://dbpedia.org/ontology/City>	<http://ja.dbpedia.org/property/south>	"South"@ja	<http://ja.wikipedia.org/wiki/白岡市>	<http://wikidata.dbpedia.org/resource/Q1345322>
<http://ja.dbpedia.org/resource/白岡市>	"白岡市"@ja	<http://dbpedia.org/ontology/Settlement>	<http://ja.dbpedia.org/property/south>	"South"@ja	<http://ja.wikipedia.org/wiki/白岡市>	<http://wikidata.dbpedia.org/resource/Q1345322>
<http://ja.dbpedia.org/resource/白岡市>	"白岡市"@ja	<http://dbpedia.org/ontology/PopulatedPlace>	<http://ja.dbpedia.org/property/south>	"South"@ja	<http://ja.wikipedia.org/wiki/白岡市>	<http://wikidata.dbpedia.org/resource/Q1345322>
<http://ja.dbpedia.org/resource/白岡市>	"白岡市"@ja	<http://dbpedia.org/ontology/Location>	<http://ja.dbpedia.org/property/south>	"South"@ja	<http://ja.wikipedia.org/wiki/白岡市>	<http://wikidata.dbpedia.org/resource/Q1345322>
<http://ja.dbpedia.org/resource/蓮田市>	"蓮田市"@ja	<http://dbpedia.org/ontology/PopulatedPlace>	<http://ja.dbpedia.org/property/south>	"South"@ja	<http://ja.wikipedia.org/wiki/蓮田市>	<http://wikidata.dbpedia.org/resource/Q857256>
<http://ja.dbpedia.org/resource/蓮田市>	"蓮田市"@ja	<http://dbpedia.org/ontology/Location>	<http://ja.dbpedia.org/property/south>	"South"@ja	<http://ja.wikipedia.org/wiki/蓮田市>	<http://wikidata.dbpedia.org/resource/Q857256>
<http://ja.dbpedia.org/resource/蓮田市>	"蓮田市"@ja	<http://dbpedia.org/ontology/Settlement>	<http://ja.dbpedia.org/property/south>	"South"@ja	<http://ja.wikipedia.org/wiki/蓮田市>	<http://wikidata.dbpedia.org/resource/Q857256>
<http://ja.dbpedia.org/resource/蓮田市>	"蓮田市"@ja	<http://dbpedia.org/ontology/City>	<http://ja.dbpedia.org/property/south>	"South"@ja	<http://ja.wikipedia.org/wiki/蓮田市>	<http://wikidata.dbpedia.org/resource/Q857256>
<http://ja.dbpedia.org/resource/蓮田市>	"蓮田市"@ja	<http://dbpedia.org/ontology/Place>	<http://ja.dbpedia.org/property/south>	"South"@ja	<http://ja.wikipedia.org/wiki/蓮田市>	<http://wikidata.dbpedia.org/resource/Q857256>
<http://ja.dbpedia.org/resource/鴻巣市>	"鴻巣市"@ja	<http://dbpedia.org/ontology/City>	<http://ja.dbpedia.org/property/west>	"West"@ja	<http://ja.wikipedia.org/wiki/鴻巣市>	<http://wikidata.dbpedia.org/resource/Q734541>
<http://ja.dbpedia.org/resource/鴻巣市>	"鴻巣市"@ja	<http://dbpedia.org/ontology/Place>	<http://ja.dbpedia.org/property/west>	"West"@ja	<http://ja.wikipedia.org/wiki/鴻巣市>	<http://wikidata.dbpedia.org/resource/Q734541>
<http://ja.dbpedia.org/resource/鴻巣市>	"鴻巣市"@ja	<http://dbpedia.org/ontology/Location>	<http://ja.dbpedia.org/property/west>	"West"@ja	<http://ja.wikipedia.org/wiki/鴻巣市>	<http://wikidata.dbpedia.org/resource/Q734541>
<http://ja.dbpedia.org/resource/鴻巣市>	"鴻巣市"@ja	<http://dbpedia.org/ontology/PopulatedPlace>	<http://ja.dbpedia.org/property/west>	"West"@ja	<http://ja.wikipedia.org/wiki/鴻巣市>	<http://wikidata.dbpedia.org/resource/Q734541>
<http://ja.dbpedia.org/resource/鴻巣市>	"鴻巣市"@ja	<http://dbpedia.org/ontology/Settlement>	<http://ja.dbpedia.org/property/west>	"West"@ja	<http://ja.wikipedia.org/wiki/鴻巣市>	<http://wikidata.dbpedia.org/resource/Q734541>
<http://ja.dbpedia.org/resource/鷲宮神社>	"鷲宮神社"@ja	<http://dbpedia.org/ontology/ReligiousBuilding>	<http://ja.dbpedia.org/property/画像の説明>	"画像の説明"@ja	<http://ja.wikipedia.org/wiki/鷲宮神社>	<http://wikidata.dbpedia.org/resource/Q611108>
<http://ja.dbpedia.org/resource/鷲宮神社>	"鷲宮神社"@ja	<http://dbpedia.org/ontology/Building>	<http://ja.dbpedia.org/property/画像の説明>	"画像の説明"@ja	<http://ja.wikipedia.org/wiki/鷲宮神社>	<http://wikidata.dbpedia.org/resource/Q611108>
<http://ja.dbpedia.org/resource/鷲宮神社>	"鷲宮神社"@ja	<http://dbpedia.org/ontology/Shrine>	<http://ja.dbpedia.org/property/画像の説明>	"画像の説明"@ja	<http://ja.wikipedia.org/wiki/鷲宮神社>	<http://wikidata.dbpedia.org/resource/Q611108>
<http://ja.dbpedia.org/resource/鷲宮神社>	"鷲宮神社"@ja	<http://dbpedia.org/ontology/ArchitecturalStructure>	<http://ja.dbpedia.org/property/画像の説明>	"画像の説明"@ja	<http://ja.wikipedia.org/wiki/鷲宮神社>	<http://wikidata.dbpedia.org/resource/Q611108>
