?s	?sLabel	?type	?p	?pLabel	?jwiki	?wd
<http://ja.dbpedia.org/resource/カエデ>	"カエデ"@ja	<http://dbpedia.org/ontology/Eukaryote>	<http://ja.dbpedia.org/property/木>	"木"@ja	<http://ja.wikipedia.org/wiki/カエデ>	<http://wikidata.dbpedia.org/resource/Q42292>
<http://ja.dbpedia.org/resource/カエデ>	"カエデ"@ja	<http://dbpedia.org/ontology/Species>	<http://ja.dbpedia.org/property/木>	"木"@ja	<http://ja.wikipedia.org/wiki/カエデ>	<http://wikidata.dbpedia.org/resource/Q42292>
<http://ja.dbpedia.org/resource/カエデ>	"カエデ"@ja	<http://dbpedia.org/ontology/Plant>	<http://ja.dbpedia.org/property/木>	"木"@ja	<http://ja.wikipedia.org/wiki/カエデ>	<http://wikidata.dbpedia.org/resource/Q42292>
<http://ja.dbpedia.org/resource/コブシ>	"コブシ"@ja	<http://dbpedia.org/ontology/Species>	<http://ja.dbpedia.org/property/花>	"花"@ja	<http://ja.wikipedia.org/wiki/コブシ>	<http://wikidata.dbpedia.org/resource/Q942409>
<http://ja.dbpedia.org/resource/平林寺>	"平林寺"@ja	<http://dbpedia.org/ontology/Temple>	<http://ja.dbpedia.org/property/画像の説明>	"画像の説明"@ja	<http://ja.wikipedia.org/wiki/平林寺>	<http://wikidata.dbpedia.org/resource/Q3129557>
<http://ja.dbpedia.org/resource/平林寺>	"平林寺"@ja	<http://dbpedia.org/ontology/ArchitecturalStructure>	<http://ja.dbpedia.org/property/画像の説明>	"画像の説明"@ja	<http://ja.wikipedia.org/wiki/平林寺>	<http://wikidata.dbpedia.org/resource/Q3129557>
<http://ja.dbpedia.org/resource/平林寺>	"平林寺"@ja	<http://dbpedia.org/ontology/ReligiousBuilding>	<http://ja.dbpedia.org/property/画像の説明>	"画像の説明"@ja	<http://ja.wikipedia.org/wiki/平林寺>	<http://wikidata.dbpedia.org/resource/Q3129557>
<http://ja.dbpedia.org/resource/平林寺>	"平林寺"@ja	<http://dbpedia.org/ontology/Building>	<http://ja.dbpedia.org/property/画像の説明>	"画像の説明"@ja	<http://ja.wikipedia.org/wiki/平林寺>	<http://wikidata.dbpedia.org/resource/Q3129557>
<http://ja.dbpedia.org/resource/志木市>	"志木市"@ja	<http://dbpedia.org/ontology/Place>	<http://ja.dbpedia.org/property/隣接自治体>	"隣接自治体"@ja	<http://ja.wikipedia.org/wiki/志木市>	<http://wikidata.dbpedia.org/resource/Q877202>
<http://ja.dbpedia.org/resource/志木市>	"志木市"@ja	<http://dbpedia.org/ontology/City>	<http://ja.dbpedia.org/property/隣接自治体>	"隣接自治体"@ja	<http://ja.wikipedia.org/wiki/志木市>	<http://wikidata.dbpedia.org/resource/Q877202>
<http://ja.dbpedia.org/resource/志木市>	"志木市"@ja	<http://dbpedia.org/ontology/Location>	<http://ja.dbpedia.org/property/隣接自治体>	"隣接自治体"@ja	<http://ja.wikipedia.org/wiki/志木市>	<http://wikidata.dbpedia.org/resource/Q877202>
<http://ja.dbpedia.org/resource/志木市>	"志木市"@ja	<http://dbpedia.org/ontology/PopulatedPlace>	<http://ja.dbpedia.org/property/隣接自治体>	"隣接自治体"@ja	<http://ja.wikipedia.org/wiki/志木市>	<http://wikidata.dbpedia.org/resource/Q877202>
<http://ja.dbpedia.org/resource/志木市>	"志木市"@ja	<http://dbpedia.org/ontology/Settlement>	<http://ja.dbpedia.org/property/隣接自治体>	"隣接自治体"@ja	<http://ja.wikipedia.org/wiki/志木市>	<http://wikidata.dbpedia.org/resource/Q877202>
<http://ja.dbpedia.org/resource/所沢市>	"所沢市"@ja	<http://dbpedia.org/ontology/Place>	<http://ja.dbpedia.org/property/隣接自治体>	"隣接自治体"@ja	<http://ja.wikipedia.org/wiki/所沢市>	<http://wikidata.dbpedia.org/resource/Q165857>
<http://ja.dbpedia.org/resource/所沢市>	"所沢市"@ja	<http://dbpedia.org/ontology/City>	<http://ja.dbpedia.org/property/隣接自治体>	"隣接自治体"@ja	<http://ja.wikipedia.org/wiki/所沢市>	<http://wikidata.dbpedia.org/resource/Q165857>
<http://ja.dbpedia.org/resource/所沢市>	"所沢市"@ja	<http://dbpedia.org/ontology/Settlement>	<http://ja.dbpedia.org/property/隣接自治体>	"隣接自治体"@ja	<http://ja.wikipedia.org/wiki/所沢市>	<http://wikidata.dbpedia.org/resource/Q165857>
<http://ja.dbpedia.org/resource/所沢市>	"所沢市"@ja	<http://dbpedia.org/ontology/PopulatedPlace>	<http://ja.dbpedia.org/property/隣接自治体>	"隣接自治体"@ja	<http://ja.wikipedia.org/wiki/所沢市>	<http://wikidata.dbpedia.org/resource/Q165857>
<http://ja.dbpedia.org/resource/所沢市>	"所沢市"@ja	<http://dbpedia.org/ontology/Location>	<http://ja.dbpedia.org/property/隣接自治体>	"隣接自治体"@ja	<http://ja.wikipedia.org/wiki/所沢市>	<http://wikidata.dbpedia.org/resource/Q165857>
<http://ja.dbpedia.org/resource/朝霞市>	"朝霞市"@ja	<http://dbpedia.org/ontology/City>	<http://ja.dbpedia.org/property/隣接自治体>	"隣接自治体"@ja	<http://ja.wikipedia.org/wiki/朝霞市>	<http://wikidata.dbpedia.org/resource/Q646834>
<http://ja.dbpedia.org/resource/朝霞市>	"朝霞市"@ja	<http://dbpedia.org/ontology/Place>	<http://ja.dbpedia.org/property/隣接自治体>	"隣接自治体"@ja	<http://ja.wikipedia.org/wiki/朝霞市>	<http://wikidata.dbpedia.org/resource/Q646834>
<http://ja.dbpedia.org/resource/朝霞市>	"朝霞市"@ja	<http://dbpedia.org/ontology/Location>	<http://ja.dbpedia.org/property/隣接自治体>	"隣接自治体"@ja	<http://ja.wikipedia.org/wiki/朝霞市>	<http://wikidata.dbpedia.org/resource/Q646834>
<http://ja.dbpedia.org/resource/朝霞市>	"朝霞市"@ja	<http://dbpedia.org/ontology/PopulatedPlace>	<http://ja.dbpedia.org/property/隣接自治体>	"隣接自治体"@ja	<http://ja.wikipedia.org/wiki/朝霞市>	<http://wikidata.dbpedia.org/resource/Q646834>
<http://ja.dbpedia.org/resource/朝霞市>	"朝霞市"@ja	<http://dbpedia.org/ontology/Settlement>	<http://ja.dbpedia.org/property/隣接自治体>	"隣接自治体"@ja	<http://ja.wikipedia.org/wiki/朝霞市>	<http://wikidata.dbpedia.org/resource/Q646834>
<http://ja.dbpedia.org/resource/東久留米市>	"東久留米市"@ja	<http://dbpedia.org/ontology/Place>	<http://ja.dbpedia.org/property/隣接自治体>	"隣接自治体"@ja	<http://ja.wikipedia.org/wiki/東久留米市>	<http://wikidata.dbpedia.org/resource/Q317830>
<http://ja.dbpedia.org/resource/東久留米市>	"東久留米市"@ja	<http://dbpedia.org/ontology/City>	<http://ja.dbpedia.org/property/隣接自治体>	"隣接自治体"@ja	<http://ja.wikipedia.org/wiki/東久留米市>	<http://wikidata.dbpedia.org/resource/Q317830>
<http://ja.dbpedia.org/resource/東久留米市>	"東久留米市"@ja	<http://dbpedia.org/ontology/Settlement>	<http://ja.dbpedia.org/property/隣接自治体>	"隣接自治体"@ja	<http://ja.wikipedia.org/wiki/東久留米市>	<http://wikidata.dbpedia.org/resource/Q317830>
<http://ja.dbpedia.org/resource/東久留米市>	"東久留米市"@ja	<http://dbpedia.org/ontology/PopulatedPlace>	<http://ja.dbpedia.org/property/隣接自治体>	"隣接自治体"@ja	<http://ja.wikipedia.org/wiki/東久留米市>	<http://wikidata.dbpedia.org/resource/Q317830>
<http://ja.dbpedia.org/resource/東久留米市>	"東久留米市"@ja	<http://dbpedia.org/ontology/Location>	<http://ja.dbpedia.org/property/隣接自治体>	"隣接自治体"@ja	<http://ja.wikipedia.org/wiki/東久留米市>	<http://wikidata.dbpedia.org/resource/Q317830>
<http://ja.dbpedia.org/resource/東京都>	"東京都"@ja	<http://dbpedia.org/ontology/Place>	<http://ja.dbpedia.org/property/隣接自治体>	"隣接自治体"@ja	<http://ja.wikipedia.org/wiki/東京都>	<http://wikidata.dbpedia.org/resource/Q1490>
<http://ja.dbpedia.org/resource/東京都>	"東京都"@ja	<http://dbpedia.org/ontology/Region>	<http://ja.dbpedia.org/property/隣接自治体>	"隣接自治体"@ja	<http://ja.wikipedia.org/wiki/東京都>	<http://wikidata.dbpedia.org/resource/Q1490>
<http://ja.dbpedia.org/resource/東京都>	"東京都"@ja	<http://dbpedia.org/ontology/PopulatedPlace>	<http://ja.dbpedia.org/property/隣接自治体>	"隣接自治体"@ja	<http://ja.wikipedia.org/wiki/東京都>	<http://wikidata.dbpedia.org/resource/Q1490>
<http://ja.dbpedia.org/resource/東京都>	"東京都"@ja	<http://dbpedia.org/ontology/Location>	<http://ja.dbpedia.org/property/隣接自治体>	"隣接自治体"@ja	<http://ja.wikipedia.org/wiki/東京都>	<http://wikidata.dbpedia.org/resource/Q1490>
<http://ja.dbpedia.org/resource/東京都>	"東京都"@ja	<http://dbpedia.org/ontology/AdministrativeRegion>	<http://ja.dbpedia.org/property/隣接自治体>	"隣接自治体"@ja	<http://ja.wikipedia.org/wiki/東京都>	<http://wikidata.dbpedia.org/resource/Q1490>
<http://ja.dbpedia.org/resource/清瀬市>	"清瀬市"@ja	<http://dbpedia.org/ontology/City>	<http://ja.dbpedia.org/property/隣接自治体>	"隣接自治体"@ja	<http://ja.wikipedia.org/wiki/清瀬市>	<http://wikidata.dbpedia.org/resource/Q329754>
<http://ja.dbpedia.org/resource/清瀬市>	"清瀬市"@ja	<http://dbpedia.org/ontology/Place>	<http://ja.dbpedia.org/property/隣接自治体>	"隣接自治体"@ja	<http://ja.wikipedia.org/wiki/清瀬市>	<http://wikidata.dbpedia.org/resource/Q329754>
<http://ja.dbpedia.org/resource/清瀬市>	"清瀬市"@ja	<http://dbpedia.org/ontology/Location>	<http://ja.dbpedia.org/property/隣接自治体>	"隣接自治体"@ja	<http://ja.wikipedia.org/wiki/清瀬市>	<http://wikidata.dbpedia.org/resource/Q329754>
<http://ja.dbpedia.org/resource/清瀬市>	"清瀬市"@ja	<http://dbpedia.org/ontology/PopulatedPlace>	<http://ja.dbpedia.org/property/隣接自治体>	"隣接自治体"@ja	<http://ja.wikipedia.org/wiki/清瀬市>	<http://wikidata.dbpedia.org/resource/Q329754>
<http://ja.dbpedia.org/resource/清瀬市>	"清瀬市"@ja	<http://dbpedia.org/ontology/Settlement>	<http://ja.dbpedia.org/property/隣接自治体>	"隣接自治体"@ja	<http://ja.wikipedia.org/wiki/清瀬市>	<http://wikidata.dbpedia.org/resource/Q329754>
<http://ja.dbpedia.org/resource/西東京市>	"西東京市"@ja	<http://dbpedia.org/ontology/Place>	<http://ja.dbpedia.org/property/隣接自治体>	"隣接自治体"@ja	<http://ja.wikipedia.org/wiki/西東京市>	<http://wikidata.dbpedia.org/resource/Q242882>
<http://ja.dbpedia.org/resource/西東京市>	"西東京市"@ja	<http://dbpedia.org/ontology/City>	<http://ja.dbpedia.org/property/隣接自治体>	"隣接自治体"@ja	<http://ja.wikipedia.org/wiki/西東京市>	<http://wikidata.dbpedia.org/resource/Q242882>
<http://ja.dbpedia.org/resource/西東京市>	"西東京市"@ja	<http://dbpedia.org/ontology/Settlement>	<http://ja.dbpedia.org/property/隣接自治体>	"隣接自治体"@ja	<http://ja.wikipedia.org/wiki/西東京市>	<http://wikidata.dbpedia.org/resource/Q242882>
<http://ja.dbpedia.org/resource/西東京市>	"西東京市"@ja	<http://dbpedia.org/ontology/Location>	<http://ja.dbpedia.org/property/隣接自治体>	"隣接自治体"@ja	<http://ja.wikipedia.org/wiki/西東京市>	<http://wikidata.dbpedia.org/resource/Q242882>
<http://ja.dbpedia.org/resource/西東京市>	"西東京市"@ja	<http://dbpedia.org/ontology/PopulatedPlace>	<http://ja.dbpedia.org/property/隣接自治体>	"隣接自治体"@ja	<http://ja.wikipedia.org/wiki/西東京市>	<http://wikidata.dbpedia.org/resource/Q242882>
