?s	?sLabel	?type	?p	?pLabel	?jwiki	?wd
<http://ja.dbpedia.org/resource/イチョウ>	"イチョウ"@ja	<http://dbpedia.org/ontology/Species>	<http://ja.dbpedia.org/property/木>	"木"@ja	<http://ja.wikipedia.org/wiki/イチョウ>	<http://wikidata.dbpedia.org/resource/Q43284>
<http://ja.dbpedia.org/resource/クチナシ>	"クチナシ"@ja	<http://dbpedia.org/ontology/Species>	<http://ja.dbpedia.org/property/花>	"花"@ja	<http://ja.wikipedia.org/wiki/クチナシ>	<http://wikidata.dbpedia.org/resource/Q1072101>
<http://ja.dbpedia.org/resource/三郷市>	"三郷市"@ja	<http://dbpedia.org/ontology/PopulatedPlace>	<http://ja.dbpedia.org/property/east>	"East"@ja	<http://ja.wikipedia.org/wiki/三郷市>	<http://wikidata.dbpedia.org/resource/Q853061>
<http://ja.dbpedia.org/resource/三郷市>	"三郷市"@ja	<http://dbpedia.org/ontology/Settlement>	<http://ja.dbpedia.org/property/隣接自治体>	"隣接自治体"@ja	<http://ja.wikipedia.org/wiki/三郷市>	<http://wikidata.dbpedia.org/resource/Q853061>
<http://ja.dbpedia.org/resource/三郷市>	"三郷市"@ja	<http://dbpedia.org/ontology/City>	<http://ja.dbpedia.org/property/east>	"East"@ja	<http://ja.wikipedia.org/wiki/三郷市>	<http://wikidata.dbpedia.org/resource/Q853061>
<http://ja.dbpedia.org/resource/三郷市>	"三郷市"@ja	<http://dbpedia.org/ontology/Settlement>	<http://ja.dbpedia.org/property/east>	"East"@ja	<http://ja.wikipedia.org/wiki/三郷市>	<http://wikidata.dbpedia.org/resource/Q853061>
<http://ja.dbpedia.org/resource/三郷市>	"三郷市"@ja	<http://dbpedia.org/ontology/Location>	<http://ja.dbpedia.org/property/east>	"East"@ja	<http://ja.wikipedia.org/wiki/三郷市>	<http://wikidata.dbpedia.org/resource/Q853061>
<http://ja.dbpedia.org/resource/三郷市>	"三郷市"@ja	<http://dbpedia.org/ontology/PopulatedPlace>	<http://ja.dbpedia.org/property/隣接自治体>	"隣接自治体"@ja	<http://ja.wikipedia.org/wiki/三郷市>	<http://wikidata.dbpedia.org/resource/Q853061>
<http://ja.dbpedia.org/resource/三郷市>	"三郷市"@ja	<http://dbpedia.org/ontology/Place>	<http://ja.dbpedia.org/property/隣接自治体>	"隣接自治体"@ja	<http://ja.wikipedia.org/wiki/三郷市>	<http://wikidata.dbpedia.org/resource/Q853061>
<http://ja.dbpedia.org/resource/三郷市>	"三郷市"@ja	<http://dbpedia.org/ontology/Place>	<http://ja.dbpedia.org/property/east>	"East"@ja	<http://ja.wikipedia.org/wiki/三郷市>	<http://wikidata.dbpedia.org/resource/Q853061>
<http://ja.dbpedia.org/resource/三郷市>	"三郷市"@ja	<http://dbpedia.org/ontology/City>	<http://ja.dbpedia.org/property/隣接自治体>	"隣接自治体"@ja	<http://ja.wikipedia.org/wiki/三郷市>	<http://wikidata.dbpedia.org/resource/Q853061>
<http://ja.dbpedia.org/resource/三郷市>	"三郷市"@ja	<http://dbpedia.org/ontology/Location>	<http://ja.dbpedia.org/property/隣接自治体>	"隣接自治体"@ja	<http://ja.wikipedia.org/wiki/三郷市>	<http://wikidata.dbpedia.org/resource/Q853061>
<http://ja.dbpedia.org/resource/東京都>	"東京都"@ja	<http://dbpedia.org/ontology/Place>	<http://ja.dbpedia.org/property/隣接自治体>	"隣接自治体"@ja	<http://ja.wikipedia.org/wiki/東京都>	<http://wikidata.dbpedia.org/resource/Q1490>
<http://ja.dbpedia.org/resource/東京都>	"東京都"@ja	<http://dbpedia.org/ontology/Location>	<http://ja.dbpedia.org/property/隣接自治体>	"隣接自治体"@ja	<http://ja.wikipedia.org/wiki/東京都>	<http://wikidata.dbpedia.org/resource/Q1490>
<http://ja.dbpedia.org/resource/東京都>	"東京都"@ja	<http://dbpedia.org/ontology/Region>	<http://ja.dbpedia.org/property/隣接自治体>	"隣接自治体"@ja	<http://ja.wikipedia.org/wiki/東京都>	<http://wikidata.dbpedia.org/resource/Q1490>
<http://ja.dbpedia.org/resource/東京都>	"東京都"@ja	<http://dbpedia.org/ontology/AdministrativeRegion>	<http://ja.dbpedia.org/property/隣接自治体>	"隣接自治体"@ja	<http://ja.wikipedia.org/wiki/東京都>	<http://wikidata.dbpedia.org/resource/Q1490>
<http://ja.dbpedia.org/resource/東京都>	"東京都"@ja	<http://dbpedia.org/ontology/PopulatedPlace>	<http://ja.dbpedia.org/property/隣接自治体>	"隣接自治体"@ja	<http://ja.wikipedia.org/wiki/東京都>	<http://wikidata.dbpedia.org/resource/Q1490>
<http://ja.dbpedia.org/resource/草加市>	"草加市"@ja	<http://dbpedia.org/ontology/City>	<http://ja.dbpedia.org/property/隣接自治体>	"隣接自治体"@ja	<http://ja.wikipedia.org/wiki/草加市>	<http://wikidata.dbpedia.org/resource/Q734442>
<http://ja.dbpedia.org/resource/草加市>	"草加市"@ja	<http://dbpedia.org/ontology/City>	<http://ja.dbpedia.org/property/west>	"West"@ja	<http://ja.wikipedia.org/wiki/草加市>	<http://wikidata.dbpedia.org/resource/Q734442>
<http://ja.dbpedia.org/resource/草加市>	"草加市"@ja	<http://dbpedia.org/ontology/Place>	<http://ja.dbpedia.org/property/west>	"West"@ja	<http://ja.wikipedia.org/wiki/草加市>	<http://wikidata.dbpedia.org/resource/Q734442>
<http://ja.dbpedia.org/resource/草加市>	"草加市"@ja	<http://dbpedia.org/ontology/PopulatedPlace>	<http://ja.dbpedia.org/property/west>	"West"@ja	<http://ja.wikipedia.org/wiki/草加市>	<http://wikidata.dbpedia.org/resource/Q734442>
<http://ja.dbpedia.org/resource/草加市>	"草加市"@ja	<http://dbpedia.org/ontology/Settlement>	<http://ja.dbpedia.org/property/west>	"West"@ja	<http://ja.wikipedia.org/wiki/草加市>	<http://wikidata.dbpedia.org/resource/Q734442>
<http://ja.dbpedia.org/resource/草加市>	"草加市"@ja	<http://dbpedia.org/ontology/Location>	<http://ja.dbpedia.org/property/隣接自治体>	"隣接自治体"@ja	<http://ja.wikipedia.org/wiki/草加市>	<http://wikidata.dbpedia.org/resource/Q734442>
<http://ja.dbpedia.org/resource/草加市>	"草加市"@ja	<http://dbpedia.org/ontology/Location>	<http://ja.dbpedia.org/property/west>	"West"@ja	<http://ja.wikipedia.org/wiki/草加市>	<http://wikidata.dbpedia.org/resource/Q734442>
<http://ja.dbpedia.org/resource/草加市>	"草加市"@ja	<http://dbpedia.org/ontology/PopulatedPlace>	<http://ja.dbpedia.org/property/隣接自治体>	"隣接自治体"@ja	<http://ja.wikipedia.org/wiki/草加市>	<http://wikidata.dbpedia.org/resource/Q734442>
<http://ja.dbpedia.org/resource/草加市>	"草加市"@ja	<http://dbpedia.org/ontology/Place>	<http://ja.dbpedia.org/property/隣接自治体>	"隣接自治体"@ja	<http://ja.wikipedia.org/wiki/草加市>	<http://wikidata.dbpedia.org/resource/Q734442>
<http://ja.dbpedia.org/resource/草加市>	"草加市"@ja	<http://dbpedia.org/ontology/Settlement>	<http://ja.dbpedia.org/property/隣接自治体>	"隣接自治体"@ja	<http://ja.wikipedia.org/wiki/草加市>	<http://wikidata.dbpedia.org/resource/Q734442>
