?s	?sLabel	?type	?p	?pLabel	?jwiki	?wd
<http://ja.dbpedia.org/resource/サクラ>	"サクラ"@ja	<http://dbpedia.org/ontology/Species>	<http://ja.dbpedia.org/property/木>	"木"@ja	<http://ja.wikipedia.org/wiki/サクラ>	<http://wikidata.dbpedia.org/resource/Q871991>
<http://ja.dbpedia.org/resource/サツキ>	"サツキ"@ja	<http://dbpedia.org/ontology/Species>	<http://ja.dbpedia.org/property/花>	"花"@ja	<http://ja.wikipedia.org/wiki/サツキ>	<http://wikidata.dbpedia.org/resource/Q5366359>
<http://ja.dbpedia.org/resource/川越市>	"川越市"@ja	<http://dbpedia.org/ontology/PopulatedPlace>	<http://ja.dbpedia.org/property/southeast>	"Southeast"@ja	<http://ja.wikipedia.org/wiki/川越市>	<http://wikidata.dbpedia.org/resource/Q319740>
<http://ja.dbpedia.org/resource/川越市>	"川越市"@ja	<http://dbpedia.org/ontology/Place>	<http://ja.dbpedia.org/property/southeast>	"Southeast"@ja	<http://ja.wikipedia.org/wiki/川越市>	<http://wikidata.dbpedia.org/resource/Q319740>
<http://ja.dbpedia.org/resource/川越市>	"川越市"@ja	<http://dbpedia.org/ontology/City>	<http://ja.dbpedia.org/property/southeast>	"Southeast"@ja	<http://ja.wikipedia.org/wiki/川越市>	<http://wikidata.dbpedia.org/resource/Q319740>
<http://ja.dbpedia.org/resource/川越市>	"川越市"@ja	<http://dbpedia.org/ontology/Location>	<http://ja.dbpedia.org/property/southeast>	"Southeast"@ja	<http://ja.wikipedia.org/wiki/川越市>	<http://wikidata.dbpedia.org/resource/Q319740>
<http://ja.dbpedia.org/resource/川越市>	"川越市"@ja	<http://dbpedia.org/ontology/Settlement>	<http://ja.dbpedia.org/property/southeast>	"Southeast"@ja	<http://ja.wikipedia.org/wiki/川越市>	<http://wikidata.dbpedia.org/resource/Q319740>
<http://ja.dbpedia.org/resource/日高市>	"日高市"@ja	<http://dbpedia.org/ontology/Location>	<http://ja.dbpedia.org/property/southwest>	"Southwest"@ja	<http://ja.wikipedia.org/wiki/日高市>	<http://wikidata.dbpedia.org/resource/Q905721>
<http://ja.dbpedia.org/resource/日高市>	"日高市"@ja	<http://dbpedia.org/ontology/City>	<http://ja.dbpedia.org/property/southwest>	"Southwest"@ja	<http://ja.wikipedia.org/wiki/日高市>	<http://wikidata.dbpedia.org/resource/Q905721>
<http://ja.dbpedia.org/resource/日高市>	"日高市"@ja	<http://dbpedia.org/ontology/PopulatedPlace>	<http://ja.dbpedia.org/property/southwest>	"Southwest"@ja	<http://ja.wikipedia.org/wiki/日高市>	<http://wikidata.dbpedia.org/resource/Q905721>
<http://ja.dbpedia.org/resource/日高市>	"日高市"@ja	<http://dbpedia.org/ontology/Settlement>	<http://ja.dbpedia.org/property/southwest>	"Southwest"@ja	<http://ja.wikipedia.org/wiki/日高市>	<http://wikidata.dbpedia.org/resource/Q905721>
<http://ja.dbpedia.org/resource/日高市>	"日高市"@ja	<http://dbpedia.org/ontology/Place>	<http://ja.dbpedia.org/property/southwest>	"Southwest"@ja	<http://ja.wikipedia.org/wiki/日高市>	<http://wikidata.dbpedia.org/resource/Q905721>
<http://ja.dbpedia.org/resource/東松山市>	"東松山市"@ja	<http://dbpedia.org/ontology/Location>	<http://ja.dbpedia.org/property/north>	"North"@ja	<http://ja.wikipedia.org/wiki/東松山市>	<http://wikidata.dbpedia.org/resource/Q823907>
<http://ja.dbpedia.org/resource/東松山市>	"東松山市"@ja	<http://dbpedia.org/ontology/Settlement>	<http://ja.dbpedia.org/property/north>	"North"@ja	<http://ja.wikipedia.org/wiki/東松山市>	<http://wikidata.dbpedia.org/resource/Q823907>
<http://ja.dbpedia.org/resource/東松山市>	"東松山市"@ja	<http://dbpedia.org/ontology/Place>	<http://ja.dbpedia.org/property/north>	"North"@ja	<http://ja.wikipedia.org/wiki/東松山市>	<http://wikidata.dbpedia.org/resource/Q823907>
<http://ja.dbpedia.org/resource/東松山市>	"東松山市"@ja	<http://dbpedia.org/ontology/City>	<http://ja.dbpedia.org/property/north>	"North"@ja	<http://ja.wikipedia.org/wiki/東松山市>	<http://wikidata.dbpedia.org/resource/Q823907>
<http://ja.dbpedia.org/resource/東松山市>	"東松山市"@ja	<http://dbpedia.org/ontology/PopulatedPlace>	<http://ja.dbpedia.org/property/north>	"North"@ja	<http://ja.wikipedia.org/wiki/東松山市>	<http://wikidata.dbpedia.org/resource/Q823907>
<http://ja.dbpedia.org/resource/鶴ヶ島市>	"鶴ヶ島市"@ja	<http://dbpedia.org/ontology/Settlement>	<http://ja.dbpedia.org/property/south>	"South"@ja	<http://ja.wikipedia.org/wiki/鶴ヶ島市>	<http://wikidata.dbpedia.org/resource/Q869027>
<http://ja.dbpedia.org/resource/鶴ヶ島市>	"鶴ヶ島市"@ja	<http://dbpedia.org/ontology/Place>	<http://ja.dbpedia.org/property/south>	"South"@ja	<http://ja.wikipedia.org/wiki/鶴ヶ島市>	<http://wikidata.dbpedia.org/resource/Q869027>
<http://ja.dbpedia.org/resource/鶴ヶ島市>	"鶴ヶ島市"@ja	<http://dbpedia.org/ontology/City>	<http://ja.dbpedia.org/property/south>	"South"@ja	<http://ja.wikipedia.org/wiki/鶴ヶ島市>	<http://wikidata.dbpedia.org/resource/Q869027>
<http://ja.dbpedia.org/resource/鶴ヶ島市>	"鶴ヶ島市"@ja	<http://dbpedia.org/ontology/PopulatedPlace>	<http://ja.dbpedia.org/property/south>	"South"@ja	<http://ja.wikipedia.org/wiki/鶴ヶ島市>	<http://wikidata.dbpedia.org/resource/Q869027>
<http://ja.dbpedia.org/resource/鶴ヶ島市>	"鶴ヶ島市"@ja	<http://dbpedia.org/ontology/Location>	<http://ja.dbpedia.org/property/south>	"South"@ja	<http://ja.wikipedia.org/wiki/鶴ヶ島市>	<http://wikidata.dbpedia.org/resource/Q869027>
