?s	?sLabel	?type	?p	?pLabel	?jwiki	?wd
<http://ja.dbpedia.org/resource/スイレン属>	"スイレン属"@ja	<http://dbpedia.org/ontology/Species>	<http://ja.dbpedia.org/property/花>	"花"@ja	<http://ja.wikipedia.org/wiki/スイレン属>	<http://wikidata.dbpedia.org/resource/Q146628>
<http://ja.dbpedia.org/resource/ハナミズキ>	"ハナミズキ"@ja	<http://dbpedia.org/ontology/Species>	<http://ja.dbpedia.org/property/木>	"木"@ja	<http://ja.wikipedia.org/wiki/ハナミズキ>	<http://wikidata.dbpedia.org/resource/Q887221>
<http://ja.dbpedia.org/resource/西城沼公園>	"西城沼公園"@ja	<http://dbpedia.org/ontology/Location>	<http://ja.dbpedia.org/property/画像の説明>	"画像の説明"@ja	<http://ja.wikipedia.org/wiki/西城沼公園>	<http://wikidata.dbpedia.org/resource/Q21654047>
<http://ja.dbpedia.org/resource/西城沼公園>	"西城沼公園"@ja	<http://dbpedia.org/ontology/Place>	<http://ja.dbpedia.org/property/画像の説明>	"画像の説明"@ja	<http://ja.wikipedia.org/wiki/西城沼公園>	<http://wikidata.dbpedia.org/resource/Q21654047>
<http://ja.dbpedia.org/resource/西城沼公園>	"西城沼公園"@ja	<http://dbpedia.org/ontology/Park>	<http://ja.dbpedia.org/property/画像の説明>	"画像の説明"@ja	<http://ja.wikipedia.org/wiki/西城沼公園>	<http://wikidata.dbpedia.org/resource/Q21654047>
