?s	?sLabel	?type	?p	?pLabel	?jwiki	?wd
<http://ja.dbpedia.org/resource/ナシ>	"ナシ"@ja	<http://dbpedia.org/ontology/Species>	<http://ja.dbpedia.org/property/花>	"花"@ja	<http://ja.wikipedia.org/wiki/ナシ>	<http://wikidata.dbpedia.org/resource/Q56886361>
<http://ja.dbpedia.org/resource/マツ>	"マツ"@ja	<http://dbpedia.org/ontology/Species>	<http://ja.dbpedia.org/property/木>	"木"@ja	<http://ja.wikipedia.org/wiki/マツ>	<http://wikidata.dbpedia.org/resource/Q12024>
<http://ja.dbpedia.org/resource/白岡八幡宮>	"白岡八幡宮"@ja	<http://dbpedia.org/ontology/Building>	<http://ja.dbpedia.org/property/画像の説明>	"画像の説明"@ja	<http://ja.wikipedia.org/wiki/白岡八幡宮>	<http://wikidata.dbpedia.org/resource/Q11579622>
<http://ja.dbpedia.org/resource/白岡八幡宮>	"白岡八幡宮"@ja	<http://dbpedia.org/ontology/ArchitecturalStructure>	<http://ja.dbpedia.org/property/画像の説明>	"画像の説明"@ja	<http://ja.wikipedia.org/wiki/白岡八幡宮>	<http://wikidata.dbpedia.org/resource/Q11579622>
<http://ja.dbpedia.org/resource/白岡八幡宮>	"白岡八幡宮"@ja	<http://dbpedia.org/ontology/Shrine>	<http://ja.dbpedia.org/property/画像の説明>	"画像の説明"@ja	<http://ja.wikipedia.org/wiki/白岡八幡宮>	<http://wikidata.dbpedia.org/resource/Q11579622>
<http://ja.dbpedia.org/resource/白岡八幡宮>	"白岡八幡宮"@ja	<http://dbpedia.org/ontology/ReligiousBuilding>	<http://ja.dbpedia.org/property/画像の説明>	"画像の説明"@ja	<http://ja.wikipedia.org/wiki/白岡八幡宮>	<http://wikidata.dbpedia.org/resource/Q11579622>
