?s	?sLabel	?type	?p	?pLabel	?jwiki	?wd
<http://ja.dbpedia.org/resource/サツキ>	"サツキ"@ja	<http://dbpedia.org/ontology/Species>	<http://ja.dbpedia.org/property/花>	"花"@ja	<http://ja.wikipedia.org/wiki/サツキ>	<http://wikidata.dbpedia.org/resource/Q5366359>
<http://ja.dbpedia.org/resource/ツツジ>	"ツツジ"@ja	<http://dbpedia.org/ontology/Species>	<http://ja.dbpedia.org/property/花>	"花"@ja	<http://ja.wikipedia.org/wiki/ツツジ>	<http://wikidata.dbpedia.org/resource/Q189393>
<http://ja.dbpedia.org/resource/モクセイ>	"モクセイ"@ja	<http://dbpedia.org/ontology/Species>	<http://ja.dbpedia.org/property/木>	"木"@ja	<http://ja.wikipedia.org/wiki/モクセイ>	<http://wikidata.dbpedia.org/resource/Q1209922>
<http://ja.dbpedia.org/resource/三郷市>	"三郷市"@ja	<http://dbpedia.org/ontology/Settlement>	<http://ja.dbpedia.org/property/south>	"South"@ja	<http://ja.wikipedia.org/wiki/三郷市>	<http://wikidata.dbpedia.org/resource/Q853061>
<http://ja.dbpedia.org/resource/三郷市>	"三郷市"@ja	<http://dbpedia.org/ontology/PopulatedPlace>	<http://ja.dbpedia.org/property/south>	"South"@ja	<http://ja.wikipedia.org/wiki/三郷市>	<http://wikidata.dbpedia.org/resource/Q853061>
<http://ja.dbpedia.org/resource/三郷市>	"三郷市"@ja	<http://dbpedia.org/ontology/Location>	<http://ja.dbpedia.org/property/south>	"South"@ja	<http://ja.wikipedia.org/wiki/三郷市>	<http://wikidata.dbpedia.org/resource/Q853061>
<http://ja.dbpedia.org/resource/三郷市>	"三郷市"@ja	<http://dbpedia.org/ontology/Place>	<http://ja.dbpedia.org/property/south>	"South"@ja	<http://ja.wikipedia.org/wiki/三郷市>	<http://wikidata.dbpedia.org/resource/Q853061>
<http://ja.dbpedia.org/resource/三郷市>	"三郷市"@ja	<http://dbpedia.org/ontology/City>	<http://ja.dbpedia.org/property/south>	"South"@ja	<http://ja.wikipedia.org/wiki/三郷市>	<http://wikidata.dbpedia.org/resource/Q853061>
<http://ja.dbpedia.org/resource/千葉県>	"千葉県"@ja	<http://dbpedia.org/ontology/Region>	<http://ja.dbpedia.org/property/隣接自治体>	"隣接自治体"@ja	<http://ja.wikipedia.org/wiki/千葉県>	<http://wikidata.dbpedia.org/resource/Q80011>
<http://ja.dbpedia.org/resource/千葉県>	"千葉県"@ja	<http://dbpedia.org/ontology/Place>	<http://ja.dbpedia.org/property/隣接自治体>	"隣接自治体"@ja	<http://ja.wikipedia.org/wiki/千葉県>	<http://wikidata.dbpedia.org/resource/Q80011>
<http://ja.dbpedia.org/resource/千葉県>	"千葉県"@ja	<http://dbpedia.org/ontology/AdministrativeRegion>	<http://ja.dbpedia.org/property/隣接自治体>	"隣接自治体"@ja	<http://ja.wikipedia.org/wiki/千葉県>	<http://wikidata.dbpedia.org/resource/Q80011>
<http://ja.dbpedia.org/resource/千葉県>	"千葉県"@ja	<http://dbpedia.org/ontology/PopulatedPlace>	<http://ja.dbpedia.org/property/隣接自治体>	"隣接自治体"@ja	<http://ja.wikipedia.org/wiki/千葉県>	<http://wikidata.dbpedia.org/resource/Q80011>
<http://ja.dbpedia.org/resource/千葉県>	"千葉県"@ja	<http://dbpedia.org/ontology/Location>	<http://ja.dbpedia.org/property/隣接自治体>	"隣接自治体"@ja	<http://ja.wikipedia.org/wiki/千葉県>	<http://wikidata.dbpedia.org/resource/Q80011>
<http://ja.dbpedia.org/resource/吉川公園>	"吉川公園"@ja	<http://dbpedia.org/ontology/Place>	<http://ja.dbpedia.org/property/画像の説明>	"画像の説明"@ja	<http://ja.wikipedia.org/wiki/吉川公園>	<http://wikidata.dbpedia.org/resource/Q11412948>
<http://ja.dbpedia.org/resource/吉川公園>	"吉川公園"@ja	<http://dbpedia.org/ontology/Park>	<http://ja.dbpedia.org/property/画像の説明>	"画像の説明"@ja	<http://ja.wikipedia.org/wiki/吉川公園>	<http://wikidata.dbpedia.org/resource/Q11412948>
<http://ja.dbpedia.org/resource/吉川公園>	"吉川公園"@ja	<http://dbpedia.org/ontology/Location>	<http://ja.dbpedia.org/property/画像の説明>	"画像の説明"@ja	<http://ja.wikipedia.org/wiki/吉川公園>	<http://wikidata.dbpedia.org/resource/Q11412948>
<http://ja.dbpedia.org/resource/松伏町>	"松伏町"@ja	<http://dbpedia.org/ontology/Place>	<http://ja.dbpedia.org/property/north>	"North"@ja	<http://ja.wikipedia.org/wiki/松伏町>	<http://wikidata.dbpedia.org/resource/Q1346963>
<http://ja.dbpedia.org/resource/松伏町>	"松伏町"@ja	<http://dbpedia.org/ontology/City>	<http://ja.dbpedia.org/property/north>	"North"@ja	<http://ja.wikipedia.org/wiki/松伏町>	<http://wikidata.dbpedia.org/resource/Q1346963>
<http://ja.dbpedia.org/resource/松伏町>	"松伏町"@ja	<http://dbpedia.org/ontology/Location>	<http://ja.dbpedia.org/property/north>	"North"@ja	<http://ja.wikipedia.org/wiki/松伏町>	<http://wikidata.dbpedia.org/resource/Q1346963>
<http://ja.dbpedia.org/resource/松伏町>	"松伏町"@ja	<http://dbpedia.org/ontology/PopulatedPlace>	<http://ja.dbpedia.org/property/north>	"North"@ja	<http://ja.wikipedia.org/wiki/松伏町>	<http://wikidata.dbpedia.org/resource/Q1346963>
<http://ja.dbpedia.org/resource/松伏町>	"松伏町"@ja	<http://dbpedia.org/ontology/Settlement>	<http://ja.dbpedia.org/property/north>	"North"@ja	<http://ja.wikipedia.org/wiki/松伏町>	<http://wikidata.dbpedia.org/resource/Q1346963>
<http://ja.dbpedia.org/resource/流山市>	"流山市"@ja	<http://dbpedia.org/ontology/Place>	<http://ja.dbpedia.org/property/隣接自治体>	"隣接自治体"@ja	<http://ja.wikipedia.org/wiki/流山市>	<http://wikidata.dbpedia.org/resource/Q328625>
<http://ja.dbpedia.org/resource/流山市>	"流山市"@ja	<http://dbpedia.org/ontology/City>	<http://ja.dbpedia.org/property/隣接自治体>	"隣接自治体"@ja	<http://ja.wikipedia.org/wiki/流山市>	<http://wikidata.dbpedia.org/resource/Q328625>
<http://ja.dbpedia.org/resource/流山市>	"流山市"@ja	<http://dbpedia.org/ontology/Settlement>	<http://ja.dbpedia.org/property/隣接自治体>	"隣接自治体"@ja	<http://ja.wikipedia.org/wiki/流山市>	<http://wikidata.dbpedia.org/resource/Q328625>
<http://ja.dbpedia.org/resource/流山市>	"流山市"@ja	<http://dbpedia.org/ontology/PopulatedPlace>	<http://ja.dbpedia.org/property/隣接自治体>	"隣接自治体"@ja	<http://ja.wikipedia.org/wiki/流山市>	<http://wikidata.dbpedia.org/resource/Q328625>
<http://ja.dbpedia.org/resource/流山市>	"流山市"@ja	<http://dbpedia.org/ontology/Location>	<http://ja.dbpedia.org/property/隣接自治体>	"隣接自治体"@ja	<http://ja.wikipedia.org/wiki/流山市>	<http://wikidata.dbpedia.org/resource/Q328625>
<http://ja.dbpedia.org/resource/草加市>	"草加市"@ja	<http://dbpedia.org/ontology/City>	<http://ja.dbpedia.org/property/southwest>	"Southwest"@ja	<http://ja.wikipedia.org/wiki/草加市>	<http://wikidata.dbpedia.org/resource/Q734442>
<http://ja.dbpedia.org/resource/草加市>	"草加市"@ja	<http://dbpedia.org/ontology/Place>	<http://ja.dbpedia.org/property/southwest>	"Southwest"@ja	<http://ja.wikipedia.org/wiki/草加市>	<http://wikidata.dbpedia.org/resource/Q734442>
<http://ja.dbpedia.org/resource/草加市>	"草加市"@ja	<http://dbpedia.org/ontology/Settlement>	<http://ja.dbpedia.org/property/southwest>	"Southwest"@ja	<http://ja.wikipedia.org/wiki/草加市>	<http://wikidata.dbpedia.org/resource/Q734442>
<http://ja.dbpedia.org/resource/草加市>	"草加市"@ja	<http://dbpedia.org/ontology/PopulatedPlace>	<http://ja.dbpedia.org/property/southwest>	"Southwest"@ja	<http://ja.wikipedia.org/wiki/草加市>	<http://wikidata.dbpedia.org/resource/Q734442>
<http://ja.dbpedia.org/resource/草加市>	"草加市"@ja	<http://dbpedia.org/ontology/Location>	<http://ja.dbpedia.org/property/southwest>	"Southwest"@ja	<http://ja.wikipedia.org/wiki/草加市>	<http://wikidata.dbpedia.org/resource/Q734442>
<http://ja.dbpedia.org/resource/越谷市>	"越谷市"@ja	<http://dbpedia.org/ontology/City>	<http://ja.dbpedia.org/property/west>	"West"@ja	<http://ja.wikipedia.org/wiki/越谷市>	<http://wikidata.dbpedia.org/resource/Q497952>
<http://ja.dbpedia.org/resource/越谷市>	"越谷市"@ja	<http://dbpedia.org/ontology/Place>	<http://ja.dbpedia.org/property/west>	"West"@ja	<http://ja.wikipedia.org/wiki/越谷市>	<http://wikidata.dbpedia.org/resource/Q497952>
<http://ja.dbpedia.org/resource/越谷市>	"越谷市"@ja	<http://dbpedia.org/ontology/Location>	<http://ja.dbpedia.org/property/west>	"West"@ja	<http://ja.wikipedia.org/wiki/越谷市>	<http://wikidata.dbpedia.org/resource/Q497952>
<http://ja.dbpedia.org/resource/越谷市>	"越谷市"@ja	<http://dbpedia.org/ontology/PopulatedPlace>	<http://ja.dbpedia.org/property/west>	"West"@ja	<http://ja.wikipedia.org/wiki/越谷市>	<http://wikidata.dbpedia.org/resource/Q497952>
<http://ja.dbpedia.org/resource/越谷市>	"越谷市"@ja	<http://dbpedia.org/ontology/Settlement>	<http://ja.dbpedia.org/property/west>	"West"@ja	<http://ja.wikipedia.org/wiki/越谷市>	<http://wikidata.dbpedia.org/resource/Q497952>
<http://ja.dbpedia.org/resource/野田市>	"野田市"@ja	<http://dbpedia.org/ontology/Place>	<http://ja.dbpedia.org/property/隣接自治体>	"隣接自治体"@ja	<http://ja.wikipedia.org/wiki/野田市>	<http://wikidata.dbpedia.org/resource/Q328619>
<http://ja.dbpedia.org/resource/野田市>	"野田市"@ja	<http://dbpedia.org/ontology/City>	<http://ja.dbpedia.org/property/隣接自治体>	"隣接自治体"@ja	<http://ja.wikipedia.org/wiki/野田市>	<http://wikidata.dbpedia.org/resource/Q328619>
<http://ja.dbpedia.org/resource/野田市>	"野田市"@ja	<http://dbpedia.org/ontology/Settlement>	<http://ja.dbpedia.org/property/隣接自治体>	"隣接自治体"@ja	<http://ja.wikipedia.org/wiki/野田市>	<http://wikidata.dbpedia.org/resource/Q328619>
<http://ja.dbpedia.org/resource/野田市>	"野田市"@ja	<http://dbpedia.org/ontology/Location>	<http://ja.dbpedia.org/property/隣接自治体>	"隣接自治体"@ja	<http://ja.wikipedia.org/wiki/野田市>	<http://wikidata.dbpedia.org/resource/Q328619>
<http://ja.dbpedia.org/resource/野田市>	"野田市"@ja	<http://dbpedia.org/ontology/PopulatedPlace>	<http://ja.dbpedia.org/property/隣接自治体>	"隣接自治体"@ja	<http://ja.wikipedia.org/wiki/野田市>	<http://wikidata.dbpedia.org/resource/Q328619>
