?s	?sLabel	?type	?p	?pLabel	?jwiki	?wd
<http://ja.dbpedia.org/resource/カワセミ>	"カワセミ"@ja	<http://dbpedia.org/ontology/Species>	<http://ja.dbpedia.org/property/鳥など>	"鳥など"@ja	<http://ja.wikipedia.org/wiki/カワセミ>	<http://wikidata.dbpedia.org/resource/Q79915>
<http://ja.dbpedia.org/resource/ハギ>	"ハギ"@ja	<http://dbpedia.org/ontology/Species>	<http://ja.dbpedia.org/property/花>	"花"@ja	<http://ja.wikipedia.org/wiki/ハギ>	<http://wikidata.dbpedia.org/resource/Q99542755>
<http://ja.dbpedia.org/resource/ヒガンバナ>	"ヒガンバナ"@ja	<http://dbpedia.org/ontology/Species>	<http://ja.dbpedia.org/property/花>	"花"@ja	<http://ja.wikipedia.org/wiki/ヒガンバナ>	<http://wikidata.dbpedia.org/resource/Q161828>
<http://ja.dbpedia.org/resource/ヒガンバナ>	"ヒガンバナ"@ja	<http://dbpedia.org/ontology/Species>	<http://ja.dbpedia.org/property/画像の説明>	"画像の説明"@ja	<http://ja.wikipedia.org/wiki/ヒガンバナ>	<http://wikidata.dbpedia.org/resource/Q161828>
<http://ja.dbpedia.org/resource/モクセイ>	"モクセイ"@ja	<http://dbpedia.org/ontology/Species>	<http://ja.dbpedia.org/property/木>	"木"@ja	<http://ja.wikipedia.org/wiki/モクセイ>	<http://wikidata.dbpedia.org/resource/Q1209922>
<http://ja.dbpedia.org/resource/坂戸市>	"坂戸市"@ja	<http://dbpedia.org/ontology/Location>	<http://ja.dbpedia.org/property/north>	"North"@ja	<http://ja.wikipedia.org/wiki/坂戸市>	<http://wikidata.dbpedia.org/resource/Q850344>
<http://ja.dbpedia.org/resource/坂戸市>	"坂戸市"@ja	<http://dbpedia.org/ontology/City>	<http://ja.dbpedia.org/property/north>	"North"@ja	<http://ja.wikipedia.org/wiki/坂戸市>	<http://wikidata.dbpedia.org/resource/Q850344>
<http://ja.dbpedia.org/resource/坂戸市>	"坂戸市"@ja	<http://dbpedia.org/ontology/PopulatedPlace>	<http://ja.dbpedia.org/property/north>	"North"@ja	<http://ja.wikipedia.org/wiki/坂戸市>	<http://wikidata.dbpedia.org/resource/Q850344>
<http://ja.dbpedia.org/resource/坂戸市>	"坂戸市"@ja	<http://dbpedia.org/ontology/Settlement>	<http://ja.dbpedia.org/property/north>	"North"@ja	<http://ja.wikipedia.org/wiki/坂戸市>	<http://wikidata.dbpedia.org/resource/Q850344>
<http://ja.dbpedia.org/resource/坂戸市>	"坂戸市"@ja	<http://dbpedia.org/ontology/Place>	<http://ja.dbpedia.org/property/north>	"North"@ja	<http://ja.wikipedia.org/wiki/坂戸市>	<http://wikidata.dbpedia.org/resource/Q850344>
<http://ja.dbpedia.org/resource/川越市>	"川越市"@ja	<http://dbpedia.org/ontology/City>	<http://ja.dbpedia.org/property/east>	"East"@ja	<http://ja.wikipedia.org/wiki/川越市>	<http://wikidata.dbpedia.org/resource/Q319740>
<http://ja.dbpedia.org/resource/川越市>	"川越市"@ja	<http://dbpedia.org/ontology/PopulatedPlace>	<http://ja.dbpedia.org/property/east>	"East"@ja	<http://ja.wikipedia.org/wiki/川越市>	<http://wikidata.dbpedia.org/resource/Q319740>
<http://ja.dbpedia.org/resource/川越市>	"川越市"@ja	<http://dbpedia.org/ontology/Location>	<http://ja.dbpedia.org/property/east>	"East"@ja	<http://ja.wikipedia.org/wiki/川越市>	<http://wikidata.dbpedia.org/resource/Q319740>
<http://ja.dbpedia.org/resource/川越市>	"川越市"@ja	<http://dbpedia.org/ontology/Settlement>	<http://ja.dbpedia.org/property/east>	"East"@ja	<http://ja.wikipedia.org/wiki/川越市>	<http://wikidata.dbpedia.org/resource/Q319740>
<http://ja.dbpedia.org/resource/川越市>	"川越市"@ja	<http://dbpedia.org/ontology/Place>	<http://ja.dbpedia.org/property/east>	"East"@ja	<http://ja.wikipedia.org/wiki/川越市>	<http://wikidata.dbpedia.org/resource/Q319740>
<http://ja.dbpedia.org/resource/狭山市>	"狭山市"@ja	<http://dbpedia.org/ontology/City>	<http://ja.dbpedia.org/property/southeast>	"Southeast"@ja	<http://ja.wikipedia.org/wiki/狭山市>	<http://wikidata.dbpedia.org/resource/Q824009>
<http://ja.dbpedia.org/resource/狭山市>	"狭山市"@ja	<http://dbpedia.org/ontology/Location>	<http://ja.dbpedia.org/property/southeast>	"Southeast"@ja	<http://ja.wikipedia.org/wiki/狭山市>	<http://wikidata.dbpedia.org/resource/Q824009>
<http://ja.dbpedia.org/resource/狭山市>	"狭山市"@ja	<http://dbpedia.org/ontology/Settlement>	<http://ja.dbpedia.org/property/southeast>	"Southeast"@ja	<http://ja.wikipedia.org/wiki/狭山市>	<http://wikidata.dbpedia.org/resource/Q824009>
<http://ja.dbpedia.org/resource/狭山市>	"狭山市"@ja	<http://dbpedia.org/ontology/PopulatedPlace>	<http://ja.dbpedia.org/property/southeast>	"Southeast"@ja	<http://ja.wikipedia.org/wiki/狭山市>	<http://wikidata.dbpedia.org/resource/Q824009>
<http://ja.dbpedia.org/resource/狭山市>	"狭山市"@ja	<http://dbpedia.org/ontology/Place>	<http://ja.dbpedia.org/property/southeast>	"Southeast"@ja	<http://ja.wikipedia.org/wiki/狭山市>	<http://wikidata.dbpedia.org/resource/Q824009>
<http://ja.dbpedia.org/resource/飯能市>	"飯能市"@ja	<http://dbpedia.org/ontology/Location>	<http://ja.dbpedia.org/property/south>	"South"@ja	<http://ja.wikipedia.org/wiki/飯能市>	<http://wikidata.dbpedia.org/resource/Q850472>
<http://ja.dbpedia.org/resource/飯能市>	"飯能市"@ja	<http://dbpedia.org/ontology/Settlement>	<http://ja.dbpedia.org/property/south>	"South"@ja	<http://ja.wikipedia.org/wiki/飯能市>	<http://wikidata.dbpedia.org/resource/Q850472>
<http://ja.dbpedia.org/resource/飯能市>	"飯能市"@ja	<http://dbpedia.org/ontology/Place>	<http://ja.dbpedia.org/property/south>	"South"@ja	<http://ja.wikipedia.org/wiki/飯能市>	<http://wikidata.dbpedia.org/resource/Q850472>
<http://ja.dbpedia.org/resource/飯能市>	"飯能市"@ja	<http://dbpedia.org/ontology/City>	<http://ja.dbpedia.org/property/south>	"South"@ja	<http://ja.wikipedia.org/wiki/飯能市>	<http://wikidata.dbpedia.org/resource/Q850472>
<http://ja.dbpedia.org/resource/飯能市>	"飯能市"@ja	<http://dbpedia.org/ontology/PopulatedPlace>	<http://ja.dbpedia.org/property/south>	"South"@ja	<http://ja.wikipedia.org/wiki/飯能市>	<http://wikidata.dbpedia.org/resource/Q850472>
<http://ja.dbpedia.org/resource/鶴ヶ島市>	"鶴ヶ島市"@ja	<http://dbpedia.org/ontology/Settlement>	<http://ja.dbpedia.org/property/northeast>	"Northeast"@ja	<http://ja.wikipedia.org/wiki/鶴ヶ島市>	<http://wikidata.dbpedia.org/resource/Q869027>
<http://ja.dbpedia.org/resource/鶴ヶ島市>	"鶴ヶ島市"@ja	<http://dbpedia.org/ontology/Place>	<http://ja.dbpedia.org/property/northeast>	"Northeast"@ja	<http://ja.wikipedia.org/wiki/鶴ヶ島市>	<http://wikidata.dbpedia.org/resource/Q869027>
<http://ja.dbpedia.org/resource/鶴ヶ島市>	"鶴ヶ島市"@ja	<http://dbpedia.org/ontology/City>	<http://ja.dbpedia.org/property/northeast>	"Northeast"@ja	<http://ja.wikipedia.org/wiki/鶴ヶ島市>	<http://wikidata.dbpedia.org/resource/Q869027>
<http://ja.dbpedia.org/resource/鶴ヶ島市>	"鶴ヶ島市"@ja	<http://dbpedia.org/ontology/PopulatedPlace>	<http://ja.dbpedia.org/property/northeast>	"Northeast"@ja	<http://ja.wikipedia.org/wiki/鶴ヶ島市>	<http://wikidata.dbpedia.org/resource/Q869027>
<http://ja.dbpedia.org/resource/鶴ヶ島市>	"鶴ヶ島市"@ja	<http://dbpedia.org/ontology/Location>	<http://ja.dbpedia.org/property/northeast>	"Northeast"@ja	<http://ja.wikipedia.org/wiki/鶴ヶ島市>	<http://wikidata.dbpedia.org/resource/Q869027>
