?s	?sLabel	?type	?p	?pLabel	?jwiki	?wd
<http://ja.dbpedia.org/resource/バラ>	"バラ"@ja	<http://dbpedia.org/ontology/Species>	<http://ja.dbpedia.org/property/花>	"花"@ja	<http://ja.wikipedia.org/wiki/バラ>	<http://wikidata.dbpedia.org/resource/Q64140922>
<http://ja.dbpedia.org/resource/モクセイ>	"モクセイ"@ja	<http://dbpedia.org/ontology/Species>	<http://ja.dbpedia.org/property/木>	"木"@ja	<http://ja.wikipedia.org/wiki/モクセイ>	<http://wikidata.dbpedia.org/resource/Q1209922>
<http://ja.dbpedia.org/resource/上尾市>	"上尾市"@ja	<http://dbpedia.org/ontology/PopulatedPlace>	<http://ja.dbpedia.org/property/隣接自治体>	"隣接自治体"@ja	<http://ja.wikipedia.org/wiki/上尾市>	<http://wikidata.dbpedia.org/resource/Q163888>
<http://ja.dbpedia.org/resource/上尾市>	"上尾市"@ja	<http://dbpedia.org/ontology/Place>	<http://ja.dbpedia.org/property/隣接自治体>	"隣接自治体"@ja	<http://ja.wikipedia.org/wiki/上尾市>	<http://wikidata.dbpedia.org/resource/Q163888>
<http://ja.dbpedia.org/resource/上尾市>	"上尾市"@ja	<http://dbpedia.org/ontology/City>	<http://ja.dbpedia.org/property/隣接自治体>	"隣接自治体"@ja	<http://ja.wikipedia.org/wiki/上尾市>	<http://wikidata.dbpedia.org/resource/Q163888>
<http://ja.dbpedia.org/resource/上尾市>	"上尾市"@ja	<http://dbpedia.org/ontology/Location>	<http://ja.dbpedia.org/property/隣接自治体>	"隣接自治体"@ja	<http://ja.wikipedia.org/wiki/上尾市>	<http://wikidata.dbpedia.org/resource/Q163888>
<http://ja.dbpedia.org/resource/上尾市>	"上尾市"@ja	<http://dbpedia.org/ontology/Settlement>	<http://ja.dbpedia.org/property/隣接自治体>	"隣接自治体"@ja	<http://ja.wikipedia.org/wiki/上尾市>	<http://wikidata.dbpedia.org/resource/Q163888>
<http://ja.dbpedia.org/resource/桶川市>	"桶川市"@ja	<http://dbpedia.org/ontology/Location>	<http://ja.dbpedia.org/property/隣接自治体>	"隣接自治体"@ja	<http://ja.wikipedia.org/wiki/桶川市>	<http://wikidata.dbpedia.org/resource/Q570333>
<http://ja.dbpedia.org/resource/桶川市>	"桶川市"@ja	<http://dbpedia.org/ontology/City>	<http://ja.dbpedia.org/property/隣接自治体>	"隣接自治体"@ja	<http://ja.wikipedia.org/wiki/桶川市>	<http://wikidata.dbpedia.org/resource/Q570333>
<http://ja.dbpedia.org/resource/桶川市>	"桶川市"@ja	<http://dbpedia.org/ontology/PopulatedPlace>	<http://ja.dbpedia.org/property/隣接自治体>	"隣接自治体"@ja	<http://ja.wikipedia.org/wiki/桶川市>	<http://wikidata.dbpedia.org/resource/Q570333>
<http://ja.dbpedia.org/resource/桶川市>	"桶川市"@ja	<http://dbpedia.org/ontology/Settlement>	<http://ja.dbpedia.org/property/隣接自治体>	"隣接自治体"@ja	<http://ja.wikipedia.org/wiki/桶川市>	<http://wikidata.dbpedia.org/resource/Q570333>
<http://ja.dbpedia.org/resource/桶川市>	"桶川市"@ja	<http://dbpedia.org/ontology/Place>	<http://ja.dbpedia.org/property/隣接自治体>	"隣接自治体"@ja	<http://ja.wikipedia.org/wiki/桶川市>	<http://wikidata.dbpedia.org/resource/Q570333>
<http://ja.dbpedia.org/resource/蓮田市>	"蓮田市"@ja	<http://dbpedia.org/ontology/City>	<http://ja.dbpedia.org/property/隣接自治体>	"隣接自治体"@ja	<http://ja.wikipedia.org/wiki/蓮田市>	<http://wikidata.dbpedia.org/resource/Q857256>
<http://ja.dbpedia.org/resource/蓮田市>	"蓮田市"@ja	<http://dbpedia.org/ontology/Location>	<http://ja.dbpedia.org/property/隣接自治体>	"隣接自治体"@ja	<http://ja.wikipedia.org/wiki/蓮田市>	<http://wikidata.dbpedia.org/resource/Q857256>
<http://ja.dbpedia.org/resource/蓮田市>	"蓮田市"@ja	<http://dbpedia.org/ontology/PopulatedPlace>	<http://ja.dbpedia.org/property/隣接自治体>	"隣接自治体"@ja	<http://ja.wikipedia.org/wiki/蓮田市>	<http://wikidata.dbpedia.org/resource/Q857256>
<http://ja.dbpedia.org/resource/蓮田市>	"蓮田市"@ja	<http://dbpedia.org/ontology/Place>	<http://ja.dbpedia.org/property/隣接自治体>	"隣接自治体"@ja	<http://ja.wikipedia.org/wiki/蓮田市>	<http://wikidata.dbpedia.org/resource/Q857256>
<http://ja.dbpedia.org/resource/蓮田市>	"蓮田市"@ja	<http://dbpedia.org/ontology/Settlement>	<http://ja.dbpedia.org/property/隣接自治体>	"隣接自治体"@ja	<http://ja.wikipedia.org/wiki/蓮田市>	<http://wikidata.dbpedia.org/resource/Q857256>
