?s	?sLabel	?type	?p	?pLabel	?jwiki	?wd
<http://ja.dbpedia.org/resource/ふじみ野市>	"ふじみ野市"@ja	<http://dbpedia.org/ontology/City>	<http://ja.dbpedia.org/property/隣接自治体>	"隣接自治体"@ja	<http://ja.wikipedia.org/wiki/ふじみ野市>	<http://wikidata.dbpedia.org/resource/Q873590>
<http://ja.dbpedia.org/resource/ふじみ野市>	"ふじみ野市"@ja	<http://dbpedia.org/ontology/PopulatedPlace>	<http://ja.dbpedia.org/property/隣接自治体>	"隣接自治体"@ja	<http://ja.wikipedia.org/wiki/ふじみ野市>	<http://wikidata.dbpedia.org/resource/Q873590>
<http://ja.dbpedia.org/resource/ふじみ野市>	"ふじみ野市"@ja	<http://dbpedia.org/ontology/Place>	<http://ja.dbpedia.org/property/隣接自治体>	"隣接自治体"@ja	<http://ja.wikipedia.org/wiki/ふじみ野市>	<http://wikidata.dbpedia.org/resource/Q873590>
<http://ja.dbpedia.org/resource/ふじみ野市>	"ふじみ野市"@ja	<http://dbpedia.org/ontology/Location>	<http://ja.dbpedia.org/property/隣接自治体>	"隣接自治体"@ja	<http://ja.wikipedia.org/wiki/ふじみ野市>	<http://wikidata.dbpedia.org/resource/Q873590>
<http://ja.dbpedia.org/resource/ふじみ野市>	"ふじみ野市"@ja	<http://dbpedia.org/ontology/Settlement>	<http://ja.dbpedia.org/property/隣接自治体>	"隣接自治体"@ja	<http://ja.wikipedia.org/wiki/ふじみ野市>	<http://wikidata.dbpedia.org/resource/Q873590>
<http://ja.dbpedia.org/resource/キク>	"キク"@ja	<http://dbpedia.org/ontology/Species>	<http://ja.dbpedia.org/property/花>	"花"@ja	<http://ja.wikipedia.org/wiki/キク>	<http://wikidata.dbpedia.org/resource/Q15530181>
<http://ja.dbpedia.org/resource/ケヤキ>	"ケヤキ"@ja	<http://dbpedia.org/ontology/Species>	<http://ja.dbpedia.org/property/木>	"木"@ja	<http://ja.wikipedia.org/wiki/ケヤキ>	<http://wikidata.dbpedia.org/resource/Q920344>
<http://ja.dbpedia.org/resource/ヒバリ>	"ヒバリ"@ja	<http://dbpedia.org/ontology/Species>	<http://ja.dbpedia.org/property/鳥など>	"鳥など"@ja	<http://ja.wikipedia.org/wiki/ヒバリ>	<http://wikidata.dbpedia.org/resource/Q25961>
<http://ja.dbpedia.org/resource/富士見市>	"富士見市"@ja	<http://dbpedia.org/ontology/PopulatedPlace>	<http://ja.dbpedia.org/property/隣接自治体>	"隣接自治体"@ja	<http://ja.wikipedia.org/wiki/富士見市>	<http://wikidata.dbpedia.org/resource/Q495809>
<http://ja.dbpedia.org/resource/富士見市>	"富士見市"@ja	<http://dbpedia.org/ontology/Place>	<http://ja.dbpedia.org/property/隣接自治体>	"隣接自治体"@ja	<http://ja.wikipedia.org/wiki/富士見市>	<http://wikidata.dbpedia.org/resource/Q495809>
<http://ja.dbpedia.org/resource/富士見市>	"富士見市"@ja	<http://dbpedia.org/ontology/Location>	<http://ja.dbpedia.org/property/隣接自治体>	"隣接自治体"@ja	<http://ja.wikipedia.org/wiki/富士見市>	<http://wikidata.dbpedia.org/resource/Q495809>
<http://ja.dbpedia.org/resource/富士見市>	"富士見市"@ja	<http://dbpedia.org/ontology/Settlement>	<http://ja.dbpedia.org/property/隣接自治体>	"隣接自治体"@ja	<http://ja.wikipedia.org/wiki/富士見市>	<http://wikidata.dbpedia.org/resource/Q495809>
<http://ja.dbpedia.org/resource/富士見市>	"富士見市"@ja	<http://dbpedia.org/ontology/City>	<http://ja.dbpedia.org/property/隣接自治体>	"隣接自治体"@ja	<http://ja.wikipedia.org/wiki/富士見市>	<http://wikidata.dbpedia.org/resource/Q495809>
<http://ja.dbpedia.org/resource/川越市>	"川越市"@ja	<http://dbpedia.org/ontology/City>	<http://ja.dbpedia.org/property/隣接自治体>	"隣接自治体"@ja	<http://ja.wikipedia.org/wiki/川越市>	<http://wikidata.dbpedia.org/resource/Q319740>
<http://ja.dbpedia.org/resource/川越市>	"川越市"@ja	<http://dbpedia.org/ontology/Location>	<http://ja.dbpedia.org/property/隣接自治体>	"隣接自治体"@ja	<http://ja.wikipedia.org/wiki/川越市>	<http://wikidata.dbpedia.org/resource/Q319740>
<http://ja.dbpedia.org/resource/川越市>	"川越市"@ja	<http://dbpedia.org/ontology/Settlement>	<http://ja.dbpedia.org/property/隣接自治体>	"隣接自治体"@ja	<http://ja.wikipedia.org/wiki/川越市>	<http://wikidata.dbpedia.org/resource/Q319740>
<http://ja.dbpedia.org/resource/川越市>	"川越市"@ja	<http://dbpedia.org/ontology/PopulatedPlace>	<http://ja.dbpedia.org/property/隣接自治体>	"隣接自治体"@ja	<http://ja.wikipedia.org/wiki/川越市>	<http://wikidata.dbpedia.org/resource/Q319740>
<http://ja.dbpedia.org/resource/川越市>	"川越市"@ja	<http://dbpedia.org/ontology/Place>	<http://ja.dbpedia.org/property/隣接自治体>	"隣接自治体"@ja	<http://ja.wikipedia.org/wiki/川越市>	<http://wikidata.dbpedia.org/resource/Q319740>
<http://ja.dbpedia.org/resource/志木市>	"志木市"@ja	<http://dbpedia.org/ontology/City>	<http://ja.dbpedia.org/property/隣接自治体>	"隣接自治体"@ja	<http://ja.wikipedia.org/wiki/志木市>	<http://wikidata.dbpedia.org/resource/Q877202>
<http://ja.dbpedia.org/resource/志木市>	"志木市"@ja	<http://dbpedia.org/ontology/PopulatedPlace>	<http://ja.dbpedia.org/property/隣接自治体>	"隣接自治体"@ja	<http://ja.wikipedia.org/wiki/志木市>	<http://wikidata.dbpedia.org/resource/Q877202>
<http://ja.dbpedia.org/resource/志木市>	"志木市"@ja	<http://dbpedia.org/ontology/Location>	<http://ja.dbpedia.org/property/隣接自治体>	"隣接自治体"@ja	<http://ja.wikipedia.org/wiki/志木市>	<http://wikidata.dbpedia.org/resource/Q877202>
<http://ja.dbpedia.org/resource/志木市>	"志木市"@ja	<http://dbpedia.org/ontology/Settlement>	<http://ja.dbpedia.org/property/隣接自治体>	"隣接自治体"@ja	<http://ja.wikipedia.org/wiki/志木市>	<http://wikidata.dbpedia.org/resource/Q877202>
<http://ja.dbpedia.org/resource/志木市>	"志木市"@ja	<http://dbpedia.org/ontology/Place>	<http://ja.dbpedia.org/property/隣接自治体>	"隣接自治体"@ja	<http://ja.wikipedia.org/wiki/志木市>	<http://wikidata.dbpedia.org/resource/Q877202>
<http://ja.dbpedia.org/resource/所沢市>	"所沢市"@ja	<http://dbpedia.org/ontology/Settlement>	<http://ja.dbpedia.org/property/隣接自治体>	"隣接自治体"@ja	<http://ja.wikipedia.org/wiki/所沢市>	<http://wikidata.dbpedia.org/resource/Q165857>
<http://ja.dbpedia.org/resource/所沢市>	"所沢市"@ja	<http://dbpedia.org/ontology/PopulatedPlace>	<http://ja.dbpedia.org/property/隣接自治体>	"隣接自治体"@ja	<http://ja.wikipedia.org/wiki/所沢市>	<http://wikidata.dbpedia.org/resource/Q165857>
<http://ja.dbpedia.org/resource/所沢市>	"所沢市"@ja	<http://dbpedia.org/ontology/Place>	<http://ja.dbpedia.org/property/隣接自治体>	"隣接自治体"@ja	<http://ja.wikipedia.org/wiki/所沢市>	<http://wikidata.dbpedia.org/resource/Q165857>
<http://ja.dbpedia.org/resource/所沢市>	"所沢市"@ja	<http://dbpedia.org/ontology/City>	<http://ja.dbpedia.org/property/隣接自治体>	"隣接自治体"@ja	<http://ja.wikipedia.org/wiki/所沢市>	<http://wikidata.dbpedia.org/resource/Q165857>
<http://ja.dbpedia.org/resource/所沢市>	"所沢市"@ja	<http://dbpedia.org/ontology/Location>	<http://ja.dbpedia.org/property/隣接自治体>	"隣接自治体"@ja	<http://ja.wikipedia.org/wiki/所沢市>	<http://wikidata.dbpedia.org/resource/Q165857>
<http://ja.dbpedia.org/resource/新座市>	"新座市"@ja	<http://dbpedia.org/ontology/Settlement>	<http://ja.dbpedia.org/property/隣接自治体>	"隣接自治体"@ja	<http://ja.wikipedia.org/wiki/新座市>	<http://wikidata.dbpedia.org/resource/Q386691>
<http://ja.dbpedia.org/resource/新座市>	"新座市"@ja	<http://dbpedia.org/ontology/Place>	<http://ja.dbpedia.org/property/隣接自治体>	"隣接自治体"@ja	<http://ja.wikipedia.org/wiki/新座市>	<http://wikidata.dbpedia.org/resource/Q386691>
<http://ja.dbpedia.org/resource/新座市>	"新座市"@ja	<http://dbpedia.org/ontology/City>	<http://ja.dbpedia.org/property/隣接自治体>	"隣接自治体"@ja	<http://ja.wikipedia.org/wiki/新座市>	<http://wikidata.dbpedia.org/resource/Q386691>
<http://ja.dbpedia.org/resource/新座市>	"新座市"@ja	<http://dbpedia.org/ontology/PopulatedPlace>	<http://ja.dbpedia.org/property/隣接自治体>	"隣接自治体"@ja	<http://ja.wikipedia.org/wiki/新座市>	<http://wikidata.dbpedia.org/resource/Q386691>
<http://ja.dbpedia.org/resource/新座市>	"新座市"@ja	<http://dbpedia.org/ontology/Location>	<http://ja.dbpedia.org/property/隣接自治体>	"隣接自治体"@ja	<http://ja.wikipedia.org/wiki/新座市>	<http://wikidata.dbpedia.org/resource/Q386691>
