?s	?sLabel	?type	?p	?pLabel	?jwiki	?wd
<http://ja.dbpedia.org/resource/キク>	"キク"@ja	<http://dbpedia.org/ontology/Species>	<http://ja.dbpedia.org/property/花>	"花"@ja	<http://ja.wikipedia.org/wiki/キク>	<http://wikidata.dbpedia.org/resource/Q15530181>
<http://ja.dbpedia.org/resource/メジロ>	"メジロ"@ja	<http://dbpedia.org/ontology/Species>	<http://ja.dbpedia.org/property/鳥など>	"鳥など"@ja	<http://ja.wikipedia.org/wiki/メジロ>	<http://wikidata.dbpedia.org/resource/Q700028>
<http://ja.dbpedia.org/resource/ユズ>	"ユズ"@ja	<http://dbpedia.org/ontology/Species>	<http://ja.dbpedia.org/property/木>	"木"@ja	<http://ja.wikipedia.org/wiki/ユズ>	<http://wikidata.dbpedia.org/resource/Q867776>
<http://ja.dbpedia.org/resource/坂戸市>	"坂戸市"@ja	<http://dbpedia.org/ontology/City>	<http://ja.dbpedia.org/property/east>	"East"@ja	<http://ja.wikipedia.org/wiki/坂戸市>	<http://wikidata.dbpedia.org/resource/Q850344>
<http://ja.dbpedia.org/resource/坂戸市>	"坂戸市"@ja	<http://dbpedia.org/ontology/Location>	<http://ja.dbpedia.org/property/east>	"East"@ja	<http://ja.wikipedia.org/wiki/坂戸市>	<http://wikidata.dbpedia.org/resource/Q850344>
<http://ja.dbpedia.org/resource/坂戸市>	"坂戸市"@ja	<http://dbpedia.org/ontology/Settlement>	<http://ja.dbpedia.org/property/east>	"East"@ja	<http://ja.wikipedia.org/wiki/坂戸市>	<http://wikidata.dbpedia.org/resource/Q850344>
<http://ja.dbpedia.org/resource/坂戸市>	"坂戸市"@ja	<http://dbpedia.org/ontology/PopulatedPlace>	<http://ja.dbpedia.org/property/east>	"East"@ja	<http://ja.wikipedia.org/wiki/坂戸市>	<http://wikidata.dbpedia.org/resource/Q850344>
<http://ja.dbpedia.org/resource/坂戸市>	"坂戸市"@ja	<http://dbpedia.org/ontology/Place>	<http://ja.dbpedia.org/property/east>	"East"@ja	<http://ja.wikipedia.org/wiki/坂戸市>	<http://wikidata.dbpedia.org/resource/Q850344>
<http://ja.dbpedia.org/resource/日高市>	"日高市"@ja	<http://dbpedia.org/ontology/City>	<http://ja.dbpedia.org/property/south>	"South"@ja	<http://ja.wikipedia.org/wiki/日高市>	<http://wikidata.dbpedia.org/resource/Q905721>
<http://ja.dbpedia.org/resource/日高市>	"日高市"@ja	<http://dbpedia.org/ontology/Settlement>	<http://ja.dbpedia.org/property/south>	"South"@ja	<http://ja.wikipedia.org/wiki/日高市>	<http://wikidata.dbpedia.org/resource/Q905721>
<http://ja.dbpedia.org/resource/日高市>	"日高市"@ja	<http://dbpedia.org/ontology/Place>	<http://ja.dbpedia.org/property/south>	"South"@ja	<http://ja.wikipedia.org/wiki/日高市>	<http://wikidata.dbpedia.org/resource/Q905721>
<http://ja.dbpedia.org/resource/日高市>	"日高市"@ja	<http://dbpedia.org/ontology/PopulatedPlace>	<http://ja.dbpedia.org/property/south>	"South"@ja	<http://ja.wikipedia.org/wiki/日高市>	<http://wikidata.dbpedia.org/resource/Q905721>
<http://ja.dbpedia.org/resource/日高市>	"日高市"@ja	<http://dbpedia.org/ontology/Location>	<http://ja.dbpedia.org/property/south>	"South"@ja	<http://ja.wikipedia.org/wiki/日高市>	<http://wikidata.dbpedia.org/resource/Q905721>
<http://ja.dbpedia.org/resource/鎌北湖>	"鎌北湖"@ja	<http://dbpedia.org/ontology/ArchitecturalStructure>	<http://ja.dbpedia.org/property/画像の説明>	"画像の説明"@ja	<http://ja.wikipedia.org/wiki/鎌北湖>	<http://wikidata.dbpedia.org/resource/Q11650992>
<http://ja.dbpedia.org/resource/鎌北湖>	"鎌北湖"@ja	<http://dbpedia.org/ontology/Dam>	<http://ja.dbpedia.org/property/画像の説明>	"画像の説明"@ja	<http://ja.wikipedia.org/wiki/鎌北湖>	<http://wikidata.dbpedia.org/resource/Q11650992>
<http://ja.dbpedia.org/resource/鎌北湖>	"鎌北湖"@ja	<http://dbpedia.org/ontology/Infrastructure>	<http://ja.dbpedia.org/property/画像の説明>	"画像の説明"@ja	<http://ja.wikipedia.org/wiki/鎌北湖>	<http://wikidata.dbpedia.org/resource/Q11650992>
<http://ja.dbpedia.org/resource/飯能市>	"飯能市"@ja	<http://dbpedia.org/ontology/Location>	<http://ja.dbpedia.org/property/west>	"West"@ja	<http://ja.wikipedia.org/wiki/飯能市>	<http://wikidata.dbpedia.org/resource/Q850472>
<http://ja.dbpedia.org/resource/飯能市>	"飯能市"@ja	<http://dbpedia.org/ontology/Place>	<http://ja.dbpedia.org/property/west>	"West"@ja	<http://ja.wikipedia.org/wiki/飯能市>	<http://wikidata.dbpedia.org/resource/Q850472>
<http://ja.dbpedia.org/resource/飯能市>	"飯能市"@ja	<http://dbpedia.org/ontology/PopulatedPlace>	<http://ja.dbpedia.org/property/west>	"West"@ja	<http://ja.wikipedia.org/wiki/飯能市>	<http://wikidata.dbpedia.org/resource/Q850472>
<http://ja.dbpedia.org/resource/飯能市>	"飯能市"@ja	<http://dbpedia.org/ontology/City>	<http://ja.dbpedia.org/property/west>	"West"@ja	<http://ja.wikipedia.org/wiki/飯能市>	<http://wikidata.dbpedia.org/resource/Q850472>
<http://ja.dbpedia.org/resource/飯能市>	"飯能市"@ja	<http://dbpedia.org/ontology/Settlement>	<http://ja.dbpedia.org/property/west>	"West"@ja	<http://ja.wikipedia.org/wiki/飯能市>	<http://wikidata.dbpedia.org/resource/Q850472>
