?s	?sLabel	?type	?p	?pLabel	?jwiki	?wd
<http://ja.dbpedia.org/resource/アカマツ>	"アカマツ"@ja	<http://dbpedia.org/ontology/Species>	<http://ja.dbpedia.org/property/木>	"木"@ja	<http://ja.wikipedia.org/wiki/アカマツ>	<http://wikidata.dbpedia.org/resource/Q1044186>
<http://ja.dbpedia.org/resource/ツツジ>	"ツツジ"@ja	<http://dbpedia.org/ontology/Species>	<http://ja.dbpedia.org/property/花>	"花"@ja	<http://ja.wikipedia.org/wiki/ツツジ>	<http://wikidata.dbpedia.org/resource/Q189393>
<http://ja.dbpedia.org/resource/鳩>	"鳩"@ja	<http://dbpedia.org/ontology/Bird>	<http://ja.dbpedia.org/property/鳥など>	"鳥など"@ja	<http://ja.wikipedia.org/wiki/鳩>	<http://wikidata.dbpedia.org/resource/Q209239>
<http://ja.dbpedia.org/resource/鳩>	"鳩"@ja	<http://dbpedia.org/ontology/Species>	<http://ja.dbpedia.org/property/鳥など>	"鳥など"@ja	<http://ja.wikipedia.org/wiki/鳩>	<http://wikidata.dbpedia.org/resource/Q209239>
<http://ja.dbpedia.org/resource/鳩>	"鳩"@ja	<http://dbpedia.org/ontology/Eukaryote>	<http://ja.dbpedia.org/property/鳥など>	"鳥など"@ja	<http://ja.wikipedia.org/wiki/鳩>	<http://wikidata.dbpedia.org/resource/Q209239>
<http://ja.dbpedia.org/resource/鳩>	"鳩"@ja	<http://dbpedia.org/ontology/Animal>	<http://ja.dbpedia.org/property/鳥など>	"鳥など"@ja	<http://ja.wikipedia.org/wiki/鳩>	<http://wikidata.dbpedia.org/resource/Q209239>
