?s	?sLabel	?type	?p	?pLabel	?jwiki	?wd
<http://ja.dbpedia.org/resource/ウメ>	"ウメ"@ja	<http://dbpedia.org/ontology/Plant>	<http://ja.dbpedia.org/property/木>	"木"@ja	<http://ja.wikipedia.org/wiki/ウメ>	<http://wikidata.dbpedia.org/resource/Q157763>
<http://ja.dbpedia.org/resource/ウメ>	"ウメ"@ja	<http://dbpedia.org/ontology/Eukaryote>	<http://ja.dbpedia.org/property/木>	"木"@ja	<http://ja.wikipedia.org/wiki/ウメ>	<http://wikidata.dbpedia.org/resource/Q157763>
<http://ja.dbpedia.org/resource/ウメ>	"ウメ"@ja	<http://dbpedia.org/ontology/Species>	<http://ja.dbpedia.org/property/木>	"木"@ja	<http://ja.wikipedia.org/wiki/ウメ>	<http://wikidata.dbpedia.org/resource/Q157763>
<http://ja.dbpedia.org/resource/ウメ>	"ウメ"@ja	<http://dbpedia.org/ontology/FloweringPlant>	<http://ja.dbpedia.org/property/木>	"木"@ja	<http://ja.wikipedia.org/wiki/ウメ>	<http://wikidata.dbpedia.org/resource/Q157763>
<http://ja.dbpedia.org/resource/ツツジ>	"ツツジ"@ja	<http://dbpedia.org/ontology/Species>	<http://ja.dbpedia.org/property/花>	"花"@ja	<http://ja.wikipedia.org/wiki/ツツジ>	<http://wikidata.dbpedia.org/resource/Q189393>
<http://ja.dbpedia.org/resource/東松山市>	"東松山市"@ja	<http://dbpedia.org/ontology/Location>	<http://ja.dbpedia.org/property/southeast>	"Southeast"@ja	<http://ja.wikipedia.org/wiki/東松山市>	<http://wikidata.dbpedia.org/resource/Q823907>
<http://ja.dbpedia.org/resource/東松山市>	"東松山市"@ja	<http://dbpedia.org/ontology/City>	<http://ja.dbpedia.org/property/southeast>	"Southeast"@ja	<http://ja.wikipedia.org/wiki/東松山市>	<http://wikidata.dbpedia.org/resource/Q823907>
<http://ja.dbpedia.org/resource/東松山市>	"東松山市"@ja	<http://dbpedia.org/ontology/PopulatedPlace>	<http://ja.dbpedia.org/property/southeast>	"Southeast"@ja	<http://ja.wikipedia.org/wiki/東松山市>	<http://wikidata.dbpedia.org/resource/Q823907>
<http://ja.dbpedia.org/resource/東松山市>	"東松山市"@ja	<http://dbpedia.org/ontology/Settlement>	<http://ja.dbpedia.org/property/southeast>	"Southeast"@ja	<http://ja.wikipedia.org/wiki/東松山市>	<http://wikidata.dbpedia.org/resource/Q823907>
<http://ja.dbpedia.org/resource/東松山市>	"東松山市"@ja	<http://dbpedia.org/ontology/Place>	<http://ja.dbpedia.org/property/southeast>	"Southeast"@ja	<http://ja.wikipedia.org/wiki/東松山市>	<http://wikidata.dbpedia.org/resource/Q823907>
<http://ja.dbpedia.org/resource/深谷市>	"深谷市"@ja	<http://dbpedia.org/ontology/City>	<http://ja.dbpedia.org/property/north>	"North"@ja	<http://ja.wikipedia.org/wiki/深谷市>	<http://wikidata.dbpedia.org/resource/Q734532>
<http://ja.dbpedia.org/resource/深谷市>	"深谷市"@ja	<http://dbpedia.org/ontology/PopulatedPlace>	<http://ja.dbpedia.org/property/north>	"North"@ja	<http://ja.wikipedia.org/wiki/深谷市>	<http://wikidata.dbpedia.org/resource/Q734532>
<http://ja.dbpedia.org/resource/深谷市>	"深谷市"@ja	<http://dbpedia.org/ontology/Place>	<http://ja.dbpedia.org/property/north>	"North"@ja	<http://ja.wikipedia.org/wiki/深谷市>	<http://wikidata.dbpedia.org/resource/Q734532>
<http://ja.dbpedia.org/resource/深谷市>	"深谷市"@ja	<http://dbpedia.org/ontology/Location>	<http://ja.dbpedia.org/property/north>	"North"@ja	<http://ja.wikipedia.org/wiki/深谷市>	<http://wikidata.dbpedia.org/resource/Q734532>
<http://ja.dbpedia.org/resource/深谷市>	"深谷市"@ja	<http://dbpedia.org/ontology/Settlement>	<http://ja.dbpedia.org/property/north>	"North"@ja	<http://ja.wikipedia.org/wiki/深谷市>	<http://wikidata.dbpedia.org/resource/Q734532>
<http://ja.dbpedia.org/resource/熊谷市>	"熊谷市"@ja	<http://dbpedia.org/ontology/City>	<http://ja.dbpedia.org/property/northeast>	"Northeast"@ja	<http://ja.wikipedia.org/wiki/熊谷市>	<http://wikidata.dbpedia.org/resource/Q41106>
<http://ja.dbpedia.org/resource/熊谷市>	"熊谷市"@ja	<http://dbpedia.org/ontology/Location>	<http://ja.dbpedia.org/property/northeast>	"Northeast"@ja	<http://ja.wikipedia.org/wiki/熊谷市>	<http://wikidata.dbpedia.org/resource/Q41106>
<http://ja.dbpedia.org/resource/熊谷市>	"熊谷市"@ja	<http://dbpedia.org/ontology/PopulatedPlace>	<http://ja.dbpedia.org/property/northeast>	"Northeast"@ja	<http://ja.wikipedia.org/wiki/熊谷市>	<http://wikidata.dbpedia.org/resource/Q41106>
<http://ja.dbpedia.org/resource/熊谷市>	"熊谷市"@ja	<http://dbpedia.org/ontology/Place>	<http://ja.dbpedia.org/property/northeast>	"Northeast"@ja	<http://ja.wikipedia.org/wiki/熊谷市>	<http://wikidata.dbpedia.org/resource/Q41106>
<http://ja.dbpedia.org/resource/熊谷市>	"熊谷市"@ja	<http://dbpedia.org/ontology/Settlement>	<http://ja.dbpedia.org/property/northeast>	"Northeast"@ja	<http://ja.wikipedia.org/wiki/熊谷市>	<http://wikidata.dbpedia.org/resource/Q41106>
