?s	?sLabel	?type	?p	?pLabel	?jwiki	?wd
<http://ja.dbpedia.org/resource/イロハモミジ>	"イロハモミジ"@ja	<http://dbpedia.org/ontology/Species>	<http://ja.dbpedia.org/property/木>	"木"@ja	<http://ja.wikipedia.org/wiki/イロハモミジ>	<http://wikidata.dbpedia.org/resource/Q269224>
<http://ja.dbpedia.org/resource/イロハモミジ>	"イロハモミジ"@ja	<http://dbpedia.org/ontology/Eukaryote>	<http://ja.dbpedia.org/property/木>	"木"@ja	<http://ja.wikipedia.org/wiki/イロハモミジ>	<http://wikidata.dbpedia.org/resource/Q269224>
<http://ja.dbpedia.org/resource/イロハモミジ>	"イロハモミジ"@ja	<http://dbpedia.org/ontology/Plant>	<http://ja.dbpedia.org/property/木>	"木"@ja	<http://ja.wikipedia.org/wiki/イロハモミジ>	<http://wikidata.dbpedia.org/resource/Q269224>
<http://ja.dbpedia.org/resource/カワセミ>	"カワセミ"@ja	<http://dbpedia.org/ontology/Species>	<http://ja.dbpedia.org/property/鳥など>	"鳥など"@ja	<http://ja.wikipedia.org/wiki/カワセミ>	<http://wikidata.dbpedia.org/resource/Q79915>
<http://ja.dbpedia.org/resource/ミツバツツジ>	"ミツバツツジ"@ja	<http://dbpedia.org/ontology/Species>	<http://ja.dbpedia.org/property/花>	"花"@ja	<http://ja.wikipedia.org/wiki/ミツバツツジ>	<http://wikidata.dbpedia.org/resource/Q11342286>
<http://ja.dbpedia.org/resource/慈光寺_(埼玉県ときがわ町)>	"慈光寺 (埼玉県ときがわ町)"@ja	<http://dbpedia.org/ontology/ArchitecturalStructure>	<http://ja.dbpedia.org/property/画像の説明>	"画像の説明"@ja	<http://ja.wikipedia.org/wiki/慈光寺_(埼玉県ときがわ町)>	<http://wikidata.dbpedia.org/resource/Q11494982>
<http://ja.dbpedia.org/resource/慈光寺_(埼玉県ときがわ町)>	"慈光寺 (埼玉県ときがわ町)"@ja	<http://dbpedia.org/ontology/Building>	<http://ja.dbpedia.org/property/画像の説明>	"画像の説明"@ja	<http://ja.wikipedia.org/wiki/慈光寺_(埼玉県ときがわ町)>	<http://wikidata.dbpedia.org/resource/Q11494982>
<http://ja.dbpedia.org/resource/慈光寺_(埼玉県ときがわ町)>	"慈光寺 (埼玉県ときがわ町)"@ja	<http://dbpedia.org/ontology/ReligiousBuilding>	<http://ja.dbpedia.org/property/画像の説明>	"画像の説明"@ja	<http://ja.wikipedia.org/wiki/慈光寺_(埼玉県ときがわ町)>	<http://wikidata.dbpedia.org/resource/Q11494982>
<http://ja.dbpedia.org/resource/慈光寺_(埼玉県ときがわ町)>	"慈光寺 (埼玉県ときがわ町)"@ja	<http://dbpedia.org/ontology/Temple>	<http://ja.dbpedia.org/property/画像の説明>	"画像の説明"@ja	<http://ja.wikipedia.org/wiki/慈光寺_(埼玉県ときがわ町)>	<http://wikidata.dbpedia.org/resource/Q11494982>
<http://ja.dbpedia.org/resource/秩父市>	"秩父市"@ja	<http://dbpedia.org/ontology/Location>	<http://ja.dbpedia.org/property/west>	"West"@ja	<http://ja.wikipedia.org/wiki/秩父市>	<http://wikidata.dbpedia.org/resource/Q647079>
<http://ja.dbpedia.org/resource/秩父市>	"秩父市"@ja	<http://dbpedia.org/ontology/City>	<http://ja.dbpedia.org/property/west>	"West"@ja	<http://ja.wikipedia.org/wiki/秩父市>	<http://wikidata.dbpedia.org/resource/Q647079>
<http://ja.dbpedia.org/resource/秩父市>	"秩父市"@ja	<http://dbpedia.org/ontology/PopulatedPlace>	<http://ja.dbpedia.org/property/west>	"West"@ja	<http://ja.wikipedia.org/wiki/秩父市>	<http://wikidata.dbpedia.org/resource/Q647079>
<http://ja.dbpedia.org/resource/秩父市>	"秩父市"@ja	<http://dbpedia.org/ontology/Settlement>	<http://ja.dbpedia.org/property/west>	"West"@ja	<http://ja.wikipedia.org/wiki/秩父市>	<http://wikidata.dbpedia.org/resource/Q647079>
<http://ja.dbpedia.org/resource/秩父市>	"秩父市"@ja	<http://dbpedia.org/ontology/Place>	<http://ja.dbpedia.org/property/west>	"West"@ja	<http://ja.wikipedia.org/wiki/秩父市>	<http://wikidata.dbpedia.org/resource/Q647079>
<http://ja.dbpedia.org/resource/飯能市>	"飯能市"@ja	<http://dbpedia.org/ontology/City>	<http://ja.dbpedia.org/property/southwest>	"Southwest"@ja	<http://ja.wikipedia.org/wiki/飯能市>	<http://wikidata.dbpedia.org/resource/Q850472>
<http://ja.dbpedia.org/resource/飯能市>	"飯能市"@ja	<http://dbpedia.org/ontology/Location>	<http://ja.dbpedia.org/property/southwest>	"Southwest"@ja	<http://ja.wikipedia.org/wiki/飯能市>	<http://wikidata.dbpedia.org/resource/Q850472>
<http://ja.dbpedia.org/resource/飯能市>	"飯能市"@ja	<http://dbpedia.org/ontology/PopulatedPlace>	<http://ja.dbpedia.org/property/southwest>	"Southwest"@ja	<http://ja.wikipedia.org/wiki/飯能市>	<http://wikidata.dbpedia.org/resource/Q850472>
<http://ja.dbpedia.org/resource/飯能市>	"飯能市"@ja	<http://dbpedia.org/ontology/Place>	<http://ja.dbpedia.org/property/southwest>	"Southwest"@ja	<http://ja.wikipedia.org/wiki/飯能市>	<http://wikidata.dbpedia.org/resource/Q850472>
<http://ja.dbpedia.org/resource/飯能市>	"飯能市"@ja	<http://dbpedia.org/ontology/Settlement>	<http://ja.dbpedia.org/property/southwest>	"Southwest"@ja	<http://ja.wikipedia.org/wiki/飯能市>	<http://wikidata.dbpedia.org/resource/Q850472>
