?s	?sLabel	?type	?p	?pLabel	?jwiki	?wd
<http://ja.dbpedia.org/resource/イチョウ>	"イチョウ"@ja	<http://dbpedia.org/ontology/Species>	<http://ja.dbpedia.org/property/木>	"木"@ja	<http://ja.wikipedia.org/wiki/イチョウ>	<http://wikidata.dbpedia.org/resource/Q43284>
<http://ja.dbpedia.org/resource/メジロ>	"メジロ"@ja	<http://dbpedia.org/ontology/Species>	<http://ja.dbpedia.org/property/鳥など>	"鳥など"@ja	<http://ja.wikipedia.org/wiki/メジロ>	<http://wikidata.dbpedia.org/resource/Q700028>
<http://ja.dbpedia.org/resource/水潜寺>	"水潜寺"@ja	<http://dbpedia.org/ontology/Building>	<http://ja.dbpedia.org/property/画像の説明>	"画像の説明"@ja	<http://ja.wikipedia.org/wiki/水潜寺>	<http://wikidata.dbpedia.org/resource/Q110620211>
<http://ja.dbpedia.org/resource/水潜寺>	"水潜寺"@ja	<http://dbpedia.org/ontology/ArchitecturalStructure>	<http://ja.dbpedia.org/property/画像の説明>	"画像の説明"@ja	<http://ja.wikipedia.org/wiki/水潜寺>	<http://wikidata.dbpedia.org/resource/Q110620211>
<http://ja.dbpedia.org/resource/水潜寺>	"水潜寺"@ja	<http://dbpedia.org/ontology/Temple>	<http://ja.dbpedia.org/property/画像の説明>	"画像の説明"@ja	<http://ja.wikipedia.org/wiki/水潜寺>	<http://wikidata.dbpedia.org/resource/Q110620211>
<http://ja.dbpedia.org/resource/水潜寺>	"水潜寺"@ja	<http://dbpedia.org/ontology/ReligiousBuilding>	<http://ja.dbpedia.org/property/画像の説明>	"画像の説明"@ja	<http://ja.wikipedia.org/wiki/水潜寺>	<http://wikidata.dbpedia.org/resource/Q110620211>
