?s	?sLabel	?type	?p	?pLabel	?jwiki	?wd
<http://ja.dbpedia.org/resource/サルビア>	"サルビア"@ja	<http://dbpedia.org/ontology/Species>	<http://ja.dbpedia.org/property/花>	"花"@ja	<http://ja.wikipedia.org/wiki/サルビア>	<http://wikidata.dbpedia.org/resource/Q161080>
<http://ja.dbpedia.org/resource/吉祥院_(埼玉県上里町)>	"吉祥院 (埼玉県上里町)"@ja	<http://dbpedia.org/ontology/ArchitecturalStructure>	<http://ja.dbpedia.org/property/画像の説明>	"画像の説明"@ja	<http://ja.wikipedia.org/wiki/吉祥院_(埼玉県上里町)>	<http://wikidata.dbpedia.org/resource/Q11414203>
<http://ja.dbpedia.org/resource/吉祥院_(埼玉県上里町)>	"吉祥院 (埼玉県上里町)"@ja	<http://dbpedia.org/ontology/Building>	<http://ja.dbpedia.org/property/画像の説明>	"画像の説明"@ja	<http://ja.wikipedia.org/wiki/吉祥院_(埼玉県上里町)>	<http://wikidata.dbpedia.org/resource/Q11414203>
<http://ja.dbpedia.org/resource/吉祥院_(埼玉県上里町)>	"吉祥院 (埼玉県上里町)"@ja	<http://dbpedia.org/ontology/ReligiousBuilding>	<http://ja.dbpedia.org/property/画像の説明>	"画像の説明"@ja	<http://ja.wikipedia.org/wiki/吉祥院_(埼玉県上里町)>	<http://wikidata.dbpedia.org/resource/Q11414203>
<http://ja.dbpedia.org/resource/吉祥院_(埼玉県上里町)>	"吉祥院 (埼玉県上里町)"@ja	<http://dbpedia.org/ontology/Temple>	<http://ja.dbpedia.org/property/画像の説明>	"画像の説明"@ja	<http://ja.wikipedia.org/wiki/吉祥院_(埼玉県上里町)>	<http://wikidata.dbpedia.org/resource/Q11414203>
<http://ja.dbpedia.org/resource/本庄市>	"本庄市"@ja	<http://dbpedia.org/ontology/Location>	<http://ja.dbpedia.org/property/east>	"East"@ja	<http://ja.wikipedia.org/wiki/本庄市>	<http://wikidata.dbpedia.org/resource/Q873565>
<http://ja.dbpedia.org/resource/本庄市>	"本庄市"@ja	<http://dbpedia.org/ontology/Place>	<http://ja.dbpedia.org/property/east>	"East"@ja	<http://ja.wikipedia.org/wiki/本庄市>	<http://wikidata.dbpedia.org/resource/Q873565>
<http://ja.dbpedia.org/resource/本庄市>	"本庄市"@ja	<http://dbpedia.org/ontology/PopulatedPlace>	<http://ja.dbpedia.org/property/east>	"East"@ja	<http://ja.wikipedia.org/wiki/本庄市>	<http://wikidata.dbpedia.org/resource/Q873565>
<http://ja.dbpedia.org/resource/本庄市>	"本庄市"@ja	<http://dbpedia.org/ontology/City>	<http://ja.dbpedia.org/property/east>	"East"@ja	<http://ja.wikipedia.org/wiki/本庄市>	<http://wikidata.dbpedia.org/resource/Q873565>
<http://ja.dbpedia.org/resource/本庄市>	"本庄市"@ja	<http://dbpedia.org/ontology/Settlement>	<http://ja.dbpedia.org/property/east>	"East"@ja	<http://ja.wikipedia.org/wiki/本庄市>	<http://wikidata.dbpedia.org/resource/Q873565>
