?s	?sLabel	?type	?p	?pLabel	?jwiki	?wd
<http://ja.dbpedia.org/resource/アカマツ>	"アカマツ"@ja	<http://dbpedia.org/ontology/Species>	<http://ja.dbpedia.org/property/木>	"木"@ja	<http://ja.wikipedia.org/wiki/アカマツ>	<http://wikidata.dbpedia.org/resource/Q1044186>
<http://ja.dbpedia.org/resource/キク>	"キク"@ja	<http://dbpedia.org/ontology/Species>	<http://ja.dbpedia.org/property/花>	"花"@ja	<http://ja.wikipedia.org/wiki/キク>	<http://wikidata.dbpedia.org/resource/Q15530181>
<http://ja.dbpedia.org/resource/本庄市>	"本庄市"@ja	<http://dbpedia.org/ontology/PopulatedPlace>	<http://ja.dbpedia.org/property/west>	"West"@ja	<http://ja.wikipedia.org/wiki/本庄市>	<http://wikidata.dbpedia.org/resource/Q873565>
<http://ja.dbpedia.org/resource/本庄市>	"本庄市"@ja	<http://dbpedia.org/ontology/Place>	<http://ja.dbpedia.org/property/west>	"West"@ja	<http://ja.wikipedia.org/wiki/本庄市>	<http://wikidata.dbpedia.org/resource/Q873565>
<http://ja.dbpedia.org/resource/本庄市>	"本庄市"@ja	<http://dbpedia.org/ontology/City>	<http://ja.dbpedia.org/property/west>	"West"@ja	<http://ja.wikipedia.org/wiki/本庄市>	<http://wikidata.dbpedia.org/resource/Q873565>
<http://ja.dbpedia.org/resource/本庄市>	"本庄市"@ja	<http://dbpedia.org/ontology/Location>	<http://ja.dbpedia.org/property/west>	"West"@ja	<http://ja.wikipedia.org/wiki/本庄市>	<http://wikidata.dbpedia.org/resource/Q873565>
<http://ja.dbpedia.org/resource/本庄市>	"本庄市"@ja	<http://dbpedia.org/ontology/Settlement>	<http://ja.dbpedia.org/property/west>	"West"@ja	<http://ja.wikipedia.org/wiki/本庄市>	<http://wikidata.dbpedia.org/resource/Q873565>
<http://ja.dbpedia.org/resource/深谷市>	"深谷市"@ja	<http://dbpedia.org/ontology/City>	<http://ja.dbpedia.org/property/east>	"East"@ja	<http://ja.wikipedia.org/wiki/深谷市>	<http://wikidata.dbpedia.org/resource/Q734532>
<http://ja.dbpedia.org/resource/深谷市>	"深谷市"@ja	<http://dbpedia.org/ontology/Location>	<http://ja.dbpedia.org/property/east>	"East"@ja	<http://ja.wikipedia.org/wiki/深谷市>	<http://wikidata.dbpedia.org/resource/Q734532>
<http://ja.dbpedia.org/resource/深谷市>	"深谷市"@ja	<http://dbpedia.org/ontology/PopulatedPlace>	<http://ja.dbpedia.org/property/east>	"East"@ja	<http://ja.wikipedia.org/wiki/深谷市>	<http://wikidata.dbpedia.org/resource/Q734532>
<http://ja.dbpedia.org/resource/深谷市>	"深谷市"@ja	<http://dbpedia.org/ontology/Place>	<http://ja.dbpedia.org/property/east>	"East"@ja	<http://ja.wikipedia.org/wiki/深谷市>	<http://wikidata.dbpedia.org/resource/Q734532>
<http://ja.dbpedia.org/resource/深谷市>	"深谷市"@ja	<http://dbpedia.org/ontology/Settlement>	<http://ja.dbpedia.org/property/east>	"East"@ja	<http://ja.wikipedia.org/wiki/深谷市>	<http://wikidata.dbpedia.org/resource/Q734532>
