?s	?sLabel	?type	?p	?pLabel	?jwiki	?wd
<http://ja.dbpedia.org/resource/カタクリ>	"カタクリ"@ja	<http://dbpedia.org/ontology/Species>	<http://ja.dbpedia.org/property/花>	"花"@ja	<http://ja.wikipedia.org/wiki/カタクリ>	<http://wikidata.dbpedia.org/resource/Q163120>
<http://ja.dbpedia.org/resource/ヤマザクラ>	"ヤマザクラ"@ja	<http://dbpedia.org/ontology/Eukaryote>	<http://ja.dbpedia.org/property/木>	"木"@ja	<http://ja.wikipedia.org/wiki/ヤマザクラ>	<http://wikidata.dbpedia.org/resource/Q5721717>
<http://ja.dbpedia.org/resource/ヤマザクラ>	"ヤマザクラ"@ja	<http://dbpedia.org/ontology/Plant>	<http://ja.dbpedia.org/property/木>	"木"@ja	<http://ja.wikipedia.org/wiki/ヤマザクラ>	<http://wikidata.dbpedia.org/resource/Q5721717>
<http://ja.dbpedia.org/resource/ヤマザクラ>	"ヤマザクラ"@ja	<http://dbpedia.org/ontology/Species>	<http://ja.dbpedia.org/property/木>	"木"@ja	<http://ja.wikipedia.org/wiki/ヤマザクラ>	<http://wikidata.dbpedia.org/resource/Q5721717>
<http://ja.dbpedia.org/resource/埼玉県立川の博物館>	"埼玉県立川の博物館"@ja	<http://dbpedia.org/ontology/ArchitecturalStructure>	<http://ja.dbpedia.org/property/画像の説明>	"画像の説明"@ja	<http://ja.wikipedia.org/wiki/埼玉県立川の博物館>	<http://wikidata.dbpedia.org/resource/Q11426657>
<http://ja.dbpedia.org/resource/埼玉県立川の博物館>	"埼玉県立川の博物館"@ja	<http://dbpedia.org/ontology/Building>	<http://ja.dbpedia.org/property/画像の説明>	"画像の説明"@ja	<http://ja.wikipedia.org/wiki/埼玉県立川の博物館>	<http://wikidata.dbpedia.org/resource/Q11426657>
<http://ja.dbpedia.org/resource/埼玉県立川の博物館>	"埼玉県立川の博物館"@ja	<http://dbpedia.org/ontology/Museum>	<http://ja.dbpedia.org/property/画像の説明>	"画像の説明"@ja	<http://ja.wikipedia.org/wiki/埼玉県立川の博物館>	<http://wikidata.dbpedia.org/resource/Q11426657>
<http://ja.dbpedia.org/resource/深谷市>	"深谷市"@ja	<http://dbpedia.org/ontology/City>	<http://ja.dbpedia.org/property/northeast>	"Northeast"@ja	<http://ja.wikipedia.org/wiki/深谷市>	<http://wikidata.dbpedia.org/resource/Q734532>
<http://ja.dbpedia.org/resource/深谷市>	"深谷市"@ja	<http://dbpedia.org/ontology/Location>	<http://ja.dbpedia.org/property/northeast>	"Northeast"@ja	<http://ja.wikipedia.org/wiki/深谷市>	<http://wikidata.dbpedia.org/resource/Q734532>
<http://ja.dbpedia.org/resource/深谷市>	"深谷市"@ja	<http://dbpedia.org/ontology/PopulatedPlace>	<http://ja.dbpedia.org/property/northeast>	"Northeast"@ja	<http://ja.wikipedia.org/wiki/深谷市>	<http://wikidata.dbpedia.org/resource/Q734532>
<http://ja.dbpedia.org/resource/深谷市>	"深谷市"@ja	<http://dbpedia.org/ontology/Place>	<http://ja.dbpedia.org/property/northeast>	"Northeast"@ja	<http://ja.wikipedia.org/wiki/深谷市>	<http://wikidata.dbpedia.org/resource/Q734532>
<http://ja.dbpedia.org/resource/深谷市>	"深谷市"@ja	<http://dbpedia.org/ontology/Settlement>	<http://ja.dbpedia.org/property/northeast>	"Northeast"@ja	<http://ja.wikipedia.org/wiki/深谷市>	<http://wikidata.dbpedia.org/resource/Q734532>
