?s	?sLabel	?type	?p	?pLabel	?jwiki	?wd
<http://ja.dbpedia.org/resource/千葉マリンスタジアム>	"千葉マリンスタジアム"@ja	<http://dbpedia.org/ontology/Agent>	<http://ja.dbpedia.org/property/説明>	"説明"@ja	<http://ja.wikipedia.org/wiki/千葉マリンスタジアム>	<http://wikidata.dbpedia.org/resource/Q486192>
<http://ja.dbpedia.org/resource/千葉マリンスタジアム>	"千葉マリンスタジアム"@ja	<http://dbpedia.org/ontology/Company>	<http://ja.dbpedia.org/property/説明>	"説明"@ja	<http://ja.wikipedia.org/wiki/千葉マリンスタジアム>	<http://wikidata.dbpedia.org/resource/Q486192>
<http://ja.dbpedia.org/resource/千葉マリンスタジアム>	"千葉マリンスタジアム"@ja	<http://dbpedia.org/ontology/Organisation>	<http://ja.dbpedia.org/property/説明>	"説明"@ja	<http://ja.wikipedia.org/wiki/千葉マリンスタジアム>	<http://wikidata.dbpedia.org/resource/Q486192>
<http://ja.dbpedia.org/resource/千葉県総合スポーツセンター>	"千葉県総合スポーツセンター"@ja	<http://dbpedia.org/ontology/Place>	<http://ja.dbpedia.org/property/説明>	"説明"@ja	<http://ja.wikipedia.org/wiki/千葉県総合スポーツセンター>	<http://wikidata.dbpedia.org/resource/Q11406392>
<http://ja.dbpedia.org/resource/千葉県総合スポーツセンター>	"千葉県総合スポーツセンター"@ja	<http://dbpedia.org/ontology/Park>	<http://ja.dbpedia.org/property/説明>	"説明"@ja	<http://ja.wikipedia.org/wiki/千葉県総合スポーツセンター>	<http://wikidata.dbpedia.org/resource/Q11406392>
<http://ja.dbpedia.org/resource/千葉県総合スポーツセンター>	"千葉県総合スポーツセンター"@ja	<http://dbpedia.org/ontology/Location>	<http://ja.dbpedia.org/property/説明>	"説明"@ja	<http://ja.wikipedia.org/wiki/千葉県総合スポーツセンター>	<http://wikidata.dbpedia.org/resource/Q11406392>
<http://ja.dbpedia.org/resource/埼玉県>	"埼玉県"@ja	<http://dbpedia.org/ontology/Place>	<http://ja.dbpedia.org/property/after>	"after"@ja	<http://ja.wikipedia.org/wiki/埼玉県>	<http://wikidata.dbpedia.org/resource/Q128186>
<http://ja.dbpedia.org/resource/埼玉県>	"埼玉県"@ja	<http://dbpedia.org/ontology/Location>	<http://ja.dbpedia.org/property/after>	"after"@ja	<http://ja.wikipedia.org/wiki/埼玉県>	<http://wikidata.dbpedia.org/resource/Q128186>
<http://ja.dbpedia.org/resource/埼玉県>	"埼玉県"@ja	<http://dbpedia.org/ontology/Region>	<http://ja.dbpedia.org/property/after>	"after"@ja	<http://ja.wikipedia.org/wiki/埼玉県>	<http://wikidata.dbpedia.org/resource/Q128186>
<http://ja.dbpedia.org/resource/埼玉県>	"埼玉県"@ja	<http://dbpedia.org/ontology/AdministrativeRegion>	<http://ja.dbpedia.org/property/after>	"after"@ja	<http://ja.wikipedia.org/wiki/埼玉県>	<http://wikidata.dbpedia.org/resource/Q128186>
<http://ja.dbpedia.org/resource/埼玉県>	"埼玉県"@ja	<http://dbpedia.org/ontology/PopulatedPlace>	<http://ja.dbpedia.org/property/after>	"after"@ja	<http://ja.wikipedia.org/wiki/埼玉県>	<http://wikidata.dbpedia.org/resource/Q128186>
<http://ja.dbpedia.org/resource/江戸川>	"江戸川"@ja	<http://dbpedia.org/ontology/BodyOfWater>	<http://ja.dbpedia.org/property/after>	"after"@ja	<http://ja.wikipedia.org/wiki/江戸川>	<http://wikidata.dbpedia.org/resource/Q1194505>
<http://ja.dbpedia.org/resource/江戸川>	"江戸川"@ja	<http://dbpedia.org/ontology/River>	<http://ja.dbpedia.org/property/after>	"after"@ja	<http://ja.wikipedia.org/wiki/江戸川>	<http://wikidata.dbpedia.org/resource/Q1194505>
<http://ja.dbpedia.org/resource/江戸川>	"江戸川"@ja	<http://dbpedia.org/ontology/NaturalPlace>	<http://ja.dbpedia.org/property/after>	"after"@ja	<http://ja.wikipedia.org/wiki/江戸川>	<http://wikidata.dbpedia.org/resource/Q1194505>
<http://ja.dbpedia.org/resource/江戸川>	"江戸川"@ja	<http://dbpedia.org/ontology/Place>	<http://ja.dbpedia.org/property/after>	"after"@ja	<http://ja.wikipedia.org/wiki/江戸川>	<http://wikidata.dbpedia.org/resource/Q1194505>
<http://ja.dbpedia.org/resource/江戸川>	"江戸川"@ja	<http://dbpedia.org/ontology/Location>	<http://ja.dbpedia.org/property/after>	"after"@ja	<http://ja.wikipedia.org/wiki/江戸川>	<http://wikidata.dbpedia.org/resource/Q1194505>
<http://ja.dbpedia.org/resource/江戸川>	"江戸川"@ja	<http://dbpedia.org/ontology/Stream>	<http://ja.dbpedia.org/property/after>	"after"@ja	<http://ja.wikipedia.org/wiki/江戸川>	<http://wikidata.dbpedia.org/resource/Q1194505>
<http://ja.dbpedia.org/resource/法華経寺>	"法華経寺"@ja	<http://dbpedia.org/ontology/ReligiousBuilding>	<http://ja.dbpedia.org/property/説明>	"説明"@ja	<http://ja.wikipedia.org/wiki/法華経寺>	<http://wikidata.dbpedia.org/resource/Q786113>
<http://ja.dbpedia.org/resource/法華経寺>	"法華経寺"@ja	<http://dbpedia.org/ontology/Temple>	<http://ja.dbpedia.org/property/説明>	"説明"@ja	<http://ja.wikipedia.org/wiki/法華経寺>	<http://wikidata.dbpedia.org/resource/Q786113>
<http://ja.dbpedia.org/resource/法華経寺>	"法華経寺"@ja	<http://dbpedia.org/ontology/ArchitecturalStructure>	<http://ja.dbpedia.org/property/説明>	"説明"@ja	<http://ja.wikipedia.org/wiki/法華経寺>	<http://wikidata.dbpedia.org/resource/Q786113>
<http://ja.dbpedia.org/resource/法華経寺>	"法華経寺"@ja	<http://dbpedia.org/ontology/Building>	<http://ja.dbpedia.org/property/説明>	"説明"@ja	<http://ja.wikipedia.org/wiki/法華経寺>	<http://wikidata.dbpedia.org/resource/Q786113>
<http://ja.dbpedia.org/resource/犬吠埼>	"犬吠埼"@ja	<http://dbpedia.org/ontology/Location>	<http://ja.dbpedia.org/property/説明>	"説明"@ja	<http://ja.wikipedia.org/wiki/犬吠埼>	<http://wikidata.dbpedia.org/resource/Q2937063>
<http://ja.dbpedia.org/resource/犬吠埼>	"犬吠埼"@ja	<http://dbpedia.org/ontology/Settlement>	<http://ja.dbpedia.org/property/説明>	"説明"@ja	<http://ja.wikipedia.org/wiki/犬吠埼>	<http://wikidata.dbpedia.org/resource/Q2937063>
<http://ja.dbpedia.org/resource/犬吠埼>	"犬吠埼"@ja	<http://dbpedia.org/ontology/Place>	<http://ja.dbpedia.org/property/説明>	"説明"@ja	<http://ja.wikipedia.org/wiki/犬吠埼>	<http://wikidata.dbpedia.org/resource/Q2937063>
<http://ja.dbpedia.org/resource/犬吠埼>	"犬吠埼"@ja	<http://dbpedia.org/ontology/PopulatedPlace>	<http://ja.dbpedia.org/property/説明>	"説明"@ja	<http://ja.wikipedia.org/wiki/犬吠埼>	<http://wikidata.dbpedia.org/resource/Q2937063>
<http://ja.dbpedia.org/resource/香取神宮>	"香取神宮"@ja	<http://dbpedia.org/ontology/ArchitecturalStructure>	<http://ja.dbpedia.org/property/説明>	"説明"@ja	<http://ja.wikipedia.org/wiki/香取神宮>	<http://wikidata.dbpedia.org/resource/Q372380>
<http://ja.dbpedia.org/resource/香取神宮>	"香取神宮"@ja	<http://dbpedia.org/ontology/Building>	<http://ja.dbpedia.org/property/説明>	"説明"@ja	<http://ja.wikipedia.org/wiki/香取神宮>	<http://wikidata.dbpedia.org/resource/Q372380>
<http://ja.dbpedia.org/resource/香取神宮>	"香取神宮"@ja	<http://dbpedia.org/ontology/ReligiousBuilding>	<http://ja.dbpedia.org/property/説明>	"説明"@ja	<http://ja.wikipedia.org/wiki/香取神宮>	<http://wikidata.dbpedia.org/resource/Q372380>
<http://ja.dbpedia.org/resource/香取神宮>	"香取神宮"@ja	<http://dbpedia.org/ontology/Shrine>	<http://ja.dbpedia.org/property/説明>	"説明"@ja	<http://ja.wikipedia.org/wiki/香取神宮>	<http://wikidata.dbpedia.org/resource/Q372380>
<http://ja.dbpedia.org/resource/鹿野山>	"鹿野山"@ja	<http://dbpedia.org/ontology/Location>	<http://ja.dbpedia.org/property/説明>	"説明"@ja	<http://ja.wikipedia.org/wiki/鹿野山>	<http://wikidata.dbpedia.org/resource/Q11677292>
<http://ja.dbpedia.org/resource/鹿野山>	"鹿野山"@ja	<http://dbpedia.org/ontology/Mountain>	<http://ja.dbpedia.org/property/説明>	"説明"@ja	<http://ja.wikipedia.org/wiki/鹿野山>	<http://wikidata.dbpedia.org/resource/Q11677292>
<http://ja.dbpedia.org/resource/鹿野山>	"鹿野山"@ja	<http://dbpedia.org/ontology/NaturalPlace>	<http://ja.dbpedia.org/property/説明>	"説明"@ja	<http://ja.wikipedia.org/wiki/鹿野山>	<http://wikidata.dbpedia.org/resource/Q11677292>
<http://ja.dbpedia.org/resource/鹿野山>	"鹿野山"@ja	<http://dbpedia.org/ontology/Place>	<http://ja.dbpedia.org/property/説明>	"説明"@ja	<http://ja.wikipedia.org/wiki/鹿野山>	<http://wikidata.dbpedia.org/resource/Q11677292>
