?s	?sLabel	?type	?p	?pLabel	?jwiki	?wd
<http://ja.dbpedia.org/resource/クロユリ>	"クロユリ"@ja	<http://dbpedia.org/ontology/Species>	<http://ja.dbpedia.org/property/花>	"花"@ja	<http://ja.wikipedia.org/wiki/クロユリ>	<http://wikidata.dbpedia.org/resource/Q1795735>
<http://ja.dbpedia.org/resource/シラカンバ>	"シラカンバ"@ja	<http://dbpedia.org/ontology/Species>	<http://ja.dbpedia.org/property/木>	"木"@ja	<http://ja.wikipedia.org/wiki/シラカンバ>	<http://wikidata.dbpedia.org/resource/Q1373854>
<http://ja.dbpedia.org/resource/ヒバリ>	"ヒバリ"@ja	<http://dbpedia.org/ontology/Species>	<http://ja.dbpedia.org/property/鳥など>	"鳥など"@ja	<http://ja.wikipedia.org/wiki/ヒバリ>	<http://wikidata.dbpedia.org/resource/Q25961>
<http://ja.dbpedia.org/resource/中札内村>	"中札内村"@ja	<http://dbpedia.org/ontology/Settlement>	<http://ja.dbpedia.org/property/south>	"South"@ja	<http://ja.wikipedia.org/wiki/中札内村>	<http://wikidata.dbpedia.org/resource/Q1210501>
<http://ja.dbpedia.org/resource/中札内村>	"中札内村"@ja	<http://dbpedia.org/ontology/PopulatedPlace>	<http://ja.dbpedia.org/property/south>	"South"@ja	<http://ja.wikipedia.org/wiki/中札内村>	<http://wikidata.dbpedia.org/resource/Q1210501>
<http://ja.dbpedia.org/resource/中札内村>	"中札内村"@ja	<http://dbpedia.org/ontology/Location>	<http://ja.dbpedia.org/property/south>	"South"@ja	<http://ja.wikipedia.org/wiki/中札内村>	<http://wikidata.dbpedia.org/resource/Q1210501>
<http://ja.dbpedia.org/resource/中札内村>	"中札内村"@ja	<http://dbpedia.org/ontology/Place>	<http://ja.dbpedia.org/property/south>	"South"@ja	<http://ja.wikipedia.org/wiki/中札内村>	<http://wikidata.dbpedia.org/resource/Q1210501>
<http://ja.dbpedia.org/resource/中札内村>	"中札内村"@ja	<http://dbpedia.org/ontology/City>	<http://ja.dbpedia.org/property/south>	"South"@ja	<http://ja.wikipedia.org/wiki/中札内村>	<http://wikidata.dbpedia.org/resource/Q1210501>
<http://ja.dbpedia.org/resource/幕別町>	"幕別町"@ja	<http://dbpedia.org/ontology/Place>	<http://ja.dbpedia.org/property/east>	"East"@ja	<http://ja.wikipedia.org/wiki/幕別町>	<http://wikidata.dbpedia.org/resource/Q1210509>
<http://ja.dbpedia.org/resource/幕別町>	"幕別町"@ja	<http://dbpedia.org/ontology/City>	<http://ja.dbpedia.org/property/east>	"East"@ja	<http://ja.wikipedia.org/wiki/幕別町>	<http://wikidata.dbpedia.org/resource/Q1210509>
<http://ja.dbpedia.org/resource/幕別町>	"幕別町"@ja	<http://dbpedia.org/ontology/Location>	<http://ja.dbpedia.org/property/east>	"East"@ja	<http://ja.wikipedia.org/wiki/幕別町>	<http://wikidata.dbpedia.org/resource/Q1210509>
<http://ja.dbpedia.org/resource/幕別町>	"幕別町"@ja	<http://dbpedia.org/ontology/PopulatedPlace>	<http://ja.dbpedia.org/property/east>	"East"@ja	<http://ja.wikipedia.org/wiki/幕別町>	<http://wikidata.dbpedia.org/resource/Q1210509>
<http://ja.dbpedia.org/resource/幕別町>	"幕別町"@ja	<http://dbpedia.org/ontology/Settlement>	<http://ja.dbpedia.org/property/east>	"East"@ja	<http://ja.wikipedia.org/wiki/幕別町>	<http://wikidata.dbpedia.org/resource/Q1210509>
<http://ja.dbpedia.org/resource/平取町>	"平取町"@ja	<http://dbpedia.org/ontology/Place>	<http://ja.dbpedia.org/property/west>	"West"@ja	<http://ja.wikipedia.org/wiki/平取町>	<http://wikidata.dbpedia.org/resource/Q1354447>
<http://ja.dbpedia.org/resource/平取町>	"平取町"@ja	<http://dbpedia.org/ontology/City>	<http://ja.dbpedia.org/property/west>	"West"@ja	<http://ja.wikipedia.org/wiki/平取町>	<http://wikidata.dbpedia.org/resource/Q1354447>
<http://ja.dbpedia.org/resource/平取町>	"平取町"@ja	<http://dbpedia.org/ontology/Settlement>	<http://ja.dbpedia.org/property/west>	"West"@ja	<http://ja.wikipedia.org/wiki/平取町>	<http://wikidata.dbpedia.org/resource/Q1354447>
<http://ja.dbpedia.org/resource/平取町>	"平取町"@ja	<http://dbpedia.org/ontology/PopulatedPlace>	<http://ja.dbpedia.org/property/west>	"West"@ja	<http://ja.wikipedia.org/wiki/平取町>	<http://wikidata.dbpedia.org/resource/Q1354447>
<http://ja.dbpedia.org/resource/平取町>	"平取町"@ja	<http://dbpedia.org/ontology/Location>	<http://ja.dbpedia.org/property/west>	"West"@ja	<http://ja.wikipedia.org/wiki/平取町>	<http://wikidata.dbpedia.org/resource/Q1354447>
<http://ja.dbpedia.org/resource/新冠町>	"新冠町"@ja	<http://dbpedia.org/ontology/City>	<http://ja.dbpedia.org/property/southwest>	"Southwest"@ja	<http://ja.wikipedia.org/wiki/新冠町>	<http://wikidata.dbpedia.org/resource/Q1355583>
<http://ja.dbpedia.org/resource/新冠町>	"新冠町"@ja	<http://dbpedia.org/ontology/Place>	<http://ja.dbpedia.org/property/southwest>	"Southwest"@ja	<http://ja.wikipedia.org/wiki/新冠町>	<http://wikidata.dbpedia.org/resource/Q1355583>
<http://ja.dbpedia.org/resource/新冠町>	"新冠町"@ja	<http://dbpedia.org/ontology/Location>	<http://ja.dbpedia.org/property/southwest>	"Southwest"@ja	<http://ja.wikipedia.org/wiki/新冠町>	<http://wikidata.dbpedia.org/resource/Q1355583>
<http://ja.dbpedia.org/resource/新冠町>	"新冠町"@ja	<http://dbpedia.org/ontology/PopulatedPlace>	<http://ja.dbpedia.org/property/southwest>	"Southwest"@ja	<http://ja.wikipedia.org/wiki/新冠町>	<http://wikidata.dbpedia.org/resource/Q1355583>
<http://ja.dbpedia.org/resource/新冠町>	"新冠町"@ja	<http://dbpedia.org/ontology/Settlement>	<http://ja.dbpedia.org/property/southwest>	"Southwest"@ja	<http://ja.wikipedia.org/wiki/新冠町>	<http://wikidata.dbpedia.org/resource/Q1355583>
<http://ja.dbpedia.org/resource/日高町_(北海道)>	"日高町 (北海道)"@ja	<http://dbpedia.org/ontology/Place>	<http://ja.dbpedia.org/property/northwest>	"Northwest"@ja	<http://ja.wikipedia.org/wiki/日高町_(北海道)>	<http://wikidata.dbpedia.org/resource/Q1354380>
<http://ja.dbpedia.org/resource/日高町_(北海道)>	"日高町 (北海道)"@ja	<http://dbpedia.org/ontology/City>	<http://ja.dbpedia.org/property/northwest>	"Northwest"@ja	<http://ja.wikipedia.org/wiki/日高町_(北海道)>	<http://wikidata.dbpedia.org/resource/Q1354380>
<http://ja.dbpedia.org/resource/日高町_(北海道)>	"日高町 (北海道)"@ja	<http://dbpedia.org/ontology/Settlement>	<http://ja.dbpedia.org/property/northwest>	"Northwest"@ja	<http://ja.wikipedia.org/wiki/日高町_(北海道)>	<http://wikidata.dbpedia.org/resource/Q1354380>
<http://ja.dbpedia.org/resource/日高町_(北海道)>	"日高町 (北海道)"@ja	<http://dbpedia.org/ontology/PopulatedPlace>	<http://ja.dbpedia.org/property/northwest>	"Northwest"@ja	<http://ja.wikipedia.org/wiki/日高町_(北海道)>	<http://wikidata.dbpedia.org/resource/Q1354380>
<http://ja.dbpedia.org/resource/日高町_(北海道)>	"日高町 (北海道)"@ja	<http://dbpedia.org/ontology/Location>	<http://ja.dbpedia.org/property/northwest>	"Northwest"@ja	<http://ja.wikipedia.org/wiki/日高町_(北海道)>	<http://wikidata.dbpedia.org/resource/Q1354380>
<http://ja.dbpedia.org/resource/更別村>	"更別村"@ja	<http://dbpedia.org/ontology/City>	<http://ja.dbpedia.org/property/southeast>	"Southeast"@ja	<http://ja.wikipedia.org/wiki/更別村>	<http://wikidata.dbpedia.org/resource/Q1210582>
<http://ja.dbpedia.org/resource/更別村>	"更別村"@ja	<http://dbpedia.org/ontology/Place>	<http://ja.dbpedia.org/property/southeast>	"Southeast"@ja	<http://ja.wikipedia.org/wiki/更別村>	<http://wikidata.dbpedia.org/resource/Q1210582>
<http://ja.dbpedia.org/resource/更別村>	"更別村"@ja	<http://dbpedia.org/ontology/Settlement>	<http://ja.dbpedia.org/property/southeast>	"Southeast"@ja	<http://ja.wikipedia.org/wiki/更別村>	<http://wikidata.dbpedia.org/resource/Q1210582>
<http://ja.dbpedia.org/resource/更別村>	"更別村"@ja	<http://dbpedia.org/ontology/PopulatedPlace>	<http://ja.dbpedia.org/property/southeast>	"Southeast"@ja	<http://ja.wikipedia.org/wiki/更別村>	<http://wikidata.dbpedia.org/resource/Q1210582>
<http://ja.dbpedia.org/resource/更別村>	"更別村"@ja	<http://dbpedia.org/ontology/Location>	<http://ja.dbpedia.org/property/southeast>	"Southeast"@ja	<http://ja.wikipedia.org/wiki/更別村>	<http://wikidata.dbpedia.org/resource/Q1210582>
<http://ja.dbpedia.org/resource/芽室町>	"芽室町"@ja	<http://dbpedia.org/ontology/City>	<http://ja.dbpedia.org/property/north>	"North"@ja	<http://ja.wikipedia.org/wiki/芽室町>	<http://wikidata.dbpedia.org/resource/Q1210480>
<http://ja.dbpedia.org/resource/芽室町>	"芽室町"@ja	<http://dbpedia.org/ontology/Place>	<http://ja.dbpedia.org/property/north>	"North"@ja	<http://ja.wikipedia.org/wiki/芽室町>	<http://wikidata.dbpedia.org/resource/Q1210480>
<http://ja.dbpedia.org/resource/芽室町>	"芽室町"@ja	<http://dbpedia.org/ontology/Location>	<http://ja.dbpedia.org/property/north>	"North"@ja	<http://ja.wikipedia.org/wiki/芽室町>	<http://wikidata.dbpedia.org/resource/Q1210480>
<http://ja.dbpedia.org/resource/芽室町>	"芽室町"@ja	<http://dbpedia.org/ontology/PopulatedPlace>	<http://ja.dbpedia.org/property/north>	"North"@ja	<http://ja.wikipedia.org/wiki/芽室町>	<http://wikidata.dbpedia.org/resource/Q1210480>
<http://ja.dbpedia.org/resource/芽室町>	"芽室町"@ja	<http://dbpedia.org/ontology/Settlement>	<http://ja.dbpedia.org/property/north>	"North"@ja	<http://ja.wikipedia.org/wiki/芽室町>	<http://wikidata.dbpedia.org/resource/Q1210480>
<http://ja.dbpedia.org/resource/音更町>	"音更町"@ja	<http://dbpedia.org/ontology/Place>	<http://ja.dbpedia.org/property/northeast>	"Northeast"@ja	<http://ja.wikipedia.org/wiki/音更町>	<http://wikidata.dbpedia.org/resource/Q1210613>
<http://ja.dbpedia.org/resource/音更町>	"音更町"@ja	<http://dbpedia.org/ontology/City>	<http://ja.dbpedia.org/property/northeast>	"Northeast"@ja	<http://ja.wikipedia.org/wiki/音更町>	<http://wikidata.dbpedia.org/resource/Q1210613>
<http://ja.dbpedia.org/resource/音更町>	"音更町"@ja	<http://dbpedia.org/ontology/Settlement>	<http://ja.dbpedia.org/property/northeast>	"Northeast"@ja	<http://ja.wikipedia.org/wiki/音更町>	<http://wikidata.dbpedia.org/resource/Q1210613>
<http://ja.dbpedia.org/resource/音更町>	"音更町"@ja	<http://dbpedia.org/ontology/Location>	<http://ja.dbpedia.org/property/northeast>	"Northeast"@ja	<http://ja.wikipedia.org/wiki/音更町>	<http://wikidata.dbpedia.org/resource/Q1210613>
<http://ja.dbpedia.org/resource/音更町>	"音更町"@ja	<http://dbpedia.org/ontology/PopulatedPlace>	<http://ja.dbpedia.org/property/northeast>	"Northeast"@ja	<http://ja.wikipedia.org/wiki/音更町>	<http://wikidata.dbpedia.org/resource/Q1210613>
