?s	?sLabel	?type	?p	?pLabel	?jwiki	?wd
<http://ja.dbpedia.org/resource/カシワ>	"カシワ"@ja	<http://dbpedia.org/ontology/Eukaryote>	<http://ja.dbpedia.org/property/木>	"木"@ja	<http://ja.wikipedia.org/wiki/カシワ>	<http://wikidata.dbpedia.org/resource/Q1377319>
<http://ja.dbpedia.org/resource/カシワ>	"カシワ"@ja	<http://dbpedia.org/ontology/Species>	<http://ja.dbpedia.org/property/木>	"木"@ja	<http://ja.wikipedia.org/wiki/カシワ>	<http://wikidata.dbpedia.org/resource/Q1377319>
<http://ja.dbpedia.org/resource/カシワ>	"カシワ"@ja	<http://dbpedia.org/ontology/Plant>	<http://ja.dbpedia.org/property/木>	"木"@ja	<http://ja.wikipedia.org/wiki/カシワ>	<http://wikidata.dbpedia.org/resource/Q1377319>
<http://ja.dbpedia.org/resource/ハマナス>	"ハマナス"@ja	<http://dbpedia.org/ontology/Species>	<http://ja.dbpedia.org/property/花>	"花"@ja	<http://ja.wikipedia.org/wiki/ハマナス>	<http://wikidata.dbpedia.org/resource/Q634975>
<http://ja.dbpedia.org/resource/上士幌町>	"上士幌町"@ja	<http://dbpedia.org/ontology/City>	<http://ja.dbpedia.org/property/southwest>	"Southwest"@ja	<http://ja.wikipedia.org/wiki/上士幌町>	<http://wikidata.dbpedia.org/resource/Q1210152>
<http://ja.dbpedia.org/resource/上士幌町>	"上士幌町"@ja	<http://dbpedia.org/ontology/Place>	<http://ja.dbpedia.org/property/southwest>	"Southwest"@ja	<http://ja.wikipedia.org/wiki/上士幌町>	<http://wikidata.dbpedia.org/resource/Q1210152>
<http://ja.dbpedia.org/resource/上士幌町>	"上士幌町"@ja	<http://dbpedia.org/ontology/Location>	<http://ja.dbpedia.org/property/southwest>	"Southwest"@ja	<http://ja.wikipedia.org/wiki/上士幌町>	<http://wikidata.dbpedia.org/resource/Q1210152>
<http://ja.dbpedia.org/resource/上士幌町>	"上士幌町"@ja	<http://dbpedia.org/ontology/PopulatedPlace>	<http://ja.dbpedia.org/property/southwest>	"Southwest"@ja	<http://ja.wikipedia.org/wiki/上士幌町>	<http://wikidata.dbpedia.org/resource/Q1210152>
<http://ja.dbpedia.org/resource/上士幌町>	"上士幌町"@ja	<http://dbpedia.org/ontology/Settlement>	<http://ja.dbpedia.org/property/southwest>	"Southwest"@ja	<http://ja.wikipedia.org/wiki/上士幌町>	<http://wikidata.dbpedia.org/resource/Q1210152>
<http://ja.dbpedia.org/resource/上川町>	"上川町"@ja	<http://dbpedia.org/ontology/Place>	<http://ja.dbpedia.org/property/west>	"West"@ja	<http://ja.wikipedia.org/wiki/上川町>	<http://wikidata.dbpedia.org/resource/Q1348798>
<http://ja.dbpedia.org/resource/上川町>	"上川町"@ja	<http://dbpedia.org/ontology/City>	<http://ja.dbpedia.org/property/west>	"West"@ja	<http://ja.wikipedia.org/wiki/上川町>	<http://wikidata.dbpedia.org/resource/Q1348798>
<http://ja.dbpedia.org/resource/上川町>	"上川町"@ja	<http://dbpedia.org/ontology/Settlement>	<http://ja.dbpedia.org/property/west>	"West"@ja	<http://ja.wikipedia.org/wiki/上川町>	<http://wikidata.dbpedia.org/resource/Q1348798>
<http://ja.dbpedia.org/resource/上川町>	"上川町"@ja	<http://dbpedia.org/ontology/PopulatedPlace>	<http://ja.dbpedia.org/property/west>	"West"@ja	<http://ja.wikipedia.org/wiki/上川町>	<http://wikidata.dbpedia.org/resource/Q1348798>
<http://ja.dbpedia.org/resource/上川町>	"上川町"@ja	<http://dbpedia.org/ontology/Location>	<http://ja.dbpedia.org/property/west>	"West"@ja	<http://ja.wikipedia.org/wiki/上川町>	<http://wikidata.dbpedia.org/resource/Q1348798>
<http://ja.dbpedia.org/resource/佐呂間町>	"佐呂間町"@ja	<http://dbpedia.org/ontology/City>	<http://ja.dbpedia.org/property/northwest>	"Northwest"@ja	<http://ja.wikipedia.org/wiki/佐呂間町>	<http://wikidata.dbpedia.org/resource/Q1365521>
<http://ja.dbpedia.org/resource/佐呂間町>	"佐呂間町"@ja	<http://dbpedia.org/ontology/Place>	<http://ja.dbpedia.org/property/northwest>	"Northwest"@ja	<http://ja.wikipedia.org/wiki/佐呂間町>	<http://wikidata.dbpedia.org/resource/Q1365521>
<http://ja.dbpedia.org/resource/佐呂間町>	"佐呂間町"@ja	<http://dbpedia.org/ontology/Location>	<http://ja.dbpedia.org/property/northwest>	"Northwest"@ja	<http://ja.wikipedia.org/wiki/佐呂間町>	<http://wikidata.dbpedia.org/resource/Q1365521>
<http://ja.dbpedia.org/resource/佐呂間町>	"佐呂間町"@ja	<http://dbpedia.org/ontology/PopulatedPlace>	<http://ja.dbpedia.org/property/northwest>	"Northwest"@ja	<http://ja.wikipedia.org/wiki/佐呂間町>	<http://wikidata.dbpedia.org/resource/Q1365521>
<http://ja.dbpedia.org/resource/佐呂間町>	"佐呂間町"@ja	<http://dbpedia.org/ontology/Settlement>	<http://ja.dbpedia.org/property/northwest>	"Northwest"@ja	<http://ja.wikipedia.org/wiki/佐呂間町>	<http://wikidata.dbpedia.org/resource/Q1365521>
<http://ja.dbpedia.org/resource/大空町>	"大空町"@ja	<http://dbpedia.org/ontology/Location>	<http://ja.dbpedia.org/property/east>	"East"@ja	<http://ja.wikipedia.org/wiki/大空町>	<http://wikidata.dbpedia.org/resource/Q1208839>
<http://ja.dbpedia.org/resource/大空町>	"大空町"@ja	<http://dbpedia.org/ontology/PopulatedPlace>	<http://ja.dbpedia.org/property/east>	"East"@ja	<http://ja.wikipedia.org/wiki/大空町>	<http://wikidata.dbpedia.org/resource/Q1208839>
<http://ja.dbpedia.org/resource/大空町>	"大空町"@ja	<http://dbpedia.org/ontology/Settlement>	<http://ja.dbpedia.org/property/east>	"East"@ja	<http://ja.wikipedia.org/wiki/大空町>	<http://wikidata.dbpedia.org/resource/Q1208839>
<http://ja.dbpedia.org/resource/大空町>	"大空町"@ja	<http://dbpedia.org/ontology/City>	<http://ja.dbpedia.org/property/east>	"East"@ja	<http://ja.wikipedia.org/wiki/大空町>	<http://wikidata.dbpedia.org/resource/Q1208839>
<http://ja.dbpedia.org/resource/大空町>	"大空町"@ja	<http://dbpedia.org/ontology/Place>	<http://ja.dbpedia.org/property/east>	"East"@ja	<http://ja.wikipedia.org/wiki/大空町>	<http://wikidata.dbpedia.org/resource/Q1208839>
<http://ja.dbpedia.org/resource/津別町>	"津別町"@ja	<http://dbpedia.org/ontology/City>	<http://ja.dbpedia.org/property/southeast>	"Southeast"@ja	<http://ja.wikipedia.org/wiki/津別町>	<http://wikidata.dbpedia.org/resource/Q1357133>
<http://ja.dbpedia.org/resource/津別町>	"津別町"@ja	<http://dbpedia.org/ontology/Place>	<http://ja.dbpedia.org/property/southeast>	"Southeast"@ja	<http://ja.wikipedia.org/wiki/津別町>	<http://wikidata.dbpedia.org/resource/Q1357133>
<http://ja.dbpedia.org/resource/津別町>	"津別町"@ja	<http://dbpedia.org/ontology/Location>	<http://ja.dbpedia.org/property/southeast>	"Southeast"@ja	<http://ja.wikipedia.org/wiki/津別町>	<http://wikidata.dbpedia.org/resource/Q1357133>
<http://ja.dbpedia.org/resource/津別町>	"津別町"@ja	<http://dbpedia.org/ontology/PopulatedPlace>	<http://ja.dbpedia.org/property/southeast>	"Southeast"@ja	<http://ja.wikipedia.org/wiki/津別町>	<http://wikidata.dbpedia.org/resource/Q1357133>
<http://ja.dbpedia.org/resource/津別町>	"津別町"@ja	<http://dbpedia.org/ontology/Settlement>	<http://ja.dbpedia.org/property/southeast>	"Southeast"@ja	<http://ja.wikipedia.org/wiki/津別町>	<http://wikidata.dbpedia.org/resource/Q1357133>
<http://ja.dbpedia.org/resource/湧別町>	"湧別町"@ja	<http://dbpedia.org/ontology/PopulatedPlace>	<http://ja.dbpedia.org/property/northwest>	"Northwest"@ja	<http://ja.wikipedia.org/wiki/湧別町>	<http://wikidata.dbpedia.org/resource/Q1348807>
<http://ja.dbpedia.org/resource/湧別町>	"湧別町"@ja	<http://dbpedia.org/ontology/Settlement>	<http://ja.dbpedia.org/property/northwest>	"Northwest"@ja	<http://ja.wikipedia.org/wiki/湧別町>	<http://wikidata.dbpedia.org/resource/Q1348807>
<http://ja.dbpedia.org/resource/湧別町>	"湧別町"@ja	<http://dbpedia.org/ontology/Location>	<http://ja.dbpedia.org/property/northwest>	"Northwest"@ja	<http://ja.wikipedia.org/wiki/湧別町>	<http://wikidata.dbpedia.org/resource/Q1348807>
<http://ja.dbpedia.org/resource/湧別町>	"湧別町"@ja	<http://dbpedia.org/ontology/Place>	<http://ja.dbpedia.org/property/northwest>	"Northwest"@ja	<http://ja.wikipedia.org/wiki/湧別町>	<http://wikidata.dbpedia.org/resource/Q1348807>
<http://ja.dbpedia.org/resource/湧別町>	"湧別町"@ja	<http://dbpedia.org/ontology/City>	<http://ja.dbpedia.org/property/northwest>	"Northwest"@ja	<http://ja.wikipedia.org/wiki/湧別町>	<http://wikidata.dbpedia.org/resource/Q1348807>
<http://ja.dbpedia.org/resource/網走市>	"網走市"@ja	<http://dbpedia.org/ontology/Location>	<http://ja.dbpedia.org/property/northeast>	"Northeast"@ja	<http://ja.wikipedia.org/wiki/網走市>	<http://wikidata.dbpedia.org/resource/Q305640>
<http://ja.dbpedia.org/resource/網走市>	"網走市"@ja	<http://dbpedia.org/ontology/PopulatedPlace>	<http://ja.dbpedia.org/property/northeast>	"Northeast"@ja	<http://ja.wikipedia.org/wiki/網走市>	<http://wikidata.dbpedia.org/resource/Q305640>
<http://ja.dbpedia.org/resource/網走市>	"網走市"@ja	<http://dbpedia.org/ontology/Settlement>	<http://ja.dbpedia.org/property/northeast>	"Northeast"@ja	<http://ja.wikipedia.org/wiki/網走市>	<http://wikidata.dbpedia.org/resource/Q305640>
<http://ja.dbpedia.org/resource/網走市>	"網走市"@ja	<http://dbpedia.org/ontology/City>	<http://ja.dbpedia.org/property/northeast>	"Northeast"@ja	<http://ja.wikipedia.org/wiki/網走市>	<http://wikidata.dbpedia.org/resource/Q305640>
<http://ja.dbpedia.org/resource/網走市>	"網走市"@ja	<http://dbpedia.org/ontology/Place>	<http://ja.dbpedia.org/property/northeast>	"Northeast"@ja	<http://ja.wikipedia.org/wiki/網走市>	<http://wikidata.dbpedia.org/resource/Q305640>
<http://ja.dbpedia.org/resource/置戸町>	"置戸町"@ja	<http://dbpedia.org/ontology/City>	<http://ja.dbpedia.org/property/south>	"South"@ja	<http://ja.wikipedia.org/wiki/置戸町>	<http://wikidata.dbpedia.org/resource/Q1365495>
<http://ja.dbpedia.org/resource/置戸町>	"置戸町"@ja	<http://dbpedia.org/ontology/Place>	<http://ja.dbpedia.org/property/south>	"South"@ja	<http://ja.wikipedia.org/wiki/置戸町>	<http://wikidata.dbpedia.org/resource/Q1365495>
<http://ja.dbpedia.org/resource/置戸町>	"置戸町"@ja	<http://dbpedia.org/ontology/Location>	<http://ja.dbpedia.org/property/south>	"South"@ja	<http://ja.wikipedia.org/wiki/置戸町>	<http://wikidata.dbpedia.org/resource/Q1365495>
<http://ja.dbpedia.org/resource/置戸町>	"置戸町"@ja	<http://dbpedia.org/ontology/PopulatedPlace>	<http://ja.dbpedia.org/property/south>	"South"@ja	<http://ja.wikipedia.org/wiki/置戸町>	<http://wikidata.dbpedia.org/resource/Q1365495>
<http://ja.dbpedia.org/resource/置戸町>	"置戸町"@ja	<http://dbpedia.org/ontology/Settlement>	<http://ja.dbpedia.org/property/south>	"South"@ja	<http://ja.wikipedia.org/wiki/置戸町>	<http://wikidata.dbpedia.org/resource/Q1365495>
<http://ja.dbpedia.org/resource/美幌町>	"美幌町"@ja	<http://dbpedia.org/ontology/Place>	<http://ja.dbpedia.org/property/east>	"East"@ja	<http://ja.wikipedia.org/wiki/美幌町>	<http://wikidata.dbpedia.org/resource/Q1355074>
<http://ja.dbpedia.org/resource/美幌町>	"美幌町"@ja	<http://dbpedia.org/ontology/City>	<http://ja.dbpedia.org/property/east>	"East"@ja	<http://ja.wikipedia.org/wiki/美幌町>	<http://wikidata.dbpedia.org/resource/Q1355074>
<http://ja.dbpedia.org/resource/美幌町>	"美幌町"@ja	<http://dbpedia.org/ontology/Settlement>	<http://ja.dbpedia.org/property/east>	"East"@ja	<http://ja.wikipedia.org/wiki/美幌町>	<http://wikidata.dbpedia.org/resource/Q1355074>
<http://ja.dbpedia.org/resource/美幌町>	"美幌町"@ja	<http://dbpedia.org/ontology/PopulatedPlace>	<http://ja.dbpedia.org/property/east>	"East"@ja	<http://ja.wikipedia.org/wiki/美幌町>	<http://wikidata.dbpedia.org/resource/Q1355074>
<http://ja.dbpedia.org/resource/美幌町>	"美幌町"@ja	<http://dbpedia.org/ontology/Location>	<http://ja.dbpedia.org/property/east>	"East"@ja	<http://ja.wikipedia.org/wiki/美幌町>	<http://wikidata.dbpedia.org/resource/Q1355074>
<http://ja.dbpedia.org/resource/訓子府町>	"訓子府町"@ja	<http://dbpedia.org/ontology/City>	<http://ja.dbpedia.org/property/south>	"South"@ja	<http://ja.wikipedia.org/wiki/訓子府町>	<http://wikidata.dbpedia.org/resource/Q1365442>
<http://ja.dbpedia.org/resource/訓子府町>	"訓子府町"@ja	<http://dbpedia.org/ontology/Place>	<http://ja.dbpedia.org/property/south>	"South"@ja	<http://ja.wikipedia.org/wiki/訓子府町>	<http://wikidata.dbpedia.org/resource/Q1365442>
<http://ja.dbpedia.org/resource/訓子府町>	"訓子府町"@ja	<http://dbpedia.org/ontology/Location>	<http://ja.dbpedia.org/property/south>	"South"@ja	<http://ja.wikipedia.org/wiki/訓子府町>	<http://wikidata.dbpedia.org/resource/Q1365442>
<http://ja.dbpedia.org/resource/訓子府町>	"訓子府町"@ja	<http://dbpedia.org/ontology/PopulatedPlace>	<http://ja.dbpedia.org/property/south>	"South"@ja	<http://ja.wikipedia.org/wiki/訓子府町>	<http://wikidata.dbpedia.org/resource/Q1365442>
<http://ja.dbpedia.org/resource/訓子府町>	"訓子府町"@ja	<http://dbpedia.org/ontology/Settlement>	<http://ja.dbpedia.org/property/south>	"South"@ja	<http://ja.wikipedia.org/wiki/訓子府町>	<http://wikidata.dbpedia.org/resource/Q1365442>
<http://ja.dbpedia.org/resource/遠軽町>	"遠軽町"@ja	<http://dbpedia.org/ontology/Place>	<http://ja.dbpedia.org/property/west>	"West"@ja	<http://ja.wikipedia.org/wiki/遠軽町>	<http://wikidata.dbpedia.org/resource/Q1348788>
<http://ja.dbpedia.org/resource/遠軽町>	"遠軽町"@ja	<http://dbpedia.org/ontology/City>	<http://ja.dbpedia.org/property/west>	"West"@ja	<http://ja.wikipedia.org/wiki/遠軽町>	<http://wikidata.dbpedia.org/resource/Q1348788>
<http://ja.dbpedia.org/resource/遠軽町>	"遠軽町"@ja	<http://dbpedia.org/ontology/Settlement>	<http://ja.dbpedia.org/property/west>	"West"@ja	<http://ja.wikipedia.org/wiki/遠軽町>	<http://wikidata.dbpedia.org/resource/Q1348788>
<http://ja.dbpedia.org/resource/遠軽町>	"遠軽町"@ja	<http://dbpedia.org/ontology/Location>	<http://ja.dbpedia.org/property/west>	"West"@ja	<http://ja.wikipedia.org/wiki/遠軽町>	<http://wikidata.dbpedia.org/resource/Q1348788>
<http://ja.dbpedia.org/resource/遠軽町>	"遠軽町"@ja	<http://dbpedia.org/ontology/PopulatedPlace>	<http://ja.dbpedia.org/property/west>	"West"@ja	<http://ja.wikipedia.org/wiki/遠軽町>	<http://wikidata.dbpedia.org/resource/Q1348788>
