?s	?sLabel	?type	?p	?pLabel	?jwiki	?wd
<http://ja.dbpedia.org/resource/佐倉市>	"佐倉市"@ja	<http://dbpedia.org/ontology/City>	<http://ja.dbpedia.org/property/northeast>	"Northeast"@ja	<http://ja.wikipedia.org/wiki/佐倉市>	<http://wikidata.dbpedia.org/resource/Q498011>
<http://ja.dbpedia.org/resource/佐倉市>	"佐倉市"@ja	<http://dbpedia.org/ontology/PopulatedPlace>	<http://ja.dbpedia.org/property/隣接自治体・行政区>	"隣接自治体・行政区"@ja	<http://ja.wikipedia.org/wiki/佐倉市>	<http://wikidata.dbpedia.org/resource/Q498011>
<http://ja.dbpedia.org/resource/佐倉市>	"佐倉市"@ja	<http://dbpedia.org/ontology/Place>	<http://ja.dbpedia.org/property/northeast>	"Northeast"@ja	<http://ja.wikipedia.org/wiki/佐倉市>	<http://wikidata.dbpedia.org/resource/Q498011>
<http://ja.dbpedia.org/resource/佐倉市>	"佐倉市"@ja	<http://dbpedia.org/ontology/Settlement>	<http://ja.dbpedia.org/property/隣接自治体・行政区>	"隣接自治体・行政区"@ja	<http://ja.wikipedia.org/wiki/佐倉市>	<http://wikidata.dbpedia.org/resource/Q498011>
<http://ja.dbpedia.org/resource/佐倉市>	"佐倉市"@ja	<http://dbpedia.org/ontology/Location>	<http://ja.dbpedia.org/property/隣接自治体・行政区>	"隣接自治体・行政区"@ja	<http://ja.wikipedia.org/wiki/佐倉市>	<http://wikidata.dbpedia.org/resource/Q498011>
<http://ja.dbpedia.org/resource/佐倉市>	"佐倉市"@ja	<http://dbpedia.org/ontology/Location>	<http://ja.dbpedia.org/property/northeast>	"Northeast"@ja	<http://ja.wikipedia.org/wiki/佐倉市>	<http://wikidata.dbpedia.org/resource/Q498011>
<http://ja.dbpedia.org/resource/佐倉市>	"佐倉市"@ja	<http://dbpedia.org/ontology/Place>	<http://ja.dbpedia.org/property/隣接自治体・行政区>	"隣接自治体・行政区"@ja	<http://ja.wikipedia.org/wiki/佐倉市>	<http://wikidata.dbpedia.org/resource/Q498011>
<http://ja.dbpedia.org/resource/佐倉市>	"佐倉市"@ja	<http://dbpedia.org/ontology/PopulatedPlace>	<http://ja.dbpedia.org/property/northeast>	"Northeast"@ja	<http://ja.wikipedia.org/wiki/佐倉市>	<http://wikidata.dbpedia.org/resource/Q498011>
<http://ja.dbpedia.org/resource/佐倉市>	"佐倉市"@ja	<http://dbpedia.org/ontology/City>	<http://ja.dbpedia.org/property/隣接自治体・行政区>	"隣接自治体・行政区"@ja	<http://ja.wikipedia.org/wiki/佐倉市>	<http://wikidata.dbpedia.org/resource/Q498011>
<http://ja.dbpedia.org/resource/佐倉市>	"佐倉市"@ja	<http://dbpedia.org/ontology/Settlement>	<http://ja.dbpedia.org/property/northeast>	"Northeast"@ja	<http://ja.wikipedia.org/wiki/佐倉市>	<http://wikidata.dbpedia.org/resource/Q498011>
<http://ja.dbpedia.org/resource/八千代市>	"八千代市"@ja	<http://dbpedia.org/ontology/City>	<http://ja.dbpedia.org/property/north>	"North"@ja	<http://ja.wikipedia.org/wiki/八千代市>	<http://wikidata.dbpedia.org/resource/Q328651>
<http://ja.dbpedia.org/resource/八千代市>	"八千代市"@ja	<http://dbpedia.org/ontology/PopulatedPlace>	<http://ja.dbpedia.org/property/隣接自治体・行政区>	"隣接自治体・行政区"@ja	<http://ja.wikipedia.org/wiki/八千代市>	<http://wikidata.dbpedia.org/resource/Q328651>
<http://ja.dbpedia.org/resource/八千代市>	"八千代市"@ja	<http://dbpedia.org/ontology/Settlement>	<http://ja.dbpedia.org/property/隣接自治体・行政区>	"隣接自治体・行政区"@ja	<http://ja.wikipedia.org/wiki/八千代市>	<http://wikidata.dbpedia.org/resource/Q328651>
<http://ja.dbpedia.org/resource/八千代市>	"八千代市"@ja	<http://dbpedia.org/ontology/Place>	<http://ja.dbpedia.org/property/north>	"North"@ja	<http://ja.wikipedia.org/wiki/八千代市>	<http://wikidata.dbpedia.org/resource/Q328651>
<http://ja.dbpedia.org/resource/八千代市>	"八千代市"@ja	<http://dbpedia.org/ontology/Location>	<http://ja.dbpedia.org/property/隣接自治体・行政区>	"隣接自治体・行政区"@ja	<http://ja.wikipedia.org/wiki/八千代市>	<http://wikidata.dbpedia.org/resource/Q328651>
<http://ja.dbpedia.org/resource/八千代市>	"八千代市"@ja	<http://dbpedia.org/ontology/Location>	<http://ja.dbpedia.org/property/north>	"North"@ja	<http://ja.wikipedia.org/wiki/八千代市>	<http://wikidata.dbpedia.org/resource/Q328651>
<http://ja.dbpedia.org/resource/八千代市>	"八千代市"@ja	<http://dbpedia.org/ontology/Place>	<http://ja.dbpedia.org/property/隣接自治体・行政区>	"隣接自治体・行政区"@ja	<http://ja.wikipedia.org/wiki/八千代市>	<http://wikidata.dbpedia.org/resource/Q328651>
<http://ja.dbpedia.org/resource/八千代市>	"八千代市"@ja	<http://dbpedia.org/ontology/PopulatedPlace>	<http://ja.dbpedia.org/property/north>	"North"@ja	<http://ja.wikipedia.org/wiki/八千代市>	<http://wikidata.dbpedia.org/resource/Q328651>
<http://ja.dbpedia.org/resource/八千代市>	"八千代市"@ja	<http://dbpedia.org/ontology/City>	<http://ja.dbpedia.org/property/隣接自治体・行政区>	"隣接自治体・行政区"@ja	<http://ja.wikipedia.org/wiki/八千代市>	<http://wikidata.dbpedia.org/resource/Q328651>
<http://ja.dbpedia.org/resource/八千代市>	"八千代市"@ja	<http://dbpedia.org/ontology/Settlement>	<http://ja.dbpedia.org/property/north>	"North"@ja	<http://ja.wikipedia.org/wiki/八千代市>	<http://wikidata.dbpedia.org/resource/Q328651>
<http://ja.dbpedia.org/resource/四街道市>	"四街道市"@ja	<http://dbpedia.org/ontology/City>	<http://ja.dbpedia.org/property/east>	"East"@ja	<http://ja.wikipedia.org/wiki/四街道市>	<http://wikidata.dbpedia.org/resource/Q429373>
<http://ja.dbpedia.org/resource/四街道市>	"四街道市"@ja	<http://dbpedia.org/ontology/PopulatedPlace>	<http://ja.dbpedia.org/property/隣接自治体・行政区>	"隣接自治体・行政区"@ja	<http://ja.wikipedia.org/wiki/四街道市>	<http://wikidata.dbpedia.org/resource/Q429373>
<http://ja.dbpedia.org/resource/四街道市>	"四街道市"@ja	<http://dbpedia.org/ontology/Settlement>	<http://ja.dbpedia.org/property/隣接自治体・行政区>	"隣接自治体・行政区"@ja	<http://ja.wikipedia.org/wiki/四街道市>	<http://wikidata.dbpedia.org/resource/Q429373>
<http://ja.dbpedia.org/resource/四街道市>	"四街道市"@ja	<http://dbpedia.org/ontology/Place>	<http://ja.dbpedia.org/property/east>	"East"@ja	<http://ja.wikipedia.org/wiki/四街道市>	<http://wikidata.dbpedia.org/resource/Q429373>
<http://ja.dbpedia.org/resource/四街道市>	"四街道市"@ja	<http://dbpedia.org/ontology/Location>	<http://ja.dbpedia.org/property/隣接自治体・行政区>	"隣接自治体・行政区"@ja	<http://ja.wikipedia.org/wiki/四街道市>	<http://wikidata.dbpedia.org/resource/Q429373>
<http://ja.dbpedia.org/resource/四街道市>	"四街道市"@ja	<http://dbpedia.org/ontology/Location>	<http://ja.dbpedia.org/property/east>	"East"@ja	<http://ja.wikipedia.org/wiki/四街道市>	<http://wikidata.dbpedia.org/resource/Q429373>
<http://ja.dbpedia.org/resource/四街道市>	"四街道市"@ja	<http://dbpedia.org/ontology/Place>	<http://ja.dbpedia.org/property/隣接自治体・行政区>	"隣接自治体・行政区"@ja	<http://ja.wikipedia.org/wiki/四街道市>	<http://wikidata.dbpedia.org/resource/Q429373>
<http://ja.dbpedia.org/resource/四街道市>	"四街道市"@ja	<http://dbpedia.org/ontology/PopulatedPlace>	<http://ja.dbpedia.org/property/east>	"East"@ja	<http://ja.wikipedia.org/wiki/四街道市>	<http://wikidata.dbpedia.org/resource/Q429373>
<http://ja.dbpedia.org/resource/四街道市>	"四街道市"@ja	<http://dbpedia.org/ontology/City>	<http://ja.dbpedia.org/property/隣接自治体・行政区>	"隣接自治体・行政区"@ja	<http://ja.wikipedia.org/wiki/四街道市>	<http://wikidata.dbpedia.org/resource/Q429373>
<http://ja.dbpedia.org/resource/四街道市>	"四街道市"@ja	<http://dbpedia.org/ontology/Settlement>	<http://ja.dbpedia.org/property/east>	"East"@ja	<http://ja.wikipedia.org/wiki/四街道市>	<http://wikidata.dbpedia.org/resource/Q429373>
<http://ja.dbpedia.org/resource/習志野市>	"習志野市"@ja	<http://dbpedia.org/ontology/Location>	<http://ja.dbpedia.org/property/west>	"West"@ja	<http://ja.wikipedia.org/wiki/習志野市>	<http://wikidata.dbpedia.org/resource/Q318047>
<http://ja.dbpedia.org/resource/習志野市>	"習志野市"@ja	<http://dbpedia.org/ontology/Place>	<http://ja.dbpedia.org/property/隣接自治体・行政区>	"隣接自治体・行政区"@ja	<http://ja.wikipedia.org/wiki/習志野市>	<http://wikidata.dbpedia.org/resource/Q318047>
<http://ja.dbpedia.org/resource/習志野市>	"習志野市"@ja	<http://dbpedia.org/ontology/PopulatedPlace>	<http://ja.dbpedia.org/property/west>	"West"@ja	<http://ja.wikipedia.org/wiki/習志野市>	<http://wikidata.dbpedia.org/resource/Q318047>
<http://ja.dbpedia.org/resource/習志野市>	"習志野市"@ja	<http://dbpedia.org/ontology/City>	<http://ja.dbpedia.org/property/隣接自治体・行政区>	"隣接自治体・行政区"@ja	<http://ja.wikipedia.org/wiki/習志野市>	<http://wikidata.dbpedia.org/resource/Q318047>
<http://ja.dbpedia.org/resource/習志野市>	"習志野市"@ja	<http://dbpedia.org/ontology/Settlement>	<http://ja.dbpedia.org/property/west>	"West"@ja	<http://ja.wikipedia.org/wiki/習志野市>	<http://wikidata.dbpedia.org/resource/Q318047>
<http://ja.dbpedia.org/resource/習志野市>	"習志野市"@ja	<http://dbpedia.org/ontology/PopulatedPlace>	<http://ja.dbpedia.org/property/隣接自治体・行政区>	"隣接自治体・行政区"@ja	<http://ja.wikipedia.org/wiki/習志野市>	<http://wikidata.dbpedia.org/resource/Q318047>
<http://ja.dbpedia.org/resource/習志野市>	"習志野市"@ja	<http://dbpedia.org/ontology/Place>	<http://ja.dbpedia.org/property/west>	"West"@ja	<http://ja.wikipedia.org/wiki/習志野市>	<http://wikidata.dbpedia.org/resource/Q318047>
<http://ja.dbpedia.org/resource/習志野市>	"習志野市"@ja	<http://dbpedia.org/ontology/Location>	<http://ja.dbpedia.org/property/隣接自治体・行政区>	"隣接自治体・行政区"@ja	<http://ja.wikipedia.org/wiki/習志野市>	<http://wikidata.dbpedia.org/resource/Q318047>
<http://ja.dbpedia.org/resource/習志野市>	"習志野市"@ja	<http://dbpedia.org/ontology/City>	<http://ja.dbpedia.org/property/west>	"West"@ja	<http://ja.wikipedia.org/wiki/習志野市>	<http://wikidata.dbpedia.org/resource/Q318047>
<http://ja.dbpedia.org/resource/習志野市>	"習志野市"@ja	<http://dbpedia.org/ontology/Settlement>	<http://ja.dbpedia.org/property/隣接自治体・行政区>	"隣接自治体・行政区"@ja	<http://ja.wikipedia.org/wiki/習志野市>	<http://wikidata.dbpedia.org/resource/Q318047>
<http://ja.dbpedia.org/resource/花島公園>	"花島公園"@ja	<http://dbpedia.org/ontology/Place>	<http://ja.dbpedia.org/property/画像の説明>	"画像の説明"@ja	<http://ja.wikipedia.org/wiki/花島公園>	<http://wikidata.dbpedia.org/resource/Q11615340>
<http://ja.dbpedia.org/resource/花島公園>	"花島公園"@ja	<http://dbpedia.org/ontology/Park>	<http://ja.dbpedia.org/property/画像の説明>	"画像の説明"@ja	<http://ja.wikipedia.org/wiki/花島公園>	<http://wikidata.dbpedia.org/resource/Q11615340>
<http://ja.dbpedia.org/resource/花島公園>	"花島公園"@ja	<http://dbpedia.org/ontology/Location>	<http://ja.dbpedia.org/property/画像の説明>	"画像の説明"@ja	<http://ja.wikipedia.org/wiki/花島公園>	<http://wikidata.dbpedia.org/resource/Q11615340>
