?s	?sLabel	?type	?p	?pLabel	?jwiki	?wd
<http://ja.dbpedia.org/resource/幕張メッセ>	"幕張メッセ"@ja	<http://dbpedia.org/ontology/ArchitecturalStructure>	<http://ja.dbpedia.org/property/画像の説明>	"画像の説明"@ja	<http://ja.wikipedia.org/wiki/幕張メッセ>	<http://wikidata.dbpedia.org/resource/Q862452>
<http://ja.dbpedia.org/resource/幕張メッセ>	"幕張メッセ"@ja	<http://dbpedia.org/ontology/Building>	<http://ja.dbpedia.org/property/画像の説明>	"画像の説明"@ja	<http://ja.wikipedia.org/wiki/幕張メッセ>	<http://wikidata.dbpedia.org/resource/Q862452>
<http://ja.dbpedia.org/resource/習志野市>	"習志野市"@ja	<http://dbpedia.org/ontology/PopulatedPlace>	<http://ja.dbpedia.org/property/隣接自治体・行政区>	"隣接自治体・行政区"@ja	<http://ja.wikipedia.org/wiki/習志野市>	<http://wikidata.dbpedia.org/resource/Q318047>
<http://ja.dbpedia.org/resource/習志野市>	"習志野市"@ja	<http://dbpedia.org/ontology/Settlement>	<http://ja.dbpedia.org/property/northwest>	"Northwest"@ja	<http://ja.wikipedia.org/wiki/習志野市>	<http://wikidata.dbpedia.org/resource/Q318047>
<http://ja.dbpedia.org/resource/習志野市>	"習志野市"@ja	<http://dbpedia.org/ontology/City>	<http://ja.dbpedia.org/property/隣接自治体・行政区>	"隣接自治体・行政区"@ja	<http://ja.wikipedia.org/wiki/習志野市>	<http://wikidata.dbpedia.org/resource/Q318047>
<http://ja.dbpedia.org/resource/習志野市>	"習志野市"@ja	<http://dbpedia.org/ontology/Settlement>	<http://ja.dbpedia.org/property/隣接自治体・行政区>	"隣接自治体・行政区"@ja	<http://ja.wikipedia.org/wiki/習志野市>	<http://wikidata.dbpedia.org/resource/Q318047>
<http://ja.dbpedia.org/resource/習志野市>	"習志野市"@ja	<http://dbpedia.org/ontology/Location>	<http://ja.dbpedia.org/property/隣接自治体・行政区>	"隣接自治体・行政区"@ja	<http://ja.wikipedia.org/wiki/習志野市>	<http://wikidata.dbpedia.org/resource/Q318047>
<http://ja.dbpedia.org/resource/習志野市>	"習志野市"@ja	<http://dbpedia.org/ontology/PopulatedPlace>	<http://ja.dbpedia.org/property/northwest>	"Northwest"@ja	<http://ja.wikipedia.org/wiki/習志野市>	<http://wikidata.dbpedia.org/resource/Q318047>
<http://ja.dbpedia.org/resource/習志野市>	"習志野市"@ja	<http://dbpedia.org/ontology/Place>	<http://ja.dbpedia.org/property/northwest>	"Northwest"@ja	<http://ja.wikipedia.org/wiki/習志野市>	<http://wikidata.dbpedia.org/resource/Q318047>
<http://ja.dbpedia.org/resource/習志野市>	"習志野市"@ja	<http://dbpedia.org/ontology/Place>	<http://ja.dbpedia.org/property/隣接自治体・行政区>	"隣接自治体・行政区"@ja	<http://ja.wikipedia.org/wiki/習志野市>	<http://wikidata.dbpedia.org/resource/Q318047>
<http://ja.dbpedia.org/resource/習志野市>	"習志野市"@ja	<http://dbpedia.org/ontology/City>	<http://ja.dbpedia.org/property/northwest>	"Northwest"@ja	<http://ja.wikipedia.org/wiki/習志野市>	<http://wikidata.dbpedia.org/resource/Q318047>
<http://ja.dbpedia.org/resource/習志野市>	"習志野市"@ja	<http://dbpedia.org/ontology/Location>	<http://ja.dbpedia.org/property/northwest>	"Northwest"@ja	<http://ja.wikipedia.org/wiki/習志野市>	<http://wikidata.dbpedia.org/resource/Q318047>
