?s	?sLabel	?type	?p	?pLabel	?jwiki	?wd
<http://ja.dbpedia.org/resource/四街道市>	"四街道市"@ja	<http://dbpedia.org/ontology/Settlement>	<http://ja.dbpedia.org/property/隣接自治体・行政区>	"隣接自治体・行政区"@ja	<http://ja.wikipedia.org/wiki/四街道市>	<http://wikidata.dbpedia.org/resource/Q429373>
<http://ja.dbpedia.org/resource/四街道市>	"四街道市"@ja	<http://dbpedia.org/ontology/PopulatedPlace>	<http://ja.dbpedia.org/property/northeast>	"Northeast"@ja	<http://ja.wikipedia.org/wiki/四街道市>	<http://wikidata.dbpedia.org/resource/Q429373>
<http://ja.dbpedia.org/resource/四街道市>	"四街道市"@ja	<http://dbpedia.org/ontology/PopulatedPlace>	<http://ja.dbpedia.org/property/隣接自治体・行政区>	"隣接自治体・行政区"@ja	<http://ja.wikipedia.org/wiki/四街道市>	<http://wikidata.dbpedia.org/resource/Q429373>
<http://ja.dbpedia.org/resource/四街道市>	"四街道市"@ja	<http://dbpedia.org/ontology/Settlement>	<http://ja.dbpedia.org/property/northeast>	"Northeast"@ja	<http://ja.wikipedia.org/wiki/四街道市>	<http://wikidata.dbpedia.org/resource/Q429373>
<http://ja.dbpedia.org/resource/四街道市>	"四街道市"@ja	<http://dbpedia.org/ontology/Location>	<http://ja.dbpedia.org/property/northeast>	"Northeast"@ja	<http://ja.wikipedia.org/wiki/四街道市>	<http://wikidata.dbpedia.org/resource/Q429373>
<http://ja.dbpedia.org/resource/四街道市>	"四街道市"@ja	<http://dbpedia.org/ontology/City>	<http://ja.dbpedia.org/property/northeast>	"Northeast"@ja	<http://ja.wikipedia.org/wiki/四街道市>	<http://wikidata.dbpedia.org/resource/Q429373>
<http://ja.dbpedia.org/resource/四街道市>	"四街道市"@ja	<http://dbpedia.org/ontology/Place>	<http://ja.dbpedia.org/property/隣接自治体・行政区>	"隣接自治体・行政区"@ja	<http://ja.wikipedia.org/wiki/四街道市>	<http://wikidata.dbpedia.org/resource/Q429373>
<http://ja.dbpedia.org/resource/四街道市>	"四街道市"@ja	<http://dbpedia.org/ontology/Place>	<http://ja.dbpedia.org/property/northeast>	"Northeast"@ja	<http://ja.wikipedia.org/wiki/四街道市>	<http://wikidata.dbpedia.org/resource/Q429373>
<http://ja.dbpedia.org/resource/四街道市>	"四街道市"@ja	<http://dbpedia.org/ontology/City>	<http://ja.dbpedia.org/property/隣接自治体・行政区>	"隣接自治体・行政区"@ja	<http://ja.wikipedia.org/wiki/四街道市>	<http://wikidata.dbpedia.org/resource/Q429373>
<http://ja.dbpedia.org/resource/四街道市>	"四街道市"@ja	<http://dbpedia.org/ontology/Location>	<http://ja.dbpedia.org/property/隣接自治体・行政区>	"隣接自治体・行政区"@ja	<http://ja.wikipedia.org/wiki/四街道市>	<http://wikidata.dbpedia.org/resource/Q429373>
<http://ja.dbpedia.org/resource/稲毛浅間神社>	"稲毛浅間神社"@ja	<http://dbpedia.org/ontology/Shrine>	<http://ja.dbpedia.org/property/画像の説明>	"画像の説明"@ja	<http://ja.wikipedia.org/wiki/稲毛浅間神社>	<http://wikidata.dbpedia.org/resource/Q11596688>
<http://ja.dbpedia.org/resource/稲毛浅間神社>	"稲毛浅間神社"@ja	<http://dbpedia.org/ontology/Building>	<http://ja.dbpedia.org/property/画像の説明>	"画像の説明"@ja	<http://ja.wikipedia.org/wiki/稲毛浅間神社>	<http://wikidata.dbpedia.org/resource/Q11596688>
<http://ja.dbpedia.org/resource/稲毛浅間神社>	"稲毛浅間神社"@ja	<http://dbpedia.org/ontology/ArchitecturalStructure>	<http://ja.dbpedia.org/property/画像の説明>	"画像の説明"@ja	<http://ja.wikipedia.org/wiki/稲毛浅間神社>	<http://wikidata.dbpedia.org/resource/Q11596688>
<http://ja.dbpedia.org/resource/稲毛浅間神社>	"稲毛浅間神社"@ja	<http://dbpedia.org/ontology/ReligiousBuilding>	<http://ja.dbpedia.org/property/画像の説明>	"画像の説明"@ja	<http://ja.wikipedia.org/wiki/稲毛浅間神社>	<http://wikidata.dbpedia.org/resource/Q11596688>
