?s	?sLabel	?type	?p	?pLabel	?jwiki	?wd
<http://ja.dbpedia.org/resource/コブシ>	"コブシ"@ja	<http://dbpedia.org/ontology/Species>	<http://ja.dbpedia.org/property/木>	"木"@ja	<http://ja.wikipedia.org/wiki/コブシ>	<http://wikidata.dbpedia.org/resource/Q942409>
<http://ja.dbpedia.org/resource/バラ>	"バラ"@ja	<http://dbpedia.org/ontology/Species>	<http://ja.dbpedia.org/property/花>	"花"@ja	<http://ja.wikipedia.org/wiki/バラ>	<http://wikidata.dbpedia.org/resource/Q64140922>
<http://ja.dbpedia.org/resource/鳩>	"鳩"@ja	<http://dbpedia.org/ontology/Bird>	<http://ja.dbpedia.org/property/鳥など>	"鳥など"@ja	<http://ja.wikipedia.org/wiki/鳩>	<http://wikidata.dbpedia.org/resource/Q209239>
<http://ja.dbpedia.org/resource/鳩>	"鳩"@ja	<http://dbpedia.org/ontology/Species>	<http://ja.dbpedia.org/property/鳥など>	"鳥など"@ja	<http://ja.wikipedia.org/wiki/鳩>	<http://wikidata.dbpedia.org/resource/Q209239>
<http://ja.dbpedia.org/resource/鳩>	"鳩"@ja	<http://dbpedia.org/ontology/Eukaryote>	<http://ja.dbpedia.org/property/鳥など>	"鳥など"@ja	<http://ja.wikipedia.org/wiki/鳩>	<http://wikidata.dbpedia.org/resource/Q209239>
<http://ja.dbpedia.org/resource/鳩>	"鳩"@ja	<http://dbpedia.org/ontology/Animal>	<http://ja.dbpedia.org/property/鳥など>	"鳥など"@ja	<http://ja.wikipedia.org/wiki/鳩>	<http://wikidata.dbpedia.org/resource/Q209239>
