?s	?sLabel	?type	?p	?pLabel	?jwiki	?wd
<http://ja.dbpedia.org/resource/佐倉市>	"佐倉市"@ja	<http://dbpedia.org/ontology/City>	<http://ja.dbpedia.org/property/隣接自治体・行政区>	"隣接自治体・行政区"@ja	<http://ja.wikipedia.org/wiki/佐倉市>	<http://wikidata.dbpedia.org/resource/Q498011>
<http://ja.dbpedia.org/resource/佐倉市>	"佐倉市"@ja	<http://dbpedia.org/ontology/PopulatedPlace>	<http://ja.dbpedia.org/property/northeast>	"Northeast"@ja	<http://ja.wikipedia.org/wiki/佐倉市>	<http://wikidata.dbpedia.org/resource/Q498011>
<http://ja.dbpedia.org/resource/佐倉市>	"佐倉市"@ja	<http://dbpedia.org/ontology/Place>	<http://ja.dbpedia.org/property/隣接自治体・行政区>	"隣接自治体・行政区"@ja	<http://ja.wikipedia.org/wiki/佐倉市>	<http://wikidata.dbpedia.org/resource/Q498011>
<http://ja.dbpedia.org/resource/佐倉市>	"佐倉市"@ja	<http://dbpedia.org/ontology/Settlement>	<http://ja.dbpedia.org/property/northeast>	"Northeast"@ja	<http://ja.wikipedia.org/wiki/佐倉市>	<http://wikidata.dbpedia.org/resource/Q498011>
<http://ja.dbpedia.org/resource/佐倉市>	"佐倉市"@ja	<http://dbpedia.org/ontology/Location>	<http://ja.dbpedia.org/property/northeast>	"Northeast"@ja	<http://ja.wikipedia.org/wiki/佐倉市>	<http://wikidata.dbpedia.org/resource/Q498011>
<http://ja.dbpedia.org/resource/佐倉市>	"佐倉市"@ja	<http://dbpedia.org/ontology/Location>	<http://ja.dbpedia.org/property/隣接自治体・行政区>	"隣接自治体・行政区"@ja	<http://ja.wikipedia.org/wiki/佐倉市>	<http://wikidata.dbpedia.org/resource/Q498011>
<http://ja.dbpedia.org/resource/佐倉市>	"佐倉市"@ja	<http://dbpedia.org/ontology/Place>	<http://ja.dbpedia.org/property/northeast>	"Northeast"@ja	<http://ja.wikipedia.org/wiki/佐倉市>	<http://wikidata.dbpedia.org/resource/Q498011>
<http://ja.dbpedia.org/resource/佐倉市>	"佐倉市"@ja	<http://dbpedia.org/ontology/PopulatedPlace>	<http://ja.dbpedia.org/property/隣接自治体・行政区>	"隣接自治体・行政区"@ja	<http://ja.wikipedia.org/wiki/佐倉市>	<http://wikidata.dbpedia.org/resource/Q498011>
<http://ja.dbpedia.org/resource/佐倉市>	"佐倉市"@ja	<http://dbpedia.org/ontology/City>	<http://ja.dbpedia.org/property/northeast>	"Northeast"@ja	<http://ja.wikipedia.org/wiki/佐倉市>	<http://wikidata.dbpedia.org/resource/Q498011>
<http://ja.dbpedia.org/resource/佐倉市>	"佐倉市"@ja	<http://dbpedia.org/ontology/Settlement>	<http://ja.dbpedia.org/property/隣接自治体・行政区>	"隣接自治体・行政区"@ja	<http://ja.wikipedia.org/wiki/佐倉市>	<http://wikidata.dbpedia.org/resource/Q498011>
<http://ja.dbpedia.org/resource/八街市>	"八街市"@ja	<http://dbpedia.org/ontology/City>	<http://ja.dbpedia.org/property/east>	"East"@ja	<http://ja.wikipedia.org/wiki/八街市>	<http://wikidata.dbpedia.org/resource/Q638296>
<http://ja.dbpedia.org/resource/八街市>	"八街市"@ja	<http://dbpedia.org/ontology/PopulatedPlace>	<http://ja.dbpedia.org/property/隣接自治体・行政区>	"隣接自治体・行政区"@ja	<http://ja.wikipedia.org/wiki/八街市>	<http://wikidata.dbpedia.org/resource/Q638296>
<http://ja.dbpedia.org/resource/八街市>	"八街市"@ja	<http://dbpedia.org/ontology/Settlement>	<http://ja.dbpedia.org/property/隣接自治体・行政区>	"隣接自治体・行政区"@ja	<http://ja.wikipedia.org/wiki/八街市>	<http://wikidata.dbpedia.org/resource/Q638296>
<http://ja.dbpedia.org/resource/八街市>	"八街市"@ja	<http://dbpedia.org/ontology/Place>	<http://ja.dbpedia.org/property/east>	"East"@ja	<http://ja.wikipedia.org/wiki/八街市>	<http://wikidata.dbpedia.org/resource/Q638296>
<http://ja.dbpedia.org/resource/八街市>	"八街市"@ja	<http://dbpedia.org/ontology/Location>	<http://ja.dbpedia.org/property/隣接自治体・行政区>	"隣接自治体・行政区"@ja	<http://ja.wikipedia.org/wiki/八街市>	<http://wikidata.dbpedia.org/resource/Q638296>
<http://ja.dbpedia.org/resource/八街市>	"八街市"@ja	<http://dbpedia.org/ontology/Location>	<http://ja.dbpedia.org/property/east>	"East"@ja	<http://ja.wikipedia.org/wiki/八街市>	<http://wikidata.dbpedia.org/resource/Q638296>
<http://ja.dbpedia.org/resource/八街市>	"八街市"@ja	<http://dbpedia.org/ontology/Place>	<http://ja.dbpedia.org/property/隣接自治体・行政区>	"隣接自治体・行政区"@ja	<http://ja.wikipedia.org/wiki/八街市>	<http://wikidata.dbpedia.org/resource/Q638296>
<http://ja.dbpedia.org/resource/八街市>	"八街市"@ja	<http://dbpedia.org/ontology/PopulatedPlace>	<http://ja.dbpedia.org/property/east>	"East"@ja	<http://ja.wikipedia.org/wiki/八街市>	<http://wikidata.dbpedia.org/resource/Q638296>
<http://ja.dbpedia.org/resource/八街市>	"八街市"@ja	<http://dbpedia.org/ontology/City>	<http://ja.dbpedia.org/property/隣接自治体・行政区>	"隣接自治体・行政区"@ja	<http://ja.wikipedia.org/wiki/八街市>	<http://wikidata.dbpedia.org/resource/Q638296>
<http://ja.dbpedia.org/resource/八街市>	"八街市"@ja	<http://dbpedia.org/ontology/Settlement>	<http://ja.dbpedia.org/property/east>	"East"@ja	<http://ja.wikipedia.org/wiki/八街市>	<http://wikidata.dbpedia.org/resource/Q638296>
<http://ja.dbpedia.org/resource/四街道市>	"四街道市"@ja	<http://dbpedia.org/ontology/City>	<http://ja.dbpedia.org/property/隣接自治体・行政区>	"隣接自治体・行政区"@ja	<http://ja.wikipedia.org/wiki/四街道市>	<http://wikidata.dbpedia.org/resource/Q429373>
<http://ja.dbpedia.org/resource/四街道市>	"四街道市"@ja	<http://dbpedia.org/ontology/PopulatedPlace>	<http://ja.dbpedia.org/property/north>	"North"@ja	<http://ja.wikipedia.org/wiki/四街道市>	<http://wikidata.dbpedia.org/resource/Q429373>
<http://ja.dbpedia.org/resource/四街道市>	"四街道市"@ja	<http://dbpedia.org/ontology/Settlement>	<http://ja.dbpedia.org/property/north>	"North"@ja	<http://ja.wikipedia.org/wiki/四街道市>	<http://wikidata.dbpedia.org/resource/Q429373>
<http://ja.dbpedia.org/resource/四街道市>	"四街道市"@ja	<http://dbpedia.org/ontology/Place>	<http://ja.dbpedia.org/property/隣接自治体・行政区>	"隣接自治体・行政区"@ja	<http://ja.wikipedia.org/wiki/四街道市>	<http://wikidata.dbpedia.org/resource/Q429373>
<http://ja.dbpedia.org/resource/四街道市>	"四街道市"@ja	<http://dbpedia.org/ontology/Location>	<http://ja.dbpedia.org/property/north>	"North"@ja	<http://ja.wikipedia.org/wiki/四街道市>	<http://wikidata.dbpedia.org/resource/Q429373>
<http://ja.dbpedia.org/resource/四街道市>	"四街道市"@ja	<http://dbpedia.org/ontology/Location>	<http://ja.dbpedia.org/property/隣接自治体・行政区>	"隣接自治体・行政区"@ja	<http://ja.wikipedia.org/wiki/四街道市>	<http://wikidata.dbpedia.org/resource/Q429373>
<http://ja.dbpedia.org/resource/四街道市>	"四街道市"@ja	<http://dbpedia.org/ontology/Place>	<http://ja.dbpedia.org/property/north>	"North"@ja	<http://ja.wikipedia.org/wiki/四街道市>	<http://wikidata.dbpedia.org/resource/Q429373>
<http://ja.dbpedia.org/resource/四街道市>	"四街道市"@ja	<http://dbpedia.org/ontology/PopulatedPlace>	<http://ja.dbpedia.org/property/隣接自治体・行政区>	"隣接自治体・行政区"@ja	<http://ja.wikipedia.org/wiki/四街道市>	<http://wikidata.dbpedia.org/resource/Q429373>
<http://ja.dbpedia.org/resource/四街道市>	"四街道市"@ja	<http://dbpedia.org/ontology/City>	<http://ja.dbpedia.org/property/north>	"North"@ja	<http://ja.wikipedia.org/wiki/四街道市>	<http://wikidata.dbpedia.org/resource/Q429373>
<http://ja.dbpedia.org/resource/四街道市>	"四街道市"@ja	<http://dbpedia.org/ontology/Settlement>	<http://ja.dbpedia.org/property/隣接自治体・行政区>	"隣接自治体・行政区"@ja	<http://ja.wikipedia.org/wiki/四街道市>	<http://wikidata.dbpedia.org/resource/Q429373>
<http://ja.dbpedia.org/resource/東金市>	"東金市"@ja	<http://dbpedia.org/ontology/PopulatedPlace>	<http://ja.dbpedia.org/property/隣接自治体・行政区>	"隣接自治体・行政区"@ja	<http://ja.wikipedia.org/wiki/東金市>	<http://wikidata.dbpedia.org/resource/Q637913>
<http://ja.dbpedia.org/resource/東金市>	"東金市"@ja	<http://dbpedia.org/ontology/Place>	<http://ja.dbpedia.org/property/southeast>	"Southeast"@ja	<http://ja.wikipedia.org/wiki/東金市>	<http://wikidata.dbpedia.org/resource/Q637913>
<http://ja.dbpedia.org/resource/東金市>	"東金市"@ja	<http://dbpedia.org/ontology/City>	<http://ja.dbpedia.org/property/southeast>	"Southeast"@ja	<http://ja.wikipedia.org/wiki/東金市>	<http://wikidata.dbpedia.org/resource/Q637913>
<http://ja.dbpedia.org/resource/東金市>	"東金市"@ja	<http://dbpedia.org/ontology/Location>	<http://ja.dbpedia.org/property/隣接自治体・行政区>	"隣接自治体・行政区"@ja	<http://ja.wikipedia.org/wiki/東金市>	<http://wikidata.dbpedia.org/resource/Q637913>
<http://ja.dbpedia.org/resource/東金市>	"東金市"@ja	<http://dbpedia.org/ontology/Settlement>	<http://ja.dbpedia.org/property/隣接自治体・行政区>	"隣接自治体・行政区"@ja	<http://ja.wikipedia.org/wiki/東金市>	<http://wikidata.dbpedia.org/resource/Q637913>
<http://ja.dbpedia.org/resource/東金市>	"東金市"@ja	<http://dbpedia.org/ontology/Settlement>	<http://ja.dbpedia.org/property/southeast>	"Southeast"@ja	<http://ja.wikipedia.org/wiki/東金市>	<http://wikidata.dbpedia.org/resource/Q637913>
<http://ja.dbpedia.org/resource/東金市>	"東金市"@ja	<http://dbpedia.org/ontology/City>	<http://ja.dbpedia.org/property/隣接自治体・行政区>	"隣接自治体・行政区"@ja	<http://ja.wikipedia.org/wiki/東金市>	<http://wikidata.dbpedia.org/resource/Q637913>
<http://ja.dbpedia.org/resource/東金市>	"東金市"@ja	<http://dbpedia.org/ontology/PopulatedPlace>	<http://ja.dbpedia.org/property/southeast>	"Southeast"@ja	<http://ja.wikipedia.org/wiki/東金市>	<http://wikidata.dbpedia.org/resource/Q637913>
<http://ja.dbpedia.org/resource/東金市>	"東金市"@ja	<http://dbpedia.org/ontology/Place>	<http://ja.dbpedia.org/property/隣接自治体・行政区>	"隣接自治体・行政区"@ja	<http://ja.wikipedia.org/wiki/東金市>	<http://wikidata.dbpedia.org/resource/Q637913>
<http://ja.dbpedia.org/resource/東金市>	"東金市"@ja	<http://dbpedia.org/ontology/Location>	<http://ja.dbpedia.org/property/southeast>	"Southeast"@ja	<http://ja.wikipedia.org/wiki/東金市>	<http://wikidata.dbpedia.org/resource/Q637913>
