?s	?sLabel	?type	?p	?pLabel	?jwiki	?wd
<http://ja.dbpedia.org/resource/ツツジ>	"ツツジ"@ja	<http://dbpedia.org/ontology/Species>	<http://ja.dbpedia.org/property/花>	"花"@ja	<http://ja.wikipedia.org/wiki/ツツジ>	<http://wikidata.dbpedia.org/resource/Q189393>
<http://ja.dbpedia.org/resource/ポプラ>	"ポプラ"@ja	<http://dbpedia.org/ontology/Species>	<http://ja.dbpedia.org/property/木>	"木"@ja	<http://ja.wikipedia.org/wiki/ポプラ>	<http://wikidata.dbpedia.org/resource/Q25356>
<http://ja.dbpedia.org/resource/安田侃彫刻美術館_アルテピアッツァ美唄>	"安田侃彫刻美術館 アルテピアッツァ美唄"@ja	<http://dbpedia.org/ontology/ArchitecturalStructure>	<http://ja.dbpedia.org/property/画像の説明>	"画像の説明"@ja	<http://ja.wikipedia.org/wiki/安田侃彫刻美術館_アルテピアッツァ美唄>	<http://wikidata.dbpedia.org/resource/Q17192195>
<http://ja.dbpedia.org/resource/安田侃彫刻美術館_アルテピアッツァ美唄>	"安田侃彫刻美術館 アルテピアッツァ美唄"@ja	<http://dbpedia.org/ontology/Building>	<http://ja.dbpedia.org/property/画像の説明>	"画像の説明"@ja	<http://ja.wikipedia.org/wiki/安田侃彫刻美術館_アルテピアッツァ美唄>	<http://wikidata.dbpedia.org/resource/Q17192195>
<http://ja.dbpedia.org/resource/安田侃彫刻美術館_アルテピアッツァ美唄>	"安田侃彫刻美術館 アルテピアッツァ美唄"@ja	<http://dbpedia.org/ontology/Museum>	<http://ja.dbpedia.org/property/画像の説明>	"画像の説明"@ja	<http://ja.wikipedia.org/wiki/安田侃彫刻美術館_アルテピアッツァ美唄>	<http://wikidata.dbpedia.org/resource/Q17192195>
