?s	?sLabel	?type	?p	?pLabel	?jwiki	?wd
<http://ja.dbpedia.org/resource/シジュウカラ>	"シジュウカラ"@ja	<http://dbpedia.org/ontology/Species>	<http://ja.dbpedia.org/property/鳥など>	"鳥など"@ja	<http://ja.wikipedia.org/wiki/シジュウカラ>	<http://wikidata.dbpedia.org/resource/Q177798>
<http://ja.dbpedia.org/resource/ミズナラ>	"ミズナラ"@ja	<http://dbpedia.org/ontology/Plant>	<http://ja.dbpedia.org/property/木>	"木"@ja	<http://ja.wikipedia.org/wiki/ミズナラ>	<http://wikidata.dbpedia.org/resource/Q11342134>
<http://ja.dbpedia.org/resource/ミズナラ>	"ミズナラ"@ja	<http://dbpedia.org/ontology/Species>	<http://ja.dbpedia.org/property/木>	"木"@ja	<http://ja.wikipedia.org/wiki/ミズナラ>	<http://wikidata.dbpedia.org/resource/Q11342134>
<http://ja.dbpedia.org/resource/ミズナラ>	"ミズナラ"@ja	<http://dbpedia.org/ontology/Eukaryote>	<http://ja.dbpedia.org/property/木>	"木"@ja	<http://ja.wikipedia.org/wiki/ミズナラ>	<http://wikidata.dbpedia.org/resource/Q11342134>
<http://ja.dbpedia.org/resource/ユリ>	"ユリ"@ja	<http://dbpedia.org/ontology/Species>	<http://ja.dbpedia.org/property/花>	"花"@ja	<http://ja.wikipedia.org/wiki/ユリ>	<http://wikidata.dbpedia.org/resource/Q5194627>
<http://ja.dbpedia.org/resource/三笠市>	"三笠市"@ja	<http://dbpedia.org/ontology/PopulatedPlace>	<http://ja.dbpedia.org/property/southwest>	"Southwest"@ja	<http://ja.wikipedia.org/wiki/三笠市>	<http://wikidata.dbpedia.org/resource/Q842318>
<http://ja.dbpedia.org/resource/三笠市>	"三笠市"@ja	<http://dbpedia.org/ontology/Settlement>	<http://ja.dbpedia.org/property/southwest>	"Southwest"@ja	<http://ja.wikipedia.org/wiki/三笠市>	<http://wikidata.dbpedia.org/resource/Q842318>
<http://ja.dbpedia.org/resource/三笠市>	"三笠市"@ja	<http://dbpedia.org/ontology/Location>	<http://ja.dbpedia.org/property/southwest>	"Southwest"@ja	<http://ja.wikipedia.org/wiki/三笠市>	<http://wikidata.dbpedia.org/resource/Q842318>
<http://ja.dbpedia.org/resource/三笠市>	"三笠市"@ja	<http://dbpedia.org/ontology/Place>	<http://ja.dbpedia.org/property/southwest>	"Southwest"@ja	<http://ja.wikipedia.org/wiki/三笠市>	<http://wikidata.dbpedia.org/resource/Q842318>
<http://ja.dbpedia.org/resource/三笠市>	"三笠市"@ja	<http://dbpedia.org/ontology/City>	<http://ja.dbpedia.org/property/southwest>	"Southwest"@ja	<http://ja.wikipedia.org/wiki/三笠市>	<http://wikidata.dbpedia.org/resource/Q842318>
<http://ja.dbpedia.org/resource/上砂川町>	"上砂川町"@ja	<http://dbpedia.org/ontology/Place>	<http://ja.dbpedia.org/property/west>	"West"@ja	<http://ja.wikipedia.org/wiki/上砂川町>	<http://wikidata.dbpedia.org/resource/Q1357239>
<http://ja.dbpedia.org/resource/上砂川町>	"上砂川町"@ja	<http://dbpedia.org/ontology/City>	<http://ja.dbpedia.org/property/west>	"West"@ja	<http://ja.wikipedia.org/wiki/上砂川町>	<http://wikidata.dbpedia.org/resource/Q1357239>
<http://ja.dbpedia.org/resource/上砂川町>	"上砂川町"@ja	<http://dbpedia.org/ontology/Settlement>	<http://ja.dbpedia.org/property/west>	"West"@ja	<http://ja.wikipedia.org/wiki/上砂川町>	<http://wikidata.dbpedia.org/resource/Q1357239>
<http://ja.dbpedia.org/resource/上砂川町>	"上砂川町"@ja	<http://dbpedia.org/ontology/PopulatedPlace>	<http://ja.dbpedia.org/property/west>	"West"@ja	<http://ja.wikipedia.org/wiki/上砂川町>	<http://wikidata.dbpedia.org/resource/Q1357239>
<http://ja.dbpedia.org/resource/上砂川町>	"上砂川町"@ja	<http://dbpedia.org/ontology/Location>	<http://ja.dbpedia.org/property/west>	"West"@ja	<http://ja.wikipedia.org/wiki/上砂川町>	<http://wikidata.dbpedia.org/resource/Q1357239>
<http://ja.dbpedia.org/resource/中富良野町>	"中富良野町"@ja	<http://dbpedia.org/ontology/Settlement>	<http://ja.dbpedia.org/property/east>	"East"@ja	<http://ja.wikipedia.org/wiki/中富良野町>	<http://wikidata.dbpedia.org/resource/Q680384>
<http://ja.dbpedia.org/resource/中富良野町>	"中富良野町"@ja	<http://dbpedia.org/ontology/PopulatedPlace>	<http://ja.dbpedia.org/property/east>	"East"@ja	<http://ja.wikipedia.org/wiki/中富良野町>	<http://wikidata.dbpedia.org/resource/Q680384>
<http://ja.dbpedia.org/resource/中富良野町>	"中富良野町"@ja	<http://dbpedia.org/ontology/Location>	<http://ja.dbpedia.org/property/east>	"East"@ja	<http://ja.wikipedia.org/wiki/中富良野町>	<http://wikidata.dbpedia.org/resource/Q680384>
<http://ja.dbpedia.org/resource/中富良野町>	"中富良野町"@ja	<http://dbpedia.org/ontology/Place>	<http://ja.dbpedia.org/property/east>	"East"@ja	<http://ja.wikipedia.org/wiki/中富良野町>	<http://wikidata.dbpedia.org/resource/Q680384>
<http://ja.dbpedia.org/resource/中富良野町>	"中富良野町"@ja	<http://dbpedia.org/ontology/City>	<http://ja.dbpedia.org/property/east>	"East"@ja	<http://ja.wikipedia.org/wiki/中富良野町>	<http://wikidata.dbpedia.org/resource/Q680384>
<http://ja.dbpedia.org/resource/南富良野町>	"南富良野町"@ja	<http://dbpedia.org/ontology/Place>	<http://ja.dbpedia.org/property/southeast>	"Southeast"@ja	<http://ja.wikipedia.org/wiki/南富良野町>	<http://wikidata.dbpedia.org/resource/Q1357254>
<http://ja.dbpedia.org/resource/南富良野町>	"南富良野町"@ja	<http://dbpedia.org/ontology/City>	<http://ja.dbpedia.org/property/southeast>	"Southeast"@ja	<http://ja.wikipedia.org/wiki/南富良野町>	<http://wikidata.dbpedia.org/resource/Q1357254>
<http://ja.dbpedia.org/resource/南富良野町>	"南富良野町"@ja	<http://dbpedia.org/ontology/Settlement>	<http://ja.dbpedia.org/property/southeast>	"Southeast"@ja	<http://ja.wikipedia.org/wiki/南富良野町>	<http://wikidata.dbpedia.org/resource/Q1357254>
<http://ja.dbpedia.org/resource/南富良野町>	"南富良野町"@ja	<http://dbpedia.org/ontology/PopulatedPlace>	<http://ja.dbpedia.org/property/southeast>	"Southeast"@ja	<http://ja.wikipedia.org/wiki/南富良野町>	<http://wikidata.dbpedia.org/resource/Q1357254>
<http://ja.dbpedia.org/resource/南富良野町>	"南富良野町"@ja	<http://dbpedia.org/ontology/Location>	<http://ja.dbpedia.org/property/southeast>	"Southeast"@ja	<http://ja.wikipedia.org/wiki/南富良野町>	<http://wikidata.dbpedia.org/resource/Q1357254>
<http://ja.dbpedia.org/resource/夕張市>	"夕張市"@ja	<http://dbpedia.org/ontology/PopulatedPlace>	<http://ja.dbpedia.org/property/south>	"South"@ja	<http://ja.wikipedia.org/wiki/夕張市>	<http://wikidata.dbpedia.org/resource/Q637145>
<http://ja.dbpedia.org/resource/夕張市>	"夕張市"@ja	<http://dbpedia.org/ontology/Location>	<http://ja.dbpedia.org/property/south>	"South"@ja	<http://ja.wikipedia.org/wiki/夕張市>	<http://wikidata.dbpedia.org/resource/Q637145>
<http://ja.dbpedia.org/resource/夕張市>	"夕張市"@ja	<http://dbpedia.org/ontology/Settlement>	<http://ja.dbpedia.org/property/south>	"South"@ja	<http://ja.wikipedia.org/wiki/夕張市>	<http://wikidata.dbpedia.org/resource/Q637145>
<http://ja.dbpedia.org/resource/夕張市>	"夕張市"@ja	<http://dbpedia.org/ontology/City>	<http://ja.dbpedia.org/property/south>	"South"@ja	<http://ja.wikipedia.org/wiki/夕張市>	<http://wikidata.dbpedia.org/resource/Q637145>
<http://ja.dbpedia.org/resource/夕張市>	"夕張市"@ja	<http://dbpedia.org/ontology/Place>	<http://ja.dbpedia.org/property/south>	"South"@ja	<http://ja.wikipedia.org/wiki/夕張市>	<http://wikidata.dbpedia.org/resource/Q637145>
<http://ja.dbpedia.org/resource/奈井江町>	"奈井江町"@ja	<http://dbpedia.org/ontology/City>	<http://ja.dbpedia.org/property/west>	"West"@ja	<http://ja.wikipedia.org/wiki/奈井江町>	<http://wikidata.dbpedia.org/resource/Q1355445>
<http://ja.dbpedia.org/resource/奈井江町>	"奈井江町"@ja	<http://dbpedia.org/ontology/Place>	<http://ja.dbpedia.org/property/west>	"West"@ja	<http://ja.wikipedia.org/wiki/奈井江町>	<http://wikidata.dbpedia.org/resource/Q1355445>
<http://ja.dbpedia.org/resource/奈井江町>	"奈井江町"@ja	<http://dbpedia.org/ontology/Location>	<http://ja.dbpedia.org/property/west>	"West"@ja	<http://ja.wikipedia.org/wiki/奈井江町>	<http://wikidata.dbpedia.org/resource/Q1355445>
<http://ja.dbpedia.org/resource/奈井江町>	"奈井江町"@ja	<http://dbpedia.org/ontology/PopulatedPlace>	<http://ja.dbpedia.org/property/west>	"West"@ja	<http://ja.wikipedia.org/wiki/奈井江町>	<http://wikidata.dbpedia.org/resource/Q1355445>
<http://ja.dbpedia.org/resource/奈井江町>	"奈井江町"@ja	<http://dbpedia.org/ontology/Settlement>	<http://ja.dbpedia.org/property/west>	"West"@ja	<http://ja.wikipedia.org/wiki/奈井江町>	<http://wikidata.dbpedia.org/resource/Q1355445>
<http://ja.dbpedia.org/resource/富良野市>	"富良野市"@ja	<http://dbpedia.org/ontology/PopulatedPlace>	<http://ja.dbpedia.org/property/east>	"East"@ja	<http://ja.wikipedia.org/wiki/富良野市>	<http://wikidata.dbpedia.org/resource/Q654738>
<http://ja.dbpedia.org/resource/富良野市>	"富良野市"@ja	<http://dbpedia.org/ontology/Settlement>	<http://ja.dbpedia.org/property/east>	"East"@ja	<http://ja.wikipedia.org/wiki/富良野市>	<http://wikidata.dbpedia.org/resource/Q654738>
<http://ja.dbpedia.org/resource/富良野市>	"富良野市"@ja	<http://dbpedia.org/ontology/Location>	<http://ja.dbpedia.org/property/east>	"East"@ja	<http://ja.wikipedia.org/wiki/富良野市>	<http://wikidata.dbpedia.org/resource/Q654738>
<http://ja.dbpedia.org/resource/富良野市>	"富良野市"@ja	<http://dbpedia.org/ontology/Place>	<http://ja.dbpedia.org/property/east>	"East"@ja	<http://ja.wikipedia.org/wiki/富良野市>	<http://wikidata.dbpedia.org/resource/Q654738>
<http://ja.dbpedia.org/resource/富良野市>	"富良野市"@ja	<http://dbpedia.org/ontology/City>	<http://ja.dbpedia.org/property/east>	"East"@ja	<http://ja.wikipedia.org/wiki/富良野市>	<http://wikidata.dbpedia.org/resource/Q654738>
<http://ja.dbpedia.org/resource/旭川市>	"旭川市"@ja	<http://dbpedia.org/ontology/Location>	<http://ja.dbpedia.org/property/north>	"North"@ja	<http://ja.wikipedia.org/wiki/旭川市>	<http://wikidata.dbpedia.org/resource/Q200740>
<http://ja.dbpedia.org/resource/旭川市>	"旭川市"@ja	<http://dbpedia.org/ontology/PopulatedPlace>	<http://ja.dbpedia.org/property/north>	"North"@ja	<http://ja.wikipedia.org/wiki/旭川市>	<http://wikidata.dbpedia.org/resource/Q200740>
<http://ja.dbpedia.org/resource/旭川市>	"旭川市"@ja	<http://dbpedia.org/ontology/Settlement>	<http://ja.dbpedia.org/property/north>	"North"@ja	<http://ja.wikipedia.org/wiki/旭川市>	<http://wikidata.dbpedia.org/resource/Q200740>
<http://ja.dbpedia.org/resource/旭川市>	"旭川市"@ja	<http://dbpedia.org/ontology/City>	<http://ja.dbpedia.org/property/north>	"North"@ja	<http://ja.wikipedia.org/wiki/旭川市>	<http://wikidata.dbpedia.org/resource/Q200740>
<http://ja.dbpedia.org/resource/旭川市>	"旭川市"@ja	<http://dbpedia.org/ontology/Place>	<http://ja.dbpedia.org/property/north>	"North"@ja	<http://ja.wikipedia.org/wiki/旭川市>	<http://wikidata.dbpedia.org/resource/Q200740>
<http://ja.dbpedia.org/resource/歌志内市>	"歌志内市"@ja	<http://dbpedia.org/ontology/City>	<http://ja.dbpedia.org/property/west>	"West"@ja	<http://ja.wikipedia.org/wiki/歌志内市>	<http://wikidata.dbpedia.org/resource/Q842279>
<http://ja.dbpedia.org/resource/歌志内市>	"歌志内市"@ja	<http://dbpedia.org/ontology/Place>	<http://ja.dbpedia.org/property/west>	"West"@ja	<http://ja.wikipedia.org/wiki/歌志内市>	<http://wikidata.dbpedia.org/resource/Q842279>
<http://ja.dbpedia.org/resource/歌志内市>	"歌志内市"@ja	<http://dbpedia.org/ontology/Location>	<http://ja.dbpedia.org/property/west>	"West"@ja	<http://ja.wikipedia.org/wiki/歌志内市>	<http://wikidata.dbpedia.org/resource/Q842279>
<http://ja.dbpedia.org/resource/歌志内市>	"歌志内市"@ja	<http://dbpedia.org/ontology/PopulatedPlace>	<http://ja.dbpedia.org/property/west>	"West"@ja	<http://ja.wikipedia.org/wiki/歌志内市>	<http://wikidata.dbpedia.org/resource/Q842279>
<http://ja.dbpedia.org/resource/歌志内市>	"歌志内市"@ja	<http://dbpedia.org/ontology/Settlement>	<http://ja.dbpedia.org/property/west>	"West"@ja	<http://ja.wikipedia.org/wiki/歌志内市>	<http://wikidata.dbpedia.org/resource/Q842279>
<http://ja.dbpedia.org/resource/深川市>	"深川市"@ja	<http://dbpedia.org/ontology/Location>	<http://ja.dbpedia.org/property/north>	"North"@ja	<http://ja.wikipedia.org/wiki/深川市>	<http://wikidata.dbpedia.org/resource/Q817268>
<http://ja.dbpedia.org/resource/深川市>	"深川市"@ja	<http://dbpedia.org/ontology/PopulatedPlace>	<http://ja.dbpedia.org/property/north>	"North"@ja	<http://ja.wikipedia.org/wiki/深川市>	<http://wikidata.dbpedia.org/resource/Q817268>
<http://ja.dbpedia.org/resource/深川市>	"深川市"@ja	<http://dbpedia.org/ontology/Settlement>	<http://ja.dbpedia.org/property/north>	"North"@ja	<http://ja.wikipedia.org/wiki/深川市>	<http://wikidata.dbpedia.org/resource/Q817268>
<http://ja.dbpedia.org/resource/深川市>	"深川市"@ja	<http://dbpedia.org/ontology/City>	<http://ja.dbpedia.org/property/north>	"North"@ja	<http://ja.wikipedia.org/wiki/深川市>	<http://wikidata.dbpedia.org/resource/Q817268>
<http://ja.dbpedia.org/resource/深川市>	"深川市"@ja	<http://dbpedia.org/ontology/Place>	<http://ja.dbpedia.org/property/north>	"North"@ja	<http://ja.wikipedia.org/wiki/深川市>	<http://wikidata.dbpedia.org/resource/Q817268>
<http://ja.dbpedia.org/resource/美唄市>	"美唄市"@ja	<http://dbpedia.org/ontology/City>	<http://ja.dbpedia.org/property/west>	"West"@ja	<http://ja.wikipedia.org/wiki/美唄市>	<http://wikidata.dbpedia.org/resource/Q817271>
<http://ja.dbpedia.org/resource/美唄市>	"美唄市"@ja	<http://dbpedia.org/ontology/Place>	<http://ja.dbpedia.org/property/west>	"West"@ja	<http://ja.wikipedia.org/wiki/美唄市>	<http://wikidata.dbpedia.org/resource/Q817271>
<http://ja.dbpedia.org/resource/美唄市>	"美唄市"@ja	<http://dbpedia.org/ontology/Location>	<http://ja.dbpedia.org/property/west>	"West"@ja	<http://ja.wikipedia.org/wiki/美唄市>	<http://wikidata.dbpedia.org/resource/Q817271>
<http://ja.dbpedia.org/resource/美唄市>	"美唄市"@ja	<http://dbpedia.org/ontology/PopulatedPlace>	<http://ja.dbpedia.org/property/west>	"West"@ja	<http://ja.wikipedia.org/wiki/美唄市>	<http://wikidata.dbpedia.org/resource/Q817271>
<http://ja.dbpedia.org/resource/美唄市>	"美唄市"@ja	<http://dbpedia.org/ontology/Settlement>	<http://ja.dbpedia.org/property/west>	"West"@ja	<http://ja.wikipedia.org/wiki/美唄市>	<http://wikidata.dbpedia.org/resource/Q817271>
<http://ja.dbpedia.org/resource/美瑛町>	"美瑛町"@ja	<http://dbpedia.org/ontology/PopulatedPlace>	<http://ja.dbpedia.org/property/east>	"East"@ja	<http://ja.wikipedia.org/wiki/美瑛町>	<http://wikidata.dbpedia.org/resource/Q1355491>
<http://ja.dbpedia.org/resource/美瑛町>	"美瑛町"@ja	<http://dbpedia.org/ontology/Settlement>	<http://ja.dbpedia.org/property/east>	"East"@ja	<http://ja.wikipedia.org/wiki/美瑛町>	<http://wikidata.dbpedia.org/resource/Q1355491>
<http://ja.dbpedia.org/resource/美瑛町>	"美瑛町"@ja	<http://dbpedia.org/ontology/Location>	<http://ja.dbpedia.org/property/east>	"East"@ja	<http://ja.wikipedia.org/wiki/美瑛町>	<http://wikidata.dbpedia.org/resource/Q1355491>
<http://ja.dbpedia.org/resource/美瑛町>	"美瑛町"@ja	<http://dbpedia.org/ontology/Place>	<http://ja.dbpedia.org/property/east>	"East"@ja	<http://ja.wikipedia.org/wiki/美瑛町>	<http://wikidata.dbpedia.org/resource/Q1355491>
<http://ja.dbpedia.org/resource/美瑛町>	"美瑛町"@ja	<http://dbpedia.org/ontology/City>	<http://ja.dbpedia.org/property/east>	"East"@ja	<http://ja.wikipedia.org/wiki/美瑛町>	<http://wikidata.dbpedia.org/resource/Q1355491>
<http://ja.dbpedia.org/resource/赤平市>	"赤平市"@ja	<http://dbpedia.org/ontology/Place>	<http://ja.dbpedia.org/property/northwest>	"Northwest"@ja	<http://ja.wikipedia.org/wiki/赤平市>	<http://wikidata.dbpedia.org/resource/Q413804>
<http://ja.dbpedia.org/resource/赤平市>	"赤平市"@ja	<http://dbpedia.org/ontology/City>	<http://ja.dbpedia.org/property/northwest>	"Northwest"@ja	<http://ja.wikipedia.org/wiki/赤平市>	<http://wikidata.dbpedia.org/resource/Q413804>
<http://ja.dbpedia.org/resource/赤平市>	"赤平市"@ja	<http://dbpedia.org/ontology/Settlement>	<http://ja.dbpedia.org/property/northwest>	"Northwest"@ja	<http://ja.wikipedia.org/wiki/赤平市>	<http://wikidata.dbpedia.org/resource/Q413804>
<http://ja.dbpedia.org/resource/赤平市>	"赤平市"@ja	<http://dbpedia.org/ontology/Location>	<http://ja.dbpedia.org/property/northwest>	"Northwest"@ja	<http://ja.wikipedia.org/wiki/赤平市>	<http://wikidata.dbpedia.org/resource/Q413804>
<http://ja.dbpedia.org/resource/赤平市>	"赤平市"@ja	<http://dbpedia.org/ontology/PopulatedPlace>	<http://ja.dbpedia.org/property/northwest>	"Northwest"@ja	<http://ja.wikipedia.org/wiki/赤平市>	<http://wikidata.dbpedia.org/resource/Q413804>
