?s	?sLabel	?type	?p	?pLabel	?jwiki	?wd
<http://ja.dbpedia.org/resource/カエデ>	"カエデ"@ja	<http://dbpedia.org/ontology/Species>	<http://ja.dbpedia.org/property/木>	"木"@ja	<http://ja.wikipedia.org/wiki/カエデ>	<http://wikidata.dbpedia.org/resource/Q42292>
<http://ja.dbpedia.org/resource/カエデ>	"カエデ"@ja	<http://dbpedia.org/ontology/Eukaryote>	<http://ja.dbpedia.org/property/木>	"木"@ja	<http://ja.wikipedia.org/wiki/カエデ>	<http://wikidata.dbpedia.org/resource/Q42292>
<http://ja.dbpedia.org/resource/カエデ>	"カエデ"@ja	<http://dbpedia.org/ontology/Plant>	<http://ja.dbpedia.org/property/木>	"木"@ja	<http://ja.wikipedia.org/wiki/カエデ>	<http://wikidata.dbpedia.org/resource/Q42292>
<http://ja.dbpedia.org/resource/キク>	"キク"@ja	<http://dbpedia.org/ontology/Species>	<http://ja.dbpedia.org/property/花>	"花"@ja	<http://ja.wikipedia.org/wiki/キク>	<http://wikidata.dbpedia.org/resource/Q15530181>
<http://ja.dbpedia.org/resource/ヤマガラ>	"ヤマガラ"@ja	<http://dbpedia.org/ontology/Species>	<http://ja.dbpedia.org/property/鳥など>	"鳥など"@ja	<http://ja.wikipedia.org/wiki/ヤマガラ>	<http://wikidata.dbpedia.org/resource/Q27075354>
<http://ja.dbpedia.org/resource/歌志内市>	"歌志内市"@ja	<http://dbpedia.org/ontology/Location>	<http://ja.dbpedia.org/property/隣接自治体>	"隣接自治体"@ja	<http://ja.wikipedia.org/wiki/歌志内市>	<http://wikidata.dbpedia.org/resource/Q842279>
<http://ja.dbpedia.org/resource/歌志内市>	"歌志内市"@ja	<http://dbpedia.org/ontology/City>	<http://ja.dbpedia.org/property/隣接自治体>	"隣接自治体"@ja	<http://ja.wikipedia.org/wiki/歌志内市>	<http://wikidata.dbpedia.org/resource/Q842279>
<http://ja.dbpedia.org/resource/歌志内市>	"歌志内市"@ja	<http://dbpedia.org/ontology/PopulatedPlace>	<http://ja.dbpedia.org/property/隣接自治体>	"隣接自治体"@ja	<http://ja.wikipedia.org/wiki/歌志内市>	<http://wikidata.dbpedia.org/resource/Q842279>
<http://ja.dbpedia.org/resource/歌志内市>	"歌志内市"@ja	<http://dbpedia.org/ontology/Settlement>	<http://ja.dbpedia.org/property/隣接自治体>	"隣接自治体"@ja	<http://ja.wikipedia.org/wiki/歌志内市>	<http://wikidata.dbpedia.org/resource/Q842279>
<http://ja.dbpedia.org/resource/歌志内市>	"歌志内市"@ja	<http://dbpedia.org/ontology/Place>	<http://ja.dbpedia.org/property/隣接自治体>	"隣接自治体"@ja	<http://ja.wikipedia.org/wiki/歌志内市>	<http://wikidata.dbpedia.org/resource/Q842279>
<http://ja.dbpedia.org/resource/深川市>	"深川市"@ja	<http://dbpedia.org/ontology/City>	<http://ja.dbpedia.org/property/隣接自治体>	"隣接自治体"@ja	<http://ja.wikipedia.org/wiki/深川市>	<http://wikidata.dbpedia.org/resource/Q817268>
<http://ja.dbpedia.org/resource/深川市>	"深川市"@ja	<http://dbpedia.org/ontology/PopulatedPlace>	<http://ja.dbpedia.org/property/隣接自治体>	"隣接自治体"@ja	<http://ja.wikipedia.org/wiki/深川市>	<http://wikidata.dbpedia.org/resource/Q817268>
<http://ja.dbpedia.org/resource/深川市>	"深川市"@ja	<http://dbpedia.org/ontology/Location>	<http://ja.dbpedia.org/property/隣接自治体>	"隣接自治体"@ja	<http://ja.wikipedia.org/wiki/深川市>	<http://wikidata.dbpedia.org/resource/Q817268>
<http://ja.dbpedia.org/resource/深川市>	"深川市"@ja	<http://dbpedia.org/ontology/Settlement>	<http://ja.dbpedia.org/property/隣接自治体>	"隣接自治体"@ja	<http://ja.wikipedia.org/wiki/深川市>	<http://wikidata.dbpedia.org/resource/Q817268>
<http://ja.dbpedia.org/resource/深川市>	"深川市"@ja	<http://dbpedia.org/ontology/Place>	<http://ja.dbpedia.org/property/隣接自治体>	"隣接自治体"@ja	<http://ja.wikipedia.org/wiki/深川市>	<http://wikidata.dbpedia.org/resource/Q817268>
<http://ja.dbpedia.org/resource/滝川市>	"滝川市"@ja	<http://dbpedia.org/ontology/City>	<http://ja.dbpedia.org/property/隣接自治体>	"隣接自治体"@ja	<http://ja.wikipedia.org/wiki/滝川市>	<http://wikidata.dbpedia.org/resource/Q842286>
<http://ja.dbpedia.org/resource/滝川市>	"滝川市"@ja	<http://dbpedia.org/ontology/Location>	<http://ja.dbpedia.org/property/隣接自治体>	"隣接自治体"@ja	<http://ja.wikipedia.org/wiki/滝川市>	<http://wikidata.dbpedia.org/resource/Q842286>
<http://ja.dbpedia.org/resource/滝川市>	"滝川市"@ja	<http://dbpedia.org/ontology/Settlement>	<http://ja.dbpedia.org/property/隣接自治体>	"隣接自治体"@ja	<http://ja.wikipedia.org/wiki/滝川市>	<http://wikidata.dbpedia.org/resource/Q842286>
<http://ja.dbpedia.org/resource/滝川市>	"滝川市"@ja	<http://dbpedia.org/ontology/PopulatedPlace>	<http://ja.dbpedia.org/property/隣接自治体>	"隣接自治体"@ja	<http://ja.wikipedia.org/wiki/滝川市>	<http://wikidata.dbpedia.org/resource/Q842286>
<http://ja.dbpedia.org/resource/滝川市>	"滝川市"@ja	<http://dbpedia.org/ontology/Place>	<http://ja.dbpedia.org/property/隣接自治体>	"隣接自治体"@ja	<http://ja.wikipedia.org/wiki/滝川市>	<http://wikidata.dbpedia.org/resource/Q842286>
<http://ja.dbpedia.org/resource/砂川市>	"砂川市"@ja	<http://dbpedia.org/ontology/Location>	<http://ja.dbpedia.org/property/隣接自治体>	"隣接自治体"@ja	<http://ja.wikipedia.org/wiki/砂川市>	<http://wikidata.dbpedia.org/resource/Q507147>
<http://ja.dbpedia.org/resource/砂川市>	"砂川市"@ja	<http://dbpedia.org/ontology/Settlement>	<http://ja.dbpedia.org/property/隣接自治体>	"隣接自治体"@ja	<http://ja.wikipedia.org/wiki/砂川市>	<http://wikidata.dbpedia.org/resource/Q507147>
<http://ja.dbpedia.org/resource/砂川市>	"砂川市"@ja	<http://dbpedia.org/ontology/Place>	<http://ja.dbpedia.org/property/隣接自治体>	"隣接自治体"@ja	<http://ja.wikipedia.org/wiki/砂川市>	<http://wikidata.dbpedia.org/resource/Q507147>
<http://ja.dbpedia.org/resource/砂川市>	"砂川市"@ja	<http://dbpedia.org/ontology/City>	<http://ja.dbpedia.org/property/隣接自治体>	"隣接自治体"@ja	<http://ja.wikipedia.org/wiki/砂川市>	<http://wikidata.dbpedia.org/resource/Q507147>
<http://ja.dbpedia.org/resource/砂川市>	"砂川市"@ja	<http://dbpedia.org/ontology/PopulatedPlace>	<http://ja.dbpedia.org/property/隣接自治体>	"隣接自治体"@ja	<http://ja.wikipedia.org/wiki/砂川市>	<http://wikidata.dbpedia.org/resource/Q507147>
<http://ja.dbpedia.org/resource/芦別市>	"芦別市"@ja	<http://dbpedia.org/ontology/Settlement>	<http://ja.dbpedia.org/property/隣接自治体>	"隣接自治体"@ja	<http://ja.wikipedia.org/wiki/芦別市>	<http://wikidata.dbpedia.org/resource/Q725311>
<http://ja.dbpedia.org/resource/芦別市>	"芦別市"@ja	<http://dbpedia.org/ontology/Place>	<http://ja.dbpedia.org/property/隣接自治体>	"隣接自治体"@ja	<http://ja.wikipedia.org/wiki/芦別市>	<http://wikidata.dbpedia.org/resource/Q725311>
<http://ja.dbpedia.org/resource/芦別市>	"芦別市"@ja	<http://dbpedia.org/ontology/City>	<http://ja.dbpedia.org/property/隣接自治体>	"隣接自治体"@ja	<http://ja.wikipedia.org/wiki/芦別市>	<http://wikidata.dbpedia.org/resource/Q725311>
<http://ja.dbpedia.org/resource/芦別市>	"芦別市"@ja	<http://dbpedia.org/ontology/PopulatedPlace>	<http://ja.dbpedia.org/property/隣接自治体>	"隣接自治体"@ja	<http://ja.wikipedia.org/wiki/芦別市>	<http://wikidata.dbpedia.org/resource/Q725311>
<http://ja.dbpedia.org/resource/芦別市>	"芦別市"@ja	<http://dbpedia.org/ontology/Location>	<http://ja.dbpedia.org/property/隣接自治体>	"隣接自治体"@ja	<http://ja.wikipedia.org/wiki/芦別市>	<http://wikidata.dbpedia.org/resource/Q725311>
