?s	?sLabel	?type	?p	?pLabel	?jwiki	?wd
<http://ja.dbpedia.org/resource/イワシ>	"イワシ"@ja	<http://dbpedia.org/ontology/Species>	<http://ja.dbpedia.org/property/鳥など>	"鳥など"@ja	<http://ja.wikipedia.org/wiki/イワシ>	<http://wikidata.dbpedia.org/resource/Q109476295>
<http://ja.dbpedia.org/resource/サザンカ>	"サザンカ"@ja	<http://dbpedia.org/ontology/Species>	<http://ja.dbpedia.org/property/木>	"木"@ja	<http://ja.wikipedia.org/wiki/サザンカ>	<http://wikidata.dbpedia.org/resource/Q2590046>
<http://ja.dbpedia.org/resource/マツヨイグサ属>	"マツヨイグサ属"@ja	<http://dbpedia.org/ontology/Species>	<http://ja.dbpedia.org/property/花>	"花"@ja	<http://ja.wikipedia.org/wiki/マツヨイグサ属>	<http://wikidata.dbpedia.org/resource/Q157658>
<http://ja.dbpedia.org/resource/旭市>	"旭市"@ja	<http://dbpedia.org/ontology/Place>	<http://ja.dbpedia.org/property/southwest>	"Southwest"@ja	<http://ja.wikipedia.org/wiki/旭市>	<http://wikidata.dbpedia.org/resource/Q637868>
<http://ja.dbpedia.org/resource/旭市>	"旭市"@ja	<http://dbpedia.org/ontology/PopulatedPlace>	<http://ja.dbpedia.org/property/隣接自治体>	"隣接自治体"@ja	<http://ja.wikipedia.org/wiki/旭市>	<http://wikidata.dbpedia.org/resource/Q637868>
<http://ja.dbpedia.org/resource/旭市>	"旭市"@ja	<http://dbpedia.org/ontology/City>	<http://ja.dbpedia.org/property/southwest>	"Southwest"@ja	<http://ja.wikipedia.org/wiki/旭市>	<http://wikidata.dbpedia.org/resource/Q637868>
<http://ja.dbpedia.org/resource/旭市>	"旭市"@ja	<http://dbpedia.org/ontology/Settlement>	<http://ja.dbpedia.org/property/隣接自治体>	"隣接自治体"@ja	<http://ja.wikipedia.org/wiki/旭市>	<http://wikidata.dbpedia.org/resource/Q637868>
<http://ja.dbpedia.org/resource/旭市>	"旭市"@ja	<http://dbpedia.org/ontology/Location>	<http://ja.dbpedia.org/property/隣接自治体>	"隣接自治体"@ja	<http://ja.wikipedia.org/wiki/旭市>	<http://wikidata.dbpedia.org/resource/Q637868>
<http://ja.dbpedia.org/resource/旭市>	"旭市"@ja	<http://dbpedia.org/ontology/PopulatedPlace>	<http://ja.dbpedia.org/property/southwest>	"Southwest"@ja	<http://ja.wikipedia.org/wiki/旭市>	<http://wikidata.dbpedia.org/resource/Q637868>
<http://ja.dbpedia.org/resource/旭市>	"旭市"@ja	<http://dbpedia.org/ontology/City>	<http://ja.dbpedia.org/property/隣接自治体>	"隣接自治体"@ja	<http://ja.wikipedia.org/wiki/旭市>	<http://wikidata.dbpedia.org/resource/Q637868>
<http://ja.dbpedia.org/resource/旭市>	"旭市"@ja	<http://dbpedia.org/ontology/Settlement>	<http://ja.dbpedia.org/property/southwest>	"Southwest"@ja	<http://ja.wikipedia.org/wiki/旭市>	<http://wikidata.dbpedia.org/resource/Q637868>
<http://ja.dbpedia.org/resource/旭市>	"旭市"@ja	<http://dbpedia.org/ontology/Location>	<http://ja.dbpedia.org/property/southwest>	"Southwest"@ja	<http://ja.wikipedia.org/wiki/旭市>	<http://wikidata.dbpedia.org/resource/Q637868>
<http://ja.dbpedia.org/resource/旭市>	"旭市"@ja	<http://dbpedia.org/ontology/Place>	<http://ja.dbpedia.org/property/隣接自治体>	"隣接自治体"@ja	<http://ja.wikipedia.org/wiki/旭市>	<http://wikidata.dbpedia.org/resource/Q637868>
<http://ja.dbpedia.org/resource/東庄町>	"東庄町"@ja	<http://dbpedia.org/ontology/City>	<http://ja.dbpedia.org/property/隣接自治体>	"隣接自治体"@ja	<http://ja.wikipedia.org/wiki/東庄町>	<http://wikidata.dbpedia.org/resource/Q1342834>
<http://ja.dbpedia.org/resource/東庄町>	"東庄町"@ja	<http://dbpedia.org/ontology/Settlement>	<http://ja.dbpedia.org/property/northwest>	"Northwest"@ja	<http://ja.wikipedia.org/wiki/東庄町>	<http://wikidata.dbpedia.org/resource/Q1342834>
<http://ja.dbpedia.org/resource/東庄町>	"東庄町"@ja	<http://dbpedia.org/ontology/PopulatedPlace>	<http://ja.dbpedia.org/property/northwest>	"Northwest"@ja	<http://ja.wikipedia.org/wiki/東庄町>	<http://wikidata.dbpedia.org/resource/Q1342834>
<http://ja.dbpedia.org/resource/東庄町>	"東庄町"@ja	<http://dbpedia.org/ontology/Place>	<http://ja.dbpedia.org/property/隣接自治体>	"隣接自治体"@ja	<http://ja.wikipedia.org/wiki/東庄町>	<http://wikidata.dbpedia.org/resource/Q1342834>
<http://ja.dbpedia.org/resource/東庄町>	"東庄町"@ja	<http://dbpedia.org/ontology/Location>	<http://ja.dbpedia.org/property/northwest>	"Northwest"@ja	<http://ja.wikipedia.org/wiki/東庄町>	<http://wikidata.dbpedia.org/resource/Q1342834>
<http://ja.dbpedia.org/resource/東庄町>	"東庄町"@ja	<http://dbpedia.org/ontology/Location>	<http://ja.dbpedia.org/property/隣接自治体>	"隣接自治体"@ja	<http://ja.wikipedia.org/wiki/東庄町>	<http://wikidata.dbpedia.org/resource/Q1342834>
<http://ja.dbpedia.org/resource/東庄町>	"東庄町"@ja	<http://dbpedia.org/ontology/Place>	<http://ja.dbpedia.org/property/northwest>	"Northwest"@ja	<http://ja.wikipedia.org/wiki/東庄町>	<http://wikidata.dbpedia.org/resource/Q1342834>
<http://ja.dbpedia.org/resource/東庄町>	"東庄町"@ja	<http://dbpedia.org/ontology/Settlement>	<http://ja.dbpedia.org/property/隣接自治体>	"隣接自治体"@ja	<http://ja.wikipedia.org/wiki/東庄町>	<http://wikidata.dbpedia.org/resource/Q1342834>
<http://ja.dbpedia.org/resource/東庄町>	"東庄町"@ja	<http://dbpedia.org/ontology/PopulatedPlace>	<http://ja.dbpedia.org/property/隣接自治体>	"隣接自治体"@ja	<http://ja.wikipedia.org/wiki/東庄町>	<http://wikidata.dbpedia.org/resource/Q1342834>
<http://ja.dbpedia.org/resource/東庄町>	"東庄町"@ja	<http://dbpedia.org/ontology/City>	<http://ja.dbpedia.org/property/northwest>	"Northwest"@ja	<http://ja.wikipedia.org/wiki/東庄町>	<http://wikidata.dbpedia.org/resource/Q1342834>
<http://ja.dbpedia.org/resource/神栖市>	"神栖市"@ja	<http://dbpedia.org/ontology/Place>	<http://ja.dbpedia.org/property/隣接自治体>	"隣接自治体"@ja	<http://ja.wikipedia.org/wiki/神栖市>	<http://wikidata.dbpedia.org/resource/Q840595>
<http://ja.dbpedia.org/resource/神栖市>	"神栖市"@ja	<http://dbpedia.org/ontology/PopulatedPlace>	<http://ja.dbpedia.org/property/north>	"North"@ja	<http://ja.wikipedia.org/wiki/神栖市>	<http://wikidata.dbpedia.org/resource/Q840595>
<http://ja.dbpedia.org/resource/神栖市>	"神栖市"@ja	<http://dbpedia.org/ontology/Location>	<http://ja.dbpedia.org/property/north>	"North"@ja	<http://ja.wikipedia.org/wiki/神栖市>	<http://wikidata.dbpedia.org/resource/Q840595>
<http://ja.dbpedia.org/resource/神栖市>	"神栖市"@ja	<http://dbpedia.org/ontology/City>	<http://ja.dbpedia.org/property/隣接自治体>	"隣接自治体"@ja	<http://ja.wikipedia.org/wiki/神栖市>	<http://wikidata.dbpedia.org/resource/Q840595>
<http://ja.dbpedia.org/resource/神栖市>	"神栖市"@ja	<http://dbpedia.org/ontology/Settlement>	<http://ja.dbpedia.org/property/north>	"North"@ja	<http://ja.wikipedia.org/wiki/神栖市>	<http://wikidata.dbpedia.org/resource/Q840595>
<http://ja.dbpedia.org/resource/神栖市>	"神栖市"@ja	<http://dbpedia.org/ontology/Settlement>	<http://ja.dbpedia.org/property/隣接自治体>	"隣接自治体"@ja	<http://ja.wikipedia.org/wiki/神栖市>	<http://wikidata.dbpedia.org/resource/Q840595>
<http://ja.dbpedia.org/resource/神栖市>	"神栖市"@ja	<http://dbpedia.org/ontology/City>	<http://ja.dbpedia.org/property/north>	"North"@ja	<http://ja.wikipedia.org/wiki/神栖市>	<http://wikidata.dbpedia.org/resource/Q840595>
<http://ja.dbpedia.org/resource/神栖市>	"神栖市"@ja	<http://dbpedia.org/ontology/PopulatedPlace>	<http://ja.dbpedia.org/property/隣接自治体>	"隣接自治体"@ja	<http://ja.wikipedia.org/wiki/神栖市>	<http://wikidata.dbpedia.org/resource/Q840595>
<http://ja.dbpedia.org/resource/神栖市>	"神栖市"@ja	<http://dbpedia.org/ontology/Place>	<http://ja.dbpedia.org/property/north>	"North"@ja	<http://ja.wikipedia.org/wiki/神栖市>	<http://wikidata.dbpedia.org/resource/Q840595>
<http://ja.dbpedia.org/resource/神栖市>	"神栖市"@ja	<http://dbpedia.org/ontology/Location>	<http://ja.dbpedia.org/property/隣接自治体>	"隣接自治体"@ja	<http://ja.wikipedia.org/wiki/神栖市>	<http://wikidata.dbpedia.org/resource/Q840595>
<http://ja.dbpedia.org/resource/茨城県>	"茨城県"@ja	<http://dbpedia.org/ontology/Place>	<http://ja.dbpedia.org/property/隣接自治体>	"隣接自治体"@ja	<http://ja.wikipedia.org/wiki/茨城県>	<http://wikidata.dbpedia.org/resource/Q83273>
<http://ja.dbpedia.org/resource/茨城県>	"茨城県"@ja	<http://dbpedia.org/ontology/Location>	<http://ja.dbpedia.org/property/north>	"North"@ja	<http://ja.wikipedia.org/wiki/茨城県>	<http://wikidata.dbpedia.org/resource/Q83273>
<http://ja.dbpedia.org/resource/茨城県>	"茨城県"@ja	<http://dbpedia.org/ontology/Region>	<http://ja.dbpedia.org/property/隣接自治体>	"隣接自治体"@ja	<http://ja.wikipedia.org/wiki/茨城県>	<http://wikidata.dbpedia.org/resource/Q83273>
<http://ja.dbpedia.org/resource/茨城県>	"茨城県"@ja	<http://dbpedia.org/ontology/PopulatedPlace>	<http://ja.dbpedia.org/property/north>	"North"@ja	<http://ja.wikipedia.org/wiki/茨城県>	<http://wikidata.dbpedia.org/resource/Q83273>
<http://ja.dbpedia.org/resource/茨城県>	"茨城県"@ja	<http://dbpedia.org/ontology/AdministrativeRegion>	<http://ja.dbpedia.org/property/north>	"North"@ja	<http://ja.wikipedia.org/wiki/茨城県>	<http://wikidata.dbpedia.org/resource/Q83273>
<http://ja.dbpedia.org/resource/茨城県>	"茨城県"@ja	<http://dbpedia.org/ontology/AdministrativeRegion>	<http://ja.dbpedia.org/property/隣接自治体>	"隣接自治体"@ja	<http://ja.wikipedia.org/wiki/茨城県>	<http://wikidata.dbpedia.org/resource/Q83273>
<http://ja.dbpedia.org/resource/茨城県>	"茨城県"@ja	<http://dbpedia.org/ontology/Region>	<http://ja.dbpedia.org/property/north>	"North"@ja	<http://ja.wikipedia.org/wiki/茨城県>	<http://wikidata.dbpedia.org/resource/Q83273>
<http://ja.dbpedia.org/resource/茨城県>	"茨城県"@ja	<http://dbpedia.org/ontology/Location>	<http://ja.dbpedia.org/property/隣接自治体>	"隣接自治体"@ja	<http://ja.wikipedia.org/wiki/茨城県>	<http://wikidata.dbpedia.org/resource/Q83273>
<http://ja.dbpedia.org/resource/茨城県>	"茨城県"@ja	<http://dbpedia.org/ontology/Place>	<http://ja.dbpedia.org/property/north>	"North"@ja	<http://ja.wikipedia.org/wiki/茨城県>	<http://wikidata.dbpedia.org/resource/Q83273>
<http://ja.dbpedia.org/resource/茨城県>	"茨城県"@ja	<http://dbpedia.org/ontology/PopulatedPlace>	<http://ja.dbpedia.org/property/隣接自治体>	"隣接自治体"@ja	<http://ja.wikipedia.org/wiki/茨城県>	<http://wikidata.dbpedia.org/resource/Q83273>
