?s	?sLabel	?type	?p	?pLabel	?jwiki	?wd
<http://ja.dbpedia.org/resource/上川総合振興局>	"上川総合振興局"@ja	<http://dbpedia.org/ontology/Settlement>	<http://ja.dbpedia.org/property/支庁>	"支庁"@ja	<http://ja.wikipedia.org/wiki/上川総合振興局>	<http://wikidata.dbpedia.org/resource/Q1152333>
<http://ja.dbpedia.org/resource/上川総合振興局>	"上川総合振興局"@ja	<http://dbpedia.org/ontology/PopulatedPlace>	<http://ja.dbpedia.org/property/支庁>	"支庁"@ja	<http://ja.wikipedia.org/wiki/上川総合振興局>	<http://wikidata.dbpedia.org/resource/Q1152333>
<http://ja.dbpedia.org/resource/上川総合振興局>	"上川総合振興局"@ja	<http://dbpedia.org/ontology/Place>	<http://ja.dbpedia.org/property/支庁>	"支庁"@ja	<http://ja.wikipedia.org/wiki/上川総合振興局>	<http://wikidata.dbpedia.org/resource/Q1152333>
<http://ja.dbpedia.org/resource/上川総合振興局>	"上川総合振興局"@ja	<http://dbpedia.org/ontology/Location>	<http://ja.dbpedia.org/property/支庁>	"支庁"@ja	<http://ja.wikipedia.org/wiki/上川総合振興局>	<http://wikidata.dbpedia.org/resource/Q1152333>
<http://ja.dbpedia.org/resource/天塩岳>	"天塩岳"@ja	<http://dbpedia.org/ontology/Mountain>	<http://ja.dbpedia.org/property/画像の説明>	"画像の説明"@ja	<http://ja.wikipedia.org/wiki/天塩岳>	<http://wikidata.dbpedia.org/resource/Q6924093>
<http://ja.dbpedia.org/resource/天塩岳>	"天塩岳"@ja	<http://dbpedia.org/ontology/Place>	<http://ja.dbpedia.org/property/画像の説明>	"画像の説明"@ja	<http://ja.wikipedia.org/wiki/天塩岳>	<http://wikidata.dbpedia.org/resource/Q6924093>
<http://ja.dbpedia.org/resource/天塩岳>	"天塩岳"@ja	<http://dbpedia.org/ontology/NaturalPlace>	<http://ja.dbpedia.org/property/画像の説明>	"画像の説明"@ja	<http://ja.wikipedia.org/wiki/天塩岳>	<http://wikidata.dbpedia.org/resource/Q6924093>
<http://ja.dbpedia.org/resource/天塩岳>	"天塩岳"@ja	<http://dbpedia.org/ontology/Location>	<http://ja.dbpedia.org/property/画像の説明>	"画像の説明"@ja	<http://ja.wikipedia.org/wiki/天塩岳>	<http://wikidata.dbpedia.org/resource/Q6924093>
<http://ja.dbpedia.org/resource/幌加内町>	"幌加内町"@ja	<http://dbpedia.org/ontology/City>	<http://ja.dbpedia.org/property/隣接自治体>	"隣接自治体"@ja	<http://ja.wikipedia.org/wiki/幌加内町>	<http://wikidata.dbpedia.org/resource/Q1355616>
<http://ja.dbpedia.org/resource/幌加内町>	"幌加内町"@ja	<http://dbpedia.org/ontology/Location>	<http://ja.dbpedia.org/property/隣接自治体>	"隣接自治体"@ja	<http://ja.wikipedia.org/wiki/幌加内町>	<http://wikidata.dbpedia.org/resource/Q1355616>
<http://ja.dbpedia.org/resource/幌加内町>	"幌加内町"@ja	<http://dbpedia.org/ontology/PopulatedPlace>	<http://ja.dbpedia.org/property/隣接自治体>	"隣接自治体"@ja	<http://ja.wikipedia.org/wiki/幌加内町>	<http://wikidata.dbpedia.org/resource/Q1355616>
<http://ja.dbpedia.org/resource/幌加内町>	"幌加内町"@ja	<http://dbpedia.org/ontology/Place>	<http://ja.dbpedia.org/property/隣接自治体>	"隣接自治体"@ja	<http://ja.wikipedia.org/wiki/幌加内町>	<http://wikidata.dbpedia.org/resource/Q1355616>
<http://ja.dbpedia.org/resource/幌加内町>	"幌加内町"@ja	<http://dbpedia.org/ontology/Settlement>	<http://ja.dbpedia.org/property/隣接自治体>	"隣接自治体"@ja	<http://ja.wikipedia.org/wiki/幌加内町>	<http://wikidata.dbpedia.org/resource/Q1355616>
