?s	?sLabel	?type	?p	?pLabel	?jwiki	?wd
<http://ja.dbpedia.org/resource/カザグルマ>	"カザグルマ"@ja	<http://dbpedia.org/ontology/Species>	<http://ja.dbpedia.org/property/花>	"花"@ja	<http://ja.wikipedia.org/wiki/カザグルマ>	<http://wikidata.dbpedia.org/resource/Q737798>
<http://ja.dbpedia.org/resource/サザンカ>	"サザンカ"@ja	<http://dbpedia.org/ontology/Species>	<http://ja.dbpedia.org/property/木>	"木"@ja	<http://ja.wikipedia.org/wiki/サザンカ>	<http://wikidata.dbpedia.org/resource/Q2590046>
<http://ja.dbpedia.org/resource/ヒマワリ>	"ヒマワリ"@ja	<http://dbpedia.org/ontology/Species>	<http://ja.dbpedia.org/property/花>	"花"@ja	<http://ja.wikipedia.org/wiki/ヒマワリ>	<http://wikidata.dbpedia.org/resource/Q171497>
<http://ja.dbpedia.org/resource/八千代市>	"八千代市"@ja	<http://dbpedia.org/ontology/Place>	<http://ja.dbpedia.org/property/隣接自治体>	"隣接自治体"@ja	<http://ja.wikipedia.org/wiki/八千代市>	<http://wikidata.dbpedia.org/resource/Q328651>
<http://ja.dbpedia.org/resource/八千代市>	"八千代市"@ja	<http://dbpedia.org/ontology/PopulatedPlace>	<http://ja.dbpedia.org/property/east>	"East"@ja	<http://ja.wikipedia.org/wiki/八千代市>	<http://wikidata.dbpedia.org/resource/Q328651>
<http://ja.dbpedia.org/resource/八千代市>	"八千代市"@ja	<http://dbpedia.org/ontology/City>	<http://ja.dbpedia.org/property/隣接自治体>	"隣接自治体"@ja	<http://ja.wikipedia.org/wiki/八千代市>	<http://wikidata.dbpedia.org/resource/Q328651>
<http://ja.dbpedia.org/resource/八千代市>	"八千代市"@ja	<http://dbpedia.org/ontology/Settlement>	<http://ja.dbpedia.org/property/east>	"East"@ja	<http://ja.wikipedia.org/wiki/八千代市>	<http://wikidata.dbpedia.org/resource/Q328651>
<http://ja.dbpedia.org/resource/八千代市>	"八千代市"@ja	<http://dbpedia.org/ontology/Location>	<http://ja.dbpedia.org/property/east>	"East"@ja	<http://ja.wikipedia.org/wiki/八千代市>	<http://wikidata.dbpedia.org/resource/Q328651>
<http://ja.dbpedia.org/resource/八千代市>	"八千代市"@ja	<http://dbpedia.org/ontology/PopulatedPlace>	<http://ja.dbpedia.org/property/隣接自治体>	"隣接自治体"@ja	<http://ja.wikipedia.org/wiki/八千代市>	<http://wikidata.dbpedia.org/resource/Q328651>
<http://ja.dbpedia.org/resource/八千代市>	"八千代市"@ja	<http://dbpedia.org/ontology/City>	<http://ja.dbpedia.org/property/east>	"East"@ja	<http://ja.wikipedia.org/wiki/八千代市>	<http://wikidata.dbpedia.org/resource/Q328651>
<http://ja.dbpedia.org/resource/八千代市>	"八千代市"@ja	<http://dbpedia.org/ontology/Settlement>	<http://ja.dbpedia.org/property/隣接自治体>	"隣接自治体"@ja	<http://ja.wikipedia.org/wiki/八千代市>	<http://wikidata.dbpedia.org/resource/Q328651>
<http://ja.dbpedia.org/resource/八千代市>	"八千代市"@ja	<http://dbpedia.org/ontology/Location>	<http://ja.dbpedia.org/property/隣接自治体>	"隣接自治体"@ja	<http://ja.wikipedia.org/wiki/八千代市>	<http://wikidata.dbpedia.org/resource/Q328651>
<http://ja.dbpedia.org/resource/八千代市>	"八千代市"@ja	<http://dbpedia.org/ontology/Place>	<http://ja.dbpedia.org/property/east>	"East"@ja	<http://ja.wikipedia.org/wiki/八千代市>	<http://wikidata.dbpedia.org/resource/Q328651>
<http://ja.dbpedia.org/resource/市川市>	"市川市"@ja	<http://dbpedia.org/ontology/City>	<http://ja.dbpedia.org/property/隣接自治体>	"隣接自治体"@ja	<http://ja.wikipedia.org/wiki/市川市>	<http://wikidata.dbpedia.org/resource/Q209785>
<http://ja.dbpedia.org/resource/市川市>	"市川市"@ja	<http://dbpedia.org/ontology/Settlement>	<http://ja.dbpedia.org/property/west>	"West"@ja	<http://ja.wikipedia.org/wiki/市川市>	<http://wikidata.dbpedia.org/resource/Q209785>
<http://ja.dbpedia.org/resource/市川市>	"市川市"@ja	<http://dbpedia.org/ontology/PopulatedPlace>	<http://ja.dbpedia.org/property/west>	"West"@ja	<http://ja.wikipedia.org/wiki/市川市>	<http://wikidata.dbpedia.org/resource/Q209785>
<http://ja.dbpedia.org/resource/市川市>	"市川市"@ja	<http://dbpedia.org/ontology/Place>	<http://ja.dbpedia.org/property/隣接自治体>	"隣接自治体"@ja	<http://ja.wikipedia.org/wiki/市川市>	<http://wikidata.dbpedia.org/resource/Q209785>
<http://ja.dbpedia.org/resource/市川市>	"市川市"@ja	<http://dbpedia.org/ontology/Location>	<http://ja.dbpedia.org/property/west>	"West"@ja	<http://ja.wikipedia.org/wiki/市川市>	<http://wikidata.dbpedia.org/resource/Q209785>
<http://ja.dbpedia.org/resource/市川市>	"市川市"@ja	<http://dbpedia.org/ontology/PopulatedPlace>	<http://ja.dbpedia.org/property/隣接自治体>	"隣接自治体"@ja	<http://ja.wikipedia.org/wiki/市川市>	<http://wikidata.dbpedia.org/resource/Q209785>
<http://ja.dbpedia.org/resource/市川市>	"市川市"@ja	<http://dbpedia.org/ontology/City>	<http://ja.dbpedia.org/property/west>	"West"@ja	<http://ja.wikipedia.org/wiki/市川市>	<http://wikidata.dbpedia.org/resource/Q209785>
<http://ja.dbpedia.org/resource/市川市>	"市川市"@ja	<http://dbpedia.org/ontology/Settlement>	<http://ja.dbpedia.org/property/隣接自治体>	"隣接自治体"@ja	<http://ja.wikipedia.org/wiki/市川市>	<http://wikidata.dbpedia.org/resource/Q209785>
<http://ja.dbpedia.org/resource/市川市>	"市川市"@ja	<http://dbpedia.org/ontology/Location>	<http://ja.dbpedia.org/property/隣接自治体>	"隣接自治体"@ja	<http://ja.wikipedia.org/wiki/市川市>	<http://wikidata.dbpedia.org/resource/Q209785>
<http://ja.dbpedia.org/resource/市川市>	"市川市"@ja	<http://dbpedia.org/ontology/Place>	<http://ja.dbpedia.org/property/west>	"West"@ja	<http://ja.wikipedia.org/wiki/市川市>	<http://wikidata.dbpedia.org/resource/Q209785>
<http://ja.dbpedia.org/resource/白井市>	"白井市"@ja	<http://dbpedia.org/ontology/City>	<http://ja.dbpedia.org/property/隣接自治体>	"隣接自治体"@ja	<http://ja.wikipedia.org/wiki/白井市>	<http://wikidata.dbpedia.org/resource/Q519187>
<http://ja.dbpedia.org/resource/白井市>	"白井市"@ja	<http://dbpedia.org/ontology/Settlement>	<http://ja.dbpedia.org/property/north>	"North"@ja	<http://ja.wikipedia.org/wiki/白井市>	<http://wikidata.dbpedia.org/resource/Q519187>
<http://ja.dbpedia.org/resource/白井市>	"白井市"@ja	<http://dbpedia.org/ontology/PopulatedPlace>	<http://ja.dbpedia.org/property/north>	"North"@ja	<http://ja.wikipedia.org/wiki/白井市>	<http://wikidata.dbpedia.org/resource/Q519187>
<http://ja.dbpedia.org/resource/白井市>	"白井市"@ja	<http://dbpedia.org/ontology/Place>	<http://ja.dbpedia.org/property/隣接自治体>	"隣接自治体"@ja	<http://ja.wikipedia.org/wiki/白井市>	<http://wikidata.dbpedia.org/resource/Q519187>
<http://ja.dbpedia.org/resource/白井市>	"白井市"@ja	<http://dbpedia.org/ontology/Location>	<http://ja.dbpedia.org/property/north>	"North"@ja	<http://ja.wikipedia.org/wiki/白井市>	<http://wikidata.dbpedia.org/resource/Q519187>
<http://ja.dbpedia.org/resource/白井市>	"白井市"@ja	<http://dbpedia.org/ontology/Location>	<http://ja.dbpedia.org/property/隣接自治体>	"隣接自治体"@ja	<http://ja.wikipedia.org/wiki/白井市>	<http://wikidata.dbpedia.org/resource/Q519187>
<http://ja.dbpedia.org/resource/白井市>	"白井市"@ja	<http://dbpedia.org/ontology/Place>	<http://ja.dbpedia.org/property/north>	"North"@ja	<http://ja.wikipedia.org/wiki/白井市>	<http://wikidata.dbpedia.org/resource/Q519187>
<http://ja.dbpedia.org/resource/白井市>	"白井市"@ja	<http://dbpedia.org/ontology/Settlement>	<http://ja.dbpedia.org/property/隣接自治体>	"隣接自治体"@ja	<http://ja.wikipedia.org/wiki/白井市>	<http://wikidata.dbpedia.org/resource/Q519187>
<http://ja.dbpedia.org/resource/白井市>	"白井市"@ja	<http://dbpedia.org/ontology/PopulatedPlace>	<http://ja.dbpedia.org/property/隣接自治体>	"隣接自治体"@ja	<http://ja.wikipedia.org/wiki/白井市>	<http://wikidata.dbpedia.org/resource/Q519187>
<http://ja.dbpedia.org/resource/白井市>	"白井市"@ja	<http://dbpedia.org/ontology/City>	<http://ja.dbpedia.org/property/north>	"North"@ja	<http://ja.wikipedia.org/wiki/白井市>	<http://wikidata.dbpedia.org/resource/Q519187>
<http://ja.dbpedia.org/resource/習志野市>	"習志野市"@ja	<http://dbpedia.org/ontology/Place>	<http://ja.dbpedia.org/property/southeast>	"Southeast"@ja	<http://ja.wikipedia.org/wiki/習志野市>	<http://wikidata.dbpedia.org/resource/Q318047>
<http://ja.dbpedia.org/resource/習志野市>	"習志野市"@ja	<http://dbpedia.org/ontology/PopulatedPlace>	<http://ja.dbpedia.org/property/隣接自治体>	"隣接自治体"@ja	<http://ja.wikipedia.org/wiki/習志野市>	<http://wikidata.dbpedia.org/resource/Q318047>
<http://ja.dbpedia.org/resource/習志野市>	"習志野市"@ja	<http://dbpedia.org/ontology/Location>	<http://ja.dbpedia.org/property/隣接自治体>	"隣接自治体"@ja	<http://ja.wikipedia.org/wiki/習志野市>	<http://wikidata.dbpedia.org/resource/Q318047>
<http://ja.dbpedia.org/resource/習志野市>	"習志野市"@ja	<http://dbpedia.org/ontology/City>	<http://ja.dbpedia.org/property/southeast>	"Southeast"@ja	<http://ja.wikipedia.org/wiki/習志野市>	<http://wikidata.dbpedia.org/resource/Q318047>
<http://ja.dbpedia.org/resource/習志野市>	"習志野市"@ja	<http://dbpedia.org/ontology/Settlement>	<http://ja.dbpedia.org/property/隣接自治体>	"隣接自治体"@ja	<http://ja.wikipedia.org/wiki/習志野市>	<http://wikidata.dbpedia.org/resource/Q318047>
<http://ja.dbpedia.org/resource/習志野市>	"習志野市"@ja	<http://dbpedia.org/ontology/Settlement>	<http://ja.dbpedia.org/property/southeast>	"Southeast"@ja	<http://ja.wikipedia.org/wiki/習志野市>	<http://wikidata.dbpedia.org/resource/Q318047>
<http://ja.dbpedia.org/resource/習志野市>	"習志野市"@ja	<http://dbpedia.org/ontology/City>	<http://ja.dbpedia.org/property/隣接自治体>	"隣接自治体"@ja	<http://ja.wikipedia.org/wiki/習志野市>	<http://wikidata.dbpedia.org/resource/Q318047>
<http://ja.dbpedia.org/resource/習志野市>	"習志野市"@ja	<http://dbpedia.org/ontology/PopulatedPlace>	<http://ja.dbpedia.org/property/southeast>	"Southeast"@ja	<http://ja.wikipedia.org/wiki/習志野市>	<http://wikidata.dbpedia.org/resource/Q318047>
<http://ja.dbpedia.org/resource/習志野市>	"習志野市"@ja	<http://dbpedia.org/ontology/Place>	<http://ja.dbpedia.org/property/隣接自治体>	"隣接自治体"@ja	<http://ja.wikipedia.org/wiki/習志野市>	<http://wikidata.dbpedia.org/resource/Q318047>
<http://ja.dbpedia.org/resource/習志野市>	"習志野市"@ja	<http://dbpedia.org/ontology/Location>	<http://ja.dbpedia.org/property/southeast>	"Southeast"@ja	<http://ja.wikipedia.org/wiki/習志野市>	<http://wikidata.dbpedia.org/resource/Q318047>
<http://ja.dbpedia.org/resource/鎌ケ谷市>	"鎌ケ谷市"@ja	<http://dbpedia.org/ontology/City>	<http://ja.dbpedia.org/property/隣接自治体>	"隣接自治体"@ja	<http://ja.wikipedia.org/wiki/鎌ケ谷市>	<http://wikidata.dbpedia.org/resource/Q387365>
<http://ja.dbpedia.org/resource/鎌ケ谷市>	"鎌ケ谷市"@ja	<http://dbpedia.org/ontology/PopulatedPlace>	<http://ja.dbpedia.org/property/north>	"North"@ja	<http://ja.wikipedia.org/wiki/鎌ケ谷市>	<http://wikidata.dbpedia.org/resource/Q387365>
<http://ja.dbpedia.org/resource/鎌ケ谷市>	"鎌ケ谷市"@ja	<http://dbpedia.org/ontology/Place>	<http://ja.dbpedia.org/property/隣接自治体>	"隣接自治体"@ja	<http://ja.wikipedia.org/wiki/鎌ケ谷市>	<http://wikidata.dbpedia.org/resource/Q387365>
<http://ja.dbpedia.org/resource/鎌ケ谷市>	"鎌ケ谷市"@ja	<http://dbpedia.org/ontology/Settlement>	<http://ja.dbpedia.org/property/north>	"North"@ja	<http://ja.wikipedia.org/wiki/鎌ケ谷市>	<http://wikidata.dbpedia.org/resource/Q387365>
<http://ja.dbpedia.org/resource/鎌ケ谷市>	"鎌ケ谷市"@ja	<http://dbpedia.org/ontology/Location>	<http://ja.dbpedia.org/property/north>	"North"@ja	<http://ja.wikipedia.org/wiki/鎌ケ谷市>	<http://wikidata.dbpedia.org/resource/Q387365>
<http://ja.dbpedia.org/resource/鎌ケ谷市>	"鎌ケ谷市"@ja	<http://dbpedia.org/ontology/Location>	<http://ja.dbpedia.org/property/隣接自治体>	"隣接自治体"@ja	<http://ja.wikipedia.org/wiki/鎌ケ谷市>	<http://wikidata.dbpedia.org/resource/Q387365>
<http://ja.dbpedia.org/resource/鎌ケ谷市>	"鎌ケ谷市"@ja	<http://dbpedia.org/ontology/Place>	<http://ja.dbpedia.org/property/north>	"North"@ja	<http://ja.wikipedia.org/wiki/鎌ケ谷市>	<http://wikidata.dbpedia.org/resource/Q387365>
<http://ja.dbpedia.org/resource/鎌ケ谷市>	"鎌ケ谷市"@ja	<http://dbpedia.org/ontology/PopulatedPlace>	<http://ja.dbpedia.org/property/隣接自治体>	"隣接自治体"@ja	<http://ja.wikipedia.org/wiki/鎌ケ谷市>	<http://wikidata.dbpedia.org/resource/Q387365>
<http://ja.dbpedia.org/resource/鎌ケ谷市>	"鎌ケ谷市"@ja	<http://dbpedia.org/ontology/City>	<http://ja.dbpedia.org/property/north>	"North"@ja	<http://ja.wikipedia.org/wiki/鎌ケ谷市>	<http://wikidata.dbpedia.org/resource/Q387365>
<http://ja.dbpedia.org/resource/鎌ケ谷市>	"鎌ケ谷市"@ja	<http://dbpedia.org/ontology/Settlement>	<http://ja.dbpedia.org/property/隣接自治体>	"隣接自治体"@ja	<http://ja.wikipedia.org/wiki/鎌ケ谷市>	<http://wikidata.dbpedia.org/resource/Q387365>
