?s	?sLabel	?type	?p	?pLabel	?jwiki	?wd
<http://ja.dbpedia.org/resource/ツバキ>	"ツバキ"@ja	<http://dbpedia.org/ontology/Species>	<http://ja.dbpedia.org/property/木>	"木"@ja	<http://ja.wikipedia.org/wiki/ツバキ>	<http://wikidata.dbpedia.org/resource/Q160121>
<http://ja.dbpedia.org/resource/南房総市>	"南房総市"@ja	<http://dbpedia.org/ontology/Location>	<http://ja.dbpedia.org/property/northeast>	"Northeast"@ja	<http://ja.wikipedia.org/wiki/南房総市>	<http://wikidata.dbpedia.org/resource/Q873521>
<http://ja.dbpedia.org/resource/南房総市>	"南房総市"@ja	<http://dbpedia.org/ontology/Place>	<http://ja.dbpedia.org/property/northeast>	"Northeast"@ja	<http://ja.wikipedia.org/wiki/南房総市>	<http://wikidata.dbpedia.org/resource/Q873521>
<http://ja.dbpedia.org/resource/南房総市>	"南房総市"@ja	<http://dbpedia.org/ontology/PopulatedPlace>	<http://ja.dbpedia.org/property/northeast>	"Northeast"@ja	<http://ja.wikipedia.org/wiki/南房総市>	<http://wikidata.dbpedia.org/resource/Q873521>
<http://ja.dbpedia.org/resource/南房総市>	"南房総市"@ja	<http://dbpedia.org/ontology/City>	<http://ja.dbpedia.org/property/northeast>	"Northeast"@ja	<http://ja.wikipedia.org/wiki/南房総市>	<http://wikidata.dbpedia.org/resource/Q873521>
<http://ja.dbpedia.org/resource/南房総市>	"南房総市"@ja	<http://dbpedia.org/ontology/Settlement>	<http://ja.dbpedia.org/property/northeast>	"Northeast"@ja	<http://ja.wikipedia.org/wiki/南房総市>	<http://wikidata.dbpedia.org/resource/Q873521>
