?s	?sLabel	?type	?p	?pLabel	?jwiki	?wd
<http://ja.dbpedia.org/resource/サツキ>	"サツキ"@ja	<http://dbpedia.org/ontology/Species>	<http://ja.dbpedia.org/property/花>	"花"@ja	<http://ja.wikipedia.org/wiki/サツキ>	<http://wikidata.dbpedia.org/resource/Q5366359>
<http://ja.dbpedia.org/resource/ツバキ>	"ツバキ"@ja	<http://dbpedia.org/ontology/Species>	<http://ja.dbpedia.org/property/木>	"木"@ja	<http://ja.wikipedia.org/wiki/ツバキ>	<http://wikidata.dbpedia.org/resource/Q160121>
<http://ja.dbpedia.org/resource/君津市>	"君津市"@ja	<http://dbpedia.org/ontology/PopulatedPlace>	<http://ja.dbpedia.org/property/south>	"South"@ja	<http://ja.wikipedia.org/wiki/君津市>	<http://wikidata.dbpedia.org/resource/Q637928>
<http://ja.dbpedia.org/resource/君津市>	"君津市"@ja	<http://dbpedia.org/ontology/City>	<http://ja.dbpedia.org/property/隣接自治体>	"隣接自治体"@ja	<http://ja.wikipedia.org/wiki/君津市>	<http://wikidata.dbpedia.org/resource/Q637928>
<http://ja.dbpedia.org/resource/君津市>	"君津市"@ja	<http://dbpedia.org/ontology/Place>	<http://ja.dbpedia.org/property/隣接自治体>	"隣接自治体"@ja	<http://ja.wikipedia.org/wiki/君津市>	<http://wikidata.dbpedia.org/resource/Q637928>
<http://ja.dbpedia.org/resource/君津市>	"君津市"@ja	<http://dbpedia.org/ontology/Settlement>	<http://ja.dbpedia.org/property/south>	"South"@ja	<http://ja.wikipedia.org/wiki/君津市>	<http://wikidata.dbpedia.org/resource/Q637928>
<http://ja.dbpedia.org/resource/君津市>	"君津市"@ja	<http://dbpedia.org/ontology/Location>	<http://ja.dbpedia.org/property/south>	"South"@ja	<http://ja.wikipedia.org/wiki/君津市>	<http://wikidata.dbpedia.org/resource/Q637928>
<http://ja.dbpedia.org/resource/君津市>	"君津市"@ja	<http://dbpedia.org/ontology/Location>	<http://ja.dbpedia.org/property/隣接自治体>	"隣接自治体"@ja	<http://ja.wikipedia.org/wiki/君津市>	<http://wikidata.dbpedia.org/resource/Q637928>
<http://ja.dbpedia.org/resource/君津市>	"君津市"@ja	<http://dbpedia.org/ontology/Place>	<http://ja.dbpedia.org/property/south>	"South"@ja	<http://ja.wikipedia.org/wiki/君津市>	<http://wikidata.dbpedia.org/resource/Q637928>
<http://ja.dbpedia.org/resource/君津市>	"君津市"@ja	<http://dbpedia.org/ontology/PopulatedPlace>	<http://ja.dbpedia.org/property/隣接自治体>	"隣接自治体"@ja	<http://ja.wikipedia.org/wiki/君津市>	<http://wikidata.dbpedia.org/resource/Q637928>
<http://ja.dbpedia.org/resource/君津市>	"君津市"@ja	<http://dbpedia.org/ontology/City>	<http://ja.dbpedia.org/property/south>	"South"@ja	<http://ja.wikipedia.org/wiki/君津市>	<http://wikidata.dbpedia.org/resource/Q637928>
<http://ja.dbpedia.org/resource/君津市>	"君津市"@ja	<http://dbpedia.org/ontology/Settlement>	<http://ja.dbpedia.org/property/隣接自治体>	"隣接自治体"@ja	<http://ja.wikipedia.org/wiki/君津市>	<http://wikidata.dbpedia.org/resource/Q637928>
<http://ja.dbpedia.org/resource/川崎市>	"川崎市"@ja	<http://dbpedia.org/ontology/City>	<http://ja.dbpedia.org/property/隣接自治体>	"隣接自治体"@ja	<http://ja.wikipedia.org/wiki/川崎市>	<http://wikidata.dbpedia.org/resource/Q164234>
<http://ja.dbpedia.org/resource/川崎市>	"川崎市"@ja	<http://dbpedia.org/ontology/PopulatedPlace>	<http://ja.dbpedia.org/property/northwest>	"Northwest"@ja	<http://ja.wikipedia.org/wiki/川崎市>	<http://wikidata.dbpedia.org/resource/Q164234>
<http://ja.dbpedia.org/resource/川崎市>	"川崎市"@ja	<http://dbpedia.org/ontology/Settlement>	<http://ja.dbpedia.org/property/northwest>	"Northwest"@ja	<http://ja.wikipedia.org/wiki/川崎市>	<http://wikidata.dbpedia.org/resource/Q164234>
<http://ja.dbpedia.org/resource/川崎市>	"川崎市"@ja	<http://dbpedia.org/ontology/Place>	<http://ja.dbpedia.org/property/隣接自治体>	"隣接自治体"@ja	<http://ja.wikipedia.org/wiki/川崎市>	<http://wikidata.dbpedia.org/resource/Q164234>
<http://ja.dbpedia.org/resource/川崎市>	"川崎市"@ja	<http://dbpedia.org/ontology/Location>	<http://ja.dbpedia.org/property/northwest>	"Northwest"@ja	<http://ja.wikipedia.org/wiki/川崎市>	<http://wikidata.dbpedia.org/resource/Q164234>
<http://ja.dbpedia.org/resource/川崎市>	"川崎市"@ja	<http://dbpedia.org/ontology/Location>	<http://ja.dbpedia.org/property/隣接自治体>	"隣接自治体"@ja	<http://ja.wikipedia.org/wiki/川崎市>	<http://wikidata.dbpedia.org/resource/Q164234>
<http://ja.dbpedia.org/resource/川崎市>	"川崎市"@ja	<http://dbpedia.org/ontology/Place>	<http://ja.dbpedia.org/property/northwest>	"Northwest"@ja	<http://ja.wikipedia.org/wiki/川崎市>	<http://wikidata.dbpedia.org/resource/Q164234>
<http://ja.dbpedia.org/resource/川崎市>	"川崎市"@ja	<http://dbpedia.org/ontology/PopulatedPlace>	<http://ja.dbpedia.org/property/隣接自治体>	"隣接自治体"@ja	<http://ja.wikipedia.org/wiki/川崎市>	<http://wikidata.dbpedia.org/resource/Q164234>
<http://ja.dbpedia.org/resource/川崎市>	"川崎市"@ja	<http://dbpedia.org/ontology/City>	<http://ja.dbpedia.org/property/northwest>	"Northwest"@ja	<http://ja.wikipedia.org/wiki/川崎市>	<http://wikidata.dbpedia.org/resource/Q164234>
<http://ja.dbpedia.org/resource/川崎市>	"川崎市"@ja	<http://dbpedia.org/ontology/Settlement>	<http://ja.dbpedia.org/property/隣接自治体>	"隣接自治体"@ja	<http://ja.wikipedia.org/wiki/川崎市>	<http://wikidata.dbpedia.org/resource/Q164234>
<http://ja.dbpedia.org/resource/市原市>	"市原市"@ja	<http://dbpedia.org/ontology/City>	<http://ja.dbpedia.org/property/east>	"East"@ja	<http://ja.wikipedia.org/wiki/市原市>	<http://wikidata.dbpedia.org/resource/Q207881>
<http://ja.dbpedia.org/resource/市原市>	"市原市"@ja	<http://dbpedia.org/ontology/PopulatedPlace>	<http://ja.dbpedia.org/property/隣接自治体>	"隣接自治体"@ja	<http://ja.wikipedia.org/wiki/市原市>	<http://wikidata.dbpedia.org/resource/Q207881>
<http://ja.dbpedia.org/resource/市原市>	"市原市"@ja	<http://dbpedia.org/ontology/Settlement>	<http://ja.dbpedia.org/property/隣接自治体>	"隣接自治体"@ja	<http://ja.wikipedia.org/wiki/市原市>	<http://wikidata.dbpedia.org/resource/Q207881>
<http://ja.dbpedia.org/resource/市原市>	"市原市"@ja	<http://dbpedia.org/ontology/Place>	<http://ja.dbpedia.org/property/east>	"East"@ja	<http://ja.wikipedia.org/wiki/市原市>	<http://wikidata.dbpedia.org/resource/Q207881>
<http://ja.dbpedia.org/resource/市原市>	"市原市"@ja	<http://dbpedia.org/ontology/Location>	<http://ja.dbpedia.org/property/隣接自治体>	"隣接自治体"@ja	<http://ja.wikipedia.org/wiki/市原市>	<http://wikidata.dbpedia.org/resource/Q207881>
<http://ja.dbpedia.org/resource/市原市>	"市原市"@ja	<http://dbpedia.org/ontology/Location>	<http://ja.dbpedia.org/property/east>	"East"@ja	<http://ja.wikipedia.org/wiki/市原市>	<http://wikidata.dbpedia.org/resource/Q207881>
<http://ja.dbpedia.org/resource/市原市>	"市原市"@ja	<http://dbpedia.org/ontology/Place>	<http://ja.dbpedia.org/property/隣接自治体>	"隣接自治体"@ja	<http://ja.wikipedia.org/wiki/市原市>	<http://wikidata.dbpedia.org/resource/Q207881>
<http://ja.dbpedia.org/resource/市原市>	"市原市"@ja	<http://dbpedia.org/ontology/PopulatedPlace>	<http://ja.dbpedia.org/property/east>	"East"@ja	<http://ja.wikipedia.org/wiki/市原市>	<http://wikidata.dbpedia.org/resource/Q207881>
<http://ja.dbpedia.org/resource/市原市>	"市原市"@ja	<http://dbpedia.org/ontology/City>	<http://ja.dbpedia.org/property/隣接自治体>	"隣接自治体"@ja	<http://ja.wikipedia.org/wiki/市原市>	<http://wikidata.dbpedia.org/resource/Q207881>
<http://ja.dbpedia.org/resource/市原市>	"市原市"@ja	<http://dbpedia.org/ontology/Settlement>	<http://ja.dbpedia.org/property/east>	"East"@ja	<http://ja.wikipedia.org/wiki/市原市>	<http://wikidata.dbpedia.org/resource/Q207881>
<http://ja.dbpedia.org/resource/神奈川県>	"神奈川県"@ja	<http://dbpedia.org/ontology/Location>	<http://ja.dbpedia.org/property/隣接自治体>	"隣接自治体"@ja	<http://ja.wikipedia.org/wiki/神奈川県>	<http://wikidata.dbpedia.org/resource/Q127513>
<http://ja.dbpedia.org/resource/神奈川県>	"神奈川県"@ja	<http://dbpedia.org/ontology/Region>	<http://ja.dbpedia.org/property/northwest>	"Northwest"@ja	<http://ja.wikipedia.org/wiki/神奈川県>	<http://wikidata.dbpedia.org/resource/Q127513>
<http://ja.dbpedia.org/resource/神奈川県>	"神奈川県"@ja	<http://dbpedia.org/ontology/Place>	<http://ja.dbpedia.org/property/northwest>	"Northwest"@ja	<http://ja.wikipedia.org/wiki/神奈川県>	<http://wikidata.dbpedia.org/resource/Q127513>
<http://ja.dbpedia.org/resource/神奈川県>	"神奈川県"@ja	<http://dbpedia.org/ontology/AdministrativeRegion>	<http://ja.dbpedia.org/property/隣接自治体>	"隣接自治体"@ja	<http://ja.wikipedia.org/wiki/神奈川県>	<http://wikidata.dbpedia.org/resource/Q127513>
<http://ja.dbpedia.org/resource/神奈川県>	"神奈川県"@ja	<http://dbpedia.org/ontology/PopulatedPlace>	<http://ja.dbpedia.org/property/隣接自治体>	"隣接自治体"@ja	<http://ja.wikipedia.org/wiki/神奈川県>	<http://wikidata.dbpedia.org/resource/Q127513>
<http://ja.dbpedia.org/resource/神奈川県>	"神奈川県"@ja	<http://dbpedia.org/ontology/PopulatedPlace>	<http://ja.dbpedia.org/property/northwest>	"Northwest"@ja	<http://ja.wikipedia.org/wiki/神奈川県>	<http://wikidata.dbpedia.org/resource/Q127513>
<http://ja.dbpedia.org/resource/神奈川県>	"神奈川県"@ja	<http://dbpedia.org/ontology/Place>	<http://ja.dbpedia.org/property/隣接自治体>	"隣接自治体"@ja	<http://ja.wikipedia.org/wiki/神奈川県>	<http://wikidata.dbpedia.org/resource/Q127513>
<http://ja.dbpedia.org/resource/神奈川県>	"神奈川県"@ja	<http://dbpedia.org/ontology/Location>	<http://ja.dbpedia.org/property/northwest>	"Northwest"@ja	<http://ja.wikipedia.org/wiki/神奈川県>	<http://wikidata.dbpedia.org/resource/Q127513>
<http://ja.dbpedia.org/resource/神奈川県>	"神奈川県"@ja	<http://dbpedia.org/ontology/Region>	<http://ja.dbpedia.org/property/隣接自治体>	"隣接自治体"@ja	<http://ja.wikipedia.org/wiki/神奈川県>	<http://wikidata.dbpedia.org/resource/Q127513>
<http://ja.dbpedia.org/resource/神奈川県>	"神奈川県"@ja	<http://dbpedia.org/ontology/AdministrativeRegion>	<http://ja.dbpedia.org/property/northwest>	"Northwest"@ja	<http://ja.wikipedia.org/wiki/神奈川県>	<http://wikidata.dbpedia.org/resource/Q127513>
<http://ja.dbpedia.org/resource/袖ケ浦市>	"袖ケ浦市"@ja	<http://dbpedia.org/ontology/City>	<http://ja.dbpedia.org/property/隣接自治体>	"隣接自治体"@ja	<http://ja.wikipedia.org/wiki/袖ケ浦市>	<http://wikidata.dbpedia.org/resource/Q646847>
<http://ja.dbpedia.org/resource/袖ケ浦市>	"袖ケ浦市"@ja	<http://dbpedia.org/ontology/PopulatedPlace>	<http://ja.dbpedia.org/property/north>	"North"@ja	<http://ja.wikipedia.org/wiki/袖ケ浦市>	<http://wikidata.dbpedia.org/resource/Q646847>
<http://ja.dbpedia.org/resource/袖ケ浦市>	"袖ケ浦市"@ja	<http://dbpedia.org/ontology/Place>	<http://ja.dbpedia.org/property/隣接自治体>	"隣接自治体"@ja	<http://ja.wikipedia.org/wiki/袖ケ浦市>	<http://wikidata.dbpedia.org/resource/Q646847>
<http://ja.dbpedia.org/resource/袖ケ浦市>	"袖ケ浦市"@ja	<http://dbpedia.org/ontology/Settlement>	<http://ja.dbpedia.org/property/north>	"North"@ja	<http://ja.wikipedia.org/wiki/袖ケ浦市>	<http://wikidata.dbpedia.org/resource/Q646847>
<http://ja.dbpedia.org/resource/袖ケ浦市>	"袖ケ浦市"@ja	<http://dbpedia.org/ontology/Location>	<http://ja.dbpedia.org/property/north>	"North"@ja	<http://ja.wikipedia.org/wiki/袖ケ浦市>	<http://wikidata.dbpedia.org/resource/Q646847>
<http://ja.dbpedia.org/resource/袖ケ浦市>	"袖ケ浦市"@ja	<http://dbpedia.org/ontology/Location>	<http://ja.dbpedia.org/property/隣接自治体>	"隣接自治体"@ja	<http://ja.wikipedia.org/wiki/袖ケ浦市>	<http://wikidata.dbpedia.org/resource/Q646847>
<http://ja.dbpedia.org/resource/袖ケ浦市>	"袖ケ浦市"@ja	<http://dbpedia.org/ontology/Place>	<http://ja.dbpedia.org/property/north>	"North"@ja	<http://ja.wikipedia.org/wiki/袖ケ浦市>	<http://wikidata.dbpedia.org/resource/Q646847>
<http://ja.dbpedia.org/resource/袖ケ浦市>	"袖ケ浦市"@ja	<http://dbpedia.org/ontology/PopulatedPlace>	<http://ja.dbpedia.org/property/隣接自治体>	"隣接自治体"@ja	<http://ja.wikipedia.org/wiki/袖ケ浦市>	<http://wikidata.dbpedia.org/resource/Q646847>
<http://ja.dbpedia.org/resource/袖ケ浦市>	"袖ケ浦市"@ja	<http://dbpedia.org/ontology/City>	<http://ja.dbpedia.org/property/north>	"North"@ja	<http://ja.wikipedia.org/wiki/袖ケ浦市>	<http://wikidata.dbpedia.org/resource/Q646847>
<http://ja.dbpedia.org/resource/袖ケ浦市>	"袖ケ浦市"@ja	<http://dbpedia.org/ontology/Settlement>	<http://ja.dbpedia.org/property/隣接自治体>	"隣接自治体"@ja	<http://ja.wikipedia.org/wiki/袖ケ浦市>	<http://wikidata.dbpedia.org/resource/Q646847>
