?s	?sLabel	?type	?p	?pLabel	?jwiki	?wd
<http://ja.dbpedia.org/resource/クロマツ>	"クロマツ"@ja	<http://dbpedia.org/ontology/Species>	<http://ja.dbpedia.org/property/木>	"木"@ja	<http://ja.wikipedia.org/wiki/クロマツ>	<http://wikidata.dbpedia.org/resource/Q854884>
<http://ja.dbpedia.org/resource/バラ>	"バラ"@ja	<http://dbpedia.org/ontology/Species>	<http://ja.dbpedia.org/property/花>	"花"@ja	<http://ja.wikipedia.org/wiki/バラ>	<http://wikidata.dbpedia.org/resource/Q64140922>
<http://ja.dbpedia.org/resource/東京都>	"東京都"@ja	<http://dbpedia.org/ontology/Place>	<http://ja.dbpedia.org/property/隣接自治体>	"隣接自治体"@ja	<http://ja.wikipedia.org/wiki/東京都>	<http://wikidata.dbpedia.org/resource/Q1490>
<http://ja.dbpedia.org/resource/東京都>	"東京都"@ja	<http://dbpedia.org/ontology/Region>	<http://ja.dbpedia.org/property/隣接自治体>	"隣接自治体"@ja	<http://ja.wikipedia.org/wiki/東京都>	<http://wikidata.dbpedia.org/resource/Q1490>
<http://ja.dbpedia.org/resource/東京都>	"東京都"@ja	<http://dbpedia.org/ontology/AdministrativeRegion>	<http://ja.dbpedia.org/property/隣接自治体>	"隣接自治体"@ja	<http://ja.wikipedia.org/wiki/東京都>	<http://wikidata.dbpedia.org/resource/Q1490>
<http://ja.dbpedia.org/resource/東京都>	"東京都"@ja	<http://dbpedia.org/ontology/Location>	<http://ja.dbpedia.org/property/隣接自治体>	"隣接自治体"@ja	<http://ja.wikipedia.org/wiki/東京都>	<http://wikidata.dbpedia.org/resource/Q1490>
<http://ja.dbpedia.org/resource/東京都>	"東京都"@ja	<http://dbpedia.org/ontology/PopulatedPlace>	<http://ja.dbpedia.org/property/隣接自治体>	"隣接自治体"@ja	<http://ja.wikipedia.org/wiki/東京都>	<http://wikidata.dbpedia.org/resource/Q1490>
<http://ja.dbpedia.org/resource/松戸市>	"松戸市"@ja	<http://dbpedia.org/ontology/PopulatedPlace>	<http://ja.dbpedia.org/property/隣接自治体>	"隣接自治体"@ja	<http://ja.wikipedia.org/wiki/松戸市>	<http://wikidata.dbpedia.org/resource/Q320943>
<http://ja.dbpedia.org/resource/松戸市>	"松戸市"@ja	<http://dbpedia.org/ontology/Place>	<http://ja.dbpedia.org/property/north>	"North"@ja	<http://ja.wikipedia.org/wiki/松戸市>	<http://wikidata.dbpedia.org/resource/Q320943>
<http://ja.dbpedia.org/resource/松戸市>	"松戸市"@ja	<http://dbpedia.org/ontology/City>	<http://ja.dbpedia.org/property/north>	"North"@ja	<http://ja.wikipedia.org/wiki/松戸市>	<http://wikidata.dbpedia.org/resource/Q320943>
<http://ja.dbpedia.org/resource/松戸市>	"松戸市"@ja	<http://dbpedia.org/ontology/Settlement>	<http://ja.dbpedia.org/property/隣接自治体>	"隣接自治体"@ja	<http://ja.wikipedia.org/wiki/松戸市>	<http://wikidata.dbpedia.org/resource/Q320943>
<http://ja.dbpedia.org/resource/松戸市>	"松戸市"@ja	<http://dbpedia.org/ontology/Location>	<http://ja.dbpedia.org/property/隣接自治体>	"隣接自治体"@ja	<http://ja.wikipedia.org/wiki/松戸市>	<http://wikidata.dbpedia.org/resource/Q320943>
<http://ja.dbpedia.org/resource/松戸市>	"松戸市"@ja	<http://dbpedia.org/ontology/PopulatedPlace>	<http://ja.dbpedia.org/property/north>	"North"@ja	<http://ja.wikipedia.org/wiki/松戸市>	<http://wikidata.dbpedia.org/resource/Q320943>
<http://ja.dbpedia.org/resource/松戸市>	"松戸市"@ja	<http://dbpedia.org/ontology/City>	<http://ja.dbpedia.org/property/隣接自治体>	"隣接自治体"@ja	<http://ja.wikipedia.org/wiki/松戸市>	<http://wikidata.dbpedia.org/resource/Q320943>
<http://ja.dbpedia.org/resource/松戸市>	"松戸市"@ja	<http://dbpedia.org/ontology/Settlement>	<http://ja.dbpedia.org/property/north>	"North"@ja	<http://ja.wikipedia.org/wiki/松戸市>	<http://wikidata.dbpedia.org/resource/Q320943>
<http://ja.dbpedia.org/resource/松戸市>	"松戸市"@ja	<http://dbpedia.org/ontology/Location>	<http://ja.dbpedia.org/property/north>	"North"@ja	<http://ja.wikipedia.org/wiki/松戸市>	<http://wikidata.dbpedia.org/resource/Q320943>
<http://ja.dbpedia.org/resource/松戸市>	"松戸市"@ja	<http://dbpedia.org/ontology/Place>	<http://ja.dbpedia.org/property/隣接自治体>	"隣接自治体"@ja	<http://ja.wikipedia.org/wiki/松戸市>	<http://wikidata.dbpedia.org/resource/Q320943>
<http://ja.dbpedia.org/resource/浦安市>	"浦安市"@ja	<http://dbpedia.org/ontology/City>	<http://ja.dbpedia.org/property/隣接自治体>	"隣接自治体"@ja	<http://ja.wikipedia.org/wiki/浦安市>	<http://wikidata.dbpedia.org/resource/Q319729>
<http://ja.dbpedia.org/resource/浦安市>	"浦安市"@ja	<http://dbpedia.org/ontology/Settlement>	<http://ja.dbpedia.org/property/south>	"South"@ja	<http://ja.wikipedia.org/wiki/浦安市>	<http://wikidata.dbpedia.org/resource/Q319729>
<http://ja.dbpedia.org/resource/浦安市>	"浦安市"@ja	<http://dbpedia.org/ontology/PopulatedPlace>	<http://ja.dbpedia.org/property/south>	"South"@ja	<http://ja.wikipedia.org/wiki/浦安市>	<http://wikidata.dbpedia.org/resource/Q319729>
<http://ja.dbpedia.org/resource/浦安市>	"浦安市"@ja	<http://dbpedia.org/ontology/Place>	<http://ja.dbpedia.org/property/隣接自治体>	"隣接自治体"@ja	<http://ja.wikipedia.org/wiki/浦安市>	<http://wikidata.dbpedia.org/resource/Q319729>
<http://ja.dbpedia.org/resource/浦安市>	"浦安市"@ja	<http://dbpedia.org/ontology/Location>	<http://ja.dbpedia.org/property/south>	"South"@ja	<http://ja.wikipedia.org/wiki/浦安市>	<http://wikidata.dbpedia.org/resource/Q319729>
<http://ja.dbpedia.org/resource/浦安市>	"浦安市"@ja	<http://dbpedia.org/ontology/Location>	<http://ja.dbpedia.org/property/隣接自治体>	"隣接自治体"@ja	<http://ja.wikipedia.org/wiki/浦安市>	<http://wikidata.dbpedia.org/resource/Q319729>
<http://ja.dbpedia.org/resource/浦安市>	"浦安市"@ja	<http://dbpedia.org/ontology/Place>	<http://ja.dbpedia.org/property/south>	"South"@ja	<http://ja.wikipedia.org/wiki/浦安市>	<http://wikidata.dbpedia.org/resource/Q319729>
<http://ja.dbpedia.org/resource/浦安市>	"浦安市"@ja	<http://dbpedia.org/ontology/Settlement>	<http://ja.dbpedia.org/property/隣接自治体>	"隣接自治体"@ja	<http://ja.wikipedia.org/wiki/浦安市>	<http://wikidata.dbpedia.org/resource/Q319729>
<http://ja.dbpedia.org/resource/浦安市>	"浦安市"@ja	<http://dbpedia.org/ontology/PopulatedPlace>	<http://ja.dbpedia.org/property/隣接自治体>	"隣接自治体"@ja	<http://ja.wikipedia.org/wiki/浦安市>	<http://wikidata.dbpedia.org/resource/Q319729>
<http://ja.dbpedia.org/resource/浦安市>	"浦安市"@ja	<http://dbpedia.org/ontology/City>	<http://ja.dbpedia.org/property/south>	"South"@ja	<http://ja.wikipedia.org/wiki/浦安市>	<http://wikidata.dbpedia.org/resource/Q319729>
<http://ja.dbpedia.org/resource/船橋市>	"船橋市"@ja	<http://dbpedia.org/ontology/Place>	<http://ja.dbpedia.org/property/east>	"East"@ja	<http://ja.wikipedia.org/wiki/船橋市>	<http://wikidata.dbpedia.org/resource/Q271417>
<http://ja.dbpedia.org/resource/船橋市>	"船橋市"@ja	<http://dbpedia.org/ontology/PopulatedPlace>	<http://ja.dbpedia.org/property/隣接自治体>	"隣接自治体"@ja	<http://ja.wikipedia.org/wiki/船橋市>	<http://wikidata.dbpedia.org/resource/Q271417>
<http://ja.dbpedia.org/resource/船橋市>	"船橋市"@ja	<http://dbpedia.org/ontology/Location>	<http://ja.dbpedia.org/property/隣接自治体>	"隣接自治体"@ja	<http://ja.wikipedia.org/wiki/船橋市>	<http://wikidata.dbpedia.org/resource/Q271417>
<http://ja.dbpedia.org/resource/船橋市>	"船橋市"@ja	<http://dbpedia.org/ontology/City>	<http://ja.dbpedia.org/property/east>	"East"@ja	<http://ja.wikipedia.org/wiki/船橋市>	<http://wikidata.dbpedia.org/resource/Q271417>
<http://ja.dbpedia.org/resource/船橋市>	"船橋市"@ja	<http://dbpedia.org/ontology/Settlement>	<http://ja.dbpedia.org/property/隣接自治体>	"隣接自治体"@ja	<http://ja.wikipedia.org/wiki/船橋市>	<http://wikidata.dbpedia.org/resource/Q271417>
<http://ja.dbpedia.org/resource/船橋市>	"船橋市"@ja	<http://dbpedia.org/ontology/Settlement>	<http://ja.dbpedia.org/property/east>	"East"@ja	<http://ja.wikipedia.org/wiki/船橋市>	<http://wikidata.dbpedia.org/resource/Q271417>
<http://ja.dbpedia.org/resource/船橋市>	"船橋市"@ja	<http://dbpedia.org/ontology/City>	<http://ja.dbpedia.org/property/隣接自治体>	"隣接自治体"@ja	<http://ja.wikipedia.org/wiki/船橋市>	<http://wikidata.dbpedia.org/resource/Q271417>
<http://ja.dbpedia.org/resource/船橋市>	"船橋市"@ja	<http://dbpedia.org/ontology/PopulatedPlace>	<http://ja.dbpedia.org/property/east>	"East"@ja	<http://ja.wikipedia.org/wiki/船橋市>	<http://wikidata.dbpedia.org/resource/Q271417>
<http://ja.dbpedia.org/resource/船橋市>	"船橋市"@ja	<http://dbpedia.org/ontology/Place>	<http://ja.dbpedia.org/property/隣接自治体>	"隣接自治体"@ja	<http://ja.wikipedia.org/wiki/船橋市>	<http://wikidata.dbpedia.org/resource/Q271417>
<http://ja.dbpedia.org/resource/船橋市>	"船橋市"@ja	<http://dbpedia.org/ontology/Location>	<http://ja.dbpedia.org/property/east>	"East"@ja	<http://ja.wikipedia.org/wiki/船橋市>	<http://wikidata.dbpedia.org/resource/Q271417>
<http://ja.dbpedia.org/resource/鎌ケ谷市>	"鎌ケ谷市"@ja	<http://dbpedia.org/ontology/City>	<http://ja.dbpedia.org/property/隣接自治体>	"隣接自治体"@ja	<http://ja.wikipedia.org/wiki/鎌ケ谷市>	<http://wikidata.dbpedia.org/resource/Q387365>
<http://ja.dbpedia.org/resource/鎌ケ谷市>	"鎌ケ谷市"@ja	<http://dbpedia.org/ontology/PopulatedPlace>	<http://ja.dbpedia.org/property/northeast>	"Northeast"@ja	<http://ja.wikipedia.org/wiki/鎌ケ谷市>	<http://wikidata.dbpedia.org/resource/Q387365>
<http://ja.dbpedia.org/resource/鎌ケ谷市>	"鎌ケ谷市"@ja	<http://dbpedia.org/ontology/Place>	<http://ja.dbpedia.org/property/隣接自治体>	"隣接自治体"@ja	<http://ja.wikipedia.org/wiki/鎌ケ谷市>	<http://wikidata.dbpedia.org/resource/Q387365>
<http://ja.dbpedia.org/resource/鎌ケ谷市>	"鎌ケ谷市"@ja	<http://dbpedia.org/ontology/Settlement>	<http://ja.dbpedia.org/property/northeast>	"Northeast"@ja	<http://ja.wikipedia.org/wiki/鎌ケ谷市>	<http://wikidata.dbpedia.org/resource/Q387365>
<http://ja.dbpedia.org/resource/鎌ケ谷市>	"鎌ケ谷市"@ja	<http://dbpedia.org/ontology/Location>	<http://ja.dbpedia.org/property/northeast>	"Northeast"@ja	<http://ja.wikipedia.org/wiki/鎌ケ谷市>	<http://wikidata.dbpedia.org/resource/Q387365>
<http://ja.dbpedia.org/resource/鎌ケ谷市>	"鎌ケ谷市"@ja	<http://dbpedia.org/ontology/Location>	<http://ja.dbpedia.org/property/隣接自治体>	"隣接自治体"@ja	<http://ja.wikipedia.org/wiki/鎌ケ谷市>	<http://wikidata.dbpedia.org/resource/Q387365>
<http://ja.dbpedia.org/resource/鎌ケ谷市>	"鎌ケ谷市"@ja	<http://dbpedia.org/ontology/Place>	<http://ja.dbpedia.org/property/northeast>	"Northeast"@ja	<http://ja.wikipedia.org/wiki/鎌ケ谷市>	<http://wikidata.dbpedia.org/resource/Q387365>
<http://ja.dbpedia.org/resource/鎌ケ谷市>	"鎌ケ谷市"@ja	<http://dbpedia.org/ontology/PopulatedPlace>	<http://ja.dbpedia.org/property/隣接自治体>	"隣接自治体"@ja	<http://ja.wikipedia.org/wiki/鎌ケ谷市>	<http://wikidata.dbpedia.org/resource/Q387365>
<http://ja.dbpedia.org/resource/鎌ケ谷市>	"鎌ケ谷市"@ja	<http://dbpedia.org/ontology/City>	<http://ja.dbpedia.org/property/northeast>	"Northeast"@ja	<http://ja.wikipedia.org/wiki/鎌ケ谷市>	<http://wikidata.dbpedia.org/resource/Q387365>
<http://ja.dbpedia.org/resource/鎌ケ谷市>	"鎌ケ谷市"@ja	<http://dbpedia.org/ontology/Settlement>	<http://ja.dbpedia.org/property/隣接自治体>	"隣接自治体"@ja	<http://ja.wikipedia.org/wiki/鎌ケ谷市>	<http://wikidata.dbpedia.org/resource/Q387365>
