?s	?sLabel	?type	?p	?pLabel	?jwiki	?wd
<http://ja.dbpedia.org/resource/アジサイ>	"アジサイ"@ja	<http://dbpedia.org/ontology/Species>	<http://ja.dbpedia.org/property/花>	"花"@ja	<http://ja.wikipedia.org/wiki/アジサイ>	<http://wikidata.dbpedia.org/resource/Q159219>
<http://ja.dbpedia.org/resource/クロマツ>	"クロマツ"@ja	<http://dbpedia.org/ontology/Species>	<http://ja.dbpedia.org/property/木>	"木"@ja	<http://ja.wikipedia.org/wiki/クロマツ>	<http://wikidata.dbpedia.org/resource/Q854884>
<http://ja.dbpedia.org/resource/ツバキ>	"ツバキ"@ja	<http://dbpedia.org/ontology/Species>	<http://ja.dbpedia.org/property/花>	"花"@ja	<http://ja.wikipedia.org/wiki/ツバキ>	<http://wikidata.dbpedia.org/resource/Q160121>
<http://ja.dbpedia.org/resource/八日市場市>	"八日市場市"@ja	<http://dbpedia.org/ontology/Settlement>	<http://ja.dbpedia.org/property/隣接自治体>	"隣接自治体"@ja	<http://ja.wikipedia.org/wiki/八日市場市>	<http://wikidata.dbpedia.org/resource/Q2611155>
<http://ja.dbpedia.org/resource/八日市場市>	"八日市場市"@ja	<http://dbpedia.org/ontology/PopulatedPlace>	<http://ja.dbpedia.org/property/隣接自治体>	"隣接自治体"@ja	<http://ja.wikipedia.org/wiki/八日市場市>	<http://wikidata.dbpedia.org/resource/Q2611155>
<http://ja.dbpedia.org/resource/八日市場市>	"八日市場市"@ja	<http://dbpedia.org/ontology/Location>	<http://ja.dbpedia.org/property/隣接自治体>	"隣接自治体"@ja	<http://ja.wikipedia.org/wiki/八日市場市>	<http://wikidata.dbpedia.org/resource/Q2611155>
<http://ja.dbpedia.org/resource/八日市場市>	"八日市場市"@ja	<http://dbpedia.org/ontology/Place>	<http://ja.dbpedia.org/property/隣接自治体>	"隣接自治体"@ja	<http://ja.wikipedia.org/wiki/八日市場市>	<http://wikidata.dbpedia.org/resource/Q2611155>
<http://ja.dbpedia.org/resource/八日市場市>	"八日市場市"@ja	<http://dbpedia.org/ontology/City>	<http://ja.dbpedia.org/property/隣接自治体>	"隣接自治体"@ja	<http://ja.wikipedia.org/wiki/八日市場市>	<http://wikidata.dbpedia.org/resource/Q2611155>
<http://ja.dbpedia.org/resource/匝瑳市>	"匝瑳市"@ja	<http://dbpedia.org/ontology/City>	<http://ja.dbpedia.org/property/southwest>	"Southwest"@ja	<http://ja.wikipedia.org/wiki/匝瑳市>	<http://wikidata.dbpedia.org/resource/Q858367>
<http://ja.dbpedia.org/resource/匝瑳市>	"匝瑳市"@ja	<http://dbpedia.org/ontology/PopulatedPlace>	<http://ja.dbpedia.org/property/隣接自治体>	"隣接自治体"@ja	<http://ja.wikipedia.org/wiki/匝瑳市>	<http://wikidata.dbpedia.org/resource/Q858367>
<http://ja.dbpedia.org/resource/匝瑳市>	"匝瑳市"@ja	<http://dbpedia.org/ontology/Settlement>	<http://ja.dbpedia.org/property/隣接自治体>	"隣接自治体"@ja	<http://ja.wikipedia.org/wiki/匝瑳市>	<http://wikidata.dbpedia.org/resource/Q858367>
<http://ja.dbpedia.org/resource/匝瑳市>	"匝瑳市"@ja	<http://dbpedia.org/ontology/Place>	<http://ja.dbpedia.org/property/southwest>	"Southwest"@ja	<http://ja.wikipedia.org/wiki/匝瑳市>	<http://wikidata.dbpedia.org/resource/Q858367>
<http://ja.dbpedia.org/resource/匝瑳市>	"匝瑳市"@ja	<http://dbpedia.org/ontology/Location>	<http://ja.dbpedia.org/property/隣接自治体>	"隣接自治体"@ja	<http://ja.wikipedia.org/wiki/匝瑳市>	<http://wikidata.dbpedia.org/resource/Q858367>
<http://ja.dbpedia.org/resource/匝瑳市>	"匝瑳市"@ja	<http://dbpedia.org/ontology/Location>	<http://ja.dbpedia.org/property/southwest>	"Southwest"@ja	<http://ja.wikipedia.org/wiki/匝瑳市>	<http://wikidata.dbpedia.org/resource/Q858367>
<http://ja.dbpedia.org/resource/匝瑳市>	"匝瑳市"@ja	<http://dbpedia.org/ontology/Place>	<http://ja.dbpedia.org/property/隣接自治体>	"隣接自治体"@ja	<http://ja.wikipedia.org/wiki/匝瑳市>	<http://wikidata.dbpedia.org/resource/Q858367>
<http://ja.dbpedia.org/resource/匝瑳市>	"匝瑳市"@ja	<http://dbpedia.org/ontology/PopulatedPlace>	<http://ja.dbpedia.org/property/southwest>	"Southwest"@ja	<http://ja.wikipedia.org/wiki/匝瑳市>	<http://wikidata.dbpedia.org/resource/Q858367>
<http://ja.dbpedia.org/resource/匝瑳市>	"匝瑳市"@ja	<http://dbpedia.org/ontology/City>	<http://ja.dbpedia.org/property/隣接自治体>	"隣接自治体"@ja	<http://ja.wikipedia.org/wiki/匝瑳市>	<http://wikidata.dbpedia.org/resource/Q858367>
<http://ja.dbpedia.org/resource/匝瑳市>	"匝瑳市"@ja	<http://dbpedia.org/ontology/Settlement>	<http://ja.dbpedia.org/property/southwest>	"Southwest"@ja	<http://ja.wikipedia.org/wiki/匝瑳市>	<http://wikidata.dbpedia.org/resource/Q858367>
<http://ja.dbpedia.org/resource/東庄町>	"東庄町"@ja	<http://dbpedia.org/ontology/City>	<http://ja.dbpedia.org/property/隣接自治体>	"隣接自治体"@ja	<http://ja.wikipedia.org/wiki/東庄町>	<http://wikidata.dbpedia.org/resource/Q1342834>
<http://ja.dbpedia.org/resource/東庄町>	"東庄町"@ja	<http://dbpedia.org/ontology/PopulatedPlace>	<http://ja.dbpedia.org/property/north>	"North"@ja	<http://ja.wikipedia.org/wiki/東庄町>	<http://wikidata.dbpedia.org/resource/Q1342834>
<http://ja.dbpedia.org/resource/東庄町>	"東庄町"@ja	<http://dbpedia.org/ontology/Settlement>	<http://ja.dbpedia.org/property/north>	"North"@ja	<http://ja.wikipedia.org/wiki/東庄町>	<http://wikidata.dbpedia.org/resource/Q1342834>
<http://ja.dbpedia.org/resource/東庄町>	"東庄町"@ja	<http://dbpedia.org/ontology/Place>	<http://ja.dbpedia.org/property/隣接自治体>	"隣接自治体"@ja	<http://ja.wikipedia.org/wiki/東庄町>	<http://wikidata.dbpedia.org/resource/Q1342834>
<http://ja.dbpedia.org/resource/東庄町>	"東庄町"@ja	<http://dbpedia.org/ontology/Location>	<http://ja.dbpedia.org/property/north>	"North"@ja	<http://ja.wikipedia.org/wiki/東庄町>	<http://wikidata.dbpedia.org/resource/Q1342834>
<http://ja.dbpedia.org/resource/東庄町>	"東庄町"@ja	<http://dbpedia.org/ontology/Location>	<http://ja.dbpedia.org/property/隣接自治体>	"隣接自治体"@ja	<http://ja.wikipedia.org/wiki/東庄町>	<http://wikidata.dbpedia.org/resource/Q1342834>
<http://ja.dbpedia.org/resource/東庄町>	"東庄町"@ja	<http://dbpedia.org/ontology/Settlement>	<http://ja.dbpedia.org/property/隣接自治体>	"隣接自治体"@ja	<http://ja.wikipedia.org/wiki/東庄町>	<http://wikidata.dbpedia.org/resource/Q1342834>
<http://ja.dbpedia.org/resource/東庄町>	"東庄町"@ja	<http://dbpedia.org/ontology/City>	<http://ja.dbpedia.org/property/north>	"North"@ja	<http://ja.wikipedia.org/wiki/東庄町>	<http://wikidata.dbpedia.org/resource/Q1342834>
<http://ja.dbpedia.org/resource/東庄町>	"東庄町"@ja	<http://dbpedia.org/ontology/Place>	<http://ja.dbpedia.org/property/north>	"North"@ja	<http://ja.wikipedia.org/wiki/東庄町>	<http://wikidata.dbpedia.org/resource/Q1342834>
<http://ja.dbpedia.org/resource/東庄町>	"東庄町"@ja	<http://dbpedia.org/ontology/PopulatedPlace>	<http://ja.dbpedia.org/property/隣接自治体>	"隣接自治体"@ja	<http://ja.wikipedia.org/wiki/東庄町>	<http://wikidata.dbpedia.org/resource/Q1342834>
<http://ja.dbpedia.org/resource/道の駅季楽里あさひ>	"道の駅季楽里あさひ"@ja	<http://dbpedia.org/ontology/ArchitecturalStructure>	<http://ja.dbpedia.org/property/画像の説明>	"画像の説明"@ja	<http://ja.wikipedia.org/wiki/道の駅季楽里あさひ>	<http://wikidata.dbpedia.org/resource/Q21666116>
<http://ja.dbpedia.org/resource/道の駅季楽里あさひ>	"道の駅季楽里あさひ"@ja	<http://dbpedia.org/ontology/Station>	<http://ja.dbpedia.org/property/画像の説明>	"画像の説明"@ja	<http://ja.wikipedia.org/wiki/道の駅季楽里あさひ>	<http://wikidata.dbpedia.org/resource/Q21666116>
<http://ja.dbpedia.org/resource/道の駅季楽里あさひ>	"道の駅季楽里あさひ"@ja	<http://dbpedia.org/ontology/Infrastructure>	<http://ja.dbpedia.org/property/画像の説明>	"画像の説明"@ja	<http://ja.wikipedia.org/wiki/道の駅季楽里あさひ>	<http://wikidata.dbpedia.org/resource/Q21666116>
<http://ja.dbpedia.org/resource/銚子市>	"銚子市"@ja	<http://dbpedia.org/ontology/Settlement>	<http://ja.dbpedia.org/property/northeast>	"Northeast"@ja	<http://ja.wikipedia.org/wiki/銚子市>	<http://wikidata.dbpedia.org/resource/Q694317>
<http://ja.dbpedia.org/resource/銚子市>	"銚子市"@ja	<http://dbpedia.org/ontology/City>	<http://ja.dbpedia.org/property/隣接自治体>	"隣接自治体"@ja	<http://ja.wikipedia.org/wiki/銚子市>	<http://wikidata.dbpedia.org/resource/Q694317>
<http://ja.dbpedia.org/resource/銚子市>	"銚子市"@ja	<http://dbpedia.org/ontology/Location>	<http://ja.dbpedia.org/property/northeast>	"Northeast"@ja	<http://ja.wikipedia.org/wiki/銚子市>	<http://wikidata.dbpedia.org/resource/Q694317>
<http://ja.dbpedia.org/resource/銚子市>	"銚子市"@ja	<http://dbpedia.org/ontology/Place>	<http://ja.dbpedia.org/property/隣接自治体>	"隣接自治体"@ja	<http://ja.wikipedia.org/wiki/銚子市>	<http://wikidata.dbpedia.org/resource/Q694317>
<http://ja.dbpedia.org/resource/銚子市>	"銚子市"@ja	<http://dbpedia.org/ontology/PopulatedPlace>	<http://ja.dbpedia.org/property/northeast>	"Northeast"@ja	<http://ja.wikipedia.org/wiki/銚子市>	<http://wikidata.dbpedia.org/resource/Q694317>
<http://ja.dbpedia.org/resource/銚子市>	"銚子市"@ja	<http://dbpedia.org/ontology/Settlement>	<http://ja.dbpedia.org/property/隣接自治体>	"隣接自治体"@ja	<http://ja.wikipedia.org/wiki/銚子市>	<http://wikidata.dbpedia.org/resource/Q694317>
<http://ja.dbpedia.org/resource/銚子市>	"銚子市"@ja	<http://dbpedia.org/ontology/City>	<http://ja.dbpedia.org/property/northeast>	"Northeast"@ja	<http://ja.wikipedia.org/wiki/銚子市>	<http://wikidata.dbpedia.org/resource/Q694317>
<http://ja.dbpedia.org/resource/銚子市>	"銚子市"@ja	<http://dbpedia.org/ontology/PopulatedPlace>	<http://ja.dbpedia.org/property/隣接自治体>	"隣接自治体"@ja	<http://ja.wikipedia.org/wiki/銚子市>	<http://wikidata.dbpedia.org/resource/Q694317>
<http://ja.dbpedia.org/resource/銚子市>	"銚子市"@ja	<http://dbpedia.org/ontology/Place>	<http://ja.dbpedia.org/property/northeast>	"Northeast"@ja	<http://ja.wikipedia.org/wiki/銚子市>	<http://wikidata.dbpedia.org/resource/Q694317>
<http://ja.dbpedia.org/resource/銚子市>	"銚子市"@ja	<http://dbpedia.org/ontology/Location>	<http://ja.dbpedia.org/property/隣接自治体>	"隣接自治体"@ja	<http://ja.wikipedia.org/wiki/銚子市>	<http://wikidata.dbpedia.org/resource/Q694317>
<http://ja.dbpedia.org/resource/香取市>	"香取市"@ja	<http://dbpedia.org/ontology/City>	<http://ja.dbpedia.org/property/隣接自治体>	"隣接自治体"@ja	<http://ja.wikipedia.org/wiki/香取市>	<http://wikidata.dbpedia.org/resource/Q858357>
<http://ja.dbpedia.org/resource/香取市>	"香取市"@ja	<http://dbpedia.org/ontology/PopulatedPlace>	<http://ja.dbpedia.org/property/northwest>	"Northwest"@ja	<http://ja.wikipedia.org/wiki/香取市>	<http://wikidata.dbpedia.org/resource/Q858357>
<http://ja.dbpedia.org/resource/香取市>	"香取市"@ja	<http://dbpedia.org/ontology/Place>	<http://ja.dbpedia.org/property/隣接自治体>	"隣接自治体"@ja	<http://ja.wikipedia.org/wiki/香取市>	<http://wikidata.dbpedia.org/resource/Q858357>
<http://ja.dbpedia.org/resource/香取市>	"香取市"@ja	<http://dbpedia.org/ontology/Settlement>	<http://ja.dbpedia.org/property/northwest>	"Northwest"@ja	<http://ja.wikipedia.org/wiki/香取市>	<http://wikidata.dbpedia.org/resource/Q858357>
<http://ja.dbpedia.org/resource/香取市>	"香取市"@ja	<http://dbpedia.org/ontology/Location>	<http://ja.dbpedia.org/property/northwest>	"Northwest"@ja	<http://ja.wikipedia.org/wiki/香取市>	<http://wikidata.dbpedia.org/resource/Q858357>
<http://ja.dbpedia.org/resource/香取市>	"香取市"@ja	<http://dbpedia.org/ontology/Location>	<http://ja.dbpedia.org/property/隣接自治体>	"隣接自治体"@ja	<http://ja.wikipedia.org/wiki/香取市>	<http://wikidata.dbpedia.org/resource/Q858357>
<http://ja.dbpedia.org/resource/香取市>	"香取市"@ja	<http://dbpedia.org/ontology/Place>	<http://ja.dbpedia.org/property/northwest>	"Northwest"@ja	<http://ja.wikipedia.org/wiki/香取市>	<http://wikidata.dbpedia.org/resource/Q858357>
<http://ja.dbpedia.org/resource/香取市>	"香取市"@ja	<http://dbpedia.org/ontology/PopulatedPlace>	<http://ja.dbpedia.org/property/隣接自治体>	"隣接自治体"@ja	<http://ja.wikipedia.org/wiki/香取市>	<http://wikidata.dbpedia.org/resource/Q858357>
<http://ja.dbpedia.org/resource/香取市>	"香取市"@ja	<http://dbpedia.org/ontology/City>	<http://ja.dbpedia.org/property/northwest>	"Northwest"@ja	<http://ja.wikipedia.org/wiki/香取市>	<http://wikidata.dbpedia.org/resource/Q858357>
<http://ja.dbpedia.org/resource/香取市>	"香取市"@ja	<http://dbpedia.org/ontology/Settlement>	<http://ja.dbpedia.org/property/隣接自治体>	"隣接自治体"@ja	<http://ja.wikipedia.org/wiki/香取市>	<http://wikidata.dbpedia.org/resource/Q858357>
