?s	?sLabel	?type	?p	?pLabel	?jwiki	?wd
<http://ja.dbpedia.org/resource/DIC川村記念美術館>	"DIC川村記念美術館"@ja	<http://dbpedia.org/ontology/Building>	<http://ja.dbpedia.org/property/説明>	"説明"@ja	<http://ja.wikipedia.org/wiki/DIC川村記念美術館>	<http://wikidata.dbpedia.org/resource/Q6379617>
<http://ja.dbpedia.org/resource/DIC川村記念美術館>	"DIC川村記念美術館"@ja	<http://dbpedia.org/ontology/ArchitecturalStructure>	<http://ja.dbpedia.org/property/説明>	"説明"@ja	<http://ja.wikipedia.org/wiki/DIC川村記念美術館>	<http://wikidata.dbpedia.org/resource/Q6379617>
<http://ja.dbpedia.org/resource/DIC川村記念美術館>	"DIC川村記念美術館"@ja	<http://dbpedia.org/ontology/Museum>	<http://ja.dbpedia.org/property/説明>	"説明"@ja	<http://ja.wikipedia.org/wiki/DIC川村記念美術館>	<http://wikidata.dbpedia.org/resource/Q6379617>
<http://ja.dbpedia.org/resource/サクラ>	"サクラ"@ja	<http://dbpedia.org/ontology/Species>	<http://ja.dbpedia.org/property/木>	"木"@ja	<http://ja.wikipedia.org/wiki/サクラ>	<http://wikidata.dbpedia.org/resource/Q871991>
<http://ja.dbpedia.org/resource/ハナショウブ>	"ハナショウブ"@ja	<http://dbpedia.org/ontology/Species>	<http://ja.dbpedia.org/property/花>	"花"@ja	<http://ja.wikipedia.org/wiki/ハナショウブ>	<http://wikidata.dbpedia.org/resource/Q21558856>
<http://ja.dbpedia.org/resource/佐倉市立美術館>	"佐倉市立美術館"@ja	<http://dbpedia.org/ontology/Museum>	<http://ja.dbpedia.org/property/説明>	"説明"@ja	<http://ja.wikipedia.org/wiki/佐倉市立美術館>	<http://wikidata.dbpedia.org/resource/Q11382975>
<http://ja.dbpedia.org/resource/佐倉市立美術館>	"佐倉市立美術館"@ja	<http://dbpedia.org/ontology/ArchitecturalStructure>	<http://ja.dbpedia.org/property/説明>	"説明"@ja	<http://ja.wikipedia.org/wiki/佐倉市立美術館>	<http://wikidata.dbpedia.org/resource/Q11382975>
<http://ja.dbpedia.org/resource/佐倉市立美術館>	"佐倉市立美術館"@ja	<http://dbpedia.org/ontology/Building>	<http://ja.dbpedia.org/property/説明>	"説明"@ja	<http://ja.wikipedia.org/wiki/佐倉市立美術館>	<http://wikidata.dbpedia.org/resource/Q11382975>
<http://ja.dbpedia.org/resource/八千代市>	"八千代市"@ja	<http://dbpedia.org/ontology/Place>	<http://ja.dbpedia.org/property/隣接自治体>	"隣接自治体"@ja	<http://ja.wikipedia.org/wiki/八千代市>	<http://wikidata.dbpedia.org/resource/Q328651>
<http://ja.dbpedia.org/resource/八千代市>	"八千代市"@ja	<http://dbpedia.org/ontology/City>	<http://ja.dbpedia.org/property/隣接自治体>	"隣接自治体"@ja	<http://ja.wikipedia.org/wiki/八千代市>	<http://wikidata.dbpedia.org/resource/Q328651>
<http://ja.dbpedia.org/resource/八千代市>	"八千代市"@ja	<http://dbpedia.org/ontology/Location>	<http://ja.dbpedia.org/property/隣接自治体>	"隣接自治体"@ja	<http://ja.wikipedia.org/wiki/八千代市>	<http://wikidata.dbpedia.org/resource/Q328651>
<http://ja.dbpedia.org/resource/八千代市>	"八千代市"@ja	<http://dbpedia.org/ontology/PopulatedPlace>	<http://ja.dbpedia.org/property/隣接自治体>	"隣接自治体"@ja	<http://ja.wikipedia.org/wiki/八千代市>	<http://wikidata.dbpedia.org/resource/Q328651>
<http://ja.dbpedia.org/resource/八千代市>	"八千代市"@ja	<http://dbpedia.org/ontology/Settlement>	<http://ja.dbpedia.org/property/隣接自治体>	"隣接自治体"@ja	<http://ja.wikipedia.org/wiki/八千代市>	<http://wikidata.dbpedia.org/resource/Q328651>
<http://ja.dbpedia.org/resource/八街市>	"八街市"@ja	<http://dbpedia.org/ontology/Place>	<http://ja.dbpedia.org/property/隣接自治体>	"隣接自治体"@ja	<http://ja.wikipedia.org/wiki/八街市>	<http://wikidata.dbpedia.org/resource/Q638296>
<http://ja.dbpedia.org/resource/八街市>	"八街市"@ja	<http://dbpedia.org/ontology/City>	<http://ja.dbpedia.org/property/隣接自治体>	"隣接自治体"@ja	<http://ja.wikipedia.org/wiki/八街市>	<http://wikidata.dbpedia.org/resource/Q638296>
<http://ja.dbpedia.org/resource/八街市>	"八街市"@ja	<http://dbpedia.org/ontology/Settlement>	<http://ja.dbpedia.org/property/隣接自治体>	"隣接自治体"@ja	<http://ja.wikipedia.org/wiki/八街市>	<http://wikidata.dbpedia.org/resource/Q638296>
<http://ja.dbpedia.org/resource/八街市>	"八街市"@ja	<http://dbpedia.org/ontology/PopulatedPlace>	<http://ja.dbpedia.org/property/隣接自治体>	"隣接自治体"@ja	<http://ja.wikipedia.org/wiki/八街市>	<http://wikidata.dbpedia.org/resource/Q638296>
<http://ja.dbpedia.org/resource/八街市>	"八街市"@ja	<http://dbpedia.org/ontology/Location>	<http://ja.dbpedia.org/property/隣接自治体>	"隣接自治体"@ja	<http://ja.wikipedia.org/wiki/八街市>	<http://wikidata.dbpedia.org/resource/Q638296>
<http://ja.dbpedia.org/resource/千葉市>	"千葉市"@ja	<http://dbpedia.org/ontology/City>	<http://ja.dbpedia.org/property/隣接自治体>	"隣接自治体"@ja	<http://ja.wikipedia.org/wiki/千葉市>	<http://wikidata.dbpedia.org/resource/Q170616>
<http://ja.dbpedia.org/resource/千葉市>	"千葉市"@ja	<http://dbpedia.org/ontology/Place>	<http://ja.dbpedia.org/property/隣接自治体>	"隣接自治体"@ja	<http://ja.wikipedia.org/wiki/千葉市>	<http://wikidata.dbpedia.org/resource/Q170616>
<http://ja.dbpedia.org/resource/千葉市>	"千葉市"@ja	<http://dbpedia.org/ontology/Location>	<http://ja.dbpedia.org/property/隣接自治体>	"隣接自治体"@ja	<http://ja.wikipedia.org/wiki/千葉市>	<http://wikidata.dbpedia.org/resource/Q170616>
<http://ja.dbpedia.org/resource/千葉市>	"千葉市"@ja	<http://dbpedia.org/ontology/PopulatedPlace>	<http://ja.dbpedia.org/property/隣接自治体>	"隣接自治体"@ja	<http://ja.wikipedia.org/wiki/千葉市>	<http://wikidata.dbpedia.org/resource/Q170616>
<http://ja.dbpedia.org/resource/千葉市>	"千葉市"@ja	<http://dbpedia.org/ontology/Settlement>	<http://ja.dbpedia.org/property/隣接自治体>	"隣接自治体"@ja	<http://ja.wikipedia.org/wiki/千葉市>	<http://wikidata.dbpedia.org/resource/Q170616>
<http://ja.dbpedia.org/resource/印西市>	"印西市"@ja	<http://dbpedia.org/ontology/Place>	<http://ja.dbpedia.org/property/隣接自治体>	"隣接自治体"@ja	<http://ja.wikipedia.org/wiki/印西市>	<http://wikidata.dbpedia.org/resource/Q637901>
<http://ja.dbpedia.org/resource/印西市>	"印西市"@ja	<http://dbpedia.org/ontology/City>	<http://ja.dbpedia.org/property/隣接自治体>	"隣接自治体"@ja	<http://ja.wikipedia.org/wiki/印西市>	<http://wikidata.dbpedia.org/resource/Q637901>
<http://ja.dbpedia.org/resource/印西市>	"印西市"@ja	<http://dbpedia.org/ontology/Settlement>	<http://ja.dbpedia.org/property/隣接自治体>	"隣接自治体"@ja	<http://ja.wikipedia.org/wiki/印西市>	<http://wikidata.dbpedia.org/resource/Q637901>
<http://ja.dbpedia.org/resource/印西市>	"印西市"@ja	<http://dbpedia.org/ontology/PopulatedPlace>	<http://ja.dbpedia.org/property/隣接自治体>	"隣接自治体"@ja	<http://ja.wikipedia.org/wiki/印西市>	<http://wikidata.dbpedia.org/resource/Q637901>
<http://ja.dbpedia.org/resource/印西市>	"印西市"@ja	<http://dbpedia.org/ontology/Location>	<http://ja.dbpedia.org/property/隣接自治体>	"隣接自治体"@ja	<http://ja.wikipedia.org/wiki/印西市>	<http://wikidata.dbpedia.org/resource/Q637901>
<http://ja.dbpedia.org/resource/四街道市>	"四街道市"@ja	<http://dbpedia.org/ontology/City>	<http://ja.dbpedia.org/property/隣接自治体>	"隣接自治体"@ja	<http://ja.wikipedia.org/wiki/四街道市>	<http://wikidata.dbpedia.org/resource/Q429373>
<http://ja.dbpedia.org/resource/四街道市>	"四街道市"@ja	<http://dbpedia.org/ontology/Place>	<http://ja.dbpedia.org/property/隣接自治体>	"隣接自治体"@ja	<http://ja.wikipedia.org/wiki/四街道市>	<http://wikidata.dbpedia.org/resource/Q429373>
<http://ja.dbpedia.org/resource/四街道市>	"四街道市"@ja	<http://dbpedia.org/ontology/Settlement>	<http://ja.dbpedia.org/property/隣接自治体>	"隣接自治体"@ja	<http://ja.wikipedia.org/wiki/四街道市>	<http://wikidata.dbpedia.org/resource/Q429373>
<http://ja.dbpedia.org/resource/四街道市>	"四街道市"@ja	<http://dbpedia.org/ontology/PopulatedPlace>	<http://ja.dbpedia.org/property/隣接自治体>	"隣接自治体"@ja	<http://ja.wikipedia.org/wiki/四街道市>	<http://wikidata.dbpedia.org/resource/Q429373>
<http://ja.dbpedia.org/resource/四街道市>	"四街道市"@ja	<http://dbpedia.org/ontology/Location>	<http://ja.dbpedia.org/property/隣接自治体>	"隣接自治体"@ja	<http://ja.wikipedia.org/wiki/四街道市>	<http://wikidata.dbpedia.org/resource/Q429373>
<http://ja.dbpedia.org/resource/国立歴史民俗博物館>	"国立歴史民俗博物館"@ja	<http://dbpedia.org/ontology/Building>	<http://ja.dbpedia.org/property/説明>	"説明"@ja	<http://ja.wikipedia.org/wiki/国立歴史民俗博物館>	<http://wikidata.dbpedia.org/resource/Q3330690>
<http://ja.dbpedia.org/resource/国立歴史民俗博物館>	"国立歴史民俗博物館"@ja	<http://dbpedia.org/ontology/ArchitecturalStructure>	<http://ja.dbpedia.org/property/説明>	"説明"@ja	<http://ja.wikipedia.org/wiki/国立歴史民俗博物館>	<http://wikidata.dbpedia.org/resource/Q3330690>
<http://ja.dbpedia.org/resource/国立歴史民俗博物館>	"国立歴史民俗博物館"@ja	<http://dbpedia.org/ontology/Museum>	<http://ja.dbpedia.org/property/説明>	"説明"@ja	<http://ja.wikipedia.org/wiki/国立歴史民俗博物館>	<http://wikidata.dbpedia.org/resource/Q3330690>
<http://ja.dbpedia.org/resource/酒々井町>	"酒々井町"@ja	<http://dbpedia.org/ontology/PopulatedPlace>	<http://ja.dbpedia.org/property/隣接自治体>	"隣接自治体"@ja	<http://ja.wikipedia.org/wiki/酒々井町>	<http://wikidata.dbpedia.org/resource/Q782157>
<http://ja.dbpedia.org/resource/酒々井町>	"酒々井町"@ja	<http://dbpedia.org/ontology/Settlement>	<http://ja.dbpedia.org/property/隣接自治体>	"隣接自治体"@ja	<http://ja.wikipedia.org/wiki/酒々井町>	<http://wikidata.dbpedia.org/resource/Q782157>
<http://ja.dbpedia.org/resource/酒々井町>	"酒々井町"@ja	<http://dbpedia.org/ontology/Location>	<http://ja.dbpedia.org/property/隣接自治体>	"隣接自治体"@ja	<http://ja.wikipedia.org/wiki/酒々井町>	<http://wikidata.dbpedia.org/resource/Q782157>
<http://ja.dbpedia.org/resource/酒々井町>	"酒々井町"@ja	<http://dbpedia.org/ontology/City>	<http://ja.dbpedia.org/property/隣接自治体>	"隣接自治体"@ja	<http://ja.wikipedia.org/wiki/酒々井町>	<http://wikidata.dbpedia.org/resource/Q782157>
<http://ja.dbpedia.org/resource/酒々井町>	"酒々井町"@ja	<http://dbpedia.org/ontology/Place>	<http://ja.dbpedia.org/property/隣接自治体>	"隣接自治体"@ja	<http://ja.wikipedia.org/wiki/酒々井町>	<http://wikidata.dbpedia.org/resource/Q782157>
