?s	?sLabel	?type	?p	?pLabel	?jwiki	?wd
<http://ja.dbpedia.org/resource/イチョウ>	"イチョウ"@ja	<http://dbpedia.org/ontology/Species>	<http://ja.dbpedia.org/property/木>	"木"@ja	<http://ja.wikipedia.org/wiki/イチョウ>	<http://wikidata.dbpedia.org/resource/Q43284>
<http://ja.dbpedia.org/resource/ウグイス>	"ウグイス"@ja	<http://dbpedia.org/ontology/Species>	<http://ja.dbpedia.org/property/鳥など>	"鳥など"@ja	<http://ja.wikipedia.org/wiki/ウグイス>	<http://wikidata.dbpedia.org/resource/Q27075456>
<http://ja.dbpedia.org/resource/コスモス>	"コスモス"@ja	<http://dbpedia.org/ontology/Species>	<http://ja.dbpedia.org/property/花>	"花"@ja	<http://ja.wikipedia.org/wiki/コスモス>	<http://wikidata.dbpedia.org/resource/Q476937>
<http://ja.dbpedia.org/resource/千葉市>	"千葉市"@ja	<http://dbpedia.org/ontology/Place>	<http://ja.dbpedia.org/property/隣接自治体>	"隣接自治体"@ja	<http://ja.wikipedia.org/wiki/千葉市>	<http://wikidata.dbpedia.org/resource/Q170616>
<http://ja.dbpedia.org/resource/千葉市>	"千葉市"@ja	<http://dbpedia.org/ontology/PopulatedPlace>	<http://ja.dbpedia.org/property/north>	"North"@ja	<http://ja.wikipedia.org/wiki/千葉市>	<http://wikidata.dbpedia.org/resource/Q170616>
<http://ja.dbpedia.org/resource/千葉市>	"千葉市"@ja	<http://dbpedia.org/ontology/City>	<http://ja.dbpedia.org/property/隣接自治体>	"隣接自治体"@ja	<http://ja.wikipedia.org/wiki/千葉市>	<http://wikidata.dbpedia.org/resource/Q170616>
<http://ja.dbpedia.org/resource/千葉市>	"千葉市"@ja	<http://dbpedia.org/ontology/Settlement>	<http://ja.dbpedia.org/property/north>	"North"@ja	<http://ja.wikipedia.org/wiki/千葉市>	<http://wikidata.dbpedia.org/resource/Q170616>
<http://ja.dbpedia.org/resource/千葉市>	"千葉市"@ja	<http://dbpedia.org/ontology/Location>	<http://ja.dbpedia.org/property/north>	"North"@ja	<http://ja.wikipedia.org/wiki/千葉市>	<http://wikidata.dbpedia.org/resource/Q170616>
<http://ja.dbpedia.org/resource/千葉市>	"千葉市"@ja	<http://dbpedia.org/ontology/PopulatedPlace>	<http://ja.dbpedia.org/property/隣接自治体>	"隣接自治体"@ja	<http://ja.wikipedia.org/wiki/千葉市>	<http://wikidata.dbpedia.org/resource/Q170616>
<http://ja.dbpedia.org/resource/千葉市>	"千葉市"@ja	<http://dbpedia.org/ontology/City>	<http://ja.dbpedia.org/property/north>	"North"@ja	<http://ja.wikipedia.org/wiki/千葉市>	<http://wikidata.dbpedia.org/resource/Q170616>
<http://ja.dbpedia.org/resource/千葉市>	"千葉市"@ja	<http://dbpedia.org/ontology/Settlement>	<http://ja.dbpedia.org/property/隣接自治体>	"隣接自治体"@ja	<http://ja.wikipedia.org/wiki/千葉市>	<http://wikidata.dbpedia.org/resource/Q170616>
<http://ja.dbpedia.org/resource/千葉市>	"千葉市"@ja	<http://dbpedia.org/ontology/Location>	<http://ja.dbpedia.org/property/隣接自治体>	"隣接自治体"@ja	<http://ja.wikipedia.org/wiki/千葉市>	<http://wikidata.dbpedia.org/resource/Q170616>
<http://ja.dbpedia.org/resource/千葉市>	"千葉市"@ja	<http://dbpedia.org/ontology/Place>	<http://ja.dbpedia.org/property/north>	"North"@ja	<http://ja.wikipedia.org/wiki/千葉市>	<http://wikidata.dbpedia.org/resource/Q170616>
<http://ja.dbpedia.org/resource/君津市>	"君津市"@ja	<http://dbpedia.org/ontology/City>	<http://ja.dbpedia.org/property/southwest>	"Southwest"@ja	<http://ja.wikipedia.org/wiki/君津市>	<http://wikidata.dbpedia.org/resource/Q637928>
<http://ja.dbpedia.org/resource/君津市>	"君津市"@ja	<http://dbpedia.org/ontology/Settlement>	<http://ja.dbpedia.org/property/隣接自治体>	"隣接自治体"@ja	<http://ja.wikipedia.org/wiki/君津市>	<http://wikidata.dbpedia.org/resource/Q637928>
<http://ja.dbpedia.org/resource/君津市>	"君津市"@ja	<http://dbpedia.org/ontology/PopulatedPlace>	<http://ja.dbpedia.org/property/隣接自治体>	"隣接自治体"@ja	<http://ja.wikipedia.org/wiki/君津市>	<http://wikidata.dbpedia.org/resource/Q637928>
<http://ja.dbpedia.org/resource/君津市>	"君津市"@ja	<http://dbpedia.org/ontology/Place>	<http://ja.dbpedia.org/property/southwest>	"Southwest"@ja	<http://ja.wikipedia.org/wiki/君津市>	<http://wikidata.dbpedia.org/resource/Q637928>
<http://ja.dbpedia.org/resource/君津市>	"君津市"@ja	<http://dbpedia.org/ontology/Location>	<http://ja.dbpedia.org/property/隣接自治体>	"隣接自治体"@ja	<http://ja.wikipedia.org/wiki/君津市>	<http://wikidata.dbpedia.org/resource/Q637928>
<http://ja.dbpedia.org/resource/君津市>	"君津市"@ja	<http://dbpedia.org/ontology/Location>	<http://ja.dbpedia.org/property/southwest>	"Southwest"@ja	<http://ja.wikipedia.org/wiki/君津市>	<http://wikidata.dbpedia.org/resource/Q637928>
<http://ja.dbpedia.org/resource/君津市>	"君津市"@ja	<http://dbpedia.org/ontology/Place>	<http://ja.dbpedia.org/property/隣接自治体>	"隣接自治体"@ja	<http://ja.wikipedia.org/wiki/君津市>	<http://wikidata.dbpedia.org/resource/Q637928>
<http://ja.dbpedia.org/resource/君津市>	"君津市"@ja	<http://dbpedia.org/ontology/Settlement>	<http://ja.dbpedia.org/property/southwest>	"Southwest"@ja	<http://ja.wikipedia.org/wiki/君津市>	<http://wikidata.dbpedia.org/resource/Q637928>
<http://ja.dbpedia.org/resource/君津市>	"君津市"@ja	<http://dbpedia.org/ontology/PopulatedPlace>	<http://ja.dbpedia.org/property/southwest>	"Southwest"@ja	<http://ja.wikipedia.org/wiki/君津市>	<http://wikidata.dbpedia.org/resource/Q637928>
<http://ja.dbpedia.org/resource/君津市>	"君津市"@ja	<http://dbpedia.org/ontology/City>	<http://ja.dbpedia.org/property/隣接自治体>	"隣接自治体"@ja	<http://ja.wikipedia.org/wiki/君津市>	<http://wikidata.dbpedia.org/resource/Q637928>
<http://ja.dbpedia.org/resource/大多喜町>	"大多喜町"@ja	<http://dbpedia.org/ontology/Place>	<http://ja.dbpedia.org/property/隣接自治体>	"隣接自治体"@ja	<http://ja.wikipedia.org/wiki/大多喜町>	<http://wikidata.dbpedia.org/resource/Q1346191>
<http://ja.dbpedia.org/resource/大多喜町>	"大多喜町"@ja	<http://dbpedia.org/ontology/PopulatedPlace>	<http://ja.dbpedia.org/property/southeast>	"Southeast"@ja	<http://ja.wikipedia.org/wiki/大多喜町>	<http://wikidata.dbpedia.org/resource/Q1346191>
<http://ja.dbpedia.org/resource/大多喜町>	"大多喜町"@ja	<http://dbpedia.org/ontology/Location>	<http://ja.dbpedia.org/property/southeast>	"Southeast"@ja	<http://ja.wikipedia.org/wiki/大多喜町>	<http://wikidata.dbpedia.org/resource/Q1346191>
<http://ja.dbpedia.org/resource/大多喜町>	"大多喜町"@ja	<http://dbpedia.org/ontology/City>	<http://ja.dbpedia.org/property/隣接自治体>	"隣接自治体"@ja	<http://ja.wikipedia.org/wiki/大多喜町>	<http://wikidata.dbpedia.org/resource/Q1346191>
<http://ja.dbpedia.org/resource/大多喜町>	"大多喜町"@ja	<http://dbpedia.org/ontology/Settlement>	<http://ja.dbpedia.org/property/southeast>	"Southeast"@ja	<http://ja.wikipedia.org/wiki/大多喜町>	<http://wikidata.dbpedia.org/resource/Q1346191>
<http://ja.dbpedia.org/resource/大多喜町>	"大多喜町"@ja	<http://dbpedia.org/ontology/Settlement>	<http://ja.dbpedia.org/property/隣接自治体>	"隣接自治体"@ja	<http://ja.wikipedia.org/wiki/大多喜町>	<http://wikidata.dbpedia.org/resource/Q1346191>
<http://ja.dbpedia.org/resource/大多喜町>	"大多喜町"@ja	<http://dbpedia.org/ontology/City>	<http://ja.dbpedia.org/property/southeast>	"Southeast"@ja	<http://ja.wikipedia.org/wiki/大多喜町>	<http://wikidata.dbpedia.org/resource/Q1346191>
<http://ja.dbpedia.org/resource/大多喜町>	"大多喜町"@ja	<http://dbpedia.org/ontology/PopulatedPlace>	<http://ja.dbpedia.org/property/隣接自治体>	"隣接自治体"@ja	<http://ja.wikipedia.org/wiki/大多喜町>	<http://wikidata.dbpedia.org/resource/Q1346191>
<http://ja.dbpedia.org/resource/大多喜町>	"大多喜町"@ja	<http://dbpedia.org/ontology/Place>	<http://ja.dbpedia.org/property/southeast>	"Southeast"@ja	<http://ja.wikipedia.org/wiki/大多喜町>	<http://wikidata.dbpedia.org/resource/Q1346191>
<http://ja.dbpedia.org/resource/大多喜町>	"大多喜町"@ja	<http://dbpedia.org/ontology/Location>	<http://ja.dbpedia.org/property/隣接自治体>	"隣接自治体"@ja	<http://ja.wikipedia.org/wiki/大多喜町>	<http://wikidata.dbpedia.org/resource/Q1346191>
<http://ja.dbpedia.org/resource/木更津市>	"木更津市"@ja	<http://dbpedia.org/ontology/Settlement>	<http://ja.dbpedia.org/property/隣接自治体>	"隣接自治体"@ja	<http://ja.wikipedia.org/wiki/木更津市>	<http://wikidata.dbpedia.org/resource/Q335427>
<http://ja.dbpedia.org/resource/木更津市>	"木更津市"@ja	<http://dbpedia.org/ontology/City>	<http://ja.dbpedia.org/property/west>	"West"@ja	<http://ja.wikipedia.org/wiki/木更津市>	<http://wikidata.dbpedia.org/resource/Q335427>
<http://ja.dbpedia.org/resource/木更津市>	"木更津市"@ja	<http://dbpedia.org/ontology/PopulatedPlace>	<http://ja.dbpedia.org/property/隣接自治体>	"隣接自治体"@ja	<http://ja.wikipedia.org/wiki/木更津市>	<http://wikidata.dbpedia.org/resource/Q335427>
<http://ja.dbpedia.org/resource/木更津市>	"木更津市"@ja	<http://dbpedia.org/ontology/Place>	<http://ja.dbpedia.org/property/west>	"West"@ja	<http://ja.wikipedia.org/wiki/木更津市>	<http://wikidata.dbpedia.org/resource/Q335427>
<http://ja.dbpedia.org/resource/木更津市>	"木更津市"@ja	<http://dbpedia.org/ontology/Location>	<http://ja.dbpedia.org/property/隣接自治体>	"隣接自治体"@ja	<http://ja.wikipedia.org/wiki/木更津市>	<http://wikidata.dbpedia.org/resource/Q335427>
<http://ja.dbpedia.org/resource/木更津市>	"木更津市"@ja	<http://dbpedia.org/ontology/PopulatedPlace>	<http://ja.dbpedia.org/property/west>	"West"@ja	<http://ja.wikipedia.org/wiki/木更津市>	<http://wikidata.dbpedia.org/resource/Q335427>
<http://ja.dbpedia.org/resource/木更津市>	"木更津市"@ja	<http://dbpedia.org/ontology/City>	<http://ja.dbpedia.org/property/隣接自治体>	"隣接自治体"@ja	<http://ja.wikipedia.org/wiki/木更津市>	<http://wikidata.dbpedia.org/resource/Q335427>
<http://ja.dbpedia.org/resource/木更津市>	"木更津市"@ja	<http://dbpedia.org/ontology/Settlement>	<http://ja.dbpedia.org/property/west>	"West"@ja	<http://ja.wikipedia.org/wiki/木更津市>	<http://wikidata.dbpedia.org/resource/Q335427>
<http://ja.dbpedia.org/resource/木更津市>	"木更津市"@ja	<http://dbpedia.org/ontology/Location>	<http://ja.dbpedia.org/property/west>	"West"@ja	<http://ja.wikipedia.org/wiki/木更津市>	<http://wikidata.dbpedia.org/resource/Q335427>
<http://ja.dbpedia.org/resource/木更津市>	"木更津市"@ja	<http://dbpedia.org/ontology/Place>	<http://ja.dbpedia.org/property/隣接自治体>	"隣接自治体"@ja	<http://ja.wikipedia.org/wiki/木更津市>	<http://wikidata.dbpedia.org/resource/Q335427>
<http://ja.dbpedia.org/resource/茂原市>	"茂原市"@ja	<http://dbpedia.org/ontology/PopulatedPlace>	<http://ja.dbpedia.org/property/隣接自治体>	"隣接自治体"@ja	<http://ja.wikipedia.org/wiki/茂原市>	<http://wikidata.dbpedia.org/resource/Q502486>
<http://ja.dbpedia.org/resource/茂原市>	"茂原市"@ja	<http://dbpedia.org/ontology/City>	<http://ja.dbpedia.org/property/east>	"East"@ja	<http://ja.wikipedia.org/wiki/茂原市>	<http://wikidata.dbpedia.org/resource/Q502486>
<http://ja.dbpedia.org/resource/茂原市>	"茂原市"@ja	<http://dbpedia.org/ontology/Place>	<http://ja.dbpedia.org/property/east>	"East"@ja	<http://ja.wikipedia.org/wiki/茂原市>	<http://wikidata.dbpedia.org/resource/Q502486>
<http://ja.dbpedia.org/resource/茂原市>	"茂原市"@ja	<http://dbpedia.org/ontology/Location>	<http://ja.dbpedia.org/property/隣接自治体>	"隣接自治体"@ja	<http://ja.wikipedia.org/wiki/茂原市>	<http://wikidata.dbpedia.org/resource/Q502486>
<http://ja.dbpedia.org/resource/茂原市>	"茂原市"@ja	<http://dbpedia.org/ontology/Settlement>	<http://ja.dbpedia.org/property/隣接自治体>	"隣接自治体"@ja	<http://ja.wikipedia.org/wiki/茂原市>	<http://wikidata.dbpedia.org/resource/Q502486>
<http://ja.dbpedia.org/resource/茂原市>	"茂原市"@ja	<http://dbpedia.org/ontology/PopulatedPlace>	<http://ja.dbpedia.org/property/east>	"East"@ja	<http://ja.wikipedia.org/wiki/茂原市>	<http://wikidata.dbpedia.org/resource/Q502486>
<http://ja.dbpedia.org/resource/茂原市>	"茂原市"@ja	<http://dbpedia.org/ontology/Place>	<http://ja.dbpedia.org/property/隣接自治体>	"隣接自治体"@ja	<http://ja.wikipedia.org/wiki/茂原市>	<http://wikidata.dbpedia.org/resource/Q502486>
<http://ja.dbpedia.org/resource/茂原市>	"茂原市"@ja	<http://dbpedia.org/ontology/Location>	<http://ja.dbpedia.org/property/east>	"East"@ja	<http://ja.wikipedia.org/wiki/茂原市>	<http://wikidata.dbpedia.org/resource/Q502486>
<http://ja.dbpedia.org/resource/茂原市>	"茂原市"@ja	<http://dbpedia.org/ontology/Settlement>	<http://ja.dbpedia.org/property/east>	"East"@ja	<http://ja.wikipedia.org/wiki/茂原市>	<http://wikidata.dbpedia.org/resource/Q502486>
<http://ja.dbpedia.org/resource/茂原市>	"茂原市"@ja	<http://dbpedia.org/ontology/City>	<http://ja.dbpedia.org/property/隣接自治体>	"隣接自治体"@ja	<http://ja.wikipedia.org/wiki/茂原市>	<http://wikidata.dbpedia.org/resource/Q502486>
<http://ja.dbpedia.org/resource/袖ケ浦市>	"袖ケ浦市"@ja	<http://dbpedia.org/ontology/Settlement>	<http://ja.dbpedia.org/property/隣接自治体>	"隣接自治体"@ja	<http://ja.wikipedia.org/wiki/袖ケ浦市>	<http://wikidata.dbpedia.org/resource/Q646847>
<http://ja.dbpedia.org/resource/袖ケ浦市>	"袖ケ浦市"@ja	<http://dbpedia.org/ontology/City>	<http://ja.dbpedia.org/property/west>	"West"@ja	<http://ja.wikipedia.org/wiki/袖ケ浦市>	<http://wikidata.dbpedia.org/resource/Q646847>
<http://ja.dbpedia.org/resource/袖ケ浦市>	"袖ケ浦市"@ja	<http://dbpedia.org/ontology/Location>	<http://ja.dbpedia.org/property/隣接自治体>	"隣接自治体"@ja	<http://ja.wikipedia.org/wiki/袖ケ浦市>	<http://wikidata.dbpedia.org/resource/Q646847>
<http://ja.dbpedia.org/resource/袖ケ浦市>	"袖ケ浦市"@ja	<http://dbpedia.org/ontology/Place>	<http://ja.dbpedia.org/property/west>	"West"@ja	<http://ja.wikipedia.org/wiki/袖ケ浦市>	<http://wikidata.dbpedia.org/resource/Q646847>
<http://ja.dbpedia.org/resource/袖ケ浦市>	"袖ケ浦市"@ja	<http://dbpedia.org/ontology/PopulatedPlace>	<http://ja.dbpedia.org/property/隣接自治体>	"隣接自治体"@ja	<http://ja.wikipedia.org/wiki/袖ケ浦市>	<http://wikidata.dbpedia.org/resource/Q646847>
<http://ja.dbpedia.org/resource/袖ケ浦市>	"袖ケ浦市"@ja	<http://dbpedia.org/ontology/Settlement>	<http://ja.dbpedia.org/property/west>	"West"@ja	<http://ja.wikipedia.org/wiki/袖ケ浦市>	<http://wikidata.dbpedia.org/resource/Q646847>
<http://ja.dbpedia.org/resource/袖ケ浦市>	"袖ケ浦市"@ja	<http://dbpedia.org/ontology/City>	<http://ja.dbpedia.org/property/隣接自治体>	"隣接自治体"@ja	<http://ja.wikipedia.org/wiki/袖ケ浦市>	<http://wikidata.dbpedia.org/resource/Q646847>
<http://ja.dbpedia.org/resource/袖ケ浦市>	"袖ケ浦市"@ja	<http://dbpedia.org/ontology/PopulatedPlace>	<http://ja.dbpedia.org/property/west>	"West"@ja	<http://ja.wikipedia.org/wiki/袖ケ浦市>	<http://wikidata.dbpedia.org/resource/Q646847>
<http://ja.dbpedia.org/resource/袖ケ浦市>	"袖ケ浦市"@ja	<http://dbpedia.org/ontology/Place>	<http://ja.dbpedia.org/property/隣接自治体>	"隣接自治体"@ja	<http://ja.wikipedia.org/wiki/袖ケ浦市>	<http://wikidata.dbpedia.org/resource/Q646847>
<http://ja.dbpedia.org/resource/袖ケ浦市>	"袖ケ浦市"@ja	<http://dbpedia.org/ontology/Location>	<http://ja.dbpedia.org/property/west>	"West"@ja	<http://ja.wikipedia.org/wiki/袖ケ浦市>	<http://wikidata.dbpedia.org/resource/Q646847>
<http://ja.dbpedia.org/resource/長南町>	"長南町"@ja	<http://dbpedia.org/ontology/City>	<http://ja.dbpedia.org/property/east>	"East"@ja	<http://ja.wikipedia.org/wiki/長南町>	<http://wikidata.dbpedia.org/resource/Q1203194>
<http://ja.dbpedia.org/resource/長南町>	"長南町"@ja	<http://dbpedia.org/ontology/PopulatedPlace>	<http://ja.dbpedia.org/property/隣接自治体>	"隣接自治体"@ja	<http://ja.wikipedia.org/wiki/長南町>	<http://wikidata.dbpedia.org/resource/Q1203194>
<http://ja.dbpedia.org/resource/長南町>	"長南町"@ja	<http://dbpedia.org/ontology/Place>	<http://ja.dbpedia.org/property/east>	"East"@ja	<http://ja.wikipedia.org/wiki/長南町>	<http://wikidata.dbpedia.org/resource/Q1203194>
<http://ja.dbpedia.org/resource/長南町>	"長南町"@ja	<http://dbpedia.org/ontology/Settlement>	<http://ja.dbpedia.org/property/隣接自治体>	"隣接自治体"@ja	<http://ja.wikipedia.org/wiki/長南町>	<http://wikidata.dbpedia.org/resource/Q1203194>
<http://ja.dbpedia.org/resource/長南町>	"長南町"@ja	<http://dbpedia.org/ontology/Location>	<http://ja.dbpedia.org/property/隣接自治体>	"隣接自治体"@ja	<http://ja.wikipedia.org/wiki/長南町>	<http://wikidata.dbpedia.org/resource/Q1203194>
<http://ja.dbpedia.org/resource/長南町>	"長南町"@ja	<http://dbpedia.org/ontology/Location>	<http://ja.dbpedia.org/property/east>	"East"@ja	<http://ja.wikipedia.org/wiki/長南町>	<http://wikidata.dbpedia.org/resource/Q1203194>
<http://ja.dbpedia.org/resource/長南町>	"長南町"@ja	<http://dbpedia.org/ontology/Place>	<http://ja.dbpedia.org/property/隣接自治体>	"隣接自治体"@ja	<http://ja.wikipedia.org/wiki/長南町>	<http://wikidata.dbpedia.org/resource/Q1203194>
<http://ja.dbpedia.org/resource/長南町>	"長南町"@ja	<http://dbpedia.org/ontology/PopulatedPlace>	<http://ja.dbpedia.org/property/east>	"East"@ja	<http://ja.wikipedia.org/wiki/長南町>	<http://wikidata.dbpedia.org/resource/Q1203194>
<http://ja.dbpedia.org/resource/長南町>	"長南町"@ja	<http://dbpedia.org/ontology/City>	<http://ja.dbpedia.org/property/隣接自治体>	"隣接自治体"@ja	<http://ja.wikipedia.org/wiki/長南町>	<http://wikidata.dbpedia.org/resource/Q1203194>
<http://ja.dbpedia.org/resource/長南町>	"長南町"@ja	<http://dbpedia.org/ontology/Settlement>	<http://ja.dbpedia.org/property/east>	"East"@ja	<http://ja.wikipedia.org/wiki/長南町>	<http://wikidata.dbpedia.org/resource/Q1203194>
<http://ja.dbpedia.org/resource/長柄町>	"長柄町"@ja	<http://dbpedia.org/ontology/PopulatedPlace>	<http://ja.dbpedia.org/property/east>	"East"@ja	<http://ja.wikipedia.org/wiki/長柄町>	<http://wikidata.dbpedia.org/resource/Q1203545>
<http://ja.dbpedia.org/resource/長柄町>	"長柄町"@ja	<http://dbpedia.org/ontology/Place>	<http://ja.dbpedia.org/property/隣接自治体>	"隣接自治体"@ja	<http://ja.wikipedia.org/wiki/長柄町>	<http://wikidata.dbpedia.org/resource/Q1203545>
<http://ja.dbpedia.org/resource/長柄町>	"長柄町"@ja	<http://dbpedia.org/ontology/City>	<http://ja.dbpedia.org/property/隣接自治体>	"隣接自治体"@ja	<http://ja.wikipedia.org/wiki/長柄町>	<http://wikidata.dbpedia.org/resource/Q1203545>
<http://ja.dbpedia.org/resource/長柄町>	"長柄町"@ja	<http://dbpedia.org/ontology/Location>	<http://ja.dbpedia.org/property/east>	"East"@ja	<http://ja.wikipedia.org/wiki/長柄町>	<http://wikidata.dbpedia.org/resource/Q1203545>
<http://ja.dbpedia.org/resource/長柄町>	"長柄町"@ja	<http://dbpedia.org/ontology/Settlement>	<http://ja.dbpedia.org/property/east>	"East"@ja	<http://ja.wikipedia.org/wiki/長柄町>	<http://wikidata.dbpedia.org/resource/Q1203545>
<http://ja.dbpedia.org/resource/長柄町>	"長柄町"@ja	<http://dbpedia.org/ontology/Settlement>	<http://ja.dbpedia.org/property/隣接自治体>	"隣接自治体"@ja	<http://ja.wikipedia.org/wiki/長柄町>	<http://wikidata.dbpedia.org/resource/Q1203545>
<http://ja.dbpedia.org/resource/長柄町>	"長柄町"@ja	<http://dbpedia.org/ontology/City>	<http://ja.dbpedia.org/property/east>	"East"@ja	<http://ja.wikipedia.org/wiki/長柄町>	<http://wikidata.dbpedia.org/resource/Q1203545>
<http://ja.dbpedia.org/resource/長柄町>	"長柄町"@ja	<http://dbpedia.org/ontology/PopulatedPlace>	<http://ja.dbpedia.org/property/隣接自治体>	"隣接自治体"@ja	<http://ja.wikipedia.org/wiki/長柄町>	<http://wikidata.dbpedia.org/resource/Q1203545>
<http://ja.dbpedia.org/resource/長柄町>	"長柄町"@ja	<http://dbpedia.org/ontology/Place>	<http://ja.dbpedia.org/property/east>	"East"@ja	<http://ja.wikipedia.org/wiki/長柄町>	<http://wikidata.dbpedia.org/resource/Q1203545>
<http://ja.dbpedia.org/resource/長柄町>	"長柄町"@ja	<http://dbpedia.org/ontology/Location>	<http://ja.dbpedia.org/property/隣接自治体>	"隣接自治体"@ja	<http://ja.wikipedia.org/wiki/長柄町>	<http://wikidata.dbpedia.org/resource/Q1203545>
