?s	?sLabel	?type	?p	?pLabel	?jwiki	?wd
<http://ja.dbpedia.org/resource/ソメイヨシノ>	"ソメイヨシノ"@ja	<http://dbpedia.org/ontology/Species>	<http://ja.dbpedia.org/property/花>	"花"@ja	<http://ja.wikipedia.org/wiki/ソメイヨシノ>	<http://wikidata.dbpedia.org/resource/Q163078>
<http://ja.dbpedia.org/resource/九十九里町>	"九十九里町"@ja	<http://dbpedia.org/ontology/Place>	<http://ja.dbpedia.org/property/隣接自治体>	"隣接自治体"@ja	<http://ja.wikipedia.org/wiki/九十九里町>	<http://wikidata.dbpedia.org/resource/Q1202775>
<http://ja.dbpedia.org/resource/九十九里町>	"九十九里町"@ja	<http://dbpedia.org/ontology/PopulatedPlace>	<http://ja.dbpedia.org/property/southeast>	"Southeast"@ja	<http://ja.wikipedia.org/wiki/九十九里町>	<http://wikidata.dbpedia.org/resource/Q1202775>
<http://ja.dbpedia.org/resource/九十九里町>	"九十九里町"@ja	<http://dbpedia.org/ontology/City>	<http://ja.dbpedia.org/property/隣接自治体>	"隣接自治体"@ja	<http://ja.wikipedia.org/wiki/九十九里町>	<http://wikidata.dbpedia.org/resource/Q1202775>
<http://ja.dbpedia.org/resource/九十九里町>	"九十九里町"@ja	<http://dbpedia.org/ontology/Settlement>	<http://ja.dbpedia.org/property/southeast>	"Southeast"@ja	<http://ja.wikipedia.org/wiki/九十九里町>	<http://wikidata.dbpedia.org/resource/Q1202775>
<http://ja.dbpedia.org/resource/九十九里町>	"九十九里町"@ja	<http://dbpedia.org/ontology/Location>	<http://ja.dbpedia.org/property/southeast>	"Southeast"@ja	<http://ja.wikipedia.org/wiki/九十九里町>	<http://wikidata.dbpedia.org/resource/Q1202775>
<http://ja.dbpedia.org/resource/九十九里町>	"九十九里町"@ja	<http://dbpedia.org/ontology/PopulatedPlace>	<http://ja.dbpedia.org/property/隣接自治体>	"隣接自治体"@ja	<http://ja.wikipedia.org/wiki/九十九里町>	<http://wikidata.dbpedia.org/resource/Q1202775>
<http://ja.dbpedia.org/resource/九十九里町>	"九十九里町"@ja	<http://dbpedia.org/ontology/City>	<http://ja.dbpedia.org/property/southeast>	"Southeast"@ja	<http://ja.wikipedia.org/wiki/九十九里町>	<http://wikidata.dbpedia.org/resource/Q1202775>
<http://ja.dbpedia.org/resource/九十九里町>	"九十九里町"@ja	<http://dbpedia.org/ontology/Settlement>	<http://ja.dbpedia.org/property/隣接自治体>	"隣接自治体"@ja	<http://ja.wikipedia.org/wiki/九十九里町>	<http://wikidata.dbpedia.org/resource/Q1202775>
<http://ja.dbpedia.org/resource/九十九里町>	"九十九里町"@ja	<http://dbpedia.org/ontology/Location>	<http://ja.dbpedia.org/property/隣接自治体>	"隣接自治体"@ja	<http://ja.wikipedia.org/wiki/九十九里町>	<http://wikidata.dbpedia.org/resource/Q1202775>
<http://ja.dbpedia.org/resource/九十九里町>	"九十九里町"@ja	<http://dbpedia.org/ontology/Place>	<http://ja.dbpedia.org/property/southeast>	"Southeast"@ja	<http://ja.wikipedia.org/wiki/九十九里町>	<http://wikidata.dbpedia.org/resource/Q1202775>
<http://ja.dbpedia.org/resource/八街市>	"八街市"@ja	<http://dbpedia.org/ontology/City>	<http://ja.dbpedia.org/property/northwest>	"Northwest"@ja	<http://ja.wikipedia.org/wiki/八街市>	<http://wikidata.dbpedia.org/resource/Q638296>
<http://ja.dbpedia.org/resource/八街市>	"八街市"@ja	<http://dbpedia.org/ontology/Settlement>	<http://ja.dbpedia.org/property/隣接自治体>	"隣接自治体"@ja	<http://ja.wikipedia.org/wiki/八街市>	<http://wikidata.dbpedia.org/resource/Q638296>
<http://ja.dbpedia.org/resource/八街市>	"八街市"@ja	<http://dbpedia.org/ontology/PopulatedPlace>	<http://ja.dbpedia.org/property/隣接自治体>	"隣接自治体"@ja	<http://ja.wikipedia.org/wiki/八街市>	<http://wikidata.dbpedia.org/resource/Q638296>
<http://ja.dbpedia.org/resource/八街市>	"八街市"@ja	<http://dbpedia.org/ontology/Place>	<http://ja.dbpedia.org/property/northwest>	"Northwest"@ja	<http://ja.wikipedia.org/wiki/八街市>	<http://wikidata.dbpedia.org/resource/Q638296>
<http://ja.dbpedia.org/resource/八街市>	"八街市"@ja	<http://dbpedia.org/ontology/Location>	<http://ja.dbpedia.org/property/隣接自治体>	"隣接自治体"@ja	<http://ja.wikipedia.org/wiki/八街市>	<http://wikidata.dbpedia.org/resource/Q638296>
<http://ja.dbpedia.org/resource/八街市>	"八街市"@ja	<http://dbpedia.org/ontology/PopulatedPlace>	<http://ja.dbpedia.org/property/northwest>	"Northwest"@ja	<http://ja.wikipedia.org/wiki/八街市>	<http://wikidata.dbpedia.org/resource/Q638296>
<http://ja.dbpedia.org/resource/八街市>	"八街市"@ja	<http://dbpedia.org/ontology/City>	<http://ja.dbpedia.org/property/隣接自治体>	"隣接自治体"@ja	<http://ja.wikipedia.org/wiki/八街市>	<http://wikidata.dbpedia.org/resource/Q638296>
<http://ja.dbpedia.org/resource/八街市>	"八街市"@ja	<http://dbpedia.org/ontology/Settlement>	<http://ja.dbpedia.org/property/northwest>	"Northwest"@ja	<http://ja.wikipedia.org/wiki/八街市>	<http://wikidata.dbpedia.org/resource/Q638296>
<http://ja.dbpedia.org/resource/八街市>	"八街市"@ja	<http://dbpedia.org/ontology/Location>	<http://ja.dbpedia.org/property/northwest>	"Northwest"@ja	<http://ja.wikipedia.org/wiki/八街市>	<http://wikidata.dbpedia.org/resource/Q638296>
<http://ja.dbpedia.org/resource/八街市>	"八街市"@ja	<http://dbpedia.org/ontology/Place>	<http://ja.dbpedia.org/property/隣接自治体>	"隣接自治体"@ja	<http://ja.wikipedia.org/wiki/八街市>	<http://wikidata.dbpedia.org/resource/Q638296>
<http://ja.dbpedia.org/resource/千葉市>	"千葉市"@ja	<http://dbpedia.org/ontology/City>	<http://ja.dbpedia.org/property/west>	"West"@ja	<http://ja.wikipedia.org/wiki/千葉市>	<http://wikidata.dbpedia.org/resource/Q170616>
<http://ja.dbpedia.org/resource/千葉市>	"千葉市"@ja	<http://dbpedia.org/ontology/Settlement>	<http://ja.dbpedia.org/property/隣接自治体>	"隣接自治体"@ja	<http://ja.wikipedia.org/wiki/千葉市>	<http://wikidata.dbpedia.org/resource/Q170616>
<http://ja.dbpedia.org/resource/千葉市>	"千葉市"@ja	<http://dbpedia.org/ontology/PopulatedPlace>	<http://ja.dbpedia.org/property/隣接自治体>	"隣接自治体"@ja	<http://ja.wikipedia.org/wiki/千葉市>	<http://wikidata.dbpedia.org/resource/Q170616>
<http://ja.dbpedia.org/resource/千葉市>	"千葉市"@ja	<http://dbpedia.org/ontology/Place>	<http://ja.dbpedia.org/property/west>	"West"@ja	<http://ja.wikipedia.org/wiki/千葉市>	<http://wikidata.dbpedia.org/resource/Q170616>
<http://ja.dbpedia.org/resource/千葉市>	"千葉市"@ja	<http://dbpedia.org/ontology/Location>	<http://ja.dbpedia.org/property/隣接自治体>	"隣接自治体"@ja	<http://ja.wikipedia.org/wiki/千葉市>	<http://wikidata.dbpedia.org/resource/Q170616>
<http://ja.dbpedia.org/resource/千葉市>	"千葉市"@ja	<http://dbpedia.org/ontology/Location>	<http://ja.dbpedia.org/property/west>	"West"@ja	<http://ja.wikipedia.org/wiki/千葉市>	<http://wikidata.dbpedia.org/resource/Q170616>
<http://ja.dbpedia.org/resource/千葉市>	"千葉市"@ja	<http://dbpedia.org/ontology/Place>	<http://ja.dbpedia.org/property/隣接自治体>	"隣接自治体"@ja	<http://ja.wikipedia.org/wiki/千葉市>	<http://wikidata.dbpedia.org/resource/Q170616>
<http://ja.dbpedia.org/resource/千葉市>	"千葉市"@ja	<http://dbpedia.org/ontology/Settlement>	<http://ja.dbpedia.org/property/west>	"West"@ja	<http://ja.wikipedia.org/wiki/千葉市>	<http://wikidata.dbpedia.org/resource/Q170616>
<http://ja.dbpedia.org/resource/千葉市>	"千葉市"@ja	<http://dbpedia.org/ontology/PopulatedPlace>	<http://ja.dbpedia.org/property/west>	"West"@ja	<http://ja.wikipedia.org/wiki/千葉市>	<http://wikidata.dbpedia.org/resource/Q170616>
<http://ja.dbpedia.org/resource/千葉市>	"千葉市"@ja	<http://dbpedia.org/ontology/City>	<http://ja.dbpedia.org/property/隣接自治体>	"隣接自治体"@ja	<http://ja.wikipedia.org/wiki/千葉市>	<http://wikidata.dbpedia.org/resource/Q170616>
<http://ja.dbpedia.org/resource/大網白里市>	"大網白里市"@ja	<http://dbpedia.org/ontology/Place>	<http://ja.dbpedia.org/property/隣接自治体>	"隣接自治体"@ja	<http://ja.wikipedia.org/wiki/大網白里市>	<http://wikidata.dbpedia.org/resource/Q1203251>
<http://ja.dbpedia.org/resource/大網白里市>	"大網白里市"@ja	<http://dbpedia.org/ontology/PopulatedPlace>	<http://ja.dbpedia.org/property/south>	"South"@ja	<http://ja.wikipedia.org/wiki/大網白里市>	<http://wikidata.dbpedia.org/resource/Q1203251>
<http://ja.dbpedia.org/resource/大網白里市>	"大網白里市"@ja	<http://dbpedia.org/ontology/Location>	<http://ja.dbpedia.org/property/south>	"South"@ja	<http://ja.wikipedia.org/wiki/大網白里市>	<http://wikidata.dbpedia.org/resource/Q1203251>
<http://ja.dbpedia.org/resource/大網白里市>	"大網白里市"@ja	<http://dbpedia.org/ontology/City>	<http://ja.dbpedia.org/property/隣接自治体>	"隣接自治体"@ja	<http://ja.wikipedia.org/wiki/大網白里市>	<http://wikidata.dbpedia.org/resource/Q1203251>
<http://ja.dbpedia.org/resource/大網白里市>	"大網白里市"@ja	<http://dbpedia.org/ontology/Settlement>	<http://ja.dbpedia.org/property/south>	"South"@ja	<http://ja.wikipedia.org/wiki/大網白里市>	<http://wikidata.dbpedia.org/resource/Q1203251>
<http://ja.dbpedia.org/resource/大網白里市>	"大網白里市"@ja	<http://dbpedia.org/ontology/Settlement>	<http://ja.dbpedia.org/property/隣接自治体>	"隣接自治体"@ja	<http://ja.wikipedia.org/wiki/大網白里市>	<http://wikidata.dbpedia.org/resource/Q1203251>
<http://ja.dbpedia.org/resource/大網白里市>	"大網白里市"@ja	<http://dbpedia.org/ontology/City>	<http://ja.dbpedia.org/property/south>	"South"@ja	<http://ja.wikipedia.org/wiki/大網白里市>	<http://wikidata.dbpedia.org/resource/Q1203251>
<http://ja.dbpedia.org/resource/大網白里市>	"大網白里市"@ja	<http://dbpedia.org/ontology/PopulatedPlace>	<http://ja.dbpedia.org/property/隣接自治体>	"隣接自治体"@ja	<http://ja.wikipedia.org/wiki/大網白里市>	<http://wikidata.dbpedia.org/resource/Q1203251>
<http://ja.dbpedia.org/resource/大網白里市>	"大網白里市"@ja	<http://dbpedia.org/ontology/Place>	<http://ja.dbpedia.org/property/south>	"South"@ja	<http://ja.wikipedia.org/wiki/大網白里市>	<http://wikidata.dbpedia.org/resource/Q1203251>
<http://ja.dbpedia.org/resource/大網白里市>	"大網白里市"@ja	<http://dbpedia.org/ontology/Location>	<http://ja.dbpedia.org/property/隣接自治体>	"隣接自治体"@ja	<http://ja.wikipedia.org/wiki/大網白里市>	<http://wikidata.dbpedia.org/resource/Q1203251>
<http://ja.dbpedia.org/resource/山武市>	"山武市"@ja	<http://dbpedia.org/ontology/City>	<http://ja.dbpedia.org/property/隣接自治体>	"隣接自治体"@ja	<http://ja.wikipedia.org/wiki/山武市>	<http://wikidata.dbpedia.org/resource/Q873528>
<http://ja.dbpedia.org/resource/山武市>	"山武市"@ja	<http://dbpedia.org/ontology/PopulatedPlace>	<http://ja.dbpedia.org/property/north>	"North"@ja	<http://ja.wikipedia.org/wiki/山武市>	<http://wikidata.dbpedia.org/resource/Q873528>
<http://ja.dbpedia.org/resource/山武市>	"山武市"@ja	<http://dbpedia.org/ontology/Place>	<http://ja.dbpedia.org/property/隣接自治体>	"隣接自治体"@ja	<http://ja.wikipedia.org/wiki/山武市>	<http://wikidata.dbpedia.org/resource/Q873528>
<http://ja.dbpedia.org/resource/山武市>	"山武市"@ja	<http://dbpedia.org/ontology/Settlement>	<http://ja.dbpedia.org/property/north>	"North"@ja	<http://ja.wikipedia.org/wiki/山武市>	<http://wikidata.dbpedia.org/resource/Q873528>
<http://ja.dbpedia.org/resource/山武市>	"山武市"@ja	<http://dbpedia.org/ontology/Location>	<http://ja.dbpedia.org/property/north>	"North"@ja	<http://ja.wikipedia.org/wiki/山武市>	<http://wikidata.dbpedia.org/resource/Q873528>
<http://ja.dbpedia.org/resource/山武市>	"山武市"@ja	<http://dbpedia.org/ontology/Location>	<http://ja.dbpedia.org/property/隣接自治体>	"隣接自治体"@ja	<http://ja.wikipedia.org/wiki/山武市>	<http://wikidata.dbpedia.org/resource/Q873528>
<http://ja.dbpedia.org/resource/山武市>	"山武市"@ja	<http://dbpedia.org/ontology/Place>	<http://ja.dbpedia.org/property/north>	"North"@ja	<http://ja.wikipedia.org/wiki/山武市>	<http://wikidata.dbpedia.org/resource/Q873528>
<http://ja.dbpedia.org/resource/山武市>	"山武市"@ja	<http://dbpedia.org/ontology/PopulatedPlace>	<http://ja.dbpedia.org/property/隣接自治体>	"隣接自治体"@ja	<http://ja.wikipedia.org/wiki/山武市>	<http://wikidata.dbpedia.org/resource/Q873528>
<http://ja.dbpedia.org/resource/山武市>	"山武市"@ja	<http://dbpedia.org/ontology/City>	<http://ja.dbpedia.org/property/north>	"North"@ja	<http://ja.wikipedia.org/wiki/山武市>	<http://wikidata.dbpedia.org/resource/Q873528>
<http://ja.dbpedia.org/resource/山武市>	"山武市"@ja	<http://dbpedia.org/ontology/Settlement>	<http://ja.dbpedia.org/property/隣接自治体>	"隣接自治体"@ja	<http://ja.wikipedia.org/wiki/山武市>	<http://wikidata.dbpedia.org/resource/Q873528>
