?s	?sLabel	?type	?p	?pLabel	?jwiki	?wd
<http://ja.dbpedia.org/resource/いすみ市>	"いすみ市"@ja	<http://dbpedia.org/ontology/City>	<http://ja.dbpedia.org/property/隣接自治体>	"隣接自治体"@ja	<http://ja.wikipedia.org/wiki/いすみ市>	<http://wikidata.dbpedia.org/resource/Q840834>
<http://ja.dbpedia.org/resource/いすみ市>	"いすみ市"@ja	<http://dbpedia.org/ontology/Settlement>	<http://ja.dbpedia.org/property/隣接自治体>	"隣接自治体"@ja	<http://ja.wikipedia.org/wiki/いすみ市>	<http://wikidata.dbpedia.org/resource/Q840834>
<http://ja.dbpedia.org/resource/いすみ市>	"いすみ市"@ja	<http://dbpedia.org/ontology/Place>	<http://ja.dbpedia.org/property/隣接自治体>	"隣接自治体"@ja	<http://ja.wikipedia.org/wiki/いすみ市>	<http://wikidata.dbpedia.org/resource/Q840834>
<http://ja.dbpedia.org/resource/いすみ市>	"いすみ市"@ja	<http://dbpedia.org/ontology/PopulatedPlace>	<http://ja.dbpedia.org/property/隣接自治体>	"隣接自治体"@ja	<http://ja.wikipedia.org/wiki/いすみ市>	<http://wikidata.dbpedia.org/resource/Q840834>
<http://ja.dbpedia.org/resource/いすみ市>	"いすみ市"@ja	<http://dbpedia.org/ontology/Location>	<http://ja.dbpedia.org/property/隣接自治体>	"隣接自治体"@ja	<http://ja.wikipedia.org/wiki/いすみ市>	<http://wikidata.dbpedia.org/resource/Q840834>
<http://ja.dbpedia.org/resource/アジサイ>	"アジサイ"@ja	<http://dbpedia.org/ontology/Species>	<http://ja.dbpedia.org/property/木>	"木"@ja	<http://ja.wikipedia.org/wiki/アジサイ>	<http://wikidata.dbpedia.org/resource/Q159219>
<http://ja.dbpedia.org/resource/大多喜町>	"大多喜町"@ja	<http://dbpedia.org/ontology/City>	<http://ja.dbpedia.org/property/隣接自治体>	"隣接自治体"@ja	<http://ja.wikipedia.org/wiki/大多喜町>	<http://wikidata.dbpedia.org/resource/Q1346191>
<http://ja.dbpedia.org/resource/大多喜町>	"大多喜町"@ja	<http://dbpedia.org/ontology/PopulatedPlace>	<http://ja.dbpedia.org/property/隣接自治体>	"隣接自治体"@ja	<http://ja.wikipedia.org/wiki/大多喜町>	<http://wikidata.dbpedia.org/resource/Q1346191>
<http://ja.dbpedia.org/resource/大多喜町>	"大多喜町"@ja	<http://dbpedia.org/ontology/Place>	<http://ja.dbpedia.org/property/隣接自治体>	"隣接自治体"@ja	<http://ja.wikipedia.org/wiki/大多喜町>	<http://wikidata.dbpedia.org/resource/Q1346191>
<http://ja.dbpedia.org/resource/大多喜町>	"大多喜町"@ja	<http://dbpedia.org/ontology/Location>	<http://ja.dbpedia.org/property/隣接自治体>	"隣接自治体"@ja	<http://ja.wikipedia.org/wiki/大多喜町>	<http://wikidata.dbpedia.org/resource/Q1346191>
<http://ja.dbpedia.org/resource/大多喜町>	"大多喜町"@ja	<http://dbpedia.org/ontology/Settlement>	<http://ja.dbpedia.org/property/隣接自治体>	"隣接自治体"@ja	<http://ja.wikipedia.org/wiki/大多喜町>	<http://wikidata.dbpedia.org/resource/Q1346191>
<http://ja.dbpedia.org/resource/御宿町>	"御宿町"@ja	<http://dbpedia.org/ontology/Location>	<http://ja.dbpedia.org/property/隣接自治体>	"隣接自治体"@ja	<http://ja.wikipedia.org/wiki/御宿町>	<http://wikidata.dbpedia.org/resource/Q648466>
<http://ja.dbpedia.org/resource/御宿町>	"御宿町"@ja	<http://dbpedia.org/ontology/Settlement>	<http://ja.dbpedia.org/property/隣接自治体>	"隣接自治体"@ja	<http://ja.wikipedia.org/wiki/御宿町>	<http://wikidata.dbpedia.org/resource/Q648466>
<http://ja.dbpedia.org/resource/御宿町>	"御宿町"@ja	<http://dbpedia.org/ontology/Place>	<http://ja.dbpedia.org/property/隣接自治体>	"隣接自治体"@ja	<http://ja.wikipedia.org/wiki/御宿町>	<http://wikidata.dbpedia.org/resource/Q648466>
<http://ja.dbpedia.org/resource/御宿町>	"御宿町"@ja	<http://dbpedia.org/ontology/City>	<http://ja.dbpedia.org/property/隣接自治体>	"隣接自治体"@ja	<http://ja.wikipedia.org/wiki/御宿町>	<http://wikidata.dbpedia.org/resource/Q648466>
<http://ja.dbpedia.org/resource/御宿町>	"御宿町"@ja	<http://dbpedia.org/ontology/PopulatedPlace>	<http://ja.dbpedia.org/property/隣接自治体>	"隣接自治体"@ja	<http://ja.wikipedia.org/wiki/御宿町>	<http://wikidata.dbpedia.org/resource/Q648466>
<http://ja.dbpedia.org/resource/鴨川市>	"鴨川市"@ja	<http://dbpedia.org/ontology/Settlement>	<http://ja.dbpedia.org/property/隣接自治体>	"隣接自治体"@ja	<http://ja.wikipedia.org/wiki/鴨川市>	<http://wikidata.dbpedia.org/resource/Q387211>
<http://ja.dbpedia.org/resource/鴨川市>	"鴨川市"@ja	<http://dbpedia.org/ontology/Place>	<http://ja.dbpedia.org/property/隣接自治体>	"隣接自治体"@ja	<http://ja.wikipedia.org/wiki/鴨川市>	<http://wikidata.dbpedia.org/resource/Q387211>
<http://ja.dbpedia.org/resource/鴨川市>	"鴨川市"@ja	<http://dbpedia.org/ontology/City>	<http://ja.dbpedia.org/property/隣接自治体>	"隣接自治体"@ja	<http://ja.wikipedia.org/wiki/鴨川市>	<http://wikidata.dbpedia.org/resource/Q387211>
<http://ja.dbpedia.org/resource/鴨川市>	"鴨川市"@ja	<http://dbpedia.org/ontology/PopulatedPlace>	<http://ja.dbpedia.org/property/隣接自治体>	"隣接自治体"@ja	<http://ja.wikipedia.org/wiki/鴨川市>	<http://wikidata.dbpedia.org/resource/Q387211>
<http://ja.dbpedia.org/resource/鴨川市>	"鴨川市"@ja	<http://dbpedia.org/ontology/Location>	<http://ja.dbpedia.org/property/隣接自治体>	"隣接自治体"@ja	<http://ja.wikipedia.org/wiki/鴨川市>	<http://wikidata.dbpedia.org/resource/Q387211>
