?s	?sLabel	?type	?p	?pLabel	?jwiki	?wd
<http://ja.dbpedia.org/resource/上川総合振興局>	"上川総合振興局"@ja	<http://dbpedia.org/ontology/Settlement>	<http://ja.dbpedia.org/property/支庁>	"支庁"@ja	<http://ja.wikipedia.org/wiki/上川総合振興局>	<http://wikidata.dbpedia.org/resource/Q1152333>
<http://ja.dbpedia.org/resource/上川総合振興局>	"上川総合振興局"@ja	<http://dbpedia.org/ontology/PopulatedPlace>	<http://ja.dbpedia.org/property/支庁>	"支庁"@ja	<http://ja.wikipedia.org/wiki/上川総合振興局>	<http://wikidata.dbpedia.org/resource/Q1152333>
<http://ja.dbpedia.org/resource/上川総合振興局>	"上川総合振興局"@ja	<http://dbpedia.org/ontology/Place>	<http://ja.dbpedia.org/property/支庁>	"支庁"@ja	<http://ja.wikipedia.org/wiki/上川総合振興局>	<http://wikidata.dbpedia.org/resource/Q1152333>
<http://ja.dbpedia.org/resource/上川総合振興局>	"上川総合振興局"@ja	<http://dbpedia.org/ontology/Location>	<http://ja.dbpedia.org/property/支庁>	"支庁"@ja	<http://ja.wikipedia.org/wiki/上川総合振興局>	<http://wikidata.dbpedia.org/resource/Q1152333>
<http://ja.dbpedia.org/resource/下川町>	"下川町"@ja	<http://dbpedia.org/ontology/City>	<http://ja.dbpedia.org/property/隣接自治体>	"隣接自治体"@ja	<http://ja.wikipedia.org/wiki/下川町>	<http://wikidata.dbpedia.org/resource/Q2364809>
<http://ja.dbpedia.org/resource/下川町>	"下川町"@ja	<http://dbpedia.org/ontology/Settlement>	<http://ja.dbpedia.org/property/隣接自治体>	"隣接自治体"@ja	<http://ja.wikipedia.org/wiki/下川町>	<http://wikidata.dbpedia.org/resource/Q2364809>
<http://ja.dbpedia.org/resource/下川町>	"下川町"@ja	<http://dbpedia.org/ontology/Place>	<http://ja.dbpedia.org/property/隣接自治体>	"隣接自治体"@ja	<http://ja.wikipedia.org/wiki/下川町>	<http://wikidata.dbpedia.org/resource/Q2364809>
<http://ja.dbpedia.org/resource/下川町>	"下川町"@ja	<http://dbpedia.org/ontology/PopulatedPlace>	<http://ja.dbpedia.org/property/隣接自治体>	"隣接自治体"@ja	<http://ja.wikipedia.org/wiki/下川町>	<http://wikidata.dbpedia.org/resource/Q2364809>
<http://ja.dbpedia.org/resource/下川町>	"下川町"@ja	<http://dbpedia.org/ontology/Location>	<http://ja.dbpedia.org/property/隣接自治体>	"隣接自治体"@ja	<http://ja.wikipedia.org/wiki/下川町>	<http://wikidata.dbpedia.org/resource/Q2364809>
<http://ja.dbpedia.org/resource/名寄ピヤシリスキー場>	"名寄ピヤシリスキー場"@ja	<http://dbpedia.org/ontology/SportFacility>	<http://ja.dbpedia.org/property/画像の説明>	"画像の説明"@ja	<http://ja.wikipedia.org/wiki/名寄ピヤシリスキー場>	<http://wikidata.dbpedia.org/resource/Q11415366>
<http://ja.dbpedia.org/resource/名寄ピヤシリスキー場>	"名寄ピヤシリスキー場"@ja	<http://dbpedia.org/ontology/ArchitecturalStructure>	<http://ja.dbpedia.org/property/画像の説明>	"画像の説明"@ja	<http://ja.wikipedia.org/wiki/名寄ピヤシリスキー場>	<http://wikidata.dbpedia.org/resource/Q11415366>
<http://ja.dbpedia.org/resource/名寄ピヤシリスキー場>	"名寄ピヤシリスキー場"@ja	<http://dbpedia.org/ontology/SkiArea>	<http://ja.dbpedia.org/property/画像の説明>	"画像の説明"@ja	<http://ja.wikipedia.org/wiki/名寄ピヤシリスキー場>	<http://wikidata.dbpedia.org/resource/Q11415366>
<http://ja.dbpedia.org/resource/美深町>	"美深町"@ja	<http://dbpedia.org/ontology/Location>	<http://ja.dbpedia.org/property/隣接自治体>	"隣接自治体"@ja	<http://ja.wikipedia.org/wiki/美深町>	<http://wikidata.dbpedia.org/resource/Q1210495>
<http://ja.dbpedia.org/resource/美深町>	"美深町"@ja	<http://dbpedia.org/ontology/Place>	<http://ja.dbpedia.org/property/隣接自治体>	"隣接自治体"@ja	<http://ja.wikipedia.org/wiki/美深町>	<http://wikidata.dbpedia.org/resource/Q1210495>
<http://ja.dbpedia.org/resource/美深町>	"美深町"@ja	<http://dbpedia.org/ontology/PopulatedPlace>	<http://ja.dbpedia.org/property/隣接自治体>	"隣接自治体"@ja	<http://ja.wikipedia.org/wiki/美深町>	<http://wikidata.dbpedia.org/resource/Q1210495>
<http://ja.dbpedia.org/resource/美深町>	"美深町"@ja	<http://dbpedia.org/ontology/City>	<http://ja.dbpedia.org/property/隣接自治体>	"隣接自治体"@ja	<http://ja.wikipedia.org/wiki/美深町>	<http://wikidata.dbpedia.org/resource/Q1210495>
<http://ja.dbpedia.org/resource/美深町>	"美深町"@ja	<http://dbpedia.org/ontology/Settlement>	<http://ja.dbpedia.org/property/隣接自治体>	"隣接自治体"@ja	<http://ja.wikipedia.org/wiki/美深町>	<http://wikidata.dbpedia.org/resource/Q1210495>
