?s	?sLabel	?type	?p	?pLabel	?jwiki	?wd
<http://ja.dbpedia.org/resource/キキョウ>	"キキョウ"@ja	<http://dbpedia.org/ontology/Eukaryote>	<http://ja.dbpedia.org/property/花>	"花"@ja	<http://ja.wikipedia.org/wiki/キキョウ>	<http://wikidata.dbpedia.org/resource/Q805322>
<http://ja.dbpedia.org/resource/キキョウ>	"キキョウ"@ja	<http://dbpedia.org/ontology/Species>	<http://ja.dbpedia.org/property/花>	"花"@ja	<http://ja.wikipedia.org/wiki/キキョウ>	<http://wikidata.dbpedia.org/resource/Q805322>
<http://ja.dbpedia.org/resource/キキョウ>	"キキョウ"@ja	<http://dbpedia.org/ontology/Plant>	<http://ja.dbpedia.org/property/花>	"花"@ja	<http://ja.wikipedia.org/wiki/キキョウ>	<http://wikidata.dbpedia.org/resource/Q805322>
<http://ja.dbpedia.org/resource/ナシ>	"ナシ"@ja	<http://dbpedia.org/ontology/Species>	<http://ja.dbpedia.org/property/花>	"花"@ja	<http://ja.wikipedia.org/wiki/ナシ>	<http://wikidata.dbpedia.org/resource/Q56886361>
<http://ja.dbpedia.org/resource/モクセイ>	"モクセイ"@ja	<http://dbpedia.org/ontology/Species>	<http://ja.dbpedia.org/property/木>	"木"@ja	<http://ja.wikipedia.org/wiki/モクセイ>	<http://wikidata.dbpedia.org/resource/Q1209922>
<http://ja.dbpedia.org/resource/市川市>	"市川市"@ja	<http://dbpedia.org/ontology/Place>	<http://ja.dbpedia.org/property/southwest>	"Southwest"@ja	<http://ja.wikipedia.org/wiki/市川市>	<http://wikidata.dbpedia.org/resource/Q209785>
<http://ja.dbpedia.org/resource/市川市>	"市川市"@ja	<http://dbpedia.org/ontology/PopulatedPlace>	<http://ja.dbpedia.org/property/隣接自治体>	"隣接自治体"@ja	<http://ja.wikipedia.org/wiki/市川市>	<http://wikidata.dbpedia.org/resource/Q209785>
<http://ja.dbpedia.org/resource/市川市>	"市川市"@ja	<http://dbpedia.org/ontology/City>	<http://ja.dbpedia.org/property/southwest>	"Southwest"@ja	<http://ja.wikipedia.org/wiki/市川市>	<http://wikidata.dbpedia.org/resource/Q209785>
<http://ja.dbpedia.org/resource/市川市>	"市川市"@ja	<http://dbpedia.org/ontology/Settlement>	<http://ja.dbpedia.org/property/隣接自治体>	"隣接自治体"@ja	<http://ja.wikipedia.org/wiki/市川市>	<http://wikidata.dbpedia.org/resource/Q209785>
<http://ja.dbpedia.org/resource/市川市>	"市川市"@ja	<http://dbpedia.org/ontology/Location>	<http://ja.dbpedia.org/property/隣接自治体>	"隣接自治体"@ja	<http://ja.wikipedia.org/wiki/市川市>	<http://wikidata.dbpedia.org/resource/Q209785>
<http://ja.dbpedia.org/resource/市川市>	"市川市"@ja	<http://dbpedia.org/ontology/Location>	<http://ja.dbpedia.org/property/southwest>	"Southwest"@ja	<http://ja.wikipedia.org/wiki/市川市>	<http://wikidata.dbpedia.org/resource/Q209785>
<http://ja.dbpedia.org/resource/市川市>	"市川市"@ja	<http://dbpedia.org/ontology/Place>	<http://ja.dbpedia.org/property/隣接自治体>	"隣接自治体"@ja	<http://ja.wikipedia.org/wiki/市川市>	<http://wikidata.dbpedia.org/resource/Q209785>
<http://ja.dbpedia.org/resource/市川市>	"市川市"@ja	<http://dbpedia.org/ontology/Settlement>	<http://ja.dbpedia.org/property/southwest>	"Southwest"@ja	<http://ja.wikipedia.org/wiki/市川市>	<http://wikidata.dbpedia.org/resource/Q209785>
<http://ja.dbpedia.org/resource/市川市>	"市川市"@ja	<http://dbpedia.org/ontology/PopulatedPlace>	<http://ja.dbpedia.org/property/southwest>	"Southwest"@ja	<http://ja.wikipedia.org/wiki/市川市>	<http://wikidata.dbpedia.org/resource/Q209785>
<http://ja.dbpedia.org/resource/市川市>	"市川市"@ja	<http://dbpedia.org/ontology/City>	<http://ja.dbpedia.org/property/隣接自治体>	"隣接自治体"@ja	<http://ja.wikipedia.org/wiki/市川市>	<http://wikidata.dbpedia.org/resource/Q209785>
<http://ja.dbpedia.org/resource/松戸市>	"松戸市"@ja	<http://dbpedia.org/ontology/Place>	<http://ja.dbpedia.org/property/northwest>	"Northwest"@ja	<http://ja.wikipedia.org/wiki/松戸市>	<http://wikidata.dbpedia.org/resource/Q320943>
<http://ja.dbpedia.org/resource/松戸市>	"松戸市"@ja	<http://dbpedia.org/ontology/PopulatedPlace>	<http://ja.dbpedia.org/property/隣接自治体>	"隣接自治体"@ja	<http://ja.wikipedia.org/wiki/松戸市>	<http://wikidata.dbpedia.org/resource/Q320943>
<http://ja.dbpedia.org/resource/松戸市>	"松戸市"@ja	<http://dbpedia.org/ontology/Location>	<http://ja.dbpedia.org/property/隣接自治体>	"隣接自治体"@ja	<http://ja.wikipedia.org/wiki/松戸市>	<http://wikidata.dbpedia.org/resource/Q320943>
<http://ja.dbpedia.org/resource/松戸市>	"松戸市"@ja	<http://dbpedia.org/ontology/City>	<http://ja.dbpedia.org/property/northwest>	"Northwest"@ja	<http://ja.wikipedia.org/wiki/松戸市>	<http://wikidata.dbpedia.org/resource/Q320943>
<http://ja.dbpedia.org/resource/松戸市>	"松戸市"@ja	<http://dbpedia.org/ontology/Settlement>	<http://ja.dbpedia.org/property/隣接自治体>	"隣接自治体"@ja	<http://ja.wikipedia.org/wiki/松戸市>	<http://wikidata.dbpedia.org/resource/Q320943>
<http://ja.dbpedia.org/resource/松戸市>	"松戸市"@ja	<http://dbpedia.org/ontology/Settlement>	<http://ja.dbpedia.org/property/northwest>	"Northwest"@ja	<http://ja.wikipedia.org/wiki/松戸市>	<http://wikidata.dbpedia.org/resource/Q320943>
<http://ja.dbpedia.org/resource/松戸市>	"松戸市"@ja	<http://dbpedia.org/ontology/City>	<http://ja.dbpedia.org/property/隣接自治体>	"隣接自治体"@ja	<http://ja.wikipedia.org/wiki/松戸市>	<http://wikidata.dbpedia.org/resource/Q320943>
<http://ja.dbpedia.org/resource/松戸市>	"松戸市"@ja	<http://dbpedia.org/ontology/PopulatedPlace>	<http://ja.dbpedia.org/property/northwest>	"Northwest"@ja	<http://ja.wikipedia.org/wiki/松戸市>	<http://wikidata.dbpedia.org/resource/Q320943>
<http://ja.dbpedia.org/resource/松戸市>	"松戸市"@ja	<http://dbpedia.org/ontology/Place>	<http://ja.dbpedia.org/property/隣接自治体>	"隣接自治体"@ja	<http://ja.wikipedia.org/wiki/松戸市>	<http://wikidata.dbpedia.org/resource/Q320943>
<http://ja.dbpedia.org/resource/松戸市>	"松戸市"@ja	<http://dbpedia.org/ontology/Location>	<http://ja.dbpedia.org/property/northwest>	"Northwest"@ja	<http://ja.wikipedia.org/wiki/松戸市>	<http://wikidata.dbpedia.org/resource/Q320943>
<http://ja.dbpedia.org/resource/柏市>	"柏市"@ja	<http://dbpedia.org/ontology/Settlement>	<http://ja.dbpedia.org/property/north>	"North"@ja	<http://ja.wikipedia.org/wiki/柏市>	<http://wikidata.dbpedia.org/resource/Q319743>
<http://ja.dbpedia.org/resource/柏市>	"柏市"@ja	<http://dbpedia.org/ontology/City>	<http://ja.dbpedia.org/property/隣接自治体>	"隣接自治体"@ja	<http://ja.wikipedia.org/wiki/柏市>	<http://wikidata.dbpedia.org/resource/Q319743>
<http://ja.dbpedia.org/resource/柏市>	"柏市"@ja	<http://dbpedia.org/ontology/PopulatedPlace>	<http://ja.dbpedia.org/property/north>	"North"@ja	<http://ja.wikipedia.org/wiki/柏市>	<http://wikidata.dbpedia.org/resource/Q319743>
<http://ja.dbpedia.org/resource/柏市>	"柏市"@ja	<http://dbpedia.org/ontology/Place>	<http://ja.dbpedia.org/property/隣接自治体>	"隣接自治体"@ja	<http://ja.wikipedia.org/wiki/柏市>	<http://wikidata.dbpedia.org/resource/Q319743>
<http://ja.dbpedia.org/resource/柏市>	"柏市"@ja	<http://dbpedia.org/ontology/Location>	<http://ja.dbpedia.org/property/north>	"North"@ja	<http://ja.wikipedia.org/wiki/柏市>	<http://wikidata.dbpedia.org/resource/Q319743>
<http://ja.dbpedia.org/resource/柏市>	"柏市"@ja	<http://dbpedia.org/ontology/Location>	<http://ja.dbpedia.org/property/隣接自治体>	"隣接自治体"@ja	<http://ja.wikipedia.org/wiki/柏市>	<http://wikidata.dbpedia.org/resource/Q319743>
<http://ja.dbpedia.org/resource/柏市>	"柏市"@ja	<http://dbpedia.org/ontology/Place>	<http://ja.dbpedia.org/property/north>	"North"@ja	<http://ja.wikipedia.org/wiki/柏市>	<http://wikidata.dbpedia.org/resource/Q319743>
<http://ja.dbpedia.org/resource/柏市>	"柏市"@ja	<http://dbpedia.org/ontology/Settlement>	<http://ja.dbpedia.org/property/隣接自治体>	"隣接自治体"@ja	<http://ja.wikipedia.org/wiki/柏市>	<http://wikidata.dbpedia.org/resource/Q319743>
<http://ja.dbpedia.org/resource/柏市>	"柏市"@ja	<http://dbpedia.org/ontology/PopulatedPlace>	<http://ja.dbpedia.org/property/隣接自治体>	"隣接自治体"@ja	<http://ja.wikipedia.org/wiki/柏市>	<http://wikidata.dbpedia.org/resource/Q319743>
<http://ja.dbpedia.org/resource/柏市>	"柏市"@ja	<http://dbpedia.org/ontology/City>	<http://ja.dbpedia.org/property/north>	"North"@ja	<http://ja.wikipedia.org/wiki/柏市>	<http://wikidata.dbpedia.org/resource/Q319743>
<http://ja.dbpedia.org/resource/白井市>	"白井市"@ja	<http://dbpedia.org/ontology/Place>	<http://ja.dbpedia.org/property/east>	"East"@ja	<http://ja.wikipedia.org/wiki/白井市>	<http://wikidata.dbpedia.org/resource/Q519187>
<http://ja.dbpedia.org/resource/白井市>	"白井市"@ja	<http://dbpedia.org/ontology/PopulatedPlace>	<http://ja.dbpedia.org/property/隣接自治体>	"隣接自治体"@ja	<http://ja.wikipedia.org/wiki/白井市>	<http://wikidata.dbpedia.org/resource/Q519187>
<http://ja.dbpedia.org/resource/白井市>	"白井市"@ja	<http://dbpedia.org/ontology/Location>	<http://ja.dbpedia.org/property/隣接自治体>	"隣接自治体"@ja	<http://ja.wikipedia.org/wiki/白井市>	<http://wikidata.dbpedia.org/resource/Q519187>
<http://ja.dbpedia.org/resource/白井市>	"白井市"@ja	<http://dbpedia.org/ontology/City>	<http://ja.dbpedia.org/property/east>	"East"@ja	<http://ja.wikipedia.org/wiki/白井市>	<http://wikidata.dbpedia.org/resource/Q519187>
<http://ja.dbpedia.org/resource/白井市>	"白井市"@ja	<http://dbpedia.org/ontology/Settlement>	<http://ja.dbpedia.org/property/隣接自治体>	"隣接自治体"@ja	<http://ja.wikipedia.org/wiki/白井市>	<http://wikidata.dbpedia.org/resource/Q519187>
<http://ja.dbpedia.org/resource/白井市>	"白井市"@ja	<http://dbpedia.org/ontology/Settlement>	<http://ja.dbpedia.org/property/east>	"East"@ja	<http://ja.wikipedia.org/wiki/白井市>	<http://wikidata.dbpedia.org/resource/Q519187>
<http://ja.dbpedia.org/resource/白井市>	"白井市"@ja	<http://dbpedia.org/ontology/City>	<http://ja.dbpedia.org/property/隣接自治体>	"隣接自治体"@ja	<http://ja.wikipedia.org/wiki/白井市>	<http://wikidata.dbpedia.org/resource/Q519187>
<http://ja.dbpedia.org/resource/白井市>	"白井市"@ja	<http://dbpedia.org/ontology/PopulatedPlace>	<http://ja.dbpedia.org/property/east>	"East"@ja	<http://ja.wikipedia.org/wiki/白井市>	<http://wikidata.dbpedia.org/resource/Q519187>
<http://ja.dbpedia.org/resource/白井市>	"白井市"@ja	<http://dbpedia.org/ontology/Place>	<http://ja.dbpedia.org/property/隣接自治体>	"隣接自治体"@ja	<http://ja.wikipedia.org/wiki/白井市>	<http://wikidata.dbpedia.org/resource/Q519187>
<http://ja.dbpedia.org/resource/白井市>	"白井市"@ja	<http://dbpedia.org/ontology/Location>	<http://ja.dbpedia.org/property/east>	"East"@ja	<http://ja.wikipedia.org/wiki/白井市>	<http://wikidata.dbpedia.org/resource/Q519187>
<http://ja.dbpedia.org/resource/船橋市>	"船橋市"@ja	<http://dbpedia.org/ontology/City>	<http://ja.dbpedia.org/property/隣接自治体>	"隣接自治体"@ja	<http://ja.wikipedia.org/wiki/船橋市>	<http://wikidata.dbpedia.org/resource/Q271417>
<http://ja.dbpedia.org/resource/船橋市>	"船橋市"@ja	<http://dbpedia.org/ontology/PopulatedPlace>	<http://ja.dbpedia.org/property/south>	"South"@ja	<http://ja.wikipedia.org/wiki/船橋市>	<http://wikidata.dbpedia.org/resource/Q271417>
<http://ja.dbpedia.org/resource/船橋市>	"船橋市"@ja	<http://dbpedia.org/ontology/Place>	<http://ja.dbpedia.org/property/隣接自治体>	"隣接自治体"@ja	<http://ja.wikipedia.org/wiki/船橋市>	<http://wikidata.dbpedia.org/resource/Q271417>
<http://ja.dbpedia.org/resource/船橋市>	"船橋市"@ja	<http://dbpedia.org/ontology/Settlement>	<http://ja.dbpedia.org/property/south>	"South"@ja	<http://ja.wikipedia.org/wiki/船橋市>	<http://wikidata.dbpedia.org/resource/Q271417>
<http://ja.dbpedia.org/resource/船橋市>	"船橋市"@ja	<http://dbpedia.org/ontology/Location>	<http://ja.dbpedia.org/property/south>	"South"@ja	<http://ja.wikipedia.org/wiki/船橋市>	<http://wikidata.dbpedia.org/resource/Q271417>
<http://ja.dbpedia.org/resource/船橋市>	"船橋市"@ja	<http://dbpedia.org/ontology/Location>	<http://ja.dbpedia.org/property/隣接自治体>	"隣接自治体"@ja	<http://ja.wikipedia.org/wiki/船橋市>	<http://wikidata.dbpedia.org/resource/Q271417>
<http://ja.dbpedia.org/resource/船橋市>	"船橋市"@ja	<http://dbpedia.org/ontology/Place>	<http://ja.dbpedia.org/property/south>	"South"@ja	<http://ja.wikipedia.org/wiki/船橋市>	<http://wikidata.dbpedia.org/resource/Q271417>
<http://ja.dbpedia.org/resource/船橋市>	"船橋市"@ja	<http://dbpedia.org/ontology/PopulatedPlace>	<http://ja.dbpedia.org/property/隣接自治体>	"隣接自治体"@ja	<http://ja.wikipedia.org/wiki/船橋市>	<http://wikidata.dbpedia.org/resource/Q271417>
<http://ja.dbpedia.org/resource/船橋市>	"船橋市"@ja	<http://dbpedia.org/ontology/City>	<http://ja.dbpedia.org/property/south>	"South"@ja	<http://ja.wikipedia.org/wiki/船橋市>	<http://wikidata.dbpedia.org/resource/Q271417>
<http://ja.dbpedia.org/resource/船橋市>	"船橋市"@ja	<http://dbpedia.org/ontology/Settlement>	<http://ja.dbpedia.org/property/隣接自治体>	"隣接自治体"@ja	<http://ja.wikipedia.org/wiki/船橋市>	<http://wikidata.dbpedia.org/resource/Q271417>
