?s	?sLabel	?type	?p	?pLabel	?jwiki	?wd
<http://ja.dbpedia.org/resource/アンモナイト>	"アンモナイト"@ja	<http://dbpedia.org/ontology/Animal>	<http://ja.dbpedia.org/property/画像の説明>	"画像の説明"@ja	<http://ja.wikipedia.org/wiki/アンモナイト>	<http://wikidata.dbpedia.org/resource/Q228002>
<http://ja.dbpedia.org/resource/アンモナイト>	"アンモナイト"@ja	<http://dbpedia.org/ontology/Species>	<http://ja.dbpedia.org/property/画像の説明>	"画像の説明"@ja	<http://ja.wikipedia.org/wiki/アンモナイト>	<http://wikidata.dbpedia.org/resource/Q228002>
<http://ja.dbpedia.org/resource/アンモナイト>	"アンモナイト"@ja	<http://dbpedia.org/ontology/Eukaryote>	<http://ja.dbpedia.org/property/画像の説明>	"画像の説明"@ja	<http://ja.wikipedia.org/wiki/アンモナイト>	<http://wikidata.dbpedia.org/resource/Q228002>
<http://ja.dbpedia.org/resource/キク>	"キク"@ja	<http://dbpedia.org/ontology/Species>	<http://ja.dbpedia.org/property/花>	"花"@ja	<http://ja.wikipedia.org/wiki/キク>	<http://wikidata.dbpedia.org/resource/Q15530181>
<http://ja.dbpedia.org/resource/ナナカマド>	"ナナカマド"@ja	<http://dbpedia.org/ontology/Species>	<http://ja.dbpedia.org/property/木>	"木"@ja	<http://ja.wikipedia.org/wiki/ナナカマド>	<http://wikidata.dbpedia.org/resource/Q1210209>
<http://ja.dbpedia.org/resource/ハクセキレイ>	"ハクセキレイ"@ja	<http://dbpedia.org/ontology/Species>	<http://ja.dbpedia.org/property/鳥など>	"鳥など"@ja	<http://ja.wikipedia.org/wiki/ハクセキレイ>	<http://wikidata.dbpedia.org/resource/Q2897097>
<http://ja.dbpedia.org/resource/三笠市立博物館>	"三笠市立博物館"@ja	<http://dbpedia.org/ontology/ArchitecturalStructure>	<http://ja.dbpedia.org/property/画像の説明>	"画像の説明"@ja	<http://ja.wikipedia.org/wiki/三笠市立博物館>	<http://wikidata.dbpedia.org/resource/Q11356913>
<http://ja.dbpedia.org/resource/三笠市立博物館>	"三笠市立博物館"@ja	<http://dbpedia.org/ontology/Building>	<http://ja.dbpedia.org/property/画像の説明>	"画像の説明"@ja	<http://ja.wikipedia.org/wiki/三笠市立博物館>	<http://wikidata.dbpedia.org/resource/Q11356913>
<http://ja.dbpedia.org/resource/三笠市立博物館>	"三笠市立博物館"@ja	<http://dbpedia.org/ontology/Museum>	<http://ja.dbpedia.org/property/画像の説明>	"画像の説明"@ja	<http://ja.wikipedia.org/wiki/三笠市立博物館>	<http://wikidata.dbpedia.org/resource/Q11356913>
<http://ja.dbpedia.org/resource/夕張市>	"夕張市"@ja	<http://dbpedia.org/ontology/City>	<http://ja.dbpedia.org/property/隣接自治体>	"隣接自治体"@ja	<http://ja.wikipedia.org/wiki/夕張市>	<http://wikidata.dbpedia.org/resource/Q637145>
<http://ja.dbpedia.org/resource/夕張市>	"夕張市"@ja	<http://dbpedia.org/ontology/PopulatedPlace>	<http://ja.dbpedia.org/property/隣接自治体>	"隣接自治体"@ja	<http://ja.wikipedia.org/wiki/夕張市>	<http://wikidata.dbpedia.org/resource/Q637145>
<http://ja.dbpedia.org/resource/夕張市>	"夕張市"@ja	<http://dbpedia.org/ontology/Location>	<http://ja.dbpedia.org/property/隣接自治体>	"隣接自治体"@ja	<http://ja.wikipedia.org/wiki/夕張市>	<http://wikidata.dbpedia.org/resource/Q637145>
<http://ja.dbpedia.org/resource/夕張市>	"夕張市"@ja	<http://dbpedia.org/ontology/Settlement>	<http://ja.dbpedia.org/property/隣接自治体>	"隣接自治体"@ja	<http://ja.wikipedia.org/wiki/夕張市>	<http://wikidata.dbpedia.org/resource/Q637145>
<http://ja.dbpedia.org/resource/夕張市>	"夕張市"@ja	<http://dbpedia.org/ontology/Place>	<http://ja.dbpedia.org/property/隣接自治体>	"隣接自治体"@ja	<http://ja.wikipedia.org/wiki/夕張市>	<http://wikidata.dbpedia.org/resource/Q637145>
<http://ja.dbpedia.org/resource/岩見沢市>	"岩見沢市"@ja	<http://dbpedia.org/ontology/PopulatedPlace>	<http://ja.dbpedia.org/property/隣接自治体>	"隣接自治体"@ja	<http://ja.wikipedia.org/wiki/岩見沢市>	<http://wikidata.dbpedia.org/resource/Q693264>
<http://ja.dbpedia.org/resource/岩見沢市>	"岩見沢市"@ja	<http://dbpedia.org/ontology/Place>	<http://ja.dbpedia.org/property/隣接自治体>	"隣接自治体"@ja	<http://ja.wikipedia.org/wiki/岩見沢市>	<http://wikidata.dbpedia.org/resource/Q693264>
<http://ja.dbpedia.org/resource/岩見沢市>	"岩見沢市"@ja	<http://dbpedia.org/ontology/City>	<http://ja.dbpedia.org/property/隣接自治体>	"隣接自治体"@ja	<http://ja.wikipedia.org/wiki/岩見沢市>	<http://wikidata.dbpedia.org/resource/Q693264>
<http://ja.dbpedia.org/resource/岩見沢市>	"岩見沢市"@ja	<http://dbpedia.org/ontology/Location>	<http://ja.dbpedia.org/property/隣接自治体>	"隣接自治体"@ja	<http://ja.wikipedia.org/wiki/岩見沢市>	<http://wikidata.dbpedia.org/resource/Q693264>
<http://ja.dbpedia.org/resource/岩見沢市>	"岩見沢市"@ja	<http://dbpedia.org/ontology/Settlement>	<http://ja.dbpedia.org/property/隣接自治体>	"隣接自治体"@ja	<http://ja.wikipedia.org/wiki/岩見沢市>	<http://wikidata.dbpedia.org/resource/Q693264>
<http://ja.dbpedia.org/resource/美唄市>	"美唄市"@ja	<http://dbpedia.org/ontology/Location>	<http://ja.dbpedia.org/property/隣接自治体>	"隣接自治体"@ja	<http://ja.wikipedia.org/wiki/美唄市>	<http://wikidata.dbpedia.org/resource/Q817271>
<http://ja.dbpedia.org/resource/美唄市>	"美唄市"@ja	<http://dbpedia.org/ontology/Settlement>	<http://ja.dbpedia.org/property/隣接自治体>	"隣接自治体"@ja	<http://ja.wikipedia.org/wiki/美唄市>	<http://wikidata.dbpedia.org/resource/Q817271>
<http://ja.dbpedia.org/resource/美唄市>	"美唄市"@ja	<http://dbpedia.org/ontology/Place>	<http://ja.dbpedia.org/property/隣接自治体>	"隣接自治体"@ja	<http://ja.wikipedia.org/wiki/美唄市>	<http://wikidata.dbpedia.org/resource/Q817271>
<http://ja.dbpedia.org/resource/美唄市>	"美唄市"@ja	<http://dbpedia.org/ontology/City>	<http://ja.dbpedia.org/property/隣接自治体>	"隣接自治体"@ja	<http://ja.wikipedia.org/wiki/美唄市>	<http://wikidata.dbpedia.org/resource/Q817271>
<http://ja.dbpedia.org/resource/美唄市>	"美唄市"@ja	<http://dbpedia.org/ontology/PopulatedPlace>	<http://ja.dbpedia.org/property/隣接自治体>	"隣接自治体"@ja	<http://ja.wikipedia.org/wiki/美唄市>	<http://wikidata.dbpedia.org/resource/Q817271>
<http://ja.dbpedia.org/resource/芦別市>	"芦別市"@ja	<http://dbpedia.org/ontology/Settlement>	<http://ja.dbpedia.org/property/隣接自治体>	"隣接自治体"@ja	<http://ja.wikipedia.org/wiki/芦別市>	<http://wikidata.dbpedia.org/resource/Q725311>
<http://ja.dbpedia.org/resource/芦別市>	"芦別市"@ja	<http://dbpedia.org/ontology/Place>	<http://ja.dbpedia.org/property/隣接自治体>	"隣接自治体"@ja	<http://ja.wikipedia.org/wiki/芦別市>	<http://wikidata.dbpedia.org/resource/Q725311>
<http://ja.dbpedia.org/resource/芦別市>	"芦別市"@ja	<http://dbpedia.org/ontology/City>	<http://ja.dbpedia.org/property/隣接自治体>	"隣接自治体"@ja	<http://ja.wikipedia.org/wiki/芦別市>	<http://wikidata.dbpedia.org/resource/Q725311>
<http://ja.dbpedia.org/resource/芦別市>	"芦別市"@ja	<http://dbpedia.org/ontology/PopulatedPlace>	<http://ja.dbpedia.org/property/隣接自治体>	"隣接自治体"@ja	<http://ja.wikipedia.org/wiki/芦別市>	<http://wikidata.dbpedia.org/resource/Q725311>
<http://ja.dbpedia.org/resource/芦別市>	"芦別市"@ja	<http://dbpedia.org/ontology/Location>	<http://ja.dbpedia.org/property/隣接自治体>	"隣接自治体"@ja	<http://ja.wikipedia.org/wiki/芦別市>	<http://wikidata.dbpedia.org/resource/Q725311>
