?s	?sLabel	?type	?p	?pLabel	?jwiki	?wd
<http://ja.dbpedia.org/resource/オオバン>	"オオバン"@ja	<http://dbpedia.org/ontology/Species>	<http://ja.dbpedia.org/property/鳥など>	"鳥など"@ja	<http://ja.wikipedia.org/wiki/オオバン>	<http://wikidata.dbpedia.org/resource/Q25376>
<http://ja.dbpedia.org/resource/ケヤキ>	"ケヤキ"@ja	<http://dbpedia.org/ontology/Species>	<http://ja.dbpedia.org/property/木>	"木"@ja	<http://ja.wikipedia.org/wiki/ケヤキ>	<http://wikidata.dbpedia.org/resource/Q920344>
<http://ja.dbpedia.org/resource/ツツジ>	"ツツジ"@ja	<http://dbpedia.org/ontology/Species>	<http://ja.dbpedia.org/property/花>	"花"@ja	<http://ja.wikipedia.org/wiki/ツツジ>	<http://wikidata.dbpedia.org/resource/Q189393>
<http://ja.dbpedia.org/resource/印西市>	"印西市"@ja	<http://dbpedia.org/ontology/City>	<http://ja.dbpedia.org/property/southeast>	"Southeast"@ja	<http://ja.wikipedia.org/wiki/印西市>	<http://wikidata.dbpedia.org/resource/Q637901>
<http://ja.dbpedia.org/resource/印西市>	"印西市"@ja	<http://dbpedia.org/ontology/City>	<http://ja.dbpedia.org/property/隣接自治体>	"隣接自治体"@ja	<http://ja.wikipedia.org/wiki/印西市>	<http://wikidata.dbpedia.org/resource/Q637901>
<http://ja.dbpedia.org/resource/印西市>	"印西市"@ja	<http://dbpedia.org/ontology/Location>	<http://ja.dbpedia.org/property/隣接自治体>	"隣接自治体"@ja	<http://ja.wikipedia.org/wiki/印西市>	<http://wikidata.dbpedia.org/resource/Q637901>
<http://ja.dbpedia.org/resource/印西市>	"印西市"@ja	<http://dbpedia.org/ontology/Location>	<http://ja.dbpedia.org/property/southeast>	"Southeast"@ja	<http://ja.wikipedia.org/wiki/印西市>	<http://wikidata.dbpedia.org/resource/Q637901>
<http://ja.dbpedia.org/resource/印西市>	"印西市"@ja	<http://dbpedia.org/ontology/Place>	<http://ja.dbpedia.org/property/隣接自治体>	"隣接自治体"@ja	<http://ja.wikipedia.org/wiki/印西市>	<http://wikidata.dbpedia.org/resource/Q637901>
<http://ja.dbpedia.org/resource/印西市>	"印西市"@ja	<http://dbpedia.org/ontology/Settlement>	<http://ja.dbpedia.org/property/隣接自治体>	"隣接自治体"@ja	<http://ja.wikipedia.org/wiki/印西市>	<http://wikidata.dbpedia.org/resource/Q637901>
<http://ja.dbpedia.org/resource/印西市>	"印西市"@ja	<http://dbpedia.org/ontology/Settlement>	<http://ja.dbpedia.org/property/southeast>	"Southeast"@ja	<http://ja.wikipedia.org/wiki/印西市>	<http://wikidata.dbpedia.org/resource/Q637901>
<http://ja.dbpedia.org/resource/印西市>	"印西市"@ja	<http://dbpedia.org/ontology/Place>	<http://ja.dbpedia.org/property/southeast>	"Southeast"@ja	<http://ja.wikipedia.org/wiki/印西市>	<http://wikidata.dbpedia.org/resource/Q637901>
<http://ja.dbpedia.org/resource/印西市>	"印西市"@ja	<http://dbpedia.org/ontology/PopulatedPlace>	<http://ja.dbpedia.org/property/隣接自治体>	"隣接自治体"@ja	<http://ja.wikipedia.org/wiki/印西市>	<http://wikidata.dbpedia.org/resource/Q637901>
<http://ja.dbpedia.org/resource/印西市>	"印西市"@ja	<http://dbpedia.org/ontology/PopulatedPlace>	<http://ja.dbpedia.org/property/southeast>	"Southeast"@ja	<http://ja.wikipedia.org/wiki/印西市>	<http://wikidata.dbpedia.org/resource/Q637901>
<http://ja.dbpedia.org/resource/取手市>	"取手市"@ja	<http://dbpedia.org/ontology/City>	<http://ja.dbpedia.org/property/north>	"North"@ja	<http://ja.wikipedia.org/wiki/取手市>	<http://wikidata.dbpedia.org/resource/Q638312>
<http://ja.dbpedia.org/resource/取手市>	"取手市"@ja	<http://dbpedia.org/ontology/Location>	<http://ja.dbpedia.org/property/north>	"North"@ja	<http://ja.wikipedia.org/wiki/取手市>	<http://wikidata.dbpedia.org/resource/Q638312>
<http://ja.dbpedia.org/resource/取手市>	"取手市"@ja	<http://dbpedia.org/ontology/Settlement>	<http://ja.dbpedia.org/property/north>	"North"@ja	<http://ja.wikipedia.org/wiki/取手市>	<http://wikidata.dbpedia.org/resource/Q638312>
<http://ja.dbpedia.org/resource/取手市>	"取手市"@ja	<http://dbpedia.org/ontology/PopulatedPlace>	<http://ja.dbpedia.org/property/north>	"North"@ja	<http://ja.wikipedia.org/wiki/取手市>	<http://wikidata.dbpedia.org/resource/Q638312>
<http://ja.dbpedia.org/resource/取手市>	"取手市"@ja	<http://dbpedia.org/ontology/Place>	<http://ja.dbpedia.org/property/north>	"North"@ja	<http://ja.wikipedia.org/wiki/取手市>	<http://wikidata.dbpedia.org/resource/Q638312>
<http://ja.dbpedia.org/resource/柏市>	"柏市"@ja	<http://dbpedia.org/ontology/Location>	<http://ja.dbpedia.org/property/southwest>	"Southwest"@ja	<http://ja.wikipedia.org/wiki/柏市>	<http://wikidata.dbpedia.org/resource/Q319743>
<http://ja.dbpedia.org/resource/柏市>	"柏市"@ja	<http://dbpedia.org/ontology/PopulatedPlace>	<http://ja.dbpedia.org/property/隣接自治体>	"隣接自治体"@ja	<http://ja.wikipedia.org/wiki/柏市>	<http://wikidata.dbpedia.org/resource/Q319743>
<http://ja.dbpedia.org/resource/柏市>	"柏市"@ja	<http://dbpedia.org/ontology/Location>	<http://ja.dbpedia.org/property/隣接自治体>	"隣接自治体"@ja	<http://ja.wikipedia.org/wiki/柏市>	<http://wikidata.dbpedia.org/resource/Q319743>
<http://ja.dbpedia.org/resource/柏市>	"柏市"@ja	<http://dbpedia.org/ontology/City>	<http://ja.dbpedia.org/property/隣接自治体>	"隣接自治体"@ja	<http://ja.wikipedia.org/wiki/柏市>	<http://wikidata.dbpedia.org/resource/Q319743>
<http://ja.dbpedia.org/resource/柏市>	"柏市"@ja	<http://dbpedia.org/ontology/City>	<http://ja.dbpedia.org/property/southwest>	"Southwest"@ja	<http://ja.wikipedia.org/wiki/柏市>	<http://wikidata.dbpedia.org/resource/Q319743>
<http://ja.dbpedia.org/resource/柏市>	"柏市"@ja	<http://dbpedia.org/ontology/PopulatedPlace>	<http://ja.dbpedia.org/property/southwest>	"Southwest"@ja	<http://ja.wikipedia.org/wiki/柏市>	<http://wikidata.dbpedia.org/resource/Q319743>
<http://ja.dbpedia.org/resource/柏市>	"柏市"@ja	<http://dbpedia.org/ontology/Place>	<http://ja.dbpedia.org/property/southwest>	"Southwest"@ja	<http://ja.wikipedia.org/wiki/柏市>	<http://wikidata.dbpedia.org/resource/Q319743>
<http://ja.dbpedia.org/resource/柏市>	"柏市"@ja	<http://dbpedia.org/ontology/Place>	<http://ja.dbpedia.org/property/隣接自治体>	"隣接自治体"@ja	<http://ja.wikipedia.org/wiki/柏市>	<http://wikidata.dbpedia.org/resource/Q319743>
<http://ja.dbpedia.org/resource/柏市>	"柏市"@ja	<http://dbpedia.org/ontology/Settlement>	<http://ja.dbpedia.org/property/southwest>	"Southwest"@ja	<http://ja.wikipedia.org/wiki/柏市>	<http://wikidata.dbpedia.org/resource/Q319743>
<http://ja.dbpedia.org/resource/柏市>	"柏市"@ja	<http://dbpedia.org/ontology/Settlement>	<http://ja.dbpedia.org/property/隣接自治体>	"隣接自治体"@ja	<http://ja.wikipedia.org/wiki/柏市>	<http://wikidata.dbpedia.org/resource/Q319743>
<http://ja.dbpedia.org/resource/茨城県>	"茨城県"@ja	<http://dbpedia.org/ontology/AdministrativeRegion>	<http://ja.dbpedia.org/property/north>	"North"@ja	<http://ja.wikipedia.org/wiki/茨城県>	<http://wikidata.dbpedia.org/resource/Q83273>
<http://ja.dbpedia.org/resource/茨城県>	"茨城県"@ja	<http://dbpedia.org/ontology/Region>	<http://ja.dbpedia.org/property/north>	"North"@ja	<http://ja.wikipedia.org/wiki/茨城県>	<http://wikidata.dbpedia.org/resource/Q83273>
<http://ja.dbpedia.org/resource/茨城県>	"茨城県"@ja	<http://dbpedia.org/ontology/Location>	<http://ja.dbpedia.org/property/north>	"North"@ja	<http://ja.wikipedia.org/wiki/茨城県>	<http://wikidata.dbpedia.org/resource/Q83273>
<http://ja.dbpedia.org/resource/茨城県>	"茨城県"@ja	<http://dbpedia.org/ontology/Place>	<http://ja.dbpedia.org/property/north>	"North"@ja	<http://ja.wikipedia.org/wiki/茨城県>	<http://wikidata.dbpedia.org/resource/Q83273>
<http://ja.dbpedia.org/resource/茨城県>	"茨城県"@ja	<http://dbpedia.org/ontology/PopulatedPlace>	<http://ja.dbpedia.org/property/north>	"North"@ja	<http://ja.wikipedia.org/wiki/茨城県>	<http://wikidata.dbpedia.org/resource/Q83273>
