?s	?sLabel	?type	?p	?pLabel	?jwiki	?wd
<http://ja.dbpedia.org/resource/イチイ>	"イチイ"@ja	<http://dbpedia.org/ontology/Species>	<http://ja.dbpedia.org/property/木>	"木"@ja	<http://ja.wikipedia.org/wiki/イチイ>	<http://wikidata.dbpedia.org/resource/Q1144815>
<http://ja.dbpedia.org/resource/ミツバツツジ>	"ミツバツツジ"@ja	<http://dbpedia.org/ontology/Species>	<http://ja.dbpedia.org/property/花>	"花"@ja	<http://ja.wikipedia.org/wiki/ミツバツツジ>	<http://wikidata.dbpedia.org/resource/Q11342286>
<http://ja.dbpedia.org/resource/大多喜町>	"大多喜町"@ja	<http://dbpedia.org/ontology/PopulatedPlace>	<http://ja.dbpedia.org/property/southeast>	"Southeast"@ja	<http://ja.wikipedia.org/wiki/大多喜町>	<http://wikidata.dbpedia.org/resource/Q1346191>
<http://ja.dbpedia.org/resource/大多喜町>	"大多喜町"@ja	<http://dbpedia.org/ontology/City>	<http://ja.dbpedia.org/property/隣接自治体>	"隣接自治体"@ja	<http://ja.wikipedia.org/wiki/大多喜町>	<http://wikidata.dbpedia.org/resource/Q1346191>
<http://ja.dbpedia.org/resource/大多喜町>	"大多喜町"@ja	<http://dbpedia.org/ontology/Place>	<http://ja.dbpedia.org/property/隣接自治体>	"隣接自治体"@ja	<http://ja.wikipedia.org/wiki/大多喜町>	<http://wikidata.dbpedia.org/resource/Q1346191>
<http://ja.dbpedia.org/resource/大多喜町>	"大多喜町"@ja	<http://dbpedia.org/ontology/Settlement>	<http://ja.dbpedia.org/property/southeast>	"Southeast"@ja	<http://ja.wikipedia.org/wiki/大多喜町>	<http://wikidata.dbpedia.org/resource/Q1346191>
<http://ja.dbpedia.org/resource/大多喜町>	"大多喜町"@ja	<http://dbpedia.org/ontology/Location>	<http://ja.dbpedia.org/property/southeast>	"Southeast"@ja	<http://ja.wikipedia.org/wiki/大多喜町>	<http://wikidata.dbpedia.org/resource/Q1346191>
<http://ja.dbpedia.org/resource/大多喜町>	"大多喜町"@ja	<http://dbpedia.org/ontology/Location>	<http://ja.dbpedia.org/property/隣接自治体>	"隣接自治体"@ja	<http://ja.wikipedia.org/wiki/大多喜町>	<http://wikidata.dbpedia.org/resource/Q1346191>
<http://ja.dbpedia.org/resource/大多喜町>	"大多喜町"@ja	<http://dbpedia.org/ontology/Place>	<http://ja.dbpedia.org/property/southeast>	"Southeast"@ja	<http://ja.wikipedia.org/wiki/大多喜町>	<http://wikidata.dbpedia.org/resource/Q1346191>
<http://ja.dbpedia.org/resource/大多喜町>	"大多喜町"@ja	<http://dbpedia.org/ontology/PopulatedPlace>	<http://ja.dbpedia.org/property/隣接自治体>	"隣接自治体"@ja	<http://ja.wikipedia.org/wiki/大多喜町>	<http://wikidata.dbpedia.org/resource/Q1346191>
<http://ja.dbpedia.org/resource/大多喜町>	"大多喜町"@ja	<http://dbpedia.org/ontology/City>	<http://ja.dbpedia.org/property/southeast>	"Southeast"@ja	<http://ja.wikipedia.org/wiki/大多喜町>	<http://wikidata.dbpedia.org/resource/Q1346191>
<http://ja.dbpedia.org/resource/大多喜町>	"大多喜町"@ja	<http://dbpedia.org/ontology/Settlement>	<http://ja.dbpedia.org/property/隣接自治体>	"隣接自治体"@ja	<http://ja.wikipedia.org/wiki/大多喜町>	<http://wikidata.dbpedia.org/resource/Q1346191>
<http://ja.dbpedia.org/resource/富津市>	"富津市"@ja	<http://dbpedia.org/ontology/City>	<http://ja.dbpedia.org/property/隣接自治体>	"隣接自治体"@ja	<http://ja.wikipedia.org/wiki/富津市>	<http://wikidata.dbpedia.org/resource/Q498023>
<http://ja.dbpedia.org/resource/富津市>	"富津市"@ja	<http://dbpedia.org/ontology/PopulatedPlace>	<http://ja.dbpedia.org/property/west>	"West"@ja	<http://ja.wikipedia.org/wiki/富津市>	<http://wikidata.dbpedia.org/resource/Q498023>
<http://ja.dbpedia.org/resource/富津市>	"富津市"@ja	<http://dbpedia.org/ontology/Settlement>	<http://ja.dbpedia.org/property/west>	"West"@ja	<http://ja.wikipedia.org/wiki/富津市>	<http://wikidata.dbpedia.org/resource/Q498023>
<http://ja.dbpedia.org/resource/富津市>	"富津市"@ja	<http://dbpedia.org/ontology/Place>	<http://ja.dbpedia.org/property/隣接自治体>	"隣接自治体"@ja	<http://ja.wikipedia.org/wiki/富津市>	<http://wikidata.dbpedia.org/resource/Q498023>
<http://ja.dbpedia.org/resource/富津市>	"富津市"@ja	<http://dbpedia.org/ontology/Location>	<http://ja.dbpedia.org/property/west>	"West"@ja	<http://ja.wikipedia.org/wiki/富津市>	<http://wikidata.dbpedia.org/resource/Q498023>
<http://ja.dbpedia.org/resource/富津市>	"富津市"@ja	<http://dbpedia.org/ontology/Location>	<http://ja.dbpedia.org/property/隣接自治体>	"隣接自治体"@ja	<http://ja.wikipedia.org/wiki/富津市>	<http://wikidata.dbpedia.org/resource/Q498023>
<http://ja.dbpedia.org/resource/富津市>	"富津市"@ja	<http://dbpedia.org/ontology/Place>	<http://ja.dbpedia.org/property/west>	"West"@ja	<http://ja.wikipedia.org/wiki/富津市>	<http://wikidata.dbpedia.org/resource/Q498023>
<http://ja.dbpedia.org/resource/富津市>	"富津市"@ja	<http://dbpedia.org/ontology/PopulatedPlace>	<http://ja.dbpedia.org/property/隣接自治体>	"隣接自治体"@ja	<http://ja.wikipedia.org/wiki/富津市>	<http://wikidata.dbpedia.org/resource/Q498023>
<http://ja.dbpedia.org/resource/富津市>	"富津市"@ja	<http://dbpedia.org/ontology/City>	<http://ja.dbpedia.org/property/west>	"West"@ja	<http://ja.wikipedia.org/wiki/富津市>	<http://wikidata.dbpedia.org/resource/Q498023>
<http://ja.dbpedia.org/resource/富津市>	"富津市"@ja	<http://dbpedia.org/ontology/Settlement>	<http://ja.dbpedia.org/property/隣接自治体>	"隣接自治体"@ja	<http://ja.wikipedia.org/wiki/富津市>	<http://wikidata.dbpedia.org/resource/Q498023>
<http://ja.dbpedia.org/resource/市原市>	"市原市"@ja	<http://dbpedia.org/ontology/City>	<http://ja.dbpedia.org/property/east>	"East"@ja	<http://ja.wikipedia.org/wiki/市原市>	<http://wikidata.dbpedia.org/resource/Q207881>
<http://ja.dbpedia.org/resource/市原市>	"市原市"@ja	<http://dbpedia.org/ontology/PopulatedPlace>	<http://ja.dbpedia.org/property/隣接自治体>	"隣接自治体"@ja	<http://ja.wikipedia.org/wiki/市原市>	<http://wikidata.dbpedia.org/resource/Q207881>
<http://ja.dbpedia.org/resource/市原市>	"市原市"@ja	<http://dbpedia.org/ontology/Settlement>	<http://ja.dbpedia.org/property/隣接自治体>	"隣接自治体"@ja	<http://ja.wikipedia.org/wiki/市原市>	<http://wikidata.dbpedia.org/resource/Q207881>
<http://ja.dbpedia.org/resource/市原市>	"市原市"@ja	<http://dbpedia.org/ontology/Place>	<http://ja.dbpedia.org/property/east>	"East"@ja	<http://ja.wikipedia.org/wiki/市原市>	<http://wikidata.dbpedia.org/resource/Q207881>
<http://ja.dbpedia.org/resource/市原市>	"市原市"@ja	<http://dbpedia.org/ontology/Location>	<http://ja.dbpedia.org/property/隣接自治体>	"隣接自治体"@ja	<http://ja.wikipedia.org/wiki/市原市>	<http://wikidata.dbpedia.org/resource/Q207881>
<http://ja.dbpedia.org/resource/市原市>	"市原市"@ja	<http://dbpedia.org/ontology/Location>	<http://ja.dbpedia.org/property/east>	"East"@ja	<http://ja.wikipedia.org/wiki/市原市>	<http://wikidata.dbpedia.org/resource/Q207881>
<http://ja.dbpedia.org/resource/市原市>	"市原市"@ja	<http://dbpedia.org/ontology/Place>	<http://ja.dbpedia.org/property/隣接自治体>	"隣接自治体"@ja	<http://ja.wikipedia.org/wiki/市原市>	<http://wikidata.dbpedia.org/resource/Q207881>
<http://ja.dbpedia.org/resource/市原市>	"市原市"@ja	<http://dbpedia.org/ontology/PopulatedPlace>	<http://ja.dbpedia.org/property/east>	"East"@ja	<http://ja.wikipedia.org/wiki/市原市>	<http://wikidata.dbpedia.org/resource/Q207881>
<http://ja.dbpedia.org/resource/市原市>	"市原市"@ja	<http://dbpedia.org/ontology/City>	<http://ja.dbpedia.org/property/隣接自治体>	"隣接自治体"@ja	<http://ja.wikipedia.org/wiki/市原市>	<http://wikidata.dbpedia.org/resource/Q207881>
<http://ja.dbpedia.org/resource/市原市>	"市原市"@ja	<http://dbpedia.org/ontology/Settlement>	<http://ja.dbpedia.org/property/east>	"East"@ja	<http://ja.wikipedia.org/wiki/市原市>	<http://wikidata.dbpedia.org/resource/Q207881>
<http://ja.dbpedia.org/resource/木更津市>	"木更津市"@ja	<http://dbpedia.org/ontology/PopulatedPlace>	<http://ja.dbpedia.org/property/隣接自治体>	"隣接自治体"@ja	<http://ja.wikipedia.org/wiki/木更津市>	<http://wikidata.dbpedia.org/resource/Q335427>
<http://ja.dbpedia.org/resource/木更津市>	"木更津市"@ja	<http://dbpedia.org/ontology/Place>	<http://ja.dbpedia.org/property/north>	"North"@ja	<http://ja.wikipedia.org/wiki/木更津市>	<http://wikidata.dbpedia.org/resource/Q335427>
<http://ja.dbpedia.org/resource/木更津市>	"木更津市"@ja	<http://dbpedia.org/ontology/City>	<http://ja.dbpedia.org/property/north>	"North"@ja	<http://ja.wikipedia.org/wiki/木更津市>	<http://wikidata.dbpedia.org/resource/Q335427>
<http://ja.dbpedia.org/resource/木更津市>	"木更津市"@ja	<http://dbpedia.org/ontology/Location>	<http://ja.dbpedia.org/property/隣接自治体>	"隣接自治体"@ja	<http://ja.wikipedia.org/wiki/木更津市>	<http://wikidata.dbpedia.org/resource/Q335427>
<http://ja.dbpedia.org/resource/木更津市>	"木更津市"@ja	<http://dbpedia.org/ontology/Settlement>	<http://ja.dbpedia.org/property/隣接自治体>	"隣接自治体"@ja	<http://ja.wikipedia.org/wiki/木更津市>	<http://wikidata.dbpedia.org/resource/Q335427>
<http://ja.dbpedia.org/resource/木更津市>	"木更津市"@ja	<http://dbpedia.org/ontology/Settlement>	<http://ja.dbpedia.org/property/north>	"North"@ja	<http://ja.wikipedia.org/wiki/木更津市>	<http://wikidata.dbpedia.org/resource/Q335427>
<http://ja.dbpedia.org/resource/木更津市>	"木更津市"@ja	<http://dbpedia.org/ontology/City>	<http://ja.dbpedia.org/property/隣接自治体>	"隣接自治体"@ja	<http://ja.wikipedia.org/wiki/木更津市>	<http://wikidata.dbpedia.org/resource/Q335427>
<http://ja.dbpedia.org/resource/木更津市>	"木更津市"@ja	<http://dbpedia.org/ontology/PopulatedPlace>	<http://ja.dbpedia.org/property/north>	"North"@ja	<http://ja.wikipedia.org/wiki/木更津市>	<http://wikidata.dbpedia.org/resource/Q335427>
<http://ja.dbpedia.org/resource/木更津市>	"木更津市"@ja	<http://dbpedia.org/ontology/Place>	<http://ja.dbpedia.org/property/隣接自治体>	"隣接自治体"@ja	<http://ja.wikipedia.org/wiki/木更津市>	<http://wikidata.dbpedia.org/resource/Q335427>
<http://ja.dbpedia.org/resource/木更津市>	"木更津市"@ja	<http://dbpedia.org/ontology/Location>	<http://ja.dbpedia.org/property/north>	"North"@ja	<http://ja.wikipedia.org/wiki/木更津市>	<http://wikidata.dbpedia.org/resource/Q335427>
<http://ja.dbpedia.org/resource/鴨川市>	"鴨川市"@ja	<http://dbpedia.org/ontology/City>	<http://ja.dbpedia.org/property/south>	"South"@ja	<http://ja.wikipedia.org/wiki/鴨川市>	<http://wikidata.dbpedia.org/resource/Q387211>
<http://ja.dbpedia.org/resource/鴨川市>	"鴨川市"@ja	<http://dbpedia.org/ontology/PopulatedPlace>	<http://ja.dbpedia.org/property/隣接自治体>	"隣接自治体"@ja	<http://ja.wikipedia.org/wiki/鴨川市>	<http://wikidata.dbpedia.org/resource/Q387211>
<http://ja.dbpedia.org/resource/鴨川市>	"鴨川市"@ja	<http://dbpedia.org/ontology/Place>	<http://ja.dbpedia.org/property/south>	"South"@ja	<http://ja.wikipedia.org/wiki/鴨川市>	<http://wikidata.dbpedia.org/resource/Q387211>
<http://ja.dbpedia.org/resource/鴨川市>	"鴨川市"@ja	<http://dbpedia.org/ontology/Settlement>	<http://ja.dbpedia.org/property/隣接自治体>	"隣接自治体"@ja	<http://ja.wikipedia.org/wiki/鴨川市>	<http://wikidata.dbpedia.org/resource/Q387211>
<http://ja.dbpedia.org/resource/鴨川市>	"鴨川市"@ja	<http://dbpedia.org/ontology/Location>	<http://ja.dbpedia.org/property/隣接自治体>	"隣接自治体"@ja	<http://ja.wikipedia.org/wiki/鴨川市>	<http://wikidata.dbpedia.org/resource/Q387211>
<http://ja.dbpedia.org/resource/鴨川市>	"鴨川市"@ja	<http://dbpedia.org/ontology/Location>	<http://ja.dbpedia.org/property/south>	"South"@ja	<http://ja.wikipedia.org/wiki/鴨川市>	<http://wikidata.dbpedia.org/resource/Q387211>
<http://ja.dbpedia.org/resource/鴨川市>	"鴨川市"@ja	<http://dbpedia.org/ontology/Place>	<http://ja.dbpedia.org/property/隣接自治体>	"隣接自治体"@ja	<http://ja.wikipedia.org/wiki/鴨川市>	<http://wikidata.dbpedia.org/resource/Q387211>
<http://ja.dbpedia.org/resource/鴨川市>	"鴨川市"@ja	<http://dbpedia.org/ontology/PopulatedPlace>	<http://ja.dbpedia.org/property/south>	"South"@ja	<http://ja.wikipedia.org/wiki/鴨川市>	<http://wikidata.dbpedia.org/resource/Q387211>
<http://ja.dbpedia.org/resource/鴨川市>	"鴨川市"@ja	<http://dbpedia.org/ontology/City>	<http://ja.dbpedia.org/property/隣接自治体>	"隣接自治体"@ja	<http://ja.wikipedia.org/wiki/鴨川市>	<http://wikidata.dbpedia.org/resource/Q387211>
<http://ja.dbpedia.org/resource/鴨川市>	"鴨川市"@ja	<http://dbpedia.org/ontology/Settlement>	<http://ja.dbpedia.org/property/south>	"South"@ja	<http://ja.wikipedia.org/wiki/鴨川市>	<http://wikidata.dbpedia.org/resource/Q387211>
