?s	?sLabel	?type	?p	?pLabel	?jwiki	?wd
<http://ja.dbpedia.org/resource/マツ>	"マツ"@ja	<http://dbpedia.org/ontology/Species>	<http://ja.dbpedia.org/property/木>	"木"@ja	<http://ja.wikipedia.org/wiki/マツ>	<http://wikidata.dbpedia.org/resource/Q12024>
<http://ja.dbpedia.org/resource/勝浦市>	"勝浦市"@ja	<http://dbpedia.org/ontology/Location>	<http://ja.dbpedia.org/property/隣接自治体>	"隣接自治体"@ja	<http://ja.wikipedia.org/wiki/勝浦市>	<http://wikidata.dbpedia.org/resource/Q696418>
<http://ja.dbpedia.org/resource/勝浦市>	"勝浦市"@ja	<http://dbpedia.org/ontology/City>	<http://ja.dbpedia.org/property/隣接自治体>	"隣接自治体"@ja	<http://ja.wikipedia.org/wiki/勝浦市>	<http://wikidata.dbpedia.org/resource/Q696418>
<http://ja.dbpedia.org/resource/勝浦市>	"勝浦市"@ja	<http://dbpedia.org/ontology/PopulatedPlace>	<http://ja.dbpedia.org/property/隣接自治体>	"隣接自治体"@ja	<http://ja.wikipedia.org/wiki/勝浦市>	<http://wikidata.dbpedia.org/resource/Q696418>
<http://ja.dbpedia.org/resource/勝浦市>	"勝浦市"@ja	<http://dbpedia.org/ontology/Settlement>	<http://ja.dbpedia.org/property/隣接自治体>	"隣接自治体"@ja	<http://ja.wikipedia.org/wiki/勝浦市>	<http://wikidata.dbpedia.org/resource/Q696418>
<http://ja.dbpedia.org/resource/勝浦市>	"勝浦市"@ja	<http://dbpedia.org/ontology/Place>	<http://ja.dbpedia.org/property/隣接自治体>	"隣接自治体"@ja	<http://ja.wikipedia.org/wiki/勝浦市>	<http://wikidata.dbpedia.org/resource/Q696418>
<http://ja.dbpedia.org/resource/南房総市>	"南房総市"@ja	<http://dbpedia.org/ontology/City>	<http://ja.dbpedia.org/property/隣接自治体>	"隣接自治体"@ja	<http://ja.wikipedia.org/wiki/南房総市>	<http://wikidata.dbpedia.org/resource/Q873521>
<http://ja.dbpedia.org/resource/南房総市>	"南房総市"@ja	<http://dbpedia.org/ontology/PopulatedPlace>	<http://ja.dbpedia.org/property/隣接自治体>	"隣接自治体"@ja	<http://ja.wikipedia.org/wiki/南房総市>	<http://wikidata.dbpedia.org/resource/Q873521>
<http://ja.dbpedia.org/resource/南房総市>	"南房総市"@ja	<http://dbpedia.org/ontology/Place>	<http://ja.dbpedia.org/property/隣接自治体>	"隣接自治体"@ja	<http://ja.wikipedia.org/wiki/南房総市>	<http://wikidata.dbpedia.org/resource/Q873521>
<http://ja.dbpedia.org/resource/南房総市>	"南房総市"@ja	<http://dbpedia.org/ontology/Location>	<http://ja.dbpedia.org/property/隣接自治体>	"隣接自治体"@ja	<http://ja.wikipedia.org/wiki/南房総市>	<http://wikidata.dbpedia.org/resource/Q873521>
<http://ja.dbpedia.org/resource/南房総市>	"南房総市"@ja	<http://dbpedia.org/ontology/Settlement>	<http://ja.dbpedia.org/property/隣接自治体>	"隣接自治体"@ja	<http://ja.wikipedia.org/wiki/南房総市>	<http://wikidata.dbpedia.org/resource/Q873521>
<http://ja.dbpedia.org/resource/君津市>	"君津市"@ja	<http://dbpedia.org/ontology/Location>	<http://ja.dbpedia.org/property/隣接自治体>	"隣接自治体"@ja	<http://ja.wikipedia.org/wiki/君津市>	<http://wikidata.dbpedia.org/resource/Q637928>
<http://ja.dbpedia.org/resource/君津市>	"君津市"@ja	<http://dbpedia.org/ontology/City>	<http://ja.dbpedia.org/property/隣接自治体>	"隣接自治体"@ja	<http://ja.wikipedia.org/wiki/君津市>	<http://wikidata.dbpedia.org/resource/Q637928>
<http://ja.dbpedia.org/resource/君津市>	"君津市"@ja	<http://dbpedia.org/ontology/PopulatedPlace>	<http://ja.dbpedia.org/property/隣接自治体>	"隣接自治体"@ja	<http://ja.wikipedia.org/wiki/君津市>	<http://wikidata.dbpedia.org/resource/Q637928>
<http://ja.dbpedia.org/resource/君津市>	"君津市"@ja	<http://dbpedia.org/ontology/Settlement>	<http://ja.dbpedia.org/property/隣接自治体>	"隣接自治体"@ja	<http://ja.wikipedia.org/wiki/君津市>	<http://wikidata.dbpedia.org/resource/Q637928>
<http://ja.dbpedia.org/resource/君津市>	"君津市"@ja	<http://dbpedia.org/ontology/Place>	<http://ja.dbpedia.org/property/隣接自治体>	"隣接自治体"@ja	<http://ja.wikipedia.org/wiki/君津市>	<http://wikidata.dbpedia.org/resource/Q637928>
<http://ja.dbpedia.org/resource/大多喜町>	"大多喜町"@ja	<http://dbpedia.org/ontology/City>	<http://ja.dbpedia.org/property/隣接自治体>	"隣接自治体"@ja	<http://ja.wikipedia.org/wiki/大多喜町>	<http://wikidata.dbpedia.org/resource/Q1346191>
<http://ja.dbpedia.org/resource/大多喜町>	"大多喜町"@ja	<http://dbpedia.org/ontology/PopulatedPlace>	<http://ja.dbpedia.org/property/隣接自治体>	"隣接自治体"@ja	<http://ja.wikipedia.org/wiki/大多喜町>	<http://wikidata.dbpedia.org/resource/Q1346191>
<http://ja.dbpedia.org/resource/大多喜町>	"大多喜町"@ja	<http://dbpedia.org/ontology/Location>	<http://ja.dbpedia.org/property/隣接自治体>	"隣接自治体"@ja	<http://ja.wikipedia.org/wiki/大多喜町>	<http://wikidata.dbpedia.org/resource/Q1346191>
<http://ja.dbpedia.org/resource/大多喜町>	"大多喜町"@ja	<http://dbpedia.org/ontology/Settlement>	<http://ja.dbpedia.org/property/隣接自治体>	"隣接自治体"@ja	<http://ja.wikipedia.org/wiki/大多喜町>	<http://wikidata.dbpedia.org/resource/Q1346191>
<http://ja.dbpedia.org/resource/大多喜町>	"大多喜町"@ja	<http://dbpedia.org/ontology/Place>	<http://ja.dbpedia.org/property/隣接自治体>	"隣接自治体"@ja	<http://ja.wikipedia.org/wiki/大多喜町>	<http://wikidata.dbpedia.org/resource/Q1346191>
<http://ja.dbpedia.org/resource/富津市>	"富津市"@ja	<http://dbpedia.org/ontology/Settlement>	<http://ja.dbpedia.org/property/隣接自治体>	"隣接自治体"@ja	<http://ja.wikipedia.org/wiki/富津市>	<http://wikidata.dbpedia.org/resource/Q498023>
<http://ja.dbpedia.org/resource/富津市>	"富津市"@ja	<http://dbpedia.org/ontology/PopulatedPlace>	<http://ja.dbpedia.org/property/隣接自治体>	"隣接自治体"@ja	<http://ja.wikipedia.org/wiki/富津市>	<http://wikidata.dbpedia.org/resource/Q498023>
<http://ja.dbpedia.org/resource/富津市>	"富津市"@ja	<http://dbpedia.org/ontology/Place>	<http://ja.dbpedia.org/property/隣接自治体>	"隣接自治体"@ja	<http://ja.wikipedia.org/wiki/富津市>	<http://wikidata.dbpedia.org/resource/Q498023>
<http://ja.dbpedia.org/resource/富津市>	"富津市"@ja	<http://dbpedia.org/ontology/City>	<http://ja.dbpedia.org/property/隣接自治体>	"隣接自治体"@ja	<http://ja.wikipedia.org/wiki/富津市>	<http://wikidata.dbpedia.org/resource/Q498023>
<http://ja.dbpedia.org/resource/富津市>	"富津市"@ja	<http://dbpedia.org/ontology/Location>	<http://ja.dbpedia.org/property/隣接自治体>	"隣接自治体"@ja	<http://ja.wikipedia.org/wiki/富津市>	<http://wikidata.dbpedia.org/resource/Q498023>
<http://ja.dbpedia.org/resource/鋸南町>	"鋸南町"@ja	<http://dbpedia.org/ontology/Settlement>	<http://ja.dbpedia.org/property/隣接自治体>	"隣接自治体"@ja	<http://ja.wikipedia.org/wiki/鋸南町>	<http://wikidata.dbpedia.org/resource/Q1203580>
<http://ja.dbpedia.org/resource/鋸南町>	"鋸南町"@ja	<http://dbpedia.org/ontology/Place>	<http://ja.dbpedia.org/property/隣接自治体>	"隣接自治体"@ja	<http://ja.wikipedia.org/wiki/鋸南町>	<http://wikidata.dbpedia.org/resource/Q1203580>
<http://ja.dbpedia.org/resource/鋸南町>	"鋸南町"@ja	<http://dbpedia.org/ontology/City>	<http://ja.dbpedia.org/property/隣接自治体>	"隣接自治体"@ja	<http://ja.wikipedia.org/wiki/鋸南町>	<http://wikidata.dbpedia.org/resource/Q1203580>
<http://ja.dbpedia.org/resource/鋸南町>	"鋸南町"@ja	<http://dbpedia.org/ontology/PopulatedPlace>	<http://ja.dbpedia.org/property/隣接自治体>	"隣接自治体"@ja	<http://ja.wikipedia.org/wiki/鋸南町>	<http://wikidata.dbpedia.org/resource/Q1203580>
<http://ja.dbpedia.org/resource/鋸南町>	"鋸南町"@ja	<http://dbpedia.org/ontology/Location>	<http://ja.dbpedia.org/property/隣接自治体>	"隣接自治体"@ja	<http://ja.wikipedia.org/wiki/鋸南町>	<http://wikidata.dbpedia.org/resource/Q1203580>
