?s	?sLabel	?type	?p	?pLabel	?jwiki	?wd
<http://ja.dbpedia.org/resource/サルビア>	"サルビア"@ja	<http://dbpedia.org/ontology/Species>	<http://ja.dbpedia.org/property/花>	"花"@ja	<http://ja.wikipedia.org/wiki/サルビア>	<http://wikidata.dbpedia.org/resource/Q161080>
<http://ja.dbpedia.org/resource/ヤマザクラ>	"ヤマザクラ"@ja	<http://dbpedia.org/ontology/Plant>	<http://ja.dbpedia.org/property/木>	"木"@ja	<http://ja.wikipedia.org/wiki/ヤマザクラ>	<http://wikidata.dbpedia.org/resource/Q5721717>
<http://ja.dbpedia.org/resource/ヤマザクラ>	"ヤマザクラ"@ja	<http://dbpedia.org/ontology/Species>	<http://ja.dbpedia.org/property/木>	"木"@ja	<http://ja.wikipedia.org/wiki/ヤマザクラ>	<http://wikidata.dbpedia.org/resource/Q5721717>
<http://ja.dbpedia.org/resource/ヤマザクラ>	"ヤマザクラ"@ja	<http://dbpedia.org/ontology/Eukaryote>	<http://ja.dbpedia.org/property/木>	"木"@ja	<http://ja.wikipedia.org/wiki/ヤマザクラ>	<http://wikidata.dbpedia.org/resource/Q5721717>
<http://ja.dbpedia.org/resource/八街市>	"八街市"@ja	<http://dbpedia.org/ontology/City>	<http://ja.dbpedia.org/property/隣接自治体>	"隣接自治体"@ja	<http://ja.wikipedia.org/wiki/八街市>	<http://wikidata.dbpedia.org/resource/Q638296>
<http://ja.dbpedia.org/resource/八街市>	"八街市"@ja	<http://dbpedia.org/ontology/PopulatedPlace>	<http://ja.dbpedia.org/property/southwest>	"Southwest"@ja	<http://ja.wikipedia.org/wiki/八街市>	<http://wikidata.dbpedia.org/resource/Q638296>
<http://ja.dbpedia.org/resource/八街市>	"八街市"@ja	<http://dbpedia.org/ontology/Place>	<http://ja.dbpedia.org/property/隣接自治体>	"隣接自治体"@ja	<http://ja.wikipedia.org/wiki/八街市>	<http://wikidata.dbpedia.org/resource/Q638296>
<http://ja.dbpedia.org/resource/八街市>	"八街市"@ja	<http://dbpedia.org/ontology/Settlement>	<http://ja.dbpedia.org/property/southwest>	"Southwest"@ja	<http://ja.wikipedia.org/wiki/八街市>	<http://wikidata.dbpedia.org/resource/Q638296>
<http://ja.dbpedia.org/resource/八街市>	"八街市"@ja	<http://dbpedia.org/ontology/Location>	<http://ja.dbpedia.org/property/southwest>	"Southwest"@ja	<http://ja.wikipedia.org/wiki/八街市>	<http://wikidata.dbpedia.org/resource/Q638296>
<http://ja.dbpedia.org/resource/八街市>	"八街市"@ja	<http://dbpedia.org/ontology/Location>	<http://ja.dbpedia.org/property/隣接自治体>	"隣接自治体"@ja	<http://ja.wikipedia.org/wiki/八街市>	<http://wikidata.dbpedia.org/resource/Q638296>
<http://ja.dbpedia.org/resource/八街市>	"八街市"@ja	<http://dbpedia.org/ontology/Settlement>	<http://ja.dbpedia.org/property/隣接自治体>	"隣接自治体"@ja	<http://ja.wikipedia.org/wiki/八街市>	<http://wikidata.dbpedia.org/resource/Q638296>
<http://ja.dbpedia.org/resource/八街市>	"八街市"@ja	<http://dbpedia.org/ontology/City>	<http://ja.dbpedia.org/property/southwest>	"Southwest"@ja	<http://ja.wikipedia.org/wiki/八街市>	<http://wikidata.dbpedia.org/resource/Q638296>
<http://ja.dbpedia.org/resource/八街市>	"八街市"@ja	<http://dbpedia.org/ontology/Place>	<http://ja.dbpedia.org/property/southwest>	"Southwest"@ja	<http://ja.wikipedia.org/wiki/八街市>	<http://wikidata.dbpedia.org/resource/Q638296>
<http://ja.dbpedia.org/resource/八街市>	"八街市"@ja	<http://dbpedia.org/ontology/PopulatedPlace>	<http://ja.dbpedia.org/property/隣接自治体>	"隣接自治体"@ja	<http://ja.wikipedia.org/wiki/八街市>	<http://wikidata.dbpedia.org/resource/Q638296>
<http://ja.dbpedia.org/resource/千葉ガス>	"千葉ガス"@ja	<http://dbpedia.org/ontology/Company>	<http://ja.dbpedia.org/property/画像の説明>	"画像の説明"@ja	<http://ja.wikipedia.org/wiki/千葉ガス>	<http://wikidata.dbpedia.org/resource/Q11405865>
<http://ja.dbpedia.org/resource/千葉ガス>	"千葉ガス"@ja	<http://dbpedia.org/ontology/Agent>	<http://ja.dbpedia.org/property/画像の説明>	"画像の説明"@ja	<http://ja.wikipedia.org/wiki/千葉ガス>	<http://wikidata.dbpedia.org/resource/Q11405865>
<http://ja.dbpedia.org/resource/千葉ガス>	"千葉ガス"@ja	<http://dbpedia.org/ontology/Organisation>	<http://ja.dbpedia.org/property/画像の説明>	"画像の説明"@ja	<http://ja.wikipedia.org/wiki/千葉ガス>	<http://wikidata.dbpedia.org/resource/Q11405865>
<http://ja.dbpedia.org/resource/山武市>	"山武市"@ja	<http://dbpedia.org/ontology/PopulatedPlace>	<http://ja.dbpedia.org/property/southeast>	"Southeast"@ja	<http://ja.wikipedia.org/wiki/山武市>	<http://wikidata.dbpedia.org/resource/Q873528>
<http://ja.dbpedia.org/resource/山武市>	"山武市"@ja	<http://dbpedia.org/ontology/Place>	<http://ja.dbpedia.org/property/隣接自治体>	"隣接自治体"@ja	<http://ja.wikipedia.org/wiki/山武市>	<http://wikidata.dbpedia.org/resource/Q873528>
<http://ja.dbpedia.org/resource/山武市>	"山武市"@ja	<http://dbpedia.org/ontology/City>	<http://ja.dbpedia.org/property/隣接自治体>	"隣接自治体"@ja	<http://ja.wikipedia.org/wiki/山武市>	<http://wikidata.dbpedia.org/resource/Q873528>
<http://ja.dbpedia.org/resource/山武市>	"山武市"@ja	<http://dbpedia.org/ontology/Location>	<http://ja.dbpedia.org/property/southeast>	"Southeast"@ja	<http://ja.wikipedia.org/wiki/山武市>	<http://wikidata.dbpedia.org/resource/Q873528>
<http://ja.dbpedia.org/resource/山武市>	"山武市"@ja	<http://dbpedia.org/ontology/Settlement>	<http://ja.dbpedia.org/property/southeast>	"Southeast"@ja	<http://ja.wikipedia.org/wiki/山武市>	<http://wikidata.dbpedia.org/resource/Q873528>
<http://ja.dbpedia.org/resource/山武市>	"山武市"@ja	<http://dbpedia.org/ontology/Settlement>	<http://ja.dbpedia.org/property/隣接自治体>	"隣接自治体"@ja	<http://ja.wikipedia.org/wiki/山武市>	<http://wikidata.dbpedia.org/resource/Q873528>
<http://ja.dbpedia.org/resource/山武市>	"山武市"@ja	<http://dbpedia.org/ontology/City>	<http://ja.dbpedia.org/property/southeast>	"Southeast"@ja	<http://ja.wikipedia.org/wiki/山武市>	<http://wikidata.dbpedia.org/resource/Q873528>
<http://ja.dbpedia.org/resource/山武市>	"山武市"@ja	<http://dbpedia.org/ontology/PopulatedPlace>	<http://ja.dbpedia.org/property/隣接自治体>	"隣接自治体"@ja	<http://ja.wikipedia.org/wiki/山武市>	<http://wikidata.dbpedia.org/resource/Q873528>
<http://ja.dbpedia.org/resource/山武市>	"山武市"@ja	<http://dbpedia.org/ontology/Place>	<http://ja.dbpedia.org/property/southeast>	"Southeast"@ja	<http://ja.wikipedia.org/wiki/山武市>	<http://wikidata.dbpedia.org/resource/Q873528>
<http://ja.dbpedia.org/resource/山武市>	"山武市"@ja	<http://dbpedia.org/ontology/Location>	<http://ja.dbpedia.org/property/隣接自治体>	"隣接自治体"@ja	<http://ja.wikipedia.org/wiki/山武市>	<http://wikidata.dbpedia.org/resource/Q873528>
<http://ja.dbpedia.org/resource/成田市>	"成田市"@ja	<http://dbpedia.org/ontology/Settlement>	<http://ja.dbpedia.org/property/隣接自治体>	"隣接自治体"@ja	<http://ja.wikipedia.org/wiki/成田市>	<http://wikidata.dbpedia.org/resource/Q273798>
<http://ja.dbpedia.org/resource/成田市>	"成田市"@ja	<http://dbpedia.org/ontology/City>	<http://ja.dbpedia.org/property/north>	"North"@ja	<http://ja.wikipedia.org/wiki/成田市>	<http://wikidata.dbpedia.org/resource/Q273798>
<http://ja.dbpedia.org/resource/成田市>	"成田市"@ja	<http://dbpedia.org/ontology/PopulatedPlace>	<http://ja.dbpedia.org/property/隣接自治体>	"隣接自治体"@ja	<http://ja.wikipedia.org/wiki/成田市>	<http://wikidata.dbpedia.org/resource/Q273798>
<http://ja.dbpedia.org/resource/成田市>	"成田市"@ja	<http://dbpedia.org/ontology/Place>	<http://ja.dbpedia.org/property/north>	"North"@ja	<http://ja.wikipedia.org/wiki/成田市>	<http://wikidata.dbpedia.org/resource/Q273798>
<http://ja.dbpedia.org/resource/成田市>	"成田市"@ja	<http://dbpedia.org/ontology/Location>	<http://ja.dbpedia.org/property/隣接自治体>	"隣接自治体"@ja	<http://ja.wikipedia.org/wiki/成田市>	<http://wikidata.dbpedia.org/resource/Q273798>
<http://ja.dbpedia.org/resource/成田市>	"成田市"@ja	<http://dbpedia.org/ontology/Location>	<http://ja.dbpedia.org/property/north>	"North"@ja	<http://ja.wikipedia.org/wiki/成田市>	<http://wikidata.dbpedia.org/resource/Q273798>
<http://ja.dbpedia.org/resource/成田市>	"成田市"@ja	<http://dbpedia.org/ontology/Place>	<http://ja.dbpedia.org/property/隣接自治体>	"隣接自治体"@ja	<http://ja.wikipedia.org/wiki/成田市>	<http://wikidata.dbpedia.org/resource/Q273798>
<http://ja.dbpedia.org/resource/成田市>	"成田市"@ja	<http://dbpedia.org/ontology/Settlement>	<http://ja.dbpedia.org/property/north>	"North"@ja	<http://ja.wikipedia.org/wiki/成田市>	<http://wikidata.dbpedia.org/resource/Q273798>
<http://ja.dbpedia.org/resource/成田市>	"成田市"@ja	<http://dbpedia.org/ontology/PopulatedPlace>	<http://ja.dbpedia.org/property/north>	"North"@ja	<http://ja.wikipedia.org/wiki/成田市>	<http://wikidata.dbpedia.org/resource/Q273798>
<http://ja.dbpedia.org/resource/成田市>	"成田市"@ja	<http://dbpedia.org/ontology/City>	<http://ja.dbpedia.org/property/隣接自治体>	"隣接自治体"@ja	<http://ja.wikipedia.org/wiki/成田市>	<http://wikidata.dbpedia.org/resource/Q273798>
<http://ja.dbpedia.org/resource/芝山町>	"芝山町"@ja	<http://dbpedia.org/ontology/Place>	<http://ja.dbpedia.org/property/隣接自治体>	"隣接自治体"@ja	<http://ja.wikipedia.org/wiki/芝山町>	<http://wikidata.dbpedia.org/resource/Q1203689>
<http://ja.dbpedia.org/resource/芝山町>	"芝山町"@ja	<http://dbpedia.org/ontology/PopulatedPlace>	<http://ja.dbpedia.org/property/east>	"East"@ja	<http://ja.wikipedia.org/wiki/芝山町>	<http://wikidata.dbpedia.org/resource/Q1203689>
<http://ja.dbpedia.org/resource/芝山町>	"芝山町"@ja	<http://dbpedia.org/ontology/Location>	<http://ja.dbpedia.org/property/east>	"East"@ja	<http://ja.wikipedia.org/wiki/芝山町>	<http://wikidata.dbpedia.org/resource/Q1203689>
<http://ja.dbpedia.org/resource/芝山町>	"芝山町"@ja	<http://dbpedia.org/ontology/City>	<http://ja.dbpedia.org/property/隣接自治体>	"隣接自治体"@ja	<http://ja.wikipedia.org/wiki/芝山町>	<http://wikidata.dbpedia.org/resource/Q1203689>
<http://ja.dbpedia.org/resource/芝山町>	"芝山町"@ja	<http://dbpedia.org/ontology/Settlement>	<http://ja.dbpedia.org/property/east>	"East"@ja	<http://ja.wikipedia.org/wiki/芝山町>	<http://wikidata.dbpedia.org/resource/Q1203689>
<http://ja.dbpedia.org/resource/芝山町>	"芝山町"@ja	<http://dbpedia.org/ontology/Settlement>	<http://ja.dbpedia.org/property/隣接自治体>	"隣接自治体"@ja	<http://ja.wikipedia.org/wiki/芝山町>	<http://wikidata.dbpedia.org/resource/Q1203689>
<http://ja.dbpedia.org/resource/芝山町>	"芝山町"@ja	<http://dbpedia.org/ontology/City>	<http://ja.dbpedia.org/property/east>	"East"@ja	<http://ja.wikipedia.org/wiki/芝山町>	<http://wikidata.dbpedia.org/resource/Q1203689>
<http://ja.dbpedia.org/resource/芝山町>	"芝山町"@ja	<http://dbpedia.org/ontology/PopulatedPlace>	<http://ja.dbpedia.org/property/隣接自治体>	"隣接自治体"@ja	<http://ja.wikipedia.org/wiki/芝山町>	<http://wikidata.dbpedia.org/resource/Q1203689>
<http://ja.dbpedia.org/resource/芝山町>	"芝山町"@ja	<http://dbpedia.org/ontology/Place>	<http://ja.dbpedia.org/property/east>	"East"@ja	<http://ja.wikipedia.org/wiki/芝山町>	<http://wikidata.dbpedia.org/resource/Q1203689>
<http://ja.dbpedia.org/resource/芝山町>	"芝山町"@ja	<http://dbpedia.org/ontology/Location>	<http://ja.dbpedia.org/property/隣接自治体>	"隣接自治体"@ja	<http://ja.wikipedia.org/wiki/芝山町>	<http://wikidata.dbpedia.org/resource/Q1203689>
<http://ja.dbpedia.org/resource/酒々井町>	"酒々井町"@ja	<http://dbpedia.org/ontology/City>	<http://ja.dbpedia.org/property/隣接自治体>	"隣接自治体"@ja	<http://ja.wikipedia.org/wiki/酒々井町>	<http://wikidata.dbpedia.org/resource/Q782157>
<http://ja.dbpedia.org/resource/酒々井町>	"酒々井町"@ja	<http://dbpedia.org/ontology/PopulatedPlace>	<http://ja.dbpedia.org/property/northwest>	"Northwest"@ja	<http://ja.wikipedia.org/wiki/酒々井町>	<http://wikidata.dbpedia.org/resource/Q782157>
<http://ja.dbpedia.org/resource/酒々井町>	"酒々井町"@ja	<http://dbpedia.org/ontology/Place>	<http://ja.dbpedia.org/property/隣接自治体>	"隣接自治体"@ja	<http://ja.wikipedia.org/wiki/酒々井町>	<http://wikidata.dbpedia.org/resource/Q782157>
<http://ja.dbpedia.org/resource/酒々井町>	"酒々井町"@ja	<http://dbpedia.org/ontology/Settlement>	<http://ja.dbpedia.org/property/northwest>	"Northwest"@ja	<http://ja.wikipedia.org/wiki/酒々井町>	<http://wikidata.dbpedia.org/resource/Q782157>
<http://ja.dbpedia.org/resource/酒々井町>	"酒々井町"@ja	<http://dbpedia.org/ontology/Location>	<http://ja.dbpedia.org/property/northwest>	"Northwest"@ja	<http://ja.wikipedia.org/wiki/酒々井町>	<http://wikidata.dbpedia.org/resource/Q782157>
<http://ja.dbpedia.org/resource/酒々井町>	"酒々井町"@ja	<http://dbpedia.org/ontology/Location>	<http://ja.dbpedia.org/property/隣接自治体>	"隣接自治体"@ja	<http://ja.wikipedia.org/wiki/酒々井町>	<http://wikidata.dbpedia.org/resource/Q782157>
<http://ja.dbpedia.org/resource/酒々井町>	"酒々井町"@ja	<http://dbpedia.org/ontology/Place>	<http://ja.dbpedia.org/property/northwest>	"Northwest"@ja	<http://ja.wikipedia.org/wiki/酒々井町>	<http://wikidata.dbpedia.org/resource/Q782157>
<http://ja.dbpedia.org/resource/酒々井町>	"酒々井町"@ja	<http://dbpedia.org/ontology/PopulatedPlace>	<http://ja.dbpedia.org/property/隣接自治体>	"隣接自治体"@ja	<http://ja.wikipedia.org/wiki/酒々井町>	<http://wikidata.dbpedia.org/resource/Q782157>
<http://ja.dbpedia.org/resource/酒々井町>	"酒々井町"@ja	<http://dbpedia.org/ontology/City>	<http://ja.dbpedia.org/property/northwest>	"Northwest"@ja	<http://ja.wikipedia.org/wiki/酒々井町>	<http://wikidata.dbpedia.org/resource/Q782157>
<http://ja.dbpedia.org/resource/酒々井町>	"酒々井町"@ja	<http://dbpedia.org/ontology/Settlement>	<http://ja.dbpedia.org/property/隣接自治体>	"隣接自治体"@ja	<http://ja.wikipedia.org/wiki/酒々井町>	<http://wikidata.dbpedia.org/resource/Q782157>
