?s	?sLabel	?type	?p	?pLabel	?jwiki	?wd
<http://ja.dbpedia.org/resource/一宮町>	"一宮町"@ja	<http://dbpedia.org/ontology/City>	<http://ja.dbpedia.org/property/隣接自治体>	"隣接自治体"@ja	<http://ja.wikipedia.org/wiki/一宮町>	<http://wikidata.dbpedia.org/resource/Q1203602>
<http://ja.dbpedia.org/resource/一宮町>	"一宮町"@ja	<http://dbpedia.org/ontology/PopulatedPlace>	<http://ja.dbpedia.org/property/north>	"North"@ja	<http://ja.wikipedia.org/wiki/一宮町>	<http://wikidata.dbpedia.org/resource/Q1203602>
<http://ja.dbpedia.org/resource/一宮町>	"一宮町"@ja	<http://dbpedia.org/ontology/Place>	<http://ja.dbpedia.org/property/隣接自治体>	"隣接自治体"@ja	<http://ja.wikipedia.org/wiki/一宮町>	<http://wikidata.dbpedia.org/resource/Q1203602>
<http://ja.dbpedia.org/resource/一宮町>	"一宮町"@ja	<http://dbpedia.org/ontology/Settlement>	<http://ja.dbpedia.org/property/north>	"North"@ja	<http://ja.wikipedia.org/wiki/一宮町>	<http://wikidata.dbpedia.org/resource/Q1203602>
<http://ja.dbpedia.org/resource/一宮町>	"一宮町"@ja	<http://dbpedia.org/ontology/Location>	<http://ja.dbpedia.org/property/north>	"North"@ja	<http://ja.wikipedia.org/wiki/一宮町>	<http://wikidata.dbpedia.org/resource/Q1203602>
<http://ja.dbpedia.org/resource/一宮町>	"一宮町"@ja	<http://dbpedia.org/ontology/Location>	<http://ja.dbpedia.org/property/隣接自治体>	"隣接自治体"@ja	<http://ja.wikipedia.org/wiki/一宮町>	<http://wikidata.dbpedia.org/resource/Q1203602>
<http://ja.dbpedia.org/resource/一宮町>	"一宮町"@ja	<http://dbpedia.org/ontology/Place>	<http://ja.dbpedia.org/property/north>	"North"@ja	<http://ja.wikipedia.org/wiki/一宮町>	<http://wikidata.dbpedia.org/resource/Q1203602>
<http://ja.dbpedia.org/resource/一宮町>	"一宮町"@ja	<http://dbpedia.org/ontology/PopulatedPlace>	<http://ja.dbpedia.org/property/隣接自治体>	"隣接自治体"@ja	<http://ja.wikipedia.org/wiki/一宮町>	<http://wikidata.dbpedia.org/resource/Q1203602>
<http://ja.dbpedia.org/resource/一宮町>	"一宮町"@ja	<http://dbpedia.org/ontology/City>	<http://ja.dbpedia.org/property/north>	"North"@ja	<http://ja.wikipedia.org/wiki/一宮町>	<http://wikidata.dbpedia.org/resource/Q1203602>
<http://ja.dbpedia.org/resource/一宮町>	"一宮町"@ja	<http://dbpedia.org/ontology/Settlement>	<http://ja.dbpedia.org/property/隣接自治体>	"隣接自治体"@ja	<http://ja.wikipedia.org/wiki/一宮町>	<http://wikidata.dbpedia.org/resource/Q1203602>
<http://ja.dbpedia.org/resource/勝浦市>	"勝浦市"@ja	<http://dbpedia.org/ontology/City>	<http://ja.dbpedia.org/property/southwest>	"Southwest"@ja	<http://ja.wikipedia.org/wiki/勝浦市>	<http://wikidata.dbpedia.org/resource/Q696418>
<http://ja.dbpedia.org/resource/勝浦市>	"勝浦市"@ja	<http://dbpedia.org/ontology/PopulatedPlace>	<http://ja.dbpedia.org/property/隣接自治体>	"隣接自治体"@ja	<http://ja.wikipedia.org/wiki/勝浦市>	<http://wikidata.dbpedia.org/resource/Q696418>
<http://ja.dbpedia.org/resource/勝浦市>	"勝浦市"@ja	<http://dbpedia.org/ontology/Settlement>	<http://ja.dbpedia.org/property/隣接自治体>	"隣接自治体"@ja	<http://ja.wikipedia.org/wiki/勝浦市>	<http://wikidata.dbpedia.org/resource/Q696418>
<http://ja.dbpedia.org/resource/勝浦市>	"勝浦市"@ja	<http://dbpedia.org/ontology/Place>	<http://ja.dbpedia.org/property/southwest>	"Southwest"@ja	<http://ja.wikipedia.org/wiki/勝浦市>	<http://wikidata.dbpedia.org/resource/Q696418>
<http://ja.dbpedia.org/resource/勝浦市>	"勝浦市"@ja	<http://dbpedia.org/ontology/Location>	<http://ja.dbpedia.org/property/隣接自治体>	"隣接自治体"@ja	<http://ja.wikipedia.org/wiki/勝浦市>	<http://wikidata.dbpedia.org/resource/Q696418>
<http://ja.dbpedia.org/resource/勝浦市>	"勝浦市"@ja	<http://dbpedia.org/ontology/Location>	<http://ja.dbpedia.org/property/southwest>	"Southwest"@ja	<http://ja.wikipedia.org/wiki/勝浦市>	<http://wikidata.dbpedia.org/resource/Q696418>
<http://ja.dbpedia.org/resource/勝浦市>	"勝浦市"@ja	<http://dbpedia.org/ontology/Place>	<http://ja.dbpedia.org/property/隣接自治体>	"隣接自治体"@ja	<http://ja.wikipedia.org/wiki/勝浦市>	<http://wikidata.dbpedia.org/resource/Q696418>
<http://ja.dbpedia.org/resource/勝浦市>	"勝浦市"@ja	<http://dbpedia.org/ontology/PopulatedPlace>	<http://ja.dbpedia.org/property/southwest>	"Southwest"@ja	<http://ja.wikipedia.org/wiki/勝浦市>	<http://wikidata.dbpedia.org/resource/Q696418>
<http://ja.dbpedia.org/resource/勝浦市>	"勝浦市"@ja	<http://dbpedia.org/ontology/City>	<http://ja.dbpedia.org/property/隣接自治体>	"隣接自治体"@ja	<http://ja.wikipedia.org/wiki/勝浦市>	<http://wikidata.dbpedia.org/resource/Q696418>
<http://ja.dbpedia.org/resource/勝浦市>	"勝浦市"@ja	<http://dbpedia.org/ontology/Settlement>	<http://ja.dbpedia.org/property/southwest>	"Southwest"@ja	<http://ja.wikipedia.org/wiki/勝浦市>	<http://wikidata.dbpedia.org/resource/Q696418>
<http://ja.dbpedia.org/resource/大多喜町>	"大多喜町"@ja	<http://dbpedia.org/ontology/City>	<http://ja.dbpedia.org/property/west>	"West"@ja	<http://ja.wikipedia.org/wiki/大多喜町>	<http://wikidata.dbpedia.org/resource/Q1346191>
<http://ja.dbpedia.org/resource/大多喜町>	"大多喜町"@ja	<http://dbpedia.org/ontology/PopulatedPlace>	<http://ja.dbpedia.org/property/隣接自治体>	"隣接自治体"@ja	<http://ja.wikipedia.org/wiki/大多喜町>	<http://wikidata.dbpedia.org/resource/Q1346191>
<http://ja.dbpedia.org/resource/大多喜町>	"大多喜町"@ja	<http://dbpedia.org/ontology/Settlement>	<http://ja.dbpedia.org/property/隣接自治体>	"隣接自治体"@ja	<http://ja.wikipedia.org/wiki/大多喜町>	<http://wikidata.dbpedia.org/resource/Q1346191>
<http://ja.dbpedia.org/resource/大多喜町>	"大多喜町"@ja	<http://dbpedia.org/ontology/Place>	<http://ja.dbpedia.org/property/west>	"West"@ja	<http://ja.wikipedia.org/wiki/大多喜町>	<http://wikidata.dbpedia.org/resource/Q1346191>
<http://ja.dbpedia.org/resource/大多喜町>	"大多喜町"@ja	<http://dbpedia.org/ontology/Location>	<http://ja.dbpedia.org/property/隣接自治体>	"隣接自治体"@ja	<http://ja.wikipedia.org/wiki/大多喜町>	<http://wikidata.dbpedia.org/resource/Q1346191>
<http://ja.dbpedia.org/resource/大多喜町>	"大多喜町"@ja	<http://dbpedia.org/ontology/Location>	<http://ja.dbpedia.org/property/west>	"West"@ja	<http://ja.wikipedia.org/wiki/大多喜町>	<http://wikidata.dbpedia.org/resource/Q1346191>
<http://ja.dbpedia.org/resource/大多喜町>	"大多喜町"@ja	<http://dbpedia.org/ontology/Place>	<http://ja.dbpedia.org/property/隣接自治体>	"隣接自治体"@ja	<http://ja.wikipedia.org/wiki/大多喜町>	<http://wikidata.dbpedia.org/resource/Q1346191>
<http://ja.dbpedia.org/resource/大多喜町>	"大多喜町"@ja	<http://dbpedia.org/ontology/PopulatedPlace>	<http://ja.dbpedia.org/property/west>	"West"@ja	<http://ja.wikipedia.org/wiki/大多喜町>	<http://wikidata.dbpedia.org/resource/Q1346191>
<http://ja.dbpedia.org/resource/大多喜町>	"大多喜町"@ja	<http://dbpedia.org/ontology/City>	<http://ja.dbpedia.org/property/隣接自治体>	"隣接自治体"@ja	<http://ja.wikipedia.org/wiki/大多喜町>	<http://wikidata.dbpedia.org/resource/Q1346191>
<http://ja.dbpedia.org/resource/大多喜町>	"大多喜町"@ja	<http://dbpedia.org/ontology/Settlement>	<http://ja.dbpedia.org/property/west>	"West"@ja	<http://ja.wikipedia.org/wiki/大多喜町>	<http://wikidata.dbpedia.org/resource/Q1346191>
<http://ja.dbpedia.org/resource/御宿町>	"御宿町"@ja	<http://dbpedia.org/ontology/PopulatedPlace>	<http://ja.dbpedia.org/property/隣接自治体>	"隣接自治体"@ja	<http://ja.wikipedia.org/wiki/御宿町>	<http://wikidata.dbpedia.org/resource/Q648466>
<http://ja.dbpedia.org/resource/御宿町>	"御宿町"@ja	<http://dbpedia.org/ontology/Place>	<http://ja.dbpedia.org/property/south>	"South"@ja	<http://ja.wikipedia.org/wiki/御宿町>	<http://wikidata.dbpedia.org/resource/Q648466>
<http://ja.dbpedia.org/resource/御宿町>	"御宿町"@ja	<http://dbpedia.org/ontology/City>	<http://ja.dbpedia.org/property/south>	"South"@ja	<http://ja.wikipedia.org/wiki/御宿町>	<http://wikidata.dbpedia.org/resource/Q648466>
<http://ja.dbpedia.org/resource/御宿町>	"御宿町"@ja	<http://dbpedia.org/ontology/Location>	<http://ja.dbpedia.org/property/隣接自治体>	"隣接自治体"@ja	<http://ja.wikipedia.org/wiki/御宿町>	<http://wikidata.dbpedia.org/resource/Q648466>
<http://ja.dbpedia.org/resource/御宿町>	"御宿町"@ja	<http://dbpedia.org/ontology/Settlement>	<http://ja.dbpedia.org/property/隣接自治体>	"隣接自治体"@ja	<http://ja.wikipedia.org/wiki/御宿町>	<http://wikidata.dbpedia.org/resource/Q648466>
<http://ja.dbpedia.org/resource/御宿町>	"御宿町"@ja	<http://dbpedia.org/ontology/Settlement>	<http://ja.dbpedia.org/property/south>	"South"@ja	<http://ja.wikipedia.org/wiki/御宿町>	<http://wikidata.dbpedia.org/resource/Q648466>
<http://ja.dbpedia.org/resource/御宿町>	"御宿町"@ja	<http://dbpedia.org/ontology/City>	<http://ja.dbpedia.org/property/隣接自治体>	"隣接自治体"@ja	<http://ja.wikipedia.org/wiki/御宿町>	<http://wikidata.dbpedia.org/resource/Q648466>
<http://ja.dbpedia.org/resource/御宿町>	"御宿町"@ja	<http://dbpedia.org/ontology/PopulatedPlace>	<http://ja.dbpedia.org/property/south>	"South"@ja	<http://ja.wikipedia.org/wiki/御宿町>	<http://wikidata.dbpedia.org/resource/Q648466>
<http://ja.dbpedia.org/resource/御宿町>	"御宿町"@ja	<http://dbpedia.org/ontology/Place>	<http://ja.dbpedia.org/property/隣接自治体>	"隣接自治体"@ja	<http://ja.wikipedia.org/wiki/御宿町>	<http://wikidata.dbpedia.org/resource/Q648466>
<http://ja.dbpedia.org/resource/御宿町>	"御宿町"@ja	<http://dbpedia.org/ontology/Location>	<http://ja.dbpedia.org/property/south>	"South"@ja	<http://ja.wikipedia.org/wiki/御宿町>	<http://wikidata.dbpedia.org/resource/Q648466>
<http://ja.dbpedia.org/resource/睦沢町>	"睦沢町"@ja	<http://dbpedia.org/ontology/City>	<http://ja.dbpedia.org/property/隣接自治体>	"隣接自治体"@ja	<http://ja.wikipedia.org/wiki/睦沢町>	<http://wikidata.dbpedia.org/resource/Q768083>
<http://ja.dbpedia.org/resource/睦沢町>	"睦沢町"@ja	<http://dbpedia.org/ontology/PopulatedPlace>	<http://ja.dbpedia.org/property/northwest>	"Northwest"@ja	<http://ja.wikipedia.org/wiki/睦沢町>	<http://wikidata.dbpedia.org/resource/Q768083>
<http://ja.dbpedia.org/resource/睦沢町>	"睦沢町"@ja	<http://dbpedia.org/ontology/Place>	<http://ja.dbpedia.org/property/隣接自治体>	"隣接自治体"@ja	<http://ja.wikipedia.org/wiki/睦沢町>	<http://wikidata.dbpedia.org/resource/Q768083>
<http://ja.dbpedia.org/resource/睦沢町>	"睦沢町"@ja	<http://dbpedia.org/ontology/Settlement>	<http://ja.dbpedia.org/property/northwest>	"Northwest"@ja	<http://ja.wikipedia.org/wiki/睦沢町>	<http://wikidata.dbpedia.org/resource/Q768083>
<http://ja.dbpedia.org/resource/睦沢町>	"睦沢町"@ja	<http://dbpedia.org/ontology/Location>	<http://ja.dbpedia.org/property/northwest>	"Northwest"@ja	<http://ja.wikipedia.org/wiki/睦沢町>	<http://wikidata.dbpedia.org/resource/Q768083>
<http://ja.dbpedia.org/resource/睦沢町>	"睦沢町"@ja	<http://dbpedia.org/ontology/Location>	<http://ja.dbpedia.org/property/隣接自治体>	"隣接自治体"@ja	<http://ja.wikipedia.org/wiki/睦沢町>	<http://wikidata.dbpedia.org/resource/Q768083>
<http://ja.dbpedia.org/resource/睦沢町>	"睦沢町"@ja	<http://dbpedia.org/ontology/Place>	<http://ja.dbpedia.org/property/northwest>	"Northwest"@ja	<http://ja.wikipedia.org/wiki/睦沢町>	<http://wikidata.dbpedia.org/resource/Q768083>
<http://ja.dbpedia.org/resource/睦沢町>	"睦沢町"@ja	<http://dbpedia.org/ontology/PopulatedPlace>	<http://ja.dbpedia.org/property/隣接自治体>	"隣接自治体"@ja	<http://ja.wikipedia.org/wiki/睦沢町>	<http://wikidata.dbpedia.org/resource/Q768083>
<http://ja.dbpedia.org/resource/睦沢町>	"睦沢町"@ja	<http://dbpedia.org/ontology/City>	<http://ja.dbpedia.org/property/northwest>	"Northwest"@ja	<http://ja.wikipedia.org/wiki/睦沢町>	<http://wikidata.dbpedia.org/resource/Q768083>
<http://ja.dbpedia.org/resource/睦沢町>	"睦沢町"@ja	<http://dbpedia.org/ontology/Settlement>	<http://ja.dbpedia.org/property/隣接自治体>	"隣接自治体"@ja	<http://ja.wikipedia.org/wiki/睦沢町>	<http://wikidata.dbpedia.org/resource/Q768083>
