?s	?sLabel	?type	?p	?pLabel	?jwiki	?wd
<http://ja.dbpedia.org/resource/鋸南町>	"鋸南町"@ja	<http://dbpedia.org/ontology/City>	<http://ja.dbpedia.org/property/隣接自治体>	"隣接自治体"@ja	<http://ja.wikipedia.org/wiki/鋸南町>	<http://wikidata.dbpedia.org/resource/Q1203580>
<http://ja.dbpedia.org/resource/鋸南町>	"鋸南町"@ja	<http://dbpedia.org/ontology/PopulatedPlace>	<http://ja.dbpedia.org/property/隣接自治体>	"隣接自治体"@ja	<http://ja.wikipedia.org/wiki/鋸南町>	<http://wikidata.dbpedia.org/resource/Q1203580>
<http://ja.dbpedia.org/resource/鋸南町>	"鋸南町"@ja	<http://dbpedia.org/ontology/Place>	<http://ja.dbpedia.org/property/隣接自治体>	"隣接自治体"@ja	<http://ja.wikipedia.org/wiki/鋸南町>	<http://wikidata.dbpedia.org/resource/Q1203580>
<http://ja.dbpedia.org/resource/鋸南町>	"鋸南町"@ja	<http://dbpedia.org/ontology/Location>	<http://ja.dbpedia.org/property/隣接自治体>	"隣接自治体"@ja	<http://ja.wikipedia.org/wiki/鋸南町>	<http://wikidata.dbpedia.org/resource/Q1203580>
<http://ja.dbpedia.org/resource/鋸南町>	"鋸南町"@ja	<http://dbpedia.org/ontology/Settlement>	<http://ja.dbpedia.org/property/隣接自治体>	"隣接自治体"@ja	<http://ja.wikipedia.org/wiki/鋸南町>	<http://wikidata.dbpedia.org/resource/Q1203580>
<http://ja.dbpedia.org/resource/館山市>	"館山市"@ja	<http://dbpedia.org/ontology/Location>	<http://ja.dbpedia.org/property/隣接自治体>	"隣接自治体"@ja	<http://ja.wikipedia.org/wiki/館山市>	<http://wikidata.dbpedia.org/resource/Q646755>
<http://ja.dbpedia.org/resource/館山市>	"館山市"@ja	<http://dbpedia.org/ontology/City>	<http://ja.dbpedia.org/property/隣接自治体>	"隣接自治体"@ja	<http://ja.wikipedia.org/wiki/館山市>	<http://wikidata.dbpedia.org/resource/Q646755>
<http://ja.dbpedia.org/resource/館山市>	"館山市"@ja	<http://dbpedia.org/ontology/PopulatedPlace>	<http://ja.dbpedia.org/property/隣接自治体>	"隣接自治体"@ja	<http://ja.wikipedia.org/wiki/館山市>	<http://wikidata.dbpedia.org/resource/Q646755>
<http://ja.dbpedia.org/resource/館山市>	"館山市"@ja	<http://dbpedia.org/ontology/Settlement>	<http://ja.dbpedia.org/property/隣接自治体>	"隣接自治体"@ja	<http://ja.wikipedia.org/wiki/館山市>	<http://wikidata.dbpedia.org/resource/Q646755>
<http://ja.dbpedia.org/resource/館山市>	"館山市"@ja	<http://dbpedia.org/ontology/Place>	<http://ja.dbpedia.org/property/隣接自治体>	"隣接自治体"@ja	<http://ja.wikipedia.org/wiki/館山市>	<http://wikidata.dbpedia.org/resource/Q646755>
<http://ja.dbpedia.org/resource/鴨川市>	"鴨川市"@ja	<http://dbpedia.org/ontology/City>	<http://ja.dbpedia.org/property/隣接自治体>	"隣接自治体"@ja	<http://ja.wikipedia.org/wiki/鴨川市>	<http://wikidata.dbpedia.org/resource/Q387211>
<http://ja.dbpedia.org/resource/鴨川市>	"鴨川市"@ja	<http://dbpedia.org/ontology/Location>	<http://ja.dbpedia.org/property/隣接自治体>	"隣接自治体"@ja	<http://ja.wikipedia.org/wiki/鴨川市>	<http://wikidata.dbpedia.org/resource/Q387211>
<http://ja.dbpedia.org/resource/鴨川市>	"鴨川市"@ja	<http://dbpedia.org/ontology/PopulatedPlace>	<http://ja.dbpedia.org/property/隣接自治体>	"隣接自治体"@ja	<http://ja.wikipedia.org/wiki/鴨川市>	<http://wikidata.dbpedia.org/resource/Q387211>
<http://ja.dbpedia.org/resource/鴨川市>	"鴨川市"@ja	<http://dbpedia.org/ontology/Place>	<http://ja.dbpedia.org/property/隣接自治体>	"隣接自治体"@ja	<http://ja.wikipedia.org/wiki/鴨川市>	<http://wikidata.dbpedia.org/resource/Q387211>
<http://ja.dbpedia.org/resource/鴨川市>	"鴨川市"@ja	<http://dbpedia.org/ontology/Settlement>	<http://ja.dbpedia.org/property/隣接自治体>	"隣接自治体"@ja	<http://ja.wikipedia.org/wiki/鴨川市>	<http://wikidata.dbpedia.org/resource/Q387211>
