?s	?sLabel	?type	?p	?pLabel	?jwiki	?wd
<http://ja.dbpedia.org/resource/コスモス>	"コスモス"@ja	<http://dbpedia.org/ontology/Species>	<http://ja.dbpedia.org/property/花>	"花"@ja	<http://ja.wikipedia.org/wiki/コスモス>	<http://wikidata.dbpedia.org/resource/Q476937>
<http://ja.dbpedia.org/resource/サクラ>	"サクラ"@ja	<http://dbpedia.org/ontology/Species>	<http://ja.dbpedia.org/property/木>	"木"@ja	<http://ja.wikipedia.org/wiki/サクラ>	<http://wikidata.dbpedia.org/resource/Q871991>
<http://ja.dbpedia.org/resource/佐倉市>	"佐倉市"@ja	<http://dbpedia.org/ontology/PopulatedPlace>	<http://ja.dbpedia.org/property/隣接自治体>	"隣接自治体"@ja	<http://ja.wikipedia.org/wiki/佐倉市>	<http://wikidata.dbpedia.org/resource/Q498011>
<http://ja.dbpedia.org/resource/佐倉市>	"佐倉市"@ja	<http://dbpedia.org/ontology/City>	<http://ja.dbpedia.org/property/south>	"South"@ja	<http://ja.wikipedia.org/wiki/佐倉市>	<http://wikidata.dbpedia.org/resource/Q498011>
<http://ja.dbpedia.org/resource/佐倉市>	"佐倉市"@ja	<http://dbpedia.org/ontology/Place>	<http://ja.dbpedia.org/property/south>	"South"@ja	<http://ja.wikipedia.org/wiki/佐倉市>	<http://wikidata.dbpedia.org/resource/Q498011>
<http://ja.dbpedia.org/resource/佐倉市>	"佐倉市"@ja	<http://dbpedia.org/ontology/Settlement>	<http://ja.dbpedia.org/property/隣接自治体>	"隣接自治体"@ja	<http://ja.wikipedia.org/wiki/佐倉市>	<http://wikidata.dbpedia.org/resource/Q498011>
<http://ja.dbpedia.org/resource/佐倉市>	"佐倉市"@ja	<http://dbpedia.org/ontology/Location>	<http://ja.dbpedia.org/property/隣接自治体>	"隣接自治体"@ja	<http://ja.wikipedia.org/wiki/佐倉市>	<http://wikidata.dbpedia.org/resource/Q498011>
<http://ja.dbpedia.org/resource/佐倉市>	"佐倉市"@ja	<http://dbpedia.org/ontology/Location>	<http://ja.dbpedia.org/property/south>	"South"@ja	<http://ja.wikipedia.org/wiki/佐倉市>	<http://wikidata.dbpedia.org/resource/Q498011>
<http://ja.dbpedia.org/resource/佐倉市>	"佐倉市"@ja	<http://dbpedia.org/ontology/Place>	<http://ja.dbpedia.org/property/隣接自治体>	"隣接自治体"@ja	<http://ja.wikipedia.org/wiki/佐倉市>	<http://wikidata.dbpedia.org/resource/Q498011>
<http://ja.dbpedia.org/resource/佐倉市>	"佐倉市"@ja	<http://dbpedia.org/ontology/PopulatedPlace>	<http://ja.dbpedia.org/property/south>	"South"@ja	<http://ja.wikipedia.org/wiki/佐倉市>	<http://wikidata.dbpedia.org/resource/Q498011>
<http://ja.dbpedia.org/resource/佐倉市>	"佐倉市"@ja	<http://dbpedia.org/ontology/City>	<http://ja.dbpedia.org/property/隣接自治体>	"隣接自治体"@ja	<http://ja.wikipedia.org/wiki/佐倉市>	<http://wikidata.dbpedia.org/resource/Q498011>
<http://ja.dbpedia.org/resource/佐倉市>	"佐倉市"@ja	<http://dbpedia.org/ontology/Settlement>	<http://ja.dbpedia.org/property/south>	"South"@ja	<http://ja.wikipedia.org/wiki/佐倉市>	<http://wikidata.dbpedia.org/resource/Q498011>
<http://ja.dbpedia.org/resource/八千代市>	"八千代市"@ja	<http://dbpedia.org/ontology/City>	<http://ja.dbpedia.org/property/隣接自治体>	"隣接自治体"@ja	<http://ja.wikipedia.org/wiki/八千代市>	<http://wikidata.dbpedia.org/resource/Q328651>
<http://ja.dbpedia.org/resource/八千代市>	"八千代市"@ja	<http://dbpedia.org/ontology/PopulatedPlace>	<http://ja.dbpedia.org/property/southwest>	"Southwest"@ja	<http://ja.wikipedia.org/wiki/八千代市>	<http://wikidata.dbpedia.org/resource/Q328651>
<http://ja.dbpedia.org/resource/八千代市>	"八千代市"@ja	<http://dbpedia.org/ontology/Settlement>	<http://ja.dbpedia.org/property/southwest>	"Southwest"@ja	<http://ja.wikipedia.org/wiki/八千代市>	<http://wikidata.dbpedia.org/resource/Q328651>
<http://ja.dbpedia.org/resource/八千代市>	"八千代市"@ja	<http://dbpedia.org/ontology/Place>	<http://ja.dbpedia.org/property/隣接自治体>	"隣接自治体"@ja	<http://ja.wikipedia.org/wiki/八千代市>	<http://wikidata.dbpedia.org/resource/Q328651>
<http://ja.dbpedia.org/resource/八千代市>	"八千代市"@ja	<http://dbpedia.org/ontology/Location>	<http://ja.dbpedia.org/property/southwest>	"Southwest"@ja	<http://ja.wikipedia.org/wiki/八千代市>	<http://wikidata.dbpedia.org/resource/Q328651>
<http://ja.dbpedia.org/resource/八千代市>	"八千代市"@ja	<http://dbpedia.org/ontology/Location>	<http://ja.dbpedia.org/property/隣接自治体>	"隣接自治体"@ja	<http://ja.wikipedia.org/wiki/八千代市>	<http://wikidata.dbpedia.org/resource/Q328651>
<http://ja.dbpedia.org/resource/八千代市>	"八千代市"@ja	<http://dbpedia.org/ontology/Place>	<http://ja.dbpedia.org/property/southwest>	"Southwest"@ja	<http://ja.wikipedia.org/wiki/八千代市>	<http://wikidata.dbpedia.org/resource/Q328651>
<http://ja.dbpedia.org/resource/八千代市>	"八千代市"@ja	<http://dbpedia.org/ontology/PopulatedPlace>	<http://ja.dbpedia.org/property/隣接自治体>	"隣接自治体"@ja	<http://ja.wikipedia.org/wiki/八千代市>	<http://wikidata.dbpedia.org/resource/Q328651>
<http://ja.dbpedia.org/resource/八千代市>	"八千代市"@ja	<http://dbpedia.org/ontology/City>	<http://ja.dbpedia.org/property/southwest>	"Southwest"@ja	<http://ja.wikipedia.org/wiki/八千代市>	<http://wikidata.dbpedia.org/resource/Q328651>
<http://ja.dbpedia.org/resource/八千代市>	"八千代市"@ja	<http://dbpedia.org/ontology/Settlement>	<http://ja.dbpedia.org/property/隣接自治体>	"隣接自治体"@ja	<http://ja.wikipedia.org/wiki/八千代市>	<http://wikidata.dbpedia.org/resource/Q328651>
<http://ja.dbpedia.org/resource/利根町>	"利根町"@ja	<http://dbpedia.org/ontology/Location>	<http://ja.dbpedia.org/property/north>	"North"@ja	<http://ja.wikipedia.org/wiki/利根町>	<http://wikidata.dbpedia.org/resource/Q1203324>
<http://ja.dbpedia.org/resource/利根町>	"利根町"@ja	<http://dbpedia.org/ontology/PopulatedPlace>	<http://ja.dbpedia.org/property/north>	"North"@ja	<http://ja.wikipedia.org/wiki/利根町>	<http://wikidata.dbpedia.org/resource/Q1203324>
<http://ja.dbpedia.org/resource/利根町>	"利根町"@ja	<http://dbpedia.org/ontology/Settlement>	<http://ja.dbpedia.org/property/north>	"North"@ja	<http://ja.wikipedia.org/wiki/利根町>	<http://wikidata.dbpedia.org/resource/Q1203324>
<http://ja.dbpedia.org/resource/利根町>	"利根町"@ja	<http://dbpedia.org/ontology/City>	<http://ja.dbpedia.org/property/north>	"North"@ja	<http://ja.wikipedia.org/wiki/利根町>	<http://wikidata.dbpedia.org/resource/Q1203324>
<http://ja.dbpedia.org/resource/利根町>	"利根町"@ja	<http://dbpedia.org/ontology/Place>	<http://ja.dbpedia.org/property/north>	"North"@ja	<http://ja.wikipedia.org/wiki/利根町>	<http://wikidata.dbpedia.org/resource/Q1203324>
<http://ja.dbpedia.org/resource/成田市>	"成田市"@ja	<http://dbpedia.org/ontology/Place>	<http://ja.dbpedia.org/property/隣接自治体>	"隣接自治体"@ja	<http://ja.wikipedia.org/wiki/成田市>	<http://wikidata.dbpedia.org/resource/Q273798>
<http://ja.dbpedia.org/resource/成田市>	"成田市"@ja	<http://dbpedia.org/ontology/PopulatedPlace>	<http://ja.dbpedia.org/property/east>	"East"@ja	<http://ja.wikipedia.org/wiki/成田市>	<http://wikidata.dbpedia.org/resource/Q273798>
<http://ja.dbpedia.org/resource/成田市>	"成田市"@ja	<http://dbpedia.org/ontology/Location>	<http://ja.dbpedia.org/property/east>	"East"@ja	<http://ja.wikipedia.org/wiki/成田市>	<http://wikidata.dbpedia.org/resource/Q273798>
<http://ja.dbpedia.org/resource/成田市>	"成田市"@ja	<http://dbpedia.org/ontology/City>	<http://ja.dbpedia.org/property/隣接自治体>	"隣接自治体"@ja	<http://ja.wikipedia.org/wiki/成田市>	<http://wikidata.dbpedia.org/resource/Q273798>
<http://ja.dbpedia.org/resource/成田市>	"成田市"@ja	<http://dbpedia.org/ontology/Settlement>	<http://ja.dbpedia.org/property/east>	"East"@ja	<http://ja.wikipedia.org/wiki/成田市>	<http://wikidata.dbpedia.org/resource/Q273798>
<http://ja.dbpedia.org/resource/成田市>	"成田市"@ja	<http://dbpedia.org/ontology/Settlement>	<http://ja.dbpedia.org/property/隣接自治体>	"隣接自治体"@ja	<http://ja.wikipedia.org/wiki/成田市>	<http://wikidata.dbpedia.org/resource/Q273798>
<http://ja.dbpedia.org/resource/成田市>	"成田市"@ja	<http://dbpedia.org/ontology/City>	<http://ja.dbpedia.org/property/east>	"East"@ja	<http://ja.wikipedia.org/wiki/成田市>	<http://wikidata.dbpedia.org/resource/Q273798>
<http://ja.dbpedia.org/resource/成田市>	"成田市"@ja	<http://dbpedia.org/ontology/PopulatedPlace>	<http://ja.dbpedia.org/property/隣接自治体>	"隣接自治体"@ja	<http://ja.wikipedia.org/wiki/成田市>	<http://wikidata.dbpedia.org/resource/Q273798>
<http://ja.dbpedia.org/resource/成田市>	"成田市"@ja	<http://dbpedia.org/ontology/Place>	<http://ja.dbpedia.org/property/east>	"East"@ja	<http://ja.wikipedia.org/wiki/成田市>	<http://wikidata.dbpedia.org/resource/Q273798>
<http://ja.dbpedia.org/resource/成田市>	"成田市"@ja	<http://dbpedia.org/ontology/Location>	<http://ja.dbpedia.org/property/隣接自治体>	"隣接自治体"@ja	<http://ja.wikipedia.org/wiki/成田市>	<http://wikidata.dbpedia.org/resource/Q273798>
<http://ja.dbpedia.org/resource/我孫子市>	"我孫子市"@ja	<http://dbpedia.org/ontology/Settlement>	<http://ja.dbpedia.org/property/northwest>	"Northwest"@ja	<http://ja.wikipedia.org/wiki/我孫子市>	<http://wikidata.dbpedia.org/resource/Q243859>
<http://ja.dbpedia.org/resource/我孫子市>	"我孫子市"@ja	<http://dbpedia.org/ontology/City>	<http://ja.dbpedia.org/property/隣接自治体>	"隣接自治体"@ja	<http://ja.wikipedia.org/wiki/我孫子市>	<http://wikidata.dbpedia.org/resource/Q243859>
<http://ja.dbpedia.org/resource/我孫子市>	"我孫子市"@ja	<http://dbpedia.org/ontology/PopulatedPlace>	<http://ja.dbpedia.org/property/northwest>	"Northwest"@ja	<http://ja.wikipedia.org/wiki/我孫子市>	<http://wikidata.dbpedia.org/resource/Q243859>
<http://ja.dbpedia.org/resource/我孫子市>	"我孫子市"@ja	<http://dbpedia.org/ontology/Place>	<http://ja.dbpedia.org/property/隣接自治体>	"隣接自治体"@ja	<http://ja.wikipedia.org/wiki/我孫子市>	<http://wikidata.dbpedia.org/resource/Q243859>
<http://ja.dbpedia.org/resource/我孫子市>	"我孫子市"@ja	<http://dbpedia.org/ontology/Location>	<http://ja.dbpedia.org/property/northwest>	"Northwest"@ja	<http://ja.wikipedia.org/wiki/我孫子市>	<http://wikidata.dbpedia.org/resource/Q243859>
<http://ja.dbpedia.org/resource/我孫子市>	"我孫子市"@ja	<http://dbpedia.org/ontology/Location>	<http://ja.dbpedia.org/property/隣接自治体>	"隣接自治体"@ja	<http://ja.wikipedia.org/wiki/我孫子市>	<http://wikidata.dbpedia.org/resource/Q243859>
<http://ja.dbpedia.org/resource/我孫子市>	"我孫子市"@ja	<http://dbpedia.org/ontology/Place>	<http://ja.dbpedia.org/property/northwest>	"Northwest"@ja	<http://ja.wikipedia.org/wiki/我孫子市>	<http://wikidata.dbpedia.org/resource/Q243859>
<http://ja.dbpedia.org/resource/我孫子市>	"我孫子市"@ja	<http://dbpedia.org/ontology/Settlement>	<http://ja.dbpedia.org/property/隣接自治体>	"隣接自治体"@ja	<http://ja.wikipedia.org/wiki/我孫子市>	<http://wikidata.dbpedia.org/resource/Q243859>
<http://ja.dbpedia.org/resource/我孫子市>	"我孫子市"@ja	<http://dbpedia.org/ontology/PopulatedPlace>	<http://ja.dbpedia.org/property/隣接自治体>	"隣接自治体"@ja	<http://ja.wikipedia.org/wiki/我孫子市>	<http://wikidata.dbpedia.org/resource/Q243859>
<http://ja.dbpedia.org/resource/我孫子市>	"我孫子市"@ja	<http://dbpedia.org/ontology/City>	<http://ja.dbpedia.org/property/northwest>	"Northwest"@ja	<http://ja.wikipedia.org/wiki/我孫子市>	<http://wikidata.dbpedia.org/resource/Q243859>
<http://ja.dbpedia.org/resource/柏市>	"柏市"@ja	<http://dbpedia.org/ontology/Place>	<http://ja.dbpedia.org/property/隣接自治体>	"隣接自治体"@ja	<http://ja.wikipedia.org/wiki/柏市>	<http://wikidata.dbpedia.org/resource/Q319743>
<http://ja.dbpedia.org/resource/柏市>	"柏市"@ja	<http://dbpedia.org/ontology/PopulatedPlace>	<http://ja.dbpedia.org/property/west>	"West"@ja	<http://ja.wikipedia.org/wiki/柏市>	<http://wikidata.dbpedia.org/resource/Q319743>
<http://ja.dbpedia.org/resource/柏市>	"柏市"@ja	<http://dbpedia.org/ontology/Location>	<http://ja.dbpedia.org/property/west>	"West"@ja	<http://ja.wikipedia.org/wiki/柏市>	<http://wikidata.dbpedia.org/resource/Q319743>
<http://ja.dbpedia.org/resource/柏市>	"柏市"@ja	<http://dbpedia.org/ontology/City>	<http://ja.dbpedia.org/property/隣接自治体>	"隣接自治体"@ja	<http://ja.wikipedia.org/wiki/柏市>	<http://wikidata.dbpedia.org/resource/Q319743>
<http://ja.dbpedia.org/resource/柏市>	"柏市"@ja	<http://dbpedia.org/ontology/Settlement>	<http://ja.dbpedia.org/property/west>	"West"@ja	<http://ja.wikipedia.org/wiki/柏市>	<http://wikidata.dbpedia.org/resource/Q319743>
<http://ja.dbpedia.org/resource/柏市>	"柏市"@ja	<http://dbpedia.org/ontology/Settlement>	<http://ja.dbpedia.org/property/隣接自治体>	"隣接自治体"@ja	<http://ja.wikipedia.org/wiki/柏市>	<http://wikidata.dbpedia.org/resource/Q319743>
<http://ja.dbpedia.org/resource/柏市>	"柏市"@ja	<http://dbpedia.org/ontology/City>	<http://ja.dbpedia.org/property/west>	"West"@ja	<http://ja.wikipedia.org/wiki/柏市>	<http://wikidata.dbpedia.org/resource/Q319743>
<http://ja.dbpedia.org/resource/柏市>	"柏市"@ja	<http://dbpedia.org/ontology/PopulatedPlace>	<http://ja.dbpedia.org/property/隣接自治体>	"隣接自治体"@ja	<http://ja.wikipedia.org/wiki/柏市>	<http://wikidata.dbpedia.org/resource/Q319743>
<http://ja.dbpedia.org/resource/柏市>	"柏市"@ja	<http://dbpedia.org/ontology/Place>	<http://ja.dbpedia.org/property/west>	"West"@ja	<http://ja.wikipedia.org/wiki/柏市>	<http://wikidata.dbpedia.org/resource/Q319743>
<http://ja.dbpedia.org/resource/柏市>	"柏市"@ja	<http://dbpedia.org/ontology/Location>	<http://ja.dbpedia.org/property/隣接自治体>	"隣接自治体"@ja	<http://ja.wikipedia.org/wiki/柏市>	<http://wikidata.dbpedia.org/resource/Q319743>
<http://ja.dbpedia.org/resource/栄町>	"栄町"@ja	<http://dbpedia.org/ontology/City>	<http://ja.dbpedia.org/property/northeast>	"Northeast"@ja	<http://ja.wikipedia.org/wiki/栄町>	<http://wikidata.dbpedia.org/resource/Q1202754>
<http://ja.dbpedia.org/resource/栄町>	"栄町"@ja	<http://dbpedia.org/ontology/PopulatedPlace>	<http://ja.dbpedia.org/property/隣接自治体>	"隣接自治体"@ja	<http://ja.wikipedia.org/wiki/栄町>	<http://wikidata.dbpedia.org/resource/Q1202754>
<http://ja.dbpedia.org/resource/栄町>	"栄町"@ja	<http://dbpedia.org/ontology/Place>	<http://ja.dbpedia.org/property/northeast>	"Northeast"@ja	<http://ja.wikipedia.org/wiki/栄町>	<http://wikidata.dbpedia.org/resource/Q1202754>
<http://ja.dbpedia.org/resource/栄町>	"栄町"@ja	<http://dbpedia.org/ontology/Location>	<http://ja.dbpedia.org/property/隣接自治体>	"隣接自治体"@ja	<http://ja.wikipedia.org/wiki/栄町>	<http://wikidata.dbpedia.org/resource/Q1202754>
<http://ja.dbpedia.org/resource/栄町>	"栄町"@ja	<http://dbpedia.org/ontology/Settlement>	<http://ja.dbpedia.org/property/隣接自治体>	"隣接自治体"@ja	<http://ja.wikipedia.org/wiki/栄町>	<http://wikidata.dbpedia.org/resource/Q1202754>
<http://ja.dbpedia.org/resource/栄町>	"栄町"@ja	<http://dbpedia.org/ontology/PopulatedPlace>	<http://ja.dbpedia.org/property/northeast>	"Northeast"@ja	<http://ja.wikipedia.org/wiki/栄町>	<http://wikidata.dbpedia.org/resource/Q1202754>
<http://ja.dbpedia.org/resource/栄町>	"栄町"@ja	<http://dbpedia.org/ontology/Place>	<http://ja.dbpedia.org/property/隣接自治体>	"隣接自治体"@ja	<http://ja.wikipedia.org/wiki/栄町>	<http://wikidata.dbpedia.org/resource/Q1202754>
<http://ja.dbpedia.org/resource/栄町>	"栄町"@ja	<http://dbpedia.org/ontology/Location>	<http://ja.dbpedia.org/property/northeast>	"Northeast"@ja	<http://ja.wikipedia.org/wiki/栄町>	<http://wikidata.dbpedia.org/resource/Q1202754>
<http://ja.dbpedia.org/resource/栄町>	"栄町"@ja	<http://dbpedia.org/ontology/Settlement>	<http://ja.dbpedia.org/property/northeast>	"Northeast"@ja	<http://ja.wikipedia.org/wiki/栄町>	<http://wikidata.dbpedia.org/resource/Q1202754>
<http://ja.dbpedia.org/resource/栄町>	"栄町"@ja	<http://dbpedia.org/ontology/City>	<http://ja.dbpedia.org/property/隣接自治体>	"隣接自治体"@ja	<http://ja.wikipedia.org/wiki/栄町>	<http://wikidata.dbpedia.org/resource/Q1202754>
<http://ja.dbpedia.org/resource/白井市>	"白井市"@ja	<http://dbpedia.org/ontology/PopulatedPlace>	<http://ja.dbpedia.org/property/west>	"West"@ja	<http://ja.wikipedia.org/wiki/白井市>	<http://wikidata.dbpedia.org/resource/Q519187>
<http://ja.dbpedia.org/resource/白井市>	"白井市"@ja	<http://dbpedia.org/ontology/Place>	<http://ja.dbpedia.org/property/隣接自治体>	"隣接自治体"@ja	<http://ja.wikipedia.org/wiki/白井市>	<http://wikidata.dbpedia.org/resource/Q519187>
<http://ja.dbpedia.org/resource/白井市>	"白井市"@ja	<http://dbpedia.org/ontology/City>	<http://ja.dbpedia.org/property/隣接自治体>	"隣接自治体"@ja	<http://ja.wikipedia.org/wiki/白井市>	<http://wikidata.dbpedia.org/resource/Q519187>
<http://ja.dbpedia.org/resource/白井市>	"白井市"@ja	<http://dbpedia.org/ontology/Settlement>	<http://ja.dbpedia.org/property/west>	"West"@ja	<http://ja.wikipedia.org/wiki/白井市>	<http://wikidata.dbpedia.org/resource/Q519187>
<http://ja.dbpedia.org/resource/白井市>	"白井市"@ja	<http://dbpedia.org/ontology/Location>	<http://ja.dbpedia.org/property/west>	"West"@ja	<http://ja.wikipedia.org/wiki/白井市>	<http://wikidata.dbpedia.org/resource/Q519187>
<http://ja.dbpedia.org/resource/白井市>	"白井市"@ja	<http://dbpedia.org/ontology/PopulatedPlace>	<http://ja.dbpedia.org/property/隣接自治体>	"隣接自治体"@ja	<http://ja.wikipedia.org/wiki/白井市>	<http://wikidata.dbpedia.org/resource/Q519187>
<http://ja.dbpedia.org/resource/白井市>	"白井市"@ja	<http://dbpedia.org/ontology/City>	<http://ja.dbpedia.org/property/west>	"West"@ja	<http://ja.wikipedia.org/wiki/白井市>	<http://wikidata.dbpedia.org/resource/Q519187>
<http://ja.dbpedia.org/resource/白井市>	"白井市"@ja	<http://dbpedia.org/ontology/Settlement>	<http://ja.dbpedia.org/property/隣接自治体>	"隣接自治体"@ja	<http://ja.wikipedia.org/wiki/白井市>	<http://wikidata.dbpedia.org/resource/Q519187>
<http://ja.dbpedia.org/resource/白井市>	"白井市"@ja	<http://dbpedia.org/ontology/Location>	<http://ja.dbpedia.org/property/隣接自治体>	"隣接自治体"@ja	<http://ja.wikipedia.org/wiki/白井市>	<http://wikidata.dbpedia.org/resource/Q519187>
<http://ja.dbpedia.org/resource/白井市>	"白井市"@ja	<http://dbpedia.org/ontology/Place>	<http://ja.dbpedia.org/property/west>	"West"@ja	<http://ja.wikipedia.org/wiki/白井市>	<http://wikidata.dbpedia.org/resource/Q519187>
<http://ja.dbpedia.org/resource/茨城県>	"茨城県"@ja	<http://dbpedia.org/ontology/PopulatedPlace>	<http://ja.dbpedia.org/property/north>	"North"@ja	<http://ja.wikipedia.org/wiki/茨城県>	<http://wikidata.dbpedia.org/resource/Q83273>
<http://ja.dbpedia.org/resource/茨城県>	"茨城県"@ja	<http://dbpedia.org/ontology/Location>	<http://ja.dbpedia.org/property/north>	"North"@ja	<http://ja.wikipedia.org/wiki/茨城県>	<http://wikidata.dbpedia.org/resource/Q83273>
<http://ja.dbpedia.org/resource/茨城県>	"茨城県"@ja	<http://dbpedia.org/ontology/AdministrativeRegion>	<http://ja.dbpedia.org/property/north>	"North"@ja	<http://ja.wikipedia.org/wiki/茨城県>	<http://wikidata.dbpedia.org/resource/Q83273>
<http://ja.dbpedia.org/resource/茨城県>	"茨城県"@ja	<http://dbpedia.org/ontology/Region>	<http://ja.dbpedia.org/property/north>	"North"@ja	<http://ja.wikipedia.org/wiki/茨城県>	<http://wikidata.dbpedia.org/resource/Q83273>
<http://ja.dbpedia.org/resource/茨城県>	"茨城県"@ja	<http://dbpedia.org/ontology/Place>	<http://ja.dbpedia.org/property/north>	"North"@ja	<http://ja.wikipedia.org/wiki/茨城県>	<http://wikidata.dbpedia.org/resource/Q83273>
<http://ja.dbpedia.org/resource/酒々井町>	"酒々井町"@ja	<http://dbpedia.org/ontology/PopulatedPlace>	<http://ja.dbpedia.org/property/southeast>	"Southeast"@ja	<http://ja.wikipedia.org/wiki/酒々井町>	<http://wikidata.dbpedia.org/resource/Q782157>
<http://ja.dbpedia.org/resource/酒々井町>	"酒々井町"@ja	<http://dbpedia.org/ontology/Place>	<http://ja.dbpedia.org/property/隣接自治体>	"隣接自治体"@ja	<http://ja.wikipedia.org/wiki/酒々井町>	<http://wikidata.dbpedia.org/resource/Q782157>
<http://ja.dbpedia.org/resource/酒々井町>	"酒々井町"@ja	<http://dbpedia.org/ontology/City>	<http://ja.dbpedia.org/property/隣接自治体>	"隣接自治体"@ja	<http://ja.wikipedia.org/wiki/酒々井町>	<http://wikidata.dbpedia.org/resource/Q782157>
<http://ja.dbpedia.org/resource/酒々井町>	"酒々井町"@ja	<http://dbpedia.org/ontology/Location>	<http://ja.dbpedia.org/property/southeast>	"Southeast"@ja	<http://ja.wikipedia.org/wiki/酒々井町>	<http://wikidata.dbpedia.org/resource/Q782157>
<http://ja.dbpedia.org/resource/酒々井町>	"酒々井町"@ja	<http://dbpedia.org/ontology/Settlement>	<http://ja.dbpedia.org/property/southeast>	"Southeast"@ja	<http://ja.wikipedia.org/wiki/酒々井町>	<http://wikidata.dbpedia.org/resource/Q782157>
<http://ja.dbpedia.org/resource/酒々井町>	"酒々井町"@ja	<http://dbpedia.org/ontology/Settlement>	<http://ja.dbpedia.org/property/隣接自治体>	"隣接自治体"@ja	<http://ja.wikipedia.org/wiki/酒々井町>	<http://wikidata.dbpedia.org/resource/Q782157>
<http://ja.dbpedia.org/resource/酒々井町>	"酒々井町"@ja	<http://dbpedia.org/ontology/City>	<http://ja.dbpedia.org/property/southeast>	"Southeast"@ja	<http://ja.wikipedia.org/wiki/酒々井町>	<http://wikidata.dbpedia.org/resource/Q782157>
<http://ja.dbpedia.org/resource/酒々井町>	"酒々井町"@ja	<http://dbpedia.org/ontology/PopulatedPlace>	<http://ja.dbpedia.org/property/隣接自治体>	"隣接自治体"@ja	<http://ja.wikipedia.org/wiki/酒々井町>	<http://wikidata.dbpedia.org/resource/Q782157>
<http://ja.dbpedia.org/resource/酒々井町>	"酒々井町"@ja	<http://dbpedia.org/ontology/Place>	<http://ja.dbpedia.org/property/southeast>	"Southeast"@ja	<http://ja.wikipedia.org/wiki/酒々井町>	<http://wikidata.dbpedia.org/resource/Q782157>
<http://ja.dbpedia.org/resource/酒々井町>	"酒々井町"@ja	<http://dbpedia.org/ontology/Location>	<http://ja.dbpedia.org/property/隣接自治体>	"隣接自治体"@ja	<http://ja.wikipedia.org/wiki/酒々井町>	<http://wikidata.dbpedia.org/resource/Q782157>
