?s	?sLabel	?type	?p	?pLabel	?jwiki	?wd
<http://ja.dbpedia.org/resource/サツキ>	"サツキ"@ja	<http://dbpedia.org/ontology/Species>	<http://ja.dbpedia.org/property/花>	"花"@ja	<http://ja.wikipedia.org/wiki/サツキ>	<http://wikidata.dbpedia.org/resource/Q5366359>
<http://ja.dbpedia.org/resource/シイ>	"シイ"@ja	<http://dbpedia.org/ontology/Eukaryote>	<http://ja.dbpedia.org/property/木>	"木"@ja	<http://ja.wikipedia.org/wiki/シイ>	<http://wikidata.dbpedia.org/resource/Q1065400>
<http://ja.dbpedia.org/resource/シイ>	"シイ"@ja	<http://dbpedia.org/ontology/Plant>	<http://ja.dbpedia.org/property/木>	"木"@ja	<http://ja.wikipedia.org/wiki/シイ>	<http://wikidata.dbpedia.org/resource/Q1065400>
<http://ja.dbpedia.org/resource/シイ>	"シイ"@ja	<http://dbpedia.org/ontology/Species>	<http://ja.dbpedia.org/property/木>	"木"@ja	<http://ja.wikipedia.org/wiki/シイ>	<http://wikidata.dbpedia.org/resource/Q1065400>
<http://ja.dbpedia.org/resource/ホオジロ>	"ホオジロ"@ja	<http://dbpedia.org/ontology/Species>	<http://ja.dbpedia.org/property/鳥など>	"鳥など"@ja	<http://ja.wikipedia.org/wiki/ホオジロ>	<http://wikidata.dbpedia.org/resource/Q1076007>
<http://ja.dbpedia.org/resource/八千代市>	"八千代市"@ja	<http://dbpedia.org/ontology/Location>	<http://ja.dbpedia.org/property/隣接自治体>	"隣接自治体"@ja	<http://ja.wikipedia.org/wiki/八千代市>	<http://wikidata.dbpedia.org/resource/Q328651>
<http://ja.dbpedia.org/resource/八千代市>	"八千代市"@ja	<http://dbpedia.org/ontology/City>	<http://ja.dbpedia.org/property/隣接自治体>	"隣接自治体"@ja	<http://ja.wikipedia.org/wiki/八千代市>	<http://wikidata.dbpedia.org/resource/Q328651>
<http://ja.dbpedia.org/resource/八千代市>	"八千代市"@ja	<http://dbpedia.org/ontology/PopulatedPlace>	<http://ja.dbpedia.org/property/隣接自治体>	"隣接自治体"@ja	<http://ja.wikipedia.org/wiki/八千代市>	<http://wikidata.dbpedia.org/resource/Q328651>
<http://ja.dbpedia.org/resource/八千代市>	"八千代市"@ja	<http://dbpedia.org/ontology/Settlement>	<http://ja.dbpedia.org/property/隣接自治体>	"隣接自治体"@ja	<http://ja.wikipedia.org/wiki/八千代市>	<http://wikidata.dbpedia.org/resource/Q328651>
<http://ja.dbpedia.org/resource/八千代市>	"八千代市"@ja	<http://dbpedia.org/ontology/Place>	<http://ja.dbpedia.org/property/隣接自治体>	"隣接自治体"@ja	<http://ja.wikipedia.org/wiki/八千代市>	<http://wikidata.dbpedia.org/resource/Q328651>
<http://ja.dbpedia.org/resource/印西市>	"印西市"@ja	<http://dbpedia.org/ontology/City>	<http://ja.dbpedia.org/property/隣接自治体>	"隣接自治体"@ja	<http://ja.wikipedia.org/wiki/印西市>	<http://wikidata.dbpedia.org/resource/Q637901>
<http://ja.dbpedia.org/resource/印西市>	"印西市"@ja	<http://dbpedia.org/ontology/PopulatedPlace>	<http://ja.dbpedia.org/property/隣接自治体>	"隣接自治体"@ja	<http://ja.wikipedia.org/wiki/印西市>	<http://wikidata.dbpedia.org/resource/Q637901>
<http://ja.dbpedia.org/resource/印西市>	"印西市"@ja	<http://dbpedia.org/ontology/Location>	<http://ja.dbpedia.org/property/隣接自治体>	"隣接自治体"@ja	<http://ja.wikipedia.org/wiki/印西市>	<http://wikidata.dbpedia.org/resource/Q637901>
<http://ja.dbpedia.org/resource/印西市>	"印西市"@ja	<http://dbpedia.org/ontology/Settlement>	<http://ja.dbpedia.org/property/隣接自治体>	"隣接自治体"@ja	<http://ja.wikipedia.org/wiki/印西市>	<http://wikidata.dbpedia.org/resource/Q637901>
<http://ja.dbpedia.org/resource/印西市>	"印西市"@ja	<http://dbpedia.org/ontology/Place>	<http://ja.dbpedia.org/property/隣接自治体>	"隣接自治体"@ja	<http://ja.wikipedia.org/wiki/印西市>	<http://wikidata.dbpedia.org/resource/Q637901>
<http://ja.dbpedia.org/resource/柏市>	"柏市"@ja	<http://dbpedia.org/ontology/City>	<http://ja.dbpedia.org/property/隣接自治体>	"隣接自治体"@ja	<http://ja.wikipedia.org/wiki/柏市>	<http://wikidata.dbpedia.org/resource/Q319743>
<http://ja.dbpedia.org/resource/柏市>	"柏市"@ja	<http://dbpedia.org/ontology/Location>	<http://ja.dbpedia.org/property/隣接自治体>	"隣接自治体"@ja	<http://ja.wikipedia.org/wiki/柏市>	<http://wikidata.dbpedia.org/resource/Q319743>
<http://ja.dbpedia.org/resource/柏市>	"柏市"@ja	<http://dbpedia.org/ontology/Settlement>	<http://ja.dbpedia.org/property/隣接自治体>	"隣接自治体"@ja	<http://ja.wikipedia.org/wiki/柏市>	<http://wikidata.dbpedia.org/resource/Q319743>
<http://ja.dbpedia.org/resource/柏市>	"柏市"@ja	<http://dbpedia.org/ontology/PopulatedPlace>	<http://ja.dbpedia.org/property/隣接自治体>	"隣接自治体"@ja	<http://ja.wikipedia.org/wiki/柏市>	<http://wikidata.dbpedia.org/resource/Q319743>
<http://ja.dbpedia.org/resource/柏市>	"柏市"@ja	<http://dbpedia.org/ontology/Place>	<http://ja.dbpedia.org/property/隣接自治体>	"隣接自治体"@ja	<http://ja.wikipedia.org/wiki/柏市>	<http://wikidata.dbpedia.org/resource/Q319743>
<http://ja.dbpedia.org/resource/船橋市>	"船橋市"@ja	<http://dbpedia.org/ontology/Location>	<http://ja.dbpedia.org/property/隣接自治体>	"隣接自治体"@ja	<http://ja.wikipedia.org/wiki/船橋市>	<http://wikidata.dbpedia.org/resource/Q271417>
<http://ja.dbpedia.org/resource/船橋市>	"船橋市"@ja	<http://dbpedia.org/ontology/Settlement>	<http://ja.dbpedia.org/property/隣接自治体>	"隣接自治体"@ja	<http://ja.wikipedia.org/wiki/船橋市>	<http://wikidata.dbpedia.org/resource/Q271417>
<http://ja.dbpedia.org/resource/船橋市>	"船橋市"@ja	<http://dbpedia.org/ontology/Place>	<http://ja.dbpedia.org/property/隣接自治体>	"隣接自治体"@ja	<http://ja.wikipedia.org/wiki/船橋市>	<http://wikidata.dbpedia.org/resource/Q271417>
<http://ja.dbpedia.org/resource/船橋市>	"船橋市"@ja	<http://dbpedia.org/ontology/City>	<http://ja.dbpedia.org/property/隣接自治体>	"隣接自治体"@ja	<http://ja.wikipedia.org/wiki/船橋市>	<http://wikidata.dbpedia.org/resource/Q271417>
<http://ja.dbpedia.org/resource/船橋市>	"船橋市"@ja	<http://dbpedia.org/ontology/PopulatedPlace>	<http://ja.dbpedia.org/property/隣接自治体>	"隣接自治体"@ja	<http://ja.wikipedia.org/wiki/船橋市>	<http://wikidata.dbpedia.org/resource/Q271417>
<http://ja.dbpedia.org/resource/鎌ケ谷市>	"鎌ケ谷市"@ja	<http://dbpedia.org/ontology/Settlement>	<http://ja.dbpedia.org/property/隣接自治体>	"隣接自治体"@ja	<http://ja.wikipedia.org/wiki/鎌ケ谷市>	<http://wikidata.dbpedia.org/resource/Q387365>
<http://ja.dbpedia.org/resource/鎌ケ谷市>	"鎌ケ谷市"@ja	<http://dbpedia.org/ontology/Place>	<http://ja.dbpedia.org/property/隣接自治体>	"隣接自治体"@ja	<http://ja.wikipedia.org/wiki/鎌ケ谷市>	<http://wikidata.dbpedia.org/resource/Q387365>
<http://ja.dbpedia.org/resource/鎌ケ谷市>	"鎌ケ谷市"@ja	<http://dbpedia.org/ontology/City>	<http://ja.dbpedia.org/property/隣接自治体>	"隣接自治体"@ja	<http://ja.wikipedia.org/wiki/鎌ケ谷市>	<http://wikidata.dbpedia.org/resource/Q387365>
<http://ja.dbpedia.org/resource/鎌ケ谷市>	"鎌ケ谷市"@ja	<http://dbpedia.org/ontology/PopulatedPlace>	<http://ja.dbpedia.org/property/隣接自治体>	"隣接自治体"@ja	<http://ja.wikipedia.org/wiki/鎌ケ谷市>	<http://wikidata.dbpedia.org/resource/Q387365>
<http://ja.dbpedia.org/resource/鎌ケ谷市>	"鎌ケ谷市"@ja	<http://dbpedia.org/ontology/Location>	<http://ja.dbpedia.org/property/隣接自治体>	"隣接自治体"@ja	<http://ja.wikipedia.org/wiki/鎌ケ谷市>	<http://wikidata.dbpedia.org/resource/Q387365>
