?s	?sLabel	?type	?p	?pLabel	?jwiki	?wd
<http://ja.dbpedia.org/resource/イヌマキ>	"イヌマキ"@ja	<http://dbpedia.org/ontology/Species>	<http://ja.dbpedia.org/property/木>	"木"@ja	<http://ja.wikipedia.org/wiki/イヌマキ>	<http://wikidata.dbpedia.org/resource/Q165063>
<http://ja.dbpedia.org/resource/ウグイス>	"ウグイス"@ja	<http://dbpedia.org/ontology/Species>	<http://ja.dbpedia.org/property/鳥など>	"鳥など"@ja	<http://ja.wikipedia.org/wiki/ウグイス>	<http://wikidata.dbpedia.org/resource/Q27075456>
<http://ja.dbpedia.org/resource/チューリップ>	"チューリップ"@ja	<http://dbpedia.org/ontology/Species>	<http://ja.dbpedia.org/property/花>	"花"@ja	<http://ja.wikipedia.org/wiki/チューリップ>	<http://wikidata.dbpedia.org/resource/Q93201>
<http://ja.dbpedia.org/resource/多古町>	"多古町"@ja	<http://dbpedia.org/ontology/Place>	<http://ja.dbpedia.org/property/隣接自治体>	"隣接自治体"@ja	<http://ja.wikipedia.org/wiki/多古町>	<http://wikidata.dbpedia.org/resource/Q1202807>
<http://ja.dbpedia.org/resource/多古町>	"多古町"@ja	<http://dbpedia.org/ontology/PopulatedPlace>	<http://ja.dbpedia.org/property/northwest>	"Northwest"@ja	<http://ja.wikipedia.org/wiki/多古町>	<http://wikidata.dbpedia.org/resource/Q1202807>
<http://ja.dbpedia.org/resource/多古町>	"多古町"@ja	<http://dbpedia.org/ontology/City>	<http://ja.dbpedia.org/property/隣接自治体>	"隣接自治体"@ja	<http://ja.wikipedia.org/wiki/多古町>	<http://wikidata.dbpedia.org/resource/Q1202807>
<http://ja.dbpedia.org/resource/多古町>	"多古町"@ja	<http://dbpedia.org/ontology/Settlement>	<http://ja.dbpedia.org/property/northwest>	"Northwest"@ja	<http://ja.wikipedia.org/wiki/多古町>	<http://wikidata.dbpedia.org/resource/Q1202807>
<http://ja.dbpedia.org/resource/多古町>	"多古町"@ja	<http://dbpedia.org/ontology/Location>	<http://ja.dbpedia.org/property/northwest>	"Northwest"@ja	<http://ja.wikipedia.org/wiki/多古町>	<http://wikidata.dbpedia.org/resource/Q1202807>
<http://ja.dbpedia.org/resource/多古町>	"多古町"@ja	<http://dbpedia.org/ontology/PopulatedPlace>	<http://ja.dbpedia.org/property/隣接自治体>	"隣接自治体"@ja	<http://ja.wikipedia.org/wiki/多古町>	<http://wikidata.dbpedia.org/resource/Q1202807>
<http://ja.dbpedia.org/resource/多古町>	"多古町"@ja	<http://dbpedia.org/ontology/City>	<http://ja.dbpedia.org/property/northwest>	"Northwest"@ja	<http://ja.wikipedia.org/wiki/多古町>	<http://wikidata.dbpedia.org/resource/Q1202807>
<http://ja.dbpedia.org/resource/多古町>	"多古町"@ja	<http://dbpedia.org/ontology/Settlement>	<http://ja.dbpedia.org/property/隣接自治体>	"隣接自治体"@ja	<http://ja.wikipedia.org/wiki/多古町>	<http://wikidata.dbpedia.org/resource/Q1202807>
<http://ja.dbpedia.org/resource/多古町>	"多古町"@ja	<http://dbpedia.org/ontology/Location>	<http://ja.dbpedia.org/property/隣接自治体>	"隣接自治体"@ja	<http://ja.wikipedia.org/wiki/多古町>	<http://wikidata.dbpedia.org/resource/Q1202807>
<http://ja.dbpedia.org/resource/多古町>	"多古町"@ja	<http://dbpedia.org/ontology/Place>	<http://ja.dbpedia.org/property/northwest>	"Northwest"@ja	<http://ja.wikipedia.org/wiki/多古町>	<http://wikidata.dbpedia.org/resource/Q1202807>
<http://ja.dbpedia.org/resource/旭市>	"旭市"@ja	<http://dbpedia.org/ontology/City>	<http://ja.dbpedia.org/property/隣接自治体>	"隣接自治体"@ja	<http://ja.wikipedia.org/wiki/旭市>	<http://wikidata.dbpedia.org/resource/Q637868>
<http://ja.dbpedia.org/resource/旭市>	"旭市"@ja	<http://dbpedia.org/ontology/Settlement>	<http://ja.dbpedia.org/property/northeast>	"Northeast"@ja	<http://ja.wikipedia.org/wiki/旭市>	<http://wikidata.dbpedia.org/resource/Q637868>
<http://ja.dbpedia.org/resource/旭市>	"旭市"@ja	<http://dbpedia.org/ontology/PopulatedPlace>	<http://ja.dbpedia.org/property/northeast>	"Northeast"@ja	<http://ja.wikipedia.org/wiki/旭市>	<http://wikidata.dbpedia.org/resource/Q637868>
<http://ja.dbpedia.org/resource/旭市>	"旭市"@ja	<http://dbpedia.org/ontology/Place>	<http://ja.dbpedia.org/property/隣接自治体>	"隣接自治体"@ja	<http://ja.wikipedia.org/wiki/旭市>	<http://wikidata.dbpedia.org/resource/Q637868>
<http://ja.dbpedia.org/resource/旭市>	"旭市"@ja	<http://dbpedia.org/ontology/Location>	<http://ja.dbpedia.org/property/northeast>	"Northeast"@ja	<http://ja.wikipedia.org/wiki/旭市>	<http://wikidata.dbpedia.org/resource/Q637868>
<http://ja.dbpedia.org/resource/旭市>	"旭市"@ja	<http://dbpedia.org/ontology/PopulatedPlace>	<http://ja.dbpedia.org/property/隣接自治体>	"隣接自治体"@ja	<http://ja.wikipedia.org/wiki/旭市>	<http://wikidata.dbpedia.org/resource/Q637868>
<http://ja.dbpedia.org/resource/旭市>	"旭市"@ja	<http://dbpedia.org/ontology/City>	<http://ja.dbpedia.org/property/northeast>	"Northeast"@ja	<http://ja.wikipedia.org/wiki/旭市>	<http://wikidata.dbpedia.org/resource/Q637868>
<http://ja.dbpedia.org/resource/旭市>	"旭市"@ja	<http://dbpedia.org/ontology/Settlement>	<http://ja.dbpedia.org/property/隣接自治体>	"隣接自治体"@ja	<http://ja.wikipedia.org/wiki/旭市>	<http://wikidata.dbpedia.org/resource/Q637868>
<http://ja.dbpedia.org/resource/旭市>	"旭市"@ja	<http://dbpedia.org/ontology/Location>	<http://ja.dbpedia.org/property/隣接自治体>	"隣接自治体"@ja	<http://ja.wikipedia.org/wiki/旭市>	<http://wikidata.dbpedia.org/resource/Q637868>
<http://ja.dbpedia.org/resource/旭市>	"旭市"@ja	<http://dbpedia.org/ontology/Place>	<http://ja.dbpedia.org/property/northeast>	"Northeast"@ja	<http://ja.wikipedia.org/wiki/旭市>	<http://wikidata.dbpedia.org/resource/Q637868>
<http://ja.dbpedia.org/resource/横芝光町>	"横芝光町"@ja	<http://dbpedia.org/ontology/City>	<http://ja.dbpedia.org/property/隣接自治体>	"隣接自治体"@ja	<http://ja.wikipedia.org/wiki/横芝光町>	<http://wikidata.dbpedia.org/resource/Q1203260>
<http://ja.dbpedia.org/resource/横芝光町>	"横芝光町"@ja	<http://dbpedia.org/ontology/Settlement>	<http://ja.dbpedia.org/property/southwest>	"Southwest"@ja	<http://ja.wikipedia.org/wiki/横芝光町>	<http://wikidata.dbpedia.org/resource/Q1203260>
<http://ja.dbpedia.org/resource/横芝光町>	"横芝光町"@ja	<http://dbpedia.org/ontology/PopulatedPlace>	<http://ja.dbpedia.org/property/southwest>	"Southwest"@ja	<http://ja.wikipedia.org/wiki/横芝光町>	<http://wikidata.dbpedia.org/resource/Q1203260>
<http://ja.dbpedia.org/resource/横芝光町>	"横芝光町"@ja	<http://dbpedia.org/ontology/Place>	<http://ja.dbpedia.org/property/隣接自治体>	"隣接自治体"@ja	<http://ja.wikipedia.org/wiki/横芝光町>	<http://wikidata.dbpedia.org/resource/Q1203260>
<http://ja.dbpedia.org/resource/横芝光町>	"横芝光町"@ja	<http://dbpedia.org/ontology/Location>	<http://ja.dbpedia.org/property/southwest>	"Southwest"@ja	<http://ja.wikipedia.org/wiki/横芝光町>	<http://wikidata.dbpedia.org/resource/Q1203260>
<http://ja.dbpedia.org/resource/横芝光町>	"横芝光町"@ja	<http://dbpedia.org/ontology/Location>	<http://ja.dbpedia.org/property/隣接自治体>	"隣接自治体"@ja	<http://ja.wikipedia.org/wiki/横芝光町>	<http://wikidata.dbpedia.org/resource/Q1203260>
<http://ja.dbpedia.org/resource/横芝光町>	"横芝光町"@ja	<http://dbpedia.org/ontology/Place>	<http://ja.dbpedia.org/property/southwest>	"Southwest"@ja	<http://ja.wikipedia.org/wiki/横芝光町>	<http://wikidata.dbpedia.org/resource/Q1203260>
<http://ja.dbpedia.org/resource/横芝光町>	"横芝光町"@ja	<http://dbpedia.org/ontology/Settlement>	<http://ja.dbpedia.org/property/隣接自治体>	"隣接自治体"@ja	<http://ja.wikipedia.org/wiki/横芝光町>	<http://wikidata.dbpedia.org/resource/Q1203260>
<http://ja.dbpedia.org/resource/横芝光町>	"横芝光町"@ja	<http://dbpedia.org/ontology/PopulatedPlace>	<http://ja.dbpedia.org/property/隣接自治体>	"隣接自治体"@ja	<http://ja.wikipedia.org/wiki/横芝光町>	<http://wikidata.dbpedia.org/resource/Q1203260>
<http://ja.dbpedia.org/resource/横芝光町>	"横芝光町"@ja	<http://dbpedia.org/ontology/City>	<http://ja.dbpedia.org/property/southwest>	"Southwest"@ja	<http://ja.wikipedia.org/wiki/横芝光町>	<http://wikidata.dbpedia.org/resource/Q1203260>
<http://ja.dbpedia.org/resource/飯高寺>	"飯高寺"@ja	<http://dbpedia.org/ontology/ArchitecturalStructure>	<http://ja.dbpedia.org/property/画像の説明>	"画像の説明"@ja	<http://ja.wikipedia.org/wiki/飯高寺>	<http://wikidata.dbpedia.org/resource/Q11666751>
<http://ja.dbpedia.org/resource/飯高寺>	"飯高寺"@ja	<http://dbpedia.org/ontology/Temple>	<http://ja.dbpedia.org/property/画像の説明>	"画像の説明"@ja	<http://ja.wikipedia.org/wiki/飯高寺>	<http://wikidata.dbpedia.org/resource/Q11666751>
<http://ja.dbpedia.org/resource/飯高寺>	"飯高寺"@ja	<http://dbpedia.org/ontology/Building>	<http://ja.dbpedia.org/property/画像の説明>	"画像の説明"@ja	<http://ja.wikipedia.org/wiki/飯高寺>	<http://wikidata.dbpedia.org/resource/Q11666751>
<http://ja.dbpedia.org/resource/飯高寺>	"飯高寺"@ja	<http://dbpedia.org/ontology/ReligiousBuilding>	<http://ja.dbpedia.org/property/画像の説明>	"画像の説明"@ja	<http://ja.wikipedia.org/wiki/飯高寺>	<http://wikidata.dbpedia.org/resource/Q11666751>
<http://ja.dbpedia.org/resource/香取市>	"香取市"@ja	<http://dbpedia.org/ontology/Place>	<http://ja.dbpedia.org/property/隣接自治体>	"隣接自治体"@ja	<http://ja.wikipedia.org/wiki/香取市>	<http://wikidata.dbpedia.org/resource/Q858357>
<http://ja.dbpedia.org/resource/香取市>	"香取市"@ja	<http://dbpedia.org/ontology/PopulatedPlace>	<http://ja.dbpedia.org/property/north>	"North"@ja	<http://ja.wikipedia.org/wiki/香取市>	<http://wikidata.dbpedia.org/resource/Q858357>
<http://ja.dbpedia.org/resource/香取市>	"香取市"@ja	<http://dbpedia.org/ontology/Location>	<http://ja.dbpedia.org/property/north>	"North"@ja	<http://ja.wikipedia.org/wiki/香取市>	<http://wikidata.dbpedia.org/resource/Q858357>
<http://ja.dbpedia.org/resource/香取市>	"香取市"@ja	<http://dbpedia.org/ontology/City>	<http://ja.dbpedia.org/property/隣接自治体>	"隣接自治体"@ja	<http://ja.wikipedia.org/wiki/香取市>	<http://wikidata.dbpedia.org/resource/Q858357>
<http://ja.dbpedia.org/resource/香取市>	"香取市"@ja	<http://dbpedia.org/ontology/Settlement>	<http://ja.dbpedia.org/property/north>	"North"@ja	<http://ja.wikipedia.org/wiki/香取市>	<http://wikidata.dbpedia.org/resource/Q858357>
<http://ja.dbpedia.org/resource/香取市>	"香取市"@ja	<http://dbpedia.org/ontology/Settlement>	<http://ja.dbpedia.org/property/隣接自治体>	"隣接自治体"@ja	<http://ja.wikipedia.org/wiki/香取市>	<http://wikidata.dbpedia.org/resource/Q858357>
<http://ja.dbpedia.org/resource/香取市>	"香取市"@ja	<http://dbpedia.org/ontology/City>	<http://ja.dbpedia.org/property/north>	"North"@ja	<http://ja.wikipedia.org/wiki/香取市>	<http://wikidata.dbpedia.org/resource/Q858357>
<http://ja.dbpedia.org/resource/香取市>	"香取市"@ja	<http://dbpedia.org/ontology/PopulatedPlace>	<http://ja.dbpedia.org/property/隣接自治体>	"隣接自治体"@ja	<http://ja.wikipedia.org/wiki/香取市>	<http://wikidata.dbpedia.org/resource/Q858357>
<http://ja.dbpedia.org/resource/香取市>	"香取市"@ja	<http://dbpedia.org/ontology/Place>	<http://ja.dbpedia.org/property/north>	"North"@ja	<http://ja.wikipedia.org/wiki/香取市>	<http://wikidata.dbpedia.org/resource/Q858357>
<http://ja.dbpedia.org/resource/香取市>	"香取市"@ja	<http://dbpedia.org/ontology/Location>	<http://ja.dbpedia.org/property/隣接自治体>	"隣接自治体"@ja	<http://ja.wikipedia.org/wiki/香取市>	<http://wikidata.dbpedia.org/resource/Q858357>
