?s	?sLabel	?type	?p	?pLabel	?jwiki	?wd
<http://ja.dbpedia.org/resource/カツラ_(植物)>	"カツラ (植物)"@ja	<http://dbpedia.org/ontology/Species>	<http://ja.dbpedia.org/property/木>	"木"@ja	<http://ja.wikipedia.org/wiki/カツラ_(植物)>	<http://wikidata.dbpedia.org/resource/Q526549>
<http://ja.dbpedia.org/resource/コウライキジ>	"コウライキジ"@ja	<http://dbpedia.org/ontology/Eukaryote>	<http://ja.dbpedia.org/property/鳥など>	"鳥など"@ja	<http://ja.wikipedia.org/wiki/コウライキジ>	<http://wikidata.dbpedia.org/resource/Q25432>
<http://ja.dbpedia.org/resource/コウライキジ>	"コウライキジ"@ja	<http://dbpedia.org/ontology/Bird>	<http://ja.dbpedia.org/property/鳥など>	"鳥など"@ja	<http://ja.wikipedia.org/wiki/コウライキジ>	<http://wikidata.dbpedia.org/resource/Q25432>
<http://ja.dbpedia.org/resource/コウライキジ>	"コウライキジ"@ja	<http://dbpedia.org/ontology/Species>	<http://ja.dbpedia.org/property/鳥など>	"鳥など"@ja	<http://ja.wikipedia.org/wiki/コウライキジ>	<http://wikidata.dbpedia.org/resource/Q25432>
<http://ja.dbpedia.org/resource/コウライキジ>	"コウライキジ"@ja	<http://dbpedia.org/ontology/Animal>	<http://ja.dbpedia.org/property/鳥など>	"鳥など"@ja	<http://ja.wikipedia.org/wiki/コウライキジ>	<http://wikidata.dbpedia.org/resource/Q25432>
<http://ja.dbpedia.org/resource/サケ>	"サケ"@ja	<http://dbpedia.org/ontology/Fish>	<http://ja.dbpedia.org/property/鳥など>	"鳥など"@ja	<http://ja.wikipedia.org/wiki/サケ>	<http://wikidata.dbpedia.org/resource/Q475211>
<http://ja.dbpedia.org/resource/サケ>	"サケ"@ja	<http://dbpedia.org/ontology/Eukaryote>	<http://ja.dbpedia.org/property/鳥など>	"鳥など"@ja	<http://ja.wikipedia.org/wiki/サケ>	<http://wikidata.dbpedia.org/resource/Q475211>
<http://ja.dbpedia.org/resource/サケ>	"サケ"@ja	<http://dbpedia.org/ontology/Species>	<http://ja.dbpedia.org/property/鳥など>	"鳥など"@ja	<http://ja.wikipedia.org/wiki/サケ>	<http://wikidata.dbpedia.org/resource/Q475211>
<http://ja.dbpedia.org/resource/サケ>	"サケ"@ja	<http://dbpedia.org/ontology/Animal>	<http://ja.dbpedia.org/property/鳥など>	"鳥など"@ja	<http://ja.wikipedia.org/wiki/サケ>	<http://wikidata.dbpedia.org/resource/Q475211>
<http://ja.dbpedia.org/resource/シラカンバ>	"シラカンバ"@ja	<http://dbpedia.org/ontology/Species>	<http://ja.dbpedia.org/property/木>	"木"@ja	<http://ja.wikipedia.org/wiki/シラカンバ>	<http://wikidata.dbpedia.org/resource/Q1373854>
<http://ja.dbpedia.org/resource/ツツジ>	"ツツジ"@ja	<http://dbpedia.org/ontology/Species>	<http://ja.dbpedia.org/property/花>	"花"@ja	<http://ja.wikipedia.org/wiki/ツツジ>	<http://wikidata.dbpedia.org/resource/Q189393>
<http://ja.dbpedia.org/resource/ハナショウブ>	"ハナショウブ"@ja	<http://dbpedia.org/ontology/Species>	<http://ja.dbpedia.org/property/花>	"花"@ja	<http://ja.wikipedia.org/wiki/ハナショウブ>	<http://wikidata.dbpedia.org/resource/Q21558856>
<http://ja.dbpedia.org/resource/ヒメマス>	"ヒメマス"@ja	<http://dbpedia.org/ontology/Animal>	<http://ja.dbpedia.org/property/鳥など>	"鳥など"@ja	<http://ja.wikipedia.org/wiki/ヒメマス>	<http://wikidata.dbpedia.org/resource/Q11330205>
<http://ja.dbpedia.org/resource/ヒメマス>	"ヒメマス"@ja	<http://dbpedia.org/ontology/Fish>	<http://ja.dbpedia.org/property/鳥など>	"鳥など"@ja	<http://ja.wikipedia.org/wiki/ヒメマス>	<http://wikidata.dbpedia.org/resource/Q11330205>
<http://ja.dbpedia.org/resource/ヒメマス>	"ヒメマス"@ja	<http://dbpedia.org/ontology/Species>	<http://ja.dbpedia.org/property/鳥など>	"鳥など"@ja	<http://ja.wikipedia.org/wiki/ヒメマス>	<http://wikidata.dbpedia.org/resource/Q11330205>
<http://ja.dbpedia.org/resource/ヒメマス>	"ヒメマス"@ja	<http://dbpedia.org/ontology/Eukaryote>	<http://ja.dbpedia.org/property/鳥など>	"鳥など"@ja	<http://ja.wikipedia.org/wiki/ヒメマス>	<http://wikidata.dbpedia.org/resource/Q11330205>
<http://ja.dbpedia.org/resource/ヤマセミ>	"ヤマセミ"@ja	<http://dbpedia.org/ontology/Eukaryote>	<http://ja.dbpedia.org/property/鳥など>	"鳥など"@ja	<http://ja.wikipedia.org/wiki/ヤマセミ>	<http://wikidata.dbpedia.org/resource/Q371843>
<http://ja.dbpedia.org/resource/ヤマセミ>	"ヤマセミ"@ja	<http://dbpedia.org/ontology/Bird>	<http://ja.dbpedia.org/property/鳥など>	"鳥など"@ja	<http://ja.wikipedia.org/wiki/ヤマセミ>	<http://wikidata.dbpedia.org/resource/Q371843>
<http://ja.dbpedia.org/resource/ヤマセミ>	"ヤマセミ"@ja	<http://dbpedia.org/ontology/Species>	<http://ja.dbpedia.org/property/鳥など>	"鳥など"@ja	<http://ja.wikipedia.org/wiki/ヤマセミ>	<http://wikidata.dbpedia.org/resource/Q371843>
<http://ja.dbpedia.org/resource/ヤマセミ>	"ヤマセミ"@ja	<http://dbpedia.org/ontology/Animal>	<http://ja.dbpedia.org/property/鳥など>	"鳥など"@ja	<http://ja.wikipedia.org/wiki/ヤマセミ>	<http://wikidata.dbpedia.org/resource/Q371843>
