?s	?sLabel	?type	?p	?pLabel	?jwiki	?wd
<http://ja.dbpedia.org/resource/コスモス>	"コスモス"@ja	<http://dbpedia.org/ontology/Species>	<http://ja.dbpedia.org/property/花>	"花"@ja	<http://ja.wikipedia.org/wiki/コスモス>	<http://wikidata.dbpedia.org/resource/Q476937>
<http://ja.dbpedia.org/resource/ツツジ>	"ツツジ"@ja	<http://dbpedia.org/ontology/Species>	<http://ja.dbpedia.org/property/花>	"花"@ja	<http://ja.wikipedia.org/wiki/ツツジ>	<http://wikidata.dbpedia.org/resource/Q189393>
<http://ja.dbpedia.org/resource/プラタナス>	"プラタナス"@ja	<http://dbpedia.org/ontology/Species>	<http://ja.dbpedia.org/property/木>	"木"@ja	<http://ja.wikipedia.org/wiki/プラタナス>	<http://wikidata.dbpedia.org/resource/Q163025>
<http://ja.dbpedia.org/resource/滝川市航空科学センター>	"滝川市航空科学センター"@ja	<http://dbpedia.org/ontology/ArchitecturalStructure>	<http://ja.dbpedia.org/property/画像の説明>	"画像の説明"@ja	<http://ja.wikipedia.org/wiki/滝川市航空科学センター>	<http://wikidata.dbpedia.org/resource/Q26457215>
<http://ja.dbpedia.org/resource/滝川市航空科学センター>	"滝川市航空科学センター"@ja	<http://dbpedia.org/ontology/Infrastructure>	<http://ja.dbpedia.org/property/画像の説明>	"画像の説明"@ja	<http://ja.wikipedia.org/wiki/滝川市航空科学センター>	<http://wikidata.dbpedia.org/resource/Q26457215>
<http://ja.dbpedia.org/resource/滝川市航空科学センター>	"滝川市航空科学センター"@ja	<http://dbpedia.org/ontology/Airport>	<http://ja.dbpedia.org/property/画像の説明>	"画像の説明"@ja	<http://ja.wikipedia.org/wiki/滝川市航空科学センター>	<http://wikidata.dbpedia.org/resource/Q26457215>
