?s	?sLabel	?type	?p	?pLabel	?jwiki	?wd
<http://ja.dbpedia.org/resource/スズラン>	"スズラン"@ja	<http://dbpedia.org/ontology/Species>	<http://ja.dbpedia.org/property/花>	"花"@ja	<http://ja.wikipedia.org/wiki/スズラン>	<http://wikidata.dbpedia.org/resource/Q101711>
<http://ja.dbpedia.org/resource/ソメスサドル>	"ソメスサドル"@ja	<http://dbpedia.org/ontology/Company>	<http://ja.dbpedia.org/property/画像の説明>	"画像の説明"@ja	<http://ja.wikipedia.org/wiki/ソメスサドル>	<http://wikidata.dbpedia.org/resource/Q3558368>
<http://ja.dbpedia.org/resource/ソメスサドル>	"ソメスサドル"@ja	<http://dbpedia.org/ontology/Organisation>	<http://ja.dbpedia.org/property/画像の説明>	"画像の説明"@ja	<http://ja.wikipedia.org/wiki/ソメスサドル>	<http://wikidata.dbpedia.org/resource/Q3558368>
<http://ja.dbpedia.org/resource/ソメスサドル>	"ソメスサドル"@ja	<http://dbpedia.org/ontology/Agent>	<http://ja.dbpedia.org/property/画像の説明>	"画像の説明"@ja	<http://ja.wikipedia.org/wiki/ソメスサドル>	<http://wikidata.dbpedia.org/resource/Q3558368>
<http://ja.dbpedia.org/resource/ナナカマド>	"ナナカマド"@ja	<http://dbpedia.org/ontology/Species>	<http://ja.dbpedia.org/property/木>	"木"@ja	<http://ja.wikipedia.org/wiki/ナナカマド>	<http://wikidata.dbpedia.org/resource/Q1210209>
