?s	?sLabel	?type	?p	?pLabel	?jwiki	?wd
<http://ja.dbpedia.org/resource/えこりん村>	"えこりん村"@ja	<http://dbpedia.org/ontology/ArchitecturalStructure>	<http://ja.dbpedia.org/property/画像の説明>	"画像の説明"@ja	<http://ja.wikipedia.org/wiki/えこりん村>	<http://wikidata.dbpedia.org/resource/Q11260956>
<http://ja.dbpedia.org/resource/イチイ>	"イチイ"@ja	<http://dbpedia.org/ontology/Species>	<http://ja.dbpedia.org/property/木>	"木"@ja	<http://ja.wikipedia.org/wiki/イチイ>	<http://wikidata.dbpedia.org/resource/Q1144815>
<http://ja.dbpedia.org/resource/カワセミ>	"カワセミ"@ja	<http://dbpedia.org/ontology/Species>	<http://ja.dbpedia.org/property/鳥など>	"鳥など"@ja	<http://ja.wikipedia.org/wiki/カワセミ>	<http://wikidata.dbpedia.org/resource/Q79915>
<http://ja.dbpedia.org/resource/スズラン>	"スズラン"@ja	<http://dbpedia.org/ontology/Species>	<http://ja.dbpedia.org/property/花>	"花"@ja	<http://ja.wikipedia.org/wiki/スズラン>	<http://wikidata.dbpedia.org/resource/Q101711>
