?s	?sLabel	?type	?p	?pLabel	?jwiki	?wd
<http://ja.dbpedia.org/resource/サザンカ>	"サザンカ"@ja	<http://dbpedia.org/ontology/Species>	<http://ja.dbpedia.org/property/木>	"木"@ja	<http://ja.wikipedia.org/wiki/サザンカ>	<http://wikidata.dbpedia.org/resource/Q2590046>
<http://ja.dbpedia.org/resource/リンドウ>	"リンドウ"@ja	<http://dbpedia.org/ontology/Species>	<http://ja.dbpedia.org/property/花>	"花"@ja	<http://ja.wikipedia.org/wiki/リンドウ>	<http://wikidata.dbpedia.org/resource/Q926053>
<http://ja.dbpedia.org/resource/千葉県立房総のむら>	"千葉県立房総のむら"@ja	<http://dbpedia.org/ontology/ArchitecturalStructure>	<http://ja.dbpedia.org/property/画像の説明>	"画像の説明"@ja	<http://ja.wikipedia.org/wiki/千葉県立房総のむら>	<http://wikidata.dbpedia.org/resource/Q11406280>
<http://ja.dbpedia.org/resource/千葉県立房総のむら>	"千葉県立房総のむら"@ja	<http://dbpedia.org/ontology/Building>	<http://ja.dbpedia.org/property/画像の説明>	"画像の説明"@ja	<http://ja.wikipedia.org/wiki/千葉県立房総のむら>	<http://wikidata.dbpedia.org/resource/Q11406280>
<http://ja.dbpedia.org/resource/千葉県立房総のむら>	"千葉県立房総のむら"@ja	<http://dbpedia.org/ontology/Museum>	<http://ja.dbpedia.org/property/画像の説明>	"画像の説明"@ja	<http://ja.wikipedia.org/wiki/千葉県立房総のむら>	<http://wikidata.dbpedia.org/resource/Q11406280>
<http://ja.dbpedia.org/resource/印西市>	"印西市"@ja	<http://dbpedia.org/ontology/Location>	<http://ja.dbpedia.org/property/隣接自治体>	"隣接自治体"@ja	<http://ja.wikipedia.org/wiki/印西市>	<http://wikidata.dbpedia.org/resource/Q637901>
<http://ja.dbpedia.org/resource/印西市>	"印西市"@ja	<http://dbpedia.org/ontology/City>	<http://ja.dbpedia.org/property/隣接自治体>	"隣接自治体"@ja	<http://ja.wikipedia.org/wiki/印西市>	<http://wikidata.dbpedia.org/resource/Q637901>
<http://ja.dbpedia.org/resource/印西市>	"印西市"@ja	<http://dbpedia.org/ontology/PopulatedPlace>	<http://ja.dbpedia.org/property/隣接自治体>	"隣接自治体"@ja	<http://ja.wikipedia.org/wiki/印西市>	<http://wikidata.dbpedia.org/resource/Q637901>
<http://ja.dbpedia.org/resource/印西市>	"印西市"@ja	<http://dbpedia.org/ontology/Settlement>	<http://ja.dbpedia.org/property/隣接自治体>	"隣接自治体"@ja	<http://ja.wikipedia.org/wiki/印西市>	<http://wikidata.dbpedia.org/resource/Q637901>
<http://ja.dbpedia.org/resource/印西市>	"印西市"@ja	<http://dbpedia.org/ontology/Place>	<http://ja.dbpedia.org/property/隣接自治体>	"隣接自治体"@ja	<http://ja.wikipedia.org/wiki/印西市>	<http://wikidata.dbpedia.org/resource/Q637901>
<http://ja.dbpedia.org/resource/成田市>	"成田市"@ja	<http://dbpedia.org/ontology/City>	<http://ja.dbpedia.org/property/隣接自治体>	"隣接自治体"@ja	<http://ja.wikipedia.org/wiki/成田市>	<http://wikidata.dbpedia.org/resource/Q273798>
<http://ja.dbpedia.org/resource/成田市>	"成田市"@ja	<http://dbpedia.org/ontology/Location>	<http://ja.dbpedia.org/property/隣接自治体>	"隣接自治体"@ja	<http://ja.wikipedia.org/wiki/成田市>	<http://wikidata.dbpedia.org/resource/Q273798>
<http://ja.dbpedia.org/resource/成田市>	"成田市"@ja	<http://dbpedia.org/ontology/PopulatedPlace>	<http://ja.dbpedia.org/property/隣接自治体>	"隣接自治体"@ja	<http://ja.wikipedia.org/wiki/成田市>	<http://wikidata.dbpedia.org/resource/Q273798>
<http://ja.dbpedia.org/resource/成田市>	"成田市"@ja	<http://dbpedia.org/ontology/Place>	<http://ja.dbpedia.org/property/隣接自治体>	"隣接自治体"@ja	<http://ja.wikipedia.org/wiki/成田市>	<http://wikidata.dbpedia.org/resource/Q273798>
<http://ja.dbpedia.org/resource/成田市>	"成田市"@ja	<http://dbpedia.org/ontology/Settlement>	<http://ja.dbpedia.org/property/隣接自治体>	"隣接自治体"@ja	<http://ja.wikipedia.org/wiki/成田市>	<http://wikidata.dbpedia.org/resource/Q273798>
