?s	?sLabel	?type	?p	?pLabel	?jwiki	?wd
<http://ja.dbpedia.org/resource/オオヤマザクラ>	"オオヤマザクラ"@ja	<http://dbpedia.org/ontology/Species>	<http://ja.dbpedia.org/property/木>	"木"@ja	<http://ja.wikipedia.org/wiki/オオヤマザクラ>	<http://wikidata.dbpedia.org/resource/Q163039>
<http://ja.dbpedia.org/resource/オオヤマザクラ>	"オオヤマザクラ"@ja	<http://dbpedia.org/ontology/Eukaryote>	<http://ja.dbpedia.org/property/木>	"木"@ja	<http://ja.wikipedia.org/wiki/オオヤマザクラ>	<http://wikidata.dbpedia.org/resource/Q163039>
<http://ja.dbpedia.org/resource/オオヤマザクラ>	"オオヤマザクラ"@ja	<http://dbpedia.org/ontology/Plant>	<http://ja.dbpedia.org/property/木>	"木"@ja	<http://ja.wikipedia.org/wiki/オオヤマザクラ>	<http://wikidata.dbpedia.org/resource/Q163039>
<http://ja.dbpedia.org/resource/ツツジ>	"ツツジ"@ja	<http://dbpedia.org/ontology/Species>	<http://ja.dbpedia.org/property/花>	"花"@ja	<http://ja.wikipedia.org/wiki/ツツジ>	<http://wikidata.dbpedia.org/resource/Q189393>
<http://ja.dbpedia.org/resource/千歳市>	"千歳市"@ja	<http://dbpedia.org/ontology/PopulatedPlace>	<http://ja.dbpedia.org/property/隣接自治体>	"隣接自治体"@ja	<http://ja.wikipedia.org/wiki/千歳市>	<http://wikidata.dbpedia.org/resource/Q693237>
<http://ja.dbpedia.org/resource/千歳市>	"千歳市"@ja	<http://dbpedia.org/ontology/Place>	<http://ja.dbpedia.org/property/隣接自治体>	"隣接自治体"@ja	<http://ja.wikipedia.org/wiki/千歳市>	<http://wikidata.dbpedia.org/resource/Q693237>
<http://ja.dbpedia.org/resource/千歳市>	"千歳市"@ja	<http://dbpedia.org/ontology/City>	<http://ja.dbpedia.org/property/隣接自治体>	"隣接自治体"@ja	<http://ja.wikipedia.org/wiki/千歳市>	<http://wikidata.dbpedia.org/resource/Q693237>
<http://ja.dbpedia.org/resource/千歳市>	"千歳市"@ja	<http://dbpedia.org/ontology/Location>	<http://ja.dbpedia.org/property/隣接自治体>	"隣接自治体"@ja	<http://ja.wikipedia.org/wiki/千歳市>	<http://wikidata.dbpedia.org/resource/Q693237>
<http://ja.dbpedia.org/resource/千歳市>	"千歳市"@ja	<http://dbpedia.org/ontology/Settlement>	<http://ja.dbpedia.org/property/隣接自治体>	"隣接自治体"@ja	<http://ja.wikipedia.org/wiki/千歳市>	<http://wikidata.dbpedia.org/resource/Q693237>
<http://ja.dbpedia.org/resource/喜茂別町>	"喜茂別町"@ja	<http://dbpedia.org/ontology/Location>	<http://ja.dbpedia.org/property/隣接自治体>	"隣接自治体"@ja	<http://ja.wikipedia.org/wiki/喜茂別町>	<http://wikidata.dbpedia.org/resource/Q1355478>
<http://ja.dbpedia.org/resource/喜茂別町>	"喜茂別町"@ja	<http://dbpedia.org/ontology/City>	<http://ja.dbpedia.org/property/隣接自治体>	"隣接自治体"@ja	<http://ja.wikipedia.org/wiki/喜茂別町>	<http://wikidata.dbpedia.org/resource/Q1355478>
<http://ja.dbpedia.org/resource/喜茂別町>	"喜茂別町"@ja	<http://dbpedia.org/ontology/PopulatedPlace>	<http://ja.dbpedia.org/property/隣接自治体>	"隣接自治体"@ja	<http://ja.wikipedia.org/wiki/喜茂別町>	<http://wikidata.dbpedia.org/resource/Q1355478>
<http://ja.dbpedia.org/resource/喜茂別町>	"喜茂別町"@ja	<http://dbpedia.org/ontology/Settlement>	<http://ja.dbpedia.org/property/隣接自治体>	"隣接自治体"@ja	<http://ja.wikipedia.org/wiki/喜茂別町>	<http://wikidata.dbpedia.org/resource/Q1355478>
<http://ja.dbpedia.org/resource/喜茂別町>	"喜茂別町"@ja	<http://dbpedia.org/ontology/Place>	<http://ja.dbpedia.org/property/隣接自治体>	"隣接自治体"@ja	<http://ja.wikipedia.org/wiki/喜茂別町>	<http://wikidata.dbpedia.org/resource/Q1355478>
<http://ja.dbpedia.org/resource/札幌市>	"札幌市"@ja	<http://dbpedia.org/ontology/Location>	<http://ja.dbpedia.org/property/隣接自治体>	"隣接自治体"@ja	<http://ja.wikipedia.org/wiki/札幌市>	<http://wikidata.dbpedia.org/resource/Q37951>
<http://ja.dbpedia.org/resource/札幌市>	"札幌市"@ja	<http://dbpedia.org/ontology/Settlement>	<http://ja.dbpedia.org/property/隣接自治体>	"隣接自治体"@ja	<http://ja.wikipedia.org/wiki/札幌市>	<http://wikidata.dbpedia.org/resource/Q37951>
<http://ja.dbpedia.org/resource/札幌市>	"札幌市"@ja	<http://dbpedia.org/ontology/Place>	<http://ja.dbpedia.org/property/隣接自治体>	"隣接自治体"@ja	<http://ja.wikipedia.org/wiki/札幌市>	<http://wikidata.dbpedia.org/resource/Q37951>
<http://ja.dbpedia.org/resource/札幌市>	"札幌市"@ja	<http://dbpedia.org/ontology/City>	<http://ja.dbpedia.org/property/隣接自治体>	"隣接自治体"@ja	<http://ja.wikipedia.org/wiki/札幌市>	<http://wikidata.dbpedia.org/resource/Q37951>
<http://ja.dbpedia.org/resource/札幌市>	"札幌市"@ja	<http://dbpedia.org/ontology/PopulatedPlace>	<http://ja.dbpedia.org/property/隣接自治体>	"隣接自治体"@ja	<http://ja.wikipedia.org/wiki/札幌市>	<http://wikidata.dbpedia.org/resource/Q37951>
<http://ja.dbpedia.org/resource/留寿都村>	"留寿都村"@ja	<http://dbpedia.org/ontology/Settlement>	<http://ja.dbpedia.org/property/隣接自治体>	"隣接自治体"@ja	<http://ja.wikipedia.org/wiki/留寿都村>	<http://wikidata.dbpedia.org/resource/Q1354413>
<http://ja.dbpedia.org/resource/留寿都村>	"留寿都村"@ja	<http://dbpedia.org/ontology/Place>	<http://ja.dbpedia.org/property/隣接自治体>	"隣接自治体"@ja	<http://ja.wikipedia.org/wiki/留寿都村>	<http://wikidata.dbpedia.org/resource/Q1354413>
<http://ja.dbpedia.org/resource/留寿都村>	"留寿都村"@ja	<http://dbpedia.org/ontology/City>	<http://ja.dbpedia.org/property/隣接自治体>	"隣接自治体"@ja	<http://ja.wikipedia.org/wiki/留寿都村>	<http://wikidata.dbpedia.org/resource/Q1354413>
<http://ja.dbpedia.org/resource/留寿都村>	"留寿都村"@ja	<http://dbpedia.org/ontology/PopulatedPlace>	<http://ja.dbpedia.org/property/隣接自治体>	"隣接自治体"@ja	<http://ja.wikipedia.org/wiki/留寿都村>	<http://wikidata.dbpedia.org/resource/Q1354413>
<http://ja.dbpedia.org/resource/留寿都村>	"留寿都村"@ja	<http://dbpedia.org/ontology/Location>	<http://ja.dbpedia.org/property/隣接自治体>	"隣接自治体"@ja	<http://ja.wikipedia.org/wiki/留寿都村>	<http://wikidata.dbpedia.org/resource/Q1354413>
