?s	?sLabel	?type	?p	?pLabel	?jwiki	?wd
<http://ja.dbpedia.org/resource/オオムラサキ>	"オオムラサキ"@ja	<http://dbpedia.org/ontology/Species>	<http://ja.dbpedia.org/property/木>	"木"@ja	<http://ja.wikipedia.org/wiki/オオムラサキ>	<http://wikidata.dbpedia.org/resource/Q714716>
<http://ja.dbpedia.org/resource/コジュリン>	"コジュリン"@ja	<http://dbpedia.org/ontology/Species>	<http://ja.dbpedia.org/property/鳥など>	"鳥など"@ja	<http://ja.wikipedia.org/wiki/コジュリン>	<http://wikidata.dbpedia.org/resource/Q1589261>
<http://ja.dbpedia.org/resource/旭市>	"旭市"@ja	<http://dbpedia.org/ontology/PopulatedPlace>	<http://ja.dbpedia.org/property/south>	"South"@ja	<http://ja.wikipedia.org/wiki/旭市>	<http://wikidata.dbpedia.org/resource/Q637868>
<http://ja.dbpedia.org/resource/旭市>	"旭市"@ja	<http://dbpedia.org/ontology/City>	<http://ja.dbpedia.org/property/隣接自治体>	"隣接自治体"@ja	<http://ja.wikipedia.org/wiki/旭市>	<http://wikidata.dbpedia.org/resource/Q637868>
<http://ja.dbpedia.org/resource/旭市>	"旭市"@ja	<http://dbpedia.org/ontology/Place>	<http://ja.dbpedia.org/property/隣接自治体>	"隣接自治体"@ja	<http://ja.wikipedia.org/wiki/旭市>	<http://wikidata.dbpedia.org/resource/Q637868>
<http://ja.dbpedia.org/resource/旭市>	"旭市"@ja	<http://dbpedia.org/ontology/Settlement>	<http://ja.dbpedia.org/property/south>	"South"@ja	<http://ja.wikipedia.org/wiki/旭市>	<http://wikidata.dbpedia.org/resource/Q637868>
<http://ja.dbpedia.org/resource/旭市>	"旭市"@ja	<http://dbpedia.org/ontology/Location>	<http://ja.dbpedia.org/property/south>	"South"@ja	<http://ja.wikipedia.org/wiki/旭市>	<http://wikidata.dbpedia.org/resource/Q637868>
<http://ja.dbpedia.org/resource/旭市>	"旭市"@ja	<http://dbpedia.org/ontology/Location>	<http://ja.dbpedia.org/property/隣接自治体>	"隣接自治体"@ja	<http://ja.wikipedia.org/wiki/旭市>	<http://wikidata.dbpedia.org/resource/Q637868>
<http://ja.dbpedia.org/resource/旭市>	"旭市"@ja	<http://dbpedia.org/ontology/Settlement>	<http://ja.dbpedia.org/property/隣接自治体>	"隣接自治体"@ja	<http://ja.wikipedia.org/wiki/旭市>	<http://wikidata.dbpedia.org/resource/Q637868>
<http://ja.dbpedia.org/resource/旭市>	"旭市"@ja	<http://dbpedia.org/ontology/City>	<http://ja.dbpedia.org/property/south>	"South"@ja	<http://ja.wikipedia.org/wiki/旭市>	<http://wikidata.dbpedia.org/resource/Q637868>
<http://ja.dbpedia.org/resource/旭市>	"旭市"@ja	<http://dbpedia.org/ontology/Place>	<http://ja.dbpedia.org/property/south>	"South"@ja	<http://ja.wikipedia.org/wiki/旭市>	<http://wikidata.dbpedia.org/resource/Q637868>
<http://ja.dbpedia.org/resource/旭市>	"旭市"@ja	<http://dbpedia.org/ontology/PopulatedPlace>	<http://ja.dbpedia.org/property/隣接自治体>	"隣接自治体"@ja	<http://ja.wikipedia.org/wiki/旭市>	<http://wikidata.dbpedia.org/resource/Q637868>
<http://ja.dbpedia.org/resource/東大社>	"東大社"@ja	<http://dbpedia.org/ontology/ArchitecturalStructure>	<http://ja.dbpedia.org/property/画像の説明>	"画像の説明"@ja	<http://ja.wikipedia.org/wiki/東大社>	<http://wikidata.dbpedia.org/resource/Q11526492>
<http://ja.dbpedia.org/resource/東大社>	"東大社"@ja	<http://dbpedia.org/ontology/Shrine>	<http://ja.dbpedia.org/property/画像の説明>	"画像の説明"@ja	<http://ja.wikipedia.org/wiki/東大社>	<http://wikidata.dbpedia.org/resource/Q11526492>
<http://ja.dbpedia.org/resource/東大社>	"東大社"@ja	<http://dbpedia.org/ontology/Building>	<http://ja.dbpedia.org/property/画像の説明>	"画像の説明"@ja	<http://ja.wikipedia.org/wiki/東大社>	<http://wikidata.dbpedia.org/resource/Q11526492>
<http://ja.dbpedia.org/resource/東大社>	"東大社"@ja	<http://dbpedia.org/ontology/ReligiousBuilding>	<http://ja.dbpedia.org/property/画像の説明>	"画像の説明"@ja	<http://ja.wikipedia.org/wiki/東大社>	<http://wikidata.dbpedia.org/resource/Q11526492>
<http://ja.dbpedia.org/resource/神栖市>	"神栖市"@ja	<http://dbpedia.org/ontology/PopulatedPlace>	<http://ja.dbpedia.org/property/隣接自治体>	"隣接自治体"@ja	<http://ja.wikipedia.org/wiki/神栖市>	<http://wikidata.dbpedia.org/resource/Q840595>
<http://ja.dbpedia.org/resource/神栖市>	"神栖市"@ja	<http://dbpedia.org/ontology/City>	<http://ja.dbpedia.org/property/north>	"North"@ja	<http://ja.wikipedia.org/wiki/神栖市>	<http://wikidata.dbpedia.org/resource/Q840595>
<http://ja.dbpedia.org/resource/神栖市>	"神栖市"@ja	<http://dbpedia.org/ontology/Place>	<http://ja.dbpedia.org/property/north>	"North"@ja	<http://ja.wikipedia.org/wiki/神栖市>	<http://wikidata.dbpedia.org/resource/Q840595>
<http://ja.dbpedia.org/resource/神栖市>	"神栖市"@ja	<http://dbpedia.org/ontology/Settlement>	<http://ja.dbpedia.org/property/隣接自治体>	"隣接自治体"@ja	<http://ja.wikipedia.org/wiki/神栖市>	<http://wikidata.dbpedia.org/resource/Q840595>
<http://ja.dbpedia.org/resource/神栖市>	"神栖市"@ja	<http://dbpedia.org/ontology/Location>	<http://ja.dbpedia.org/property/隣接自治体>	"隣接自治体"@ja	<http://ja.wikipedia.org/wiki/神栖市>	<http://wikidata.dbpedia.org/resource/Q840595>
<http://ja.dbpedia.org/resource/神栖市>	"神栖市"@ja	<http://dbpedia.org/ontology/Location>	<http://ja.dbpedia.org/property/north>	"North"@ja	<http://ja.wikipedia.org/wiki/神栖市>	<http://wikidata.dbpedia.org/resource/Q840595>
<http://ja.dbpedia.org/resource/神栖市>	"神栖市"@ja	<http://dbpedia.org/ontology/Place>	<http://ja.dbpedia.org/property/隣接自治体>	"隣接自治体"@ja	<http://ja.wikipedia.org/wiki/神栖市>	<http://wikidata.dbpedia.org/resource/Q840595>
<http://ja.dbpedia.org/resource/神栖市>	"神栖市"@ja	<http://dbpedia.org/ontology/PopulatedPlace>	<http://ja.dbpedia.org/property/north>	"North"@ja	<http://ja.wikipedia.org/wiki/神栖市>	<http://wikidata.dbpedia.org/resource/Q840595>
<http://ja.dbpedia.org/resource/神栖市>	"神栖市"@ja	<http://dbpedia.org/ontology/City>	<http://ja.dbpedia.org/property/隣接自治体>	"隣接自治体"@ja	<http://ja.wikipedia.org/wiki/神栖市>	<http://wikidata.dbpedia.org/resource/Q840595>
<http://ja.dbpedia.org/resource/神栖市>	"神栖市"@ja	<http://dbpedia.org/ontology/Settlement>	<http://ja.dbpedia.org/property/north>	"North"@ja	<http://ja.wikipedia.org/wiki/神栖市>	<http://wikidata.dbpedia.org/resource/Q840595>
<http://ja.dbpedia.org/resource/茨城県>	"茨城県"@ja	<http://dbpedia.org/ontology/AdministrativeRegion>	<http://ja.dbpedia.org/property/隣接自治体>	"隣接自治体"@ja	<http://ja.wikipedia.org/wiki/茨城県>	<http://wikidata.dbpedia.org/resource/Q83273>
<http://ja.dbpedia.org/resource/茨城県>	"茨城県"@ja	<http://dbpedia.org/ontology/Location>	<http://ja.dbpedia.org/property/隣接自治体>	"隣接自治体"@ja	<http://ja.wikipedia.org/wiki/茨城県>	<http://wikidata.dbpedia.org/resource/Q83273>
<http://ja.dbpedia.org/resource/茨城県>	"茨城県"@ja	<http://dbpedia.org/ontology/PopulatedPlace>	<http://ja.dbpedia.org/property/隣接自治体>	"隣接自治体"@ja	<http://ja.wikipedia.org/wiki/茨城県>	<http://wikidata.dbpedia.org/resource/Q83273>
<http://ja.dbpedia.org/resource/茨城県>	"茨城県"@ja	<http://dbpedia.org/ontology/Place>	<http://ja.dbpedia.org/property/隣接自治体>	"隣接自治体"@ja	<http://ja.wikipedia.org/wiki/茨城県>	<http://wikidata.dbpedia.org/resource/Q83273>
<http://ja.dbpedia.org/resource/茨城県>	"茨城県"@ja	<http://dbpedia.org/ontology/Region>	<http://ja.dbpedia.org/property/隣接自治体>	"隣接自治体"@ja	<http://ja.wikipedia.org/wiki/茨城県>	<http://wikidata.dbpedia.org/resource/Q83273>
<http://ja.dbpedia.org/resource/銚子市>	"銚子市"@ja	<http://dbpedia.org/ontology/Place>	<http://ja.dbpedia.org/property/隣接自治体>	"隣接自治体"@ja	<http://ja.wikipedia.org/wiki/銚子市>	<http://wikidata.dbpedia.org/resource/Q694317>
<http://ja.dbpedia.org/resource/銚子市>	"銚子市"@ja	<http://dbpedia.org/ontology/PopulatedPlace>	<http://ja.dbpedia.org/property/southeast>	"Southeast"@ja	<http://ja.wikipedia.org/wiki/銚子市>	<http://wikidata.dbpedia.org/resource/Q694317>
<http://ja.dbpedia.org/resource/銚子市>	"銚子市"@ja	<http://dbpedia.org/ontology/Location>	<http://ja.dbpedia.org/property/southeast>	"Southeast"@ja	<http://ja.wikipedia.org/wiki/銚子市>	<http://wikidata.dbpedia.org/resource/Q694317>
<http://ja.dbpedia.org/resource/銚子市>	"銚子市"@ja	<http://dbpedia.org/ontology/City>	<http://ja.dbpedia.org/property/隣接自治体>	"隣接自治体"@ja	<http://ja.wikipedia.org/wiki/銚子市>	<http://wikidata.dbpedia.org/resource/Q694317>
<http://ja.dbpedia.org/resource/銚子市>	"銚子市"@ja	<http://dbpedia.org/ontology/Settlement>	<http://ja.dbpedia.org/property/southeast>	"Southeast"@ja	<http://ja.wikipedia.org/wiki/銚子市>	<http://wikidata.dbpedia.org/resource/Q694317>
<http://ja.dbpedia.org/resource/銚子市>	"銚子市"@ja	<http://dbpedia.org/ontology/Settlement>	<http://ja.dbpedia.org/property/隣接自治体>	"隣接自治体"@ja	<http://ja.wikipedia.org/wiki/銚子市>	<http://wikidata.dbpedia.org/resource/Q694317>
<http://ja.dbpedia.org/resource/銚子市>	"銚子市"@ja	<http://dbpedia.org/ontology/City>	<http://ja.dbpedia.org/property/southeast>	"Southeast"@ja	<http://ja.wikipedia.org/wiki/銚子市>	<http://wikidata.dbpedia.org/resource/Q694317>
<http://ja.dbpedia.org/resource/銚子市>	"銚子市"@ja	<http://dbpedia.org/ontology/PopulatedPlace>	<http://ja.dbpedia.org/property/隣接自治体>	"隣接自治体"@ja	<http://ja.wikipedia.org/wiki/銚子市>	<http://wikidata.dbpedia.org/resource/Q694317>
<http://ja.dbpedia.org/resource/銚子市>	"銚子市"@ja	<http://dbpedia.org/ontology/Place>	<http://ja.dbpedia.org/property/southeast>	"Southeast"@ja	<http://ja.wikipedia.org/wiki/銚子市>	<http://wikidata.dbpedia.org/resource/Q694317>
<http://ja.dbpedia.org/resource/銚子市>	"銚子市"@ja	<http://dbpedia.org/ontology/Location>	<http://ja.dbpedia.org/property/隣接自治体>	"隣接自治体"@ja	<http://ja.wikipedia.org/wiki/銚子市>	<http://wikidata.dbpedia.org/resource/Q694317>
<http://ja.dbpedia.org/resource/香取市>	"香取市"@ja	<http://dbpedia.org/ontology/City>	<http://ja.dbpedia.org/property/隣接自治体>	"隣接自治体"@ja	<http://ja.wikipedia.org/wiki/香取市>	<http://wikidata.dbpedia.org/resource/Q858357>
<http://ja.dbpedia.org/resource/香取市>	"香取市"@ja	<http://dbpedia.org/ontology/PopulatedPlace>	<http://ja.dbpedia.org/property/northwest>	"Northwest"@ja	<http://ja.wikipedia.org/wiki/香取市>	<http://wikidata.dbpedia.org/resource/Q858357>
<http://ja.dbpedia.org/resource/香取市>	"香取市"@ja	<http://dbpedia.org/ontology/Place>	<http://ja.dbpedia.org/property/隣接自治体>	"隣接自治体"@ja	<http://ja.wikipedia.org/wiki/香取市>	<http://wikidata.dbpedia.org/resource/Q858357>
<http://ja.dbpedia.org/resource/香取市>	"香取市"@ja	<http://dbpedia.org/ontology/Settlement>	<http://ja.dbpedia.org/property/northwest>	"Northwest"@ja	<http://ja.wikipedia.org/wiki/香取市>	<http://wikidata.dbpedia.org/resource/Q858357>
<http://ja.dbpedia.org/resource/香取市>	"香取市"@ja	<http://dbpedia.org/ontology/Location>	<http://ja.dbpedia.org/property/northwest>	"Northwest"@ja	<http://ja.wikipedia.org/wiki/香取市>	<http://wikidata.dbpedia.org/resource/Q858357>
<http://ja.dbpedia.org/resource/香取市>	"香取市"@ja	<http://dbpedia.org/ontology/Location>	<http://ja.dbpedia.org/property/隣接自治体>	"隣接自治体"@ja	<http://ja.wikipedia.org/wiki/香取市>	<http://wikidata.dbpedia.org/resource/Q858357>
<http://ja.dbpedia.org/resource/香取市>	"香取市"@ja	<http://dbpedia.org/ontology/Place>	<http://ja.dbpedia.org/property/northwest>	"Northwest"@ja	<http://ja.wikipedia.org/wiki/香取市>	<http://wikidata.dbpedia.org/resource/Q858357>
<http://ja.dbpedia.org/resource/香取市>	"香取市"@ja	<http://dbpedia.org/ontology/PopulatedPlace>	<http://ja.dbpedia.org/property/隣接自治体>	"隣接自治体"@ja	<http://ja.wikipedia.org/wiki/香取市>	<http://wikidata.dbpedia.org/resource/Q858357>
<http://ja.dbpedia.org/resource/香取市>	"香取市"@ja	<http://dbpedia.org/ontology/City>	<http://ja.dbpedia.org/property/northwest>	"Northwest"@ja	<http://ja.wikipedia.org/wiki/香取市>	<http://wikidata.dbpedia.org/resource/Q858357>
<http://ja.dbpedia.org/resource/香取市>	"香取市"@ja	<http://dbpedia.org/ontology/Settlement>	<http://ja.dbpedia.org/property/隣接自治体>	"隣接自治体"@ja	<http://ja.wikipedia.org/wiki/香取市>	<http://wikidata.dbpedia.org/resource/Q858357>
