?s	?sLabel	?type	?p	?pLabel	?jwiki	?wd
<http://ja.dbpedia.org/resource/カエデ>	"カエデ"@ja	<http://dbpedia.org/ontology/Species>	<http://ja.dbpedia.org/property/木>	"木"@ja	<http://ja.wikipedia.org/wiki/カエデ>	<http://wikidata.dbpedia.org/resource/Q42292>
<http://ja.dbpedia.org/resource/カエデ>	"カエデ"@ja	<http://dbpedia.org/ontology/Eukaryote>	<http://ja.dbpedia.org/property/木>	"木"@ja	<http://ja.wikipedia.org/wiki/カエデ>	<http://wikidata.dbpedia.org/resource/Q42292>
<http://ja.dbpedia.org/resource/カエデ>	"カエデ"@ja	<http://dbpedia.org/ontology/Plant>	<http://ja.dbpedia.org/property/木>	"木"@ja	<http://ja.wikipedia.org/wiki/カエデ>	<http://wikidata.dbpedia.org/resource/Q42292>
<http://ja.dbpedia.org/resource/ツツジ>	"ツツジ"@ja	<http://dbpedia.org/ontology/Species>	<http://ja.dbpedia.org/property/花>	"花"@ja	<http://ja.wikipedia.org/wiki/ツツジ>	<http://wikidata.dbpedia.org/resource/Q189393>
<http://ja.dbpedia.org/resource/南幌町>	"南幌町"@ja	<http://dbpedia.org/ontology/PopulatedPlace>	<http://ja.dbpedia.org/property/northeast>	"Northeast"@ja	<http://ja.wikipedia.org/wiki/南幌町>	<http://wikidata.dbpedia.org/resource/Q1355427>
<http://ja.dbpedia.org/resource/南幌町>	"南幌町"@ja	<http://dbpedia.org/ontology/Place>	<http://ja.dbpedia.org/property/northeast>	"Northeast"@ja	<http://ja.wikipedia.org/wiki/南幌町>	<http://wikidata.dbpedia.org/resource/Q1355427>
<http://ja.dbpedia.org/resource/南幌町>	"南幌町"@ja	<http://dbpedia.org/ontology/City>	<http://ja.dbpedia.org/property/northeast>	"Northeast"@ja	<http://ja.wikipedia.org/wiki/南幌町>	<http://wikidata.dbpedia.org/resource/Q1355427>
<http://ja.dbpedia.org/resource/南幌町>	"南幌町"@ja	<http://dbpedia.org/ontology/Location>	<http://ja.dbpedia.org/property/northeast>	"Northeast"@ja	<http://ja.wikipedia.org/wiki/南幌町>	<http://wikidata.dbpedia.org/resource/Q1355427>
<http://ja.dbpedia.org/resource/南幌町>	"南幌町"@ja	<http://dbpedia.org/ontology/Settlement>	<http://ja.dbpedia.org/property/northeast>	"Northeast"@ja	<http://ja.wikipedia.org/wiki/南幌町>	<http://wikidata.dbpedia.org/resource/Q1355427>
<http://ja.dbpedia.org/resource/恵庭市>	"恵庭市"@ja	<http://dbpedia.org/ontology/City>	<http://ja.dbpedia.org/property/south>	"South"@ja	<http://ja.wikipedia.org/wiki/恵庭市>	<http://wikidata.dbpedia.org/resource/Q733979>
<http://ja.dbpedia.org/resource/恵庭市>	"恵庭市"@ja	<http://dbpedia.org/ontology/PopulatedPlace>	<http://ja.dbpedia.org/property/south>	"South"@ja	<http://ja.wikipedia.org/wiki/恵庭市>	<http://wikidata.dbpedia.org/resource/Q733979>
<http://ja.dbpedia.org/resource/恵庭市>	"恵庭市"@ja	<http://dbpedia.org/ontology/Location>	<http://ja.dbpedia.org/property/south>	"South"@ja	<http://ja.wikipedia.org/wiki/恵庭市>	<http://wikidata.dbpedia.org/resource/Q733979>
<http://ja.dbpedia.org/resource/恵庭市>	"恵庭市"@ja	<http://dbpedia.org/ontology/Settlement>	<http://ja.dbpedia.org/property/south>	"South"@ja	<http://ja.wikipedia.org/wiki/恵庭市>	<http://wikidata.dbpedia.org/resource/Q733979>
<http://ja.dbpedia.org/resource/恵庭市>	"恵庭市"@ja	<http://dbpedia.org/ontology/Place>	<http://ja.dbpedia.org/property/south>	"South"@ja	<http://ja.wikipedia.org/wiki/恵庭市>	<http://wikidata.dbpedia.org/resource/Q733979>
<http://ja.dbpedia.org/resource/札幌市>	"札幌市"@ja	<http://dbpedia.org/ontology/PopulatedPlace>	<http://ja.dbpedia.org/property/west>	"West"@ja	<http://ja.wikipedia.org/wiki/札幌市>	<http://wikidata.dbpedia.org/resource/Q37951>
<http://ja.dbpedia.org/resource/札幌市>	"札幌市"@ja	<http://dbpedia.org/ontology/Place>	<http://ja.dbpedia.org/property/west>	"West"@ja	<http://ja.wikipedia.org/wiki/札幌市>	<http://wikidata.dbpedia.org/resource/Q37951>
<http://ja.dbpedia.org/resource/札幌市>	"札幌市"@ja	<http://dbpedia.org/ontology/City>	<http://ja.dbpedia.org/property/west>	"West"@ja	<http://ja.wikipedia.org/wiki/札幌市>	<http://wikidata.dbpedia.org/resource/Q37951>
<http://ja.dbpedia.org/resource/札幌市>	"札幌市"@ja	<http://dbpedia.org/ontology/Location>	<http://ja.dbpedia.org/property/west>	"West"@ja	<http://ja.wikipedia.org/wiki/札幌市>	<http://wikidata.dbpedia.org/resource/Q37951>
<http://ja.dbpedia.org/resource/札幌市>	"札幌市"@ja	<http://dbpedia.org/ontology/Settlement>	<http://ja.dbpedia.org/property/west>	"West"@ja	<http://ja.wikipedia.org/wiki/札幌市>	<http://wikidata.dbpedia.org/resource/Q37951>
<http://ja.dbpedia.org/resource/江別市>	"江別市"@ja	<http://dbpedia.org/ontology/Location>	<http://ja.dbpedia.org/property/north>	"North"@ja	<http://ja.wikipedia.org/wiki/江別市>	<http://wikidata.dbpedia.org/resource/Q496681>
<http://ja.dbpedia.org/resource/江別市>	"江別市"@ja	<http://dbpedia.org/ontology/Settlement>	<http://ja.dbpedia.org/property/north>	"North"@ja	<http://ja.wikipedia.org/wiki/江別市>	<http://wikidata.dbpedia.org/resource/Q496681>
<http://ja.dbpedia.org/resource/江別市>	"江別市"@ja	<http://dbpedia.org/ontology/Place>	<http://ja.dbpedia.org/property/north>	"North"@ja	<http://ja.wikipedia.org/wiki/江別市>	<http://wikidata.dbpedia.org/resource/Q496681>
<http://ja.dbpedia.org/resource/江別市>	"江別市"@ja	<http://dbpedia.org/ontology/City>	<http://ja.dbpedia.org/property/north>	"North"@ja	<http://ja.wikipedia.org/wiki/江別市>	<http://wikidata.dbpedia.org/resource/Q496681>
<http://ja.dbpedia.org/resource/江別市>	"江別市"@ja	<http://dbpedia.org/ontology/PopulatedPlace>	<http://ja.dbpedia.org/property/north>	"North"@ja	<http://ja.wikipedia.org/wiki/江別市>	<http://wikidata.dbpedia.org/resource/Q496681>
<http://ja.dbpedia.org/resource/長沼町>	"長沼町"@ja	<http://dbpedia.org/ontology/Settlement>	<http://ja.dbpedia.org/property/east>	"East"@ja	<http://ja.wikipedia.org/wiki/長沼町>	<http://wikidata.dbpedia.org/resource/Q1355522>
<http://ja.dbpedia.org/resource/長沼町>	"長沼町"@ja	<http://dbpedia.org/ontology/Place>	<http://ja.dbpedia.org/property/east>	"East"@ja	<http://ja.wikipedia.org/wiki/長沼町>	<http://wikidata.dbpedia.org/resource/Q1355522>
<http://ja.dbpedia.org/resource/長沼町>	"長沼町"@ja	<http://dbpedia.org/ontology/City>	<http://ja.dbpedia.org/property/east>	"East"@ja	<http://ja.wikipedia.org/wiki/長沼町>	<http://wikidata.dbpedia.org/resource/Q1355522>
<http://ja.dbpedia.org/resource/長沼町>	"長沼町"@ja	<http://dbpedia.org/ontology/PopulatedPlace>	<http://ja.dbpedia.org/property/east>	"East"@ja	<http://ja.wikipedia.org/wiki/長沼町>	<http://wikidata.dbpedia.org/resource/Q1355522>
<http://ja.dbpedia.org/resource/長沼町>	"長沼町"@ja	<http://dbpedia.org/ontology/Location>	<http://ja.dbpedia.org/property/east>	"East"@ja	<http://ja.wikipedia.org/wiki/長沼町>	<http://wikidata.dbpedia.org/resource/Q1355522>
