?s	?sLabel	?type	?p	?pLabel	?jwiki	?wd
<http://ja.dbpedia.org/resource/カシワ>	"カシワ"@ja	<http://dbpedia.org/ontology/Species>	<http://ja.dbpedia.org/property/木>	"木"@ja	<http://ja.wikipedia.org/wiki/カシワ>	<http://wikidata.dbpedia.org/resource/Q1377319>
<http://ja.dbpedia.org/resource/カシワ>	"カシワ"@ja	<http://dbpedia.org/ontology/Eukaryote>	<http://ja.dbpedia.org/property/木>	"木"@ja	<http://ja.wikipedia.org/wiki/カシワ>	<http://wikidata.dbpedia.org/resource/Q1377319>
<http://ja.dbpedia.org/resource/カシワ>	"カシワ"@ja	<http://dbpedia.org/ontology/Plant>	<http://ja.dbpedia.org/property/木>	"木"@ja	<http://ja.wikipedia.org/wiki/カシワ>	<http://wikidata.dbpedia.org/resource/Q1377319>
<http://ja.dbpedia.org/resource/カモメ>	"カモメ"@ja	<http://dbpedia.org/ontology/Species>	<http://ja.dbpedia.org/property/鳥など>	"鳥など"@ja	<http://ja.wikipedia.org/wiki/カモメ>	<http://wikidata.dbpedia.org/resource/Q26427>
<http://ja.dbpedia.org/resource/ハマナス>	"ハマナス"@ja	<http://dbpedia.org/ontology/Species>	<http://ja.dbpedia.org/property/花>	"花"@ja	<http://ja.wikipedia.org/wiki/ハマナス>	<http://wikidata.dbpedia.org/resource/Q634975>
<http://ja.dbpedia.org/resource/増毛町>	"増毛町"@ja	<http://dbpedia.org/ontology/Location>	<http://ja.dbpedia.org/property/north>	"North"@ja	<http://ja.wikipedia.org/wiki/増毛町>	<http://wikidata.dbpedia.org/resource/Q746578>
<http://ja.dbpedia.org/resource/増毛町>	"増毛町"@ja	<http://dbpedia.org/ontology/City>	<http://ja.dbpedia.org/property/north>	"North"@ja	<http://ja.wikipedia.org/wiki/増毛町>	<http://wikidata.dbpedia.org/resource/Q746578>
<http://ja.dbpedia.org/resource/増毛町>	"増毛町"@ja	<http://dbpedia.org/ontology/PopulatedPlace>	<http://ja.dbpedia.org/property/north>	"North"@ja	<http://ja.wikipedia.org/wiki/増毛町>	<http://wikidata.dbpedia.org/resource/Q746578>
<http://ja.dbpedia.org/resource/増毛町>	"増毛町"@ja	<http://dbpedia.org/ontology/Settlement>	<http://ja.dbpedia.org/property/north>	"North"@ja	<http://ja.wikipedia.org/wiki/増毛町>	<http://wikidata.dbpedia.org/resource/Q746578>
<http://ja.dbpedia.org/resource/増毛町>	"増毛町"@ja	<http://dbpedia.org/ontology/Place>	<http://ja.dbpedia.org/property/north>	"North"@ja	<http://ja.wikipedia.org/wiki/増毛町>	<http://wikidata.dbpedia.org/resource/Q746578>
<http://ja.dbpedia.org/resource/小樽市>	"小樽市"@ja	<http://dbpedia.org/ontology/City>	<http://ja.dbpedia.org/property/southwest>	"Southwest"@ja	<http://ja.wikipedia.org/wiki/小樽市>	<http://wikidata.dbpedia.org/resource/Q242108>
<http://ja.dbpedia.org/resource/小樽市>	"小樽市"@ja	<http://dbpedia.org/ontology/PopulatedPlace>	<http://ja.dbpedia.org/property/southwest>	"Southwest"@ja	<http://ja.wikipedia.org/wiki/小樽市>	<http://wikidata.dbpedia.org/resource/Q242108>
<http://ja.dbpedia.org/resource/小樽市>	"小樽市"@ja	<http://dbpedia.org/ontology/Location>	<http://ja.dbpedia.org/property/southwest>	"Southwest"@ja	<http://ja.wikipedia.org/wiki/小樽市>	<http://wikidata.dbpedia.org/resource/Q242108>
<http://ja.dbpedia.org/resource/小樽市>	"小樽市"@ja	<http://dbpedia.org/ontology/Settlement>	<http://ja.dbpedia.org/property/southwest>	"Southwest"@ja	<http://ja.wikipedia.org/wiki/小樽市>	<http://wikidata.dbpedia.org/resource/Q242108>
<http://ja.dbpedia.org/resource/小樽市>	"小樽市"@ja	<http://dbpedia.org/ontology/Place>	<http://ja.dbpedia.org/property/southwest>	"Southwest"@ja	<http://ja.wikipedia.org/wiki/小樽市>	<http://wikidata.dbpedia.org/resource/Q242108>
<http://ja.dbpedia.org/resource/当別町>	"当別町"@ja	<http://dbpedia.org/ontology/City>	<http://ja.dbpedia.org/property/east>	"East"@ja	<http://ja.wikipedia.org/wiki/当別町>	<http://wikidata.dbpedia.org/resource/Q1348675>
<http://ja.dbpedia.org/resource/当別町>	"当別町"@ja	<http://dbpedia.org/ontology/Location>	<http://ja.dbpedia.org/property/east>	"East"@ja	<http://ja.wikipedia.org/wiki/当別町>	<http://wikidata.dbpedia.org/resource/Q1348675>
<http://ja.dbpedia.org/resource/当別町>	"当別町"@ja	<http://dbpedia.org/ontology/Settlement>	<http://ja.dbpedia.org/property/east>	"East"@ja	<http://ja.wikipedia.org/wiki/当別町>	<http://wikidata.dbpedia.org/resource/Q1348675>
<http://ja.dbpedia.org/resource/当別町>	"当別町"@ja	<http://dbpedia.org/ontology/PopulatedPlace>	<http://ja.dbpedia.org/property/east>	"East"@ja	<http://ja.wikipedia.org/wiki/当別町>	<http://wikidata.dbpedia.org/resource/Q1348675>
<http://ja.dbpedia.org/resource/当別町>	"当別町"@ja	<http://dbpedia.org/ontology/Place>	<http://ja.dbpedia.org/property/east>	"East"@ja	<http://ja.wikipedia.org/wiki/当別町>	<http://wikidata.dbpedia.org/resource/Q1348675>
<http://ja.dbpedia.org/resource/新十津川町>	"新十津川町"@ja	<http://dbpedia.org/ontology/Location>	<http://ja.dbpedia.org/property/northeast>	"Northeast"@ja	<http://ja.wikipedia.org/wiki/新十津川町>	<http://wikidata.dbpedia.org/resource/Q1357180>
<http://ja.dbpedia.org/resource/新十津川町>	"新十津川町"@ja	<http://dbpedia.org/ontology/Settlement>	<http://ja.dbpedia.org/property/northeast>	"Northeast"@ja	<http://ja.wikipedia.org/wiki/新十津川町>	<http://wikidata.dbpedia.org/resource/Q1357180>
<http://ja.dbpedia.org/resource/新十津川町>	"新十津川町"@ja	<http://dbpedia.org/ontology/Place>	<http://ja.dbpedia.org/property/northeast>	"Northeast"@ja	<http://ja.wikipedia.org/wiki/新十津川町>	<http://wikidata.dbpedia.org/resource/Q1357180>
<http://ja.dbpedia.org/resource/新十津川町>	"新十津川町"@ja	<http://dbpedia.org/ontology/City>	<http://ja.dbpedia.org/property/northeast>	"Northeast"@ja	<http://ja.wikipedia.org/wiki/新十津川町>	<http://wikidata.dbpedia.org/resource/Q1357180>
<http://ja.dbpedia.org/resource/新十津川町>	"新十津川町"@ja	<http://dbpedia.org/ontology/PopulatedPlace>	<http://ja.dbpedia.org/property/northeast>	"Northeast"@ja	<http://ja.wikipedia.org/wiki/新十津川町>	<http://wikidata.dbpedia.org/resource/Q1357180>
<http://ja.dbpedia.org/resource/札幌市>	"札幌市"@ja	<http://dbpedia.org/ontology/Settlement>	<http://ja.dbpedia.org/property/south>	"South"@ja	<http://ja.wikipedia.org/wiki/札幌市>	<http://wikidata.dbpedia.org/resource/Q37951>
<http://ja.dbpedia.org/resource/札幌市>	"札幌市"@ja	<http://dbpedia.org/ontology/Place>	<http://ja.dbpedia.org/property/south>	"South"@ja	<http://ja.wikipedia.org/wiki/札幌市>	<http://wikidata.dbpedia.org/resource/Q37951>
<http://ja.dbpedia.org/resource/札幌市>	"札幌市"@ja	<http://dbpedia.org/ontology/City>	<http://ja.dbpedia.org/property/south>	"South"@ja	<http://ja.wikipedia.org/wiki/札幌市>	<http://wikidata.dbpedia.org/resource/Q37951>
<http://ja.dbpedia.org/resource/札幌市>	"札幌市"@ja	<http://dbpedia.org/ontology/PopulatedPlace>	<http://ja.dbpedia.org/property/south>	"South"@ja	<http://ja.wikipedia.org/wiki/札幌市>	<http://wikidata.dbpedia.org/resource/Q37951>
<http://ja.dbpedia.org/resource/札幌市>	"札幌市"@ja	<http://dbpedia.org/ontology/Location>	<http://ja.dbpedia.org/property/south>	"South"@ja	<http://ja.wikipedia.org/wiki/札幌市>	<http://wikidata.dbpedia.org/resource/Q37951>
