?s	?sLabel	?type	?p	?pLabel	?jwiki	?wd
<http://ja.dbpedia.org/resource/クロマツ>	"クロマツ"@ja	<http://dbpedia.org/ontology/Species>	<http://ja.dbpedia.org/property/木>	"木"@ja	<http://ja.wikipedia.org/wiki/クロマツ>	<http://wikidata.dbpedia.org/resource/Q854884>
<http://ja.dbpedia.org/resource/ブナ>	"ブナ"@ja	<http://dbpedia.org/ontology/Species>	<http://ja.dbpedia.org/property/木>	"木"@ja	<http://ja.wikipedia.org/wiki/ブナ>	<http://wikidata.dbpedia.org/resource/Q1078985>
<http://ja.dbpedia.org/resource/渡島総合振興局>	"渡島総合振興局"@ja	<http://dbpedia.org/ontology/PopulatedPlace>	<http://ja.dbpedia.org/property/支庁>	"支庁"@ja	<http://ja.wikipedia.org/wiki/渡島総合振興局>	<http://wikidata.dbpedia.org/resource/Q2226825>
<http://ja.dbpedia.org/resource/渡島総合振興局>	"渡島総合振興局"@ja	<http://dbpedia.org/ontology/Place>	<http://ja.dbpedia.org/property/支庁>	"支庁"@ja	<http://ja.wikipedia.org/wiki/渡島総合振興局>	<http://wikidata.dbpedia.org/resource/Q2226825>
<http://ja.dbpedia.org/resource/渡島総合振興局>	"渡島総合振興局"@ja	<http://dbpedia.org/ontology/Settlement>	<http://ja.dbpedia.org/property/支庁>	"支庁"@ja	<http://ja.wikipedia.org/wiki/渡島総合振興局>	<http://wikidata.dbpedia.org/resource/Q2226825>
<http://ja.dbpedia.org/resource/渡島総合振興局>	"渡島総合振興局"@ja	<http://dbpedia.org/ontology/Location>	<http://ja.dbpedia.org/property/支庁>	"支庁"@ja	<http://ja.wikipedia.org/wiki/渡島総合振興局>	<http://wikidata.dbpedia.org/resource/Q2226825>
