?s	?sLabel	?type	?p	?pLabel	?jwiki	?wd
<http://ja.dbpedia.org/resource/いわしの交流センター>	"いわしの交流センター"@ja	<http://dbpedia.org/ontology/ArchitecturalStructure>	<http://ja.dbpedia.org/property/画像の説明>	"画像の説明"@ja	<http://ja.wikipedia.org/wiki/いわしの交流センター>	<http://wikidata.dbpedia.org/resource/Q22117957>
<http://ja.dbpedia.org/resource/いわしの交流センター>	"いわしの交流センター"@ja	<http://dbpedia.org/ontology/Building>	<http://ja.dbpedia.org/property/画像の説明>	"画像の説明"@ja	<http://ja.wikipedia.org/wiki/いわしの交流センター>	<http://wikidata.dbpedia.org/resource/Q22117957>
<http://ja.dbpedia.org/resource/いわしの交流センター>	"いわしの交流センター"@ja	<http://dbpedia.org/ontology/Museum>	<http://ja.dbpedia.org/property/画像の説明>	"画像の説明"@ja	<http://ja.wikipedia.org/wiki/いわしの交流センター>	<http://wikidata.dbpedia.org/resource/Q22117957>
<http://ja.dbpedia.org/resource/クロマツ>	"クロマツ"@ja	<http://dbpedia.org/ontology/Species>	<http://ja.dbpedia.org/property/木>	"木"@ja	<http://ja.wikipedia.org/wiki/クロマツ>	<http://wikidata.dbpedia.org/resource/Q854884>
<http://ja.dbpedia.org/resource/シロチドリ>	"シロチドリ"@ja	<http://dbpedia.org/ontology/Species>	<http://ja.dbpedia.org/property/鳥など>	"鳥など"@ja	<http://ja.wikipedia.org/wiki/シロチドリ>	<http://wikidata.dbpedia.org/resource/Q18855>
<http://ja.dbpedia.org/resource/大網白里市>	"大網白里市"@ja	<http://dbpedia.org/ontology/Location>	<http://ja.dbpedia.org/property/隣接自治体>	"隣接自治体"@ja	<http://ja.wikipedia.org/wiki/大網白里市>	<http://wikidata.dbpedia.org/resource/Q1203251>
<http://ja.dbpedia.org/resource/大網白里市>	"大網白里市"@ja	<http://dbpedia.org/ontology/City>	<http://ja.dbpedia.org/property/隣接自治体>	"隣接自治体"@ja	<http://ja.wikipedia.org/wiki/大網白里市>	<http://wikidata.dbpedia.org/resource/Q1203251>
<http://ja.dbpedia.org/resource/大網白里市>	"大網白里市"@ja	<http://dbpedia.org/ontology/PopulatedPlace>	<http://ja.dbpedia.org/property/隣接自治体>	"隣接自治体"@ja	<http://ja.wikipedia.org/wiki/大網白里市>	<http://wikidata.dbpedia.org/resource/Q1203251>
<http://ja.dbpedia.org/resource/大網白里市>	"大網白里市"@ja	<http://dbpedia.org/ontology/Settlement>	<http://ja.dbpedia.org/property/隣接自治体>	"隣接自治体"@ja	<http://ja.wikipedia.org/wiki/大網白里市>	<http://wikidata.dbpedia.org/resource/Q1203251>
<http://ja.dbpedia.org/resource/大網白里市>	"大網白里市"@ja	<http://dbpedia.org/ontology/Place>	<http://ja.dbpedia.org/property/隣接自治体>	"隣接自治体"@ja	<http://ja.wikipedia.org/wiki/大網白里市>	<http://wikidata.dbpedia.org/resource/Q1203251>
<http://ja.dbpedia.org/resource/山武市>	"山武市"@ja	<http://dbpedia.org/ontology/City>	<http://ja.dbpedia.org/property/隣接自治体>	"隣接自治体"@ja	<http://ja.wikipedia.org/wiki/山武市>	<http://wikidata.dbpedia.org/resource/Q873528>
<http://ja.dbpedia.org/resource/山武市>	"山武市"@ja	<http://dbpedia.org/ontology/PopulatedPlace>	<http://ja.dbpedia.org/property/隣接自治体>	"隣接自治体"@ja	<http://ja.wikipedia.org/wiki/山武市>	<http://wikidata.dbpedia.org/resource/Q873528>
<http://ja.dbpedia.org/resource/山武市>	"山武市"@ja	<http://dbpedia.org/ontology/Place>	<http://ja.dbpedia.org/property/隣接自治体>	"隣接自治体"@ja	<http://ja.wikipedia.org/wiki/山武市>	<http://wikidata.dbpedia.org/resource/Q873528>
<http://ja.dbpedia.org/resource/山武市>	"山武市"@ja	<http://dbpedia.org/ontology/Location>	<http://ja.dbpedia.org/property/隣接自治体>	"隣接自治体"@ja	<http://ja.wikipedia.org/wiki/山武市>	<http://wikidata.dbpedia.org/resource/Q873528>
<http://ja.dbpedia.org/resource/山武市>	"山武市"@ja	<http://dbpedia.org/ontology/Settlement>	<http://ja.dbpedia.org/property/隣接自治体>	"隣接自治体"@ja	<http://ja.wikipedia.org/wiki/山武市>	<http://wikidata.dbpedia.org/resource/Q873528>
<http://ja.dbpedia.org/resource/東金市>	"東金市"@ja	<http://dbpedia.org/ontology/City>	<http://ja.dbpedia.org/property/隣接自治体>	"隣接自治体"@ja	<http://ja.wikipedia.org/wiki/東金市>	<http://wikidata.dbpedia.org/resource/Q637913>
<http://ja.dbpedia.org/resource/東金市>	"東金市"@ja	<http://dbpedia.org/ontology/Location>	<http://ja.dbpedia.org/property/隣接自治体>	"隣接自治体"@ja	<http://ja.wikipedia.org/wiki/東金市>	<http://wikidata.dbpedia.org/resource/Q637913>
<http://ja.dbpedia.org/resource/東金市>	"東金市"@ja	<http://dbpedia.org/ontology/PopulatedPlace>	<http://ja.dbpedia.org/property/隣接自治体>	"隣接自治体"@ja	<http://ja.wikipedia.org/wiki/東金市>	<http://wikidata.dbpedia.org/resource/Q637913>
<http://ja.dbpedia.org/resource/東金市>	"東金市"@ja	<http://dbpedia.org/ontology/Place>	<http://ja.dbpedia.org/property/隣接自治体>	"隣接自治体"@ja	<http://ja.wikipedia.org/wiki/東金市>	<http://wikidata.dbpedia.org/resource/Q637913>
<http://ja.dbpedia.org/resource/東金市>	"東金市"@ja	<http://dbpedia.org/ontology/Settlement>	<http://ja.dbpedia.org/property/隣接自治体>	"隣接自治体"@ja	<http://ja.wikipedia.org/wiki/東金市>	<http://wikidata.dbpedia.org/resource/Q637913>
