?s	?sLabel	?type	?p	?pLabel	?jwiki	?wd
<http://ja.dbpedia.org/resource/ウメ>	"ウメ"@ja	<http://dbpedia.org/ontology/Plant>	<http://ja.dbpedia.org/property/木>	"木"@ja	<http://ja.wikipedia.org/wiki/ウメ>	<http://wikidata.dbpedia.org/resource/Q157763>
<http://ja.dbpedia.org/resource/ウメ>	"ウメ"@ja	<http://dbpedia.org/ontology/Eukaryote>	<http://ja.dbpedia.org/property/木>	"木"@ja	<http://ja.wikipedia.org/wiki/ウメ>	<http://wikidata.dbpedia.org/resource/Q157763>
<http://ja.dbpedia.org/resource/ウメ>	"ウメ"@ja	<http://dbpedia.org/ontology/Species>	<http://ja.dbpedia.org/property/木>	"木"@ja	<http://ja.wikipedia.org/wiki/ウメ>	<http://wikidata.dbpedia.org/resource/Q157763>
<http://ja.dbpedia.org/resource/ウメ>	"ウメ"@ja	<http://dbpedia.org/ontology/FloweringPlant>	<http://ja.dbpedia.org/property/木>	"木"@ja	<http://ja.wikipedia.org/wiki/ウメ>	<http://wikidata.dbpedia.org/resource/Q157763>
<http://ja.dbpedia.org/resource/コアジサシ>	"コアジサシ"@ja	<http://dbpedia.org/ontology/Species>	<http://ja.dbpedia.org/property/鳥など>	"鳥など"@ja	<http://ja.wikipedia.org/wiki/コアジサシ>	<http://wikidata.dbpedia.org/resource/Q12267692>
<http://ja.dbpedia.org/resource/サクラ>	"サクラ"@ja	<http://dbpedia.org/ontology/Species>	<http://ja.dbpedia.org/property/花>	"花"@ja	<http://ja.wikipedia.org/wiki/サクラ>	<http://wikidata.dbpedia.org/resource/Q871991>
