?s	?sLabel	?type	?p	?pLabel	?jwiki	?wd
<http://ja.dbpedia.org/resource/クロマツ>	"クロマツ"@ja	<http://dbpedia.org/ontology/Species>	<http://ja.dbpedia.org/property/木>	"木"@ja	<http://ja.wikipedia.org/wiki/クロマツ>	<http://wikidata.dbpedia.org/resource/Q854884>
<http://ja.dbpedia.org/resource/ヒマワリ>	"ヒマワリ"@ja	<http://dbpedia.org/ontology/Species>	<http://ja.dbpedia.org/property/花>	"花"@ja	<http://ja.wikipedia.org/wiki/ヒマワリ>	<http://wikidata.dbpedia.org/resource/Q171497>
<http://ja.dbpedia.org/resource/大網白里市>	"大網白里市"@ja	<http://dbpedia.org/ontology/Settlement>	<http://ja.dbpedia.org/property/隣接自治体>	"隣接自治体"@ja	<http://ja.wikipedia.org/wiki/大網白里市>	<http://wikidata.dbpedia.org/resource/Q1203251>
<http://ja.dbpedia.org/resource/大網白里市>	"大網白里市"@ja	<http://dbpedia.org/ontology/Place>	<http://ja.dbpedia.org/property/隣接自治体>	"隣接自治体"@ja	<http://ja.wikipedia.org/wiki/大網白里市>	<http://wikidata.dbpedia.org/resource/Q1203251>
<http://ja.dbpedia.org/resource/大網白里市>	"大網白里市"@ja	<http://dbpedia.org/ontology/City>	<http://ja.dbpedia.org/property/隣接自治体>	"隣接自治体"@ja	<http://ja.wikipedia.org/wiki/大網白里市>	<http://wikidata.dbpedia.org/resource/Q1203251>
<http://ja.dbpedia.org/resource/大網白里市>	"大網白里市"@ja	<http://dbpedia.org/ontology/PopulatedPlace>	<http://ja.dbpedia.org/property/隣接自治体>	"隣接自治体"@ja	<http://ja.wikipedia.org/wiki/大網白里市>	<http://wikidata.dbpedia.org/resource/Q1203251>
<http://ja.dbpedia.org/resource/大網白里市>	"大網白里市"@ja	<http://dbpedia.org/ontology/Location>	<http://ja.dbpedia.org/property/隣接自治体>	"隣接自治体"@ja	<http://ja.wikipedia.org/wiki/大網白里市>	<http://wikidata.dbpedia.org/resource/Q1203251>
<http://ja.dbpedia.org/resource/白子神社_(白子町)>	"白子神社 (白子町)"@ja	<http://dbpedia.org/ontology/ArchitecturalStructure>	<http://ja.dbpedia.org/property/画像の説明>	"画像の説明"@ja	<http://ja.wikipedia.org/wiki/白子神社_(白子町)>	<http://wikidata.dbpedia.org/resource/Q11579524>
<http://ja.dbpedia.org/resource/白子神社_(白子町)>	"白子神社 (白子町)"@ja	<http://dbpedia.org/ontology/Building>	<http://ja.dbpedia.org/property/画像の説明>	"画像の説明"@ja	<http://ja.wikipedia.org/wiki/白子神社_(白子町)>	<http://wikidata.dbpedia.org/resource/Q11579524>
<http://ja.dbpedia.org/resource/白子神社_(白子町)>	"白子神社 (白子町)"@ja	<http://dbpedia.org/ontology/ReligiousBuilding>	<http://ja.dbpedia.org/property/画像の説明>	"画像の説明"@ja	<http://ja.wikipedia.org/wiki/白子神社_(白子町)>	<http://wikidata.dbpedia.org/resource/Q11579524>
<http://ja.dbpedia.org/resource/白子神社_(白子町)>	"白子神社 (白子町)"@ja	<http://dbpedia.org/ontology/Shrine>	<http://ja.dbpedia.org/property/画像の説明>	"画像の説明"@ja	<http://ja.wikipedia.org/wiki/白子神社_(白子町)>	<http://wikidata.dbpedia.org/resource/Q11579524>
<http://ja.dbpedia.org/resource/茂原市>	"茂原市"@ja	<http://dbpedia.org/ontology/Location>	<http://ja.dbpedia.org/property/隣接自治体>	"隣接自治体"@ja	<http://ja.wikipedia.org/wiki/茂原市>	<http://wikidata.dbpedia.org/resource/Q502486>
<http://ja.dbpedia.org/resource/茂原市>	"茂原市"@ja	<http://dbpedia.org/ontology/Settlement>	<http://ja.dbpedia.org/property/隣接自治体>	"隣接自治体"@ja	<http://ja.wikipedia.org/wiki/茂原市>	<http://wikidata.dbpedia.org/resource/Q502486>
<http://ja.dbpedia.org/resource/茂原市>	"茂原市"@ja	<http://dbpedia.org/ontology/Place>	<http://ja.dbpedia.org/property/隣接自治体>	"隣接自治体"@ja	<http://ja.wikipedia.org/wiki/茂原市>	<http://wikidata.dbpedia.org/resource/Q502486>
<http://ja.dbpedia.org/resource/茂原市>	"茂原市"@ja	<http://dbpedia.org/ontology/City>	<http://ja.dbpedia.org/property/隣接自治体>	"隣接自治体"@ja	<http://ja.wikipedia.org/wiki/茂原市>	<http://wikidata.dbpedia.org/resource/Q502486>
<http://ja.dbpedia.org/resource/茂原市>	"茂原市"@ja	<http://dbpedia.org/ontology/PopulatedPlace>	<http://ja.dbpedia.org/property/隣接自治体>	"隣接自治体"@ja	<http://ja.wikipedia.org/wiki/茂原市>	<http://wikidata.dbpedia.org/resource/Q502486>
<http://ja.dbpedia.org/resource/長生村>	"長生村"@ja	<http://dbpedia.org/ontology/Settlement>	<http://ja.dbpedia.org/property/隣接自治体>	"隣接自治体"@ja	<http://ja.wikipedia.org/wiki/長生村>	<http://wikidata.dbpedia.org/resource/Q1202647>
<http://ja.dbpedia.org/resource/長生村>	"長生村"@ja	<http://dbpedia.org/ontology/Place>	<http://ja.dbpedia.org/property/隣接自治体>	"隣接自治体"@ja	<http://ja.wikipedia.org/wiki/長生村>	<http://wikidata.dbpedia.org/resource/Q1202647>
<http://ja.dbpedia.org/resource/長生村>	"長生村"@ja	<http://dbpedia.org/ontology/City>	<http://ja.dbpedia.org/property/隣接自治体>	"隣接自治体"@ja	<http://ja.wikipedia.org/wiki/長生村>	<http://wikidata.dbpedia.org/resource/Q1202647>
<http://ja.dbpedia.org/resource/長生村>	"長生村"@ja	<http://dbpedia.org/ontology/PopulatedPlace>	<http://ja.dbpedia.org/property/隣接自治体>	"隣接自治体"@ja	<http://ja.wikipedia.org/wiki/長生村>	<http://wikidata.dbpedia.org/resource/Q1202647>
<http://ja.dbpedia.org/resource/長生村>	"長生村"@ja	<http://dbpedia.org/ontology/Location>	<http://ja.dbpedia.org/property/隣接自治体>	"隣接自治体"@ja	<http://ja.wikipedia.org/wiki/長生村>	<http://wikidata.dbpedia.org/resource/Q1202647>
