?s	?sLabel	?type	?p	?pLabel	?jwiki	?wd
<http://ja.dbpedia.org/resource/市原市>	"市原市"@ja	<http://dbpedia.org/ontology/City>	<http://ja.dbpedia.org/property/隣接自治体>	"隣接自治体"@ja	<http://ja.wikipedia.org/wiki/市原市>	<http://wikidata.dbpedia.org/resource/Q207881>
<http://ja.dbpedia.org/resource/市原市>	"市原市"@ja	<http://dbpedia.org/ontology/PopulatedPlace>	<http://ja.dbpedia.org/property/隣接自治体>	"隣接自治体"@ja	<http://ja.wikipedia.org/wiki/市原市>	<http://wikidata.dbpedia.org/resource/Q207881>
<http://ja.dbpedia.org/resource/市原市>	"市原市"@ja	<http://dbpedia.org/ontology/Place>	<http://ja.dbpedia.org/property/隣接自治体>	"隣接自治体"@ja	<http://ja.wikipedia.org/wiki/市原市>	<http://wikidata.dbpedia.org/resource/Q207881>
<http://ja.dbpedia.org/resource/市原市>	"市原市"@ja	<http://dbpedia.org/ontology/Location>	<http://ja.dbpedia.org/property/隣接自治体>	"隣接自治体"@ja	<http://ja.wikipedia.org/wiki/市原市>	<http://wikidata.dbpedia.org/resource/Q207881>
<http://ja.dbpedia.org/resource/市原市>	"市原市"@ja	<http://dbpedia.org/ontology/Settlement>	<http://ja.dbpedia.org/property/隣接自治体>	"隣接自治体"@ja	<http://ja.wikipedia.org/wiki/市原市>	<http://wikidata.dbpedia.org/resource/Q207881>
<http://ja.dbpedia.org/resource/茂原市>	"茂原市"@ja	<http://dbpedia.org/ontology/Location>	<http://ja.dbpedia.org/property/隣接自治体>	"隣接自治体"@ja	<http://ja.wikipedia.org/wiki/茂原市>	<http://wikidata.dbpedia.org/resource/Q502486>
<http://ja.dbpedia.org/resource/茂原市>	"茂原市"@ja	<http://dbpedia.org/ontology/City>	<http://ja.dbpedia.org/property/隣接自治体>	"隣接自治体"@ja	<http://ja.wikipedia.org/wiki/茂原市>	<http://wikidata.dbpedia.org/resource/Q502486>
<http://ja.dbpedia.org/resource/茂原市>	"茂原市"@ja	<http://dbpedia.org/ontology/PopulatedPlace>	<http://ja.dbpedia.org/property/隣接自治体>	"隣接自治体"@ja	<http://ja.wikipedia.org/wiki/茂原市>	<http://wikidata.dbpedia.org/resource/Q502486>
<http://ja.dbpedia.org/resource/茂原市>	"茂原市"@ja	<http://dbpedia.org/ontology/Settlement>	<http://ja.dbpedia.org/property/隣接自治体>	"隣接自治体"@ja	<http://ja.wikipedia.org/wiki/茂原市>	<http://wikidata.dbpedia.org/resource/Q502486>
<http://ja.dbpedia.org/resource/茂原市>	"茂原市"@ja	<http://dbpedia.org/ontology/Place>	<http://ja.dbpedia.org/property/隣接自治体>	"隣接自治体"@ja	<http://ja.wikipedia.org/wiki/茂原市>	<http://wikidata.dbpedia.org/resource/Q502486>
<http://ja.dbpedia.org/resource/長南町>	"長南町"@ja	<http://dbpedia.org/ontology/City>	<http://ja.dbpedia.org/property/隣接自治体>	"隣接自治体"@ja	<http://ja.wikipedia.org/wiki/長南町>	<http://wikidata.dbpedia.org/resource/Q1203194>
<http://ja.dbpedia.org/resource/長南町>	"長南町"@ja	<http://dbpedia.org/ontology/Location>	<http://ja.dbpedia.org/property/隣接自治体>	"隣接自治体"@ja	<http://ja.wikipedia.org/wiki/長南町>	<http://wikidata.dbpedia.org/resource/Q1203194>
<http://ja.dbpedia.org/resource/長南町>	"長南町"@ja	<http://dbpedia.org/ontology/PopulatedPlace>	<http://ja.dbpedia.org/property/隣接自治体>	"隣接自治体"@ja	<http://ja.wikipedia.org/wiki/長南町>	<http://wikidata.dbpedia.org/resource/Q1203194>
<http://ja.dbpedia.org/resource/長南町>	"長南町"@ja	<http://dbpedia.org/ontology/Place>	<http://ja.dbpedia.org/property/隣接自治体>	"隣接自治体"@ja	<http://ja.wikipedia.org/wiki/長南町>	<http://wikidata.dbpedia.org/resource/Q1203194>
<http://ja.dbpedia.org/resource/長南町>	"長南町"@ja	<http://dbpedia.org/ontology/Settlement>	<http://ja.dbpedia.org/property/隣接自治体>	"隣接自治体"@ja	<http://ja.wikipedia.org/wiki/長南町>	<http://wikidata.dbpedia.org/resource/Q1203194>
