?s	?sLabel	?type	?p	?pLabel	?jwiki	?wd
<http://ja.dbpedia.org/resource/ハマヒルガオ>	"ハマヒルガオ"@ja	<http://dbpedia.org/ontology/Species>	<http://ja.dbpedia.org/property/花>	"花"@ja	<http://ja.wikipedia.org/wiki/ハマヒルガオ>	<http://wikidata.dbpedia.org/resource/Q159012>
<http://ja.dbpedia.org/resource/一宮町>	"一宮町"@ja	<http://dbpedia.org/ontology/Location>	<http://ja.dbpedia.org/property/隣接自治体>	"隣接自治体"@ja	<http://ja.wikipedia.org/wiki/一宮町>	<http://wikidata.dbpedia.org/resource/Q1203602>
<http://ja.dbpedia.org/resource/一宮町>	"一宮町"@ja	<http://dbpedia.org/ontology/City>	<http://ja.dbpedia.org/property/隣接自治体>	"隣接自治体"@ja	<http://ja.wikipedia.org/wiki/一宮町>	<http://wikidata.dbpedia.org/resource/Q1203602>
<http://ja.dbpedia.org/resource/一宮町>	"一宮町"@ja	<http://dbpedia.org/ontology/PopulatedPlace>	<http://ja.dbpedia.org/property/隣接自治体>	"隣接自治体"@ja	<http://ja.wikipedia.org/wiki/一宮町>	<http://wikidata.dbpedia.org/resource/Q1203602>
<http://ja.dbpedia.org/resource/一宮町>	"一宮町"@ja	<http://dbpedia.org/ontology/Settlement>	<http://ja.dbpedia.org/property/隣接自治体>	"隣接自治体"@ja	<http://ja.wikipedia.org/wiki/一宮町>	<http://wikidata.dbpedia.org/resource/Q1203602>
<http://ja.dbpedia.org/resource/一宮町>	"一宮町"@ja	<http://dbpedia.org/ontology/Place>	<http://ja.dbpedia.org/property/隣接自治体>	"隣接自治体"@ja	<http://ja.wikipedia.org/wiki/一宮町>	<http://wikidata.dbpedia.org/resource/Q1203602>
<http://ja.dbpedia.org/resource/白子町>	"白子町"@ja	<http://dbpedia.org/ontology/City>	<http://ja.dbpedia.org/property/隣接自治体>	"隣接自治体"@ja	<http://ja.wikipedia.org/wiki/白子町>	<http://wikidata.dbpedia.org/resource/Q1203293>
<http://ja.dbpedia.org/resource/白子町>	"白子町"@ja	<http://dbpedia.org/ontology/PopulatedPlace>	<http://ja.dbpedia.org/property/隣接自治体>	"隣接自治体"@ja	<http://ja.wikipedia.org/wiki/白子町>	<http://wikidata.dbpedia.org/resource/Q1203293>
<http://ja.dbpedia.org/resource/白子町>	"白子町"@ja	<http://dbpedia.org/ontology/Place>	<http://ja.dbpedia.org/property/隣接自治体>	"隣接自治体"@ja	<http://ja.wikipedia.org/wiki/白子町>	<http://wikidata.dbpedia.org/resource/Q1203293>
<http://ja.dbpedia.org/resource/白子町>	"白子町"@ja	<http://dbpedia.org/ontology/Location>	<http://ja.dbpedia.org/property/隣接自治体>	"隣接自治体"@ja	<http://ja.wikipedia.org/wiki/白子町>	<http://wikidata.dbpedia.org/resource/Q1203293>
<http://ja.dbpedia.org/resource/白子町>	"白子町"@ja	<http://dbpedia.org/ontology/Settlement>	<http://ja.dbpedia.org/property/隣接自治体>	"隣接自治体"@ja	<http://ja.wikipedia.org/wiki/白子町>	<http://wikidata.dbpedia.org/resource/Q1203293>
<http://ja.dbpedia.org/resource/睦沢町>	"睦沢町"@ja	<http://dbpedia.org/ontology/Location>	<http://ja.dbpedia.org/property/隣接自治体>	"隣接自治体"@ja	<http://ja.wikipedia.org/wiki/睦沢町>	<http://wikidata.dbpedia.org/resource/Q768083>
<http://ja.dbpedia.org/resource/睦沢町>	"睦沢町"@ja	<http://dbpedia.org/ontology/Settlement>	<http://ja.dbpedia.org/property/隣接自治体>	"隣接自治体"@ja	<http://ja.wikipedia.org/wiki/睦沢町>	<http://wikidata.dbpedia.org/resource/Q768083>
<http://ja.dbpedia.org/resource/睦沢町>	"睦沢町"@ja	<http://dbpedia.org/ontology/Place>	<http://ja.dbpedia.org/property/隣接自治体>	"隣接自治体"@ja	<http://ja.wikipedia.org/wiki/睦沢町>	<http://wikidata.dbpedia.org/resource/Q768083>
<http://ja.dbpedia.org/resource/睦沢町>	"睦沢町"@ja	<http://dbpedia.org/ontology/City>	<http://ja.dbpedia.org/property/隣接自治体>	"隣接自治体"@ja	<http://ja.wikipedia.org/wiki/睦沢町>	<http://wikidata.dbpedia.org/resource/Q768083>
<http://ja.dbpedia.org/resource/睦沢町>	"睦沢町"@ja	<http://dbpedia.org/ontology/PopulatedPlace>	<http://ja.dbpedia.org/property/隣接自治体>	"隣接自治体"@ja	<http://ja.wikipedia.org/wiki/睦沢町>	<http://wikidata.dbpedia.org/resource/Q768083>
<http://ja.dbpedia.org/resource/茂原市>	"茂原市"@ja	<http://dbpedia.org/ontology/Settlement>	<http://ja.dbpedia.org/property/隣接自治体>	"隣接自治体"@ja	<http://ja.wikipedia.org/wiki/茂原市>	<http://wikidata.dbpedia.org/resource/Q502486>
<http://ja.dbpedia.org/resource/茂原市>	"茂原市"@ja	<http://dbpedia.org/ontology/Place>	<http://ja.dbpedia.org/property/隣接自治体>	"隣接自治体"@ja	<http://ja.wikipedia.org/wiki/茂原市>	<http://wikidata.dbpedia.org/resource/Q502486>
<http://ja.dbpedia.org/resource/茂原市>	"茂原市"@ja	<http://dbpedia.org/ontology/City>	<http://ja.dbpedia.org/property/隣接自治体>	"隣接自治体"@ja	<http://ja.wikipedia.org/wiki/茂原市>	<http://wikidata.dbpedia.org/resource/Q502486>
<http://ja.dbpedia.org/resource/茂原市>	"茂原市"@ja	<http://dbpedia.org/ontology/PopulatedPlace>	<http://ja.dbpedia.org/property/隣接自治体>	"隣接自治体"@ja	<http://ja.wikipedia.org/wiki/茂原市>	<http://wikidata.dbpedia.org/resource/Q502486>
<http://ja.dbpedia.org/resource/茂原市>	"茂原市"@ja	<http://dbpedia.org/ontology/Location>	<http://ja.dbpedia.org/property/隣接自治体>	"隣接自治体"@ja	<http://ja.wikipedia.org/wiki/茂原市>	<http://wikidata.dbpedia.org/resource/Q502486>
