?s	?sLabel	?type	?p	?pLabel	?jwiki	?wd
<http://ja.dbpedia.org/resource/いすみ市>	"いすみ市"@ja	<http://dbpedia.org/ontology/City>	<http://ja.dbpedia.org/property/隣接自治体>	"隣接自治体"@ja	<http://ja.wikipedia.org/wiki/いすみ市>	<http://wikidata.dbpedia.org/resource/Q840834>
<http://ja.dbpedia.org/resource/いすみ市>	"いすみ市"@ja	<http://dbpedia.org/ontology/Settlement>	<http://ja.dbpedia.org/property/隣接自治体>	"隣接自治体"@ja	<http://ja.wikipedia.org/wiki/いすみ市>	<http://wikidata.dbpedia.org/resource/Q840834>
<http://ja.dbpedia.org/resource/いすみ市>	"いすみ市"@ja	<http://dbpedia.org/ontology/Place>	<http://ja.dbpedia.org/property/隣接自治体>	"隣接自治体"@ja	<http://ja.wikipedia.org/wiki/いすみ市>	<http://wikidata.dbpedia.org/resource/Q840834>
<http://ja.dbpedia.org/resource/いすみ市>	"いすみ市"@ja	<http://dbpedia.org/ontology/PopulatedPlace>	<http://ja.dbpedia.org/property/隣接自治体>	"隣接自治体"@ja	<http://ja.wikipedia.org/wiki/いすみ市>	<http://wikidata.dbpedia.org/resource/Q840834>
<http://ja.dbpedia.org/resource/いすみ市>	"いすみ市"@ja	<http://dbpedia.org/ontology/Location>	<http://ja.dbpedia.org/property/隣接自治体>	"隣接自治体"@ja	<http://ja.wikipedia.org/wiki/いすみ市>	<http://wikidata.dbpedia.org/resource/Q840834>
<http://ja.dbpedia.org/resource/キョウチクトウ>	"キョウチクトウ"@ja	<http://dbpedia.org/ontology/Species>	<http://ja.dbpedia.org/property/木>	"木"@ja	<http://ja.wikipedia.org/wiki/キョウチクトウ>	<http://wikidata.dbpedia.org/resource/Q155833>
<http://ja.dbpedia.org/resource/勝浦市>	"勝浦市"@ja	<http://dbpedia.org/ontology/Location>	<http://ja.dbpedia.org/property/隣接自治体>	"隣接自治体"@ja	<http://ja.wikipedia.org/wiki/勝浦市>	<http://wikidata.dbpedia.org/resource/Q696418>
<http://ja.dbpedia.org/resource/勝浦市>	"勝浦市"@ja	<http://dbpedia.org/ontology/Place>	<http://ja.dbpedia.org/property/隣接自治体>	"隣接自治体"@ja	<http://ja.wikipedia.org/wiki/勝浦市>	<http://wikidata.dbpedia.org/resource/Q696418>
<http://ja.dbpedia.org/resource/勝浦市>	"勝浦市"@ja	<http://dbpedia.org/ontology/PopulatedPlace>	<http://ja.dbpedia.org/property/隣接自治体>	"隣接自治体"@ja	<http://ja.wikipedia.org/wiki/勝浦市>	<http://wikidata.dbpedia.org/resource/Q696418>
<http://ja.dbpedia.org/resource/勝浦市>	"勝浦市"@ja	<http://dbpedia.org/ontology/City>	<http://ja.dbpedia.org/property/隣接自治体>	"隣接自治体"@ja	<http://ja.wikipedia.org/wiki/勝浦市>	<http://wikidata.dbpedia.org/resource/Q696418>
<http://ja.dbpedia.org/resource/勝浦市>	"勝浦市"@ja	<http://dbpedia.org/ontology/Settlement>	<http://ja.dbpedia.org/property/隣接自治体>	"隣接自治体"@ja	<http://ja.wikipedia.org/wiki/勝浦市>	<http://wikidata.dbpedia.org/resource/Q696418>
