?s	?sLabel	?type	?p	?pLabel	?jwiki	?wd
<http://ja.dbpedia.org/resource/スイセン属>	"スイセン属"@ja	<http://dbpedia.org/ontology/Species>	<http://ja.dbpedia.org/property/花>	"花"@ja	<http://ja.wikipedia.org/wiki/スイセン属>	<http://wikidata.dbpedia.org/resource/Q29465>
<http://ja.dbpedia.org/resource/ツバキ>	"ツバキ"@ja	<http://dbpedia.org/ontology/Species>	<http://ja.dbpedia.org/property/木>	"木"@ja	<http://ja.wikipedia.org/wiki/ツバキ>	<http://wikidata.dbpedia.org/resource/Q160121>
<http://ja.dbpedia.org/resource/南房総市>	"南房総市"@ja	<http://dbpedia.org/ontology/PopulatedPlace>	<http://ja.dbpedia.org/property/south>	"South"@ja	<http://ja.wikipedia.org/wiki/南房総市>	<http://wikidata.dbpedia.org/resource/Q873521>
<http://ja.dbpedia.org/resource/南房総市>	"南房総市"@ja	<http://dbpedia.org/ontology/Settlement>	<http://ja.dbpedia.org/property/隣接自治体>	"隣接自治体"@ja	<http://ja.wikipedia.org/wiki/南房総市>	<http://wikidata.dbpedia.org/resource/Q873521>
<http://ja.dbpedia.org/resource/南房総市>	"南房総市"@ja	<http://dbpedia.org/ontology/City>	<http://ja.dbpedia.org/property/south>	"South"@ja	<http://ja.wikipedia.org/wiki/南房総市>	<http://wikidata.dbpedia.org/resource/Q873521>
<http://ja.dbpedia.org/resource/南房総市>	"南房総市"@ja	<http://dbpedia.org/ontology/Settlement>	<http://ja.dbpedia.org/property/south>	"South"@ja	<http://ja.wikipedia.org/wiki/南房総市>	<http://wikidata.dbpedia.org/resource/Q873521>
<http://ja.dbpedia.org/resource/南房総市>	"南房総市"@ja	<http://dbpedia.org/ontology/Location>	<http://ja.dbpedia.org/property/south>	"South"@ja	<http://ja.wikipedia.org/wiki/南房総市>	<http://wikidata.dbpedia.org/resource/Q873521>
<http://ja.dbpedia.org/resource/南房総市>	"南房総市"@ja	<http://dbpedia.org/ontology/PopulatedPlace>	<http://ja.dbpedia.org/property/隣接自治体>	"隣接自治体"@ja	<http://ja.wikipedia.org/wiki/南房総市>	<http://wikidata.dbpedia.org/resource/Q873521>
<http://ja.dbpedia.org/resource/南房総市>	"南房総市"@ja	<http://dbpedia.org/ontology/Place>	<http://ja.dbpedia.org/property/隣接自治体>	"隣接自治体"@ja	<http://ja.wikipedia.org/wiki/南房総市>	<http://wikidata.dbpedia.org/resource/Q873521>
<http://ja.dbpedia.org/resource/南房総市>	"南房総市"@ja	<http://dbpedia.org/ontology/Place>	<http://ja.dbpedia.org/property/south>	"South"@ja	<http://ja.wikipedia.org/wiki/南房総市>	<http://wikidata.dbpedia.org/resource/Q873521>
<http://ja.dbpedia.org/resource/南房総市>	"南房総市"@ja	<http://dbpedia.org/ontology/City>	<http://ja.dbpedia.org/property/隣接自治体>	"隣接自治体"@ja	<http://ja.wikipedia.org/wiki/南房総市>	<http://wikidata.dbpedia.org/resource/Q873521>
<http://ja.dbpedia.org/resource/南房総市>	"南房総市"@ja	<http://dbpedia.org/ontology/Location>	<http://ja.dbpedia.org/property/隣接自治体>	"隣接自治体"@ja	<http://ja.wikipedia.org/wiki/南房総市>	<http://wikidata.dbpedia.org/resource/Q873521>
<http://ja.dbpedia.org/resource/富津市>	"富津市"@ja	<http://dbpedia.org/ontology/Place>	<http://ja.dbpedia.org/property/north>	"North"@ja	<http://ja.wikipedia.org/wiki/富津市>	<http://wikidata.dbpedia.org/resource/Q498023>
<http://ja.dbpedia.org/resource/富津市>	"富津市"@ja	<http://dbpedia.org/ontology/City>	<http://ja.dbpedia.org/property/隣接自治体>	"隣接自治体"@ja	<http://ja.wikipedia.org/wiki/富津市>	<http://wikidata.dbpedia.org/resource/Q498023>
<http://ja.dbpedia.org/resource/富津市>	"富津市"@ja	<http://dbpedia.org/ontology/PopulatedPlace>	<http://ja.dbpedia.org/property/north>	"North"@ja	<http://ja.wikipedia.org/wiki/富津市>	<http://wikidata.dbpedia.org/resource/Q498023>
<http://ja.dbpedia.org/resource/富津市>	"富津市"@ja	<http://dbpedia.org/ontology/PopulatedPlace>	<http://ja.dbpedia.org/property/隣接自治体>	"隣接自治体"@ja	<http://ja.wikipedia.org/wiki/富津市>	<http://wikidata.dbpedia.org/resource/Q498023>
<http://ja.dbpedia.org/resource/富津市>	"富津市"@ja	<http://dbpedia.org/ontology/Location>	<http://ja.dbpedia.org/property/north>	"North"@ja	<http://ja.wikipedia.org/wiki/富津市>	<http://wikidata.dbpedia.org/resource/Q498023>
<http://ja.dbpedia.org/resource/富津市>	"富津市"@ja	<http://dbpedia.org/ontology/City>	<http://ja.dbpedia.org/property/north>	"North"@ja	<http://ja.wikipedia.org/wiki/富津市>	<http://wikidata.dbpedia.org/resource/Q498023>
<http://ja.dbpedia.org/resource/富津市>	"富津市"@ja	<http://dbpedia.org/ontology/Location>	<http://ja.dbpedia.org/property/隣接自治体>	"隣接自治体"@ja	<http://ja.wikipedia.org/wiki/富津市>	<http://wikidata.dbpedia.org/resource/Q498023>
<http://ja.dbpedia.org/resource/富津市>	"富津市"@ja	<http://dbpedia.org/ontology/Place>	<http://ja.dbpedia.org/property/隣接自治体>	"隣接自治体"@ja	<http://ja.wikipedia.org/wiki/富津市>	<http://wikidata.dbpedia.org/resource/Q498023>
<http://ja.dbpedia.org/resource/富津市>	"富津市"@ja	<http://dbpedia.org/ontology/Settlement>	<http://ja.dbpedia.org/property/north>	"North"@ja	<http://ja.wikipedia.org/wiki/富津市>	<http://wikidata.dbpedia.org/resource/Q498023>
<http://ja.dbpedia.org/resource/富津市>	"富津市"@ja	<http://dbpedia.org/ontology/Settlement>	<http://ja.dbpedia.org/property/隣接自治体>	"隣接自治体"@ja	<http://ja.wikipedia.org/wiki/富津市>	<http://wikidata.dbpedia.org/resource/Q498023>
<http://ja.dbpedia.org/resource/鋸山_(千葉県)>	"鋸山 (千葉県)"@ja	<http://dbpedia.org/ontology/Mountain>	<http://ja.dbpedia.org/property/画像の説明>	"画像の説明"@ja	<http://ja.wikipedia.org/wiki/鋸山_(千葉県)>	<http://wikidata.dbpedia.org/resource/Q5120896>
<http://ja.dbpedia.org/resource/鋸山_(千葉県)>	"鋸山 (千葉県)"@ja	<http://dbpedia.org/ontology/Location>	<http://ja.dbpedia.org/property/画像の説明>	"画像の説明"@ja	<http://ja.wikipedia.org/wiki/鋸山_(千葉県)>	<http://wikidata.dbpedia.org/resource/Q5120896>
<http://ja.dbpedia.org/resource/鋸山_(千葉県)>	"鋸山 (千葉県)"@ja	<http://dbpedia.org/ontology/Place>	<http://ja.dbpedia.org/property/画像の説明>	"画像の説明"@ja	<http://ja.wikipedia.org/wiki/鋸山_(千葉県)>	<http://wikidata.dbpedia.org/resource/Q5120896>
<http://ja.dbpedia.org/resource/鋸山_(千葉県)>	"鋸山 (千葉県)"@ja	<http://dbpedia.org/ontology/NaturalPlace>	<http://ja.dbpedia.org/property/画像の説明>	"画像の説明"@ja	<http://ja.wikipedia.org/wiki/鋸山_(千葉県)>	<http://wikidata.dbpedia.org/resource/Q5120896>
<http://ja.dbpedia.org/resource/鴨川市>	"鴨川市"@ja	<http://dbpedia.org/ontology/City>	<http://ja.dbpedia.org/property/east>	"East"@ja	<http://ja.wikipedia.org/wiki/鴨川市>	<http://wikidata.dbpedia.org/resource/Q387211>
<http://ja.dbpedia.org/resource/鴨川市>	"鴨川市"@ja	<http://dbpedia.org/ontology/Location>	<http://ja.dbpedia.org/property/east>	"East"@ja	<http://ja.wikipedia.org/wiki/鴨川市>	<http://wikidata.dbpedia.org/resource/Q387211>
<http://ja.dbpedia.org/resource/鴨川市>	"鴨川市"@ja	<http://dbpedia.org/ontology/Place>	<http://ja.dbpedia.org/property/隣接自治体>	"隣接自治体"@ja	<http://ja.wikipedia.org/wiki/鴨川市>	<http://wikidata.dbpedia.org/resource/Q387211>
<http://ja.dbpedia.org/resource/鴨川市>	"鴨川市"@ja	<http://dbpedia.org/ontology/Place>	<http://ja.dbpedia.org/property/east>	"East"@ja	<http://ja.wikipedia.org/wiki/鴨川市>	<http://wikidata.dbpedia.org/resource/Q387211>
<http://ja.dbpedia.org/resource/鴨川市>	"鴨川市"@ja	<http://dbpedia.org/ontology/Settlement>	<http://ja.dbpedia.org/property/east>	"East"@ja	<http://ja.wikipedia.org/wiki/鴨川市>	<http://wikidata.dbpedia.org/resource/Q387211>
<http://ja.dbpedia.org/resource/鴨川市>	"鴨川市"@ja	<http://dbpedia.org/ontology/Location>	<http://ja.dbpedia.org/property/隣接自治体>	"隣接自治体"@ja	<http://ja.wikipedia.org/wiki/鴨川市>	<http://wikidata.dbpedia.org/resource/Q387211>
<http://ja.dbpedia.org/resource/鴨川市>	"鴨川市"@ja	<http://dbpedia.org/ontology/City>	<http://ja.dbpedia.org/property/隣接自治体>	"隣接自治体"@ja	<http://ja.wikipedia.org/wiki/鴨川市>	<http://wikidata.dbpedia.org/resource/Q387211>
<http://ja.dbpedia.org/resource/鴨川市>	"鴨川市"@ja	<http://dbpedia.org/ontology/PopulatedPlace>	<http://ja.dbpedia.org/property/隣接自治体>	"隣接自治体"@ja	<http://ja.wikipedia.org/wiki/鴨川市>	<http://wikidata.dbpedia.org/resource/Q387211>
<http://ja.dbpedia.org/resource/鴨川市>	"鴨川市"@ja	<http://dbpedia.org/ontology/PopulatedPlace>	<http://ja.dbpedia.org/property/east>	"East"@ja	<http://ja.wikipedia.org/wiki/鴨川市>	<http://wikidata.dbpedia.org/resource/Q387211>
<http://ja.dbpedia.org/resource/鴨川市>	"鴨川市"@ja	<http://dbpedia.org/ontology/Settlement>	<http://ja.dbpedia.org/property/隣接自治体>	"隣接自治体"@ja	<http://ja.wikipedia.org/wiki/鴨川市>	<http://wikidata.dbpedia.org/resource/Q387211>
