?s	?sLabel	?type	?p	?pLabel	?jwiki	?wd
<http://ja.dbpedia.org/resource/イチョウ>	"イチョウ"@ja	<http://dbpedia.org/ontology/Species>	<http://ja.dbpedia.org/property/木>	"木"@ja	<http://ja.wikipedia.org/wiki/イチョウ>	<http://wikidata.dbpedia.org/resource/Q43284>
<http://ja.dbpedia.org/resource/ソメイヨシノ>	"ソメイヨシノ"@ja	<http://dbpedia.org/ontology/Species>	<http://ja.dbpedia.org/property/花>	"花"@ja	<http://ja.wikipedia.org/wiki/ソメイヨシノ>	<http://wikidata.dbpedia.org/resource/Q163078>
<http://ja.dbpedia.org/resource/ユリカモメ>	"ユリカモメ"@ja	<http://dbpedia.org/ontology/Species>	<http://ja.dbpedia.org/property/鳥>	"鳥"@ja	<http://ja.wikipedia.org/wiki/ユリカモメ>	<http://wikidata.dbpedia.org/resource/Q25634>
<http://ja.dbpedia.org/resource/千葉県>	"千葉県"@ja	<http://dbpedia.org/ontology/PopulatedPlace>	<http://ja.dbpedia.org/property/east>	"East"@ja	<http://ja.wikipedia.org/wiki/千葉県>	<http://wikidata.dbpedia.org/resource/Q80011>
<http://ja.dbpedia.org/resource/千葉県>	"千葉県"@ja	<http://dbpedia.org/ontology/Location>	<http://ja.dbpedia.org/property/east>	"East"@ja	<http://ja.wikipedia.org/wiki/千葉県>	<http://wikidata.dbpedia.org/resource/Q80011>
<http://ja.dbpedia.org/resource/千葉県>	"千葉県"@ja	<http://dbpedia.org/ontology/AdministrativeRegion>	<http://ja.dbpedia.org/property/east>	"East"@ja	<http://ja.wikipedia.org/wiki/千葉県>	<http://wikidata.dbpedia.org/resource/Q80011>
<http://ja.dbpedia.org/resource/千葉県>	"千葉県"@ja	<http://dbpedia.org/ontology/Region>	<http://ja.dbpedia.org/property/east>	"East"@ja	<http://ja.wikipedia.org/wiki/千葉県>	<http://wikidata.dbpedia.org/resource/Q80011>
<http://ja.dbpedia.org/resource/千葉県>	"千葉県"@ja	<http://dbpedia.org/ontology/Place>	<http://ja.dbpedia.org/property/east>	"East"@ja	<http://ja.wikipedia.org/wiki/千葉県>	<http://wikidata.dbpedia.org/resource/Q80011>
<http://ja.dbpedia.org/resource/埼玉県>	"埼玉県"@ja	<http://dbpedia.org/ontology/Region>	<http://ja.dbpedia.org/property/north>	"North"@ja	<http://ja.wikipedia.org/wiki/埼玉県>	<http://wikidata.dbpedia.org/resource/Q128186>
<http://ja.dbpedia.org/resource/埼玉県>	"埼玉県"@ja	<http://dbpedia.org/ontology/Place>	<http://ja.dbpedia.org/property/north>	"North"@ja	<http://ja.wikipedia.org/wiki/埼玉県>	<http://wikidata.dbpedia.org/resource/Q128186>
<http://ja.dbpedia.org/resource/埼玉県>	"埼玉県"@ja	<http://dbpedia.org/ontology/AdministrativeRegion>	<http://ja.dbpedia.org/property/north>	"North"@ja	<http://ja.wikipedia.org/wiki/埼玉県>	<http://wikidata.dbpedia.org/resource/Q128186>
<http://ja.dbpedia.org/resource/埼玉県>	"埼玉県"@ja	<http://dbpedia.org/ontology/Location>	<http://ja.dbpedia.org/property/north>	"North"@ja	<http://ja.wikipedia.org/wiki/埼玉県>	<http://wikidata.dbpedia.org/resource/Q128186>
<http://ja.dbpedia.org/resource/埼玉県>	"埼玉県"@ja	<http://dbpedia.org/ontology/PopulatedPlace>	<http://ja.dbpedia.org/property/north>	"North"@ja	<http://ja.wikipedia.org/wiki/埼玉県>	<http://wikidata.dbpedia.org/resource/Q128186>
<http://ja.dbpedia.org/resource/山手線>	"山手線"@ja	<http://dbpedia.org/ontology/RouteOfTransportation>	<http://ja.dbpedia.org/property/説明>	"説明"@ja	<http://ja.wikipedia.org/wiki/山手線>	<http://wikidata.dbpedia.org/resource/Q693036>
<http://ja.dbpedia.org/resource/山手線>	"山手線"@ja	<http://dbpedia.org/ontology/Infrastructure>	<http://ja.dbpedia.org/property/説明>	"説明"@ja	<http://ja.wikipedia.org/wiki/山手線>	<http://wikidata.dbpedia.org/resource/Q693036>
<http://ja.dbpedia.org/resource/山手線>	"山手線"@ja	<http://dbpedia.org/ontology/RailwayLine>	<http://ja.dbpedia.org/property/説明>	"説明"@ja	<http://ja.wikipedia.org/wiki/山手線>	<http://wikidata.dbpedia.org/resource/Q693036>
<http://ja.dbpedia.org/resource/山手線>	"山手線"@ja	<http://dbpedia.org/ontology/ArchitecturalStructure>	<http://ja.dbpedia.org/property/説明>	"説明"@ja	<http://ja.wikipedia.org/wiki/山手線>	<http://wikidata.dbpedia.org/resource/Q693036>
<http://ja.dbpedia.org/resource/山梨県>	"山梨県"@ja	<http://dbpedia.org/ontology/Region>	<http://ja.dbpedia.org/property/west>	"West"@ja	<http://ja.wikipedia.org/wiki/山梨県>	<http://wikidata.dbpedia.org/resource/Q132720>
<http://ja.dbpedia.org/resource/山梨県>	"山梨県"@ja	<http://dbpedia.org/ontology/Place>	<http://ja.dbpedia.org/property/west>	"West"@ja	<http://ja.wikipedia.org/wiki/山梨県>	<http://wikidata.dbpedia.org/resource/Q132720>
<http://ja.dbpedia.org/resource/山梨県>	"山梨県"@ja	<http://dbpedia.org/ontology/PopulatedPlace>	<http://ja.dbpedia.org/property/west>	"West"@ja	<http://ja.wikipedia.org/wiki/山梨県>	<http://wikidata.dbpedia.org/resource/Q132720>
<http://ja.dbpedia.org/resource/山梨県>	"山梨県"@ja	<http://dbpedia.org/ontology/Location>	<http://ja.dbpedia.org/property/west>	"West"@ja	<http://ja.wikipedia.org/wiki/山梨県>	<http://wikidata.dbpedia.org/resource/Q132720>
<http://ja.dbpedia.org/resource/山梨県>	"山梨県"@ja	<http://dbpedia.org/ontology/AdministrativeRegion>	<http://ja.dbpedia.org/property/west>	"West"@ja	<http://ja.wikipedia.org/wiki/山梨県>	<http://wikidata.dbpedia.org/resource/Q132720>
<http://ja.dbpedia.org/resource/新宿>	"新宿"@ja	<http://dbpedia.org/ontology/Settlement>	<http://ja.dbpedia.org/property/説明>	"説明"@ja	<http://ja.wikipedia.org/wiki/新宿>	<http://wikidata.dbpedia.org/resource/Q836198>
<http://ja.dbpedia.org/resource/新宿>	"新宿"@ja	<http://dbpedia.org/ontology/Place>	<http://ja.dbpedia.org/property/説明>	"説明"@ja	<http://ja.wikipedia.org/wiki/新宿>	<http://wikidata.dbpedia.org/resource/Q836198>
<http://ja.dbpedia.org/resource/新宿>	"新宿"@ja	<http://dbpedia.org/ontology/Location>	<http://ja.dbpedia.org/property/説明>	"説明"@ja	<http://ja.wikipedia.org/wiki/新宿>	<http://wikidata.dbpedia.org/resource/Q836198>
<http://ja.dbpedia.org/resource/新宿>	"新宿"@ja	<http://dbpedia.org/ontology/PopulatedPlace>	<http://ja.dbpedia.org/property/説明>	"説明"@ja	<http://ja.wikipedia.org/wiki/新宿>	<http://wikidata.dbpedia.org/resource/Q836198>
<http://ja.dbpedia.org/resource/東京市>	"東京市"@ja	<http://dbpedia.org/ontology/Place>	<http://ja.dbpedia.org/property/before>	"before"@ja	<http://ja.wikipedia.org/wiki/東京市>	<http://wikidata.dbpedia.org/resource/Q1207735>
<http://ja.dbpedia.org/resource/東京市>	"東京市"@ja	<http://dbpedia.org/ontology/City>	<http://ja.dbpedia.org/property/before>	"before"@ja	<http://ja.wikipedia.org/wiki/東京市>	<http://wikidata.dbpedia.org/resource/Q1207735>
<http://ja.dbpedia.org/resource/東京市>	"東京市"@ja	<http://dbpedia.org/ontology/Settlement>	<http://ja.dbpedia.org/property/before>	"before"@ja	<http://ja.wikipedia.org/wiki/東京市>	<http://wikidata.dbpedia.org/resource/Q1207735>
<http://ja.dbpedia.org/resource/東京市>	"東京市"@ja	<http://dbpedia.org/ontology/PopulatedPlace>	<http://ja.dbpedia.org/property/before>	"before"@ja	<http://ja.wikipedia.org/wiki/東京市>	<http://wikidata.dbpedia.org/resource/Q1207735>
<http://ja.dbpedia.org/resource/東京市>	"東京市"@ja	<http://dbpedia.org/ontology/Location>	<http://ja.dbpedia.org/property/before>	"before"@ja	<http://ja.wikipedia.org/wiki/東京市>	<http://wikidata.dbpedia.org/resource/Q1207735>
<http://ja.dbpedia.org/resource/東京市歌>	"東京市歌"@ja	<http://dbpedia.org/ontology/Work>	<http://ja.dbpedia.org/property/歌など>	"歌など"@ja	<http://ja.wikipedia.org/wiki/東京市歌>	<http://wikidata.dbpedia.org/resource/Q17229279>
<http://ja.dbpedia.org/resource/東京市歌>	"東京市歌"@ja	<http://dbpedia.org/ontology/MusicalWork>	<http://ja.dbpedia.org/property/歌など>	"歌など"@ja	<http://ja.wikipedia.org/wiki/東京市歌>	<http://wikidata.dbpedia.org/resource/Q17229279>
<http://ja.dbpedia.org/resource/東京市歌>	"東京市歌"@ja	<http://dbpedia.org/ontology/Single>	<http://ja.dbpedia.org/property/歌など>	"歌など"@ja	<http://ja.wikipedia.org/wiki/東京市歌>	<http://wikidata.dbpedia.org/resource/Q17229279>
<http://ja.dbpedia.org/resource/東京都歌>	"東京都歌"@ja	<http://dbpedia.org/ontology/Work>	<http://ja.dbpedia.org/property/歌など>	"歌など"@ja	<http://ja.wikipedia.org/wiki/東京都歌>	<http://wikidata.dbpedia.org/resource/Q11525332>
<http://ja.dbpedia.org/resource/東京都歌>	"東京都歌"@ja	<http://dbpedia.org/ontology/Single>	<http://ja.dbpedia.org/property/歌など>	"歌など"@ja	<http://ja.wikipedia.org/wiki/東京都歌>	<http://wikidata.dbpedia.org/resource/Q11525332>
<http://ja.dbpedia.org/resource/東京都歌>	"東京都歌"@ja	<http://dbpedia.org/ontology/MusicalWork>	<http://ja.dbpedia.org/property/歌など>	"歌など"@ja	<http://ja.wikipedia.org/wiki/東京都歌>	<http://wikidata.dbpedia.org/resource/Q11525332>
<http://ja.dbpedia.org/resource/東京駅>	"東京駅"@ja	<http://dbpedia.org/ontology/Station>	<http://ja.dbpedia.org/property/説明>	"説明"@ja	<http://ja.wikipedia.org/wiki/東京駅>	<http://wikidata.dbpedia.org/resource/Q283196>
<http://ja.dbpedia.org/resource/東京駅>	"東京駅"@ja	<http://dbpedia.org/ontology/ArchitecturalStructure>	<http://ja.dbpedia.org/property/説明>	"説明"@ja	<http://ja.wikipedia.org/wiki/東京駅>	<http://wikidata.dbpedia.org/resource/Q283196>
<http://ja.dbpedia.org/resource/東京駅>	"東京駅"@ja	<http://dbpedia.org/ontology/Infrastructure>	<http://ja.dbpedia.org/property/説明>	"説明"@ja	<http://ja.wikipedia.org/wiki/東京駅>	<http://wikidata.dbpedia.org/resource/Q283196>
<http://ja.dbpedia.org/resource/神奈川県>	"神奈川県"@ja	<http://dbpedia.org/ontology/Region>	<http://ja.dbpedia.org/property/south>	"South"@ja	<http://ja.wikipedia.org/wiki/神奈川県>	<http://wikidata.dbpedia.org/resource/Q127513>
<http://ja.dbpedia.org/resource/神奈川県>	"神奈川県"@ja	<http://dbpedia.org/ontology/Place>	<http://ja.dbpedia.org/property/south>	"South"@ja	<http://ja.wikipedia.org/wiki/神奈川県>	<http://wikidata.dbpedia.org/resource/Q127513>
<http://ja.dbpedia.org/resource/神奈川県>	"神奈川県"@ja	<http://dbpedia.org/ontology/AdministrativeRegion>	<http://ja.dbpedia.org/property/south>	"South"@ja	<http://ja.wikipedia.org/wiki/神奈川県>	<http://wikidata.dbpedia.org/resource/Q127513>
<http://ja.dbpedia.org/resource/神奈川県>	"神奈川県"@ja	<http://dbpedia.org/ontology/Location>	<http://ja.dbpedia.org/property/south>	"South"@ja	<http://ja.wikipedia.org/wiki/神奈川県>	<http://wikidata.dbpedia.org/resource/Q127513>
<http://ja.dbpedia.org/resource/神奈川県>	"神奈川県"@ja	<http://dbpedia.org/ontology/PopulatedPlace>	<http://ja.dbpedia.org/property/south>	"South"@ja	<http://ja.wikipedia.org/wiki/神奈川県>	<http://wikidata.dbpedia.org/resource/Q127513>
<http://ja.dbpedia.org/resource/銀座>	"銀座"@ja	<http://dbpedia.org/ontology/Location>	<http://ja.dbpedia.org/property/説明>	"説明"@ja	<http://ja.wikipedia.org/wiki/銀座>	<http://wikidata.dbpedia.org/resource/Q746052>
<http://ja.dbpedia.org/resource/銀座>	"銀座"@ja	<http://dbpedia.org/ontology/PopulatedPlace>	<http://ja.dbpedia.org/property/説明>	"説明"@ja	<http://ja.wikipedia.org/wiki/銀座>	<http://wikidata.dbpedia.org/resource/Q746052>
<http://ja.dbpedia.org/resource/銀座>	"銀座"@ja	<http://dbpedia.org/ontology/Settlement>	<http://ja.dbpedia.org/property/説明>	"説明"@ja	<http://ja.wikipedia.org/wiki/銀座>	<http://wikidata.dbpedia.org/resource/Q746052>
<http://ja.dbpedia.org/resource/銀座>	"銀座"@ja	<http://dbpedia.org/ontology/Place>	<http://ja.dbpedia.org/property/説明>	"説明"@ja	<http://ja.wikipedia.org/wiki/銀座>	<http://wikidata.dbpedia.org/resource/Q746052>
