?s	?sLabel	?type	?p	?pLabel	?jwiki	?wd
<http://ja.dbpedia.org/resource/ナナカマド>	"ナナカマド"@ja	<http://dbpedia.org/ontology/Species>	<http://ja.dbpedia.org/property/木>	"木"@ja	<http://ja.wikipedia.org/wiki/ナナカマド>	<http://wikidata.dbpedia.org/resource/Q1210209>
<http://ja.dbpedia.org/resource/ハナショウブ>	"ハナショウブ"@ja	<http://dbpedia.org/ontology/Species>	<http://ja.dbpedia.org/property/花>	"花"@ja	<http://ja.wikipedia.org/wiki/ハナショウブ>	<http://wikidata.dbpedia.org/resource/Q21558856>
<http://ja.dbpedia.org/resource/岩見沢市>	"岩見沢市"@ja	<http://dbpedia.org/ontology/PopulatedPlace>	<http://ja.dbpedia.org/property/隣接自治体>	"隣接自治体"@ja	<http://ja.wikipedia.org/wiki/岩見沢市>	<http://wikidata.dbpedia.org/resource/Q693264>
<http://ja.dbpedia.org/resource/岩見沢市>	"岩見沢市"@ja	<http://dbpedia.org/ontology/Place>	<http://ja.dbpedia.org/property/隣接自治体>	"隣接自治体"@ja	<http://ja.wikipedia.org/wiki/岩見沢市>	<http://wikidata.dbpedia.org/resource/Q693264>
<http://ja.dbpedia.org/resource/岩見沢市>	"岩見沢市"@ja	<http://dbpedia.org/ontology/City>	<http://ja.dbpedia.org/property/隣接自治体>	"隣接自治体"@ja	<http://ja.wikipedia.org/wiki/岩見沢市>	<http://wikidata.dbpedia.org/resource/Q693264>
<http://ja.dbpedia.org/resource/岩見沢市>	"岩見沢市"@ja	<http://dbpedia.org/ontology/Location>	<http://ja.dbpedia.org/property/隣接自治体>	"隣接自治体"@ja	<http://ja.wikipedia.org/wiki/岩見沢市>	<http://wikidata.dbpedia.org/resource/Q693264>
<http://ja.dbpedia.org/resource/岩見沢市>	"岩見沢市"@ja	<http://dbpedia.org/ontology/Settlement>	<http://ja.dbpedia.org/property/隣接自治体>	"隣接自治体"@ja	<http://ja.wikipedia.org/wiki/岩見沢市>	<http://wikidata.dbpedia.org/resource/Q693264>
<http://ja.dbpedia.org/resource/江別市>	"江別市"@ja	<http://dbpedia.org/ontology/City>	<http://ja.dbpedia.org/property/隣接自治体>	"隣接自治体"@ja	<http://ja.wikipedia.org/wiki/江別市>	<http://wikidata.dbpedia.org/resource/Q496681>
<http://ja.dbpedia.org/resource/江別市>	"江別市"@ja	<http://dbpedia.org/ontology/Location>	<http://ja.dbpedia.org/property/隣接自治体>	"隣接自治体"@ja	<http://ja.wikipedia.org/wiki/江別市>	<http://wikidata.dbpedia.org/resource/Q496681>
<http://ja.dbpedia.org/resource/江別市>	"江別市"@ja	<http://dbpedia.org/ontology/PopulatedPlace>	<http://ja.dbpedia.org/property/隣接自治体>	"隣接自治体"@ja	<http://ja.wikipedia.org/wiki/江別市>	<http://wikidata.dbpedia.org/resource/Q496681>
<http://ja.dbpedia.org/resource/江別市>	"江別市"@ja	<http://dbpedia.org/ontology/Place>	<http://ja.dbpedia.org/property/隣接自治体>	"隣接自治体"@ja	<http://ja.wikipedia.org/wiki/江別市>	<http://wikidata.dbpedia.org/resource/Q496681>
<http://ja.dbpedia.org/resource/江別市>	"江別市"@ja	<http://dbpedia.org/ontology/Settlement>	<http://ja.dbpedia.org/property/隣接自治体>	"隣接自治体"@ja	<http://ja.wikipedia.org/wiki/江別市>	<http://wikidata.dbpedia.org/resource/Q496681>
