?s	?sLabel	?type	?p	?pLabel	?jwiki	?wd
<http://ja.dbpedia.org/resource/サクラ>	"サクラ"@ja	<http://dbpedia.org/ontology/Species>	<http://ja.dbpedia.org/property/花>	"花"@ja	<http://ja.wikipedia.org/wiki/サクラ>	<http://wikidata.dbpedia.org/resource/Q871991>
<http://ja.dbpedia.org/resource/ハクチョウ>	"ハクチョウ"@ja	<http://dbpedia.org/ontology/Eukaryote>	<http://ja.dbpedia.org/property/鳥など>	"鳥など"@ja	<http://ja.wikipedia.org/wiki/ハクチョウ>	<http://wikidata.dbpedia.org/resource/Q34384>
<http://ja.dbpedia.org/resource/ハクチョウ>	"ハクチョウ"@ja	<http://dbpedia.org/ontology/Bird>	<http://ja.dbpedia.org/property/鳥など>	"鳥など"@ja	<http://ja.wikipedia.org/wiki/ハクチョウ>	<http://wikidata.dbpedia.org/resource/Q34384>
<http://ja.dbpedia.org/resource/ハクチョウ>	"ハクチョウ"@ja	<http://dbpedia.org/ontology/Species>	<http://ja.dbpedia.org/property/鳥など>	"鳥など"@ja	<http://ja.wikipedia.org/wiki/ハクチョウ>	<http://wikidata.dbpedia.org/resource/Q34384>
<http://ja.dbpedia.org/resource/ハクチョウ>	"ハクチョウ"@ja	<http://dbpedia.org/ontology/Animal>	<http://ja.dbpedia.org/property/鳥など>	"鳥など"@ja	<http://ja.wikipedia.org/wiki/ハクチョウ>	<http://wikidata.dbpedia.org/resource/Q34384>
<http://ja.dbpedia.org/resource/マツ>	"マツ"@ja	<http://dbpedia.org/ontology/Species>	<http://ja.dbpedia.org/property/木>	"木"@ja	<http://ja.wikipedia.org/wiki/マツ>	<http://wikidata.dbpedia.org/resource/Q12024>
<http://ja.dbpedia.org/resource/皇居>	"皇居"@ja	<http://dbpedia.org/ontology/Location>	<http://ja.dbpedia.org/property/画像の説明>	"画像の説明"@ja	<http://ja.wikipedia.org/wiki/皇居>	<http://wikidata.dbpedia.org/resource/Q500681>
<http://ja.dbpedia.org/resource/皇居>	"皇居"@ja	<http://dbpedia.org/ontology/Place>	<http://ja.dbpedia.org/property/画像の説明>	"画像の説明"@ja	<http://ja.wikipedia.org/wiki/皇居>	<http://wikidata.dbpedia.org/resource/Q500681>
<http://ja.dbpedia.org/resource/皇居>	"皇居"@ja	<http://dbpedia.org/ontology/Park>	<http://ja.dbpedia.org/property/画像の説明>	"画像の説明"@ja	<http://ja.wikipedia.org/wiki/皇居>	<http://wikidata.dbpedia.org/resource/Q500681>
