?s	?sLabel	?type	?p	?pLabel	?jwiki	?wd
<http://ja.dbpedia.org/resource/ケヤキ>	"ケヤキ"@ja	<http://dbpedia.org/ontology/Species>	<http://ja.dbpedia.org/property/木>	"木"@ja	<http://ja.wikipedia.org/wiki/ケヤキ>	<http://wikidata.dbpedia.org/resource/Q920344>
<http://ja.dbpedia.org/resource/ツツジ>	"ツツジ"@ja	<http://dbpedia.org/ontology/Species>	<http://ja.dbpedia.org/property/花>	"花"@ja	<http://ja.wikipedia.org/wiki/ツツジ>	<http://wikidata.dbpedia.org/resource/Q189393>
<http://ja.dbpedia.org/resource/鉄腕アトム>	"鉄腕アトム"@ja	<http://dbpedia.org/ontology/Cartoon>	<http://ja.dbpedia.org/property/鳥など>	"鳥など"@ja	<http://ja.wikipedia.org/wiki/鉄腕アトム>	<http://wikidata.dbpedia.org/resource/Q673036>
<http://ja.dbpedia.org/resource/鉄腕アトム>	"鉄腕アトム"@ja	<http://dbpedia.org/ontology/work>	<http://ja.dbpedia.org/property/鳥など>	"鳥など"@ja	<http://ja.wikipedia.org/wiki/鉄腕アトム>	<http://wikidata.dbpedia.org/resource/Q673036>
<http://ja.dbpedia.org/resource/鉄腕アトム>	"鉄腕アトム"@ja	<http://dbpedia.org/ontology/Anime>	<http://ja.dbpedia.org/property/鳥など>	"鳥など"@ja	<http://ja.wikipedia.org/wiki/鉄腕アトム>	<http://wikidata.dbpedia.org/resource/Q673036>
