?s	?sLabel	?type	?p	?pLabel	?jwiki	?wd
<http://ja.dbpedia.org/resource/アジサイ>	"アジサイ"@ja	<http://dbpedia.org/ontology/Species>	<http://ja.dbpedia.org/property/花>	"花"@ja	<http://ja.wikipedia.org/wiki/アジサイ>	<http://wikidata.dbpedia.org/resource/Q159219>
<http://ja.dbpedia.org/resource/ハナミズキ>	"ハナミズキ"@ja	<http://dbpedia.org/ontology/Species>	<http://ja.dbpedia.org/property/木>	"木"@ja	<http://ja.wikipedia.org/wiki/ハナミズキ>	<http://wikidata.dbpedia.org/resource/Q887221>
<http://ja.dbpedia.org/resource/バラ>	"バラ"@ja	<http://dbpedia.org/ontology/Species>	<http://ja.dbpedia.org/property/花>	"花"@ja	<http://ja.wikipedia.org/wiki/バラ>	<http://wikidata.dbpedia.org/resource/Q64140922>
<http://ja.dbpedia.org/resource/増上寺>	"増上寺"@ja	<http://dbpedia.org/ontology/ArchitecturalStructure>	<http://ja.dbpedia.org/property/画像の説明>	"画像の説明"@ja	<http://ja.wikipedia.org/wiki/増上寺>	<http://wikidata.dbpedia.org/resource/Q249139>
<http://ja.dbpedia.org/resource/増上寺>	"増上寺"@ja	<http://dbpedia.org/ontology/Building>	<http://ja.dbpedia.org/property/画像の説明>	"画像の説明"@ja	<http://ja.wikipedia.org/wiki/増上寺>	<http://wikidata.dbpedia.org/resource/Q249139>
<http://ja.dbpedia.org/resource/増上寺>	"増上寺"@ja	<http://dbpedia.org/ontology/ReligiousBuilding>	<http://ja.dbpedia.org/property/画像の説明>	"画像の説明"@ja	<http://ja.wikipedia.org/wiki/増上寺>	<http://wikidata.dbpedia.org/resource/Q249139>
<http://ja.dbpedia.org/resource/増上寺>	"増上寺"@ja	<http://dbpedia.org/ontology/Temple>	<http://ja.dbpedia.org/property/画像の説明>	"画像の説明"@ja	<http://ja.wikipedia.org/wiki/増上寺>	<http://wikidata.dbpedia.org/resource/Q249139>
<http://ja.dbpedia.org/resource/東京タワー>	"東京タワー"@ja	<http://dbpedia.org/ontology/ArchitecturalStructure>	<http://ja.dbpedia.org/property/画像の説明>	"画像の説明"@ja	<http://ja.wikipedia.org/wiki/東京タワー>	<http://wikidata.dbpedia.org/resource/Q183536>
<http://ja.dbpedia.org/resource/東京タワー>	"東京タワー"@ja	<http://dbpedia.org/ontology/Building>	<http://ja.dbpedia.org/property/画像の説明>	"画像の説明"@ja	<http://ja.wikipedia.org/wiki/東京タワー>	<http://wikidata.dbpedia.org/resource/Q183536>
