?s	?sLabel	?type	?p	?pLabel	?jwiki	?wd
<http://ja.dbpedia.org/resource/サツキ>	"サツキ"@ja	<http://dbpedia.org/ontology/Species>	<http://ja.dbpedia.org/property/花>	"花"@ja	<http://ja.wikipedia.org/wiki/サツキ>	<http://wikidata.dbpedia.org/resource/Q5366359>
<http://ja.dbpedia.org/resource/ツツジ>	"ツツジ"@ja	<http://dbpedia.org/ontology/Species>	<http://ja.dbpedia.org/property/花>	"花"@ja	<http://ja.wikipedia.org/wiki/ツツジ>	<http://wikidata.dbpedia.org/resource/Q189393>
<http://ja.dbpedia.org/resource/ヤナギ>	"ヤナギ"@ja	<http://dbpedia.org/ontology/Species>	<http://ja.dbpedia.org/property/木>	"木"@ja	<http://ja.wikipedia.org/wiki/ヤナギ>	<http://wikidata.dbpedia.org/resource/Q36050>
<http://ja.dbpedia.org/resource/銀座>	"銀座"@ja	<http://dbpedia.org/ontology/Settlement>	<http://ja.dbpedia.org/property/画像の説明>	"画像の説明"@ja	<http://ja.wikipedia.org/wiki/銀座>	<http://wikidata.dbpedia.org/resource/Q746052>
<http://ja.dbpedia.org/resource/銀座>	"銀座"@ja	<http://dbpedia.org/ontology/PopulatedPlace>	<http://ja.dbpedia.org/property/画像の説明>	"画像の説明"@ja	<http://ja.wikipedia.org/wiki/銀座>	<http://wikidata.dbpedia.org/resource/Q746052>
<http://ja.dbpedia.org/resource/銀座>	"銀座"@ja	<http://dbpedia.org/ontology/Place>	<http://ja.dbpedia.org/property/画像の説明>	"画像の説明"@ja	<http://ja.wikipedia.org/wiki/銀座>	<http://wikidata.dbpedia.org/resource/Q746052>
<http://ja.dbpedia.org/resource/銀座>	"銀座"@ja	<http://dbpedia.org/ontology/Location>	<http://ja.dbpedia.org/property/画像の説明>	"画像の説明"@ja	<http://ja.wikipedia.org/wiki/銀座>	<http://wikidata.dbpedia.org/resource/Q746052>
