?s	?sLabel	?type	?p	?pLabel	?jwiki	?wd
<http://ja.dbpedia.org/resource/ソメイヨシノ>	"ソメイヨシノ"@ja	<http://dbpedia.org/ontology/Species>	<http://ja.dbpedia.org/property/木>	"木"@ja	<http://ja.wikipedia.org/wiki/ソメイヨシノ>	<http://wikidata.dbpedia.org/resource/Q163078>
<http://ja.dbpedia.org/resource/ツツジ>	"ツツジ"@ja	<http://dbpedia.org/ontology/Species>	<http://ja.dbpedia.org/property/花>	"花"@ja	<http://ja.wikipedia.org/wiki/ツツジ>	<http://wikidata.dbpedia.org/resource/Q189393>
<http://ja.dbpedia.org/resource/池袋>	"池袋"@ja	<http://dbpedia.org/ontology/PopulatedPlace>	<http://ja.dbpedia.org/property/画像の説明>	"画像の説明"@ja	<http://ja.wikipedia.org/wiki/池袋>	<http://wikidata.dbpedia.org/resource/Q542366>
<http://ja.dbpedia.org/resource/池袋>	"池袋"@ja	<http://dbpedia.org/ontology/Place>	<http://ja.dbpedia.org/property/画像の説明>	"画像の説明"@ja	<http://ja.wikipedia.org/wiki/池袋>	<http://wikidata.dbpedia.org/resource/Q542366>
<http://ja.dbpedia.org/resource/池袋>	"池袋"@ja	<http://dbpedia.org/ontology/Settlement>	<http://ja.dbpedia.org/property/画像の説明>	"画像の説明"@ja	<http://ja.wikipedia.org/wiki/池袋>	<http://wikidata.dbpedia.org/resource/Q542366>
<http://ja.dbpedia.org/resource/池袋>	"池袋"@ja	<http://dbpedia.org/ontology/Location>	<http://ja.dbpedia.org/property/画像の説明>	"画像の説明"@ja	<http://ja.wikipedia.org/wiki/池袋>	<http://wikidata.dbpedia.org/resource/Q542366>
