?s	?sLabel	?type	?p	?pLabel	?jwiki	?wd
<http://ja.dbpedia.org/resource/オナガ>	"オナガ"@ja	<http://dbpedia.org/ontology/Species>	<http://ja.dbpedia.org/property/鳥など>	"鳥など"@ja	<http://ja.wikipedia.org/wiki/オナガ>	<http://wikidata.dbpedia.org/resource/Q503807>
<http://ja.dbpedia.org/resource/ケヤキ>	"ケヤキ"@ja	<http://dbpedia.org/ontology/Species>	<http://ja.dbpedia.org/property/木>	"木"@ja	<http://ja.wikipedia.org/wiki/ケヤキ>	<http://wikidata.dbpedia.org/resource/Q920344>
<http://ja.dbpedia.org/resource/サギソウ>	"サギソウ"@ja	<http://dbpedia.org/ontology/Species>	<http://ja.dbpedia.org/property/花>	"花"@ja	<http://ja.wikipedia.org/wiki/サギソウ>	<http://wikidata.dbpedia.org/resource/Q1073077>
<http://ja.dbpedia.org/resource/三鷹市>	"三鷹市"@ja	<http://dbpedia.org/ontology/City>	<http://ja.dbpedia.org/property/隣接自治体>	"隣接自治体"@ja	<http://ja.wikipedia.org/wiki/三鷹市>	<http://wikidata.dbpedia.org/resource/Q242885>
<http://ja.dbpedia.org/resource/三鷹市>	"三鷹市"@ja	<http://dbpedia.org/ontology/City>	<http://ja.dbpedia.org/property/northwest>	"Northwest"@ja	<http://ja.wikipedia.org/wiki/三鷹市>	<http://wikidata.dbpedia.org/resource/Q242885>
<http://ja.dbpedia.org/resource/三鷹市>	"三鷹市"@ja	<http://dbpedia.org/ontology/Location>	<http://ja.dbpedia.org/property/northwest>	"Northwest"@ja	<http://ja.wikipedia.org/wiki/三鷹市>	<http://wikidata.dbpedia.org/resource/Q242885>
<http://ja.dbpedia.org/resource/三鷹市>	"三鷹市"@ja	<http://dbpedia.org/ontology/Location>	<http://ja.dbpedia.org/property/隣接自治体>	"隣接自治体"@ja	<http://ja.wikipedia.org/wiki/三鷹市>	<http://wikidata.dbpedia.org/resource/Q242885>
<http://ja.dbpedia.org/resource/三鷹市>	"三鷹市"@ja	<http://dbpedia.org/ontology/Place>	<http://ja.dbpedia.org/property/northwest>	"Northwest"@ja	<http://ja.wikipedia.org/wiki/三鷹市>	<http://wikidata.dbpedia.org/resource/Q242885>
<http://ja.dbpedia.org/resource/三鷹市>	"三鷹市"@ja	<http://dbpedia.org/ontology/Settlement>	<http://ja.dbpedia.org/property/northwest>	"Northwest"@ja	<http://ja.wikipedia.org/wiki/三鷹市>	<http://wikidata.dbpedia.org/resource/Q242885>
<http://ja.dbpedia.org/resource/三鷹市>	"三鷹市"@ja	<http://dbpedia.org/ontology/Settlement>	<http://ja.dbpedia.org/property/隣接自治体>	"隣接自治体"@ja	<http://ja.wikipedia.org/wiki/三鷹市>	<http://wikidata.dbpedia.org/resource/Q242885>
<http://ja.dbpedia.org/resource/三鷹市>	"三鷹市"@ja	<http://dbpedia.org/ontology/Place>	<http://ja.dbpedia.org/property/隣接自治体>	"隣接自治体"@ja	<http://ja.wikipedia.org/wiki/三鷹市>	<http://wikidata.dbpedia.org/resource/Q242885>
<http://ja.dbpedia.org/resource/三鷹市>	"三鷹市"@ja	<http://dbpedia.org/ontology/PopulatedPlace>	<http://ja.dbpedia.org/property/northwest>	"Northwest"@ja	<http://ja.wikipedia.org/wiki/三鷹市>	<http://wikidata.dbpedia.org/resource/Q242885>
<http://ja.dbpedia.org/resource/三鷹市>	"三鷹市"@ja	<http://dbpedia.org/ontology/PopulatedPlace>	<http://ja.dbpedia.org/property/隣接自治体>	"隣接自治体"@ja	<http://ja.wikipedia.org/wiki/三鷹市>	<http://wikidata.dbpedia.org/resource/Q242885>
<http://ja.dbpedia.org/resource/狛江市>	"狛江市"@ja	<http://dbpedia.org/ontology/PopulatedPlace>	<http://ja.dbpedia.org/property/southwest>	"Southwest"@ja	<http://ja.wikipedia.org/wiki/狛江市>	<http://wikidata.dbpedia.org/resource/Q86536>
<http://ja.dbpedia.org/resource/狛江市>	"狛江市"@ja	<http://dbpedia.org/ontology/Location>	<http://ja.dbpedia.org/property/隣接自治体>	"隣接自治体"@ja	<http://ja.wikipedia.org/wiki/狛江市>	<http://wikidata.dbpedia.org/resource/Q86536>
<http://ja.dbpedia.org/resource/狛江市>	"狛江市"@ja	<http://dbpedia.org/ontology/PopulatedPlace>	<http://ja.dbpedia.org/property/隣接自治体>	"隣接自治体"@ja	<http://ja.wikipedia.org/wiki/狛江市>	<http://wikidata.dbpedia.org/resource/Q86536>
<http://ja.dbpedia.org/resource/狛江市>	"狛江市"@ja	<http://dbpedia.org/ontology/Place>	<http://ja.dbpedia.org/property/隣接自治体>	"隣接自治体"@ja	<http://ja.wikipedia.org/wiki/狛江市>	<http://wikidata.dbpedia.org/resource/Q86536>
<http://ja.dbpedia.org/resource/狛江市>	"狛江市"@ja	<http://dbpedia.org/ontology/City>	<http://ja.dbpedia.org/property/southwest>	"Southwest"@ja	<http://ja.wikipedia.org/wiki/狛江市>	<http://wikidata.dbpedia.org/resource/Q86536>
<http://ja.dbpedia.org/resource/狛江市>	"狛江市"@ja	<http://dbpedia.org/ontology/Location>	<http://ja.dbpedia.org/property/southwest>	"Southwest"@ja	<http://ja.wikipedia.org/wiki/狛江市>	<http://wikidata.dbpedia.org/resource/Q86536>
<http://ja.dbpedia.org/resource/狛江市>	"狛江市"@ja	<http://dbpedia.org/ontology/Settlement>	<http://ja.dbpedia.org/property/隣接自治体>	"隣接自治体"@ja	<http://ja.wikipedia.org/wiki/狛江市>	<http://wikidata.dbpedia.org/resource/Q86536>
<http://ja.dbpedia.org/resource/狛江市>	"狛江市"@ja	<http://dbpedia.org/ontology/City>	<http://ja.dbpedia.org/property/隣接自治体>	"隣接自治体"@ja	<http://ja.wikipedia.org/wiki/狛江市>	<http://wikidata.dbpedia.org/resource/Q86536>
<http://ja.dbpedia.org/resource/狛江市>	"狛江市"@ja	<http://dbpedia.org/ontology/Settlement>	<http://ja.dbpedia.org/property/southwest>	"Southwest"@ja	<http://ja.wikipedia.org/wiki/狛江市>	<http://wikidata.dbpedia.org/resource/Q86536>
<http://ja.dbpedia.org/resource/狛江市>	"狛江市"@ja	<http://dbpedia.org/ontology/Place>	<http://ja.dbpedia.org/property/southwest>	"Southwest"@ja	<http://ja.wikipedia.org/wiki/狛江市>	<http://wikidata.dbpedia.org/resource/Q86536>
<http://ja.dbpedia.org/resource/調布市>	"調布市"@ja	<http://dbpedia.org/ontology/City>	<http://ja.dbpedia.org/property/west>	"West"@ja	<http://ja.wikipedia.org/wiki/調布市>	<http://wikidata.dbpedia.org/resource/Q210667>
<http://ja.dbpedia.org/resource/調布市>	"調布市"@ja	<http://dbpedia.org/ontology/Location>	<http://ja.dbpedia.org/property/west>	"West"@ja	<http://ja.wikipedia.org/wiki/調布市>	<http://wikidata.dbpedia.org/resource/Q210667>
<http://ja.dbpedia.org/resource/調布市>	"調布市"@ja	<http://dbpedia.org/ontology/Place>	<http://ja.dbpedia.org/property/隣接自治体>	"隣接自治体"@ja	<http://ja.wikipedia.org/wiki/調布市>	<http://wikidata.dbpedia.org/resource/Q210667>
<http://ja.dbpedia.org/resource/調布市>	"調布市"@ja	<http://dbpedia.org/ontology/Place>	<http://ja.dbpedia.org/property/west>	"West"@ja	<http://ja.wikipedia.org/wiki/調布市>	<http://wikidata.dbpedia.org/resource/Q210667>
<http://ja.dbpedia.org/resource/調布市>	"調布市"@ja	<http://dbpedia.org/ontology/Settlement>	<http://ja.dbpedia.org/property/west>	"West"@ja	<http://ja.wikipedia.org/wiki/調布市>	<http://wikidata.dbpedia.org/resource/Q210667>
<http://ja.dbpedia.org/resource/調布市>	"調布市"@ja	<http://dbpedia.org/ontology/Location>	<http://ja.dbpedia.org/property/隣接自治体>	"隣接自治体"@ja	<http://ja.wikipedia.org/wiki/調布市>	<http://wikidata.dbpedia.org/resource/Q210667>
<http://ja.dbpedia.org/resource/調布市>	"調布市"@ja	<http://dbpedia.org/ontology/City>	<http://ja.dbpedia.org/property/隣接自治体>	"隣接自治体"@ja	<http://ja.wikipedia.org/wiki/調布市>	<http://wikidata.dbpedia.org/resource/Q210667>
<http://ja.dbpedia.org/resource/調布市>	"調布市"@ja	<http://dbpedia.org/ontology/PopulatedPlace>	<http://ja.dbpedia.org/property/隣接自治体>	"隣接自治体"@ja	<http://ja.wikipedia.org/wiki/調布市>	<http://wikidata.dbpedia.org/resource/Q210667>
<http://ja.dbpedia.org/resource/調布市>	"調布市"@ja	<http://dbpedia.org/ontology/PopulatedPlace>	<http://ja.dbpedia.org/property/west>	"West"@ja	<http://ja.wikipedia.org/wiki/調布市>	<http://wikidata.dbpedia.org/resource/Q210667>
<http://ja.dbpedia.org/resource/調布市>	"調布市"@ja	<http://dbpedia.org/ontology/Settlement>	<http://ja.dbpedia.org/property/隣接自治体>	"隣接自治体"@ja	<http://ja.wikipedia.org/wiki/調布市>	<http://wikidata.dbpedia.org/resource/Q210667>
<http://ja.dbpedia.org/resource/谷沢川>	"谷沢川"@ja	<http://dbpedia.org/ontology/BodyOfWater>	<http://ja.dbpedia.org/property/画像の説明>	"画像の説明"@ja	<http://ja.wikipedia.org/wiki/谷沢川>	<http://wikidata.dbpedia.org/resource/Q10844785>
<http://ja.dbpedia.org/resource/谷沢川>	"谷沢川"@ja	<http://dbpedia.org/ontology/NaturalPlace>	<http://ja.dbpedia.org/property/画像の説明>	"画像の説明"@ja	<http://ja.wikipedia.org/wiki/谷沢川>	<http://wikidata.dbpedia.org/resource/Q10844785>
<http://ja.dbpedia.org/resource/谷沢川>	"谷沢川"@ja	<http://dbpedia.org/ontology/River>	<http://ja.dbpedia.org/property/画像の説明>	"画像の説明"@ja	<http://ja.wikipedia.org/wiki/谷沢川>	<http://wikidata.dbpedia.org/resource/Q10844785>
<http://ja.dbpedia.org/resource/谷沢川>	"谷沢川"@ja	<http://dbpedia.org/ontology/Place>	<http://ja.dbpedia.org/property/画像の説明>	"画像の説明"@ja	<http://ja.wikipedia.org/wiki/谷沢川>	<http://wikidata.dbpedia.org/resource/Q10844785>
<http://ja.dbpedia.org/resource/谷沢川>	"谷沢川"@ja	<http://dbpedia.org/ontology/Stream>	<http://ja.dbpedia.org/property/画像の説明>	"画像の説明"@ja	<http://ja.wikipedia.org/wiki/谷沢川>	<http://wikidata.dbpedia.org/resource/Q10844785>
<http://ja.dbpedia.org/resource/谷沢川>	"谷沢川"@ja	<http://dbpedia.org/ontology/Location>	<http://ja.dbpedia.org/property/画像の説明>	"画像の説明"@ja	<http://ja.wikipedia.org/wiki/谷沢川>	<http://wikidata.dbpedia.org/resource/Q10844785>
