?s	?sLabel	?type	?p	?pLabel	?jwiki	?wd
<http://ja.dbpedia.org/resource/サクラ>	"サクラ"@ja	<http://dbpedia.org/ontology/Species>	<http://ja.dbpedia.org/property/木>	"木"@ja	<http://ja.wikipedia.org/wiki/サクラ>	<http://wikidata.dbpedia.org/resource/Q871991>
<http://ja.dbpedia.org/resource/ツツジ>	"ツツジ"@ja	<http://dbpedia.org/ontology/Species>	<http://ja.dbpedia.org/property/花>	"花"@ja	<http://ja.wikipedia.org/wiki/ツツジ>	<http://wikidata.dbpedia.org/resource/Q189393>
<http://ja.dbpedia.org/resource/埼玉県>	"埼玉県"@ja	<http://dbpedia.org/ontology/Location>	<http://ja.dbpedia.org/property/隣接自治体>	"隣接自治体"@ja	<http://ja.wikipedia.org/wiki/埼玉県>	<http://wikidata.dbpedia.org/resource/Q128186>
<http://ja.dbpedia.org/resource/埼玉県>	"埼玉県"@ja	<http://dbpedia.org/ontology/Region>	<http://ja.dbpedia.org/property/隣接自治体>	"隣接自治体"@ja	<http://ja.wikipedia.org/wiki/埼玉県>	<http://wikidata.dbpedia.org/resource/Q128186>
<http://ja.dbpedia.org/resource/埼玉県>	"埼玉県"@ja	<http://dbpedia.org/ontology/Place>	<http://ja.dbpedia.org/property/隣接自治体>	"隣接自治体"@ja	<http://ja.wikipedia.org/wiki/埼玉県>	<http://wikidata.dbpedia.org/resource/Q128186>
<http://ja.dbpedia.org/resource/埼玉県>	"埼玉県"@ja	<http://dbpedia.org/ontology/AdministrativeRegion>	<http://ja.dbpedia.org/property/隣接自治体>	"隣接自治体"@ja	<http://ja.wikipedia.org/wiki/埼玉県>	<http://wikidata.dbpedia.org/resource/Q128186>
<http://ja.dbpedia.org/resource/埼玉県>	"埼玉県"@ja	<http://dbpedia.org/ontology/PopulatedPlace>	<http://ja.dbpedia.org/property/隣接自治体>	"隣接自治体"@ja	<http://ja.wikipedia.org/wiki/埼玉県>	<http://wikidata.dbpedia.org/resource/Q128186>
<http://ja.dbpedia.org/resource/川口市>	"川口市"@ja	<http://dbpedia.org/ontology/Location>	<http://ja.dbpedia.org/property/隣接自治体>	"隣接自治体"@ja	<http://ja.wikipedia.org/wiki/川口市>	<http://wikidata.dbpedia.org/resource/Q387136>
<http://ja.dbpedia.org/resource/川口市>	"川口市"@ja	<http://dbpedia.org/ontology/City>	<http://ja.dbpedia.org/property/隣接自治体>	"隣接自治体"@ja	<http://ja.wikipedia.org/wiki/川口市>	<http://wikidata.dbpedia.org/resource/Q387136>
<http://ja.dbpedia.org/resource/川口市>	"川口市"@ja	<http://dbpedia.org/ontology/PopulatedPlace>	<http://ja.dbpedia.org/property/隣接自治体>	"隣接自治体"@ja	<http://ja.wikipedia.org/wiki/川口市>	<http://wikidata.dbpedia.org/resource/Q387136>
<http://ja.dbpedia.org/resource/川口市>	"川口市"@ja	<http://dbpedia.org/ontology/Settlement>	<http://ja.dbpedia.org/property/隣接自治体>	"隣接自治体"@ja	<http://ja.wikipedia.org/wiki/川口市>	<http://wikidata.dbpedia.org/resource/Q387136>
<http://ja.dbpedia.org/resource/川口市>	"川口市"@ja	<http://dbpedia.org/ontology/Place>	<http://ja.dbpedia.org/property/隣接自治体>	"隣接自治体"@ja	<http://ja.wikipedia.org/wiki/川口市>	<http://wikidata.dbpedia.org/resource/Q387136>
<http://ja.dbpedia.org/resource/戸田市>	"戸田市"@ja	<http://dbpedia.org/ontology/Location>	<http://ja.dbpedia.org/property/隣接自治体>	"隣接自治体"@ja	<http://ja.wikipedia.org/wiki/戸田市>	<http://wikidata.dbpedia.org/resource/Q823874>
<http://ja.dbpedia.org/resource/戸田市>	"戸田市"@ja	<http://dbpedia.org/ontology/Settlement>	<http://ja.dbpedia.org/property/隣接自治体>	"隣接自治体"@ja	<http://ja.wikipedia.org/wiki/戸田市>	<http://wikidata.dbpedia.org/resource/Q823874>
<http://ja.dbpedia.org/resource/戸田市>	"戸田市"@ja	<http://dbpedia.org/ontology/Place>	<http://ja.dbpedia.org/property/隣接自治体>	"隣接自治体"@ja	<http://ja.wikipedia.org/wiki/戸田市>	<http://wikidata.dbpedia.org/resource/Q823874>
<http://ja.dbpedia.org/resource/戸田市>	"戸田市"@ja	<http://dbpedia.org/ontology/City>	<http://ja.dbpedia.org/property/隣接自治体>	"隣接自治体"@ja	<http://ja.wikipedia.org/wiki/戸田市>	<http://wikidata.dbpedia.org/resource/Q823874>
<http://ja.dbpedia.org/resource/戸田市>	"戸田市"@ja	<http://dbpedia.org/ontology/PopulatedPlace>	<http://ja.dbpedia.org/property/隣接自治体>	"隣接自治体"@ja	<http://ja.wikipedia.org/wiki/戸田市>	<http://wikidata.dbpedia.org/resource/Q823874>
<http://ja.dbpedia.org/resource/飛鳥山公園>	"飛鳥山公園"@ja	<http://dbpedia.org/ontology/Location>	<http://ja.dbpedia.org/property/画像の説明>	"画像の説明"@ja	<http://ja.wikipedia.org/wiki/飛鳥山公園>	<http://wikidata.dbpedia.org/resource/Q901172>
<http://ja.dbpedia.org/resource/飛鳥山公園>	"飛鳥山公園"@ja	<http://dbpedia.org/ontology/Place>	<http://ja.dbpedia.org/property/画像の説明>	"画像の説明"@ja	<http://ja.wikipedia.org/wiki/飛鳥山公園>	<http://wikidata.dbpedia.org/resource/Q901172>
<http://ja.dbpedia.org/resource/飛鳥山公園>	"飛鳥山公園"@ja	<http://dbpedia.org/ontology/Park>	<http://ja.dbpedia.org/property/画像の説明>	"画像の説明"@ja	<http://ja.wikipedia.org/wiki/飛鳥山公園>	<http://wikidata.dbpedia.org/resource/Q901172>
