?s	?sLabel	?type	?p	?pLabel	?jwiki	?wd
<http://ja.dbpedia.org/resource/大森駅_(東京都)>	"大森駅 (東京都)"@ja	<http://dbpedia.org/ontology/ArchitecturalStructure>	<http://ja.dbpedia.org/property/caption>	"caption"@ja	<http://ja.wikipedia.org/wiki/大森駅_(東京都)>	<http://wikidata.dbpedia.org/resource/Q80420>
<http://ja.dbpedia.org/resource/大森駅_(東京都)>	"大森駅 (東京都)"@ja	<http://dbpedia.org/ontology/Infrastructure>	<http://ja.dbpedia.org/property/caption>	"caption"@ja	<http://ja.wikipedia.org/wiki/大森駅_(東京都)>	<http://wikidata.dbpedia.org/resource/Q80420>
<http://ja.dbpedia.org/resource/大森駅_(東京都)>	"大森駅 (東京都)"@ja	<http://dbpedia.org/ontology/Station>	<http://ja.dbpedia.org/property/caption>	"caption"@ja	<http://ja.wikipedia.org/wiki/大森駅_(東京都)>	<http://wikidata.dbpedia.org/resource/Q80420>
<http://ja.dbpedia.org/resource/蒲田駅>	"蒲田駅"@ja	<http://dbpedia.org/ontology/Infrastructure>	<http://ja.dbpedia.org/property/caption>	"caption"@ja	<http://ja.wikipedia.org/wiki/蒲田駅>	<http://wikidata.dbpedia.org/resource/Q800981>
<http://ja.dbpedia.org/resource/蒲田駅>	"蒲田駅"@ja	<http://dbpedia.org/ontology/Station>	<http://ja.dbpedia.org/property/caption>	"caption"@ja	<http://ja.wikipedia.org/wiki/蒲田駅>	<http://wikidata.dbpedia.org/resource/Q800981>
<http://ja.dbpedia.org/resource/蒲田駅>	"蒲田駅"@ja	<http://dbpedia.org/ontology/ArchitecturalStructure>	<http://ja.dbpedia.org/property/caption>	"caption"@ja	<http://ja.wikipedia.org/wiki/蒲田駅>	<http://wikidata.dbpedia.org/resource/Q800981>
