?s	?sLabel	?type	?p	?pLabel	?jwiki	?wd
<http://ja.dbpedia.org/resource/クスノキ>	"クスノキ"@ja	<http://dbpedia.org/ontology/Species>	<http://ja.dbpedia.org/property/木>	"木"@ja	<http://ja.wikipedia.org/wiki/クスノキ>	<http://wikidata.dbpedia.org/resource/Q158722>
<http://ja.dbpedia.org/resource/ツツジ>	"ツツジ"@ja	<http://dbpedia.org/ontology/Species>	<http://ja.dbpedia.org/property/花>	"花"@ja	<http://ja.wikipedia.org/wiki/ツツジ>	<http://wikidata.dbpedia.org/resource/Q189393>
<http://ja.dbpedia.org/resource/千葉県>	"千葉県"@ja	<http://dbpedia.org/ontology/Location>	<http://ja.dbpedia.org/property/隣接自治体>	"隣接自治体"@ja	<http://ja.wikipedia.org/wiki/千葉県>	<http://wikidata.dbpedia.org/resource/Q80011>
<http://ja.dbpedia.org/resource/千葉県>	"千葉県"@ja	<http://dbpedia.org/ontology/Region>	<http://ja.dbpedia.org/property/隣接自治体>	"隣接自治体"@ja	<http://ja.wikipedia.org/wiki/千葉県>	<http://wikidata.dbpedia.org/resource/Q80011>
<http://ja.dbpedia.org/resource/千葉県>	"千葉県"@ja	<http://dbpedia.org/ontology/Place>	<http://ja.dbpedia.org/property/隣接自治体>	"隣接自治体"@ja	<http://ja.wikipedia.org/wiki/千葉県>	<http://wikidata.dbpedia.org/resource/Q80011>
<http://ja.dbpedia.org/resource/千葉県>	"千葉県"@ja	<http://dbpedia.org/ontology/AdministrativeRegion>	<http://ja.dbpedia.org/property/隣接自治体>	"隣接自治体"@ja	<http://ja.wikipedia.org/wiki/千葉県>	<http://wikidata.dbpedia.org/resource/Q80011>
<http://ja.dbpedia.org/resource/千葉県>	"千葉県"@ja	<http://dbpedia.org/ontology/PopulatedPlace>	<http://ja.dbpedia.org/property/隣接自治体>	"隣接自治体"@ja	<http://ja.wikipedia.org/wiki/千葉県>	<http://wikidata.dbpedia.org/resource/Q80011>
<http://ja.dbpedia.org/resource/市川市>	"市川市"@ja	<http://dbpedia.org/ontology/Location>	<http://ja.dbpedia.org/property/隣接自治体>	"隣接自治体"@ja	<http://ja.wikipedia.org/wiki/市川市>	<http://wikidata.dbpedia.org/resource/Q209785>
<http://ja.dbpedia.org/resource/市川市>	"市川市"@ja	<http://dbpedia.org/ontology/City>	<http://ja.dbpedia.org/property/隣接自治体>	"隣接自治体"@ja	<http://ja.wikipedia.org/wiki/市川市>	<http://wikidata.dbpedia.org/resource/Q209785>
<http://ja.dbpedia.org/resource/市川市>	"市川市"@ja	<http://dbpedia.org/ontology/PopulatedPlace>	<http://ja.dbpedia.org/property/隣接自治体>	"隣接自治体"@ja	<http://ja.wikipedia.org/wiki/市川市>	<http://wikidata.dbpedia.org/resource/Q209785>
<http://ja.dbpedia.org/resource/市川市>	"市川市"@ja	<http://dbpedia.org/ontology/Settlement>	<http://ja.dbpedia.org/property/隣接自治体>	"隣接自治体"@ja	<http://ja.wikipedia.org/wiki/市川市>	<http://wikidata.dbpedia.org/resource/Q209785>
<http://ja.dbpedia.org/resource/市川市>	"市川市"@ja	<http://dbpedia.org/ontology/Place>	<http://ja.dbpedia.org/property/隣接自治体>	"隣接自治体"@ja	<http://ja.wikipedia.org/wiki/市川市>	<http://wikidata.dbpedia.org/resource/Q209785>
<http://ja.dbpedia.org/resource/松戸市>	"松戸市"@ja	<http://dbpedia.org/ontology/City>	<http://ja.dbpedia.org/property/隣接自治体>	"隣接自治体"@ja	<http://ja.wikipedia.org/wiki/松戸市>	<http://wikidata.dbpedia.org/resource/Q320943>
<http://ja.dbpedia.org/resource/松戸市>	"松戸市"@ja	<http://dbpedia.org/ontology/PopulatedPlace>	<http://ja.dbpedia.org/property/隣接自治体>	"隣接自治体"@ja	<http://ja.wikipedia.org/wiki/松戸市>	<http://wikidata.dbpedia.org/resource/Q320943>
<http://ja.dbpedia.org/resource/松戸市>	"松戸市"@ja	<http://dbpedia.org/ontology/Place>	<http://ja.dbpedia.org/property/隣接自治体>	"隣接自治体"@ja	<http://ja.wikipedia.org/wiki/松戸市>	<http://wikidata.dbpedia.org/resource/Q320943>
<http://ja.dbpedia.org/resource/松戸市>	"松戸市"@ja	<http://dbpedia.org/ontology/Location>	<http://ja.dbpedia.org/property/隣接自治体>	"隣接自治体"@ja	<http://ja.wikipedia.org/wiki/松戸市>	<http://wikidata.dbpedia.org/resource/Q320943>
<http://ja.dbpedia.org/resource/松戸市>	"松戸市"@ja	<http://dbpedia.org/ontology/Settlement>	<http://ja.dbpedia.org/property/隣接自治体>	"隣接自治体"@ja	<http://ja.wikipedia.org/wiki/松戸市>	<http://wikidata.dbpedia.org/resource/Q320943>
<http://ja.dbpedia.org/resource/浦安市>	"浦安市"@ja	<http://dbpedia.org/ontology/Location>	<http://ja.dbpedia.org/property/隣接自治体>	"隣接自治体"@ja	<http://ja.wikipedia.org/wiki/浦安市>	<http://wikidata.dbpedia.org/resource/Q319729>
<http://ja.dbpedia.org/resource/浦安市>	"浦安市"@ja	<http://dbpedia.org/ontology/Settlement>	<http://ja.dbpedia.org/property/隣接自治体>	"隣接自治体"@ja	<http://ja.wikipedia.org/wiki/浦安市>	<http://wikidata.dbpedia.org/resource/Q319729>
<http://ja.dbpedia.org/resource/浦安市>	"浦安市"@ja	<http://dbpedia.org/ontology/Place>	<http://ja.dbpedia.org/property/隣接自治体>	"隣接自治体"@ja	<http://ja.wikipedia.org/wiki/浦安市>	<http://wikidata.dbpedia.org/resource/Q319729>
<http://ja.dbpedia.org/resource/浦安市>	"浦安市"@ja	<http://dbpedia.org/ontology/City>	<http://ja.dbpedia.org/property/隣接自治体>	"隣接自治体"@ja	<http://ja.wikipedia.org/wiki/浦安市>	<http://wikidata.dbpedia.org/resource/Q319729>
<http://ja.dbpedia.org/resource/浦安市>	"浦安市"@ja	<http://dbpedia.org/ontology/PopulatedPlace>	<http://ja.dbpedia.org/property/隣接自治体>	"隣接自治体"@ja	<http://ja.wikipedia.org/wiki/浦安市>	<http://wikidata.dbpedia.org/resource/Q319729>
<http://ja.dbpedia.org/resource/葛西臨海公園>	"葛西臨海公園"@ja	<http://dbpedia.org/ontology/Location>	<http://ja.dbpedia.org/property/画像の説明>	"画像の説明"@ja	<http://ja.wikipedia.org/wiki/葛西臨海公園>	<http://wikidata.dbpedia.org/resource/Q1038727>
<http://ja.dbpedia.org/resource/葛西臨海公園>	"葛西臨海公園"@ja	<http://dbpedia.org/ontology/Place>	<http://ja.dbpedia.org/property/画像の説明>	"画像の説明"@ja	<http://ja.wikipedia.org/wiki/葛西臨海公園>	<http://wikidata.dbpedia.org/resource/Q1038727>
<http://ja.dbpedia.org/resource/葛西臨海公園>	"葛西臨海公園"@ja	<http://dbpedia.org/ontology/Park>	<http://ja.dbpedia.org/property/画像の説明>	"画像の説明"@ja	<http://ja.wikipedia.org/wiki/葛西臨海公園>	<http://wikidata.dbpedia.org/resource/Q1038727>
