?s	?sLabel	?type	?p	?pLabel	?jwiki	?wd
<http://ja.dbpedia.org/resource/サクラ>	"サクラ"@ja	<http://dbpedia.org/ontology/Species>	<http://ja.dbpedia.org/property/木>	"木"@ja	<http://ja.wikipedia.org/wiki/サクラ>	<http://wikidata.dbpedia.org/resource/Q871991>
<http://ja.dbpedia.org/resource/チューリップ>	"チューリップ"@ja	<http://dbpedia.org/ontology/Species>	<http://ja.dbpedia.org/property/花>	"花"@ja	<http://ja.wikipedia.org/wiki/チューリップ>	<http://wikidata.dbpedia.org/resource/Q93201>
<http://ja.dbpedia.org/resource/八潮市>	"八潮市"@ja	<http://dbpedia.org/ontology/PopulatedPlace>	<http://ja.dbpedia.org/property/隣接自治体>	"隣接自治体"@ja	<http://ja.wikipedia.org/wiki/八潮市>	<http://wikidata.dbpedia.org/resource/Q869032>
<http://ja.dbpedia.org/resource/八潮市>	"八潮市"@ja	<http://dbpedia.org/ontology/City>	<http://ja.dbpedia.org/property/northeast>	"Northeast"@ja	<http://ja.wikipedia.org/wiki/八潮市>	<http://wikidata.dbpedia.org/resource/Q869032>
<http://ja.dbpedia.org/resource/八潮市>	"八潮市"@ja	<http://dbpedia.org/ontology/Place>	<http://ja.dbpedia.org/property/northeast>	"Northeast"@ja	<http://ja.wikipedia.org/wiki/八潮市>	<http://wikidata.dbpedia.org/resource/Q869032>
<http://ja.dbpedia.org/resource/八潮市>	"八潮市"@ja	<http://dbpedia.org/ontology/Settlement>	<http://ja.dbpedia.org/property/隣接自治体>	"隣接自治体"@ja	<http://ja.wikipedia.org/wiki/八潮市>	<http://wikidata.dbpedia.org/resource/Q869032>
<http://ja.dbpedia.org/resource/八潮市>	"八潮市"@ja	<http://dbpedia.org/ontology/Location>	<http://ja.dbpedia.org/property/隣接自治体>	"隣接自治体"@ja	<http://ja.wikipedia.org/wiki/八潮市>	<http://wikidata.dbpedia.org/resource/Q869032>
<http://ja.dbpedia.org/resource/八潮市>	"八潮市"@ja	<http://dbpedia.org/ontology/Location>	<http://ja.dbpedia.org/property/northeast>	"Northeast"@ja	<http://ja.wikipedia.org/wiki/八潮市>	<http://wikidata.dbpedia.org/resource/Q869032>
<http://ja.dbpedia.org/resource/八潮市>	"八潮市"@ja	<http://dbpedia.org/ontology/Place>	<http://ja.dbpedia.org/property/隣接自治体>	"隣接自治体"@ja	<http://ja.wikipedia.org/wiki/八潮市>	<http://wikidata.dbpedia.org/resource/Q869032>
<http://ja.dbpedia.org/resource/八潮市>	"八潮市"@ja	<http://dbpedia.org/ontology/PopulatedPlace>	<http://ja.dbpedia.org/property/northeast>	"Northeast"@ja	<http://ja.wikipedia.org/wiki/八潮市>	<http://wikidata.dbpedia.org/resource/Q869032>
<http://ja.dbpedia.org/resource/八潮市>	"八潮市"@ja	<http://dbpedia.org/ontology/City>	<http://ja.dbpedia.org/property/隣接自治体>	"隣接自治体"@ja	<http://ja.wikipedia.org/wiki/八潮市>	<http://wikidata.dbpedia.org/resource/Q869032>
<http://ja.dbpedia.org/resource/八潮市>	"八潮市"@ja	<http://dbpedia.org/ontology/Settlement>	<http://ja.dbpedia.org/property/northeast>	"Northeast"@ja	<http://ja.wikipedia.org/wiki/八潮市>	<http://wikidata.dbpedia.org/resource/Q869032>
<http://ja.dbpedia.org/resource/埼玉県>	"埼玉県"@ja	<http://dbpedia.org/ontology/Place>	<http://ja.dbpedia.org/property/north>	"North"@ja	<http://ja.wikipedia.org/wiki/埼玉県>	<http://wikidata.dbpedia.org/resource/Q128186>
<http://ja.dbpedia.org/resource/埼玉県>	"埼玉県"@ja	<http://dbpedia.org/ontology/Location>	<http://ja.dbpedia.org/property/隣接自治体>	"隣接自治体"@ja	<http://ja.wikipedia.org/wiki/埼玉県>	<http://wikidata.dbpedia.org/resource/Q128186>
<http://ja.dbpedia.org/resource/埼玉県>	"埼玉県"@ja	<http://dbpedia.org/ontology/PopulatedPlace>	<http://ja.dbpedia.org/property/隣接自治体>	"隣接自治体"@ja	<http://ja.wikipedia.org/wiki/埼玉県>	<http://wikidata.dbpedia.org/resource/Q128186>
<http://ja.dbpedia.org/resource/埼玉県>	"埼玉県"@ja	<http://dbpedia.org/ontology/Region>	<http://ja.dbpedia.org/property/north>	"North"@ja	<http://ja.wikipedia.org/wiki/埼玉県>	<http://wikidata.dbpedia.org/resource/Q128186>
<http://ja.dbpedia.org/resource/埼玉県>	"埼玉県"@ja	<http://dbpedia.org/ontology/AdministrativeRegion>	<http://ja.dbpedia.org/property/隣接自治体>	"隣接自治体"@ja	<http://ja.wikipedia.org/wiki/埼玉県>	<http://wikidata.dbpedia.org/resource/Q128186>
<http://ja.dbpedia.org/resource/埼玉県>	"埼玉県"@ja	<http://dbpedia.org/ontology/AdministrativeRegion>	<http://ja.dbpedia.org/property/north>	"North"@ja	<http://ja.wikipedia.org/wiki/埼玉県>	<http://wikidata.dbpedia.org/resource/Q128186>
<http://ja.dbpedia.org/resource/埼玉県>	"埼玉県"@ja	<http://dbpedia.org/ontology/Region>	<http://ja.dbpedia.org/property/隣接自治体>	"隣接自治体"@ja	<http://ja.wikipedia.org/wiki/埼玉県>	<http://wikidata.dbpedia.org/resource/Q128186>
<http://ja.dbpedia.org/resource/埼玉県>	"埼玉県"@ja	<http://dbpedia.org/ontology/Location>	<http://ja.dbpedia.org/property/north>	"North"@ja	<http://ja.wikipedia.org/wiki/埼玉県>	<http://wikidata.dbpedia.org/resource/Q128186>
<http://ja.dbpedia.org/resource/埼玉県>	"埼玉県"@ja	<http://dbpedia.org/ontology/Place>	<http://ja.dbpedia.org/property/隣接自治体>	"隣接自治体"@ja	<http://ja.wikipedia.org/wiki/埼玉県>	<http://wikidata.dbpedia.org/resource/Q128186>
<http://ja.dbpedia.org/resource/埼玉県>	"埼玉県"@ja	<http://dbpedia.org/ontology/PopulatedPlace>	<http://ja.dbpedia.org/property/north>	"North"@ja	<http://ja.wikipedia.org/wiki/埼玉県>	<http://wikidata.dbpedia.org/resource/Q128186>
<http://ja.dbpedia.org/resource/川口市>	"川口市"@ja	<http://dbpedia.org/ontology/City>	<http://ja.dbpedia.org/property/隣接自治体>	"隣接自治体"@ja	<http://ja.wikipedia.org/wiki/川口市>	<http://wikidata.dbpedia.org/resource/Q387136>
<http://ja.dbpedia.org/resource/川口市>	"川口市"@ja	<http://dbpedia.org/ontology/PopulatedPlace>	<http://ja.dbpedia.org/property/northwest>	"Northwest"@ja	<http://ja.wikipedia.org/wiki/川口市>	<http://wikidata.dbpedia.org/resource/Q387136>
<http://ja.dbpedia.org/resource/川口市>	"川口市"@ja	<http://dbpedia.org/ontology/Settlement>	<http://ja.dbpedia.org/property/northwest>	"Northwest"@ja	<http://ja.wikipedia.org/wiki/川口市>	<http://wikidata.dbpedia.org/resource/Q387136>
<http://ja.dbpedia.org/resource/川口市>	"川口市"@ja	<http://dbpedia.org/ontology/Place>	<http://ja.dbpedia.org/property/隣接自治体>	"隣接自治体"@ja	<http://ja.wikipedia.org/wiki/川口市>	<http://wikidata.dbpedia.org/resource/Q387136>
<http://ja.dbpedia.org/resource/川口市>	"川口市"@ja	<http://dbpedia.org/ontology/Location>	<http://ja.dbpedia.org/property/northwest>	"Northwest"@ja	<http://ja.wikipedia.org/wiki/川口市>	<http://wikidata.dbpedia.org/resource/Q387136>
<http://ja.dbpedia.org/resource/川口市>	"川口市"@ja	<http://dbpedia.org/ontology/Location>	<http://ja.dbpedia.org/property/隣接自治体>	"隣接自治体"@ja	<http://ja.wikipedia.org/wiki/川口市>	<http://wikidata.dbpedia.org/resource/Q387136>
<http://ja.dbpedia.org/resource/川口市>	"川口市"@ja	<http://dbpedia.org/ontology/Settlement>	<http://ja.dbpedia.org/property/隣接自治体>	"隣接自治体"@ja	<http://ja.wikipedia.org/wiki/川口市>	<http://wikidata.dbpedia.org/resource/Q387136>
<http://ja.dbpedia.org/resource/川口市>	"川口市"@ja	<http://dbpedia.org/ontology/City>	<http://ja.dbpedia.org/property/northwest>	"Northwest"@ja	<http://ja.wikipedia.org/wiki/川口市>	<http://wikidata.dbpedia.org/resource/Q387136>
<http://ja.dbpedia.org/resource/川口市>	"川口市"@ja	<http://dbpedia.org/ontology/Place>	<http://ja.dbpedia.org/property/northwest>	"Northwest"@ja	<http://ja.wikipedia.org/wiki/川口市>	<http://wikidata.dbpedia.org/resource/Q387136>
<http://ja.dbpedia.org/resource/川口市>	"川口市"@ja	<http://dbpedia.org/ontology/PopulatedPlace>	<http://ja.dbpedia.org/property/隣接自治体>	"隣接自治体"@ja	<http://ja.wikipedia.org/wiki/川口市>	<http://wikidata.dbpedia.org/resource/Q387136>
<http://ja.dbpedia.org/resource/總持寺_(足立区)>	"總持寺 (足立区)"@ja	<http://dbpedia.org/ontology/ArchitecturalStructure>	<http://ja.dbpedia.org/property/画像の説明>	"画像の説明"@ja	<http://ja.wikipedia.org/wiki/總持寺_(足立区)>	<http://wikidata.dbpedia.org/resource/Q11608171>
<http://ja.dbpedia.org/resource/總持寺_(足立区)>	"總持寺 (足立区)"@ja	<http://dbpedia.org/ontology/Temple>	<http://ja.dbpedia.org/property/画像の説明>	"画像の説明"@ja	<http://ja.wikipedia.org/wiki/總持寺_(足立区)>	<http://wikidata.dbpedia.org/resource/Q11608171>
<http://ja.dbpedia.org/resource/總持寺_(足立区)>	"總持寺 (足立区)"@ja	<http://dbpedia.org/ontology/Building>	<http://ja.dbpedia.org/property/画像の説明>	"画像の説明"@ja	<http://ja.wikipedia.org/wiki/總持寺_(足立区)>	<http://wikidata.dbpedia.org/resource/Q11608171>
<http://ja.dbpedia.org/resource/總持寺_(足立区)>	"總持寺 (足立区)"@ja	<http://dbpedia.org/ontology/ReligiousBuilding>	<http://ja.dbpedia.org/property/画像の説明>	"画像の説明"@ja	<http://ja.wikipedia.org/wiki/總持寺_(足立区)>	<http://wikidata.dbpedia.org/resource/Q11608171>
<http://ja.dbpedia.org/resource/草加市>	"草加市"@ja	<http://dbpedia.org/ontology/Place>	<http://ja.dbpedia.org/property/north>	"North"@ja	<http://ja.wikipedia.org/wiki/草加市>	<http://wikidata.dbpedia.org/resource/Q734442>
<http://ja.dbpedia.org/resource/草加市>	"草加市"@ja	<http://dbpedia.org/ontology/PopulatedPlace>	<http://ja.dbpedia.org/property/隣接自治体>	"隣接自治体"@ja	<http://ja.wikipedia.org/wiki/草加市>	<http://wikidata.dbpedia.org/resource/Q734442>
<http://ja.dbpedia.org/resource/草加市>	"草加市"@ja	<http://dbpedia.org/ontology/Location>	<http://ja.dbpedia.org/property/隣接自治体>	"隣接自治体"@ja	<http://ja.wikipedia.org/wiki/草加市>	<http://wikidata.dbpedia.org/resource/Q734442>
<http://ja.dbpedia.org/resource/草加市>	"草加市"@ja	<http://dbpedia.org/ontology/City>	<http://ja.dbpedia.org/property/north>	"North"@ja	<http://ja.wikipedia.org/wiki/草加市>	<http://wikidata.dbpedia.org/resource/Q734442>
<http://ja.dbpedia.org/resource/草加市>	"草加市"@ja	<http://dbpedia.org/ontology/Settlement>	<http://ja.dbpedia.org/property/隣接自治体>	"隣接自治体"@ja	<http://ja.wikipedia.org/wiki/草加市>	<http://wikidata.dbpedia.org/resource/Q734442>
<http://ja.dbpedia.org/resource/草加市>	"草加市"@ja	<http://dbpedia.org/ontology/Settlement>	<http://ja.dbpedia.org/property/north>	"North"@ja	<http://ja.wikipedia.org/wiki/草加市>	<http://wikidata.dbpedia.org/resource/Q734442>
<http://ja.dbpedia.org/resource/草加市>	"草加市"@ja	<http://dbpedia.org/ontology/City>	<http://ja.dbpedia.org/property/隣接自治体>	"隣接自治体"@ja	<http://ja.wikipedia.org/wiki/草加市>	<http://wikidata.dbpedia.org/resource/Q734442>
<http://ja.dbpedia.org/resource/草加市>	"草加市"@ja	<http://dbpedia.org/ontology/PopulatedPlace>	<http://ja.dbpedia.org/property/north>	"North"@ja	<http://ja.wikipedia.org/wiki/草加市>	<http://wikidata.dbpedia.org/resource/Q734442>
<http://ja.dbpedia.org/resource/草加市>	"草加市"@ja	<http://dbpedia.org/ontology/Place>	<http://ja.dbpedia.org/property/隣接自治体>	"隣接自治体"@ja	<http://ja.wikipedia.org/wiki/草加市>	<http://wikidata.dbpedia.org/resource/Q734442>
<http://ja.dbpedia.org/resource/草加市>	"草加市"@ja	<http://dbpedia.org/ontology/Location>	<http://ja.dbpedia.org/property/north>	"North"@ja	<http://ja.wikipedia.org/wiki/草加市>	<http://wikidata.dbpedia.org/resource/Q734442>
