?s	?sLabel	?type	?p	?pLabel	?jwiki	?wd
<http://ja.dbpedia.org/resource/イチョウ>	"イチョウ"@ja	<http://dbpedia.org/ontology/Species>	<http://ja.dbpedia.org/property/木>	"木"@ja	<http://ja.wikipedia.org/wiki/イチョウ>	<http://wikidata.dbpedia.org/resource/Q43284>
<http://ja.dbpedia.org/resource/ハナカイドウ>	"ハナカイドウ"@ja	<http://dbpedia.org/ontology/Species>	<http://ja.dbpedia.org/property/花>	"花"@ja	<http://ja.wikipedia.org/wiki/ハナカイドウ>	<http://wikidata.dbpedia.org/resource/Q1571895>
<http://ja.dbpedia.org/resource/井の頭恩賜公園>	"井の頭恩賜公園"@ja	<http://dbpedia.org/ontology/Place>	<http://ja.dbpedia.org/property/画像の説明>	"画像の説明"@ja	<http://ja.wikipedia.org/wiki/井の頭恩賜公園>	<http://wikidata.dbpedia.org/resource/Q1200884>
<http://ja.dbpedia.org/resource/井の頭恩賜公園>	"井の頭恩賜公園"@ja	<http://dbpedia.org/ontology/Location>	<http://ja.dbpedia.org/property/画像の説明>	"画像の説明"@ja	<http://ja.wikipedia.org/wiki/井の頭恩賜公園>	<http://wikidata.dbpedia.org/resource/Q1200884>
<http://ja.dbpedia.org/resource/井の頭恩賜公園>	"井の頭恩賜公園"@ja	<http://dbpedia.org/ontology/Park>	<http://ja.dbpedia.org/property/画像の説明>	"画像の説明"@ja	<http://ja.wikipedia.org/wiki/井の頭恩賜公園>	<http://wikidata.dbpedia.org/resource/Q1200884>
<http://ja.dbpedia.org/resource/小金井市>	"小金井市"@ja	<http://dbpedia.org/ontology/PopulatedPlace>	<http://ja.dbpedia.org/property/northwest>	"Northwest"@ja	<http://ja.wikipedia.org/wiki/小金井市>	<http://wikidata.dbpedia.org/resource/Q242874>
<http://ja.dbpedia.org/resource/小金井市>	"小金井市"@ja	<http://dbpedia.org/ontology/Place>	<http://ja.dbpedia.org/property/隣接自治体>	"隣接自治体"@ja	<http://ja.wikipedia.org/wiki/小金井市>	<http://wikidata.dbpedia.org/resource/Q242874>
<http://ja.dbpedia.org/resource/小金井市>	"小金井市"@ja	<http://dbpedia.org/ontology/City>	<http://ja.dbpedia.org/property/隣接自治体>	"隣接自治体"@ja	<http://ja.wikipedia.org/wiki/小金井市>	<http://wikidata.dbpedia.org/resource/Q242874>
<http://ja.dbpedia.org/resource/小金井市>	"小金井市"@ja	<http://dbpedia.org/ontology/Settlement>	<http://ja.dbpedia.org/property/northwest>	"Northwest"@ja	<http://ja.wikipedia.org/wiki/小金井市>	<http://wikidata.dbpedia.org/resource/Q242874>
<http://ja.dbpedia.org/resource/小金井市>	"小金井市"@ja	<http://dbpedia.org/ontology/Location>	<http://ja.dbpedia.org/property/northwest>	"Northwest"@ja	<http://ja.wikipedia.org/wiki/小金井市>	<http://wikidata.dbpedia.org/resource/Q242874>
<http://ja.dbpedia.org/resource/小金井市>	"小金井市"@ja	<http://dbpedia.org/ontology/PopulatedPlace>	<http://ja.dbpedia.org/property/隣接自治体>	"隣接自治体"@ja	<http://ja.wikipedia.org/wiki/小金井市>	<http://wikidata.dbpedia.org/resource/Q242874>
<http://ja.dbpedia.org/resource/小金井市>	"小金井市"@ja	<http://dbpedia.org/ontology/City>	<http://ja.dbpedia.org/property/northwest>	"Northwest"@ja	<http://ja.wikipedia.org/wiki/小金井市>	<http://wikidata.dbpedia.org/resource/Q242874>
<http://ja.dbpedia.org/resource/小金井市>	"小金井市"@ja	<http://dbpedia.org/ontology/Settlement>	<http://ja.dbpedia.org/property/隣接自治体>	"隣接自治体"@ja	<http://ja.wikipedia.org/wiki/小金井市>	<http://wikidata.dbpedia.org/resource/Q242874>
<http://ja.dbpedia.org/resource/小金井市>	"小金井市"@ja	<http://dbpedia.org/ontology/Location>	<http://ja.dbpedia.org/property/隣接自治体>	"隣接自治体"@ja	<http://ja.wikipedia.org/wiki/小金井市>	<http://wikidata.dbpedia.org/resource/Q242874>
<http://ja.dbpedia.org/resource/小金井市>	"小金井市"@ja	<http://dbpedia.org/ontology/Place>	<http://ja.dbpedia.org/property/northwest>	"Northwest"@ja	<http://ja.wikipedia.org/wiki/小金井市>	<http://wikidata.dbpedia.org/resource/Q242874>
<http://ja.dbpedia.org/resource/府中市_(東京都)>	"府中市 (東京都)"@ja	<http://dbpedia.org/ontology/PopulatedPlace>	<http://ja.dbpedia.org/property/southwest>	"Southwest"@ja	<http://ja.wikipedia.org/wiki/府中市_(東京都)>	<http://wikidata.dbpedia.org/resource/Q208818>
<http://ja.dbpedia.org/resource/府中市_(東京都)>	"府中市 (東京都)"@ja	<http://dbpedia.org/ontology/Location>	<http://ja.dbpedia.org/property/southwest>	"Southwest"@ja	<http://ja.wikipedia.org/wiki/府中市_(東京都)>	<http://wikidata.dbpedia.org/resource/Q208818>
<http://ja.dbpedia.org/resource/府中市_(東京都)>	"府中市 (東京都)"@ja	<http://dbpedia.org/ontology/Settlement>	<http://ja.dbpedia.org/property/southwest>	"Southwest"@ja	<http://ja.wikipedia.org/wiki/府中市_(東京都)>	<http://wikidata.dbpedia.org/resource/Q208818>
<http://ja.dbpedia.org/resource/府中市_(東京都)>	"府中市 (東京都)"@ja	<http://dbpedia.org/ontology/City>	<http://ja.dbpedia.org/property/southwest>	"Southwest"@ja	<http://ja.wikipedia.org/wiki/府中市_(東京都)>	<http://wikidata.dbpedia.org/resource/Q208818>
<http://ja.dbpedia.org/resource/府中市_(東京都)>	"府中市 (東京都)"@ja	<http://dbpedia.org/ontology/Place>	<http://ja.dbpedia.org/property/southwest>	"Southwest"@ja	<http://ja.wikipedia.org/wiki/府中市_(東京都)>	<http://wikidata.dbpedia.org/resource/Q208818>
<http://ja.dbpedia.org/resource/武蔵野市>	"武蔵野市"@ja	<http://dbpedia.org/ontology/PopulatedPlace>	<http://ja.dbpedia.org/property/north>	"North"@ja	<http://ja.wikipedia.org/wiki/武蔵野市>	<http://wikidata.dbpedia.org/resource/Q210661>
<http://ja.dbpedia.org/resource/武蔵野市>	"武蔵野市"@ja	<http://dbpedia.org/ontology/City>	<http://ja.dbpedia.org/property/隣接自治体>	"隣接自治体"@ja	<http://ja.wikipedia.org/wiki/武蔵野市>	<http://wikidata.dbpedia.org/resource/Q210661>
<http://ja.dbpedia.org/resource/武蔵野市>	"武蔵野市"@ja	<http://dbpedia.org/ontology/Place>	<http://ja.dbpedia.org/property/隣接自治体>	"隣接自治体"@ja	<http://ja.wikipedia.org/wiki/武蔵野市>	<http://wikidata.dbpedia.org/resource/Q210661>
<http://ja.dbpedia.org/resource/武蔵野市>	"武蔵野市"@ja	<http://dbpedia.org/ontology/Settlement>	<http://ja.dbpedia.org/property/north>	"North"@ja	<http://ja.wikipedia.org/wiki/武蔵野市>	<http://wikidata.dbpedia.org/resource/Q210661>
<http://ja.dbpedia.org/resource/武蔵野市>	"武蔵野市"@ja	<http://dbpedia.org/ontology/Location>	<http://ja.dbpedia.org/property/north>	"North"@ja	<http://ja.wikipedia.org/wiki/武蔵野市>	<http://wikidata.dbpedia.org/resource/Q210661>
<http://ja.dbpedia.org/resource/武蔵野市>	"武蔵野市"@ja	<http://dbpedia.org/ontology/Location>	<http://ja.dbpedia.org/property/隣接自治体>	"隣接自治体"@ja	<http://ja.wikipedia.org/wiki/武蔵野市>	<http://wikidata.dbpedia.org/resource/Q210661>
<http://ja.dbpedia.org/resource/武蔵野市>	"武蔵野市"@ja	<http://dbpedia.org/ontology/Place>	<http://ja.dbpedia.org/property/north>	"North"@ja	<http://ja.wikipedia.org/wiki/武蔵野市>	<http://wikidata.dbpedia.org/resource/Q210661>
<http://ja.dbpedia.org/resource/武蔵野市>	"武蔵野市"@ja	<http://dbpedia.org/ontology/PopulatedPlace>	<http://ja.dbpedia.org/property/隣接自治体>	"隣接自治体"@ja	<http://ja.wikipedia.org/wiki/武蔵野市>	<http://wikidata.dbpedia.org/resource/Q210661>
<http://ja.dbpedia.org/resource/武蔵野市>	"武蔵野市"@ja	<http://dbpedia.org/ontology/City>	<http://ja.dbpedia.org/property/north>	"North"@ja	<http://ja.wikipedia.org/wiki/武蔵野市>	<http://wikidata.dbpedia.org/resource/Q210661>
<http://ja.dbpedia.org/resource/武蔵野市>	"武蔵野市"@ja	<http://dbpedia.org/ontology/Settlement>	<http://ja.dbpedia.org/property/隣接自治体>	"隣接自治体"@ja	<http://ja.wikipedia.org/wiki/武蔵野市>	<http://wikidata.dbpedia.org/resource/Q210661>
<http://ja.dbpedia.org/resource/調布市>	"調布市"@ja	<http://dbpedia.org/ontology/PopulatedPlace>	<http://ja.dbpedia.org/property/south>	"South"@ja	<http://ja.wikipedia.org/wiki/調布市>	<http://wikidata.dbpedia.org/resource/Q210667>
<http://ja.dbpedia.org/resource/調布市>	"調布市"@ja	<http://dbpedia.org/ontology/Place>	<http://ja.dbpedia.org/property/隣接自治体>	"隣接自治体"@ja	<http://ja.wikipedia.org/wiki/調布市>	<http://wikidata.dbpedia.org/resource/Q210667>
<http://ja.dbpedia.org/resource/調布市>	"調布市"@ja	<http://dbpedia.org/ontology/City>	<http://ja.dbpedia.org/property/隣接自治体>	"隣接自治体"@ja	<http://ja.wikipedia.org/wiki/調布市>	<http://wikidata.dbpedia.org/resource/Q210667>
<http://ja.dbpedia.org/resource/調布市>	"調布市"@ja	<http://dbpedia.org/ontology/Location>	<http://ja.dbpedia.org/property/south>	"South"@ja	<http://ja.wikipedia.org/wiki/調布市>	<http://wikidata.dbpedia.org/resource/Q210667>
<http://ja.dbpedia.org/resource/調布市>	"調布市"@ja	<http://dbpedia.org/ontology/Settlement>	<http://ja.dbpedia.org/property/south>	"South"@ja	<http://ja.wikipedia.org/wiki/調布市>	<http://wikidata.dbpedia.org/resource/Q210667>
<http://ja.dbpedia.org/resource/調布市>	"調布市"@ja	<http://dbpedia.org/ontology/Settlement>	<http://ja.dbpedia.org/property/隣接自治体>	"隣接自治体"@ja	<http://ja.wikipedia.org/wiki/調布市>	<http://wikidata.dbpedia.org/resource/Q210667>
<http://ja.dbpedia.org/resource/調布市>	"調布市"@ja	<http://dbpedia.org/ontology/City>	<http://ja.dbpedia.org/property/south>	"South"@ja	<http://ja.wikipedia.org/wiki/調布市>	<http://wikidata.dbpedia.org/resource/Q210667>
<http://ja.dbpedia.org/resource/調布市>	"調布市"@ja	<http://dbpedia.org/ontology/PopulatedPlace>	<http://ja.dbpedia.org/property/隣接自治体>	"隣接自治体"@ja	<http://ja.wikipedia.org/wiki/調布市>	<http://wikidata.dbpedia.org/resource/Q210667>
<http://ja.dbpedia.org/resource/調布市>	"調布市"@ja	<http://dbpedia.org/ontology/Place>	<http://ja.dbpedia.org/property/south>	"South"@ja	<http://ja.wikipedia.org/wiki/調布市>	<http://wikidata.dbpedia.org/resource/Q210667>
<http://ja.dbpedia.org/resource/調布市>	"調布市"@ja	<http://dbpedia.org/ontology/Location>	<http://ja.dbpedia.org/property/隣接自治体>	"隣接自治体"@ja	<http://ja.wikipedia.org/wiki/調布市>	<http://wikidata.dbpedia.org/resource/Q210667>
