?s	?sLabel	?type	?p	?pLabel	?jwiki	?wd
<http://ja.dbpedia.org/resource/ケヤキ>	"ケヤキ"@ja	<http://dbpedia.org/ontology/Species>	<http://ja.dbpedia.org/property/木>	"木"@ja	<http://ja.wikipedia.org/wiki/ケヤキ>	<http://wikidata.dbpedia.org/resource/Q920344>
<http://ja.dbpedia.org/resource/コブシ>	"コブシ"@ja	<http://dbpedia.org/ontology/Species>	<http://ja.dbpedia.org/property/花>	"花"@ja	<http://ja.wikipedia.org/wiki/コブシ>	<http://wikidata.dbpedia.org/resource/Q942409>
<http://ja.dbpedia.org/resource/国分寺市>	"国分寺市"@ja	<http://dbpedia.org/ontology/PopulatedPlace>	<http://ja.dbpedia.org/property/east>	"East"@ja	<http://ja.wikipedia.org/wiki/国分寺市>	<http://wikidata.dbpedia.org/resource/Q317834>
<http://ja.dbpedia.org/resource/国分寺市>	"国分寺市"@ja	<http://dbpedia.org/ontology/City>	<http://ja.dbpedia.org/property/隣接自治体>	"隣接自治体"@ja	<http://ja.wikipedia.org/wiki/国分寺市>	<http://wikidata.dbpedia.org/resource/Q317834>
<http://ja.dbpedia.org/resource/国分寺市>	"国分寺市"@ja	<http://dbpedia.org/ontology/Place>	<http://ja.dbpedia.org/property/隣接自治体>	"隣接自治体"@ja	<http://ja.wikipedia.org/wiki/国分寺市>	<http://wikidata.dbpedia.org/resource/Q317834>
<http://ja.dbpedia.org/resource/国分寺市>	"国分寺市"@ja	<http://dbpedia.org/ontology/Settlement>	<http://ja.dbpedia.org/property/east>	"East"@ja	<http://ja.wikipedia.org/wiki/国分寺市>	<http://wikidata.dbpedia.org/resource/Q317834>
<http://ja.dbpedia.org/resource/国分寺市>	"国分寺市"@ja	<http://dbpedia.org/ontology/Location>	<http://ja.dbpedia.org/property/east>	"East"@ja	<http://ja.wikipedia.org/wiki/国分寺市>	<http://wikidata.dbpedia.org/resource/Q317834>
<http://ja.dbpedia.org/resource/国分寺市>	"国分寺市"@ja	<http://dbpedia.org/ontology/Location>	<http://ja.dbpedia.org/property/隣接自治体>	"隣接自治体"@ja	<http://ja.wikipedia.org/wiki/国分寺市>	<http://wikidata.dbpedia.org/resource/Q317834>
<http://ja.dbpedia.org/resource/国分寺市>	"国分寺市"@ja	<http://dbpedia.org/ontology/Place>	<http://ja.dbpedia.org/property/east>	"East"@ja	<http://ja.wikipedia.org/wiki/国分寺市>	<http://wikidata.dbpedia.org/resource/Q317834>
<http://ja.dbpedia.org/resource/国分寺市>	"国分寺市"@ja	<http://dbpedia.org/ontology/PopulatedPlace>	<http://ja.dbpedia.org/property/隣接自治体>	"隣接自治体"@ja	<http://ja.wikipedia.org/wiki/国分寺市>	<http://wikidata.dbpedia.org/resource/Q317834>
<http://ja.dbpedia.org/resource/国分寺市>	"国分寺市"@ja	<http://dbpedia.org/ontology/City>	<http://ja.dbpedia.org/property/east>	"East"@ja	<http://ja.wikipedia.org/wiki/国分寺市>	<http://wikidata.dbpedia.org/resource/Q317834>
<http://ja.dbpedia.org/resource/国分寺市>	"国分寺市"@ja	<http://dbpedia.org/ontology/Settlement>	<http://ja.dbpedia.org/property/隣接自治体>	"隣接自治体"@ja	<http://ja.wikipedia.org/wiki/国分寺市>	<http://wikidata.dbpedia.org/resource/Q317834>
<http://ja.dbpedia.org/resource/国立市>	"国立市"@ja	<http://dbpedia.org/ontology/City>	<http://ja.dbpedia.org/property/southeast>	"Southeast"@ja	<http://ja.wikipedia.org/wiki/国立市>	<http://wikidata.dbpedia.org/resource/Q330007>
<http://ja.dbpedia.org/resource/国立市>	"国立市"@ja	<http://dbpedia.org/ontology/PopulatedPlace>	<http://ja.dbpedia.org/property/隣接自治体>	"隣接自治体"@ja	<http://ja.wikipedia.org/wiki/国立市>	<http://wikidata.dbpedia.org/resource/Q330007>
<http://ja.dbpedia.org/resource/国立市>	"国立市"@ja	<http://dbpedia.org/ontology/Settlement>	<http://ja.dbpedia.org/property/隣接自治体>	"隣接自治体"@ja	<http://ja.wikipedia.org/wiki/国立市>	<http://wikidata.dbpedia.org/resource/Q330007>
<http://ja.dbpedia.org/resource/国立市>	"国立市"@ja	<http://dbpedia.org/ontology/Place>	<http://ja.dbpedia.org/property/southeast>	"Southeast"@ja	<http://ja.wikipedia.org/wiki/国立市>	<http://wikidata.dbpedia.org/resource/Q330007>
<http://ja.dbpedia.org/resource/国立市>	"国立市"@ja	<http://dbpedia.org/ontology/Location>	<http://ja.dbpedia.org/property/隣接自治体>	"隣接自治体"@ja	<http://ja.wikipedia.org/wiki/国立市>	<http://wikidata.dbpedia.org/resource/Q330007>
<http://ja.dbpedia.org/resource/国立市>	"国立市"@ja	<http://dbpedia.org/ontology/Location>	<http://ja.dbpedia.org/property/southeast>	"Southeast"@ja	<http://ja.wikipedia.org/wiki/国立市>	<http://wikidata.dbpedia.org/resource/Q330007>
<http://ja.dbpedia.org/resource/国立市>	"国立市"@ja	<http://dbpedia.org/ontology/Place>	<http://ja.dbpedia.org/property/隣接自治体>	"隣接自治体"@ja	<http://ja.wikipedia.org/wiki/国立市>	<http://wikidata.dbpedia.org/resource/Q330007>
<http://ja.dbpedia.org/resource/国立市>	"国立市"@ja	<http://dbpedia.org/ontology/PopulatedPlace>	<http://ja.dbpedia.org/property/southeast>	"Southeast"@ja	<http://ja.wikipedia.org/wiki/国立市>	<http://wikidata.dbpedia.org/resource/Q330007>
<http://ja.dbpedia.org/resource/国立市>	"国立市"@ja	<http://dbpedia.org/ontology/City>	<http://ja.dbpedia.org/property/隣接自治体>	"隣接自治体"@ja	<http://ja.wikipedia.org/wiki/国立市>	<http://wikidata.dbpedia.org/resource/Q330007>
<http://ja.dbpedia.org/resource/国立市>	"国立市"@ja	<http://dbpedia.org/ontology/Settlement>	<http://ja.dbpedia.org/property/southeast>	"Southeast"@ja	<http://ja.wikipedia.org/wiki/国立市>	<http://wikidata.dbpedia.org/resource/Q330007>
<http://ja.dbpedia.org/resource/多摩都市モノレール線>	"多摩都市モノレール線"@ja	<http://dbpedia.org/ontology/RouteOfTransportation>	<http://ja.dbpedia.org/property/画像の説明>	"画像の説明"@ja	<http://ja.wikipedia.org/wiki/多摩都市モノレール線>	<http://wikidata.dbpedia.org/resource/Q1142205>
<http://ja.dbpedia.org/resource/多摩都市モノレール線>	"多摩都市モノレール線"@ja	<http://dbpedia.org/ontology/Infrastructure>	<http://ja.dbpedia.org/property/画像の説明>	"画像の説明"@ja	<http://ja.wikipedia.org/wiki/多摩都市モノレール線>	<http://wikidata.dbpedia.org/resource/Q1142205>
<http://ja.dbpedia.org/resource/多摩都市モノレール線>	"多摩都市モノレール線"@ja	<http://dbpedia.org/ontology/RailwayLine>	<http://ja.dbpedia.org/property/画像の説明>	"画像の説明"@ja	<http://ja.wikipedia.org/wiki/多摩都市モノレール線>	<http://wikidata.dbpedia.org/resource/Q1142205>
<http://ja.dbpedia.org/resource/多摩都市モノレール線>	"多摩都市モノレール線"@ja	<http://dbpedia.org/ontology/ArchitecturalStructure>	<http://ja.dbpedia.org/property/画像の説明>	"画像の説明"@ja	<http://ja.wikipedia.org/wiki/多摩都市モノレール線>	<http://wikidata.dbpedia.org/resource/Q1142205>
<http://ja.dbpedia.org/resource/小平市>	"小平市"@ja	<http://dbpedia.org/ontology/Location>	<http://ja.dbpedia.org/property/隣接自治体>	"隣接自治体"@ja	<http://ja.wikipedia.org/wiki/小平市>	<http://wikidata.dbpedia.org/resource/Q213278>
<http://ja.dbpedia.org/resource/小平市>	"小平市"@ja	<http://dbpedia.org/ontology/Place>	<http://ja.dbpedia.org/property/northeast>	"Northeast"@ja	<http://ja.wikipedia.org/wiki/小平市>	<http://wikidata.dbpedia.org/resource/Q213278>
<http://ja.dbpedia.org/resource/小平市>	"小平市"@ja	<http://dbpedia.org/ontology/PopulatedPlace>	<http://ja.dbpedia.org/property/隣接自治体>	"隣接自治体"@ja	<http://ja.wikipedia.org/wiki/小平市>	<http://wikidata.dbpedia.org/resource/Q213278>
<http://ja.dbpedia.org/resource/小平市>	"小平市"@ja	<http://dbpedia.org/ontology/City>	<http://ja.dbpedia.org/property/northeast>	"Northeast"@ja	<http://ja.wikipedia.org/wiki/小平市>	<http://wikidata.dbpedia.org/resource/Q213278>
<http://ja.dbpedia.org/resource/小平市>	"小平市"@ja	<http://dbpedia.org/ontology/Settlement>	<http://ja.dbpedia.org/property/隣接自治体>	"隣接自治体"@ja	<http://ja.wikipedia.org/wiki/小平市>	<http://wikidata.dbpedia.org/resource/Q213278>
<http://ja.dbpedia.org/resource/小平市>	"小平市"@ja	<http://dbpedia.org/ontology/PopulatedPlace>	<http://ja.dbpedia.org/property/northeast>	"Northeast"@ja	<http://ja.wikipedia.org/wiki/小平市>	<http://wikidata.dbpedia.org/resource/Q213278>
<http://ja.dbpedia.org/resource/小平市>	"小平市"@ja	<http://dbpedia.org/ontology/Place>	<http://ja.dbpedia.org/property/隣接自治体>	"隣接自治体"@ja	<http://ja.wikipedia.org/wiki/小平市>	<http://wikidata.dbpedia.org/resource/Q213278>
<http://ja.dbpedia.org/resource/小平市>	"小平市"@ja	<http://dbpedia.org/ontology/Location>	<http://ja.dbpedia.org/property/northeast>	"Northeast"@ja	<http://ja.wikipedia.org/wiki/小平市>	<http://wikidata.dbpedia.org/resource/Q213278>
<http://ja.dbpedia.org/resource/小平市>	"小平市"@ja	<http://dbpedia.org/ontology/Settlement>	<http://ja.dbpedia.org/property/northeast>	"Northeast"@ja	<http://ja.wikipedia.org/wiki/小平市>	<http://wikidata.dbpedia.org/resource/Q213278>
<http://ja.dbpedia.org/resource/小平市>	"小平市"@ja	<http://dbpedia.org/ontology/City>	<http://ja.dbpedia.org/property/隣接自治体>	"隣接自治体"@ja	<http://ja.wikipedia.org/wiki/小平市>	<http://wikidata.dbpedia.org/resource/Q213278>
<http://ja.dbpedia.org/resource/日野市>	"日野市"@ja	<http://dbpedia.org/ontology/Location>	<http://ja.dbpedia.org/property/隣接自治体>	"隣接自治体"@ja	<http://ja.wikipedia.org/wiki/日野市>	<http://wikidata.dbpedia.org/resource/Q236197>
<http://ja.dbpedia.org/resource/日野市>	"日野市"@ja	<http://dbpedia.org/ontology/Settlement>	<http://ja.dbpedia.org/property/隣接自治体>	"隣接自治体"@ja	<http://ja.wikipedia.org/wiki/日野市>	<http://wikidata.dbpedia.org/resource/Q236197>
<http://ja.dbpedia.org/resource/日野市>	"日野市"@ja	<http://dbpedia.org/ontology/Place>	<http://ja.dbpedia.org/property/south>	"South"@ja	<http://ja.wikipedia.org/wiki/日野市>	<http://wikidata.dbpedia.org/resource/Q236197>
<http://ja.dbpedia.org/resource/日野市>	"日野市"@ja	<http://dbpedia.org/ontology/PopulatedPlace>	<http://ja.dbpedia.org/property/隣接自治体>	"隣接自治体"@ja	<http://ja.wikipedia.org/wiki/日野市>	<http://wikidata.dbpedia.org/resource/Q236197>
<http://ja.dbpedia.org/resource/日野市>	"日野市"@ja	<http://dbpedia.org/ontology/City>	<http://ja.dbpedia.org/property/south>	"South"@ja	<http://ja.wikipedia.org/wiki/日野市>	<http://wikidata.dbpedia.org/resource/Q236197>
<http://ja.dbpedia.org/resource/日野市>	"日野市"@ja	<http://dbpedia.org/ontology/Location>	<http://ja.dbpedia.org/property/south>	"South"@ja	<http://ja.wikipedia.org/wiki/日野市>	<http://wikidata.dbpedia.org/resource/Q236197>
<http://ja.dbpedia.org/resource/日野市>	"日野市"@ja	<http://dbpedia.org/ontology/Place>	<http://ja.dbpedia.org/property/隣接自治体>	"隣接自治体"@ja	<http://ja.wikipedia.org/wiki/日野市>	<http://wikidata.dbpedia.org/resource/Q236197>
<http://ja.dbpedia.org/resource/日野市>	"日野市"@ja	<http://dbpedia.org/ontology/PopulatedPlace>	<http://ja.dbpedia.org/property/south>	"South"@ja	<http://ja.wikipedia.org/wiki/日野市>	<http://wikidata.dbpedia.org/resource/Q236197>
<http://ja.dbpedia.org/resource/日野市>	"日野市"@ja	<http://dbpedia.org/ontology/City>	<http://ja.dbpedia.org/property/隣接自治体>	"隣接自治体"@ja	<http://ja.wikipedia.org/wiki/日野市>	<http://wikidata.dbpedia.org/resource/Q236197>
<http://ja.dbpedia.org/resource/日野市>	"日野市"@ja	<http://dbpedia.org/ontology/Settlement>	<http://ja.dbpedia.org/property/south>	"South"@ja	<http://ja.wikipedia.org/wiki/日野市>	<http://wikidata.dbpedia.org/resource/Q236197>
<http://ja.dbpedia.org/resource/昭島市>	"昭島市"@ja	<http://dbpedia.org/ontology/Location>	<http://ja.dbpedia.org/property/隣接自治体>	"隣接自治体"@ja	<http://ja.wikipedia.org/wiki/昭島市>	<http://wikidata.dbpedia.org/resource/Q212494>
<http://ja.dbpedia.org/resource/昭島市>	"昭島市"@ja	<http://dbpedia.org/ontology/Place>	<http://ja.dbpedia.org/property/west>	"West"@ja	<http://ja.wikipedia.org/wiki/昭島市>	<http://wikidata.dbpedia.org/resource/Q212494>
<http://ja.dbpedia.org/resource/昭島市>	"昭島市"@ja	<http://dbpedia.org/ontology/PopulatedPlace>	<http://ja.dbpedia.org/property/隣接自治体>	"隣接自治体"@ja	<http://ja.wikipedia.org/wiki/昭島市>	<http://wikidata.dbpedia.org/resource/Q212494>
<http://ja.dbpedia.org/resource/昭島市>	"昭島市"@ja	<http://dbpedia.org/ontology/City>	<http://ja.dbpedia.org/property/west>	"West"@ja	<http://ja.wikipedia.org/wiki/昭島市>	<http://wikidata.dbpedia.org/resource/Q212494>
<http://ja.dbpedia.org/resource/昭島市>	"昭島市"@ja	<http://dbpedia.org/ontology/Settlement>	<http://ja.dbpedia.org/property/隣接自治体>	"隣接自治体"@ja	<http://ja.wikipedia.org/wiki/昭島市>	<http://wikidata.dbpedia.org/resource/Q212494>
<http://ja.dbpedia.org/resource/昭島市>	"昭島市"@ja	<http://dbpedia.org/ontology/PopulatedPlace>	<http://ja.dbpedia.org/property/west>	"West"@ja	<http://ja.wikipedia.org/wiki/昭島市>	<http://wikidata.dbpedia.org/resource/Q212494>
<http://ja.dbpedia.org/resource/昭島市>	"昭島市"@ja	<http://dbpedia.org/ontology/Place>	<http://ja.dbpedia.org/property/隣接自治体>	"隣接自治体"@ja	<http://ja.wikipedia.org/wiki/昭島市>	<http://wikidata.dbpedia.org/resource/Q212494>
<http://ja.dbpedia.org/resource/昭島市>	"昭島市"@ja	<http://dbpedia.org/ontology/Location>	<http://ja.dbpedia.org/property/west>	"West"@ja	<http://ja.wikipedia.org/wiki/昭島市>	<http://wikidata.dbpedia.org/resource/Q212494>
<http://ja.dbpedia.org/resource/昭島市>	"昭島市"@ja	<http://dbpedia.org/ontology/Settlement>	<http://ja.dbpedia.org/property/west>	"West"@ja	<http://ja.wikipedia.org/wiki/昭島市>	<http://wikidata.dbpedia.org/resource/Q212494>
<http://ja.dbpedia.org/resource/昭島市>	"昭島市"@ja	<http://dbpedia.org/ontology/City>	<http://ja.dbpedia.org/property/隣接自治体>	"隣接自治体"@ja	<http://ja.wikipedia.org/wiki/昭島市>	<http://wikidata.dbpedia.org/resource/Q212494>
<http://ja.dbpedia.org/resource/東大和市>	"東大和市"@ja	<http://dbpedia.org/ontology/Settlement>	<http://ja.dbpedia.org/property/隣接自治体>	"隣接自治体"@ja	<http://ja.wikipedia.org/wiki/東大和市>	<http://wikidata.dbpedia.org/resource/Q390788>
<http://ja.dbpedia.org/resource/東大和市>	"東大和市"@ja	<http://dbpedia.org/ontology/City>	<http://ja.dbpedia.org/property/north>	"North"@ja	<http://ja.wikipedia.org/wiki/東大和市>	<http://wikidata.dbpedia.org/resource/Q390788>
<http://ja.dbpedia.org/resource/東大和市>	"東大和市"@ja	<http://dbpedia.org/ontology/Location>	<http://ja.dbpedia.org/property/隣接自治体>	"隣接自治体"@ja	<http://ja.wikipedia.org/wiki/東大和市>	<http://wikidata.dbpedia.org/resource/Q390788>
<http://ja.dbpedia.org/resource/東大和市>	"東大和市"@ja	<http://dbpedia.org/ontology/Place>	<http://ja.dbpedia.org/property/north>	"North"@ja	<http://ja.wikipedia.org/wiki/東大和市>	<http://wikidata.dbpedia.org/resource/Q390788>
<http://ja.dbpedia.org/resource/東大和市>	"東大和市"@ja	<http://dbpedia.org/ontology/PopulatedPlace>	<http://ja.dbpedia.org/property/隣接自治体>	"隣接自治体"@ja	<http://ja.wikipedia.org/wiki/東大和市>	<http://wikidata.dbpedia.org/resource/Q390788>
<http://ja.dbpedia.org/resource/東大和市>	"東大和市"@ja	<http://dbpedia.org/ontology/Settlement>	<http://ja.dbpedia.org/property/north>	"North"@ja	<http://ja.wikipedia.org/wiki/東大和市>	<http://wikidata.dbpedia.org/resource/Q390788>
<http://ja.dbpedia.org/resource/東大和市>	"東大和市"@ja	<http://dbpedia.org/ontology/City>	<http://ja.dbpedia.org/property/隣接自治体>	"隣接自治体"@ja	<http://ja.wikipedia.org/wiki/東大和市>	<http://wikidata.dbpedia.org/resource/Q390788>
<http://ja.dbpedia.org/resource/東大和市>	"東大和市"@ja	<http://dbpedia.org/ontology/PopulatedPlace>	<http://ja.dbpedia.org/property/north>	"North"@ja	<http://ja.wikipedia.org/wiki/東大和市>	<http://wikidata.dbpedia.org/resource/Q390788>
<http://ja.dbpedia.org/resource/東大和市>	"東大和市"@ja	<http://dbpedia.org/ontology/Place>	<http://ja.dbpedia.org/property/隣接自治体>	"隣接自治体"@ja	<http://ja.wikipedia.org/wiki/東大和市>	<http://wikidata.dbpedia.org/resource/Q390788>
<http://ja.dbpedia.org/resource/東大和市>	"東大和市"@ja	<http://dbpedia.org/ontology/Location>	<http://ja.dbpedia.org/property/north>	"North"@ja	<http://ja.wikipedia.org/wiki/東大和市>	<http://wikidata.dbpedia.org/resource/Q390788>
<http://ja.dbpedia.org/resource/武蔵村山市>	"武蔵村山市"@ja	<http://dbpedia.org/ontology/City>	<http://ja.dbpedia.org/property/north>	"North"@ja	<http://ja.wikipedia.org/wiki/武蔵村山市>	<http://wikidata.dbpedia.org/resource/Q390806>
<http://ja.dbpedia.org/resource/武蔵村山市>	"武蔵村山市"@ja	<http://dbpedia.org/ontology/PopulatedPlace>	<http://ja.dbpedia.org/property/隣接自治体>	"隣接自治体"@ja	<http://ja.wikipedia.org/wiki/武蔵村山市>	<http://wikidata.dbpedia.org/resource/Q390806>
<http://ja.dbpedia.org/resource/武蔵村山市>	"武蔵村山市"@ja	<http://dbpedia.org/ontology/Place>	<http://ja.dbpedia.org/property/north>	"North"@ja	<http://ja.wikipedia.org/wiki/武蔵村山市>	<http://wikidata.dbpedia.org/resource/Q390806>
<http://ja.dbpedia.org/resource/武蔵村山市>	"武蔵村山市"@ja	<http://dbpedia.org/ontology/Settlement>	<http://ja.dbpedia.org/property/隣接自治体>	"隣接自治体"@ja	<http://ja.wikipedia.org/wiki/武蔵村山市>	<http://wikidata.dbpedia.org/resource/Q390806>
<http://ja.dbpedia.org/resource/武蔵村山市>	"武蔵村山市"@ja	<http://dbpedia.org/ontology/Location>	<http://ja.dbpedia.org/property/隣接自治体>	"隣接自治体"@ja	<http://ja.wikipedia.org/wiki/武蔵村山市>	<http://wikidata.dbpedia.org/resource/Q390806>
<http://ja.dbpedia.org/resource/武蔵村山市>	"武蔵村山市"@ja	<http://dbpedia.org/ontology/Location>	<http://ja.dbpedia.org/property/north>	"North"@ja	<http://ja.wikipedia.org/wiki/武蔵村山市>	<http://wikidata.dbpedia.org/resource/Q390806>
<http://ja.dbpedia.org/resource/武蔵村山市>	"武蔵村山市"@ja	<http://dbpedia.org/ontology/Place>	<http://ja.dbpedia.org/property/隣接自治体>	"隣接自治体"@ja	<http://ja.wikipedia.org/wiki/武蔵村山市>	<http://wikidata.dbpedia.org/resource/Q390806>
<http://ja.dbpedia.org/resource/武蔵村山市>	"武蔵村山市"@ja	<http://dbpedia.org/ontology/PopulatedPlace>	<http://ja.dbpedia.org/property/north>	"North"@ja	<http://ja.wikipedia.org/wiki/武蔵村山市>	<http://wikidata.dbpedia.org/resource/Q390806>
<http://ja.dbpedia.org/resource/武蔵村山市>	"武蔵村山市"@ja	<http://dbpedia.org/ontology/City>	<http://ja.dbpedia.org/property/隣接自治体>	"隣接自治体"@ja	<http://ja.wikipedia.org/wiki/武蔵村山市>	<http://wikidata.dbpedia.org/resource/Q390806>
<http://ja.dbpedia.org/resource/武蔵村山市>	"武蔵村山市"@ja	<http://dbpedia.org/ontology/Settlement>	<http://ja.dbpedia.org/property/north>	"North"@ja	<http://ja.wikipedia.org/wiki/武蔵村山市>	<http://wikidata.dbpedia.org/resource/Q390806>
<http://ja.dbpedia.org/resource/福生市>	"福生市"@ja	<http://dbpedia.org/ontology/PopulatedPlace>	<http://ja.dbpedia.org/property/隣接自治体>	"隣接自治体"@ja	<http://ja.wikipedia.org/wiki/福生市>	<http://wikidata.dbpedia.org/resource/Q317813>
<http://ja.dbpedia.org/resource/福生市>	"福生市"@ja	<http://dbpedia.org/ontology/Place>	<http://ja.dbpedia.org/property/northwest>	"Northwest"@ja	<http://ja.wikipedia.org/wiki/福生市>	<http://wikidata.dbpedia.org/resource/Q317813>
<http://ja.dbpedia.org/resource/福生市>	"福生市"@ja	<http://dbpedia.org/ontology/City>	<http://ja.dbpedia.org/property/northwest>	"Northwest"@ja	<http://ja.wikipedia.org/wiki/福生市>	<http://wikidata.dbpedia.org/resource/Q317813>
<http://ja.dbpedia.org/resource/福生市>	"福生市"@ja	<http://dbpedia.org/ontology/Location>	<http://ja.dbpedia.org/property/隣接自治体>	"隣接自治体"@ja	<http://ja.wikipedia.org/wiki/福生市>	<http://wikidata.dbpedia.org/resource/Q317813>
<http://ja.dbpedia.org/resource/福生市>	"福生市"@ja	<http://dbpedia.org/ontology/Settlement>	<http://ja.dbpedia.org/property/隣接自治体>	"隣接自治体"@ja	<http://ja.wikipedia.org/wiki/福生市>	<http://wikidata.dbpedia.org/resource/Q317813>
<http://ja.dbpedia.org/resource/福生市>	"福生市"@ja	<http://dbpedia.org/ontology/Settlement>	<http://ja.dbpedia.org/property/northwest>	"Northwest"@ja	<http://ja.wikipedia.org/wiki/福生市>	<http://wikidata.dbpedia.org/resource/Q317813>
<http://ja.dbpedia.org/resource/福生市>	"福生市"@ja	<http://dbpedia.org/ontology/City>	<http://ja.dbpedia.org/property/隣接自治体>	"隣接自治体"@ja	<http://ja.wikipedia.org/wiki/福生市>	<http://wikidata.dbpedia.org/resource/Q317813>
<http://ja.dbpedia.org/resource/福生市>	"福生市"@ja	<http://dbpedia.org/ontology/PopulatedPlace>	<http://ja.dbpedia.org/property/northwest>	"Northwest"@ja	<http://ja.wikipedia.org/wiki/福生市>	<http://wikidata.dbpedia.org/resource/Q317813>
<http://ja.dbpedia.org/resource/福生市>	"福生市"@ja	<http://dbpedia.org/ontology/Place>	<http://ja.dbpedia.org/property/隣接自治体>	"隣接自治体"@ja	<http://ja.wikipedia.org/wiki/福生市>	<http://wikidata.dbpedia.org/resource/Q317813>
<http://ja.dbpedia.org/resource/福生市>	"福生市"@ja	<http://dbpedia.org/ontology/Location>	<http://ja.dbpedia.org/property/northwest>	"Northwest"@ja	<http://ja.wikipedia.org/wiki/福生市>	<http://wikidata.dbpedia.org/resource/Q317813>
