?s	?sLabel	?type	?p	?pLabel	?jwiki	?wd
<http://ja.dbpedia.org/resource/あきる野市>	"あきる野市"@ja	<http://dbpedia.org/ontology/Place>	<http://ja.dbpedia.org/property/north>	"North"@ja	<http://ja.wikipedia.org/wiki/あきる野市>	<http://wikidata.dbpedia.org/resource/Q240480>
<http://ja.dbpedia.org/resource/あきる野市>	"あきる野市"@ja	<http://dbpedia.org/ontology/City>	<http://ja.dbpedia.org/property/north>	"North"@ja	<http://ja.wikipedia.org/wiki/あきる野市>	<http://wikidata.dbpedia.org/resource/Q240480>
<http://ja.dbpedia.org/resource/あきる野市>	"あきる野市"@ja	<http://dbpedia.org/ontology/Location>	<http://ja.dbpedia.org/property/north>	"North"@ja	<http://ja.wikipedia.org/wiki/あきる野市>	<http://wikidata.dbpedia.org/resource/Q240480>
<http://ja.dbpedia.org/resource/あきる野市>	"あきる野市"@ja	<http://dbpedia.org/ontology/Settlement>	<http://ja.dbpedia.org/property/north>	"North"@ja	<http://ja.wikipedia.org/wiki/あきる野市>	<http://wikidata.dbpedia.org/resource/Q240480>
<http://ja.dbpedia.org/resource/あきる野市>	"あきる野市"@ja	<http://dbpedia.org/ontology/PopulatedPlace>	<http://ja.dbpedia.org/property/north>	"North"@ja	<http://ja.wikipedia.org/wiki/あきる野市>	<http://wikidata.dbpedia.org/resource/Q240480>
<http://ja.dbpedia.org/resource/イチョウ>	"イチョウ"@ja	<http://dbpedia.org/ontology/Species>	<http://ja.dbpedia.org/property/木>	"木"@ja	<http://ja.wikipedia.org/wiki/イチョウ>	<http://wikidata.dbpedia.org/resource/Q43284>
<http://ja.dbpedia.org/resource/オオルリ>	"オオルリ"@ja	<http://dbpedia.org/ontology/Species>	<http://ja.dbpedia.org/property/鳥など>	"鳥など"@ja	<http://ja.wikipedia.org/wiki/オオルリ>	<http://wikidata.dbpedia.org/resource/Q73477>
<http://ja.dbpedia.org/resource/ヤマユリ>	"ヤマユリ"@ja	<http://dbpedia.org/ontology/Eukaryote>	<http://ja.dbpedia.org/property/花>	"花"@ja	<http://ja.wikipedia.org/wiki/ヤマユリ>	<http://wikidata.dbpedia.org/resource/Q134486>
<http://ja.dbpedia.org/resource/ヤマユリ>	"ヤマユリ"@ja	<http://dbpedia.org/ontology/Plant>	<http://ja.dbpedia.org/property/花>	"花"@ja	<http://ja.wikipedia.org/wiki/ヤマユリ>	<http://wikidata.dbpedia.org/resource/Q134486>
<http://ja.dbpedia.org/resource/ヤマユリ>	"ヤマユリ"@ja	<http://dbpedia.org/ontology/Species>	<http://ja.dbpedia.org/property/花>	"花"@ja	<http://ja.wikipedia.org/wiki/ヤマユリ>	<http://wikidata.dbpedia.org/resource/Q134486>
<http://ja.dbpedia.org/resource/多摩市>	"多摩市"@ja	<http://dbpedia.org/ontology/Place>	<http://ja.dbpedia.org/property/southeast>	"Southeast"@ja	<http://ja.wikipedia.org/wiki/多摩市>	<http://wikidata.dbpedia.org/resource/Q213263>
<http://ja.dbpedia.org/resource/多摩市>	"多摩市"@ja	<http://dbpedia.org/ontology/City>	<http://ja.dbpedia.org/property/southeast>	"Southeast"@ja	<http://ja.wikipedia.org/wiki/多摩市>	<http://wikidata.dbpedia.org/resource/Q213263>
<http://ja.dbpedia.org/resource/多摩市>	"多摩市"@ja	<http://dbpedia.org/ontology/Location>	<http://ja.dbpedia.org/property/southeast>	"Southeast"@ja	<http://ja.wikipedia.org/wiki/多摩市>	<http://wikidata.dbpedia.org/resource/Q213263>
<http://ja.dbpedia.org/resource/多摩市>	"多摩市"@ja	<http://dbpedia.org/ontology/PopulatedPlace>	<http://ja.dbpedia.org/property/southeast>	"Southeast"@ja	<http://ja.wikipedia.org/wiki/多摩市>	<http://wikidata.dbpedia.org/resource/Q213263>
<http://ja.dbpedia.org/resource/多摩市>	"多摩市"@ja	<http://dbpedia.org/ontology/Settlement>	<http://ja.dbpedia.org/property/southeast>	"Southeast"@ja	<http://ja.wikipedia.org/wiki/多摩市>	<http://wikidata.dbpedia.org/resource/Q213263>
<http://ja.dbpedia.org/resource/日野市>	"日野市"@ja	<http://dbpedia.org/ontology/Place>	<http://ja.dbpedia.org/property/east>	"East"@ja	<http://ja.wikipedia.org/wiki/日野市>	<http://wikidata.dbpedia.org/resource/Q236197>
<http://ja.dbpedia.org/resource/日野市>	"日野市"@ja	<http://dbpedia.org/ontology/City>	<http://ja.dbpedia.org/property/east>	"East"@ja	<http://ja.wikipedia.org/wiki/日野市>	<http://wikidata.dbpedia.org/resource/Q236197>
<http://ja.dbpedia.org/resource/日野市>	"日野市"@ja	<http://dbpedia.org/ontology/Settlement>	<http://ja.dbpedia.org/property/east>	"East"@ja	<http://ja.wikipedia.org/wiki/日野市>	<http://wikidata.dbpedia.org/resource/Q236197>
<http://ja.dbpedia.org/resource/日野市>	"日野市"@ja	<http://dbpedia.org/ontology/PopulatedPlace>	<http://ja.dbpedia.org/property/east>	"East"@ja	<http://ja.wikipedia.org/wiki/日野市>	<http://wikidata.dbpedia.org/resource/Q236197>
<http://ja.dbpedia.org/resource/日野市>	"日野市"@ja	<http://dbpedia.org/ontology/Location>	<http://ja.dbpedia.org/property/east>	"East"@ja	<http://ja.wikipedia.org/wiki/日野市>	<http://wikidata.dbpedia.org/resource/Q236197>
<http://ja.dbpedia.org/resource/昭島市>	"昭島市"@ja	<http://dbpedia.org/ontology/City>	<http://ja.dbpedia.org/property/northeast>	"Northeast"@ja	<http://ja.wikipedia.org/wiki/昭島市>	<http://wikidata.dbpedia.org/resource/Q212494>
<http://ja.dbpedia.org/resource/昭島市>	"昭島市"@ja	<http://dbpedia.org/ontology/Place>	<http://ja.dbpedia.org/property/northeast>	"Northeast"@ja	<http://ja.wikipedia.org/wiki/昭島市>	<http://wikidata.dbpedia.org/resource/Q212494>
<http://ja.dbpedia.org/resource/昭島市>	"昭島市"@ja	<http://dbpedia.org/ontology/Location>	<http://ja.dbpedia.org/property/northeast>	"Northeast"@ja	<http://ja.wikipedia.org/wiki/昭島市>	<http://wikidata.dbpedia.org/resource/Q212494>
<http://ja.dbpedia.org/resource/昭島市>	"昭島市"@ja	<http://dbpedia.org/ontology/PopulatedPlace>	<http://ja.dbpedia.org/property/northeast>	"Northeast"@ja	<http://ja.wikipedia.org/wiki/昭島市>	<http://wikidata.dbpedia.org/resource/Q212494>
<http://ja.dbpedia.org/resource/昭島市>	"昭島市"@ja	<http://dbpedia.org/ontology/Settlement>	<http://ja.dbpedia.org/property/northeast>	"Northeast"@ja	<http://ja.wikipedia.org/wiki/昭島市>	<http://wikidata.dbpedia.org/resource/Q212494>
<http://ja.dbpedia.org/resource/檜原村>	"檜原村"@ja	<http://dbpedia.org/ontology/Place>	<http://ja.dbpedia.org/property/northwest>	"Northwest"@ja	<http://ja.wikipedia.org/wiki/檜原村>	<http://wikidata.dbpedia.org/resource/Q219576>
<http://ja.dbpedia.org/resource/檜原村>	"檜原村"@ja	<http://dbpedia.org/ontology/City>	<http://ja.dbpedia.org/property/northwest>	"Northwest"@ja	<http://ja.wikipedia.org/wiki/檜原村>	<http://wikidata.dbpedia.org/resource/Q219576>
<http://ja.dbpedia.org/resource/檜原村>	"檜原村"@ja	<http://dbpedia.org/ontology/Settlement>	<http://ja.dbpedia.org/property/northwest>	"Northwest"@ja	<http://ja.wikipedia.org/wiki/檜原村>	<http://wikidata.dbpedia.org/resource/Q219576>
<http://ja.dbpedia.org/resource/檜原村>	"檜原村"@ja	<http://dbpedia.org/ontology/PopulatedPlace>	<http://ja.dbpedia.org/property/northwest>	"Northwest"@ja	<http://ja.wikipedia.org/wiki/檜原村>	<http://wikidata.dbpedia.org/resource/Q219576>
<http://ja.dbpedia.org/resource/檜原村>	"檜原村"@ja	<http://dbpedia.org/ontology/Location>	<http://ja.dbpedia.org/property/northwest>	"Northwest"@ja	<http://ja.wikipedia.org/wiki/檜原村>	<http://wikidata.dbpedia.org/resource/Q219576>
<http://ja.dbpedia.org/resource/町田市>	"町田市"@ja	<http://dbpedia.org/ontology/PopulatedPlace>	<http://ja.dbpedia.org/property/south>	"South"@ja	<http://ja.wikipedia.org/wiki/町田市>	<http://wikidata.dbpedia.org/resource/Q210628>
<http://ja.dbpedia.org/resource/町田市>	"町田市"@ja	<http://dbpedia.org/ontology/Location>	<http://ja.dbpedia.org/property/south>	"South"@ja	<http://ja.wikipedia.org/wiki/町田市>	<http://wikidata.dbpedia.org/resource/Q210628>
<http://ja.dbpedia.org/resource/町田市>	"町田市"@ja	<http://dbpedia.org/ontology/Settlement>	<http://ja.dbpedia.org/property/south>	"South"@ja	<http://ja.wikipedia.org/wiki/町田市>	<http://wikidata.dbpedia.org/resource/Q210628>
<http://ja.dbpedia.org/resource/町田市>	"町田市"@ja	<http://dbpedia.org/ontology/City>	<http://ja.dbpedia.org/property/south>	"South"@ja	<http://ja.wikipedia.org/wiki/町田市>	<http://wikidata.dbpedia.org/resource/Q210628>
<http://ja.dbpedia.org/resource/町田市>	"町田市"@ja	<http://dbpedia.org/ontology/Place>	<http://ja.dbpedia.org/property/south>	"South"@ja	<http://ja.wikipedia.org/wiki/町田市>	<http://wikidata.dbpedia.org/resource/Q210628>
<http://ja.dbpedia.org/resource/福生市>	"福生市"@ja	<http://dbpedia.org/ontology/City>	<http://ja.dbpedia.org/property/northeast>	"Northeast"@ja	<http://ja.wikipedia.org/wiki/福生市>	<http://wikidata.dbpedia.org/resource/Q317813>
<http://ja.dbpedia.org/resource/福生市>	"福生市"@ja	<http://dbpedia.org/ontology/Place>	<http://ja.dbpedia.org/property/northeast>	"Northeast"@ja	<http://ja.wikipedia.org/wiki/福生市>	<http://wikidata.dbpedia.org/resource/Q317813>
<http://ja.dbpedia.org/resource/福生市>	"福生市"@ja	<http://dbpedia.org/ontology/Location>	<http://ja.dbpedia.org/property/northeast>	"Northeast"@ja	<http://ja.wikipedia.org/wiki/福生市>	<http://wikidata.dbpedia.org/resource/Q317813>
<http://ja.dbpedia.org/resource/福生市>	"福生市"@ja	<http://dbpedia.org/ontology/Settlement>	<http://ja.dbpedia.org/property/northeast>	"Northeast"@ja	<http://ja.wikipedia.org/wiki/福生市>	<http://wikidata.dbpedia.org/resource/Q317813>
<http://ja.dbpedia.org/resource/福生市>	"福生市"@ja	<http://dbpedia.org/ontology/PopulatedPlace>	<http://ja.dbpedia.org/property/northeast>	"Northeast"@ja	<http://ja.wikipedia.org/wiki/福生市>	<http://wikidata.dbpedia.org/resource/Q317813>
