?s	?sLabel	?type	?p	?pLabel	?jwiki	?wd
<http://ja.dbpedia.org/resource/ウグイス>	"ウグイス"@ja	<http://dbpedia.org/ontology/Species>	<http://ja.dbpedia.org/property/鳥など>	"鳥など"@ja	<http://ja.wikipedia.org/wiki/ウグイス>	<http://wikidata.dbpedia.org/resource/Q27075456>
<http://ja.dbpedia.org/resource/ウメ>	"ウメ"@ja	<http://dbpedia.org/ontology/Plant>	<http://ja.dbpedia.org/property/花>	"花"@ja	<http://ja.wikipedia.org/wiki/ウメ>	<http://wikidata.dbpedia.org/resource/Q157763>
<http://ja.dbpedia.org/resource/ウメ>	"ウメ"@ja	<http://dbpedia.org/ontology/Eukaryote>	<http://ja.dbpedia.org/property/花>	"花"@ja	<http://ja.wikipedia.org/wiki/ウメ>	<http://wikidata.dbpedia.org/resource/Q157763>
<http://ja.dbpedia.org/resource/ウメ>	"ウメ"@ja	<http://dbpedia.org/ontology/Species>	<http://ja.dbpedia.org/property/花>	"花"@ja	<http://ja.wikipedia.org/wiki/ウメ>	<http://wikidata.dbpedia.org/resource/Q157763>
<http://ja.dbpedia.org/resource/ウメ>	"ウメ"@ja	<http://dbpedia.org/ontology/FloweringPlant>	<http://ja.dbpedia.org/property/花>	"花"@ja	<http://ja.wikipedia.org/wiki/ウメ>	<http://wikidata.dbpedia.org/resource/Q157763>
<http://ja.dbpedia.org/resource/スギ>	"スギ"@ja	<http://dbpedia.org/ontology/Species>	<http://ja.dbpedia.org/property/木>	"木"@ja	<http://ja.wikipedia.org/wiki/スギ>	<http://wikidata.dbpedia.org/resource/Q147388>
<http://ja.dbpedia.org/resource/入間市>	"入間市"@ja	<http://dbpedia.org/ontology/City>	<http://ja.dbpedia.org/property/隣接自治体>	"隣接自治体"@ja	<http://ja.wikipedia.org/wiki/入間市>	<http://wikidata.dbpedia.org/resource/Q696925>
<http://ja.dbpedia.org/resource/入間市>	"入間市"@ja	<http://dbpedia.org/ontology/PopulatedPlace>	<http://ja.dbpedia.org/property/隣接自治体>	"隣接自治体"@ja	<http://ja.wikipedia.org/wiki/入間市>	<http://wikidata.dbpedia.org/resource/Q696925>
<http://ja.dbpedia.org/resource/入間市>	"入間市"@ja	<http://dbpedia.org/ontology/Place>	<http://ja.dbpedia.org/property/隣接自治体>	"隣接自治体"@ja	<http://ja.wikipedia.org/wiki/入間市>	<http://wikidata.dbpedia.org/resource/Q696925>
<http://ja.dbpedia.org/resource/入間市>	"入間市"@ja	<http://dbpedia.org/ontology/Location>	<http://ja.dbpedia.org/property/隣接自治体>	"隣接自治体"@ja	<http://ja.wikipedia.org/wiki/入間市>	<http://wikidata.dbpedia.org/resource/Q696925>
<http://ja.dbpedia.org/resource/入間市>	"入間市"@ja	<http://dbpedia.org/ontology/Settlement>	<http://ja.dbpedia.org/property/隣接自治体>	"隣接自治体"@ja	<http://ja.wikipedia.org/wiki/入間市>	<http://wikidata.dbpedia.org/resource/Q696925>
<http://ja.dbpedia.org/resource/埼玉県>	"埼玉県"@ja	<http://dbpedia.org/ontology/AdministrativeRegion>	<http://ja.dbpedia.org/property/隣接自治体>	"隣接自治体"@ja	<http://ja.wikipedia.org/wiki/埼玉県>	<http://wikidata.dbpedia.org/resource/Q128186>
<http://ja.dbpedia.org/resource/埼玉県>	"埼玉県"@ja	<http://dbpedia.org/ontology/Place>	<http://ja.dbpedia.org/property/隣接自治体>	"隣接自治体"@ja	<http://ja.wikipedia.org/wiki/埼玉県>	<http://wikidata.dbpedia.org/resource/Q128186>
<http://ja.dbpedia.org/resource/埼玉県>	"埼玉県"@ja	<http://dbpedia.org/ontology/Location>	<http://ja.dbpedia.org/property/隣接自治体>	"隣接自治体"@ja	<http://ja.wikipedia.org/wiki/埼玉県>	<http://wikidata.dbpedia.org/resource/Q128186>
<http://ja.dbpedia.org/resource/埼玉県>	"埼玉県"@ja	<http://dbpedia.org/ontology/PopulatedPlace>	<http://ja.dbpedia.org/property/隣接自治体>	"隣接自治体"@ja	<http://ja.wikipedia.org/wiki/埼玉県>	<http://wikidata.dbpedia.org/resource/Q128186>
<http://ja.dbpedia.org/resource/埼玉県>	"埼玉県"@ja	<http://dbpedia.org/ontology/Region>	<http://ja.dbpedia.org/property/隣接自治体>	"隣接自治体"@ja	<http://ja.wikipedia.org/wiki/埼玉県>	<http://wikidata.dbpedia.org/resource/Q128186>
<http://ja.dbpedia.org/resource/武蔵御嶽神社>	"武蔵御嶽神社"@ja	<http://dbpedia.org/ontology/ReligiousBuilding>	<http://ja.dbpedia.org/property/画像の説明>	"画像の説明"@ja	<http://ja.wikipedia.org/wiki/武蔵御嶽神社>	<http://wikidata.dbpedia.org/resource/Q6587276>
<http://ja.dbpedia.org/resource/武蔵御嶽神社>	"武蔵御嶽神社"@ja	<http://dbpedia.org/ontology/Shrine>	<http://ja.dbpedia.org/property/画像の説明>	"画像の説明"@ja	<http://ja.wikipedia.org/wiki/武蔵御嶽神社>	<http://wikidata.dbpedia.org/resource/Q6587276>
<http://ja.dbpedia.org/resource/武蔵御嶽神社>	"武蔵御嶽神社"@ja	<http://dbpedia.org/ontology/ArchitecturalStructure>	<http://ja.dbpedia.org/property/画像の説明>	"画像の説明"@ja	<http://ja.wikipedia.org/wiki/武蔵御嶽神社>	<http://wikidata.dbpedia.org/resource/Q6587276>
<http://ja.dbpedia.org/resource/武蔵御嶽神社>	"武蔵御嶽神社"@ja	<http://dbpedia.org/ontology/Building>	<http://ja.dbpedia.org/property/画像の説明>	"画像の説明"@ja	<http://ja.wikipedia.org/wiki/武蔵御嶽神社>	<http://wikidata.dbpedia.org/resource/Q6587276>
<http://ja.dbpedia.org/resource/羽村市>	"羽村市"@ja	<http://dbpedia.org/ontology/Location>	<http://ja.dbpedia.org/property/southeast>	"Southeast"@ja	<http://ja.wikipedia.org/wiki/羽村市>	<http://wikidata.dbpedia.org/resource/Q270465>
<http://ja.dbpedia.org/resource/羽村市>	"羽村市"@ja	<http://dbpedia.org/ontology/Settlement>	<http://ja.dbpedia.org/property/southeast>	"Southeast"@ja	<http://ja.wikipedia.org/wiki/羽村市>	<http://wikidata.dbpedia.org/resource/Q270465>
<http://ja.dbpedia.org/resource/羽村市>	"羽村市"@ja	<http://dbpedia.org/ontology/Place>	<http://ja.dbpedia.org/property/southeast>	"Southeast"@ja	<http://ja.wikipedia.org/wiki/羽村市>	<http://wikidata.dbpedia.org/resource/Q270465>
<http://ja.dbpedia.org/resource/羽村市>	"羽村市"@ja	<http://dbpedia.org/ontology/City>	<http://ja.dbpedia.org/property/southeast>	"Southeast"@ja	<http://ja.wikipedia.org/wiki/羽村市>	<http://wikidata.dbpedia.org/resource/Q270465>
<http://ja.dbpedia.org/resource/羽村市>	"羽村市"@ja	<http://dbpedia.org/ontology/PopulatedPlace>	<http://ja.dbpedia.org/property/southeast>	"Southeast"@ja	<http://ja.wikipedia.org/wiki/羽村市>	<http://wikidata.dbpedia.org/resource/Q270465>
<http://ja.dbpedia.org/resource/飯能市>	"飯能市"@ja	<http://dbpedia.org/ontology/Settlement>	<http://ja.dbpedia.org/property/隣接自治体>	"隣接自治体"@ja	<http://ja.wikipedia.org/wiki/飯能市>	<http://wikidata.dbpedia.org/resource/Q850472>
<http://ja.dbpedia.org/resource/飯能市>	"飯能市"@ja	<http://dbpedia.org/ontology/Place>	<http://ja.dbpedia.org/property/隣接自治体>	"隣接自治体"@ja	<http://ja.wikipedia.org/wiki/飯能市>	<http://wikidata.dbpedia.org/resource/Q850472>
<http://ja.dbpedia.org/resource/飯能市>	"飯能市"@ja	<http://dbpedia.org/ontology/City>	<http://ja.dbpedia.org/property/隣接自治体>	"隣接自治体"@ja	<http://ja.wikipedia.org/wiki/飯能市>	<http://wikidata.dbpedia.org/resource/Q850472>
<http://ja.dbpedia.org/resource/飯能市>	"飯能市"@ja	<http://dbpedia.org/ontology/PopulatedPlace>	<http://ja.dbpedia.org/property/隣接自治体>	"隣接自治体"@ja	<http://ja.wikipedia.org/wiki/飯能市>	<http://wikidata.dbpedia.org/resource/Q850472>
<http://ja.dbpedia.org/resource/飯能市>	"飯能市"@ja	<http://dbpedia.org/ontology/Location>	<http://ja.dbpedia.org/property/隣接自治体>	"隣接自治体"@ja	<http://ja.wikipedia.org/wiki/飯能市>	<http://wikidata.dbpedia.org/resource/Q850472>
