?s	?sLabel	?type	?p	?pLabel	?jwiki	?wd
<http://ja.dbpedia.org/resource/アサガオ>	"アサガオ"@ja	<http://dbpedia.org/ontology/Species>	<http://ja.dbpedia.org/property/花>	"花"@ja	<http://ja.wikipedia.org/wiki/アサガオ>	<http://wikidata.dbpedia.org/resource/Q162117>
<http://ja.dbpedia.org/resource/オオアラセイトウ>	"オオアラセイトウ"@ja	<http://dbpedia.org/ontology/Species>	<http://ja.dbpedia.org/property/花>	"花"@ja	<http://ja.wikipedia.org/wiki/オオアラセイトウ>	<http://wikidata.dbpedia.org/resource/Q3656216>
<http://ja.dbpedia.org/resource/キク>	"キク"@ja	<http://dbpedia.org/ontology/Species>	<http://ja.dbpedia.org/property/花>	"花"@ja	<http://ja.wikipedia.org/wiki/キク>	<http://wikidata.dbpedia.org/resource/Q15530181>
<http://ja.dbpedia.org/resource/ケヤキ>	"ケヤキ"@ja	<http://dbpedia.org/ontology/Species>	<http://ja.dbpedia.org/property/木>	"木"@ja	<http://ja.wikipedia.org/wiki/ケヤキ>	<http://wikidata.dbpedia.org/resource/Q920344>
<http://ja.dbpedia.org/resource/コブシ>	"コブシ"@ja	<http://dbpedia.org/ontology/Species>	<http://ja.dbpedia.org/property/木>	"木"@ja	<http://ja.wikipedia.org/wiki/コブシ>	<http://wikidata.dbpedia.org/resource/Q942409>
<http://ja.dbpedia.org/resource/ジンチョウゲ>	"ジンチョウゲ"@ja	<http://dbpedia.org/ontology/Eukaryote>	<http://ja.dbpedia.org/property/花>	"花"@ja	<http://ja.wikipedia.org/wiki/ジンチョウゲ>	<http://wikidata.dbpedia.org/resource/Q1156295>
<http://ja.dbpedia.org/resource/ジンチョウゲ>	"ジンチョウゲ"@ja	<http://dbpedia.org/ontology/FloweringPlant>	<http://ja.dbpedia.org/property/花>	"花"@ja	<http://ja.wikipedia.org/wiki/ジンチョウゲ>	<http://wikidata.dbpedia.org/resource/Q1156295>
<http://ja.dbpedia.org/resource/ジンチョウゲ>	"ジンチョウゲ"@ja	<http://dbpedia.org/ontology/Species>	<http://ja.dbpedia.org/property/花>	"花"@ja	<http://ja.wikipedia.org/wiki/ジンチョウゲ>	<http://wikidata.dbpedia.org/resource/Q1156295>
<http://ja.dbpedia.org/resource/ジンチョウゲ>	"ジンチョウゲ"@ja	<http://dbpedia.org/ontology/Plant>	<http://ja.dbpedia.org/property/花>	"花"@ja	<http://ja.wikipedia.org/wiki/ジンチョウゲ>	<http://wikidata.dbpedia.org/resource/Q1156295>
<http://ja.dbpedia.org/resource/スイセン属>	"スイセン属"@ja	<http://dbpedia.org/ontology/Species>	<http://ja.dbpedia.org/property/花>	"花"@ja	<http://ja.wikipedia.org/wiki/スイセン属>	<http://wikidata.dbpedia.org/resource/Q29465>
<http://ja.dbpedia.org/resource/ツツジ>	"ツツジ"@ja	<http://dbpedia.org/ontology/Species>	<http://ja.dbpedia.org/property/花>	"花"@ja	<http://ja.wikipedia.org/wiki/ツツジ>	<http://wikidata.dbpedia.org/resource/Q189393>
<http://ja.dbpedia.org/resource/ハギ>	"ハギ"@ja	<http://dbpedia.org/ontology/Species>	<http://ja.dbpedia.org/property/花>	"花"@ja	<http://ja.wikipedia.org/wiki/ハギ>	<http://wikidata.dbpedia.org/resource/Q99542755>
<http://ja.dbpedia.org/resource/ハナミズキ>	"ハナミズキ"@ja	<http://dbpedia.org/ontology/Species>	<http://ja.dbpedia.org/property/木>	"木"@ja	<http://ja.wikipedia.org/wiki/ハナミズキ>	<http://wikidata.dbpedia.org/resource/Q887221>
<http://ja.dbpedia.org/resource/フヨウ>	"フヨウ"@ja	<http://dbpedia.org/ontology/Species>	<http://ja.dbpedia.org/property/花>	"花"@ja	<http://ja.wikipedia.org/wiki/フヨウ>	<http://wikidata.dbpedia.org/resource/Q266983>
<http://ja.dbpedia.org/resource/ムラサキ>	"ムラサキ"@ja	<http://dbpedia.org/ontology/Species>	<http://ja.dbpedia.org/property/花>	"花"@ja	<http://ja.wikipedia.org/wiki/ムラサキ>	<http://wikidata.dbpedia.org/resource/Q15592453>
<http://ja.dbpedia.org/resource/ムラサキ>	"ムラサキ"@ja	<http://dbpedia.org/ontology/Plant>	<http://ja.dbpedia.org/property/花>	"花"@ja	<http://ja.wikipedia.org/wiki/ムラサキ>	<http://wikidata.dbpedia.org/resource/Q15592453>
<http://ja.dbpedia.org/resource/ムラサキ>	"ムラサキ"@ja	<http://dbpedia.org/ontology/Eukaryote>	<http://ja.dbpedia.org/property/花>	"花"@ja	<http://ja.wikipedia.org/wiki/ムラサキ>	<http://wikidata.dbpedia.org/resource/Q15592453>
<http://ja.dbpedia.org/resource/ムラサキ>	"ムラサキ"@ja	<http://dbpedia.org/ontology/FloweringPlant>	<http://ja.dbpedia.org/property/花>	"花"@ja	<http://ja.wikipedia.org/wiki/ムラサキ>	<http://wikidata.dbpedia.org/resource/Q15592453>
<http://ja.dbpedia.org/resource/三鷹市>	"三鷹市"@ja	<http://dbpedia.org/ontology/PopulatedPlace>	<http://ja.dbpedia.org/property/隣接自治体>	"隣接自治体"@ja	<http://ja.wikipedia.org/wiki/三鷹市>	<http://wikidata.dbpedia.org/resource/Q242885>
<http://ja.dbpedia.org/resource/三鷹市>	"三鷹市"@ja	<http://dbpedia.org/ontology/City>	<http://ja.dbpedia.org/property/south>	"South"@ja	<http://ja.wikipedia.org/wiki/三鷹市>	<http://wikidata.dbpedia.org/resource/Q242885>
<http://ja.dbpedia.org/resource/三鷹市>	"三鷹市"@ja	<http://dbpedia.org/ontology/Place>	<http://ja.dbpedia.org/property/south>	"South"@ja	<http://ja.wikipedia.org/wiki/三鷹市>	<http://wikidata.dbpedia.org/resource/Q242885>
<http://ja.dbpedia.org/resource/三鷹市>	"三鷹市"@ja	<http://dbpedia.org/ontology/Settlement>	<http://ja.dbpedia.org/property/隣接自治体>	"隣接自治体"@ja	<http://ja.wikipedia.org/wiki/三鷹市>	<http://wikidata.dbpedia.org/resource/Q242885>
<http://ja.dbpedia.org/resource/三鷹市>	"三鷹市"@ja	<http://dbpedia.org/ontology/Location>	<http://ja.dbpedia.org/property/隣接自治体>	"隣接自治体"@ja	<http://ja.wikipedia.org/wiki/三鷹市>	<http://wikidata.dbpedia.org/resource/Q242885>
<http://ja.dbpedia.org/resource/三鷹市>	"三鷹市"@ja	<http://dbpedia.org/ontology/Location>	<http://ja.dbpedia.org/property/south>	"South"@ja	<http://ja.wikipedia.org/wiki/三鷹市>	<http://wikidata.dbpedia.org/resource/Q242885>
<http://ja.dbpedia.org/resource/三鷹市>	"三鷹市"@ja	<http://dbpedia.org/ontology/Place>	<http://ja.dbpedia.org/property/隣接自治体>	"隣接自治体"@ja	<http://ja.wikipedia.org/wiki/三鷹市>	<http://wikidata.dbpedia.org/resource/Q242885>
<http://ja.dbpedia.org/resource/三鷹市>	"三鷹市"@ja	<http://dbpedia.org/ontology/PopulatedPlace>	<http://ja.dbpedia.org/property/south>	"South"@ja	<http://ja.wikipedia.org/wiki/三鷹市>	<http://wikidata.dbpedia.org/resource/Q242885>
<http://ja.dbpedia.org/resource/三鷹市>	"三鷹市"@ja	<http://dbpedia.org/ontology/City>	<http://ja.dbpedia.org/property/隣接自治体>	"隣接自治体"@ja	<http://ja.wikipedia.org/wiki/三鷹市>	<http://wikidata.dbpedia.org/resource/Q242885>
<http://ja.dbpedia.org/resource/三鷹市>	"三鷹市"@ja	<http://dbpedia.org/ontology/Settlement>	<http://ja.dbpedia.org/property/south>	"South"@ja	<http://ja.wikipedia.org/wiki/三鷹市>	<http://wikidata.dbpedia.org/resource/Q242885>
<http://ja.dbpedia.org/resource/井の頭自然文化園>	"井の頭自然文化園"@ja	<http://dbpedia.org/ontology/Zoo>	<http://ja.dbpedia.org/property/画像の説明>	"画像の説明"@ja	<http://ja.wikipedia.org/wiki/井の頭自然文化園>	<http://wikidata.dbpedia.org/resource/Q10860225>
<http://ja.dbpedia.org/resource/井の頭自然文化園>	"井の頭自然文化園"@ja	<http://dbpedia.org/ontology/ArchitecturalStructure>	<http://ja.dbpedia.org/property/画像の説明>	"画像の説明"@ja	<http://ja.wikipedia.org/wiki/井の頭自然文化園>	<http://wikidata.dbpedia.org/resource/Q10860225>
<http://ja.dbpedia.org/resource/小金井市>	"小金井市"@ja	<http://dbpedia.org/ontology/Settlement>	<http://ja.dbpedia.org/property/west>	"West"@ja	<http://ja.wikipedia.org/wiki/小金井市>	<http://wikidata.dbpedia.org/resource/Q242874>
<http://ja.dbpedia.org/resource/小金井市>	"小金井市"@ja	<http://dbpedia.org/ontology/City>	<http://ja.dbpedia.org/property/隣接自治体>	"隣接自治体"@ja	<http://ja.wikipedia.org/wiki/小金井市>	<http://wikidata.dbpedia.org/resource/Q242874>
<http://ja.dbpedia.org/resource/小金井市>	"小金井市"@ja	<http://dbpedia.org/ontology/Location>	<http://ja.dbpedia.org/property/west>	"West"@ja	<http://ja.wikipedia.org/wiki/小金井市>	<http://wikidata.dbpedia.org/resource/Q242874>
<http://ja.dbpedia.org/resource/小金井市>	"小金井市"@ja	<http://dbpedia.org/ontology/Place>	<http://ja.dbpedia.org/property/隣接自治体>	"隣接自治体"@ja	<http://ja.wikipedia.org/wiki/小金井市>	<http://wikidata.dbpedia.org/resource/Q242874>
<http://ja.dbpedia.org/resource/小金井市>	"小金井市"@ja	<http://dbpedia.org/ontology/PopulatedPlace>	<http://ja.dbpedia.org/property/west>	"West"@ja	<http://ja.wikipedia.org/wiki/小金井市>	<http://wikidata.dbpedia.org/resource/Q242874>
<http://ja.dbpedia.org/resource/小金井市>	"小金井市"@ja	<http://dbpedia.org/ontology/Settlement>	<http://ja.dbpedia.org/property/隣接自治体>	"隣接自治体"@ja	<http://ja.wikipedia.org/wiki/小金井市>	<http://wikidata.dbpedia.org/resource/Q242874>
<http://ja.dbpedia.org/resource/小金井市>	"小金井市"@ja	<http://dbpedia.org/ontology/City>	<http://ja.dbpedia.org/property/west>	"West"@ja	<http://ja.wikipedia.org/wiki/小金井市>	<http://wikidata.dbpedia.org/resource/Q242874>
<http://ja.dbpedia.org/resource/小金井市>	"小金井市"@ja	<http://dbpedia.org/ontology/PopulatedPlace>	<http://ja.dbpedia.org/property/隣接自治体>	"隣接自治体"@ja	<http://ja.wikipedia.org/wiki/小金井市>	<http://wikidata.dbpedia.org/resource/Q242874>
<http://ja.dbpedia.org/resource/小金井市>	"小金井市"@ja	<http://dbpedia.org/ontology/Place>	<http://ja.dbpedia.org/property/west>	"West"@ja	<http://ja.wikipedia.org/wiki/小金井市>	<http://wikidata.dbpedia.org/resource/Q242874>
<http://ja.dbpedia.org/resource/小金井市>	"小金井市"@ja	<http://dbpedia.org/ontology/Location>	<http://ja.dbpedia.org/property/隣接自治体>	"隣接自治体"@ja	<http://ja.wikipedia.org/wiki/小金井市>	<http://wikidata.dbpedia.org/resource/Q242874>
<http://ja.dbpedia.org/resource/西東京市>	"西東京市"@ja	<http://dbpedia.org/ontology/City>	<http://ja.dbpedia.org/property/north>	"North"@ja	<http://ja.wikipedia.org/wiki/西東京市>	<http://wikidata.dbpedia.org/resource/Q242882>
<http://ja.dbpedia.org/resource/西東京市>	"西東京市"@ja	<http://dbpedia.org/ontology/PopulatedPlace>	<http://ja.dbpedia.org/property/隣接自治体>	"隣接自治体"@ja	<http://ja.wikipedia.org/wiki/西東京市>	<http://wikidata.dbpedia.org/resource/Q242882>
<http://ja.dbpedia.org/resource/西東京市>	"西東京市"@ja	<http://dbpedia.org/ontology/Place>	<http://ja.dbpedia.org/property/north>	"North"@ja	<http://ja.wikipedia.org/wiki/西東京市>	<http://wikidata.dbpedia.org/resource/Q242882>
<http://ja.dbpedia.org/resource/西東京市>	"西東京市"@ja	<http://dbpedia.org/ontology/Settlement>	<http://ja.dbpedia.org/property/隣接自治体>	"隣接自治体"@ja	<http://ja.wikipedia.org/wiki/西東京市>	<http://wikidata.dbpedia.org/resource/Q242882>
<http://ja.dbpedia.org/resource/西東京市>	"西東京市"@ja	<http://dbpedia.org/ontology/Location>	<http://ja.dbpedia.org/property/隣接自治体>	"隣接自治体"@ja	<http://ja.wikipedia.org/wiki/西東京市>	<http://wikidata.dbpedia.org/resource/Q242882>
<http://ja.dbpedia.org/resource/西東京市>	"西東京市"@ja	<http://dbpedia.org/ontology/Location>	<http://ja.dbpedia.org/property/north>	"North"@ja	<http://ja.wikipedia.org/wiki/西東京市>	<http://wikidata.dbpedia.org/resource/Q242882>
<http://ja.dbpedia.org/resource/西東京市>	"西東京市"@ja	<http://dbpedia.org/ontology/Place>	<http://ja.dbpedia.org/property/隣接自治体>	"隣接自治体"@ja	<http://ja.wikipedia.org/wiki/西東京市>	<http://wikidata.dbpedia.org/resource/Q242882>
<http://ja.dbpedia.org/resource/西東京市>	"西東京市"@ja	<http://dbpedia.org/ontology/PopulatedPlace>	<http://ja.dbpedia.org/property/north>	"North"@ja	<http://ja.wikipedia.org/wiki/西東京市>	<http://wikidata.dbpedia.org/resource/Q242882>
<http://ja.dbpedia.org/resource/西東京市>	"西東京市"@ja	<http://dbpedia.org/ontology/City>	<http://ja.dbpedia.org/property/隣接自治体>	"隣接自治体"@ja	<http://ja.wikipedia.org/wiki/西東京市>	<http://wikidata.dbpedia.org/resource/Q242882>
<http://ja.dbpedia.org/resource/西東京市>	"西東京市"@ja	<http://dbpedia.org/ontology/Settlement>	<http://ja.dbpedia.org/property/north>	"North"@ja	<http://ja.wikipedia.org/wiki/西東京市>	<http://wikidata.dbpedia.org/resource/Q242882>
