?s	?sLabel	?type	?p	?pLabel	?jwiki	?wd
<http://ja.dbpedia.org/resource/イチョウ>	"イチョウ"@ja	<http://dbpedia.org/ontology/Species>	<http://ja.dbpedia.org/property/木>	"木"@ja	<http://ja.wikipedia.org/wiki/イチョウ>	<http://wikidata.dbpedia.org/resource/Q43284>
<http://ja.dbpedia.org/resource/ウメ>	"ウメ"@ja	<http://dbpedia.org/ontology/Eukaryote>	<http://ja.dbpedia.org/property/花>	"花"@ja	<http://ja.wikipedia.org/wiki/ウメ>	<http://wikidata.dbpedia.org/resource/Q157763>
<http://ja.dbpedia.org/resource/ウメ>	"ウメ"@ja	<http://dbpedia.org/ontology/FloweringPlant>	<http://ja.dbpedia.org/property/花>	"花"@ja	<http://ja.wikipedia.org/wiki/ウメ>	<http://wikidata.dbpedia.org/resource/Q157763>
<http://ja.dbpedia.org/resource/ウメ>	"ウメ"@ja	<http://dbpedia.org/ontology/Plant>	<http://ja.dbpedia.org/property/花>	"花"@ja	<http://ja.wikipedia.org/wiki/ウメ>	<http://wikidata.dbpedia.org/resource/Q157763>
<http://ja.dbpedia.org/resource/ウメ>	"ウメ"@ja	<http://dbpedia.org/ontology/Species>	<http://ja.dbpedia.org/property/花>	"花"@ja	<http://ja.wikipedia.org/wiki/ウメ>	<http://wikidata.dbpedia.org/resource/Q157763>
<http://ja.dbpedia.org/resource/シジュウカラ>	"シジュウカラ"@ja	<http://dbpedia.org/ontology/Species>	<http://ja.dbpedia.org/property/鳥など>	"鳥など"@ja	<http://ja.wikipedia.org/wiki/シジュウカラ>	<http://wikidata.dbpedia.org/resource/Q177798>
<http://ja.dbpedia.org/resource/国分寺市>	"国分寺市"@ja	<http://dbpedia.org/ontology/PopulatedPlace>	<http://ja.dbpedia.org/property/隣接自治体>	"隣接自治体"@ja	<http://ja.wikipedia.org/wiki/国分寺市>	<http://wikidata.dbpedia.org/resource/Q317834>
<http://ja.dbpedia.org/resource/国分寺市>	"国分寺市"@ja	<http://dbpedia.org/ontology/City>	<http://ja.dbpedia.org/property/northeast>	"Northeast"@ja	<http://ja.wikipedia.org/wiki/国分寺市>	<http://wikidata.dbpedia.org/resource/Q317834>
<http://ja.dbpedia.org/resource/国分寺市>	"国分寺市"@ja	<http://dbpedia.org/ontology/Settlement>	<http://ja.dbpedia.org/property/隣接自治体>	"隣接自治体"@ja	<http://ja.wikipedia.org/wiki/国分寺市>	<http://wikidata.dbpedia.org/resource/Q317834>
<http://ja.dbpedia.org/resource/国分寺市>	"国分寺市"@ja	<http://dbpedia.org/ontology/Place>	<http://ja.dbpedia.org/property/northeast>	"Northeast"@ja	<http://ja.wikipedia.org/wiki/国分寺市>	<http://wikidata.dbpedia.org/resource/Q317834>
<http://ja.dbpedia.org/resource/国分寺市>	"国分寺市"@ja	<http://dbpedia.org/ontology/Location>	<http://ja.dbpedia.org/property/隣接自治体>	"隣接自治体"@ja	<http://ja.wikipedia.org/wiki/国分寺市>	<http://wikidata.dbpedia.org/resource/Q317834>
<http://ja.dbpedia.org/resource/国分寺市>	"国分寺市"@ja	<http://dbpedia.org/ontology/Location>	<http://ja.dbpedia.org/property/northeast>	"Northeast"@ja	<http://ja.wikipedia.org/wiki/国分寺市>	<http://wikidata.dbpedia.org/resource/Q317834>
<http://ja.dbpedia.org/resource/国分寺市>	"国分寺市"@ja	<http://dbpedia.org/ontology/Place>	<http://ja.dbpedia.org/property/隣接自治体>	"隣接自治体"@ja	<http://ja.wikipedia.org/wiki/国分寺市>	<http://wikidata.dbpedia.org/resource/Q317834>
<http://ja.dbpedia.org/resource/国分寺市>	"国分寺市"@ja	<http://dbpedia.org/ontology/PopulatedPlace>	<http://ja.dbpedia.org/property/northeast>	"Northeast"@ja	<http://ja.wikipedia.org/wiki/国分寺市>	<http://wikidata.dbpedia.org/resource/Q317834>
<http://ja.dbpedia.org/resource/国分寺市>	"国分寺市"@ja	<http://dbpedia.org/ontology/City>	<http://ja.dbpedia.org/property/隣接自治体>	"隣接自治体"@ja	<http://ja.wikipedia.org/wiki/国分寺市>	<http://wikidata.dbpedia.org/resource/Q317834>
<http://ja.dbpedia.org/resource/国分寺市>	"国分寺市"@ja	<http://dbpedia.org/ontology/Settlement>	<http://ja.dbpedia.org/property/northeast>	"Northeast"@ja	<http://ja.wikipedia.org/wiki/国分寺市>	<http://wikidata.dbpedia.org/resource/Q317834>
<http://ja.dbpedia.org/resource/府中市_(東京都)>	"府中市 (東京都)"@ja	<http://dbpedia.org/ontology/City>	<http://ja.dbpedia.org/property/隣接自治体>	"隣接自治体"@ja	<http://ja.wikipedia.org/wiki/府中市_(東京都)>	<http://wikidata.dbpedia.org/resource/Q208818>
<http://ja.dbpedia.org/resource/府中市_(東京都)>	"府中市 (東京都)"@ja	<http://dbpedia.org/ontology/PopulatedPlace>	<http://ja.dbpedia.org/property/southeast>	"Southeast"@ja	<http://ja.wikipedia.org/wiki/府中市_(東京都)>	<http://wikidata.dbpedia.org/resource/Q208818>
<http://ja.dbpedia.org/resource/府中市_(東京都)>	"府中市 (東京都)"@ja	<http://dbpedia.org/ontology/Settlement>	<http://ja.dbpedia.org/property/southeast>	"Southeast"@ja	<http://ja.wikipedia.org/wiki/府中市_(東京都)>	<http://wikidata.dbpedia.org/resource/Q208818>
<http://ja.dbpedia.org/resource/府中市_(東京都)>	"府中市 (東京都)"@ja	<http://dbpedia.org/ontology/Place>	<http://ja.dbpedia.org/property/隣接自治体>	"隣接自治体"@ja	<http://ja.wikipedia.org/wiki/府中市_(東京都)>	<http://wikidata.dbpedia.org/resource/Q208818>
<http://ja.dbpedia.org/resource/府中市_(東京都)>	"府中市 (東京都)"@ja	<http://dbpedia.org/ontology/Location>	<http://ja.dbpedia.org/property/southeast>	"Southeast"@ja	<http://ja.wikipedia.org/wiki/府中市_(東京都)>	<http://wikidata.dbpedia.org/resource/Q208818>
<http://ja.dbpedia.org/resource/府中市_(東京都)>	"府中市 (東京都)"@ja	<http://dbpedia.org/ontology/Location>	<http://ja.dbpedia.org/property/隣接自治体>	"隣接自治体"@ja	<http://ja.wikipedia.org/wiki/府中市_(東京都)>	<http://wikidata.dbpedia.org/resource/Q208818>
<http://ja.dbpedia.org/resource/府中市_(東京都)>	"府中市 (東京都)"@ja	<http://dbpedia.org/ontology/Place>	<http://ja.dbpedia.org/property/southeast>	"Southeast"@ja	<http://ja.wikipedia.org/wiki/府中市_(東京都)>	<http://wikidata.dbpedia.org/resource/Q208818>
<http://ja.dbpedia.org/resource/府中市_(東京都)>	"府中市 (東京都)"@ja	<http://dbpedia.org/ontology/PopulatedPlace>	<http://ja.dbpedia.org/property/隣接自治体>	"隣接自治体"@ja	<http://ja.wikipedia.org/wiki/府中市_(東京都)>	<http://wikidata.dbpedia.org/resource/Q208818>
<http://ja.dbpedia.org/resource/府中市_(東京都)>	"府中市 (東京都)"@ja	<http://dbpedia.org/ontology/City>	<http://ja.dbpedia.org/property/southeast>	"Southeast"@ja	<http://ja.wikipedia.org/wiki/府中市_(東京都)>	<http://wikidata.dbpedia.org/resource/Q208818>
<http://ja.dbpedia.org/resource/府中市_(東京都)>	"府中市 (東京都)"@ja	<http://dbpedia.org/ontology/Settlement>	<http://ja.dbpedia.org/property/隣接自治体>	"隣接自治体"@ja	<http://ja.wikipedia.org/wiki/府中市_(東京都)>	<http://wikidata.dbpedia.org/resource/Q208818>
<http://ja.dbpedia.org/resource/日野市>	"日野市"@ja	<http://dbpedia.org/ontology/PopulatedPlace>	<http://ja.dbpedia.org/property/southwest>	"Southwest"@ja	<http://ja.wikipedia.org/wiki/日野市>	<http://wikidata.dbpedia.org/resource/Q236197>
<http://ja.dbpedia.org/resource/日野市>	"日野市"@ja	<http://dbpedia.org/ontology/Place>	<http://ja.dbpedia.org/property/隣接自治体>	"隣接自治体"@ja	<http://ja.wikipedia.org/wiki/日野市>	<http://wikidata.dbpedia.org/resource/Q236197>
<http://ja.dbpedia.org/resource/日野市>	"日野市"@ja	<http://dbpedia.org/ontology/City>	<http://ja.dbpedia.org/property/隣接自治体>	"隣接自治体"@ja	<http://ja.wikipedia.org/wiki/日野市>	<http://wikidata.dbpedia.org/resource/Q236197>
<http://ja.dbpedia.org/resource/日野市>	"日野市"@ja	<http://dbpedia.org/ontology/Location>	<http://ja.dbpedia.org/property/southwest>	"Southwest"@ja	<http://ja.wikipedia.org/wiki/日野市>	<http://wikidata.dbpedia.org/resource/Q236197>
<http://ja.dbpedia.org/resource/日野市>	"日野市"@ja	<http://dbpedia.org/ontology/Settlement>	<http://ja.dbpedia.org/property/southwest>	"Southwest"@ja	<http://ja.wikipedia.org/wiki/日野市>	<http://wikidata.dbpedia.org/resource/Q236197>
<http://ja.dbpedia.org/resource/日野市>	"日野市"@ja	<http://dbpedia.org/ontology/Settlement>	<http://ja.dbpedia.org/property/隣接自治体>	"隣接自治体"@ja	<http://ja.wikipedia.org/wiki/日野市>	<http://wikidata.dbpedia.org/resource/Q236197>
<http://ja.dbpedia.org/resource/日野市>	"日野市"@ja	<http://dbpedia.org/ontology/City>	<http://ja.dbpedia.org/property/southwest>	"Southwest"@ja	<http://ja.wikipedia.org/wiki/日野市>	<http://wikidata.dbpedia.org/resource/Q236197>
<http://ja.dbpedia.org/resource/日野市>	"日野市"@ja	<http://dbpedia.org/ontology/PopulatedPlace>	<http://ja.dbpedia.org/property/隣接自治体>	"隣接自治体"@ja	<http://ja.wikipedia.org/wiki/日野市>	<http://wikidata.dbpedia.org/resource/Q236197>
<http://ja.dbpedia.org/resource/日野市>	"日野市"@ja	<http://dbpedia.org/ontology/Place>	<http://ja.dbpedia.org/property/southwest>	"Southwest"@ja	<http://ja.wikipedia.org/wiki/日野市>	<http://wikidata.dbpedia.org/resource/Q236197>
<http://ja.dbpedia.org/resource/日野市>	"日野市"@ja	<http://dbpedia.org/ontology/Location>	<http://ja.dbpedia.org/property/隣接自治体>	"隣接自治体"@ja	<http://ja.wikipedia.org/wiki/日野市>	<http://wikidata.dbpedia.org/resource/Q236197>
<http://ja.dbpedia.org/resource/東京都道146号国立停車場谷保線>	"東京都道146号国立停車場谷保線"@ja	<http://dbpedia.org/ontology/ArchitecturalStructure>	<http://ja.dbpedia.org/property/画像の説明>	"画像の説明"@ja	<http://ja.wikipedia.org/wiki/東京都道146号国立停車場谷保線>	<http://wikidata.dbpedia.org/resource/Q11525708>
<http://ja.dbpedia.org/resource/東京都道146号国立停車場谷保線>	"東京都道146号国立停車場谷保線"@ja	<http://dbpedia.org/ontology/Road>	<http://ja.dbpedia.org/property/画像の説明>	"画像の説明"@ja	<http://ja.wikipedia.org/wiki/東京都道146号国立停車場谷保線>	<http://wikidata.dbpedia.org/resource/Q11525708>
<http://ja.dbpedia.org/resource/東京都道146号国立停車場谷保線>	"東京都道146号国立停車場谷保線"@ja	<http://dbpedia.org/ontology/RouteOfTransportation>	<http://ja.dbpedia.org/property/画像の説明>	"画像の説明"@ja	<http://ja.wikipedia.org/wiki/東京都道146号国立停車場谷保線>	<http://wikidata.dbpedia.org/resource/Q11525708>
<http://ja.dbpedia.org/resource/東京都道146号国立停車場谷保線>	"東京都道146号国立停車場谷保線"@ja	<http://dbpedia.org/ontology/Infrastructure>	<http://ja.dbpedia.org/property/画像の説明>	"画像の説明"@ja	<http://ja.wikipedia.org/wiki/東京都道146号国立停車場谷保線>	<http://wikidata.dbpedia.org/resource/Q11525708>
<http://ja.dbpedia.org/resource/立川市>	"立川市"@ja	<http://dbpedia.org/ontology/City>	<http://ja.dbpedia.org/property/隣接自治体>	"隣接自治体"@ja	<http://ja.wikipedia.org/wiki/立川市>	<http://wikidata.dbpedia.org/resource/Q269634>
<http://ja.dbpedia.org/resource/立川市>	"立川市"@ja	<http://dbpedia.org/ontology/PopulatedPlace>	<http://ja.dbpedia.org/property/northwest>	"Northwest"@ja	<http://ja.wikipedia.org/wiki/立川市>	<http://wikidata.dbpedia.org/resource/Q269634>
<http://ja.dbpedia.org/resource/立川市>	"立川市"@ja	<http://dbpedia.org/ontology/Settlement>	<http://ja.dbpedia.org/property/northwest>	"Northwest"@ja	<http://ja.wikipedia.org/wiki/立川市>	<http://wikidata.dbpedia.org/resource/Q269634>
<http://ja.dbpedia.org/resource/立川市>	"立川市"@ja	<http://dbpedia.org/ontology/Place>	<http://ja.dbpedia.org/property/隣接自治体>	"隣接自治体"@ja	<http://ja.wikipedia.org/wiki/立川市>	<http://wikidata.dbpedia.org/resource/Q269634>
<http://ja.dbpedia.org/resource/立川市>	"立川市"@ja	<http://dbpedia.org/ontology/Location>	<http://ja.dbpedia.org/property/northwest>	"Northwest"@ja	<http://ja.wikipedia.org/wiki/立川市>	<http://wikidata.dbpedia.org/resource/Q269634>
<http://ja.dbpedia.org/resource/立川市>	"立川市"@ja	<http://dbpedia.org/ontology/Location>	<http://ja.dbpedia.org/property/隣接自治体>	"隣接自治体"@ja	<http://ja.wikipedia.org/wiki/立川市>	<http://wikidata.dbpedia.org/resource/Q269634>
<http://ja.dbpedia.org/resource/立川市>	"立川市"@ja	<http://dbpedia.org/ontology/Place>	<http://ja.dbpedia.org/property/northwest>	"Northwest"@ja	<http://ja.wikipedia.org/wiki/立川市>	<http://wikidata.dbpedia.org/resource/Q269634>
<http://ja.dbpedia.org/resource/立川市>	"立川市"@ja	<http://dbpedia.org/ontology/PopulatedPlace>	<http://ja.dbpedia.org/property/隣接自治体>	"隣接自治体"@ja	<http://ja.wikipedia.org/wiki/立川市>	<http://wikidata.dbpedia.org/resource/Q269634>
<http://ja.dbpedia.org/resource/立川市>	"立川市"@ja	<http://dbpedia.org/ontology/City>	<http://ja.dbpedia.org/property/northwest>	"Northwest"@ja	<http://ja.wikipedia.org/wiki/立川市>	<http://wikidata.dbpedia.org/resource/Q269634>
<http://ja.dbpedia.org/resource/立川市>	"立川市"@ja	<http://dbpedia.org/ontology/Settlement>	<http://ja.dbpedia.org/property/隣接自治体>	"隣接自治体"@ja	<http://ja.wikipedia.org/wiki/立川市>	<http://wikidata.dbpedia.org/resource/Q269634>
