?s	?sLabel	?type	?p	?pLabel	?jwiki	?wd
<http://ja.dbpedia.org/resource/ケヤキ>	"ケヤキ"@ja	<http://dbpedia.org/ontology/Species>	<http://ja.dbpedia.org/property/木>	"木"@ja	<http://ja.wikipedia.org/wiki/ケヤキ>	<http://wikidata.dbpedia.org/resource/Q920344>
<http://ja.dbpedia.org/resource/サクラ>	"サクラ"@ja	<http://dbpedia.org/ontology/Species>	<http://ja.dbpedia.org/property/花>	"花"@ja	<http://ja.wikipedia.org/wiki/サクラ>	<http://wikidata.dbpedia.org/resource/Q871991>
<http://ja.dbpedia.org/resource/三鷹市>	"三鷹市"@ja	<http://dbpedia.org/ontology/PopulatedPlace>	<http://ja.dbpedia.org/property/隣接自治体>	"隣接自治体"@ja	<http://ja.wikipedia.org/wiki/三鷹市>	<http://wikidata.dbpedia.org/resource/Q242885>
<http://ja.dbpedia.org/resource/三鷹市>	"三鷹市"@ja	<http://dbpedia.org/ontology/City>	<http://ja.dbpedia.org/property/east>	"East"@ja	<http://ja.wikipedia.org/wiki/三鷹市>	<http://wikidata.dbpedia.org/resource/Q242885>
<http://ja.dbpedia.org/resource/三鷹市>	"三鷹市"@ja	<http://dbpedia.org/ontology/Place>	<http://ja.dbpedia.org/property/east>	"East"@ja	<http://ja.wikipedia.org/wiki/三鷹市>	<http://wikidata.dbpedia.org/resource/Q242885>
<http://ja.dbpedia.org/resource/三鷹市>	"三鷹市"@ja	<http://dbpedia.org/ontology/Settlement>	<http://ja.dbpedia.org/property/隣接自治体>	"隣接自治体"@ja	<http://ja.wikipedia.org/wiki/三鷹市>	<http://wikidata.dbpedia.org/resource/Q242885>
<http://ja.dbpedia.org/resource/三鷹市>	"三鷹市"@ja	<http://dbpedia.org/ontology/Location>	<http://ja.dbpedia.org/property/隣接自治体>	"隣接自治体"@ja	<http://ja.wikipedia.org/wiki/三鷹市>	<http://wikidata.dbpedia.org/resource/Q242885>
<http://ja.dbpedia.org/resource/三鷹市>	"三鷹市"@ja	<http://dbpedia.org/ontology/Location>	<http://ja.dbpedia.org/property/east>	"East"@ja	<http://ja.wikipedia.org/wiki/三鷹市>	<http://wikidata.dbpedia.org/resource/Q242885>
<http://ja.dbpedia.org/resource/三鷹市>	"三鷹市"@ja	<http://dbpedia.org/ontology/Place>	<http://ja.dbpedia.org/property/隣接自治体>	"隣接自治体"@ja	<http://ja.wikipedia.org/wiki/三鷹市>	<http://wikidata.dbpedia.org/resource/Q242885>
<http://ja.dbpedia.org/resource/三鷹市>	"三鷹市"@ja	<http://dbpedia.org/ontology/PopulatedPlace>	<http://ja.dbpedia.org/property/east>	"East"@ja	<http://ja.wikipedia.org/wiki/三鷹市>	<http://wikidata.dbpedia.org/resource/Q242885>
<http://ja.dbpedia.org/resource/三鷹市>	"三鷹市"@ja	<http://dbpedia.org/ontology/City>	<http://ja.dbpedia.org/property/隣接自治体>	"隣接自治体"@ja	<http://ja.wikipedia.org/wiki/三鷹市>	<http://wikidata.dbpedia.org/resource/Q242885>
<http://ja.dbpedia.org/resource/三鷹市>	"三鷹市"@ja	<http://dbpedia.org/ontology/Settlement>	<http://ja.dbpedia.org/property/east>	"East"@ja	<http://ja.wikipedia.org/wiki/三鷹市>	<http://wikidata.dbpedia.org/resource/Q242885>
<http://ja.dbpedia.org/resource/国分寺市>	"国分寺市"@ja	<http://dbpedia.org/ontology/City>	<http://ja.dbpedia.org/property/west>	"West"@ja	<http://ja.wikipedia.org/wiki/国分寺市>	<http://wikidata.dbpedia.org/resource/Q317834>
<http://ja.dbpedia.org/resource/国分寺市>	"国分寺市"@ja	<http://dbpedia.org/ontology/PopulatedPlace>	<http://ja.dbpedia.org/property/隣接自治体>	"隣接自治体"@ja	<http://ja.wikipedia.org/wiki/国分寺市>	<http://wikidata.dbpedia.org/resource/Q317834>
<http://ja.dbpedia.org/resource/国分寺市>	"国分寺市"@ja	<http://dbpedia.org/ontology/Settlement>	<http://ja.dbpedia.org/property/隣接自治体>	"隣接自治体"@ja	<http://ja.wikipedia.org/wiki/国分寺市>	<http://wikidata.dbpedia.org/resource/Q317834>
<http://ja.dbpedia.org/resource/国分寺市>	"国分寺市"@ja	<http://dbpedia.org/ontology/Place>	<http://ja.dbpedia.org/property/west>	"West"@ja	<http://ja.wikipedia.org/wiki/国分寺市>	<http://wikidata.dbpedia.org/resource/Q317834>
<http://ja.dbpedia.org/resource/国分寺市>	"国分寺市"@ja	<http://dbpedia.org/ontology/Location>	<http://ja.dbpedia.org/property/隣接自治体>	"隣接自治体"@ja	<http://ja.wikipedia.org/wiki/国分寺市>	<http://wikidata.dbpedia.org/resource/Q317834>
<http://ja.dbpedia.org/resource/国分寺市>	"国分寺市"@ja	<http://dbpedia.org/ontology/Location>	<http://ja.dbpedia.org/property/west>	"West"@ja	<http://ja.wikipedia.org/wiki/国分寺市>	<http://wikidata.dbpedia.org/resource/Q317834>
<http://ja.dbpedia.org/resource/国分寺市>	"国分寺市"@ja	<http://dbpedia.org/ontology/Place>	<http://ja.dbpedia.org/property/隣接自治体>	"隣接自治体"@ja	<http://ja.wikipedia.org/wiki/国分寺市>	<http://wikidata.dbpedia.org/resource/Q317834>
<http://ja.dbpedia.org/resource/国分寺市>	"国分寺市"@ja	<http://dbpedia.org/ontology/PopulatedPlace>	<http://ja.dbpedia.org/property/west>	"West"@ja	<http://ja.wikipedia.org/wiki/国分寺市>	<http://wikidata.dbpedia.org/resource/Q317834>
<http://ja.dbpedia.org/resource/国分寺市>	"国分寺市"@ja	<http://dbpedia.org/ontology/City>	<http://ja.dbpedia.org/property/隣接自治体>	"隣接自治体"@ja	<http://ja.wikipedia.org/wiki/国分寺市>	<http://wikidata.dbpedia.org/resource/Q317834>
<http://ja.dbpedia.org/resource/国分寺市>	"国分寺市"@ja	<http://dbpedia.org/ontology/Settlement>	<http://ja.dbpedia.org/property/west>	"West"@ja	<http://ja.wikipedia.org/wiki/国分寺市>	<http://wikidata.dbpedia.org/resource/Q317834>
<http://ja.dbpedia.org/resource/小平市>	"小平市"@ja	<http://dbpedia.org/ontology/Location>	<http://ja.dbpedia.org/property/隣接自治体>	"隣接自治体"@ja	<http://ja.wikipedia.org/wiki/小平市>	<http://wikidata.dbpedia.org/resource/Q213278>
<http://ja.dbpedia.org/resource/小平市>	"小平市"@ja	<http://dbpedia.org/ontology/Place>	<http://ja.dbpedia.org/property/northwest>	"Northwest"@ja	<http://ja.wikipedia.org/wiki/小平市>	<http://wikidata.dbpedia.org/resource/Q213278>
<http://ja.dbpedia.org/resource/小平市>	"小平市"@ja	<http://dbpedia.org/ontology/PopulatedPlace>	<http://ja.dbpedia.org/property/隣接自治体>	"隣接自治体"@ja	<http://ja.wikipedia.org/wiki/小平市>	<http://wikidata.dbpedia.org/resource/Q213278>
<http://ja.dbpedia.org/resource/小平市>	"小平市"@ja	<http://dbpedia.org/ontology/City>	<http://ja.dbpedia.org/property/northwest>	"Northwest"@ja	<http://ja.wikipedia.org/wiki/小平市>	<http://wikidata.dbpedia.org/resource/Q213278>
<http://ja.dbpedia.org/resource/小平市>	"小平市"@ja	<http://dbpedia.org/ontology/Settlement>	<http://ja.dbpedia.org/property/隣接自治体>	"隣接自治体"@ja	<http://ja.wikipedia.org/wiki/小平市>	<http://wikidata.dbpedia.org/resource/Q213278>
<http://ja.dbpedia.org/resource/小平市>	"小平市"@ja	<http://dbpedia.org/ontology/PopulatedPlace>	<http://ja.dbpedia.org/property/northwest>	"Northwest"@ja	<http://ja.wikipedia.org/wiki/小平市>	<http://wikidata.dbpedia.org/resource/Q213278>
<http://ja.dbpedia.org/resource/小平市>	"小平市"@ja	<http://dbpedia.org/ontology/Place>	<http://ja.dbpedia.org/property/隣接自治体>	"隣接自治体"@ja	<http://ja.wikipedia.org/wiki/小平市>	<http://wikidata.dbpedia.org/resource/Q213278>
<http://ja.dbpedia.org/resource/小平市>	"小平市"@ja	<http://dbpedia.org/ontology/Location>	<http://ja.dbpedia.org/property/northwest>	"Northwest"@ja	<http://ja.wikipedia.org/wiki/小平市>	<http://wikidata.dbpedia.org/resource/Q213278>
<http://ja.dbpedia.org/resource/小平市>	"小平市"@ja	<http://dbpedia.org/ontology/City>	<http://ja.dbpedia.org/property/隣接自治体>	"隣接自治体"@ja	<http://ja.wikipedia.org/wiki/小平市>	<http://wikidata.dbpedia.org/resource/Q213278>
<http://ja.dbpedia.org/resource/小平市>	"小平市"@ja	<http://dbpedia.org/ontology/Settlement>	<http://ja.dbpedia.org/property/northwest>	"Northwest"@ja	<http://ja.wikipedia.org/wiki/小平市>	<http://wikidata.dbpedia.org/resource/Q213278>
<http://ja.dbpedia.org/resource/小金井公園>	"小金井公園"@ja	<http://dbpedia.org/ontology/Park>	<http://ja.dbpedia.org/property/画像の説明>	"画像の説明"@ja	<http://ja.wikipedia.org/wiki/小金井公園>	<http://wikidata.dbpedia.org/resource/Q2856049>
<http://ja.dbpedia.org/resource/小金井公園>	"小金井公園"@ja	<http://dbpedia.org/ontology/Location>	<http://ja.dbpedia.org/property/画像の説明>	"画像の説明"@ja	<http://ja.wikipedia.org/wiki/小金井公園>	<http://wikidata.dbpedia.org/resource/Q2856049>
<http://ja.dbpedia.org/resource/小金井公園>	"小金井公園"@ja	<http://dbpedia.org/ontology/Place>	<http://ja.dbpedia.org/property/画像の説明>	"画像の説明"@ja	<http://ja.wikipedia.org/wiki/小金井公園>	<http://wikidata.dbpedia.org/resource/Q2856049>
<http://ja.dbpedia.org/resource/府中市_(東京都)>	"府中市 (東京都)"@ja	<http://dbpedia.org/ontology/PopulatedPlace>	<http://ja.dbpedia.org/property/隣接自治体>	"隣接自治体"@ja	<http://ja.wikipedia.org/wiki/府中市_(東京都)>	<http://wikidata.dbpedia.org/resource/Q208818>
<http://ja.dbpedia.org/resource/府中市_(東京都)>	"府中市 (東京都)"@ja	<http://dbpedia.org/ontology/Place>	<http://ja.dbpedia.org/property/south>	"South"@ja	<http://ja.wikipedia.org/wiki/府中市_(東京都)>	<http://wikidata.dbpedia.org/resource/Q208818>
<http://ja.dbpedia.org/resource/府中市_(東京都)>	"府中市 (東京都)"@ja	<http://dbpedia.org/ontology/City>	<http://ja.dbpedia.org/property/south>	"South"@ja	<http://ja.wikipedia.org/wiki/府中市_(東京都)>	<http://wikidata.dbpedia.org/resource/Q208818>
<http://ja.dbpedia.org/resource/府中市_(東京都)>	"府中市 (東京都)"@ja	<http://dbpedia.org/ontology/Settlement>	<http://ja.dbpedia.org/property/隣接自治体>	"隣接自治体"@ja	<http://ja.wikipedia.org/wiki/府中市_(東京都)>	<http://wikidata.dbpedia.org/resource/Q208818>
<http://ja.dbpedia.org/resource/府中市_(東京都)>	"府中市 (東京都)"@ja	<http://dbpedia.org/ontology/Location>	<http://ja.dbpedia.org/property/隣接自治体>	"隣接自治体"@ja	<http://ja.wikipedia.org/wiki/府中市_(東京都)>	<http://wikidata.dbpedia.org/resource/Q208818>
<http://ja.dbpedia.org/resource/府中市_(東京都)>	"府中市 (東京都)"@ja	<http://dbpedia.org/ontology/PopulatedPlace>	<http://ja.dbpedia.org/property/south>	"South"@ja	<http://ja.wikipedia.org/wiki/府中市_(東京都)>	<http://wikidata.dbpedia.org/resource/Q208818>
<http://ja.dbpedia.org/resource/府中市_(東京都)>	"府中市 (東京都)"@ja	<http://dbpedia.org/ontology/City>	<http://ja.dbpedia.org/property/隣接自治体>	"隣接自治体"@ja	<http://ja.wikipedia.org/wiki/府中市_(東京都)>	<http://wikidata.dbpedia.org/resource/Q208818>
<http://ja.dbpedia.org/resource/府中市_(東京都)>	"府中市 (東京都)"@ja	<http://dbpedia.org/ontology/Settlement>	<http://ja.dbpedia.org/property/south>	"South"@ja	<http://ja.wikipedia.org/wiki/府中市_(東京都)>	<http://wikidata.dbpedia.org/resource/Q208818>
<http://ja.dbpedia.org/resource/府中市_(東京都)>	"府中市 (東京都)"@ja	<http://dbpedia.org/ontology/Location>	<http://ja.dbpedia.org/property/south>	"South"@ja	<http://ja.wikipedia.org/wiki/府中市_(東京都)>	<http://wikidata.dbpedia.org/resource/Q208818>
<http://ja.dbpedia.org/resource/府中市_(東京都)>	"府中市 (東京都)"@ja	<http://dbpedia.org/ontology/Place>	<http://ja.dbpedia.org/property/隣接自治体>	"隣接自治体"@ja	<http://ja.wikipedia.org/wiki/府中市_(東京都)>	<http://wikidata.dbpedia.org/resource/Q208818>
<http://ja.dbpedia.org/resource/武蔵野市>	"武蔵野市"@ja	<http://dbpedia.org/ontology/PopulatedPlace>	<http://ja.dbpedia.org/property/northeast>	"Northeast"@ja	<http://ja.wikipedia.org/wiki/武蔵野市>	<http://wikidata.dbpedia.org/resource/Q210661>
<http://ja.dbpedia.org/resource/武蔵野市>	"武蔵野市"@ja	<http://dbpedia.org/ontology/City>	<http://ja.dbpedia.org/property/隣接自治体>	"隣接自治体"@ja	<http://ja.wikipedia.org/wiki/武蔵野市>	<http://wikidata.dbpedia.org/resource/Q210661>
<http://ja.dbpedia.org/resource/武蔵野市>	"武蔵野市"@ja	<http://dbpedia.org/ontology/Place>	<http://ja.dbpedia.org/property/隣接自治体>	"隣接自治体"@ja	<http://ja.wikipedia.org/wiki/武蔵野市>	<http://wikidata.dbpedia.org/resource/Q210661>
<http://ja.dbpedia.org/resource/武蔵野市>	"武蔵野市"@ja	<http://dbpedia.org/ontology/Location>	<http://ja.dbpedia.org/property/northeast>	"Northeast"@ja	<http://ja.wikipedia.org/wiki/武蔵野市>	<http://wikidata.dbpedia.org/resource/Q210661>
<http://ja.dbpedia.org/resource/武蔵野市>	"武蔵野市"@ja	<http://dbpedia.org/ontology/Settlement>	<http://ja.dbpedia.org/property/northeast>	"Northeast"@ja	<http://ja.wikipedia.org/wiki/武蔵野市>	<http://wikidata.dbpedia.org/resource/Q210661>
<http://ja.dbpedia.org/resource/武蔵野市>	"武蔵野市"@ja	<http://dbpedia.org/ontology/PopulatedPlace>	<http://ja.dbpedia.org/property/隣接自治体>	"隣接自治体"@ja	<http://ja.wikipedia.org/wiki/武蔵野市>	<http://wikidata.dbpedia.org/resource/Q210661>
<http://ja.dbpedia.org/resource/武蔵野市>	"武蔵野市"@ja	<http://dbpedia.org/ontology/Place>	<http://ja.dbpedia.org/property/northeast>	"Northeast"@ja	<http://ja.wikipedia.org/wiki/武蔵野市>	<http://wikidata.dbpedia.org/resource/Q210661>
<http://ja.dbpedia.org/resource/武蔵野市>	"武蔵野市"@ja	<http://dbpedia.org/ontology/Location>	<http://ja.dbpedia.org/property/隣接自治体>	"隣接自治体"@ja	<http://ja.wikipedia.org/wiki/武蔵野市>	<http://wikidata.dbpedia.org/resource/Q210661>
<http://ja.dbpedia.org/resource/武蔵野市>	"武蔵野市"@ja	<http://dbpedia.org/ontology/Settlement>	<http://ja.dbpedia.org/property/隣接自治体>	"隣接自治体"@ja	<http://ja.wikipedia.org/wiki/武蔵野市>	<http://wikidata.dbpedia.org/resource/Q210661>
<http://ja.dbpedia.org/resource/武蔵野市>	"武蔵野市"@ja	<http://dbpedia.org/ontology/City>	<http://ja.dbpedia.org/property/northeast>	"Northeast"@ja	<http://ja.wikipedia.org/wiki/武蔵野市>	<http://wikidata.dbpedia.org/resource/Q210661>
<http://ja.dbpedia.org/resource/西東京市>	"西東京市"@ja	<http://dbpedia.org/ontology/Settlement>	<http://ja.dbpedia.org/property/north>	"North"@ja	<http://ja.wikipedia.org/wiki/西東京市>	<http://wikidata.dbpedia.org/resource/Q242882>
<http://ja.dbpedia.org/resource/西東京市>	"西東京市"@ja	<http://dbpedia.org/ontology/City>	<http://ja.dbpedia.org/property/隣接自治体>	"隣接自治体"@ja	<http://ja.wikipedia.org/wiki/西東京市>	<http://wikidata.dbpedia.org/resource/Q242882>
<http://ja.dbpedia.org/resource/西東京市>	"西東京市"@ja	<http://dbpedia.org/ontology/Location>	<http://ja.dbpedia.org/property/north>	"North"@ja	<http://ja.wikipedia.org/wiki/西東京市>	<http://wikidata.dbpedia.org/resource/Q242882>
<http://ja.dbpedia.org/resource/西東京市>	"西東京市"@ja	<http://dbpedia.org/ontology/Place>	<http://ja.dbpedia.org/property/隣接自治体>	"隣接自治体"@ja	<http://ja.wikipedia.org/wiki/西東京市>	<http://wikidata.dbpedia.org/resource/Q242882>
<http://ja.dbpedia.org/resource/西東京市>	"西東京市"@ja	<http://dbpedia.org/ontology/PopulatedPlace>	<http://ja.dbpedia.org/property/north>	"North"@ja	<http://ja.wikipedia.org/wiki/西東京市>	<http://wikidata.dbpedia.org/resource/Q242882>
<http://ja.dbpedia.org/resource/西東京市>	"西東京市"@ja	<http://dbpedia.org/ontology/Settlement>	<http://ja.dbpedia.org/property/隣接自治体>	"隣接自治体"@ja	<http://ja.wikipedia.org/wiki/西東京市>	<http://wikidata.dbpedia.org/resource/Q242882>
<http://ja.dbpedia.org/resource/西東京市>	"西東京市"@ja	<http://dbpedia.org/ontology/City>	<http://ja.dbpedia.org/property/north>	"North"@ja	<http://ja.wikipedia.org/wiki/西東京市>	<http://wikidata.dbpedia.org/resource/Q242882>
<http://ja.dbpedia.org/resource/西東京市>	"西東京市"@ja	<http://dbpedia.org/ontology/PopulatedPlace>	<http://ja.dbpedia.org/property/隣接自治体>	"隣接自治体"@ja	<http://ja.wikipedia.org/wiki/西東京市>	<http://wikidata.dbpedia.org/resource/Q242882>
<http://ja.dbpedia.org/resource/西東京市>	"西東京市"@ja	<http://dbpedia.org/ontology/Place>	<http://ja.dbpedia.org/property/north>	"North"@ja	<http://ja.wikipedia.org/wiki/西東京市>	<http://wikidata.dbpedia.org/resource/Q242882>
<http://ja.dbpedia.org/resource/西東京市>	"西東京市"@ja	<http://dbpedia.org/ontology/Location>	<http://ja.dbpedia.org/property/隣接自治体>	"隣接自治体"@ja	<http://ja.wikipedia.org/wiki/西東京市>	<http://wikidata.dbpedia.org/resource/Q242882>
<http://ja.dbpedia.org/resource/調布市>	"調布市"@ja	<http://dbpedia.org/ontology/City>	<http://ja.dbpedia.org/property/southeast>	"Southeast"@ja	<http://ja.wikipedia.org/wiki/調布市>	<http://wikidata.dbpedia.org/resource/Q210667>
<http://ja.dbpedia.org/resource/調布市>	"調布市"@ja	<http://dbpedia.org/ontology/PopulatedPlace>	<http://ja.dbpedia.org/property/隣接自治体>	"隣接自治体"@ja	<http://ja.wikipedia.org/wiki/調布市>	<http://wikidata.dbpedia.org/resource/Q210667>
<http://ja.dbpedia.org/resource/調布市>	"調布市"@ja	<http://dbpedia.org/ontology/Place>	<http://ja.dbpedia.org/property/southeast>	"Southeast"@ja	<http://ja.wikipedia.org/wiki/調布市>	<http://wikidata.dbpedia.org/resource/Q210667>
<http://ja.dbpedia.org/resource/調布市>	"調布市"@ja	<http://dbpedia.org/ontology/Settlement>	<http://ja.dbpedia.org/property/隣接自治体>	"隣接自治体"@ja	<http://ja.wikipedia.org/wiki/調布市>	<http://wikidata.dbpedia.org/resource/Q210667>
<http://ja.dbpedia.org/resource/調布市>	"調布市"@ja	<http://dbpedia.org/ontology/Location>	<http://ja.dbpedia.org/property/隣接自治体>	"隣接自治体"@ja	<http://ja.wikipedia.org/wiki/調布市>	<http://wikidata.dbpedia.org/resource/Q210667>
<http://ja.dbpedia.org/resource/調布市>	"調布市"@ja	<http://dbpedia.org/ontology/Location>	<http://ja.dbpedia.org/property/southeast>	"Southeast"@ja	<http://ja.wikipedia.org/wiki/調布市>	<http://wikidata.dbpedia.org/resource/Q210667>
<http://ja.dbpedia.org/resource/調布市>	"調布市"@ja	<http://dbpedia.org/ontology/Place>	<http://ja.dbpedia.org/property/隣接自治体>	"隣接自治体"@ja	<http://ja.wikipedia.org/wiki/調布市>	<http://wikidata.dbpedia.org/resource/Q210667>
<http://ja.dbpedia.org/resource/調布市>	"調布市"@ja	<http://dbpedia.org/ontology/PopulatedPlace>	<http://ja.dbpedia.org/property/southeast>	"Southeast"@ja	<http://ja.wikipedia.org/wiki/調布市>	<http://wikidata.dbpedia.org/resource/Q210667>
<http://ja.dbpedia.org/resource/調布市>	"調布市"@ja	<http://dbpedia.org/ontology/City>	<http://ja.dbpedia.org/property/隣接自治体>	"隣接自治体"@ja	<http://ja.wikipedia.org/wiki/調布市>	<http://wikidata.dbpedia.org/resource/Q210667>
<http://ja.dbpedia.org/resource/調布市>	"調布市"@ja	<http://dbpedia.org/ontology/Settlement>	<http://ja.dbpedia.org/property/southeast>	"Southeast"@ja	<http://ja.wikipedia.org/wiki/調布市>	<http://wikidata.dbpedia.org/resource/Q210667>
