?s	?sLabel	?type	?p	?pLabel	?jwiki	?wd
<http://ja.dbpedia.org/resource/ケヤキ>	"ケヤキ"@ja	<http://dbpedia.org/ontology/Species>	<http://ja.dbpedia.org/property/木>	"木"@ja	<http://ja.wikipedia.org/wiki/ケヤキ>	<http://wikidata.dbpedia.org/resource/Q920344>
<http://ja.dbpedia.org/resource/コゲラ>	"コゲラ"@ja	<http://dbpedia.org/ontology/Species>	<http://ja.dbpedia.org/property/鳥など>	"鳥など"@ja	<http://ja.wikipedia.org/wiki/コゲラ>	<http://wikidata.dbpedia.org/resource/Q27074882>
<http://ja.dbpedia.org/resource/ツツジ>	"ツツジ"@ja	<http://dbpedia.org/ontology/Species>	<http://ja.dbpedia.org/property/花>	"花"@ja	<http://ja.wikipedia.org/wiki/ツツジ>	<http://wikidata.dbpedia.org/resource/Q189393>
<http://ja.dbpedia.org/resource/国分寺市>	"国分寺市"@ja	<http://dbpedia.org/ontology/Place>	<http://ja.dbpedia.org/property/隣接自治体>	"隣接自治体"@ja	<http://ja.wikipedia.org/wiki/国分寺市>	<http://wikidata.dbpedia.org/resource/Q317834>
<http://ja.dbpedia.org/resource/国分寺市>	"国分寺市"@ja	<http://dbpedia.org/ontology/PopulatedPlace>	<http://ja.dbpedia.org/property/south>	"South"@ja	<http://ja.wikipedia.org/wiki/国分寺市>	<http://wikidata.dbpedia.org/resource/Q317834>
<http://ja.dbpedia.org/resource/国分寺市>	"国分寺市"@ja	<http://dbpedia.org/ontology/City>	<http://ja.dbpedia.org/property/隣接自治体>	"隣接自治体"@ja	<http://ja.wikipedia.org/wiki/国分寺市>	<http://wikidata.dbpedia.org/resource/Q317834>
<http://ja.dbpedia.org/resource/国分寺市>	"国分寺市"@ja	<http://dbpedia.org/ontology/Settlement>	<http://ja.dbpedia.org/property/south>	"South"@ja	<http://ja.wikipedia.org/wiki/国分寺市>	<http://wikidata.dbpedia.org/resource/Q317834>
<http://ja.dbpedia.org/resource/国分寺市>	"国分寺市"@ja	<http://dbpedia.org/ontology/Location>	<http://ja.dbpedia.org/property/south>	"South"@ja	<http://ja.wikipedia.org/wiki/国分寺市>	<http://wikidata.dbpedia.org/resource/Q317834>
<http://ja.dbpedia.org/resource/国分寺市>	"国分寺市"@ja	<http://dbpedia.org/ontology/Location>	<http://ja.dbpedia.org/property/隣接自治体>	"隣接自治体"@ja	<http://ja.wikipedia.org/wiki/国分寺市>	<http://wikidata.dbpedia.org/resource/Q317834>
<http://ja.dbpedia.org/resource/国分寺市>	"国分寺市"@ja	<http://dbpedia.org/ontology/Place>	<http://ja.dbpedia.org/property/south>	"South"@ja	<http://ja.wikipedia.org/wiki/国分寺市>	<http://wikidata.dbpedia.org/resource/Q317834>
<http://ja.dbpedia.org/resource/国分寺市>	"国分寺市"@ja	<http://dbpedia.org/ontology/Settlement>	<http://ja.dbpedia.org/property/隣接自治体>	"隣接自治体"@ja	<http://ja.wikipedia.org/wiki/国分寺市>	<http://wikidata.dbpedia.org/resource/Q317834>
<http://ja.dbpedia.org/resource/国分寺市>	"国分寺市"@ja	<http://dbpedia.org/ontology/PopulatedPlace>	<http://ja.dbpedia.org/property/隣接自治体>	"隣接自治体"@ja	<http://ja.wikipedia.org/wiki/国分寺市>	<http://wikidata.dbpedia.org/resource/Q317834>
<http://ja.dbpedia.org/resource/国分寺市>	"国分寺市"@ja	<http://dbpedia.org/ontology/City>	<http://ja.dbpedia.org/property/south>	"South"@ja	<http://ja.wikipedia.org/wiki/国分寺市>	<http://wikidata.dbpedia.org/resource/Q317834>
<http://ja.dbpedia.org/resource/小平市平櫛田中彫刻美術館>	"小平市平櫛田中彫刻美術館"@ja	<http://dbpedia.org/ontology/ArchitecturalStructure>	<http://ja.dbpedia.org/property/画像の説明>	"画像の説明"@ja	<http://ja.wikipedia.org/wiki/小平市平櫛田中彫刻美術館>	<http://wikidata.dbpedia.org/resource/Q11460717>
<http://ja.dbpedia.org/resource/小平市平櫛田中彫刻美術館>	"小平市平櫛田中彫刻美術館"@ja	<http://dbpedia.org/ontology/Museum>	<http://ja.dbpedia.org/property/画像の説明>	"画像の説明"@ja	<http://ja.wikipedia.org/wiki/小平市平櫛田中彫刻美術館>	<http://wikidata.dbpedia.org/resource/Q11460717>
<http://ja.dbpedia.org/resource/小平市平櫛田中彫刻美術館>	"小平市平櫛田中彫刻美術館"@ja	<http://dbpedia.org/ontology/Building>	<http://ja.dbpedia.org/property/画像の説明>	"画像の説明"@ja	<http://ja.wikipedia.org/wiki/小平市平櫛田中彫刻美術館>	<http://wikidata.dbpedia.org/resource/Q11460717>
<http://ja.dbpedia.org/resource/小金井市>	"小金井市"@ja	<http://dbpedia.org/ontology/Location>	<http://ja.dbpedia.org/property/隣接自治体>	"隣接自治体"@ja	<http://ja.wikipedia.org/wiki/小金井市>	<http://wikidata.dbpedia.org/resource/Q242874>
<http://ja.dbpedia.org/resource/小金井市>	"小金井市"@ja	<http://dbpedia.org/ontology/Settlement>	<http://ja.dbpedia.org/property/隣接自治体>	"隣接自治体"@ja	<http://ja.wikipedia.org/wiki/小金井市>	<http://wikidata.dbpedia.org/resource/Q242874>
<http://ja.dbpedia.org/resource/小金井市>	"小金井市"@ja	<http://dbpedia.org/ontology/Place>	<http://ja.dbpedia.org/property/south>	"South"@ja	<http://ja.wikipedia.org/wiki/小金井市>	<http://wikidata.dbpedia.org/resource/Q242874>
<http://ja.dbpedia.org/resource/小金井市>	"小金井市"@ja	<http://dbpedia.org/ontology/PopulatedPlace>	<http://ja.dbpedia.org/property/隣接自治体>	"隣接自治体"@ja	<http://ja.wikipedia.org/wiki/小金井市>	<http://wikidata.dbpedia.org/resource/Q242874>
<http://ja.dbpedia.org/resource/小金井市>	"小金井市"@ja	<http://dbpedia.org/ontology/City>	<http://ja.dbpedia.org/property/south>	"South"@ja	<http://ja.wikipedia.org/wiki/小金井市>	<http://wikidata.dbpedia.org/resource/Q242874>
<http://ja.dbpedia.org/resource/小金井市>	"小金井市"@ja	<http://dbpedia.org/ontology/Location>	<http://ja.dbpedia.org/property/south>	"South"@ja	<http://ja.wikipedia.org/wiki/小金井市>	<http://wikidata.dbpedia.org/resource/Q242874>
<http://ja.dbpedia.org/resource/小金井市>	"小金井市"@ja	<http://dbpedia.org/ontology/Place>	<http://ja.dbpedia.org/property/隣接自治体>	"隣接自治体"@ja	<http://ja.wikipedia.org/wiki/小金井市>	<http://wikidata.dbpedia.org/resource/Q242874>
<http://ja.dbpedia.org/resource/小金井市>	"小金井市"@ja	<http://dbpedia.org/ontology/PopulatedPlace>	<http://ja.dbpedia.org/property/south>	"South"@ja	<http://ja.wikipedia.org/wiki/小金井市>	<http://wikidata.dbpedia.org/resource/Q242874>
<http://ja.dbpedia.org/resource/小金井市>	"小金井市"@ja	<http://dbpedia.org/ontology/City>	<http://ja.dbpedia.org/property/隣接自治体>	"隣接自治体"@ja	<http://ja.wikipedia.org/wiki/小金井市>	<http://wikidata.dbpedia.org/resource/Q242874>
<http://ja.dbpedia.org/resource/小金井市>	"小金井市"@ja	<http://dbpedia.org/ontology/Settlement>	<http://ja.dbpedia.org/property/south>	"South"@ja	<http://ja.wikipedia.org/wiki/小金井市>	<http://wikidata.dbpedia.org/resource/Q242874>
<http://ja.dbpedia.org/resource/東久留米市>	"東久留米市"@ja	<http://dbpedia.org/ontology/Location>	<http://ja.dbpedia.org/property/隣接自治体>	"隣接自治体"@ja	<http://ja.wikipedia.org/wiki/東久留米市>	<http://wikidata.dbpedia.org/resource/Q317830>
<http://ja.dbpedia.org/resource/東久留米市>	"東久留米市"@ja	<http://dbpedia.org/ontology/Place>	<http://ja.dbpedia.org/property/northeast>	"Northeast"@ja	<http://ja.wikipedia.org/wiki/東久留米市>	<http://wikidata.dbpedia.org/resource/Q317830>
<http://ja.dbpedia.org/resource/東久留米市>	"東久留米市"@ja	<http://dbpedia.org/ontology/PopulatedPlace>	<http://ja.dbpedia.org/property/隣接自治体>	"隣接自治体"@ja	<http://ja.wikipedia.org/wiki/東久留米市>	<http://wikidata.dbpedia.org/resource/Q317830>
<http://ja.dbpedia.org/resource/東久留米市>	"東久留米市"@ja	<http://dbpedia.org/ontology/City>	<http://ja.dbpedia.org/property/northeast>	"Northeast"@ja	<http://ja.wikipedia.org/wiki/東久留米市>	<http://wikidata.dbpedia.org/resource/Q317830>
<http://ja.dbpedia.org/resource/東久留米市>	"東久留米市"@ja	<http://dbpedia.org/ontology/Settlement>	<http://ja.dbpedia.org/property/隣接自治体>	"隣接自治体"@ja	<http://ja.wikipedia.org/wiki/東久留米市>	<http://wikidata.dbpedia.org/resource/Q317830>
<http://ja.dbpedia.org/resource/東久留米市>	"東久留米市"@ja	<http://dbpedia.org/ontology/PopulatedPlace>	<http://ja.dbpedia.org/property/northeast>	"Northeast"@ja	<http://ja.wikipedia.org/wiki/東久留米市>	<http://wikidata.dbpedia.org/resource/Q317830>
<http://ja.dbpedia.org/resource/東久留米市>	"東久留米市"@ja	<http://dbpedia.org/ontology/Place>	<http://ja.dbpedia.org/property/隣接自治体>	"隣接自治体"@ja	<http://ja.wikipedia.org/wiki/東久留米市>	<http://wikidata.dbpedia.org/resource/Q317830>
<http://ja.dbpedia.org/resource/東久留米市>	"東久留米市"@ja	<http://dbpedia.org/ontology/Location>	<http://ja.dbpedia.org/property/northeast>	"Northeast"@ja	<http://ja.wikipedia.org/wiki/東久留米市>	<http://wikidata.dbpedia.org/resource/Q317830>
<http://ja.dbpedia.org/resource/東久留米市>	"東久留米市"@ja	<http://dbpedia.org/ontology/Settlement>	<http://ja.dbpedia.org/property/northeast>	"Northeast"@ja	<http://ja.wikipedia.org/wiki/東久留米市>	<http://wikidata.dbpedia.org/resource/Q317830>
<http://ja.dbpedia.org/resource/東久留米市>	"東久留米市"@ja	<http://dbpedia.org/ontology/City>	<http://ja.dbpedia.org/property/隣接自治体>	"隣接自治体"@ja	<http://ja.wikipedia.org/wiki/東久留米市>	<http://wikidata.dbpedia.org/resource/Q317830>
<http://ja.dbpedia.org/resource/東大和市>	"東大和市"@ja	<http://dbpedia.org/ontology/Location>	<http://ja.dbpedia.org/property/northwest>	"Northwest"@ja	<http://ja.wikipedia.org/wiki/東大和市>	<http://wikidata.dbpedia.org/resource/Q390788>
<http://ja.dbpedia.org/resource/東大和市>	"東大和市"@ja	<http://dbpedia.org/ontology/Settlement>	<http://ja.dbpedia.org/property/northwest>	"Northwest"@ja	<http://ja.wikipedia.org/wiki/東大和市>	<http://wikidata.dbpedia.org/resource/Q390788>
<http://ja.dbpedia.org/resource/東大和市>	"東大和市"@ja	<http://dbpedia.org/ontology/Place>	<http://ja.dbpedia.org/property/隣接自治体>	"隣接自治体"@ja	<http://ja.wikipedia.org/wiki/東大和市>	<http://wikidata.dbpedia.org/resource/Q390788>
<http://ja.dbpedia.org/resource/東大和市>	"東大和市"@ja	<http://dbpedia.org/ontology/PopulatedPlace>	<http://ja.dbpedia.org/property/northwest>	"Northwest"@ja	<http://ja.wikipedia.org/wiki/東大和市>	<http://wikidata.dbpedia.org/resource/Q390788>
<http://ja.dbpedia.org/resource/東大和市>	"東大和市"@ja	<http://dbpedia.org/ontology/City>	<http://ja.dbpedia.org/property/隣接自治体>	"隣接自治体"@ja	<http://ja.wikipedia.org/wiki/東大和市>	<http://wikidata.dbpedia.org/resource/Q390788>
<http://ja.dbpedia.org/resource/東大和市>	"東大和市"@ja	<http://dbpedia.org/ontology/Location>	<http://ja.dbpedia.org/property/隣接自治体>	"隣接自治体"@ja	<http://ja.wikipedia.org/wiki/東大和市>	<http://wikidata.dbpedia.org/resource/Q390788>
<http://ja.dbpedia.org/resource/東大和市>	"東大和市"@ja	<http://dbpedia.org/ontology/Place>	<http://ja.dbpedia.org/property/northwest>	"Northwest"@ja	<http://ja.wikipedia.org/wiki/東大和市>	<http://wikidata.dbpedia.org/resource/Q390788>
<http://ja.dbpedia.org/resource/東大和市>	"東大和市"@ja	<http://dbpedia.org/ontology/PopulatedPlace>	<http://ja.dbpedia.org/property/隣接自治体>	"隣接自治体"@ja	<http://ja.wikipedia.org/wiki/東大和市>	<http://wikidata.dbpedia.org/resource/Q390788>
<http://ja.dbpedia.org/resource/東大和市>	"東大和市"@ja	<http://dbpedia.org/ontology/City>	<http://ja.dbpedia.org/property/northwest>	"Northwest"@ja	<http://ja.wikipedia.org/wiki/東大和市>	<http://wikidata.dbpedia.org/resource/Q390788>
<http://ja.dbpedia.org/resource/東大和市>	"東大和市"@ja	<http://dbpedia.org/ontology/Settlement>	<http://ja.dbpedia.org/property/隣接自治体>	"隣接自治体"@ja	<http://ja.wikipedia.org/wiki/東大和市>	<http://wikidata.dbpedia.org/resource/Q390788>
<http://ja.dbpedia.org/resource/東村山市>	"東村山市"@ja	<http://dbpedia.org/ontology/Location>	<http://ja.dbpedia.org/property/隣接自治体>	"隣接自治体"@ja	<http://ja.wikipedia.org/wiki/東村山市>	<http://wikidata.dbpedia.org/resource/Q240489>
<http://ja.dbpedia.org/resource/東村山市>	"東村山市"@ja	<http://dbpedia.org/ontology/Place>	<http://ja.dbpedia.org/property/north>	"North"@ja	<http://ja.wikipedia.org/wiki/東村山市>	<http://wikidata.dbpedia.org/resource/Q240489>
<http://ja.dbpedia.org/resource/東村山市>	"東村山市"@ja	<http://dbpedia.org/ontology/PopulatedPlace>	<http://ja.dbpedia.org/property/隣接自治体>	"隣接自治体"@ja	<http://ja.wikipedia.org/wiki/東村山市>	<http://wikidata.dbpedia.org/resource/Q240489>
<http://ja.dbpedia.org/resource/東村山市>	"東村山市"@ja	<http://dbpedia.org/ontology/City>	<http://ja.dbpedia.org/property/north>	"North"@ja	<http://ja.wikipedia.org/wiki/東村山市>	<http://wikidata.dbpedia.org/resource/Q240489>
<http://ja.dbpedia.org/resource/東村山市>	"東村山市"@ja	<http://dbpedia.org/ontology/Settlement>	<http://ja.dbpedia.org/property/隣接自治体>	"隣接自治体"@ja	<http://ja.wikipedia.org/wiki/東村山市>	<http://wikidata.dbpedia.org/resource/Q240489>
<http://ja.dbpedia.org/resource/東村山市>	"東村山市"@ja	<http://dbpedia.org/ontology/PopulatedPlace>	<http://ja.dbpedia.org/property/north>	"North"@ja	<http://ja.wikipedia.org/wiki/東村山市>	<http://wikidata.dbpedia.org/resource/Q240489>
<http://ja.dbpedia.org/resource/東村山市>	"東村山市"@ja	<http://dbpedia.org/ontology/Place>	<http://ja.dbpedia.org/property/隣接自治体>	"隣接自治体"@ja	<http://ja.wikipedia.org/wiki/東村山市>	<http://wikidata.dbpedia.org/resource/Q240489>
<http://ja.dbpedia.org/resource/東村山市>	"東村山市"@ja	<http://dbpedia.org/ontology/Location>	<http://ja.dbpedia.org/property/north>	"North"@ja	<http://ja.wikipedia.org/wiki/東村山市>	<http://wikidata.dbpedia.org/resource/Q240489>
<http://ja.dbpedia.org/resource/東村山市>	"東村山市"@ja	<http://dbpedia.org/ontology/Settlement>	<http://ja.dbpedia.org/property/north>	"North"@ja	<http://ja.wikipedia.org/wiki/東村山市>	<http://wikidata.dbpedia.org/resource/Q240489>
<http://ja.dbpedia.org/resource/東村山市>	"東村山市"@ja	<http://dbpedia.org/ontology/City>	<http://ja.dbpedia.org/property/隣接自治体>	"隣接自治体"@ja	<http://ja.wikipedia.org/wiki/東村山市>	<http://wikidata.dbpedia.org/resource/Q240489>
<http://ja.dbpedia.org/resource/立川市>	"立川市"@ja	<http://dbpedia.org/ontology/Settlement>	<http://ja.dbpedia.org/property/west>	"West"@ja	<http://ja.wikipedia.org/wiki/立川市>	<http://wikidata.dbpedia.org/resource/Q269634>
<http://ja.dbpedia.org/resource/立川市>	"立川市"@ja	<http://dbpedia.org/ontology/City>	<http://ja.dbpedia.org/property/隣接自治体>	"隣接自治体"@ja	<http://ja.wikipedia.org/wiki/立川市>	<http://wikidata.dbpedia.org/resource/Q269634>
<http://ja.dbpedia.org/resource/立川市>	"立川市"@ja	<http://dbpedia.org/ontology/Location>	<http://ja.dbpedia.org/property/west>	"West"@ja	<http://ja.wikipedia.org/wiki/立川市>	<http://wikidata.dbpedia.org/resource/Q269634>
<http://ja.dbpedia.org/resource/立川市>	"立川市"@ja	<http://dbpedia.org/ontology/Place>	<http://ja.dbpedia.org/property/隣接自治体>	"隣接自治体"@ja	<http://ja.wikipedia.org/wiki/立川市>	<http://wikidata.dbpedia.org/resource/Q269634>
<http://ja.dbpedia.org/resource/立川市>	"立川市"@ja	<http://dbpedia.org/ontology/PopulatedPlace>	<http://ja.dbpedia.org/property/west>	"West"@ja	<http://ja.wikipedia.org/wiki/立川市>	<http://wikidata.dbpedia.org/resource/Q269634>
<http://ja.dbpedia.org/resource/立川市>	"立川市"@ja	<http://dbpedia.org/ontology/Settlement>	<http://ja.dbpedia.org/property/隣接自治体>	"隣接自治体"@ja	<http://ja.wikipedia.org/wiki/立川市>	<http://wikidata.dbpedia.org/resource/Q269634>
<http://ja.dbpedia.org/resource/立川市>	"立川市"@ja	<http://dbpedia.org/ontology/City>	<http://ja.dbpedia.org/property/west>	"West"@ja	<http://ja.wikipedia.org/wiki/立川市>	<http://wikidata.dbpedia.org/resource/Q269634>
<http://ja.dbpedia.org/resource/立川市>	"立川市"@ja	<http://dbpedia.org/ontology/PopulatedPlace>	<http://ja.dbpedia.org/property/隣接自治体>	"隣接自治体"@ja	<http://ja.wikipedia.org/wiki/立川市>	<http://wikidata.dbpedia.org/resource/Q269634>
<http://ja.dbpedia.org/resource/立川市>	"立川市"@ja	<http://dbpedia.org/ontology/Place>	<http://ja.dbpedia.org/property/west>	"West"@ja	<http://ja.wikipedia.org/wiki/立川市>	<http://wikidata.dbpedia.org/resource/Q269634>
<http://ja.dbpedia.org/resource/立川市>	"立川市"@ja	<http://dbpedia.org/ontology/Location>	<http://ja.dbpedia.org/property/隣接自治体>	"隣接自治体"@ja	<http://ja.wikipedia.org/wiki/立川市>	<http://wikidata.dbpedia.org/resource/Q269634>
<http://ja.dbpedia.org/resource/西東京市>	"西東京市"@ja	<http://dbpedia.org/ontology/City>	<http://ja.dbpedia.org/property/east>	"East"@ja	<http://ja.wikipedia.org/wiki/西東京市>	<http://wikidata.dbpedia.org/resource/Q242882>
<http://ja.dbpedia.org/resource/西東京市>	"西東京市"@ja	<http://dbpedia.org/ontology/PopulatedPlace>	<http://ja.dbpedia.org/property/隣接自治体>	"隣接自治体"@ja	<http://ja.wikipedia.org/wiki/西東京市>	<http://wikidata.dbpedia.org/resource/Q242882>
<http://ja.dbpedia.org/resource/西東京市>	"西東京市"@ja	<http://dbpedia.org/ontology/Place>	<http://ja.dbpedia.org/property/east>	"East"@ja	<http://ja.wikipedia.org/wiki/西東京市>	<http://wikidata.dbpedia.org/resource/Q242882>
<http://ja.dbpedia.org/resource/西東京市>	"西東京市"@ja	<http://dbpedia.org/ontology/Settlement>	<http://ja.dbpedia.org/property/隣接自治体>	"隣接自治体"@ja	<http://ja.wikipedia.org/wiki/西東京市>	<http://wikidata.dbpedia.org/resource/Q242882>
<http://ja.dbpedia.org/resource/西東京市>	"西東京市"@ja	<http://dbpedia.org/ontology/Location>	<http://ja.dbpedia.org/property/隣接自治体>	"隣接自治体"@ja	<http://ja.wikipedia.org/wiki/西東京市>	<http://wikidata.dbpedia.org/resource/Q242882>
<http://ja.dbpedia.org/resource/西東京市>	"西東京市"@ja	<http://dbpedia.org/ontology/Location>	<http://ja.dbpedia.org/property/east>	"East"@ja	<http://ja.wikipedia.org/wiki/西東京市>	<http://wikidata.dbpedia.org/resource/Q242882>
<http://ja.dbpedia.org/resource/西東京市>	"西東京市"@ja	<http://dbpedia.org/ontology/Place>	<http://ja.dbpedia.org/property/隣接自治体>	"隣接自治体"@ja	<http://ja.wikipedia.org/wiki/西東京市>	<http://wikidata.dbpedia.org/resource/Q242882>
<http://ja.dbpedia.org/resource/西東京市>	"西東京市"@ja	<http://dbpedia.org/ontology/PopulatedPlace>	<http://ja.dbpedia.org/property/east>	"East"@ja	<http://ja.wikipedia.org/wiki/西東京市>	<http://wikidata.dbpedia.org/resource/Q242882>
<http://ja.dbpedia.org/resource/西東京市>	"西東京市"@ja	<http://dbpedia.org/ontology/City>	<http://ja.dbpedia.org/property/隣接自治体>	"隣接自治体"@ja	<http://ja.wikipedia.org/wiki/西東京市>	<http://wikidata.dbpedia.org/resource/Q242882>
<http://ja.dbpedia.org/resource/西東京市>	"西東京市"@ja	<http://dbpedia.org/ontology/Settlement>	<http://ja.dbpedia.org/property/east>	"East"@ja	<http://ja.wikipedia.org/wiki/西東京市>	<http://wikidata.dbpedia.org/resource/Q242882>
