?s	?sLabel	?type	?p	?pLabel	?jwiki	?wd
<http://ja.dbpedia.org/resource/カシ>	"カシ"@ja	<http://dbpedia.org/ontology/Species>	<http://ja.dbpedia.org/property/木>	"木"@ja	<http://ja.wikipedia.org/wiki/カシ>	<http://wikidata.dbpedia.org/resource/Q796117>
<http://ja.dbpedia.org/resource/カワセミ>	"カワセミ"@ja	<http://dbpedia.org/ontology/Species>	<http://ja.dbpedia.org/property/鳥など>	"鳥など"@ja	<http://ja.wikipedia.org/wiki/カワセミ>	<http://wikidata.dbpedia.org/resource/Q79915>
<http://ja.dbpedia.org/resource/キク>	"キク"@ja	<http://dbpedia.org/ontology/Species>	<http://ja.dbpedia.org/property/花>	"花"@ja	<http://ja.wikipedia.org/wiki/キク>	<http://wikidata.dbpedia.org/resource/Q15530181>
<http://ja.dbpedia.org/resource/八王子市>	"八王子市"@ja	<http://dbpedia.org/ontology/Place>	<http://ja.dbpedia.org/property/隣接自治体>	"隣接自治体"@ja	<http://ja.wikipedia.org/wiki/八王子市>	<http://wikidata.dbpedia.org/resource/Q208863>
<http://ja.dbpedia.org/resource/八王子市>	"八王子市"@ja	<http://dbpedia.org/ontology/PopulatedPlace>	<http://ja.dbpedia.org/property/west>	"West"@ja	<http://ja.wikipedia.org/wiki/八王子市>	<http://wikidata.dbpedia.org/resource/Q208863>
<http://ja.dbpedia.org/resource/八王子市>	"八王子市"@ja	<http://dbpedia.org/ontology/City>	<http://ja.dbpedia.org/property/隣接自治体>	"隣接自治体"@ja	<http://ja.wikipedia.org/wiki/八王子市>	<http://wikidata.dbpedia.org/resource/Q208863>
<http://ja.dbpedia.org/resource/八王子市>	"八王子市"@ja	<http://dbpedia.org/ontology/Settlement>	<http://ja.dbpedia.org/property/west>	"West"@ja	<http://ja.wikipedia.org/wiki/八王子市>	<http://wikidata.dbpedia.org/resource/Q208863>
<http://ja.dbpedia.org/resource/八王子市>	"八王子市"@ja	<http://dbpedia.org/ontology/Location>	<http://ja.dbpedia.org/property/west>	"West"@ja	<http://ja.wikipedia.org/wiki/八王子市>	<http://wikidata.dbpedia.org/resource/Q208863>
<http://ja.dbpedia.org/resource/八王子市>	"八王子市"@ja	<http://dbpedia.org/ontology/Location>	<http://ja.dbpedia.org/property/隣接自治体>	"隣接自治体"@ja	<http://ja.wikipedia.org/wiki/八王子市>	<http://wikidata.dbpedia.org/resource/Q208863>
<http://ja.dbpedia.org/resource/八王子市>	"八王子市"@ja	<http://dbpedia.org/ontology/Place>	<http://ja.dbpedia.org/property/west>	"West"@ja	<http://ja.wikipedia.org/wiki/八王子市>	<http://wikidata.dbpedia.org/resource/Q208863>
<http://ja.dbpedia.org/resource/八王子市>	"八王子市"@ja	<http://dbpedia.org/ontology/Settlement>	<http://ja.dbpedia.org/property/隣接自治体>	"隣接自治体"@ja	<http://ja.wikipedia.org/wiki/八王子市>	<http://wikidata.dbpedia.org/resource/Q208863>
<http://ja.dbpedia.org/resource/八王子市>	"八王子市"@ja	<http://dbpedia.org/ontology/PopulatedPlace>	<http://ja.dbpedia.org/property/隣接自治体>	"隣接自治体"@ja	<http://ja.wikipedia.org/wiki/八王子市>	<http://wikidata.dbpedia.org/resource/Q208863>
<http://ja.dbpedia.org/resource/八王子市>	"八王子市"@ja	<http://dbpedia.org/ontology/City>	<http://ja.dbpedia.org/property/west>	"West"@ja	<http://ja.wikipedia.org/wiki/八王子市>	<http://wikidata.dbpedia.org/resource/Q208863>
<http://ja.dbpedia.org/resource/公明党>	"公明党"@ja	<http://dbpedia.org/ontology/Agent>	<http://ja.dbpedia.org/property/当選者推薦・支持>	"当選者推薦・支持"@ja	<http://ja.wikipedia.org/wiki/公明党>	<http://wikidata.dbpedia.org/resource/Q1061354>
<http://ja.dbpedia.org/resource/公明党>	"公明党"@ja	<http://dbpedia.org/ontology/PoliticalParty>	<http://ja.dbpedia.org/property/当選者推薦・支持>	"当選者推薦・支持"@ja	<http://ja.wikipedia.org/wiki/公明党>	<http://wikidata.dbpedia.org/resource/Q1061354>
<http://ja.dbpedia.org/resource/公明党>	"公明党"@ja	<http://dbpedia.org/ontology/Organisation>	<http://ja.dbpedia.org/property/当選者推薦・支持>	"当選者推薦・支持"@ja	<http://ja.wikipedia.org/wiki/公明党>	<http://wikidata.dbpedia.org/resource/Q1061354>
<http://ja.dbpedia.org/resource/国民民主党_(日本_2020)>	"国民民主党 (日本 2020)"@ja	<http://dbpedia.org/ontology/PoliticalParty>	<http://ja.dbpedia.org/property/当選者推薦・支持>	"当選者推薦・支持"@ja	<http://ja.wikipedia.org/wiki/国民民主党_(日本_2020)>	<http://wikidata.dbpedia.org/resource/Q99527550>
<http://ja.dbpedia.org/resource/国民民主党_(日本_2020)>	"国民民主党 (日本 2020)"@ja	<http://dbpedia.org/ontology/Agent>	<http://ja.dbpedia.org/property/当選者推薦・支持>	"当選者推薦・支持"@ja	<http://ja.wikipedia.org/wiki/国民民主党_(日本_2020)>	<http://wikidata.dbpedia.org/resource/Q99527550>
<http://ja.dbpedia.org/resource/国民民主党_(日本_2020)>	"国民民主党 (日本 2020)"@ja	<http://dbpedia.org/ontology/Organisation>	<http://ja.dbpedia.org/property/当選者推薦・支持>	"当選者推薦・支持"@ja	<http://ja.wikipedia.org/wiki/国民民主党_(日本_2020)>	<http://wikidata.dbpedia.org/resource/Q99527550>
<http://ja.dbpedia.org/resource/国立市>	"国立市"@ja	<http://dbpedia.org/ontology/Settlement>	<http://ja.dbpedia.org/property/隣接自治体>	"隣接自治体"@ja	<http://ja.wikipedia.org/wiki/国立市>	<http://wikidata.dbpedia.org/resource/Q330007>
<http://ja.dbpedia.org/resource/国立市>	"国立市"@ja	<http://dbpedia.org/ontology/City>	<http://ja.dbpedia.org/property/northeast>	"Northeast"@ja	<http://ja.wikipedia.org/wiki/国立市>	<http://wikidata.dbpedia.org/resource/Q330007>
<http://ja.dbpedia.org/resource/国立市>	"国立市"@ja	<http://dbpedia.org/ontology/PopulatedPlace>	<http://ja.dbpedia.org/property/隣接自治体>	"隣接自治体"@ja	<http://ja.wikipedia.org/wiki/国立市>	<http://wikidata.dbpedia.org/resource/Q330007>
<http://ja.dbpedia.org/resource/国立市>	"国立市"@ja	<http://dbpedia.org/ontology/Place>	<http://ja.dbpedia.org/property/northeast>	"Northeast"@ja	<http://ja.wikipedia.org/wiki/国立市>	<http://wikidata.dbpedia.org/resource/Q330007>
<http://ja.dbpedia.org/resource/国立市>	"国立市"@ja	<http://dbpedia.org/ontology/Location>	<http://ja.dbpedia.org/property/隣接自治体>	"隣接自治体"@ja	<http://ja.wikipedia.org/wiki/国立市>	<http://wikidata.dbpedia.org/resource/Q330007>
<http://ja.dbpedia.org/resource/国立市>	"国立市"@ja	<http://dbpedia.org/ontology/Location>	<http://ja.dbpedia.org/property/northeast>	"Northeast"@ja	<http://ja.wikipedia.org/wiki/国立市>	<http://wikidata.dbpedia.org/resource/Q330007>
<http://ja.dbpedia.org/resource/国立市>	"国立市"@ja	<http://dbpedia.org/ontology/Place>	<http://ja.dbpedia.org/property/隣接自治体>	"隣接自治体"@ja	<http://ja.wikipedia.org/wiki/国立市>	<http://wikidata.dbpedia.org/resource/Q330007>
<http://ja.dbpedia.org/resource/国立市>	"国立市"@ja	<http://dbpedia.org/ontology/Settlement>	<http://ja.dbpedia.org/property/northeast>	"Northeast"@ja	<http://ja.wikipedia.org/wiki/国立市>	<http://wikidata.dbpedia.org/resource/Q330007>
<http://ja.dbpedia.org/resource/国立市>	"国立市"@ja	<http://dbpedia.org/ontology/PopulatedPlace>	<http://ja.dbpedia.org/property/northeast>	"Northeast"@ja	<http://ja.wikipedia.org/wiki/国立市>	<http://wikidata.dbpedia.org/resource/Q330007>
<http://ja.dbpedia.org/resource/国立市>	"国立市"@ja	<http://dbpedia.org/ontology/City>	<http://ja.dbpedia.org/property/隣接自治体>	"隣接自治体"@ja	<http://ja.wikipedia.org/wiki/国立市>	<http://wikidata.dbpedia.org/resource/Q330007>
<http://ja.dbpedia.org/resource/多摩市>	"多摩市"@ja	<http://dbpedia.org/ontology/Place>	<http://ja.dbpedia.org/property/隣接自治体>	"隣接自治体"@ja	<http://ja.wikipedia.org/wiki/多摩市>	<http://wikidata.dbpedia.org/resource/Q213263>
<http://ja.dbpedia.org/resource/多摩市>	"多摩市"@ja	<http://dbpedia.org/ontology/PopulatedPlace>	<http://ja.dbpedia.org/property/southeast>	"Southeast"@ja	<http://ja.wikipedia.org/wiki/多摩市>	<http://wikidata.dbpedia.org/resource/Q213263>
<http://ja.dbpedia.org/resource/多摩市>	"多摩市"@ja	<http://dbpedia.org/ontology/Location>	<http://ja.dbpedia.org/property/southeast>	"Southeast"@ja	<http://ja.wikipedia.org/wiki/多摩市>	<http://wikidata.dbpedia.org/resource/Q213263>
<http://ja.dbpedia.org/resource/多摩市>	"多摩市"@ja	<http://dbpedia.org/ontology/City>	<http://ja.dbpedia.org/property/隣接自治体>	"隣接自治体"@ja	<http://ja.wikipedia.org/wiki/多摩市>	<http://wikidata.dbpedia.org/resource/Q213263>
<http://ja.dbpedia.org/resource/多摩市>	"多摩市"@ja	<http://dbpedia.org/ontology/Settlement>	<http://ja.dbpedia.org/property/southeast>	"Southeast"@ja	<http://ja.wikipedia.org/wiki/多摩市>	<http://wikidata.dbpedia.org/resource/Q213263>
<http://ja.dbpedia.org/resource/多摩市>	"多摩市"@ja	<http://dbpedia.org/ontology/Settlement>	<http://ja.dbpedia.org/property/隣接自治体>	"隣接自治体"@ja	<http://ja.wikipedia.org/wiki/多摩市>	<http://wikidata.dbpedia.org/resource/Q213263>
<http://ja.dbpedia.org/resource/多摩市>	"多摩市"@ja	<http://dbpedia.org/ontology/City>	<http://ja.dbpedia.org/property/southeast>	"Southeast"@ja	<http://ja.wikipedia.org/wiki/多摩市>	<http://wikidata.dbpedia.org/resource/Q213263>
<http://ja.dbpedia.org/resource/多摩市>	"多摩市"@ja	<http://dbpedia.org/ontology/PopulatedPlace>	<http://ja.dbpedia.org/property/隣接自治体>	"隣接自治体"@ja	<http://ja.wikipedia.org/wiki/多摩市>	<http://wikidata.dbpedia.org/resource/Q213263>
<http://ja.dbpedia.org/resource/多摩市>	"多摩市"@ja	<http://dbpedia.org/ontology/Place>	<http://ja.dbpedia.org/property/southeast>	"Southeast"@ja	<http://ja.wikipedia.org/wiki/多摩市>	<http://wikidata.dbpedia.org/resource/Q213263>
<http://ja.dbpedia.org/resource/多摩市>	"多摩市"@ja	<http://dbpedia.org/ontology/Location>	<http://ja.dbpedia.org/property/隣接自治体>	"隣接自治体"@ja	<http://ja.wikipedia.org/wiki/多摩市>	<http://wikidata.dbpedia.org/resource/Q213263>
<http://ja.dbpedia.org/resource/大坪冬彦>	"大坪冬彦"@ja	<http://dbpedia.org/ontology/Person>	<http://ja.dbpedia.org/property/当選者名>	"当選者名"@ja	<http://ja.wikipedia.org/wiki/大坪冬彦>	<http://wikidata.dbpedia.org/resource/Q16264801>
<http://ja.dbpedia.org/resource/大坪冬彦>	"大坪冬彦"@ja	<http://dbpedia.org/ontology/Species>	<http://ja.dbpedia.org/property/当選者名>	"当選者名"@ja	<http://ja.wikipedia.org/wiki/大坪冬彦>	<http://wikidata.dbpedia.org/resource/Q16264801>
<http://ja.dbpedia.org/resource/大坪冬彦>	"大坪冬彦"@ja	<http://dbpedia.org/ontology/Animal>	<http://ja.dbpedia.org/property/当選者名>	"当選者名"@ja	<http://ja.wikipedia.org/wiki/大坪冬彦>	<http://wikidata.dbpedia.org/resource/Q16264801>
<http://ja.dbpedia.org/resource/大坪冬彦>	"大坪冬彦"@ja	<http://dbpedia.org/ontology/Politician>	<http://ja.dbpedia.org/property/当選者名>	"当選者名"@ja	<http://ja.wikipedia.org/wiki/大坪冬彦>	<http://wikidata.dbpedia.org/resource/Q16264801>
<http://ja.dbpedia.org/resource/大坪冬彦>	"大坪冬彦"@ja	<http://dbpedia.org/ontology/Eukaryote>	<http://ja.dbpedia.org/property/当選者名>	"当選者名"@ja	<http://ja.wikipedia.org/wiki/大坪冬彦>	<http://wikidata.dbpedia.org/resource/Q16264801>
<http://ja.dbpedia.org/resource/府中市_(東京都)>	"府中市 (東京都)"@ja	<http://dbpedia.org/ontology/City>	<http://ja.dbpedia.org/property/east>	"East"@ja	<http://ja.wikipedia.org/wiki/府中市_(東京都)>	<http://wikidata.dbpedia.org/resource/Q208818>
<http://ja.dbpedia.org/resource/府中市_(東京都)>	"府中市 (東京都)"@ja	<http://dbpedia.org/ontology/PopulatedPlace>	<http://ja.dbpedia.org/property/隣接自治体>	"隣接自治体"@ja	<http://ja.wikipedia.org/wiki/府中市_(東京都)>	<http://wikidata.dbpedia.org/resource/Q208818>
<http://ja.dbpedia.org/resource/府中市_(東京都)>	"府中市 (東京都)"@ja	<http://dbpedia.org/ontology/Settlement>	<http://ja.dbpedia.org/property/隣接自治体>	"隣接自治体"@ja	<http://ja.wikipedia.org/wiki/府中市_(東京都)>	<http://wikidata.dbpedia.org/resource/Q208818>
<http://ja.dbpedia.org/resource/府中市_(東京都)>	"府中市 (東京都)"@ja	<http://dbpedia.org/ontology/Place>	<http://ja.dbpedia.org/property/east>	"East"@ja	<http://ja.wikipedia.org/wiki/府中市_(東京都)>	<http://wikidata.dbpedia.org/resource/Q208818>
<http://ja.dbpedia.org/resource/府中市_(東京都)>	"府中市 (東京都)"@ja	<http://dbpedia.org/ontology/Location>	<http://ja.dbpedia.org/property/隣接自治体>	"隣接自治体"@ja	<http://ja.wikipedia.org/wiki/府中市_(東京都)>	<http://wikidata.dbpedia.org/resource/Q208818>
<http://ja.dbpedia.org/resource/府中市_(東京都)>	"府中市 (東京都)"@ja	<http://dbpedia.org/ontology/Location>	<http://ja.dbpedia.org/property/east>	"East"@ja	<http://ja.wikipedia.org/wiki/府中市_(東京都)>	<http://wikidata.dbpedia.org/resource/Q208818>
<http://ja.dbpedia.org/resource/府中市_(東京都)>	"府中市 (東京都)"@ja	<http://dbpedia.org/ontology/Settlement>	<http://ja.dbpedia.org/property/east>	"East"@ja	<http://ja.wikipedia.org/wiki/府中市_(東京都)>	<http://wikidata.dbpedia.org/resource/Q208818>
<http://ja.dbpedia.org/resource/府中市_(東京都)>	"府中市 (東京都)"@ja	<http://dbpedia.org/ontology/City>	<http://ja.dbpedia.org/property/隣接自治体>	"隣接自治体"@ja	<http://ja.wikipedia.org/wiki/府中市_(東京都)>	<http://wikidata.dbpedia.org/resource/Q208818>
<http://ja.dbpedia.org/resource/府中市_(東京都)>	"府中市 (東京都)"@ja	<http://dbpedia.org/ontology/Place>	<http://ja.dbpedia.org/property/隣接自治体>	"隣接自治体"@ja	<http://ja.wikipedia.org/wiki/府中市_(東京都)>	<http://wikidata.dbpedia.org/resource/Q208818>
<http://ja.dbpedia.org/resource/府中市_(東京都)>	"府中市 (東京都)"@ja	<http://dbpedia.org/ontology/PopulatedPlace>	<http://ja.dbpedia.org/property/east>	"East"@ja	<http://ja.wikipedia.org/wiki/府中市_(東京都)>	<http://wikidata.dbpedia.org/resource/Q208818>
<http://ja.dbpedia.org/resource/日本共産党>	"日本共産党"@ja	<http://dbpedia.org/ontology/Organisation>	<http://ja.dbpedia.org/property/落選者推薦・支持>	"落選者推薦・支持"@ja	<http://ja.wikipedia.org/wiki/日本共産党>	<http://wikidata.dbpedia.org/resource/Q641600>
<http://ja.dbpedia.org/resource/日本共産党>	"日本共産党"@ja	<http://dbpedia.org/ontology/PoliticalParty>	<http://ja.dbpedia.org/property/落選者推薦・支持>	"落選者推薦・支持"@ja	<http://ja.wikipedia.org/wiki/日本共産党>	<http://wikidata.dbpedia.org/resource/Q641600>
<http://ja.dbpedia.org/resource/日本共産党>	"日本共産党"@ja	<http://dbpedia.org/ontology/Agent>	<http://ja.dbpedia.org/property/落選者推薦・支持>	"落選者推薦・支持"@ja	<http://ja.wikipedia.org/wiki/日本共産党>	<http://wikidata.dbpedia.org/resource/Q641600>
<http://ja.dbpedia.org/resource/昭島市>	"昭島市"@ja	<http://dbpedia.org/ontology/Location>	<http://ja.dbpedia.org/property/隣接自治体>	"隣接自治体"@ja	<http://ja.wikipedia.org/wiki/昭島市>	<http://wikidata.dbpedia.org/resource/Q212494>
<http://ja.dbpedia.org/resource/昭島市>	"昭島市"@ja	<http://dbpedia.org/ontology/Place>	<http://ja.dbpedia.org/property/north>	"North"@ja	<http://ja.wikipedia.org/wiki/昭島市>	<http://wikidata.dbpedia.org/resource/Q212494>
<http://ja.dbpedia.org/resource/昭島市>	"昭島市"@ja	<http://dbpedia.org/ontology/PopulatedPlace>	<http://ja.dbpedia.org/property/隣接自治体>	"隣接自治体"@ja	<http://ja.wikipedia.org/wiki/昭島市>	<http://wikidata.dbpedia.org/resource/Q212494>
<http://ja.dbpedia.org/resource/昭島市>	"昭島市"@ja	<http://dbpedia.org/ontology/City>	<http://ja.dbpedia.org/property/north>	"North"@ja	<http://ja.wikipedia.org/wiki/昭島市>	<http://wikidata.dbpedia.org/resource/Q212494>
<http://ja.dbpedia.org/resource/昭島市>	"昭島市"@ja	<http://dbpedia.org/ontology/Settlement>	<http://ja.dbpedia.org/property/隣接自治体>	"隣接自治体"@ja	<http://ja.wikipedia.org/wiki/昭島市>	<http://wikidata.dbpedia.org/resource/Q212494>
<http://ja.dbpedia.org/resource/昭島市>	"昭島市"@ja	<http://dbpedia.org/ontology/PopulatedPlace>	<http://ja.dbpedia.org/property/north>	"North"@ja	<http://ja.wikipedia.org/wiki/昭島市>	<http://wikidata.dbpedia.org/resource/Q212494>
<http://ja.dbpedia.org/resource/昭島市>	"昭島市"@ja	<http://dbpedia.org/ontology/Place>	<http://ja.dbpedia.org/property/隣接自治体>	"隣接自治体"@ja	<http://ja.wikipedia.org/wiki/昭島市>	<http://wikidata.dbpedia.org/resource/Q212494>
<http://ja.dbpedia.org/resource/昭島市>	"昭島市"@ja	<http://dbpedia.org/ontology/Location>	<http://ja.dbpedia.org/property/north>	"North"@ja	<http://ja.wikipedia.org/wiki/昭島市>	<http://wikidata.dbpedia.org/resource/Q212494>
<http://ja.dbpedia.org/resource/昭島市>	"昭島市"@ja	<http://dbpedia.org/ontology/City>	<http://ja.dbpedia.org/property/隣接自治体>	"隣接自治体"@ja	<http://ja.wikipedia.org/wiki/昭島市>	<http://wikidata.dbpedia.org/resource/Q212494>
<http://ja.dbpedia.org/resource/昭島市>	"昭島市"@ja	<http://dbpedia.org/ontology/Settlement>	<http://ja.dbpedia.org/property/north>	"North"@ja	<http://ja.wikipedia.org/wiki/昭島市>	<http://wikidata.dbpedia.org/resource/Q212494>
<http://ja.dbpedia.org/resource/東京・生活者ネットワーク>	"東京・生活者ネットワーク"@ja	<http://dbpedia.org/ontology/Organisation>	<http://ja.dbpedia.org/property/当選者推薦・支持>	"当選者推薦・支持"@ja	<http://ja.wikipedia.org/wiki/東京・生活者ネットワーク>	<http://wikidata.dbpedia.org/resource/Q5371319>
<http://ja.dbpedia.org/resource/東京・生活者ネットワーク>	"東京・生活者ネットワーク"@ja	<http://dbpedia.org/ontology/PoliticalParty>	<http://ja.dbpedia.org/property/当選者推薦・支持>	"当選者推薦・支持"@ja	<http://ja.wikipedia.org/wiki/東京・生活者ネットワーク>	<http://wikidata.dbpedia.org/resource/Q5371319>
<http://ja.dbpedia.org/resource/東京・生活者ネットワーク>	"東京・生活者ネットワーク"@ja	<http://dbpedia.org/ontology/Agent>	<http://ja.dbpedia.org/property/当選者推薦・支持>	"当選者推薦・支持"@ja	<http://ja.wikipedia.org/wiki/東京・生活者ネットワーク>	<http://wikidata.dbpedia.org/resource/Q5371319>
<http://ja.dbpedia.org/resource/立川市>	"立川市"@ja	<http://dbpedia.org/ontology/Place>	<http://ja.dbpedia.org/property/隣接自治体>	"隣接自治体"@ja	<http://ja.wikipedia.org/wiki/立川市>	<http://wikidata.dbpedia.org/resource/Q269634>
<http://ja.dbpedia.org/resource/立川市>	"立川市"@ja	<http://dbpedia.org/ontology/PopulatedPlace>	<http://ja.dbpedia.org/property/north>	"North"@ja	<http://ja.wikipedia.org/wiki/立川市>	<http://wikidata.dbpedia.org/resource/Q269634>
<http://ja.dbpedia.org/resource/立川市>	"立川市"@ja	<http://dbpedia.org/ontology/City>	<http://ja.dbpedia.org/property/隣接自治体>	"隣接自治体"@ja	<http://ja.wikipedia.org/wiki/立川市>	<http://wikidata.dbpedia.org/resource/Q269634>
<http://ja.dbpedia.org/resource/立川市>	"立川市"@ja	<http://dbpedia.org/ontology/Settlement>	<http://ja.dbpedia.org/property/north>	"North"@ja	<http://ja.wikipedia.org/wiki/立川市>	<http://wikidata.dbpedia.org/resource/Q269634>
<http://ja.dbpedia.org/resource/立川市>	"立川市"@ja	<http://dbpedia.org/ontology/Location>	<http://ja.dbpedia.org/property/north>	"North"@ja	<http://ja.wikipedia.org/wiki/立川市>	<http://wikidata.dbpedia.org/resource/Q269634>
<http://ja.dbpedia.org/resource/立川市>	"立川市"@ja	<http://dbpedia.org/ontology/Location>	<http://ja.dbpedia.org/property/隣接自治体>	"隣接自治体"@ja	<http://ja.wikipedia.org/wiki/立川市>	<http://wikidata.dbpedia.org/resource/Q269634>
<http://ja.dbpedia.org/resource/立川市>	"立川市"@ja	<http://dbpedia.org/ontology/Place>	<http://ja.dbpedia.org/property/north>	"North"@ja	<http://ja.wikipedia.org/wiki/立川市>	<http://wikidata.dbpedia.org/resource/Q269634>
<http://ja.dbpedia.org/resource/立川市>	"立川市"@ja	<http://dbpedia.org/ontology/Settlement>	<http://ja.dbpedia.org/property/隣接自治体>	"隣接自治体"@ja	<http://ja.wikipedia.org/wiki/立川市>	<http://wikidata.dbpedia.org/resource/Q269634>
<http://ja.dbpedia.org/resource/立川市>	"立川市"@ja	<http://dbpedia.org/ontology/PopulatedPlace>	<http://ja.dbpedia.org/property/隣接自治体>	"隣接自治体"@ja	<http://ja.wikipedia.org/wiki/立川市>	<http://wikidata.dbpedia.org/resource/Q269634>
<http://ja.dbpedia.org/resource/立川市>	"立川市"@ja	<http://dbpedia.org/ontology/City>	<http://ja.dbpedia.org/property/north>	"North"@ja	<http://ja.wikipedia.org/wiki/立川市>	<http://wikidata.dbpedia.org/resource/Q269634>
<http://ja.dbpedia.org/resource/自由民主党_(日本)>	"自由民主党 (日本)"@ja	<http://dbpedia.org/ontology/Agent>	<http://ja.dbpedia.org/property/当選者推薦・支持>	"当選者推薦・支持"@ja	<http://ja.wikipedia.org/wiki/自由民主党_(日本)>	<http://wikidata.dbpedia.org/resource/Q232595>
<http://ja.dbpedia.org/resource/自由民主党_(日本)>	"自由民主党 (日本)"@ja	<http://dbpedia.org/ontology/PoliticalParty>	<http://ja.dbpedia.org/property/当選者推薦・支持>	"当選者推薦・支持"@ja	<http://ja.wikipedia.org/wiki/自由民主党_(日本)>	<http://wikidata.dbpedia.org/resource/Q232595>
<http://ja.dbpedia.org/resource/自由民主党_(日本)>	"自由民主党 (日本)"@ja	<http://dbpedia.org/ontology/Organisation>	<http://ja.dbpedia.org/property/当選者推薦・支持>	"当選者推薦・支持"@ja	<http://ja.wikipedia.org/wiki/自由民主党_(日本)>	<http://wikidata.dbpedia.org/resource/Q232595>
<http://ja.dbpedia.org/resource/都民ファーストの会>	"都民ファーストの会"@ja	<http://dbpedia.org/ontology/PoliticalParty>	<http://ja.dbpedia.org/property/当選者推薦・支持>	"当選者推薦・支持"@ja	<http://ja.wikipedia.org/wiki/都民ファーストの会>	<http://wikidata.dbpedia.org/resource/Q28691678>
<http://ja.dbpedia.org/resource/都民ファーストの会>	"都民ファーストの会"@ja	<http://dbpedia.org/ontology/Agent>	<http://ja.dbpedia.org/property/当選者推薦・支持>	"当選者推薦・支持"@ja	<http://ja.wikipedia.org/wiki/都民ファーストの会>	<http://wikidata.dbpedia.org/resource/Q28691678>
<http://ja.dbpedia.org/resource/都民ファーストの会>	"都民ファーストの会"@ja	<http://dbpedia.org/ontology/Organisation>	<http://ja.dbpedia.org/property/当選者推薦・支持>	"当選者推薦・支持"@ja	<http://ja.wikipedia.org/wiki/都民ファーストの会>	<http://wikidata.dbpedia.org/resource/Q28691678>
<http://ja.dbpedia.org/resource/金剛寺_(日野市)>	"金剛寺 (日野市)"@ja	<http://dbpedia.org/ontology/ArchitecturalStructure>	<http://ja.dbpedia.org/property/画像の説明>	"画像の説明"@ja	<http://ja.wikipedia.org/wiki/金剛寺_(日野市)>	<http://wikidata.dbpedia.org/resource/Q6587312>
<http://ja.dbpedia.org/resource/金剛寺_(日野市)>	"金剛寺 (日野市)"@ja	<http://dbpedia.org/ontology/Temple>	<http://ja.dbpedia.org/property/画像の説明>	"画像の説明"@ja	<http://ja.wikipedia.org/wiki/金剛寺_(日野市)>	<http://wikidata.dbpedia.org/resource/Q6587312>
<http://ja.dbpedia.org/resource/金剛寺_(日野市)>	"金剛寺 (日野市)"@ja	<http://dbpedia.org/ontology/ReligiousBuilding>	<http://ja.dbpedia.org/property/画像の説明>	"画像の説明"@ja	<http://ja.wikipedia.org/wiki/金剛寺_(日野市)>	<http://wikidata.dbpedia.org/resource/Q6587312>
<http://ja.dbpedia.org/resource/金剛寺_(日野市)>	"金剛寺 (日野市)"@ja	<http://dbpedia.org/ontology/Building>	<http://ja.dbpedia.org/property/画像の説明>	"画像の説明"@ja	<http://ja.wikipedia.org/wiki/金剛寺_(日野市)>	<http://wikidata.dbpedia.org/resource/Q6587312>
