?s	?sLabel	?type	?p	?pLabel	?jwiki	?wd
<http://ja.dbpedia.org/resource/ケヤキ>	"ケヤキ"@ja	<http://dbpedia.org/ontology/Species>	<http://ja.dbpedia.org/property/木>	"木"@ja	<http://ja.wikipedia.org/wiki/ケヤキ>	<http://wikidata.dbpedia.org/resource/Q920344>
<http://ja.dbpedia.org/resource/ツツジ>	"ツツジ"@ja	<http://dbpedia.org/ontology/Species>	<http://ja.dbpedia.org/property/花>	"花"@ja	<http://ja.wikipedia.org/wiki/ツツジ>	<http://wikidata.dbpedia.org/resource/Q189393>
<http://ja.dbpedia.org/resource/ハクセキレイ>	"ハクセキレイ"@ja	<http://dbpedia.org/ontology/Species>	<http://ja.dbpedia.org/property/鳥など>	"鳥など"@ja	<http://ja.wikipedia.org/wiki/ハクセキレイ>	<http://wikidata.dbpedia.org/resource/Q2897097>
<http://ja.dbpedia.org/resource/小平市>	"小平市"@ja	<http://dbpedia.org/ontology/Place>	<http://ja.dbpedia.org/property/south>	"South"@ja	<http://ja.wikipedia.org/wiki/小平市>	<http://wikidata.dbpedia.org/resource/Q213278>
<http://ja.dbpedia.org/resource/小平市>	"小平市"@ja	<http://dbpedia.org/ontology/PopulatedPlace>	<http://ja.dbpedia.org/property/隣接自治体>	"隣接自治体"@ja	<http://ja.wikipedia.org/wiki/小平市>	<http://wikidata.dbpedia.org/resource/Q213278>
<http://ja.dbpedia.org/resource/小平市>	"小平市"@ja	<http://dbpedia.org/ontology/City>	<http://ja.dbpedia.org/property/south>	"South"@ja	<http://ja.wikipedia.org/wiki/小平市>	<http://wikidata.dbpedia.org/resource/Q213278>
<http://ja.dbpedia.org/resource/小平市>	"小平市"@ja	<http://dbpedia.org/ontology/Settlement>	<http://ja.dbpedia.org/property/隣接自治体>	"隣接自治体"@ja	<http://ja.wikipedia.org/wiki/小平市>	<http://wikidata.dbpedia.org/resource/Q213278>
<http://ja.dbpedia.org/resource/小平市>	"小平市"@ja	<http://dbpedia.org/ontology/Location>	<http://ja.dbpedia.org/property/隣接自治体>	"隣接自治体"@ja	<http://ja.wikipedia.org/wiki/小平市>	<http://wikidata.dbpedia.org/resource/Q213278>
<http://ja.dbpedia.org/resource/小平市>	"小平市"@ja	<http://dbpedia.org/ontology/PopulatedPlace>	<http://ja.dbpedia.org/property/south>	"South"@ja	<http://ja.wikipedia.org/wiki/小平市>	<http://wikidata.dbpedia.org/resource/Q213278>
<http://ja.dbpedia.org/resource/小平市>	"小平市"@ja	<http://dbpedia.org/ontology/City>	<http://ja.dbpedia.org/property/隣接自治体>	"隣接自治体"@ja	<http://ja.wikipedia.org/wiki/小平市>	<http://wikidata.dbpedia.org/resource/Q213278>
<http://ja.dbpedia.org/resource/小平市>	"小平市"@ja	<http://dbpedia.org/ontology/Settlement>	<http://ja.dbpedia.org/property/south>	"South"@ja	<http://ja.wikipedia.org/wiki/小平市>	<http://wikidata.dbpedia.org/resource/Q213278>
<http://ja.dbpedia.org/resource/小平市>	"小平市"@ja	<http://dbpedia.org/ontology/Location>	<http://ja.dbpedia.org/property/south>	"South"@ja	<http://ja.wikipedia.org/wiki/小平市>	<http://wikidata.dbpedia.org/resource/Q213278>
<http://ja.dbpedia.org/resource/小平市>	"小平市"@ja	<http://dbpedia.org/ontology/Place>	<http://ja.dbpedia.org/property/隣接自治体>	"隣接自治体"@ja	<http://ja.wikipedia.org/wiki/小平市>	<http://wikidata.dbpedia.org/resource/Q213278>
<http://ja.dbpedia.org/resource/東久留米市>	"東久留米市"@ja	<http://dbpedia.org/ontology/City>	<http://ja.dbpedia.org/property/east>	"East"@ja	<http://ja.wikipedia.org/wiki/東久留米市>	<http://wikidata.dbpedia.org/resource/Q317830>
<http://ja.dbpedia.org/resource/東久留米市>	"東久留米市"@ja	<http://dbpedia.org/ontology/Settlement>	<http://ja.dbpedia.org/property/隣接自治体>	"隣接自治体"@ja	<http://ja.wikipedia.org/wiki/東久留米市>	<http://wikidata.dbpedia.org/resource/Q317830>
<http://ja.dbpedia.org/resource/東久留米市>	"東久留米市"@ja	<http://dbpedia.org/ontology/PopulatedPlace>	<http://ja.dbpedia.org/property/隣接自治体>	"隣接自治体"@ja	<http://ja.wikipedia.org/wiki/東久留米市>	<http://wikidata.dbpedia.org/resource/Q317830>
<http://ja.dbpedia.org/resource/東久留米市>	"東久留米市"@ja	<http://dbpedia.org/ontology/Place>	<http://ja.dbpedia.org/property/east>	"East"@ja	<http://ja.wikipedia.org/wiki/東久留米市>	<http://wikidata.dbpedia.org/resource/Q317830>
<http://ja.dbpedia.org/resource/東久留米市>	"東久留米市"@ja	<http://dbpedia.org/ontology/Location>	<http://ja.dbpedia.org/property/隣接自治体>	"隣接自治体"@ja	<http://ja.wikipedia.org/wiki/東久留米市>	<http://wikidata.dbpedia.org/resource/Q317830>
<http://ja.dbpedia.org/resource/東久留米市>	"東久留米市"@ja	<http://dbpedia.org/ontology/PopulatedPlace>	<http://ja.dbpedia.org/property/east>	"East"@ja	<http://ja.wikipedia.org/wiki/東久留米市>	<http://wikidata.dbpedia.org/resource/Q317830>
<http://ja.dbpedia.org/resource/東久留米市>	"東久留米市"@ja	<http://dbpedia.org/ontology/City>	<http://ja.dbpedia.org/property/隣接自治体>	"隣接自治体"@ja	<http://ja.wikipedia.org/wiki/東久留米市>	<http://wikidata.dbpedia.org/resource/Q317830>
<http://ja.dbpedia.org/resource/東久留米市>	"東久留米市"@ja	<http://dbpedia.org/ontology/Settlement>	<http://ja.dbpedia.org/property/east>	"East"@ja	<http://ja.wikipedia.org/wiki/東久留米市>	<http://wikidata.dbpedia.org/resource/Q317830>
<http://ja.dbpedia.org/resource/東久留米市>	"東久留米市"@ja	<http://dbpedia.org/ontology/Location>	<http://ja.dbpedia.org/property/east>	"East"@ja	<http://ja.wikipedia.org/wiki/東久留米市>	<http://wikidata.dbpedia.org/resource/Q317830>
<http://ja.dbpedia.org/resource/東久留米市>	"東久留米市"@ja	<http://dbpedia.org/ontology/Place>	<http://ja.dbpedia.org/property/隣接自治体>	"隣接自治体"@ja	<http://ja.wikipedia.org/wiki/東久留米市>	<http://wikidata.dbpedia.org/resource/Q317830>
<http://ja.dbpedia.org/resource/東大和市>	"東大和市"@ja	<http://dbpedia.org/ontology/City>	<http://ja.dbpedia.org/property/west>	"West"@ja	<http://ja.wikipedia.org/wiki/東大和市>	<http://wikidata.dbpedia.org/resource/Q390788>
<http://ja.dbpedia.org/resource/東大和市>	"東大和市"@ja	<http://dbpedia.org/ontology/Settlement>	<http://ja.dbpedia.org/property/隣接自治体>	"隣接自治体"@ja	<http://ja.wikipedia.org/wiki/東大和市>	<http://wikidata.dbpedia.org/resource/Q390788>
<http://ja.dbpedia.org/resource/東大和市>	"東大和市"@ja	<http://dbpedia.org/ontology/PopulatedPlace>	<http://ja.dbpedia.org/property/隣接自治体>	"隣接自治体"@ja	<http://ja.wikipedia.org/wiki/東大和市>	<http://wikidata.dbpedia.org/resource/Q390788>
<http://ja.dbpedia.org/resource/東大和市>	"東大和市"@ja	<http://dbpedia.org/ontology/Place>	<http://ja.dbpedia.org/property/west>	"West"@ja	<http://ja.wikipedia.org/wiki/東大和市>	<http://wikidata.dbpedia.org/resource/Q390788>
<http://ja.dbpedia.org/resource/東大和市>	"東大和市"@ja	<http://dbpedia.org/ontology/Location>	<http://ja.dbpedia.org/property/隣接自治体>	"隣接自治体"@ja	<http://ja.wikipedia.org/wiki/東大和市>	<http://wikidata.dbpedia.org/resource/Q390788>
<http://ja.dbpedia.org/resource/東大和市>	"東大和市"@ja	<http://dbpedia.org/ontology/Location>	<http://ja.dbpedia.org/property/west>	"West"@ja	<http://ja.wikipedia.org/wiki/東大和市>	<http://wikidata.dbpedia.org/resource/Q390788>
<http://ja.dbpedia.org/resource/東大和市>	"東大和市"@ja	<http://dbpedia.org/ontology/Place>	<http://ja.dbpedia.org/property/隣接自治体>	"隣接自治体"@ja	<http://ja.wikipedia.org/wiki/東大和市>	<http://wikidata.dbpedia.org/resource/Q390788>
<http://ja.dbpedia.org/resource/東大和市>	"東大和市"@ja	<http://dbpedia.org/ontology/Settlement>	<http://ja.dbpedia.org/property/west>	"West"@ja	<http://ja.wikipedia.org/wiki/東大和市>	<http://wikidata.dbpedia.org/resource/Q390788>
<http://ja.dbpedia.org/resource/東大和市>	"東大和市"@ja	<http://dbpedia.org/ontology/PopulatedPlace>	<http://ja.dbpedia.org/property/west>	"West"@ja	<http://ja.wikipedia.org/wiki/東大和市>	<http://wikidata.dbpedia.org/resource/Q390788>
<http://ja.dbpedia.org/resource/東大和市>	"東大和市"@ja	<http://dbpedia.org/ontology/City>	<http://ja.dbpedia.org/property/隣接自治体>	"隣接自治体"@ja	<http://ja.wikipedia.org/wiki/東大和市>	<http://wikidata.dbpedia.org/resource/Q390788>
<http://ja.dbpedia.org/resource/正福寺_(東村山市)>	"正福寺 (東村山市)"@ja	<http://dbpedia.org/ontology/ArchitecturalStructure>	<http://ja.dbpedia.org/property/画像の説明>	"画像の説明"@ja	<http://ja.wikipedia.org/wiki/正福寺_(東村山市)>	<http://wikidata.dbpedia.org/resource/Q3482770>
<http://ja.dbpedia.org/resource/正福寺_(東村山市)>	"正福寺 (東村山市)"@ja	<http://dbpedia.org/ontology/Temple>	<http://ja.dbpedia.org/property/画像の説明>	"画像の説明"@ja	<http://ja.wikipedia.org/wiki/正福寺_(東村山市)>	<http://wikidata.dbpedia.org/resource/Q3482770>
<http://ja.dbpedia.org/resource/正福寺_(東村山市)>	"正福寺 (東村山市)"@ja	<http://dbpedia.org/ontology/Building>	<http://ja.dbpedia.org/property/画像の説明>	"画像の説明"@ja	<http://ja.wikipedia.org/wiki/正福寺_(東村山市)>	<http://wikidata.dbpedia.org/resource/Q3482770>
<http://ja.dbpedia.org/resource/正福寺_(東村山市)>	"正福寺 (東村山市)"@ja	<http://dbpedia.org/ontology/ReligiousBuilding>	<http://ja.dbpedia.org/property/画像の説明>	"画像の説明"@ja	<http://ja.wikipedia.org/wiki/正福寺_(東村山市)>	<http://wikidata.dbpedia.org/resource/Q3482770>
<http://ja.dbpedia.org/resource/清瀬市>	"清瀬市"@ja	<http://dbpedia.org/ontology/Place>	<http://ja.dbpedia.org/property/隣接自治体>	"隣接自治体"@ja	<http://ja.wikipedia.org/wiki/清瀬市>	<http://wikidata.dbpedia.org/resource/Q329754>
<http://ja.dbpedia.org/resource/清瀬市>	"清瀬市"@ja	<http://dbpedia.org/ontology/PopulatedPlace>	<http://ja.dbpedia.org/property/northeast>	"Northeast"@ja	<http://ja.wikipedia.org/wiki/清瀬市>	<http://wikidata.dbpedia.org/resource/Q329754>
<http://ja.dbpedia.org/resource/清瀬市>	"清瀬市"@ja	<http://dbpedia.org/ontology/Location>	<http://ja.dbpedia.org/property/northeast>	"Northeast"@ja	<http://ja.wikipedia.org/wiki/清瀬市>	<http://wikidata.dbpedia.org/resource/Q329754>
<http://ja.dbpedia.org/resource/清瀬市>	"清瀬市"@ja	<http://dbpedia.org/ontology/City>	<http://ja.dbpedia.org/property/隣接自治体>	"隣接自治体"@ja	<http://ja.wikipedia.org/wiki/清瀬市>	<http://wikidata.dbpedia.org/resource/Q329754>
<http://ja.dbpedia.org/resource/清瀬市>	"清瀬市"@ja	<http://dbpedia.org/ontology/Settlement>	<http://ja.dbpedia.org/property/northeast>	"Northeast"@ja	<http://ja.wikipedia.org/wiki/清瀬市>	<http://wikidata.dbpedia.org/resource/Q329754>
<http://ja.dbpedia.org/resource/清瀬市>	"清瀬市"@ja	<http://dbpedia.org/ontology/Settlement>	<http://ja.dbpedia.org/property/隣接自治体>	"隣接自治体"@ja	<http://ja.wikipedia.org/wiki/清瀬市>	<http://wikidata.dbpedia.org/resource/Q329754>
<http://ja.dbpedia.org/resource/清瀬市>	"清瀬市"@ja	<http://dbpedia.org/ontology/City>	<http://ja.dbpedia.org/property/northeast>	"Northeast"@ja	<http://ja.wikipedia.org/wiki/清瀬市>	<http://wikidata.dbpedia.org/resource/Q329754>
<http://ja.dbpedia.org/resource/清瀬市>	"清瀬市"@ja	<http://dbpedia.org/ontology/PopulatedPlace>	<http://ja.dbpedia.org/property/隣接自治体>	"隣接自治体"@ja	<http://ja.wikipedia.org/wiki/清瀬市>	<http://wikidata.dbpedia.org/resource/Q329754>
<http://ja.dbpedia.org/resource/清瀬市>	"清瀬市"@ja	<http://dbpedia.org/ontology/Place>	<http://ja.dbpedia.org/property/northeast>	"Northeast"@ja	<http://ja.wikipedia.org/wiki/清瀬市>	<http://wikidata.dbpedia.org/resource/Q329754>
<http://ja.dbpedia.org/resource/清瀬市>	"清瀬市"@ja	<http://dbpedia.org/ontology/Location>	<http://ja.dbpedia.org/property/隣接自治体>	"隣接自治体"@ja	<http://ja.wikipedia.org/wiki/清瀬市>	<http://wikidata.dbpedia.org/resource/Q329754>
