?s	?sLabel	?type	?p	?pLabel	?jwiki	?wd
<http://ja.dbpedia.org/resource/エノキ>	"エノキ"@ja	<http://dbpedia.org/ontology/Species>	<http://ja.dbpedia.org/property/木>	"木"@ja	<http://ja.wikipedia.org/wiki/エノキ>	<http://wikidata.dbpedia.org/resource/Q706339>
<http://ja.dbpedia.org/resource/チャノキ>	"チャノキ"@ja	<http://dbpedia.org/ontology/Eukaryote>	<http://ja.dbpedia.org/property/花>	"花"@ja	<http://ja.wikipedia.org/wiki/チャノキ>	<http://wikidata.dbpedia.org/resource/Q101815>
<http://ja.dbpedia.org/resource/チャノキ>	"チャノキ"@ja	<http://dbpedia.org/ontology/Plant>	<http://ja.dbpedia.org/property/花>	"花"@ja	<http://ja.wikipedia.org/wiki/チャノキ>	<http://wikidata.dbpedia.org/resource/Q101815>
<http://ja.dbpedia.org/resource/チャノキ>	"チャノキ"@ja	<http://dbpedia.org/ontology/Species>	<http://ja.dbpedia.org/property/花>	"花"@ja	<http://ja.wikipedia.org/wiki/チャノキ>	<http://wikidata.dbpedia.org/resource/Q101815>
<http://ja.dbpedia.org/resource/メジロ>	"メジロ"@ja	<http://dbpedia.org/ontology/Species>	<http://ja.dbpedia.org/property/鳥など>	"鳥など"@ja	<http://ja.wikipedia.org/wiki/メジロ>	<http://wikidata.dbpedia.org/resource/Q700028>
<http://ja.dbpedia.org/resource/東大和市>	"東大和市"@ja	<http://dbpedia.org/ontology/Location>	<http://ja.dbpedia.org/property/east>	"East"@ja	<http://ja.wikipedia.org/wiki/東大和市>	<http://wikidata.dbpedia.org/resource/Q390788>
<http://ja.dbpedia.org/resource/東大和市>	"東大和市"@ja	<http://dbpedia.org/ontology/City>	<http://ja.dbpedia.org/property/east>	"East"@ja	<http://ja.wikipedia.org/wiki/東大和市>	<http://wikidata.dbpedia.org/resource/Q390788>
<http://ja.dbpedia.org/resource/東大和市>	"東大和市"@ja	<http://dbpedia.org/ontology/PopulatedPlace>	<http://ja.dbpedia.org/property/east>	"East"@ja	<http://ja.wikipedia.org/wiki/東大和市>	<http://wikidata.dbpedia.org/resource/Q390788>
<http://ja.dbpedia.org/resource/東大和市>	"東大和市"@ja	<http://dbpedia.org/ontology/Settlement>	<http://ja.dbpedia.org/property/east>	"East"@ja	<http://ja.wikipedia.org/wiki/東大和市>	<http://wikidata.dbpedia.org/resource/Q390788>
<http://ja.dbpedia.org/resource/東大和市>	"東大和市"@ja	<http://dbpedia.org/ontology/Place>	<http://ja.dbpedia.org/property/east>	"East"@ja	<http://ja.wikipedia.org/wiki/東大和市>	<http://wikidata.dbpedia.org/resource/Q390788>
<http://ja.dbpedia.org/resource/福生市>	"福生市"@ja	<http://dbpedia.org/ontology/City>	<http://ja.dbpedia.org/property/southwest>	"Southwest"@ja	<http://ja.wikipedia.org/wiki/福生市>	<http://wikidata.dbpedia.org/resource/Q317813>
<http://ja.dbpedia.org/resource/福生市>	"福生市"@ja	<http://dbpedia.org/ontology/PopulatedPlace>	<http://ja.dbpedia.org/property/southwest>	"Southwest"@ja	<http://ja.wikipedia.org/wiki/福生市>	<http://wikidata.dbpedia.org/resource/Q317813>
<http://ja.dbpedia.org/resource/福生市>	"福生市"@ja	<http://dbpedia.org/ontology/Place>	<http://ja.dbpedia.org/property/southwest>	"Southwest"@ja	<http://ja.wikipedia.org/wiki/福生市>	<http://wikidata.dbpedia.org/resource/Q317813>
<http://ja.dbpedia.org/resource/福生市>	"福生市"@ja	<http://dbpedia.org/ontology/Location>	<http://ja.dbpedia.org/property/southwest>	"Southwest"@ja	<http://ja.wikipedia.org/wiki/福生市>	<http://wikidata.dbpedia.org/resource/Q317813>
<http://ja.dbpedia.org/resource/福生市>	"福生市"@ja	<http://dbpedia.org/ontology/Settlement>	<http://ja.dbpedia.org/property/southwest>	"Southwest"@ja	<http://ja.wikipedia.org/wiki/福生市>	<http://wikidata.dbpedia.org/resource/Q317813>
<http://ja.dbpedia.org/resource/立川市>	"立川市"@ja	<http://dbpedia.org/ontology/Location>	<http://ja.dbpedia.org/property/south>	"South"@ja	<http://ja.wikipedia.org/wiki/立川市>	<http://wikidata.dbpedia.org/resource/Q269634>
<http://ja.dbpedia.org/resource/立川市>	"立川市"@ja	<http://dbpedia.org/ontology/Settlement>	<http://ja.dbpedia.org/property/south>	"South"@ja	<http://ja.wikipedia.org/wiki/立川市>	<http://wikidata.dbpedia.org/resource/Q269634>
<http://ja.dbpedia.org/resource/立川市>	"立川市"@ja	<http://dbpedia.org/ontology/Place>	<http://ja.dbpedia.org/property/south>	"South"@ja	<http://ja.wikipedia.org/wiki/立川市>	<http://wikidata.dbpedia.org/resource/Q269634>
<http://ja.dbpedia.org/resource/立川市>	"立川市"@ja	<http://dbpedia.org/ontology/City>	<http://ja.dbpedia.org/property/south>	"South"@ja	<http://ja.wikipedia.org/wiki/立川市>	<http://wikidata.dbpedia.org/resource/Q269634>
<http://ja.dbpedia.org/resource/立川市>	"立川市"@ja	<http://dbpedia.org/ontology/PopulatedPlace>	<http://ja.dbpedia.org/property/south>	"South"@ja	<http://ja.wikipedia.org/wiki/立川市>	<http://wikidata.dbpedia.org/resource/Q269634>
<http://ja.dbpedia.org/resource/野山北・六道山公園>	"野山北・六道山公園"@ja	<http://dbpedia.org/ontology/Location>	<http://ja.dbpedia.org/property/画像の説明>	"画像の説明"@ja	<http://ja.wikipedia.org/wiki/野山北・六道山公園>	<http://wikidata.dbpedia.org/resource/Q6631515>
<http://ja.dbpedia.org/resource/野山北・六道山公園>	"野山北・六道山公園"@ja	<http://dbpedia.org/ontology/Place>	<http://ja.dbpedia.org/property/画像の説明>	"画像の説明"@ja	<http://ja.wikipedia.org/wiki/野山北・六道山公園>	<http://wikidata.dbpedia.org/resource/Q6631515>
<http://ja.dbpedia.org/resource/野山北・六道山公園>	"野山北・六道山公園"@ja	<http://dbpedia.org/ontology/Park>	<http://ja.dbpedia.org/property/画像の説明>	"画像の説明"@ja	<http://ja.wikipedia.org/wiki/野山北・六道山公園>	<http://wikidata.dbpedia.org/resource/Q6631515>
