?s	?sLabel	?type	?p	?pLabel	?jwiki	?wd
<http://ja.dbpedia.org/resource/オナガ>	"オナガ"@ja	<http://dbpedia.org/ontology/Species>	<http://ja.dbpedia.org/property/鳥など>	"鳥など"@ja	<http://ja.wikipedia.org/wiki/オナガ>	<http://wikidata.dbpedia.org/resource/Q503807>
<http://ja.dbpedia.org/resource/ケヤキ>	"ケヤキ"@ja	<http://dbpedia.org/ontology/Species>	<http://ja.dbpedia.org/property/木>	"木"@ja	<http://ja.wikipedia.org/wiki/ケヤキ>	<http://wikidata.dbpedia.org/resource/Q920344>
<http://ja.dbpedia.org/resource/サザンカ>	"サザンカ"@ja	<http://dbpedia.org/ontology/Species>	<http://ja.dbpedia.org/property/花>	"花"@ja	<http://ja.wikipedia.org/wiki/サザンカ>	<http://wikidata.dbpedia.org/resource/Q2590046>
<http://ja.dbpedia.org/resource/埼玉県>	"埼玉県"@ja	<http://dbpedia.org/ontology/Place>	<http://ja.dbpedia.org/property/隣接自治体>	"隣接自治体"@ja	<http://ja.wikipedia.org/wiki/埼玉県>	<http://wikidata.dbpedia.org/resource/Q128186>
<http://ja.dbpedia.org/resource/埼玉県>	"埼玉県"@ja	<http://dbpedia.org/ontology/AdministrativeRegion>	<http://ja.dbpedia.org/property/隣接自治体>	"隣接自治体"@ja	<http://ja.wikipedia.org/wiki/埼玉県>	<http://wikidata.dbpedia.org/resource/Q128186>
<http://ja.dbpedia.org/resource/埼玉県>	"埼玉県"@ja	<http://dbpedia.org/ontology/PopulatedPlace>	<http://ja.dbpedia.org/property/隣接自治体>	"隣接自治体"@ja	<http://ja.wikipedia.org/wiki/埼玉県>	<http://wikidata.dbpedia.org/resource/Q128186>
<http://ja.dbpedia.org/resource/埼玉県>	"埼玉県"@ja	<http://dbpedia.org/ontology/Location>	<http://ja.dbpedia.org/property/隣接自治体>	"隣接自治体"@ja	<http://ja.wikipedia.org/wiki/埼玉県>	<http://wikidata.dbpedia.org/resource/Q128186>
<http://ja.dbpedia.org/resource/埼玉県>	"埼玉県"@ja	<http://dbpedia.org/ontology/Region>	<http://ja.dbpedia.org/property/隣接自治体>	"隣接自治体"@ja	<http://ja.wikipedia.org/wiki/埼玉県>	<http://wikidata.dbpedia.org/resource/Q128186>
<http://ja.dbpedia.org/resource/所沢市>	"所沢市"@ja	<http://dbpedia.org/ontology/City>	<http://ja.dbpedia.org/property/隣接自治体>	"隣接自治体"@ja	<http://ja.wikipedia.org/wiki/所沢市>	<http://wikidata.dbpedia.org/resource/Q165857>
<http://ja.dbpedia.org/resource/所沢市>	"所沢市"@ja	<http://dbpedia.org/ontology/PopulatedPlace>	<http://ja.dbpedia.org/property/隣接自治体>	"隣接自治体"@ja	<http://ja.wikipedia.org/wiki/所沢市>	<http://wikidata.dbpedia.org/resource/Q165857>
<http://ja.dbpedia.org/resource/所沢市>	"所沢市"@ja	<http://dbpedia.org/ontology/Place>	<http://ja.dbpedia.org/property/隣接自治体>	"隣接自治体"@ja	<http://ja.wikipedia.org/wiki/所沢市>	<http://wikidata.dbpedia.org/resource/Q165857>
<http://ja.dbpedia.org/resource/所沢市>	"所沢市"@ja	<http://dbpedia.org/ontology/Location>	<http://ja.dbpedia.org/property/隣接自治体>	"隣接自治体"@ja	<http://ja.wikipedia.org/wiki/所沢市>	<http://wikidata.dbpedia.org/resource/Q165857>
<http://ja.dbpedia.org/resource/所沢市>	"所沢市"@ja	<http://dbpedia.org/ontology/Settlement>	<http://ja.dbpedia.org/property/隣接自治体>	"隣接自治体"@ja	<http://ja.wikipedia.org/wiki/所沢市>	<http://wikidata.dbpedia.org/resource/Q165857>
<http://ja.dbpedia.org/resource/新座市>	"新座市"@ja	<http://dbpedia.org/ontology/Location>	<http://ja.dbpedia.org/property/隣接自治体>	"隣接自治体"@ja	<http://ja.wikipedia.org/wiki/新座市>	<http://wikidata.dbpedia.org/resource/Q386691>
<http://ja.dbpedia.org/resource/新座市>	"新座市"@ja	<http://dbpedia.org/ontology/Settlement>	<http://ja.dbpedia.org/property/隣接自治体>	"隣接自治体"@ja	<http://ja.wikipedia.org/wiki/新座市>	<http://wikidata.dbpedia.org/resource/Q386691>
<http://ja.dbpedia.org/resource/新座市>	"新座市"@ja	<http://dbpedia.org/ontology/Place>	<http://ja.dbpedia.org/property/隣接自治体>	"隣接自治体"@ja	<http://ja.wikipedia.org/wiki/新座市>	<http://wikidata.dbpedia.org/resource/Q386691>
<http://ja.dbpedia.org/resource/新座市>	"新座市"@ja	<http://dbpedia.org/ontology/City>	<http://ja.dbpedia.org/property/隣接自治体>	"隣接自治体"@ja	<http://ja.wikipedia.org/wiki/新座市>	<http://wikidata.dbpedia.org/resource/Q386691>
<http://ja.dbpedia.org/resource/新座市>	"新座市"@ja	<http://dbpedia.org/ontology/PopulatedPlace>	<http://ja.dbpedia.org/property/隣接自治体>	"隣接自治体"@ja	<http://ja.wikipedia.org/wiki/新座市>	<http://wikidata.dbpedia.org/resource/Q386691>
<http://ja.dbpedia.org/resource/東久留米市>	"東久留米市"@ja	<http://dbpedia.org/ontology/PopulatedPlace>	<http://ja.dbpedia.org/property/隣接自治体>	"隣接自治体"@ja	<http://ja.wikipedia.org/wiki/東久留米市>	<http://wikidata.dbpedia.org/resource/Q317830>
<http://ja.dbpedia.org/resource/東久留米市>	"東久留米市"@ja	<http://dbpedia.org/ontology/Settlement>	<http://ja.dbpedia.org/property/south>	"South"@ja	<http://ja.wikipedia.org/wiki/東久留米市>	<http://wikidata.dbpedia.org/resource/Q317830>
<http://ja.dbpedia.org/resource/東久留米市>	"東久留米市"@ja	<http://dbpedia.org/ontology/City>	<http://ja.dbpedia.org/property/隣接自治体>	"隣接自治体"@ja	<http://ja.wikipedia.org/wiki/東久留米市>	<http://wikidata.dbpedia.org/resource/Q317830>
<http://ja.dbpedia.org/resource/東久留米市>	"東久留米市"@ja	<http://dbpedia.org/ontology/Settlement>	<http://ja.dbpedia.org/property/隣接自治体>	"隣接自治体"@ja	<http://ja.wikipedia.org/wiki/東久留米市>	<http://wikidata.dbpedia.org/resource/Q317830>
<http://ja.dbpedia.org/resource/東久留米市>	"東久留米市"@ja	<http://dbpedia.org/ontology/Location>	<http://ja.dbpedia.org/property/隣接自治体>	"隣接自治体"@ja	<http://ja.wikipedia.org/wiki/東久留米市>	<http://wikidata.dbpedia.org/resource/Q317830>
<http://ja.dbpedia.org/resource/東久留米市>	"東久留米市"@ja	<http://dbpedia.org/ontology/PopulatedPlace>	<http://ja.dbpedia.org/property/south>	"South"@ja	<http://ja.wikipedia.org/wiki/東久留米市>	<http://wikidata.dbpedia.org/resource/Q317830>
<http://ja.dbpedia.org/resource/東久留米市>	"東久留米市"@ja	<http://dbpedia.org/ontology/Place>	<http://ja.dbpedia.org/property/south>	"South"@ja	<http://ja.wikipedia.org/wiki/東久留米市>	<http://wikidata.dbpedia.org/resource/Q317830>
<http://ja.dbpedia.org/resource/東久留米市>	"東久留米市"@ja	<http://dbpedia.org/ontology/Place>	<http://ja.dbpedia.org/property/隣接自治体>	"隣接自治体"@ja	<http://ja.wikipedia.org/wiki/東久留米市>	<http://wikidata.dbpedia.org/resource/Q317830>
<http://ja.dbpedia.org/resource/東久留米市>	"東久留米市"@ja	<http://dbpedia.org/ontology/City>	<http://ja.dbpedia.org/property/south>	"South"@ja	<http://ja.wikipedia.org/wiki/東久留米市>	<http://wikidata.dbpedia.org/resource/Q317830>
<http://ja.dbpedia.org/resource/東久留米市>	"東久留米市"@ja	<http://dbpedia.org/ontology/Location>	<http://ja.dbpedia.org/property/south>	"South"@ja	<http://ja.wikipedia.org/wiki/東久留米市>	<http://wikidata.dbpedia.org/resource/Q317830>
<http://ja.dbpedia.org/resource/東村山市>	"東村山市"@ja	<http://dbpedia.org/ontology/City>	<http://ja.dbpedia.org/property/west>	"West"@ja	<http://ja.wikipedia.org/wiki/東村山市>	<http://wikidata.dbpedia.org/resource/Q240489>
<http://ja.dbpedia.org/resource/東村山市>	"東村山市"@ja	<http://dbpedia.org/ontology/City>	<http://ja.dbpedia.org/property/隣接自治体>	"隣接自治体"@ja	<http://ja.wikipedia.org/wiki/東村山市>	<http://wikidata.dbpedia.org/resource/Q240489>
<http://ja.dbpedia.org/resource/東村山市>	"東村山市"@ja	<http://dbpedia.org/ontology/Place>	<http://ja.dbpedia.org/property/隣接自治体>	"隣接自治体"@ja	<http://ja.wikipedia.org/wiki/東村山市>	<http://wikidata.dbpedia.org/resource/Q240489>
<http://ja.dbpedia.org/resource/東村山市>	"東村山市"@ja	<http://dbpedia.org/ontology/PopulatedPlace>	<http://ja.dbpedia.org/property/隣接自治体>	"隣接自治体"@ja	<http://ja.wikipedia.org/wiki/東村山市>	<http://wikidata.dbpedia.org/resource/Q240489>
<http://ja.dbpedia.org/resource/東村山市>	"東村山市"@ja	<http://dbpedia.org/ontology/Settlement>	<http://ja.dbpedia.org/property/隣接自治体>	"隣接自治体"@ja	<http://ja.wikipedia.org/wiki/東村山市>	<http://wikidata.dbpedia.org/resource/Q240489>
<http://ja.dbpedia.org/resource/東村山市>	"東村山市"@ja	<http://dbpedia.org/ontology/Location>	<http://ja.dbpedia.org/property/west>	"West"@ja	<http://ja.wikipedia.org/wiki/東村山市>	<http://wikidata.dbpedia.org/resource/Q240489>
<http://ja.dbpedia.org/resource/東村山市>	"東村山市"@ja	<http://dbpedia.org/ontology/Location>	<http://ja.dbpedia.org/property/隣接自治体>	"隣接自治体"@ja	<http://ja.wikipedia.org/wiki/東村山市>	<http://wikidata.dbpedia.org/resource/Q240489>
<http://ja.dbpedia.org/resource/東村山市>	"東村山市"@ja	<http://dbpedia.org/ontology/PopulatedPlace>	<http://ja.dbpedia.org/property/west>	"West"@ja	<http://ja.wikipedia.org/wiki/東村山市>	<http://wikidata.dbpedia.org/resource/Q240489>
<http://ja.dbpedia.org/resource/東村山市>	"東村山市"@ja	<http://dbpedia.org/ontology/Place>	<http://ja.dbpedia.org/property/west>	"West"@ja	<http://ja.wikipedia.org/wiki/東村山市>	<http://wikidata.dbpedia.org/resource/Q240489>
<http://ja.dbpedia.org/resource/東村山市>	"東村山市"@ja	<http://dbpedia.org/ontology/Settlement>	<http://ja.dbpedia.org/property/west>	"West"@ja	<http://ja.wikipedia.org/wiki/東村山市>	<http://wikidata.dbpedia.org/resource/Q240489>
