?s	?sLabel	?type	?p	?pLabel	?jwiki	?wd
<http://ja.dbpedia.org/resource/よみうりランド>	"よみうりランド"@ja	<http://dbpedia.org/ontology/ArchitecturalStructure>	<http://ja.dbpedia.org/property/画像の説明>	"画像の説明"@ja	<http://ja.wikipedia.org/wiki/よみうりランド>	<http://wikidata.dbpedia.org/resource/Q1046970>
<http://ja.dbpedia.org/resource/イチョウ>	"イチョウ"@ja	<http://dbpedia.org/ontology/Species>	<http://ja.dbpedia.org/property/木>	"木"@ja	<http://ja.wikipedia.org/wiki/イチョウ>	<http://wikidata.dbpedia.org/resource/Q43284>
<http://ja.dbpedia.org/resource/ナシ>	"ナシ"@ja	<http://dbpedia.org/ontology/Species>	<http://ja.dbpedia.org/property/花>	"花"@ja	<http://ja.wikipedia.org/wiki/ナシ>	<http://wikidata.dbpedia.org/resource/Q56886361>
<http://ja.dbpedia.org/resource/多摩市>	"多摩市"@ja	<http://dbpedia.org/ontology/City>	<http://ja.dbpedia.org/property/west>	"West"@ja	<http://ja.wikipedia.org/wiki/多摩市>	<http://wikidata.dbpedia.org/resource/Q213263>
<http://ja.dbpedia.org/resource/多摩市>	"多摩市"@ja	<http://dbpedia.org/ontology/City>	<http://ja.dbpedia.org/property/隣接自治体>	"隣接自治体"@ja	<http://ja.wikipedia.org/wiki/多摩市>	<http://wikidata.dbpedia.org/resource/Q213263>
<http://ja.dbpedia.org/resource/多摩市>	"多摩市"@ja	<http://dbpedia.org/ontology/Location>	<http://ja.dbpedia.org/property/隣接自治体>	"隣接自治体"@ja	<http://ja.wikipedia.org/wiki/多摩市>	<http://wikidata.dbpedia.org/resource/Q213263>
<http://ja.dbpedia.org/resource/多摩市>	"多摩市"@ja	<http://dbpedia.org/ontology/Location>	<http://ja.dbpedia.org/property/west>	"West"@ja	<http://ja.wikipedia.org/wiki/多摩市>	<http://wikidata.dbpedia.org/resource/Q213263>
<http://ja.dbpedia.org/resource/多摩市>	"多摩市"@ja	<http://dbpedia.org/ontology/Place>	<http://ja.dbpedia.org/property/隣接自治体>	"隣接自治体"@ja	<http://ja.wikipedia.org/wiki/多摩市>	<http://wikidata.dbpedia.org/resource/Q213263>
<http://ja.dbpedia.org/resource/多摩市>	"多摩市"@ja	<http://dbpedia.org/ontology/Settlement>	<http://ja.dbpedia.org/property/隣接自治体>	"隣接自治体"@ja	<http://ja.wikipedia.org/wiki/多摩市>	<http://wikidata.dbpedia.org/resource/Q213263>
<http://ja.dbpedia.org/resource/多摩市>	"多摩市"@ja	<http://dbpedia.org/ontology/Settlement>	<http://ja.dbpedia.org/property/west>	"West"@ja	<http://ja.wikipedia.org/wiki/多摩市>	<http://wikidata.dbpedia.org/resource/Q213263>
<http://ja.dbpedia.org/resource/多摩市>	"多摩市"@ja	<http://dbpedia.org/ontology/Place>	<http://ja.dbpedia.org/property/west>	"West"@ja	<http://ja.wikipedia.org/wiki/多摩市>	<http://wikidata.dbpedia.org/resource/Q213263>
<http://ja.dbpedia.org/resource/多摩市>	"多摩市"@ja	<http://dbpedia.org/ontology/PopulatedPlace>	<http://ja.dbpedia.org/property/隣接自治体>	"隣接自治体"@ja	<http://ja.wikipedia.org/wiki/多摩市>	<http://wikidata.dbpedia.org/resource/Q213263>
<http://ja.dbpedia.org/resource/多摩市>	"多摩市"@ja	<http://dbpedia.org/ontology/PopulatedPlace>	<http://ja.dbpedia.org/property/west>	"West"@ja	<http://ja.wikipedia.org/wiki/多摩市>	<http://wikidata.dbpedia.org/resource/Q213263>
<http://ja.dbpedia.org/resource/府中市_(東京都)>	"府中市 (東京都)"@ja	<http://dbpedia.org/ontology/PopulatedPlace>	<http://ja.dbpedia.org/property/north>	"North"@ja	<http://ja.wikipedia.org/wiki/府中市_(東京都)>	<http://wikidata.dbpedia.org/resource/Q208818>
<http://ja.dbpedia.org/resource/府中市_(東京都)>	"府中市 (東京都)"@ja	<http://dbpedia.org/ontology/Location>	<http://ja.dbpedia.org/property/隣接自治体>	"隣接自治体"@ja	<http://ja.wikipedia.org/wiki/府中市_(東京都)>	<http://wikidata.dbpedia.org/resource/Q208818>
<http://ja.dbpedia.org/resource/府中市_(東京都)>	"府中市 (東京都)"@ja	<http://dbpedia.org/ontology/PopulatedPlace>	<http://ja.dbpedia.org/property/隣接自治体>	"隣接自治体"@ja	<http://ja.wikipedia.org/wiki/府中市_(東京都)>	<http://wikidata.dbpedia.org/resource/Q208818>
<http://ja.dbpedia.org/resource/府中市_(東京都)>	"府中市 (東京都)"@ja	<http://dbpedia.org/ontology/Place>	<http://ja.dbpedia.org/property/隣接自治体>	"隣接自治体"@ja	<http://ja.wikipedia.org/wiki/府中市_(東京都)>	<http://wikidata.dbpedia.org/resource/Q208818>
<http://ja.dbpedia.org/resource/府中市_(東京都)>	"府中市 (東京都)"@ja	<http://dbpedia.org/ontology/City>	<http://ja.dbpedia.org/property/north>	"North"@ja	<http://ja.wikipedia.org/wiki/府中市_(東京都)>	<http://wikidata.dbpedia.org/resource/Q208818>
<http://ja.dbpedia.org/resource/府中市_(東京都)>	"府中市 (東京都)"@ja	<http://dbpedia.org/ontology/Location>	<http://ja.dbpedia.org/property/north>	"North"@ja	<http://ja.wikipedia.org/wiki/府中市_(東京都)>	<http://wikidata.dbpedia.org/resource/Q208818>
<http://ja.dbpedia.org/resource/府中市_(東京都)>	"府中市 (東京都)"@ja	<http://dbpedia.org/ontology/Settlement>	<http://ja.dbpedia.org/property/隣接自治体>	"隣接自治体"@ja	<http://ja.wikipedia.org/wiki/府中市_(東京都)>	<http://wikidata.dbpedia.org/resource/Q208818>
<http://ja.dbpedia.org/resource/府中市_(東京都)>	"府中市 (東京都)"@ja	<http://dbpedia.org/ontology/City>	<http://ja.dbpedia.org/property/隣接自治体>	"隣接自治体"@ja	<http://ja.wikipedia.org/wiki/府中市_(東京都)>	<http://wikidata.dbpedia.org/resource/Q208818>
<http://ja.dbpedia.org/resource/府中市_(東京都)>	"府中市 (東京都)"@ja	<http://dbpedia.org/ontology/Settlement>	<http://ja.dbpedia.org/property/north>	"North"@ja	<http://ja.wikipedia.org/wiki/府中市_(東京都)>	<http://wikidata.dbpedia.org/resource/Q208818>
<http://ja.dbpedia.org/resource/府中市_(東京都)>	"府中市 (東京都)"@ja	<http://dbpedia.org/ontology/Place>	<http://ja.dbpedia.org/property/north>	"North"@ja	<http://ja.wikipedia.org/wiki/府中市_(東京都)>	<http://wikidata.dbpedia.org/resource/Q208818>
<http://ja.dbpedia.org/resource/調布市>	"調布市"@ja	<http://dbpedia.org/ontology/City>	<http://ja.dbpedia.org/property/隣接自治体>	"隣接自治体"@ja	<http://ja.wikipedia.org/wiki/調布市>	<http://wikidata.dbpedia.org/resource/Q210667>
<http://ja.dbpedia.org/resource/調布市>	"調布市"@ja	<http://dbpedia.org/ontology/Location>	<http://ja.dbpedia.org/property/隣接自治体>	"隣接自治体"@ja	<http://ja.wikipedia.org/wiki/調布市>	<http://wikidata.dbpedia.org/resource/Q210667>
<http://ja.dbpedia.org/resource/調布市>	"調布市"@ja	<http://dbpedia.org/ontology/Place>	<http://ja.dbpedia.org/property/northeast>	"Northeast"@ja	<http://ja.wikipedia.org/wiki/調布市>	<http://wikidata.dbpedia.org/resource/Q210667>
<http://ja.dbpedia.org/resource/調布市>	"調布市"@ja	<http://dbpedia.org/ontology/Place>	<http://ja.dbpedia.org/property/隣接自治体>	"隣接自治体"@ja	<http://ja.wikipedia.org/wiki/調布市>	<http://wikidata.dbpedia.org/resource/Q210667>
<http://ja.dbpedia.org/resource/調布市>	"調布市"@ja	<http://dbpedia.org/ontology/Settlement>	<http://ja.dbpedia.org/property/隣接自治体>	"隣接自治体"@ja	<http://ja.wikipedia.org/wiki/調布市>	<http://wikidata.dbpedia.org/resource/Q210667>
<http://ja.dbpedia.org/resource/調布市>	"調布市"@ja	<http://dbpedia.org/ontology/Location>	<http://ja.dbpedia.org/property/northeast>	"Northeast"@ja	<http://ja.wikipedia.org/wiki/調布市>	<http://wikidata.dbpedia.org/resource/Q210667>
<http://ja.dbpedia.org/resource/調布市>	"調布市"@ja	<http://dbpedia.org/ontology/City>	<http://ja.dbpedia.org/property/northeast>	"Northeast"@ja	<http://ja.wikipedia.org/wiki/調布市>	<http://wikidata.dbpedia.org/resource/Q210667>
<http://ja.dbpedia.org/resource/調布市>	"調布市"@ja	<http://dbpedia.org/ontology/PopulatedPlace>	<http://ja.dbpedia.org/property/northeast>	"Northeast"@ja	<http://ja.wikipedia.org/wiki/調布市>	<http://wikidata.dbpedia.org/resource/Q210667>
<http://ja.dbpedia.org/resource/調布市>	"調布市"@ja	<http://dbpedia.org/ontology/PopulatedPlace>	<http://ja.dbpedia.org/property/隣接自治体>	"隣接自治体"@ja	<http://ja.wikipedia.org/wiki/調布市>	<http://wikidata.dbpedia.org/resource/Q210667>
<http://ja.dbpedia.org/resource/調布市>	"調布市"@ja	<http://dbpedia.org/ontology/Settlement>	<http://ja.dbpedia.org/property/northeast>	"Northeast"@ja	<http://ja.wikipedia.org/wiki/調布市>	<http://wikidata.dbpedia.org/resource/Q210667>
