?s	?sLabel	?type	?p	?pLabel	?jwiki	?wd
<http://ja.dbpedia.org/resource/あきる野市>	"あきる野市"@ja	<http://dbpedia.org/ontology/City>	<http://ja.dbpedia.org/property/southwest>	"Southwest"@ja	<http://ja.wikipedia.org/wiki/あきる野市>	<http://wikidata.dbpedia.org/resource/Q240480>
<http://ja.dbpedia.org/resource/あきる野市>	"あきる野市"@ja	<http://dbpedia.org/ontology/Settlement>	<http://ja.dbpedia.org/property/southwest>	"Southwest"@ja	<http://ja.wikipedia.org/wiki/あきる野市>	<http://wikidata.dbpedia.org/resource/Q240480>
<http://ja.dbpedia.org/resource/あきる野市>	"あきる野市"@ja	<http://dbpedia.org/ontology/Place>	<http://ja.dbpedia.org/property/southwest>	"Southwest"@ja	<http://ja.wikipedia.org/wiki/あきる野市>	<http://wikidata.dbpedia.org/resource/Q240480>
<http://ja.dbpedia.org/resource/あきる野市>	"あきる野市"@ja	<http://dbpedia.org/ontology/PopulatedPlace>	<http://ja.dbpedia.org/property/southwest>	"Southwest"@ja	<http://ja.wikipedia.org/wiki/あきる野市>	<http://wikidata.dbpedia.org/resource/Q240480>
<http://ja.dbpedia.org/resource/あきる野市>	"あきる野市"@ja	<http://dbpedia.org/ontology/Location>	<http://ja.dbpedia.org/property/southwest>	"Southwest"@ja	<http://ja.wikipedia.org/wiki/あきる野市>	<http://wikidata.dbpedia.org/resource/Q240480>
<http://ja.dbpedia.org/resource/アオバズク>	"アオバズク"@ja	<http://dbpedia.org/ontology/Species>	<http://ja.dbpedia.org/property/鳥など>	"鳥など"@ja	<http://ja.wikipedia.org/wiki/アオバズク>	<http://wikidata.dbpedia.org/resource/Q1267748>
<http://ja.dbpedia.org/resource/イチョウ>	"イチョウ"@ja	<http://dbpedia.org/ontology/Species>	<http://ja.dbpedia.org/property/木>	"木"@ja	<http://ja.wikipedia.org/wiki/イチョウ>	<http://wikidata.dbpedia.org/resource/Q43284>
<http://ja.dbpedia.org/resource/サクラ>	"サクラ"@ja	<http://dbpedia.org/ontology/Species>	<http://ja.dbpedia.org/property/花>	"花"@ja	<http://ja.wikipedia.org/wiki/サクラ>	<http://wikidata.dbpedia.org/resource/Q871991>
<http://ja.dbpedia.org/resource/福生市>	"福生市"@ja	<http://dbpedia.org/ontology/City>	<http://ja.dbpedia.org/property/southeast>	"Southeast"@ja	<http://ja.wikipedia.org/wiki/福生市>	<http://wikidata.dbpedia.org/resource/Q317813>
<http://ja.dbpedia.org/resource/福生市>	"福生市"@ja	<http://dbpedia.org/ontology/Settlement>	<http://ja.dbpedia.org/property/southeast>	"Southeast"@ja	<http://ja.wikipedia.org/wiki/福生市>	<http://wikidata.dbpedia.org/resource/Q317813>
<http://ja.dbpedia.org/resource/福生市>	"福生市"@ja	<http://dbpedia.org/ontology/Place>	<http://ja.dbpedia.org/property/southeast>	"Southeast"@ja	<http://ja.wikipedia.org/wiki/福生市>	<http://wikidata.dbpedia.org/resource/Q317813>
<http://ja.dbpedia.org/resource/福生市>	"福生市"@ja	<http://dbpedia.org/ontology/PopulatedPlace>	<http://ja.dbpedia.org/property/southeast>	"Southeast"@ja	<http://ja.wikipedia.org/wiki/福生市>	<http://wikidata.dbpedia.org/resource/Q317813>
<http://ja.dbpedia.org/resource/福生市>	"福生市"@ja	<http://dbpedia.org/ontology/Location>	<http://ja.dbpedia.org/property/southeast>	"Southeast"@ja	<http://ja.wikipedia.org/wiki/福生市>	<http://wikidata.dbpedia.org/resource/Q317813>
<http://ja.dbpedia.org/resource/阿蘇神社_(羽村市)>	"阿蘇神社 (羽村市)"@ja	<http://dbpedia.org/ontology/Shrine>	<http://ja.dbpedia.org/property/画像の説明>	"画像の説明"@ja	<http://ja.wikipedia.org/wiki/阿蘇神社_(羽村市)>	<http://wikidata.dbpedia.org/resource/Q22117774>
<http://ja.dbpedia.org/resource/阿蘇神社_(羽村市)>	"阿蘇神社 (羽村市)"@ja	<http://dbpedia.org/ontology/ReligiousBuilding>	<http://ja.dbpedia.org/property/画像の説明>	"画像の説明"@ja	<http://ja.wikipedia.org/wiki/阿蘇神社_(羽村市)>	<http://wikidata.dbpedia.org/resource/Q22117774>
<http://ja.dbpedia.org/resource/阿蘇神社_(羽村市)>	"阿蘇神社 (羽村市)"@ja	<http://dbpedia.org/ontology/Building>	<http://ja.dbpedia.org/property/画像の説明>	"画像の説明"@ja	<http://ja.wikipedia.org/wiki/阿蘇神社_(羽村市)>	<http://wikidata.dbpedia.org/resource/Q22117774>
<http://ja.dbpedia.org/resource/阿蘇神社_(羽村市)>	"阿蘇神社 (羽村市)"@ja	<http://dbpedia.org/ontology/ArchitecturalStructure>	<http://ja.dbpedia.org/property/画像の説明>	"画像の説明"@ja	<http://ja.wikipedia.org/wiki/阿蘇神社_(羽村市)>	<http://wikidata.dbpedia.org/resource/Q22117774>
<http://ja.dbpedia.org/resource/青梅市>	"青梅市"@ja	<http://dbpedia.org/ontology/Settlement>	<http://ja.dbpedia.org/property/northwest>	"Northwest"@ja	<http://ja.wikipedia.org/wiki/青梅市>	<http://wikidata.dbpedia.org/resource/Q237683>
<http://ja.dbpedia.org/resource/青梅市>	"青梅市"@ja	<http://dbpedia.org/ontology/Place>	<http://ja.dbpedia.org/property/northwest>	"Northwest"@ja	<http://ja.wikipedia.org/wiki/青梅市>	<http://wikidata.dbpedia.org/resource/Q237683>
<http://ja.dbpedia.org/resource/青梅市>	"青梅市"@ja	<http://dbpedia.org/ontology/City>	<http://ja.dbpedia.org/property/northwest>	"Northwest"@ja	<http://ja.wikipedia.org/wiki/青梅市>	<http://wikidata.dbpedia.org/resource/Q237683>
<http://ja.dbpedia.org/resource/青梅市>	"青梅市"@ja	<http://dbpedia.org/ontology/PopulatedPlace>	<http://ja.dbpedia.org/property/northwest>	"Northwest"@ja	<http://ja.wikipedia.org/wiki/青梅市>	<http://wikidata.dbpedia.org/resource/Q237683>
<http://ja.dbpedia.org/resource/青梅市>	"青梅市"@ja	<http://dbpedia.org/ontology/Location>	<http://ja.dbpedia.org/property/northwest>	"Northwest"@ja	<http://ja.wikipedia.org/wiki/青梅市>	<http://wikidata.dbpedia.org/resource/Q237683>
