?s	?sLabel	?type	?p	?pLabel	?jwiki	?wd
<http://ja.dbpedia.org/resource/イチョウ>	"イチョウ"@ja	<http://dbpedia.org/ontology/Species>	<http://ja.dbpedia.org/property/木>	"木"@ja	<http://ja.wikipedia.org/wiki/イチョウ>	<http://wikidata.dbpedia.org/resource/Q43284>
<http://ja.dbpedia.org/resource/オナガ>	"オナガ"@ja	<http://dbpedia.org/ontology/Species>	<http://ja.dbpedia.org/property/鳥など>	"鳥など"@ja	<http://ja.wikipedia.org/wiki/オナガ>	<http://wikidata.dbpedia.org/resource/Q503807>
<http://ja.dbpedia.org/resource/ツツジ>	"ツツジ"@ja	<http://dbpedia.org/ontology/Species>	<http://ja.dbpedia.org/property/花>	"花"@ja	<http://ja.wikipedia.org/wiki/ツツジ>	<http://wikidata.dbpedia.org/resource/Q189393>
<http://ja.dbpedia.org/resource/小平市>	"小平市"@ja	<http://dbpedia.org/ontology/Place>	<http://ja.dbpedia.org/property/south>	"South"@ja	<http://ja.wikipedia.org/wiki/小平市>	<http://wikidata.dbpedia.org/resource/Q213278>
<http://ja.dbpedia.org/resource/小平市>	"小平市"@ja	<http://dbpedia.org/ontology/PopulatedPlace>	<http://ja.dbpedia.org/property/隣接自治体>	"隣接自治体"@ja	<http://ja.wikipedia.org/wiki/小平市>	<http://wikidata.dbpedia.org/resource/Q213278>
<http://ja.dbpedia.org/resource/小平市>	"小平市"@ja	<http://dbpedia.org/ontology/City>	<http://ja.dbpedia.org/property/south>	"South"@ja	<http://ja.wikipedia.org/wiki/小平市>	<http://wikidata.dbpedia.org/resource/Q213278>
<http://ja.dbpedia.org/resource/小平市>	"小平市"@ja	<http://dbpedia.org/ontology/Settlement>	<http://ja.dbpedia.org/property/隣接自治体>	"隣接自治体"@ja	<http://ja.wikipedia.org/wiki/小平市>	<http://wikidata.dbpedia.org/resource/Q213278>
<http://ja.dbpedia.org/resource/小平市>	"小平市"@ja	<http://dbpedia.org/ontology/Location>	<http://ja.dbpedia.org/property/隣接自治体>	"隣接自治体"@ja	<http://ja.wikipedia.org/wiki/小平市>	<http://wikidata.dbpedia.org/resource/Q213278>
<http://ja.dbpedia.org/resource/小平市>	"小平市"@ja	<http://dbpedia.org/ontology/PopulatedPlace>	<http://ja.dbpedia.org/property/south>	"South"@ja	<http://ja.wikipedia.org/wiki/小平市>	<http://wikidata.dbpedia.org/resource/Q213278>
<http://ja.dbpedia.org/resource/小平市>	"小平市"@ja	<http://dbpedia.org/ontology/City>	<http://ja.dbpedia.org/property/隣接自治体>	"隣接自治体"@ja	<http://ja.wikipedia.org/wiki/小平市>	<http://wikidata.dbpedia.org/resource/Q213278>
<http://ja.dbpedia.org/resource/小平市>	"小平市"@ja	<http://dbpedia.org/ontology/Settlement>	<http://ja.dbpedia.org/property/south>	"South"@ja	<http://ja.wikipedia.org/wiki/小平市>	<http://wikidata.dbpedia.org/resource/Q213278>
<http://ja.dbpedia.org/resource/小平市>	"小平市"@ja	<http://dbpedia.org/ontology/Location>	<http://ja.dbpedia.org/property/south>	"South"@ja	<http://ja.wikipedia.org/wiki/小平市>	<http://wikidata.dbpedia.org/resource/Q213278>
<http://ja.dbpedia.org/resource/小平市>	"小平市"@ja	<http://dbpedia.org/ontology/Place>	<http://ja.dbpedia.org/property/隣接自治体>	"隣接自治体"@ja	<http://ja.wikipedia.org/wiki/小平市>	<http://wikidata.dbpedia.org/resource/Q213278>
<http://ja.dbpedia.org/resource/東村山市>	"東村山市"@ja	<http://dbpedia.org/ontology/PopulatedPlace>	<http://ja.dbpedia.org/property/隣接自治体>	"隣接自治体"@ja	<http://ja.wikipedia.org/wiki/東村山市>	<http://wikidata.dbpedia.org/resource/Q240489>
<http://ja.dbpedia.org/resource/東村山市>	"東村山市"@ja	<http://dbpedia.org/ontology/City>	<http://ja.dbpedia.org/property/west>	"West"@ja	<http://ja.wikipedia.org/wiki/東村山市>	<http://wikidata.dbpedia.org/resource/Q240489>
<http://ja.dbpedia.org/resource/東村山市>	"東村山市"@ja	<http://dbpedia.org/ontology/Place>	<http://ja.dbpedia.org/property/west>	"West"@ja	<http://ja.wikipedia.org/wiki/東村山市>	<http://wikidata.dbpedia.org/resource/Q240489>
<http://ja.dbpedia.org/resource/東村山市>	"東村山市"@ja	<http://dbpedia.org/ontology/Location>	<http://ja.dbpedia.org/property/隣接自治体>	"隣接自治体"@ja	<http://ja.wikipedia.org/wiki/東村山市>	<http://wikidata.dbpedia.org/resource/Q240489>
<http://ja.dbpedia.org/resource/東村山市>	"東村山市"@ja	<http://dbpedia.org/ontology/Settlement>	<http://ja.dbpedia.org/property/隣接自治体>	"隣接自治体"@ja	<http://ja.wikipedia.org/wiki/東村山市>	<http://wikidata.dbpedia.org/resource/Q240489>
<http://ja.dbpedia.org/resource/東村山市>	"東村山市"@ja	<http://dbpedia.org/ontology/PopulatedPlace>	<http://ja.dbpedia.org/property/west>	"West"@ja	<http://ja.wikipedia.org/wiki/東村山市>	<http://wikidata.dbpedia.org/resource/Q240489>
<http://ja.dbpedia.org/resource/東村山市>	"東村山市"@ja	<http://dbpedia.org/ontology/Place>	<http://ja.dbpedia.org/property/隣接自治体>	"隣接自治体"@ja	<http://ja.wikipedia.org/wiki/東村山市>	<http://wikidata.dbpedia.org/resource/Q240489>
<http://ja.dbpedia.org/resource/東村山市>	"東村山市"@ja	<http://dbpedia.org/ontology/Location>	<http://ja.dbpedia.org/property/west>	"West"@ja	<http://ja.wikipedia.org/wiki/東村山市>	<http://wikidata.dbpedia.org/resource/Q240489>
<http://ja.dbpedia.org/resource/東村山市>	"東村山市"@ja	<http://dbpedia.org/ontology/City>	<http://ja.dbpedia.org/property/隣接自治体>	"隣接自治体"@ja	<http://ja.wikipedia.org/wiki/東村山市>	<http://wikidata.dbpedia.org/resource/Q240489>
<http://ja.dbpedia.org/resource/東村山市>	"東村山市"@ja	<http://dbpedia.org/ontology/Settlement>	<http://ja.dbpedia.org/property/west>	"West"@ja	<http://ja.wikipedia.org/wiki/東村山市>	<http://wikidata.dbpedia.org/resource/Q240489>
<http://ja.dbpedia.org/resource/柳窪_(東久留米市)>	"柳窪 (東久留米市)"@ja	<http://dbpedia.org/ontology/PopulatedPlace>	<http://ja.dbpedia.org/property/画像の説明>	"画像の説明"@ja	<http://ja.wikipedia.org/wiki/柳窪_(東久留米市)>	<http://wikidata.dbpedia.org/resource/Q29654103>
<http://ja.dbpedia.org/resource/柳窪_(東久留米市)>	"柳窪 (東久留米市)"@ja	<http://dbpedia.org/ontology/Location>	<http://ja.dbpedia.org/property/画像の説明>	"画像の説明"@ja	<http://ja.wikipedia.org/wiki/柳窪_(東久留米市)>	<http://wikidata.dbpedia.org/resource/Q29654103>
<http://ja.dbpedia.org/resource/柳窪_(東久留米市)>	"柳窪 (東久留米市)"@ja	<http://dbpedia.org/ontology/Place>	<http://ja.dbpedia.org/property/画像の説明>	"画像の説明"@ja	<http://ja.wikipedia.org/wiki/柳窪_(東久留米市)>	<http://wikidata.dbpedia.org/resource/Q29654103>
<http://ja.dbpedia.org/resource/柳窪_(東久留米市)>	"柳窪 (東久留米市)"@ja	<http://dbpedia.org/ontology/Settlement>	<http://ja.dbpedia.org/property/画像の説明>	"画像の説明"@ja	<http://ja.wikipedia.org/wiki/柳窪_(東久留米市)>	<http://wikidata.dbpedia.org/resource/Q29654103>
<http://ja.dbpedia.org/resource/清瀬市>	"清瀬市"@ja	<http://dbpedia.org/ontology/PopulatedPlace>	<http://ja.dbpedia.org/property/north>	"North"@ja	<http://ja.wikipedia.org/wiki/清瀬市>	<http://wikidata.dbpedia.org/resource/Q329754>
<http://ja.dbpedia.org/resource/清瀬市>	"清瀬市"@ja	<http://dbpedia.org/ontology/Place>	<http://ja.dbpedia.org/property/隣接自治体>	"隣接自治体"@ja	<http://ja.wikipedia.org/wiki/清瀬市>	<http://wikidata.dbpedia.org/resource/Q329754>
<http://ja.dbpedia.org/resource/清瀬市>	"清瀬市"@ja	<http://dbpedia.org/ontology/City>	<http://ja.dbpedia.org/property/隣接自治体>	"隣接自治体"@ja	<http://ja.wikipedia.org/wiki/清瀬市>	<http://wikidata.dbpedia.org/resource/Q329754>
<http://ja.dbpedia.org/resource/清瀬市>	"清瀬市"@ja	<http://dbpedia.org/ontology/Location>	<http://ja.dbpedia.org/property/north>	"North"@ja	<http://ja.wikipedia.org/wiki/清瀬市>	<http://wikidata.dbpedia.org/resource/Q329754>
<http://ja.dbpedia.org/resource/清瀬市>	"清瀬市"@ja	<http://dbpedia.org/ontology/Settlement>	<http://ja.dbpedia.org/property/north>	"North"@ja	<http://ja.wikipedia.org/wiki/清瀬市>	<http://wikidata.dbpedia.org/resource/Q329754>
<http://ja.dbpedia.org/resource/清瀬市>	"清瀬市"@ja	<http://dbpedia.org/ontology/Settlement>	<http://ja.dbpedia.org/property/隣接自治体>	"隣接自治体"@ja	<http://ja.wikipedia.org/wiki/清瀬市>	<http://wikidata.dbpedia.org/resource/Q329754>
<http://ja.dbpedia.org/resource/清瀬市>	"清瀬市"@ja	<http://dbpedia.org/ontology/City>	<http://ja.dbpedia.org/property/north>	"North"@ja	<http://ja.wikipedia.org/wiki/清瀬市>	<http://wikidata.dbpedia.org/resource/Q329754>
<http://ja.dbpedia.org/resource/清瀬市>	"清瀬市"@ja	<http://dbpedia.org/ontology/PopulatedPlace>	<http://ja.dbpedia.org/property/隣接自治体>	"隣接自治体"@ja	<http://ja.wikipedia.org/wiki/清瀬市>	<http://wikidata.dbpedia.org/resource/Q329754>
<http://ja.dbpedia.org/resource/清瀬市>	"清瀬市"@ja	<http://dbpedia.org/ontology/Place>	<http://ja.dbpedia.org/property/north>	"North"@ja	<http://ja.wikipedia.org/wiki/清瀬市>	<http://wikidata.dbpedia.org/resource/Q329754>
<http://ja.dbpedia.org/resource/清瀬市>	"清瀬市"@ja	<http://dbpedia.org/ontology/Location>	<http://ja.dbpedia.org/property/隣接自治体>	"隣接自治体"@ja	<http://ja.wikipedia.org/wiki/清瀬市>	<http://wikidata.dbpedia.org/resource/Q329754>
<http://ja.dbpedia.org/resource/西東京市>	"西東京市"@ja	<http://dbpedia.org/ontology/City>	<http://ja.dbpedia.org/property/southeast>	"Southeast"@ja	<http://ja.wikipedia.org/wiki/西東京市>	<http://wikidata.dbpedia.org/resource/Q242882>
<http://ja.dbpedia.org/resource/西東京市>	"西東京市"@ja	<http://dbpedia.org/ontology/PopulatedPlace>	<http://ja.dbpedia.org/property/隣接自治体>	"隣接自治体"@ja	<http://ja.wikipedia.org/wiki/西東京市>	<http://wikidata.dbpedia.org/resource/Q242882>
<http://ja.dbpedia.org/resource/西東京市>	"西東京市"@ja	<http://dbpedia.org/ontology/Place>	<http://ja.dbpedia.org/property/southeast>	"Southeast"@ja	<http://ja.wikipedia.org/wiki/西東京市>	<http://wikidata.dbpedia.org/resource/Q242882>
<http://ja.dbpedia.org/resource/西東京市>	"西東京市"@ja	<http://dbpedia.org/ontology/Settlement>	<http://ja.dbpedia.org/property/隣接自治体>	"隣接自治体"@ja	<http://ja.wikipedia.org/wiki/西東京市>	<http://wikidata.dbpedia.org/resource/Q242882>
<http://ja.dbpedia.org/resource/西東京市>	"西東京市"@ja	<http://dbpedia.org/ontology/Location>	<http://ja.dbpedia.org/property/隣接自治体>	"隣接自治体"@ja	<http://ja.wikipedia.org/wiki/西東京市>	<http://wikidata.dbpedia.org/resource/Q242882>
<http://ja.dbpedia.org/resource/西東京市>	"西東京市"@ja	<http://dbpedia.org/ontology/Location>	<http://ja.dbpedia.org/property/southeast>	"Southeast"@ja	<http://ja.wikipedia.org/wiki/西東京市>	<http://wikidata.dbpedia.org/resource/Q242882>
<http://ja.dbpedia.org/resource/西東京市>	"西東京市"@ja	<http://dbpedia.org/ontology/Place>	<http://ja.dbpedia.org/property/隣接自治体>	"隣接自治体"@ja	<http://ja.wikipedia.org/wiki/西東京市>	<http://wikidata.dbpedia.org/resource/Q242882>
<http://ja.dbpedia.org/resource/西東京市>	"西東京市"@ja	<http://dbpedia.org/ontology/PopulatedPlace>	<http://ja.dbpedia.org/property/southeast>	"Southeast"@ja	<http://ja.wikipedia.org/wiki/西東京市>	<http://wikidata.dbpedia.org/resource/Q242882>
<http://ja.dbpedia.org/resource/西東京市>	"西東京市"@ja	<http://dbpedia.org/ontology/City>	<http://ja.dbpedia.org/property/隣接自治体>	"隣接自治体"@ja	<http://ja.wikipedia.org/wiki/西東京市>	<http://wikidata.dbpedia.org/resource/Q242882>
<http://ja.dbpedia.org/resource/西東京市>	"西東京市"@ja	<http://dbpedia.org/ontology/Settlement>	<http://ja.dbpedia.org/property/southeast>	"Southeast"@ja	<http://ja.wikipedia.org/wiki/西東京市>	<http://wikidata.dbpedia.org/resource/Q242882>
