?s	?sLabel	?type	?p	?pLabel	?jwiki	?wd
<http://ja.dbpedia.org/resource/キク>	"キク"@ja	<http://dbpedia.org/ontology/Species>	<http://ja.dbpedia.org/property/花>	"花"@ja	<http://ja.wikipedia.org/wiki/キク>	<http://wikidata.dbpedia.org/resource/Q15530181>
<http://ja.dbpedia.org/resource/セキレイ>	"セキレイ"@ja	<http://dbpedia.org/ontology/Species>	<http://ja.dbpedia.org/property/鳥など>	"鳥など"@ja	<http://ja.wikipedia.org/wiki/セキレイ>	<http://wikidata.dbpedia.org/resource/Q230042>
<http://ja.dbpedia.org/resource/モクセイ>	"モクセイ"@ja	<http://dbpedia.org/ontology/Species>	<http://ja.dbpedia.org/property/木>	"木"@ja	<http://ja.wikipedia.org/wiki/モクセイ>	<http://wikidata.dbpedia.org/resource/Q1209922>
<http://ja.dbpedia.org/resource/八王子市>	"八王子市"@ja	<http://dbpedia.org/ontology/City>	<http://ja.dbpedia.org/property/south>	"South"@ja	<http://ja.wikipedia.org/wiki/八王子市>	<http://wikidata.dbpedia.org/resource/Q208863>
<http://ja.dbpedia.org/resource/八王子市>	"八王子市"@ja	<http://dbpedia.org/ontology/Location>	<http://ja.dbpedia.org/property/south>	"South"@ja	<http://ja.wikipedia.org/wiki/八王子市>	<http://wikidata.dbpedia.org/resource/Q208863>
<http://ja.dbpedia.org/resource/八王子市>	"八王子市"@ja	<http://dbpedia.org/ontology/Settlement>	<http://ja.dbpedia.org/property/south>	"South"@ja	<http://ja.wikipedia.org/wiki/八王子市>	<http://wikidata.dbpedia.org/resource/Q208863>
<http://ja.dbpedia.org/resource/八王子市>	"八王子市"@ja	<http://dbpedia.org/ontology/PopulatedPlace>	<http://ja.dbpedia.org/property/south>	"South"@ja	<http://ja.wikipedia.org/wiki/八王子市>	<http://wikidata.dbpedia.org/resource/Q208863>
<http://ja.dbpedia.org/resource/八王子市>	"八王子市"@ja	<http://dbpedia.org/ontology/Place>	<http://ja.dbpedia.org/property/south>	"South"@ja	<http://ja.wikipedia.org/wiki/八王子市>	<http://wikidata.dbpedia.org/resource/Q208863>
<http://ja.dbpedia.org/resource/福生市>	"福生市"@ja	<http://dbpedia.org/ontology/City>	<http://ja.dbpedia.org/property/east>	"East"@ja	<http://ja.wikipedia.org/wiki/福生市>	<http://wikidata.dbpedia.org/resource/Q317813>
<http://ja.dbpedia.org/resource/福生市>	"福生市"@ja	<http://dbpedia.org/ontology/PopulatedPlace>	<http://ja.dbpedia.org/property/east>	"East"@ja	<http://ja.wikipedia.org/wiki/福生市>	<http://wikidata.dbpedia.org/resource/Q317813>
<http://ja.dbpedia.org/resource/福生市>	"福生市"@ja	<http://dbpedia.org/ontology/Location>	<http://ja.dbpedia.org/property/east>	"East"@ja	<http://ja.wikipedia.org/wiki/福生市>	<http://wikidata.dbpedia.org/resource/Q317813>
<http://ja.dbpedia.org/resource/福生市>	"福生市"@ja	<http://dbpedia.org/ontology/Settlement>	<http://ja.dbpedia.org/property/east>	"East"@ja	<http://ja.wikipedia.org/wiki/福生市>	<http://wikidata.dbpedia.org/resource/Q317813>
<http://ja.dbpedia.org/resource/福生市>	"福生市"@ja	<http://dbpedia.org/ontology/Place>	<http://ja.dbpedia.org/property/east>	"East"@ja	<http://ja.wikipedia.org/wiki/福生市>	<http://wikidata.dbpedia.org/resource/Q317813>
<http://ja.dbpedia.org/resource/秋川_(東京都)>	"秋川 (東京都)"@ja	<http://dbpedia.org/ontology/River>	<http://ja.dbpedia.org/property/画像の説明>	"画像の説明"@ja	<http://ja.wikipedia.org/wiki/秋川_(東京都)>	<http://wikidata.dbpedia.org/resource/Q23043420>
<http://ja.dbpedia.org/resource/秋川_(東京都)>	"秋川 (東京都)"@ja	<http://dbpedia.org/ontology/BodyOfWater>	<http://ja.dbpedia.org/property/画像の説明>	"画像の説明"@ja	<http://ja.wikipedia.org/wiki/秋川_(東京都)>	<http://wikidata.dbpedia.org/resource/Q23043420>
<http://ja.dbpedia.org/resource/秋川_(東京都)>	"秋川 (東京都)"@ja	<http://dbpedia.org/ontology/Stream>	<http://ja.dbpedia.org/property/画像の説明>	"画像の説明"@ja	<http://ja.wikipedia.org/wiki/秋川_(東京都)>	<http://wikidata.dbpedia.org/resource/Q23043420>
<http://ja.dbpedia.org/resource/秋川_(東京都)>	"秋川 (東京都)"@ja	<http://dbpedia.org/ontology/Place>	<http://ja.dbpedia.org/property/画像の説明>	"画像の説明"@ja	<http://ja.wikipedia.org/wiki/秋川_(東京都)>	<http://wikidata.dbpedia.org/resource/Q23043420>
<http://ja.dbpedia.org/resource/秋川_(東京都)>	"秋川 (東京都)"@ja	<http://dbpedia.org/ontology/Location>	<http://ja.dbpedia.org/property/画像の説明>	"画像の説明"@ja	<http://ja.wikipedia.org/wiki/秋川_(東京都)>	<http://wikidata.dbpedia.org/resource/Q23043420>
<http://ja.dbpedia.org/resource/秋川_(東京都)>	"秋川 (東京都)"@ja	<http://dbpedia.org/ontology/NaturalPlace>	<http://ja.dbpedia.org/property/画像の説明>	"画像の説明"@ja	<http://ja.wikipedia.org/wiki/秋川_(東京都)>	<http://wikidata.dbpedia.org/resource/Q23043420>
<http://ja.dbpedia.org/resource/羽村市>	"羽村市"@ja	<http://dbpedia.org/ontology/Location>	<http://ja.dbpedia.org/property/northeast>	"Northeast"@ja	<http://ja.wikipedia.org/wiki/羽村市>	<http://wikidata.dbpedia.org/resource/Q270465>
<http://ja.dbpedia.org/resource/羽村市>	"羽村市"@ja	<http://dbpedia.org/ontology/Settlement>	<http://ja.dbpedia.org/property/northeast>	"Northeast"@ja	<http://ja.wikipedia.org/wiki/羽村市>	<http://wikidata.dbpedia.org/resource/Q270465>
<http://ja.dbpedia.org/resource/羽村市>	"羽村市"@ja	<http://dbpedia.org/ontology/Place>	<http://ja.dbpedia.org/property/northeast>	"Northeast"@ja	<http://ja.wikipedia.org/wiki/羽村市>	<http://wikidata.dbpedia.org/resource/Q270465>
<http://ja.dbpedia.org/resource/羽村市>	"羽村市"@ja	<http://dbpedia.org/ontology/City>	<http://ja.dbpedia.org/property/northeast>	"Northeast"@ja	<http://ja.wikipedia.org/wiki/羽村市>	<http://wikidata.dbpedia.org/resource/Q270465>
<http://ja.dbpedia.org/resource/羽村市>	"羽村市"@ja	<http://dbpedia.org/ontology/PopulatedPlace>	<http://ja.dbpedia.org/property/northeast>	"Northeast"@ja	<http://ja.wikipedia.org/wiki/羽村市>	<http://wikidata.dbpedia.org/resource/Q270465>
<http://ja.dbpedia.org/resource/青梅市>	"青梅市"@ja	<http://dbpedia.org/ontology/Settlement>	<http://ja.dbpedia.org/property/north>	"North"@ja	<http://ja.wikipedia.org/wiki/青梅市>	<http://wikidata.dbpedia.org/resource/Q237683>
<http://ja.dbpedia.org/resource/青梅市>	"青梅市"@ja	<http://dbpedia.org/ontology/Place>	<http://ja.dbpedia.org/property/north>	"North"@ja	<http://ja.wikipedia.org/wiki/青梅市>	<http://wikidata.dbpedia.org/resource/Q237683>
<http://ja.dbpedia.org/resource/青梅市>	"青梅市"@ja	<http://dbpedia.org/ontology/City>	<http://ja.dbpedia.org/property/north>	"North"@ja	<http://ja.wikipedia.org/wiki/青梅市>	<http://wikidata.dbpedia.org/resource/Q237683>
<http://ja.dbpedia.org/resource/青梅市>	"青梅市"@ja	<http://dbpedia.org/ontology/PopulatedPlace>	<http://ja.dbpedia.org/property/north>	"North"@ja	<http://ja.wikipedia.org/wiki/青梅市>	<http://wikidata.dbpedia.org/resource/Q237683>
<http://ja.dbpedia.org/resource/青梅市>	"青梅市"@ja	<http://dbpedia.org/ontology/Location>	<http://ja.dbpedia.org/property/north>	"North"@ja	<http://ja.wikipedia.org/wiki/青梅市>	<http://wikidata.dbpedia.org/resource/Q237683>
