?s	?sLabel	?type	?p	?pLabel	?jwiki	?wd
<http://ja.dbpedia.org/resource/ケヤキ>	"ケヤキ"@ja	<http://dbpedia.org/ontology/Species>	<http://ja.dbpedia.org/property/木>	"木"@ja	<http://ja.wikipedia.org/wiki/ケヤキ>	<http://wikidata.dbpedia.org/resource/Q920344>
<http://ja.dbpedia.org/resource/コスモス>	"コスモス"@ja	<http://dbpedia.org/ontology/Species>	<http://ja.dbpedia.org/property/花>	"花"@ja	<http://ja.wikipedia.org/wiki/コスモス>	<http://wikidata.dbpedia.org/resource/Q476937>
<http://ja.dbpedia.org/resource/スイセン属>	"スイセン属"@ja	<http://dbpedia.org/ontology/Species>	<http://ja.dbpedia.org/property/花>	"花"@ja	<http://ja.wikipedia.org/wiki/スイセン属>	<http://wikidata.dbpedia.org/resource/Q29465>
<http://ja.dbpedia.org/resource/ツツジ>	"ツツジ"@ja	<http://dbpedia.org/ontology/Species>	<http://ja.dbpedia.org/property/花>	"花"@ja	<http://ja.wikipedia.org/wiki/ツツジ>	<http://wikidata.dbpedia.org/resource/Q189393>
<http://ja.dbpedia.org/resource/ハナミズキ>	"ハナミズキ"@ja	<http://dbpedia.org/ontology/Species>	<http://ja.dbpedia.org/property/木>	"木"@ja	<http://ja.wikipedia.org/wiki/ハナミズキ>	<http://wikidata.dbpedia.org/resource/Q887221>
<http://ja.dbpedia.org/resource/ヒマワリ>	"ヒマワリ"@ja	<http://dbpedia.org/ontology/Species>	<http://ja.dbpedia.org/property/花>	"花"@ja	<http://ja.wikipedia.org/wiki/ヒマワリ>	<http://wikidata.dbpedia.org/resource/Q171497>
<http://ja.dbpedia.org/resource/小平市>	"小平市"@ja	<http://dbpedia.org/ontology/PopulatedPlace>	<http://ja.dbpedia.org/property/west>	"West"@ja	<http://ja.wikipedia.org/wiki/小平市>	<http://wikidata.dbpedia.org/resource/Q213278>
<http://ja.dbpedia.org/resource/小平市>	"小平市"@ja	<http://dbpedia.org/ontology/City>	<http://ja.dbpedia.org/property/隣接自治体>	"隣接自治体"@ja	<http://ja.wikipedia.org/wiki/小平市>	<http://wikidata.dbpedia.org/resource/Q213278>
<http://ja.dbpedia.org/resource/小平市>	"小平市"@ja	<http://dbpedia.org/ontology/Settlement>	<http://ja.dbpedia.org/property/west>	"West"@ja	<http://ja.wikipedia.org/wiki/小平市>	<http://wikidata.dbpedia.org/resource/Q213278>
<http://ja.dbpedia.org/resource/小平市>	"小平市"@ja	<http://dbpedia.org/ontology/Place>	<http://ja.dbpedia.org/property/隣接自治体>	"隣接自治体"@ja	<http://ja.wikipedia.org/wiki/小平市>	<http://wikidata.dbpedia.org/resource/Q213278>
<http://ja.dbpedia.org/resource/小平市>	"小平市"@ja	<http://dbpedia.org/ontology/Location>	<http://ja.dbpedia.org/property/west>	"West"@ja	<http://ja.wikipedia.org/wiki/小平市>	<http://wikidata.dbpedia.org/resource/Q213278>
<http://ja.dbpedia.org/resource/小平市>	"小平市"@ja	<http://dbpedia.org/ontology/Location>	<http://ja.dbpedia.org/property/隣接自治体>	"隣接自治体"@ja	<http://ja.wikipedia.org/wiki/小平市>	<http://wikidata.dbpedia.org/resource/Q213278>
<http://ja.dbpedia.org/resource/小平市>	"小平市"@ja	<http://dbpedia.org/ontology/Place>	<http://ja.dbpedia.org/property/west>	"West"@ja	<http://ja.wikipedia.org/wiki/小平市>	<http://wikidata.dbpedia.org/resource/Q213278>
<http://ja.dbpedia.org/resource/小平市>	"小平市"@ja	<http://dbpedia.org/ontology/PopulatedPlace>	<http://ja.dbpedia.org/property/隣接自治体>	"隣接自治体"@ja	<http://ja.wikipedia.org/wiki/小平市>	<http://wikidata.dbpedia.org/resource/Q213278>
<http://ja.dbpedia.org/resource/小平市>	"小平市"@ja	<http://dbpedia.org/ontology/City>	<http://ja.dbpedia.org/property/west>	"West"@ja	<http://ja.wikipedia.org/wiki/小平市>	<http://wikidata.dbpedia.org/resource/Q213278>
<http://ja.dbpedia.org/resource/小平市>	"小平市"@ja	<http://dbpedia.org/ontology/Settlement>	<http://ja.dbpedia.org/property/隣接自治体>	"隣接自治体"@ja	<http://ja.wikipedia.org/wiki/小平市>	<http://wikidata.dbpedia.org/resource/Q213278>
<http://ja.dbpedia.org/resource/小金井市>	"小金井市"@ja	<http://dbpedia.org/ontology/City>	<http://ja.dbpedia.org/property/southwest>	"Southwest"@ja	<http://ja.wikipedia.org/wiki/小金井市>	<http://wikidata.dbpedia.org/resource/Q242874>
<http://ja.dbpedia.org/resource/小金井市>	"小金井市"@ja	<http://dbpedia.org/ontology/PopulatedPlace>	<http://ja.dbpedia.org/property/隣接自治体>	"隣接自治体"@ja	<http://ja.wikipedia.org/wiki/小金井市>	<http://wikidata.dbpedia.org/resource/Q242874>
<http://ja.dbpedia.org/resource/小金井市>	"小金井市"@ja	<http://dbpedia.org/ontology/Settlement>	<http://ja.dbpedia.org/property/隣接自治体>	"隣接自治体"@ja	<http://ja.wikipedia.org/wiki/小金井市>	<http://wikidata.dbpedia.org/resource/Q242874>
<http://ja.dbpedia.org/resource/小金井市>	"小金井市"@ja	<http://dbpedia.org/ontology/Place>	<http://ja.dbpedia.org/property/southwest>	"Southwest"@ja	<http://ja.wikipedia.org/wiki/小金井市>	<http://wikidata.dbpedia.org/resource/Q242874>
<http://ja.dbpedia.org/resource/小金井市>	"小金井市"@ja	<http://dbpedia.org/ontology/Location>	<http://ja.dbpedia.org/property/隣接自治体>	"隣接自治体"@ja	<http://ja.wikipedia.org/wiki/小金井市>	<http://wikidata.dbpedia.org/resource/Q242874>
<http://ja.dbpedia.org/resource/小金井市>	"小金井市"@ja	<http://dbpedia.org/ontology/Location>	<http://ja.dbpedia.org/property/southwest>	"Southwest"@ja	<http://ja.wikipedia.org/wiki/小金井市>	<http://wikidata.dbpedia.org/resource/Q242874>
<http://ja.dbpedia.org/resource/小金井市>	"小金井市"@ja	<http://dbpedia.org/ontology/Place>	<http://ja.dbpedia.org/property/隣接自治体>	"隣接自治体"@ja	<http://ja.wikipedia.org/wiki/小金井市>	<http://wikidata.dbpedia.org/resource/Q242874>
<http://ja.dbpedia.org/resource/小金井市>	"小金井市"@ja	<http://dbpedia.org/ontology/PopulatedPlace>	<http://ja.dbpedia.org/property/southwest>	"Southwest"@ja	<http://ja.wikipedia.org/wiki/小金井市>	<http://wikidata.dbpedia.org/resource/Q242874>
<http://ja.dbpedia.org/resource/小金井市>	"小金井市"@ja	<http://dbpedia.org/ontology/City>	<http://ja.dbpedia.org/property/隣接自治体>	"隣接自治体"@ja	<http://ja.wikipedia.org/wiki/小金井市>	<http://wikidata.dbpedia.org/resource/Q242874>
<http://ja.dbpedia.org/resource/小金井市>	"小金井市"@ja	<http://dbpedia.org/ontology/Settlement>	<http://ja.dbpedia.org/property/southwest>	"Southwest"@ja	<http://ja.wikipedia.org/wiki/小金井市>	<http://wikidata.dbpedia.org/resource/Q242874>
<http://ja.dbpedia.org/resource/東久留米市>	"東久留米市"@ja	<http://dbpedia.org/ontology/PopulatedPlace>	<http://ja.dbpedia.org/property/northwest>	"Northwest"@ja	<http://ja.wikipedia.org/wiki/東久留米市>	<http://wikidata.dbpedia.org/resource/Q317830>
<http://ja.dbpedia.org/resource/東久留米市>	"東久留米市"@ja	<http://dbpedia.org/ontology/Place>	<http://ja.dbpedia.org/property/隣接自治体>	"隣接自治体"@ja	<http://ja.wikipedia.org/wiki/東久留米市>	<http://wikidata.dbpedia.org/resource/Q317830>
<http://ja.dbpedia.org/resource/東久留米市>	"東久留米市"@ja	<http://dbpedia.org/ontology/City>	<http://ja.dbpedia.org/property/隣接自治体>	"隣接自治体"@ja	<http://ja.wikipedia.org/wiki/東久留米市>	<http://wikidata.dbpedia.org/resource/Q317830>
<http://ja.dbpedia.org/resource/東久留米市>	"東久留米市"@ja	<http://dbpedia.org/ontology/Location>	<http://ja.dbpedia.org/property/northwest>	"Northwest"@ja	<http://ja.wikipedia.org/wiki/東久留米市>	<http://wikidata.dbpedia.org/resource/Q317830>
<http://ja.dbpedia.org/resource/東久留米市>	"東久留米市"@ja	<http://dbpedia.org/ontology/Settlement>	<http://ja.dbpedia.org/property/northwest>	"Northwest"@ja	<http://ja.wikipedia.org/wiki/東久留米市>	<http://wikidata.dbpedia.org/resource/Q317830>
<http://ja.dbpedia.org/resource/東久留米市>	"東久留米市"@ja	<http://dbpedia.org/ontology/Settlement>	<http://ja.dbpedia.org/property/隣接自治体>	"隣接自治体"@ja	<http://ja.wikipedia.org/wiki/東久留米市>	<http://wikidata.dbpedia.org/resource/Q317830>
<http://ja.dbpedia.org/resource/東久留米市>	"東久留米市"@ja	<http://dbpedia.org/ontology/City>	<http://ja.dbpedia.org/property/northwest>	"Northwest"@ja	<http://ja.wikipedia.org/wiki/東久留米市>	<http://wikidata.dbpedia.org/resource/Q317830>
<http://ja.dbpedia.org/resource/東久留米市>	"東久留米市"@ja	<http://dbpedia.org/ontology/PopulatedPlace>	<http://ja.dbpedia.org/property/隣接自治体>	"隣接自治体"@ja	<http://ja.wikipedia.org/wiki/東久留米市>	<http://wikidata.dbpedia.org/resource/Q317830>
<http://ja.dbpedia.org/resource/東久留米市>	"東久留米市"@ja	<http://dbpedia.org/ontology/Place>	<http://ja.dbpedia.org/property/northwest>	"Northwest"@ja	<http://ja.wikipedia.org/wiki/東久留米市>	<http://wikidata.dbpedia.org/resource/Q317830>
<http://ja.dbpedia.org/resource/東久留米市>	"東久留米市"@ja	<http://dbpedia.org/ontology/Location>	<http://ja.dbpedia.org/property/隣接自治体>	"隣接自治体"@ja	<http://ja.wikipedia.org/wiki/東久留米市>	<http://wikidata.dbpedia.org/resource/Q317830>
<http://ja.dbpedia.org/resource/武蔵野市>	"武蔵野市"@ja	<http://dbpedia.org/ontology/City>	<http://ja.dbpedia.org/property/south>	"South"@ja	<http://ja.wikipedia.org/wiki/武蔵野市>	<http://wikidata.dbpedia.org/resource/Q210661>
<http://ja.dbpedia.org/resource/武蔵野市>	"武蔵野市"@ja	<http://dbpedia.org/ontology/PopulatedPlace>	<http://ja.dbpedia.org/property/隣接自治体>	"隣接自治体"@ja	<http://ja.wikipedia.org/wiki/武蔵野市>	<http://wikidata.dbpedia.org/resource/Q210661>
<http://ja.dbpedia.org/resource/武蔵野市>	"武蔵野市"@ja	<http://dbpedia.org/ontology/Place>	<http://ja.dbpedia.org/property/south>	"South"@ja	<http://ja.wikipedia.org/wiki/武蔵野市>	<http://wikidata.dbpedia.org/resource/Q210661>
<http://ja.dbpedia.org/resource/武蔵野市>	"武蔵野市"@ja	<http://dbpedia.org/ontology/Settlement>	<http://ja.dbpedia.org/property/隣接自治体>	"隣接自治体"@ja	<http://ja.wikipedia.org/wiki/武蔵野市>	<http://wikidata.dbpedia.org/resource/Q210661>
<http://ja.dbpedia.org/resource/武蔵野市>	"武蔵野市"@ja	<http://dbpedia.org/ontology/Location>	<http://ja.dbpedia.org/property/隣接自治体>	"隣接自治体"@ja	<http://ja.wikipedia.org/wiki/武蔵野市>	<http://wikidata.dbpedia.org/resource/Q210661>
<http://ja.dbpedia.org/resource/武蔵野市>	"武蔵野市"@ja	<http://dbpedia.org/ontology/Location>	<http://ja.dbpedia.org/property/south>	"South"@ja	<http://ja.wikipedia.org/wiki/武蔵野市>	<http://wikidata.dbpedia.org/resource/Q210661>
<http://ja.dbpedia.org/resource/武蔵野市>	"武蔵野市"@ja	<http://dbpedia.org/ontology/Place>	<http://ja.dbpedia.org/property/隣接自治体>	"隣接自治体"@ja	<http://ja.wikipedia.org/wiki/武蔵野市>	<http://wikidata.dbpedia.org/resource/Q210661>
<http://ja.dbpedia.org/resource/武蔵野市>	"武蔵野市"@ja	<http://dbpedia.org/ontology/PopulatedPlace>	<http://ja.dbpedia.org/property/south>	"South"@ja	<http://ja.wikipedia.org/wiki/武蔵野市>	<http://wikidata.dbpedia.org/resource/Q210661>
<http://ja.dbpedia.org/resource/武蔵野市>	"武蔵野市"@ja	<http://dbpedia.org/ontology/City>	<http://ja.dbpedia.org/property/隣接自治体>	"隣接自治体"@ja	<http://ja.wikipedia.org/wiki/武蔵野市>	<http://wikidata.dbpedia.org/resource/Q210661>
<http://ja.dbpedia.org/resource/武蔵野市>	"武蔵野市"@ja	<http://dbpedia.org/ontology/Settlement>	<http://ja.dbpedia.org/property/south>	"South"@ja	<http://ja.wikipedia.org/wiki/武蔵野市>	<http://wikidata.dbpedia.org/resource/Q210661>
<http://ja.dbpedia.org/resource/田無神社>	"田無神社"@ja	<http://dbpedia.org/ontology/Building>	<http://ja.dbpedia.org/property/画像の説明>	"画像の説明"@ja	<http://ja.wikipedia.org/wiki/田無神社>	<http://wikidata.dbpedia.org/resource/Q22119349>
<http://ja.dbpedia.org/resource/田無神社>	"田無神社"@ja	<http://dbpedia.org/ontology/ReligiousBuilding>	<http://ja.dbpedia.org/property/画像の説明>	"画像の説明"@ja	<http://ja.wikipedia.org/wiki/田無神社>	<http://wikidata.dbpedia.org/resource/Q22119349>
<http://ja.dbpedia.org/resource/田無神社>	"田無神社"@ja	<http://dbpedia.org/ontology/Shrine>	<http://ja.dbpedia.org/property/画像の説明>	"画像の説明"@ja	<http://ja.wikipedia.org/wiki/田無神社>	<http://wikidata.dbpedia.org/resource/Q22119349>
<http://ja.dbpedia.org/resource/田無神社>	"田無神社"@ja	<http://dbpedia.org/ontology/ArchitecturalStructure>	<http://ja.dbpedia.org/property/画像の説明>	"画像の説明"@ja	<http://ja.wikipedia.org/wiki/田無神社>	<http://wikidata.dbpedia.org/resource/Q22119349>
