?s	?sLabel	?type	?p	?pLabel	?jwiki	?wd
<http://ja.dbpedia.org/resource/あきる野市>	"あきる野市"@ja	<http://dbpedia.org/ontology/Settlement>	<http://ja.dbpedia.org/property/south>	"South"@ja	<http://ja.wikipedia.org/wiki/あきる野市>	<http://wikidata.dbpedia.org/resource/Q240480>
<http://ja.dbpedia.org/resource/あきる野市>	"あきる野市"@ja	<http://dbpedia.org/ontology/PopulatedPlace>	<http://ja.dbpedia.org/property/隣接自治体>	"隣接自治体"@ja	<http://ja.wikipedia.org/wiki/あきる野市>	<http://wikidata.dbpedia.org/resource/Q240480>
<http://ja.dbpedia.org/resource/あきる野市>	"あきる野市"@ja	<http://dbpedia.org/ontology/PopulatedPlace>	<http://ja.dbpedia.org/property/south>	"South"@ja	<http://ja.wikipedia.org/wiki/あきる野市>	<http://wikidata.dbpedia.org/resource/Q240480>
<http://ja.dbpedia.org/resource/あきる野市>	"あきる野市"@ja	<http://dbpedia.org/ontology/Settlement>	<http://ja.dbpedia.org/property/隣接自治体>	"隣接自治体"@ja	<http://ja.wikipedia.org/wiki/あきる野市>	<http://wikidata.dbpedia.org/resource/Q240480>
<http://ja.dbpedia.org/resource/あきる野市>	"あきる野市"@ja	<http://dbpedia.org/ontology/Location>	<http://ja.dbpedia.org/property/隣接自治体>	"隣接自治体"@ja	<http://ja.wikipedia.org/wiki/あきる野市>	<http://wikidata.dbpedia.org/resource/Q240480>
<http://ja.dbpedia.org/resource/あきる野市>	"あきる野市"@ja	<http://dbpedia.org/ontology/City>	<http://ja.dbpedia.org/property/隣接自治体>	"隣接自治体"@ja	<http://ja.wikipedia.org/wiki/あきる野市>	<http://wikidata.dbpedia.org/resource/Q240480>
<http://ja.dbpedia.org/resource/あきる野市>	"あきる野市"@ja	<http://dbpedia.org/ontology/Place>	<http://ja.dbpedia.org/property/south>	"South"@ja	<http://ja.wikipedia.org/wiki/あきる野市>	<http://wikidata.dbpedia.org/resource/Q240480>
<http://ja.dbpedia.org/resource/あきる野市>	"あきる野市"@ja	<http://dbpedia.org/ontology/Place>	<http://ja.dbpedia.org/property/隣接自治体>	"隣接自治体"@ja	<http://ja.wikipedia.org/wiki/あきる野市>	<http://wikidata.dbpedia.org/resource/Q240480>
<http://ja.dbpedia.org/resource/あきる野市>	"あきる野市"@ja	<http://dbpedia.org/ontology/City>	<http://ja.dbpedia.org/property/south>	"South"@ja	<http://ja.wikipedia.org/wiki/あきる野市>	<http://wikidata.dbpedia.org/resource/Q240480>
<http://ja.dbpedia.org/resource/あきる野市>	"あきる野市"@ja	<http://dbpedia.org/ontology/Location>	<http://ja.dbpedia.org/property/south>	"South"@ja	<http://ja.wikipedia.org/wiki/あきる野市>	<http://wikidata.dbpedia.org/resource/Q240480>
<http://ja.dbpedia.org/resource/ウグイス>	"ウグイス"@ja	<http://dbpedia.org/ontology/Species>	<http://ja.dbpedia.org/property/鳥など>	"鳥など"@ja	<http://ja.wikipedia.org/wiki/ウグイス>	<http://wikidata.dbpedia.org/resource/Q27075456>
<http://ja.dbpedia.org/resource/サクラ>	"サクラ"@ja	<http://dbpedia.org/ontology/Species>	<http://ja.dbpedia.org/property/花>	"花"@ja	<http://ja.wikipedia.org/wiki/サクラ>	<http://wikidata.dbpedia.org/resource/Q871991>
<http://ja.dbpedia.org/resource/フジ_(植物)>	"フジ (植物)"@ja	<http://dbpedia.org/ontology/Species>	<http://ja.dbpedia.org/property/花>	"花"@ja	<http://ja.wikipedia.org/wiki/フジ_(植物)>	<http://wikidata.dbpedia.org/resource/Q1329209>
<http://ja.dbpedia.org/resource/モミ>	"モミ"@ja	<http://dbpedia.org/ontology/Species>	<http://ja.dbpedia.org/property/木>	"木"@ja	<http://ja.wikipedia.org/wiki/モミ>	<http://wikidata.dbpedia.org/resource/Q1718147>
<http://ja.dbpedia.org/resource/青梅市>	"青梅市"@ja	<http://dbpedia.org/ontology/City>	<http://ja.dbpedia.org/property/north>	"North"@ja	<http://ja.wikipedia.org/wiki/青梅市>	<http://wikidata.dbpedia.org/resource/Q237683>
<http://ja.dbpedia.org/resource/青梅市>	"青梅市"@ja	<http://dbpedia.org/ontology/City>	<http://ja.dbpedia.org/property/隣接自治体>	"隣接自治体"@ja	<http://ja.wikipedia.org/wiki/青梅市>	<http://wikidata.dbpedia.org/resource/Q237683>
<http://ja.dbpedia.org/resource/青梅市>	"青梅市"@ja	<http://dbpedia.org/ontology/Place>	<http://ja.dbpedia.org/property/隣接自治体>	"隣接自治体"@ja	<http://ja.wikipedia.org/wiki/青梅市>	<http://wikidata.dbpedia.org/resource/Q237683>
<http://ja.dbpedia.org/resource/青梅市>	"青梅市"@ja	<http://dbpedia.org/ontology/PopulatedPlace>	<http://ja.dbpedia.org/property/隣接自治体>	"隣接自治体"@ja	<http://ja.wikipedia.org/wiki/青梅市>	<http://wikidata.dbpedia.org/resource/Q237683>
<http://ja.dbpedia.org/resource/青梅市>	"青梅市"@ja	<http://dbpedia.org/ontology/Settlement>	<http://ja.dbpedia.org/property/隣接自治体>	"隣接自治体"@ja	<http://ja.wikipedia.org/wiki/青梅市>	<http://wikidata.dbpedia.org/resource/Q237683>
<http://ja.dbpedia.org/resource/青梅市>	"青梅市"@ja	<http://dbpedia.org/ontology/Location>	<http://ja.dbpedia.org/property/north>	"North"@ja	<http://ja.wikipedia.org/wiki/青梅市>	<http://wikidata.dbpedia.org/resource/Q237683>
<http://ja.dbpedia.org/resource/青梅市>	"青梅市"@ja	<http://dbpedia.org/ontology/Location>	<http://ja.dbpedia.org/property/隣接自治体>	"隣接自治体"@ja	<http://ja.wikipedia.org/wiki/青梅市>	<http://wikidata.dbpedia.org/resource/Q237683>
<http://ja.dbpedia.org/resource/青梅市>	"青梅市"@ja	<http://dbpedia.org/ontology/PopulatedPlace>	<http://ja.dbpedia.org/property/north>	"North"@ja	<http://ja.wikipedia.org/wiki/青梅市>	<http://wikidata.dbpedia.org/resource/Q237683>
<http://ja.dbpedia.org/resource/青梅市>	"青梅市"@ja	<http://dbpedia.org/ontology/Place>	<http://ja.dbpedia.org/property/north>	"North"@ja	<http://ja.wikipedia.org/wiki/青梅市>	<http://wikidata.dbpedia.org/resource/Q237683>
<http://ja.dbpedia.org/resource/青梅市>	"青梅市"@ja	<http://dbpedia.org/ontology/Settlement>	<http://ja.dbpedia.org/property/north>	"North"@ja	<http://ja.wikipedia.org/wiki/青梅市>	<http://wikidata.dbpedia.org/resource/Q237683>
