?s	?sLabel	?type	?p	?pLabel	?jwiki	?wd
<http://ja.dbpedia.org/resource/あきる野市>	"あきる野市"@ja	<http://dbpedia.org/ontology/Settlement>	<http://ja.dbpedia.org/property/east>	"East"@ja	<http://ja.wikipedia.org/wiki/あきる野市>	<http://wikidata.dbpedia.org/resource/Q240480>
<http://ja.dbpedia.org/resource/あきる野市>	"あきる野市"@ja	<http://dbpedia.org/ontology/City>	<http://ja.dbpedia.org/property/east>	"East"@ja	<http://ja.wikipedia.org/wiki/あきる野市>	<http://wikidata.dbpedia.org/resource/Q240480>
<http://ja.dbpedia.org/resource/あきる野市>	"あきる野市"@ja	<http://dbpedia.org/ontology/PopulatedPlace>	<http://ja.dbpedia.org/property/east>	"East"@ja	<http://ja.wikipedia.org/wiki/あきる野市>	<http://wikidata.dbpedia.org/resource/Q240480>
<http://ja.dbpedia.org/resource/あきる野市>	"あきる野市"@ja	<http://dbpedia.org/ontology/PopulatedPlace>	<http://ja.dbpedia.org/property/隣接自治体>	"隣接自治体"@ja	<http://ja.wikipedia.org/wiki/あきる野市>	<http://wikidata.dbpedia.org/resource/Q240480>
<http://ja.dbpedia.org/resource/あきる野市>	"あきる野市"@ja	<http://dbpedia.org/ontology/Location>	<http://ja.dbpedia.org/property/隣接自治体>	"隣接自治体"@ja	<http://ja.wikipedia.org/wiki/あきる野市>	<http://wikidata.dbpedia.org/resource/Q240480>
<http://ja.dbpedia.org/resource/あきる野市>	"あきる野市"@ja	<http://dbpedia.org/ontology/City>	<http://ja.dbpedia.org/property/隣接自治体>	"隣接自治体"@ja	<http://ja.wikipedia.org/wiki/あきる野市>	<http://wikidata.dbpedia.org/resource/Q240480>
<http://ja.dbpedia.org/resource/あきる野市>	"あきる野市"@ja	<http://dbpedia.org/ontology/Location>	<http://ja.dbpedia.org/property/east>	"East"@ja	<http://ja.wikipedia.org/wiki/あきる野市>	<http://wikidata.dbpedia.org/resource/Q240480>
<http://ja.dbpedia.org/resource/あきる野市>	"あきる野市"@ja	<http://dbpedia.org/ontology/Place>	<http://ja.dbpedia.org/property/east>	"East"@ja	<http://ja.wikipedia.org/wiki/あきる野市>	<http://wikidata.dbpedia.org/resource/Q240480>
<http://ja.dbpedia.org/resource/あきる野市>	"あきる野市"@ja	<http://dbpedia.org/ontology/Settlement>	<http://ja.dbpedia.org/property/隣接自治体>	"隣接自治体"@ja	<http://ja.wikipedia.org/wiki/あきる野市>	<http://wikidata.dbpedia.org/resource/Q240480>
<http://ja.dbpedia.org/resource/あきる野市>	"あきる野市"@ja	<http://dbpedia.org/ontology/Place>	<http://ja.dbpedia.org/property/隣接自治体>	"隣接自治体"@ja	<http://ja.wikipedia.org/wiki/あきる野市>	<http://wikidata.dbpedia.org/resource/Q240480>
<http://ja.dbpedia.org/resource/ウグイス>	"ウグイス"@ja	<http://dbpedia.org/ontology/Species>	<http://ja.dbpedia.org/property/鳥など>	"鳥など"@ja	<http://ja.wikipedia.org/wiki/ウグイス>	<http://wikidata.dbpedia.org/resource/Q27075456>
<http://ja.dbpedia.org/resource/ヒノキ>	"ヒノキ"@ja	<http://dbpedia.org/ontology/Species>	<http://ja.dbpedia.org/property/木>	"木"@ja	<http://ja.wikipedia.org/wiki/ヒノキ>	<http://wikidata.dbpedia.org/resource/Q917187>
<http://ja.dbpedia.org/resource/ヤマブキ>	"ヤマブキ"@ja	<http://dbpedia.org/ontology/Species>	<http://ja.dbpedia.org/property/花>	"花"@ja	<http://ja.wikipedia.org/wiki/ヤマブキ>	<http://wikidata.dbpedia.org/resource/Q157401>
<http://ja.dbpedia.org/resource/八王子市>	"八王子市"@ja	<http://dbpedia.org/ontology/City>	<http://ja.dbpedia.org/property/southeast>	"Southeast"@ja	<http://ja.wikipedia.org/wiki/八王子市>	<http://wikidata.dbpedia.org/resource/Q208863>
<http://ja.dbpedia.org/resource/八王子市>	"八王子市"@ja	<http://dbpedia.org/ontology/City>	<http://ja.dbpedia.org/property/隣接自治体>	"隣接自治体"@ja	<http://ja.wikipedia.org/wiki/八王子市>	<http://wikidata.dbpedia.org/resource/Q208863>
<http://ja.dbpedia.org/resource/八王子市>	"八王子市"@ja	<http://dbpedia.org/ontology/Location>	<http://ja.dbpedia.org/property/隣接自治体>	"隣接自治体"@ja	<http://ja.wikipedia.org/wiki/八王子市>	<http://wikidata.dbpedia.org/resource/Q208863>
<http://ja.dbpedia.org/resource/八王子市>	"八王子市"@ja	<http://dbpedia.org/ontology/Location>	<http://ja.dbpedia.org/property/southeast>	"Southeast"@ja	<http://ja.wikipedia.org/wiki/八王子市>	<http://wikidata.dbpedia.org/resource/Q208863>
<http://ja.dbpedia.org/resource/八王子市>	"八王子市"@ja	<http://dbpedia.org/ontology/Place>	<http://ja.dbpedia.org/property/隣接自治体>	"隣接自治体"@ja	<http://ja.wikipedia.org/wiki/八王子市>	<http://wikidata.dbpedia.org/resource/Q208863>
<http://ja.dbpedia.org/resource/八王子市>	"八王子市"@ja	<http://dbpedia.org/ontology/Settlement>	<http://ja.dbpedia.org/property/隣接自治体>	"隣接自治体"@ja	<http://ja.wikipedia.org/wiki/八王子市>	<http://wikidata.dbpedia.org/resource/Q208863>
<http://ja.dbpedia.org/resource/八王子市>	"八王子市"@ja	<http://dbpedia.org/ontology/Settlement>	<http://ja.dbpedia.org/property/southeast>	"Southeast"@ja	<http://ja.wikipedia.org/wiki/八王子市>	<http://wikidata.dbpedia.org/resource/Q208863>
<http://ja.dbpedia.org/resource/八王子市>	"八王子市"@ja	<http://dbpedia.org/ontology/Place>	<http://ja.dbpedia.org/property/southeast>	"Southeast"@ja	<http://ja.wikipedia.org/wiki/八王子市>	<http://wikidata.dbpedia.org/resource/Q208863>
<http://ja.dbpedia.org/resource/八王子市>	"八王子市"@ja	<http://dbpedia.org/ontology/PopulatedPlace>	<http://ja.dbpedia.org/property/隣接自治体>	"隣接自治体"@ja	<http://ja.wikipedia.org/wiki/八王子市>	<http://wikidata.dbpedia.org/resource/Q208863>
<http://ja.dbpedia.org/resource/八王子市>	"八王子市"@ja	<http://dbpedia.org/ontology/PopulatedPlace>	<http://ja.dbpedia.org/property/southeast>	"Southeast"@ja	<http://ja.wikipedia.org/wiki/八王子市>	<http://wikidata.dbpedia.org/resource/Q208863>
<http://ja.dbpedia.org/resource/相模原市>	"相模原市"@ja	<http://dbpedia.org/ontology/Settlement>	<http://ja.dbpedia.org/property/隣接自治体>	"隣接自治体"@ja	<http://ja.wikipedia.org/wiki/相模原市>	<http://wikidata.dbpedia.org/resource/Q209779>
<http://ja.dbpedia.org/resource/相模原市>	"相模原市"@ja	<http://dbpedia.org/ontology/PopulatedPlace>	<http://ja.dbpedia.org/property/隣接自治体>	"隣接自治体"@ja	<http://ja.wikipedia.org/wiki/相模原市>	<http://wikidata.dbpedia.org/resource/Q209779>
<http://ja.dbpedia.org/resource/相模原市>	"相模原市"@ja	<http://dbpedia.org/ontology/Place>	<http://ja.dbpedia.org/property/隣接自治体>	"隣接自治体"@ja	<http://ja.wikipedia.org/wiki/相模原市>	<http://wikidata.dbpedia.org/resource/Q209779>
<http://ja.dbpedia.org/resource/相模原市>	"相模原市"@ja	<http://dbpedia.org/ontology/City>	<http://ja.dbpedia.org/property/隣接自治体>	"隣接自治体"@ja	<http://ja.wikipedia.org/wiki/相模原市>	<http://wikidata.dbpedia.org/resource/Q209779>
<http://ja.dbpedia.org/resource/相模原市>	"相模原市"@ja	<http://dbpedia.org/ontology/Location>	<http://ja.dbpedia.org/property/隣接自治体>	"隣接自治体"@ja	<http://ja.wikipedia.org/wiki/相模原市>	<http://wikidata.dbpedia.org/resource/Q209779>
<http://ja.dbpedia.org/resource/神奈川県>	"神奈川県"@ja	<http://dbpedia.org/ontology/PopulatedPlace>	<http://ja.dbpedia.org/property/隣接自治体>	"隣接自治体"@ja	<http://ja.wikipedia.org/wiki/神奈川県>	<http://wikidata.dbpedia.org/resource/Q127513>
<http://ja.dbpedia.org/resource/神奈川県>	"神奈川県"@ja	<http://dbpedia.org/ontology/Region>	<http://ja.dbpedia.org/property/隣接自治体>	"隣接自治体"@ja	<http://ja.wikipedia.org/wiki/神奈川県>	<http://wikidata.dbpedia.org/resource/Q127513>
<http://ja.dbpedia.org/resource/神奈川県>	"神奈川県"@ja	<http://dbpedia.org/ontology/Place>	<http://ja.dbpedia.org/property/隣接自治体>	"隣接自治体"@ja	<http://ja.wikipedia.org/wiki/神奈川県>	<http://wikidata.dbpedia.org/resource/Q127513>
<http://ja.dbpedia.org/resource/神奈川県>	"神奈川県"@ja	<http://dbpedia.org/ontology/Location>	<http://ja.dbpedia.org/property/隣接自治体>	"隣接自治体"@ja	<http://ja.wikipedia.org/wiki/神奈川県>	<http://wikidata.dbpedia.org/resource/Q127513>
<http://ja.dbpedia.org/resource/神奈川県>	"神奈川県"@ja	<http://dbpedia.org/ontology/AdministrativeRegion>	<http://ja.dbpedia.org/property/隣接自治体>	"隣接自治体"@ja	<http://ja.wikipedia.org/wiki/神奈川県>	<http://wikidata.dbpedia.org/resource/Q127513>
