?s	?sLabel	?type	?p	?pLabel	?jwiki	?wd
<http://ja.dbpedia.org/resource/ツツジ>	"ツツジ"@ja	<http://dbpedia.org/ontology/Species>	<http://ja.dbpedia.org/property/花>	"花"@ja	<http://ja.wikipedia.org/wiki/ツツジ>	<http://wikidata.dbpedia.org/resource/Q189393>
<http://ja.dbpedia.org/resource/ヒバリ>	"ヒバリ"@ja	<http://dbpedia.org/ontology/Species>	<http://ja.dbpedia.org/property/鳥など>	"鳥など"@ja	<http://ja.wikipedia.org/wiki/ヒバリ>	<http://wikidata.dbpedia.org/resource/Q25961>
<http://ja.dbpedia.org/resource/マツ>	"マツ"@ja	<http://dbpedia.org/ontology/Species>	<http://ja.dbpedia.org/property/木>	"木"@ja	<http://ja.wikipedia.org/wiki/マツ>	<http://wikidata.dbpedia.org/resource/Q12024>
<http://ja.dbpedia.org/resource/モクセイ>	"モクセイ"@ja	<http://dbpedia.org/ontology/Species>	<http://ja.dbpedia.org/property/花>	"花"@ja	<http://ja.wikipedia.org/wiki/モクセイ>	<http://wikidata.dbpedia.org/resource/Q1209922>
<http://ja.dbpedia.org/resource/モクセイ>	"モクセイ"@ja	<http://dbpedia.org/ontology/Species>	<http://ja.dbpedia.org/property/木>	"木"@ja	<http://ja.wikipedia.org/wiki/モクセイ>	<http://wikidata.dbpedia.org/resource/Q1209922>
<http://ja.dbpedia.org/resource/入間市>	"入間市"@ja	<http://dbpedia.org/ontology/PopulatedPlace>	<http://ja.dbpedia.org/property/隣接自治体>	"隣接自治体"@ja	<http://ja.wikipedia.org/wiki/入間市>	<http://wikidata.dbpedia.org/resource/Q696925>
<http://ja.dbpedia.org/resource/入間市>	"入間市"@ja	<http://dbpedia.org/ontology/Settlement>	<http://ja.dbpedia.org/property/隣接自治体>	"隣接自治体"@ja	<http://ja.wikipedia.org/wiki/入間市>	<http://wikidata.dbpedia.org/resource/Q696925>
<http://ja.dbpedia.org/resource/入間市>	"入間市"@ja	<http://dbpedia.org/ontology/Location>	<http://ja.dbpedia.org/property/隣接自治体>	"隣接自治体"@ja	<http://ja.wikipedia.org/wiki/入間市>	<http://wikidata.dbpedia.org/resource/Q696925>
<http://ja.dbpedia.org/resource/入間市>	"入間市"@ja	<http://dbpedia.org/ontology/Place>	<http://ja.dbpedia.org/property/隣接自治体>	"隣接自治体"@ja	<http://ja.wikipedia.org/wiki/入間市>	<http://wikidata.dbpedia.org/resource/Q696925>
<http://ja.dbpedia.org/resource/入間市>	"入間市"@ja	<http://dbpedia.org/ontology/City>	<http://ja.dbpedia.org/property/隣接自治体>	"隣接自治体"@ja	<http://ja.wikipedia.org/wiki/入間市>	<http://wikidata.dbpedia.org/resource/Q696925>
<http://ja.dbpedia.org/resource/埼玉県>	"埼玉県"@ja	<http://dbpedia.org/ontology/Region>	<http://ja.dbpedia.org/property/隣接自治体>	"隣接自治体"@ja	<http://ja.wikipedia.org/wiki/埼玉県>	<http://wikidata.dbpedia.org/resource/Q128186>
<http://ja.dbpedia.org/resource/埼玉県>	"埼玉県"@ja	<http://dbpedia.org/ontology/Place>	<http://ja.dbpedia.org/property/隣接自治体>	"隣接自治体"@ja	<http://ja.wikipedia.org/wiki/埼玉県>	<http://wikidata.dbpedia.org/resource/Q128186>
<http://ja.dbpedia.org/resource/埼玉県>	"埼玉県"@ja	<http://dbpedia.org/ontology/PopulatedPlace>	<http://ja.dbpedia.org/property/隣接自治体>	"隣接自治体"@ja	<http://ja.wikipedia.org/wiki/埼玉県>	<http://wikidata.dbpedia.org/resource/Q128186>
<http://ja.dbpedia.org/resource/埼玉県>	"埼玉県"@ja	<http://dbpedia.org/ontology/Location>	<http://ja.dbpedia.org/property/隣接自治体>	"隣接自治体"@ja	<http://ja.wikipedia.org/wiki/埼玉県>	<http://wikidata.dbpedia.org/resource/Q128186>
<http://ja.dbpedia.org/resource/埼玉県>	"埼玉県"@ja	<http://dbpedia.org/ontology/AdministrativeRegion>	<http://ja.dbpedia.org/property/隣接自治体>	"隣接自治体"@ja	<http://ja.wikipedia.org/wiki/埼玉県>	<http://wikidata.dbpedia.org/resource/Q128186>
<http://ja.dbpedia.org/resource/所沢市>	"所沢市"@ja	<http://dbpedia.org/ontology/Settlement>	<http://ja.dbpedia.org/property/隣接自治体>	"隣接自治体"@ja	<http://ja.wikipedia.org/wiki/所沢市>	<http://wikidata.dbpedia.org/resource/Q165857>
<http://ja.dbpedia.org/resource/所沢市>	"所沢市"@ja	<http://dbpedia.org/ontology/PopulatedPlace>	<http://ja.dbpedia.org/property/隣接自治体>	"隣接自治体"@ja	<http://ja.wikipedia.org/wiki/所沢市>	<http://wikidata.dbpedia.org/resource/Q165857>
<http://ja.dbpedia.org/resource/所沢市>	"所沢市"@ja	<http://dbpedia.org/ontology/Location>	<http://ja.dbpedia.org/property/隣接自治体>	"隣接自治体"@ja	<http://ja.wikipedia.org/wiki/所沢市>	<http://wikidata.dbpedia.org/resource/Q165857>
<http://ja.dbpedia.org/resource/所沢市>	"所沢市"@ja	<http://dbpedia.org/ontology/Place>	<http://ja.dbpedia.org/property/隣接自治体>	"隣接自治体"@ja	<http://ja.wikipedia.org/wiki/所沢市>	<http://wikidata.dbpedia.org/resource/Q165857>
<http://ja.dbpedia.org/resource/所沢市>	"所沢市"@ja	<http://dbpedia.org/ontology/City>	<http://ja.dbpedia.org/property/隣接自治体>	"隣接自治体"@ja	<http://ja.wikipedia.org/wiki/所沢市>	<http://wikidata.dbpedia.org/resource/Q165857>
<http://ja.dbpedia.org/resource/武蔵村山市>	"武蔵村山市"@ja	<http://dbpedia.org/ontology/Place>	<http://ja.dbpedia.org/property/隣接自治体>	"隣接自治体"@ja	<http://ja.wikipedia.org/wiki/武蔵村山市>	<http://wikidata.dbpedia.org/resource/Q390806>
<http://ja.dbpedia.org/resource/武蔵村山市>	"武蔵村山市"@ja	<http://dbpedia.org/ontology/Location>	<http://ja.dbpedia.org/property/east>	"East"@ja	<http://ja.wikipedia.org/wiki/武蔵村山市>	<http://wikidata.dbpedia.org/resource/Q390806>
<http://ja.dbpedia.org/resource/武蔵村山市>	"武蔵村山市"@ja	<http://dbpedia.org/ontology/PopulatedPlace>	<http://ja.dbpedia.org/property/east>	"East"@ja	<http://ja.wikipedia.org/wiki/武蔵村山市>	<http://wikidata.dbpedia.org/resource/Q390806>
<http://ja.dbpedia.org/resource/武蔵村山市>	"武蔵村山市"@ja	<http://dbpedia.org/ontology/City>	<http://ja.dbpedia.org/property/隣接自治体>	"隣接自治体"@ja	<http://ja.wikipedia.org/wiki/武蔵村山市>	<http://wikidata.dbpedia.org/resource/Q390806>
<http://ja.dbpedia.org/resource/武蔵村山市>	"武蔵村山市"@ja	<http://dbpedia.org/ontology/Settlement>	<http://ja.dbpedia.org/property/east>	"East"@ja	<http://ja.wikipedia.org/wiki/武蔵村山市>	<http://wikidata.dbpedia.org/resource/Q390806>
<http://ja.dbpedia.org/resource/武蔵村山市>	"武蔵村山市"@ja	<http://dbpedia.org/ontology/PopulatedPlace>	<http://ja.dbpedia.org/property/隣接自治体>	"隣接自治体"@ja	<http://ja.wikipedia.org/wiki/武蔵村山市>	<http://wikidata.dbpedia.org/resource/Q390806>
<http://ja.dbpedia.org/resource/武蔵村山市>	"武蔵村山市"@ja	<http://dbpedia.org/ontology/Place>	<http://ja.dbpedia.org/property/east>	"East"@ja	<http://ja.wikipedia.org/wiki/武蔵村山市>	<http://wikidata.dbpedia.org/resource/Q390806>
<http://ja.dbpedia.org/resource/武蔵村山市>	"武蔵村山市"@ja	<http://dbpedia.org/ontology/Location>	<http://ja.dbpedia.org/property/隣接自治体>	"隣接自治体"@ja	<http://ja.wikipedia.org/wiki/武蔵村山市>	<http://wikidata.dbpedia.org/resource/Q390806>
<http://ja.dbpedia.org/resource/武蔵村山市>	"武蔵村山市"@ja	<http://dbpedia.org/ontology/City>	<http://ja.dbpedia.org/property/east>	"East"@ja	<http://ja.wikipedia.org/wiki/武蔵村山市>	<http://wikidata.dbpedia.org/resource/Q390806>
<http://ja.dbpedia.org/resource/武蔵村山市>	"武蔵村山市"@ja	<http://dbpedia.org/ontology/Settlement>	<http://ja.dbpedia.org/property/隣接自治体>	"隣接自治体"@ja	<http://ja.wikipedia.org/wiki/武蔵村山市>	<http://wikidata.dbpedia.org/resource/Q390806>
<http://ja.dbpedia.org/resource/狭山池公園_(東京都)>	"狭山池公園 (東京都)"@ja	<http://dbpedia.org/ontology/Place>	<http://ja.dbpedia.org/property/画像の説明>	"画像の説明"@ja	<http://ja.wikipedia.org/wiki/狭山池公園_(東京都)>	<http://wikidata.dbpedia.org/resource/Q38276195>
<http://ja.dbpedia.org/resource/狭山池公園_(東京都)>	"狭山池公園 (東京都)"@ja	<http://dbpedia.org/ontology/Location>	<http://ja.dbpedia.org/property/画像の説明>	"画像の説明"@ja	<http://ja.wikipedia.org/wiki/狭山池公園_(東京都)>	<http://wikidata.dbpedia.org/resource/Q38276195>
<http://ja.dbpedia.org/resource/狭山池公園_(東京都)>	"狭山池公園 (東京都)"@ja	<http://dbpedia.org/ontology/Park>	<http://ja.dbpedia.org/property/画像の説明>	"画像の説明"@ja	<http://ja.wikipedia.org/wiki/狭山池公園_(東京都)>	<http://wikidata.dbpedia.org/resource/Q38276195>
<http://ja.dbpedia.org/resource/福生市>	"福生市"@ja	<http://dbpedia.org/ontology/Place>	<http://ja.dbpedia.org/property/隣接自治体>	"隣接自治体"@ja	<http://ja.wikipedia.org/wiki/福生市>	<http://wikidata.dbpedia.org/resource/Q317813>
<http://ja.dbpedia.org/resource/福生市>	"福生市"@ja	<http://dbpedia.org/ontology/Location>	<http://ja.dbpedia.org/property/south>	"South"@ja	<http://ja.wikipedia.org/wiki/福生市>	<http://wikidata.dbpedia.org/resource/Q317813>
<http://ja.dbpedia.org/resource/福生市>	"福生市"@ja	<http://dbpedia.org/ontology/PopulatedPlace>	<http://ja.dbpedia.org/property/south>	"South"@ja	<http://ja.wikipedia.org/wiki/福生市>	<http://wikidata.dbpedia.org/resource/Q317813>
<http://ja.dbpedia.org/resource/福生市>	"福生市"@ja	<http://dbpedia.org/ontology/City>	<http://ja.dbpedia.org/property/隣接自治体>	"隣接自治体"@ja	<http://ja.wikipedia.org/wiki/福生市>	<http://wikidata.dbpedia.org/resource/Q317813>
<http://ja.dbpedia.org/resource/福生市>	"福生市"@ja	<http://dbpedia.org/ontology/Settlement>	<http://ja.dbpedia.org/property/south>	"South"@ja	<http://ja.wikipedia.org/wiki/福生市>	<http://wikidata.dbpedia.org/resource/Q317813>
<http://ja.dbpedia.org/resource/福生市>	"福生市"@ja	<http://dbpedia.org/ontology/PopulatedPlace>	<http://ja.dbpedia.org/property/隣接自治体>	"隣接自治体"@ja	<http://ja.wikipedia.org/wiki/福生市>	<http://wikidata.dbpedia.org/resource/Q317813>
<http://ja.dbpedia.org/resource/福生市>	"福生市"@ja	<http://dbpedia.org/ontology/Place>	<http://ja.dbpedia.org/property/south>	"South"@ja	<http://ja.wikipedia.org/wiki/福生市>	<http://wikidata.dbpedia.org/resource/Q317813>
<http://ja.dbpedia.org/resource/福生市>	"福生市"@ja	<http://dbpedia.org/ontology/Location>	<http://ja.dbpedia.org/property/隣接自治体>	"隣接自治体"@ja	<http://ja.wikipedia.org/wiki/福生市>	<http://wikidata.dbpedia.org/resource/Q317813>
<http://ja.dbpedia.org/resource/福生市>	"福生市"@ja	<http://dbpedia.org/ontology/Settlement>	<http://ja.dbpedia.org/property/隣接自治体>	"隣接自治体"@ja	<http://ja.wikipedia.org/wiki/福生市>	<http://wikidata.dbpedia.org/resource/Q317813>
<http://ja.dbpedia.org/resource/福生市>	"福生市"@ja	<http://dbpedia.org/ontology/City>	<http://ja.dbpedia.org/property/south>	"South"@ja	<http://ja.wikipedia.org/wiki/福生市>	<http://wikidata.dbpedia.org/resource/Q317813>
<http://ja.dbpedia.org/resource/羽村市>	"羽村市"@ja	<http://dbpedia.org/ontology/Settlement>	<http://ja.dbpedia.org/property/west>	"West"@ja	<http://ja.wikipedia.org/wiki/羽村市>	<http://wikidata.dbpedia.org/resource/Q270465>
<http://ja.dbpedia.org/resource/羽村市>	"羽村市"@ja	<http://dbpedia.org/ontology/City>	<http://ja.dbpedia.org/property/隣接自治体>	"隣接自治体"@ja	<http://ja.wikipedia.org/wiki/羽村市>	<http://wikidata.dbpedia.org/resource/Q270465>
<http://ja.dbpedia.org/resource/羽村市>	"羽村市"@ja	<http://dbpedia.org/ontology/Location>	<http://ja.dbpedia.org/property/west>	"West"@ja	<http://ja.wikipedia.org/wiki/羽村市>	<http://wikidata.dbpedia.org/resource/Q270465>
<http://ja.dbpedia.org/resource/羽村市>	"羽村市"@ja	<http://dbpedia.org/ontology/Place>	<http://ja.dbpedia.org/property/隣接自治体>	"隣接自治体"@ja	<http://ja.wikipedia.org/wiki/羽村市>	<http://wikidata.dbpedia.org/resource/Q270465>
<http://ja.dbpedia.org/resource/羽村市>	"羽村市"@ja	<http://dbpedia.org/ontology/PopulatedPlace>	<http://ja.dbpedia.org/property/west>	"West"@ja	<http://ja.wikipedia.org/wiki/羽村市>	<http://wikidata.dbpedia.org/resource/Q270465>
<http://ja.dbpedia.org/resource/羽村市>	"羽村市"@ja	<http://dbpedia.org/ontology/Settlement>	<http://ja.dbpedia.org/property/隣接自治体>	"隣接自治体"@ja	<http://ja.wikipedia.org/wiki/羽村市>	<http://wikidata.dbpedia.org/resource/Q270465>
<http://ja.dbpedia.org/resource/羽村市>	"羽村市"@ja	<http://dbpedia.org/ontology/City>	<http://ja.dbpedia.org/property/west>	"West"@ja	<http://ja.wikipedia.org/wiki/羽村市>	<http://wikidata.dbpedia.org/resource/Q270465>
<http://ja.dbpedia.org/resource/羽村市>	"羽村市"@ja	<http://dbpedia.org/ontology/PopulatedPlace>	<http://ja.dbpedia.org/property/隣接自治体>	"隣接自治体"@ja	<http://ja.wikipedia.org/wiki/羽村市>	<http://wikidata.dbpedia.org/resource/Q270465>
<http://ja.dbpedia.org/resource/羽村市>	"羽村市"@ja	<http://dbpedia.org/ontology/Place>	<http://ja.dbpedia.org/property/west>	"West"@ja	<http://ja.wikipedia.org/wiki/羽村市>	<http://wikidata.dbpedia.org/resource/Q270465>
<http://ja.dbpedia.org/resource/羽村市>	"羽村市"@ja	<http://dbpedia.org/ontology/Location>	<http://ja.dbpedia.org/property/隣接自治体>	"隣接自治体"@ja	<http://ja.wikipedia.org/wiki/羽村市>	<http://wikidata.dbpedia.org/resource/Q270465>
<http://ja.dbpedia.org/resource/青梅市>	"青梅市"@ja	<http://dbpedia.org/ontology/City>	<http://ja.dbpedia.org/property/隣接自治体>	"隣接自治体"@ja	<http://ja.wikipedia.org/wiki/青梅市>	<http://wikidata.dbpedia.org/resource/Q237683>
<http://ja.dbpedia.org/resource/青梅市>	"青梅市"@ja	<http://dbpedia.org/ontology/PopulatedPlace>	<http://ja.dbpedia.org/property/northwest>	"Northwest"@ja	<http://ja.wikipedia.org/wiki/青梅市>	<http://wikidata.dbpedia.org/resource/Q237683>
<http://ja.dbpedia.org/resource/青梅市>	"青梅市"@ja	<http://dbpedia.org/ontology/Place>	<http://ja.dbpedia.org/property/隣接自治体>	"隣接自治体"@ja	<http://ja.wikipedia.org/wiki/青梅市>	<http://wikidata.dbpedia.org/resource/Q237683>
<http://ja.dbpedia.org/resource/青梅市>	"青梅市"@ja	<http://dbpedia.org/ontology/Settlement>	<http://ja.dbpedia.org/property/northwest>	"Northwest"@ja	<http://ja.wikipedia.org/wiki/青梅市>	<http://wikidata.dbpedia.org/resource/Q237683>
<http://ja.dbpedia.org/resource/青梅市>	"青梅市"@ja	<http://dbpedia.org/ontology/Location>	<http://ja.dbpedia.org/property/northwest>	"Northwest"@ja	<http://ja.wikipedia.org/wiki/青梅市>	<http://wikidata.dbpedia.org/resource/Q237683>
<http://ja.dbpedia.org/resource/青梅市>	"青梅市"@ja	<http://dbpedia.org/ontology/Location>	<http://ja.dbpedia.org/property/隣接自治体>	"隣接自治体"@ja	<http://ja.wikipedia.org/wiki/青梅市>	<http://wikidata.dbpedia.org/resource/Q237683>
<http://ja.dbpedia.org/resource/青梅市>	"青梅市"@ja	<http://dbpedia.org/ontology/Place>	<http://ja.dbpedia.org/property/northwest>	"Northwest"@ja	<http://ja.wikipedia.org/wiki/青梅市>	<http://wikidata.dbpedia.org/resource/Q237683>
<http://ja.dbpedia.org/resource/青梅市>	"青梅市"@ja	<http://dbpedia.org/ontology/PopulatedPlace>	<http://ja.dbpedia.org/property/隣接自治体>	"隣接自治体"@ja	<http://ja.wikipedia.org/wiki/青梅市>	<http://wikidata.dbpedia.org/resource/Q237683>
<http://ja.dbpedia.org/resource/青梅市>	"青梅市"@ja	<http://dbpedia.org/ontology/City>	<http://ja.dbpedia.org/property/northwest>	"Northwest"@ja	<http://ja.wikipedia.org/wiki/青梅市>	<http://wikidata.dbpedia.org/resource/Q237683>
<http://ja.dbpedia.org/resource/青梅市>	"青梅市"@ja	<http://dbpedia.org/ontology/Settlement>	<http://ja.dbpedia.org/property/隣接自治体>	"隣接自治体"@ja	<http://ja.wikipedia.org/wiki/青梅市>	<http://wikidata.dbpedia.org/resource/Q237683>
