?s	?sLabel	?type	?p	?pLabel	?jwiki	?wd
<http://ja.dbpedia.org/resource/スギ>	"スギ"@ja	<http://dbpedia.org/ontology/Species>	<http://ja.dbpedia.org/property/木>	"木"@ja	<http://ja.wikipedia.org/wiki/スギ>	<http://wikidata.dbpedia.org/resource/Q147388>
<http://ja.dbpedia.org/resource/ヤマユリ>	"ヤマユリ"@ja	<http://dbpedia.org/ontology/Eukaryote>	<http://ja.dbpedia.org/property/花>	"花"@ja	<http://ja.wikipedia.org/wiki/ヤマユリ>	<http://wikidata.dbpedia.org/resource/Q134486>
<http://ja.dbpedia.org/resource/ヤマユリ>	"ヤマユリ"@ja	<http://dbpedia.org/ontology/Plant>	<http://ja.dbpedia.org/property/花>	"花"@ja	<http://ja.wikipedia.org/wiki/ヤマユリ>	<http://wikidata.dbpedia.org/resource/Q134486>
<http://ja.dbpedia.org/resource/ヤマユリ>	"ヤマユリ"@ja	<http://dbpedia.org/ontology/Species>	<http://ja.dbpedia.org/property/花>	"花"@ja	<http://ja.wikipedia.org/wiki/ヤマユリ>	<http://wikidata.dbpedia.org/resource/Q134486>
<http://ja.dbpedia.org/resource/横綱千代の山・千代の富士記念館>	"横綱千代の山・千代の富士記念館"@ja	<http://dbpedia.org/ontology/ArchitecturalStructure>	<http://ja.dbpedia.org/property/画像の説明>	"画像の説明"@ja	<http://ja.wikipedia.org/wiki/横綱千代の山・千代の富士記念館>	<http://wikidata.dbpedia.org/resource/Q11543443>
<http://ja.dbpedia.org/resource/横綱千代の山・千代の富士記念館>	"横綱千代の山・千代の富士記念館"@ja	<http://dbpedia.org/ontology/Building>	<http://ja.dbpedia.org/property/画像の説明>	"画像の説明"@ja	<http://ja.wikipedia.org/wiki/横綱千代の山・千代の富士記念館>	<http://wikidata.dbpedia.org/resource/Q11543443>
<http://ja.dbpedia.org/resource/横綱千代の山・千代の富士記念館>	"横綱千代の山・千代の富士記念館"@ja	<http://dbpedia.org/ontology/Museum>	<http://ja.dbpedia.org/property/画像の説明>	"画像の説明"@ja	<http://ja.wikipedia.org/wiki/横綱千代の山・千代の富士記念館>	<http://wikidata.dbpedia.org/resource/Q11543443>
<http://ja.dbpedia.org/resource/渡島総合振興局>	"渡島総合振興局"@ja	<http://dbpedia.org/ontology/Location>	<http://ja.dbpedia.org/property/支庁>	"支庁"@ja	<http://ja.wikipedia.org/wiki/渡島総合振興局>	<http://wikidata.dbpedia.org/resource/Q2226825>
<http://ja.dbpedia.org/resource/渡島総合振興局>	"渡島総合振興局"@ja	<http://dbpedia.org/ontology/Settlement>	<http://ja.dbpedia.org/property/支庁>	"支庁"@ja	<http://ja.wikipedia.org/wiki/渡島総合振興局>	<http://wikidata.dbpedia.org/resource/Q2226825>
<http://ja.dbpedia.org/resource/渡島総合振興局>	"渡島総合振興局"@ja	<http://dbpedia.org/ontology/Place>	<http://ja.dbpedia.org/property/支庁>	"支庁"@ja	<http://ja.wikipedia.org/wiki/渡島総合振興局>	<http://wikidata.dbpedia.org/resource/Q2226825>
<http://ja.dbpedia.org/resource/渡島総合振興局>	"渡島総合振興局"@ja	<http://dbpedia.org/ontology/PopulatedPlace>	<http://ja.dbpedia.org/property/支庁>	"支庁"@ja	<http://ja.wikipedia.org/wiki/渡島総合振興局>	<http://wikidata.dbpedia.org/resource/Q2226825>
