?s	?sLabel	?type	?p	?pLabel	?jwiki	?wd
<http://ja.dbpedia.org/resource/渡島総合振興局>	"渡島総合振興局"@ja	<http://dbpedia.org/ontology/Settlement>	<http://ja.dbpedia.org/property/支庁>	"支庁"@ja	<http://ja.wikipedia.org/wiki/渡島総合振興局>	<http://wikidata.dbpedia.org/resource/Q2226825>
<http://ja.dbpedia.org/resource/渡島総合振興局>	"渡島総合振興局"@ja	<http://dbpedia.org/ontology/PopulatedPlace>	<http://ja.dbpedia.org/property/支庁>	"支庁"@ja	<http://ja.wikipedia.org/wiki/渡島総合振興局>	<http://wikidata.dbpedia.org/resource/Q2226825>
<http://ja.dbpedia.org/resource/渡島総合振興局>	"渡島総合振興局"@ja	<http://dbpedia.org/ontology/Place>	<http://ja.dbpedia.org/property/支庁>	"支庁"@ja	<http://ja.wikipedia.org/wiki/渡島総合振興局>	<http://wikidata.dbpedia.org/resource/Q2226825>
<http://ja.dbpedia.org/resource/渡島総合振興局>	"渡島総合振興局"@ja	<http://dbpedia.org/ontology/Location>	<http://ja.dbpedia.org/property/支庁>	"支庁"@ja	<http://ja.wikipedia.org/wiki/渡島総合振興局>	<http://wikidata.dbpedia.org/resource/Q2226825>
<http://ja.dbpedia.org/resource/知内温泉>	"知内温泉"@ja	<http://dbpedia.org/ontology/HotSpring>	<http://ja.dbpedia.org/property/画像の説明>	"画像の説明"@ja	<http://ja.wikipedia.org/wiki/知内温泉>	<http://wikidata.dbpedia.org/resource/Q11584508>
<http://ja.dbpedia.org/resource/知内温泉>	"知内温泉"@ja	<http://dbpedia.org/ontology/Place>	<http://ja.dbpedia.org/property/画像の説明>	"画像の説明"@ja	<http://ja.wikipedia.org/wiki/知内温泉>	<http://wikidata.dbpedia.org/resource/Q11584508>
<http://ja.dbpedia.org/resource/知内温泉>	"知内温泉"@ja	<http://dbpedia.org/ontology/NaturalPlace>	<http://ja.dbpedia.org/property/画像の説明>	"画像の説明"@ja	<http://ja.wikipedia.org/wiki/知内温泉>	<http://wikidata.dbpedia.org/resource/Q11584508>
<http://ja.dbpedia.org/resource/知内温泉>	"知内温泉"@ja	<http://dbpedia.org/ontology/Location>	<http://ja.dbpedia.org/property/画像の説明>	"画像の説明"@ja	<http://ja.wikipedia.org/wiki/知内温泉>	<http://wikidata.dbpedia.org/resource/Q11584508>
