?s	?sLabel	?type	?p	?pLabel	?jwiki	?wd
<http://ja.dbpedia.org/resource/サクユリ>	"サクユリ"@ja	<http://dbpedia.org/ontology/Plant>	<http://ja.dbpedia.org/property/花>	"花"@ja	<http://ja.wikipedia.org/wiki/サクユリ>	<http://wikidata.dbpedia.org/resource/Q1825109>
<http://ja.dbpedia.org/resource/サクユリ>	"サクユリ"@ja	<http://dbpedia.org/ontology/Eukaryote>	<http://ja.dbpedia.org/property/花>	"花"@ja	<http://ja.wikipedia.org/wiki/サクユリ>	<http://wikidata.dbpedia.org/resource/Q1825109>
<http://ja.dbpedia.org/resource/サクユリ>	"サクユリ"@ja	<http://dbpedia.org/ontology/Species>	<http://ja.dbpedia.org/property/花>	"花"@ja	<http://ja.wikipedia.org/wiki/サクユリ>	<http://wikidata.dbpedia.org/resource/Q1825109>
<http://ja.dbpedia.org/resource/サクユリ>	"サクユリ"@ja	<http://dbpedia.org/ontology/FloweringPlant>	<http://ja.dbpedia.org/property/花>	"花"@ja	<http://ja.wikipedia.org/wiki/サクユリ>	<http://wikidata.dbpedia.org/resource/Q1825109>
<http://ja.dbpedia.org/resource/ツバキ>	"ツバキ"@ja	<http://dbpedia.org/ontology/Species>	<http://ja.dbpedia.org/property/木>	"木"@ja	<http://ja.wikipedia.org/wiki/ツバキ>	<http://wikidata.dbpedia.org/resource/Q160121>
<http://ja.dbpedia.org/resource/大島町>	"大島町"@ja	<http://dbpedia.org/ontology/Location>	<http://ja.dbpedia.org/property/隣接自治体>	"隣接自治体"@ja	<http://ja.wikipedia.org/wiki/大島町>	<http://wikidata.dbpedia.org/resource/Q1204507>
<http://ja.dbpedia.org/resource/大島町>	"大島町"@ja	<http://dbpedia.org/ontology/Place>	<http://ja.dbpedia.org/property/隣接自治体>	"隣接自治体"@ja	<http://ja.wikipedia.org/wiki/大島町>	<http://wikidata.dbpedia.org/resource/Q1204507>
<http://ja.dbpedia.org/resource/大島町>	"大島町"@ja	<http://dbpedia.org/ontology/PopulatedPlace>	<http://ja.dbpedia.org/property/隣接自治体>	"隣接自治体"@ja	<http://ja.wikipedia.org/wiki/大島町>	<http://wikidata.dbpedia.org/resource/Q1204507>
<http://ja.dbpedia.org/resource/大島町>	"大島町"@ja	<http://dbpedia.org/ontology/City>	<http://ja.dbpedia.org/property/隣接自治体>	"隣接自治体"@ja	<http://ja.wikipedia.org/wiki/大島町>	<http://wikidata.dbpedia.org/resource/Q1204507>
<http://ja.dbpedia.org/resource/大島町>	"大島町"@ja	<http://dbpedia.org/ontology/Settlement>	<http://ja.dbpedia.org/property/隣接自治体>	"隣接自治体"@ja	<http://ja.wikipedia.org/wiki/大島町>	<http://wikidata.dbpedia.org/resource/Q1204507>
