?s	?sLabel	?type	?p	?pLabel	?jwiki	?wd
<http://ja.dbpedia.org/resource/天上山_(東京都)>	"天上山 (東京都)"@ja	<http://dbpedia.org/ontology/Mountain>	<http://ja.dbpedia.org/property/画像の説明>	"画像の説明"@ja	<http://ja.wikipedia.org/wiki/天上山_(東京都)>	<http://wikidata.dbpedia.org/resource/Q10871808>
<http://ja.dbpedia.org/resource/天上山_(東京都)>	"天上山 (東京都)"@ja	<http://dbpedia.org/ontology/Place>	<http://ja.dbpedia.org/property/画像の説明>	"画像の説明"@ja	<http://ja.wikipedia.org/wiki/天上山_(東京都)>	<http://wikidata.dbpedia.org/resource/Q10871808>
<http://ja.dbpedia.org/resource/天上山_(東京都)>	"天上山 (東京都)"@ja	<http://dbpedia.org/ontology/NaturalPlace>	<http://ja.dbpedia.org/property/画像の説明>	"画像の説明"@ja	<http://ja.wikipedia.org/wiki/天上山_(東京都)>	<http://wikidata.dbpedia.org/resource/Q10871808>
<http://ja.dbpedia.org/resource/天上山_(東京都)>	"天上山 (東京都)"@ja	<http://dbpedia.org/ontology/Location>	<http://ja.dbpedia.org/property/画像の説明>	"画像の説明"@ja	<http://ja.wikipedia.org/wiki/天上山_(東京都)>	<http://wikidata.dbpedia.org/resource/Q10871808>
