?s	?sLabel	?type	?p	?pLabel	?jwiki	?wd
<http://ja.dbpedia.org/resource/ツバキ>	"ツバキ"@ja	<http://dbpedia.org/ontology/Species>	<http://ja.dbpedia.org/property/木>	"木"@ja	<http://ja.wikipedia.org/wiki/ツバキ>	<http://wikidata.dbpedia.org/resource/Q160121>
<http://ja.dbpedia.org/resource/三原山>	"三原山"@ja	<http://dbpedia.org/ontology/Mountain>	<http://ja.dbpedia.org/property/画像の説明>	"画像の説明"@ja	<http://ja.wikipedia.org/wiki/三原山>	<http://wikidata.dbpedia.org/resource/Q1138683>
<http://ja.dbpedia.org/resource/三原山>	"三原山"@ja	<http://dbpedia.org/ontology/Place>	<http://ja.dbpedia.org/property/画像の説明>	"画像の説明"@ja	<http://ja.wikipedia.org/wiki/三原山>	<http://wikidata.dbpedia.org/resource/Q1138683>
<http://ja.dbpedia.org/resource/三原山>	"三原山"@ja	<http://dbpedia.org/ontology/NaturalPlace>	<http://ja.dbpedia.org/property/画像の説明>	"画像の説明"@ja	<http://ja.wikipedia.org/wiki/三原山>	<http://wikidata.dbpedia.org/resource/Q1138683>
<http://ja.dbpedia.org/resource/三原山>	"三原山"@ja	<http://dbpedia.org/ontology/Location>	<http://ja.dbpedia.org/property/画像の説明>	"画像の説明"@ja	<http://ja.wikipedia.org/wiki/三原山>	<http://wikidata.dbpedia.org/resource/Q1138683>
