?s	?sLabel	?type	?p	?pLabel	?jwiki	?wd
<http://ja.dbpedia.org/resource/アカマツ>	"アカマツ"@ja	<http://dbpedia.org/ontology/Species>	<http://ja.dbpedia.org/property/木>	"木"@ja	<http://ja.wikipedia.org/wiki/アカマツ>	<http://wikidata.dbpedia.org/resource/Q1044186>
<http://ja.dbpedia.org/resource/スイレン属>	"スイレン属"@ja	<http://dbpedia.org/ontology/Species>	<http://ja.dbpedia.org/property/画像の説明>	"画像の説明"@ja	<http://ja.wikipedia.org/wiki/スイレン属>	<http://wikidata.dbpedia.org/resource/Q146628>
<http://ja.dbpedia.org/resource/渡島総合振興局>	"渡島総合振興局"@ja	<http://dbpedia.org/ontology/PopulatedPlace>	<http://ja.dbpedia.org/property/支庁>	"支庁"@ja	<http://ja.wikipedia.org/wiki/渡島総合振興局>	<http://wikidata.dbpedia.org/resource/Q2226825>
<http://ja.dbpedia.org/resource/渡島総合振興局>	"渡島総合振興局"@ja	<http://dbpedia.org/ontology/Place>	<http://ja.dbpedia.org/property/支庁>	"支庁"@ja	<http://ja.wikipedia.org/wiki/渡島総合振興局>	<http://wikidata.dbpedia.org/resource/Q2226825>
<http://ja.dbpedia.org/resource/渡島総合振興局>	"渡島総合振興局"@ja	<http://dbpedia.org/ontology/Settlement>	<http://ja.dbpedia.org/property/支庁>	"支庁"@ja	<http://ja.wikipedia.org/wiki/渡島総合振興局>	<http://wikidata.dbpedia.org/resource/Q2226825>
<http://ja.dbpedia.org/resource/渡島総合振興局>	"渡島総合振興局"@ja	<http://dbpedia.org/ontology/Location>	<http://ja.dbpedia.org/property/支庁>	"支庁"@ja	<http://ja.wikipedia.org/wiki/渡島総合振興局>	<http://wikidata.dbpedia.org/resource/Q2226825>
