?s	?sLabel	?type	?p	?pLabel	?jwiki	?wd
<http://ja.dbpedia.org/resource/アカコッコ>	"アカコッコ"@ja	<http://dbpedia.org/ontology/Species>	<http://ja.dbpedia.org/property/鳥など>	"鳥など"@ja	<http://ja.wikipedia.org/wiki/アカコッコ>	<http://wikidata.dbpedia.org/resource/Q2587219>
<http://ja.dbpedia.org/resource/アジサイ>	"アジサイ"@ja	<http://dbpedia.org/ontology/Species>	<http://ja.dbpedia.org/property/花>	"花"@ja	<http://ja.wikipedia.org/wiki/アジサイ>	<http://wikidata.dbpedia.org/resource/Q159219>
<http://ja.dbpedia.org/resource/三宅島>	"三宅島"@ja	<http://dbpedia.org/ontology/PopulatedPlace>	<http://ja.dbpedia.org/property/画像の説明>	"画像の説明"@ja	<http://ja.wikipedia.org/wiki/三宅島>	<http://wikidata.dbpedia.org/resource/Q1075076>
<http://ja.dbpedia.org/resource/三宅島>	"三宅島"@ja	<http://dbpedia.org/ontology/Place>	<http://ja.dbpedia.org/property/画像の説明>	"画像の説明"@ja	<http://ja.wikipedia.org/wiki/三宅島>	<http://wikidata.dbpedia.org/resource/Q1075076>
<http://ja.dbpedia.org/resource/三宅島>	"三宅島"@ja	<http://dbpedia.org/ontology/Island>	<http://ja.dbpedia.org/property/画像の説明>	"画像の説明"@ja	<http://ja.wikipedia.org/wiki/三宅島>	<http://wikidata.dbpedia.org/resource/Q1075076>
<http://ja.dbpedia.org/resource/三宅島>	"三宅島"@ja	<http://dbpedia.org/ontology/Location>	<http://ja.dbpedia.org/property/画像の説明>	"画像の説明"@ja	<http://ja.wikipedia.org/wiki/三宅島>	<http://wikidata.dbpedia.org/resource/Q1075076>
