?s	?sLabel	?type	?p	?pLabel	?jwiki	?wd
<http://ja.dbpedia.org/resource/ツゲ>	"ツゲ"@ja	<http://dbpedia.org/ontology/Species>	<http://ja.dbpedia.org/property/木>	"木"@ja	<http://ja.wikipedia.org/wiki/ツゲ>	<http://wikidata.dbpedia.org/resource/Q162432>
<http://ja.dbpedia.org/resource/御蔵島>	"御蔵島"@ja	<http://dbpedia.org/ontology/Island>	<http://ja.dbpedia.org/property/画像の説明>	"画像の説明"@ja	<http://ja.wikipedia.org/wiki/御蔵島>	<http://wikidata.dbpedia.org/resource/Q1197235>
<http://ja.dbpedia.org/resource/御蔵島>	"御蔵島"@ja	<http://dbpedia.org/ontology/PopulatedPlace>	<http://ja.dbpedia.org/property/画像の説明>	"画像の説明"@ja	<http://ja.wikipedia.org/wiki/御蔵島>	<http://wikidata.dbpedia.org/resource/Q1197235>
<http://ja.dbpedia.org/resource/御蔵島>	"御蔵島"@ja	<http://dbpedia.org/ontology/Place>	<http://ja.dbpedia.org/property/画像の説明>	"画像の説明"@ja	<http://ja.wikipedia.org/wiki/御蔵島>	<http://wikidata.dbpedia.org/resource/Q1197235>
<http://ja.dbpedia.org/resource/御蔵島>	"御蔵島"@ja	<http://dbpedia.org/ontology/Location>	<http://ja.dbpedia.org/property/画像の説明>	"画像の説明"@ja	<http://ja.wikipedia.org/wiki/御蔵島>	<http://wikidata.dbpedia.org/resource/Q1197235>
