?s	?sLabel	?type	?p	?pLabel	?jwiki	?wd
<http://ja.dbpedia.org/resource/カラスバト>	"カラスバト"@ja	<http://dbpedia.org/ontology/Species>	<http://ja.dbpedia.org/property/鳥など>	"鳥など"@ja	<http://ja.wikipedia.org/wiki/カラスバト>	<http://wikidata.dbpedia.org/resource/Q495139>
<http://ja.dbpedia.org/resource/サクユリ>	"サクユリ"@ja	<http://dbpedia.org/ontology/Plant>	<http://ja.dbpedia.org/property/花>	"花"@ja	<http://ja.wikipedia.org/wiki/サクユリ>	<http://wikidata.dbpedia.org/resource/Q1825109>
<http://ja.dbpedia.org/resource/サクユリ>	"サクユリ"@ja	<http://dbpedia.org/ontology/Eukaryote>	<http://ja.dbpedia.org/property/花>	"花"@ja	<http://ja.wikipedia.org/wiki/サクユリ>	<http://wikidata.dbpedia.org/resource/Q1825109>
<http://ja.dbpedia.org/resource/サクユリ>	"サクユリ"@ja	<http://dbpedia.org/ontology/Species>	<http://ja.dbpedia.org/property/花>	"花"@ja	<http://ja.wikipedia.org/wiki/サクユリ>	<http://wikidata.dbpedia.org/resource/Q1825109>
<http://ja.dbpedia.org/resource/サクユリ>	"サクユリ"@ja	<http://dbpedia.org/ontology/FloweringPlant>	<http://ja.dbpedia.org/property/花>	"花"@ja	<http://ja.wikipedia.org/wiki/サクユリ>	<http://wikidata.dbpedia.org/resource/Q1825109>
<http://ja.dbpedia.org/resource/タブノキ>	"タブノキ"@ja	<http://dbpedia.org/ontology/Eukaryote>	<http://ja.dbpedia.org/property/木>	"木"@ja	<http://ja.wikipedia.org/wiki/タブノキ>	<http://wikidata.dbpedia.org/resource/Q5792073>
<http://ja.dbpedia.org/resource/タブノキ>	"タブノキ"@ja	<http://dbpedia.org/ontology/Plant>	<http://ja.dbpedia.org/property/木>	"木"@ja	<http://ja.wikipedia.org/wiki/タブノキ>	<http://wikidata.dbpedia.org/resource/Q5792073>
<http://ja.dbpedia.org/resource/タブノキ>	"タブノキ"@ja	<http://dbpedia.org/ontology/Species>	<http://ja.dbpedia.org/property/木>	"木"@ja	<http://ja.wikipedia.org/wiki/タブノキ>	<http://wikidata.dbpedia.org/resource/Q5792073>
<http://ja.dbpedia.org/resource/青ヶ島>	"青ヶ島"@ja	<http://dbpedia.org/ontology/Location>	<http://ja.dbpedia.org/property/画像の説明>	"画像の説明"@ja	<http://ja.wikipedia.org/wiki/青ヶ島>	<http://wikidata.dbpedia.org/resource/Q615578>
<http://ja.dbpedia.org/resource/青ヶ島>	"青ヶ島"@ja	<http://dbpedia.org/ontology/Island>	<http://ja.dbpedia.org/property/画像の説明>	"画像の説明"@ja	<http://ja.wikipedia.org/wiki/青ヶ島>	<http://wikidata.dbpedia.org/resource/Q615578>
<http://ja.dbpedia.org/resource/青ヶ島>	"青ヶ島"@ja	<http://dbpedia.org/ontology/Place>	<http://ja.dbpedia.org/property/画像の説明>	"画像の説明"@ja	<http://ja.wikipedia.org/wiki/青ヶ島>	<http://wikidata.dbpedia.org/resource/Q615578>
<http://ja.dbpedia.org/resource/青ヶ島>	"青ヶ島"@ja	<http://dbpedia.org/ontology/PopulatedPlace>	<http://ja.dbpedia.org/property/画像の説明>	"画像の説明"@ja	<http://ja.wikipedia.org/wiki/青ヶ島>	<http://wikidata.dbpedia.org/resource/Q615578>
