?s	?sLabel	?type	?p	?pLabel	?jwiki	?wd
<http://ja.dbpedia.org/resource/タコノキ>	"タコノキ"@ja	<http://dbpedia.org/ontology/Plant>	<http://ja.dbpedia.org/property/木>	"木"@ja	<http://ja.wikipedia.org/wiki/タコノキ>	<http://wikidata.dbpedia.org/resource/Q293360>
<http://ja.dbpedia.org/resource/タコノキ>	"タコノキ"@ja	<http://dbpedia.org/ontology/Eukaryote>	<http://ja.dbpedia.org/property/木>	"木"@ja	<http://ja.wikipedia.org/wiki/タコノキ>	<http://wikidata.dbpedia.org/resource/Q293360>
<http://ja.dbpedia.org/resource/タコノキ>	"タコノキ"@ja	<http://dbpedia.org/ontology/Species>	<http://ja.dbpedia.org/property/木>	"木"@ja	<http://ja.wikipedia.org/wiki/タコノキ>	<http://wikidata.dbpedia.org/resource/Q293360>
<http://ja.dbpedia.org/resource/タコノキ>	"タコノキ"@ja	<http://dbpedia.org/ontology/FloweringPlant>	<http://ja.dbpedia.org/property/木>	"木"@ja	<http://ja.wikipedia.org/wiki/タコノキ>	<http://wikidata.dbpedia.org/resource/Q293360>
<http://ja.dbpedia.org/resource/メグロ>	"メグロ"@ja	<http://dbpedia.org/ontology/Species>	<http://ja.dbpedia.org/property/鳥など>	"鳥など"@ja	<http://ja.wikipedia.org/wiki/メグロ>	<http://wikidata.dbpedia.org/resource/Q253644>
<http://ja.dbpedia.org/resource/父島>	"父島"@ja	<http://dbpedia.org/ontology/Island>	<http://ja.dbpedia.org/property/画像の説明>	"画像の説明"@ja	<http://ja.wikipedia.org/wiki/父島>	<http://wikidata.dbpedia.org/resource/Q1072125>
<http://ja.dbpedia.org/resource/父島>	"父島"@ja	<http://dbpedia.org/ontology/PopulatedPlace>	<http://ja.dbpedia.org/property/画像の説明>	"画像の説明"@ja	<http://ja.wikipedia.org/wiki/父島>	<http://wikidata.dbpedia.org/resource/Q1072125>
<http://ja.dbpedia.org/resource/父島>	"父島"@ja	<http://dbpedia.org/ontology/Place>	<http://ja.dbpedia.org/property/画像の説明>	"画像の説明"@ja	<http://ja.wikipedia.org/wiki/父島>	<http://wikidata.dbpedia.org/resource/Q1072125>
<http://ja.dbpedia.org/resource/父島>	"父島"@ja	<http://dbpedia.org/ontology/Location>	<http://ja.dbpedia.org/property/画像の説明>	"画像の説明"@ja	<http://ja.wikipedia.org/wiki/父島>	<http://wikidata.dbpedia.org/resource/Q1072125>
