?s	?sLabel	?type	?p	?pLabel	?jwiki	?wd
<http://ja.dbpedia.org/resource/イチイ>	"イチイ"@ja	<http://dbpedia.org/ontology/Species>	<http://ja.dbpedia.org/property/木>	"木"@ja	<http://ja.wikipedia.org/wiki/イチイ>	<http://wikidata.dbpedia.org/resource/Q1144815>
<http://ja.dbpedia.org/resource/ハマナス>	"ハマナス"@ja	<http://dbpedia.org/ontology/Species>	<http://ja.dbpedia.org/property/花>	"花"@ja	<http://ja.wikipedia.org/wiki/ハマナス>	<http://wikidata.dbpedia.org/resource/Q634975>
<http://ja.dbpedia.org/resource/鍋釣岩>	"鍋釣岩"@ja	<http://dbpedia.org/ontology/PopulatedPlace>	<http://ja.dbpedia.org/property/画像の説明>	"画像の説明"@ja	<http://ja.wikipedia.org/wiki/鍋釣岩>	<http://wikidata.dbpedia.org/resource/Q65290917>
<http://ja.dbpedia.org/resource/鍋釣岩>	"鍋釣岩"@ja	<http://dbpedia.org/ontology/Place>	<http://ja.dbpedia.org/property/画像の説明>	"画像の説明"@ja	<http://ja.wikipedia.org/wiki/鍋釣岩>	<http://wikidata.dbpedia.org/resource/Q65290917>
<http://ja.dbpedia.org/resource/鍋釣岩>	"鍋釣岩"@ja	<http://dbpedia.org/ontology/Island>	<http://ja.dbpedia.org/property/画像の説明>	"画像の説明"@ja	<http://ja.wikipedia.org/wiki/鍋釣岩>	<http://wikidata.dbpedia.org/resource/Q65290917>
<http://ja.dbpedia.org/resource/鍋釣岩>	"鍋釣岩"@ja	<http://dbpedia.org/ontology/Location>	<http://ja.dbpedia.org/property/画像の説明>	"画像の説明"@ja	<http://ja.wikipedia.org/wiki/鍋釣岩>	<http://wikidata.dbpedia.org/resource/Q65290917>
