?s	?sLabel	?type	?p	?pLabel	?jwiki	?wd
<http://ja.dbpedia.org/resource/せたな町>	"せたな町"@ja	<http://dbpedia.org/ontology/City>	<http://ja.dbpedia.org/property/画像の説明>	"画像の説明"@ja	<http://ja.wikipedia.org/wiki/せたな町>	<http://wikidata.dbpedia.org/resource/Q1036505>
<http://ja.dbpedia.org/resource/せたな町>	"せたな町"@ja	<http://dbpedia.org/ontology/Settlement>	<http://ja.dbpedia.org/property/画像の説明>	"画像の説明"@ja	<http://ja.wikipedia.org/wiki/せたな町>	<http://wikidata.dbpedia.org/resource/Q1036505>
<http://ja.dbpedia.org/resource/せたな町>	"せたな町"@ja	<http://dbpedia.org/ontology/Place>	<http://ja.dbpedia.org/property/画像の説明>	"画像の説明"@ja	<http://ja.wikipedia.org/wiki/せたな町>	<http://wikidata.dbpedia.org/resource/Q1036505>
<http://ja.dbpedia.org/resource/せたな町>	"せたな町"@ja	<http://dbpedia.org/ontology/PopulatedPlace>	<http://ja.dbpedia.org/property/画像の説明>	"画像の説明"@ja	<http://ja.wikipedia.org/wiki/せたな町>	<http://wikidata.dbpedia.org/resource/Q1036505>
<http://ja.dbpedia.org/resource/せたな町>	"せたな町"@ja	<http://dbpedia.org/ontology/Location>	<http://ja.dbpedia.org/property/画像の説明>	"画像の説明"@ja	<http://ja.wikipedia.org/wiki/せたな町>	<http://wikidata.dbpedia.org/resource/Q1036505>
<http://ja.dbpedia.org/resource/イチイ>	"イチイ"@ja	<http://dbpedia.org/ontology/Species>	<http://ja.dbpedia.org/property/木>	"木"@ja	<http://ja.wikipedia.org/wiki/イチイ>	<http://wikidata.dbpedia.org/resource/Q1144815>
<http://ja.dbpedia.org/resource/カモメ>	"カモメ"@ja	<http://dbpedia.org/ontology/Species>	<http://ja.dbpedia.org/property/鳥など>	"鳥など"@ja	<http://ja.wikipedia.org/wiki/カモメ>	<http://wikidata.dbpedia.org/resource/Q26427>
<http://ja.dbpedia.org/resource/スイセン属>	"スイセン属"@ja	<http://dbpedia.org/ontology/Species>	<http://ja.dbpedia.org/property/花>	"花"@ja	<http://ja.wikipedia.org/wiki/スイセン属>	<http://wikidata.dbpedia.org/resource/Q29465>
