?s	?sLabel	?type	?p	?pLabel	?jwiki	?wd
<http://ja.dbpedia.org/resource/コブシ>	"コブシ"@ja	<http://dbpedia.org/ontology/Species>	<http://ja.dbpedia.org/property/木>	"木"@ja	<http://ja.wikipedia.org/wiki/コブシ>	<http://wikidata.dbpedia.org/resource/Q942409>
<http://ja.dbpedia.org/resource/コブシ>	"コブシ"@ja	<http://dbpedia.org/ontology/Species>	<http://ja.dbpedia.org/property/花>	"花"@ja	<http://ja.wikipedia.org/wiki/コブシ>	<http://wikidata.dbpedia.org/resource/Q942409>
<http://ja.dbpedia.org/resource/蘭越町貝の館>	"蘭越町貝の館"@ja	<http://dbpedia.org/ontology/ArchitecturalStructure>	<http://ja.dbpedia.org/property/画像の説明>	"画像の説明"@ja	<http://ja.wikipedia.org/wiki/蘭越町貝の館>	<http://wikidata.dbpedia.org/resource/Q17212946>
<http://ja.dbpedia.org/resource/蘭越町貝の館>	"蘭越町貝の館"@ja	<http://dbpedia.org/ontology/Building>	<http://ja.dbpedia.org/property/画像の説明>	"画像の説明"@ja	<http://ja.wikipedia.org/wiki/蘭越町貝の館>	<http://wikidata.dbpedia.org/resource/Q17212946>
<http://ja.dbpedia.org/resource/蘭越町貝の館>	"蘭越町貝の館"@ja	<http://dbpedia.org/ontology/Museum>	<http://ja.dbpedia.org/property/画像の説明>	"画像の説明"@ja	<http://ja.wikipedia.org/wiki/蘭越町貝の館>	<http://wikidata.dbpedia.org/resource/Q17212946>
