?s	?sLabel	?type	?p	?pLabel	?jwiki	?wd
<http://ja.dbpedia.org/resource/アフリカホウセンカ>	"アフリカホウセンカ"@ja	<http://dbpedia.org/ontology/Plant>	<http://ja.dbpedia.org/property/花>	"花"@ja	<http://ja.wikipedia.org/wiki/アフリカホウセンカ>	<http://wikidata.dbpedia.org/resource/Q654064>
<http://ja.dbpedia.org/resource/アフリカホウセンカ>	"アフリカホウセンカ"@ja	<http://dbpedia.org/ontology/Eukaryote>	<http://ja.dbpedia.org/property/花>	"花"@ja	<http://ja.wikipedia.org/wiki/アフリカホウセンカ>	<http://wikidata.dbpedia.org/resource/Q654064>
<http://ja.dbpedia.org/resource/アフリカホウセンカ>	"アフリカホウセンカ"@ja	<http://dbpedia.org/ontology/Species>	<http://ja.dbpedia.org/property/花>	"花"@ja	<http://ja.wikipedia.org/wiki/アフリカホウセンカ>	<http://wikidata.dbpedia.org/resource/Q654064>
<http://ja.dbpedia.org/resource/アフリカホウセンカ>	"アフリカホウセンカ"@ja	<http://dbpedia.org/ontology/FloweringPlant>	<http://ja.dbpedia.org/property/花>	"花"@ja	<http://ja.wikipedia.org/wiki/アフリカホウセンカ>	<http://wikidata.dbpedia.org/resource/Q654064>
<http://ja.dbpedia.org/resource/オオヤマザクラ>	"オオヤマザクラ"@ja	<http://dbpedia.org/ontology/Species>	<http://ja.dbpedia.org/property/木>	"木"@ja	<http://ja.wikipedia.org/wiki/オオヤマザクラ>	<http://wikidata.dbpedia.org/resource/Q163039>
<http://ja.dbpedia.org/resource/オオヤマザクラ>	"オオヤマザクラ"@ja	<http://dbpedia.org/ontology/Eukaryote>	<http://ja.dbpedia.org/property/木>	"木"@ja	<http://ja.wikipedia.org/wiki/オオヤマザクラ>	<http://wikidata.dbpedia.org/resource/Q163039>
<http://ja.dbpedia.org/resource/オオヤマザクラ>	"オオヤマザクラ"@ja	<http://dbpedia.org/ontology/Plant>	<http://ja.dbpedia.org/property/木>	"木"@ja	<http://ja.wikipedia.org/wiki/オオヤマザクラ>	<http://wikidata.dbpedia.org/resource/Q163039>
<http://ja.dbpedia.org/resource/伊達市_(北海道)>	"伊達市 (北海道)"@ja	<http://dbpedia.org/ontology/Location>	<http://ja.dbpedia.org/property/隣接自治体>	"隣接自治体"@ja	<http://ja.wikipedia.org/wiki/伊達市_(北海道)>	<http://wikidata.dbpedia.org/resource/Q693178>
<http://ja.dbpedia.org/resource/伊達市_(北海道)>	"伊達市 (北海道)"@ja	<http://dbpedia.org/ontology/City>	<http://ja.dbpedia.org/property/隣接自治体>	"隣接自治体"@ja	<http://ja.wikipedia.org/wiki/伊達市_(北海道)>	<http://wikidata.dbpedia.org/resource/Q693178>
<http://ja.dbpedia.org/resource/伊達市_(北海道)>	"伊達市 (北海道)"@ja	<http://dbpedia.org/ontology/PopulatedPlace>	<http://ja.dbpedia.org/property/隣接自治体>	"隣接自治体"@ja	<http://ja.wikipedia.org/wiki/伊達市_(北海道)>	<http://wikidata.dbpedia.org/resource/Q693178>
<http://ja.dbpedia.org/resource/伊達市_(北海道)>	"伊達市 (北海道)"@ja	<http://dbpedia.org/ontology/Settlement>	<http://ja.dbpedia.org/property/隣接自治体>	"隣接自治体"@ja	<http://ja.wikipedia.org/wiki/伊達市_(北海道)>	<http://wikidata.dbpedia.org/resource/Q693178>
<http://ja.dbpedia.org/resource/伊達市_(北海道)>	"伊達市 (北海道)"@ja	<http://dbpedia.org/ontology/Place>	<http://ja.dbpedia.org/property/隣接自治体>	"隣接自治体"@ja	<http://ja.wikipedia.org/wiki/伊達市_(北海道)>	<http://wikidata.dbpedia.org/resource/Q693178>
<http://ja.dbpedia.org/resource/札幌市>	"札幌市"@ja	<http://dbpedia.org/ontology/City>	<http://ja.dbpedia.org/property/隣接自治体>	"隣接自治体"@ja	<http://ja.wikipedia.org/wiki/札幌市>	<http://wikidata.dbpedia.org/resource/Q37951>
<http://ja.dbpedia.org/resource/札幌市>	"札幌市"@ja	<http://dbpedia.org/ontology/Location>	<http://ja.dbpedia.org/property/隣接自治体>	"隣接自治体"@ja	<http://ja.wikipedia.org/wiki/札幌市>	<http://wikidata.dbpedia.org/resource/Q37951>
<http://ja.dbpedia.org/resource/札幌市>	"札幌市"@ja	<http://dbpedia.org/ontology/PopulatedPlace>	<http://ja.dbpedia.org/property/隣接自治体>	"隣接自治体"@ja	<http://ja.wikipedia.org/wiki/札幌市>	<http://wikidata.dbpedia.org/resource/Q37951>
<http://ja.dbpedia.org/resource/札幌市>	"札幌市"@ja	<http://dbpedia.org/ontology/Place>	<http://ja.dbpedia.org/property/隣接自治体>	"隣接自治体"@ja	<http://ja.wikipedia.org/wiki/札幌市>	<http://wikidata.dbpedia.org/resource/Q37951>
<http://ja.dbpedia.org/resource/札幌市>	"札幌市"@ja	<http://dbpedia.org/ontology/Settlement>	<http://ja.dbpedia.org/property/隣接自治体>	"隣接自治体"@ja	<http://ja.wikipedia.org/wiki/札幌市>	<http://wikidata.dbpedia.org/resource/Q37951>
