?s	?sLabel	?type	?p	?pLabel	?jwiki	?wd
<http://ja.dbpedia.org/resource/ふきだし公園>	"ふきだし公園"@ja	<http://dbpedia.org/ontology/Location>	<http://ja.dbpedia.org/property/画像の説明>	"画像の説明"@ja	<http://ja.wikipedia.org/wiki/ふきだし公園>	<http://wikidata.dbpedia.org/resource/Q11276967>
<http://ja.dbpedia.org/resource/ふきだし公園>	"ふきだし公園"@ja	<http://dbpedia.org/ontology/Place>	<http://ja.dbpedia.org/property/画像の説明>	"画像の説明"@ja	<http://ja.wikipedia.org/wiki/ふきだし公園>	<http://wikidata.dbpedia.org/resource/Q11276967>
<http://ja.dbpedia.org/resource/ふきだし公園>	"ふきだし公園"@ja	<http://dbpedia.org/ontology/Park>	<http://ja.dbpedia.org/property/画像の説明>	"画像の説明"@ja	<http://ja.wikipedia.org/wiki/ふきだし公園>	<http://wikidata.dbpedia.org/resource/Q11276967>
<http://ja.dbpedia.org/resource/ヒマワリ>	"ヒマワリ"@ja	<http://dbpedia.org/ontology/Species>	<http://ja.dbpedia.org/property/花>	"花"@ja	<http://ja.wikipedia.org/wiki/ヒマワリ>	<http://wikidata.dbpedia.org/resource/Q171497>
<http://ja.dbpedia.org/resource/ミズナラ>	"ミズナラ"@ja	<http://dbpedia.org/ontology/Plant>	<http://ja.dbpedia.org/property/木>	"木"@ja	<http://ja.wikipedia.org/wiki/ミズナラ>	<http://wikidata.dbpedia.org/resource/Q11342134>
<http://ja.dbpedia.org/resource/ミズナラ>	"ミズナラ"@ja	<http://dbpedia.org/ontology/Species>	<http://ja.dbpedia.org/property/木>	"木"@ja	<http://ja.wikipedia.org/wiki/ミズナラ>	<http://wikidata.dbpedia.org/resource/Q11342134>
<http://ja.dbpedia.org/resource/ミズナラ>	"ミズナラ"@ja	<http://dbpedia.org/ontology/Eukaryote>	<http://ja.dbpedia.org/property/木>	"木"@ja	<http://ja.wikipedia.org/wiki/ミズナラ>	<http://wikidata.dbpedia.org/resource/Q11342134>
