?s	?sLabel	?type	?p	?pLabel	?jwiki	?wd
<http://ja.dbpedia.org/resource/イチョウ>	"イチョウ"@ja	<http://dbpedia.org/ontology/Species>	<http://ja.dbpedia.org/property/木>	"木"@ja	<http://ja.wikipedia.org/wiki/イチョウ>	<http://wikidata.dbpedia.org/resource/Q43284>
<http://ja.dbpedia.org/resource/カモメ>	"カモメ"@ja	<http://dbpedia.org/ontology/Species>	<http://ja.dbpedia.org/property/鳥>	"鳥"@ja	<http://ja.wikipedia.org/wiki/カモメ>	<http://wikidata.dbpedia.org/resource/Q26427>
<http://ja.dbpedia.org/resource/ヤマユリ>	"ヤマユリ"@ja	<http://dbpedia.org/ontology/Species>	<http://ja.dbpedia.org/property/花>	"花"@ja	<http://ja.wikipedia.org/wiki/ヤマユリ>	<http://wikidata.dbpedia.org/resource/Q134486>
<http://ja.dbpedia.org/resource/ヤマユリ>	"ヤマユリ"@ja	<http://dbpedia.org/ontology/Eukaryote>	<http://ja.dbpedia.org/property/花>	"花"@ja	<http://ja.wikipedia.org/wiki/ヤマユリ>	<http://wikidata.dbpedia.org/resource/Q134486>
<http://ja.dbpedia.org/resource/ヤマユリ>	"ヤマユリ"@ja	<http://dbpedia.org/ontology/Plant>	<http://ja.dbpedia.org/property/花>	"花"@ja	<http://ja.wikipedia.org/wiki/ヤマユリ>	<http://wikidata.dbpedia.org/resource/Q134486>
<http://ja.dbpedia.org/resource/二ノ塔>	"二ノ塔"@ja	<http://dbpedia.org/ontology/Mountain>	<http://ja.dbpedia.org/property/説明>	"説明"@ja	<http://ja.wikipedia.org/wiki/二ノ塔>	<http://wikidata.dbpedia.org/resource/Q11371244>
<http://ja.dbpedia.org/resource/二ノ塔>	"二ノ塔"@ja	<http://dbpedia.org/ontology/Place>	<http://ja.dbpedia.org/property/説明>	"説明"@ja	<http://ja.wikipedia.org/wiki/二ノ塔>	<http://wikidata.dbpedia.org/resource/Q11371244>
<http://ja.dbpedia.org/resource/二ノ塔>	"二ノ塔"@ja	<http://dbpedia.org/ontology/NaturalPlace>	<http://ja.dbpedia.org/property/説明>	"説明"@ja	<http://ja.wikipedia.org/wiki/二ノ塔>	<http://wikidata.dbpedia.org/resource/Q11371244>
<http://ja.dbpedia.org/resource/二ノ塔>	"二ノ塔"@ja	<http://dbpedia.org/ontology/Location>	<http://ja.dbpedia.org/property/説明>	"説明"@ja	<http://ja.wikipedia.org/wiki/二ノ塔>	<http://wikidata.dbpedia.org/resource/Q11371244>
<http://ja.dbpedia.org/resource/横浜スタジアム>	"横浜スタジアム"@ja	<http://dbpedia.org/ontology/Organisation>	<http://ja.dbpedia.org/property/説明>	"説明"@ja	<http://ja.wikipedia.org/wiki/横浜スタジアム>	<http://wikidata.dbpedia.org/resource/Q1148681>
<http://ja.dbpedia.org/resource/横浜スタジアム>	"横浜スタジアム"@ja	<http://dbpedia.org/ontology/Agent>	<http://ja.dbpedia.org/property/説明>	"説明"@ja	<http://ja.wikipedia.org/wiki/横浜スタジアム>	<http://wikidata.dbpedia.org/resource/Q1148681>
<http://ja.dbpedia.org/resource/横浜スタジアム>	"横浜スタジアム"@ja	<http://dbpedia.org/ontology/Company>	<http://ja.dbpedia.org/property/説明>	"説明"@ja	<http://ja.wikipedia.org/wiki/横浜スタジアム>	<http://wikidata.dbpedia.org/resource/Q1148681>
<http://ja.dbpedia.org/resource/箱根山>	"箱根山"@ja	<http://dbpedia.org/ontology/Mountain>	<http://ja.dbpedia.org/property/説明>	"説明"@ja	<http://ja.wikipedia.org/wiki/箱根山>	<http://wikidata.dbpedia.org/resource/Q1067417>
<http://ja.dbpedia.org/resource/箱根山>	"箱根山"@ja	<http://dbpedia.org/ontology/Place>	<http://ja.dbpedia.org/property/説明>	"説明"@ja	<http://ja.wikipedia.org/wiki/箱根山>	<http://wikidata.dbpedia.org/resource/Q1067417>
<http://ja.dbpedia.org/resource/箱根山>	"箱根山"@ja	<http://dbpedia.org/ontology/NaturalPlace>	<http://ja.dbpedia.org/property/説明>	"説明"@ja	<http://ja.wikipedia.org/wiki/箱根山>	<http://wikidata.dbpedia.org/resource/Q1067417>
<http://ja.dbpedia.org/resource/箱根山>	"箱根山"@ja	<http://dbpedia.org/ontology/Location>	<http://ja.dbpedia.org/property/説明>	"説明"@ja	<http://ja.wikipedia.org/wiki/箱根山>	<http://wikidata.dbpedia.org/resource/Q1067417>
<http://ja.dbpedia.org/resource/蛭ヶ岳>	"蛭ヶ岳"@ja	<http://dbpedia.org/ontology/Mountain>	<http://ja.dbpedia.org/property/説明>	"説明"@ja	<http://ja.wikipedia.org/wiki/蛭ヶ岳>	<http://wikidata.dbpedia.org/resource/Q650653>
<http://ja.dbpedia.org/resource/蛭ヶ岳>	"蛭ヶ岳"@ja	<http://dbpedia.org/ontology/Location>	<http://ja.dbpedia.org/property/説明>	"説明"@ja	<http://ja.wikipedia.org/wiki/蛭ヶ岳>	<http://wikidata.dbpedia.org/resource/Q650653>
<http://ja.dbpedia.org/resource/蛭ヶ岳>	"蛭ヶ岳"@ja	<http://dbpedia.org/ontology/Place>	<http://ja.dbpedia.org/property/説明>	"説明"@ja	<http://ja.wikipedia.org/wiki/蛭ヶ岳>	<http://wikidata.dbpedia.org/resource/Q650653>
<http://ja.dbpedia.org/resource/蛭ヶ岳>	"蛭ヶ岳"@ja	<http://dbpedia.org/ontology/NaturalPlace>	<http://ja.dbpedia.org/property/説明>	"説明"@ja	<http://ja.wikipedia.org/wiki/蛭ヶ岳>	<http://wikidata.dbpedia.org/resource/Q650653>
<http://ja.dbpedia.org/resource/酒匂川>	"酒匂川"@ja	<http://dbpedia.org/ontology/Stream>	<http://ja.dbpedia.org/property/説明>	"説明"@ja	<http://ja.wikipedia.org/wiki/酒匂川>	<http://wikidata.dbpedia.org/resource/Q11644295>
<http://ja.dbpedia.org/resource/酒匂川>	"酒匂川"@ja	<http://dbpedia.org/ontology/NaturalPlace>	<http://ja.dbpedia.org/property/説明>	"説明"@ja	<http://ja.wikipedia.org/wiki/酒匂川>	<http://wikidata.dbpedia.org/resource/Q11644295>
<http://ja.dbpedia.org/resource/酒匂川>	"酒匂川"@ja	<http://dbpedia.org/ontology/Location>	<http://ja.dbpedia.org/property/説明>	"説明"@ja	<http://ja.wikipedia.org/wiki/酒匂川>	<http://wikidata.dbpedia.org/resource/Q11644295>
<http://ja.dbpedia.org/resource/酒匂川>	"酒匂川"@ja	<http://dbpedia.org/ontology/Place>	<http://ja.dbpedia.org/property/説明>	"説明"@ja	<http://ja.wikipedia.org/wiki/酒匂川>	<http://wikidata.dbpedia.org/resource/Q11644295>
<http://ja.dbpedia.org/resource/酒匂川>	"酒匂川"@ja	<http://dbpedia.org/ontology/BodyOfWater>	<http://ja.dbpedia.org/property/説明>	"説明"@ja	<http://ja.wikipedia.org/wiki/酒匂川>	<http://wikidata.dbpedia.org/resource/Q11644295>
<http://ja.dbpedia.org/resource/酒匂川>	"酒匂川"@ja	<http://dbpedia.org/ontology/River>	<http://ja.dbpedia.org/property/説明>	"説明"@ja	<http://ja.wikipedia.org/wiki/酒匂川>	<http://wikidata.dbpedia.org/resource/Q11644295>
