?s	?sLabel	?type	?p	?pLabel	?jwiki	?wd
<http://ja.dbpedia.org/resource/ナナカマド>	"ナナカマド"@ja	<http://dbpedia.org/ontology/Species>	<http://ja.dbpedia.org/property/木>	"木"@ja	<http://ja.wikipedia.org/wiki/ナナカマド>	<http://wikidata.dbpedia.org/resource/Q1210209>
<http://ja.dbpedia.org/resource/ハギ>	"ハギ"@ja	<http://dbpedia.org/ontology/Species>	<http://ja.dbpedia.org/property/花>	"花"@ja	<http://ja.wikipedia.org/wiki/ハギ>	<http://wikidata.dbpedia.org/resource/Q99542755>
<http://ja.dbpedia.org/resource/雷電温泉>	"雷電温泉"@ja	<http://dbpedia.org/ontology/Place>	<http://ja.dbpedia.org/property/画像の説明>	"画像の説明"@ja	<http://ja.wikipedia.org/wiki/雷電温泉>	<http://wikidata.dbpedia.org/resource/Q11660219>
<http://ja.dbpedia.org/resource/雷電温泉>	"雷電温泉"@ja	<http://dbpedia.org/ontology/NaturalPlace>	<http://ja.dbpedia.org/property/画像の説明>	"画像の説明"@ja	<http://ja.wikipedia.org/wiki/雷電温泉>	<http://wikidata.dbpedia.org/resource/Q11660219>
<http://ja.dbpedia.org/resource/雷電温泉>	"雷電温泉"@ja	<http://dbpedia.org/ontology/HotSpring>	<http://ja.dbpedia.org/property/画像の説明>	"画像の説明"@ja	<http://ja.wikipedia.org/wiki/雷電温泉>	<http://wikidata.dbpedia.org/resource/Q11660219>
<http://ja.dbpedia.org/resource/雷電温泉>	"雷電温泉"@ja	<http://dbpedia.org/ontology/Location>	<http://ja.dbpedia.org/property/画像の説明>	"画像の説明"@ja	<http://ja.wikipedia.org/wiki/雷電温泉>	<http://wikidata.dbpedia.org/resource/Q11660219>
