?s	?sLabel	?type	?p	?pLabel	?jwiki	?wd
<http://ja.dbpedia.org/resource/オオヤマザクラ>	"オオヤマザクラ"@ja	<http://dbpedia.org/ontology/Species>	<http://ja.dbpedia.org/property/木>	"木"@ja	<http://ja.wikipedia.org/wiki/オオヤマザクラ>	<http://wikidata.dbpedia.org/resource/Q163039>
<http://ja.dbpedia.org/resource/オオヤマザクラ>	"オオヤマザクラ"@ja	<http://dbpedia.org/ontology/Eukaryote>	<http://ja.dbpedia.org/property/木>	"木"@ja	<http://ja.wikipedia.org/wiki/オオヤマザクラ>	<http://wikidata.dbpedia.org/resource/Q163039>
<http://ja.dbpedia.org/resource/オオヤマザクラ>	"オオヤマザクラ"@ja	<http://dbpedia.org/ontology/Plant>	<http://ja.dbpedia.org/property/木>	"木"@ja	<http://ja.wikipedia.org/wiki/オオヤマザクラ>	<http://wikidata.dbpedia.org/resource/Q163039>
<http://ja.dbpedia.org/resource/ゼンテイカ>	"ゼンテイカ"@ja	<http://dbpedia.org/ontology/Species>	<http://ja.dbpedia.org/property/花>	"花"@ja	<http://ja.wikipedia.org/wiki/ゼンテイカ>	<http://wikidata.dbpedia.org/resource/Q10903906>
