?s	?sLabel	?type	?p	?pLabel	?jwiki	?wd
<http://ja.dbpedia.org/resource/サルスベリ>	"サルスベリ"@ja	<http://dbpedia.org/ontology/Species>	<http://ja.dbpedia.org/property/木>	"木"@ja	<http://ja.wikipedia.org/wiki/サルスベリ>	<http://wikidata.dbpedia.org/resource/Q1148692>
<http://ja.dbpedia.org/resource/サルビア>	"サルビア"@ja	<http://dbpedia.org/ontology/Species>	<http://ja.dbpedia.org/property/花>	"花"@ja	<http://ja.wikipedia.org/wiki/サルビア>	<http://wikidata.dbpedia.org/resource/Q161080>
<http://ja.dbpedia.org/resource/川崎市>	"川崎市"@ja	<http://dbpedia.org/ontology/Settlement>	<http://ja.dbpedia.org/property/隣接自治体・行政区>	"隣接自治体・行政区"@ja	<http://ja.wikipedia.org/wiki/川崎市>	<http://wikidata.dbpedia.org/resource/Q164234>
<http://ja.dbpedia.org/resource/川崎市>	"川崎市"@ja	<http://dbpedia.org/ontology/Place>	<http://ja.dbpedia.org/property/隣接自治体・行政区>	"隣接自治体・行政区"@ja	<http://ja.wikipedia.org/wiki/川崎市>	<http://wikidata.dbpedia.org/resource/Q164234>
<http://ja.dbpedia.org/resource/川崎市>	"川崎市"@ja	<http://dbpedia.org/ontology/City>	<http://ja.dbpedia.org/property/隣接自治体・行政区>	"隣接自治体・行政区"@ja	<http://ja.wikipedia.org/wiki/川崎市>	<http://wikidata.dbpedia.org/resource/Q164234>
<http://ja.dbpedia.org/resource/川崎市>	"川崎市"@ja	<http://dbpedia.org/ontology/PopulatedPlace>	<http://ja.dbpedia.org/property/隣接自治体・行政区>	"隣接自治体・行政区"@ja	<http://ja.wikipedia.org/wiki/川崎市>	<http://wikidata.dbpedia.org/resource/Q164234>
<http://ja.dbpedia.org/resource/川崎市>	"川崎市"@ja	<http://dbpedia.org/ontology/Location>	<http://ja.dbpedia.org/property/隣接自治体・行政区>	"隣接自治体・行政区"@ja	<http://ja.wikipedia.org/wiki/川崎市>	<http://wikidata.dbpedia.org/resource/Q164234>
