?s	?sLabel	?type	?p	?pLabel	?jwiki	?wd
<http://ja.dbpedia.org/resource/スミレ>	"スミレ"@ja	<http://dbpedia.org/ontology/Species>	<http://ja.dbpedia.org/property/花>	"花"@ja	<http://ja.wikipedia.org/wiki/スミレ>	<http://wikidata.dbpedia.org/resource/Q5369958>
<http://ja.dbpedia.org/resource/保土ケ谷公園>	"保土ケ谷公園"@ja	<http://dbpedia.org/ontology/Place>	<http://ja.dbpedia.org/property/画像の説明>	"画像の説明"@ja	<http://ja.wikipedia.org/wiki/保土ケ谷公園>	<http://wikidata.dbpedia.org/resource/Q11385709>
<http://ja.dbpedia.org/resource/保土ケ谷公園>	"保土ケ谷公園"@ja	<http://dbpedia.org/ontology/Park>	<http://ja.dbpedia.org/property/画像の説明>	"画像の説明"@ja	<http://ja.wikipedia.org/wiki/保土ケ谷公園>	<http://wikidata.dbpedia.org/resource/Q11385709>
<http://ja.dbpedia.org/resource/保土ケ谷公園>	"保土ケ谷公園"@ja	<http://dbpedia.org/ontology/Location>	<http://ja.dbpedia.org/property/画像の説明>	"画像の説明"@ja	<http://ja.wikipedia.org/wiki/保土ケ谷公園>	<http://wikidata.dbpedia.org/resource/Q11385709>
