?s	?sLabel	?type	?p	?pLabel	?jwiki	?wd
<http://ja.dbpedia.org/resource/ボタン_(植物)>	"ボタン (植物)"@ja	<http://dbpedia.org/ontology/Species>	<http://ja.dbpedia.org/property/花>	"花"@ja	<http://ja.wikipedia.org/wiki/ボタン_(植物)>	<http://wikidata.dbpedia.org/resource/Q163018>
<http://ja.dbpedia.org/resource/ヤマザクラ>	"ヤマザクラ"@ja	<http://dbpedia.org/ontology/Eukaryote>	<http://ja.dbpedia.org/property/木>	"木"@ja	<http://ja.wikipedia.org/wiki/ヤマザクラ>	<http://wikidata.dbpedia.org/resource/Q5721717>
<http://ja.dbpedia.org/resource/ヤマザクラ>	"ヤマザクラ"@ja	<http://dbpedia.org/ontology/Plant>	<http://ja.dbpedia.org/property/木>	"木"@ja	<http://ja.wikipedia.org/wiki/ヤマザクラ>	<http://wikidata.dbpedia.org/resource/Q5721717>
<http://ja.dbpedia.org/resource/ヤマザクラ>	"ヤマザクラ"@ja	<http://dbpedia.org/ontology/Species>	<http://ja.dbpedia.org/property/木>	"木"@ja	<http://ja.wikipedia.org/wiki/ヤマザクラ>	<http://wikidata.dbpedia.org/resource/Q5721717>
<http://ja.dbpedia.org/resource/横須賀市>	"横須賀市"@ja	<http://dbpedia.org/ontology/Settlement>	<http://ja.dbpedia.org/property/south>	"South"@ja	<http://ja.wikipedia.org/wiki/横須賀市>	<http://wikidata.dbpedia.org/resource/Q200578>
<http://ja.dbpedia.org/resource/横須賀市>	"横須賀市"@ja	<http://dbpedia.org/ontology/PopulatedPlace>	<http://ja.dbpedia.org/property/隣接自治体・行政区>	"隣接自治体・行政区"@ja	<http://ja.wikipedia.org/wiki/横須賀市>	<http://wikidata.dbpedia.org/resource/Q200578>
<http://ja.dbpedia.org/resource/横須賀市>	"横須賀市"@ja	<http://dbpedia.org/ontology/PopulatedPlace>	<http://ja.dbpedia.org/property/south>	"South"@ja	<http://ja.wikipedia.org/wiki/横須賀市>	<http://wikidata.dbpedia.org/resource/Q200578>
<http://ja.dbpedia.org/resource/横須賀市>	"横須賀市"@ja	<http://dbpedia.org/ontology/Settlement>	<http://ja.dbpedia.org/property/隣接自治体・行政区>	"隣接自治体・行政区"@ja	<http://ja.wikipedia.org/wiki/横須賀市>	<http://wikidata.dbpedia.org/resource/Q200578>
<http://ja.dbpedia.org/resource/横須賀市>	"横須賀市"@ja	<http://dbpedia.org/ontology/Location>	<http://ja.dbpedia.org/property/隣接自治体・行政区>	"隣接自治体・行政区"@ja	<http://ja.wikipedia.org/wiki/横須賀市>	<http://wikidata.dbpedia.org/resource/Q200578>
<http://ja.dbpedia.org/resource/横須賀市>	"横須賀市"@ja	<http://dbpedia.org/ontology/City>	<http://ja.dbpedia.org/property/隣接自治体・行政区>	"隣接自治体・行政区"@ja	<http://ja.wikipedia.org/wiki/横須賀市>	<http://wikidata.dbpedia.org/resource/Q200578>
<http://ja.dbpedia.org/resource/横須賀市>	"横須賀市"@ja	<http://dbpedia.org/ontology/Place>	<http://ja.dbpedia.org/property/south>	"South"@ja	<http://ja.wikipedia.org/wiki/横須賀市>	<http://wikidata.dbpedia.org/resource/Q200578>
<http://ja.dbpedia.org/resource/横須賀市>	"横須賀市"@ja	<http://dbpedia.org/ontology/Place>	<http://ja.dbpedia.org/property/隣接自治体・行政区>	"隣接自治体・行政区"@ja	<http://ja.wikipedia.org/wiki/横須賀市>	<http://wikidata.dbpedia.org/resource/Q200578>
<http://ja.dbpedia.org/resource/横須賀市>	"横須賀市"@ja	<http://dbpedia.org/ontology/City>	<http://ja.dbpedia.org/property/south>	"South"@ja	<http://ja.wikipedia.org/wiki/横須賀市>	<http://wikidata.dbpedia.org/resource/Q200578>
<http://ja.dbpedia.org/resource/横須賀市>	"横須賀市"@ja	<http://dbpedia.org/ontology/Location>	<http://ja.dbpedia.org/property/south>	"South"@ja	<http://ja.wikipedia.org/wiki/横須賀市>	<http://wikidata.dbpedia.org/resource/Q200578>
<http://ja.dbpedia.org/resource/逗子市>	"逗子市"@ja	<http://dbpedia.org/ontology/Place>	<http://ja.dbpedia.org/property/隣接自治体・行政区>	"隣接自治体・行政区"@ja	<http://ja.wikipedia.org/wiki/逗子市>	<http://wikidata.dbpedia.org/resource/Q230843>
<http://ja.dbpedia.org/resource/逗子市>	"逗子市"@ja	<http://dbpedia.org/ontology/PopulatedPlace>	<http://ja.dbpedia.org/property/隣接自治体・行政区>	"隣接自治体・行政区"@ja	<http://ja.wikipedia.org/wiki/逗子市>	<http://wikidata.dbpedia.org/resource/Q230843>
<http://ja.dbpedia.org/resource/逗子市>	"逗子市"@ja	<http://dbpedia.org/ontology/Settlement>	<http://ja.dbpedia.org/property/隣接自治体・行政区>	"隣接自治体・行政区"@ja	<http://ja.wikipedia.org/wiki/逗子市>	<http://wikidata.dbpedia.org/resource/Q230843>
<http://ja.dbpedia.org/resource/逗子市>	"逗子市"@ja	<http://dbpedia.org/ontology/PopulatedPlace>	<http://ja.dbpedia.org/property/southwest>	"Southwest"@ja	<http://ja.wikipedia.org/wiki/逗子市>	<http://wikidata.dbpedia.org/resource/Q230843>
<http://ja.dbpedia.org/resource/逗子市>	"逗子市"@ja	<http://dbpedia.org/ontology/Location>	<http://ja.dbpedia.org/property/隣接自治体・行政区>	"隣接自治体・行政区"@ja	<http://ja.wikipedia.org/wiki/逗子市>	<http://wikidata.dbpedia.org/resource/Q230843>
<http://ja.dbpedia.org/resource/逗子市>	"逗子市"@ja	<http://dbpedia.org/ontology/City>	<http://ja.dbpedia.org/property/隣接自治体・行政区>	"隣接自治体・行政区"@ja	<http://ja.wikipedia.org/wiki/逗子市>	<http://wikidata.dbpedia.org/resource/Q230843>
<http://ja.dbpedia.org/resource/逗子市>	"逗子市"@ja	<http://dbpedia.org/ontology/Place>	<http://ja.dbpedia.org/property/southwest>	"Southwest"@ja	<http://ja.wikipedia.org/wiki/逗子市>	<http://wikidata.dbpedia.org/resource/Q230843>
<http://ja.dbpedia.org/resource/逗子市>	"逗子市"@ja	<http://dbpedia.org/ontology/Settlement>	<http://ja.dbpedia.org/property/southwest>	"Southwest"@ja	<http://ja.wikipedia.org/wiki/逗子市>	<http://wikidata.dbpedia.org/resource/Q230843>
<http://ja.dbpedia.org/resource/逗子市>	"逗子市"@ja	<http://dbpedia.org/ontology/City>	<http://ja.dbpedia.org/property/southwest>	"Southwest"@ja	<http://ja.wikipedia.org/wiki/逗子市>	<http://wikidata.dbpedia.org/resource/Q230843>
<http://ja.dbpedia.org/resource/逗子市>	"逗子市"@ja	<http://dbpedia.org/ontology/Location>	<http://ja.dbpedia.org/property/southwest>	"Southwest"@ja	<http://ja.wikipedia.org/wiki/逗子市>	<http://wikidata.dbpedia.org/resource/Q230843>
<http://ja.dbpedia.org/resource/鎌倉市>	"鎌倉市"@ja	<http://dbpedia.org/ontology/City>	<http://ja.dbpedia.org/property/隣接自治体・行政区>	"隣接自治体・行政区"@ja	<http://ja.wikipedia.org/wiki/鎌倉市>	<http://wikidata.dbpedia.org/resource/Q200267>
<http://ja.dbpedia.org/resource/鎌倉市>	"鎌倉市"@ja	<http://dbpedia.org/ontology/City>	<http://ja.dbpedia.org/property/west>	"West"@ja	<http://ja.wikipedia.org/wiki/鎌倉市>	<http://wikidata.dbpedia.org/resource/Q200267>
<http://ja.dbpedia.org/resource/鎌倉市>	"鎌倉市"@ja	<http://dbpedia.org/ontology/Place>	<http://ja.dbpedia.org/property/west>	"West"@ja	<http://ja.wikipedia.org/wiki/鎌倉市>	<http://wikidata.dbpedia.org/resource/Q200267>
<http://ja.dbpedia.org/resource/鎌倉市>	"鎌倉市"@ja	<http://dbpedia.org/ontology/PopulatedPlace>	<http://ja.dbpedia.org/property/west>	"West"@ja	<http://ja.wikipedia.org/wiki/鎌倉市>	<http://wikidata.dbpedia.org/resource/Q200267>
<http://ja.dbpedia.org/resource/鎌倉市>	"鎌倉市"@ja	<http://dbpedia.org/ontology/Settlement>	<http://ja.dbpedia.org/property/west>	"West"@ja	<http://ja.wikipedia.org/wiki/鎌倉市>	<http://wikidata.dbpedia.org/resource/Q200267>
<http://ja.dbpedia.org/resource/鎌倉市>	"鎌倉市"@ja	<http://dbpedia.org/ontology/Location>	<http://ja.dbpedia.org/property/隣接自治体・行政区>	"隣接自治体・行政区"@ja	<http://ja.wikipedia.org/wiki/鎌倉市>	<http://wikidata.dbpedia.org/resource/Q200267>
<http://ja.dbpedia.org/resource/鎌倉市>	"鎌倉市"@ja	<http://dbpedia.org/ontology/Location>	<http://ja.dbpedia.org/property/west>	"West"@ja	<http://ja.wikipedia.org/wiki/鎌倉市>	<http://wikidata.dbpedia.org/resource/Q200267>
<http://ja.dbpedia.org/resource/鎌倉市>	"鎌倉市"@ja	<http://dbpedia.org/ontology/PopulatedPlace>	<http://ja.dbpedia.org/property/隣接自治体・行政区>	"隣接自治体・行政区"@ja	<http://ja.wikipedia.org/wiki/鎌倉市>	<http://wikidata.dbpedia.org/resource/Q200267>
<http://ja.dbpedia.org/resource/鎌倉市>	"鎌倉市"@ja	<http://dbpedia.org/ontology/Place>	<http://ja.dbpedia.org/property/隣接自治体・行政区>	"隣接自治体・行政区"@ja	<http://ja.wikipedia.org/wiki/鎌倉市>	<http://wikidata.dbpedia.org/resource/Q200267>
<http://ja.dbpedia.org/resource/鎌倉市>	"鎌倉市"@ja	<http://dbpedia.org/ontology/Settlement>	<http://ja.dbpedia.org/property/隣接自治体・行政区>	"隣接自治体・行政区"@ja	<http://ja.wikipedia.org/wiki/鎌倉市>	<http://wikidata.dbpedia.org/resource/Q200267>
