?s	?sLabel	?type	?p	?pLabel	?jwiki	?wd
<http://ja.dbpedia.org/resource/アサガオ>	"アサガオ"@ja	<http://dbpedia.org/ontology/Species>	<http://ja.dbpedia.org/property/花>	"花"@ja	<http://ja.wikipedia.org/wiki/アサガオ>	<http://wikidata.dbpedia.org/resource/Q162117>
<http://ja.dbpedia.org/resource/ドウダンツツジ>	"ドウダンツツジ"@ja	<http://dbpedia.org/ontology/Eukaryote>	<http://ja.dbpedia.org/property/木>	"木"@ja	<http://ja.wikipedia.org/wiki/ドウダンツツジ>	<http://wikidata.dbpedia.org/resource/Q5379034>
<http://ja.dbpedia.org/resource/ドウダンツツジ>	"ドウダンツツジ"@ja	<http://dbpedia.org/ontology/Plant>	<http://ja.dbpedia.org/property/木>	"木"@ja	<http://ja.wikipedia.org/wiki/ドウダンツツジ>	<http://wikidata.dbpedia.org/resource/Q5379034>
<http://ja.dbpedia.org/resource/ドウダンツツジ>	"ドウダンツツジ"@ja	<http://dbpedia.org/ontology/Species>	<http://ja.dbpedia.org/property/木>	"木"@ja	<http://ja.wikipedia.org/wiki/ドウダンツツジ>	<http://wikidata.dbpedia.org/resource/Q5379034>
<http://ja.dbpedia.org/resource/ホタル>	"ホタル"@ja	<http://dbpedia.org/ontology/Species>	<http://ja.dbpedia.org/property/鳥など>	"鳥など"@ja	<http://ja.wikipedia.org/wiki/ホタル>	<http://wikidata.dbpedia.org/resource/Q25420>
