?s	?sLabel	?type	?p	?pLabel	?jwiki	?wd
<http://ja.dbpedia.org/resource/アジサイ>	"アジサイ"@ja	<http://dbpedia.org/ontology/Species>	<http://ja.dbpedia.org/property/花>	"花"@ja	<http://ja.wikipedia.org/wiki/アジサイ>	<http://wikidata.dbpedia.org/resource/Q159219>
<http://ja.dbpedia.org/resource/オナガ>	"オナガ"@ja	<http://dbpedia.org/ontology/Species>	<http://ja.dbpedia.org/property/鳥など>	"鳥など"@ja	<http://ja.wikipedia.org/wiki/オナガ>	<http://wikidata.dbpedia.org/resource/Q503807>
<http://ja.dbpedia.org/resource/ケヤキ>	"ケヤキ"@ja	<http://dbpedia.org/ontology/Species>	<http://ja.dbpedia.org/property/木>	"木"@ja	<http://ja.wikipedia.org/wiki/ケヤキ>	<http://wikidata.dbpedia.org/resource/Q920344>
<http://ja.dbpedia.org/resource/コノハズク>	"コノハズク"@ja	<http://dbpedia.org/ontology/Species>	<http://ja.dbpedia.org/property/鳥など>	"鳥など"@ja	<http://ja.wikipedia.org/wiki/コノハズク>	<http://wikidata.dbpedia.org/resource/Q171563>
<http://ja.dbpedia.org/resource/長屋門公園>	"長屋門公園"@ja	<http://dbpedia.org/ontology/Park>	<http://ja.dbpedia.org/property/画像の説明>	"画像の説明"@ja	<http://ja.wikipedia.org/wiki/長屋門公園>	<http://wikidata.dbpedia.org/resource/Q11651931>
<http://ja.dbpedia.org/resource/長屋門公園>	"長屋門公園"@ja	<http://dbpedia.org/ontology/Location>	<http://ja.dbpedia.org/property/画像の説明>	"画像の説明"@ja	<http://ja.wikipedia.org/wiki/長屋門公園>	<http://wikidata.dbpedia.org/resource/Q11651931>
<http://ja.dbpedia.org/resource/長屋門公園>	"長屋門公園"@ja	<http://dbpedia.org/ontology/Place>	<http://ja.dbpedia.org/property/画像の説明>	"画像の説明"@ja	<http://ja.wikipedia.org/wiki/長屋門公園>	<http://wikidata.dbpedia.org/resource/Q11651931>
