?s	?sLabel	?type	?p	?pLabel	?jwiki	?wd
<http://ja.dbpedia.org/resource/キク>	"キク"@ja	<http://dbpedia.org/ontology/Species>	<http://ja.dbpedia.org/property/花>	"花"@ja	<http://ja.wikipedia.org/wiki/キク>	<http://wikidata.dbpedia.org/resource/Q15530181>
<http://ja.dbpedia.org/resource/鎌倉市>	"鎌倉市"@ja	<http://dbpedia.org/ontology/Location>	<http://ja.dbpedia.org/property/隣接自治体・行政区>	"隣接自治体・行政区"@ja	<http://ja.wikipedia.org/wiki/鎌倉市>	<http://wikidata.dbpedia.org/resource/Q200267>
<http://ja.dbpedia.org/resource/鎌倉市>	"鎌倉市"@ja	<http://dbpedia.org/ontology/Place>	<http://ja.dbpedia.org/property/隣接自治体・行政区>	"隣接自治体・行政区"@ja	<http://ja.wikipedia.org/wiki/鎌倉市>	<http://wikidata.dbpedia.org/resource/Q200267>
<http://ja.dbpedia.org/resource/鎌倉市>	"鎌倉市"@ja	<http://dbpedia.org/ontology/PopulatedPlace>	<http://ja.dbpedia.org/property/隣接自治体・行政区>	"隣接自治体・行政区"@ja	<http://ja.wikipedia.org/wiki/鎌倉市>	<http://wikidata.dbpedia.org/resource/Q200267>
<http://ja.dbpedia.org/resource/鎌倉市>	"鎌倉市"@ja	<http://dbpedia.org/ontology/City>	<http://ja.dbpedia.org/property/隣接自治体・行政区>	"隣接自治体・行政区"@ja	<http://ja.wikipedia.org/wiki/鎌倉市>	<http://wikidata.dbpedia.org/resource/Q200267>
<http://ja.dbpedia.org/resource/鎌倉市>	"鎌倉市"@ja	<http://dbpedia.org/ontology/Settlement>	<http://ja.dbpedia.org/property/隣接自治体・行政区>	"隣接自治体・行政区"@ja	<http://ja.wikipedia.org/wiki/鎌倉市>	<http://wikidata.dbpedia.org/resource/Q200267>
