?s	?sLabel	?type	?p	?pLabel	?jwiki	?wd
<http://ja.dbpedia.org/resource/アヤメ>	"アヤメ"@ja	<http://dbpedia.org/ontology/Species>	<http://ja.dbpedia.org/property/花>	"花"@ja	<http://ja.wikipedia.org/wiki/アヤメ>	<http://wikidata.dbpedia.org/resource/Q907937>
<http://ja.dbpedia.org/resource/キンモクセイ>	"キンモクセイ"@ja	<http://dbpedia.org/ontology/Species>	<http://ja.dbpedia.org/property/木>	"木"@ja	<http://ja.wikipedia.org/wiki/キンモクセイ>	<http://wikidata.dbpedia.org/resource/Q11297955>
<http://ja.dbpedia.org/resource/サクラ>	"サクラ"@ja	<http://dbpedia.org/ontology/Species>	<http://ja.dbpedia.org/property/木>	"木"@ja	<http://ja.wikipedia.org/wiki/サクラ>	<http://wikidata.dbpedia.org/resource/Q871991>
<http://ja.dbpedia.org/resource/ハナミズキ>	"ハナミズキ"@ja	<http://dbpedia.org/ontology/Species>	<http://ja.dbpedia.org/property/木>	"木"@ja	<http://ja.wikipedia.org/wiki/ハナミズキ>	<http://wikidata.dbpedia.org/resource/Q887221>
<http://ja.dbpedia.org/resource/大和市>	"大和市"@ja	<http://dbpedia.org/ontology/PopulatedPlace>	<http://ja.dbpedia.org/property/隣接自治体・行政区>	"隣接自治体・行政区"@ja	<http://ja.wikipedia.org/wiki/大和市>	<http://wikidata.dbpedia.org/resource/Q386697>
<http://ja.dbpedia.org/resource/大和市>	"大和市"@ja	<http://dbpedia.org/ontology/Place>	<http://ja.dbpedia.org/property/隣接自治体・行政区>	"隣接自治体・行政区"@ja	<http://ja.wikipedia.org/wiki/大和市>	<http://wikidata.dbpedia.org/resource/Q386697>
<http://ja.dbpedia.org/resource/大和市>	"大和市"@ja	<http://dbpedia.org/ontology/City>	<http://ja.dbpedia.org/property/隣接自治体・行政区>	"隣接自治体・行政区"@ja	<http://ja.wikipedia.org/wiki/大和市>	<http://wikidata.dbpedia.org/resource/Q386697>
<http://ja.dbpedia.org/resource/大和市>	"大和市"@ja	<http://dbpedia.org/ontology/Location>	<http://ja.dbpedia.org/property/隣接自治体・行政区>	"隣接自治体・行政区"@ja	<http://ja.wikipedia.org/wiki/大和市>	<http://wikidata.dbpedia.org/resource/Q386697>
<http://ja.dbpedia.org/resource/大和市>	"大和市"@ja	<http://dbpedia.org/ontology/Settlement>	<http://ja.dbpedia.org/property/隣接自治体・行政区>	"隣接自治体・行政区"@ja	<http://ja.wikipedia.org/wiki/大和市>	<http://wikidata.dbpedia.org/resource/Q386697>
<http://ja.dbpedia.org/resource/藤沢市>	"藤沢市"@ja	<http://dbpedia.org/ontology/City>	<http://ja.dbpedia.org/property/隣接自治体・行政区>	"隣接自治体・行政区"@ja	<http://ja.wikipedia.org/wiki/藤沢市>	<http://wikidata.dbpedia.org/resource/Q386661>
<http://ja.dbpedia.org/resource/藤沢市>	"藤沢市"@ja	<http://dbpedia.org/ontology/Location>	<http://ja.dbpedia.org/property/隣接自治体・行政区>	"隣接自治体・行政区"@ja	<http://ja.wikipedia.org/wiki/藤沢市>	<http://wikidata.dbpedia.org/resource/Q386661>
<http://ja.dbpedia.org/resource/藤沢市>	"藤沢市"@ja	<http://dbpedia.org/ontology/PopulatedPlace>	<http://ja.dbpedia.org/property/隣接自治体・行政区>	"隣接自治体・行政区"@ja	<http://ja.wikipedia.org/wiki/藤沢市>	<http://wikidata.dbpedia.org/resource/Q386661>
<http://ja.dbpedia.org/resource/藤沢市>	"藤沢市"@ja	<http://dbpedia.org/ontology/Place>	<http://ja.dbpedia.org/property/隣接自治体・行政区>	"隣接自治体・行政区"@ja	<http://ja.wikipedia.org/wiki/藤沢市>	<http://wikidata.dbpedia.org/resource/Q386661>
<http://ja.dbpedia.org/resource/藤沢市>	"藤沢市"@ja	<http://dbpedia.org/ontology/Settlement>	<http://ja.dbpedia.org/property/隣接自治体・行政区>	"隣接自治体・行政区"@ja	<http://ja.wikipedia.org/wiki/藤沢市>	<http://wikidata.dbpedia.org/resource/Q386661>
