?s	?sLabel	?type	?p	?pLabel	?jwiki	?wd
<http://ja.dbpedia.org/resource/パンジー>	"パンジー"@ja	<http://dbpedia.org/ontology/Species>	<http://ja.dbpedia.org/property/花>	"花"@ja	<http://ja.wikipedia.org/wiki/パンジー>	<http://wikidata.dbpedia.org/resource/Q12861234>
<http://ja.dbpedia.org/resource/東京都>	"東京都"@ja	<http://dbpedia.org/ontology/AdministrativeRegion>	<http://ja.dbpedia.org/property/隣接自治体・行政区>	"隣接自治体・行政区"@ja	<http://ja.wikipedia.org/wiki/東京都>	<http://wikidata.dbpedia.org/resource/Q1490>
<http://ja.dbpedia.org/resource/東京都>	"東京都"@ja	<http://dbpedia.org/ontology/Place>	<http://ja.dbpedia.org/property/隣接自治体・行政区>	"隣接自治体・行政区"@ja	<http://ja.wikipedia.org/wiki/東京都>	<http://wikidata.dbpedia.org/resource/Q1490>
<http://ja.dbpedia.org/resource/東京都>	"東京都"@ja	<http://dbpedia.org/ontology/Location>	<http://ja.dbpedia.org/property/隣接自治体・行政区>	"隣接自治体・行政区"@ja	<http://ja.wikipedia.org/wiki/東京都>	<http://wikidata.dbpedia.org/resource/Q1490>
<http://ja.dbpedia.org/resource/東京都>	"東京都"@ja	<http://dbpedia.org/ontology/PopulatedPlace>	<http://ja.dbpedia.org/property/隣接自治体・行政区>	"隣接自治体・行政区"@ja	<http://ja.wikipedia.org/wiki/東京都>	<http://wikidata.dbpedia.org/resource/Q1490>
<http://ja.dbpedia.org/resource/東京都>	"東京都"@ja	<http://dbpedia.org/ontology/Region>	<http://ja.dbpedia.org/property/隣接自治体・行政区>	"隣接自治体・行政区"@ja	<http://ja.wikipedia.org/wiki/東京都>	<http://wikidata.dbpedia.org/resource/Q1490>
<http://ja.dbpedia.org/resource/横浜市>	"横浜市"@ja	<http://dbpedia.org/ontology/City>	<http://ja.dbpedia.org/property/隣接自治体・行政区>	"隣接自治体・行政区"@ja	<http://ja.wikipedia.org/wiki/横浜市>	<http://wikidata.dbpedia.org/resource/Q38283>
<http://ja.dbpedia.org/resource/横浜市>	"横浜市"@ja	<http://dbpedia.org/ontology/Location>	<http://ja.dbpedia.org/property/隣接自治体・行政区>	"隣接自治体・行政区"@ja	<http://ja.wikipedia.org/wiki/横浜市>	<http://wikidata.dbpedia.org/resource/Q38283>
<http://ja.dbpedia.org/resource/横浜市>	"横浜市"@ja	<http://dbpedia.org/ontology/PopulatedPlace>	<http://ja.dbpedia.org/property/隣接自治体・行政区>	"隣接自治体・行政区"@ja	<http://ja.wikipedia.org/wiki/横浜市>	<http://wikidata.dbpedia.org/resource/Q38283>
<http://ja.dbpedia.org/resource/横浜市>	"横浜市"@ja	<http://dbpedia.org/ontology/Place>	<http://ja.dbpedia.org/property/隣接自治体・行政区>	"隣接自治体・行政区"@ja	<http://ja.wikipedia.org/wiki/横浜市>	<http://wikidata.dbpedia.org/resource/Q38283>
<http://ja.dbpedia.org/resource/横浜市>	"横浜市"@ja	<http://dbpedia.org/ontology/Settlement>	<http://ja.dbpedia.org/property/隣接自治体・行政区>	"隣接自治体・行政区"@ja	<http://ja.wikipedia.org/wiki/横浜市>	<http://wikidata.dbpedia.org/resource/Q38283>
