?s	?sLabel	?type	?p	?pLabel	?jwiki	?wd
<http://ja.dbpedia.org/resource/ウメ>	"ウメ"@ja	<http://dbpedia.org/ontology/Plant>	<http://ja.dbpedia.org/property/木>	"木"@ja	<http://ja.wikipedia.org/wiki/ウメ>	<http://wikidata.dbpedia.org/resource/Q157763>
<http://ja.dbpedia.org/resource/ウメ>	"ウメ"@ja	<http://dbpedia.org/ontology/Eukaryote>	<http://ja.dbpedia.org/property/木>	"木"@ja	<http://ja.wikipedia.org/wiki/ウメ>	<http://wikidata.dbpedia.org/resource/Q157763>
<http://ja.dbpedia.org/resource/ウメ>	"ウメ"@ja	<http://dbpedia.org/ontology/Species>	<http://ja.dbpedia.org/property/木>	"木"@ja	<http://ja.wikipedia.org/wiki/ウメ>	<http://wikidata.dbpedia.org/resource/Q157763>
<http://ja.dbpedia.org/resource/ウメ>	"ウメ"@ja	<http://dbpedia.org/ontology/FloweringPlant>	<http://ja.dbpedia.org/property/木>	"木"@ja	<http://ja.wikipedia.org/wiki/ウメ>	<http://wikidata.dbpedia.org/resource/Q157763>
<http://ja.dbpedia.org/resource/スイセン属>	"スイセン属"@ja	<http://dbpedia.org/ontology/Species>	<http://ja.dbpedia.org/property/花>	"花"@ja	<http://ja.wikipedia.org/wiki/スイセン属>	<http://wikidata.dbpedia.org/resource/Q29465>
<http://ja.dbpedia.org/resource/横浜市>	"横浜市"@ja	<http://dbpedia.org/ontology/Location>	<http://ja.dbpedia.org/property/隣接自治体・行政区>	"隣接自治体・行政区"@ja	<http://ja.wikipedia.org/wiki/横浜市>	<http://wikidata.dbpedia.org/resource/Q38283>
<http://ja.dbpedia.org/resource/横浜市>	"横浜市"@ja	<http://dbpedia.org/ontology/Place>	<http://ja.dbpedia.org/property/隣接自治体・行政区>	"隣接自治体・行政区"@ja	<http://ja.wikipedia.org/wiki/横浜市>	<http://wikidata.dbpedia.org/resource/Q38283>
<http://ja.dbpedia.org/resource/横浜市>	"横浜市"@ja	<http://dbpedia.org/ontology/PopulatedPlace>	<http://ja.dbpedia.org/property/隣接自治体・行政区>	"隣接自治体・行政区"@ja	<http://ja.wikipedia.org/wiki/横浜市>	<http://wikidata.dbpedia.org/resource/Q38283>
<http://ja.dbpedia.org/resource/横浜市>	"横浜市"@ja	<http://dbpedia.org/ontology/City>	<http://ja.dbpedia.org/property/隣接自治体・行政区>	"隣接自治体・行政区"@ja	<http://ja.wikipedia.org/wiki/横浜市>	<http://wikidata.dbpedia.org/resource/Q38283>
<http://ja.dbpedia.org/resource/横浜市>	"横浜市"@ja	<http://dbpedia.org/ontology/Settlement>	<http://ja.dbpedia.org/property/隣接自治体・行政区>	"隣接自治体・行政区"@ja	<http://ja.wikipedia.org/wiki/横浜市>	<http://wikidata.dbpedia.org/resource/Q38283>
