?s	?sLabel	?type	?p	?pLabel	?jwiki	?wd
<http://ja.dbpedia.org/resource/ツツジ>	"ツツジ"@ja	<http://dbpedia.org/ontology/Species>	<http://ja.dbpedia.org/property/花>	"花"@ja	<http://ja.wikipedia.org/wiki/ツツジ>	<http://wikidata.dbpedia.org/resource/Q189393>
<http://ja.dbpedia.org/resource/ツバキ>	"ツバキ"@ja	<http://dbpedia.org/ontology/Species>	<http://ja.dbpedia.org/property/木>	"木"@ja	<http://ja.wikipedia.org/wiki/ツバキ>	<http://wikidata.dbpedia.org/resource/Q160121>
<http://ja.dbpedia.org/resource/横浜市>	"横浜市"@ja	<http://dbpedia.org/ontology/Settlement>	<http://ja.dbpedia.org/property/隣接自治体>	"隣接自治体"@ja	<http://ja.wikipedia.org/wiki/横浜市>	<http://wikidata.dbpedia.org/resource/Q38283>
<http://ja.dbpedia.org/resource/横浜市>	"横浜市"@ja	<http://dbpedia.org/ontology/Place>	<http://ja.dbpedia.org/property/隣接自治体>	"隣接自治体"@ja	<http://ja.wikipedia.org/wiki/横浜市>	<http://wikidata.dbpedia.org/resource/Q38283>
<http://ja.dbpedia.org/resource/横浜市>	"横浜市"@ja	<http://dbpedia.org/ontology/City>	<http://ja.dbpedia.org/property/隣接自治体>	"隣接自治体"@ja	<http://ja.wikipedia.org/wiki/横浜市>	<http://wikidata.dbpedia.org/resource/Q38283>
<http://ja.dbpedia.org/resource/横浜市>	"横浜市"@ja	<http://dbpedia.org/ontology/PopulatedPlace>	<http://ja.dbpedia.org/property/隣接自治体>	"隣接自治体"@ja	<http://ja.wikipedia.org/wiki/横浜市>	<http://wikidata.dbpedia.org/resource/Q38283>
<http://ja.dbpedia.org/resource/横浜市>	"横浜市"@ja	<http://dbpedia.org/ontology/Location>	<http://ja.dbpedia.org/property/隣接自治体>	"隣接自治体"@ja	<http://ja.wikipedia.org/wiki/横浜市>	<http://wikidata.dbpedia.org/resource/Q38283>
