?s	?sLabel	?type	?p	?pLabel	?jwiki	?wd
<http://ja.dbpedia.org/resource/厚木市>	"厚木市"@ja	<http://dbpedia.org/ontology/Settlement>	<http://ja.dbpedia.org/property/隣接自治体・行政区>	"隣接自治体・行政区"@ja	<http://ja.wikipedia.org/wiki/厚木市>	<http://wikidata.dbpedia.org/resource/Q389711>
<http://ja.dbpedia.org/resource/厚木市>	"厚木市"@ja	<http://dbpedia.org/ontology/PopulatedPlace>	<http://ja.dbpedia.org/property/west>	"West"@ja	<http://ja.wikipedia.org/wiki/厚木市>	<http://wikidata.dbpedia.org/resource/Q389711>
<http://ja.dbpedia.org/resource/厚木市>	"厚木市"@ja	<http://dbpedia.org/ontology/PopulatedPlace>	<http://ja.dbpedia.org/property/隣接自治体・行政区>	"隣接自治体・行政区"@ja	<http://ja.wikipedia.org/wiki/厚木市>	<http://wikidata.dbpedia.org/resource/Q389711>
<http://ja.dbpedia.org/resource/厚木市>	"厚木市"@ja	<http://dbpedia.org/ontology/Settlement>	<http://ja.dbpedia.org/property/west>	"West"@ja	<http://ja.wikipedia.org/wiki/厚木市>	<http://wikidata.dbpedia.org/resource/Q389711>
<http://ja.dbpedia.org/resource/厚木市>	"厚木市"@ja	<http://dbpedia.org/ontology/Location>	<http://ja.dbpedia.org/property/west>	"West"@ja	<http://ja.wikipedia.org/wiki/厚木市>	<http://wikidata.dbpedia.org/resource/Q389711>
<http://ja.dbpedia.org/resource/厚木市>	"厚木市"@ja	<http://dbpedia.org/ontology/City>	<http://ja.dbpedia.org/property/west>	"West"@ja	<http://ja.wikipedia.org/wiki/厚木市>	<http://wikidata.dbpedia.org/resource/Q389711>
<http://ja.dbpedia.org/resource/厚木市>	"厚木市"@ja	<http://dbpedia.org/ontology/Place>	<http://ja.dbpedia.org/property/隣接自治体・行政区>	"隣接自治体・行政区"@ja	<http://ja.wikipedia.org/wiki/厚木市>	<http://wikidata.dbpedia.org/resource/Q389711>
<http://ja.dbpedia.org/resource/厚木市>	"厚木市"@ja	<http://dbpedia.org/ontology/Place>	<http://ja.dbpedia.org/property/west>	"West"@ja	<http://ja.wikipedia.org/wiki/厚木市>	<http://wikidata.dbpedia.org/resource/Q389711>
<http://ja.dbpedia.org/resource/厚木市>	"厚木市"@ja	<http://dbpedia.org/ontology/City>	<http://ja.dbpedia.org/property/隣接自治体・行政区>	"隣接自治体・行政区"@ja	<http://ja.wikipedia.org/wiki/厚木市>	<http://wikidata.dbpedia.org/resource/Q389711>
<http://ja.dbpedia.org/resource/厚木市>	"厚木市"@ja	<http://dbpedia.org/ontology/Location>	<http://ja.dbpedia.org/property/隣接自治体・行政区>	"隣接自治体・行政区"@ja	<http://ja.wikipedia.org/wiki/厚木市>	<http://wikidata.dbpedia.org/resource/Q389711>
<http://ja.dbpedia.org/resource/大和市>	"大和市"@ja	<http://dbpedia.org/ontology/Place>	<http://ja.dbpedia.org/property/隣接自治体・行政区>	"隣接自治体・行政区"@ja	<http://ja.wikipedia.org/wiki/大和市>	<http://wikidata.dbpedia.org/resource/Q386697>
<http://ja.dbpedia.org/resource/大和市>	"大和市"@ja	<http://dbpedia.org/ontology/PopulatedPlace>	<http://ja.dbpedia.org/property/隣接自治体・行政区>	"隣接自治体・行政区"@ja	<http://ja.wikipedia.org/wiki/大和市>	<http://wikidata.dbpedia.org/resource/Q386697>
<http://ja.dbpedia.org/resource/大和市>	"大和市"@ja	<http://dbpedia.org/ontology/Settlement>	<http://ja.dbpedia.org/property/隣接自治体・行政区>	"隣接自治体・行政区"@ja	<http://ja.wikipedia.org/wiki/大和市>	<http://wikidata.dbpedia.org/resource/Q386697>
<http://ja.dbpedia.org/resource/大和市>	"大和市"@ja	<http://dbpedia.org/ontology/PopulatedPlace>	<http://ja.dbpedia.org/property/south>	"South"@ja	<http://ja.wikipedia.org/wiki/大和市>	<http://wikidata.dbpedia.org/resource/Q386697>
<http://ja.dbpedia.org/resource/大和市>	"大和市"@ja	<http://dbpedia.org/ontology/Location>	<http://ja.dbpedia.org/property/隣接自治体・行政区>	"隣接自治体・行政区"@ja	<http://ja.wikipedia.org/wiki/大和市>	<http://wikidata.dbpedia.org/resource/Q386697>
<http://ja.dbpedia.org/resource/大和市>	"大和市"@ja	<http://dbpedia.org/ontology/City>	<http://ja.dbpedia.org/property/隣接自治体・行政区>	"隣接自治体・行政区"@ja	<http://ja.wikipedia.org/wiki/大和市>	<http://wikidata.dbpedia.org/resource/Q386697>
<http://ja.dbpedia.org/resource/大和市>	"大和市"@ja	<http://dbpedia.org/ontology/Place>	<http://ja.dbpedia.org/property/south>	"South"@ja	<http://ja.wikipedia.org/wiki/大和市>	<http://wikidata.dbpedia.org/resource/Q386697>
<http://ja.dbpedia.org/resource/大和市>	"大和市"@ja	<http://dbpedia.org/ontology/Settlement>	<http://ja.dbpedia.org/property/south>	"South"@ja	<http://ja.wikipedia.org/wiki/大和市>	<http://wikidata.dbpedia.org/resource/Q386697>
<http://ja.dbpedia.org/resource/大和市>	"大和市"@ja	<http://dbpedia.org/ontology/City>	<http://ja.dbpedia.org/property/south>	"South"@ja	<http://ja.wikipedia.org/wiki/大和市>	<http://wikidata.dbpedia.org/resource/Q386697>
<http://ja.dbpedia.org/resource/大和市>	"大和市"@ja	<http://dbpedia.org/ontology/Location>	<http://ja.dbpedia.org/property/south>	"South"@ja	<http://ja.wikipedia.org/wiki/大和市>	<http://wikidata.dbpedia.org/resource/Q386697>
<http://ja.dbpedia.org/resource/座間市>	"座間市"@ja	<http://dbpedia.org/ontology/City>	<http://ja.dbpedia.org/property/隣接自治体・行政区>	"隣接自治体・行政区"@ja	<http://ja.wikipedia.org/wiki/座間市>	<http://wikidata.dbpedia.org/resource/Q145333>
<http://ja.dbpedia.org/resource/座間市>	"座間市"@ja	<http://dbpedia.org/ontology/City>	<http://ja.dbpedia.org/property/south>	"South"@ja	<http://ja.wikipedia.org/wiki/座間市>	<http://wikidata.dbpedia.org/resource/Q145333>
<http://ja.dbpedia.org/resource/座間市>	"座間市"@ja	<http://dbpedia.org/ontology/Place>	<http://ja.dbpedia.org/property/south>	"South"@ja	<http://ja.wikipedia.org/wiki/座間市>	<http://wikidata.dbpedia.org/resource/Q145333>
<http://ja.dbpedia.org/resource/座間市>	"座間市"@ja	<http://dbpedia.org/ontology/PopulatedPlace>	<http://ja.dbpedia.org/property/south>	"South"@ja	<http://ja.wikipedia.org/wiki/座間市>	<http://wikidata.dbpedia.org/resource/Q145333>
<http://ja.dbpedia.org/resource/座間市>	"座間市"@ja	<http://dbpedia.org/ontology/Settlement>	<http://ja.dbpedia.org/property/south>	"South"@ja	<http://ja.wikipedia.org/wiki/座間市>	<http://wikidata.dbpedia.org/resource/Q145333>
<http://ja.dbpedia.org/resource/座間市>	"座間市"@ja	<http://dbpedia.org/ontology/Location>	<http://ja.dbpedia.org/property/隣接自治体・行政区>	"隣接自治体・行政区"@ja	<http://ja.wikipedia.org/wiki/座間市>	<http://wikidata.dbpedia.org/resource/Q145333>
<http://ja.dbpedia.org/resource/座間市>	"座間市"@ja	<http://dbpedia.org/ontology/Location>	<http://ja.dbpedia.org/property/south>	"South"@ja	<http://ja.wikipedia.org/wiki/座間市>	<http://wikidata.dbpedia.org/resource/Q145333>
<http://ja.dbpedia.org/resource/座間市>	"座間市"@ja	<http://dbpedia.org/ontology/PopulatedPlace>	<http://ja.dbpedia.org/property/隣接自治体・行政区>	"隣接自治体・行政区"@ja	<http://ja.wikipedia.org/wiki/座間市>	<http://wikidata.dbpedia.org/resource/Q145333>
<http://ja.dbpedia.org/resource/座間市>	"座間市"@ja	<http://dbpedia.org/ontology/Place>	<http://ja.dbpedia.org/property/隣接自治体・行政区>	"隣接自治体・行政区"@ja	<http://ja.wikipedia.org/wiki/座間市>	<http://wikidata.dbpedia.org/resource/Q145333>
<http://ja.dbpedia.org/resource/座間市>	"座間市"@ja	<http://dbpedia.org/ontology/Settlement>	<http://ja.dbpedia.org/property/隣接自治体・行政区>	"隣接自治体・行政区"@ja	<http://ja.wikipedia.org/wiki/座間市>	<http://wikidata.dbpedia.org/resource/Q145333>
