?s	?sLabel	?type	?p	?pLabel	?jwiki	?wd
<http://ja.dbpedia.org/resource/厚木市>	"厚木市"@ja	<http://dbpedia.org/ontology/City>	<http://ja.dbpedia.org/property/south>	"South"@ja	<http://ja.wikipedia.org/wiki/厚木市>	<http://wikidata.dbpedia.org/resource/Q389711>
<http://ja.dbpedia.org/resource/厚木市>	"厚木市"@ja	<http://dbpedia.org/ontology/PopulatedPlace>	<http://ja.dbpedia.org/property/south>	"South"@ja	<http://ja.wikipedia.org/wiki/厚木市>	<http://wikidata.dbpedia.org/resource/Q389711>
<http://ja.dbpedia.org/resource/厚木市>	"厚木市"@ja	<http://dbpedia.org/ontology/Place>	<http://ja.dbpedia.org/property/south>	"South"@ja	<http://ja.wikipedia.org/wiki/厚木市>	<http://wikidata.dbpedia.org/resource/Q389711>
<http://ja.dbpedia.org/resource/厚木市>	"厚木市"@ja	<http://dbpedia.org/ontology/Location>	<http://ja.dbpedia.org/property/south>	"South"@ja	<http://ja.wikipedia.org/wiki/厚木市>	<http://wikidata.dbpedia.org/resource/Q389711>
<http://ja.dbpedia.org/resource/厚木市>	"厚木市"@ja	<http://dbpedia.org/ontology/Settlement>	<http://ja.dbpedia.org/property/south>	"South"@ja	<http://ja.wikipedia.org/wiki/厚木市>	<http://wikidata.dbpedia.org/resource/Q389711>
<http://ja.dbpedia.org/resource/愛川町>	"愛川町"@ja	<http://dbpedia.org/ontology/Location>	<http://ja.dbpedia.org/property/southwest>	"Southwest"@ja	<http://ja.wikipedia.org/wiki/愛川町>	<http://wikidata.dbpedia.org/resource/Q1203267>
<http://ja.dbpedia.org/resource/愛川町>	"愛川町"@ja	<http://dbpedia.org/ontology/Place>	<http://ja.dbpedia.org/property/southwest>	"Southwest"@ja	<http://ja.wikipedia.org/wiki/愛川町>	<http://wikidata.dbpedia.org/resource/Q1203267>
<http://ja.dbpedia.org/resource/愛川町>	"愛川町"@ja	<http://dbpedia.org/ontology/PopulatedPlace>	<http://ja.dbpedia.org/property/southwest>	"Southwest"@ja	<http://ja.wikipedia.org/wiki/愛川町>	<http://wikidata.dbpedia.org/resource/Q1203267>
<http://ja.dbpedia.org/resource/愛川町>	"愛川町"@ja	<http://dbpedia.org/ontology/City>	<http://ja.dbpedia.org/property/southwest>	"Southwest"@ja	<http://ja.wikipedia.org/wiki/愛川町>	<http://wikidata.dbpedia.org/resource/Q1203267>
<http://ja.dbpedia.org/resource/愛川町>	"愛川町"@ja	<http://dbpedia.org/ontology/Settlement>	<http://ja.dbpedia.org/property/southwest>	"Southwest"@ja	<http://ja.wikipedia.org/wiki/愛川町>	<http://wikidata.dbpedia.org/resource/Q1203267>
