?s	?sLabel	?type	?p	?pLabel	?jwiki	?wd
<http://ja.dbpedia.org/resource/アジサイ>	"アジサイ"@ja	<http://dbpedia.org/ontology/Species>	<http://ja.dbpedia.org/property/花>	"花"@ja	<http://ja.wikipedia.org/wiki/アジサイ>	<http://wikidata.dbpedia.org/resource/Q159219>
<http://ja.dbpedia.org/resource/ケヤキ>	"ケヤキ"@ja	<http://dbpedia.org/ontology/Species>	<http://ja.dbpedia.org/property/木>	"木"@ja	<http://ja.wikipedia.org/wiki/ケヤキ>	<http://wikidata.dbpedia.org/resource/Q920344>
<http://ja.dbpedia.org/resource/上野原市>	"上野原市"@ja	<http://dbpedia.org/ontology/City>	<http://ja.dbpedia.org/property/隣接自治体>	"隣接自治体"@ja	<http://ja.wikipedia.org/wiki/上野原市>	<http://wikidata.dbpedia.org/resource/Q851030>
<http://ja.dbpedia.org/resource/上野原市>	"上野原市"@ja	<http://dbpedia.org/ontology/Place>	<http://ja.dbpedia.org/property/隣接自治体>	"隣接自治体"@ja	<http://ja.wikipedia.org/wiki/上野原市>	<http://wikidata.dbpedia.org/resource/Q851030>
<http://ja.dbpedia.org/resource/上野原市>	"上野原市"@ja	<http://dbpedia.org/ontology/Location>	<http://ja.dbpedia.org/property/隣接自治体>	"隣接自治体"@ja	<http://ja.wikipedia.org/wiki/上野原市>	<http://wikidata.dbpedia.org/resource/Q851030>
<http://ja.dbpedia.org/resource/上野原市>	"上野原市"@ja	<http://dbpedia.org/ontology/PopulatedPlace>	<http://ja.dbpedia.org/property/隣接自治体>	"隣接自治体"@ja	<http://ja.wikipedia.org/wiki/上野原市>	<http://wikidata.dbpedia.org/resource/Q851030>
<http://ja.dbpedia.org/resource/上野原市>	"上野原市"@ja	<http://dbpedia.org/ontology/Settlement>	<http://ja.dbpedia.org/property/隣接自治体>	"隣接自治体"@ja	<http://ja.wikipedia.org/wiki/上野原市>	<http://wikidata.dbpedia.org/resource/Q851030>
<http://ja.dbpedia.org/resource/八王子市>	"八王子市"@ja	<http://dbpedia.org/ontology/PopulatedPlace>	<http://ja.dbpedia.org/property/north>	"North"@ja	<http://ja.wikipedia.org/wiki/八王子市>	<http://wikidata.dbpedia.org/resource/Q208863>
<http://ja.dbpedia.org/resource/八王子市>	"八王子市"@ja	<http://dbpedia.org/ontology/Place>	<http://ja.dbpedia.org/property/隣接自治体>	"隣接自治体"@ja	<http://ja.wikipedia.org/wiki/八王子市>	<http://wikidata.dbpedia.org/resource/Q208863>
<http://ja.dbpedia.org/resource/八王子市>	"八王子市"@ja	<http://dbpedia.org/ontology/City>	<http://ja.dbpedia.org/property/隣接自治体>	"隣接自治体"@ja	<http://ja.wikipedia.org/wiki/八王子市>	<http://wikidata.dbpedia.org/resource/Q208863>
<http://ja.dbpedia.org/resource/八王子市>	"八王子市"@ja	<http://dbpedia.org/ontology/Settlement>	<http://ja.dbpedia.org/property/north>	"North"@ja	<http://ja.wikipedia.org/wiki/八王子市>	<http://wikidata.dbpedia.org/resource/Q208863>
<http://ja.dbpedia.org/resource/八王子市>	"八王子市"@ja	<http://dbpedia.org/ontology/Location>	<http://ja.dbpedia.org/property/north>	"North"@ja	<http://ja.wikipedia.org/wiki/八王子市>	<http://wikidata.dbpedia.org/resource/Q208863>
<http://ja.dbpedia.org/resource/八王子市>	"八王子市"@ja	<http://dbpedia.org/ontology/PopulatedPlace>	<http://ja.dbpedia.org/property/隣接自治体>	"隣接自治体"@ja	<http://ja.wikipedia.org/wiki/八王子市>	<http://wikidata.dbpedia.org/resource/Q208863>
<http://ja.dbpedia.org/resource/八王子市>	"八王子市"@ja	<http://dbpedia.org/ontology/City>	<http://ja.dbpedia.org/property/north>	"North"@ja	<http://ja.wikipedia.org/wiki/八王子市>	<http://wikidata.dbpedia.org/resource/Q208863>
<http://ja.dbpedia.org/resource/八王子市>	"八王子市"@ja	<http://dbpedia.org/ontology/Settlement>	<http://ja.dbpedia.org/property/隣接自治体>	"隣接自治体"@ja	<http://ja.wikipedia.org/wiki/八王子市>	<http://wikidata.dbpedia.org/resource/Q208863>
<http://ja.dbpedia.org/resource/八王子市>	"八王子市"@ja	<http://dbpedia.org/ontology/Location>	<http://ja.dbpedia.org/property/隣接自治体>	"隣接自治体"@ja	<http://ja.wikipedia.org/wiki/八王子市>	<http://wikidata.dbpedia.org/resource/Q208863>
<http://ja.dbpedia.org/resource/八王子市>	"八王子市"@ja	<http://dbpedia.org/ontology/Place>	<http://ja.dbpedia.org/property/north>	"North"@ja	<http://ja.wikipedia.org/wiki/八王子市>	<http://wikidata.dbpedia.org/resource/Q208863>
<http://ja.dbpedia.org/resource/厚木市>	"厚木市"@ja	<http://dbpedia.org/ontology/PopulatedPlace>	<http://ja.dbpedia.org/property/隣接自治体>	"隣接自治体"@ja	<http://ja.wikipedia.org/wiki/厚木市>	<http://wikidata.dbpedia.org/resource/Q389711>
<http://ja.dbpedia.org/resource/厚木市>	"厚木市"@ja	<http://dbpedia.org/ontology/Location>	<http://ja.dbpedia.org/property/隣接自治体>	"隣接自治体"@ja	<http://ja.wikipedia.org/wiki/厚木市>	<http://wikidata.dbpedia.org/resource/Q389711>
<http://ja.dbpedia.org/resource/厚木市>	"厚木市"@ja	<http://dbpedia.org/ontology/Settlement>	<http://ja.dbpedia.org/property/隣接自治体>	"隣接自治体"@ja	<http://ja.wikipedia.org/wiki/厚木市>	<http://wikidata.dbpedia.org/resource/Q389711>
<http://ja.dbpedia.org/resource/厚木市>	"厚木市"@ja	<http://dbpedia.org/ontology/City>	<http://ja.dbpedia.org/property/隣接自治体>	"隣接自治体"@ja	<http://ja.wikipedia.org/wiki/厚木市>	<http://wikidata.dbpedia.org/resource/Q389711>
<http://ja.dbpedia.org/resource/厚木市>	"厚木市"@ja	<http://dbpedia.org/ontology/Place>	<http://ja.dbpedia.org/property/隣接自治体>	"隣接自治体"@ja	<http://ja.wikipedia.org/wiki/厚木市>	<http://wikidata.dbpedia.org/resource/Q389711>
<http://ja.dbpedia.org/resource/大和市>	"大和市"@ja	<http://dbpedia.org/ontology/PopulatedPlace>	<http://ja.dbpedia.org/property/southeast>	"Southeast"@ja	<http://ja.wikipedia.org/wiki/大和市>	<http://wikidata.dbpedia.org/resource/Q386697>
<http://ja.dbpedia.org/resource/大和市>	"大和市"@ja	<http://dbpedia.org/ontology/City>	<http://ja.dbpedia.org/property/隣接自治体>	"隣接自治体"@ja	<http://ja.wikipedia.org/wiki/大和市>	<http://wikidata.dbpedia.org/resource/Q386697>
<http://ja.dbpedia.org/resource/大和市>	"大和市"@ja	<http://dbpedia.org/ontology/Place>	<http://ja.dbpedia.org/property/隣接自治体>	"隣接自治体"@ja	<http://ja.wikipedia.org/wiki/大和市>	<http://wikidata.dbpedia.org/resource/Q386697>
<http://ja.dbpedia.org/resource/大和市>	"大和市"@ja	<http://dbpedia.org/ontology/Settlement>	<http://ja.dbpedia.org/property/southeast>	"Southeast"@ja	<http://ja.wikipedia.org/wiki/大和市>	<http://wikidata.dbpedia.org/resource/Q386697>
<http://ja.dbpedia.org/resource/大和市>	"大和市"@ja	<http://dbpedia.org/ontology/Location>	<http://ja.dbpedia.org/property/southeast>	"Southeast"@ja	<http://ja.wikipedia.org/wiki/大和市>	<http://wikidata.dbpedia.org/resource/Q386697>
<http://ja.dbpedia.org/resource/大和市>	"大和市"@ja	<http://dbpedia.org/ontology/Location>	<http://ja.dbpedia.org/property/隣接自治体>	"隣接自治体"@ja	<http://ja.wikipedia.org/wiki/大和市>	<http://wikidata.dbpedia.org/resource/Q386697>
<http://ja.dbpedia.org/resource/大和市>	"大和市"@ja	<http://dbpedia.org/ontology/Place>	<http://ja.dbpedia.org/property/southeast>	"Southeast"@ja	<http://ja.wikipedia.org/wiki/大和市>	<http://wikidata.dbpedia.org/resource/Q386697>
<http://ja.dbpedia.org/resource/大和市>	"大和市"@ja	<http://dbpedia.org/ontology/PopulatedPlace>	<http://ja.dbpedia.org/property/隣接自治体>	"隣接自治体"@ja	<http://ja.wikipedia.org/wiki/大和市>	<http://wikidata.dbpedia.org/resource/Q386697>
<http://ja.dbpedia.org/resource/大和市>	"大和市"@ja	<http://dbpedia.org/ontology/City>	<http://ja.dbpedia.org/property/southeast>	"Southeast"@ja	<http://ja.wikipedia.org/wiki/大和市>	<http://wikidata.dbpedia.org/resource/Q386697>
<http://ja.dbpedia.org/resource/大和市>	"大和市"@ja	<http://dbpedia.org/ontology/Settlement>	<http://ja.dbpedia.org/property/隣接自治体>	"隣接自治体"@ja	<http://ja.wikipedia.org/wiki/大和市>	<http://wikidata.dbpedia.org/resource/Q386697>
<http://ja.dbpedia.org/resource/山北町>	"山北町"@ja	<http://dbpedia.org/ontology/Location>	<http://ja.dbpedia.org/property/southwest>	"Southwest"@ja	<http://ja.wikipedia.org/wiki/山北町>	<http://wikidata.dbpedia.org/resource/Q370478>
<http://ja.dbpedia.org/resource/山北町>	"山北町"@ja	<http://dbpedia.org/ontology/PopulatedPlace>	<http://ja.dbpedia.org/property/southwest>	"Southwest"@ja	<http://ja.wikipedia.org/wiki/山北町>	<http://wikidata.dbpedia.org/resource/Q370478>
<http://ja.dbpedia.org/resource/山北町>	"山北町"@ja	<http://dbpedia.org/ontology/Settlement>	<http://ja.dbpedia.org/property/southwest>	"Southwest"@ja	<http://ja.wikipedia.org/wiki/山北町>	<http://wikidata.dbpedia.org/resource/Q370478>
<http://ja.dbpedia.org/resource/山北町>	"山北町"@ja	<http://dbpedia.org/ontology/City>	<http://ja.dbpedia.org/property/southwest>	"Southwest"@ja	<http://ja.wikipedia.org/wiki/山北町>	<http://wikidata.dbpedia.org/resource/Q370478>
<http://ja.dbpedia.org/resource/山北町>	"山北町"@ja	<http://dbpedia.org/ontology/Place>	<http://ja.dbpedia.org/property/southwest>	"Southwest"@ja	<http://ja.wikipedia.org/wiki/山北町>	<http://wikidata.dbpedia.org/resource/Q370478>
<http://ja.dbpedia.org/resource/座間市>	"座間市"@ja	<http://dbpedia.org/ontology/City>	<http://ja.dbpedia.org/property/隣接自治体>	"隣接自治体"@ja	<http://ja.wikipedia.org/wiki/座間市>	<http://wikidata.dbpedia.org/resource/Q145333>
<http://ja.dbpedia.org/resource/座間市>	"座間市"@ja	<http://dbpedia.org/ontology/Place>	<http://ja.dbpedia.org/property/隣接自治体>	"隣接自治体"@ja	<http://ja.wikipedia.org/wiki/座間市>	<http://wikidata.dbpedia.org/resource/Q145333>
<http://ja.dbpedia.org/resource/座間市>	"座間市"@ja	<http://dbpedia.org/ontology/Location>	<http://ja.dbpedia.org/property/隣接自治体>	"隣接自治体"@ja	<http://ja.wikipedia.org/wiki/座間市>	<http://wikidata.dbpedia.org/resource/Q145333>
<http://ja.dbpedia.org/resource/座間市>	"座間市"@ja	<http://dbpedia.org/ontology/PopulatedPlace>	<http://ja.dbpedia.org/property/隣接自治体>	"隣接自治体"@ja	<http://ja.wikipedia.org/wiki/座間市>	<http://wikidata.dbpedia.org/resource/Q145333>
<http://ja.dbpedia.org/resource/座間市>	"座間市"@ja	<http://dbpedia.org/ontology/Settlement>	<http://ja.dbpedia.org/property/隣接自治体>	"隣接自治体"@ja	<http://ja.wikipedia.org/wiki/座間市>	<http://wikidata.dbpedia.org/resource/Q145333>
<http://ja.dbpedia.org/resource/清川村>	"清川村"@ja	<http://dbpedia.org/ontology/Location>	<http://ja.dbpedia.org/property/隣接自治体>	"隣接自治体"@ja	<http://ja.wikipedia.org/wiki/清川村>	<http://wikidata.dbpedia.org/resource/Q1344386>
<http://ja.dbpedia.org/resource/清川村>	"清川村"@ja	<http://dbpedia.org/ontology/PopulatedPlace>	<http://ja.dbpedia.org/property/隣接自治体>	"隣接自治体"@ja	<http://ja.wikipedia.org/wiki/清川村>	<http://wikidata.dbpedia.org/resource/Q1344386>
<http://ja.dbpedia.org/resource/清川村>	"清川村"@ja	<http://dbpedia.org/ontology/Settlement>	<http://ja.dbpedia.org/property/隣接自治体>	"隣接自治体"@ja	<http://ja.wikipedia.org/wiki/清川村>	<http://wikidata.dbpedia.org/resource/Q1344386>
<http://ja.dbpedia.org/resource/清川村>	"清川村"@ja	<http://dbpedia.org/ontology/City>	<http://ja.dbpedia.org/property/隣接自治体>	"隣接自治体"@ja	<http://ja.wikipedia.org/wiki/清川村>	<http://wikidata.dbpedia.org/resource/Q1344386>
<http://ja.dbpedia.org/resource/清川村>	"清川村"@ja	<http://dbpedia.org/ontology/Place>	<http://ja.dbpedia.org/property/隣接自治体>	"隣接自治体"@ja	<http://ja.wikipedia.org/wiki/清川村>	<http://wikidata.dbpedia.org/resource/Q1344386>
<http://ja.dbpedia.org/resource/町田市>	"町田市"@ja	<http://dbpedia.org/ontology/PopulatedPlace>	<http://ja.dbpedia.org/property/east>	"East"@ja	<http://ja.wikipedia.org/wiki/町田市>	<http://wikidata.dbpedia.org/resource/Q210628>
<http://ja.dbpedia.org/resource/町田市>	"町田市"@ja	<http://dbpedia.org/ontology/City>	<http://ja.dbpedia.org/property/隣接自治体>	"隣接自治体"@ja	<http://ja.wikipedia.org/wiki/町田市>	<http://wikidata.dbpedia.org/resource/Q210628>
<http://ja.dbpedia.org/resource/町田市>	"町田市"@ja	<http://dbpedia.org/ontology/Place>	<http://ja.dbpedia.org/property/隣接自治体>	"隣接自治体"@ja	<http://ja.wikipedia.org/wiki/町田市>	<http://wikidata.dbpedia.org/resource/Q210628>
<http://ja.dbpedia.org/resource/町田市>	"町田市"@ja	<http://dbpedia.org/ontology/Settlement>	<http://ja.dbpedia.org/property/east>	"East"@ja	<http://ja.wikipedia.org/wiki/町田市>	<http://wikidata.dbpedia.org/resource/Q210628>
<http://ja.dbpedia.org/resource/町田市>	"町田市"@ja	<http://dbpedia.org/ontology/Location>	<http://ja.dbpedia.org/property/east>	"East"@ja	<http://ja.wikipedia.org/wiki/町田市>	<http://wikidata.dbpedia.org/resource/Q210628>
<http://ja.dbpedia.org/resource/町田市>	"町田市"@ja	<http://dbpedia.org/ontology/Location>	<http://ja.dbpedia.org/property/隣接自治体>	"隣接自治体"@ja	<http://ja.wikipedia.org/wiki/町田市>	<http://wikidata.dbpedia.org/resource/Q210628>
<http://ja.dbpedia.org/resource/町田市>	"町田市"@ja	<http://dbpedia.org/ontology/Place>	<http://ja.dbpedia.org/property/east>	"East"@ja	<http://ja.wikipedia.org/wiki/町田市>	<http://wikidata.dbpedia.org/resource/Q210628>
<http://ja.dbpedia.org/resource/町田市>	"町田市"@ja	<http://dbpedia.org/ontology/PopulatedPlace>	<http://ja.dbpedia.org/property/隣接自治体>	"隣接自治体"@ja	<http://ja.wikipedia.org/wiki/町田市>	<http://wikidata.dbpedia.org/resource/Q210628>
<http://ja.dbpedia.org/resource/町田市>	"町田市"@ja	<http://dbpedia.org/ontology/City>	<http://ja.dbpedia.org/property/east>	"East"@ja	<http://ja.wikipedia.org/wiki/町田市>	<http://wikidata.dbpedia.org/resource/Q210628>
<http://ja.dbpedia.org/resource/町田市>	"町田市"@ja	<http://dbpedia.org/ontology/Settlement>	<http://ja.dbpedia.org/property/隣接自治体>	"隣接自治体"@ja	<http://ja.wikipedia.org/wiki/町田市>	<http://wikidata.dbpedia.org/resource/Q210628>
<http://ja.dbpedia.org/resource/道志村>	"道志村"@ja	<http://dbpedia.org/ontology/Place>	<http://ja.dbpedia.org/property/west>	"West"@ja	<http://ja.wikipedia.org/wiki/道志村>	<http://wikidata.dbpedia.org/resource/Q1204426>
<http://ja.dbpedia.org/resource/道志村>	"道志村"@ja	<http://dbpedia.org/ontology/City>	<http://ja.dbpedia.org/property/west>	"West"@ja	<http://ja.wikipedia.org/wiki/道志村>	<http://wikidata.dbpedia.org/resource/Q1204426>
<http://ja.dbpedia.org/resource/道志村>	"道志村"@ja	<http://dbpedia.org/ontology/Settlement>	<http://ja.dbpedia.org/property/west>	"West"@ja	<http://ja.wikipedia.org/wiki/道志村>	<http://wikidata.dbpedia.org/resource/Q1204426>
<http://ja.dbpedia.org/resource/道志村>	"道志村"@ja	<http://dbpedia.org/ontology/Location>	<http://ja.dbpedia.org/property/west>	"West"@ja	<http://ja.wikipedia.org/wiki/道志村>	<http://wikidata.dbpedia.org/resource/Q1204426>
<http://ja.dbpedia.org/resource/道志村>	"道志村"@ja	<http://dbpedia.org/ontology/PopulatedPlace>	<http://ja.dbpedia.org/property/west>	"West"@ja	<http://ja.wikipedia.org/wiki/道志村>	<http://wikidata.dbpedia.org/resource/Q1204426>
