?s	?sLabel	?type	?p	?pLabel	?jwiki	?wd
<http://ja.dbpedia.org/resource/ヤマザクラ>	"ヤマザクラ"@ja	<http://dbpedia.org/ontology/Species>	<http://ja.dbpedia.org/property/木>	"木"@ja	<http://ja.wikipedia.org/wiki/ヤマザクラ>	<http://wikidata.dbpedia.org/resource/Q5721717>
<http://ja.dbpedia.org/resource/ヤマザクラ>	"ヤマザクラ"@ja	<http://dbpedia.org/ontology/Eukaryote>	<http://ja.dbpedia.org/property/木>	"木"@ja	<http://ja.wikipedia.org/wiki/ヤマザクラ>	<http://wikidata.dbpedia.org/resource/Q5721717>
<http://ja.dbpedia.org/resource/ヤマザクラ>	"ヤマザクラ"@ja	<http://dbpedia.org/ontology/Plant>	<http://ja.dbpedia.org/property/木>	"木"@ja	<http://ja.wikipedia.org/wiki/ヤマザクラ>	<http://wikidata.dbpedia.org/resource/Q5721717>
<http://ja.dbpedia.org/resource/リンドウ>	"リンドウ"@ja	<http://dbpedia.org/ontology/Species>	<http://ja.dbpedia.org/property/花>	"花"@ja	<http://ja.wikipedia.org/wiki/リンドウ>	<http://wikidata.dbpedia.org/resource/Q926053>
<http://ja.dbpedia.org/resource/横浜市>	"横浜市"@ja	<http://dbpedia.org/ontology/PopulatedPlace>	<http://ja.dbpedia.org/property/隣接自治体>	"隣接自治体"@ja	<http://ja.wikipedia.org/wiki/横浜市>	<http://wikidata.dbpedia.org/resource/Q38283>
<http://ja.dbpedia.org/resource/横浜市>	"横浜市"@ja	<http://dbpedia.org/ontology/Place>	<http://ja.dbpedia.org/property/隣接自治体>	"隣接自治体"@ja	<http://ja.wikipedia.org/wiki/横浜市>	<http://wikidata.dbpedia.org/resource/Q38283>
<http://ja.dbpedia.org/resource/横浜市>	"横浜市"@ja	<http://dbpedia.org/ontology/City>	<http://ja.dbpedia.org/property/隣接自治体>	"隣接自治体"@ja	<http://ja.wikipedia.org/wiki/横浜市>	<http://wikidata.dbpedia.org/resource/Q38283>
<http://ja.dbpedia.org/resource/横浜市>	"横浜市"@ja	<http://dbpedia.org/ontology/Location>	<http://ja.dbpedia.org/property/隣接自治体>	"隣接自治体"@ja	<http://ja.wikipedia.org/wiki/横浜市>	<http://wikidata.dbpedia.org/resource/Q38283>
<http://ja.dbpedia.org/resource/横浜市>	"横浜市"@ja	<http://dbpedia.org/ontology/Settlement>	<http://ja.dbpedia.org/property/隣接自治体>	"隣接自治体"@ja	<http://ja.wikipedia.org/wiki/横浜市>	<http://wikidata.dbpedia.org/resource/Q38283>
<http://ja.dbpedia.org/resource/藤沢市>	"藤沢市"@ja	<http://dbpedia.org/ontology/Location>	<http://ja.dbpedia.org/property/隣接自治体>	"隣接自治体"@ja	<http://ja.wikipedia.org/wiki/藤沢市>	<http://wikidata.dbpedia.org/resource/Q386661>
<http://ja.dbpedia.org/resource/藤沢市>	"藤沢市"@ja	<http://dbpedia.org/ontology/City>	<http://ja.dbpedia.org/property/隣接自治体>	"隣接自治体"@ja	<http://ja.wikipedia.org/wiki/藤沢市>	<http://wikidata.dbpedia.org/resource/Q386661>
<http://ja.dbpedia.org/resource/藤沢市>	"藤沢市"@ja	<http://dbpedia.org/ontology/PopulatedPlace>	<http://ja.dbpedia.org/property/隣接自治体>	"隣接自治体"@ja	<http://ja.wikipedia.org/wiki/藤沢市>	<http://wikidata.dbpedia.org/resource/Q386661>
<http://ja.dbpedia.org/resource/藤沢市>	"藤沢市"@ja	<http://dbpedia.org/ontology/Settlement>	<http://ja.dbpedia.org/property/隣接自治体>	"隣接自治体"@ja	<http://ja.wikipedia.org/wiki/藤沢市>	<http://wikidata.dbpedia.org/resource/Q386661>
<http://ja.dbpedia.org/resource/藤沢市>	"藤沢市"@ja	<http://dbpedia.org/ontology/Place>	<http://ja.dbpedia.org/property/隣接自治体>	"隣接自治体"@ja	<http://ja.wikipedia.org/wiki/藤沢市>	<http://wikidata.dbpedia.org/resource/Q386661>
<http://ja.dbpedia.org/resource/逗子市>	"逗子市"@ja	<http://dbpedia.org/ontology/City>	<http://ja.dbpedia.org/property/隣接自治体>	"隣接自治体"@ja	<http://ja.wikipedia.org/wiki/逗子市>	<http://wikidata.dbpedia.org/resource/Q230843>
<http://ja.dbpedia.org/resource/逗子市>	"逗子市"@ja	<http://dbpedia.org/ontology/Location>	<http://ja.dbpedia.org/property/隣接自治体>	"隣接自治体"@ja	<http://ja.wikipedia.org/wiki/逗子市>	<http://wikidata.dbpedia.org/resource/Q230843>
<http://ja.dbpedia.org/resource/逗子市>	"逗子市"@ja	<http://dbpedia.org/ontology/PopulatedPlace>	<http://ja.dbpedia.org/property/隣接自治体>	"隣接自治体"@ja	<http://ja.wikipedia.org/wiki/逗子市>	<http://wikidata.dbpedia.org/resource/Q230843>
<http://ja.dbpedia.org/resource/逗子市>	"逗子市"@ja	<http://dbpedia.org/ontology/Place>	<http://ja.dbpedia.org/property/隣接自治体>	"隣接自治体"@ja	<http://ja.wikipedia.org/wiki/逗子市>	<http://wikidata.dbpedia.org/resource/Q230843>
<http://ja.dbpedia.org/resource/逗子市>	"逗子市"@ja	<http://dbpedia.org/ontology/Settlement>	<http://ja.dbpedia.org/property/隣接自治体>	"隣接自治体"@ja	<http://ja.wikipedia.org/wiki/逗子市>	<http://wikidata.dbpedia.org/resource/Q230843>
