?s	?sLabel	?type	?p	?pLabel	?jwiki	?wd
<http://ja.dbpedia.org/resource/ツバキ>	"ツバキ"@ja	<http://dbpedia.org/ontology/Species>	<http://ja.dbpedia.org/property/木>	"木"@ja	<http://ja.wikipedia.org/wiki/ツバキ>	<http://wikidata.dbpedia.org/resource/Q160121>
<http://ja.dbpedia.org/resource/ホトトギス属>	"ホトトギス属"@ja	<http://dbpedia.org/ontology/Species>	<http://ja.dbpedia.org/property/花>	"花"@ja	<http://ja.wikipedia.org/wiki/ホトトギス属>	<http://wikidata.dbpedia.org/resource/Q2716935>
<http://ja.dbpedia.org/resource/横須賀市>	"横須賀市"@ja	<http://dbpedia.org/ontology/PopulatedPlace>	<http://ja.dbpedia.org/property/east>	"East"@ja	<http://ja.wikipedia.org/wiki/横須賀市>	<http://wikidata.dbpedia.org/resource/Q200578>
<http://ja.dbpedia.org/resource/横須賀市>	"横須賀市"@ja	<http://dbpedia.org/ontology/Place>	<http://ja.dbpedia.org/property/east>	"East"@ja	<http://ja.wikipedia.org/wiki/横須賀市>	<http://wikidata.dbpedia.org/resource/Q200578>
<http://ja.dbpedia.org/resource/横須賀市>	"横須賀市"@ja	<http://dbpedia.org/ontology/City>	<http://ja.dbpedia.org/property/east>	"East"@ja	<http://ja.wikipedia.org/wiki/横須賀市>	<http://wikidata.dbpedia.org/resource/Q200578>
<http://ja.dbpedia.org/resource/横須賀市>	"横須賀市"@ja	<http://dbpedia.org/ontology/Location>	<http://ja.dbpedia.org/property/east>	"East"@ja	<http://ja.wikipedia.org/wiki/横須賀市>	<http://wikidata.dbpedia.org/resource/Q200578>
<http://ja.dbpedia.org/resource/横須賀市>	"横須賀市"@ja	<http://dbpedia.org/ontology/Settlement>	<http://ja.dbpedia.org/property/east>	"East"@ja	<http://ja.wikipedia.org/wiki/横須賀市>	<http://wikidata.dbpedia.org/resource/Q200578>
<http://ja.dbpedia.org/resource/葉山町>	"葉山町"@ja	<http://dbpedia.org/ontology/Location>	<http://ja.dbpedia.org/property/south>	"South"@ja	<http://ja.wikipedia.org/wiki/葉山町>	<http://wikidata.dbpedia.org/resource/Q1342807>
<http://ja.dbpedia.org/resource/葉山町>	"葉山町"@ja	<http://dbpedia.org/ontology/City>	<http://ja.dbpedia.org/property/south>	"South"@ja	<http://ja.wikipedia.org/wiki/葉山町>	<http://wikidata.dbpedia.org/resource/Q1342807>
<http://ja.dbpedia.org/resource/葉山町>	"葉山町"@ja	<http://dbpedia.org/ontology/PopulatedPlace>	<http://ja.dbpedia.org/property/south>	"South"@ja	<http://ja.wikipedia.org/wiki/葉山町>	<http://wikidata.dbpedia.org/resource/Q1342807>
<http://ja.dbpedia.org/resource/葉山町>	"葉山町"@ja	<http://dbpedia.org/ontology/Settlement>	<http://ja.dbpedia.org/property/south>	"South"@ja	<http://ja.wikipedia.org/wiki/葉山町>	<http://wikidata.dbpedia.org/resource/Q1342807>
<http://ja.dbpedia.org/resource/葉山町>	"葉山町"@ja	<http://dbpedia.org/ontology/Place>	<http://ja.dbpedia.org/property/south>	"South"@ja	<http://ja.wikipedia.org/wiki/葉山町>	<http://wikidata.dbpedia.org/resource/Q1342807>
<http://ja.dbpedia.org/resource/鎌倉市>	"鎌倉市"@ja	<http://dbpedia.org/ontology/City>	<http://ja.dbpedia.org/property/northwest>	"Northwest"@ja	<http://ja.wikipedia.org/wiki/鎌倉市>	<http://wikidata.dbpedia.org/resource/Q200267>
<http://ja.dbpedia.org/resource/鎌倉市>	"鎌倉市"@ja	<http://dbpedia.org/ontology/Location>	<http://ja.dbpedia.org/property/northwest>	"Northwest"@ja	<http://ja.wikipedia.org/wiki/鎌倉市>	<http://wikidata.dbpedia.org/resource/Q200267>
<http://ja.dbpedia.org/resource/鎌倉市>	"鎌倉市"@ja	<http://dbpedia.org/ontology/PopulatedPlace>	<http://ja.dbpedia.org/property/northwest>	"Northwest"@ja	<http://ja.wikipedia.org/wiki/鎌倉市>	<http://wikidata.dbpedia.org/resource/Q200267>
<http://ja.dbpedia.org/resource/鎌倉市>	"鎌倉市"@ja	<http://dbpedia.org/ontology/Place>	<http://ja.dbpedia.org/property/northwest>	"Northwest"@ja	<http://ja.wikipedia.org/wiki/鎌倉市>	<http://wikidata.dbpedia.org/resource/Q200267>
<http://ja.dbpedia.org/resource/鎌倉市>	"鎌倉市"@ja	<http://dbpedia.org/ontology/Settlement>	<http://ja.dbpedia.org/property/northwest>	"Northwest"@ja	<http://ja.wikipedia.org/wiki/鎌倉市>	<http://wikidata.dbpedia.org/resource/Q200267>
