?s	?sLabel	?type	?p	?pLabel	?jwiki	?wd
<http://ja.dbpedia.org/resource/アカシア>	"アカシア"@ja	<http://dbpedia.org/ontology/Species>	<http://ja.dbpedia.org/property/木>	"木"@ja	<http://ja.wikipedia.org/wiki/アカシア>	<http://wikidata.dbpedia.org/resource/Q81666>
<http://ja.dbpedia.org/resource/シジュウカラ>	"シジュウカラ"@ja	<http://dbpedia.org/ontology/Species>	<http://ja.dbpedia.org/property/鳥など>	"鳥など"@ja	<http://ja.wikipedia.org/wiki/シジュウカラ>	<http://wikidata.dbpedia.org/resource/Q177798>
<http://ja.dbpedia.org/resource/ツツジ>	"ツツジ"@ja	<http://dbpedia.org/ontology/Species>	<http://ja.dbpedia.org/property/花>	"花"@ja	<http://ja.wikipedia.org/wiki/ツツジ>	<http://wikidata.dbpedia.org/resource/Q189393>
<http://ja.dbpedia.org/resource/富士山>	"富士山"@ja	<http://dbpedia.org/ontology/Mountain>	<http://ja.dbpedia.org/property/画像の説明>	"画像の説明"@ja	<http://ja.wikipedia.org/wiki/富士山>	<http://wikidata.dbpedia.org/resource/Q39231>
<http://ja.dbpedia.org/resource/富士山>	"富士山"@ja	<http://dbpedia.org/ontology/Place>	<http://ja.dbpedia.org/property/画像の説明>	"画像の説明"@ja	<http://ja.wikipedia.org/wiki/富士山>	<http://wikidata.dbpedia.org/resource/Q39231>
<http://ja.dbpedia.org/resource/富士山>	"富士山"@ja	<http://dbpedia.org/ontology/NaturalPlace>	<http://ja.dbpedia.org/property/画像の説明>	"画像の説明"@ja	<http://ja.wikipedia.org/wiki/富士山>	<http://wikidata.dbpedia.org/resource/Q39231>
<http://ja.dbpedia.org/resource/富士山>	"富士山"@ja	<http://dbpedia.org/ontology/Location>	<http://ja.dbpedia.org/property/画像の説明>	"画像の説明"@ja	<http://ja.wikipedia.org/wiki/富士山>	<http://wikidata.dbpedia.org/resource/Q39231>
