?s	?sLabel	?type	?p	?pLabel	?jwiki	?wd
<http://ja.dbpedia.org/resource/オオシマザクラ>	"オオシマザクラ"@ja	<http://dbpedia.org/ontology/Species>	<http://ja.dbpedia.org/property/木>	"木"@ja	<http://ja.wikipedia.org/wiki/オオシマザクラ>	<http://wikidata.dbpedia.org/resource/Q2705488>
<http://ja.dbpedia.org/resource/オオシマザクラ>	"オオシマザクラ"@ja	<http://dbpedia.org/ontology/Eukaryote>	<http://ja.dbpedia.org/property/木>	"木"@ja	<http://ja.wikipedia.org/wiki/オオシマザクラ>	<http://wikidata.dbpedia.org/resource/Q2705488>
<http://ja.dbpedia.org/resource/オオシマザクラ>	"オオシマザクラ"@ja	<http://dbpedia.org/ontology/Plant>	<http://ja.dbpedia.org/property/木>	"木"@ja	<http://ja.wikipedia.org/wiki/オオシマザクラ>	<http://wikidata.dbpedia.org/resource/Q2705488>
<http://ja.dbpedia.org/resource/ハマユウ>	"ハマユウ"@ja	<http://dbpedia.org/ontology/Species>	<http://ja.dbpedia.org/property/花>	"花"@ja	<http://ja.wikipedia.org/wiki/ハマユウ>	<http://wikidata.dbpedia.org/resource/Q713472>
