?s	?sLabel	?type	?p	?pLabel	?jwiki	?wd
<http://ja.dbpedia.org/resource/サザンカ>	"サザンカ"@ja	<http://dbpedia.org/ontology/Species>	<http://ja.dbpedia.org/property/木>	"木"@ja	<http://ja.wikipedia.org/wiki/サザンカ>	<http://wikidata.dbpedia.org/resource/Q2590046>
<http://ja.dbpedia.org/resource/リンドウ>	"リンドウ"@ja	<http://dbpedia.org/ontology/Species>	<http://ja.dbpedia.org/property/花>	"花"@ja	<http://ja.wikipedia.org/wiki/リンドウ>	<http://wikidata.dbpedia.org/resource/Q926053>
<http://ja.dbpedia.org/resource/最乗寺>	"最乗寺"@ja	<http://dbpedia.org/ontology/Building>	<http://ja.dbpedia.org/property/画像の説明>	"画像の説明"@ja	<http://ja.wikipedia.org/wiki/最乗寺>	<http://wikidata.dbpedia.org/resource/Q11515473>
<http://ja.dbpedia.org/resource/最乗寺>	"最乗寺"@ja	<http://dbpedia.org/ontology/ArchitecturalStructure>	<http://ja.dbpedia.org/property/画像の説明>	"画像の説明"@ja	<http://ja.wikipedia.org/wiki/最乗寺>	<http://wikidata.dbpedia.org/resource/Q11515473>
<http://ja.dbpedia.org/resource/最乗寺>	"最乗寺"@ja	<http://dbpedia.org/ontology/Temple>	<http://ja.dbpedia.org/property/画像の説明>	"画像の説明"@ja	<http://ja.wikipedia.org/wiki/最乗寺>	<http://wikidata.dbpedia.org/resource/Q11515473>
<http://ja.dbpedia.org/resource/最乗寺>	"最乗寺"@ja	<http://dbpedia.org/ontology/ReligiousBuilding>	<http://ja.dbpedia.org/property/画像の説明>	"画像の説明"@ja	<http://ja.wikipedia.org/wiki/最乗寺>	<http://wikidata.dbpedia.org/resource/Q11515473>
