?s	?sLabel	?type	?p	?pLabel	?jwiki	?wd
<http://ja.dbpedia.org/resource/ヤマザクラ>	"ヤマザクラ"@ja	<http://dbpedia.org/ontology/Eukaryote>	<http://ja.dbpedia.org/property/木>	"木"@ja	<http://ja.wikipedia.org/wiki/ヤマザクラ>	<http://wikidata.dbpedia.org/resource/Q5721717>
<http://ja.dbpedia.org/resource/ヤマザクラ>	"ヤマザクラ"@ja	<http://dbpedia.org/ontology/Species>	<http://ja.dbpedia.org/property/木>	"木"@ja	<http://ja.wikipedia.org/wiki/ヤマザクラ>	<http://wikidata.dbpedia.org/resource/Q5721717>
<http://ja.dbpedia.org/resource/ヤマザクラ>	"ヤマザクラ"@ja	<http://dbpedia.org/ontology/Plant>	<http://ja.dbpedia.org/property/木>	"木"@ja	<http://ja.wikipedia.org/wiki/ヤマザクラ>	<http://wikidata.dbpedia.org/resource/Q5721717>
<http://ja.dbpedia.org/resource/座間市>	"座間市"@ja	<http://dbpedia.org/ontology/Place>	<http://ja.dbpedia.org/property/northwest>	"Northwest"@ja	<http://ja.wikipedia.org/wiki/座間市>	<http://wikidata.dbpedia.org/resource/Q145333>
<http://ja.dbpedia.org/resource/座間市>	"座間市"@ja	<http://dbpedia.org/ontology/PopulatedPlace>	<http://ja.dbpedia.org/property/隣接自治体>	"隣接自治体"@ja	<http://ja.wikipedia.org/wiki/座間市>	<http://wikidata.dbpedia.org/resource/Q145333>
<http://ja.dbpedia.org/resource/座間市>	"座間市"@ja	<http://dbpedia.org/ontology/City>	<http://ja.dbpedia.org/property/northwest>	"Northwest"@ja	<http://ja.wikipedia.org/wiki/座間市>	<http://wikidata.dbpedia.org/resource/Q145333>
<http://ja.dbpedia.org/resource/座間市>	"座間市"@ja	<http://dbpedia.org/ontology/Settlement>	<http://ja.dbpedia.org/property/隣接自治体>	"隣接自治体"@ja	<http://ja.wikipedia.org/wiki/座間市>	<http://wikidata.dbpedia.org/resource/Q145333>
<http://ja.dbpedia.org/resource/座間市>	"座間市"@ja	<http://dbpedia.org/ontology/Location>	<http://ja.dbpedia.org/property/隣接自治体>	"隣接自治体"@ja	<http://ja.wikipedia.org/wiki/座間市>	<http://wikidata.dbpedia.org/resource/Q145333>
<http://ja.dbpedia.org/resource/座間市>	"座間市"@ja	<http://dbpedia.org/ontology/PopulatedPlace>	<http://ja.dbpedia.org/property/northwest>	"Northwest"@ja	<http://ja.wikipedia.org/wiki/座間市>	<http://wikidata.dbpedia.org/resource/Q145333>
<http://ja.dbpedia.org/resource/座間市>	"座間市"@ja	<http://dbpedia.org/ontology/City>	<http://ja.dbpedia.org/property/隣接自治体>	"隣接自治体"@ja	<http://ja.wikipedia.org/wiki/座間市>	<http://wikidata.dbpedia.org/resource/Q145333>
<http://ja.dbpedia.org/resource/座間市>	"座間市"@ja	<http://dbpedia.org/ontology/Settlement>	<http://ja.dbpedia.org/property/northwest>	"Northwest"@ja	<http://ja.wikipedia.org/wiki/座間市>	<http://wikidata.dbpedia.org/resource/Q145333>
<http://ja.dbpedia.org/resource/座間市>	"座間市"@ja	<http://dbpedia.org/ontology/Location>	<http://ja.dbpedia.org/property/northwest>	"Northwest"@ja	<http://ja.wikipedia.org/wiki/座間市>	<http://wikidata.dbpedia.org/resource/Q145333>
<http://ja.dbpedia.org/resource/座間市>	"座間市"@ja	<http://dbpedia.org/ontology/Place>	<http://ja.dbpedia.org/property/隣接自治体>	"隣接自治体"@ja	<http://ja.wikipedia.org/wiki/座間市>	<http://wikidata.dbpedia.org/resource/Q145333>
<http://ja.dbpedia.org/resource/横浜市>	"横浜市"@ja	<http://dbpedia.org/ontology/City>	<http://ja.dbpedia.org/property/east>	"East"@ja	<http://ja.wikipedia.org/wiki/横浜市>	<http://wikidata.dbpedia.org/resource/Q38283>
<http://ja.dbpedia.org/resource/横浜市>	"横浜市"@ja	<http://dbpedia.org/ontology/Settlement>	<http://ja.dbpedia.org/property/隣接自治体>	"隣接自治体"@ja	<http://ja.wikipedia.org/wiki/横浜市>	<http://wikidata.dbpedia.org/resource/Q38283>
<http://ja.dbpedia.org/resource/横浜市>	"横浜市"@ja	<http://dbpedia.org/ontology/PopulatedPlace>	<http://ja.dbpedia.org/property/隣接自治体>	"隣接自治体"@ja	<http://ja.wikipedia.org/wiki/横浜市>	<http://wikidata.dbpedia.org/resource/Q38283>
<http://ja.dbpedia.org/resource/横浜市>	"横浜市"@ja	<http://dbpedia.org/ontology/Place>	<http://ja.dbpedia.org/property/east>	"East"@ja	<http://ja.wikipedia.org/wiki/横浜市>	<http://wikidata.dbpedia.org/resource/Q38283>
<http://ja.dbpedia.org/resource/横浜市>	"横浜市"@ja	<http://dbpedia.org/ontology/Location>	<http://ja.dbpedia.org/property/隣接自治体>	"隣接自治体"@ja	<http://ja.wikipedia.org/wiki/横浜市>	<http://wikidata.dbpedia.org/resource/Q38283>
<http://ja.dbpedia.org/resource/横浜市>	"横浜市"@ja	<http://dbpedia.org/ontology/PopulatedPlace>	<http://ja.dbpedia.org/property/east>	"East"@ja	<http://ja.wikipedia.org/wiki/横浜市>	<http://wikidata.dbpedia.org/resource/Q38283>
<http://ja.dbpedia.org/resource/横浜市>	"横浜市"@ja	<http://dbpedia.org/ontology/City>	<http://ja.dbpedia.org/property/隣接自治体>	"隣接自治体"@ja	<http://ja.wikipedia.org/wiki/横浜市>	<http://wikidata.dbpedia.org/resource/Q38283>
<http://ja.dbpedia.org/resource/横浜市>	"横浜市"@ja	<http://dbpedia.org/ontology/Settlement>	<http://ja.dbpedia.org/property/east>	"East"@ja	<http://ja.wikipedia.org/wiki/横浜市>	<http://wikidata.dbpedia.org/resource/Q38283>
<http://ja.dbpedia.org/resource/横浜市>	"横浜市"@ja	<http://dbpedia.org/ontology/Location>	<http://ja.dbpedia.org/property/east>	"East"@ja	<http://ja.wikipedia.org/wiki/横浜市>	<http://wikidata.dbpedia.org/resource/Q38283>
<http://ja.dbpedia.org/resource/横浜市>	"横浜市"@ja	<http://dbpedia.org/ontology/Place>	<http://ja.dbpedia.org/property/隣接自治体>	"隣接自治体"@ja	<http://ja.wikipedia.org/wiki/横浜市>	<http://wikidata.dbpedia.org/resource/Q38283>
<http://ja.dbpedia.org/resource/海老名市>	"海老名市"@ja	<http://dbpedia.org/ontology/City>	<http://ja.dbpedia.org/property/west>	"West"@ja	<http://ja.wikipedia.org/wiki/海老名市>	<http://wikidata.dbpedia.org/resource/Q734390>
<http://ja.dbpedia.org/resource/海老名市>	"海老名市"@ja	<http://dbpedia.org/ontology/Settlement>	<http://ja.dbpedia.org/property/隣接自治体>	"隣接自治体"@ja	<http://ja.wikipedia.org/wiki/海老名市>	<http://wikidata.dbpedia.org/resource/Q734390>
<http://ja.dbpedia.org/resource/海老名市>	"海老名市"@ja	<http://dbpedia.org/ontology/PopulatedPlace>	<http://ja.dbpedia.org/property/隣接自治体>	"隣接自治体"@ja	<http://ja.wikipedia.org/wiki/海老名市>	<http://wikidata.dbpedia.org/resource/Q734390>
<http://ja.dbpedia.org/resource/海老名市>	"海老名市"@ja	<http://dbpedia.org/ontology/Place>	<http://ja.dbpedia.org/property/west>	"West"@ja	<http://ja.wikipedia.org/wiki/海老名市>	<http://wikidata.dbpedia.org/resource/Q734390>
<http://ja.dbpedia.org/resource/海老名市>	"海老名市"@ja	<http://dbpedia.org/ontology/Location>	<http://ja.dbpedia.org/property/隣接自治体>	"隣接自治体"@ja	<http://ja.wikipedia.org/wiki/海老名市>	<http://wikidata.dbpedia.org/resource/Q734390>
<http://ja.dbpedia.org/resource/海老名市>	"海老名市"@ja	<http://dbpedia.org/ontology/Location>	<http://ja.dbpedia.org/property/west>	"West"@ja	<http://ja.wikipedia.org/wiki/海老名市>	<http://wikidata.dbpedia.org/resource/Q734390>
<http://ja.dbpedia.org/resource/海老名市>	"海老名市"@ja	<http://dbpedia.org/ontology/Place>	<http://ja.dbpedia.org/property/隣接自治体>	"隣接自治体"@ja	<http://ja.wikipedia.org/wiki/海老名市>	<http://wikidata.dbpedia.org/resource/Q734390>
<http://ja.dbpedia.org/resource/海老名市>	"海老名市"@ja	<http://dbpedia.org/ontology/Settlement>	<http://ja.dbpedia.org/property/west>	"West"@ja	<http://ja.wikipedia.org/wiki/海老名市>	<http://wikidata.dbpedia.org/resource/Q734390>
<http://ja.dbpedia.org/resource/海老名市>	"海老名市"@ja	<http://dbpedia.org/ontology/PopulatedPlace>	<http://ja.dbpedia.org/property/west>	"West"@ja	<http://ja.wikipedia.org/wiki/海老名市>	<http://wikidata.dbpedia.org/resource/Q734390>
<http://ja.dbpedia.org/resource/海老名市>	"海老名市"@ja	<http://dbpedia.org/ontology/City>	<http://ja.dbpedia.org/property/隣接自治体>	"隣接自治体"@ja	<http://ja.wikipedia.org/wiki/海老名市>	<http://wikidata.dbpedia.org/resource/Q734390>
<http://ja.dbpedia.org/resource/相模原市>	"相模原市"@ja	<http://dbpedia.org/ontology/Place>	<http://ja.dbpedia.org/property/north>	"North"@ja	<http://ja.wikipedia.org/wiki/相模原市>	<http://wikidata.dbpedia.org/resource/Q209779>
<http://ja.dbpedia.org/resource/相模原市>	"相模原市"@ja	<http://dbpedia.org/ontology/PopulatedPlace>	<http://ja.dbpedia.org/property/隣接自治体>	"隣接自治体"@ja	<http://ja.wikipedia.org/wiki/相模原市>	<http://wikidata.dbpedia.org/resource/Q209779>
<http://ja.dbpedia.org/resource/相模原市>	"相模原市"@ja	<http://dbpedia.org/ontology/Location>	<http://ja.dbpedia.org/property/隣接自治体>	"隣接自治体"@ja	<http://ja.wikipedia.org/wiki/相模原市>	<http://wikidata.dbpedia.org/resource/Q209779>
<http://ja.dbpedia.org/resource/相模原市>	"相模原市"@ja	<http://dbpedia.org/ontology/City>	<http://ja.dbpedia.org/property/north>	"North"@ja	<http://ja.wikipedia.org/wiki/相模原市>	<http://wikidata.dbpedia.org/resource/Q209779>
<http://ja.dbpedia.org/resource/相模原市>	"相模原市"@ja	<http://dbpedia.org/ontology/Settlement>	<http://ja.dbpedia.org/property/隣接自治体>	"隣接自治体"@ja	<http://ja.wikipedia.org/wiki/相模原市>	<http://wikidata.dbpedia.org/resource/Q209779>
<http://ja.dbpedia.org/resource/相模原市>	"相模原市"@ja	<http://dbpedia.org/ontology/Settlement>	<http://ja.dbpedia.org/property/north>	"North"@ja	<http://ja.wikipedia.org/wiki/相模原市>	<http://wikidata.dbpedia.org/resource/Q209779>
<http://ja.dbpedia.org/resource/相模原市>	"相模原市"@ja	<http://dbpedia.org/ontology/City>	<http://ja.dbpedia.org/property/隣接自治体>	"隣接自治体"@ja	<http://ja.wikipedia.org/wiki/相模原市>	<http://wikidata.dbpedia.org/resource/Q209779>
<http://ja.dbpedia.org/resource/相模原市>	"相模原市"@ja	<http://dbpedia.org/ontology/PopulatedPlace>	<http://ja.dbpedia.org/property/north>	"North"@ja	<http://ja.wikipedia.org/wiki/相模原市>	<http://wikidata.dbpedia.org/resource/Q209779>
<http://ja.dbpedia.org/resource/相模原市>	"相模原市"@ja	<http://dbpedia.org/ontology/Place>	<http://ja.dbpedia.org/property/隣接自治体>	"隣接自治体"@ja	<http://ja.wikipedia.org/wiki/相模原市>	<http://wikidata.dbpedia.org/resource/Q209779>
<http://ja.dbpedia.org/resource/相模原市>	"相模原市"@ja	<http://dbpedia.org/ontology/Location>	<http://ja.dbpedia.org/property/north>	"North"@ja	<http://ja.wikipedia.org/wiki/相模原市>	<http://wikidata.dbpedia.org/resource/Q209779>
<http://ja.dbpedia.org/resource/綾瀬市>	"綾瀬市"@ja	<http://dbpedia.org/ontology/City>	<http://ja.dbpedia.org/property/隣接自治体>	"隣接自治体"@ja	<http://ja.wikipedia.org/wiki/綾瀬市>	<http://wikidata.dbpedia.org/resource/Q792819>
<http://ja.dbpedia.org/resource/綾瀬市>	"綾瀬市"@ja	<http://dbpedia.org/ontology/PopulatedPlace>	<http://ja.dbpedia.org/property/southwest>	"Southwest"@ja	<http://ja.wikipedia.org/wiki/綾瀬市>	<http://wikidata.dbpedia.org/resource/Q792819>
<http://ja.dbpedia.org/resource/綾瀬市>	"綾瀬市"@ja	<http://dbpedia.org/ontology/Place>	<http://ja.dbpedia.org/property/隣接自治体>	"隣接自治体"@ja	<http://ja.wikipedia.org/wiki/綾瀬市>	<http://wikidata.dbpedia.org/resource/Q792819>
<http://ja.dbpedia.org/resource/綾瀬市>	"綾瀬市"@ja	<http://dbpedia.org/ontology/Location>	<http://ja.dbpedia.org/property/southwest>	"Southwest"@ja	<http://ja.wikipedia.org/wiki/綾瀬市>	<http://wikidata.dbpedia.org/resource/Q792819>
<http://ja.dbpedia.org/resource/綾瀬市>	"綾瀬市"@ja	<http://dbpedia.org/ontology/Settlement>	<http://ja.dbpedia.org/property/southwest>	"Southwest"@ja	<http://ja.wikipedia.org/wiki/綾瀬市>	<http://wikidata.dbpedia.org/resource/Q792819>
<http://ja.dbpedia.org/resource/綾瀬市>	"綾瀬市"@ja	<http://dbpedia.org/ontology/PopulatedPlace>	<http://ja.dbpedia.org/property/隣接自治体>	"隣接自治体"@ja	<http://ja.wikipedia.org/wiki/綾瀬市>	<http://wikidata.dbpedia.org/resource/Q792819>
<http://ja.dbpedia.org/resource/綾瀬市>	"綾瀬市"@ja	<http://dbpedia.org/ontology/Place>	<http://ja.dbpedia.org/property/southwest>	"Southwest"@ja	<http://ja.wikipedia.org/wiki/綾瀬市>	<http://wikidata.dbpedia.org/resource/Q792819>
<http://ja.dbpedia.org/resource/綾瀬市>	"綾瀬市"@ja	<http://dbpedia.org/ontology/Location>	<http://ja.dbpedia.org/property/隣接自治体>	"隣接自治体"@ja	<http://ja.wikipedia.org/wiki/綾瀬市>	<http://wikidata.dbpedia.org/resource/Q792819>
<http://ja.dbpedia.org/resource/綾瀬市>	"綾瀬市"@ja	<http://dbpedia.org/ontology/Settlement>	<http://ja.dbpedia.org/property/隣接自治体>	"隣接自治体"@ja	<http://ja.wikipedia.org/wiki/綾瀬市>	<http://wikidata.dbpedia.org/resource/Q792819>
<http://ja.dbpedia.org/resource/綾瀬市>	"綾瀬市"@ja	<http://dbpedia.org/ontology/City>	<http://ja.dbpedia.org/property/southwest>	"Southwest"@ja	<http://ja.wikipedia.org/wiki/綾瀬市>	<http://wikidata.dbpedia.org/resource/Q792819>
<http://ja.dbpedia.org/resource/藤沢市>	"藤沢市"@ja	<http://dbpedia.org/ontology/PopulatedPlace>	<http://ja.dbpedia.org/property/south>	"South"@ja	<http://ja.wikipedia.org/wiki/藤沢市>	<http://wikidata.dbpedia.org/resource/Q386661>
<http://ja.dbpedia.org/resource/藤沢市>	"藤沢市"@ja	<http://dbpedia.org/ontology/Place>	<http://ja.dbpedia.org/property/隣接自治体>	"隣接自治体"@ja	<http://ja.wikipedia.org/wiki/藤沢市>	<http://wikidata.dbpedia.org/resource/Q386661>
<http://ja.dbpedia.org/resource/藤沢市>	"藤沢市"@ja	<http://dbpedia.org/ontology/City>	<http://ja.dbpedia.org/property/隣接自治体>	"隣接自治体"@ja	<http://ja.wikipedia.org/wiki/藤沢市>	<http://wikidata.dbpedia.org/resource/Q386661>
<http://ja.dbpedia.org/resource/藤沢市>	"藤沢市"@ja	<http://dbpedia.org/ontology/Settlement>	<http://ja.dbpedia.org/property/south>	"South"@ja	<http://ja.wikipedia.org/wiki/藤沢市>	<http://wikidata.dbpedia.org/resource/Q386661>
<http://ja.dbpedia.org/resource/藤沢市>	"藤沢市"@ja	<http://dbpedia.org/ontology/Location>	<http://ja.dbpedia.org/property/south>	"South"@ja	<http://ja.wikipedia.org/wiki/藤沢市>	<http://wikidata.dbpedia.org/resource/Q386661>
<http://ja.dbpedia.org/resource/藤沢市>	"藤沢市"@ja	<http://dbpedia.org/ontology/Location>	<http://ja.dbpedia.org/property/隣接自治体>	"隣接自治体"@ja	<http://ja.wikipedia.org/wiki/藤沢市>	<http://wikidata.dbpedia.org/resource/Q386661>
<http://ja.dbpedia.org/resource/藤沢市>	"藤沢市"@ja	<http://dbpedia.org/ontology/Place>	<http://ja.dbpedia.org/property/south>	"South"@ja	<http://ja.wikipedia.org/wiki/藤沢市>	<http://wikidata.dbpedia.org/resource/Q386661>
<http://ja.dbpedia.org/resource/藤沢市>	"藤沢市"@ja	<http://dbpedia.org/ontology/Settlement>	<http://ja.dbpedia.org/property/隣接自治体>	"隣接自治体"@ja	<http://ja.wikipedia.org/wiki/藤沢市>	<http://wikidata.dbpedia.org/resource/Q386661>
<http://ja.dbpedia.org/resource/藤沢市>	"藤沢市"@ja	<http://dbpedia.org/ontology/PopulatedPlace>	<http://ja.dbpedia.org/property/隣接自治体>	"隣接自治体"@ja	<http://ja.wikipedia.org/wiki/藤沢市>	<http://wikidata.dbpedia.org/resource/Q386661>
<http://ja.dbpedia.org/resource/藤沢市>	"藤沢市"@ja	<http://dbpedia.org/ontology/City>	<http://ja.dbpedia.org/property/south>	"South"@ja	<http://ja.wikipedia.org/wiki/藤沢市>	<http://wikidata.dbpedia.org/resource/Q386661>
<http://ja.dbpedia.org/resource/野菊>	"野菊"@ja	<http://dbpedia.org/ontology/Species>	<http://ja.dbpedia.org/property/花>	"花"@ja	<http://ja.wikipedia.org/wiki/野菊>	<http://wikidata.dbpedia.org/resource/Q21004>
