?s	?sLabel	?type	?p	?pLabel	?jwiki	?wd
<http://ja.dbpedia.org/resource/カエデ>	"カエデ"@ja	<http://dbpedia.org/ontology/Species>	<http://ja.dbpedia.org/property/木>	"木"@ja	<http://ja.wikipedia.org/wiki/カエデ>	<http://wikidata.dbpedia.org/resource/Q42292>
<http://ja.dbpedia.org/resource/カエデ>	"カエデ"@ja	<http://dbpedia.org/ontology/Eukaryote>	<http://ja.dbpedia.org/property/木>	"木"@ja	<http://ja.wikipedia.org/wiki/カエデ>	<http://wikidata.dbpedia.org/resource/Q42292>
<http://ja.dbpedia.org/resource/カエデ>	"カエデ"@ja	<http://dbpedia.org/ontology/Plant>	<http://ja.dbpedia.org/property/木>	"木"@ja	<http://ja.wikipedia.org/wiki/カエデ>	<http://wikidata.dbpedia.org/resource/Q42292>
<http://ja.dbpedia.org/resource/カワセミ>	"カワセミ"@ja	<http://dbpedia.org/ontology/Species>	<http://ja.dbpedia.org/property/鳥など>	"鳥など"@ja	<http://ja.wikipedia.org/wiki/カワセミ>	<http://wikidata.dbpedia.org/resource/Q79915>
<http://ja.dbpedia.org/resource/バラ>	"バラ"@ja	<http://dbpedia.org/ontology/Species>	<http://ja.dbpedia.org/property/花>	"花"@ja	<http://ja.wikipedia.org/wiki/バラ>	<http://wikidata.dbpedia.org/resource/Q64140922>
<http://ja.dbpedia.org/resource/城山公園_(綾瀬市)>	"城山公園 (綾瀬市)"@ja	<http://dbpedia.org/ontology/Place>	<http://ja.dbpedia.org/property/画像の説明>	"画像の説明"@ja	<http://ja.wikipedia.org/wiki/城山公園_(綾瀬市)>	<http://wikidata.dbpedia.org/resource/Q17216933>
<http://ja.dbpedia.org/resource/城山公園_(綾瀬市)>	"城山公園 (綾瀬市)"@ja	<http://dbpedia.org/ontology/Park>	<http://ja.dbpedia.org/property/画像の説明>	"画像の説明"@ja	<http://ja.wikipedia.org/wiki/城山公園_(綾瀬市)>	<http://wikidata.dbpedia.org/resource/Q17216933>
<http://ja.dbpedia.org/resource/城山公園_(綾瀬市)>	"城山公園 (綾瀬市)"@ja	<http://dbpedia.org/ontology/Location>	<http://ja.dbpedia.org/property/画像の説明>	"画像の説明"@ja	<http://ja.wikipedia.org/wiki/城山公園_(綾瀬市)>	<http://wikidata.dbpedia.org/resource/Q17216933>
<http://ja.dbpedia.org/resource/大和市>	"大和市"@ja	<http://dbpedia.org/ontology/City>	<http://ja.dbpedia.org/property/隣接自治体>	"隣接自治体"@ja	<http://ja.wikipedia.org/wiki/大和市>	<http://wikidata.dbpedia.org/resource/Q386697>
<http://ja.dbpedia.org/resource/大和市>	"大和市"@ja	<http://dbpedia.org/ontology/PopulatedPlace>	<http://ja.dbpedia.org/property/隣接自治体>	"隣接自治体"@ja	<http://ja.wikipedia.org/wiki/大和市>	<http://wikidata.dbpedia.org/resource/Q386697>
<http://ja.dbpedia.org/resource/大和市>	"大和市"@ja	<http://dbpedia.org/ontology/Place>	<http://ja.dbpedia.org/property/隣接自治体>	"隣接自治体"@ja	<http://ja.wikipedia.org/wiki/大和市>	<http://wikidata.dbpedia.org/resource/Q386697>
<http://ja.dbpedia.org/resource/大和市>	"大和市"@ja	<http://dbpedia.org/ontology/Location>	<http://ja.dbpedia.org/property/隣接自治体>	"隣接自治体"@ja	<http://ja.wikipedia.org/wiki/大和市>	<http://wikidata.dbpedia.org/resource/Q386697>
<http://ja.dbpedia.org/resource/大和市>	"大和市"@ja	<http://dbpedia.org/ontology/Settlement>	<http://ja.dbpedia.org/property/隣接自治体>	"隣接自治体"@ja	<http://ja.wikipedia.org/wiki/大和市>	<http://wikidata.dbpedia.org/resource/Q386697>
<http://ja.dbpedia.org/resource/海老名市>	"海老名市"@ja	<http://dbpedia.org/ontology/Location>	<http://ja.dbpedia.org/property/隣接自治体>	"隣接自治体"@ja	<http://ja.wikipedia.org/wiki/海老名市>	<http://wikidata.dbpedia.org/resource/Q734390>
<http://ja.dbpedia.org/resource/海老名市>	"海老名市"@ja	<http://dbpedia.org/ontology/Settlement>	<http://ja.dbpedia.org/property/隣接自治体>	"隣接自治体"@ja	<http://ja.wikipedia.org/wiki/海老名市>	<http://wikidata.dbpedia.org/resource/Q734390>
<http://ja.dbpedia.org/resource/海老名市>	"海老名市"@ja	<http://dbpedia.org/ontology/Place>	<http://ja.dbpedia.org/property/隣接自治体>	"隣接自治体"@ja	<http://ja.wikipedia.org/wiki/海老名市>	<http://wikidata.dbpedia.org/resource/Q734390>
<http://ja.dbpedia.org/resource/海老名市>	"海老名市"@ja	<http://dbpedia.org/ontology/City>	<http://ja.dbpedia.org/property/隣接自治体>	"隣接自治体"@ja	<http://ja.wikipedia.org/wiki/海老名市>	<http://wikidata.dbpedia.org/resource/Q734390>
<http://ja.dbpedia.org/resource/海老名市>	"海老名市"@ja	<http://dbpedia.org/ontology/PopulatedPlace>	<http://ja.dbpedia.org/property/隣接自治体>	"隣接自治体"@ja	<http://ja.wikipedia.org/wiki/海老名市>	<http://wikidata.dbpedia.org/resource/Q734390>
<http://ja.dbpedia.org/resource/藤沢市>	"藤沢市"@ja	<http://dbpedia.org/ontology/Settlement>	<http://ja.dbpedia.org/property/隣接自治体>	"隣接自治体"@ja	<http://ja.wikipedia.org/wiki/藤沢市>	<http://wikidata.dbpedia.org/resource/Q386661>
<http://ja.dbpedia.org/resource/藤沢市>	"藤沢市"@ja	<http://dbpedia.org/ontology/Place>	<http://ja.dbpedia.org/property/隣接自治体>	"隣接自治体"@ja	<http://ja.wikipedia.org/wiki/藤沢市>	<http://wikidata.dbpedia.org/resource/Q386661>
<http://ja.dbpedia.org/resource/藤沢市>	"藤沢市"@ja	<http://dbpedia.org/ontology/City>	<http://ja.dbpedia.org/property/隣接自治体>	"隣接自治体"@ja	<http://ja.wikipedia.org/wiki/藤沢市>	<http://wikidata.dbpedia.org/resource/Q386661>
<http://ja.dbpedia.org/resource/藤沢市>	"藤沢市"@ja	<http://dbpedia.org/ontology/PopulatedPlace>	<http://ja.dbpedia.org/property/隣接自治体>	"隣接自治体"@ja	<http://ja.wikipedia.org/wiki/藤沢市>	<http://wikidata.dbpedia.org/resource/Q386661>
<http://ja.dbpedia.org/resource/藤沢市>	"藤沢市"@ja	<http://dbpedia.org/ontology/Location>	<http://ja.dbpedia.org/property/隣接自治体>	"隣接自治体"@ja	<http://ja.wikipedia.org/wiki/藤沢市>	<http://wikidata.dbpedia.org/resource/Q386661>
