?s	?sLabel	?type	?p	?pLabel	?jwiki	?wd
<http://ja.dbpedia.org/resource/カワラヒワ>	"カワラヒワ"@ja	<http://dbpedia.org/ontology/Species>	<http://ja.dbpedia.org/property/鳥など>	"鳥など"@ja	<http://ja.wikipedia.org/wiki/カワラヒワ>	<http://wikidata.dbpedia.org/resource/Q27075786>
<http://ja.dbpedia.org/resource/サツキ>	"サツキ"@ja	<http://dbpedia.org/ontology/Species>	<http://ja.dbpedia.org/property/花>	"花"@ja	<http://ja.wikipedia.org/wiki/サツキ>	<http://wikidata.dbpedia.org/resource/Q5366359>
<http://ja.dbpedia.org/resource/ツゲ>	"ツゲ"@ja	<http://dbpedia.org/ontology/Species>	<http://ja.dbpedia.org/property/木>	"木"@ja	<http://ja.wikipedia.org/wiki/ツゲ>	<http://wikidata.dbpedia.org/resource/Q162432>
<http://ja.dbpedia.org/resource/厚木市>	"厚木市"@ja	<http://dbpedia.org/ontology/City>	<http://ja.dbpedia.org/property/west>	"West"@ja	<http://ja.wikipedia.org/wiki/厚木市>	<http://wikidata.dbpedia.org/resource/Q389711>
<http://ja.dbpedia.org/resource/厚木市>	"厚木市"@ja	<http://dbpedia.org/ontology/Location>	<http://ja.dbpedia.org/property/west>	"West"@ja	<http://ja.wikipedia.org/wiki/厚木市>	<http://wikidata.dbpedia.org/resource/Q389711>
<http://ja.dbpedia.org/resource/厚木市>	"厚木市"@ja	<http://dbpedia.org/ontology/Settlement>	<http://ja.dbpedia.org/property/west>	"West"@ja	<http://ja.wikipedia.org/wiki/厚木市>	<http://wikidata.dbpedia.org/resource/Q389711>
<http://ja.dbpedia.org/resource/厚木市>	"厚木市"@ja	<http://dbpedia.org/ontology/PopulatedPlace>	<http://ja.dbpedia.org/property/west>	"West"@ja	<http://ja.wikipedia.org/wiki/厚木市>	<http://wikidata.dbpedia.org/resource/Q389711>
<http://ja.dbpedia.org/resource/厚木市>	"厚木市"@ja	<http://dbpedia.org/ontology/Place>	<http://ja.dbpedia.org/property/west>	"West"@ja	<http://ja.wikipedia.org/wiki/厚木市>	<http://wikidata.dbpedia.org/resource/Q389711>
<http://ja.dbpedia.org/resource/大和市>	"大和市"@ja	<http://dbpedia.org/ontology/City>	<http://ja.dbpedia.org/property/northeast>	"Northeast"@ja	<http://ja.wikipedia.org/wiki/大和市>	<http://wikidata.dbpedia.org/resource/Q386697>
<http://ja.dbpedia.org/resource/大和市>	"大和市"@ja	<http://dbpedia.org/ontology/PopulatedPlace>	<http://ja.dbpedia.org/property/northeast>	"Northeast"@ja	<http://ja.wikipedia.org/wiki/大和市>	<http://wikidata.dbpedia.org/resource/Q386697>
<http://ja.dbpedia.org/resource/大和市>	"大和市"@ja	<http://dbpedia.org/ontology/Place>	<http://ja.dbpedia.org/property/northeast>	"Northeast"@ja	<http://ja.wikipedia.org/wiki/大和市>	<http://wikidata.dbpedia.org/resource/Q386697>
<http://ja.dbpedia.org/resource/大和市>	"大和市"@ja	<http://dbpedia.org/ontology/Location>	<http://ja.dbpedia.org/property/northeast>	"Northeast"@ja	<http://ja.wikipedia.org/wiki/大和市>	<http://wikidata.dbpedia.org/resource/Q386697>
<http://ja.dbpedia.org/resource/大和市>	"大和市"@ja	<http://dbpedia.org/ontology/Settlement>	<http://ja.dbpedia.org/property/northeast>	"Northeast"@ja	<http://ja.wikipedia.org/wiki/大和市>	<http://wikidata.dbpedia.org/resource/Q386697>
<http://ja.dbpedia.org/resource/寒川町>	"寒川町"@ja	<http://dbpedia.org/ontology/City>	<http://ja.dbpedia.org/property/south>	"South"@ja	<http://ja.wikipedia.org/wiki/寒川町>	<http://wikidata.dbpedia.org/resource/Q1342787>
<http://ja.dbpedia.org/resource/寒川町>	"寒川町"@ja	<http://dbpedia.org/ontology/PopulatedPlace>	<http://ja.dbpedia.org/property/south>	"South"@ja	<http://ja.wikipedia.org/wiki/寒川町>	<http://wikidata.dbpedia.org/resource/Q1342787>
<http://ja.dbpedia.org/resource/寒川町>	"寒川町"@ja	<http://dbpedia.org/ontology/Location>	<http://ja.dbpedia.org/property/south>	"South"@ja	<http://ja.wikipedia.org/wiki/寒川町>	<http://wikidata.dbpedia.org/resource/Q1342787>
<http://ja.dbpedia.org/resource/寒川町>	"寒川町"@ja	<http://dbpedia.org/ontology/Settlement>	<http://ja.dbpedia.org/property/south>	"South"@ja	<http://ja.wikipedia.org/wiki/寒川町>	<http://wikidata.dbpedia.org/resource/Q1342787>
<http://ja.dbpedia.org/resource/寒川町>	"寒川町"@ja	<http://dbpedia.org/ontology/Place>	<http://ja.dbpedia.org/property/south>	"South"@ja	<http://ja.wikipedia.org/wiki/寒川町>	<http://wikidata.dbpedia.org/resource/Q1342787>
<http://ja.dbpedia.org/resource/座間市>	"座間市"@ja	<http://dbpedia.org/ontology/PopulatedPlace>	<http://ja.dbpedia.org/property/north>	"North"@ja	<http://ja.wikipedia.org/wiki/座間市>	<http://wikidata.dbpedia.org/resource/Q145333>
<http://ja.dbpedia.org/resource/座間市>	"座間市"@ja	<http://dbpedia.org/ontology/Place>	<http://ja.dbpedia.org/property/north>	"North"@ja	<http://ja.wikipedia.org/wiki/座間市>	<http://wikidata.dbpedia.org/resource/Q145333>
<http://ja.dbpedia.org/resource/座間市>	"座間市"@ja	<http://dbpedia.org/ontology/City>	<http://ja.dbpedia.org/property/north>	"North"@ja	<http://ja.wikipedia.org/wiki/座間市>	<http://wikidata.dbpedia.org/resource/Q145333>
<http://ja.dbpedia.org/resource/座間市>	"座間市"@ja	<http://dbpedia.org/ontology/Location>	<http://ja.dbpedia.org/property/north>	"North"@ja	<http://ja.wikipedia.org/wiki/座間市>	<http://wikidata.dbpedia.org/resource/Q145333>
<http://ja.dbpedia.org/resource/座間市>	"座間市"@ja	<http://dbpedia.org/ontology/Settlement>	<http://ja.dbpedia.org/property/north>	"North"@ja	<http://ja.wikipedia.org/wiki/座間市>	<http://wikidata.dbpedia.org/resource/Q145333>
<http://ja.dbpedia.org/resource/相模国分寺>	"相模国分寺"@ja	<http://dbpedia.org/ontology/ReligiousBuilding>	<http://ja.dbpedia.org/property/画像の説明>	"画像の説明"@ja	<http://ja.wikipedia.org/wiki/相模国分寺>	<http://wikidata.dbpedia.org/resource/Q11582140>
<http://ja.dbpedia.org/resource/相模国分寺>	"相模国分寺"@ja	<http://dbpedia.org/ontology/Temple>	<http://ja.dbpedia.org/property/画像の説明>	"画像の説明"@ja	<http://ja.wikipedia.org/wiki/相模国分寺>	<http://wikidata.dbpedia.org/resource/Q11582140>
<http://ja.dbpedia.org/resource/相模国分寺>	"相模国分寺"@ja	<http://dbpedia.org/ontology/ArchitecturalStructure>	<http://ja.dbpedia.org/property/画像の説明>	"画像の説明"@ja	<http://ja.wikipedia.org/wiki/相模国分寺>	<http://wikidata.dbpedia.org/resource/Q11582140>
<http://ja.dbpedia.org/resource/相模国分寺>	"相模国分寺"@ja	<http://dbpedia.org/ontology/Building>	<http://ja.dbpedia.org/property/画像の説明>	"画像の説明"@ja	<http://ja.wikipedia.org/wiki/相模国分寺>	<http://wikidata.dbpedia.org/resource/Q11582140>
<http://ja.dbpedia.org/resource/綾瀬市>	"綾瀬市"@ja	<http://dbpedia.org/ontology/Location>	<http://ja.dbpedia.org/property/east>	"East"@ja	<http://ja.wikipedia.org/wiki/綾瀬市>	<http://wikidata.dbpedia.org/resource/Q792819>
<http://ja.dbpedia.org/resource/綾瀬市>	"綾瀬市"@ja	<http://dbpedia.org/ontology/Settlement>	<http://ja.dbpedia.org/property/east>	"East"@ja	<http://ja.wikipedia.org/wiki/綾瀬市>	<http://wikidata.dbpedia.org/resource/Q792819>
<http://ja.dbpedia.org/resource/綾瀬市>	"綾瀬市"@ja	<http://dbpedia.org/ontology/Place>	<http://ja.dbpedia.org/property/east>	"East"@ja	<http://ja.wikipedia.org/wiki/綾瀬市>	<http://wikidata.dbpedia.org/resource/Q792819>
<http://ja.dbpedia.org/resource/綾瀬市>	"綾瀬市"@ja	<http://dbpedia.org/ontology/City>	<http://ja.dbpedia.org/property/east>	"East"@ja	<http://ja.wikipedia.org/wiki/綾瀬市>	<http://wikidata.dbpedia.org/resource/Q792819>
<http://ja.dbpedia.org/resource/綾瀬市>	"綾瀬市"@ja	<http://dbpedia.org/ontology/PopulatedPlace>	<http://ja.dbpedia.org/property/east>	"East"@ja	<http://ja.wikipedia.org/wiki/綾瀬市>	<http://wikidata.dbpedia.org/resource/Q792819>
<http://ja.dbpedia.org/resource/藤沢市>	"藤沢市"@ja	<http://dbpedia.org/ontology/Settlement>	<http://ja.dbpedia.org/property/southeast>	"Southeast"@ja	<http://ja.wikipedia.org/wiki/藤沢市>	<http://wikidata.dbpedia.org/resource/Q386661>
<http://ja.dbpedia.org/resource/藤沢市>	"藤沢市"@ja	<http://dbpedia.org/ontology/Place>	<http://ja.dbpedia.org/property/southeast>	"Southeast"@ja	<http://ja.wikipedia.org/wiki/藤沢市>	<http://wikidata.dbpedia.org/resource/Q386661>
<http://ja.dbpedia.org/resource/藤沢市>	"藤沢市"@ja	<http://dbpedia.org/ontology/City>	<http://ja.dbpedia.org/property/southeast>	"Southeast"@ja	<http://ja.wikipedia.org/wiki/藤沢市>	<http://wikidata.dbpedia.org/resource/Q386661>
<http://ja.dbpedia.org/resource/藤沢市>	"藤沢市"@ja	<http://dbpedia.org/ontology/PopulatedPlace>	<http://ja.dbpedia.org/property/southeast>	"Southeast"@ja	<http://ja.wikipedia.org/wiki/藤沢市>	<http://wikidata.dbpedia.org/resource/Q386661>
<http://ja.dbpedia.org/resource/藤沢市>	"藤沢市"@ja	<http://dbpedia.org/ontology/Location>	<http://ja.dbpedia.org/property/southeast>	"Southeast"@ja	<http://ja.wikipedia.org/wiki/藤沢市>	<http://wikidata.dbpedia.org/resource/Q386661>
