?s	?sLabel	?type	?p	?pLabel	?jwiki	?wd
<http://ja.dbpedia.org/resource/ツツジ>	"ツツジ"@ja	<http://dbpedia.org/ontology/Species>	<http://ja.dbpedia.org/property/花>	"花"@ja	<http://ja.wikipedia.org/wiki/ツツジ>	<http://wikidata.dbpedia.org/resource/Q189393>
<http://ja.dbpedia.org/resource/ナナカマド>	"ナナカマド"@ja	<http://dbpedia.org/ontology/Species>	<http://ja.dbpedia.org/property/木>	"木"@ja	<http://ja.wikipedia.org/wiki/ナナカマド>	<http://wikidata.dbpedia.org/resource/Q1210209>
<http://ja.dbpedia.org/resource/ワスレグサ属>	"ワスレグサ属"@ja	<http://dbpedia.org/ontology/Species>	<http://ja.dbpedia.org/property/花>	"花"@ja	<http://ja.wikipedia.org/wiki/ワスレグサ属>	<http://wikidata.dbpedia.org/resource/Q156275>
<http://ja.dbpedia.org/resource/道の駅ハウスヤルビ奈井江>	"道の駅ハウスヤルビ奈井江"@ja	<http://dbpedia.org/ontology/Infrastructure>	<http://ja.dbpedia.org/property/画像の説明>	"画像の説明"@ja	<http://ja.wikipedia.org/wiki/道の駅ハウスヤルビ奈井江>	<http://wikidata.dbpedia.org/resource/Q11641049>
<http://ja.dbpedia.org/resource/道の駅ハウスヤルビ奈井江>	"道の駅ハウスヤルビ奈井江"@ja	<http://dbpedia.org/ontology/Station>	<http://ja.dbpedia.org/property/画像の説明>	"画像の説明"@ja	<http://ja.wikipedia.org/wiki/道の駅ハウスヤルビ奈井江>	<http://wikidata.dbpedia.org/resource/Q11641049>
<http://ja.dbpedia.org/resource/道の駅ハウスヤルビ奈井江>	"道の駅ハウスヤルビ奈井江"@ja	<http://dbpedia.org/ontology/ArchitecturalStructure>	<http://ja.dbpedia.org/property/画像の説明>	"画像の説明"@ja	<http://ja.wikipedia.org/wiki/道の駅ハウスヤルビ奈井江>	<http://wikidata.dbpedia.org/resource/Q11641049>
