?s	?sLabel	?type	?p	?pLabel	?jwiki	?wd
<http://ja.dbpedia.org/resource/シバザクラ>	"シバザクラ"@ja	<http://dbpedia.org/ontology/Plant>	<http://ja.dbpedia.org/property/花>	"花"@ja	<http://ja.wikipedia.org/wiki/シバザクラ>	<http://wikidata.dbpedia.org/resource/Q1045366>
<http://ja.dbpedia.org/resource/シバザクラ>	"シバザクラ"@ja	<http://dbpedia.org/ontology/Eukaryote>	<http://ja.dbpedia.org/property/花>	"花"@ja	<http://ja.wikipedia.org/wiki/シバザクラ>	<http://wikidata.dbpedia.org/resource/Q1045366>
<http://ja.dbpedia.org/resource/シバザクラ>	"シバザクラ"@ja	<http://dbpedia.org/ontology/Species>	<http://ja.dbpedia.org/property/花>	"花"@ja	<http://ja.wikipedia.org/wiki/シバザクラ>	<http://wikidata.dbpedia.org/resource/Q1045366>
<http://ja.dbpedia.org/resource/シバザクラ>	"シバザクラ"@ja	<http://dbpedia.org/ontology/FloweringPlant>	<http://ja.dbpedia.org/property/花>	"花"@ja	<http://ja.wikipedia.org/wiki/シバザクラ>	<http://wikidata.dbpedia.org/resource/Q1045366>
<http://ja.dbpedia.org/resource/ハルニレ>	"ハルニレ"@ja	<http://dbpedia.org/ontology/Plant>	<http://ja.dbpedia.org/property/木>	"木"@ja	<http://ja.wikipedia.org/wiki/ハルニレ>	<http://wikidata.dbpedia.org/resource/Q844010>
<http://ja.dbpedia.org/resource/ハルニレ>	"ハルニレ"@ja	<http://dbpedia.org/ontology/Eukaryote>	<http://ja.dbpedia.org/property/木>	"木"@ja	<http://ja.wikipedia.org/wiki/ハルニレ>	<http://wikidata.dbpedia.org/resource/Q844010>
<http://ja.dbpedia.org/resource/ハルニレ>	"ハルニレ"@ja	<http://dbpedia.org/ontology/Species>	<http://ja.dbpedia.org/property/木>	"木"@ja	<http://ja.wikipedia.org/wiki/ハルニレ>	<http://wikidata.dbpedia.org/resource/Q844010>
<http://ja.dbpedia.org/resource/ハルニレ>	"ハルニレ"@ja	<http://dbpedia.org/ontology/FloweringPlant>	<http://ja.dbpedia.org/property/木>	"木"@ja	<http://ja.wikipedia.org/wiki/ハルニレ>	<http://wikidata.dbpedia.org/resource/Q844010>
