?s	?sLabel	?type	?p	?pLabel	?jwiki	?wd
<http://ja.dbpedia.org/resource/ウグイス>	"ウグイス"@ja	<http://dbpedia.org/ontology/Species>	<http://ja.dbpedia.org/property/鳥など>	"鳥など"@ja	<http://ja.wikipedia.org/wiki/ウグイス>	<http://wikidata.dbpedia.org/resource/Q27075456>
<http://ja.dbpedia.org/resource/クロマツ>	"クロマツ"@ja	<http://dbpedia.org/ontology/Species>	<http://ja.dbpedia.org/property/木>	"木"@ja	<http://ja.wikipedia.org/wiki/クロマツ>	<http://wikidata.dbpedia.org/resource/Q854884>
<http://ja.dbpedia.org/resource/ツツジ>	"ツツジ"@ja	<http://dbpedia.org/ontology/Species>	<http://ja.dbpedia.org/property/花>	"花"@ja	<http://ja.wikipedia.org/wiki/ツツジ>	<http://wikidata.dbpedia.org/resource/Q189393>
<http://ja.dbpedia.org/resource/横須賀市>	"横須賀市"@ja	<http://dbpedia.org/ontology/City>	<http://ja.dbpedia.org/property/隣接自治体>	"隣接自治体"@ja	<http://ja.wikipedia.org/wiki/横須賀市>	<http://wikidata.dbpedia.org/resource/Q200578>
<http://ja.dbpedia.org/resource/横須賀市>	"横須賀市"@ja	<http://dbpedia.org/ontology/Location>	<http://ja.dbpedia.org/property/隣接自治体>	"隣接自治体"@ja	<http://ja.wikipedia.org/wiki/横須賀市>	<http://wikidata.dbpedia.org/resource/Q200578>
<http://ja.dbpedia.org/resource/横須賀市>	"横須賀市"@ja	<http://dbpedia.org/ontology/Settlement>	<http://ja.dbpedia.org/property/隣接自治体>	"隣接自治体"@ja	<http://ja.wikipedia.org/wiki/横須賀市>	<http://wikidata.dbpedia.org/resource/Q200578>
<http://ja.dbpedia.org/resource/横須賀市>	"横須賀市"@ja	<http://dbpedia.org/ontology/PopulatedPlace>	<http://ja.dbpedia.org/property/隣接自治体>	"隣接自治体"@ja	<http://ja.wikipedia.org/wiki/横須賀市>	<http://wikidata.dbpedia.org/resource/Q200578>
<http://ja.dbpedia.org/resource/横須賀市>	"横須賀市"@ja	<http://dbpedia.org/ontology/Place>	<http://ja.dbpedia.org/property/隣接自治体>	"隣接自治体"@ja	<http://ja.wikipedia.org/wiki/横須賀市>	<http://wikidata.dbpedia.org/resource/Q200578>
<http://ja.dbpedia.org/resource/逗子市>	"逗子市"@ja	<http://dbpedia.org/ontology/City>	<http://ja.dbpedia.org/property/隣接自治体>	"隣接自治体"@ja	<http://ja.wikipedia.org/wiki/逗子市>	<http://wikidata.dbpedia.org/resource/Q230843>
<http://ja.dbpedia.org/resource/逗子市>	"逗子市"@ja	<http://dbpedia.org/ontology/Location>	<http://ja.dbpedia.org/property/隣接自治体>	"隣接自治体"@ja	<http://ja.wikipedia.org/wiki/逗子市>	<http://wikidata.dbpedia.org/resource/Q230843>
<http://ja.dbpedia.org/resource/逗子市>	"逗子市"@ja	<http://dbpedia.org/ontology/PopulatedPlace>	<http://ja.dbpedia.org/property/隣接自治体>	"隣接自治体"@ja	<http://ja.wikipedia.org/wiki/逗子市>	<http://wikidata.dbpedia.org/resource/Q230843>
<http://ja.dbpedia.org/resource/逗子市>	"逗子市"@ja	<http://dbpedia.org/ontology/Place>	<http://ja.dbpedia.org/property/隣接自治体>	"隣接自治体"@ja	<http://ja.wikipedia.org/wiki/逗子市>	<http://wikidata.dbpedia.org/resource/Q230843>
<http://ja.dbpedia.org/resource/逗子市>	"逗子市"@ja	<http://dbpedia.org/ontology/Settlement>	<http://ja.dbpedia.org/property/隣接自治体>	"隣接自治体"@ja	<http://ja.wikipedia.org/wiki/逗子市>	<http://wikidata.dbpedia.org/resource/Q230843>
