?s	?sLabel	?type	?p	?pLabel	?jwiki	?wd
<http://ja.dbpedia.org/resource/スイセン属>	"スイセン属"@ja	<http://dbpedia.org/ontology/Species>	<http://ja.dbpedia.org/property/花>	"花"@ja	<http://ja.wikipedia.org/wiki/スイセン属>	<http://wikidata.dbpedia.org/resource/Q29465>
<http://ja.dbpedia.org/resource/ダイサギ>	"ダイサギ"@ja	<http://dbpedia.org/ontology/Species>	<http://ja.dbpedia.org/property/鳥など>	"鳥など"@ja	<http://ja.wikipedia.org/wiki/ダイサギ>	<http://wikidata.dbpedia.org/resource/Q130730>
<http://ja.dbpedia.org/resource/モクセイ>	"モクセイ"@ja	<http://dbpedia.org/ontology/Species>	<http://ja.dbpedia.org/property/木>	"木"@ja	<http://ja.wikipedia.org/wiki/モクセイ>	<http://wikidata.dbpedia.org/resource/Q1209922>
<http://ja.dbpedia.org/resource/厚木市>	"厚木市"@ja	<http://dbpedia.org/ontology/City>	<http://ja.dbpedia.org/property/隣接自治体>	"隣接自治体"@ja	<http://ja.wikipedia.org/wiki/厚木市>	<http://wikidata.dbpedia.org/resource/Q389711>
<http://ja.dbpedia.org/resource/厚木市>	"厚木市"@ja	<http://dbpedia.org/ontology/Location>	<http://ja.dbpedia.org/property/隣接自治体>	"隣接自治体"@ja	<http://ja.wikipedia.org/wiki/厚木市>	<http://wikidata.dbpedia.org/resource/Q389711>
<http://ja.dbpedia.org/resource/厚木市>	"厚木市"@ja	<http://dbpedia.org/ontology/Settlement>	<http://ja.dbpedia.org/property/隣接自治体>	"隣接自治体"@ja	<http://ja.wikipedia.org/wiki/厚木市>	<http://wikidata.dbpedia.org/resource/Q389711>
<http://ja.dbpedia.org/resource/厚木市>	"厚木市"@ja	<http://dbpedia.org/ontology/PopulatedPlace>	<http://ja.dbpedia.org/property/隣接自治体>	"隣接自治体"@ja	<http://ja.wikipedia.org/wiki/厚木市>	<http://wikidata.dbpedia.org/resource/Q389711>
<http://ja.dbpedia.org/resource/厚木市>	"厚木市"@ja	<http://dbpedia.org/ontology/Place>	<http://ja.dbpedia.org/property/隣接自治体>	"隣接自治体"@ja	<http://ja.wikipedia.org/wiki/厚木市>	<http://wikidata.dbpedia.org/resource/Q389711>
<http://ja.dbpedia.org/resource/寒川神社>	"寒川神社"@ja	<http://dbpedia.org/ontology/ReligiousBuilding>	<http://ja.dbpedia.org/property/画像の説明>	"画像の説明"@ja	<http://ja.wikipedia.org/wiki/寒川神社>	<http://wikidata.dbpedia.org/resource/Q48744>
<http://ja.dbpedia.org/resource/寒川神社>	"寒川神社"@ja	<http://dbpedia.org/ontology/Shrine>	<http://ja.dbpedia.org/property/画像の説明>	"画像の説明"@ja	<http://ja.wikipedia.org/wiki/寒川神社>	<http://wikidata.dbpedia.org/resource/Q48744>
<http://ja.dbpedia.org/resource/寒川神社>	"寒川神社"@ja	<http://dbpedia.org/ontology/ArchitecturalStructure>	<http://ja.dbpedia.org/property/画像の説明>	"画像の説明"@ja	<http://ja.wikipedia.org/wiki/寒川神社>	<http://wikidata.dbpedia.org/resource/Q48744>
<http://ja.dbpedia.org/resource/寒川神社>	"寒川神社"@ja	<http://dbpedia.org/ontology/Building>	<http://ja.dbpedia.org/property/画像の説明>	"画像の説明"@ja	<http://ja.wikipedia.org/wiki/寒川神社>	<http://wikidata.dbpedia.org/resource/Q48744>
<http://ja.dbpedia.org/resource/平塚市>	"平塚市"@ja	<http://dbpedia.org/ontology/City>	<http://ja.dbpedia.org/property/隣接自治体>	"隣接自治体"@ja	<http://ja.wikipedia.org/wiki/平塚市>	<http://wikidata.dbpedia.org/resource/Q502199>
<http://ja.dbpedia.org/resource/平塚市>	"平塚市"@ja	<http://dbpedia.org/ontology/PopulatedPlace>	<http://ja.dbpedia.org/property/隣接自治体>	"隣接自治体"@ja	<http://ja.wikipedia.org/wiki/平塚市>	<http://wikidata.dbpedia.org/resource/Q502199>
<http://ja.dbpedia.org/resource/平塚市>	"平塚市"@ja	<http://dbpedia.org/ontology/Place>	<http://ja.dbpedia.org/property/隣接自治体>	"隣接自治体"@ja	<http://ja.wikipedia.org/wiki/平塚市>	<http://wikidata.dbpedia.org/resource/Q502199>
<http://ja.dbpedia.org/resource/平塚市>	"平塚市"@ja	<http://dbpedia.org/ontology/Location>	<http://ja.dbpedia.org/property/隣接自治体>	"隣接自治体"@ja	<http://ja.wikipedia.org/wiki/平塚市>	<http://wikidata.dbpedia.org/resource/Q502199>
<http://ja.dbpedia.org/resource/平塚市>	"平塚市"@ja	<http://dbpedia.org/ontology/Settlement>	<http://ja.dbpedia.org/property/隣接自治体>	"隣接自治体"@ja	<http://ja.wikipedia.org/wiki/平塚市>	<http://wikidata.dbpedia.org/resource/Q502199>
<http://ja.dbpedia.org/resource/海老名市>	"海老名市"@ja	<http://dbpedia.org/ontology/City>	<http://ja.dbpedia.org/property/隣接自治体>	"隣接自治体"@ja	<http://ja.wikipedia.org/wiki/海老名市>	<http://wikidata.dbpedia.org/resource/Q734390>
<http://ja.dbpedia.org/resource/海老名市>	"海老名市"@ja	<http://dbpedia.org/ontology/PopulatedPlace>	<http://ja.dbpedia.org/property/隣接自治体>	"隣接自治体"@ja	<http://ja.wikipedia.org/wiki/海老名市>	<http://wikidata.dbpedia.org/resource/Q734390>
<http://ja.dbpedia.org/resource/海老名市>	"海老名市"@ja	<http://dbpedia.org/ontology/Location>	<http://ja.dbpedia.org/property/隣接自治体>	"隣接自治体"@ja	<http://ja.wikipedia.org/wiki/海老名市>	<http://wikidata.dbpedia.org/resource/Q734390>
<http://ja.dbpedia.org/resource/海老名市>	"海老名市"@ja	<http://dbpedia.org/ontology/Settlement>	<http://ja.dbpedia.org/property/隣接自治体>	"隣接自治体"@ja	<http://ja.wikipedia.org/wiki/海老名市>	<http://wikidata.dbpedia.org/resource/Q734390>
<http://ja.dbpedia.org/resource/海老名市>	"海老名市"@ja	<http://dbpedia.org/ontology/Place>	<http://ja.dbpedia.org/property/隣接自治体>	"隣接自治体"@ja	<http://ja.wikipedia.org/wiki/海老名市>	<http://wikidata.dbpedia.org/resource/Q734390>
<http://ja.dbpedia.org/resource/茅ヶ崎市>	"茅ヶ崎市"@ja	<http://dbpedia.org/ontology/Settlement>	<http://ja.dbpedia.org/property/隣接自治体>	"隣接自治体"@ja	<http://ja.wikipedia.org/wiki/茅ヶ崎市>	<http://wikidata.dbpedia.org/resource/Q633911>
<http://ja.dbpedia.org/resource/茅ヶ崎市>	"茅ヶ崎市"@ja	<http://dbpedia.org/ontology/PopulatedPlace>	<http://ja.dbpedia.org/property/隣接自治体>	"隣接自治体"@ja	<http://ja.wikipedia.org/wiki/茅ヶ崎市>	<http://wikidata.dbpedia.org/resource/Q633911>
<http://ja.dbpedia.org/resource/茅ヶ崎市>	"茅ヶ崎市"@ja	<http://dbpedia.org/ontology/Place>	<http://ja.dbpedia.org/property/隣接自治体>	"隣接自治体"@ja	<http://ja.wikipedia.org/wiki/茅ヶ崎市>	<http://wikidata.dbpedia.org/resource/Q633911>
<http://ja.dbpedia.org/resource/茅ヶ崎市>	"茅ヶ崎市"@ja	<http://dbpedia.org/ontology/City>	<http://ja.dbpedia.org/property/隣接自治体>	"隣接自治体"@ja	<http://ja.wikipedia.org/wiki/茅ヶ崎市>	<http://wikidata.dbpedia.org/resource/Q633911>
<http://ja.dbpedia.org/resource/茅ヶ崎市>	"茅ヶ崎市"@ja	<http://dbpedia.org/ontology/Location>	<http://ja.dbpedia.org/property/隣接自治体>	"隣接自治体"@ja	<http://ja.wikipedia.org/wiki/茅ヶ崎市>	<http://wikidata.dbpedia.org/resource/Q633911>
<http://ja.dbpedia.org/resource/藤沢市>	"藤沢市"@ja	<http://dbpedia.org/ontology/Settlement>	<http://ja.dbpedia.org/property/隣接自治体>	"隣接自治体"@ja	<http://ja.wikipedia.org/wiki/藤沢市>	<http://wikidata.dbpedia.org/resource/Q386661>
<http://ja.dbpedia.org/resource/藤沢市>	"藤沢市"@ja	<http://dbpedia.org/ontology/Place>	<http://ja.dbpedia.org/property/隣接自治体>	"隣接自治体"@ja	<http://ja.wikipedia.org/wiki/藤沢市>	<http://wikidata.dbpedia.org/resource/Q386661>
<http://ja.dbpedia.org/resource/藤沢市>	"藤沢市"@ja	<http://dbpedia.org/ontology/City>	<http://ja.dbpedia.org/property/隣接自治体>	"隣接自治体"@ja	<http://ja.wikipedia.org/wiki/藤沢市>	<http://wikidata.dbpedia.org/resource/Q386661>
<http://ja.dbpedia.org/resource/藤沢市>	"藤沢市"@ja	<http://dbpedia.org/ontology/PopulatedPlace>	<http://ja.dbpedia.org/property/隣接自治体>	"隣接自治体"@ja	<http://ja.wikipedia.org/wiki/藤沢市>	<http://wikidata.dbpedia.org/resource/Q386661>
<http://ja.dbpedia.org/resource/藤沢市>	"藤沢市"@ja	<http://dbpedia.org/ontology/Location>	<http://ja.dbpedia.org/property/隣接自治体>	"隣接自治体"@ja	<http://ja.wikipedia.org/wiki/藤沢市>	<http://wikidata.dbpedia.org/resource/Q386661>
