?s	?sLabel	?type	?p	?pLabel	?jwiki	?wd
<http://ja.dbpedia.org/resource/カンナ_(植物)>	"カンナ (植物)"@ja	<http://dbpedia.org/ontology/Plant>	<http://ja.dbpedia.org/property/花>	"花"@ja	<http://ja.wikipedia.org/wiki/カンナ_(植物)>	<http://wikidata.dbpedia.org/resource/Q161182>
<http://ja.dbpedia.org/resource/カンナ_(植物)>	"カンナ (植物)"@ja	<http://dbpedia.org/ontology/Eukaryote>	<http://ja.dbpedia.org/property/花>	"花"@ja	<http://ja.wikipedia.org/wiki/カンナ_(植物)>	<http://wikidata.dbpedia.org/resource/Q161182>
<http://ja.dbpedia.org/resource/カンナ_(植物)>	"カンナ (植物)"@ja	<http://dbpedia.org/ontology/Species>	<http://ja.dbpedia.org/property/花>	"花"@ja	<http://ja.wikipedia.org/wiki/カンナ_(植物)>	<http://wikidata.dbpedia.org/resource/Q161182>
<http://ja.dbpedia.org/resource/カンナ_(植物)>	"カンナ (植物)"@ja	<http://dbpedia.org/ontology/FloweringPlant>	<http://ja.dbpedia.org/property/花>	"花"@ja	<http://ja.wikipedia.org/wiki/カンナ_(植物)>	<http://wikidata.dbpedia.org/resource/Q161182>
<http://ja.dbpedia.org/resource/ツバキ>	"ツバキ"@ja	<http://dbpedia.org/ontology/Species>	<http://ja.dbpedia.org/property/木>	"木"@ja	<http://ja.wikipedia.org/wiki/ツバキ>	<http://wikidata.dbpedia.org/resource/Q160121>
