?s	?sLabel	?type	?p	?pLabel	?jwiki	?wd
<http://ja.dbpedia.org/resource/サクラ>	"サクラ"@ja	<http://dbpedia.org/ontology/Species>	<http://ja.dbpedia.org/property/木>	"木"@ja	<http://ja.wikipedia.org/wiki/サクラ>	<http://wikidata.dbpedia.org/resource/Q871991>
<http://ja.dbpedia.org/resource/ツツジ>	"ツツジ"@ja	<http://dbpedia.org/ontology/Species>	<http://ja.dbpedia.org/property/鳥など>	"鳥など"@ja	<http://ja.wikipedia.org/wiki/ツツジ>	<http://wikidata.dbpedia.org/resource/Q189393>
<http://ja.dbpedia.org/resource/バラ>	"バラ"@ja	<http://dbpedia.org/ontology/Species>	<http://ja.dbpedia.org/property/花>	"花"@ja	<http://ja.wikipedia.org/wiki/バラ>	<http://wikidata.dbpedia.org/resource/Q64140922>
<http://ja.dbpedia.org/resource/深川市>	"深川市"@ja	<http://dbpedia.org/ontology/Place>	<http://ja.dbpedia.org/property/隣接自治体>	"隣接自治体"@ja	<http://ja.wikipedia.org/wiki/深川市>	<http://wikidata.dbpedia.org/resource/Q817268>
<http://ja.dbpedia.org/resource/深川市>	"深川市"@ja	<http://dbpedia.org/ontology/Location>	<http://ja.dbpedia.org/property/隣接自治体>	"隣接自治体"@ja	<http://ja.wikipedia.org/wiki/深川市>	<http://wikidata.dbpedia.org/resource/Q817268>
<http://ja.dbpedia.org/resource/深川市>	"深川市"@ja	<http://dbpedia.org/ontology/Settlement>	<http://ja.dbpedia.org/property/隣接自治体>	"隣接自治体"@ja	<http://ja.wikipedia.org/wiki/深川市>	<http://wikidata.dbpedia.org/resource/Q817268>
<http://ja.dbpedia.org/resource/深川市>	"深川市"@ja	<http://dbpedia.org/ontology/City>	<http://ja.dbpedia.org/property/隣接自治体>	"隣接自治体"@ja	<http://ja.wikipedia.org/wiki/深川市>	<http://wikidata.dbpedia.org/resource/Q817268>
<http://ja.dbpedia.org/resource/深川市>	"深川市"@ja	<http://dbpedia.org/ontology/PopulatedPlace>	<http://ja.dbpedia.org/property/隣接自治体>	"隣接自治体"@ja	<http://ja.wikipedia.org/wiki/深川市>	<http://wikidata.dbpedia.org/resource/Q817268>
<http://ja.dbpedia.org/resource/秩父別温泉>	"秩父別温泉"@ja	<http://dbpedia.org/ontology/HotSpring>	<http://ja.dbpedia.org/property/画像の説明>	"画像の説明"@ja	<http://ja.wikipedia.org/wiki/秩父別温泉>	<http://wikidata.dbpedia.org/resource/Q11596114>
<http://ja.dbpedia.org/resource/秩父別温泉>	"秩父別温泉"@ja	<http://dbpedia.org/ontology/Location>	<http://ja.dbpedia.org/property/画像の説明>	"画像の説明"@ja	<http://ja.wikipedia.org/wiki/秩父別温泉>	<http://wikidata.dbpedia.org/resource/Q11596114>
<http://ja.dbpedia.org/resource/秩父別温泉>	"秩父別温泉"@ja	<http://dbpedia.org/ontology/Place>	<http://ja.dbpedia.org/property/画像の説明>	"画像の説明"@ja	<http://ja.wikipedia.org/wiki/秩父別温泉>	<http://wikidata.dbpedia.org/resource/Q11596114>
<http://ja.dbpedia.org/resource/秩父別温泉>	"秩父別温泉"@ja	<http://dbpedia.org/ontology/NaturalPlace>	<http://ja.dbpedia.org/property/画像の説明>	"画像の説明"@ja	<http://ja.wikipedia.org/wiki/秩父別温泉>	<http://wikidata.dbpedia.org/resource/Q11596114>
<http://ja.dbpedia.org/resource/道の駅鐘のなるまち・ちっぷべつ>	"道の駅鐘のなるまち・ちっぷべつ"@ja	<http://dbpedia.org/ontology/ArchitecturalStructure>	<http://ja.dbpedia.org/property/画像の説明>	"画像の説明"@ja	<http://ja.wikipedia.org/wiki/道の駅鐘のなるまち・ちっぷべつ>	<http://wikidata.dbpedia.org/resource/Q11641535>
<http://ja.dbpedia.org/resource/道の駅鐘のなるまち・ちっぷべつ>	"道の駅鐘のなるまち・ちっぷべつ"@ja	<http://dbpedia.org/ontology/Infrastructure>	<http://ja.dbpedia.org/property/画像の説明>	"画像の説明"@ja	<http://ja.wikipedia.org/wiki/道の駅鐘のなるまち・ちっぷべつ>	<http://wikidata.dbpedia.org/resource/Q11641535>
<http://ja.dbpedia.org/resource/道の駅鐘のなるまち・ちっぷべつ>	"道の駅鐘のなるまち・ちっぷべつ"@ja	<http://dbpedia.org/ontology/Station>	<http://ja.dbpedia.org/property/画像の説明>	"画像の説明"@ja	<http://ja.wikipedia.org/wiki/道の駅鐘のなるまち・ちっぷべつ>	<http://wikidata.dbpedia.org/resource/Q11641535>
