?s	?sLabel	?type	?p	?pLabel	?jwiki	?wd
<http://ja.dbpedia.org/resource/クロマツ>	"クロマツ"@ja	<http://dbpedia.org/ontology/Species>	<http://ja.dbpedia.org/property/木>	"木"@ja	<http://ja.wikipedia.org/wiki/クロマツ>	<http://wikidata.dbpedia.org/resource/Q854884>
<http://ja.dbpedia.org/resource/サザンカ>	"サザンカ"@ja	<http://dbpedia.org/ontology/Species>	<http://ja.dbpedia.org/property/木>	"木"@ja	<http://ja.wikipedia.org/wiki/サザンカ>	<http://wikidata.dbpedia.org/resource/Q2590046>
<http://ja.dbpedia.org/resource/ハマヒルガオ>	"ハマヒルガオ"@ja	<http://dbpedia.org/ontology/Species>	<http://ja.dbpedia.org/property/花>	"花"@ja	<http://ja.wikipedia.org/wiki/ハマヒルガオ>	<http://wikidata.dbpedia.org/resource/Q159012>
<http://ja.dbpedia.org/resource/二宮町>	"二宮町"@ja	<http://dbpedia.org/ontology/City>	<http://ja.dbpedia.org/property/隣接自治体>	"隣接自治体"@ja	<http://ja.wikipedia.org/wiki/二宮町>	<http://wikidata.dbpedia.org/resource/Q1354853>
<http://ja.dbpedia.org/resource/二宮町>	"二宮町"@ja	<http://dbpedia.org/ontology/Location>	<http://ja.dbpedia.org/property/隣接自治体>	"隣接自治体"@ja	<http://ja.wikipedia.org/wiki/二宮町>	<http://wikidata.dbpedia.org/resource/Q1354853>
<http://ja.dbpedia.org/resource/二宮町>	"二宮町"@ja	<http://dbpedia.org/ontology/Settlement>	<http://ja.dbpedia.org/property/隣接自治体>	"隣接自治体"@ja	<http://ja.wikipedia.org/wiki/二宮町>	<http://wikidata.dbpedia.org/resource/Q1354853>
<http://ja.dbpedia.org/resource/二宮町>	"二宮町"@ja	<http://dbpedia.org/ontology/PopulatedPlace>	<http://ja.dbpedia.org/property/隣接自治体>	"隣接自治体"@ja	<http://ja.wikipedia.org/wiki/二宮町>	<http://wikidata.dbpedia.org/resource/Q1354853>
<http://ja.dbpedia.org/resource/二宮町>	"二宮町"@ja	<http://dbpedia.org/ontology/Place>	<http://ja.dbpedia.org/property/隣接自治体>	"隣接自治体"@ja	<http://ja.wikipedia.org/wiki/二宮町>	<http://wikidata.dbpedia.org/resource/Q1354853>
<http://ja.dbpedia.org/resource/平塚市>	"平塚市"@ja	<http://dbpedia.org/ontology/City>	<http://ja.dbpedia.org/property/隣接自治体>	"隣接自治体"@ja	<http://ja.wikipedia.org/wiki/平塚市>	<http://wikidata.dbpedia.org/resource/Q502199>
<http://ja.dbpedia.org/resource/平塚市>	"平塚市"@ja	<http://dbpedia.org/ontology/Location>	<http://ja.dbpedia.org/property/隣接自治体>	"隣接自治体"@ja	<http://ja.wikipedia.org/wiki/平塚市>	<http://wikidata.dbpedia.org/resource/Q502199>
<http://ja.dbpedia.org/resource/平塚市>	"平塚市"@ja	<http://dbpedia.org/ontology/PopulatedPlace>	<http://ja.dbpedia.org/property/隣接自治体>	"隣接自治体"@ja	<http://ja.wikipedia.org/wiki/平塚市>	<http://wikidata.dbpedia.org/resource/Q502199>
<http://ja.dbpedia.org/resource/平塚市>	"平塚市"@ja	<http://dbpedia.org/ontology/Place>	<http://ja.dbpedia.org/property/隣接自治体>	"隣接自治体"@ja	<http://ja.wikipedia.org/wiki/平塚市>	<http://wikidata.dbpedia.org/resource/Q502199>
<http://ja.dbpedia.org/resource/平塚市>	"平塚市"@ja	<http://dbpedia.org/ontology/Settlement>	<http://ja.dbpedia.org/property/隣接自治体>	"隣接自治体"@ja	<http://ja.wikipedia.org/wiki/平塚市>	<http://wikidata.dbpedia.org/resource/Q502199>
