?s	?sLabel	?type	?p	?pLabel	?jwiki	?wd
<http://ja.dbpedia.org/resource/ブナ>	"ブナ"@ja	<http://dbpedia.org/ontology/Species>	<http://ja.dbpedia.org/property/木>	"木"@ja	<http://ja.wikipedia.org/wiki/ブナ>	<http://wikidata.dbpedia.org/resource/Q1078985>
<http://ja.dbpedia.org/resource/ヤマドリ>	"ヤマドリ"@ja	<http://dbpedia.org/ontology/Species>	<http://ja.dbpedia.org/property/鳥など>	"鳥など"@ja	<http://ja.wikipedia.org/wiki/ヤマドリ>	<http://wikidata.dbpedia.org/resource/Q731600>
<http://ja.dbpedia.org/resource/ヤマブキ>	"ヤマブキ"@ja	<http://dbpedia.org/ontology/Species>	<http://ja.dbpedia.org/property/花>	"花"@ja	<http://ja.wikipedia.org/wiki/ヤマブキ>	<http://wikidata.dbpedia.org/resource/Q157401>
<http://ja.dbpedia.org/resource/大野山_(神奈川県)>	"大野山 (神奈川県)"@ja	<http://dbpedia.org/ontology/Mountain>	<http://ja.dbpedia.org/property/画像の説明>	"画像の説明"@ja	<http://ja.wikipedia.org/wiki/大野山_(神奈川県)>	<http://wikidata.dbpedia.org/resource/Q1394906>
<http://ja.dbpedia.org/resource/大野山_(神奈川県)>	"大野山 (神奈川県)"@ja	<http://dbpedia.org/ontology/Place>	<http://ja.dbpedia.org/property/画像の説明>	"画像の説明"@ja	<http://ja.wikipedia.org/wiki/大野山_(神奈川県)>	<http://wikidata.dbpedia.org/resource/Q1394906>
<http://ja.dbpedia.org/resource/大野山_(神奈川県)>	"大野山 (神奈川県)"@ja	<http://dbpedia.org/ontology/NaturalPlace>	<http://ja.dbpedia.org/property/画像の説明>	"画像の説明"@ja	<http://ja.wikipedia.org/wiki/大野山_(神奈川県)>	<http://wikidata.dbpedia.org/resource/Q1394906>
<http://ja.dbpedia.org/resource/大野山_(神奈川県)>	"大野山 (神奈川県)"@ja	<http://dbpedia.org/ontology/Location>	<http://ja.dbpedia.org/property/画像の説明>	"画像の説明"@ja	<http://ja.wikipedia.org/wiki/大野山_(神奈川県)>	<http://wikidata.dbpedia.org/resource/Q1394906>
