?s	?sLabel	?type	?p	?pLabel	?jwiki	?wd
<http://ja.dbpedia.org/resource/イチイ>	"イチイ"@ja	<http://dbpedia.org/ontology/Species>	<http://ja.dbpedia.org/property/木>	"木"@ja	<http://ja.wikipedia.org/wiki/イチイ>	<http://wikidata.dbpedia.org/resource/Q1144815>
<http://ja.dbpedia.org/resource/ヒマワリ>	"ヒマワリ"@ja	<http://dbpedia.org/ontology/Species>	<http://ja.dbpedia.org/property/花>	"花"@ja	<http://ja.wikipedia.org/wiki/ヒマワリ>	<http://wikidata.dbpedia.org/resource/Q171497>
<http://ja.dbpedia.org/resource/留萌市>	"留萌市"@ja	<http://dbpedia.org/ontology/Settlement>	<http://ja.dbpedia.org/property/隣接自治体>	"隣接自治体"@ja	<http://ja.wikipedia.org/wiki/留萌市>	<http://wikidata.dbpedia.org/resource/Q714628>
<http://ja.dbpedia.org/resource/留萌市>	"留萌市"@ja	<http://dbpedia.org/ontology/Place>	<http://ja.dbpedia.org/property/隣接自治体>	"隣接自治体"@ja	<http://ja.wikipedia.org/wiki/留萌市>	<http://wikidata.dbpedia.org/resource/Q714628>
<http://ja.dbpedia.org/resource/留萌市>	"留萌市"@ja	<http://dbpedia.org/ontology/City>	<http://ja.dbpedia.org/property/隣接自治体>	"隣接自治体"@ja	<http://ja.wikipedia.org/wiki/留萌市>	<http://wikidata.dbpedia.org/resource/Q714628>
<http://ja.dbpedia.org/resource/留萌市>	"留萌市"@ja	<http://dbpedia.org/ontology/PopulatedPlace>	<http://ja.dbpedia.org/property/隣接自治体>	"隣接自治体"@ja	<http://ja.wikipedia.org/wiki/留萌市>	<http://wikidata.dbpedia.org/resource/Q714628>
<http://ja.dbpedia.org/resource/留萌市>	"留萌市"@ja	<http://dbpedia.org/ontology/Location>	<http://ja.dbpedia.org/property/隣接自治体>	"隣接自治体"@ja	<http://ja.wikipedia.org/wiki/留萌市>	<http://wikidata.dbpedia.org/resource/Q714628>
