?s	?sLabel	?type	?p	?pLabel	?jwiki	?wd
<http://ja.dbpedia.org/resource/ウンシュウミカン>	"ウンシュウミカン"@ja	<http://dbpedia.org/ontology/Species>	<http://ja.dbpedia.org/property/花>	"花"@ja	<http://ja.wikipedia.org/wiki/ウンシュウミカン>	<http://wikidata.dbpedia.org/resource/Q875262>
<http://ja.dbpedia.org/resource/サクラ>	"サクラ"@ja	<http://dbpedia.org/ontology/Species>	<http://ja.dbpedia.org/property/木>	"木"@ja	<http://ja.wikipedia.org/wiki/サクラ>	<http://wikidata.dbpedia.org/resource/Q871991>
<http://ja.dbpedia.org/resource/ツバキ>	"ツバキ"@ja	<http://dbpedia.org/ontology/Species>	<http://ja.dbpedia.org/property/木>	"木"@ja	<http://ja.wikipedia.org/wiki/ツバキ>	<http://wikidata.dbpedia.org/resource/Q160121>
<http://ja.dbpedia.org/resource/メジロ>	"メジロ"@ja	<http://dbpedia.org/ontology/Species>	<http://ja.dbpedia.org/property/鳥など>	"鳥など"@ja	<http://ja.wikipedia.org/wiki/メジロ>	<http://wikidata.dbpedia.org/resource/Q700028>
<http://ja.dbpedia.org/resource/公明党>	"公明党"@ja	<http://dbpedia.org/ontology/Agent>	<http://ja.dbpedia.org/property/1推薦>	"1推薦"@ja	<http://ja.wikipedia.org/wiki/公明党>	<http://wikidata.dbpedia.org/resource/Q1061354>
<http://ja.dbpedia.org/resource/公明党>	"公明党"@ja	<http://dbpedia.org/ontology/Organisation>	<http://ja.dbpedia.org/property/1推薦>	"1推薦"@ja	<http://ja.wikipedia.org/wiki/公明党>	<http://wikidata.dbpedia.org/resource/Q1061354>
<http://ja.dbpedia.org/resource/公明党>	"公明党"@ja	<http://dbpedia.org/ontology/PoliticalParty>	<http://ja.dbpedia.org/property/1推薦>	"1推薦"@ja	<http://ja.wikipedia.org/wiki/公明党>	<http://wikidata.dbpedia.org/resource/Q1061354>
<http://ja.dbpedia.org/resource/日本共産党>	"日本共産党"@ja	<http://dbpedia.org/ontology/PoliticalParty>	<http://ja.dbpedia.org/property/3所属>	"3所属"@ja	<http://ja.wikipedia.org/wiki/日本共産党>	<http://wikidata.dbpedia.org/resource/Q641600>
<http://ja.dbpedia.org/resource/日本共産党>	"日本共産党"@ja	<http://dbpedia.org/ontology/Agent>	<http://ja.dbpedia.org/property/3所属>	"3所属"@ja	<http://ja.wikipedia.org/wiki/日本共産党>	<http://wikidata.dbpedia.org/resource/Q641600>
<http://ja.dbpedia.org/resource/日本共産党>	"日本共産党"@ja	<http://dbpedia.org/ontology/Organisation>	<http://ja.dbpedia.org/property/3所属>	"3所属"@ja	<http://ja.wikipedia.org/wiki/日本共産党>	<http://wikidata.dbpedia.org/resource/Q641600>
<http://ja.dbpedia.org/resource/湯河原温泉>	"湯河原温泉"@ja	<http://dbpedia.org/ontology/HotSpring>	<http://ja.dbpedia.org/property/画像の説明>	"画像の説明"@ja	<http://ja.wikipedia.org/wiki/湯河原温泉>	<http://wikidata.dbpedia.org/resource/Q11563664>
<http://ja.dbpedia.org/resource/湯河原温泉>	"湯河原温泉"@ja	<http://dbpedia.org/ontology/Place>	<http://ja.dbpedia.org/property/画像の説明>	"画像の説明"@ja	<http://ja.wikipedia.org/wiki/湯河原温泉>	<http://wikidata.dbpedia.org/resource/Q11563664>
<http://ja.dbpedia.org/resource/湯河原温泉>	"湯河原温泉"@ja	<http://dbpedia.org/ontology/NaturalPlace>	<http://ja.dbpedia.org/property/画像の説明>	"画像の説明"@ja	<http://ja.wikipedia.org/wiki/湯河原温泉>	<http://wikidata.dbpedia.org/resource/Q11563664>
<http://ja.dbpedia.org/resource/湯河原温泉>	"湯河原温泉"@ja	<http://dbpedia.org/ontology/Location>	<http://ja.dbpedia.org/property/画像の説明>	"画像の説明"@ja	<http://ja.wikipedia.org/wiki/湯河原温泉>	<http://wikidata.dbpedia.org/resource/Q11563664>
<http://ja.dbpedia.org/resource/牧島かれん>	"牧島かれん"@ja	<http://dbpedia.org/ontology/Species>	<http://ja.dbpedia.org/property/1氏名>	"1氏名"@ja	<http://ja.wikipedia.org/wiki/牧島かれん>	<http://wikidata.dbpedia.org/resource/Q11570409>
<http://ja.dbpedia.org/resource/牧島かれん>	"牧島かれん"@ja	<http://dbpedia.org/ontology/Politician>	<http://ja.dbpedia.org/property/1氏名>	"1氏名"@ja	<http://ja.wikipedia.org/wiki/牧島かれん>	<http://wikidata.dbpedia.org/resource/Q11570409>
<http://ja.dbpedia.org/resource/牧島かれん>	"牧島かれん"@ja	<http://dbpedia.org/ontology/Animal>	<http://ja.dbpedia.org/property/1氏名>	"1氏名"@ja	<http://ja.wikipedia.org/wiki/牧島かれん>	<http://wikidata.dbpedia.org/resource/Q11570409>
<http://ja.dbpedia.org/resource/牧島かれん>	"牧島かれん"@ja	<http://dbpedia.org/ontology/Eukaryote>	<http://ja.dbpedia.org/property/1氏名>	"1氏名"@ja	<http://ja.wikipedia.org/wiki/牧島かれん>	<http://wikidata.dbpedia.org/resource/Q11570409>
<http://ja.dbpedia.org/resource/牧島かれん>	"牧島かれん"@ja	<http://dbpedia.org/ontology/Person>	<http://ja.dbpedia.org/property/1氏名>	"1氏名"@ja	<http://ja.wikipedia.org/wiki/牧島かれん>	<http://wikidata.dbpedia.org/resource/Q11570409>
<http://ja.dbpedia.org/resource/神山洋介>	"神山洋介"@ja	<http://dbpedia.org/ontology/Eukaryote>	<http://ja.dbpedia.org/property/2氏名>	"2氏名"@ja	<http://ja.wikipedia.org/wiki/神山洋介>	<http://wikidata.dbpedia.org/resource/Q11589542>
<http://ja.dbpedia.org/resource/神山洋介>	"神山洋介"@ja	<http://dbpedia.org/ontology/Politician>	<http://ja.dbpedia.org/property/2氏名>	"2氏名"@ja	<http://ja.wikipedia.org/wiki/神山洋介>	<http://wikidata.dbpedia.org/resource/Q11589542>
<http://ja.dbpedia.org/resource/神山洋介>	"神山洋介"@ja	<http://dbpedia.org/ontology/Person>	<http://ja.dbpedia.org/property/2氏名>	"2氏名"@ja	<http://ja.wikipedia.org/wiki/神山洋介>	<http://wikidata.dbpedia.org/resource/Q11589542>
<http://ja.dbpedia.org/resource/神山洋介>	"神山洋介"@ja	<http://dbpedia.org/ontology/Species>	<http://ja.dbpedia.org/property/2氏名>	"2氏名"@ja	<http://ja.wikipedia.org/wiki/神山洋介>	<http://wikidata.dbpedia.org/resource/Q11589542>
<http://ja.dbpedia.org/resource/神山洋介>	"神山洋介"@ja	<http://dbpedia.org/ontology/Animal>	<http://ja.dbpedia.org/property/2氏名>	"2氏名"@ja	<http://ja.wikipedia.org/wiki/神山洋介>	<http://wikidata.dbpedia.org/resource/Q11589542>
<http://ja.dbpedia.org/resource/自由民主党_(日本)>	"自由民主党 (日本)"@ja	<http://dbpedia.org/ontology/Agent>	<http://ja.dbpedia.org/property/1所属>	"1所属"@ja	<http://ja.wikipedia.org/wiki/自由民主党_(日本)>	<http://wikidata.dbpedia.org/resource/Q232595>
<http://ja.dbpedia.org/resource/自由民主党_(日本)>	"自由民主党 (日本)"@ja	<http://dbpedia.org/ontology/Organisation>	<http://ja.dbpedia.org/property/1所属>	"1所属"@ja	<http://ja.wikipedia.org/wiki/自由民主党_(日本)>	<http://wikidata.dbpedia.org/resource/Q232595>
<http://ja.dbpedia.org/resource/自由民主党_(日本)>	"自由民主党 (日本)"@ja	<http://dbpedia.org/ontology/PoliticalParty>	<http://ja.dbpedia.org/property/1所属>	"1所属"@ja	<http://ja.wikipedia.org/wiki/自由民主党_(日本)>	<http://wikidata.dbpedia.org/resource/Q232595>
