?s	?sLabel	?type	?p	?pLabel	?jwiki	?wd
<http://ja.dbpedia.org/resource/キツツキ科>	"キツツキ科"@ja	<http://dbpedia.org/ontology/Species>	<http://ja.dbpedia.org/property/鳥など>	"鳥など"@ja	<http://ja.wikipedia.org/wiki/キツツキ科>	<http://wikidata.dbpedia.org/resource/Q25439>
<http://ja.dbpedia.org/resource/ヤマザクラ>	"ヤマザクラ"@ja	<http://dbpedia.org/ontology/Plant>	<http://ja.dbpedia.org/property/木>	"木"@ja	<http://ja.wikipedia.org/wiki/ヤマザクラ>	<http://wikidata.dbpedia.org/resource/Q5721717>
<http://ja.dbpedia.org/resource/ヤマザクラ>	"ヤマザクラ"@ja	<http://dbpedia.org/ontology/Species>	<http://ja.dbpedia.org/property/木>	"木"@ja	<http://ja.wikipedia.org/wiki/ヤマザクラ>	<http://wikidata.dbpedia.org/resource/Q5721717>
<http://ja.dbpedia.org/resource/ヤマザクラ>	"ヤマザクラ"@ja	<http://dbpedia.org/ontology/Eukaryote>	<http://ja.dbpedia.org/property/木>	"木"@ja	<http://ja.wikipedia.org/wiki/ヤマザクラ>	<http://wikidata.dbpedia.org/resource/Q5721717>
<http://ja.dbpedia.org/resource/ワカサギ>	"ワカサギ"@ja	<http://dbpedia.org/ontology/Species>	<http://ja.dbpedia.org/property/鳥など>	"鳥など"@ja	<http://ja.wikipedia.org/wiki/ワカサギ>	<http://wikidata.dbpedia.org/resource/Q1039191>
<http://ja.dbpedia.org/resource/三島市>	"三島市"@ja	<http://dbpedia.org/ontology/PopulatedPlace>	<http://ja.dbpedia.org/property/southwest>	"Southwest"@ja	<http://ja.wikipedia.org/wiki/三島市>	<http://wikidata.dbpedia.org/resource/Q653478>
<http://ja.dbpedia.org/resource/三島市>	"三島市"@ja	<http://dbpedia.org/ontology/Settlement>	<http://ja.dbpedia.org/property/southwest>	"Southwest"@ja	<http://ja.wikipedia.org/wiki/三島市>	<http://wikidata.dbpedia.org/resource/Q653478>
<http://ja.dbpedia.org/resource/三島市>	"三島市"@ja	<http://dbpedia.org/ontology/Location>	<http://ja.dbpedia.org/property/southwest>	"Southwest"@ja	<http://ja.wikipedia.org/wiki/三島市>	<http://wikidata.dbpedia.org/resource/Q653478>
<http://ja.dbpedia.org/resource/三島市>	"三島市"@ja	<http://dbpedia.org/ontology/Place>	<http://ja.dbpedia.org/property/southwest>	"Southwest"@ja	<http://ja.wikipedia.org/wiki/三島市>	<http://wikidata.dbpedia.org/resource/Q653478>
<http://ja.dbpedia.org/resource/三島市>	"三島市"@ja	<http://dbpedia.org/ontology/City>	<http://ja.dbpedia.org/property/southwest>	"Southwest"@ja	<http://ja.wikipedia.org/wiki/三島市>	<http://wikidata.dbpedia.org/resource/Q653478>
<http://ja.dbpedia.org/resource/函南町>	"函南町"@ja	<http://dbpedia.org/ontology/Place>	<http://ja.dbpedia.org/property/south>	"South"@ja	<http://ja.wikipedia.org/wiki/函南町>	<http://wikidata.dbpedia.org/resource/Q1203533>
<http://ja.dbpedia.org/resource/函南町>	"函南町"@ja	<http://dbpedia.org/ontology/City>	<http://ja.dbpedia.org/property/south>	"South"@ja	<http://ja.wikipedia.org/wiki/函南町>	<http://wikidata.dbpedia.org/resource/Q1203533>
<http://ja.dbpedia.org/resource/函南町>	"函南町"@ja	<http://dbpedia.org/ontology/Location>	<http://ja.dbpedia.org/property/south>	"South"@ja	<http://ja.wikipedia.org/wiki/函南町>	<http://wikidata.dbpedia.org/resource/Q1203533>
<http://ja.dbpedia.org/resource/函南町>	"函南町"@ja	<http://dbpedia.org/ontology/PopulatedPlace>	<http://ja.dbpedia.org/property/south>	"South"@ja	<http://ja.wikipedia.org/wiki/函南町>	<http://wikidata.dbpedia.org/resource/Q1203533>
<http://ja.dbpedia.org/resource/函南町>	"函南町"@ja	<http://dbpedia.org/ontology/Settlement>	<http://ja.dbpedia.org/property/south>	"South"@ja	<http://ja.wikipedia.org/wiki/函南町>	<http://wikidata.dbpedia.org/resource/Q1203533>
<http://ja.dbpedia.org/resource/南足柄市>	"南足柄市"@ja	<http://dbpedia.org/ontology/Location>	<http://ja.dbpedia.org/property/north>	"North"@ja	<http://ja.wikipedia.org/wiki/南足柄市>	<http://wikidata.dbpedia.org/resource/Q651742>
<http://ja.dbpedia.org/resource/南足柄市>	"南足柄市"@ja	<http://dbpedia.org/ontology/PopulatedPlace>	<http://ja.dbpedia.org/property/north>	"North"@ja	<http://ja.wikipedia.org/wiki/南足柄市>	<http://wikidata.dbpedia.org/resource/Q651742>
<http://ja.dbpedia.org/resource/南足柄市>	"南足柄市"@ja	<http://dbpedia.org/ontology/Settlement>	<http://ja.dbpedia.org/property/north>	"North"@ja	<http://ja.wikipedia.org/wiki/南足柄市>	<http://wikidata.dbpedia.org/resource/Q651742>
<http://ja.dbpedia.org/resource/南足柄市>	"南足柄市"@ja	<http://dbpedia.org/ontology/City>	<http://ja.dbpedia.org/property/north>	"North"@ja	<http://ja.wikipedia.org/wiki/南足柄市>	<http://wikidata.dbpedia.org/resource/Q651742>
<http://ja.dbpedia.org/resource/南足柄市>	"南足柄市"@ja	<http://dbpedia.org/ontology/Place>	<http://ja.dbpedia.org/property/north>	"North"@ja	<http://ja.wikipedia.org/wiki/南足柄市>	<http://wikidata.dbpedia.org/resource/Q651742>
<http://ja.dbpedia.org/resource/小山町>	"小山町"@ja	<http://dbpedia.org/ontology/City>	<http://ja.dbpedia.org/property/north>	"North"@ja	<http://ja.wikipedia.org/wiki/小山町>	<http://wikidata.dbpedia.org/resource/Q726418>
<http://ja.dbpedia.org/resource/小山町>	"小山町"@ja	<http://dbpedia.org/ontology/Place>	<http://ja.dbpedia.org/property/north>	"North"@ja	<http://ja.wikipedia.org/wiki/小山町>	<http://wikidata.dbpedia.org/resource/Q726418>
<http://ja.dbpedia.org/resource/小山町>	"小山町"@ja	<http://dbpedia.org/ontology/Location>	<http://ja.dbpedia.org/property/north>	"North"@ja	<http://ja.wikipedia.org/wiki/小山町>	<http://wikidata.dbpedia.org/resource/Q726418>
<http://ja.dbpedia.org/resource/小山町>	"小山町"@ja	<http://dbpedia.org/ontology/PopulatedPlace>	<http://ja.dbpedia.org/property/north>	"North"@ja	<http://ja.wikipedia.org/wiki/小山町>	<http://wikidata.dbpedia.org/resource/Q726418>
<http://ja.dbpedia.org/resource/小山町>	"小山町"@ja	<http://dbpedia.org/ontology/Settlement>	<http://ja.dbpedia.org/property/north>	"North"@ja	<http://ja.wikipedia.org/wiki/小山町>	<http://wikidata.dbpedia.org/resource/Q726418>
<http://ja.dbpedia.org/resource/小田原市>	"小田原市"@ja	<http://dbpedia.org/ontology/PopulatedPlace>	<http://ja.dbpedia.org/property/east>	"East"@ja	<http://ja.wikipedia.org/wiki/小田原市>	<http://wikidata.dbpedia.org/resource/Q267258>
<http://ja.dbpedia.org/resource/小田原市>	"小田原市"@ja	<http://dbpedia.org/ontology/Settlement>	<http://ja.dbpedia.org/property/east>	"East"@ja	<http://ja.wikipedia.org/wiki/小田原市>	<http://wikidata.dbpedia.org/resource/Q267258>
<http://ja.dbpedia.org/resource/小田原市>	"小田原市"@ja	<http://dbpedia.org/ontology/Location>	<http://ja.dbpedia.org/property/east>	"East"@ja	<http://ja.wikipedia.org/wiki/小田原市>	<http://wikidata.dbpedia.org/resource/Q267258>
<http://ja.dbpedia.org/resource/小田原市>	"小田原市"@ja	<http://dbpedia.org/ontology/Place>	<http://ja.dbpedia.org/property/east>	"East"@ja	<http://ja.wikipedia.org/wiki/小田原市>	<http://wikidata.dbpedia.org/resource/Q267258>
<http://ja.dbpedia.org/resource/小田原市>	"小田原市"@ja	<http://dbpedia.org/ontology/City>	<http://ja.dbpedia.org/property/east>	"East"@ja	<http://ja.wikipedia.org/wiki/小田原市>	<http://wikidata.dbpedia.org/resource/Q267258>
<http://ja.dbpedia.org/resource/御殿場市>	"御殿場市"@ja	<http://dbpedia.org/ontology/Place>	<http://ja.dbpedia.org/property/west>	"West"@ja	<http://ja.wikipedia.org/wiki/御殿場市>	<http://wikidata.dbpedia.org/resource/Q735175>
<http://ja.dbpedia.org/resource/御殿場市>	"御殿場市"@ja	<http://dbpedia.org/ontology/City>	<http://ja.dbpedia.org/property/west>	"West"@ja	<http://ja.wikipedia.org/wiki/御殿場市>	<http://wikidata.dbpedia.org/resource/Q735175>
<http://ja.dbpedia.org/resource/御殿場市>	"御殿場市"@ja	<http://dbpedia.org/ontology/Settlement>	<http://ja.dbpedia.org/property/west>	"West"@ja	<http://ja.wikipedia.org/wiki/御殿場市>	<http://wikidata.dbpedia.org/resource/Q735175>
<http://ja.dbpedia.org/resource/御殿場市>	"御殿場市"@ja	<http://dbpedia.org/ontology/PopulatedPlace>	<http://ja.dbpedia.org/property/west>	"West"@ja	<http://ja.wikipedia.org/wiki/御殿場市>	<http://wikidata.dbpedia.org/resource/Q735175>
<http://ja.dbpedia.org/resource/御殿場市>	"御殿場市"@ja	<http://dbpedia.org/ontology/Location>	<http://ja.dbpedia.org/property/west>	"West"@ja	<http://ja.wikipedia.org/wiki/御殿場市>	<http://wikidata.dbpedia.org/resource/Q735175>
<http://ja.dbpedia.org/resource/湯河原町>	"湯河原町"@ja	<http://dbpedia.org/ontology/City>	<http://ja.dbpedia.org/property/southeast>	"Southeast"@ja	<http://ja.wikipedia.org/wiki/湯河原町>	<http://wikidata.dbpedia.org/resource/Q532346>
<http://ja.dbpedia.org/resource/湯河原町>	"湯河原町"@ja	<http://dbpedia.org/ontology/Place>	<http://ja.dbpedia.org/property/southeast>	"Southeast"@ja	<http://ja.wikipedia.org/wiki/湯河原町>	<http://wikidata.dbpedia.org/resource/Q532346>
<http://ja.dbpedia.org/resource/湯河原町>	"湯河原町"@ja	<http://dbpedia.org/ontology/Settlement>	<http://ja.dbpedia.org/property/southeast>	"Southeast"@ja	<http://ja.wikipedia.org/wiki/湯河原町>	<http://wikidata.dbpedia.org/resource/Q532346>
<http://ja.dbpedia.org/resource/湯河原町>	"湯河原町"@ja	<http://dbpedia.org/ontology/PopulatedPlace>	<http://ja.dbpedia.org/property/southeast>	"Southeast"@ja	<http://ja.wikipedia.org/wiki/湯河原町>	<http://wikidata.dbpedia.org/resource/Q532346>
<http://ja.dbpedia.org/resource/湯河原町>	"湯河原町"@ja	<http://dbpedia.org/ontology/Location>	<http://ja.dbpedia.org/property/southeast>	"Southeast"@ja	<http://ja.wikipedia.org/wiki/湯河原町>	<http://wikidata.dbpedia.org/resource/Q532346>
<http://ja.dbpedia.org/resource/熱海市>	"熱海市"@ja	<http://dbpedia.org/ontology/City>	<http://ja.dbpedia.org/property/south>	"South"@ja	<http://ja.wikipedia.org/wiki/熱海市>	<http://wikidata.dbpedia.org/resource/Q653364>
<http://ja.dbpedia.org/resource/熱海市>	"熱海市"@ja	<http://dbpedia.org/ontology/Place>	<http://ja.dbpedia.org/property/south>	"South"@ja	<http://ja.wikipedia.org/wiki/熱海市>	<http://wikidata.dbpedia.org/resource/Q653364>
<http://ja.dbpedia.org/resource/熱海市>	"熱海市"@ja	<http://dbpedia.org/ontology/Location>	<http://ja.dbpedia.org/property/south>	"South"@ja	<http://ja.wikipedia.org/wiki/熱海市>	<http://wikidata.dbpedia.org/resource/Q653364>
<http://ja.dbpedia.org/resource/熱海市>	"熱海市"@ja	<http://dbpedia.org/ontology/PopulatedPlace>	<http://ja.dbpedia.org/property/south>	"South"@ja	<http://ja.wikipedia.org/wiki/熱海市>	<http://wikidata.dbpedia.org/resource/Q653364>
<http://ja.dbpedia.org/resource/熱海市>	"熱海市"@ja	<http://dbpedia.org/ontology/Settlement>	<http://ja.dbpedia.org/property/south>	"South"@ja	<http://ja.wikipedia.org/wiki/熱海市>	<http://wikidata.dbpedia.org/resource/Q653364>
<http://ja.dbpedia.org/resource/裾野市>	"裾野市"@ja	<http://dbpedia.org/ontology/Place>	<http://ja.dbpedia.org/property/west>	"West"@ja	<http://ja.wikipedia.org/wiki/裾野市>	<http://wikidata.dbpedia.org/resource/Q847577>
<http://ja.dbpedia.org/resource/裾野市>	"裾野市"@ja	<http://dbpedia.org/ontology/City>	<http://ja.dbpedia.org/property/west>	"West"@ja	<http://ja.wikipedia.org/wiki/裾野市>	<http://wikidata.dbpedia.org/resource/Q847577>
<http://ja.dbpedia.org/resource/裾野市>	"裾野市"@ja	<http://dbpedia.org/ontology/Settlement>	<http://ja.dbpedia.org/property/west>	"West"@ja	<http://ja.wikipedia.org/wiki/裾野市>	<http://wikidata.dbpedia.org/resource/Q847577>
<http://ja.dbpedia.org/resource/裾野市>	"裾野市"@ja	<http://dbpedia.org/ontology/Location>	<http://ja.dbpedia.org/property/west>	"West"@ja	<http://ja.wikipedia.org/wiki/裾野市>	<http://wikidata.dbpedia.org/resource/Q847577>
<http://ja.dbpedia.org/resource/裾野市>	"裾野市"@ja	<http://dbpedia.org/ontology/PopulatedPlace>	<http://ja.dbpedia.org/property/west>	"West"@ja	<http://ja.wikipedia.org/wiki/裾野市>	<http://wikidata.dbpedia.org/resource/Q847577>
