?s	?sLabel	?type	?p	?pLabel	?jwiki	?wd
<http://ja.dbpedia.org/resource/ぴっぷスキー場>	"ぴっぷスキー場"@ja	<http://dbpedia.org/ontology/SportFacility>	<http://ja.dbpedia.org/property/画像の説明>	"画像の説明"@ja	<http://ja.wikipedia.org/wiki/ぴっぷスキー場>	<http://wikidata.dbpedia.org/resource/Q11276913>
<http://ja.dbpedia.org/resource/ぴっぷスキー場>	"ぴっぷスキー場"@ja	<http://dbpedia.org/ontology/ArchitecturalStructure>	<http://ja.dbpedia.org/property/画像の説明>	"画像の説明"@ja	<http://ja.wikipedia.org/wiki/ぴっぷスキー場>	<http://wikidata.dbpedia.org/resource/Q11276913>
<http://ja.dbpedia.org/resource/ぴっぷスキー場>	"ぴっぷスキー場"@ja	<http://dbpedia.org/ontology/SkiArea>	<http://ja.dbpedia.org/property/画像の説明>	"画像の説明"@ja	<http://ja.wikipedia.org/wiki/ぴっぷスキー場>	<http://wikidata.dbpedia.org/resource/Q11276913>
<http://ja.dbpedia.org/resource/スイセン属>	"スイセン属"@ja	<http://dbpedia.org/ontology/Species>	<http://ja.dbpedia.org/property/花>	"花"@ja	<http://ja.wikipedia.org/wiki/スイセン属>	<http://wikidata.dbpedia.org/resource/Q29465>
<http://ja.dbpedia.org/resource/ナナカマド>	"ナナカマド"@ja	<http://dbpedia.org/ontology/Species>	<http://ja.dbpedia.org/property/木>	"木"@ja	<http://ja.wikipedia.org/wiki/ナナカマド>	<http://wikidata.dbpedia.org/resource/Q1210209>
<http://ja.dbpedia.org/resource/上川総合振興局>	"上川総合振興局"@ja	<http://dbpedia.org/ontology/Place>	<http://ja.dbpedia.org/property/支庁>	"支庁"@ja	<http://ja.wikipedia.org/wiki/上川総合振興局>	<http://wikidata.dbpedia.org/resource/Q1152333>
<http://ja.dbpedia.org/resource/上川総合振興局>	"上川総合振興局"@ja	<http://dbpedia.org/ontology/PopulatedPlace>	<http://ja.dbpedia.org/property/支庁>	"支庁"@ja	<http://ja.wikipedia.org/wiki/上川総合振興局>	<http://wikidata.dbpedia.org/resource/Q1152333>
<http://ja.dbpedia.org/resource/上川総合振興局>	"上川総合振興局"@ja	<http://dbpedia.org/ontology/Location>	<http://ja.dbpedia.org/property/支庁>	"支庁"@ja	<http://ja.wikipedia.org/wiki/上川総合振興局>	<http://wikidata.dbpedia.org/resource/Q1152333>
<http://ja.dbpedia.org/resource/上川総合振興局>	"上川総合振興局"@ja	<http://dbpedia.org/ontology/Settlement>	<http://ja.dbpedia.org/property/支庁>	"支庁"@ja	<http://ja.wikipedia.org/wiki/上川総合振興局>	<http://wikidata.dbpedia.org/resource/Q1152333>
<http://ja.dbpedia.org/resource/和寒町>	"和寒町"@ja	<http://dbpedia.org/ontology/Location>	<http://ja.dbpedia.org/property/隣接自治体>	"隣接自治体"@ja	<http://ja.wikipedia.org/wiki/和寒町>	<http://wikidata.dbpedia.org/resource/Q1357267>
<http://ja.dbpedia.org/resource/和寒町>	"和寒町"@ja	<http://dbpedia.org/ontology/City>	<http://ja.dbpedia.org/property/隣接自治体>	"隣接自治体"@ja	<http://ja.wikipedia.org/wiki/和寒町>	<http://wikidata.dbpedia.org/resource/Q1357267>
<http://ja.dbpedia.org/resource/和寒町>	"和寒町"@ja	<http://dbpedia.org/ontology/PopulatedPlace>	<http://ja.dbpedia.org/property/隣接自治体>	"隣接自治体"@ja	<http://ja.wikipedia.org/wiki/和寒町>	<http://wikidata.dbpedia.org/resource/Q1357267>
<http://ja.dbpedia.org/resource/和寒町>	"和寒町"@ja	<http://dbpedia.org/ontology/Settlement>	<http://ja.dbpedia.org/property/隣接自治体>	"隣接自治体"@ja	<http://ja.wikipedia.org/wiki/和寒町>	<http://wikidata.dbpedia.org/resource/Q1357267>
<http://ja.dbpedia.org/resource/和寒町>	"和寒町"@ja	<http://dbpedia.org/ontology/Place>	<http://ja.dbpedia.org/property/隣接自治体>	"隣接自治体"@ja	<http://ja.wikipedia.org/wiki/和寒町>	<http://wikidata.dbpedia.org/resource/Q1357267>
<http://ja.dbpedia.org/resource/士別市>	"士別市"@ja	<http://dbpedia.org/ontology/Location>	<http://ja.dbpedia.org/property/隣接自治体>	"隣接自治体"@ja	<http://ja.wikipedia.org/wiki/士別市>	<http://wikidata.dbpedia.org/resource/Q766942>
<http://ja.dbpedia.org/resource/士別市>	"士別市"@ja	<http://dbpedia.org/ontology/Settlement>	<http://ja.dbpedia.org/property/隣接自治体>	"隣接自治体"@ja	<http://ja.wikipedia.org/wiki/士別市>	<http://wikidata.dbpedia.org/resource/Q766942>
<http://ja.dbpedia.org/resource/士別市>	"士別市"@ja	<http://dbpedia.org/ontology/Place>	<http://ja.dbpedia.org/property/隣接自治体>	"隣接自治体"@ja	<http://ja.wikipedia.org/wiki/士別市>	<http://wikidata.dbpedia.org/resource/Q766942>
<http://ja.dbpedia.org/resource/士別市>	"士別市"@ja	<http://dbpedia.org/ontology/City>	<http://ja.dbpedia.org/property/隣接自治体>	"隣接自治体"@ja	<http://ja.wikipedia.org/wiki/士別市>	<http://wikidata.dbpedia.org/resource/Q766942>
<http://ja.dbpedia.org/resource/士別市>	"士別市"@ja	<http://dbpedia.org/ontology/PopulatedPlace>	<http://ja.dbpedia.org/property/隣接自治体>	"隣接自治体"@ja	<http://ja.wikipedia.org/wiki/士別市>	<http://wikidata.dbpedia.org/resource/Q766942>
<http://ja.dbpedia.org/resource/旭川市>	"旭川市"@ja	<http://dbpedia.org/ontology/Settlement>	<http://ja.dbpedia.org/property/隣接自治体>	"隣接自治体"@ja	<http://ja.wikipedia.org/wiki/旭川市>	<http://wikidata.dbpedia.org/resource/Q200740>
<http://ja.dbpedia.org/resource/旭川市>	"旭川市"@ja	<http://dbpedia.org/ontology/Place>	<http://ja.dbpedia.org/property/隣接自治体>	"隣接自治体"@ja	<http://ja.wikipedia.org/wiki/旭川市>	<http://wikidata.dbpedia.org/resource/Q200740>
<http://ja.dbpedia.org/resource/旭川市>	"旭川市"@ja	<http://dbpedia.org/ontology/City>	<http://ja.dbpedia.org/property/隣接自治体>	"隣接自治体"@ja	<http://ja.wikipedia.org/wiki/旭川市>	<http://wikidata.dbpedia.org/resource/Q200740>
<http://ja.dbpedia.org/resource/旭川市>	"旭川市"@ja	<http://dbpedia.org/ontology/PopulatedPlace>	<http://ja.dbpedia.org/property/隣接自治体>	"隣接自治体"@ja	<http://ja.wikipedia.org/wiki/旭川市>	<http://wikidata.dbpedia.org/resource/Q200740>
<http://ja.dbpedia.org/resource/旭川市>	"旭川市"@ja	<http://dbpedia.org/ontology/Location>	<http://ja.dbpedia.org/property/隣接自治体>	"隣接自治体"@ja	<http://ja.wikipedia.org/wiki/旭川市>	<http://wikidata.dbpedia.org/resource/Q200740>
