?s	?sLabel	?type	?p	?pLabel	?jwiki	?wd
<http://ja.dbpedia.org/resource/アカエゾマツ>	"アカエゾマツ"@ja	<http://dbpedia.org/ontology/Species>	<http://ja.dbpedia.org/property/木>	"木"@ja	<http://ja.wikipedia.org/wiki/アカエゾマツ>	<http://wikidata.dbpedia.org/resource/Q1151932>
<http://ja.dbpedia.org/resource/エゾツツジ>	"エゾツツジ"@ja	<http://dbpedia.org/ontology/Plant>	<http://ja.dbpedia.org/property/花>	"花"@ja	<http://ja.wikipedia.org/wiki/エゾツツジ>	<http://wikidata.dbpedia.org/resource/Q4396001>
<http://ja.dbpedia.org/resource/エゾツツジ>	"エゾツツジ"@ja	<http://dbpedia.org/ontology/Eukaryote>	<http://ja.dbpedia.org/property/花>	"花"@ja	<http://ja.wikipedia.org/wiki/エゾツツジ>	<http://wikidata.dbpedia.org/resource/Q4396001>
<http://ja.dbpedia.org/resource/エゾツツジ>	"エゾツツジ"@ja	<http://dbpedia.org/ontology/Species>	<http://ja.dbpedia.org/property/花>	"花"@ja	<http://ja.wikipedia.org/wiki/エゾツツジ>	<http://wikidata.dbpedia.org/resource/Q4396001>
<http://ja.dbpedia.org/resource/エゾツツジ>	"エゾツツジ"@ja	<http://dbpedia.org/ontology/FloweringPlant>	<http://ja.dbpedia.org/property/花>	"花"@ja	<http://ja.wikipedia.org/wiki/エゾツツジ>	<http://wikidata.dbpedia.org/resource/Q4396001>
<http://ja.dbpedia.org/resource/上川総合振興局>	"上川総合振興局"@ja	<http://dbpedia.org/ontology/Place>	<http://ja.dbpedia.org/property/支庁>	"支庁"@ja	<http://ja.wikipedia.org/wiki/上川総合振興局>	<http://wikidata.dbpedia.org/resource/Q1152333>
<http://ja.dbpedia.org/resource/上川総合振興局>	"上川総合振興局"@ja	<http://dbpedia.org/ontology/PopulatedPlace>	<http://ja.dbpedia.org/property/支庁>	"支庁"@ja	<http://ja.wikipedia.org/wiki/上川総合振興局>	<http://wikidata.dbpedia.org/resource/Q1152333>
<http://ja.dbpedia.org/resource/上川総合振興局>	"上川総合振興局"@ja	<http://dbpedia.org/ontology/Location>	<http://ja.dbpedia.org/property/支庁>	"支庁"@ja	<http://ja.wikipedia.org/wiki/上川総合振興局>	<http://wikidata.dbpedia.org/resource/Q1152333>
<http://ja.dbpedia.org/resource/上川総合振興局>	"上川総合振興局"@ja	<http://dbpedia.org/ontology/Settlement>	<http://ja.dbpedia.org/property/支庁>	"支庁"@ja	<http://ja.wikipedia.org/wiki/上川総合振興局>	<http://wikidata.dbpedia.org/resource/Q1152333>
<http://ja.dbpedia.org/resource/層雲峡温泉>	"層雲峡温泉"@ja	<http://dbpedia.org/ontology/Location>	<http://ja.dbpedia.org/property/画像の説明>	"画像の説明"@ja	<http://ja.wikipedia.org/wiki/層雲峡温泉>	<http://wikidata.dbpedia.org/resource/Q11465750>
<http://ja.dbpedia.org/resource/層雲峡温泉>	"層雲峡温泉"@ja	<http://dbpedia.org/ontology/HotSpring>	<http://ja.dbpedia.org/property/画像の説明>	"画像の説明"@ja	<http://ja.wikipedia.org/wiki/層雲峡温泉>	<http://wikidata.dbpedia.org/resource/Q11465750>
<http://ja.dbpedia.org/resource/層雲峡温泉>	"層雲峡温泉"@ja	<http://dbpedia.org/ontology/NaturalPlace>	<http://ja.dbpedia.org/property/画像の説明>	"画像の説明"@ja	<http://ja.wikipedia.org/wiki/層雲峡温泉>	<http://wikidata.dbpedia.org/resource/Q11465750>
<http://ja.dbpedia.org/resource/層雲峡温泉>	"層雲峡温泉"@ja	<http://dbpedia.org/ontology/Place>	<http://ja.dbpedia.org/property/画像の説明>	"画像の説明"@ja	<http://ja.wikipedia.org/wiki/層雲峡温泉>	<http://wikidata.dbpedia.org/resource/Q11465750>
