?s	?sLabel	?type	?p	?pLabel	?jwiki	?wd
<http://ja.dbpedia.org/resource/エゾムラサキツツジ>	"エゾムラサキツツジ"@ja	<http://dbpedia.org/ontology/Plant>	<http://ja.dbpedia.org/property/花>	"花"@ja	<http://ja.wikipedia.org/wiki/エゾムラサキツツジ>	<http://wikidata.dbpedia.org/resource/Q1040366>
<http://ja.dbpedia.org/resource/エゾムラサキツツジ>	"エゾムラサキツツジ"@ja	<http://dbpedia.org/ontology/Eukaryote>	<http://ja.dbpedia.org/property/花>	"花"@ja	<http://ja.wikipedia.org/wiki/エゾムラサキツツジ>	<http://wikidata.dbpedia.org/resource/Q1040366>
<http://ja.dbpedia.org/resource/エゾムラサキツツジ>	"エゾムラサキツツジ"@ja	<http://dbpedia.org/ontology/Species>	<http://ja.dbpedia.org/property/花>	"花"@ja	<http://ja.wikipedia.org/wiki/エゾムラサキツツジ>	<http://wikidata.dbpedia.org/resource/Q1040366>
<http://ja.dbpedia.org/resource/エゾムラサキツツジ>	"エゾムラサキツツジ"@ja	<http://dbpedia.org/ontology/FloweringPlant>	<http://ja.dbpedia.org/property/花>	"花"@ja	<http://ja.wikipedia.org/wiki/エゾムラサキツツジ>	<http://wikidata.dbpedia.org/resource/Q1040366>
<http://ja.dbpedia.org/resource/カツラ_(植物)>	"カツラ (植物)"@ja	<http://dbpedia.org/ontology/Species>	<http://ja.dbpedia.org/property/木>	"木"@ja	<http://ja.wikipedia.org/wiki/カツラ_(植物)>	<http://wikidata.dbpedia.org/resource/Q526549>
<http://ja.dbpedia.org/resource/上川総合振興局>	"上川総合振興局"@ja	<http://dbpedia.org/ontology/Place>	<http://ja.dbpedia.org/property/支庁>	"支庁"@ja	<http://ja.wikipedia.org/wiki/上川総合振興局>	<http://wikidata.dbpedia.org/resource/Q1152333>
<http://ja.dbpedia.org/resource/上川総合振興局>	"上川総合振興局"@ja	<http://dbpedia.org/ontology/PopulatedPlace>	<http://ja.dbpedia.org/property/支庁>	"支庁"@ja	<http://ja.wikipedia.org/wiki/上川総合振興局>	<http://wikidata.dbpedia.org/resource/Q1152333>
<http://ja.dbpedia.org/resource/上川総合振興局>	"上川総合振興局"@ja	<http://dbpedia.org/ontology/Location>	<http://ja.dbpedia.org/property/支庁>	"支庁"@ja	<http://ja.wikipedia.org/wiki/上川総合振興局>	<http://wikidata.dbpedia.org/resource/Q1152333>
<http://ja.dbpedia.org/resource/上川総合振興局>	"上川総合振興局"@ja	<http://dbpedia.org/ontology/Settlement>	<http://ja.dbpedia.org/property/支庁>	"支庁"@ja	<http://ja.wikipedia.org/wiki/上川総合振興局>	<http://wikidata.dbpedia.org/resource/Q1152333>
<http://ja.dbpedia.org/resource/旭岳>	"旭岳"@ja	<http://dbpedia.org/ontology/Location>	<http://ja.dbpedia.org/property/画像の説明>	"画像の説明"@ja	<http://ja.wikipedia.org/wiki/旭岳>	<http://wikidata.dbpedia.org/resource/Q2271725>
<http://ja.dbpedia.org/resource/旭岳>	"旭岳"@ja	<http://dbpedia.org/ontology/Mountain>	<http://ja.dbpedia.org/property/画像の説明>	"画像の説明"@ja	<http://ja.wikipedia.org/wiki/旭岳>	<http://wikidata.dbpedia.org/resource/Q2271725>
<http://ja.dbpedia.org/resource/旭岳>	"旭岳"@ja	<http://dbpedia.org/ontology/NaturalPlace>	<http://ja.dbpedia.org/property/画像の説明>	"画像の説明"@ja	<http://ja.wikipedia.org/wiki/旭岳>	<http://wikidata.dbpedia.org/resource/Q2271725>
<http://ja.dbpedia.org/resource/旭岳>	"旭岳"@ja	<http://dbpedia.org/ontology/Place>	<http://ja.dbpedia.org/property/画像の説明>	"画像の説明"@ja	<http://ja.wikipedia.org/wiki/旭岳>	<http://wikidata.dbpedia.org/resource/Q2271725>
<http://ja.dbpedia.org/resource/旭岳温泉>	"旭岳温泉"@ja	<http://dbpedia.org/ontology/HotSpring>	<http://ja.dbpedia.org/property/画像の説明>	"画像の説明"@ja	<http://ja.wikipedia.org/wiki/旭岳温泉>	<http://wikidata.dbpedia.org/resource/Q4803375>
<http://ja.dbpedia.org/resource/旭岳温泉>	"旭岳温泉"@ja	<http://dbpedia.org/ontology/Place>	<http://ja.dbpedia.org/property/画像の説明>	"画像の説明"@ja	<http://ja.wikipedia.org/wiki/旭岳温泉>	<http://wikidata.dbpedia.org/resource/Q4803375>
<http://ja.dbpedia.org/resource/旭岳温泉>	"旭岳温泉"@ja	<http://dbpedia.org/ontology/NaturalPlace>	<http://ja.dbpedia.org/property/画像の説明>	"画像の説明"@ja	<http://ja.wikipedia.org/wiki/旭岳温泉>	<http://wikidata.dbpedia.org/resource/Q4803375>
<http://ja.dbpedia.org/resource/旭岳温泉>	"旭岳温泉"@ja	<http://dbpedia.org/ontology/Location>	<http://ja.dbpedia.org/property/画像の説明>	"画像の説明"@ja	<http://ja.wikipedia.org/wiki/旭岳温泉>	<http://wikidata.dbpedia.org/resource/Q4803375>
