?s	?sLabel	?type	?p	?pLabel	?jwiki	?wd
<http://ja.dbpedia.org/resource/クルミ>	"クルミ"@ja	<http://dbpedia.org/ontology/Species>	<http://ja.dbpedia.org/property/木>	"木"@ja	<http://ja.wikipedia.org/wiki/クルミ>	<http://wikidata.dbpedia.org/resource/Q2453469>
<http://ja.dbpedia.org/resource/ヒナゲシ>	"ヒナゲシ"@ja	<http://dbpedia.org/ontology/Plant>	<http://ja.dbpedia.org/property/花>	"花"@ja	<http://ja.wikipedia.org/wiki/ヒナゲシ>	<http://wikidata.dbpedia.org/resource/Q130201>
<http://ja.dbpedia.org/resource/ヒナゲシ>	"ヒナゲシ"@ja	<http://dbpedia.org/ontology/Species>	<http://ja.dbpedia.org/property/花>	"花"@ja	<http://ja.wikipedia.org/wiki/ヒナゲシ>	<http://wikidata.dbpedia.org/resource/Q130201>
<http://ja.dbpedia.org/resource/ヒナゲシ>	"ヒナゲシ"@ja	<http://dbpedia.org/ontology/Eukaryote>	<http://ja.dbpedia.org/property/花>	"花"@ja	<http://ja.wikipedia.org/wiki/ヒナゲシ>	<http://wikidata.dbpedia.org/resource/Q130201>
<http://ja.dbpedia.org/resource/上富良野町>	"上富良野町"@ja	<http://dbpedia.org/ontology/Place>	<http://ja.dbpedia.org/property/northeast>	"Northeast"@ja	<http://ja.wikipedia.org/wiki/上富良野町>	<http://wikidata.dbpedia.org/resource/Q1357226>
<http://ja.dbpedia.org/resource/上富良野町>	"上富良野町"@ja	<http://dbpedia.org/ontology/City>	<http://ja.dbpedia.org/property/northeast>	"Northeast"@ja	<http://ja.wikipedia.org/wiki/上富良野町>	<http://wikidata.dbpedia.org/resource/Q1357226>
<http://ja.dbpedia.org/resource/上富良野町>	"上富良野町"@ja	<http://dbpedia.org/ontology/Location>	<http://ja.dbpedia.org/property/northeast>	"Northeast"@ja	<http://ja.wikipedia.org/wiki/上富良野町>	<http://wikidata.dbpedia.org/resource/Q1357226>
<http://ja.dbpedia.org/resource/上富良野町>	"上富良野町"@ja	<http://dbpedia.org/ontology/PopulatedPlace>	<http://ja.dbpedia.org/property/northeast>	"Northeast"@ja	<http://ja.wikipedia.org/wiki/上富良野町>	<http://wikidata.dbpedia.org/resource/Q1357226>
<http://ja.dbpedia.org/resource/上富良野町>	"上富良野町"@ja	<http://dbpedia.org/ontology/Settlement>	<http://ja.dbpedia.org/property/northeast>	"Northeast"@ja	<http://ja.wikipedia.org/wiki/上富良野町>	<http://wikidata.dbpedia.org/resource/Q1357226>
<http://ja.dbpedia.org/resource/上川総合振興局>	"上川総合振興局"@ja	<http://dbpedia.org/ontology/Location>	<http://ja.dbpedia.org/property/支庁>	"支庁"@ja	<http://ja.wikipedia.org/wiki/上川総合振興局>	<http://wikidata.dbpedia.org/resource/Q1152333>
<http://ja.dbpedia.org/resource/上川総合振興局>	"上川総合振興局"@ja	<http://dbpedia.org/ontology/PopulatedPlace>	<http://ja.dbpedia.org/property/支庁>	"支庁"@ja	<http://ja.wikipedia.org/wiki/上川総合振興局>	<http://wikidata.dbpedia.org/resource/Q1152333>
<http://ja.dbpedia.org/resource/上川総合振興局>	"上川総合振興局"@ja	<http://dbpedia.org/ontology/Settlement>	<http://ja.dbpedia.org/property/支庁>	"支庁"@ja	<http://ja.wikipedia.org/wiki/上川総合振興局>	<http://wikidata.dbpedia.org/resource/Q1152333>
<http://ja.dbpedia.org/resource/上川総合振興局>	"上川総合振興局"@ja	<http://dbpedia.org/ontology/Place>	<http://ja.dbpedia.org/property/支庁>	"支庁"@ja	<http://ja.wikipedia.org/wiki/上川総合振興局>	<http://wikidata.dbpedia.org/resource/Q1152333>
<http://ja.dbpedia.org/resource/占冠村>	"占冠村"@ja	<http://dbpedia.org/ontology/Place>	<http://ja.dbpedia.org/property/south>	"South"@ja	<http://ja.wikipedia.org/wiki/占冠村>	<http://wikidata.dbpedia.org/resource/Q1356989>
<http://ja.dbpedia.org/resource/占冠村>	"占冠村"@ja	<http://dbpedia.org/ontology/PopulatedPlace>	<http://ja.dbpedia.org/property/隣接自治体>	"隣接自治体"@ja	<http://ja.wikipedia.org/wiki/占冠村>	<http://wikidata.dbpedia.org/resource/Q1356989>
<http://ja.dbpedia.org/resource/占冠村>	"占冠村"@ja	<http://dbpedia.org/ontology/City>	<http://ja.dbpedia.org/property/south>	"South"@ja	<http://ja.wikipedia.org/wiki/占冠村>	<http://wikidata.dbpedia.org/resource/Q1356989>
<http://ja.dbpedia.org/resource/占冠村>	"占冠村"@ja	<http://dbpedia.org/ontology/Settlement>	<http://ja.dbpedia.org/property/隣接自治体>	"隣接自治体"@ja	<http://ja.wikipedia.org/wiki/占冠村>	<http://wikidata.dbpedia.org/resource/Q1356989>
<http://ja.dbpedia.org/resource/占冠村>	"占冠村"@ja	<http://dbpedia.org/ontology/Location>	<http://ja.dbpedia.org/property/隣接自治体>	"隣接自治体"@ja	<http://ja.wikipedia.org/wiki/占冠村>	<http://wikidata.dbpedia.org/resource/Q1356989>
<http://ja.dbpedia.org/resource/占冠村>	"占冠村"@ja	<http://dbpedia.org/ontology/PopulatedPlace>	<http://ja.dbpedia.org/property/south>	"South"@ja	<http://ja.wikipedia.org/wiki/占冠村>	<http://wikidata.dbpedia.org/resource/Q1356989>
<http://ja.dbpedia.org/resource/占冠村>	"占冠村"@ja	<http://dbpedia.org/ontology/City>	<http://ja.dbpedia.org/property/隣接自治体>	"隣接自治体"@ja	<http://ja.wikipedia.org/wiki/占冠村>	<http://wikidata.dbpedia.org/resource/Q1356989>
<http://ja.dbpedia.org/resource/占冠村>	"占冠村"@ja	<http://dbpedia.org/ontology/Settlement>	<http://ja.dbpedia.org/property/south>	"South"@ja	<http://ja.wikipedia.org/wiki/占冠村>	<http://wikidata.dbpedia.org/resource/Q1356989>
<http://ja.dbpedia.org/resource/占冠村>	"占冠村"@ja	<http://dbpedia.org/ontology/Location>	<http://ja.dbpedia.org/property/south>	"South"@ja	<http://ja.wikipedia.org/wiki/占冠村>	<http://wikidata.dbpedia.org/resource/Q1356989>
<http://ja.dbpedia.org/resource/占冠村>	"占冠村"@ja	<http://dbpedia.org/ontology/Place>	<http://ja.dbpedia.org/property/隣接自治体>	"隣接自治体"@ja	<http://ja.wikipedia.org/wiki/占冠村>	<http://wikidata.dbpedia.org/resource/Q1356989>
<http://ja.dbpedia.org/resource/夕張市>	"夕張市"@ja	<http://dbpedia.org/ontology/City>	<http://ja.dbpedia.org/property/west>	"West"@ja	<http://ja.wikipedia.org/wiki/夕張市>	<http://wikidata.dbpedia.org/resource/Q637145>
<http://ja.dbpedia.org/resource/夕張市>	"夕張市"@ja	<http://dbpedia.org/ontology/Settlement>	<http://ja.dbpedia.org/property/隣接自治体>	"隣接自治体"@ja	<http://ja.wikipedia.org/wiki/夕張市>	<http://wikidata.dbpedia.org/resource/Q637145>
<http://ja.dbpedia.org/resource/夕張市>	"夕張市"@ja	<http://dbpedia.org/ontology/PopulatedPlace>	<http://ja.dbpedia.org/property/隣接自治体>	"隣接自治体"@ja	<http://ja.wikipedia.org/wiki/夕張市>	<http://wikidata.dbpedia.org/resource/Q637145>
<http://ja.dbpedia.org/resource/夕張市>	"夕張市"@ja	<http://dbpedia.org/ontology/Place>	<http://ja.dbpedia.org/property/west>	"West"@ja	<http://ja.wikipedia.org/wiki/夕張市>	<http://wikidata.dbpedia.org/resource/Q637145>
<http://ja.dbpedia.org/resource/夕張市>	"夕張市"@ja	<http://dbpedia.org/ontology/Location>	<http://ja.dbpedia.org/property/隣接自治体>	"隣接自治体"@ja	<http://ja.wikipedia.org/wiki/夕張市>	<http://wikidata.dbpedia.org/resource/Q637145>
<http://ja.dbpedia.org/resource/夕張市>	"夕張市"@ja	<http://dbpedia.org/ontology/Location>	<http://ja.dbpedia.org/property/west>	"West"@ja	<http://ja.wikipedia.org/wiki/夕張市>	<http://wikidata.dbpedia.org/resource/Q637145>
<http://ja.dbpedia.org/resource/夕張市>	"夕張市"@ja	<http://dbpedia.org/ontology/Place>	<http://ja.dbpedia.org/property/隣接自治体>	"隣接自治体"@ja	<http://ja.wikipedia.org/wiki/夕張市>	<http://wikidata.dbpedia.org/resource/Q637145>
<http://ja.dbpedia.org/resource/夕張市>	"夕張市"@ja	<http://dbpedia.org/ontology/Settlement>	<http://ja.dbpedia.org/property/west>	"West"@ja	<http://ja.wikipedia.org/wiki/夕張市>	<http://wikidata.dbpedia.org/resource/Q637145>
<http://ja.dbpedia.org/resource/夕張市>	"夕張市"@ja	<http://dbpedia.org/ontology/PopulatedPlace>	<http://ja.dbpedia.org/property/west>	"West"@ja	<http://ja.wikipedia.org/wiki/夕張市>	<http://wikidata.dbpedia.org/resource/Q637145>
<http://ja.dbpedia.org/resource/夕張市>	"夕張市"@ja	<http://dbpedia.org/ontology/City>	<http://ja.dbpedia.org/property/隣接自治体>	"隣接自治体"@ja	<http://ja.wikipedia.org/wiki/夕張市>	<http://wikidata.dbpedia.org/resource/Q637145>
<http://ja.dbpedia.org/resource/富良野市>	"富良野市"@ja	<http://dbpedia.org/ontology/Place>	<http://ja.dbpedia.org/property/隣接自治体>	"隣接自治体"@ja	<http://ja.wikipedia.org/wiki/富良野市>	<http://wikidata.dbpedia.org/resource/Q654738>
<http://ja.dbpedia.org/resource/富良野市>	"富良野市"@ja	<http://dbpedia.org/ontology/PopulatedPlace>	<http://ja.dbpedia.org/property/north>	"North"@ja	<http://ja.wikipedia.org/wiki/富良野市>	<http://wikidata.dbpedia.org/resource/Q654738>
<http://ja.dbpedia.org/resource/富良野市>	"富良野市"@ja	<http://dbpedia.org/ontology/Location>	<http://ja.dbpedia.org/property/north>	"North"@ja	<http://ja.wikipedia.org/wiki/富良野市>	<http://wikidata.dbpedia.org/resource/Q654738>
<http://ja.dbpedia.org/resource/富良野市>	"富良野市"@ja	<http://dbpedia.org/ontology/City>	<http://ja.dbpedia.org/property/隣接自治体>	"隣接自治体"@ja	<http://ja.wikipedia.org/wiki/富良野市>	<http://wikidata.dbpedia.org/resource/Q654738>
<http://ja.dbpedia.org/resource/富良野市>	"富良野市"@ja	<http://dbpedia.org/ontology/Settlement>	<http://ja.dbpedia.org/property/north>	"North"@ja	<http://ja.wikipedia.org/wiki/富良野市>	<http://wikidata.dbpedia.org/resource/Q654738>
<http://ja.dbpedia.org/resource/富良野市>	"富良野市"@ja	<http://dbpedia.org/ontology/Settlement>	<http://ja.dbpedia.org/property/隣接自治体>	"隣接自治体"@ja	<http://ja.wikipedia.org/wiki/富良野市>	<http://wikidata.dbpedia.org/resource/Q654738>
<http://ja.dbpedia.org/resource/富良野市>	"富良野市"@ja	<http://dbpedia.org/ontology/City>	<http://ja.dbpedia.org/property/north>	"North"@ja	<http://ja.wikipedia.org/wiki/富良野市>	<http://wikidata.dbpedia.org/resource/Q654738>
<http://ja.dbpedia.org/resource/富良野市>	"富良野市"@ja	<http://dbpedia.org/ontology/PopulatedPlace>	<http://ja.dbpedia.org/property/隣接自治体>	"隣接自治体"@ja	<http://ja.wikipedia.org/wiki/富良野市>	<http://wikidata.dbpedia.org/resource/Q654738>
<http://ja.dbpedia.org/resource/富良野市>	"富良野市"@ja	<http://dbpedia.org/ontology/Place>	<http://ja.dbpedia.org/property/north>	"North"@ja	<http://ja.wikipedia.org/wiki/富良野市>	<http://wikidata.dbpedia.org/resource/Q654738>
<http://ja.dbpedia.org/resource/富良野市>	"富良野市"@ja	<http://dbpedia.org/ontology/Location>	<http://ja.dbpedia.org/property/隣接自治体>	"隣接自治体"@ja	<http://ja.wikipedia.org/wiki/富良野市>	<http://wikidata.dbpedia.org/resource/Q654738>
<http://ja.dbpedia.org/resource/新得町>	"新得町"@ja	<http://dbpedia.org/ontology/Settlement>	<http://ja.dbpedia.org/property/east>	"East"@ja	<http://ja.wikipedia.org/wiki/新得町>	<http://wikidata.dbpedia.org/resource/Q1210175>
<http://ja.dbpedia.org/resource/新得町>	"新得町"@ja	<http://dbpedia.org/ontology/City>	<http://ja.dbpedia.org/property/隣接自治体>	"隣接自治体"@ja	<http://ja.wikipedia.org/wiki/新得町>	<http://wikidata.dbpedia.org/resource/Q1210175>
<http://ja.dbpedia.org/resource/新得町>	"新得町"@ja	<http://dbpedia.org/ontology/PopulatedPlace>	<http://ja.dbpedia.org/property/east>	"East"@ja	<http://ja.wikipedia.org/wiki/新得町>	<http://wikidata.dbpedia.org/resource/Q1210175>
<http://ja.dbpedia.org/resource/新得町>	"新得町"@ja	<http://dbpedia.org/ontology/Place>	<http://ja.dbpedia.org/property/隣接自治体>	"隣接自治体"@ja	<http://ja.wikipedia.org/wiki/新得町>	<http://wikidata.dbpedia.org/resource/Q1210175>
<http://ja.dbpedia.org/resource/新得町>	"新得町"@ja	<http://dbpedia.org/ontology/Location>	<http://ja.dbpedia.org/property/east>	"East"@ja	<http://ja.wikipedia.org/wiki/新得町>	<http://wikidata.dbpedia.org/resource/Q1210175>
<http://ja.dbpedia.org/resource/新得町>	"新得町"@ja	<http://dbpedia.org/ontology/Location>	<http://ja.dbpedia.org/property/隣接自治体>	"隣接自治体"@ja	<http://ja.wikipedia.org/wiki/新得町>	<http://wikidata.dbpedia.org/resource/Q1210175>
<http://ja.dbpedia.org/resource/新得町>	"新得町"@ja	<http://dbpedia.org/ontology/Place>	<http://ja.dbpedia.org/property/east>	"East"@ja	<http://ja.wikipedia.org/wiki/新得町>	<http://wikidata.dbpedia.org/resource/Q1210175>
<http://ja.dbpedia.org/resource/新得町>	"新得町"@ja	<http://dbpedia.org/ontology/Settlement>	<http://ja.dbpedia.org/property/隣接自治体>	"隣接自治体"@ja	<http://ja.wikipedia.org/wiki/新得町>	<http://wikidata.dbpedia.org/resource/Q1210175>
<http://ja.dbpedia.org/resource/新得町>	"新得町"@ja	<http://dbpedia.org/ontology/PopulatedPlace>	<http://ja.dbpedia.org/property/隣接自治体>	"隣接自治体"@ja	<http://ja.wikipedia.org/wiki/新得町>	<http://wikidata.dbpedia.org/resource/Q1210175>
<http://ja.dbpedia.org/resource/新得町>	"新得町"@ja	<http://dbpedia.org/ontology/City>	<http://ja.dbpedia.org/property/east>	"East"@ja	<http://ja.wikipedia.org/wiki/新得町>	<http://wikidata.dbpedia.org/resource/Q1210175>
<http://ja.dbpedia.org/resource/日高町_(北海道)>	"日高町 (北海道)"@ja	<http://dbpedia.org/ontology/Place>	<http://ja.dbpedia.org/property/southeast>	"Southeast"@ja	<http://ja.wikipedia.org/wiki/日高町_(北海道)>	<http://wikidata.dbpedia.org/resource/Q1354380>
<http://ja.dbpedia.org/resource/日高町_(北海道)>	"日高町 (北海道)"@ja	<http://dbpedia.org/ontology/PopulatedPlace>	<http://ja.dbpedia.org/property/隣接自治体>	"隣接自治体"@ja	<http://ja.wikipedia.org/wiki/日高町_(北海道)>	<http://wikidata.dbpedia.org/resource/Q1354380>
<http://ja.dbpedia.org/resource/日高町_(北海道)>	"日高町 (北海道)"@ja	<http://dbpedia.org/ontology/Location>	<http://ja.dbpedia.org/property/隣接自治体>	"隣接自治体"@ja	<http://ja.wikipedia.org/wiki/日高町_(北海道)>	<http://wikidata.dbpedia.org/resource/Q1354380>
<http://ja.dbpedia.org/resource/日高町_(北海道)>	"日高町 (北海道)"@ja	<http://dbpedia.org/ontology/City>	<http://ja.dbpedia.org/property/southeast>	"Southeast"@ja	<http://ja.wikipedia.org/wiki/日高町_(北海道)>	<http://wikidata.dbpedia.org/resource/Q1354380>
<http://ja.dbpedia.org/resource/日高町_(北海道)>	"日高町 (北海道)"@ja	<http://dbpedia.org/ontology/Settlement>	<http://ja.dbpedia.org/property/隣接自治体>	"隣接自治体"@ja	<http://ja.wikipedia.org/wiki/日高町_(北海道)>	<http://wikidata.dbpedia.org/resource/Q1354380>
<http://ja.dbpedia.org/resource/日高町_(北海道)>	"日高町 (北海道)"@ja	<http://dbpedia.org/ontology/Settlement>	<http://ja.dbpedia.org/property/southeast>	"Southeast"@ja	<http://ja.wikipedia.org/wiki/日高町_(北海道)>	<http://wikidata.dbpedia.org/resource/Q1354380>
<http://ja.dbpedia.org/resource/日高町_(北海道)>	"日高町 (北海道)"@ja	<http://dbpedia.org/ontology/City>	<http://ja.dbpedia.org/property/隣接自治体>	"隣接自治体"@ja	<http://ja.wikipedia.org/wiki/日高町_(北海道)>	<http://wikidata.dbpedia.org/resource/Q1354380>
<http://ja.dbpedia.org/resource/日高町_(北海道)>	"日高町 (北海道)"@ja	<http://dbpedia.org/ontology/PopulatedPlace>	<http://ja.dbpedia.org/property/southeast>	"Southeast"@ja	<http://ja.wikipedia.org/wiki/日高町_(北海道)>	<http://wikidata.dbpedia.org/resource/Q1354380>
<http://ja.dbpedia.org/resource/日高町_(北海道)>	"日高町 (北海道)"@ja	<http://dbpedia.org/ontology/Place>	<http://ja.dbpedia.org/property/隣接自治体>	"隣接自治体"@ja	<http://ja.wikipedia.org/wiki/日高町_(北海道)>	<http://wikidata.dbpedia.org/resource/Q1354380>
<http://ja.dbpedia.org/resource/日高町_(北海道)>	"日高町 (北海道)"@ja	<http://dbpedia.org/ontology/Location>	<http://ja.dbpedia.org/property/southeast>	"Southeast"@ja	<http://ja.wikipedia.org/wiki/日高町_(北海道)>	<http://wikidata.dbpedia.org/resource/Q1354380>
<http://ja.dbpedia.org/resource/清水町_(北海道)>	"清水町 (北海道)"@ja	<http://dbpedia.org/ontology/City>	<http://ja.dbpedia.org/property/隣接自治体>	"隣接自治体"@ja	<http://ja.wikipedia.org/wiki/清水町_(北海道)>	<http://wikidata.dbpedia.org/resource/Q1210528>
<http://ja.dbpedia.org/resource/清水町_(北海道)>	"清水町 (北海道)"@ja	<http://dbpedia.org/ontology/PopulatedPlace>	<http://ja.dbpedia.org/property/southeast>	"Southeast"@ja	<http://ja.wikipedia.org/wiki/清水町_(北海道)>	<http://wikidata.dbpedia.org/resource/Q1210528>
<http://ja.dbpedia.org/resource/清水町_(北海道)>	"清水町 (北海道)"@ja	<http://dbpedia.org/ontology/Place>	<http://ja.dbpedia.org/property/隣接自治体>	"隣接自治体"@ja	<http://ja.wikipedia.org/wiki/清水町_(北海道)>	<http://wikidata.dbpedia.org/resource/Q1210528>
<http://ja.dbpedia.org/resource/清水町_(北海道)>	"清水町 (北海道)"@ja	<http://dbpedia.org/ontology/Location>	<http://ja.dbpedia.org/property/southeast>	"Southeast"@ja	<http://ja.wikipedia.org/wiki/清水町_(北海道)>	<http://wikidata.dbpedia.org/resource/Q1210528>
<http://ja.dbpedia.org/resource/清水町_(北海道)>	"清水町 (北海道)"@ja	<http://dbpedia.org/ontology/Settlement>	<http://ja.dbpedia.org/property/southeast>	"Southeast"@ja	<http://ja.wikipedia.org/wiki/清水町_(北海道)>	<http://wikidata.dbpedia.org/resource/Q1210528>
<http://ja.dbpedia.org/resource/清水町_(北海道)>	"清水町 (北海道)"@ja	<http://dbpedia.org/ontology/PopulatedPlace>	<http://ja.dbpedia.org/property/隣接自治体>	"隣接自治体"@ja	<http://ja.wikipedia.org/wiki/清水町_(北海道)>	<http://wikidata.dbpedia.org/resource/Q1210528>
<http://ja.dbpedia.org/resource/清水町_(北海道)>	"清水町 (北海道)"@ja	<http://dbpedia.org/ontology/Place>	<http://ja.dbpedia.org/property/southeast>	"Southeast"@ja	<http://ja.wikipedia.org/wiki/清水町_(北海道)>	<http://wikidata.dbpedia.org/resource/Q1210528>
<http://ja.dbpedia.org/resource/清水町_(北海道)>	"清水町 (北海道)"@ja	<http://dbpedia.org/ontology/Location>	<http://ja.dbpedia.org/property/隣接自治体>	"隣接自治体"@ja	<http://ja.wikipedia.org/wiki/清水町_(北海道)>	<http://wikidata.dbpedia.org/resource/Q1210528>
<http://ja.dbpedia.org/resource/清水町_(北海道)>	"清水町 (北海道)"@ja	<http://dbpedia.org/ontology/Settlement>	<http://ja.dbpedia.org/property/隣接自治体>	"隣接自治体"@ja	<http://ja.wikipedia.org/wiki/清水町_(北海道)>	<http://wikidata.dbpedia.org/resource/Q1210528>
<http://ja.dbpedia.org/resource/清水町_(北海道)>	"清水町 (北海道)"@ja	<http://dbpedia.org/ontology/City>	<http://ja.dbpedia.org/property/southeast>	"Southeast"@ja	<http://ja.wikipedia.org/wiki/清水町_(北海道)>	<http://wikidata.dbpedia.org/resource/Q1210528>
<http://ja.dbpedia.org/resource/芦別市>	"芦別市"@ja	<http://dbpedia.org/ontology/PopulatedPlace>	<http://ja.dbpedia.org/property/northwest>	"Northwest"@ja	<http://ja.wikipedia.org/wiki/芦別市>	<http://wikidata.dbpedia.org/resource/Q725311>
<http://ja.dbpedia.org/resource/芦別市>	"芦別市"@ja	<http://dbpedia.org/ontology/Place>	<http://ja.dbpedia.org/property/隣接自治体>	"隣接自治体"@ja	<http://ja.wikipedia.org/wiki/芦別市>	<http://wikidata.dbpedia.org/resource/Q725311>
<http://ja.dbpedia.org/resource/芦別市>	"芦別市"@ja	<http://dbpedia.org/ontology/City>	<http://ja.dbpedia.org/property/隣接自治体>	"隣接自治体"@ja	<http://ja.wikipedia.org/wiki/芦別市>	<http://wikidata.dbpedia.org/resource/Q725311>
<http://ja.dbpedia.org/resource/芦別市>	"芦別市"@ja	<http://dbpedia.org/ontology/Settlement>	<http://ja.dbpedia.org/property/northwest>	"Northwest"@ja	<http://ja.wikipedia.org/wiki/芦別市>	<http://wikidata.dbpedia.org/resource/Q725311>
<http://ja.dbpedia.org/resource/芦別市>	"芦別市"@ja	<http://dbpedia.org/ontology/Location>	<http://ja.dbpedia.org/property/northwest>	"Northwest"@ja	<http://ja.wikipedia.org/wiki/芦別市>	<http://wikidata.dbpedia.org/resource/Q725311>
<http://ja.dbpedia.org/resource/芦別市>	"芦別市"@ja	<http://dbpedia.org/ontology/Location>	<http://ja.dbpedia.org/property/隣接自治体>	"隣接自治体"@ja	<http://ja.wikipedia.org/wiki/芦別市>	<http://wikidata.dbpedia.org/resource/Q725311>
<http://ja.dbpedia.org/resource/芦別市>	"芦別市"@ja	<http://dbpedia.org/ontology/Place>	<http://ja.dbpedia.org/property/northwest>	"Northwest"@ja	<http://ja.wikipedia.org/wiki/芦別市>	<http://wikidata.dbpedia.org/resource/Q725311>
<http://ja.dbpedia.org/resource/芦別市>	"芦別市"@ja	<http://dbpedia.org/ontology/Settlement>	<http://ja.dbpedia.org/property/隣接自治体>	"隣接自治体"@ja	<http://ja.wikipedia.org/wiki/芦別市>	<http://wikidata.dbpedia.org/resource/Q725311>
<http://ja.dbpedia.org/resource/芦別市>	"芦別市"@ja	<http://dbpedia.org/ontology/PopulatedPlace>	<http://ja.dbpedia.org/property/隣接自治体>	"隣接自治体"@ja	<http://ja.wikipedia.org/wiki/芦別市>	<http://wikidata.dbpedia.org/resource/Q725311>
<http://ja.dbpedia.org/resource/芦別市>	"芦別市"@ja	<http://dbpedia.org/ontology/City>	<http://ja.dbpedia.org/property/northwest>	"Northwest"@ja	<http://ja.wikipedia.org/wiki/芦別市>	<http://wikidata.dbpedia.org/resource/Q725311>
<http://ja.dbpedia.org/resource/金山ダム>	"金山ダム"@ja	<http://dbpedia.org/ontology/Dam>	<http://ja.dbpedia.org/property/画像の説明>	"画像の説明"@ja	<http://ja.wikipedia.org/wiki/金山ダム>	<http://wikidata.dbpedia.org/resource/Q6360853>
<http://ja.dbpedia.org/resource/金山ダム>	"金山ダム"@ja	<http://dbpedia.org/ontology/ArchitecturalStructure>	<http://ja.dbpedia.org/property/画像の説明>	"画像の説明"@ja	<http://ja.wikipedia.org/wiki/金山ダム>	<http://wikidata.dbpedia.org/resource/Q6360853>
<http://ja.dbpedia.org/resource/金山ダム>	"金山ダム"@ja	<http://dbpedia.org/ontology/Infrastructure>	<http://ja.dbpedia.org/property/画像の説明>	"画像の説明"@ja	<http://ja.wikipedia.org/wiki/金山ダム>	<http://wikidata.dbpedia.org/resource/Q6360853>
