?s	?sLabel	?type	?p	?pLabel	?jwiki	?wd
<http://ja.dbpedia.org/resource/むかわ町>	"むかわ町"@ja	<http://dbpedia.org/ontology/City>	<http://ja.dbpedia.org/property/隣接自治体>	"隣接自治体"@ja	<http://ja.wikipedia.org/wiki/むかわ町>	<http://wikidata.dbpedia.org/resource/Q1187152>
<http://ja.dbpedia.org/resource/むかわ町>	"むかわ町"@ja	<http://dbpedia.org/ontology/Settlement>	<http://ja.dbpedia.org/property/隣接自治体>	"隣接自治体"@ja	<http://ja.wikipedia.org/wiki/むかわ町>	<http://wikidata.dbpedia.org/resource/Q1187152>
<http://ja.dbpedia.org/resource/むかわ町>	"むかわ町"@ja	<http://dbpedia.org/ontology/Place>	<http://ja.dbpedia.org/property/隣接自治体>	"隣接自治体"@ja	<http://ja.wikipedia.org/wiki/むかわ町>	<http://wikidata.dbpedia.org/resource/Q1187152>
<http://ja.dbpedia.org/resource/むかわ町>	"むかわ町"@ja	<http://dbpedia.org/ontology/PopulatedPlace>	<http://ja.dbpedia.org/property/隣接自治体>	"隣接自治体"@ja	<http://ja.wikipedia.org/wiki/むかわ町>	<http://wikidata.dbpedia.org/resource/Q1187152>
<http://ja.dbpedia.org/resource/むかわ町>	"むかわ町"@ja	<http://dbpedia.org/ontology/Location>	<http://ja.dbpedia.org/property/隣接自治体>	"隣接自治体"@ja	<http://ja.wikipedia.org/wiki/むかわ町>	<http://wikidata.dbpedia.org/resource/Q1187152>
<http://ja.dbpedia.org/resource/カエデ>	"カエデ"@ja	<http://dbpedia.org/ontology/Eukaryote>	<http://ja.dbpedia.org/property/木>	"木"@ja	<http://ja.wikipedia.org/wiki/カエデ>	<http://wikidata.dbpedia.org/resource/Q42292>
<http://ja.dbpedia.org/resource/カエデ>	"カエデ"@ja	<http://dbpedia.org/ontology/Plant>	<http://ja.dbpedia.org/property/木>	"木"@ja	<http://ja.wikipedia.org/wiki/カエデ>	<http://wikidata.dbpedia.org/resource/Q42292>
<http://ja.dbpedia.org/resource/カエデ>	"カエデ"@ja	<http://dbpedia.org/ontology/Species>	<http://ja.dbpedia.org/property/木>	"木"@ja	<http://ja.wikipedia.org/wiki/カエデ>	<http://wikidata.dbpedia.org/resource/Q42292>
<http://ja.dbpedia.org/resource/ツツジ>	"ツツジ"@ja	<http://dbpedia.org/ontology/Species>	<http://ja.dbpedia.org/property/花>	"花"@ja	<http://ja.wikipedia.org/wiki/ツツジ>	<http://wikidata.dbpedia.org/resource/Q189393>
<http://ja.dbpedia.org/resource/上川総合振興局>	"上川総合振興局"@ja	<http://dbpedia.org/ontology/Place>	<http://ja.dbpedia.org/property/支庁>	"支庁"@ja	<http://ja.wikipedia.org/wiki/上川総合振興局>	<http://wikidata.dbpedia.org/resource/Q1152333>
<http://ja.dbpedia.org/resource/上川総合振興局>	"上川総合振興局"@ja	<http://dbpedia.org/ontology/PopulatedPlace>	<http://ja.dbpedia.org/property/支庁>	"支庁"@ja	<http://ja.wikipedia.org/wiki/上川総合振興局>	<http://wikidata.dbpedia.org/resource/Q1152333>
<http://ja.dbpedia.org/resource/上川総合振興局>	"上川総合振興局"@ja	<http://dbpedia.org/ontology/Location>	<http://ja.dbpedia.org/property/支庁>	"支庁"@ja	<http://ja.wikipedia.org/wiki/上川総合振興局>	<http://wikidata.dbpedia.org/resource/Q1152333>
<http://ja.dbpedia.org/resource/上川総合振興局>	"上川総合振興局"@ja	<http://dbpedia.org/ontology/Settlement>	<http://ja.dbpedia.org/property/支庁>	"支庁"@ja	<http://ja.wikipedia.org/wiki/上川総合振興局>	<http://wikidata.dbpedia.org/resource/Q1152333>
<http://ja.dbpedia.org/resource/南富良野町>	"南富良野町"@ja	<http://dbpedia.org/ontology/City>	<http://ja.dbpedia.org/property/隣接自治体>	"隣接自治体"@ja	<http://ja.wikipedia.org/wiki/南富良野町>	<http://wikidata.dbpedia.org/resource/Q1357254>
<http://ja.dbpedia.org/resource/南富良野町>	"南富良野町"@ja	<http://dbpedia.org/ontology/PopulatedPlace>	<http://ja.dbpedia.org/property/隣接自治体>	"隣接自治体"@ja	<http://ja.wikipedia.org/wiki/南富良野町>	<http://wikidata.dbpedia.org/resource/Q1357254>
<http://ja.dbpedia.org/resource/南富良野町>	"南富良野町"@ja	<http://dbpedia.org/ontology/Location>	<http://ja.dbpedia.org/property/隣接自治体>	"隣接自治体"@ja	<http://ja.wikipedia.org/wiki/南富良野町>	<http://wikidata.dbpedia.org/resource/Q1357254>
<http://ja.dbpedia.org/resource/南富良野町>	"南富良野町"@ja	<http://dbpedia.org/ontology/Settlement>	<http://ja.dbpedia.org/property/隣接自治体>	"隣接自治体"@ja	<http://ja.wikipedia.org/wiki/南富良野町>	<http://wikidata.dbpedia.org/resource/Q1357254>
<http://ja.dbpedia.org/resource/南富良野町>	"南富良野町"@ja	<http://dbpedia.org/ontology/Place>	<http://ja.dbpedia.org/property/隣接自治体>	"隣接自治体"@ja	<http://ja.wikipedia.org/wiki/南富良野町>	<http://wikidata.dbpedia.org/resource/Q1357254>
<http://ja.dbpedia.org/resource/夕張市>	"夕張市"@ja	<http://dbpedia.org/ontology/PopulatedPlace>	<http://ja.dbpedia.org/property/隣接自治体>	"隣接自治体"@ja	<http://ja.wikipedia.org/wiki/夕張市>	<http://wikidata.dbpedia.org/resource/Q637145>
<http://ja.dbpedia.org/resource/夕張市>	"夕張市"@ja	<http://dbpedia.org/ontology/Place>	<http://ja.dbpedia.org/property/隣接自治体>	"隣接自治体"@ja	<http://ja.wikipedia.org/wiki/夕張市>	<http://wikidata.dbpedia.org/resource/Q637145>
<http://ja.dbpedia.org/resource/夕張市>	"夕張市"@ja	<http://dbpedia.org/ontology/City>	<http://ja.dbpedia.org/property/隣接自治体>	"隣接自治体"@ja	<http://ja.wikipedia.org/wiki/夕張市>	<http://wikidata.dbpedia.org/resource/Q637145>
<http://ja.dbpedia.org/resource/夕張市>	"夕張市"@ja	<http://dbpedia.org/ontology/Location>	<http://ja.dbpedia.org/property/隣接自治体>	"隣接自治体"@ja	<http://ja.wikipedia.org/wiki/夕張市>	<http://wikidata.dbpedia.org/resource/Q637145>
<http://ja.dbpedia.org/resource/夕張市>	"夕張市"@ja	<http://dbpedia.org/ontology/Settlement>	<http://ja.dbpedia.org/property/隣接自治体>	"隣接自治体"@ja	<http://ja.wikipedia.org/wiki/夕張市>	<http://wikidata.dbpedia.org/resource/Q637145>
<http://ja.dbpedia.org/resource/平取町>	"平取町"@ja	<http://dbpedia.org/ontology/City>	<http://ja.dbpedia.org/property/隣接自治体>	"隣接自治体"@ja	<http://ja.wikipedia.org/wiki/平取町>	<http://wikidata.dbpedia.org/resource/Q1354447>
<http://ja.dbpedia.org/resource/平取町>	"平取町"@ja	<http://dbpedia.org/ontology/PopulatedPlace>	<http://ja.dbpedia.org/property/隣接自治体>	"隣接自治体"@ja	<http://ja.wikipedia.org/wiki/平取町>	<http://wikidata.dbpedia.org/resource/Q1354447>
<http://ja.dbpedia.org/resource/平取町>	"平取町"@ja	<http://dbpedia.org/ontology/Location>	<http://ja.dbpedia.org/property/隣接自治体>	"隣接自治体"@ja	<http://ja.wikipedia.org/wiki/平取町>	<http://wikidata.dbpedia.org/resource/Q1354447>
<http://ja.dbpedia.org/resource/平取町>	"平取町"@ja	<http://dbpedia.org/ontology/Settlement>	<http://ja.dbpedia.org/property/隣接自治体>	"隣接自治体"@ja	<http://ja.wikipedia.org/wiki/平取町>	<http://wikidata.dbpedia.org/resource/Q1354447>
<http://ja.dbpedia.org/resource/平取町>	"平取町"@ja	<http://dbpedia.org/ontology/Place>	<http://ja.dbpedia.org/property/隣接自治体>	"隣接自治体"@ja	<http://ja.wikipedia.org/wiki/平取町>	<http://wikidata.dbpedia.org/resource/Q1354447>
<http://ja.dbpedia.org/resource/日高町_(北海道)>	"日高町 (北海道)"@ja	<http://dbpedia.org/ontology/Settlement>	<http://ja.dbpedia.org/property/隣接自治体>	"隣接自治体"@ja	<http://ja.wikipedia.org/wiki/日高町_(北海道)>	<http://wikidata.dbpedia.org/resource/Q1354380>
<http://ja.dbpedia.org/resource/日高町_(北海道)>	"日高町 (北海道)"@ja	<http://dbpedia.org/ontology/PopulatedPlace>	<http://ja.dbpedia.org/property/隣接自治体>	"隣接自治体"@ja	<http://ja.wikipedia.org/wiki/日高町_(北海道)>	<http://wikidata.dbpedia.org/resource/Q1354380>
<http://ja.dbpedia.org/resource/日高町_(北海道)>	"日高町 (北海道)"@ja	<http://dbpedia.org/ontology/Place>	<http://ja.dbpedia.org/property/隣接自治体>	"隣接自治体"@ja	<http://ja.wikipedia.org/wiki/日高町_(北海道)>	<http://wikidata.dbpedia.org/resource/Q1354380>
<http://ja.dbpedia.org/resource/日高町_(北海道)>	"日高町 (北海道)"@ja	<http://dbpedia.org/ontology/City>	<http://ja.dbpedia.org/property/隣接自治体>	"隣接自治体"@ja	<http://ja.wikipedia.org/wiki/日高町_(北海道)>	<http://wikidata.dbpedia.org/resource/Q1354380>
<http://ja.dbpedia.org/resource/日高町_(北海道)>	"日高町 (北海道)"@ja	<http://dbpedia.org/ontology/Location>	<http://ja.dbpedia.org/property/隣接自治体>	"隣接自治体"@ja	<http://ja.wikipedia.org/wiki/日高町_(北海道)>	<http://wikidata.dbpedia.org/resource/Q1354380>
<http://ja.dbpedia.org/resource/星野リゾート_トマム>	"星野リゾート トマム"@ja	<http://dbpedia.org/ontology/SportFacility>	<http://ja.dbpedia.org/property/画像の説明>	"画像の説明"@ja	<http://ja.wikipedia.org/wiki/星野リゾート_トマム>	<http://wikidata.dbpedia.org/resource/Q11513061>
<http://ja.dbpedia.org/resource/星野リゾート_トマム>	"星野リゾート トマム"@ja	<http://dbpedia.org/ontology/ArchitecturalStructure>	<http://ja.dbpedia.org/property/画像の説明>	"画像の説明"@ja	<http://ja.wikipedia.org/wiki/星野リゾート_トマム>	<http://wikidata.dbpedia.org/resource/Q11513061>
<http://ja.dbpedia.org/resource/星野リゾート_トマム>	"星野リゾート トマム"@ja	<http://dbpedia.org/ontology/SkiArea>	<http://ja.dbpedia.org/property/画像の説明>	"画像の説明"@ja	<http://ja.wikipedia.org/wiki/星野リゾート_トマム>	<http://wikidata.dbpedia.org/resource/Q11513061>
