?s	?sLabel	?type	?p	?pLabel	?jwiki	?wd
<http://ja.dbpedia.org/resource/カタクリ>	"カタクリ"@ja	<http://dbpedia.org/ontology/Species>	<http://ja.dbpedia.org/property/花>	"花"@ja	<http://ja.wikipedia.org/wiki/カタクリ>	<http://wikidata.dbpedia.org/resource/Q163120>
<http://ja.dbpedia.org/resource/ニレ>	"ニレ"@ja	<http://dbpedia.org/ontology/Species>	<http://ja.dbpedia.org/property/木>	"木"@ja	<http://ja.wikipedia.org/wiki/ニレ>	<http://wikidata.dbpedia.org/resource/Q131113>
<http://ja.dbpedia.org/resource/上川総合振興局>	"上川総合振興局"@ja	<http://dbpedia.org/ontology/PopulatedPlace>	<http://ja.dbpedia.org/property/支庁>	"支庁"@ja	<http://ja.wikipedia.org/wiki/上川総合振興局>	<http://wikidata.dbpedia.org/resource/Q1152333>
<http://ja.dbpedia.org/resource/上川総合振興局>	"上川総合振興局"@ja	<http://dbpedia.org/ontology/Place>	<http://ja.dbpedia.org/property/支庁>	"支庁"@ja	<http://ja.wikipedia.org/wiki/上川総合振興局>	<http://wikidata.dbpedia.org/resource/Q1152333>
<http://ja.dbpedia.org/resource/上川総合振興局>	"上川総合振興局"@ja	<http://dbpedia.org/ontology/Settlement>	<http://ja.dbpedia.org/property/支庁>	"支庁"@ja	<http://ja.wikipedia.org/wiki/上川総合振興局>	<http://wikidata.dbpedia.org/resource/Q1152333>
<http://ja.dbpedia.org/resource/上川総合振興局>	"上川総合振興局"@ja	<http://dbpedia.org/ontology/Location>	<http://ja.dbpedia.org/property/支庁>	"支庁"@ja	<http://ja.wikipedia.org/wiki/上川総合振興局>	<http://wikidata.dbpedia.org/resource/Q1152333>
<http://ja.dbpedia.org/resource/塩狩峠記念館>	"塩狩峠記念館"@ja	<http://dbpedia.org/ontology/ArchitecturalStructure>	<http://ja.dbpedia.org/property/画像の説明>	"画像の説明"@ja	<http://ja.wikipedia.org/wiki/塩狩峠記念館>	<http://wikidata.dbpedia.org/resource/Q107437271>
<http://ja.dbpedia.org/resource/塩狩峠記念館>	"塩狩峠記念館"@ja	<http://dbpedia.org/ontology/Building>	<http://ja.dbpedia.org/property/画像の説明>	"画像の説明"@ja	<http://ja.wikipedia.org/wiki/塩狩峠記念館>	<http://wikidata.dbpedia.org/resource/Q107437271>
<http://ja.dbpedia.org/resource/塩狩峠記念館>	"塩狩峠記念館"@ja	<http://dbpedia.org/ontology/Museum>	<http://ja.dbpedia.org/property/画像の説明>	"画像の説明"@ja	<http://ja.wikipedia.org/wiki/塩狩峠記念館>	<http://wikidata.dbpedia.org/resource/Q107437271>
<http://ja.dbpedia.org/resource/幌加内町>	"幌加内町"@ja	<http://dbpedia.org/ontology/City>	<http://ja.dbpedia.org/property/隣接自治体>	"隣接自治体"@ja	<http://ja.wikipedia.org/wiki/幌加内町>	<http://wikidata.dbpedia.org/resource/Q1355616>
<http://ja.dbpedia.org/resource/幌加内町>	"幌加内町"@ja	<http://dbpedia.org/ontology/Location>	<http://ja.dbpedia.org/property/隣接自治体>	"隣接自治体"@ja	<http://ja.wikipedia.org/wiki/幌加内町>	<http://wikidata.dbpedia.org/resource/Q1355616>
<http://ja.dbpedia.org/resource/幌加内町>	"幌加内町"@ja	<http://dbpedia.org/ontology/PopulatedPlace>	<http://ja.dbpedia.org/property/隣接自治体>	"隣接自治体"@ja	<http://ja.wikipedia.org/wiki/幌加内町>	<http://wikidata.dbpedia.org/resource/Q1355616>
<http://ja.dbpedia.org/resource/幌加内町>	"幌加内町"@ja	<http://dbpedia.org/ontology/Place>	<http://ja.dbpedia.org/property/隣接自治体>	"隣接自治体"@ja	<http://ja.wikipedia.org/wiki/幌加内町>	<http://wikidata.dbpedia.org/resource/Q1355616>
<http://ja.dbpedia.org/resource/幌加内町>	"幌加内町"@ja	<http://dbpedia.org/ontology/Settlement>	<http://ja.dbpedia.org/property/隣接自治体>	"隣接自治体"@ja	<http://ja.wikipedia.org/wiki/幌加内町>	<http://wikidata.dbpedia.org/resource/Q1355616>
