?s	?sLabel	?type	?p	?pLabel	?jwiki	?wd
<http://ja.dbpedia.org/resource/エゾマツ>	"エゾマツ"@ja	<http://dbpedia.org/ontology/Species>	<http://ja.dbpedia.org/property/木>	"木"@ja	<http://ja.wikipedia.org/wiki/エゾマツ>	<http://wikidata.dbpedia.org/resource/Q1190084>
<http://ja.dbpedia.org/resource/ツツジ>	"ツツジ"@ja	<http://dbpedia.org/ontology/Species>	<http://ja.dbpedia.org/property/花>	"花"@ja	<http://ja.wikipedia.org/wiki/ツツジ>	<http://wikidata.dbpedia.org/resource/Q189393>
<http://ja.dbpedia.org/resource/上川総合振興局>	"上川総合振興局"@ja	<http://dbpedia.org/ontology/PopulatedPlace>	<http://ja.dbpedia.org/property/支庁>	"支庁"@ja	<http://ja.wikipedia.org/wiki/上川総合振興局>	<http://wikidata.dbpedia.org/resource/Q1152333>
<http://ja.dbpedia.org/resource/上川総合振興局>	"上川総合振興局"@ja	<http://dbpedia.org/ontology/Place>	<http://ja.dbpedia.org/property/支庁>	"支庁"@ja	<http://ja.wikipedia.org/wiki/上川総合振興局>	<http://wikidata.dbpedia.org/resource/Q1152333>
<http://ja.dbpedia.org/resource/上川総合振興局>	"上川総合振興局"@ja	<http://dbpedia.org/ontology/Settlement>	<http://ja.dbpedia.org/property/支庁>	"支庁"@ja	<http://ja.wikipedia.org/wiki/上川総合振興局>	<http://wikidata.dbpedia.org/resource/Q1152333>
<http://ja.dbpedia.org/resource/上川総合振興局>	"上川総合振興局"@ja	<http://dbpedia.org/ontology/Location>	<http://ja.dbpedia.org/property/支庁>	"支庁"@ja	<http://ja.wikipedia.org/wiki/上川総合振興局>	<http://wikidata.dbpedia.org/resource/Q1152333>
<http://ja.dbpedia.org/resource/幌加内町>	"幌加内町"@ja	<http://dbpedia.org/ontology/City>	<http://ja.dbpedia.org/property/隣接自治体>	"隣接自治体"@ja	<http://ja.wikipedia.org/wiki/幌加内町>	<http://wikidata.dbpedia.org/resource/Q1355616>
<http://ja.dbpedia.org/resource/幌加内町>	"幌加内町"@ja	<http://dbpedia.org/ontology/Location>	<http://ja.dbpedia.org/property/隣接自治体>	"隣接自治体"@ja	<http://ja.wikipedia.org/wiki/幌加内町>	<http://wikidata.dbpedia.org/resource/Q1355616>
<http://ja.dbpedia.org/resource/幌加内町>	"幌加内町"@ja	<http://dbpedia.org/ontology/PopulatedPlace>	<http://ja.dbpedia.org/property/隣接自治体>	"隣接自治体"@ja	<http://ja.wikipedia.org/wiki/幌加内町>	<http://wikidata.dbpedia.org/resource/Q1355616>
<http://ja.dbpedia.org/resource/幌加内町>	"幌加内町"@ja	<http://dbpedia.org/ontology/Place>	<http://ja.dbpedia.org/property/隣接自治体>	"隣接自治体"@ja	<http://ja.wikipedia.org/wiki/幌加内町>	<http://wikidata.dbpedia.org/resource/Q1355616>
<http://ja.dbpedia.org/resource/幌加内町>	"幌加内町"@ja	<http://dbpedia.org/ontology/Settlement>	<http://ja.dbpedia.org/property/隣接自治体>	"隣接自治体"@ja	<http://ja.wikipedia.org/wiki/幌加内町>	<http://wikidata.dbpedia.org/resource/Q1355616>
