?s	?sLabel	?type	?p	?pLabel	?jwiki	?wd
<http://ja.dbpedia.org/resource/アカエゾマツ>	"アカエゾマツ"@ja	<http://dbpedia.org/ontology/Species>	<http://ja.dbpedia.org/property/木>	"木"@ja	<http://ja.wikipedia.org/wiki/アカエゾマツ>	<http://wikidata.dbpedia.org/resource/Q1151932>
<http://ja.dbpedia.org/resource/シバザクラ>	"シバザクラ"@ja	<http://dbpedia.org/ontology/Plant>	<http://ja.dbpedia.org/property/花>	"花"@ja	<http://ja.wikipedia.org/wiki/シバザクラ>	<http://wikidata.dbpedia.org/resource/Q1045366>
<http://ja.dbpedia.org/resource/シバザクラ>	"シバザクラ"@ja	<http://dbpedia.org/ontology/Eukaryote>	<http://ja.dbpedia.org/property/花>	"花"@ja	<http://ja.wikipedia.org/wiki/シバザクラ>	<http://wikidata.dbpedia.org/resource/Q1045366>
<http://ja.dbpedia.org/resource/シバザクラ>	"シバザクラ"@ja	<http://dbpedia.org/ontology/Species>	<http://ja.dbpedia.org/property/花>	"花"@ja	<http://ja.wikipedia.org/wiki/シバザクラ>	<http://wikidata.dbpedia.org/resource/Q1045366>
<http://ja.dbpedia.org/resource/シバザクラ>	"シバザクラ"@ja	<http://dbpedia.org/ontology/FloweringPlant>	<http://ja.dbpedia.org/property/花>	"花"@ja	<http://ja.wikipedia.org/wiki/シバザクラ>	<http://wikidata.dbpedia.org/resource/Q1045366>
<http://ja.dbpedia.org/resource/ブッポウソウ>	"ブッポウソウ"@ja	<http://dbpedia.org/ontology/Species>	<http://ja.dbpedia.org/property/鳥など>	"鳥など"@ja	<http://ja.wikipedia.org/wiki/ブッポウソウ>	<http://wikidata.dbpedia.org/resource/Q44109>
<http://ja.dbpedia.org/resource/上川総合振興局>	"上川総合振興局"@ja	<http://dbpedia.org/ontology/Settlement>	<http://ja.dbpedia.org/property/支庁>	"支庁"@ja	<http://ja.wikipedia.org/wiki/上川総合振興局>	<http://wikidata.dbpedia.org/resource/Q1152333>
<http://ja.dbpedia.org/resource/上川総合振興局>	"上川総合振興局"@ja	<http://dbpedia.org/ontology/PopulatedPlace>	<http://ja.dbpedia.org/property/支庁>	"支庁"@ja	<http://ja.wikipedia.org/wiki/上川総合振興局>	<http://wikidata.dbpedia.org/resource/Q1152333>
<http://ja.dbpedia.org/resource/上川総合振興局>	"上川総合振興局"@ja	<http://dbpedia.org/ontology/Place>	<http://ja.dbpedia.org/property/支庁>	"支庁"@ja	<http://ja.wikipedia.org/wiki/上川総合振興局>	<http://wikidata.dbpedia.org/resource/Q1152333>
<http://ja.dbpedia.org/resource/上川総合振興局>	"上川総合振興局"@ja	<http://dbpedia.org/ontology/Location>	<http://ja.dbpedia.org/property/支庁>	"支庁"@ja	<http://ja.wikipedia.org/wiki/上川総合振興局>	<http://wikidata.dbpedia.org/resource/Q1152333>
<http://ja.dbpedia.org/resource/天塩川温泉>	"天塩川温泉"@ja	<http://dbpedia.org/ontology/Location>	<http://ja.dbpedia.org/property/画像の説明>	"画像の説明"@ja	<http://ja.wikipedia.org/wiki/天塩川温泉>	<http://wikidata.dbpedia.org/resource/Q11442485>
<http://ja.dbpedia.org/resource/天塩川温泉>	"天塩川温泉"@ja	<http://dbpedia.org/ontology/HotSpring>	<http://ja.dbpedia.org/property/画像の説明>	"画像の説明"@ja	<http://ja.wikipedia.org/wiki/天塩川温泉>	<http://wikidata.dbpedia.org/resource/Q11442485>
<http://ja.dbpedia.org/resource/天塩川温泉>	"天塩川温泉"@ja	<http://dbpedia.org/ontology/NaturalPlace>	<http://ja.dbpedia.org/property/画像の説明>	"画像の説明"@ja	<http://ja.wikipedia.org/wiki/天塩川温泉>	<http://wikidata.dbpedia.org/resource/Q11442485>
<http://ja.dbpedia.org/resource/天塩川温泉>	"天塩川温泉"@ja	<http://dbpedia.org/ontology/Place>	<http://ja.dbpedia.org/property/画像の説明>	"画像の説明"@ja	<http://ja.wikipedia.org/wiki/天塩川温泉>	<http://wikidata.dbpedia.org/resource/Q11442485>
