?s	?sLabel	?type	?p	?pLabel	?jwiki	?wd
<http://ja.dbpedia.org/resource/ぽんぴら温泉>	"ぽんぴら温泉"@ja	<http://dbpedia.org/ontology/HotSpring>	<http://ja.dbpedia.org/property/画像の説明>	"画像の説明"@ja	<http://ja.wikipedia.org/wiki/ぽんぴら温泉>	<http://wikidata.dbpedia.org/resource/Q17220495>
<http://ja.dbpedia.org/resource/ぽんぴら温泉>	"ぽんぴら温泉"@ja	<http://dbpedia.org/ontology/Place>	<http://ja.dbpedia.org/property/画像の説明>	"画像の説明"@ja	<http://ja.wikipedia.org/wiki/ぽんぴら温泉>	<http://wikidata.dbpedia.org/resource/Q17220495>
<http://ja.dbpedia.org/resource/ぽんぴら温泉>	"ぽんぴら温泉"@ja	<http://dbpedia.org/ontology/NaturalPlace>	<http://ja.dbpedia.org/property/画像の説明>	"画像の説明"@ja	<http://ja.wikipedia.org/wiki/ぽんぴら温泉>	<http://wikidata.dbpedia.org/resource/Q17220495>
<http://ja.dbpedia.org/resource/ぽんぴら温泉>	"ぽんぴら温泉"@ja	<http://dbpedia.org/ontology/Location>	<http://ja.dbpedia.org/property/画像の説明>	"画像の説明"@ja	<http://ja.wikipedia.org/wiki/ぽんぴら温泉>	<http://wikidata.dbpedia.org/resource/Q17220495>
<http://ja.dbpedia.org/resource/イチイ>	"イチイ"@ja	<http://dbpedia.org/ontology/Species>	<http://ja.dbpedia.org/property/木>	"木"@ja	<http://ja.wikipedia.org/wiki/イチイ>	<http://wikidata.dbpedia.org/resource/Q1144815>
<http://ja.dbpedia.org/resource/ツツジ>	"ツツジ"@ja	<http://dbpedia.org/ontology/Species>	<http://ja.dbpedia.org/property/花>	"花"@ja	<http://ja.wikipedia.org/wiki/ツツジ>	<http://wikidata.dbpedia.org/resource/Q189393>
<http://ja.dbpedia.org/resource/上川総合振興局>	"上川総合振興局"@ja	<http://dbpedia.org/ontology/Settlement>	<http://ja.dbpedia.org/property/支庁>	"支庁"@ja	<http://ja.wikipedia.org/wiki/上川総合振興局>	<http://wikidata.dbpedia.org/resource/Q1152333>
<http://ja.dbpedia.org/resource/上川総合振興局>	"上川総合振興局"@ja	<http://dbpedia.org/ontology/PopulatedPlace>	<http://ja.dbpedia.org/property/支庁>	"支庁"@ja	<http://ja.wikipedia.org/wiki/上川総合振興局>	<http://wikidata.dbpedia.org/resource/Q1152333>
<http://ja.dbpedia.org/resource/上川総合振興局>	"上川総合振興局"@ja	<http://dbpedia.org/ontology/Place>	<http://ja.dbpedia.org/property/支庁>	"支庁"@ja	<http://ja.wikipedia.org/wiki/上川総合振興局>	<http://wikidata.dbpedia.org/resource/Q1152333>
<http://ja.dbpedia.org/resource/上川総合振興局>	"上川総合振興局"@ja	<http://dbpedia.org/ontology/Location>	<http://ja.dbpedia.org/property/支庁>	"支庁"@ja	<http://ja.wikipedia.org/wiki/上川総合振興局>	<http://wikidata.dbpedia.org/resource/Q1152333>
<http://ja.dbpedia.org/resource/中頓別町>	"中頓別町"@ja	<http://dbpedia.org/ontology/City>	<http://ja.dbpedia.org/property/隣接自治体>	"隣接自治体"@ja	<http://ja.wikipedia.org/wiki/中頓別町>	<http://wikidata.dbpedia.org/resource/Q1211211>
<http://ja.dbpedia.org/resource/中頓別町>	"中頓別町"@ja	<http://dbpedia.org/ontology/PopulatedPlace>	<http://ja.dbpedia.org/property/隣接自治体>	"隣接自治体"@ja	<http://ja.wikipedia.org/wiki/中頓別町>	<http://wikidata.dbpedia.org/resource/Q1211211>
<http://ja.dbpedia.org/resource/中頓別町>	"中頓別町"@ja	<http://dbpedia.org/ontology/Location>	<http://ja.dbpedia.org/property/隣接自治体>	"隣接自治体"@ja	<http://ja.wikipedia.org/wiki/中頓別町>	<http://wikidata.dbpedia.org/resource/Q1211211>
<http://ja.dbpedia.org/resource/中頓別町>	"中頓別町"@ja	<http://dbpedia.org/ontology/Settlement>	<http://ja.dbpedia.org/property/隣接自治体>	"隣接自治体"@ja	<http://ja.wikipedia.org/wiki/中頓別町>	<http://wikidata.dbpedia.org/resource/Q1211211>
<http://ja.dbpedia.org/resource/中頓別町>	"中頓別町"@ja	<http://dbpedia.org/ontology/Place>	<http://ja.dbpedia.org/property/隣接自治体>	"隣接自治体"@ja	<http://ja.wikipedia.org/wiki/中頓別町>	<http://wikidata.dbpedia.org/resource/Q1211211>
<http://ja.dbpedia.org/resource/天塩町>	"天塩町"@ja	<http://dbpedia.org/ontology/City>	<http://ja.dbpedia.org/property/隣接自治体>	"隣接自治体"@ja	<http://ja.wikipedia.org/wiki/天塩町>	<http://wikidata.dbpedia.org/resource/Q1355384>
<http://ja.dbpedia.org/resource/天塩町>	"天塩町"@ja	<http://dbpedia.org/ontology/Location>	<http://ja.dbpedia.org/property/隣接自治体>	"隣接自治体"@ja	<http://ja.wikipedia.org/wiki/天塩町>	<http://wikidata.dbpedia.org/resource/Q1355384>
<http://ja.dbpedia.org/resource/天塩町>	"天塩町"@ja	<http://dbpedia.org/ontology/Settlement>	<http://ja.dbpedia.org/property/隣接自治体>	"隣接自治体"@ja	<http://ja.wikipedia.org/wiki/天塩町>	<http://wikidata.dbpedia.org/resource/Q1355384>
<http://ja.dbpedia.org/resource/天塩町>	"天塩町"@ja	<http://dbpedia.org/ontology/PopulatedPlace>	<http://ja.dbpedia.org/property/隣接自治体>	"隣接自治体"@ja	<http://ja.wikipedia.org/wiki/天塩町>	<http://wikidata.dbpedia.org/resource/Q1355384>
<http://ja.dbpedia.org/resource/天塩町>	"天塩町"@ja	<http://dbpedia.org/ontology/Place>	<http://ja.dbpedia.org/property/隣接自治体>	"隣接自治体"@ja	<http://ja.wikipedia.org/wiki/天塩町>	<http://wikidata.dbpedia.org/resource/Q1355384>
<http://ja.dbpedia.org/resource/幌加内町>	"幌加内町"@ja	<http://dbpedia.org/ontology/City>	<http://ja.dbpedia.org/property/隣接自治体>	"隣接自治体"@ja	<http://ja.wikipedia.org/wiki/幌加内町>	<http://wikidata.dbpedia.org/resource/Q1355616>
<http://ja.dbpedia.org/resource/幌加内町>	"幌加内町"@ja	<http://dbpedia.org/ontology/PopulatedPlace>	<http://ja.dbpedia.org/property/隣接自治体>	"隣接自治体"@ja	<http://ja.wikipedia.org/wiki/幌加内町>	<http://wikidata.dbpedia.org/resource/Q1355616>
<http://ja.dbpedia.org/resource/幌加内町>	"幌加内町"@ja	<http://dbpedia.org/ontology/Location>	<http://ja.dbpedia.org/property/隣接自治体>	"隣接自治体"@ja	<http://ja.wikipedia.org/wiki/幌加内町>	<http://wikidata.dbpedia.org/resource/Q1355616>
<http://ja.dbpedia.org/resource/幌加内町>	"幌加内町"@ja	<http://dbpedia.org/ontology/Settlement>	<http://ja.dbpedia.org/property/隣接自治体>	"隣接自治体"@ja	<http://ja.wikipedia.org/wiki/幌加内町>	<http://wikidata.dbpedia.org/resource/Q1355616>
<http://ja.dbpedia.org/resource/幌加内町>	"幌加内町"@ja	<http://dbpedia.org/ontology/Place>	<http://ja.dbpedia.org/property/隣接自治体>	"隣接自治体"@ja	<http://ja.wikipedia.org/wiki/幌加内町>	<http://wikidata.dbpedia.org/resource/Q1355616>
<http://ja.dbpedia.org/resource/幌延町>	"幌延町"@ja	<http://dbpedia.org/ontology/Settlement>	<http://ja.dbpedia.org/property/隣接自治体>	"隣接自治体"@ja	<http://ja.wikipedia.org/wiki/幌延町>	<http://wikidata.dbpedia.org/resource/Q955532>
<http://ja.dbpedia.org/resource/幌延町>	"幌延町"@ja	<http://dbpedia.org/ontology/PopulatedPlace>	<http://ja.dbpedia.org/property/隣接自治体>	"隣接自治体"@ja	<http://ja.wikipedia.org/wiki/幌延町>	<http://wikidata.dbpedia.org/resource/Q955532>
<http://ja.dbpedia.org/resource/幌延町>	"幌延町"@ja	<http://dbpedia.org/ontology/Place>	<http://ja.dbpedia.org/property/隣接自治体>	"隣接自治体"@ja	<http://ja.wikipedia.org/wiki/幌延町>	<http://wikidata.dbpedia.org/resource/Q955532>
<http://ja.dbpedia.org/resource/幌延町>	"幌延町"@ja	<http://dbpedia.org/ontology/City>	<http://ja.dbpedia.org/property/隣接自治体>	"隣接自治体"@ja	<http://ja.wikipedia.org/wiki/幌延町>	<http://wikidata.dbpedia.org/resource/Q955532>
<http://ja.dbpedia.org/resource/幌延町>	"幌延町"@ja	<http://dbpedia.org/ontology/Location>	<http://ja.dbpedia.org/property/隣接自治体>	"隣接自治体"@ja	<http://ja.wikipedia.org/wiki/幌延町>	<http://wikidata.dbpedia.org/resource/Q955532>
<http://ja.dbpedia.org/resource/遠別町>	"遠別町"@ja	<http://dbpedia.org/ontology/Settlement>	<http://ja.dbpedia.org/property/隣接自治体>	"隣接自治体"@ja	<http://ja.wikipedia.org/wiki/遠別町>	<http://wikidata.dbpedia.org/resource/Q1335041>
<http://ja.dbpedia.org/resource/遠別町>	"遠別町"@ja	<http://dbpedia.org/ontology/Place>	<http://ja.dbpedia.org/property/隣接自治体>	"隣接自治体"@ja	<http://ja.wikipedia.org/wiki/遠別町>	<http://wikidata.dbpedia.org/resource/Q1335041>
<http://ja.dbpedia.org/resource/遠別町>	"遠別町"@ja	<http://dbpedia.org/ontology/City>	<http://ja.dbpedia.org/property/隣接自治体>	"隣接自治体"@ja	<http://ja.wikipedia.org/wiki/遠別町>	<http://wikidata.dbpedia.org/resource/Q1335041>
<http://ja.dbpedia.org/resource/遠別町>	"遠別町"@ja	<http://dbpedia.org/ontology/PopulatedPlace>	<http://ja.dbpedia.org/property/隣接自治体>	"隣接自治体"@ja	<http://ja.wikipedia.org/wiki/遠別町>	<http://wikidata.dbpedia.org/resource/Q1335041>
<http://ja.dbpedia.org/resource/遠別町>	"遠別町"@ja	<http://dbpedia.org/ontology/Location>	<http://ja.dbpedia.org/property/隣接自治体>	"隣接自治体"@ja	<http://ja.wikipedia.org/wiki/遠別町>	<http://wikidata.dbpedia.org/resource/Q1335041>
