?s	?sLabel	?type	?p	?pLabel	?jwiki	?wd
<http://ja.dbpedia.org/resource/アカゲラ>	"アカゲラ"@ja	<http://dbpedia.org/ontology/Species>	<http://ja.dbpedia.org/property/鳥など>	"鳥など"@ja	<http://ja.wikipedia.org/wiki/アカゲラ>	<http://wikidata.dbpedia.org/resource/Q26209>
<http://ja.dbpedia.org/resource/カタクリ>	"カタクリ"@ja	<http://dbpedia.org/ontology/Species>	<http://ja.dbpedia.org/property/花>	"花"@ja	<http://ja.wikipedia.org/wiki/カタクリ>	<http://wikidata.dbpedia.org/resource/Q163120>
<http://ja.dbpedia.org/resource/ナナカマド>	"ナナカマド"@ja	<http://dbpedia.org/ontology/Species>	<http://ja.dbpedia.org/property/木>	"木"@ja	<http://ja.wikipedia.org/wiki/ナナカマド>	<http://wikidata.dbpedia.org/resource/Q1210209>
<http://ja.dbpedia.org/resource/上川総合振興局>	"上川総合振興局"@ja	<http://dbpedia.org/ontology/PopulatedPlace>	<http://ja.dbpedia.org/property/支庁>	"支庁"@ja	<http://ja.wikipedia.org/wiki/上川総合振興局>	<http://wikidata.dbpedia.org/resource/Q1152333>
<http://ja.dbpedia.org/resource/上川総合振興局>	"上川総合振興局"@ja	<http://dbpedia.org/ontology/Location>	<http://ja.dbpedia.org/property/支庁>	"支庁"@ja	<http://ja.wikipedia.org/wiki/上川総合振興局>	<http://wikidata.dbpedia.org/resource/Q1152333>
<http://ja.dbpedia.org/resource/上川総合振興局>	"上川総合振興局"@ja	<http://dbpedia.org/ontology/Place>	<http://ja.dbpedia.org/property/支庁>	"支庁"@ja	<http://ja.wikipedia.org/wiki/上川総合振興局>	<http://wikidata.dbpedia.org/resource/Q1152333>
<http://ja.dbpedia.org/resource/上川総合振興局>	"上川総合振興局"@ja	<http://dbpedia.org/ontology/Settlement>	<http://ja.dbpedia.org/property/支庁>	"支庁"@ja	<http://ja.wikipedia.org/wiki/上川総合振興局>	<http://wikidata.dbpedia.org/resource/Q1152333>
<http://ja.dbpedia.org/resource/中川町>	"中川町"@ja	<http://dbpedia.org/ontology/PopulatedPlace>	<http://ja.dbpedia.org/property/隣接自治体>	"隣接自治体"@ja	<http://ja.wikipedia.org/wiki/中川町>	<http://wikidata.dbpedia.org/resource/Q1210568>
<http://ja.dbpedia.org/resource/中川町>	"中川町"@ja	<http://dbpedia.org/ontology/Settlement>	<http://ja.dbpedia.org/property/隣接自治体>	"隣接自治体"@ja	<http://ja.wikipedia.org/wiki/中川町>	<http://wikidata.dbpedia.org/resource/Q1210568>
<http://ja.dbpedia.org/resource/中川町>	"中川町"@ja	<http://dbpedia.org/ontology/Location>	<http://ja.dbpedia.org/property/隣接自治体>	"隣接自治体"@ja	<http://ja.wikipedia.org/wiki/中川町>	<http://wikidata.dbpedia.org/resource/Q1210568>
<http://ja.dbpedia.org/resource/中川町>	"中川町"@ja	<http://dbpedia.org/ontology/Place>	<http://ja.dbpedia.org/property/隣接自治体>	"隣接自治体"@ja	<http://ja.wikipedia.org/wiki/中川町>	<http://wikidata.dbpedia.org/resource/Q1210568>
<http://ja.dbpedia.org/resource/中川町>	"中川町"@ja	<http://dbpedia.org/ontology/City>	<http://ja.dbpedia.org/property/隣接自治体>	"隣接自治体"@ja	<http://ja.wikipedia.org/wiki/中川町>	<http://wikidata.dbpedia.org/resource/Q1210568>
<http://ja.dbpedia.org/resource/名寄市>	"名寄市"@ja	<http://dbpedia.org/ontology/Place>	<http://ja.dbpedia.org/property/隣接自治体>	"隣接自治体"@ja	<http://ja.wikipedia.org/wiki/名寄市>	<http://wikidata.dbpedia.org/resource/Q820725>
<http://ja.dbpedia.org/resource/名寄市>	"名寄市"@ja	<http://dbpedia.org/ontology/City>	<http://ja.dbpedia.org/property/隣接自治体>	"隣接自治体"@ja	<http://ja.wikipedia.org/wiki/名寄市>	<http://wikidata.dbpedia.org/resource/Q820725>
<http://ja.dbpedia.org/resource/名寄市>	"名寄市"@ja	<http://dbpedia.org/ontology/Location>	<http://ja.dbpedia.org/property/隣接自治体>	"隣接自治体"@ja	<http://ja.wikipedia.org/wiki/名寄市>	<http://wikidata.dbpedia.org/resource/Q820725>
<http://ja.dbpedia.org/resource/名寄市>	"名寄市"@ja	<http://dbpedia.org/ontology/PopulatedPlace>	<http://ja.dbpedia.org/property/隣接自治体>	"隣接自治体"@ja	<http://ja.wikipedia.org/wiki/名寄市>	<http://wikidata.dbpedia.org/resource/Q820725>
<http://ja.dbpedia.org/resource/名寄市>	"名寄市"@ja	<http://dbpedia.org/ontology/Settlement>	<http://ja.dbpedia.org/property/隣接自治体>	"隣接自治体"@ja	<http://ja.wikipedia.org/wiki/名寄市>	<http://wikidata.dbpedia.org/resource/Q820725>
<http://ja.dbpedia.org/resource/和寒町>	"和寒町"@ja	<http://dbpedia.org/ontology/Location>	<http://ja.dbpedia.org/property/隣接自治体>	"隣接自治体"@ja	<http://ja.wikipedia.org/wiki/和寒町>	<http://wikidata.dbpedia.org/resource/Q1357267>
<http://ja.dbpedia.org/resource/和寒町>	"和寒町"@ja	<http://dbpedia.org/ontology/PopulatedPlace>	<http://ja.dbpedia.org/property/隣接自治体>	"隣接自治体"@ja	<http://ja.wikipedia.org/wiki/和寒町>	<http://wikidata.dbpedia.org/resource/Q1357267>
<http://ja.dbpedia.org/resource/和寒町>	"和寒町"@ja	<http://dbpedia.org/ontology/Settlement>	<http://ja.dbpedia.org/property/隣接自治体>	"隣接自治体"@ja	<http://ja.wikipedia.org/wiki/和寒町>	<http://wikidata.dbpedia.org/resource/Q1357267>
<http://ja.dbpedia.org/resource/和寒町>	"和寒町"@ja	<http://dbpedia.org/ontology/City>	<http://ja.dbpedia.org/property/隣接自治体>	"隣接自治体"@ja	<http://ja.wikipedia.org/wiki/和寒町>	<http://wikidata.dbpedia.org/resource/Q1357267>
<http://ja.dbpedia.org/resource/和寒町>	"和寒町"@ja	<http://dbpedia.org/ontology/Place>	<http://ja.dbpedia.org/property/隣接自治体>	"隣接自治体"@ja	<http://ja.wikipedia.org/wiki/和寒町>	<http://wikidata.dbpedia.org/resource/Q1357267>
<http://ja.dbpedia.org/resource/士別市>	"士別市"@ja	<http://dbpedia.org/ontology/City>	<http://ja.dbpedia.org/property/隣接自治体>	"隣接自治体"@ja	<http://ja.wikipedia.org/wiki/士別市>	<http://wikidata.dbpedia.org/resource/Q766942>
<http://ja.dbpedia.org/resource/士別市>	"士別市"@ja	<http://dbpedia.org/ontology/Place>	<http://ja.dbpedia.org/property/隣接自治体>	"隣接自治体"@ja	<http://ja.wikipedia.org/wiki/士別市>	<http://wikidata.dbpedia.org/resource/Q766942>
<http://ja.dbpedia.org/resource/士別市>	"士別市"@ja	<http://dbpedia.org/ontology/Location>	<http://ja.dbpedia.org/property/隣接自治体>	"隣接自治体"@ja	<http://ja.wikipedia.org/wiki/士別市>	<http://wikidata.dbpedia.org/resource/Q766942>
<http://ja.dbpedia.org/resource/士別市>	"士別市"@ja	<http://dbpedia.org/ontology/PopulatedPlace>	<http://ja.dbpedia.org/property/隣接自治体>	"隣接自治体"@ja	<http://ja.wikipedia.org/wiki/士別市>	<http://wikidata.dbpedia.org/resource/Q766942>
<http://ja.dbpedia.org/resource/士別市>	"士別市"@ja	<http://dbpedia.org/ontology/Settlement>	<http://ja.dbpedia.org/property/隣接自治体>	"隣接自治体"@ja	<http://ja.wikipedia.org/wiki/士別市>	<http://wikidata.dbpedia.org/resource/Q766942>
<http://ja.dbpedia.org/resource/小平町>	"小平町"@ja	<http://dbpedia.org/ontology/PopulatedPlace>	<http://ja.dbpedia.org/property/隣接自治体>	"隣接自治体"@ja	<http://ja.wikipedia.org/wiki/小平町>	<http://wikidata.dbpedia.org/resource/Q1348684>
<http://ja.dbpedia.org/resource/小平町>	"小平町"@ja	<http://dbpedia.org/ontology/Settlement>	<http://ja.dbpedia.org/property/隣接自治体>	"隣接自治体"@ja	<http://ja.wikipedia.org/wiki/小平町>	<http://wikidata.dbpedia.org/resource/Q1348684>
<http://ja.dbpedia.org/resource/小平町>	"小平町"@ja	<http://dbpedia.org/ontology/Location>	<http://ja.dbpedia.org/property/隣接自治体>	"隣接自治体"@ja	<http://ja.wikipedia.org/wiki/小平町>	<http://wikidata.dbpedia.org/resource/Q1348684>
<http://ja.dbpedia.org/resource/小平町>	"小平町"@ja	<http://dbpedia.org/ontology/Place>	<http://ja.dbpedia.org/property/隣接自治体>	"隣接自治体"@ja	<http://ja.wikipedia.org/wiki/小平町>	<http://wikidata.dbpedia.org/resource/Q1348684>
<http://ja.dbpedia.org/resource/小平町>	"小平町"@ja	<http://dbpedia.org/ontology/City>	<http://ja.dbpedia.org/property/隣接自治体>	"隣接自治体"@ja	<http://ja.wikipedia.org/wiki/小平町>	<http://wikidata.dbpedia.org/resource/Q1348684>
<http://ja.dbpedia.org/resource/旭川市>	"旭川市"@ja	<http://dbpedia.org/ontology/Location>	<http://ja.dbpedia.org/property/隣接自治体>	"隣接自治体"@ja	<http://ja.wikipedia.org/wiki/旭川市>	<http://wikidata.dbpedia.org/resource/Q200740>
<http://ja.dbpedia.org/resource/旭川市>	"旭川市"@ja	<http://dbpedia.org/ontology/PopulatedPlace>	<http://ja.dbpedia.org/property/隣接自治体>	"隣接自治体"@ja	<http://ja.wikipedia.org/wiki/旭川市>	<http://wikidata.dbpedia.org/resource/Q200740>
<http://ja.dbpedia.org/resource/旭川市>	"旭川市"@ja	<http://dbpedia.org/ontology/Settlement>	<http://ja.dbpedia.org/property/隣接自治体>	"隣接自治体"@ja	<http://ja.wikipedia.org/wiki/旭川市>	<http://wikidata.dbpedia.org/resource/Q200740>
<http://ja.dbpedia.org/resource/旭川市>	"旭川市"@ja	<http://dbpedia.org/ontology/City>	<http://ja.dbpedia.org/property/隣接自治体>	"隣接自治体"@ja	<http://ja.wikipedia.org/wiki/旭川市>	<http://wikidata.dbpedia.org/resource/Q200740>
<http://ja.dbpedia.org/resource/旭川市>	"旭川市"@ja	<http://dbpedia.org/ontology/Place>	<http://ja.dbpedia.org/property/隣接自治体>	"隣接自治体"@ja	<http://ja.wikipedia.org/wiki/旭川市>	<http://wikidata.dbpedia.org/resource/Q200740>
<http://ja.dbpedia.org/resource/深川市>	"深川市"@ja	<http://dbpedia.org/ontology/City>	<http://ja.dbpedia.org/property/隣接自治体>	"隣接自治体"@ja	<http://ja.wikipedia.org/wiki/深川市>	<http://wikidata.dbpedia.org/resource/Q817268>
<http://ja.dbpedia.org/resource/深川市>	"深川市"@ja	<http://dbpedia.org/ontology/Place>	<http://ja.dbpedia.org/property/隣接自治体>	"隣接自治体"@ja	<http://ja.wikipedia.org/wiki/深川市>	<http://wikidata.dbpedia.org/resource/Q817268>
<http://ja.dbpedia.org/resource/深川市>	"深川市"@ja	<http://dbpedia.org/ontology/Location>	<http://ja.dbpedia.org/property/隣接自治体>	"隣接自治体"@ja	<http://ja.wikipedia.org/wiki/深川市>	<http://wikidata.dbpedia.org/resource/Q817268>
<http://ja.dbpedia.org/resource/深川市>	"深川市"@ja	<http://dbpedia.org/ontology/PopulatedPlace>	<http://ja.dbpedia.org/property/隣接自治体>	"隣接自治体"@ja	<http://ja.wikipedia.org/wiki/深川市>	<http://wikidata.dbpedia.org/resource/Q817268>
<http://ja.dbpedia.org/resource/深川市>	"深川市"@ja	<http://dbpedia.org/ontology/Settlement>	<http://ja.dbpedia.org/property/隣接自治体>	"隣接自治体"@ja	<http://ja.wikipedia.org/wiki/深川市>	<http://wikidata.dbpedia.org/resource/Q817268>
<http://ja.dbpedia.org/resource/美深町>	"美深町"@ja	<http://dbpedia.org/ontology/Location>	<http://ja.dbpedia.org/property/隣接自治体>	"隣接自治体"@ja	<http://ja.wikipedia.org/wiki/美深町>	<http://wikidata.dbpedia.org/resource/Q1210495>
<http://ja.dbpedia.org/resource/美深町>	"美深町"@ja	<http://dbpedia.org/ontology/PopulatedPlace>	<http://ja.dbpedia.org/property/隣接自治体>	"隣接自治体"@ja	<http://ja.wikipedia.org/wiki/美深町>	<http://wikidata.dbpedia.org/resource/Q1210495>
<http://ja.dbpedia.org/resource/美深町>	"美深町"@ja	<http://dbpedia.org/ontology/Settlement>	<http://ja.dbpedia.org/property/隣接自治体>	"隣接自治体"@ja	<http://ja.wikipedia.org/wiki/美深町>	<http://wikidata.dbpedia.org/resource/Q1210495>
<http://ja.dbpedia.org/resource/美深町>	"美深町"@ja	<http://dbpedia.org/ontology/City>	<http://ja.dbpedia.org/property/隣接自治体>	"隣接自治体"@ja	<http://ja.wikipedia.org/wiki/美深町>	<http://wikidata.dbpedia.org/resource/Q1210495>
<http://ja.dbpedia.org/resource/美深町>	"美深町"@ja	<http://dbpedia.org/ontology/Place>	<http://ja.dbpedia.org/property/隣接自治体>	"隣接自治体"@ja	<http://ja.wikipedia.org/wiki/美深町>	<http://wikidata.dbpedia.org/resource/Q1210495>
<http://ja.dbpedia.org/resource/羽幌町>	"羽幌町"@ja	<http://dbpedia.org/ontology/City>	<http://ja.dbpedia.org/property/隣接自治体>	"隣接自治体"@ja	<http://ja.wikipedia.org/wiki/羽幌町>	<http://wikidata.dbpedia.org/resource/Q1357163>
<http://ja.dbpedia.org/resource/羽幌町>	"羽幌町"@ja	<http://dbpedia.org/ontology/Place>	<http://ja.dbpedia.org/property/隣接自治体>	"隣接自治体"@ja	<http://ja.wikipedia.org/wiki/羽幌町>	<http://wikidata.dbpedia.org/resource/Q1357163>
<http://ja.dbpedia.org/resource/羽幌町>	"羽幌町"@ja	<http://dbpedia.org/ontology/Location>	<http://ja.dbpedia.org/property/隣接自治体>	"隣接自治体"@ja	<http://ja.wikipedia.org/wiki/羽幌町>	<http://wikidata.dbpedia.org/resource/Q1357163>
<http://ja.dbpedia.org/resource/羽幌町>	"羽幌町"@ja	<http://dbpedia.org/ontology/PopulatedPlace>	<http://ja.dbpedia.org/property/隣接自治体>	"隣接自治体"@ja	<http://ja.wikipedia.org/wiki/羽幌町>	<http://wikidata.dbpedia.org/resource/Q1357163>
<http://ja.dbpedia.org/resource/羽幌町>	"羽幌町"@ja	<http://dbpedia.org/ontology/Settlement>	<http://ja.dbpedia.org/property/隣接自治体>	"隣接自治体"@ja	<http://ja.wikipedia.org/wiki/羽幌町>	<http://wikidata.dbpedia.org/resource/Q1357163>
<http://ja.dbpedia.org/resource/苫前町>	"苫前町"@ja	<http://dbpedia.org/ontology/PopulatedPlace>	<http://ja.dbpedia.org/property/隣接自治体>	"隣接自治体"@ja	<http://ja.wikipedia.org/wiki/苫前町>	<http://wikidata.dbpedia.org/resource/Q1355396>
<http://ja.dbpedia.org/resource/苫前町>	"苫前町"@ja	<http://dbpedia.org/ontology/Settlement>	<http://ja.dbpedia.org/property/隣接自治体>	"隣接自治体"@ja	<http://ja.wikipedia.org/wiki/苫前町>	<http://wikidata.dbpedia.org/resource/Q1355396>
<http://ja.dbpedia.org/resource/苫前町>	"苫前町"@ja	<http://dbpedia.org/ontology/Location>	<http://ja.dbpedia.org/property/隣接自治体>	"隣接自治体"@ja	<http://ja.wikipedia.org/wiki/苫前町>	<http://wikidata.dbpedia.org/resource/Q1355396>
<http://ja.dbpedia.org/resource/苫前町>	"苫前町"@ja	<http://dbpedia.org/ontology/Place>	<http://ja.dbpedia.org/property/隣接自治体>	"隣接自治体"@ja	<http://ja.wikipedia.org/wiki/苫前町>	<http://wikidata.dbpedia.org/resource/Q1355396>
<http://ja.dbpedia.org/resource/苫前町>	"苫前町"@ja	<http://dbpedia.org/ontology/City>	<http://ja.dbpedia.org/property/隣接自治体>	"隣接自治体"@ja	<http://ja.wikipedia.org/wiki/苫前町>	<http://wikidata.dbpedia.org/resource/Q1355396>
<http://ja.dbpedia.org/resource/遠別町>	"遠別町"@ja	<http://dbpedia.org/ontology/Place>	<http://ja.dbpedia.org/property/隣接自治体>	"隣接自治体"@ja	<http://ja.wikipedia.org/wiki/遠別町>	<http://wikidata.dbpedia.org/resource/Q1335041>
<http://ja.dbpedia.org/resource/遠別町>	"遠別町"@ja	<http://dbpedia.org/ontology/City>	<http://ja.dbpedia.org/property/隣接自治体>	"隣接自治体"@ja	<http://ja.wikipedia.org/wiki/遠別町>	<http://wikidata.dbpedia.org/resource/Q1335041>
<http://ja.dbpedia.org/resource/遠別町>	"遠別町"@ja	<http://dbpedia.org/ontology/Settlement>	<http://ja.dbpedia.org/property/隣接自治体>	"隣接自治体"@ja	<http://ja.wikipedia.org/wiki/遠別町>	<http://wikidata.dbpedia.org/resource/Q1335041>
<http://ja.dbpedia.org/resource/遠別町>	"遠別町"@ja	<http://dbpedia.org/ontology/Location>	<http://ja.dbpedia.org/property/隣接自治体>	"隣接自治体"@ja	<http://ja.wikipedia.org/wiki/遠別町>	<http://wikidata.dbpedia.org/resource/Q1335041>
<http://ja.dbpedia.org/resource/遠別町>	"遠別町"@ja	<http://dbpedia.org/ontology/PopulatedPlace>	<http://ja.dbpedia.org/property/隣接自治体>	"隣接自治体"@ja	<http://ja.wikipedia.org/wiki/遠別町>	<http://wikidata.dbpedia.org/resource/Q1335041>
