?s	?sLabel	?type	?p	?pLabel	?jwiki	?wd
<http://ja.dbpedia.org/resource/ウミネコ>	"ウミネコ"@ja	<http://dbpedia.org/ontology/Species>	<http://ja.dbpedia.org/property/鳥など>	"鳥など"@ja	<http://ja.wikipedia.org/wiki/ウミネコ>	<http://wikidata.dbpedia.org/resource/Q623194>
<http://ja.dbpedia.org/resource/サクラ>	"サクラ"@ja	<http://dbpedia.org/ontology/Species>	<http://ja.dbpedia.org/property/花>	"花"@ja	<http://ja.wikipedia.org/wiki/サクラ>	<http://wikidata.dbpedia.org/resource/Q871991>
<http://ja.dbpedia.org/resource/ナナカマド>	"ナナカマド"@ja	<http://dbpedia.org/ontology/Species>	<http://ja.dbpedia.org/property/木>	"木"@ja	<http://ja.wikipedia.org/wiki/ナナカマド>	<http://wikidata.dbpedia.org/resource/Q1210209>
<http://ja.dbpedia.org/resource/北海道>	"北海道"@ja	<http://dbpedia.org/ontology/Place>	<http://ja.dbpedia.org/property/地方>	"地方"@ja	<http://ja.wikipedia.org/wiki/北海道>	<http://wikidata.dbpedia.org/resource/Q35581>
<http://ja.dbpedia.org/resource/北海道>	"北海道"@ja	<http://dbpedia.org/ontology/AdministrativeRegion>	<http://ja.dbpedia.org/property/地方>	"地方"@ja	<http://ja.wikipedia.org/wiki/北海道>	<http://wikidata.dbpedia.org/resource/Q35581>
<http://ja.dbpedia.org/resource/北海道>	"北海道"@ja	<http://dbpedia.org/ontology/PopulatedPlace>	<http://ja.dbpedia.org/property/地方>	"地方"@ja	<http://ja.wikipedia.org/wiki/北海道>	<http://wikidata.dbpedia.org/resource/Q35581>
<http://ja.dbpedia.org/resource/北海道>	"北海道"@ja	<http://dbpedia.org/ontology/Location>	<http://ja.dbpedia.org/property/地方>	"地方"@ja	<http://ja.wikipedia.org/wiki/北海道>	<http://wikidata.dbpedia.org/resource/Q35581>
<http://ja.dbpedia.org/resource/北海道>	"北海道"@ja	<http://dbpedia.org/ontology/Region>	<http://ja.dbpedia.org/property/地方>	"地方"@ja	<http://ja.wikipedia.org/wiki/北海道>	<http://wikidata.dbpedia.org/resource/Q35581>
<http://ja.dbpedia.org/resource/厳島神社_(増毛町)>	"厳島神社 (増毛町)"@ja	<http://dbpedia.org/ontology/Shrine>	<http://ja.dbpedia.org/property/画像の説明>	"画像の説明"@ja	<http://ja.wikipedia.org/wiki/厳島神社_(増毛町)>	<http://wikidata.dbpedia.org/resource/Q43594894>
<http://ja.dbpedia.org/resource/厳島神社_(増毛町)>	"厳島神社 (増毛町)"@ja	<http://dbpedia.org/ontology/Building>	<http://ja.dbpedia.org/property/画像の説明>	"画像の説明"@ja	<http://ja.wikipedia.org/wiki/厳島神社_(増毛町)>	<http://wikidata.dbpedia.org/resource/Q43594894>
<http://ja.dbpedia.org/resource/厳島神社_(増毛町)>	"厳島神社 (増毛町)"@ja	<http://dbpedia.org/ontology/ArchitecturalStructure>	<http://ja.dbpedia.org/property/画像の説明>	"画像の説明"@ja	<http://ja.wikipedia.org/wiki/厳島神社_(増毛町)>	<http://wikidata.dbpedia.org/resource/Q43594894>
<http://ja.dbpedia.org/resource/厳島神社_(増毛町)>	"厳島神社 (増毛町)"@ja	<http://dbpedia.org/ontology/ReligiousBuilding>	<http://ja.dbpedia.org/property/画像の説明>	"画像の説明"@ja	<http://ja.wikipedia.org/wiki/厳島神社_(増毛町)>	<http://wikidata.dbpedia.org/resource/Q43594894>
<http://ja.dbpedia.org/resource/留萌市>	"留萌市"@ja	<http://dbpedia.org/ontology/Location>	<http://ja.dbpedia.org/property/隣接自治体>	"隣接自治体"@ja	<http://ja.wikipedia.org/wiki/留萌市>	<http://wikidata.dbpedia.org/resource/Q714628>
<http://ja.dbpedia.org/resource/留萌市>	"留萌市"@ja	<http://dbpedia.org/ontology/Settlement>	<http://ja.dbpedia.org/property/隣接自治体>	"隣接自治体"@ja	<http://ja.wikipedia.org/wiki/留萌市>	<http://wikidata.dbpedia.org/resource/Q714628>
<http://ja.dbpedia.org/resource/留萌市>	"留萌市"@ja	<http://dbpedia.org/ontology/Place>	<http://ja.dbpedia.org/property/隣接自治体>	"隣接自治体"@ja	<http://ja.wikipedia.org/wiki/留萌市>	<http://wikidata.dbpedia.org/resource/Q714628>
<http://ja.dbpedia.org/resource/留萌市>	"留萌市"@ja	<http://dbpedia.org/ontology/City>	<http://ja.dbpedia.org/property/隣接自治体>	"隣接自治体"@ja	<http://ja.wikipedia.org/wiki/留萌市>	<http://wikidata.dbpedia.org/resource/Q714628>
<http://ja.dbpedia.org/resource/留萌市>	"留萌市"@ja	<http://dbpedia.org/ontology/PopulatedPlace>	<http://ja.dbpedia.org/property/隣接自治体>	"隣接自治体"@ja	<http://ja.wikipedia.org/wiki/留萌市>	<http://wikidata.dbpedia.org/resource/Q714628>
<http://ja.dbpedia.org/resource/石狩市>	"石狩市"@ja	<http://dbpedia.org/ontology/Settlement>	<http://ja.dbpedia.org/property/隣接自治体>	"隣接自治体"@ja	<http://ja.wikipedia.org/wiki/石狩市>	<http://wikidata.dbpedia.org/resource/Q693221>
<http://ja.dbpedia.org/resource/石狩市>	"石狩市"@ja	<http://dbpedia.org/ontology/Place>	<http://ja.dbpedia.org/property/隣接自治体>	"隣接自治体"@ja	<http://ja.wikipedia.org/wiki/石狩市>	<http://wikidata.dbpedia.org/resource/Q693221>
<http://ja.dbpedia.org/resource/石狩市>	"石狩市"@ja	<http://dbpedia.org/ontology/City>	<http://ja.dbpedia.org/property/隣接自治体>	"隣接自治体"@ja	<http://ja.wikipedia.org/wiki/石狩市>	<http://wikidata.dbpedia.org/resource/Q693221>
<http://ja.dbpedia.org/resource/石狩市>	"石狩市"@ja	<http://dbpedia.org/ontology/PopulatedPlace>	<http://ja.dbpedia.org/property/隣接自治体>	"隣接自治体"@ja	<http://ja.wikipedia.org/wiki/石狩市>	<http://wikidata.dbpedia.org/resource/Q693221>
<http://ja.dbpedia.org/resource/石狩市>	"石狩市"@ja	<http://dbpedia.org/ontology/Location>	<http://ja.dbpedia.org/property/隣接自治体>	"隣接自治体"@ja	<http://ja.wikipedia.org/wiki/石狩市>	<http://wikidata.dbpedia.org/resource/Q693221>
