?s	?sLabel	?type	?p	?pLabel	?jwiki	?wd
<http://ja.dbpedia.org/resource/イチイ>	"イチイ"@ja	<http://dbpedia.org/ontology/Species>	<http://ja.dbpedia.org/property/木>	"木"@ja	<http://ja.wikipedia.org/wiki/イチイ>	<http://wikidata.dbpedia.org/resource/Q1144815>
<http://ja.dbpedia.org/resource/ツツジ>	"ツツジ"@ja	<http://dbpedia.org/ontology/Species>	<http://ja.dbpedia.org/property/花>	"花"@ja	<http://ja.wikipedia.org/wiki/ツツジ>	<http://wikidata.dbpedia.org/resource/Q189393>
<http://ja.dbpedia.org/resource/深川市>	"深川市"@ja	<http://dbpedia.org/ontology/PopulatedPlace>	<http://ja.dbpedia.org/property/隣接自治体>	"隣接自治体"@ja	<http://ja.wikipedia.org/wiki/深川市>	<http://wikidata.dbpedia.org/resource/Q817268>
<http://ja.dbpedia.org/resource/深川市>	"深川市"@ja	<http://dbpedia.org/ontology/Place>	<http://ja.dbpedia.org/property/隣接自治体>	"隣接自治体"@ja	<http://ja.wikipedia.org/wiki/深川市>	<http://wikidata.dbpedia.org/resource/Q817268>
<http://ja.dbpedia.org/resource/深川市>	"深川市"@ja	<http://dbpedia.org/ontology/City>	<http://ja.dbpedia.org/property/隣接自治体>	"隣接自治体"@ja	<http://ja.wikipedia.org/wiki/深川市>	<http://wikidata.dbpedia.org/resource/Q817268>
<http://ja.dbpedia.org/resource/深川市>	"深川市"@ja	<http://dbpedia.org/ontology/Location>	<http://ja.dbpedia.org/property/隣接自治体>	"隣接自治体"@ja	<http://ja.wikipedia.org/wiki/深川市>	<http://wikidata.dbpedia.org/resource/Q817268>
<http://ja.dbpedia.org/resource/深川市>	"深川市"@ja	<http://dbpedia.org/ontology/Settlement>	<http://ja.dbpedia.org/property/隣接自治体>	"隣接自治体"@ja	<http://ja.wikipedia.org/wiki/深川市>	<http://wikidata.dbpedia.org/resource/Q817268>
<http://ja.dbpedia.org/resource/留萌市>	"留萌市"@ja	<http://dbpedia.org/ontology/Location>	<http://ja.dbpedia.org/property/隣接自治体>	"隣接自治体"@ja	<http://ja.wikipedia.org/wiki/留萌市>	<http://wikidata.dbpedia.org/resource/Q714628>
<http://ja.dbpedia.org/resource/留萌市>	"留萌市"@ja	<http://dbpedia.org/ontology/Place>	<http://ja.dbpedia.org/property/隣接自治体>	"隣接自治体"@ja	<http://ja.wikipedia.org/wiki/留萌市>	<http://wikidata.dbpedia.org/resource/Q714628>
<http://ja.dbpedia.org/resource/留萌市>	"留萌市"@ja	<http://dbpedia.org/ontology/PopulatedPlace>	<http://ja.dbpedia.org/property/隣接自治体>	"隣接自治体"@ja	<http://ja.wikipedia.org/wiki/留萌市>	<http://wikidata.dbpedia.org/resource/Q714628>
<http://ja.dbpedia.org/resource/留萌市>	"留萌市"@ja	<http://dbpedia.org/ontology/City>	<http://ja.dbpedia.org/property/隣接自治体>	"隣接自治体"@ja	<http://ja.wikipedia.org/wiki/留萌市>	<http://wikidata.dbpedia.org/resource/Q714628>
<http://ja.dbpedia.org/resource/留萌市>	"留萌市"@ja	<http://dbpedia.org/ontology/Settlement>	<http://ja.dbpedia.org/property/隣接自治体>	"隣接自治体"@ja	<http://ja.wikipedia.org/wiki/留萌市>	<http://wikidata.dbpedia.org/resource/Q714628>
<http://ja.dbpedia.org/resource/道の駅おびら鰊番屋>	"道の駅おびら鰊番屋"@ja	<http://dbpedia.org/ontology/Station>	<http://ja.dbpedia.org/property/画像の説明>	"画像の説明"@ja	<http://ja.wikipedia.org/wiki/道の駅おびら鰊番屋>	<http://wikidata.dbpedia.org/resource/Q11640693>
<http://ja.dbpedia.org/resource/道の駅おびら鰊番屋>	"道の駅おびら鰊番屋"@ja	<http://dbpedia.org/ontology/ArchitecturalStructure>	<http://ja.dbpedia.org/property/画像の説明>	"画像の説明"@ja	<http://ja.wikipedia.org/wiki/道の駅おびら鰊番屋>	<http://wikidata.dbpedia.org/resource/Q11640693>
<http://ja.dbpedia.org/resource/道の駅おびら鰊番屋>	"道の駅おびら鰊番屋"@ja	<http://dbpedia.org/ontology/Infrastructure>	<http://ja.dbpedia.org/property/画像の説明>	"画像の説明"@ja	<http://ja.wikipedia.org/wiki/道の駅おびら鰊番屋>	<http://wikidata.dbpedia.org/resource/Q11640693>
