?s	?sLabel	?type	?p	?pLabel	?jwiki	?wd
<http://ja.dbpedia.org/resource/オオヤマザクラ>	"オオヤマザクラ"@ja	<http://dbpedia.org/ontology/Species>	<http://ja.dbpedia.org/property/木>	"木"@ja	<http://ja.wikipedia.org/wiki/オオヤマザクラ>	<http://wikidata.dbpedia.org/resource/Q163039>
<http://ja.dbpedia.org/resource/オオヤマザクラ>	"オオヤマザクラ"@ja	<http://dbpedia.org/ontology/Eukaryote>	<http://ja.dbpedia.org/property/木>	"木"@ja	<http://ja.wikipedia.org/wiki/オオヤマザクラ>	<http://wikidata.dbpedia.org/resource/Q163039>
<http://ja.dbpedia.org/resource/オオヤマザクラ>	"オオヤマザクラ"@ja	<http://dbpedia.org/ontology/Plant>	<http://ja.dbpedia.org/property/木>	"木"@ja	<http://ja.wikipedia.org/wiki/オオヤマザクラ>	<http://wikidata.dbpedia.org/resource/Q163039>
<http://ja.dbpedia.org/resource/コガラ>	"コガラ"@ja	<http://dbpedia.org/ontology/Species>	<http://ja.dbpedia.org/property/鳥など>	"鳥など"@ja	<http://ja.wikipedia.org/wiki/コガラ>	<http://wikidata.dbpedia.org/resource/Q215211>
<http://ja.dbpedia.org/resource/ハマナス>	"ハマナス"@ja	<http://dbpedia.org/ontology/Species>	<http://ja.dbpedia.org/property/花>	"花"@ja	<http://ja.wikipedia.org/wiki/ハマナス>	<http://wikidata.dbpedia.org/resource/Q634975>
<http://ja.dbpedia.org/resource/北海道>	"北海道"@ja	<http://dbpedia.org/ontology/AdministrativeRegion>	<http://ja.dbpedia.org/property/地方>	"地方"@ja	<http://ja.wikipedia.org/wiki/北海道>	<http://wikidata.dbpedia.org/resource/Q35581>
<http://ja.dbpedia.org/resource/北海道>	"北海道"@ja	<http://dbpedia.org/ontology/Region>	<http://ja.dbpedia.org/property/地方>	"地方"@ja	<http://ja.wikipedia.org/wiki/北海道>	<http://wikidata.dbpedia.org/resource/Q35581>
<http://ja.dbpedia.org/resource/北海道>	"北海道"@ja	<http://dbpedia.org/ontology/Location>	<http://ja.dbpedia.org/property/地方>	"地方"@ja	<http://ja.wikipedia.org/wiki/北海道>	<http://wikidata.dbpedia.org/resource/Q35581>
<http://ja.dbpedia.org/resource/北海道>	"北海道"@ja	<http://dbpedia.org/ontology/Place>	<http://ja.dbpedia.org/property/地方>	"地方"@ja	<http://ja.wikipedia.org/wiki/北海道>	<http://wikidata.dbpedia.org/resource/Q35581>
<http://ja.dbpedia.org/resource/北海道>	"北海道"@ja	<http://dbpedia.org/ontology/PopulatedPlace>	<http://ja.dbpedia.org/property/地方>	"地方"@ja	<http://ja.wikipedia.org/wiki/北海道>	<http://wikidata.dbpedia.org/resource/Q35581>
