?s	?sLabel	?type	?p	?pLabel	?jwiki	?wd
<http://ja.dbpedia.org/resource/チューリップ>	"チューリップ"@ja	<http://dbpedia.org/ontology/Species>	<http://ja.dbpedia.org/property/花>	"花"@ja	<http://ja.wikipedia.org/wiki/チューリップ>	<http://wikidata.dbpedia.org/resource/Q93201>
<http://ja.dbpedia.org/resource/トキ>	"トキ"@ja	<http://dbpedia.org/ontology/Species>	<http://ja.dbpedia.org/property/鳥>	"鳥"@ja	<http://ja.wikipedia.org/wiki/トキ>	<http://wikidata.dbpedia.org/resource/Q493173>
<http://ja.dbpedia.org/resource/ユキツバキ>	"ユキツバキ"@ja	<http://dbpedia.org/ontology/Eukaryote>	<http://ja.dbpedia.org/property/木>	"木"@ja	<http://ja.wikipedia.org/wiki/ユキツバキ>	<http://wikidata.dbpedia.org/resource/Q11345564>
<http://ja.dbpedia.org/resource/ユキツバキ>	"ユキツバキ"@ja	<http://dbpedia.org/ontology/Species>	<http://ja.dbpedia.org/property/木>	"木"@ja	<http://ja.wikipedia.org/wiki/ユキツバキ>	<http://wikidata.dbpedia.org/resource/Q11345564>
<http://ja.dbpedia.org/resource/ユキツバキ>	"ユキツバキ"@ja	<http://dbpedia.org/ontology/Plant>	<http://ja.dbpedia.org/property/木>	"木"@ja	<http://ja.wikipedia.org/wiki/ユキツバキ>	<http://wikidata.dbpedia.org/resource/Q11345564>
<http://ja.dbpedia.org/resource/ユキツバキ>	"ユキツバキ"@ja	<http://dbpedia.org/ontology/FloweringPlant>	<http://ja.dbpedia.org/property/木>	"木"@ja	<http://ja.wikipedia.org/wiki/ユキツバキ>	<http://wikidata.dbpedia.org/resource/Q11345564>
