?s	?sLabel	?type	?p	?pLabel	?jwiki	?wd
<http://ja.dbpedia.org/resource/角田山>	"角田山"@ja	<http://dbpedia.org/ontology/Mountain>	<http://ja.dbpedia.org/property/画像の説明>	"画像の説明"@ja	<http://ja.wikipedia.org/wiki/角田山>	<http://wikidata.dbpedia.org/resource/Q11630786>
<http://ja.dbpedia.org/resource/角田山>	"角田山"@ja	<http://dbpedia.org/ontology/Place>	<http://ja.dbpedia.org/property/画像の説明>	"画像の説明"@ja	<http://ja.wikipedia.org/wiki/角田山>	<http://wikidata.dbpedia.org/resource/Q11630786>
<http://ja.dbpedia.org/resource/角田山>	"角田山"@ja	<http://dbpedia.org/ontology/NaturalPlace>	<http://ja.dbpedia.org/property/画像の説明>	"画像の説明"@ja	<http://ja.wikipedia.org/wiki/角田山>	<http://wikidata.dbpedia.org/resource/Q11630786>
<http://ja.dbpedia.org/resource/角田山>	"角田山"@ja	<http://dbpedia.org/ontology/Location>	<http://ja.dbpedia.org/property/画像の説明>	"画像の説明"@ja	<http://ja.wikipedia.org/wiki/角田山>	<http://wikidata.dbpedia.org/resource/Q11630786>
