?s	?sLabel	?type	?p	?pLabel	?jwiki	?wd
<http://ja.dbpedia.org/resource/三条市>	"三条市"@ja	<http://dbpedia.org/ontology/City>	<http://ja.dbpedia.org/property/隣接自治体・行政区>	"隣接自治体・行政区"@ja	<http://ja.wikipedia.org/wiki/三条市>	<http://wikidata.dbpedia.org/resource/Q817273>
<http://ja.dbpedia.org/resource/三条市>	"三条市"@ja	<http://dbpedia.org/ontology/PopulatedPlace>	<http://ja.dbpedia.org/property/隣接自治体・行政区>	"隣接自治体・行政区"@ja	<http://ja.wikipedia.org/wiki/三条市>	<http://wikidata.dbpedia.org/resource/Q817273>
<http://ja.dbpedia.org/resource/三条市>	"三条市"@ja	<http://dbpedia.org/ontology/Place>	<http://ja.dbpedia.org/property/隣接自治体・行政区>	"隣接自治体・行政区"@ja	<http://ja.wikipedia.org/wiki/三条市>	<http://wikidata.dbpedia.org/resource/Q817273>
<http://ja.dbpedia.org/resource/三条市>	"三条市"@ja	<http://dbpedia.org/ontology/Location>	<http://ja.dbpedia.org/property/隣接自治体・行政区>	"隣接自治体・行政区"@ja	<http://ja.wikipedia.org/wiki/三条市>	<http://wikidata.dbpedia.org/resource/Q817273>
<http://ja.dbpedia.org/resource/三条市>	"三条市"@ja	<http://dbpedia.org/ontology/Settlement>	<http://ja.dbpedia.org/property/隣接自治体・行政区>	"隣接自治体・行政区"@ja	<http://ja.wikipedia.org/wiki/三条市>	<http://wikidata.dbpedia.org/resource/Q817273>
<http://ja.dbpedia.org/resource/加茂市>	"加茂市"@ja	<http://dbpedia.org/ontology/Location>	<http://ja.dbpedia.org/property/隣接自治体・行政区>	"隣接自治体・行政区"@ja	<http://ja.wikipedia.org/wiki/加茂市>	<http://wikidata.dbpedia.org/resource/Q857293>
<http://ja.dbpedia.org/resource/加茂市>	"加茂市"@ja	<http://dbpedia.org/ontology/City>	<http://ja.dbpedia.org/property/隣接自治体・行政区>	"隣接自治体・行政区"@ja	<http://ja.wikipedia.org/wiki/加茂市>	<http://wikidata.dbpedia.org/resource/Q857293>
<http://ja.dbpedia.org/resource/加茂市>	"加茂市"@ja	<http://dbpedia.org/ontology/PopulatedPlace>	<http://ja.dbpedia.org/property/隣接自治体・行政区>	"隣接自治体・行政区"@ja	<http://ja.wikipedia.org/wiki/加茂市>	<http://wikidata.dbpedia.org/resource/Q857293>
<http://ja.dbpedia.org/resource/加茂市>	"加茂市"@ja	<http://dbpedia.org/ontology/Settlement>	<http://ja.dbpedia.org/property/隣接自治体・行政区>	"隣接自治体・行政区"@ja	<http://ja.wikipedia.org/wiki/加茂市>	<http://wikidata.dbpedia.org/resource/Q857293>
<http://ja.dbpedia.org/resource/加茂市>	"加茂市"@ja	<http://dbpedia.org/ontology/Place>	<http://ja.dbpedia.org/property/隣接自治体・行政区>	"隣接自治体・行政区"@ja	<http://ja.wikipedia.org/wiki/加茂市>	<http://wikidata.dbpedia.org/resource/Q857293>
<http://ja.dbpedia.org/resource/燕市>	"燕市"@ja	<http://dbpedia.org/ontology/Location>	<http://ja.dbpedia.org/property/隣接自治体・行政区>	"隣接自治体・行政区"@ja	<http://ja.wikipedia.org/wiki/燕市>	<http://wikidata.dbpedia.org/resource/Q571051>
<http://ja.dbpedia.org/resource/燕市>	"燕市"@ja	<http://dbpedia.org/ontology/Settlement>	<http://ja.dbpedia.org/property/隣接自治体・行政区>	"隣接自治体・行政区"@ja	<http://ja.wikipedia.org/wiki/燕市>	<http://wikidata.dbpedia.org/resource/Q571051>
<http://ja.dbpedia.org/resource/燕市>	"燕市"@ja	<http://dbpedia.org/ontology/Place>	<http://ja.dbpedia.org/property/隣接自治体・行政区>	"隣接自治体・行政区"@ja	<http://ja.wikipedia.org/wiki/燕市>	<http://wikidata.dbpedia.org/resource/Q571051>
<http://ja.dbpedia.org/resource/燕市>	"燕市"@ja	<http://dbpedia.org/ontology/City>	<http://ja.dbpedia.org/property/隣接自治体・行政区>	"隣接自治体・行政区"@ja	<http://ja.wikipedia.org/wiki/燕市>	<http://wikidata.dbpedia.org/resource/Q571051>
<http://ja.dbpedia.org/resource/燕市>	"燕市"@ja	<http://dbpedia.org/ontology/PopulatedPlace>	<http://ja.dbpedia.org/property/隣接自治体・行政区>	"隣接自治体・行政区"@ja	<http://ja.wikipedia.org/wiki/燕市>	<http://wikidata.dbpedia.org/resource/Q571051>
<http://ja.dbpedia.org/resource/白根大凧合戦>	"白根大凧合戦"@ja	<http://dbpedia.org/ontology/ArchitecturalStructure>	<http://ja.dbpedia.org/property/画像の説明>	"画像の説明"@ja	<http://ja.wikipedia.org/wiki/白根大凧合戦>	<http://wikidata.dbpedia.org/resource/Q11579854>
<http://ja.dbpedia.org/resource/白根大凧合戦>	"白根大凧合戦"@ja	<http://dbpedia.org/ontology/Building>	<http://ja.dbpedia.org/property/画像の説明>	"画像の説明"@ja	<http://ja.wikipedia.org/wiki/白根大凧合戦>	<http://wikidata.dbpedia.org/resource/Q11579854>
<http://ja.dbpedia.org/resource/白根大凧合戦>	"白根大凧合戦"@ja	<http://dbpedia.org/ontology/Museum>	<http://ja.dbpedia.org/property/画像の説明>	"画像の説明"@ja	<http://ja.wikipedia.org/wiki/白根大凧合戦>	<http://wikidata.dbpedia.org/resource/Q11579854>
