?s	?sLabel	?type	?p	?pLabel	?jwiki	?wd
<http://ja.dbpedia.org/resource/信濃川>	"信濃川"@ja	<http://dbpedia.org/ontology/BodyOfWater>	<http://ja.dbpedia.org/property/画像の説明>	"画像の説明"@ja	<http://ja.wikipedia.org/wiki/信濃川>	<http://wikidata.dbpedia.org/resource/Q734455>
<http://ja.dbpedia.org/resource/信濃川>	"信濃川"@ja	<http://dbpedia.org/ontology/Location>	<http://ja.dbpedia.org/property/画像の説明>	"画像の説明"@ja	<http://ja.wikipedia.org/wiki/信濃川>	<http://wikidata.dbpedia.org/resource/Q734455>
<http://ja.dbpedia.org/resource/信濃川>	"信濃川"@ja	<http://dbpedia.org/ontology/Stream>	<http://ja.dbpedia.org/property/画像の説明>	"画像の説明"@ja	<http://ja.wikipedia.org/wiki/信濃川>	<http://wikidata.dbpedia.org/resource/Q734455>
<http://ja.dbpedia.org/resource/信濃川>	"信濃川"@ja	<http://dbpedia.org/ontology/Place>	<http://ja.dbpedia.org/property/画像の説明>	"画像の説明"@ja	<http://ja.wikipedia.org/wiki/信濃川>	<http://wikidata.dbpedia.org/resource/Q734455>
<http://ja.dbpedia.org/resource/信濃川>	"信濃川"@ja	<http://dbpedia.org/ontology/River>	<http://ja.dbpedia.org/property/画像の説明>	"画像の説明"@ja	<http://ja.wikipedia.org/wiki/信濃川>	<http://wikidata.dbpedia.org/resource/Q734455>
<http://ja.dbpedia.org/resource/信濃川>	"信濃川"@ja	<http://dbpedia.org/ontology/NaturalPlace>	<http://ja.dbpedia.org/property/画像の説明>	"画像の説明"@ja	<http://ja.wikipedia.org/wiki/信濃川>	<http://wikidata.dbpedia.org/resource/Q734455>
<http://ja.dbpedia.org/resource/新潟大学>	"新潟大学"@ja	<http://dbpedia.org/ontology/University>	<http://ja.dbpedia.org/property/caption>	"caption"@ja	<http://ja.wikipedia.org/wiki/新潟大学>	<http://wikidata.dbpedia.org/resource/Q267111>
<http://ja.dbpedia.org/resource/新潟大学>	"新潟大学"@ja	<http://dbpedia.org/ontology/Organisation>	<http://ja.dbpedia.org/property/caption>	"caption"@ja	<http://ja.wikipedia.org/wiki/新潟大学>	<http://wikidata.dbpedia.org/resource/Q267111>
<http://ja.dbpedia.org/resource/新潟大学>	"新潟大学"@ja	<http://dbpedia.org/ontology/EducationalInstitution>	<http://ja.dbpedia.org/property/caption>	"caption"@ja	<http://ja.wikipedia.org/wiki/新潟大学>	<http://wikidata.dbpedia.org/resource/Q267111>
<http://ja.dbpedia.org/resource/新潟大学>	"新潟大学"@ja	<http://dbpedia.org/ontology/Agent>	<http://ja.dbpedia.org/property/caption>	"caption"@ja	<http://ja.wikipedia.org/wiki/新潟大学>	<http://wikidata.dbpedia.org/resource/Q267111>
<http://ja.dbpedia.org/resource/新潟県立新潟高等学校>	"新潟県立新潟高等学校"@ja	<http://dbpedia.org/ontology/Agent>	<http://ja.dbpedia.org/property/caption>	"caption"@ja	<http://ja.wikipedia.org/wiki/新潟県立新潟高等学校>	<http://wikidata.dbpedia.org/resource/Q11503083>
<http://ja.dbpedia.org/resource/新潟県立新潟高等学校>	"新潟県立新潟高等学校"@ja	<http://dbpedia.org/ontology/School>	<http://ja.dbpedia.org/property/caption>	"caption"@ja	<http://ja.wikipedia.org/wiki/新潟県立新潟高等学校>	<http://wikidata.dbpedia.org/resource/Q11503083>
<http://ja.dbpedia.org/resource/新潟県立新潟高等学校>	"新潟県立新潟高等学校"@ja	<http://dbpedia.org/ontology/EducationalInstitution>	<http://ja.dbpedia.org/property/caption>	"caption"@ja	<http://ja.wikipedia.org/wiki/新潟県立新潟高等学校>	<http://wikidata.dbpedia.org/resource/Q11503083>
<http://ja.dbpedia.org/resource/新潟県立新潟高等学校>	"新潟県立新潟高等学校"@ja	<http://dbpedia.org/ontology/Organisation>	<http://ja.dbpedia.org/property/caption>	"caption"@ja	<http://ja.wikipedia.org/wiki/新潟県立新潟高等学校>	<http://wikidata.dbpedia.org/resource/Q11503083>
