?s	?sLabel	?type	?p	?pLabel	?jwiki	?wd
<http://ja.dbpedia.org/resource/北方文化博物館>	"北方文化博物館"@ja	<http://dbpedia.org/ontology/ArchitecturalStructure>	<http://ja.dbpedia.org/property/画像の説明>	"画像の説明"@ja	<http://ja.wikipedia.org/wiki/北方文化博物館>	<http://wikidata.dbpedia.org/resource/Q11246368>
<http://ja.dbpedia.org/resource/北方文化博物館>	"北方文化博物館"@ja	<http://dbpedia.org/ontology/Building>	<http://ja.dbpedia.org/property/画像の説明>	"画像の説明"@ja	<http://ja.wikipedia.org/wiki/北方文化博物館>	<http://wikidata.dbpedia.org/resource/Q11246368>
<http://ja.dbpedia.org/resource/北方文化博物館>	"北方文化博物館"@ja	<http://dbpedia.org/ontology/Museum>	<http://ja.dbpedia.org/property/画像の説明>	"画像の説明"@ja	<http://ja.wikipedia.org/wiki/北方文化博物館>	<http://wikidata.dbpedia.org/resource/Q11246368>
<http://ja.dbpedia.org/resource/阿賀野市>	"阿賀野市"@ja	<http://dbpedia.org/ontology/City>	<http://ja.dbpedia.org/property/隣接自治体・行政区>	"隣接自治体・行政区"@ja	<http://ja.wikipedia.org/wiki/阿賀野市>	<http://wikidata.dbpedia.org/resource/Q390466>
<http://ja.dbpedia.org/resource/阿賀野市>	"阿賀野市"@ja	<http://dbpedia.org/ontology/City>	<http://ja.dbpedia.org/property/southeast>	"Southeast"@ja	<http://ja.wikipedia.org/wiki/阿賀野市>	<http://wikidata.dbpedia.org/resource/Q390466>
<http://ja.dbpedia.org/resource/阿賀野市>	"阿賀野市"@ja	<http://dbpedia.org/ontology/Place>	<http://ja.dbpedia.org/property/隣接自治体・行政区>	"隣接自治体・行政区"@ja	<http://ja.wikipedia.org/wiki/阿賀野市>	<http://wikidata.dbpedia.org/resource/Q390466>
<http://ja.dbpedia.org/resource/阿賀野市>	"阿賀野市"@ja	<http://dbpedia.org/ontology/Location>	<http://ja.dbpedia.org/property/隣接自治体・行政区>	"隣接自治体・行政区"@ja	<http://ja.wikipedia.org/wiki/阿賀野市>	<http://wikidata.dbpedia.org/resource/Q390466>
<http://ja.dbpedia.org/resource/阿賀野市>	"阿賀野市"@ja	<http://dbpedia.org/ontology/Place>	<http://ja.dbpedia.org/property/southeast>	"Southeast"@ja	<http://ja.wikipedia.org/wiki/阿賀野市>	<http://wikidata.dbpedia.org/resource/Q390466>
<http://ja.dbpedia.org/resource/阿賀野市>	"阿賀野市"@ja	<http://dbpedia.org/ontology/Settlement>	<http://ja.dbpedia.org/property/southeast>	"Southeast"@ja	<http://ja.wikipedia.org/wiki/阿賀野市>	<http://wikidata.dbpedia.org/resource/Q390466>
<http://ja.dbpedia.org/resource/阿賀野市>	"阿賀野市"@ja	<http://dbpedia.org/ontology/Settlement>	<http://ja.dbpedia.org/property/隣接自治体・行政区>	"隣接自治体・行政区"@ja	<http://ja.wikipedia.org/wiki/阿賀野市>	<http://wikidata.dbpedia.org/resource/Q390466>
<http://ja.dbpedia.org/resource/阿賀野市>	"阿賀野市"@ja	<http://dbpedia.org/ontology/Location>	<http://ja.dbpedia.org/property/southeast>	"Southeast"@ja	<http://ja.wikipedia.org/wiki/阿賀野市>	<http://wikidata.dbpedia.org/resource/Q390466>
<http://ja.dbpedia.org/resource/阿賀野市>	"阿賀野市"@ja	<http://dbpedia.org/ontology/PopulatedPlace>	<http://ja.dbpedia.org/property/隣接自治体・行政区>	"隣接自治体・行政区"@ja	<http://ja.wikipedia.org/wiki/阿賀野市>	<http://wikidata.dbpedia.org/resource/Q390466>
<http://ja.dbpedia.org/resource/阿賀野市>	"阿賀野市"@ja	<http://dbpedia.org/ontology/PopulatedPlace>	<http://ja.dbpedia.org/property/southeast>	"Southeast"@ja	<http://ja.wikipedia.org/wiki/阿賀野市>	<http://wikidata.dbpedia.org/resource/Q390466>
