?s	?sLabel	?type	?p	?pLabel	?jwiki	?wd
<http://ja.dbpedia.org/resource/イトウ>	"イトウ"@ja	<http://dbpedia.org/ontology/Species>	<http://ja.dbpedia.org/property/鳥など>	"鳥など"@ja	<http://ja.wikipedia.org/wiki/イトウ>	<http://wikidata.dbpedia.org/resource/Q2245191>
<http://ja.dbpedia.org/resource/コケモモ>	"コケモモ"@ja	<http://dbpedia.org/ontology/Plant>	<http://ja.dbpedia.org/property/花>	"花"@ja	<http://ja.wikipedia.org/wiki/コケモモ>	<http://wikidata.dbpedia.org/resource/Q93235>
<http://ja.dbpedia.org/resource/コケモモ>	"コケモモ"@ja	<http://dbpedia.org/ontology/Eukaryote>	<http://ja.dbpedia.org/property/花>	"花"@ja	<http://ja.wikipedia.org/wiki/コケモモ>	<http://wikidata.dbpedia.org/resource/Q93235>
<http://ja.dbpedia.org/resource/コケモモ>	"コケモモ"@ja	<http://dbpedia.org/ontology/Species>	<http://ja.dbpedia.org/property/花>	"花"@ja	<http://ja.wikipedia.org/wiki/コケモモ>	<http://wikidata.dbpedia.org/resource/Q93235>
<http://ja.dbpedia.org/resource/コケモモ>	"コケモモ"@ja	<http://dbpedia.org/ontology/FloweringPlant>	<http://ja.dbpedia.org/property/花>	"花"@ja	<http://ja.wikipedia.org/wiki/コケモモ>	<http://wikidata.dbpedia.org/resource/Q93235>
<http://ja.dbpedia.org/resource/ナナカマド>	"ナナカマド"@ja	<http://dbpedia.org/ontology/Species>	<http://ja.dbpedia.org/property/木>	"木"@ja	<http://ja.wikipedia.org/wiki/ナナカマド>	<http://wikidata.dbpedia.org/resource/Q1210209>
