?s	?sLabel	?type	?p	?pLabel	?jwiki	?wd
<http://ja.dbpedia.org/resource/アカエゾマツ>	"アカエゾマツ"@ja	<http://dbpedia.org/ontology/Species>	<http://ja.dbpedia.org/property/木>	"木"@ja	<http://ja.wikipedia.org/wiki/アカエゾマツ>	<http://wikidata.dbpedia.org/resource/Q1151932>
<http://ja.dbpedia.org/resource/チシマザクラ>	"チシマザクラ"@ja	<http://dbpedia.org/ontology/Species>	<http://ja.dbpedia.org/property/花>	"花"@ja	<http://ja.wikipedia.org/wiki/チシマザクラ>	<http://wikidata.dbpedia.org/resource/Q10904889>
<http://ja.dbpedia.org/resource/幌延町>	"幌延町"@ja	<http://dbpedia.org/ontology/Settlement>	<http://ja.dbpedia.org/property/隣接自治体>	"隣接自治体"@ja	<http://ja.wikipedia.org/wiki/幌延町>	<http://wikidata.dbpedia.org/resource/Q955532>
<http://ja.dbpedia.org/resource/幌延町>	"幌延町"@ja	<http://dbpedia.org/ontology/Place>	<http://ja.dbpedia.org/property/隣接自治体>	"隣接自治体"@ja	<http://ja.wikipedia.org/wiki/幌延町>	<http://wikidata.dbpedia.org/resource/Q955532>
<http://ja.dbpedia.org/resource/幌延町>	"幌延町"@ja	<http://dbpedia.org/ontology/City>	<http://ja.dbpedia.org/property/隣接自治体>	"隣接自治体"@ja	<http://ja.wikipedia.org/wiki/幌延町>	<http://wikidata.dbpedia.org/resource/Q955532>
<http://ja.dbpedia.org/resource/幌延町>	"幌延町"@ja	<http://dbpedia.org/ontology/PopulatedPlace>	<http://ja.dbpedia.org/property/隣接自治体>	"隣接自治体"@ja	<http://ja.wikipedia.org/wiki/幌延町>	<http://wikidata.dbpedia.org/resource/Q955532>
<http://ja.dbpedia.org/resource/幌延町>	"幌延町"@ja	<http://dbpedia.org/ontology/Location>	<http://ja.dbpedia.org/property/隣接自治体>	"隣接自治体"@ja	<http://ja.wikipedia.org/wiki/幌延町>	<http://wikidata.dbpedia.org/resource/Q955532>
