?s	?sLabel	?type	?p	?pLabel	?jwiki	?wd
<http://ja.dbpedia.org/resource/イブキ>	"イブキ"@ja	<http://dbpedia.org/ontology/Species>	<http://ja.dbpedia.org/property/木>	"木"@ja	<http://ja.wikipedia.org/wiki/イブキ>	<http://wikidata.dbpedia.org/resource/Q157697>
<http://ja.dbpedia.org/resource/エゾウスユキソウ>	"エゾウスユキソウ"@ja	<http://dbpedia.org/ontology/Species>	<http://ja.dbpedia.org/property/花>	"花"@ja	<http://ja.wikipedia.org/wiki/エゾウスユキソウ>	<http://wikidata.dbpedia.org/resource/Q15616190>
<http://ja.dbpedia.org/resource/コマドリ>	"コマドリ"@ja	<http://dbpedia.org/ontology/Species>	<http://ja.dbpedia.org/property/鳥など>	"鳥など"@ja	<http://ja.wikipedia.org/wiki/コマドリ>	<http://wikidata.dbpedia.org/resource/Q27075673>
<http://ja.dbpedia.org/resource/海驢島>	"海驢島"@ja	<http://dbpedia.org/ontology/Island>	<http://ja.dbpedia.org/property/画像の説明>	"画像の説明"@ja	<http://ja.wikipedia.org/wiki/海驢島>	<http://wikidata.dbpedia.org/resource/Q11559418>
<http://ja.dbpedia.org/resource/海驢島>	"海驢島"@ja	<http://dbpedia.org/ontology/PopulatedPlace>	<http://ja.dbpedia.org/property/画像の説明>	"画像の説明"@ja	<http://ja.wikipedia.org/wiki/海驢島>	<http://wikidata.dbpedia.org/resource/Q11559418>
<http://ja.dbpedia.org/resource/海驢島>	"海驢島"@ja	<http://dbpedia.org/ontology/Place>	<http://ja.dbpedia.org/property/画像の説明>	"画像の説明"@ja	<http://ja.wikipedia.org/wiki/海驢島>	<http://wikidata.dbpedia.org/resource/Q11559418>
<http://ja.dbpedia.org/resource/海驢島>	"海驢島"@ja	<http://dbpedia.org/ontology/Location>	<http://ja.dbpedia.org/property/画像の説明>	"画像の説明"@ja	<http://ja.wikipedia.org/wiki/海驢島>	<http://wikidata.dbpedia.org/resource/Q11559418>
