?s	?sLabel	?type	?p	?pLabel	?jwiki	?wd
<http://ja.dbpedia.org/resource/コマドリ>	"コマドリ"@ja	<http://dbpedia.org/ontology/Species>	<http://ja.dbpedia.org/property/鳥など>	"鳥など"@ja	<http://ja.wikipedia.org/wiki/コマドリ>	<http://wikidata.dbpedia.org/resource/Q27075673>
<http://ja.dbpedia.org/resource/ゼンテイカ>	"ゼンテイカ"@ja	<http://dbpedia.org/ontology/Species>	<http://ja.dbpedia.org/property/花>	"花"@ja	<http://ja.wikipedia.org/wiki/ゼンテイカ>	<http://wikidata.dbpedia.org/resource/Q10903906>
<http://ja.dbpedia.org/resource/チシマザクラ>	"チシマザクラ"@ja	<http://dbpedia.org/ontology/Species>	<http://ja.dbpedia.org/property/花>	"花"@ja	<http://ja.wikipedia.org/wiki/チシマザクラ>	<http://wikidata.dbpedia.org/resource/Q10904889>
<http://ja.dbpedia.org/resource/ハイマツ>	"ハイマツ"@ja	<http://dbpedia.org/ontology/Species>	<http://ja.dbpedia.org/property/木>	"木"@ja	<http://ja.wikipedia.org/wiki/ハイマツ>	<http://wikidata.dbpedia.org/resource/Q243964>
