?s	?sLabel	?type	?p	?pLabel	?jwiki	?wd
<http://ja.dbpedia.org/resource/エゾマツ>	"エゾマツ"@ja	<http://dbpedia.org/ontology/Species>	<http://ja.dbpedia.org/property/木>	"木"@ja	<http://ja.wikipedia.org/wiki/エゾマツ>	<http://wikidata.dbpedia.org/resource/Q1190084>
<http://ja.dbpedia.org/resource/コマドリ>	"コマドリ"@ja	<http://dbpedia.org/ontology/Species>	<http://ja.dbpedia.org/property/鳥など>	"鳥など"@ja	<http://ja.wikipedia.org/wiki/コマドリ>	<http://wikidata.dbpedia.org/resource/Q27075673>
<http://ja.dbpedia.org/resource/ナナカマド>	"ナナカマド"@ja	<http://dbpedia.org/ontology/Species>	<http://ja.dbpedia.org/property/木>	"木"@ja	<http://ja.wikipedia.org/wiki/ナナカマド>	<http://wikidata.dbpedia.org/resource/Q1210209>
<http://ja.dbpedia.org/resource/ヒナゲシ>	"ヒナゲシ"@ja	<http://dbpedia.org/ontology/Eukaryote>	<http://ja.dbpedia.org/property/花>	"花"@ja	<http://ja.wikipedia.org/wiki/ヒナゲシ>	<http://wikidata.dbpedia.org/resource/Q130201>
<http://ja.dbpedia.org/resource/ヒナゲシ>	"ヒナゲシ"@ja	<http://dbpedia.org/ontology/Plant>	<http://ja.dbpedia.org/property/花>	"花"@ja	<http://ja.wikipedia.org/wiki/ヒナゲシ>	<http://wikidata.dbpedia.org/resource/Q130201>
<http://ja.dbpedia.org/resource/ヒナゲシ>	"ヒナゲシ"@ja	<http://dbpedia.org/ontology/Species>	<http://ja.dbpedia.org/property/花>	"花"@ja	<http://ja.wikipedia.org/wiki/ヒナゲシ>	<http://wikidata.dbpedia.org/resource/Q130201>
<http://ja.dbpedia.org/resource/利尻山>	"利尻山"@ja	<http://dbpedia.org/ontology/Location>	<http://ja.dbpedia.org/property/画像の説明>	"画像の説明"@ja	<http://ja.wikipedia.org/wiki/利尻山>	<http://wikidata.dbpedia.org/resource/Q2154758>
<http://ja.dbpedia.org/resource/利尻山>	"利尻山"@ja	<http://dbpedia.org/ontology/Mountain>	<http://ja.dbpedia.org/property/画像の説明>	"画像の説明"@ja	<http://ja.wikipedia.org/wiki/利尻山>	<http://wikidata.dbpedia.org/resource/Q2154758>
<http://ja.dbpedia.org/resource/利尻山>	"利尻山"@ja	<http://dbpedia.org/ontology/NaturalPlace>	<http://ja.dbpedia.org/property/画像の説明>	"画像の説明"@ja	<http://ja.wikipedia.org/wiki/利尻山>	<http://wikidata.dbpedia.org/resource/Q2154758>
<http://ja.dbpedia.org/resource/利尻山>	"利尻山"@ja	<http://dbpedia.org/ontology/Place>	<http://ja.dbpedia.org/property/画像の説明>	"画像の説明"@ja	<http://ja.wikipedia.org/wiki/利尻山>	<http://wikidata.dbpedia.org/resource/Q2154758>
