?s	?sLabel	?type	?p	?pLabel	?jwiki	?wd
<http://ja.dbpedia.org/resource/スイセン属>	"スイセン属"@ja	<http://dbpedia.org/ontology/Species>	<http://ja.dbpedia.org/property/花>	"花"@ja	<http://ja.wikipedia.org/wiki/スイセン属>	<http://wikidata.dbpedia.org/resource/Q29465>
<http://ja.dbpedia.org/resource/ニシキゴイ>	"ニシキゴイ"@ja	<http://dbpedia.org/ontology/Species>	<http://ja.dbpedia.org/property/鳥など>	"鳥など"@ja	<http://ja.wikipedia.org/wiki/ニシキゴイ>	<http://wikidata.dbpedia.org/resource/Q378846>
<http://ja.dbpedia.org/resource/ニシキゴイ>	"ニシキゴイ"@ja	<http://dbpedia.org/ontology/Eukaryote>	<http://ja.dbpedia.org/property/鳥など>	"鳥など"@ja	<http://ja.wikipedia.org/wiki/ニシキゴイ>	<http://wikidata.dbpedia.org/resource/Q378846>
<http://ja.dbpedia.org/resource/ニシキゴイ>	"ニシキゴイ"@ja	<http://dbpedia.org/ontology/Animal>	<http://ja.dbpedia.org/property/鳥など>	"鳥など"@ja	<http://ja.wikipedia.org/wiki/ニシキゴイ>	<http://wikidata.dbpedia.org/resource/Q378846>
<http://ja.dbpedia.org/resource/ニシキゴイ>	"ニシキゴイ"@ja	<http://dbpedia.org/ontology/Fish>	<http://ja.dbpedia.org/property/鳥など>	"鳥など"@ja	<http://ja.wikipedia.org/wiki/ニシキゴイ>	<http://wikidata.dbpedia.org/resource/Q378846>
<http://ja.dbpedia.org/resource/十日町市>	"十日町市"@ja	<http://dbpedia.org/ontology/Location>	<http://ja.dbpedia.org/property/隣接自治体>	"隣接自治体"@ja	<http://ja.wikipedia.org/wiki/十日町市>	<http://wikidata.dbpedia.org/resource/Q858369>
<http://ja.dbpedia.org/resource/十日町市>	"十日町市"@ja	<http://dbpedia.org/ontology/City>	<http://ja.dbpedia.org/property/隣接自治体>	"隣接自治体"@ja	<http://ja.wikipedia.org/wiki/十日町市>	<http://wikidata.dbpedia.org/resource/Q858369>
<http://ja.dbpedia.org/resource/十日町市>	"十日町市"@ja	<http://dbpedia.org/ontology/PopulatedPlace>	<http://ja.dbpedia.org/property/隣接自治体>	"隣接自治体"@ja	<http://ja.wikipedia.org/wiki/十日町市>	<http://wikidata.dbpedia.org/resource/Q858369>
<http://ja.dbpedia.org/resource/十日町市>	"十日町市"@ja	<http://dbpedia.org/ontology/Settlement>	<http://ja.dbpedia.org/property/隣接自治体>	"隣接自治体"@ja	<http://ja.wikipedia.org/wiki/十日町市>	<http://wikidata.dbpedia.org/resource/Q858369>
<http://ja.dbpedia.org/resource/十日町市>	"十日町市"@ja	<http://dbpedia.org/ontology/Place>	<http://ja.dbpedia.org/property/隣接自治体>	"隣接自治体"@ja	<http://ja.wikipedia.org/wiki/十日町市>	<http://wikidata.dbpedia.org/resource/Q858369>
<http://ja.dbpedia.org/resource/長岡市>	"長岡市"@ja	<http://dbpedia.org/ontology/City>	<http://ja.dbpedia.org/property/隣接自治体>	"隣接自治体"@ja	<http://ja.wikipedia.org/wiki/長岡市>	<http://wikidata.dbpedia.org/resource/Q540312>
<http://ja.dbpedia.org/resource/長岡市>	"長岡市"@ja	<http://dbpedia.org/ontology/PopulatedPlace>	<http://ja.dbpedia.org/property/隣接自治体>	"隣接自治体"@ja	<http://ja.wikipedia.org/wiki/長岡市>	<http://wikidata.dbpedia.org/resource/Q540312>
<http://ja.dbpedia.org/resource/長岡市>	"長岡市"@ja	<http://dbpedia.org/ontology/Place>	<http://ja.dbpedia.org/property/隣接自治体>	"隣接自治体"@ja	<http://ja.wikipedia.org/wiki/長岡市>	<http://wikidata.dbpedia.org/resource/Q540312>
<http://ja.dbpedia.org/resource/長岡市>	"長岡市"@ja	<http://dbpedia.org/ontology/Location>	<http://ja.dbpedia.org/property/隣接自治体>	"隣接自治体"@ja	<http://ja.wikipedia.org/wiki/長岡市>	<http://wikidata.dbpedia.org/resource/Q540312>
<http://ja.dbpedia.org/resource/長岡市>	"長岡市"@ja	<http://dbpedia.org/ontology/Settlement>	<http://ja.dbpedia.org/property/隣接自治体>	"隣接自治体"@ja	<http://ja.wikipedia.org/wiki/長岡市>	<http://wikidata.dbpedia.org/resource/Q540312>
<http://ja.dbpedia.org/resource/魚沼市>	"魚沼市"@ja	<http://dbpedia.org/ontology/City>	<http://ja.dbpedia.org/property/隣接自治体>	"隣接自治体"@ja	<http://ja.wikipedia.org/wiki/魚沼市>	<http://wikidata.dbpedia.org/resource/Q850352>
<http://ja.dbpedia.org/resource/魚沼市>	"魚沼市"@ja	<http://dbpedia.org/ontology/Location>	<http://ja.dbpedia.org/property/隣接自治体>	"隣接自治体"@ja	<http://ja.wikipedia.org/wiki/魚沼市>	<http://wikidata.dbpedia.org/resource/Q850352>
<http://ja.dbpedia.org/resource/魚沼市>	"魚沼市"@ja	<http://dbpedia.org/ontology/PopulatedPlace>	<http://ja.dbpedia.org/property/隣接自治体>	"隣接自治体"@ja	<http://ja.wikipedia.org/wiki/魚沼市>	<http://wikidata.dbpedia.org/resource/Q850352>
<http://ja.dbpedia.org/resource/魚沼市>	"魚沼市"@ja	<http://dbpedia.org/ontology/Place>	<http://ja.dbpedia.org/property/隣接自治体>	"隣接自治体"@ja	<http://ja.wikipedia.org/wiki/魚沼市>	<http://wikidata.dbpedia.org/resource/Q850352>
<http://ja.dbpedia.org/resource/魚沼市>	"魚沼市"@ja	<http://dbpedia.org/ontology/Settlement>	<http://ja.dbpedia.org/property/隣接自治体>	"隣接自治体"@ja	<http://ja.wikipedia.org/wiki/魚沼市>	<http://wikidata.dbpedia.org/resource/Q850352>
