?s	?sLabel	?type	?p	?pLabel	?jwiki	?wd
<http://ja.dbpedia.org/resource/アヤメ>	"アヤメ"@ja	<http://dbpedia.org/ontology/Species>	<http://ja.dbpedia.org/property/花>	"花"@ja	<http://ja.wikipedia.org/wiki/アヤメ>	<http://wikidata.dbpedia.org/resource/Q907937>
<http://ja.dbpedia.org/resource/サクラ>	"サクラ"@ja	<http://dbpedia.org/ontology/Species>	<http://ja.dbpedia.org/property/木>	"木"@ja	<http://ja.wikipedia.org/wiki/サクラ>	<http://wikidata.dbpedia.org/resource/Q871991>
<http://ja.dbpedia.org/resource/新潟市>	"新潟市"@ja	<http://dbpedia.org/ontology/PopulatedPlace>	<http://ja.dbpedia.org/property/west>	"West"@ja	<http://ja.wikipedia.org/wiki/新潟市>	<http://wikidata.dbpedia.org/resource/Q179691>
<http://ja.dbpedia.org/resource/新潟市>	"新潟市"@ja	<http://dbpedia.org/ontology/Place>	<http://ja.dbpedia.org/property/west>	"West"@ja	<http://ja.wikipedia.org/wiki/新潟市>	<http://wikidata.dbpedia.org/resource/Q179691>
<http://ja.dbpedia.org/resource/新潟市>	"新潟市"@ja	<http://dbpedia.org/ontology/City>	<http://ja.dbpedia.org/property/west>	"West"@ja	<http://ja.wikipedia.org/wiki/新潟市>	<http://wikidata.dbpedia.org/resource/Q179691>
<http://ja.dbpedia.org/resource/新潟市>	"新潟市"@ja	<http://dbpedia.org/ontology/Location>	<http://ja.dbpedia.org/property/west>	"West"@ja	<http://ja.wikipedia.org/wiki/新潟市>	<http://wikidata.dbpedia.org/resource/Q179691>
<http://ja.dbpedia.org/resource/新潟市>	"新潟市"@ja	<http://dbpedia.org/ontology/Settlement>	<http://ja.dbpedia.org/property/west>	"West"@ja	<http://ja.wikipedia.org/wiki/新潟市>	<http://wikidata.dbpedia.org/resource/Q179691>
<http://ja.dbpedia.org/resource/聖籠町>	"聖籠町"@ja	<http://dbpedia.org/ontology/Location>	<http://ja.dbpedia.org/property/west>	"West"@ja	<http://ja.wikipedia.org/wiki/聖籠町>	<http://wikidata.dbpedia.org/resource/Q1204293>
<http://ja.dbpedia.org/resource/聖籠町>	"聖籠町"@ja	<http://dbpedia.org/ontology/City>	<http://ja.dbpedia.org/property/west>	"West"@ja	<http://ja.wikipedia.org/wiki/聖籠町>	<http://wikidata.dbpedia.org/resource/Q1204293>
<http://ja.dbpedia.org/resource/聖籠町>	"聖籠町"@ja	<http://dbpedia.org/ontology/PopulatedPlace>	<http://ja.dbpedia.org/property/west>	"West"@ja	<http://ja.wikipedia.org/wiki/聖籠町>	<http://wikidata.dbpedia.org/resource/Q1204293>
<http://ja.dbpedia.org/resource/聖籠町>	"聖籠町"@ja	<http://dbpedia.org/ontology/Settlement>	<http://ja.dbpedia.org/property/west>	"West"@ja	<http://ja.wikipedia.org/wiki/聖籠町>	<http://wikidata.dbpedia.org/resource/Q1204293>
<http://ja.dbpedia.org/resource/聖籠町>	"聖籠町"@ja	<http://dbpedia.org/ontology/Place>	<http://ja.dbpedia.org/property/west>	"West"@ja	<http://ja.wikipedia.org/wiki/聖籠町>	<http://wikidata.dbpedia.org/resource/Q1204293>
<http://ja.dbpedia.org/resource/胎内市>	"胎内市"@ja	<http://dbpedia.org/ontology/City>	<http://ja.dbpedia.org/property/north>	"North"@ja	<http://ja.wikipedia.org/wiki/胎内市>	<http://wikidata.dbpedia.org/resource/Q877266>
<http://ja.dbpedia.org/resource/胎内市>	"胎内市"@ja	<http://dbpedia.org/ontology/PopulatedPlace>	<http://ja.dbpedia.org/property/north>	"North"@ja	<http://ja.wikipedia.org/wiki/胎内市>	<http://wikidata.dbpedia.org/resource/Q877266>
<http://ja.dbpedia.org/resource/胎内市>	"胎内市"@ja	<http://dbpedia.org/ontology/Place>	<http://ja.dbpedia.org/property/north>	"North"@ja	<http://ja.wikipedia.org/wiki/胎内市>	<http://wikidata.dbpedia.org/resource/Q877266>
<http://ja.dbpedia.org/resource/胎内市>	"胎内市"@ja	<http://dbpedia.org/ontology/Location>	<http://ja.dbpedia.org/property/north>	"North"@ja	<http://ja.wikipedia.org/wiki/胎内市>	<http://wikidata.dbpedia.org/resource/Q877266>
<http://ja.dbpedia.org/resource/胎内市>	"胎内市"@ja	<http://dbpedia.org/ontology/Settlement>	<http://ja.dbpedia.org/property/north>	"North"@ja	<http://ja.wikipedia.org/wiki/胎内市>	<http://wikidata.dbpedia.org/resource/Q877266>
<http://ja.dbpedia.org/resource/阿賀町>	"阿賀町"@ja	<http://dbpedia.org/ontology/Location>	<http://ja.dbpedia.org/property/south>	"South"@ja	<http://ja.wikipedia.org/wiki/阿賀町>	<http://wikidata.dbpedia.org/resource/Q1204671>
<http://ja.dbpedia.org/resource/阿賀町>	"阿賀町"@ja	<http://dbpedia.org/ontology/Settlement>	<http://ja.dbpedia.org/property/south>	"South"@ja	<http://ja.wikipedia.org/wiki/阿賀町>	<http://wikidata.dbpedia.org/resource/Q1204671>
<http://ja.dbpedia.org/resource/阿賀町>	"阿賀町"@ja	<http://dbpedia.org/ontology/Place>	<http://ja.dbpedia.org/property/south>	"South"@ja	<http://ja.wikipedia.org/wiki/阿賀町>	<http://wikidata.dbpedia.org/resource/Q1204671>
<http://ja.dbpedia.org/resource/阿賀町>	"阿賀町"@ja	<http://dbpedia.org/ontology/City>	<http://ja.dbpedia.org/property/south>	"South"@ja	<http://ja.wikipedia.org/wiki/阿賀町>	<http://wikidata.dbpedia.org/resource/Q1204671>
<http://ja.dbpedia.org/resource/阿賀町>	"阿賀町"@ja	<http://dbpedia.org/ontology/PopulatedPlace>	<http://ja.dbpedia.org/property/south>	"South"@ja	<http://ja.wikipedia.org/wiki/阿賀町>	<http://wikidata.dbpedia.org/resource/Q1204671>
<http://ja.dbpedia.org/resource/阿賀野市>	"阿賀野市"@ja	<http://dbpedia.org/ontology/Settlement>	<http://ja.dbpedia.org/property/southwest>	"Southwest"@ja	<http://ja.wikipedia.org/wiki/阿賀野市>	<http://wikidata.dbpedia.org/resource/Q390466>
<http://ja.dbpedia.org/resource/阿賀野市>	"阿賀野市"@ja	<http://dbpedia.org/ontology/Place>	<http://ja.dbpedia.org/property/southwest>	"Southwest"@ja	<http://ja.wikipedia.org/wiki/阿賀野市>	<http://wikidata.dbpedia.org/resource/Q390466>
<http://ja.dbpedia.org/resource/阿賀野市>	"阿賀野市"@ja	<http://dbpedia.org/ontology/City>	<http://ja.dbpedia.org/property/southwest>	"Southwest"@ja	<http://ja.wikipedia.org/wiki/阿賀野市>	<http://wikidata.dbpedia.org/resource/Q390466>
<http://ja.dbpedia.org/resource/阿賀野市>	"阿賀野市"@ja	<http://dbpedia.org/ontology/PopulatedPlace>	<http://ja.dbpedia.org/property/southwest>	"Southwest"@ja	<http://ja.wikipedia.org/wiki/阿賀野市>	<http://wikidata.dbpedia.org/resource/Q390466>
<http://ja.dbpedia.org/resource/阿賀野市>	"阿賀野市"@ja	<http://dbpedia.org/ontology/Location>	<http://ja.dbpedia.org/property/southwest>	"Southwest"@ja	<http://ja.wikipedia.org/wiki/阿賀野市>	<http://wikidata.dbpedia.org/resource/Q390466>
