?s	?sLabel	?type	?p	?pLabel	?jwiki	?wd
<http://ja.dbpedia.org/resource/ケヤキ>	"ケヤキ"@ja	<http://dbpedia.org/ontology/Species>	<http://ja.dbpedia.org/property/木>	"木"@ja	<http://ja.wikipedia.org/wiki/ケヤキ>	<http://wikidata.dbpedia.org/resource/Q920344>
<http://ja.dbpedia.org/resource/ツツジ>	"ツツジ"@ja	<http://dbpedia.org/ontology/Species>	<http://ja.dbpedia.org/property/花>	"花"@ja	<http://ja.wikipedia.org/wiki/ツツジ>	<http://wikidata.dbpedia.org/resource/Q189393>
<http://ja.dbpedia.org/resource/ニシキゴイ>	"ニシキゴイ"@ja	<http://dbpedia.org/ontology/Eukaryote>	<http://ja.dbpedia.org/property/鳥など>	"鳥など"@ja	<http://ja.wikipedia.org/wiki/ニシキゴイ>	<http://wikidata.dbpedia.org/resource/Q378846>
<http://ja.dbpedia.org/resource/ニシキゴイ>	"ニシキゴイ"@ja	<http://dbpedia.org/ontology/Species>	<http://ja.dbpedia.org/property/鳥など>	"鳥など"@ja	<http://ja.wikipedia.org/wiki/ニシキゴイ>	<http://wikidata.dbpedia.org/resource/Q378846>
<http://ja.dbpedia.org/resource/ニシキゴイ>	"ニシキゴイ"@ja	<http://dbpedia.org/ontology/Fish>	<http://ja.dbpedia.org/property/鳥など>	"鳥など"@ja	<http://ja.wikipedia.org/wiki/ニシキゴイ>	<http://wikidata.dbpedia.org/resource/Q378846>
<http://ja.dbpedia.org/resource/ニシキゴイ>	"ニシキゴイ"@ja	<http://dbpedia.org/ontology/Animal>	<http://ja.dbpedia.org/property/鳥など>	"鳥など"@ja	<http://ja.wikipedia.org/wiki/ニシキゴイ>	<http://wikidata.dbpedia.org/resource/Q378846>
