?s	?sLabel	?type	?p	?pLabel	?jwiki	?wd
<http://ja.dbpedia.org/resource/イチイ>	"イチイ"@ja	<http://dbpedia.org/ontology/Species>	<http://ja.dbpedia.org/property/木>	"木"@ja	<http://ja.wikipedia.org/wiki/イチイ>	<http://wikidata.dbpedia.org/resource/Q1144815>
<http://ja.dbpedia.org/resource/オトメユリ>	"オトメユリ"@ja	<http://dbpedia.org/ontology/Species>	<http://ja.dbpedia.org/property/花>	"花"@ja	<http://ja.wikipedia.org/wiki/オトメユリ>	<http://wikidata.dbpedia.org/resource/Q149484>
<http://ja.dbpedia.org/resource/ゴヨウマツ>	"ゴヨウマツ"@ja	<http://dbpedia.org/ontology/Species>	<http://ja.dbpedia.org/property/木>	"木"@ja	<http://ja.wikipedia.org/wiki/ゴヨウマツ>	<http://wikidata.dbpedia.org/resource/Q178116>
<http://ja.dbpedia.org/resource/ハナショウブ>	"ハナショウブ"@ja	<http://dbpedia.org/ontology/Species>	<http://ja.dbpedia.org/property/花>	"花"@ja	<http://ja.wikipedia.org/wiki/ハナショウブ>	<http://wikidata.dbpedia.org/resource/Q21558856>
<http://ja.dbpedia.org/resource/ヒマワリ>	"ヒマワリ"@ja	<http://dbpedia.org/ontology/Species>	<http://ja.dbpedia.org/property/花>	"花"@ja	<http://ja.wikipedia.org/wiki/ヒマワリ>	<http://wikidata.dbpedia.org/resource/Q171497>
<http://ja.dbpedia.org/resource/加茂市>	"加茂市"@ja	<http://dbpedia.org/ontology/Location>	<http://ja.dbpedia.org/property/隣接自治体>	"隣接自治体"@ja	<http://ja.wikipedia.org/wiki/加茂市>	<http://wikidata.dbpedia.org/resource/Q857293>
<http://ja.dbpedia.org/resource/加茂市>	"加茂市"@ja	<http://dbpedia.org/ontology/City>	<http://ja.dbpedia.org/property/隣接自治体>	"隣接自治体"@ja	<http://ja.wikipedia.org/wiki/加茂市>	<http://wikidata.dbpedia.org/resource/Q857293>
<http://ja.dbpedia.org/resource/加茂市>	"加茂市"@ja	<http://dbpedia.org/ontology/PopulatedPlace>	<http://ja.dbpedia.org/property/隣接自治体>	"隣接自治体"@ja	<http://ja.wikipedia.org/wiki/加茂市>	<http://wikidata.dbpedia.org/resource/Q857293>
<http://ja.dbpedia.org/resource/加茂市>	"加茂市"@ja	<http://dbpedia.org/ontology/Settlement>	<http://ja.dbpedia.org/property/隣接自治体>	"隣接自治体"@ja	<http://ja.wikipedia.org/wiki/加茂市>	<http://wikidata.dbpedia.org/resource/Q857293>
<http://ja.dbpedia.org/resource/加茂市>	"加茂市"@ja	<http://dbpedia.org/ontology/Place>	<http://ja.dbpedia.org/property/隣接自治体>	"隣接自治体"@ja	<http://ja.wikipedia.org/wiki/加茂市>	<http://wikidata.dbpedia.org/resource/Q857293>
<http://ja.dbpedia.org/resource/新潟市>	"新潟市"@ja	<http://dbpedia.org/ontology/City>	<http://ja.dbpedia.org/property/隣接自治体>	"隣接自治体"@ja	<http://ja.wikipedia.org/wiki/新潟市>	<http://wikidata.dbpedia.org/resource/Q179691>
<http://ja.dbpedia.org/resource/新潟市>	"新潟市"@ja	<http://dbpedia.org/ontology/PopulatedPlace>	<http://ja.dbpedia.org/property/隣接自治体>	"隣接自治体"@ja	<http://ja.wikipedia.org/wiki/新潟市>	<http://wikidata.dbpedia.org/resource/Q179691>
<http://ja.dbpedia.org/resource/新潟市>	"新潟市"@ja	<http://dbpedia.org/ontology/Place>	<http://ja.dbpedia.org/property/隣接自治体>	"隣接自治体"@ja	<http://ja.wikipedia.org/wiki/新潟市>	<http://wikidata.dbpedia.org/resource/Q179691>
<http://ja.dbpedia.org/resource/新潟市>	"新潟市"@ja	<http://dbpedia.org/ontology/Location>	<http://ja.dbpedia.org/property/隣接自治体>	"隣接自治体"@ja	<http://ja.wikipedia.org/wiki/新潟市>	<http://wikidata.dbpedia.org/resource/Q179691>
<http://ja.dbpedia.org/resource/新潟市>	"新潟市"@ja	<http://dbpedia.org/ontology/Settlement>	<http://ja.dbpedia.org/property/隣接自治体>	"隣接自治体"@ja	<http://ja.wikipedia.org/wiki/新潟市>	<http://wikidata.dbpedia.org/resource/Q179691>
<http://ja.dbpedia.org/resource/燕市>	"燕市"@ja	<http://dbpedia.org/ontology/City>	<http://ja.dbpedia.org/property/隣接自治体>	"隣接自治体"@ja	<http://ja.wikipedia.org/wiki/燕市>	<http://wikidata.dbpedia.org/resource/Q571051>
<http://ja.dbpedia.org/resource/燕市>	"燕市"@ja	<http://dbpedia.org/ontology/Location>	<http://ja.dbpedia.org/property/隣接自治体>	"隣接自治体"@ja	<http://ja.wikipedia.org/wiki/燕市>	<http://wikidata.dbpedia.org/resource/Q571051>
<http://ja.dbpedia.org/resource/燕市>	"燕市"@ja	<http://dbpedia.org/ontology/PopulatedPlace>	<http://ja.dbpedia.org/property/隣接自治体>	"隣接自治体"@ja	<http://ja.wikipedia.org/wiki/燕市>	<http://wikidata.dbpedia.org/resource/Q571051>
<http://ja.dbpedia.org/resource/燕市>	"燕市"@ja	<http://dbpedia.org/ontology/Place>	<http://ja.dbpedia.org/property/隣接自治体>	"隣接自治体"@ja	<http://ja.wikipedia.org/wiki/燕市>	<http://wikidata.dbpedia.org/resource/Q571051>
<http://ja.dbpedia.org/resource/燕市>	"燕市"@ja	<http://dbpedia.org/ontology/Settlement>	<http://ja.dbpedia.org/property/隣接自治体>	"隣接自治体"@ja	<http://ja.wikipedia.org/wiki/燕市>	<http://wikidata.dbpedia.org/resource/Q571051>
