?s	?sLabel	?type	?p	?pLabel	?jwiki	?wd
<http://ja.dbpedia.org/resource/クマタカ>	"クマタカ"@ja	<http://dbpedia.org/ontology/Species>	<http://ja.dbpedia.org/property/鳥など>	"鳥など"@ja	<http://ja.wikipedia.org/wiki/クマタカ>	<http://wikidata.dbpedia.org/resource/Q1262185>
<http://ja.dbpedia.org/resource/ハマナス>	"ハマナス"@ja	<http://dbpedia.org/ontology/Species>	<http://ja.dbpedia.org/property/花>	"花"@ja	<http://ja.wikipedia.org/wiki/ハマナス>	<http://wikidata.dbpedia.org/resource/Q634975>
<http://ja.dbpedia.org/resource/ブナ>	"ブナ"@ja	<http://dbpedia.org/ontology/Species>	<http://ja.dbpedia.org/property/木>	"木"@ja	<http://ja.wikipedia.org/wiki/ブナ>	<http://wikidata.dbpedia.org/resource/Q1078985>
<http://ja.dbpedia.org/resource/胎内市>	"胎内市"@ja	<http://dbpedia.org/ontology/City>	<http://ja.dbpedia.org/property/southwest>	"Southwest"@ja	<http://ja.wikipedia.org/wiki/胎内市>	<http://wikidata.dbpedia.org/resource/Q877266>
<http://ja.dbpedia.org/resource/胎内市>	"胎内市"@ja	<http://dbpedia.org/ontology/Location>	<http://ja.dbpedia.org/property/southwest>	"Southwest"@ja	<http://ja.wikipedia.org/wiki/胎内市>	<http://wikidata.dbpedia.org/resource/Q877266>
<http://ja.dbpedia.org/resource/胎内市>	"胎内市"@ja	<http://dbpedia.org/ontology/Settlement>	<http://ja.dbpedia.org/property/southwest>	"Southwest"@ja	<http://ja.wikipedia.org/wiki/胎内市>	<http://wikidata.dbpedia.org/resource/Q877266>
<http://ja.dbpedia.org/resource/胎内市>	"胎内市"@ja	<http://dbpedia.org/ontology/PopulatedPlace>	<http://ja.dbpedia.org/property/southwest>	"Southwest"@ja	<http://ja.wikipedia.org/wiki/胎内市>	<http://wikidata.dbpedia.org/resource/Q877266>
<http://ja.dbpedia.org/resource/胎内市>	"胎内市"@ja	<http://dbpedia.org/ontology/Place>	<http://ja.dbpedia.org/property/southwest>	"Southwest"@ja	<http://ja.wikipedia.org/wiki/胎内市>	<http://wikidata.dbpedia.org/resource/Q877266>
<http://ja.dbpedia.org/resource/関川村>	"関川村"@ja	<http://dbpedia.org/ontology/City>	<http://ja.dbpedia.org/property/south>	"South"@ja	<http://ja.wikipedia.org/wiki/関川村>	<http://wikidata.dbpedia.org/resource/Q1204648>
<http://ja.dbpedia.org/resource/関川村>	"関川村"@ja	<http://dbpedia.org/ontology/Location>	<http://ja.dbpedia.org/property/south>	"South"@ja	<http://ja.wikipedia.org/wiki/関川村>	<http://wikidata.dbpedia.org/resource/Q1204648>
<http://ja.dbpedia.org/resource/関川村>	"関川村"@ja	<http://dbpedia.org/ontology/PopulatedPlace>	<http://ja.dbpedia.org/property/south>	"South"@ja	<http://ja.wikipedia.org/wiki/関川村>	<http://wikidata.dbpedia.org/resource/Q1204648>
<http://ja.dbpedia.org/resource/関川村>	"関川村"@ja	<http://dbpedia.org/ontology/Place>	<http://ja.dbpedia.org/property/south>	"South"@ja	<http://ja.wikipedia.org/wiki/関川村>	<http://wikidata.dbpedia.org/resource/Q1204648>
<http://ja.dbpedia.org/resource/関川村>	"関川村"@ja	<http://dbpedia.org/ontology/Settlement>	<http://ja.dbpedia.org/property/south>	"South"@ja	<http://ja.wikipedia.org/wiki/関川村>	<http://wikidata.dbpedia.org/resource/Q1204648>
