?s	?sLabel	?type	?p	?pLabel	?jwiki	?wd
<http://ja.dbpedia.org/resource/ウメ>	"ウメ"@ja	<http://dbpedia.org/ontology/Plant>	<http://ja.dbpedia.org/property/木>	"木"@ja	<http://ja.wikipedia.org/wiki/ウメ>	<http://wikidata.dbpedia.org/resource/Q157763>
<http://ja.dbpedia.org/resource/ウメ>	"ウメ"@ja	<http://dbpedia.org/ontology/Eukaryote>	<http://ja.dbpedia.org/property/木>	"木"@ja	<http://ja.wikipedia.org/wiki/ウメ>	<http://wikidata.dbpedia.org/resource/Q157763>
<http://ja.dbpedia.org/resource/ウメ>	"ウメ"@ja	<http://dbpedia.org/ontology/Species>	<http://ja.dbpedia.org/property/木>	"木"@ja	<http://ja.wikipedia.org/wiki/ウメ>	<http://wikidata.dbpedia.org/resource/Q157763>
<http://ja.dbpedia.org/resource/ウメ>	"ウメ"@ja	<http://dbpedia.org/ontology/FloweringPlant>	<http://ja.dbpedia.org/property/木>	"木"@ja	<http://ja.wikipedia.org/wiki/ウメ>	<http://wikidata.dbpedia.org/resource/Q157763>
<http://ja.dbpedia.org/resource/三条市>	"三条市"@ja	<http://dbpedia.org/ontology/City>	<http://ja.dbpedia.org/property/隣接自治体>	"隣接自治体"@ja	<http://ja.wikipedia.org/wiki/三条市>	<http://wikidata.dbpedia.org/resource/Q817273>
<http://ja.dbpedia.org/resource/三条市>	"三条市"@ja	<http://dbpedia.org/ontology/Settlement>	<http://ja.dbpedia.org/property/隣接自治体>	"隣接自治体"@ja	<http://ja.wikipedia.org/wiki/三条市>	<http://wikidata.dbpedia.org/resource/Q817273>
<http://ja.dbpedia.org/resource/三条市>	"三条市"@ja	<http://dbpedia.org/ontology/Place>	<http://ja.dbpedia.org/property/隣接自治体>	"隣接自治体"@ja	<http://ja.wikipedia.org/wiki/三条市>	<http://wikidata.dbpedia.org/resource/Q817273>
<http://ja.dbpedia.org/resource/三条市>	"三条市"@ja	<http://dbpedia.org/ontology/PopulatedPlace>	<http://ja.dbpedia.org/property/隣接自治体>	"隣接自治体"@ja	<http://ja.wikipedia.org/wiki/三条市>	<http://wikidata.dbpedia.org/resource/Q817273>
<http://ja.dbpedia.org/resource/三条市>	"三条市"@ja	<http://dbpedia.org/ontology/Location>	<http://ja.dbpedia.org/property/隣接自治体>	"隣接自治体"@ja	<http://ja.wikipedia.org/wiki/三条市>	<http://wikidata.dbpedia.org/resource/Q817273>
<http://ja.dbpedia.org/resource/新潟県中部産業団地>	"新潟県中部産業団地"@ja	<http://dbpedia.org/ontology/Location>	<http://ja.dbpedia.org/property/画像の説明>	"画像の説明"@ja	<http://ja.wikipedia.org/wiki/新潟県中部産業団地>	<http://wikidata.dbpedia.org/resource/Q11502990>
<http://ja.dbpedia.org/resource/新潟県中部産業団地>	"新潟県中部産業団地"@ja	<http://dbpedia.org/ontology/Place>	<http://ja.dbpedia.org/property/画像の説明>	"画像の説明"@ja	<http://ja.wikipedia.org/wiki/新潟県中部産業団地>	<http://wikidata.dbpedia.org/resource/Q11502990>
<http://ja.dbpedia.org/resource/新潟県中部産業団地>	"新潟県中部産業団地"@ja	<http://dbpedia.org/ontology/Park>	<http://ja.dbpedia.org/property/画像の説明>	"画像の説明"@ja	<http://ja.wikipedia.org/wiki/新潟県中部産業団地>	<http://wikidata.dbpedia.org/resource/Q11502990>
<http://ja.dbpedia.org/resource/長岡市>	"長岡市"@ja	<http://dbpedia.org/ontology/Location>	<http://ja.dbpedia.org/property/隣接自治体>	"隣接自治体"@ja	<http://ja.wikipedia.org/wiki/長岡市>	<http://wikidata.dbpedia.org/resource/Q540312>
<http://ja.dbpedia.org/resource/長岡市>	"長岡市"@ja	<http://dbpedia.org/ontology/Place>	<http://ja.dbpedia.org/property/隣接自治体>	"隣接自治体"@ja	<http://ja.wikipedia.org/wiki/長岡市>	<http://wikidata.dbpedia.org/resource/Q540312>
<http://ja.dbpedia.org/resource/長岡市>	"長岡市"@ja	<http://dbpedia.org/ontology/PopulatedPlace>	<http://ja.dbpedia.org/property/隣接自治体>	"隣接自治体"@ja	<http://ja.wikipedia.org/wiki/長岡市>	<http://wikidata.dbpedia.org/resource/Q540312>
<http://ja.dbpedia.org/resource/長岡市>	"長岡市"@ja	<http://dbpedia.org/ontology/City>	<http://ja.dbpedia.org/property/隣接自治体>	"隣接自治体"@ja	<http://ja.wikipedia.org/wiki/長岡市>	<http://wikidata.dbpedia.org/resource/Q540312>
<http://ja.dbpedia.org/resource/長岡市>	"長岡市"@ja	<http://dbpedia.org/ontology/Settlement>	<http://ja.dbpedia.org/property/隣接自治体>	"隣接自治体"@ja	<http://ja.wikipedia.org/wiki/長岡市>	<http://wikidata.dbpedia.org/resource/Q540312>
