?s	?sLabel	?type	?p	?pLabel	?jwiki	?wd
<http://ja.dbpedia.org/resource/サクラ>	"サクラ"@ja	<http://dbpedia.org/ontology/Species>	<http://ja.dbpedia.org/property/木>	"木"@ja	<http://ja.wikipedia.org/wiki/サクラ>	<http://wikidata.dbpedia.org/resource/Q871991>
<http://ja.dbpedia.org/resource/ボタン_(植物)>	"ボタン (植物)"@ja	<http://dbpedia.org/ontology/Species>	<http://ja.dbpedia.org/property/花>	"花"@ja	<http://ja.wikipedia.org/wiki/ボタン_(植物)>	<http://wikidata.dbpedia.org/resource/Q163018>
<http://ja.dbpedia.org/resource/咲花温泉>	"咲花温泉"@ja	<http://dbpedia.org/ontology/Place>	<http://ja.dbpedia.org/property/画像の説明>	"画像の説明"@ja	<http://ja.wikipedia.org/wiki/咲花温泉>	<http://wikidata.dbpedia.org/resource/Q11418293>
<http://ja.dbpedia.org/resource/咲花温泉>	"咲花温泉"@ja	<http://dbpedia.org/ontology/NaturalPlace>	<http://ja.dbpedia.org/property/画像の説明>	"画像の説明"@ja	<http://ja.wikipedia.org/wiki/咲花温泉>	<http://wikidata.dbpedia.org/resource/Q11418293>
<http://ja.dbpedia.org/resource/咲花温泉>	"咲花温泉"@ja	<http://dbpedia.org/ontology/HotSpring>	<http://ja.dbpedia.org/property/画像の説明>	"画像の説明"@ja	<http://ja.wikipedia.org/wiki/咲花温泉>	<http://wikidata.dbpedia.org/resource/Q11418293>
<http://ja.dbpedia.org/resource/咲花温泉>	"咲花温泉"@ja	<http://dbpedia.org/ontology/Location>	<http://ja.dbpedia.org/property/画像の説明>	"画像の説明"@ja	<http://ja.wikipedia.org/wiki/咲花温泉>	<http://wikidata.dbpedia.org/resource/Q11418293>
<http://ja.dbpedia.org/resource/阿賀野川>	"阿賀野川"@ja	<http://dbpedia.org/ontology/BodyOfWater>	<http://ja.dbpedia.org/property/画像の説明>	"画像の説明"@ja	<http://ja.wikipedia.org/wiki/阿賀野川>	<http://wikidata.dbpedia.org/resource/Q390458>
<http://ja.dbpedia.org/resource/阿賀野川>	"阿賀野川"@ja	<http://dbpedia.org/ontology/NaturalPlace>	<http://ja.dbpedia.org/property/画像の説明>	"画像の説明"@ja	<http://ja.wikipedia.org/wiki/阿賀野川>	<http://wikidata.dbpedia.org/resource/Q390458>
<http://ja.dbpedia.org/resource/阿賀野川>	"阿賀野川"@ja	<http://dbpedia.org/ontology/River>	<http://ja.dbpedia.org/property/画像の説明>	"画像の説明"@ja	<http://ja.wikipedia.org/wiki/阿賀野川>	<http://wikidata.dbpedia.org/resource/Q390458>
<http://ja.dbpedia.org/resource/阿賀野川>	"阿賀野川"@ja	<http://dbpedia.org/ontology/Place>	<http://ja.dbpedia.org/property/画像の説明>	"画像の説明"@ja	<http://ja.wikipedia.org/wiki/阿賀野川>	<http://wikidata.dbpedia.org/resource/Q390458>
<http://ja.dbpedia.org/resource/阿賀野川>	"阿賀野川"@ja	<http://dbpedia.org/ontology/Stream>	<http://ja.dbpedia.org/property/画像の説明>	"画像の説明"@ja	<http://ja.wikipedia.org/wiki/阿賀野川>	<http://wikidata.dbpedia.org/resource/Q390458>
<http://ja.dbpedia.org/resource/阿賀野川>	"阿賀野川"@ja	<http://dbpedia.org/ontology/Location>	<http://ja.dbpedia.org/property/画像の説明>	"画像の説明"@ja	<http://ja.wikipedia.org/wiki/阿賀野川>	<http://wikidata.dbpedia.org/resource/Q390458>
