?s	?sLabel	?type	?p	?pLabel	?jwiki	?wd
<http://ja.dbpedia.org/resource/カワセミ>	"カワセミ"@ja	<http://dbpedia.org/ontology/Species>	<http://ja.dbpedia.org/property/鳥など>	"鳥など"@ja	<http://ja.wikipedia.org/wiki/カワセミ>	<http://wikidata.dbpedia.org/resource/Q79915>
<http://ja.dbpedia.org/resource/ササユリ>	"ササユリ"@ja	<http://dbpedia.org/ontology/Species>	<http://ja.dbpedia.org/property/花>	"花"@ja	<http://ja.wikipedia.org/wiki/ササユリ>	<http://wikidata.dbpedia.org/resource/Q149562>
<http://ja.dbpedia.org/resource/ブナ>	"ブナ"@ja	<http://dbpedia.org/ontology/Species>	<http://ja.dbpedia.org/property/木>	"木"@ja	<http://ja.wikipedia.org/wiki/ブナ>	<http://wikidata.dbpedia.org/resource/Q1078985>
<http://ja.dbpedia.org/resource/上越市>	"上越市"@ja	<http://dbpedia.org/ontology/City>	<http://ja.dbpedia.org/property/隣接自治体>	"隣接自治体"@ja	<http://ja.wikipedia.org/wiki/上越市>	<http://wikidata.dbpedia.org/resource/Q582289>
<http://ja.dbpedia.org/resource/上越市>	"上越市"@ja	<http://dbpedia.org/ontology/Location>	<http://ja.dbpedia.org/property/隣接自治体>	"隣接自治体"@ja	<http://ja.wikipedia.org/wiki/上越市>	<http://wikidata.dbpedia.org/resource/Q582289>
<http://ja.dbpedia.org/resource/上越市>	"上越市"@ja	<http://dbpedia.org/ontology/Settlement>	<http://ja.dbpedia.org/property/隣接自治体>	"隣接自治体"@ja	<http://ja.wikipedia.org/wiki/上越市>	<http://wikidata.dbpedia.org/resource/Q582289>
<http://ja.dbpedia.org/resource/上越市>	"上越市"@ja	<http://dbpedia.org/ontology/PopulatedPlace>	<http://ja.dbpedia.org/property/隣接自治体>	"隣接自治体"@ja	<http://ja.wikipedia.org/wiki/上越市>	<http://wikidata.dbpedia.org/resource/Q582289>
<http://ja.dbpedia.org/resource/上越市>	"上越市"@ja	<http://dbpedia.org/ontology/Place>	<http://ja.dbpedia.org/property/隣接自治体>	"隣接自治体"@ja	<http://ja.wikipedia.org/wiki/上越市>	<http://wikidata.dbpedia.org/resource/Q582289>
<http://ja.dbpedia.org/resource/妙高市>	"妙高市"@ja	<http://dbpedia.org/ontology/City>	<http://ja.dbpedia.org/property/隣接自治体>	"隣接自治体"@ja	<http://ja.wikipedia.org/wiki/妙高市>	<http://wikidata.dbpedia.org/resource/Q279642>
<http://ja.dbpedia.org/resource/妙高市>	"妙高市"@ja	<http://dbpedia.org/ontology/Location>	<http://ja.dbpedia.org/property/隣接自治体>	"隣接自治体"@ja	<http://ja.wikipedia.org/wiki/妙高市>	<http://wikidata.dbpedia.org/resource/Q279642>
<http://ja.dbpedia.org/resource/妙高市>	"妙高市"@ja	<http://dbpedia.org/ontology/PopulatedPlace>	<http://ja.dbpedia.org/property/隣接自治体>	"隣接自治体"@ja	<http://ja.wikipedia.org/wiki/妙高市>	<http://wikidata.dbpedia.org/resource/Q279642>
<http://ja.dbpedia.org/resource/妙高市>	"妙高市"@ja	<http://dbpedia.org/ontology/Place>	<http://ja.dbpedia.org/property/隣接自治体>	"隣接自治体"@ja	<http://ja.wikipedia.org/wiki/妙高市>	<http://wikidata.dbpedia.org/resource/Q279642>
<http://ja.dbpedia.org/resource/妙高市>	"妙高市"@ja	<http://dbpedia.org/ontology/Settlement>	<http://ja.dbpedia.org/property/隣接自治体>	"隣接自治体"@ja	<http://ja.wikipedia.org/wiki/妙高市>	<http://wikidata.dbpedia.org/resource/Q279642>
