?s	?sLabel	?type	?p	?pLabel	?jwiki	?wd
<http://ja.dbpedia.org/resource/サクラ>	"サクラ"@ja	<http://dbpedia.org/ontology/Species>	<http://ja.dbpedia.org/property/木>	"木"@ja	<http://ja.wikipedia.org/wiki/サクラ>	<http://wikidata.dbpedia.org/resource/Q871991>
<http://ja.dbpedia.org/resource/ツバキ>	"ツバキ"@ja	<http://dbpedia.org/ontology/Species>	<http://ja.dbpedia.org/property/花>	"花"@ja	<http://ja.wikipedia.org/wiki/ツバキ>	<http://wikidata.dbpedia.org/resource/Q160121>
<http://ja.dbpedia.org/resource/佐渡市>	"佐渡市"@ja	<http://dbpedia.org/ontology/PopulatedPlace>	<http://ja.dbpedia.org/property/隣接自治体>	"隣接自治体"@ja	<http://ja.wikipedia.org/wiki/佐渡市>	<http://wikidata.dbpedia.org/resource/Q499047>
<http://ja.dbpedia.org/resource/佐渡市>	"佐渡市"@ja	<http://dbpedia.org/ontology/Place>	<http://ja.dbpedia.org/property/隣接自治体>	"隣接自治体"@ja	<http://ja.wikipedia.org/wiki/佐渡市>	<http://wikidata.dbpedia.org/resource/Q499047>
<http://ja.dbpedia.org/resource/佐渡市>	"佐渡市"@ja	<http://dbpedia.org/ontology/City>	<http://ja.dbpedia.org/property/隣接自治体>	"隣接自治体"@ja	<http://ja.wikipedia.org/wiki/佐渡市>	<http://wikidata.dbpedia.org/resource/Q499047>
<http://ja.dbpedia.org/resource/佐渡市>	"佐渡市"@ja	<http://dbpedia.org/ontology/Location>	<http://ja.dbpedia.org/property/隣接自治体>	"隣接自治体"@ja	<http://ja.wikipedia.org/wiki/佐渡市>	<http://wikidata.dbpedia.org/resource/Q499047>
<http://ja.dbpedia.org/resource/佐渡市>	"佐渡市"@ja	<http://dbpedia.org/ontology/Settlement>	<http://ja.dbpedia.org/property/隣接自治体>	"隣接自治体"@ja	<http://ja.wikipedia.org/wiki/佐渡市>	<http://wikidata.dbpedia.org/resource/Q499047>
<http://ja.dbpedia.org/resource/十日町市>	"十日町市"@ja	<http://dbpedia.org/ontology/Location>	<http://ja.dbpedia.org/property/隣接自治体>	"隣接自治体"@ja	<http://ja.wikipedia.org/wiki/十日町市>	<http://wikidata.dbpedia.org/resource/Q858369>
<http://ja.dbpedia.org/resource/十日町市>	"十日町市"@ja	<http://dbpedia.org/ontology/City>	<http://ja.dbpedia.org/property/隣接自治体>	"隣接自治体"@ja	<http://ja.wikipedia.org/wiki/十日町市>	<http://wikidata.dbpedia.org/resource/Q858369>
<http://ja.dbpedia.org/resource/十日町市>	"十日町市"@ja	<http://dbpedia.org/ontology/PopulatedPlace>	<http://ja.dbpedia.org/property/隣接自治体>	"隣接自治体"@ja	<http://ja.wikipedia.org/wiki/十日町市>	<http://wikidata.dbpedia.org/resource/Q858369>
<http://ja.dbpedia.org/resource/十日町市>	"十日町市"@ja	<http://dbpedia.org/ontology/Settlement>	<http://ja.dbpedia.org/property/隣接自治体>	"隣接自治体"@ja	<http://ja.wikipedia.org/wiki/十日町市>	<http://wikidata.dbpedia.org/resource/Q858369>
<http://ja.dbpedia.org/resource/十日町市>	"十日町市"@ja	<http://dbpedia.org/ontology/Place>	<http://ja.dbpedia.org/property/隣接自治体>	"隣接自治体"@ja	<http://ja.wikipedia.org/wiki/十日町市>	<http://wikidata.dbpedia.org/resource/Q858369>
<http://ja.dbpedia.org/resource/妙高市>	"妙高市"@ja	<http://dbpedia.org/ontology/City>	<http://ja.dbpedia.org/property/隣接自治体>	"隣接自治体"@ja	<http://ja.wikipedia.org/wiki/妙高市>	<http://wikidata.dbpedia.org/resource/Q279642>
<http://ja.dbpedia.org/resource/妙高市>	"妙高市"@ja	<http://dbpedia.org/ontology/PopulatedPlace>	<http://ja.dbpedia.org/property/隣接自治体>	"隣接自治体"@ja	<http://ja.wikipedia.org/wiki/妙高市>	<http://wikidata.dbpedia.org/resource/Q279642>
<http://ja.dbpedia.org/resource/妙高市>	"妙高市"@ja	<http://dbpedia.org/ontology/Place>	<http://ja.dbpedia.org/property/隣接自治体>	"隣接自治体"@ja	<http://ja.wikipedia.org/wiki/妙高市>	<http://wikidata.dbpedia.org/resource/Q279642>
<http://ja.dbpedia.org/resource/妙高市>	"妙高市"@ja	<http://dbpedia.org/ontology/Location>	<http://ja.dbpedia.org/property/隣接自治体>	"隣接自治体"@ja	<http://ja.wikipedia.org/wiki/妙高市>	<http://wikidata.dbpedia.org/resource/Q279642>
<http://ja.dbpedia.org/resource/妙高市>	"妙高市"@ja	<http://dbpedia.org/ontology/Settlement>	<http://ja.dbpedia.org/property/隣接自治体>	"隣接自治体"@ja	<http://ja.wikipedia.org/wiki/妙高市>	<http://wikidata.dbpedia.org/resource/Q279642>
<http://ja.dbpedia.org/resource/柏崎市>	"柏崎市"@ja	<http://dbpedia.org/ontology/Location>	<http://ja.dbpedia.org/property/隣接自治体>	"隣接自治体"@ja	<http://ja.wikipedia.org/wiki/柏崎市>	<http://wikidata.dbpedia.org/resource/Q633983>
<http://ja.dbpedia.org/resource/柏崎市>	"柏崎市"@ja	<http://dbpedia.org/ontology/Settlement>	<http://ja.dbpedia.org/property/隣接自治体>	"隣接自治体"@ja	<http://ja.wikipedia.org/wiki/柏崎市>	<http://wikidata.dbpedia.org/resource/Q633983>
<http://ja.dbpedia.org/resource/柏崎市>	"柏崎市"@ja	<http://dbpedia.org/ontology/Place>	<http://ja.dbpedia.org/property/隣接自治体>	"隣接自治体"@ja	<http://ja.wikipedia.org/wiki/柏崎市>	<http://wikidata.dbpedia.org/resource/Q633983>
<http://ja.dbpedia.org/resource/柏崎市>	"柏崎市"@ja	<http://dbpedia.org/ontology/City>	<http://ja.dbpedia.org/property/隣接自治体>	"隣接自治体"@ja	<http://ja.wikipedia.org/wiki/柏崎市>	<http://wikidata.dbpedia.org/resource/Q633983>
<http://ja.dbpedia.org/resource/柏崎市>	"柏崎市"@ja	<http://dbpedia.org/ontology/PopulatedPlace>	<http://ja.dbpedia.org/property/隣接自治体>	"隣接自治体"@ja	<http://ja.wikipedia.org/wiki/柏崎市>	<http://wikidata.dbpedia.org/resource/Q633983>
<http://ja.dbpedia.org/resource/糸魚川市>	"糸魚川市"@ja	<http://dbpedia.org/ontology/Settlement>	<http://ja.dbpedia.org/property/隣接自治体>	"隣接自治体"@ja	<http://ja.wikipedia.org/wiki/糸魚川市>	<http://wikidata.dbpedia.org/resource/Q857208>
<http://ja.dbpedia.org/resource/糸魚川市>	"糸魚川市"@ja	<http://dbpedia.org/ontology/Place>	<http://ja.dbpedia.org/property/隣接自治体>	"隣接自治体"@ja	<http://ja.wikipedia.org/wiki/糸魚川市>	<http://wikidata.dbpedia.org/resource/Q857208>
<http://ja.dbpedia.org/resource/糸魚川市>	"糸魚川市"@ja	<http://dbpedia.org/ontology/City>	<http://ja.dbpedia.org/property/隣接自治体>	"隣接自治体"@ja	<http://ja.wikipedia.org/wiki/糸魚川市>	<http://wikidata.dbpedia.org/resource/Q857208>
<http://ja.dbpedia.org/resource/糸魚川市>	"糸魚川市"@ja	<http://dbpedia.org/ontology/PopulatedPlace>	<http://ja.dbpedia.org/property/隣接自治体>	"隣接自治体"@ja	<http://ja.wikipedia.org/wiki/糸魚川市>	<http://wikidata.dbpedia.org/resource/Q857208>
<http://ja.dbpedia.org/resource/糸魚川市>	"糸魚川市"@ja	<http://dbpedia.org/ontology/Location>	<http://ja.dbpedia.org/property/隣接自治体>	"隣接自治体"@ja	<http://ja.wikipedia.org/wiki/糸魚川市>	<http://wikidata.dbpedia.org/resource/Q857208>
