?s	?sLabel	?type	?p	?pLabel	?jwiki	?wd
<http://ja.dbpedia.org/resource/アユ>	"アユ"@ja	<http://dbpedia.org/ontology/Species>	<http://ja.dbpedia.org/property/鳥など>	"鳥など"@ja	<http://ja.wikipedia.org/wiki/アユ>	<http://wikidata.dbpedia.org/resource/Q642906>
<http://ja.dbpedia.org/resource/ウグイス>	"ウグイス"@ja	<http://dbpedia.org/ontology/Species>	<http://ja.dbpedia.org/property/鳥など>	"鳥など"@ja	<http://ja.wikipedia.org/wiki/ウグイス>	<http://wikidata.dbpedia.org/resource/Q27075456>
<http://ja.dbpedia.org/resource/カタクリ>	"カタクリ"@ja	<http://dbpedia.org/ontology/Species>	<http://ja.dbpedia.org/property/花>	"花"@ja	<http://ja.wikipedia.org/wiki/カタクリ>	<http://wikidata.dbpedia.org/resource/Q163120>
<http://ja.dbpedia.org/resource/コブシ>	"コブシ"@ja	<http://dbpedia.org/ontology/Species>	<http://ja.dbpedia.org/property/木>	"木"@ja	<http://ja.wikipedia.org/wiki/コブシ>	<http://wikidata.dbpedia.org/resource/Q942409>
<http://ja.dbpedia.org/resource/三条市>	"三条市"@ja	<http://dbpedia.org/ontology/PopulatedPlace>	<http://ja.dbpedia.org/property/隣接自治体>	"隣接自治体"@ja	<http://ja.wikipedia.org/wiki/三条市>	<http://wikidata.dbpedia.org/resource/Q817273>
<http://ja.dbpedia.org/resource/三条市>	"三条市"@ja	<http://dbpedia.org/ontology/Place>	<http://ja.dbpedia.org/property/隣接自治体>	"隣接自治体"@ja	<http://ja.wikipedia.org/wiki/三条市>	<http://wikidata.dbpedia.org/resource/Q817273>
<http://ja.dbpedia.org/resource/三条市>	"三条市"@ja	<http://dbpedia.org/ontology/City>	<http://ja.dbpedia.org/property/隣接自治体>	"隣接自治体"@ja	<http://ja.wikipedia.org/wiki/三条市>	<http://wikidata.dbpedia.org/resource/Q817273>
<http://ja.dbpedia.org/resource/三条市>	"三条市"@ja	<http://dbpedia.org/ontology/Location>	<http://ja.dbpedia.org/property/隣接自治体>	"隣接自治体"@ja	<http://ja.wikipedia.org/wiki/三条市>	<http://wikidata.dbpedia.org/resource/Q817273>
<http://ja.dbpedia.org/resource/三条市>	"三条市"@ja	<http://dbpedia.org/ontology/Settlement>	<http://ja.dbpedia.org/property/隣接自治体>	"隣接自治体"@ja	<http://ja.wikipedia.org/wiki/三条市>	<http://wikidata.dbpedia.org/resource/Q817273>
<http://ja.dbpedia.org/resource/十日町市>	"十日町市"@ja	<http://dbpedia.org/ontology/City>	<http://ja.dbpedia.org/property/隣接自治体>	"隣接自治体"@ja	<http://ja.wikipedia.org/wiki/十日町市>	<http://wikidata.dbpedia.org/resource/Q858369>
<http://ja.dbpedia.org/resource/十日町市>	"十日町市"@ja	<http://dbpedia.org/ontology/PopulatedPlace>	<http://ja.dbpedia.org/property/隣接自治体>	"隣接自治体"@ja	<http://ja.wikipedia.org/wiki/十日町市>	<http://wikidata.dbpedia.org/resource/Q858369>
<http://ja.dbpedia.org/resource/十日町市>	"十日町市"@ja	<http://dbpedia.org/ontology/Location>	<http://ja.dbpedia.org/property/隣接自治体>	"隣接自治体"@ja	<http://ja.wikipedia.org/wiki/十日町市>	<http://wikidata.dbpedia.org/resource/Q858369>
<http://ja.dbpedia.org/resource/十日町市>	"十日町市"@ja	<http://dbpedia.org/ontology/Settlement>	<http://ja.dbpedia.org/property/隣接自治体>	"隣接自治体"@ja	<http://ja.wikipedia.org/wiki/十日町市>	<http://wikidata.dbpedia.org/resource/Q858369>
<http://ja.dbpedia.org/resource/十日町市>	"十日町市"@ja	<http://dbpedia.org/ontology/Place>	<http://ja.dbpedia.org/property/隣接自治体>	"隣接自治体"@ja	<http://ja.wikipedia.org/wiki/十日町市>	<http://wikidata.dbpedia.org/resource/Q858369>
<http://ja.dbpedia.org/resource/南魚沼市>	"南魚沼市"@ja	<http://dbpedia.org/ontology/PopulatedPlace>	<http://ja.dbpedia.org/property/隣接自治体>	"隣接自治体"@ja	<http://ja.wikipedia.org/wiki/南魚沼市>	<http://wikidata.dbpedia.org/resource/Q850524>
<http://ja.dbpedia.org/resource/南魚沼市>	"南魚沼市"@ja	<http://dbpedia.org/ontology/Place>	<http://ja.dbpedia.org/property/隣接自治体>	"隣接自治体"@ja	<http://ja.wikipedia.org/wiki/南魚沼市>	<http://wikidata.dbpedia.org/resource/Q850524>
<http://ja.dbpedia.org/resource/南魚沼市>	"南魚沼市"@ja	<http://dbpedia.org/ontology/City>	<http://ja.dbpedia.org/property/隣接自治体>	"隣接自治体"@ja	<http://ja.wikipedia.org/wiki/南魚沼市>	<http://wikidata.dbpedia.org/resource/Q850524>
<http://ja.dbpedia.org/resource/南魚沼市>	"南魚沼市"@ja	<http://dbpedia.org/ontology/Location>	<http://ja.dbpedia.org/property/隣接自治体>	"隣接自治体"@ja	<http://ja.wikipedia.org/wiki/南魚沼市>	<http://wikidata.dbpedia.org/resource/Q850524>
<http://ja.dbpedia.org/resource/南魚沼市>	"南魚沼市"@ja	<http://dbpedia.org/ontology/Settlement>	<http://ja.dbpedia.org/property/隣接自治体>	"隣接自治体"@ja	<http://ja.wikipedia.org/wiki/南魚沼市>	<http://wikidata.dbpedia.org/resource/Q850524>
<http://ja.dbpedia.org/resource/小千谷市>	"小千谷市"@ja	<http://dbpedia.org/ontology/Location>	<http://ja.dbpedia.org/property/隣接自治体>	"隣接自治体"@ja	<http://ja.wikipedia.org/wiki/小千谷市>	<http://wikidata.dbpedia.org/resource/Q819174>
<http://ja.dbpedia.org/resource/小千谷市>	"小千谷市"@ja	<http://dbpedia.org/ontology/Settlement>	<http://ja.dbpedia.org/property/隣接自治体>	"隣接自治体"@ja	<http://ja.wikipedia.org/wiki/小千谷市>	<http://wikidata.dbpedia.org/resource/Q819174>
<http://ja.dbpedia.org/resource/小千谷市>	"小千谷市"@ja	<http://dbpedia.org/ontology/Place>	<http://ja.dbpedia.org/property/隣接自治体>	"隣接自治体"@ja	<http://ja.wikipedia.org/wiki/小千谷市>	<http://wikidata.dbpedia.org/resource/Q819174>
<http://ja.dbpedia.org/resource/小千谷市>	"小千谷市"@ja	<http://dbpedia.org/ontology/City>	<http://ja.dbpedia.org/property/隣接自治体>	"隣接自治体"@ja	<http://ja.wikipedia.org/wiki/小千谷市>	<http://wikidata.dbpedia.org/resource/Q819174>
<http://ja.dbpedia.org/resource/小千谷市>	"小千谷市"@ja	<http://dbpedia.org/ontology/PopulatedPlace>	<http://ja.dbpedia.org/property/隣接自治体>	"隣接自治体"@ja	<http://ja.wikipedia.org/wiki/小千谷市>	<http://wikidata.dbpedia.org/resource/Q819174>
<http://ja.dbpedia.org/resource/長岡市>	"長岡市"@ja	<http://dbpedia.org/ontology/Settlement>	<http://ja.dbpedia.org/property/隣接自治体>	"隣接自治体"@ja	<http://ja.wikipedia.org/wiki/長岡市>	<http://wikidata.dbpedia.org/resource/Q540312>
<http://ja.dbpedia.org/resource/長岡市>	"長岡市"@ja	<http://dbpedia.org/ontology/Place>	<http://ja.dbpedia.org/property/隣接自治体>	"隣接自治体"@ja	<http://ja.wikipedia.org/wiki/長岡市>	<http://wikidata.dbpedia.org/resource/Q540312>
<http://ja.dbpedia.org/resource/長岡市>	"長岡市"@ja	<http://dbpedia.org/ontology/City>	<http://ja.dbpedia.org/property/隣接自治体>	"隣接自治体"@ja	<http://ja.wikipedia.org/wiki/長岡市>	<http://wikidata.dbpedia.org/resource/Q540312>
<http://ja.dbpedia.org/resource/長岡市>	"長岡市"@ja	<http://dbpedia.org/ontology/PopulatedPlace>	<http://ja.dbpedia.org/property/隣接自治体>	"隣接自治体"@ja	<http://ja.wikipedia.org/wiki/長岡市>	<http://wikidata.dbpedia.org/resource/Q540312>
<http://ja.dbpedia.org/resource/長岡市>	"長岡市"@ja	<http://dbpedia.org/ontology/Location>	<http://ja.dbpedia.org/property/隣接自治体>	"隣接自治体"@ja	<http://ja.wikipedia.org/wiki/長岡市>	<http://wikidata.dbpedia.org/resource/Q540312>
