?s	?sLabel	?type	?p	?pLabel	?jwiki	?wd
<http://ja.dbpedia.org/resource/ハマナス>	"ハマナス"@ja	<http://dbpedia.org/ontology/Species>	<http://ja.dbpedia.org/property/花>	"花"@ja	<http://ja.wikipedia.org/wiki/ハマナス>	<http://wikidata.dbpedia.org/resource/Q634975>
<http://ja.dbpedia.org/resource/マツ>	"マツ"@ja	<http://dbpedia.org/ontology/Species>	<http://ja.dbpedia.org/property/木>	"木"@ja	<http://ja.wikipedia.org/wiki/マツ>	<http://wikidata.dbpedia.org/resource/Q12024>
<http://ja.dbpedia.org/resource/新潟市>	"新潟市"@ja	<http://dbpedia.org/ontology/PopulatedPlace>	<http://ja.dbpedia.org/property/隣接自治体>	"隣接自治体"@ja	<http://ja.wikipedia.org/wiki/新潟市>	<http://wikidata.dbpedia.org/resource/Q179691>
<http://ja.dbpedia.org/resource/新潟市>	"新潟市"@ja	<http://dbpedia.org/ontology/Place>	<http://ja.dbpedia.org/property/隣接自治体>	"隣接自治体"@ja	<http://ja.wikipedia.org/wiki/新潟市>	<http://wikidata.dbpedia.org/resource/Q179691>
<http://ja.dbpedia.org/resource/新潟市>	"新潟市"@ja	<http://dbpedia.org/ontology/City>	<http://ja.dbpedia.org/property/隣接自治体>	"隣接自治体"@ja	<http://ja.wikipedia.org/wiki/新潟市>	<http://wikidata.dbpedia.org/resource/Q179691>
<http://ja.dbpedia.org/resource/新潟市>	"新潟市"@ja	<http://dbpedia.org/ontology/Location>	<http://ja.dbpedia.org/property/隣接自治体>	"隣接自治体"@ja	<http://ja.wikipedia.org/wiki/新潟市>	<http://wikidata.dbpedia.org/resource/Q179691>
<http://ja.dbpedia.org/resource/新潟市>	"新潟市"@ja	<http://dbpedia.org/ontology/Settlement>	<http://ja.dbpedia.org/property/隣接自治体>	"隣接自治体"@ja	<http://ja.wikipedia.org/wiki/新潟市>	<http://wikidata.dbpedia.org/resource/Q179691>
<http://ja.dbpedia.org/resource/新発田市>	"新発田市"@ja	<http://dbpedia.org/ontology/City>	<http://ja.dbpedia.org/property/隣接自治体>	"隣接自治体"@ja	<http://ja.wikipedia.org/wiki/新発田市>	<http://wikidata.dbpedia.org/resource/Q601950>
<http://ja.dbpedia.org/resource/新発田市>	"新発田市"@ja	<http://dbpedia.org/ontology/Location>	<http://ja.dbpedia.org/property/隣接自治体>	"隣接自治体"@ja	<http://ja.wikipedia.org/wiki/新発田市>	<http://wikidata.dbpedia.org/resource/Q601950>
<http://ja.dbpedia.org/resource/新発田市>	"新発田市"@ja	<http://dbpedia.org/ontology/PopulatedPlace>	<http://ja.dbpedia.org/property/隣接自治体>	"隣接自治体"@ja	<http://ja.wikipedia.org/wiki/新発田市>	<http://wikidata.dbpedia.org/resource/Q601950>
<http://ja.dbpedia.org/resource/新発田市>	"新発田市"@ja	<http://dbpedia.org/ontology/Place>	<http://ja.dbpedia.org/property/隣接自治体>	"隣接自治体"@ja	<http://ja.wikipedia.org/wiki/新発田市>	<http://wikidata.dbpedia.org/resource/Q601950>
<http://ja.dbpedia.org/resource/新発田市>	"新発田市"@ja	<http://dbpedia.org/ontology/Settlement>	<http://ja.dbpedia.org/property/隣接自治体>	"隣接自治体"@ja	<http://ja.wikipedia.org/wiki/新発田市>	<http://wikidata.dbpedia.org/resource/Q601950>
