?s	?sLabel	?type	?p	?pLabel	?jwiki	?wd
<http://ja.dbpedia.org/resource/シイ>	"シイ"@ja	<http://dbpedia.org/ontology/Species>	<http://ja.dbpedia.org/property/木>	"木"@ja	<http://ja.wikipedia.org/wiki/シイ>	<http://wikidata.dbpedia.org/resource/Q1065400>
<http://ja.dbpedia.org/resource/シイ>	"シイ"@ja	<http://dbpedia.org/ontology/Eukaryote>	<http://ja.dbpedia.org/property/木>	"木"@ja	<http://ja.wikipedia.org/wiki/シイ>	<http://wikidata.dbpedia.org/resource/Q1065400>
<http://ja.dbpedia.org/resource/シイ>	"シイ"@ja	<http://dbpedia.org/ontology/Plant>	<http://ja.dbpedia.org/property/木>	"木"@ja	<http://ja.wikipedia.org/wiki/シイ>	<http://wikidata.dbpedia.org/resource/Q1065400>
<http://ja.dbpedia.org/resource/彌彦神社>	"彌彦神社"@ja	<http://dbpedia.org/ontology/ArchitecturalStructure>	<http://ja.dbpedia.org/property/画像の説明>	"画像の説明"@ja	<http://ja.wikipedia.org/wiki/彌彦神社>	<http://wikidata.dbpedia.org/resource/Q195684>
<http://ja.dbpedia.org/resource/彌彦神社>	"彌彦神社"@ja	<http://dbpedia.org/ontology/Building>	<http://ja.dbpedia.org/property/画像の説明>	"画像の説明"@ja	<http://ja.wikipedia.org/wiki/彌彦神社>	<http://wikidata.dbpedia.org/resource/Q195684>
<http://ja.dbpedia.org/resource/彌彦神社>	"彌彦神社"@ja	<http://dbpedia.org/ontology/ReligiousBuilding>	<http://ja.dbpedia.org/property/画像の説明>	"画像の説明"@ja	<http://ja.wikipedia.org/wiki/彌彦神社>	<http://wikidata.dbpedia.org/resource/Q195684>
<http://ja.dbpedia.org/resource/彌彦神社>	"彌彦神社"@ja	<http://dbpedia.org/ontology/Shrine>	<http://ja.dbpedia.org/property/画像の説明>	"画像の説明"@ja	<http://ja.wikipedia.org/wiki/彌彦神社>	<http://wikidata.dbpedia.org/resource/Q195684>
<http://ja.dbpedia.org/resource/新潟市>	"新潟市"@ja	<http://dbpedia.org/ontology/Location>	<http://ja.dbpedia.org/property/隣接自治体>	"隣接自治体"@ja	<http://ja.wikipedia.org/wiki/新潟市>	<http://wikidata.dbpedia.org/resource/Q179691>
<http://ja.dbpedia.org/resource/新潟市>	"新潟市"@ja	<http://dbpedia.org/ontology/City>	<http://ja.dbpedia.org/property/隣接自治体>	"隣接自治体"@ja	<http://ja.wikipedia.org/wiki/新潟市>	<http://wikidata.dbpedia.org/resource/Q179691>
<http://ja.dbpedia.org/resource/新潟市>	"新潟市"@ja	<http://dbpedia.org/ontology/PopulatedPlace>	<http://ja.dbpedia.org/property/隣接自治体>	"隣接自治体"@ja	<http://ja.wikipedia.org/wiki/新潟市>	<http://wikidata.dbpedia.org/resource/Q179691>
<http://ja.dbpedia.org/resource/新潟市>	"新潟市"@ja	<http://dbpedia.org/ontology/Settlement>	<http://ja.dbpedia.org/property/隣接自治体>	"隣接自治体"@ja	<http://ja.wikipedia.org/wiki/新潟市>	<http://wikidata.dbpedia.org/resource/Q179691>
<http://ja.dbpedia.org/resource/新潟市>	"新潟市"@ja	<http://dbpedia.org/ontology/Place>	<http://ja.dbpedia.org/property/隣接自治体>	"隣接自治体"@ja	<http://ja.wikipedia.org/wiki/新潟市>	<http://wikidata.dbpedia.org/resource/Q179691>
<http://ja.dbpedia.org/resource/燕市>	"燕市"@ja	<http://dbpedia.org/ontology/Location>	<http://ja.dbpedia.org/property/隣接自治体>	"隣接自治体"@ja	<http://ja.wikipedia.org/wiki/燕市>	<http://wikidata.dbpedia.org/resource/Q571051>
<http://ja.dbpedia.org/resource/燕市>	"燕市"@ja	<http://dbpedia.org/ontology/Settlement>	<http://ja.dbpedia.org/property/隣接自治体>	"隣接自治体"@ja	<http://ja.wikipedia.org/wiki/燕市>	<http://wikidata.dbpedia.org/resource/Q571051>
<http://ja.dbpedia.org/resource/燕市>	"燕市"@ja	<http://dbpedia.org/ontology/Place>	<http://ja.dbpedia.org/property/隣接自治体>	"隣接自治体"@ja	<http://ja.wikipedia.org/wiki/燕市>	<http://wikidata.dbpedia.org/resource/Q571051>
<http://ja.dbpedia.org/resource/燕市>	"燕市"@ja	<http://dbpedia.org/ontology/City>	<http://ja.dbpedia.org/property/隣接自治体>	"隣接自治体"@ja	<http://ja.wikipedia.org/wiki/燕市>	<http://wikidata.dbpedia.org/resource/Q571051>
<http://ja.dbpedia.org/resource/燕市>	"燕市"@ja	<http://dbpedia.org/ontology/PopulatedPlace>	<http://ja.dbpedia.org/property/隣接自治体>	"隣接自治体"@ja	<http://ja.wikipedia.org/wiki/燕市>	<http://wikidata.dbpedia.org/resource/Q571051>
<http://ja.dbpedia.org/resource/長岡市>	"長岡市"@ja	<http://dbpedia.org/ontology/Settlement>	<http://ja.dbpedia.org/property/隣接自治体>	"隣接自治体"@ja	<http://ja.wikipedia.org/wiki/長岡市>	<http://wikidata.dbpedia.org/resource/Q540312>
<http://ja.dbpedia.org/resource/長岡市>	"長岡市"@ja	<http://dbpedia.org/ontology/Place>	<http://ja.dbpedia.org/property/隣接自治体>	"隣接自治体"@ja	<http://ja.wikipedia.org/wiki/長岡市>	<http://wikidata.dbpedia.org/resource/Q540312>
<http://ja.dbpedia.org/resource/長岡市>	"長岡市"@ja	<http://dbpedia.org/ontology/City>	<http://ja.dbpedia.org/property/隣接自治体>	"隣接自治体"@ja	<http://ja.wikipedia.org/wiki/長岡市>	<http://wikidata.dbpedia.org/resource/Q540312>
<http://ja.dbpedia.org/resource/長岡市>	"長岡市"@ja	<http://dbpedia.org/ontology/PopulatedPlace>	<http://ja.dbpedia.org/property/隣接自治体>	"隣接自治体"@ja	<http://ja.wikipedia.org/wiki/長岡市>	<http://wikidata.dbpedia.org/resource/Q540312>
<http://ja.dbpedia.org/resource/長岡市>	"長岡市"@ja	<http://dbpedia.org/ontology/Location>	<http://ja.dbpedia.org/property/隣接自治体>	"隣接自治体"@ja	<http://ja.wikipedia.org/wiki/長岡市>	<http://wikidata.dbpedia.org/resource/Q540312>
