?s	?sLabel	?type	?p	?pLabel	?jwiki	?wd
<http://ja.dbpedia.org/resource/ウグイス>	"ウグイス"@ja	<http://dbpedia.org/ontology/Species>	<http://ja.dbpedia.org/property/鳥など>	"鳥など"@ja	<http://ja.wikipedia.org/wiki/ウグイス>	<http://wikidata.dbpedia.org/resource/Q27075456>
<http://ja.dbpedia.org/resource/ユキツバキ>	"ユキツバキ"@ja	<http://dbpedia.org/ontology/Species>	<http://ja.dbpedia.org/property/花>	"花"@ja	<http://ja.wikipedia.org/wiki/ユキツバキ>	<http://wikidata.dbpedia.org/resource/Q11345564>
<http://ja.dbpedia.org/resource/ユキツバキ>	"ユキツバキ"@ja	<http://dbpedia.org/ontology/Eukaryote>	<http://ja.dbpedia.org/property/花>	"花"@ja	<http://ja.wikipedia.org/wiki/ユキツバキ>	<http://wikidata.dbpedia.org/resource/Q11345564>
<http://ja.dbpedia.org/resource/ユキツバキ>	"ユキツバキ"@ja	<http://dbpedia.org/ontology/FloweringPlant>	<http://ja.dbpedia.org/property/花>	"花"@ja	<http://ja.wikipedia.org/wiki/ユキツバキ>	<http://wikidata.dbpedia.org/resource/Q11345564>
<http://ja.dbpedia.org/resource/ユキツバキ>	"ユキツバキ"@ja	<http://dbpedia.org/ontology/Plant>	<http://ja.dbpedia.org/property/花>	"花"@ja	<http://ja.wikipedia.org/wiki/ユキツバキ>	<http://wikidata.dbpedia.org/resource/Q11345564>
<http://ja.dbpedia.org/resource/三条市>	"三条市"@ja	<http://dbpedia.org/ontology/Location>	<http://ja.dbpedia.org/property/隣接自治体>	"隣接自治体"@ja	<http://ja.wikipedia.org/wiki/三条市>	<http://wikidata.dbpedia.org/resource/Q817273>
<http://ja.dbpedia.org/resource/三条市>	"三条市"@ja	<http://dbpedia.org/ontology/City>	<http://ja.dbpedia.org/property/隣接自治体>	"隣接自治体"@ja	<http://ja.wikipedia.org/wiki/三条市>	<http://wikidata.dbpedia.org/resource/Q817273>
<http://ja.dbpedia.org/resource/三条市>	"三条市"@ja	<http://dbpedia.org/ontology/PopulatedPlace>	<http://ja.dbpedia.org/property/隣接自治体>	"隣接自治体"@ja	<http://ja.wikipedia.org/wiki/三条市>	<http://wikidata.dbpedia.org/resource/Q817273>
<http://ja.dbpedia.org/resource/三条市>	"三条市"@ja	<http://dbpedia.org/ontology/Settlement>	<http://ja.dbpedia.org/property/隣接自治体>	"隣接自治体"@ja	<http://ja.wikipedia.org/wiki/三条市>	<http://wikidata.dbpedia.org/resource/Q817273>
<http://ja.dbpedia.org/resource/三条市>	"三条市"@ja	<http://dbpedia.org/ontology/Place>	<http://ja.dbpedia.org/property/隣接自治体>	"隣接自治体"@ja	<http://ja.wikipedia.org/wiki/三条市>	<http://wikidata.dbpedia.org/resource/Q817273>
<http://ja.dbpedia.org/resource/五泉市>	"五泉市"@ja	<http://dbpedia.org/ontology/City>	<http://ja.dbpedia.org/property/隣接自治体>	"隣接自治体"@ja	<http://ja.wikipedia.org/wiki/五泉市>	<http://wikidata.dbpedia.org/resource/Q858364>
<http://ja.dbpedia.org/resource/五泉市>	"五泉市"@ja	<http://dbpedia.org/ontology/PopulatedPlace>	<http://ja.dbpedia.org/property/隣接自治体>	"隣接自治体"@ja	<http://ja.wikipedia.org/wiki/五泉市>	<http://wikidata.dbpedia.org/resource/Q858364>
<http://ja.dbpedia.org/resource/五泉市>	"五泉市"@ja	<http://dbpedia.org/ontology/Place>	<http://ja.dbpedia.org/property/隣接自治体>	"隣接自治体"@ja	<http://ja.wikipedia.org/wiki/五泉市>	<http://wikidata.dbpedia.org/resource/Q858364>
<http://ja.dbpedia.org/resource/五泉市>	"五泉市"@ja	<http://dbpedia.org/ontology/Location>	<http://ja.dbpedia.org/property/隣接自治体>	"隣接自治体"@ja	<http://ja.wikipedia.org/wiki/五泉市>	<http://wikidata.dbpedia.org/resource/Q858364>
<http://ja.dbpedia.org/resource/五泉市>	"五泉市"@ja	<http://dbpedia.org/ontology/Settlement>	<http://ja.dbpedia.org/property/隣接自治体>	"隣接自治体"@ja	<http://ja.wikipedia.org/wiki/五泉市>	<http://wikidata.dbpedia.org/resource/Q858364>
<http://ja.dbpedia.org/resource/新発田市>	"新発田市"@ja	<http://dbpedia.org/ontology/Location>	<http://ja.dbpedia.org/property/隣接自治体>	"隣接自治体"@ja	<http://ja.wikipedia.org/wiki/新発田市>	<http://wikidata.dbpedia.org/resource/Q601950>
<http://ja.dbpedia.org/resource/新発田市>	"新発田市"@ja	<http://dbpedia.org/ontology/Settlement>	<http://ja.dbpedia.org/property/隣接自治体>	"隣接自治体"@ja	<http://ja.wikipedia.org/wiki/新発田市>	<http://wikidata.dbpedia.org/resource/Q601950>
<http://ja.dbpedia.org/resource/新発田市>	"新発田市"@ja	<http://dbpedia.org/ontology/Place>	<http://ja.dbpedia.org/property/隣接自治体>	"隣接自治体"@ja	<http://ja.wikipedia.org/wiki/新発田市>	<http://wikidata.dbpedia.org/resource/Q601950>
<http://ja.dbpedia.org/resource/新発田市>	"新発田市"@ja	<http://dbpedia.org/ontology/City>	<http://ja.dbpedia.org/property/隣接自治体>	"隣接自治体"@ja	<http://ja.wikipedia.org/wiki/新発田市>	<http://wikidata.dbpedia.org/resource/Q601950>
<http://ja.dbpedia.org/resource/新発田市>	"新発田市"@ja	<http://dbpedia.org/ontology/PopulatedPlace>	<http://ja.dbpedia.org/property/隣接自治体>	"隣接自治体"@ja	<http://ja.wikipedia.org/wiki/新発田市>	<http://wikidata.dbpedia.org/resource/Q601950>
<http://ja.dbpedia.org/resource/津川駅>	"津川駅"@ja	<http://dbpedia.org/ontology/ArchitecturalStructure>	<http://ja.dbpedia.org/property/画像の説明>	"画像の説明"@ja	<http://ja.wikipedia.org/wiki/津川駅>	<http://wikidata.dbpedia.org/resource/Q7849990>
<http://ja.dbpedia.org/resource/津川駅>	"津川駅"@ja	<http://dbpedia.org/ontology/Infrastructure>	<http://ja.dbpedia.org/property/画像の説明>	"画像の説明"@ja	<http://ja.wikipedia.org/wiki/津川駅>	<http://wikidata.dbpedia.org/resource/Q7849990>
<http://ja.dbpedia.org/resource/津川駅>	"津川駅"@ja	<http://dbpedia.org/ontology/Station>	<http://ja.dbpedia.org/property/画像の説明>	"画像の説明"@ja	<http://ja.wikipedia.org/wiki/津川駅>	<http://wikidata.dbpedia.org/resource/Q7849990>
<http://ja.dbpedia.org/resource/阿賀野市>	"阿賀野市"@ja	<http://dbpedia.org/ontology/Location>	<http://ja.dbpedia.org/property/隣接自治体>	"隣接自治体"@ja	<http://ja.wikipedia.org/wiki/阿賀野市>	<http://wikidata.dbpedia.org/resource/Q390466>
<http://ja.dbpedia.org/resource/阿賀野市>	"阿賀野市"@ja	<http://dbpedia.org/ontology/Place>	<http://ja.dbpedia.org/property/隣接自治体>	"隣接自治体"@ja	<http://ja.wikipedia.org/wiki/阿賀野市>	<http://wikidata.dbpedia.org/resource/Q390466>
<http://ja.dbpedia.org/resource/阿賀野市>	"阿賀野市"@ja	<http://dbpedia.org/ontology/PopulatedPlace>	<http://ja.dbpedia.org/property/隣接自治体>	"隣接自治体"@ja	<http://ja.wikipedia.org/wiki/阿賀野市>	<http://wikidata.dbpedia.org/resource/Q390466>
<http://ja.dbpedia.org/resource/阿賀野市>	"阿賀野市"@ja	<http://dbpedia.org/ontology/City>	<http://ja.dbpedia.org/property/隣接自治体>	"隣接自治体"@ja	<http://ja.wikipedia.org/wiki/阿賀野市>	<http://wikidata.dbpedia.org/resource/Q390466>
<http://ja.dbpedia.org/resource/阿賀野市>	"阿賀野市"@ja	<http://dbpedia.org/ontology/Settlement>	<http://ja.dbpedia.org/property/隣接自治体>	"隣接自治体"@ja	<http://ja.wikipedia.org/wiki/阿賀野市>	<http://wikidata.dbpedia.org/resource/Q390466>
