?s	?sLabel	?type	?p	?pLabel	?jwiki	?wd
<http://ja.dbpedia.org/resource/ハマナス>	"ハマナス"@ja	<http://dbpedia.org/ontology/Species>	<http://ja.dbpedia.org/property/花>	"花"@ja	<http://ja.wikipedia.org/wiki/ハマナス>	<http://wikidata.dbpedia.org/resource/Q634975>
<http://ja.dbpedia.org/resource/ミズナラ>	"ミズナラ"@ja	<http://dbpedia.org/ontology/Eukaryote>	<http://ja.dbpedia.org/property/木>	"木"@ja	<http://ja.wikipedia.org/wiki/ミズナラ>	<http://wikidata.dbpedia.org/resource/Q11342134>
<http://ja.dbpedia.org/resource/ミズナラ>	"ミズナラ"@ja	<http://dbpedia.org/ontology/Plant>	<http://ja.dbpedia.org/property/木>	"木"@ja	<http://ja.wikipedia.org/wiki/ミズナラ>	<http://wikidata.dbpedia.org/resource/Q11342134>
<http://ja.dbpedia.org/resource/ミズナラ>	"ミズナラ"@ja	<http://dbpedia.org/ontology/Species>	<http://ja.dbpedia.org/property/木>	"木"@ja	<http://ja.wikipedia.org/wiki/ミズナラ>	<http://wikidata.dbpedia.org/resource/Q11342134>
