?s	?sLabel	?type	?p	?pLabel	?jwiki	?wd
<http://ja.dbpedia.org/resource/アカエゾマツ>	"アカエゾマツ"@ja	<http://dbpedia.org/ontology/Species>	<http://ja.dbpedia.org/property/木>	"木"@ja	<http://ja.wikipedia.org/wiki/アカエゾマツ>	<http://wikidata.dbpedia.org/resource/Q1151932>
<http://ja.dbpedia.org/resource/エゾムラサキツツジ>	"エゾムラサキツツジ"@ja	<http://dbpedia.org/ontology/Plant>	<http://ja.dbpedia.org/property/花>	"花"@ja	<http://ja.wikipedia.org/wiki/エゾムラサキツツジ>	<http://wikidata.dbpedia.org/resource/Q1040366>
<http://ja.dbpedia.org/resource/エゾムラサキツツジ>	"エゾムラサキツツジ"@ja	<http://dbpedia.org/ontology/Eukaryote>	<http://ja.dbpedia.org/property/花>	"花"@ja	<http://ja.wikipedia.org/wiki/エゾムラサキツツジ>	<http://wikidata.dbpedia.org/resource/Q1040366>
<http://ja.dbpedia.org/resource/エゾムラサキツツジ>	"エゾムラサキツツジ"@ja	<http://dbpedia.org/ontology/Species>	<http://ja.dbpedia.org/property/花>	"花"@ja	<http://ja.wikipedia.org/wiki/エゾムラサキツツジ>	<http://wikidata.dbpedia.org/resource/Q1040366>
<http://ja.dbpedia.org/resource/エゾムラサキツツジ>	"エゾムラサキツツジ"@ja	<http://dbpedia.org/ontology/FloweringPlant>	<http://ja.dbpedia.org/property/花>	"花"@ja	<http://ja.wikipedia.org/wiki/エゾムラサキツツジ>	<http://wikidata.dbpedia.org/resource/Q1040366>
<http://ja.dbpedia.org/resource/クマゲラ>	"クマゲラ"@ja	<http://dbpedia.org/ontology/Species>	<http://ja.dbpedia.org/property/鳥など>	"鳥など"@ja	<http://ja.wikipedia.org/wiki/クマゲラ>	<http://wikidata.dbpedia.org/resource/Q143284>
<http://ja.dbpedia.org/resource/上士幌町>	"上士幌町"@ja	<http://dbpedia.org/ontology/City>	<http://ja.dbpedia.org/property/southwest>	"Southwest"@ja	<http://ja.wikipedia.org/wiki/上士幌町>	<http://wikidata.dbpedia.org/resource/Q1210152>
<http://ja.dbpedia.org/resource/上士幌町>	"上士幌町"@ja	<http://dbpedia.org/ontology/PopulatedPlace>	<http://ja.dbpedia.org/property/southwest>	"Southwest"@ja	<http://ja.wikipedia.org/wiki/上士幌町>	<http://wikidata.dbpedia.org/resource/Q1210152>
<http://ja.dbpedia.org/resource/上士幌町>	"上士幌町"@ja	<http://dbpedia.org/ontology/Place>	<http://ja.dbpedia.org/property/southwest>	"Southwest"@ja	<http://ja.wikipedia.org/wiki/上士幌町>	<http://wikidata.dbpedia.org/resource/Q1210152>
<http://ja.dbpedia.org/resource/上士幌町>	"上士幌町"@ja	<http://dbpedia.org/ontology/Location>	<http://ja.dbpedia.org/property/southwest>	"Southwest"@ja	<http://ja.wikipedia.org/wiki/上士幌町>	<http://wikidata.dbpedia.org/resource/Q1210152>
<http://ja.dbpedia.org/resource/上士幌町>	"上士幌町"@ja	<http://dbpedia.org/ontology/Settlement>	<http://ja.dbpedia.org/property/southwest>	"Southwest"@ja	<http://ja.wikipedia.org/wiki/上士幌町>	<http://wikidata.dbpedia.org/resource/Q1210152>
<http://ja.dbpedia.org/resource/北見市>	"北見市"@ja	<http://dbpedia.org/ontology/City>	<http://ja.dbpedia.org/property/north>	"North"@ja	<http://ja.wikipedia.org/wiki/北見市>	<http://wikidata.dbpedia.org/resource/Q265555>
<http://ja.dbpedia.org/resource/北見市>	"北見市"@ja	<http://dbpedia.org/ontology/PopulatedPlace>	<http://ja.dbpedia.org/property/north>	"North"@ja	<http://ja.wikipedia.org/wiki/北見市>	<http://wikidata.dbpedia.org/resource/Q265555>
<http://ja.dbpedia.org/resource/北見市>	"北見市"@ja	<http://dbpedia.org/ontology/Location>	<http://ja.dbpedia.org/property/north>	"North"@ja	<http://ja.wikipedia.org/wiki/北見市>	<http://wikidata.dbpedia.org/resource/Q265555>
<http://ja.dbpedia.org/resource/北見市>	"北見市"@ja	<http://dbpedia.org/ontology/Settlement>	<http://ja.dbpedia.org/property/north>	"North"@ja	<http://ja.wikipedia.org/wiki/北見市>	<http://wikidata.dbpedia.org/resource/Q265555>
<http://ja.dbpedia.org/resource/北見市>	"北見市"@ja	<http://dbpedia.org/ontology/Place>	<http://ja.dbpedia.org/property/north>	"North"@ja	<http://ja.wikipedia.org/wiki/北見市>	<http://wikidata.dbpedia.org/resource/Q265555>
<http://ja.dbpedia.org/resource/訓子府町>	"訓子府町"@ja	<http://dbpedia.org/ontology/PopulatedPlace>	<http://ja.dbpedia.org/property/east>	"East"@ja	<http://ja.wikipedia.org/wiki/訓子府町>	<http://wikidata.dbpedia.org/resource/Q1365442>
<http://ja.dbpedia.org/resource/訓子府町>	"訓子府町"@ja	<http://dbpedia.org/ontology/Place>	<http://ja.dbpedia.org/property/east>	"East"@ja	<http://ja.wikipedia.org/wiki/訓子府町>	<http://wikidata.dbpedia.org/resource/Q1365442>
<http://ja.dbpedia.org/resource/訓子府町>	"訓子府町"@ja	<http://dbpedia.org/ontology/City>	<http://ja.dbpedia.org/property/east>	"East"@ja	<http://ja.wikipedia.org/wiki/訓子府町>	<http://wikidata.dbpedia.org/resource/Q1365442>
<http://ja.dbpedia.org/resource/訓子府町>	"訓子府町"@ja	<http://dbpedia.org/ontology/Location>	<http://ja.dbpedia.org/property/east>	"East"@ja	<http://ja.wikipedia.org/wiki/訓子府町>	<http://wikidata.dbpedia.org/resource/Q1365442>
<http://ja.dbpedia.org/resource/訓子府町>	"訓子府町"@ja	<http://dbpedia.org/ontology/Settlement>	<http://ja.dbpedia.org/property/east>	"East"@ja	<http://ja.wikipedia.org/wiki/訓子府町>	<http://wikidata.dbpedia.org/resource/Q1365442>
<http://ja.dbpedia.org/resource/足寄町>	"足寄町"@ja	<http://dbpedia.org/ontology/City>	<http://ja.dbpedia.org/property/south>	"South"@ja	<http://ja.wikipedia.org/wiki/足寄町>	<http://wikidata.dbpedia.org/resource/Q1186253>
<http://ja.dbpedia.org/resource/足寄町>	"足寄町"@ja	<http://dbpedia.org/ontology/PopulatedPlace>	<http://ja.dbpedia.org/property/south>	"South"@ja	<http://ja.wikipedia.org/wiki/足寄町>	<http://wikidata.dbpedia.org/resource/Q1186253>
<http://ja.dbpedia.org/resource/足寄町>	"足寄町"@ja	<http://dbpedia.org/ontology/Location>	<http://ja.dbpedia.org/property/south>	"South"@ja	<http://ja.wikipedia.org/wiki/足寄町>	<http://wikidata.dbpedia.org/resource/Q1186253>
<http://ja.dbpedia.org/resource/足寄町>	"足寄町"@ja	<http://dbpedia.org/ontology/Settlement>	<http://ja.dbpedia.org/property/south>	"South"@ja	<http://ja.wikipedia.org/wiki/足寄町>	<http://wikidata.dbpedia.org/resource/Q1186253>
<http://ja.dbpedia.org/resource/足寄町>	"足寄町"@ja	<http://dbpedia.org/ontology/Place>	<http://ja.dbpedia.org/property/south>	"South"@ja	<http://ja.wikipedia.org/wiki/足寄町>	<http://wikidata.dbpedia.org/resource/Q1186253>
<http://ja.dbpedia.org/resource/陸別町>	"陸別町"@ja	<http://dbpedia.org/ontology/Settlement>	<http://ja.dbpedia.org/property/southeast>	"Southeast"@ja	<http://ja.wikipedia.org/wiki/陸別町>	<http://wikidata.dbpedia.org/resource/Q1185968>
<http://ja.dbpedia.org/resource/陸別町>	"陸別町"@ja	<http://dbpedia.org/ontology/PopulatedPlace>	<http://ja.dbpedia.org/property/southeast>	"Southeast"@ja	<http://ja.wikipedia.org/wiki/陸別町>	<http://wikidata.dbpedia.org/resource/Q1185968>
<http://ja.dbpedia.org/resource/陸別町>	"陸別町"@ja	<http://dbpedia.org/ontology/Place>	<http://ja.dbpedia.org/property/southeast>	"Southeast"@ja	<http://ja.wikipedia.org/wiki/陸別町>	<http://wikidata.dbpedia.org/resource/Q1185968>
<http://ja.dbpedia.org/resource/陸別町>	"陸別町"@ja	<http://dbpedia.org/ontology/City>	<http://ja.dbpedia.org/property/southeast>	"Southeast"@ja	<http://ja.wikipedia.org/wiki/陸別町>	<http://wikidata.dbpedia.org/resource/Q1185968>
<http://ja.dbpedia.org/resource/陸別町>	"陸別町"@ja	<http://dbpedia.org/ontology/Location>	<http://ja.dbpedia.org/property/southeast>	"Southeast"@ja	<http://ja.wikipedia.org/wiki/陸別町>	<http://wikidata.dbpedia.org/resource/Q1185968>
<http://ja.dbpedia.org/resource/鹿ノ子ダム>	"鹿ノ子ダム"@ja	<http://dbpedia.org/ontology/ArchitecturalStructure>	<http://ja.dbpedia.org/property/画像の説明>	"画像の説明"@ja	<http://ja.wikipedia.org/wiki/鹿ノ子ダム>	<http://wikidata.dbpedia.org/resource/Q6364233>
<http://ja.dbpedia.org/resource/鹿ノ子ダム>	"鹿ノ子ダム"@ja	<http://dbpedia.org/ontology/Dam>	<http://ja.dbpedia.org/property/画像の説明>	"画像の説明"@ja	<http://ja.wikipedia.org/wiki/鹿ノ子ダム>	<http://wikidata.dbpedia.org/resource/Q6364233>
<http://ja.dbpedia.org/resource/鹿ノ子ダム>	"鹿ノ子ダム"@ja	<http://dbpedia.org/ontology/Infrastructure>	<http://ja.dbpedia.org/property/画像の説明>	"画像の説明"@ja	<http://ja.wikipedia.org/wiki/鹿ノ子ダム>	<http://wikidata.dbpedia.org/resource/Q6364233>
