?s	?sLabel	?type	?p	?pLabel	?jwiki	?wd
<http://ja.dbpedia.org/resource/マツ>	"マツ"@ja	<http://dbpedia.org/ontology/Species>	<http://ja.dbpedia.org/property/木>	"木"@ja	<http://ja.wikipedia.org/wiki/マツ>	<http://wikidata.dbpedia.org/resource/Q12024>
<http://ja.dbpedia.org/resource/モモ>	"モモ"@ja	<http://dbpedia.org/ontology/Species>	<http://ja.dbpedia.org/property/花>	"花"@ja	<http://ja.wikipedia.org/wiki/モモ>	<http://wikidata.dbpedia.org/resource/Q13189>
<http://ja.dbpedia.org/resource/柏崎市>	"柏崎市"@ja	<http://dbpedia.org/ontology/PopulatedPlace>	<http://ja.dbpedia.org/property/隣接自治体>	"隣接自治体"@ja	<http://ja.wikipedia.org/wiki/柏崎市>	<http://wikidata.dbpedia.org/resource/Q633983>
<http://ja.dbpedia.org/resource/柏崎市>	"柏崎市"@ja	<http://dbpedia.org/ontology/Place>	<http://ja.dbpedia.org/property/隣接自治体>	"隣接自治体"@ja	<http://ja.wikipedia.org/wiki/柏崎市>	<http://wikidata.dbpedia.org/resource/Q633983>
<http://ja.dbpedia.org/resource/柏崎市>	"柏崎市"@ja	<http://dbpedia.org/ontology/City>	<http://ja.dbpedia.org/property/隣接自治体>	"隣接自治体"@ja	<http://ja.wikipedia.org/wiki/柏崎市>	<http://wikidata.dbpedia.org/resource/Q633983>
<http://ja.dbpedia.org/resource/柏崎市>	"柏崎市"@ja	<http://dbpedia.org/ontology/Location>	<http://ja.dbpedia.org/property/隣接自治体>	"隣接自治体"@ja	<http://ja.wikipedia.org/wiki/柏崎市>	<http://wikidata.dbpedia.org/resource/Q633983>
<http://ja.dbpedia.org/resource/柏崎市>	"柏崎市"@ja	<http://dbpedia.org/ontology/Settlement>	<http://ja.dbpedia.org/property/隣接自治体>	"隣接自治体"@ja	<http://ja.wikipedia.org/wiki/柏崎市>	<http://wikidata.dbpedia.org/resource/Q633983>
<http://ja.dbpedia.org/resource/長岡市>	"長岡市"@ja	<http://dbpedia.org/ontology/City>	<http://ja.dbpedia.org/property/隣接自治体>	"隣接自治体"@ja	<http://ja.wikipedia.org/wiki/長岡市>	<http://wikidata.dbpedia.org/resource/Q540312>
<http://ja.dbpedia.org/resource/長岡市>	"長岡市"@ja	<http://dbpedia.org/ontology/Location>	<http://ja.dbpedia.org/property/隣接自治体>	"隣接自治体"@ja	<http://ja.wikipedia.org/wiki/長岡市>	<http://wikidata.dbpedia.org/resource/Q540312>
<http://ja.dbpedia.org/resource/長岡市>	"長岡市"@ja	<http://dbpedia.org/ontology/PopulatedPlace>	<http://ja.dbpedia.org/property/隣接自治体>	"隣接自治体"@ja	<http://ja.wikipedia.org/wiki/長岡市>	<http://wikidata.dbpedia.org/resource/Q540312>
<http://ja.dbpedia.org/resource/長岡市>	"長岡市"@ja	<http://dbpedia.org/ontology/Place>	<http://ja.dbpedia.org/property/隣接自治体>	"隣接自治体"@ja	<http://ja.wikipedia.org/wiki/長岡市>	<http://wikidata.dbpedia.org/resource/Q540312>
<http://ja.dbpedia.org/resource/長岡市>	"長岡市"@ja	<http://dbpedia.org/ontology/Settlement>	<http://ja.dbpedia.org/property/隣接自治体>	"隣接自治体"@ja	<http://ja.wikipedia.org/wiki/長岡市>	<http://wikidata.dbpedia.org/resource/Q540312>
