?s	?sLabel	?type	?p	?pLabel	?jwiki	?wd
<http://ja.dbpedia.org/resource/エゾムラサキツツジ>	"エゾムラサキツツジ"@ja	<http://dbpedia.org/ontology/Plant>	<http://ja.dbpedia.org/property/花>	"花"@ja	<http://ja.wikipedia.org/wiki/エゾムラサキツツジ>	<http://wikidata.dbpedia.org/resource/Q1040366>
<http://ja.dbpedia.org/resource/エゾムラサキツツジ>	"エゾムラサキツツジ"@ja	<http://dbpedia.org/ontology/Eukaryote>	<http://ja.dbpedia.org/property/花>	"花"@ja	<http://ja.wikipedia.org/wiki/エゾムラサキツツジ>	<http://wikidata.dbpedia.org/resource/Q1040366>
<http://ja.dbpedia.org/resource/エゾムラサキツツジ>	"エゾムラサキツツジ"@ja	<http://dbpedia.org/ontology/Species>	<http://ja.dbpedia.org/property/花>	"花"@ja	<http://ja.wikipedia.org/wiki/エゾムラサキツツジ>	<http://wikidata.dbpedia.org/resource/Q1040366>
<http://ja.dbpedia.org/resource/エゾムラサキツツジ>	"エゾムラサキツツジ"@ja	<http://dbpedia.org/ontology/FloweringPlant>	<http://ja.dbpedia.org/property/花>	"花"@ja	<http://ja.wikipedia.org/wiki/エゾムラサキツツジ>	<http://wikidata.dbpedia.org/resource/Q1040366>
<http://ja.dbpedia.org/resource/オオバボダイジュ>	"オオバボダイジュ"@ja	<http://dbpedia.org/ontology/Plant>	<http://ja.dbpedia.org/property/木>	"木"@ja	<http://ja.wikipedia.org/wiki/オオバボダイジュ>	<http://wikidata.dbpedia.org/resource/Q4262401>
<http://ja.dbpedia.org/resource/オオバボダイジュ>	"オオバボダイジュ"@ja	<http://dbpedia.org/ontology/Eukaryote>	<http://ja.dbpedia.org/property/木>	"木"@ja	<http://ja.wikipedia.org/wiki/オオバボダイジュ>	<http://wikidata.dbpedia.org/resource/Q4262401>
<http://ja.dbpedia.org/resource/オオバボダイジュ>	"オオバボダイジュ"@ja	<http://dbpedia.org/ontology/Species>	<http://ja.dbpedia.org/property/木>	"木"@ja	<http://ja.wikipedia.org/wiki/オオバボダイジュ>	<http://wikidata.dbpedia.org/resource/Q4262401>
<http://ja.dbpedia.org/resource/オオバボダイジュ>	"オオバボダイジュ"@ja	<http://dbpedia.org/ontology/FloweringPlant>	<http://ja.dbpedia.org/property/木>	"木"@ja	<http://ja.wikipedia.org/wiki/オオバボダイジュ>	<http://wikidata.dbpedia.org/resource/Q4262401>
<http://ja.dbpedia.org/resource/北見市>	"北見市"@ja	<http://dbpedia.org/ontology/City>	<http://ja.dbpedia.org/property/southeast>	"Southeast"@ja	<http://ja.wikipedia.org/wiki/北見市>	<http://wikidata.dbpedia.org/resource/Q265555>
<http://ja.dbpedia.org/resource/北見市>	"北見市"@ja	<http://dbpedia.org/ontology/PopulatedPlace>	<http://ja.dbpedia.org/property/southeast>	"Southeast"@ja	<http://ja.wikipedia.org/wiki/北見市>	<http://wikidata.dbpedia.org/resource/Q265555>
<http://ja.dbpedia.org/resource/北見市>	"北見市"@ja	<http://dbpedia.org/ontology/Place>	<http://ja.dbpedia.org/property/southeast>	"Southeast"@ja	<http://ja.wikipedia.org/wiki/北見市>	<http://wikidata.dbpedia.org/resource/Q265555>
<http://ja.dbpedia.org/resource/北見市>	"北見市"@ja	<http://dbpedia.org/ontology/Location>	<http://ja.dbpedia.org/property/southeast>	"Southeast"@ja	<http://ja.wikipedia.org/wiki/北見市>	<http://wikidata.dbpedia.org/resource/Q265555>
<http://ja.dbpedia.org/resource/北見市>	"北見市"@ja	<http://dbpedia.org/ontology/Settlement>	<http://ja.dbpedia.org/property/southeast>	"Southeast"@ja	<http://ja.wikipedia.org/wiki/北見市>	<http://wikidata.dbpedia.org/resource/Q265555>
<http://ja.dbpedia.org/resource/湧別町>	"湧別町"@ja	<http://dbpedia.org/ontology/Location>	<http://ja.dbpedia.org/property/northwest>	"Northwest"@ja	<http://ja.wikipedia.org/wiki/湧別町>	<http://wikidata.dbpedia.org/resource/Q1348807>
<http://ja.dbpedia.org/resource/湧別町>	"湧別町"@ja	<http://dbpedia.org/ontology/Settlement>	<http://ja.dbpedia.org/property/northwest>	"Northwest"@ja	<http://ja.wikipedia.org/wiki/湧別町>	<http://wikidata.dbpedia.org/resource/Q1348807>
<http://ja.dbpedia.org/resource/湧別町>	"湧別町"@ja	<http://dbpedia.org/ontology/Place>	<http://ja.dbpedia.org/property/northwest>	"Northwest"@ja	<http://ja.wikipedia.org/wiki/湧別町>	<http://wikidata.dbpedia.org/resource/Q1348807>
<http://ja.dbpedia.org/resource/湧別町>	"湧別町"@ja	<http://dbpedia.org/ontology/City>	<http://ja.dbpedia.org/property/northwest>	"Northwest"@ja	<http://ja.wikipedia.org/wiki/湧別町>	<http://wikidata.dbpedia.org/resource/Q1348807>
<http://ja.dbpedia.org/resource/湧別町>	"湧別町"@ja	<http://dbpedia.org/ontology/PopulatedPlace>	<http://ja.dbpedia.org/property/northwest>	"Northwest"@ja	<http://ja.wikipedia.org/wiki/湧別町>	<http://wikidata.dbpedia.org/resource/Q1348807>
<http://ja.dbpedia.org/resource/遠軽町>	"遠軽町"@ja	<http://dbpedia.org/ontology/Settlement>	<http://ja.dbpedia.org/property/west>	"West"@ja	<http://ja.wikipedia.org/wiki/遠軽町>	<http://wikidata.dbpedia.org/resource/Q1348788>
<http://ja.dbpedia.org/resource/遠軽町>	"遠軽町"@ja	<http://dbpedia.org/ontology/Place>	<http://ja.dbpedia.org/property/west>	"West"@ja	<http://ja.wikipedia.org/wiki/遠軽町>	<http://wikidata.dbpedia.org/resource/Q1348788>
<http://ja.dbpedia.org/resource/遠軽町>	"遠軽町"@ja	<http://dbpedia.org/ontology/City>	<http://ja.dbpedia.org/property/west>	"West"@ja	<http://ja.wikipedia.org/wiki/遠軽町>	<http://wikidata.dbpedia.org/resource/Q1348788>
<http://ja.dbpedia.org/resource/遠軽町>	"遠軽町"@ja	<http://dbpedia.org/ontology/PopulatedPlace>	<http://ja.dbpedia.org/property/west>	"West"@ja	<http://ja.wikipedia.org/wiki/遠軽町>	<http://wikidata.dbpedia.org/resource/Q1348788>
<http://ja.dbpedia.org/resource/遠軽町>	"遠軽町"@ja	<http://dbpedia.org/ontology/Location>	<http://ja.dbpedia.org/property/west>	"West"@ja	<http://ja.wikipedia.org/wiki/遠軽町>	<http://wikidata.dbpedia.org/resource/Q1348788>
