?s	?sLabel	?type	?p	?pLabel	?jwiki	?wd
<http://ja.dbpedia.org/resource/カエデ>	"カエデ"@ja	<http://dbpedia.org/ontology/Species>	<http://ja.dbpedia.org/property/木>	"木"@ja	<http://ja.wikipedia.org/wiki/カエデ>	<http://wikidata.dbpedia.org/resource/Q42292>
<http://ja.dbpedia.org/resource/カエデ>	"カエデ"@ja	<http://dbpedia.org/ontology/Eukaryote>	<http://ja.dbpedia.org/property/木>	"木"@ja	<http://ja.wikipedia.org/wiki/カエデ>	<http://wikidata.dbpedia.org/resource/Q42292>
<http://ja.dbpedia.org/resource/カエデ>	"カエデ"@ja	<http://dbpedia.org/ontology/Plant>	<http://ja.dbpedia.org/property/木>	"木"@ja	<http://ja.wikipedia.org/wiki/カエデ>	<http://wikidata.dbpedia.org/resource/Q42292>
<http://ja.dbpedia.org/resource/ユリ>	"ユリ"@ja	<http://dbpedia.org/ontology/Species>	<http://ja.dbpedia.org/property/花>	"花"@ja	<http://ja.wikipedia.org/wiki/ユリ>	<http://wikidata.dbpedia.org/resource/Q5194627>
<http://ja.dbpedia.org/resource/村上市>	"村上市"@ja	<http://dbpedia.org/ontology/PopulatedPlace>	<http://ja.dbpedia.org/property/隣接自治体>	"隣接自治体"@ja	<http://ja.wikipedia.org/wiki/村上市>	<http://wikidata.dbpedia.org/resource/Q284503>
<http://ja.dbpedia.org/resource/村上市>	"村上市"@ja	<http://dbpedia.org/ontology/Place>	<http://ja.dbpedia.org/property/隣接自治体>	"隣接自治体"@ja	<http://ja.wikipedia.org/wiki/村上市>	<http://wikidata.dbpedia.org/resource/Q284503>
<http://ja.dbpedia.org/resource/村上市>	"村上市"@ja	<http://dbpedia.org/ontology/City>	<http://ja.dbpedia.org/property/隣接自治体>	"隣接自治体"@ja	<http://ja.wikipedia.org/wiki/村上市>	<http://wikidata.dbpedia.org/resource/Q284503>
<http://ja.dbpedia.org/resource/村上市>	"村上市"@ja	<http://dbpedia.org/ontology/Location>	<http://ja.dbpedia.org/property/隣接自治体>	"隣接自治体"@ja	<http://ja.wikipedia.org/wiki/村上市>	<http://wikidata.dbpedia.org/resource/Q284503>
<http://ja.dbpedia.org/resource/村上市>	"村上市"@ja	<http://dbpedia.org/ontology/Settlement>	<http://ja.dbpedia.org/property/隣接自治体>	"隣接自治体"@ja	<http://ja.wikipedia.org/wiki/村上市>	<http://wikidata.dbpedia.org/resource/Q284503>
<http://ja.dbpedia.org/resource/胎内市>	"胎内市"@ja	<http://dbpedia.org/ontology/Location>	<http://ja.dbpedia.org/property/隣接自治体>	"隣接自治体"@ja	<http://ja.wikipedia.org/wiki/胎内市>	<http://wikidata.dbpedia.org/resource/Q877266>
<http://ja.dbpedia.org/resource/胎内市>	"胎内市"@ja	<http://dbpedia.org/ontology/Place>	<http://ja.dbpedia.org/property/隣接自治体>	"隣接自治体"@ja	<http://ja.wikipedia.org/wiki/胎内市>	<http://wikidata.dbpedia.org/resource/Q877266>
<http://ja.dbpedia.org/resource/胎内市>	"胎内市"@ja	<http://dbpedia.org/ontology/PopulatedPlace>	<http://ja.dbpedia.org/property/隣接自治体>	"隣接自治体"@ja	<http://ja.wikipedia.org/wiki/胎内市>	<http://wikidata.dbpedia.org/resource/Q877266>
<http://ja.dbpedia.org/resource/胎内市>	"胎内市"@ja	<http://dbpedia.org/ontology/City>	<http://ja.dbpedia.org/property/隣接自治体>	"隣接自治体"@ja	<http://ja.wikipedia.org/wiki/胎内市>	<http://wikidata.dbpedia.org/resource/Q877266>
<http://ja.dbpedia.org/resource/胎内市>	"胎内市"@ja	<http://dbpedia.org/ontology/Settlement>	<http://ja.dbpedia.org/property/隣接自治体>	"隣接自治体"@ja	<http://ja.wikipedia.org/wiki/胎内市>	<http://wikidata.dbpedia.org/resource/Q877266>
<http://ja.dbpedia.org/resource/荒川_(羽越)>	"荒川 (羽越)"@ja	<http://dbpedia.org/ontology/BodyOfWater>	<http://ja.dbpedia.org/property/画像の説明>	"画像の説明"@ja	<http://ja.wikipedia.org/wiki/荒川_(羽越)>	<http://wikidata.dbpedia.org/resource/Q11618502>
<http://ja.dbpedia.org/resource/荒川_(羽越)>	"荒川 (羽越)"@ja	<http://dbpedia.org/ontology/Place>	<http://ja.dbpedia.org/property/画像の説明>	"画像の説明"@ja	<http://ja.wikipedia.org/wiki/荒川_(羽越)>	<http://wikidata.dbpedia.org/resource/Q11618502>
<http://ja.dbpedia.org/resource/荒川_(羽越)>	"荒川 (羽越)"@ja	<http://dbpedia.org/ontology/NaturalPlace>	<http://ja.dbpedia.org/property/画像の説明>	"画像の説明"@ja	<http://ja.wikipedia.org/wiki/荒川_(羽越)>	<http://wikidata.dbpedia.org/resource/Q11618502>
<http://ja.dbpedia.org/resource/荒川_(羽越)>	"荒川 (羽越)"@ja	<http://dbpedia.org/ontology/Location>	<http://ja.dbpedia.org/property/画像の説明>	"画像の説明"@ja	<http://ja.wikipedia.org/wiki/荒川_(羽越)>	<http://wikidata.dbpedia.org/resource/Q11618502>
<http://ja.dbpedia.org/resource/荒川_(羽越)>	"荒川 (羽越)"@ja	<http://dbpedia.org/ontology/River>	<http://ja.dbpedia.org/property/画像の説明>	"画像の説明"@ja	<http://ja.wikipedia.org/wiki/荒川_(羽越)>	<http://wikidata.dbpedia.org/resource/Q11618502>
<http://ja.dbpedia.org/resource/荒川_(羽越)>	"荒川 (羽越)"@ja	<http://dbpedia.org/ontology/Stream>	<http://ja.dbpedia.org/property/画像の説明>	"画像の説明"@ja	<http://ja.wikipedia.org/wiki/荒川_(羽越)>	<http://wikidata.dbpedia.org/resource/Q11618502>
<http://ja.dbpedia.org/resource/鷹ノ巣温泉>	"鷹ノ巣温泉"@ja	<http://dbpedia.org/ontology/Place>	<http://ja.dbpedia.org/property/画像の説明>	"画像の説明"@ja	<http://ja.wikipedia.org/wiki/鷹ノ巣温泉>	<http://wikidata.dbpedia.org/resource/Q108829757>
<http://ja.dbpedia.org/resource/鷹ノ巣温泉>	"鷹ノ巣温泉"@ja	<http://dbpedia.org/ontology/NaturalPlace>	<http://ja.dbpedia.org/property/画像の説明>	"画像の説明"@ja	<http://ja.wikipedia.org/wiki/鷹ノ巣温泉>	<http://wikidata.dbpedia.org/resource/Q108829757>
<http://ja.dbpedia.org/resource/鷹ノ巣温泉>	"鷹ノ巣温泉"@ja	<http://dbpedia.org/ontology/HotSpring>	<http://ja.dbpedia.org/property/画像の説明>	"画像の説明"@ja	<http://ja.wikipedia.org/wiki/鷹ノ巣温泉>	<http://wikidata.dbpedia.org/resource/Q108829757>
<http://ja.dbpedia.org/resource/鷹ノ巣温泉>	"鷹ノ巣温泉"@ja	<http://dbpedia.org/ontology/Location>	<http://ja.dbpedia.org/property/画像の説明>	"画像の説明"@ja	<http://ja.wikipedia.org/wiki/鷹ノ巣温泉>	<http://wikidata.dbpedia.org/resource/Q108829757>
