?s	?sLabel	?type	?p	?pLabel	?jwiki	?wd
<http://ja.dbpedia.org/resource/村上市>	"村上市"@ja	<http://dbpedia.org/ontology/City>	<http://ja.dbpedia.org/property/隣接自治体>	"隣接自治体"@ja	<http://ja.wikipedia.org/wiki/村上市>	<http://wikidata.dbpedia.org/resource/Q284503>
<http://ja.dbpedia.org/resource/村上市>	"村上市"@ja	<http://dbpedia.org/ontology/Settlement>	<http://ja.dbpedia.org/property/隣接自治体>	"隣接自治体"@ja	<http://ja.wikipedia.org/wiki/村上市>	<http://wikidata.dbpedia.org/resource/Q284503>
<http://ja.dbpedia.org/resource/村上市>	"村上市"@ja	<http://dbpedia.org/ontology/Place>	<http://ja.dbpedia.org/property/隣接自治体>	"隣接自治体"@ja	<http://ja.wikipedia.org/wiki/村上市>	<http://wikidata.dbpedia.org/resource/Q284503>
<http://ja.dbpedia.org/resource/村上市>	"村上市"@ja	<http://dbpedia.org/ontology/PopulatedPlace>	<http://ja.dbpedia.org/property/隣接自治体>	"隣接自治体"@ja	<http://ja.wikipedia.org/wiki/村上市>	<http://wikidata.dbpedia.org/resource/Q284503>
<http://ja.dbpedia.org/resource/村上市>	"村上市"@ja	<http://dbpedia.org/ontology/Location>	<http://ja.dbpedia.org/property/隣接自治体>	"隣接自治体"@ja	<http://ja.wikipedia.org/wiki/村上市>	<http://wikidata.dbpedia.org/resource/Q284503>
<http://ja.dbpedia.org/resource/粟島_(新潟県)>	"粟島"@ja	<http://dbpedia.org/ontology/Place>	<http://ja.dbpedia.org/property/画像の説明>	"画像の説明"@ja	<http://ja.wikipedia.org/wiki/粟島_(新潟県)>	<http://wikidata.dbpedia.org/resource/Q49511>
<http://ja.dbpedia.org/resource/粟島_(新潟県)>	"粟島"@ja	<http://dbpedia.org/ontology/Island>	<http://ja.dbpedia.org/property/画像の説明>	"画像の説明"@ja	<http://ja.wikipedia.org/wiki/粟島_(新潟県)>	<http://wikidata.dbpedia.org/resource/Q49511>
<http://ja.dbpedia.org/resource/粟島_(新潟県)>	"粟島 (新潟県)"@ja	<http://dbpedia.org/ontology/PopulatedPlace>	<http://ja.dbpedia.org/property/画像の説明>	"画像の説明"@ja	<http://ja.wikipedia.org/wiki/粟島_(新潟県)>	<http://wikidata.dbpedia.org/resource/Q49511>
<http://ja.dbpedia.org/resource/粟島_(新潟県)>	"粟島"@ja	<http://dbpedia.org/ontology/Location>	<http://ja.dbpedia.org/property/画像の説明>	"画像の説明"@ja	<http://ja.wikipedia.org/wiki/粟島_(新潟県)>	<http://wikidata.dbpedia.org/resource/Q49511>
<http://ja.dbpedia.org/resource/粟島_(新潟県)>	"粟島 (新潟県)"@ja	<http://dbpedia.org/ontology/Place>	<http://ja.dbpedia.org/property/画像の説明>	"画像の説明"@ja	<http://ja.wikipedia.org/wiki/粟島_(新潟県)>	<http://wikidata.dbpedia.org/resource/Q49511>
<http://ja.dbpedia.org/resource/粟島_(新潟県)>	"粟島"@ja	<http://dbpedia.org/ontology/PopulatedPlace>	<http://ja.dbpedia.org/property/画像の説明>	"画像の説明"@ja	<http://ja.wikipedia.org/wiki/粟島_(新潟県)>	<http://wikidata.dbpedia.org/resource/Q49511>
<http://ja.dbpedia.org/resource/粟島_(新潟県)>	"粟島 (新潟県)"@ja	<http://dbpedia.org/ontology/Island>	<http://ja.dbpedia.org/property/画像の説明>	"画像の説明"@ja	<http://ja.wikipedia.org/wiki/粟島_(新潟県)>	<http://wikidata.dbpedia.org/resource/Q49511>
<http://ja.dbpedia.org/resource/粟島_(新潟県)>	"粟島 (新潟県)"@ja	<http://dbpedia.org/ontology/Location>	<http://ja.dbpedia.org/property/画像の説明>	"画像の説明"@ja	<http://ja.wikipedia.org/wiki/粟島_(新潟県)>	<http://wikidata.dbpedia.org/resource/Q49511>
