?s	?sLabel	?type	?p	?pLabel	?jwiki	?wd
<http://ja.dbpedia.org/resource/イチイ>	"イチイ"@ja	<http://dbpedia.org/ontology/Species>	<http://ja.dbpedia.org/property/木>	"木"@ja	<http://ja.wikipedia.org/wiki/イチイ>	<http://wikidata.dbpedia.org/resource/Q1144815>
<http://ja.dbpedia.org/resource/チューリップ>	"チューリップ"@ja	<http://dbpedia.org/ontology/Species>	<http://ja.dbpedia.org/property/花>	"花"@ja	<http://ja.wikipedia.org/wiki/チューリップ>	<http://wikidata.dbpedia.org/resource/Q93201>
<http://ja.dbpedia.org/resource/佐呂間町>	"佐呂間町"@ja	<http://dbpedia.org/ontology/PopulatedPlace>	<http://ja.dbpedia.org/property/southeast>	"Southeast"@ja	<http://ja.wikipedia.org/wiki/佐呂間町>	<http://wikidata.dbpedia.org/resource/Q1365521>
<http://ja.dbpedia.org/resource/佐呂間町>	"佐呂間町"@ja	<http://dbpedia.org/ontology/Place>	<http://ja.dbpedia.org/property/southeast>	"Southeast"@ja	<http://ja.wikipedia.org/wiki/佐呂間町>	<http://wikidata.dbpedia.org/resource/Q1365521>
<http://ja.dbpedia.org/resource/佐呂間町>	"佐呂間町"@ja	<http://dbpedia.org/ontology/City>	<http://ja.dbpedia.org/property/southeast>	"Southeast"@ja	<http://ja.wikipedia.org/wiki/佐呂間町>	<http://wikidata.dbpedia.org/resource/Q1365521>
<http://ja.dbpedia.org/resource/佐呂間町>	"佐呂間町"@ja	<http://dbpedia.org/ontology/Location>	<http://ja.dbpedia.org/property/southeast>	"Southeast"@ja	<http://ja.wikipedia.org/wiki/佐呂間町>	<http://wikidata.dbpedia.org/resource/Q1365521>
<http://ja.dbpedia.org/resource/佐呂間町>	"佐呂間町"@ja	<http://dbpedia.org/ontology/Settlement>	<http://ja.dbpedia.org/property/southeast>	"Southeast"@ja	<http://ja.wikipedia.org/wiki/佐呂間町>	<http://wikidata.dbpedia.org/resource/Q1365521>
<http://ja.dbpedia.org/resource/北見市>	"北見市"@ja	<http://dbpedia.org/ontology/Location>	<http://ja.dbpedia.org/property/south>	"South"@ja	<http://ja.wikipedia.org/wiki/北見市>	<http://wikidata.dbpedia.org/resource/Q265555>
<http://ja.dbpedia.org/resource/北見市>	"北見市"@ja	<http://dbpedia.org/ontology/City>	<http://ja.dbpedia.org/property/south>	"South"@ja	<http://ja.wikipedia.org/wiki/北見市>	<http://wikidata.dbpedia.org/resource/Q265555>
<http://ja.dbpedia.org/resource/北見市>	"北見市"@ja	<http://dbpedia.org/ontology/PopulatedPlace>	<http://ja.dbpedia.org/property/south>	"South"@ja	<http://ja.wikipedia.org/wiki/北見市>	<http://wikidata.dbpedia.org/resource/Q265555>
<http://ja.dbpedia.org/resource/北見市>	"北見市"@ja	<http://dbpedia.org/ontology/Settlement>	<http://ja.dbpedia.org/property/south>	"South"@ja	<http://ja.wikipedia.org/wiki/北見市>	<http://wikidata.dbpedia.org/resource/Q265555>
<http://ja.dbpedia.org/resource/北見市>	"北見市"@ja	<http://dbpedia.org/ontology/Place>	<http://ja.dbpedia.org/property/south>	"South"@ja	<http://ja.wikipedia.org/wiki/北見市>	<http://wikidata.dbpedia.org/resource/Q265555>
<http://ja.dbpedia.org/resource/紋別市>	"紋別市"@ja	<http://dbpedia.org/ontology/City>	<http://ja.dbpedia.org/property/west>	"West"@ja	<http://ja.wikipedia.org/wiki/紋別市>	<http://wikidata.dbpedia.org/resource/Q692745>
<http://ja.dbpedia.org/resource/紋別市>	"紋別市"@ja	<http://dbpedia.org/ontology/Settlement>	<http://ja.dbpedia.org/property/west>	"West"@ja	<http://ja.wikipedia.org/wiki/紋別市>	<http://wikidata.dbpedia.org/resource/Q692745>
<http://ja.dbpedia.org/resource/紋別市>	"紋別市"@ja	<http://dbpedia.org/ontology/Place>	<http://ja.dbpedia.org/property/west>	"West"@ja	<http://ja.wikipedia.org/wiki/紋別市>	<http://wikidata.dbpedia.org/resource/Q692745>
<http://ja.dbpedia.org/resource/紋別市>	"紋別市"@ja	<http://dbpedia.org/ontology/PopulatedPlace>	<http://ja.dbpedia.org/property/west>	"West"@ja	<http://ja.wikipedia.org/wiki/紋別市>	<http://wikidata.dbpedia.org/resource/Q692745>
<http://ja.dbpedia.org/resource/紋別市>	"紋別市"@ja	<http://dbpedia.org/ontology/Location>	<http://ja.dbpedia.org/property/west>	"West"@ja	<http://ja.wikipedia.org/wiki/紋別市>	<http://wikidata.dbpedia.org/resource/Q692745>
<http://ja.dbpedia.org/resource/道の駅愛ランド湧別>	"道の駅愛ランド湧別"@ja	<http://dbpedia.org/ontology/ArchitecturalStructure>	<http://ja.dbpedia.org/property/画像の説明>	"画像の説明"@ja	<http://ja.wikipedia.org/wiki/道の駅愛ランド湧別>	<http://wikidata.dbpedia.org/resource/Q11641304>
<http://ja.dbpedia.org/resource/道の駅愛ランド湧別>	"道の駅愛ランド湧別"@ja	<http://dbpedia.org/ontology/Infrastructure>	<http://ja.dbpedia.org/property/画像の説明>	"画像の説明"@ja	<http://ja.wikipedia.org/wiki/道の駅愛ランド湧別>	<http://wikidata.dbpedia.org/resource/Q11641304>
<http://ja.dbpedia.org/resource/道の駅愛ランド湧別>	"道の駅愛ランド湧別"@ja	<http://dbpedia.org/ontology/Station>	<http://ja.dbpedia.org/property/画像の説明>	"画像の説明"@ja	<http://ja.wikipedia.org/wiki/道の駅愛ランド湧別>	<http://wikidata.dbpedia.org/resource/Q11641304>
<http://ja.dbpedia.org/resource/遠軽町>	"遠軽町"@ja	<http://dbpedia.org/ontology/Location>	<http://ja.dbpedia.org/property/southwest>	"Southwest"@ja	<http://ja.wikipedia.org/wiki/遠軽町>	<http://wikidata.dbpedia.org/resource/Q1348788>
<http://ja.dbpedia.org/resource/遠軽町>	"遠軽町"@ja	<http://dbpedia.org/ontology/Place>	<http://ja.dbpedia.org/property/southwest>	"Southwest"@ja	<http://ja.wikipedia.org/wiki/遠軽町>	<http://wikidata.dbpedia.org/resource/Q1348788>
<http://ja.dbpedia.org/resource/遠軽町>	"遠軽町"@ja	<http://dbpedia.org/ontology/PopulatedPlace>	<http://ja.dbpedia.org/property/southwest>	"Southwest"@ja	<http://ja.wikipedia.org/wiki/遠軽町>	<http://wikidata.dbpedia.org/resource/Q1348788>
<http://ja.dbpedia.org/resource/遠軽町>	"遠軽町"@ja	<http://dbpedia.org/ontology/City>	<http://ja.dbpedia.org/property/southwest>	"Southwest"@ja	<http://ja.wikipedia.org/wiki/遠軽町>	<http://wikidata.dbpedia.org/resource/Q1348788>
<http://ja.dbpedia.org/resource/遠軽町>	"遠軽町"@ja	<http://dbpedia.org/ontology/Settlement>	<http://ja.dbpedia.org/property/southwest>	"Southwest"@ja	<http://ja.wikipedia.org/wiki/遠軽町>	<http://wikidata.dbpedia.org/resource/Q1348788>
