?s	?sLabel	?type	?p	?pLabel	?jwiki	?wd
<http://ja.dbpedia.org/resource/サクラ>	"サクラ"@ja	<http://dbpedia.org/ontology/Species>	<http://ja.dbpedia.org/property/木>	"木"@ja	<http://ja.wikipedia.org/wiki/サクラ>	<http://wikidata.dbpedia.org/resource/Q871991>
<http://ja.dbpedia.org/resource/シバザクラ>	"シバザクラ"@ja	<http://dbpedia.org/ontology/Species>	<http://ja.dbpedia.org/property/花>	"花"@ja	<http://ja.wikipedia.org/wiki/シバザクラ>	<http://wikidata.dbpedia.org/resource/Q1045366>
<http://ja.dbpedia.org/resource/シバザクラ>	"シバザクラ"@ja	<http://dbpedia.org/ontology/Eukaryote>	<http://ja.dbpedia.org/property/花>	"花"@ja	<http://ja.wikipedia.org/wiki/シバザクラ>	<http://wikidata.dbpedia.org/resource/Q1045366>
<http://ja.dbpedia.org/resource/シバザクラ>	"シバザクラ"@ja	<http://dbpedia.org/ontology/FloweringPlant>	<http://ja.dbpedia.org/property/花>	"花"@ja	<http://ja.wikipedia.org/wiki/シバザクラ>	<http://wikidata.dbpedia.org/resource/Q1045366>
<http://ja.dbpedia.org/resource/シバザクラ>	"シバザクラ"@ja	<http://dbpedia.org/ontology/Plant>	<http://ja.dbpedia.org/property/花>	"花"@ja	<http://ja.wikipedia.org/wiki/シバザクラ>	<http://wikidata.dbpedia.org/resource/Q1045366>
<http://ja.dbpedia.org/resource/士別市>	"士別市"@ja	<http://dbpedia.org/ontology/Location>	<http://ja.dbpedia.org/property/隣接自治体>	"隣接自治体"@ja	<http://ja.wikipedia.org/wiki/士別市>	<http://wikidata.dbpedia.org/resource/Q766942>
<http://ja.dbpedia.org/resource/士別市>	"士別市"@ja	<http://dbpedia.org/ontology/City>	<http://ja.dbpedia.org/property/隣接自治体>	"隣接自治体"@ja	<http://ja.wikipedia.org/wiki/士別市>	<http://wikidata.dbpedia.org/resource/Q766942>
<http://ja.dbpedia.org/resource/士別市>	"士別市"@ja	<http://dbpedia.org/ontology/PopulatedPlace>	<http://ja.dbpedia.org/property/隣接自治体>	"隣接自治体"@ja	<http://ja.wikipedia.org/wiki/士別市>	<http://wikidata.dbpedia.org/resource/Q766942>
<http://ja.dbpedia.org/resource/士別市>	"士別市"@ja	<http://dbpedia.org/ontology/Settlement>	<http://ja.dbpedia.org/property/隣接自治体>	"隣接自治体"@ja	<http://ja.wikipedia.org/wiki/士別市>	<http://wikidata.dbpedia.org/resource/Q766942>
<http://ja.dbpedia.org/resource/士別市>	"士別市"@ja	<http://dbpedia.org/ontology/Place>	<http://ja.dbpedia.org/property/隣接自治体>	"隣接自治体"@ja	<http://ja.wikipedia.org/wiki/士別市>	<http://wikidata.dbpedia.org/resource/Q766942>
<http://ja.dbpedia.org/resource/紋別市>	"紋別市"@ja	<http://dbpedia.org/ontology/City>	<http://ja.dbpedia.org/property/隣接自治体>	"隣接自治体"@ja	<http://ja.wikipedia.org/wiki/紋別市>	<http://wikidata.dbpedia.org/resource/Q692745>
<http://ja.dbpedia.org/resource/紋別市>	"紋別市"@ja	<http://dbpedia.org/ontology/Location>	<http://ja.dbpedia.org/property/隣接自治体>	"隣接自治体"@ja	<http://ja.wikipedia.org/wiki/紋別市>	<http://wikidata.dbpedia.org/resource/Q692745>
<http://ja.dbpedia.org/resource/紋別市>	"紋別市"@ja	<http://dbpedia.org/ontology/PopulatedPlace>	<http://ja.dbpedia.org/property/隣接自治体>	"隣接自治体"@ja	<http://ja.wikipedia.org/wiki/紋別市>	<http://wikidata.dbpedia.org/resource/Q692745>
<http://ja.dbpedia.org/resource/紋別市>	"紋別市"@ja	<http://dbpedia.org/ontology/Place>	<http://ja.dbpedia.org/property/隣接自治体>	"隣接自治体"@ja	<http://ja.wikipedia.org/wiki/紋別市>	<http://wikidata.dbpedia.org/resource/Q692745>
<http://ja.dbpedia.org/resource/紋別市>	"紋別市"@ja	<http://dbpedia.org/ontology/Settlement>	<http://ja.dbpedia.org/property/隣接自治体>	"隣接自治体"@ja	<http://ja.wikipedia.org/wiki/紋別市>	<http://wikidata.dbpedia.org/resource/Q692745>
