?s	?sLabel	?type	?p	?pLabel	?jwiki	?wd
<http://ja.dbpedia.org/resource/イチイ>	"イチイ"@ja	<http://dbpedia.org/ontology/Species>	<http://ja.dbpedia.org/property/木>	"木"@ja	<http://ja.wikipedia.org/wiki/イチイ>	<http://wikidata.dbpedia.org/resource/Q1144815>
<http://ja.dbpedia.org/resource/エゾムラサキツツジ>	"エゾムラサキツツジ"@ja	<http://dbpedia.org/ontology/Plant>	<http://ja.dbpedia.org/property/花>	"花"@ja	<http://ja.wikipedia.org/wiki/エゾムラサキツツジ>	<http://wikidata.dbpedia.org/resource/Q1040366>
<http://ja.dbpedia.org/resource/エゾムラサキツツジ>	"エゾムラサキツツジ"@ja	<http://dbpedia.org/ontology/Eukaryote>	<http://ja.dbpedia.org/property/花>	"花"@ja	<http://ja.wikipedia.org/wiki/エゾムラサキツツジ>	<http://wikidata.dbpedia.org/resource/Q1040366>
<http://ja.dbpedia.org/resource/エゾムラサキツツジ>	"エゾムラサキツツジ"@ja	<http://dbpedia.org/ontology/Species>	<http://ja.dbpedia.org/property/花>	"花"@ja	<http://ja.wikipedia.org/wiki/エゾムラサキツツジ>	<http://wikidata.dbpedia.org/resource/Q1040366>
<http://ja.dbpedia.org/resource/エゾムラサキツツジ>	"エゾムラサキツツジ"@ja	<http://dbpedia.org/ontology/FloweringPlant>	<http://ja.dbpedia.org/property/花>	"花"@ja	<http://ja.wikipedia.org/wiki/エゾムラサキツツジ>	<http://wikidata.dbpedia.org/resource/Q1040366>
