?s	?sLabel	?type	?p	?pLabel	?jwiki	?wd
<http://ja.dbpedia.org/resource/カッコウ>	"カッコウ"@ja	<http://dbpedia.org/ontology/Species>	<http://ja.dbpedia.org/property/鳥など>	"鳥など"@ja	<http://ja.wikipedia.org/wiki/カッコウ>	<http://wikidata.dbpedia.org/resource/Q18845>
<http://ja.dbpedia.org/resource/トドマツ>	"トドマツ"@ja	<http://dbpedia.org/ontology/Species>	<http://ja.dbpedia.org/property/木>	"木"@ja	<http://ja.wikipedia.org/wiki/トドマツ>	<http://wikidata.dbpedia.org/resource/Q1520125>
<http://ja.dbpedia.org/resource/ハマナス>	"ハマナス"@ja	<http://dbpedia.org/ontology/Species>	<http://ja.dbpedia.org/property/花>	"花"@ja	<http://ja.wikipedia.org/wiki/ハマナス>	<http://wikidata.dbpedia.org/resource/Q634975>
<http://ja.dbpedia.org/resource/雄武町>	"雄武町"@ja	<http://dbpedia.org/ontology/Place>	<http://ja.dbpedia.org/property/画像の説明>	"画像の説明"@ja	<http://ja.wikipedia.org/wiki/雄武町>	<http://wikidata.dbpedia.org/resource/Q1206664>
<http://ja.dbpedia.org/resource/雄武町>	"雄武町"@ja	<http://dbpedia.org/ontology/Location>	<http://ja.dbpedia.org/property/画像の説明>	"画像の説明"@ja	<http://ja.wikipedia.org/wiki/雄武町>	<http://wikidata.dbpedia.org/resource/Q1206664>
<http://ja.dbpedia.org/resource/雄武町>	"雄武町"@ja	<http://dbpedia.org/ontology/Settlement>	<http://ja.dbpedia.org/property/画像の説明>	"画像の説明"@ja	<http://ja.wikipedia.org/wiki/雄武町>	<http://wikidata.dbpedia.org/resource/Q1206664>
<http://ja.dbpedia.org/resource/雄武町>	"雄武町"@ja	<http://dbpedia.org/ontology/City>	<http://ja.dbpedia.org/property/画像の説明>	"画像の説明"@ja	<http://ja.wikipedia.org/wiki/雄武町>	<http://wikidata.dbpedia.org/resource/Q1206664>
<http://ja.dbpedia.org/resource/雄武町>	"雄武町"@ja	<http://dbpedia.org/ontology/PopulatedPlace>	<http://ja.dbpedia.org/property/画像の説明>	"画像の説明"@ja	<http://ja.wikipedia.org/wiki/雄武町>	<http://wikidata.dbpedia.org/resource/Q1206664>
