?s	?sLabel	?type	?p	?pLabel	?jwiki	?wd
<http://ja.dbpedia.org/resource/シバザクラ>	"シバザクラ"@ja	<http://dbpedia.org/ontology/Plant>	<http://ja.dbpedia.org/property/花>	"花"@ja	<http://ja.wikipedia.org/wiki/シバザクラ>	<http://wikidata.dbpedia.org/resource/Q1045366>
<http://ja.dbpedia.org/resource/シバザクラ>	"シバザクラ"@ja	<http://dbpedia.org/ontology/Eukaryote>	<http://ja.dbpedia.org/property/花>	"花"@ja	<http://ja.wikipedia.org/wiki/シバザクラ>	<http://wikidata.dbpedia.org/resource/Q1045366>
<http://ja.dbpedia.org/resource/シバザクラ>	"シバザクラ"@ja	<http://dbpedia.org/ontology/Species>	<http://ja.dbpedia.org/property/花>	"花"@ja	<http://ja.wikipedia.org/wiki/シバザクラ>	<http://wikidata.dbpedia.org/resource/Q1045366>
<http://ja.dbpedia.org/resource/シバザクラ>	"シバザクラ"@ja	<http://dbpedia.org/ontology/FloweringPlant>	<http://ja.dbpedia.org/property/花>	"花"@ja	<http://ja.wikipedia.org/wiki/シバザクラ>	<http://wikidata.dbpedia.org/resource/Q1045366>
<http://ja.dbpedia.org/resource/シラカンバ>	"シラカンバ"@ja	<http://dbpedia.org/ontology/Species>	<http://ja.dbpedia.org/property/木>	"木"@ja	<http://ja.wikipedia.org/wiki/シラカンバ>	<http://wikidata.dbpedia.org/resource/Q1373854>
<http://ja.dbpedia.org/resource/ナナカマド>	"ナナカマド"@ja	<http://dbpedia.org/ontology/Species>	<http://ja.dbpedia.org/property/木>	"木"@ja	<http://ja.wikipedia.org/wiki/ナナカマド>	<http://wikidata.dbpedia.org/resource/Q1210209>
<http://ja.dbpedia.org/resource/ミズバショウ>	"ミズバショウ"@ja	<http://dbpedia.org/ontology/Species>	<http://ja.dbpedia.org/property/花>	"花"@ja	<http://ja.wikipedia.org/wiki/ミズバショウ>	<http://wikidata.dbpedia.org/resource/Q772647>
<http://ja.dbpedia.org/resource/北見市>	"北見市"@ja	<http://dbpedia.org/ontology/Location>	<http://ja.dbpedia.org/property/northwest>	"Northwest"@ja	<http://ja.wikipedia.org/wiki/北見市>	<http://wikidata.dbpedia.org/resource/Q265555>
<http://ja.dbpedia.org/resource/北見市>	"北見市"@ja	<http://dbpedia.org/ontology/Place>	<http://ja.dbpedia.org/property/northwest>	"Northwest"@ja	<http://ja.wikipedia.org/wiki/北見市>	<http://wikidata.dbpedia.org/resource/Q265555>
<http://ja.dbpedia.org/resource/北見市>	"北見市"@ja	<http://dbpedia.org/ontology/PopulatedPlace>	<http://ja.dbpedia.org/property/northwest>	"Northwest"@ja	<http://ja.wikipedia.org/wiki/北見市>	<http://wikidata.dbpedia.org/resource/Q265555>
<http://ja.dbpedia.org/resource/北見市>	"北見市"@ja	<http://dbpedia.org/ontology/City>	<http://ja.dbpedia.org/property/northwest>	"Northwest"@ja	<http://ja.wikipedia.org/wiki/北見市>	<http://wikidata.dbpedia.org/resource/Q265555>
<http://ja.dbpedia.org/resource/北見市>	"北見市"@ja	<http://dbpedia.org/ontology/Settlement>	<http://ja.dbpedia.org/property/northwest>	"Northwest"@ja	<http://ja.wikipedia.org/wiki/北見市>	<http://wikidata.dbpedia.org/resource/Q265555>
<http://ja.dbpedia.org/resource/女満別空港>	"女満別空港"@ja	<http://dbpedia.org/ontology/Infrastructure>	<http://ja.dbpedia.org/property/画像の説明>	"画像の説明"@ja	<http://ja.wikipedia.org/wiki/女満別空港>	<http://wikidata.dbpedia.org/resource/Q651482>
<http://ja.dbpedia.org/resource/女満別空港>	"女満別空港"@ja	<http://dbpedia.org/ontology/Airport>	<http://ja.dbpedia.org/property/画像の説明>	"画像の説明"@ja	<http://ja.wikipedia.org/wiki/女満別空港>	<http://wikidata.dbpedia.org/resource/Q651482>
<http://ja.dbpedia.org/resource/女満別空港>	"女満別空港"@ja	<http://dbpedia.org/ontology/ArchitecturalStructure>	<http://ja.dbpedia.org/property/画像の説明>	"画像の説明"@ja	<http://ja.wikipedia.org/wiki/女満別空港>	<http://wikidata.dbpedia.org/resource/Q651482>
<http://ja.dbpedia.org/resource/小清水町>	"小清水町"@ja	<http://dbpedia.org/ontology/Location>	<http://ja.dbpedia.org/property/southeast>	"Southeast"@ja	<http://ja.wikipedia.org/wiki/小清水町>	<http://wikidata.dbpedia.org/resource/Q1357492>
<http://ja.dbpedia.org/resource/小清水町>	"小清水町"@ja	<http://dbpedia.org/ontology/City>	<http://ja.dbpedia.org/property/southeast>	"Southeast"@ja	<http://ja.wikipedia.org/wiki/小清水町>	<http://wikidata.dbpedia.org/resource/Q1357492>
<http://ja.dbpedia.org/resource/小清水町>	"小清水町"@ja	<http://dbpedia.org/ontology/PopulatedPlace>	<http://ja.dbpedia.org/property/southeast>	"Southeast"@ja	<http://ja.wikipedia.org/wiki/小清水町>	<http://wikidata.dbpedia.org/resource/Q1357492>
<http://ja.dbpedia.org/resource/小清水町>	"小清水町"@ja	<http://dbpedia.org/ontology/Settlement>	<http://ja.dbpedia.org/property/southeast>	"Southeast"@ja	<http://ja.wikipedia.org/wiki/小清水町>	<http://wikidata.dbpedia.org/resource/Q1357492>
<http://ja.dbpedia.org/resource/小清水町>	"小清水町"@ja	<http://dbpedia.org/ontology/Place>	<http://ja.dbpedia.org/property/southeast>	"Southeast"@ja	<http://ja.wikipedia.org/wiki/小清水町>	<http://wikidata.dbpedia.org/resource/Q1357492>
<http://ja.dbpedia.org/resource/網走市>	"網走市"@ja	<http://dbpedia.org/ontology/Location>	<http://ja.dbpedia.org/property/north>	"North"@ja	<http://ja.wikipedia.org/wiki/網走市>	<http://wikidata.dbpedia.org/resource/Q305640>
<http://ja.dbpedia.org/resource/網走市>	"網走市"@ja	<http://dbpedia.org/ontology/Settlement>	<http://ja.dbpedia.org/property/north>	"North"@ja	<http://ja.wikipedia.org/wiki/網走市>	<http://wikidata.dbpedia.org/resource/Q305640>
<http://ja.dbpedia.org/resource/網走市>	"網走市"@ja	<http://dbpedia.org/ontology/Place>	<http://ja.dbpedia.org/property/north>	"North"@ja	<http://ja.wikipedia.org/wiki/網走市>	<http://wikidata.dbpedia.org/resource/Q305640>
<http://ja.dbpedia.org/resource/網走市>	"網走市"@ja	<http://dbpedia.org/ontology/City>	<http://ja.dbpedia.org/property/north>	"North"@ja	<http://ja.wikipedia.org/wiki/網走市>	<http://wikidata.dbpedia.org/resource/Q305640>
<http://ja.dbpedia.org/resource/網走市>	"網走市"@ja	<http://dbpedia.org/ontology/PopulatedPlace>	<http://ja.dbpedia.org/property/north>	"North"@ja	<http://ja.wikipedia.org/wiki/網走市>	<http://wikidata.dbpedia.org/resource/Q305640>
<http://ja.dbpedia.org/resource/美幌町>	"美幌町"@ja	<http://dbpedia.org/ontology/Settlement>	<http://ja.dbpedia.org/property/southwest>	"Southwest"@ja	<http://ja.wikipedia.org/wiki/美幌町>	<http://wikidata.dbpedia.org/resource/Q1355074>
<http://ja.dbpedia.org/resource/美幌町>	"美幌町"@ja	<http://dbpedia.org/ontology/Place>	<http://ja.dbpedia.org/property/southwest>	"Southwest"@ja	<http://ja.wikipedia.org/wiki/美幌町>	<http://wikidata.dbpedia.org/resource/Q1355074>
<http://ja.dbpedia.org/resource/美幌町>	"美幌町"@ja	<http://dbpedia.org/ontology/City>	<http://ja.dbpedia.org/property/southwest>	"Southwest"@ja	<http://ja.wikipedia.org/wiki/美幌町>	<http://wikidata.dbpedia.org/resource/Q1355074>
<http://ja.dbpedia.org/resource/美幌町>	"美幌町"@ja	<http://dbpedia.org/ontology/PopulatedPlace>	<http://ja.dbpedia.org/property/southwest>	"Southwest"@ja	<http://ja.wikipedia.org/wiki/美幌町>	<http://wikidata.dbpedia.org/resource/Q1355074>
<http://ja.dbpedia.org/resource/美幌町>	"美幌町"@ja	<http://dbpedia.org/ontology/Location>	<http://ja.dbpedia.org/property/southwest>	"Southwest"@ja	<http://ja.wikipedia.org/wiki/美幌町>	<http://wikidata.dbpedia.org/resource/Q1355074>
