?s	?sLabel	?type	?p	?pLabel	?jwiki	?wd
<http://ja.dbpedia.org/resource/イチイ>	"イチイ"@ja	<http://dbpedia.org/ontology/Species>	<http://ja.dbpedia.org/property/花>	"花"@ja	<http://ja.wikipedia.org/wiki/イチイ>	<http://wikidata.dbpedia.org/resource/Q1144815>
<http://ja.dbpedia.org/resource/カエデ>	"カエデ"@ja	<http://dbpedia.org/ontology/Eukaryote>	<http://ja.dbpedia.org/property/花>	"花"@ja	<http://ja.wikipedia.org/wiki/カエデ>	<http://wikidata.dbpedia.org/resource/Q42292>
<http://ja.dbpedia.org/resource/カエデ>	"カエデ"@ja	<http://dbpedia.org/ontology/Plant>	<http://ja.dbpedia.org/property/花>	"花"@ja	<http://ja.wikipedia.org/wiki/カエデ>	<http://wikidata.dbpedia.org/resource/Q42292>
<http://ja.dbpedia.org/resource/カエデ>	"カエデ"@ja	<http://dbpedia.org/ontology/Species>	<http://ja.dbpedia.org/property/花>	"花"@ja	<http://ja.wikipedia.org/wiki/カエデ>	<http://wikidata.dbpedia.org/resource/Q42292>
<http://ja.dbpedia.org/resource/ムクゲ>	"ムクゲ"@ja	<http://dbpedia.org/ontology/Species>	<http://ja.dbpedia.org/property/木>	"木"@ja	<http://ja.wikipedia.org/wiki/ムクゲ>	<http://wikidata.dbpedia.org/resource/Q157756>
<http://ja.dbpedia.org/resource/昭和新山>	"昭和新山"@ja	<http://dbpedia.org/ontology/Mountain>	<http://ja.dbpedia.org/property/画像の説明>	"画像の説明"@ja	<http://ja.wikipedia.org/wiki/昭和新山>	<http://wikidata.dbpedia.org/resource/Q1138090>
<http://ja.dbpedia.org/resource/昭和新山>	"昭和新山"@ja	<http://dbpedia.org/ontology/Place>	<http://ja.dbpedia.org/property/画像の説明>	"画像の説明"@ja	<http://ja.wikipedia.org/wiki/昭和新山>	<http://wikidata.dbpedia.org/resource/Q1138090>
<http://ja.dbpedia.org/resource/昭和新山>	"昭和新山"@ja	<http://dbpedia.org/ontology/NaturalPlace>	<http://ja.dbpedia.org/property/画像の説明>	"画像の説明"@ja	<http://ja.wikipedia.org/wiki/昭和新山>	<http://wikidata.dbpedia.org/resource/Q1138090>
<http://ja.dbpedia.org/resource/昭和新山>	"昭和新山"@ja	<http://dbpedia.org/ontology/Location>	<http://ja.dbpedia.org/property/画像の説明>	"画像の説明"@ja	<http://ja.wikipedia.org/wiki/昭和新山>	<http://wikidata.dbpedia.org/resource/Q1138090>
