?s	?sLabel	?type	?p	?pLabel	?jwiki	?wd
<http://ja.dbpedia.org/resource/むかわ町>	"むかわ町"@ja	<http://dbpedia.org/ontology/City>	<http://ja.dbpedia.org/property/east>	"East"@ja	<http://ja.wikipedia.org/wiki/むかわ町>	<http://wikidata.dbpedia.org/resource/Q1187152>
<http://ja.dbpedia.org/resource/むかわ町>	"むかわ町"@ja	<http://dbpedia.org/ontology/PopulatedPlace>	<http://ja.dbpedia.org/property/east>	"East"@ja	<http://ja.wikipedia.org/wiki/むかわ町>	<http://wikidata.dbpedia.org/resource/Q1187152>
<http://ja.dbpedia.org/resource/むかわ町>	"むかわ町"@ja	<http://dbpedia.org/ontology/Place>	<http://ja.dbpedia.org/property/east>	"East"@ja	<http://ja.wikipedia.org/wiki/むかわ町>	<http://wikidata.dbpedia.org/resource/Q1187152>
<http://ja.dbpedia.org/resource/むかわ町>	"むかわ町"@ja	<http://dbpedia.org/ontology/Location>	<http://ja.dbpedia.org/property/east>	"East"@ja	<http://ja.wikipedia.org/wiki/むかわ町>	<http://wikidata.dbpedia.org/resource/Q1187152>
<http://ja.dbpedia.org/resource/むかわ町>	"むかわ町"@ja	<http://dbpedia.org/ontology/Settlement>	<http://ja.dbpedia.org/property/east>	"East"@ja	<http://ja.wikipedia.org/wiki/むかわ町>	<http://wikidata.dbpedia.org/resource/Q1187152>
<http://ja.dbpedia.org/resource/コブシ>	"コブシ"@ja	<http://dbpedia.org/ontology/Species>	<http://ja.dbpedia.org/property/木>	"木"@ja	<http://ja.wikipedia.org/wiki/コブシ>	<http://wikidata.dbpedia.org/resource/Q942409>
<http://ja.dbpedia.org/resource/ヤマツツジ>	"ヤマツツジ"@ja	<http://dbpedia.org/ontology/Species>	<http://ja.dbpedia.org/property/花>	"花"@ja	<http://ja.wikipedia.org/wiki/ヤマツツジ>	<http://wikidata.dbpedia.org/resource/Q11345163>
<http://ja.dbpedia.org/resource/ヤマツツジ>	"ヤマツツジ"@ja	<http://dbpedia.org/ontology/Eukaryote>	<http://ja.dbpedia.org/property/花>	"花"@ja	<http://ja.wikipedia.org/wiki/ヤマツツジ>	<http://wikidata.dbpedia.org/resource/Q11345163>
<http://ja.dbpedia.org/resource/ヤマツツジ>	"ヤマツツジ"@ja	<http://dbpedia.org/ontology/Plant>	<http://ja.dbpedia.org/property/花>	"花"@ja	<http://ja.wikipedia.org/wiki/ヤマツツジ>	<http://wikidata.dbpedia.org/resource/Q11345163>
<http://ja.dbpedia.org/resource/厚真ダム>	"厚真ダム"@ja	<http://dbpedia.org/ontology/Infrastructure>	<http://ja.dbpedia.org/property/画像の説明>	"画像の説明"@ja	<http://ja.wikipedia.org/wiki/厚真ダム>	<http://wikidata.dbpedia.org/resource/Q11409318>
<http://ja.dbpedia.org/resource/厚真ダム>	"厚真ダム"@ja	<http://dbpedia.org/ontology/ArchitecturalStructure>	<http://ja.dbpedia.org/property/画像の説明>	"画像の説明"@ja	<http://ja.wikipedia.org/wiki/厚真ダム>	<http://wikidata.dbpedia.org/resource/Q11409318>
<http://ja.dbpedia.org/resource/厚真ダム>	"厚真ダム"@ja	<http://dbpedia.org/ontology/Dam>	<http://ja.dbpedia.org/property/画像の説明>	"画像の説明"@ja	<http://ja.wikipedia.org/wiki/厚真ダム>	<http://wikidata.dbpedia.org/resource/Q11409318>
<http://ja.dbpedia.org/resource/夕張市>	"夕張市"@ja	<http://dbpedia.org/ontology/City>	<http://ja.dbpedia.org/property/northeast>	"Northeast"@ja	<http://ja.wikipedia.org/wiki/夕張市>	<http://wikidata.dbpedia.org/resource/Q637145>
<http://ja.dbpedia.org/resource/夕張市>	"夕張市"@ja	<http://dbpedia.org/ontology/PopulatedPlace>	<http://ja.dbpedia.org/property/northeast>	"Northeast"@ja	<http://ja.wikipedia.org/wiki/夕張市>	<http://wikidata.dbpedia.org/resource/Q637145>
<http://ja.dbpedia.org/resource/夕張市>	"夕張市"@ja	<http://dbpedia.org/ontology/Place>	<http://ja.dbpedia.org/property/northeast>	"Northeast"@ja	<http://ja.wikipedia.org/wiki/夕張市>	<http://wikidata.dbpedia.org/resource/Q637145>
<http://ja.dbpedia.org/resource/夕張市>	"夕張市"@ja	<http://dbpedia.org/ontology/Location>	<http://ja.dbpedia.org/property/northeast>	"Northeast"@ja	<http://ja.wikipedia.org/wiki/夕張市>	<http://wikidata.dbpedia.org/resource/Q637145>
<http://ja.dbpedia.org/resource/夕張市>	"夕張市"@ja	<http://dbpedia.org/ontology/Settlement>	<http://ja.dbpedia.org/property/northeast>	"Northeast"@ja	<http://ja.wikipedia.org/wiki/夕張市>	<http://wikidata.dbpedia.org/resource/Q637145>
<http://ja.dbpedia.org/resource/安平町>	"安平町"@ja	<http://dbpedia.org/ontology/City>	<http://ja.dbpedia.org/property/northwest>	"Northwest"@ja	<http://ja.wikipedia.org/wiki/安平町>	<http://wikidata.dbpedia.org/resource/Q1354084>
<http://ja.dbpedia.org/resource/安平町>	"安平町"@ja	<http://dbpedia.org/ontology/PopulatedPlace>	<http://ja.dbpedia.org/property/northwest>	"Northwest"@ja	<http://ja.wikipedia.org/wiki/安平町>	<http://wikidata.dbpedia.org/resource/Q1354084>
<http://ja.dbpedia.org/resource/安平町>	"安平町"@ja	<http://dbpedia.org/ontology/Location>	<http://ja.dbpedia.org/property/northwest>	"Northwest"@ja	<http://ja.wikipedia.org/wiki/安平町>	<http://wikidata.dbpedia.org/resource/Q1354084>
<http://ja.dbpedia.org/resource/安平町>	"安平町"@ja	<http://dbpedia.org/ontology/Settlement>	<http://ja.dbpedia.org/property/northwest>	"Northwest"@ja	<http://ja.wikipedia.org/wiki/安平町>	<http://wikidata.dbpedia.org/resource/Q1354084>
<http://ja.dbpedia.org/resource/安平町>	"安平町"@ja	<http://dbpedia.org/ontology/Place>	<http://ja.dbpedia.org/property/northwest>	"Northwest"@ja	<http://ja.wikipedia.org/wiki/安平町>	<http://wikidata.dbpedia.org/resource/Q1354084>
<http://ja.dbpedia.org/resource/由仁町>	"由仁町"@ja	<http://dbpedia.org/ontology/Settlement>	<http://ja.dbpedia.org/property/north>	"North"@ja	<http://ja.wikipedia.org/wiki/由仁町>	<http://wikidata.dbpedia.org/resource/Q1355570>
<http://ja.dbpedia.org/resource/由仁町>	"由仁町"@ja	<http://dbpedia.org/ontology/PopulatedPlace>	<http://ja.dbpedia.org/property/north>	"North"@ja	<http://ja.wikipedia.org/wiki/由仁町>	<http://wikidata.dbpedia.org/resource/Q1355570>
<http://ja.dbpedia.org/resource/由仁町>	"由仁町"@ja	<http://dbpedia.org/ontology/Place>	<http://ja.dbpedia.org/property/north>	"North"@ja	<http://ja.wikipedia.org/wiki/由仁町>	<http://wikidata.dbpedia.org/resource/Q1355570>
<http://ja.dbpedia.org/resource/由仁町>	"由仁町"@ja	<http://dbpedia.org/ontology/City>	<http://ja.dbpedia.org/property/north>	"North"@ja	<http://ja.wikipedia.org/wiki/由仁町>	<http://wikidata.dbpedia.org/resource/Q1355570>
<http://ja.dbpedia.org/resource/由仁町>	"由仁町"@ja	<http://dbpedia.org/ontology/Location>	<http://ja.dbpedia.org/property/north>	"North"@ja	<http://ja.wikipedia.org/wiki/由仁町>	<http://wikidata.dbpedia.org/resource/Q1355570>
<http://ja.dbpedia.org/resource/苫小牧市>	"苫小牧市"@ja	<http://dbpedia.org/ontology/Settlement>	<http://ja.dbpedia.org/property/west>	"West"@ja	<http://ja.wikipedia.org/wiki/苫小牧市>	<http://wikidata.dbpedia.org/resource/Q390413>
<http://ja.dbpedia.org/resource/苫小牧市>	"苫小牧市"@ja	<http://dbpedia.org/ontology/Place>	<http://ja.dbpedia.org/property/west>	"West"@ja	<http://ja.wikipedia.org/wiki/苫小牧市>	<http://wikidata.dbpedia.org/resource/Q390413>
<http://ja.dbpedia.org/resource/苫小牧市>	"苫小牧市"@ja	<http://dbpedia.org/ontology/City>	<http://ja.dbpedia.org/property/west>	"West"@ja	<http://ja.wikipedia.org/wiki/苫小牧市>	<http://wikidata.dbpedia.org/resource/Q390413>
<http://ja.dbpedia.org/resource/苫小牧市>	"苫小牧市"@ja	<http://dbpedia.org/ontology/PopulatedPlace>	<http://ja.dbpedia.org/property/west>	"West"@ja	<http://ja.wikipedia.org/wiki/苫小牧市>	<http://wikidata.dbpedia.org/resource/Q390413>
<http://ja.dbpedia.org/resource/苫小牧市>	"苫小牧市"@ja	<http://dbpedia.org/ontology/Location>	<http://ja.dbpedia.org/property/west>	"West"@ja	<http://ja.wikipedia.org/wiki/苫小牧市>	<http://wikidata.dbpedia.org/resource/Q390413>
