?s	?sLabel	?type	?p	?pLabel	?jwiki	?wd
<http://ja.dbpedia.org/resource/サクラ>	"サクラ"@ja	<http://dbpedia.org/ontology/Species>	<http://ja.dbpedia.org/property/木>	"木"@ja	<http://ja.wikipedia.org/wiki/サクラ>	<http://wikidata.dbpedia.org/resource/Q871991>
<http://ja.dbpedia.org/resource/スミレ>	"スミレ"@ja	<http://dbpedia.org/ontology/Species>	<http://ja.dbpedia.org/property/花>	"花"@ja	<http://ja.wikipedia.org/wiki/スミレ>	<http://wikidata.dbpedia.org/resource/Q5369958>
<http://ja.dbpedia.org/resource/ツツジ>	"ツツジ"@ja	<http://dbpedia.org/ontology/Species>	<http://ja.dbpedia.org/property/花>	"花"@ja	<http://ja.wikipedia.org/wiki/ツツジ>	<http://wikidata.dbpedia.org/resource/Q189393>
<http://ja.dbpedia.org/resource/ナナカマド>	"ナナカマド"@ja	<http://dbpedia.org/ontology/Species>	<http://ja.dbpedia.org/property/木>	"木"@ja	<http://ja.wikipedia.org/wiki/ナナカマド>	<http://wikidata.dbpedia.org/resource/Q1210209>
