?s	?sLabel	?type	?p	?pLabel	?jwiki	?wd
<http://ja.dbpedia.org/resource/鶴の湯温泉_(北海道)>	"鶴の湯温泉"@ja	<http://dbpedia.org/ontology/NaturalPlace>	<http://ja.dbpedia.org/property/画像の説明>	"画像の説明"@ja	<http://ja.wikipedia.org/wiki/鶴の湯温泉_(北海道)>	<http://wikidata.dbpedia.org/resource/Q11675862>
<http://ja.dbpedia.org/resource/鶴の湯温泉_(北海道)>	"鶴の湯温泉 (北海道)"@ja	<http://dbpedia.org/ontology/Place>	<http://ja.dbpedia.org/property/画像の説明>	"画像の説明"@ja	<http://ja.wikipedia.org/wiki/鶴の湯温泉_(北海道)>	<http://wikidata.dbpedia.org/resource/Q11675862>
<http://ja.dbpedia.org/resource/鶴の湯温泉_(北海道)>	"鶴の湯温泉"@ja	<http://dbpedia.org/ontology/HotSpring>	<http://ja.dbpedia.org/property/画像の説明>	"画像の説明"@ja	<http://ja.wikipedia.org/wiki/鶴の湯温泉_(北海道)>	<http://wikidata.dbpedia.org/resource/Q11675862>
<http://ja.dbpedia.org/resource/鶴の湯温泉_(北海道)>	"鶴の湯温泉"@ja	<http://dbpedia.org/ontology/Location>	<http://ja.dbpedia.org/property/画像の説明>	"画像の説明"@ja	<http://ja.wikipedia.org/wiki/鶴の湯温泉_(北海道)>	<http://wikidata.dbpedia.org/resource/Q11675862>
<http://ja.dbpedia.org/resource/鶴の湯温泉_(北海道)>	"鶴の湯温泉 (北海道)"@ja	<http://dbpedia.org/ontology/HotSpring>	<http://ja.dbpedia.org/property/画像の説明>	"画像の説明"@ja	<http://ja.wikipedia.org/wiki/鶴の湯温泉_(北海道)>	<http://wikidata.dbpedia.org/resource/Q11675862>
<http://ja.dbpedia.org/resource/鶴の湯温泉_(北海道)>	"鶴の湯温泉 (北海道)"@ja	<http://dbpedia.org/ontology/Location>	<http://ja.dbpedia.org/property/画像の説明>	"画像の説明"@ja	<http://ja.wikipedia.org/wiki/鶴の湯温泉_(北海道)>	<http://wikidata.dbpedia.org/resource/Q11675862>
<http://ja.dbpedia.org/resource/鶴の湯温泉_(北海道)>	"鶴の湯温泉"@ja	<http://dbpedia.org/ontology/Place>	<http://ja.dbpedia.org/property/画像の説明>	"画像の説明"@ja	<http://ja.wikipedia.org/wiki/鶴の湯温泉_(北海道)>	<http://wikidata.dbpedia.org/resource/Q11675862>
<http://ja.dbpedia.org/resource/鶴の湯温泉_(北海道)>	"鶴の湯温泉 (北海道)"@ja	<http://dbpedia.org/ontology/NaturalPlace>	<http://ja.dbpedia.org/property/画像の説明>	"画像の説明"@ja	<http://ja.wikipedia.org/wiki/鶴の湯温泉_(北海道)>	<http://wikidata.dbpedia.org/resource/Q11675862>
