?s	?sLabel	?type	?p	?pLabel	?jwiki	?wd
<http://ja.dbpedia.org/resource/チューリップ>	"チューリップ"@ja	<http://dbpedia.org/ontology/Species>	<http://ja.dbpedia.org/property/花>	"花"@ja	<http://ja.wikipedia.org/wiki/チューリップ>	<http://wikidata.dbpedia.org/resource/Q93201>
<http://ja.dbpedia.org/resource/ライチョウ>	"ライチョウ"@ja	<http://dbpedia.org/ontology/Species>	<http://ja.dbpedia.org/property/鳥>	"鳥"@ja	<http://ja.wikipedia.org/wiki/ライチョウ>	<http://wikidata.dbpedia.org/resource/Q205930>
<http://ja.dbpedia.org/resource/岐阜県>	"岐阜県"@ja	<http://dbpedia.org/ontology/Location>	<http://ja.dbpedia.org/property/south>	"South"@ja	<http://ja.wikipedia.org/wiki/岐阜県>	<http://wikidata.dbpedia.org/resource/Q131277>
<http://ja.dbpedia.org/resource/岐阜県>	"岐阜県"@ja	<http://dbpedia.org/ontology/Region>	<http://ja.dbpedia.org/property/south>	"South"@ja	<http://ja.wikipedia.org/wiki/岐阜県>	<http://wikidata.dbpedia.org/resource/Q131277>
<http://ja.dbpedia.org/resource/岐阜県>	"岐阜県"@ja	<http://dbpedia.org/ontology/Place>	<http://ja.dbpedia.org/property/south>	"South"@ja	<http://ja.wikipedia.org/wiki/岐阜県>	<http://wikidata.dbpedia.org/resource/Q131277>
<http://ja.dbpedia.org/resource/岐阜県>	"岐阜県"@ja	<http://dbpedia.org/ontology/AdministrativeRegion>	<http://ja.dbpedia.org/property/south>	"South"@ja	<http://ja.wikipedia.org/wiki/岐阜県>	<http://wikidata.dbpedia.org/resource/Q131277>
<http://ja.dbpedia.org/resource/岐阜県>	"岐阜県"@ja	<http://dbpedia.org/ontology/PopulatedPlace>	<http://ja.dbpedia.org/property/south>	"South"@ja	<http://ja.wikipedia.org/wiki/岐阜県>	<http://wikidata.dbpedia.org/resource/Q131277>
<http://ja.dbpedia.org/resource/新潟県>	"新潟県"@ja	<http://dbpedia.org/ontology/AdministrativeRegion>	<http://ja.dbpedia.org/property/northeast>	"Northeast"@ja	<http://ja.wikipedia.org/wiki/新潟県>	<http://wikidata.dbpedia.org/resource/Q132705>
<http://ja.dbpedia.org/resource/新潟県>	"新潟県"@ja	<http://dbpedia.org/ontology/Place>	<http://ja.dbpedia.org/property/northeast>	"Northeast"@ja	<http://ja.wikipedia.org/wiki/新潟県>	<http://wikidata.dbpedia.org/resource/Q132705>
<http://ja.dbpedia.org/resource/新潟県>	"新潟県"@ja	<http://dbpedia.org/ontology/Location>	<http://ja.dbpedia.org/property/northeast>	"Northeast"@ja	<http://ja.wikipedia.org/wiki/新潟県>	<http://wikidata.dbpedia.org/resource/Q132705>
<http://ja.dbpedia.org/resource/新潟県>	"新潟県"@ja	<http://dbpedia.org/ontology/PopulatedPlace>	<http://ja.dbpedia.org/property/northeast>	"Northeast"@ja	<http://ja.wikipedia.org/wiki/新潟県>	<http://wikidata.dbpedia.org/resource/Q132705>
<http://ja.dbpedia.org/resource/新潟県>	"新潟県"@ja	<http://dbpedia.org/ontology/Region>	<http://ja.dbpedia.org/property/northeast>	"Northeast"@ja	<http://ja.wikipedia.org/wiki/新潟県>	<http://wikidata.dbpedia.org/resource/Q132705>
<http://ja.dbpedia.org/resource/石川県>	"石川県"@ja	<http://dbpedia.org/ontology/Region>	<http://ja.dbpedia.org/property/before>	"before"@ja	<http://ja.wikipedia.org/wiki/石川県>	<http://wikidata.dbpedia.org/resource/Q131281>
<http://ja.dbpedia.org/resource/石川県>	"石川県"@ja	<http://dbpedia.org/ontology/Location>	<http://ja.dbpedia.org/property/before>	"before"@ja	<http://ja.wikipedia.org/wiki/石川県>	<http://wikidata.dbpedia.org/resource/Q131281>
<http://ja.dbpedia.org/resource/石川県>	"石川県"@ja	<http://dbpedia.org/ontology/PopulatedPlace>	<http://ja.dbpedia.org/property/before>	"before"@ja	<http://ja.wikipedia.org/wiki/石川県>	<http://wikidata.dbpedia.org/resource/Q131281>
<http://ja.dbpedia.org/resource/石川県>	"石川県"@ja	<http://dbpedia.org/ontology/Location>	<http://ja.dbpedia.org/property/west>	"West"@ja	<http://ja.wikipedia.org/wiki/石川県>	<http://wikidata.dbpedia.org/resource/Q131281>
<http://ja.dbpedia.org/resource/石川県>	"石川県"@ja	<http://dbpedia.org/ontology/AdministrativeRegion>	<http://ja.dbpedia.org/property/before>	"before"@ja	<http://ja.wikipedia.org/wiki/石川県>	<http://wikidata.dbpedia.org/resource/Q131281>
<http://ja.dbpedia.org/resource/石川県>	"石川県"@ja	<http://dbpedia.org/ontology/Place>	<http://ja.dbpedia.org/property/before>	"before"@ja	<http://ja.wikipedia.org/wiki/石川県>	<http://wikidata.dbpedia.org/resource/Q131281>
<http://ja.dbpedia.org/resource/石川県>	"石川県"@ja	<http://dbpedia.org/ontology/Region>	<http://ja.dbpedia.org/property/west>	"West"@ja	<http://ja.wikipedia.org/wiki/石川県>	<http://wikidata.dbpedia.org/resource/Q131281>
<http://ja.dbpedia.org/resource/石川県>	"石川県"@ja	<http://dbpedia.org/ontology/PopulatedPlace>	<http://ja.dbpedia.org/property/west>	"West"@ja	<http://ja.wikipedia.org/wiki/石川県>	<http://wikidata.dbpedia.org/resource/Q131281>
<http://ja.dbpedia.org/resource/石川県>	"石川県"@ja	<http://dbpedia.org/ontology/Place>	<http://ja.dbpedia.org/property/west>	"West"@ja	<http://ja.wikipedia.org/wiki/石川県>	<http://wikidata.dbpedia.org/resource/Q131281>
<http://ja.dbpedia.org/resource/石川県>	"石川県"@ja	<http://dbpedia.org/ontology/AdministrativeRegion>	<http://ja.dbpedia.org/property/west>	"West"@ja	<http://ja.wikipedia.org/wiki/石川県>	<http://wikidata.dbpedia.org/resource/Q131281>
<http://ja.dbpedia.org/resource/長野県>	"長野県"@ja	<http://dbpedia.org/ontology/Place>	<http://ja.dbpedia.org/property/east>	"East"@ja	<http://ja.wikipedia.org/wiki/長野県>	<http://wikidata.dbpedia.org/resource/Q127877>
<http://ja.dbpedia.org/resource/長野県>	"長野県"@ja	<http://dbpedia.org/ontology/AdministrativeRegion>	<http://ja.dbpedia.org/property/east>	"East"@ja	<http://ja.wikipedia.org/wiki/長野県>	<http://wikidata.dbpedia.org/resource/Q127877>
<http://ja.dbpedia.org/resource/長野県>	"長野県"@ja	<http://dbpedia.org/ontology/Location>	<http://ja.dbpedia.org/property/east>	"East"@ja	<http://ja.wikipedia.org/wiki/長野県>	<http://wikidata.dbpedia.org/resource/Q127877>
<http://ja.dbpedia.org/resource/長野県>	"長野県"@ja	<http://dbpedia.org/ontology/Region>	<http://ja.dbpedia.org/property/east>	"East"@ja	<http://ja.wikipedia.org/wiki/長野県>	<http://wikidata.dbpedia.org/resource/Q127877>
<http://ja.dbpedia.org/resource/長野県>	"長野県"@ja	<http://dbpedia.org/ontology/PopulatedPlace>	<http://ja.dbpedia.org/property/east>	"East"@ja	<http://ja.wikipedia.org/wiki/長野県>	<http://wikidata.dbpedia.org/resource/Q127877>
