?s	?sLabel	?type	?p	?pLabel	?jwiki	?wd
<http://ja.dbpedia.org/resource/アカゲラ>	"アカゲラ"@ja	<http://dbpedia.org/ontology/Species>	<http://ja.dbpedia.org/property/鳥など>	"鳥など"@ja	<http://ja.wikipedia.org/wiki/アカゲラ>	<http://wikidata.dbpedia.org/resource/Q26209>
<http://ja.dbpedia.org/resource/カツラ_(植物)>	"カツラ (植物)"@ja	<http://dbpedia.org/ontology/Species>	<http://ja.dbpedia.org/property/木>	"木"@ja	<http://ja.wikipedia.org/wiki/カツラ_(植物)>	<http://wikidata.dbpedia.org/resource/Q526549>
<http://ja.dbpedia.org/resource/スズラン>	"スズラン"@ja	<http://dbpedia.org/ontology/Species>	<http://ja.dbpedia.org/property/花>	"花"@ja	<http://ja.wikipedia.org/wiki/スズラン>	<http://wikidata.dbpedia.org/resource/Q101711>
<http://ja.dbpedia.org/resource/二風谷アイヌ文化博物館>	"二風谷アイヌ文化博物館"@ja	<http://dbpedia.org/ontology/Building>	<http://ja.dbpedia.org/property/画像の説明>	"画像の説明"@ja	<http://ja.wikipedia.org/wiki/二風谷アイヌ文化博物館>	<http://wikidata.dbpedia.org/resource/Q11371926>
<http://ja.dbpedia.org/resource/二風谷アイヌ文化博物館>	"二風谷アイヌ文化博物館"@ja	<http://dbpedia.org/ontology/Museum>	<http://ja.dbpedia.org/property/画像の説明>	"画像の説明"@ja	<http://ja.wikipedia.org/wiki/二風谷アイヌ文化博物館>	<http://wikidata.dbpedia.org/resource/Q11371926>
<http://ja.dbpedia.org/resource/二風谷アイヌ文化博物館>	"二風谷アイヌ文化博物館"@ja	<http://dbpedia.org/ontology/ArchitecturalStructure>	<http://ja.dbpedia.org/property/画像の説明>	"画像の説明"@ja	<http://ja.wikipedia.org/wiki/二風谷アイヌ文化博物館>	<http://wikidata.dbpedia.org/resource/Q11371926>
