?s	?sLabel	?type	?p	?pLabel	?jwiki	?wd
<http://ja.dbpedia.org/resource/ツツジ>	"ツツジ"@ja	<http://dbpedia.org/ontology/Species>	<http://ja.dbpedia.org/property/花>	"花"@ja	<http://ja.wikipedia.org/wiki/ツツジ>	<http://wikidata.dbpedia.org/resource/Q189393>
<http://ja.dbpedia.org/resource/道の駅サラブレッドロード新冠>	"道の駅サラブレッドロード新冠"@ja	<http://dbpedia.org/ontology/Infrastructure>	<http://ja.dbpedia.org/property/画像の説明>	"画像の説明"@ja	<http://ja.wikipedia.org/wiki/道の駅サラブレッドロード新冠>	<http://wikidata.dbpedia.org/resource/Q11641029>
<http://ja.dbpedia.org/resource/道の駅サラブレッドロード新冠>	"道の駅サラブレッドロード新冠"@ja	<http://dbpedia.org/ontology/Station>	<http://ja.dbpedia.org/property/画像の説明>	"画像の説明"@ja	<http://ja.wikipedia.org/wiki/道の駅サラブレッドロード新冠>	<http://wikidata.dbpedia.org/resource/Q11641029>
<http://ja.dbpedia.org/resource/道の駅サラブレッドロード新冠>	"道の駅サラブレッドロード新冠"@ja	<http://dbpedia.org/ontology/ArchitecturalStructure>	<http://ja.dbpedia.org/property/画像の説明>	"画像の説明"@ja	<http://ja.wikipedia.org/wiki/道の駅サラブレッドロード新冠>	<http://wikidata.dbpedia.org/resource/Q11641029>
