?s	?sLabel	?type	?p	?pLabel	?jwiki	?wd
<http://ja.dbpedia.org/resource/ゴヨウマツ>	"ゴヨウマツ"@ja	<http://dbpedia.org/ontology/Species>	<http://ja.dbpedia.org/property/木>	"木"@ja	<http://ja.wikipedia.org/wiki/ゴヨウマツ>	<http://wikidata.dbpedia.org/resource/Q178116>
<http://ja.dbpedia.org/resource/ツツジ>	"ツツジ"@ja	<http://dbpedia.org/ontology/Species>	<http://ja.dbpedia.org/property/花>	"花"@ja	<http://ja.wikipedia.org/wiki/ツツジ>	<http://wikidata.dbpedia.org/resource/Q189393>
<http://ja.dbpedia.org/resource/北海道>	"北海道"@ja	<http://dbpedia.org/ontology/PopulatedPlace>	<http://ja.dbpedia.org/property/地方>	"地方"@ja	<http://ja.wikipedia.org/wiki/北海道>	<http://wikidata.dbpedia.org/resource/Q35581>
<http://ja.dbpedia.org/resource/北海道>	"北海道"@ja	<http://dbpedia.org/ontology/Region>	<http://ja.dbpedia.org/property/地方>	"地方"@ja	<http://ja.wikipedia.org/wiki/北海道>	<http://wikidata.dbpedia.org/resource/Q35581>
<http://ja.dbpedia.org/resource/北海道>	"北海道"@ja	<http://dbpedia.org/ontology/Place>	<http://ja.dbpedia.org/property/地方>	"地方"@ja	<http://ja.wikipedia.org/wiki/北海道>	<http://wikidata.dbpedia.org/resource/Q35581>
<http://ja.dbpedia.org/resource/北海道>	"北海道"@ja	<http://dbpedia.org/ontology/Location>	<http://ja.dbpedia.org/property/地方>	"地方"@ja	<http://ja.wikipedia.org/wiki/北海道>	<http://wikidata.dbpedia.org/resource/Q35581>
<http://ja.dbpedia.org/resource/北海道>	"北海道"@ja	<http://dbpedia.org/ontology/AdministrativeRegion>	<http://ja.dbpedia.org/property/地方>	"地方"@ja	<http://ja.wikipedia.org/wiki/北海道>	<http://wikidata.dbpedia.org/resource/Q35581>
