?s	?sLabel	?type	?p	?pLabel	?jwiki	?wd
<http://ja.dbpedia.org/resource/ハクサンシャクナゲ>	"ハクサンシャクナゲ"@ja	<http://dbpedia.org/ontology/Plant>	<http://ja.dbpedia.org/property/花>	"花"@ja	<http://ja.wikipedia.org/wiki/ハクサンシャクナゲ>	<http://wikidata.dbpedia.org/resource/Q4396004>
<http://ja.dbpedia.org/resource/ハクサンシャクナゲ>	"ハクサンシャクナゲ"@ja	<http://dbpedia.org/ontology/Eukaryote>	<http://ja.dbpedia.org/property/花>	"花"@ja	<http://ja.wikipedia.org/wiki/ハクサンシャクナゲ>	<http://wikidata.dbpedia.org/resource/Q4396004>
<http://ja.dbpedia.org/resource/ハクサンシャクナゲ>	"ハクサンシャクナゲ"@ja	<http://dbpedia.org/ontology/Species>	<http://ja.dbpedia.org/property/花>	"花"@ja	<http://ja.wikipedia.org/wiki/ハクサンシャクナゲ>	<http://wikidata.dbpedia.org/resource/Q4396004>
<http://ja.dbpedia.org/resource/ハクサンシャクナゲ>	"ハクサンシャクナゲ"@ja	<http://dbpedia.org/ontology/FloweringPlant>	<http://ja.dbpedia.org/property/花>	"花"@ja	<http://ja.wikipedia.org/wiki/ハクサンシャクナゲ>	<http://wikidata.dbpedia.org/resource/Q4396004>
